instance_id,onnx,vnnlib,timeout,result,domains_visited,bab_time,all_time,init_unstable,lb_len,lb_num_finite,lb_min_finite,lb_argmin_finite,lb_any_neg_finite,image,tag,segment_index,k,eps,model,is_global,score,bbox,num_changed,num_fixed,total,percent_changed,pattern
1,onnx/CIFAR100_resnet_large.onnx,vnnlib/resnet_large__label_10__idx_7516_global_k1024_eps_0.0039.vnnlib,100,timeout False,0.0,0.2529056072235107,103.11060976982117,3717,98,1,0.2395671606063842,77.0,False,resnet_large__label_10__idx_7516,global,-1,1024,0.0039,CIFAR100_resnet_large,True,,,3072,0,3072,100.0,random
2,onnx/CIFAR100_resnet_large.onnx,vnnlib/resnet_large__label_10__idx_7516_fix_mask_seg0_k1024_eps_0.0039.vnnlib,100,unsat True,,,2.694890260696411,0,0,0,,,False,resnet_large__label_10__idx_7516,fix_mask,0,1024,0.0039,CIFAR100_resnet_large,False,0.9276002049446106,"[0, 0, 31, 31]",207,2865,3072,6.73828125,random
3,onnx/CIFAR100_resnet_large.onnx,vnnlib/resnet_large__label_10__idx_7516_fix_nonmask_seg0_k1024_eps_0.0039.vnnlib,100,timeout False,0.0,0.2413437366485595,107.99884605407716,3575,98,0,,,False,resnet_large__label_10__idx_7516,fix_nonmask,0,1024,0.0039,CIFAR100_resnet_large,False,0.9276002049446106,"[0, 0, 31, 31]",2865,207,3072,93.26171875,random
4,onnx/CIFAR100_resnet_large.onnx,vnnlib/resnet_large__label_10__idx_8477_global_k1024_eps_0.0039.vnnlib,100,timeout False,0.0,0.2341418266296386,109.08977508544922,3738,98,0,,,False,resnet_large__label_10__idx_8477,global,-1,1024,0.0039,CIFAR100_resnet_large,True,,,3072,0,3072,100.0,random
5,onnx/CIFAR100_resnet_large.onnx,vnnlib/resnet_large__label_10__idx_8477_fix_mask_seg0_k1024_eps_0.0039.vnnlib,100,unsat True,,,3.64923357963562,0,0,0,,,False,resnet_large__label_10__idx_8477,fix_mask,0,1024,0.0039,CIFAR100_resnet_large,False,0.9435863494873048,"[0, 0, 31, 31]",177,2895,3072,5.76171875,random
6,onnx/CIFAR100_resnet_large.onnx,vnnlib/resnet_large__label_10__idx_8477_fix_nonmask_seg0_k1024_eps_0.0039.vnnlib,100,timeout False,0.0,0.2296693325042724,105.10542368888856,3599,98,0,,,False,resnet_large__label_10__idx_8477,fix_nonmask,0,1024,0.0039,CIFAR100_resnet_large,False,0.9435863494873048,"[0, 0, 31, 31]",2895,177,3072,94.23828125,random
7,onnx/CIFAR100_resnet_large.onnx,vnnlib/resnet_large__label_11__idx_3469_global_k1024_eps_0.0039.vnnlib,100,sat True,,,5.724989891052246,0,0,0,,,False,resnet_large__label_11__idx_3469,global,-1,1024,0.0039,CIFAR100_resnet_large,True,,,3072,0,3072,100.0,random
8,onnx/CIFAR100_resnet_large.onnx,vnnlib/resnet_large__label_11__idx_3469_fix_mask_seg0_k1024_eps_0.0039.vnnlib,100,unsat True,,,3.958812713623047,0,0,0,,,False,resnet_large__label_11__idx_3469,fix_mask,0,1024,0.0039,CIFAR100_resnet_large,False,0.7863373160362244,"[0, 0, 31, 31]",9,3063,3072,0.29296875,random
9,onnx/CIFAR100_resnet_large.onnx,vnnlib/resnet_large__label_11__idx_3469_fix_nonmask_seg0_k1024_eps_0.0039.vnnlib,100,sat True,,,5.886551141738892,0,0,0,,,False,resnet_large__label_11__idx_3469,fix_nonmask,0,1024,0.0039,CIFAR100_resnet_large,False,0.7863373160362244,"[0, 0, 31, 31]",3063,9,3072,99.70703125,random
10,onnx/CIFAR100_resnet_large.onnx,vnnlib/resnet_large__label_12__idx_6868_global_k1024_eps_0.0039.vnnlib,100,sat True,,,3.861179828643799,0,0,0,,,False,resnet_large__label_12__idx_6868,global,-1,1024,0.0039,CIFAR100_resnet_large,True,,,3072,0,3072,100.0,random
11,onnx/CIFAR100_resnet_large.onnx,vnnlib/resnet_large__label_12__idx_6868_fix_mask_seg0_k1024_eps_0.0039.vnnlib,100,unsat True,,,2.5837290287017822,0,0,0,,,False,resnet_large__label_12__idx_6868,fix_mask,0,1024,0.0039,CIFAR100_resnet_large,False,0.3810194432735443,"[0, 0, 31, 31]",0,3072,3072,0.0,random
12,onnx/CIFAR100_resnet_large.onnx,vnnlib/resnet_large__label_12__idx_6868_fix_nonmask_seg0_k1024_eps_0.0039.vnnlib,100,sat True,,,3.9901318550109854,0,0,0,,,False,resnet_large__label_12__idx_6868,fix_nonmask,0,1024,0.0039,CIFAR100_resnet_large,False,0.3810194432735443,"[0, 0, 31, 31]",3072,0,3072,100.0,random
13,onnx/CIFAR100_resnet_large.onnx,vnnlib/resnet_large__label_12__idx_8525_global_k1024_eps_0.0039.vnnlib,100,timeout False,0.0,0.2572579383850097,106.626779794693,2278,97,0,,,False,resnet_large__label_12__idx_8525,global,-1,1024,0.0039,CIFAR100_resnet_large,True,,,3072,0,3072,100.0,random
14,onnx/CIFAR100_resnet_large.onnx,vnnlib/resnet_large__label_12__idx_8525_fix_mask_seg0_k1024_eps_0.0039.vnnlib,100,unsat True,,,2.953975200653076,0,0,0,,,False,resnet_large__label_12__idx_8525,fix_mask,0,1024,0.0039,CIFAR100_resnet_large,False,0.7213395237922668,"[0, 0, 31, 31]",0,3072,3072,0.0,random
15,onnx/CIFAR100_resnet_large.onnx,vnnlib/resnet_large__label_12__idx_8525_fix_nonmask_seg0_k1024_eps_0.0039.vnnlib,100,timeout False,0.0,0.1522271633148193,101.0648148059845,2278,97,0,,,False,resnet_large__label_12__idx_8525,fix_nonmask,0,1024,0.0039,CIFAR100_resnet_large,False,0.7213395237922668,"[0, 0, 31, 31]",3072,0,3072,100.0,random
16,onnx/CIFAR100_resnet_large.onnx,vnnlib/resnet_large__label_13__idx_803_global_k1024_eps_0.0039.vnnlib,100,unsat False,0.0,0.2391896247863769,35.60950875282288,2965,98,0,,,False,resnet_large__label_13__idx_803,global,-1,1024,0.0039,CIFAR100_resnet_large,True,,,3072,0,3072,100.0,random
17,onnx/CIFAR100_resnet_large.onnx,vnnlib/resnet_large__label_13__idx_803_fix_mask_seg0_k1024_eps_0.0039.vnnlib,100,unsat True,,,2.728836297988892,0,0,0,,,False,resnet_large__label_13__idx_803,fix_mask,0,1024,0.0039,CIFAR100_resnet_large,False,0.5789956450462341,"[0, 0, 31, 31]",18,3054,3072,0.5859375,random
18,onnx/CIFAR100_resnet_large.onnx,vnnlib/resnet_large__label_13__idx_803_fix_nonmask_seg0_k1024_eps_0.0039.vnnlib,100,unsat False,0.0,0.1504974365234375,33.01394772529602,2947,98,0,,,False,resnet_large__label_13__idx_803,fix_nonmask,0,1024,0.0039,CIFAR100_resnet_large,False,0.5789956450462341,"[0, 0, 31, 31]",3054,18,3072,99.4140625,random
19,onnx/CIFAR100_resnet_large.onnx,vnnlib/resnet_large__label_17__idx_8201_global_k1024_eps_0.0039.vnnlib,100,unsat False,0.0,0.1485390663146972,33.32003426551819,2526,98,0,,,False,resnet_large__label_17__idx_8201,global,-1,1024,0.0039,CIFAR100_resnet_large,True,,,3072,0,3072,100.0,random
20,onnx/CIFAR100_resnet_large.onnx,vnnlib/resnet_large__label_17__idx_8201_fix_mask_seg0_k1024_eps_0.0039.vnnlib,100,unsat True,,,2.5461678504943848,0,0,0,,,False,resnet_large__label_17__idx_8201,fix_mask,0,1024,0.0039,CIFAR100_resnet_large,False,0.6052998304367065,"[0, 0, 31, 31]",0,3072,3072,0.0,random
21,onnx/CIFAR100_resnet_large.onnx,vnnlib/resnet_large__label_17__idx_8201_fix_nonmask_seg0_k1024_eps_0.0039.vnnlib,100,unsat False,0.0,0.2337203025817871,33.63493251800537,2526,98,0,,,False,resnet_large__label_17__idx_8201,fix_nonmask,0,1024,0.0039,CIFAR100_resnet_large,False,0.6052998304367065,"[0, 0, 31, 31]",3072,0,3072,100.0,random
22,onnx/CIFAR100_resnet_large.onnx,vnnlib/resnet_large__label_18__idx_1992_global_k1024_eps_0.0039.vnnlib,100,timeout False,0.0,0.1552240848541259,103.3517656326294,4076,98,0,,,False,resnet_large__label_18__idx_1992,global,-1,1024,0.0039,CIFAR100_resnet_large,True,,,3072,0,3072,100.0,random
23,onnx/CIFAR100_resnet_large.onnx,vnnlib/resnet_large__label_18__idx_1992_fix_mask_seg0_k1024_eps_0.0039.vnnlib,100,unsat True,,,4.918551445007324,0,0,0,,,False,resnet_large__label_18__idx_1992,fix_mask,0,1024,0.0039,CIFAR100_resnet_large,False,0.4473094940185547,"[0, 0, 31, 31]",0,3072,3072,0.0,random
24,onnx/CIFAR100_resnet_large.onnx,vnnlib/resnet_large__label_18__idx_1992_fix_nonmask_seg0_k1024_eps_0.0039.vnnlib,100,timeout False,0.0,0.1522524356842041,103.21406650543211,4076,98,0,,,False,resnet_large__label_18__idx_1992,fix_nonmask,0,1024,0.0039,CIFAR100_resnet_large,False,0.4473094940185547,"[0, 0, 31, 31]",3072,0,3072,100.0,random
25,onnx/CIFAR100_resnet_large.onnx,vnnlib/resnet_large__label_18__idx_5863_global_k1024_eps_0.0039.vnnlib,100,timeout False,0.0,0.2312924861907959,100.66248106956482,2692,98,0,,,False,resnet_large__label_18__idx_5863,global,-1,1024,0.0039,CIFAR100_resnet_large,True,,,3072,0,3072,100.0,random
26,onnx/CIFAR100_resnet_large.onnx,vnnlib/resnet_large__label_18__idx_5863_fix_mask_seg0_k1024_eps_0.0039.vnnlib,100,unsat True,,,2.5722124576568604,0,0,0,,,False,resnet_large__label_18__idx_5863,fix_mask,0,1024,0.0039,CIFAR100_resnet_large,False,0.8389684557914734,"[0, 0, 31, 31]",0,3072,3072,0.0,random
27,onnx/CIFAR100_resnet_large.onnx,vnnlib/resnet_large__label_18__idx_5863_fix_nonmask_seg0_k1024_eps_0.0039.vnnlib,100,timeout False,0.0,0.1464345455169677,104.77170825004578,2692,98,0,,,False,resnet_large__label_18__idx_5863,fix_nonmask,0,1024,0.0039,CIFAR100_resnet_large,False,0.8389684557914734,"[0, 0, 31, 31]",3072,0,3072,100.0,random
28,onnx/CIFAR100_resnet_large.onnx,vnnlib/resnet_large__label_18__idx_75_global_k1024_eps_0.0039.vnnlib,100,timeout False,0.0,0.230769395828247,107.1592104434967,3174,98,1,0.0972994565963745,89.0,False,resnet_large__label_18__idx_75,global,-1,1024,0.0039,CIFAR100_resnet_large,True,,,3072,0,3072,100.0,random
29,onnx/CIFAR100_resnet_large.onnx,vnnlib/resnet_large__label_18__idx_75_fix_mask_seg0_k1024_eps_0.0039.vnnlib,100,unsat True,,,2.547261476516724,0,0,0,,,False,resnet_large__label_18__idx_75,fix_mask,0,1024,0.0039,CIFAR100_resnet_large,False,0.9115673303604126,"[0, 0, 31, 31]",0,3072,3072,0.0,random
30,onnx/CIFAR100_resnet_large.onnx,vnnlib/resnet_large__label_18__idx_75_fix_nonmask_seg0_k1024_eps_0.0039.vnnlib,100,timeout False,0.0,0.2236120700836181,106.39446878433228,3174,98,1,0.0972983837127685,89.0,False,resnet_large__label_18__idx_75,fix_nonmask,0,1024,0.0039,CIFAR100_resnet_large,False,0.9115673303604126,"[0, 0, 31, 31]",3072,0,3072,100.0,random
31,onnx/CIFAR100_resnet_large.onnx,vnnlib/resnet_large__label_18__idx_917_global_k1024_eps_0.0039.vnnlib,100,timeout False,0.0,0.1509675979614257,107.926176071167,3112,98,0,,,False,resnet_large__label_18__idx_917,global,-1,1024,0.0039,CIFAR100_resnet_large,True,,,3072,0,3072,100.0,random
32,onnx/CIFAR100_resnet_large.onnx,vnnlib/resnet_large__label_18__idx_917_fix_mask_seg0_k1024_eps_0.0039.vnnlib,100,unsat True,,,4.054365158081055,0,0,0,,,False,resnet_large__label_18__idx_917,fix_mask,0,1024,0.0039,CIFAR100_resnet_large,False,0.5619344711303711,"[0, 0, 31, 31]",0,3072,3072,0.0,random
33,onnx/CIFAR100_resnet_large.onnx,vnnlib/resnet_large__label_18__idx_917_fix_nonmask_seg0_k1024_eps_0.0039.vnnlib,100,timeout False,0.0,0.1496860980987548,108.33829545974731,3112,98,0,,,False,resnet_large__label_18__idx_917,fix_nonmask,0,1024,0.0039,CIFAR100_resnet_large,False,0.5619344711303711,"[0, 0, 31, 31]",3072,0,3072,100.0,random
34,onnx/CIFAR100_resnet_large.onnx,vnnlib/resnet_large__label_19__idx_1885_global_k1024_eps_0.0039.vnnlib,100,timeout False,0.0,0.1565892696380615,107.84325408935548,2718,98,2,0.0324810743331909,14.0,False,resnet_large__label_19__idx_1885,global,-1,1024,0.0039,CIFAR100_resnet_large,True,,,3072,0,3072,100.0,random
35,onnx/CIFAR100_resnet_large.onnx,vnnlib/resnet_large__label_19__idx_1885_fix_mask_seg0_k1024_eps_0.0039.vnnlib,100,unsat True,,,2.664897918701172,0,0,0,,,False,resnet_large__label_19__idx_1885,fix_mask,0,1024,0.0039,CIFAR100_resnet_large,False,0.6434741020202637,"[0, 0, 31, 31]",75,2997,3072,2.44140625,random
36,onnx/CIFAR100_resnet_large.onnx,vnnlib/resnet_large__label_19__idx_1885_fix_nonmask_seg0_k1024_eps_0.0039.vnnlib,100,timeout False,0.0,0.2408714294433593,104.4063413143158,2689,98,2,0.0431759655475616,14.0,False,resnet_large__label_19__idx_1885,fix_nonmask,0,1024,0.0039,CIFAR100_resnet_large,False,0.6434741020202637,"[0, 0, 31, 31]",2997,75,3072,97.55859375,random
37,onnx/CIFAR100_resnet_large.onnx,vnnlib/resnet_large__label_19__idx_9413_global_k1024_eps_0.0039.vnnlib,100,unsat False,0.0,0.3454287052154541,36.027442932128906,3683,98,0,,,False,resnet_large__label_19__idx_9413,global,-1,1024,0.0039,CIFAR100_resnet_large,True,,,3072,0,3072,100.0,random
38,onnx/CIFAR100_resnet_large.onnx,vnnlib/resnet_large__label_19__idx_9413_fix_mask_seg0_k1024_eps_0.0039.vnnlib,100,unsat True,,,2.5399041175842285,0,0,0,,,False,resnet_large__label_19__idx_9413,fix_mask,0,1024,0.0039,CIFAR100_resnet_large,False,0.7553387880325317,"[0, 0, 31, 31]",0,3072,3072,0.0,random
39,onnx/CIFAR100_resnet_large.onnx,vnnlib/resnet_large__label_19__idx_9413_fix_nonmask_seg0_k1024_eps_0.0039.vnnlib,100,unsat False,0.0,0.1542580127716064,34.30360698699951,3683,98,0,,,False,resnet_large__label_19__idx_9413,fix_nonmask,0,1024,0.0039,CIFAR100_resnet_large,False,0.7553387880325317,"[0, 0, 31, 31]",3072,0,3072,100.0,random
40,onnx/CIFAR100_resnet_large.onnx,vnnlib/resnet_large__label_1__idx_8126_global_k1024_eps_0.0039.vnnlib,100,timeout False,0.0,0.2645442485809326,106.9996211528778,2268,97,0,,,False,resnet_large__label_1__idx_8126,global,-1,1024,0.0039,CIFAR100_resnet_large,True,,,3072,0,3072,100.0,random
41,onnx/CIFAR100_resnet_large.onnx,vnnlib/resnet_large__label_1__idx_8126_fix_mask_seg0_k1024_eps_0.0039.vnnlib,100,unsat True,,,3.694769859313965,0,0,0,,,False,resnet_large__label_1__idx_8126,fix_mask,0,1024,0.0039,CIFAR100_resnet_large,False,0.8960248827934265,"[0, 0, 31, 31]",0,3072,3072,0.0,random
42,onnx/CIFAR100_resnet_large.onnx,vnnlib/resnet_large__label_1__idx_8126_fix_nonmask_seg0_k1024_eps_0.0039.vnnlib,100,timeout False,0.0,0.2351806163787841,106.8364326953888,2268,97,0,,,False,resnet_large__label_1__idx_8126,fix_nonmask,0,1024,0.0039,CIFAR100_resnet_large,False,0.8960248827934265,"[0, 0, 31, 31]",3072,0,3072,100.0,random
43,onnx/CIFAR100_resnet_large.onnx,vnnlib/resnet_large__label_21__idx_2858_global_k1024_eps_0.0039.vnnlib,100,unsat False,0.0,0.2177033424377441,36.74970054626465,4199,97,0,,,False,resnet_large__label_21__idx_2858,global,-1,1024,0.0039,CIFAR100_resnet_large,True,,,3072,0,3072,100.0,random
44,onnx/CIFAR100_resnet_large.onnx,vnnlib/resnet_large__label_21__idx_2858_fix_mask_seg0_k1024_eps_0.0039.vnnlib,100,unsat True,,,2.7377731800079346,0,0,0,,,False,resnet_large__label_21__idx_2858,fix_mask,0,1024,0.0039,CIFAR100_resnet_large,False,0.806186854839325,"[0, 0, 31, 31]",48,3024,3072,1.5625,random
45,onnx/CIFAR100_resnet_large.onnx,vnnlib/resnet_large__label_21__idx_2858_fix_nonmask_seg0_k1024_eps_0.0039.vnnlib,100,unsat False,0.0,0.1529545783996582,33.71489143371582,4166,98,1,0.0023064613342285,33.0,False,resnet_large__label_21__idx_2858,fix_nonmask,0,1024,0.0039,CIFAR100_resnet_large,False,0.806186854839325,"[0, 0, 31, 31]",3024,48,3072,98.4375,random
46,onnx/CIFAR100_resnet_large.onnx,vnnlib/resnet_large__label_21__idx_9995_global_k1024_eps_0.0039.vnnlib,100,sat True,,,5.6167943477630615,0,0,0,,,False,resnet_large__label_21__idx_9995,global,-1,1024,0.0039,CIFAR100_resnet_large,True,,,3072,0,3072,100.0,random
47,onnx/CIFAR100_resnet_large.onnx,vnnlib/resnet_large__label_21__idx_9995_fix_mask_seg0_k1024_eps_0.0039.vnnlib,100,unsat True,,,2.626126527786255,0,0,0,,,False,resnet_large__label_21__idx_9995,fix_mask,0,1024,0.0039,CIFAR100_resnet_large,False,0.7802028059959412,"[0, 0, 31, 31]",69,3003,3072,2.24609375,random
48,onnx/CIFAR100_resnet_large.onnx,vnnlib/resnet_large__label_21__idx_9995_fix_nonmask_seg0_k1024_eps_0.0039.vnnlib,100,sat True,,,4.713540315628052,0,0,0,,,False,resnet_large__label_21__idx_9995,fix_nonmask,0,1024,0.0039,CIFAR100_resnet_large,False,0.7802028059959412,"[0, 0, 31, 31]",3003,69,3072,97.75390625,random
49,onnx/CIFAR100_resnet_large.onnx,vnnlib/resnet_large__label_22__idx_700_global_k1024_eps_0.0039.vnnlib,100,unsat False,0.0,0.2337124347686767,33.8776068687439,2836,98,0,,,False,resnet_large__label_22__idx_700,global,-1,1024,0.0039,CIFAR100_resnet_large,True,,,3072,0,3072,100.0,random
50,onnx/CIFAR100_resnet_large.onnx,vnnlib/resnet_large__label_22__idx_700_fix_mask_seg0_k1024_eps_0.0039.vnnlib,100,unsat True,,,2.792852640151977,0,0,0,,,False,resnet_large__label_22__idx_700,fix_mask,0,1024,0.0039,CIFAR100_resnet_large,False,0.8589620590209961,"[0, 0, 31, 31]",165,2907,3072,5.37109375,random
51,onnx/CIFAR100_resnet_large.onnx,vnnlib/resnet_large__label_22__idx_700_fix_nonmask_seg0_k1024_eps_0.0039.vnnlib,100,unsat False,0.0,0.1505544185638427,33.607367515563965,2780,98,0,,,False,resnet_large__label_22__idx_700,fix_nonmask,0,1024,0.0039,CIFAR100_resnet_large,False,0.8589620590209961,"[0, 0, 31, 31]",2907,165,3072,94.62890625,random
52,onnx/CIFAR100_resnet_large.onnx,vnnlib/resnet_large__label_25__idx_2209_global_k1024_eps_0.0039.vnnlib,100,unsat False,0.0,0.1477339267730713,33.03625011444092,4033,98,1,0.1753530502319336,0.0,False,resnet_large__label_25__idx_2209,global,-1,1024,0.0039,CIFAR100_resnet_large,True,,,3072,0,3072,100.0,random
53,onnx/CIFAR100_resnet_large.onnx,vnnlib/resnet_large__label_25__idx_2209_fix_mask_seg0_k1024_eps_0.0039.vnnlib,100,unsat True,,,2.5041909217834477,0,0,0,,,False,resnet_large__label_25__idx_2209,fix_mask,0,1024,0.0039,CIFAR100_resnet_large,False,0.855013906955719,"[0, 0, 31, 31]",27,3045,3072,0.87890625,random
54,onnx/CIFAR100_resnet_large.onnx,vnnlib/resnet_large__label_25__idx_2209_fix_nonmask_seg0_k1024_eps_0.0039.vnnlib,100,unsat False,0.0,0.1468756198883056,32.73679280281067,4024,98,1,0.1815662384033203,0.0,False,resnet_large__label_25__idx_2209,fix_nonmask,0,1024,0.0039,CIFAR100_resnet_large,False,0.855013906955719,"[0, 0, 31, 31]",3045,27,3072,99.12109375,random
55,onnx/CIFAR100_resnet_large.onnx,vnnlib/resnet_large__label_25__idx_2893_global_k1024_eps_0.0039.vnnlib,100,timeout False,0.0,0.1515986919403076,102.25580620765686,3139,98,0,,,False,resnet_large__label_25__idx_2893,global,-1,1024,0.0039,CIFAR100_resnet_large,True,,,3072,0,3072,100.0,random
56,onnx/CIFAR100_resnet_large.onnx,vnnlib/resnet_large__label_25__idx_2893_fix_mask_seg0_k1024_eps_0.0039.vnnlib,100,unsat True,,,4.234947919845581,0,0,0,,,False,resnet_large__label_25__idx_2893,fix_mask,0,1024,0.0039,CIFAR100_resnet_large,False,0.4774633944034576,"[0, 0, 31, 31]",39,3033,3072,1.26953125,random
57,onnx/CIFAR100_resnet_large.onnx,vnnlib/resnet_large__label_25__idx_2893_fix_nonmask_seg0_k1024_eps_0.0039.vnnlib,100,timeout False,0.0,0.151242971420288,102.93848371505736,3088,98,0,,,False,resnet_large__label_25__idx_2893,fix_nonmask,0,1024,0.0039,CIFAR100_resnet_large,False,0.4774633944034576,"[0, 0, 31, 31]",3033,39,3072,98.73046875,random
58,onnx/CIFAR100_resnet_large.onnx,vnnlib/resnet_large__label_26__idx_212_global_k1024_eps_0.0039.vnnlib,100,unsat False,0.0,0.1606976985931396,36.58693552017212,4082,98,3,0.0621604919433593,77.0,False,resnet_large__label_26__idx_212,global,-1,1024,0.0039,CIFAR100_resnet_large,True,,,3072,0,3072,100.0,random
59,onnx/CIFAR100_resnet_large.onnx,vnnlib/resnet_large__label_26__idx_212_fix_mask_seg0_k1024_eps_0.0039.vnnlib,100,unsat True,,,2.721559762954712,0,0,0,,,False,resnet_large__label_26__idx_212,fix_mask,0,1024,0.0039,CIFAR100_resnet_large,False,0.7894951105117798,"[0, 0, 31, 31]",45,3027,3072,1.46484375,random
60,onnx/CIFAR100_resnet_large.onnx,vnnlib/resnet_large__label_26__idx_212_fix_nonmask_seg0_k1024_eps_0.0039.vnnlib,100,unsat False,0.0,0.2296869754791259,37.83241963386536,4046,98,3,0.0717265605926513,77.0,False,resnet_large__label_26__idx_212,fix_nonmask,0,1024,0.0039,CIFAR100_resnet_large,False,0.7894951105117798,"[0, 0, 31, 31]",3027,45,3072,98.53515625,random
61,onnx/CIFAR100_resnet_large.onnx,vnnlib/resnet_large__label_26__idx_8903_global_k1024_eps_0.0039.vnnlib,100,timeout False,0.0,0.2337093353271484,101.556898355484,4233,96,0,,,False,resnet_large__label_26__idx_8903,global,-1,1024,0.0039,CIFAR100_resnet_large,True,,,3072,0,3072,100.0,random
62,onnx/CIFAR100_resnet_large.onnx,vnnlib/resnet_large__label_26__idx_8903_fix_mask_seg0_k1024_eps_0.0039.vnnlib,100,unsat True,,,3.6890697479248047,0,0,0,,,False,resnet_large__label_26__idx_8903,fix_mask,0,1024,0.0039,CIFAR100_resnet_large,False,0.8146324157714844,"[0, 0, 31, 31]",33,3039,3072,1.07421875,random
63,onnx/CIFAR100_resnet_large.onnx,vnnlib/resnet_large__label_26__idx_8903_fix_nonmask_seg0_k1024_eps_0.0039.vnnlib,100,timeout False,0.0,0.1557424068450927,108.4209132194519,4208,96,0,,,False,resnet_large__label_26__idx_8903,fix_nonmask,0,1024,0.0039,CIFAR100_resnet_large,False,0.8146324157714844,"[0, 0, 31, 31]",3039,33,3072,98.92578125,random
64,onnx/CIFAR100_resnet_large.onnx,vnnlib/resnet_large__label_27__idx_7106_global_k1024_eps_0.0039.vnnlib,100,unsat False,0.0,0.1488778591156005,86.98885846138,4205,97,0,,,False,resnet_large__label_27__idx_7106,global,-1,1024,0.0039,CIFAR100_resnet_large,True,,,3072,0,3072,100.0,random
65,onnx/CIFAR100_resnet_large.onnx,vnnlib/resnet_large__label_27__idx_7106_fix_mask_seg0_k1024_eps_0.0039.vnnlib,100,unsat True,,,3.0350446701049805,0,0,0,,,False,resnet_large__label_27__idx_7106,fix_mask,0,1024,0.0039,CIFAR100_resnet_large,False,0.8351606130599976,"[0, 0, 31, 31]",0,3072,3072,0.0,random
66,onnx/CIFAR100_resnet_large.onnx,vnnlib/resnet_large__label_27__idx_7106_fix_nonmask_seg0_k1024_eps_0.0039.vnnlib,100,unsat False,0.0,0.1519343852996826,83.85053420066833,4205,97,0,,,False,resnet_large__label_27__idx_7106,fix_nonmask,0,1024,0.0039,CIFAR100_resnet_large,False,0.8351606130599976,"[0, 0, 31, 31]",3072,0,3072,100.0,random
67,onnx/CIFAR100_resnet_large.onnx,vnnlib/resnet_large__label_29__idx_242_global_k1024_eps_0.0039.vnnlib,100,unsat False,0.0,0.1535959243774414,36.95722341537475,4136,96,2,0.1506147384643554,84.0,False,resnet_large__label_29__idx_242,global,-1,1024,0.0039,CIFAR100_resnet_large,True,,,3072,0,3072,100.0,random
68,onnx/CIFAR100_resnet_large.onnx,vnnlib/resnet_large__label_29__idx_242_fix_mask_seg0_k1024_eps_0.0039.vnnlib,100,unsat True,,,3.324380159378052,0,0,0,,,False,resnet_large__label_29__idx_242,fix_mask,0,1024,0.0039,CIFAR100_resnet_large,False,0.6770213842391968,"[0, 0, 31, 31]",21,3051,3072,0.68359375,random
69,onnx/CIFAR100_resnet_large.onnx,vnnlib/resnet_large__label_29__idx_242_fix_nonmask_seg0_k1024_eps_0.0039.vnnlib,100,unsat False,0.0,0.2392091751098632,40.06472897529602,4115,96,2,0.1556000709533691,84.0,False,resnet_large__label_29__idx_242,fix_nonmask,0,1024,0.0039,CIFAR100_resnet_large,False,0.6770213842391968,"[0, 0, 31, 31]",3051,21,3072,99.31640625,random
70,onnx/CIFAR100_resnet_large.onnx,vnnlib/resnet_large__label_2__idx_3801_global_k1024_eps_0.0039.vnnlib,100,sat True,,,4.817489385604858,0,0,0,,,False,resnet_large__label_2__idx_3801,global,-1,1024,0.0039,CIFAR100_resnet_large,True,,,3072,0,3072,100.0,random
71,onnx/CIFAR100_resnet_large.onnx,vnnlib/resnet_large__label_2__idx_3801_fix_mask_seg0_k1024_eps_0.0039.vnnlib,100,unsat True,,,3.3256640434265137,0,0,0,,,False,resnet_large__label_2__idx_3801,fix_mask,0,1024,0.0039,CIFAR100_resnet_large,False,0.842522382736206,"[0, 0, 31, 31]",48,3024,3072,1.5625,random
72,onnx/CIFAR100_resnet_large.onnx,vnnlib/resnet_large__label_2__idx_3801_fix_nonmask_seg0_k1024_eps_0.0039.vnnlib,100,sat True,,,5.479597091674805,0,0,0,,,False,resnet_large__label_2__idx_3801,fix_nonmask,0,1024,0.0039,CIFAR100_resnet_large,False,0.842522382736206,"[0, 0, 31, 31]",3024,48,3072,98.4375,random
73,onnx/CIFAR100_resnet_large.onnx,vnnlib/resnet_large__label_2__idx_972_global_k1024_eps_0.0039.vnnlib,100,unsat False,0.0,0.152942419052124,40.48383593559265,4325,97,1,0.1384193897247314,2.0,False,resnet_large__label_2__idx_972,global,-1,1024,0.0039,CIFAR100_resnet_large,True,,,3072,0,3072,100.0,random
74,onnx/CIFAR100_resnet_large.onnx,vnnlib/resnet_large__label_2__idx_972_fix_mask_seg0_k1024_eps_0.0039.vnnlib,100,unsat True,,,3.309111356735229,0,0,0,,,False,resnet_large__label_2__idx_972,fix_mask,0,1024,0.0039,CIFAR100_resnet_large,False,0.8435295820236206,"[0, 0, 31, 31]",186,2886,3072,6.0546875,random
75,onnx/CIFAR100_resnet_large.onnx,vnnlib/resnet_large__label_2__idx_972_fix_nonmask_seg0_k1024_eps_0.0039.vnnlib,100,unsat False,0.0,0.1511380672454834,36.52538418769837,4181,98,2,0.012088656425476,30.0,False,resnet_large__label_2__idx_972,fix_nonmask,0,1024,0.0039,CIFAR100_resnet_large,False,0.8435295820236206,"[0, 0, 31, 31]",2886,186,3072,93.9453125,random
76,onnx/CIFAR100_resnet_large.onnx,vnnlib/resnet_large__label_31__idx_3906_global_k1024_eps_0.0039.vnnlib,100,timeout False,0.0,0.2302842140197754,101.78576612472534,3638,98,0,,,False,resnet_large__label_31__idx_3906,global,-1,1024,0.0039,CIFAR100_resnet_large,True,,,3072,0,3072,100.0,random
77,onnx/CIFAR100_resnet_large.onnx,vnnlib/resnet_large__label_31__idx_3906_fix_mask_seg0_k1024_eps_0.0039.vnnlib,100,unsat True,,,2.9085583686828613,0,0,0,,,False,resnet_large__label_31__idx_3906,fix_mask,0,1024,0.0039,CIFAR100_resnet_large,False,0.2832130193710327,"[0, 0, 31, 31]",15,3057,3072,0.48828125,random
78,onnx/CIFAR100_resnet_large.onnx,vnnlib/resnet_large__label_31__idx_3906_fix_nonmask_seg0_k1024_eps_0.0039.vnnlib,100,timeout False,0.0,0.2928082942962646,100.9646542072296,3623,98,0,,,False,resnet_large__label_31__idx_3906,fix_nonmask,0,1024,0.0039,CIFAR100_resnet_large,False,0.2832130193710327,"[0, 0, 31, 31]",3057,15,3072,99.51171875,random
79,onnx/CIFAR100_resnet_large.onnx,vnnlib/resnet_large__label_31__idx_476_global_k1024_eps_0.0039.vnnlib,100,unsat False,0.0,0.1493902206420898,75.8495352268219,3423,98,0,,,False,resnet_large__label_31__idx_476,global,-1,1024,0.0039,CIFAR100_resnet_large,True,,,3072,0,3072,100.0,random
80,onnx/CIFAR100_resnet_large.onnx,vnnlib/resnet_large__label_31__idx_476_fix_mask_seg0_k1024_eps_0.0039.vnnlib,100,unsat True,,,3.2050435543060303,0,0,0,,,False,resnet_large__label_31__idx_476,fix_mask,0,1024,0.0039,CIFAR100_resnet_large,False,0.9072508215904236,"[0, 0, 31, 31]",0,3072,3072,0.0,random
81,onnx/CIFAR100_resnet_large.onnx,vnnlib/resnet_large__label_31__idx_476_fix_nonmask_seg0_k1024_eps_0.0039.vnnlib,100,unsat False,0.0,0.2315773963928222,81.03143525123596,3423,98,0,,,False,resnet_large__label_31__idx_476,fix_nonmask,0,1024,0.0039,CIFAR100_resnet_large,False,0.9072508215904236,"[0, 0, 31, 31]",3072,0,3072,100.0,random
82,onnx/CIFAR100_resnet_large.onnx,vnnlib/resnet_large__label_31__idx_4804_global_k1024_eps_0.0039.vnnlib,100,timeout False,0.0,0.1567521095275879,104.12795543670654,3695,98,0,,,False,resnet_large__label_31__idx_4804,global,-1,1024,0.0039,CIFAR100_resnet_large,True,,,3072,0,3072,100.0,random
83,onnx/CIFAR100_resnet_large.onnx,vnnlib/resnet_large__label_31__idx_4804_fix_mask_seg0_k1024_eps_0.0039.vnnlib,100,unsat True,,,3.327598810195923,0,0,0,,,False,resnet_large__label_31__idx_4804,fix_mask,0,1024,0.0039,CIFAR100_resnet_large,False,0.6725872755050659,"[0, 0, 31, 31]",3,3069,3072,0.09765625,random
84,onnx/CIFAR100_resnet_large.onnx,vnnlib/resnet_large__label_31__idx_4804_fix_nonmask_seg0_k1024_eps_0.0039.vnnlib,100,timeout False,0.0,0.266629695892334,101.15687823295592,3694,98,0,,,False,resnet_large__label_31__idx_4804,fix_nonmask,0,1024,0.0039,CIFAR100_resnet_large,False,0.6725872755050659,"[0, 0, 31, 31]",3069,3,3072,99.90234375,random
85,onnx/CIFAR100_resnet_large.onnx,vnnlib/resnet_large__label_32__idx_4987_global_k1024_eps_0.0039.vnnlib,100,unsat False,0.0,0.2387092113494873,36.67215275764465,2562,98,0,,,False,resnet_large__label_32__idx_4987,global,-1,1024,0.0039,CIFAR100_resnet_large,True,,,3072,0,3072,100.0,random
86,onnx/CIFAR100_resnet_large.onnx,vnnlib/resnet_large__label_32__idx_4987_fix_mask_seg0_k1024_eps_0.0039.vnnlib,100,unsat True,,,3.0614447593688965,0,0,0,,,False,resnet_large__label_32__idx_4987,fix_mask,0,1024,0.0039,CIFAR100_resnet_large,False,0.9276731610298156,"[0, 0, 31, 31]",0,3072,3072,0.0,random
87,onnx/CIFAR100_resnet_large.onnx,vnnlib/resnet_large__label_32__idx_4987_fix_nonmask_seg0_k1024_eps_0.0039.vnnlib,100,unsat False,0.0,0.1500866413116455,34.750083923339844,2562,98,0,,,False,resnet_large__label_32__idx_4987,fix_nonmask,0,1024,0.0039,CIFAR100_resnet_large,False,0.9276731610298156,"[0, 0, 31, 31]",3072,0,3072,100.0,random
88,onnx/CIFAR100_resnet_large.onnx,vnnlib/resnet_large__label_33__idx_313_global_k1024_eps_0.0039.vnnlib,100,unsat False,0.0,0.2389805316925048,32.96810722351074,3100,98,0,,,False,resnet_large__label_33__idx_313,global,-1,1024,0.0039,CIFAR100_resnet_large,True,,,3072,0,3072,100.0,random
89,onnx/CIFAR100_resnet_large.onnx,vnnlib/resnet_large__label_33__idx_313_fix_mask_seg0_k1024_eps_0.0039.vnnlib,100,unsat True,,,3.1348743438720703,0,0,0,,,False,resnet_large__label_33__idx_313,fix_mask,0,1024,0.0039,CIFAR100_resnet_large,False,0.2939490973949432,"[0, 0, 31, 31]",0,3072,3072,0.0,random
90,onnx/CIFAR100_resnet_large.onnx,vnnlib/resnet_large__label_33__idx_313_fix_nonmask_seg0_k1024_eps_0.0039.vnnlib,100,unsat False,0.0,0.1512451171875,32.5001757144928,3100,98,0,,,False,resnet_large__label_33__idx_313,fix_nonmask,0,1024,0.0039,CIFAR100_resnet_large,False,0.2939490973949432,"[0, 0, 31, 31]",3072,0,3072,100.0,random
91,onnx/CIFAR100_resnet_large.onnx,vnnlib/resnet_large__label_33__idx_4318_global_k1024_eps_0.0039.vnnlib,100,timeout False,0.0,0.1509795188903808,106.19531655311584,3918,94,1,0.2074350118637085,83.0,False,resnet_large__label_33__idx_4318,global,-1,1024,0.0039,CIFAR100_resnet_large,True,,,3072,0,3072,100.0,random
92,onnx/CIFAR100_resnet_large.onnx,vnnlib/resnet_large__label_33__idx_4318_fix_mask_seg0_k1024_eps_0.0039.vnnlib,100,unsat True,,,4.217375993728638,0,0,0,,,False,resnet_large__label_33__idx_4318,fix_mask,0,1024,0.0039,CIFAR100_resnet_large,False,0.246353805065155,"[0, 0, 31, 31]",78,2994,3072,2.5390625,random
93,onnx/CIFAR100_resnet_large.onnx,vnnlib/resnet_large__label_33__idx_4318_fix_nonmask_seg0_k1024_eps_0.0039.vnnlib,100,timeout False,0.0,0.1465241909027099,103.94295644760132,3838,94,0,,,False,resnet_large__label_33__idx_4318,fix_nonmask,0,1024,0.0039,CIFAR100_resnet_large,False,0.246353805065155,"[0, 0, 31, 31]",2994,78,3072,97.4609375,random
94,onnx/CIFAR100_resnet_large.onnx,vnnlib/resnet_large__label_34__idx_4347_global_k1024_eps_0.0039.vnnlib,100,unsat False,0.0,0.1498210430145263,36.05499219894409,3901,93,4,0.0029554367065429,61.0,False,resnet_large__label_34__idx_4347,global,-1,1024,0.0039,CIFAR100_resnet_large,True,,,3072,0,3072,100.0,random
95,onnx/CIFAR100_resnet_large.onnx,vnnlib/resnet_large__label_34__idx_4347_fix_mask_seg0_k1024_eps_0.0039.vnnlib,100,unsat True,,,3.0912907123565674,0,0,0,,,False,resnet_large__label_34__idx_4347,fix_mask,0,1024,0.0039,CIFAR100_resnet_large,False,0.7758114337921143,"[0, 0, 31, 31]",3,3069,3072,0.09765625,random
96,onnx/CIFAR100_resnet_large.onnx,vnnlib/resnet_large__label_34__idx_4347_fix_nonmask_seg0_k1024_eps_0.0039.vnnlib,100,unsat False,0.0,0.1525275707244873,38.061116218566895,3899,93,4,0.0045690536499023,61.0,False,resnet_large__label_34__idx_4347,fix_nonmask,0,1024,0.0039,CIFAR100_resnet_large,False,0.7758114337921143,"[0, 0, 31, 31]",3069,3,3072,99.90234375,random
97,onnx/CIFAR100_resnet_large.onnx,vnnlib/resnet_large__label_34__idx_589_global_k1024_eps_0.0039.vnnlib,100,unsat True,,,27.470524787902832,0,0,0,,,False,resnet_large__label_34__idx_589,global,-1,1024,0.0039,CIFAR100_resnet_large,True,,,3072,0,3072,100.0,random
98,onnx/CIFAR100_resnet_large.onnx,vnnlib/resnet_large__label_34__idx_589_fix_mask_seg0_k1024_eps_0.0039.vnnlib,100,unsat True,,,3.957832813262939,0,0,0,,,False,resnet_large__label_34__idx_589,fix_mask,0,1024,0.0039,CIFAR100_resnet_large,False,0.9014165997505188,"[0, 0, 31, 31]",75,2997,3072,2.44140625,random
99,onnx/CIFAR100_resnet_large.onnx,vnnlib/resnet_large__label_34__idx_589_fix_nonmask_seg0_k1024_eps_0.0039.vnnlib,100,unsat True,,,27.2970449924469,0,0,0,,,False,resnet_large__label_34__idx_589,fix_nonmask,0,1024,0.0039,CIFAR100_resnet_large,False,0.9014165997505188,"[0, 0, 31, 31]",2997,75,3072,97.55859375,random
100,onnx/CIFAR100_resnet_large.onnx,vnnlib/resnet_large__label_34__idx_6873_global_k1024_eps_0.0039.vnnlib,100,unsat False,0.0,0.1512582302093505,33.402180194854736,2964,98,0,,,False,resnet_large__label_34__idx_6873,global,-1,1024,0.0039,CIFAR100_resnet_large,True,,,3072,0,3072,100.0,random
101,onnx/CIFAR100_resnet_large.onnx,vnnlib/resnet_large__label_34__idx_6873_fix_mask_seg0_k1024_eps_0.0039.vnnlib,100,unsat True,,,2.83768367767334,0,0,0,,,False,resnet_large__label_34__idx_6873,fix_mask,0,1024,0.0039,CIFAR100_resnet_large,False,0.770440399646759,"[0, 0, 31, 31]",0,3072,3072,0.0,random
102,onnx/CIFAR100_resnet_large.onnx,vnnlib/resnet_large__label_34__idx_6873_fix_nonmask_seg0_k1024_eps_0.0039.vnnlib,100,unsat False,0.0,0.2368121147155761,34.084282636642456,2964,98,0,,,False,resnet_large__label_34__idx_6873,fix_nonmask,0,1024,0.0039,CIFAR100_resnet_large,False,0.770440399646759,"[0, 0, 31, 31]",3072,0,3072,100.0,random
103,onnx/CIFAR100_resnet_large.onnx,vnnlib/resnet_large__label_36__idx_2400_global_k1024_eps_0.0039.vnnlib,100,sat True,,,3.9317338466644287,0,0,0,,,False,resnet_large__label_36__idx_2400,global,-1,1024,0.0039,CIFAR100_resnet_large,True,,,3072,0,3072,100.0,random
104,onnx/CIFAR100_resnet_large.onnx,vnnlib/resnet_large__label_36__idx_2400_fix_mask_seg0_k1024_eps_0.0039.vnnlib,100,unsat True,,,2.6020970344543457,0,0,0,,,False,resnet_large__label_36__idx_2400,fix_mask,0,1024,0.0039,CIFAR100_resnet_large,False,0.8504452109336853,"[0, 0, 31, 31]",138,2934,3072,4.4921875,random
105,onnx/CIFAR100_resnet_large.onnx,vnnlib/resnet_large__label_36__idx_2400_fix_nonmask_seg0_k1024_eps_0.0039.vnnlib,100,sat True,,,4.076120376586914,0,0,0,,,False,resnet_large__label_36__idx_2400,fix_nonmask,0,1024,0.0039,CIFAR100_resnet_large,False,0.8504452109336853,"[0, 0, 31, 31]",2934,138,3072,95.5078125,random
106,onnx/CIFAR100_resnet_large.onnx,vnnlib/resnet_large__label_37__idx_2903_global_k1024_eps_0.0039.vnnlib,100,unsat False,0.0,0.2253782749176025,36.8214373588562,3517,98,1,0.0761052370071411,18.0,False,resnet_large__label_37__idx_2903,global,-1,1024,0.0039,CIFAR100_resnet_large,True,,,3072,0,3072,100.0,random
107,onnx/CIFAR100_resnet_large.onnx,vnnlib/resnet_large__label_37__idx_2903_fix_mask_seg0_k1024_eps_0.0039.vnnlib,100,unsat True,,,3.206839799880981,0,0,0,,,False,resnet_large__label_37__idx_2903,fix_mask,0,1024,0.0039,CIFAR100_resnet_large,False,0.7983062267303467,"[0, 0, 31, 31]",45,3027,3072,1.46484375,random
108,onnx/CIFAR100_resnet_large.onnx,vnnlib/resnet_large__label_37__idx_2903_fix_nonmask_seg0_k1024_eps_0.0039.vnnlib,100,unsat False,0.0,0.1569306850433349,35.94137740135193,3471,98,1,0.0951343774795532,18.0,False,resnet_large__label_37__idx_2903,fix_nonmask,0,1024,0.0039,CIFAR100_resnet_large,False,0.7983062267303467,"[0, 0, 31, 31]",3027,45,3072,98.53515625,random
109,onnx/CIFAR100_resnet_large.onnx,vnnlib/resnet_large__label_37__idx_7273_global_k1024_eps_0.0039.vnnlib,100,timeout False,0.0,0.1482315063476562,106.4916877746582,3015,98,0,,,False,resnet_large__label_37__idx_7273,global,-1,1024,0.0039,CIFAR100_resnet_large,True,,,3072,0,3072,100.0,random
110,onnx/CIFAR100_resnet_large.onnx,vnnlib/resnet_large__label_37__idx_7273_fix_mask_seg0_k1024_eps_0.0039.vnnlib,100,unsat True,,,4.026994228363037,0,0,0,,,False,resnet_large__label_37__idx_7273,fix_mask,0,1024,0.0039,CIFAR100_resnet_large,False,0.6783756613731384,"[0, 0, 31, 31]",135,2937,3072,4.39453125,random
111,onnx/CIFAR100_resnet_large.onnx,vnnlib/resnet_large__label_37__idx_7273_fix_nonmask_seg0_k1024_eps_0.0039.vnnlib,100,unsat False,0.0,0.1552727222442627,92.3166356086731,2940,98,0,,,False,resnet_large__label_37__idx_7273,fix_nonmask,0,1024,0.0039,CIFAR100_resnet_large,False,0.6783756613731384,"[0, 0, 31, 31]",2937,135,3072,95.60546875,random
112,onnx/CIFAR100_resnet_large.onnx,vnnlib/resnet_large__label_40__idx_3718_global_k1024_eps_0.0039.vnnlib,100,sat True,,,5.584695100784302,0,0,0,,,False,resnet_large__label_40__idx_3718,global,-1,1024,0.0039,CIFAR100_resnet_large,True,,,3072,0,3072,100.0,random
113,onnx/CIFAR100_resnet_large.onnx,vnnlib/resnet_large__label_40__idx_3718_fix_mask_seg0_k1024_eps_0.0039.vnnlib,100,unsat True,,,3.3483996391296387,0,0,0,,,False,resnet_large__label_40__idx_3718,fix_mask,0,1024,0.0039,CIFAR100_resnet_large,False,0.7767152190208435,"[0, 0, 31, 31]",0,3072,3072,0.0,random
114,onnx/CIFAR100_resnet_large.onnx,vnnlib/resnet_large__label_40__idx_3718_fix_nonmask_seg0_k1024_eps_0.0039.vnnlib,100,sat True,,,5.385792255401611,0,0,0,,,False,resnet_large__label_40__idx_3718,fix_nonmask,0,1024,0.0039,CIFAR100_resnet_large,False,0.7767152190208435,"[0, 0, 31, 31]",3072,0,3072,100.0,random
115,onnx/CIFAR100_resnet_large.onnx,vnnlib/resnet_large__label_40__idx_4421_global_k1024_eps_0.0039.vnnlib,100,sat True,,,5.257206678390503,0,0,0,,,False,resnet_large__label_40__idx_4421,global,-1,1024,0.0039,CIFAR100_resnet_large,True,,,3072,0,3072,100.0,random
116,onnx/CIFAR100_resnet_large.onnx,vnnlib/resnet_large__label_40__idx_4421_fix_mask_seg0_k1024_eps_0.0039.vnnlib,100,unsat True,,,3.3085873126983643,0,0,0,,,False,resnet_large__label_40__idx_4421,fix_mask,0,1024,0.0039,CIFAR100_resnet_large,False,0.8894246816635132,"[0, 0, 31, 31]",297,2775,3072,9.66796875,random
117,onnx/CIFAR100_resnet_large.onnx,vnnlib/resnet_large__label_40__idx_4421_fix_nonmask_seg0_k1024_eps_0.0039.vnnlib,100,sat True,,,4.477883338928223,0,0,0,,,False,resnet_large__label_40__idx_4421,fix_nonmask,0,1024,0.0039,CIFAR100_resnet_large,False,0.8894246816635132,"[0, 0, 31, 31]",2775,297,3072,90.33203125,random
118,onnx/CIFAR100_resnet_large.onnx,vnnlib/resnet_large__label_41__idx_3593_global_k1024_eps_0.0039.vnnlib,100,unsat False,0.0,0.1516098976135254,33.54681706428528,2237,98,0,,,False,resnet_large__label_41__idx_3593,global,-1,1024,0.0039,CIFAR100_resnet_large,True,,,3072,0,3072,100.0,random
119,onnx/CIFAR100_resnet_large.onnx,vnnlib/resnet_large__label_41__idx_3593_fix_mask_seg0_k1024_eps_0.0039.vnnlib,100,unsat True,,,3.373598575592041,0,0,0,,,False,resnet_large__label_41__idx_3593,fix_mask,0,1024,0.0039,CIFAR100_resnet_large,False,0.8697084784507751,"[0, 0, 31, 31]",318,2754,3072,10.3515625,random
120,onnx/CIFAR100_resnet_large.onnx,vnnlib/resnet_large__label_41__idx_3593_fix_nonmask_seg0_k1024_eps_0.0039.vnnlib,100,unsat False,0.0,0.1542632579803466,32.287118911743164,2129,98,0,,,False,resnet_large__label_41__idx_3593,fix_nonmask,0,1024,0.0039,CIFAR100_resnet_large,False,0.8697084784507751,"[0, 0, 31, 31]",2754,318,3072,89.6484375,random
121,onnx/CIFAR100_resnet_large.onnx,vnnlib/resnet_large__label_42__idx_1753_global_k1024_eps_0.0039.vnnlib,100,sat True,,,5.449150323867798,0,0,0,,,False,resnet_large__label_42__idx_1753,global,-1,1024,0.0039,CIFAR100_resnet_large,True,,,3072,0,3072,100.0,random
122,onnx/CIFAR100_resnet_large.onnx,vnnlib/resnet_large__label_42__idx_1753_fix_mask_seg0_k1024_eps_0.0039.vnnlib,100,unsat True,,,2.9176313877105717,0,0,0,,,False,resnet_large__label_42__idx_1753,fix_mask,0,1024,0.0039,CIFAR100_resnet_large,False,0.8485321998596191,"[0, 0, 31, 31]",0,3072,3072,0.0,random
123,onnx/CIFAR100_resnet_large.onnx,vnnlib/resnet_large__label_42__idx_1753_fix_nonmask_seg0_k1024_eps_0.0039.vnnlib,100,sat True,,,4.219509840011597,0,0,0,,,False,resnet_large__label_42__idx_1753,fix_nonmask,0,1024,0.0039,CIFAR100_resnet_large,False,0.8485321998596191,"[0, 0, 31, 31]",3072,0,3072,100.0,random
124,onnx/CIFAR100_resnet_large.onnx,vnnlib/resnet_large__label_43__idx_6556_global_k1024_eps_0.0039.vnnlib,100,unsat False,0.0,0.1485195159912109,32.42542576789856,3475,98,0,,,False,resnet_large__label_43__idx_6556,global,-1,1024,0.0039,CIFAR100_resnet_large,True,,,3072,0,3072,100.0,random
125,onnx/CIFAR100_resnet_large.onnx,vnnlib/resnet_large__label_43__idx_6556_fix_mask_seg0_k1024_eps_0.0039.vnnlib,100,unsat True,,,3.205414056777954,0,0,0,,,False,resnet_large__label_43__idx_6556,fix_mask,0,1024,0.0039,CIFAR100_resnet_large,False,0.8861416578292847,"[0, 0, 31, 31]",0,3072,3072,0.0,random
126,onnx/CIFAR100_resnet_large.onnx,vnnlib/resnet_large__label_43__idx_6556_fix_nonmask_seg0_k1024_eps_0.0039.vnnlib,100,unsat False,0.0,0.1483993530273437,32.56341099739075,3475,98,0,,,False,resnet_large__label_43__idx_6556,fix_nonmask,0,1024,0.0039,CIFAR100_resnet_large,False,0.8861416578292847,"[0, 0, 31, 31]",3072,0,3072,100.0,random
127,onnx/CIFAR100_resnet_large.onnx,vnnlib/resnet_large__label_44__idx_2912_global_k1024_eps_0.0039.vnnlib,100,unsat True,,,26.73034715652465,0,0,0,,,False,resnet_large__label_44__idx_2912,global,-1,1024,0.0039,CIFAR100_resnet_large,True,,,3072,0,3072,100.0,random
128,onnx/CIFAR100_resnet_large.onnx,vnnlib/resnet_large__label_44__idx_2912_fix_mask_seg0_k1024_eps_0.0039.vnnlib,100,unsat True,,,2.50907564163208,0,0,0,,,False,resnet_large__label_44__idx_2912,fix_mask,0,1024,0.0039,CIFAR100_resnet_large,False,0.8107044696807861,"[0, 0, 31, 31]",0,3072,3072,0.0,random
129,onnx/CIFAR100_resnet_large.onnx,vnnlib/resnet_large__label_44__idx_2912_fix_nonmask_seg0_k1024_eps_0.0039.vnnlib,100,unsat True,,,27.889248847961422,0,0,0,,,False,resnet_large__label_44__idx_2912,fix_nonmask,0,1024,0.0039,CIFAR100_resnet_large,False,0.8107044696807861,"[0, 0, 31, 31]",3072,0,3072,100.0,random
130,onnx/CIFAR100_resnet_large.onnx,vnnlib/resnet_large__label_47__idx_6926_global_k1024_eps_0.0039.vnnlib,100,timeout False,0.0,0.1509854793548584,101.7999484539032,3396,98,2,0.0095677375793457,25.0,False,resnet_large__label_47__idx_6926,global,-1,1024,0.0039,CIFAR100_resnet_large,True,,,3072,0,3072,100.0,random
131,onnx/CIFAR100_resnet_large.onnx,vnnlib/resnet_large__label_47__idx_6926_fix_mask_seg0_k1024_eps_0.0039.vnnlib,100,unsat True,,,4.212651491165161,0,0,0,,,False,resnet_large__label_47__idx_6926,fix_mask,0,1024,0.0039,CIFAR100_resnet_large,False,0.8310643434524536,"[0, 0, 31, 31]",384,2688,3072,12.5,random
132,onnx/CIFAR100_resnet_large.onnx,vnnlib/resnet_large__label_47__idx_6926_fix_nonmask_seg0_k1024_eps_0.0039.vnnlib,100,unsat False,0.0,0.2375080585479736,47.79361915588379,3072,98,1,0.1464813947677612,25.0,False,resnet_large__label_47__idx_6926,fix_nonmask,0,1024,0.0039,CIFAR100_resnet_large,False,0.8310643434524536,"[0, 0, 31, 31]",2688,384,3072,87.5,random
133,onnx/CIFAR100_resnet_large.onnx,vnnlib/resnet_large__label_48__idx_5797_global_k1024_eps_0.0039.vnnlib,100,timeout False,0.0,0.1482384204864502,101.18097162246704,2718,98,0,,,False,resnet_large__label_48__idx_5797,global,-1,1024,0.0039,CIFAR100_resnet_large,True,,,3072,0,3072,100.0,random
134,onnx/CIFAR100_resnet_large.onnx,vnnlib/resnet_large__label_48__idx_5797_fix_mask_seg0_k1024_eps_0.0039.vnnlib,100,unsat True,,,3.4139437675476074,0,0,0,,,False,resnet_large__label_48__idx_5797,fix_mask,0,1024,0.0039,CIFAR100_resnet_large,False,0.7582498788833618,"[0, 0, 31, 31]",3,3069,3072,0.09765625,random
135,onnx/CIFAR100_resnet_large.onnx,vnnlib/resnet_large__label_48__idx_5797_fix_nonmask_seg0_k1024_eps_0.0039.vnnlib,100,timeout False,0.0,0.1477386951446533,104.55500388145448,2717,98,0,,,False,resnet_large__label_48__idx_5797,fix_nonmask,0,1024,0.0039,CIFAR100_resnet_large,False,0.7582498788833618,"[0, 0, 31, 31]",3069,3,3072,99.90234375,random
136,onnx/CIFAR100_resnet_large.onnx,vnnlib/resnet_large__label_48__idx_6431_global_k1024_eps_0.0039.vnnlib,100,timeout False,0.0,0.2505719661712646,103.72540163993835,1780,98,0,,,False,resnet_large__label_48__idx_6431,global,-1,1024,0.0039,CIFAR100_resnet_large,True,,,3072,0,3072,100.0,random
137,onnx/CIFAR100_resnet_large.onnx,vnnlib/resnet_large__label_48__idx_6431_fix_mask_seg0_k1024_eps_0.0039.vnnlib,100,unsat True,,,5.761704683303833,0,0,0,,,False,resnet_large__label_48__idx_6431,fix_mask,0,1024,0.0039,CIFAR100_resnet_large,False,0.7119377255439758,"[0, 0, 31, 31]",0,3072,3072,0.0,random
138,onnx/CIFAR100_resnet_large.onnx,vnnlib/resnet_large__label_48__idx_6431_fix_nonmask_seg0_k1024_eps_0.0039.vnnlib,100,timeout False,0.0,0.2275373935699463,103.98255801200868,1780,98,0,,,False,resnet_large__label_48__idx_6431,fix_nonmask,0,1024,0.0039,CIFAR100_resnet_large,False,0.7119377255439758,"[0, 0, 31, 31]",3072,0,3072,100.0,random
139,onnx/CIFAR100_resnet_large.onnx,vnnlib/resnet_large__label_48__idx_8860_global_k1024_eps_0.0039.vnnlib,100,sat True,,,4.422313451766968,0,0,0,,,False,resnet_large__label_48__idx_8860,global,-1,1024,0.0039,CIFAR100_resnet_large,True,,,3072,0,3072,100.0,random
140,onnx/CIFAR100_resnet_large.onnx,vnnlib/resnet_large__label_48__idx_8860_fix_mask_seg0_k1024_eps_0.0039.vnnlib,100,unsat True,,,3.664700984954834,0,0,0,,,False,resnet_large__label_48__idx_8860,fix_mask,0,1024,0.0039,CIFAR100_resnet_large,False,0.8002827167510986,"[0, 0, 31, 30]",207,2865,3072,6.73828125,random
141,onnx/CIFAR100_resnet_large.onnx,vnnlib/resnet_large__label_48__idx_8860_fix_nonmask_seg0_k1024_eps_0.0039.vnnlib,100,sat True,,,3.828379869461059,0,0,0,,,False,resnet_large__label_48__idx_8860,fix_nonmask,0,1024,0.0039,CIFAR100_resnet_large,False,0.8002827167510986,"[0, 0, 31, 30]",2865,207,3072,93.26171875,random
142,onnx/CIFAR100_resnet_large.onnx,vnnlib/resnet_large__label_49__idx_6596_global_k1024_eps_0.0039.vnnlib,100,timeout False,0.0,0.152982473373413,100.43855237960815,2996,98,1,0.0559190511703491,71.0,False,resnet_large__label_49__idx_6596,global,-1,1024,0.0039,CIFAR100_resnet_large,True,,,3072,0,3072,100.0,random
143,onnx/CIFAR100_resnet_large.onnx,vnnlib/resnet_large__label_49__idx_6596_fix_mask_seg0_k1024_eps_0.0039.vnnlib,100,unsat True,,,2.8607635498046875,0,0,0,,,False,resnet_large__label_49__idx_6596,fix_mask,0,1024,0.0039,CIFAR100_resnet_large,False,0.4547909498214721,"[0, 0, 31, 31]",0,3072,3072,0.0,random
144,onnx/CIFAR100_resnet_large.onnx,vnnlib/resnet_large__label_49__idx_6596_fix_nonmask_seg0_k1024_eps_0.0039.vnnlib,100,timeout False,0.0,1.2189664840698242,104.39197373390198,2996,98,1,0.0559167861938476,71.0,False,resnet_large__label_49__idx_6596,fix_nonmask,0,1024,0.0039,CIFAR100_resnet_large,False,0.4547909498214721,"[0, 0, 31, 31]",3072,0,3072,100.0,random
145,onnx/CIFAR100_resnet_large.onnx,vnnlib/resnet_large__label_4__idx_3855_global_k1024_eps_0.0039.vnnlib,100,timeout False,0.0,0.2283737659454345,106.85219430923462,3464,98,1,0.1274375915527343,86.0,False,resnet_large__label_4__idx_3855,global,-1,1024,0.0039,CIFAR100_resnet_large,True,,,3072,0,3072,100.0,random
146,onnx/CIFAR100_resnet_large.onnx,vnnlib/resnet_large__label_4__idx_3855_fix_mask_seg0_k1024_eps_0.0039.vnnlib,100,unsat True,,,2.5986366271972656,0,0,0,,,False,resnet_large__label_4__idx_3855,fix_mask,0,1024,0.0039,CIFAR100_resnet_large,False,0.8276594281196594,"[0, 0, 31, 31]",60,3012,3072,1.953125,random
147,onnx/CIFAR100_resnet_large.onnx,vnnlib/resnet_large__label_4__idx_3855_fix_nonmask_seg0_k1024_eps_0.0039.vnnlib,100,timeout False,0.0,0.1474623680114746,102.91407442092896,3422,98,1,0.1614747047424316,86.0,False,resnet_large__label_4__idx_3855,fix_nonmask,0,1024,0.0039,CIFAR100_resnet_large,False,0.8276594281196594,"[0, 0, 31, 31]",3012,60,3072,98.046875,random
148,onnx/CIFAR100_resnet_large.onnx,vnnlib/resnet_large__label_50__idx_2762_global_k1024_eps_0.0039.vnnlib,100,unsat False,0.0,0.2397375106811523,33.485740184783936,4169,98,0,,,False,resnet_large__label_50__idx_2762,global,-1,1024,0.0039,CIFAR100_resnet_large,True,,,3072,0,3072,100.0,random
149,onnx/CIFAR100_resnet_large.onnx,vnnlib/resnet_large__label_50__idx_2762_fix_mask_seg0_k1024_eps_0.0039.vnnlib,100,unsat True,,,3.02060604095459,0,0,0,,,False,resnet_large__label_50__idx_2762,fix_mask,0,1024,0.0039,CIFAR100_resnet_large,False,0.8677610754966736,"[0, 0, 31, 31]",114,2958,3072,3.7109375,random
150,onnx/CIFAR100_resnet_large.onnx,vnnlib/resnet_large__label_50__idx_2762_fix_nonmask_seg0_k1024_eps_0.0039.vnnlib,100,unsat False,0.0,0.2382662296295166,33.95417904853821,4095,98,0,,,False,resnet_large__label_50__idx_2762,fix_nonmask,0,1024,0.0039,CIFAR100_resnet_large,False,0.8677610754966736,"[0, 0, 31, 31]",2958,114,3072,96.2890625,random
151,onnx/CIFAR100_resnet_large.onnx,vnnlib/resnet_large__label_51__idx_2582_global_k1024_eps_0.0039.vnnlib,100,timeout False,0.0,0.1495862007141113,106.68903398513794,3625,98,0,,,False,resnet_large__label_51__idx_2582,global,-1,1024,0.0039,CIFAR100_resnet_large,True,,,3072,0,3072,100.0,random
152,onnx/CIFAR100_resnet_large.onnx,vnnlib/resnet_large__label_51__idx_2582_fix_mask_seg0_k1024_eps_0.0039.vnnlib,100,unsat True,,,4.52770471572876,0,0,0,,,False,resnet_large__label_51__idx_2582,fix_mask,0,1024,0.0039,CIFAR100_resnet_large,False,0.7325510382652283,"[0, 0, 31, 31]",108,2964,3072,3.515625,random
153,onnx/CIFAR100_resnet_large.onnx,vnnlib/resnet_large__label_51__idx_2582_fix_nonmask_seg0_k1024_eps_0.0039.vnnlib,100,timeout False,0.0,0.1517035961151123,106.38292288780212,3494,98,0,,,False,resnet_large__label_51__idx_2582,fix_nonmask,0,1024,0.0039,CIFAR100_resnet_large,False,0.7325510382652283,"[0, 0, 31, 31]",2964,108,3072,96.484375,random
154,onnx/CIFAR100_resnet_large.onnx,vnnlib/resnet_large__label_51__idx_3515_global_k1024_eps_0.0039.vnnlib,100,unsat False,0.0,0.2380671501159668,36.2954638004303,4299,97,0,,,False,resnet_large__label_51__idx_3515,global,-1,1024,0.0039,CIFAR100_resnet_large,True,,,3072,0,3072,100.0,random
155,onnx/CIFAR100_resnet_large.onnx,vnnlib/resnet_large__label_51__idx_3515_fix_mask_seg0_k1024_eps_0.0039.vnnlib,100,unsat True,,,2.713347911834717,0,0,0,,,False,resnet_large__label_51__idx_3515,fix_mask,0,1024,0.0039,CIFAR100_resnet_large,False,0.3856054842472076,"[0, 0, 31, 31]",0,3072,3072,0.0,random
156,onnx/CIFAR100_resnet_large.onnx,vnnlib/resnet_large__label_51__idx_3515_fix_nonmask_seg0_k1024_eps_0.0039.vnnlib,100,unsat False,0.0,0.1483035087585449,33.78818368911743,4299,97,0,,,False,resnet_large__label_51__idx_3515,fix_nonmask,0,1024,0.0039,CIFAR100_resnet_large,False,0.3856054842472076,"[0, 0, 31, 31]",3072,0,3072,100.0,random
157,onnx/CIFAR100_resnet_large.onnx,vnnlib/resnet_large__label_52__idx_161_global_k1024_eps_0.0039.vnnlib,100,unsat False,0.0,0.3728728294372558,35.89054298400879,3082,98,0,,,False,resnet_large__label_52__idx_161,global,-1,1024,0.0039,CIFAR100_resnet_large,True,,,3072,0,3072,100.0,random
158,onnx/CIFAR100_resnet_large.onnx,vnnlib/resnet_large__label_52__idx_161_fix_mask_seg0_k1024_eps_0.0039.vnnlib,100,unsat True,,,3.451188564300537,0,0,0,,,False,resnet_large__label_52__idx_161,fix_mask,0,1024,0.0039,CIFAR100_resnet_large,False,0.5571149587631226,"[0, 0, 31, 31]",30,3042,3072,0.9765625,random
159,onnx/CIFAR100_resnet_large.onnx,vnnlib/resnet_large__label_52__idx_161_fix_nonmask_seg0_k1024_eps_0.0039.vnnlib,100,unsat False,0.0,0.1535491943359375,32.62660908699036,3056,98,0,,,False,resnet_large__label_52__idx_161,fix_nonmask,0,1024,0.0039,CIFAR100_resnet_large,False,0.5571149587631226,"[0, 0, 31, 31]",3042,30,3072,99.0234375,random
160,onnx/CIFAR100_resnet_large.onnx,vnnlib/resnet_large__label_52__idx_2381_global_k1024_eps_0.0039.vnnlib,100,unsat False,0.0,0.2364811897277832,35.820005655288696,3536,98,0,,,False,resnet_large__label_52__idx_2381,global,-1,1024,0.0039,CIFAR100_resnet_large,True,,,3072,0,3072,100.0,random
161,onnx/CIFAR100_resnet_large.onnx,vnnlib/resnet_large__label_52__idx_2381_fix_mask_seg0_k1024_eps_0.0039.vnnlib,100,unsat True,,,2.845679998397827,0,0,0,,,False,resnet_large__label_52__idx_2381,fix_mask,0,1024,0.0039,CIFAR100_resnet_large,False,0.5335955023765564,"[0, 0, 31, 31]",123,2949,3072,4.00390625,random
162,onnx/CIFAR100_resnet_large.onnx,vnnlib/resnet_large__label_52__idx_2381_fix_nonmask_seg0_k1024_eps_0.0039.vnnlib,100,unsat False,0.0,0.150233507156372,33.17822265625,3478,98,0,,,False,resnet_large__label_52__idx_2381,fix_nonmask,0,1024,0.0039,CIFAR100_resnet_large,False,0.5335955023765564,"[0, 0, 31, 31]",2949,123,3072,95.99609375,random
163,onnx/CIFAR100_resnet_large.onnx,vnnlib/resnet_large__label_53__idx_7605_global_k1024_eps_0.0039.vnnlib,100,timeout False,0.0,0.2314817905426025,104.06512570381165,2650,97,0,,,False,resnet_large__label_53__idx_7605,global,-1,1024,0.0039,CIFAR100_resnet_large,True,,,3072,0,3072,100.0,random
164,onnx/CIFAR100_resnet_large.onnx,vnnlib/resnet_large__label_53__idx_7605_fix_mask_seg0_k1024_eps_0.0039.vnnlib,100,unsat True,,,4.418367147445679,0,0,0,,,False,resnet_large__label_53__idx_7605,fix_mask,0,1024,0.0039,CIFAR100_resnet_large,False,0.2669851183891296,"[0, 0, 31, 31]",339,2733,3072,11.03515625,random
165,onnx/CIFAR100_resnet_large.onnx,vnnlib/resnet_large__label_53__idx_7605_fix_nonmask_seg0_k1024_eps_0.0039.vnnlib,100,unsat False,0.0,0.2391486167907714,37.94858980178833,2311,97,0,,,False,resnet_large__label_53__idx_7605,fix_nonmask,0,1024,0.0039,CIFAR100_resnet_large,False,0.2669851183891296,"[0, 0, 31, 31]",2733,339,3072,88.96484375,random
166,onnx/CIFAR100_resnet_large.onnx,vnnlib/resnet_large__label_55__idx_1524_global_k1024_eps_0.0039.vnnlib,100,timeout False,0.0,0.1544435024261474,106.26976442337036,3324,96,2,0.0192208290100097,73.0,False,resnet_large__label_55__idx_1524,global,-1,1024,0.0039,CIFAR100_resnet_large,True,,,3072,0,3072,100.0,random
167,onnx/CIFAR100_resnet_large.onnx,vnnlib/resnet_large__label_55__idx_1524_fix_mask_seg0_k1024_eps_0.0039.vnnlib,100,timeout False,,0.1489174365997314,106.86483120918274,0,0,0,,,False,resnet_large__label_55__idx_1524,fix_mask,0,1024,0.0039,CIFAR100_resnet_large,False,0.7419033050537109,"[0, 0, 31, 31]",15,3057,3072,0.48828125,random
168,onnx/CIFAR100_resnet_large.onnx,vnnlib/resnet_large__label_55__idx_1524_fix_nonmask_seg0_k1024_eps_0.0039.vnnlib,100,unsat True,0.0,,3.296631097793579,3300,96,2,0.040778636932373,73.0,False,resnet_large__label_55__idx_1524,fix_nonmask,0,1024,0.0039,CIFAR100_resnet_large,False,0.7419033050537109,"[0, 0, 31, 31]",3057,15,3072,99.51171875,random
169,onnx/CIFAR100_resnet_large.onnx,vnnlib/resnet_large__label_58__idx_7923_global_k1024_eps_0.0039.vnnlib,100,timeout False,0.0,0.2249259948730468,103.25037455558775,2696,98,0,,,False,resnet_large__label_58__idx_7923,global,-1,1024,0.0039,CIFAR100_resnet_large,True,,,3072,0,3072,100.0,random
170,onnx/CIFAR100_resnet_large.onnx,vnnlib/resnet_large__label_58__idx_7923_fix_mask_seg0_k1024_eps_0.0039.vnnlib,100,unsat True,,,4.0813071727752686,0,0,0,,,False,resnet_large__label_58__idx_7923,fix_mask,0,1024,0.0039,CIFAR100_resnet_large,False,0.7816258072853088,"[0, 0, 31, 31]",177,2895,3072,5.76171875,random
171,onnx/CIFAR100_resnet_large.onnx,vnnlib/resnet_large__label_58__idx_7923_fix_nonmask_seg0_k1024_eps_0.0039.vnnlib,100,timeout False,0.0,0.1503145694732666,107.44396328926086,2594,98,0,,,False,resnet_large__label_58__idx_7923,fix_nonmask,0,1024,0.0039,CIFAR100_resnet_large,False,0.7816258072853088,"[0, 0, 31, 31]",2895,177,3072,94.23828125,random
172,onnx/CIFAR100_resnet_large.onnx,vnnlib/resnet_large__label_58__idx_9116_global_k1024_eps_0.0039.vnnlib,100,unsat False,0.0,0.2351560592651367,34.1380250453949,3040,98,0,,,False,resnet_large__label_58__idx_9116,global,-1,1024,0.0039,CIFAR100_resnet_large,True,,,3072,0,3072,100.0,random
173,onnx/CIFAR100_resnet_large.onnx,vnnlib/resnet_large__label_58__idx_9116_fix_mask_seg0_k1024_eps_0.0039.vnnlib,100,unsat True,,,4.186620473861694,0,0,0,,,False,resnet_large__label_58__idx_9116,fix_mask,0,1024,0.0039,CIFAR100_resnet_large,False,0.8205601572990417,"[0, 0, 31, 31]",33,3039,3072,1.07421875,random
174,onnx/CIFAR100_resnet_large.onnx,vnnlib/resnet_large__label_58__idx_9116_fix_nonmask_seg0_k1024_eps_0.0039.vnnlib,100,unsat False,0.0,0.2224893569946289,33.7649040222168,3007,98,0,,,False,resnet_large__label_58__idx_9116,fix_nonmask,0,1024,0.0039,CIFAR100_resnet_large,False,0.8205601572990417,"[0, 0, 31, 31]",3039,33,3072,98.92578125,random
175,onnx/CIFAR100_resnet_large.onnx,vnnlib/resnet_large__label_59__idx_5602_global_k1024_eps_0.0039.vnnlib,100,unsat False,0.0,0.1512320041656494,35.57122325897217,3582,98,0,,,False,resnet_large__label_59__idx_5602,global,-1,1024,0.0039,CIFAR100_resnet_large,True,,,3072,0,3072,100.0,random
176,onnx/CIFAR100_resnet_large.onnx,vnnlib/resnet_large__label_59__idx_5602_fix_mask_seg0_k1024_eps_0.0039.vnnlib,100,unsat True,,,3.7810404300689697,0,0,0,,,False,resnet_large__label_59__idx_5602,fix_mask,0,1024,0.0039,CIFAR100_resnet_large,False,0.5761248469352722,"[0, 0, 31, 31]",0,3072,3072,0.0,random
177,onnx/CIFAR100_resnet_large.onnx,vnnlib/resnet_large__label_59__idx_5602_fix_nonmask_seg0_k1024_eps_0.0039.vnnlib,100,unsat False,0.0,0.2316133975982666,35.90226078033447,3582,98,0,,,False,resnet_large__label_59__idx_5602,fix_nonmask,0,1024,0.0039,CIFAR100_resnet_large,False,0.5761248469352722,"[0, 0, 31, 31]",3072,0,3072,100.0,random
178,onnx/CIFAR100_resnet_large.onnx,vnnlib/resnet_large__label_5__idx_3142_global_k1024_eps_0.0039.vnnlib,100,unsat False,0.0,0.2341747283935547,49.22786331176758,3393,98,0,,,False,resnet_large__label_5__idx_3142,global,-1,1024,0.0039,CIFAR100_resnet_large,True,,,3072,0,3072,100.0,random
179,onnx/CIFAR100_resnet_large.onnx,vnnlib/resnet_large__label_5__idx_3142_fix_mask_seg0_k1024_eps_0.0039.vnnlib,100,unsat True,,,2.5647172927856445,0,0,0,,,False,resnet_large__label_5__idx_3142,fix_mask,0,1024,0.0039,CIFAR100_resnet_large,False,0.3754410147666931,"[0, 0, 31, 31]",0,3072,3072,0.0,random
180,onnx/CIFAR100_resnet_large.onnx,vnnlib/resnet_large__label_5__idx_3142_fix_nonmask_seg0_k1024_eps_0.0039.vnnlib,100,unsat False,0.0,0.1549456119537353,45.00736165046692,3393,98,0,,,False,resnet_large__label_5__idx_3142,fix_nonmask,0,1024,0.0039,CIFAR100_resnet_large,False,0.3754410147666931,"[0, 0, 31, 31]",3072,0,3072,100.0,random
181,onnx/CIFAR100_resnet_large.onnx,vnnlib/resnet_large__label_60__idx_3105_global_k1024_eps_0.0039.vnnlib,100,unsat False,0.0,0.1489419937133789,33.47298717498779,2559,98,0,,,False,resnet_large__label_60__idx_3105,global,-1,1024,0.0039,CIFAR100_resnet_large,True,,,3072,0,3072,100.0,random
182,onnx/CIFAR100_resnet_large.onnx,vnnlib/resnet_large__label_60__idx_3105_fix_mask_seg0_k1024_eps_0.0039.vnnlib,100,unsat True,,,2.554835796356201,0,0,0,,,False,resnet_large__label_60__idx_3105,fix_mask,0,1024,0.0039,CIFAR100_resnet_large,False,0.3827525377273559,"[0, 0, 31, 31]",0,3072,3072,0.0,random
183,onnx/CIFAR100_resnet_large.onnx,vnnlib/resnet_large__label_60__idx_3105_fix_nonmask_seg0_k1024_eps_0.0039.vnnlib,100,unsat False,0.0,0.1532893180847168,33.6120822429657,2559,98,0,,,False,resnet_large__label_60__idx_3105,fix_nonmask,0,1024,0.0039,CIFAR100_resnet_large,False,0.3827525377273559,"[0, 0, 31, 31]",3072,0,3072,100.0,random
184,onnx/CIFAR100_resnet_large.onnx,vnnlib/resnet_large__label_62__idx_7064_global_k1024_eps_0.0039.vnnlib,100,unsat False,0.0,0.2333815097808838,33.98633313179016,2618,96,0,,,False,resnet_large__label_62__idx_7064,global,-1,1024,0.0039,CIFAR100_resnet_large,True,,,3072,0,3072,100.0,random
185,onnx/CIFAR100_resnet_large.onnx,vnnlib/resnet_large__label_62__idx_7064_fix_mask_seg0_k1024_eps_0.0039.vnnlib,100,unsat True,,,3.619376182556152,0,0,0,,,False,resnet_large__label_62__idx_7064,fix_mask,0,1024,0.0039,CIFAR100_resnet_large,False,0.6778745651245117,"[0, 0, 31, 31]",0,3072,3072,0.0,random
186,onnx/CIFAR100_resnet_large.onnx,vnnlib/resnet_large__label_62__idx_7064_fix_nonmask_seg0_k1024_eps_0.0039.vnnlib,100,unsat False,0.0,0.2376666069030761,35.87513327598572,2618,96,0,,,False,resnet_large__label_62__idx_7064,fix_nonmask,0,1024,0.0039,CIFAR100_resnet_large,False,0.6778745651245117,"[0, 0, 31, 31]",3072,0,3072,100.0,random
187,onnx/CIFAR100_resnet_large.onnx,vnnlib/resnet_large__label_63__idx_2652_global_k1024_eps_0.0039.vnnlib,100,unsat True,,,27.104175567626957,0,0,0,,,False,resnet_large__label_63__idx_2652,global,-1,1024,0.0039,CIFAR100_resnet_large,True,,,3072,0,3072,100.0,random
188,onnx/CIFAR100_resnet_large.onnx,vnnlib/resnet_large__label_63__idx_2652_fix_mask_seg0_k1024_eps_0.0039.vnnlib,100,unsat True,,,4.265048027038574,0,0,0,,,False,resnet_large__label_63__idx_2652,fix_mask,0,1024,0.0039,CIFAR100_resnet_large,False,0.7538964152336121,"[0, 0, 31, 31]",198,2874,3072,6.4453125,random
189,onnx/CIFAR100_resnet_large.onnx,vnnlib/resnet_large__label_63__idx_2652_fix_nonmask_seg0_k1024_eps_0.0039.vnnlib,100,unsat True,,,29.361297369003296,0,0,0,,,False,resnet_large__label_63__idx_2652,fix_nonmask,0,1024,0.0039,CIFAR100_resnet_large,False,0.7538964152336121,"[0, 0, 31, 31]",2874,198,3072,93.5546875,random
190,onnx/CIFAR100_resnet_large.onnx,vnnlib/resnet_large__label_63__idx_6947_global_k1024_eps_0.0039.vnnlib,100,timeout False,0.0,0.1512868404388427,105.82138514518738,3762,97,0,,,False,resnet_large__label_63__idx_6947,global,-1,1024,0.0039,CIFAR100_resnet_large,True,,,3072,0,3072,100.0,random
191,onnx/CIFAR100_resnet_large.onnx,vnnlib/resnet_large__label_63__idx_6947_fix_mask_seg0_k1024_eps_0.0039.vnnlib,100,unsat True,,,3.3894951343536377,0,0,0,,,False,resnet_large__label_63__idx_6947,fix_mask,0,1024,0.0039,CIFAR100_resnet_large,False,0.870398759841919,"[0, 0, 31, 31]",18,3054,3072,0.5859375,random
192,onnx/CIFAR100_resnet_large.onnx,vnnlib/resnet_large__label_63__idx_6947_fix_nonmask_seg0_k1024_eps_0.0039.vnnlib,100,timeout False,0.0,0.1572411060333252,105.7379457950592,3748,97,0,,,False,resnet_large__label_63__idx_6947,fix_nonmask,0,1024,0.0039,CIFAR100_resnet_large,False,0.870398759841919,"[0, 0, 31, 31]",3054,18,3072,99.4140625,random
193,onnx/CIFAR100_resnet_large.onnx,vnnlib/resnet_large__label_64__idx_2767_global_k1024_eps_0.0039.vnnlib,100,timeout False,0.0,0.942530393600464,106.24872016906738,2530,96,0,,,False,resnet_large__label_64__idx_2767,global,-1,1024,0.0039,CIFAR100_resnet_large,True,,,3072,0,3072,100.0,random
194,onnx/CIFAR100_resnet_large.onnx,vnnlib/resnet_large__label_64__idx_2767_fix_mask_seg0_k1024_eps_0.0039.vnnlib,100,unsat True,,,2.7750823497772217,0,0,0,,,False,resnet_large__label_64__idx_2767,fix_mask,0,1024,0.0039,CIFAR100_resnet_large,False,0.8763593435287476,"[0, 0, 31, 31]",12,3060,3072,0.390625,random
195,onnx/CIFAR100_resnet_large.onnx,vnnlib/resnet_large__label_64__idx_2767_fix_nonmask_seg0_k1024_eps_0.0039.vnnlib,100,timeout False,0.0,0.2788174152374267,103.52507781982422,2528,96,0,,,False,resnet_large__label_64__idx_2767,fix_nonmask,0,1024,0.0039,CIFAR100_resnet_large,False,0.8763593435287476,"[0, 0, 31, 31]",3060,12,3072,99.609375,random
196,onnx/CIFAR100_resnet_large.onnx,vnnlib/resnet_large__label_66__idx_5883_global_k1024_eps_0.0039.vnnlib,100,timeout False,0.0,0.1483173370361328,106.61106777191162,4596,90,2,0.3135628700256347,3.0,False,resnet_large__label_66__idx_5883,global,-1,1024,0.0039,CIFAR100_resnet_large,True,,,3072,0,3072,100.0,random
197,onnx/CIFAR100_resnet_large.onnx,vnnlib/resnet_large__label_66__idx_5883_fix_mask_seg0_k1024_eps_0.0039.vnnlib,100,unsat True,,,2.9685609340667725,0,0,0,,,False,resnet_large__label_66__idx_5883,fix_mask,0,1024,0.0039,CIFAR100_resnet_large,False,0.8705346584320068,"[0, 0, 31, 31]",42,3030,3072,1.3671875,random
198,onnx/CIFAR100_resnet_large.onnx,vnnlib/resnet_large__label_66__idx_5883_fix_nonmask_seg0_k1024_eps_0.0039.vnnlib,100,timeout False,0.0,0.2283101081848144,107.767653465271,4557,90,1,0.33380126953125,69.0,False,resnet_large__label_66__idx_5883,fix_nonmask,0,1024,0.0039,CIFAR100_resnet_large,False,0.8705346584320068,"[0, 0, 31, 31]",3030,42,3072,98.6328125,random
199,onnx/CIFAR100_resnet_large.onnx,vnnlib/resnet_large__label_66__idx_9469_global_k1024_eps_0.0039.vnnlib,100,unsat False,0.0,0.1511473655700683,35.23799109458923,3271,98,0,,,False,resnet_large__label_66__idx_9469,global,-1,1024,0.0039,CIFAR100_resnet_large,True,,,3072,0,3072,100.0,random
200,onnx/CIFAR100_resnet_large.onnx,vnnlib/resnet_large__label_66__idx_9469_fix_mask_seg0_k1024_eps_0.0039.vnnlib,100,unsat True,,,3.13119125366211,0,0,0,,,False,resnet_large__label_66__idx_9469,fix_mask,0,1024,0.0039,CIFAR100_resnet_large,False,0.5784952640533447,"[0, 0, 31, 31]",0,3072,3072,0.0,random
201,onnx/CIFAR100_resnet_large.onnx,vnnlib/resnet_large__label_66__idx_9469_fix_nonmask_seg0_k1024_eps_0.0039.vnnlib,100,unsat False,0.0,0.2419776916503906,36.71040344238281,3271,98,0,,,False,resnet_large__label_66__idx_9469,fix_nonmask,0,1024,0.0039,CIFAR100_resnet_large,False,0.5784952640533447,"[0, 0, 31, 31]",3072,0,3072,100.0,random
202,onnx/CIFAR100_resnet_large.onnx,vnnlib/resnet_large__label_68__idx_2485_global_k1024_eps_0.0039.vnnlib,100,unsat True,,,29.090891122817997,0,0,0,,,False,resnet_large__label_68__idx_2485,global,-1,1024,0.0039,CIFAR100_resnet_large,True,,,3072,0,3072,100.0,random
203,onnx/CIFAR100_resnet_large.onnx,vnnlib/resnet_large__label_68__idx_2485_fix_mask_seg0_k1024_eps_0.0039.vnnlib,100,unsat True,,,3.3346471786499023,0,0,0,,,False,resnet_large__label_68__idx_2485,fix_mask,0,1024,0.0039,CIFAR100_resnet_large,False,0.7410456538200378,"[0, 0, 31, 31]",300,2772,3072,9.765625,random
204,onnx/CIFAR100_resnet_large.onnx,vnnlib/resnet_large__label_68__idx_2485_fix_nonmask_seg0_k1024_eps_0.0039.vnnlib,100,unsat True,,,26.461015701293945,0,0,0,,,False,resnet_large__label_68__idx_2485,fix_nonmask,0,1024,0.0039,CIFAR100_resnet_large,False,0.7410456538200378,"[0, 0, 31, 31]",2772,300,3072,90.234375,random
205,onnx/CIFAR100_resnet_large.onnx,vnnlib/resnet_large__label_68__idx_918_global_k1024_eps_0.0039.vnnlib,100,unsat False,0.0,0.226708173751831,37.83630871772766,3730,96,0,,,False,resnet_large__label_68__idx_918,global,-1,1024,0.0039,CIFAR100_resnet_large,True,,,3072,0,3072,100.0,random
206,onnx/CIFAR100_resnet_large.onnx,vnnlib/resnet_large__label_68__idx_918_fix_mask_seg0_k1024_eps_0.0039.vnnlib,100,unsat True,,,2.924083948135376,0,0,0,,,False,resnet_large__label_68__idx_918,fix_mask,0,1024,0.0039,CIFAR100_resnet_large,False,0.1241559088230133,"[0, 0, 31, 31]",0,3072,3072,0.0,random
207,onnx/CIFAR100_resnet_large.onnx,vnnlib/resnet_large__label_68__idx_918_fix_nonmask_seg0_k1024_eps_0.0039.vnnlib,100,unsat False,0.0,0.2392835617065429,37.27612447738648,3730,96,0,,,False,resnet_large__label_68__idx_918,fix_nonmask,0,1024,0.0039,CIFAR100_resnet_large,False,0.1241559088230133,"[0, 0, 31, 31]",3072,0,3072,100.0,random
208,onnx/CIFAR100_resnet_large.onnx,vnnlib/resnet_large__label_71__idx_4338_global_k1024_eps_0.0039.vnnlib,100,timeout False,0.0,0.1558713912963867,104.99220275878906,2343,98,0,,,False,resnet_large__label_71__idx_4338,global,-1,1024,0.0039,CIFAR100_resnet_large,True,,,3072,0,3072,100.0,random
209,onnx/CIFAR100_resnet_large.onnx,vnnlib/resnet_large__label_71__idx_4338_fix_mask_seg0_k1024_eps_0.0039.vnnlib,100,unsat True,,,4.031625270843506,0,0,0,,,False,resnet_large__label_71__idx_4338,fix_mask,0,1024,0.0039,CIFAR100_resnet_large,False,0.2374404817819595,"[0, 0, 31, 31]",0,3072,3072,0.0,random
210,onnx/CIFAR100_resnet_large.onnx,vnnlib/resnet_large__label_71__idx_4338_fix_nonmask_seg0_k1024_eps_0.0039.vnnlib,100,timeout False,0.0,0.1540758609771728,109.26349806785583,2343,98,0,,,False,resnet_large__label_71__idx_4338,fix_nonmask,0,1024,0.0039,CIFAR100_resnet_large,False,0.2374404817819595,"[0, 0, 31, 31]",3072,0,3072,100.0,random
211,onnx/CIFAR100_resnet_large.onnx,vnnlib/resnet_large__label_76__idx_33_global_k1024_eps_0.0039.vnnlib,100,unsat False,0.0,0.1522738933563232,34.25146985054016,2633,98,0,,,False,resnet_large__label_76__idx_33,global,-1,1024,0.0039,CIFAR100_resnet_large,True,,,3072,0,3072,100.0,random
212,onnx/CIFAR100_resnet_large.onnx,vnnlib/resnet_large__label_76__idx_33_fix_mask_seg0_k1024_eps_0.0039.vnnlib,100,unsat True,,,2.599995374679565,0,0,0,,,False,resnet_large__label_76__idx_33,fix_mask,0,1024,0.0039,CIFAR100_resnet_large,False,0.7681162357330322,"[0, 0, 31, 31]",72,3000,3072,2.34375,random
213,onnx/CIFAR100_resnet_large.onnx,vnnlib/resnet_large__label_76__idx_33_fix_nonmask_seg0_k1024_eps_0.0039.vnnlib,100,unsat False,0.0,0.3323988914489746,35.99902319908142,2602,98,0,,,False,resnet_large__label_76__idx_33,fix_nonmask,0,1024,0.0039,CIFAR100_resnet_large,False,0.7681162357330322,"[0, 0, 31, 31]",3000,72,3072,97.65625,random
214,onnx/CIFAR100_resnet_large.onnx,vnnlib/resnet_large__label_76__idx_3657_global_k1024_eps_0.0039.vnnlib,100,unsat True,,,27.11982679367065,0,0,0,,,False,resnet_large__label_76__idx_3657,global,-1,1024,0.0039,CIFAR100_resnet_large,True,,,3072,0,3072,100.0,random
215,onnx/CIFAR100_resnet_large.onnx,vnnlib/resnet_large__label_76__idx_3657_fix_mask_seg0_k1024_eps_0.0039.vnnlib,100,unsat True,,,2.7394986152648926,0,0,0,,,False,resnet_large__label_76__idx_3657,fix_mask,0,1024,0.0039,CIFAR100_resnet_large,False,0.7715961337089539,"[0, 0, 31, 31]",135,2937,3072,4.39453125,random
216,onnx/CIFAR100_resnet_large.onnx,vnnlib/resnet_large__label_76__idx_3657_fix_nonmask_seg0_k1024_eps_0.0039.vnnlib,100,unsat True,,,26.43864941596985,0,0,0,,,False,resnet_large__label_76__idx_3657,fix_nonmask,0,1024,0.0039,CIFAR100_resnet_large,False,0.7715961337089539,"[0, 0, 31, 31]",2937,135,3072,95.60546875,random
217,onnx/CIFAR100_resnet_large.onnx,vnnlib/resnet_large__label_77__idx_8915_global_k1024_eps_0.0039.vnnlib,100,unsat False,0.0,0.2398023605346679,39.465609312057495,4359,96,2,0.1993312835693359,72.0,False,resnet_large__label_77__idx_8915,global,-1,1024,0.0039,CIFAR100_resnet_large,True,,,3072,0,3072,100.0,random
218,onnx/CIFAR100_resnet_large.onnx,vnnlib/resnet_large__label_77__idx_8915_fix_mask_seg0_k1024_eps_0.0039.vnnlib,100,unsat True,,,3.733729124069214,0,0,0,,,False,resnet_large__label_77__idx_8915,fix_mask,0,1024,0.0039,CIFAR100_resnet_large,False,0.7976683378219604,"[0, 0, 31, 31]",0,3072,3072,0.0,random
219,onnx/CIFAR100_resnet_large.onnx,vnnlib/resnet_large__label_77__idx_8915_fix_nonmask_seg0_k1024_eps_0.0039.vnnlib,100,unsat False,0.0,0.2362275123596191,38.65692448616028,4359,96,2,0.1993331909179687,72.0,False,resnet_large__label_77__idx_8915,fix_nonmask,0,1024,0.0039,CIFAR100_resnet_large,False,0.7976683378219604,"[0, 0, 31, 31]",3072,0,3072,100.0,random
220,onnx/CIFAR100_resnet_large.onnx,vnnlib/resnet_large__label_78__idx_5742_global_k1024_eps_0.0039.vnnlib,100,timeout False,0.0,0.150942325592041,107.38830471038818,3982,98,0,,,False,resnet_large__label_78__idx_5742,global,-1,1024,0.0039,CIFAR100_resnet_large,True,,,3072,0,3072,100.0,random
221,onnx/CIFAR100_resnet_large.onnx,vnnlib/resnet_large__label_78__idx_5742_fix_mask_seg0_k1024_eps_0.0039.vnnlib,100,unsat True,,,4.150378942489624,0,0,0,,,False,resnet_large__label_78__idx_5742,fix_mask,0,1024,0.0039,CIFAR100_resnet_large,False,0.8279817700386047,"[0, 0, 31, 31]",12,3060,3072,0.390625,random
222,onnx/CIFAR100_resnet_large.onnx,vnnlib/resnet_large__label_78__idx_5742_fix_nonmask_seg0_k1024_eps_0.0039.vnnlib,100,timeout False,0.0,0.2387640476226806,101.61050534248352,3956,98,0,,,False,resnet_large__label_78__idx_5742,fix_nonmask,0,1024,0.0039,CIFAR100_resnet_large,False,0.8279817700386047,"[0, 0, 31, 31]",3060,12,3072,99.609375,random
223,onnx/CIFAR100_resnet_large.onnx,vnnlib/resnet_large__label_78__idx_7980_global_k1024_eps_0.0039.vnnlib,100,unsat False,0.0,0.2412426471710205,89.60232758522034,4469,98,0,,,False,resnet_large__label_78__idx_7980,global,-1,1024,0.0039,CIFAR100_resnet_large,True,,,3072,0,3072,100.0,random
224,onnx/CIFAR100_resnet_large.onnx,vnnlib/resnet_large__label_78__idx_7980_fix_mask_seg0_k1024_eps_0.0039.vnnlib,100,unsat True,,,3.257607936859131,0,0,0,,,False,resnet_large__label_78__idx_7980,fix_mask,0,1024,0.0039,CIFAR100_resnet_large,False,0.8875492811203003,"[0, 0, 31, 31]",69,3003,3072,2.24609375,random
225,onnx/CIFAR100_resnet_large.onnx,vnnlib/resnet_large__label_78__idx_7980_fix_nonmask_seg0_k1024_eps_0.0039.vnnlib,100,unsat False,0.0,0.1536042690277099,57.034892320632935,4375,98,0,,,False,resnet_large__label_78__idx_7980,fix_nonmask,0,1024,0.0039,CIFAR100_resnet_large,False,0.8875492811203003,"[0, 0, 31, 31]",3003,69,3072,97.75390625,random
226,onnx/CIFAR100_resnet_large.onnx,vnnlib/resnet_large__label_80__idx_3620_global_k1024_eps_0.0039.vnnlib,100,timeout False,0.0,0.176215648651123,100.92992687225342,3293,93,0,,,False,resnet_large__label_80__idx_3620,global,-1,1024,0.0039,CIFAR100_resnet_large,True,,,3072,0,3072,100.0,random
227,onnx/CIFAR100_resnet_large.onnx,vnnlib/resnet_large__label_80__idx_3620_fix_mask_seg0_k1024_eps_0.0039.vnnlib,100,unsat True,,,3.886432647705078,0,0,0,,,False,resnet_large__label_80__idx_3620,fix_mask,0,1024,0.0039,CIFAR100_resnet_large,False,0.7725550532341003,"[0, 0, 31, 31]",93,2979,3072,3.02734375,random
228,onnx/CIFAR100_resnet_large.onnx,vnnlib/resnet_large__label_80__idx_3620_fix_nonmask_seg0_k1024_eps_0.0039.vnnlib,100,timeout False,0.0,0.1850314140319824,106.89475154876708,3265,93,0,,,False,resnet_large__label_80__idx_3620,fix_nonmask,0,1024,0.0039,CIFAR100_resnet_large,False,0.7725550532341003,"[0, 0, 31, 31]",2979,93,3072,96.97265625,random
229,onnx/CIFAR100_resnet_large.onnx,vnnlib/resnet_large__label_81__idx_134_global_k1024_eps_0.0039.vnnlib,100,unsat False,0.0,0.1569700241088867,43.15555715560913,3634,97,2,0.1839480400085449,40.0,False,resnet_large__label_81__idx_134,global,-1,1024,0.0039,CIFAR100_resnet_large,True,,,3072,0,3072,100.0,random
230,onnx/CIFAR100_resnet_large.onnx,vnnlib/resnet_large__label_81__idx_134_fix_mask_seg0_k1024_eps_0.0039.vnnlib,100,unsat True,,,3.476454973220825,0,0,0,,,False,resnet_large__label_81__idx_134,fix_mask,0,1024,0.0039,CIFAR100_resnet_large,False,0.6878246068954468,"[0, 0, 31, 31]",216,2856,3072,7.03125,random
231,onnx/CIFAR100_resnet_large.onnx,vnnlib/resnet_large__label_81__idx_134_fix_nonmask_seg0_k1024_eps_0.0039.vnnlib,100,unsat False,0.0,0.244586706161499,36.49072623252869,3447,97,2,0.3187932968139648,40.0,False,resnet_large__label_81__idx_134,fix_nonmask,0,1024,0.0039,CIFAR100_resnet_large,False,0.6878246068954468,"[0, 0, 31, 31]",2856,216,3072,92.96875,random
232,onnx/CIFAR100_resnet_large.onnx,vnnlib/resnet_large__label_81__idx_3388_global_k1024_eps_0.0039.vnnlib,100,timeout False,0.0,0.1498022079467773,108.61217093467712,3782,98,1,0.12307870388031,48.0,False,resnet_large__label_81__idx_3388,global,-1,1024,0.0039,CIFAR100_resnet_large,True,,,3072,0,3072,100.0,random
233,onnx/CIFAR100_resnet_large.onnx,vnnlib/resnet_large__label_81__idx_3388_fix_mask_seg0_k1024_eps_0.0039.vnnlib,100,unsat True,,,3.12825083732605,0,0,0,,,False,resnet_large__label_81__idx_3388,fix_mask,0,1024,0.0039,CIFAR100_resnet_large,False,0.5870034694671631,"[0, 0, 31, 31]",51,3021,3072,1.66015625,random
234,onnx/CIFAR100_resnet_large.onnx,vnnlib/resnet_large__label_81__idx_3388_fix_nonmask_seg0_k1024_eps_0.0039.vnnlib,100,timeout False,0.0,0.2411768436431884,107.37167739868164,3725,98,1,0.1534631252288818,48.0,False,resnet_large__label_81__idx_3388,fix_nonmask,0,1024,0.0039,CIFAR100_resnet_large,False,0.5870034694671631,"[0, 0, 31, 31]",3021,51,3072,98.33984375,random
235,onnx/CIFAR100_resnet_large.onnx,vnnlib/resnet_large__label_81__idx_5803_global_k1024_eps_0.0039.vnnlib,100,unsat False,0.0,0.2519955635070801,37.02022051811218,2655,97,0,,,False,resnet_large__label_81__idx_5803,global,-1,1024,0.0039,CIFAR100_resnet_large,True,,,3072,0,3072,100.0,random
236,onnx/CIFAR100_resnet_large.onnx,vnnlib/resnet_large__label_81__idx_5803_fix_mask_seg0_k1024_eps_0.0039.vnnlib,100,unsat True,,,2.8344039916992188,0,0,0,,,False,resnet_large__label_81__idx_5803,fix_mask,0,1024,0.0039,CIFAR100_resnet_large,False,0.7525654435157776,"[0, 0, 31, 31]",117,2955,3072,3.80859375,random
237,onnx/CIFAR100_resnet_large.onnx,vnnlib/resnet_large__label_81__idx_5803_fix_nonmask_seg0_k1024_eps_0.0039.vnnlib,100,unsat False,0.0,0.2427895069122314,36.15487384796143,2608,97,0,,,False,resnet_large__label_81__idx_5803,fix_nonmask,0,1024,0.0039,CIFAR100_resnet_large,False,0.7525654435157776,"[0, 0, 31, 31]",2955,117,3072,96.19140625,random
238,onnx/CIFAR100_resnet_large.onnx,vnnlib/resnet_large__label_81__idx_9853_global_k1024_eps_0.0039.vnnlib,100,timeout False,0.0,0.146470308303833,100.59744715690611,3629,96,0,,,False,resnet_large__label_81__idx_9853,global,-1,1024,0.0039,CIFAR100_resnet_large,True,,,3072,0,3072,100.0,random
239,onnx/CIFAR100_resnet_large.onnx,vnnlib/resnet_large__label_81__idx_9853_fix_mask_seg0_k1024_eps_0.0039.vnnlib,100,unsat True,,,2.504274606704712,0,0,0,,,False,resnet_large__label_81__idx_9853,fix_mask,0,1024,0.0039,CIFAR100_resnet_large,False,0.3400352001190185,"[0, 0, 31, 31]",0,3072,3072,0.0,random
240,onnx/CIFAR100_resnet_large.onnx,vnnlib/resnet_large__label_81__idx_9853_fix_nonmask_seg0_k1024_eps_0.0039.vnnlib,100,timeout False,0.0,0.2308456897735595,100.69123458862305,3629,96,0,,,False,resnet_large__label_81__idx_9853,fix_nonmask,0,1024,0.0039,CIFAR100_resnet_large,False,0.3400352001190185,"[0, 0, 31, 31]",3072,0,3072,100.0,random
241,onnx/CIFAR100_resnet_large.onnx,vnnlib/resnet_large__label_82__idx_8354_global_k1024_eps_0.0039.vnnlib,100,unsat True,,,4.092439889907837,0,0,0,,,False,resnet_large__label_82__idx_8354,global,-1,1024,0.0039,CIFAR100_resnet_large,True,,,3072,0,3072,100.0,random
242,onnx/CIFAR100_resnet_large.onnx,vnnlib/resnet_large__label_82__idx_8354_fix_mask_seg0_k1024_eps_0.0039.vnnlib,100,unsat True,,,3.408418893814087,0,0,0,,,False,resnet_large__label_82__idx_8354,fix_mask,0,1024,0.0039,CIFAR100_resnet_large,False,0.7903649806976318,"[0, 0, 31, 31]",42,3030,3072,1.3671875,random
243,onnx/CIFAR100_resnet_large.onnx,vnnlib/resnet_large__label_82__idx_8354_fix_nonmask_seg0_k1024_eps_0.0039.vnnlib,100,unsat True,,,2.764514207839966,0,0,0,,,False,resnet_large__label_82__idx_8354,fix_nonmask,0,1024,0.0039,CIFAR100_resnet_large,False,0.7903649806976318,"[0, 0, 31, 31]",3030,42,3072,98.6328125,random
244,onnx/CIFAR100_resnet_large.onnx,vnnlib/resnet_large__label_83__idx_7948_global_k1024_eps_0.0039.vnnlib,100,timeout False,0.0,0.1533441543579101,104.29408597946168,2629,98,0,,,False,resnet_large__label_83__idx_7948,global,-1,1024,0.0039,CIFAR100_resnet_large,True,,,3072,0,3072,100.0,random
245,onnx/CIFAR100_resnet_large.onnx,vnnlib/resnet_large__label_83__idx_7948_fix_mask_seg0_k1024_eps_0.0039.vnnlib,100,unsat True,,,2.677376747131348,0,0,0,,,False,resnet_large__label_83__idx_7948,fix_mask,0,1024,0.0039,CIFAR100_resnet_large,False,0.8909295797348022,"[0, 0, 31, 31]",399,2673,3072,12.98828125,random
246,onnx/CIFAR100_resnet_large.onnx,vnnlib/resnet_large__label_83__idx_7948_fix_nonmask_seg0_k1024_eps_0.0039.vnnlib,100,timeout False,0.0,0.1499347686767578,104.38815832138062,2304,98,0,,,False,resnet_large__label_83__idx_7948,fix_nonmask,0,1024,0.0039,CIFAR100_resnet_large,False,0.8909295797348022,"[0, 0, 31, 31]",2673,399,3072,87.01171875,random
247,onnx/CIFAR100_resnet_large.onnx,vnnlib/resnet_large__label_84__idx_1886_global_k1024_eps_0.0039.vnnlib,100,unsat False,0.0,0.152144193649292,36.04646396636963,4014,97,2,0.0875128507614135,35.0,False,resnet_large__label_84__idx_1886,global,-1,1024,0.0039,CIFAR100_resnet_large,True,,,3072,0,3072,100.0,random
248,onnx/CIFAR100_resnet_large.onnx,vnnlib/resnet_large__label_84__idx_1886_fix_mask_seg0_k1024_eps_0.0039.vnnlib,100,unsat True,,,2.562780380249023,0,0,0,,,False,resnet_large__label_84__idx_1886,fix_mask,0,1024,0.0039,CIFAR100_resnet_large,False,0.6088689565658569,"[0, 0, 31, 31]",0,3072,3072,0.0,random
249,onnx/CIFAR100_resnet_large.onnx,vnnlib/resnet_large__label_84__idx_1886_fix_nonmask_seg0_k1024_eps_0.0039.vnnlib,100,unsat False,0.0,0.2465381622314453,37.79992651939392,4014,97,2,0.0875107049942016,35.0,False,resnet_large__label_84__idx_1886,fix_nonmask,0,1024,0.0039,CIFAR100_resnet_large,False,0.6088689565658569,"[0, 0, 31, 31]",3072,0,3072,100.0,random
250,onnx/CIFAR100_resnet_large.onnx,vnnlib/resnet_large__label_85__idx_1650_global_k1024_eps_0.0039.vnnlib,100,unsat False,0.0,0.2317140102386474,33.754212617874146,2342,98,0,,,False,resnet_large__label_85__idx_1650,global,-1,1024,0.0039,CIFAR100_resnet_large,True,,,3072,0,3072,100.0,random
251,onnx/CIFAR100_resnet_large.onnx,vnnlib/resnet_large__label_85__idx_1650_fix_mask_seg0_k1024_eps_0.0039.vnnlib,100,unsat True,,,2.7006115913391118,0,0,0,,,False,resnet_large__label_85__idx_1650,fix_mask,0,1024,0.0039,CIFAR100_resnet_large,False,0.4662795662879944,"[0, 0, 31, 31]",3,3069,3072,0.09765625,random
252,onnx/CIFAR100_resnet_large.onnx,vnnlib/resnet_large__label_85__idx_1650_fix_nonmask_seg0_k1024_eps_0.0039.vnnlib,100,unsat False,0.0,0.1488733291625976,32.10374307632446,2341,98,0,,,False,resnet_large__label_85__idx_1650,fix_nonmask,0,1024,0.0039,CIFAR100_resnet_large,False,0.4662795662879944,"[0, 0, 31, 31]",3069,3,3072,99.90234375,random
253,onnx/CIFAR100_resnet_large.onnx,vnnlib/resnet_large__label_85__idx_4482_global_k1024_eps_0.0039.vnnlib,100,sat True,,,5.585732460021973,0,0,0,,,False,resnet_large__label_85__idx_4482,global,-1,1024,0.0039,CIFAR100_resnet_large,True,,,3072,0,3072,100.0,random
254,onnx/CIFAR100_resnet_large.onnx,vnnlib/resnet_large__label_85__idx_4482_fix_mask_seg0_k1024_eps_0.0039.vnnlib,100,unsat True,,,2.4538466930389404,0,0,0,,,False,resnet_large__label_85__idx_4482,fix_mask,0,1024,0.0039,CIFAR100_resnet_large,False,0.3279232680797577,"[0, 0, 31, 31]",0,3072,3072,0.0,random
255,onnx/CIFAR100_resnet_large.onnx,vnnlib/resnet_large__label_85__idx_4482_fix_nonmask_seg0_k1024_eps_0.0039.vnnlib,100,sat True,,,5.406994104385376,0,0,0,,,False,resnet_large__label_85__idx_4482,fix_nonmask,0,1024,0.0039,CIFAR100_resnet_large,False,0.3279232680797577,"[0, 0, 31, 31]",3072,0,3072,100.0,random
256,onnx/CIFAR100_resnet_large.onnx,vnnlib/resnet_large__label_86__idx_5679_global_k1024_eps_0.0039.vnnlib,100,sat True,,,4.670166492462158,0,0,0,,,False,resnet_large__label_86__idx_5679,global,-1,1024,0.0039,CIFAR100_resnet_large,True,,,3072,0,3072,100.0,random
257,onnx/CIFAR100_resnet_large.onnx,vnnlib/resnet_large__label_86__idx_5679_fix_mask_seg0_k1024_eps_0.0039.vnnlib,100,unsat True,,,4.13276219367981,0,0,0,,,False,resnet_large__label_86__idx_5679,fix_mask,0,1024,0.0039,CIFAR100_resnet_large,False,0.8519789576530457,"[0, 0, 31, 31]",153,2919,3072,4.98046875,random
258,onnx/CIFAR100_resnet_large.onnx,vnnlib/resnet_large__label_86__idx_5679_fix_nonmask_seg0_k1024_eps_0.0039.vnnlib,100,sat True,,,5.299849271774292,0,0,0,,,False,resnet_large__label_86__idx_5679,fix_nonmask,0,1024,0.0039,CIFAR100_resnet_large,False,0.8519789576530457,"[0, 0, 31, 31]",2919,153,3072,95.01953125,random
259,onnx/CIFAR100_resnet_large.onnx,vnnlib/resnet_large__label_86__idx_6459_global_k1024_eps_0.0039.vnnlib,100,unsat False,0.0,0.4221158027648926,35.84868502616882,2160,98,0,,,False,resnet_large__label_86__idx_6459,global,-1,1024,0.0039,CIFAR100_resnet_large,True,,,3072,0,3072,100.0,random
260,onnx/CIFAR100_resnet_large.onnx,vnnlib/resnet_large__label_86__idx_6459_fix_mask_seg0_k1024_eps_0.0039.vnnlib,100,unsat True,,,3.5563464164733887,0,0,0,,,False,resnet_large__label_86__idx_6459,fix_mask,0,1024,0.0039,CIFAR100_resnet_large,False,0.6151707172393799,"[0, 0, 31, 31]",120,2952,3072,3.90625,random
261,onnx/CIFAR100_resnet_large.onnx,vnnlib/resnet_large__label_86__idx_6459_fix_nonmask_seg0_k1024_eps_0.0039.vnnlib,100,unsat False,0.0,0.1466515064239502,33.19356083869934,2135,98,0,,,False,resnet_large__label_86__idx_6459,fix_nonmask,0,1024,0.0039,CIFAR100_resnet_large,False,0.6151707172393799,"[0, 0, 31, 31]",2952,120,3072,96.09375,random
262,onnx/CIFAR100_resnet_large.onnx,vnnlib/resnet_large__label_88__idx_4474_global_k1024_eps_0.0039.vnnlib,100,unsat False,0.0,0.2313845157623291,36.31593585014343,3938,98,0,,,False,resnet_large__label_88__idx_4474,global,-1,1024,0.0039,CIFAR100_resnet_large,True,,,3072,0,3072,100.0,random
263,onnx/CIFAR100_resnet_large.onnx,vnnlib/resnet_large__label_88__idx_4474_fix_mask_seg0_k1024_eps_0.0039.vnnlib,100,unsat True,,,2.840404510498047,0,0,0,,,False,resnet_large__label_88__idx_4474,fix_mask,0,1024,0.0039,CIFAR100_resnet_large,False,0.8712791800498962,"[0, 0, 31, 31]",36,3036,3072,1.171875,random
264,onnx/CIFAR100_resnet_large.onnx,vnnlib/resnet_large__label_88__idx_4474_fix_nonmask_seg0_k1024_eps_0.0039.vnnlib,100,unsat False,0.0,0.150439977645874,34.23950123786926,3907,98,0,,,False,resnet_large__label_88__idx_4474,fix_nonmask,0,1024,0.0039,CIFAR100_resnet_large,False,0.8712791800498962,"[0, 0, 31, 31]",3036,36,3072,98.828125,random
265,onnx/CIFAR100_resnet_large.onnx,vnnlib/resnet_large__label_88__idx_5910_global_k1024_eps_0.0039.vnnlib,100,unsat False,0.0,0.259531021118164,34.76753783226013,3243,98,1,0.0650691986083984,83.0,False,resnet_large__label_88__idx_5910,global,-1,1024,0.0039,CIFAR100_resnet_large,True,,,3072,0,3072,100.0,random
266,onnx/CIFAR100_resnet_large.onnx,vnnlib/resnet_large__label_88__idx_5910_fix_mask_seg0_k1024_eps_0.0039.vnnlib,100,unsat True,,,4.147862434387207,0,0,0,,,False,resnet_large__label_88__idx_5910,fix_mask,0,1024,0.0039,CIFAR100_resnet_large,False,0.7934972643852234,"[0, 0, 31, 31]",12,3060,3072,0.390625,random
267,onnx/CIFAR100_resnet_large.onnx,vnnlib/resnet_large__label_88__idx_5910_fix_nonmask_seg0_k1024_eps_0.0039.vnnlib,100,unsat False,0.0,0.1512501239776611,32.922733783721924,3238,98,1,0.0676072835922241,83.0,False,resnet_large__label_88__idx_5910,fix_nonmask,0,1024,0.0039,CIFAR100_resnet_large,False,0.7934972643852234,"[0, 0, 31, 31]",3060,12,3072,99.609375,random
268,onnx/CIFAR100_resnet_large.onnx,vnnlib/resnet_large__label_89__idx_5310_global_k1024_eps_0.0039.vnnlib,100,unsat False,0.0,0.1895842552185058,34.709227085113525,2753,97,1,0.0332154035568237,36.0,False,resnet_large__label_89__idx_5310,global,-1,1024,0.0039,CIFAR100_resnet_large,True,,,3072,0,3072,100.0,random
269,onnx/CIFAR100_resnet_large.onnx,vnnlib/resnet_large__label_89__idx_5310_fix_mask_seg0_k1024_eps_0.0039.vnnlib,100,unsat True,,,4.031400442123413,0,0,0,,,False,resnet_large__label_89__idx_5310,fix_mask,0,1024,0.0039,CIFAR100_resnet_large,False,0.7773979902267456,"[0, 0, 31, 31]",72,3000,3072,2.34375,random
270,onnx/CIFAR100_resnet_large.onnx,vnnlib/resnet_large__label_89__idx_5310_fix_nonmask_seg0_k1024_eps_0.0039.vnnlib,100,unsat False,0.0,0.1481990814208984,33.93874001502991,2692,97,0,,,False,resnet_large__label_89__idx_5310,fix_nonmask,0,1024,0.0039,CIFAR100_resnet_large,False,0.7773979902267456,"[0, 0, 31, 31]",3000,72,3072,97.65625,random
271,onnx/CIFAR100_resnet_large.onnx,vnnlib/resnet_large__label_89__idx_9025_global_k1024_eps_0.0039.vnnlib,100,timeout False,0.0,0.1502282619476318,103.27026677131651,3349,98,0,,,False,resnet_large__label_89__idx_9025,global,-1,1024,0.0039,CIFAR100_resnet_large,True,,,3072,0,3072,100.0,random
272,onnx/CIFAR100_resnet_large.onnx,vnnlib/resnet_large__label_89__idx_9025_fix_mask_seg0_k1024_eps_0.0039.vnnlib,100,unsat True,,,3.1638343334198,0,0,0,,,False,resnet_large__label_89__idx_9025,fix_mask,0,1024,0.0039,CIFAR100_resnet_large,False,0.7798042893409729,"[0, 0, 31, 31]",18,3054,3072,0.5859375,random
273,onnx/CIFAR100_resnet_large.onnx,vnnlib/resnet_large__label_89__idx_9025_fix_nonmask_seg0_k1024_eps_0.0039.vnnlib,100,timeout False,0.0,0.2367091178894043,101.5605616569519,3336,98,0,,,False,resnet_large__label_89__idx_9025,fix_nonmask,0,1024,0.0039,CIFAR100_resnet_large,False,0.7798042893409729,"[0, 0, 31, 31]",3054,18,3072,99.4140625,random
274,onnx/CIFAR100_resnet_large.onnx,vnnlib/resnet_large__label_90__idx_4217_global_k1024_eps_0.0039.vnnlib,100,unsat False,0.0,0.4065639972686767,39.53098726272583,3434,97,2,0.0707123279571533,18.0,False,resnet_large__label_90__idx_4217,global,-1,1024,0.0039,CIFAR100_resnet_large,True,,,3072,0,3072,100.0,random
275,onnx/CIFAR100_resnet_large.onnx,vnnlib/resnet_large__label_90__idx_4217_fix_mask_seg0_k1024_eps_0.0039.vnnlib,100,unsat True,,,2.592172384262085,0,0,0,,,False,resnet_large__label_90__idx_4217,fix_mask,0,1024,0.0039,CIFAR100_resnet_large,False,0.6826719045639038,"[0, 0, 31, 31]",0,3072,3072,0.0,random
276,onnx/CIFAR100_resnet_large.onnx,vnnlib/resnet_large__label_90__idx_4217_fix_nonmask_seg0_k1024_eps_0.0039.vnnlib,100,unsat False,0.0,0.2417690753936767,39.90609264373779,3434,97,2,0.070709228515625,18.0,False,resnet_large__label_90__idx_4217,fix_nonmask,0,1024,0.0039,CIFAR100_resnet_large,False,0.6826719045639038,"[0, 0, 31, 31]",3072,0,3072,100.0,random
277,onnx/CIFAR100_resnet_large.onnx,vnnlib/resnet_large__label_91__idx_1194_global_k1024_eps_0.0039.vnnlib,100,unsat True,,,27.21269154548645,0,0,0,,,False,resnet_large__label_91__idx_1194,global,-1,1024,0.0039,CIFAR100_resnet_large,True,,,3072,0,3072,100.0,random
278,onnx/CIFAR100_resnet_large.onnx,vnnlib/resnet_large__label_91__idx_1194_fix_mask_seg0_k1024_eps_0.0039.vnnlib,100,unsat True,,,2.8484623432159424,0,0,0,,,False,resnet_large__label_91__idx_1194,fix_mask,0,1024,0.0039,CIFAR100_resnet_large,False,0.7218878865242004,"[0, 0, 31, 31]",0,3072,3072,0.0,random
279,onnx/CIFAR100_resnet_large.onnx,vnnlib/resnet_large__label_91__idx_1194_fix_nonmask_seg0_k1024_eps_0.0039.vnnlib,100,unsat True,,,26.592885971069336,0,0,0,,,False,resnet_large__label_91__idx_1194,fix_nonmask,0,1024,0.0039,CIFAR100_resnet_large,False,0.7218878865242004,"[0, 0, 31, 31]",3072,0,3072,100.0,random
280,onnx/CIFAR100_resnet_large.onnx,vnnlib/resnet_large__label_91__idx_200_global_k1024_eps_0.0039.vnnlib,100,sat True,,,4.412581205368042,0,0,0,,,False,resnet_large__label_91__idx_200,global,-1,1024,0.0039,CIFAR100_resnet_large,True,,,3072,0,3072,100.0,random
281,onnx/CIFAR100_resnet_large.onnx,vnnlib/resnet_large__label_91__idx_200_fix_mask_seg0_k1024_eps_0.0039.vnnlib,100,unsat True,,,3.338221549987793,0,0,0,,,False,resnet_large__label_91__idx_200,fix_mask,0,1024,0.0039,CIFAR100_resnet_large,False,0.8057616949081421,"[0, 0, 31, 31]",12,3060,3072,0.390625,random
282,onnx/CIFAR100_resnet_large.onnx,vnnlib/resnet_large__label_91__idx_200_fix_nonmask_seg0_k1024_eps_0.0039.vnnlib,100,sat True,,,7.348238468170166,0,0,0,,,False,resnet_large__label_91__idx_200,fix_nonmask,0,1024,0.0039,CIFAR100_resnet_large,False,0.8057616949081421,"[0, 0, 31, 31]",3060,12,3072,99.609375,random
283,onnx/CIFAR100_resnet_large.onnx,vnnlib/resnet_large__label_93__idx_7162_global_k1024_eps_0.0039.vnnlib,100,unsat False,0.0,0.1483786106109619,33.21287417411804,3492,98,0,,,False,resnet_large__label_93__idx_7162,global,-1,1024,0.0039,CIFAR100_resnet_large,True,,,3072,0,3072,100.0,random
284,onnx/CIFAR100_resnet_large.onnx,vnnlib/resnet_large__label_93__idx_7162_fix_mask_seg0_k1024_eps_0.0039.vnnlib,100,unsat True,,,2.752249956130981,0,0,0,,,False,resnet_large__label_93__idx_7162,fix_mask,0,1024,0.0039,CIFAR100_resnet_large,False,0.877643346786499,"[0, 0, 31, 31]",249,2823,3072,8.10546875,random
285,onnx/CIFAR100_resnet_large.onnx,vnnlib/resnet_large__label_93__idx_7162_fix_nonmask_seg0_k1024_eps_0.0039.vnnlib,100,unsat False,0.0,0.2647664546966553,33.31923604011536,3323,98,0,,,False,resnet_large__label_93__idx_7162,fix_nonmask,0,1024,0.0039,CIFAR100_resnet_large,False,0.877643346786499,"[0, 0, 31, 31]",2823,249,3072,91.89453125,random
286,onnx/CIFAR100_resnet_large.onnx,vnnlib/resnet_large__label_93__idx_8828_global_k1024_eps_0.0039.vnnlib,100,unsat False,0.0,0.3824903964996338,35.75949192047119,2379,98,0,,,False,resnet_large__label_93__idx_8828,global,-1,1024,0.0039,CIFAR100_resnet_large,True,,,3072,0,3072,100.0,random
287,onnx/CIFAR100_resnet_large.onnx,vnnlib/resnet_large__label_93__idx_8828_fix_mask_seg0_k1024_eps_0.0039.vnnlib,100,unsat True,,,3.791398525238037,0,0,0,,,False,resnet_large__label_93__idx_8828,fix_mask,0,1024,0.0039,CIFAR100_resnet_large,False,0.9195058941841124,"[0, 0, 31, 31]",72,3000,3072,2.34375,random
288,onnx/CIFAR100_resnet_large.onnx,vnnlib/resnet_large__label_93__idx_8828_fix_nonmask_seg0_k1024_eps_0.0039.vnnlib,100,unsat False,0.0,0.2333295345306396,34.002811670303345,2349,98,0,,,False,resnet_large__label_93__idx_8828,fix_nonmask,0,1024,0.0039,CIFAR100_resnet_large,False,0.9195058941841124,"[0, 0, 31, 31]",3000,72,3072,97.65625,random
289,onnx/CIFAR100_resnet_large.onnx,vnnlib/resnet_large__label_94__idx_3842_global_k1024_eps_0.0039.vnnlib,100,timeout False,0.0,0.1531121730804443,100.74521565437315,4211,98,4,0.1887991428375244,94.0,False,resnet_large__label_94__idx_3842,global,-1,1024,0.0039,CIFAR100_resnet_large,True,,,3072,0,3072,100.0,random
290,onnx/CIFAR100_resnet_large.onnx,vnnlib/resnet_large__label_94__idx_3842_fix_mask_seg0_k1024_eps_0.0039.vnnlib,100,unsat True,,,3.0788960456848145,0,0,0,,,False,resnet_large__label_94__idx_3842,fix_mask,0,1024,0.0039,CIFAR100_resnet_large,False,0.5296639800071716,"[0, 0, 31, 31]",42,3030,3072,1.3671875,random
291,onnx/CIFAR100_resnet_large.onnx,vnnlib/resnet_large__label_94__idx_3842_fix_nonmask_seg0_k1024_eps_0.0039.vnnlib,100,timeout False,0.0,0.2413957118988037,103.79686880111694,4185,98,3,0.2269670963287353,94.0,False,resnet_large__label_94__idx_3842,fix_nonmask,0,1024,0.0039,CIFAR100_resnet_large,False,0.5296639800071716,"[0, 0, 31, 31]",3030,42,3072,98.6328125,random
292,onnx/CIFAR100_resnet_large.onnx,vnnlib/resnet_large__label_94__idx_7371_global_k1024_eps_0.0039.vnnlib,100,unsat True,,,3.396989583969116,0,0,0,,,False,resnet_large__label_94__idx_7371,global,-1,1024,0.0039,CIFAR100_resnet_large,True,,,3072,0,3072,100.0,random
293,onnx/CIFAR100_resnet_large.onnx,vnnlib/resnet_large__label_94__idx_7371_fix_mask_seg0_k1024_eps_0.0039.vnnlib,100,unsat True,,,2.898355484008789,0,0,0,,,False,resnet_large__label_94__idx_7371,fix_mask,0,1024,0.0039,CIFAR100_resnet_large,False,0.8258622288703918,"[0, 0, 31, 31]",54,3018,3072,1.7578125,random
294,onnx/CIFAR100_resnet_large.onnx,vnnlib/resnet_large__label_94__idx_7371_fix_nonmask_seg0_k1024_eps_0.0039.vnnlib,100,unsat True,,,4.065789937973023,0,0,0,,,False,resnet_large__label_94__idx_7371,fix_nonmask,0,1024,0.0039,CIFAR100_resnet_large,False,0.8258622288703918,"[0, 0, 31, 31]",3018,54,3072,98.2421875,random
295,onnx/CIFAR100_resnet_large.onnx,vnnlib/resnet_large__label_94__idx_9000_global_k1024_eps_0.0039.vnnlib,100,timeout False,0.0,0.1594817638397216,102.48055410385132,3169,95,0,,,False,resnet_large__label_94__idx_9000,global,-1,1024,0.0039,CIFAR100_resnet_large,True,,,3072,0,3072,100.0,random
296,onnx/CIFAR100_resnet_large.onnx,vnnlib/resnet_large__label_94__idx_9000_fix_mask_seg0_k1024_eps_0.0039.vnnlib,100,unsat True,,,4.340120315551758,0,0,0,,,False,resnet_large__label_94__idx_9000,fix_mask,0,1024,0.0039,CIFAR100_resnet_large,False,0.645643949508667,"[0, 0, 31, 31]",0,3072,3072,0.0,random
297,onnx/CIFAR100_resnet_large.onnx,vnnlib/resnet_large__label_94__idx_9000_fix_nonmask_seg0_k1024_eps_0.0039.vnnlib,100,timeout False,0.0,0.1937644481658935,108.65534687042236,3169,95,0,,,False,resnet_large__label_94__idx_9000,fix_nonmask,0,1024,0.0039,CIFAR100_resnet_large,False,0.645643949508667,"[0, 0, 31, 31]",3072,0,3072,100.0,random
298,onnx/CIFAR100_resnet_large.onnx,vnnlib/resnet_large__label_95__idx_1371_global_k1024_eps_0.0039.vnnlib,100,timeout False,0.0,0.2397277355194091,101.50113201141356,1734,97,0,,,False,resnet_large__label_95__idx_1371,global,-1,1024,0.0039,CIFAR100_resnet_large,True,,,3072,0,3072,100.0,random
299,onnx/CIFAR100_resnet_large.onnx,vnnlib/resnet_large__label_95__idx_1371_fix_mask_seg0_k1024_eps_0.0039.vnnlib,100,unsat True,,,2.764993190765381,0,0,0,,,False,resnet_large__label_95__idx_1371,fix_mask,0,1024,0.0039,CIFAR100_resnet_large,False,0.8771045804023743,"[0, 0, 31, 31]",6,3066,3072,0.1953125,random
300,onnx/CIFAR100_resnet_large.onnx,vnnlib/resnet_large__label_95__idx_1371_fix_nonmask_seg0_k1024_eps_0.0039.vnnlib,100,timeout False,0.0,0.2392323017120361,101.13817286491394,1731,97,0,,,False,resnet_large__label_95__idx_1371,fix_nonmask,0,1024,0.0039,CIFAR100_resnet_large,False,0.8771045804023743,"[0, 0, 31, 31]",3066,6,3072,99.8046875,random
301,onnx/CIFAR100_resnet_medium.onnx,vnnlib/resnet_medium__label_0__idx_2404_global_k1024_eps_0.0039.vnnlib,100,unsat True,,,15.740514993667604,0,0,0,,,False,resnet_medium__label_0__idx_2404,global,-1,1024,0.0039,CIFAR100_resnet_medium,True,,,3072,0,3072,100.0,random
302,onnx/CIFAR100_resnet_medium.onnx,vnnlib/resnet_medium__label_0__idx_2404_fix_mask_seg0_k1024_eps_0.0039.vnnlib,100,unsat True,,,2.915979623794556,0,0,0,,,False,resnet_medium__label_0__idx_2404,fix_mask,0,1024,0.0039,CIFAR100_resnet_medium,False,0.5252119302749634,"[0, 0, 31, 31]",0,3072,3072,0.0,random
303,onnx/CIFAR100_resnet_medium.onnx,vnnlib/resnet_medium__label_0__idx_2404_fix_nonmask_seg0_k1024_eps_0.0039.vnnlib,100,unsat True,,,12.576095342636108,0,0,0,,,False,resnet_medium__label_0__idx_2404,fix_nonmask,0,1024,0.0039,CIFAR100_resnet_medium,False,0.5252119302749634,"[0, 0, 31, 31]",3072,0,3072,100.0,random
304,onnx/CIFAR100_resnet_medium.onnx,vnnlib/resnet_medium__label_0__idx_5369_global_k1024_eps_0.0039.vnnlib,100,timeout False,0.0,0.1474099159240722,102.489985704422,1127,98,0,,,False,resnet_medium__label_0__idx_5369,global,-1,1024,0.0039,CIFAR100_resnet_medium,True,,,3072,0,3072,100.0,random
305,onnx/CIFAR100_resnet_medium.onnx,vnnlib/resnet_medium__label_0__idx_5369_fix_mask_seg0_k1024_eps_0.0039.vnnlib,100,unsat True,,,2.970466136932373,0,0,0,,,False,resnet_medium__label_0__idx_5369,fix_mask,0,1024,0.0039,CIFAR100_resnet_medium,False,0.7199445366859436,"[0, 0, 31, 31]",0,3072,3072,0.0,random
306,onnx/CIFAR100_resnet_medium.onnx,vnnlib/resnet_medium__label_0__idx_5369_fix_nonmask_seg0_k1024_eps_0.0039.vnnlib,100,timeout False,0.0,0.1736397743225097,102.10877919197084,1127,98,0,,,False,resnet_medium__label_0__idx_5369,fix_nonmask,0,1024,0.0039,CIFAR100_resnet_medium,False,0.7199445366859436,"[0, 0, 31, 31]",3072,0,3072,100.0,random
307,onnx/CIFAR100_resnet_medium.onnx,vnnlib/resnet_medium__label_11__idx_7329_global_k1024_eps_0.0039.vnnlib,100,sat True,,,3.031693935394287,0,0,0,,,False,resnet_medium__label_11__idx_7329,global,-1,1024,0.0039,CIFAR100_resnet_medium,True,,,3072,0,3072,100.0,random
308,onnx/CIFAR100_resnet_medium.onnx,vnnlib/resnet_medium__label_11__idx_7329_fix_mask_seg0_k1024_eps_0.0039.vnnlib,100,unsat True,,,2.4511022567749023,0,0,0,,,False,resnet_medium__label_11__idx_7329,fix_mask,0,1024,0.0039,CIFAR100_resnet_medium,False,0.8587418794631958,"[0, 0, 31, 31]",435,2637,3072,14.16015625,random
309,onnx/CIFAR100_resnet_medium.onnx,vnnlib/resnet_medium__label_11__idx_7329_fix_nonmask_seg0_k1024_eps_0.0039.vnnlib,100,sat True,,,3.3014979362487797,0,0,0,,,False,resnet_medium__label_11__idx_7329,fix_nonmask,0,1024,0.0039,CIFAR100_resnet_medium,False,0.8587418794631958,"[0, 0, 31, 31]",2637,435,3072,85.83984375,random
310,onnx/CIFAR100_resnet_medium.onnx,vnnlib/resnet_medium__label_12__idx_6868_global_k1024_eps_0.0039.vnnlib,100,unsat False,0.0,0.1559212207794189,17.63706660270691,1000,98,0,,,False,resnet_medium__label_12__idx_6868,global,-1,1024,0.0039,CIFAR100_resnet_medium,True,,,3072,0,3072,100.0,random
311,onnx/CIFAR100_resnet_medium.onnx,vnnlib/resnet_medium__label_12__idx_6868_fix_mask_seg0_k1024_eps_0.0039.vnnlib,100,unsat True,,,3.0616605281829834,0,0,0,,,False,resnet_medium__label_12__idx_6868,fix_mask,0,1024,0.0039,CIFAR100_resnet_medium,False,0.3810194432735443,"[0, 0, 31, 31]",0,3072,3072,0.0,random
312,onnx/CIFAR100_resnet_medium.onnx,vnnlib/resnet_medium__label_12__idx_6868_fix_nonmask_seg0_k1024_eps_0.0039.vnnlib,100,unsat False,0.0,0.239410400390625,18.67749047279358,1000,98,0,,,False,resnet_medium__label_12__idx_6868,fix_nonmask,0,1024,0.0039,CIFAR100_resnet_medium,False,0.3810194432735443,"[0, 0, 31, 31]",3072,0,3072,100.0,random
313,onnx/CIFAR100_resnet_medium.onnx,vnnlib/resnet_medium__label_14__idx_1406_global_k1024_eps_0.0039.vnnlib,100,unsat False,0.0,0.1521699428558349,17.007619380950928,705,98,0,,,False,resnet_medium__label_14__idx_1406,global,-1,1024,0.0039,CIFAR100_resnet_medium,True,,,3072,0,3072,100.0,random
314,onnx/CIFAR100_resnet_medium.onnx,vnnlib/resnet_medium__label_14__idx_1406_fix_mask_seg0_k1024_eps_0.0039.vnnlib,100,unsat True,,,2.432063341140747,0,0,0,,,False,resnet_medium__label_14__idx_1406,fix_mask,0,1024,0.0039,CIFAR100_resnet_medium,False,0.8750630617141724,"[0, 0, 31, 31]",0,3072,3072,0.0,random
315,onnx/CIFAR100_resnet_medium.onnx,vnnlib/resnet_medium__label_14__idx_1406_fix_nonmask_seg0_k1024_eps_0.0039.vnnlib,100,unsat False,0.0,0.2554335594177246,17.667884349822998,705,98,0,,,False,resnet_medium__label_14__idx_1406,fix_nonmask,0,1024,0.0039,CIFAR100_resnet_medium,False,0.8750630617141724,"[0, 0, 31, 31]",3072,0,3072,100.0,random
316,onnx/CIFAR100_resnet_medium.onnx,vnnlib/resnet_medium__label_15__idx_4836_global_k1024_eps_0.0039.vnnlib,100,sat True,,,4.231796503067017,0,0,0,,,False,resnet_medium__label_15__idx_4836,global,-1,1024,0.0039,CIFAR100_resnet_medium,True,,,3072,0,3072,100.0,random
317,onnx/CIFAR100_resnet_medium.onnx,vnnlib/resnet_medium__label_15__idx_4836_fix_mask_seg0_k1024_eps_0.0039.vnnlib,100,unsat True,,,2.54311752319336,0,0,0,,,False,resnet_medium__label_15__idx_4836,fix_mask,0,1024,0.0039,CIFAR100_resnet_medium,False,0.7793582081794739,"[0, 0, 31, 31]",132,2940,3072,4.296875,random
318,onnx/CIFAR100_resnet_medium.onnx,vnnlib/resnet_medium__label_15__idx_4836_fix_nonmask_seg0_k1024_eps_0.0039.vnnlib,100,sat True,,,4.21432638168335,0,0,0,,,False,resnet_medium__label_15__idx_4836,fix_nonmask,0,1024,0.0039,CIFAR100_resnet_medium,False,0.7793582081794739,"[0, 0, 31, 31]",2940,132,3072,95.703125,random
319,onnx/CIFAR100_resnet_medium.onnx,vnnlib/resnet_medium__label_15__idx_6893_global_k1024_eps_0.0039.vnnlib,100,timeout False,0.0,0.194993257522583,103.5667564868927,933,98,0,,,False,resnet_medium__label_15__idx_6893,global,-1,1024,0.0039,CIFAR100_resnet_medium,True,,,3072,0,3072,100.0,random
320,onnx/CIFAR100_resnet_medium.onnx,vnnlib/resnet_medium__label_15__idx_6893_fix_mask_seg0_k1024_eps_0.0039.vnnlib,100,unsat True,,,6.339317560195923,0,0,0,,,False,resnet_medium__label_15__idx_6893,fix_mask,0,1024,0.0039,CIFAR100_resnet_medium,False,0.828723669052124,"[0, 0, 31, 31]",162,2910,3072,5.2734375,random
321,onnx/CIFAR100_resnet_medium.onnx,vnnlib/resnet_medium__label_15__idx_6893_fix_nonmask_seg0_k1024_eps_0.0039.vnnlib,100,timeout False,0.0,0.2305889129638672,105.17895865440369,903,98,0,,,False,resnet_medium__label_15__idx_6893,fix_nonmask,0,1024,0.0039,CIFAR100_resnet_medium,False,0.828723669052124,"[0, 0, 31, 31]",2910,162,3072,94.7265625,random
322,onnx/CIFAR100_resnet_medium.onnx,vnnlib/resnet_medium__label_16__idx_9074_global_k1024_eps_0.0039.vnnlib,100,unsat False,0.0,0.2464559078216552,26.070048332214355,1159,94,0,,,False,resnet_medium__label_16__idx_9074,global,-1,1024,0.0039,CIFAR100_resnet_medium,True,,,3072,0,3072,100.0,random
323,onnx/CIFAR100_resnet_medium.onnx,vnnlib/resnet_medium__label_16__idx_9074_fix_mask_seg0_k1024_eps_0.0039.vnnlib,100,unsat True,,,3.601424217224121,0,0,0,,,False,resnet_medium__label_16__idx_9074,fix_mask,0,1024,0.0039,CIFAR100_resnet_medium,False,0.2602460384368896,"[0, 0, 31, 31]",0,3072,3072,0.0,random
324,onnx/CIFAR100_resnet_medium.onnx,vnnlib/resnet_medium__label_16__idx_9074_fix_nonmask_seg0_k1024_eps_0.0039.vnnlib,100,unsat False,0.0,0.2317698001861572,25.1503221988678,1159,94,0,,,False,resnet_medium__label_16__idx_9074,fix_nonmask,0,1024,0.0039,CIFAR100_resnet_medium,False,0.2602460384368896,"[0, 0, 31, 31]",3072,0,3072,100.0,random
325,onnx/CIFAR100_resnet_medium.onnx,vnnlib/resnet_medium__label_17__idx_388_global_k1024_eps_0.0039.vnnlib,100,unsat False,0.0,0.2639591693878174,41.56643486022949,1083,96,0,,,False,resnet_medium__label_17__idx_388,global,-1,1024,0.0039,CIFAR100_resnet_medium,True,,,3072,0,3072,100.0,random
326,onnx/CIFAR100_resnet_medium.onnx,vnnlib/resnet_medium__label_17__idx_388_fix_mask_seg0_k1024_eps_0.0039.vnnlib,100,unsat True,,,3.0141801834106445,0,0,0,,,False,resnet_medium__label_17__idx_388,fix_mask,0,1024,0.0039,CIFAR100_resnet_medium,False,0.8010436296463013,"[0, 0, 31, 31]",129,2943,3072,4.19921875,random
327,onnx/CIFAR100_resnet_medium.onnx,vnnlib/resnet_medium__label_17__idx_388_fix_nonmask_seg0_k1024_eps_0.0039.vnnlib,100,unsat False,0.0,0.2351911067962646,34.91106390953064,1081,96,0,,,False,resnet_medium__label_17__idx_388,fix_nonmask,0,1024,0.0039,CIFAR100_resnet_medium,False,0.8010436296463013,"[0, 0, 31, 31]",2943,129,3072,95.80078125,random
328,onnx/CIFAR100_resnet_medium.onnx,vnnlib/resnet_medium__label_17__idx_9758_global_k1024_eps_0.0039.vnnlib,100,timeout False,0.0,0.1316192150115966,107.38196206092834,1047,98,0,,,False,resnet_medium__label_17__idx_9758,global,-1,1024,0.0039,CIFAR100_resnet_medium,True,,,3072,0,3072,100.0,random
329,onnx/CIFAR100_resnet_medium.onnx,vnnlib/resnet_medium__label_17__idx_9758_fix_mask_seg0_k1024_eps_0.0039.vnnlib,100,unsat True,,,3.055344343185425,0,0,0,,,False,resnet_medium__label_17__idx_9758,fix_mask,0,1024,0.0039,CIFAR100_resnet_medium,False,0.8345925211906433,"[0, 0, 31, 31]",120,2952,3072,3.90625,random
330,onnx/CIFAR100_resnet_medium.onnx,vnnlib/resnet_medium__label_17__idx_9758_fix_nonmask_seg0_k1024_eps_0.0039.vnnlib,100,timeout False,0.0,0.226414680480957,101.02327513694765,1033,98,0,,,False,resnet_medium__label_17__idx_9758,fix_nonmask,0,1024,0.0039,CIFAR100_resnet_medium,False,0.8345925211906433,"[0, 0, 31, 31]",2952,120,3072,96.09375,random
331,onnx/CIFAR100_resnet_medium.onnx,vnnlib/resnet_medium__label_17__idx_9941_global_k1024_eps_0.0039.vnnlib,100,unsat True,,,11.717611312866213,0,0,0,,,False,resnet_medium__label_17__idx_9941,global,-1,1024,0.0039,CIFAR100_resnet_medium,True,,,3072,0,3072,100.0,random
332,onnx/CIFAR100_resnet_medium.onnx,vnnlib/resnet_medium__label_17__idx_9941_fix_mask_seg0_k1024_eps_0.0039.vnnlib,100,unsat True,,,2.2348999977111816,0,0,0,,,False,resnet_medium__label_17__idx_9941,fix_mask,0,1024,0.0039,CIFAR100_resnet_medium,False,0.8406082391738892,"[0, 0, 31, 31]",0,3072,3072,0.0,random
333,onnx/CIFAR100_resnet_medium.onnx,vnnlib/resnet_medium__label_17__idx_9941_fix_nonmask_seg0_k1024_eps_0.0039.vnnlib,100,unsat True,,,12.36601972579956,0,0,0,,,False,resnet_medium__label_17__idx_9941,fix_nonmask,0,1024,0.0039,CIFAR100_resnet_medium,False,0.8406082391738892,"[0, 0, 31, 31]",3072,0,3072,100.0,random
334,onnx/CIFAR100_resnet_medium.onnx,vnnlib/resnet_medium__label_18__idx_4586_global_k1024_eps_0.0039.vnnlib,100,timeout False,0.0,0.2495441436767578,102.21879124641418,1174,98,0,,,False,resnet_medium__label_18__idx_4586,global,-1,1024,0.0039,CIFAR100_resnet_medium,True,,,3072,0,3072,100.0,random
335,onnx/CIFAR100_resnet_medium.onnx,vnnlib/resnet_medium__label_18__idx_4586_fix_mask_seg0_k1024_eps_0.0039.vnnlib,100,unsat True,,,2.654343843460083,0,0,0,,,False,resnet_medium__label_18__idx_4586,fix_mask,0,1024,0.0039,CIFAR100_resnet_medium,False,0.5948469042778015,"[0, 0, 31, 31]",0,3072,3072,0.0,random
336,onnx/CIFAR100_resnet_medium.onnx,vnnlib/resnet_medium__label_18__idx_4586_fix_nonmask_seg0_k1024_eps_0.0039.vnnlib,100,timeout False,0.0,0.2359495162963867,107.9899399280548,1174,98,0,,,False,resnet_medium__label_18__idx_4586,fix_nonmask,0,1024,0.0039,CIFAR100_resnet_medium,False,0.5948469042778015,"[0, 0, 31, 31]",3072,0,3072,100.0,random
337,onnx/CIFAR100_resnet_medium.onnx,vnnlib/resnet_medium__label_18__idx_9124_global_k1024_eps_0.0039.vnnlib,100,timeout False,0.0,0.1493861675262451,104.56207537651062,1062,98,0,,,False,resnet_medium__label_18__idx_9124,global,-1,1024,0.0039,CIFAR100_resnet_medium,True,,,3072,0,3072,100.0,random
338,onnx/CIFAR100_resnet_medium.onnx,vnnlib/resnet_medium__label_18__idx_9124_fix_mask_seg0_k1024_eps_0.0039.vnnlib,100,unsat True,,,2.3489253520965576,0,0,0,,,False,resnet_medium__label_18__idx_9124,fix_mask,0,1024,0.0039,CIFAR100_resnet_medium,False,0.5947900414466858,"[0, 0, 31, 31]",0,3072,3072,0.0,random
339,onnx/CIFAR100_resnet_medium.onnx,vnnlib/resnet_medium__label_18__idx_9124_fix_nonmask_seg0_k1024_eps_0.0039.vnnlib,100,timeout False,0.0,0.1455957889556884,107.50482654571532,1062,98,0,,,False,resnet_medium__label_18__idx_9124,fix_nonmask,0,1024,0.0039,CIFAR100_resnet_medium,False,0.5947900414466858,"[0, 0, 31, 31]",3072,0,3072,100.0,random
340,onnx/CIFAR100_resnet_medium.onnx,vnnlib/resnet_medium__label_20__idx_3539_global_k1024_eps_0.0039.vnnlib,100,unsat False,0.0,0.1465620994567871,16.385170936584473,1072,96,0,,,False,resnet_medium__label_20__idx_3539,global,-1,1024,0.0039,CIFAR100_resnet_medium,True,,,3072,0,3072,100.0,random
341,onnx/CIFAR100_resnet_medium.onnx,vnnlib/resnet_medium__label_20__idx_3539_fix_mask_seg0_k1024_eps_0.0039.vnnlib,100,unsat True,,,3.058634042739868,0,0,0,,,False,resnet_medium__label_20__idx_3539,fix_mask,0,1024,0.0039,CIFAR100_resnet_medium,False,0.8381169438362122,"[0, 0, 31, 31]",0,3072,3072,0.0,random
342,onnx/CIFAR100_resnet_medium.onnx,vnnlib/resnet_medium__label_20__idx_3539_fix_nonmask_seg0_k1024_eps_0.0039.vnnlib,100,unsat False,0.0,0.1484334468841552,16.537736177444458,1072,96,0,,,False,resnet_medium__label_20__idx_3539,fix_nonmask,0,1024,0.0039,CIFAR100_resnet_medium,False,0.8381169438362122,"[0, 0, 31, 31]",3072,0,3072,100.0,random
343,onnx/CIFAR100_resnet_medium.onnx,vnnlib/resnet_medium__label_20__idx_5266_global_k1024_eps_0.0039.vnnlib,100,timeout False,0.0,0.2382245063781738,103.19264316558838,680,98,0,,,False,resnet_medium__label_20__idx_5266,global,-1,1024,0.0039,CIFAR100_resnet_medium,True,,,3072,0,3072,100.0,random
344,onnx/CIFAR100_resnet_medium.onnx,vnnlib/resnet_medium__label_20__idx_5266_fix_mask_seg0_k1024_eps_0.0039.vnnlib,100,unsat True,,,2.817506790161133,0,0,0,,,False,resnet_medium__label_20__idx_5266,fix_mask,0,1024,0.0039,CIFAR100_resnet_medium,False,0.7047449946403503,"[0, 0, 31, 31]",102,2970,3072,3.3203125,random
345,onnx/CIFAR100_resnet_medium.onnx,vnnlib/resnet_medium__label_20__idx_5266_fix_nonmask_seg0_k1024_eps_0.0039.vnnlib,100,timeout False,0.0,0.2832090854644775,101.5237603187561,680,98,0,,,False,resnet_medium__label_20__idx_5266,fix_nonmask,0,1024,0.0039,CIFAR100_resnet_medium,False,0.7047449946403503,"[0, 0, 31, 31]",2970,102,3072,96.6796875,random
346,onnx/CIFAR100_resnet_medium.onnx,vnnlib/resnet_medium__label_20__idx_9332_global_k1024_eps_0.0039.vnnlib,100,unsat False,0.0,0.2341668605804443,15.147948741912842,1100,98,0,,,False,resnet_medium__label_20__idx_9332,global,-1,1024,0.0039,CIFAR100_resnet_medium,True,,,3072,0,3072,100.0,random
347,onnx/CIFAR100_resnet_medium.onnx,vnnlib/resnet_medium__label_20__idx_9332_fix_mask_seg0_k1024_eps_0.0039.vnnlib,100,unsat True,,,2.6723759174346924,0,0,0,,,False,resnet_medium__label_20__idx_9332,fix_mask,0,1024,0.0039,CIFAR100_resnet_medium,False,0.847291886806488,"[0, 0, 31, 31]",0,3072,3072,0.0,random
348,onnx/CIFAR100_resnet_medium.onnx,vnnlib/resnet_medium__label_20__idx_9332_fix_nonmask_seg0_k1024_eps_0.0039.vnnlib,100,unsat False,0.0,0.2323629856109619,16.12877345085144,1100,98,0,,,False,resnet_medium__label_20__idx_9332,fix_nonmask,0,1024,0.0039,CIFAR100_resnet_medium,False,0.847291886806488,"[0, 0, 31, 31]",3072,0,3072,100.0,random
349,onnx/CIFAR100_resnet_medium.onnx,vnnlib/resnet_medium__label_21__idx_4555_global_k1024_eps_0.0039.vnnlib,100,timeout False,0.0,0.2249674797058105,105.56959676742554,1024,97,0,,,False,resnet_medium__label_21__idx_4555,global,-1,1024,0.0039,CIFAR100_resnet_medium,True,,,3072,0,3072,100.0,random
350,onnx/CIFAR100_resnet_medium.onnx,vnnlib/resnet_medium__label_21__idx_4555_fix_mask_seg0_k1024_eps_0.0039.vnnlib,100,unsat True,,,5.738665819168091,0,0,0,,,False,resnet_medium__label_21__idx_4555,fix_mask,0,1024,0.0039,CIFAR100_resnet_medium,False,0.8113899827003479,"[0, 0, 31, 31]",0,3072,3072,0.0,random
351,onnx/CIFAR100_resnet_medium.onnx,vnnlib/resnet_medium__label_21__idx_4555_fix_nonmask_seg0_k1024_eps_0.0039.vnnlib,100,timeout False,0.0,0.1372520923614502,103.1081748008728,1024,97,0,,,False,resnet_medium__label_21__idx_4555,fix_nonmask,0,1024,0.0039,CIFAR100_resnet_medium,False,0.8113899827003479,"[0, 0, 31, 31]",3072,0,3072,100.0,random
352,onnx/CIFAR100_resnet_medium.onnx,vnnlib/resnet_medium__label_25__idx_1061_global_k1024_eps_0.0039.vnnlib,100,unsat False,0.0,0.146350622177124,18.12651777267456,867,98,0,,,False,resnet_medium__label_25__idx_1061,global,-1,1024,0.0039,CIFAR100_resnet_medium,True,,,3072,0,3072,100.0,random
353,onnx/CIFAR100_resnet_medium.onnx,vnnlib/resnet_medium__label_25__idx_1061_fix_mask_seg0_k1024_eps_0.0039.vnnlib,100,unsat True,,,3.1051478385925293,0,0,0,,,False,resnet_medium__label_25__idx_1061,fix_mask,0,1024,0.0039,CIFAR100_resnet_medium,False,0.6647937297821045,"[0, 0, 31, 31]",63,3009,3072,2.05078125,random
354,onnx/CIFAR100_resnet_medium.onnx,vnnlib/resnet_medium__label_25__idx_1061_fix_nonmask_seg0_k1024_eps_0.0039.vnnlib,100,unsat False,0.0,0.2319588661193847,17.231199502944946,867,98,0,,,False,resnet_medium__label_25__idx_1061,fix_nonmask,0,1024,0.0039,CIFAR100_resnet_medium,False,0.6647937297821045,"[0, 0, 31, 31]",3009,63,3072,97.94921875,random
355,onnx/CIFAR100_resnet_medium.onnx,vnnlib/resnet_medium__label_25__idx_2893_global_k1024_eps_0.0039.vnnlib,100,unsat False,0.0,0.3025071620941162,49.6478168964386,946,94,0,,,False,resnet_medium__label_25__idx_2893,global,-1,1024,0.0039,CIFAR100_resnet_medium,True,,,3072,0,3072,100.0,random
356,onnx/CIFAR100_resnet_medium.onnx,vnnlib/resnet_medium__label_25__idx_2893_fix_mask_seg0_k1024_eps_0.0039.vnnlib,100,unsat True,,,3.568341016769409,0,0,0,,,False,resnet_medium__label_25__idx_2893,fix_mask,0,1024,0.0039,CIFAR100_resnet_medium,False,0.4774633944034576,"[0, 0, 31, 31]",39,3033,3072,1.26953125,random
357,onnx/CIFAR100_resnet_medium.onnx,vnnlib/resnet_medium__label_25__idx_2893_fix_nonmask_seg0_k1024_eps_0.0039.vnnlib,100,unsat False,0.0,0.1600091457366943,51.163151025772095,945,94,0,,,False,resnet_medium__label_25__idx_2893,fix_nonmask,0,1024,0.0039,CIFAR100_resnet_medium,False,0.4774633944034576,"[0, 0, 31, 31]",3033,39,3072,98.73046875,random
358,onnx/CIFAR100_resnet_medium.onnx,vnnlib/resnet_medium__label_25__idx_2906_global_k1024_eps_0.0039.vnnlib,100,sat True,,,2.80290961265564,0,0,0,,,False,resnet_medium__label_25__idx_2906,global,-1,1024,0.0039,CIFAR100_resnet_medium,True,,,3072,0,3072,100.0,random
359,onnx/CIFAR100_resnet_medium.onnx,vnnlib/resnet_medium__label_25__idx_2906_fix_mask_seg0_k1024_eps_0.0039.vnnlib,100,unsat True,,,2.669992208480835,0,0,0,,,False,resnet_medium__label_25__idx_2906,fix_mask,0,1024,0.0039,CIFAR100_resnet_medium,False,0.8015211224555969,"[0, 0, 31, 31]",102,2970,3072,3.3203125,random
360,onnx/CIFAR100_resnet_medium.onnx,vnnlib/resnet_medium__label_25__idx_2906_fix_nonmask_seg0_k1024_eps_0.0039.vnnlib,100,sat True,,,2.797593116760254,0,0,0,,,False,resnet_medium__label_25__idx_2906,fix_nonmask,0,1024,0.0039,CIFAR100_resnet_medium,False,0.8015211224555969,"[0, 0, 31, 31]",2970,102,3072,96.6796875,random
361,onnx/CIFAR100_resnet_medium.onnx,vnnlib/resnet_medium__label_26__idx_9099_global_k1024_eps_0.0039.vnnlib,100,timeout False,0.0,0.22737717628479,102.70463228225708,1014,95,0,,,False,resnet_medium__label_26__idx_9099,global,-1,1024,0.0039,CIFAR100_resnet_medium,True,,,3072,0,3072,100.0,random
362,onnx/CIFAR100_resnet_medium.onnx,vnnlib/resnet_medium__label_26__idx_9099_fix_mask_seg0_k1024_eps_0.0039.vnnlib,100,unsat True,,,2.234400987625122,0,0,0,,,False,resnet_medium__label_26__idx_9099,fix_mask,0,1024,0.0039,CIFAR100_resnet_medium,False,0.8918245434761047,"[0, 0, 31, 31]",0,3072,3072,0.0,random
363,onnx/CIFAR100_resnet_medium.onnx,vnnlib/resnet_medium__label_26__idx_9099_fix_nonmask_seg0_k1024_eps_0.0039.vnnlib,100,timeout False,0.0,0.1475729942321777,101.90766048431396,1014,95,0,,,False,resnet_medium__label_26__idx_9099,fix_nonmask,0,1024,0.0039,CIFAR100_resnet_medium,False,0.8918245434761047,"[0, 0, 31, 31]",3072,0,3072,100.0,random
364,onnx/CIFAR100_resnet_medium.onnx,vnnlib/resnet_medium__label_27__idx_1968_global_k1024_eps_0.0039.vnnlib,100,unsat False,0.0,0.2068440914154052,36.05068063735962,1180,96,3,0.0222556591033935,60.0,False,resnet_medium__label_27__idx_1968,global,-1,1024,0.0039,CIFAR100_resnet_medium,True,,,3072,0,3072,100.0,random
365,onnx/CIFAR100_resnet_medium.onnx,vnnlib/resnet_medium__label_27__idx_1968_fix_mask_seg0_k1024_eps_0.0039.vnnlib,100,unsat True,,,2.8474366664886475,0,0,0,,,False,resnet_medium__label_27__idx_1968,fix_mask,0,1024,0.0039,CIFAR100_resnet_medium,False,0.7075280547142029,"[0, 0, 31, 31]",39,3033,3072,1.26953125,random
366,onnx/CIFAR100_resnet_medium.onnx,vnnlib/resnet_medium__label_27__idx_1968_fix_nonmask_seg0_k1024_eps_0.0039.vnnlib,100,unsat False,0.0,0.1468288898468017,28.60127830505371,1171,96,3,0.0368804931640625,77.0,False,resnet_medium__label_27__idx_1968,fix_nonmask,0,1024,0.0039,CIFAR100_resnet_medium,False,0.7075280547142029,"[0, 0, 31, 31]",3033,39,3072,98.73046875,random
367,onnx/CIFAR100_resnet_medium.onnx,vnnlib/resnet_medium__label_27__idx_3020_global_k1024_eps_0.0039.vnnlib,100,sat True,,,5.00638222694397,0,0,0,,,False,resnet_medium__label_27__idx_3020,global,-1,1024,0.0039,CIFAR100_resnet_medium,True,,,3072,0,3072,100.0,random
368,onnx/CIFAR100_resnet_medium.onnx,vnnlib/resnet_medium__label_27__idx_3020_fix_mask_seg0_k1024_eps_0.0039.vnnlib,100,unsat True,,,2.7149789333343506,0,0,0,,,False,resnet_medium__label_27__idx_3020,fix_mask,0,1024,0.0039,CIFAR100_resnet_medium,False,0.5753967761993408,"[0, 0, 31, 31]",138,2934,3072,4.4921875,random
369,onnx/CIFAR100_resnet_medium.onnx,vnnlib/resnet_medium__label_27__idx_3020_fix_nonmask_seg0_k1024_eps_0.0039.vnnlib,100,sat True,,,3.8738808631896977,0,0,0,,,False,resnet_medium__label_27__idx_3020,fix_nonmask,0,1024,0.0039,CIFAR100_resnet_medium,False,0.5753967761993408,"[0, 0, 31, 31]",2934,138,3072,95.5078125,random
370,onnx/CIFAR100_resnet_medium.onnx,vnnlib/resnet_medium__label_29__idx_5525_global_k1024_eps_0.0039.vnnlib,100,sat True,,,4.889312744140625,0,0,0,,,False,resnet_medium__label_29__idx_5525,global,-1,1024,0.0039,CIFAR100_resnet_medium,True,,,3072,0,3072,100.0,random
371,onnx/CIFAR100_resnet_medium.onnx,vnnlib/resnet_medium__label_29__idx_5525_fix_mask_seg0_k1024_eps_0.0039.vnnlib,100,unsat True,,,2.895468473434448,0,0,0,,,False,resnet_medium__label_29__idx_5525,fix_mask,0,1024,0.0039,CIFAR100_resnet_medium,False,0.6943180561065674,"[0, 0, 31, 31]",162,2910,3072,5.2734375,random
372,onnx/CIFAR100_resnet_medium.onnx,vnnlib/resnet_medium__label_29__idx_5525_fix_nonmask_seg0_k1024_eps_0.0039.vnnlib,100,sat True,,,4.607020854949951,0,0,0,,,False,resnet_medium__label_29__idx_5525,fix_nonmask,0,1024,0.0039,CIFAR100_resnet_medium,False,0.6943180561065674,"[0, 0, 31, 31]",2910,162,3072,94.7265625,random
373,onnx/CIFAR100_resnet_medium.onnx,vnnlib/resnet_medium__label_2__idx_8228_global_k1024_eps_0.0039.vnnlib,100,unsat False,0.0,0.1480140686035156,18.19740438461304,1141,98,0,,,False,resnet_medium__label_2__idx_8228,global,-1,1024,0.0039,CIFAR100_resnet_medium,True,,,3072,0,3072,100.0,random
374,onnx/CIFAR100_resnet_medium.onnx,vnnlib/resnet_medium__label_2__idx_8228_fix_mask_seg0_k1024_eps_0.0039.vnnlib,100,unsat True,,,2.4062981605529785,0,0,0,,,False,resnet_medium__label_2__idx_8228,fix_mask,0,1024,0.0039,CIFAR100_resnet_medium,False,0.8416376113891602,"[0, 0, 31, 31]",264,2808,3072,8.59375,random
375,onnx/CIFAR100_resnet_medium.onnx,vnnlib/resnet_medium__label_2__idx_8228_fix_nonmask_seg0_k1024_eps_0.0039.vnnlib,100,unsat False,0.0,0.1507091522216797,16.252002239227295,1089,98,0,,,False,resnet_medium__label_2__idx_8228,fix_nonmask,0,1024,0.0039,CIFAR100_resnet_medium,False,0.8416376113891602,"[0, 0, 31, 31]",2808,264,3072,91.40625,random
376,onnx/CIFAR100_resnet_medium.onnx,vnnlib/resnet_medium__label_2__idx_8815_global_k1024_eps_0.0039.vnnlib,100,unsat False,0.0,0.1491231918334961,35.2201406955719,1036,97,0,,,False,resnet_medium__label_2__idx_8815,global,-1,1024,0.0039,CIFAR100_resnet_medium,True,,,3072,0,3072,100.0,random
377,onnx/CIFAR100_resnet_medium.onnx,vnnlib/resnet_medium__label_2__idx_8815_fix_mask_seg0_k1024_eps_0.0039.vnnlib,100,unsat True,,,3.427356004714966,0,0,0,,,False,resnet_medium__label_2__idx_8815,fix_mask,0,1024,0.0039,CIFAR100_resnet_medium,False,0.8352067470550537,"[0, 0, 31, 31]",279,2793,3072,9.08203125,random
378,onnx/CIFAR100_resnet_medium.onnx,vnnlib/resnet_medium__label_2__idx_8815_fix_nonmask_seg0_k1024_eps_0.0039.vnnlib,100,unsat False,0.0,0.237943410873413,31.80477809906006,993,98,1,0.0036032795906066,44.0,False,resnet_medium__label_2__idx_8815,fix_nonmask,0,1024,0.0039,CIFAR100_resnet_medium,False,0.8352067470550537,"[0, 0, 31, 31]",2793,279,3072,90.91796875,random
379,onnx/CIFAR100_resnet_medium.onnx,vnnlib/resnet_medium__label_30__idx_282_global_k1024_eps_0.0039.vnnlib,100,timeout False,0.0,0.2200174331665039,106.17166638374329,949,98,0,,,False,resnet_medium__label_30__idx_282,global,-1,1024,0.0039,CIFAR100_resnet_medium,True,,,3072,0,3072,100.0,random
380,onnx/CIFAR100_resnet_medium.onnx,vnnlib/resnet_medium__label_30__idx_282_fix_mask_seg0_k1024_eps_0.0039.vnnlib,100,unsat True,,,3.38435173034668,0,0,0,,,False,resnet_medium__label_30__idx_282,fix_mask,0,1024,0.0039,CIFAR100_resnet_medium,False,0.4803033769130707,"[0, 0, 31, 31]",0,3072,3072,0.0,random
381,onnx/CIFAR100_resnet_medium.onnx,vnnlib/resnet_medium__label_30__idx_282_fix_nonmask_seg0_k1024_eps_0.0039.vnnlib,100,timeout False,0.0,0.1491124629974365,105.80204725265504,949,98,0,,,False,resnet_medium__label_30__idx_282,fix_nonmask,0,1024,0.0039,CIFAR100_resnet_medium,False,0.4803033769130707,"[0, 0, 31, 31]",3072,0,3072,100.0,random
382,onnx/CIFAR100_resnet_medium.onnx,vnnlib/resnet_medium__label_31__idx_2848_global_k1024_eps_0.0039.vnnlib,100,unsat False,0.0,0.2351574897766113,20.7058367729187,1072,98,1,0.0483611822128295,4.0,False,resnet_medium__label_31__idx_2848,global,-1,1024,0.0039,CIFAR100_resnet_medium,True,,,3072,0,3072,100.0,random
383,onnx/CIFAR100_resnet_medium.onnx,vnnlib/resnet_medium__label_31__idx_2848_fix_mask_seg0_k1024_eps_0.0039.vnnlib,100,unsat True,,,3.1917505264282227,0,0,0,,,False,resnet_medium__label_31__idx_2848,fix_mask,0,1024,0.0039,CIFAR100_resnet_medium,False,0.8708990216255188,"[0, 0, 31, 31]",69,3003,3072,2.24609375,random
384,onnx/CIFAR100_resnet_medium.onnx,vnnlib/resnet_medium__label_31__idx_2848_fix_nonmask_seg0_k1024_eps_0.0039.vnnlib,100,unsat False,0.0,0.1565828323364257,17.74425435066223,1069,98,1,0.0771437883377075,4.0,False,resnet_medium__label_31__idx_2848,fix_nonmask,0,1024,0.0039,CIFAR100_resnet_medium,False,0.8708990216255188,"[0, 0, 31, 31]",3003,69,3072,97.75390625,random
385,onnx/CIFAR100_resnet_medium.onnx,vnnlib/resnet_medium__label_31__idx_4651_global_k1024_eps_0.0039.vnnlib,100,unsat False,0.0,0.2329726219177246,21.30318713188171,1099,98,1,0.0437008142471313,36.0,False,resnet_medium__label_31__idx_4651,global,-1,1024,0.0039,CIFAR100_resnet_medium,True,,,3072,0,3072,100.0,random
386,onnx/CIFAR100_resnet_medium.onnx,vnnlib/resnet_medium__label_31__idx_4651_fix_mask_seg0_k1024_eps_0.0039.vnnlib,100,unsat True,,,2.6054725646972656,0,0,0,,,False,resnet_medium__label_31__idx_4651,fix_mask,0,1024,0.0039,CIFAR100_resnet_medium,False,0.761350154876709,"[0, 0, 31, 31]",237,2835,3072,7.71484375,random
387,onnx/CIFAR100_resnet_medium.onnx,vnnlib/resnet_medium__label_31__idx_4651_fix_nonmask_seg0_k1024_eps_0.0039.vnnlib,100,unsat False,0.0,0.2494082450866699,16.50864553451538,1040,98,0,,,False,resnet_medium__label_31__idx_4651,fix_nonmask,0,1024,0.0039,CIFAR100_resnet_medium,False,0.761350154876709,"[0, 0, 31, 31]",2835,237,3072,92.28515625,random
388,onnx/CIFAR100_resnet_medium.onnx,vnnlib/resnet_medium__label_33__idx_1208_global_k1024_eps_0.0039.vnnlib,100,unsat False,0.0,0.2290949821472168,16.767143487930298,1255,98,0,,,False,resnet_medium__label_33__idx_1208,global,-1,1024,0.0039,CIFAR100_resnet_medium,True,,,3072,0,3072,100.0,random
389,onnx/CIFAR100_resnet_medium.onnx,vnnlib/resnet_medium__label_33__idx_1208_fix_mask_seg0_k1024_eps_0.0039.vnnlib,100,unsat True,,,3.034346342086792,0,0,0,,,False,resnet_medium__label_33__idx_1208,fix_mask,0,1024,0.0039,CIFAR100_resnet_medium,False,0.7003880739212036,"[0, 0, 31, 31]",51,3021,3072,1.66015625,random
390,onnx/CIFAR100_resnet_medium.onnx,vnnlib/resnet_medium__label_33__idx_1208_fix_nonmask_seg0_k1024_eps_0.0039.vnnlib,100,unsat False,0.0,0.1760900020599365,15.691766023635864,1243,98,0,,,False,resnet_medium__label_33__idx_1208,fix_nonmask,0,1024,0.0039,CIFAR100_resnet_medium,False,0.7003880739212036,"[0, 0, 31, 31]",3021,51,3072,98.33984375,random
391,onnx/CIFAR100_resnet_medium.onnx,vnnlib/resnet_medium__label_33__idx_2330_global_k1024_eps_0.0039.vnnlib,100,unsat False,0.0,0.234523057937622,19.64771795272827,1247,97,2,0.1045389175415039,10.0,False,resnet_medium__label_33__idx_2330,global,-1,1024,0.0039,CIFAR100_resnet_medium,True,,,3072,0,3072,100.0,random
392,onnx/CIFAR100_resnet_medium.onnx,vnnlib/resnet_medium__label_33__idx_2330_fix_mask_seg0_k1024_eps_0.0039.vnnlib,100,unsat True,,,2.6366660594940186,0,0,0,,,False,resnet_medium__label_33__idx_2330,fix_mask,0,1024,0.0039,CIFAR100_resnet_medium,False,0.152992770075798,"[0, 0, 31, 31]",54,3018,3072,1.7578125,random
393,onnx/CIFAR100_resnet_medium.onnx,vnnlib/resnet_medium__label_33__idx_2330_fix_nonmask_seg0_k1024_eps_0.0039.vnnlib,100,unsat False,0.0,0.2462818622589111,18.271301984786987,1226,97,1,0.2202138900756836,22.0,False,resnet_medium__label_33__idx_2330,fix_nonmask,0,1024,0.0039,CIFAR100_resnet_medium,False,0.152992770075798,"[0, 0, 31, 31]",3018,54,3072,98.2421875,random
394,onnx/CIFAR100_resnet_medium.onnx,vnnlib/resnet_medium__label_33__idx_3933_global_k1024_eps_0.0039.vnnlib,100,unsat False,0.0,0.1499664783477783,26.158832788467407,1086,98,0,,,False,resnet_medium__label_33__idx_3933,global,-1,1024,0.0039,CIFAR100_resnet_medium,True,,,3072,0,3072,100.0,random
395,onnx/CIFAR100_resnet_medium.onnx,vnnlib/resnet_medium__label_33__idx_3933_fix_mask_seg0_k1024_eps_0.0039.vnnlib,100,unsat True,,,2.4502856731414795,0,0,0,,,False,resnet_medium__label_33__idx_3933,fix_mask,0,1024,0.0039,CIFAR100_resnet_medium,False,0.2785918116569519,"[0, 0, 31, 31]",0,3072,3072,0.0,random
396,onnx/CIFAR100_resnet_medium.onnx,vnnlib/resnet_medium__label_33__idx_3933_fix_nonmask_seg0_k1024_eps_0.0039.vnnlib,100,unsat False,0.0,0.1740844249725341,25.2508647441864,1086,98,0,,,False,resnet_medium__label_33__idx_3933,fix_nonmask,0,1024,0.0039,CIFAR100_resnet_medium,False,0.2785918116569519,"[0, 0, 31, 31]",3072,0,3072,100.0,random
397,onnx/CIFAR100_resnet_medium.onnx,vnnlib/resnet_medium__label_33__idx_5659_global_k1024_eps_0.0039.vnnlib,100,unsat False,0.0,0.1502509117126464,29.30328917503357,1218,98,0,,,False,resnet_medium__label_33__idx_5659,global,-1,1024,0.0039,CIFAR100_resnet_medium,True,,,3072,0,3072,100.0,random
398,onnx/CIFAR100_resnet_medium.onnx,vnnlib/resnet_medium__label_33__idx_5659_fix_mask_seg0_k1024_eps_0.0039.vnnlib,100,unsat True,,,2.5503995418548584,0,0,0,,,False,resnet_medium__label_33__idx_5659,fix_mask,0,1024,0.0039,CIFAR100_resnet_medium,False,0.4322124719619751,"[0, 0, 31, 31]",0,3072,3072,0.0,random
399,onnx/CIFAR100_resnet_medium.onnx,vnnlib/resnet_medium__label_33__idx_5659_fix_nonmask_seg0_k1024_eps_0.0039.vnnlib,100,unsat False,0.0,0.153296947479248,29.65839982032776,1218,98,0,,,False,resnet_medium__label_33__idx_5659,fix_nonmask,0,1024,0.0039,CIFAR100_resnet_medium,False,0.4322124719619751,"[0, 0, 31, 31]",3072,0,3072,100.0,random
400,onnx/CIFAR100_resnet_medium.onnx,vnnlib/resnet_medium__label_34__idx_3617_global_k1024_eps_0.0039.vnnlib,100,unsat False,0.0,0.1459963321685791,16.957099676132202,1195,98,0,,,False,resnet_medium__label_34__idx_3617,global,-1,1024,0.0039,CIFAR100_resnet_medium,True,,,3072,0,3072,100.0,random
401,onnx/CIFAR100_resnet_medium.onnx,vnnlib/resnet_medium__label_34__idx_3617_fix_mask_seg0_k1024_eps_0.0039.vnnlib,100,unsat True,,,3.0536036491394043,0,0,0,,,False,resnet_medium__label_34__idx_3617,fix_mask,0,1024,0.0039,CIFAR100_resnet_medium,False,0.7529489994049072,"[0, 0, 31, 31]",39,3033,3072,1.26953125,random
402,onnx/CIFAR100_resnet_medium.onnx,vnnlib/resnet_medium__label_34__idx_3617_fix_nonmask_seg0_k1024_eps_0.0039.vnnlib,100,unsat False,0.0,0.1427080631256103,16.469834804534912,1190,98,0,,,False,resnet_medium__label_34__idx_3617,fix_nonmask,0,1024,0.0039,CIFAR100_resnet_medium,False,0.7529489994049072,"[0, 0, 31, 31]",3033,39,3072,98.73046875,random
403,onnx/CIFAR100_resnet_medium.onnx,vnnlib/resnet_medium__label_37__idx_6343_global_k1024_eps_0.0039.vnnlib,100,timeout False,0.0,0.2227435111999511,101.80477690696716,1048,98,1,0.0869041681289672,79.0,False,resnet_medium__label_37__idx_6343,global,-1,1024,0.0039,CIFAR100_resnet_medium,True,,,3072,0,3072,100.0,random
404,onnx/CIFAR100_resnet_medium.onnx,vnnlib/resnet_medium__label_37__idx_6343_fix_mask_seg0_k1024_eps_0.0039.vnnlib,100,unsat True,,,3.207918882369995,0,0,0,,,False,resnet_medium__label_37__idx_6343,fix_mask,0,1024,0.0039,CIFAR100_resnet_medium,False,0.7623916864395142,"[0, 0, 31, 31]",45,3027,3072,1.46484375,random
405,onnx/CIFAR100_resnet_medium.onnx,vnnlib/resnet_medium__label_37__idx_6343_fix_nonmask_seg0_k1024_eps_0.0039.vnnlib,100,timeout False,0.0,0.2641313076019287,101.41152501106262,1047,98,1,0.0902612209320068,79.0,False,resnet_medium__label_37__idx_6343,fix_nonmask,0,1024,0.0039,CIFAR100_resnet_medium,False,0.7623916864395142,"[0, 0, 31, 31]",3027,45,3072,98.53515625,random
406,onnx/CIFAR100_resnet_medium.onnx,vnnlib/resnet_medium__label_37__idx_7644_global_k1024_eps_0.0039.vnnlib,100,timeout False,0.0,1.400379657745361,110.9809112548828,838,98,0,,,False,resnet_medium__label_37__idx_7644,global,-1,1024,0.0039,CIFAR100_resnet_medium,True,,,3072,0,3072,100.0,random
407,onnx/CIFAR100_resnet_medium.onnx,vnnlib/resnet_medium__label_37__idx_7644_fix_mask_seg0_k1024_eps_0.0039.vnnlib,100,unsat True,,,3.0829248428344727,0,0,0,,,False,resnet_medium__label_37__idx_7644,fix_mask,0,1024,0.0039,CIFAR100_resnet_medium,False,0.522432267665863,"[0, 0, 31, 31]",0,3072,3072,0.0,random
408,onnx/CIFAR100_resnet_medium.onnx,vnnlib/resnet_medium__label_37__idx_7644_fix_nonmask_seg0_k1024_eps_0.0039.vnnlib,100,timeout False,0.0,0.225705862045288,105.34829187393188,838,98,0,,,False,resnet_medium__label_37__idx_7644,fix_nonmask,0,1024,0.0039,CIFAR100_resnet_medium,False,0.522432267665863,"[0, 0, 31, 31]",3072,0,3072,100.0,random
409,onnx/CIFAR100_resnet_medium.onnx,vnnlib/resnet_medium__label_42__idx_2704_global_k1024_eps_0.0039.vnnlib,100,sat True,,,3.654083251953125,0,0,0,,,False,resnet_medium__label_42__idx_2704,global,-1,1024,0.0039,CIFAR100_resnet_medium,True,,,3072,0,3072,100.0,random
410,onnx/CIFAR100_resnet_medium.onnx,vnnlib/resnet_medium__label_42__idx_2704_fix_mask_seg0_k1024_eps_0.0039.vnnlib,100,unsat True,,,3.079862117767334,0,0,0,,,False,resnet_medium__label_42__idx_2704,fix_mask,0,1024,0.0039,CIFAR100_resnet_medium,False,0.7459325790405273,"[0, 0, 31, 31]",0,3072,3072,0.0,random
411,onnx/CIFAR100_resnet_medium.onnx,vnnlib/resnet_medium__label_42__idx_2704_fix_nonmask_seg0_k1024_eps_0.0039.vnnlib,100,sat True,,,3.502060413360596,0,0,0,,,False,resnet_medium__label_42__idx_2704,fix_nonmask,0,1024,0.0039,CIFAR100_resnet_medium,False,0.7459325790405273,"[0, 0, 31, 31]",3072,0,3072,100.0,random
412,onnx/CIFAR100_resnet_medium.onnx,vnnlib/resnet_medium__label_42__idx_6462_global_k1024_eps_0.0039.vnnlib,100,timeout False,0.0,0.2920625209808349,105.12479615211488,1316,85,2,0.1729738712310791,76.0,False,resnet_medium__label_42__idx_6462,global,-1,1024,0.0039,CIFAR100_resnet_medium,True,,,3072,0,3072,100.0,random
413,onnx/CIFAR100_resnet_medium.onnx,vnnlib/resnet_medium__label_42__idx_6462_fix_mask_seg0_k1024_eps_0.0039.vnnlib,100,unsat True,,,3.291780471801758,0,0,0,,,False,resnet_medium__label_42__idx_6462,fix_mask,0,1024,0.0039,CIFAR100_resnet_medium,False,0.7918928265571594,"[0, 0, 31, 31]",33,3039,3072,1.07421875,random
414,onnx/CIFAR100_resnet_medium.onnx,vnnlib/resnet_medium__label_42__idx_6462_fix_nonmask_seg0_k1024_eps_0.0039.vnnlib,100,timeout False,0.0,0.1452569961547851,102.12668418884276,1310,85,2,0.2014456987380981,76.0,False,resnet_medium__label_42__idx_6462,fix_nonmask,0,1024,0.0039,CIFAR100_resnet_medium,False,0.7918928265571594,"[0, 0, 31, 31]",3039,33,3072,98.92578125,random
415,onnx/CIFAR100_resnet_medium.onnx,vnnlib/resnet_medium__label_43__idx_5506_global_k1024_eps_0.0039.vnnlib,100,unsat False,0.0,0.2427690029144287,17.45515251159668,1427,97,1,0.1748552322387695,42.0,False,resnet_medium__label_43__idx_5506,global,-1,1024,0.0039,CIFAR100_resnet_medium,True,,,3072,0,3072,100.0,random
416,onnx/CIFAR100_resnet_medium.onnx,vnnlib/resnet_medium__label_43__idx_5506_fix_mask_seg0_k1024_eps_0.0039.vnnlib,100,unsat True,,,2.675147294998169,0,0,0,,,False,resnet_medium__label_43__idx_5506,fix_mask,0,1024,0.0039,CIFAR100_resnet_medium,False,0.9165579676628112,"[0, 0, 31, 31]",0,3072,3072,0.0,random
417,onnx/CIFAR100_resnet_medium.onnx,vnnlib/resnet_medium__label_43__idx_5506_fix_nonmask_seg0_k1024_eps_0.0039.vnnlib,100,unsat False,0.0,0.1928284168243408,16.37284207344055,1427,97,1,0.1748566627502441,42.0,False,resnet_medium__label_43__idx_5506,fix_nonmask,0,1024,0.0039,CIFAR100_resnet_medium,False,0.9165579676628112,"[0, 0, 31, 31]",3072,0,3072,100.0,random
418,onnx/CIFAR100_resnet_medium.onnx,vnnlib/resnet_medium__label_43__idx_7494_global_k1024_eps_0.0039.vnnlib,100,unsat False,0.0,0.2312955856323242,15.774017810821531,1236,98,0,,,False,resnet_medium__label_43__idx_7494,global,-1,1024,0.0039,CIFAR100_resnet_medium,True,,,3072,0,3072,100.0,random
419,onnx/CIFAR100_resnet_medium.onnx,vnnlib/resnet_medium__label_43__idx_7494_fix_mask_seg0_k1024_eps_0.0039.vnnlib,100,unsat True,,,2.599456548690796,0,0,0,,,False,resnet_medium__label_43__idx_7494,fix_mask,0,1024,0.0039,CIFAR100_resnet_medium,False,0.784762978553772,"[0, 0, 31, 31]",63,3009,3072,2.05078125,random
420,onnx/CIFAR100_resnet_medium.onnx,vnnlib/resnet_medium__label_43__idx_7494_fix_nonmask_seg0_k1024_eps_0.0039.vnnlib,100,unsat True,,,12.360492706298828,0,0,0,,,False,resnet_medium__label_43__idx_7494,fix_nonmask,0,1024,0.0039,CIFAR100_resnet_medium,False,0.784762978553772,"[0, 0, 31, 31]",3009,63,3072,97.94921875,random
421,onnx/CIFAR100_resnet_medium.onnx,vnnlib/resnet_medium__label_43__idx_8824_global_k1024_eps_0.0039.vnnlib,100,unsat False,0.0,0.1445991992950439,29.69396543502808,1344,97,4,0.1283168792724609,77.0,False,resnet_medium__label_43__idx_8824,global,-1,1024,0.0039,CIFAR100_resnet_medium,True,,,3072,0,3072,100.0,random
422,onnx/CIFAR100_resnet_medium.onnx,vnnlib/resnet_medium__label_43__idx_8824_fix_mask_seg0_k1024_eps_0.0039.vnnlib,100,unsat True,,,3.6427230834960938,0,0,0,,,False,resnet_medium__label_43__idx_8824,fix_mask,0,1024,0.0039,CIFAR100_resnet_medium,False,0.935648798942566,"[0, 0, 31, 31]",252,2820,3072,8.203125,random
423,onnx/CIFAR100_resnet_medium.onnx,vnnlib/resnet_medium__label_43__idx_8824_fix_nonmask_seg0_k1024_eps_0.0039.vnnlib,100,unsat False,0.0,0.2279102802276611,26.2822527885437,1283,98,1,0.0324940681457519,42.0,False,resnet_medium__label_43__idx_8824,fix_nonmask,0,1024,0.0039,CIFAR100_resnet_medium,False,0.935648798942566,"[0, 0, 31, 31]",2820,252,3072,91.796875,random
424,onnx/CIFAR100_resnet_medium.onnx,vnnlib/resnet_medium__label_44__idx_7654_global_k1024_eps_0.0039.vnnlib,100,timeout False,0.0,0.2386701107025146,107.1669852733612,1106,98,0,,,False,resnet_medium__label_44__idx_7654,global,-1,1024,0.0039,CIFAR100_resnet_medium,True,,,3072,0,3072,100.0,random
425,onnx/CIFAR100_resnet_medium.onnx,vnnlib/resnet_medium__label_44__idx_7654_fix_mask_seg0_k1024_eps_0.0039.vnnlib,100,unsat True,,,2.901875734329224,0,0,0,,,False,resnet_medium__label_44__idx_7654,fix_mask,0,1024,0.0039,CIFAR100_resnet_medium,False,0.9163036942481996,"[0, 0, 31, 31]",0,3072,3072,0.0,random
426,onnx/CIFAR100_resnet_medium.onnx,vnnlib/resnet_medium__label_44__idx_7654_fix_nonmask_seg0_k1024_eps_0.0039.vnnlib,100,timeout False,0.0,0.1517829895019531,108.33670091629028,1106,98,0,,,False,resnet_medium__label_44__idx_7654,fix_nonmask,0,1024,0.0039,CIFAR100_resnet_medium,False,0.9163036942481996,"[0, 0, 31, 31]",3072,0,3072,100.0,random
427,onnx/CIFAR100_resnet_medium.onnx,vnnlib/resnet_medium__label_45__idx_1537_global_k1024_eps_0.0039.vnnlib,100,timeout False,0.0,0.1476783752441406,109.1015157699585,1368,89,3,0.0710434913635253,23.0,False,resnet_medium__label_45__idx_1537,global,-1,1024,0.0039,CIFAR100_resnet_medium,True,,,3072,0,3072,100.0,random
428,onnx/CIFAR100_resnet_medium.onnx,vnnlib/resnet_medium__label_45__idx_1537_fix_mask_seg0_k1024_eps_0.0039.vnnlib,100,unsat True,,,2.2602131366729736,0,0,0,,,False,resnet_medium__label_45__idx_1537,fix_mask,0,1024,0.0039,CIFAR100_resnet_medium,False,0.4276323914527893,"[0, 0, 31, 31]",0,3072,3072,0.0,random
429,onnx/CIFAR100_resnet_medium.onnx,vnnlib/resnet_medium__label_45__idx_1537_fix_nonmask_seg0_k1024_eps_0.0039.vnnlib,100,timeout False,0.0,0.2217545509338379,113.91799473762512,1368,89,3,0.0710430145263671,23.0,False,resnet_medium__label_45__idx_1537,fix_nonmask,0,1024,0.0039,CIFAR100_resnet_medium,False,0.4276323914527893,"[0, 0, 31, 31]",3072,0,3072,100.0,random
430,onnx/CIFAR100_resnet_medium.onnx,vnnlib/resnet_medium__label_46__idx_993_global_k1024_eps_0.0039.vnnlib,100,unsat False,0.0,0.270618200302124,20.72228598594665,897,98,1,0.0062242746353149,49.0,False,resnet_medium__label_46__idx_993,global,-1,1024,0.0039,CIFAR100_resnet_medium,True,,,3072,0,3072,100.0,random
431,onnx/CIFAR100_resnet_medium.onnx,vnnlib/resnet_medium__label_46__idx_993_fix_mask_seg0_k1024_eps_0.0039.vnnlib,100,unsat True,,,2.6583893299102783,0,0,0,,,False,resnet_medium__label_46__idx_993,fix_mask,0,1024,0.0039,CIFAR100_resnet_medium,False,0.9174143075942992,"[0, 0, 31, 31]",0,3072,3072,0.0,random
432,onnx/CIFAR100_resnet_medium.onnx,vnnlib/resnet_medium__label_46__idx_993_fix_nonmask_seg0_k1024_eps_0.0039.vnnlib,100,unsat False,0.0,0.2219240665435791,16.88031315803528,897,98,1,0.006224513053894,49.0,False,resnet_medium__label_46__idx_993,fix_nonmask,0,1024,0.0039,CIFAR100_resnet_medium,False,0.9174143075942992,"[0, 0, 31, 31]",3072,0,3072,100.0,random
433,onnx/CIFAR100_resnet_medium.onnx,vnnlib/resnet_medium__label_48__idx_8860_global_k1024_eps_0.0039.vnnlib,100,unsat False,0.0,0.1595423221588134,38.42617607116699,1160,98,1,0.1664907932281494,57.0,False,resnet_medium__label_48__idx_8860,global,-1,1024,0.0039,CIFAR100_resnet_medium,True,,,3072,0,3072,100.0,random
434,onnx/CIFAR100_resnet_medium.onnx,vnnlib/resnet_medium__label_48__idx_8860_fix_mask_seg0_k1024_eps_0.0039.vnnlib,100,unsat True,,,3.45693302154541,0,0,0,,,False,resnet_medium__label_48__idx_8860,fix_mask,0,1024,0.0039,CIFAR100_resnet_medium,False,0.8002827167510986,"[0, 0, 31, 30]",207,2865,3072,6.73828125,random
435,onnx/CIFAR100_resnet_medium.onnx,vnnlib/resnet_medium__label_48__idx_8860_fix_nonmask_seg0_k1024_eps_0.0039.vnnlib,100,unsat False,0.0,0.2424581050872802,28.85720419883728,1120,98,0,,,False,resnet_medium__label_48__idx_8860,fix_nonmask,0,1024,0.0039,CIFAR100_resnet_medium,False,0.8002827167510986,"[0, 0, 31, 30]",2865,207,3072,93.26171875,random
436,onnx/CIFAR100_resnet_medium.onnx,vnnlib/resnet_medium__label_49__idx_3864_global_k1024_eps_0.0039.vnnlib,100,timeout False,0.0,0.2039341926574707,108.69843244552612,1117,95,0,,,False,resnet_medium__label_49__idx_3864,global,-1,1024,0.0039,CIFAR100_resnet_medium,True,,,3072,0,3072,100.0,random
437,onnx/CIFAR100_resnet_medium.onnx,vnnlib/resnet_medium__label_49__idx_3864_fix_mask_seg0_k1024_eps_0.0039.vnnlib,100,unsat True,,,2.8675572872161865,0,0,0,,,False,resnet_medium__label_49__idx_3864,fix_mask,0,1024,0.0039,CIFAR100_resnet_medium,False,0.7864952683448792,"[0, 0, 31, 31]",48,3024,3072,1.5625,random
438,onnx/CIFAR100_resnet_medium.onnx,vnnlib/resnet_medium__label_49__idx_3864_fix_nonmask_seg0_k1024_eps_0.0039.vnnlib,100,timeout False,0.0,0.234663724899292,104.14430570602416,1114,95,0,,,False,resnet_medium__label_49__idx_3864,fix_nonmask,0,1024,0.0039,CIFAR100_resnet_medium,False,0.7864952683448792,"[0, 0, 31, 31]",3024,48,3072,98.4375,random
439,onnx/CIFAR100_resnet_medium.onnx,vnnlib/resnet_medium__label_4__idx_6593_global_k1024_eps_0.0039.vnnlib,100,timeout False,0.0,0.1519169807434082,103.13740062713624,1303,90,1,0.1736098527908325,70.0,False,resnet_medium__label_4__idx_6593,global,-1,1024,0.0039,CIFAR100_resnet_medium,True,,,3072,0,3072,100.0,random
440,onnx/CIFAR100_resnet_medium.onnx,vnnlib/resnet_medium__label_4__idx_6593_fix_mask_seg0_k1024_eps_0.0039.vnnlib,100,unsat True,,,2.5466558933258057,0,0,0,,,False,resnet_medium__label_4__idx_6593,fix_mask,0,1024,0.0039,CIFAR100_resnet_medium,False,0.7472289800643921,"[0, 0, 31, 31]",0,3072,3072,0.0,random
441,onnx/CIFAR100_resnet_medium.onnx,vnnlib/resnet_medium__label_4__idx_6593_fix_nonmask_seg0_k1024_eps_0.0039.vnnlib,100,timeout False,0.0,0.3273279666900635,103.20450401306152,1303,90,1,0.1736106276512146,70.0,False,resnet_medium__label_4__idx_6593,fix_nonmask,0,1024,0.0039,CIFAR100_resnet_medium,False,0.7472289800643921,"[0, 0, 31, 31]",3072,0,3072,100.0,random
442,onnx/CIFAR100_resnet_medium.onnx,vnnlib/resnet_medium__label_4__idx_9441_global_k1024_eps_0.0039.vnnlib,100,sat True,,,3.336988687515259,0,0,0,,,False,resnet_medium__label_4__idx_9441,global,-1,1024,0.0039,CIFAR100_resnet_medium,True,,,3072,0,3072,100.0,random
443,onnx/CIFAR100_resnet_medium.onnx,vnnlib/resnet_medium__label_4__idx_9441_fix_mask_seg0_k1024_eps_0.0039.vnnlib,100,unsat True,,,2.4285566806793213,0,0,0,,,False,resnet_medium__label_4__idx_9441,fix_mask,0,1024,0.0039,CIFAR100_resnet_medium,False,0.864444375038147,"[0, 0, 31, 31]",0,3072,3072,0.0,random
444,onnx/CIFAR100_resnet_medium.onnx,vnnlib/resnet_medium__label_4__idx_9441_fix_nonmask_seg0_k1024_eps_0.0039.vnnlib,100,sat True,,,3.194678783416748,0,0,0,,,False,resnet_medium__label_4__idx_9441,fix_nonmask,0,1024,0.0039,CIFAR100_resnet_medium,False,0.864444375038147,"[0, 0, 31, 31]",3072,0,3072,100.0,random
445,onnx/CIFAR100_resnet_medium.onnx,vnnlib/resnet_medium__label_50__idx_4337_global_k1024_eps_0.0039.vnnlib,100,unsat False,0.0,0.2476370334625244,29.508644580841064,817,97,0,,,False,resnet_medium__label_50__idx_4337,global,-1,1024,0.0039,CIFAR100_resnet_medium,True,,,3072,0,3072,100.0,random
446,onnx/CIFAR100_resnet_medium.onnx,vnnlib/resnet_medium__label_50__idx_4337_fix_mask_seg0_k1024_eps_0.0039.vnnlib,100,unsat True,,,2.1808197498321533,0,0,0,,,False,resnet_medium__label_50__idx_4337,fix_mask,0,1024,0.0039,CIFAR100_resnet_medium,False,0.9119396209716796,"[0, 0, 31, 31]",33,3039,3072,1.07421875,random
447,onnx/CIFAR100_resnet_medium.onnx,vnnlib/resnet_medium__label_50__idx_4337_fix_nonmask_seg0_k1024_eps_0.0039.vnnlib,100,unsat False,0.0,0.1939213275909423,32.80203938484192,816,97,0,,,False,resnet_medium__label_50__idx_4337,fix_nonmask,0,1024,0.0039,CIFAR100_resnet_medium,False,0.9119396209716796,"[0, 0, 31, 31]",3039,33,3072,98.92578125,random
448,onnx/CIFAR100_resnet_medium.onnx,vnnlib/resnet_medium__label_51__idx_1154_global_k1024_eps_0.0039.vnnlib,100,sat True,,,3.9721078872680655,0,0,0,,,False,resnet_medium__label_51__idx_1154,global,-1,1024,0.0039,CIFAR100_resnet_medium,True,,,3072,0,3072,100.0,random
449,onnx/CIFAR100_resnet_medium.onnx,vnnlib/resnet_medium__label_51__idx_1154_fix_mask_seg0_k1024_eps_0.0039.vnnlib,100,unsat True,,,3.2233097553253174,0,0,0,,,False,resnet_medium__label_51__idx_1154,fix_mask,0,1024,0.0039,CIFAR100_resnet_medium,False,0.8649607300758362,"[0, 0, 31, 31]",12,3060,3072,0.390625,random
450,onnx/CIFAR100_resnet_medium.onnx,vnnlib/resnet_medium__label_51__idx_1154_fix_nonmask_seg0_k1024_eps_0.0039.vnnlib,100,sat True,,,4.178160905838013,0,0,0,,,False,resnet_medium__label_51__idx_1154,fix_nonmask,0,1024,0.0039,CIFAR100_resnet_medium,False,0.8649607300758362,"[0, 0, 31, 31]",3060,12,3072,99.609375,random
451,onnx/CIFAR100_resnet_medium.onnx,vnnlib/resnet_medium__label_52__idx_9095_global_k1024_eps_0.0039.vnnlib,100,unsat False,0.0,0.2305250167846679,51.11592197418213,850,98,0,,,False,resnet_medium__label_52__idx_9095,global,-1,1024,0.0039,CIFAR100_resnet_medium,True,,,3072,0,3072,100.0,random
452,onnx/CIFAR100_resnet_medium.onnx,vnnlib/resnet_medium__label_52__idx_9095_fix_mask_seg0_k1024_eps_0.0039.vnnlib,100,unsat True,,,2.2956104278564453,0,0,0,,,False,resnet_medium__label_52__idx_9095,fix_mask,0,1024,0.0039,CIFAR100_resnet_medium,False,0.5859495401382446,"[0, 0, 31, 31]",0,3072,3072,0.0,random
453,onnx/CIFAR100_resnet_medium.onnx,vnnlib/resnet_medium__label_52__idx_9095_fix_nonmask_seg0_k1024_eps_0.0039.vnnlib,100,unsat False,0.0,0.2747666835784912,45.66702842712402,850,98,0,,,False,resnet_medium__label_52__idx_9095,fix_nonmask,0,1024,0.0039,CIFAR100_resnet_medium,False,0.5859495401382446,"[0, 0, 31, 31]",3072,0,3072,100.0,random
454,onnx/CIFAR100_resnet_medium.onnx,vnnlib/resnet_medium__label_54__idx_9735_global_k1024_eps_0.0039.vnnlib,100,unsat True,,,11.746140003204346,0,0,0,,,False,resnet_medium__label_54__idx_9735,global,-1,1024,0.0039,CIFAR100_resnet_medium,True,,,3072,0,3072,100.0,random
455,onnx/CIFAR100_resnet_medium.onnx,vnnlib/resnet_medium__label_54__idx_9735_fix_mask_seg0_k1024_eps_0.0039.vnnlib,100,unsat True,,,2.984379768371582,0,0,0,,,False,resnet_medium__label_54__idx_9735,fix_mask,0,1024,0.0039,CIFAR100_resnet_medium,False,0.8223606944084167,"[0, 0, 31, 31]",0,3072,3072,0.0,random
456,onnx/CIFAR100_resnet_medium.onnx,vnnlib/resnet_medium__label_54__idx_9735_fix_nonmask_seg0_k1024_eps_0.0039.vnnlib,100,unsat True,,,11.299431562423706,0,0,0,,,False,resnet_medium__label_54__idx_9735,fix_nonmask,0,1024,0.0039,CIFAR100_resnet_medium,False,0.8223606944084167,"[0, 0, 31, 31]",3072,0,3072,100.0,random
457,onnx/CIFAR100_resnet_medium.onnx,vnnlib/resnet_medium__label_57__idx_7197_global_k1024_eps_0.0039.vnnlib,100,unsat False,0.0,0.2890691757202148,15.780981540679932,997,98,0,,,False,resnet_medium__label_57__idx_7197,global,-1,1024,0.0039,CIFAR100_resnet_medium,True,,,3072,0,3072,100.0,random
458,onnx/CIFAR100_resnet_medium.onnx,vnnlib/resnet_medium__label_57__idx_7197_fix_mask_seg0_k1024_eps_0.0039.vnnlib,100,unsat True,,,2.8278632164001465,0,0,0,,,False,resnet_medium__label_57__idx_7197,fix_mask,0,1024,0.0039,CIFAR100_resnet_medium,False,0.7888507843017578,"[0, 0, 31, 31]",0,3072,3072,0.0,random
459,onnx/CIFAR100_resnet_medium.onnx,vnnlib/resnet_medium__label_57__idx_7197_fix_nonmask_seg0_k1024_eps_0.0039.vnnlib,100,unsat False,0.0,0.2311816215515136,14.968628883361816,997,98,0,,,False,resnet_medium__label_57__idx_7197,fix_nonmask,0,1024,0.0039,CIFAR100_resnet_medium,False,0.7888507843017578,"[0, 0, 31, 31]",3072,0,3072,100.0,random
460,onnx/CIFAR100_resnet_medium.onnx,vnnlib/resnet_medium__label_59__idx_1660_global_k1024_eps_0.0039.vnnlib,100,timeout False,0.0,0.3383827209472656,106.272784948349,1549,94,3,0.1339874267578125,49.0,False,resnet_medium__label_59__idx_1660,global,-1,1024,0.0039,CIFAR100_resnet_medium,True,,,3072,0,3072,100.0,random
461,onnx/CIFAR100_resnet_medium.onnx,vnnlib/resnet_medium__label_59__idx_1660_fix_mask_seg0_k1024_eps_0.0039.vnnlib,100,unsat True,,,3.43342924118042,0,0,0,,,False,resnet_medium__label_59__idx_1660,fix_mask,0,1024,0.0039,CIFAR100_resnet_medium,False,0.2583556771278381,"[0, 0, 31, 31]",21,3051,3072,0.68359375,random
462,onnx/CIFAR100_resnet_medium.onnx,vnnlib/resnet_medium__label_59__idx_1660_fix_nonmask_seg0_k1024_eps_0.0039.vnnlib,100,timeout False,0.0,0.2673828601837158,108.01717901229858,1548,94,3,0.1398224830627441,49.0,False,resnet_medium__label_59__idx_1660,fix_nonmask,0,1024,0.0039,CIFAR100_resnet_medium,False,0.2583556771278381,"[0, 0, 31, 31]",3051,21,3072,99.31640625,random
463,onnx/CIFAR100_resnet_medium.onnx,vnnlib/resnet_medium__label_5__idx_4543_global_k1024_eps_0.0039.vnnlib,100,timeout False,0.0,0.2348036766052246,102.04980278015135,1178,96,1,0.1855878829956054,85.0,False,resnet_medium__label_5__idx_4543,global,-1,1024,0.0039,CIFAR100_resnet_medium,True,,,3072,0,3072,100.0,random
464,onnx/CIFAR100_resnet_medium.onnx,vnnlib/resnet_medium__label_5__idx_4543_fix_mask_seg0_k1024_eps_0.0039.vnnlib,100,unsat True,,,2.628041982650757,0,0,0,,,False,resnet_medium__label_5__idx_4543,fix_mask,0,1024,0.0039,CIFAR100_resnet_medium,False,0.7755047082901001,"[0, 0, 31, 31]",201,2871,3072,6.54296875,random
465,onnx/CIFAR100_resnet_medium.onnx,vnnlib/resnet_medium__label_5__idx_4543_fix_nonmask_seg0_k1024_eps_0.0039.vnnlib,100,timeout False,0.0,0.2420313358306884,109.11324644088744,1136,96,0,,,False,resnet_medium__label_5__idx_4543,fix_nonmask,0,1024,0.0039,CIFAR100_resnet_medium,False,0.7755047082901001,"[0, 0, 31, 31]",2871,201,3072,93.45703125,random
466,onnx/CIFAR100_resnet_medium.onnx,vnnlib/resnet_medium__label_5__idx_928_global_k1024_eps_0.0039.vnnlib,100,unsat False,0.0,0.1498820781707763,21.05821299552917,1053,97,0,,,False,resnet_medium__label_5__idx_928,global,-1,1024,0.0039,CIFAR100_resnet_medium,True,,,3072,0,3072,100.0,random
467,onnx/CIFAR100_resnet_medium.onnx,vnnlib/resnet_medium__label_5__idx_928_fix_mask_seg0_k1024_eps_0.0039.vnnlib,100,unsat True,,,5.371449947357178,0,0,0,,,False,resnet_medium__label_5__idx_928,fix_mask,0,1024,0.0039,CIFAR100_resnet_medium,False,0.6787096858024597,"[0, 0, 31, 31]",159,2913,3072,5.17578125,random
468,onnx/CIFAR100_resnet_medium.onnx,vnnlib/resnet_medium__label_5__idx_928_fix_nonmask_seg0_k1024_eps_0.0039.vnnlib,100,unsat False,0.0,0.2655143737792969,19.02350378036499,1042,97,0,,,False,resnet_medium__label_5__idx_928,fix_nonmask,0,1024,0.0039,CIFAR100_resnet_medium,False,0.6787096858024597,"[0, 0, 31, 31]",2913,159,3072,94.82421875,random
469,onnx/CIFAR100_resnet_medium.onnx,vnnlib/resnet_medium__label_60__idx_4583_global_k1024_eps_0.0039.vnnlib,100,unsat False,0.0,0.2134807109832763,15.477417469024658,1225,98,0,,,False,resnet_medium__label_60__idx_4583,global,-1,1024,0.0039,CIFAR100_resnet_medium,True,,,3072,0,3072,100.0,random
470,onnx/CIFAR100_resnet_medium.onnx,vnnlib/resnet_medium__label_60__idx_4583_fix_mask_seg0_k1024_eps_0.0039.vnnlib,100,unsat True,,,2.352471113204956,0,0,0,,,False,resnet_medium__label_60__idx_4583,fix_mask,0,1024,0.0039,CIFAR100_resnet_medium,False,0.193831130862236,"[0, 0, 31, 31]",0,3072,3072,0.0,random
471,onnx/CIFAR100_resnet_medium.onnx,vnnlib/resnet_medium__label_60__idx_4583_fix_nonmask_seg0_k1024_eps_0.0039.vnnlib,100,unsat False,0.0,0.1634891033172607,14.930219411849976,1225,98,0,,,False,resnet_medium__label_60__idx_4583,fix_nonmask,0,1024,0.0039,CIFAR100_resnet_medium,False,0.193831130862236,"[0, 0, 31, 31]",3072,0,3072,100.0,random
472,onnx/CIFAR100_resnet_medium.onnx,vnnlib/resnet_medium__label_63__idx_3374_global_k1024_eps_0.0039.vnnlib,100,unsat False,0.0,0.1543471813201904,15.025336027145386,1208,98,0,,,False,resnet_medium__label_63__idx_3374,global,-1,1024,0.0039,CIFAR100_resnet_medium,True,,,3072,0,3072,100.0,random
473,onnx/CIFAR100_resnet_medium.onnx,vnnlib/resnet_medium__label_63__idx_3374_fix_mask_seg0_k1024_eps_0.0039.vnnlib,100,unsat True,,,2.727508783340454,0,0,0,,,False,resnet_medium__label_63__idx_3374,fix_mask,0,1024,0.0039,CIFAR100_resnet_medium,False,0.8457642793655396,"[0, 0, 31, 31]",27,3045,3072,0.87890625,random
474,onnx/CIFAR100_resnet_medium.onnx,vnnlib/resnet_medium__label_63__idx_3374_fix_nonmask_seg0_k1024_eps_0.0039.vnnlib,100,unsat False,0.0,0.2378797531127929,14.687054634094238,1205,98,0,,,False,resnet_medium__label_63__idx_3374,fix_nonmask,0,1024,0.0039,CIFAR100_resnet_medium,False,0.8457642793655396,"[0, 0, 31, 31]",3045,27,3072,99.12109375,random
475,onnx/CIFAR100_resnet_medium.onnx,vnnlib/resnet_medium__label_66__idx_1902_global_k1024_eps_0.0039.vnnlib,100,unsat False,0.0,0.2057869434356689,15.839726209640505,838,98,1,0.075045108795166,64.0,False,resnet_medium__label_66__idx_1902,global,-1,1024,0.0039,CIFAR100_resnet_medium,True,,,3072,0,3072,100.0,random
476,onnx/CIFAR100_resnet_medium.onnx,vnnlib/resnet_medium__label_66__idx_1902_fix_mask_seg0_k1024_eps_0.0039.vnnlib,100,unsat True,,,2.968750238418579,0,0,0,,,False,resnet_medium__label_66__idx_1902,fix_mask,0,1024,0.0039,CIFAR100_resnet_medium,False,0.5658763647079468,"[0, 0, 31, 31]",30,3042,3072,0.9765625,random
477,onnx/CIFAR100_resnet_medium.onnx,vnnlib/resnet_medium__label_66__idx_1902_fix_nonmask_seg0_k1024_eps_0.0039.vnnlib,100,unsat False,0.0,0.3273625373840332,16.14525055885315,834,98,1,0.0776338577270507,64.0,False,resnet_medium__label_66__idx_1902,fix_nonmask,0,1024,0.0039,CIFAR100_resnet_medium,False,0.5658763647079468,"[0, 0, 31, 31]",3042,30,3072,99.0234375,random
478,onnx/CIFAR100_resnet_medium.onnx,vnnlib/resnet_medium__label_68__idx_1522_global_k1024_eps_0.0039.vnnlib,100,unsat False,0.0,0.2418215274810791,14.4652202129364,862,98,1,0.0928623676300048,69.0,False,resnet_medium__label_68__idx_1522,global,-1,1024,0.0039,CIFAR100_resnet_medium,True,,,3072,0,3072,100.0,random
479,onnx/CIFAR100_resnet_medium.onnx,vnnlib/resnet_medium__label_68__idx_1522_fix_mask_seg0_k1024_eps_0.0039.vnnlib,100,unsat True,,,2.3505163192749023,0,0,0,,,False,resnet_medium__label_68__idx_1522,fix_mask,0,1024,0.0039,CIFAR100_resnet_medium,False,0.1898166388273239,"[0, 0, 31, 31]",0,3072,3072,0.0,random
480,onnx/CIFAR100_resnet_medium.onnx,vnnlib/resnet_medium__label_68__idx_1522_fix_nonmask_seg0_k1024_eps_0.0039.vnnlib,100,unsat False,0.0,0.2741818428039551,15.464834690093994,862,98,1,0.0928623676300048,69.0,False,resnet_medium__label_68__idx_1522,fix_nonmask,0,1024,0.0039,CIFAR100_resnet_medium,False,0.1898166388273239,"[0, 0, 31, 31]",3072,0,3072,100.0,random
481,onnx/CIFAR100_resnet_medium.onnx,vnnlib/resnet_medium__label_6__idx_4129_global_k1024_eps_0.0039.vnnlib,100,unsat False,0.0,0.2675721645355224,19.005964517593384,1230,98,0,,,False,resnet_medium__label_6__idx_4129,global,-1,1024,0.0039,CIFAR100_resnet_medium,True,,,3072,0,3072,100.0,random
482,onnx/CIFAR100_resnet_medium.onnx,vnnlib/resnet_medium__label_6__idx_4129_fix_mask_seg0_k1024_eps_0.0039.vnnlib,100,unsat True,,,2.469000101089477,0,0,0,,,False,resnet_medium__label_6__idx_4129,fix_mask,0,1024,0.0039,CIFAR100_resnet_medium,False,0.8482607007026672,"[0, 0, 31, 31]",0,3072,3072,0.0,random
483,onnx/CIFAR100_resnet_medium.onnx,vnnlib/resnet_medium__label_6__idx_4129_fix_nonmask_seg0_k1024_eps_0.0039.vnnlib,100,unsat False,0.0,0.6231708526611328,20.36423921585083,1230,98,0,,,False,resnet_medium__label_6__idx_4129,fix_nonmask,0,1024,0.0039,CIFAR100_resnet_medium,False,0.8482607007026672,"[0, 0, 31, 31]",3072,0,3072,100.0,random
484,onnx/CIFAR100_resnet_medium.onnx,vnnlib/resnet_medium__label_6__idx_4225_global_k1024_eps_0.0039.vnnlib,100,unsat False,0.0,0.2430367469787597,15.481340646743774,955,98,1,0.1351375579833984,95.0,False,resnet_medium__label_6__idx_4225,global,-1,1024,0.0039,CIFAR100_resnet_medium,True,,,3072,0,3072,100.0,random
485,onnx/CIFAR100_resnet_medium.onnx,vnnlib/resnet_medium__label_6__idx_4225_fix_mask_seg0_k1024_eps_0.0039.vnnlib,100,unsat True,,,2.325754165649414,0,0,0,,,False,resnet_medium__label_6__idx_4225,fix_mask,0,1024,0.0039,CIFAR100_resnet_medium,False,0.7592031359672546,"[0, 0, 31, 31]",0,3072,3072,0.0,random
486,onnx/CIFAR100_resnet_medium.onnx,vnnlib/resnet_medium__label_6__idx_4225_fix_nonmask_seg0_k1024_eps_0.0039.vnnlib,100,unsat False,0.0,0.1526141166687011,14.368866443634031,955,98,1,0.135136604309082,95.0,False,resnet_medium__label_6__idx_4225,fix_nonmask,0,1024,0.0039,CIFAR100_resnet_medium,False,0.7592031359672546,"[0, 0, 31, 31]",3072,0,3072,100.0,random
487,onnx/CIFAR100_resnet_medium.onnx,vnnlib/resnet_medium__label_70__idx_3285_global_k1024_eps_0.0039.vnnlib,100,timeout False,0.0,0.1529159545898437,101.42794132232666,1101,97,0,,,False,resnet_medium__label_70__idx_3285,global,-1,1024,0.0039,CIFAR100_resnet_medium,True,,,3072,0,3072,100.0,random
488,onnx/CIFAR100_resnet_medium.onnx,vnnlib/resnet_medium__label_70__idx_3285_fix_mask_seg0_k1024_eps_0.0039.vnnlib,100,unsat True,,,3.1576974391937256,0,0,0,,,False,resnet_medium__label_70__idx_3285,fix_mask,0,1024,0.0039,CIFAR100_resnet_medium,False,0.8102312088012695,"[0, 0, 31, 31]",0,3072,3072,0.0,random
489,onnx/CIFAR100_resnet_medium.onnx,vnnlib/resnet_medium__label_70__idx_3285_fix_nonmask_seg0_k1024_eps_0.0039.vnnlib,100,timeout False,0.0,0.1750721931457519,108.01360940933228,1101,97,0,,,False,resnet_medium__label_70__idx_3285,fix_nonmask,0,1024,0.0039,CIFAR100_resnet_medium,False,0.8102312088012695,"[0, 0, 31, 31]",3072,0,3072,100.0,random
490,onnx/CIFAR100_resnet_medium.onnx,vnnlib/resnet_medium__label_71__idx_752_global_k1024_eps_0.0039.vnnlib,100,timeout False,0.0,0.1555099487304687,100.45321583747864,716,98,0,,,False,resnet_medium__label_71__idx_752,global,-1,1024,0.0039,CIFAR100_resnet_medium,True,,,3072,0,3072,100.0,random
491,onnx/CIFAR100_resnet_medium.onnx,vnnlib/resnet_medium__label_71__idx_752_fix_mask_seg0_k1024_eps_0.0039.vnnlib,100,unsat True,,,2.6686553955078125,0,0,0,,,False,resnet_medium__label_71__idx_752,fix_mask,0,1024,0.0039,CIFAR100_resnet_medium,False,0.4793432354927063,"[0, 0, 31, 31]",0,3072,3072,0.0,random
492,onnx/CIFAR100_resnet_medium.onnx,vnnlib/resnet_medium__label_71__idx_752_fix_nonmask_seg0_k1024_eps_0.0039.vnnlib,100,timeout False,0.0,0.1529946327209472,108.62712097167967,716,98,0,,,False,resnet_medium__label_71__idx_752,fix_nonmask,0,1024,0.0039,CIFAR100_resnet_medium,False,0.4793432354927063,"[0, 0, 31, 31]",3072,0,3072,100.0,random
493,onnx/CIFAR100_resnet_medium.onnx,vnnlib/resnet_medium__label_72__idx_792_global_k1024_eps_0.0039.vnnlib,100,unsat False,0.0,0.1613004207611084,14.279638528823853,951,98,0,,,False,resnet_medium__label_72__idx_792,global,-1,1024,0.0039,CIFAR100_resnet_medium,True,,,3072,0,3072,100.0,random
494,onnx/CIFAR100_resnet_medium.onnx,vnnlib/resnet_medium__label_72__idx_792_fix_mask_seg0_k1024_eps_0.0039.vnnlib,100,unsat True,,,2.6217288970947266,0,0,0,,,False,resnet_medium__label_72__idx_792,fix_mask,0,1024,0.0039,CIFAR100_resnet_medium,False,0.8892198204994202,"[0, 0, 31, 31]",45,3027,3072,1.46484375,random
495,onnx/CIFAR100_resnet_medium.onnx,vnnlib/resnet_medium__label_72__idx_792_fix_nonmask_seg0_k1024_eps_0.0039.vnnlib,100,unsat False,0.0,0.1523129940032959,14.735931158065796,950,98,0,,,False,resnet_medium__label_72__idx_792,fix_nonmask,0,1024,0.0039,CIFAR100_resnet_medium,False,0.8892198204994202,"[0, 0, 31, 31]",3027,45,3072,98.53515625,random
496,onnx/CIFAR100_resnet_medium.onnx,vnnlib/resnet_medium__label_73__idx_1800_global_k1024_eps_0.0039.vnnlib,100,timeout False,0.0,0.7591185569763184,112.3755841255188,799,98,0,,,False,resnet_medium__label_73__idx_1800,global,-1,1024,0.0039,CIFAR100_resnet_medium,True,,,3072,0,3072,100.0,random
497,onnx/CIFAR100_resnet_medium.onnx,vnnlib/resnet_medium__label_73__idx_1800_fix_mask_seg0_k1024_eps_0.0039.vnnlib,100,unsat True,,,2.404865264892578,0,0,0,,,False,resnet_medium__label_73__idx_1800,fix_mask,0,1024,0.0039,CIFAR100_resnet_medium,False,0.6951684951782227,"[0, 0, 31, 31]",0,3072,3072,0.0,random
498,onnx/CIFAR100_resnet_medium.onnx,vnnlib/resnet_medium__label_73__idx_1800_fix_nonmask_seg0_k1024_eps_0.0039.vnnlib,100,timeout False,0.0,0.1545085906982422,100.56576991081238,799,98,0,,,False,resnet_medium__label_73__idx_1800,fix_nonmask,0,1024,0.0039,CIFAR100_resnet_medium,False,0.6951684951782227,"[0, 0, 31, 31]",3072,0,3072,100.0,random
499,onnx/CIFAR100_resnet_medium.onnx,vnnlib/resnet_medium__label_74__idx_9092_global_k1024_eps_0.0039.vnnlib,100,timeout False,0.0,0.2277741432189941,108.41487741470335,1298,96,0,,,False,resnet_medium__label_74__idx_9092,global,-1,1024,0.0039,CIFAR100_resnet_medium,True,,,3072,0,3072,100.0,random
500,onnx/CIFAR100_resnet_medium.onnx,vnnlib/resnet_medium__label_74__idx_9092_fix_mask_seg0_k1024_eps_0.0039.vnnlib,100,unsat True,,,3.6921236515045166,0,0,0,,,False,resnet_medium__label_74__idx_9092,fix_mask,0,1024,0.0039,CIFAR100_resnet_medium,False,0.7732672691345215,"[0, 0, 31, 31]",0,3072,3072,0.0,random
501,onnx/CIFAR100_resnet_medium.onnx,vnnlib/resnet_medium__label_74__idx_9092_fix_nonmask_seg0_k1024_eps_0.0039.vnnlib,100,timeout False,0.0,0.157933235168457,104.44355392456056,1298,96,0,,,False,resnet_medium__label_74__idx_9092,fix_nonmask,0,1024,0.0039,CIFAR100_resnet_medium,False,0.7732672691345215,"[0, 0, 31, 31]",3072,0,3072,100.0,random
502,onnx/CIFAR100_resnet_medium.onnx,vnnlib/resnet_medium__label_75__idx_4400_global_k1024_eps_0.0039.vnnlib,100,timeout False,0.0,0.1514387130737304,101.59814047813416,1115,98,0,,,False,resnet_medium__label_75__idx_4400,global,-1,1024,0.0039,CIFAR100_resnet_medium,True,,,3072,0,3072,100.0,random
503,onnx/CIFAR100_resnet_medium.onnx,vnnlib/resnet_medium__label_75__idx_4400_fix_mask_seg0_k1024_eps_0.0039.vnnlib,100,unsat True,,,3.295095682144165,0,0,0,,,False,resnet_medium__label_75__idx_4400,fix_mask,0,1024,0.0039,CIFAR100_resnet_medium,False,0.6586025953292847,"[0, 0, 31, 31]",0,3072,3072,0.0,random
504,onnx/CIFAR100_resnet_medium.onnx,vnnlib/resnet_medium__label_75__idx_4400_fix_nonmask_seg0_k1024_eps_0.0039.vnnlib,100,timeout False,0.0,0.2268898487091064,104.41267728805542,1115,98,0,,,False,resnet_medium__label_75__idx_4400,fix_nonmask,0,1024,0.0039,CIFAR100_resnet_medium,False,0.6586025953292847,"[0, 0, 31, 31]",3072,0,3072,100.0,random
505,onnx/CIFAR100_resnet_medium.onnx,vnnlib/resnet_medium__label_76__idx_1471_global_k1024_eps_0.0039.vnnlib,100,unsat True,,,11.255014181137083,0,0,0,,,False,resnet_medium__label_76__idx_1471,global,-1,1024,0.0039,CIFAR100_resnet_medium,True,,,3072,0,3072,100.0,random
506,onnx/CIFAR100_resnet_medium.onnx,vnnlib/resnet_medium__label_76__idx_1471_fix_mask_seg0_k1024_eps_0.0039.vnnlib,100,unsat True,,,2.428044319152832,0,0,0,,,False,resnet_medium__label_76__idx_1471,fix_mask,0,1024,0.0039,CIFAR100_resnet_medium,False,0.5127732753753662,"[0, 0, 31, 31]",0,3072,3072,0.0,random
507,onnx/CIFAR100_resnet_medium.onnx,vnnlib/resnet_medium__label_76__idx_1471_fix_nonmask_seg0_k1024_eps_0.0039.vnnlib,100,unsat True,,,11.25289750099182,0,0,0,,,False,resnet_medium__label_76__idx_1471,fix_nonmask,0,1024,0.0039,CIFAR100_resnet_medium,False,0.5127732753753662,"[0, 0, 31, 31]",3072,0,3072,100.0,random
508,onnx/CIFAR100_resnet_medium.onnx,vnnlib/resnet_medium__label_79__idx_3741_global_k1024_eps_0.0039.vnnlib,100,sat True,,,2.79742431640625,0,0,0,,,False,resnet_medium__label_79__idx_3741,global,-1,1024,0.0039,CIFAR100_resnet_medium,True,,,3072,0,3072,100.0,random
509,onnx/CIFAR100_resnet_medium.onnx,vnnlib/resnet_medium__label_79__idx_3741_fix_mask_seg0_k1024_eps_0.0039.vnnlib,100,unsat True,,,3.113870859146118,0,0,0,,,False,resnet_medium__label_79__idx_3741,fix_mask,0,1024,0.0039,CIFAR100_resnet_medium,False,0.8252576589584351,"[0, 0, 31, 31]",39,3033,3072,1.26953125,random
510,onnx/CIFAR100_resnet_medium.onnx,vnnlib/resnet_medium__label_79__idx_3741_fix_nonmask_seg0_k1024_eps_0.0039.vnnlib,100,sat True,,,3.156111240386963,0,0,0,,,False,resnet_medium__label_79__idx_3741,fix_nonmask,0,1024,0.0039,CIFAR100_resnet_medium,False,0.8252576589584351,"[0, 0, 31, 31]",3033,39,3072,98.73046875,random
511,onnx/CIFAR100_resnet_medium.onnx,vnnlib/resnet_medium__label_79__idx_5430_global_k1024_eps_0.0039.vnnlib,100,timeout False,0.0,0.2489786148071289,103.28526663780212,1133,97,0,,,False,resnet_medium__label_79__idx_5430,global,-1,1024,0.0039,CIFAR100_resnet_medium,True,,,3072,0,3072,100.0,random
512,onnx/CIFAR100_resnet_medium.onnx,vnnlib/resnet_medium__label_79__idx_5430_fix_mask_seg0_k1024_eps_0.0039.vnnlib,100,unsat True,,,2.829566478729248,0,0,0,,,False,resnet_medium__label_79__idx_5430,fix_mask,0,1024,0.0039,CIFAR100_resnet_medium,False,0.7288989424705505,"[0, 0, 31, 31]",0,3072,3072,0.0,random
513,onnx/CIFAR100_resnet_medium.onnx,vnnlib/resnet_medium__label_79__idx_5430_fix_nonmask_seg0_k1024_eps_0.0039.vnnlib,100,timeout False,0.0,0.3844883441925049,101.52945065498352,1133,97,0,,,False,resnet_medium__label_79__idx_5430,fix_nonmask,0,1024,0.0039,CIFAR100_resnet_medium,False,0.7288989424705505,"[0, 0, 31, 31]",3072,0,3072,100.0,random
514,onnx/CIFAR100_resnet_medium.onnx,vnnlib/resnet_medium__label_7__idx_1605_global_k1024_eps_0.0039.vnnlib,100,timeout False,0.0,0.2287373542785644,106.1528615951538,1303,97,1,0.2493841648101806,65.0,False,resnet_medium__label_7__idx_1605,global,-1,1024,0.0039,CIFAR100_resnet_medium,True,,,3072,0,3072,100.0,random
515,onnx/CIFAR100_resnet_medium.onnx,vnnlib/resnet_medium__label_7__idx_1605_fix_mask_seg0_k1024_eps_0.0039.vnnlib,100,timeout False,,0.1871933937072754,107.34698295593262,0,0,0,,,False,resnet_medium__label_7__idx_1605,fix_mask,0,1024,0.0039,CIFAR100_resnet_medium,False,0.5656787157058716,"[0, 0, 31, 31]",0,3072,3072,0.0,random
516,onnx/CIFAR100_resnet_medium.onnx,vnnlib/resnet_medium__label_7__idx_1605_fix_nonmask_seg0_k1024_eps_0.0039.vnnlib,100,unsat True,0.0,,3.0319111347198486,1303,97,1,0.2493820190429687,65.0,False,resnet_medium__label_7__idx_1605,fix_nonmask,0,1024,0.0039,CIFAR100_resnet_medium,False,0.5656787157058716,"[0, 0, 31, 31]",3072,0,3072,100.0,random
517,onnx/CIFAR100_resnet_medium.onnx,vnnlib/resnet_medium__label_80__idx_1690_global_k1024_eps_0.0039.vnnlib,100,timeout False,0.0,0.1531686782836914,108.33874464035034,1467,92,6,0.0028972625732421,52.0,False,resnet_medium__label_80__idx_1690,global,-1,1024,0.0039,CIFAR100_resnet_medium,True,,,3072,0,3072,100.0,random
518,onnx/CIFAR100_resnet_medium.onnx,vnnlib/resnet_medium__label_80__idx_1690_fix_mask_seg0_k1024_eps_0.0039.vnnlib,100,unsat True,,,3.132901430130005,0,0,0,,,False,resnet_medium__label_80__idx_1690,fix_mask,0,1024,0.0039,CIFAR100_resnet_medium,False,0.7390716671943665,"[0, 0, 31, 31]",0,3072,3072,0.0,random
519,onnx/CIFAR100_resnet_medium.onnx,vnnlib/resnet_medium__label_80__idx_1690_fix_nonmask_seg0_k1024_eps_0.0039.vnnlib,100,timeout False,0.0,0.233652114868164,109.28756308555604,1467,92,6,0.0028953552246093,52.0,False,resnet_medium__label_80__idx_1690,fix_nonmask,0,1024,0.0039,CIFAR100_resnet_medium,False,0.7390716671943665,"[0, 0, 31, 31]",3072,0,3072,100.0,random
520,onnx/CIFAR100_resnet_medium.onnx,vnnlib/resnet_medium__label_80__idx_3620_global_k1024_eps_0.0039.vnnlib,100,timeout False,0.0,0.2021467685699463,101.2703845500946,1057,98,0,,,False,resnet_medium__label_80__idx_3620,global,-1,1024,0.0039,CIFAR100_resnet_medium,True,,,3072,0,3072,100.0,random
521,onnx/CIFAR100_resnet_medium.onnx,vnnlib/resnet_medium__label_80__idx_3620_fix_mask_seg0_k1024_eps_0.0039.vnnlib,100,unsat True,,,3.364272356033325,0,0,0,,,False,resnet_medium__label_80__idx_3620,fix_mask,0,1024,0.0039,CIFAR100_resnet_medium,False,0.7725550532341003,"[0, 0, 31, 31]",93,2979,3072,3.02734375,random
522,onnx/CIFAR100_resnet_medium.onnx,vnnlib/resnet_medium__label_80__idx_3620_fix_nonmask_seg0_k1024_eps_0.0039.vnnlib,100,timeout False,0.0,0.2346844673156738,103.99185848236084,1044,98,0,,,False,resnet_medium__label_80__idx_3620,fix_nonmask,0,1024,0.0039,CIFAR100_resnet_medium,False,0.7725550532341003,"[0, 0, 31, 31]",2979,93,3072,96.97265625,random
523,onnx/CIFAR100_resnet_medium.onnx,vnnlib/resnet_medium__label_80__idx_9109_global_k1024_eps_0.0039.vnnlib,100,timeout False,0.0,0.1940364837646484,102.87395095825195,1495,95,3,0.1604743003845214,84.0,False,resnet_medium__label_80__idx_9109,global,-1,1024,0.0039,CIFAR100_resnet_medium,True,,,3072,0,3072,100.0,random
524,onnx/CIFAR100_resnet_medium.onnx,vnnlib/resnet_medium__label_80__idx_9109_fix_mask_seg0_k1024_eps_0.0039.vnnlib,100,unsat True,,,3.3999876976013184,0,0,0,,,False,resnet_medium__label_80__idx_9109,fix_mask,0,1024,0.0039,CIFAR100_resnet_medium,False,0.8558413982391357,"[0, 0, 31, 31]",219,2853,3072,7.12890625,random
525,onnx/CIFAR100_resnet_medium.onnx,vnnlib/resnet_medium__label_80__idx_9109_fix_nonmask_seg0_k1024_eps_0.0039.vnnlib,100,timeout False,0.0,0.1638550758361816,107.777836561203,1440,95,1,0.2499525547027588,84.0,False,resnet_medium__label_80__idx_9109,fix_nonmask,0,1024,0.0039,CIFAR100_resnet_medium,False,0.8558413982391357,"[0, 0, 31, 31]",2853,219,3072,92.87109375,random
526,onnx/CIFAR100_resnet_medium.onnx,vnnlib/resnet_medium__label_81__idx_6695_global_k1024_eps_0.0039.vnnlib,100,timeout False,0.0,0.1215534210205078,104.20427465438844,856,97,1,0.0796928405761718,37.0,False,resnet_medium__label_81__idx_6695,global,-1,1024,0.0039,CIFAR100_resnet_medium,True,,,3072,0,3072,100.0,random
527,onnx/CIFAR100_resnet_medium.onnx,vnnlib/resnet_medium__label_81__idx_6695_fix_mask_seg0_k1024_eps_0.0039.vnnlib,100,unsat True,,,3.339388132095337,0,0,0,,,False,resnet_medium__label_81__idx_6695,fix_mask,0,1024,0.0039,CIFAR100_resnet_medium,False,0.5336483716964722,"[0, 0, 31, 31]",66,3006,3072,2.1484375,random
528,onnx/CIFAR100_resnet_medium.onnx,vnnlib/resnet_medium__label_81__idx_6695_fix_nonmask_seg0_k1024_eps_0.0039.vnnlib,100,timeout False,0.0,0.1515924930572509,102.2827877998352,848,97,1,0.0913447737693786,37.0,False,resnet_medium__label_81__idx_6695,fix_nonmask,0,1024,0.0039,CIFAR100_resnet_medium,False,0.5336483716964722,"[0, 0, 31, 31]",3006,66,3072,97.8515625,random
529,onnx/CIFAR100_resnet_medium.onnx,vnnlib/resnet_medium__label_83__idx_5815_global_k1024_eps_0.0039.vnnlib,100,timeout False,0.0,0.2399349212646484,110.91246938705444,976,98,0,,,False,resnet_medium__label_83__idx_5815,global,-1,1024,0.0039,CIFAR100_resnet_medium,True,,,3072,0,3072,100.0,random
530,onnx/CIFAR100_resnet_medium.onnx,vnnlib/resnet_medium__label_83__idx_5815_fix_mask_seg0_k1024_eps_0.0039.vnnlib,100,unsat True,,,3.3124945163726807,0,0,0,,,False,resnet_medium__label_83__idx_5815,fix_mask,0,1024,0.0039,CIFAR100_resnet_medium,False,0.5346622467041016,"[0, 0, 31, 31]",33,3039,3072,1.07421875,random
531,onnx/CIFAR100_resnet_medium.onnx,vnnlib/resnet_medium__label_83__idx_5815_fix_nonmask_seg0_k1024_eps_0.0039.vnnlib,100,timeout False,0.0,0.2402796745300293,102.79911684989928,974,98,0,,,False,resnet_medium__label_83__idx_5815,fix_nonmask,0,1024,0.0039,CIFAR100_resnet_medium,False,0.5346622467041016,"[0, 0, 31, 31]",3039,33,3072,98.92578125,random
532,onnx/CIFAR100_resnet_medium.onnx,vnnlib/resnet_medium__label_84__idx_8846_global_k1024_eps_0.0039.vnnlib,100,unsat False,0.0,0.1544520854949951,23.215001821517944,988,98,0,,,False,resnet_medium__label_84__idx_8846,global,-1,1024,0.0039,CIFAR100_resnet_medium,True,,,3072,0,3072,100.0,random
533,onnx/CIFAR100_resnet_medium.onnx,vnnlib/resnet_medium__label_84__idx_8846_fix_mask_seg0_k1024_eps_0.0039.vnnlib,100,unsat True,,,3.0580427646636963,0,0,0,,,False,resnet_medium__label_84__idx_8846,fix_mask,0,1024,0.0039,CIFAR100_resnet_medium,False,0.7350094318389893,"[0, 0, 31, 31]",0,3072,3072,0.0,random
534,onnx/CIFAR100_resnet_medium.onnx,vnnlib/resnet_medium__label_84__idx_8846_fix_nonmask_seg0_k1024_eps_0.0039.vnnlib,100,unsat False,0.0,0.2377800941467285,25.064127683639526,988,98,0,,,False,resnet_medium__label_84__idx_8846,fix_nonmask,0,1024,0.0039,CIFAR100_resnet_medium,False,0.7350094318389893,"[0, 0, 31, 31]",3072,0,3072,100.0,random
535,onnx/CIFAR100_resnet_medium.onnx,vnnlib/resnet_medium__label_85__idx_2810_global_k1024_eps_0.0039.vnnlib,100,unsat False,0.0,0.2150516510009765,15.171555757522585,1099,98,0,,,False,resnet_medium__label_85__idx_2810,global,-1,1024,0.0039,CIFAR100_resnet_medium,True,,,3072,0,3072,100.0,random
536,onnx/CIFAR100_resnet_medium.onnx,vnnlib/resnet_medium__label_85__idx_2810_fix_mask_seg0_k1024_eps_0.0039.vnnlib,100,unsat True,,,3.2041821479797363,0,0,0,,,False,resnet_medium__label_85__idx_2810,fix_mask,0,1024,0.0039,CIFAR100_resnet_medium,False,0.5551386475563049,"[0, 0, 31, 31]",102,2970,3072,3.3203125,random
537,onnx/CIFAR100_resnet_medium.onnx,vnnlib/resnet_medium__label_85__idx_2810_fix_nonmask_seg0_k1024_eps_0.0039.vnnlib,100,unsat False,0.0,0.1508817672729492,14.847067594528198,1086,98,0,,,False,resnet_medium__label_85__idx_2810,fix_nonmask,0,1024,0.0039,CIFAR100_resnet_medium,False,0.5551386475563049,"[0, 0, 31, 31]",2970,102,3072,96.6796875,random
538,onnx/CIFAR100_resnet_medium.onnx,vnnlib/resnet_medium__label_85__idx_9936_global_k1024_eps_0.0039.vnnlib,100,unsat False,0.0,0.2317333221435547,21.022949934005737,1193,97,0,,,False,resnet_medium__label_85__idx_9936,global,-1,1024,0.0039,CIFAR100_resnet_medium,True,,,3072,0,3072,100.0,random
539,onnx/CIFAR100_resnet_medium.onnx,vnnlib/resnet_medium__label_85__idx_9936_fix_mask_seg0_k1024_eps_0.0039.vnnlib,100,unsat True,,,2.8953702449798584,0,0,0,,,False,resnet_medium__label_85__idx_9936,fix_mask,0,1024,0.0039,CIFAR100_resnet_medium,False,0.5917254090309143,"[0, 0, 31, 31]",0,3072,3072,0.0,random
540,onnx/CIFAR100_resnet_medium.onnx,vnnlib/resnet_medium__label_85__idx_9936_fix_nonmask_seg0_k1024_eps_0.0039.vnnlib,100,unsat False,0.0,0.1963529586791992,21.34062528610229,1193,97,0,,,False,resnet_medium__label_85__idx_9936,fix_nonmask,0,1024,0.0039,CIFAR100_resnet_medium,False,0.5917254090309143,"[0, 0, 31, 31]",3072,0,3072,100.0,random
541,onnx/CIFAR100_resnet_medium.onnx,vnnlib/resnet_medium__label_88__idx_4719_global_k1024_eps_0.0039.vnnlib,100,sat True,,,3.507962942123413,0,0,0,,,False,resnet_medium__label_88__idx_4719,global,-1,1024,0.0039,CIFAR100_resnet_medium,True,,,3072,0,3072,100.0,random
542,onnx/CIFAR100_resnet_medium.onnx,vnnlib/resnet_medium__label_88__idx_4719_fix_mask_seg0_k1024_eps_0.0039.vnnlib,100,unsat True,,,3.0517404079437256,0,0,0,,,False,resnet_medium__label_88__idx_4719,fix_mask,0,1024,0.0039,CIFAR100_resnet_medium,False,0.8555042743682861,"[0, 0, 31, 31]",0,3072,3072,0.0,random
543,onnx/CIFAR100_resnet_medium.onnx,vnnlib/resnet_medium__label_88__idx_4719_fix_nonmask_seg0_k1024_eps_0.0039.vnnlib,100,sat True,,,3.6472246646881104,0,0,0,,,False,resnet_medium__label_88__idx_4719,fix_nonmask,0,1024,0.0039,CIFAR100_resnet_medium,False,0.8555042743682861,"[0, 0, 31, 31]",3072,0,3072,100.0,random
544,onnx/CIFAR100_resnet_medium.onnx,vnnlib/resnet_medium__label_88__idx_533_global_k1024_eps_0.0039.vnnlib,100,timeout False,0.0,0.1494185924530029,104.72689986228944,1435,91,2,0.2604188919067383,68.0,False,resnet_medium__label_88__idx_533,global,-1,1024,0.0039,CIFAR100_resnet_medium,True,,,3072,0,3072,100.0,random
545,onnx/CIFAR100_resnet_medium.onnx,vnnlib/resnet_medium__label_88__idx_533_fix_mask_seg0_k1024_eps_0.0039.vnnlib,100,unsat True,,,2.8712878227233887,0,0,0,,,False,resnet_medium__label_88__idx_533,fix_mask,0,1024,0.0039,CIFAR100_resnet_medium,False,0.8875133991241455,"[0, 0, 31, 31]",222,2850,3072,7.2265625,random
546,onnx/CIFAR100_resnet_medium.onnx,vnnlib/resnet_medium__label_88__idx_533_fix_nonmask_seg0_k1024_eps_0.0039.vnnlib,100,timeout False,0.0,0.2356433868408203,105.42994832992554,1339,92,1,0.1680912971496582,46.0,False,resnet_medium__label_88__idx_533,fix_nonmask,0,1024,0.0039,CIFAR100_resnet_medium,False,0.8875133991241455,"[0, 0, 31, 31]",2850,222,3072,92.7734375,random
547,onnx/CIFAR100_resnet_medium.onnx,vnnlib/resnet_medium__label_88__idx_6654_global_k1024_eps_0.0039.vnnlib,100,unsat False,0.0,0.1495482921600341,15.386053562164308,1053,98,0,,,False,resnet_medium__label_88__idx_6654,global,-1,1024,0.0039,CIFAR100_resnet_medium,True,,,3072,0,3072,100.0,random
548,onnx/CIFAR100_resnet_medium.onnx,vnnlib/resnet_medium__label_88__idx_6654_fix_mask_seg0_k1024_eps_0.0039.vnnlib,100,unsat True,,,3.376511573791504,0,0,0,,,False,resnet_medium__label_88__idx_6654,fix_mask,0,1024,0.0039,CIFAR100_resnet_medium,False,0.8095887303352356,"[0, 0, 31, 31]",45,3027,3072,1.46484375,random
549,onnx/CIFAR100_resnet_medium.onnx,vnnlib/resnet_medium__label_88__idx_6654_fix_nonmask_seg0_k1024_eps_0.0039.vnnlib,100,unsat False,0.0,0.2319755554199218,16.3384530544281,1047,98,0,,,False,resnet_medium__label_88__idx_6654,fix_nonmask,0,1024,0.0039,CIFAR100_resnet_medium,False,0.8095887303352356,"[0, 0, 31, 31]",3027,45,3072,98.53515625,random
550,onnx/CIFAR100_resnet_medium.onnx,vnnlib/resnet_medium__label_89__idx_3301_global_k1024_eps_0.0039.vnnlib,100,unsat False,0.0,0.1481297016143798,31.90750527381897,1142,97,0,,,False,resnet_medium__label_89__idx_3301,global,-1,1024,0.0039,CIFAR100_resnet_medium,True,,,3072,0,3072,100.0,random
551,onnx/CIFAR100_resnet_medium.onnx,vnnlib/resnet_medium__label_89__idx_3301_fix_mask_seg0_k1024_eps_0.0039.vnnlib,100,unsat True,,,2.6232385635375977,0,0,0,,,False,resnet_medium__label_89__idx_3301,fix_mask,0,1024,0.0039,CIFAR100_resnet_medium,False,0.6719493269920349,"[0, 0, 31, 31]",0,3072,3072,0.0,random
552,onnx/CIFAR100_resnet_medium.onnx,vnnlib/resnet_medium__label_89__idx_3301_fix_nonmask_seg0_k1024_eps_0.0039.vnnlib,100,unsat False,0.0,0.1465575695037841,36.165035247802734,1142,97,0,,,False,resnet_medium__label_89__idx_3301,fix_nonmask,0,1024,0.0039,CIFAR100_resnet_medium,False,0.6719493269920349,"[0, 0, 31, 31]",3072,0,3072,100.0,random
553,onnx/CIFAR100_resnet_medium.onnx,vnnlib/resnet_medium__label_89__idx_7265_global_k1024_eps_0.0039.vnnlib,100,unsat False,0.0,0.229546308517456,26.581530332565308,1379,97,0,,,False,resnet_medium__label_89__idx_7265,global,-1,1024,0.0039,CIFAR100_resnet_medium,True,,,3072,0,3072,100.0,random
554,onnx/CIFAR100_resnet_medium.onnx,vnnlib/resnet_medium__label_89__idx_7265_fix_mask_seg0_k1024_eps_0.0039.vnnlib,100,unsat True,,,3.207385301589966,0,0,0,,,False,resnet_medium__label_89__idx_7265,fix_mask,0,1024,0.0039,CIFAR100_resnet_medium,False,0.514014482498169,"[0, 0, 31, 31]",15,3057,3072,0.48828125,random
555,onnx/CIFAR100_resnet_medium.onnx,vnnlib/resnet_medium__label_89__idx_7265_fix_nonmask_seg0_k1024_eps_0.0039.vnnlib,100,unsat False,0.0,0.2167944908142089,26.31447052955627,1378,97,0,,,False,resnet_medium__label_89__idx_7265,fix_nonmask,0,1024,0.0039,CIFAR100_resnet_medium,False,0.514014482498169,"[0, 0, 31, 31]",3057,15,3072,99.51171875,random
556,onnx/CIFAR100_resnet_medium.onnx,vnnlib/resnet_medium__label_8__idx_1540_global_k1024_eps_0.0039.vnnlib,100,unsat False,0.0,0.238332986831665,16.859598398208618,1192,97,0,,,False,resnet_medium__label_8__idx_1540,global,-1,1024,0.0039,CIFAR100_resnet_medium,True,,,3072,0,3072,100.0,random
557,onnx/CIFAR100_resnet_medium.onnx,vnnlib/resnet_medium__label_8__idx_1540_fix_mask_seg0_k1024_eps_0.0039.vnnlib,100,unsat True,,,3.464705228805542,0,0,0,,,False,resnet_medium__label_8__idx_1540,fix_mask,0,1024,0.0039,CIFAR100_resnet_medium,False,0.8141960501670837,"[0, 0, 31, 31]",135,2937,3072,4.39453125,random
558,onnx/CIFAR100_resnet_medium.onnx,vnnlib/resnet_medium__label_8__idx_1540_fix_nonmask_seg0_k1024_eps_0.0039.vnnlib,100,unsat False,0.0,0.1553652286529541,15.337558269500732,1167,97,0,,,False,resnet_medium__label_8__idx_1540,fix_nonmask,0,1024,0.0039,CIFAR100_resnet_medium,False,0.8141960501670837,"[0, 0, 31, 31]",2937,135,3072,95.60546875,random
559,onnx/CIFAR100_resnet_medium.onnx,vnnlib/resnet_medium__label_90__idx_2721_global_k1024_eps_0.0039.vnnlib,100,unsat False,0.0,0.7498345375061035,17.272088050842285,680,98,0,,,False,resnet_medium__label_90__idx_2721,global,-1,1024,0.0039,CIFAR100_resnet_medium,True,,,3072,0,3072,100.0,random
560,onnx/CIFAR100_resnet_medium.onnx,vnnlib/resnet_medium__label_90__idx_2721_fix_mask_seg0_k1024_eps_0.0039.vnnlib,100,unsat True,,,3.470163583755493,0,0,0,,,False,resnet_medium__label_90__idx_2721,fix_mask,0,1024,0.0039,CIFAR100_resnet_medium,False,0.757843017578125,"[0, 0, 31, 31]",267,2805,3072,8.69140625,random
561,onnx/CIFAR100_resnet_medium.onnx,vnnlib/resnet_medium__label_90__idx_2721_fix_nonmask_seg0_k1024_eps_0.0039.vnnlib,100,unsat True,,,11.2938129901886,0,0,0,,,False,resnet_medium__label_90__idx_2721,fix_nonmask,0,1024,0.0039,CIFAR100_resnet_medium,False,0.757843017578125,"[0, 0, 31, 31]",2805,267,3072,91.30859375,random
562,onnx/CIFAR100_resnet_medium.onnx,vnnlib/resnet_medium__label_91__idx_200_global_k1024_eps_0.0039.vnnlib,100,sat True,,,4.089598894119263,0,0,0,,,False,resnet_medium__label_91__idx_200,global,-1,1024,0.0039,CIFAR100_resnet_medium,True,,,3072,0,3072,100.0,random
563,onnx/CIFAR100_resnet_medium.onnx,vnnlib/resnet_medium__label_91__idx_200_fix_mask_seg0_k1024_eps_0.0039.vnnlib,100,unsat True,,,3.361257314682007,0,0,0,,,False,resnet_medium__label_91__idx_200,fix_mask,0,1024,0.0039,CIFAR100_resnet_medium,False,0.8057616949081421,"[0, 0, 31, 31]",12,3060,3072,0.390625,random
564,onnx/CIFAR100_resnet_medium.onnx,vnnlib/resnet_medium__label_91__idx_200_fix_nonmask_seg0_k1024_eps_0.0039.vnnlib,100,sat True,,,3.478468179702759,0,0,0,,,False,resnet_medium__label_91__idx_200,fix_nonmask,0,1024,0.0039,CIFAR100_resnet_medium,False,0.8057616949081421,"[0, 0, 31, 31]",3060,12,3072,99.609375,random
565,onnx/CIFAR100_resnet_medium.onnx,vnnlib/resnet_medium__label_92__idx_1041_global_k1024_eps_0.0039.vnnlib,100,timeout False,0.0,0.1503386497497558,108.54391932487488,1103,98,0,,,False,resnet_medium__label_92__idx_1041,global,-1,1024,0.0039,CIFAR100_resnet_medium,True,,,3072,0,3072,100.0,random
566,onnx/CIFAR100_resnet_medium.onnx,vnnlib/resnet_medium__label_92__idx_1041_fix_mask_seg0_k1024_eps_0.0039.vnnlib,100,unsat True,,,3.306518793106079,0,0,0,,,False,resnet_medium__label_92__idx_1041,fix_mask,0,1024,0.0039,CIFAR100_resnet_medium,False,0.5664615631103516,"[0, 0, 31, 31]",45,3027,3072,1.46484375,random
567,onnx/CIFAR100_resnet_medium.onnx,vnnlib/resnet_medium__label_92__idx_1041_fix_nonmask_seg0_k1024_eps_0.0039.vnnlib,100,timeout False,0.0,0.1479809284210205,104.50524878501892,1096,98,0,,,False,resnet_medium__label_92__idx_1041,fix_nonmask,0,1024,0.0039,CIFAR100_resnet_medium,False,0.5664615631103516,"[0, 0, 31, 31]",3027,45,3072,98.53515625,random
568,onnx/CIFAR100_resnet_medium.onnx,vnnlib/resnet_medium__label_92__idx_6225_global_k1024_eps_0.0039.vnnlib,100,unsat False,0.0,0.2381064891815185,15.853723764419556,1130,98,0,,,False,resnet_medium__label_92__idx_6225,global,-1,1024,0.0039,CIFAR100_resnet_medium,True,,,3072,0,3072,100.0,random
569,onnx/CIFAR100_resnet_medium.onnx,vnnlib/resnet_medium__label_92__idx_6225_fix_mask_seg0_k1024_eps_0.0039.vnnlib,100,unsat True,,,3.3756263256073,0,0,0,,,False,resnet_medium__label_92__idx_6225,fix_mask,0,1024,0.0039,CIFAR100_resnet_medium,False,0.4199050664901733,"[0, 0, 31, 31]",60,3012,3072,1.953125,random
570,onnx/CIFAR100_resnet_medium.onnx,vnnlib/resnet_medium__label_92__idx_6225_fix_nonmask_seg0_k1024_eps_0.0039.vnnlib,100,unsat False,0.0,0.2432918548583984,16.67618465423584,1115,98,0,,,False,resnet_medium__label_92__idx_6225,fix_nonmask,0,1024,0.0039,CIFAR100_resnet_medium,False,0.4199050664901733,"[0, 0, 31, 31]",3012,60,3072,98.046875,random
571,onnx/CIFAR100_resnet_medium.onnx,vnnlib/resnet_medium__label_92__idx_7841_global_k1024_eps_0.0039.vnnlib,100,sat True,,,4.520031929016113,0,0,0,,,False,resnet_medium__label_92__idx_7841,global,-1,1024,0.0039,CIFAR100_resnet_medium,True,,,3072,0,3072,100.0,random
572,onnx/CIFAR100_resnet_medium.onnx,vnnlib/resnet_medium__label_92__idx_7841_fix_mask_seg0_k1024_eps_0.0039.vnnlib,100,unsat True,,,3.203077793121338,0,0,0,,,False,resnet_medium__label_92__idx_7841,fix_mask,0,1024,0.0039,CIFAR100_resnet_medium,False,0.6613809466362,"[0, 0, 31, 31]",48,3024,3072,1.5625,random
573,onnx/CIFAR100_resnet_medium.onnx,vnnlib/resnet_medium__label_92__idx_7841_fix_nonmask_seg0_k1024_eps_0.0039.vnnlib,100,sat True,,,4.576545715332031,0,0,0,,,False,resnet_medium__label_92__idx_7841,fix_nonmask,0,1024,0.0039,CIFAR100_resnet_medium,False,0.6613809466362,"[0, 0, 31, 31]",3024,48,3072,98.4375,random
574,onnx/CIFAR100_resnet_medium.onnx,vnnlib/resnet_medium__label_93__idx_6196_global_k1024_eps_0.0039.vnnlib,100,timeout False,0.0,0.2431776523590088,104.7945191860199,1282,95,2,0.006171703338623,48.0,False,resnet_medium__label_93__idx_6196,global,-1,1024,0.0039,CIFAR100_resnet_medium,True,,,3072,0,3072,100.0,random
575,onnx/CIFAR100_resnet_medium.onnx,vnnlib/resnet_medium__label_93__idx_6196_fix_mask_seg0_k1024_eps_0.0039.vnnlib,100,unsat True,,,2.399785280227661,0,0,0,,,False,resnet_medium__label_93__idx_6196,fix_mask,0,1024,0.0039,CIFAR100_resnet_medium,False,0.815584659576416,"[0, 0, 31, 31]",54,3018,3072,1.7578125,random
576,onnx/CIFAR100_resnet_medium.onnx,vnnlib/resnet_medium__label_93__idx_6196_fix_nonmask_seg0_k1024_eps_0.0039.vnnlib,100,timeout False,0.0,0.1496181488037109,104.29907560348512,1280,95,2,0.0171055793762207,48.0,False,resnet_medium__label_93__idx_6196,fix_nonmask,0,1024,0.0039,CIFAR100_resnet_medium,False,0.815584659576416,"[0, 0, 31, 31]",3018,54,3072,98.2421875,random
577,onnx/CIFAR100_resnet_medium.onnx,vnnlib/resnet_medium__label_96__idx_3701_global_k1024_eps_0.0039.vnnlib,100,unsat True,,,11.896975755691528,0,0,0,,,False,resnet_medium__label_96__idx_3701,global,-1,1024,0.0039,CIFAR100_resnet_medium,True,,,3072,0,3072,100.0,random
578,onnx/CIFAR100_resnet_medium.onnx,vnnlib/resnet_medium__label_96__idx_3701_fix_mask_seg0_k1024_eps_0.0039.vnnlib,100,unsat True,,,2.383079290390014,0,0,0,,,False,resnet_medium__label_96__idx_3701,fix_mask,0,1024,0.0039,CIFAR100_resnet_medium,False,0.8700975775718689,"[0, 0, 31, 31]",0,3072,3072,0.0,random
579,onnx/CIFAR100_resnet_medium.onnx,vnnlib/resnet_medium__label_96__idx_3701_fix_nonmask_seg0_k1024_eps_0.0039.vnnlib,100,unsat True,,,11.526499271392822,0,0,0,,,False,resnet_medium__label_96__idx_3701,fix_nonmask,0,1024,0.0039,CIFAR100_resnet_medium,False,0.8700975775718689,"[0, 0, 31, 31]",3072,0,3072,100.0,random
580,onnx/CIFAR100_resnet_medium.onnx,vnnlib/resnet_medium__label_96__idx_5577_global_k1024_eps_0.0039.vnnlib,100,sat True,,,3.934220314025879,0,0,0,,,False,resnet_medium__label_96__idx_5577,global,-1,1024,0.0039,CIFAR100_resnet_medium,True,,,3072,0,3072,100.0,random
581,onnx/CIFAR100_resnet_medium.onnx,vnnlib/resnet_medium__label_96__idx_5577_fix_mask_seg0_k1024_eps_0.0039.vnnlib,100,unsat True,,,2.266510486602783,0,0,0,,,False,resnet_medium__label_96__idx_5577,fix_mask,0,1024,0.0039,CIFAR100_resnet_medium,False,0.3415736556053161,"[0, 0, 31, 31]",3,3069,3072,0.09765625,random
582,onnx/CIFAR100_resnet_medium.onnx,vnnlib/resnet_medium__label_96__idx_5577_fix_nonmask_seg0_k1024_eps_0.0039.vnnlib,100,sat True,,,4.310519456863403,0,0,0,,,False,resnet_medium__label_96__idx_5577,fix_nonmask,0,1024,0.0039,CIFAR100_resnet_medium,False,0.3415736556053161,"[0, 0, 31, 31]",3069,3,3072,99.90234375,random
583,onnx/CIFAR100_resnet_medium.onnx,vnnlib/resnet_medium__label_96__idx_9183_global_k1024_eps_0.0039.vnnlib,100,timeout False,0.0,0.1542627811431884,108.06932950019836,1451,98,2,0.0872728824615478,46.0,False,resnet_medium__label_96__idx_9183,global,-1,1024,0.0039,CIFAR100_resnet_medium,True,,,3072,0,3072,100.0,random
584,onnx/CIFAR100_resnet_medium.onnx,vnnlib/resnet_medium__label_96__idx_9183_fix_mask_seg0_k1024_eps_0.0039.vnnlib,100,unsat True,,,2.504889965057373,0,0,0,,,False,resnet_medium__label_96__idx_9183,fix_mask,0,1024,0.0039,CIFAR100_resnet_medium,False,0.5355382561683655,"[0, 0, 31, 31]",51,3021,3072,1.66015625,random
585,onnx/CIFAR100_resnet_medium.onnx,vnnlib/resnet_medium__label_96__idx_9183_fix_nonmask_seg0_k1024_eps_0.0039.vnnlib,100,timeout False,0.0,0.1539869308471679,102.4303846359253,1440,98,2,0.0971577167510986,46.0,False,resnet_medium__label_96__idx_9183,fix_nonmask,0,1024,0.0039,CIFAR100_resnet_medium,False,0.5355382561683655,"[0, 0, 31, 31]",3021,51,3072,98.33984375,random
586,onnx/CIFAR100_resnet_medium.onnx,vnnlib/resnet_medium__label_98__idx_40_global_k1024_eps_0.0039.vnnlib,100,unsat False,0.0,0.1861340999603271,15.86250925064087,719,98,0,,,False,resnet_medium__label_98__idx_40,global,-1,1024,0.0039,CIFAR100_resnet_medium,True,,,3072,0,3072,100.0,random
587,onnx/CIFAR100_resnet_medium.onnx,vnnlib/resnet_medium__label_98__idx_40_fix_mask_seg0_k1024_eps_0.0039.vnnlib,100,unsat True,,,3.0091986656188965,0,0,0,,,False,resnet_medium__label_98__idx_40,fix_mask,0,1024,0.0039,CIFAR100_resnet_medium,False,0.7708795666694641,"[0, 0, 31, 31]",0,3072,3072,0.0,random
588,onnx/CIFAR100_resnet_medium.onnx,vnnlib/resnet_medium__label_98__idx_40_fix_nonmask_seg0_k1024_eps_0.0039.vnnlib,100,unsat False,0.0,0.2347555160522461,16.38871693611145,719,98,0,,,False,resnet_medium__label_98__idx_40,fix_nonmask,0,1024,0.0039,CIFAR100_resnet_medium,False,0.7708795666694641,"[0, 0, 31, 31]",3072,0,3072,100.0,random
589,onnx/CIFAR100_resnet_medium.onnx,vnnlib/resnet_medium__label_99__idx_3584_global_k1024_eps_0.0039.vnnlib,100,timeout False,0.0,0.1500687599182129,107.2499885559082,480,98,0,,,False,resnet_medium__label_99__idx_3584,global,-1,1024,0.0039,CIFAR100_resnet_medium,True,,,3072,0,3072,100.0,random
590,onnx/CIFAR100_resnet_medium.onnx,vnnlib/resnet_medium__label_99__idx_3584_fix_mask_seg0_k1024_eps_0.0039.vnnlib,100,unsat True,,,3.0363106727600098,0,0,0,,,False,resnet_medium__label_99__idx_3584,fix_mask,0,1024,0.0039,CIFAR100_resnet_medium,False,0.860288143157959,"[0, 0, 31, 31]",0,3072,3072,0.0,random
591,onnx/CIFAR100_resnet_medium.onnx,vnnlib/resnet_medium__label_99__idx_3584_fix_nonmask_seg0_k1024_eps_0.0039.vnnlib,100,timeout False,0.0,0.1530086994171142,100.70935106277466,480,98,0,,,False,resnet_medium__label_99__idx_3584,fix_nonmask,0,1024,0.0039,CIFAR100_resnet_medium,False,0.860288143157959,"[0, 0, 31, 31]",3072,0,3072,100.0,random
592,onnx/CIFAR100_resnet_medium.onnx,vnnlib/resnet_medium__label_9__idx_4461_global_k1024_eps_0.0039.vnnlib,100,unsat False,0.0,0.151355504989624,15.169846296310425,865,98,0,,,False,resnet_medium__label_9__idx_4461,global,-1,1024,0.0039,CIFAR100_resnet_medium,True,,,3072,0,3072,100.0,random
593,onnx/CIFAR100_resnet_medium.onnx,vnnlib/resnet_medium__label_9__idx_4461_fix_mask_seg0_k1024_eps_0.0039.vnnlib,100,unsat True,,,3.021709680557251,0,0,0,,,False,resnet_medium__label_9__idx_4461,fix_mask,0,1024,0.0039,CIFAR100_resnet_medium,False,0.8504781723022461,"[0, 0, 31, 31]",15,3057,3072,0.48828125,random
594,onnx/CIFAR100_resnet_medium.onnx,vnnlib/resnet_medium__label_9__idx_4461_fix_nonmask_seg0_k1024_eps_0.0039.vnnlib,100,unsat False,0.0,0.1559863090515136,14.451547384262083,864,98,0,,,False,resnet_medium__label_9__idx_4461,fix_nonmask,0,1024,0.0039,CIFAR100_resnet_medium,False,0.8504781723022461,"[0, 0, 31, 31]",3057,15,3072,99.51171875,random
595,onnx/CIFAR100_resnet_medium.onnx,vnnlib/resnet_medium__label_9__idx_6416_global_k1024_eps_0.0039.vnnlib,100,unsat False,0.0,0.2063665390014648,55.7845470905304,1293,94,2,0.0105650424957275,8.0,False,resnet_medium__label_9__idx_6416,global,-1,1024,0.0039,CIFAR100_resnet_medium,True,,,3072,0,3072,100.0,random
596,onnx/CIFAR100_resnet_medium.onnx,vnnlib/resnet_medium__label_9__idx_6416_fix_mask_seg0_k1024_eps_0.0039.vnnlib,100,unsat True,,,3.2174413204193115,0,0,0,,,False,resnet_medium__label_9__idx_6416,fix_mask,0,1024,0.0039,CIFAR100_resnet_medium,False,0.4968843460083008,"[0, 0, 31, 31]",0,3072,3072,0.0,random
597,onnx/CIFAR100_resnet_medium.onnx,vnnlib/resnet_medium__label_9__idx_6416_fix_nonmask_seg0_k1024_eps_0.0039.vnnlib,100,unsat False,0.0,0.1475586891174316,55.93426203727722,1293,94,2,0.0105633735656738,8.0,False,resnet_medium__label_9__idx_6416,fix_nonmask,0,1024,0.0039,CIFAR100_resnet_medium,False,0.4968843460083008,"[0, 0, 31, 31]",3072,0,3072,100.0,random
598,onnx/CIFAR100_resnet_medium.onnx,vnnlib/resnet_medium__label_9__idx_7593_global_k1024_eps_0.0039.vnnlib,100,unsat False,0.0,0.2346892356872558,17.177427530288696,915,98,0,,,False,resnet_medium__label_9__idx_7593,global,-1,1024,0.0039,CIFAR100_resnet_medium,True,,,3072,0,3072,100.0,random
599,onnx/CIFAR100_resnet_medium.onnx,vnnlib/resnet_medium__label_9__idx_7593_fix_mask_seg0_k1024_eps_0.0039.vnnlib,100,unsat True,,,2.418898105621338,0,0,0,,,False,resnet_medium__label_9__idx_7593,fix_mask,0,1024,0.0039,CIFAR100_resnet_medium,False,0.8502879738807678,"[0, 0, 31, 31]",0,3072,3072,0.0,random
600,onnx/CIFAR100_resnet_medium.onnx,vnnlib/resnet_medium__label_9__idx_7593_fix_nonmask_seg0_k1024_eps_0.0039.vnnlib,100,unsat False,0.0,0.4118680953979492,19.23520374298096,915,98,0,,,False,resnet_medium__label_9__idx_7593,fix_nonmask,0,1024,0.0039,CIFAR100_resnet_medium,False,0.8502879738807678,"[0, 0, 31, 31]",3072,0,3072,100.0,random
