instance_id,onnx,vnnlib,timeout,result,lb_minus_rhs,domains_visited,bab_time,all_time,init_unstable,image,tag,segment_index,k,eps,model,is_global,score,bbox,num_changed,num_fixed,total,percent_changed,pattern
1,onnx/vgg16-7.onnx,vnnlib/n02085620_Chihuahua_global_k50176_eps_0.0001.vnnlib,1200,unsat False,1.2985000610351562,0.0,733.6627397537231,781.5886511802673,0,n02085620_Chihuahua,global,-1,50176,0.0001,vgg16-7,True,,,150528,0,150528,100.0,random
2,onnx/vgg16-7.onnx,vnnlib/n02085620_Chihuahua_global_k25088_eps_0.0001.vnnlib,1200,unsat False,2.210813522338867,0.0,669.6390504837036,717.7348835468292,0,n02085620_Chihuahua,global,-1,25088,0.0001,vgg16-7,True,,,75264,75264,150528,50.0,random
3,onnx/vgg16-7.onnx,vnnlib/n02085620_Chihuahua_global_k12544_eps_0.0001.vnnlib,1200,unsat False,2.2328481674194336,0.0,588.8901314735413,635.0546183586121,0,n02085620_Chihuahua,global,-1,12544,0.0001,vgg16-7,True,,,37632,112896,150528,25.0,random
4,onnx/vgg16-7.onnx,vnnlib/n02085620_Chihuahua_global_k6272_eps_0.0001.vnnlib,1200,unsat False,2.238203763961792,0.0,590.875738620758,635.4800002574921,0,n02085620_Chihuahua,global,-1,6272,0.0001,vgg16-7,True,,,18816,131712,150528,12.5,random
5,onnx/vgg16-7.onnx,vnnlib/n02085620_Chihuahua_global_k3136_eps_0.0001.vnnlib,1200,unsat False,2.240295886993408,0.0,576.937451839447,613.540450334549,0,n02085620_Chihuahua,global,-1,3136,0.0001,vgg16-7,True,,,9408,141120,150528,6.25,random
6,onnx/vgg16-7.onnx,vnnlib/n02085620_Chihuahua_global_k1568_eps_0.0001.vnnlib,1200,unsat False,2.2412631511688232,0.0,540.7538030147552,576.9571146965027,0,n02085620_Chihuahua,global,-1,1568,0.0001,vgg16-7,True,,,4704,145824,150528,3.125,random
7,onnx/vgg16-7.onnx,vnnlib/n02085620_Chihuahua_fix_mask_seg0_k50176_eps_0.0001.vnnlib,1200,unsat False,2.1715657711029053,0.0,693.3948287963867,737.2613439559937,0,n02085620_Chihuahua,fix_mask,0,50176,0.0001,vgg16-7,False,0.860840380191803,"[0, 1, 223, 223]",93786,56742,150528,62.3046875,random
8,onnx/vgg16-7.onnx,vnnlib/n02085620_Chihuahua_fix_mask_seg0_k25088_eps_0.0001.vnnlib,1200,unsat False,2.2056827545166016,0.0,666.4684610366821,710.1126849651337,0,n02085620_Chihuahua,fix_mask,0,25088,0.0001,vgg16-7,False,0.860840380191803,"[0, 1, 223, 223]",75264,75264,150528,50.0,random
9,onnx/vgg16-7.onnx,vnnlib/n02085620_Chihuahua_fix_mask_seg0_k12544_eps_0.0001.vnnlib,1200,unsat False,2.232122898101806,0.0,597.1329734325409,641.063321352005,0,n02085620_Chihuahua,fix_mask,0,12544,0.0001,vgg16-7,False,0.860840380191803,"[0, 1, 223, 223]",37632,112896,150528,25.0,random
10,onnx/vgg16-7.onnx,vnnlib/n02085620_Chihuahua_fix_mask_seg0_k6272_eps_0.0001.vnnlib,1200,unsat False,2.238022565841675,0.0,593.6830492019653,636.8768827915192,0,n02085620_Chihuahua,fix_mask,0,6272,0.0001,vgg16-7,False,0.860840380191803,"[0, 1, 223, 223]",18816,131712,150528,12.5,random
11,onnx/vgg16-7.onnx,vnnlib/n02085620_Chihuahua_fix_mask_seg0_k3136_eps_0.0001.vnnlib,1200,unsat False,2.240234851837158,0.0,573.5722861289978,612.3718819618225,0,n02085620_Chihuahua,fix_mask,0,3136,0.0001,vgg16-7,False,0.860840380191803,"[0, 1, 223, 223]",9408,141120,150528,6.25,random
12,onnx/vgg16-7.onnx,vnnlib/n02085620_Chihuahua_fix_mask_seg0_k1568_eps_0.0001.vnnlib,1200,unsat False,2.241227149963379,0.0,529.7562596797943,568.432416677475,0,n02085620_Chihuahua,fix_mask,0,1568,0.0001,vgg16-7,False,0.860840380191803,"[0, 1, 223, 223]",4704,145824,150528,3.125,random
13,onnx/vgg16-7.onnx,vnnlib/n02085620_Chihuahua_fix_nonmask_seg0_k50176_eps_0.0001.vnnlib,1200,unsat False,2.2254157066345215,0.0,625.1098999977112,670.1389863491058,0,n02085620_Chihuahua,fix_nonmask,0,50176,0.0001,vgg16-7,False,0.860840380191803,"[0, 1, 223, 223]",56742,93786,150528,37.6953125,random
14,onnx/vgg16-7.onnx,vnnlib/n02085620_Chihuahua_fix_nonmask_seg0_k25088_eps_0.0001.vnnlib,1200,unsat False,2.2254157066345215,0.0,625.8831729888916,671.8573849201202,0,n02085620_Chihuahua,fix_nonmask,0,25088,0.0001,vgg16-7,False,0.860840380191803,"[0, 1, 223, 223]",56742,93786,150528,37.6953125,random
15,onnx/vgg16-7.onnx,vnnlib/n02085620_Chihuahua_fix_nonmask_seg0_k12544_eps_0.0001.vnnlib,1200,unsat False,2.2334256172180176,0.0,588.0895202159882,632.505270242691,0,n02085620_Chihuahua,fix_nonmask,0,12544,0.0001,vgg16-7,False,0.860840380191803,"[0, 1, 223, 223]",37632,112896,150528,25.0,random
16,onnx/vgg16-7.onnx,vnnlib/n02085620_Chihuahua_fix_nonmask_seg0_k6272_eps_0.0001.vnnlib,1200,unsat False,2.238513469696045,0.0,585.6979911327362,630.6776537895203,0,n02085620_Chihuahua,fix_nonmask,0,6272,0.0001,vgg16-7,False,0.860840380191803,"[0, 1, 223, 223]",18816,131712,150528,12.5,random
17,onnx/vgg16-7.onnx,vnnlib/n02085620_Chihuahua_fix_nonmask_seg0_k3136_eps_0.0001.vnnlib,1200,unsat False,2.240446090698242,0.0,577.680083990097,613.6808967590332,0,n02085620_Chihuahua,fix_nonmask,0,3136,0.0001,vgg16-7,False,0.860840380191803,"[0, 1, 223, 223]",9408,141120,150528,6.25,random
18,onnx/vgg16-7.onnx,vnnlib/n02085620_Chihuahua_fix_nonmask_seg0_k1568_eps_0.0001.vnnlib,1200,unsat False,2.2413203716278076,0.0,542.6045897006989,578.5146358013153,0,n02085620_Chihuahua,fix_nonmask,0,1568,0.0001,vgg16-7,False,0.860840380191803,"[0, 1, 223, 223]",4704,145824,150528,3.125,random
19,onnx/vgg16-7.onnx,vnnlib/n02085782_Japanese_spaniel_global_k50176_eps_0.0001.vnnlib,1200,sat True,,,,37.24298071861267,0,n02085782_Japanese_spaniel,global,-1,50176,0.0001,vgg16-7,True,,,150528,0,150528,100.0,random
20,onnx/vgg16-7.onnx,vnnlib/n02085782_Japanese_spaniel_global_k25088_eps_0.0001.vnnlib,1200,sat True,,,,35.15743374824524,0,n02085782_Japanese_spaniel,global,-1,25088,0.0001,vgg16-7,True,,,75264,75264,150528,50.0,random
21,onnx/vgg16-7.onnx,vnnlib/n02085782_Japanese_spaniel_global_k12544_eps_0.0001.vnnlib,1200,sat True,,,,35.18474793434143,0,n02085782_Japanese_spaniel,global,-1,12544,0.0001,vgg16-7,True,,,37632,112896,150528,25.0,random
22,onnx/vgg16-7.onnx,vnnlib/n02085782_Japanese_spaniel_global_k6272_eps_0.0001.vnnlib,1200,sat True,,,,34.41726279258728,0,n02085782_Japanese_spaniel,global,-1,6272,0.0001,vgg16-7,True,,,18816,131712,150528,12.5,random
23,onnx/vgg16-7.onnx,vnnlib/n02085782_Japanese_spaniel_global_k3136_eps_0.0001.vnnlib,1200,sat False,-inf,,1.8205358982086184,36.6202027797699,0,n02085782_Japanese_spaniel,global,-1,3136,0.0001,vgg16-7,True,,,9408,141120,150528,6.25,random
24,onnx/vgg16-7.onnx,vnnlib/n02085782_Japanese_spaniel_global_k1568_eps_0.0001.vnnlib,1200,sat False,-inf,,2.1692497730255127,36.76608204841614,0,n02085782_Japanese_spaniel,global,-1,1568,0.0001,vgg16-7,True,,,4704,145824,150528,3.125,random
25,onnx/vgg16-7.onnx,vnnlib/n02085782_Japanese_spaniel_fix_mask_seg0_k50176_eps_0.0001.vnnlib,1200,sat True,,,,34.2647430896759,0,n02085782_Japanese_spaniel,fix_mask,0,50176,0.0001,vgg16-7,False,0.9374722838401794,"[2, 2, 222, 223]",34059,116469,150528,22.626355229591837,random
26,onnx/vgg16-7.onnx,vnnlib/n02085782_Japanese_spaniel_fix_mask_seg0_k25088_eps_0.0001.vnnlib,1200,sat True,,,,33.63407921791077,0,n02085782_Japanese_spaniel,fix_mask,0,25088,0.0001,vgg16-7,False,0.9374722838401794,"[2, 2, 222, 223]",34059,116469,150528,22.626355229591837,random
27,onnx/vgg16-7.onnx,vnnlib/n02085782_Japanese_spaniel_fix_mask_seg0_k12544_eps_0.0001.vnnlib,1200,sat True,,,,36.62613391876221,0,n02085782_Japanese_spaniel,fix_mask,0,12544,0.0001,vgg16-7,False,0.9374722838401794,"[2, 2, 222, 223]",34059,116469,150528,22.626355229591837,random
28,onnx/vgg16-7.onnx,vnnlib/n02085782_Japanese_spaniel_fix_mask_seg0_k6272_eps_0.0001.vnnlib,1200,sat True,,,,38.834890842437744,0,n02085782_Japanese_spaniel,fix_mask,0,6272,0.0001,vgg16-7,False,0.9374722838401794,"[2, 2, 222, 223]",18816,131712,150528,12.5,random
29,onnx/vgg16-7.onnx,vnnlib/n02085782_Japanese_spaniel_fix_mask_seg0_k3136_eps_0.0001.vnnlib,1200,sat False,-inf,,1.8367462158203125,38.75866913795471,0,n02085782_Japanese_spaniel,fix_mask,0,3136,0.0001,vgg16-7,False,0.9374722838401794,"[2, 2, 222, 223]",9408,141120,150528,6.25,random
30,onnx/vgg16-7.onnx,vnnlib/n02085782_Japanese_spaniel_fix_mask_seg0_k1568_eps_0.0001.vnnlib,1200,sat False,-inf,,1.6871919631958008,39.82690382003784,0,n02085782_Japanese_spaniel,fix_mask,0,1568,0.0001,vgg16-7,False,0.9374722838401794,"[2, 2, 222, 223]",4704,145824,150528,3.125,random
31,onnx/vgg16-7.onnx,vnnlib/n02085782_Japanese_spaniel_fix_nonmask_seg0_k50176_eps_0.0001.vnnlib,1200,sat True,,,,35.09545183181763,0,n02085782_Japanese_spaniel,fix_nonmask,0,50176,0.0001,vgg16-7,False,0.9374722838401794,"[2, 2, 222, 223]",116469,34059,150528,77.37364477040816,random
32,onnx/vgg16-7.onnx,vnnlib/n02085782_Japanese_spaniel_fix_nonmask_seg0_k25088_eps_0.0001.vnnlib,1200,sat True,,,,35.636619329452515,0,n02085782_Japanese_spaniel,fix_nonmask,0,25088,0.0001,vgg16-7,False,0.9374722838401794,"[2, 2, 222, 223]",75264,75264,150528,50.0,random
33,onnx/vgg16-7.onnx,vnnlib/n02085782_Japanese_spaniel_fix_nonmask_seg0_k12544_eps_0.0001.vnnlib,1200,sat True,,,,37.18288564682007,0,n02085782_Japanese_spaniel,fix_nonmask,0,12544,0.0001,vgg16-7,False,0.9374722838401794,"[2, 2, 222, 223]",37632,112896,150528,25.0,random
34,onnx/vgg16-7.onnx,vnnlib/n02085782_Japanese_spaniel_fix_nonmask_seg0_k6272_eps_0.0001.vnnlib,1200,sat True,,,,34.93125581741333,0,n02085782_Japanese_spaniel,fix_nonmask,0,6272,0.0001,vgg16-7,False,0.9374722838401794,"[2, 2, 222, 223]",18816,131712,150528,12.5,random
35,onnx/vgg16-7.onnx,vnnlib/n02085782_Japanese_spaniel_fix_nonmask_seg0_k3136_eps_0.0001.vnnlib,1200,sat False,-inf,,2.1086132526397705,39.30341672897339,0,n02085782_Japanese_spaniel,fix_nonmask,0,3136,0.0001,vgg16-7,False,0.9374722838401794,"[2, 2, 222, 223]",9408,141120,150528,6.25,random
36,onnx/vgg16-7.onnx,vnnlib/n02085782_Japanese_spaniel_fix_nonmask_seg0_k1568_eps_0.0001.vnnlib,1200,sat False,-inf,,1.8289399147033691,39.14517521858215,0,n02085782_Japanese_spaniel,fix_nonmask,0,1568,0.0001,vgg16-7,False,0.9374722838401794,"[2, 2, 222, 223]",4704,145824,150528,3.125,random
37,onnx/vgg16-7.onnx,vnnlib/n02085936_Maltese_dog_global_k50176_eps_0.0001.vnnlib,1200,timeout False,-185.1916656494141,3.0,2458.724449157715,2502.8762817382812,0,n02085936_Maltese_dog,global,-1,50176,0.0001,vgg16-7,True,,,150528,0,150528,100.0,random
38,onnx/vgg16-7.onnx,vnnlib/n02085936_Maltese_dog_global_k25088_eps_0.0001.vnnlib,1200,unsat False,0.9535000324249268,0.0,633.2305591106415,675.7723460197449,0,n02085936_Maltese_dog,global,-1,25088,0.0001,vgg16-7,True,,,75264,75264,150528,50.0,random
39,onnx/vgg16-7.onnx,vnnlib/n02085936_Maltese_dog_global_k12544_eps_0.0001.vnnlib,1200,unsat False,1.0018306970596311,0.0,599.1248145103455,640.8299579620361,0,n02085936_Maltese_dog,global,-1,12544,0.0001,vgg16-7,True,,,37632,112896,150528,25.0,random
40,onnx/vgg16-7.onnx,vnnlib/n02085936_Maltese_dog_global_k6272_eps_0.0001.vnnlib,1200,unsat False,1.0089527368545532,0.0,573.5756754875183,616.8303484916687,0,n02085936_Maltese_dog,global,-1,6272,0.0001,vgg16-7,True,,,18816,131712,150528,12.5,random
41,onnx/vgg16-7.onnx,vnnlib/n02085936_Maltese_dog_global_k3136_eps_0.0001.vnnlib,1200,unsat False,1.011457920074463,0.0,538.1136603355408,585.9169299602509,0,n02085936_Maltese_dog,global,-1,3136,0.0001,vgg16-7,True,,,9408,141120,150528,6.25,random
42,onnx/vgg16-7.onnx,vnnlib/n02085936_Maltese_dog_global_k1568_eps_0.0001.vnnlib,1200,unsat False,1.0125205516815186,0.0,506.3607451915741,554.4663832187653,0,n02085936_Maltese_dog,global,-1,1568,0.0001,vgg16-7,True,,,4704,145824,150528,3.125,random
43,onnx/vgg16-7.onnx,vnnlib/n02085936_Maltese_dog_fix_mask_seg0_k50176_eps_0.0001.vnnlib,1200,unsat False,1.0003317594528198,0.0,599.2988154888153,657.0942931175232,0,n02085936_Maltese_dog,fix_mask,0,50176,0.0001,vgg16-7,False,0.8656321167945862,"[0, 0, 223, 223]",41946,108582,150528,27.86591198979592,random
44,onnx/vgg16-7.onnx,vnnlib/n02085936_Maltese_dog_fix_mask_seg0_k25088_eps_0.0001.vnnlib,1200,unsat False,1.0003314018249512,0.0,599.175411939621,657.0590245723724,0,n02085936_Maltese_dog,fix_mask,0,25088,0.0001,vgg16-7,False,0.8656321167945862,"[0, 0, 223, 223]",41946,108582,150528,27.86591198979592,random
45,onnx/vgg16-7.onnx,vnnlib/n02085936_Maltese_dog_fix_mask_seg0_k12544_eps_0.0001.vnnlib,1200,unsat False,1.0024864673614502,0.0,600.694207906723,659.2034332752228,0,n02085936_Maltese_dog,fix_mask,0,12544,0.0001,vgg16-7,False,0.8656321167945862,"[0, 0, 223, 223]",37632,112896,150528,25.0,random
46,onnx/vgg16-7.onnx,vnnlib/n02085936_Maltese_dog_fix_mask_seg0_k6272_eps_0.0001.vnnlib,1200,unsat False,1.0092449188232422,0.0,562.5929615497589,622.3734917640686,0,n02085936_Maltese_dog,fix_mask,0,6272,0.0001,vgg16-7,False,0.8656321167945862,"[0, 0, 223, 223]",18816,131712,150528,12.5,random
47,onnx/vgg16-7.onnx,vnnlib/n02085936_Maltese_dog_fix_mask_seg0_k3136_eps_0.0001.vnnlib,1200,unsat False,1.01156485080719,0.0,530.0463562011719,577.5911870002747,0,n02085936_Maltese_dog,fix_mask,0,3136,0.0001,vgg16-7,False,0.8656321167945862,"[0, 0, 223, 223]",9408,141120,150528,6.25,random
48,onnx/vgg16-7.onnx,vnnlib/n02085936_Maltese_dog_fix_mask_seg0_k1568_eps_0.0001.vnnlib,1200,unsat False,1.012564182281494,0.0,505.61448669433594,552.6274473667145,0,n02085936_Maltese_dog,fix_mask,0,1568,0.0001,vgg16-7,False,0.8656321167945862,"[0, 0, 223, 223]",4704,145824,150528,3.125,random
49,onnx/vgg16-7.onnx,vnnlib/n02085936_Maltese_dog_fix_nonmask_seg0_k50176_eps_0.0001.vnnlib,1200,unsat False,0.125357449054718,0.0,708.7466163635254,764.5233750343323,0,n02085936_Maltese_dog,fix_nonmask,0,50176,0.0001,vgg16-7,False,0.8656321167945862,"[0, 0, 223, 223]",108582,41946,150528,72.13408801020408,random
50,onnx/vgg16-7.onnx,vnnlib/n02085936_Maltese_dog_fix_nonmask_seg0_k25088_eps_0.0001.vnnlib,1200,unsat False,0.9511203169822692,0.0,640.3033185005188,682.9954483509064,0,n02085936_Maltese_dog,fix_nonmask,0,25088,0.0001,vgg16-7,False,0.8656321167945862,"[0, 0, 223, 223]",75264,75264,150528,50.0,random
51,onnx/vgg16-7.onnx,vnnlib/n02085936_Maltese_dog_fix_nonmask_seg0_k12544_eps_0.0001.vnnlib,1200,unsat False,1.0013320446014404,0.0,598.2893145084381,640.7898693084717,0,n02085936_Maltese_dog,fix_nonmask,0,12544,0.0001,vgg16-7,False,0.8656321167945862,"[0, 0, 223, 223]",37632,112896,150528,25.0,random
52,onnx/vgg16-7.onnx,vnnlib/n02085936_Maltese_dog_fix_nonmask_seg0_k6272_eps_0.0001.vnnlib,1200,unsat False,1.0088030099868774,0.0,578.8174893856049,622.3824212551117,0,n02085936_Maltese_dog,fix_nonmask,0,6272,0.0001,vgg16-7,False,0.8656321167945862,"[0, 0, 223, 223]",18816,131712,150528,12.5,random
53,onnx/vgg16-7.onnx,vnnlib/n02085936_Maltese_dog_fix_nonmask_seg0_k3136_eps_0.0001.vnnlib,1200,unsat False,1.0114035606384275,0.0,539.0183289051056,573.8737933635712,0,n02085936_Maltese_dog,fix_nonmask,0,3136,0.0001,vgg16-7,False,0.8656321167945862,"[0, 0, 223, 223]",9408,141120,150528,6.25,random
54,onnx/vgg16-7.onnx,vnnlib/n02085936_Maltese_dog_fix_nonmask_seg0_k1568_eps_0.0001.vnnlib,1200,unsat False,1.0124716758728027,0.0,504.0898563861847,540.3470366001129,0,n02085936_Maltese_dog,fix_nonmask,0,1568,0.0001,vgg16-7,False,0.8656321167945862,"[0, 0, 223, 223]",4704,145824,150528,3.125,random
55,onnx/vgg16-7.onnx,vnnlib/n02086079_Pekinese_global_k50176_eps_0.0001.vnnlib,1200,timeout False,-152.37918090820312,3.0,2386.8220286369324,2430.796065330506,0,n02086079_Pekinese,global,-1,50176,0.0001,vgg16-7,True,,,150528,0,150528,100.0,random
56,onnx/vgg16-7.onnx,vnnlib/n02086079_Pekinese_global_k25088_eps_0.0001.vnnlib,1200,unsat False,0.3830406963825226,0.0,681.2291452884674,725.2867448329926,0,n02086079_Pekinese,global,-1,25088,0.0001,vgg16-7,True,,,75264,75264,150528,50.0,random
57,onnx/vgg16-7.onnx,vnnlib/n02086079_Pekinese_global_k12544_eps_0.0001.vnnlib,1200,unsat False,0.4121012687683105,0.0,634.7979528903961,677.7602427005768,0,n02086079_Pekinese,global,-1,12544,0.0001,vgg16-7,True,,,37632,112896,150528,25.0,random
58,onnx/vgg16-7.onnx,vnnlib/n02086079_Pekinese_global_k6272_eps_0.0001.vnnlib,1200,unsat False,0.4173692762851715,0.0,612.0023803710938,656.1592569351196,0,n02086079_Pekinese,global,-1,6272,0.0001,vgg16-7,True,,,18816,131712,150528,12.5,random
59,onnx/vgg16-7.onnx,vnnlib/n02086079_Pekinese_global_k3136_eps_0.0001.vnnlib,1200,unsat False,0.4192648231983185,0.0,581.2376954555511,616.7670061588287,0,n02086079_Pekinese,global,-1,3136,0.0001,vgg16-7,True,,,9408,141120,150528,6.25,random
60,onnx/vgg16-7.onnx,vnnlib/n02086079_Pekinese_global_k1568_eps_0.0001.vnnlib,1200,unsat False,0.4200593829154968,0.0,541.7625868320465,575.956081867218,0,n02086079_Pekinese,global,-1,1568,0.0001,vgg16-7,True,,,4704,145824,150528,3.125,random
61,onnx/vgg16-7.onnx,vnnlib/n02086079_Pekinese_fix_mask_seg0_k50176_eps_0.0001.vnnlib,1200,unsat False,0.4167340099811554,0.0,608.0291359424591,650.9924554824829,0,n02086079_Pekinese,fix_mask,0,50176,0.0001,vgg16-7,False,0.9072927236557008,"[0, 0, 223, 223]",23631,126897,150528,15.69874043367347,random
62,onnx/vgg16-7.onnx,vnnlib/n02086079_Pekinese_fix_mask_seg0_k25088_eps_0.0001.vnnlib,1200,unsat False,0.4167336225509643,0.0,608.3605310916901,651.8380501270294,0,n02086079_Pekinese,fix_mask,0,25088,0.0001,vgg16-7,False,0.9072927236557008,"[0, 0, 223, 223]",23631,126897,150528,15.69874043367347,random
63,onnx/vgg16-7.onnx,vnnlib/n02086079_Pekinese_fix_mask_seg0_k12544_eps_0.0001.vnnlib,1200,unsat False,0.4167342185974121,0.0,608.4447331428528,652.2833275794983,0,n02086079_Pekinese,fix_mask,0,12544,0.0001,vgg16-7,False,0.9072927236557008,"[0, 0, 223, 223]",23631,126897,150528,15.69874043367347,random
64,onnx/vgg16-7.onnx,vnnlib/n02086079_Pekinese_fix_mask_seg0_k6272_eps_0.0001.vnnlib,1200,unsat False,0.4177009463310241,0.0,603.9391975402832,647.6504580974579,0,n02086079_Pekinese,fix_mask,0,6272,0.0001,vgg16-7,False,0.9072927236557008,"[0, 0, 223, 223]",18816,131712,150528,12.5,random
65,onnx/vgg16-7.onnx,vnnlib/n02086079_Pekinese_fix_mask_seg0_k3136_eps_0.0001.vnnlib,1200,unsat False,0.4193660914897918,0.0,570.533684015274,607.0061213970184,0,n02086079_Pekinese,fix_mask,0,3136,0.0001,vgg16-7,False,0.9072927236557008,"[0, 0, 223, 223]",9408,141120,150528,6.25,random
66,onnx/vgg16-7.onnx,vnnlib/n02086079_Pekinese_fix_mask_seg0_k1568_eps_0.0001.vnnlib,1200,unsat False,0.4201003909111023,0.0,541.4154374599457,575.8786840438843,0,n02086079_Pekinese,fix_mask,0,1568,0.0001,vgg16-7,False,0.9072927236557008,"[0, 0, 223, 223]",4704,145824,150528,3.125,random
67,onnx/vgg16-7.onnx,vnnlib/n02086079_Pekinese_fix_nonmask_seg0_k50176_eps_0.0001.vnnlib,1200,timeout False,-51.52241134643555,3.0,2431.5767509937286,2476.335557937622,0,n02086079_Pekinese,fix_nonmask,0,50176,0.0001,vgg16-7,False,0.9072927236557008,"[0, 0, 223, 223]",126897,23631,150528,84.30125956632654,random
68,onnx/vgg16-7.onnx,vnnlib/n02086079_Pekinese_fix_nonmask_seg0_k25088_eps_0.0001.vnnlib,1200,unsat False,0.3734531104564667,0.0,687.0695707798004,730.9673855304718,0,n02086079_Pekinese,fix_nonmask,0,25088,0.0001,vgg16-7,False,0.9072927236557008,"[0, 0, 223, 223]",75264,75264,150528,50.0,random
69,onnx/vgg16-7.onnx,vnnlib/n02086079_Pekinese_fix_nonmask_seg0_k12544_eps_0.0001.vnnlib,1200,unsat False,0.4115794003009796,0.0,639.1318056583405,683.2993896007538,0,n02086079_Pekinese,fix_nonmask,0,12544,0.0001,vgg16-7,False,0.9072927236557008,"[0, 0, 223, 223]",37632,112896,150528,25.0,random
70,onnx/vgg16-7.onnx,vnnlib/n02086079_Pekinese_fix_nonmask_seg0_k6272_eps_0.0001.vnnlib,1200,unsat False,0.4172967672348022,0.0,606.6650106906891,650.8436353206635,0,n02086079_Pekinese,fix_nonmask,0,6272,0.0001,vgg16-7,False,0.9072927236557008,"[0, 0, 223, 223]",18816,131712,150528,12.5,random
71,onnx/vgg16-7.onnx,vnnlib/n02086079_Pekinese_fix_nonmask_seg0_k3136_eps_0.0001.vnnlib,1200,unsat False,0.4192554950714111,0.0,580.7410855293274,617.7981705665588,0,n02086079_Pekinese,fix_nonmask,0,3136,0.0001,vgg16-7,False,0.9072927236557008,"[0, 0, 223, 223]",9408,141120,150528,6.25,random
72,onnx/vgg16-7.onnx,vnnlib/n02086079_Pekinese_fix_nonmask_seg0_k1568_eps_0.0001.vnnlib,1200,unsat False,0.4200597405433655,0.0,535.8895454406738,571.7623271942139,0,n02086079_Pekinese,fix_nonmask,0,1568,0.0001,vgg16-7,False,0.9072927236557008,"[0, 0, 223, 223]",4704,145824,150528,3.125,random
73,onnx/vgg16-7.onnx,vnnlib/n02086240_Shih-Tzu_global_k50176_eps_0.0001.vnnlib,1200,sat True,,,,38.23174071311951,0,n02086240_Shih-Tzu,global,-1,50176,0.0001,vgg16-7,True,,,150528,0,150528,100.0,random
74,onnx/vgg16-7.onnx,vnnlib/n02086240_Shih-Tzu_global_k25088_eps_0.0001.vnnlib,1200,sat True,,,,37.10042357444763,0,n02086240_Shih-Tzu,global,-1,25088,0.0001,vgg16-7,True,,,75264,75264,150528,50.0,random
75,onnx/vgg16-7.onnx,vnnlib/n02086240_Shih-Tzu_global_k12544_eps_0.0001.vnnlib,1200,sat True,,,,35.842986822128296,0,n02086240_Shih-Tzu,global,-1,12544,0.0001,vgg16-7,True,,,37632,112896,150528,25.0,random
76,onnx/vgg16-7.onnx,vnnlib/n02086240_Shih-Tzu_global_k6272_eps_0.0001.vnnlib,1200,sat True,,,,37.73510789871216,0,n02086240_Shih-Tzu,global,-1,6272,0.0001,vgg16-7,True,,,18816,131712,150528,12.5,random
77,onnx/vgg16-7.onnx,vnnlib/n02086240_Shih-Tzu_global_k3136_eps_0.0001.vnnlib,1200,sat False,-inf,,1.778745174407959,37.94112157821655,0,n02086240_Shih-Tzu,global,-1,3136,0.0001,vgg16-7,True,,,9408,141120,150528,6.25,random
78,onnx/vgg16-7.onnx,vnnlib/n02086240_Shih-Tzu_global_k1568_eps_0.0001.vnnlib,1200,sat False,-inf,,1.8074009418487549,37.68864679336548,0,n02086240_Shih-Tzu,global,-1,1568,0.0001,vgg16-7,True,,,4704,145824,150528,3.125,random
79,onnx/vgg16-7.onnx,vnnlib/n02086240_Shih-Tzu_fix_mask_seg0_k50176_eps_0.0001.vnnlib,1200,sat True,,,,36.46716046333313,0,n02086240_Shih-Tzu,fix_mask,0,50176,0.0001,vgg16-7,False,0.888443112373352,"[0, 0, 223, 223]",13680,136848,150528,9.088010204081632,random
80,onnx/vgg16-7.onnx,vnnlib/n02086240_Shih-Tzu_fix_mask_seg0_k25088_eps_0.0001.vnnlib,1200,sat True,,,,35.51188683509827,0,n02086240_Shih-Tzu,fix_mask,0,25088,0.0001,vgg16-7,False,0.888443112373352,"[0, 0, 223, 223]",13680,136848,150528,9.088010204081632,random
81,onnx/vgg16-7.onnx,vnnlib/n02086240_Shih-Tzu_fix_mask_seg0_k12544_eps_0.0001.vnnlib,1200,sat True,,,,35.35221076011658,0,n02086240_Shih-Tzu,fix_mask,0,12544,0.0001,vgg16-7,False,0.888443112373352,"[0, 0, 223, 223]",13680,136848,150528,9.088010204081632,random
82,onnx/vgg16-7.onnx,vnnlib/n02086240_Shih-Tzu_fix_mask_seg0_k6272_eps_0.0001.vnnlib,1200,sat True,,,,35.52786159515381,0,n02086240_Shih-Tzu,fix_mask,0,6272,0.0001,vgg16-7,False,0.888443112373352,"[0, 0, 223, 223]",13680,136848,150528,9.088010204081632,random
83,onnx/vgg16-7.onnx,vnnlib/n02086240_Shih-Tzu_fix_mask_seg0_k3136_eps_0.0001.vnnlib,1200,sat False,-inf,,2.01151180267334,39.10594034194946,0,n02086240_Shih-Tzu,fix_mask,0,3136,0.0001,vgg16-7,False,0.888443112373352,"[0, 0, 223, 223]",9408,141120,150528,6.25,random
84,onnx/vgg16-7.onnx,vnnlib/n02086240_Shih-Tzu_fix_mask_seg0_k1568_eps_0.0001.vnnlib,1200,sat False,-inf,,1.7778077125549316,37.67120552062988,0,n02086240_Shih-Tzu,fix_mask,0,1568,0.0001,vgg16-7,False,0.888443112373352,"[0, 0, 223, 223]",4704,145824,150528,3.125,random
85,onnx/vgg16-7.onnx,vnnlib/n02086240_Shih-Tzu_fix_nonmask_seg0_k50176_eps_0.0001.vnnlib,1200,sat True,,,,38.37201714515686,0,n02086240_Shih-Tzu,fix_nonmask,0,50176,0.0001,vgg16-7,False,0.888443112373352,"[0, 0, 223, 223]",136848,13680,150528,90.91198979591836,random
86,onnx/vgg16-7.onnx,vnnlib/n02086240_Shih-Tzu_fix_nonmask_seg0_k25088_eps_0.0001.vnnlib,1200,sat True,,,,36.76225900650024,0,n02086240_Shih-Tzu,fix_nonmask,0,25088,0.0001,vgg16-7,False,0.888443112373352,"[0, 0, 223, 223]",75264,75264,150528,50.0,random
87,onnx/vgg16-7.onnx,vnnlib/n02086240_Shih-Tzu_fix_nonmask_seg0_k12544_eps_0.0001.vnnlib,1200,sat True,,,,36.270090103149414,0,n02086240_Shih-Tzu,fix_nonmask,0,12544,0.0001,vgg16-7,False,0.888443112373352,"[0, 0, 223, 223]",37632,112896,150528,25.0,random
88,onnx/vgg16-7.onnx,vnnlib/n02086240_Shih-Tzu_fix_nonmask_seg0_k6272_eps_0.0001.vnnlib,1200,sat True,,,,36.083577156066895,0,n02086240_Shih-Tzu,fix_nonmask,0,6272,0.0001,vgg16-7,False,0.888443112373352,"[0, 0, 223, 223]",18816,131712,150528,12.5,random
89,onnx/vgg16-7.onnx,vnnlib/n02086240_Shih-Tzu_fix_nonmask_seg0_k3136_eps_0.0001.vnnlib,1200,sat False,-inf,,1.878962516784668,37.831746339797974,0,n02086240_Shih-Tzu,fix_nonmask,0,3136,0.0001,vgg16-7,False,0.888443112373352,"[0, 0, 223, 223]",9408,141120,150528,6.25,random
90,onnx/vgg16-7.onnx,vnnlib/n02086240_Shih-Tzu_fix_nonmask_seg0_k1568_eps_0.0001.vnnlib,1200,sat False,-inf,,1.821570873260498,36.97159719467163,0,n02086240_Shih-Tzu,fix_nonmask,0,1568,0.0001,vgg16-7,False,0.888443112373352,"[0, 0, 223, 223]",4704,145824,150528,3.125,random
91,onnx/vgg16-7.onnx,vnnlib/n02086646_Blenheim_spaniel_global_k50176_eps_0.0001.vnnlib,1200,timeout False,-15.961562156677246,3.0,2490.367693424225,2534.469686985016,0,n02086646_Blenheim_spaniel,global,-1,50176,0.0001,vgg16-7,True,,,150528,0,150528,100.0,random
92,onnx/vgg16-7.onnx,vnnlib/n02086646_Blenheim_spaniel_global_k25088_eps_0.0001.vnnlib,1200,unsat False,0.3388138115406036,0.0,725.1339612007141,770.1767728328705,0,n02086646_Blenheim_spaniel,global,-1,25088,0.0001,vgg16-7,True,,,75264,75264,150528,50.0,random
93,onnx/vgg16-7.onnx,vnnlib/n02086646_Blenheim_spaniel_global_k12544_eps_0.0001.vnnlib,1200,unsat False,0.3613424301147461,0.0,648.5238585472107,694.2096993923187,0,n02086646_Blenheim_spaniel,global,-1,12544,0.0001,vgg16-7,True,,,37632,112896,150528,25.0,random
94,onnx/vgg16-7.onnx,vnnlib/n02086646_Blenheim_spaniel_global_k6272_eps_0.0001.vnnlib,1200,unsat False,0.3664019703865051,0.0,641.2632441520691,688.3696300983429,0,n02086646_Blenheim_spaniel,global,-1,6272,0.0001,vgg16-7,True,,,18816,131712,150528,12.5,random
95,onnx/vgg16-7.onnx,vnnlib/n02086646_Blenheim_spaniel_global_k3136_eps_0.0001.vnnlib,1200,unsat False,0.3682605326175689,0.0,641.4112446308136,678.084144115448,0,n02086646_Blenheim_spaniel,global,-1,3136,0.0001,vgg16-7,True,,,9408,141120,150528,6.25,random
96,onnx/vgg16-7.onnx,vnnlib/n02086646_Blenheim_spaniel_global_k1568_eps_0.0001.vnnlib,1200,unsat False,0.3690671026706695,0.0,593.2643721103668,631.0794584751129,0,n02086646_Blenheim_spaniel,global,-1,1568,0.0001,vgg16-7,True,,,4704,145824,150528,3.125,random
97,onnx/vgg16-7.onnx,vnnlib/n02086646_Blenheim_spaniel_fix_mask_seg0_k50176_eps_0.0001.vnnlib,1200,unsat False,0.3378098011016845,0.0,723.8839700222015,768.8471279144287,0,n02086646_Blenheim_spaniel,fix_mask,0,50176,0.0001,vgg16-7,False,0.8268041610717773,"[0, 0, 223, 223]",72087,78441,150528,47.889429209183675,random
98,onnx/vgg16-7.onnx,vnnlib/n02086646_Blenheim_spaniel_fix_mask_seg0_k25088_eps_0.0001.vnnlib,1200,unsat False,0.3378094136714935,0.0,722.781121969223,768.0669984817505,0,n02086646_Blenheim_spaniel,fix_mask,0,25088,0.0001,vgg16-7,False,0.8268041610717773,"[0, 0, 223, 223]",72087,78441,150528,47.889429209183675,random
99,onnx/vgg16-7.onnx,vnnlib/n02086646_Blenheim_spaniel_fix_mask_seg0_k12544_eps_0.0001.vnnlib,1200,unsat False,0.3607717454433441,0.0,662.5465013980865,707.6546249389648,0,n02086646_Blenheim_spaniel,fix_mask,0,12544,0.0001,vgg16-7,False,0.8268041610717773,"[0, 0, 223, 223]",37632,112896,150528,25.0,random
100,onnx/vgg16-7.onnx,vnnlib/n02086646_Blenheim_spaniel_fix_mask_seg0_k6272_eps_0.0001.vnnlib,1200,unsat False,0.3662108778953552,0.0,640.4493200778961,686.3036158084869,0,n02086646_Blenheim_spaniel,fix_mask,0,6272,0.0001,vgg16-7,False,0.8268041610717773,"[0, 0, 223, 223]",18816,131712,150528,12.5,random
101,onnx/vgg16-7.onnx,vnnlib/n02086646_Blenheim_spaniel_fix_mask_seg0_k3136_eps_0.0001.vnnlib,1200,unsat False,0.3681696057319641,0.0,645.5277898311615,682.4146840572357,0,n02086646_Blenheim_spaniel,fix_mask,0,3136,0.0001,vgg16-7,False,0.8268041610717773,"[0, 0, 223, 223]",9408,141120,150528,6.25,random
102,onnx/vgg16-7.onnx,vnnlib/n02086646_Blenheim_spaniel_fix_mask_seg0_k1568_eps_0.0001.vnnlib,1200,unsat False,0.3690503239631653,0.0,607.1750354766846,643.2788324356079,0,n02086646_Blenheim_spaniel,fix_mask,0,1568,0.0001,vgg16-7,False,0.8268041610717773,"[0, 0, 223, 223]",4704,145824,150528,3.125,random
103,onnx/vgg16-7.onnx,vnnlib/n02086646_Blenheim_spaniel_fix_nonmask_seg0_k50176_eps_0.0001.vnnlib,1200,unsat False,0.3354734778404236,0.0,715.2251040935516,760.5500140190125,0,n02086646_Blenheim_spaniel,fix_nonmask,0,50176,0.0001,vgg16-7,False,0.8268041610717773,"[0, 0, 223, 223]",78441,72087,150528,52.110570790816325,random
104,onnx/vgg16-7.onnx,vnnlib/n02086646_Blenheim_spaniel_fix_nonmask_seg0_k25088_eps_0.0001.vnnlib,1200,unsat False,0.3391807079315185,0.0,709.6239335536957,753.8218302726746,0,n02086646_Blenheim_spaniel,fix_nonmask,0,25088,0.0001,vgg16-7,False,0.8268041610717773,"[0, 0, 223, 223]",75264,75264,150528,50.0,random
105,onnx/vgg16-7.onnx,vnnlib/n02086646_Blenheim_spaniel_fix_nonmask_seg0_k12544_eps_0.0001.vnnlib,1200,unsat False,0.3615300953388214,0.0,651.6785159111023,696.8360714912415,0,n02086646_Blenheim_spaniel,fix_nonmask,0,12544,0.0001,vgg16-7,False,0.8268041610717773,"[0, 0, 223, 223]",37632,112896,150528,25.0,random
106,onnx/vgg16-7.onnx,vnnlib/n02086646_Blenheim_spaniel_fix_nonmask_seg0_k6272_eps_0.0001.vnnlib,1200,unsat False,0.3664773106575012,0.0,634.2431573867798,679.4084944725037,0,n02086646_Blenheim_spaniel,fix_nonmask,0,6272,0.0001,vgg16-7,False,0.8268041610717773,"[0, 0, 223, 223]",18816,131712,150528,12.5,random
107,onnx/vgg16-7.onnx,vnnlib/n02086646_Blenheim_spaniel_fix_nonmask_seg0_k3136_eps_0.0001.vnnlib,1200,unsat False,0.3682883083820343,0.0,628.0983693599701,662.4232110977173,0,n02086646_Blenheim_spaniel,fix_nonmask,0,3136,0.0001,vgg16-7,False,0.8268041610717773,"[0, 0, 223, 223]",9408,141120,150528,6.25,random
108,onnx/vgg16-7.onnx,vnnlib/n02086646_Blenheim_spaniel_fix_nonmask_seg0_k1568_eps_0.0001.vnnlib,1200,unsat False,0.3691115379333496,0.0,602.6657564640045,638.1497375965118,0,n02086646_Blenheim_spaniel,fix_nonmask,0,1568,0.0001,vgg16-7,False,0.8268041610717773,"[0, 0, 223, 223]",4704,145824,150528,3.125,random
109,onnx/vgg16-7.onnx,vnnlib/n02086910_papillon_global_k50176_eps_0.0001.vnnlib,1200,sat True,,,,37.488346576690674,0,n02086910_papillon,global,-1,50176,0.0001,vgg16-7,True,,,150528,0,150528,100.0,random
110,onnx/vgg16-7.onnx,vnnlib/n02086910_papillon_global_k25088_eps_0.0001.vnnlib,1200,sat True,,,,37.11968827247619,0,n02086910_papillon,global,-1,25088,0.0001,vgg16-7,True,,,75264,75264,150528,50.0,random
111,onnx/vgg16-7.onnx,vnnlib/n02086910_papillon_global_k12544_eps_0.0001.vnnlib,1200,sat True,,,,36.72537636756897,0,n02086910_papillon,global,-1,12544,0.0001,vgg16-7,True,,,37632,112896,150528,25.0,random
112,onnx/vgg16-7.onnx,vnnlib/n02086910_papillon_global_k6272_eps_0.0001.vnnlib,1200,sat True,,,,35.49726414680481,0,n02086910_papillon,global,-1,6272,0.0001,vgg16-7,True,,,18816,131712,150528,12.5,random
113,onnx/vgg16-7.onnx,vnnlib/n02086910_papillon_global_k3136_eps_0.0001.vnnlib,1200,sat False,-inf,,1.5777430534362793,36.27711892127991,0,n02086910_papillon,global,-1,3136,0.0001,vgg16-7,True,,,9408,141120,150528,6.25,random
114,onnx/vgg16-7.onnx,vnnlib/n02086910_papillon_global_k1568_eps_0.0001.vnnlib,1200,sat False,-inf,,0.9087193012237548,35.034430503845215,0,n02086910_papillon,global,-1,1568,0.0001,vgg16-7,True,,,4704,145824,150528,3.125,random
115,onnx/vgg16-7.onnx,vnnlib/n02086910_papillon_fix_mask_seg0_k50176_eps_0.0001.vnnlib,1200,sat True,,,,35.87223505973816,0,n02086910_papillon,fix_mask,0,50176,0.0001,vgg16-7,False,0.9371724128723145,"[0, 0, 223, 223]",36717,113811,150528,24.392139668367346,random
116,onnx/vgg16-7.onnx,vnnlib/n02086910_papillon_fix_mask_seg0_k25088_eps_0.0001.vnnlib,1200,sat True,,,,37.14893841743469,0,n02086910_papillon,fix_mask,0,25088,0.0001,vgg16-7,False,0.9371724128723145,"[0, 0, 223, 223]",36717,113811,150528,24.392139668367346,random
117,onnx/vgg16-7.onnx,vnnlib/n02086910_papillon_fix_mask_seg0_k12544_eps_0.0001.vnnlib,1200,sat True,,,,35.67154288291931,0,n02086910_papillon,fix_mask,0,12544,0.0001,vgg16-7,False,0.9371724128723145,"[0, 0, 223, 223]",36717,113811,150528,24.392139668367346,random
118,onnx/vgg16-7.onnx,vnnlib/n02086910_papillon_fix_mask_seg0_k6272_eps_0.0001.vnnlib,1200,sat True,,,,35.61794471740723,0,n02086910_papillon,fix_mask,0,6272,0.0001,vgg16-7,False,0.9371724128723145,"[0, 0, 223, 223]",18816,131712,150528,12.5,random
119,onnx/vgg16-7.onnx,vnnlib/n02086910_papillon_fix_mask_seg0_k3136_eps_0.0001.vnnlib,1200,sat False,-inf,,1.7636728286743164,36.905165910720825,0,n02086910_papillon,fix_mask,0,3136,0.0001,vgg16-7,False,0.9371724128723145,"[0, 0, 223, 223]",9408,141120,150528,6.25,random
120,onnx/vgg16-7.onnx,vnnlib/n02086910_papillon_fix_mask_seg0_k1568_eps_0.0001.vnnlib,1200,sat False,-inf,,1.0058701038360596,36.1334810256958,0,n02086910_papillon,fix_mask,0,1568,0.0001,vgg16-7,False,0.9371724128723145,"[0, 0, 223, 223]",4704,145824,150528,3.125,random
121,onnx/vgg16-7.onnx,vnnlib/n02086910_papillon_fix_nonmask_seg0_k50176_eps_0.0001.vnnlib,1200,sat True,,,,36.21338176727295,0,n02086910_papillon,fix_nonmask,0,50176,0.0001,vgg16-7,False,0.9371724128723145,"[0, 0, 223, 223]",113811,36717,150528,75.60786033163265,random
122,onnx/vgg16-7.onnx,vnnlib/n02086910_papillon_fix_nonmask_seg0_k25088_eps_0.0001.vnnlib,1200,sat True,,,,34.8643753528595,0,n02086910_papillon,fix_nonmask,0,25088,0.0001,vgg16-7,False,0.9371724128723145,"[0, 0, 223, 223]",75264,75264,150528,50.0,random
123,onnx/vgg16-7.onnx,vnnlib/n02086910_papillon_fix_nonmask_seg0_k12544_eps_0.0001.vnnlib,1200,sat True,,,,34.112732887268066,0,n02086910_papillon,fix_nonmask,0,12544,0.0001,vgg16-7,False,0.9371724128723145,"[0, 0, 223, 223]",37632,112896,150528,25.0,random
124,onnx/vgg16-7.onnx,vnnlib/n02086910_papillon_fix_nonmask_seg0_k6272_eps_0.0001.vnnlib,1200,sat True,,,,35.455498456954956,0,n02086910_papillon,fix_nonmask,0,6272,0.0001,vgg16-7,False,0.9371724128723145,"[0, 0, 223, 223]",18816,131712,150528,12.5,random
125,onnx/vgg16-7.onnx,vnnlib/n02086910_papillon_fix_nonmask_seg0_k3136_eps_0.0001.vnnlib,1200,sat False,-inf,,1.6859276294708252,36.471720457077026,0,n02086910_papillon,fix_nonmask,0,3136,0.0001,vgg16-7,False,0.9371724128723145,"[0, 0, 223, 223]",9408,141120,150528,6.25,random
126,onnx/vgg16-7.onnx,vnnlib/n02086910_papillon_fix_nonmask_seg0_k1568_eps_0.0001.vnnlib,1200,sat False,-inf,,1.72802734375,36.95300269126892,0,n02086910_papillon,fix_nonmask,0,1568,0.0001,vgg16-7,False,0.9371724128723145,"[0, 0, 223, 223]",4704,145824,150528,3.125,random
127,onnx/vgg16-7.onnx,vnnlib/n02088094_Afghan_hound_global_k50176_eps_0.0001.vnnlib,1200,timeout False,-189.84906005859375,3.0,2767.1510553359985,2810.3780946731567,0,n02088094_Afghan_hound,global,-1,50176,0.0001,vgg16-7,True,,,150528,0,150528,100.0,random
128,onnx/vgg16-7.onnx,vnnlib/n02088094_Afghan_hound_global_k25088_eps_0.0001.vnnlib,1200,unsat False,0.6843453049659729,0.0,746.799158334732,790.4844310283661,0,n02088094_Afghan_hound,global,-1,25088,0.0001,vgg16-7,True,,,75264,75264,150528,50.0,random
129,onnx/vgg16-7.onnx,vnnlib/n02088094_Afghan_hound_global_k12544_eps_0.0001.vnnlib,1200,unsat False,0.7485564947128296,0.0,681.3982088565826,726.1877317428589,0,n02088094_Afghan_hound,global,-1,12544,0.0001,vgg16-7,True,,,37632,112896,150528,25.0,random
130,onnx/vgg16-7.onnx,vnnlib/n02088094_Afghan_hound_global_k6272_eps_0.0001.vnnlib,1200,unsat False,0.7588473558425903,0.0,657.4779498577118,699.0840127468109,0,n02088094_Afghan_hound,global,-1,6272,0.0001,vgg16-7,True,,,18816,131712,150528,12.5,random
131,onnx/vgg16-7.onnx,vnnlib/n02088094_Afghan_hound_global_k3136_eps_0.0001.vnnlib,1200,unsat False,0.7624538540840149,0.0,621.0274214744568,657.5649292469025,0,n02088094_Afghan_hound,global,-1,3136,0.0001,vgg16-7,True,,,9408,141120,150528,6.25,random
132,onnx/vgg16-7.onnx,vnnlib/n02088094_Afghan_hound_global_k1568_eps_0.0001.vnnlib,1200,unsat False,0.7639000415802002,0.0,581.3818004131317,616.2692136764526,0,n02088094_Afghan_hound,global,-1,1568,0.0001,vgg16-7,True,,,4704,145824,150528,3.125,random
133,onnx/vgg16-7.onnx,vnnlib/n02088094_Afghan_hound_fix_mask_seg0_k50176_eps_0.0001.vnnlib,1200,unsat False,0.7391800284385681,0.0,690.1751358509064,734.916829586029,0,n02088094_Afghan_hound,fix_mask,0,50176,0.0001,vgg16-7,False,0.9158275723457336,"[0, 0, 222, 223]",51978,98550,150528,34.53045280612245,random
134,onnx/vgg16-7.onnx,vnnlib/n02088094_Afghan_hound_fix_mask_seg0_k25088_eps_0.0001.vnnlib,1200,unsat False,0.7391800880432129,0.0,689.7560222148895,733.0350997447968,0,n02088094_Afghan_hound,fix_mask,0,25088,0.0001,vgg16-7,False,0.9158275723457336,"[0, 0, 222, 223]",51978,98550,150528,34.53045280612245,random
135,onnx/vgg16-7.onnx,vnnlib/n02088094_Afghan_hound_fix_mask_seg0_k12544_eps_0.0001.vnnlib,1200,unsat False,0.7503173351287842,0.0,664.5827548503876,710.0182139873505,0,n02088094_Afghan_hound,fix_mask,0,12544,0.0001,vgg16-7,False,0.9158275723457336,"[0, 0, 222, 223]",37632,112896,150528,25.0,random
136,onnx/vgg16-7.onnx,vnnlib/n02088094_Afghan_hound_fix_mask_seg0_k6272_eps_0.0001.vnnlib,1200,unsat False,0.7594699859619141,0.0,636.45250415802,681.0428795814514,0,n02088094_Afghan_hound,fix_mask,0,6272,0.0001,vgg16-7,False,0.9158275723457336,"[0, 0, 222, 223]",18816,131712,150528,12.5,random
137,onnx/vgg16-7.onnx,vnnlib/n02088094_Afghan_hound_fix_mask_seg0_k3136_eps_0.0001.vnnlib,1200,unsat False,0.7626057863235474,0.0,614.5684139728546,650.5569937229156,0,n02088094_Afghan_hound,fix_mask,0,3136,0.0001,vgg16-7,False,0.9158275723457336,"[0, 0, 222, 223]",9408,141120,150528,6.25,random
138,onnx/vgg16-7.onnx,vnnlib/n02088094_Afghan_hound_fix_mask_seg0_k1568_eps_0.0001.vnnlib,1200,unsat False,0.763985276222229,0.0,596.3790905475616,631.3645946979523,0,n02088094_Afghan_hound,fix_mask,0,1568,0.0001,vgg16-7,False,0.9158275723457336,"[0, 0, 222, 223]",4704,145824,150528,3.125,random
139,onnx/vgg16-7.onnx,vnnlib/n02088094_Afghan_hound_fix_nonmask_seg0_k50176_eps_0.0001.vnnlib,1200,timeout False,-0.7888561487197876,3.0,2404.0872745513916,2446.403628826142,0,n02088094_Afghan_hound,fix_nonmask,0,50176,0.0001,vgg16-7,False,0.9158275723457336,"[0, 0, 222, 223]",98550,51978,150528,65.46954719387755,random
140,onnx/vgg16-7.onnx,vnnlib/n02088094_Afghan_hound_fix_nonmask_seg0_k25088_eps_0.0001.vnnlib,1200,unsat False,0.6301243305206299,0.0,744.8119010925293,788.4472460746765,0,n02088094_Afghan_hound,fix_nonmask,0,25088,0.0001,vgg16-7,False,0.9158275723457336,"[0, 0, 222, 223]",75264,75264,150528,50.0,random
141,onnx/vgg16-7.onnx,vnnlib/n02088094_Afghan_hound_fix_nonmask_seg0_k12544_eps_0.0001.vnnlib,1200,unsat False,0.7466601133346558,0.0,688.8086168766022,732.3847849369049,0,n02088094_Afghan_hound,fix_nonmask,0,12544,0.0001,vgg16-7,False,0.9158275723457336,"[0, 0, 222, 223]",37632,112896,150528,25.0,random
142,onnx/vgg16-7.onnx,vnnlib/n02088094_Afghan_hound_fix_nonmask_seg0_k6272_eps_0.0001.vnnlib,1200,unsat False,0.7584903240203857,0.0,636.75546002388,680.9719059467316,0,n02088094_Afghan_hound,fix_nonmask,0,6272,0.0001,vgg16-7,False,0.9158275723457336,"[0, 0, 222, 223]",18816,131712,150528,12.5,random
143,onnx/vgg16-7.onnx,vnnlib/n02088094_Afghan_hound_fix_nonmask_seg0_k3136_eps_0.0001.vnnlib,1200,unsat False,0.7622833251953125,0.0,612.4037470817566,648.8963084220886,0,n02088094_Afghan_hound,fix_nonmask,0,3136,0.0001,vgg16-7,False,0.9158275723457336,"[0, 0, 222, 223]",9408,141120,150528,6.25,random
144,onnx/vgg16-7.onnx,vnnlib/n02088094_Afghan_hound_fix_nonmask_seg0_k1568_eps_0.0001.vnnlib,1200,unsat False,0.7638124227523804,0.0,583.0825910568237,621.8927297592163,0,n02088094_Afghan_hound,fix_nonmask,0,1568,0.0001,vgg16-7,False,0.9158275723457336,"[0, 0, 222, 223]",4704,145824,150528,3.125,random
145,onnx/vgg16-7.onnx,vnnlib/n02088238_basset_global_k50176_eps_0.0001.vnnlib,1200,unsat False,0.3455060422420501,0.0,700.976690530777,745.5671644210815,0,n02088238_basset,global,-1,50176,0.0001,vgg16-7,True,,,150528,0,150528,100.0,random
146,onnx/vgg16-7.onnx,vnnlib/n02088238_basset_global_k25088_eps_0.0001.vnnlib,1200,unsat False,0.4845100045204162,0.0,649.7179870605469,691.9475357532501,0,n02088238_basset,global,-1,25088,0.0001,vgg16-7,True,,,75264,75264,150528,50.0,random
147,onnx/vgg16-7.onnx,vnnlib/n02088238_basset_global_k12544_eps_0.0001.vnnlib,1200,unsat False,0.4941703677177429,0.0,617.6437664031982,661.8850283622742,0,n02088238_basset,global,-1,12544,0.0001,vgg16-7,True,,,37632,112896,150528,25.0,random
148,onnx/vgg16-7.onnx,vnnlib/n02088238_basset_global_k6272_eps_0.0001.vnnlib,1200,unsat False,0.4969720840454101,0.0,617.953688621521,661.1027910709381,0,n02088238_basset,global,-1,6272,0.0001,vgg16-7,True,,,18816,131712,150528,12.5,random
149,onnx/vgg16-7.onnx,vnnlib/n02088238_basset_global_k3136_eps_0.0001.vnnlib,1200,unsat False,0.4981432259082794,0.0,596.1540093421936,633.3005268573761,0,n02088238_basset,global,-1,3136,0.0001,vgg16-7,True,,,9408,141120,150528,6.25,random
150,onnx/vgg16-7.onnx,vnnlib/n02088238_basset_global_k1568_eps_0.0001.vnnlib,1200,unsat False,0.498678058385849,0.0,556.8663132190704,591.491183757782,0,n02088238_basset,global,-1,1568,0.0001,vgg16-7,True,,,4704,145824,150528,3.125,random
151,onnx/vgg16-7.onnx,vnnlib/n02088238_basset_fix_mask_seg0_k50176_eps_0.0001.vnnlib,1200,unsat False,0.4883114695549011,0.0,642.8084094524384,686.0420203208923,0,n02088238_basset,fix_mask,0,50176,0.0001,vgg16-7,False,0.8691256046295166,"[0, 0, 218, 223]",65232,85296,150528,43.33545918367347,random
152,onnx/vgg16-7.onnx,vnnlib/n02088238_basset_fix_mask_seg0_k25088_eps_0.0001.vnnlib,1200,unsat False,0.4883110523223877,0.0,642.7840678691864,685.7633786201477,0,n02088238_basset,fix_mask,0,25088,0.0001,vgg16-7,False,0.8691256046295166,"[0, 0, 218, 223]",65232,85296,150528,43.33545918367347,random
153,onnx/vgg16-7.onnx,vnnlib/n02088238_basset_fix_mask_seg0_k12544_eps_0.0001.vnnlib,1200,unsat False,0.4943545460700989,0.0,614.5484564304352,658.9597663879395,0,n02088238_basset,fix_mask,0,12544,0.0001,vgg16-7,False,0.8691256046295166,"[0, 0, 218, 223]",37632,112896,150528,25.0,random
154,onnx/vgg16-7.onnx,vnnlib/n02088238_basset_fix_mask_seg0_k6272_eps_0.0001.vnnlib,1200,unsat False,0.4970877468585968,0.0,614.2221341133118,656.717497587204,0,n02088238_basset,fix_mask,0,6272,0.0001,vgg16-7,False,0.8691256046295166,"[0, 0, 218, 223]",18816,131712,150528,12.5,random
155,onnx/vgg16-7.onnx,vnnlib/n02088238_basset_fix_mask_seg0_k3136_eps_0.0001.vnnlib,1200,unsat False,0.498203307390213,0.0,585.4298751354218,621.8009684085846,0,n02088238_basset,fix_mask,0,3136,0.0001,vgg16-7,False,0.8691256046295166,"[0, 0, 218, 223]",9408,141120,150528,6.25,random
156,onnx/vgg16-7.onnx,vnnlib/n02088238_basset_fix_mask_seg0_k1568_eps_0.0001.vnnlib,1200,unsat False,0.4987103641033172,0.0,562.9674074649811,599.0236120223999,0,n02088238_basset,fix_mask,0,1568,0.0001,vgg16-7,False,0.8691256046295166,"[0, 0, 218, 223]",4704,145824,150528,3.125,random
157,onnx/vgg16-7.onnx,vnnlib/n02088238_basset_fix_nonmask_seg0_k50176_eps_0.0001.vnnlib,1200,unsat False,0.4797368347644806,0.0,656.8125841617584,699.7122447490692,0,n02088238_basset,fix_nonmask,0,50176,0.0001,vgg16-7,False,0.8691256046295166,"[0, 0, 218, 223]",85296,65232,150528,56.66454081632653,random
158,onnx/vgg16-7.onnx,vnnlib/n02088238_basset_fix_nonmask_seg0_k25088_eps_0.0001.vnnlib,1200,unsat False,0.4842593669891357,0.0,651.6469883918762,695.9002227783203,0,n02088238_basset,fix_nonmask,0,25088,0.0001,vgg16-7,False,0.8691256046295166,"[0, 0, 218, 223]",75264,75264,150528,50.0,random
159,onnx/vgg16-7.onnx,vnnlib/n02088238_basset_fix_nonmask_seg0_k12544_eps_0.0001.vnnlib,1200,unsat False,0.4941620230674743,0.0,620.3178060054779,662.3159971237183,0,n02088238_basset,fix_nonmask,0,12544,0.0001,vgg16-7,False,0.8691256046295166,"[0, 0, 218, 223]",37632,112896,150528,25.0,random
160,onnx/vgg16-7.onnx,vnnlib/n02088238_basset_fix_nonmask_seg0_k6272_eps_0.0001.vnnlib,1200,unsat False,0.4969911575317383,0.0,619.1888530254364,663.7066493034363,0,n02088238_basset,fix_nonmask,0,6272,0.0001,vgg16-7,False,0.8691256046295166,"[0, 0, 218, 223]",18816,131712,150528,12.5,random
161,onnx/vgg16-7.onnx,vnnlib/n02088238_basset_fix_nonmask_seg0_k3136_eps_0.0001.vnnlib,1200,unsat False,0.4981707334518432,0.0,597.6218564510345,632.2969226837158,0,n02088238_basset,fix_nonmask,0,3136,0.0001,vgg16-7,False,0.8691256046295166,"[0, 0, 218, 223]",9408,141120,150528,6.25,random
162,onnx/vgg16-7.onnx,vnnlib/n02088238_basset_fix_nonmask_seg0_k1568_eps_0.0001.vnnlib,1200,unsat False,0.4986948072910309,0.0,550.5037341117859,584.3583540916443,0,n02088238_basset,fix_nonmask,0,1568,0.0001,vgg16-7,False,0.8691256046295166,"[0, 0, 218, 223]",4704,145824,150528,3.125,random
163,onnx/vgg16-7.onnx,vnnlib/n02088364_beagle_global_k50176_eps_0.0001.vnnlib,1200,unsat False,0.935978889465332,0.0,713.87184715271,755.6462483406067,0,n02088364_beagle,global,-1,50176,0.0001,vgg16-7,True,,,150528,0,150528,100.0,random
164,onnx/vgg16-7.onnx,vnnlib/n02088364_beagle_global_k25088_eps_0.0001.vnnlib,1200,unsat False,1.086632490158081,0.0,682.9301202297211,725.7595145702362,0,n02088364_beagle,global,-1,25088,0.0001,vgg16-7,True,,,75264,75264,150528,50.0,random
165,onnx/vgg16-7.onnx,vnnlib/n02088364_beagle_global_k12544_eps_0.0001.vnnlib,1200,unsat False,1.1025691032409668,0.0,645.0198047161102,687.7259569168091,0,n02088364_beagle,global,-1,12544,0.0001,vgg16-7,True,,,37632,112896,150528,25.0,random
166,onnx/vgg16-7.onnx,vnnlib/n02088364_beagle_global_k6272_eps_0.0001.vnnlib,1200,unsat False,1.1075844764709473,0.0,639.0676355361938,681.7949044704437,0,n02088364_beagle,global,-1,6272,0.0001,vgg16-7,True,,,18816,131712,150528,12.5,random
167,onnx/vgg16-7.onnx,vnnlib/n02088364_beagle_global_k3136_eps_0.0001.vnnlib,1200,unsat False,1.109804630279541,0.0,571.6600015163422,606.9754951000214,0,n02088364_beagle,global,-1,3136,0.0001,vgg16-7,True,,,9408,141120,150528,6.25,random
168,onnx/vgg16-7.onnx,vnnlib/n02088364_beagle_global_k1568_eps_0.0001.vnnlib,1200,unsat False,1.110806941986084,0.0,552.5792002677917,587.0815875530243,0,n02088364_beagle,global,-1,1568,0.0001,vgg16-7,True,,,4704,145824,150528,3.125,random
169,onnx/vgg16-7.onnx,vnnlib/n02088364_beagle_fix_mask_seg0_k50176_eps_0.0001.vnnlib,1200,unsat False,1.1055610179901123,0.0,626.4344913959503,668.1298508644104,0,n02088364_beagle,fix_mask,0,50176,0.0001,vgg16-7,False,0.9216216802597046,"[0, 1, 223, 223]",28761,121767,150528,19.10674426020408,random
170,onnx/vgg16-7.onnx,vnnlib/n02088364_beagle_fix_mask_seg0_k25088_eps_0.0001.vnnlib,1200,unsat False,1.1055610179901123,0.0,626.3610985279083,673.5206384658813,0,n02088364_beagle,fix_mask,0,25088,0.0001,vgg16-7,False,0.9216216802597046,"[0, 1, 223, 223]",28761,121767,150528,19.10674426020408,random
171,onnx/vgg16-7.onnx,vnnlib/n02088364_beagle_fix_mask_seg0_k12544_eps_0.0001.vnnlib,1200,unsat False,1.1055612564086914,0.0,627.0734765529633,669.6090958118439,0,n02088364_beagle,fix_mask,0,12544,0.0001,vgg16-7,False,0.9216216802597046,"[0, 1, 223, 223]",28761,121767,150528,19.10674426020408,random
172,onnx/vgg16-7.onnx,vnnlib/n02088364_beagle_fix_mask_seg0_k6272_eps_0.0001.vnnlib,1200,unsat False,1.107900857925415,0.0,602.2199428081512,645.2230894565582,0,n02088364_beagle,fix_mask,0,6272,0.0001,vgg16-7,False,0.9216216802597046,"[0, 1, 223, 223]",18816,131712,150528,12.5,random
173,onnx/vgg16-7.onnx,vnnlib/n02088364_beagle_fix_mask_seg0_k3136_eps_0.0001.vnnlib,1200,unsat False,1.109957218170166,0.0,569.2510979175568,604.5307867527008,0,n02088364_beagle,fix_mask,0,3136,0.0001,vgg16-7,False,0.9216216802597046,"[0, 1, 223, 223]",9408,141120,150528,6.25,random
174,onnx/vgg16-7.onnx,vnnlib/n02088364_beagle_fix_mask_seg0_k1568_eps_0.0001.vnnlib,1200,unsat False,1.1108977794647217,0.0,559.0606322288513,593.3184657096863,0,n02088364_beagle,fix_mask,0,1568,0.0001,vgg16-7,False,0.9216216802597046,"[0, 1, 223, 223]",4704,145824,150528,3.125,random
175,onnx/vgg16-7.onnx,vnnlib/n02088364_beagle_fix_nonmask_seg0_k50176_eps_0.0001.vnnlib,1200,unsat False,1.028929352760315,0.0,699.5109162330627,742.2985992431641,0,n02088364_beagle,fix_nonmask,0,50176,0.0001,vgg16-7,False,0.9216216802597046,"[0, 1, 223, 223]",121767,28761,150528,80.89325573979592,random
176,onnx/vgg16-7.onnx,vnnlib/n02088364_beagle_fix_nonmask_seg0_k25088_eps_0.0001.vnnlib,1200,unsat False,1.0855844020843506,0.0,676.6652979850769,718.8402900695801,0,n02088364_beagle,fix_nonmask,0,25088,0.0001,vgg16-7,False,0.9216216802597046,"[0, 1, 223, 223]",75264,75264,150528,50.0,random
177,onnx/vgg16-7.onnx,vnnlib/n02088364_beagle_fix_nonmask_seg0_k12544_eps_0.0001.vnnlib,1200,unsat False,1.1023905277252195,0.0,641.3259146213531,683.6418032646179,0,n02088364_beagle,fix_nonmask,0,12544,0.0001,vgg16-7,False,0.9216216802597046,"[0, 1, 223, 223]",37632,112896,150528,25.0,random
178,onnx/vgg16-7.onnx,vnnlib/n02088364_beagle_fix_nonmask_seg0_k6272_eps_0.0001.vnnlib,1200,unsat False,1.1076138019561768,0.0,634.9484724998474,676.9482460021973,0,n02088364_beagle,fix_nonmask,0,6272,0.0001,vgg16-7,False,0.9216216802597046,"[0, 1, 223, 223]",18816,131712,150528,12.5,random
179,onnx/vgg16-7.onnx,vnnlib/n02088364_beagle_fix_nonmask_seg0_k3136_eps_0.0001.vnnlib,1200,unsat False,1.1098082065582275,0.0,569.1357653141022,603.3946387767792,0,n02088364_beagle,fix_nonmask,0,3136,0.0001,vgg16-7,False,0.9216216802597046,"[0, 1, 223, 223]",9408,141120,150528,6.25,random
180,onnx/vgg16-7.onnx,vnnlib/n02088364_beagle_fix_nonmask_seg0_k1568_eps_0.0001.vnnlib,1200,unsat False,1.1108119487762451,0.0,552.1737394332886,586.5664713382721,0,n02088364_beagle,fix_nonmask,0,1568,0.0001,vgg16-7,False,0.9216216802597046,"[0, 1, 223, 223]",4704,145824,150528,3.125,random
181,onnx/vgg16-7.onnx,vnnlib/n02088466_bloodhound_global_k50176_eps_0.0001.vnnlib,1200,timeout False,-165.3995819091797,3.0,2909.655370235443,2951.608776807785,0,n02088466_bloodhound,global,-1,50176,0.0001,vgg16-7,True,,,150528,0,150528,100.0,random
182,onnx/vgg16-7.onnx,vnnlib/n02088466_bloodhound_global_k25088_eps_0.0001.vnnlib,1200,unsat False,0.8100589513778687,0.0,801.3210251331329,845.1002521514893,0,n02088466_bloodhound,global,-1,25088,0.0001,vgg16-7,True,,,75264,75264,150528,50.0,random
183,onnx/vgg16-7.onnx,vnnlib/n02088466_bloodhound_global_k12544_eps_0.0001.vnnlib,1200,unsat False,0.906152844429016,0.0,679.3978374004364,723.9351418018341,0,n02088466_bloodhound,global,-1,12544,0.0001,vgg16-7,True,,,37632,112896,150528,25.0,random
184,onnx/vgg16-7.onnx,vnnlib/n02088466_bloodhound_global_k6272_eps_0.0001.vnnlib,1200,unsat False,0.9190009236335754,0.0,634.316239118576,677.8320164680481,0,n02088466_bloodhound,global,-1,6272,0.0001,vgg16-7,True,,,18816,131712,150528,12.5,random
185,onnx/vgg16-7.onnx,vnnlib/n02088466_bloodhound_global_k3136_eps_0.0001.vnnlib,1200,unsat False,0.9232443571090698,0.0,612.2019627094269,647.7748539447784,0,n02088466_bloodhound,global,-1,3136,0.0001,vgg16-7,True,,,9408,141120,150528,6.25,random
186,onnx/vgg16-7.onnx,vnnlib/n02088466_bloodhound_global_k1568_eps_0.0001.vnnlib,1200,unsat False,0.9249626398086548,0.0,598.699253320694,633.7348053455353,0,n02088466_bloodhound,global,-1,1568,0.0001,vgg16-7,True,,,4704,145824,150528,3.125,random
187,onnx/vgg16-7.onnx,vnnlib/n02088466_bloodhound_fix_mask_seg0_k50176_eps_0.0001.vnnlib,1200,unsat False,0.7576160430908203,0.0,765.9522774219513,812.0685150623322,0,n02088466_bloodhound,fix_mask,0,50176,0.0001,vgg16-7,False,0.7352568507194519,"[0, 0, 223, 223]",78960,71568,150528,52.455357142857146,random
188,onnx/vgg16-7.onnx,vnnlib/n02088466_bloodhound_fix_mask_seg0_k25088_eps_0.0001.vnnlib,1200,unsat False,0.7942095994949341,0.0,765.1689717769623,808.1169233322144,0,n02088466_bloodhound,fix_mask,0,25088,0.0001,vgg16-7,False,0.7352568507194519,"[0, 0, 223, 223]",75264,75264,150528,50.0,random
189,onnx/vgg16-7.onnx,vnnlib/n02088466_bloodhound_fix_mask_seg0_k12544_eps_0.0001.vnnlib,1200,unsat False,0.9053980708122252,0.0,690.0278372764587,733.9754457473755,0,n02088466_bloodhound,fix_mask,0,12544,0.0001,vgg16-7,False,0.7352568507194519,"[0, 0, 223, 223]",37632,112896,150528,25.0,random
190,onnx/vgg16-7.onnx,vnnlib/n02088466_bloodhound_fix_mask_seg0_k6272_eps_0.0001.vnnlib,1200,unsat False,0.918759822845459,0.0,626.9129223823547,672.4190745353699,0,n02088466_bloodhound,fix_mask,0,6272,0.0001,vgg16-7,False,0.7352568507194519,"[0, 0, 223, 223]",18816,131712,150528,12.5,random
191,onnx/vgg16-7.onnx,vnnlib/n02088466_bloodhound_fix_mask_seg0_k3136_eps_0.0001.vnnlib,1200,unsat False,0.9230815172195436,0.0,621.2700393199921,656.5818512439728,0,n02088466_bloodhound,fix_mask,0,3136,0.0001,vgg16-7,False,0.7352568507194519,"[0, 0, 223, 223]",9408,141120,150528,6.25,random
192,onnx/vgg16-7.onnx,vnnlib/n02088466_bloodhound_fix_mask_seg0_k1568_eps_0.0001.vnnlib,1200,unsat False,0.9248971939086914,0.0,586.7258687019348,622.284786939621,0,n02088466_bloodhound,fix_mask,0,1568,0.0001,vgg16-7,False,0.7352568507194519,"[0, 0, 223, 223]",4704,145824,150528,3.125,random
193,onnx/vgg16-7.onnx,vnnlib/n02088466_bloodhound_fix_nonmask_seg0_k50176_eps_0.0001.vnnlib,1200,unsat False,0.827041745185852,0.0,782.0342674255371,825.2066769599915,0,n02088466_bloodhound,fix_nonmask,0,50176,0.0001,vgg16-7,False,0.7352568507194519,"[0, 0, 223, 223]",71568,78960,150528,47.544642857142854,random
194,onnx/vgg16-7.onnx,vnnlib/n02088466_bloodhound_fix_nonmask_seg0_k25088_eps_0.0001.vnnlib,1200,unsat False,0.8270419836044312,0.0,782.2222542762756,825.2130765914917,0,n02088466_bloodhound,fix_nonmask,0,25088,0.0001,vgg16-7,False,0.7352568507194519,"[0, 0, 223, 223]",71568,78960,150528,47.544642857142854,random
195,onnx/vgg16-7.onnx,vnnlib/n02088466_bloodhound_fix_nonmask_seg0_k12544_eps_0.0001.vnnlib,1200,unsat False,0.9054037928581238,0.0,695.137969493866,740.7389938831329,0,n02088466_bloodhound,fix_nonmask,0,12544,0.0001,vgg16-7,False,0.7352568507194519,"[0, 0, 223, 223]",37632,112896,150528,25.0,random
196,onnx/vgg16-7.onnx,vnnlib/n02088466_bloodhound_fix_nonmask_seg0_k6272_eps_0.0001.vnnlib,1200,unsat False,0.9187713861465454,0.0,640.6629779338837,685.1790435314178,0,n02088466_bloodhound,fix_nonmask,0,6272,0.0001,vgg16-7,False,0.7352568507194519,"[0, 0, 223, 223]",18816,131712,150528,12.5,random
197,onnx/vgg16-7.onnx,vnnlib/n02088466_bloodhound_fix_nonmask_seg0_k3136_eps_0.0001.vnnlib,1200,unsat False,0.9230923652648926,0.0,621.7521755695343,658.2620935440063,0,n02088466_bloodhound,fix_nonmask,0,3136,0.0001,vgg16-7,False,0.7352568507194519,"[0, 0, 223, 223]",9408,141120,150528,6.25,random
198,onnx/vgg16-7.onnx,vnnlib/n02088466_bloodhound_fix_nonmask_seg0_k1568_eps_0.0001.vnnlib,1200,unsat False,0.924851417541504,0.0,594.3341376781464,629.0943489074707,0,n02088466_bloodhound,fix_nonmask,0,1568,0.0001,vgg16-7,False,0.7352568507194519,"[0, 0, 223, 223]",4704,145824,150528,3.125,random
199,onnx/vgg16-7.onnx,vnnlib/n02088632_bluetick_global_k50176_eps_0.0001.vnnlib,1200,timeout False,-190.0612640380859,3.0,2839.1966531276703,2883.2847995758057,0,n02088632_bluetick,global,-1,50176,0.0001,vgg16-7,True,,,150528,0,150528,100.0,random
200,onnx/vgg16-7.onnx,vnnlib/n02088632_bluetick_global_k25088_eps_0.0001.vnnlib,1200,unsat False,1.1639328002929688,0.0,767.9818441867828,811.6460509300232,0,n02088632_bluetick,global,-1,25088,0.0001,vgg16-7,True,,,75264,75264,150528,50.0,random
201,onnx/vgg16-7.onnx,vnnlib/n02088632_bluetick_global_k12544_eps_0.0001.vnnlib,1200,unsat False,1.2428867816925049,0.0,692.161031961441,737.1720597743988,0,n02088632_bluetick,global,-1,12544,0.0001,vgg16-7,True,,,37632,112896,150528,25.0,random
202,onnx/vgg16-7.onnx,vnnlib/n02088632_bluetick_global_k6272_eps_0.0001.vnnlib,1200,unsat False,1.253238558769226,0.0,644.0022225379944,687.5488862991333,0,n02088632_bluetick,global,-1,6272,0.0001,vgg16-7,True,,,18816,131712,150528,12.5,random
203,onnx/vgg16-7.onnx,vnnlib/n02088632_bluetick_global_k3136_eps_0.0001.vnnlib,1200,unsat False,1.2567253112792969,0.0,631.0155534744263,667.4337015151978,0,n02088632_bluetick,global,-1,3136,0.0001,vgg16-7,True,,,9408,141120,150528,6.25,random
204,onnx/vgg16-7.onnx,vnnlib/n02088632_bluetick_global_k1568_eps_0.0001.vnnlib,1200,unsat False,1.2581686973571775,0.0,583.4853823184967,619.0614376068115,0,n02088632_bluetick,global,-1,1568,0.0001,vgg16-7,True,,,4704,145824,150528,3.125,random
205,onnx/vgg16-7.onnx,vnnlib/n02088632_bluetick_fix_mask_seg0_k50176_eps_0.0001.vnnlib,1200,unsat False,1.109338402748108,0.0,761.5909729003906,804.6699948310852,0,n02088632_bluetick,fix_mask,0,50176,0.0001,vgg16-7,False,0.7854456901550293,"[0, 0, 223, 223]",79959,70569,150528,53.119021045918366,random
206,onnx/vgg16-7.onnx,vnnlib/n02088632_bluetick_fix_mask_seg0_k25088_eps_0.0001.vnnlib,1200,unsat False,1.1470365524291992,0.0,757.8192923069,801.2117781639099,0,n02088632_bluetick,fix_mask,0,25088,0.0001,vgg16-7,False,0.7854456901550293,"[0, 0, 223, 223]",75264,75264,150528,50.0,random
207,onnx/vgg16-7.onnx,vnnlib/n02088632_bluetick_fix_mask_seg0_k12544_eps_0.0001.vnnlib,1200,unsat False,1.2418951988220217,0.0,696.7431252002716,740.2984373569489,0,n02088632_bluetick,fix_mask,0,12544,0.0001,vgg16-7,False,0.7854456901550293,"[0, 0, 223, 223]",37632,112896,150528,25.0,random
208,onnx/vgg16-7.onnx,vnnlib/n02088632_bluetick_fix_mask_seg0_k6272_eps_0.0001.vnnlib,1200,unsat False,1.2531030178070068,0.0,643.266096830368,687.5888607501984,0,n02088632_bluetick,fix_mask,0,6272,0.0001,vgg16-7,False,0.7854456901550293,"[0, 0, 223, 223]",18816,131712,150528,12.5,random
209,onnx/vgg16-7.onnx,vnnlib/n02088632_bluetick_fix_mask_seg0_k3136_eps_0.0001.vnnlib,1200,unsat False,1.2566351890563965,0.0,641.7285211086273,677.2050704956055,0,n02088632_bluetick,fix_mask,0,3136,0.0001,vgg16-7,False,0.7854456901550293,"[0, 0, 223, 223]",9408,141120,150528,6.25,random
210,onnx/vgg16-7.onnx,vnnlib/n02088632_bluetick_fix_mask_seg0_k1568_eps_0.0001.vnnlib,1200,unsat False,1.2581398487091064,0.0,586.5329353809357,621.3603610992432,0,n02088632_bluetick,fix_mask,0,1568,0.0001,vgg16-7,False,0.7854456901550293,"[0, 0, 223, 223]",4704,145824,150528,3.125,random
211,onnx/vgg16-7.onnx,vnnlib/n02088632_bluetick_fix_nonmask_seg0_k50176_eps_0.0001.vnnlib,1200,unsat False,1.1857247352600098,0.0,762.792610168457,805.2728531360626,0,n02088632_bluetick,fix_nonmask,0,50176,0.0001,vgg16-7,False,0.7854456901550293,"[0, 0, 223, 223]",70569,79959,150528,46.880978954081634,random
212,onnx/vgg16-7.onnx,vnnlib/n02088632_bluetick_fix_nonmask_seg0_k25088_eps_0.0001.vnnlib,1200,unsat False,1.185725212097168,0.0,757.9826657772064,799.6748414039612,0,n02088632_bluetick,fix_nonmask,0,25088,0.0001,vgg16-7,False,0.7854456901550293,"[0, 0, 223, 223]",70569,79959,150528,46.880978954081634,random
213,onnx/vgg16-7.onnx,vnnlib/n02088632_bluetick_fix_nonmask_seg0_k12544_eps_0.0001.vnnlib,1200,unsat False,1.243345022201538,0.0,698.5506381988525,741.6355335712433,0,n02088632_bluetick,fix_nonmask,0,12544,0.0001,vgg16-7,False,0.7854456901550293,"[0, 0, 223, 223]",37632,112896,150528,25.0,random
214,onnx/vgg16-7.onnx,vnnlib/n02088632_bluetick_fix_nonmask_seg0_k6272_eps_0.0001.vnnlib,1200,unsat False,1.25343918800354,0.0,646.4669613838196,689.8200232982635,0,n02088632_bluetick,fix_nonmask,0,6272,0.0001,vgg16-7,False,0.7854456901550293,"[0, 0, 223, 223]",18816,131712,150528,12.5,random
215,onnx/vgg16-7.onnx,vnnlib/n02088632_bluetick_fix_nonmask_seg0_k3136_eps_0.0001.vnnlib,1200,unsat False,1.2567789554595947,0.0,628.403660774231,664.0205042362213,0,n02088632_bluetick,fix_nonmask,0,3136,0.0001,vgg16-7,False,0.7854456901550293,"[0, 0, 223, 223]",9408,141120,150528,6.25,random
216,onnx/vgg16-7.onnx,vnnlib/n02088632_bluetick_fix_nonmask_seg0_k1568_eps_0.0001.vnnlib,1200,unsat False,1.2582088708877563,0.0,595.1320881843567,630.292338848114,0,n02088632_bluetick,fix_nonmask,0,1568,0.0001,vgg16-7,False,0.7854456901550293,"[0, 0, 223, 223]",4704,145824,150528,3.125,random
217,onnx/vgg16-7.onnx,vnnlib/n02089078_black-and-tan_coonhound_global_k50176_eps_0.0001.vnnlib,1200,sat True,,,,35.63709998130798,0,n02089078_black-and-tan_coonhound,global,-1,50176,0.0001,vgg16-7,True,,,150528,0,150528,100.0,random
218,onnx/vgg16-7.onnx,vnnlib/n02089078_black-and-tan_coonhound_global_k25088_eps_0.0001.vnnlib,1200,sat True,,,,34.6463041305542,0,n02089078_black-and-tan_coonhound,global,-1,25088,0.0001,vgg16-7,True,,,75264,75264,150528,50.0,random
219,onnx/vgg16-7.onnx,vnnlib/n02089078_black-and-tan_coonhound_global_k12544_eps_0.0001.vnnlib,1200,sat True,,,,34.30714702606201,0,n02089078_black-and-tan_coonhound,global,-1,12544,0.0001,vgg16-7,True,,,37632,112896,150528,25.0,random
220,onnx/vgg16-7.onnx,vnnlib/n02089078_black-and-tan_coonhound_global_k6272_eps_0.0001.vnnlib,1200,sat True,,,,35.36893630027771,0,n02089078_black-and-tan_coonhound,global,-1,6272,0.0001,vgg16-7,True,,,18816,131712,150528,12.5,random
221,onnx/vgg16-7.onnx,vnnlib/n02089078_black-and-tan_coonhound_global_k3136_eps_0.0001.vnnlib,1200,sat False,-inf,,0.8915178775787354,36.944581270217896,0,n02089078_black-and-tan_coonhound,global,-1,3136,0.0001,vgg16-7,True,,,9408,141120,150528,6.25,random
222,onnx/vgg16-7.onnx,vnnlib/n02089078_black-and-tan_coonhound_global_k1568_eps_0.0001.vnnlib,1200,sat False,-inf,,1.714811086654663,37.91396760940552,0,n02089078_black-and-tan_coonhound,global,-1,1568,0.0001,vgg16-7,True,,,4704,145824,150528,3.125,random
223,onnx/vgg16-7.onnx,vnnlib/n02089078_black-and-tan_coonhound_fix_mask_seg0_k50176_eps_0.0001.vnnlib,1200,sat True,,,,35.17815375328064,0,n02089078_black-and-tan_coonhound,fix_mask,0,50176,0.0001,vgg16-7,False,0.9171472191810608,"[0, 0, 223, 223]",30576,119952,150528,20.3125,random
224,onnx/vgg16-7.onnx,vnnlib/n02089078_black-and-tan_coonhound_fix_mask_seg0_k25088_eps_0.0001.vnnlib,1200,sat True,,,,35.72419810295105,0,n02089078_black-and-tan_coonhound,fix_mask,0,25088,0.0001,vgg16-7,False,0.9171472191810608,"[0, 0, 223, 223]",30576,119952,150528,20.3125,random
225,onnx/vgg16-7.onnx,vnnlib/n02089078_black-and-tan_coonhound_fix_mask_seg0_k12544_eps_0.0001.vnnlib,1200,sat True,,,,35.067681074142456,0,n02089078_black-and-tan_coonhound,fix_mask,0,12544,0.0001,vgg16-7,False,0.9171472191810608,"[0, 0, 223, 223]",30576,119952,150528,20.3125,random
226,onnx/vgg16-7.onnx,vnnlib/n02089078_black-and-tan_coonhound_fix_mask_seg0_k6272_eps_0.0001.vnnlib,1200,sat True,,,,34.35006356239319,0,n02089078_black-and-tan_coonhound,fix_mask,0,6272,0.0001,vgg16-7,False,0.9171472191810608,"[0, 0, 223, 223]",18816,131712,150528,12.5,random
227,onnx/vgg16-7.onnx,vnnlib/n02089078_black-and-tan_coonhound_fix_mask_seg0_k3136_eps_0.0001.vnnlib,1200,sat False,-inf,,1.7294363975524902,36.224262952804565,0,n02089078_black-and-tan_coonhound,fix_mask,0,3136,0.0001,vgg16-7,False,0.9171472191810608,"[0, 0, 223, 223]",9408,141120,150528,6.25,random
228,onnx/vgg16-7.onnx,vnnlib/n02089078_black-and-tan_coonhound_fix_mask_seg0_k1568_eps_0.0001.vnnlib,1200,sat False,-inf,,1.6233851909637451,35.84830355644226,0,n02089078_black-and-tan_coonhound,fix_mask,0,1568,0.0001,vgg16-7,False,0.9171472191810608,"[0, 0, 223, 223]",4704,145824,150528,3.125,random
229,onnx/vgg16-7.onnx,vnnlib/n02089078_black-and-tan_coonhound_fix_nonmask_seg0_k50176_eps_0.0001.vnnlib,1200,sat True,,,,35.666380405426025,0,n02089078_black-and-tan_coonhound,fix_nonmask,0,50176,0.0001,vgg16-7,False,0.9171472191810608,"[0, 0, 223, 223]",119952,30576,150528,79.6875,random
230,onnx/vgg16-7.onnx,vnnlib/n02089078_black-and-tan_coonhound_fix_nonmask_seg0_k25088_eps_0.0001.vnnlib,1200,sat True,,,,35.1970112323761,0,n02089078_black-and-tan_coonhound,fix_nonmask,0,25088,0.0001,vgg16-7,False,0.9171472191810608,"[0, 0, 223, 223]",75264,75264,150528,50.0,random
231,onnx/vgg16-7.onnx,vnnlib/n02089078_black-and-tan_coonhound_fix_nonmask_seg0_k12544_eps_0.0001.vnnlib,1200,sat True,,,,36.332767486572266,0,n02089078_black-and-tan_coonhound,fix_nonmask,0,12544,0.0001,vgg16-7,False,0.9171472191810608,"[0, 0, 223, 223]",37632,112896,150528,25.0,random
232,onnx/vgg16-7.onnx,vnnlib/n02089078_black-and-tan_coonhound_fix_nonmask_seg0_k6272_eps_0.0001.vnnlib,1200,sat True,,,,36.848207235336304,0,n02089078_black-and-tan_coonhound,fix_nonmask,0,6272,0.0001,vgg16-7,False,0.9171472191810608,"[0, 0, 223, 223]",18816,131712,150528,12.5,random
233,onnx/vgg16-7.onnx,vnnlib/n02089078_black-and-tan_coonhound_fix_nonmask_seg0_k3136_eps_0.0001.vnnlib,1200,sat False,-inf,,0.8718700408935547,34.5479576587677,0,n02089078_black-and-tan_coonhound,fix_nonmask,0,3136,0.0001,vgg16-7,False,0.9171472191810608,"[0, 0, 223, 223]",9408,141120,150528,6.25,random
234,onnx/vgg16-7.onnx,vnnlib/n02089078_black-and-tan_coonhound_fix_nonmask_seg0_k1568_eps_0.0001.vnnlib,1200,sat False,-inf,,1.7227013111114502,36.31588101387024,0,n02089078_black-and-tan_coonhound,fix_nonmask,0,1568,0.0001,vgg16-7,False,0.9171472191810608,"[0, 0, 223, 223]",4704,145824,150528,3.125,random
235,onnx/vgg16-7.onnx,vnnlib/n02089867_Walker_hound_global_k50176_eps_0.0001.vnnlib,1200,sat True,,,,34.362364768981934,0,n02089867_Walker_hound,global,-1,50176,0.0001,vgg16-7,True,,,150528,0,150528,100.0,random
236,onnx/vgg16-7.onnx,vnnlib/n02089867_Walker_hound_global_k25088_eps_0.0001.vnnlib,1200,sat True,,,,34.85259699821472,0,n02089867_Walker_hound,global,-1,25088,0.0001,vgg16-7,True,,,75264,75264,150528,50.0,random
237,onnx/vgg16-7.onnx,vnnlib/n02089867_Walker_hound_global_k12544_eps_0.0001.vnnlib,1200,sat True,,,,35.00447368621826,0,n02089867_Walker_hound,global,-1,12544,0.0001,vgg16-7,True,,,37632,112896,150528,25.0,random
238,onnx/vgg16-7.onnx,vnnlib/n02089867_Walker_hound_global_k6272_eps_0.0001.vnnlib,1200,sat True,,,,35.16520428657532,0,n02089867_Walker_hound,global,-1,6272,0.0001,vgg16-7,True,,,18816,131712,150528,12.5,random
239,onnx/vgg16-7.onnx,vnnlib/n02089867_Walker_hound_global_k3136_eps_0.0001.vnnlib,1200,sat False,-inf,,1.872363328933716,36.8421905040741,0,n02089867_Walker_hound,global,-1,3136,0.0001,vgg16-7,True,,,9408,141120,150528,6.25,random
240,onnx/vgg16-7.onnx,vnnlib/n02089867_Walker_hound_global_k1568_eps_0.0001.vnnlib,1200,sat False,-inf,,0.8475310802459717,35.34626030921936,0,n02089867_Walker_hound,global,-1,1568,0.0001,vgg16-7,True,,,4704,145824,150528,3.125,random
241,onnx/vgg16-7.onnx,vnnlib/n02089867_Walker_hound_fix_mask_seg0_k50176_eps_0.0001.vnnlib,1200,sat True,,,,34.76292037963867,0,n02089867_Walker_hound,fix_mask,0,50176,0.0001,vgg16-7,False,0.942648708820343,"[0, 0, 223, 222]",10524,140004,150528,6.991390306122449,random
242,onnx/vgg16-7.onnx,vnnlib/n02089867_Walker_hound_fix_mask_seg0_k25088_eps_0.0001.vnnlib,1200,sat True,,,,35.53561520576477,0,n02089867_Walker_hound,fix_mask,0,25088,0.0001,vgg16-7,False,0.942648708820343,"[0, 0, 223, 222]",10524,140004,150528,6.991390306122449,random
243,onnx/vgg16-7.onnx,vnnlib/n02089867_Walker_hound_fix_mask_seg0_k12544_eps_0.0001.vnnlib,1200,sat True,,,,35.20058512687683,0,n02089867_Walker_hound,fix_mask,0,12544,0.0001,vgg16-7,False,0.942648708820343,"[0, 0, 223, 222]",10524,140004,150528,6.991390306122449,random
244,onnx/vgg16-7.onnx,vnnlib/n02089867_Walker_hound_fix_mask_seg0_k6272_eps_0.0001.vnnlib,1200,sat True,,,,35.4933922290802,0,n02089867_Walker_hound,fix_mask,0,6272,0.0001,vgg16-7,False,0.942648708820343,"[0, 0, 223, 222]",10524,140004,150528,6.991390306122449,random
245,onnx/vgg16-7.onnx,vnnlib/n02089867_Walker_hound_fix_mask_seg0_k3136_eps_0.0001.vnnlib,1200,sat False,-inf,,0.8967585563659668,34.955124855041504,0,n02089867_Walker_hound,fix_mask,0,3136,0.0001,vgg16-7,False,0.942648708820343,"[0, 0, 223, 222]",9408,141120,150528,6.25,random
246,onnx/vgg16-7.onnx,vnnlib/n02089867_Walker_hound_fix_mask_seg0_k1568_eps_0.0001.vnnlib,1200,sat False,-inf,,1.6119673252105713,36.3191990852356,0,n02089867_Walker_hound,fix_mask,0,1568,0.0001,vgg16-7,False,0.942648708820343,"[0, 0, 223, 222]",4704,145824,150528,3.125,random
247,onnx/vgg16-7.onnx,vnnlib/n02089867_Walker_hound_fix_nonmask_seg0_k50176_eps_0.0001.vnnlib,1200,sat True,,,,34.84501838684082,0,n02089867_Walker_hound,fix_nonmask,0,50176,0.0001,vgg16-7,False,0.942648708820343,"[0, 0, 223, 222]",140004,10524,150528,93.00860969387756,random
248,onnx/vgg16-7.onnx,vnnlib/n02089867_Walker_hound_fix_nonmask_seg0_k25088_eps_0.0001.vnnlib,1200,sat True,,,,34.91854786872864,0,n02089867_Walker_hound,fix_nonmask,0,25088,0.0001,vgg16-7,False,0.942648708820343,"[0, 0, 223, 222]",75264,75264,150528,50.0,random
249,onnx/vgg16-7.onnx,vnnlib/n02089867_Walker_hound_fix_nonmask_seg0_k12544_eps_0.0001.vnnlib,1200,sat True,,,,36.02855944633484,0,n02089867_Walker_hound,fix_nonmask,0,12544,0.0001,vgg16-7,False,0.942648708820343,"[0, 0, 223, 222]",37632,112896,150528,25.0,random
250,onnx/vgg16-7.onnx,vnnlib/n02089867_Walker_hound_fix_nonmask_seg0_k6272_eps_0.0001.vnnlib,1200,sat True,,,,34.9819221496582,0,n02089867_Walker_hound,fix_nonmask,0,6272,0.0001,vgg16-7,False,0.942648708820343,"[0, 0, 223, 222]",18816,131712,150528,12.5,random
251,onnx/vgg16-7.onnx,vnnlib/n02089867_Walker_hound_fix_nonmask_seg0_k3136_eps_0.0001.vnnlib,1200,sat False,-inf,,1.7906436920166016,37.265223026275635,0,n02089867_Walker_hound,fix_nonmask,0,3136,0.0001,vgg16-7,False,0.942648708820343,"[0, 0, 223, 222]",9408,141120,150528,6.25,random
252,onnx/vgg16-7.onnx,vnnlib/n02089867_Walker_hound_fix_nonmask_seg0_k1568_eps_0.0001.vnnlib,1200,sat False,-inf,,1.7575867176055908,37.33190894126892,0,n02089867_Walker_hound,fix_nonmask,0,1568,0.0001,vgg16-7,False,0.942648708820343,"[0, 0, 223, 222]",4704,145824,150528,3.125,random
253,onnx/vgg16-7.onnx,vnnlib/n02089973_English_foxhound_global_k50176_eps_0.0001.vnnlib,1200,sat True,,,,37.17501282691955,0,n02089973_English_foxhound,global,-1,50176,0.0001,vgg16-7,True,,,150528,0,150528,100.0,random
254,onnx/vgg16-7.onnx,vnnlib/n02089973_English_foxhound_global_k25088_eps_0.0001.vnnlib,1200,sat True,,,,34.98598909378052,0,n02089973_English_foxhound,global,-1,25088,0.0001,vgg16-7,True,,,75264,75264,150528,50.0,random
255,onnx/vgg16-7.onnx,vnnlib/n02089973_English_foxhound_global_k12544_eps_0.0001.vnnlib,1200,sat True,,,,37.67510724067688,0,n02089973_English_foxhound,global,-1,12544,0.0001,vgg16-7,True,,,37632,112896,150528,25.0,random
256,onnx/vgg16-7.onnx,vnnlib/n02089973_English_foxhound_global_k6272_eps_0.0001.vnnlib,1200,sat True,,,,35.898661613464355,0,n02089973_English_foxhound,global,-1,6272,0.0001,vgg16-7,True,,,18816,131712,150528,12.5,random
257,onnx/vgg16-7.onnx,vnnlib/n02089973_English_foxhound_global_k3136_eps_0.0001.vnnlib,1200,sat False,-inf,,1.7448556423187256,37.10163688659668,0,n02089973_English_foxhound,global,-1,3136,0.0001,vgg16-7,True,,,9408,141120,150528,6.25,random
258,onnx/vgg16-7.onnx,vnnlib/n02089973_English_foxhound_global_k1568_eps_0.0001.vnnlib,1200,sat False,-inf,,1.704704999923706,37.97834634780884,0,n02089973_English_foxhound,global,-1,1568,0.0001,vgg16-7,True,,,4704,145824,150528,3.125,random
259,onnx/vgg16-7.onnx,vnnlib/n02089973_English_foxhound_fix_mask_seg0_k50176_eps_0.0001.vnnlib,1200,sat True,,,,37.21327209472656,0,n02089973_English_foxhound,fix_mask,0,50176,0.0001,vgg16-7,False,0.8721185922622681,"[0, 0, 223, 223]",39636,110892,150528,26.331313775510203,random
260,onnx/vgg16-7.onnx,vnnlib/n02089973_English_foxhound_fix_mask_seg0_k25088_eps_0.0001.vnnlib,1200,sat True,,,,35.35819721221924,0,n02089973_English_foxhound,fix_mask,0,25088,0.0001,vgg16-7,False,0.8721185922622681,"[0, 0, 223, 223]",39636,110892,150528,26.331313775510203,random
261,onnx/vgg16-7.onnx,vnnlib/n02089973_English_foxhound_fix_mask_seg0_k12544_eps_0.0001.vnnlib,1200,sat True,,,,36.20309400558472,0,n02089973_English_foxhound,fix_mask,0,12544,0.0001,vgg16-7,False,0.8721185922622681,"[0, 0, 223, 223]",37632,112896,150528,25.0,random
262,onnx/vgg16-7.onnx,vnnlib/n02089973_English_foxhound_fix_mask_seg0_k6272_eps_0.0001.vnnlib,1200,sat True,,,,37.49192833900452,0,n02089973_English_foxhound,fix_mask,0,6272,0.0001,vgg16-7,False,0.8721185922622681,"[0, 0, 223, 223]",18816,131712,150528,12.5,random
263,onnx/vgg16-7.onnx,vnnlib/n02089973_English_foxhound_fix_mask_seg0_k3136_eps_0.0001.vnnlib,1200,sat False,-inf,,1.613265037536621,37.98120307922363,0,n02089973_English_foxhound,fix_mask,0,3136,0.0001,vgg16-7,False,0.8721185922622681,"[0, 0, 223, 223]",9408,141120,150528,6.25,random
264,onnx/vgg16-7.onnx,vnnlib/n02089973_English_foxhound_fix_mask_seg0_k1568_eps_0.0001.vnnlib,1200,sat False,-inf,,0.8635683059692383,35.364530086517334,0,n02089973_English_foxhound,fix_mask,0,1568,0.0001,vgg16-7,False,0.8721185922622681,"[0, 0, 223, 223]",4704,145824,150528,3.125,random
265,onnx/vgg16-7.onnx,vnnlib/n02089973_English_foxhound_fix_nonmask_seg0_k50176_eps_0.0001.vnnlib,1200,sat True,,,,34.95012664794922,0,n02089973_English_foxhound,fix_nonmask,0,50176,0.0001,vgg16-7,False,0.8721185922622681,"[0, 0, 223, 223]",110892,39636,150528,73.66868622448979,random
266,onnx/vgg16-7.onnx,vnnlib/n02089973_English_foxhound_fix_nonmask_seg0_k25088_eps_0.0001.vnnlib,1200,sat True,,,,35.36452341079712,0,n02089973_English_foxhound,fix_nonmask,0,25088,0.0001,vgg16-7,False,0.8721185922622681,"[0, 0, 223, 223]",75264,75264,150528,50.0,random
267,onnx/vgg16-7.onnx,vnnlib/n02089973_English_foxhound_fix_nonmask_seg0_k12544_eps_0.0001.vnnlib,1200,sat True,,,,35.25015711784363,0,n02089973_English_foxhound,fix_nonmask,0,12544,0.0001,vgg16-7,False,0.8721185922622681,"[0, 0, 223, 223]",37632,112896,150528,25.0,random
268,onnx/vgg16-7.onnx,vnnlib/n02089973_English_foxhound_fix_nonmask_seg0_k6272_eps_0.0001.vnnlib,1200,sat True,,,,35.07660889625549,0,n02089973_English_foxhound,fix_nonmask,0,6272,0.0001,vgg16-7,False,0.8721185922622681,"[0, 0, 223, 223]",18816,131712,150528,12.5,random
269,onnx/vgg16-7.onnx,vnnlib/n02089973_English_foxhound_fix_nonmask_seg0_k3136_eps_0.0001.vnnlib,1200,sat False,-inf,,1.755988359451294,36.74517869949341,0,n02089973_English_foxhound,fix_nonmask,0,3136,0.0001,vgg16-7,False,0.8721185922622681,"[0, 0, 223, 223]",9408,141120,150528,6.25,random
270,onnx/vgg16-7.onnx,vnnlib/n02089973_English_foxhound_fix_nonmask_seg0_k1568_eps_0.0001.vnnlib,1200,sat False,-inf,,1.7323930263519287,37.9220118522644,0,n02089973_English_foxhound,fix_nonmask,0,1568,0.0001,vgg16-7,False,0.8721185922622681,"[0, 0, 223, 223]",4704,145824,150528,3.125,random
271,onnx/vgg16-7.onnx,vnnlib/n02090379_redbone_global_k50176_eps_0.0001.vnnlib,1200,timeout False,-51.97444152832031,3.0,2583.184367656708,2625.1401541233063,0,n02090379_redbone,global,-1,50176,0.0001,vgg16-7,True,,,150528,0,150528,100.0,random
272,onnx/vgg16-7.onnx,vnnlib/n02090379_redbone_global_k25088_eps_0.0001.vnnlib,1200,unsat False,1.0189841985702517,0.0,711.7544279098511,754.9761190414429,0,n02090379_redbone,global,-1,25088,0.0001,vgg16-7,True,,,75264,75264,150528,50.0,random
273,onnx/vgg16-7.onnx,vnnlib/n02090379_redbone_global_k12544_eps_0.0001.vnnlib,1200,unsat False,1.057227373123169,0.0,654.6380410194397,697.7245154380798,0,n02090379_redbone,global,-1,12544,0.0001,vgg16-7,True,,,37632,112896,150528,25.0,random
274,onnx/vgg16-7.onnx,vnnlib/n02090379_redbone_global_k6272_eps_0.0001.vnnlib,1200,unsat False,1.0638238191604614,0.0,644.1846053600311,688.1141321659088,0,n02090379_redbone,global,-1,6272,0.0001,vgg16-7,True,,,18816,131712,150528,12.5,random
275,onnx/vgg16-7.onnx,vnnlib/n02090379_redbone_global_k3136_eps_0.0001.vnnlib,1200,unsat False,1.066211462020874,0.0,636.7687036991119,672.5168159008026,0,n02090379_redbone,global,-1,3136,0.0001,vgg16-7,True,,,9408,141120,150528,6.25,random
276,onnx/vgg16-7.onnx,vnnlib/n02090379_redbone_global_k1568_eps_0.0001.vnnlib,1200,unsat False,1.067219853401184,0.0,601.8496251106262,637.2732591629028,0,n02090379_redbone,global,-1,1568,0.0001,vgg16-7,True,,,4704,145824,150528,3.125,random
277,onnx/vgg16-7.onnx,vnnlib/n02090379_redbone_fix_mask_seg0_k50176_eps_0.0001.vnnlib,1200,unsat False,1.0202751159667969,0.0,692.0912599563599,735.1772739887238,0,n02090379_redbone,fix_mask,0,50176,0.0001,vgg16-7,False,0.8241221308708191,"[0, 0, 223, 222]",57237,93291,150528,38.0241549744898,random
278,onnx/vgg16-7.onnx,vnnlib/n02090379_redbone_fix_mask_seg0_k25088_eps_0.0001.vnnlib,1200,unsat False,1.0202744007110596,0.0,692.3438546657562,735.9171073436737,0,n02090379_redbone,fix_mask,0,25088,0.0001,vgg16-7,False,0.8241221308708191,"[0, 0, 223, 222]",57237,93291,150528,38.0241549744898,random
279,onnx/vgg16-7.onnx,vnnlib/n02090379_redbone_fix_mask_seg0_k12544_eps_0.0001.vnnlib,1200,unsat False,1.053046464920044,0.0,661.4334757328033,704.3841800689697,0,n02090379_redbone,fix_mask,0,12544,0.0001,vgg16-7,False,0.8241221308708191,"[0, 0, 223, 222]",37632,112896,150528,25.0,random
280,onnx/vgg16-7.onnx,vnnlib/n02090379_redbone_fix_mask_seg0_k6272_eps_0.0001.vnnlib,1200,unsat False,1.0630016326904297,0.0,636.7485868930817,680.0407810211182,0,n02090379_redbone,fix_mask,0,6272,0.0001,vgg16-7,False,0.8241221308708191,"[0, 0, 223, 222]",18816,131712,150528,12.5,random
281,onnx/vgg16-7.onnx,vnnlib/n02090379_redbone_fix_mask_seg0_k3136_eps_0.0001.vnnlib,1200,unsat False,1.0659078359603882,0.0,632.5044922828674,667.4944019317627,0,n02090379_redbone,fix_mask,0,3136,0.0001,vgg16-7,False,0.8241221308708191,"[0, 0, 223, 222]",9408,141120,150528,6.25,random
282,onnx/vgg16-7.onnx,vnnlib/n02090379_redbone_fix_mask_seg0_k1568_eps_0.0001.vnnlib,1200,unsat False,1.067081332206726,0.0,593.0546522140503,630.1344747543335,0,n02090379_redbone,fix_mask,0,1568,0.0001,vgg16-7,False,0.8241221308708191,"[0, 0, 223, 222]",4704,145824,150528,3.125,random
283,onnx/vgg16-7.onnx,vnnlib/n02090379_redbone_fix_nonmask_seg0_k50176_eps_0.0001.vnnlib,1200,unsat False,0.9625673890113832,0.0,724.1670277118683,766.9598915576935,0,n02090379_redbone,fix_nonmask,0,50176,0.0001,vgg16-7,False,0.8241221308708191,"[0, 0, 223, 222]",93291,57237,150528,61.9758450255102,random
284,onnx/vgg16-7.onnx,vnnlib/n02090379_redbone_fix_nonmask_seg0_k25088_eps_0.0001.vnnlib,1200,unsat False,1.023581624031067,0.0,726.9235649108887,771.3790097236633,0,n02090379_redbone,fix_nonmask,0,25088,0.0001,vgg16-7,False,0.8241221308708191,"[0, 0, 223, 222]",75264,75264,150528,50.0,random
285,onnx/vgg16-7.onnx,vnnlib/n02090379_redbone_fix_nonmask_seg0_k12544_eps_0.0001.vnnlib,1200,unsat False,1.057913064956665,0.0,647.5410463809967,690.9817934036255,0,n02090379_redbone,fix_nonmask,0,12544,0.0001,vgg16-7,False,0.8241221308708191,"[0, 0, 223, 222]",37632,112896,150528,25.0,random
286,onnx/vgg16-7.onnx,vnnlib/n02090379_redbone_fix_nonmask_seg0_k6272_eps_0.0001.vnnlib,1200,unsat False,1.0639921426773071,0.0,643.339284658432,687.0464520454407,0,n02090379_redbone,fix_nonmask,0,6272,0.0001,vgg16-7,False,0.8241221308708191,"[0, 0, 223, 222]",18816,131712,150528,12.5,random
287,onnx/vgg16-7.onnx,vnnlib/n02090379_redbone_fix_nonmask_seg0_k3136_eps_0.0001.vnnlib,1200,unsat False,1.0663117170333862,0.0,636.5799598693848,672.8422269821167,0,n02090379_redbone,fix_nonmask,0,3136,0.0001,vgg16-7,False,0.8241221308708191,"[0, 0, 223, 222]",9408,141120,150528,6.25,random
288,onnx/vgg16-7.onnx,vnnlib/n02090379_redbone_fix_nonmask_seg0_k1568_eps_0.0001.vnnlib,1200,unsat False,1.0672619342803955,0.0,604.0087461471558,639.3517742156982,0,n02090379_redbone,fix_nonmask,0,1568,0.0001,vgg16-7,False,0.8241221308708191,"[0, 0, 223, 222]",4704,145824,150528,3.125,random
289,onnx/vgg16-7.onnx,vnnlib/n02090622_borzoi_global_k50176_eps_0.0001.vnnlib,1200,timeout False,-1.840181589126587,3.0,2475.3278772830963,2518.1806166172028,0,n02090622_borzoi,global,-1,50176,0.0001,vgg16-7,True,,,150528,0,150528,100.0,random
290,onnx/vgg16-7.onnx,vnnlib/n02090622_borzoi_global_k25088_eps_0.0001.vnnlib,1200,unsat False,0.2615890204906463,0.0,748.6570358276367,793.2289669513702,0,n02090622_borzoi,global,-1,25088,0.0001,vgg16-7,True,,,75264,75264,150528,50.0,random
291,onnx/vgg16-7.onnx,vnnlib/n02090622_borzoi_global_k12544_eps_0.0001.vnnlib,1200,unsat False,0.285956859588623,0.0,670.1214911937714,713.320925951004,0,n02090622_borzoi,global,-1,12544,0.0001,vgg16-7,True,,,37632,112896,150528,25.0,random
292,onnx/vgg16-7.onnx,vnnlib/n02090622_borzoi_global_k6272_eps_0.0001.vnnlib,1200,unsat False,0.2911868393421173,0.0,659.7074556350708,703.8024439811707,0,n02090622_borzoi,global,-1,6272,0.0001,vgg16-7,True,,,18816,131712,150528,12.5,random
293,onnx/vgg16-7.onnx,vnnlib/n02090622_borzoi_global_k3136_eps_0.0001.vnnlib,1200,unsat False,0.2930502295494079,0.0,660.8599877357483,695.3275668621063,0,n02090622_borzoi,global,-1,3136,0.0001,vgg16-7,True,,,9408,141120,150528,6.25,random
294,onnx/vgg16-7.onnx,vnnlib/n02090622_borzoi_global_k1568_eps_0.0001.vnnlib,1200,unsat False,0.2938312292098999,0.0,595.5628409385681,630.1841492652893,0,n02090622_borzoi,global,-1,1568,0.0001,vgg16-7,True,,,4704,145824,150528,3.125,random
295,onnx/vgg16-7.onnx,vnnlib/n02090622_borzoi_fix_mask_seg0_k50176_eps_0.0001.vnnlib,1200,unsat False,0.2886116504669189,0.0,675.4108817577362,718.1755418777466,0,n02090622_borzoi,fix_mask,0,50176,0.0001,vgg16-7,False,0.8973921537399292,"[0, 0, 223, 223]",26634,123894,150528,17.6937181122449,random
296,onnx/vgg16-7.onnx,vnnlib/n02090622_borzoi_fix_mask_seg0_k25088_eps_0.0001.vnnlib,1200,unsat False,0.2886118590831756,0.0,675.3657488822937,717.8970329761505,0,n02090622_borzoi,fix_mask,0,25088,0.0001,vgg16-7,False,0.8973921537399292,"[0, 0, 223, 223]",26634,123894,150528,17.6937181122449,random
297,onnx/vgg16-7.onnx,vnnlib/n02090622_borzoi_fix_mask_seg0_k12544_eps_0.0001.vnnlib,1200,unsat False,0.2886118292808532,0.0,675.3194525241852,718.4064648151398,0,n02090622_borzoi,fix_mask,0,12544,0.0001,vgg16-7,False,0.8973921537399292,"[0, 0, 223, 223]",26634,123894,150528,17.6937181122449,random
298,onnx/vgg16-7.onnx,vnnlib/n02090622_borzoi_fix_mask_seg0_k6272_eps_0.0001.vnnlib,1200,unsat False,0.290804386138916,0.0,667.3502445220947,711.1893720626831,0,n02090622_borzoi,fix_mask,0,6272,0.0001,vgg16-7,False,0.8973921537399292,"[0, 0, 223, 223]",18816,131712,150528,12.5,random
299,onnx/vgg16-7.onnx,vnnlib/n02090622_borzoi_fix_mask_seg0_k3136_eps_0.0001.vnnlib,1200,unsat False,0.2928764820098877,0.0,659.0935597419739,693.5534665584564,0,n02090622_borzoi,fix_mask,0,3136,0.0001,vgg16-7,False,0.8973921537399292,"[0, 0, 223, 223]",9408,141120,150528,6.25,random
300,onnx/vgg16-7.onnx,vnnlib/n02090622_borzoi_fix_mask_seg0_k1568_eps_0.0001.vnnlib,1200,unsat False,0.29376882314682,0.0,595.7079815864563,630.0709526538849,0,n02090622_borzoi,fix_mask,0,1568,0.0001,vgg16-7,False,0.8973921537399292,"[0, 0, 223, 223]",4704,145824,150528,3.125,random
301,onnx/vgg16-7.onnx,vnnlib/n02090622_borzoi_fix_nonmask_seg0_k50176_eps_0.0001.vnnlib,1200,timeout False,-0.0047863125801086,3.0,2304.9517171382904,2347.980885028839,0,n02090622_borzoi,fix_nonmask,0,50176,0.0001,vgg16-7,False,0.8973921537399292,"[0, 0, 223, 223]",123894,26634,150528,82.3062818877551,random
302,onnx/vgg16-7.onnx,vnnlib/n02090622_borzoi_fix_nonmask_seg0_k25088_eps_0.0001.vnnlib,1200,unsat False,0.262249618768692,0.0,748.7600271701813,792.0285758972168,0,n02090622_borzoi,fix_nonmask,0,25088,0.0001,vgg16-7,False,0.8973921537399292,"[0, 0, 223, 223]",75264,75264,150528,50.0,random
303,onnx/vgg16-7.onnx,vnnlib/n02090622_borzoi_fix_nonmask_seg0_k12544_eps_0.0001.vnnlib,1200,unsat False,0.2859960496425628,0.0,669.6080012321472,714.0584061145782,0,n02090622_borzoi,fix_nonmask,0,12544,0.0001,vgg16-7,False,0.8973921537399292,"[0, 0, 223, 223]",37632,112896,150528,25.0,random
304,onnx/vgg16-7.onnx,vnnlib/n02090622_borzoi_fix_nonmask_seg0_k6272_eps_0.0001.vnnlib,1200,unsat False,0.291159451007843,0.0,673.827202796936,716.0582993030548,0,n02090622_borzoi,fix_nonmask,0,6272,0.0001,vgg16-7,False,0.8973921537399292,"[0, 0, 223, 223]",18816,131712,150528,12.5,random
305,onnx/vgg16-7.onnx,vnnlib/n02090622_borzoi_fix_nonmask_seg0_k3136_eps_0.0001.vnnlib,1200,unsat False,0.2930505275726318,0.0,642.7565426826477,679.0565655231476,0,n02090622_borzoi,fix_nonmask,0,3136,0.0001,vgg16-7,False,0.8973921537399292,"[0, 0, 223, 223]",9408,141120,150528,6.25,random
306,onnx/vgg16-7.onnx,vnnlib/n02090622_borzoi_fix_nonmask_seg0_k1568_eps_0.0001.vnnlib,1200,unsat False,0.2938553690910339,0.0,592.7090356349945,628.7841861248016,0,n02090622_borzoi,fix_nonmask,0,1568,0.0001,vgg16-7,False,0.8973921537399292,"[0, 0, 223, 223]",4704,145824,150528,3.125,random
307,onnx/vgg16-7.onnx,vnnlib/n02090721_Irish_wolfhound_global_k50176_eps_0.0001.vnnlib,1200,timeout False,-84.15250396728516,3.0,2733.4644269943237,2776.9713604450226,0,n02090721_Irish_wolfhound,global,-1,50176,0.0001,vgg16-7,True,,,150528,0,150528,100.0,random
308,onnx/vgg16-7.onnx,vnnlib/n02090721_Irish_wolfhound_global_k25088_eps_0.0001.vnnlib,1200,unsat False,0.451267808675766,0.0,764.4753723144531,808.4038107395172,0,n02090721_Irish_wolfhound,global,-1,25088,0.0001,vgg16-7,True,,,75264,75264,150528,50.0,random
309,onnx/vgg16-7.onnx,vnnlib/n02090721_Irish_wolfhound_global_k12544_eps_0.0001.vnnlib,1200,unsat False,0.5343952178955078,0.0,663.2011754512787,705.6756765842438,0,n02090721_Irish_wolfhound,global,-1,12544,0.0001,vgg16-7,True,,,37632,112896,150528,25.0,random
310,onnx/vgg16-7.onnx,vnnlib/n02090721_Irish_wolfhound_global_k6272_eps_0.0001.vnnlib,1200,unsat False,0.5482848882675171,0.0,626.9137210845947,670.051451921463,0,n02090721_Irish_wolfhound,global,-1,6272,0.0001,vgg16-7,True,,,18816,131712,150528,12.5,random
311,onnx/vgg16-7.onnx,vnnlib/n02090721_Irish_wolfhound_global_k3136_eps_0.0001.vnnlib,1200,unsat False,0.5528374910354614,0.0,639.7826037406921,674.1778335571289,0,n02090721_Irish_wolfhound,global,-1,3136,0.0001,vgg16-7,True,,,9408,141120,150528,6.25,random
312,onnx/vgg16-7.onnx,vnnlib/n02090721_Irish_wolfhound_global_k1568_eps_0.0001.vnnlib,1200,unsat False,0.5547446012496948,0.0,620.6673192977905,656.3948063850403,0,n02090721_Irish_wolfhound,global,-1,1568,0.0001,vgg16-7,True,,,4704,145824,150528,3.125,random
313,onnx/vgg16-7.onnx,vnnlib/n02090721_Irish_wolfhound_fix_mask_seg0_k50176_eps_0.0001.vnnlib,1200,unsat False,0.5520117878913879,0.0,563.699774980545,606.4882562160492,0,n02090721_Irish_wolfhound,fix_mask,0,50176,0.0001,vgg16-7,False,0.9026129841804504,"[0, 0, 223, 223]",12792,137736,150528,8.498086734693878,random
314,onnx/vgg16-7.onnx,vnnlib/n02090721_Irish_wolfhound_fix_mask_seg0_k25088_eps_0.0001.vnnlib,1200,unsat False,0.5520120859146118,0.0,564.4709587097168,606.9298911094666,0,n02090721_Irish_wolfhound,fix_mask,0,25088,0.0001,vgg16-7,False,0.9026129841804504,"[0, 0, 223, 223]",12792,137736,150528,8.498086734693878,random
315,onnx/vgg16-7.onnx,vnnlib/n02090721_Irish_wolfhound_fix_mask_seg0_k12544_eps_0.0001.vnnlib,1200,unsat False,0.5520111918449402,0.0,565.2640211582184,607.2296741008759,0,n02090721_Irish_wolfhound,fix_mask,0,12544,0.0001,vgg16-7,False,0.9026129841804504,"[0, 0, 223, 223]",12792,137736,150528,8.498086734693878,random
316,onnx/vgg16-7.onnx,vnnlib/n02090721_Irish_wolfhound_fix_mask_seg0_k6272_eps_0.0001.vnnlib,1200,unsat False,0.5520110130310059,0.0,564.7162156105042,608.149334192276,0,n02090721_Irish_wolfhound,fix_mask,0,6272,0.0001,vgg16-7,False,0.9026129841804504,"[0, 0, 223, 223]",12792,137736,150528,8.498086734693878,random
317,onnx/vgg16-7.onnx,vnnlib/n02090721_Irish_wolfhound_fix_mask_seg0_k3136_eps_0.0001.vnnlib,1200,unsat False,0.55342698097229,0.0,581.2928709983826,616.4287531375885,0,n02090721_Irish_wolfhound,fix_mask,0,3136,0.0001,vgg16-7,False,0.9026129841804504,"[0, 0, 223, 223]",9408,141120,150528,6.25,random
318,onnx/vgg16-7.onnx,vnnlib/n02090721_Irish_wolfhound_fix_mask_seg0_k1568_eps_0.0001.vnnlib,1200,unsat False,0.5550389885902405,0.0,534.9803128242493,571.136908531189,0,n02090721_Irish_wolfhound,fix_mask,0,1568,0.0001,vgg16-7,False,0.9026129841804504,"[0, 0, 223, 223]",4704,145824,150528,3.125,random
319,onnx/vgg16-7.onnx,vnnlib/n02090721_Irish_wolfhound_fix_nonmask_seg0_k50176_eps_0.0001.vnnlib,1200,timeout False,-40.12179946899414,3.0,2631.8316733837128,2676.0802793502808,0,n02090721_Irish_wolfhound,fix_nonmask,0,50176,0.0001,vgg16-7,False,0.9026129841804504,"[0, 0, 223, 223]",137736,12792,150528,91.50191326530611,random
320,onnx/vgg16-7.onnx,vnnlib/n02090721_Irish_wolfhound_fix_nonmask_seg0_k25088_eps_0.0001.vnnlib,1200,unsat False,0.4368471503257751,0.0,768.0043456554413,811.4822180271149,0,n02090721_Irish_wolfhound,fix_nonmask,0,25088,0.0001,vgg16-7,False,0.9026129841804504,"[0, 0, 223, 223]",75264,75264,150528,50.0,random
321,onnx/vgg16-7.onnx,vnnlib/n02090721_Irish_wolfhound_fix_nonmask_seg0_k12544_eps_0.0001.vnnlib,1200,unsat False,0.5331346988677979,0.0,670.7142443656921,714.5604486465454,0,n02090721_Irish_wolfhound,fix_nonmask,0,12544,0.0001,vgg16-7,False,0.9026129841804504,"[0, 0, 223, 223]",37632,112896,150528,25.0,random
322,onnx/vgg16-7.onnx,vnnlib/n02090721_Irish_wolfhound_fix_nonmask_seg0_k6272_eps_0.0001.vnnlib,1200,unsat False,0.5478823781013489,0.0,649.0943548679352,695.1954429149628,0,n02090721_Irish_wolfhound,fix_nonmask,0,6272,0.0001,vgg16-7,False,0.9026129841804504,"[0, 0, 223, 223]",18816,131712,150528,12.5,random
323,onnx/vgg16-7.onnx,vnnlib/n02090721_Irish_wolfhound_fix_nonmask_seg0_k3136_eps_0.0001.vnnlib,1200,unsat False,0.5527771711349487,0.0,642.6657619476318,676.7926826477051,0,n02090721_Irish_wolfhound,fix_nonmask,0,3136,0.0001,vgg16-7,False,0.9026129841804504,"[0, 0, 223, 223]",9408,141120,150528,6.25,random
324,onnx/vgg16-7.onnx,vnnlib/n02090721_Irish_wolfhound_fix_nonmask_seg0_k1568_eps_0.0001.vnnlib,1200,unsat False,0.554746687412262,0.0,599.3041548728943,641.3034715652466,0,n02090721_Irish_wolfhound,fix_nonmask,0,1568,0.0001,vgg16-7,False,0.9026129841804504,"[0, 0, 223, 223]",4704,145824,150528,3.125,random
325,onnx/vgg16-7.onnx,vnnlib/n02091032_Italian_greyhound_global_k50176_eps_0.0001.vnnlib,1200,timeout False,-39.82726287841797,3.0,2616.041692495346,2661.2467787265778,0,n02091032_Italian_greyhound,global,-1,50176,0.0001,vgg16-7,True,,,150528,0,150528,100.0,random
326,onnx/vgg16-7.onnx,vnnlib/n02091032_Italian_greyhound_global_k25088_eps_0.0001.vnnlib,1200,unsat False,0.8833406567573547,0.0,718.2500052452087,760.7095367908478,0,n02091032_Italian_greyhound,global,-1,25088,0.0001,vgg16-7,True,,,75264,75264,150528,50.0,random
327,onnx/vgg16-7.onnx,vnnlib/n02091032_Italian_greyhound_global_k12544_eps_0.0001.vnnlib,1200,unsat False,0.9363354444503784,0.0,643.0826518535614,687.8222334384918,0,n02091032_Italian_greyhound,global,-1,12544,0.0001,vgg16-7,True,,,37632,112896,150528,25.0,random
328,onnx/vgg16-7.onnx,vnnlib/n02091032_Italian_greyhound_global_k6272_eps_0.0001.vnnlib,1200,unsat False,0.9453677535057068,0.0,659.7961528301239,703.4898400306702,0,n02091032_Italian_greyhound,global,-1,6272,0.0001,vgg16-7,True,,,18816,131712,150528,12.5,random
329,onnx/vgg16-7.onnx,vnnlib/n02091032_Italian_greyhound_global_k3136_eps_0.0001.vnnlib,1200,unsat False,0.9486145973205566,0.0,616.4298641681671,656.7533395290375,0,n02091032_Italian_greyhound,global,-1,3136,0.0001,vgg16-7,True,,,9408,141120,150528,6.25,random
330,onnx/vgg16-7.onnx,vnnlib/n02091032_Italian_greyhound_global_k1568_eps_0.0001.vnnlib,1200,unsat False,0.9499525427818298,0.0,592.1905674934387,628.5653684139252,0,n02091032_Italian_greyhound,global,-1,1568,0.0001,vgg16-7,True,,,4704,145824,150528,3.125,random
331,onnx/vgg16-7.onnx,vnnlib/n02091032_Italian_greyhound_fix_mask_seg0_k50176_eps_0.0001.vnnlib,1200,unsat False,0.9055593609809875,0.0,728.0726897716522,779.1818335056305,0,n02091032_Italian_greyhound,fix_mask,0,50176,0.0001,vgg16-7,False,0.7769556045532227,"[0, 0, 223, 223]",67362,83166,150528,44.75047831632653,random
332,onnx/vgg16-7.onnx,vnnlib/n02091032_Italian_greyhound_fix_mask_seg0_k25088_eps_0.0001.vnnlib,1200,unsat False,0.905555248260498,0.0,727.455427646637,770.7436966896057,0,n02091032_Italian_greyhound,fix_mask,0,25088,0.0001,vgg16-7,False,0.7769556045532227,"[0, 0, 223, 223]",67362,83166,150528,44.75047831632653,random
333,onnx/vgg16-7.onnx,vnnlib/n02091032_Italian_greyhound_fix_mask_seg0_k12544_eps_0.0001.vnnlib,1200,unsat False,0.9369475245475768,0.0,653.8708190917969,697.880868434906,0,n02091032_Italian_greyhound,fix_mask,0,12544,0.0001,vgg16-7,False,0.7769556045532227,"[0, 0, 223, 223]",37632,112896,150528,25.0,random
334,onnx/vgg16-7.onnx,vnnlib/n02091032_Italian_greyhound_fix_mask_seg0_k6272_eps_0.0001.vnnlib,1200,unsat False,0.9455774426460266,0.0,650.543909072876,696.1168973445892,0,n02091032_Italian_greyhound,fix_mask,0,6272,0.0001,vgg16-7,False,0.7769556045532227,"[0, 0, 223, 223]",18816,131712,150528,12.5,random
335,onnx/vgg16-7.onnx,vnnlib/n02091032_Italian_greyhound_fix_mask_seg0_k3136_eps_0.0001.vnnlib,1200,unsat False,0.9487375617027284,0.0,560.5898194313049,595.480771780014,0,n02091032_Italian_greyhound,fix_mask,0,3136,0.0001,vgg16-7,False,0.7769556045532227,"[0, 0, 223, 223]",9408,141120,150528,6.25,random
336,onnx/vgg16-7.onnx,vnnlib/n02091032_Italian_greyhound_fix_mask_seg0_k1568_eps_0.0001.vnnlib,1200,unsat False,0.9500309228897096,0.0,539.4026913642883,576.1721699237823,0,n02091032_Italian_greyhound,fix_mask,0,1568,0.0001,vgg16-7,False,0.7769556045532227,"[0, 0, 223, 223]",4704,145824,150528,3.125,random
337,onnx/vgg16-7.onnx,vnnlib/n02091032_Italian_greyhound_fix_nonmask_seg0_k50176_eps_0.0001.vnnlib,1200,unsat False,0.817652702331543,0.0,671.3075232505798,716.4882500171661,0,n02091032_Italian_greyhound,fix_nonmask,0,50176,0.0001,vgg16-7,False,0.7769556045532227,"[0, 0, 223, 223]",83166,67362,150528,55.24952168367347,random
338,onnx/vgg16-7.onnx,vnnlib/n02091032_Italian_greyhound_fix_nonmask_seg0_k25088_eps_0.0001.vnnlib,1200,unsat False,0.8656600713729858,0.0,654.0005223751068,700.2058959007263,0,n02091032_Italian_greyhound,fix_nonmask,0,25088,0.0001,vgg16-7,False,0.7769556045532227,"[0, 0, 223, 223]",75264,75264,150528,50.0,random
339,onnx/vgg16-7.onnx,vnnlib/n02091032_Italian_greyhound_fix_nonmask_seg0_k12544_eps_0.0001.vnnlib,1200,unsat False,0.935224175453186,0.0,613.4438083171844,655.9660794734955,0,n02091032_Italian_greyhound,fix_nonmask,0,12544,0.0001,vgg16-7,False,0.7769556045532227,"[0, 0, 223, 223]",37632,112896,150528,25.0,random
340,onnx/vgg16-7.onnx,vnnlib/n02091032_Italian_greyhound_fix_nonmask_seg0_k6272_eps_0.0001.vnnlib,1200,unsat False,0.9451106190681458,0.0,597.80650806427,645.545437335968,0,n02091032_Italian_greyhound,fix_nonmask,0,6272,0.0001,vgg16-7,False,0.7769556045532227,"[0, 0, 223, 223]",18816,131712,150528,12.5,random
341,onnx/vgg16-7.onnx,vnnlib/n02091032_Italian_greyhound_fix_nonmask_seg0_k3136_eps_0.0001.vnnlib,1200,unsat False,0.948512852191925,0.0,569.8885838985443,608.130523443222,0,n02091032_Italian_greyhound,fix_nonmask,0,3136,0.0001,vgg16-7,False,0.7769556045532227,"[0, 0, 223, 223]",9408,141120,150528,6.25,random
342,onnx/vgg16-7.onnx,vnnlib/n02091032_Italian_greyhound_fix_nonmask_seg0_k1568_eps_0.0001.vnnlib,1200,unsat False,0.9499242305755616,0.0,536.1298303604126,573.1214535236359,0,n02091032_Italian_greyhound,fix_nonmask,0,1568,0.0001,vgg16-7,False,0.7769556045532227,"[0, 0, 223, 223]",4704,145824,150528,3.125,random
343,onnx/vgg16-7.onnx,vnnlib/n02091134_whippet_global_k50176_eps_0.0001.vnnlib,1200,timeout False,-26582.66015625,3.0,3049.4707095623016,3094.1255230903625,0,n02091134_whippet,global,-1,50176,0.0001,vgg16-7,True,,,150528,0,150528,100.0,random
344,onnx/vgg16-7.onnx,vnnlib/n02091134_whippet_global_k25088_eps_0.0001.vnnlib,1200,unsat False,0.0858115553855896,0.0,697.5897395610809,743.8799011707306,0,n02091134_whippet,global,-1,25088,0.0001,vgg16-7,True,,,75264,75264,150528,50.0,random
345,onnx/vgg16-7.onnx,vnnlib/n02091134_whippet_global_k12544_eps_0.0001.vnnlib,1200,unsat False,0.3885699510574341,0.0,629.1898777484894,674.1964375972748,0,n02091134_whippet,global,-1,12544,0.0001,vgg16-7,True,,,37632,112896,150528,25.0,random
346,onnx/vgg16-7.onnx,vnnlib/n02091134_whippet_global_k6272_eps_0.0001.vnnlib,1200,unsat False,0.4034035205841064,0.0,589.7913956642151,633.9779114723206,0,n02091134_whippet,global,-1,6272,0.0001,vgg16-7,True,,,18816,131712,150528,12.5,random
347,onnx/vgg16-7.onnx,vnnlib/n02091134_whippet_global_k3136_eps_0.0001.vnnlib,1200,unsat False,0.4074451923370361,0.0,541.6410756111145,581.4023690223694,0,n02091134_whippet,global,-1,3136,0.0001,vgg16-7,True,,,9408,141120,150528,6.25,random
348,onnx/vgg16-7.onnx,vnnlib/n02091134_whippet_global_k1568_eps_0.0001.vnnlib,1200,unsat False,0.4089301824569702,0.0,500.4463803768158,536.5194239616394,0,n02091134_whippet,global,-1,1568,0.0001,vgg16-7,True,,,4704,145824,150528,3.125,random
349,onnx/vgg16-7.onnx,vnnlib/n02091134_whippet_fix_mask_seg0_k50176_eps_0.0001.vnnlib,1200,unsat False,0.4096442461013794,0.0,519.6936914920807,556.9773495197296,0,n02091134_whippet,fix_mask,0,50176,0.0001,vgg16-7,False,0.939449429512024,"[0, 0, 223, 222]",2478,148050,150528,1.6462053571428572,random
350,onnx/vgg16-7.onnx,vnnlib/n02091134_whippet_fix_mask_seg0_k25088_eps_0.0001.vnnlib,1200,unsat False,0.4096443057060241,0.0,517.3256621360779,552.891491651535,0,n02091134_whippet,fix_mask,0,25088,0.0001,vgg16-7,False,0.939449429512024,"[0, 0, 223, 222]",2478,148050,150528,1.6462053571428572,random
351,onnx/vgg16-7.onnx,vnnlib/n02091134_whippet_fix_mask_seg0_k12544_eps_0.0001.vnnlib,1200,unsat False,0.4096438884735107,0.0,521.0349721908569,557.5557589530945,0,n02091134_whippet,fix_mask,0,12544,0.0001,vgg16-7,False,0.939449429512024,"[0, 0, 223, 222]",2478,148050,150528,1.6462053571428572,random
352,onnx/vgg16-7.onnx,vnnlib/n02091134_whippet_fix_mask_seg0_k6272_eps_0.0001.vnnlib,1200,unsat False,0.4096443057060241,0.0,518.5879318714142,554.3196682929993,0,n02091134_whippet,fix_mask,0,6272,0.0001,vgg16-7,False,0.939449429512024,"[0, 0, 223, 222]",2478,148050,150528,1.6462053571428572,random
353,onnx/vgg16-7.onnx,vnnlib/n02091134_whippet_fix_mask_seg0_k3136_eps_0.0001.vnnlib,1200,unsat False,0.4096445441246032,0.0,517.7630167007446,555.6505808830261,0,n02091134_whippet,fix_mask,0,3136,0.0001,vgg16-7,False,0.939449429512024,"[0, 0, 223, 222]",2478,148050,150528,1.6462053571428572,random
354,onnx/vgg16-7.onnx,vnnlib/n02091134_whippet_fix_mask_seg0_k1568_eps_0.0001.vnnlib,1200,unsat False,0.4096443653106689,0.0,519.4252853393555,556.163624048233,0,n02091134_whippet,fix_mask,0,1568,0.0001,vgg16-7,False,0.939449429512024,"[0, 0, 223, 222]",2478,148050,150528,1.6462053571428572,random
355,onnx/vgg16-7.onnx,vnnlib/n02091134_whippet_fix_nonmask_seg0_k50176_eps_0.0001.vnnlib,1200,timeout False,-24189.478515625,3.0,3055.3764395713806,3100.644929409027,0,n02091134_whippet,fix_nonmask,0,50176,0.0001,vgg16-7,False,0.939449429512024,"[0, 0, 223, 222]",148050,2478,150528,98.35379464285714,random
356,onnx/vgg16-7.onnx,vnnlib/n02091134_whippet_fix_nonmask_seg0_k25088_eps_0.0001.vnnlib,1200,unsat False,0.0323250889778137,0.0,701.8513593673706,748.1921076774597,0,n02091134_whippet,fix_nonmask,0,25088,0.0001,vgg16-7,False,0.939449429512024,"[0, 0, 223, 222]",75264,75264,150528,50.0,random
357,onnx/vgg16-7.onnx,vnnlib/n02091134_whippet_fix_nonmask_seg0_k12544_eps_0.0001.vnnlib,1200,unsat False,0.3886609077453613,0.0,628.7103569507599,674.1084630489349,0,n02091134_whippet,fix_nonmask,0,12544,0.0001,vgg16-7,False,0.939449429512024,"[0, 0, 223, 222]",37632,112896,150528,25.0,random
358,onnx/vgg16-7.onnx,vnnlib/n02091134_whippet_fix_nonmask_seg0_k6272_eps_0.0001.vnnlib,1200,unsat False,0.4035183787345886,0.0,584.6950798034668,630.7432527542114,0,n02091134_whippet,fix_nonmask,0,6272,0.0001,vgg16-7,False,0.939449429512024,"[0, 0, 223, 222]",18816,131712,150528,12.5,random
359,onnx/vgg16-7.onnx,vnnlib/n02091134_whippet_fix_nonmask_seg0_k3136_eps_0.0001.vnnlib,1200,unsat False,0.407419204711914,0.0,543.8063957691193,580.9761655330658,0,n02091134_whippet,fix_nonmask,0,3136,0.0001,vgg16-7,False,0.939449429512024,"[0, 0, 223, 222]",9408,141120,150528,6.25,random
360,onnx/vgg16-7.onnx,vnnlib/n02091134_whippet_fix_nonmask_seg0_k1568_eps_0.0001.vnnlib,1200,unsat False,0.4089710116386413,0.0,503.1152427196502,540.3934261798859,0,n02091134_whippet,fix_nonmask,0,1568,0.0001,vgg16-7,False,0.939449429512024,"[0, 0, 223, 222]",4704,145824,150528,3.125,random
361,onnx/vgg16-7.onnx,vnnlib/n02091244_Ibizan_hound_global_k50176_eps_0.0001.vnnlib,1200,timeout False,-32.72755813598633,3.0,2275.411525249481,2320.258365392685,0,n02091244_Ibizan_hound,global,-1,50176,0.0001,vgg16-7,True,,,150528,0,150528,100.0,random
362,onnx/vgg16-7.onnx,vnnlib/n02091244_Ibizan_hound_global_k25088_eps_0.0001.vnnlib,1200,unsat False,0.1346020698547363,0.0,625.8886592388153,672.6536898612976,0,n02091244_Ibizan_hound,global,-1,25088,0.0001,vgg16-7,True,,,75264,75264,150528,50.0,random
363,onnx/vgg16-7.onnx,vnnlib/n02091244_Ibizan_hound_global_k12544_eps_0.0001.vnnlib,1200,unsat False,0.1766008734703064,0.0,592.8488020896912,639.2438564300537,0,n02091244_Ibizan_hound,global,-1,12544,0.0001,vgg16-7,True,,,37632,112896,150528,25.0,random
364,onnx/vgg16-7.onnx,vnnlib/n02091244_Ibizan_hound_global_k6272_eps_0.0001.vnnlib,1200,unsat False,0.1843384504318237,0.0,548.447142124176,593.096864938736,0,n02091244_Ibizan_hound,global,-1,6272,0.0001,vgg16-7,True,,,18816,131712,150528,12.5,random
365,onnx/vgg16-7.onnx,vnnlib/n02091244_Ibizan_hound_global_k3136_eps_0.0001.vnnlib,1200,unsat False,0.1869094222784042,0.0,513.1732153892517,550.3715796470642,0,n02091244_Ibizan_hound,global,-1,3136,0.0001,vgg16-7,True,,,9408,141120,150528,6.25,random
366,onnx/vgg16-7.onnx,vnnlib/n02091244_Ibizan_hound_global_k1568_eps_0.0001.vnnlib,1200,unsat False,0.1879527568817138,0.0,494.2321710586548,533.0275435447693,0,n02091244_Ibizan_hound,global,-1,1568,0.0001,vgg16-7,True,,,4704,145824,150528,3.125,random
367,onnx/vgg16-7.onnx,vnnlib/n02091244_Ibizan_hound_fix_mask_seg0_k50176_eps_0.0001.vnnlib,1200,unsat False,0.1267636120319366,0.0,626.9700226783752,671.8291537761688,0,n02091244_Ibizan_hound,fix_mask,0,50176,0.0001,vgg16-7,False,0.8459183573722839,"[0, 0, 223, 223]",79704,70824,150528,52.94961734693877,random
368,onnx/vgg16-7.onnx,vnnlib/n02091244_Ibizan_hound_fix_mask_seg0_k25088_eps_0.0001.vnnlib,1200,unsat False,0.137218177318573,0.0,621.9506285190582,665.7871060371399,0,n02091244_Ibizan_hound,fix_mask,0,25088,0.0001,vgg16-7,False,0.8459183573722839,"[0, 0, 223, 223]",75264,75264,150528,50.0,random
369,onnx/vgg16-7.onnx,vnnlib/n02091244_Ibizan_hound_fix_mask_seg0_k12544_eps_0.0001.vnnlib,1200,unsat False,0.1769924461841583,0.0,641.6543350219727,688.2637741565704,0,n02091244_Ibizan_hound,fix_mask,0,12544,0.0001,vgg16-7,False,0.8459183573722839,"[0, 0, 223, 223]",37632,112896,150528,25.0,random
370,onnx/vgg16-7.onnx,vnnlib/n02091244_Ibizan_hound_fix_mask_seg0_k6272_eps_0.0001.vnnlib,1200,unsat False,0.1844675242900848,0.0,593.4039652347565,640.9351046085358,0,n02091244_Ibizan_hound,fix_mask,0,6272,0.0001,vgg16-7,False,0.8459183573722839,"[0, 0, 223, 223]",18816,131712,150528,12.5,random
371,onnx/vgg16-7.onnx,vnnlib/n02091244_Ibizan_hound_fix_mask_seg0_k3136_eps_0.0001.vnnlib,1200,unsat False,0.1869301795959472,0.0,563.9978768825531,602.2764954566956,0,n02091244_Ibizan_hound,fix_mask,0,3136,0.0001,vgg16-7,False,0.8459183573722839,"[0, 0, 223, 223]",9408,141120,150528,6.25,random
372,onnx/vgg16-7.onnx,vnnlib/n02091244_Ibizan_hound_fix_mask_seg0_k1568_eps_0.0001.vnnlib,1200,unsat False,0.1879623830318451,0.0,541.9923660755157,582.4762392044067,0,n02091244_Ibizan_hound,fix_mask,0,1568,0.0001,vgg16-7,False,0.8459183573722839,"[0, 0, 223, 223]",4704,145824,150528,3.125,random
373,onnx/vgg16-7.onnx,vnnlib/n02091244_Ibizan_hound_fix_nonmask_seg0_k50176_eps_0.0001.vnnlib,1200,unsat False,0.135643869638443,0.0,675.6134514808655,722.925418138504,0,n02091244_Ibizan_hound,fix_nonmask,0,50176,0.0001,vgg16-7,False,0.8459183573722839,"[0, 0, 223, 223]",70824,79704,150528,47.05038265306123,random
374,onnx/vgg16-7.onnx,vnnlib/n02091244_Ibizan_hound_fix_nonmask_seg0_k25088_eps_0.0001.vnnlib,1200,unsat False,0.1356455832719802,0.0,676.4640939235687,726.3948450088501,0,n02091244_Ibizan_hound,fix_nonmask,0,25088,0.0001,vgg16-7,False,0.8459183573722839,"[0, 0, 223, 223]",70824,79704,150528,47.05038265306123,random
375,onnx/vgg16-7.onnx,vnnlib/n02091244_Ibizan_hound_fix_nonmask_seg0_k12544_eps_0.0001.vnnlib,1200,unsat False,0.1756836175918579,0.0,638.0835297107697,687.3913340568542,0,n02091244_Ibizan_hound,fix_nonmask,0,12544,0.0001,vgg16-7,False,0.8459183573722839,"[0, 0, 223, 223]",37632,112896,150528,25.0,random
376,onnx/vgg16-7.onnx,vnnlib/n02091244_Ibizan_hound_fix_nonmask_seg0_k6272_eps_0.0001.vnnlib,1200,unsat False,0.1841213405132293,0.0,596.3960087299347,644.1853291988373,0,n02091244_Ibizan_hound,fix_nonmask,0,6272,0.0001,vgg16-7,False,0.8459183573722839,"[0, 0, 223, 223]",18816,131712,150528,12.5,random
377,onnx/vgg16-7.onnx,vnnlib/n02091244_Ibizan_hound_fix_nonmask_seg0_k3136_eps_0.0001.vnnlib,1200,unsat False,0.1868311017751693,0.0,556.1598539352417,596.1702032089233,0,n02091244_Ibizan_hound,fix_nonmask,0,3136,0.0001,vgg16-7,False,0.8459183573722839,"[0, 0, 223, 223]",9408,141120,150528,6.25,random
378,onnx/vgg16-7.onnx,vnnlib/n02091244_Ibizan_hound_fix_nonmask_seg0_k1568_eps_0.0001.vnnlib,1200,unsat False,0.1879294365644455,0.0,535.4488854408264,575.6489717960358,0,n02091244_Ibizan_hound,fix_nonmask,0,1568,0.0001,vgg16-7,False,0.8459183573722839,"[0, 0, 223, 223]",4704,145824,150528,3.125,random
379,onnx/vgg16-7.onnx,vnnlib/n02091831_Saluki_global_k50176_eps_0.0001.vnnlib,1200,sat True,,,,40.176908016204834,0,n02091831_Saluki,global,-1,50176,0.0001,vgg16-7,True,,,150528,0,150528,100.0,random
380,onnx/vgg16-7.onnx,vnnlib/n02091831_Saluki_global_k25088_eps_0.0001.vnnlib,1200,sat True,,,,38.29217171669006,0,n02091831_Saluki,global,-1,25088,0.0001,vgg16-7,True,,,75264,75264,150528,50.0,random
381,onnx/vgg16-7.onnx,vnnlib/n02091831_Saluki_global_k12544_eps_0.0001.vnnlib,1200,sat True,,,,39.44844937324524,0,n02091831_Saluki,global,-1,12544,0.0001,vgg16-7,True,,,37632,112896,150528,25.0,random
382,onnx/vgg16-7.onnx,vnnlib/n02091831_Saluki_global_k6272_eps_0.0001.vnnlib,1200,sat True,,,,39.61067724227905,0,n02091831_Saluki,global,-1,6272,0.0001,vgg16-7,True,,,18816,131712,150528,12.5,random
383,onnx/vgg16-7.onnx,vnnlib/n02091831_Saluki_global_k3136_eps_0.0001.vnnlib,1200,sat False,-inf,,1.5794532299041748,43.93303966522217,0,n02091831_Saluki,global,-1,3136,0.0001,vgg16-7,True,,,9408,141120,150528,6.25,random
384,onnx/vgg16-7.onnx,vnnlib/n02091831_Saluki_global_k1568_eps_0.0001.vnnlib,1200,sat False,-inf,,2.0672242641448975,40.026530504226685,0,n02091831_Saluki,global,-1,1568,0.0001,vgg16-7,True,,,4704,145824,150528,3.125,random
385,onnx/vgg16-7.onnx,vnnlib/n02091831_Saluki_fix_mask_seg0_k50176_eps_0.0001.vnnlib,1200,sat True,,,,40.34726428985596,0,n02091831_Saluki,fix_mask,0,50176,0.0001,vgg16-7,False,0.9069421291351318,"[0, 1, 223, 223]",35439,115089,150528,23.543128188775512,random
386,onnx/vgg16-7.onnx,vnnlib/n02091831_Saluki_fix_mask_seg0_k25088_eps_0.0001.vnnlib,1200,sat True,,,,36.85064244270325,0,n02091831_Saluki,fix_mask,0,25088,0.0001,vgg16-7,False,0.9069421291351318,"[0, 1, 223, 223]",35439,115089,150528,23.543128188775512,random
387,onnx/vgg16-7.onnx,vnnlib/n02091831_Saluki_fix_mask_seg0_k12544_eps_0.0001.vnnlib,1200,sat True,,,,45.84716701507568,0,n02091831_Saluki,fix_mask,0,12544,0.0001,vgg16-7,False,0.9069421291351318,"[0, 1, 223, 223]",35439,115089,150528,23.543128188775512,random
388,onnx/vgg16-7.onnx,vnnlib/n02091831_Saluki_fix_mask_seg0_k6272_eps_0.0001.vnnlib,1200,sat True,,,,40.38793063163757,0,n02091831_Saluki,fix_mask,0,6272,0.0001,vgg16-7,False,0.9069421291351318,"[0, 1, 223, 223]",18816,131712,150528,12.5,random
389,onnx/vgg16-7.onnx,vnnlib/n02091831_Saluki_fix_mask_seg0_k3136_eps_0.0001.vnnlib,1200,sat False,-inf,,1.760136365890503,40.50937819480896,0,n02091831_Saluki,fix_mask,0,3136,0.0001,vgg16-7,False,0.9069421291351318,"[0, 1, 223, 223]",9408,141120,150528,6.25,random
390,onnx/vgg16-7.onnx,vnnlib/n02091831_Saluki_fix_mask_seg0_k1568_eps_0.0001.vnnlib,1200,sat False,-inf,,1.9825847148895264,41.250675678253174,0,n02091831_Saluki,fix_mask,0,1568,0.0001,vgg16-7,False,0.9069421291351318,"[0, 1, 223, 223]",4704,145824,150528,3.125,random
