instance_id,onnx,vnnlib,timeout,result,lb_minus_rhs,domains_visited,bab_time,all_time,init_unstable,image,tag,segment_index,k,eps,model,is_global,score,bbox,num_changed,num_fixed,total,percent_changed,pattern
1.0,onnx/vgg16-7.onnx,vnnlib/n02097658_silky_terrier_global_k50176_eps_0.0001.vnnlib,1200.0,sat True,,,,37.77441620826721,0.0,n02097658_silky_terrier,global,-1.0,50176.0,0.0001,vgg16-7,True,,,150528.0,0.0,150528.0,100.0,random
2.0,onnx/vgg16-7.onnx,vnnlib/n02097658_silky_terrier_global_k25088_eps_0.0001.vnnlib,1200.0,sat True,,,,35.60098624229431,0.0,n02097658_silky_terrier,global,-1.0,25088.0,0.0001,vgg16-7,True,,,75264.0,75264.0,150528.0,50.0,random
3.0,onnx/vgg16-7.onnx,vnnlib/n02097658_silky_terrier_global_k12544_eps_0.0001.vnnlib,1200.0,sat True,,,,37.44614839553833,0.0,n02097658_silky_terrier,global,-1.0,12544.0,0.0001,vgg16-7,True,,,37632.0,112896.0,150528.0,25.0,random
4.0,onnx/vgg16-7.onnx,vnnlib/n02097658_silky_terrier_global_k6272_eps_0.0001.vnnlib,1200.0,sat True,,,,36.39697909355163,0.0,n02097658_silky_terrier,global,-1.0,6272.0,0.0001,vgg16-7,True,,,18816.0,131712.0,150528.0,12.5,random
5.0,onnx/vgg16-7.onnx,vnnlib/n02097658_silky_terrier_global_k3136_eps_0.0001.vnnlib,1200.0,sat False,-inf,,1.7621145248413086,37.57500696182251,0.0,n02097658_silky_terrier,global,-1.0,3136.0,0.0001,vgg16-7,True,,,9408.0,141120.0,150528.0,6.25,random
6.0,onnx/vgg16-7.onnx,vnnlib/n02097658_silky_terrier_global_k1568_eps_0.0001.vnnlib,1200.0,sat False,-inf,,1.8342063426971436,39.954532861709595,0.0,n02097658_silky_terrier,global,-1.0,1568.0,0.0001,vgg16-7,True,,,4704.0,145824.0,150528.0,3.125,random
7.0,onnx/vgg16-7.onnx,vnnlib/n02097658_silky_terrier_fix_mask_seg0_k50176_eps_0.0001.vnnlib,1200.0,sat True,,,,39.28140044212341,0.0,n02097658_silky_terrier,fix_mask,0.0,50176.0,0.0001,vgg16-7,False,0.8565725088119507,"[1, 0, 223, 223]",64911.0,85617.0,150528.0,43.12220982142857,random
8.0,onnx/vgg16-7.onnx,vnnlib/n02097658_silky_terrier_fix_mask_seg0_k25088_eps_0.0001.vnnlib,1200.0,sat True,,,,37.599040508270264,0.0,n02097658_silky_terrier,fix_mask,0.0,25088.0,0.0001,vgg16-7,False,0.8565725088119507,"[1, 0, 223, 223]",64911.0,85617.0,150528.0,43.12220982142857,random
9.0,onnx/vgg16-7.onnx,vnnlib/n02097658_silky_terrier_fix_mask_seg0_k12544_eps_0.0001.vnnlib,1200.0,sat True,,,,39.10036659240723,0.0,n02097658_silky_terrier,fix_mask,0.0,12544.0,0.0001,vgg16-7,False,0.8565725088119507,"[1, 0, 223, 223]",37632.0,112896.0,150528.0,25.0,random
10.0,onnx/vgg16-7.onnx,vnnlib/n02097658_silky_terrier_fix_mask_seg0_k6272_eps_0.0001.vnnlib,1200.0,sat True,,,,35.44639301300049,0.0,n02097658_silky_terrier,fix_mask,0.0,6272.0,0.0001,vgg16-7,False,0.8565725088119507,"[1, 0, 223, 223]",18816.0,131712.0,150528.0,12.5,random
11.0,onnx/vgg16-7.onnx,vnnlib/n02097658_silky_terrier_fix_mask_seg0_k3136_eps_0.0001.vnnlib,1200.0,sat False,-inf,,1.8671252727508545,38.837055683135986,0.0,n02097658_silky_terrier,fix_mask,0.0,3136.0,0.0001,vgg16-7,False,0.8565725088119507,"[1, 0, 223, 223]",9408.0,141120.0,150528.0,6.25,random
12.0,onnx/vgg16-7.onnx,vnnlib/n02097658_silky_terrier_fix_mask_seg0_k1568_eps_0.0001.vnnlib,1200.0,sat False,-inf,,1.7700726985931396,37.341628551483154,0.0,n02097658_silky_terrier,fix_mask,0.0,1568.0,0.0001,vgg16-7,False,0.8565725088119507,"[1, 0, 223, 223]",4704.0,145824.0,150528.0,3.125,random
13.0,onnx/vgg16-7.onnx,vnnlib/n02097658_silky_terrier_fix_nonmask_seg0_k50176_eps_0.0001.vnnlib,1200.0,sat True,,,,35.03124165534973,0.0,n02097658_silky_terrier,fix_nonmask,0.0,50176.0,0.0001,vgg16-7,False,0.8565725088119507,"[1, 0, 223, 223]",85617.0,64911.0,150528.0,56.87779017857143,random
14.0,onnx/vgg16-7.onnx,vnnlib/n02097658_silky_terrier_fix_nonmask_seg0_k25088_eps_0.0001.vnnlib,1200.0,sat True,,,,35.607102155685425,0.0,n02097658_silky_terrier,fix_nonmask,0.0,25088.0,0.0001,vgg16-7,False,0.8565725088119507,"[1, 0, 223, 223]",75264.0,75264.0,150528.0,50.0,random
15.0,onnx/vgg16-7.onnx,vnnlib/n02097658_silky_terrier_fix_nonmask_seg0_k12544_eps_0.0001.vnnlib,1200.0,sat True,,,,35.81014561653137,0.0,n02097658_silky_terrier,fix_nonmask,0.0,12544.0,0.0001,vgg16-7,False,0.8565725088119507,"[1, 0, 223, 223]",37632.0,112896.0,150528.0,25.0,random
16.0,onnx/vgg16-7.onnx,vnnlib/n02097658_silky_terrier_fix_nonmask_seg0_k6272_eps_0.0001.vnnlib,1200.0,sat True,,,,35.65643644332886,0.0,n02097658_silky_terrier,fix_nonmask,0.0,6272.0,0.0001,vgg16-7,False,0.8565725088119507,"[1, 0, 223, 223]",18816.0,131712.0,150528.0,12.5,random
17.0,onnx/vgg16-7.onnx,vnnlib/n02097658_silky_terrier_fix_nonmask_seg0_k3136_eps_0.0001.vnnlib,1200.0,sat False,-inf,,1.790827989578247,37.868579149246216,0.0,n02097658_silky_terrier,fix_nonmask,0.0,3136.0,0.0001,vgg16-7,False,0.8565725088119507,"[1, 0, 223, 223]",9408.0,141120.0,150528.0,6.25,random
18.0,onnx/vgg16-7.onnx,vnnlib/n02097658_silky_terrier_fix_nonmask_seg0_k1568_eps_0.0001.vnnlib,1200.0,sat False,-inf,,1.732614040374756,36.49420142173767,0.0,n02097658_silky_terrier,fix_nonmask,0.0,1568.0,0.0001,vgg16-7,False,0.8565725088119507,"[1, 0, 223, 223]",4704.0,145824.0,150528.0,3.125,random
19.0,onnx/vgg16-7.onnx,vnnlib/n02098105_soft-coated_wheaten_terrier_global_k50176_eps_0.0001.vnnlib,1200.0,timeout False,-7.585920810699463,3.0,2450.8237738609314,2494.4306783676147,0.0,n02098105_soft-coated_wheaten_terrier,global,-1.0,50176.0,0.0001,vgg16-7,True,,,150528.0,0.0,150528.0,100.0,random
20.0,onnx/vgg16-7.onnx,vnnlib/n02098105_soft-coated_wheaten_terrier_global_k25088_eps_0.0001.vnnlib,1200.0,unsat False,0.2642142176628113,0.0,685.513676404953,728.7427389621735,0.0,n02098105_soft-coated_wheaten_terrier,global,-1.0,25088.0,0.0001,vgg16-7,True,,,75264.0,75264.0,150528.0,50.0,random
21.0,onnx/vgg16-7.onnx,vnnlib/n02098105_soft-coated_wheaten_terrier_global_k12544_eps_0.0001.vnnlib,1200.0,unsat False,0.3013056814670563,0.0,644.5593473911285,687.7728319168091,0.0,n02098105_soft-coated_wheaten_terrier,global,-1.0,12544.0,0.0001,vgg16-7,True,,,37632.0,112896.0,150528.0,25.0,random
22.0,onnx/vgg16-7.onnx,vnnlib/n02098105_soft-coated_wheaten_terrier_global_k6272_eps_0.0001.vnnlib,1200.0,unsat False,0.3090005815029144,0.0,610.5814018249512,654.4070663452148,0.0,n02098105_soft-coated_wheaten_terrier,global,-1.0,6272.0,0.0001,vgg16-7,True,,,18816.0,131712.0,150528.0,12.5,random
23.0,onnx/vgg16-7.onnx,vnnlib/n02098105_soft-coated_wheaten_terrier_global_k3136_eps_0.0001.vnnlib,1200.0,unsat False,0.3118183016777038,0.0,561.4303481578827,596.4398167133331,0.0,n02098105_soft-coated_wheaten_terrier,global,-1.0,3136.0,0.0001,vgg16-7,True,,,9408.0,141120.0,150528.0,6.25,random
24.0,onnx/vgg16-7.onnx,vnnlib/n02098105_soft-coated_wheaten_terrier_global_k1568_eps_0.0001.vnnlib,1200.0,unsat False,0.3130078613758087,0.0,537.8580214977264,572.9301908016205,0.0,n02098105_soft-coated_wheaten_terrier,global,-1.0,1568.0,0.0001,vgg16-7,True,,,4704.0,145824.0,150528.0,3.125,random
25.0,onnx/vgg16-7.onnx,vnnlib/n02098105_soft-coated_wheaten_terrier_fix_mask_seg0_k50176_eps_0.0001.vnnlib,1200.0,unsat False,0.2779852151870727,0.0,678.1364893913269,721.6350417137146,0.0,n02098105_soft-coated_wheaten_terrier,fix_mask,0.0,50176.0,0.0001,vgg16-7,False,0.8476336598396301,"[0, 8, 223, 223]",60171.0,90357.0,150528.0,39.97329400510204,random
26.0,onnx/vgg16-7.onnx,vnnlib/n02098105_soft-coated_wheaten_terrier_fix_mask_seg0_k25088_eps_0.0001.vnnlib,1200.0,unsat False,0.2779853940010071,0.0,678.413024187088,722.6110863685608,0.0,n02098105_soft-coated_wheaten_terrier,fix_mask,0.0,25088.0,0.0001,vgg16-7,False,0.8476336598396301,"[0, 8, 223, 223]",60171.0,90357.0,150528.0,39.97329400510204,random
27.0,onnx/vgg16-7.onnx,vnnlib/n02098105_soft-coated_wheaten_terrier_fix_mask_seg0_k12544_eps_0.0001.vnnlib,1200.0,unsat False,0.299431562423706,0.0,646.9418032169342,690.5227806568146,0.0,n02098105_soft-coated_wheaten_terrier,fix_mask,0.0,12544.0,0.0001,vgg16-7,False,0.8476336598396301,"[0, 8, 223, 223]",37632.0,112896.0,150528.0,25.0,random
28.0,onnx/vgg16-7.onnx,vnnlib/n02098105_soft-coated_wheaten_terrier_fix_mask_seg0_k6272_eps_0.0001.vnnlib,1200.0,unsat False,0.3084161877632141,0.0,605.4842550754547,649.4947209358215,0.0,n02098105_soft-coated_wheaten_terrier,fix_mask,0.0,6272.0,0.0001,vgg16-7,False,0.8476336598396301,"[0, 8, 223, 223]",18816.0,131712.0,150528.0,12.5,random
29.0,onnx/vgg16-7.onnx,vnnlib/n02098105_soft-coated_wheaten_terrier_fix_mask_seg0_k3136_eps_0.0001.vnnlib,1200.0,unsat False,0.3115880191326141,0.0,567.3994779586792,604.2343511581421,0.0,n02098105_soft-coated_wheaten_terrier,fix_mask,0.0,3136.0,0.0001,vgg16-7,False,0.8476336598396301,"[0, 8, 223, 223]",9408.0,141120.0,150528.0,6.25,random
30.0,onnx/vgg16-7.onnx,vnnlib/n02098105_soft-coated_wheaten_terrier_fix_mask_seg0_k1568_eps_0.0001.vnnlib,1200.0,unsat False,0.3128542006015777,0.0,543.4669229984283,579.0978789329529,0.0,n02098105_soft-coated_wheaten_terrier,fix_mask,0.0,1568.0,0.0001,vgg16-7,False,0.8476336598396301,"[0, 8, 223, 223]",4704.0,145824.0,150528.0,3.125,random
31.0,onnx/vgg16-7.onnx,vnnlib/n02098105_soft-coated_wheaten_terrier_fix_nonmask_seg0_k50176_eps_0.0001.vnnlib,1200.0,unsat False,0.2322727441787719,0.0,703.82315325737,745.9302551746368,0.0,n02098105_soft-coated_wheaten_terrier,fix_nonmask,0.0,50176.0,0.0001,vgg16-7,False,0.8476336598396301,"[0, 8, 223, 223]",90357.0,60171.0,150528.0,60.02670599489796,random
32.0,onnx/vgg16-7.onnx,vnnlib/n02098105_soft-coated_wheaten_terrier_fix_nonmask_seg0_k25088_eps_0.0001.vnnlib,1200.0,unsat False,0.2684308886528015,0.0,689.0149278640747,733.108433008194,0.0,n02098105_soft-coated_wheaten_terrier,fix_nonmask,0.0,25088.0,0.0001,vgg16-7,False,0.8476336598396301,"[0, 8, 223, 223]",75264.0,75264.0,150528.0,50.0,random
33.0,onnx/vgg16-7.onnx,vnnlib/n02098105_soft-coated_wheaten_terrier_fix_nonmask_seg0_k12544_eps_0.0001.vnnlib,1200.0,unsat False,0.302154928445816,0.0,648.0396611690521,691.0067167282104,0.0,n02098105_soft-coated_wheaten_terrier,fix_nonmask,0.0,12544.0,0.0001,vgg16-7,False,0.8476336598396301,"[0, 8, 223, 223]",37632.0,112896.0,150528.0,25.0,random
34.0,onnx/vgg16-7.onnx,vnnlib/n02098105_soft-coated_wheaten_terrier_fix_nonmask_seg0_k6272_eps_0.0001.vnnlib,1200.0,unsat False,0.3093363046646118,0.0,611.2935721874237,655.8896884918213,0.0,n02098105_soft-coated_wheaten_terrier,fix_nonmask,0.0,6272.0,0.0001,vgg16-7,False,0.8476336598396301,"[0, 8, 223, 223]",18816.0,131712.0,150528.0,12.5,random
35.0,onnx/vgg16-7.onnx,vnnlib/n02098105_soft-coated_wheaten_terrier_fix_nonmask_seg0_k3136_eps_0.0001.vnnlib,1200.0,unsat False,0.3119550347328186,0.0,562.421648979187,597.2163109779358,0.0,n02098105_soft-coated_wheaten_terrier,fix_nonmask,0.0,3136.0,0.0001,vgg16-7,False,0.8476336598396301,"[0, 8, 223, 223]",9408.0,141120.0,150528.0,6.25,random
36.0,onnx/vgg16-7.onnx,vnnlib/n02098105_soft-coated_wheaten_terrier_fix_nonmask_seg0_k1568_eps_0.0001.vnnlib,1200.0,unsat False,0.3130717575550079,0.0,545.4470899105072,581.65478682518,0.0,n02098105_soft-coated_wheaten_terrier,fix_nonmask,0.0,1568.0,0.0001,vgg16-7,False,0.8476336598396301,"[0, 8, 223, 223]",4704.0,145824.0,150528.0,3.125,random
37.0,onnx/vgg16-7.onnx,vnnlib/n02098286_West_Highland_white_terrier_global_k50176_eps_0.0001.vnnlib,1200.0,unsat False,0.7692955732345581,0.0,697.1173422336578,740.1851489543915,0.0,n02098286_West_Highland_white_terrier,global,-1.0,50176.0,0.0001,vgg16-7,True,,,150528.0,0.0,150528.0,100.0,random
38.0,onnx/vgg16-7.onnx,vnnlib/n02098286_West_Highland_white_terrier_global_k25088_eps_0.0001.vnnlib,1200.0,unsat False,0.932716429233551,0.0,645.1090452671051,688.8745920658112,0.0,n02098286_West_Highland_white_terrier,global,-1.0,25088.0,0.0001,vgg16-7,True,,,75264.0,75264.0,150528.0,50.0,random
39.0,onnx/vgg16-7.onnx,vnnlib/n02098286_West_Highland_white_terrier_global_k12544_eps_0.0001.vnnlib,1200.0,unsat False,0.9452202320098876,0.0,615.0069584846497,658.5369470119476,0.0,n02098286_West_Highland_white_terrier,global,-1.0,12544.0,0.0001,vgg16-7,True,,,37632.0,112896.0,150528.0,25.0,random
40.0,onnx/vgg16-7.onnx,vnnlib/n02098286_West_Highland_white_terrier_global_k6272_eps_0.0001.vnnlib,1200.0,unsat False,0.9491763710975648,0.0,603.9053366184235,647.7030923366547,0.0,n02098286_West_Highland_white_terrier,global,-1.0,6272.0,0.0001,vgg16-7,True,,,18816.0,131712.0,150528.0,12.5,random
41.0,onnx/vgg16-7.onnx,vnnlib/n02098286_West_Highland_white_terrier_global_k3136_eps_0.0001.vnnlib,1200.0,unsat False,0.9508565068244934,0.0,556.3065140247345,591.3967716693878,0.0,n02098286_West_Highland_white_terrier,global,-1.0,3136.0,0.0001,vgg16-7,True,,,9408.0,141120.0,150528.0,6.25,random
42.0,onnx/vgg16-7.onnx,vnnlib/n02098286_West_Highland_white_terrier_global_k1568_eps_0.0001.vnnlib,1200.0,unsat False,0.9516228437423706,0.0,530.0339498519897,565.0779078006744,0.0,n02098286_West_Highland_white_terrier,global,-1.0,1568.0,0.0001,vgg16-7,True,,,4704.0,145824.0,150528.0,3.125,random
43.0,onnx/vgg16-7.onnx,vnnlib/n02098286_West_Highland_white_terrier_fix_mask_seg0_k50176_eps_0.0001.vnnlib,1200.0,unsat False,0.9349899291992188,0.0,645.3872833251953,688.9160995483398,0.0,n02098286_West_Highland_white_terrier,fix_mask,0.0,50176.0,0.0001,vgg16-7,False,0.9286105632781982,"[0, 0, 223, 223]",65472.0,85056.0,150528.0,43.494897959183675,random
44.0,onnx/vgg16-7.onnx,vnnlib/n02098286_West_Highland_white_terrier_fix_mask_seg0_k25088_eps_0.0001.vnnlib,1200.0,unsat False,0.9349903464317322,0.0,645.3627398014069,690.666589975357,0.0,n02098286_West_Highland_white_terrier,fix_mask,0.0,25088.0,0.0001,vgg16-7,False,0.9286105632781982,"[0, 0, 223, 223]",65472.0,85056.0,150528.0,43.494897959183675,random
45.0,onnx/vgg16-7.onnx,vnnlib/n02098286_West_Highland_white_terrier_fix_mask_seg0_k12544_eps_0.0001.vnnlib,1200.0,unsat False,0.9446439743041992,0.0,627.7023181915283,671.5062892436981,0.0,n02098286_West_Highland_white_terrier,fix_mask,0.0,12544.0,0.0001,vgg16-7,False,0.9286105632781982,"[0, 0, 223, 223]",37632.0,112896.0,150528.0,25.0,random
46.0,onnx/vgg16-7.onnx,vnnlib/n02098286_West_Highland_white_terrier_fix_mask_seg0_k6272_eps_0.0001.vnnlib,1200.0,unsat False,0.9490467309951782,0.0,601.7263164520264,646.3393547534943,0.0,n02098286_West_Highland_white_terrier,fix_mask,0.0,6272.0,0.0001,vgg16-7,False,0.9286105632781982,"[0, 0, 223, 223]",18816.0,131712.0,150528.0,12.5,random
47.0,onnx/vgg16-7.onnx,vnnlib/n02098286_West_Highland_white_terrier_fix_mask_seg0_k3136_eps_0.0001.vnnlib,1200.0,unsat False,0.9507670402526855,0.0,560.8211002349854,595.8189480304718,0.0,n02098286_West_Highland_white_terrier,fix_mask,0.0,3136.0,0.0001,vgg16-7,False,0.9286105632781982,"[0, 0, 223, 223]",9408.0,141120.0,150528.0,6.25,random
48.0,onnx/vgg16-7.onnx,vnnlib/n02098286_West_Highland_white_terrier_fix_mask_seg0_k1568_eps_0.0001.vnnlib,1200.0,unsat False,0.9515869617462158,0.0,530.372917175293,565.3038694858551,0.0,n02098286_West_Highland_white_terrier,fix_mask,0.0,1568.0,0.0001,vgg16-7,False,0.9286105632781982,"[0, 0, 223, 223]",4704.0,145824.0,150528.0,3.125,random
49.0,onnx/vgg16-7.onnx,vnnlib/n02098286_West_Highland_white_terrier_fix_nonmask_seg0_k50176_eps_0.0001.vnnlib,1200.0,unsat False,0.9279159307479858,0.0,657.706827878952,701.0524287223816,0.0,n02098286_West_Highland_white_terrier,fix_nonmask,0.0,50176.0,0.0001,vgg16-7,False,0.9286105632781982,"[0, 0, 223, 223]",85056.0,65472.0,150528.0,56.505102040816325,random
50.0,onnx/vgg16-7.onnx,vnnlib/n02098286_West_Highland_white_terrier_fix_nonmask_seg0_k25088_eps_0.0001.vnnlib,1200.0,unsat False,0.9332584142684937,0.0,644.4250862598419,687.0962061882019,0.0,n02098286_West_Highland_white_terrier,fix_nonmask,0.0,25088.0,0.0001,vgg16-7,False,0.9286105632781982,"[0, 0, 223, 223]",75264.0,75264.0,150528.0,50.0,random
51.0,onnx/vgg16-7.onnx,vnnlib/n02098286_West_Highland_white_terrier_fix_nonmask_seg0_k12544_eps_0.0001.vnnlib,1200.0,unsat False,0.9455708265304564,0.0,621.1595196723938,664.8659934997559,0.0,n02098286_West_Highland_white_terrier,fix_nonmask,0.0,12544.0,0.0001,vgg16-7,False,0.9286105632781982,"[0, 0, 223, 223]",37632.0,112896.0,150528.0,25.0,random
52.0,onnx/vgg16-7.onnx,vnnlib/n02098286_West_Highland_white_terrier_fix_nonmask_seg0_k6272_eps_0.0001.vnnlib,1200.0,unsat False,0.9493169188499452,0.0,607.0304024219513,649.8063635826111,0.0,n02098286_West_Highland_white_terrier,fix_nonmask,0.0,6272.0,0.0001,vgg16-7,False,0.9286105632781982,"[0, 0, 223, 223]",18816.0,131712.0,150528.0,12.5,random
53.0,onnx/vgg16-7.onnx,vnnlib/n02098286_West_Highland_white_terrier_fix_nonmask_seg0_k3136_eps_0.0001.vnnlib,1200.0,unsat False,0.95090913772583,0.0,557.933694601059,594.3200097084045,0.0,n02098286_West_Highland_white_terrier,fix_nonmask,0.0,3136.0,0.0001,vgg16-7,False,0.9286105632781982,"[0, 0, 223, 223]",9408.0,141120.0,150528.0,6.25,random
54.0,onnx/vgg16-7.onnx,vnnlib/n02098286_West_Highland_white_terrier_fix_nonmask_seg0_k1568_eps_0.0001.vnnlib,1200.0,unsat False,0.9516187310218812,0.0,529.7234692573547,564.4533145427704,0.0,n02098286_West_Highland_white_terrier,fix_nonmask,0.0,1568.0,0.0001,vgg16-7,False,0.9286105632781982,"[0, 0, 223, 223]",4704.0,145824.0,150528.0,3.125,random
55.0,onnx/vgg16-7.onnx,vnnlib/n02099267_flat-coated_retriever_global_k50176_eps_0.0001.vnnlib,1200.0,sat True,,,,35.19197750091553,0.0,n02099267_flat-coated_retriever,global,-1.0,50176.0,0.0001,vgg16-7,True,,,150528.0,0.0,150528.0,100.0,random
56.0,onnx/vgg16-7.onnx,vnnlib/n02099267_flat-coated_retriever_global_k25088_eps_0.0001.vnnlib,1200.0,sat True,,,,37.12548327445984,0.0,n02099267_flat-coated_retriever,global,-1.0,25088.0,0.0001,vgg16-7,True,,,75264.0,75264.0,150528.0,50.0,random
57.0,onnx/vgg16-7.onnx,vnnlib/n02099267_flat-coated_retriever_global_k12544_eps_0.0001.vnnlib,1200.0,sat True,,,,35.563594818115234,0.0,n02099267_flat-coated_retriever,global,-1.0,12544.0,0.0001,vgg16-7,True,,,37632.0,112896.0,150528.0,25.0,random
58.0,onnx/vgg16-7.onnx,vnnlib/n02099267_flat-coated_retriever_global_k6272_eps_0.0001.vnnlib,1200.0,sat True,,,,35.14396524429321,0.0,n02099267_flat-coated_retriever,global,-1.0,6272.0,0.0001,vgg16-7,True,,,18816.0,131712.0,150528.0,12.5,random
59.0,onnx/vgg16-7.onnx,vnnlib/n02099267_flat-coated_retriever_global_k3136_eps_0.0001.vnnlib,1200.0,sat False,-inf,,1.771660089492798,38.23939871788025,0.0,n02099267_flat-coated_retriever,global,-1.0,3136.0,0.0001,vgg16-7,True,,,9408.0,141120.0,150528.0,6.25,random
60.0,onnx/vgg16-7.onnx,vnnlib/n02099267_flat-coated_retriever_global_k1568_eps_0.0001.vnnlib,1200.0,sat False,-inf,,1.8376414775848389,36.45892572402954,0.0,n02099267_flat-coated_retriever,global,-1.0,1568.0,0.0001,vgg16-7,True,,,4704.0,145824.0,150528.0,3.125,random
61.0,onnx/vgg16-7.onnx,vnnlib/n02099267_flat-coated_retriever_fix_mask_seg0_k50176_eps_0.0001.vnnlib,1200.0,sat True,,,,37.22166967391968,0.0,n02099267_flat-coated_retriever,fix_mask,0.0,50176.0,0.0001,vgg16-7,False,0.7318323850631714,"[0, 1, 223, 223]",79983.0,70545.0,150528.0,53.13496492346939,random
62.0,onnx/vgg16-7.onnx,vnnlib/n02099267_flat-coated_retriever_fix_mask_seg0_k25088_eps_0.0001.vnnlib,1200.0,sat True,,,,35.18652963638306,0.0,n02099267_flat-coated_retriever,fix_mask,0.0,25088.0,0.0001,vgg16-7,False,0.7318323850631714,"[0, 1, 223, 223]",75264.0,75264.0,150528.0,50.0,random
63.0,onnx/vgg16-7.onnx,vnnlib/n02099267_flat-coated_retriever_fix_mask_seg0_k12544_eps_0.0001.vnnlib,1200.0,sat True,,,,36.291099309921265,0.0,n02099267_flat-coated_retriever,fix_mask,0.0,12544.0,0.0001,vgg16-7,False,0.7318323850631714,"[0, 1, 223, 223]",37632.0,112896.0,150528.0,25.0,random
64.0,onnx/vgg16-7.onnx,vnnlib/n02099267_flat-coated_retriever_fix_mask_seg0_k6272_eps_0.0001.vnnlib,1200.0,sat True,,,,36.351518869400024,0.0,n02099267_flat-coated_retriever,fix_mask,0.0,6272.0,0.0001,vgg16-7,False,0.7318323850631714,"[0, 1, 223, 223]",18816.0,131712.0,150528.0,12.5,random
65.0,onnx/vgg16-7.onnx,vnnlib/n02099267_flat-coated_retriever_fix_mask_seg0_k3136_eps_0.0001.vnnlib,1200.0,sat False,-inf,,1.7863922119140625,38.67367100715637,0.0,n02099267_flat-coated_retriever,fix_mask,0.0,3136.0,0.0001,vgg16-7,False,0.7318323850631714,"[0, 1, 223, 223]",9408.0,141120.0,150528.0,6.25,random
66.0,onnx/vgg16-7.onnx,vnnlib/n02099267_flat-coated_retriever_fix_mask_seg0_k1568_eps_0.0001.vnnlib,1200.0,sat False,-inf,,1.772035837173462,36.545629024505615,0.0,n02099267_flat-coated_retriever,fix_mask,0.0,1568.0,0.0001,vgg16-7,False,0.7318323850631714,"[0, 1, 223, 223]",4704.0,145824.0,150528.0,3.125,random
67.0,onnx/vgg16-7.onnx,vnnlib/n02099267_flat-coated_retriever_fix_nonmask_seg0_k50176_eps_0.0001.vnnlib,1200.0,sat True,,,,35.07390260696411,0.0,n02099267_flat-coated_retriever,fix_nonmask,0.0,50176.0,0.0001,vgg16-7,False,0.7318323850631714,"[0, 1, 223, 223]",70545.0,79983.0,150528.0,46.86503507653061,random
68.0,onnx/vgg16-7.onnx,vnnlib/n02099267_flat-coated_retriever_fix_nonmask_seg0_k25088_eps_0.0001.vnnlib,1200.0,sat True,,,,36.73212146759033,0.0,n02099267_flat-coated_retriever,fix_nonmask,0.0,25088.0,0.0001,vgg16-7,False,0.7318323850631714,"[0, 1, 223, 223]",70545.0,79983.0,150528.0,46.86503507653061,random
69.0,onnx/vgg16-7.onnx,vnnlib/n02099267_flat-coated_retriever_fix_nonmask_seg0_k12544_eps_0.0001.vnnlib,1200.0,sat True,,,,35.07384157180786,0.0,n02099267_flat-coated_retriever,fix_nonmask,0.0,12544.0,0.0001,vgg16-7,False,0.7318323850631714,"[0, 1, 223, 223]",37632.0,112896.0,150528.0,25.0,random
70.0,onnx/vgg16-7.onnx,vnnlib/n02099267_flat-coated_retriever_fix_nonmask_seg0_k6272_eps_0.0001.vnnlib,1200.0,sat True,,,,35.04259276390076,0.0,n02099267_flat-coated_retriever,fix_nonmask,0.0,6272.0,0.0001,vgg16-7,False,0.7318323850631714,"[0, 1, 223, 223]",18816.0,131712.0,150528.0,12.5,random
71.0,onnx/vgg16-7.onnx,vnnlib/n02099267_flat-coated_retriever_fix_nonmask_seg0_k3136_eps_0.0001.vnnlib,1200.0,sat False,-inf,,1.776994705200195,37.90061688423157,0.0,n02099267_flat-coated_retriever,fix_nonmask,0.0,3136.0,0.0001,vgg16-7,False,0.7318323850631714,"[0, 1, 223, 223]",9408.0,141120.0,150528.0,6.25,random
72.0,onnx/vgg16-7.onnx,vnnlib/n02099267_flat-coated_retriever_fix_nonmask_seg0_k1568_eps_0.0001.vnnlib,1200.0,sat False,-inf,,1.7448945045471191,37.17154359817505,0.0,n02099267_flat-coated_retriever,fix_nonmask,0.0,1568.0,0.0001,vgg16-7,False,0.7318323850631714,"[0, 1, 223, 223]",4704.0,145824.0,150528.0,3.125,random
73.0,onnx/vgg16-7.onnx,vnnlib/n02099601_golden_retriever_global_k50176_eps_0.0001.vnnlib,1200.0,sat True,,,,35.973706007003784,0.0,n02099601_golden_retriever,global,-1.0,50176.0,0.0001,vgg16-7,True,,,150528.0,0.0,150528.0,100.0,random
74.0,onnx/vgg16-7.onnx,vnnlib/n02099601_golden_retriever_global_k25088_eps_0.0001.vnnlib,1200.0,sat True,,,,36.24916076660156,0.0,n02099601_golden_retriever,global,-1.0,25088.0,0.0001,vgg16-7,True,,,75264.0,75264.0,150528.0,50.0,random
75.0,onnx/vgg16-7.onnx,vnnlib/n02099601_golden_retriever_global_k12544_eps_0.0001.vnnlib,1200.0,sat True,,,,36.79530882835388,0.0,n02099601_golden_retriever,global,-1.0,12544.0,0.0001,vgg16-7,True,,,37632.0,112896.0,150528.0,25.0,random
76.0,onnx/vgg16-7.onnx,vnnlib/n02099601_golden_retriever_global_k6272_eps_0.0001.vnnlib,1200.0,sat True,,,,37.92613863945007,0.0,n02099601_golden_retriever,global,-1.0,6272.0,0.0001,vgg16-7,True,,,18816.0,131712.0,150528.0,12.5,random
77.0,onnx/vgg16-7.onnx,vnnlib/n02099601_golden_retriever_global_k3136_eps_0.0001.vnnlib,1200.0,sat False,-inf,,1.7491278648376465,39.523200273513794,0.0,n02099601_golden_retriever,global,-1.0,3136.0,0.0001,vgg16-7,True,,,9408.0,141120.0,150528.0,6.25,random
78.0,onnx/vgg16-7.onnx,vnnlib/n02099601_golden_retriever_global_k1568_eps_0.0001.vnnlib,1200.0,sat False,-inf,,1.8419914245605469,39.11819648742676,0.0,n02099601_golden_retriever,global,-1.0,1568.0,0.0001,vgg16-7,True,,,4704.0,145824.0,150528.0,3.125,random
79.0,onnx/vgg16-7.onnx,vnnlib/n02099601_golden_retriever_fix_mask_seg0_k50176_eps_0.0001.vnnlib,1200.0,sat True,,,,37.478108644485474,0.0,n02099601_golden_retriever,fix_mask,0.0,50176.0,0.0001,vgg16-7,False,0.8756958246231079,"[0, 0, 223, 223]",41538.0,108990.0,150528.0,27.594866071428573,random
80.0,onnx/vgg16-7.onnx,vnnlib/n02099601_golden_retriever_fix_mask_seg0_k25088_eps_0.0001.vnnlib,1200.0,sat True,,,,38.77052974700928,0.0,n02099601_golden_retriever,fix_mask,0.0,25088.0,0.0001,vgg16-7,False,0.8756958246231079,"[0, 0, 223, 223]",41538.0,108990.0,150528.0,27.594866071428573,random
81.0,onnx/vgg16-7.onnx,vnnlib/n02099601_golden_retriever_fix_mask_seg0_k12544_eps_0.0001.vnnlib,1200.0,sat True,,,,38.0707745552063,0.0,n02099601_golden_retriever,fix_mask,0.0,12544.0,0.0001,vgg16-7,False,0.8756958246231079,"[0, 0, 223, 223]",37632.0,112896.0,150528.0,25.0,random
82.0,onnx/vgg16-7.onnx,vnnlib/n02099601_golden_retriever_fix_mask_seg0_k6272_eps_0.0001.vnnlib,1200.0,sat True,,,,37.209789752960205,0.0,n02099601_golden_retriever,fix_mask,0.0,6272.0,0.0001,vgg16-7,False,0.8756958246231079,"[0, 0, 223, 223]",18816.0,131712.0,150528.0,12.5,random
83.0,onnx/vgg16-7.onnx,vnnlib/n02099601_golden_retriever_fix_mask_seg0_k3136_eps_0.0001.vnnlib,1200.0,sat False,-inf,,0.8729488849639893,37.15001964569092,0.0,n02099601_golden_retriever,fix_mask,0.0,3136.0,0.0001,vgg16-7,False,0.8756958246231079,"[0, 0, 223, 223]",9408.0,141120.0,150528.0,6.25,random
84.0,onnx/vgg16-7.onnx,vnnlib/n02099601_golden_retriever_fix_mask_seg0_k1568_eps_0.0001.vnnlib,1200.0,sat False,-inf,,1.959930181503296,39.045103311538696,0.0,n02099601_golden_retriever,fix_mask,0.0,1568.0,0.0001,vgg16-7,False,0.8756958246231079,"[0, 0, 223, 223]",4704.0,145824.0,150528.0,3.125,random
85.0,onnx/vgg16-7.onnx,vnnlib/n02099601_golden_retriever_fix_nonmask_seg0_k50176_eps_0.0001.vnnlib,1200.0,sat True,,,,36.42542576789856,0.0,n02099601_golden_retriever,fix_nonmask,0.0,50176.0,0.0001,vgg16-7,False,0.8756958246231079,"[0, 0, 223, 223]",108990.0,41538.0,150528.0,72.40513392857143,random
86.0,onnx/vgg16-7.onnx,vnnlib/n02099601_golden_retriever_fix_nonmask_seg0_k25088_eps_0.0001.vnnlib,1200.0,sat True,,,,38.709304332733154,0.0,n02099601_golden_retriever,fix_nonmask,0.0,25088.0,0.0001,vgg16-7,False,0.8756958246231079,"[0, 0, 223, 223]",75264.0,75264.0,150528.0,50.0,random
87.0,onnx/vgg16-7.onnx,vnnlib/n02099601_golden_retriever_fix_nonmask_seg0_k12544_eps_0.0001.vnnlib,1200.0,sat True,,,,36.17328405380249,0.0,n02099601_golden_retriever,fix_nonmask,0.0,12544.0,0.0001,vgg16-7,False,0.8756958246231079,"[0, 0, 223, 223]",37632.0,112896.0,150528.0,25.0,random
88.0,onnx/vgg16-7.onnx,vnnlib/n02099601_golden_retriever_fix_nonmask_seg0_k6272_eps_0.0001.vnnlib,1200.0,sat True,,,,36.86530613899231,0.0,n02099601_golden_retriever,fix_nonmask,0.0,6272.0,0.0001,vgg16-7,False,0.8756958246231079,"[0, 0, 223, 223]",18816.0,131712.0,150528.0,12.5,random
89.0,onnx/vgg16-7.onnx,vnnlib/n02099601_golden_retriever_fix_nonmask_seg0_k3136_eps_0.0001.vnnlib,1200.0,sat False,-inf,,1.8029119968414309,38.61607098579407,0.0,n02099601_golden_retriever,fix_nonmask,0.0,3136.0,0.0001,vgg16-7,False,0.8756958246231079,"[0, 0, 223, 223]",9408.0,141120.0,150528.0,6.25,random
90.0,onnx/vgg16-7.onnx,vnnlib/n02099601_golden_retriever_fix_nonmask_seg0_k1568_eps_0.0001.vnnlib,1200.0,sat False,-inf,,1.8192851543426511,39.38803839683533,0.0,n02099601_golden_retriever,fix_nonmask,0.0,1568.0,0.0001,vgg16-7,False,0.8756958246231079,"[0, 0, 223, 223]",4704.0,145824.0,150528.0,3.125,random
91.0,onnx/vgg16-7.onnx,vnnlib/n02099712_Labrador_retriever_global_k50176_eps_0.0001.vnnlib,1200.0,timeout False,-5927.9541015625,3.0,2807.3986258506775,2851.6217212677,0.0,n02099712_Labrador_retriever,global,-1.0,50176.0,0.0001,vgg16-7,True,,,150528.0,0.0,150528.0,100.0,random
92.0,onnx/vgg16-7.onnx,vnnlib/n02099712_Labrador_retriever_global_k25088_eps_0.0001.vnnlib,1200.0,unsat False,0.2696357369422912,0.0,704.4554786682129,748.2637877464294,0.0,n02099712_Labrador_retriever,global,-1.0,25088.0,0.0001,vgg16-7,True,,,75264.0,75264.0,150528.0,50.0,random
93.0,onnx/vgg16-7.onnx,vnnlib/n02099712_Labrador_retriever_global_k12544_eps_0.0001.vnnlib,1200.0,unsat False,0.3845712542533874,0.0,659.7650842666626,702.9430634975433,0.0,n02099712_Labrador_retriever,global,-1.0,12544.0,0.0001,vgg16-7,True,,,37632.0,112896.0,150528.0,25.0,random
94.0,onnx/vgg16-7.onnx,vnnlib/n02099712_Labrador_retriever_global_k6272_eps_0.0001.vnnlib,1200.0,unsat False,0.3970584571361542,0.0,605.2817749977112,652.4061961174011,0.0,n02099712_Labrador_retriever,global,-1.0,6272.0,0.0001,vgg16-7,True,,,18816.0,131712.0,150528.0,12.5,random
95.0,onnx/vgg16-7.onnx,vnnlib/n02099712_Labrador_retriever_global_k3136_eps_0.0001.vnnlib,1200.0,unsat False,0.401111900806427,0.0,575.5972204208374,610.7864971160889,0.0,n02099712_Labrador_retriever,global,-1.0,3136.0,0.0001,vgg16-7,True,,,9408.0,141120.0,150528.0,6.25,random
96.0,onnx/vgg16-7.onnx,vnnlib/n02099712_Labrador_retriever_global_k1568_eps_0.0001.vnnlib,1200.0,unsat False,0.4027213454246521,0.0,557.2732763290405,592.5136270523071,0.0,n02099712_Labrador_retriever,global,-1.0,1568.0,0.0001,vgg16-7,True,,,4704.0,145824.0,150528.0,3.125,random
97.0,onnx/vgg16-7.onnx,vnnlib/n02099712_Labrador_retriever_fix_mask_seg0_k50176_eps_0.0001.vnnlib,1200.0,unsat False,0.3925808370113373,0.0,635.3209347724915,679.0556616783142,0.0,n02099712_Labrador_retriever,fix_mask,0.0,50176.0,0.0001,vgg16-7,False,0.9335535764694214,"[1, 2, 223, 223]",30066.0,120462.0,150528.0,19.973692602040817,random
98.0,onnx/vgg16-7.onnx,vnnlib/n02099712_Labrador_retriever_fix_mask_seg0_k25088_eps_0.0001.vnnlib,1200.0,unsat False,0.3925809860229492,0.0,636.2032346725464,679.445723772049,0.0,n02099712_Labrador_retriever,fix_mask,0.0,25088.0,0.0001,vgg16-7,False,0.9335535764694214,"[1, 2, 223, 223]",30066.0,120462.0,150528.0,19.973692602040817,random
99.0,onnx/vgg16-7.onnx,vnnlib/n02099712_Labrador_retriever_fix_mask_seg0_k12544_eps_0.0001.vnnlib,1200.0,unsat False,0.3925807476043701,0.0,636.3644268512726,681.9611766338348,0.0,n02099712_Labrador_retriever,fix_mask,0.0,12544.0,0.0001,vgg16-7,False,0.9335535764694214,"[1, 2, 223, 223]",30066.0,120462.0,150528.0,19.973692602040817,random
100.0,onnx/vgg16-7.onnx,vnnlib/n02099712_Labrador_retriever_fix_mask_seg0_k6272_eps_0.0001.vnnlib,1200.0,unsat False,0.3980961740016937,0.0,609.5948379039764,653.059323310852,0.0,n02099712_Labrador_retriever,fix_mask,0.0,6272.0,0.0001,vgg16-7,False,0.9335535764694214,"[1, 2, 223, 223]",18816.0,131712.0,150528.0,12.5,random
101.0,onnx/vgg16-7.onnx,vnnlib/n02099712_Labrador_retriever_fix_mask_seg0_k3136_eps_0.0001.vnnlib,1200.0,unsat False,0.4015312790870666,0.0,575.4094271659851,613.3949339389801,0.0,n02099712_Labrador_retriever,fix_mask,0.0,3136.0,0.0001,vgg16-7,False,0.9335535764694214,"[1, 2, 223, 223]",9408.0,141120.0,150528.0,6.25,random
102.0,onnx/vgg16-7.onnx,vnnlib/n02099712_Labrador_retriever_fix_mask_seg0_k1568_eps_0.0001.vnnlib,1200.0,unsat False,0.402915745973587,0.0,562.7581844329834,597.9972023963928,0.0,n02099712_Labrador_retriever,fix_mask,0.0,1568.0,0.0001,vgg16-7,False,0.9335535764694214,"[1, 2, 223, 223]",4704.0,145824.0,150528.0,3.125,random
103.0,onnx/vgg16-7.onnx,vnnlib/n02099712_Labrador_retriever_fix_nonmask_seg0_k50176_eps_0.0001.vnnlib,1200.0,timeout False,-601.3472900390625,3.0,2556.771590232849,2600.2838904857635,0.0,n02099712_Labrador_retriever,fix_nonmask,0.0,50176.0,0.0001,vgg16-7,False,0.9335535764694214,"[1, 2, 223, 223]",120462.0,30066.0,150528.0,80.02630739795919,random
104.0,onnx/vgg16-7.onnx,vnnlib/n02099712_Labrador_retriever_fix_nonmask_seg0_k25088_eps_0.0001.vnnlib,1200.0,unsat False,0.2253999710083007,0.0,711.7075235843658,754.8456256389618,0.0,n02099712_Labrador_retriever,fix_nonmask,0.0,25088.0,0.0001,vgg16-7,False,0.9335535764694214,"[1, 2, 223, 223]",75264.0,75264.0,150528.0,50.0,random
105.0,onnx/vgg16-7.onnx,vnnlib/n02099712_Labrador_retriever_fix_nonmask_seg0_k12544_eps_0.0001.vnnlib,1200.0,unsat False,0.3833934068679809,0.0,652.9851531982422,697.9087538719177,0.0,n02099712_Labrador_retriever,fix_nonmask,0.0,12544.0,0.0001,vgg16-7,False,0.9335535764694214,"[1, 2, 223, 223]",37632.0,112896.0,150528.0,25.0,random
106.0,onnx/vgg16-7.onnx,vnnlib/n02099712_Labrador_retriever_fix_nonmask_seg0_k6272_eps_0.0001.vnnlib,1200.0,unsat False,0.3970250487327575,0.0,607.5861093997955,651.942852973938,0.0,n02099712_Labrador_retriever,fix_nonmask,0.0,6272.0,0.0001,vgg16-7,False,0.9335535764694214,"[1, 2, 223, 223]",18816.0,131712.0,150528.0,12.5,random
107.0,onnx/vgg16-7.onnx,vnnlib/n02099712_Labrador_retriever_fix_nonmask_seg0_k3136_eps_0.0001.vnnlib,1200.0,unsat False,0.4011241495609283,0.0,577.0408012866974,612.4823672771454,0.0,n02099712_Labrador_retriever,fix_nonmask,0.0,3136.0,0.0001,vgg16-7,False,0.9335535764694214,"[1, 2, 223, 223]",9408.0,141120.0,150528.0,6.25,random
108.0,onnx/vgg16-7.onnx,vnnlib/n02099712_Labrador_retriever_fix_nonmask_seg0_k1568_eps_0.0001.vnnlib,1200.0,unsat False,0.4027029573917389,0.0,554.3419024944305,590.7435345649719,0.0,n02099712_Labrador_retriever,fix_nonmask,0.0,1568.0,0.0001,vgg16-7,False,0.9335535764694214,"[1, 2, 223, 223]",4704.0,145824.0,150528.0,3.125,random
109.0,onnx/vgg16-7.onnx,vnnlib/n02099849_Chesapeake_Bay_retriever_global_k50176_eps_0.0001.vnnlib,1200.0,sat True,,,,38.58770442008972,0.0,n02099849_Chesapeake_Bay_retriever,global,-1.0,50176.0,0.0001,vgg16-7,True,,,150528.0,0.0,150528.0,100.0,random
110.0,onnx/vgg16-7.onnx,vnnlib/n02099849_Chesapeake_Bay_retriever_global_k25088_eps_0.0001.vnnlib,1200.0,sat True,,,,35.798874616622925,0.0,n02099849_Chesapeake_Bay_retriever,global,-1.0,25088.0,0.0001,vgg16-7,True,,,75264.0,75264.0,150528.0,50.0,random
111.0,onnx/vgg16-7.onnx,vnnlib/n02099849_Chesapeake_Bay_retriever_global_k12544_eps_0.0001.vnnlib,1200.0,sat True,,,,37.505937337875366,0.0,n02099849_Chesapeake_Bay_retriever,global,-1.0,12544.0,0.0001,vgg16-7,True,,,37632.0,112896.0,150528.0,25.0,random
112.0,onnx/vgg16-7.onnx,vnnlib/n02099849_Chesapeake_Bay_retriever_global_k6272_eps_0.0001.vnnlib,1200.0,sat True,,,,37.04427886009216,0.0,n02099849_Chesapeake_Bay_retriever,global,-1.0,6272.0,0.0001,vgg16-7,True,,,18816.0,131712.0,150528.0,12.5,random
113.0,onnx/vgg16-7.onnx,vnnlib/n02099849_Chesapeake_Bay_retriever_global_k3136_eps_0.0001.vnnlib,1200.0,sat False,-inf,,1.8107736110687256,37.84079051017761,0.0,n02099849_Chesapeake_Bay_retriever,global,-1.0,3136.0,0.0001,vgg16-7,True,,,9408.0,141120.0,150528.0,6.25,random
114.0,onnx/vgg16-7.onnx,vnnlib/n02099849_Chesapeake_Bay_retriever_global_k1568_eps_0.0001.vnnlib,1200.0,sat False,-inf,,1.7809116840362549,37.24789357185364,0.0,n02099849_Chesapeake_Bay_retriever,global,-1.0,1568.0,0.0001,vgg16-7,True,,,4704.0,145824.0,150528.0,3.125,random
115.0,onnx/vgg16-7.onnx,vnnlib/n02099849_Chesapeake_Bay_retriever_fix_mask_seg0_k50176_eps_0.0001.vnnlib,1200.0,sat True,,,,37.19892191886902,0.0,n02099849_Chesapeake_Bay_retriever,fix_mask,0.0,50176.0,0.0001,vgg16-7,False,0.8854074478149414,"[0, 0, 223, 223]",56037.0,94491.0,150528.0,37.22696109693877,random
116.0,onnx/vgg16-7.onnx,vnnlib/n02099849_Chesapeake_Bay_retriever_fix_mask_seg0_k25088_eps_0.0001.vnnlib,1200.0,sat True,,,,35.718998193740845,0.0,n02099849_Chesapeake_Bay_retriever,fix_mask,0.0,25088.0,0.0001,vgg16-7,False,0.8854074478149414,"[0, 0, 223, 223]",56037.0,94491.0,150528.0,37.22696109693877,random
117.0,onnx/vgg16-7.onnx,vnnlib/n02099849_Chesapeake_Bay_retriever_fix_mask_seg0_k12544_eps_0.0001.vnnlib,1200.0,sat True,,,,37.50007176399231,0.0,n02099849_Chesapeake_Bay_retriever,fix_mask,0.0,12544.0,0.0001,vgg16-7,False,0.8854074478149414,"[0, 0, 223, 223]",37632.0,112896.0,150528.0,25.0,random
118.0,onnx/vgg16-7.onnx,vnnlib/n02099849_Chesapeake_Bay_retriever_fix_mask_seg0_k6272_eps_0.0001.vnnlib,1200.0,sat True,,,,36.87228488922119,0.0,n02099849_Chesapeake_Bay_retriever,fix_mask,0.0,6272.0,0.0001,vgg16-7,False,0.8854074478149414,"[0, 0, 223, 223]",18816.0,131712.0,150528.0,12.5,random
119.0,onnx/vgg16-7.onnx,vnnlib/n02099849_Chesapeake_Bay_retriever_fix_mask_seg0_k3136_eps_0.0001.vnnlib,1200.0,sat False,-inf,,1.747173547744751,38.383312702178955,0.0,n02099849_Chesapeake_Bay_retriever,fix_mask,0.0,3136.0,0.0001,vgg16-7,False,0.8854074478149414,"[0, 0, 223, 223]",9408.0,141120.0,150528.0,6.25,random
120.0,onnx/vgg16-7.onnx,vnnlib/n02099849_Chesapeake_Bay_retriever_fix_mask_seg0_k1568_eps_0.0001.vnnlib,1200.0,sat False,-inf,,1.949887752532959,37.93952536582947,0.0,n02099849_Chesapeake_Bay_retriever,fix_mask,0.0,1568.0,0.0001,vgg16-7,False,0.8854074478149414,"[0, 0, 223, 223]",4704.0,145824.0,150528.0,3.125,random
121.0,onnx/vgg16-7.onnx,vnnlib/n02099849_Chesapeake_Bay_retriever_fix_nonmask_seg0_k50176_eps_0.0001.vnnlib,1200.0,sat True,,,,36.72636556625366,0.0,n02099849_Chesapeake_Bay_retriever,fix_nonmask,0.0,50176.0,0.0001,vgg16-7,False,0.8854074478149414,"[0, 0, 223, 223]",94491.0,56037.0,150528.0,62.77303890306123,random
122.0,onnx/vgg16-7.onnx,vnnlib/n02099849_Chesapeake_Bay_retriever_fix_nonmask_seg0_k25088_eps_0.0001.vnnlib,1200.0,sat True,,,,35.93019986152649,0.0,n02099849_Chesapeake_Bay_retriever,fix_nonmask,0.0,25088.0,0.0001,vgg16-7,False,0.8854074478149414,"[0, 0, 223, 223]",75264.0,75264.0,150528.0,50.0,random
123.0,onnx/vgg16-7.onnx,vnnlib/n02099849_Chesapeake_Bay_retriever_fix_nonmask_seg0_k12544_eps_0.0001.vnnlib,1200.0,sat True,,,,37.23539972305298,0.0,n02099849_Chesapeake_Bay_retriever,fix_nonmask,0.0,12544.0,0.0001,vgg16-7,False,0.8854074478149414,"[0, 0, 223, 223]",37632.0,112896.0,150528.0,25.0,random
124.0,onnx/vgg16-7.onnx,vnnlib/n02099849_Chesapeake_Bay_retriever_fix_nonmask_seg0_k6272_eps_0.0001.vnnlib,1200.0,sat True,,,,36.86940884590149,0.0,n02099849_Chesapeake_Bay_retriever,fix_nonmask,0.0,6272.0,0.0001,vgg16-7,False,0.8854074478149414,"[0, 0, 223, 223]",18816.0,131712.0,150528.0,12.5,random
125.0,onnx/vgg16-7.onnx,vnnlib/n02099849_Chesapeake_Bay_retriever_fix_nonmask_seg0_k3136_eps_0.0001.vnnlib,1200.0,sat False,-inf,,1.8061037063598633,39.53073740005493,0.0,n02099849_Chesapeake_Bay_retriever,fix_nonmask,0.0,3136.0,0.0001,vgg16-7,False,0.8854074478149414,"[0, 0, 223, 223]",9408.0,141120.0,150528.0,6.25,random
126.0,onnx/vgg16-7.onnx,vnnlib/n02099849_Chesapeake_Bay_retriever_fix_nonmask_seg0_k1568_eps_0.0001.vnnlib,1200.0,sat False,-inf,,1.7749066352844238,38.49110794067383,0.0,n02099849_Chesapeake_Bay_retriever,fix_nonmask,0.0,1568.0,0.0001,vgg16-7,False,0.8854074478149414,"[0, 0, 223, 223]",4704.0,145824.0,150528.0,3.125,random
127.0,onnx/vgg16-7.onnx,vnnlib/n02100236_German_short-haired_pointer_global_k50176_eps_0.0001.vnnlib,1200.0,sat True,,,,36.28620791435242,0.0,n02100236_German_short-haired_pointer,global,-1.0,50176.0,0.0001,vgg16-7,True,,,150528.0,0.0,150528.0,100.0,random
128.0,onnx/vgg16-7.onnx,vnnlib/n02100236_German_short-haired_pointer_global_k25088_eps_0.0001.vnnlib,1200.0,sat True,,,,37.74272918701172,0.0,n02100236_German_short-haired_pointer,global,-1.0,25088.0,0.0001,vgg16-7,True,,,75264.0,75264.0,150528.0,50.0,random
129.0,onnx/vgg16-7.onnx,vnnlib/n02100236_German_short-haired_pointer_global_k12544_eps_0.0001.vnnlib,1200.0,sat True,,,,35.411274671554565,0.0,n02100236_German_short-haired_pointer,global,-1.0,12544.0,0.0001,vgg16-7,True,,,37632.0,112896.0,150528.0,25.0,random
130.0,onnx/vgg16-7.onnx,vnnlib/n02100236_German_short-haired_pointer_global_k6272_eps_0.0001.vnnlib,1200.0,sat True,,,,37.457640171051025,0.0,n02100236_German_short-haired_pointer,global,-1.0,6272.0,0.0001,vgg16-7,True,,,18816.0,131712.0,150528.0,12.5,random
131.0,onnx/vgg16-7.onnx,vnnlib/n02100236_German_short-haired_pointer_global_k3136_eps_0.0001.vnnlib,1200.0,sat False,-inf,,0.9664850234985352,38.838818073272705,0.0,n02100236_German_short-haired_pointer,global,-1.0,3136.0,0.0001,vgg16-7,True,,,9408.0,141120.0,150528.0,6.25,random
132.0,onnx/vgg16-7.onnx,vnnlib/n02100236_German_short-haired_pointer_global_k1568_eps_0.0001.vnnlib,1200.0,sat False,-inf,,2.309065103530884,39.507689476013184,0.0,n02100236_German_short-haired_pointer,global,-1.0,1568.0,0.0001,vgg16-7,True,,,4704.0,145824.0,150528.0,3.125,random
133.0,onnx/vgg16-7.onnx,vnnlib/n02100236_German_short-haired_pointer_fix_mask_seg0_k50176_eps_0.0001.vnnlib,1200.0,sat True,,,,36.43136692047119,0.0,n02100236_German_short-haired_pointer,fix_mask,0.0,50176.0,0.0001,vgg16-7,False,0.7979221343994141,"[0, 0, 223, 223]",86466.0,64062.0,150528.0,57.44180484693877,random
134.0,onnx/vgg16-7.onnx,vnnlib/n02100236_German_short-haired_pointer_fix_mask_seg0_k25088_eps_0.0001.vnnlib,1200.0,sat True,,,,36.518558502197266,0.0,n02100236_German_short-haired_pointer,fix_mask,0.0,25088.0,0.0001,vgg16-7,False,0.7979221343994141,"[0, 0, 223, 223]",75264.0,75264.0,150528.0,50.0,random
135.0,onnx/vgg16-7.onnx,vnnlib/n02100236_German_short-haired_pointer_fix_mask_seg0_k12544_eps_0.0001.vnnlib,1200.0,sat True,,,,33.93037700653076,0.0,n02100236_German_short-haired_pointer,fix_mask,0.0,12544.0,0.0001,vgg16-7,False,0.7979221343994141,"[0, 0, 223, 223]",37632.0,112896.0,150528.0,25.0,random
136.0,onnx/vgg16-7.onnx,vnnlib/n02100236_German_short-haired_pointer_fix_mask_seg0_k6272_eps_0.0001.vnnlib,1200.0,sat True,,,,36.186339378356934,0.0,n02100236_German_short-haired_pointer,fix_mask,0.0,6272.0,0.0001,vgg16-7,False,0.7979221343994141,"[0, 0, 223, 223]",18816.0,131712.0,150528.0,12.5,random
137.0,onnx/vgg16-7.onnx,vnnlib/n02100236_German_short-haired_pointer_fix_mask_seg0_k3136_eps_0.0001.vnnlib,1200.0,sat False,-inf,,2.14863920211792,39.69685411453247,0.0,n02100236_German_short-haired_pointer,fix_mask,0.0,3136.0,0.0001,vgg16-7,False,0.7979221343994141,"[0, 0, 223, 223]",9408.0,141120.0,150528.0,6.25,random
138.0,onnx/vgg16-7.onnx,vnnlib/n02100236_German_short-haired_pointer_fix_mask_seg0_k1568_eps_0.0001.vnnlib,1200.0,sat False,-inf,,1.118196725845337,36.33171272277832,0.0,n02100236_German_short-haired_pointer,fix_mask,0.0,1568.0,0.0001,vgg16-7,False,0.7979221343994141,"[0, 0, 223, 223]",4704.0,145824.0,150528.0,3.125,random
139.0,onnx/vgg16-7.onnx,vnnlib/n02100236_German_short-haired_pointer_fix_nonmask_seg0_k50176_eps_0.0001.vnnlib,1200.0,sat True,,,,35.28625297546387,0.0,n02100236_German_short-haired_pointer,fix_nonmask,0.0,50176.0,0.0001,vgg16-7,False,0.7979221343994141,"[0, 0, 223, 223]",64062.0,86466.0,150528.0,42.55819515306123,random
140.0,onnx/vgg16-7.onnx,vnnlib/n02100236_German_short-haired_pointer_fix_nonmask_seg0_k25088_eps_0.0001.vnnlib,1200.0,sat True,,,,36.27243661880493,0.0,n02100236_German_short-haired_pointer,fix_nonmask,0.0,25088.0,0.0001,vgg16-7,False,0.7979221343994141,"[0, 0, 223, 223]",64062.0,86466.0,150528.0,42.55819515306123,random
141.0,onnx/vgg16-7.onnx,vnnlib/n02100236_German_short-haired_pointer_fix_nonmask_seg0_k12544_eps_0.0001.vnnlib,1200.0,sat True,,,,34.16694760322571,0.0,n02100236_German_short-haired_pointer,fix_nonmask,0.0,12544.0,0.0001,vgg16-7,False,0.7979221343994141,"[0, 0, 223, 223]",37632.0,112896.0,150528.0,25.0,random
142.0,onnx/vgg16-7.onnx,vnnlib/n02100236_German_short-haired_pointer_fix_nonmask_seg0_k6272_eps_0.0001.vnnlib,1200.0,sat True,,,,35.56796145439148,0.0,n02100236_German_short-haired_pointer,fix_nonmask,0.0,6272.0,0.0001,vgg16-7,False,0.7979221343994141,"[0, 0, 223, 223]",18816.0,131712.0,150528.0,12.5,random
143.0,onnx/vgg16-7.onnx,vnnlib/n02100236_German_short-haired_pointer_fix_nonmask_seg0_k3136_eps_0.0001.vnnlib,1200.0,sat False,-inf,,1.7721600532531738,36.29389190673828,0.0,n02100236_German_short-haired_pointer,fix_nonmask,0.0,3136.0,0.0001,vgg16-7,False,0.7979221343994141,"[0, 0, 223, 223]",9408.0,141120.0,150528.0,6.25,random
144.0,onnx/vgg16-7.onnx,vnnlib/n02100236_German_short-haired_pointer_fix_nonmask_seg0_k1568_eps_0.0001.vnnlib,1200.0,sat False,-inf,,1.758780002593994,36.261475801467896,0.0,n02100236_German_short-haired_pointer,fix_nonmask,0.0,1568.0,0.0001,vgg16-7,False,0.7979221343994141,"[0, 0, 223, 223]",4704.0,145824.0,150528.0,3.125,random
145.0,onnx/vgg16-7.onnx,vnnlib/n02100583_vizsla_global_k50176_eps_0.0001.vnnlib,1200.0,unsat False,0.0546134114265441,0.0,715.8663852214813,761.0089340209961,0.0,n02100583_vizsla,global,-1.0,50176.0,0.0001,vgg16-7,True,,,150528.0,0.0,150528.0,100.0,random
146.0,onnx/vgg16-7.onnx,vnnlib/n02100583_vizsla_global_k25088_eps_0.0001.vnnlib,1200.0,unsat False,0.2167944610118866,0.0,686.4742112159729,729.925402879715,0.0,n02100583_vizsla,global,-1.0,25088.0,0.0001,vgg16-7,True,,,75264.0,75264.0,150528.0,50.0,random
147.0,onnx/vgg16-7.onnx,vnnlib/n02100583_vizsla_global_k12544_eps_0.0001.vnnlib,1200.0,unsat False,0.2311194241046905,0.0,646.3006970882416,690.8259043693542,0.0,n02100583_vizsla,global,-1.0,12544.0,0.0001,vgg16-7,True,,,37632.0,112896.0,150528.0,25.0,random
148.0,onnx/vgg16-7.onnx,vnnlib/n02100583_vizsla_global_k6272_eps_0.0001.vnnlib,1200.0,unsat False,0.2352415323257446,0.0,630.775349855423,676.6217572689056,0.0,n02100583_vizsla,global,-1.0,6272.0,0.0001,vgg16-7,True,,,18816.0,131712.0,150528.0,12.5,random
149.0,onnx/vgg16-7.onnx,vnnlib/n02100583_vizsla_global_k3136_eps_0.0001.vnnlib,1200.0,unsat False,0.2368949353694915,0.0,599.0011115074158,634.3098604679108,0.0,n02100583_vizsla,global,-1.0,3136.0,0.0001,vgg16-7,True,,,9408.0,141120.0,150528.0,6.25,random
150.0,onnx/vgg16-7.onnx,vnnlib/n02100583_vizsla_global_k1568_eps_0.0001.vnnlib,1200.0,unsat False,0.2376793622970581,0.0,570.1640930175781,606.7267210483551,0.0,n02100583_vizsla,global,-1.0,1568.0,0.0001,vgg16-7,True,,,4704.0,145824.0,150528.0,3.125,random
151.0,onnx/vgg16-7.onnx,vnnlib/n02100583_vizsla_fix_mask_seg0_k50176_eps_0.0001.vnnlib,1200.0,unsat False,0.2158504128456115,0.0,669.8456788063049,714.1767902374268,0.0,n02100583_vizsla,fix_mask,0.0,50176.0,0.0001,vgg16-7,False,0.6752489805221558,"[0, 1, 223, 218]",73503.0,77025.0,150528.0,48.83011798469388,random
152.0,onnx/vgg16-7.onnx,vnnlib/n02100583_vizsla_fix_mask_seg0_k25088_eps_0.0001.vnnlib,1200.0,unsat False,0.2158503532409668,0.0,670.1377246379852,715.383052110672,0.0,n02100583_vizsla,fix_mask,0.0,25088.0,0.0001,vgg16-7,False,0.6752489805221558,"[0, 1, 223, 218]",73503.0,77025.0,150528.0,48.83011798469388,random
153.0,onnx/vgg16-7.onnx,vnnlib/n02100583_vizsla_fix_mask_seg0_k12544_eps_0.0001.vnnlib,1200.0,unsat False,0.2307343482971191,0.0,644.0031764507294,689.299307346344,0.0,n02100583_vizsla,fix_mask,0.0,12544.0,0.0001,vgg16-7,False,0.6752489805221558,"[0, 1, 223, 218]",37632.0,112896.0,150528.0,25.0,random
154.0,onnx/vgg16-7.onnx,vnnlib/n02100583_vizsla_fix_mask_seg0_k6272_eps_0.0001.vnnlib,1200.0,unsat False,0.2350814640522003,0.0,633.5945448875427,677.0413906574249,0.0,n02100583_vizsla,fix_mask,0.0,6272.0,0.0001,vgg16-7,False,0.6752489805221558,"[0, 1, 223, 218]",18816.0,131712.0,150528.0,12.5,random
155.0,onnx/vgg16-7.onnx,vnnlib/n02100583_vizsla_fix_mask_seg0_k3136_eps_0.0001.vnnlib,1200.0,unsat False,0.2368199229240417,0.0,594.1402924060822,629.0865831375122,0.0,n02100583_vizsla,fix_mask,0.0,3136.0,0.0001,vgg16-7,False,0.6752489805221558,"[0, 1, 223, 218]",9408.0,141120.0,150528.0,6.25,random
156.0,onnx/vgg16-7.onnx,vnnlib/n02100583_vizsla_fix_mask_seg0_k1568_eps_0.0001.vnnlib,1200.0,unsat False,0.2376145720481872,0.0,568.8759002685547,605.0430586338043,0.0,n02100583_vizsla,fix_mask,0.0,1568.0,0.0001,vgg16-7,False,0.6752489805221558,"[0, 1, 223, 218]",4704.0,145824.0,150528.0,3.125,random
157.0,onnx/vgg16-7.onnx,vnnlib/n02100583_vizsla_fix_nonmask_seg0_k50176_eps_0.0001.vnnlib,1200.0,unsat False,0.2127222716808319,0.0,680.1147150993347,723.8451478481293,0.0,n02100583_vizsla,fix_nonmask,0.0,50176.0,0.0001,vgg16-7,False,0.6752489805221558,"[0, 1, 223, 218]",77025.0,73503.0,150528.0,51.16988201530612,random
158.0,onnx/vgg16-7.onnx,vnnlib/n02100583_vizsla_fix_nonmask_seg0_k25088_eps_0.0001.vnnlib,1200.0,unsat False,0.2140482068061828,0.0,683.0745096206665,727.2337005138397,0.0,n02100583_vizsla,fix_nonmask,0.0,25088.0,0.0001,vgg16-7,False,0.6752489805221558,"[0, 1, 223, 218]",75264.0,75264.0,150528.0,50.0,random
159.0,onnx/vgg16-7.onnx,vnnlib/n02100583_vizsla_fix_nonmask_seg0_k12544_eps_0.0001.vnnlib,1200.0,unsat False,0.2309713065624237,0.0,651.7703883647919,695.8757789134979,0.0,n02100583_vizsla,fix_nonmask,0.0,12544.0,0.0001,vgg16-7,False,0.6752489805221558,"[0, 1, 223, 218]",37632.0,112896.0,150528.0,25.0,random
160.0,onnx/vgg16-7.onnx,vnnlib/n02100583_vizsla_fix_nonmask_seg0_k6272_eps_0.0001.vnnlib,1200.0,unsat False,0.2352748215198516,0.0,634.1722004413605,678.3019342422485,0.0,n02100583_vizsla,fix_nonmask,0.0,6272.0,0.0001,vgg16-7,False,0.6752489805221558,"[0, 1, 223, 218]",18816.0,131712.0,150528.0,12.5,random
161.0,onnx/vgg16-7.onnx,vnnlib/n02100583_vizsla_fix_nonmask_seg0_k3136_eps_0.0001.vnnlib,1200.0,unsat False,0.2369375824928283,0.0,620.1173021793365,654.5598452091217,0.0,n02100583_vizsla,fix_nonmask,0.0,3136.0,0.0001,vgg16-7,False,0.6752489805221558,"[0, 1, 223, 218]",9408.0,141120.0,150528.0,6.25,random
162.0,onnx/vgg16-7.onnx,vnnlib/n02100583_vizsla_fix_nonmask_seg0_k1568_eps_0.0001.vnnlib,1200.0,unsat False,0.2376728951930999,0.0,588.7735612392426,623.8645527362823,0.0,n02100583_vizsla,fix_nonmask,0.0,1568.0,0.0001,vgg16-7,False,0.6752489805221558,"[0, 1, 223, 218]",4704.0,145824.0,150528.0,3.125,random
163.0,onnx/vgg16-7.onnx,vnnlib/n02100735_English_setter_global_k50176_eps_0.0001.vnnlib,1200.0,timeout False,-294.4400634765625,3.0,2909.3104453086853,2954.5760073661804,0.0,n02100735_English_setter,global,-1.0,50176.0,0.0001,vgg16-7,True,,,150528.0,0.0,150528.0,100.0,random
164.0,onnx/vgg16-7.onnx,vnnlib/n02100735_English_setter_global_k25088_eps_0.0001.vnnlib,1200.0,unsat False,1.0025092363357544,0.0,692.8169252872467,738.0393695831299,0.0,n02100735_English_setter,global,-1.0,25088.0,0.0001,vgg16-7,True,,,75264.0,75264.0,150528.0,50.0,random
165.0,onnx/vgg16-7.onnx,vnnlib/n02100735_English_setter_global_k12544_eps_0.0001.vnnlib,1200.0,unsat False,1.0724085569381714,0.0,666.5221829414368,709.3830578327179,0.0,n02100735_English_setter,global,-1.0,12544.0,0.0001,vgg16-7,True,,,37632.0,112896.0,150528.0,25.0,random
166.0,onnx/vgg16-7.onnx,vnnlib/n02100735_English_setter_global_k6272_eps_0.0001.vnnlib,1200.0,unsat False,1.0828198194503784,0.0,629.1945447921753,673.2952251434326,0.0,n02100735_English_setter,global,-1.0,6272.0,0.0001,vgg16-7,True,,,18816.0,131712.0,150528.0,12.5,random
167.0,onnx/vgg16-7.onnx,vnnlib/n02100735_English_setter_global_k3136_eps_0.0001.vnnlib,1200.0,unsat False,1.0862815380096436,0.0,593.2393908500671,629.0597429275513,0.0,n02100735_English_setter,global,-1.0,3136.0,0.0001,vgg16-7,True,,,9408.0,141120.0,150528.0,6.25,random
168.0,onnx/vgg16-7.onnx,vnnlib/n02100735_English_setter_global_k1568_eps_0.0001.vnnlib,1200.0,unsat False,1.0876789093017578,0.0,547.0358099937439,583.0666563510895,0.0,n02100735_English_setter,global,-1.0,1568.0,0.0001,vgg16-7,True,,,4704.0,145824.0,150528.0,3.125,random
169.0,onnx/vgg16-7.onnx,vnnlib/n02100735_English_setter_fix_mask_seg0_k50176_eps_0.0001.vnnlib,1200.0,unsat False,1.077314376831055,0.0,623.7132840156555,667.4092888832092,0.0,n02100735_English_setter,fix_mask,0.0,50176.0,0.0001,vgg16-7,False,0.946420669555664,"[0, 14, 223, 223]",26271.0,124257.0,150528.0,17.452566964285715,random
170.0,onnx/vgg16-7.onnx,vnnlib/n02100735_English_setter_fix_mask_seg0_k25088_eps_0.0001.vnnlib,1200.0,unsat False,1.0773138999938965,0.0,628.7698771953583,673.7961459159851,0.0,n02100735_English_setter,fix_mask,0.0,25088.0,0.0001,vgg16-7,False,0.946420669555664,"[0, 14, 223, 223]",26271.0,124257.0,150528.0,17.452566964285715,random
171.0,onnx/vgg16-7.onnx,vnnlib/n02100735_English_setter_fix_mask_seg0_k12544_eps_0.0001.vnnlib,1200.0,unsat False,1.0773146152496338,0.0,623.6728227138519,667.5874447822571,0.0,n02100735_English_setter,fix_mask,0.0,12544.0,0.0001,vgg16-7,False,0.946420669555664,"[0, 14, 223, 223]",26271.0,124257.0,150528.0,17.452566964285715,random
172.0,onnx/vgg16-7.onnx,vnnlib/n02100735_English_setter_fix_mask_seg0_k6272_eps_0.0001.vnnlib,1200.0,unsat False,1.0819916725158691,0.0,614.5296840667725,658.6258969306946,0.0,n02100735_English_setter,fix_mask,0.0,6272.0,0.0001,vgg16-7,False,0.946420669555664,"[0, 14, 223, 223]",18816.0,131712.0,150528.0,12.5,random
173.0,onnx/vgg16-7.onnx,vnnlib/n02100735_English_setter_fix_mask_seg0_k3136_eps_0.0001.vnnlib,1200.0,unsat False,1.0859887599945068,0.0,570.303142786026,605.9452667236328,0.0,n02100735_English_setter,fix_mask,0.0,3136.0,0.0001,vgg16-7,False,0.946420669555664,"[0, 14, 223, 223]",9408.0,141120.0,150528.0,6.25,random
174.0,onnx/vgg16-7.onnx,vnnlib/n02100735_English_setter_fix_mask_seg0_k1568_eps_0.0001.vnnlib,1200.0,unsat False,1.0876108407974243,0.0,565.0425243377686,602.5780279636383,0.0,n02100735_English_setter,fix_mask,0.0,1568.0,0.0001,vgg16-7,False,0.946420669555664,"[0, 14, 223, 223]",4704.0,145824.0,150528.0,3.125,random
175.0,onnx/vgg16-7.onnx,vnnlib/n02100735_English_setter_fix_nonmask_seg0_k50176_eps_0.0001.vnnlib,1200.0,timeout False,-23.207550048828125,3.0,2585.711503982544,2628.691717863083,0.0,n02100735_English_setter,fix_nonmask,0.0,50176.0,0.0001,vgg16-7,False,0.946420669555664,"[0, 14, 223, 223]",124257.0,26271.0,150528.0,82.54743303571429,random
176.0,onnx/vgg16-7.onnx,vnnlib/n02100735_English_setter_fix_nonmask_seg0_k25088_eps_0.0001.vnnlib,1200.0,unsat False,0.9933013916015624,0.0,700.4860372543335,742.8255331516266,0.0,n02100735_English_setter,fix_nonmask,0.0,25088.0,0.0001,vgg16-7,False,0.946420669555664,"[0, 14, 223, 223]",75264.0,75264.0,150528.0,50.0,random
177.0,onnx/vgg16-7.onnx,vnnlib/n02100735_English_setter_fix_nonmask_seg0_k12544_eps_0.0001.vnnlib,1200.0,unsat False,1.0726019144058228,0.0,664.3393218517303,708.5223841667175,0.0,n02100735_English_setter,fix_nonmask,0.0,12544.0,0.0001,vgg16-7,False,0.946420669555664,"[0, 14, 223, 223]",37632.0,112896.0,150528.0,25.0,random
178.0,onnx/vgg16-7.onnx,vnnlib/n02100735_English_setter_fix_nonmask_seg0_k6272_eps_0.0001.vnnlib,1200.0,unsat False,1.0829797983169556,0.0,626.0813827514648,670.8002052307129,0.0,n02100735_English_setter,fix_nonmask,0.0,6272.0,0.0001,vgg16-7,False,0.946420669555664,"[0, 14, 223, 223]",18816.0,131712.0,150528.0,12.5,random
179.0,onnx/vgg16-7.onnx,vnnlib/n02100735_English_setter_fix_nonmask_seg0_k3136_eps_0.0001.vnnlib,1200.0,unsat False,1.0863254070281982,0.0,595.9036786556244,630.9042332172394,0.0,n02100735_English_setter,fix_nonmask,0.0,3136.0,0.0001,vgg16-7,False,0.946420669555664,"[0, 14, 223, 223]",9408.0,141120.0,150528.0,6.25,random
180.0,onnx/vgg16-7.onnx,vnnlib/n02100735_English_setter_fix_nonmask_seg0_k1568_eps_0.0001.vnnlib,1200.0,unsat False,1.0877054929733276,0.0,551.7267363071442,587.2839798927307,0.0,n02100735_English_setter,fix_nonmask,0.0,1568.0,0.0001,vgg16-7,False,0.946420669555664,"[0, 14, 223, 223]",4704.0,145824.0,150528.0,3.125,random
181.0,onnx/vgg16-7.onnx,vnnlib/n02100877_Irish_setter_global_k50176_eps_0.0001.vnnlib,1200.0,sat True,,,,36.58643627166748,0.0,n02100877_Irish_setter,global,-1.0,50176.0,0.0001,vgg16-7,True,,,150528.0,0.0,150528.0,100.0,random
182.0,onnx/vgg16-7.onnx,vnnlib/n02100877_Irish_setter_global_k25088_eps_0.0001.vnnlib,1200.0,sat True,,,,36.013983488082886,0.0,n02100877_Irish_setter,global,-1.0,25088.0,0.0001,vgg16-7,True,,,75264.0,75264.0,150528.0,50.0,random
183.0,onnx/vgg16-7.onnx,vnnlib/n02100877_Irish_setter_global_k12544_eps_0.0001.vnnlib,1200.0,sat True,,,,36.7923047542572,0.0,n02100877_Irish_setter,global,-1.0,12544.0,0.0001,vgg16-7,True,,,37632.0,112896.0,150528.0,25.0,random
184.0,onnx/vgg16-7.onnx,vnnlib/n02100877_Irish_setter_global_k6272_eps_0.0001.vnnlib,1200.0,sat True,,,,34.89517164230347,0.0,n02100877_Irish_setter,global,-1.0,6272.0,0.0001,vgg16-7,True,,,18816.0,131712.0,150528.0,12.5,random
185.0,onnx/vgg16-7.onnx,vnnlib/n02100877_Irish_setter_global_k3136_eps_0.0001.vnnlib,1200.0,sat False,-inf,,1.7883315086364746,36.40307426452637,0.0,n02100877_Irish_setter,global,-1.0,3136.0,0.0001,vgg16-7,True,,,9408.0,141120.0,150528.0,6.25,random
186.0,onnx/vgg16-7.onnx,vnnlib/n02100877_Irish_setter_global_k1568_eps_0.0001.vnnlib,1200.0,sat False,-inf,,1.8045501708984375,36.517314195632935,0.0,n02100877_Irish_setter,global,-1.0,1568.0,0.0001,vgg16-7,True,,,4704.0,145824.0,150528.0,3.125,random
187.0,onnx/vgg16-7.onnx,vnnlib/n02100877_Irish_setter_fix_mask_seg0_k50176_eps_0.0001.vnnlib,1200.0,sat True,,,,37.89325141906738,0.0,n02100877_Irish_setter,fix_mask,0.0,50176.0,0.0001,vgg16-7,False,0.8721165060997009,"[0, 0, 223, 222]",66117.0,84411.0,150528.0,43.92338966836735,random
188.0,onnx/vgg16-7.onnx,vnnlib/n02100877_Irish_setter_fix_mask_seg0_k25088_eps_0.0001.vnnlib,1200.0,sat True,,,,35.169896602630615,0.0,n02100877_Irish_setter,fix_mask,0.0,25088.0,0.0001,vgg16-7,False,0.8721165060997009,"[0, 0, 223, 222]",66117.0,84411.0,150528.0,43.92338966836735,random
189.0,onnx/vgg16-7.onnx,vnnlib/n02100877_Irish_setter_fix_mask_seg0_k12544_eps_0.0001.vnnlib,1200.0,sat True,,,,35.37009286880493,0.0,n02100877_Irish_setter,fix_mask,0.0,12544.0,0.0001,vgg16-7,False,0.8721165060997009,"[0, 0, 223, 222]",37632.0,112896.0,150528.0,25.0,random
190.0,onnx/vgg16-7.onnx,vnnlib/n02100877_Irish_setter_fix_mask_seg0_k6272_eps_0.0001.vnnlib,1200.0,sat True,,,,35.10680675506592,0.0,n02100877_Irish_setter,fix_mask,0.0,6272.0,0.0001,vgg16-7,False,0.8721165060997009,"[0, 0, 223, 222]",18816.0,131712.0,150528.0,12.5,random
191.0,onnx/vgg16-7.onnx,vnnlib/n02100877_Irish_setter_fix_mask_seg0_k3136_eps_0.0001.vnnlib,1200.0,sat False,-inf,,1.7161273956298828,37.40808820724487,0.0,n02100877_Irish_setter,fix_mask,0.0,3136.0,0.0001,vgg16-7,False,0.8721165060997009,"[0, 0, 223, 222]",9408.0,141120.0,150528.0,6.25,random
192.0,onnx/vgg16-7.onnx,vnnlib/n02100877_Irish_setter_fix_mask_seg0_k1568_eps_0.0001.vnnlib,1200.0,sat False,-inf,,1.749067783355713,36.534852504730225,0.0,n02100877_Irish_setter,fix_mask,0.0,1568.0,0.0001,vgg16-7,False,0.8721165060997009,"[0, 0, 223, 222]",4704.0,145824.0,150528.0,3.125,random
193.0,onnx/vgg16-7.onnx,vnnlib/n02100877_Irish_setter_fix_nonmask_seg0_k50176_eps_0.0001.vnnlib,1200.0,sat True,,,,35.07177186012268,0.0,n02100877_Irish_setter,fix_nonmask,0.0,50176.0,0.0001,vgg16-7,False,0.8721165060997009,"[0, 0, 223, 222]",84411.0,66117.0,150528.0,56.07661033163265,random
194.0,onnx/vgg16-7.onnx,vnnlib/n02100877_Irish_setter_fix_nonmask_seg0_k25088_eps_0.0001.vnnlib,1200.0,sat True,,,,35.329660177230835,0.0,n02100877_Irish_setter,fix_nonmask,0.0,25088.0,0.0001,vgg16-7,False,0.8721165060997009,"[0, 0, 223, 222]",75264.0,75264.0,150528.0,50.0,random
195.0,onnx/vgg16-7.onnx,vnnlib/n02100877_Irish_setter_fix_nonmask_seg0_k12544_eps_0.0001.vnnlib,1200.0,sat True,,,,36.08223509788513,0.0,n02100877_Irish_setter,fix_nonmask,0.0,12544.0,0.0001,vgg16-7,False,0.8721165060997009,"[0, 0, 223, 222]",37632.0,112896.0,150528.0,25.0,random
196.0,onnx/vgg16-7.onnx,vnnlib/n02100877_Irish_setter_fix_nonmask_seg0_k6272_eps_0.0001.vnnlib,1200.0,sat True,,,,37.09089756011963,0.0,n02100877_Irish_setter,fix_nonmask,0.0,6272.0,0.0001,vgg16-7,False,0.8721165060997009,"[0, 0, 223, 222]",18816.0,131712.0,150528.0,12.5,random
197.0,onnx/vgg16-7.onnx,vnnlib/n02100877_Irish_setter_fix_nonmask_seg0_k3136_eps_0.0001.vnnlib,1200.0,sat False,-inf,,1.5168123245239258,36.84033226966858,0.0,n02100877_Irish_setter,fix_nonmask,0.0,3136.0,0.0001,vgg16-7,False,0.8721165060997009,"[0, 0, 223, 222]",9408.0,141120.0,150528.0,6.25,random
198.0,onnx/vgg16-7.onnx,vnnlib/n02100877_Irish_setter_fix_nonmask_seg0_k1568_eps_0.0001.vnnlib,1200.0,sat False,-inf,,1.829117774963379,37.25462913513184,0.0,n02100877_Irish_setter,fix_nonmask,0.0,1568.0,0.0001,vgg16-7,False,0.8721165060997009,"[0, 0, 223, 222]",4704.0,145824.0,150528.0,3.125,random
199.0,onnx/vgg16-7.onnx,vnnlib/n02101006_Gordon_setter_global_k50176_eps_0.0001.vnnlib,1200.0,timeout False,-0.1709797233343124,3.0,2254.747344017029,2297.643034696579,0.0,n02101006_Gordon_setter,global,-1.0,50176.0,0.0001,vgg16-7,True,,,150528.0,0.0,150528.0,100.0,random
200.0,onnx/vgg16-7.onnx,vnnlib/n02101006_Gordon_setter_global_k25088_eps_0.0001.vnnlib,1200.0,unsat False,0.2368489950895309,0.0,702.4315891265869,745.0970561504364,0.0,n02101006_Gordon_setter,global,-1.0,25088.0,0.0001,vgg16-7,True,,,75264.0,75264.0,150528.0,50.0,random
201.0,onnx/vgg16-7.onnx,vnnlib/n02101006_Gordon_setter_global_k12544_eps_0.0001.vnnlib,1200.0,unsat False,0.2598544955253601,0.0,649.7153987884521,693.2988064289093,0.0,n02101006_Gordon_setter,global,-1.0,12544.0,0.0001,vgg16-7,True,,,37632.0,112896.0,150528.0,25.0,random
202.0,onnx/vgg16-7.onnx,vnnlib/n02101006_Gordon_setter_global_k6272_eps_0.0001.vnnlib,1200.0,unsat False,0.2663589715957641,0.0,641.4243929386139,684.3733921051025,0.0,n02101006_Gordon_setter,global,-1.0,6272.0,0.0001,vgg16-7,True,,,18816.0,131712.0,150528.0,12.5,random
203.0,onnx/vgg16-7.onnx,vnnlib/n02101006_Gordon_setter_global_k3136_eps_0.0001.vnnlib,1200.0,unsat False,0.2690744996070862,0.0,600.6781041622162,635.4481828212738,0.0,n02101006_Gordon_setter,global,-1.0,3136.0,0.0001,vgg16-7,True,,,9408.0,141120.0,150528.0,6.25,random
204.0,onnx/vgg16-7.onnx,vnnlib/n02101006_Gordon_setter_global_k1568_eps_0.0001.vnnlib,1200.0,unsat False,0.2702619433403015,0.0,583.1041107177734,617.8583734035492,0.0,n02101006_Gordon_setter,global,-1.0,1568.0,0.0001,vgg16-7,True,,,4704.0,145824.0,150528.0,3.125,random
205.0,onnx/vgg16-7.onnx,vnnlib/n02101006_Gordon_setter_fix_mask_seg0_k50176_eps_0.0001.vnnlib,1200.0,unsat False,0.2658249139785766,0.0,624.951783657074,668.0070562362671,0.0,n02101006_Gordon_setter,fix_mask,0.0,50176.0,0.0001,vgg16-7,False,0.7762725949287415,"[0, 0, 223, 223]",17259.0,133269.0,150528.0,11.46564094387755,random
206.0,onnx/vgg16-7.onnx,vnnlib/n02101006_Gordon_setter_fix_mask_seg0_k25088_eps_0.0001.vnnlib,1200.0,unsat False,0.265824407339096,0.0,624.663501739502,667.4933786392212,0.0,n02101006_Gordon_setter,fix_mask,0.0,25088.0,0.0001,vgg16-7,False,0.7762725949287415,"[0, 0, 223, 223]",17259.0,133269.0,150528.0,11.46564094387755,random
207.0,onnx/vgg16-7.onnx,vnnlib/n02101006_Gordon_setter_fix_mask_seg0_k12544_eps_0.0001.vnnlib,1200.0,unsat False,0.2658244669437408,0.0,624.5606276988983,668.0878441333771,0.0,n02101006_Gordon_setter,fix_mask,0.0,12544.0,0.0001,vgg16-7,False,0.7762725949287415,"[0, 0, 223, 223]",17259.0,133269.0,150528.0,11.46564094387755,random
208.0,onnx/vgg16-7.onnx,vnnlib/n02101006_Gordon_setter_fix_mask_seg0_k6272_eps_0.0001.vnnlib,1200.0,unsat False,0.2658252120018005,0.0,624.4114842414856,667.273232460022,0.0,n02101006_Gordon_setter,fix_mask,0.0,6272.0,0.0001,vgg16-7,False,0.7762725949287415,"[0, 0, 223, 223]",17259.0,133269.0,150528.0,11.46564094387755,random
209.0,onnx/vgg16-7.onnx,vnnlib/n02101006_Gordon_setter_fix_mask_seg0_k3136_eps_0.0001.vnnlib,1200.0,unsat False,0.2686001658439636,0.0,602.173864364624,637.1328866481781,0.0,n02101006_Gordon_setter,fix_mask,0.0,3136.0,0.0001,vgg16-7,False,0.7762725949287415,"[0, 0, 223, 223]",9408.0,141120.0,150528.0,6.25,random
210.0,onnx/vgg16-7.onnx,vnnlib/n02101006_Gordon_setter_fix_mask_seg0_k1568_eps_0.0001.vnnlib,1200.0,unsat False,0.2700346708297729,0.0,568.8797295093536,603.0700318813324,0.0,n02101006_Gordon_setter,fix_mask,0.0,1568.0,0.0001,vgg16-7,False,0.7762725949287415,"[0, 0, 223, 223]",4704.0,145824.0,150528.0,3.125,random
211.0,onnx/vgg16-7.onnx,vnnlib/n02101006_Gordon_setter_fix_nonmask_seg0_k50176_eps_0.0001.vnnlib,1200.0,unsat False,0.0712375044822692,0.0,728.6880271434784,773.1546475887299,0.0,n02101006_Gordon_setter,fix_nonmask,0.0,50176.0,0.0001,vgg16-7,False,0.7762725949287415,"[0, 0, 223, 223]",133269.0,17259.0,150528.0,88.53435905612245,random
212.0,onnx/vgg16-7.onnx,vnnlib/n02101006_Gordon_setter_fix_nonmask_seg0_k25088_eps_0.0001.vnnlib,1200.0,unsat False,0.2378735393285751,0.0,689.452098608017,733.5877470970154,0.0,n02101006_Gordon_setter,fix_nonmask,0.0,25088.0,0.0001,vgg16-7,False,0.7762725949287415,"[0, 0, 223, 223]",75264.0,75264.0,150528.0,50.0,random
213.0,onnx/vgg16-7.onnx,vnnlib/n02101006_Gordon_setter_fix_nonmask_seg0_k12544_eps_0.0001.vnnlib,1200.0,unsat False,0.2601484358310699,0.0,638.710693359375,682.2462260723114,0.0,n02101006_Gordon_setter,fix_nonmask,0.0,12544.0,0.0001,vgg16-7,False,0.7762725949287415,"[0, 0, 223, 223]",37632.0,112896.0,150528.0,25.0,random
214.0,onnx/vgg16-7.onnx,vnnlib/n02101006_Gordon_setter_fix_nonmask_seg0_k6272_eps_0.0001.vnnlib,1200.0,unsat False,0.2665013074874878,0.0,627.6165668964386,671.8905036449432,0.0,n02101006_Gordon_setter,fix_nonmask,0.0,6272.0,0.0001,vgg16-7,False,0.7762725949287415,"[0, 0, 223, 223]",18816.0,131712.0,150528.0,12.5,random
215.0,onnx/vgg16-7.onnx,vnnlib/n02101006_Gordon_setter_fix_nonmask_seg0_k3136_eps_0.0001.vnnlib,1200.0,unsat False,0.2690783739089966,0.0,573.8374402523041,608.0755243301392,0.0,n02101006_Gordon_setter,fix_nonmask,0.0,3136.0,0.0001,vgg16-7,False,0.7762725949287415,"[0, 0, 223, 223]",9408.0,141120.0,150528.0,6.25,random
216.0,onnx/vgg16-7.onnx,vnnlib/n02101006_Gordon_setter_fix_nonmask_seg0_k1568_eps_0.0001.vnnlib,1200.0,unsat False,0.2702881097793579,0.0,573.7004427909851,607.8259661197662,0.0,n02101006_Gordon_setter,fix_nonmask,0.0,1568.0,0.0001,vgg16-7,False,0.7762725949287415,"[0, 0, 223, 223]",4704.0,145824.0,150528.0,3.125,random
217.0,onnx/vgg16-7.onnx,vnnlib/n02101556_clumber_global_k50176_eps_0.0001.vnnlib,1200.0,sat True,,,,34.60373616218567,0.0,n02101556_clumber,global,-1.0,50176.0,0.0001,vgg16-7,True,,,150528.0,0.0,150528.0,100.0,random
218.0,onnx/vgg16-7.onnx,vnnlib/n02101556_clumber_global_k25088_eps_0.0001.vnnlib,1200.0,sat True,,,,34.64070725440979,0.0,n02101556_clumber,global,-1.0,25088.0,0.0001,vgg16-7,True,,,75264.0,75264.0,150528.0,50.0,random
219.0,onnx/vgg16-7.onnx,vnnlib/n02101556_clumber_global_k12544_eps_0.0001.vnnlib,1200.0,sat True,,,,33.76453614234924,0.0,n02101556_clumber,global,-1.0,12544.0,0.0001,vgg16-7,True,,,37632.0,112896.0,150528.0,25.0,random
220.0,onnx/vgg16-7.onnx,vnnlib/n02101556_clumber_global_k6272_eps_0.0001.vnnlib,1200.0,sat True,,,,33.168591260910034,0.0,n02101556_clumber,global,-1.0,6272.0,0.0001,vgg16-7,True,,,18816.0,131712.0,150528.0,12.5,random
221.0,onnx/vgg16-7.onnx,vnnlib/n02101556_clumber_global_k3136_eps_0.0001.vnnlib,1200.0,sat False,-inf,,0.850283145904541,34.466614723205566,0.0,n02101556_clumber,global,-1.0,3136.0,0.0001,vgg16-7,True,,,9408.0,141120.0,150528.0,6.25,random
222.0,onnx/vgg16-7.onnx,vnnlib/n02101556_clumber_global_k1568_eps_0.0001.vnnlib,1200.0,sat False,-inf,,1.2368168830871582,35.71978306770325,0.0,n02101556_clumber,global,-1.0,1568.0,0.0001,vgg16-7,True,,,4704.0,145824.0,150528.0,3.125,random
223.0,onnx/vgg16-7.onnx,vnnlib/n02101556_clumber_fix_mask_seg0_k50176_eps_0.0001.vnnlib,1200.0,sat True,,,,33.9875750541687,0.0,n02101556_clumber,fix_mask,0.0,50176.0,0.0001,vgg16-7,False,0.9387113451957704,"[0, 1, 223, 223]",34707.0,115821.0,150528.0,23.056839923469383,random
224.0,onnx/vgg16-7.onnx,vnnlib/n02101556_clumber_fix_mask_seg0_k25088_eps_0.0001.vnnlib,1200.0,sat True,,,,32.89791917800903,0.0,n02101556_clumber,fix_mask,0.0,25088.0,0.0001,vgg16-7,False,0.9387113451957704,"[0, 1, 223, 223]",34707.0,115821.0,150528.0,23.056839923469383,random
225.0,onnx/vgg16-7.onnx,vnnlib/n02101556_clumber_fix_mask_seg0_k12544_eps_0.0001.vnnlib,1200.0,sat True,,,,33.96967148780823,0.0,n02101556_clumber,fix_mask,0.0,12544.0,0.0001,vgg16-7,False,0.9387113451957704,"[0, 1, 223, 223]",34707.0,115821.0,150528.0,23.056839923469383,random
226.0,onnx/vgg16-7.onnx,vnnlib/n02101556_clumber_fix_mask_seg0_k6272_eps_0.0001.vnnlib,1200.0,sat True,,,,35.44632291793823,0.0,n02101556_clumber,fix_mask,0.0,6272.0,0.0001,vgg16-7,False,0.9387113451957704,"[0, 1, 223, 223]",18816.0,131712.0,150528.0,12.5,random
227.0,onnx/vgg16-7.onnx,vnnlib/n02101556_clumber_fix_mask_seg0_k3136_eps_0.0001.vnnlib,1200.0,sat False,-inf,,0.8745903968811035,35.361122846603394,0.0,n02101556_clumber,fix_mask,0.0,3136.0,0.0001,vgg16-7,False,0.9387113451957704,"[0, 1, 223, 223]",9408.0,141120.0,150528.0,6.25,random
228.0,onnx/vgg16-7.onnx,vnnlib/n02101556_clumber_fix_mask_seg0_k1568_eps_0.0001.vnnlib,1200.0,sat False,-inf,,1.7451777458190918,35.40113186836243,0.0,n02101556_clumber,fix_mask,0.0,1568.0,0.0001,vgg16-7,False,0.9387113451957704,"[0, 1, 223, 223]",4704.0,145824.0,150528.0,3.125,random
229.0,onnx/vgg16-7.onnx,vnnlib/n02101556_clumber_fix_nonmask_seg0_k50176_eps_0.0001.vnnlib,1200.0,sat True,,,,37.67589616775513,0.0,n02101556_clumber,fix_nonmask,0.0,50176.0,0.0001,vgg16-7,False,0.9387113451957704,"[0, 1, 223, 223]",115821.0,34707.0,150528.0,76.94316007653062,random
230.0,onnx/vgg16-7.onnx,vnnlib/n02101556_clumber_fix_nonmask_seg0_k25088_eps_0.0001.vnnlib,1200.0,sat True,,,,36.99566483497619,0.0,n02101556_clumber,fix_nonmask,0.0,25088.0,0.0001,vgg16-7,False,0.9387113451957704,"[0, 1, 223, 223]",75264.0,75264.0,150528.0,50.0,random
231.0,onnx/vgg16-7.onnx,vnnlib/n02101556_clumber_fix_nonmask_seg0_k12544_eps_0.0001.vnnlib,1200.0,sat True,,,,35.06690549850464,0.0,n02101556_clumber,fix_nonmask,0.0,12544.0,0.0001,vgg16-7,False,0.9387113451957704,"[0, 1, 223, 223]",37632.0,112896.0,150528.0,25.0,random
232.0,onnx/vgg16-7.onnx,vnnlib/n02101556_clumber_fix_nonmask_seg0_k6272_eps_0.0001.vnnlib,1200.0,sat True,,,,33.68854308128357,0.0,n02101556_clumber,fix_nonmask,0.0,6272.0,0.0001,vgg16-7,False,0.9387113451957704,"[0, 1, 223, 223]",18816.0,131712.0,150528.0,12.5,random
233.0,onnx/vgg16-7.onnx,vnnlib/n02101556_clumber_fix_nonmask_seg0_k3136_eps_0.0001.vnnlib,1200.0,sat False,-inf,,1.4099488258361816,34.62481331825256,0.0,n02101556_clumber,fix_nonmask,0.0,3136.0,0.0001,vgg16-7,False,0.9387113451957704,"[0, 1, 223, 223]",9408.0,141120.0,150528.0,6.25,random
234.0,onnx/vgg16-7.onnx,vnnlib/n02101556_clumber_fix_nonmask_seg0_k1568_eps_0.0001.vnnlib,1200.0,sat False,-inf,,0.9876513481140136,35.65372610092163,0.0,n02101556_clumber,fix_nonmask,0.0,1568.0,0.0001,vgg16-7,False,0.9387113451957704,"[0, 1, 223, 223]",4704.0,145824.0,150528.0,3.125,random
235.0,onnx/vgg16-7.onnx,vnnlib/n02102040_English_springer_global_k50176_eps_0.0001.vnnlib,1200.0,sat True,,,,34.40863084793091,0.0,n02102040_English_springer,global,-1.0,50176.0,0.0001,vgg16-7,True,,,150528.0,0.0,150528.0,100.0,random
236.0,onnx/vgg16-7.onnx,vnnlib/n02102040_English_springer_global_k25088_eps_0.0001.vnnlib,1200.0,sat True,,,,33.35660648345947,0.0,n02102040_English_springer,global,-1.0,25088.0,0.0001,vgg16-7,True,,,75264.0,75264.0,150528.0,50.0,random
237.0,onnx/vgg16-7.onnx,vnnlib/n02102040_English_springer_global_k12544_eps_0.0001.vnnlib,1200.0,sat True,,,,35.65953302383423,0.0,n02102040_English_springer,global,-1.0,12544.0,0.0001,vgg16-7,True,,,37632.0,112896.0,150528.0,25.0,random
238.0,onnx/vgg16-7.onnx,vnnlib/n02102040_English_springer_global_k6272_eps_0.0001.vnnlib,1200.0,sat True,,,,34.056488275527954,0.0,n02102040_English_springer,global,-1.0,6272.0,0.0001,vgg16-7,True,,,18816.0,131712.0,150528.0,12.5,random
239.0,onnx/vgg16-7.onnx,vnnlib/n02102040_English_springer_global_k3136_eps_0.0001.vnnlib,1200.0,sat False,-inf,,0.8918375968933105,33.651620864868164,0.0,n02102040_English_springer,global,-1.0,3136.0,0.0001,vgg16-7,True,,,9408.0,141120.0,150528.0,6.25,random
240.0,onnx/vgg16-7.onnx,vnnlib/n02102040_English_springer_global_k1568_eps_0.0001.vnnlib,1200.0,sat False,-inf,,0.8649890422821045,33.75270485877991,0.0,n02102040_English_springer,global,-1.0,1568.0,0.0001,vgg16-7,True,,,4704.0,145824.0,150528.0,3.125,random
241.0,onnx/vgg16-7.onnx,vnnlib/n02102040_English_springer_fix_mask_seg0_k50176_eps_0.0001.vnnlib,1200.0,sat True,,,,36.49562382698059,0.0,n02102040_English_springer,fix_mask,0.0,50176.0,0.0001,vgg16-7,False,0.6774798035621643,"[0, 0, 223, 223]",84720.0,65808.0,150528.0,56.28188775510204,random
242.0,onnx/vgg16-7.onnx,vnnlib/n02102040_English_springer_fix_mask_seg0_k25088_eps_0.0001.vnnlib,1200.0,sat True,,,,34.74262619018555,0.0,n02102040_English_springer,fix_mask,0.0,25088.0,0.0001,vgg16-7,False,0.6774798035621643,"[0, 0, 223, 223]",75264.0,75264.0,150528.0,50.0,random
243.0,onnx/vgg16-7.onnx,vnnlib/n02102040_English_springer_fix_mask_seg0_k12544_eps_0.0001.vnnlib,1200.0,sat True,,,,33.44926953315735,0.0,n02102040_English_springer,fix_mask,0.0,12544.0,0.0001,vgg16-7,False,0.6774798035621643,"[0, 0, 223, 223]",37632.0,112896.0,150528.0,25.0,random
244.0,onnx/vgg16-7.onnx,vnnlib/n02102040_English_springer_fix_mask_seg0_k6272_eps_0.0001.vnnlib,1200.0,sat True,,,,32.88518691062927,0.0,n02102040_English_springer,fix_mask,0.0,6272.0,0.0001,vgg16-7,False,0.6774798035621643,"[0, 0, 223, 223]",18816.0,131712.0,150528.0,12.5,random
245.0,onnx/vgg16-7.onnx,vnnlib/n02102040_English_springer_fix_mask_seg0_k3136_eps_0.0001.vnnlib,1200.0,sat False,-inf,,0.9016647338867188,35.17406606674194,0.0,n02102040_English_springer,fix_mask,0.0,3136.0,0.0001,vgg16-7,False,0.6774798035621643,"[0, 0, 223, 223]",9408.0,141120.0,150528.0,6.25,random
246.0,onnx/vgg16-7.onnx,vnnlib/n02102040_English_springer_fix_mask_seg0_k1568_eps_0.0001.vnnlib,1200.0,sat False,-inf,,0.9492769241333008,34.65788269042969,0.0,n02102040_English_springer,fix_mask,0.0,1568.0,0.0001,vgg16-7,False,0.6774798035621643,"[0, 0, 223, 223]",4704.0,145824.0,150528.0,3.125,random
247.0,onnx/vgg16-7.onnx,vnnlib/n02102040_English_springer_fix_nonmask_seg0_k50176_eps_0.0001.vnnlib,1200.0,sat True,,,,35.50915312767029,0.0,n02102040_English_springer,fix_nonmask,0.0,50176.0,0.0001,vgg16-7,False,0.6774798035621643,"[0, 0, 223, 223]",65808.0,84720.0,150528.0,43.71811224489796,random
248.0,onnx/vgg16-7.onnx,vnnlib/n02102040_English_springer_fix_nonmask_seg0_k25088_eps_0.0001.vnnlib,1200.0,sat True,,,,36.607563495635986,0.0,n02102040_English_springer,fix_nonmask,0.0,25088.0,0.0001,vgg16-7,False,0.6774798035621643,"[0, 0, 223, 223]",65808.0,84720.0,150528.0,43.71811224489796,random
249.0,onnx/vgg16-7.onnx,vnnlib/n02102040_English_springer_fix_nonmask_seg0_k12544_eps_0.0001.vnnlib,1200.0,sat True,,,,35.077038526535034,0.0,n02102040_English_springer,fix_nonmask,0.0,12544.0,0.0001,vgg16-7,False,0.6774798035621643,"[0, 0, 223, 223]",37632.0,112896.0,150528.0,25.0,random
250.0,onnx/vgg16-7.onnx,vnnlib/n02102040_English_springer_fix_nonmask_seg0_k6272_eps_0.0001.vnnlib,1200.0,sat True,,,,32.34107995033264,0.0,n02102040_English_springer,fix_nonmask,0.0,6272.0,0.0001,vgg16-7,False,0.6774798035621643,"[0, 0, 223, 223]",18816.0,131712.0,150528.0,12.5,random
251.0,onnx/vgg16-7.onnx,vnnlib/n02102040_English_springer_fix_nonmask_seg0_k3136_eps_0.0001.vnnlib,1200.0,sat False,-inf,,1.198690414428711,35.60820555686951,0.0,n02102040_English_springer,fix_nonmask,0.0,3136.0,0.0001,vgg16-7,False,0.6774798035621643,"[0, 0, 223, 223]",9408.0,141120.0,150528.0,6.25,random
252.0,onnx/vgg16-7.onnx,vnnlib/n02102040_English_springer_fix_nonmask_seg0_k1568_eps_0.0001.vnnlib,1200.0,sat False,-inf,,0.897219181060791,34.984880208969116,0.0,n02102040_English_springer,fix_nonmask,0.0,1568.0,0.0001,vgg16-7,False,0.6774798035621643,"[0, 0, 223, 223]",4704.0,145824.0,150528.0,3.125,random
253.0,onnx/vgg16-7.onnx,vnnlib/n02102177_Welsh_springer_spaniel_global_k50176_eps_0.0001.vnnlib,1200.0,sat True,,,,33.704171657562256,0.0,n02102177_Welsh_springer_spaniel,global,-1.0,50176.0,0.0001,vgg16-7,True,,,150528.0,0.0,150528.0,100.0,random
254.0,onnx/vgg16-7.onnx,vnnlib/n02102177_Welsh_springer_spaniel_global_k25088_eps_0.0001.vnnlib,1200.0,sat True,,,,36.217397928237915,0.0,n02102177_Welsh_springer_spaniel,global,-1.0,25088.0,0.0001,vgg16-7,True,,,75264.0,75264.0,150528.0,50.0,random
255.0,onnx/vgg16-7.onnx,vnnlib/n02102177_Welsh_springer_spaniel_global_k12544_eps_0.0001.vnnlib,1200.0,sat True,,,,38.39924073219299,0.0,n02102177_Welsh_springer_spaniel,global,-1.0,12544.0,0.0001,vgg16-7,True,,,37632.0,112896.0,150528.0,25.0,random
256.0,onnx/vgg16-7.onnx,vnnlib/n02102177_Welsh_springer_spaniel_global_k6272_eps_0.0001.vnnlib,1200.0,sat True,,,,34.10939264297485,0.0,n02102177_Welsh_springer_spaniel,global,-1.0,6272.0,0.0001,vgg16-7,True,,,18816.0,131712.0,150528.0,12.5,random
257.0,onnx/vgg16-7.onnx,vnnlib/n02102177_Welsh_springer_spaniel_global_k3136_eps_0.0001.vnnlib,1200.0,sat False,-inf,,1.2650651931762695,35.20421528816223,0.0,n02102177_Welsh_springer_spaniel,global,-1.0,3136.0,0.0001,vgg16-7,True,,,9408.0,141120.0,150528.0,6.25,random
258.0,onnx/vgg16-7.onnx,vnnlib/n02102177_Welsh_springer_spaniel_global_k1568_eps_0.0001.vnnlib,1200.0,sat False,-inf,,1.7617793083190918,36.15974569320679,0.0,n02102177_Welsh_springer_spaniel,global,-1.0,1568.0,0.0001,vgg16-7,True,,,4704.0,145824.0,150528.0,3.125,random
259.0,onnx/vgg16-7.onnx,vnnlib/n02102177_Welsh_springer_spaniel_fix_mask_seg0_k50176_eps_0.0001.vnnlib,1200.0,sat True,,,,34.97405982017517,0.0,n02102177_Welsh_springer_spaniel,fix_mask,0.0,50176.0,0.0001,vgg16-7,False,0.9101619720458984,"[0, 0, 223, 223]",19620.0,130908.0,150528.0,13.034119897959185,random
260.0,onnx/vgg16-7.onnx,vnnlib/n02102177_Welsh_springer_spaniel_fix_mask_seg0_k25088_eps_0.0001.vnnlib,1200.0,sat True,,,,36.10990571975708,0.0,n02102177_Welsh_springer_spaniel,fix_mask,0.0,25088.0,0.0001,vgg16-7,False,0.9101619720458984,"[0, 0, 223, 223]",19620.0,130908.0,150528.0,13.034119897959185,random
261.0,onnx/vgg16-7.onnx,vnnlib/n02102177_Welsh_springer_spaniel_fix_mask_seg0_k12544_eps_0.0001.vnnlib,1200.0,sat True,,,,34.58825373649597,0.0,n02102177_Welsh_springer_spaniel,fix_mask,0.0,12544.0,0.0001,vgg16-7,False,0.9101619720458984,"[0, 0, 223, 223]",19620.0,130908.0,150528.0,13.034119897959185,random
262.0,onnx/vgg16-7.onnx,vnnlib/n02102177_Welsh_springer_spaniel_fix_mask_seg0_k6272_eps_0.0001.vnnlib,1200.0,sat True,,,,36.41785669326782,0.0,n02102177_Welsh_springer_spaniel,fix_mask,0.0,6272.0,0.0001,vgg16-7,False,0.9101619720458984,"[0, 0, 223, 223]",18816.0,131712.0,150528.0,12.5,random
263.0,onnx/vgg16-7.onnx,vnnlib/n02102177_Welsh_springer_spaniel_fix_mask_seg0_k3136_eps_0.0001.vnnlib,1200.0,sat False,-inf,,1.8640031814575195,36.852214336395264,0.0,n02102177_Welsh_springer_spaniel,fix_mask,0.0,3136.0,0.0001,vgg16-7,False,0.9101619720458984,"[0, 0, 223, 223]",9408.0,141120.0,150528.0,6.25,random
264.0,onnx/vgg16-7.onnx,vnnlib/n02102177_Welsh_springer_spaniel_fix_mask_seg0_k1568_eps_0.0001.vnnlib,1200.0,sat False,-inf,,1.8433914184570312,36.99734091758728,0.0,n02102177_Welsh_springer_spaniel,fix_mask,0.0,1568.0,0.0001,vgg16-7,False,0.9101619720458984,"[0, 0, 223, 223]",4704.0,145824.0,150528.0,3.125,random
265.0,onnx/vgg16-7.onnx,vnnlib/n02102177_Welsh_springer_spaniel_fix_nonmask_seg0_k50176_eps_0.0001.vnnlib,1200.0,sat True,,,,35.67700171470642,0.0,n02102177_Welsh_springer_spaniel,fix_nonmask,0.0,50176.0,0.0001,vgg16-7,False,0.9101619720458984,"[0, 0, 223, 223]",130908.0,19620.0,150528.0,86.96588010204081,random
266.0,onnx/vgg16-7.onnx,vnnlib/n02102177_Welsh_springer_spaniel_fix_nonmask_seg0_k25088_eps_0.0001.vnnlib,1200.0,sat True,,,,34.641462564468384,0.0,n02102177_Welsh_springer_spaniel,fix_nonmask,0.0,25088.0,0.0001,vgg16-7,False,0.9101619720458984,"[0, 0, 223, 223]",75264.0,75264.0,150528.0,50.0,random
267.0,onnx/vgg16-7.onnx,vnnlib/n02102177_Welsh_springer_spaniel_fix_nonmask_seg0_k12544_eps_0.0001.vnnlib,1200.0,sat True,,,,34.5563018321991,0.0,n02102177_Welsh_springer_spaniel,fix_nonmask,0.0,12544.0,0.0001,vgg16-7,False,0.9101619720458984,"[0, 0, 223, 223]",37632.0,112896.0,150528.0,25.0,random
268.0,onnx/vgg16-7.onnx,vnnlib/n02102177_Welsh_springer_spaniel_fix_nonmask_seg0_k6272_eps_0.0001.vnnlib,1200.0,sat True,,,,36.02388310432434,0.0,n02102177_Welsh_springer_spaniel,fix_nonmask,0.0,6272.0,0.0001,vgg16-7,False,0.9101619720458984,"[0, 0, 223, 223]",18816.0,131712.0,150528.0,12.5,random
269.0,onnx/vgg16-7.onnx,vnnlib/n02102177_Welsh_springer_spaniel_fix_nonmask_seg0_k3136_eps_0.0001.vnnlib,1200.0,sat False,-inf,,1.6912367343902588,35.82894539833069,0.0,n02102177_Welsh_springer_spaniel,fix_nonmask,0.0,3136.0,0.0001,vgg16-7,False,0.9101619720458984,"[0, 0, 223, 223]",9408.0,141120.0,150528.0,6.25,random
270.0,onnx/vgg16-7.onnx,vnnlib/n02102177_Welsh_springer_spaniel_fix_nonmask_seg0_k1568_eps_0.0001.vnnlib,1200.0,sat False,-inf,,0.8702316284179688,33.108516454696655,0.0,n02102177_Welsh_springer_spaniel,fix_nonmask,0.0,1568.0,0.0001,vgg16-7,False,0.9101619720458984,"[0, 0, 223, 223]",4704.0,145824.0,150528.0,3.125,random
271.0,onnx/vgg16-7.onnx,vnnlib/n02102318_cocker_spaniel_global_k50176_eps_0.0001.vnnlib,1200.0,timeout False,-535.1027221679688,3.0,2957.47585272789,3000.756680727005,0.0,n02102318_cocker_spaniel,global,-1.0,50176.0,0.0001,vgg16-7,True,,,150528.0,0.0,150528.0,100.0,random
272.0,onnx/vgg16-7.onnx,vnnlib/n02102318_cocker_spaniel_global_k25088_eps_0.0001.vnnlib,1200.0,unsat False,0.1219834685325622,0.0,733.4925162792206,776.2123486995697,0.0,n02102318_cocker_spaniel,global,-1.0,25088.0,0.0001,vgg16-7,True,,,75264.0,75264.0,150528.0,50.0,random
273.0,onnx/vgg16-7.onnx,vnnlib/n02102318_cocker_spaniel_global_k12544_eps_0.0001.vnnlib,1200.0,unsat False,0.2201027274131775,0.0,645.7317295074463,688.0735700130463,0.0,n02102318_cocker_spaniel,global,-1.0,12544.0,0.0001,vgg16-7,True,,,37632.0,112896.0,150528.0,25.0,random
274.0,onnx/vgg16-7.onnx,vnnlib/n02102318_cocker_spaniel_global_k6272_eps_0.0001.vnnlib,1200.0,unsat False,0.2322907745838165,0.0,625.1726562976837,669.6828856468201,0.0,n02102318_cocker_spaniel,global,-1.0,6272.0,0.0001,vgg16-7,True,,,18816.0,131712.0,150528.0,12.5,random
275.0,onnx/vgg16-7.onnx,vnnlib/n02102318_cocker_spaniel_global_k3136_eps_0.0001.vnnlib,1200.0,unsat False,0.2361078262329101,0.0,619.199963092804,656.2426147460938,0.0,n02102318_cocker_spaniel,global,-1.0,3136.0,0.0001,vgg16-7,True,,,9408.0,141120.0,150528.0,6.25,random
276.0,onnx/vgg16-7.onnx,vnnlib/n02102318_cocker_spaniel_global_k1568_eps_0.0001.vnnlib,1200.0,unsat False,0.2377113103866577,0.0,575.644951581955,611.9612946510315,0.0,n02102318_cocker_spaniel,global,-1.0,1568.0,0.0001,vgg16-7,True,,,4704.0,145824.0,150528.0,3.125,random
277.0,onnx/vgg16-7.onnx,vnnlib/n02102318_cocker_spaniel_fix_mask_seg0_k50176_eps_0.0001.vnnlib,1200.0,unsat False,0.2125448584556579,0.0,676.9873695373535,722.0508658885956,0.0,n02102318_cocker_spaniel,fix_mask,0.0,50176.0,0.0001,vgg16-7,False,0.8447151780128479,"[0, 0, 223, 223]",43026.0,107502.0,150528.0,28.583386479591837,random
278.0,onnx/vgg16-7.onnx,vnnlib/n02102318_cocker_spaniel_fix_mask_seg0_k25088_eps_0.0001.vnnlib,1200.0,unsat False,0.2125448286533355,0.0,677.4489374160767,721.2320239543915,0.0,n02102318_cocker_spaniel,fix_mask,0.0,25088.0,0.0001,vgg16-7,False,0.8447151780128479,"[0, 0, 223, 223]",43026.0,107502.0,150528.0,28.583386479591837,random
279.0,onnx/vgg16-7.onnx,vnnlib/n02102318_cocker_spaniel_fix_mask_seg0_k12544_eps_0.0001.vnnlib,1200.0,unsat False,0.2192578017711639,0.0,655.4387593269348,697.7403199672699,0.0,n02102318_cocker_spaniel,fix_mask,0.0,12544.0,0.0001,vgg16-7,False,0.8447151780128479,"[0, 0, 223, 223]",37632.0,112896.0,150528.0,25.0,random
280.0,onnx/vgg16-7.onnx,vnnlib/n02102318_cocker_spaniel_fix_mask_seg0_k6272_eps_0.0001.vnnlib,1200.0,unsat False,0.2325715124607086,0.0,618.2406504154205,663.2829024791718,0.0,n02102318_cocker_spaniel,fix_mask,0.0,6272.0,0.0001,vgg16-7,False,0.8447151780128479,"[0, 0, 223, 223]",18816.0,131712.0,150528.0,12.5,random
281.0,onnx/vgg16-7.onnx,vnnlib/n02102318_cocker_spaniel_fix_mask_seg0_k3136_eps_0.0001.vnnlib,1200.0,unsat False,0.2362618148326873,0.0,613.9995903968811,652.6539311408997,0.0,n02102318_cocker_spaniel,fix_mask,0.0,3136.0,0.0001,vgg16-7,False,0.8447151780128479,"[0, 0, 223, 223]",9408.0,141120.0,150528.0,6.25,random
282.0,onnx/vgg16-7.onnx,vnnlib/n02102318_cocker_spaniel_fix_mask_seg0_k1568_eps_0.0001.vnnlib,1200.0,unsat False,0.2377447783946991,0.0,590.4273951053619,625.2434232234955,0.0,n02102318_cocker_spaniel,fix_mask,0.0,1568.0,0.0001,vgg16-7,False,0.8447151780128479,"[0, 0, 223, 223]",4704.0,145824.0,150528.0,3.125,random
283.0,onnx/vgg16-7.onnx,vnnlib/n02102318_cocker_spaniel_fix_nonmask_seg0_k50176_eps_0.0001.vnnlib,1200.0,timeout False,-2.8724260330200195,3.0,2352.81267952919,2398.2849118709564,0.0,n02102318_cocker_spaniel,fix_nonmask,0.0,50176.0,0.0001,vgg16-7,False,0.8447151780128479,"[0, 0, 223, 223]",107502.0,43026.0,150528.0,71.41661352040816,random
284.0,onnx/vgg16-7.onnx,vnnlib/n02102318_cocker_spaniel_fix_nonmask_seg0_k25088_eps_0.0001.vnnlib,1200.0,unsat False,0.092799961566925,0.0,721.4096398353577,767.5305044651031,0.0,n02102318_cocker_spaniel,fix_nonmask,0.0,25088.0,0.0001,vgg16-7,False,0.8447151780128479,"[0, 0, 223, 223]",75264.0,75264.0,150528.0,50.0,random
285.0,onnx/vgg16-7.onnx,vnnlib/n02102318_cocker_spaniel_fix_nonmask_seg0_k12544_eps_0.0001.vnnlib,1200.0,unsat False,0.2185584604740142,0.0,660.5382816791534,706.0654139518738,0.0,n02102318_cocker_spaniel,fix_nonmask,0.0,12544.0,0.0001,vgg16-7,False,0.8447151780128479,"[0, 0, 223, 223]",37632.0,112896.0,150528.0,25.0,random
286.0,onnx/vgg16-7.onnx,vnnlib/n02102318_cocker_spaniel_fix_nonmask_seg0_k6272_eps_0.0001.vnnlib,1200.0,unsat False,0.2318294644355774,0.0,628.965164899826,672.9798333644867,0.0,n02102318_cocker_spaniel,fix_nonmask,0.0,6272.0,0.0001,vgg16-7,False,0.8447151780128479,"[0, 0, 223, 223]",18816.0,131712.0,150528.0,12.5,random
287.0,onnx/vgg16-7.onnx,vnnlib/n02102318_cocker_spaniel_fix_nonmask_seg0_k3136_eps_0.0001.vnnlib,1200.0,unsat False,0.2359558939933776,0.0,614.9563310146332,651.8132798671722,0.0,n02102318_cocker_spaniel,fix_nonmask,0.0,3136.0,0.0001,vgg16-7,False,0.8447151780128479,"[0, 0, 223, 223]",9408.0,141120.0,150528.0,6.25,random
288.0,onnx/vgg16-7.onnx,vnnlib/n02102318_cocker_spaniel_fix_nonmask_seg0_k1568_eps_0.0001.vnnlib,1200.0,unsat False,0.2375918924808502,0.0,583.0170073509216,617.1822919845581,0.0,n02102318_cocker_spaniel,fix_nonmask,0.0,1568.0,0.0001,vgg16-7,False,0.8447151780128479,"[0, 0, 223, 223]",4704.0,145824.0,150528.0,3.125,random
289.0,onnx/vgg16-7.onnx,vnnlib/n02102480_Sussex_spaniel_global_k50176_eps_0.0001.vnnlib,1200.0,sat True,,,,34.62087941169739,0.0,n02102480_Sussex_spaniel,global,-1.0,50176.0,0.0001,vgg16-7,True,,,150528.0,0.0,150528.0,100.0,random
290.0,onnx/vgg16-7.onnx,vnnlib/n02102480_Sussex_spaniel_global_k25088_eps_0.0001.vnnlib,1200.0,sat True,,,,37.60403275489807,0.0,n02102480_Sussex_spaniel,global,-1.0,25088.0,0.0001,vgg16-7,True,,,75264.0,75264.0,150528.0,50.0,random
291.0,onnx/vgg16-7.onnx,vnnlib/n02102480_Sussex_spaniel_global_k12544_eps_0.0001.vnnlib,1200.0,sat True,,,,36.149781703948975,0.0,n02102480_Sussex_spaniel,global,-1.0,12544.0,0.0001,vgg16-7,True,,,37632.0,112896.0,150528.0,25.0,random
292.0,onnx/vgg16-7.onnx,vnnlib/n02102480_Sussex_spaniel_global_k6272_eps_0.0001.vnnlib,1200.0,sat True,,,,35.37770652770996,0.0,n02102480_Sussex_spaniel,global,-1.0,6272.0,0.0001,vgg16-7,True,,,18816.0,131712.0,150528.0,12.5,random
293.0,onnx/vgg16-7.onnx,vnnlib/n02102480_Sussex_spaniel_global_k3136_eps_0.0001.vnnlib,1200.0,sat False,-inf,,1.7851459980010986,37.00884938240051,0.0,n02102480_Sussex_spaniel,global,-1.0,3136.0,0.0001,vgg16-7,True,,,9408.0,141120.0,150528.0,6.25,random
294.0,onnx/vgg16-7.onnx,vnnlib/n02102480_Sussex_spaniel_global_k1568_eps_0.0001.vnnlib,1200.0,sat False,-inf,,1.0139732360839844,35.45037484169006,0.0,n02102480_Sussex_spaniel,global,-1.0,1568.0,0.0001,vgg16-7,True,,,4704.0,145824.0,150528.0,3.125,random
295.0,onnx/vgg16-7.onnx,vnnlib/n02102480_Sussex_spaniel_fix_mask_seg0_k50176_eps_0.0001.vnnlib,1200.0,sat True,,,,34.8844211101532,0.0,n02102480_Sussex_spaniel,fix_mask,0.0,50176.0,0.0001,vgg16-7,False,0.8776153326034546,"[0, 0, 223, 219]",60786.0,89742.0,150528.0,40.381855867346935,random
296.0,onnx/vgg16-7.onnx,vnnlib/n02102480_Sussex_spaniel_fix_mask_seg0_k25088_eps_0.0001.vnnlib,1200.0,sat True,,,,36.56055545806885,0.0,n02102480_Sussex_spaniel,fix_mask,0.0,25088.0,0.0001,vgg16-7,False,0.8776153326034546,"[0, 0, 223, 219]",60786.0,89742.0,150528.0,40.381855867346935,random
297.0,onnx/vgg16-7.onnx,vnnlib/n02102480_Sussex_spaniel_fix_mask_seg0_k12544_eps_0.0001.vnnlib,1200.0,sat True,,,,37.34838104248047,0.0,n02102480_Sussex_spaniel,fix_mask,0.0,12544.0,0.0001,vgg16-7,False,0.8776153326034546,"[0, 0, 223, 219]",37632.0,112896.0,150528.0,25.0,random
298.0,onnx/vgg16-7.onnx,vnnlib/n02102480_Sussex_spaniel_fix_mask_seg0_k6272_eps_0.0001.vnnlib,1200.0,sat True,,,,36.29954981803894,0.0,n02102480_Sussex_spaniel,fix_mask,0.0,6272.0,0.0001,vgg16-7,False,0.8776153326034546,"[0, 0, 223, 219]",18816.0,131712.0,150528.0,12.5,random
299.0,onnx/vgg16-7.onnx,vnnlib/n02102480_Sussex_spaniel_fix_mask_seg0_k3136_eps_0.0001.vnnlib,1200.0,sat False,-inf,,1.775808811187744,36.63299369812012,0.0,n02102480_Sussex_spaniel,fix_mask,0.0,3136.0,0.0001,vgg16-7,False,0.8776153326034546,"[0, 0, 223, 219]",9408.0,141120.0,150528.0,6.25,random
300.0,onnx/vgg16-7.onnx,vnnlib/n02102480_Sussex_spaniel_fix_mask_seg0_k1568_eps_0.0001.vnnlib,1200.0,sat False,-inf,,0.8958137035369873,37.51433515548706,0.0,n02102480_Sussex_spaniel,fix_mask,0.0,1568.0,0.0001,vgg16-7,False,0.8776153326034546,"[0, 0, 223, 219]",4704.0,145824.0,150528.0,3.125,random
301.0,onnx/vgg16-7.onnx,vnnlib/n02102480_Sussex_spaniel_fix_nonmask_seg0_k50176_eps_0.0001.vnnlib,1200.0,sat True,,,,37.12837886810303,0.0,n02102480_Sussex_spaniel,fix_nonmask,0.0,50176.0,0.0001,vgg16-7,False,0.8776153326034546,"[0, 0, 223, 219]",89742.0,60786.0,150528.0,59.618144132653065,random
302.0,onnx/vgg16-7.onnx,vnnlib/n02102480_Sussex_spaniel_fix_nonmask_seg0_k25088_eps_0.0001.vnnlib,1200.0,sat True,,,,36.4892418384552,0.0,n02102480_Sussex_spaniel,fix_nonmask,0.0,25088.0,0.0001,vgg16-7,False,0.8776153326034546,"[0, 0, 223, 219]",75264.0,75264.0,150528.0,50.0,random
303.0,onnx/vgg16-7.onnx,vnnlib/n02102480_Sussex_spaniel_fix_nonmask_seg0_k12544_eps_0.0001.vnnlib,1200.0,sat True,,,,35.488901138305664,0.0,n02102480_Sussex_spaniel,fix_nonmask,0.0,12544.0,0.0001,vgg16-7,False,0.8776153326034546,"[0, 0, 223, 219]",37632.0,112896.0,150528.0,25.0,random
304.0,onnx/vgg16-7.onnx,vnnlib/n02102480_Sussex_spaniel_fix_nonmask_seg0_k6272_eps_0.0001.vnnlib,1200.0,sat True,,,,34.95346212387085,0.0,n02102480_Sussex_spaniel,fix_nonmask,0.0,6272.0,0.0001,vgg16-7,False,0.8776153326034546,"[0, 0, 223, 219]",18816.0,131712.0,150528.0,12.5,random
305.0,onnx/vgg16-7.onnx,vnnlib/n02102480_Sussex_spaniel_fix_nonmask_seg0_k3136_eps_0.0001.vnnlib,1200.0,sat False,-inf,,1.705413818359375,38.440162658691406,0.0,n02102480_Sussex_spaniel,fix_nonmask,0.0,3136.0,0.0001,vgg16-7,False,0.8776153326034546,"[0, 0, 223, 219]",9408.0,141120.0,150528.0,6.25,random
306.0,onnx/vgg16-7.onnx,vnnlib/n02102480_Sussex_spaniel_fix_nonmask_seg0_k1568_eps_0.0001.vnnlib,1200.0,sat False,-inf,,1.7419166564941406,36.35552787780762,0.0,n02102480_Sussex_spaniel,fix_nonmask,0.0,1568.0,0.0001,vgg16-7,False,0.8776153326034546,"[0, 0, 223, 219]",4704.0,145824.0,150528.0,3.125,random
307.0,onnx/vgg16-7.onnx,vnnlib/n02102973_Irish_water_spaniel_global_k50176_eps_0.0001.vnnlib,1200.0,timeout False,-0.2779428660869598,3.0,2202.953714609146,2247.4819881916046,0.0,n02102973_Irish_water_spaniel,global,-1.0,50176.0,0.0001,vgg16-7,True,,,150528.0,0.0,150528.0,100.0,random
308.0,onnx/vgg16-7.onnx,vnnlib/n02102973_Irish_water_spaniel_global_k25088_eps_0.0001.vnnlib,1200.0,unsat False,0.1419626623392105,0.0,680.0275585651398,724.9265170097351,0.0,n02102973_Irish_water_spaniel,global,-1.0,25088.0,0.0001,vgg16-7,True,,,75264.0,75264.0,150528.0,50.0,random
309.0,onnx/vgg16-7.onnx,vnnlib/n02102973_Irish_water_spaniel_global_k12544_eps_0.0001.vnnlib,1200.0,unsat False,0.1602913737297058,0.0,610.170086145401,654.4092211723328,0.0,n02102973_Irish_water_spaniel,global,-1.0,12544.0,0.0001,vgg16-7,True,,,37632.0,112896.0,150528.0,25.0,random
310.0,onnx/vgg16-7.onnx,vnnlib/n02102973_Irish_water_spaniel_global_k6272_eps_0.0001.vnnlib,1200.0,unsat False,0.1654682457447052,0.0,564.5913007259369,607.2279467582703,0.0,n02102973_Irish_water_spaniel,global,-1.0,6272.0,0.0001,vgg16-7,True,,,18816.0,131712.0,150528.0,12.5,random
311.0,onnx/vgg16-7.onnx,vnnlib/n02102973_Irish_water_spaniel_global_k3136_eps_0.0001.vnnlib,1200.0,unsat False,0.1675482541322708,0.0,539.8674328327179,576.2483143806458,0.0,n02102973_Irish_water_spaniel,global,-1.0,3136.0,0.0001,vgg16-7,True,,,9408.0,141120.0,150528.0,6.25,random
312.0,onnx/vgg16-7.onnx,vnnlib/n02102973_Irish_water_spaniel_global_k1568_eps_0.0001.vnnlib,1200.0,unsat False,0.1684580147266388,0.0,535.6081516742706,571.8911275863647,0.0,n02102973_Irish_water_spaniel,global,-1.0,1568.0,0.0001,vgg16-7,True,,,4704.0,145824.0,150528.0,3.125,random
313.0,onnx/vgg16-7.onnx,vnnlib/n02102973_Irish_water_spaniel_fix_mask_seg0_k50176_eps_0.0001.vnnlib,1200.0,unsat False,0.1631521433591842,0.0,586.1302163600922,629.154620885849,0.0,n02102973_Irish_water_spaniel,fix_mask,0.0,50176.0,0.0001,vgg16-7,False,0.8743118047714233,"[0, 0, 223, 223]",27033.0,123495.0,150528.0,17.958785076530614,random
314.0,onnx/vgg16-7.onnx,vnnlib/n02102973_Irish_water_spaniel_fix_mask_seg0_k25088_eps_0.0001.vnnlib,1200.0,unsat False,0.1631525605916977,0.0,585.4865951538086,628.4653117656708,0.0,n02102973_Irish_water_spaniel,fix_mask,0.0,25088.0,0.0001,vgg16-7,False,0.8743118047714233,"[0, 0, 223, 223]",27033.0,123495.0,150528.0,17.958785076530614,random
315.0,onnx/vgg16-7.onnx,vnnlib/n02102973_Irish_water_spaniel_fix_mask_seg0_k12544_eps_0.0001.vnnlib,1200.0,unsat False,0.1631524115800857,0.0,585.5997560024261,630.738205909729,0.0,n02102973_Irish_water_spaniel,fix_mask,0.0,12544.0,0.0001,vgg16-7,False,0.8743118047714233,"[0, 0, 223, 223]",27033.0,123495.0,150528.0,17.958785076530614,random
316.0,onnx/vgg16-7.onnx,vnnlib/n02102973_Irish_water_spaniel_fix_mask_seg0_k6272_eps_0.0001.vnnlib,1200.0,unsat False,0.165404587984085,0.0,568.0095171928406,610.1621308326721,0.0,n02102973_Irish_water_spaniel,fix_mask,0.0,6272.0,0.0001,vgg16-7,False,0.8743118047714233,"[0, 0, 223, 223]",18816.0,131712.0,150528.0,12.5,random
317.0,onnx/vgg16-7.onnx,vnnlib/n02102973_Irish_water_spaniel_fix_mask_seg0_k3136_eps_0.0001.vnnlib,1200.0,unsat False,0.1674576252698898,0.0,557.1008293628693,593.1796021461487,0.0,n02102973_Irish_water_spaniel,fix_mask,0.0,3136.0,0.0001,vgg16-7,False,0.8743118047714233,"[0, 0, 223, 223]",9408.0,141120.0,150528.0,6.25,random
318.0,onnx/vgg16-7.onnx,vnnlib/n02102973_Irish_water_spaniel_fix_mask_seg0_k1568_eps_0.0001.vnnlib,1200.0,unsat False,0.1684468984603881,0.0,549.7955853939056,586.2625615596771,0.0,n02102973_Irish_water_spaniel,fix_mask,0.0,1568.0,0.0001,vgg16-7,False,0.8743118047714233,"[0, 0, 223, 223]",4704.0,145824.0,150528.0,3.125,random
319.0,onnx/vgg16-7.onnx,vnnlib/n02102973_Irish_water_spaniel_fix_nonmask_seg0_k50176_eps_0.0001.vnnlib,1200.0,unsat False,0.0558990389108657,0.0,702.914710521698,745.5263104438782,0.0,n02102973_Irish_water_spaniel,fix_nonmask,0.0,50176.0,0.0001,vgg16-7,False,0.8743118047714233,"[0, 0, 223, 223]",123495.0,27033.0,150528.0,82.04121492346938,random
320.0,onnx/vgg16-7.onnx,vnnlib/n02102973_Irish_water_spaniel_fix_nonmask_seg0_k25088_eps_0.0001.vnnlib,1200.0,unsat False,0.1428965181112289,0.0,683.3492667675018,730.2757797241211,0.0,n02102973_Irish_water_spaniel,fix_nonmask,0.0,25088.0,0.0001,vgg16-7,False,0.8743118047714233,"[0, 0, 223, 223]",75264.0,75264.0,150528.0,50.0,random
321.0,onnx/vgg16-7.onnx,vnnlib/n02102973_Irish_water_spaniel_fix_nonmask_seg0_k12544_eps_0.0001.vnnlib,1200.0,unsat False,0.1604055762290954,0.0,609.7627258300781,654.7393798828125,0.0,n02102973_Irish_water_spaniel,fix_nonmask,0.0,12544.0,0.0001,vgg16-7,False,0.8743118047714233,"[0, 0, 223, 223]",37632.0,112896.0,150528.0,25.0,random
322.0,onnx/vgg16-7.onnx,vnnlib/n02102973_Irish_water_spaniel_fix_nonmask_seg0_k6272_eps_0.0001.vnnlib,1200.0,unsat False,0.1655430793762207,0.0,573.0030379295349,617.4763219356537,0.0,n02102973_Irish_water_spaniel,fix_nonmask,0.0,6272.0,0.0001,vgg16-7,False,0.8743118047714233,"[0, 0, 223, 223]",18816.0,131712.0,150528.0,12.5,random
323.0,onnx/vgg16-7.onnx,vnnlib/n02102973_Irish_water_spaniel_fix_nonmask_seg0_k3136_eps_0.0001.vnnlib,1200.0,unsat False,0.1675713062286377,0.0,532.2462406158447,568.8460228443146,0.0,n02102973_Irish_water_spaniel,fix_nonmask,0.0,3136.0,0.0001,vgg16-7,False,0.8743118047714233,"[0, 0, 223, 223]",9408.0,141120.0,150528.0,6.25,random
324.0,onnx/vgg16-7.onnx,vnnlib/n02102973_Irish_water_spaniel_fix_nonmask_seg0_k1568_eps_0.0001.vnnlib,1200.0,unsat False,0.1684653162956237,0.0,541.1553964614868,578.0048279762268,0.0,n02102973_Irish_water_spaniel,fix_nonmask,0.0,1568.0,0.0001,vgg16-7,False,0.8743118047714233,"[0, 0, 223, 223]",4704.0,145824.0,150528.0,3.125,random
325.0,onnx/vgg16-7.onnx,vnnlib/n02104029_kuvasz_global_k50176_eps_0.0001.vnnlib,1200.0,sat True,,,,36.09627366065979,0.0,n02104029_kuvasz,global,-1.0,50176.0,0.0001,vgg16-7,True,,,150528.0,0.0,150528.0,100.0,random
326.0,onnx/vgg16-7.onnx,vnnlib/n02104029_kuvasz_global_k25088_eps_0.0001.vnnlib,1200.0,sat True,,,,35.344791889190674,0.0,n02104029_kuvasz,global,-1.0,25088.0,0.0001,vgg16-7,True,,,75264.0,75264.0,150528.0,50.0,random
327.0,onnx/vgg16-7.onnx,vnnlib/n02104029_kuvasz_global_k12544_eps_0.0001.vnnlib,1200.0,sat True,,,,34.61343216896057,0.0,n02104029_kuvasz,global,-1.0,12544.0,0.0001,vgg16-7,True,,,37632.0,112896.0,150528.0,25.0,random
328.0,onnx/vgg16-7.onnx,vnnlib/n02104029_kuvasz_global_k6272_eps_0.0001.vnnlib,1200.0,sat True,,,,35.82940435409546,0.0,n02104029_kuvasz,global,-1.0,6272.0,0.0001,vgg16-7,True,,,18816.0,131712.0,150528.0,12.5,random
329.0,onnx/vgg16-7.onnx,vnnlib/n02104029_kuvasz_global_k3136_eps_0.0001.vnnlib,1200.0,sat False,-inf,,0.9070913791656494,35.44586491584778,0.0,n02104029_kuvasz,global,-1.0,3136.0,0.0001,vgg16-7,True,,,9408.0,141120.0,150528.0,6.25,random
330.0,onnx/vgg16-7.onnx,vnnlib/n02104029_kuvasz_global_k1568_eps_0.0001.vnnlib,1200.0,sat False,-inf,,1.034700632095337,36.904040575027466,0.0,n02104029_kuvasz,global,-1.0,1568.0,0.0001,vgg16-7,True,,,4704.0,145824.0,150528.0,3.125,random
331.0,onnx/vgg16-7.onnx,vnnlib/n02104029_kuvasz_fix_mask_seg0_k50176_eps_0.0001.vnnlib,1200.0,sat True,,,,34.77749156951904,0.0,n02104029_kuvasz,fix_mask,0.0,50176.0,0.0001,vgg16-7,False,0.9134284257888794,"[0, 0, 223, 223]",17304.0,133224.0,150528.0,11.495535714285714,random
332.0,onnx/vgg16-7.onnx,vnnlib/n02104029_kuvasz_fix_mask_seg0_k25088_eps_0.0001.vnnlib,1200.0,sat True,,,,34.851932764053345,0.0,n02104029_kuvasz,fix_mask,0.0,25088.0,0.0001,vgg16-7,False,0.9134284257888794,"[0, 0, 223, 223]",17304.0,133224.0,150528.0,11.495535714285714,random
333.0,onnx/vgg16-7.onnx,vnnlib/n02104029_kuvasz_fix_mask_seg0_k12544_eps_0.0001.vnnlib,1200.0,sat True,,,,35.751999378204346,0.0,n02104029_kuvasz,fix_mask,0.0,12544.0,0.0001,vgg16-7,False,0.9134284257888794,"[0, 0, 223, 223]",17304.0,133224.0,150528.0,11.495535714285714,random
334.0,onnx/vgg16-7.onnx,vnnlib/n02104029_kuvasz_fix_mask_seg0_k6272_eps_0.0001.vnnlib,1200.0,sat True,,,,35.8830029964447,0.0,n02104029_kuvasz,fix_mask,0.0,6272.0,0.0001,vgg16-7,False,0.9134284257888794,"[0, 0, 223, 223]",17304.0,133224.0,150528.0,11.495535714285714,random
335.0,onnx/vgg16-7.onnx,vnnlib/n02104029_kuvasz_fix_mask_seg0_k3136_eps_0.0001.vnnlib,1200.0,sat False,-inf,,0.8902277946472168,36.68012595176697,0.0,n02104029_kuvasz,fix_mask,0.0,3136.0,0.0001,vgg16-7,False,0.9134284257888794,"[0, 0, 223, 223]",9408.0,141120.0,150528.0,6.25,random
336.0,onnx/vgg16-7.onnx,vnnlib/n02104029_kuvasz_fix_mask_seg0_k1568_eps_0.0001.vnnlib,1200.0,sat False,-inf,,1.8032829761505127,37.088473081588745,0.0,n02104029_kuvasz,fix_mask,0.0,1568.0,0.0001,vgg16-7,False,0.9134284257888794,"[0, 0, 223, 223]",4704.0,145824.0,150528.0,3.125,random
337.0,onnx/vgg16-7.onnx,vnnlib/n02104029_kuvasz_fix_nonmask_seg0_k50176_eps_0.0001.vnnlib,1200.0,sat True,,,,34.08356595039368,0.0,n02104029_kuvasz,fix_nonmask,0.0,50176.0,0.0001,vgg16-7,False,0.9134284257888794,"[0, 0, 223, 223]",133224.0,17304.0,150528.0,88.50446428571429,random
338.0,onnx/vgg16-7.onnx,vnnlib/n02104029_kuvasz_fix_nonmask_seg0_k25088_eps_0.0001.vnnlib,1200.0,sat True,,,,36.38954257965088,0.0,n02104029_kuvasz,fix_nonmask,0.0,25088.0,0.0001,vgg16-7,False,0.9134284257888794,"[0, 0, 223, 223]",75264.0,75264.0,150528.0,50.0,random
339.0,onnx/vgg16-7.onnx,vnnlib/n02104029_kuvasz_fix_nonmask_seg0_k12544_eps_0.0001.vnnlib,1200.0,sat True,,,,36.51221060752869,0.0,n02104029_kuvasz,fix_nonmask,0.0,12544.0,0.0001,vgg16-7,False,0.9134284257888794,"[0, 0, 223, 223]",37632.0,112896.0,150528.0,25.0,random
340.0,onnx/vgg16-7.onnx,vnnlib/n02104029_kuvasz_fix_nonmask_seg0_k6272_eps_0.0001.vnnlib,1200.0,sat True,,,,34.68521475791931,0.0,n02104029_kuvasz,fix_nonmask,0.0,6272.0,0.0001,vgg16-7,False,0.9134284257888794,"[0, 0, 223, 223]",18816.0,131712.0,150528.0,12.5,random
341.0,onnx/vgg16-7.onnx,vnnlib/n02104029_kuvasz_fix_nonmask_seg0_k3136_eps_0.0001.vnnlib,1200.0,sat False,-inf,,0.9542059898376464,35.88587832450867,0.0,n02104029_kuvasz,fix_nonmask,0.0,3136.0,0.0001,vgg16-7,False,0.9134284257888794,"[0, 0, 223, 223]",9408.0,141120.0,150528.0,6.25,random
342.0,onnx/vgg16-7.onnx,vnnlib/n02104029_kuvasz_fix_nonmask_seg0_k1568_eps_0.0001.vnnlib,1200.0,sat False,-inf,,1.756401300430298,38.59889221191406,0.0,n02104029_kuvasz,fix_nonmask,0.0,1568.0,0.0001,vgg16-7,False,0.9134284257888794,"[0, 0, 223, 223]",4704.0,145824.0,150528.0,3.125,random
343.0,onnx/vgg16-7.onnx,vnnlib/n02104365_schipperke_global_k50176_eps_0.0001.vnnlib,1200.0,unsat False,1.4081435203552246,0.0,708.1557319164276,753.0947184562683,0.0,n02104365_schipperke,global,-1.0,50176.0,0.0001,vgg16-7,True,,,150528.0,0.0,150528.0,100.0,random
344.0,onnx/vgg16-7.onnx,vnnlib/n02104365_schipperke_global_k25088_eps_0.0001.vnnlib,1200.0,unsat False,1.526728868484497,0.0,683.6144535541534,729.0378031730652,0.0,n02104365_schipperke,global,-1.0,25088.0,0.0001,vgg16-7,True,,,75264.0,75264.0,150528.0,50.0,random
344.0,onnx/vgg16-7.onnx,vnnlib/n02104365_schipperke_global_k25088_eps_0.0001.vnnlib,1200.0,unsat False,1.526728868484497,0.0,636.8187048435211,683.6926884651184,0.0,n02104365_schipperke,global,-1.0,25088.0,0.0001,vgg16-7,True,,,75264.0,75264.0,150528.0,50.0,random
345.0,onnx/vgg16-7.onnx,vnnlib/n02104365_schipperke_global_k12544_eps_0.0001.vnnlib,1200.0,unsat False,1.5400758981704712,0.0,642.7272605895996,687.0354170799255,0.0,n02104365_schipperke,global,-1.0,12544.0,0.0001,vgg16-7,True,,,37632.0,112896.0,150528.0,25.0,random
346.0,onnx/vgg16-7.onnx,vnnlib/n02104365_schipperke_global_k6272_eps_0.0001.vnnlib,1200.0,unsat False,1.5445719957351685,0.0,617.5889177322388,661.7628209590912,0.0,n02104365_schipperke,global,-1.0,6272.0,0.0001,vgg16-7,True,,,18816.0,131712.0,150528.0,12.5,random
347.0,onnx/vgg16-7.onnx,vnnlib/n02104365_schipperke_global_k3136_eps_0.0001.vnnlib,1200.0,unsat False,1.546394944190979,0.0,588.028844833374,622.3933801651001,0.0,n02104365_schipperke,global,-1.0,3136.0,0.0001,vgg16-7,True,,,9408.0,141120.0,150528.0,6.25,random
348.0,onnx/vgg16-7.onnx,vnnlib/n02104365_schipperke_global_k1568_eps_0.0001.vnnlib,1200.0,unsat False,1.5472332239151,0.0,564.156078338623,599.3920922279358,0.0,n02104365_schipperke,global,-1.0,1568.0,0.0001,vgg16-7,True,,,4704.0,145824.0,150528.0,3.125,random
349.0,onnx/vgg16-7.onnx,vnnlib/n02104365_schipperke_fix_mask_seg0_k50176_eps_0.0001.vnnlib,1200.0,unsat False,1.5331417322158811,0.0,640.9396748542786,686.038432598114,0.0,n02104365_schipperke,fix_mask,0.0,50176.0,0.0001,vgg16-7,False,0.8919438719749451,"[0, 0, 223, 223]",58395.0,92133.0,150528.0,38.79344706632653,random
350.0,onnx/vgg16-7.onnx,vnnlib/n02104365_schipperke_fix_mask_seg0_k25088_eps_0.0001.vnnlib,1200.0,unsat False,1.5331414937973022,0.0,639.1489927768707,683.1878287792206,0.0,n02104365_schipperke,fix_mask,0.0,25088.0,0.0001,vgg16-7,False,0.8919438719749451,"[0, 0, 223, 223]",58395.0,92133.0,150528.0,38.79344706632653,random
351.0,onnx/vgg16-7.onnx,vnnlib/n02104365_schipperke_fix_mask_seg0_k12544_eps_0.0001.vnnlib,1200.0,unsat False,1.539792537689209,0.0,619.734964132309,663.2385709285736,0.0,n02104365_schipperke,fix_mask,0.0,12544.0,0.0001,vgg16-7,False,0.8919438719749451,"[0, 0, 223, 223]",37632.0,112896.0,150528.0,25.0,random
352.0,onnx/vgg16-7.onnx,vnnlib/n02104365_schipperke_fix_mask_seg0_k6272_eps_0.0001.vnnlib,1200.0,unsat False,1.5443823337554932,0.0,611.0191504955292,653.7790470123291,0.0,n02104365_schipperke,fix_mask,0.0,6272.0,0.0001,vgg16-7,False,0.8919438719749451,"[0, 0, 223, 223]",18816.0,131712.0,150528.0,12.5,random
353.0,onnx/vgg16-7.onnx,vnnlib/n02104365_schipperke_fix_mask_seg0_k3136_eps_0.0001.vnnlib,1200.0,unsat False,1.546269178390503,0.0,587.8101696968079,624.4888951778412,0.0,n02104365_schipperke,fix_mask,0.0,3136.0,0.0001,vgg16-7,False,0.8919438719749451,"[0, 0, 223, 223]",9408.0,141120.0,150528.0,6.25,random
354.0,onnx/vgg16-7.onnx,vnnlib/n02104365_schipperke_fix_mask_seg0_k1568_eps_0.0001.vnnlib,1200.0,unsat False,1.5471268892288208,0.0,556.1344828605652,592.6685080528259,0.0,n02104365_schipperke,fix_mask,0.0,1568.0,0.0001,vgg16-7,False,0.8919438719749451,"[0, 0, 223, 223]",4704.0,145824.0,150528.0,3.125,random
355.0,onnx/vgg16-7.onnx,vnnlib/n02104365_schipperke_fix_nonmask_seg0_k50176_eps_0.0001.vnnlib,1200.0,unsat False,1.5147784948349,0.0,682.9356389045715,727.3041291236877,0.0,n02104365_schipperke,fix_nonmask,0.0,50176.0,0.0001,vgg16-7,False,0.8919438719749451,"[0, 0, 223, 223]",92133.0,58395.0,150528.0,61.20655293367347,random
356.0,onnx/vgg16-7.onnx,vnnlib/n02104365_schipperke_fix_nonmask_seg0_k25088_eps_0.0001.vnnlib,1200.0,unsat False,1.5263009071350098,0.0,673.0747463703156,717.2338647842407,0.0,n02104365_schipperke,fix_nonmask,0.0,25088.0,0.0001,vgg16-7,False,0.8919438719749451,"[0, 0, 223, 223]",75264.0,75264.0,150528.0,50.0,random
357.0,onnx/vgg16-7.onnx,vnnlib/n02104365_schipperke_fix_nonmask_seg0_k12544_eps_0.0001.vnnlib,1200.0,unsat False,1.5400638580322266,0.0,646.1368260383606,690.8866679668427,0.0,n02104365_schipperke,fix_nonmask,0.0,12544.0,0.0001,vgg16-7,False,0.8919438719749451,"[0, 0, 223, 223]",37632.0,112896.0,150528.0,25.0,random
358.0,onnx/vgg16-7.onnx,vnnlib/n02104365_schipperke_fix_nonmask_seg0_k6272_eps_0.0001.vnnlib,1200.0,unsat False,1.5445349216461182,0.0,617.74964594841,661.301219701767,0.0,n02104365_schipperke,fix_nonmask,0.0,6272.0,0.0001,vgg16-7,False,0.8919438719749451,"[0, 0, 223, 223]",18816.0,131712.0,150528.0,12.5,random
359.0,onnx/vgg16-7.onnx,vnnlib/n02104365_schipperke_fix_nonmask_seg0_k3136_eps_0.0001.vnnlib,1200.0,unsat False,1.5463478565216064,0.0,575.1800463199615,610.8310477733612,0.0,n02104365_schipperke,fix_nonmask,0.0,3136.0,0.0001,vgg16-7,False,0.8919438719749451,"[0, 0, 223, 223]",9408.0,141120.0,150528.0,6.25,random
360.0,onnx/vgg16-7.onnx,vnnlib/n02104365_schipperke_fix_nonmask_seg0_k1568_eps_0.0001.vnnlib,1200.0,unsat False,1.5471994876861572,0.0,563.2138049602509,601.7569208145142,0.0,n02104365_schipperke,fix_nonmask,0.0,1568.0,0.0001,vgg16-7,False,0.8919438719749451,"[0, 0, 223, 223]",4704.0,145824.0,150528.0,3.125,random
361.0,onnx/vgg16-7.onnx,vnnlib/n02105056_groenendael_global_k50176_eps_0.0001.vnnlib,1200.0,timeout False,-2.9591152667999268,3.0,2412.266585111618,2456.856833219528,0.0,n02105056_groenendael,global,-1.0,50176.0,0.0001,vgg16-7,True,,,150528.0,0.0,150528.0,100.0,random
362.0,onnx/vgg16-7.onnx,vnnlib/n02105056_groenendael_global_k25088_eps_0.0001.vnnlib,1200.0,unsat False,0.5773117542266846,0.0,703.5335326194763,747.3436830043793,0.0,n02105056_groenendael,global,-1.0,25088.0,0.0001,vgg16-7,True,,,75264.0,75264.0,150528.0,50.0,random
363.0,onnx/vgg16-7.onnx,vnnlib/n02105056_groenendael_global_k12544_eps_0.0001.vnnlib,1200.0,unsat False,0.6180099248886108,0.0,645.0057210922241,689.1442034244537,0.0,n02105056_groenendael,global,-1.0,12544.0,0.0001,vgg16-7,True,,,37632.0,112896.0,150528.0,25.0,random
364.0,onnx/vgg16-7.onnx,vnnlib/n02105056_groenendael_global_k6272_eps_0.0001.vnnlib,1200.0,unsat False,0.6270920634269714,0.0,619.1992425918579,662.7724459171295,0.0,n02105056_groenendael,global,-1.0,6272.0,0.0001,vgg16-7,True,,,18816.0,131712.0,150528.0,12.5,random
365.0,onnx/vgg16-7.onnx,vnnlib/n02105056_groenendael_global_k3136_eps_0.0001.vnnlib,1200.0,unsat False,0.6304904222488403,0.0,581.3483307361603,617.0050163269043,0.0,n02105056_groenendael,global,-1.0,3136.0,0.0001,vgg16-7,True,,,9408.0,141120.0,150528.0,6.25,random
366.0,onnx/vgg16-7.onnx,vnnlib/n02105056_groenendael_global_k1568_eps_0.0001.vnnlib,1200.0,unsat False,0.6319563388824463,0.0,566.1304054260254,602.3726108074188,0.0,n02105056_groenendael,global,-1.0,1568.0,0.0001,vgg16-7,True,,,4704.0,145824.0,150528.0,3.125,random
367.0,onnx/vgg16-7.onnx,vnnlib/n02105056_groenendael_fix_mask_seg0_k50176_eps_0.0001.vnnlib,1200.0,unsat False,0.6065824031829834,0.0,669.3934693336487,714.1642184257507,0.0,n02105056_groenendael,fix_mask,0.0,50176.0,0.0001,vgg16-7,False,0.8946999907493591,"[0, 0, 221, 223]",59154.0,91374.0,150528.0,39.29767219387755,random
368.0,onnx/vgg16-7.onnx,vnnlib/n02105056_groenendael_fix_mask_seg0_k25088_eps_0.0001.vnnlib,1200.0,unsat False,0.606582522392273,0.0,669.9058403968811,714.2849304676056,0.0,n02105056_groenendael,fix_mask,0.0,25088.0,0.0001,vgg16-7,False,0.8946999907493591,"[0, 0, 221, 223]",59154.0,91374.0,150528.0,39.29767219387755,random
369.0,onnx/vgg16-7.onnx,vnnlib/n02105056_groenendael_fix_mask_seg0_k12544_eps_0.0001.vnnlib,1200.0,unsat False,0.6199650168418884,0.0,641.9720511436462,687.5965597629547,0.0,n02105056_groenendael,fix_mask,0.0,12544.0,0.0001,vgg16-7,False,0.8946999907493591,"[0, 0, 221, 223]",37632.0,112896.0,150528.0,25.0,random
370.0,onnx/vgg16-7.onnx,vnnlib/n02105056_groenendael_fix_mask_seg0_k6272_eps_0.0001.vnnlib,1200.0,unsat False,0.6277334690093994,0.0,623.8717403411865,667.3816275596619,0.0,n02105056_groenendael,fix_mask,0.0,6272.0,0.0001,vgg16-7,False,0.8946999907493591,"[0, 0, 221, 223]",18816.0,131712.0,150528.0,12.5,random
371.0,onnx/vgg16-7.onnx,vnnlib/n02105056_groenendael_fix_mask_seg0_k3136_eps_0.0001.vnnlib,1200.0,unsat False,0.6307209730148315,0.0,584.7426702976227,624.9291524887085,0.0,n02105056_groenendael,fix_mask,0.0,3136.0,0.0001,vgg16-7,False,0.8946999907493591,"[0, 0, 221, 223]",9408.0,141120.0,150528.0,6.25,random
372.0,onnx/vgg16-7.onnx,vnnlib/n02105056_groenendael_fix_mask_seg0_k1568_eps_0.0001.vnnlib,1200.0,unsat False,0.6320505142211914,0.0,563.0242834091187,600.877162694931,0.0,n02105056_groenendael,fix_mask,0.0,1568.0,0.0001,vgg16-7,False,0.8946999907493591,"[0, 0, 221, 223]",4704.0,145824.0,150528.0,3.125,random
373.0,onnx/vgg16-7.onnx,vnnlib/n02105056_groenendael_fix_nonmask_seg0_k50176_eps_0.0001.vnnlib,1200.0,unsat False,0.4939466118812561,0.0,709.8875081539154,753.3176743984222,0.0,n02105056_groenendael,fix_nonmask,0.0,50176.0,0.0001,vgg16-7,False,0.8946999907493591,"[0, 0, 221, 223]",91374.0,59154.0,150528.0,60.70232780612245,random
374.0,onnx/vgg16-7.onnx,vnnlib/n02105056_groenendael_fix_nonmask_seg0_k25088_eps_0.0001.vnnlib,1200.0,unsat False,0.5625074505805969,0.0,719.9758605957031,763.563538312912,0.0,n02105056_groenendael,fix_nonmask,0.0,25088.0,0.0001,vgg16-7,False,0.8946999907493591,"[0, 0, 221, 223]",75264.0,75264.0,150528.0,50.0,random
375.0,onnx/vgg16-7.onnx,vnnlib/n02105056_groenendael_fix_nonmask_seg0_k12544_eps_0.0001.vnnlib,1200.0,unsat False,0.6161154508590698,0.0,657.9639925956726,704.6604111194611,0.0,n02105056_groenendael,fix_nonmask,0.0,12544.0,0.0001,vgg16-7,False,0.8946999907493591,"[0, 0, 221, 223]",37632.0,112896.0,150528.0,25.0,random
376.0,onnx/vgg16-7.onnx,vnnlib/n02105056_groenendael_fix_nonmask_seg0_k6272_eps_0.0001.vnnlib,1200.0,unsat False,0.6265051960945129,0.0,622.0071873664856,669.8095784187317,0.0,n02105056_groenendael,fix_nonmask,0.0,6272.0,0.0001,vgg16-7,False,0.8946999907493591,"[0, 0, 221, 223]",18816.0,131712.0,150528.0,12.5,random
377.0,onnx/vgg16-7.onnx,vnnlib/n02105056_groenendael_fix_nonmask_seg0_k3136_eps_0.0001.vnnlib,1200.0,unsat False,0.6302679181098938,0.0,599.3956570625305,638.4179606437683,0.0,n02105056_groenendael,fix_nonmask,0.0,3136.0,0.0001,vgg16-7,False,0.8946999907493591,"[0, 0, 221, 223]",9408.0,141120.0,150528.0,6.25,random
378.0,onnx/vgg16-7.onnx,vnnlib/n02105056_groenendael_fix_nonmask_seg0_k1568_eps_0.0001.vnnlib,1200.0,unsat False,0.6318048238754272,0.0,580.5507891178131,619.4470725059509,0.0,n02105056_groenendael,fix_nonmask,0.0,1568.0,0.0001,vgg16-7,False,0.8946999907493591,"[0, 0, 221, 223]",4704.0,145824.0,150528.0,3.125,random
379.0,onnx/vgg16-7.onnx,vnnlib/n02105162_malinois_global_k50176_eps_0.0001.vnnlib,1200.0,sat True,,,,37.85610556602478,0.0,n02105162_malinois,global,-1.0,50176.0,0.0001,vgg16-7,True,,,150528.0,0.0,150528.0,100.0,random
380.0,onnx/vgg16-7.onnx,vnnlib/n02105162_malinois_global_k25088_eps_0.0001.vnnlib,1200.0,sat True,,,,39.749054193496704,0.0,n02105162_malinois,global,-1.0,25088.0,0.0001,vgg16-7,True,,,75264.0,75264.0,150528.0,50.0,random
381.0,onnx/vgg16-7.onnx,vnnlib/n02105162_malinois_global_k12544_eps_0.0001.vnnlib,1200.0,sat True,,,,41.03870511054993,0.0,n02105162_malinois,global,-1.0,12544.0,0.0001,vgg16-7,True,,,37632.0,112896.0,150528.0,25.0,random
382.0,onnx/vgg16-7.onnx,vnnlib/n02105162_malinois_global_k6272_eps_0.0001.vnnlib,1200.0,sat True,,,,36.474329710006714,0.0,n02105162_malinois,global,-1.0,6272.0,0.0001,vgg16-7,True,,,18816.0,131712.0,150528.0,12.5,random
383.0,onnx/vgg16-7.onnx,vnnlib/n02105162_malinois_global_k3136_eps_0.0001.vnnlib,1200.0,sat False,-inf,,1.907745599746704,39.092217445373535,0.0,n02105162_malinois,global,-1.0,3136.0,0.0001,vgg16-7,True,,,9408.0,141120.0,150528.0,6.25,random
384.0,onnx/vgg16-7.onnx,vnnlib/n02105162_malinois_global_k1568_eps_0.0001.vnnlib,1200.0,sat False,-inf,,2.107736349105835,37.593172550201416,0.0,n02105162_malinois,global,-1.0,1568.0,0.0001,vgg16-7,True,,,4704.0,145824.0,150528.0,3.125,random
385.0,onnx/vgg16-7.onnx,vnnlib/n02105162_malinois_fix_mask_seg0_k50176_eps_0.0001.vnnlib,1200.0,sat True,,,,37.71694588661194,0.0,n02105162_malinois,fix_mask,0.0,50176.0,0.0001,vgg16-7,False,0.9064364433288574,"[0, 0, 223, 223]",27381.0,123147.0,150528.0,18.189971301020407,random
386.0,onnx/vgg16-7.onnx,vnnlib/n02105162_malinois_fix_mask_seg0_k25088_eps_0.0001.vnnlib,1200.0,sat True,,,,38.17731976509094,0.0,n02105162_malinois,fix_mask,0.0,25088.0,0.0001,vgg16-7,False,0.9064364433288574,"[0, 0, 223, 223]",27381.0,123147.0,150528.0,18.189971301020407,random
387.0,onnx/vgg16-7.onnx,vnnlib/n02105162_malinois_fix_mask_seg0_k12544_eps_0.0001.vnnlib,1200.0,sat True,,,,37.39568495750427,0.0,n02105162_malinois,fix_mask,0.0,12544.0,0.0001,vgg16-7,False,0.9064364433288574,"[0, 0, 223, 223]",27381.0,123147.0,150528.0,18.189971301020407,random
388.0,onnx/vgg16-7.onnx,vnnlib/n02105162_malinois_fix_mask_seg0_k6272_eps_0.0001.vnnlib,1200.0,sat True,,,,36.30996799468994,0.0,n02105162_malinois,fix_mask,0.0,6272.0,0.0001,vgg16-7,False,0.9064364433288574,"[0, 0, 223, 223]",18816.0,131712.0,150528.0,12.5,random
389.0,onnx/vgg16-7.onnx,vnnlib/n02105162_malinois_fix_mask_seg0_k3136_eps_0.0001.vnnlib,1200.0,sat False,-inf,,1.764181137084961,38.064921379089355,0.0,n02105162_malinois,fix_mask,0.0,3136.0,0.0001,vgg16-7,False,0.9064364433288574,"[0, 0, 223, 223]",9408.0,141120.0,150528.0,6.25,random
390.0,onnx/vgg16-7.onnx,vnnlib/n02105162_malinois_fix_mask_seg0_k1568_eps_0.0001.vnnlib,1200.0,sat False,-inf,,1.7727749347686768,39.49650263786316,0.0,n02105162_malinois,fix_mask,0.0,1568.0,0.0001,vgg16-7,False,0.9064364433288574,"[0, 0, 223, 223]",4704.0,145824.0,150528.0,3.125,random
391.0,onnx/vgg16-7.onnx,vnnlib/n02105162_malinois_fix_nonmask_seg0_k50176_eps_0.0001.vnnlib,1200.0,sat True,,,,39.06588411331177,0.0,n02105162_malinois,fix_nonmask,0.0,50176.0,0.0001,vgg16-7,False,0.9064364433288574,"[0, 0, 223, 223]",123147.0,27381.0,150528.0,81.8100286989796,random
392.0,onnx/vgg16-7.onnx,vnnlib/n02105162_malinois_fix_nonmask_seg0_k25088_eps_0.0001.vnnlib,1200.0,sat True,,,,39.262009143829346,0.0,n02105162_malinois,fix_nonmask,0.0,25088.0,0.0001,vgg16-7,False,0.9064364433288574,"[0, 0, 223, 223]",75264.0,75264.0,150528.0,50.0,random
393.0,onnx/vgg16-7.onnx,vnnlib/n02105162_malinois_fix_nonmask_seg0_k12544_eps_0.0001.vnnlib,1200.0,sat True,,,,37.99295234680176,0.0,n02105162_malinois,fix_nonmask,0.0,12544.0,0.0001,vgg16-7,False,0.9064364433288574,"[0, 0, 223, 223]",37632.0,112896.0,150528.0,25.0,random
394.0,onnx/vgg16-7.onnx,vnnlib/n02105162_malinois_fix_nonmask_seg0_k6272_eps_0.0001.vnnlib,1200.0,sat True,,,,37.75624775886536,0.0,n02105162_malinois,fix_nonmask,0.0,6272.0,0.0001,vgg16-7,False,0.9064364433288574,"[0, 0, 223, 223]",18816.0,131712.0,150528.0,12.5,random
395.0,onnx/vgg16-7.onnx,vnnlib/n02105162_malinois_fix_nonmask_seg0_k3136_eps_0.0001.vnnlib,1200.0,sat False,-inf,,1.8309979438781736,39.610785484313965,0.0,n02105162_malinois,fix_nonmask,0.0,3136.0,0.0001,vgg16-7,False,0.9064364433288574,"[0, 0, 223, 223]",9408.0,141120.0,150528.0,6.25,random
396.0,onnx/vgg16-7.onnx,vnnlib/n02105162_malinois_fix_nonmask_seg0_k1568_eps_0.0001.vnnlib,1200.0,sat False,-inf,,1.8193621635437012,38.114378929138184,0.0,n02105162_malinois,fix_nonmask,0.0,1568.0,0.0001,vgg16-7,False,0.9064364433288574,"[0, 0, 223, 223]",4704.0,145824.0,150528.0,3.125,random
397.0,onnx/vgg16-7.onnx,vnnlib/n02105251_briard_global_k50176_eps_0.0001.vnnlib,1200.0,sat True,,,,39.06391882896423,0.0,n02105251_briard,global,-1.0,50176.0,0.0001,vgg16-7,True,,,150528.0,0.0,150528.0,100.0,random
398.0,onnx/vgg16-7.onnx,vnnlib/n02105251_briard_global_k25088_eps_0.0001.vnnlib,1200.0,sat True,,,,38.48810529708862,0.0,n02105251_briard,global,-1.0,25088.0,0.0001,vgg16-7,True,,,75264.0,75264.0,150528.0,50.0,random
399.0,onnx/vgg16-7.onnx,vnnlib/n02105251_briard_global_k12544_eps_0.0001.vnnlib,1200.0,sat True,,,,36.33569884300232,0.0,n02105251_briard,global,-1.0,12544.0,0.0001,vgg16-7,True,,,37632.0,112896.0,150528.0,25.0,random
400.0,onnx/vgg16-7.onnx,vnnlib/n02105251_briard_global_k6272_eps_0.0001.vnnlib,1200.0,sat True,,,,37.368563413619995,0.0,n02105251_briard,global,-1.0,6272.0,0.0001,vgg16-7,True,,,18816.0,131712.0,150528.0,12.5,random
401.0,onnx/vgg16-7.onnx,vnnlib/n02105251_briard_global_k3136_eps_0.0001.vnnlib,1200.0,sat False,-inf,,2.6284584999084473,38.976242780685425,0.0,n02105251_briard,global,-1.0,3136.0,0.0001,vgg16-7,True,,,9408.0,141120.0,150528.0,6.25,random
402.0,onnx/vgg16-7.onnx,vnnlib/n02105251_briard_global_k1568_eps_0.0001.vnnlib,1200.0,sat False,-inf,,1.7723901271820068,38.31184244155884,0.0,n02105251_briard,global,-1.0,1568.0,0.0001,vgg16-7,True,,,4704.0,145824.0,150528.0,3.125,random
403.0,onnx/vgg16-7.onnx,vnnlib/n02105251_briard_fix_mask_seg0_k50176_eps_0.0001.vnnlib,1200.0,sat True,,,,37.40809726715088,0.0,n02105251_briard,fix_mask,0.0,50176.0,0.0001,vgg16-7,False,0.7830966711044312,"[0, 0, 223, 223]",35370.0,115158.0,150528.0,23.497289540816325,random
404.0,onnx/vgg16-7.onnx,vnnlib/n02105251_briard_fix_mask_seg0_k25088_eps_0.0001.vnnlib,1200.0,sat True,,,,39.44843626022339,0.0,n02105251_briard,fix_mask,0.0,25088.0,0.0001,vgg16-7,False,0.7830966711044312,"[0, 0, 223, 223]",35370.0,115158.0,150528.0,23.497289540816325,random
405.0,onnx/vgg16-7.onnx,vnnlib/n02105251_briard_fix_mask_seg0_k12544_eps_0.0001.vnnlib,1200.0,sat True,,,,37.69859552383423,0.0,n02105251_briard,fix_mask,0.0,12544.0,0.0001,vgg16-7,False,0.7830966711044312,"[0, 0, 223, 223]",35370.0,115158.0,150528.0,23.497289540816325,random
406.0,onnx/vgg16-7.onnx,vnnlib/n02105251_briard_fix_mask_seg0_k6272_eps_0.0001.vnnlib,1200.0,sat True,,,,37.17592930793762,0.0,n02105251_briard,fix_mask,0.0,6272.0,0.0001,vgg16-7,False,0.7830966711044312,"[0, 0, 223, 223]",18816.0,131712.0,150528.0,12.5,random
407.0,onnx/vgg16-7.onnx,vnnlib/n02105251_briard_fix_mask_seg0_k3136_eps_0.0001.vnnlib,1200.0,sat False,-inf,,2.8075664043426514,41.419389724731445,0.0,n02105251_briard,fix_mask,0.0,3136.0,0.0001,vgg16-7,False,0.7830966711044312,"[0, 0, 223, 223]",9408.0,141120.0,150528.0,6.25,random
408.0,onnx/vgg16-7.onnx,vnnlib/n02105251_briard_fix_mask_seg0_k1568_eps_0.0001.vnnlib,1200.0,sat False,-inf,,1.777812957763672,38.22782897949219,0.0,n02105251_briard,fix_mask,0.0,1568.0,0.0001,vgg16-7,False,0.7830966711044312,"[0, 0, 223, 223]",4704.0,145824.0,150528.0,3.125,random
409.0,onnx/vgg16-7.onnx,vnnlib/n02105251_briard_fix_nonmask_seg0_k50176_eps_0.0001.vnnlib,1200.0,sat True,,,,36.53058576583862,0.0,n02105251_briard,fix_nonmask,0.0,50176.0,0.0001,vgg16-7,False,0.7830966711044312,"[0, 0, 223, 223]",115158.0,35370.0,150528.0,76.50271045918367,random
410.0,onnx/vgg16-7.onnx,vnnlib/n02105251_briard_fix_nonmask_seg0_k25088_eps_0.0001.vnnlib,1200.0,sat True,,,,36.224355936050415,0.0,n02105251_briard,fix_nonmask,0.0,25088.0,0.0001,vgg16-7,False,0.7830966711044312,"[0, 0, 223, 223]",75264.0,75264.0,150528.0,50.0,random
411.0,onnx/vgg16-7.onnx,vnnlib/n02105251_briard_fix_nonmask_seg0_k12544_eps_0.0001.vnnlib,1200.0,sat True,,,,35.77065467834473,0.0,n02105251_briard,fix_nonmask,0.0,12544.0,0.0001,vgg16-7,False,0.7830966711044312,"[0, 0, 223, 223]",37632.0,112896.0,150528.0,25.0,random
412.0,onnx/vgg16-7.onnx,vnnlib/n02105251_briard_fix_nonmask_seg0_k6272_eps_0.0001.vnnlib,1200.0,sat True,,,,38.3561577796936,0.0,n02105251_briard,fix_nonmask,0.0,6272.0,0.0001,vgg16-7,False,0.7830966711044312,"[0, 0, 223, 223]",18816.0,131712.0,150528.0,12.5,random
413.0,onnx/vgg16-7.onnx,vnnlib/n02105251_briard_fix_nonmask_seg0_k3136_eps_0.0001.vnnlib,1200.0,sat False,-inf,,0.87284255027771,35.13983869552612,0.0,n02105251_briard,fix_nonmask,0.0,3136.0,0.0001,vgg16-7,False,0.7830966711044312,"[0, 0, 223, 223]",9408.0,141120.0,150528.0,6.25,random
414.0,onnx/vgg16-7.onnx,vnnlib/n02105251_briard_fix_nonmask_seg0_k1568_eps_0.0001.vnnlib,1200.0,sat False,-inf,,1.750014066696167,39.30195713043213,0.0,n02105251_briard,fix_nonmask,0.0,1568.0,0.0001,vgg16-7,False,0.7830966711044312,"[0, 0, 223, 223]",4704.0,145824.0,150528.0,3.125,random
415.0,onnx/vgg16-7.onnx,vnnlib/n02105412_kelpie_global_k50176_eps_0.0001.vnnlib,1200.0,sat True,,,,37.44449186325073,0.0,n02105412_kelpie,global,-1.0,50176.0,0.0001,vgg16-7,True,,,150528.0,0.0,150528.0,100.0,random
416.0,onnx/vgg16-7.onnx,vnnlib/n02105412_kelpie_global_k25088_eps_0.0001.vnnlib,1200.0,sat True,,,,35.323793172836304,0.0,n02105412_kelpie,global,-1.0,25088.0,0.0001,vgg16-7,True,,,75264.0,75264.0,150528.0,50.0,random
417.0,onnx/vgg16-7.onnx,vnnlib/n02105412_kelpie_global_k12544_eps_0.0001.vnnlib,1200.0,sat True,,,,35.00455856323242,0.0,n02105412_kelpie,global,-1.0,12544.0,0.0001,vgg16-7,True,,,37632.0,112896.0,150528.0,25.0,random
418.0,onnx/vgg16-7.onnx,vnnlib/n02105412_kelpie_global_k6272_eps_0.0001.vnnlib,1200.0,sat True,,,,35.70858192443848,0.0,n02105412_kelpie,global,-1.0,6272.0,0.0001,vgg16-7,True,,,18816.0,131712.0,150528.0,12.5,random
419.0,onnx/vgg16-7.onnx,vnnlib/n02105412_kelpie_global_k3136_eps_0.0001.vnnlib,1200.0,sat False,-inf,,1.869324207305908,43.08631706237793,0.0,n02105412_kelpie,global,-1.0,3136.0,0.0001,vgg16-7,True,,,9408.0,141120.0,150528.0,6.25,random
420.0,onnx/vgg16-7.onnx,vnnlib/n02105412_kelpie_global_k1568_eps_0.0001.vnnlib,1200.0,sat False,-inf,,1.1613245010375977,35.36556339263916,0.0,n02105412_kelpie,global,-1.0,1568.0,0.0001,vgg16-7,True,,,4704.0,145824.0,150528.0,3.125,random
421.0,onnx/vgg16-7.onnx,vnnlib/n02105412_kelpie_fix_mask_seg0_k50176_eps_0.0001.vnnlib,1200.0,sat True,,,,38.50473403930664,0.0,n02105412_kelpie,fix_mask,0.0,50176.0,0.0001,vgg16-7,False,0.902455985546112,"[0, 0, 223, 223]",47409.0,103119.0,150528.0,31.49513711734694,random
422.0,onnx/vgg16-7.onnx,vnnlib/n02105412_kelpie_fix_mask_seg0_k25088_eps_0.0001.vnnlib,1200.0,sat True,,,,36.28794574737549,0.0,n02105412_kelpie,fix_mask,0.0,25088.0,0.0001,vgg16-7,False,0.902455985546112,"[0, 0, 223, 223]",47409.0,103119.0,150528.0,31.49513711734694,random
423.0,onnx/vgg16-7.onnx,vnnlib/n02105412_kelpie_fix_mask_seg0_k12544_eps_0.0001.vnnlib,1200.0,sat True,,,,36.85920000076294,0.0,n02105412_kelpie,fix_mask,0.0,12544.0,0.0001,vgg16-7,False,0.902455985546112,"[0, 0, 223, 223]",37632.0,112896.0,150528.0,25.0,random
424.0,onnx/vgg16-7.onnx,vnnlib/n02105412_kelpie_fix_mask_seg0_k6272_eps_0.0001.vnnlib,1200.0,sat True,,,,36.855658292770386,0.0,n02105412_kelpie,fix_mask,0.0,6272.0,0.0001,vgg16-7,False,0.902455985546112,"[0, 0, 223, 223]",18816.0,131712.0,150528.0,12.5,random
425.0,onnx/vgg16-7.onnx,vnnlib/n02105412_kelpie_fix_mask_seg0_k3136_eps_0.0001.vnnlib,1200.0,sat False,-inf,,1.7860238552093506,37.71228289604187,0.0,n02105412_kelpie,fix_mask,0.0,3136.0,0.0001,vgg16-7,False,0.902455985546112,"[0, 0, 223, 223]",9408.0,141120.0,150528.0,6.25,random
426.0,onnx/vgg16-7.onnx,vnnlib/n02105412_kelpie_fix_mask_seg0_k1568_eps_0.0001.vnnlib,1200.0,sat False,-inf,,1.9712793827056885,39.358821392059326,0.0,n02105412_kelpie,fix_mask,0.0,1568.0,0.0001,vgg16-7,False,0.902455985546112,"[0, 0, 223, 223]",4704.0,145824.0,150528.0,3.125,random
427.0,onnx/vgg16-7.onnx,vnnlib/n02105412_kelpie_fix_nonmask_seg0_k50176_eps_0.0001.vnnlib,1200.0,sat True,,,,37.18045663833618,0.0,n02105412_kelpie,fix_nonmask,0.0,50176.0,0.0001,vgg16-7,False,0.902455985546112,"[0, 0, 223, 223]",103119.0,47409.0,150528.0,68.50486288265306,random
428.0,onnx/vgg16-7.onnx,vnnlib/n02105412_kelpie_fix_nonmask_seg0_k25088_eps_0.0001.vnnlib,1200.0,sat True,,,,36.95473504066467,0.0,n02105412_kelpie,fix_nonmask,0.0,25088.0,0.0001,vgg16-7,False,0.902455985546112,"[0, 0, 223, 223]",75264.0,75264.0,150528.0,50.0,random
429.0,onnx/vgg16-7.onnx,vnnlib/n02105412_kelpie_fix_nonmask_seg0_k12544_eps_0.0001.vnnlib,1200.0,sat True,,,,35.90190243721008,0.0,n02105412_kelpie,fix_nonmask,0.0,12544.0,0.0001,vgg16-7,False,0.902455985546112,"[0, 0, 223, 223]",37632.0,112896.0,150528.0,25.0,random
430.0,onnx/vgg16-7.onnx,vnnlib/n02105412_kelpie_fix_nonmask_seg0_k6272_eps_0.0001.vnnlib,1200.0,sat True,,,,35.878438234329224,0.0,n02105412_kelpie,fix_nonmask,0.0,6272.0,0.0001,vgg16-7,False,0.902455985546112,"[0, 0, 223, 223]",18816.0,131712.0,150528.0,12.5,random
431.0,onnx/vgg16-7.onnx,vnnlib/n02105412_kelpie_fix_nonmask_seg0_k3136_eps_0.0001.vnnlib,1200.0,sat False,-inf,,1.6260251998901367,37.00118851661682,0.0,n02105412_kelpie,fix_nonmask,0.0,3136.0,0.0001,vgg16-7,False,0.902455985546112,"[0, 0, 223, 223]",9408.0,141120.0,150528.0,6.25,random
432.0,onnx/vgg16-7.onnx,vnnlib/n02105412_kelpie_fix_nonmask_seg0_k1568_eps_0.0001.vnnlib,1200.0,sat False,-inf,,1.9620625972747805,37.62280344963074,0.0,n02105412_kelpie,fix_nonmask,0.0,1568.0,0.0001,vgg16-7,False,0.902455985546112,"[0, 0, 223, 223]",4704.0,145824.0,150528.0,3.125,random
433.0,onnx/vgg16-7.onnx,vnnlib/n02105505_komondor_global_k50176_eps_0.0001.vnnlib,1200.0,sat True,,,,40.81981015205383,0.0,n02105505_komondor,global,-1.0,50176.0,0.0001,vgg16-7,True,,,150528.0,0.0,150528.0,100.0,random
434.0,onnx/vgg16-7.onnx,vnnlib/n02105505_komondor_global_k25088_eps_0.0001.vnnlib,1200.0,sat True,,,,39.83257699012756,0.0,n02105505_komondor,global,-1.0,25088.0,0.0001,vgg16-7,True,,,75264.0,75264.0,150528.0,50.0,random
435.0,onnx/vgg16-7.onnx,vnnlib/n02105505_komondor_global_k12544_eps_0.0001.vnnlib,1200.0,sat True,,,,36.32822275161743,0.0,n02105505_komondor,global,-1.0,12544.0,0.0001,vgg16-7,True,,,37632.0,112896.0,150528.0,25.0,random
436.0,onnx/vgg16-7.onnx,vnnlib/n02105505_komondor_global_k6272_eps_0.0001.vnnlib,1200.0,sat True,,,,36.30882024765015,0.0,n02105505_komondor,global,-1.0,6272.0,0.0001,vgg16-7,True,,,18816.0,131712.0,150528.0,12.5,random
437.0,onnx/vgg16-7.onnx,vnnlib/n02105505_komondor_global_k3136_eps_0.0001.vnnlib,1200.0,sat False,-inf,,3.426231622695923,43.06012988090515,0.0,n02105505_komondor,global,-1.0,3136.0,0.0001,vgg16-7,True,,,9408.0,141120.0,150528.0,6.25,random
438.0,onnx/vgg16-7.onnx,vnnlib/n02105505_komondor_global_k1568_eps_0.0001.vnnlib,1200.0,sat False,-inf,,1.7675955295562744,41.11664867401123,0.0,n02105505_komondor,global,-1.0,1568.0,0.0001,vgg16-7,True,,,4704.0,145824.0,150528.0,3.125,random
439.0,onnx/vgg16-7.onnx,vnnlib/n02105505_komondor_fix_mask_seg0_k50176_eps_0.0001.vnnlib,1200.0,sat False,-inf,,1.809372901916504,39.75796580314636,0.0,n02105505_komondor,fix_mask,0.0,50176.0,0.0001,vgg16-7,False,0.958928108215332,"[0, 0, 223, 223]",8181.0,142347.0,150528.0,5.434869260204081,random
440.0,onnx/vgg16-7.onnx,vnnlib/n02105505_komondor_fix_mask_seg0_k25088_eps_0.0001.vnnlib,1200.0,sat False,-inf,,1.7812776565551758,40.10987973213196,0.0,n02105505_komondor,fix_mask,0.0,25088.0,0.0001,vgg16-7,False,0.958928108215332,"[0, 0, 223, 223]",8181.0,142347.0,150528.0,5.434869260204081,random
441.0,onnx/vgg16-7.onnx,vnnlib/n02105505_komondor_fix_mask_seg0_k12544_eps_0.0001.vnnlib,1200.0,sat False,-inf,,1.780590295791626,38.869526863098145,0.0,n02105505_komondor,fix_mask,0.0,12544.0,0.0001,vgg16-7,False,0.958928108215332,"[0, 0, 223, 223]",8181.0,142347.0,150528.0,5.434869260204081,random
442.0,onnx/vgg16-7.onnx,vnnlib/n02105505_komondor_fix_mask_seg0_k6272_eps_0.0001.vnnlib,1200.0,sat False,-inf,,1.80846643447876,40.22993779182434,0.0,n02105505_komondor,fix_mask,0.0,6272.0,0.0001,vgg16-7,False,0.958928108215332,"[0, 0, 223, 223]",8181.0,142347.0,150528.0,5.434869260204081,random
443.0,onnx/vgg16-7.onnx,vnnlib/n02105505_komondor_fix_mask_seg0_k3136_eps_0.0001.vnnlib,1200.0,sat False,-inf,,2.000162363052368,39.42594528198242,0.0,n02105505_komondor,fix_mask,0.0,3136.0,0.0001,vgg16-7,False,0.958928108215332,"[0, 0, 223, 223]",8181.0,142347.0,150528.0,5.434869260204081,random
444.0,onnx/vgg16-7.onnx,vnnlib/n02105505_komondor_fix_mask_seg0_k1568_eps_0.0001.vnnlib,1200.0,sat False,-inf,,1.7774317264556885,38.73173475265503,0.0,n02105505_komondor,fix_mask,0.0,1568.0,0.0001,vgg16-7,False,0.958928108215332,"[0, 0, 223, 223]",4704.0,145824.0,150528.0,3.125,random
445.0,onnx/vgg16-7.onnx,vnnlib/n02105505_komondor_fix_nonmask_seg0_k50176_eps_0.0001.vnnlib,1200.0,sat True,,,,35.99211359024048,0.0,n02105505_komondor,fix_nonmask,0.0,50176.0,0.0001,vgg16-7,False,0.958928108215332,"[0, 0, 223, 223]",142347.0,8181.0,150528.0,94.56513073979592,random
446.0,onnx/vgg16-7.onnx,vnnlib/n02105505_komondor_fix_nonmask_seg0_k25088_eps_0.0001.vnnlib,1200.0,sat True,,,,36.67925715446472,0.0,n02105505_komondor,fix_nonmask,0.0,25088.0,0.0001,vgg16-7,False,0.958928108215332,"[0, 0, 223, 223]",75264.0,75264.0,150528.0,50.0,random
447.0,onnx/vgg16-7.onnx,vnnlib/n02105505_komondor_fix_nonmask_seg0_k12544_eps_0.0001.vnnlib,1200.0,sat True,,,,36.939778327941895,0.0,n02105505_komondor,fix_nonmask,0.0,12544.0,0.0001,vgg16-7,False,0.958928108215332,"[0, 0, 223, 223]",37632.0,112896.0,150528.0,25.0,random
448.0,onnx/vgg16-7.onnx,vnnlib/n02105505_komondor_fix_nonmask_seg0_k6272_eps_0.0001.vnnlib,1200.0,sat True,,,,36.74143028259277,0.0,n02105505_komondor,fix_nonmask,0.0,6272.0,0.0001,vgg16-7,False,0.958928108215332,"[0, 0, 223, 223]",18816.0,131712.0,150528.0,12.5,random
449.0,onnx/vgg16-7.onnx,vnnlib/n02105505_komondor_fix_nonmask_seg0_k3136_eps_0.0001.vnnlib,1200.0,sat False,-inf,,1.8450469970703125,44.27495431900024,0.0,n02105505_komondor,fix_nonmask,0.0,3136.0,0.0001,vgg16-7,False,0.958928108215332,"[0, 0, 223, 223]",9408.0,141120.0,150528.0,6.25,random
450.0,onnx/vgg16-7.onnx,vnnlib/n02105505_komondor_fix_nonmask_seg0_k1568_eps_0.0001.vnnlib,1200.0,sat False,-inf,,1.9230966567993164,42.708473682403564,0.0,n02105505_komondor,fix_nonmask,0.0,1568.0,0.0001,vgg16-7,False,0.958928108215332,"[0, 0, 223, 223]",4704.0,145824.0,150528.0,3.125,random
451.0,onnx/vgg16-7.onnx,vnnlib/n02105641_Old_English_sheepdog_global_k50176_eps_0.0001.vnnlib,1200.0,unsat False,0.3727565109729767,0.0,742.7871804237366,786.800000667572,0.0,n02105641_Old_English_sheepdog,global,-1.0,50176.0,0.0001,vgg16-7,True,,,150528.0,0.0,150528.0,100.0,random
452.0,onnx/vgg16-7.onnx,vnnlib/n02105641_Old_English_sheepdog_global_k25088_eps_0.0001.vnnlib,1200.0,unsat False,0.835365891456604,0.0,696.6505062580109,741.5275020599365,0.0,n02105641_Old_English_sheepdog,global,-1.0,25088.0,0.0001,vgg16-7,True,,,75264.0,75264.0,150528.0,50.0,random
453.0,onnx/vgg16-7.onnx,vnnlib/n02105641_Old_English_sheepdog_global_k12544_eps_0.0001.vnnlib,1200.0,unsat False,0.8551278114318848,0.0,629.5438086986542,677.9898838996887,0.0,n02105641_Old_English_sheepdog,global,-1.0,12544.0,0.0001,vgg16-7,True,,,37632.0,112896.0,150528.0,25.0,random
454.0,onnx/vgg16-7.onnx,vnnlib/n02105641_Old_English_sheepdog_global_k6272_eps_0.0001.vnnlib,1200.0,unsat False,0.8604738712310791,0.0,575.7641756534576,620.2177743911743,0.0,n02105641_Old_English_sheepdog,global,-1.0,6272.0,0.0001,vgg16-7,True,,,18816.0,131712.0,150528.0,12.5,random
455.0,onnx/vgg16-7.onnx,vnnlib/n02105641_Old_English_sheepdog_global_k3136_eps_0.0001.vnnlib,1200.0,unsat False,0.8624000549316406,0.0,568.4430358409882,604.7804749011993,0.0,n02105641_Old_English_sheepdog,global,-1.0,3136.0,0.0001,vgg16-7,True,,,9408.0,141120.0,150528.0,6.25,random
456.0,onnx/vgg16-7.onnx,vnnlib/n02105641_Old_English_sheepdog_global_k1568_eps_0.0001.vnnlib,1200.0,unsat False,0.863231897354126,0.0,569.7305035591125,607.8027086257935,0.0,n02105641_Old_English_sheepdog,global,-1.0,1568.0,0.0001,vgg16-7,True,,,4704.0,145824.0,150528.0,3.125,random
457.0,onnx/vgg16-7.onnx,vnnlib/n02105641_Old_English_sheepdog_fix_mask_seg0_k50176_eps_0.0001.vnnlib,1200.0,unsat False,0.8513564467430115,0.0,644.3296618461609,689.4044163227081,0.0,n02105641_Old_English_sheepdog,fix_mask,0.0,50176.0,0.0001,vgg16-7,False,0.8977691531181335,"[0, 0, 204, 223]",48195.0,102333.0,150528.0,32.017299107142854,random
458.0,onnx/vgg16-7.onnx,vnnlib/n02105641_Old_English_sheepdog_fix_mask_seg0_k25088_eps_0.0001.vnnlib,1200.0,unsat False,0.8513568639755249,0.0,645.128142118454,688.2359435558319,0.0,n02105641_Old_English_sheepdog,fix_mask,0.0,25088.0,0.0001,vgg16-7,False,0.8977691531181335,"[0, 0, 204, 223]",48195.0,102333.0,150528.0,32.017299107142854,random
459.0,onnx/vgg16-7.onnx,vnnlib/n02105641_Old_English_sheepdog_fix_mask_seg0_k12544_eps_0.0001.vnnlib,1200.0,unsat False,0.8552725911140442,0.0,630.3614227771759,675.5268814563751,0.0,n02105641_Old_English_sheepdog,fix_mask,0.0,12544.0,0.0001,vgg16-7,False,0.8977691531181335,"[0, 0, 204, 223]",37632.0,112896.0,150528.0,25.0,random
460.0,onnx/vgg16-7.onnx,vnnlib/n02105641_Old_English_sheepdog_fix_mask_seg0_k6272_eps_0.0001.vnnlib,1200.0,unsat False,0.8604481220245361,0.0,583.4567823410034,629.3749315738678,0.0,n02105641_Old_English_sheepdog,fix_mask,0.0,6272.0,0.0001,vgg16-7,False,0.8977691531181335,"[0, 0, 204, 223]",18816.0,131712.0,150528.0,12.5,random
461.0,onnx/vgg16-7.onnx,vnnlib/n02105641_Old_English_sheepdog_fix_mask_seg0_k3136_eps_0.0001.vnnlib,1200.0,unsat False,0.8623656630516052,0.0,567.1533410549164,606.8710813522339,0.0,n02105641_Old_English_sheepdog,fix_mask,0.0,3136.0,0.0001,vgg16-7,False,0.8977691531181335,"[0, 0, 204, 223]",9408.0,141120.0,150528.0,6.25,random
462.0,onnx/vgg16-7.onnx,vnnlib/n02105641_Old_English_sheepdog_fix_mask_seg0_k1568_eps_0.0001.vnnlib,1200.0,unsat False,0.8632470965385437,0.0,584.3373544216156,622.9392938613892,0.0,n02105641_Old_English_sheepdog,fix_mask,0.0,1568.0,0.0001,vgg16-7,False,0.8977691531181335,"[0, 0, 204, 223]",4704.0,145824.0,150528.0,3.125,random
463.0,onnx/vgg16-7.onnx,vnnlib/n02105641_Old_English_sheepdog_fix_nonmask_seg0_k50176_eps_0.0001.vnnlib,1200.0,unsat False,0.7852386236190796,0.0,707.1878526210785,755.1330993175507,0.0,n02105641_Old_English_sheepdog,fix_nonmask,0.0,50176.0,0.0001,vgg16-7,False,0.8977691531181335,"[0, 0, 204, 223]",102333.0,48195.0,150528.0,67.98270089285714,random
464.0,onnx/vgg16-7.onnx,vnnlib/n02105641_Old_English_sheepdog_fix_nonmask_seg0_k25088_eps_0.0001.vnnlib,1200.0,unsat False,0.8324657678604126,0.0,694.2232656478882,739.7774171829224,0.0,n02105641_Old_English_sheepdog,fix_nonmask,0.0,25088.0,0.0001,vgg16-7,False,0.8977691531181335,"[0, 0, 204, 223]",75264.0,75264.0,150528.0,50.0,random
465.0,onnx/vgg16-7.onnx,vnnlib/n02105641_Old_English_sheepdog_fix_nonmask_seg0_k12544_eps_0.0001.vnnlib,1200.0,unsat False,0.8549739718437195,0.0,629.3357665538788,674.3429763317108,0.0,n02105641_Old_English_sheepdog,fix_nonmask,0.0,12544.0,0.0001,vgg16-7,False,0.8977691531181335,"[0, 0, 204, 223]",37632.0,112896.0,150528.0,25.0,random
466.0,onnx/vgg16-7.onnx,vnnlib/n02105641_Old_English_sheepdog_fix_nonmask_seg0_k6272_eps_0.0001.vnnlib,1200.0,unsat False,0.860509991645813,0.0,587.1817545890808,632.7378401756287,0.0,n02105641_Old_English_sheepdog,fix_nonmask,0.0,6272.0,0.0001,vgg16-7,False,0.8977691531181335,"[0, 0, 204, 223]",18816.0,131712.0,150528.0,12.5,random
467.0,onnx/vgg16-7.onnx,vnnlib/n02105641_Old_English_sheepdog_fix_nonmask_seg0_k3136_eps_0.0001.vnnlib,1200.0,unsat False,0.8624609708786011,0.0,581.8191692829132,617.6009831428528,0.0,n02105641_Old_English_sheepdog,fix_nonmask,0.0,3136.0,0.0001,vgg16-7,False,0.8977691531181335,"[0, 0, 204, 223]",9408.0,141120.0,150528.0,6.25,random
468.0,onnx/vgg16-7.onnx,vnnlib/n02105641_Old_English_sheepdog_fix_nonmask_seg0_k1568_eps_0.0001.vnnlib,1200.0,unsat False,0.8633022308349609,0.0,551.246652841568,587.5834085941315,0.0,n02105641_Old_English_sheepdog,fix_nonmask,0.0,1568.0,0.0001,vgg16-7,False,0.8977691531181335,"[0, 0, 204, 223]",4704.0,145824.0,150528.0,3.125,random
469.0,onnx/vgg16-7.onnx,vnnlib/n02105855_Shetland_sheepdog_global_k50176_eps_0.0001.vnnlib,1200.0,sat True,,,,36.01392865180969,0.0,n02105855_Shetland_sheepdog,global,-1.0,50176.0,0.0001,vgg16-7,True,,,150528.0,0.0,150528.0,100.0,random
470.0,onnx/vgg16-7.onnx,vnnlib/n02105855_Shetland_sheepdog_global_k25088_eps_0.0001.vnnlib,1200.0,sat True,,,,36.36923360824585,0.0,n02105855_Shetland_sheepdog,global,-1.0,25088.0,0.0001,vgg16-7,True,,,75264.0,75264.0,150528.0,50.0,random
471.0,onnx/vgg16-7.onnx,vnnlib/n02105855_Shetland_sheepdog_global_k12544_eps_0.0001.vnnlib,1200.0,sat True,,,,37.07081842422485,0.0,n02105855_Shetland_sheepdog,global,-1.0,12544.0,0.0001,vgg16-7,True,,,37632.0,112896.0,150528.0,25.0,random
472.0,onnx/vgg16-7.onnx,vnnlib/n02105855_Shetland_sheepdog_global_k6272_eps_0.0001.vnnlib,1200.0,sat True,,,,38.103328227996826,0.0,n02105855_Shetland_sheepdog,global,-1.0,6272.0,0.0001,vgg16-7,True,,,18816.0,131712.0,150528.0,12.5,random
473.0,onnx/vgg16-7.onnx,vnnlib/n02105855_Shetland_sheepdog_global_k3136_eps_0.0001.vnnlib,1200.0,sat False,-inf,,1.80014967918396,39.04163885116577,0.0,n02105855_Shetland_sheepdog,global,-1.0,3136.0,0.0001,vgg16-7,True,,,9408.0,141120.0,150528.0,6.25,random
474.0,onnx/vgg16-7.onnx,vnnlib/n02105855_Shetland_sheepdog_global_k1568_eps_0.0001.vnnlib,1200.0,sat False,-inf,,1.791572332382202,40.29204106330872,0.0,n02105855_Shetland_sheepdog,global,-1.0,1568.0,0.0001,vgg16-7,True,,,4704.0,145824.0,150528.0,3.125,random
475.0,onnx/vgg16-7.onnx,vnnlib/n02105855_Shetland_sheepdog_fix_mask_seg0_k50176_eps_0.0001.vnnlib,1200.0,sat True,,,,37.93789887428284,0.0,n02105855_Shetland_sheepdog,fix_mask,0.0,50176.0,0.0001,vgg16-7,False,0.8815221786499023,"[0, 0, 223, 223]",45069.0,105459.0,150528.0,29.940609056122447,random
476.0,onnx/vgg16-7.onnx,vnnlib/n02105855_Shetland_sheepdog_fix_mask_seg0_k25088_eps_0.0001.vnnlib,1200.0,sat True,,,,37.600228786468506,0.0,n02105855_Shetland_sheepdog,fix_mask,0.0,25088.0,0.0001,vgg16-7,False,0.8815221786499023,"[0, 0, 223, 223]",45069.0,105459.0,150528.0,29.940609056122447,random
477.0,onnx/vgg16-7.onnx,vnnlib/n02105855_Shetland_sheepdog_fix_mask_seg0_k12544_eps_0.0001.vnnlib,1200.0,sat True,,,,36.7070369720459,0.0,n02105855_Shetland_sheepdog,fix_mask,0.0,12544.0,0.0001,vgg16-7,False,0.8815221786499023,"[0, 0, 223, 223]",37632.0,112896.0,150528.0,25.0,random
478.0,onnx/vgg16-7.onnx,vnnlib/n02105855_Shetland_sheepdog_fix_mask_seg0_k6272_eps_0.0001.vnnlib,1200.0,sat True,,,,39.207560300827026,0.0,n02105855_Shetland_sheepdog,fix_mask,0.0,6272.0,0.0001,vgg16-7,False,0.8815221786499023,"[0, 0, 223, 223]",18816.0,131712.0,150528.0,12.5,random
479.0,onnx/vgg16-7.onnx,vnnlib/n02105855_Shetland_sheepdog_fix_mask_seg0_k3136_eps_0.0001.vnnlib,1200.0,sat False,-inf,,1.747772216796875,38.87331581115723,0.0,n02105855_Shetland_sheepdog,fix_mask,0.0,3136.0,0.0001,vgg16-7,False,0.8815221786499023,"[0, 0, 223, 223]",9408.0,141120.0,150528.0,6.25,random
480.0,onnx/vgg16-7.onnx,vnnlib/n02105855_Shetland_sheepdog_fix_mask_seg0_k1568_eps_0.0001.vnnlib,1200.0,sat False,-inf,,1.7495245933532717,39.46371102333069,0.0,n02105855_Shetland_sheepdog,fix_mask,0.0,1568.0,0.0001,vgg16-7,False,0.8815221786499023,"[0, 0, 223, 223]",4704.0,145824.0,150528.0,3.125,random
481.0,onnx/vgg16-7.onnx,vnnlib/n02105855_Shetland_sheepdog_fix_nonmask_seg0_k50176_eps_0.0001.vnnlib,1200.0,sat True,,,,40.0879340171814,0.0,n02105855_Shetland_sheepdog,fix_nonmask,0.0,50176.0,0.0001,vgg16-7,False,0.8815221786499023,"[0, 0, 223, 223]",105459.0,45069.0,150528.0,70.05939094387755,random
482.0,onnx/vgg16-7.onnx,vnnlib/n02105855_Shetland_sheepdog_fix_nonmask_seg0_k25088_eps_0.0001.vnnlib,1200.0,sat True,,,,38.73009443283081,0.0,n02105855_Shetland_sheepdog,fix_nonmask,0.0,25088.0,0.0001,vgg16-7,False,0.8815221786499023,"[0, 0, 223, 223]",75264.0,75264.0,150528.0,50.0,random
483.0,onnx/vgg16-7.onnx,vnnlib/n02105855_Shetland_sheepdog_fix_nonmask_seg0_k12544_eps_0.0001.vnnlib,1200.0,sat True,,,,40.182636976242065,0.0,n02105855_Shetland_sheepdog,fix_nonmask,0.0,12544.0,0.0001,vgg16-7,False,0.8815221786499023,"[0, 0, 223, 223]",37632.0,112896.0,150528.0,25.0,random
484.0,onnx/vgg16-7.onnx,vnnlib/n02105855_Shetland_sheepdog_fix_nonmask_seg0_k6272_eps_0.0001.vnnlib,1200.0,sat True,,,,38.94525074958801,0.0,n02105855_Shetland_sheepdog,fix_nonmask,0.0,6272.0,0.0001,vgg16-7,False,0.8815221786499023,"[0, 0, 223, 223]",18816.0,131712.0,150528.0,12.5,random
485.0,onnx/vgg16-7.onnx,vnnlib/n02105855_Shetland_sheepdog_fix_nonmask_seg0_k3136_eps_0.0001.vnnlib,1200.0,sat False,-inf,,1.8193533420562744,38.58182239532471,0.0,n02105855_Shetland_sheepdog,fix_nonmask,0.0,3136.0,0.0001,vgg16-7,False,0.8815221786499023,"[0, 0, 223, 223]",9408.0,141120.0,150528.0,6.25,random
486.0,onnx/vgg16-7.onnx,vnnlib/n02105855_Shetland_sheepdog_fix_nonmask_seg0_k1568_eps_0.0001.vnnlib,1200.0,sat False,-inf,,1.7859611511230469,39.190245151519775,0.0,n02105855_Shetland_sheepdog,fix_nonmask,0.0,1568.0,0.0001,vgg16-7,False,0.8815221786499023,"[0, 0, 223, 223]",4704.0,145824.0,150528.0,3.125,random
487.0,onnx/vgg16-7.onnx,vnnlib/n02106166_Border_collie_global_k50176_eps_0.0001.vnnlib,1200.0,sat True,,,,40.07824420928955,0.0,n02106166_Border_collie,global,-1.0,50176.0,0.0001,vgg16-7,True,,,150528.0,0.0,150528.0,100.0,random
488.0,onnx/vgg16-7.onnx,vnnlib/n02106166_Border_collie_global_k25088_eps_0.0001.vnnlib,1200.0,sat True,,,,37.88731575012207,0.0,n02106166_Border_collie,global,-1.0,25088.0,0.0001,vgg16-7,True,,,75264.0,75264.0,150528.0,50.0,random
489.0,onnx/vgg16-7.onnx,vnnlib/n02106166_Border_collie_global_k12544_eps_0.0001.vnnlib,1200.0,sat True,,,,38.9681875705719,0.0,n02106166_Border_collie,global,-1.0,12544.0,0.0001,vgg16-7,True,,,37632.0,112896.0,150528.0,25.0,random
490.0,onnx/vgg16-7.onnx,vnnlib/n02106166_Border_collie_global_k6272_eps_0.0001.vnnlib,1200.0,sat True,,,,38.572837114334106,0.0,n02106166_Border_collie,global,-1.0,6272.0,0.0001,vgg16-7,True,,,18816.0,131712.0,150528.0,12.5,random
491.0,onnx/vgg16-7.onnx,vnnlib/n02106166_Border_collie_global_k3136_eps_0.0001.vnnlib,1200.0,sat False,-inf,,1.833963394165039,40.231480836868286,0.0,n02106166_Border_collie,global,-1.0,3136.0,0.0001,vgg16-7,True,,,9408.0,141120.0,150528.0,6.25,random
492.0,onnx/vgg16-7.onnx,vnnlib/n02106166_Border_collie_global_k1568_eps_0.0001.vnnlib,1200.0,sat False,-inf,,1.8025755882263184,39.93449521064758,0.0,n02106166_Border_collie,global,-1.0,1568.0,0.0001,vgg16-7,True,,,4704.0,145824.0,150528.0,3.125,random
493.0,onnx/vgg16-7.onnx,vnnlib/n02106166_Border_collie_fix_mask_seg0_k50176_eps_0.0001.vnnlib,1200.0,sat True,,,,38.92815780639648,0.0,n02106166_Border_collie,fix_mask,0.0,50176.0,0.0001,vgg16-7,False,0.8706178069114685,"[0, 0, 223, 223]",61281.0,89247.0,150528.0,40.71069834183673,random
494.0,onnx/vgg16-7.onnx,vnnlib/n02106166_Border_collie_fix_mask_seg0_k25088_eps_0.0001.vnnlib,1200.0,sat True,,,,36.31105351448059,0.0,n02106166_Border_collie,fix_mask,0.0,25088.0,0.0001,vgg16-7,False,0.8706178069114685,"[0, 0, 223, 223]",61281.0,89247.0,150528.0,40.71069834183673,random
495.0,onnx/vgg16-7.onnx,vnnlib/n02106166_Border_collie_fix_mask_seg0_k12544_eps_0.0001.vnnlib,1200.0,sat True,,,,40.67017078399658,0.0,n02106166_Border_collie,fix_mask,0.0,12544.0,0.0001,vgg16-7,False,0.8706178069114685,"[0, 0, 223, 223]",37632.0,112896.0,150528.0,25.0,random
496.0,onnx/vgg16-7.onnx,vnnlib/n02106166_Border_collie_fix_mask_seg0_k6272_eps_0.0001.vnnlib,1200.0,sat True,,,,39.68517017364502,0.0,n02106166_Border_collie,fix_mask,0.0,6272.0,0.0001,vgg16-7,False,0.8706178069114685,"[0, 0, 223, 223]",18816.0,131712.0,150528.0,12.5,random
497.0,onnx/vgg16-7.onnx,vnnlib/n02106166_Border_collie_fix_mask_seg0_k3136_eps_0.0001.vnnlib,1200.0,sat False,-inf,,1.6647427082061768,42.166890144348145,0.0,n02106166_Border_collie,fix_mask,0.0,3136.0,0.0001,vgg16-7,False,0.8706178069114685,"[0, 0, 223, 223]",9408.0,141120.0,150528.0,6.25,random
498.0,onnx/vgg16-7.onnx,vnnlib/n02106166_Border_collie_fix_mask_seg0_k1568_eps_0.0001.vnnlib,1200.0,sat False,-inf,,1.7677559852600098,39.76280355453491,0.0,n02106166_Border_collie,fix_mask,0.0,1568.0,0.0001,vgg16-7,False,0.8706178069114685,"[0, 0, 223, 223]",4704.0,145824.0,150528.0,3.125,random
499.0,onnx/vgg16-7.onnx,vnnlib/n02106166_Border_collie_fix_nonmask_seg0_k50176_eps_0.0001.vnnlib,1200.0,sat True,,,,39.67898344993591,0.0,n02106166_Border_collie,fix_nonmask,0.0,50176.0,0.0001,vgg16-7,False,0.8706178069114685,"[0, 0, 223, 223]",89247.0,61281.0,150528.0,59.28930165816327,random
500.0,onnx/vgg16-7.onnx,vnnlib/n02106166_Border_collie_fix_nonmask_seg0_k25088_eps_0.0001.vnnlib,1200.0,sat True,,,,39.03537654876709,0.0,n02106166_Border_collie,fix_nonmask,0.0,25088.0,0.0001,vgg16-7,False,0.8706178069114685,"[0, 0, 223, 223]",75264.0,75264.0,150528.0,50.0,random
501.0,onnx/vgg16-7.onnx,vnnlib/n02106166_Border_collie_fix_nonmask_seg0_k12544_eps_0.0001.vnnlib,1200.0,sat True,,,,37.82349467277527,0.0,n02106166_Border_collie,fix_nonmask,0.0,12544.0,0.0001,vgg16-7,False,0.8706178069114685,"[0, 0, 223, 223]",37632.0,112896.0,150528.0,25.0,random
502.0,onnx/vgg16-7.onnx,vnnlib/n02106166_Border_collie_fix_nonmask_seg0_k6272_eps_0.0001.vnnlib,1200.0,sat True,,,,37.60595345497131,0.0,n02106166_Border_collie,fix_nonmask,0.0,6272.0,0.0001,vgg16-7,False,0.8706178069114685,"[0, 0, 223, 223]",18816.0,131712.0,150528.0,12.5,random
503.0,onnx/vgg16-7.onnx,vnnlib/n02106166_Border_collie_fix_nonmask_seg0_k3136_eps_0.0001.vnnlib,1200.0,sat False,-inf,,1.7484538555145264,40.07992506027222,0.0,n02106166_Border_collie,fix_nonmask,0.0,3136.0,0.0001,vgg16-7,False,0.8706178069114685,"[0, 0, 223, 223]",9408.0,141120.0,150528.0,6.25,random
504.0,onnx/vgg16-7.onnx,vnnlib/n02106166_Border_collie_fix_nonmask_seg0_k1568_eps_0.0001.vnnlib,1200.0,sat False,-inf,,2.153538942337036,38.84319472312927,0.0,n02106166_Border_collie,fix_nonmask,0.0,1568.0,0.0001,vgg16-7,False,0.8706178069114685,"[0, 0, 223, 223]",4704.0,145824.0,150528.0,3.125,random
505.0,onnx/vgg16-7.onnx,vnnlib/n02106382_Bouvier_des_Flandres_global_k50176_eps_0.0001.vnnlib,1200.0,sat True,,,,38.33694386482239,0.0,n02106382_Bouvier_des_Flandres,global,-1.0,50176.0,0.0001,vgg16-7,True,,,150528.0,0.0,150528.0,100.0,random
506.0,onnx/vgg16-7.onnx,vnnlib/n02106382_Bouvier_des_Flandres_global_k25088_eps_0.0001.vnnlib,1200.0,sat True,,,,38.784467935562134,0.0,n02106382_Bouvier_des_Flandres,global,-1.0,25088.0,0.0001,vgg16-7,True,,,75264.0,75264.0,150528.0,50.0,random
507.0,onnx/vgg16-7.onnx,vnnlib/n02106382_Bouvier_des_Flandres_global_k12544_eps_0.0001.vnnlib,1200.0,sat True,,,,38.32100319862366,0.0,n02106382_Bouvier_des_Flandres,global,-1.0,12544.0,0.0001,vgg16-7,True,,,37632.0,112896.0,150528.0,25.0,random
508.0,onnx/vgg16-7.onnx,vnnlib/n02106382_Bouvier_des_Flandres_global_k6272_eps_0.0001.vnnlib,1200.0,sat True,,,,38.992884159088135,0.0,n02106382_Bouvier_des_Flandres,global,-1.0,6272.0,0.0001,vgg16-7,True,,,18816.0,131712.0,150528.0,12.5,random
509.0,onnx/vgg16-7.onnx,vnnlib/n02106382_Bouvier_des_Flandres_global_k3136_eps_0.0001.vnnlib,1200.0,sat False,-inf,,1.7720568180084229,40.30692481994629,0.0,n02106382_Bouvier_des_Flandres,global,-1.0,3136.0,0.0001,vgg16-7,True,,,9408.0,141120.0,150528.0,6.25,random
510.0,onnx/vgg16-7.onnx,vnnlib/n02106382_Bouvier_des_Flandres_global_k1568_eps_0.0001.vnnlib,1200.0,sat False,-inf,,1.1980063915252686,41.29630517959595,0.0,n02106382_Bouvier_des_Flandres,global,-1.0,1568.0,0.0001,vgg16-7,True,,,4704.0,145824.0,150528.0,3.125,random
511.0,onnx/vgg16-7.onnx,vnnlib/n02106382_Bouvier_des_Flandres_fix_mask_seg0_k50176_eps_0.0001.vnnlib,1200.0,sat True,,,,37.711973667144775,0.0,n02106382_Bouvier_des_Flandres,fix_mask,0.0,50176.0,0.0001,vgg16-7,False,0.9063473343849182,"[0, 0, 223, 223]",27678.0,122850.0,150528.0,18.387276785714285,random
512.0,onnx/vgg16-7.onnx,vnnlib/n02106382_Bouvier_des_Flandres_fix_mask_seg0_k25088_eps_0.0001.vnnlib,1200.0,sat True,,,,39.2588369846344,0.0,n02106382_Bouvier_des_Flandres,fix_mask,0.0,25088.0,0.0001,vgg16-7,False,0.9063473343849182,"[0, 0, 223, 223]",27678.0,122850.0,150528.0,18.387276785714285,random
513.0,onnx/vgg16-7.onnx,vnnlib/n02106382_Bouvier_des_Flandres_fix_mask_seg0_k12544_eps_0.0001.vnnlib,1200.0,sat True,,,,38.14376592636109,0.0,n02106382_Bouvier_des_Flandres,fix_mask,0.0,12544.0,0.0001,vgg16-7,False,0.9063473343849182,"[0, 0, 223, 223]",27678.0,122850.0,150528.0,18.387276785714285,random
514.0,onnx/vgg16-7.onnx,vnnlib/n02106382_Bouvier_des_Flandres_fix_mask_seg0_k6272_eps_0.0001.vnnlib,1200.0,sat True,,,,37.59510350227356,0.0,n02106382_Bouvier_des_Flandres,fix_mask,0.0,6272.0,0.0001,vgg16-7,False,0.9063473343849182,"[0, 0, 223, 223]",18816.0,131712.0,150528.0,12.5,random
515.0,onnx/vgg16-7.onnx,vnnlib/n02106382_Bouvier_des_Flandres_fix_mask_seg0_k3136_eps_0.0001.vnnlib,1200.0,sat False,-inf,,1.7732160091400146,40.86281394958496,0.0,n02106382_Bouvier_des_Flandres,fix_mask,0.0,3136.0,0.0001,vgg16-7,False,0.9063473343849182,"[0, 0, 223, 223]",9408.0,141120.0,150528.0,6.25,random
516.0,onnx/vgg16-7.onnx,vnnlib/n02106382_Bouvier_des_Flandres_fix_mask_seg0_k1568_eps_0.0001.vnnlib,1200.0,sat False,-inf,,1.7758517265319824,42.04403591156006,0.0,n02106382_Bouvier_des_Flandres,fix_mask,0.0,1568.0,0.0001,vgg16-7,False,0.9063473343849182,"[0, 0, 223, 223]",4704.0,145824.0,150528.0,3.125,random
517.0,onnx/vgg16-7.onnx,vnnlib/n02106382_Bouvier_des_Flandres_fix_nonmask_seg0_k50176_eps_0.0001.vnnlib,1200.0,sat True,,,,37.24126935005188,0.0,n02106382_Bouvier_des_Flandres,fix_nonmask,0.0,50176.0,0.0001,vgg16-7,False,0.9063473343849182,"[0, 0, 223, 223]",122850.0,27678.0,150528.0,81.61272321428571,random
518.0,onnx/vgg16-7.onnx,vnnlib/n02106382_Bouvier_des_Flandres_fix_nonmask_seg0_k25088_eps_0.0001.vnnlib,1200.0,sat True,,,,38.52022838592529,0.0,n02106382_Bouvier_des_Flandres,fix_nonmask,0.0,25088.0,0.0001,vgg16-7,False,0.9063473343849182,"[0, 0, 223, 223]",75264.0,75264.0,150528.0,50.0,random
519.0,onnx/vgg16-7.onnx,vnnlib/n02106382_Bouvier_des_Flandres_fix_nonmask_seg0_k12544_eps_0.0001.vnnlib,1200.0,sat True,,,,39.48128533363342,0.0,n02106382_Bouvier_des_Flandres,fix_nonmask,0.0,12544.0,0.0001,vgg16-7,False,0.9063473343849182,"[0, 0, 223, 223]",37632.0,112896.0,150528.0,25.0,random
520.0,onnx/vgg16-7.onnx,vnnlib/n02106382_Bouvier_des_Flandres_fix_nonmask_seg0_k6272_eps_0.0001.vnnlib,1200.0,sat True,,,,40.602845191955566,0.0,n02106382_Bouvier_des_Flandres,fix_nonmask,0.0,6272.0,0.0001,vgg16-7,False,0.9063473343849182,"[0, 0, 223, 223]",18816.0,131712.0,150528.0,12.5,random
521.0,onnx/vgg16-7.onnx,vnnlib/n02106382_Bouvier_des_Flandres_fix_nonmask_seg0_k3136_eps_0.0001.vnnlib,1200.0,sat False,-inf,,0.8832337856292725,37.87340021133423,0.0,n02106382_Bouvier_des_Flandres,fix_nonmask,0.0,3136.0,0.0001,vgg16-7,False,0.9063473343849182,"[0, 0, 223, 223]",9408.0,141120.0,150528.0,6.25,random
522.0,onnx/vgg16-7.onnx,vnnlib/n02106382_Bouvier_des_Flandres_fix_nonmask_seg0_k1568_eps_0.0001.vnnlib,1200.0,sat False,-inf,,1.7841238975524902,41.717485427856445,0.0,n02106382_Bouvier_des_Flandres,fix_nonmask,0.0,1568.0,0.0001,vgg16-7,False,0.9063473343849182,"[0, 0, 223, 223]",4704.0,145824.0,150528.0,3.125,random
523.0,onnx/vgg16-7.onnx,vnnlib/n02106550_Rottweiler_global_k50176_eps_0.0001.vnnlib,1200.0,timeout False,-6.441967010498047,3.0,2372.1462857723236,2416.585492372513,0.0,n02106550_Rottweiler,global,-1.0,50176.0,0.0001,vgg16-7,True,,,150528.0,0.0,150528.0,100.0,random
524.0,onnx/vgg16-7.onnx,vnnlib/n02106550_Rottweiler_global_k25088_eps_0.0001.vnnlib,1200.0,unsat False,0.1607510596513748,0.0,682.3127152919769,729.5637176036835,0.0,n02106550_Rottweiler,global,-1.0,25088.0,0.0001,vgg16-7,True,,,75264.0,75264.0,150528.0,50.0,random
525.0,onnx/vgg16-7.onnx,vnnlib/n02106550_Rottweiler_global_k12544_eps_0.0001.vnnlib,1200.0,unsat False,0.1983591318130493,0.0,666.6036698818207,712.2896752357483,0.0,n02106550_Rottweiler,global,-1.0,12544.0,0.0001,vgg16-7,True,,,37632.0,112896.0,150528.0,25.0,random
526.0,onnx/vgg16-7.onnx,vnnlib/n02106550_Rottweiler_global_k6272_eps_0.0001.vnnlib,1200.0,unsat False,0.206564575433731,0.0,627.2122068405151,674.2289440631866,0.0,n02106550_Rottweiler,global,-1.0,6272.0,0.0001,vgg16-7,True,,,18816.0,131712.0,150528.0,12.5,random
527.0,onnx/vgg16-7.onnx,vnnlib/n02106550_Rottweiler_global_k3136_eps_0.0001.vnnlib,1200.0,unsat False,0.2095901370048523,0.0,560.3215758800507,598.714301109314,0.0,n02106550_Rottweiler,global,-1.0,3136.0,0.0001,vgg16-7,True,,,9408.0,141120.0,150528.0,6.25,random
528.0,onnx/vgg16-7.onnx,vnnlib/n02106550_Rottweiler_global_k1568_eps_0.0001.vnnlib,1200.0,unsat False,0.2107907086610794,0.0,540.8688485622406,580.175909280777,0.0,n02106550_Rottweiler,global,-1.0,1568.0,0.0001,vgg16-7,True,,,4704.0,145824.0,150528.0,3.125,random
529.0,onnx/vgg16-7.onnx,vnnlib/n02106550_Rottweiler_fix_mask_seg0_k50176_eps_0.0001.vnnlib,1200.0,unsat False,0.1411553770303726,0.0,694.7365102767944,742.7347710132599,0.0,n02106550_Rottweiler,fix_mask,0.0,50176.0,0.0001,vgg16-7,False,0.8258552551269531,"[0, 1, 223, 222]",72984.0,77544.0,150528.0,48.485331632653065,random
530.0,onnx/vgg16-7.onnx,vnnlib/n02106550_Rottweiler_fix_mask_seg0_k25088_eps_0.0001.vnnlib,1200.0,unsat False,0.1411552131175995,0.0,691.7361471652985,739.4781446456909,0.0,n02106550_Rottweiler,fix_mask,0.0,25088.0,0.0001,vgg16-7,False,0.8258552551269531,"[0, 1, 223, 222]",72984.0,77544.0,150528.0,48.485331632653065,random
531.0,onnx/vgg16-7.onnx,vnnlib/n02106550_Rottweiler_fix_mask_seg0_k12544_eps_0.0001.vnnlib,1200.0,unsat False,0.1958280205726623,0.0,666.6822600364685,713.2924172878265,0.0,n02106550_Rottweiler,fix_mask,0.0,12544.0,0.0001,vgg16-7,False,0.8258552551269531,"[0, 1, 223, 222]",37632.0,112896.0,150528.0,25.0,random
532.0,onnx/vgg16-7.onnx,vnnlib/n02106550_Rottweiler_fix_mask_seg0_k6272_eps_0.0001.vnnlib,1200.0,unsat False,0.2059769034385681,0.0,612.1358013153076,659.2738463878632,0.0,n02106550_Rottweiler,fix_mask,0.0,6272.0,0.0001,vgg16-7,False,0.8258552551269531,"[0, 1, 223, 222]",18816.0,131712.0,150528.0,12.5,random
533.0,onnx/vgg16-7.onnx,vnnlib/n02106550_Rottweiler_fix_mask_seg0_k3136_eps_0.0001.vnnlib,1200.0,unsat False,0.2092192769050598,0.0,559.1219799518585,598.6836054325104,0.0,n02106550_Rottweiler,fix_mask,0.0,3136.0,0.0001,vgg16-7,False,0.8258552551269531,"[0, 1, 223, 222]",9408.0,141120.0,150528.0,6.25,random
534.0,onnx/vgg16-7.onnx,vnnlib/n02106550_Rottweiler_fix_mask_seg0_k1568_eps_0.0001.vnnlib,1200.0,unsat False,0.2106626182794571,0.0,543.5280091762543,584.1815855503082,0.0,n02106550_Rottweiler,fix_mask,0.0,1568.0,0.0001,vgg16-7,False,0.8258552551269531,"[0, 1, 223, 222]",4704.0,145824.0,150528.0,3.125,random
535.0,onnx/vgg16-7.onnx,vnnlib/n02106550_Rottweiler_fix_nonmask_seg0_k50176_eps_0.0001.vnnlib,1200.0,unsat False,0.1650712490081787,0.0,696.6746084690094,743.9554917812347,0.0,n02106550_Rottweiler,fix_nonmask,0.0,50176.0,0.0001,vgg16-7,False,0.8258552551269531,"[0, 1, 223, 222]",77544.0,72984.0,150528.0,51.514668367346935,random
536.0,onnx/vgg16-7.onnx,vnnlib/n02106550_Rottweiler_fix_nonmask_seg0_k25088_eps_0.0001.vnnlib,1200.0,unsat False,0.1685320138931274,0.0,694.7034566402435,746.5662939548492,0.0,n02106550_Rottweiler,fix_nonmask,0.0,25088.0,0.0001,vgg16-7,False,0.8258552551269531,"[0, 1, 223, 222]",75264.0,75264.0,150528.0,50.0,random
,,,,,,,,,,,,,,,nan,,,,,,,,
,,,,,,,,,,,,,,,nan,,,,,,,,
,,,,,,,,,,,,,,,nan,,,,,,,,
