instance_id,onnx,vnnlib,timeout,result,lb_minus_rhs,domains_visited,bab_time,all_time,init_unstable,image,segment_index,pattern,k,eps_res,tag,is_global,eps,score,bbox,num_changed,num_fixed,total,percent_changed
3,onnx/vgg16-7.onnx,vnnlib/n01440764_tench_global_k10_eps_0.0003.vnnlib,1200,sat False,-inf,,2.445932626724243,1859.2410905361176,0.0,n01440764_tench,-1.0,global,10.0,0.0003,n01440764_tench_global,True,0.0003,,,30.0,150498.0,150528.0,0.0199298469387755
7,onnx/vgg16-7.onnx,vnnlib/n01440764_tench_seg0_fixmask_k10_eps_0.0003.vnnlib,1200,sat False,-inf,,1.3825204372406006,2251.6592683792114,0.0,n01440764_tench,0.0,fix_mask,10.0,0.0003,n01440764_tench_seg0_fixmask,False,0.0003,0.9453021287918092,"[0, 0, 223, 223]",0.0,150528.0,150528.0,0.0
11,onnx/vgg16-7.onnx,vnnlib/n01440764_tench_seg0_fixnonmask_k10_eps_0.0003.vnnlib,1200,sat False,-inf,,1.5784780979156494,1862.2933382987976,0.0,n01440764_tench,0.0,fix_nonmask,10.0,0.0003,n01440764_tench_seg0_fixnonmask,False,0.0003,0.9453021287918092,"[0, 0, 223, 223]",30.0,150498.0,150528.0,0.0199298469387755
15,onnx/vgg16-7.onnx,vnnlib/n01443537_goldfish_global_k10_eps_0.0003.vnnlib,1200,unsat False,1.833369255065918,0.0,592.783171415329,2443.075952768326,0.0,n01443537_goldfish,-1.0,global,10.0,0.0003,n01443537_goldfish_global,True,0.0003,,,30.0,150498.0,150528.0,0.0199298469387755
19,onnx/vgg16-7.onnx,vnnlib/n01443537_goldfish_seg0_fixmask_k10_eps_0.0003.vnnlib,1200,unsat False,1.8333916664123535,0.0,287.29821252822876,2145.790349006653,0.0,n01443537_goldfish,0.0,fix_mask,10.0,0.0003,n01443537_goldfish_seg0_fixmask,False,0.0003,0.8230906128883362,"[0, 1, 223, 222]",6.0,150522.0,150528.0,0.0039859693877551
23,onnx/vgg16-7.onnx,vnnlib/n01443537_goldfish_seg0_fixnonmask_k10_eps_0.0003.vnnlib,1200,unsat False,1.8333747386932373,0.0,551.3577270507812,2402.248774290085,0.0,n01443537_goldfish,0.0,fix_nonmask,10.0,0.0003,n01443537_goldfish_seg0_fixnonmask,False,0.0003,0.8230906128883362,"[0, 1, 223, 222]",24.0,150504.0,150528.0,0.0159438775510204
63,onnx/vgg16-7.onnx,vnnlib/n01514668_cock_global_k10_eps_0.0003.vnnlib,1200,sat False,-inf,,1.379514455795288,2250.5967786312103,0.0,n01514668_cock,-1.0,global,10.0,0.0003,n01514668_cock_global,True,0.0003,,,30.0,150498.0,150528.0,0.0199298469387755
67,onnx/vgg16-7.onnx,vnnlib/n01514668_cock_seg0_fixmask_k10_eps_0.0003.vnnlib,1200,sat False,-inf,,1.4163634777069092,2251.2136857509613,0.0,n01514668_cock,0.0,fix_mask,10.0,0.0003,n01514668_cock_seg0_fixmask,False,0.0003,0.9203562140464784,"[0, 0, 223, 223]",3.0,150525.0,150528.0,0.0019929846938775
71,onnx/vgg16-7.onnx,vnnlib/n01514668_cock_seg0_fixnonmask_k10_eps_0.0003.vnnlib,1200,sat False,-inf,,1.4888336658477783,2242.956638813019,0.0,n01514668_cock,0.0,fix_nonmask,10.0,0.0003,n01514668_cock_seg0_fixnonmask,False,0.0003,0.9203562140464784,"[0, 0, 223, 223]",27.0,150501.0,150528.0,0.0179368622448979
75,onnx/vgg16-7.onnx,vnnlib/n01514859_hen_global_k10_eps_0.0003.vnnlib,1200,sat False,-inf,,1.6265919208526611,2215.8486602306366,0.0,n01514859_hen,-1.0,global,10.0,0.0003,n01514859_hen_global,True,0.0003,,,30.0,150498.0,150528.0,0.0199298469387755
79,onnx/vgg16-7.onnx,vnnlib/n01514859_hen_seg0_fixmask_k10_eps_0.0003.vnnlib,1200,sat False,-inf,,1.5620677471160889,1863.9705972671509,0.0,n01514859_hen,0.0,fix_mask,10.0,0.0003,n01514859_hen_seg0_fixmask,False,0.0003,0.7729081511497498,"[0, 0, 223, 223]",12.0,150516.0,150528.0,0.0079719387755102
83,onnx/vgg16-7.onnx,vnnlib/n01514859_hen_seg0_fixnonmask_k10_eps_0.0003.vnnlib,1200,sat False,-inf,,2.337690830230713,1858.943481683731,0.0,n01514859_hen,0.0,fix_nonmask,10.0,0.0003,n01514859_hen_seg0_fixnonmask,False,0.0003,0.7729081511497498,"[0, 0, 223, 223]",18.0,150510.0,150528.0,0.0119579081632653
87,onnx/vgg16-7.onnx,vnnlib/n01518878_ostrich_global_k10_eps_0.0003.vnnlib,1200,sat False,-inf,,1.642354965209961,1860.8286743164065,0.0,n01518878_ostrich,-1.0,global,10.0,0.0003,n01518878_ostrich_global,True,0.0003,,,30.0,150498.0,150528.0,0.0199298469387755
91,onnx/vgg16-7.onnx,vnnlib/n01518878_ostrich_seg0_fixmask_k10_eps_0.0003.vnnlib,1200,sat False,-inf,,2.4045491218566895,1858.545769929886,0.0,n01518878_ostrich,0.0,fix_mask,10.0,0.0003,n01518878_ostrich_seg0_fixmask,False,0.0003,0.9037345051765442,"[0, 0, 223, 222]",6.0,150522.0,150528.0,0.0039859693877551
95,onnx/vgg16-7.onnx,vnnlib/n01518878_ostrich_seg0_fixnonmask_k10_eps_0.0003.vnnlib,1200,sat False,-inf,,2.415374755859375,1857.8711755275729,0.0,n01518878_ostrich,0.0,fix_nonmask,10.0,0.0003,n01518878_ostrich_seg0_fixnonmask,False,0.0003,0.9037345051765442,"[0, 0, 223, 222]",24.0,150504.0,150528.0,0.0159438775510204
111,onnx/vgg16-7.onnx,vnnlib/n01531178_goldfinch_global_k10_eps_0.0003.vnnlib,1200,sat False,-inf,,2.6056935787200928,1860.174730539322,0.0,n01531178_goldfinch,-1.0,global,10.0,0.0003,n01531178_goldfinch_global,True,0.0003,,,30.0,150498.0,150528.0,0.0199298469387755
115,onnx/vgg16-7.onnx,vnnlib/n01531178_goldfinch_seg0_fixmask_k10_eps_0.0003.vnnlib,1200,sat False,-inf,,2.3921022415161133,1854.5151436328888,0.0,n01531178_goldfinch,0.0,fix_mask,10.0,0.0003,n01531178_goldfinch_seg0_fixmask,False,0.0003,0.8897489309310913,"[0, 0, 223, 223]",6.0,150522.0,150528.0,0.0039859693877551
119,onnx/vgg16-7.onnx,vnnlib/n01531178_goldfinch_seg0_fixnonmask_k10_eps_0.0003.vnnlib,1200,sat False,-inf,,1.3985834121704102,2242.6056430339813,0.0,n01531178_goldfinch,0.0,fix_nonmask,10.0,0.0003,n01531178_goldfinch_seg0_fixnonmask,False,0.0003,0.8897489309310913,"[0, 0, 223, 223]",24.0,150504.0,150528.0,0.0159438775510204
135,onnx/vgg16-7.onnx,vnnlib/n01534433_junco_global_k10_eps_0.0003.vnnlib,1200,unsat False,0.1290347576141357,0.0,536.480593919754,2701.1796572208405,0.0,n01534433_junco,-1.0,global,10.0,0.0003,n01534433_junco_global,True,0.0003,,,30.0,150498.0,150528.0,0.0199298469387755
139,onnx/vgg16-7.onnx,vnnlib/n01534433_junco_seg0_fixmask_k10_eps_0.0003.vnnlib,1200,unsat False,0.1290466487407684,0.0,437.26447772979736,2284.2116680145264,0.0,n01534433_junco,0.0,fix_mask,10.0,0.0003,n01534433_junco_seg0_fixmask,False,0.0003,0.6341137290000916,"[0, 0, 223, 223]",15.0,150513.0,150528.0,0.0099649234693877
143,onnx/vgg16-7.onnx,vnnlib/n01534433_junco_seg0_fixnonmask_k10_eps_0.0003.vnnlib,1200,unsat False,0.129043698310852,0.0,421.2509136199951,2277.164884328842,0.0,n01534433_junco,0.0,fix_nonmask,10.0,0.0003,n01534433_junco_seg0_fixnonmask,False,0.0003,0.6341137290000916,"[0, 0, 223, 223]",15.0,150513.0,150528.0,0.0099649234693877
159,onnx/vgg16-7.onnx,vnnlib/n01558993_robin_global_k10_eps_0.0003.vnnlib,1200,unsat False,0.0509616732597351,0.0,589.8320348262787,2839.52876329422,0.0,n01558993_robin,-1.0,global,10.0,0.0003,n01558993_robin_global,True,0.0003,,,30.0,150498.0,150528.0,0.0199298469387755
163,onnx/vgg16-7.onnx,vnnlib/n01558993_robin_seg0_fixmask_k10_eps_0.0003.vnnlib,1200,unsat False,0.0509830117225647,0.0,427.05531668663025,2666.589124917984,0.0,n01558993_robin,0.0,fix_mask,10.0,0.0003,n01558993_robin_seg0_fixmask,False,0.0003,0.707832932472229,"[0, 0, 223, 223]",12.0,150516.0,150528.0,0.0079719387755102
167,onnx/vgg16-7.onnx,vnnlib/n01558993_robin_seg0_fixnonmask_k10_eps_0.0003.vnnlib,1200,unsat False,0.0509756207466125,0.0,508.1095335483551,2362.320569753647,0.0,n01558993_robin,0.0,fix_nonmask,10.0,0.0003,n01558993_robin_seg0_fixnonmask,False,0.0003,0.707832932472229,"[0, 0, 223, 223]",18.0,150510.0,150528.0,0.0119579081632653
171,onnx/vgg16-7.onnx,vnnlib/n01560419_bulbul_global_k10_eps_0.0003.vnnlib,1200,unsat False,1.052527666091919,0.0,478.5940821170807,2725.0191056728363,0.0,n01560419_bulbul,-1.0,global,10.0,0.0003,n01560419_bulbul_global,True,0.0003,,,30.0,150498.0,150528.0,0.0199298469387755
175,onnx/vgg16-7.onnx,vnnlib/n01560419_bulbul_seg0_fixmask_k10_eps_0.0003.vnnlib,1200,unsat False,1.0525344610214231,0.0,341.6611762046814,2582.873987674713,0.0,n01560419_bulbul,0.0,fix_mask,10.0,0.0003,n01560419_bulbul_seg0_fixmask,False,0.0003,0.7939820885658264,"[0, 0, 223, 223]",12.0,150516.0,150528.0,0.0079719387755102
179,onnx/vgg16-7.onnx,vnnlib/n01560419_bulbul_seg0_fixnonmask_k10_eps_0.0003.vnnlib,1200,unsat False,1.0525388717651367,0.0,444.3330285549164,2297.189213037491,0.0,n01560419_bulbul,0.0,fix_nonmask,10.0,0.0003,n01560419_bulbul_seg0_fixnonmask,False,0.0003,0.7939820885658264,"[0, 0, 223, 223]",18.0,150510.0,150528.0,0.0119579081632653
183,onnx/vgg16-7.onnx,vnnlib/n01580077_jay_global_k10_eps_0.0003.vnnlib,1200,sat False,-inf,,2.7827725410461426,1903.6146385669708,0.0,n01580077_jay,-1.0,global,10.0,0.0003,n01580077_jay_global,True,0.0003,,,30.0,150498.0,150528.0,0.0199298469387755
187,onnx/vgg16-7.onnx,vnnlib/n01580077_jay_seg0_fixmask_k10_eps_0.0003.vnnlib,1200,sat False,-inf,,2.58019495010376,1856.704470396042,0.0,n01580077_jay,0.0,fix_mask,10.0,0.0003,n01580077_jay_seg0_fixmask,False,0.0003,0.8828009963035583,"[0, 0, 223, 222]",6.0,150522.0,150528.0,0.0039859693877551
191,onnx/vgg16-7.onnx,vnnlib/n01580077_jay_seg0_fixnonmask_k10_eps_0.0003.vnnlib,1200,sat False,-inf,,2.70727276802063,1855.2508289813995,0.0,n01580077_jay,0.0,fix_nonmask,10.0,0.0003,n01580077_jay_seg0_fixnonmask,False,0.0003,0.8828009963035583,"[0, 0, 223, 222]",24.0,150504.0,150528.0,0.0159438775510204
195,onnx/vgg16-7.onnx,vnnlib/n01582220_magpie_global_k10_eps_0.0003.vnnlib,1200,unsat False,1.10554039478302,0.0,609.822101354599,2859.7015430927277,0.0,n01582220_magpie,-1.0,global,10.0,0.0003,n01582220_magpie_global,True,0.0003,,,30.0,150498.0,150528.0,0.0199298469387755
199,onnx/vgg16-7.onnx,vnnlib/n01582220_magpie_seg0_fixmask_k10_eps_0.0003.vnnlib,1200,unsat False,1.105575680732727,0.0,318.2844457626343,2567.455218553543,0.0,n01582220_magpie,0.0,fix_mask,10.0,0.0003,n01582220_magpie_seg0_fixmask,False,0.0003,0.7158175110816956,"[0, 0, 223, 223]",6.0,150522.0,150528.0,0.0039859693877551
203,onnx/vgg16-7.onnx,vnnlib/n01582220_magpie_seg0_fixnonmask_k10_eps_0.0003.vnnlib,1200,unsat False,1.1055452823638916,0.0,561.7196431159973,2416.719574689865,0.0,n01582220_magpie,0.0,fix_nonmask,10.0,0.0003,n01582220_magpie_seg0_fixnonmask,False,0.0003,0.7158175110816956,"[0, 0, 223, 223]",24.0,150504.0,150528.0,0.0159438775510204
207,onnx/vgg16-7.onnx,vnnlib/n01592084_chickadee_global_k10_eps_0.0003.vnnlib,1200,unsat False,0.5548608303070068,0.0,612.3623008728027,2467.555958747864,0.0,n01592084_chickadee,-1.0,global,10.0,0.0003,n01592084_chickadee_global,True,0.0003,,,30.0,150498.0,150528.0,0.0199298469387755
211,onnx/vgg16-7.onnx,vnnlib/n01592084_chickadee_seg0_fixmask_k10_eps_0.0003.vnnlib,1200,unsat False,0.5548840165138245,0.0,290.53019666671753,2144.4274764060974,0.0,n01592084_chickadee,0.0,fix_mask,10.0,0.0003,n01592084_chickadee_seg0_fixmask,False,0.0003,0.8566141128540039,"[0, 0, 223, 223]",9.0,150519.0,150528.0,0.0059789540816326
215,onnx/vgg16-7.onnx,vnnlib/n01592084_chickadee_seg0_fixnonmask_k10_eps_0.0003.vnnlib,1200,unsat False,0.5548694133758545,0.0,566.2850420475006,2422.3384444713593,0.0,n01592084_chickadee,0.0,fix_nonmask,10.0,0.0003,n01592084_chickadee_seg0_fixnonmask,False,0.0003,0.8566141128540039,"[0, 0, 223, 223]",21.0,150507.0,150528.0,0.0139508928571428
267,onnx/vgg16-7.onnx,vnnlib/n01631663_eft_global_k10_eps_0.0003.vnnlib,1200,sat False,-inf,,1.5572376251220703,2241.108890771866,0.0,n01631663_eft,-1.0,global,10.0,0.0003,n01631663_eft_global,True,0.0003,,,30.0,150498.0,150528.0,0.0199298469387755
271,onnx/vgg16-7.onnx,vnnlib/n01631663_eft_seg0_fixmask_k10_eps_0.0003.vnnlib,1200,sat False,-inf,,1.5361123085021973,1902.476613998413,0.0,n01631663_eft,0.0,fix_mask,10.0,0.0003,n01631663_eft_seg0_fixmask,False,0.0003,0.8432222008705139,"[0, 0, 223, 223]",9.0,150519.0,150528.0,0.0059789540816326
275,onnx/vgg16-7.onnx,vnnlib/n01631663_eft_seg0_fixnonmask_k10_eps_0.0003.vnnlib,1200,sat False,-inf,,1.558910846710205,2177.754574775696,0.0,n01631663_eft,0.0,fix_nonmask,10.0,0.0003,n01631663_eft_seg0_fixnonmask,False,0.0003,0.8432222008705139,"[0, 0, 223, 223]",21.0,150507.0,150528.0,0.0139508928571428
291,onnx/vgg16-7.onnx,vnnlib/n01641577_bullfrog_global_k10_eps_0.0003.vnnlib,1200,sat False,-inf,,2.567008256912231,1856.3705985546112,0.0,n01641577_bullfrog,-1.0,global,10.0,0.0003,n01641577_bullfrog_global,True,0.0003,,,30.0,150498.0,150528.0,0.0199298469387755
295,onnx/vgg16-7.onnx,vnnlib/n01641577_bullfrog_seg0_fixmask_k10_eps_0.0003.vnnlib,1200,sat False,-inf,,2.3292150497436523,1857.6700139045715,0.0,n01641577_bullfrog,0.0,fix_mask,10.0,0.0003,n01641577_bullfrog_seg0_fixmask,False,0.0003,0.7734455466270447,"[0, 0, 223, 223]",3.0,150525.0,150528.0,0.0019929846938775
299,onnx/vgg16-7.onnx,vnnlib/n01641577_bullfrog_seg0_fixnonmask_k10_eps_0.0003.vnnlib,1200,sat False,-inf,,1.5511183738708496,2180.3483147621155,0.0,n01641577_bullfrog,0.0,fix_nonmask,10.0,0.0003,n01641577_bullfrog_seg0_fixnonmask,False,0.0003,0.7734455466270447,"[0, 0, 223, 223]",27.0,150501.0,150528.0,0.0179368622448979
351,onnx/vgg16-7.onnx,vnnlib/n01667778_terrapin_global_k10_eps_0.0003.vnnlib,1200,unsat False,1.192779779434204,0.0,567.2376990318298,2419.6578619480133,0.0,n01667778_terrapin,-1.0,global,10.0,0.0003,n01667778_terrapin_global,True,0.0003,,,30.0,150498.0,150528.0,0.0199298469387755
355,onnx/vgg16-7.onnx,vnnlib/n01667778_terrapin_seg0_fixmask_k10_eps_0.0003.vnnlib,1200,unsat False,1.192789077758789,0.0,352.47893357276917,2203.3149642944336,0.0,n01667778_terrapin,0.0,fix_mask,10.0,0.0003,n01667778_terrapin_seg0_fixmask,False,0.0003,0.8815269470214844,"[0, 0, 218, 223]",9.0,150519.0,150528.0,0.0059789540816326
359,onnx/vgg16-7.onnx,vnnlib/n01667778_terrapin_seg0_fixnonmask_k10_eps_0.0003.vnnlib,1200,unsat False,1.192783236503601,0.0,506.5315201282501,2753.4163253307343,0.0,n01667778_terrapin,0.0,fix_nonmask,10.0,0.0003,n01667778_terrapin_seg0_fixnonmask,False,0.0003,0.8815269470214844,"[0, 0, 218, 223]",21.0,150507.0,150528.0,0.0139508928571428
411,onnx/vgg16-7.onnx,vnnlib/n01685808_whiptail_global_k10_eps_0.0003.vnnlib,1200,sat False,-inf,,1.4116644859313965,2242.4448957443237,0.0,n01685808_whiptail,-1.0,global,10.0,0.0003,n01685808_whiptail_global,True,0.0003,,,30.0,150498.0,150528.0,0.0199298469387755
415,onnx/vgg16-7.onnx,vnnlib/n01685808_whiptail_seg0_fixmask_k10_eps_0.0003.vnnlib,1200,sat False,-inf,,2.316408395767212,1903.5426223278048,0.0,n01685808_whiptail,0.0,fix_mask,10.0,0.0003,n01685808_whiptail_seg0_fixmask,False,0.0003,0.5920038819313049,"[0, 0, 223, 223]",18.0,150510.0,150528.0,0.0119579081632653
419,onnx/vgg16-7.onnx,vnnlib/n01685808_whiptail_seg0_fixnonmask_k10_eps_0.0003.vnnlib,1200,sat False,-inf,,1.5857744216918943,1944.381630897522,0.0,n01685808_whiptail,0.0,fix_nonmask,10.0,0.0003,n01685808_whiptail_seg0_fixnonmask,False,0.0003,0.5920038819313049,"[0, 0, 223, 223]",12.0,150516.0,150528.0,0.0079719387755102
423,onnx/vgg16-7.onnx,vnnlib/n01687978_agama_global_k10_eps_0.0003.vnnlib,1200,sat False,-inf,,2.27425479888916,1861.623129606247,0.0,n01687978_agama,-1.0,global,10.0,0.0003,n01687978_agama_global,True,0.0003,,,30.0,150498.0,150528.0,0.0199298469387755
427,onnx/vgg16-7.onnx,vnnlib/n01687978_agama_seg0_fixmask_k10_eps_0.0003.vnnlib,1200,sat False,-inf,,1.401167869567871,2367.806627511978,0.0,n01687978_agama,0.0,fix_mask,10.0,0.0003,n01687978_agama_seg0_fixmask,False,0.0003,0.9029330015182496,"[0, 0, 223, 223]",3.0,150525.0,150528.0,0.0019929846938775
431,onnx/vgg16-7.onnx,vnnlib/n01687978_agama_seg0_fixnonmask_k10_eps_0.0003.vnnlib,1200,sat False,-inf,,1.502290964126587,2247.891947984695,0.0,n01687978_agama,0.0,fix_nonmask,10.0,0.0003,n01687978_agama_seg0_fixnonmask,False,0.0003,0.9029330015182496,"[0, 0, 223, 223]",27.0,150501.0,150528.0,0.0179368622448979
495,onnx/vgg16-7.onnx,vnnlib/n01704323_triceratops_global_k10_eps_0.0003.vnnlib,1200,sat False,-inf,,1.515408277511597,2227.6262819767,0.0,n01704323_triceratops,-1.0,global,10.0,0.0003,n01704323_triceratops_global,True,0.0003,,,30.0,150498.0,150528.0,0.0199298469387755
499,onnx/vgg16-7.onnx,vnnlib/n01704323_triceratops_seg0_fixmask_k10_eps_0.0003.vnnlib,1200,sat False,-inf,,2.4146037101745605,1998.60862159729,0.0,n01704323_triceratops,0.0,fix_mask,10.0,0.0003,n01704323_triceratops_seg0_fixmask,False,0.0003,0.8741543292999268,"[0, 0, 223, 223]",0.0,150528.0,150528.0,0.0
503,onnx/vgg16-7.onnx,vnnlib/n01704323_triceratops_seg0_fixnonmask_k10_eps_0.0003.vnnlib,1200,sat False,-inf,,1.422100305557251,2183.9192905426025,0.0,n01704323_triceratops,0.0,fix_nonmask,10.0,0.0003,n01704323_triceratops_seg0_fixnonmask,False,0.0003,0.8741543292999268,"[0, 0, 223, 223]",30.0,150498.0,150528.0,0.0199298469387755
591,onnx/vgg16-7.onnx,vnnlib/n01755581_diamondback_global_k10_eps_0.0003.vnnlib,1200,unsat False,0.963655948638916,0.0,593.9584760665894,2576.2846324443817,0.0,n01755581_diamondback,-1.0,global,10.0,0.0003,n01755581_diamondback_global,True,0.0003,,,30.0,150498.0,150528.0,0.0199298469387755
595,onnx/vgg16-7.onnx,vnnlib/n01755581_diamondback_seg0_fixmask_k10_eps_0.0003.vnnlib,1200,unsat False,0.9636775255203248,0.0,192.14858412742615,2176.8307185173035,0.0,n01755581_diamondback,0.0,fix_mask,10.0,0.0003,n01755581_diamondback_seg0_fixmask,False,0.0003,0.8988349437713623,"[0, 1, 223, 219]",3.0,150525.0,150528.0,0.0019929846938775
599,onnx/vgg16-7.onnx,vnnlib/n01755581_diamondback_seg0_fixnonmask_k10_eps_0.0003.vnnlib,1200,unsat False,0.9636594653129578,0.0,571.2291779518127,2569.1143317222595,0.0,n01755581_diamondback,0.0,fix_nonmask,10.0,0.0003,n01755581_diamondback_seg0_fixnonmask,False,0.0003,0.8988349437713623,"[0, 1, 223, 219]",27.0,150501.0,150528.0,0.0179368622448979
603,onnx/vgg16-7.onnx,vnnlib/n01756291_sidewinder_global_k10_eps_0.0003.vnnlib,1200,sat False,-inf,,2.359849214553833,1998.993876218796,0.0,n01756291_sidewinder,-1.0,global,10.0,0.0003,n01756291_sidewinder_global,True,0.0003,,,30.0,150498.0,150528.0,0.0199298469387755
607,onnx/vgg16-7.onnx,vnnlib/n01756291_sidewinder_seg0_fixmask_k10_eps_0.0003.vnnlib,1200,sat False,-inf,,1.411902666091919,2215.2136676311493,0.0,n01756291_sidewinder,0.0,fix_mask,10.0,0.0003,n01756291_sidewinder_seg0_fixmask,False,0.0003,0.9148173332214355,"[0, 0, 223, 223]",6.0,150522.0,150528.0,0.0039859693877551
611,onnx/vgg16-7.onnx,vnnlib/n01756291_sidewinder_seg0_fixnonmask_k10_eps_0.0003.vnnlib,1200,sat False,-inf,,2.673182725906372,1986.0711987018583,0.0,n01756291_sidewinder,0.0,fix_nonmask,10.0,0.0003,n01756291_sidewinder_seg0_fixnonmask,False,0.0003,0.9148173332214355,"[0, 0, 223, 223]",24.0,150504.0,150528.0,0.0159438775510204
615,onnx/vgg16-7.onnx,vnnlib/n01768244_trilobite_global_k10_eps_0.0003.vnnlib,1200,sat False,-inf,,2.4184505939483643,1989.9716606140137,0.0,n01768244_trilobite,-1.0,global,10.0,0.0003,n01768244_trilobite_global,True,0.0003,,,30.0,150498.0,150528.0,0.0199298469387755
619,onnx/vgg16-7.onnx,vnnlib/n01768244_trilobite_seg0_fixmask_k10_eps_0.0003.vnnlib,1200,sat False,-inf,,2.846795082092285,1984.214271068573,0.0,n01768244_trilobite,0.0,fix_mask,10.0,0.0003,n01768244_trilobite_seg0_fixmask,False,0.0003,0.8933569192886353,"[0, 0, 223, 223]",0.0,150528.0,150528.0,0.0
623,onnx/vgg16-7.onnx,vnnlib/n01768244_trilobite_seg0_fixnonmask_k10_eps_0.0003.vnnlib,1200,sat False,-inf,,1.551107406616211,2217.0640037059784,0.0,n01768244_trilobite,0.0,fix_nonmask,10.0,0.0003,n01768244_trilobite_seg0_fixnonmask,False,0.0003,0.8933569192886353,"[0, 0, 223, 223]",30.0,150498.0,150528.0,0.0199298469387755
627,onnx/vgg16-7.onnx,vnnlib/n01770081_harvestman_global_k10_eps_0.0003.vnnlib,1200,unsat False,2.296649694442749,0.0,628.800582408905,2616.6454281806946,0.0,n01770081_harvestman,-1.0,global,10.0,0.0003,n01770081_harvestman_global,True,0.0003,,,30.0,150498.0,150528.0,0.0199298469387755
631,onnx/vgg16-7.onnx,vnnlib/n01770081_harvestman_seg0_fixmask_k10_eps_0.0003.vnnlib,1200,unsat False,2.296677589416504,0.0,172.65084862709045,2155.161341905594,0.0,n01770081_harvestman,0.0,fix_mask,10.0,0.0003,n01770081_harvestman_seg0_fixmask,False,0.0003,0.8417963981628418,"[0, 0, 223, 222]",3.0,150525.0,150528.0,0.0019929846938775
635,onnx/vgg16-7.onnx,vnnlib/n01770081_harvestman_seg0_fixnonmask_k10_eps_0.0003.vnnlib,1200,unsat False,2.296661376953125,0.0,595.3234453201294,2811.2464864254,0.0,n01770081_harvestman,0.0,fix_nonmask,10.0,0.0003,n01770081_harvestman_seg0_fixnonmask,False,0.0003,0.8417963981628418,"[0, 0, 223, 222]",27.0,150501.0,150528.0,0.0179368622448979
639,onnx/vgg16-7.onnx,vnnlib/n01770393_scorpion_global_k10_eps_0.0003.vnnlib,1200,sat False,-inf,,1.5815906524658203,2217.1503522396088,0.0,n01770393_scorpion,-1.0,global,10.0,0.0003,n01770393_scorpion_global,True,0.0003,,,30.0,150498.0,150528.0,0.0199298469387755
643,onnx/vgg16-7.onnx,vnnlib/n01770393_scorpion_seg0_fixmask_k10_eps_0.0003.vnnlib,1200,sat False,-inf,,2.679347515106201,1988.749631166458,0.0,n01770393_scorpion,0.0,fix_mask,10.0,0.0003,n01770393_scorpion_seg0_fixmask,False,0.0003,0.8547699451446533,"[0, 0, 223, 223]",3.0,150525.0,150528.0,0.0019929846938775
647,onnx/vgg16-7.onnx,vnnlib/n01770393_scorpion_seg0_fixnonmask_k10_eps_0.0003.vnnlib,1200,sat False,-inf,,1.408297061920166,2178.3639600276947,0.0,n01770393_scorpion,0.0,fix_nonmask,10.0,0.0003,n01770393_scorpion_seg0_fixnonmask,False,0.0003,0.8547699451446533,"[0, 0, 223, 223]",27.0,150501.0,150528.0,0.0179368622448979
687,onnx/vgg16-7.onnx,vnnlib/n01774750_tarantula_global_k10_eps_0.0003.vnnlib,1200,sat False,-inf,,1.5785434246063232,2206.579530954361,0.0,n01774750_tarantula,-1.0,global,10.0,0.0003,n01774750_tarantula_global,True,0.0003,,,30.0,150498.0,150528.0,0.0199298469387755
691,onnx/vgg16-7.onnx,vnnlib/n01774750_tarantula_seg0_fixmask_k10_eps_0.0003.vnnlib,1200,sat False,-inf,,2.788635730743408,1973.5586495399475,0.0,n01774750_tarantula,0.0,fix_mask,10.0,0.0003,n01774750_tarantula_seg0_fixmask,False,0.0003,0.6544652581214905,"[0, 0, 223, 223]",15.0,150513.0,150528.0,0.0099649234693877
695,onnx/vgg16-7.onnx,vnnlib/n01774750_tarantula_seg0_fixnonmask_k10_eps_0.0003.vnnlib,1200,sat False,-inf,,2.841113328933716,1977.6674184799192,0.0,n01774750_tarantula,0.0,fix_nonmask,10.0,0.0003,n01774750_tarantula_seg0_fixnonmask,False,0.0003,0.6544652581214905,"[0, 0, 223, 223]",15.0,150513.0,150528.0,0.0099649234693877
711,onnx/vgg16-7.onnx,vnnlib/n01776313_tick_global_k10_eps_0.0003.vnnlib,1200,unsat False,0.8698751330375671,0.0,543.160210609436,2760.0973451137543,0.0,n01776313_tick,-1.0,global,10.0,0.0003,n01776313_tick_global,True,0.0003,,,30.0,150498.0,150528.0,0.0199298469387755
715,onnx/vgg16-7.onnx,vnnlib/n01776313_tick_seg0_fixmask_k10_eps_0.0003.vnnlib,1200,unsat False,0.8699077367782593,0.0,131.67391800880432,2347.998019933701,0.0,n01776313_tick,0.0,fix_mask,10.0,0.0003,n01776313_tick_seg0_fixmask,False,0.0003,0.9280468225479126,"[0, 0, 223, 223]",3.0,150525.0,150528.0,0.0019929846938775
719,onnx/vgg16-7.onnx,vnnlib/n01776313_tick_seg0_fixnonmask_k10_eps_0.0003.vnnlib,1200,unsat False,0.8698787093162537,0.0,532.0575206279755,2741.310215473175,0.0,n01776313_tick,0.0,fix_nonmask,10.0,0.0003,n01776313_tick_seg0_fixnonmask,False,0.0003,0.9280468225479126,"[0, 0, 223, 223]",27.0,150501.0,150528.0,0.0179368622448979
723,onnx/vgg16-7.onnx,vnnlib/n01784675_centipede_global_k10_eps_0.0003.vnnlib,1200,unsat False,0.2016204893589019,0.0,553.007420539856,2526.453238248825,0.0,n01784675_centipede,-1.0,global,10.0,0.0003,n01784675_centipede_global,True,0.0003,,,30.0,150498.0,150528.0,0.0199298469387755
727,onnx/vgg16-7.onnx,vnnlib/n01784675_centipede_seg0_fixmask_k10_eps_0.0003.vnnlib,1200,unsat False,0.2016293704509735,0.0,350.4469816684723,2555.7556822299957,0.0,n01784675_centipede,0.0,fix_mask,10.0,0.0003,n01784675_centipede_seg0_fixmask,False,0.0003,0.8132957220077515,"[0, 0, 223, 223]",9.0,150519.0,150528.0,0.0059789540816326
731,onnx/vgg16-7.onnx,vnnlib/n01784675_centipede_seg0_fixnonmask_k10_eps_0.0003.vnnlib,1200,unsat False,0.2016275823116302,0.0,514.1842396259308,2485.865513563156,0.0,n01784675_centipede,0.0,fix_nonmask,10.0,0.0003,n01784675_centipede_seg0_fixnonmask,False,0.0003,0.8132957220077515,"[0, 0, 223, 223]",21.0,150507.0,150528.0,0.0139508928571428
747,onnx/vgg16-7.onnx,vnnlib/n01796340_ptarmigan_global_k10_eps_0.0003.vnnlib,1200,sat False,-inf,,1.4209015369415283,2207.694725751877,0.0,n01796340_ptarmigan,-1.0,global,10.0,0.0003,n01796340_ptarmigan_global,True,0.0003,,,30.0,150498.0,150528.0,0.0199298469387755
751,onnx/vgg16-7.onnx,vnnlib/n01796340_ptarmigan_seg0_fixmask_k10_eps_0.0003.vnnlib,1200,sat False,-inf,,1.3935556411743164,2206.835709810257,0.0,n01796340_ptarmigan,0.0,fix_mask,10.0,0.0003,n01796340_ptarmigan_seg0_fixmask,False,0.0003,0.8835960030555725,"[0, 0, 223, 223]",3.0,150525.0,150528.0,0.0019929846938775
755,onnx/vgg16-7.onnx,vnnlib/n01796340_ptarmigan_seg0_fixnonmask_k10_eps_0.0003.vnnlib,1200,sat False,-inf,,1.371084451675415,2135.5604128837585,0.0,n01796340_ptarmigan,0.0,fix_nonmask,10.0,0.0003,n01796340_ptarmigan_seg0_fixnonmask,False,0.0003,0.8835960030555725,"[0, 0, 223, 223]",27.0,150501.0,150528.0,0.0179368622448979
771,onnx/vgg16-7.onnx,vnnlib/n01806143_peacock_global_k10_eps_0.0003.vnnlib,1200,unsat False,0.4318918287754059,0.0,545.4122936725616,2750.781704902649,0.0,n01806143_peacock,-1.0,global,10.0,0.0003,n01806143_peacock_global,True,0.0003,,,30.0,150498.0,150528.0,0.0199298469387755
775,onnx/vgg16-7.onnx,vnnlib/n01806143_peacock_seg0_fixmask_k10_eps_0.0003.vnnlib,1200,unsat False,0.4319005906581878,0.0,520.839839220047,2727.163613796234,0.0,n01806143_peacock,0.0,fix_mask,10.0,0.0003,n01806143_peacock_seg0_fixmask,False,0.0003,0.6508324146270752,"[0, 0, 223, 223]",18.0,150510.0,150528.0,0.0119579081632653
779,onnx/vgg16-7.onnx,vnnlib/n01806143_peacock_seg0_fixnonmask_k10_eps_0.0003.vnnlib,1200,unsat False,0.4319107234477997,0.0,406.76970171928406,2384.6230986118317,0.0,n01806143_peacock,0.0,fix_nonmask,10.0,0.0003,n01806143_peacock_seg0_fixnonmask,False,0.0003,0.6508324146270752,"[0, 0, 223, 223]",12.0,150516.0,150528.0,0.0079719387755102
783,onnx/vgg16-7.onnx,vnnlib/n01806567_quail_global_k10_eps_0.0003.vnnlib,1200,unsat False,0.3718570470809936,0.0,609.3072843551636,2572.7606773376465,0.0,n01806567_quail,-1.0,global,10.0,0.0003,n01806567_quail_global,True,0.0003,,,30.0,150498.0,150528.0,0.0199298469387755
787,onnx/vgg16-7.onnx,vnnlib/n01806567_quail_seg0_fixmask_k10_eps_0.0003.vnnlib,1200,unsat False,0.3719140887260437,0.0,251.042818069458,2227.371886253357,0.0,n01806567_quail,0.0,fix_mask,10.0,0.0003,n01806567_quail_seg0_fixmask,False,0.0003,0.831547737121582,"[0, 1, 223, 222]",6.0,150522.0,150528.0,0.0039859693877551
791,onnx/vgg16-7.onnx,vnnlib/n01806567_quail_seg0_fixnonmask_k10_eps_0.0003.vnnlib,1200,unsat False,0.3718636631965637,0.0,585.377277135849,2783.18728017807,0.0,n01806567_quail,0.0,fix_nonmask,10.0,0.0003,n01806567_quail_seg0_fixnonmask,False,0.0003,0.831547737121582,"[0, 1, 223, 222]",24.0,150504.0,150528.0,0.0159438775510204
795,onnx/vgg16-7.onnx,vnnlib/n01807496_partridge_global_k10_eps_0.0003.vnnlib,1200,sat False,-inf,,1.5270202159881592,2123.8341579437256,0.0,n01807496_partridge,-1.0,global,10.0,0.0003,n01807496_partridge_global,True,0.0003,,,30.0,150498.0,150528.0,0.0199298469387755
799,onnx/vgg16-7.onnx,vnnlib/n01807496_partridge_seg0_fixmask_k10_eps_0.0003.vnnlib,1200,sat False,-inf,,1.4948289394378662,2200.2085649967194,0.0,n01807496_partridge,0.0,fix_mask,10.0,0.0003,n01807496_partridge_seg0_fixmask,False,0.0003,0.8426869511604309,"[0, 0, 223, 223]",3.0,150525.0,150528.0,0.0019929846938775
803,onnx/vgg16-7.onnx,vnnlib/n01807496_partridge_seg0_fixnonmask_k10_eps_0.0003.vnnlib,1200,sat False,-inf,,1.374652624130249,2206.139159679413,0.0,n01807496_partridge,0.0,fix_nonmask,10.0,0.0003,n01807496_partridge_seg0_fixnonmask,False,0.0003,0.8426869511604309,"[0, 0, 223, 223]",27.0,150501.0,150528.0,0.0179368622448979
819,onnx/vgg16-7.onnx,vnnlib/n01818515_macaw_global_k10_eps_0.0003.vnnlib,1200,sat False,-inf,,1.6070160865783691,2197.169068336487,0.0,n01818515_macaw,-1.0,global,10.0,0.0003,n01818515_macaw_global,True,0.0003,,,30.0,150498.0,150528.0,0.0199298469387755
823,onnx/vgg16-7.onnx,vnnlib/n01818515_macaw_seg0_fixmask_k10_eps_0.0003.vnnlib,1200,sat False,-inf,,2.6876587867736816,1966.8404099941256,0.0,n01818515_macaw,0.0,fix_mask,10.0,0.0003,n01818515_macaw_seg0_fixmask,False,0.0003,0.6218721866607666,"[0, 0, 223, 223]",18.0,150510.0,150528.0,0.0119579081632653
827,onnx/vgg16-7.onnx,vnnlib/n01818515_macaw_seg0_fixnonmask_k10_eps_0.0003.vnnlib,1200,sat False,-inf,,1.5663418769836426,2196.8503999710083,0.0,n01818515_macaw,0.0,fix_nonmask,10.0,0.0003,n01818515_macaw_seg0_fixnonmask,False,0.0003,0.6218721866607666,"[0, 0, 223, 223]",12.0,150516.0,150528.0,0.0079719387755102
843,onnx/vgg16-7.onnx,vnnlib/n01820546_lorikeet_global_k10_eps_0.0003.vnnlib,1200,sat False,-inf,,1.5499398708343506,2203.232344150543,0.0,n01820546_lorikeet,-1.0,global,10.0,0.0003,n01820546_lorikeet_global,True,0.0003,,,30.0,150498.0,150528.0,0.0199298469387755
847,onnx/vgg16-7.onnx,vnnlib/n01820546_lorikeet_seg0_fixmask_k10_eps_0.0003.vnnlib,1200,sat False,-inf,,1.557258367538452,2196.923896551132,0.0,n01820546_lorikeet,0.0,fix_mask,10.0,0.0003,n01820546_lorikeet_seg0_fixmask,False,0.0003,0.890245795249939,"[0, 0, 223, 222]",9.0,150519.0,150528.0,0.0059789540816326
851,onnx/vgg16-7.onnx,vnnlib/n01820546_lorikeet_seg0_fixnonmask_k10_eps_0.0003.vnnlib,1200,sat False,-inf,,1.5806078910827637,2196.348921060562,0.0,n01820546_lorikeet,0.0,fix_nonmask,10.0,0.0003,n01820546_lorikeet_seg0_fixnonmask,False,0.0003,0.890245795249939,"[0, 0, 223, 222]",21.0,150507.0,150528.0,0.0139508928571428
855,onnx/vgg16-7.onnx,vnnlib/n01824575_coucal_global_k10_eps_0.0003.vnnlib,1200,sat False,-inf,,1.4158966541290283,2206.9345281124115,0.0,n01824575_coucal,-1.0,global,10.0,0.0003,n01824575_coucal_global,True,0.0003,,,30.0,150498.0,150528.0,0.0199298469387755
859,onnx/vgg16-7.onnx,vnnlib/n01824575_coucal_seg0_fixmask_k10_eps_0.0003.vnnlib,1200,sat False,-inf,,1.433772325515747,2198.868222475052,0.0,n01824575_coucal,0.0,fix_mask,10.0,0.0003,n01824575_coucal_seg0_fixmask,False,0.0003,0.4630907773971557,"[0, 0, 223, 223]",24.0,150504.0,150528.0,0.0159438775510204
863,onnx/vgg16-7.onnx,vnnlib/n01824575_coucal_seg0_fixnonmask_k10_eps_0.0003.vnnlib,1200,sat False,-inf,,2.6517174243927,1963.6018109321592,0.0,n01824575_coucal,0.0,fix_nonmask,10.0,0.0003,n01824575_coucal_seg0_fixnonmask,False,0.0003,0.4630907773971557,"[0, 0, 223, 223]",6.0,150522.0,150528.0,0.0039859693877551
879,onnx/vgg16-7.onnx,vnnlib/n01829413_hornbill_global_k10_eps_0.0003.vnnlib,1200,sat False,-inf,,1.610088586807251,2197.962177991867,0.0,n01829413_hornbill,-1.0,global,10.0,0.0003,n01829413_hornbill_global,True,0.0003,,,30.0,150498.0,150528.0,0.0199298469387755
883,onnx/vgg16-7.onnx,vnnlib/n01829413_hornbill_seg0_fixmask_k10_eps_0.0003.vnnlib,1200,sat False,-inf,,1.4066216945648191,2205.3544170856476,0.0,n01829413_hornbill,0.0,fix_mask,10.0,0.0003,n01829413_hornbill_seg0_fixmask,False,0.0003,0.8663651347160339,"[0, 0, 223, 223]",6.0,150522.0,150528.0,0.0039859693877551
887,onnx/vgg16-7.onnx,vnnlib/n01829413_hornbill_seg0_fixnonmask_k10_eps_0.0003.vnnlib,1200,sat False,-inf,,1.534127950668335,2197.7177193164825,0.0,n01829413_hornbill,0.0,fix_nonmask,10.0,0.0003,n01829413_hornbill_seg0_fixnonmask,False,0.0003,0.8663651347160339,"[0, 0, 223, 223]",24.0,150504.0,150528.0,0.0159438775510204
891,onnx/vgg16-7.onnx,vnnlib/n01833805_hummingbird_global_k10_eps_0.0003.vnnlib,1200,unsat False,0.9424229860305786,0.0,579.8247990608215,2542.6223084926605,0.0,n01833805_hummingbird,-1.0,global,10.0,0.0003,n01833805_hummingbird_global,True,0.0003,,,30.0,150498.0,150528.0,0.0199298469387755
895,onnx/vgg16-7.onnx,vnnlib/n01833805_hummingbird_seg0_fixmask_k10_eps_0.0003.vnnlib,1200,unsat False,0.9424506425857544,0.0,275.5569181442261,2236.336429834366,0.0,n01833805_hummingbird,0.0,fix_mask,10.0,0.0003,n01833805_hummingbird_seg0_fixmask,False,0.0003,0.8983681797981262,"[0, 0, 223, 223]",6.0,150522.0,150528.0,0.0039859693877551
899,onnx/vgg16-7.onnx,vnnlib/n01833805_hummingbird_seg0_fixnonmask_k10_eps_0.0003.vnnlib,1200,unsat False,0.9424283504486084,0.0,553.7855703830719,2754.330761194229,0.0,n01833805_hummingbird,0.0,fix_nonmask,10.0,0.0003,n01833805_hummingbird_seg0_fixnonmask,False,0.0003,0.8983681797981262,"[0, 0, 223, 223]",24.0,150504.0,150528.0,0.0159438775510204
903,onnx/vgg16-7.onnx,vnnlib/n01843065_jacamar_global_k10_eps_0.0003.vnnlib,1200,sat False,-inf,,2.8312137126922607,1963.682808637619,0.0,n01843065_jacamar,-1.0,global,10.0,0.0003,n01843065_jacamar_global,True,0.0003,,,30.0,150498.0,150528.0,0.0199298469387755
907,onnx/vgg16-7.onnx,vnnlib/n01843065_jacamar_seg0_fixmask_k10_eps_0.0003.vnnlib,1200,sat False,-inf,,2.4429452419281006,1969.627473115921,0.0,n01843065_jacamar,0.0,fix_mask,10.0,0.0003,n01843065_jacamar_seg0_fixmask,False,0.0003,0.6688520908355713,"[0, 0, 223, 223]",9.0,150519.0,150528.0,0.0059789540816326
911,onnx/vgg16-7.onnx,vnnlib/n01843065_jacamar_seg0_fixnonmask_k10_eps_0.0003.vnnlib,1200,sat False,-inf,,2.4004030227661133,1966.3091287612915,0.0,n01843065_jacamar,0.0,fix_nonmask,10.0,0.0003,n01843065_jacamar_seg0_fixnonmask,False,0.0003,0.6688520908355713,"[0, 0, 223, 223]",21.0,150507.0,150528.0,0.0139508928571428
915,onnx/vgg16-7.onnx,vnnlib/n01843383_toucan_global_k10_eps_0.0003.vnnlib,1200,unsat False,0.8532610535621643,0.0,584.7240118980408,2551.571081161499,0.0,n01843383_toucan,-1.0,global,10.0,0.0003,n01843383_toucan_global,True,0.0003,,,30.0,150498.0,150528.0,0.0199298469387755
919,onnx/vgg16-7.onnx,vnnlib/n01843383_toucan_seg0_fixmask_k10_eps_0.0003.vnnlib,1200,unsat False,0.8532760739326477,0.0,370.3721573352814,2566.746561527252,0.0,n01843383_toucan,0.0,fix_mask,10.0,0.0003,n01843383_toucan_seg0_fixmask,False,0.0003,0.8370646238327026,"[0, 0, 223, 223]",9.0,150519.0,150528.0,0.0059789540816326
923,onnx/vgg16-7.onnx,vnnlib/n01843383_toucan_seg0_fixnonmask_k10_eps_0.0003.vnnlib,1200,unsat False,0.8532679080963135,0.0,543.0110974311829,2738.2044875621796,0.0,n01843383_toucan,0.0,fix_nonmask,10.0,0.0003,n01843383_toucan_seg0_fixnonmask,False,0.0003,0.8370646238327026,"[0, 0, 223, 223]",21.0,150507.0,150528.0,0.0139508928571428
927,onnx/vgg16-7.onnx,vnnlib/n01847000_drake_global_k10_eps_0.0003.vnnlib,1200,sat False,-inf,,1.422304630279541,2199.470981836319,0.0,n01847000_drake,-1.0,global,10.0,0.0003,n01847000_drake_global,True,0.0003,,,30.0,150498.0,150528.0,0.0199298469387755
931,onnx/vgg16-7.onnx,vnnlib/n01847000_drake_seg0_fixmask_k10_eps_0.0003.vnnlib,1200,sat False,-inf,,1.435145139694214,2200.1300599575043,0.0,n01847000_drake,0.0,fix_mask,10.0,0.0003,n01847000_drake_seg0_fixmask,False,0.0003,0.892393171787262,"[0, 0, 223, 223]",3.0,150525.0,150528.0,0.0019929846938775
935,onnx/vgg16-7.onnx,vnnlib/n01847000_drake_seg0_fixnonmask_k10_eps_0.0003.vnnlib,1200,sat False,-inf,,1.5572035312652588,2196.722569704056,0.0,n01847000_drake,0.0,fix_nonmask,10.0,0.0003,n01847000_drake_seg0_fixnonmask,False,0.0003,0.892393171787262,"[0, 0, 223, 223]",27.0,150501.0,150528.0,0.0179368622448979
951,onnx/vgg16-7.onnx,vnnlib/n01855672_goose_global_k10_eps_0.0003.vnnlib,1200,unsat False,0.9252553582191468,0.0,550.3085007667542,578.1933982372284,0.0,n01855672_goose,-1.0,global,10.0,0.0003,n01855672_goose_global,True,0.0003,,,30.0,150498.0,150528.0,0.0199298469387755
955,onnx/vgg16-7.onnx,vnnlib/n01855672_goose_seg0_fixmask_k10_eps_0.0003.vnnlib,1200,unsat False,0.9252811074256896,0.0,196.1172800064087,223.78650617599487,0.0,n01855672_goose,0.0,fix_mask,10.0,0.0003,n01855672_goose_seg0_fixmask,False,0.0003,0.9144264459609984,"[0, 0, 223, 223]",3.0,150525.0,150528.0,0.0019929846938775
959,onnx/vgg16-7.onnx,vnnlib/n01855672_goose_seg0_fixnonmask_k10_eps_0.0003.vnnlib,1200,unsat False,0.9252583384513856,0.0,518.874324798584,529.5829572677612,0.0,n01855672_goose,0.0,fix_nonmask,10.0,0.0003,n01855672_goose_seg0_fixnonmask,False,0.0003,0.9144264459609984,"[0, 0, 223, 223]",27.0,150501.0,150528.0,0.0179368622448979
975,onnx/vgg16-7.onnx,vnnlib/n01871265_tusker_global_k10_eps_0.0003.vnnlib,1200,sat False,-inf,,1.5343782901763916,29.48700261116028,0.0,n01871265_tusker,-1.0,global,10.0,0.0003,n01871265_tusker_global,True,0.0003,,,30.0,150498.0,150528.0,0.0199298469387755
979,onnx/vgg16-7.onnx,vnnlib/n01871265_tusker_seg0_fixmask_k10_eps_0.0003.vnnlib,1200,sat False,-inf,,1.4960577487945557,28.741998434066772,0.0,n01871265_tusker,0.0,fix_mask,10.0,0.0003,n01871265_tusker_seg0_fixmask,False,0.0003,0.7893674373626709,"[0, 0, 223, 220]",12.0,150516.0,150528.0,0.0079719387755102
983,onnx/vgg16-7.onnx,vnnlib/n01871265_tusker_seg0_fixnonmask_k10_eps_0.0003.vnnlib,1200,sat False,-inf,,1.5229442119598389,29.086210012435913,0.0,n01871265_tusker,0.0,fix_nonmask,10.0,0.0003,n01871265_tusker_seg0_fixnonmask,False,0.0003,0.7893674373626709,"[0, 0, 223, 220]",18.0,150510.0,150528.0,0.0119579081632653
987,onnx/vgg16-7.onnx,vnnlib/n01872401_echidna_global_k10_eps_0.0003.vnnlib,1200,sat False,-inf,,1.5597872734069824,23.016499996185303,0.0,n01872401_echidna,-1.0,global,10.0,0.0003,n01872401_echidna_global,True,0.0003,,,30.0,150498.0,150528.0,0.0199298469387755
991,onnx/vgg16-7.onnx,vnnlib/n01872401_echidna_seg0_fixmask_k10_eps_0.0003.vnnlib,1200,sat False,-inf,,2.4611124992370605,24.943304538726807,0.0,n01872401_echidna,0.0,fix_mask,10.0,0.0003,n01872401_echidna_seg0_fixmask,False,0.0003,0.8836685419082642,"[0, 0, 223, 223]",12.0,150516.0,150528.0,0.0079719387755102
995,onnx/vgg16-7.onnx,vnnlib/n01872401_echidna_seg0_fixnonmask_k10_eps_0.0003.vnnlib,1200,sat False,-inf,,1.5253562927246094,24.08777332305908,0.0,n01872401_echidna,0.0,fix_nonmask,10.0,0.0003,n01872401_echidna_seg0_fixnonmask,False,0.0003,0.8836685419082642,"[0, 0, 223, 223]",18.0,150510.0,150528.0,0.0119579081632653
999,onnx/vgg16-7.onnx,vnnlib/n01873310_platypus_global_k10_eps_0.0003.vnnlib,1200,unsat False,0.0075453221797943,0.0,545.0807614326477,567.3676545619965,0.0,n01873310_platypus,-1.0,global,10.0,0.0003,n01873310_platypus_global,True,0.0003,,,30.0,150498.0,150528.0,0.0199298469387755
1003,onnx/vgg16-7.onnx,vnnlib/n01873310_platypus_seg0_fixmask_k10_eps_0.0003.vnnlib,1200,unsat False,0.0075528919696807,0.0,443.97669506073,460.7334778308869,0.0,n01873310_platypus,0.0,fix_mask,10.0,0.0003,n01873310_platypus_seg0_fixmask,False,0.0003,0.747942328453064,"[0, 0, 223, 223]",15.0,150513.0,150528.0,0.0099649234693877
1007,onnx/vgg16-7.onnx,vnnlib/n01873310_platypus_seg0_fixnonmask_k10_eps_0.0003.vnnlib,1200,unsat False,0.0075535774230957,0.0,431.54662013053894,459.00630950927734,0.0,n01873310_platypus,0.0,fix_nonmask,10.0,0.0003,n01873310_platypus_seg0_fixnonmask,False,0.0003,0.747942328453064,"[0, 0, 223, 223]",15.0,150513.0,150528.0,0.0099649234693877
1011,onnx/vgg16-7.onnx,vnnlib/n01877812_wallaby_global_k10_eps_0.0003.vnnlib,1200,sat False,-inf,,2.351217031478882,24.670027256011963,0.0,n01877812_wallaby,-1.0,global,10.0,0.0003,n01877812_wallaby_global,True,0.0003,,,30.0,150498.0,150528.0,0.0199298469387755
1015,onnx/vgg16-7.onnx,vnnlib/n01877812_wallaby_seg0_fixmask_k10_eps_0.0003.vnnlib,1200,sat False,-inf,,2.4651103019714355,29.92759108543396,0.0,n01877812_wallaby,0.0,fix_mask,10.0,0.0003,n01877812_wallaby_seg0_fixmask,False,0.0003,0.763184130191803,"[0, 0, 223, 223]",3.0,150525.0,150528.0,0.0019929846938775
1019,onnx/vgg16-7.onnx,vnnlib/n01877812_wallaby_seg0_fixnonmask_k10_eps_0.0003.vnnlib,1200,sat False,-inf,,1.4148592948913574,27.579668283462524,0.0,n01877812_wallaby,0.0,fix_nonmask,10.0,0.0003,n01877812_wallaby_seg0_fixnonmask,False,0.0003,0.763184130191803,"[0, 0, 223, 223]",27.0,150501.0,150528.0,0.0179368622448979
1023,onnx/vgg16-7.onnx,vnnlib/n01882714_koala_global_k10_eps_0.0003.vnnlib,1200,sat False,-inf,,2.2113420963287354,29.682225704193115,0.0,n01882714_koala,-1.0,global,10.0,0.0003,n01882714_koala_global,True,0.0003,,,30.0,150498.0,150528.0,0.0199298469387755
1027,onnx/vgg16-7.onnx,vnnlib/n01882714_koala_seg0_fixmask_k10_eps_0.0003.vnnlib,1200,sat False,-inf,,2.18258285522461,29.84805917739868,0.0,n01882714_koala,0.0,fix_mask,10.0,0.0003,n01882714_koala_seg0_fixmask,False,0.0003,0.9428346157073976,"[0, 7, 223, 219]",9.0,150519.0,150528.0,0.0059789540816326
1031,onnx/vgg16-7.onnx,vnnlib/n01882714_koala_seg0_fixnonmask_k10_eps_0.0003.vnnlib,1200,sat False,-inf,,1.519761085510254,27.83989429473877,0.0,n01882714_koala,0.0,fix_nonmask,10.0,0.0003,n01882714_koala_seg0_fixnonmask,False,0.0003,0.9428346157073976,"[0, 7, 223, 219]",21.0,150507.0,150528.0,0.0139508928571428
1035,onnx/vgg16-7.onnx,vnnlib/n01883070_wombat_global_k10_eps_0.0003.vnnlib,1200,sat False,-inf,,1.444897174835205,26.817069053649902,0.0,n01883070_wombat,-1.0,global,10.0,0.0003,n01883070_wombat_global,True,0.0003,,,30.0,150498.0,150528.0,0.0199298469387755
1039,onnx/vgg16-7.onnx,vnnlib/n01883070_wombat_seg0_fixmask_k10_eps_0.0003.vnnlib,1200,sat False,-inf,,1.4906249046325684,28.67510151863098,0.0,n01883070_wombat,0.0,fix_mask,10.0,0.0003,n01883070_wombat_seg0_fixmask,False,0.0003,0.9007347822189332,"[0, 0, 223, 223]",9.0,150519.0,150528.0,0.0059789540816326
1043,onnx/vgg16-7.onnx,vnnlib/n01883070_wombat_seg0_fixnonmask_k10_eps_0.0003.vnnlib,1200,sat False,-inf,,2.661755084991455,23.594587087631226,0.0,n01883070_wombat,0.0,fix_nonmask,10.0,0.0003,n01883070_wombat_seg0_fixnonmask,False,0.0003,0.9007347822189332,"[0, 0, 223, 223]",21.0,150507.0,150528.0,0.0139508928571428
1071,onnx/vgg16-7.onnx,vnnlib/n01924916_flatworm_global_k10_eps_0.0003.vnnlib,1200,unsat False,0.5995110273361206,0.0,540.6288628578186,564.282665014267,0.0,n01924916_flatworm,-1.0,global,10.0,0.0003,n01924916_flatworm_global,True,0.0003,,,30.0,150498.0,150528.0,0.0199298469387755
1075,onnx/vgg16-7.onnx,vnnlib/n01924916_flatworm_seg0_fixmask_k10_eps_0.0003.vnnlib,1200,unsat False,0.5995203256607056,0.0,226.45161032676697,250.75322580337524,0.0,n01924916_flatworm,0.0,fix_mask,10.0,0.0003,n01924916_flatworm_seg0_fixmask,False,0.0003,0.7600459456443787,"[0, 0, 223, 223]",6.0,150522.0,150528.0,0.0039859693877551
1079,onnx/vgg16-7.onnx,vnnlib/n01924916_flatworm_seg0_fixnonmask_k10_eps_0.0003.vnnlib,1200,unsat False,0.599513053894043,0.0,532.4264678955078,541.2532255649567,0.0,n01924916_flatworm,0.0,fix_nonmask,10.0,0.0003,n01924916_flatworm_seg0_fixnonmask,False,0.0003,0.7600459456443787,"[0, 0, 223, 223]",24.0,150504.0,150528.0,0.0159438775510204
1083,onnx/vgg16-7.onnx,vnnlib/n01930112_nematode_global_k10_eps_0.0003.vnnlib,1200,unsat False,2.3474574089050293,0.0,521.6252026557922,547.6126449108124,0.0,n01930112_nematode,-1.0,global,10.0,0.0003,n01930112_nematode_global,True,0.0003,,,30.0,150498.0,150528.0,0.0199298469387755
1087,onnx/vgg16-7.onnx,vnnlib/n01930112_nematode_seg0_fixmask_k10_eps_0.0003.vnnlib,1200,unsat False,2.34753680229187,0.0,2.689680337905884,28.489182710647583,0.0,n01930112_nematode,0.0,fix_mask,10.0,0.0003,n01930112_nematode_seg0_fixmask,False,0.0003,0.918286919593811,"[0, 0, 223, 223]",0.0,150528.0,150528.0,0.0
1091,onnx/vgg16-7.onnx,vnnlib/n01930112_nematode_seg0_fixnonmask_k10_eps_0.0003.vnnlib,1200,unsat False,2.3474578857421875,0.0,520.363659620285,545.9543662071228,0.0,n01930112_nematode,0.0,fix_nonmask,10.0,0.0003,n01930112_nematode_seg0_fixnonmask,False,0.0003,0.918286919593811,"[0, 0, 223, 223]",30.0,150498.0,150528.0,0.0199298469387755
1095,onnx/vgg16-7.onnx,vnnlib/n01943899_conch_global_k10_eps_0.0003.vnnlib,1200,unsat False,1.2881139516830444,0.0,494.8425757884979,520.9301731586456,0.0,n01943899_conch,-1.0,global,10.0,0.0003,n01943899_conch_global,True,0.0003,,,30.0,150498.0,150528.0,0.0199298469387755
1099,onnx/vgg16-7.onnx,vnnlib/n01943899_conch_seg0_fixmask_k10_eps_0.0003.vnnlib,1200,unsat False,1.2881330251693726,0.0,193.69311022758484,217.4271140098572,0.0,n01943899_conch,0.0,fix_mask,10.0,0.0003,n01943899_conch_seg0_fixmask,False,0.0003,0.8917145133018494,"[0, 1, 223, 223]",3.0,150525.0,150528.0,0.0019929846938775
1103,onnx/vgg16-7.onnx,vnnlib/n01943899_conch_seg0_fixnonmask_k10_eps_0.0003.vnnlib,1200,unsat False,1.28811514377594,0.0,493.9576699733734,509.2439684867859,0.0,n01943899_conch,0.0,fix_nonmask,10.0,0.0003,n01943899_conch_seg0_fixnonmask,False,0.0003,0.8917145133018494,"[0, 1, 223, 223]",27.0,150501.0,150528.0,0.0179368622448979
1107,onnx/vgg16-7.onnx,vnnlib/n01944390_snail_global_k10_eps_0.0003.vnnlib,1200,unsat False,1.6480505466461182,0.0,609.2123341560364,622.5972344875336,0.0,n01944390_snail,-1.0,global,10.0,0.0003,n01944390_snail_global,True,0.0003,,,30.0,150498.0,150528.0,0.0199298469387755
1111,onnx/vgg16-7.onnx,vnnlib/n01944390_snail_seg0_fixmask_k10_eps_0.0003.vnnlib,1200,unsat False,1.6480659246444702,0.0,145.54043626785278,162.5579493045807,0.0,n01944390_snail,0.0,fix_mask,10.0,0.0003,n01944390_snail_seg0_fixmask,False,0.0003,0.9279466271400452,"[0, 0, 221, 223]",3.0,150525.0,150528.0,0.0019929846938775
1115,onnx/vgg16-7.onnx,vnnlib/n01944390_snail_seg0_fixnonmask_k10_eps_0.0003.vnnlib,1200,unsat False,1.6480517387390137,0.0,602.5171205997467,626.5501725673676,0.0,n01944390_snail,0.0,fix_nonmask,10.0,0.0003,n01944390_snail_seg0_fixnonmask,False,0.0003,0.9279466271400452,"[0, 0, 221, 223]",27.0,150501.0,150528.0,0.0179368622448979
1119,onnx/vgg16-7.onnx,vnnlib/n01945685_slug_global_k10_eps_0.0003.vnnlib,1200,sat False,-inf,,1.5119304656982422,28.107998371124268,0.0,n01945685_slug,-1.0,global,10.0,0.0003,n01945685_slug_global,True,0.0003,,,30.0,150498.0,150528.0,0.0199298469387755
1123,onnx/vgg16-7.onnx,vnnlib/n01945685_slug_seg0_fixmask_k10_eps_0.0003.vnnlib,1200,sat False,-inf,,2.2975964546203613,24.06525492668152,0.0,n01945685_slug,0.0,fix_mask,10.0,0.0003,n01945685_slug_seg0_fixmask,False,0.0003,0.8710233569145203,"[0, 1, 223, 223]",15.0,150513.0,150528.0,0.0099649234693877
1127,onnx/vgg16-7.onnx,vnnlib/n01945685_slug_seg0_fixnonmask_k10_eps_0.0003.vnnlib,1200,sat False,-inf,,1.5733342170715332,23.18639898300171,0.0,n01945685_slug,0.0,fix_nonmask,10.0,0.0003,n01945685_slug_seg0_fixnonmask,False,0.0003,0.8710233569145203,"[0, 1, 223, 223]",15.0,150513.0,150528.0,0.0099649234693877
1143,onnx/vgg16-7.onnx,vnnlib/n01955084_chiton_global_k10_eps_0.0003.vnnlib,1200,unsat False,0.6330643892288208,0.0,596.4866459369659,623.8372056484222,0.0,n01955084_chiton,-1.0,global,10.0,0.0003,n01955084_chiton_global,True,0.0003,,,30.0,150498.0,150528.0,0.0199298469387755
1147,onnx/vgg16-7.onnx,vnnlib/n01955084_chiton_seg0_fixmask_k10_eps_0.0003.vnnlib,1200,unsat False,0.6330858469009399,0.0,252.83178234100345,269.1200120449066,0.0,n01955084_chiton,0.0,fix_mask,10.0,0.0003,n01955084_chiton_seg0_fixmask,False,0.0003,0.8921786546707153,"[0, 0, 223, 222]",6.0,150522.0,150528.0,0.0039859693877551
1151,onnx/vgg16-7.onnx,vnnlib/n01955084_chiton_seg0_fixnonmask_k10_eps_0.0003.vnnlib,1200,unsat False,0.6330673098564148,0.0,574.7571401596069,601.489328622818,0.0,n01955084_chiton,0.0,fix_nonmask,10.0,0.0003,n01955084_chiton_seg0_fixnonmask,False,0.0003,0.8921786546707153,"[0, 0, 223, 222]",24.0,150504.0,150528.0,0.0159438775510204
1239,onnx/vgg16-7.onnx,vnnlib/n01990800_isopod_global_k10_eps_0.0003.vnnlib,1200,sat False,-inf,,1.5466694831848145,30.455222845077515,0.0,n01990800_isopod,-1.0,global,10.0,0.0003,n01990800_isopod_global,True,0.0003,,,30.0,150498.0,150528.0,0.0199298469387755
1243,onnx/vgg16-7.onnx,vnnlib/n01990800_isopod_seg0_fixmask_k10_eps_0.0003.vnnlib,1200,sat False,-inf,,1.5204315185546875,25.43634343147278,0.0,n01990800_isopod,0.0,fix_mask,10.0,0.0003,n01990800_isopod_seg0_fixmask,False,0.0003,0.784122884273529,"[0, 0, 223, 223]",0.0,150528.0,150528.0,0.0
1247,onnx/vgg16-7.onnx,vnnlib/n01990800_isopod_seg0_fixnonmask_k10_eps_0.0003.vnnlib,1200,sat False,-inf,,1.5157899856567385,26.295530319213867,0.0,n01990800_isopod,0.0,fix_nonmask,10.0,0.0003,n01990800_isopod_seg0_fixnonmask,False,0.0003,0.784122884273529,"[0, 0, 223, 223]",30.0,150498.0,150528.0,0.0199298469387755
1275,onnx/vgg16-7.onnx,vnnlib/n02006656_spoonbill_global_k10_eps_0.0003.vnnlib,1200,unsat False,0.4620824456214905,0.0,606.5027413368225,619.5885646343231,0.0,n02006656_spoonbill,-1.0,global,10.0,0.0003,n02006656_spoonbill_global,True,0.0003,,,30.0,150498.0,150528.0,0.0199298469387755
1279,onnx/vgg16-7.onnx,vnnlib/n02006656_spoonbill_seg0_fixmask_k10_eps_0.0003.vnnlib,1200,unsat False,0.4621171355247497,0.0,3.48673677444458,16.75143575668335,0.0,n02006656_spoonbill,0.0,fix_mask,10.0,0.0003,n02006656_spoonbill_seg0_fixmask,False,0.0003,0.9342789053916932,"[0, 0, 223, 223]",0.0,150528.0,150528.0,0.0
1283,onnx/vgg16-7.onnx,vnnlib/n02006656_spoonbill_seg0_fixnonmask_k10_eps_0.0003.vnnlib,1200,unsat False,0.4620811343193054,0.0,606.8038001060486,619.6848528385162,0.0,n02006656_spoonbill,0.0,fix_nonmask,10.0,0.0003,n02006656_spoonbill_seg0_fixnonmask,False,0.0003,0.9342789053916932,"[0, 0, 223, 223]",30.0,150498.0,150528.0,0.0199298469387755
1287,onnx/vgg16-7.onnx,vnnlib/n02007558_flamingo_global_k10_eps_0.0003.vnnlib,1200,sat False,-inf,,2.3461148738861084,15.68763279914856,0.0,n02007558_flamingo,-1.0,global,10.0,0.0003,n02007558_flamingo_global,True,0.0003,,,30.0,150498.0,150528.0,0.0199298469387755
1291,onnx/vgg16-7.onnx,vnnlib/n02007558_flamingo_seg0_fixmask_k10_eps_0.0003.vnnlib,1200,sat False,-inf,,2.282989740371704,15.5055992603302,0.0,n02007558_flamingo,0.0,fix_mask,10.0,0.0003,n02007558_flamingo_seg0_fixmask,False,0.0003,0.7151638269424438,"[0, 0, 223, 223]",12.0,150516.0,150528.0,0.0079719387755102
1295,onnx/vgg16-7.onnx,vnnlib/n02007558_flamingo_seg0_fixnonmask_k10_eps_0.0003.vnnlib,1200,sat False,-inf,,2.2679004669189453,15.546644687652588,0.0,n02007558_flamingo,0.0,fix_nonmask,10.0,0.0003,n02007558_flamingo_seg0_fixnonmask,False,0.0003,0.7151638269424438,"[0, 0, 223, 223]",18.0,150510.0,150528.0,0.0119579081632653
1323,onnx/vgg16-7.onnx,vnnlib/n02011460_bittern_global_k10_eps_0.0003.vnnlib,1200,unsat False,1.838600993156433,0.0,584.7138726711273,592.5002093315125,0.0,n02011460_bittern,-1.0,global,10.0,0.0003,n02011460_bittern_global,True,0.0003,,,30.0,150498.0,150528.0,0.0199298469387755
1327,onnx/vgg16-7.onnx,vnnlib/n02011460_bittern_seg0_fixmask_k10_eps_0.0003.vnnlib,1200,unsat False,1.8386306762695312,0.0,143.29581093788147,150.63088130950928,0.0,n02011460_bittern,0.0,fix_mask,10.0,0.0003,n02011460_bittern_seg0_fixmask,False,0.0003,0.7406385540962219,"[0, 0, 223, 223]",3.0,150525.0,150528.0,0.0019929846938775
1331,onnx/vgg16-7.onnx,vnnlib/n02011460_bittern_seg0_fixnonmask_k10_eps_0.0003.vnnlib,1200,unsat False,1.8386054039001465,0.0,547.6194229125977,555.4643330574036,0.0,n02011460_bittern,0.0,fix_nonmask,10.0,0.0003,n02011460_bittern_seg0_fixnonmask,False,0.0003,0.7406385540962219,"[0, 0, 223, 223]",27.0,150501.0,150528.0,0.0179368622448979
1335,onnx/vgg16-7.onnx,vnnlib/n02012849_crane_global_k10_eps_0.0003.vnnlib,1200,unsat False,0.0806160643696785,0.0,591.4790003299713,598.9966840744019,0.0,n02012849_crane,-1.0,global,10.0,0.0003,n02012849_crane_global,True,0.0003,,,30.0,150498.0,150528.0,0.0199298469387755
1339,onnx/vgg16-7.onnx,vnnlib/n02012849_crane_seg0_fixmask_k10_eps_0.0003.vnnlib,1200,unsat False,0.0806385055184364,0.0,310.15167212486267,317.59441471099854,0.0,n02012849_crane,0.0,fix_mask,10.0,0.0003,n02012849_crane_seg0_fixmask,False,0.0003,0.8162031769752502,"[0, 0, 223, 223]",6.0,150522.0,150528.0,0.0039859693877551
1343,onnx/vgg16-7.onnx,vnnlib/n02012849_crane_seg0_fixnonmask_k10_eps_0.0003.vnnlib,1200,unsat False,0.0806220397353172,0.0,579.0914311408997,586.3833153247833,0.0,n02012849_crane,0.0,fix_nonmask,10.0,0.0003,n02012849_crane_seg0_fixnonmask,False,0.0003,0.8162031769752502,"[0, 0, 223, 223]",24.0,150504.0,150528.0,0.0159438775510204
1347,onnx/vgg16-7.onnx,vnnlib/n02013706_limpkin_global_k10_eps_0.0003.vnnlib,1200,unsat False,0.8061882853507996,0.0,631.6813163757324,639.0585255622864,0.0,n02013706_limpkin,-1.0,global,10.0,0.0003,n02013706_limpkin_global,True,0.0003,,,30.0,150498.0,150528.0,0.0199298469387755
1351,onnx/vgg16-7.onnx,vnnlib/n02013706_limpkin_seg0_fixmask_k10_eps_0.0003.vnnlib,1200,unsat False,0.806195080280304,0.0,570.9647867679596,578.628082036972,0.0,n02013706_limpkin,0.0,fix_mask,10.0,0.0003,n02013706_limpkin_seg0_fixmask,False,0.0003,0.7479361891746521,"[1, 0, 223, 223]",18.0,150510.0,150528.0,0.0119579081632653
1355,onnx/vgg16-7.onnx,vnnlib/n02013706_limpkin_seg0_fixnonmask_k10_eps_0.0003.vnnlib,1200,unsat False,0.8062045574188232,0.0,424.85513043403625,432.51036500930786,0.0,n02013706_limpkin,0.0,fix_nonmask,10.0,0.0003,n02013706_limpkin_seg0_fixnonmask,False,0.0003,0.7479361891746521,"[1, 0, 223, 223]",12.0,150516.0,150528.0,0.0079719387755102
1383,onnx/vgg16-7.onnx,vnnlib/n02018795_bustard_global_k10_eps_0.0003.vnnlib,1200,unsat False,0.2972393035888672,0.0,590.4521155357361,599.419440984726,0.0,n02018795_bustard,-1.0,global,10.0,0.0003,n02018795_bustard_global,True,0.0003,,,30.0,150498.0,150528.0,0.0199298469387755
1387,onnx/vgg16-7.onnx,vnnlib/n02018795_bustard_seg0_fixmask_k10_eps_0.0003.vnnlib,1200,unsat False,0.2972592711448669,0.0,368.1489975452423,375.8209731578827,0.0,n02018795_bustard,0.0,fix_mask,10.0,0.0003,n02018795_bustard_seg0_fixmask,False,0.0003,0.7597491145133972,"[0, 1, 223, 223]",12.0,150516.0,150528.0,0.0079719387755102
1391,onnx/vgg16-7.onnx,vnnlib/n02018795_bustard_seg0_fixnonmask_k10_eps_0.0003.vnnlib,1200,unsat False,0.2972494959831238,0.0,510.7331380844116,518.5136580467224,0.0,n02018795_bustard,0.0,fix_nonmask,10.0,0.0003,n02018795_bustard_seg0_fixnonmask,False,0.0003,0.7597491145133972,"[0, 1, 223, 223]",18.0,150510.0,150528.0,0.0119579081632653
1419,onnx/vgg16-7.onnx,vnnlib/n02028035_redshank_global_k10_eps_0.0003.vnnlib,1200,unsat False,0.0938034057617187,0.0,546.8680531978607,557.1595087051392,0.0,n02028035_redshank,-1.0,global,10.0,0.0003,n02028035_redshank_global,True,0.0003,,,30.0,150498.0,150528.0,0.0199298469387755
1423,onnx/vgg16-7.onnx,vnnlib/n02028035_redshank_seg0_fixmask_k10_eps_0.0003.vnnlib,1200,unsat False,0.0938361883163452,0.0,2.117241144180298,9.753419399261476,0.0,n02028035_redshank,0.0,fix_mask,10.0,0.0003,n02028035_redshank_seg0_fixmask,False,0.0003,0.9201093912124634,"[0, 0, 223, 222]",0.0,150528.0,150528.0,0.0
1427,onnx/vgg16-7.onnx,vnnlib/n02028035_redshank_seg0_fixnonmask_k10_eps_0.0003.vnnlib,1200,unsat False,0.0938038825988769,0.0,546.4383358955383,554.1063373088837,0.0,n02028035_redshank,0.0,fix_nonmask,10.0,0.0003,n02028035_redshank_seg0_fixnonmask,False,0.0003,0.9201093912124634,"[0, 0, 223, 222]",30.0,150498.0,150528.0,0.0199298469387755
1431,onnx/vgg16-7.onnx,vnnlib/n02033041_dowitcher_global_k10_eps_0.0003.vnnlib,1200,unsat False,1.3211125135421753,0.0,550.4553060531616,558.2510702610016,0.0,n02033041_dowitcher,-1.0,global,10.0,0.0003,n02033041_dowitcher_global,True,0.0003,,,30.0,150498.0,150528.0,0.0199298469387755
1435,onnx/vgg16-7.onnx,vnnlib/n02033041_dowitcher_seg0_fixmask_k10_eps_0.0003.vnnlib,1200,unsat False,1.3211432695388794,0.0,206.03458499908447,213.2728481292725,0.0,n02033041_dowitcher,0.0,fix_mask,10.0,0.0003,n02033041_dowitcher_seg0_fixmask,False,0.0003,0.8100311160087585,"[0, 0, 223, 223]",3.0,150525.0,150528.0,0.0019929846938775
1439,onnx/vgg16-7.onnx,vnnlib/n02033041_dowitcher_seg0_fixnonmask_k10_eps_0.0003.vnnlib,1200,unsat False,1.321115493774414,0.0,550.7425532341003,558.1294686794281,0.0,n02033041_dowitcher,0.0,fix_nonmask,10.0,0.0003,n02033041_dowitcher_seg0_fixnonmask,False,0.0003,0.8100311160087585,"[0, 0, 223, 223]",27.0,150501.0,150528.0,0.0179368622448979
1443,onnx/vgg16-7.onnx,vnnlib/n02037110_oystercatcher_global_k10_eps_0.0003.vnnlib,1200,unsat False,0.9327322244644164,0.0,639.279102563858,646.4816908836365,0.0,n02037110_oystercatcher,-1.0,global,10.0,0.0003,n02037110_oystercatcher_global,True,0.0003,,,30.0,150498.0,150528.0,0.0199298469387755
1447,onnx/vgg16-7.onnx,vnnlib/n02037110_oystercatcher_seg0_fixmask_k10_eps_0.0003.vnnlib,1200,unsat False,0.932764172554016,0.0,3.402975559234619,12.164766550064089,0.0,n02037110_oystercatcher,0.0,fix_mask,10.0,0.0003,n02037110_oystercatcher_seg0_fixmask,False,0.0003,0.8058772087097168,"[0, 0, 223, 223]",0.0,150528.0,150528.0,0.0
1451,onnx/vgg16-7.onnx,vnnlib/n02037110_oystercatcher_seg0_fixnonmask_k10_eps_0.0003.vnnlib,1200,unsat False,0.9327313303947448,0.0,639.9931819438934,647.4410943984985,0.0,n02037110_oystercatcher,0.0,fix_nonmask,10.0,0.0003,n02037110_oystercatcher_seg0_fixnonmask,False,0.0003,0.8058772087097168,"[0, 0, 223, 223]",30.0,150498.0,150528.0,0.0199298469387755
1455,onnx/vgg16-7.onnx,vnnlib/n02051845_pelican_global_k10_eps_0.0003.vnnlib,1200,sat False,-inf,,1.5073230266571045,9.284626960754396,0.0,n02051845_pelican,-1.0,global,10.0,0.0003,n02051845_pelican_global,True,0.0003,,,30.0,150498.0,150528.0,0.0199298469387755
1459,onnx/vgg16-7.onnx,vnnlib/n02051845_pelican_seg0_fixmask_k10_eps_0.0003.vnnlib,1200,sat False,-inf,,1.514805793762207,9.194314002990724,0.0,n02051845_pelican,0.0,fix_mask,10.0,0.0003,n02051845_pelican_seg0_fixmask,False,0.0003,0.8604021668434143,"[0, 0, 223, 223]",15.0,150513.0,150528.0,0.0099649234693877
1463,onnx/vgg16-7.onnx,vnnlib/n02051845_pelican_seg0_fixnonmask_k10_eps_0.0003.vnnlib,1200,sat False,-inf,,1.5242512226104736,9.223487615585327,0.0,n02051845_pelican,0.0,fix_nonmask,10.0,0.0003,n02051845_pelican_seg0_fixnonmask,False,0.0003,0.8604021668434143,"[0, 0, 223, 223]",15.0,150513.0,150528.0,0.0099649234693877
1479,onnx/vgg16-7.onnx,vnnlib/n02058221_albatross_global_k10_eps_0.0003.vnnlib,1200,sat False,-inf,,1.513810396194458,9.313540935516356,0.0,n02058221_albatross,-1.0,global,10.0,0.0003,n02058221_albatross_global,True,0.0003,,,30.0,150498.0,150528.0,0.0199298469387755
1483,onnx/vgg16-7.onnx,vnnlib/n02058221_albatross_seg0_fixmask_k10_eps_0.0003.vnnlib,1200,sat False,-inf,,1.382502794265747,8.596961259841919,0.0,n02058221_albatross,0.0,fix_mask,10.0,0.0003,n02058221_albatross_seg0_fixmask,False,0.0003,0.90899920463562,"[0, 0, 223, 223]",6.0,150522.0,150528.0,0.0039859693877551
1487,onnx/vgg16-7.onnx,vnnlib/n02058221_albatross_seg0_fixnonmask_k10_eps_0.0003.vnnlib,1200,sat False,-inf,,1.456155776977539,8.981461524963379,0.0,n02058221_albatross,0.0,fix_nonmask,10.0,0.0003,n02058221_albatross_seg0_fixnonmask,False,0.0003,0.90899920463562,"[0, 0, 223, 223]",24.0,150504.0,150528.0,0.0159438775510204
1515,onnx/vgg16-7.onnx,vnnlib/n02074367_dugong_global_k10_eps_0.0003.vnnlib,1200,sat False,-inf,,2.1215171813964844,10.730632781982422,0.0,n02074367_dugong,-1.0,global,10.0,0.0003,n02074367_dugong_global,True,0.0003,,,30.0,150498.0,150528.0,0.0199298469387755
1519,onnx/vgg16-7.onnx,vnnlib/n02074367_dugong_seg0_fixmask_k10_eps_0.0003.vnnlib,1200,sat False,-inf,,2.471398115158081,11.00545334815979,0.0,n02074367_dugong,0.0,fix_mask,10.0,0.0003,n02074367_dugong_seg0_fixmask,False,0.0003,0.8628674149513245,"[0, 1, 223, 222]",3.0,150525.0,150528.0,0.0019929846938775
1523,onnx/vgg16-7.onnx,vnnlib/n02074367_dugong_seg0_fixnonmask_k10_eps_0.0003.vnnlib,1200,sat False,-inf,,1.436095952987671,8.780240058898926,0.0,n02074367_dugong,0.0,fix_nonmask,10.0,0.0003,n02074367_dugong_seg0_fixnonmask,False,0.0003,0.8628674149513245,"[0, 1, 223, 222]",27.0,150501.0,150528.0,0.0179368622448979
1539,onnx/vgg16-7.onnx,vnnlib/n02085620_Chihuahua_global_k10_eps_0.0003.vnnlib,1200,unsat False,2.242126226425171,0.0,568.991548538208,576.3220889568329,0.0,n02085620_Chihuahua,-1.0,global,10.0,0.0003,n02085620_Chihuahua_global,True,0.0003,,,30.0,150498.0,150528.0,0.0199298469387755
1543,onnx/vgg16-7.onnx,vnnlib/n02085620_Chihuahua_seg0_fixmask_k10_eps_0.0003.vnnlib,1200,unsat False,2.242129325866699,0.0,497.591912984848,506.4128229618073,0.0,n02085620_Chihuahua,0.0,fix_mask,10.0,0.0003,n02085620_Chihuahua_seg0_fixmask,False,0.0003,0.8608407974243164,"[0, 1, 223, 223]",18.0,150510.0,150528.0,0.0119579081632653
1547,onnx/vgg16-7.onnx,vnnlib/n02085620_Chihuahua_seg0_fixnonmask_k10_eps_0.0003.vnnlib,1200,unsat False,2.242133855819702,0.0,412.687539100647,421.4107253551483,0.0,n02085620_Chihuahua,0.0,fix_nonmask,10.0,0.0003,n02085620_Chihuahua_seg0_fixnonmask,False,0.0003,0.8608407974243164,"[0, 1, 223, 223]",12.0,150516.0,150528.0,0.0079719387755102
1575,onnx/vgg16-7.onnx,vnnlib/n02086079_Pekinese_global_k10_eps_0.0003.vnnlib,1200,unsat False,0.420751541852951,0.0,419.0861003398895,426.3451278209686,0.0,n02086079_Pekinese,-1.0,global,10.0,0.0003,n02086079_Pekinese_global,True,0.0003,,,30.0,150498.0,150528.0,0.0199298469387755
1579,onnx/vgg16-7.onnx,vnnlib/n02086079_Pekinese_seg0_fixmask_k10_eps_0.0003.vnnlib,1200,unsat False,0.4207743108272552,0.0,228.6059410572052,236.95275950431824,0.0,n02086079_Pekinese,0.0,fix_mask,10.0,0.0003,n02086079_Pekinese_seg0_fixmask,False,0.0003,0.9072928428649902,"[0, 0, 223, 223]",6.0,150522.0,150528.0,0.0039859693877551
1583,onnx/vgg16-7.onnx,vnnlib/n02086079_Pekinese_seg0_fixnonmask_k10_eps_0.0003.vnnlib,1200,unsat False,0.4207532107830047,0.0,382.3384096622467,389.7341432571411,0.0,n02086079_Pekinese,0.0,fix_nonmask,10.0,0.0003,n02086079_Pekinese_seg0_fixnonmask,False,0.0003,0.9072928428649902,"[0, 0, 223, 223]",24.0,150504.0,150528.0,0.0159438775510204
1587,onnx/vgg16-7.onnx,vnnlib/n02086240_Shih-Tzu_global_k10_eps_0.0003.vnnlib,1200,sat False,-inf,,2.2409627437591553,12.828900575637816,0.0,n02086240_Shih-Tzu,-1.0,global,10.0,0.0003,n02086240_Shih-Tzu_global,True,0.0003,,,30.0,150498.0,150528.0,0.0199298469387755
1591,onnx/vgg16-7.onnx,vnnlib/n02086240_Shih-Tzu_seg0_fixmask_k10_eps_0.0003.vnnlib,1200,sat False,-inf,,1.5040156841278076,9.289610624313354,0.0,n02086240_Shih-Tzu,0.0,fix_mask,10.0,0.0003,n02086240_Shih-Tzu_seg0_fixmask,False,0.0003,0.8884432315826416,"[0, 0, 223, 223]",3.0,150525.0,150528.0,0.0019929846938775
1595,onnx/vgg16-7.onnx,vnnlib/n02086240_Shih-Tzu_seg0_fixnonmask_k10_eps_0.0003.vnnlib,1200,sat False,-inf,,2.1144814491271973,12.749154806137083,0.0,n02086240_Shih-Tzu,0.0,fix_nonmask,10.0,0.0003,n02086240_Shih-Tzu_seg0_fixnonmask,False,0.0003,0.8884432315826416,"[0, 0, 223, 223]",27.0,150501.0,150528.0,0.0179368622448979
1611,onnx/vgg16-7.onnx,vnnlib/n02086910_papillon_global_k10_eps_0.0003.vnnlib,1200,sat False,-inf,,1.4657113552093506,9.059818506240845,0.0,n02086910_papillon,-1.0,global,10.0,0.0003,n02086910_papillon_global,True,0.0003,,,30.0,150498.0,150528.0,0.0199298469387755
1615,onnx/vgg16-7.onnx,vnnlib/n02086910_papillon_seg0_fixmask_k10_eps_0.0003.vnnlib,1200,sat False,-inf,,2.2026352882385254,11.329646348953249,0.0,n02086910_papillon,0.0,fix_mask,10.0,0.0003,n02086910_papillon_seg0_fixmask,False,0.0003,0.9371724128723145,"[0, 0, 223, 223]",6.0,150522.0,150528.0,0.0039859693877551
1619,onnx/vgg16-7.onnx,vnnlib/n02086910_papillon_seg0_fixnonmask_k10_eps_0.0003.vnnlib,1200,sat False,-inf,,2.1874232292175293,12.083760261535645,0.0,n02086910_papillon,0.0,fix_nonmask,10.0,0.0003,n02086910_papillon_seg0_fixnonmask,False,0.0003,0.9371724128723145,"[0, 0, 223, 223]",24.0,150504.0,150528.0,0.0159438775510204
1635,onnx/vgg16-7.onnx,vnnlib/n02088238_basset_global_k10_eps_0.0003.vnnlib,1200,unsat False,0.4991830885410309,0.0,525.420597076416,535.4387812614441,0.0,n02088238_basset,-1.0,global,10.0,0.0003,n02088238_basset_global,True,0.0003,,,30.0,150498.0,150528.0,0.0199298469387755
1639,onnx/vgg16-7.onnx,vnnlib/n02088238_basset_seg0_fixmask_k10_eps_0.0003.vnnlib,1200,unsat False,0.4991880357265472,0.0,402.595263004303,410.16025376319885,0.0,n02088238_basset,0.0,fix_mask,10.0,0.0003,n02088238_basset_seg0_fixmask,False,0.0003,0.8691270351409912,"[0, 0, 218, 223]",12.0,150516.0,150528.0,0.0079719387755102
1643,onnx/vgg16-7.onnx,vnnlib/n02088238_basset_seg0_fixnonmask_k10_eps_0.0003.vnnlib,1200,unsat False,0.4991875886917114,0.0,447.60560750961304,455.10283970832825,0.0,n02088238_basset,0.0,fix_nonmask,10.0,0.0003,n02088238_basset_seg0_fixnonmask,False,0.0003,0.8691270351409912,"[0, 0, 218, 223]",18.0,150510.0,150528.0,0.0119579081632653
1647,onnx/vgg16-7.onnx,vnnlib/n02088364_beagle_global_k10_eps_0.0003.vnnlib,1200,unsat False,1.112166166305542,0.0,521.5721535682678,528.7689409255981,0.0,n02088364_beagle,-1.0,global,10.0,0.0003,n02088364_beagle_global,True,0.0003,,,30.0,150498.0,150528.0,0.0199298469387755
1651,onnx/vgg16-7.onnx,vnnlib/n02088364_beagle_seg0_fixmask_k10_eps_0.0003.vnnlib,1200,unsat False,1.1121783256530762,0.0,282.6689999103546,290.21411061286926,0.0,n02088364_beagle,0.0,fix_mask,10.0,0.0003,n02088364_beagle_seg0_fixmask,False,0.0003,0.9216216802597046,"[0, 1, 223, 223]",6.0,150522.0,150528.0,0.0039859693877551
1655,onnx/vgg16-7.onnx,vnnlib/n02088364_beagle_seg0_fixnonmask_k10_eps_0.0003.vnnlib,1200,unsat False,1.112170696258545,0.0,487.1683943271637,497.1156487464905,0.0,n02088364_beagle,0.0,fix_nonmask,10.0,0.0003,n02088364_beagle_seg0_fixnonmask,False,0.0003,0.9216216802597046,"[0, 1, 223, 223]",24.0,150504.0,150528.0,0.0159438775510204
1659,onnx/vgg16-7.onnx,vnnlib/n02088466_bloodhound_global_k10_eps_0.0003.vnnlib,1200,unsat False,0.9263755083084106,0.0,557.0724873542786,566.9668757915497,0.0,n02088466_bloodhound,-1.0,global,10.0,0.0003,n02088466_bloodhound_global,True,0.0003,,,30.0,150498.0,150528.0,0.0199298469387755
1663,onnx/vgg16-7.onnx,vnnlib/n02088466_bloodhound_seg0_fixmask_k10_eps_0.0003.vnnlib,1200,unsat False,0.9263911247253418,0.0,457.0897703170776,467.3930468559265,0.0,n02088466_bloodhound,0.0,fix_mask,10.0,0.0003,n02088466_bloodhound_seg0_fixmask,False,0.0003,0.735257089138031,"[0, 0, 223, 223]",15.0,150513.0,150528.0,0.0099649234693877
1667,onnx/vgg16-7.onnx,vnnlib/n02088466_bloodhound_seg0_fixnonmask_k10_eps_0.0003.vnnlib,1200,unsat False,0.9264118075370787,0.0,435.43240880966187,445.1985993385315,0.0,n02088466_bloodhound,0.0,fix_nonmask,10.0,0.0003,n02088466_bloodhound_seg0_fixnonmask,False,0.0003,0.735257089138031,"[0, 0, 223, 223]",15.0,150513.0,150528.0,0.0099649234693877
1671,onnx/vgg16-7.onnx,vnnlib/n02088632_bluetick_global_k10_eps_0.0003.vnnlib,1200,unsat False,1.2612688541412354,0.0,532.6838579177856,540.1583127975464,0.0,n02088632_bluetick,-1.0,global,10.0,0.0003,n02088632_bluetick_global,True,0.0003,,,30.0,150498.0,150528.0,0.0199298469387755
1675,onnx/vgg16-7.onnx,vnnlib/n02088632_bluetick_seg0_fixmask_k10_eps_0.0003.vnnlib,1200,unsat False,1.2612823247909546,0.0,311.0113756656647,318.80524158477783,0.0,n02088632_bluetick,0.0,fix_mask,10.0,0.0003,n02088632_bluetick_seg0_fixmask,False,0.0003,0.7854453325271606,"[0, 0, 223, 223]",15.0,150513.0,150528.0,0.0099649234693877
1679,onnx/vgg16-7.onnx,vnnlib/n02088632_bluetick_seg0_fixnonmask_k10_eps_0.0003.vnnlib,1200,unsat False,1.261277198791504,0.0,489.4699747562408,497.39075779914856,0.0,n02088632_bluetick,0.0,fix_nonmask,10.0,0.0003,n02088632_bluetick_seg0_fixnonmask,False,0.0003,0.7854453325271606,"[0, 0, 223, 223]",15.0,150513.0,150528.0,0.0099649234693877
1719,onnx/vgg16-7.onnx,vnnlib/n02090379_redbone_global_k10_eps_0.0003.vnnlib,1200,unsat False,1.0663594007492063,0.0,566.6736068725586,574.6168208122253,0.0,n02090379_redbone,-1.0,global,10.0,0.0003,n02090379_redbone_global,True,0.0003,,,30.0,150498.0,150528.0,0.0199298469387755
1723,onnx/vgg16-7.onnx,vnnlib/n02090379_redbone_seg0_fixmask_k10_eps_0.0003.vnnlib,1200,unsat False,1.0663636922836304,0.0,444.6966185569763,452.3085963726044,0.0,n02090379_redbone,0.0,fix_mask,10.0,0.0003,n02090379_redbone_seg0_fixmask,False,0.0003,0.8241220116615295,"[0, 0, 223, 222]",12.0,150516.0,150528.0,0.0079719387755102
1727,onnx/vgg16-7.onnx,vnnlib/n02090379_redbone_seg0_fixnonmask_k10_eps_0.0003.vnnlib,1200,unsat False,1.066365361213684,0.0,452.34936904907227,459.9539086818695,0.0,n02090379_redbone,0.0,fix_nonmask,10.0,0.0003,n02090379_redbone_seg0_fixnonmask,False,0.0003,0.8241220116615295,"[0, 0, 223, 222]",18.0,150510.0,150528.0,0.0119579081632653
1731,onnx/vgg16-7.onnx,vnnlib/n02090622_borzoi_global_k10_eps_0.0003.vnnlib,1200,unsat False,0.2962401211261749,0.0,570.8784847259521,580.7455439567566,0.0,n02090622_borzoi,-1.0,global,10.0,0.0003,n02090622_borzoi_global,True,0.0003,,,30.0,150498.0,150528.0,0.0199298469387755
1735,onnx/vgg16-7.onnx,vnnlib/n02090622_borzoi_seg0_fixmask_k10_eps_0.0003.vnnlib,1200,unsat False,0.2962480187416076,0.0,227.0201690196991,236.53386616706848,0.0,n02090622_borzoi,0.0,fix_mask,10.0,0.0003,n02090622_borzoi_seg0_fixmask,False,0.0003,0.8973921537399292,"[0, 0, 223, 223]",6.0,150522.0,150528.0,0.0039859693877551
1739,onnx/vgg16-7.onnx,vnnlib/n02090622_borzoi_seg0_fixnonmask_k10_eps_0.0003.vnnlib,1200,unsat False,0.2962412238121032,0.0,528.437212228775,538.0321400165558,0.0,n02090622_borzoi,0.0,fix_nonmask,10.0,0.0003,n02090622_borzoi_seg0_fixnonmask,False,0.0003,0.8973921537399292,"[0, 0, 223, 223]",24.0,150504.0,150528.0,0.0159438775510204
1767,onnx/vgg16-7.onnx,vnnlib/n02091134_whippet_global_k10_eps_0.0003.vnnlib,1200,unsat False,0.4102793335914612,0.0,540.5376987457275,549.5459160804749,0.0,n02091134_whippet,-1.0,global,10.0,0.0003,n02091134_whippet_global,True,0.0003,,,30.0,150498.0,150528.0,0.0199298469387755
1771,onnx/vgg16-7.onnx,vnnlib/n02091134_whippet_seg0_fixmask_k10_eps_0.0003.vnnlib,1200,unsat False,0.4102959632873535,0.0,3.491826057434082,12.298557996749878,0.0,n02091134_whippet,0.0,fix_mask,10.0,0.0003,n02091134_whippet_seg0_fixmask,False,0.0003,0.9394497275352478,"[0, 0, 223, 222]",0.0,150528.0,150528.0,0.0
1775,onnx/vgg16-7.onnx,vnnlib/n02091134_whippet_seg0_fixnonmask_k10_eps_0.0003.vnnlib,1200,unsat False,0.4102790951728821,0.0,537.042995929718,546.1403045654297,0.0,n02091134_whippet,0.0,fix_nonmask,10.0,0.0003,n02091134_whippet_seg0_fixnonmask,False,0.0003,0.9394497275352478,"[0, 0, 223, 222]",30.0,150498.0,150528.0,0.0199298469387755
1791,onnx/vgg16-7.onnx,vnnlib/n02091831_Saluki_global_k10_eps_0.0003.vnnlib,1200,sat False,-inf,,2.2009499073028564,10.997331619262695,0.0,n02091831_Saluki,-1.0,global,10.0,0.0003,n02091831_Saluki_global,True,0.0003,,,30.0,150498.0,150528.0,0.0199298469387755
1795,onnx/vgg16-7.onnx,vnnlib/n02091831_Saluki_seg0_fixmask_k10_eps_0.0003.vnnlib,1200,sat False,-inf,,2.2025420665740967,10.73340940475464,0.0,n02091831_Saluki,0.0,fix_mask,10.0,0.0003,n02091831_Saluki_seg0_fixmask,False,0.0003,0.9069421291351318,"[0, 1, 223, 223]",6.0,150522.0,150528.0,0.0039859693877551
1799,onnx/vgg16-7.onnx,vnnlib/n02091831_Saluki_seg0_fixnonmask_k10_eps_0.0003.vnnlib,1200,sat False,-inf,,2.2063539028167725,11.00237512588501,0.0,n02091831_Saluki,0.0,fix_nonmask,10.0,0.0003,n02091831_Saluki_seg0_fixnonmask,False,0.0003,0.9069421291351318,"[0, 1, 223, 223]",24.0,150504.0,150528.0,0.0159438775510204
1815,onnx/vgg16-7.onnx,vnnlib/n02092339_Weimaraner_global_k10_eps_0.0003.vnnlib,1200,unsat False,0.1845934092998504,0.0,595.569491147995,604.181479215622,0.0,n02092339_Weimaraner,-1.0,global,10.0,0.0003,n02092339_Weimaraner_global,True,0.0003,,,30.0,150498.0,150528.0,0.0199298469387755
1819,onnx/vgg16-7.onnx,vnnlib/n02092339_Weimaraner_seg0_fixmask_k10_eps_0.0003.vnnlib,1200,unsat False,0.1845999658107757,0.0,528.2103102207184,536.7719216346741,0.0,n02092339_Weimaraner,0.0,fix_mask,10.0,0.0003,n02092339_Weimaraner_seg0_fixmask,False,0.0003,0.8584588766098022,"[0, 7, 223, 223]",18.0,150510.0,150528.0,0.0119579081632653
1823,onnx/vgg16-7.onnx,vnnlib/n02092339_Weimaraner_seg0_fixnonmask_k10_eps_0.0003.vnnlib,1200,unsat False,0.1846060454845428,0.0,453.23778676986694,460.777113199234,0.0,n02092339_Weimaraner,0.0,fix_nonmask,10.0,0.0003,n02092339_Weimaraner_seg0_fixnonmask,False,0.0003,0.8584588766098022,"[0, 7, 223, 223]",12.0,150516.0,150528.0,0.0079719387755102
1959,onnx/vgg16-7.onnx,vnnlib/n02096051_Airedale_global_k10_eps_0.0003.vnnlib,1200,unsat False,0.7157354950904846,0.0,582.4327476024628,592.999261379242,0.0,n02096051_Airedale,-1.0,global,10.0,0.0003,n02096051_Airedale_global,True,0.0003,,,30.0,150498.0,150528.0,0.0199298469387755
1963,onnx/vgg16-7.onnx,vnnlib/n02096051_Airedale_seg0_fixmask_k10_eps_0.0003.vnnlib,1200,unsat False,0.7157413363456726,0.0,450.9592909812927,458.1930615901947,0.0,n02096051_Airedale,0.0,fix_mask,10.0,0.0003,n02096051_Airedale_seg0_fixmask,False,0.0003,0.7541897892951965,"[0, 0, 223, 223]",12.0,150516.0,150528.0,0.0079719387755102
1967,onnx/vgg16-7.onnx,vnnlib/n02096051_Airedale_seg0_fixnonmask_k10_eps_0.0003.vnnlib,1200,unsat False,0.7157388925552368,0.0,503.86621022224426,511.36400628089905,0.0,n02096051_Airedale,0.0,fix_nonmask,10.0,0.0003,n02096051_Airedale_seg0_fixnonmask,False,0.0003,0.7541897892951965,"[0, 0, 223, 223]",18.0,150510.0,150528.0,0.0119579081632653
2163,onnx/vgg16-7.onnx,vnnlib/n02100583_vizsla_global_k10_eps_0.0003.vnnlib,1200,unsat False,0.2383545935153961,0.0,590.7477025985718,598.0749945640564,0.0,n02100583_vizsla,-1.0,global,10.0,0.0003,n02100583_vizsla_global,True,0.0003,,,30.0,150498.0,150528.0,0.0199298469387755
2167,onnx/vgg16-7.onnx,vnnlib/n02100583_vizsla_seg0_fixmask_k10_eps_0.0003.vnnlib,1200,unsat False,0.2383603155612945,0.0,511.3672344684601,520.3234503269196,0.0,n02100583_vizsla,0.0,fix_mask,10.0,0.0003,n02100583_vizsla_seg0_fixmask,False,0.0003,0.6752490997314453,"[0, 1, 223, 218]",15.0,150513.0,150528.0,0.0099649234693877
2171,onnx/vgg16-7.onnx,vnnlib/n02100583_vizsla_seg0_fixnonmask_k10_eps_0.0003.vnnlib,1200,unsat False,0.2383617460727691,0.0,462.6238181591034,471.5718219280243,0.0,n02100583_vizsla,0.0,fix_nonmask,10.0,0.0003,n02100583_vizsla_seg0_fixnonmask,False,0.0003,0.6752490997314453,"[0, 1, 223, 218]",15.0,150513.0,150528.0,0.0099649234693877
2211,onnx/vgg16-7.onnx,vnnlib/n02101556_clumber_global_k10_eps_0.0003.vnnlib,1200,sat False,-inf,,2.2435944080352783,11.18568515777588,0.0,n02101556_clumber,-1.0,global,10.0,0.0003,n02101556_clumber_global,True,0.0003,,,30.0,150498.0,150528.0,0.0199298469387755
2215,onnx/vgg16-7.onnx,vnnlib/n02101556_clumber_seg0_fixmask_k10_eps_0.0003.vnnlib,1200,sat False,-inf,,2.1756107807159424,10.943355083465576,0.0,n02101556_clumber,0.0,fix_mask,10.0,0.0003,n02101556_clumber_seg0_fixmask,False,0.0003,0.9387112259864808,"[0, 1, 223, 223]",6.0,150522.0,150528.0,0.0039859693877551
2219,onnx/vgg16-7.onnx,vnnlib/n02101556_clumber_seg0_fixnonmask_k10_eps_0.0003.vnnlib,1200,sat False,-inf,,2.2557594776153564,10.857163429260254,0.0,n02101556_clumber,0.0,fix_nonmask,10.0,0.0003,n02101556_clumber_seg0_fixnonmask,False,0.0003,0.9387112259864808,"[0, 1, 223, 223]",24.0,150504.0,150528.0,0.0159438775510204
2283,onnx/vgg16-7.onnx,vnnlib/n02104029_kuvasz_global_k10_eps_0.0003.vnnlib,1200,sat False,-inf,,2.255427598953247,11.152250528335571,0.0,n02104029_kuvasz,-1.0,global,10.0,0.0003,n02104029_kuvasz_global,True,0.0003,,,30.0,150498.0,150528.0,0.0199298469387755
2287,onnx/vgg16-7.onnx,vnnlib/n02104029_kuvasz_seg0_fixmask_k10_eps_0.0003.vnnlib,1200,sat False,-inf,,2.2896981239318848,10.811628818511965,0.0,n02104029_kuvasz,0.0,fix_mask,10.0,0.0003,n02104029_kuvasz_seg0_fixmask,False,0.0003,0.9134284257888794,"[0, 0, 223, 223]",3.0,150525.0,150528.0,0.0019929846938775
2291,onnx/vgg16-7.onnx,vnnlib/n02104029_kuvasz_seg0_fixnonmask_k10_eps_0.0003.vnnlib,1200,sat False,-inf,,2.2529001235961914,10.766865015029907,0.0,n02104029_kuvasz,0.0,fix_nonmask,10.0,0.0003,n02104029_kuvasz_seg0_fixnonmask,False,0.0003,0.9134284257888794,"[0, 0, 223, 223]",27.0,150501.0,150528.0,0.0179368622448979
2295,onnx/vgg16-7.onnx,vnnlib/n02104365_schipperke_global_k10_eps_0.0003.vnnlib,1200,unsat False,1.5479497909545898,0.0,556.3660521507263,564.7929782867432,0.0,n02104365_schipperke,-1.0,global,10.0,0.0003,n02104365_schipperke_global,True,0.0003,,,30.0,150498.0,150528.0,0.0199298469387755
2299,onnx/vgg16-7.onnx,vnnlib/n02104365_schipperke_seg0_fixmask_k10_eps_0.0003.vnnlib,1200,unsat False,1.5479620695114136,0.0,406.8281924724579,415.5558333396912,0.0,n02104365_schipperke,0.0,fix_mask,10.0,0.0003,n02104365_schipperke_seg0_fixmask,False,0.0003,0.8919436931610107,"[0, 0, 223, 223]",12.0,150516.0,150528.0,0.0079719387755102
2303,onnx/vgg16-7.onnx,vnnlib/n02104365_schipperke_seg0_fixnonmask_k10_eps_0.0003.vnnlib,1200,unsat False,1.547965168952942,0.0,504.2099959850311,512.6309065818787,0.0,n02104365_schipperke,0.0,fix_nonmask,10.0,0.0003,n02104365_schipperke_seg0_fixnonmask,False,0.0003,0.8919436931610107,"[0, 0, 223, 223]",18.0,150510.0,150528.0,0.0119579081632653
2307,onnx/vgg16-7.onnx,vnnlib/n02105056_groenendael_global_k10_eps_0.0003.vnnlib,1200,unsat False,0.6320199966430664,0.0,593.1600668430328,601.6129577159882,0.0,n02105056_groenendael,-1.0,global,10.0,0.0003,n02105056_groenendael_global,True,0.0003,,,30.0,150498.0,150528.0,0.0199298469387755
2311,onnx/vgg16-7.onnx,vnnlib/n02105056_groenendael_seg0_fixmask_k10_eps_0.0003.vnnlib,1200,unsat False,0.6320475935935974,0.0,419.37314796447754,427.8490946292877,0.0,n02105056_groenendael,0.0,fix_mask,10.0,0.0003,n02105056_groenendael_seg0_fixmask,False,0.0003,0.8946999907493591,"[0, 0, 221, 223]",12.0,150516.0,150528.0,0.0079719387755102
2315,onnx/vgg16-7.onnx,vnnlib/n02105056_groenendael_seg0_fixnonmask_k10_eps_0.0003.vnnlib,1200,unsat False,0.6320293545722961,0.0,497.6480133533478,506.4586782455444,0.0,n02105056_groenendael,0.0,fix_nonmask,10.0,0.0003,n02105056_groenendael_seg0_fixnonmask,False,0.0003,0.8946999907493591,"[0, 0, 221, 223]",18.0,150510.0,150528.0,0.0119579081632653
2319,onnx/vgg16-7.onnx,vnnlib/n02105162_malinois_global_k10_eps_0.0003.vnnlib,1200,sat False,-inf,,2.27180814743042,11.068168878555298,0.0,n02105162_malinois,-1.0,global,10.0,0.0003,n02105162_malinois_global,True,0.0003,,,30.0,150498.0,150528.0,0.0199298469387755
2323,onnx/vgg16-7.onnx,vnnlib/n02105162_malinois_seg0_fixmask_k10_eps_0.0003.vnnlib,1200,sat False,-inf,,2.215742349624634,10.999983072280884,0.0,n02105162_malinois,0.0,fix_mask,10.0,0.0003,n02105162_malinois_seg0_fixmask,False,0.0003,0.9064364433288574,"[0, 0, 223, 223]",6.0,150522.0,150528.0,0.0039859693877551
2327,onnx/vgg16-7.onnx,vnnlib/n02105162_malinois_seg0_fixnonmask_k10_eps_0.0003.vnnlib,1200,sat False,-inf,,2.1472458839416504,10.933488368988035,0.0,n02105162_malinois,0.0,fix_nonmask,10.0,0.0003,n02105162_malinois_seg0_fixnonmask,False,0.0003,0.9064364433288574,"[0, 0, 223, 223]",24.0,150504.0,150528.0,0.0159438775510204
2331,onnx/vgg16-7.onnx,vnnlib/n02105251_briard_global_k10_eps_0.0003.vnnlib,1200,sat False,-inf,,2.6315431594848633,11.201206684112549,0.0,n02105251_briard,-1.0,global,10.0,0.0003,n02105251_briard_global,True,0.0003,,,30.0,150498.0,150528.0,0.0199298469387755
2335,onnx/vgg16-7.onnx,vnnlib/n02105251_briard_seg0_fixmask_k10_eps_0.0003.vnnlib,1200,sat False,-inf,,2.2227587699890137,10.983442544937134,0.0,n02105251_briard,0.0,fix_mask,10.0,0.0003,n02105251_briard_seg0_fixmask,False,0.0003,0.783096432685852,"[0, 0, 223, 223]",6.0,150522.0,150528.0,0.0039859693877551
2339,onnx/vgg16-7.onnx,vnnlib/n02105251_briard_seg0_fixnonmask_k10_eps_0.0003.vnnlib,1200,sat False,-inf,,1.43996000289917,8.869232177734375,0.0,n02105251_briard,0.0,fix_nonmask,10.0,0.0003,n02105251_briard_seg0_fixnonmask,False,0.0003,0.783096432685852,"[0, 0, 223, 223]",24.0,150504.0,150528.0,0.0159438775510204
2343,onnx/vgg16-7.onnx,vnnlib/n02105412_kelpie_global_k10_eps_0.0003.vnnlib,1200,sat False,-inf,,1.4045968055725098,8.61061954498291,0.0,n02105412_kelpie,-1.0,global,10.0,0.0003,n02105412_kelpie_global,True,0.0003,,,30.0,150498.0,150528.0,0.0199298469387755
2347,onnx/vgg16-7.onnx,vnnlib/n02105412_kelpie_seg0_fixmask_k10_eps_0.0003.vnnlib,1200,sat False,-inf,,1.4332337379455566,8.942508459091187,0.0,n02105412_kelpie,0.0,fix_mask,10.0,0.0003,n02105412_kelpie_seg0_fixmask,False,0.0003,0.902455985546112,"[0, 0, 223, 223]",9.0,150519.0,150528.0,0.0059789540816326
2351,onnx/vgg16-7.onnx,vnnlib/n02105412_kelpie_seg0_fixnonmask_k10_eps_0.0003.vnnlib,1200,sat False,-inf,,2.2049591541290283,10.932677507400513,0.0,n02105412_kelpie,0.0,fix_nonmask,10.0,0.0003,n02105412_kelpie_seg0_fixnonmask,False,0.0003,0.902455985546112,"[0, 0, 223, 223]",21.0,150507.0,150528.0,0.0139508928571428
2355,onnx/vgg16-7.onnx,vnnlib/n02105505_komondor_global_k10_eps_0.0003.vnnlib,1200,sat False,-inf,,2.1854453086853027,10.693462133407593,0.0,n02105505_komondor,-1.0,global,10.0,0.0003,n02105505_komondor_global,True,0.0003,,,30.0,150498.0,150528.0,0.0199298469387755
2359,onnx/vgg16-7.onnx,vnnlib/n02105505_komondor_seg0_fixmask_k10_eps_0.0003.vnnlib,1200,sat False,-inf,,2.4428956508636475,10.864365339279177,0.0,n02105505_komondor,0.0,fix_mask,10.0,0.0003,n02105505_komondor_seg0_fixmask,False,0.0003,0.958928108215332,"[0, 0, 223, 223]",3.0,150525.0,150528.0,0.0019929846938775
2363,onnx/vgg16-7.onnx,vnnlib/n02105505_komondor_seg0_fixnonmask_k10_eps_0.0003.vnnlib,1200,sat False,-inf,,2.216155529022217,10.561028242111206,0.0,n02105505_komondor,0.0,fix_nonmask,10.0,0.0003,n02105505_komondor_seg0_fixnonmask,False,0.0003,0.958928108215332,"[0, 0, 223, 223]",27.0,150501.0,150528.0,0.0179368622448979
2415,onnx/vgg16-7.onnx,vnnlib/n02106550_Rottweiler_global_k10_eps_0.0003.vnnlib,1200,unsat False,0.2118521332740783,0.0,468.3329005241394,477.0912222862244,0.0,n02106550_Rottweiler,-1.0,global,10.0,0.0003,n02106550_Rottweiler_global,True,0.0003,,,30.0,150498.0,150528.0,0.0199298469387755
2419,onnx/vgg16-7.onnx,vnnlib/n02106550_Rottweiler_seg0_fixmask_k10_eps_0.0003.vnnlib,1200,unsat False,0.2118565440177917,0.0,344.8432981967926,353.4022946357727,0.0,n02106550_Rottweiler,0.0,fix_mask,10.0,0.0003,n02106550_Rottweiler_seg0_fixmask,False,0.0003,0.8258551359176636,"[0, 1, 223, 222]",15.0,150513.0,150528.0,0.0099649234693877
2423,onnx/vgg16-7.onnx,vnnlib/n02106550_Rottweiler_seg0_fixnonmask_k10_eps_0.0003.vnnlib,1200,unsat False,0.2118606269359588,0.0,398.1606521606446,406.69651460647583,0.0,n02106550_Rottweiler,0.0,fix_nonmask,10.0,0.0003,n02106550_Rottweiler_seg0_fixnonmask,False,0.0003,0.8258551359176636,"[0, 1, 223, 222]",15.0,150513.0,150528.0,0.0099649234693877
2439,onnx/vgg16-7.onnx,vnnlib/n02107142_Doberman_global_k10_eps_0.0003.vnnlib,1200,sat False,-inf,,2.2288241386413574,10.702632665634155,0.0,n02107142_Doberman,-1.0,global,10.0,0.0003,n02107142_Doberman_global,True,0.0003,,,30.0,150498.0,150528.0,0.0199298469387755
2443,onnx/vgg16-7.onnx,vnnlib/n02107142_Doberman_seg0_fixmask_k10_eps_0.0003.vnnlib,1200,sat False,-inf,,2.2319202423095703,10.606800079345703,0.0,n02107142_Doberman,0.0,fix_mask,10.0,0.0003,n02107142_Doberman_seg0_fixmask,False,0.0003,0.9167232513427734,"[0, 0, 223, 223]",9.0,150519.0,150528.0,0.0059789540816326
2447,onnx/vgg16-7.onnx,vnnlib/n02107142_Doberman_seg0_fixnonmask_k10_eps_0.0003.vnnlib,1200,sat False,-inf,,2.1650538444519043,10.602571487426758,0.0,n02107142_Doberman,0.0,fix_nonmask,10.0,0.0003,n02107142_Doberman_seg0_fixnonmask,False,0.0003,0.9167232513427734,"[0, 0, 223, 223]",21.0,150507.0,150528.0,0.0139508928571428
2487,onnx/vgg16-7.onnx,vnnlib/n02108000_EntleBucher_global_k10_eps_0.0003.vnnlib,1200,unsat False,0.114588588476181,0.0,609.1978843212128,618.1276454925537,0.0,n02108000_EntleBucher,-1.0,global,10.0,0.0003,n02108000_EntleBucher_global,True,0.0003,,,30.0,150498.0,150528.0,0.0199298469387755
2491,onnx/vgg16-7.onnx,vnnlib/n02108000_EntleBucher_seg0_fixmask_k10_eps_0.0003.vnnlib,1200,unsat False,0.114601045846939,0.0,246.8221788406372,255.7809817790985,0.0,n02108000_EntleBucher,0.0,fix_mask,10.0,0.0003,n02108000_EntleBucher_seg0_fixmask,False,0.0003,0.7889421582221985,"[0, 1, 223, 221]",6.0,150522.0,150528.0,0.0039859693877551
2495,onnx/vgg16-7.onnx,vnnlib/n02108000_EntleBucher_seg0_fixnonmask_k10_eps_0.0003.vnnlib,1200,unsat False,0.1145916208624839,0.0,561.3437263965607,569.9330701828003,0.0,n02108000_EntleBucher,0.0,fix_nonmask,10.0,0.0003,n02108000_EntleBucher_seg0_fixnonmask,False,0.0003,0.7889421582221985,"[0, 1, 223, 221]",24.0,150504.0,150528.0,0.0159438775510204
2499,onnx/vgg16-7.onnx,vnnlib/n02108089_boxer_global_k10_eps_0.0003.vnnlib,1200,unsat False,0.9628000259399414,0.0,529.768842458725,538.6287517547607,0.0,n02108089_boxer,-1.0,global,10.0,0.0003,n02108089_boxer_global,True,0.0003,,,30.0,150498.0,150528.0,0.0199298469387755
2503,onnx/vgg16-7.onnx,vnnlib/n02108089_boxer_seg0_fixmask_k10_eps_0.0003.vnnlib,1200,unsat False,0.9628130197525024,0.0,424.38087224960327,432.6985940933227,0.0,n02108089_boxer,0.0,fix_mask,10.0,0.0003,n02108089_boxer_seg0_fixmask,False,0.0003,0.7528635263442993,"[0, 0, 223, 223]",12.0,150516.0,150528.0,0.0079719387755102
2507,onnx/vgg16-7.onnx,vnnlib/n02108089_boxer_seg0_fixnonmask_k10_eps_0.0003.vnnlib,1200,unsat False,0.9628151655197144,0.0,457.7327792644501,466.6339023113251,0.0,n02108089_boxer,0.0,fix_nonmask,10.0,0.0003,n02108089_boxer_seg0_fixnonmask,False,0.0003,0.7528635263442993,"[0, 0, 223, 223]",18.0,150510.0,150528.0,0.0119579081632653
2559,onnx/vgg16-7.onnx,vnnlib/n02110063_malamute_global_k10_eps_0.0003.vnnlib,1200,unsat False,0.0411629080772399,0.0,534.9272592067719,543.9558711051941,0.0,n02110063_malamute,-1.0,global,10.0,0.0003,n02110063_malamute_global,True,0.0003,,,30.0,150498.0,150528.0,0.0199298469387755
2563,onnx/vgg16-7.onnx,vnnlib/n02110063_malamute_seg0_fixmask_k10_eps_0.0003.vnnlib,1200,unsat False,0.041177749633789,0.0,210.68023014068604,219.46546459198,0.0,n02110063_malamute,0.0,fix_mask,10.0,0.0003,n02110063_malamute_seg0_fixmask,False,0.0003,0.9159966707229614,"[0, 0, 223, 223]",3.0,150525.0,150528.0,0.0019929846938775
2567,onnx/vgg16-7.onnx,vnnlib/n02110063_malamute_seg0_fixnonmask_k10_eps_0.0003.vnnlib,1200,unsat False,0.0411633551120758,0.0,499.6122512817383,508.38607478141785,0.0,n02110063_malamute,0.0,fix_nonmask,10.0,0.0003,n02110063_malamute_seg0_fixnonmask,False,0.0003,0.9159966707229614,"[0, 0, 223, 223]",27.0,150501.0,150528.0,0.0179368622448979
2571,onnx/vgg16-7.onnx,vnnlib/n02110341_dalmatian_global_k10_eps_0.0003.vnnlib,1200,unsat False,0.8955443501472473,0.0,552.6937828063965,561.6520917415619,0.0,n02110341_dalmatian,-1.0,global,10.0,0.0003,n02110341_dalmatian_global,True,0.0003,,,30.0,150498.0,150528.0,0.0199298469387755
2575,onnx/vgg16-7.onnx,vnnlib/n02110341_dalmatian_seg0_fixmask_k10_eps_0.0003.vnnlib,1200,unsat False,0.8955541253089905,0.0,295.54822516441345,304.4924807548523,0.0,n02110341_dalmatian,0.0,fix_mask,10.0,0.0003,n02110341_dalmatian_seg0_fixmask,False,0.0003,0.8971216678619385,"[0, 0, 223, 223]",12.0,150516.0,150528.0,0.0079719387755102
2579,onnx/vgg16-7.onnx,vnnlib/n02110341_dalmatian_seg0_fixnonmask_k10_eps_0.0003.vnnlib,1200,unsat False,0.8955569863319397,0.0,482.4375953674317,489.6542818546295,0.0,n02110341_dalmatian,0.0,fix_nonmask,10.0,0.0003,n02110341_dalmatian_seg0_fixnonmask,False,0.0003,0.8971216678619385,"[0, 0, 223, 223]",18.0,150510.0,150528.0,0.0119579081632653
2583,onnx/vgg16-7.onnx,vnnlib/n02110627_affenpinscher_global_k10_eps_0.0003.vnnlib,1200,unsat False,0.7289215326309204,0.0,498.70930075645447,506.1942367553711,0.0,n02110627_affenpinscher,-1.0,global,10.0,0.0003,n02110627_affenpinscher_global,True,0.0003,,,30.0,150498.0,150528.0,0.0199298469387755
2587,onnx/vgg16-7.onnx,vnnlib/n02110627_affenpinscher_seg0_fixmask_k10_eps_0.0003.vnnlib,1200,unsat False,0.7289292216300964,0.0,280.17166018486023,287.7697479724884,0.0,n02110627_affenpinscher,0.0,fix_mask,10.0,0.0003,n02110627_affenpinscher_seg0_fixmask,False,0.0003,0.9187856912612916,"[0, 0, 223, 223]",12.0,150516.0,150528.0,0.0079719387755102
2591,onnx/vgg16-7.onnx,vnnlib/n02110627_affenpinscher_seg0_fixnonmask_k10_eps_0.0003.vnnlib,1200,unsat False,0.7289262413978577,0.0,488.5577366352082,497.4462420940399,0.0,n02110627_affenpinscher,0.0,fix_nonmask,10.0,0.0003,n02110627_affenpinscher_seg0_fixnonmask,False,0.0003,0.9187856912612916,"[0, 0, 223, 223]",18.0,150510.0,150528.0,0.0119579081632653
2595,onnx/vgg16-7.onnx,vnnlib/n02110806_basenji_global_k10_eps_0.0003.vnnlib,1200,sat False,-inf,,2.206341505050659,10.866525650024414,0.0,n02110806_basenji,-1.0,global,10.0,0.0003,n02110806_basenji_global,True,0.0003,,,30.0,150498.0,150528.0,0.0199298469387755
2599,onnx/vgg16-7.onnx,vnnlib/n02110806_basenji_seg0_fixmask_k10_eps_0.0003.vnnlib,1200,sat False,-inf,,2.2070517539978027,10.603841066360474,0.0,n02110806_basenji,0.0,fix_mask,10.0,0.0003,n02110806_basenji_seg0_fixmask,False,0.0003,0.8429379463195801,"[0, 0, 223, 223]",15.0,150513.0,150528.0,0.0099649234693877
2603,onnx/vgg16-7.onnx,vnnlib/n02110806_basenji_seg0_fixnonmask_k10_eps_0.0003.vnnlib,1200,sat False,-inf,,2.2174148559570312,10.687881708145142,0.0,n02110806_basenji,0.0,fix_nonmask,10.0,0.0003,n02110806_basenji_seg0_fixnonmask,False,0.0003,0.8429379463195801,"[0, 0, 223, 223]",15.0,150513.0,150528.0,0.0099649234693877
2607,onnx/vgg16-7.onnx,vnnlib/n02110958_pug_global_k10_eps_0.0003.vnnlib,1200,unsat False,0.3403560817241668,0.0,577.000607252121,585.768571138382,0.0,n02110958_pug,-1.0,global,10.0,0.0003,n02110958_pug_global,True,0.0003,,,30.0,150498.0,150528.0,0.0199298469387755
2611,onnx/vgg16-7.onnx,vnnlib/n02110958_pug_seg0_fixmask_k10_eps_0.0003.vnnlib,1200,unsat False,0.3403742015361786,0.0,357.0713949203491,365.842404127121,0.0,n02110958_pug,0.0,fix_mask,10.0,0.0003,n02110958_pug_seg0_fixmask,False,0.0003,0.8980503082275391,"[0, 1, 223, 223]",9.0,150519.0,150528.0,0.0059789540816326
2615,onnx/vgg16-7.onnx,vnnlib/n02110958_pug_seg0_fixnonmask_k10_eps_0.0003.vnnlib,1200,unsat False,0.3403654396533966,0.0,492.0486519336701,500.9397888183594,0.0,n02110958_pug,0.0,fix_nonmask,10.0,0.0003,n02110958_pug_seg0_fixnonmask,False,0.0003,0.8980503082275391,"[0, 1, 223, 223]",21.0,150507.0,150528.0,0.0139508928571428
2619,onnx/vgg16-7.onnx,vnnlib/n02111129_Leonberg_global_k10_eps_0.0003.vnnlib,1200,sat False,-inf,,2.278273820877075,10.710888862609863,0.0,n02111129_Leonberg,-1.0,global,10.0,0.0003,n02111129_Leonberg_global,True,0.0003,,,30.0,150498.0,150528.0,0.0199298469387755
2623,onnx/vgg16-7.onnx,vnnlib/n02111129_Leonberg_seg0_fixmask_k10_eps_0.0003.vnnlib,1200,sat False,-inf,,2.155522584915161,10.59568190574646,0.0,n02111129_Leonberg,0.0,fix_mask,10.0,0.0003,n02111129_Leonberg_seg0_fixmask,False,0.0003,0.7671524286270142,"[0, 0, 223, 222]",18.0,150510.0,150528.0,0.0119579081632653
2627,onnx/vgg16-7.onnx,vnnlib/n02111129_Leonberg_seg0_fixnonmask_k10_eps_0.0003.vnnlib,1200,sat False,-inf,,1.4445462226867676,8.868053913116455,0.0,n02111129_Leonberg,0.0,fix_nonmask,10.0,0.0003,n02111129_Leonberg_seg0_fixnonmask,False,0.0003,0.7671524286270142,"[0, 0, 223, 222]",12.0,150516.0,150528.0,0.0079719387755102
2631,onnx/vgg16-7.onnx,vnnlib/n02111277_Newfoundland_global_k10_eps_0.0003.vnnlib,1200,sat False,-inf,,2.2229530811309814,10.956125020980837,0.0,n02111277_Newfoundland,-1.0,global,10.0,0.0003,n02111277_Newfoundland_global,True,0.0003,,,30.0,150498.0,150528.0,0.0199298469387755
2635,onnx/vgg16-7.onnx,vnnlib/n02111277_Newfoundland_seg0_fixmask_k10_eps_0.0003.vnnlib,1200,sat False,-inf,,1.4370124340057373,9.005314350128174,0.0,n02111277_Newfoundland,0.0,fix_mask,10.0,0.0003,n02111277_Newfoundland_seg0_fixmask,False,0.0003,0.9384971857070924,"[0, 6, 223, 223]",6.0,150522.0,150528.0,0.0039859693877551
2639,onnx/vgg16-7.onnx,vnnlib/n02111277_Newfoundland_seg0_fixnonmask_k10_eps_0.0003.vnnlib,1200,sat False,-inf,,2.2216134071350098,10.977414846420288,0.0,n02111277_Newfoundland,0.0,fix_nonmask,10.0,0.0003,n02111277_Newfoundland_seg0_fixnonmask,False,0.0003,0.9384971857070924,"[0, 6, 223, 223]",24.0,150504.0,150528.0,0.0159438775510204
2655,onnx/vgg16-7.onnx,vnnlib/n02111889_Samoyed_global_k10_eps_0.0003.vnnlib,1200,unsat False,0.332285463809967,0.0,527.7110652923584,538.587153673172,0.0,n02111889_Samoyed,-1.0,global,10.0,0.0003,n02111889_Samoyed_global,True,0.0003,,,30.0,150498.0,150528.0,0.0199298469387755
2659,onnx/vgg16-7.onnx,vnnlib/n02111889_Samoyed_seg0_fixmask_k10_eps_0.0003.vnnlib,1200,unsat False,0.332289844751358,0.0,466.0406930446625,476.64190888404846,0.0,n02111889_Samoyed,0.0,fix_mask,10.0,0.0003,n02111889_Samoyed_seg0_fixmask,False,0.0003,0.63987797498703,"[0, 0, 223, 223]",15.0,150513.0,150528.0,0.0099649234693877
2663,onnx/vgg16-7.onnx,vnnlib/n02111889_Samoyed_seg0_fixnonmask_k10_eps_0.0003.vnnlib,1200,unsat False,0.3322892785072326,0.0,445.8463022708893,456.6411726474762,0.0,n02111889_Samoyed,0.0,fix_nonmask,10.0,0.0003,n02111889_Samoyed_seg0_fixnonmask,False,0.0003,0.63987797498703,"[0, 0, 223, 223]",15.0,150513.0,150528.0,0.0099649234693877
2667,onnx/vgg16-7.onnx,vnnlib/n02112018_Pomeranian_global_k10_eps_0.0003.vnnlib,1200,unsat False,0.5183632373809814,0.0,568.4599750041962,578.5465662479401,0.0,n02112018_Pomeranian,-1.0,global,10.0,0.0003,n02112018_Pomeranian_global,True,0.0003,,,30.0,150498.0,150528.0,0.0199298469387755
2671,onnx/vgg16-7.onnx,vnnlib/n02112018_Pomeranian_seg0_fixmask_k10_eps_0.0003.vnnlib,1200,unsat False,0.5183777809143066,0.0,280.3776738643646,290.5311894416809,0.0,n02112018_Pomeranian,0.0,fix_mask,10.0,0.0003,n02112018_Pomeranian_seg0_fixmask,False,0.0003,0.9147308468818665,"[0, 0, 223, 223]",6.0,150522.0,150528.0,0.0039859693877551
2675,onnx/vgg16-7.onnx,vnnlib/n02112018_Pomeranian_seg0_fixnonmask_k10_eps_0.0003.vnnlib,1200,unsat False,0.5183655023574829,0.0,542.5417284965515,552.7003681659698,0.0,n02112018_Pomeranian,0.0,fix_nonmask,10.0,0.0003,n02112018_Pomeranian_seg0_fixnonmask,False,0.0003,0.9147308468818665,"[0, 0, 223, 223]",24.0,150504.0,150528.0,0.0159438775510204
2679,onnx/vgg16-7.onnx,vnnlib/n02112137_chow_global_k10_eps_0.0003.vnnlib,1200,unsat False,0.2205784618854522,0.0,573.930282831192,582.8970813751221,0.0,n02112137_chow,-1.0,global,10.0,0.0003,n02112137_chow_global,True,0.0003,,,30.0,150498.0,150528.0,0.0199298469387755
2683,onnx/vgg16-7.onnx,vnnlib/n02112137_chow_seg0_fixmask_k10_eps_0.0003.vnnlib,1200,unsat False,0.2205893695354461,0.0,371.4384582042694,380.530873298645,0.0,n02112137_chow,0.0,fix_mask,10.0,0.0003,n02112137_chow_seg0_fixmask,False,0.0003,0.8676356077194214,"[0, 0, 223, 223]",9.0,150519.0,150528.0,0.0059789540816326
2687,onnx/vgg16-7.onnx,vnnlib/n02112137_chow_seg0_fixnonmask_k10_eps_0.0003.vnnlib,1200,unsat False,0.2205812036991119,0.0,492.6739718914032,501.214878320694,0.0,n02112137_chow,0.0,fix_nonmask,10.0,0.0003,n02112137_chow_seg0_fixnonmask,False,0.0003,0.8676356077194214,"[0, 0, 223, 223]",21.0,150507.0,150528.0,0.0139508928571428
2691,onnx/vgg16-7.onnx,vnnlib/n02112350_keeshond_global_k10_eps_0.0003.vnnlib,1200,sat False,-inf,,2.2199504375457764,10.81800103187561,0.0,n02112350_keeshond,-1.0,global,10.0,0.0003,n02112350_keeshond_global,True,0.0003,,,30.0,150498.0,150528.0,0.0199298469387755
2695,onnx/vgg16-7.onnx,vnnlib/n02112350_keeshond_seg0_fixmask_k10_eps_0.0003.vnnlib,1200,sat False,-inf,,2.2362492084503174,10.97788429260254,0.0,n02112350_keeshond,0.0,fix_mask,10.0,0.0003,n02112350_keeshond_seg0_fixmask,False,0.0003,0.9593664407730104,"[7, 0, 223, 223]",6.0,150522.0,150528.0,0.0039859693877551
2699,onnx/vgg16-7.onnx,vnnlib/n02112350_keeshond_seg0_fixnonmask_k10_eps_0.0003.vnnlib,1200,sat False,-inf,,2.1651358604431152,10.803060054779053,0.0,n02112350_keeshond,0.0,fix_nonmask,10.0,0.0003,n02112350_keeshond_seg0_fixnonmask,False,0.0003,0.9593664407730104,"[7, 0, 223, 223]",24.0,150504.0,150528.0,0.0159438775510204
2715,onnx/vgg16-7.onnx,vnnlib/n02113023_Pembroke_global_k10_eps_0.0003.vnnlib,1200,sat False,-inf,,2.213958263397217,10.666379928588867,0.0,n02113023_Pembroke,-1.0,global,10.0,0.0003,n02113023_Pembroke_global,True,0.0003,,,30.0,150498.0,150528.0,0.0199298469387755
2719,onnx/vgg16-7.onnx,vnnlib/n02113023_Pembroke_seg0_fixmask_k10_eps_0.0003.vnnlib,1200,sat False,-inf,,2.192728042602539,10.596413612365724,0.0,n02113023_Pembroke,0.0,fix_mask,10.0,0.0003,n02113023_Pembroke_seg0_fixmask,False,0.0003,0.7968304753303528,"[0, 1, 223, 223]",12.0,150516.0,150528.0,0.0079719387755102
2723,onnx/vgg16-7.onnx,vnnlib/n02113023_Pembroke_seg0_fixnonmask_k10_eps_0.0003.vnnlib,1200,sat False,-inf,,1.5656952857971191,9.214291334152222,0.0,n02113023_Pembroke,0.0,fix_nonmask,10.0,0.0003,n02113023_Pembroke_seg0_fixnonmask,False,0.0003,0.7968304753303528,"[0, 1, 223, 223]",18.0,150510.0,150528.0,0.0119579081632653
2727,onnx/vgg16-7.onnx,vnnlib/n02113186_Cardigan_global_k10_eps_0.0003.vnnlib,1200,unsat False,0.1376426815986633,0.0,598.8271412849426,606.222766160965,0.0,n02113186_Cardigan,-1.0,global,10.0,0.0003,n02113186_Cardigan_global,True,0.0003,,,30.0,150498.0,150528.0,0.0199298469387755
2731,onnx/vgg16-7.onnx,vnnlib/n02113186_Cardigan_seg0_fixmask_k10_eps_0.0003.vnnlib,1200,unsat False,0.1376554518938064,0.0,229.45013451576233,237.0687825679779,0.0,n02113186_Cardigan,0.0,fix_mask,10.0,0.0003,n02113186_Cardigan_seg0_fixmask,False,0.0003,0.9347344636917114,"[0, 0, 223, 223]",6.0,150522.0,150528.0,0.0039859693877551
2735,onnx/vgg16-7.onnx,vnnlib/n02113186_Cardigan_seg0_fixnonmask_k10_eps_0.0003.vnnlib,1200,unsat False,0.1376439332962036,0.0,594.5299303531647,603.1212291717529,0.0,n02113186_Cardigan,0.0,fix_nonmask,10.0,0.0003,n02113186_Cardigan_seg0_fixnonmask,False,0.0003,0.9347344636917114,"[0, 0, 223, 223]",24.0,150504.0,150528.0,0.0159438775510204
2823,onnx/vgg16-7.onnx,vnnlib/n02115641_dingo_global_k10_eps_0.0003.vnnlib,1200,unsat False,0.5937612652778625,0.0,548.6116745471954,556.6244869232178,0.0,n02115641_dingo,-1.0,global,10.0,0.0003,n02115641_dingo_global,True,0.0003,,,30.0,150498.0,150528.0,0.0199298469387755
2827,onnx/vgg16-7.onnx,vnnlib/n02115641_dingo_seg0_fixmask_k10_eps_0.0003.vnnlib,1200,unsat False,0.5937711596488953,0.0,457.99453473091125,465.3562002182007,0.0,n02115641_dingo,0.0,fix_mask,10.0,0.0003,n02115641_dingo_seg0_fixmask,False,0.0003,0.6344127058982849,"[0, 0, 223, 223]",18.0,150510.0,150528.0,0.0119579081632653
2831,onnx/vgg16-7.onnx,vnnlib/n02115641_dingo_seg0_fixnonmask_k10_eps_0.0003.vnnlib,1200,unsat False,0.5937812328338623,0.0,356.58798146247864,364.5689160823822,0.0,n02115641_dingo,0.0,fix_nonmask,10.0,0.0003,n02115641_dingo_seg0_fixnonmask,False,0.0003,0.6344127058982849,"[0, 0, 223, 223]",12.0,150516.0,150528.0,0.0079719387755102
2835,onnx/vgg16-7.onnx,vnnlib/n02115913_dhole_global_k10_eps_0.0003.vnnlib,1200,sat False,-inf,,1.4895272254943848,9.185872316360474,0.0,n02115913_dhole,-1.0,global,10.0,0.0003,n02115913_dhole_global,True,0.0003,,,30.0,150498.0,150528.0,0.0199298469387755
2839,onnx/vgg16-7.onnx,vnnlib/n02115913_dhole_seg0_fixmask_k10_eps_0.0003.vnnlib,1200,sat False,-inf,,2.1744377613067627,10.520107746124268,0.0,n02115913_dhole,0.0,fix_mask,10.0,0.0003,n02115913_dhole_seg0_fixmask,False,0.0003,0.8044253587722778,"[0, 0, 223, 223]",6.0,150522.0,150528.0,0.0039859693877551
2843,onnx/vgg16-7.onnx,vnnlib/n02115913_dhole_seg0_fixnonmask_k10_eps_0.0003.vnnlib,1200,sat False,-inf,,1.4643826484680176,9.039106369018556,0.0,n02115913_dhole,0.0,fix_nonmask,10.0,0.0003,n02115913_dhole_seg0_fixnonmask,False,0.0003,0.8044253587722778,"[0, 0, 223, 223]",24.0,150504.0,150528.0,0.0159438775510204
2859,onnx/vgg16-7.onnx,vnnlib/n02117135_hyena_global_k10_eps_0.0003.vnnlib,1200,sat False,-inf,,1.99975848197937,10.614763498306274,0.0,n02117135_hyena,-1.0,global,10.0,0.0003,n02117135_hyena_global,True,0.0003,,,30.0,150498.0,150528.0,0.0199298469387755
2863,onnx/vgg16-7.onnx,vnnlib/n02117135_hyena_seg0_fixmask_k10_eps_0.0003.vnnlib,1200,sat False,-inf,,1.4507970809936523,11.446096658706663,0.0,n02117135_hyena,0.0,fix_mask,10.0,0.0003,n02117135_hyena_seg0_fixmask,False,0.0003,0.875552237033844,"[0, 0, 223, 223]",6.0,150522.0,150528.0,0.0039859693877551
2867,onnx/vgg16-7.onnx,vnnlib/n02117135_hyena_seg0_fixnonmask_k10_eps_0.0003.vnnlib,1200,sat False,-inf,,2.2090766429901123,10.924465417861938,0.0,n02117135_hyena,0.0,fix_nonmask,10.0,0.0003,n02117135_hyena_seg0_fixnonmask,False,0.0003,0.875552237033844,"[0, 0, 223, 223]",24.0,150504.0,150528.0,0.0159438775510204
2919,onnx/vgg16-7.onnx,vnnlib/n02123045_tabby_global_k10_eps_0.0003.vnnlib,1200,sat False,-inf,,2.744708299636841,12.535313844680786,0.0,n02123045_tabby,-1.0,global,10.0,0.0003,n02123045_tabby_global,True,0.0003,,,30.0,150498.0,150528.0,0.0199298469387755
2923,onnx/vgg16-7.onnx,vnnlib/n02123045_tabby_seg0_fixmask_k10_eps_0.0003.vnnlib,1200,sat False,-inf,,2.1342897415161133,10.604378461837769,0.0,n02123045_tabby,0.0,fix_mask,10.0,0.0003,n02123045_tabby_seg0_fixmask,False,0.0003,0.9522085785865784,"[0, 0, 223, 223]",3.0,150525.0,150528.0,0.0019929846938775
2927,onnx/vgg16-7.onnx,vnnlib/n02123045_tabby_seg0_fixnonmask_k10_eps_0.0003.vnnlib,1200,sat False,-inf,,2.12462854385376,10.614179134368896,0.0,n02123045_tabby,0.0,fix_nonmask,10.0,0.0003,n02123045_tabby_seg0_fixnonmask,False,0.0003,0.9522085785865784,"[0, 0, 223, 223]",27.0,150501.0,150528.0,0.0179368622448979
2967,onnx/vgg16-7.onnx,vnnlib/n02125311_cougar_global_k10_eps_0.0003.vnnlib,1200,sat False,-inf,,2.327296733856201,10.618576526641846,0.0,n02125311_cougar,-1.0,global,10.0,0.0003,n02125311_cougar_global,True,0.0003,,,30.0,150498.0,150528.0,0.0199298469387755
2971,onnx/vgg16-7.onnx,vnnlib/n02125311_cougar_seg0_fixmask_k10_eps_0.0003.vnnlib,1200,sat False,-inf,,2.0207552909851074,12.536361694335938,0.0,n02125311_cougar,0.0,fix_mask,10.0,0.0003,n02125311_cougar_seg0_fixmask,False,0.0003,0.6610202193260193,"[0, 0, 223, 223]",12.0,150516.0,150528.0,0.0079719387755102
2975,onnx/vgg16-7.onnx,vnnlib/n02125311_cougar_seg0_fixnonmask_k10_eps_0.0003.vnnlib,1200,sat False,-inf,,2.9776365756988525,11.86024522781372,0.0,n02125311_cougar,0.0,fix_nonmask,10.0,0.0003,n02125311_cougar_seg0_fixnonmask,False,0.0003,0.6610202193260193,"[0, 0, 223, 223]",18.0,150510.0,150528.0,0.0119579081632653
2979,onnx/vgg16-7.onnx,vnnlib/n02127052_lynx_global_k10_eps_0.0003.vnnlib,1200,sat False,-inf,,2.2856640815734863,11.7428297996521,0.0,n02127052_lynx,-1.0,global,10.0,0.0003,n02127052_lynx_global,True,0.0003,,,30.0,150498.0,150528.0,0.0199298469387755
2983,onnx/vgg16-7.onnx,vnnlib/n02127052_lynx_seg0_fixmask_k10_eps_0.0003.vnnlib,1200,sat False,-inf,,2.211256265640259,12.594761610031128,0.0,n02127052_lynx,0.0,fix_mask,10.0,0.0003,n02127052_lynx_seg0_fixmask,False,0.0003,0.8662172555923462,"[0, 0, 223, 223]",6.0,150522.0,150528.0,0.0039859693877551
2987,onnx/vgg16-7.onnx,vnnlib/n02127052_lynx_seg0_fixnonmask_k10_eps_0.0003.vnnlib,1200,sat False,-inf,,2.194199800491333,12.684359312057495,0.0,n02127052_lynx,0.0,fix_nonmask,10.0,0.0003,n02127052_lynx_seg0_fixnonmask,False,0.0003,0.8662172555923462,"[0, 0, 223, 223]",24.0,150504.0,150528.0,0.0159438775510204
2991,onnx/vgg16-7.onnx,vnnlib/n02128385_leopard_global_k10_eps_0.0003.vnnlib,1200,unsat False,0.1392853558063507,0.0,595.5001282691956,602.7449853420258,0.0,n02128385_leopard,-1.0,global,10.0,0.0003,n02128385_leopard_global,True,0.0003,,,30.0,150498.0,150528.0,0.0199298469387755
2995,onnx/vgg16-7.onnx,vnnlib/n02128385_leopard_seg0_fixmask_k10_eps_0.0003.vnnlib,1200,unsat False,0.1392981708049774,0.0,169.94180941581726,177.37724542617798,0.0,n02128385_leopard,0.0,fix_mask,10.0,0.0003,n02128385_leopard_seg0_fixmask,False,0.0003,0.9643417000770568,"[0, 0, 223, 223]",3.0,150525.0,150528.0,0.0019929846938775
2999,onnx/vgg16-7.onnx,vnnlib/n02128385_leopard_seg0_fixnonmask_k10_eps_0.0003.vnnlib,1200,unsat False,0.1392867863178253,0.0,582.6364183425903,589.9271326065063,0.0,n02128385_leopard,0.0,fix_nonmask,10.0,0.0003,n02128385_leopard_seg0_fixnonmask,False,0.0003,0.9643417000770568,"[0, 0, 223, 223]",27.0,150501.0,150528.0,0.0179368622448979
3015,onnx/vgg16-7.onnx,vnnlib/n02129165_lion_global_k10_eps_0.0003.vnnlib,1200,unsat False,0.7629683017730713,0.0,592.2239379882812,599.7925229072571,0.0,n02129165_lion,-1.0,global,10.0,0.0003,n02129165_lion_global,True,0.0003,,,30.0,150498.0,150528.0,0.0199298469387755
3019,onnx/vgg16-7.onnx,vnnlib/n02129165_lion_seg0_fixmask_k10_eps_0.0003.vnnlib,1200,unsat False,0.7629903554916382,0.0,264.1749289035797,271.6301472187042,0.0,n02129165_lion,0.0,fix_mask,10.0,0.0003,n02129165_lion_seg0_fixmask,False,0.0003,0.8125290274620056,"[0, 0, 218, 223]",6.0,150522.0,150528.0,0.0039859693877551
3023,onnx/vgg16-7.onnx,vnnlib/n02129165_lion_seg0_fixnonmask_k10_eps_0.0003.vnnlib,1200,unsat False,0.7629706859588623,0.0,582.9211223125458,590.3384294509888,0.0,n02129165_lion,0.0,fix_nonmask,10.0,0.0003,n02129165_lion_seg0_fixnonmask,False,0.0003,0.8125290274620056,"[0, 0, 218, 223]",24.0,150504.0,150528.0,0.0159438775510204
3027,onnx/vgg16-7.onnx,vnnlib/n02129604_tiger_global_k10_eps_0.0003.vnnlib,1200,sat False,-inf,,1.5025715827941897,9.179211378097534,0.0,n02129604_tiger,-1.0,global,10.0,0.0003,n02129604_tiger_global,True,0.0003,,,30.0,150498.0,150528.0,0.0199298469387755
3031,onnx/vgg16-7.onnx,vnnlib/n02129604_tiger_seg0_fixmask_k10_eps_0.0003.vnnlib,1200,sat False,-inf,,1.4297645092010498,8.818765878677368,0.0,n02129604_tiger,0.0,fix_mask,10.0,0.0003,n02129604_tiger_seg0_fixmask,False,0.0003,0.8968974351882935,"[0, 0, 223, 223]",6.0,150522.0,150528.0,0.0039859693877551
3035,onnx/vgg16-7.onnx,vnnlib/n02129604_tiger_seg0_fixnonmask_k10_eps_0.0003.vnnlib,1200,sat False,-inf,,1.4976329803466797,8.968505620956421,0.0,n02129604_tiger,0.0,fix_nonmask,10.0,0.0003,n02129604_tiger_seg0_fixnonmask,False,0.0003,0.8968974351882935,"[0, 0, 223, 223]",24.0,150504.0,150528.0,0.0159438775510204
3039,onnx/vgg16-7.onnx,vnnlib/n02130308_cheetah_global_k10_eps_0.0003.vnnlib,1200,unsat False,0.9809619188308716,0.0,511.6756465435028,519.1189291477203,0.0,n02130308_cheetah,-1.0,global,10.0,0.0003,n02130308_cheetah_global,True,0.0003,,,30.0,150498.0,150528.0,0.0199298469387755
3043,onnx/vgg16-7.onnx,vnnlib/n02130308_cheetah_seg0_fixmask_k10_eps_0.0003.vnnlib,1200,unsat False,0.9809881448745728,0.0,2.045862913131714,9.413821458816528,0.0,n02130308_cheetah,0.0,fix_mask,10.0,0.0003,n02130308_cheetah_seg0_fixmask,False,0.0003,0.9383490681648254,"[0, 0, 223, 223]",0.0,150528.0,150528.0,0.0
3047,onnx/vgg16-7.onnx,vnnlib/n02130308_cheetah_seg0_fixnonmask_k10_eps_0.0003.vnnlib,1200,unsat False,0.9809617400169371,0.0,514.0717804431915,524.7591083049774,0.0,n02130308_cheetah,0.0,fix_nonmask,10.0,0.0003,n02130308_cheetah_seg0_fixnonmask,False,0.0003,0.9383490681648254,"[0, 0, 223, 223]",30.0,150498.0,150528.0,0.0199298469387755
3099,onnx/vgg16-7.onnx,vnnlib/n02137549_mongoose_global_k10_eps_0.0003.vnnlib,1200,sat False,-inf,,1.4575259685516355,8.822696924209595,0.0,n02137549_mongoose,-1.0,global,10.0,0.0003,n02137549_mongoose_global,True,0.0003,,,30.0,150498.0,150528.0,0.0199298469387755
3103,onnx/vgg16-7.onnx,vnnlib/n02137549_mongoose_seg0_fixmask_k10_eps_0.0003.vnnlib,1200,sat False,-inf,,1.5413904190063477,8.790419340133667,0.0,n02137549_mongoose,0.0,fix_mask,10.0,0.0003,n02137549_mongoose_seg0_fixmask,False,0.0003,0.7669277191162109,"[0, 0, 223, 223]",15.0,150513.0,150528.0,0.0099649234693877
3107,onnx/vgg16-7.onnx,vnnlib/n02137549_mongoose_seg0_fixnonmask_k10_eps_0.0003.vnnlib,1200,sat False,-inf,,1.4635086059570312,9.036729574203491,0.0,n02137549_mongoose,0.0,fix_nonmask,10.0,0.0003,n02137549_mongoose_seg0_fixnonmask,False,0.0003,0.7669277191162109,"[0, 0, 223, 223]",15.0,150513.0,150528.0,0.0099649234693877
3111,onnx/vgg16-7.onnx,vnnlib/n02138441_meerkat_global_k10_eps_0.0003.vnnlib,1200,unsat False,0.6895500421524048,0.0,565.258421421051,572.8558456897736,0.0,n02138441_meerkat,-1.0,global,10.0,0.0003,n02138441_meerkat_global,True,0.0003,,,30.0,150498.0,150528.0,0.0199298469387755
3115,onnx/vgg16-7.onnx,vnnlib/n02138441_meerkat_seg0_fixmask_k10_eps_0.0003.vnnlib,1200,unsat False,0.6895692944526672,0.0,192.0809640884399,199.62008500099185,0.0,n02138441_meerkat,0.0,fix_mask,10.0,0.0003,n02138441_meerkat_seg0_fixmask,False,0.0003,0.919752299785614,"[0, 0, 223, 223]",3.0,150525.0,150528.0,0.0019929846938775
3119,onnx/vgg16-7.onnx,vnnlib/n02138441_meerkat_seg0_fixnonmask_k10_eps_0.0003.vnnlib,1200,unsat False,0.6895507574081421,0.0,557.4891743659973,565.1047976016998,0.0,n02138441_meerkat,0.0,fix_nonmask,10.0,0.0003,n02138441_meerkat_seg0_fixnonmask,False,0.0003,0.919752299785614,"[0, 0, 223, 223]",27.0,150501.0,150528.0,0.0179368622448979
3135,onnx/vgg16-7.onnx,vnnlib/n02165456_ladybug_global_k10_eps_0.0003.vnnlib,1200,unsat False,0.8175138831138611,0.0,570.5147893428802,578.2186229228973,0.0,n02165456_ladybug,-1.0,global,10.0,0.0003,n02165456_ladybug_global,True,0.0003,,,30.0,150498.0,150528.0,0.0199298469387755
3139,onnx/vgg16-7.onnx,vnnlib/n02165456_ladybug_seg0_fixmask_k10_eps_0.0003.vnnlib,1200,unsat False,0.8175224661827087,0.0,330.3853199481964,337.70694947242737,0.0,n02165456_ladybug,0.0,fix_mask,10.0,0.0003,n02165456_ladybug_seg0_fixmask,False,0.0003,0.5163355469703674,"[0, 0, 223, 223]",9.0,150519.0,150528.0,0.0059789540816326
3143,onnx/vgg16-7.onnx,vnnlib/n02165456_ladybug_seg0_fixnonmask_k10_eps_0.0003.vnnlib,1200,unsat False,0.8175181150436401,0.0,496.40465259552,506.51587748527527,0.0,n02165456_ladybug,0.0,fix_nonmask,10.0,0.0003,n02165456_ladybug_seg0_fixnonmask,False,0.0003,0.5163355469703674,"[0, 0, 223, 223]",21.0,150507.0,150528.0,0.0139508928571428
3207,onnx/vgg16-7.onnx,vnnlib/n02190166_fly_global_k10_eps_0.0003.vnnlib,1200,sat False,-inf,,1.402946949005127,8.813670635223389,0.0,n02190166_fly,-1.0,global,10.0,0.0003,n02190166_fly_global,True,0.0003,,,30.0,150498.0,150528.0,0.0199298469387755
3211,onnx/vgg16-7.onnx,vnnlib/n02190166_fly_seg0_fixmask_k10_eps_0.0003.vnnlib,1200,sat False,-inf,,1.453404188156128,8.976018905639648,0.0,n02190166_fly,0.0,fix_mask,10.0,0.0003,n02190166_fly_seg0_fixmask,False,0.0003,0.7917088866233826,"[0, 0, 223, 223]",12.0,150516.0,150528.0,0.0079719387755102
3215,onnx/vgg16-7.onnx,vnnlib/n02190166_fly_seg0_fixnonmask_k10_eps_0.0003.vnnlib,1200,sat False,-inf,,1.484731674194336,9.439742803573608,0.0,n02190166_fly,0.0,fix_nonmask,10.0,0.0003,n02190166_fly_seg0_fixnonmask,False,0.0003,0.7917088866233826,"[0, 0, 223, 223]",18.0,150510.0,150528.0,0.0119579081632653
3219,onnx/vgg16-7.onnx,vnnlib/n02206856_bee_global_k10_eps_0.0003.vnnlib,1200,sat False,-inf,,1.5175654888153076,11.903594255447388,0.0,n02206856_bee,-1.0,global,10.0,0.0003,n02206856_bee_global,True,0.0003,,,30.0,150498.0,150528.0,0.0199298469387755
3223,onnx/vgg16-7.onnx,vnnlib/n02206856_bee_seg0_fixmask_k10_eps_0.0003.vnnlib,1200,sat False,-inf,,2.359362840652466,10.843847036361694,0.0,n02206856_bee,0.0,fix_mask,10.0,0.0003,n02206856_bee_seg0_fixmask,False,0.0003,0.6757987141609192,"[0, 0, 223, 223]",12.0,150516.0,150528.0,0.0079719387755102
3227,onnx/vgg16-7.onnx,vnnlib/n02206856_bee_seg0_fixnonmask_k10_eps_0.0003.vnnlib,1200,sat False,-inf,,1.4205632209777832,8.728328466415405,0.0,n02206856_bee,0.0,fix_nonmask,10.0,0.0003,n02206856_bee_seg0_fixnonmask,False,0.0003,0.6757987141609192,"[0, 0, 223, 223]",18.0,150510.0,150528.0,0.0119579081632653
3231,onnx/vgg16-7.onnx,vnnlib/n02219486_ant_global_k10_eps_0.0003.vnnlib,1200,unsat False,0.8655939102172852,0.0,571.4732193946838,579.1263802051544,0.0,n02219486_ant,-1.0,global,10.0,0.0003,n02219486_ant_global,True,0.0003,,,30.0,150498.0,150528.0,0.0199298469387755
3235,onnx/vgg16-7.onnx,vnnlib/n02219486_ant_seg0_fixmask_k10_eps_0.0003.vnnlib,1200,unsat False,0.8656091094017029,0.0,375.6851375102997,383.2829942703247,0.0,n02219486_ant,0.0,fix_mask,10.0,0.0003,n02219486_ant_seg0_fixmask,False,0.0003,0.8086048364639282,"[0, 0, 223, 223]",9.0,150519.0,150528.0,0.0059789540816326
3239,onnx/vgg16-7.onnx,vnnlib/n02219486_ant_seg0_fixnonmask_k10_eps_0.0003.vnnlib,1200,unsat False,0.8656078577041626,0.0,499.6949815750122,506.98488759994507,0.0,n02219486_ant,0.0,fix_nonmask,10.0,0.0003,n02219486_ant_seg0_fixnonmask,False,0.0003,0.8086048364639282,"[0, 0, 223, 223]",21.0,150507.0,150528.0,0.0139508928571428
3243,onnx/vgg16-7.onnx,vnnlib/n02226429_grasshopper_global_k10_eps_0.0003.vnnlib,1200,unsat False,1.1433886289596558,0.0,594.2508327960968,603.016205072403,0.0,n02226429_grasshopper,-1.0,global,10.0,0.0003,n02226429_grasshopper_global,True,0.0003,,,30.0,150498.0,150528.0,0.0199298469387755
3247,onnx/vgg16-7.onnx,vnnlib/n02226429_grasshopper_seg0_fixmask_k10_eps_0.0003.vnnlib,1200,unsat False,1.1434015035629272,0.0,114.46093940734865,123.04648852348328,0.0,n02226429_grasshopper,0.0,fix_mask,10.0,0.0003,n02226429_grasshopper_seg0_fixmask,False,0.0003,0.9051584005355836,"[0, 0, 223, 223]",3.0,150525.0,150528.0,0.0019929846938775
3251,onnx/vgg16-7.onnx,vnnlib/n02226429_grasshopper_seg0_fixnonmask_k10_eps_0.0003.vnnlib,1200,unsat False,1.143391251564026,0.0,579.4194269180298,589.5824246406555,0.0,n02226429_grasshopper,0.0,fix_nonmask,10.0,0.0003,n02226429_grasshopper_seg0_fixnonmask,False,0.0003,0.9051584005355836,"[0, 0, 223, 223]",27.0,150501.0,150528.0,0.0179368622448979
3255,onnx/vgg16-7.onnx,vnnlib/n02229544_cricket_global_k10_eps_0.0003.vnnlib,1200,unsat False,0.3285372257232666,0.0,594.9785265922546,602.7730422019958,0.0,n02229544_cricket,-1.0,global,10.0,0.0003,n02229544_cricket_global,True,0.0003,,,30.0,150498.0,150528.0,0.0199298469387755
3259,onnx/vgg16-7.onnx,vnnlib/n02229544_cricket_seg0_fixmask_k10_eps_0.0003.vnnlib,1200,unsat False,0.3285506665706634,0.0,400.39447832107544,409.94731760025024,0.0,n02229544_cricket,0.0,fix_mask,10.0,0.0003,n02229544_cricket_seg0_fixmask,False,0.0003,0.8544740080833435,"[0, 0, 223, 223]",12.0,150516.0,150528.0,0.0079719387755102
3263,onnx/vgg16-7.onnx,vnnlib/n02229544_cricket_seg0_fixnonmask_k10_eps_0.0003.vnnlib,1200,unsat False,0.3285476565361023,0.0,526.0129344463348,533.4063274860382,0.0,n02229544_cricket,0.0,fix_nonmask,10.0,0.0003,n02229544_cricket_seg0_fixnonmask,False,0.0003,0.8544740080833435,"[0, 0, 223, 223]",18.0,150510.0,150528.0,0.0119579081632653
3279,onnx/vgg16-7.onnx,vnnlib/n02233338_cockroach_global_k10_eps_0.0003.vnnlib,1200,unsat False,1.2715076208114624,0.0,531.6349811553955,538.8540222644806,0.0,n02233338_cockroach,-1.0,global,10.0,0.0003,n02233338_cockroach_global,True,0.0003,,,30.0,150498.0,150528.0,0.0199298469387755
3283,onnx/vgg16-7.onnx,vnnlib/n02233338_cockroach_seg0_fixmask_k10_eps_0.0003.vnnlib,1200,unsat False,1.2715208530426023,0.0,478.8579947948456,489.5185775756836,0.0,n02233338_cockroach,0.0,fix_mask,10.0,0.0003,n02233338_cockroach_seg0_fixmask,False,0.0003,0.6423852443695068,"[0, 0, 223, 223]",15.0,150513.0,150528.0,0.0099649234693877
3287,onnx/vgg16-7.onnx,vnnlib/n02233338_cockroach_seg0_fixnonmask_k10_eps_0.0003.vnnlib,1200,unsat False,1.2715181112289429,0.0,406.6087837219238,417.2935245037079,0.0,n02233338_cockroach,0.0,fix_nonmask,10.0,0.0003,n02233338_cockroach_seg0_fixnonmask,False,0.0003,0.6423852443695068,"[0, 0, 223, 223]",15.0,150513.0,150528.0,0.0099649234693877
3291,onnx/vgg16-7.onnx,vnnlib/n02256656_cicada_global_k10_eps_0.0003.vnnlib,1200,unsat False,0.6418420672416687,0.0,508.9972879886627,517.5620992183685,0.0,n02256656_cicada,-1.0,global,10.0,0.0003,n02256656_cicada_global,True,0.0003,,,30.0,150498.0,150528.0,0.0199298469387755
3295,onnx/vgg16-7.onnx,vnnlib/n02256656_cicada_seg0_fixmask_k10_eps_0.0003.vnnlib,1200,unsat False,0.6418541669845581,0.0,344.8578338623047,353.540762424469,0.0,n02256656_cicada,0.0,fix_mask,10.0,0.0003,n02256656_cicada_seg0_fixmask,False,0.0003,0.8587031364440918,"[0, 0, 223, 223]",9.0,150519.0,150528.0,0.0059789540816326
3299,onnx/vgg16-7.onnx,vnnlib/n02256656_cicada_seg0_fixnonmask_k10_eps_0.0003.vnnlib,1200,unsat False,0.6418488621711731,0.0,478.3716130256653,485.94715189933777,0.0,n02256656_cicada,0.0,fix_nonmask,10.0,0.0003,n02256656_cicada_seg0_fixnonmask,False,0.0003,0.8587031364440918,"[0, 0, 223, 223]",21.0,150507.0,150528.0,0.0139508928571428
3303,onnx/vgg16-7.onnx,vnnlib/n02259212_leafhopper_global_k10_eps_0.0003.vnnlib,1200,sat False,-inf,,1.7052288055419922,10.552131175994871,0.0,n02259212_leafhopper,-1.0,global,10.0,0.0003,n02259212_leafhopper_global,True,0.0003,,,30.0,150498.0,150528.0,0.0199298469387755
3307,onnx/vgg16-7.onnx,vnnlib/n02259212_leafhopper_seg0_fixmask_k10_eps_0.0003.vnnlib,1200,sat False,-inf,,1.4945333003997805,9.077759265899658,0.0,n02259212_leafhopper,0.0,fix_mask,10.0,0.0003,n02259212_leafhopper_seg0_fixmask,False,0.0003,0.9504467844963074,"[0, 0, 223, 223]",0.0,150528.0,150528.0,0.0
3311,onnx/vgg16-7.onnx,vnnlib/n02259212_leafhopper_seg0_fixnonmask_k10_eps_0.0003.vnnlib,1200,sat False,-inf,,1.4787139892578125,9.110950708389282,0.0,n02259212_leafhopper,0.0,fix_nonmask,10.0,0.0003,n02259212_leafhopper_seg0_fixnonmask,False,0.0003,0.9504467844963074,"[0, 0, 223, 223]",30.0,150498.0,150528.0,0.0199298469387755
3315,onnx/vgg16-7.onnx,vnnlib/n02264363_lacewing_global_k10_eps_0.0003.vnnlib,1200,unsat False,2.0824992656707764,0.0,516.1796054840088,523.3959214687347,0.0,n02264363_lacewing,-1.0,global,10.0,0.0003,n02264363_lacewing_global,True,0.0003,,,30.0,150498.0,150528.0,0.0199298469387755
3319,onnx/vgg16-7.onnx,vnnlib/n02264363_lacewing_seg0_fixmask_k10_eps_0.0003.vnnlib,1200,unsat False,2.0825350284576416,0.0,146.64530897140503,154.14776849746704,0.0,n02264363_lacewing,0.0,fix_mask,10.0,0.0003,n02264363_lacewing_seg0_fixmask,False,0.0003,0.7800488471984863,"[0, 0, 223, 223]",3.0,150525.0,150528.0,0.0019929846938775
3323,onnx/vgg16-7.onnx,vnnlib/n02264363_lacewing_seg0_fixnonmask_k10_eps_0.0003.vnnlib,1200,unsat False,2.0825014114379883,0.0,466.0711884498596,473.7560889720917,0.0,n02264363_lacewing,0.0,fix_nonmask,10.0,0.0003,n02264363_lacewing_seg0_fixnonmask,False,0.0003,0.7800488471984863,"[0, 0, 223, 223]",27.0,150501.0,150528.0,0.0179368622448979
3327,onnx/vgg16-7.onnx,vnnlib/n02268853_damselfly_global_k10_eps_0.0003.vnnlib,1200,sat False,-inf,,1.4698526859283447,9.114435195922852,0.0,n02268853_damselfly,-1.0,global,10.0,0.0003,n02268853_damselfly_global,True,0.0003,,,30.0,150498.0,150528.0,0.0199298469387755
3331,onnx/vgg16-7.onnx,vnnlib/n02268853_damselfly_seg0_fixmask_k10_eps_0.0003.vnnlib,1200,sat False,-inf,,1.5037484169006348,9.051851749420166,0.0,n02268853_damselfly,0.0,fix_mask,10.0,0.0003,n02268853_damselfly_seg0_fixmask,False,0.0003,0.7611114382743835,"[0, 2, 223, 220]",9.0,150519.0,150528.0,0.0059789540816326
3335,onnx/vgg16-7.onnx,vnnlib/n02268853_damselfly_seg0_fixnonmask_k10_eps_0.0003.vnnlib,1200,sat False,-inf,,1.3609237670898438,8.537205696105957,0.0,n02268853_damselfly,0.0,fix_nonmask,10.0,0.0003,n02268853_damselfly_seg0_fixnonmask,False,0.0003,0.7611114382743835,"[0, 2, 223, 220]",21.0,150507.0,150528.0,0.0139508928571428
3339,onnx/vgg16-7.onnx,vnnlib/n02276258_admiral_global_k10_eps_0.0003.vnnlib,1200,sat False,-inf,,1.4524164199829102,9.082544803619385,0.0,n02276258_admiral,-1.0,global,10.0,0.0003,n02276258_admiral_global,True,0.0003,,,30.0,150498.0,150528.0,0.0199298469387755
3343,onnx/vgg16-7.onnx,vnnlib/n02276258_admiral_seg0_fixmask_k10_eps_0.0003.vnnlib,1200,sat False,-inf,,1.423985719680786,8.869590282440186,0.0,n02276258_admiral,0.0,fix_mask,10.0,0.0003,n02276258_admiral_seg0_fixmask,False,0.0003,0.6688092947006226,"[0, 0, 223, 223]",21.0,150507.0,150528.0,0.0139508928571428
3347,onnx/vgg16-7.onnx,vnnlib/n02276258_admiral_seg0_fixnonmask_k10_eps_0.0003.vnnlib,1200,sat False,-inf,,2.1389687061309814,12.683874607086182,0.0,n02276258_admiral,0.0,fix_nonmask,10.0,0.0003,n02276258_admiral_seg0_fixnonmask,False,0.0003,0.6688092947006226,"[0, 0, 223, 223]",9.0,150519.0,150528.0,0.0059789540816326
3351,onnx/vgg16-7.onnx,vnnlib/n02277742_ringlet_global_k10_eps_0.0003.vnnlib,1200,unsat False,0.4721729159355163,0.0,577.2807748317719,584.8130791187286,0.0,n02277742_ringlet,-1.0,global,10.0,0.0003,n02277742_ringlet_global,True,0.0003,,,30.0,150498.0,150528.0,0.0199298469387755
3355,onnx/vgg16-7.onnx,vnnlib/n02277742_ringlet_seg0_fixmask_k10_eps_0.0003.vnnlib,1200,unsat False,0.4721794128417969,0.0,473.3959555625915,480.6180808544159,0.0,n02277742_ringlet,0.0,fix_mask,10.0,0.0003,n02277742_ringlet_seg0_fixmask,False,0.0003,0.7044758200645447,"[0, 1, 223, 223]",15.0,150513.0,150528.0,0.0099649234693877
3359,onnx/vgg16-7.onnx,vnnlib/n02277742_ringlet_seg0_fixnonmask_k10_eps_0.0003.vnnlib,1200,unsat False,0.4721948504447937,0.0,500.0802862644195,507.429958820343,0.0,n02277742_ringlet,0.0,fix_nonmask,10.0,0.0003,n02277742_ringlet_seg0_fixnonmask,False,0.0003,0.7044758200645447,"[0, 1, 223, 223]",15.0,150513.0,150528.0,0.0099649234693877
3363,onnx/vgg16-7.onnx,vnnlib/n02279972_monarch_global_k10_eps_0.0003.vnnlib,1200,unsat False,0.8242954015731812,0.0,607.8486180305481,615.1151986122131,0.0,n02279972_monarch,-1.0,global,10.0,0.0003,n02279972_monarch_global,True,0.0003,,,30.0,150498.0,150528.0,0.0199298469387755
3367,onnx/vgg16-7.onnx,vnnlib/n02279972_monarch_seg0_fixmask_k10_eps_0.0003.vnnlib,1200,unsat False,0.8243067264556885,0.0,546.5444197654724,554.13126039505,0.0,n02279972_monarch,0.0,fix_mask,10.0,0.0003,n02279972_monarch_seg0_fixmask,False,0.0003,0.79547119140625,"[0, 0, 223, 223]",18.0,150510.0,150528.0,0.0119579081632653
3371,onnx/vgg16-7.onnx,vnnlib/n02279972_monarch_seg0_fixnonmask_k10_eps_0.0003.vnnlib,1200,unsat False,0.8243143558502197,0.0,393.6208188533783,400.8200962543487,0.0,n02279972_monarch,0.0,fix_nonmask,10.0,0.0003,n02279972_monarch_seg0_fixnonmask,False,0.0003,0.79547119140625,"[0, 0, 223, 223]",12.0,150516.0,150528.0,0.0079719387755102
3399,onnx/vgg16-7.onnx,vnnlib/n02317335_starfish_global_k10_eps_0.0003.vnnlib,1200,sat False,-inf,,1.4937942028045654,9.239911317825316,0.0,n02317335_starfish,-1.0,global,10.0,0.0003,n02317335_starfish_global,True,0.0003,,,30.0,150498.0,150528.0,0.0199298469387755
3403,onnx/vgg16-7.onnx,vnnlib/n02317335_starfish_seg0_fixmask_k10_eps_0.0003.vnnlib,1200,sat False,-inf,,2.283091306686402,12.498696565628052,0.0,n02317335_starfish,0.0,fix_mask,10.0,0.0003,n02317335_starfish_seg0_fixmask,False,0.0003,0.9252442717552184,"[0, 0, 223, 223]",0.0,150528.0,150528.0,0.0
3407,onnx/vgg16-7.onnx,vnnlib/n02317335_starfish_seg0_fixnonmask_k10_eps_0.0003.vnnlib,1200,sat False,-inf,,2.139465570449829,12.520883560180664,0.0,n02317335_starfish,0.0,fix_nonmask,10.0,0.0003,n02317335_starfish_seg0_fixnonmask,False,0.0003,0.9252442717552184,"[0, 0, 223, 223]",30.0,150498.0,150528.0,0.0199298469387755
3447,onnx/vgg16-7.onnx,vnnlib/n02326432_hare_global_k10_eps_0.0003.vnnlib,1200,unsat False,0.6107664108276367,0.0,487.75942277908325,498.5265574455261,0.0,n02326432_hare,-1.0,global,10.0,0.0003,n02326432_hare_global,True,0.0003,,,30.0,150498.0,150528.0,0.0199298469387755
3451,onnx/vgg16-7.onnx,vnnlib/n02326432_hare_seg0_fixmask_k10_eps_0.0003.vnnlib,1200,unsat False,0.6107851266860962,0.0,232.91101479530337,240.50229477882385,0.0,n02326432_hare,0.0,fix_mask,10.0,0.0003,n02326432_hare_seg0_fixmask,False,0.0003,0.73577481508255,"[0, 0, 223, 223]",9.0,150519.0,150528.0,0.0059789540816326
3455,onnx/vgg16-7.onnx,vnnlib/n02326432_hare_seg0_fixnonmask_k10_eps_0.0003.vnnlib,1200,unsat False,0.6107720136642456,0.0,476.4837493896485,486.68397641181946,0.0,n02326432_hare,0.0,fix_nonmask,10.0,0.0003,n02326432_hare_seg0_fixnonmask,False,0.0003,0.73577481508255,"[0, 0, 223, 223]",21.0,150507.0,150528.0,0.0139508928571428
3459,onnx/vgg16-7.onnx,vnnlib/n02328150_Angora_global_k10_eps_0.0003.vnnlib,1200,unsat False,1.3852530717849731,0.0,536.1511166095734,543.523841381073,0.0,n02328150_Angora,-1.0,global,10.0,0.0003,n02328150_Angora_global,True,0.0003,,,30.0,150498.0,150528.0,0.0199298469387755
3463,onnx/vgg16-7.onnx,vnnlib/n02328150_Angora_seg0_fixmask_k10_eps_0.0003.vnnlib,1200,unsat False,1.3852647542953491,0.0,438.4036183357239,448.727365732193,0.0,n02328150_Angora,0.0,fix_mask,10.0,0.0003,n02328150_Angora_seg0_fixmask,False,0.0003,0.8723758459091187,"[0, 0, 223, 223]",12.0,150516.0,150528.0,0.0079719387755102
3467,onnx/vgg16-7.onnx,vnnlib/n02328150_Angora_seg0_fixnonmask_k10_eps_0.0003.vnnlib,1200,unsat False,1.385264277458191,0.0,447.3246319293976,454.627916097641,0.0,n02328150_Angora,0.0,fix_nonmask,10.0,0.0003,n02328150_Angora_seg0_fixnonmask,False,0.0003,0.8723758459091187,"[0, 0, 223, 223]",18.0,150510.0,150528.0,0.0119579081632653
3471,onnx/vgg16-7.onnx,vnnlib/n02342885_hamster_global_k10_eps_0.0003.vnnlib,1200,sat False,-inf,,1.429434061050415,8.809521675109863,0.0,n02342885_hamster,-1.0,global,10.0,0.0003,n02342885_hamster_global,True,0.0003,,,30.0,150498.0,150528.0,0.0199298469387755
3475,onnx/vgg16-7.onnx,vnnlib/n02342885_hamster_seg0_fixmask_k10_eps_0.0003.vnnlib,1200,sat False,-inf,,1.456246852874756,8.842776536941528,0.0,n02342885_hamster,0.0,fix_mask,10.0,0.0003,n02342885_hamster_seg0_fixmask,False,0.0003,0.9001334309577942,"[0, 0, 223, 223]",9.0,150519.0,150528.0,0.0059789540816326
3479,onnx/vgg16-7.onnx,vnnlib/n02342885_hamster_seg0_fixnonmask_k10_eps_0.0003.vnnlib,1200,sat False,-inf,,1.4364967346191406,8.832254886627197,0.0,n02342885_hamster,0.0,fix_nonmask,10.0,0.0003,n02342885_hamster_seg0_fixnonmask,False,0.0003,0.9001334309577942,"[0, 0, 223, 223]",21.0,150507.0,150528.0,0.0139508928571428
3483,onnx/vgg16-7.onnx,vnnlib/n02346627_porcupine_global_k10_eps_0.0003.vnnlib,1200,sat False,-inf,,2.8522346019744873,13.32550048828125,0.0,n02346627_porcupine,-1.0,global,10.0,0.0003,n02346627_porcupine_global,True,0.0003,,,30.0,150498.0,150528.0,0.0199298469387755
3487,onnx/vgg16-7.onnx,vnnlib/n02346627_porcupine_seg0_fixmask_k10_eps_0.0003.vnnlib,1200,sat False,-inf,,2.76167893409729,13.38634967803955,0.0,n02346627_porcupine,0.0,fix_mask,10.0,0.0003,n02346627_porcupine_seg0_fixmask,False,0.0003,0.9669326543807985,"[0, 0, 223, 223]",0.0,150528.0,150528.0,0.0
3491,onnx/vgg16-7.onnx,vnnlib/n02346627_porcupine_seg0_fixnonmask_k10_eps_0.0003.vnnlib,1200,sat False,-inf,,2.396554946899414,12.662333726882936,0.0,n02346627_porcupine,0.0,fix_nonmask,10.0,0.0003,n02346627_porcupine_seg0_fixnonmask,False,0.0003,0.9669326543807985,"[0, 0, 223, 223]",30.0,150498.0,150528.0,0.0199298469387755
3507,onnx/vgg16-7.onnx,vnnlib/n02361337_marmot_global_k10_eps_0.0003.vnnlib,1200,sat False,-inf,,1.3995072841644287,8.609746932983398,0.0,n02361337_marmot,-1.0,global,10.0,0.0003,n02361337_marmot_global,True,0.0003,,,30.0,150498.0,150528.0,0.0199298469387755
3511,onnx/vgg16-7.onnx,vnnlib/n02361337_marmot_seg0_fixmask_k10_eps_0.0003.vnnlib,1200,sat False,-inf,,1.4527828693389893,9.016271829605104,0.0,n02361337_marmot,0.0,fix_mask,10.0,0.0003,n02361337_marmot_seg0_fixmask,False,0.0003,0.8905766010284424,"[0, 0, 223, 223]",3.0,150525.0,150528.0,0.0019929846938775
3515,onnx/vgg16-7.onnx,vnnlib/n02361337_marmot_seg0_fixnonmask_k10_eps_0.0003.vnnlib,1200,sat False,-inf,,1.4125502109527588,9.33483600616455,0.0,n02361337_marmot,0.0,fix_nonmask,10.0,0.0003,n02361337_marmot_seg0_fixnonmask,False,0.0003,0.8905766010284424,"[0, 0, 223, 223]",27.0,150501.0,150528.0,0.0179368622448979
3519,onnx/vgg16-7.onnx,vnnlib/n02363005_beaver_global_k10_eps_0.0003.vnnlib,1200,unsat False,1.0567439794540403,0.0,565.4571566581726,576.3307318687439,0.0,n02363005_beaver,-1.0,global,10.0,0.0003,n02363005_beaver_global,True,0.0003,,,30.0,150498.0,150528.0,0.0199298469387755
3523,onnx/vgg16-7.onnx,vnnlib/n02363005_beaver_seg0_fixmask_k10_eps_0.0003.vnnlib,1200,unsat False,1.056772232055664,0.0,388.7567982673645,396.2284219264984,0.0,n02363005_beaver,0.0,fix_mask,10.0,0.0003,n02363005_beaver_seg0_fixmask,False,0.0003,0.6218917965888977,"[0, 0, 223, 222]",12.0,150516.0,150528.0,0.0079719387755102
3527,onnx/vgg16-7.onnx,vnnlib/n02363005_beaver_seg0_fixnonmask_k10_eps_0.0003.vnnlib,1200,unsat False,1.0567599534988403,0.0,434.95531964302063,442.5107207298279,0.0,n02363005_beaver,0.0,fix_nonmask,10.0,0.0003,n02363005_beaver_seg0_fixnonmask,False,0.0003,0.6218917965888977,"[0, 0, 223, 222]",18.0,150510.0,150528.0,0.0119579081632653
3543,onnx/vgg16-7.onnx,vnnlib/n02389026_sorrel_global_k10_eps_0.0003.vnnlib,1200,sat False,-inf,,1.4345085620880127,8.893653631210327,0.0,n02389026_sorrel,-1.0,global,10.0,0.0003,n02389026_sorrel_global,True,0.0003,,,30.0,150498.0,150528.0,0.0199298469387755
3547,onnx/vgg16-7.onnx,vnnlib/n02389026_sorrel_seg0_fixmask_k10_eps_0.0003.vnnlib,1200,sat False,-inf,,2.1825129985809326,12.614298820495604,0.0,n02389026_sorrel,0.0,fix_mask,10.0,0.0003,n02389026_sorrel_seg0_fixmask,False,0.0003,0.8508479595184326,"[0, 0, 223, 223]",6.0,150522.0,150528.0,0.0039859693877551
3551,onnx/vgg16-7.onnx,vnnlib/n02389026_sorrel_seg0_fixnonmask_k10_eps_0.0003.vnnlib,1200,sat False,-inf,,1.473818063735962,9.035223245620728,0.0,n02389026_sorrel,0.0,fix_nonmask,10.0,0.0003,n02389026_sorrel_seg0_fixnonmask,False,0.0003,0.8508479595184326,"[0, 0, 223, 223]",24.0,150504.0,150528.0,0.0159438775510204
3555,onnx/vgg16-7.onnx,vnnlib/n02391049_zebra_global_k10_eps_0.0003.vnnlib,1200,sat False,-inf,,1.4137816429138184,8.710266590118408,0.0,n02391049_zebra,-1.0,global,10.0,0.0003,n02391049_zebra_global,True,0.0003,,,30.0,150498.0,150528.0,0.0199298469387755
3559,onnx/vgg16-7.onnx,vnnlib/n02391049_zebra_seg0_fixmask_k10_eps_0.0003.vnnlib,1200,sat False,-inf,,1.4596095085144043,8.825437307357788,0.0,n02391049_zebra,0.0,fix_mask,10.0,0.0003,n02391049_zebra_seg0_fixmask,False,0.0003,0.902414619922638,"[0, 0, 223, 223]",9.0,150519.0,150528.0,0.0059789540816326
3563,onnx/vgg16-7.onnx,vnnlib/n02391049_zebra_seg0_fixnonmask_k10_eps_0.0003.vnnlib,1200,sat False,-inf,,1.4010515213012695,8.689634799957275,0.0,n02391049_zebra,0.0,fix_nonmask,10.0,0.0003,n02391049_zebra_seg0_fixnonmask,False,0.0003,0.902414619922638,"[0, 0, 223, 223]",21.0,150507.0,150528.0,0.0139508928571428
3567,onnx/vgg16-7.onnx,vnnlib/n02395406_hog_global_k10_eps_0.0003.vnnlib,1200,sat False,-inf,,1.4261760711669922,8.74534797668457,0.0,n02395406_hog,-1.0,global,10.0,0.0003,n02395406_hog_global,True,0.0003,,,30.0,150498.0,150528.0,0.0199298469387755
3571,onnx/vgg16-7.onnx,vnnlib/n02395406_hog_seg0_fixmask_k10_eps_0.0003.vnnlib,1200,sat False,-inf,,1.456087589263916,9.037915468215942,0.0,n02395406_hog,0.0,fix_mask,10.0,0.0003,n02395406_hog_seg0_fixmask,False,0.0003,0.7711448669433594,"[0, 0, 223, 223]",6.0,150522.0,150528.0,0.0039859693877551
3575,onnx/vgg16-7.onnx,vnnlib/n02395406_hog_seg0_fixnonmask_k10_eps_0.0003.vnnlib,1200,sat False,-inf,,1.4103999137878418,8.73573613166809,0.0,n02395406_hog,0.0,fix_nonmask,10.0,0.0003,n02395406_hog_seg0_fixnonmask,False,0.0003,0.7711448669433594,"[0, 0, 223, 223]",24.0,150504.0,150528.0,0.0159438775510204
3579,onnx/vgg16-7.onnx,vnnlib/n02397096_warthog_global_k10_eps_0.0003.vnnlib,1200,sat False,-inf,,1.4338464736938477,8.747830867767334,0.0,n02397096_warthog,-1.0,global,10.0,0.0003,n02397096_warthog_global,True,0.0003,,,30.0,150498.0,150528.0,0.0199298469387755
3583,onnx/vgg16-7.onnx,vnnlib/n02397096_warthog_seg0_fixmask_k10_eps_0.0003.vnnlib,1200,sat False,-inf,,1.4226701259613037,8.68134355545044,0.0,n02397096_warthog,0.0,fix_mask,10.0,0.0003,n02397096_warthog_seg0_fixmask,False,0.0003,0.8510900139808655,"[0, 0, 223, 223]",3.0,150525.0,150528.0,0.0019929846938775
3587,onnx/vgg16-7.onnx,vnnlib/n02397096_warthog_seg0_fixnonmask_k10_eps_0.0003.vnnlib,1200,sat False,-inf,,1.4321222305297852,8.73146915435791,0.0,n02397096_warthog,0.0,fix_nonmask,10.0,0.0003,n02397096_warthog_seg0_fixnonmask,False,0.0003,0.8510900139808655,"[0, 0, 223, 223]",27.0,150501.0,150528.0,0.0179368622448979
3591,onnx/vgg16-7.onnx,vnnlib/n02398521_hippopotamus_global_k10_eps_0.0003.vnnlib,1200,sat False,-inf,,1.4629733562469482,9.022214651107788,0.0,n02398521_hippopotamus,-1.0,global,10.0,0.0003,n02398521_hippopotamus_global,True,0.0003,,,30.0,150498.0,150528.0,0.0199298469387755
3595,onnx/vgg16-7.onnx,vnnlib/n02398521_hippopotamus_seg0_fixmask_k10_eps_0.0003.vnnlib,1200,sat False,-inf,,1.4114856719970703,8.692455053329468,0.0,n02398521_hippopotamus,0.0,fix_mask,10.0,0.0003,n02398521_hippopotamus_seg0_fixmask,False,0.0003,0.7696739435195923,"[0, 0, 223, 223]",12.0,150516.0,150528.0,0.0079719387755102
3599,onnx/vgg16-7.onnx,vnnlib/n02398521_hippopotamus_seg0_fixnonmask_k10_eps_0.0003.vnnlib,1200,sat False,-inf,,1.4449577331542969,8.808993816375732,0.0,n02398521_hippopotamus,0.0,fix_nonmask,10.0,0.0003,n02398521_hippopotamus_seg0_fixnonmask,False,0.0003,0.7696739435195923,"[0, 0, 223, 223]",18.0,150510.0,150528.0,0.0119579081632653
3603,onnx/vgg16-7.onnx,vnnlib/n02403003_ox_global_k10_eps_0.0003.vnnlib,1200,unsat False,1.264888048171997,0.0,559.3256847858429,566.6199989318848,0.0,n02403003_ox,-1.0,global,10.0,0.0003,n02403003_ox_global,True,0.0003,,,30.0,150498.0,150528.0,0.0199298469387755
3607,onnx/vgg16-7.onnx,vnnlib/n02403003_ox_seg0_fixmask_k10_eps_0.0003.vnnlib,1200,unsat False,1.264903545379639,0.0,175.53612995147705,182.8055601119995,0.0,n02403003_ox,0.0,fix_mask,10.0,0.0003,n02403003_ox_seg0_fixmask,False,0.0003,0.9219473600387572,"[0, 0, 223, 223]",3.0,150525.0,150528.0,0.0019929846938775
3611,onnx/vgg16-7.onnx,vnnlib/n02403003_ox_seg0_fixnonmask_k10_eps_0.0003.vnnlib,1200,unsat False,1.264894962310791,0.0,533.5712356567383,541.1444427967072,0.0,n02403003_ox,0.0,fix_nonmask,10.0,0.0003,n02403003_ox_seg0_fixnonmask,False,0.0003,0.9219473600387572,"[0, 0, 223, 223]",27.0,150501.0,150528.0,0.0179368622448979
3627,onnx/vgg16-7.onnx,vnnlib/n02410509_bison_global_k10_eps_0.0003.vnnlib,1200,unsat False,0.4175494313240051,0.0,626.9855086803436,634.1955268383026,0.0,n02410509_bison,-1.0,global,10.0,0.0003,n02410509_bison_global,True,0.0003,,,30.0,150498.0,150528.0,0.0199298469387755
3631,onnx/vgg16-7.onnx,vnnlib/n02410509_bison_seg0_fixmask_k10_eps_0.0003.vnnlib,1200,unsat False,0.4176087975502014,0.0,316.0019328594208,324.7823040485382,0.0,n02410509_bison,0.0,fix_mask,10.0,0.0003,n02410509_bison_seg0_fixmask,False,0.0003,0.7752121090888977,"[0, 0, 223, 223]",9.0,150519.0,150528.0,0.0059789540816326
3635,onnx/vgg16-7.onnx,vnnlib/n02410509_bison_seg0_fixnonmask_k10_eps_0.0003.vnnlib,1200,unsat False,0.4175587594509125,0.0,533.7778761386871,543.7105450630188,0.0,n02410509_bison,0.0,fix_nonmask,10.0,0.0003,n02410509_bison_seg0_fixnonmask,False,0.0003,0.7752121090888977,"[0, 0, 223, 223]",21.0,150507.0,150528.0,0.0139508928571428
3639,onnx/vgg16-7.onnx,vnnlib/n02412080_ram_global_k10_eps_0.0003.vnnlib,1200,sat False,-inf,,1.418982744216919,8.70408010482788,0.0,n02412080_ram,-1.0,global,10.0,0.0003,n02412080_ram_global,True,0.0003,,,30.0,150498.0,150528.0,0.0199298469387755
3643,onnx/vgg16-7.onnx,vnnlib/n02412080_ram_seg0_fixmask_k10_eps_0.0003.vnnlib,1200,sat False,-inf,,1.4187800884246826,8.718904495239258,0.0,n02412080_ram,0.0,fix_mask,10.0,0.0003,n02412080_ram_seg0_fixmask,False,0.0003,0.9125200510025024,"[0, 0, 223, 223]",0.0,150528.0,150528.0,0.0
3647,onnx/vgg16-7.onnx,vnnlib/n02412080_ram_seg0_fixnonmask_k10_eps_0.0003.vnnlib,1200,sat False,-inf,,1.438703536987305,8.8903648853302,0.0,n02412080_ram,0.0,fix_nonmask,10.0,0.0003,n02412080_ram_seg0_fixnonmask,False,0.0003,0.9125200510025024,"[0, 0, 223, 223]",30.0,150498.0,150528.0,0.0199298469387755
3651,onnx/vgg16-7.onnx,vnnlib/n02415577_bighorn_global_k10_eps_0.0003.vnnlib,1200,unsat False,0.9549485445022584,0.0,584.0332071781158,591.4764323234558,0.0,n02415577_bighorn,-1.0,global,10.0,0.0003,n02415577_bighorn_global,True,0.0003,,,30.0,150498.0,150528.0,0.0199298469387755
3655,onnx/vgg16-7.onnx,vnnlib/n02415577_bighorn_seg0_fixmask_k10_eps_0.0003.vnnlib,1200,unsat False,0.9549587368965148,0.0,261.87730836868286,269.33677792549133,0.0,n02415577_bighorn,0.0,fix_mask,10.0,0.0003,n02415577_bighorn_seg0_fixmask,False,0.0003,0.8122026324272156,"[0, 0, 223, 223]",6.0,150522.0,150528.0,0.0039859693877551
3659,onnx/vgg16-7.onnx,vnnlib/n02415577_bighorn_seg0_fixnonmask_k10_eps_0.0003.vnnlib,1200,unsat False,0.9549494981765748,0.0,568.5084192752838,575.8050363063812,0.0,n02415577_bighorn,0.0,fix_nonmask,10.0,0.0003,n02415577_bighorn_seg0_fixnonmask,False,0.0003,0.8122026324272156,"[0, 0, 223, 223]",24.0,150504.0,150528.0,0.0159438775510204
3663,onnx/vgg16-7.onnx,vnnlib/n02417914_ibex_global_k10_eps_0.0003.vnnlib,1200,sat False,-inf,,1.4585435390472412,9.030399322509766,0.0,n02417914_ibex,-1.0,global,10.0,0.0003,n02417914_ibex_global,True,0.0003,,,30.0,150498.0,150528.0,0.0199298469387755
3667,onnx/vgg16-7.onnx,vnnlib/n02417914_ibex_seg0_fixmask_k10_eps_0.0003.vnnlib,1200,sat False,-inf,,1.451479434967041,8.959200143814087,0.0,n02417914_ibex,0.0,fix_mask,10.0,0.0003,n02417914_ibex_seg0_fixmask,False,0.0003,0.7805819511413574,"[0, 0, 223, 223]",15.0,150513.0,150528.0,0.0099649234693877
3671,onnx/vgg16-7.onnx,vnnlib/n02417914_ibex_seg0_fixnonmask_k10_eps_0.0003.vnnlib,1200,sat False,-inf,,1.395925998687744,8.629974365234375,0.0,n02417914_ibex,0.0,fix_nonmask,10.0,0.0003,n02417914_ibex_seg0_fixnonmask,False,0.0003,0.7805819511413574,"[0, 0, 223, 223]",15.0,150513.0,150528.0,0.0099649234693877
3675,onnx/vgg16-7.onnx,vnnlib/n02422106_hartebeest_global_k10_eps_0.0003.vnnlib,1200,sat False,-inf,,1.4435245990753174,8.720928430557251,0.0,n02422106_hartebeest,-1.0,global,10.0,0.0003,n02422106_hartebeest_global,True,0.0003,,,30.0,150498.0,150528.0,0.0199298469387755
3679,onnx/vgg16-7.onnx,vnnlib/n02422106_hartebeest_seg0_fixmask_k10_eps_0.0003.vnnlib,1200,sat False,-inf,,1.4669013023376465,8.975663900375366,0.0,n02422106_hartebeest,0.0,fix_mask,10.0,0.0003,n02422106_hartebeest_seg0_fixmask,False,0.0003,0.8118162155151367,"[0, 0, 223, 223]",6.0,150522.0,150528.0,0.0039859693877551
3683,onnx/vgg16-7.onnx,vnnlib/n02422106_hartebeest_seg0_fixnonmask_k10_eps_0.0003.vnnlib,1200,sat False,-inf,,1.4377179145812988,8.927569150924683,0.0,n02422106_hartebeest,0.0,fix_nonmask,10.0,0.0003,n02422106_hartebeest_seg0_fixnonmask,False,0.0003,0.8118162155151367,"[0, 0, 223, 223]",24.0,150504.0,150528.0,0.0159438775510204
3687,onnx/vgg16-7.onnx,vnnlib/n02422699_impala_global_k10_eps_0.0003.vnnlib,1200,sat False,-inf,,1.409667730331421,8.745875358581543,0.0,n02422699_impala,-1.0,global,10.0,0.0003,n02422699_impala_global,True,0.0003,,,30.0,150498.0,150528.0,0.0199298469387755
3691,onnx/vgg16-7.onnx,vnnlib/n02422699_impala_seg0_fixmask_k10_eps_0.0003.vnnlib,1200,sat False,-inf,,1.428375005722046,11.378387928009031,0.0,n02422699_impala,0.0,fix_mask,10.0,0.0003,n02422699_impala_seg0_fixmask,False,0.0003,0.7208534479141235,"[0, 0, 223, 223]",9.0,150519.0,150528.0,0.0059789540816326
3695,onnx/vgg16-7.onnx,vnnlib/n02422699_impala_seg0_fixnonmask_k10_eps_0.0003.vnnlib,1200,sat False,-inf,,1.4231412410736084,8.751093864440918,0.0,n02422699_impala,0.0,fix_nonmask,10.0,0.0003,n02422699_impala_seg0_fixnonmask,False,0.0003,0.7208534479141235,"[0, 0, 223, 223]",21.0,150507.0,150528.0,0.0139508928571428
3699,onnx/vgg16-7.onnx,vnnlib/n02423022_gazelle_global_k10_eps_0.0003.vnnlib,1200,sat False,-inf,,3.024244546890259,13.99419093132019,0.0,n02423022_gazelle,-1.0,global,10.0,0.0003,n02423022_gazelle_global,True,0.0003,,,30.0,150498.0,150528.0,0.0199298469387755
3703,onnx/vgg16-7.onnx,vnnlib/n02423022_gazelle_seg0_fixmask_k10_eps_0.0003.vnnlib,1200,sat False,-inf,,1.4603831768035889,9.002291917800903,0.0,n02423022_gazelle,0.0,fix_mask,10.0,0.0003,n02423022_gazelle_seg0_fixmask,False,0.0003,0.806706428527832,"[0, 0, 223, 223]",12.0,150516.0,150528.0,0.0079719387755102
3707,onnx/vgg16-7.onnx,vnnlib/n02423022_gazelle_seg0_fixnonmask_k10_eps_0.0003.vnnlib,1200,sat False,-inf,,1.442229986190796,8.94308066368103,0.0,n02423022_gazelle,0.0,fix_nonmask,10.0,0.0003,n02423022_gazelle_seg0_fixnonmask,False,0.0003,0.806706428527832,"[0, 0, 223, 223]",18.0,150510.0,150528.0,0.0119579081632653
3723,onnx/vgg16-7.onnx,vnnlib/n02437616_llama_global_k10_eps_0.0003.vnnlib,1200,sat False,-inf,,1.442514181137085,8.749526977539062,0.0,n02437616_llama,-1.0,global,10.0,0.0003,n02437616_llama_global,True,0.0003,,,30.0,150498.0,150528.0,0.0199298469387755
3727,onnx/vgg16-7.onnx,vnnlib/n02437616_llama_seg0_fixmask_k10_eps_0.0003.vnnlib,1200,sat False,-inf,,2.201125383377075,12.910855054855348,0.0,n02437616_llama,0.0,fix_mask,10.0,0.0003,n02437616_llama_seg0_fixmask,False,0.0003,0.9365341067314148,"[0, 0, 223, 222]",12.0,150516.0,150528.0,0.0079719387755102
3731,onnx/vgg16-7.onnx,vnnlib/n02437616_llama_seg0_fixnonmask_k10_eps_0.0003.vnnlib,1200,sat False,-inf,,1.415616512298584,8.788658857345581,0.0,n02437616_llama,0.0,fix_nonmask,10.0,0.0003,n02437616_llama_seg0_fixnonmask,False,0.0003,0.9365341067314148,"[0, 0, 223, 222]",18.0,150510.0,150528.0,0.0119579081632653
3735,onnx/vgg16-7.onnx,vnnlib/n02442845_mink_global_k10_eps_0.0003.vnnlib,1200,sat False,-inf,,1.4071788787841797,8.635006427764893,0.0,n02442845_mink,-1.0,global,10.0,0.0003,n02442845_mink_global,True,0.0003,,,30.0,150498.0,150528.0,0.0199298469387755
3739,onnx/vgg16-7.onnx,vnnlib/n02442845_mink_seg0_fixmask_k10_eps_0.0003.vnnlib,1200,sat False,-inf,,1.4562788009643557,8.917707920074463,0.0,n02442845_mink,0.0,fix_mask,10.0,0.0003,n02442845_mink_seg0_fixmask,False,0.0003,0.8544522523880005,"[0, 0, 223, 223]",3.0,150525.0,150528.0,0.0019929846938775
3743,onnx/vgg16-7.onnx,vnnlib/n02442845_mink_seg0_fixnonmask_k10_eps_0.0003.vnnlib,1200,sat False,-inf,,1.383986473083496,8.535115718841553,0.0,n02442845_mink,0.0,fix_nonmask,10.0,0.0003,n02442845_mink_seg0_fixnonmask,False,0.0003,0.8544522523880005,"[0, 0, 223, 223]",27.0,150501.0,150528.0,0.0179368622448979
3747,onnx/vgg16-7.onnx,vnnlib/n02443114_polecat_global_k10_eps_0.0003.vnnlib,1200,unsat False,0.2498422563076019,0.0,580.1764497756958,587.6234362125397,0.0,n02443114_polecat,-1.0,global,10.0,0.0003,n02443114_polecat_global,True,0.0003,,,30.0,150498.0,150528.0,0.0199298469387755
3751,onnx/vgg16-7.onnx,vnnlib/n02443114_polecat_seg0_fixmask_k10_eps_0.0003.vnnlib,1200,unsat False,0.2498503029346466,0.0,312.2122530937195,319.5395510196686,0.0,n02443114_polecat,0.0,fix_mask,10.0,0.0003,n02443114_polecat_seg0_fixmask,False,0.0003,0.8739945888519287,"[0, 0, 223, 223]",12.0,150516.0,150528.0,0.0079719387755102
3755,onnx/vgg16-7.onnx,vnnlib/n02443114_polecat_seg0_fixnonmask_k10_eps_0.0003.vnnlib,1200,unsat False,0.2498479783535003,0.0,510.27719020843506,517.5155596733093,0.0,n02443114_polecat,0.0,fix_nonmask,10.0,0.0003,n02443114_polecat_seg0_fixnonmask,False,0.0003,0.8739945888519287,"[0, 0, 223, 223]",18.0,150510.0,150528.0,0.0119579081632653
3771,onnx/vgg16-7.onnx,vnnlib/n02444819_otter_global_k10_eps_0.0003.vnnlib,1200,unsat False,0.8009999394416809,0.0,545.4191839694977,552.7778604030609,0.0,n02444819_otter,-1.0,global,10.0,0.0003,n02444819_otter_global,True,0.0003,,,30.0,150498.0,150528.0,0.0199298469387755
3775,onnx/vgg16-7.onnx,vnnlib/n02444819_otter_seg0_fixmask_k10_eps_0.0003.vnnlib,1200,unsat False,0.8010326027870178,0.0,1.9614973068237305,9.124820947647097,0.0,n02444819_otter,0.0,fix_mask,10.0,0.0003,n02444819_otter_seg0_fixmask,False,0.0003,0.941481351852417,"[0, 0, 223, 223]",0.0,150528.0,150528.0,0.0
3779,onnx/vgg16-7.onnx,vnnlib/n02444819_otter_seg0_fixnonmask_k10_eps_0.0003.vnnlib,1200,unsat False,0.8009999990463257,0.0,545.7625894546509,553.3223588466644,0.0,n02444819_otter,0.0,fix_nonmask,10.0,0.0003,n02444819_otter_seg0_fixnonmask,False,0.0003,0.941481351852417,"[0, 0, 223, 223]",30.0,150498.0,150528.0,0.0199298469387755
3783,onnx/vgg16-7.onnx,vnnlib/n02445715_skunk_global_k10_eps_0.0003.vnnlib,1200,unsat False,0.6513546109199524,0.0,559.7366609573364,567.2575800418854,0.0,n02445715_skunk,-1.0,global,10.0,0.0003,n02445715_skunk_global,True,0.0003,,,30.0,150498.0,150528.0,0.0199298469387755
3787,onnx/vgg16-7.onnx,vnnlib/n02445715_skunk_seg0_fixmask_k10_eps_0.0003.vnnlib,1200,unsat False,0.6514098048210144,0.0,152.25461196899414,159.81055116653442,0.0,n02445715_skunk,0.0,fix_mask,10.0,0.0003,n02445715_skunk_seg0_fixmask,False,0.0003,0.936448872089386,"[0, 0, 223, 223]",3.0,150525.0,150528.0,0.0019929846938775
3791,onnx/vgg16-7.onnx,vnnlib/n02445715_skunk_seg0_fixnonmask_k10_eps_0.0003.vnnlib,1200,unsat False,0.6513570547103882,0.0,549.8203773498535,557.1114001274109,0.0,n02445715_skunk,0.0,fix_nonmask,10.0,0.0003,n02445715_skunk_seg0_fixnonmask,False,0.0003,0.936448872089386,"[0, 0, 223, 223]",27.0,150501.0,150528.0,0.0179368622448979
3795,onnx/vgg16-7.onnx,vnnlib/n02447366_badger_global_k10_eps_0.0003.vnnlib,1200,sat False,-inf,,1.459923505783081,8.868820190429688,0.0,n02447366_badger,-1.0,global,10.0,0.0003,n02447366_badger_global,True,0.0003,,,30.0,150498.0,150528.0,0.0199298469387755
3799,onnx/vgg16-7.onnx,vnnlib/n02447366_badger_seg0_fixmask_k10_eps_0.0003.vnnlib,1200,sat False,-inf,,1.4727907180786133,8.990025281906128,0.0,n02447366_badger,0.0,fix_mask,10.0,0.0003,n02447366_badger_seg0_fixmask,False,0.0003,0.9056475162506104,"[0, 0, 223, 223]",0.0,150528.0,150528.0,0.0
3803,onnx/vgg16-7.onnx,vnnlib/n02447366_badger_seg0_fixnonmask_k10_eps_0.0003.vnnlib,1200,sat False,-inf,,2.360651969909668,11.930893659591677,0.0,n02447366_badger,0.0,fix_nonmask,10.0,0.0003,n02447366_badger_seg0_fixnonmask,False,0.0003,0.9056475162506104,"[0, 0, 223, 223]",30.0,150498.0,150528.0,0.0199298469387755
3807,onnx/vgg16-7.onnx,vnnlib/n02454379_armadillo_global_k10_eps_0.0003.vnnlib,1200,unsat False,0.5621944665908813,0.0,633.8309490680695,642.595146894455,0.0,n02454379_armadillo,-1.0,global,10.0,0.0003,n02454379_armadillo_global,True,0.0003,,,30.0,150498.0,150528.0,0.0199298469387755
3811,onnx/vgg16-7.onnx,vnnlib/n02454379_armadillo_seg0_fixmask_k10_eps_0.0003.vnnlib,1200,unsat False,0.5622087717056274,0.0,501.38920044898987,508.9754445552826,0.0,n02454379_armadillo,0.0,fix_mask,10.0,0.0003,n02454379_armadillo_seg0_fixmask,False,0.0003,0.4166674315929413,"[0, 0, 223, 223]",18.0,150510.0,150528.0,0.0119579081632653
3815,onnx/vgg16-7.onnx,vnnlib/n02454379_armadillo_seg0_fixnonmask_k10_eps_0.0003.vnnlib,1200,unsat False,0.5622115135192871,0.0,473.44157886505127,480.99526596069336,0.0,n02454379_armadillo,0.0,fix_nonmask,10.0,0.0003,n02454379_armadillo_seg0_fixnonmask,False,0.0003,0.4166674315929413,"[0, 0, 223, 223]",12.0,150516.0,150528.0,0.0079719387755102
3831,onnx/vgg16-7.onnx,vnnlib/n02480495_orangutan_global_k10_eps_0.0003.vnnlib,1200,unsat False,0.526795506477356,0.0,461.22341322898865,469.05019092559814,0.0,n02480495_orangutan,-1.0,global,10.0,0.0003,n02480495_orangutan_global,True,0.0003,,,30.0,150498.0,150528.0,0.0199298469387755
3835,onnx/vgg16-7.onnx,vnnlib/n02480495_orangutan_seg0_fixmask_k10_eps_0.0003.vnnlib,1200,unsat False,0.5268072485923767,0.0,320.8977863788605,328.73334550857544,0.0,n02480495_orangutan,0.0,fix_mask,10.0,0.0003,n02480495_orangutan_seg0_fixmask,False,0.0003,0.8622747659683228,"[0, 0, 223, 223]",9.0,150519.0,150528.0,0.0059789540816326
3839,onnx/vgg16-7.onnx,vnnlib/n02480495_orangutan_seg0_fixnonmask_k10_eps_0.0003.vnnlib,1200,unsat False,0.5267983078956604,0.0,437.9560322761536,445.519425868988,0.0,n02480495_orangutan,0.0,fix_nonmask,10.0,0.0003,n02480495_orangutan_seg0_fixnonmask,False,0.0003,0.8622747659683228,"[0, 0, 223, 223]",21.0,150507.0,150528.0,0.0139508928571428
3843,onnx/vgg16-7.onnx,vnnlib/n02481823_chimpanzee_global_k10_eps_0.0003.vnnlib,1200,sat False,-inf,,1.4022464752197266,8.641031742095947,0.0,n02481823_chimpanzee,-1.0,global,10.0,0.0003,n02481823_chimpanzee_global,True,0.0003,,,30.0,150498.0,150528.0,0.0199298469387755
3847,onnx/vgg16-7.onnx,vnnlib/n02481823_chimpanzee_seg0_fixmask_k10_eps_0.0003.vnnlib,1200,sat False,-inf,,1.4342293739318848,8.783891916275024,0.0,n02481823_chimpanzee,0.0,fix_mask,10.0,0.0003,n02481823_chimpanzee_seg0_fixmask,False,0.0003,0.8598992824554443,"[0, 0, 223, 223]",6.0,150522.0,150528.0,0.0039859693877551
3851,onnx/vgg16-7.onnx,vnnlib/n02481823_chimpanzee_seg0_fixnonmask_k10_eps_0.0003.vnnlib,1200,sat False,-inf,,2.193101406097412,11.260761737823486,0.0,n02481823_chimpanzee,0.0,fix_nonmask,10.0,0.0003,n02481823_chimpanzee_seg0_fixnonmask,False,0.0003,0.8598992824554443,"[0, 0, 223, 223]",24.0,150504.0,150528.0,0.0159438775510204
3855,onnx/vgg16-7.onnx,vnnlib/n02483362_gibbon_global_k10_eps_0.0003.vnnlib,1200,unsat False,0.4259189367294311,0.0,531.8726508617401,540.8779106140137,0.0,n02483362_gibbon,-1.0,global,10.0,0.0003,n02483362_gibbon_global,True,0.0003,,,30.0,150498.0,150528.0,0.0199298469387755
3859,onnx/vgg16-7.onnx,vnnlib/n02483362_gibbon_seg0_fixmask_k10_eps_0.0003.vnnlib,1200,unsat False,0.4259237647056579,0.0,376.20697045326233,386.135546207428,0.0,n02483362_gibbon,0.0,fix_mask,10.0,0.0003,n02483362_gibbon_seg0_fixmask,False,0.0003,0.8661913275718689,"[0, 0, 218, 223]",15.0,150513.0,150528.0,0.0099649234693877
3863,onnx/vgg16-7.onnx,vnnlib/n02483362_gibbon_seg0_fixnonmask_k10_eps_0.0003.vnnlib,1200,unsat False,0.4259252846240997,0.0,440.5104920864105,447.7353835105896,0.0,n02483362_gibbon,0.0,fix_nonmask,10.0,0.0003,n02483362_gibbon_seg0_fixnonmask,False,0.0003,0.8661913275718689,"[0, 0, 218, 223]",15.0,150513.0,150528.0,0.0099649234693877
3867,onnx/vgg16-7.onnx,vnnlib/n02483708_siamang_global_k10_eps_0.0003.vnnlib,1200,sat False,-inf,,1.421595573425293,8.778473138809204,0.0,n02483708_siamang,-1.0,global,10.0,0.0003,n02483708_siamang_global,True,0.0003,,,30.0,150498.0,150528.0,0.0199298469387755
3871,onnx/vgg16-7.onnx,vnnlib/n02483708_siamang_seg0_fixmask_k10_eps_0.0003.vnnlib,1200,sat False,-inf,,1.4782047271728516,11.716572761535645,0.0,n02483708_siamang,0.0,fix_mask,10.0,0.0003,n02483708_siamang_seg0_fixmask,False,0.0003,0.752046525478363,"[0, 1, 223, 223]",21.0,150507.0,150528.0,0.0139508928571428
3875,onnx/vgg16-7.onnx,vnnlib/n02483708_siamang_seg0_fixnonmask_k10_eps_0.0003.vnnlib,1200,sat False,-inf,,1.4946622848510742,8.99138617515564,0.0,n02483708_siamang,0.0,fix_nonmask,10.0,0.0003,n02483708_siamang_seg0_fixnonmask,False,0.0003,0.752046525478363,"[0, 1, 223, 223]",9.0,150519.0,150528.0,0.0059789540816326
3879,onnx/vgg16-7.onnx,vnnlib/n02484975_guenon_global_k10_eps_0.0003.vnnlib,1200,unsat False,0.8386123180389404,0.0,549.6809415817261,558.4061470031738,0.0,n02484975_guenon,-1.0,global,10.0,0.0003,n02484975_guenon_global,True,0.0003,,,30.0,150498.0,150528.0,0.0199298469387755
3883,onnx/vgg16-7.onnx,vnnlib/n02484975_guenon_seg0_fixmask_k10_eps_0.0003.vnnlib,1200,unsat False,0.8386296033859253,0.0,2.1453850269317627,9.475098848342896,0.0,n02484975_guenon,0.0,fix_mask,10.0,0.0003,n02484975_guenon_seg0_fixmask,False,0.0003,0.9658339619636536,"[0, 0, 223, 223]",0.0,150528.0,150528.0,0.0
3887,onnx/vgg16-7.onnx,vnnlib/n02484975_guenon_seg0_fixnonmask_k10_eps_0.0003.vnnlib,1200,unsat False,0.8386123180389404,0.0,548.6903250217438,559.1912884712219,0.0,n02484975_guenon,0.0,fix_nonmask,10.0,0.0003,n02484975_guenon_seg0_fixnonmask,False,0.0003,0.9658339619636536,"[0, 0, 223, 223]",30.0,150498.0,150528.0,0.0199298469387755
3891,onnx/vgg16-7.onnx,vnnlib/n02486261_patas_global_k10_eps_0.0003.vnnlib,1200,unsat False,0.0032436251640319,0.0,565.1449372768402,573.0126152038574,0.0,n02486261_patas,-1.0,global,10.0,0.0003,n02486261_patas_global,True,0.0003,,,30.0,150498.0,150528.0,0.0199298469387755
3895,onnx/vgg16-7.onnx,vnnlib/n02486261_patas_seg0_fixmask_k10_eps_0.0003.vnnlib,1200,unsat False,0.0032629966735839,0.0,258.0906023979187,265.33296728134155,0.0,n02486261_patas,0.0,fix_mask,10.0,0.0003,n02486261_patas_seg0_fixmask,False,0.0003,0.9173611402511596,"[0, 0, 223, 223]",6.0,150522.0,150528.0,0.0039859693877551
3899,onnx/vgg16-7.onnx,vnnlib/n02486261_patas_seg0_fixnonmask_k10_eps_0.0003.vnnlib,1200,unsat False,0.0032484531402587,0.0,536.7189831733704,544.2459895610809,0.0,n02486261_patas,0.0,fix_nonmask,10.0,0.0003,n02486261_patas_seg0_fixnonmask,False,0.0003,0.9173611402511596,"[0, 0, 223, 223]",24.0,150504.0,150528.0,0.0159438775510204
3903,onnx/vgg16-7.onnx,vnnlib/n02486410_baboon_global_k10_eps_0.0003.vnnlib,1200,sat False,-inf,,1.596027135848999,9.699415683746338,0.0,n02486410_baboon,-1.0,global,10.0,0.0003,n02486410_baboon_global,True,0.0003,,,30.0,150498.0,150528.0,0.0199298469387755
3907,onnx/vgg16-7.onnx,vnnlib/n02486410_baboon_seg0_fixmask_k10_eps_0.0003.vnnlib,1200,sat False,-inf,,1.4796454906463623,8.995752334594727,0.0,n02486410_baboon,0.0,fix_mask,10.0,0.0003,n02486410_baboon_seg0_fixmask,False,0.0003,0.867965042591095,"[0, 0, 223, 223]",3.0,150525.0,150528.0,0.0019929846938775
3911,onnx/vgg16-7.onnx,vnnlib/n02486410_baboon_seg0_fixnonmask_k10_eps_0.0003.vnnlib,1200,sat False,-inf,,1.4249284267425537,8.732197761535645,0.0,n02486410_baboon,0.0,fix_nonmask,10.0,0.0003,n02486410_baboon_seg0_fixnonmask,False,0.0003,0.867965042591095,"[0, 0, 223, 223]",27.0,150501.0,150528.0,0.0179368622448979
3915,onnx/vgg16-7.onnx,vnnlib/n02487347_macaque_global_k10_eps_0.0003.vnnlib,1200,sat False,-inf,,1.4592089653015137,9.033775329589844,0.0,n02487347_macaque,-1.0,global,10.0,0.0003,n02487347_macaque_global,True,0.0003,,,30.0,150498.0,150528.0,0.0199298469387755
3919,onnx/vgg16-7.onnx,vnnlib/n02487347_macaque_seg0_fixmask_k10_eps_0.0003.vnnlib,1200,sat False,-inf,,1.5676352977752686,9.379897356033323,0.0,n02487347_macaque,0.0,fix_mask,10.0,0.0003,n02487347_macaque_seg0_fixmask,False,0.0003,0.8190317749977112,"[0, 0, 223, 223]",15.0,150513.0,150528.0,0.0099649234693877
3923,onnx/vgg16-7.onnx,vnnlib/n02487347_macaque_seg0_fixnonmask_k10_eps_0.0003.vnnlib,1200,sat False,-inf,,1.526628494262695,9.40326738357544,0.0,n02487347_macaque,0.0,fix_nonmask,10.0,0.0003,n02487347_macaque_seg0_fixnonmask,False,0.0003,0.8190317749977112,"[0, 0, 223, 223]",15.0,150513.0,150528.0,0.0099649234693877
3927,onnx/vgg16-7.onnx,vnnlib/n02488291_langur_global_k10_eps_0.0003.vnnlib,1200,unsat False,0.4497193396091461,0.0,612.2521548271179,619.7458357810974,0.0,n02488291_langur,-1.0,global,10.0,0.0003,n02488291_langur_global,True,0.0003,,,30.0,150498.0,150528.0,0.0199298469387755
3931,onnx/vgg16-7.onnx,vnnlib/n02488291_langur_seg0_fixmask_k10_eps_0.0003.vnnlib,1200,unsat False,0.4497459530830383,0.0,106.55016446113586,113.9116597175598,0.0,n02488291_langur,0.0,fix_mask,10.0,0.0003,n02488291_langur_seg0_fixmask,False,0.0003,0.8593965768814087,"[0, 0, 223, 223]",3.0,150525.0,150528.0,0.0019929846938775
3935,onnx/vgg16-7.onnx,vnnlib/n02488291_langur_seg0_fixnonmask_k10_eps_0.0003.vnnlib,1200,unsat False,0.4497197866439819,0.0,593.0556325912476,600.614837884903,0.0,n02488291_langur,0.0,fix_nonmask,10.0,0.0003,n02488291_langur_seg0_fixnonmask,False,0.0003,0.8593965768814087,"[0, 0, 223, 223]",27.0,150501.0,150528.0,0.0179368622448979
3951,onnx/vgg16-7.onnx,vnnlib/n02490219_marmoset_global_k10_eps_0.0003.vnnlib,1200,sat False,-inf,,1.7167699337005615,15.689064741134644,0.0,n02490219_marmoset,-1.0,global,10.0,0.0003,n02490219_marmoset_global,True,0.0003,,,30.0,150498.0,150528.0,0.0199298469387755
3955,onnx/vgg16-7.onnx,vnnlib/n02490219_marmoset_seg0_fixmask_k10_eps_0.0003.vnnlib,1200,sat False,-inf,,1.6499550342559814,9.265448093414308,0.0,n02490219_marmoset,0.0,fix_mask,10.0,0.0003,n02490219_marmoset_seg0_fixmask,False,0.0003,0.8289861679077148,"[0, 0, 223, 223]",18.0,150510.0,150528.0,0.0119579081632653
3959,onnx/vgg16-7.onnx,vnnlib/n02490219_marmoset_seg0_fixnonmask_k10_eps_0.0003.vnnlib,1200,sat False,-inf,,1.410104751586914,8.812780380249023,0.0,n02490219_marmoset,0.0,fix_nonmask,10.0,0.0003,n02490219_marmoset_seg0_fixnonmask,False,0.0003,0.8289861679077148,"[0, 0, 223, 223]",12.0,150516.0,150528.0,0.0079719387755102
3963,onnx/vgg16-7.onnx,vnnlib/n02492035_capuchin_global_k10_eps_0.0003.vnnlib,1200,unsat False,0.0371058881282806,0.0,589.7946238517761,602.0090837478638,0.0,n02492035_capuchin,-1.0,global,10.0,0.0003,n02492035_capuchin_global,True,0.0003,,,30.0,150498.0,150528.0,0.0199298469387755
3967,onnx/vgg16-7.onnx,vnnlib/n02492035_capuchin_seg0_fixmask_k10_eps_0.0003.vnnlib,1200,unsat False,0.0371238589286804,0.0,222.55160570144653,230.1538763046265,0.0,n02492035_capuchin,0.0,fix_mask,10.0,0.0003,n02492035_capuchin_seg0_fixmask,False,0.0003,0.8885961771011353,"[0, 6, 223, 216]",6.0,150522.0,150528.0,0.0039859693877551
3971,onnx/vgg16-7.onnx,vnnlib/n02492035_capuchin_seg0_fixnonmask_k10_eps_0.0003.vnnlib,1200,unsat False,0.037110298871994,0.0,538.1672880649567,545.5793073177338,0.0,n02492035_capuchin,0.0,fix_nonmask,10.0,0.0003,n02492035_capuchin_seg0_fixnonmask,False,0.0003,0.8885961771011353,"[0, 6, 223, 216]",24.0,150504.0,150528.0,0.0159438775510204
3987,onnx/vgg16-7.onnx,vnnlib/n02493509_titi_global_k10_eps_0.0003.vnnlib,1200,sat False,-inf,,1.5213677883148191,9.34392547607422,0.0,n02493509_titi,-1.0,global,10.0,0.0003,n02493509_titi_global,True,0.0003,,,30.0,150498.0,150528.0,0.0199298469387755
3991,onnx/vgg16-7.onnx,vnnlib/n02493509_titi_seg0_fixmask_k10_eps_0.0003.vnnlib,1200,sat False,-inf,,1.4906182289123535,9.398820638656616,0.0,n02493509_titi,0.0,fix_mask,10.0,0.0003,n02493509_titi_seg0_fixmask,False,0.0003,0.6653541326522827,"[0, 0, 223, 222]",15.0,150513.0,150528.0,0.0099649234693877
3995,onnx/vgg16-7.onnx,vnnlib/n02493509_titi_seg0_fixnonmask_k10_eps_0.0003.vnnlib,1200,sat False,-inf,,1.4374864101409912,8.851821184158325,0.0,n02493509_titi,0.0,fix_nonmask,10.0,0.0003,n02493509_titi_seg0_fixnonmask,False,0.0003,0.6653541326522827,"[0, 0, 223, 222]",15.0,150513.0,150528.0,0.0099649234693877
4035,onnx/vgg16-7.onnx,vnnlib/n02500267_indri_global_k10_eps_0.0003.vnnlib,1200,unsat False,0.7607744336128235,0.0,509.9369900226593,519.997789144516,0.0,n02500267_indri,-1.0,global,10.0,0.0003,n02500267_indri_global,True,0.0003,,,30.0,150498.0,150528.0,0.0199298469387755
4039,onnx/vgg16-7.onnx,vnnlib/n02500267_indri_seg0_fixmask_k10_eps_0.0003.vnnlib,1200,unsat False,0.760779857635498,0.0,424.05324268341064,434.3953685760498,0.0,n02500267_indri,0.0,fix_mask,10.0,0.0003,n02500267_indri_seg0_fixmask,False,0.0003,0.6979708075523376,"[0, 0, 223, 223]",15.0,150513.0,150528.0,0.0099649234693877
4043,onnx/vgg16-7.onnx,vnnlib/n02500267_indri_seg0_fixnonmask_k10_eps_0.0003.vnnlib,1200,unsat False,0.7607814073562622,0.0,419.8654420375824,427.3199739456177,0.0,n02500267_indri,0.0,fix_nonmask,10.0,0.0003,n02500267_indri_seg0_fixnonmask,False,0.0003,0.6979708075523376,"[0, 0, 223, 223]",15.0,150513.0,150528.0,0.0099649234693877
4095,onnx/vgg16-7.onnx,vnnlib/n02514041_barracouta_global_k10_eps_0.0003.vnnlib,1200,sat False,-inf,,1.4578676223754885,8.958173990249634,0.0,n02514041_barracouta,-1.0,global,10.0,0.0003,n02514041_barracouta_global,True,0.0003,,,30.0,150498.0,150528.0,0.0199298469387755
4099,onnx/vgg16-7.onnx,vnnlib/n02514041_barracouta_seg0_fixmask_k10_eps_0.0003.vnnlib,1200,sat False,-inf,,1.3823919296264648,8.714827537536621,0.0,n02514041_barracouta,0.0,fix_mask,10.0,0.0003,n02514041_barracouta_seg0_fixmask,False,0.0003,0.852721095085144,"[7, 0, 222, 223]",12.0,150516.0,150528.0,0.0079719387755102
4103,onnx/vgg16-7.onnx,vnnlib/n02514041_barracouta_seg0_fixnonmask_k10_eps_0.0003.vnnlib,1200,sat False,-inf,,1.4176862239837646,8.713869094848633,0.0,n02514041_barracouta,0.0,fix_nonmask,10.0,0.0003,n02514041_barracouta_seg0_fixnonmask,False,0.0003,0.852721095085144,"[7, 0, 222, 223]",18.0,150510.0,150528.0,0.0119579081632653
4107,onnx/vgg16-7.onnx,vnnlib/n02526121_eel_global_k10_eps_0.0003.vnnlib,1200,sat False,-inf,,1.416003704071045,8.720834016799927,0.0,n02526121_eel,-1.0,global,10.0,0.0003,n02526121_eel_global,True,0.0003,,,30.0,150498.0,150528.0,0.0199298469387755
4111,onnx/vgg16-7.onnx,vnnlib/n02526121_eel_seg0_fixmask_k10_eps_0.0003.vnnlib,1200,sat False,-inf,,1.529165267944336,9.14126753807068,0.0,n02526121_eel,0.0,fix_mask,10.0,0.0003,n02526121_eel_seg0_fixmask,False,0.0003,0.9281582832336426,"[0, 0, 223, 222]",0.0,150528.0,150528.0,0.0
4115,onnx/vgg16-7.onnx,vnnlib/n02526121_eel_seg0_fixnonmask_k10_eps_0.0003.vnnlib,1200,sat False,-inf,,1.4112911224365234,9.056246519088743,0.0,n02526121_eel,0.0,fix_nonmask,10.0,0.0003,n02526121_eel_seg0_fixnonmask,False,0.0003,0.9281582832336426,"[0, 0, 223, 222]",30.0,150498.0,150528.0,0.0199298469387755
4119,onnx/vgg16-7.onnx,vnnlib/n02536864_coho_global_k10_eps_0.0003.vnnlib,1200,sat False,-inf,,1.4519639015197754,8.923333406448364,0.0,n02536864_coho,-1.0,global,10.0,0.0003,n02536864_coho_global,True,0.0003,,,30.0,150498.0,150528.0,0.0199298469387755
4123,onnx/vgg16-7.onnx,vnnlib/n02536864_coho_seg0_fixmask_k10_eps_0.0003.vnnlib,1200,sat False,-inf,,1.482785701751709,9.069554567337036,0.0,n02536864_coho,0.0,fix_mask,10.0,0.0003,n02536864_coho_seg0_fixmask,False,0.0003,0.8724111318588257,"[0, 0, 223, 223]",18.0,150510.0,150528.0,0.0119579081632653
4127,onnx/vgg16-7.onnx,vnnlib/n02536864_coho_seg0_fixnonmask_k10_eps_0.0003.vnnlib,1200,sat False,-inf,,1.4276399612426758,8.817932605743408,0.0,n02536864_coho,0.0,fix_nonmask,10.0,0.0003,n02536864_coho_seg0_fixnonmask,False,0.0003,0.8724111318588257,"[0, 0, 223, 223]",12.0,150516.0,150528.0,0.0079719387755102
4155,onnx/vgg16-7.onnx,vnnlib/n02640242_sturgeon_global_k10_eps_0.0003.vnnlib,1200,sat False,-inf,,1.4542300701141355,9.084238052368164,0.0,n02640242_sturgeon,-1.0,global,10.0,0.0003,n02640242_sturgeon_global,True,0.0003,,,30.0,150498.0,150528.0,0.0199298469387755
4159,onnx/vgg16-7.onnx,vnnlib/n02640242_sturgeon_seg0_fixmask_k10_eps_0.0003.vnnlib,1200,sat False,-inf,,1.4602227210998535,9.004937648773193,0.0,n02640242_sturgeon,0.0,fix_mask,10.0,0.0003,n02640242_sturgeon_seg0_fixmask,False,0.0003,0.8682677149772644,"[0, 0, 223, 223]",3.0,150525.0,150528.0,0.0019929846938775
4163,onnx/vgg16-7.onnx,vnnlib/n02640242_sturgeon_seg0_fixnonmask_k10_eps_0.0003.vnnlib,1200,sat False,-inf,,1.4491305351257324,9.029791355133057,0.0,n02640242_sturgeon,0.0,fix_nonmask,10.0,0.0003,n02640242_sturgeon_seg0_fixnonmask,False,0.0003,0.8682677149772644,"[0, 0, 223, 223]",27.0,150501.0,150528.0,0.0179368622448979
4167,onnx/vgg16-7.onnx,vnnlib/n02641379_gar_global_k10_eps_0.0003.vnnlib,1200,unsat False,0.3316518664360046,0.0,608.8799865245819,616.4232470989227,0.0,n02641379_gar,-1.0,global,10.0,0.0003,n02641379_gar_global,True,0.0003,,,30.0,150498.0,150528.0,0.0199298469387755
4171,onnx/vgg16-7.onnx,vnnlib/n02641379_gar_seg0_fixmask_k10_eps_0.0003.vnnlib,1200,unsat False,0.3316816985607147,0.0,233.8344688415527,241.2984914779663,0.0,n02641379_gar,0.0,fix_mask,10.0,0.0003,n02641379_gar_seg0_fixmask,False,0.0003,0.8669270277023315,"[0, 0, 223, 223]",6.0,150522.0,150528.0,0.0039859693877551
4175,onnx/vgg16-7.onnx,vnnlib/n02641379_gar_seg0_fixnonmask_k10_eps_0.0003.vnnlib,1200,unsat False,0.3316579163074493,0.0,568.0033204555511,575.4978964328766,0.0,n02641379_gar,0.0,fix_nonmask,10.0,0.0003,n02641379_gar_seg0_fixnonmask,False,0.0003,0.8669270277023315,"[0, 0, 223, 223]",24.0,150504.0,150528.0,0.0159438775510204
4179,onnx/vgg16-7.onnx,vnnlib/n02643566_lionfish_global_k10_eps_0.0003.vnnlib,1200,sat False,-inf,,1.4478368759155271,8.930014610290527,0.0,n02643566_lionfish,-1.0,global,10.0,0.0003,n02643566_lionfish_global,True,0.0003,,,30.0,150498.0,150528.0,0.0199298469387755
4183,onnx/vgg16-7.onnx,vnnlib/n02643566_lionfish_seg0_fixmask_k10_eps_0.0003.vnnlib,1200,sat False,-inf,,1.4683067798614502,9.147373676300049,0.0,n02643566_lionfish,0.0,fix_mask,10.0,0.0003,n02643566_lionfish_seg0_fixmask,False,0.0003,0.6930274367332458,"[0, 0, 223, 223]",6.0,150522.0,150528.0,0.0039859693877551
4187,onnx/vgg16-7.onnx,vnnlib/n02643566_lionfish_seg0_fixnonmask_k10_eps_0.0003.vnnlib,1200,sat False,-inf,,1.4184327125549316,8.68478012084961,0.0,n02643566_lionfish,0.0,fix_nonmask,10.0,0.0003,n02643566_lionfish_seg0_fixnonmask,False,0.0003,0.6930274367332458,"[0, 0, 223, 223]",24.0,150504.0,150528.0,0.0159438775510204
4191,onnx/vgg16-7.onnx,vnnlib/n02655020_puffer_global_k10_eps_0.0003.vnnlib,1200,sat False,-inf,,1.4872922897338867,9.346706867218018,0.0,n02655020_puffer,-1.0,global,10.0,0.0003,n02655020_puffer_global,True,0.0003,,,30.0,150498.0,150528.0,0.0199298469387755
4195,onnx/vgg16-7.onnx,vnnlib/n02655020_puffer_seg0_fixmask_k10_eps_0.0003.vnnlib,1200,sat False,-inf,,1.466230869293213,9.01985502243042,0.0,n02655020_puffer,0.0,fix_mask,10.0,0.0003,n02655020_puffer_seg0_fixmask,False,0.0003,0.8611143231391907,"[0, 0, 223, 223]",6.0,150522.0,150528.0,0.0039859693877551
4199,onnx/vgg16-7.onnx,vnnlib/n02655020_puffer_seg0_fixnonmask_k10_eps_0.0003.vnnlib,1200,sat False,-inf,,1.470008373260498,8.858299732208252,0.0,n02655020_puffer,0.0,fix_nonmask,10.0,0.0003,n02655020_puffer_seg0_fixnonmask,False,0.0003,0.8611143231391907,"[0, 0, 223, 223]",24.0,150504.0,150528.0,0.0159438775510204
4203,onnx/vgg16-7.onnx,vnnlib/n02666196_abacus_global_k10_eps_0.0003.vnnlib,1200,unsat False,0.9514681696891784,0.0,564.3540799617767,571.8961133956909,0.0,n02666196_abacus,-1.0,global,10.0,0.0003,n02666196_abacus_global,True,0.0003,,,30.0,150498.0,150528.0,0.0199298469387755
4207,onnx/vgg16-7.onnx,vnnlib/n02666196_abacus_seg0_fixmask_k10_eps_0.0003.vnnlib,1200,unsat False,0.9514735341072084,0.0,463.72199749946594,471.0565042495727,0.0,n02666196_abacus,0.0,fix_mask,10.0,0.0003,n02666196_abacus_seg0_fixmask,False,0.0003,0.5154371857643127,"[0, 0, 223, 223]",15.0,150513.0,150528.0,0.0099649234693877
4211,onnx/vgg16-7.onnx,vnnlib/n02666196_abacus_seg0_fixnonmask_k10_eps_0.0003.vnnlib,1200,unsat False,0.9514750838279724,0.0,422.2877249717712,429.4622588157654,0.0,n02666196_abacus,0.0,fix_nonmask,10.0,0.0003,n02666196_abacus_seg0_fixnonmask,False,0.0003,0.5154371857643127,"[0, 0, 223, 223]",15.0,150513.0,150528.0,0.0099649234693877
4215,onnx/vgg16-7.onnx,vnnlib/n02667093_abaya_global_k10_eps_0.0003.vnnlib,1200,unsat False,0.8841323852539062,0.0,495.66807436943054,504.1797046661377,0.0,n02667093_abaya,-1.0,global,10.0,0.0003,n02667093_abaya_global,True,0.0003,,,30.0,150498.0,150528.0,0.0199298469387755
4219,onnx/vgg16-7.onnx,vnnlib/n02667093_abaya_seg0_fixmask_k10_eps_0.0003.vnnlib,1200,unsat False,0.8841420412063599,0.0,318.44516134262085,325.99439239501953,0.0,n02667093_abaya,0.0,fix_mask,10.0,0.0003,n02667093_abaya_seg0_fixmask,False,0.0003,0.8723206520080566,"[0, 0, 223, 223]",12.0,150516.0,150528.0,0.0079719387755102
4223,onnx/vgg16-7.onnx,vnnlib/n02667093_abaya_seg0_fixnonmask_k10_eps_0.0003.vnnlib,1200,unsat False,0.8841404914855957,0.0,477.91294717788696,485.50391149520874,0.0,n02667093_abaya,0.0,fix_nonmask,10.0,0.0003,n02667093_abaya_seg0_fixnonmask,False,0.0003,0.8723206520080566,"[0, 0, 223, 223]",18.0,150510.0,150528.0,0.0119579081632653
4239,onnx/vgg16-7.onnx,vnnlib/n02672831_accordion_global_k10_eps_0.0003.vnnlib,1200,unsat False,0.4880688786506653,0.0,552.8160798549652,561.593578338623,0.0,n02672831_accordion,-1.0,global,10.0,0.0003,n02672831_accordion_global,True,0.0003,,,30.0,150498.0,150528.0,0.0199298469387755
4243,onnx/vgg16-7.onnx,vnnlib/n02672831_accordion_seg0_fixmask_k10_eps_0.0003.vnnlib,1200,unsat False,0.4880872368812561,0.0,343.3411240577698,350.7513122558594,0.0,n02672831_accordion,0.0,fix_mask,10.0,0.0003,n02672831_accordion_seg0_fixmask,False,0.0003,0.8974732756614685,"[0, 0, 223, 223]",9.0,150519.0,150528.0,0.0059789540816326
4247,onnx/vgg16-7.onnx,vnnlib/n02672831_accordion_seg0_fixnonmask_k10_eps_0.0003.vnnlib,1200,unsat False,0.4880791306495666,0.0,536.0248799324036,543.4706680774689,0.0,n02672831_accordion,0.0,fix_nonmask,10.0,0.0003,n02672831_accordion_seg0_fixnonmask,False,0.0003,0.8974732756614685,"[0, 0, 223, 223]",21.0,150507.0,150528.0,0.0139508928571428
4275,onnx/vgg16-7.onnx,vnnlib/n02690373_airliner_global_k10_eps_0.0003.vnnlib,1200,sat False,-inf,,2.623347520828247,13.425662517547607,0.0,n02690373_airliner,-1.0,global,10.0,0.0003,n02690373_airliner_global,True,0.0003,,,30.0,150498.0,150528.0,0.0199298469387755
4279,onnx/vgg16-7.onnx,vnnlib/n02690373_airliner_seg0_fixmask_k10_eps_0.0003.vnnlib,1200,sat False,-inf,,2.622445821762085,13.311169624328612,0.0,n02690373_airliner,0.0,fix_mask,10.0,0.0003,n02690373_airliner_seg0_fixmask,False,0.0003,0.817592203617096,"[0, 0, 223, 223]",9.0,150519.0,150528.0,0.0059789540816326
4283,onnx/vgg16-7.onnx,vnnlib/n02690373_airliner_seg0_fixnonmask_k10_eps_0.0003.vnnlib,1200,sat False,-inf,,1.426826238632202,8.794936180114746,0.0,n02690373_airliner,0.0,fix_nonmask,10.0,0.0003,n02690373_airliner_seg0_fixnonmask,False,0.0003,0.817592203617096,"[0, 0, 223, 223]",21.0,150507.0,150528.0,0.0139508928571428
4287,onnx/vgg16-7.onnx,vnnlib/n02692877_airship_global_k10_eps_0.0003.vnnlib,1200,unsat False,1.1288371086120603,0.0,554.4437966346741,561.7513372898102,0.0,n02692877_airship,-1.0,global,10.0,0.0003,n02692877_airship_global,True,0.0003,,,30.0,150498.0,150528.0,0.0199298469387755
4291,onnx/vgg16-7.onnx,vnnlib/n02692877_airship_seg0_fixmask_k10_eps_0.0003.vnnlib,1200,unsat False,1.1288516521453855,0.0,248.5415146350861,256.22519040107727,0.0,n02692877_airship,0.0,fix_mask,10.0,0.0003,n02692877_airship_seg0_fixmask,False,0.0003,0.8680388927459717,"[0, 0, 223, 222]",6.0,150522.0,150528.0,0.0039859693877551
4295,onnx/vgg16-7.onnx,vnnlib/n02692877_airship_seg0_fixnonmask_k10_eps_0.0003.vnnlib,1200,unsat False,1.1288397312164309,0.0,506.5298960208893,513.8250560760498,0.0,n02692877_airship,0.0,fix_nonmask,10.0,0.0003,n02692877_airship_seg0_fixnonmask,False,0.0003,0.8680388927459717,"[0, 0, 223, 222]",24.0,150504.0,150528.0,0.0159438775510204
4299,onnx/vgg16-7.onnx,vnnlib/n02699494_altar_global_k10_eps_0.0003.vnnlib,1200,sat False,-inf,,2.1186726093292236,12.2400004863739,0.0,n02699494_altar,-1.0,global,10.0,0.0003,n02699494_altar_global,True,0.0003,,,30.0,150498.0,150528.0,0.0199298469387755
4303,onnx/vgg16-7.onnx,vnnlib/n02699494_altar_seg0_fixmask_k10_eps_0.0003.vnnlib,1200,sat False,-inf,,1.4035615921020508,8.745406150817871,0.0,n02699494_altar,0.0,fix_mask,10.0,0.0003,n02699494_altar_seg0_fixmask,False,0.0003,0.8367141485214233,"[0, 2, 223, 223]",3.0,150525.0,150528.0,0.0019929846938775
4307,onnx/vgg16-7.onnx,vnnlib/n02699494_altar_seg0_fixnonmask_k10_eps_0.0003.vnnlib,1200,sat False,-inf,,1.70906662940979,12.1944317817688,0.0,n02699494_altar,0.0,fix_nonmask,10.0,0.0003,n02699494_altar_seg0_fixnonmask,False,0.0003,0.8367141485214233,"[0, 2, 223, 223]",27.0,150501.0,150528.0,0.0179368622448979
4311,onnx/vgg16-7.onnx,vnnlib/n02701002_ambulance_global_k10_eps_0.0003.vnnlib,1200,unsat False,1.345872402191162,0.0,586.0582337379456,594.7000772953033,0.0,n02701002_ambulance,-1.0,global,10.0,0.0003,n02701002_ambulance_global,True,0.0003,,,30.0,150498.0,150528.0,0.0199298469387755
4315,onnx/vgg16-7.onnx,vnnlib/n02701002_ambulance_seg0_fixmask_k10_eps_0.0003.vnnlib,1200,unsat False,1.3458852767944336,0.0,329.16436290740967,337.78342270851135,0.0,n02701002_ambulance,0.0,fix_mask,10.0,0.0003,n02701002_ambulance_seg0_fixmask,False,0.0003,0.8979243040084839,"[0, 0, 223, 222]",12.0,150516.0,150528.0,0.0079719387755102
4319,onnx/vgg16-7.onnx,vnnlib/n02701002_ambulance_seg0_fixnonmask_k10_eps_0.0003.vnnlib,1200,unsat False,1.3458831310272217,0.0,550.0796973705292,558.6161801815033,0.0,n02701002_ambulance,0.0,fix_nonmask,10.0,0.0003,n02701002_ambulance_seg0_fixnonmask,False,0.0003,0.8979243040084839,"[0, 0, 223, 222]",18.0,150510.0,150528.0,0.0119579081632653
4323,onnx/vgg16-7.onnx,vnnlib/n02704792_amphibian_global_k10_eps_0.0003.vnnlib,1200,sat False,-inf,,1.4157166481018066,8.773437023162842,0.0,n02704792_amphibian,-1.0,global,10.0,0.0003,n02704792_amphibian_global,True,0.0003,,,30.0,150498.0,150528.0,0.0199298469387755
4327,onnx/vgg16-7.onnx,vnnlib/n02704792_amphibian_seg0_fixmask_k10_eps_0.0003.vnnlib,1200,sat False,-inf,,1.495574951171875,9.27391481399536,0.0,n02704792_amphibian,0.0,fix_mask,10.0,0.0003,n02704792_amphibian_seg0_fixmask,False,0.0003,0.8598470687866211,"[0, 0, 223, 223]",9.0,150519.0,150528.0,0.0059789540816326
4331,onnx/vgg16-7.onnx,vnnlib/n02704792_amphibian_seg0_fixnonmask_k10_eps_0.0003.vnnlib,1200,sat False,-inf,,1.3732848167419434,8.547616004943848,0.0,n02704792_amphibian,0.0,fix_nonmask,10.0,0.0003,n02704792_amphibian_seg0_fixnonmask,False,0.0003,0.8598470687866211,"[0, 0, 223, 223]",21.0,150507.0,150528.0,0.0139508928571428
4347,onnx/vgg16-7.onnx,vnnlib/n02727426_apiary_global_k10_eps_0.0003.vnnlib,1200,unsat False,0.8688009977340698,0.0,602.7609422206879,610.2436456680298,0.0,n02727426_apiary,-1.0,global,10.0,0.0003,n02727426_apiary_global,True,0.0003,,,30.0,150498.0,150528.0,0.0199298469387755
4351,onnx/vgg16-7.onnx,vnnlib/n02727426_apiary_seg0_fixmask_k10_eps_0.0003.vnnlib,1200,unsat False,0.8688124418258667,0.0,437.21444153785706,444.58926582336426,0.0,n02727426_apiary,0.0,fix_mask,10.0,0.0003,n02727426_apiary_seg0_fixmask,False,0.0003,0.6852971315383911,"[0, 0, 223, 223]",12.0,150516.0,150528.0,0.0079719387755102
4355,onnx/vgg16-7.onnx,vnnlib/n02727426_apiary_seg0_fixnonmask_k10_eps_0.0003.vnnlib,1200,unsat False,0.8688142895698547,0.0,457.0198984146118,464.57575154304504,0.0,n02727426_apiary,0.0,fix_nonmask,10.0,0.0003,n02727426_apiary_seg0_fixnonmask,False,0.0003,0.6852971315383911,"[0, 0, 223, 223]",18.0,150510.0,150528.0,0.0119579081632653
4371,onnx/vgg16-7.onnx,vnnlib/n02769748_backpack_global_k10_eps_0.0003.vnnlib,1200,sat False,-inf,,1.4496963024139404,9.077621698379517,0.0,n02769748_backpack,-1.0,global,10.0,0.0003,n02769748_backpack_global,True,0.0003,,,30.0,150498.0,150528.0,0.0199298469387755
4375,onnx/vgg16-7.onnx,vnnlib/n02769748_backpack_seg0_fixmask_k10_eps_0.0003.vnnlib,1200,sat False,-inf,,1.4847235679626465,9.17050552368164,0.0,n02769748_backpack,0.0,fix_mask,10.0,0.0003,n02769748_backpack_seg0_fixmask,False,0.0003,0.9347648620605468,"[0, 5, 223, 223]",9.0,150519.0,150528.0,0.0059789540816326
4379,onnx/vgg16-7.onnx,vnnlib/n02769748_backpack_seg0_fixnonmask_k10_eps_0.0003.vnnlib,1200,sat False,-inf,,1.4456279277801514,8.954407215118408,0.0,n02769748_backpack,0.0,fix_nonmask,10.0,0.0003,n02769748_backpack_seg0_fixnonmask,False,0.0003,0.9347648620605468,"[0, 5, 223, 223]",21.0,150507.0,150528.0,0.0139508928571428
4383,onnx/vgg16-7.onnx,vnnlib/n02776631_bakery_global_k10_eps_0.0003.vnnlib,1200,sat False,-inf,,2.2452213764190674,12.854987621307371,0.0,n02776631_bakery,-1.0,global,10.0,0.0003,n02776631_bakery_global,True,0.0003,,,30.0,150498.0,150528.0,0.0199298469387755
4387,onnx/vgg16-7.onnx,vnnlib/n02776631_bakery_seg0_fixmask_k10_eps_0.0003.vnnlib,1200,sat False,-inf,,1.4126715660095217,8.644552230834961,0.0,n02776631_bakery,0.0,fix_mask,10.0,0.0003,n02776631_bakery_seg0_fixmask,False,0.0003,0.633283257484436,"[0, 0, 223, 223]",15.0,150513.0,150528.0,0.0099649234693877
4391,onnx/vgg16-7.onnx,vnnlib/n02776631_bakery_seg0_fixnonmask_k10_eps_0.0003.vnnlib,1200,sat False,-inf,,1.4491539001464844,9.28847050666809,0.0,n02776631_bakery,0.0,fix_nonmask,10.0,0.0003,n02776631_bakery_seg0_fixnonmask,False,0.0003,0.633283257484436,"[0, 0, 223, 223]",15.0,150513.0,150528.0,0.0099649234693877
4407,onnx/vgg16-7.onnx,vnnlib/n02782093_balloon_global_k10_eps_0.0003.vnnlib,1200,unsat False,0.1490452289581298,0.0,528.4567742347717,535.7629556655884,0.0,n02782093_balloon,-1.0,global,10.0,0.0003,n02782093_balloon_global,True,0.0003,,,30.0,150498.0,150528.0,0.0199298469387755
4411,onnx/vgg16-7.onnx,vnnlib/n02782093_balloon_seg0_fixmask_k10_eps_0.0003.vnnlib,1200,unsat False,0.1490612030029297,0.0,375.1260561943054,385.31343054771423,0.0,n02782093_balloon,0.0,fix_mask,10.0,0.0003,n02782093_balloon_seg0_fixmask,False,0.0003,0.7670611143112183,"[0, 0, 223, 222]",12.0,150516.0,150528.0,0.0079719387755102
4415,onnx/vgg16-7.onnx,vnnlib/n02782093_balloon_seg0_fixnonmask_k10_eps_0.0003.vnnlib,1200,unsat False,0.1490528583526611,0.0,495.73796105384827,502.8347613811493,0.0,n02782093_balloon,0.0,fix_nonmask,10.0,0.0003,n02782093_balloon_seg0_fixnonmask,False,0.0003,0.7670611143112183,"[0, 0, 223, 222]",18.0,150510.0,150528.0,0.0119579081632653
4419,onnx/vgg16-7.onnx,vnnlib/n02783161_ballpoint_global_k10_eps_0.0003.vnnlib,1200,unsat False,0.3257658183574676,0.0,547.3447866439819,554.8313398361206,0.0,n02783161_ballpoint,-1.0,global,10.0,0.0003,n02783161_ballpoint_global,True,0.0003,,,30.0,150498.0,150528.0,0.0199298469387755
4423,onnx/vgg16-7.onnx,vnnlib/n02783161_ballpoint_seg0_fixmask_k10_eps_0.0003.vnnlib,1200,unsat False,0.325829267501831,0.0,2.0257599353790283,9.487158060073853,0.0,n02783161_ballpoint,0.0,fix_mask,10.0,0.0003,n02783161_ballpoint_seg0_fixmask,False,0.0003,0.8126220703125,"[0, 0, 223, 223]",0.0,150528.0,150528.0,0.0
4427,onnx/vgg16-7.onnx,vnnlib/n02783161_ballpoint_seg0_fixnonmask_k10_eps_0.0003.vnnlib,1200,unsat False,0.3257662355899811,0.0,547.8708791732788,555.1325714588165,0.0,n02783161_ballpoint,0.0,fix_nonmask,10.0,0.0003,n02783161_ballpoint_seg0_fixnonmask,False,0.0003,0.8126220703125,"[0, 0, 223, 223]",30.0,150498.0,150528.0,0.0199298469387755
4443,onnx/vgg16-7.onnx,vnnlib/n02787622_banjo_global_k10_eps_0.0003.vnnlib,1200,unsat False,1.2491918802261353,0.0,588.362804889679,595.7821395397186,0.0,n02787622_banjo,-1.0,global,10.0,0.0003,n02787622_banjo_global,True,0.0003,,,30.0,150498.0,150528.0,0.0199298469387755
4447,onnx/vgg16-7.onnx,vnnlib/n02787622_banjo_seg0_fixmask_k10_eps_0.0003.vnnlib,1200,unsat False,1.2492103576660156,0.0,315.5540916919708,326.2153470516205,0.0,n02787622_banjo,0.0,fix_mask,10.0,0.0003,n02787622_banjo_seg0_fixmask,False,0.0003,0.7267716526985168,"[0, 0, 223, 223]",6.0,150522.0,150528.0,0.0039859693877551
4451,onnx/vgg16-7.onnx,vnnlib/n02787622_banjo_seg0_fixnonmask_k10_eps_0.0003.vnnlib,1200,unsat False,1.2491950988769531,0.0,517.1538524627686,527.7747464179993,0.0,n02787622_banjo,0.0,fix_nonmask,10.0,0.0003,n02787622_banjo_seg0_fixnonmask,False,0.0003,0.7267716526985168,"[0, 0, 223, 223]",24.0,150504.0,150528.0,0.0159438775510204
4455,onnx/vgg16-7.onnx,vnnlib/n02790996_barbell_global_k10_eps_0.0003.vnnlib,1200,sat False,-inf,,2.226459264755249,12.846459150314333,0.0,n02790996_barbell,-1.0,global,10.0,0.0003,n02790996_barbell_global,True,0.0003,,,30.0,150498.0,150528.0,0.0199298469387755
4459,onnx/vgg16-7.onnx,vnnlib/n02790996_barbell_seg0_fixmask_k10_eps_0.0003.vnnlib,1200,sat False,-inf,,2.1538970470428467,12.743469715118408,0.0,n02790996_barbell,0.0,fix_mask,10.0,0.0003,n02790996_barbell_seg0_fixmask,False,0.0003,0.7398841977119446,"[0, 0, 223, 223]",12.0,150516.0,150528.0,0.0079719387755102
4463,onnx/vgg16-7.onnx,vnnlib/n02790996_barbell_seg0_fixnonmask_k10_eps_0.0003.vnnlib,1200,sat False,-inf,,1.4133961200714111,8.749511241912842,0.0,n02790996_barbell,0.0,fix_nonmask,10.0,0.0003,n02790996_barbell_seg0_fixnonmask,False,0.0003,0.7398841977119446,"[0, 0, 223, 223]",18.0,150510.0,150528.0,0.0119579081632653
4479,onnx/vgg16-7.onnx,vnnlib/n02793495_barn_global_k10_eps_0.0003.vnnlib,1200,sat False,-inf,,2.159156560897827,12.743098258972168,0.0,n02793495_barn,-1.0,global,10.0,0.0003,n02793495_barn_global,True,0.0003,,,30.0,150498.0,150528.0,0.0199298469387755
4483,onnx/vgg16-7.onnx,vnnlib/n02793495_barn_seg0_fixmask_k10_eps_0.0003.vnnlib,1200,sat False,-inf,,1.4666826725006104,8.981232166290283,0.0,n02793495_barn,0.0,fix_mask,10.0,0.0003,n02793495_barn_seg0_fixmask,False,0.0003,0.8916295766830444,"[0, 0, 223, 223]",6.0,150522.0,150528.0,0.0039859693877551
4487,onnx/vgg16-7.onnx,vnnlib/n02793495_barn_seg0_fixnonmask_k10_eps_0.0003.vnnlib,1200,sat False,-inf,,1.490799903869629,9.079137325286863,0.0,n02793495_barn,0.0,fix_nonmask,10.0,0.0003,n02793495_barn_seg0_fixnonmask,False,0.0003,0.8916295766830444,"[0, 0, 223, 223]",24.0,150504.0,150528.0,0.0159438775510204
4491,onnx/vgg16-7.onnx,vnnlib/n02794156_barometer_global_k10_eps_0.0003.vnnlib,1200,sat False,-inf,,1.4374275207519531,8.629151821136475,0.0,n02794156_barometer,-1.0,global,10.0,0.0003,n02794156_barometer_global,True,0.0003,,,30.0,150498.0,150528.0,0.0199298469387755
4495,onnx/vgg16-7.onnx,vnnlib/n02794156_barometer_seg0_fixmask_k10_eps_0.0003.vnnlib,1200,sat False,-inf,,1.441401720046997,8.701047897338867,0.0,n02794156_barometer,0.0,fix_mask,10.0,0.0003,n02794156_barometer_seg0_fixmask,False,0.0003,0.9240958094596864,"[0, 0, 223, 223]",3.0,150525.0,150528.0,0.0019929846938775
4499,onnx/vgg16-7.onnx,vnnlib/n02794156_barometer_seg0_fixnonmask_k10_eps_0.0003.vnnlib,1200,sat False,-inf,,2.143805980682373,12.662047863006592,0.0,n02794156_barometer,0.0,fix_nonmask,10.0,0.0003,n02794156_barometer_seg0_fixnonmask,False,0.0003,0.9240958094596864,"[0, 0, 223, 223]",27.0,150501.0,150528.0,0.0179368622448979
4503,onnx/vgg16-7.onnx,vnnlib/n02797295_barrow_global_k10_eps_0.0003.vnnlib,1200,sat False,-inf,,1.4313149452209473,8.810523509979248,0.0,n02797295_barrow,-1.0,global,10.0,0.0003,n02797295_barrow_global,True,0.0003,,,30.0,150498.0,150528.0,0.0199298469387755
4507,onnx/vgg16-7.onnx,vnnlib/n02797295_barrow_seg0_fixmask_k10_eps_0.0003.vnnlib,1200,sat False,-inf,,1.46099591255188,9.070862531661987,0.0,n02797295_barrow,0.0,fix_mask,10.0,0.0003,n02797295_barrow_seg0_fixmask,False,0.0003,0.7688919305801392,"[0, 0, 223, 223]",9.0,150519.0,150528.0,0.0059789540816326
4511,onnx/vgg16-7.onnx,vnnlib/n02797295_barrow_seg0_fixnonmask_k10_eps_0.0003.vnnlib,1200,sat False,-inf,,1.4204893112182615,8.754672527313232,0.0,n02797295_barrow,0.0,fix_nonmask,10.0,0.0003,n02797295_barrow_seg0_fixnonmask,False,0.0003,0.7688919305801392,"[0, 0, 223, 223]",21.0,150507.0,150528.0,0.0139508928571428
4515,onnx/vgg16-7.onnx,vnnlib/n02799071_baseball_global_k10_eps_0.0003.vnnlib,1200,unsat False,1.2437779903411863,0.0,547.6162824630737,556.1152646541595,0.0,n02799071_baseball,-1.0,global,10.0,0.0003,n02799071_baseball_global,True,0.0003,,,30.0,150498.0,150528.0,0.0199298469387755
4519,onnx/vgg16-7.onnx,vnnlib/n02799071_baseball_seg0_fixmask_k10_eps_0.0003.vnnlib,1200,unsat False,1.2437974214553833,0.0,307.76309275627136,315.0767180919647,0.0,n02799071_baseball,0.0,fix_mask,10.0,0.0003,n02799071_baseball_seg0_fixmask,False,0.0003,0.8583175539970398,"[0, 1, 222, 222]",12.0,150516.0,150528.0,0.0079719387755102
4523,onnx/vgg16-7.onnx,vnnlib/n02799071_baseball_seg0_fixnonmask_k10_eps_0.0003.vnnlib,1200,unsat False,1.2437883615493774,0.0,472.52104139328,480.08310770988464,0.0,n02799071_baseball,0.0,fix_nonmask,10.0,0.0003,n02799071_baseball_seg0_fixnonmask,False,0.0003,0.8583175539970398,"[0, 1, 222, 222]",18.0,150510.0,150528.0,0.0119579081632653
4527,onnx/vgg16-7.onnx,vnnlib/n02802426_basketball_global_k10_eps_0.0003.vnnlib,1200,unsat False,0.1112955510616302,0.0,620.6746323108673,628.0100250244141,0.0,n02802426_basketball,-1.0,global,10.0,0.0003,n02802426_basketball_global,True,0.0003,,,30.0,150498.0,150528.0,0.0199298469387755
4531,onnx/vgg16-7.onnx,vnnlib/n02802426_basketball_seg0_fixmask_k10_eps_0.0003.vnnlib,1200,unsat False,0.1113203540444374,0.0,330.0086295604706,337.2941370010376,0.0,n02802426_basketball,0.0,fix_mask,10.0,0.0003,n02802426_basketball_seg0_fixmask,False,0.0003,0.7128327488899231,"[0, 0, 223, 223]",15.0,150513.0,150528.0,0.0099649234693877
4535,onnx/vgg16-7.onnx,vnnlib/n02802426_basketball_seg0_fixnonmask_k10_eps_0.0003.vnnlib,1200,unsat False,0.1113006323575973,0.0,501.154590845108,508.3575012683869,0.0,n02802426_basketball,0.0,fix_nonmask,10.0,0.0003,n02802426_basketball_seg0_fixnonmask,False,0.0003,0.7128327488899231,"[0, 0, 223, 223]",15.0,150513.0,150528.0,0.0099649234693877
4539,onnx/vgg16-7.onnx,vnnlib/n02804414_bassinet_global_k10_eps_0.0003.vnnlib,1200,unsat False,0.6435198783874512,0.0,557.5509579181671,565.378258228302,0.0,n02804414_bassinet,-1.0,global,10.0,0.0003,n02804414_bassinet_global,True,0.0003,,,30.0,150498.0,150528.0,0.0199298469387755
4543,onnx/vgg16-7.onnx,vnnlib/n02804414_bassinet_seg0_fixmask_k10_eps_0.0003.vnnlib,1200,unsat False,0.6435290575027466,0.0,407.3920404911041,414.64395403862,0.0,n02804414_bassinet,0.0,fix_mask,10.0,0.0003,n02804414_bassinet_seg0_fixmask,False,0.0003,0.7489279508590698,"[0, 0, 223, 223]",15.0,150513.0,150528.0,0.0099649234693877
4547,onnx/vgg16-7.onnx,vnnlib/n02804414_bassinet_seg0_fixnonmask_k10_eps_0.0003.vnnlib,1200,unsat False,0.6435295939445496,0.0,485.84640407562256,493.75750398635864,0.0,n02804414_bassinet,0.0,fix_nonmask,10.0,0.0003,n02804414_bassinet_seg0_fixnonmask,False,0.0003,0.7489279508590698,"[0, 0, 223, 223]",15.0,150513.0,150528.0,0.0099649234693877
4551,onnx/vgg16-7.onnx,vnnlib/n02804610_bassoon_global_k10_eps_0.0003.vnnlib,1200,sat False,-inf,,1.5199973583221436,11.70852255821228,0.0,n02804610_bassoon,-1.0,global,10.0,0.0003,n02804610_bassoon_global,True,0.0003,,,30.0,150498.0,150528.0,0.0199298469387755
4555,onnx/vgg16-7.onnx,vnnlib/n02804610_bassoon_seg0_fixmask_k10_eps_0.0003.vnnlib,1200,sat False,-inf,,1.4810404777526855,9.3452570438385,0.0,n02804610_bassoon,0.0,fix_mask,10.0,0.0003,n02804610_bassoon_seg0_fixmask,False,0.0003,0.7363224029541016,"[0, 0, 223, 223]",18.0,150510.0,150528.0,0.0119579081632653
4559,onnx/vgg16-7.onnx,vnnlib/n02804610_bassoon_seg0_fixnonmask_k10_eps_0.0003.vnnlib,1200,sat False,-inf,,1.4078741073608398,8.764732599258423,0.0,n02804610_bassoon,0.0,fix_nonmask,10.0,0.0003,n02804610_bassoon_seg0_fixnonmask,False,0.0003,0.7363224029541016,"[0, 0, 223, 223]",12.0,150516.0,150528.0,0.0079719387755102
4587,onnx/vgg16-7.onnx,vnnlib/n02808440_bathtub_global_k10_eps_0.0003.vnnlib,1200,unsat False,0.4480551183223724,0.0,600.5153076648712,607.8910415172577,0.0,n02808440_bathtub,-1.0,global,10.0,0.0003,n02808440_bathtub_global,True,0.0003,,,30.0,150498.0,150528.0,0.0199298469387755
4591,onnx/vgg16-7.onnx,vnnlib/n02808440_bathtub_seg0_fixmask_k10_eps_0.0003.vnnlib,1200,unsat False,0.4480728507041931,0.0,121.88979578018188,129.65658020973206,0.0,n02808440_bathtub,0.0,fix_mask,10.0,0.0003,n02808440_bathtub_seg0_fixmask,False,0.0003,0.7850577235221863,"[0, 0, 223, 223]",3.0,150525.0,150528.0,0.0019929846938775
4595,onnx/vgg16-7.onnx,vnnlib/n02808440_bathtub_seg0_fixnonmask_k10_eps_0.0003.vnnlib,1200,unsat False,0.4480607807636261,0.0,581.8929097652435,589.6522750854492,0.0,n02808440_bathtub,0.0,fix_nonmask,10.0,0.0003,n02808440_bathtub_seg0_fixnonmask,False,0.0003,0.7850577235221863,"[0, 0, 223, 223]",27.0,150501.0,150528.0,0.0179368622448979
4611,onnx/vgg16-7.onnx,vnnlib/n02814860_beacon_global_k10_eps_0.0003.vnnlib,1200,sat False,-inf,,1.493077039718628,11.693602561950684,0.0,n02814860_beacon,-1.0,global,10.0,0.0003,n02814860_beacon_global,True,0.0003,,,30.0,150498.0,150528.0,0.0199298469387755
4615,onnx/vgg16-7.onnx,vnnlib/n02814860_beacon_seg0_fixmask_k10_eps_0.0003.vnnlib,1200,sat False,-inf,,2.313109874725342,10.94222331047058,0.0,n02814860_beacon,0.0,fix_mask,10.0,0.0003,n02814860_beacon_seg0_fixmask,False,0.0003,0.91860431432724,"[0, 0, 223, 223]",0.0,150528.0,150528.0,0.0
4619,onnx/vgg16-7.onnx,vnnlib/n02814860_beacon_seg0_fixnonmask_k10_eps_0.0003.vnnlib,1200,sat False,-inf,,2.2082576751708984,11.090708017349243,0.0,n02814860_beacon,0.0,fix_nonmask,10.0,0.0003,n02814860_beacon_seg0_fixnonmask,False,0.0003,0.91860431432724,"[0, 0, 223, 223]",30.0,150498.0,150528.0,0.0199298469387755
4623,onnx/vgg16-7.onnx,vnnlib/n02815834_beaker_global_k10_eps_0.0003.vnnlib,1200,unsat False,0.2538696527481079,0.0,592.2988669872284,599.6503219604492,0.0,n02815834_beaker,-1.0,global,10.0,0.0003,n02815834_beaker_global,True,0.0003,,,30.0,150498.0,150528.0,0.0199298469387755
4627,onnx/vgg16-7.onnx,vnnlib/n02815834_beaker_seg0_fixmask_k10_eps_0.0003.vnnlib,1200,unsat False,0.2538887858390808,0.0,377.9035472869873,385.3088505268097,0.0,n02815834_beaker,0.0,fix_mask,10.0,0.0003,n02815834_beaker_seg0_fixmask,False,0.0003,0.2962036728858948,"[0, 0, 223, 223]",12.0,150516.0,150528.0,0.0079719387755102
4631,onnx/vgg16-7.onnx,vnnlib/n02815834_beaker_seg0_fixnonmask_k10_eps_0.0003.vnnlib,1200,unsat False,0.2538797259330749,0.0,479.3016436100006,486.6295249462128,0.0,n02815834_beaker,0.0,fix_nonmask,10.0,0.0003,n02815834_beaker_seg0_fixnonmask,False,0.0003,0.2962036728858948,"[0, 0, 223, 223]",18.0,150510.0,150528.0,0.0119579081632653
4635,onnx/vgg16-7.onnx,vnnlib/n02817516_bearskin_global_k10_eps_0.0003.vnnlib,1200,unsat False,0.8145126104354858,0.0,556.3571529388428,566.5701925754547,0.0,n02817516_bearskin,-1.0,global,10.0,0.0003,n02817516_bearskin_global,True,0.0003,,,30.0,150498.0,150528.0,0.0199298469387755
4639,onnx/vgg16-7.onnx,vnnlib/n02817516_bearskin_seg0_fixmask_k10_eps_0.0003.vnnlib,1200,unsat False,0.814521074295044,0.0,271.2625946998596,279.1477370262146,0.0,n02817516_bearskin,0.0,fix_mask,10.0,0.0003,n02817516_bearskin_seg0_fixmask,False,0.0003,0.9354263544082642,"[0, 0, 223, 223]",6.0,150522.0,150528.0,0.0039859693877551
4643,onnx/vgg16-7.onnx,vnnlib/n02817516_bearskin_seg0_fixnonmask_k10_eps_0.0003.vnnlib,1200,unsat False,0.81451416015625,0.0,535.5904803276062,542.9017863273621,0.0,n02817516_bearskin,0.0,fix_nonmask,10.0,0.0003,n02817516_bearskin_seg0_fixnonmask,False,0.0003,0.9354263544082642,"[0, 0, 223, 223]",24.0,150504.0,150528.0,0.0159438775510204
4683,onnx/vgg16-7.onnx,vnnlib/n02834397_bib_global_k10_eps_0.0003.vnnlib,1200,sat False,-inf,,1.4582648277282717,8.886922597885132,0.0,n02834397_bib,-1.0,global,10.0,0.0003,n02834397_bib_global,True,0.0003,,,30.0,150498.0,150528.0,0.0199298469387755
4687,onnx/vgg16-7.onnx,vnnlib/n02834397_bib_seg0_fixmask_k10_eps_0.0003.vnnlib,1200,sat False,-inf,,1.475649118423462,10.139278173446655,0.0,n02834397_bib,0.0,fix_mask,10.0,0.0003,n02834397_bib_seg0_fixmask,False,0.0003,0.9117618799209596,"[0, 0, 218, 223]",9.0,150519.0,150528.0,0.0059789540816326
4691,onnx/vgg16-7.onnx,vnnlib/n02834397_bib_seg0_fixnonmask_k10_eps_0.0003.vnnlib,1200,sat False,-inf,,2.1762356758117676,12.341941595077516,0.0,n02834397_bib,0.0,fix_nonmask,10.0,0.0003,n02834397_bib_seg0_fixnonmask,False,0.0003,0.9117618799209596,"[0, 0, 218, 223]",21.0,150507.0,150528.0,0.0139508928571428
4695,onnx/vgg16-7.onnx,vnnlib/n02835271_bicycle-built-for-two_global_k10_eps_0.0003.vnnlib,1200,sat False,-inf,,2.160003185272217,12.320711612701416,0.0,n02835271_bicycle-built-for-two,-1.0,global,10.0,0.0003,n02835271_bicycle-built-for-two_global,True,0.0003,,,30.0,150498.0,150528.0,0.0199298469387755
4699,onnx/vgg16-7.onnx,vnnlib/n02835271_bicycle-built-for-two_seg0_fixmask_k10_eps_0.0003.vnnlib,1200,sat False,-inf,,2.1912572383880615,12.373761653900146,0.0,n02835271_bicycle-built-for-two,0.0,fix_mask,10.0,0.0003,n02835271_bicycle-built-for-two_seg0_fixmask,False,0.0003,0.5530232191085815,"[0, 0, 223, 222]",18.0,150510.0,150528.0,0.0119579081632653
4703,onnx/vgg16-7.onnx,vnnlib/n02835271_bicycle-built-for-two_seg0_fixnonmask_k10_eps_0.0003.vnnlib,1200,sat False,-inf,,1.4465224742889404,10.692341089248655,0.0,n02835271_bicycle-built-for-two,0.0,fix_nonmask,10.0,0.0003,n02835271_bicycle-built-for-two_seg0_fixnonmask,False,0.0003,0.5530232191085815,"[0, 0, 223, 222]",12.0,150516.0,150528.0,0.0079719387755102
4707,onnx/vgg16-7.onnx,vnnlib/n02837789_bikini_global_k10_eps_0.0003.vnnlib,1200,sat False,-inf,,1.4056894779205322,8.578120708465576,0.0,n02837789_bikini,-1.0,global,10.0,0.0003,n02837789_bikini_global,True,0.0003,,,30.0,150498.0,150528.0,0.0199298469387755
4711,onnx/vgg16-7.onnx,vnnlib/n02837789_bikini_seg0_fixmask_k10_eps_0.0003.vnnlib,1200,sat False,-inf,,1.4233155250549316,8.659501075744629,0.0,n02837789_bikini,0.0,fix_mask,10.0,0.0003,n02837789_bikini_seg0_fixmask,False,0.0003,0.6236981749534607,"[0, 1, 223, 223]",12.0,150516.0,150528.0,0.0079719387755102
4715,onnx/vgg16-7.onnx,vnnlib/n02837789_bikini_seg0_fixnonmask_k10_eps_0.0003.vnnlib,1200,sat False,-inf,,1.4310076236724854,8.78440260887146,0.0,n02837789_bikini,0.0,fix_nonmask,10.0,0.0003,n02837789_bikini_seg0_fixnonmask,False,0.0003,0.6236981749534607,"[0, 1, 223, 223]",18.0,150510.0,150528.0,0.0119579081632653
4719,onnx/vgg16-7.onnx,vnnlib/n02841315_binoculars_global_k10_eps_0.0003.vnnlib,1200,sat False,-inf,,2.1467533111572266,12.40706729888916,0.0,n02841315_binoculars,-1.0,global,10.0,0.0003,n02841315_binoculars_global,True,0.0003,,,30.0,150498.0,150528.0,0.0199298469387755
4723,onnx/vgg16-7.onnx,vnnlib/n02841315_binoculars_seg0_fixmask_k10_eps_0.0003.vnnlib,1200,sat False,-inf,,1.3992867469787598,8.630128145217896,0.0,n02841315_binoculars,0.0,fix_mask,10.0,0.0003,n02841315_binoculars_seg0_fixmask,False,0.0003,0.8732808828353882,"[0, 0, 223, 222]",12.0,150516.0,150528.0,0.0079719387755102
4727,onnx/vgg16-7.onnx,vnnlib/n02841315_binoculars_seg0_fixnonmask_k10_eps_0.0003.vnnlib,1200,sat False,-inf,,1.4164388179779053,8.661830186843872,0.0,n02841315_binoculars,0.0,fix_nonmask,10.0,0.0003,n02841315_binoculars_seg0_fixnonmask,False,0.0003,0.8732808828353882,"[0, 0, 223, 222]",18.0,150510.0,150528.0,0.0119579081632653
4731,onnx/vgg16-7.onnx,vnnlib/n02843684_birdhouse_global_k10_eps_0.0003.vnnlib,1200,unsat False,0.2403271794319152,0.0,573.8921504020691,581.1856224536896,0.0,n02843684_birdhouse,-1.0,global,10.0,0.0003,n02843684_birdhouse_global,True,0.0003,,,30.0,150498.0,150528.0,0.0199298469387755
4735,onnx/vgg16-7.onnx,vnnlib/n02843684_birdhouse_seg0_fixmask_k10_eps_0.0003.vnnlib,1200,unsat False,0.2403489351272583,0.0,480.50919938087463,487.80088210105896,0.0,n02843684_birdhouse,0.0,fix_mask,10.0,0.0003,n02843684_birdhouse_seg0_fixmask,False,0.0003,0.6314792633056641,"[0, 0, 223, 223]",15.0,150513.0,150528.0,0.0099649234693877
4739,onnx/vgg16-7.onnx,vnnlib/n02843684_birdhouse_seg0_fixnonmask_k10_eps_0.0003.vnnlib,1200,unsat False,0.2403357625007629,0.0,503.2221114635467,510.4809024333954,0.0,n02843684_birdhouse,0.0,fix_nonmask,10.0,0.0003,n02843684_birdhouse_seg0_fixnonmask,False,0.0003,0.6314792633056641,"[0, 0, 223, 223]",15.0,150513.0,150528.0,0.0099649234693877
4743,onnx/vgg16-7.onnx,vnnlib/n02859443_boathouse_global_k10_eps_0.0003.vnnlib,1200,unsat False,2.5371828079223633,0.0,566.9144237041473,574.1615519523621,0.0,n02859443_boathouse,-1.0,global,10.0,0.0003,n02859443_boathouse_global,True,0.0003,,,30.0,150498.0,150528.0,0.0199298469387755
4747,onnx/vgg16-7.onnx,vnnlib/n02859443_boathouse_seg0_fixmask_k10_eps_0.0003.vnnlib,1200,unsat False,2.537205457687378,0.0,457.741806268692,465.14180421829224,0.0,n02859443_boathouse,0.0,fix_mask,10.0,0.0003,n02859443_boathouse_seg0_fixmask,False,0.0003,0.8201079368591309,"[0, 0, 223, 223]",15.0,150513.0,150528.0,0.0099649234693877
4751,onnx/vgg16-7.onnx,vnnlib/n02859443_boathouse_seg0_fixnonmask_k10_eps_0.0003.vnnlib,1200,unsat False,2.5371975898742676,0.0,403.5495069026947,412.07188415527344,0.0,n02859443_boathouse,0.0,fix_nonmask,10.0,0.0003,n02859443_boathouse_seg0_fixnonmask,False,0.0003,0.8201079368591309,"[0, 0, 223, 223]",15.0,150513.0,150528.0,0.0099649234693877
4755,onnx/vgg16-7.onnx,vnnlib/n02860847_bobsled_global_k10_eps_0.0003.vnnlib,1200,sat False,-inf,,1.440258502960205,8.685411214828491,0.0,n02860847_bobsled,-1.0,global,10.0,0.0003,n02860847_bobsled_global,True,0.0003,,,30.0,150498.0,150528.0,0.0199298469387755
4759,onnx/vgg16-7.onnx,vnnlib/n02860847_bobsled_seg0_fixmask_k10_eps_0.0003.vnnlib,1200,sat False,-inf,,1.640010118484497,9.09706735610962,0.0,n02860847_bobsled,0.0,fix_mask,10.0,0.0003,n02860847_bobsled_seg0_fixmask,False,0.0003,0.8115084171295166,"[0, 0, 223, 223]",15.0,150513.0,150528.0,0.0099649234693877
4763,onnx/vgg16-7.onnx,vnnlib/n02860847_bobsled_seg0_fixnonmask_k10_eps_0.0003.vnnlib,1200,sat False,-inf,,1.4677155017852783,8.94611406326294,0.0,n02860847_bobsled,0.0,fix_nonmask,10.0,0.0003,n02860847_bobsled_seg0_fixnonmask,False,0.0003,0.8115084171295166,"[0, 0, 223, 223]",15.0,150513.0,150528.0,0.0099649234693877
4779,onnx/vgg16-7.onnx,vnnlib/n02869837_bonnet_global_k10_eps_0.0003.vnnlib,1200,unsat False,0.0095985680818557,0.0,530.5966784954071,538.2564845085144,0.0,n02869837_bonnet,-1.0,global,10.0,0.0003,n02869837_bonnet_global,True,0.0003,,,30.0,150498.0,150528.0,0.0199298469387755
4783,onnx/vgg16-7.onnx,vnnlib/n02869837_bonnet_seg0_fixmask_k10_eps_0.0003.vnnlib,1200,unsat False,0.0096099525690078,0.0,155.39486813545227,163.3582239151001,0.0,n02869837_bonnet,0.0,fix_mask,10.0,0.0003,n02869837_bonnet_seg0_fixmask,False,0.0003,0.923326015472412,"[0, 0, 223, 223]",3.0,150525.0,150528.0,0.0019929846938775
4787,onnx/vgg16-7.onnx,vnnlib/n02869837_bonnet_seg0_fixnonmask_k10_eps_0.0003.vnnlib,1200,unsat False,0.0095987468957901,0.0,494.5413110256195,501.94423627853394,0.0,n02869837_bonnet,0.0,fix_nonmask,10.0,0.0003,n02869837_bonnet_seg0_fixnonmask,False,0.0003,0.923326015472412,"[0, 0, 223, 223]",27.0,150501.0,150528.0,0.0179368622448979
4791,onnx/vgg16-7.onnx,vnnlib/n02870880_bookcase_global_k10_eps_0.0003.vnnlib,1200,unsat False,0.6076551675796509,0.0,601.9077708721161,609.4160583019257,0.0,n02870880_bookcase,-1.0,global,10.0,0.0003,n02870880_bookcase_global,True,0.0003,,,30.0,150498.0,150528.0,0.0199298469387755
4795,onnx/vgg16-7.onnx,vnnlib/n02870880_bookcase_seg0_fixmask_k10_eps_0.0003.vnnlib,1200,unsat False,0.6076823472976685,0.0,309.218389749527,316.6916208267212,0.0,n02870880_bookcase,0.0,fix_mask,10.0,0.0003,n02870880_bookcase_seg0_fixmask,False,0.0003,0.5753857493400574,"[0, 0, 223, 222]",6.0,150522.0,150528.0,0.0039859693877551
4799,onnx/vgg16-7.onnx,vnnlib/n02870880_bookcase_seg0_fixnonmask_k10_eps_0.0003.vnnlib,1200,unsat False,0.6076581478118896,0.0,552.2834479808807,559.5499129295349,0.0,n02870880_bookcase,0.0,fix_nonmask,10.0,0.0003,n02870880_bookcase_seg0_fixnonmask,False,0.0003,0.5753857493400574,"[0, 0, 223, 222]",24.0,150504.0,150528.0,0.0159438775510204
4803,onnx/vgg16-7.onnx,vnnlib/n02871525_bookshop_global_k10_eps_0.0003.vnnlib,1200,sat False,-inf,,1.4740610122680664,9.069454431533812,0.0,n02871525_bookshop,-1.0,global,10.0,0.0003,n02871525_bookshop_global,True,0.0003,,,30.0,150498.0,150528.0,0.0199298469387755
4807,onnx/vgg16-7.onnx,vnnlib/n02871525_bookshop_seg0_fixmask_k10_eps_0.0003.vnnlib,1200,sat False,-inf,,1.4996092319488523,9.30819296836853,0.0,n02871525_bookshop,0.0,fix_mask,10.0,0.0003,n02871525_bookshop_seg0_fixmask,False,0.0003,0.8552067875862122,"[0, 0, 223, 222]",6.0,150522.0,150528.0,0.0039859693877551
4811,onnx/vgg16-7.onnx,vnnlib/n02871525_bookshop_seg0_fixnonmask_k10_eps_0.0003.vnnlib,1200,sat False,-inf,,1.421203374862671,8.798288822174072,0.0,n02871525_bookshop,0.0,fix_nonmask,10.0,0.0003,n02871525_bookshop_seg0_fixnonmask,False,0.0003,0.8552067875862122,"[0, 0, 223, 222]",24.0,150504.0,150528.0,0.0159438775510204
4815,onnx/vgg16-7.onnx,vnnlib/n02877765_bottlecap_global_k10_eps_0.0003.vnnlib,1200,sat False,-inf,,1.4607722759246826,8.948803901672363,0.0,n02877765_bottlecap,-1.0,global,10.0,0.0003,n02877765_bottlecap_global,True,0.0003,,,30.0,150498.0,150528.0,0.0199298469387755
4819,onnx/vgg16-7.onnx,vnnlib/n02877765_bottlecap_seg0_fixmask_k10_eps_0.0003.vnnlib,1200,sat False,-inf,,1.4854438304901123,9.175151109695436,0.0,n02877765_bottlecap,0.0,fix_mask,10.0,0.0003,n02877765_bottlecap_seg0_fixmask,False,0.0003,0.9337839484214784,"[0, 0, 223, 217]",9.0,150519.0,150528.0,0.0059789540816326
4823,onnx/vgg16-7.onnx,vnnlib/n02877765_bottlecap_seg0_fixnonmask_k10_eps_0.0003.vnnlib,1200,sat False,-inf,,1.5163640975952148,9.35733699798584,0.0,n02877765_bottlecap,0.0,fix_nonmask,10.0,0.0003,n02877765_bottlecap_seg0_fixnonmask,False,0.0003,0.9337839484214784,"[0, 0, 223, 217]",21.0,150507.0,150528.0,0.0139508928571428
4839,onnx/vgg16-7.onnx,vnnlib/n02892201_brass_global_k10_eps_0.0003.vnnlib,1200,unsat False,0.6869138479232788,0.0,544.5490226745605,552.2111048698425,0.0,n02892201_brass,-1.0,global,10.0,0.0003,n02892201_brass_global,True,0.0003,,,30.0,150498.0,150528.0,0.0199298469387755
4843,onnx/vgg16-7.onnx,vnnlib/n02892201_brass_seg0_fixmask_k10_eps_0.0003.vnnlib,1200,unsat False,0.6869583129882812,0.0,294.6096074581146,302.38443779945374,0.0,n02892201_brass,0.0,fix_mask,10.0,0.0003,n02892201_brass_seg0_fixmask,False,0.0003,0.9595497250556946,"[0, 0, 223, 222]",9.0,150519.0,150528.0,0.0059789540816326
4847,onnx/vgg16-7.onnx,vnnlib/n02892201_brass_seg0_fixnonmask_k10_eps_0.0003.vnnlib,1200,unsat False,0.6869229078292847,0.0,502.9750843048096,510.2917664051056,0.0,n02892201_brass,0.0,fix_nonmask,10.0,0.0003,n02892201_brass_seg0_fixnonmask,False,0.0003,0.9595497250556946,"[0, 0, 223, 222]",21.0,150507.0,150528.0,0.0139508928571428
4851,onnx/vgg16-7.onnx,vnnlib/n02892767_brassiere_global_k10_eps_0.0003.vnnlib,1200,unsat False,1.00448739528656,0.0,537.9250597953796,546.1770746707916,0.0,n02892767_brassiere,-1.0,global,10.0,0.0003,n02892767_brassiere_global,True,0.0003,,,30.0,150498.0,150528.0,0.0199298469387755
4855,onnx/vgg16-7.onnx,vnnlib/n02892767_brassiere_seg0_fixmask_k10_eps_0.0003.vnnlib,1200,unsat False,1.0044957399368286,0.0,338.7405209541321,346.4109437465668,0.0,n02892767_brassiere,0.0,fix_mask,10.0,0.0003,n02892767_brassiere_seg0_fixmask,False,0.0003,0.9191953539848328,"[0, 0, 217, 223]",9.0,150519.0,150528.0,0.0059789540816326
4859,onnx/vgg16-7.onnx,vnnlib/n02892767_brassiere_seg0_fixnonmask_k10_eps_0.0003.vnnlib,1200,unsat False,1.004489779472351,0.0,512.0829975605011,520.8473801612854,0.0,n02892767_brassiere,0.0,fix_nonmask,10.0,0.0003,n02892767_brassiere_seg0_fixnonmask,False,0.0003,0.9191953539848328,"[0, 0, 217, 223]",21.0,150507.0,150528.0,0.0139508928571428
4863,onnx/vgg16-7.onnx,vnnlib/n02894605_breakwater_global_k10_eps_0.0003.vnnlib,1200,sat False,-inf,,1.8989415168762207,10.658013105392456,0.0,n02894605_breakwater,-1.0,global,10.0,0.0003,n02894605_breakwater_global,True,0.0003,,,30.0,150498.0,150528.0,0.0199298469387755
4867,onnx/vgg16-7.onnx,vnnlib/n02894605_breakwater_seg0_fixmask_k10_eps_0.0003.vnnlib,1200,sat False,-inf,,1.6723709106445312,10.15190076828003,0.0,n02894605_breakwater,0.0,fix_mask,10.0,0.0003,n02894605_breakwater_seg0_fixmask,False,0.0003,0.8366570472717285,"[0, 0, 223, 222]",6.0,150522.0,150528.0,0.0039859693877551
4871,onnx/vgg16-7.onnx,vnnlib/n02894605_breakwater_seg0_fixnonmask_k10_eps_0.0003.vnnlib,1200,sat False,-inf,,2.1638829708099365,12.160460233688354,0.0,n02894605_breakwater,0.0,fix_nonmask,10.0,0.0003,n02894605_breakwater_seg0_fixnonmask,False,0.0003,0.8366570472717285,"[0, 0, 223, 222]",24.0,150504.0,150528.0,0.0159438775510204
4875,onnx/vgg16-7.onnx,vnnlib/n02895154_breastplate_global_k10_eps_0.0003.vnnlib,1200,unsat False,0.8661690950393677,0.0,554.5859341621399,564.9621603488922,0.0,n02895154_breastplate,-1.0,global,10.0,0.0003,n02895154_breastplate_global,True,0.0003,,,30.0,150498.0,150528.0,0.0199298469387755
4879,onnx/vgg16-7.onnx,vnnlib/n02895154_breastplate_seg0_fixmask_k10_eps_0.0003.vnnlib,1200,unsat False,0.8661788702011108,0.0,195.09793972969055,202.9684329032898,0.0,n02895154_breastplate,0.0,fix_mask,10.0,0.0003,n02895154_breastplate_seg0_fixmask,False,0.0003,0.6624258160591125,"[0, 0, 223, 223]",3.0,150525.0,150528.0,0.0019929846938775
4883,onnx/vgg16-7.onnx,vnnlib/n02895154_breastplate_seg0_fixnonmask_k10_eps_0.0003.vnnlib,1200,unsat False,0.8661701679229736,0.0,549.0590143203735,558.8277812004089,0.0,n02895154_breastplate,0.0,fix_nonmask,10.0,0.0003,n02895154_breastplate_seg0_fixnonmask,False,0.0003,0.6624258160591125,"[0, 0, 223, 223]",27.0,150501.0,150528.0,0.0179368622448979
4887,onnx/vgg16-7.onnx,vnnlib/n02906734_broom_global_k10_eps_0.0003.vnnlib,1200,unsat False,1.1749773025512695,0.0,566.9779615402222,574.55486536026,0.0,n02906734_broom,-1.0,global,10.0,0.0003,n02906734_broom_global,True,0.0003,,,30.0,150498.0,150528.0,0.0199298469387755
4891,onnx/vgg16-7.onnx,vnnlib/n02906734_broom_seg0_fixmask_k10_eps_0.0003.vnnlib,1200,unsat False,1.1749964952468872,0.0,401.1190001964569,408.6630930900574,0.0,n02906734_broom,0.0,fix_mask,10.0,0.0003,n02906734_broom_seg0_fixmask,False,0.0003,0.7084817290306091,"[0, 0, 223, 223]",12.0,150516.0,150528.0,0.0079719387755102
4895,onnx/vgg16-7.onnx,vnnlib/n02906734_broom_seg0_fixnonmask_k10_eps_0.0003.vnnlib,1200,unsat False,1.1749835014343262,0.0,486.4404389858246,497.0024092197418,0.0,n02906734_broom,0.0,fix_nonmask,10.0,0.0003,n02906734_broom_seg0_fixnonmask,False,0.0003,0.7084817290306091,"[0, 0, 223, 223]",18.0,150510.0,150528.0,0.0119579081632653
4899,onnx/vgg16-7.onnx,vnnlib/n02909870_bucket_global_k10_eps_0.0003.vnnlib,1200,sat False,-inf,,1.4812262058258057,9.105141162872314,0.0,n02909870_bucket,-1.0,global,10.0,0.0003,n02909870_bucket_global,True,0.0003,,,30.0,150498.0,150528.0,0.0199298469387755
4903,onnx/vgg16-7.onnx,vnnlib/n02909870_bucket_seg0_fixmask_k10_eps_0.0003.vnnlib,1200,sat False,-inf,,1.52068829536438,9.299531698226929,0.0,n02909870_bucket,0.0,fix_mask,10.0,0.0003,n02909870_bucket_seg0_fixmask,False,0.0003,0.8907179832458496,"[0, 0, 223, 223]",3.0,150525.0,150528.0,0.0019929846938775
4907,onnx/vgg16-7.onnx,vnnlib/n02909870_bucket_seg0_fixnonmask_k10_eps_0.0003.vnnlib,1200,sat False,-inf,,1.4468917846679688,9.01919722557068,0.0,n02909870_bucket,0.0,fix_nonmask,10.0,0.0003,n02909870_bucket_seg0_fixnonmask,False,0.0003,0.8907179832458496,"[0, 0, 223, 223]",27.0,150501.0,150528.0,0.0179368622448979
4911,onnx/vgg16-7.onnx,vnnlib/n02910353_buckle_global_k10_eps_0.0003.vnnlib,1200,unsat False,0.7898364067077637,0.0,647.0370507240295,654.3243908882141,0.0,n02910353_buckle,-1.0,global,10.0,0.0003,n02910353_buckle_global,True,0.0003,,,30.0,150498.0,150528.0,0.0199298469387755
4915,onnx/vgg16-7.onnx,vnnlib/n02910353_buckle_seg0_fixmask_k10_eps_0.0003.vnnlib,1200,unsat False,0.7898876667022705,0.0,195.0854136943817,202.70964002609253,0.0,n02910353_buckle,0.0,fix_mask,10.0,0.0003,n02910353_buckle_seg0_fixmask,False,0.0003,0.8754029273986816,"[0, 0, 223, 223]",3.0,150525.0,150528.0,0.0019929846938775
4919,onnx/vgg16-7.onnx,vnnlib/n02910353_buckle_seg0_fixnonmask_k10_eps_0.0003.vnnlib,1200,unsat False,0.7898396849632263,0.0,650.4190492630005,657.8431005477905,0.0,n02910353_buckle,0.0,fix_nonmask,10.0,0.0003,n02910353_buckle_seg0_fixnonmask,False,0.0003,0.8754029273986816,"[0, 0, 223, 223]",27.0,150501.0,150528.0,0.0179368622448979
4959,onnx/vgg16-7.onnx,vnnlib/n02930766_cab_global_k10_eps_0.0003.vnnlib,1200,unsat False,0.5992538928985596,0.0,592.2971711158752,599.8365368843079,0.0,n02930766_cab,-1.0,global,10.0,0.0003,n02930766_cab_global,True,0.0003,,,30.0,150498.0,150528.0,0.0199298469387755
4963,onnx/vgg16-7.onnx,vnnlib/n02930766_cab_seg0_fixmask_k10_eps_0.0003.vnnlib,1200,unsat False,0.5992614030838013,0.0,277.7826678752899,286.70679807662964,0.0,n02930766_cab,0.0,fix_mask,10.0,0.0003,n02930766_cab_seg0_fixmask,False,0.0003,0.8966136574745178,"[0, 0, 223, 223]",9.0,150519.0,150528.0,0.0059789540816326
4967,onnx/vgg16-7.onnx,vnnlib/n02930766_cab_seg0_fixnonmask_k10_eps_0.0003.vnnlib,1200,unsat False,0.5992664098739624,0.0,545.0081653594971,553.9594314098358,0.0,n02930766_cab,0.0,fix_nonmask,10.0,0.0003,n02930766_cab_seg0_fixnonmask,False,0.0003,0.8966136574745178,"[0, 0, 223, 223]",21.0,150507.0,150528.0,0.0139508928571428
4971,onnx/vgg16-7.onnx,vnnlib/n02939185_caldron_global_k10_eps_0.0003.vnnlib,1200,sat False,-inf,,1.520671844482422,8.979381561279297,0.0,n02939185_caldron,-1.0,global,10.0,0.0003,n02939185_caldron_global,True,0.0003,,,30.0,150498.0,150528.0,0.0199298469387755
4975,onnx/vgg16-7.onnx,vnnlib/n02939185_caldron_seg0_fixmask_k10_eps_0.0003.vnnlib,1200,sat False,-inf,,1.4271159172058103,8.708992958068848,0.0,n02939185_caldron,0.0,fix_mask,10.0,0.0003,n02939185_caldron_seg0_fixmask,False,0.0003,0.8180888891220093,"[0, 0, 223, 223]",12.0,150516.0,150528.0,0.0079719387755102
4979,onnx/vgg16-7.onnx,vnnlib/n02939185_caldron_seg0_fixnonmask_k10_eps_0.0003.vnnlib,1200,sat False,-inf,,2.1652743816375732,12.510178089141846,0.0,n02939185_caldron,0.0,fix_nonmask,10.0,0.0003,n02939185_caldron_seg0_fixnonmask,False,0.0003,0.8180888891220093,"[0, 0, 223, 223]",18.0,150510.0,150528.0,0.0119579081632653
4983,onnx/vgg16-7.onnx,vnnlib/n02948072_candle_global_k10_eps_0.0003.vnnlib,1200,unsat False,1.3373572826385498,0.0,557.4275970458984,567.7208707332611,0.0,n02948072_candle,-1.0,global,10.0,0.0003,n02948072_candle_global,True,0.0003,,,30.0,150498.0,150528.0,0.0199298469387755
4987,onnx/vgg16-7.onnx,vnnlib/n02948072_candle_seg0_fixmask_k10_eps_0.0003.vnnlib,1200,unsat False,1.337386131286621,0.0,433.9337949752808,441.748575925827,0.0,n02948072_candle,0.0,fix_mask,10.0,0.0003,n02948072_candle_seg0_fixmask,False,0.0003,0.6990623474121094,"[0, 0, 223, 223]",12.0,150516.0,150528.0,0.0079719387755102
4991,onnx/vgg16-7.onnx,vnnlib/n02948072_candle_seg0_fixnonmask_k10_eps_0.0003.vnnlib,1200,unsat False,1.3373785018920898,0.0,506.5359239578247,515.5198893547058,0.0,n02948072_candle,0.0,fix_nonmask,10.0,0.0003,n02948072_candle_seg0_fixnonmask,False,0.0003,0.6990623474121094,"[0, 0, 223, 223]",18.0,150510.0,150528.0,0.0119579081632653
4995,onnx/vgg16-7.onnx,vnnlib/n02950826_cannon_global_k10_eps_0.0003.vnnlib,1200,unsat False,0.0952546894550323,0.0,572.4908871650696,579.972526550293,0.0,n02950826_cannon,-1.0,global,10.0,0.0003,n02950826_cannon_global,True,0.0003,,,30.0,150498.0,150528.0,0.0199298469387755
4999,onnx/vgg16-7.onnx,vnnlib/n02950826_cannon_seg0_fixmask_k10_eps_0.0003.vnnlib,1200,unsat False,0.0952670574188232,0.0,360.00828433036804,367.3142731189728,0.0,n02950826_cannon,0.0,fix_mask,10.0,0.0003,n02950826_cannon_seg0_fixmask,False,0.0003,0.8164713382720947,"[0, 0, 223, 222]",12.0,150516.0,150528.0,0.0079719387755102
5003,onnx/vgg16-7.onnx,vnnlib/n02950826_cannon_seg0_fixnonmask_k10_eps_0.0003.vnnlib,1200,unsat False,0.0952575504779815,0.0,428.82130694389343,436.33796668052673,0.0,n02950826_cannon,0.0,fix_nonmask,10.0,0.0003,n02950826_cannon_seg0_fixnonmask,False,0.0003,0.8164713382720947,"[0, 0, 223, 222]",18.0,150510.0,150528.0,0.0119579081632653
5007,onnx/vgg16-7.onnx,vnnlib/n02951358_canoe_global_k10_eps_0.0003.vnnlib,1200,sat False,-inf,,1.4881048202514648,10.035184144973757,0.0,n02951358_canoe,-1.0,global,10.0,0.0003,n02951358_canoe_global,True,0.0003,,,30.0,150498.0,150528.0,0.0199298469387755
5011,onnx/vgg16-7.onnx,vnnlib/n02951358_canoe_seg0_fixmask_k10_eps_0.0003.vnnlib,1200,sat False,-inf,,1.4258856773376465,8.833720445632935,0.0,n02951358_canoe,0.0,fix_mask,10.0,0.0003,n02951358_canoe_seg0_fixmask,False,0.0003,0.826528012752533,"[0, 1, 223, 223]",9.0,150519.0,150528.0,0.0059789540816326
5015,onnx/vgg16-7.onnx,vnnlib/n02951358_canoe_seg0_fixnonmask_k10_eps_0.0003.vnnlib,1200,sat False,-inf,,1.5250096321105957,9.273249864578249,0.0,n02951358_canoe,0.0,fix_nonmask,10.0,0.0003,n02951358_canoe_seg0_fixnonmask,False,0.0003,0.826528012752533,"[0, 1, 223, 223]",21.0,150507.0,150528.0,0.0139508928571428
5031,onnx/vgg16-7.onnx,vnnlib/n02963159_cardigan_global_k10_eps_0.0003.vnnlib,1200,sat False,-inf,,1.4880683422088623,9.058313608169556,0.0,n02963159_cardigan,-1.0,global,10.0,0.0003,n02963159_cardigan_global,True,0.0003,,,30.0,150498.0,150528.0,0.0199298469387755
5035,onnx/vgg16-7.onnx,vnnlib/n02963159_cardigan_seg0_fixmask_k10_eps_0.0003.vnnlib,1200,sat False,-inf,,1.4969465732574463,9.20498251914978,0.0,n02963159_cardigan,0.0,fix_mask,10.0,0.0003,n02963159_cardigan_seg0_fixmask,False,0.0003,0.9393629431724548,"[0, 0, 223, 218]",9.0,150519.0,150528.0,0.0059789540816326
5039,onnx/vgg16-7.onnx,vnnlib/n02963159_cardigan_seg0_fixnonmask_k10_eps_0.0003.vnnlib,1200,sat False,-inf,,1.4710743427276611,9.237496376037598,0.0,n02963159_cardigan,0.0,fix_nonmask,10.0,0.0003,n02963159_cardigan_seg0_fixnonmask,False,0.0003,0.9393629431724548,"[0, 0, 223, 218]",21.0,150507.0,150528.0,0.0139508928571428
5067,onnx/vgg16-7.onnx,vnnlib/n02971356_carton_global_k10_eps_0.0003.vnnlib,1200,unsat False,0.626829981803894,0.0,584.8044316768646,592.2190518379211,0.0,n02971356_carton,-1.0,global,10.0,0.0003,n02971356_carton_global,True,0.0003,,,30.0,150498.0,150528.0,0.0199298469387755
5071,onnx/vgg16-7.onnx,vnnlib/n02971356_carton_seg0_fixmask_k10_eps_0.0003.vnnlib,1200,unsat False,0.626866340637207,0.0,301.85360884666443,309.3598084449768,0.0,n02971356_carton,0.0,fix_mask,10.0,0.0003,n02971356_carton_seg0_fixmask,False,0.0003,0.9307882189750672,"[0, 0, 223, 221]",9.0,150519.0,150528.0,0.0059789540816326
5075,onnx/vgg16-7.onnx,vnnlib/n02971356_carton_seg0_fixnonmask_k10_eps_0.0003.vnnlib,1200,unsat False,0.6268426179885864,0.0,523.0296790599823,530.758558511734,0.0,n02971356_carton,0.0,fix_nonmask,10.0,0.0003,n02971356_carton_seg0_fixnonmask,False,0.0003,0.9307882189750672,"[0, 0, 223, 221]",21.0,150507.0,150528.0,0.0139508928571428
5103,onnx/vgg16-7.onnx,vnnlib/n02978881_cassette_global_k10_eps_0.0003.vnnlib,1200,sat False,-inf,,1.519784450531006,9.21486759185791,0.0,n02978881_cassette,-1.0,global,10.0,0.0003,n02978881_cassette_global,True,0.0003,,,30.0,150498.0,150528.0,0.0199298469387755
5107,onnx/vgg16-7.onnx,vnnlib/n02978881_cassette_seg0_fixmask_k10_eps_0.0003.vnnlib,1200,sat False,-inf,,1.4846923351287842,11.953893184661863,0.0,n02978881_cassette,0.0,fix_mask,10.0,0.0003,n02978881_cassette_seg0_fixmask,False,0.0003,0.8664279580116272,"[0, 0, 223, 223]",3.0,150525.0,150528.0,0.0019929846938775
5111,onnx/vgg16-7.onnx,vnnlib/n02978881_cassette_seg0_fixnonmask_k10_eps_0.0003.vnnlib,1200,sat False,-inf,,1.4349076747894287,8.819326162338257,0.0,n02978881_cassette,0.0,fix_nonmask,10.0,0.0003,n02978881_cassette_seg0_fixnonmask,False,0.0003,0.8664279580116272,"[0, 0, 223, 223]",27.0,150501.0,150528.0,0.0179368622448979
5115,onnx/vgg16-7.onnx,vnnlib/n02980441_castle_global_k10_eps_0.0003.vnnlib,1200,unsat False,0.4752679169178009,0.0,601.1494979858398,609.2322678565979,0.0,n02980441_castle,-1.0,global,10.0,0.0003,n02980441_castle_global,True,0.0003,,,30.0,150498.0,150528.0,0.0199298469387755
5119,onnx/vgg16-7.onnx,vnnlib/n02980441_castle_seg0_fixmask_k10_eps_0.0003.vnnlib,1200,unsat False,0.475294291973114,0.0,425.6373655796051,433.21269059181213,0.0,n02980441_castle,0.0,fix_mask,10.0,0.0003,n02980441_castle_seg0_fixmask,False,0.0003,0.9213615655899048,"[0, 0, 223, 222]",9.0,150519.0,150528.0,0.0059789540816326
5123,onnx/vgg16-7.onnx,vnnlib/n02980441_castle_seg0_fixnonmask_k10_eps_0.0003.vnnlib,1200,unsat False,0.4752900600433349,0.0,502.003333568573,509.56661462783813,0.0,n02980441_castle,0.0,fix_nonmask,10.0,0.0003,n02980441_castle_seg0_fixnonmask,False,0.0003,0.9213615655899048,"[0, 0, 223, 222]",21.0,150507.0,150528.0,0.0139508928571428
5127,onnx/vgg16-7.onnx,vnnlib/n02981792_catamaran_global_k10_eps_0.0003.vnnlib,1200,sat False,-inf,,1.45007061958313,8.965453147888184,0.0,n02981792_catamaran,-1.0,global,10.0,0.0003,n02981792_catamaran_global,True,0.0003,,,30.0,150498.0,150528.0,0.0199298469387755
5131,onnx/vgg16-7.onnx,vnnlib/n02981792_catamaran_seg0_fixmask_k10_eps_0.0003.vnnlib,1200,sat False,-inf,,1.4315929412841797,8.82636022567749,0.0,n02981792_catamaran,0.0,fix_mask,10.0,0.0003,n02981792_catamaran_seg0_fixmask,False,0.0003,0.8480837941169739,"[0, 0, 223, 222]",9.0,150519.0,150528.0,0.0059789540816326
5135,onnx/vgg16-7.onnx,vnnlib/n02981792_catamaran_seg0_fixnonmask_k10_eps_0.0003.vnnlib,1200,sat False,-inf,,1.460682392120361,9.015290021896362,0.0,n02981792_catamaran,0.0,fix_nonmask,10.0,0.0003,n02981792_catamaran_seg0_fixnonmask,False,0.0003,0.8480837941169739,"[0, 0, 223, 222]",21.0,150507.0,150528.0,0.0139508928571428
5163,onnx/vgg16-7.onnx,vnnlib/n02999410_chain_global_k10_eps_0.0003.vnnlib,1200,sat False,-inf,,1.4189715385437012,8.888322114944458,0.0,n02999410_chain,-1.0,global,10.0,0.0003,n02999410_chain_global,True,0.0003,,,30.0,150498.0,150528.0,0.0199298469387755
5167,onnx/vgg16-7.onnx,vnnlib/n02999410_chain_seg0_fixmask_k10_eps_0.0003.vnnlib,1200,sat False,-inf,,1.597874402999878,8.797325849533081,0.0,n02999410_chain,0.0,fix_mask,10.0,0.0003,n02999410_chain_seg0_fixmask,False,0.0003,0.7857593297958374,"[0, 0, 222, 223]",9.0,150519.0,150528.0,0.0059789540816326
5171,onnx/vgg16-7.onnx,vnnlib/n02999410_chain_seg0_fixnonmask_k10_eps_0.0003.vnnlib,1200,sat False,-inf,,1.5421907901763916,8.910470724105835,0.0,n02999410_chain,0.0,fix_nonmask,10.0,0.0003,n02999410_chain_seg0_fixnonmask,False,0.0003,0.7857593297958374,"[0, 0, 222, 223]",21.0,150507.0,150528.0,0.0139508928571428
5199,onnx/vgg16-7.onnx,vnnlib/n03014705_chest_global_k10_eps_0.0003.vnnlib,1200,unsat False,0.1173154115676879,0.0,516.1689937114716,523.6798439025879,0.0,n03014705_chest,-1.0,global,10.0,0.0003,n03014705_chest_global,True,0.0003,,,30.0,150498.0,150528.0,0.0199298469387755
5203,onnx/vgg16-7.onnx,vnnlib/n03014705_chest_seg0_fixmask_k10_eps_0.0003.vnnlib,1200,unsat False,0.1173420548439025,0.0,285.85745453834534,293.0039916038513,0.0,n03014705_chest,0.0,fix_mask,10.0,0.0003,n03014705_chest_seg0_fixmask,False,0.0003,0.9087029099464417,"[0, 0, 223, 223]",9.0,150519.0,150528.0,0.0059789540816326
5207,onnx/vgg16-7.onnx,vnnlib/n03014705_chest_seg0_fixnonmask_k10_eps_0.0003.vnnlib,1200,unsat False,0.1173228025436401,0.0,400.0455982685089,407.9023938179016,0.0,n03014705_chest,0.0,fix_nonmask,10.0,0.0003,n03014705_chest_seg0_fixnonmask,False,0.0003,0.9087029099464417,"[0, 0, 223, 223]",21.0,150507.0,150528.0,0.0139508928571428
5211,onnx/vgg16-7.onnx,vnnlib/n03016953_chiffonier_global_k10_eps_0.0003.vnnlib,1200,unsat False,1.1992862224578855,0.0,601.7971694469452,609.0439667701721,0.0,n03016953_chiffonier,-1.0,global,10.0,0.0003,n03016953_chiffonier_global,True,0.0003,,,30.0,150498.0,150528.0,0.0199298469387755
5215,onnx/vgg16-7.onnx,vnnlib/n03016953_chiffonier_seg0_fixmask_k10_eps_0.0003.vnnlib,1200,unsat False,1.1993049383163452,0.0,416.4327178001404,423.7097146511078,0.0,n03016953_chiffonier,0.0,fix_mask,10.0,0.0003,n03016953_chiffonier_seg0_fixmask,False,0.0003,0.8100153207778931,"[0, 0, 221, 220]",15.0,150513.0,150528.0,0.0099649234693877
5219,onnx/vgg16-7.onnx,vnnlib/n03016953_chiffonier_seg0_fixnonmask_k10_eps_0.0003.vnnlib,1200,unsat False,1.1993037462234497,0.0,512.6540553569794,520.0623288154602,0.0,n03016953_chiffonier,0.0,fix_nonmask,10.0,0.0003,n03016953_chiffonier_seg0_fixnonmask,False,0.0003,0.8100153207778931,"[0, 0, 221, 220]",15.0,150513.0,150528.0,0.0099649234693877
5223,onnx/vgg16-7.onnx,vnnlib/n03017168_chime_global_k10_eps_0.0003.vnnlib,1200,unsat False,1.6439794301986694,0.0,568.1184597015381,575.3888702392578,0.0,n03017168_chime,-1.0,global,10.0,0.0003,n03017168_chime_global,True,0.0003,,,30.0,150498.0,150528.0,0.0199298469387755
5227,onnx/vgg16-7.onnx,vnnlib/n03017168_chime_seg0_fixmask_k10_eps_0.0003.vnnlib,1200,unsat False,1.6440060138702393,0.0,349.62001514434814,357.5476849079132,0.0,n03017168_chime,0.0,fix_mask,10.0,0.0003,n03017168_chime_seg0_fixmask,False,0.0003,0.8625039458274841,"[0, 0, 223, 222]",12.0,150516.0,150528.0,0.0079719387755102
5231,onnx/vgg16-7.onnx,vnnlib/n03017168_chime_seg0_fixnonmask_k10_eps_0.0003.vnnlib,1200,unsat False,1.6439871788024902,0.0,457.7000164985657,465.102979183197,0.0,n03017168_chime,0.0,fix_nonmask,10.0,0.0003,n03017168_chime_seg0_fixnonmask,False,0.0003,0.8625039458274841,"[0, 0, 223, 222]",18.0,150510.0,150528.0,0.0119579081632653
5259,onnx/vgg16-7.onnx,vnnlib/n03028079_church_global_k10_eps_0.0003.vnnlib,1200,unsat False,2.7086706161499023,0.0,588.9493446350098,596.1139171123505,0.0,n03028079_church,-1.0,global,10.0,0.0003,n03028079_church_global,True,0.0003,,,30.0,150498.0,150528.0,0.0199298469387755
5263,onnx/vgg16-7.onnx,vnnlib/n03028079_church_seg0_fixmask_k10_eps_0.0003.vnnlib,1200,unsat False,2.708707809448242,0.0,215.30806183815,223.06005716323853,0.0,n03028079_church,0.0,fix_mask,10.0,0.0003,n03028079_church_seg0_fixmask,False,0.0003,0.7906373739242554,"[0, 0, 223, 223]",6.0,150522.0,150528.0,0.0039859693877551
5267,onnx/vgg16-7.onnx,vnnlib/n03028079_church_seg0_fixnonmask_k10_eps_0.0003.vnnlib,1200,unsat False,2.708685398101806,0.0,548.1262104511261,558.1992697715759,0.0,n03028079_church,0.0,fix_nonmask,10.0,0.0003,n03028079_church_seg0_fixnonmask,False,0.0003,0.7906373739242554,"[0, 0, 223, 223]",24.0,150504.0,150528.0,0.0159438775510204
5271,onnx/vgg16-7.onnx,vnnlib/n03032252_cinema_global_k10_eps_0.0003.vnnlib,1200,unsat False,0.8433875441551208,0.0,601.4257969856262,608.9653923511505,0.0,n03032252_cinema,-1.0,global,10.0,0.0003,n03032252_cinema_global,True,0.0003,,,30.0,150498.0,150528.0,0.0199298469387755
5275,onnx/vgg16-7.onnx,vnnlib/n03032252_cinema_seg0_fixmask_k10_eps_0.0003.vnnlib,1200,unsat False,0.8434035778045654,0.0,229.90628099441528,237.16754937171936,0.0,n03032252_cinema,0.0,fix_mask,10.0,0.0003,n03032252_cinema_seg0_fixmask,False,0.0003,0.6305911540985107,"[0, 0, 223, 222]",6.0,150522.0,150528.0,0.0039859693877551
5279,onnx/vgg16-7.onnx,vnnlib/n03032252_cinema_seg0_fixnonmask_k10_eps_0.0003.vnnlib,1200,unsat False,0.8433926105499268,0.0,594.9996151924133,602.2314631938934,0.0,n03032252_cinema,0.0,fix_nonmask,10.0,0.0003,n03032252_cinema_seg0_fixnonmask,False,0.0003,0.6305911540985107,"[0, 0, 223, 222]",24.0,150504.0,150528.0,0.0159438775510204
5295,onnx/vgg16-7.onnx,vnnlib/n03047690_clog_global_k10_eps_0.0003.vnnlib,1200,sat False,-inf,,1.4320199489593506,8.870718717575073,0.0,n03047690_clog,-1.0,global,10.0,0.0003,n03047690_clog_global,True,0.0003,,,30.0,150498.0,150528.0,0.0199298469387755
5299,onnx/vgg16-7.onnx,vnnlib/n03047690_clog_seg0_fixmask_k10_eps_0.0003.vnnlib,1200,sat False,-inf,,1.437708854675293,8.953721284866333,0.0,n03047690_clog,0.0,fix_mask,10.0,0.0003,n03047690_clog_seg0_fixmask,False,0.0003,0.9226118922233582,"[0, 1, 223, 223]",12.0,150516.0,150528.0,0.0079719387755102
5303,onnx/vgg16-7.onnx,vnnlib/n03047690_clog_seg0_fixnonmask_k10_eps_0.0003.vnnlib,1200,sat False,-inf,,1.3834173679351809,8.452524185180664,0.0,n03047690_clog,0.0,fix_nonmask,10.0,0.0003,n03047690_clog_seg0_fixnonmask,False,0.0003,0.9226118922233582,"[0, 1, 223, 223]",18.0,150510.0,150528.0,0.0119579081632653
5331,onnx/vgg16-7.onnx,vnnlib/n03065424_coil_global_k10_eps_0.0003.vnnlib,1200,sat False,-inf,,1.4087564945220947,11.309113025665283,0.0,n03065424_coil,-1.0,global,10.0,0.0003,n03065424_coil_global,True,0.0003,,,30.0,150498.0,150528.0,0.0199298469387755
5335,onnx/vgg16-7.onnx,vnnlib/n03065424_coil_seg0_fixmask_k10_eps_0.0003.vnnlib,1200,sat False,-inf,,1.4737086296081543,8.950761079788208,0.0,n03065424_coil,0.0,fix_mask,10.0,0.0003,n03065424_coil_seg0_fixmask,False,0.0003,0.8346132040023804,"[0, 0, 222, 222]",15.0,150513.0,150528.0,0.0099649234693877
5339,onnx/vgg16-7.onnx,vnnlib/n03065424_coil_seg0_fixnonmask_k10_eps_0.0003.vnnlib,1200,sat False,-inf,,1.4473650455474854,8.836440563201904,0.0,n03065424_coil,0.0,fix_nonmask,10.0,0.0003,n03065424_coil_seg0_fixnonmask,False,0.0003,0.8346132040023804,"[0, 0, 222, 222]",15.0,150513.0,150528.0,0.0099649234693877
5379,onnx/vgg16-7.onnx,vnnlib/n03100240_convertible_global_k10_eps_0.0003.vnnlib,1200,sat False,-inf,,1.5130620002746582,8.984769105911255,0.0,n03100240_convertible,-1.0,global,10.0,0.0003,n03100240_convertible_global,True,0.0003,,,30.0,150498.0,150528.0,0.0199298469387755
5383,onnx/vgg16-7.onnx,vnnlib/n03100240_convertible_seg0_fixmask_k10_eps_0.0003.vnnlib,1200,sat False,-inf,,1.4778366088867188,9.218743085861206,0.0,n03100240_convertible,0.0,fix_mask,10.0,0.0003,n03100240_convertible_seg0_fixmask,False,0.0003,0.8905168175697327,"[0, 0, 223, 219]",9.0,150519.0,150528.0,0.0059789540816326
5387,onnx/vgg16-7.onnx,vnnlib/n03100240_convertible_seg0_fixnonmask_k10_eps_0.0003.vnnlib,1200,sat False,-inf,,1.6828515529632568,11.89993381500244,0.0,n03100240_convertible,0.0,fix_nonmask,10.0,0.0003,n03100240_convertible_seg0_fixnonmask,False,0.0003,0.8905168175697327,"[0, 0, 223, 219]",21.0,150507.0,150528.0,0.0139508928571428
5391,onnx/vgg16-7.onnx,vnnlib/n03109150_corkscrew_global_k10_eps_0.0003.vnnlib,1200,sat False,-inf,,1.4258553981781006,8.777444124221802,0.0,n03109150_corkscrew,-1.0,global,10.0,0.0003,n03109150_corkscrew_global,True,0.0003,,,30.0,150498.0,150528.0,0.0199298469387755
5395,onnx/vgg16-7.onnx,vnnlib/n03109150_corkscrew_seg0_fixmask_k10_eps_0.0003.vnnlib,1200,sat False,-inf,,1.391169786453247,8.586410522460938,0.0,n03109150_corkscrew,0.0,fix_mask,10.0,0.0003,n03109150_corkscrew_seg0_fixmask,False,0.0003,0.9276344776153564,"[0, 0, 223, 223]",0.0,150528.0,150528.0,0.0
5399,onnx/vgg16-7.onnx,vnnlib/n03109150_corkscrew_seg0_fixnonmask_k10_eps_0.0003.vnnlib,1200,sat False,-inf,,1.4477355480194092,8.835816621780396,0.0,n03109150_corkscrew,0.0,fix_nonmask,10.0,0.0003,n03109150_corkscrew_seg0_fixnonmask,False,0.0003,0.9276344776153564,"[0, 0, 223, 223]",30.0,150498.0,150528.0,0.0199298469387755
5403,onnx/vgg16-7.onnx,vnnlib/n03110669_cornet_global_k10_eps_0.0003.vnnlib,1200,sat False,-inf,,1.5596554279327393,9.394381284713743,0.0,n03110669_cornet,-1.0,global,10.0,0.0003,n03110669_cornet_global,True,0.0003,,,30.0,150498.0,150528.0,0.0199298469387755
5407,onnx/vgg16-7.onnx,vnnlib/n03110669_cornet_seg0_fixmask_k10_eps_0.0003.vnnlib,1200,sat False,-inf,,1.5495245456695557,8.793622016906738,0.0,n03110669_cornet,0.0,fix_mask,10.0,0.0003,n03110669_cornet_seg0_fixmask,False,0.0003,0.7736886739730835,"[0, 0, 222, 223]",3.0,150525.0,150528.0,0.0019929846938775
5411,onnx/vgg16-7.onnx,vnnlib/n03110669_cornet_seg0_fixnonmask_k10_eps_0.0003.vnnlib,1200,sat False,-inf,,1.4287080764770508,8.799251317977905,0.0,n03110669_cornet,0.0,fix_nonmask,10.0,0.0003,n03110669_cornet_seg0_fixnonmask,False,0.0003,0.7736886739730835,"[0, 0, 222, 223]",27.0,150501.0,150528.0,0.0179368622448979
5439,onnx/vgg16-7.onnx,vnnlib/n03125729_cradle_global_k10_eps_0.0003.vnnlib,1200,sat False,-inf,,1.4181506633758545,8.749386310577393,0.0,n03125729_cradle,-1.0,global,10.0,0.0003,n03125729_cradle_global,True,0.0003,,,30.0,150498.0,150528.0,0.0199298469387755
5443,onnx/vgg16-7.onnx,vnnlib/n03125729_cradle_seg0_fixmask_k10_eps_0.0003.vnnlib,1200,sat False,-inf,,1.4415044784545898,8.949300050735474,0.0,n03125729_cradle,0.0,fix_mask,10.0,0.0003,n03125729_cradle_seg0_fixmask,False,0.0003,0.5905932188034058,"[1, 0, 223, 223]",6.0,150522.0,150528.0,0.0039859693877551
5447,onnx/vgg16-7.onnx,vnnlib/n03125729_cradle_seg0_fixnonmask_k10_eps_0.0003.vnnlib,1200,sat False,-inf,,1.5357134342193604,9.249320030212402,0.0,n03125729_cradle,0.0,fix_nonmask,10.0,0.0003,n03125729_cradle_seg0_fixnonmask,False,0.0003,0.5905932188034058,"[1, 0, 223, 223]",24.0,150504.0,150528.0,0.0159438775510204
5451,onnx/vgg16-7.onnx,vnnlib/n03126707_crane_global_k10_eps_0.0003.vnnlib,1200,unsat False,1.3643122911453247,0.0,593.4159879684448,600.6519315242767,0.0,n03126707_crane,-1.0,global,10.0,0.0003,n03126707_crane_global,True,0.0003,,,30.0,150498.0,150528.0,0.0199298469387755
5455,onnx/vgg16-7.onnx,vnnlib/n03126707_crane_seg0_fixmask_k10_eps_0.0003.vnnlib,1200,unsat False,1.364327907562256,0.0,265.9790964126587,273.5378985404968,0.0,n03126707_crane,0.0,fix_mask,10.0,0.0003,n03126707_crane_seg0_fixmask,False,0.0003,0.9092109799385072,"[0, 0, 223, 223]",6.0,150522.0,150528.0,0.0039859693877551
5459,onnx/vgg16-7.onnx,vnnlib/n03126707_crane_seg0_fixnonmask_k10_eps_0.0003.vnnlib,1200,unsat False,1.3643157482147217,0.0,562.9054112434387,570.3890795707703,0.0,n03126707_crane,0.0,fix_nonmask,10.0,0.0003,n03126707_crane_seg0_fixnonmask,False,0.0003,0.9092109799385072,"[0, 0, 223, 223]",24.0,150504.0,150528.0,0.0159438775510204
5475,onnx/vgg16-7.onnx,vnnlib/n03131574_crib_global_k10_eps_0.0003.vnnlib,1200,unsat False,0.8354063630104065,0.0,567.852020740509,575.2132911682129,0.0,n03131574_crib,-1.0,global,10.0,0.0003,n03131574_crib_global,True,0.0003,,,30.0,150498.0,150528.0,0.0199298469387755
5479,onnx/vgg16-7.onnx,vnnlib/n03131574_crib_seg0_fixmask_k10_eps_0.0003.vnnlib,1200,unsat False,0.8354170322418213,0.0,423.6079046726227,430.8521537780762,0.0,n03131574_crib,0.0,fix_mask,10.0,0.0003,n03131574_crib_seg0_fixmask,False,0.0003,0.7131014466285706,"[0, 4, 223, 223]",9.0,150519.0,150528.0,0.0059789540816326
5483,onnx/vgg16-7.onnx,vnnlib/n03131574_crib_seg0_fixnonmask_k10_eps_0.0003.vnnlib,1200,unsat False,0.835411787033081,0.0,515.9016506671906,527.0869040489197,0.0,n03131574_crib,0.0,fix_nonmask,10.0,0.0003,n03131574_crib_seg0_fixnonmask,False,0.0003,0.7131014466285706,"[0, 4, 223, 223]",21.0,150507.0,150528.0,0.0139508928571428
5511,onnx/vgg16-7.onnx,vnnlib/n03141823_crutch_global_k10_eps_0.0003.vnnlib,1200,sat False,-inf,,1.473546028137207,9.012330293655396,0.0,n03141823_crutch,-1.0,global,10.0,0.0003,n03141823_crutch_global,True,0.0003,,,30.0,150498.0,150528.0,0.0199298469387755
5515,onnx/vgg16-7.onnx,vnnlib/n03141823_crutch_seg0_fixmask_k10_eps_0.0003.vnnlib,1200,sat False,-inf,,1.4934403896331787,9.150014638900757,0.0,n03141823_crutch,0.0,fix_mask,10.0,0.0003,n03141823_crutch_seg0_fixmask,False,0.0003,0.6051544547080994,"[0, 0, 223, 223]",18.0,150510.0,150528.0,0.0119579081632653
5519,onnx/vgg16-7.onnx,vnnlib/n03141823_crutch_seg0_fixnonmask_k10_eps_0.0003.vnnlib,1200,sat False,-inf,,1.4155044555664062,8.731097221374512,0.0,n03141823_crutch,0.0,fix_nonmask,10.0,0.0003,n03141823_crutch_seg0_fixnonmask,False,0.0003,0.6051544547080994,"[0, 0, 223, 223]",12.0,150516.0,150528.0,0.0079719387755102
5523,onnx/vgg16-7.onnx,vnnlib/n03146219_cuirass_global_k10_eps_0.0003.vnnlib,1200,sat False,-inf,,1.421656370162964,8.814571142196655,0.0,n03146219_cuirass,-1.0,global,10.0,0.0003,n03146219_cuirass_global,True,0.0003,,,30.0,150498.0,150528.0,0.0199298469387755
5527,onnx/vgg16-7.onnx,vnnlib/n03146219_cuirass_seg0_fixmask_k10_eps_0.0003.vnnlib,1200,sat False,-inf,,1.4914393424987793,9.093920946121216,0.0,n03146219_cuirass,0.0,fix_mask,10.0,0.0003,n03146219_cuirass_seg0_fixmask,False,0.0003,0.6995499134063721,"[0, 0, 223, 223]",9.0,150519.0,150528.0,0.0059789540816326
5531,onnx/vgg16-7.onnx,vnnlib/n03146219_cuirass_seg0_fixnonmask_k10_eps_0.0003.vnnlib,1200,sat False,-inf,,1.468618392944336,8.93144679069519,0.0,n03146219_cuirass,0.0,fix_nonmask,10.0,0.0003,n03146219_cuirass_seg0_fixnonmask,False,0.0003,0.6995499134063721,"[0, 0, 223, 223]",21.0,150507.0,150528.0,0.0139508928571428
5535,onnx/vgg16-7.onnx,vnnlib/n03160309_dam_global_k10_eps_0.0003.vnnlib,1200,sat False,-inf,,1.4232032299041748,8.79802131652832,0.0,n03160309_dam,-1.0,global,10.0,0.0003,n03160309_dam_global,True,0.0003,,,30.0,150498.0,150528.0,0.0199298469387755
5539,onnx/vgg16-7.onnx,vnnlib/n03160309_dam_seg0_fixmask_k10_eps_0.0003.vnnlib,1200,sat False,-inf,,1.4542570114135742,9.000854015350342,0.0,n03160309_dam,0.0,fix_mask,10.0,0.0003,n03160309_dam_seg0_fixmask,False,0.0003,0.8578673005104065,"[0, 0, 223, 223]",3.0,150525.0,150528.0,0.0019929846938775
5543,onnx/vgg16-7.onnx,vnnlib/n03160309_dam_seg0_fixnonmask_k10_eps_0.0003.vnnlib,1200,sat False,-inf,,1.5165612697601318,9.108712434768677,0.0,n03160309_dam,0.0,fix_nonmask,10.0,0.0003,n03160309_dam_seg0_fixnonmask,False,0.0003,0.8578673005104065,"[0, 0, 223, 223]",27.0,150501.0,150528.0,0.0179368622448979
5547,onnx/vgg16-7.onnx,vnnlib/n03179701_desk_global_k10_eps_0.0003.vnnlib,1200,sat False,-inf,,1.410151481628418,8.710386753082275,0.0,n03179701_desk,-1.0,global,10.0,0.0003,n03179701_desk_global,True,0.0003,,,30.0,150498.0,150528.0,0.0199298469387755
5551,onnx/vgg16-7.onnx,vnnlib/n03179701_desk_seg0_fixmask_k10_eps_0.0003.vnnlib,1200,sat False,-inf,,1.4555997848510742,8.967432022094727,0.0,n03179701_desk,0.0,fix_mask,10.0,0.0003,n03179701_desk_seg0_fixmask,False,0.0003,0.7261659502983093,"[0, 0, 223, 223]",15.0,150513.0,150528.0,0.0099649234693877
5555,onnx/vgg16-7.onnx,vnnlib/n03179701_desk_seg0_fixnonmask_k10_eps_0.0003.vnnlib,1200,sat False,-inf,,1.4183733463287354,8.782840728759766,0.0,n03179701_desk,0.0,fix_nonmask,10.0,0.0003,n03179701_desk_seg0_fixnonmask,False,0.0003,0.7261659502983093,"[0, 0, 223, 223]",15.0,150513.0,150528.0,0.0099649234693877
5595,onnx/vgg16-7.onnx,vnnlib/n03207743_dishrag_global_k10_eps_0.0003.vnnlib,1200,unsat False,0.4934151172637939,0.0,593.4280731678009,600.7919659614563,0.0,n03207743_dishrag,-1.0,global,10.0,0.0003,n03207743_dishrag_global,True,0.0003,,,30.0,150498.0,150528.0,0.0199298469387755
5599,onnx/vgg16-7.onnx,vnnlib/n03207743_dishrag_seg0_fixmask_k10_eps_0.0003.vnnlib,1200,unsat False,0.4934333860874176,0.0,2.068863868713379,9.854342460632324,0.0,n03207743_dishrag,0.0,fix_mask,10.0,0.0003,n03207743_dishrag_seg0_fixmask,False,0.0003,0.925024390220642,"[0, 0, 223, 223]",0.0,150528.0,150528.0,0.0
5603,onnx/vgg16-7.onnx,vnnlib/n03207743_dishrag_seg0_fixnonmask_k10_eps_0.0003.vnnlib,1200,unsat False,0.4934154450893402,0.0,592.692031621933,599.9291970729828,0.0,n03207743_dishrag,0.0,fix_nonmask,10.0,0.0003,n03207743_dishrag_seg0_fixnonmask,False,0.0003,0.925024390220642,"[0, 0, 223, 223]",30.0,150498.0,150528.0,0.0199298469387755
5607,onnx/vgg16-7.onnx,vnnlib/n03207941_dishwasher_global_k10_eps_0.0003.vnnlib,1200,unsat False,3.204721450805664,0.0,576.3720247745514,583.6427526473999,0.0,n03207941_dishwasher,-1.0,global,10.0,0.0003,n03207941_dishwasher_global,True,0.0003,,,30.0,150498.0,150528.0,0.0199298469387755
5611,onnx/vgg16-7.onnx,vnnlib/n03207941_dishwasher_seg0_fixmask_k10_eps_0.0003.vnnlib,1200,unsat False,3.204740047454834,0.0,437.19439911842346,444.6929769515991,0.0,n03207941_dishwasher,0.0,fix_mask,10.0,0.0003,n03207941_dishwasher_seg0_fixmask,False,0.0003,0.3485065996646881,"[0, 0, 223, 223]",18.0,150510.0,150528.0,0.0119579081632653
5615,onnx/vgg16-7.onnx,vnnlib/n03207941_dishwasher_seg0_fixnonmask_k10_eps_0.0003.vnnlib,1200,unsat False,3.2047488689422607,0.0,421.1633720397949,428.5834083557129,0.0,n03207941_dishwasher,0.0,fix_nonmask,10.0,0.0003,n03207941_dishwasher_seg0_fixnonmask,False,0.0003,0.3485065996646881,"[0, 0, 223, 223]",12.0,150516.0,150528.0,0.0079719387755102
5631,onnx/vgg16-7.onnx,vnnlib/n03216828_dock_global_k10_eps_0.0003.vnnlib,1200,sat False,-inf,,1.414999008178711,8.690925598144531,0.0,n03216828_dock,-1.0,global,10.0,0.0003,n03216828_dock_global,True,0.0003,,,30.0,150498.0,150528.0,0.0199298469387755
5635,onnx/vgg16-7.onnx,vnnlib/n03216828_dock_seg0_fixmask_k10_eps_0.0003.vnnlib,1200,sat False,-inf,,1.3739299774169922,8.517599821090698,0.0,n03216828_dock,0.0,fix_mask,10.0,0.0003,n03216828_dock_seg0_fixmask,False,0.0003,0.8087610602378845,"[0, 0, 223, 223]",9.0,150519.0,150528.0,0.0059789540816326
5639,onnx/vgg16-7.onnx,vnnlib/n03216828_dock_seg0_fixnonmask_k10_eps_0.0003.vnnlib,1200,sat False,-inf,,1.4705023765563965,9.060878276824951,0.0,n03216828_dock,0.0,fix_nonmask,10.0,0.0003,n03216828_dock_seg0_fixnonmask,False,0.0003,0.8087610602378845,"[0, 0, 223, 223]",21.0,150507.0,150528.0,0.0139508928571428
5643,onnx/vgg16-7.onnx,vnnlib/n03218198_dogsled_global_k10_eps_0.0003.vnnlib,1200,sat False,-inf,,1.434417486190796,8.787816286087036,0.0,n03218198_dogsled,-1.0,global,10.0,0.0003,n03218198_dogsled_global,True,0.0003,,,30.0,150498.0,150528.0,0.0199298469387755
5647,onnx/vgg16-7.onnx,vnnlib/n03218198_dogsled_seg0_fixmask_k10_eps_0.0003.vnnlib,1200,sat False,-inf,,1.491481065750122,9.110588312149048,0.0,n03218198_dogsled,0.0,fix_mask,10.0,0.0003,n03218198_dogsled_seg0_fixmask,False,0.0003,0.7254850268363953,"[0, 0, 223, 222]",21.0,150507.0,150528.0,0.0139508928571428
5651,onnx/vgg16-7.onnx,vnnlib/n03218198_dogsled_seg0_fixnonmask_k10_eps_0.0003.vnnlib,1200,sat False,-inf,,1.4258971214294434,8.777280807495117,0.0,n03218198_dogsled,0.0,fix_nonmask,10.0,0.0003,n03218198_dogsled_seg0_fixnonmask,False,0.0003,0.7254850268363953,"[0, 0, 223, 222]",9.0,150519.0,150528.0,0.0059789540816326
5655,onnx/vgg16-7.onnx,vnnlib/n03220513_dome_global_k10_eps_0.0003.vnnlib,1200,unsat False,0.4304217994213104,0.0,588.4258842468262,595.7912275791168,0.0,n03220513_dome,-1.0,global,10.0,0.0003,n03220513_dome_global,True,0.0003,,,30.0,150498.0,150528.0,0.0199298469387755
5659,onnx/vgg16-7.onnx,vnnlib/n03220513_dome_seg0_fixmask_k10_eps_0.0003.vnnlib,1200,unsat False,0.4304364621639251,0.0,313.31699109077454,320.7668664455414,0.0,n03220513_dome,0.0,fix_mask,10.0,0.0003,n03220513_dome_seg0_fixmask,False,0.0003,0.9011515378952026,"[0, 0, 223, 223]",6.0,150522.0,150528.0,0.0039859693877551
5663,onnx/vgg16-7.onnx,vnnlib/n03220513_dome_seg0_fixnonmask_k10_eps_0.0003.vnnlib,1200,unsat False,0.430423766374588,0.0,547.4193444252014,554.7126860618591,0.0,n03220513_dome,0.0,fix_nonmask,10.0,0.0003,n03220513_dome_seg0_fixnonmask,False,0.0003,0.9011515378952026,"[0, 0, 223, 223]",24.0,150504.0,150528.0,0.0159438775510204
5667,onnx/vgg16-7.onnx,vnnlib/n03223299_doormat_global_k10_eps_0.0003.vnnlib,1200,unsat False,2.2519567012786865,0.0,669.2505488395691,676.7784917354584,0.0,n03223299_doormat,-1.0,global,10.0,0.0003,n03223299_doormat_global,True,0.0003,,,30.0,150498.0,150528.0,0.0199298469387755
5671,onnx/vgg16-7.onnx,vnnlib/n03223299_doormat_seg0_fixmask_k10_eps_0.0003.vnnlib,1200,unsat False,2.2522592544555664,0.0,145.98031783103943,155.962571144104,0.0,n03223299_doormat,0.0,fix_mask,10.0,0.0003,n03223299_doormat_seg0_fixmask,False,0.0003,0.6089795231819153,"[0, 0, 222, 222]",3.0,150525.0,150528.0,0.0019929846938775
5675,onnx/vgg16-7.onnx,vnnlib/n03223299_doormat_seg0_fixnonmask_k10_eps_0.0003.vnnlib,1200,unsat False,2.251959800720215,0.0,650.8344452381134,658.1999633312225,0.0,n03223299_doormat,0.0,fix_nonmask,10.0,0.0003,n03223299_doormat_seg0_fixnonmask,False,0.0003,0.6089795231819153,"[0, 0, 222, 222]",27.0,150501.0,150528.0,0.0179368622448979
5691,onnx/vgg16-7.onnx,vnnlib/n03249569_drum_global_k10_eps_0.0003.vnnlib,1200,sat False,-inf,,1.447453260421753,8.848557233810425,0.0,n03249569_drum,-1.0,global,10.0,0.0003,n03249569_drum_global,True,0.0003,,,30.0,150498.0,150528.0,0.0199298469387755
5695,onnx/vgg16-7.onnx,vnnlib/n03249569_drum_seg0_fixmask_k10_eps_0.0003.vnnlib,1200,sat False,-inf,,1.395165205001831,8.622836351394653,0.0,n03249569_drum,0.0,fix_mask,10.0,0.0003,n03249569_drum_seg0_fixmask,False,0.0003,0.8808003067970276,"[0, 0, 223, 223]",15.0,150513.0,150528.0,0.0099649234693877
5699,onnx/vgg16-7.onnx,vnnlib/n03249569_drum_seg0_fixnonmask_k10_eps_0.0003.vnnlib,1200,sat False,-inf,,1.4520704746246338,8.928225755691528,0.0,n03249569_drum,0.0,fix_nonmask,10.0,0.0003,n03249569_drum_seg0_fixnonmask,False,0.0003,0.8808003067970276,"[0, 0, 223, 223]",15.0,150513.0,150528.0,0.0099649234693877
5703,onnx/vgg16-7.onnx,vnnlib/n03255030_dumbbell_global_k10_eps_0.0003.vnnlib,1200,sat False,-inf,,7.380211114883423,60.91212487220764,0.0,n03255030_dumbbell,-1.0,global,10.0,0.0003,n03255030_dumbbell_global,True,0.0003,,,30.0,150498.0,150528.0,0.0199298469387755
5707,onnx/vgg16-7.onnx,vnnlib/n03255030_dumbbell_seg0_fixmask_k10_eps_0.0003.vnnlib,1200,sat False,-inf,,7.351783752441406,60.10581088066101,0.0,n03255030_dumbbell,0.0,fix_mask,10.0,0.0003,n03255030_dumbbell_seg0_fixmask,False,0.0003,0.8464468121528625,"[0, 0, 223, 222]",9.0,150519.0,150528.0,0.0059789540816326
5711,onnx/vgg16-7.onnx,vnnlib/n03255030_dumbbell_seg0_fixnonmask_k10_eps_0.0003.vnnlib,1200,sat False,-inf,,7.308491945266724,59.89023470878601,0.0,n03255030_dumbbell,0.0,fix_nonmask,10.0,0.0003,n03255030_dumbbell_seg0_fixnonmask,False,0.0003,0.8464468121528625,"[0, 0, 223, 222]",21.0,150507.0,150528.0,0.0139508928571428
5775,onnx/vgg16-7.onnx,vnnlib/n03291819_envelope_global_k10_eps_0.0003.vnnlib,1200,unsat False,3.739667415618897,0.0,547.6634311676025,552.9168984889984,0.0,n03291819_envelope,-1.0,global,10.0,0.0003,n03291819_envelope_global,True,0.0003,,,30.0,150498.0,150528.0,0.0199298469387755
5779,onnx/vgg16-7.onnx,vnnlib/n03291819_envelope_seg0_fixmask_k10_eps_0.0003.vnnlib,1200,unsat False,3.7397282123565674,0.0,284.3379557132721,290.2335150241852,0.0,n03291819_envelope,0.0,fix_mask,10.0,0.0003,n03291819_envelope_seg0_fixmask,False,0.0003,0.9581008553504944,"[0, 0, 222, 222]",9.0,150519.0,150528.0,0.0059789540816326
5783,onnx/vgg16-7.onnx,vnnlib/n03291819_envelope_seg0_fixnonmask_k10_eps_0.0003.vnnlib,1200,unsat False,3.739678859710694,0.0,492.7072682380676,499.04944133758545,0.0,n03291819_envelope,0.0,fix_nonmask,10.0,0.0003,n03291819_envelope_seg0_fixnonmask,False,0.0003,0.9581008553504944,"[0, 0, 222, 222]",21.0,150507.0,150528.0,0.0139508928571428
6711,onnx/vgg16-7.onnx,vnnlib/n03721384_marimba_global_k10_eps_0.0003.vnnlib,1200,sat False,-inf,,1.3891980648040771,8.767422437667847,0.0,n03721384_marimba,-1.0,global,10.0,0.0003,n03721384_marimba_global,True,0.0003,,,30.0,150498.0,150528.0,0.0199298469387755
6715,onnx/vgg16-7.onnx,vnnlib/n03721384_marimba_seg0_fixmask_k10_eps_0.0003.vnnlib,1200,sat False,-inf,,1.4011106491088867,8.791545629501343,0.0,n03721384_marimba,0.0,fix_mask,10.0,0.0003,n03721384_marimba_seg0_fixmask,False,0.0003,0.7228519916534424,"[0, 0, 223, 222]",15.0,150513.0,150528.0,0.0099649234693877
6719,onnx/vgg16-7.onnx,vnnlib/n03721384_marimba_seg0_fixnonmask_k10_eps_0.0003.vnnlib,1200,sat False,-inf,,1.329805850982666,8.691781520843506,0.0,n03721384_marimba,0.0,fix_nonmask,10.0,0.0003,n03721384_marimba_seg0_fixnonmask,False,0.0003,0.7228519916534424,"[0, 0, 223, 222]",15.0,150513.0,150528.0,0.0099649234693877
6723,onnx/vgg16-7.onnx,vnnlib/n03724870_mask_global_k10_eps_0.0003.vnnlib,1200,sat False,-inf,,1.3350458145141602,8.708524942398071,0.0,n03724870_mask,-1.0,global,10.0,0.0003,n03724870_mask_global,True,0.0003,,,30.0,150498.0,150528.0,0.0199298469387755
6727,onnx/vgg16-7.onnx,vnnlib/n03724870_mask_seg0_fixmask_k10_eps_0.0003.vnnlib,1200,sat False,-inf,,1.3246634006500244,8.716302633285522,0.0,n03724870_mask,0.0,fix_mask,10.0,0.0003,n03724870_mask_seg0_fixmask,False,0.0003,0.7636054754257202,"[0, 0, 223, 223]",6.0,150522.0,150528.0,0.0039859693877551
6731,onnx/vgg16-7.onnx,vnnlib/n03724870_mask_seg0_fixnonmask_k10_eps_0.0003.vnnlib,1200,sat False,-inf,,1.3290810585021973,8.713765382766724,0.0,n03724870_mask,0.0,fix_nonmask,10.0,0.0003,n03724870_mask_seg0_fixnonmask,False,0.0003,0.7636054754257202,"[0, 0, 223, 223]",24.0,150504.0,150528.0,0.0159438775510204
6735,onnx/vgg16-7.onnx,vnnlib/n03733131_maypole_global_k10_eps_0.0003.vnnlib,1200,sat False,-inf,,1.329414129257202,8.70043683052063,0.0,n03733131_maypole,-1.0,global,10.0,0.0003,n03733131_maypole_global,True,0.0003,,,30.0,150498.0,150528.0,0.0199298469387755
6739,onnx/vgg16-7.onnx,vnnlib/n03733131_maypole_seg0_fixmask_k10_eps_0.0003.vnnlib,1200,sat False,-inf,,1.3250367641448977,8.677698135375977,0.0,n03733131_maypole,0.0,fix_mask,10.0,0.0003,n03733131_maypole_seg0_fixmask,False,0.0003,0.619395911693573,"[0, 0, 223, 223]",18.0,150510.0,150528.0,0.0119579081632653
6743,onnx/vgg16-7.onnx,vnnlib/n03733131_maypole_seg0_fixnonmask_k10_eps_0.0003.vnnlib,1200,sat False,-inf,,1.3298497200012207,8.739242553710938,0.0,n03733131_maypole,0.0,fix_nonmask,10.0,0.0003,n03733131_maypole_seg0_fixnonmask,False,0.0003,0.619395911693573,"[0, 0, 223, 223]",12.0,150516.0,150528.0,0.0079719387755102
6771,onnx/vgg16-7.onnx,vnnlib/n03743016_megalith_global_k10_eps_0.0003.vnnlib,1200,unsat False,0.9423699378967284,0.0,830.2060005664825,837.6504516601562,0.0,n03743016_megalith,-1.0,global,10.0,0.0003,n03743016_megalith_global,True,0.0003,,,30.0,150498.0,150528.0,0.0199298469387755
6775,onnx/vgg16-7.onnx,vnnlib/n03743016_megalith_seg0_fixmask_k10_eps_0.0003.vnnlib,1200,unsat False,0.9423972964286804,0.0,442.9297378063202,450.38461804389954,0.0,n03743016_megalith,0.0,fix_mask,10.0,0.0003,n03743016_megalith_seg0_fixmask,False,0.0003,0.7351173162460327,"[0, 0, 223, 222]",9.0,150519.0,150528.0,0.0059789540816326
6779,onnx/vgg16-7.onnx,vnnlib/n03743016_megalith_seg0_fixnonmask_k10_eps_0.0003.vnnlib,1200,unsat False,0.9423725605010986,0.0,688.140506029129,695.5420248508453,0.0,n03743016_megalith,0.0,fix_nonmask,10.0,0.0003,n03743016_megalith_seg0_fixnonmask,False,0.0003,0.7351173162460327,"[0, 0, 223, 222]",21.0,150507.0,150528.0,0.0139508928571428
7707,onnx/vgg16-7.onnx,vnnlib/n04009552_projector_global_k10_eps_0.0003.vnnlib,1200,unsat False,1.9576524496078491,0.0,882.9136204719543,890.3191330432892,0.0,n04009552_projector,-1.0,global,10.0,0.0003,n04009552_projector_global,True,0.0003,,,30.0,150498.0,150528.0,0.0199298469387755
7711,onnx/vgg16-7.onnx,vnnlib/n04009552_projector_seg0_fixmask_k10_eps_0.0003.vnnlib,1200,unsat False,1.9576736688613892,0.0,183.9198296070099,191.3829038143158,0.0,n04009552_projector,0.0,fix_mask,10.0,0.0003,n04009552_projector_seg0_fixmask,False,0.0003,0.9409666061401368,"[0, 0, 223, 222]",3.0,150525.0,150528.0,0.0019929846938775
7715,onnx/vgg16-7.onnx,vnnlib/n04009552_projector_seg0_fixnonmask_k10_eps_0.0003.vnnlib,1200,unsat False,1.9576537609100344,0.0,824.1562631130219,831.5889546871185,0.0,n04009552_projector,0.0,fix_nonmask,10.0,0.0003,n04009552_projector_seg0_fixnonmask,False,0.0003,0.9409666061401368,"[0, 0, 223, 222]",27.0,150501.0,150528.0,0.0179368622448979
7719,onnx/vgg16-7.onnx,vnnlib/n04019541_puck_global_k10_eps_0.0003.vnnlib,1200,sat False,-inf,,1.3497068881988523,8.6962730884552,0.0,n04019541_puck,-1.0,global,10.0,0.0003,n04019541_puck_global,True,0.0003,,,30.0,150498.0,150528.0,0.0199298469387755
7723,onnx/vgg16-7.onnx,vnnlib/n04019541_puck_seg0_fixmask_k10_eps_0.0003.vnnlib,1200,sat False,-inf,,1.359669208526611,8.725334882736206,0.0,n04019541_puck,0.0,fix_mask,10.0,0.0003,n04019541_puck_seg0_fixmask,False,0.0003,0.6446295380592346,"[0, 0, 223, 223]",12.0,150516.0,150528.0,0.0079719387755102
7727,onnx/vgg16-7.onnx,vnnlib/n04019541_puck_seg0_fixnonmask_k10_eps_0.0003.vnnlib,1200,sat False,-inf,,1.3269038200378418,8.675238609313965,0.0,n04019541_puck,0.0,fix_nonmask,10.0,0.0003,n04019541_puck_seg0_fixnonmask,False,0.0003,0.6446295380592346,"[0, 0, 223, 223]",18.0,150510.0,150528.0,0.0119579081632653
7743,onnx/vgg16-7.onnx,vnnlib/n04026417_purse_global_k10_eps_0.0003.vnnlib,1200,unsat False,0.1765754073858261,0.0,774.8512108325958,783.2670495510101,0.0,n04026417_purse,-1.0,global,10.0,0.0003,n04026417_purse_global,True,0.0003,,,30.0,150498.0,150528.0,0.0199298469387755
7747,onnx/vgg16-7.onnx,vnnlib/n04026417_purse_seg0_fixmask_k10_eps_0.0003.vnnlib,1200,unsat False,0.1765941083431244,0.0,594.0127239227295,650.7891643047333,0.0,n04026417_purse,0.0,fix_mask,10.0,0.0003,n04026417_purse_seg0_fixmask,False,0.0003,0.933651864528656,"[0, 2, 223, 219]",9.0,150519.0,150528.0,0.0059789540816326
7751,onnx/vgg16-7.onnx,vnnlib/n04026417_purse_seg0_fixnonmask_k10_eps_0.0003.vnnlib,1200,unsat False,0.1765781790018081,0.0,876.3670163154602,931.99546957016,0.0,n04026417_purse,0.0,fix_nonmask,10.0,0.0003,n04026417_purse_seg0_fixnonmask,False,0.0003,0.933651864528656,"[0, 2, 223, 219]",21.0,150507.0,150528.0,0.0139508928571428
7755,onnx/vgg16-7.onnx,vnnlib/n04033901_quill_global_k10_eps_0.0003.vnnlib,1200,unsat False,0.073598027229309,0.0,925.1300287246704,973.8309452533722,0.0,n04033901_quill,-1.0,global,10.0,0.0003,n04033901_quill_global,True,0.0003,,,30.0,150498.0,150528.0,0.0199298469387755
7759,onnx/vgg16-7.onnx,vnnlib/n04033901_quill_seg0_fixmask_k10_eps_0.0003.vnnlib,1200,unsat False,0.0736427903175354,0.0,10.7796049118042,59.52234125137329,0.0,n04033901_quill,0.0,fix_mask,10.0,0.0003,n04033901_quill_seg0_fixmask,False,0.0003,0.8938736319541931,"[0, 0, 223, 223]",0.0,150528.0,150528.0,0.0
7763,onnx/vgg16-7.onnx,vnnlib/n04033901_quill_seg0_fixnonmask_k10_eps_0.0003.vnnlib,1200,unsat False,0.0735981464385986,0.0,926.7978234291076,975.6716723442078,0.0,n04033901_quill,0.0,fix_nonmask,10.0,0.0003,n04033901_quill_seg0_fixnonmask,False,0.0003,0.8938736319541931,"[0, 0, 223, 223]",30.0,150498.0,150528.0,0.0199298469387755
7767,onnx/vgg16-7.onnx,vnnlib/n04033995_quilt_global_k10_eps_0.0003.vnnlib,1200,sat False,-inf,,7.287282943725586,55.893285512924194,0.0,n04033995_quilt,-1.0,global,10.0,0.0003,n04033995_quilt_global,True,0.0003,,,30.0,150498.0,150528.0,0.0199298469387755
7771,onnx/vgg16-7.onnx,vnnlib/n04033995_quilt_seg0_fixmask_k10_eps_0.0003.vnnlib,1200,sat False,-inf,,7.429262638092041,56.76491570472717,0.0,n04033995_quilt,0.0,fix_mask,10.0,0.0003,n04033995_quilt_seg0_fixmask,False,0.0003,0.7666217088699341,"[0, 0, 223, 223]",3.0,150525.0,150528.0,0.0019929846938775
7775,onnx/vgg16-7.onnx,vnnlib/n04033995_quilt_seg0_fixnonmask_k10_eps_0.0003.vnnlib,1200,sat False,-inf,,7.323440074920654,55.89438080787659,0.0,n04033995_quilt,0.0,fix_nonmask,10.0,0.0003,n04033995_quilt_seg0_fixnonmask,False,0.0003,0.7666217088699341,"[0, 0, 223, 223]",27.0,150501.0,150528.0,0.0179368622448979
8715,onnx/vgg16-7.onnx,vnnlib/n04371774_swing_global_k10_eps_0.0003.vnnlib,1200,sat False,-inf,,1.6020550727844238,10.64902114868164,0.0,n04371774_swing,-1.0,global,10.0,0.0003,n04371774_swing_global,True,0.0003,,,30.0,150498.0,150528.0,0.0199298469387755
8719,onnx/vgg16-7.onnx,vnnlib/n04371774_swing_seg0_fixmask_k10_eps_0.0003.vnnlib,1200,sat False,-inf,,1.5158445835113523,10.419909000396729,0.0,n04371774_swing,0.0,fix_mask,10.0,0.0003,n04371774_swing_seg0_fixmask,False,0.0003,0.6904228925704956,"[0, 0, 223, 222]",9.0,150519.0,150528.0,0.0059789540816326
8723,onnx/vgg16-7.onnx,vnnlib/n04371774_swing_seg0_fixnonmask_k10_eps_0.0003.vnnlib,1200,sat False,-inf,,1.4798061847686768,10.640516757965088,0.0,n04371774_swing,0.0,fix_nonmask,10.0,0.0003,n04371774_swing_seg0_fixnonmask,False,0.0003,0.6904228925704956,"[0, 0, 223, 222]",21.0,150507.0,150528.0,0.0139508928571428
8727,onnx/vgg16-7.onnx,vnnlib/n04372370_switch_global_k10_eps_0.0003.vnnlib,1200,unsat False,0.0608501732349395,0.0,767.9217002391815,781.4056096076965,0.0,n04372370_switch,-1.0,global,10.0,0.0003,n04372370_switch_global,True,0.0003,,,30.0,150498.0,150528.0,0.0199298469387755
8731,onnx/vgg16-7.onnx,vnnlib/n04372370_switch_seg0_fixmask_k10_eps_0.0003.vnnlib,1200,unsat False,0.0608656406402587,0.0,308.11261558532715,320.8617010116577,0.0,n04372370_switch,0.0,fix_mask,10.0,0.0003,n04372370_switch_seg0_fixmask,False,0.0003,0.80860435962677,"[0, 0, 223, 223]",3.0,150525.0,150528.0,0.0019929846938775
8735,onnx/vgg16-7.onnx,vnnlib/n04372370_switch_seg0_fixnonmask_k10_eps_0.0003.vnnlib,1200,unsat False,0.0608533918857574,0.0,750.465033531189,764.5355162620544,0.0,n04372370_switch,0.0,fix_nonmask,10.0,0.0003,n04372370_switch_seg0_fixnonmask,False,0.0003,0.80860435962677,"[0, 0, 223, 223]",27.0,150501.0,150528.0,0.0179368622448979
8739,onnx/vgg16-7.onnx,vnnlib/n04376876_syringe_global_k10_eps_0.0003.vnnlib,1200,unsat False,1.7674357891082764,0.0,691.1535139083862,705.6046879291534,0.0,n04376876_syringe,-1.0,global,10.0,0.0003,n04376876_syringe_global,True,0.0003,,,30.0,150498.0,150528.0,0.0199298469387755
8743,onnx/vgg16-7.onnx,vnnlib/n04376876_syringe_seg0_fixmask_k10_eps_0.0003.vnnlib,1200,unsat False,1.767446517944336,0.0,516.1179959774017,527.4858179092407,0.0,n04376876_syringe,0.0,fix_mask,10.0,0.0003,n04376876_syringe_seg0_fixmask,False,0.0003,0.7617819905281067,"[0, 0, 223, 223]",12.0,150516.0,150528.0,0.0079719387755102
8747,onnx/vgg16-7.onnx,vnnlib/n04376876_syringe_seg0_fixnonmask_k10_eps_0.0003.vnnlib,1200,unsat False,1.7674508094787598,0.0,617.1607167720795,622.7195208072662,0.0,n04376876_syringe,0.0,fix_nonmask,10.0,0.0003,n04376876_syringe_seg0_fixnonmask,False,0.0003,0.7617819905281067,"[0, 0, 223, 223]",18.0,150510.0,150528.0,0.0119579081632653
8763,onnx/vgg16-7.onnx,vnnlib/n04389033_tank_global_k10_eps_0.0003.vnnlib,1200,unsat False,0.5967312455177307,0.0,902.637677192688,910.0547013282776,0.0,n04389033_tank,-1.0,global,10.0,0.0003,n04389033_tank_global,True,0.0003,,,30.0,150498.0,150528.0,0.0199298469387755
8767,onnx/vgg16-7.onnx,vnnlib/n04389033_tank_seg0_fixmask_k10_eps_0.0003.vnnlib,1200,unsat False,0.5967473983764648,0.0,801.328512430191,808.7445287704468,0.0,n04389033_tank,0.0,fix_mask,10.0,0.0003,n04389033_tank_seg0_fixmask,False,0.0003,0.8738492727279663,"[0, 0, 223, 205]",18.0,150510.0,150528.0,0.0119579081632653
8771,onnx/vgg16-7.onnx,vnnlib/n04389033_tank_seg0_fixnonmask_k10_eps_0.0003.vnnlib,1200,unsat False,0.596743106842041,0.0,702.0853295326233,709.5261564254761,0.0,n04389033_tank,0.0,fix_nonmask,10.0,0.0003,n04389033_tank_seg0_fixnonmask,False,0.0003,0.8738492727279663,"[0, 0, 223, 205]",12.0,150516.0,150528.0,0.0079719387755102
8787,onnx/vgg16-7.onnx,vnnlib/n04398044_teapot_global_k10_eps_0.0003.vnnlib,1200,sat False,-inf,,7.328063249588013,56.25751090049744,0.0,n04398044_teapot,-1.0,global,10.0,0.0003,n04398044_teapot_global,True,0.0003,,,30.0,150498.0,150528.0,0.0199298469387755
8791,onnx/vgg16-7.onnx,vnnlib/n04398044_teapot_seg0_fixmask_k10_eps_0.0003.vnnlib,1200,sat False,-inf,,7.375688076019287,56.21214532852173,0.0,n04398044_teapot,0.0,fix_mask,10.0,0.0003,n04398044_teapot_seg0_fixmask,False,0.0003,0.8429878950119019,"[0, 0, 223, 223]",0.0,150528.0,150528.0,0.0
8795,onnx/vgg16-7.onnx,vnnlib/n04398044_teapot_seg0_fixnonmask_k10_eps_0.0003.vnnlib,1200,sat False,-inf,,7.3901519775390625,56.31965231895447,0.0,n04398044_teapot,0.0,fix_nonmask,10.0,0.0003,n04398044_teapot_seg0_fixnonmask,False,0.0003,0.8429878950119019,"[0, 0, 223, 223]",30.0,150498.0,150528.0,0.0199298469387755
8799,onnx/vgg16-7.onnx,vnnlib/n04399382_teddy_global_k10_eps_0.0003.vnnlib,1200,sat False,-inf,,7.380352020263672,56.5258903503418,0.0,n04399382_teddy,-1.0,global,10.0,0.0003,n04399382_teddy_global,True,0.0003,,,30.0,150498.0,150528.0,0.0199298469387755
8803,onnx/vgg16-7.onnx,vnnlib/n04399382_teddy_seg0_fixmask_k10_eps_0.0003.vnnlib,1200,sat False,-inf,,7.387963533401489,56.330060720443726,0.0,n04399382_teddy,0.0,fix_mask,10.0,0.0003,n04399382_teddy_seg0_fixmask,False,0.0003,0.8993602991104126,"[0, 0, 223, 223]",12.0,150516.0,150528.0,0.0079719387755102
8807,onnx/vgg16-7.onnx,vnnlib/n04399382_teddy_seg0_fixnonmask_k10_eps_0.0003.vnnlib,1200,sat False,-inf,,7.484330892562866,56.21859073638916,0.0,n04399382_teddy,0.0,fix_nonmask,10.0,0.0003,n04399382_teddy_seg0_fixnonmask,False,0.0003,0.8993602991104126,"[0, 0, 223, 223]",18.0,150510.0,150528.0,0.0119579081632653
8823,onnx/vgg16-7.onnx,vnnlib/n04417672_thatch_global_k10_eps_0.0003.vnnlib,1200,sat False,-inf,,7.4374847412109375,56.7632520198822,0.0,n04417672_thatch,-1.0,global,10.0,0.0003,n04417672_thatch_global,True,0.0003,,,30.0,150498.0,150528.0,0.0199298469387755
8827,onnx/vgg16-7.onnx,vnnlib/n04417672_thatch_seg0_fixmask_k10_eps_0.0003.vnnlib,1200,sat False,-inf,,7.390275239944458,56.378605127334595,0.0,n04417672_thatch,0.0,fix_mask,10.0,0.0003,n04417672_thatch_seg0_fixmask,False,0.0003,0.7929847240447998,"[0, 0, 223, 223]",15.0,150513.0,150528.0,0.0099649234693877
8831,onnx/vgg16-7.onnx,vnnlib/n04417672_thatch_seg0_fixnonmask_k10_eps_0.0003.vnnlib,1200,sat False,-inf,,7.43846869468689,56.66368794441223,0.0,n04417672_thatch,0.0,fix_nonmask,10.0,0.0003,n04417672_thatch_seg0_fixnonmask,False,0.0003,0.7929847240447998,"[0, 0, 223, 223]",15.0,150513.0,150528.0,0.0099649234693877
9747,onnx/vgg16-7.onnx,vnnlib/n07718472_cucumber_global_k10_eps_0.0003.vnnlib,1200,sat False,-inf,,7.327696323394775,56.44870162010193,0.0,n07718472_cucumber,-1.0,global,10.0,0.0003,n07718472_cucumber_global,True,0.0003,,,30.0,150498.0,150528.0,0.0199298469387755
9751,onnx/vgg16-7.onnx,vnnlib/n07718472_cucumber_seg0_fixmask_k10_eps_0.0003.vnnlib,1200,sat False,-inf,,7.322925329208374,56.48574423789978,0.0,n07718472_cucumber,0.0,fix_mask,10.0,0.0003,n07718472_cucumber_seg0_fixmask,False,0.0003,0.4546294510364532,"[0, 0, 223, 223]",21.0,150507.0,150528.0,0.0139508928571428
9755,onnx/vgg16-7.onnx,vnnlib/n07718472_cucumber_seg0_fixnonmask_k10_eps_0.0003.vnnlib,1200,sat False,-inf,,7.410471677780151,56.59416699409485,0.0,n07718472_cucumber,0.0,fix_nonmask,10.0,0.0003,n07718472_cucumber_seg0_fixnonmask,False,0.0003,0.4546294510364532,"[0, 0, 223, 223]",9.0,150519.0,150528.0,0.0059789540816326
9759,onnx/vgg16-7.onnx,vnnlib/n07718747_artichoke_global_k10_eps_0.0003.vnnlib,1200,sat False,-inf,,7.336218595504761,56.60980772972107,0.0,n07718747_artichoke,-1.0,global,10.0,0.0003,n07718747_artichoke_global,True,0.0003,,,30.0,150498.0,150528.0,0.0199298469387755
9763,onnx/vgg16-7.onnx,vnnlib/n07718747_artichoke_seg0_fixmask_k10_eps_0.0003.vnnlib,1200,sat False,-inf,,7.325620412826538,56.4727931022644,0.0,n07718747_artichoke,0.0,fix_mask,10.0,0.0003,n07718747_artichoke_seg0_fixmask,False,0.0003,0.7821097373962402,"[0, 0, 223, 223]",6.0,150522.0,150528.0,0.0039859693877551
9767,onnx/vgg16-7.onnx,vnnlib/n07718747_artichoke_seg0_fixnonmask_k10_eps_0.0003.vnnlib,1200,sat False,-inf,,7.918903112411499,57.23385286331177,0.0,n07718747_artichoke,0.0,fix_nonmask,10.0,0.0003,n07718747_artichoke_seg0_fixnonmask,False,0.0003,0.7821097373962402,"[0, 0, 223, 223]",24.0,150504.0,150528.0,0.0159438775510204
9783,onnx/vgg16-7.onnx,vnnlib/n07730033_cardoon_global_k10_eps_0.0003.vnnlib,1200,unsat False,1.9170228242874143,0.0,1048.7719144821167,1098.6763322353363,0.0,n07730033_cardoon,-1.0,global,10.0,0.0003,n07730033_cardoon_global,True,0.0003,,,30.0,150498.0,150528.0,0.0199298469387755
9787,onnx/vgg16-7.onnx,vnnlib/n07730033_cardoon_seg0_fixmask_k10_eps_0.0003.vnnlib,1200,unsat False,1.9170430898666384,0.0,567.0509955883026,576.4500412940979,0.0,n07730033_cardoon,0.0,fix_mask,10.0,0.0003,n07730033_cardoon_seg0_fixmask,False,0.0003,0.7269993424415588,"[0, 0, 223, 223]",12.0,150516.0,150528.0,0.0079719387755102
9791,onnx/vgg16-7.onnx,vnnlib/n07730033_cardoon_seg0_fixnonmask_k10_eps_0.0003.vnnlib,1200,unsat False,1.9170275926589968,0.0,735.8109769821167,750.7544569969177,0.0,n07730033_cardoon,0.0,fix_nonmask,10.0,0.0003,n07730033_cardoon_seg0_fixnonmask,False,0.0003,0.7269993424415588,"[0, 0, 223, 223]",18.0,150510.0,150528.0,0.0119579081632653
