----- SLURM_JOB_ID=4435592
SLURM_JOB_NODELIST=d1029
SLURM_JOB_GPUS=2
SLURM_GPUS=<unset>
SLURM_STEP_GPUS=<unset>
CUDA_VISIBLE_DEVICES=0
SLURM_NTASKS=1
SLURM_CPUS_PER_TASK=4
SHELL=/bin/bash
PATH=/shared/EL9/explorer/cuda/12.8.0/bin:/shared/EL9/explorer/code-server/4.91.1/code-server-4.91.1-linux-amd64/lib/vscode/bin/remote-cli:/home/z.dehghanipour/.conda/envs/ab-crown-v1/bin:/shared/EL9/explorer/anaconda3/2024.06/condabin:/usr/share/Modules/bin:/usr/local/bin:/usr/bin:/usr/local/sbin:/usr/sbin:/home/z.dehghanipour/.local/bin:/home/z.dehghanipour/bin:/home/z.dehghanipour/.local/bin:/home/z.dehghanipour/bin
========== ENV CHECK ==========
/home/z.dehghanipour/.conda/envs/ab-crown-v1/bin/python
Python 3.11.9
PYTHON: /home/z.dehghanipour/.conda/envs/ab-crown-v1/bin/python
torch: 2.3.1
torch.version.cuda: 12.1
cuda available: True
CUDA_VISIBLE_DEVICES: 0
device[0]: NVIDIA A100-SXM4-80GB
capability[0]: (8, 0)
matmul ok: -28315.64453125
Wed Feb 18 23:37:32 2026       
+-----------------------------------------------------------------------------------------+
| NVIDIA-SMI 570.86.15              Driver Version: 570.86.15      CUDA Version: 12.8     |
|-----------------------------------------+------------------------+----------------------+
| GPU  Name                 Persistence-M | Bus-Id          Disp.A | Volatile Uncorr. ECC |
| Fan  Temp   Perf          Pwr:Usage/Cap |           Memory-Usage | GPU-Util  Compute M. |
|                                         |                        |               MIG M. |
|=========================================+========================+======================|
|   0  NVIDIA A100-SXM4-80GB          On  |   00000000:81:00.0 Off |                    0 |
| N/A   38C    P0             69W /  500W |       1MiB /  81920MiB |      0%      Default |
|                                         |                        |             Disabled |
+-----------------------------------------+------------------------+----------------------+
                                                                                         
+-----------------------------------------------------------------------------------------+
| Processes:                                                                              |
|  GPU   GI   CI              PID   Type   Process name                        GPU Memory |
|        ID   ID                                                               Usage      |
|=========================================================================================|
|  No running processes found                                                             |
+-----------------------------------------------------------------------------------------+
================================
========== QUICK GPU CHECK ==========
Wed Feb 18 23:37:33 2026       
+-----------------------------------------------------------------------------------------+
| NVIDIA-SMI 570.86.15              Driver Version: 570.86.15      CUDA Version: 12.8     |
|-----------------------------------------+------------------------+----------------------+
| GPU  Name                 Persistence-M | Bus-Id          Disp.A | Volatile Uncorr. ECC |
| Fan  Temp   Perf          Pwr:Usage/Cap |           Memory-Usage | GPU-Util  Compute M. |
|                                         |                        |               MIG M. |
|=========================================+========================+======================|
|   0  NVIDIA A100-SXM4-80GB          On  |   00000000:81:00.0 Off |                    0 |
| N/A   38C    P0             77W /  500W |       1MiB /  81920MiB |      0%      Default |
|                                         |                        |             Disabled |
+-----------------------------------------+------------------------+----------------------+
                                                                                         
+-----------------------------------------------------------------------------------------+
| Processes:                                                                              |
|  GPU   GI   CI              PID   Type   Process name                        GPU Memory |
|        ID   ID                                                               Usage      |
|=========================================================================================|
|  No running processes found                                                             |
+-----------------------------------------------------------------------------------------+
=====================================
[rank 0/1] host=d1029 CUDA_VISIBLE_DEVICES=0
[rank 0] === Checking instance ID 251 ===
[rank 0] >>> ID 251 already done (results.csv / parts) — skipping
[rank 0] === Checking instance ID 252 ===
[rank 0] >>> ID 252 already done (results.csv / parts) — skipping
[rank 0] === Checking instance ID 253 ===
[rank 0] >>> ID 253 already done (results.csv / parts) — skipping
[rank 0] === Checking instance ID 254 ===
[rank 0] >>> ID 254 already done (results.csv / parts) — skipping
[rank 0] === Checking instance ID 255 ===
[rank 0] >>> ID 255 already done (results.csv / parts) — skipping
[rank 0] === Checking instance ID 256 ===
[rank 0] >>> ID 256 already done (results.csv / parts) — skipping
[rank 0] === Checking instance ID 257 ===
[rank 0] >>> ID 257 already done (results.csv / parts) — skipping
[rank 0] === Checking instance ID 258 ===
[rank 0] >>> ID 258 already done (results.csv / parts) — skipping
[rank 0] === Checking instance ID 259 ===
[rank 0] >>> ID 259 already done (results.csv / parts) — skipping
[rank 0] === Checking instance ID 260 ===
[rank 0] >>> ID 260 already done (results.csv / parts) — skipping
[rank 0] === Checking instance ID 261 ===
[rank 0] >>> ID 261 already done (results.csv / parts) — skipping
[rank 0] === Checking instance ID 262 ===
[rank 0] >>> ID 262 already done (results.csv / parts) — skipping
[rank 0] === Checking instance ID 263 ===
[rank 0] >>> ID 263 already done (results.csv / parts) — skipping
[rank 0] === Checking instance ID 264 ===
[rank 0] >>> Running ID=264 onnx=onnx/vgg16-7.onnx
Configurations:

general:
  device: cuda
  seed: 100
  conv_mode: patches
  deterministic: false
  double_fp: false
  loss_reduction_func: max
  sparse_alpha: true
  sparse_interm: true
  save_adv_example: false
  verify_onnxruntime_output: false
  eval_adv_example: false
  show_adv_example: false
  precompile_jit: false
  prepare_only: false
  complete_verifier: bab
  enable_incomplete_verification: false
  csv_name: instances.csv
  results_file: results/vggnet16_all_p_2/result_264.rank0.txt
  root_path: ../../vnncomp2023_benchmarks/benchmarks/vggnet16
  deterministic_opt: false
  graph_optimizer: 'Customized("custom_graph_optimizer", "maxpool_to_relu")'
  buffer_has_batchdim: false
  save_output: false
  output_file: out.pkl
  return_optimized_model: false
  output_additional_stats: true
  instance_id: 264
  dataset_output_dir: dataset
  min_stable_neurons_ratio_threshold: 0.0
model:
  name: null
  path: null
  onnx_path: /projects/air/dlverifier/vggnet16_all/onnx/vgg16-7.onnx
  onnx_path_prefix: ''
  cache_onnx_conversion: true
  debug_onnx: false
  onnx_quirks: null
  input_shape: null
  onnx_loader: default_onnx_and_vnnlib_loader
  onnx_optimization_flags: []
  onnx_vnnlib_joint_optimization_flags: none
  check_optimized: false
  flatten_final_output: false
  optimize_graph: null
  with_jacobian: false
data:
  start: 0
  end: 10000
  select_instance: null
  num_outputs: 1000
  mean: 0.0
  std: 1.0
  pkl_path: null
  dataset: null
  data_filter_path: null
  data_idx_file: null
specification:
  type: lp
  robustness_type: verified-acc
  norm: .inf
  epsilon: null
  epsilon_min: 0.0
  vnnlib_path: /projects/air/dlverifier/vggnet16_all/vnnlib/n01737021_water_snake_fix_nonmask_seg0_k50176_eps_0.0003.vnnlib
  vnnlib_path_prefix: ''
  rhs_offset: null
solver:
  batch_size: 1
  auto_enlarge_batch_size: false
  min_batch_size_ratio: 0.1
  use_float64_in_last_iteration: false
  early_stop_patience: 10
  start_save_best: 0.5
  bound_prop_method: forward+backward
  init_bound_prop_method: same
  prune_after_crown: false
  optimize_disjuncts_separately: false
  crown:
    batch_size: 16
    max_crown_size: 1000000000
    relu_option: adaptive
  alpha-crown:
    alpha: true
    lr_alpha: 0.1
    iteration: 100
    share_alphas: false
    lr_decay: 0.98
    full_conv_alpha: true
    max_coeff_mul: .inf
    matmul_share_alphas: false
    disable_optimization: []
    max_time: 1.0
  invprop:
    apply_output_constraints_to: []
    tighten_input_bounds: false
    best_of_oc_and_no_oc: false
    directly_optimize: []
    oc_lr: 0.1
    share_gammas: false
  beta-crown:
    lr_alpha: 0.01
    lr_beta: 0.05
    lr_decay: 0.98
    optimizer: adam
    iteration: 10
    beta: true
    beta_warmup: true
    enable_opt_interm_bounds: false
    all_node_split_LP: false
  forward:
    refine: false
    dynamic: true
    max_dim: 100
    reset_threshold: 1.0
  intermediate_refinement:
    enabled: false
    batch_size: 10
    opt_coeffs: false
    opt_bias: false
    lr: 0.05
    layers: [-1]
    max_domains: 1000
  multi_class:
    label_batch_size: 32
    skip_with_refined_bound: true
  mip:
    unstable_neuron_threshold: 0
    parallel_solvers: null
    solver_threads: 1
    refine_neuron_timeout: 15
    refine_neuron_time_percentage: 0.8
    early_stop: true
    adv_warmup: true
    mip_solver: gurobi
    skip_unsafe: false
    topk_filter: 1.0
    sliding_window: -1
    extra_constraint: false
    refine_neuron_timeout_increasement: 0
    timeout_neuron_percentage: 0.3
    remaining_timeout_threshold: 1
    remove_unstable_neurons: true
    lp_solver: false
bab:
  initial_max_domains: 1
  backing_up_max_domain: null
  max_domains: .inf
  decision_thresh: 0
  timeout: 1200.0
  timeout_scale: 1
  max_iterations: -1
  override_timeout: null
  get_upper_bound: false
  pruning_in_iteration: true
  pruning_in_iteration_ratio: 0.2
  sort_targets: false
  batched_domain_list: true
  optimized_interm: ''
  interm_transfer: true
  recompute_interm: false
  sort_domain_interval: -1
  vanilla_crown: false
  tree_traversal: depth_first
  cut:
    enabled: false
    cuts_path: /tmp/abcrown_cuts
    implication: false
    bab_cut: false
    lp_cut: false
    method: null
    lr: 0.01
    lr_decay: 1.0
    iteration: 100
    bab_iteration: -1
    early_stop_patience: -1
    lr_beta: 0.02
    number_cuts: 50
    topk_cuts_in_filter: 1000
    batch_size_primal: 100
    max_num: 1000000000
    patches_cut: false
    cplex_cuts: false
    cplex_cuts_wait: 0
    cplex_cuts_revpickup: true
    cut_reference_bounds: true
    fix_intermediate_bounds: false
    _tmp_cuts: null
    fixed_cuts: false
    add_implied_cuts: false
    add_input_cuts: false
    biccos:
      enabled: false
      constraint_strengthening: true
      recursively_strengthening: false
      drop_ratio: 0.5
      verified_bonus: 0.3
      max_infer_iter: 20
      heuristic: neuron_influence_score
      save_biccos_cuts: false
      multi_tree_branching:
        enabled: false
        restore_best_tree: false
        keep_n_best_domains: 1
        k_splits: 1
        iterations: 1
  branching:
    method: sb
    candidates: 3
    reduceop: min
    enable_intermediate_bound_opt: false
    branching_input_and_activation: false
    branching_input_and_activation_order: [input, relu]
    branching_input_iterations: 30
    branching_relu_iterations: 50
    gnn_path: ''
    neural_heuristic:
      model_path: ''
    rl:
      experiment: general
      eval: false
      extras: []
      logging:
        color: true
        debug: true
        file: rl-experiment.log
      pnet:
        gH: 64
        tH: 64
        nheads: 64
        nlayers: 64
        useDynamicGraph: true
        bidirectional: false
        GAT: true
      training:
        gamma: 0.99
        lr: 0.001
        batchSize: 8
        loop: 8
        totalEpochs: 10
        updatePolicyFrequency: 10
        updateTargetFrequency: 10
        buffer: buffer.pkl
        preparedBuffer: 'False'
        TestingPreparedBuffer: false
        scriptTraining: false
        policynet: policy-checkpoint.pt
        targetnet: target-checkpoint.pt
        datasetShuffle: true
        targetedData: all
        splitRatio: 0.8
        maxInstances: -1
        trainingMode: full
        reward:
          norm: null
          bonus: 10.0
          penalty: -1.0
      egreedy:
        epsilon: 0.1
        epsilonDecay: 0.1
        minEpsilon: 0.1
        ePath: epsilon.pt
        enabled: true
      expert:
        useExpertUntilEpisode: 0.1
        enabled: true
        learnToImitateExpertEpochs: 10
    nonlinear_split:
      method: shortcut
      branching_point_method: uniform
      num_branches: 2
      filter: false
      filter_beta: false
      filter_clamp: false
      filter_batch_size: 10000
      filter_iterations: 25
      relu_only: false
      loose_tanh_threshold: null
      dynamic_bbps: false
      dynamic_options: [uniform, three_left, three_right]
      branching_point_node: ''
      branching_point_db: []
    input_split:
      enable_clip_domains: false
      split_hint: null
      reorder_bab: false
      enable: true
      enhanced_bound_prop_method: alpha-crown
      enhanced_branching_method: naive
      enhanced_bound_patience: 100000000.0
      attack_patience: 100000000.0
      adv_check: 0
      split_partitions: 2
      sb_margin_weight: 1.0
      sb_sum: false
      sb_primary_spec: null
      bf_backup_thresh: -1
      bf_rhs_offset: 0
      bf_iters: 1000000000.0
      bf_batch_size: 100000
      bf_zero_crossing_score: false
      touch_zero_score: 0
      ibp_enhancement: false
      catch_assertion: false
      compare_with_old_bounds: false
      update_rhs_with_attack: false
      sb_coeff_thresh: 0.001
      sort_index: null
      sort_descending: true
      show_progress: false
      presplit_domains: null
      skip_getting_worst_domain: false
  attack:
    enabled: false
    beam_candidates: 8
    beam_depth: 7
    max_dive_fix_ratio: 0.8
    min_local_free_ratio: 0.2
    mip_start_iteration: 5
    mip_timeout: 30.0
    adv_pool_threshold: null
    refined_mip_attacker: false
    refined_batch_size: null
attack:
  pgd_order: input_bab
  pgd_steps: 100
  pgd_restarts: 30
  pgd_batch_size: 100000000
  pgd_early_stop: true
  pgd_lr_decay: 0.99
  pgd_alpha: auto
  pgd_alpha_scale: false
  pgd_loss_mode: null
  pgd_restart_when_stuck: false
  enable_mip_attack: false
  adv_saver: default_adv_saver
  adv_verifier: default_adv_verifier
  early_stop_condition: default_early_stop_condition
  adv_example_finalizer: default_adv_example_finalizer
  pgd_loss: default_pgd_loss
  cex_path: ./test_cex.txt
  attack_mode: PGD
  attack_tolerance: 0.0
  attack_func: attack_with_general_specs
  gama_lambda: 10.0
  gama_decay: 0.9
  check_clean: true
  input_split:
    pgd_steps: 100
    pgd_restarts: 30
    pgd_alpha: auto
  input_split_enhanced:
    pgd_steps: 200
    pgd_restarts: 500000
    pgd_alpha: auto
  input_split_check_adv:
    enabled: auto
    pgd_steps: 5
    pgd_restarts: 5
    pgd_alpha: auto
    max_num_domains: 10
debug:
  sanity_check: Full+Graph
  view_model: false
  lp_test: null
  rescale_vnnlib_ptb: null
  test_optimized_bounds: false
  test_optimized_bounds_after_n_iterations: 0
  print_verbose_decisions: false

Experiments at Wed Feb 18 23:38:16 2026 on d1029
Internal results will be saved to results/vggnet16_all_p_2/result_264.rank0.txt.

[ZRL] %%%%%%%%%%%%%%%%%%%%%%%%%%%%%%%%%%% idx: 0, vnnlib ID: 0 %%%%%%%%%%%%%%%%%%%%%%%%%%%%%%%%%%%
Using onnx /projects/air/dlverifier/vggnet16_all/onnx/vgg16-7.onnx
Using vnnlib /projects/air/dlverifier/vggnet16_all/vnnlib/n01737021_water_snake_fix_nonmask_seg0_k50176_eps_0.0003.vnnlib
Precompiled vnnlib file found at /projects/air/dlverifier/vggnet16_all/vnnlib/n01737021_water_snake_fix_nonmask_seg0_k50176_eps_0.0003.vnnlib.compiled
Loading cached onnx model from /projects/air/dlverifier/vggnet16_all/onnx/vgg16-7.onnx.cached
Cannot read cached onnx file. Regenerating...
Loading onnx /projects/air/dlverifier/vggnet16_all/onnx/vgg16-7.onnx with quirks {}
Finished onnx model loading in 37.2700 seconds
Number of perturbed inputs: 138537
WARNING: prioritizing attack due to too many perturbed pixels on VGG
Setting arguments.Config["attack"]["pgd_order"] to "before"
Setting bound_prop_method to crown
Attack parameters: initialization=uniform, steps=100, restarts=30, alpha=7.500126957893372e-05, initialization=uniform, GAMA=False
Model output of first 5 examples:
 tensor([[-2.71691620e-01,  2.03793764e+00, -9.70072508e-01, -5.85000157e-01,
         -2.06421033e-01, -5.76808870e-01, -5.65017108e-03, -1.22558391e+00,
         -1.26848006e+00,  1.27493739e-01,  1.41352028e-01,  8.17149639e-01,
          4.08282876e-01,  1.51990905e-01,  4.03116822e-01,  8.44769776e-01,
          5.46678185e-01, -9.45726693e-01,  6.53712571e-01,  7.12693259e-02,
          1.80641258e+00,  1.66410196e+00,  2.38018250e+00,  2.05439821e-01,
          6.41102493e-01, -1.34398356e-01,  1.24242151e+00,  2.44205132e-01,
         -1.97327569e-01,  7.28892386e-01, -2.58934796e-01,  3.36941928e-01,
         -5.40132672e-02, -5.73416114e-01, -4.78794783e-01,  2.27690130e-01,
          1.61834109e+00, -8.52665901e-01,  7.58290827e-01, -1.37760341e+00,
          4.21448708e-01, -8.03548038e-01, -7.86481559e-01, -4.59232479e-01,
          2.21420497e-01, -6.39674723e-01,  3.47663343e-01, -5.19695282e-01,
         -1.68205941e+00,  2.17870569e+00,  2.44220448e+00, -2.19068360e+00,
          4.33547944e-01,  1.52809322e+00, -1.73530787e-01, -1.19259894e+00,
          1.97463967e-02, -5.86910248e-01,  2.36577344e+00,  3.22525054e-01,
          2.12723941e-01, -1.72625244e-01, -5.34358144e-01,  9.48791265e-01,
          7.09735692e-01,  1.04443622e+00, -3.90974224e-01,  6.88267827e-01,
         -7.49899030e-01, -1.27576220e+00,  6.73918903e-01,  1.33880830e+00,
          9.31487918e-01,  2.23725414e+00,  1.18202698e+00,  1.76899672e+00,
          2.94475973e-01,  2.06927633e+00,  2.28429651e+00,  2.01509595e+00,
          1.91054261e+00, -4.78759050e-01, -2.31030464e-01,  4.30567682e-01,
         -9.07656848e-01,  4.01287079e-01, -5.26078939e-01,  2.68759996e-01,
          3.15391272e-01, -7.51681685e-01, -9.68099415e-01,  5.15039504e-01,
          1.66368484e+00,  6.02719843e-01,  5.12497425e-01, -6.22187138e-01,
          7.43650675e-01,  7.39417315e-01,  3.14960933e+00,  1.75812316e+00,
          2.55588722e+00, -2.58819722e-02, -1.19473839e+00,  3.05144525e+00,
         -8.94561946e-01, -2.69163251e+00, -1.46996522e+00, -1.53498280e+00,
         -1.50076222e+00, -2.52404833e+00, -4.01745081e-01,  3.02535605e+00,
         -2.97729850e-01,  8.42676222e-01,  7.34036267e-01, -2.14887214e+00,
         -1.13756740e+00, -2.73577899e-01, -1.21657085e+00, -1.29862440e+00,
         -7.29635715e-01, -1.64567828e+00, -1.52926815e+00, -2.74026442e+00,
         -3.78958255e-01, -1.05959892e+00,  7.41842747e-01,  1.57107687e+00,
          3.60645771e+00,  3.08487892e+00,  2.07440758e+00,  2.33846378e+00,
          3.12692451e+00,  2.39930248e+00,  2.40146589e+00,  2.16909432e+00,
          1.07599974e+00,  2.96258402e+00,  1.29708457e+00,  8.13174665e-01,
          1.00768399e+00,  3.38275075e+00,  2.99759483e+00,  1.77069747e+00,
          1.83749759e+00, -2.28328168e-01,  4.36978787e-01,  1.35509276e+00,
          1.33005202e+00, -3.12484801e-01, -8.60794246e-01, -2.89693981e-01,
         -1.11451590e+00, -2.27013022e-01, -4.94132012e-01, -9.05256271e-01,
         -7.75417745e-01, -6.02308154e-01, -8.05529475e-01, -2.79393196e-01,
         -4.82349932e-01, -3.88583802e-02,  2.66329885e-01, -2.58757144e-01,
         -1.49700746e-01, -4.21351254e-01, -2.77963579e-01, -6.79919183e-01,
          3.98184538e-01, -3.04034531e-01, -6.23657405e-01, -1.51673332e-01,
         -7.85849392e-02,  1.60930142e-01, -4.36148584e-01, -4.48524117e-01,
         -5.53956687e-01, -3.95074636e-02,  6.37542248e-01, -1.09597433e+00,
         -1.52464354e+00,  2.00904742e-01,  1.24998882e-01, -2.38062173e-01,
          9.25268114e-01,  7.22176060e-02, -1.95959970e-01,  5.75126410e-02,
         -7.44747460e-01, -7.68853605e-01, -4.36511278e-01,  4.58911151e-01,
         -9.01124775e-01, -1.01114678e+00, -8.09412420e-01,  8.02207112e-01,
         -4.25982028e-01, -6.03085935e-01, -1.30352092e+00, -1.15755022e-01,
         -2.73363948e-01, -1.07509243e+00, -3.31420541e-01,  1.48678303e-01,
         -5.06098390e-01,  7.76587129e-02,  1.14209633e-02,  3.45704593e-02,
         -2.62586564e-01,  4.34128016e-01, -3.06742162e-01,  5.78353584e-01,
          3.30598176e-01, -3.63822907e-01, -4.79357094e-01, -2.46519029e-01,
         -6.76659405e-01,  3.77891690e-01, -1.20568544e-01, -5.95978498e-01,
         -2.82560915e-01,  5.64377010e-01, -4.79484588e-01,  2.53769726e-01,
          6.27202570e-01, -3.57064098e-01, -9.67908382e-01, -5.39624214e-01,
         -1.12080741e+00, -1.32996842e-01, -1.13737261e+00, -3.72707963e-01,
          2.12727755e-01, -1.00900817e+00, -1.62558928e-02, -1.45427674e-01,
         -4.32265967e-01, -4.07848865e-01, -6.41348600e-01,  2.96368599e-01,
          2.91862264e-02,  1.27642974e-01,  2.84929454e-01, -1.00568664e+00,
         -1.13436365e+00,  1.27770007e-01, -1.05268526e+00, -5.69577098e-01,
         -1.62848294e-01,  3.51252466e-01, -3.69769782e-01, -4.85662639e-01,
         -3.57163161e-01,  1.03914276e-01,  2.30893880e-01, -1.55447352e+00,
         -4.21395808e-01, -5.59222341e-01, -1.54200569e-01,  6.87975287e-02,
         -3.44949722e-01, -1.13367164e+00, -5.04238665e-01, -2.89284974e-01,
          1.21603608e-01,  1.73782200e-01, -5.31998396e-01,  7.00330287e-02,
         -2.06551123e+00,  3.54443192e-01,  3.20865780e-01,  5.63443452e-02,
          1.34821880e+00,  1.66432142e+00,  2.34249234e-01,  8.98024797e-01,
          5.37066281e-01,  1.11608291e+00, -8.98301378e-02,  7.98477590e-01,
         -1.75617412e-02,  1.86661303e-01,  8.60702455e-01,  7.62058616e-01,
          1.01620722e+00,  1.43013492e-01, -1.10428178e+00, -4.36048955e-01,
         -1.97890773e-01, -1.45084751e+00, -5.57689905e-01, -2.98722565e-01,
         -1.71845317e-01,  9.07816470e-01, -7.95753151e-02, -2.06867784e-01,
          8.00075650e-01, -6.90513670e-01, -2.41468057e-01, -2.43787140e-01,
         -1.24833179e+00,  9.01904225e-01,  3.99140567e-01,  2.99336612e-01,
         -6.44931734e-01, -1.02730799e+00,  2.08880857e-01,  1.12832224e+00,
          7.97722995e-01, -6.43667579e-01,  1.52786386e+00,  9.37170982e-01,
          5.79656661e-01,  1.18824196e+00,  1.40441036e+00,  5.01863420e-01,
         -7.13973269e-02, -8.80373418e-02,  1.56107450e+00,  1.67237234e+00,
          9.87265825e-01, -1.83422351e+00, -1.59130406e+00, -1.32595813e+00,
         -1.99135208e+00, -1.88118601e+00, -1.34438884e+00, -1.88540727e-01,
         -1.90851367e+00, -2.07937431e+00, -4.68056947e-02,  1.64279628e+00,
          5.17742097e-01, -1.19649851e+00, -8.04094315e-01, -1.01442993e+00,
         -2.07204819e+00,  2.47783375e+00, -4.02416527e-01, -1.69946730e+00,
         -3.95802349e-01, -8.06606472e-01, -4.44323957e-01, -3.50490361e-01,
          4.72201824e-01, -5.89089453e-01,  5.03285170e-01,  2.28086770e-01,
         -1.93968534e+00, -8.02811801e-01, -1.53715551e+00,  4.78726804e-01,
          6.62540197e-01,  3.65940332e-01, -4.89680797e-01, -1.67428446e+00,
          7.37552047e-01,  8.72193754e-01, -2.78060827e-02, -2.02956483e-01,
          1.17692244e+00,  6.98427916e-01,  6.72559857e-01, -3.09534401e-01,
         -1.59372008e+00, -1.49356842e+00, -1.01065326e+00, -8.01605880e-01,
         -5.57030201e-01, -9.27406251e-01, -8.27959061e-01, -1.38348150e+00,
         -2.16180250e-01, -3.98217171e-01,  3.09510499e-01, -1.20488393e+00,
          5.64869344e-01, -3.38853687e-01, -5.53844452e-01, -1.37324381e+00,
         -3.89201552e-01, -4.11702663e-01, -5.03758371e-01, -6.08778298e-01,
         -4.18420851e-01,  4.60153699e-01,  3.43944013e-01, -1.59215164e+00,
         -1.63752794e+00,  5.61101079e-01,  3.56479399e-02,  3.08333129e-01,
         -1.20580637e+00, -1.88527632e+00, -9.36612189e-02,  1.94415033e+00,
         -2.16549826e+00, -1.51322758e+00, -6.26662195e-01,  1.83733866e-01,
         -1.23369467e+00, -7.49504149e-01,  7.34633207e-01,  3.74414120e-03,
          5.77541828e-01,  1.47741401e+00, -7.65487611e-01, -4.77869242e-01,
         -1.12078226e+00,  1.57983077e+00, -9.34143603e-01,  5.53559437e-02,
         -3.92565906e-01,  1.04201746e+00, -8.65095615e-01, -2.48546290e+00,
          1.38508773e+00,  7.91217864e-01,  3.81911421e+00,  8.21228087e-01,
          2.01370686e-01,  4.68135834e-01, -9.68885273e-02, -9.01973665e-01,
         -1.74856782e+00,  2.28591174e-01,  5.92731416e-01, -1.19478703e-01,
         -7.95396447e-01, -2.27375969e-01, -1.10900059e-01, -1.26955736e+00,
          1.17514908e+00,  5.62732995e-01,  3.36396128e-01,  1.03524101e+00,
         -8.16880882e-01,  6.78627491e-01,  1.93402731e+00, -5.80546439e-01,
          7.05565214e-01,  2.18275833e+00, -5.64179718e-01,  6.59696579e-01,
         -6.99790597e-01,  1.60576776e-03,  2.81674933e+00, -1.66415721e-01,
          3.04366112e-01,  1.21360111e+00, -1.35440254e+00,  1.04500815e-01,
         -1.64463329e+00,  1.66560620e-01, -1.88134730e+00,  4.21222411e-02,
          6.03432298e-01, -4.36281055e-01, -8.17722678e-01, -3.94179940e-01,
         -1.10316299e-01, -1.54481065e+00,  1.93486416e+00, -3.24301362e-01,
          2.43829116e-01,  3.54498848e-02, -1.04412317e+00, -2.70574331e+00,
         -7.64847025e-02, -4.73007381e-01,  1.53917408e+00, -5.48865199e-01,
          1.27777076e+00,  1.25818813e+00, -1.68876457e+00,  5.80401599e-01,
         -8.57109904e-01, -6.16617739e-01,  3.02129894e-01, -1.44350028e+00,
          6.17592216e-01,  8.00701082e-01, -6.37691915e-01, -1.94651008e-01,
         -8.91088992e-02,  5.79126894e-01,  6.99167848e-01,  1.26683998e+00,
          7.03833580e-01, -1.39619517e+00, -3.41695607e-01, -5.36653936e-01,
          1.17247486e+00,  9.95168269e-01,  1.64433241e+00, -2.79081017e-02,
         -9.73657131e-01, -1.33452564e-01, -1.42986786e+00,  2.89592314e+00,
         -1.80005264e+00, -8.76372993e-01, -1.12023234e+00,  7.87085712e-01,
          9.05298352e-01,  4.87248689e-01, -1.19767749e+00,  1.25403547e+00,
         -2.82248631e-02, -2.68491030e+00,  4.56607819e-01, -1.16609514e+00,
          1.47726166e+00, -3.89866471e-01, -7.95796514e-01, -1.37265575e+00,
         -1.35303521e+00,  9.75823045e-01,  6.37597963e-02,  3.51132266e-03,
         -4.52418923e-01, -1.03066817e-01, -1.16002333e+00, -2.92574525e-01,
         -1.29320312e+00, -3.88145745e-01,  4.89489645e-01, -2.14734852e-01,
         -6.53139949e-01, -1.92909896e-01,  1.56052434e+00,  5.27780414e-01,
          1.37731230e+00, -5.81031680e-01,  2.29263377e+00, -1.97223186e+00,
          7.27627426e-02, -2.76191682e-01, -3.93642187e-01,  6.07756495e-01,
          1.68143773e+00, -9.68114138e-01,  1.34326458e+00, -7.13515103e-01,
         -1.14054358e+00, -2.13453516e-01,  2.68551171e-01, -2.45724106e+00,
         -6.59984946e-02,  2.75429559e+00, -7.45833397e-01, -1.12659290e-01,
         -3.36104184e-01,  2.14648509e+00,  7.71169424e-01, -1.21434009e+00,
          2.74678731e+00,  9.74254727e-01,  1.14034617e+00, -7.42999911e-02,
         -1.39302492e+00, -2.10076675e-01,  1.36548018e+00,  1.95822179e+00,
         -8.05609941e-01, -2.62747675e-01, -7.47668982e-01, -3.23378831e-01,
         -1.01210237e+00, -2.52597523e+00, -5.41535258e-01, -1.25396311e+00,
          1.62287176e+00, -5.14914095e-01,  4.76586580e-01, -7.42506802e-01,
          8.16043988e-02,  6.89622402e-01, -1.56096727e-01,  5.79532385e-01,
         -5.23247719e-01, -1.62625706e+00, -2.16448164e+00, -2.58084238e-01,
          9.36099470e-01,  2.65697271e-01, -1.02191472e+00,  1.78178942e+00,
          5.04213572e-01, -8.26059431e-02, -4.34811860e-01,  2.56537008e+00,
          1.86203271e-01,  7.95798361e-01, -2.82054573e-01, -8.05157959e-01,
          1.56294405e+00, -5.96247554e-01,  3.02772760e-01,  8.97784472e-01,
          2.06098557e+00, -8.63486290e-01,  8.56762588e-01, -1.48635888e+00,
          1.75493503e+00,  1.94825673e+00,  6.80540323e-01, -7.50964284e-01,
         -4.19507593e-01, -1.05945230e-01,  5.42260945e-01,  2.78612256e-01,
         -7.80270815e-01, -4.26273197e-01, -8.12551677e-01,  1.99847460e-01,
          7.20562279e-01, -8.12337041e-01,  2.47060561e+00,  2.73513770e+00,
          1.31584132e+00, -4.47847992e-01,  1.34267056e+00,  2.77665949e+00,
         -1.25940835e+00, -2.73148790e-02,  1.50191808e+00, -7.86361217e-01,
         -1.81520641e-01,  1.24341583e+00, -4.26043928e-01,  6.84364796e-01,
          9.48060989e-01,  4.58240718e-01, -2.13635778e+00, -4.65483218e-03,
          3.91723305e-01, -6.26844406e-01,  1.43204719e-01,  1.19116351e-01,
         -2.23337841e+00,  3.41864228e-02, -4.38183099e-01, -9.88461792e-01,
          2.46624613e+00, -2.29750538e+00, -7.61983156e-01,  1.35948777e+00,
          1.21849942e+00, -1.44021606e+00,  8.42733860e-01,  2.24103403e+00,
         -1.48239398e+00, -1.44177154e-01, -1.47098911e+00, -3.22283030e-01,
         -9.12393928e-01,  1.41016161e+00, -1.04011118e+00,  8.05770755e-01,
         -1.22038096e-01, -1.94878471e+00,  1.22028947e+00, -1.76040590e+00,
          1.49597895e+00, -5.82380831e-01, -2.39451993e-02, -1.12831640e+00,
         -4.13443327e-01,  7.94583738e-01, -3.68687600e-01, -5.10686755e-01,
         -7.93249726e-01,  3.53335023e-01,  7.44913399e-01, -1.26673234e+00,
         -8.60463142e-01,  1.98422372e+00, -6.55466616e-01, -9.08402741e-01,
          1.09829330e+00,  1.04118156e+00, -1.06322564e-01,  9.33330417e-01,
          4.59033877e-01, -4.12735865e-02, -7.04423189e-01, -1.67955542e+00,
          4.29621816e-01, -1.38445032e+00, -2.46051812e+00, -1.30037642e+00,
          5.69462180e-01,  2.63824773e+00,  8.49327520e-02,  1.13821316e+00,
          2.41632986e+00, -1.19679821e+00, -5.96724510e-01,  3.09108615e-01,
          1.59032524e+00,  1.47699797e+00,  2.61314660e-01, -4.01915431e-01,
          5.54743528e-01, -1.88038480e+00, -1.56060243e+00, -2.32568622e-01,
          2.12096736e-01,  7.91692853e-01,  7.00294733e-01,  1.64561033e+00,
          1.19043744e+00,  4.63379830e-01,  6.95369601e-01, -8.40791225e-01,
         -5.82053840e-01, -1.59834909e+00,  1.02619696e+00,  2.74730861e-01,
          5.37208498e-01, -1.35284573e-01,  1.21071064e+00, -7.41982818e-01,
          2.09234789e-01,  6.26073897e-01,  2.50669807e-01,  1.85675249e-02,
          6.70992434e-01, -6.10774010e-02, -1.47994888e+00,  1.65314400e+00,
         -5.11842012e-01,  2.26126623e+00, -2.03009057e+00, -1.55969679e+00,
          4.17463839e-01,  6.08552516e-01, -2.73384482e-01, -1.89264393e+00,
         -5.05967319e-01,  1.20626307e+00, -4.23125446e-01, -1.39304841e+00,
          2.03849912e+00,  6.94909155e-01,  1.93091035e+00,  1.32919490e-01,
          2.29624569e-01,  1.27181005e+00, -1.76367939e-01,  1.80685166e-02,
          1.35692847e+00,  1.79320407e+00,  7.43663162e-02, -1.10146308e+00,
         -7.78448939e-01, -1.04574418e+00,  8.01735401e-01, -1.17768478e-02,
          1.39876568e+00,  1.26896679e+00, -1.12173116e+00,  1.24340641e+00,
          1.37528992e+00,  8.17716718e-02, -4.21312869e-01,  1.79813778e+00,
         -1.01832116e+00,  2.52886319e+00, -6.93912983e-01,  8.80236685e-01,
          1.66225183e+00,  1.28745568e+00, -6.47151291e-01, -8.70155454e-01,
          5.15391231e-01,  1.19634211e+00, -2.22654879e-01, -6.60826743e-01,
          7.24597335e-01, -4.70129609e-01,  1.21034944e+00,  1.84708667e+00,
          2.64899325e+00, -1.91794002e+00, -2.20440671e-01, -9.63068008e-01,
         -1.65921724e+00,  1.96669054e+00, -8.53090048e-01,  7.10045874e-01,
          3.34461123e-01,  4.68413420e-02,  2.52513790e+00,  1.26009762e+00,
          1.22522935e-01, -1.03034484e+00,  1.47870064e+00,  1.36381328e+00,
         -1.23789573e+00, -6.68475330e-02,  3.43139768e-01,  1.62097737e-02,
          1.27792633e+00,  2.14083105e-01, -7.02066183e-01, -1.07597566e+00,
         -1.89977932e+00,  5.25966883e-01, -1.60469159e-01,  4.51940805e-01,
          1.58724940e+00,  1.90064287e+00,  1.12312412e+00,  1.46203017e+00,
          2.79724337e-02, -2.35183299e-01,  9.63167667e-01, -9.72397625e-02,
         -2.26539803e+00, -5.34680426e-01, -1.45241797e+00, -7.53727555e-01,
         -7.69914389e-01, -1.54881120e+00,  8.04669678e-01, -3.16927820e-01,
          1.17056668e+00, -1.61191475e+00, -9.28340435e-01,  5.51195502e-01,
         -1.09407675e+00,  7.05056071e-01, -2.23155022e-01, -1.95613170e+00,
          1.49369463e-01, -2.64710575e-01,  4.90819603e-01, -4.20254506e-02,
          1.14371634e+00, -1.43717837e+00,  3.09636146e-01,  1.89496130e-01,
          2.24957681e+00,  2.43155122e+00,  1.89961660e+00, -1.09008706e+00,
         -2.41751671e-01,  1.48740843e-01, -5.18464267e-01,  1.86735249e+00,
          1.62961197e+00, -1.12753057e+00,  8.18015754e-01,  1.68177438e+00,
         -2.37348604e+00, -8.98947299e-01, -1.32245755e+00,  4.42090333e-01,
         -1.08731735e+00,  1.14071929e+00,  4.35736835e-01, -7.19961226e-01,
         -1.46591353e+00, -2.68622446e+00, -1.37748075e+00, -6.06928706e-01,
          1.93965423e+00, -1.28576350e+00, -2.94770569e-01,  5.26753366e-01,
          1.98155451e+00, -8.58790636e-01, -2.17312002e+00,  5.84821999e-01,
          9.67466235e-01, -5.04821420e-01, -8.83526266e-01,  4.33172584e-01,
          9.44696963e-01,  6.80045903e-01,  2.84167677e-01,  1.25049293e+00,
         -1.01244473e+00,  1.54973793e+00, -1.06723285e+00, -6.44968450e-01,
         -4.96082038e-01,  3.94501209e-01, -6.20999217e-01, -2.04054445e-01,
          3.14512658e+00,  4.42337066e-01,  1.72225702e+00,  2.80206680e-01,
          1.41854250e+00,  6.65040433e-01,  1.26343548e+00,  1.20406663e+00,
          3.14392984e-01,  1.90749571e-01,  1.09062099e+00, -6.01581216e-01,
          3.41719842e+00,  3.73800516e+00, -6.98889136e-01,  4.85506028e-01,
          9.60759521e-01, -2.72744030e-01,  1.39591658e+00,  7.87828088e-01,
         -1.90369058e+00, -2.42412567e-01,  4.08041686e-01, -1.45142794e+00,
          1.04834318e+00, -1.17232001e+00, -4.17682767e-01, -8.43370184e-02,
          2.13721171e-01,  1.91792417e+00,  1.36673450e+00, -4.69457775e-01,
         -2.13126564e+00,  1.55689895e+00, -8.93939316e-01, -1.11154592e+00,
         -1.69247675e+00, -4.54264134e-01, -6.11618400e-01, -1.07844889e+00,
         -1.13373244e+00, -2.10199404e+00, -1.54087830e+00, -1.18653584e+00,
         -1.94645667e+00, -2.24598575e+00, -2.05002546e+00, -1.14740467e+00,
         -3.32050622e-01, -1.33845878e+00, -2.26183161e-01, -3.87628734e-01,
         -2.58219314e+00, -8.03758562e-01, -1.97151124e+00, -8.69351923e-01,
          1.53279197e+00,  3.10125679e-01,  9.85161841e-01,  9.62801933e-01,
         -9.71882284e-01, -4.34755117e-01,  1.69871062e-01, -2.09386039e+00,
         -1.81763244e+00, -6.33305162e-02, -2.12429967e-02, -1.22804236e+00,
         -2.79338479e-01, -3.13319236e-01, -1.79511166e+00, -1.72080004e+00,
         -1.40560067e+00, -1.78028238e+00,  1.86534286e+00,  3.90753627e-01,
          1.24635148e+00,  3.81907135e-01, -1.72409248e+00,  1.77590835e+00,
         -5.91648400e-01, -2.11410952e+00,  8.89652073e-01,  2.10048103e+00,
         -3.55766267e-01,  1.34025896e+00,  1.39217162e+00, -1.70551598e+00,
          2.29857221e-01, -2.41942436e-01, -9.58123684e-01, -7.04381764e-01,
          2.89543897e-01,  1.29675508e-01, -1.40235019e+00, -4.38232124e-01,
         -6.91861689e-01, -1.26074422e-02, -1.09538388e+00, -1.95407581e+00,
         -1.82452655e+00, -3.16015458e+00, -2.07041478e+00, -1.46780086e+00,
         -2.28988647e+00, -2.22871399e+00,  4.70004231e-03,  1.29202592e+00]],
       device='cuda:0')
Adv example prediction (first 2 examples and 2 restarts):
 tensor([[[-2.96335638e-01,  1.98639762e+00, -9.49779868e-01, -6.15610301e-01,
          -2.18176991e-01, -6.37152135e-01, -4.27594855e-02, -1.15486908e+00,
          -1.20138621e+00,  1.60940364e-01,  1.40648142e-01,  8.30710053e-01,
           4.43165600e-01,  1.79120779e-01,  4.09622163e-01,  8.59084308e-01,
           5.79703927e-01, -8.91412079e-01,  7.04130411e-01,  9.32633802e-02,
           1.91519356e+00,  1.72129583e+00,  2.47704768e+00,  2.65238434e-01,
           6.64116323e-01, -1.86475769e-01,  1.15305090e+00,  1.72771960e-01,
          -2.37167194e-01,  6.86009824e-01, -2.39529386e-01,  2.94169277e-01,
          -9.27974284e-02, -5.99727333e-01, -4.86066878e-01,  2.59386629e-01,
           1.65800655e+00, -8.44958663e-01,  6.84366226e-01, -1.37080455e+00,
           3.94430101e-01, -8.70447874e-01, -8.62862170e-01, -4.80667830e-01,
           1.53261602e-01, -7.35814214e-01,  3.16320300e-01, -5.69548845e-01,
          -1.69451439e+00,  2.23140597e+00,  2.47048211e+00, -2.16506743e+00,
           3.23393285e-01,  1.45748961e+00, -2.41666541e-01, -1.26785386e+00,
          -5.62292896e-02, -6.47338152e-01,  2.31322694e+00,  2.65142262e-01,
           1.36717230e-01, -1.88025713e-01, -5.99331439e-01,  8.86461258e-01,
           6.50832117e-01,  1.00597560e+00, -4.72502768e-01,  6.74100101e-01,
          -8.29983830e-01, -1.36917663e+00,  6.15430832e-01,  1.27525306e+00,
           8.93906176e-01,  2.20135093e+00,  1.14132857e+00,  1.68312693e+00,
           2.19908357e-01,  1.97926843e+00,  2.16200590e+00,  1.89978445e+00,
           1.93972099e+00, -4.59508151e-01, -2.32003480e-01,  4.66389120e-01,
          -8.79470170e-01,  4.32638973e-01, -4.98714626e-01,  2.87859321e-01,
           3.71547371e-01, -6.95248604e-01, -9.67285216e-01,  5.53664207e-01,
           1.68722332e+00,  6.54434323e-01,  5.54333746e-01, -6.13859415e-01,
           7.61391878e-01,  9.05429721e-01,  3.30289960e+00,  1.89691734e+00,
           2.66432071e+00,  3.42944227e-02, -1.18628681e+00,  3.10058355e+00,
          -8.56363118e-01, -2.65754819e+00, -1.45138311e+00, -1.58271480e+00,
          -1.57467520e+00, -2.60853004e+00, -4.99900937e-01,  2.85223222e+00,
          -3.22823197e-01,  7.99906611e-01,  6.63546026e-01, -2.22641110e+00,
          -1.22635102e+00, -3.06836367e-01, -1.23482680e+00, -1.33153856e+00,
          -7.34912038e-01, -1.64388096e+00, -1.52452064e+00, -2.76100731e+00,
          -3.82151753e-01, -1.08957374e+00,  6.50197506e-01,  1.65411317e+00,
           3.70779800e+00,  3.22543693e+00,  2.19711018e+00,  2.48163676e+00,
           3.27393413e+00,  2.51495957e+00,  2.54609060e+00,  2.23509789e+00,
           1.22644997e+00,  3.12785745e+00,  1.33225286e+00,  8.93454552e-01,
           1.13445616e+00,  3.52441955e+00,  3.13710880e+00,  1.89699054e+00,
           1.98548579e+00, -1.70596018e-01,  4.91244137e-01,  1.38610530e+00,
           1.41194952e+00, -3.13111067e-01, -8.11533868e-01, -2.93672055e-01,
          -1.11471033e+00, -2.52250463e-01, -5.56272984e-01, -9.26189780e-01,
          -7.55466044e-01, -6.21468604e-01, -7.56582618e-01, -2.40215465e-01,
          -4.38650221e-01, -1.67548619e-02,  2.76609480e-01, -2.33401284e-01,
          -1.01872154e-01, -3.97846043e-01, -2.28540137e-01, -6.46283746e-01,
           4.34926450e-01, -2.79586911e-01, -6.00455463e-01, -8.73439014e-02,
           8.50229152e-03,  2.15475649e-01, -4.14173871e-01, -4.42938805e-01,
          -4.98696834e-01, -3.21847796e-02,  6.96776092e-01, -1.06357920e+00,
          -1.46570802e+00,  2.57595956e-01,  1.40081733e-01, -2.08418369e-01,
           9.72874105e-01,  1.01212069e-01, -1.64651603e-01,  5.16708493e-02,
          -7.14093387e-01, -7.51848280e-01, -4.25416619e-01,  4.59757477e-01,
          -8.95909667e-01, -1.00862169e+00, -8.09232056e-01,  8.34383607e-01,
          -4.07569259e-01, -5.84184706e-01, -1.27839112e+00, -1.31284013e-01,
          -2.59803742e-01, -1.03384089e+00, -2.97862589e-01,  1.64932221e-01,
          -4.96423244e-01,  1.44219279e-01,  6.05728552e-02,  6.59938753e-02,
          -2.02612713e-01,  4.78729814e-01, -2.31618315e-01,  6.22898221e-01,
           3.82344157e-01, -3.47394139e-01, -4.76972461e-01, -1.80399477e-01,
          -6.68279231e-01,  4.20944601e-01, -5.28482608e-02, -5.97926140e-01,
          -2.13156819e-01,  6.01329982e-01, -4.54683989e-01,  2.50278294e-01,
           6.56567276e-01, -2.95173079e-01, -9.38865185e-01, -4.69686180e-01,
          -1.10760522e+00, -1.53240308e-01, -1.15146327e+00, -3.63995880e-01,
           2.99310952e-01, -9.94317472e-01,  2.51586810e-02, -1.19317055e-01,
          -3.88952821e-01, -3.91139030e-01, -5.92051625e-01,  3.16501558e-01,
           5.82307875e-02,  1.69860259e-01,  3.36784750e-01, -9.42619979e-01,
          -1.13771749e+00,  1.91175699e-01, -9.91556942e-01, -5.33111513e-01,
          -1.41834229e-01,  3.78041387e-01, -3.66302788e-01, -3.90369356e-01,
          -4.06916022e-01,  1.61192477e-01,  2.27358729e-01, -1.52983820e+00,
          -3.80789459e-01, -5.73050737e-01, -1.78568318e-01,  8.08561035e-03,
          -3.85546446e-01, -1.15947306e+00, -4.74737614e-01, -2.58892804e-01,
           1.91338271e-01,  1.62608877e-01, -5.17992556e-01,  1.28322765e-01,
          -2.04192996e+00,  3.56809944e-01,  3.29690248e-01,  8.03159773e-02,
           1.37785804e+00,  1.69804609e+00,  2.55594462e-01,  9.51767325e-01,
           5.87109745e-01,  1.14651966e+00, -6.30779639e-02,  8.06049585e-01,
          -1.32327154e-02,  1.84787273e-01,  8.38371933e-01,  6.88835979e-01,
           1.00815177e+00,  1.56339839e-01, -1.07297790e+00, -4.11816329e-01,
          -1.92092642e-01, -1.44694328e+00, -5.17443538e-01, -2.76115954e-01,
          -1.12656787e-01,  8.97907555e-01,  2.38515064e-03, -1.45715833e-01,
           8.77345920e-01, -6.89490497e-01, -2.57461250e-01, -2.84286857e-01,
          -1.29792500e+00,  8.27139914e-01,  3.25761616e-01,  2.59522855e-01,
          -7.16653645e-01, -1.04179096e+00,  1.87044427e-01,  1.02871811e+00,
           7.48257339e-01, -6.87812924e-01,  1.44226837e+00,  8.73578668e-01,
           5.29148519e-01,  1.14336181e+00,  1.33735728e+00,  4.76821244e-01,
          -1.21244669e-01, -1.31496012e-01,  1.42987263e+00,  1.62663805e+00,
           9.14331496e-01, -1.86290836e+00, -1.60726428e+00, -1.37391913e+00,
          -2.00481296e+00, -1.90462649e+00, -1.36706424e+00, -2.59806395e-01,
          -1.95518613e+00, -2.17011309e+00, -1.73498858e-02,  1.69697905e+00,
           4.58003640e-01, -1.22792399e+00, -8.21127057e-01, -1.00097108e+00,
          -2.07230282e+00,  2.59185386e+00, -3.45727205e-01, -1.63364637e+00,
          -3.06039959e-01, -7.33452022e-01, -3.58453512e-01, -2.60567009e-01,
           5.89703262e-01, -5.02403140e-01,  6.06637299e-01,  2.97149986e-01,
          -1.87105489e+00, -7.49119580e-01, -1.52803338e+00,  5.18963993e-01,
           7.51628876e-01,  4.18780148e-01, -4.40083712e-01, -1.60009992e+00,
           7.71147251e-01,  9.22582209e-01, -5.18005565e-02, -2.37655416e-01,
           1.25781572e+00,  7.08154321e-01,  6.85312033e-01, -3.07756990e-01,
          -1.62546754e+00, -1.52919054e+00, -1.00783324e+00, -8.11264336e-01,
          -5.65415859e-01, -9.15808439e-01, -8.27285767e-01, -1.38697481e+00,
          -1.85539797e-01, -3.69484454e-01,  3.31623137e-01, -1.19134927e+00,
           6.03952944e-01, -3.63259792e-01, -5.42656779e-01, -1.38092685e+00,
          -4.41599607e-01, -3.90502304e-01, -5.01198530e-01, -5.91725767e-01,
          -4.25059706e-01,  5.00160992e-01,  4.17559326e-01, -1.58593178e+00,
          -1.59786022e+00,  5.30279577e-01,  1.22896247e-02,  2.81748563e-01,
          -1.22932005e+00, -1.86822379e+00, -6.34680837e-02,  1.88268900e+00,
          -2.18336987e+00, -1.49372613e+00, -6.78184450e-01,  1.59051865e-01,
          -1.23229742e+00, -7.44555891e-01,  6.98798776e-01,  5.68747371e-02,
           6.16145253e-01,  1.49401307e+00, -7.52459466e-01, -4.37476009e-01,
          -1.02284908e+00,  1.50595486e+00, -9.29078758e-01,  1.85940340e-02,
          -3.59766871e-01,  1.03707445e+00, -8.88252974e-01, -2.46284890e+00,
           1.42154777e+00,  8.13027680e-01,  3.76051426e+00,  7.37392306e-01,
           1.55185953e-01,  5.02916455e-01, -1.15897879e-01, -8.90459776e-01,
          -1.70971704e+00,  2.92183489e-01,  5.12672722e-01, -7.60429874e-02,
          -7.73504019e-01, -2.25478664e-01,  7.24121928e-04, -1.27333450e+00,
           1.15356326e+00,  5.90660751e-01,  2.87133992e-01,  9.84306753e-01,
          -7.74362504e-01,  6.96178913e-01,  1.91948283e+00, -5.62945008e-01,
           6.94014430e-01,  2.14783430e+00, -5.88871717e-01,  5.90095520e-01,
          -6.54266715e-01,  4.74322923e-02,  2.72793388e+00, -1.47789896e-01,
           3.69611889e-01,  1.36464798e+00, -1.32270312e+00,  3.39014791e-02,
          -1.69179821e+00,  1.85002297e-01, -1.85197020e+00,  1.75622068e-02,
           6.29687548e-01, -4.71948147e-01, -8.53241920e-01, -4.10102338e-01,
          -5.01622446e-02, -1.61260939e+00,  1.90204585e+00, -2.81315476e-01,
           2.05284625e-01,  1.93855390e-02, -1.00931728e+00, -2.67399454e+00,
          -3.28552499e-02, -5.40310800e-01,  1.44401646e+00, -5.32963157e-01,
           1.43070054e+00,  1.22412729e+00, -1.72172320e+00,  6.10389531e-01,
          -7.87265122e-01, -6.06555164e-01,  3.31571698e-01, -1.40438867e+00,
           5.56682169e-01,  7.89770663e-01, -6.50486469e-01, -1.50385261e-01,
          -3.36171985e-02,  5.25245190e-01,  7.16431618e-01,  1.21916974e+00,
           7.05616593e-01, -1.41402936e+00, -4.45014238e-01, -5.32978237e-01,
           1.17589450e+00,  9.82130170e-01,  1.61821818e+00, -1.38548752e-02,
          -1.04697108e+00, -1.34078443e-01, -1.39881110e+00,  2.84791803e+00,
          -1.81848824e+00, -8.84497821e-01, -1.08196986e+00,  7.79137671e-01,
           9.02451158e-01,  5.17187119e-01, -1.20494676e+00,  1.22240639e+00,
          -7.31078759e-02, -2.64594340e+00,  5.23666680e-01, -1.15257657e+00,
           1.44076312e+00, -3.93643260e-01, -8.10459137e-01, -1.35970867e+00,
          -1.33701074e+00,  9.59596813e-01,  1.34722367e-01,  4.87607867e-02,
          -4.67097431e-01, -1.37753680e-01, -1.13667941e+00, -2.52337098e-01,
          -1.32340145e+00, -3.13358575e-01,  4.84129816e-01, -2.62656927e-01,
          -6.88594878e-01, -1.47976413e-01,  1.53796136e+00,  4.97295409e-01,
           1.39016271e+00, -6.27081454e-01,  2.23442984e+00, -1.92228448e+00,
           1.79498553e-01, -2.21543178e-01, -3.66892368e-01,  5.54634154e-01,
           1.69131351e+00, -9.67926860e-01,  1.28863931e+00, -7.17520416e-01,
          -1.13456166e+00, -2.53353745e-01,  2.50090182e-01, -2.41167140e+00,
          -5.97581714e-02,  2.64953947e+00, -7.26662397e-01, -1.46728799e-01,
          -4.36107188e-01,  2.09892845e+00,  7.90604115e-01, -1.21483004e+00,
           2.62588882e+00,  9.70327139e-01,  1.09969842e+00, -7.23852366e-02,
          -1.35244989e+00, -1.46142140e-01,  1.37261355e+00,  1.92375696e+00,
          -8.07338715e-01, -1.93238229e-01, -7.35387802e-01, -3.85330051e-01,
          -1.01373518e+00, -2.48757410e+00, -5.40864646e-01, -1.20621002e+00,
           1.62054384e+00, -4.07442927e-01,  4.81482416e-01, -6.83218360e-01,
           1.53432071e-01,  6.41534925e-01, -1.53720140e-01,  6.27035975e-01,
          -5.14002383e-01, -1.59344518e+00, -2.12089157e+00, -2.85536557e-01,
           8.40192735e-01,  2.02356398e-01, -1.02941179e+00,  1.72442997e+00,
           4.92467463e-01, -1.02993637e-01, -4.95982945e-01,  2.45068312e+00,
           1.34073675e-01,  8.06953192e-01, -2.95558065e-01, -7.86277533e-01,
           1.51027405e+00, -6.65971875e-01,  2.83974290e-01,  7.88523257e-01,
           2.02463984e+00, -9.14927125e-01,  9.30019319e-01, -1.39885271e+00,
           1.75443816e+00,  1.94234729e+00,  6.85590744e-01, -7.55986810e-01,
          -4.62562472e-01, -3.91847789e-02,  5.07392704e-01,  2.43531808e-01,
          -6.96426630e-01, -4.41356629e-01, -8.34420502e-01,  2.42503196e-01,
           6.82355464e-01, -8.27706277e-01,  2.44059300e+00,  2.69377971e+00,
           1.23586142e+00, -4.11708862e-01,  1.34063900e+00,  2.70546484e+00,
          -1.22387445e+00,  6.38574064e-02,  1.42098355e+00, -7.90763140e-01,
          -1.06741972e-01,  1.18733525e+00, -4.14949685e-01,  6.16797805e-01,
           8.62171888e-01,  4.06414419e-01, -2.08402061e+00, -7.04066604e-02,
           3.19970965e-01, -5.90741158e-01,  1.87883079e-01,  1.69290274e-01,
          -2.28752422e+00, -3.09336782e-02, -3.78078997e-01, -9.83951449e-01,
           2.41693759e+00, -2.29300022e+00, -7.89156020e-01,  1.36192155e+00,
           1.17676461e+00, -1.43517470e+00,  7.47201800e-01,  2.20708346e+00,
          -1.45651245e+00, -1.30143493e-01, -1.44220352e+00, -3.60251904e-01,
          -8.75332892e-01,  1.36706805e+00, -1.07814717e+00,  7.88290083e-01,
          -3.12948823e-02, -1.91122913e+00,  1.14924383e+00, -1.79336536e+00,
           1.44468796e+00, -5.36854267e-01, -4.50890400e-02, -1.13072872e+00,
          -4.02897269e-01,  7.38476694e-01, -3.14122140e-01, -4.70988989e-01,
          -7.88833857e-01,  2.96748012e-01,  7.67339289e-01, -1.23957741e+00,
          -7.98117578e-01,  1.93661439e+00, -6.55815899e-01, -1.01731980e+00,
           1.06209397e+00,  9.79543805e-01, -1.51639968e-01,  8.71413350e-01,
           4.73515630e-01, -7.39023611e-02, -7.33232319e-01, -1.62154090e+00,
           3.31924736e-01, -1.44242918e+00, -2.37924290e+00, -1.32986963e+00,
           4.97299850e-01,  2.74627113e+00,  1.79883793e-01,  1.15571225e+00,
           2.39783621e+00, -1.25748813e+00, -5.39048553e-01,  2.81825185e-01,
           1.50144458e+00,  1.45639873e+00,  3.37061405e-01, -3.23175550e-01,
           5.79114437e-01, -1.83692956e+00, -1.55738592e+00, -2.42242008e-01,
           2.14149401e-01,  7.35419273e-01,  7.06946492e-01,  1.61899459e+00,
           1.15835750e+00,  4.49604481e-01,  6.45780027e-01, -8.57015789e-01,
          -5.43258309e-01, -1.52979326e+00,  1.11570358e+00,  2.98531055e-01,
           5.10287821e-01, -1.64833993e-01,  1.19913065e+00, -7.78499603e-01,
           3.14620495e-01,  6.13524556e-01,  2.49896929e-01,  5.43759987e-02,
           6.79602802e-01, -5.11736870e-02, -1.47467816e+00,  1.58661175e+00,
          -4.88688111e-01,  2.28575492e+00, -1.99800539e+00, -1.64473510e+00,
           3.96034539e-01,  5.92322767e-01, -3.01304817e-01, -1.87030423e+00,
          -5.39301157e-01,  1.13135827e+00, -4.09944415e-01, -1.34783590e+00,
           2.01202917e+00,  6.59639060e-01,  1.93027449e+00,  1.24934278e-01,
           1.56747133e-01,  1.24628115e+00, -2.33201891e-01,  1.21722303e-01,
           1.40061510e+00,  1.75914001e+00,  2.03828700e-02, -1.10708380e+00,
          -7.88439393e-01, -1.00090468e+00,  8.58463943e-01, -3.55320573e-02,
           1.29590809e+00,  1.18234277e+00, -1.07884538e+00,  1.21398163e+00,
           1.36178577e+00,  1.06639117e-01, -4.43974435e-01,  1.79035687e+00,
          -9.60868001e-01,  2.48715520e+00, -6.35489225e-01,  8.18928361e-01,
           1.56623507e+00,  1.29700327e+00, -6.23626888e-01, -8.90671372e-01,
           4.74462211e-01,  1.13375628e+00, -2.38515481e-01, -6.10975564e-01,
           8.04129720e-01, -4.53028291e-01,  1.14699292e+00,  1.76624298e+00,
           2.59182477e+00, -1.94414163e+00, -2.22962618e-01, -1.01425529e+00,
          -1.56925905e+00,  1.93620408e+00, -8.21748376e-01,  7.37109244e-01,
           2.93166727e-01,  9.15795937e-03,  2.43130493e+00,  1.27980351e+00,
           1.13003254e-01, -1.05419743e+00,  1.44239712e+00,  1.35766912e+00,
          -1.22078001e+00, -4.55398597e-02,  3.54083508e-01,  2.12011561e-02,
           1.26697624e+00,  2.84861088e-01, -7.26288140e-01, -1.11593604e+00,
          -1.87212503e+00,  5.03614485e-01, -1.98680520e-01,  4.30597097e-01,
           1.60182583e+00,  1.85241830e+00,  1.25629830e+00,  1.40322077e+00,
          -3.21109258e-02, -1.35144800e-01,  8.85653257e-01, -8.60701501e-02,
          -2.28877401e+00, -4.71559972e-01, -1.47694421e+00, -7.69608736e-01,
          -8.62782598e-01, -1.54900885e+00,  7.64596939e-01, -3.58924866e-01,
           1.07607603e+00, -1.56133962e+00, -9.15852785e-01,  5.35160184e-01,
          -1.07461429e+00,  7.65375078e-01, -2.40676463e-01, -1.96343160e+00,
           1.84689373e-01, -2.47223690e-01,  4.79709893e-01, -2.01155525e-03,
           1.12654054e+00, -1.44605792e+00,  3.31868172e-01,  2.39170790e-01,
           2.15713120e+00,  2.38111496e+00,  1.87876940e+00, -1.09286225e+00,
          -2.56512672e-01,  1.77787974e-01, -4.97927070e-01,  1.83929229e+00,
           1.63399053e+00, -1.06835616e+00,  8.51300597e-01,  1.65482771e+00,
          -2.33565998e+00, -8.81527007e-01, -1.32326090e+00,  4.77169901e-01,
          -1.06894505e+00,  1.10379660e+00,  4.33118016e-01, -6.76471949e-01,
          -1.43394482e+00, -2.63093591e+00, -1.34036469e+00, -5.57572842e-01,
           1.92024946e+00, -1.28346217e+00, -2.45043442e-01,  6.01386786e-01,
           1.99969673e+00, -8.43900919e-01, -2.11654854e+00,  5.80446184e-01,
           9.37389493e-01, -5.13230145e-01, -8.66187096e-01,  4.66862023e-01,
           1.01621830e+00,  6.81564987e-01,  2.43351653e-01,  1.20776045e+00,
          -1.04653609e+00,  1.41306341e+00, -1.10676050e+00, -6.89522386e-01,
          -4.60345328e-01,  3.97411406e-01, -5.46910226e-01, -2.18864977e-01,
           3.06718540e+00,  3.88788342e-01,  1.64625537e+00,  3.16667676e-01,
           1.39361060e+00,  6.09917104e-01,  1.28122652e+00,  1.23759437e+00,
           3.59203994e-01,  1.48398131e-01,  1.03702700e+00, -6.60170138e-01,
           3.33670568e+00,  3.80580592e+00, -8.02928090e-01,  4.79505539e-01,
           9.16934609e-01, -3.52253705e-01,  1.36919832e+00,  7.13095844e-01,
          -1.85911226e+00, -2.09060937e-01,  4.55894291e-01, -1.36528480e+00,
           1.02292681e+00, -1.20158803e+00, -4.81800854e-01, -7.63117298e-02,
           1.87994838e-01,  1.86093831e+00,  1.32149589e+00, -4.87904280e-01,
          -2.14754581e+00,  1.45637178e+00, -9.47935045e-01, -1.10531604e+00,
          -1.71754670e+00, -4.83997792e-01, -6.38020694e-01, -1.04263866e+00,
          -1.14998174e+00, -2.09619498e+00, -1.54892313e+00, -1.24849463e+00,
          -2.01826572e+00, -2.29808474e+00, -2.11832809e+00, -1.19837570e+00,
          -3.87240648e-01, -1.40073621e+00, -3.00462723e-01, -4.48366702e-01,
          -2.57919264e+00, -8.57283235e-01, -1.98511231e+00, -8.27396989e-01,
           1.44101667e+00,  2.40409449e-01,  9.54053581e-01,  9.46140110e-01,
          -1.05872548e+00, -4.57204580e-01,  1.52583286e-01, -2.12218571e+00,
          -1.84231734e+00, -8.90198499e-02,  1.78475473e-02, -1.25626576e+00,
          -2.67093688e-01, -3.29468071e-01, -1.84686673e+00, -1.74901962e+00,
          -1.46007919e+00, -1.80248117e+00,  1.84721947e+00,  3.89465988e-01,
           1.26070988e+00,  3.20651919e-01, -1.75117159e+00,  1.70426023e+00,
          -5.79559565e-01, -2.17678308e+00,  8.21563363e-01,  2.19014359e+00,
          -3.43192309e-01,  1.37275147e+00,  1.42317533e+00, -1.71268499e+00,
           1.42110154e-01, -1.83162034e-01, -9.51266408e-01, -7.24937439e-01,
           2.85113394e-01,  1.54821292e-01, -1.40407395e+00, -4.75824416e-01,
          -7.14742839e-01, -5.48576564e-02, -1.11354768e+00, -1.97899759e+00,
          -1.84165680e+00, -3.18141580e+00, -2.08806300e+00, -1.46094632e+00,
          -2.30881643e+00, -2.20568514e+00, -2.76133195e-02,  1.27290606e+00]]],
       device='cuda:0')
PGD attack margin (first 2 examples and 10 specs):
 tensor([[[1.40779722]]], device='cuda:0')
number of violation:  0
Attack finished in 9.6680 seconds.
PGD attack failed
verified_status unknown
verified_success False
Total VNNLIB file length: 1, max property batch size: 1, total number of batches: 1

Properties batch 0, size 1
Remaining timeout: 1152.3089377880096
Verifying property 0 with 1 instances.
torch allclose failed: norm 8.889588571037166e-06
Model: BoundedModule(
  (/input-1): BoundInput(name=/input-1, inputs=[], perturbed=True)
  (/33): BoundParams(name=/33, inputs=[], perturbed=False)
  (/34): BoundParams(name=/34, inputs=[], perturbed=False)
  (/35): BoundParams(name=/35, inputs=[], perturbed=False)
  (/36): BoundParams(name=/36, inputs=[], perturbed=False)
  (/37): BoundParams(name=/37, inputs=[], perturbed=False)
  (/38): BoundParams(name=/38, inputs=[], perturbed=False)
  (/39): BoundParams(name=/39, inputs=[], perturbed=False)
  (/40): BoundParams(name=/40, inputs=[], perturbed=False)
  (/41): BoundParams(name=/41, inputs=[], perturbed=False)
  (/42): BoundParams(name=/42, inputs=[], perturbed=False)
  (/43): BoundParams(name=/43, inputs=[], perturbed=False)
  (/44): BoundParams(name=/44, inputs=[], perturbed=False)
  (/45): BoundParams(name=/45, inputs=[], perturbed=False)
  (/46): BoundParams(name=/46, inputs=[], perturbed=False)
  (/47): BoundParams(name=/47, inputs=[], perturbed=False)
  (/48): BoundParams(name=/48, inputs=[], perturbed=False)
  (/49): BoundParams(name=/49, inputs=[], perturbed=False)
  (/50): BoundParams(name=/50, inputs=[], perturbed=False)
  (/51): BoundParams(name=/51, inputs=[], perturbed=False)
  (/52): BoundParams(name=/52, inputs=[], perturbed=False)
  (/53): BoundParams(name=/53, inputs=[], perturbed=False)
  (/54): BoundParams(name=/54, inputs=[], perturbed=False)
  (/55): BoundParams(name=/55, inputs=[], perturbed=False)
  (/56): BoundParams(name=/56, inputs=[], perturbed=False)
  (/57): BoundParams(name=/57, inputs=[], perturbed=False)
  (/58): BoundParams(name=/58, inputs=[], perturbed=False)
  (/59): BoundParams(name=/59, inputs=[], perturbed=False)
  (/60): BoundParams(name=/60, inputs=[], perturbed=False)
  (/61): BoundParams(name=/61, inputs=[], perturbed=False)
  (/62): BoundParams(name=/62, inputs=[], perturbed=False)
  (/63): BoundParams(name=/63, inputs=[], perturbed=False)
  (/64): BoundParams(name=/64, inputs=[], perturbed=False)
  (/input): BoundConv(name=/input, inputs=[/input-1, /33, /34], perturbed=True)
  (/66): BoundRelu(name=/66, inputs=[/input], perturbed=True)
  (/input-4): BoundConv(name=/input-4, inputs=[/66, /35, /36], perturbed=True)
  (/68): BoundRelu(name=/68, inputs=[/input-4], perturbed=True)
  (/input-12): BoundConv(name=/input-12, inputs=[/input-8/add_3_4, /37, /38], perturbed=True)
  (/71): BoundRelu(name=/71, inputs=[/input-12], perturbed=True)
  (/input-16): BoundConv(name=/input-16, inputs=[/71, /39, /40], perturbed=True)
  (/73): BoundRelu(name=/73, inputs=[/input-16], perturbed=True)
  (/input-24): BoundConv(name=/input-24, inputs=[/input-20/add_3_4, /41, /42], perturbed=True)
  (/76): BoundRelu(name=/76, inputs=[/input-24], perturbed=True)
  (/input-28): BoundConv(name=/input-28, inputs=[/76, /43, /44], perturbed=True)
  (/78): BoundRelu(name=/78, inputs=[/input-28], perturbed=True)
  (/input-32): BoundConv(name=/input-32, inputs=[/78, /45, /46], perturbed=True)
  (/80): BoundRelu(name=/80, inputs=[/input-32], perturbed=True)
  (/input-40): BoundConv(name=/input-40, inputs=[/input-36/add_3_4, /47, /48], perturbed=True)
  (/83): BoundRelu(name=/83, inputs=[/input-40], perturbed=True)
  (/input-44): BoundConv(name=/input-44, inputs=[/83, /49, /50], perturbed=True)
  (/85): BoundRelu(name=/85, inputs=[/input-44], perturbed=True)
  (/input-48): BoundConv(name=/input-48, inputs=[/85, /51, /52], perturbed=True)
  (/87): BoundRelu(name=/87, inputs=[/input-48], perturbed=True)
  (/input-56): BoundConv(name=/input-56, inputs=[/input-52/add_3_4, /53, /54], perturbed=True)
  (/90): BoundRelu(name=/90, inputs=[/input-56], perturbed=True)
  (/input-60): BoundConv(name=/input-60, inputs=[/90, /55, /56], perturbed=True)
  (/92): BoundRelu(name=/92, inputs=[/input-60], perturbed=True)
  (/input-64): BoundConv(name=/input-64, inputs=[/92, /57, /58], perturbed=True)
  (/94): BoundRelu(name=/94, inputs=[/input-64], perturbed=True)
  (/96): BoundFlatten(name=/96, inputs=[/95/add_3_4], perturbed=True)
  (/input-68): BoundLinear(name=/input-68, inputs=[/96, /59, /60], perturbed=True)
  (/98): BoundRelu(name=/98, inputs=[/input-68], perturbed=True)
  (/99): BoundFlatten(name=/99, inputs=[/98], perturbed=True)
  (/input-72): BoundLinear(name=/input-72, inputs=[/99, /61, /62], perturbed=True)
  (/101): BoundRelu(name=/101, inputs=[/input-72], perturbed=True)
  (/102): BoundFlatten(name=/102, inputs=[/101], perturbed=True)
  (/103): BoundLinear(name=/103, inputs=[/102, /63, /64], perturbed=True)
  (/input-8/conv_1): BoundConv(name=/input-8/conv_1, inputs=[/68, /input-8/conv_1_w], perturbed=True)
  (/input-8/conv_1_relu): BoundRelu(name=/input-8/conv_1_relu, inputs=[/input-8/conv_1], perturbed=True)
  (/input-8/conv_1_w): BoundParams(name=/input-8/conv_1_w, inputs=[], perturbed=False)
  (/input-8/conv_2): BoundConv(name=/input-8/conv_2, inputs=[/68, /input-8/conv_2_w], perturbed=True)
  (/input-8/conv_2_w): BoundParams(name=/input-8/conv_2_w, inputs=[], perturbed=False)
  (/input-8/conv_3): BoundConv(name=/input-8/conv_3, inputs=[/input-8/add_1_2, /input-8/conv_3_w], perturbed=True)
  (/input-8/conv_3_relu): BoundRelu(name=/input-8/conv_3_relu, inputs=[/input-8/conv_3], perturbed=True)
  (/input-8/conv_3_w): BoundParams(name=/input-8/conv_3_w, inputs=[], perturbed=False)
  (/input-8/conv_4): BoundConv(name=/input-8/conv_4, inputs=[/input-8/add_1_2, /input-8/conv_4_w], perturbed=True)
  (/input-8/conv_4_w): BoundParams(name=/input-8/conv_4_w, inputs=[], perturbed=False)
  (/input-8/add_1_2): BoundAdd(name=/input-8/add_1_2, inputs=[/input-8/conv_1_relu, /input-8/conv_2], perturbed=True)
  (/input-8/add_3_4): BoundAdd(name=/input-8/add_3_4, inputs=[/input-8/conv_3_relu, /input-8/conv_4], perturbed=True)
  (/input-20/conv_1): BoundConv(name=/input-20/conv_1, inputs=[/73, /input-20/conv_1_w], perturbed=True)
  (/input-20/conv_1_relu): BoundRelu(name=/input-20/conv_1_relu, inputs=[/input-20/conv_1], perturbed=True)
  (/input-20/conv_1_w): BoundParams(name=/input-20/conv_1_w, inputs=[], perturbed=False)
  (/input-20/conv_2): BoundConv(name=/input-20/conv_2, inputs=[/73, /input-20/conv_2_w], perturbed=True)
  (/input-20/conv_2_w): BoundParams(name=/input-20/conv_2_w, inputs=[], perturbed=False)
  (/input-20/conv_3): BoundConv(name=/input-20/conv_3, inputs=[/input-20/add_1_2, /input-20/conv_3_w], perturbed=True)
  (/input-20/conv_3_relu): BoundRelu(name=/input-20/conv_3_relu, inputs=[/input-20/conv_3], perturbed=True)
  (/input-20/conv_3_w): BoundParams(name=/input-20/conv_3_w, inputs=[], perturbed=False)
  (/input-20/conv_4): BoundConv(name=/input-20/conv_4, inputs=[/input-20/add_1_2, /input-20/conv_4_w], perturbed=True)
  (/input-20/conv_4_w): BoundParams(name=/input-20/conv_4_w, inputs=[], perturbed=False)
  (/input-20/add_1_2): BoundAdd(name=/input-20/add_1_2, inputs=[/input-20/conv_1_relu, /input-20/conv_2], perturbed=True)
  (/input-20/add_3_4): BoundAdd(name=/input-20/add_3_4, inputs=[/input-20/conv_3_relu, /input-20/conv_4], perturbed=True)
  (/input-36/conv_1): BoundConv(name=/input-36/conv_1, inputs=[/80, /input-36/conv_1_w], perturbed=True)
  (/input-36/conv_1_relu): BoundRelu(name=/input-36/conv_1_relu, inputs=[/input-36/conv_1], perturbed=True)
  (/input-36/conv_1_w): BoundParams(name=/input-36/conv_1_w, inputs=[], perturbed=False)
  (/input-36/conv_2): BoundConv(name=/input-36/conv_2, inputs=[/80, /input-36/conv_2_w], perturbed=True)
  (/input-36/conv_2_w): BoundParams(name=/input-36/conv_2_w, inputs=[], perturbed=False)
  (/input-36/conv_3): BoundConv(name=/input-36/conv_3, inputs=[/input-36/add_1_2, /input-36/conv_3_w], perturbed=True)
  (/input-36/conv_3_relu): BoundRelu(name=/input-36/conv_3_relu, inputs=[/input-36/conv_3], perturbed=True)
  (/input-36/conv_3_w): BoundParams(name=/input-36/conv_3_w, inputs=[], perturbed=False)
  (/input-36/conv_4): BoundConv(name=/input-36/conv_4, inputs=[/input-36/add_1_2, /input-36/conv_4_w], perturbed=True)
  (/input-36/conv_4_w): BoundParams(name=/input-36/conv_4_w, inputs=[], perturbed=False)
  (/input-36/add_1_2): BoundAdd(name=/input-36/add_1_2, inputs=[/input-36/conv_1_relu, /input-36/conv_2], perturbed=True)
  (/input-36/add_3_4): BoundAdd(name=/input-36/add_3_4, inputs=[/input-36/conv_3_relu, /input-36/conv_4], perturbed=True)
  (/input-52/conv_1): BoundConv(name=/input-52/conv_1, inputs=[/87, /input-52/conv_1_w], perturbed=True)
  (/input-52/conv_1_relu): BoundRelu(name=/input-52/conv_1_relu, inputs=[/input-52/conv_1], perturbed=True)
  (/input-52/conv_1_w): BoundParams(name=/input-52/conv_1_w, inputs=[], perturbed=False)
  (/input-52/conv_2): BoundConv(name=/input-52/conv_2, inputs=[/87, /input-52/conv_2_w], perturbed=True)
  (/input-52/conv_2_w): BoundParams(name=/input-52/conv_2_w, inputs=[], perturbed=False)
  (/input-52/conv_3): BoundConv(name=/input-52/conv_3, inputs=[/input-52/add_1_2, /input-52/conv_3_w], perturbed=True)
  (/input-52/conv_3_relu): BoundRelu(name=/input-52/conv_3_relu, inputs=[/input-52/conv_3], perturbed=True)
  (/input-52/conv_3_w): BoundParams(name=/input-52/conv_3_w, inputs=[], perturbed=False)
  (/input-52/conv_4): BoundConv(name=/input-52/conv_4, inputs=[/input-52/add_1_2, /input-52/conv_4_w], perturbed=True)
  (/input-52/conv_4_w): BoundParams(name=/input-52/conv_4_w, inputs=[], perturbed=False)
  (/input-52/add_1_2): BoundAdd(name=/input-52/add_1_2, inputs=[/input-52/conv_1_relu, /input-52/conv_2], perturbed=True)
  (/input-52/add_3_4): BoundAdd(name=/input-52/add_3_4, inputs=[/input-52/conv_3_relu, /input-52/conv_4], perturbed=True)
  (/95/conv_1): BoundConv(name=/95/conv_1, inputs=[/94, /95/conv_1_w], perturbed=True)
  (/95/conv_1_relu): BoundRelu(name=/95/conv_1_relu, inputs=[/95/conv_1], perturbed=True)
  (/95/conv_1_w): BoundParams(name=/95/conv_1_w, inputs=[], perturbed=False)
  (/95/conv_2): BoundConv(name=/95/conv_2, inputs=[/94, /95/conv_2_w], perturbed=True)
  (/95/conv_2_w): BoundParams(name=/95/conv_2_w, inputs=[], perturbed=False)
  (/95/conv_3): BoundConv(name=/95/conv_3, inputs=[/95/add_1_2, /95/conv_3_w], perturbed=True)
  (/95/conv_3_relu): BoundRelu(name=/95/conv_3_relu, inputs=[/95/conv_3], perturbed=True)
  (/95/conv_3_w): BoundParams(name=/95/conv_3_w, inputs=[], perturbed=False)
  (/95/conv_4): BoundConv(name=/95/conv_4, inputs=[/95/add_1_2, /95/conv_4_w], perturbed=True)
  (/95/conv_4_w): BoundParams(name=/95/conv_4_w, inputs=[], perturbed=False)
  (/95/add_1_2): BoundAdd(name=/95/add_1_2, inputs=[/95/conv_1_relu, /95/conv_2], perturbed=True)
  (/95/add_3_4): BoundAdd(name=/95/add_3_4, inputs=[/95/conv_3_relu, /95/conv_4], perturbed=True)
)
Model prediction is: tensor([-2.71691561e-01,  2.03793740e+00, -9.70072746e-01, -5.85000277e-01,
        -2.06421301e-01, -5.76809049e-01, -5.65039460e-03, -1.22558415e+00,
        -1.26848030e+00,  1.27493382e-01,  1.41351700e-01,  8.17149520e-01,
         4.08282638e-01,  1.51990667e-01,  4.03116494e-01,  8.44769299e-01,
         5.46677649e-01, -9.45727110e-01,  6.53712213e-01,  7.12688193e-02,
         1.80641198e+00,  1.66410136e+00,  2.38018203e+00,  2.05439314e-01,
         6.41101897e-01, -1.34398565e-01,  1.24242127e+00,  2.44204909e-01,
        -1.97327793e-01,  7.28892148e-01, -2.58935153e-01,  3.36942047e-01,
        -5.40135801e-02, -5.73416770e-01, -4.78795081e-01,  2.27689832e-01,
         1.61834085e+00, -8.52666140e-01,  7.58290827e-01, -1.37760353e+00,
         4.21448648e-01, -8.03548574e-01, -7.86481678e-01, -4.59232509e-01,
         2.21420422e-01, -6.39674723e-01,  3.47663283e-01, -5.19695461e-01,
        -1.68205941e+00,  2.17870545e+00,  2.44220448e+00, -2.19068360e+00,
         4.33547586e-01,  1.52809262e+00, -1.73530787e-01, -1.19259882e+00,
         1.97462477e-02, -5.86910486e-01,  2.36577296e+00,  3.22524995e-01,
         2.12723911e-01, -1.72625273e-01, -5.34358203e-01,  9.48791027e-01,
         7.09735632e-01,  1.04443574e+00, -3.90974283e-01,  6.88267708e-01,
        -7.49899209e-01, -1.27576256e+00,  6.73918366e-01,  1.33880782e+00,
         9.31487322e-01,  2.23725343e+00,  1.18202651e+00,  1.76899624e+00,
         2.94475764e-01,  2.06927609e+00,  2.28429627e+00,  2.01509595e+00,
         1.91054213e+00, -4.78759587e-01, -2.31030911e-01,  4.30567384e-01,
        -9.07657206e-01,  4.01286542e-01, -5.26079416e-01,  2.68759847e-01,
         3.15391034e-01, -7.51681864e-01, -9.68099594e-01,  5.15038967e-01,
         1.66368449e+00,  6.02719307e-01,  5.12497067e-01, -6.22187614e-01,
         7.43650496e-01,  7.39416718e-01,  3.14960837e+00,  1.75812280e+00,
         2.55588675e+00, -2.58822851e-02, -1.19473875e+00,  3.05144477e+00,
        -8.94562304e-01, -2.69163251e+00, -1.46996522e+00, -1.53498304e+00,
        -1.50076199e+00, -2.52404833e+00, -4.01745200e-01,  3.02535582e+00,
        -2.97729909e-01,  8.42675924e-01,  7.34035969e-01, -2.14887190e+00,
        -1.13756752e+00, -2.73578107e-01, -1.21657085e+00, -1.29862475e+00,
        -7.29636252e-01, -1.64567840e+00, -1.52926815e+00, -2.74026489e+00,
        -3.78958672e-01, -1.05959928e+00,  7.41842389e-01,  1.57107615e+00,
         3.60645723e+00,  3.08487821e+00,  2.07440686e+00,  2.33846283e+00,
         3.12692404e+00,  2.39930177e+00,  2.40146494e+00,  2.16909337e+00,
         1.07599890e+00,  2.96258307e+00,  1.29708397e+00,  8.13174069e-01,
         1.00768304e+00,  3.38274980e+00,  2.99759388e+00,  1.77069676e+00,
         1.83749712e+00, -2.28328586e-01,  4.36978281e-01,  1.35509264e+00,
         1.33005178e+00, -3.12485099e-01, -8.60794723e-01, -2.89693981e-01,
        -1.11451566e+00, -2.27012515e-01, -4.94131774e-01, -9.05256212e-01,
        -7.75417864e-01, -6.02307975e-01, -8.05529535e-01, -2.79393345e-01,
        -4.82349873e-01, -3.88583802e-02,  2.66330063e-01, -2.58757204e-01,
        -1.49700984e-01, -4.21351433e-01, -2.77963609e-01, -6.79919124e-01,
         3.98184419e-01, -3.04034501e-01, -6.23657525e-01, -1.51673272e-01,
        -7.85850286e-02,  1.60929948e-01, -4.36148375e-01, -4.48523998e-01,
        -5.53957045e-01, -3.95076200e-02,  6.37542129e-01, -1.09597456e+00,
        -1.52464366e+00,  2.00904563e-01,  1.24998763e-01, -2.38062233e-01,
         9.25268114e-01,  7.22176731e-02, -1.95960045e-01,  5.75126410e-02,
        -7.44747400e-01, -7.68853724e-01, -4.36511189e-01,  4.58911121e-01,
        -9.01124716e-01, -1.01114655e+00, -8.09412181e-01,  8.02207112e-01,
        -4.25981969e-01, -6.03085935e-01, -1.30352080e+00, -1.15754902e-01,
        -2.73363829e-01, -1.07509232e+00, -3.31420422e-01,  1.48678660e-01,
        -5.06098211e-01,  7.76583999e-02,  1.14205759e-02,  3.45703848e-02,
        -2.62586772e-01,  4.34127629e-01, -3.06742638e-01,  5.78353286e-01,
         3.30597997e-01, -3.63822937e-01, -4.79357302e-01, -2.46519238e-01,
        -6.76659286e-01,  3.77891511e-01, -1.20568529e-01, -5.95978498e-01,
        -2.82560974e-01,  5.64376771e-01, -4.79484707e-01,  2.53769904e-01,
         6.27202511e-01, -3.57064277e-01, -9.67908323e-01, -5.39624393e-01,
        -1.12080717e+00, -1.32996574e-01, -1.13737237e+00, -3.72707814e-01,
         2.12727547e-01, -1.00900805e+00, -1.62560120e-02, -1.45427674e-01,
        -4.32266086e-01, -4.07848865e-01, -6.41348720e-01,  2.96368569e-01,
         2.91861519e-02,  1.27642781e-01,  2.84929276e-01, -1.00568688e+00,
        -1.13436377e+00,  1.27769858e-01, -1.05268550e+00, -5.69577217e-01,
        -1.62848085e-01,  3.51252645e-01, -3.69769543e-01, -4.85662937e-01,
        -3.57163012e-01,  1.03914276e-01,  2.30893850e-01, -1.55447376e+00,
        -4.21396106e-01, -5.59222162e-01, -1.54200345e-01,  6.87978119e-02,
        -3.44949603e-01, -1.13367128e+00, -5.04238904e-01, -2.89284825e-01,
         1.21603496e-01,  1.73782319e-01, -5.31998396e-01,  7.00329989e-02,
        -2.06551123e+00,  3.54443222e-01,  3.20865721e-01,  5.63442111e-02,
         1.34821844e+00,  1.66432106e+00,  2.34248906e-01,  8.98024499e-01,
         5.37065804e-01,  1.11608279e+00, -8.98303762e-02,  7.98477530e-01,
        -1.75618902e-02,  1.86661392e-01,  8.60702395e-01,  7.62059152e-01,
         1.01620710e+00,  1.43013358e-01, -1.10428202e+00, -4.36049193e-01,
        -1.97890982e-01, -1.45084763e+00, -5.57690084e-01, -2.98722714e-01,
        -1.71845511e-01,  9.07816291e-01, -7.95757100e-02, -2.06868097e-01,
         8.00075352e-01, -6.90513790e-01, -2.41468251e-01, -2.43787318e-01,
        -1.24833226e+00,  9.01903808e-01,  3.99140179e-01,  2.99336195e-01,
        -6.44931972e-01, -1.02730894e+00,  2.08880499e-01,  1.12832177e+00,
         7.97722518e-01, -6.43667936e-01,  1.52786362e+00,  9.37170744e-01,
         5.79656303e-01,  1.18824184e+00,  1.40441012e+00,  5.01863182e-01,
        -7.13980198e-02, -8.80377591e-02,  1.56107426e+00,  1.67237186e+00,
         9.87265348e-01, -1.83422410e+00, -1.59130454e+00, -1.32595849e+00,
        -1.99135244e+00, -1.88118625e+00, -1.34438944e+00, -1.88540995e-01,
        -1.90851402e+00, -2.07937407e+00, -4.68059927e-02,  1.64279580e+00,
         5.17742336e-01, -1.19649827e+00, -8.04094791e-01, -1.01443017e+00,
        -2.07204843e+00,  2.47783351e+00, -4.02416945e-01, -1.69946730e+00,
        -3.95802647e-01, -8.06606770e-01, -4.44324225e-01, -3.50490570e-01,
         4.72201586e-01, -5.89089572e-01,  5.03284931e-01,  2.28086516e-01,
        -1.93968558e+00, -8.02811980e-01, -1.53715587e+00,  4.78726596e-01,
         6.62539899e-01,  3.65940064e-01, -4.89680886e-01, -1.67428446e+00,
         7.37551570e-01,  8.72193396e-01, -2.78060827e-02, -2.02956423e-01,
         1.17692196e+00,  6.98427796e-01,  6.72559798e-01, -3.09534639e-01,
        -1.59372020e+00, -1.49356818e+00, -1.01065338e+00, -8.01606119e-01,
        -5.57030261e-01, -9.27406371e-01, -8.27959239e-01, -1.38348174e+00,
        -2.16180593e-01, -3.98217261e-01,  3.09510142e-01, -1.20488429e+00,
         5.64869165e-01, -3.38853985e-01, -5.53844690e-01, -1.37324417e+00,
        -3.89201581e-01, -4.11702842e-01, -5.03758550e-01, -6.08778417e-01,
        -4.18421000e-01,  4.60153699e-01,  3.43943805e-01, -1.59215140e+00,
        -1.63752794e+00,  5.61101139e-01,  3.56477015e-02,  3.08333158e-01,
        -1.20580626e+00, -1.88527632e+00, -9.36611742e-02,  1.94415033e+00,
        -2.16549850e+00, -1.51322794e+00, -6.26661897e-01,  1.83734089e-01,
        -1.23369443e+00, -7.49504089e-01,  7.34633207e-01,  3.74415610e-03,
         5.77541947e-01,  1.47741413e+00, -7.65487432e-01, -4.77868885e-01,
        -1.12078226e+00,  1.57983100e+00, -9.34143305e-01,  5.53563163e-02,
        -3.92565757e-01,  1.04201746e+00, -8.65095615e-01, -2.48546243e+00,
         1.38508773e+00,  7.91218221e-01,  3.81911421e+00,  8.21228206e-01,
         2.01370642e-01,  4.68136072e-01, -9.68885273e-02, -9.01973307e-01,
        -1.74856734e+00,  2.28591725e-01,  5.92731535e-01, -1.19478561e-01,
        -7.95396328e-01, -2.27376208e-01, -1.10900298e-01, -1.26955724e+00,
         1.17514884e+00,  5.62732875e-01,  3.36396426e-01,  1.03524125e+00,
        -8.16880763e-01,  6.78627849e-01,  1.93402755e+00, -5.80546379e-01,
         7.05565095e-01,  2.18275881e+00, -5.64179242e-01,  6.59696639e-01,
        -6.99790835e-01,  1.60548463e-03,  2.81674957e+00, -1.66415572e-01,
         3.04366142e-01,  1.21360159e+00, -1.35440254e+00,  1.04500890e-01,
        -1.64463353e+00,  1.66560993e-01, -1.88134706e+00,  4.21222411e-02,
         6.03432059e-01, -4.36280727e-01, -8.17722559e-01, -3.94179761e-01,
        -1.10316120e-01, -1.54481030e+00,  1.93486452e+00, -3.24301243e-01,
         2.43829504e-01,  3.54500785e-02, -1.04412305e+00, -2.70574307e+00,
        -7.64845833e-02, -4.73006904e-01,  1.53917432e+00, -5.48864901e-01,
         1.27777076e+00,  1.25818825e+00, -1.68876457e+00,  5.80401421e-01,
        -8.57109725e-01, -6.16617799e-01,  3.02130014e-01, -1.44350028e+00,
         6.17592692e-01,  8.00701141e-01, -6.37691915e-01, -1.94650501e-01,
        -8.91086608e-02,  5.79127014e-01,  6.99167848e-01,  1.26684010e+00,
         7.03833818e-01, -1.39619470e+00, -3.41695011e-01, -5.36653638e-01,
         1.17247486e+00,  9.95168507e-01,  1.64433289e+00, -2.79078335e-02,
        -9.73657012e-01, -1.33452132e-01, -1.42986703e+00,  2.89592361e+00,
        -1.80005252e+00, -8.76372874e-01, -1.12023246e+00,  7.87085950e-01,
         9.05298412e-01,  4.87248659e-01, -1.19767773e+00,  1.25403595e+00,
        -2.82246545e-02, -2.68491006e+00,  4.56608057e-01, -1.16609514e+00,
         1.47726178e+00, -3.89866501e-01, -7.95796454e-01, -1.37265575e+00,
        -1.35303497e+00,  9.75823343e-01,  6.37595579e-02,  3.51165049e-03,
        -4.52418685e-01, -1.03066459e-01, -1.16002333e+00, -2.92574346e-01,
        -1.29320288e+00, -3.88145506e-01,  4.89489764e-01, -2.14734554e-01,
        -6.53139651e-01, -1.92909986e-01,  1.56052482e+00,  5.27780652e-01,
         1.37731254e+00, -5.81031501e-01,  2.29263473e+00, -1.97223210e+00,
         7.27630854e-02, -2.76191741e-01, -3.93642128e-01,  6.07756972e-01,
         1.68143773e+00, -9.68114257e-01,  1.34326458e+00, -7.13514984e-01,
        -1.14054358e+00, -2.13453650e-01,  2.68551230e-01, -2.45724106e+00,
        -6.59981817e-02,  2.75429583e+00, -7.45833158e-01, -1.12659380e-01,
        -3.36103886e-01,  2.14648533e+00,  7.71169662e-01, -1.21433961e+00,
         2.74678802e+00,  9.74255085e-01,  1.14034641e+00, -7.42996633e-02,
        -1.39302492e+00, -2.10076675e-01,  1.36548054e+00,  1.95822179e+00,
        -8.05609465e-01, -2.62747198e-01, -7.47669220e-01, -3.23378593e-01,
        -1.01210201e+00, -2.52597523e+00, -5.41535199e-01, -1.25396276e+00,
         1.62287176e+00, -5.14914155e-01,  4.76586193e-01, -7.42506742e-01,
         8.16042200e-02,  6.89622521e-01, -1.56096607e-01,  5.79532504e-01,
        -5.23247361e-01, -1.62625682e+00, -2.16448140e+00, -2.58083999e-01,
         9.36099470e-01,  2.65697569e-01, -1.02191448e+00,  1.78178942e+00,
         5.04214048e-01, -8.26059952e-02, -4.34811652e-01,  2.56537056e+00,
         1.86203092e-01,  7.95798481e-01, -2.82054484e-01, -8.05157840e-01,
         1.56294417e+00, -5.96247792e-01,  3.02773356e-01,  8.97785008e-01,
         2.06098557e+00, -8.63486052e-01,  8.56763005e-01, -1.48635900e+00,
         1.75493491e+00,  1.94825685e+00,  6.80540442e-01, -7.50963926e-01,
        -4.19507444e-01, -1.05945230e-01,  5.42260826e-01,  2.78612316e-01,
        -7.80271053e-01, -4.26273257e-01, -8.12551618e-01,  1.99847370e-01,
         7.20562518e-01, -8.12336862e-01,  2.47060561e+00,  2.73513794e+00,
         1.31584179e+00, -4.47847813e-01,  1.34267032e+00,  2.77665949e+00,
        -1.25940788e+00, -2.73146555e-02,  1.50191832e+00, -7.86361039e-01,
        -1.81520522e-01,  1.24341595e+00, -4.26044106e-01,  6.84365034e-01,
         9.48061526e-01,  4.58240598e-01, -2.13635778e+00, -4.65470925e-03,
         3.91723633e-01, -6.26844108e-01,  1.43204510e-01,  1.19116187e-01,
        -2.23337841e+00,  3.41864228e-02, -4.38183129e-01, -9.88461733e-01,
         2.46624613e+00, -2.29750514e+00, -7.61982977e-01,  1.35948777e+00,
         1.21850014e+00, -1.44021583e+00,  8.42733860e-01,  2.24103427e+00,
        -1.48239398e+00, -1.44176975e-01, -1.47098911e+00, -3.22282881e-01,
        -9.12393808e-01,  1.41016185e+00, -1.04011130e+00,  8.05770755e-01,
        -1.22037813e-01, -1.94878471e+00,  1.22028971e+00, -1.76040530e+00,
         1.49597943e+00, -5.82380891e-01, -2.39450950e-02, -1.12831664e+00,
        -4.13443029e-01,  7.94584453e-01, -3.68687809e-01, -5.10686755e-01,
        -7.93249369e-01,  3.53335142e-01,  7.44913399e-01, -1.26673210e+00,
        -8.60463083e-01,  1.98422313e+00, -6.55466437e-01, -9.08402324e-01,
         1.09829354e+00,  1.04118180e+00, -1.06322415e-01,  9.33330595e-01,
         4.59033757e-01, -4.12734970e-02, -7.04422951e-01, -1.67955506e+00,
         4.29622144e-01, -1.38444996e+00, -2.46051812e+00, -1.30037630e+00,
         5.69462478e-01,  2.63824725e+00,  8.49328563e-02,  1.13821352e+00,
         2.41632986e+00, -1.19679785e+00, -5.96724153e-01,  3.09109062e-01,
         1.59032536e+00,  1.47699773e+00,  2.61314780e-01, -4.01915520e-01,
         5.54743588e-01, -1.88038445e+00, -1.56060183e+00, -2.32568324e-01,
         2.12096810e-01,  7.91693032e-01,  7.00294554e-01,  1.64561021e+00,
         1.19043732e+00,  4.63380039e-01,  6.95369303e-01, -8.40791285e-01,
        -5.82053721e-01, -1.59834898e+00,  1.02619731e+00,  2.74730474e-01,
         5.37208557e-01, -1.35284647e-01,  1.21071064e+00, -7.41982758e-01,
         2.09234759e-01,  6.26073897e-01,  2.50669897e-01,  1.85678378e-02,
         6.70992553e-01, -6.10771626e-02, -1.47994888e+00,  1.65314412e+00,
        -5.11842012e-01,  2.26126623e+00, -2.03009057e+00, -1.55969644e+00,
         4.17464107e-01,  6.08552575e-01, -2.73384303e-01, -1.89264393e+00,
        -5.05967319e-01,  1.20626342e+00, -4.23125327e-01, -1.39304805e+00,
         2.03849936e+00,  6.94909453e-01,  1.93090987e+00,  1.32919744e-01,
         2.29624659e-01,  1.27180994e+00, -1.76367491e-01,  1.80685464e-02,
         1.35692823e+00,  1.79320467e+00,  7.43665397e-02, -1.10146308e+00,
        -7.78448939e-01, -1.04574394e+00,  8.01735282e-01, -1.17767733e-02,
         1.39876628e+00,  1.26896703e+00, -1.12173080e+00,  1.24340641e+00,
         1.37529004e+00,  8.17717314e-02, -4.21312332e-01,  1.79813755e+00,
        -1.01832116e+00,  2.52886271e+00, -6.93913102e-01,  8.80237162e-01,
         1.66225207e+00,  1.28745604e+00, -6.47151291e-01, -8.70155215e-01,
         5.15391171e-01,  1.19634247e+00, -2.22654566e-01, -6.60826683e-01,
         7.24597812e-01, -4.70129430e-01,  1.21034980e+00,  1.84708631e+00,
         2.64899325e+00, -1.91793990e+00, -2.20440656e-01, -9.63067889e-01,
        -1.65921676e+00,  1.96669090e+00, -8.53090107e-01,  7.10045993e-01,
         3.34461272e-01,  4.68413569e-02,  2.52513885e+00,  1.26009738e+00,
         1.22522652e-01, -1.03034449e+00,  1.47870076e+00,  1.36381412e+00,
        -1.23789537e+00, -6.68477118e-02,  3.43139797e-01,  1.62099227e-02,
         1.27792633e+00,  2.14083016e-01, -7.02066123e-01, -1.07597542e+00,
        -1.89977932e+00,  5.25966942e-01, -1.60468996e-01,  4.51941341e-01,
         1.58724964e+00,  1.90064287e+00,  1.12312412e+00,  1.46202993e+00,
         2.79721133e-02, -2.35183358e-01,  9.63168025e-01, -9.72394645e-02,
        -2.26539779e+00, -5.34680426e-01, -1.45241785e+00, -7.53727734e-01,
        -7.69913912e-01, -1.54881132e+00,  8.04669738e-01, -3.16927224e-01,
         1.17056668e+00, -1.61191463e+00, -9.28340316e-01,  5.51196039e-01,
        -1.09407651e+00,  7.05056131e-01, -2.23154724e-01, -1.95613194e+00,
         1.49369285e-01, -2.64710486e-01,  4.90819514e-01, -4.20248993e-02,
         1.14371669e+00, -1.43717837e+00,  3.09635997e-01,  1.89496368e-01,
         2.24957728e+00,  2.43155146e+00,  1.89961684e+00, -1.09008682e+00,
        -2.41751522e-01,  1.48740590e-01, -5.18464446e-01,  1.86735284e+00,
         1.62961197e+00, -1.12753022e+00,  8.18016529e-01,  1.68177438e+00,
        -2.37348580e+00, -8.98947001e-01, -1.32245719e+00,  4.42090303e-01,
        -1.08731651e+00,  1.14071965e+00,  4.35736686e-01, -7.19961226e-01,
        -1.46591353e+00, -2.68622398e+00, -1.37748075e+00, -6.06928349e-01,
         1.93965435e+00, -1.28576350e+00, -2.94770777e-01,  5.26753843e-01,
         1.98155463e+00, -8.58790278e-01, -2.17312002e+00,  5.84822059e-01,
         9.67466593e-01, -5.04821122e-01, -8.83526087e-01,  4.33172494e-01,
         9.44696903e-01,  6.80046260e-01,  2.84168094e-01,  1.25049293e+00,
        -1.01244438e+00,  1.54973865e+00, -1.06723249e+00, -6.44968152e-01,
        -4.96081799e-01,  3.94501358e-01, -6.20999515e-01, -2.04054430e-01,
         3.14512682e+00,  4.42337215e-01,  1.72225785e+00,  2.80206531e-01,
         1.41854262e+00,  6.65040672e-01,  1.26343548e+00,  1.20406651e+00,
         3.14393103e-01,  1.90749481e-01,  1.09062135e+00, -6.01580858e-01,
         3.41719890e+00,  3.73800588e+00, -6.98888779e-01,  4.85505849e-01,
         9.60759640e-01, -2.72743851e-01,  1.39591658e+00,  7.87828207e-01,
        -1.90369070e+00, -2.42412627e-01,  4.08041984e-01, -1.45142794e+00,
         1.04834342e+00, -1.17231989e+00, -4.17682707e-01, -8.43365863e-02,
         2.13721439e-01,  1.91792440e+00,  1.36673450e+00, -4.69457716e-01,
        -2.13126564e+00,  1.55689931e+00, -8.93939078e-01, -1.11154556e+00,
        -1.69247699e+00, -4.54264253e-01, -6.11618161e-01, -1.07844901e+00,
        -1.13373244e+00, -2.10199428e+00, -1.54087806e+00, -1.18653560e+00,
        -1.94645655e+00, -2.24598527e+00, -2.05002546e+00, -1.14740443e+00,
        -3.32050443e-01, -1.33845878e+00, -2.26183012e-01, -3.87628645e-01,
        -2.58219314e+00, -8.03758562e-01, -1.97151172e+00, -8.69352281e-01,
         1.53279197e+00,  3.10125619e-01,  9.85161841e-01,  9.62801933e-01,
        -9.71882343e-01, -4.34755206e-01,  1.69871181e-01, -2.09385991e+00,
        -1.81763244e+00, -6.33307844e-02, -2.12431159e-02, -1.22804248e+00,
        -2.79338688e-01, -3.13319147e-01, -1.79511118e+00, -1.72079980e+00,
        -1.40560031e+00, -1.78028238e+00,  1.86534286e+00,  3.90753537e-01,
         1.24635136e+00,  3.81907493e-01, -1.72409236e+00,  1.77590799e+00,
        -5.91648161e-01, -2.11410952e+00,  8.89652669e-01,  2.10048103e+00,
        -3.55765939e-01,  1.34025896e+00,  1.39217186e+00, -1.70551562e+00,
         2.29857817e-01, -2.41942734e-01, -9.58123565e-01, -7.04381824e-01,
         2.89544106e-01,  1.29675403e-01, -1.40235043e+00, -4.38231766e-01,
        -6.91862226e-01, -1.26079042e-02, -1.09538400e+00, -1.95407581e+00,
        -1.82452655e+00, -3.16015458e+00, -2.07041550e+00, -1.46780109e+00,
        -2.28988647e+00, -2.22871447e+00,  4.70023602e-03,  1.29202604e+00],
       device='cuda:0')
Clean RHS: tensor([[1.62635624]], device='cuda:0')
Split layers:
Nonlinear functions:
   BoundRelu(name=/66, inputs=[/input], perturbed=True)
   BoundRelu(name=/68, inputs=[/input-4], perturbed=True)
   BoundRelu(name=/71, inputs=[/input-12], perturbed=True)
   BoundRelu(name=/73, inputs=[/input-16], perturbed=True)
   BoundRelu(name=/76, inputs=[/input-24], perturbed=True)
   BoundRelu(name=/78, inputs=[/input-28], perturbed=True)
   BoundRelu(name=/80, inputs=[/input-32], perturbed=True)
   BoundRelu(name=/83, inputs=[/input-40], perturbed=True)
   BoundRelu(name=/85, inputs=[/input-44], perturbed=True)
   BoundRelu(name=/87, inputs=[/input-48], perturbed=True)
   BoundRelu(name=/90, inputs=[/input-56], perturbed=True)
   BoundRelu(name=/92, inputs=[/input-60], perturbed=True)
   BoundRelu(name=/94, inputs=[/input-64], perturbed=True)
   BoundRelu(name=/98, inputs=[/input-68], perturbed=True)
   BoundRelu(name=/101, inputs=[/input-72], perturbed=True)
   BoundRelu(name=/input-8/conv_1_relu, inputs=[/input-8/conv_1], perturbed=True)
   BoundRelu(name=/input-8/conv_3_relu, inputs=[/input-8/conv_3], perturbed=True)
   BoundRelu(name=/input-20/conv_1_relu, inputs=[/input-20/conv_1], perturbed=True)
   BoundRelu(name=/input-20/conv_3_relu, inputs=[/input-20/conv_3], perturbed=True)
   BoundRelu(name=/input-36/conv_1_relu, inputs=[/input-36/conv_1], perturbed=True)
   BoundRelu(name=/input-36/conv_3_relu, inputs=[/input-36/conv_3], perturbed=True)
   BoundRelu(name=/input-52/conv_1_relu, inputs=[/input-52/conv_1], perturbed=True)
   BoundRelu(name=/input-52/conv_3_relu, inputs=[/input-52/conv_3], perturbed=True)
   BoundRelu(name=/95/conv_1_relu, inputs=[/95/conv_1], perturbed=True)
   BoundRelu(name=/95/conv_3_relu, inputs=[/95/conv_3], perturbed=True)
Batched CROWN: node BoundConv(name=/input-4, inputs=[/66, /35, /36], perturbed=True), unstable size 111465
Batched CROWN: node BoundConv(name=/input-8/conv_1, inputs=[/68, /input-8/conv_1_w], perturbed=True), unstable size 142992
Batched CROWN: node BoundConv(name=/input-8/conv_3, inputs=[/input-8/add_1_2, /input-8/conv_3_w], perturbed=True), unstable size 55808
Batched CROWN: node BoundConv(name=/input-12, inputs=[/input-8/add_3_4, /37, /38], perturbed=True), unstable size 912156
Batched CROWN: node BoundConv(name=/input-16, inputs=[/71, /39, /40], perturbed=True), unstable size 1592700
Batched CROWN: node BoundConv(name=/input-20/conv_1, inputs=[/73, /input-20/conv_1_w], perturbed=True), unstable size 50866
Batched CROWN: node BoundConv(name=/input-20/conv_3, inputs=[/input-20/add_1_2, /input-20/conv_3_w], perturbed=True), unstable size 21491
Batched CROWN: node BoundConv(name=/input-24, inputs=[/input-20/add_3_4, /41, /42], perturbed=True), unstable size 499979
Batched CROWN: node BoundConv(name=/input-28, inputs=[/76, /43, /44], perturbed=True), unstable size 800753
Batched CROWN: node BoundConv(name=/input-32, inputs=[/78, /45, /46], perturbed=True), unstable size 462866
Batched CROWN: node BoundConv(name=/input-36/conv_1, inputs=[/80, /input-36/conv_1_w], perturbed=True), unstable size 49184
Batched CROWN: node BoundConv(name=/input-36/conv_3, inputs=[/input-36/add_1_2, /input-36/conv_3_w], perturbed=True), unstable size 24407
Batched CROWN: node BoundConv(name=/input-40, inputs=[/input-36/add_3_4, /47, /48], perturbed=True), unstable size 391458
Batched CROWN: node BoundConv(name=/input-44, inputs=[/83, /49, /50], perturbed=True), unstable size 392725
Batched CROWN: node BoundConv(name=/input-48, inputs=[/85, /51, /52], perturbed=True), unstable size 398251
Batched CROWN: node BoundConv(name=/input-52/conv_1, inputs=[/87, /input-52/conv_1_w], perturbed=True), unstable size 173494
Batched CROWN: node BoundConv(name=/input-52/conv_3, inputs=[/input-52/add_1_2, /input-52/conv_3_w], perturbed=True), unstable size 89048
Batched CROWN: node BoundConv(name=/input-56, inputs=[/input-52/add_3_4, /53, /54], perturbed=True), unstable size 100352
Batched CROWN: node BoundConv(name=/input-60, inputs=[/90, /55, /56], perturbed=True), unstable size 100352
Batched CROWN: node BoundConv(name=/input-64, inputs=[/92, /57, /58], perturbed=True), unstable size 100352
Batched CROWN: node BoundConv(name=/95/conv_1, inputs=[/94, /95/conv_1_w], perturbed=True), unstable size 50176
Batched CROWN: node BoundConv(name=/95/conv_3, inputs=[/95/add_1_2, /95/conv_3_w], perturbed=True), unstable size 25088
Batched CROWN: node BoundLinear(name=/input-68, inputs=[/96, /59, /60], perturbed=True), unstable size 4096
Batched CROWN: node BoundLinear(name=/input-72, inputs=[/99, /61, /62], perturbed=True), unstable size 4096
initial crown bounds: tensor([[-1.13494374e+10]], device='cuda:0')
Number of class (without rhs): 1 ; Worst class: (+ rhs) -11349437440.0
Iteration 1
Adv attack time: 1.4933s
Batch size: 1
Current pickout batch: 1, total pickout batch: 1
Batched CROWN: node BoundConv(name=/input-4, inputs=[/66, /35, /36], perturbed=True), unstable size 111465
Batched CROWN: node BoundConv(name=/input-8/conv_1, inputs=[/68, /input-8/conv_1_w], perturbed=True), unstable size 142992
Batched CROWN: node BoundConv(name=/input-8/conv_3, inputs=[/input-8/add_1_2, /input-8/conv_3_w], perturbed=True), unstable size 55808
Batched CROWN: node BoundConv(name=/input-12, inputs=[/input-8/add_3_4, /37, /38], perturbed=True), unstable size 912156
Batched CROWN: node BoundConv(name=/input-16, inputs=[/71, /39, /40], perturbed=True), unstable size 1592699
Batched CROWN: node BoundConv(name=/input-20/conv_1, inputs=[/73, /input-20/conv_1_w], perturbed=True), unstable size 50867
Batched CROWN: node BoundConv(name=/input-20/conv_3, inputs=[/input-20/add_1_2, /input-20/conv_3_w], perturbed=True), unstable size 21491
Batched CROWN: node BoundConv(name=/input-24, inputs=[/input-20/add_3_4, /41, /42], perturbed=True), unstable size 499979
Batched CROWN: node BoundConv(name=/input-28, inputs=[/76, /43, /44], perturbed=True), unstable size 800753
Batched CROWN: node BoundConv(name=/input-32, inputs=[/78, /45, /46], perturbed=True), unstable size 462866
Batched CROWN: node BoundConv(name=/input-36/conv_1, inputs=[/80, /input-36/conv_1_w], perturbed=True), unstable size 49184
Batched CROWN: node BoundConv(name=/input-36/conv_3, inputs=[/input-36/add_1_2, /input-36/conv_3_w], perturbed=True), unstable size 24408
Batched CROWN: node BoundConv(name=/input-40, inputs=[/input-36/add_3_4, /47, /48], perturbed=True), unstable size 391458
Batched CROWN: node BoundConv(name=/input-44, inputs=[/83, /49, /50], perturbed=True), unstable size 392725
Batched CROWN: node BoundConv(name=/input-48, inputs=[/85, /51, /52], perturbed=True), unstable size 398251
Batched CROWN: node BoundConv(name=/input-52/conv_1, inputs=[/87, /input-52/conv_1_w], perturbed=True), unstable size 173494
Batched CROWN: node BoundConv(name=/input-52/conv_3, inputs=[/input-52/add_1_2, /input-52/conv_3_w], perturbed=True), unstable size 89048
Batched CROWN: node BoundConv(name=/input-56, inputs=[/input-52/add_3_4, /53, /54], perturbed=True), unstable size 100352
Batched CROWN: node BoundConv(name=/input-60, inputs=[/90, /55, /56], perturbed=True), unstable size 100352
Batched CROWN: node BoundConv(name=/input-64, inputs=[/92, /57, /58], perturbed=True), unstable size 100352
Batched CROWN: node BoundConv(name=/95/conv_1, inputs=[/94, /95/conv_1_w], perturbed=True), unstable size 50176
Batched CROWN: node BoundConv(name=/95/conv_3, inputs=[/95/add_1_2, /95/conv_3_w], perturbed=True), unstable size 25088
Batched CROWN: node BoundLinear(name=/input-68, inputs=[/96, /59, /60], perturbed=True), unstable size 4096
Batched CROWN: node BoundLinear(name=/input-72, inputs=[/99, /61, /62], perturbed=True), unstable size 4096
Worst bound: tensor([-1.13494436e+10], device='cuda:0')
Current (lb-rhs): -11349443584.0
Total time: 3472.6804  pickout: 0.0006  split: 0.0017  decision: 0.0003  bounding: 3472.6494  clipping: 0.0000  add_domain: 0.0172  rest: 0.0110
Length of domains: 2
3 branch and bound domains visited
Time out!
Result: timeout
Time: 5272.332133293152
[rank 0] === Checking instance ID 265 ===
[rank 0] >>> Running ID=265 onnx=onnx/vgg16-7.onnx
Configurations:

general:
  device: cuda
  seed: 100
  conv_mode: patches
  deterministic: false
  double_fp: false
  loss_reduction_func: max
  sparse_alpha: true
  sparse_interm: true
  save_adv_example: false
  verify_onnxruntime_output: false
  eval_adv_example: false
  show_adv_example: false
  precompile_jit: false
  prepare_only: false
  complete_verifier: bab
  enable_incomplete_verification: false
  csv_name: instances.csv
  results_file: results/vggnet16_all_p_2/result_265.rank0.txt
  root_path: ../../vnncomp2023_benchmarks/benchmarks/vggnet16
  deterministic_opt: false
  graph_optimizer: 'Customized("custom_graph_optimizer", "maxpool_to_relu")'
  buffer_has_batchdim: false
  save_output: false
  output_file: out.pkl
  return_optimized_model: false
  output_additional_stats: true
  instance_id: 265
  dataset_output_dir: dataset
  min_stable_neurons_ratio_threshold: 0.0
model:
  name: null
  path: null
  onnx_path: /projects/air/dlverifier/vggnet16_all/onnx/vgg16-7.onnx
  onnx_path_prefix: ''
  cache_onnx_conversion: true
  debug_onnx: false
  onnx_quirks: null
  input_shape: null
  onnx_loader: default_onnx_and_vnnlib_loader
  onnx_optimization_flags: []
  onnx_vnnlib_joint_optimization_flags: none
  check_optimized: false
  flatten_final_output: false
  optimize_graph: null
  with_jacobian: false
data:
  start: 0
  end: 10000
  select_instance: null
  num_outputs: 1000
  mean: 0.0
  std: 1.0
  pkl_path: null
  dataset: null
  data_filter_path: null
  data_idx_file: null
specification:
  type: lp
  robustness_type: verified-acc
  norm: .inf
  epsilon: null
  epsilon_min: 0.0
  vnnlib_path: /projects/air/dlverifier/vggnet16_all/vnnlib/n01739381_vine_snake_global_k50176_eps_0.0002.vnnlib
  vnnlib_path_prefix: ''
  rhs_offset: null
solver:
  batch_size: 1
  auto_enlarge_batch_size: false
  min_batch_size_ratio: 0.1
  use_float64_in_last_iteration: false
  early_stop_patience: 10
  start_save_best: 0.5
  bound_prop_method: forward+backward
  init_bound_prop_method: same
  prune_after_crown: false
  optimize_disjuncts_separately: false
  crown:
    batch_size: 16
    max_crown_size: 1000000000
    relu_option: adaptive
  alpha-crown:
    alpha: true
    lr_alpha: 0.1
    iteration: 100
    share_alphas: false
    lr_decay: 0.98
    full_conv_alpha: true
    max_coeff_mul: .inf
    matmul_share_alphas: false
    disable_optimization: []
    max_time: 1.0
  invprop:
    apply_output_constraints_to: []
    tighten_input_bounds: false
    best_of_oc_and_no_oc: false
    directly_optimize: []
    oc_lr: 0.1
    share_gammas: false
  beta-crown:
    lr_alpha: 0.01
    lr_beta: 0.05
    lr_decay: 0.98
    optimizer: adam
    iteration: 10
    beta: true
    beta_warmup: true
    enable_opt_interm_bounds: false
    all_node_split_LP: false
  forward:
    refine: false
    dynamic: true
    max_dim: 100
    reset_threshold: 1.0
  intermediate_refinement:
    enabled: false
    batch_size: 10
    opt_coeffs: false
    opt_bias: false
    lr: 0.05
    layers: [-1]
    max_domains: 1000
  multi_class:
    label_batch_size: 32
    skip_with_refined_bound: true
  mip:
    unstable_neuron_threshold: 0
    parallel_solvers: null
    solver_threads: 1
    refine_neuron_timeout: 15
    refine_neuron_time_percentage: 0.8
    early_stop: true
    adv_warmup: true
    mip_solver: gurobi
    skip_unsafe: false
    topk_filter: 1.0
    sliding_window: -1
    extra_constraint: false
    refine_neuron_timeout_increasement: 0
    timeout_neuron_percentage: 0.3
    remaining_timeout_threshold: 1
    remove_unstable_neurons: true
    lp_solver: false
bab:
  initial_max_domains: 1
  backing_up_max_domain: null
  max_domains: .inf
  decision_thresh: 0
  timeout: 1200.0
  timeout_scale: 1
  max_iterations: -1
  override_timeout: null
  get_upper_bound: false
  pruning_in_iteration: true
  pruning_in_iteration_ratio: 0.2
  sort_targets: false
  batched_domain_list: true
  optimized_interm: ''
  interm_transfer: true
  recompute_interm: false
  sort_domain_interval: -1
  vanilla_crown: false
  tree_traversal: depth_first
  cut:
    enabled: false
    cuts_path: /tmp/abcrown_cuts
    implication: false
    bab_cut: false
    lp_cut: false
    method: null
    lr: 0.01
    lr_decay: 1.0
    iteration: 100
    bab_iteration: -1
    early_stop_patience: -1
    lr_beta: 0.02
    number_cuts: 50
    topk_cuts_in_filter: 1000
    batch_size_primal: 100
    max_num: 1000000000
    patches_cut: false
    cplex_cuts: false
    cplex_cuts_wait: 0
    cplex_cuts_revpickup: true
    cut_reference_bounds: true
    fix_intermediate_bounds: false
    _tmp_cuts: null
    fixed_cuts: false
    add_implied_cuts: false
    add_input_cuts: false
    biccos:
      enabled: false
      constraint_strengthening: true
      recursively_strengthening: false
      drop_ratio: 0.5
      verified_bonus: 0.3
      max_infer_iter: 20
      heuristic: neuron_influence_score
      save_biccos_cuts: false
      multi_tree_branching:
        enabled: false
        restore_best_tree: false
        keep_n_best_domains: 1
        k_splits: 1
        iterations: 1
  branching:
    method: sb
    candidates: 3
    reduceop: min
    enable_intermediate_bound_opt: false
    branching_input_and_activation: false
    branching_input_and_activation_order: [input, relu]
    branching_input_iterations: 30
    branching_relu_iterations: 50
    gnn_path: ''
    neural_heuristic:
      model_path: ''
    rl:
      experiment: general
      eval: false
      extras: []
      logging:
        color: true
        debug: true
        file: rl-experiment.log
      pnet:
        gH: 64
        tH: 64
        nheads: 64
        nlayers: 64
        useDynamicGraph: true
        bidirectional: false
        GAT: true
      training:
        gamma: 0.99
        lr: 0.001
        batchSize: 8
        loop: 8
        totalEpochs: 10
        updatePolicyFrequency: 10
        updateTargetFrequency: 10
        buffer: buffer.pkl
        preparedBuffer: 'False'
        TestingPreparedBuffer: false
        scriptTraining: false
        policynet: policy-checkpoint.pt
        targetnet: target-checkpoint.pt
        datasetShuffle: true
        targetedData: all
        splitRatio: 0.8
        maxInstances: -1
        trainingMode: full
        reward:
          norm: null
          bonus: 10.0
          penalty: -1.0
      egreedy:
        epsilon: 0.1
        epsilonDecay: 0.1
        minEpsilon: 0.1
        ePath: epsilon.pt
        enabled: true
      expert:
        useExpertUntilEpisode: 0.1
        enabled: true
        learnToImitateExpertEpochs: 10
    nonlinear_split:
      method: shortcut
      branching_point_method: uniform
      num_branches: 2
      filter: false
      filter_beta: false
      filter_clamp: false
      filter_batch_size: 10000
      filter_iterations: 25
      relu_only: false
      loose_tanh_threshold: null
      dynamic_bbps: false
      dynamic_options: [uniform, three_left, three_right]
      branching_point_node: ''
      branching_point_db: []
    input_split:
      enable_clip_domains: false
      split_hint: null
      reorder_bab: false
      enable: true
      enhanced_bound_prop_method: alpha-crown
      enhanced_branching_method: naive
      enhanced_bound_patience: 100000000.0
      attack_patience: 100000000.0
      adv_check: 0
      split_partitions: 2
      sb_margin_weight: 1.0
      sb_sum: false
      sb_primary_spec: null
      bf_backup_thresh: -1
      bf_rhs_offset: 0
      bf_iters: 1000000000.0
      bf_batch_size: 100000
      bf_zero_crossing_score: false
      touch_zero_score: 0
      ibp_enhancement: false
      catch_assertion: false
      compare_with_old_bounds: false
      update_rhs_with_attack: false
      sb_coeff_thresh: 0.001
      sort_index: null
      sort_descending: true
      show_progress: false
      presplit_domains: null
      skip_getting_worst_domain: false
  attack:
    enabled: false
    beam_candidates: 8
    beam_depth: 7
    max_dive_fix_ratio: 0.8
    min_local_free_ratio: 0.2
    mip_start_iteration: 5
    mip_timeout: 30.0
    adv_pool_threshold: null
    refined_mip_attacker: false
    refined_batch_size: null
attack:
  pgd_order: input_bab
  pgd_steps: 100
  pgd_restarts: 30
  pgd_batch_size: 100000000
  pgd_early_stop: true
  pgd_lr_decay: 0.99
  pgd_alpha: auto
  pgd_alpha_scale: false
  pgd_loss_mode: null
  pgd_restart_when_stuck: false
  enable_mip_attack: false
  adv_saver: default_adv_saver
  adv_verifier: default_adv_verifier
  early_stop_condition: default_early_stop_condition
  adv_example_finalizer: default_adv_example_finalizer
  pgd_loss: default_pgd_loss
  cex_path: ./test_cex.txt
  attack_mode: PGD
  attack_tolerance: 0.0
  attack_func: attack_with_general_specs
  gama_lambda: 10.0
  gama_decay: 0.9
  check_clean: true
  input_split:
    pgd_steps: 100
    pgd_restarts: 30
    pgd_alpha: auto
  input_split_enhanced:
    pgd_steps: 200
    pgd_restarts: 500000
    pgd_alpha: auto
  input_split_check_adv:
    enabled: auto
    pgd_steps: 5
    pgd_restarts: 5
    pgd_alpha: auto
    max_num_domains: 10
debug:
  sanity_check: Full+Graph
  view_model: false
  lp_test: null
  rescale_vnnlib_ptb: null
  test_optimized_bounds: false
  test_optimized_bounds_after_n_iterations: 0
  print_verbose_decisions: false

Experiments at Thu Feb 19 01:06:42 2026 on d1029
Internal results will be saved to results/vggnet16_all_p_2/result_265.rank0.txt.

[ZRL] %%%%%%%%%%%%%%%%%%%%%%%%%%%%%%%%%%% idx: 0, vnnlib ID: 0 %%%%%%%%%%%%%%%%%%%%%%%%%%%%%%%%%%%
Using onnx /projects/air/dlverifier/vggnet16_all/onnx/vgg16-7.onnx
Using vnnlib /projects/air/dlverifier/vggnet16_all/vnnlib/n01739381_vine_snake_global_k50176_eps_0.0002.vnnlib
150528 inputs and 1000 outputs in vnnlib
Loading cached onnx model from /projects/air/dlverifier/vggnet16_all/onnx/vgg16-7.onnx.cached
Cannot read cached onnx file. Regenerating...
Loading onnx /projects/air/dlverifier/vggnet16_all/onnx/vgg16-7.onnx with quirks {}
Finished onnx model loading in 36.5816 seconds
Number of perturbed inputs: 150528
WARNING: prioritizing attack due to too many perturbed pixels on VGG
Setting arguments.Config["attack"]["pgd_order"] to "before"
Setting bound_prop_method to crown
Attack parameters: initialization=uniform, steps=100, restarts=30, alpha=5.000084638595581e-05, initialization=uniform, GAMA=False
Model output of first 5 examples:
 tensor([[ 6.73395172e-02,  2.00978065e+00, -8.06486666e-01, -8.35692942e-01,
         -1.04503000e+00,  3.08130354e-01, -5.91604650e-01, -1.56363070e+00,
         -1.53181648e+00, -1.31260169e+00, -6.59279346e-01,  1.47614256e-01,
          1.50101915e-01, -1.51539132e-01,  3.71817619e-01,  3.41837645e-01,
         -5.02156615e-01, -8.27173471e-01, -2.42921263e-01, -1.94532335e-01,
         -6.71542346e-01,  1.74298540e-01,  1.70259535e-01, -7.88450062e-01,
          1.28838137e-01, -3.78958404e-01,  1.21096694e+00,  3.60787749e-01,
         -5.39033353e-01,  9.00850713e-01, -1.52513039e+00,  1.11392665e+00,
         -2.94293761e-01, -1.74597919e+00, -1.11148143e+00, -1.08266890e+00,
          5.41425943e-01, -1.63670099e+00,  1.12690425e+00, -5.84889948e-01,
          1.50588846e+00, -1.22232154e-01, -2.69102633e-01, -4.94437277e-01,
          6.34419501e-01, -7.31532454e-01,  1.51256573e+00,  9.52447206e-02,
         -1.41093194e+00, -3.22758764e-01,  1.68938190e-01, -2.34457088e+00,
          1.04146647e+00,  7.08398223e-01, -3.72334659e-01, -7.34378755e-01,
          6.23889454e-02, -1.30218399e+00,  3.46279770e-01,  4.97787967e-02,
          4.03431296e-01, -2.73353070e-01, -6.64658725e-01,  1.24717087e-01,
          9.47770700e-02, -3.71184945e-01, -4.45105910e-01, -4.30311441e-01,
         -9.44307923e-01, -1.15401769e+00,  1.03641641e+00,  1.00191939e+00,
          8.01674426e-01,  1.98164177e+00,  9.33076859e-01,  2.10229087e+00,
          7.12374687e-01,  2.48537731e+00,  2.21660757e+00,  2.11593652e+00,
          1.40078723e-01, -1.57014024e+00, -5.34200490e-01, -1.03341711e+00,
         -1.46906987e-01, -4.00221318e-01, -1.10088396e+00,  7.10120618e-01,
          4.48937625e-01, -8.79136443e-01, -1.81299374e-01, -1.24056029e+00,
          4.56335247e-01, -1.34295300e-01,  4.27001506e-01, -1.04427850e+00,
          5.59581995e-01, -8.21214616e-01,  5.30897617e-01, -9.18387175e-01,
          4.81146753e-01, -1.71858442e+00, -2.23227358e+00,  6.71660781e-01,
         -1.40208864e+00, -2.15996933e+00, -1.52118587e+00, -5.56295276e-01,
         -1.56237757e+00, -1.75880623e+00,  1.19065188e-01,  2.95783663e+00,
         -3.10281008e-01,  2.47591615e-01,  4.41391647e-01, -1.37866712e+00,
         -7.78204739e-01, -6.87609166e-02, -4.08914983e-01, -9.53672290e-01,
         -8.37796330e-01, -1.40868795e+00, -1.05963314e+00, -2.03565931e+00,
         -1.15597963e+00, -1.62342191e+00,  8.31023633e-01, -1.63386166e-01,
          1.13923168e+00,  5.31588912e-01, -8.56464058e-02, -2.52498955e-01,
          4.35046732e-01, -3.37498873e-01,  2.20859557e-01, -9.69604194e-01,
         -8.00090790e-01, -1.09142125e-01, -1.26524325e-02, -1.34689128e+00,
         -1.76696086e+00,  6.68479085e-01, -9.22883749e-01, -4.20428753e-01,
         -4.52981502e-01, -5.38044155e-01, -1.20857906e+00,  6.65254116e-01,
          2.05783948e-01,  7.93142617e-03, -1.73461831e+00,  6.10385180e-01,
         -6.59123361e-01,  2.94966996e-01, -9.89362970e-02, -3.86615694e-01,
         -5.44727862e-01, -5.90497628e-03, -5.66933870e-01, -9.79395509e-01,
         -1.01763320e+00, -3.66124123e-01,  1.39131084e-01, -7.14355588e-01,
         -5.90501726e-01, -6.38519585e-01, -8.49520981e-01, -9.81204927e-01,
         -2.47648120e-01, -5.48496604e-01, -1.92434236e-01, -5.00984311e-01,
         -1.13422859e+00, -2.33679578e-01, -5.36897123e-01, -8.99742424e-01,
         -1.13567495e+00, -1.93287119e-01,  8.45308006e-02, -9.77736413e-01,
         -1.28008366e+00, -2.70273924e-01,  1.24991775e-01, -3.25115502e-01,
         -1.37907013e-01, -4.10171866e-01, -1.26514003e-01,  3.53995681e-01,
         -5.78687489e-01, -7.64269352e-01, -1.81737751e-01, -7.93465152e-02,
         -4.81436759e-01, -3.23152125e-01, -5.81508160e-01,  1.09261787e+00,
         -1.06787980e-01, -9.28524077e-01, -8.58834088e-01,  5.59631705e-01,
         -2.72552818e-01, -5.42886913e-01, -2.01362133e-01,  8.01699340e-01,
         -2.39791691e-01, -6.07854068e-01, -1.06064165e+00, -7.59265661e-01,
         -7.34247029e-01, -8.22109759e-01, -1.28094423e+00, -3.93460631e-01,
         -1.08353853e-01, -7.49878705e-01, -6.92559183e-01, -5.52763402e-01,
         -6.57005072e-01, -2.87805170e-01, -6.02889419e-01, -7.65652180e-01,
         -1.02981353e+00, -4.04113472e-01, -4.16568965e-01,  2.35007346e-01,
          4.15711664e-03, -9.56265688e-01, -9.23225224e-01, -5.59334874e-01,
         -8.29079211e-01,  4.15826797e-01, -7.62606978e-01, -3.57664615e-01,
         -7.32016027e-01, -5.08489370e-01, -3.81660759e-01, -9.31350589e-02,
         -5.96408308e-01, -1.02980874e-01, -8.04346442e-01, -2.78470010e-01,
         -6.47597134e-01, -6.16728485e-01,  1.68348290e-02, -1.62186074e+00,
         -1.01852906e+00,  2.06054360e-01, -1.30374146e+00, -5.04365921e-01,
         -1.11834377e-01, -1.65943742e-01, -2.89002329e-01, -1.19716859e+00,
          2.58611351e-01, -1.84413612e-01,  9.02106345e-01, -1.27263570e+00,
         -1.19204438e+00,  3.82950678e-02,  2.12887656e-02,  2.57919580e-01,
          5.47262095e-03, -5.29986382e-01, -9.42296624e-01, -4.41512853e-01,
         -6.99517131e-01, -1.07293893e-02, -7.73739517e-01, -9.21745658e-01,
         -1.47567856e+00,  3.13761294e-01,  3.24443221e-01, -3.59673411e-01,
          5.08807063e-01,  2.17352316e-01, -4.42681789e-01, -5.63432992e-01,
         -7.64476180e-01, -2.69881517e-01, -6.31343126e-01,  6.91673756e-01,
         -1.12772353e-01,  1.39496195e+00,  1.37132382e+00,  1.89897132e+00,
          1.85233355e+00,  4.54663754e-01, -8.83580625e-01, -2.67126590e-01,
         -1.14063692e+00, -9.03853059e-01, -1.39077854e+00, -1.15784502e+00,
         -7.80766785e-01, -6.25340044e-01, -1.43867266e+00, -1.11249745e+00,
          5.24520501e-03, -1.11301124e+00, -1.61446500e+00, -1.04868555e+00,
         -3.79892260e-01,  1.30484045e+00,  1.08269095e+00,  5.31246006e-01,
         -1.58002928e-01, -1.22401261e+00,  4.62560058e-01,  6.52059436e-01,
          1.32815838e+00, -6.12434387e-01,  1.35412252e+00,  1.35631073e+00,
          1.93098173e-01,  2.05102706e+00,  1.89288795e+00,  1.17737067e+00,
          8.78706276e-01, -1.31800562e-01,  1.98440993e+00,  1.56796741e+00,
          1.27708364e+00, -1.55389309e+00, -1.16080058e+00, -1.28573787e+00,
         -1.08680487e+00, -1.83985734e+00, -1.51842916e+00, -4.17157859e-01,
         -1.98302233e+00, -1.44626749e+00,  6.03042245e-02,  4.06276286e-01,
          1.31846428e+00, -4.29430425e-01, -9.34614301e-01, -5.97266912e-01,
         -1.94402552e+00,  3.43549624e-03, -5.39385498e-01, -1.93162215e+00,
         -1.32173109e+00, -1.13506401e+00, -1.82021236e+00, -1.48996806e+00,
         -9.00906980e-01, -1.83846915e+00, -1.77952528e+00, -1.21910608e+00,
         -2.53011608e+00, -1.65292120e+00, -1.82131457e+00, -1.38773417e+00,
         -1.73874664e+00, -1.29552829e+00, -1.89954352e+00, -1.83661366e+00,
         -3.10421616e-01, -2.51321852e-01, -7.26732239e-02,  2.20224410e-02,
         -6.68538392e-01,  4.20882195e-01, -2.18780696e-01, -5.03247976e-01,
         -1.89295876e+00, -7.08050072e-01, -9.67409790e-01, -5.05438387e-01,
         -5.22212029e-01, -9.28429246e-01, -3.56984317e-01, -1.33376181e+00,
         -9.58268940e-01, -6.90503299e-01, -6.22985840e-01, -1.15056086e+00,
         -8.26056540e-01, -3.33163023e-01, -5.46193361e-01, -1.46745098e+00,
         -2.24399328e-01, -1.20145094e+00, -5.27071297e-01, -6.99904382e-01,
         -1.07338536e+00, -9.59009171e-01, -1.56272268e+00, -1.45416999e+00,
         -2.07514262e+00,  7.11940527e-01, -8.73183906e-01,  6.40687525e-01,
         -1.64377645e-01, -2.10323501e+00, -4.12284821e-01,  9.22634304e-01,
         -1.90337241e+00, -1.55255008e+00, -1.57244697e-01,  4.80603844e-01,
         -4.26122218e-01, -3.04280192e-01, -1.76026583e-01, -4.55712408e-01,
         -2.53675371e-01,  1.49681628e+00, -5.55085838e-01, -3.30286652e-01,
         -1.83711565e+00,  2.89548397e+00, -9.11247790e-01,  1.47776616e+00,
          5.70132971e-01,  9.67148185e-01,  1.21577501e+00, -1.72837734e+00,
          1.81283426e+00,  3.91967326e-01,  3.10491848e+00,  1.90404165e+00,
          1.29491434e-01,  4.56584990e-01,  5.06135337e-02, -3.61292183e-01,
          1.37933314e-01,  3.30290347e-01,  1.47079861e+00, -7.65824616e-01,
         -3.91856343e-01, -1.09791070e-01, -5.72559774e-01,  3.65930945e-02,
          4.45878804e-01,  4.01348650e-01,  1.20962179e+00,  1.60755575e+00,
         -5.59467554e-01, -3.33136022e-01,  1.43551266e+00,  3.88519049e-01,
         -1.88354313e-01,  1.30689573e+00, -3.13239515e-01,  1.96665466e+00,
         -9.90429282e-01, -3.76248956e-01,  3.23528647e+00, -1.43005967e-01,
         -4.58337009e-01, -1.93564087e-01, -5.52506089e-01,  1.30649495e+00,
          6.33424968e-02,  4.81887221e-01, -1.26731241e+00,  3.78157735e-01,
          3.85533661e-01,  1.12571454e+00, -4.97296304e-02,  2.74404436e-01,
         -1.24920321e+00, -1.13209136e-01,  2.44342589e+00, -3.41699690e-01,
          1.29083645e+00,  1.75210190e+00, -7.48391390e-01, -1.98737037e+00,
         -1.31146729e-01,  1.52910203e-01,  1.00918984e+00, -1.22407866e+00,
         -5.87886631e-01,  1.38214958e+00, -6.90316081e-01,  6.19197786e-01,
         -1.62418282e+00,  3.47415090e-01,  3.26643050e-01, -7.36489415e-01,
          2.41664362e+00,  1.68358660e+00,  1.11672926e+00, -1.48059452e+00,
         -9.20518756e-01,  1.33835363e+00,  3.30800354e-01,  2.30438781e+00,
          3.08903039e-01,  2.93977529e-01,  1.15924883e+00, -6.12313569e-01,
          1.01567471e+00,  1.15853381e+00,  7.96960473e-01,  5.16730487e-01,
          7.92635620e-01,  6.34763241e-02, -1.80525571e-01,  2.81231332e+00,
         -2.75571227e+00,  2.27979105e-03, -9.20545936e-01,  5.10188341e-01,
          3.93081099e-01,  1.34284973e-01, -1.86015368e+00,  1.77908611e+00,
          1.24428475e+00, -2.27578807e+00, -8.64657164e-01, -8.04496944e-01,
          1.07621121e+00, -7.17312098e-01, -3.81692261e-01, -4.90260184e-01,
         -1.30539918e+00,  3.13380867e-01,  1.15880005e-01, -4.22223032e-01,
         -3.51666510e-01, -2.57690340e-01, -1.08686566e+00, -1.42774984e-01,
         -6.61323071e-01, -7.04897106e-01,  5.00441790e-01,  1.27964807e+00,
         -1.24833271e-01, -2.27397054e-01,  2.01251101e+00,  1.08105290e+00,
          7.72329122e-02,  5.67101657e-01,  2.31855440e+00, -1.51070178e+00,
         -1.34084928e+00, -5.91133356e-01,  6.89751506e-02,  3.13665843e+00,
         -1.53963149e-01, -1.30017543e+00,  1.57556009e+00, -5.07331014e-01,
         -1.01711035e+00,  1.02461123e+00, -1.96608618e-01, -1.93956208e+00,
          9.00000811e-01,  3.60027122e+00, -9.35874403e-01, -9.10592899e-02,
          9.57585514e-01,  1.98691761e+00,  2.87860274e-01, -7.41318226e-01,
          4.65816402e+00,  1.13683760e+00,  7.64122725e-01,  4.93189484e-01,
         -1.26811159e+00, -6.56591535e-01,  1.68776011e+00,  1.94451916e+00,
         -7.42022097e-02,  4.92281526e-01, -1.21030581e+00,  3.03404123e-01,
         -4.32590157e-01, -2.00421071e+00, -1.81062315e-02, -3.77830267e-01,
          9.73235071e-01, -1.41010058e+00,  3.31695378e-01, -1.36320162e+00,
         -1.61115909e+00,  5.17667115e-01,  2.24126101e-01,  3.54471147e-01,
          1.71751797e-01, -2.26502061e-01, -2.26972938e+00, -3.29837240e-02,
          1.72940385e+00,  6.87063158e-01, -8.04056704e-01,  2.05667138e+00,
          1.93325651e+00,  6.84640110e-01,  1.40863097e+00,  4.38512850e+00,
          7.94978619e-01,  1.04067326e+00, -2.83554554e-01, -1.24771023e+00,
          1.91987956e+00,  3.59363914e-01,  1.09050500e+00,  2.01106358e+00,
          2.12859011e+00,  6.99881986e-02,  1.12548780e+00, -1.97831643e+00,
          1.75916517e+00,  2.37945747e+00,  7.88978755e-01, -6.59966469e-01,
          1.44884562e+00, -1.14873338e+00,  7.57209301e-01,  7.35805333e-01,
         -9.40781534e-01,  4.54052180e-01,  4.27938789e-01,  1.17191386e+00,
          1.72668803e+00,  2.63920277e-01,  2.09636903e+00,  2.46682739e+00,
          2.16277218e+00,  1.91991180e-01,  1.20402455e+00,  3.00839376e+00,
         -6.42049551e-01, -1.12729740e+00,  2.20794415e+00,  2.40088448e-01,
         -1.44081545e+00,  1.51111352e+00,  2.40758866e-01,  4.17855471e-01,
          4.03391838e+00,  1.12451875e+00, -1.75821054e+00,  6.73013687e-01,
          2.02078152e+00,  3.99165303e-01, -2.56898135e-01, -8.31011832e-02,
         -8.85466516e-01, -6.11619353e-02, -1.17096412e+00, -3.32706720e-01,
          2.19421196e+00, -1.51370454e+00, -1.81712180e-01,  6.94500506e-01,
          2.02566338e+00, -2.01308107e+00,  1.64405465e+00,  3.97025681e+00,
         -7.65695870e-01, -9.06032696e-02, -7.13660836e-01,  7.15030372e-01,
         -4.26870704e-01,  1.22983277e+00, -3.39912415e-01,  3.08050573e-01,
          3.72038007e-01, -1.42297232e+00,  1.74913979e+00, -9.16690171e-01,
          2.50334191e+00, -4.71180290e-01, -4.22726460e-02,  3.07852834e-01,
         -7.49534667e-01,  2.34328651e+00, -1.49009556e-01, -1.23113501e+00,
         -7.96302855e-01,  1.45520997e+00,  2.91697472e-01, -3.70745882e-02,
         -8.28743756e-01,  1.69297445e+00,  1.39870256e-01,  3.47144634e-01,
          1.45132971e+00,  1.89227927e+00, -7.86206305e-01,  8.48887324e-01,
         -1.52509272e-01,  9.06850159e-01,  2.13085636e-01, -1.89976835e+00,
          2.59958339e+00, -7.81628489e-03, -3.53944278e+00,  9.26269740e-02,
          1.81314635e+00,  9.36726153e-01, -1.05002582e+00,  1.32949638e+00,
          1.94315350e+00, -2.27057785e-01, -1.30081367e+00,  3.09776008e-01,
          2.21050954e+00,  1.20444226e+00,  4.06154245e-01, -1.08184409e+00,
          1.45665658e+00, -8.94338667e-01, -7.91758358e-01,  1.46291125e+00,
          5.33171475e-01,  2.29989100e+00,  6.07490182e-01,  1.23407817e+00,
          1.17756712e+00,  9.69371140e-01,  8.90933275e-01, -9.41517413e-01,
          5.82104325e-02, -1.19444299e+00,  1.23154350e-01,  3.61128658e-01,
          3.64583552e-01,  1.19586349e+00,  1.95783103e+00,  8.49681795e-02,
         -2.09559679e+00,  6.55987144e-01,  5.54952845e-02,  4.14678961e-01,
          9.05359447e-01,  1.39073983e-01, -1.60034192e+00,  1.93631828e+00,
          3.53321671e-01,  1.55974591e+00, -9.87646818e-01,  9.77108777e-02,
         -1.63494088e-02,  6.68059662e-02,  3.33567947e-01, -1.65067792e+00,
         -3.26790214e-01,  2.34847975e+00, -1.39092475e-01, -1.39432058e-01,
          1.55687308e+00,  1.15543532e+00,  1.79730022e+00,  8.63296747e-01,
          2.06401420e+00,  2.07198071e+00,  7.98022032e-01, -4.96794730e-01,
          5.90464413e-01,  3.61538935e+00,  1.79560125e+00, -1.11944366e+00,
          6.21585488e-01, -6.93464816e-01,  2.71107644e-01,  9.37472224e-01,
          2.41019440e+00,  1.98046064e+00, -1.45137322e+00,  1.54940403e+00,
          1.62186563e+00, -1.50854945e-01,  7.18672931e-01,  1.58170462e+00,
         -9.98080373e-01,  1.62913823e+00, -6.09637260e-01,  2.12018800e+00,
          1.96454680e+00,  8.80421579e-01, -5.56211770e-01, -4.07350600e-01,
          2.80090541e-01,  1.75624168e+00,  9.86757517e-01, -9.09066319e-01,
         -5.53657770e-01,  5.33110321e-01,  3.02938461e+00,  1.65611303e+00,
          2.72935653e+00,  6.02995276e-01, -2.32911393e-01,  4.17858034e-01,
         -1.14295828e+00,  2.84628510e+00, -2.56152123e-01,  1.17020406e-01,
          1.37244248e+00,  6.38180137e-01,  3.72055006e+00,  1.23099732e+00,
          8.70291829e-01,  7.88844526e-01,  1.97866619e+00,  2.60462666e+00,
         -6.85521960e-01, -1.46507013e+00, -3.71496305e-02,  4.24839109e-01,
          1.43129969e+00, -2.72370249e-01, -8.80942419e-02,  1.55762577e+00,
         -1.46546042e+00, -1.22304291e-01,  1.42322731e+00,  2.11082125e+00,
          1.01196611e+00,  1.33704901e+00,  1.12377636e-01,  1.42748213e+00,
          5.56310117e-01, -3.42116505e-01,  1.91919601e+00,  2.60481119e-01,
         -1.51539600e+00, -1.18817723e+00, -8.34006786e-01,  2.03853145e-01,
          4.55219686e-01, -1.02285266e+00,  1.41952360e+00,  7.54298747e-01,
          2.33653235e+00, -1.87990189e+00, -3.09708834e-01,  1.24940395e+00,
         -1.35452902e+00, -5.27087748e-01,  9.99306917e-01, -1.25316119e+00,
         -1.27799407e-01, -3.83347049e-02,  1.75523415e-01, -8.53017390e-01,
          1.60762298e+00, -5.28961301e-01, -2.93016791e-01, -1.68955982e-01,
          3.33836913e+00,  2.19397879e+00,  1.58902931e+00, -1.22634625e+00,
          1.62879550e+00, -3.19828182e-01, -5.44129133e-01,  3.78289580e+00,
          6.34410143e-01, -1.17068577e+00,  1.61227131e+00,  1.31027305e+00,
         -2.62050676e+00, -6.34609401e-01,  1.76708773e-01, -5.40234335e-02,
          5.76661304e-02,  1.04483366e+00,  1.21102348e-01, -1.35168886e+00,
         -1.02947819e+00, -1.80534256e+00, -1.42130983e+00, -1.09328680e-01,
          2.40478086e+00, -2.57188797e-01, -2.64587700e-01,  1.03583828e-01,
          1.11794615e+00, -7.06718385e-01, -2.09959650e+00,  3.54444683e-02,
          1.37474120e+00,  2.74771541e-01, -3.35771888e-01,  1.26431465e+00,
          1.88508362e-01,  6.05079114e-01,  1.26197243e+00,  9.26081657e-01,
          5.15285060e-02,  2.82005835e+00,  3.00697565e-01, -3.75456661e-01,
         -8.66909027e-01,  4.98554796e-01, -1.20426619e+00,  6.06755652e-02,
          3.70246458e+00,  2.02262449e+00,  2.20560145e+00, -5.44029355e-01,
          1.67124927e+00,  1.78144228e+00,  1.52402270e+00,  5.91057181e-01,
         -4.08149779e-01, -2.69466817e-01,  1.39590561e+00,  3.97345901e-01,
          6.99264002e+00,  5.08464098e+00,  2.18824911e+00, -4.02204186e-01,
          5.28635144e-01, -5.02179153e-02,  6.76427484e-01,  2.30343771e+00,
         -1.51335299e+00, -1.94022727e+00, -3.48662809e-02, -1.99995506e+00,
          1.75595260e+00, -3.29054922e-01, -1.03157543e-01,  4.35873061e-01,
          8.66673648e-01,  2.30760646e+00,  3.08001071e-01, -7.00705469e-01,
         -2.33031249e+00,  6.65762424e-01, -1.07518601e+00, -1.21305096e+00,
         -1.55274940e+00,  1.47360027e-01, -8.92571628e-01, -1.45798874e+00,
         -1.02456522e+00, -2.42019892e+00, -1.07201815e+00, -1.42169213e+00,
         -1.70995522e+00, -2.09377766e+00, -1.32101095e+00, -2.58566529e-01,
         -1.15568781e+00, -1.10297394e+00, -5.35106421e-01, -3.86366159e-01,
         -2.82381225e+00, -6.67574227e-01, -1.64304435e+00, -1.27703500e+00,
          4.19199079e-01,  1.08906102e+00,  5.11275344e-02, -5.04324913e-01,
         -7.08438873e-01, -4.72047895e-01, -6.17574275e-01, -1.91248691e+00,
         -1.68596566e+00, -1.31374449e-01, -1.18420458e+00, -1.96168113e+00,
         -1.51515388e+00, -1.34852517e+00, -1.02767015e+00, -1.40291476e+00,
         -1.67741120e+00, -1.71770632e+00,  1.64003766e+00, -7.32802749e-01,
          5.05700052e-01, -1.78408474e-01, -1.43338609e+00,  2.05821204e+00,
         -1.45458961e+00, -1.28910124e+00,  7.43027151e-01, -3.67216989e-02,
         -1.66431463e+00,  5.35233736e-01, -6.32859468e-02, -2.11730027e+00,
          2.83240288e-01,  5.07591069e-02, -3.59240502e-01, -8.26880813e-01,
         -7.13877201e-01,  2.69280910e-01, -1.30866265e+00, -3.48281592e-01,
         -1.01864171e+00,  4.80045199e-01, -1.26586211e+00, -1.74128163e+00,
         -1.40605044e+00, -2.45634460e+00, -1.83854365e+00, -1.21836495e+00,
         -1.27962399e+00, -2.27794933e+00, -5.32973334e-02,  1.08821821e+00]],
       device='cuda:0')
Adv example prediction (first 2 examples and 2 restarts):
 tensor([[[ 8.95109549e-02,  1.99282193e+00, -7.81841516e-01, -8.34029675e-01,
          -1.02336919e+00,  2.88915217e-01, -5.55043697e-01, -1.55708945e+00,
          -1.51581407e+00, -1.29442513e+00, -6.70650780e-01,  1.77168056e-01,
           1.65044531e-01, -1.13728017e-01,  3.86699736e-01,  3.51898730e-01,
          -5.01979113e-01, -8.02049637e-01, -2.17900559e-01, -1.58211783e-01,
          -6.71878874e-01,  1.85007647e-01,  1.94245070e-01, -7.57651746e-01,
           1.43524989e-01, -3.76098096e-01,  1.20245600e+00,  3.50475073e-01,
          -5.27181804e-01,  9.03357625e-01, -1.51215100e+00,  1.14417422e+00,
          -3.10198545e-01, -1.73749661e+00, -1.12476110e+00, -1.07097137e+00,
           5.52366674e-01, -1.61388707e+00,  1.10393476e+00, -5.46282887e-01,
           1.54952598e+00, -1.30290136e-01, -2.75099814e-01, -5.09595335e-01,
           6.49526894e-01, -7.22750008e-01,  1.55986631e+00,  1.00095592e-01,
          -1.36276770e+00, -3.16373467e-01,  1.90028906e-01, -2.35770583e+00,
           1.05335557e+00,  7.24680424e-01, -3.69996727e-01, -6.78529501e-01,
           8.33665431e-02, -1.29924548e+00,  3.79426926e-01,  4.07803580e-02,
           4.28316057e-01, -2.42178082e-01, -6.50593400e-01,  1.08373865e-01,
           1.11472294e-01, -3.75679076e-01, -4.65276897e-01, -4.08333898e-01,
          -9.69090164e-01, -1.15393186e+00,  1.05764842e+00,  1.00967038e+00,
           8.25784087e-01,  1.97254753e+00,  9.63181317e-01,  2.11940408e+00,
           7.43918002e-01,  2.52348351e+00,  2.21359849e+00,  2.13661218e+00,
           1.06738843e-01, -1.57371712e+00, -5.21149278e-01, -1.05179155e+00,
          -1.11109361e-01, -3.77316505e-01, -1.10334718e+00,  7.37417102e-01,
           4.59454894e-01, -8.34048212e-01, -1.68717623e-01, -1.24454486e+00,
           4.60875750e-01, -1.08687378e-01,  4.45195675e-01, -1.06010878e+00,
           5.83543956e-01, -7.98444390e-01,  4.88815725e-01, -9.16578650e-01,
           4.75419104e-01, -1.72294199e+00, -2.22505331e+00,  6.48830056e-01,
          -1.39399266e+00, -2.13775468e+00, -1.50713539e+00, -5.49742937e-01,
          -1.56200886e+00, -1.75503612e+00,  9.78816375e-02,  2.89804626e+00,
          -3.11620593e-01,  2.37747863e-01,  4.60637242e-01, -1.38574708e+00,
          -7.89611101e-01, -1.08869284e-01, -3.82826388e-01, -9.51871514e-01,
          -8.26997817e-01, -1.40583813e+00, -1.07245433e+00, -2.03091097e+00,
          -1.13047481e+00, -1.61097276e+00,  8.25555682e-01, -1.50096387e-01,
           1.11316133e+00,  5.17435133e-01, -8.93004388e-02, -2.42044672e-01,
           4.53271180e-01, -3.32694352e-01,  2.35351056e-01, -9.83401060e-01,
          -8.18184674e-01, -1.06186435e-01,  2.88168807e-02, -1.34313488e+00,
          -1.76331043e+00,  6.60899520e-01, -9.46022153e-01, -4.26525891e-01,
          -4.51941907e-01, -5.35717964e-01, -1.20798135e+00,  6.34819329e-01,
           1.77636281e-01, -7.05038011e-03, -1.72120428e+00,  6.24844432e-01,
          -6.75679207e-01,  3.09789181e-01, -8.45578983e-02, -3.72888207e-01,
          -5.33261657e-01,  4.49782237e-03, -5.76319396e-01, -9.72205162e-01,
          -1.02582717e+00, -3.57930124e-01,  1.64948389e-01, -7.17261553e-01,
          -5.87567627e-01, -6.48910999e-01, -8.49703491e-01, -1.00797474e+00,
          -2.49596626e-01, -5.32877088e-01, -1.80176347e-01, -4.84440804e-01,
          -1.12225306e+00, -2.35170260e-01, -5.11038423e-01, -9.20163810e-01,
          -1.12335312e+00, -1.89933911e-01,  1.04383484e-01, -9.63447511e-01,
          -1.26968801e+00, -2.84000814e-01,  1.44931108e-01, -3.25833857e-01,
          -1.34048328e-01, -4.10115123e-01, -1.30879745e-01,  3.46986592e-01,
          -6.02120936e-01, -7.66113818e-01, -2.02592462e-01, -7.66062960e-02,
          -4.58445072e-01, -3.20830882e-01, -6.05811596e-01,  1.11671615e+00,
          -9.73387733e-02, -9.25545871e-01, -8.58268380e-01,  5.71910858e-01,
          -2.69738078e-01, -5.27481377e-01, -1.86387569e-01,  8.34098637e-01,
          -2.20096201e-01, -5.95599234e-01, -1.07386839e+00, -7.47069299e-01,
          -7.18748987e-01, -7.99099028e-01, -1.29481113e+00, -3.90149444e-01,
          -8.60072523e-02, -7.29067981e-01, -6.88101411e-01, -5.36189616e-01,
          -6.51979446e-01, -2.57391483e-01, -5.86137533e-01, -7.49324679e-01,
          -1.05303180e+00, -4.16280180e-01, -4.05189425e-01,  2.31569231e-01,
           3.51907127e-03, -9.45780635e-01, -9.15677071e-01, -5.48443854e-01,
          -8.45725834e-01,  4.35126096e-01, -7.40040839e-01, -3.44793737e-01,
          -7.19978333e-01, -4.98078197e-01, -3.64166468e-01, -7.98764974e-02,
          -5.98560214e-01, -8.90450552e-02, -7.85077810e-01, -2.76037961e-01,
          -6.52270794e-01, -6.21596992e-01,  3.01386453e-02, -1.61202145e+00,
          -1.02875960e+00,  2.28613406e-01, -1.30555534e+00, -4.89956260e-01,
          -1.00568496e-01, -1.48881391e-01, -2.66492933e-01, -1.18859029e+00,
           2.46085957e-01, -1.89339936e-01,  9.12678003e-01, -1.26604986e+00,
          -1.19244027e+00,  6.35440722e-02,  4.65976596e-02,  2.74042696e-01,
           9.22048651e-03, -5.11587441e-01, -9.69538271e-01, -4.18338448e-01,
          -6.98097646e-01,  5.90472110e-03, -7.67371893e-01, -9.20551240e-01,
          -1.48433936e+00,  3.08230340e-01,  3.36255044e-01, -3.64381284e-01,
           5.09462416e-01,  2.15005979e-01, -4.58321840e-01, -5.68339884e-01,
          -7.61544764e-01, -2.84384221e-01, -6.36919737e-01,  7.04294026e-01,
          -1.24547400e-01,  1.40833950e+00,  1.38238919e+00,  1.90654135e+00,
           1.88318205e+00,  4.49812710e-01, -8.64085615e-01, -2.41841465e-01,
          -1.14660883e+00, -8.86403441e-01, -1.39793074e+00, -1.17166638e+00,
          -7.75184333e-01, -6.28785908e-01, -1.44654977e+00, -1.09834623e+00,
           2.19657160e-02, -1.10376894e+00, -1.61097324e+00, -1.04088044e+00,
          -3.53332788e-01,  1.33005726e+00,  1.08050883e+00,  5.51893592e-01,
          -1.34163290e-01, -1.18708622e+00,  4.99093264e-01,  6.64580286e-01,
           1.34753191e+00, -6.03653729e-01,  1.36746848e+00,  1.38885474e+00,
           2.17816547e-01,  2.09676027e+00,  1.91811049e+00,  1.23546267e+00,
           9.15029049e-01, -1.01591617e-01,  2.00976515e+00,  1.57044923e+00,
           1.28407443e+00, -1.54360890e+00, -1.16886401e+00, -1.29398608e+00,
          -1.06643367e+00, -1.83988929e+00, -1.53111374e+00, -4.14156288e-01,
          -1.97614288e+00, -1.43864596e+00,  6.45104945e-02,  3.84865284e-01,
           1.32796693e+00, -3.99794519e-01, -9.27321196e-01, -6.15444958e-01,
          -1.92786479e+00, -2.16718763e-04, -5.43984175e-01, -1.93875837e+00,
          -1.31061733e+00, -1.13430011e+00, -1.81889021e+00, -1.47440028e+00,
          -8.66551697e-01, -1.83635449e+00, -1.77025473e+00, -1.19955134e+00,
          -2.50443912e+00, -1.65533173e+00, -1.82038057e+00, -1.40431941e+00,
          -1.74920011e+00, -1.30780935e+00, -1.90587306e+00, -1.81596422e+00,
          -3.08657706e-01, -2.57617891e-01, -7.42070600e-02,  2.98297107e-02,
          -6.63513362e-01,  4.23377246e-01, -2.19078258e-01, -4.88581657e-01,
          -1.87848973e+00, -6.89035654e-01, -9.57675040e-01, -4.83197182e-01,
          -5.12126684e-01, -9.29289579e-01, -3.38333547e-01, -1.34836900e+00,
          -9.49634075e-01, -6.89872146e-01, -6.05802894e-01, -1.12529159e+00,
          -8.45458925e-01, -3.29542518e-01, -5.22883117e-01, -1.45013309e+00,
          -2.22526610e-01, -1.16984808e+00, -4.97469425e-01, -6.79807723e-01,
          -1.08866000e+00, -9.45329189e-01, -1.54950547e+00, -1.45413995e+00,
          -2.05186534e+00,  7.05519021e-01, -8.54090571e-01,  6.78858578e-01,
          -2.06749886e-01, -2.10391521e+00, -3.91057074e-01,  9.28829610e-01,
          -1.89336061e+00, -1.52778506e+00, -1.72875240e-01,  4.74525869e-01,
          -4.42257613e-01, -2.93575525e-01, -1.99169278e-01, -4.71781820e-01,
          -2.60495752e-01,  1.49199176e+00, -5.55457234e-01, -3.24741155e-01,
          -1.84062493e+00,  2.86314535e+00, -8.73102665e-01,  1.48718560e+00,
           5.91955185e-01,  9.53192353e-01,  1.22598231e+00, -1.72247005e+00,
           1.77707922e+00,  3.82663935e-01,  3.06971025e+00,  1.89911735e+00,
           1.16986811e-01,  4.58869278e-01,  3.51087116e-02, -3.59206051e-01,
           1.67768896e-01,  3.29426289e-01,  1.44529116e+00, -7.67490387e-01,
          -3.91582459e-01, -1.20560966e-01, -5.69821060e-01,  7.16929734e-02,
           4.17606324e-01,  3.75691712e-01,  1.22055709e+00,  1.62896025e+00,
          -5.47277927e-01, -3.54957342e-01,  1.39874542e+00,  3.43701184e-01,
          -1.76592082e-01,  1.29697251e+00, -3.19439620e-01,  1.97233582e+00,
          -1.00239432e+00, -3.83395314e-01,  3.19664812e+00, -1.42103225e-01,
          -4.37907457e-01, -2.10103288e-01, -5.51319599e-01,  1.25413680e+00,
           7.90717453e-02,  4.73661661e-01, -1.25325084e+00,  4.07591760e-01,
           3.41170669e-01,  1.12935269e+00, -5.45947701e-02,  2.44638935e-01,
          -1.23119402e+00, -1.24585122e-01,  2.41950202e+00, -3.30282152e-01,
           1.27849281e+00,  1.72569752e+00, -7.29617953e-01, -1.97498596e+00,
          -1.17124967e-01,  1.40035376e-01,  9.89696681e-01, -1.21687269e+00,
          -6.12957418e-01,  1.35232902e+00, -6.77711964e-01,  6.57187641e-01,
          -1.62075579e+00,  3.11448127e-01,  3.29090714e-01, -7.34565973e-01,
           2.39846802e+00,  1.66829455e+00,  1.10610032e+00, -1.49177635e+00,
          -9.33189750e-01,  1.32914805e+00,  2.92824090e-01,  2.28488541e+00,
           2.86242038e-01,  3.40790093e-01,  1.15744889e+00, -6.40849650e-01,
           1.03528380e+00,  1.13693273e+00,  7.61324644e-01,  5.32047987e-01,
           7.97226191e-01,  5.58069944e-02, -1.81299970e-01,  2.76006508e+00,
          -2.74622941e+00,  6.40544109e-04, -9.34971929e-01,  4.98760104e-01,
           3.96300465e-01,  1.36940971e-01, -1.87305462e+00,  1.75567722e+00,
           1.24388242e+00, -2.26641297e+00, -8.92398417e-01, -8.14868748e-01,
           1.03964579e+00, -7.37519860e-01, -3.88360620e-01, -4.63048100e-01,
          -1.28259575e+00,  3.15533131e-01,  1.20053209e-01, -4.03941095e-01,
          -3.26779962e-01, -2.76958972e-01, -1.10793900e+00, -1.44554600e-01,
          -6.59147620e-01, -6.77900851e-01,  5.02729535e-01,  1.25797462e+00,
          -1.19491965e-01, -2.11547345e-01,  1.99124324e+00,  1.05803692e+00,
           7.99667090e-02,  5.79569697e-01,  2.29384732e+00, -1.52129698e+00,
          -1.34045124e+00, -5.85471034e-01,  9.16668177e-02,  3.14765215e+00,
          -2.07555965e-01, -1.31081688e+00,  1.54315031e+00, -5.13612509e-01,
          -1.02597797e+00,  1.05307698e+00, -2.26549566e-01, -1.93578243e+00,
           8.93164873e-01,  3.58576441e+00, -9.45384979e-01, -1.31148204e-01,
           9.65570629e-01,  1.97450936e+00,  3.07893902e-01, -7.29082286e-01,
           4.64792442e+00,  1.12972009e+00,  7.35228062e-01,  4.77664500e-01,
          -1.25543475e+00, -6.38747394e-01,  1.72032320e+00,  1.92916548e+00,
          -4.98071648e-02,  4.92608696e-01, -1.23663747e+00,  2.74106115e-01,
          -4.04852003e-01, -1.98978555e+00, -2.99981330e-02, -3.82941663e-01,
           9.81427372e-01, -1.41234648e+00,  3.08490694e-01, -1.33779931e+00,
          -1.63904798e+00,  4.97449756e-01,  2.18697399e-01,  3.63557220e-01,
           2.16324002e-01, -1.97034404e-01, -2.26141286e+00, -6.14814647e-02,
           1.70298386e+00,  6.52825236e-01, -7.94920683e-01,  2.04355335e+00,
           1.96899021e+00,  6.69760525e-01,  1.35322249e+00,  4.37591076e+00,
           7.73434818e-01,  1.00842655e+00, -2.95898080e-01, -1.23362875e+00,
           1.87280524e+00,  3.65849644e-01,  1.08707297e+00,  2.02773499e+00,
           2.10062671e+00,  5.68084791e-02,  1.09100235e+00, -1.96354520e+00,
           1.73647428e+00,  2.37446523e+00,  7.74284601e-01, -6.78917825e-01,
           1.46343994e+00, -1.11790788e+00,  7.51243412e-01,  7.26011276e-01,
          -9.56073940e-01,  4.25078005e-01,  4.28828090e-01,  1.15635800e+00,
           1.70448780e+00,  2.85800248e-01,  2.07769132e+00,  2.47343588e+00,
           2.16774750e+00,  1.95560426e-01,  1.21840990e+00,  2.95732021e+00,
          -6.20999753e-01, -1.15424395e+00,  2.18642640e+00,  2.43043378e-01,
          -1.44872093e+00,  1.46352088e+00,  2.35123873e-01,  3.90356869e-01,
           4.02735519e+00,  1.10170364e+00, -1.75363708e+00,  6.23405457e-01,
           1.99432945e+00,  4.00109619e-01, -2.75055557e-01, -9.90120769e-02,
          -8.61350179e-01, -1.06951177e-01, -1.16689992e+00, -3.31543416e-01,
           2.15957546e+00, -1.51414061e+00, -1.96608886e-01,  6.70907080e-01,
           2.02419281e+00, -2.00628138e+00,  1.62849307e+00,  3.97810888e+00,
          -7.45664060e-01, -1.21517256e-01, -7.00330019e-01,  7.27680504e-01,
          -4.22009021e-01,  1.21208131e+00, -3.53666127e-01,  3.05889130e-01,
           3.82366478e-01, -1.39338124e+00,  1.71418083e+00, -9.28946316e-01,
           2.48344946e+00, -4.79810864e-01, -5.86328469e-02,  2.93562859e-01,
          -7.31627107e-01,  2.42394495e+00, -1.57950804e-01, -1.22793186e+00,
          -7.84181058e-01,  1.43716717e+00,  2.76475161e-01, -6.27516955e-02,
          -8.56842279e-01,  1.66375673e+00,  1.22646391e-01,  3.60108107e-01,
           1.41908526e+00,  1.87745821e+00, -7.94750452e-01,  8.12296629e-01,
          -2.09255561e-01,  8.77869070e-01,  1.72897413e-01, -1.90067279e+00,
           2.56548572e+00, -2.19977796e-02, -3.54409814e+00,  7.40058720e-02,
           1.80794716e+00,  9.04051185e-01, -1.06914663e+00,  1.32080841e+00,
           1.91816211e+00, -2.19262943e-01, -1.30625916e+00,  2.36941695e-01,
           2.22754860e+00,  1.20789444e+00,  3.80870074e-01, -1.06670523e+00,
           1.47519636e+00, -8.88534248e-01, -7.51398623e-01,  1.47813940e+00,
           5.11904955e-01,  2.31097245e+00,  5.89937091e-01,  1.21232867e+00,
           1.14856648e+00,  9.51273382e-01,  8.51099670e-01, -9.77875054e-01,
           7.44256303e-02, -1.19653308e+00,  1.22741543e-01,  3.44769686e-01,
           3.41484725e-01,  1.24763370e+00,  1.94456136e+00,  6.84617758e-02,
          -2.12240839e+00,  6.71795130e-01,  2.00715754e-02,  4.46953267e-01,
           9.15821373e-01,  9.94471163e-02, -1.59616292e+00,  1.89660859e+00,
           3.49288821e-01,  1.54621899e+00, -9.67562079e-01,  1.19684562e-01,
          -3.56662907e-02,  7.15606585e-02,  3.56936753e-01, -1.66441464e+00,
          -3.46172005e-01,  2.32617497e+00, -1.39283597e-01, -1.29641190e-01,
           1.51860714e+00,  1.14832544e+00,  1.81767881e+00,  8.32339227e-01,
           2.06300926e+00,  2.06146169e+00,  8.30108881e-01, -4.71625954e-01,
           5.89770675e-01,  3.61569786e+00,  1.79152584e+00, -1.12006223e+00,
           6.55655146e-01, -6.75574422e-01,  2.64746010e-01,  9.42556143e-01,
           2.42155790e+00,  1.95890164e+00, -1.45173919e+00,  1.51789212e+00,
           1.61502814e+00, -1.60551965e-01,  7.00721800e-01,  1.55167198e+00,
          -9.79780078e-01,  1.59081614e+00, -6.05216444e-01,  2.08696055e+00,
           1.92069149e+00,  8.98129761e-01, -5.47196567e-01, -4.20196414e-01,
           2.73393393e-01,  1.73310721e+00,  9.75224495e-01, -9.06622469e-01,
          -5.72514653e-01,  5.12156546e-01,  2.99283648e+00,  1.63979733e+00,
           2.70155501e+00,  6.30130768e-01, -2.32789651e-01,  4.05439496e-01,
          -1.13493991e+00,  2.83771753e+00, -2.56408781e-01,  1.37605935e-01,
           1.36071718e+00,  6.45156860e-01,  3.76355338e+00,  1.21577096e+00,
           8.61053050e-01,  8.08213770e-01,  1.92602670e+00,  2.63901424e+00,
          -7.14986682e-01, -1.47419381e+00, -3.46568003e-02,  4.53149468e-01,
           1.42011297e+00, -2.53470570e-01, -8.37668106e-02,  1.55851841e+00,
          -1.45871234e+00, -1.14366904e-01,  1.39306271e+00,  2.10492539e+00,
           9.79041278e-01,  1.30318809e+00,  8.68267417e-02,  1.46204555e+00,
           5.86578012e-01, -3.54179949e-01,  1.90427065e+00,  2.68384188e-01,
          -1.50026929e+00, -1.21158266e+00, -8.35898995e-01,  1.81300178e-01,
           4.64778244e-01, -1.00683880e+00,  1.38470352e+00,  7.21569717e-01,
           2.35754561e+00, -1.85608721e+00, -3.07621628e-01,  1.23309040e+00,
          -1.34898043e+00, -5.52188218e-01,  1.01520407e+00, -1.25676775e+00,
          -1.30748510e-01, -1.98462699e-02,  1.43169925e-01, -8.38837564e-01,
           1.59815681e+00, -5.40824115e-01, -3.05785120e-01, -1.62880450e-01,
           3.29688144e+00,  2.18628550e+00,  1.55796659e+00, -1.20940387e+00,
           1.61504364e+00, -3.09834033e-01, -5.23465812e-01,  3.75360537e+00,
           6.36131823e-01, -1.16103458e+00,  1.59490049e+00,  1.29692936e+00,
          -2.66014981e+00, -6.65793896e-01,  1.93345159e-01, -6.30791187e-02,
           2.78080683e-02,  1.04045033e+00,  9.91903916e-02, -1.34592307e+00,
          -1.02867079e+00, -1.81753314e+00, -1.40483189e+00, -1.15831964e-01,
           2.38559771e+00, -2.41354898e-01, -2.66878128e-01,  8.49779844e-02,
           1.10776818e+00, -6.91573560e-01, -2.08539176e+00,  8.80720094e-04,
           1.40001905e+00,  2.72984803e-01, -3.67491305e-01,  1.28500378e+00,
           1.79569528e-01,  5.84526658e-01,  1.27410626e+00,  9.28941369e-01,
           7.37434253e-02,  2.79326868e+00,  2.94864088e-01, -3.86591673e-01,
          -8.56477857e-01,  4.82737631e-01, -1.21655631e+00,  3.30486409e-02,
           3.67512584e+00,  2.01608467e+00,  2.20558810e+00, -5.40755033e-01,
           1.68132579e+00,  1.78762639e+00,  1.53901303e+00,  5.97518086e-01,
          -4.03473973e-01, -3.06025624e-01,  1.34438372e+00,  4.12027508e-01,
           7.03752470e+00,  5.09868002e+00,  2.14940596e+00, -3.90248537e-01,
           5.46766162e-01, -5.30511625e-02,  6.78713322e-01,  2.30975461e+00,
          -1.50405085e+00, -1.93777490e+00, -7.40874559e-02, -1.95786989e+00,
           1.71493077e+00, -3.65373462e-01, -1.04778349e-01,  4.27518398e-01,
           8.51713240e-01,  2.27210259e+00,  2.85103410e-01, -7.18317628e-01,
          -2.32032704e+00,  6.50807977e-01, -1.08962142e+00, -1.20935214e+00,
          -1.52775168e+00,  1.67556494e-01, -8.92482758e-01, -1.42724001e+00,
          -1.01258457e+00, -2.39960670e+00, -1.06350255e+00, -1.40691614e+00,
          -1.70766521e+00, -2.06676388e+00, -1.30530691e+00, -2.36145541e-01,
          -1.17713690e+00, -1.09314311e+00, -5.39319873e-01, -3.69365901e-01,
          -2.82113934e+00, -6.67277873e-01, -1.65343034e+00, -1.25763953e+00,
           4.40466821e-01,  1.08065093e+00,  5.21110259e-02, -4.96168196e-01,
          -7.00290620e-01, -4.58621114e-01, -5.99808753e-01, -1.87625337e+00,
          -1.67717910e+00, -1.46850049e-01, -1.16383946e+00, -1.97188926e+00,
          -1.52002692e+00, -1.32407594e+00, -1.03436065e+00, -1.39175296e+00,
          -1.68738151e+00, -1.69527912e+00,  1.64062941e+00, -7.25631535e-01,
           5.13286769e-01, -1.94984376e-01, -1.43385518e+00,  2.09352326e+00,
          -1.46184385e+00, -1.28361893e+00,  7.37587810e-01, -4.17955741e-02,
          -1.68088067e+00,  5.59146523e-01, -8.52942765e-02, -2.12310052e+00,
           2.41381630e-01,  5.36473840e-02, -3.21580112e-01, -8.17789793e-01,
          -7.08885789e-01,  2.64514923e-01, -1.31440794e+00, -3.40480804e-01,
          -1.01334345e+00,  4.69430387e-01, -1.26677942e+00, -1.75158751e+00,
          -1.40274036e+00, -2.47442412e+00, -1.84816623e+00, -1.23273838e+00,
          -1.29671550e+00, -2.26327991e+00, -4.13446203e-02,  1.12651181e+00]]],
       device='cuda:0')
PGD attack margin (first 2 examples and 10 specs):
 tensor([[[0.71930987]]], device='cuda:0')
number of violation:  0
Attack finished in 7.6870 seconds.
PGD attack failed
verified_status unknown
verified_success False
Total VNNLIB file length: 1, max property batch size: 1, total number of batches: 1

Properties batch 0, size 1
Remaining timeout: 1153.5103497505188
Verifying property 0 with 1 instances.
torch allclose failed: norm 8.889588571037166e-06
Model: BoundedModule(
  (/input-1): BoundInput(name=/input-1, inputs=[], perturbed=True)
  (/33): BoundParams(name=/33, inputs=[], perturbed=False)
  (/34): BoundParams(name=/34, inputs=[], perturbed=False)
  (/35): BoundParams(name=/35, inputs=[], perturbed=False)
  (/36): BoundParams(name=/36, inputs=[], perturbed=False)
  (/37): BoundParams(name=/37, inputs=[], perturbed=False)
  (/38): BoundParams(name=/38, inputs=[], perturbed=False)
  (/39): BoundParams(name=/39, inputs=[], perturbed=False)
  (/40): BoundParams(name=/40, inputs=[], perturbed=False)
  (/41): BoundParams(name=/41, inputs=[], perturbed=False)
  (/42): BoundParams(name=/42, inputs=[], perturbed=False)
  (/43): BoundParams(name=/43, inputs=[], perturbed=False)
  (/44): BoundParams(name=/44, inputs=[], perturbed=False)
  (/45): BoundParams(name=/45, inputs=[], perturbed=False)
  (/46): BoundParams(name=/46, inputs=[], perturbed=False)
  (/47): BoundParams(name=/47, inputs=[], perturbed=False)
  (/48): BoundParams(name=/48, inputs=[], perturbed=False)
  (/49): BoundParams(name=/49, inputs=[], perturbed=False)
  (/50): BoundParams(name=/50, inputs=[], perturbed=False)
  (/51): BoundParams(name=/51, inputs=[], perturbed=False)
  (/52): BoundParams(name=/52, inputs=[], perturbed=False)
  (/53): BoundParams(name=/53, inputs=[], perturbed=False)
  (/54): BoundParams(name=/54, inputs=[], perturbed=False)
  (/55): BoundParams(name=/55, inputs=[], perturbed=False)
  (/56): BoundParams(name=/56, inputs=[], perturbed=False)
  (/57): BoundParams(name=/57, inputs=[], perturbed=False)
  (/58): BoundParams(name=/58, inputs=[], perturbed=False)
  (/59): BoundParams(name=/59, inputs=[], perturbed=False)
  (/60): BoundParams(name=/60, inputs=[], perturbed=False)
  (/61): BoundParams(name=/61, inputs=[], perturbed=False)
  (/62): BoundParams(name=/62, inputs=[], perturbed=False)
  (/63): BoundParams(name=/63, inputs=[], perturbed=False)
  (/64): BoundParams(name=/64, inputs=[], perturbed=False)
  (/input): BoundConv(name=/input, inputs=[/input-1, /33, /34], perturbed=True)
  (/66): BoundRelu(name=/66, inputs=[/input], perturbed=True)
  (/input-4): BoundConv(name=/input-4, inputs=[/66, /35, /36], perturbed=True)
  (/68): BoundRelu(name=/68, inputs=[/input-4], perturbed=True)
  (/input-12): BoundConv(name=/input-12, inputs=[/input-8/add_3_4, /37, /38], perturbed=True)
  (/71): BoundRelu(name=/71, inputs=[/input-12], perturbed=True)
  (/input-16): BoundConv(name=/input-16, inputs=[/71, /39, /40], perturbed=True)
  (/73): BoundRelu(name=/73, inputs=[/input-16], perturbed=True)
  (/input-24): BoundConv(name=/input-24, inputs=[/input-20/add_3_4, /41, /42], perturbed=True)
  (/76): BoundRelu(name=/76, inputs=[/input-24], perturbed=True)
  (/input-28): BoundConv(name=/input-28, inputs=[/76, /43, /44], perturbed=True)
  (/78): BoundRelu(name=/78, inputs=[/input-28], perturbed=True)
  (/input-32): BoundConv(name=/input-32, inputs=[/78, /45, /46], perturbed=True)
  (/80): BoundRelu(name=/80, inputs=[/input-32], perturbed=True)
  (/input-40): BoundConv(name=/input-40, inputs=[/input-36/add_3_4, /47, /48], perturbed=True)
  (/83): BoundRelu(name=/83, inputs=[/input-40], perturbed=True)
  (/input-44): BoundConv(name=/input-44, inputs=[/83, /49, /50], perturbed=True)
  (/85): BoundRelu(name=/85, inputs=[/input-44], perturbed=True)
  (/input-48): BoundConv(name=/input-48, inputs=[/85, /51, /52], perturbed=True)
  (/87): BoundRelu(name=/87, inputs=[/input-48], perturbed=True)
  (/input-56): BoundConv(name=/input-56, inputs=[/input-52/add_3_4, /53, /54], perturbed=True)
  (/90): BoundRelu(name=/90, inputs=[/input-56], perturbed=True)
  (/input-60): BoundConv(name=/input-60, inputs=[/90, /55, /56], perturbed=True)
  (/92): BoundRelu(name=/92, inputs=[/input-60], perturbed=True)
  (/input-64): BoundConv(name=/input-64, inputs=[/92, /57, /58], perturbed=True)
  (/94): BoundRelu(name=/94, inputs=[/input-64], perturbed=True)
  (/96): BoundFlatten(name=/96, inputs=[/95/add_3_4], perturbed=True)
  (/input-68): BoundLinear(name=/input-68, inputs=[/96, /59, /60], perturbed=True)
  (/98): BoundRelu(name=/98, inputs=[/input-68], perturbed=True)
  (/99): BoundFlatten(name=/99, inputs=[/98], perturbed=True)
  (/input-72): BoundLinear(name=/input-72, inputs=[/99, /61, /62], perturbed=True)
  (/101): BoundRelu(name=/101, inputs=[/input-72], perturbed=True)
  (/102): BoundFlatten(name=/102, inputs=[/101], perturbed=True)
  (/103): BoundLinear(name=/103, inputs=[/102, /63, /64], perturbed=True)
  (/input-8/conv_1): BoundConv(name=/input-8/conv_1, inputs=[/68, /input-8/conv_1_w], perturbed=True)
  (/input-8/conv_1_relu): BoundRelu(name=/input-8/conv_1_relu, inputs=[/input-8/conv_1], perturbed=True)
  (/input-8/conv_1_w): BoundParams(name=/input-8/conv_1_w, inputs=[], perturbed=False)
  (/input-8/conv_2): BoundConv(name=/input-8/conv_2, inputs=[/68, /input-8/conv_2_w], perturbed=True)
  (/input-8/conv_2_w): BoundParams(name=/input-8/conv_2_w, inputs=[], perturbed=False)
  (/input-8/conv_3): BoundConv(name=/input-8/conv_3, inputs=[/input-8/add_1_2, /input-8/conv_3_w], perturbed=True)
  (/input-8/conv_3_relu): BoundRelu(name=/input-8/conv_3_relu, inputs=[/input-8/conv_3], perturbed=True)
  (/input-8/conv_3_w): BoundParams(name=/input-8/conv_3_w, inputs=[], perturbed=False)
  (/input-8/conv_4): BoundConv(name=/input-8/conv_4, inputs=[/input-8/add_1_2, /input-8/conv_4_w], perturbed=True)
  (/input-8/conv_4_w): BoundParams(name=/input-8/conv_4_w, inputs=[], perturbed=False)
  (/input-8/add_1_2): BoundAdd(name=/input-8/add_1_2, inputs=[/input-8/conv_1_relu, /input-8/conv_2], perturbed=True)
  (/input-8/add_3_4): BoundAdd(name=/input-8/add_3_4, inputs=[/input-8/conv_3_relu, /input-8/conv_4], perturbed=True)
  (/input-20/conv_1): BoundConv(name=/input-20/conv_1, inputs=[/73, /input-20/conv_1_w], perturbed=True)
  (/input-20/conv_1_relu): BoundRelu(name=/input-20/conv_1_relu, inputs=[/input-20/conv_1], perturbed=True)
  (/input-20/conv_1_w): BoundParams(name=/input-20/conv_1_w, inputs=[], perturbed=False)
  (/input-20/conv_2): BoundConv(name=/input-20/conv_2, inputs=[/73, /input-20/conv_2_w], perturbed=True)
  (/input-20/conv_2_w): BoundParams(name=/input-20/conv_2_w, inputs=[], perturbed=False)
  (/input-20/conv_3): BoundConv(name=/input-20/conv_3, inputs=[/input-20/add_1_2, /input-20/conv_3_w], perturbed=True)
  (/input-20/conv_3_relu): BoundRelu(name=/input-20/conv_3_relu, inputs=[/input-20/conv_3], perturbed=True)
  (/input-20/conv_3_w): BoundParams(name=/input-20/conv_3_w, inputs=[], perturbed=False)
  (/input-20/conv_4): BoundConv(name=/input-20/conv_4, inputs=[/input-20/add_1_2, /input-20/conv_4_w], perturbed=True)
  (/input-20/conv_4_w): BoundParams(name=/input-20/conv_4_w, inputs=[], perturbed=False)
  (/input-20/add_1_2): BoundAdd(name=/input-20/add_1_2, inputs=[/input-20/conv_1_relu, /input-20/conv_2], perturbed=True)
  (/input-20/add_3_4): BoundAdd(name=/input-20/add_3_4, inputs=[/input-20/conv_3_relu, /input-20/conv_4], perturbed=True)
  (/input-36/conv_1): BoundConv(name=/input-36/conv_1, inputs=[/80, /input-36/conv_1_w], perturbed=True)
  (/input-36/conv_1_relu): BoundRelu(name=/input-36/conv_1_relu, inputs=[/input-36/conv_1], perturbed=True)
  (/input-36/conv_1_w): BoundParams(name=/input-36/conv_1_w, inputs=[], perturbed=False)
  (/input-36/conv_2): BoundConv(name=/input-36/conv_2, inputs=[/80, /input-36/conv_2_w], perturbed=True)
  (/input-36/conv_2_w): BoundParams(name=/input-36/conv_2_w, inputs=[], perturbed=False)
  (/input-36/conv_3): BoundConv(name=/input-36/conv_3, inputs=[/input-36/add_1_2, /input-36/conv_3_w], perturbed=True)
  (/input-36/conv_3_relu): BoundRelu(name=/input-36/conv_3_relu, inputs=[/input-36/conv_3], perturbed=True)
  (/input-36/conv_3_w): BoundParams(name=/input-36/conv_3_w, inputs=[], perturbed=False)
  (/input-36/conv_4): BoundConv(name=/input-36/conv_4, inputs=[/input-36/add_1_2, /input-36/conv_4_w], perturbed=True)
  (/input-36/conv_4_w): BoundParams(name=/input-36/conv_4_w, inputs=[], perturbed=False)
  (/input-36/add_1_2): BoundAdd(name=/input-36/add_1_2, inputs=[/input-36/conv_1_relu, /input-36/conv_2], perturbed=True)
  (/input-36/add_3_4): BoundAdd(name=/input-36/add_3_4, inputs=[/input-36/conv_3_relu, /input-36/conv_4], perturbed=True)
  (/input-52/conv_1): BoundConv(name=/input-52/conv_1, inputs=[/87, /input-52/conv_1_w], perturbed=True)
  (/input-52/conv_1_relu): BoundRelu(name=/input-52/conv_1_relu, inputs=[/input-52/conv_1], perturbed=True)
  (/input-52/conv_1_w): BoundParams(name=/input-52/conv_1_w, inputs=[], perturbed=False)
  (/input-52/conv_2): BoundConv(name=/input-52/conv_2, inputs=[/87, /input-52/conv_2_w], perturbed=True)
  (/input-52/conv_2_w): BoundParams(name=/input-52/conv_2_w, inputs=[], perturbed=False)
  (/input-52/conv_3): BoundConv(name=/input-52/conv_3, inputs=[/input-52/add_1_2, /input-52/conv_3_w], perturbed=True)
  (/input-52/conv_3_relu): BoundRelu(name=/input-52/conv_3_relu, inputs=[/input-52/conv_3], perturbed=True)
  (/input-52/conv_3_w): BoundParams(name=/input-52/conv_3_w, inputs=[], perturbed=False)
  (/input-52/conv_4): BoundConv(name=/input-52/conv_4, inputs=[/input-52/add_1_2, /input-52/conv_4_w], perturbed=True)
  (/input-52/conv_4_w): BoundParams(name=/input-52/conv_4_w, inputs=[], perturbed=False)
  (/input-52/add_1_2): BoundAdd(name=/input-52/add_1_2, inputs=[/input-52/conv_1_relu, /input-52/conv_2], perturbed=True)
  (/input-52/add_3_4): BoundAdd(name=/input-52/add_3_4, inputs=[/input-52/conv_3_relu, /input-52/conv_4], perturbed=True)
  (/95/conv_1): BoundConv(name=/95/conv_1, inputs=[/94, /95/conv_1_w], perturbed=True)
  (/95/conv_1_relu): BoundRelu(name=/95/conv_1_relu, inputs=[/95/conv_1], perturbed=True)
  (/95/conv_1_w): BoundParams(name=/95/conv_1_w, inputs=[], perturbed=False)
  (/95/conv_2): BoundConv(name=/95/conv_2, inputs=[/94, /95/conv_2_w], perturbed=True)
  (/95/conv_2_w): BoundParams(name=/95/conv_2_w, inputs=[], perturbed=False)
  (/95/conv_3): BoundConv(name=/95/conv_3, inputs=[/95/add_1_2, /95/conv_3_w], perturbed=True)
  (/95/conv_3_relu): BoundRelu(name=/95/conv_3_relu, inputs=[/95/conv_3], perturbed=True)
  (/95/conv_3_w): BoundParams(name=/95/conv_3_w, inputs=[], perturbed=False)
  (/95/conv_4): BoundConv(name=/95/conv_4, inputs=[/95/add_1_2, /95/conv_4_w], perturbed=True)
  (/95/conv_4_w): BoundParams(name=/95/conv_4_w, inputs=[], perturbed=False)
  (/95/add_1_2): BoundAdd(name=/95/add_1_2, inputs=[/95/conv_1_relu, /95/conv_2], perturbed=True)
  (/95/add_3_4): BoundAdd(name=/95/add_3_4, inputs=[/95/conv_3_relu, /95/conv_4], perturbed=True)
)
Model prediction is: tensor([ 6.73397109e-02,  2.00978065e+00, -8.06486428e-01, -8.35692883e-01,
        -1.04503024e+00,  3.08130503e-01, -5.91604829e-01, -1.56363046e+00,
        -1.53181624e+00, -1.31260157e+00, -6.59279168e-01,  1.47613958e-01,
         1.50101528e-01, -1.51539400e-01,  3.71817142e-01,  3.41837287e-01,
        -5.02156794e-01, -8.27173591e-01, -2.42921442e-01, -1.94532529e-01,
        -6.71542406e-01,  1.74298510e-01,  1.70259431e-01, -7.88450181e-01,
         1.28837869e-01, -3.78958523e-01,  1.21096671e+00,  3.60787451e-01,
        -5.39033234e-01,  9.00850594e-01, -1.52513063e+00,  1.11392617e+00,
        -2.94293880e-01, -1.74597907e+00, -1.11148107e+00, -1.08266914e+00,
         5.41425467e-01, -1.63670111e+00,  1.12690389e+00, -5.84890127e-01,
         1.50588787e+00, -1.22232318e-01, -2.69102871e-01, -4.94437367e-01,
         6.34419262e-01, -7.31532395e-01,  1.51256490e+00,  9.52443555e-02,
        -1.41093194e+00, -3.22758853e-01,  1.68937936e-01, -2.34457040e+00,
         1.04146612e+00,  7.08397925e-01, -3.72334987e-01, -7.34379113e-01,
         6.23888336e-02, -1.30218410e+00,  3.46279532e-01,  4.97785658e-02,
         4.03430939e-01, -2.73353398e-01, -6.64658606e-01,  1.24717265e-01,
         9.47768167e-02, -3.71185154e-01, -4.45105880e-01, -4.30311739e-01,
        -9.44307685e-01, -1.15401781e+00,  1.03641617e+00,  1.00191915e+00,
         8.01674008e-01,  1.98164129e+00,  9.33076322e-01,  2.10229063e+00,
         7.12374151e-01,  2.48537660e+00,  2.21660733e+00,  2.11593604e+00,
         1.40078992e-01, -1.57014012e+00, -5.34200430e-01, -1.03341663e+00,
        -1.46906927e-01, -4.00221676e-01, -1.10088396e+00,  7.10120380e-01,
         4.48937327e-01, -8.79136384e-01, -1.81299493e-01, -1.24056041e+00,
         4.56335068e-01, -1.34295389e-01,  4.27001029e-01, -1.04427850e+00,
         5.59581816e-01, -8.21214497e-01,  5.30897975e-01, -9.18387353e-01,
         4.81146514e-01, -1.71858394e+00, -2.23227334e+00,  6.71660662e-01,
        -1.40208840e+00, -2.15996933e+00, -1.52118564e+00, -5.56295216e-01,
        -1.56237733e+00, -1.75880599e+00,  1.19065024e-01,  2.95783591e+00,
        -3.10281038e-01,  2.47591406e-01,  4.41391379e-01, -1.37866712e+00,
        -7.78204441e-01, -6.87607527e-02, -4.08915162e-01, -9.53672111e-01,
        -8.37796092e-01, -1.40868771e+00, -1.05963302e+00, -2.03565907e+00,
        -1.15597951e+00, -1.62342191e+00,  8.31023455e-01, -1.63386419e-01,
         1.13923156e+00,  5.31588733e-01, -8.56466144e-02, -2.52499133e-01,
         4.35046583e-01, -3.37499022e-01,  2.20859200e-01, -9.69603896e-01,
        -8.00091147e-01, -1.09142259e-01, -1.26525294e-02, -1.34689128e+00,
        -1.76696074e+00,  6.68478608e-01, -9.22883570e-01, -4.20428663e-01,
        -4.52981323e-01, -5.38043857e-01, -1.20857871e+00,  6.65254295e-01,
         2.05784425e-01,  7.93166459e-03, -1.73461795e+00,  6.10385418e-01,
        -6.59122705e-01,  2.94967175e-01, -9.89360437e-02, -3.86615515e-01,
        -5.44727623e-01, -5.90446964e-03, -5.66933393e-01, -9.79395509e-01,
        -1.01763284e+00, -3.66123974e-01,  1.39131099e-01, -7.14355350e-01,
        -5.90501547e-01, -6.38519466e-01, -8.49520624e-01, -9.81204331e-01,
        -2.47647941e-01, -5.48496246e-01, -1.92434207e-01, -5.00984132e-01,
        -1.13422835e+00, -2.33679250e-01, -5.36896944e-01, -8.99742246e-01,
        -1.13567472e+00, -1.93287119e-01,  8.45306665e-02, -9.77736175e-01,
        -1.28008342e+00, -2.70273983e-01,  1.24991715e-01, -3.25115412e-01,
        -1.37907073e-01, -4.10171777e-01, -1.26513898e-01,  3.53995562e-01,
        -5.78687072e-01, -7.64269292e-01, -1.81737468e-01, -7.93466941e-02,
        -4.81436878e-01, -3.23151886e-01, -5.81507802e-01,  1.09261787e+00,
        -1.06788002e-01, -9.28523779e-01, -8.58834207e-01,  5.59631705e-01,
        -2.72552431e-01, -5.42887032e-01, -2.01362103e-01,  8.01699460e-01,
        -2.39791721e-01, -6.07854009e-01, -1.06064129e+00, -7.59265542e-01,
        -7.34246910e-01, -8.22109759e-01, -1.28094411e+00, -3.93460721e-01,
        -1.08353809e-01, -7.49878824e-01, -6.92559183e-01, -5.52763402e-01,
        -6.57004654e-01, -2.87805110e-01, -6.02889419e-01, -7.65652061e-01,
        -1.02981305e+00, -4.04113263e-01, -4.16568667e-01,  2.35007405e-01,
         4.15722094e-03, -9.56265688e-01, -9.23224986e-01, -5.59334636e-01,
        -8.29079092e-01,  4.15826917e-01, -7.62606502e-01, -3.57664376e-01,
        -7.32015669e-01, -5.08489251e-01, -3.81660730e-01, -9.31350812e-02,
        -5.96408248e-01, -1.02980785e-01, -8.04346204e-01, -2.78469861e-01,
        -6.47597015e-01, -6.16728365e-01,  1.68347694e-02, -1.62186074e+00,
        -1.01852870e+00,  2.06054434e-01, -1.30374122e+00, -5.04365861e-01,
        -1.11834198e-01, -1.65943548e-01, -2.89001882e-01, -1.19716859e+00,
         2.58611649e-01, -1.84413314e-01,  9.02106464e-01, -1.27263546e+00,
        -1.19204414e+00,  3.82953361e-02,  2.12891065e-02,  2.57919878e-01,
         5.47278486e-03, -5.29986024e-01, -9.42296386e-01, -4.41512674e-01,
        -6.99516833e-01, -1.07293408e-02, -7.73739338e-01, -9.21745420e-01,
        -1.47567832e+00,  3.13761532e-01,  3.24443549e-01, -3.59673142e-01,
         5.08806944e-01,  2.17352584e-01, -4.42681551e-01, -5.63432693e-01,
        -7.64476001e-01, -2.69881278e-01, -6.31342888e-01,  6.91674054e-01,
        -1.12772025e-01,  1.39496195e+00,  1.37132394e+00,  1.89897156e+00,
         1.85233355e+00,  4.54663754e-01, -8.83580625e-01, -2.67126501e-01,
        -1.14063668e+00, -9.03852761e-01, -1.39077842e+00, -1.15784478e+00,
        -7.80766666e-01, -6.25339866e-01, -1.43867218e+00, -1.11249733e+00,
         5.24528697e-03, -1.11301112e+00, -1.61446488e+00, -1.04868555e+00,
        -3.79892379e-01,  1.30483997e+00,  1.08269083e+00,  5.31245768e-01,
        -1.58003271e-01, -1.22401273e+00,  4.62559998e-01,  6.52059257e-01,
         1.32815814e+00, -6.12434387e-01,  1.35412204e+00,  1.35631013e+00,
         1.93097711e-01,  2.05102611e+00,  1.89288759e+00,  1.17737031e+00,
         8.78705978e-01, -1.31801158e-01,  1.98440933e+00,  1.56796706e+00,
         1.27708316e+00, -1.55389321e+00, -1.16080070e+00, -1.28573787e+00,
        -1.08680511e+00, -1.83985758e+00, -1.51842916e+00, -4.17158216e-01,
        -1.98302209e+00, -1.44626737e+00,  6.03042394e-02,  4.06276226e-01,
         1.31846452e+00, -4.29430604e-01, -9.34614122e-01, -5.97266614e-01,
        -1.94402552e+00,  3.43539193e-03, -5.39385498e-01, -1.93162191e+00,
        -1.32173073e+00, -1.13506401e+00, -1.82021224e+00, -1.48996782e+00,
        -9.00907040e-01, -1.83846879e+00, -1.77952540e+00, -1.21910560e+00,
        -2.53011584e+00, -1.65292084e+00, -1.82131422e+00, -1.38773394e+00,
        -1.73874629e+00, -1.29552794e+00, -1.89954317e+00, -1.83661330e+00,
        -3.10421646e-01, -2.51321614e-01, -7.26731643e-02,  2.20224112e-02,
        -6.68538332e-01,  4.20882523e-01, -2.18780443e-01, -5.03247857e-01,
        -1.89295852e+00, -7.08050132e-01, -9.67409670e-01, -5.05438328e-01,
        -5.22211790e-01, -9.28428948e-01, -3.56983989e-01, -1.33376145e+00,
        -9.58268821e-01, -6.90503299e-01, -6.22985780e-01, -1.15056062e+00,
        -8.26056302e-01, -3.33162874e-01, -5.46193123e-01, -1.46745074e+00,
        -2.24399179e-01, -1.20145082e+00, -5.27071178e-01, -6.99904323e-01,
        -1.07338500e+00, -9.59008873e-01, -1.56272244e+00, -1.45416951e+00,
        -2.07514262e+00,  7.11940467e-01, -8.73183846e-01,  6.40687168e-01,
        -1.64377183e-01, -2.10323477e+00, -4.12285000e-01,  9.22634065e-01,
        -1.90337229e+00, -1.55255020e+00, -1.57244548e-01,  4.80603904e-01,
        -4.26121950e-01, -3.04280072e-01, -1.76026791e-01, -4.55712378e-01,
        -2.53675252e-01,  1.49681640e+00, -5.55085778e-01, -3.30286443e-01,
        -1.83711505e+00,  2.89548373e+00, -9.11247969e-01,  1.47776592e+00,
         5.70133090e-01,  9.67148125e-01,  1.21577501e+00, -1.72837734e+00,
         1.81283414e+00,  3.91967267e-01,  3.10491824e+00,  1.90404129e+00,
         1.29491389e-01,  4.56584752e-01,  5.06138913e-02, -3.61291885e-01,
         1.37933150e-01,  3.30289960e-01,  1.47079813e+00, -7.65824676e-01,
        -3.91856283e-01, -1.09790973e-01, -5.72559536e-01,  3.65934968e-02,
         4.45878804e-01,  4.01348591e-01,  1.20962155e+00,  1.60755622e+00,
        -5.59467375e-01, -3.33136082e-01,  1.43551266e+00,  3.88518929e-01,
        -1.88354582e-01,  1.30689561e+00, -3.13239545e-01,  1.96665406e+00,
        -9.90429163e-01, -3.76248598e-01,  3.23528600e+00, -1.43006116e-01,
        -4.58337545e-01, -1.93564370e-01, -5.52505910e-01,  1.30649507e+00,
         6.33420944e-02,  4.81886983e-01, -1.26731241e+00,  3.78157347e-01,
         3.85533810e-01,  1.12571466e+00, -4.97300625e-02,  2.74404258e-01,
        -1.24920309e+00, -1.13208890e-01,  2.44342566e+00, -3.41699332e-01,
         1.29083633e+00,  1.75210190e+00, -7.48391032e-01, -1.98737037e+00,
        -1.31146580e-01,  1.52910665e-01,  1.00918984e+00, -1.22407866e+00,
        -5.87886930e-01,  1.38214958e+00, -6.90316200e-01,  6.19197786e-01,
        -1.62418246e+00,  3.47415358e-01,  3.26642931e-01, -7.36489296e-01,
         2.41664338e+00,  1.68358648e+00,  1.11672938e+00, -1.48059428e+00,
        -9.20518517e-01,  1.33835351e+00,  3.30800325e-01,  2.30438733e+00,
         3.08903009e-01,  2.93977529e-01,  1.15924883e+00, -6.12313390e-01,
         1.01567435e+00,  1.15853357e+00,  7.96960235e-01,  5.16730249e-01,
         7.92635024e-01,  6.34762645e-02, -1.80525422e-01,  2.81231308e+00,
        -2.75571179e+00,  2.27994006e-03, -9.20545876e-01,  5.10188401e-01,
         3.93080920e-01,  1.34285018e-01, -1.86015344e+00,  1.77908587e+00,
         1.24428475e+00, -2.27578783e+00, -8.64657044e-01, -8.04496408e-01,
         1.07621133e+00, -7.17311978e-01, -3.81692290e-01, -4.90260124e-01,
        -1.30539858e+00,  3.13380659e-01,  1.15880229e-01, -4.22223151e-01,
        -3.51666451e-01, -2.57690132e-01, -1.08686543e+00, -1.42774999e-01,
        -6.61323071e-01, -7.04897106e-01,  5.00441670e-01,  1.27964807e+00,
        -1.24833539e-01, -2.27397054e-01,  2.01251054e+00,  1.08105290e+00,
         7.72328526e-02,  5.67101359e-01,  2.31855416e+00, -1.51070166e+00,
        -1.34084904e+00, -5.91133118e-01,  6.89750910e-02,  3.13665795e+00,
        -1.53962895e-01, -1.30017519e+00,  1.57555997e+00, -5.07330835e-01,
        -1.01710999e+00,  1.02461135e+00, -1.96608394e-01, -1.93956184e+00,
         9.00000632e-01,  3.60027051e+00, -9.35874104e-01, -9.10593569e-02,
         9.57585275e-01,  1.98691714e+00,  2.87860423e-01, -7.41318047e-01,
         4.65816450e+00,  1.13683736e+00,  7.64122605e-01,  4.93189484e-01,
        -1.26811159e+00, -6.56591475e-01,  1.68776000e+00,  1.94451869e+00,
        -7.42020011e-02,  4.92281288e-01, -1.21030581e+00,  3.03404748e-01,
        -4.32590216e-01, -2.00421047e+00, -1.81061756e-02, -3.77830327e-01,
         9.73235071e-01, -1.41010046e+00,  3.31695259e-01, -1.36320138e+00,
        -1.61115909e+00,  5.17667174e-01,  2.24126130e-01,  3.54471147e-01,
         1.71751410e-01, -2.26501942e-01, -2.26972914e+00, -3.29836346e-02,
         1.72940397e+00,  6.87063217e-01, -8.04056466e-01,  2.05667090e+00,
         1.93325663e+00,  6.84639990e-01,  1.40863109e+00,  4.38512754e+00,
         7.94978440e-01,  1.04067314e+00, -2.83554375e-01, -1.24771023e+00,
         1.91987932e+00,  3.59363645e-01,  1.09050488e+00,  2.01106310e+00,
         2.12858987e+00,  6.99883625e-02,  1.12548816e+00, -1.97831619e+00,
         1.75916529e+00,  2.37945700e+00,  7.88979053e-01, -6.59966648e-01,
         1.44884515e+00, -1.14873338e+00,  7.57208824e-01,  7.35804915e-01,
        -9.40781534e-01,  4.54052120e-01,  4.27938670e-01,  1.17191398e+00,
         1.72668791e+00,  2.63920516e-01,  2.09636927e+00,  2.46682692e+00,
         2.16277194e+00,  1.91991031e-01,  1.20402420e+00,  3.00839329e+00,
        -6.42049611e-01, -1.12729728e+00,  2.20794392e+00,  2.40089104e-01,
        -1.44081509e+00,  1.51111352e+00,  2.40758777e-01,  4.17855442e-01,
         4.03391838e+00,  1.12451887e+00, -1.75821054e+00,  6.73013687e-01,
         2.02078104e+00,  3.99164826e-01, -2.56898254e-01, -8.31009895e-02,
        -8.85466695e-01, -6.11616522e-02, -1.17096364e+00, -3.32706690e-01,
         2.19421196e+00, -1.51370430e+00, -1.81711942e-01,  6.94500506e-01,
         2.02566314e+00, -2.01308107e+00,  1.64405465e+00,  3.97025681e+00,
        -7.65696049e-01, -9.06032696e-02, -7.13660598e-01,  7.15030015e-01,
        -4.26870435e-01,  1.22983265e+00, -3.39912683e-01,  3.08050543e-01,
         3.72038007e-01, -1.42297232e+00,  1.74913967e+00, -9.16689932e-01,
         2.50334167e+00, -4.71180052e-01, -4.22724821e-02,  3.07852924e-01,
        -7.49534547e-01,  2.34328628e+00, -1.49009228e-01, -1.23113501e+00,
        -7.96302617e-01,  1.45521021e+00,  2.91697443e-01, -3.70742828e-02,
        -8.28743398e-01,  1.69297421e+00,  1.39870524e-01,  3.47144514e-01,
         1.45132995e+00,  1.89227903e+00, -7.86206424e-01,  8.48887205e-01,
        -1.52509212e-01,  9.06850398e-01,  2.13085935e-01, -1.89976811e+00,
         2.59958291e+00, -7.81598687e-03, -3.53944230e+00,  9.26274881e-02,
         1.81314576e+00,  9.36725676e-01, -1.05002606e+00,  1.32949591e+00,
         1.94315314e+00, -2.27057904e-01, -1.30081344e+00,  3.09776366e-01,
         2.21050882e+00,  1.20444226e+00,  4.06154543e-01, -1.08184397e+00,
         1.45665634e+00, -8.94338727e-01, -7.91758239e-01,  1.46291113e+00,
         5.33171654e-01,  2.29989028e+00,  6.07489705e-01,  1.23407793e+00,
         1.17756736e+00,  9.69371200e-01,  8.90933037e-01, -9.41517353e-01,
         5.82103506e-02, -1.19444263e+00,  1.23154484e-01,  3.61128807e-01,
         3.64583641e-01,  1.19586289e+00,  1.95783067e+00,  8.49681050e-02,
        -2.09559655e+00,  6.55987084e-01,  5.54951802e-02,  4.14679050e-01,
         9.05359268e-01,  1.39074445e-01, -1.60034168e+00,  1.93631816e+00,
         3.53321284e-01,  1.55974567e+00, -9.87646461e-01,  9.77105647e-02,
        -1.63496770e-02,  6.68057576e-02,  3.33567649e-01, -1.65067756e+00,
        -3.26789975e-01,  2.34847951e+00, -1.39092416e-01, -1.39431894e-01,
         1.55687308e+00,  1.15543580e+00,  1.79729986e+00,  8.63296866e-01,
         2.06401396e+00,  2.07198071e+00,  7.98022151e-01, -4.96794552e-01,
         5.90464056e-01,  3.61538935e+00,  1.79560113e+00, -1.11944366e+00,
         6.21585071e-01, -6.93464637e-01,  2.71107614e-01,  9.37472343e-01,
         2.41019416e+00,  1.98046052e+00, -1.45137298e+00,  1.54940379e+00,
         1.62186503e+00, -1.50854692e-01,  7.18673229e-01,  1.58170414e+00,
        -9.98080492e-01,  1.62913775e+00, -6.09637260e-01,  2.12018800e+00,
         1.96454692e+00,  8.80421281e-01, -5.56211829e-01, -4.07350570e-01,
         2.80090511e-01,  1.75624132e+00,  9.86757398e-01, -9.09066141e-01,
        -5.53657651e-01,  5.33110559e-01,  3.02938414e+00,  1.65611291e+00,
         2.72935605e+00,  6.02995574e-01, -2.32911423e-01,  4.17858183e-01,
        -1.14295828e+00,  2.84628463e+00, -2.56151706e-01,  1.17020510e-01,
         1.37244213e+00,  6.38179779e-01,  3.72054982e+00,  1.23099720e+00,
         8.70291591e-01,  7.88844526e-01,  1.97866535e+00,  2.60462570e+00,
        -6.85521901e-01, -1.46506977e+00, -3.71495411e-02,  4.24839258e-01,
         1.43129969e+00, -2.72370219e-01, -8.80943462e-02,  1.55762577e+00,
        -1.46546030e+00, -1.22304291e-01,  1.42322731e+00,  2.11082149e+00,
         1.01196587e+00,  1.33704925e+00,  1.12377964e-01,  1.42748141e+00,
         5.56309879e-01, -3.42116028e-01,  1.91919625e+00,  2.60481209e-01,
        -1.51539600e+00, -1.18817651e+00, -8.34006250e-01,  2.03853205e-01,
         4.55219328e-01, -1.02285266e+00,  1.41952336e+00,  7.54298866e-01,
         2.33653235e+00, -1.87990165e+00, -3.09708565e-01,  1.24940419e+00,
        -1.35452902e+00, -5.27087569e-01,  9.99306917e-01, -1.25316131e+00,
        -1.27799168e-01, -3.83346453e-02,  1.75523341e-01, -8.53017211e-01,
         1.60762274e+00, -5.28961241e-01, -2.93016672e-01, -1.68955892e-01,
         3.33836865e+00,  2.19397831e+00,  1.58902884e+00, -1.22634578e+00,
         1.62879527e+00, -3.19828242e-01, -5.44129252e-01,  3.78289580e+00,
         6.34410322e-01, -1.17068624e+00,  1.61227155e+00,  1.31027281e+00,
        -2.62050629e+00, -6.34609282e-01,  1.76708624e-01, -5.40231951e-02,
         5.76660186e-02,  1.04483414e+00,  1.21102579e-01, -1.35168886e+00,
        -1.02947772e+00, -1.80534208e+00, -1.42130971e+00, -1.09328382e-01,
         2.40477991e+00, -2.57188857e-01, -2.64587611e-01,  1.03584200e-01,
         1.11794591e+00, -7.06718266e-01, -2.09959602e+00,  3.54444757e-02,
         1.37474144e+00,  2.74771750e-01, -3.35771769e-01,  1.26431441e+00,
         1.88508272e-01,  6.05078995e-01,  1.26197231e+00,  9.26081300e-01,
         5.15285954e-02,  2.82005787e+00,  3.00697207e-01, -3.75456750e-01,
        -8.66908789e-01,  4.98554587e-01, -1.20426583e+00,  6.06756993e-02,
         3.70246387e+00,  2.02262402e+00,  2.20560074e+00, -5.44029415e-01,
         1.67124939e+00,  1.78144228e+00,  1.52402234e+00,  5.91057241e-01,
        -4.08149660e-01, -2.69466639e-01,  1.39590538e+00,  3.97345781e-01,
         6.99263906e+00,  5.08464003e+00,  2.18824959e+00, -4.02204365e-01,
         5.28634787e-01, -5.02176769e-02,  6.76427245e-01,  2.30343723e+00,
        -1.51335275e+00, -1.94022727e+00, -3.48658971e-02, -1.99995530e+00,
         1.75595260e+00, -3.29054862e-01, -1.03157461e-01,  4.35872763e-01,
         8.66673529e-01,  2.30760598e+00,  3.08000654e-01, -7.00705171e-01,
        -2.33031273e+00,  6.65762603e-01, -1.07518566e+00, -1.21305048e+00,
        -1.55274940e+00,  1.47359729e-01, -8.92571509e-01, -1.45798850e+00,
        -1.02456522e+00, -2.42019868e+00, -1.07201791e+00, -1.42169201e+00,
        -1.70995486e+00, -2.09377766e+00, -1.32101095e+00, -2.58566737e-01,
        -1.15568769e+00, -1.10297382e+00, -5.35106421e-01, -3.86366427e-01,
        -2.82381201e+00, -6.67574286e-01, -1.64304435e+00, -1.27703524e+00,
         4.19198841e-01,  1.08906066e+00,  5.11272140e-02, -5.04324973e-01,
        -7.08438694e-01, -4.72047985e-01, -6.17574394e-01, -1.91248655e+00,
        -1.68596554e+00, -1.31374612e-01, -1.18420470e+00, -1.96168089e+00,
        -1.51515365e+00, -1.34852552e+00, -1.02766991e+00, -1.40291476e+00,
        -1.67741108e+00, -1.71770632e+00,  1.64003754e+00, -7.32802570e-01,
         5.05700290e-01, -1.78408355e-01, -1.43338609e+00,  2.05821204e+00,
        -1.45458949e+00, -1.28910124e+00,  7.43027270e-01, -3.67219821e-02,
        -1.66431427e+00,  5.35233557e-01, -6.32856786e-02, -2.11730003e+00,
         2.83240348e-01,  5.07590324e-02, -3.59240264e-01, -8.26880753e-01,
        -7.13877439e-01,  2.69280851e-01, -1.30866253e+00, -3.48281652e-01,
        -1.01864183e+00,  4.80044693e-01, -1.26586199e+00, -1.74128163e+00,
        -1.40605068e+00, -2.45634437e+00, -1.83854389e+00, -1.21836495e+00,
        -1.27962363e+00, -2.27794933e+00, -5.32971993e-02,  1.08821797e+00],
       device='cuda:0')
Clean RHS: tensor([[0.78415769]], device='cuda:0')
Split layers:
Nonlinear functions:
   BoundRelu(name=/66, inputs=[/input], perturbed=True)
   BoundRelu(name=/68, inputs=[/input-4], perturbed=True)
   BoundRelu(name=/71, inputs=[/input-12], perturbed=True)
   BoundRelu(name=/73, inputs=[/input-16], perturbed=True)
   BoundRelu(name=/76, inputs=[/input-24], perturbed=True)
   BoundRelu(name=/78, inputs=[/input-28], perturbed=True)
   BoundRelu(name=/80, inputs=[/input-32], perturbed=True)
   BoundRelu(name=/83, inputs=[/input-40], perturbed=True)
   BoundRelu(name=/85, inputs=[/input-44], perturbed=True)
   BoundRelu(name=/87, inputs=[/input-48], perturbed=True)
   BoundRelu(name=/90, inputs=[/input-56], perturbed=True)
   BoundRelu(name=/92, inputs=[/input-60], perturbed=True)
   BoundRelu(name=/94, inputs=[/input-64], perturbed=True)
   BoundRelu(name=/98, inputs=[/input-68], perturbed=True)
   BoundRelu(name=/101, inputs=[/input-72], perturbed=True)
   BoundRelu(name=/input-8/conv_1_relu, inputs=[/input-8/conv_1], perturbed=True)
   BoundRelu(name=/input-8/conv_3_relu, inputs=[/input-8/conv_3], perturbed=True)
   BoundRelu(name=/input-20/conv_1_relu, inputs=[/input-20/conv_1], perturbed=True)
   BoundRelu(name=/input-20/conv_3_relu, inputs=[/input-20/conv_3], perturbed=True)
   BoundRelu(name=/input-36/conv_1_relu, inputs=[/input-36/conv_1], perturbed=True)
   BoundRelu(name=/input-36/conv_3_relu, inputs=[/input-36/conv_3], perturbed=True)
   BoundRelu(name=/input-52/conv_1_relu, inputs=[/input-52/conv_1], perturbed=True)
   BoundRelu(name=/input-52/conv_3_relu, inputs=[/input-52/conv_3], perturbed=True)
   BoundRelu(name=/95/conv_1_relu, inputs=[/95/conv_1], perturbed=True)
   BoundRelu(name=/95/conv_3_relu, inputs=[/95/conv_3], perturbed=True)
Batched CROWN: node BoundConv(name=/input-4, inputs=[/66, /35, /36], perturbed=True), unstable size 46378
Batched CROWN: node BoundConv(name=/input-8/conv_1, inputs=[/68, /input-8/conv_1_w], perturbed=True), unstable size 65785
Batched CROWN: node BoundConv(name=/input-8/conv_3, inputs=[/input-8/add_1_2, /input-8/conv_3_w], perturbed=True), unstable size 19315
Batched CROWN: node BoundConv(name=/input-12, inputs=[/input-8/add_3_4, /37, /38], perturbed=True), unstable size 435977
Batched CROWN: node BoundConv(name=/input-16, inputs=[/71, /39, /40], perturbed=True), unstable size 1567195
Batched CROWN: node BoundConv(name=/input-20/conv_1, inputs=[/73, /input-20/conv_1_w], perturbed=True), unstable size 32113
Batched CROWN: node BoundConv(name=/input-20/conv_3, inputs=[/input-20/add_1_2, /input-20/conv_3_w], perturbed=True), unstable size 13352
Batched CROWN: node BoundConv(name=/input-24, inputs=[/input-20/add_3_4, /41, /42], perturbed=True), unstable size 412409
Batched CROWN: node BoundConv(name=/input-28, inputs=[/76, /43, /44], perturbed=True), unstable size 795485
Batched CROWN: node BoundConv(name=/input-32, inputs=[/78, /45, /46], perturbed=True), unstable size 134501
Batched CROWN: node BoundConv(name=/input-36/conv_1, inputs=[/80, /input-36/conv_1_w], perturbed=True), unstable size 38287
Batched CROWN: node BoundConv(name=/input-36/conv_3, inputs=[/input-36/add_1_2, /input-36/conv_3_w], perturbed=True), unstable size 19512
Batched CROWN: node BoundConv(name=/input-40, inputs=[/input-36/add_3_4, /47, /48], perturbed=True), unstable size 317085
Batched CROWN: node BoundConv(name=/input-44, inputs=[/83, /49, /50], perturbed=True), unstable size 278186
Batched CROWN: node BoundConv(name=/input-48, inputs=[/85, /51, /52], perturbed=True), unstable size 196293
Batched CROWN: node BoundConv(name=/input-52/conv_1, inputs=[/87, /input-52/conv_1_w], perturbed=True), unstable size 7822
Batched CROWN: node BoundConv(name=/input-52/conv_3, inputs=[/input-52/add_1_2, /input-52/conv_3_w], perturbed=True), unstable size 4618
Batched CROWN: node BoundConv(name=/input-56, inputs=[/input-52/add_3_4, /53, /54], perturbed=True), unstable size 94550
Batched CROWN: node BoundConv(name=/input-60, inputs=[/90, /55, /56], perturbed=True), unstable size 96499
Batched CROWN: node BoundConv(name=/input-64, inputs=[/92, /57, /58], perturbed=True), unstable size 99097
Batched CROWN: node BoundConv(name=/95/conv_1, inputs=[/94, /95/conv_1_w], perturbed=True), unstable size 41493
Batched CROWN: node BoundConv(name=/95/conv_3, inputs=[/95/add_1_2, /95/conv_3_w], perturbed=True), unstable size 21347
Batched CROWN: node BoundLinear(name=/input-68, inputs=[/96, /59, /60], perturbed=True), unstable size 4096
Batched CROWN: node BoundLinear(name=/input-72, inputs=[/99, /61, /62], perturbed=True), unstable size 4096
initial crown bounds: tensor([[-1298278.12500000]], device='cuda:0')
Number of class (without rhs): 1 ; Worst class: (+ rhs) -1298278.125
Iteration 1
Adv attack time: 1.5444s
Batch size: 1
Current pickout batch: 1, total pickout batch: 1
Batched CROWN: node BoundConv(name=/input-4, inputs=[/66, /35, /36], perturbed=True), unstable size 46378
Batched CROWN: node BoundConv(name=/input-8/conv_1, inputs=[/68, /input-8/conv_1_w], perturbed=True), unstable size 65785
Batched CROWN: node BoundConv(name=/input-8/conv_3, inputs=[/input-8/add_1_2, /input-8/conv_3_w], perturbed=True), unstable size 19315
Batched CROWN: node BoundConv(name=/input-12, inputs=[/input-8/add_3_4, /37, /38], perturbed=True), unstable size 435977
Batched CROWN: node BoundConv(name=/input-16, inputs=[/71, /39, /40], perturbed=True), unstable size 1567195
Batched CROWN: node BoundConv(name=/input-20/conv_1, inputs=[/73, /input-20/conv_1_w], perturbed=True), unstable size 32113
Batched CROWN: node BoundConv(name=/input-20/conv_3, inputs=[/input-20/add_1_2, /input-20/conv_3_w], perturbed=True), unstable size 13352
Batched CROWN: node BoundConv(name=/input-24, inputs=[/input-20/add_3_4, /41, /42], perturbed=True), unstable size 412409
Batched CROWN: node BoundConv(name=/input-28, inputs=[/76, /43, /44], perturbed=True), unstable size 795485
Batched CROWN: node BoundConv(name=/input-32, inputs=[/78, /45, /46], perturbed=True), unstable size 134501
Batched CROWN: node BoundConv(name=/input-36/conv_1, inputs=[/80, /input-36/conv_1_w], perturbed=True), unstable size 38287
Batched CROWN: node BoundConv(name=/input-36/conv_3, inputs=[/input-36/add_1_2, /input-36/conv_3_w], perturbed=True), unstable size 19512
Batched CROWN: node BoundConv(name=/input-40, inputs=[/input-36/add_3_4, /47, /48], perturbed=True), unstable size 317085
Batched CROWN: node BoundConv(name=/input-44, inputs=[/83, /49, /50], perturbed=True), unstable size 278186
Batched CROWN: node BoundConv(name=/input-48, inputs=[/85, /51, /52], perturbed=True), unstable size 196293
Batched CROWN: node BoundConv(name=/input-52/conv_1, inputs=[/87, /input-52/conv_1_w], perturbed=True), unstable size 7822
Batched CROWN: node BoundConv(name=/input-52/conv_3, inputs=[/input-52/add_1_2, /input-52/conv_3_w], perturbed=True), unstable size 4618
Batched CROWN: node BoundConv(name=/input-56, inputs=[/input-52/add_3_4, /53, /54], perturbed=True), unstable size 94550
Batched CROWN: node BoundConv(name=/input-60, inputs=[/90, /55, /56], perturbed=True), unstable size 96499
Batched CROWN: node BoundConv(name=/input-64, inputs=[/92, /57, /58], perturbed=True), unstable size 99097
Batched CROWN: node BoundConv(name=/95/conv_1, inputs=[/94, /95/conv_1_w], perturbed=True), unstable size 41493
Batched CROWN: node BoundConv(name=/95/conv_3, inputs=[/95/add_1_2, /95/conv_3_w], perturbed=True), unstable size 21347
Batched CROWN: node BoundLinear(name=/input-68, inputs=[/96, /59, /60], perturbed=True), unstable size 4096
Batched CROWN: node BoundLinear(name=/input-72, inputs=[/99, /61, /62], perturbed=True), unstable size 4096
Worst bound: tensor([-1298279.87500000], device='cuda:0')
Current (lb-rhs): -1298279.875
Total time: 2556.2982  pickout: 0.0004  split: 0.0010  decision: 0.0003  bounding: 2556.2624  clipping: 0.0000  add_domain: 0.0230  rest: 0.0109
Length of domains: 2
3 branch and bound domains visited
Time out!
Result: timeout
Time: 3892.7713680267334
[rank 0] === Checking instance ID 266 ===
[rank 0] >>> Running ID=266 onnx=onnx/vgg16-7.onnx
Configurations:

general:
  device: cuda
  seed: 100
  conv_mode: patches
  deterministic: false
  double_fp: false
  loss_reduction_func: max
  sparse_alpha: true
  sparse_interm: true
  save_adv_example: false
  verify_onnxruntime_output: false
  eval_adv_example: false
  show_adv_example: false
  precompile_jit: false
  prepare_only: false
  complete_verifier: bab
  enable_incomplete_verification: false
  csv_name: instances.csv
  results_file: results/vggnet16_all_p_2/result_266.rank0.txt
  root_path: ../../vnncomp2023_benchmarks/benchmarks/vggnet16
  deterministic_opt: false
  graph_optimizer: 'Customized("custom_graph_optimizer", "maxpool_to_relu")'
  buffer_has_batchdim: false
  save_output: false
  output_file: out.pkl
  return_optimized_model: false
  output_additional_stats: true
  instance_id: 266
  dataset_output_dir: dataset
  min_stable_neurons_ratio_threshold: 0.0
model:
  name: null
  path: null
  onnx_path: /projects/air/dlverifier/vggnet16_all/onnx/vgg16-7.onnx
  onnx_path_prefix: ''
  cache_onnx_conversion: true
  debug_onnx: false
  onnx_quirks: null
  input_shape: null
  onnx_loader: default_onnx_and_vnnlib_loader
  onnx_optimization_flags: []
  onnx_vnnlib_joint_optimization_flags: none
  check_optimized: false
  flatten_final_output: false
  optimize_graph: null
  with_jacobian: false
data:
  start: 0
  end: 10000
  select_instance: null
  num_outputs: 1000
  mean: 0.0
  std: 1.0
  pkl_path: null
  dataset: null
  data_filter_path: null
  data_idx_file: null
specification:
  type: lp
  robustness_type: verified-acc
  norm: .inf
  epsilon: null
  epsilon_min: 0.0
  vnnlib_path: /projects/air/dlverifier/vggnet16_all/vnnlib/n01739381_vine_snake_fix_mask_seg0_k50176_eps_0.0002.vnnlib
  vnnlib_path_prefix: ''
  rhs_offset: null
solver:
  batch_size: 1
  auto_enlarge_batch_size: false
  min_batch_size_ratio: 0.1
  use_float64_in_last_iteration: false
  early_stop_patience: 10
  start_save_best: 0.5
  bound_prop_method: forward+backward
  init_bound_prop_method: same
  prune_after_crown: false
  optimize_disjuncts_separately: false
  crown:
    batch_size: 16
    max_crown_size: 1000000000
    relu_option: adaptive
  alpha-crown:
    alpha: true
    lr_alpha: 0.1
    iteration: 100
    share_alphas: false
    lr_decay: 0.98
    full_conv_alpha: true
    max_coeff_mul: .inf
    matmul_share_alphas: false
    disable_optimization: []
    max_time: 1.0
  invprop:
    apply_output_constraints_to: []
    tighten_input_bounds: false
    best_of_oc_and_no_oc: false
    directly_optimize: []
    oc_lr: 0.1
    share_gammas: false
  beta-crown:
    lr_alpha: 0.01
    lr_beta: 0.05
    lr_decay: 0.98
    optimizer: adam
    iteration: 10
    beta: true
    beta_warmup: true
    enable_opt_interm_bounds: false
    all_node_split_LP: false
  forward:
    refine: false
    dynamic: true
    max_dim: 100
    reset_threshold: 1.0
  intermediate_refinement:
    enabled: false
    batch_size: 10
    opt_coeffs: false
    opt_bias: false
    lr: 0.05
    layers: [-1]
    max_domains: 1000
  multi_class:
    label_batch_size: 32
    skip_with_refined_bound: true
  mip:
    unstable_neuron_threshold: 0
    parallel_solvers: null
    solver_threads: 1
    refine_neuron_timeout: 15
    refine_neuron_time_percentage: 0.8
    early_stop: true
    adv_warmup: true
    mip_solver: gurobi
    skip_unsafe: false
    topk_filter: 1.0
    sliding_window: -1
    extra_constraint: false
    refine_neuron_timeout_increasement: 0
    timeout_neuron_percentage: 0.3
    remaining_timeout_threshold: 1
    remove_unstable_neurons: true
    lp_solver: false
bab:
  initial_max_domains: 1
  backing_up_max_domain: null
  max_domains: .inf
  decision_thresh: 0
  timeout: 1200.0
  timeout_scale: 1
  max_iterations: -1
  override_timeout: null
  get_upper_bound: false
  pruning_in_iteration: true
  pruning_in_iteration_ratio: 0.2
  sort_targets: false
  batched_domain_list: true
  optimized_interm: ''
  interm_transfer: true
  recompute_interm: false
  sort_domain_interval: -1
  vanilla_crown: false
  tree_traversal: depth_first
  cut:
    enabled: false
    cuts_path: /tmp/abcrown_cuts
    implication: false
    bab_cut: false
    lp_cut: false
    method: null
    lr: 0.01
    lr_decay: 1.0
    iteration: 100
    bab_iteration: -1
    early_stop_patience: -1
    lr_beta: 0.02
    number_cuts: 50
    topk_cuts_in_filter: 1000
    batch_size_primal: 100
    max_num: 1000000000
    patches_cut: false
    cplex_cuts: false
    cplex_cuts_wait: 0
    cplex_cuts_revpickup: true
    cut_reference_bounds: true
    fix_intermediate_bounds: false
    _tmp_cuts: null
    fixed_cuts: false
    add_implied_cuts: false
    add_input_cuts: false
    biccos:
      enabled: false
      constraint_strengthening: true
      recursively_strengthening: false
      drop_ratio: 0.5
      verified_bonus: 0.3
      max_infer_iter: 20
      heuristic: neuron_influence_score
      save_biccos_cuts: false
      multi_tree_branching:
        enabled: false
        restore_best_tree: false
        keep_n_best_domains: 1
        k_splits: 1
        iterations: 1
  branching:
    method: sb
    candidates: 3
    reduceop: min
    enable_intermediate_bound_opt: false
    branching_input_and_activation: false
    branching_input_and_activation_order: [input, relu]
    branching_input_iterations: 30
    branching_relu_iterations: 50
    gnn_path: ''
    neural_heuristic:
      model_path: ''
    rl:
      experiment: general
      eval: false
      extras: []
      logging:
        color: true
        debug: true
        file: rl-experiment.log
      pnet:
        gH: 64
        tH: 64
        nheads: 64
        nlayers: 64
        useDynamicGraph: true
        bidirectional: false
        GAT: true
      training:
        gamma: 0.99
        lr: 0.001
        batchSize: 8
        loop: 8
        totalEpochs: 10
        updatePolicyFrequency: 10
        updateTargetFrequency: 10
        buffer: buffer.pkl
        preparedBuffer: 'False'
        TestingPreparedBuffer: false
        scriptTraining: false
        policynet: policy-checkpoint.pt
        targetnet: target-checkpoint.pt
        datasetShuffle: true
        targetedData: all
        splitRatio: 0.8
        maxInstances: -1
        trainingMode: full
        reward:
          norm: null
          bonus: 10.0
          penalty: -1.0
      egreedy:
        epsilon: 0.1
        epsilonDecay: 0.1
        minEpsilon: 0.1
        ePath: epsilon.pt
        enabled: true
      expert:
        useExpertUntilEpisode: 0.1
        enabled: true
        learnToImitateExpertEpochs: 10
    nonlinear_split:
      method: shortcut
      branching_point_method: uniform
      num_branches: 2
      filter: false
      filter_beta: false
      filter_clamp: false
      filter_batch_size: 10000
      filter_iterations: 25
      relu_only: false
      loose_tanh_threshold: null
      dynamic_bbps: false
      dynamic_options: [uniform, three_left, three_right]
      branching_point_node: ''
      branching_point_db: []
    input_split:
      enable_clip_domains: false
      split_hint: null
      reorder_bab: false
      enable: true
      enhanced_bound_prop_method: alpha-crown
      enhanced_branching_method: naive
      enhanced_bound_patience: 100000000.0
      attack_patience: 100000000.0
      adv_check: 0
      split_partitions: 2
      sb_margin_weight: 1.0
      sb_sum: false
      sb_primary_spec: null
      bf_backup_thresh: -1
      bf_rhs_offset: 0
      bf_iters: 1000000000.0
      bf_batch_size: 100000
      bf_zero_crossing_score: false
      touch_zero_score: 0
      ibp_enhancement: false
      catch_assertion: false
      compare_with_old_bounds: false
      update_rhs_with_attack: false
      sb_coeff_thresh: 0.001
      sort_index: null
      sort_descending: true
      show_progress: false
      presplit_domains: null
      skip_getting_worst_domain: false
  attack:
    enabled: false
    beam_candidates: 8
    beam_depth: 7
    max_dive_fix_ratio: 0.8
    min_local_free_ratio: 0.2
    mip_start_iteration: 5
    mip_timeout: 30.0
    adv_pool_threshold: null
    refined_mip_attacker: false
    refined_batch_size: null
attack:
  pgd_order: input_bab
  pgd_steps: 100
  pgd_restarts: 30
  pgd_batch_size: 100000000
  pgd_early_stop: true
  pgd_lr_decay: 0.99
  pgd_alpha: auto
  pgd_alpha_scale: false
  pgd_loss_mode: null
  pgd_restart_when_stuck: false
  enable_mip_attack: false
  adv_saver: default_adv_saver
  adv_verifier: default_adv_verifier
  early_stop_condition: default_early_stop_condition
  adv_example_finalizer: default_adv_example_finalizer
  pgd_loss: default_pgd_loss
  cex_path: ./test_cex.txt
  attack_mode: PGD
  attack_tolerance: 0.0
  attack_func: attack_with_general_specs
  gama_lambda: 10.0
  gama_decay: 0.9
  check_clean: true
  input_split:
    pgd_steps: 100
    pgd_restarts: 30
    pgd_alpha: auto
  input_split_enhanced:
    pgd_steps: 200
    pgd_restarts: 500000
    pgd_alpha: auto
  input_split_check_adv:
    enabled: auto
    pgd_steps: 5
    pgd_restarts: 5
    pgd_alpha: auto
    max_num_domains: 10
debug:
  sanity_check: Full+Graph
  view_model: false
  lp_test: null
  rescale_vnnlib_ptb: null
  test_optimized_bounds: false
  test_optimized_bounds_after_n_iterations: 0
  print_verbose_decisions: false

Experiments at Thu Feb 19 02:12:06 2026 on d1029
Internal results will be saved to results/vggnet16_all_p_2/result_266.rank0.txt.

[ZRL] %%%%%%%%%%%%%%%%%%%%%%%%%%%%%%%%%%% idx: 0, vnnlib ID: 0 %%%%%%%%%%%%%%%%%%%%%%%%%%%%%%%%%%%
Using onnx /projects/air/dlverifier/vggnet16_all/onnx/vgg16-7.onnx
Using vnnlib /projects/air/dlverifier/vggnet16_all/vnnlib/n01739381_vine_snake_fix_mask_seg0_k50176_eps_0.0002.vnnlib
150528 inputs and 1000 outputs in vnnlib
Loading cached onnx model from /projects/air/dlverifier/vggnet16_all/onnx/vgg16-7.onnx.cached
Cannot read cached onnx file. Regenerating...
Loading onnx /projects/air/dlverifier/vggnet16_all/onnx/vgg16-7.onnx with quirks {}
Finished onnx model loading in 43.3999 seconds
Number of perturbed inputs: 65406
WARNING: prioritizing attack due to too many perturbed pixels on VGG
Setting arguments.Config["attack"]["pgd_order"] to "before"
Setting bound_prop_method to crown
Attack parameters: initialization=uniform, steps=100, restarts=30, alpha=5.000084638595581e-05, initialization=uniform, GAMA=False
Model output of first 5 examples:
 tensor([[ 6.73395172e-02,  2.00978065e+00, -8.06486666e-01, -8.35692942e-01,
         -1.04503000e+00,  3.08130354e-01, -5.91604650e-01, -1.56363070e+00,
         -1.53181648e+00, -1.31260169e+00, -6.59279346e-01,  1.47614256e-01,
          1.50101915e-01, -1.51539132e-01,  3.71817619e-01,  3.41837645e-01,
         -5.02156615e-01, -8.27173471e-01, -2.42921263e-01, -1.94532335e-01,
         -6.71542346e-01,  1.74298540e-01,  1.70259535e-01, -7.88450062e-01,
          1.28838137e-01, -3.78958404e-01,  1.21096694e+00,  3.60787749e-01,
         -5.39033353e-01,  9.00850713e-01, -1.52513039e+00,  1.11392665e+00,
         -2.94293761e-01, -1.74597919e+00, -1.11148143e+00, -1.08266890e+00,
          5.41425943e-01, -1.63670099e+00,  1.12690425e+00, -5.84889948e-01,
          1.50588846e+00, -1.22232154e-01, -2.69102633e-01, -4.94437277e-01,
          6.34419501e-01, -7.31532454e-01,  1.51256573e+00,  9.52447206e-02,
         -1.41093194e+00, -3.22758764e-01,  1.68938190e-01, -2.34457088e+00,
          1.04146647e+00,  7.08398223e-01, -3.72334659e-01, -7.34378755e-01,
          6.23889454e-02, -1.30218399e+00,  3.46279770e-01,  4.97787967e-02,
          4.03431296e-01, -2.73353070e-01, -6.64658725e-01,  1.24717087e-01,
          9.47770700e-02, -3.71184945e-01, -4.45105910e-01, -4.30311441e-01,
         -9.44307923e-01, -1.15401769e+00,  1.03641641e+00,  1.00191939e+00,
          8.01674426e-01,  1.98164177e+00,  9.33076859e-01,  2.10229087e+00,
          7.12374687e-01,  2.48537731e+00,  2.21660757e+00,  2.11593652e+00,
          1.40078723e-01, -1.57014024e+00, -5.34200490e-01, -1.03341711e+00,
         -1.46906987e-01, -4.00221318e-01, -1.10088396e+00,  7.10120618e-01,
          4.48937625e-01, -8.79136443e-01, -1.81299374e-01, -1.24056029e+00,
          4.56335247e-01, -1.34295300e-01,  4.27001506e-01, -1.04427850e+00,
          5.59581995e-01, -8.21214616e-01,  5.30897617e-01, -9.18387175e-01,
          4.81146753e-01, -1.71858442e+00, -2.23227358e+00,  6.71660781e-01,
         -1.40208864e+00, -2.15996933e+00, -1.52118587e+00, -5.56295276e-01,
         -1.56237757e+00, -1.75880623e+00,  1.19065188e-01,  2.95783663e+00,
         -3.10281008e-01,  2.47591615e-01,  4.41391647e-01, -1.37866712e+00,
         -7.78204739e-01, -6.87609166e-02, -4.08914983e-01, -9.53672290e-01,
         -8.37796330e-01, -1.40868795e+00, -1.05963314e+00, -2.03565931e+00,
         -1.15597963e+00, -1.62342191e+00,  8.31023633e-01, -1.63386166e-01,
          1.13923168e+00,  5.31588912e-01, -8.56464058e-02, -2.52498955e-01,
          4.35046732e-01, -3.37498873e-01,  2.20859557e-01, -9.69604194e-01,
         -8.00090790e-01, -1.09142125e-01, -1.26524325e-02, -1.34689128e+00,
         -1.76696086e+00,  6.68479085e-01, -9.22883749e-01, -4.20428753e-01,
         -4.52981502e-01, -5.38044155e-01, -1.20857906e+00,  6.65254116e-01,
          2.05783948e-01,  7.93142617e-03, -1.73461831e+00,  6.10385180e-01,
         -6.59123361e-01,  2.94966996e-01, -9.89362970e-02, -3.86615694e-01,
         -5.44727862e-01, -5.90497628e-03, -5.66933870e-01, -9.79395509e-01,
         -1.01763320e+00, -3.66124123e-01,  1.39131084e-01, -7.14355588e-01,
         -5.90501726e-01, -6.38519585e-01, -8.49520981e-01, -9.81204927e-01,
         -2.47648120e-01, -5.48496604e-01, -1.92434236e-01, -5.00984311e-01,
         -1.13422859e+00, -2.33679578e-01, -5.36897123e-01, -8.99742424e-01,
         -1.13567495e+00, -1.93287119e-01,  8.45308006e-02, -9.77736413e-01,
         -1.28008366e+00, -2.70273924e-01,  1.24991775e-01, -3.25115502e-01,
         -1.37907013e-01, -4.10171866e-01, -1.26514003e-01,  3.53995681e-01,
         -5.78687489e-01, -7.64269352e-01, -1.81737751e-01, -7.93465152e-02,
         -4.81436759e-01, -3.23152125e-01, -5.81508160e-01,  1.09261787e+00,
         -1.06787980e-01, -9.28524077e-01, -8.58834088e-01,  5.59631705e-01,
         -2.72552818e-01, -5.42886913e-01, -2.01362133e-01,  8.01699340e-01,
         -2.39791691e-01, -6.07854068e-01, -1.06064165e+00, -7.59265661e-01,
         -7.34247029e-01, -8.22109759e-01, -1.28094423e+00, -3.93460631e-01,
         -1.08353853e-01, -7.49878705e-01, -6.92559183e-01, -5.52763402e-01,
         -6.57005072e-01, -2.87805170e-01, -6.02889419e-01, -7.65652180e-01,
         -1.02981353e+00, -4.04113472e-01, -4.16568965e-01,  2.35007346e-01,
          4.15711664e-03, -9.56265688e-01, -9.23225224e-01, -5.59334874e-01,
         -8.29079211e-01,  4.15826797e-01, -7.62606978e-01, -3.57664615e-01,
         -7.32016027e-01, -5.08489370e-01, -3.81660759e-01, -9.31350589e-02,
         -5.96408308e-01, -1.02980874e-01, -8.04346442e-01, -2.78470010e-01,
         -6.47597134e-01, -6.16728485e-01,  1.68348290e-02, -1.62186074e+00,
         -1.01852906e+00,  2.06054360e-01, -1.30374146e+00, -5.04365921e-01,
         -1.11834377e-01, -1.65943742e-01, -2.89002329e-01, -1.19716859e+00,
          2.58611351e-01, -1.84413612e-01,  9.02106345e-01, -1.27263570e+00,
         -1.19204438e+00,  3.82950678e-02,  2.12887656e-02,  2.57919580e-01,
          5.47262095e-03, -5.29986382e-01, -9.42296624e-01, -4.41512853e-01,
         -6.99517131e-01, -1.07293893e-02, -7.73739517e-01, -9.21745658e-01,
         -1.47567856e+00,  3.13761294e-01,  3.24443221e-01, -3.59673411e-01,
          5.08807063e-01,  2.17352316e-01, -4.42681789e-01, -5.63432992e-01,
         -7.64476180e-01, -2.69881517e-01, -6.31343126e-01,  6.91673756e-01,
         -1.12772353e-01,  1.39496195e+00,  1.37132382e+00,  1.89897132e+00,
          1.85233355e+00,  4.54663754e-01, -8.83580625e-01, -2.67126590e-01,
         -1.14063692e+00, -9.03853059e-01, -1.39077854e+00, -1.15784502e+00,
         -7.80766785e-01, -6.25340044e-01, -1.43867266e+00, -1.11249745e+00,
          5.24520501e-03, -1.11301124e+00, -1.61446500e+00, -1.04868555e+00,
         -3.79892260e-01,  1.30484045e+00,  1.08269095e+00,  5.31246006e-01,
         -1.58002928e-01, -1.22401261e+00,  4.62560058e-01,  6.52059436e-01,
          1.32815838e+00, -6.12434387e-01,  1.35412252e+00,  1.35631073e+00,
          1.93098173e-01,  2.05102706e+00,  1.89288795e+00,  1.17737067e+00,
          8.78706276e-01, -1.31800562e-01,  1.98440993e+00,  1.56796741e+00,
          1.27708364e+00, -1.55389309e+00, -1.16080058e+00, -1.28573787e+00,
         -1.08680487e+00, -1.83985734e+00, -1.51842916e+00, -4.17157859e-01,
         -1.98302233e+00, -1.44626749e+00,  6.03042245e-02,  4.06276286e-01,
          1.31846428e+00, -4.29430425e-01, -9.34614301e-01, -5.97266912e-01,
         -1.94402552e+00,  3.43549624e-03, -5.39385498e-01, -1.93162215e+00,
         -1.32173109e+00, -1.13506401e+00, -1.82021236e+00, -1.48996806e+00,
         -9.00906980e-01, -1.83846915e+00, -1.77952528e+00, -1.21910608e+00,
         -2.53011608e+00, -1.65292120e+00, -1.82131457e+00, -1.38773417e+00,
         -1.73874664e+00, -1.29552829e+00, -1.89954352e+00, -1.83661366e+00,
         -3.10421616e-01, -2.51321852e-01, -7.26732239e-02,  2.20224410e-02,
         -6.68538392e-01,  4.20882195e-01, -2.18780696e-01, -5.03247976e-01,
         -1.89295876e+00, -7.08050072e-01, -9.67409790e-01, -5.05438387e-01,
         -5.22212029e-01, -9.28429246e-01, -3.56984317e-01, -1.33376181e+00,
         -9.58268940e-01, -6.90503299e-01, -6.22985840e-01, -1.15056086e+00,
         -8.26056540e-01, -3.33163023e-01, -5.46193361e-01, -1.46745098e+00,
         -2.24399328e-01, -1.20145094e+00, -5.27071297e-01, -6.99904382e-01,
         -1.07338536e+00, -9.59009171e-01, -1.56272268e+00, -1.45416999e+00,
         -2.07514262e+00,  7.11940527e-01, -8.73183906e-01,  6.40687525e-01,
         -1.64377645e-01, -2.10323501e+00, -4.12284821e-01,  9.22634304e-01,
         -1.90337241e+00, -1.55255008e+00, -1.57244697e-01,  4.80603844e-01,
         -4.26122218e-01, -3.04280192e-01, -1.76026583e-01, -4.55712408e-01,
         -2.53675371e-01,  1.49681628e+00, -5.55085838e-01, -3.30286652e-01,
         -1.83711565e+00,  2.89548397e+00, -9.11247790e-01,  1.47776616e+00,
          5.70132971e-01,  9.67148185e-01,  1.21577501e+00, -1.72837734e+00,
          1.81283426e+00,  3.91967326e-01,  3.10491848e+00,  1.90404165e+00,
          1.29491434e-01,  4.56584990e-01,  5.06135337e-02, -3.61292183e-01,
          1.37933314e-01,  3.30290347e-01,  1.47079861e+00, -7.65824616e-01,
         -3.91856343e-01, -1.09791070e-01, -5.72559774e-01,  3.65930945e-02,
          4.45878804e-01,  4.01348650e-01,  1.20962179e+00,  1.60755575e+00,
         -5.59467554e-01, -3.33136022e-01,  1.43551266e+00,  3.88519049e-01,
         -1.88354313e-01,  1.30689573e+00, -3.13239515e-01,  1.96665466e+00,
         -9.90429282e-01, -3.76248956e-01,  3.23528647e+00, -1.43005967e-01,
         -4.58337009e-01, -1.93564087e-01, -5.52506089e-01,  1.30649495e+00,
          6.33424968e-02,  4.81887221e-01, -1.26731241e+00,  3.78157735e-01,
          3.85533661e-01,  1.12571454e+00, -4.97296304e-02,  2.74404436e-01,
         -1.24920321e+00, -1.13209136e-01,  2.44342589e+00, -3.41699690e-01,
          1.29083645e+00,  1.75210190e+00, -7.48391390e-01, -1.98737037e+00,
         -1.31146729e-01,  1.52910203e-01,  1.00918984e+00, -1.22407866e+00,
         -5.87886631e-01,  1.38214958e+00, -6.90316081e-01,  6.19197786e-01,
         -1.62418282e+00,  3.47415090e-01,  3.26643050e-01, -7.36489415e-01,
          2.41664362e+00,  1.68358660e+00,  1.11672926e+00, -1.48059452e+00,
         -9.20518756e-01,  1.33835363e+00,  3.30800354e-01,  2.30438781e+00,
          3.08903039e-01,  2.93977529e-01,  1.15924883e+00, -6.12313569e-01,
          1.01567471e+00,  1.15853381e+00,  7.96960473e-01,  5.16730487e-01,
          7.92635620e-01,  6.34763241e-02, -1.80525571e-01,  2.81231332e+00,
         -2.75571227e+00,  2.27979105e-03, -9.20545936e-01,  5.10188341e-01,
          3.93081099e-01,  1.34284973e-01, -1.86015368e+00,  1.77908611e+00,
          1.24428475e+00, -2.27578807e+00, -8.64657164e-01, -8.04496944e-01,
          1.07621121e+00, -7.17312098e-01, -3.81692261e-01, -4.90260184e-01,
         -1.30539918e+00,  3.13380867e-01,  1.15880005e-01, -4.22223032e-01,
         -3.51666510e-01, -2.57690340e-01, -1.08686566e+00, -1.42774984e-01,
         -6.61323071e-01, -7.04897106e-01,  5.00441790e-01,  1.27964807e+00,
         -1.24833271e-01, -2.27397054e-01,  2.01251101e+00,  1.08105290e+00,
          7.72329122e-02,  5.67101657e-01,  2.31855440e+00, -1.51070178e+00,
         -1.34084928e+00, -5.91133356e-01,  6.89751506e-02,  3.13665843e+00,
         -1.53963149e-01, -1.30017543e+00,  1.57556009e+00, -5.07331014e-01,
         -1.01711035e+00,  1.02461123e+00, -1.96608618e-01, -1.93956208e+00,
          9.00000811e-01,  3.60027122e+00, -9.35874403e-01, -9.10592899e-02,
          9.57585514e-01,  1.98691761e+00,  2.87860274e-01, -7.41318226e-01,
          4.65816402e+00,  1.13683760e+00,  7.64122725e-01,  4.93189484e-01,
         -1.26811159e+00, -6.56591535e-01,  1.68776011e+00,  1.94451916e+00,
         -7.42022097e-02,  4.92281526e-01, -1.21030581e+00,  3.03404123e-01,
         -4.32590157e-01, -2.00421071e+00, -1.81062315e-02, -3.77830267e-01,
          9.73235071e-01, -1.41010058e+00,  3.31695378e-01, -1.36320162e+00,
         -1.61115909e+00,  5.17667115e-01,  2.24126101e-01,  3.54471147e-01,
          1.71751797e-01, -2.26502061e-01, -2.26972938e+00, -3.29837240e-02,
          1.72940385e+00,  6.87063158e-01, -8.04056704e-01,  2.05667138e+00,
          1.93325651e+00,  6.84640110e-01,  1.40863097e+00,  4.38512850e+00,
          7.94978619e-01,  1.04067326e+00, -2.83554554e-01, -1.24771023e+00,
          1.91987956e+00,  3.59363914e-01,  1.09050500e+00,  2.01106358e+00,
          2.12859011e+00,  6.99881986e-02,  1.12548780e+00, -1.97831643e+00,
          1.75916517e+00,  2.37945747e+00,  7.88978755e-01, -6.59966469e-01,
          1.44884562e+00, -1.14873338e+00,  7.57209301e-01,  7.35805333e-01,
         -9.40781534e-01,  4.54052180e-01,  4.27938789e-01,  1.17191386e+00,
          1.72668803e+00,  2.63920277e-01,  2.09636903e+00,  2.46682739e+00,
          2.16277218e+00,  1.91991180e-01,  1.20402455e+00,  3.00839376e+00,
         -6.42049551e-01, -1.12729740e+00,  2.20794415e+00,  2.40088448e-01,
         -1.44081545e+00,  1.51111352e+00,  2.40758866e-01,  4.17855471e-01,
          4.03391838e+00,  1.12451875e+00, -1.75821054e+00,  6.73013687e-01,
          2.02078152e+00,  3.99165303e-01, -2.56898135e-01, -8.31011832e-02,
         -8.85466516e-01, -6.11619353e-02, -1.17096412e+00, -3.32706720e-01,
          2.19421196e+00, -1.51370454e+00, -1.81712180e-01,  6.94500506e-01,
          2.02566338e+00, -2.01308107e+00,  1.64405465e+00,  3.97025681e+00,
         -7.65695870e-01, -9.06032696e-02, -7.13660836e-01,  7.15030372e-01,
         -4.26870704e-01,  1.22983277e+00, -3.39912415e-01,  3.08050573e-01,
          3.72038007e-01, -1.42297232e+00,  1.74913979e+00, -9.16690171e-01,
          2.50334191e+00, -4.71180290e-01, -4.22726460e-02,  3.07852834e-01,
         -7.49534667e-01,  2.34328651e+00, -1.49009556e-01, -1.23113501e+00,
         -7.96302855e-01,  1.45520997e+00,  2.91697472e-01, -3.70745882e-02,
         -8.28743756e-01,  1.69297445e+00,  1.39870256e-01,  3.47144634e-01,
          1.45132971e+00,  1.89227927e+00, -7.86206305e-01,  8.48887324e-01,
         -1.52509272e-01,  9.06850159e-01,  2.13085636e-01, -1.89976835e+00,
          2.59958339e+00, -7.81628489e-03, -3.53944278e+00,  9.26269740e-02,
          1.81314635e+00,  9.36726153e-01, -1.05002582e+00,  1.32949638e+00,
          1.94315350e+00, -2.27057785e-01, -1.30081367e+00,  3.09776008e-01,
          2.21050954e+00,  1.20444226e+00,  4.06154245e-01, -1.08184409e+00,
          1.45665658e+00, -8.94338667e-01, -7.91758358e-01,  1.46291125e+00,
          5.33171475e-01,  2.29989100e+00,  6.07490182e-01,  1.23407817e+00,
          1.17756712e+00,  9.69371140e-01,  8.90933275e-01, -9.41517413e-01,
          5.82104325e-02, -1.19444299e+00,  1.23154350e-01,  3.61128658e-01,
          3.64583552e-01,  1.19586349e+00,  1.95783103e+00,  8.49681795e-02,
         -2.09559679e+00,  6.55987144e-01,  5.54952845e-02,  4.14678961e-01,
          9.05359447e-01,  1.39073983e-01, -1.60034192e+00,  1.93631828e+00,
          3.53321671e-01,  1.55974591e+00, -9.87646818e-01,  9.77108777e-02,
         -1.63494088e-02,  6.68059662e-02,  3.33567947e-01, -1.65067792e+00,
         -3.26790214e-01,  2.34847975e+00, -1.39092475e-01, -1.39432058e-01,
          1.55687308e+00,  1.15543532e+00,  1.79730022e+00,  8.63296747e-01,
          2.06401420e+00,  2.07198071e+00,  7.98022032e-01, -4.96794730e-01,
          5.90464413e-01,  3.61538935e+00,  1.79560125e+00, -1.11944366e+00,
          6.21585488e-01, -6.93464816e-01,  2.71107644e-01,  9.37472224e-01,
          2.41019440e+00,  1.98046064e+00, -1.45137322e+00,  1.54940403e+00,
          1.62186563e+00, -1.50854945e-01,  7.18672931e-01,  1.58170462e+00,
         -9.98080373e-01,  1.62913823e+00, -6.09637260e-01,  2.12018800e+00,
          1.96454680e+00,  8.80421579e-01, -5.56211770e-01, -4.07350600e-01,
          2.80090541e-01,  1.75624168e+00,  9.86757517e-01, -9.09066319e-01,
         -5.53657770e-01,  5.33110321e-01,  3.02938461e+00,  1.65611303e+00,
          2.72935653e+00,  6.02995276e-01, -2.32911393e-01,  4.17858034e-01,
         -1.14295828e+00,  2.84628510e+00, -2.56152123e-01,  1.17020406e-01,
          1.37244248e+00,  6.38180137e-01,  3.72055006e+00,  1.23099732e+00,
          8.70291829e-01,  7.88844526e-01,  1.97866619e+00,  2.60462666e+00,
         -6.85521960e-01, -1.46507013e+00, -3.71496305e-02,  4.24839109e-01,
          1.43129969e+00, -2.72370249e-01, -8.80942419e-02,  1.55762577e+00,
         -1.46546042e+00, -1.22304291e-01,  1.42322731e+00,  2.11082125e+00,
          1.01196611e+00,  1.33704901e+00,  1.12377636e-01,  1.42748213e+00,
          5.56310117e-01, -3.42116505e-01,  1.91919601e+00,  2.60481119e-01,
         -1.51539600e+00, -1.18817723e+00, -8.34006786e-01,  2.03853145e-01,
          4.55219686e-01, -1.02285266e+00,  1.41952360e+00,  7.54298747e-01,
          2.33653235e+00, -1.87990189e+00, -3.09708834e-01,  1.24940395e+00,
         -1.35452902e+00, -5.27087748e-01,  9.99306917e-01, -1.25316119e+00,
         -1.27799407e-01, -3.83347049e-02,  1.75523415e-01, -8.53017390e-01,
          1.60762298e+00, -5.28961301e-01, -2.93016791e-01, -1.68955982e-01,
          3.33836913e+00,  2.19397879e+00,  1.58902931e+00, -1.22634625e+00,
          1.62879550e+00, -3.19828182e-01, -5.44129133e-01,  3.78289580e+00,
          6.34410143e-01, -1.17068577e+00,  1.61227131e+00,  1.31027305e+00,
         -2.62050676e+00, -6.34609401e-01,  1.76708773e-01, -5.40234335e-02,
          5.76661304e-02,  1.04483366e+00,  1.21102348e-01, -1.35168886e+00,
         -1.02947819e+00, -1.80534256e+00, -1.42130983e+00, -1.09328680e-01,
          2.40478086e+00, -2.57188797e-01, -2.64587700e-01,  1.03583828e-01,
          1.11794615e+00, -7.06718385e-01, -2.09959650e+00,  3.54444683e-02,
          1.37474120e+00,  2.74771541e-01, -3.35771888e-01,  1.26431465e+00,
          1.88508362e-01,  6.05079114e-01,  1.26197243e+00,  9.26081657e-01,
          5.15285060e-02,  2.82005835e+00,  3.00697565e-01, -3.75456661e-01,
         -8.66909027e-01,  4.98554796e-01, -1.20426619e+00,  6.06755652e-02,
          3.70246458e+00,  2.02262449e+00,  2.20560145e+00, -5.44029355e-01,
          1.67124927e+00,  1.78144228e+00,  1.52402270e+00,  5.91057181e-01,
         -4.08149779e-01, -2.69466817e-01,  1.39590561e+00,  3.97345901e-01,
          6.99264002e+00,  5.08464098e+00,  2.18824911e+00, -4.02204186e-01,
          5.28635144e-01, -5.02179153e-02,  6.76427484e-01,  2.30343771e+00,
         -1.51335299e+00, -1.94022727e+00, -3.48662809e-02, -1.99995506e+00,
          1.75595260e+00, -3.29054922e-01, -1.03157543e-01,  4.35873061e-01,
          8.66673648e-01,  2.30760646e+00,  3.08001071e-01, -7.00705469e-01,
         -2.33031249e+00,  6.65762424e-01, -1.07518601e+00, -1.21305096e+00,
         -1.55274940e+00,  1.47360027e-01, -8.92571628e-01, -1.45798874e+00,
         -1.02456522e+00, -2.42019892e+00, -1.07201815e+00, -1.42169213e+00,
         -1.70995522e+00, -2.09377766e+00, -1.32101095e+00, -2.58566529e-01,
         -1.15568781e+00, -1.10297394e+00, -5.35106421e-01, -3.86366159e-01,
         -2.82381225e+00, -6.67574227e-01, -1.64304435e+00, -1.27703500e+00,
          4.19199079e-01,  1.08906102e+00,  5.11275344e-02, -5.04324913e-01,
         -7.08438873e-01, -4.72047895e-01, -6.17574275e-01, -1.91248691e+00,
         -1.68596566e+00, -1.31374449e-01, -1.18420458e+00, -1.96168113e+00,
         -1.51515388e+00, -1.34852517e+00, -1.02767015e+00, -1.40291476e+00,
         -1.67741120e+00, -1.71770632e+00,  1.64003766e+00, -7.32802749e-01,
          5.05700052e-01, -1.78408474e-01, -1.43338609e+00,  2.05821204e+00,
         -1.45458961e+00, -1.28910124e+00,  7.43027151e-01, -3.67216989e-02,
         -1.66431463e+00,  5.35233736e-01, -6.32859468e-02, -2.11730027e+00,
          2.83240288e-01,  5.07591069e-02, -3.59240502e-01, -8.26880813e-01,
         -7.13877201e-01,  2.69280910e-01, -1.30866265e+00, -3.48281592e-01,
         -1.01864171e+00,  4.80045199e-01, -1.26586211e+00, -1.74128163e+00,
         -1.40605044e+00, -2.45634460e+00, -1.83854365e+00, -1.21836495e+00,
         -1.27962399e+00, -2.27794933e+00, -5.32973334e-02,  1.08821821e+00]],
       device='cuda:0')
Adv example prediction (first 2 examples and 2 restarts):
 tensor([[[ 7.33673349e-02,  2.00119972e+00, -7.98073649e-01, -8.35589528e-01,
          -1.03836405e+00,  2.99362957e-01, -5.79541445e-01, -1.56160522e+00,
          -1.52603269e+00, -1.30517304e+00, -6.62853599e-01,  1.58794835e-01,
           1.56193599e-01, -1.36590526e-01,  3.78125548e-01,  3.46541494e-01,
          -5.00985265e-01, -8.16609204e-01, -2.32673347e-01, -1.80116504e-01,
          -6.70168638e-01,  1.78882942e-01,  1.79606080e-01, -7.76892722e-01,
           1.35772839e-01, -3.78157943e-01,  1.20700586e+00,  3.55115116e-01,
          -5.35226882e-01,  9.00378883e-01, -1.51987076e+00,  1.12502933e+00,
          -3.00105929e-01, -1.74358904e+00, -1.11727607e+00, -1.07889497e+00,
           5.45239210e-01, -1.62853885e+00,  1.11685932e+00, -5.70705235e-01,
           1.52147579e+00, -1.25987276e-01, -2.72309542e-01, -4.99796659e-01,
           6.40365124e-01, -7.28417873e-01,  1.53044653e+00,  9.65396911e-02,
          -1.39406645e+00, -3.20063472e-01,  1.77782431e-01, -2.35061598e+00,
           1.04521358e+00,  7.13374794e-01, -3.71902466e-01, -7.13770270e-01,
           6.91679567e-02, -1.30115199e+00,  3.57864767e-01,  4.70803455e-02,
           4.12225097e-01, -2.62991577e-01, -6.60099506e-01,  1.17638022e-01,
           1.00382917e-01, -3.73609304e-01, -4.53466594e-01, -4.21757132e-01,
          -9.53951180e-01, -1.15494454e+00,  1.04362226e+00,  1.00432837e+00,
           8.11677039e-01,  1.97845459e+00,  9.45157170e-01,  2.10823750e+00,
           7.23670721e-01,  2.49957061e+00,  2.21410990e+00,  2.12252474e+00,
           1.28208250e-01, -1.57129705e+00, -5.28528094e-01, -1.04041755e+00,
          -1.33589342e-01, -3.91264021e-01, -1.10166419e+00,  7.19826937e-01,
           4.52043325e-01, -8.62692237e-01, -1.76431432e-01, -1.24169564e+00,
           4.58049268e-01, -1.24601960e-01,  4.34279919e-01, -1.04923737e+00,
           5.67706287e-01, -8.13585520e-01,  5.15024781e-01, -9.17987943e-01,
           4.78653997e-01, -1.72036231e+00, -2.23003483e+00,  6.62705123e-01,
          -1.39849043e+00, -2.15090632e+00, -1.51631010e+00, -5.56075692e-01,
          -1.56367373e+00, -1.75902092e+00,  1.09058835e-01,  2.93481588e+00,
          -3.10953498e-01,  2.44202256e-01,  4.47911143e-01, -1.38240874e+00,
          -7.82891750e-01, -8.40511769e-02, -4.00242627e-01, -9.53864872e-01,
          -8.34928036e-01, -1.40772510e+00, -1.06467593e+00, -2.03413248e+00,
          -1.14689183e+00, -1.61922419e+00,  8.28316331e-01, -1.58547536e-01,
           1.13002026e+00,  5.25893152e-01, -8.78821760e-02, -2.48325258e-01,
           4.42329556e-01, -3.34634691e-01,  2.26147026e-01, -9.73145843e-01,
          -8.06569576e-01, -1.08039781e-01,  2.57471390e-03, -1.34460330e+00,
          -1.76544225e+00,  6.66280746e-01, -9.30536389e-01, -4.22725230e-01,
          -4.52744067e-01, -5.38351595e-01, -1.20765090e+00,  6.54652119e-01,
           1.94660291e-01,  6.07356429e-04, -1.73021793e+00,  6.15036607e-01,
          -6.64761662e-01,  2.99943775e-01, -9.32316408e-02, -3.81127715e-01,
          -5.40452182e-01, -2.37702229e-03, -5.70644021e-01, -9.76862550e-01,
          -1.02065432e+00, -3.63261998e-01,  1.47826627e-01, -7.15824008e-01,
          -5.89191675e-01, -6.42356634e-01, -8.49788129e-01, -9.91628945e-01,
          -2.48667717e-01, -5.42447567e-01, -1.87749863e-01, -4.94870424e-01,
          -1.12996626e+00, -2.34618500e-01, -5.26893079e-01, -9.07100022e-01,
          -1.13177192e+00, -1.91337928e-01,  9.12690163e-02, -9.73189771e-01,
          -1.27647841e+00, -2.75662720e-01,  1.31944478e-01, -3.24009329e-01,
          -1.36447668e-01, -4.10584182e-01, -1.28611878e-01,  3.51431370e-01,
          -5.86957037e-01, -7.64184952e-01, -1.89963564e-01, -7.76761249e-02,
          -4.72900480e-01, -3.22590023e-01, -5.90530097e-01,  1.10077846e+00,
          -1.03410438e-01, -9.26859915e-01, -8.58373702e-01,  5.63964486e-01,
          -2.70712435e-01, -5.37442982e-01, -1.95771486e-01,  8.13242376e-01,
          -2.32232809e-01, -6.03096187e-01, -1.06496489e+00, -7.55054295e-01,
          -7.28978813e-01, -8.13774765e-01, -1.28567898e+00, -3.92394692e-01,
          -9.97330546e-02, -7.42289066e-01, -6.90791726e-01, -5.46710610e-01,
          -6.55118704e-01, -2.76057273e-01, -5.96719027e-01, -7.59556651e-01,
          -1.03849483e+00, -4.07739997e-01, -4.12444443e-01,  2.33755857e-01,
           4.50746529e-03, -9.52483416e-01, -9.20093954e-01, -5.55611312e-01,
          -8.34774375e-01,  4.23529625e-01, -7.54126668e-01, -3.52557600e-01,
          -7.27508485e-01, -5.03869176e-01, -3.75489950e-01, -8.80622864e-02,
          -5.97172141e-01, -9.82532725e-02, -7.98067749e-01, -2.76974052e-01,
          -6.49234951e-01, -6.18886650e-01,  2.13223137e-02, -1.61835957e+00,
          -1.02167511e+00,  2.14305818e-01, -1.30434179e+00, -4.98834491e-01,
          -1.07427619e-01, -1.59049436e-01, -2.80794680e-01, -1.19425797e+00,
           2.54639268e-01, -1.86453909e-01,  9.05950010e-01, -1.27007186e+00,
          -1.19125128e+00,  4.79267314e-02,  3.06936912e-02,  2.63909072e-01,
           7.30468892e-03, -5.22410095e-01, -9.51807261e-01, -4.33256984e-01,
          -6.98507488e-01, -3.64206918e-03, -7.70989418e-01, -9.20437813e-01,
          -1.47921777e+00,  3.12696993e-01,  3.28976184e-01, -3.60643595e-01,
           5.10418415e-01,  2.16630906e-01, -4.47880507e-01, -5.64574480e-01,
          -7.62579739e-01, -2.74486959e-01, -6.32483125e-01,  6.96175516e-01,
          -1.16220333e-01,  1.40090334e+00,  1.37587953e+00,  1.90252471e+00,
           1.86380816e+00,  4.53979909e-01, -8.76137435e-01, -2.56441355e-01,
          -1.14234459e+00, -8.96350026e-01, -1.39296162e+00, -1.16229188e+00,
          -7.78240383e-01, -6.26141727e-01, -1.44133174e+00, -1.10656130e+00,
           1.01626851e-02, -1.10906386e+00, -1.61341679e+00, -1.04533434e+00,
          -3.70436966e-01,  1.31250584e+00,  1.08172905e+00,  5.38689673e-01,
          -1.49863973e-01, -1.21087945e+00,  4.75555450e-01,  6.56816006e-01,
           1.33552575e+00, -6.08936548e-01,  1.35791385e+00,  1.36920393e+00,
           2.02773973e-01,  2.06887889e+00,  1.90149879e+00,  1.19937456e+00,
           8.92171562e-01, -1.20922476e-01,  1.99372017e+00,  1.56892991e+00,
           1.27979183e+00, -1.55002689e+00, -1.16400766e+00, -1.28825545e+00,
          -1.07912755e+00, -1.84101498e+00, -1.52264857e+00, -4.16867584e-01,
          -1.98142040e+00, -1.44480181e+00,  6.22204840e-02,  3.99227738e-01,
           1.32212996e+00, -4.19287086e-01, -9.33032990e-01, -6.03134930e-01,
          -1.93739533e+00,  2.16083601e-03, -5.41984916e-01, -1.93450439e+00,
          -1.31714666e+00, -1.13586247e+00, -1.81994295e+00, -1.48421907e+00,
          -8.89130771e-01, -1.83818841e+00, -1.77675927e+00, -1.21122468e+00,
          -2.52055573e+00, -1.65330803e+00, -1.82083344e+00, -1.39349329e+00,
          -1.74202096e+00, -1.30033326e+00, -1.90182102e+00, -1.82901871e+00,
          -3.10117066e-01, -2.53581643e-01, -7.36716464e-02,  2.42898315e-02,
          -6.66694105e-01,  4.21854168e-01, -2.18835309e-01, -4.98338163e-01,
          -1.88756323e+00, -7.00993121e-01, -9.62758839e-01, -4.96509463e-01,
          -5.17775953e-01, -9.27850544e-01, -3.49648774e-01, -1.33940458e+00,
          -9.55284059e-01, -6.89103603e-01, -6.16789877e-01, -1.14098573e+00,
          -8.33409846e-01, -3.31421822e-01, -5.37051022e-01, -1.46068966e+00,
          -2.23171085e-01, -1.18958616e+00, -5.16327202e-01, -6.92170501e-01,
          -1.07859230e+00, -9.54617023e-01, -1.55819559e+00, -1.45460212e+00,
          -2.06630015e+00,  7.09000349e-01, -8.67180526e-01,  6.52854979e-01,
          -1.81759775e-01, -2.10524464e+00, -4.05945301e-01,  9.23574746e-01,
          -1.90073597e+00, -1.54416966e+00, -1.61907807e-01,  4.78699923e-01,
          -4.31809336e-01, -2.99985349e-01, -1.83747530e-01, -4.61945117e-01,
          -2.56450027e-01,  1.49431562e+00, -5.54212511e-01, -3.29023063e-01,
          -1.83813059e+00,  2.88410950e+00, -8.97607446e-01,  1.48039341e+00,
           5.78475714e-01,  9.62175012e-01,  1.21890497e+00, -1.72619474e+00,
           1.79940712e+00,  3.88315767e-01,  3.09192991e+00,  1.89981616e+00,
           1.26278594e-01,  4.58940804e-01,  4.51540761e-02, -3.60247135e-01,
           1.48923948e-01,  3.29740852e-01,  1.46308672e+00, -7.66496301e-01,
          -3.90774995e-01, -1.14385769e-01, -5.73476136e-01,  4.88433838e-02,
           4.36059266e-01,  3.91054869e-01,  1.21252930e+00,  1.61592734e+00,
          -5.55105209e-01, -3.40506852e-01,  1.42238212e+00,  3.72925282e-01,
          -1.83814079e-01,  1.30317783e+00, -3.15281957e-01,  1.96700144e+00,
          -9.94207740e-01, -3.78803849e-01,  3.22061825e+00, -1.42020673e-01,
          -4.49652791e-01, -1.98712900e-01, -5.52358389e-01,  1.28808069e+00,
           6.84008747e-02,  4.80907619e-01, -1.26122749e+00,  3.88206065e-01,
           3.69135320e-01,  1.12715125e+00, -5.10016307e-02,  2.63207227e-01,
          -1.24218655e+00, -1.17585190e-01,  2.43466735e+00, -3.37504566e-01,
           1.28622556e+00,  1.74179626e+00, -7.42188454e-01, -1.98383749e+00,
          -1.26678407e-01,  1.47991166e-01,  1.00238895e+00, -1.22107196e+00,
          -5.97052932e-01,  1.37145209e+00, -6.86008990e-01,  6.33574486e-01,
          -1.62314916e+00,  3.34227502e-01,  3.26476842e-01, -7.35879123e-01,
           2.40998745e+00,  1.67733264e+00,  1.11260402e+00, -1.48448408e+00,
          -9.25311923e-01,  1.33532667e+00,  3.17548931e-01,  2.29789424e+00,
           3.00935984e-01,  3.10998201e-01,  1.15783179e+00, -6.23784184e-01,
           1.02269077e+00,  1.15160990e+00,  7.84901738e-01,  5.24274528e-01,
           7.93694079e-01,  6.10899329e-02, -1.80368245e-01,  2.79281664e+00,
          -2.75274968e+00,  2.63709109e-03, -9.26791906e-01,  5.06739438e-01,
           3.94509226e-01,  1.35923386e-01, -1.86505902e+00,  1.77087879e+00,
           1.24436545e+00, -2.27245927e+00, -8.74451280e-01, -8.07943881e-01,
           1.06352198e+00, -7.23541737e-01, -3.84691179e-01, -4.80891913e-01,
          -1.29770148e+00,  3.14505786e-01,  1.17076807e-01, -4.16215897e-01,
          -3.42552185e-01, -2.64166594e-01, -1.09513795e+00, -1.42813042e-01,
          -6.60697460e-01, -6.95017695e-01,  5.02432704e-01,  1.27293539e+00,
          -1.22460097e-01, -2.23116547e-01,  2.00470662e+00,  1.07281554e+00,
           7.97292441e-02,  5.71829796e-01,  2.31155109e+00, -1.51521397e+00,
          -1.34027112e+00, -5.88794947e-01,  7.63803720e-02,  3.13957787e+00,
          -1.72940359e-01, -1.30440414e+00,  1.56422830e+00, -5.09332716e-01,
          -1.01996112e+00,  1.03531539e+00, -2.07534134e-01, -1.93880177e+00,
           8.99401963e-01,  3.59292197e+00, -9.37929392e-01, -1.06505081e-01,
           9.60363984e-01,  1.98287356e+00,  2.94927448e-01, -7.36567199e-01,
           4.65513992e+00,  1.13447678e+00,  7.53922880e-01,  4.88114864e-01,
          -1.26418829e+00, -6.49790704e-01,  1.70080793e+00,  1.93859434e+00,
          -6.44005537e-02,  4.92867857e-01, -1.21910620e+00,  2.92966783e-01,
          -4.21340853e-01, -1.99911058e+00, -2.28472482e-02, -3.79708707e-01,
           9.76929128e-01, -1.41151750e+00,  3.23146105e-01, -1.35312164e+00,
          -1.62168992e+00,  5.09804070e-01,  2.23204330e-01,  3.59157205e-01,
           1.88547373e-01, -2.15228587e-01, -2.26776505e+00, -4.31397296e-02,
           1.71950197e+00,  6.74894571e-01, -7.99983323e-01,  2.05183411e+00,
           1.94533193e+00,  6.78556263e-01,  1.38877809e+00,  4.38125563e+00,
           7.87426233e-01,  1.02931297e+00, -2.86696255e-01, -1.24332690e+00,
           1.90253103e+00,  3.60968500e-01,  1.09067476e+00,  2.01608300e+00,
           2.11887598e+00,  6.53900579e-02,  1.11284256e+00, -1.97266877e+00,
           1.75129497e+00,  2.37721944e+00,  7.83288896e-01, -6.67031884e-01,
           1.45300484e+00, -1.13729060e+00,  7.52893329e-01,  7.31028080e-01,
          -9.45830047e-01,  4.43392366e-01,  4.28266495e-01,  1.16482961e+00,
           1.71809936e+00,  2.72285670e-01,  2.09014487e+00,  2.47004223e+00,
           2.16507649e+00,  1.93386570e-01,  1.20985782e+00,  2.98971462e+00,
          -6.33245528e-01, -1.13849211e+00,  2.19986415e+00,  2.41957441e-01,
          -1.44422364e+00,  1.49342573e+00,  2.38160610e-01,  4.07731146e-01,
           4.03187847e+00,  1.11682463e+00, -1.75729609e+00,  6.54349923e-01,
           2.00972843e+00,  3.99942070e-01, -2.64209300e-01, -8.88766348e-02,
          -8.77251446e-01, -7.90132731e-02, -1.16806662e+00, -3.33249331e-01,
           2.18137074e+00, -1.51378918e+00, -1.88089684e-01,  6.85686290e-01,
           2.02665496e+00, -2.01056290e+00,  1.63928699e+00,  3.97314072e+00,
          -7.57755578e-01, -1.01510875e-01, -7.08558440e-01,  7.19460249e-01,
          -4.24650073e-01,  1.22350466e+00, -3.45442653e-01,  3.07218909e-01,
           3.77041668e-01, -1.41224110e+00,  1.73643708e+00, -9.21024621e-01,
           2.49739933e+00, -4.73948628e-01, -4.87676300e-02,  3.02114189e-01,
          -7.43464708e-01,  2.37129855e+00, -1.52307823e-01, -1.22987950e+00,
          -7.92981446e-01,  1.44855785e+00,  2.85089940e-01, -4.64991257e-02,
          -8.39171946e-01,  1.68208539e+00,  1.32858485e-01,  3.51767629e-01,
           1.43885612e+00,  1.88783991e+00, -7.88205981e-01,  8.36482882e-01,
          -1.74706459e-01,  8.95909607e-01,  1.97637752e-01, -1.89893162e+00,
           2.58742881e+00, -1.26494020e-02, -3.54104877e+00,  8.50345939e-02,
           1.80949998e+00,  9.24075902e-01, -1.05702221e+00,  1.32669342e+00,
           1.93351579e+00, -2.24002555e-01, -1.30215859e+00,  2.84181237e-01,
           2.21627760e+00,  1.20438564e+00,  3.97195160e-01, -1.07476020e+00,
           1.46440685e+00, -8.92270327e-01, -7.75909364e-01,  1.46995211e+00,
           5.27028978e-01,  2.30251265e+00,  6.00866556e-01,  1.22689152e+00,
           1.16567409e+00,  9.63526487e-01,  8.75879288e-01, -9.54869449e-01,
           6.55903220e-02, -1.19471848e+00,  1.23806454e-01,  3.54211181e-01,
           3.56318980e-01,  1.21318638e+00,  1.95336771e+00,  7.88848102e-02,
          -2.10523677e+00,  6.62104547e-01,  4.16609347e-02,  4.26094502e-01,
           9.07164693e-01,  1.25865415e-01, -1.59950769e+00,  1.92184782e+00,
           3.52374762e-01,  1.55543220e+00, -9.80084836e-01,  1.05232492e-01,
          -2.29074694e-02,  6.86320141e-02,  3.43135923e-01, -1.65653121e+00,
          -3.34499836e-01,  2.33901739e+00, -1.38051450e-01, -1.35183468e-01,
           1.54362023e+00,  1.15418792e+00,  1.80381942e+00,  8.51625681e-01,
           2.06262660e+00,  2.06650162e+00,  8.08248401e-01, -4.88534808e-01,
           5.90206206e-01,  3.61664581e+00,  1.79444742e+00, -1.11986160e+00,
           6.33969605e-01, -6.86370969e-01,  2.68759340e-01,  9.40184236e-01,
           2.41507077e+00,  1.97323906e+00, -1.45134366e+00,  1.53757262e+00,
           1.61948228e+00, -1.53504074e-01,  7.13224232e-01,  1.57014537e+00,
          -9.92549539e-01,  1.61485529e+00, -6.08563125e-01,  2.10922170e+00,
           1.94836009e+00,  8.87254357e-01, -5.53898573e-01, -4.12207127e-01,
           2.77978599e-01,  1.74766219e+00,  9.82179403e-01, -9.08515871e-01,
          -5.60238004e-01,  5.24892509e-01,  3.01654792e+00,  1.64986980e+00,
           2.71889186e+00,  6.12424016e-01, -2.32065275e-01,  4.12180811e-01,
          -1.13977838e+00,  2.84537697e+00, -2.56959885e-01,  1.25462890e-01,
           1.36863399e+00,  6.40301108e-01,  3.73659348e+00,  1.22481680e+00,
           8.66250098e-01,  7.93953717e-01,  1.96022844e+00,  2.61922979e+00,
          -6.96259201e-01, -1.46914685e+00, -3.64123210e-02,  4.34762359e-01,
           1.42773354e+00, -2.65962571e-01, -8.71279240e-02,  1.55940866e+00,
          -1.46450365e+00, -1.19378239e-01,  1.41318119e+00,  2.10899138e+00,
           9.99631107e-01,  1.32524943e+00,  1.02506310e-01,  1.44018173e+00,
           5.67773521e-01, -3.46838623e-01,  1.91494036e+00,  2.63669014e-01,
          -1.50987434e+00, -1.19626462e+00, -8.34330380e-01,  1.96083739e-01,
           4.58912194e-01, -1.01670456e+00,  1.40643203e+00,  7.43326843e-01,
           2.34374166e+00, -1.87109554e+00, -3.09634596e-01,  1.24354947e+00,
          -1.35288441e+00, -5.37222445e-01,  1.00557220e+00, -1.25412345e+00,
          -1.29056275e-01, -3.17911133e-02,  1.63348958e-01, -8.47043097e-01,
           1.60455823e+00, -5.34746885e-01, -2.98550099e-01, -1.66677132e-01,
           3.32318997e+00,  2.19092917e+00,  1.57977498e+00, -1.22006428e+00,
           1.62382436e+00, -3.16659451e-01, -5.37345588e-01,  3.77319598e+00,
           6.34980679e-01, -1.16699755e+00,  1.60647130e+00,  1.30518246e+00,
          -2.63538837e+00, -6.45767987e-01,  1.82755455e-01, -5.66732101e-02,
           4.69597727e-02,  1.04346037e+00,  1.12996973e-01, -1.34913981e+00,
          -1.02981830e+00, -1.81023872e+00, -1.41607547e+00, -1.11602537e-01,
           2.39760685e+00, -2.51072735e-01, -2.65050948e-01,  9.64148939e-02,
           1.11537695e+00, -7.00658977e-01, -2.09397936e+00,  2.37483773e-02,
           1.38457978e+00,  2.74776191e-01, -3.46215218e-01,  1.27096117e+00,
           1.85557425e-01,  5.98784387e-01,  1.26615143e+00,  9.27750826e-01,
           5.85111007e-02,  2.80898976e+00,  2.98764139e-01, -3.78749847e-01,
          -8.62988412e-01,  4.93233591e-01, -1.20964777e+00,  5.10499142e-02,
           3.69369483e+00,  2.01854324e+00,  2.20655608e+00, -5.43610990e-01,
           1.67567194e+00,  1.78397834e+00,  1.52920699e+00,  5.94050884e-01,
          -4.05714393e-01, -2.83089131e-01,  1.37610626e+00,  4.03127432e-01,
           7.01005411e+00,  5.09153605e+00,  2.17375374e+00, -3.97482663e-01,
           5.34666061e-01, -5.09728231e-02,  6.77035868e-01,  2.30506134e+00,
          -1.50930345e+00, -1.94018960e+00, -4.90918122e-02, -1.98466516e+00,
           1.74052930e+00, -3.43436927e-01, -1.03440158e-01,  4.33297306e-01,
           8.61482501e-01,  2.29415154e+00,  2.98692644e-01, -7.07052410e-01,
          -2.32708216e+00,  6.59689963e-01, -1.07991183e+00, -1.21206021e+00,
          -1.54412556e+00,  1.55080438e-01, -8.93298030e-01, -1.44816852e+00,
          -1.02102554e+00, -2.41333008e+00, -1.07009125e+00, -1.41570473e+00,
          -1.70971715e+00, -2.08312702e+00, -1.31497169e+00, -2.50432372e-01,
          -1.16397786e+00, -1.09906387e+00, -5.36569238e-01, -3.79642606e-01,
          -2.82285380e+00, -6.68068469e-01, -1.64600980e+00, -1.27007222e+00,
           4.26564664e-01,  1.08564544e+00,  5.09411357e-02, -5.01732588e-01,
          -7.05770314e-01, -4.65980053e-01, -6.11273348e-01, -1.90011895e+00,
          -1.68242550e+00, -1.37516677e-01, -1.17708695e+00, -1.96477234e+00,
          -1.51655602e+00, -1.34007812e+00, -1.02961922e+00, -1.39926314e+00,
          -1.68175054e+00, -1.71020281e+00,  1.64030862e+00, -7.30021238e-01,
           5.09141743e-01, -1.84137762e-01, -1.43395972e+00,  2.07099628e+00,
          -1.45692098e+00, -1.28841782e+00,  7.42438197e-01, -3.80979702e-02,
          -1.66950393e+00,  5.42602122e-01, -7.17220083e-02, -2.11953926e+00,
           2.66913861e-01,  5.07253557e-02, -3.44259918e-01, -8.24448526e-01,
          -7.12052405e-01,  2.68210232e-01, -1.31048155e+00, -3.45814377e-01,
          -1.01663399e+00,  4.76278752e-01, -1.26658428e+00, -1.74562836e+00,
          -1.40555346e+00, -2.46276498e+00, -1.84300959e+00, -1.22335613e+00,
          -1.28583610e+00, -2.27397275e+00, -4.85859886e-02,  1.10225534e+00]]],
       device='cuda:0')
PGD attack margin (first 2 examples and 10 specs):
 tensor([[[0.76085061]]], device='cuda:0')
number of violation:  0
Attack finished in 7.7006 seconds.
PGD attack failed
verified_status unknown
verified_success False
Total VNNLIB file length: 1, max property batch size: 1, total number of batches: 1

Properties batch 0, size 1
Remaining timeout: 1146.6841995716095
Verifying property 0 with 1 instances.
torch allclose failed: norm 8.889588571037166e-06
Model: BoundedModule(
  (/input-1): BoundInput(name=/input-1, inputs=[], perturbed=True)
  (/33): BoundParams(name=/33, inputs=[], perturbed=False)
  (/34): BoundParams(name=/34, inputs=[], perturbed=False)
  (/35): BoundParams(name=/35, inputs=[], perturbed=False)
  (/36): BoundParams(name=/36, inputs=[], perturbed=False)
  (/37): BoundParams(name=/37, inputs=[], perturbed=False)
  (/38): BoundParams(name=/38, inputs=[], perturbed=False)
  (/39): BoundParams(name=/39, inputs=[], perturbed=False)
  (/40): BoundParams(name=/40, inputs=[], perturbed=False)
  (/41): BoundParams(name=/41, inputs=[], perturbed=False)
  (/42): BoundParams(name=/42, inputs=[], perturbed=False)
  (/43): BoundParams(name=/43, inputs=[], perturbed=False)
  (/44): BoundParams(name=/44, inputs=[], perturbed=False)
  (/45): BoundParams(name=/45, inputs=[], perturbed=False)
  (/46): BoundParams(name=/46, inputs=[], perturbed=False)
  (/47): BoundParams(name=/47, inputs=[], perturbed=False)
  (/48): BoundParams(name=/48, inputs=[], perturbed=False)
  (/49): BoundParams(name=/49, inputs=[], perturbed=False)
  (/50): BoundParams(name=/50, inputs=[], perturbed=False)
  (/51): BoundParams(name=/51, inputs=[], perturbed=False)
  (/52): BoundParams(name=/52, inputs=[], perturbed=False)
  (/53): BoundParams(name=/53, inputs=[], perturbed=False)
  (/54): BoundParams(name=/54, inputs=[], perturbed=False)
  (/55): BoundParams(name=/55, inputs=[], perturbed=False)
  (/56): BoundParams(name=/56, inputs=[], perturbed=False)
  (/57): BoundParams(name=/57, inputs=[], perturbed=False)
  (/58): BoundParams(name=/58, inputs=[], perturbed=False)
  (/59): BoundParams(name=/59, inputs=[], perturbed=False)
  (/60): BoundParams(name=/60, inputs=[], perturbed=False)
  (/61): BoundParams(name=/61, inputs=[], perturbed=False)
  (/62): BoundParams(name=/62, inputs=[], perturbed=False)
  (/63): BoundParams(name=/63, inputs=[], perturbed=False)
  (/64): BoundParams(name=/64, inputs=[], perturbed=False)
  (/input): BoundConv(name=/input, inputs=[/input-1, /33, /34], perturbed=True)
  (/66): BoundRelu(name=/66, inputs=[/input], perturbed=True)
  (/input-4): BoundConv(name=/input-4, inputs=[/66, /35, /36], perturbed=True)
  (/68): BoundRelu(name=/68, inputs=[/input-4], perturbed=True)
  (/input-12): BoundConv(name=/input-12, inputs=[/input-8/add_3_4, /37, /38], perturbed=True)
  (/71): BoundRelu(name=/71, inputs=[/input-12], perturbed=True)
  (/input-16): BoundConv(name=/input-16, inputs=[/71, /39, /40], perturbed=True)
  (/73): BoundRelu(name=/73, inputs=[/input-16], perturbed=True)
  (/input-24): BoundConv(name=/input-24, inputs=[/input-20/add_3_4, /41, /42], perturbed=True)
  (/76): BoundRelu(name=/76, inputs=[/input-24], perturbed=True)
  (/input-28): BoundConv(name=/input-28, inputs=[/76, /43, /44], perturbed=True)
  (/78): BoundRelu(name=/78, inputs=[/input-28], perturbed=True)
  (/input-32): BoundConv(name=/input-32, inputs=[/78, /45, /46], perturbed=True)
  (/80): BoundRelu(name=/80, inputs=[/input-32], perturbed=True)
  (/input-40): BoundConv(name=/input-40, inputs=[/input-36/add_3_4, /47, /48], perturbed=True)
  (/83): BoundRelu(name=/83, inputs=[/input-40], perturbed=True)
  (/input-44): BoundConv(name=/input-44, inputs=[/83, /49, /50], perturbed=True)
  (/85): BoundRelu(name=/85, inputs=[/input-44], perturbed=True)
  (/input-48): BoundConv(name=/input-48, inputs=[/85, /51, /52], perturbed=True)
  (/87): BoundRelu(name=/87, inputs=[/input-48], perturbed=True)
  (/input-56): BoundConv(name=/input-56, inputs=[/input-52/add_3_4, /53, /54], perturbed=True)
  (/90): BoundRelu(name=/90, inputs=[/input-56], perturbed=True)
  (/input-60): BoundConv(name=/input-60, inputs=[/90, /55, /56], perturbed=True)
  (/92): BoundRelu(name=/92, inputs=[/input-60], perturbed=True)
  (/input-64): BoundConv(name=/input-64, inputs=[/92, /57, /58], perturbed=True)
  (/94): BoundRelu(name=/94, inputs=[/input-64], perturbed=True)
  (/96): BoundFlatten(name=/96, inputs=[/95/add_3_4], perturbed=True)
  (/input-68): BoundLinear(name=/input-68, inputs=[/96, /59, /60], perturbed=True)
  (/98): BoundRelu(name=/98, inputs=[/input-68], perturbed=True)
  (/99): BoundFlatten(name=/99, inputs=[/98], perturbed=True)
  (/input-72): BoundLinear(name=/input-72, inputs=[/99, /61, /62], perturbed=True)
  (/101): BoundRelu(name=/101, inputs=[/input-72], perturbed=True)
  (/102): BoundFlatten(name=/102, inputs=[/101], perturbed=True)
  (/103): BoundLinear(name=/103, inputs=[/102, /63, /64], perturbed=True)
  (/input-8/conv_1): BoundConv(name=/input-8/conv_1, inputs=[/68, /input-8/conv_1_w], perturbed=True)
  (/input-8/conv_1_relu): BoundRelu(name=/input-8/conv_1_relu, inputs=[/input-8/conv_1], perturbed=True)
  (/input-8/conv_1_w): BoundParams(name=/input-8/conv_1_w, inputs=[], perturbed=False)
  (/input-8/conv_2): BoundConv(name=/input-8/conv_2, inputs=[/68, /input-8/conv_2_w], perturbed=True)
  (/input-8/conv_2_w): BoundParams(name=/input-8/conv_2_w, inputs=[], perturbed=False)
  (/input-8/conv_3): BoundConv(name=/input-8/conv_3, inputs=[/input-8/add_1_2, /input-8/conv_3_w], perturbed=True)
  (/input-8/conv_3_relu): BoundRelu(name=/input-8/conv_3_relu, inputs=[/input-8/conv_3], perturbed=True)
  (/input-8/conv_3_w): BoundParams(name=/input-8/conv_3_w, inputs=[], perturbed=False)
  (/input-8/conv_4): BoundConv(name=/input-8/conv_4, inputs=[/input-8/add_1_2, /input-8/conv_4_w], perturbed=True)
  (/input-8/conv_4_w): BoundParams(name=/input-8/conv_4_w, inputs=[], perturbed=False)
  (/input-8/add_1_2): BoundAdd(name=/input-8/add_1_2, inputs=[/input-8/conv_1_relu, /input-8/conv_2], perturbed=True)
  (/input-8/add_3_4): BoundAdd(name=/input-8/add_3_4, inputs=[/input-8/conv_3_relu, /input-8/conv_4], perturbed=True)
  (/input-20/conv_1): BoundConv(name=/input-20/conv_1, inputs=[/73, /input-20/conv_1_w], perturbed=True)
  (/input-20/conv_1_relu): BoundRelu(name=/input-20/conv_1_relu, inputs=[/input-20/conv_1], perturbed=True)
  (/input-20/conv_1_w): BoundParams(name=/input-20/conv_1_w, inputs=[], perturbed=False)
  (/input-20/conv_2): BoundConv(name=/input-20/conv_2, inputs=[/73, /input-20/conv_2_w], perturbed=True)
  (/input-20/conv_2_w): BoundParams(name=/input-20/conv_2_w, inputs=[], perturbed=False)
  (/input-20/conv_3): BoundConv(name=/input-20/conv_3, inputs=[/input-20/add_1_2, /input-20/conv_3_w], perturbed=True)
  (/input-20/conv_3_relu): BoundRelu(name=/input-20/conv_3_relu, inputs=[/input-20/conv_3], perturbed=True)
  (/input-20/conv_3_w): BoundParams(name=/input-20/conv_3_w, inputs=[], perturbed=False)
  (/input-20/conv_4): BoundConv(name=/input-20/conv_4, inputs=[/input-20/add_1_2, /input-20/conv_4_w], perturbed=True)
  (/input-20/conv_4_w): BoundParams(name=/input-20/conv_4_w, inputs=[], perturbed=False)
  (/input-20/add_1_2): BoundAdd(name=/input-20/add_1_2, inputs=[/input-20/conv_1_relu, /input-20/conv_2], perturbed=True)
  (/input-20/add_3_4): BoundAdd(name=/input-20/add_3_4, inputs=[/input-20/conv_3_relu, /input-20/conv_4], perturbed=True)
  (/input-36/conv_1): BoundConv(name=/input-36/conv_1, inputs=[/80, /input-36/conv_1_w], perturbed=True)
  (/input-36/conv_1_relu): BoundRelu(name=/input-36/conv_1_relu, inputs=[/input-36/conv_1], perturbed=True)
  (/input-36/conv_1_w): BoundParams(name=/input-36/conv_1_w, inputs=[], perturbed=False)
  (/input-36/conv_2): BoundConv(name=/input-36/conv_2, inputs=[/80, /input-36/conv_2_w], perturbed=True)
  (/input-36/conv_2_w): BoundParams(name=/input-36/conv_2_w, inputs=[], perturbed=False)
  (/input-36/conv_3): BoundConv(name=/input-36/conv_3, inputs=[/input-36/add_1_2, /input-36/conv_3_w], perturbed=True)
  (/input-36/conv_3_relu): BoundRelu(name=/input-36/conv_3_relu, inputs=[/input-36/conv_3], perturbed=True)
  (/input-36/conv_3_w): BoundParams(name=/input-36/conv_3_w, inputs=[], perturbed=False)
  (/input-36/conv_4): BoundConv(name=/input-36/conv_4, inputs=[/input-36/add_1_2, /input-36/conv_4_w], perturbed=True)
  (/input-36/conv_4_w): BoundParams(name=/input-36/conv_4_w, inputs=[], perturbed=False)
  (/input-36/add_1_2): BoundAdd(name=/input-36/add_1_2, inputs=[/input-36/conv_1_relu, /input-36/conv_2], perturbed=True)
  (/input-36/add_3_4): BoundAdd(name=/input-36/add_3_4, inputs=[/input-36/conv_3_relu, /input-36/conv_4], perturbed=True)
  (/input-52/conv_1): BoundConv(name=/input-52/conv_1, inputs=[/87, /input-52/conv_1_w], perturbed=True)
  (/input-52/conv_1_relu): BoundRelu(name=/input-52/conv_1_relu, inputs=[/input-52/conv_1], perturbed=True)
  (/input-52/conv_1_w): BoundParams(name=/input-52/conv_1_w, inputs=[], perturbed=False)
  (/input-52/conv_2): BoundConv(name=/input-52/conv_2, inputs=[/87, /input-52/conv_2_w], perturbed=True)
  (/input-52/conv_2_w): BoundParams(name=/input-52/conv_2_w, inputs=[], perturbed=False)
  (/input-52/conv_3): BoundConv(name=/input-52/conv_3, inputs=[/input-52/add_1_2, /input-52/conv_3_w], perturbed=True)
  (/input-52/conv_3_relu): BoundRelu(name=/input-52/conv_3_relu, inputs=[/input-52/conv_3], perturbed=True)
  (/input-52/conv_3_w): BoundParams(name=/input-52/conv_3_w, inputs=[], perturbed=False)
  (/input-52/conv_4): BoundConv(name=/input-52/conv_4, inputs=[/input-52/add_1_2, /input-52/conv_4_w], perturbed=True)
  (/input-52/conv_4_w): BoundParams(name=/input-52/conv_4_w, inputs=[], perturbed=False)
  (/input-52/add_1_2): BoundAdd(name=/input-52/add_1_2, inputs=[/input-52/conv_1_relu, /input-52/conv_2], perturbed=True)
  (/input-52/add_3_4): BoundAdd(name=/input-52/add_3_4, inputs=[/input-52/conv_3_relu, /input-52/conv_4], perturbed=True)
  (/95/conv_1): BoundConv(name=/95/conv_1, inputs=[/94, /95/conv_1_w], perturbed=True)
  (/95/conv_1_relu): BoundRelu(name=/95/conv_1_relu, inputs=[/95/conv_1], perturbed=True)
  (/95/conv_1_w): BoundParams(name=/95/conv_1_w, inputs=[], perturbed=False)
  (/95/conv_2): BoundConv(name=/95/conv_2, inputs=[/94, /95/conv_2_w], perturbed=True)
  (/95/conv_2_w): BoundParams(name=/95/conv_2_w, inputs=[], perturbed=False)
  (/95/conv_3): BoundConv(name=/95/conv_3, inputs=[/95/add_1_2, /95/conv_3_w], perturbed=True)
  (/95/conv_3_relu): BoundRelu(name=/95/conv_3_relu, inputs=[/95/conv_3], perturbed=True)
  (/95/conv_3_w): BoundParams(name=/95/conv_3_w, inputs=[], perturbed=False)
  (/95/conv_4): BoundConv(name=/95/conv_4, inputs=[/95/add_1_2, /95/conv_4_w], perturbed=True)
  (/95/conv_4_w): BoundParams(name=/95/conv_4_w, inputs=[], perturbed=False)
  (/95/add_1_2): BoundAdd(name=/95/add_1_2, inputs=[/95/conv_1_relu, /95/conv_2], perturbed=True)
  (/95/add_3_4): BoundAdd(name=/95/add_3_4, inputs=[/95/conv_3_relu, /95/conv_4], perturbed=True)
)
Model prediction is: tensor([ 6.73397109e-02,  2.00978065e+00, -8.06486428e-01, -8.35692883e-01,
        -1.04503024e+00,  3.08130503e-01, -5.91604829e-01, -1.56363046e+00,
        -1.53181624e+00, -1.31260157e+00, -6.59279168e-01,  1.47613958e-01,
         1.50101528e-01, -1.51539400e-01,  3.71817142e-01,  3.41837287e-01,
        -5.02156794e-01, -8.27173591e-01, -2.42921442e-01, -1.94532529e-01,
        -6.71542406e-01,  1.74298510e-01,  1.70259431e-01, -7.88450181e-01,
         1.28837869e-01, -3.78958523e-01,  1.21096671e+00,  3.60787451e-01,
        -5.39033234e-01,  9.00850594e-01, -1.52513063e+00,  1.11392617e+00,
        -2.94293880e-01, -1.74597907e+00, -1.11148107e+00, -1.08266914e+00,
         5.41425467e-01, -1.63670111e+00,  1.12690389e+00, -5.84890127e-01,
         1.50588787e+00, -1.22232318e-01, -2.69102871e-01, -4.94437367e-01,
         6.34419262e-01, -7.31532395e-01,  1.51256490e+00,  9.52443555e-02,
        -1.41093194e+00, -3.22758853e-01,  1.68937936e-01, -2.34457040e+00,
         1.04146612e+00,  7.08397925e-01, -3.72334987e-01, -7.34379113e-01,
         6.23888336e-02, -1.30218410e+00,  3.46279532e-01,  4.97785658e-02,
         4.03430939e-01, -2.73353398e-01, -6.64658606e-01,  1.24717265e-01,
         9.47768167e-02, -3.71185154e-01, -4.45105880e-01, -4.30311739e-01,
        -9.44307685e-01, -1.15401781e+00,  1.03641617e+00,  1.00191915e+00,
         8.01674008e-01,  1.98164129e+00,  9.33076322e-01,  2.10229063e+00,
         7.12374151e-01,  2.48537660e+00,  2.21660733e+00,  2.11593604e+00,
         1.40078992e-01, -1.57014012e+00, -5.34200430e-01, -1.03341663e+00,
        -1.46906927e-01, -4.00221676e-01, -1.10088396e+00,  7.10120380e-01,
         4.48937327e-01, -8.79136384e-01, -1.81299493e-01, -1.24056041e+00,
         4.56335068e-01, -1.34295389e-01,  4.27001029e-01, -1.04427850e+00,
         5.59581816e-01, -8.21214497e-01,  5.30897975e-01, -9.18387353e-01,
         4.81146514e-01, -1.71858394e+00, -2.23227334e+00,  6.71660662e-01,
        -1.40208840e+00, -2.15996933e+00, -1.52118564e+00, -5.56295216e-01,
        -1.56237733e+00, -1.75880599e+00,  1.19065024e-01,  2.95783591e+00,
        -3.10281038e-01,  2.47591406e-01,  4.41391379e-01, -1.37866712e+00,
        -7.78204441e-01, -6.87607527e-02, -4.08915162e-01, -9.53672111e-01,
        -8.37796092e-01, -1.40868771e+00, -1.05963302e+00, -2.03565907e+00,
        -1.15597951e+00, -1.62342191e+00,  8.31023455e-01, -1.63386419e-01,
         1.13923156e+00,  5.31588733e-01, -8.56466144e-02, -2.52499133e-01,
         4.35046583e-01, -3.37499022e-01,  2.20859200e-01, -9.69603896e-01,
        -8.00091147e-01, -1.09142259e-01, -1.26525294e-02, -1.34689128e+00,
        -1.76696074e+00,  6.68478608e-01, -9.22883570e-01, -4.20428663e-01,
        -4.52981323e-01, -5.38043857e-01, -1.20857871e+00,  6.65254295e-01,
         2.05784425e-01,  7.93166459e-03, -1.73461795e+00,  6.10385418e-01,
        -6.59122705e-01,  2.94967175e-01, -9.89360437e-02, -3.86615515e-01,
        -5.44727623e-01, -5.90446964e-03, -5.66933393e-01, -9.79395509e-01,
        -1.01763284e+00, -3.66123974e-01,  1.39131099e-01, -7.14355350e-01,
        -5.90501547e-01, -6.38519466e-01, -8.49520624e-01, -9.81204331e-01,
        -2.47647941e-01, -5.48496246e-01, -1.92434207e-01, -5.00984132e-01,
        -1.13422835e+00, -2.33679250e-01, -5.36896944e-01, -8.99742246e-01,
        -1.13567472e+00, -1.93287119e-01,  8.45306665e-02, -9.77736175e-01,
        -1.28008342e+00, -2.70273983e-01,  1.24991715e-01, -3.25115412e-01,
        -1.37907073e-01, -4.10171777e-01, -1.26513898e-01,  3.53995562e-01,
        -5.78687072e-01, -7.64269292e-01, -1.81737468e-01, -7.93466941e-02,
        -4.81436878e-01, -3.23151886e-01, -5.81507802e-01,  1.09261787e+00,
        -1.06788002e-01, -9.28523779e-01, -8.58834207e-01,  5.59631705e-01,
        -2.72552431e-01, -5.42887032e-01, -2.01362103e-01,  8.01699460e-01,
        -2.39791721e-01, -6.07854009e-01, -1.06064129e+00, -7.59265542e-01,
        -7.34246910e-01, -8.22109759e-01, -1.28094411e+00, -3.93460721e-01,
        -1.08353809e-01, -7.49878824e-01, -6.92559183e-01, -5.52763402e-01,
        -6.57004654e-01, -2.87805110e-01, -6.02889419e-01, -7.65652061e-01,
        -1.02981305e+00, -4.04113263e-01, -4.16568667e-01,  2.35007405e-01,
         4.15722094e-03, -9.56265688e-01, -9.23224986e-01, -5.59334636e-01,
        -8.29079092e-01,  4.15826917e-01, -7.62606502e-01, -3.57664376e-01,
        -7.32015669e-01, -5.08489251e-01, -3.81660730e-01, -9.31350812e-02,
        -5.96408248e-01, -1.02980785e-01, -8.04346204e-01, -2.78469861e-01,
        -6.47597015e-01, -6.16728365e-01,  1.68347694e-02, -1.62186074e+00,
        -1.01852870e+00,  2.06054434e-01, -1.30374122e+00, -5.04365861e-01,
        -1.11834198e-01, -1.65943548e-01, -2.89001882e-01, -1.19716859e+00,
         2.58611649e-01, -1.84413314e-01,  9.02106464e-01, -1.27263546e+00,
        -1.19204414e+00,  3.82953361e-02,  2.12891065e-02,  2.57919878e-01,
         5.47278486e-03, -5.29986024e-01, -9.42296386e-01, -4.41512674e-01,
        -6.99516833e-01, -1.07293408e-02, -7.73739338e-01, -9.21745420e-01,
        -1.47567832e+00,  3.13761532e-01,  3.24443549e-01, -3.59673142e-01,
         5.08806944e-01,  2.17352584e-01, -4.42681551e-01, -5.63432693e-01,
        -7.64476001e-01, -2.69881278e-01, -6.31342888e-01,  6.91674054e-01,
        -1.12772025e-01,  1.39496195e+00,  1.37132394e+00,  1.89897156e+00,
         1.85233355e+00,  4.54663754e-01, -8.83580625e-01, -2.67126501e-01,
        -1.14063668e+00, -9.03852761e-01, -1.39077842e+00, -1.15784478e+00,
        -7.80766666e-01, -6.25339866e-01, -1.43867218e+00, -1.11249733e+00,
         5.24528697e-03, -1.11301112e+00, -1.61446488e+00, -1.04868555e+00,
        -3.79892379e-01,  1.30483997e+00,  1.08269083e+00,  5.31245768e-01,
        -1.58003271e-01, -1.22401273e+00,  4.62559998e-01,  6.52059257e-01,
         1.32815814e+00, -6.12434387e-01,  1.35412204e+00,  1.35631013e+00,
         1.93097711e-01,  2.05102611e+00,  1.89288759e+00,  1.17737031e+00,
         8.78705978e-01, -1.31801158e-01,  1.98440933e+00,  1.56796706e+00,
         1.27708316e+00, -1.55389321e+00, -1.16080070e+00, -1.28573787e+00,
        -1.08680511e+00, -1.83985758e+00, -1.51842916e+00, -4.17158216e-01,
        -1.98302209e+00, -1.44626737e+00,  6.03042394e-02,  4.06276226e-01,
         1.31846452e+00, -4.29430604e-01, -9.34614122e-01, -5.97266614e-01,
        -1.94402552e+00,  3.43539193e-03, -5.39385498e-01, -1.93162191e+00,
        -1.32173073e+00, -1.13506401e+00, -1.82021224e+00, -1.48996782e+00,
        -9.00907040e-01, -1.83846879e+00, -1.77952540e+00, -1.21910560e+00,
        -2.53011584e+00, -1.65292084e+00, -1.82131422e+00, -1.38773394e+00,
        -1.73874629e+00, -1.29552794e+00, -1.89954317e+00, -1.83661330e+00,
        -3.10421646e-01, -2.51321614e-01, -7.26731643e-02,  2.20224112e-02,
        -6.68538332e-01,  4.20882523e-01, -2.18780443e-01, -5.03247857e-01,
        -1.89295852e+00, -7.08050132e-01, -9.67409670e-01, -5.05438328e-01,
        -5.22211790e-01, -9.28428948e-01, -3.56983989e-01, -1.33376145e+00,
        -9.58268821e-01, -6.90503299e-01, -6.22985780e-01, -1.15056062e+00,
        -8.26056302e-01, -3.33162874e-01, -5.46193123e-01, -1.46745074e+00,
        -2.24399179e-01, -1.20145082e+00, -5.27071178e-01, -6.99904323e-01,
        -1.07338500e+00, -9.59008873e-01, -1.56272244e+00, -1.45416951e+00,
        -2.07514262e+00,  7.11940467e-01, -8.73183846e-01,  6.40687168e-01,
        -1.64377183e-01, -2.10323477e+00, -4.12285000e-01,  9.22634065e-01,
        -1.90337229e+00, -1.55255020e+00, -1.57244548e-01,  4.80603904e-01,
        -4.26121950e-01, -3.04280072e-01, -1.76026791e-01, -4.55712378e-01,
        -2.53675252e-01,  1.49681640e+00, -5.55085778e-01, -3.30286443e-01,
        -1.83711505e+00,  2.89548373e+00, -9.11247969e-01,  1.47776592e+00,
         5.70133090e-01,  9.67148125e-01,  1.21577501e+00, -1.72837734e+00,
         1.81283414e+00,  3.91967267e-01,  3.10491824e+00,  1.90404129e+00,
         1.29491389e-01,  4.56584752e-01,  5.06138913e-02, -3.61291885e-01,
         1.37933150e-01,  3.30289960e-01,  1.47079813e+00, -7.65824676e-01,
        -3.91856283e-01, -1.09790973e-01, -5.72559536e-01,  3.65934968e-02,
         4.45878804e-01,  4.01348591e-01,  1.20962155e+00,  1.60755622e+00,
        -5.59467375e-01, -3.33136082e-01,  1.43551266e+00,  3.88518929e-01,
        -1.88354582e-01,  1.30689561e+00, -3.13239545e-01,  1.96665406e+00,
        -9.90429163e-01, -3.76248598e-01,  3.23528600e+00, -1.43006116e-01,
        -4.58337545e-01, -1.93564370e-01, -5.52505910e-01,  1.30649507e+00,
         6.33420944e-02,  4.81886983e-01, -1.26731241e+00,  3.78157347e-01,
         3.85533810e-01,  1.12571466e+00, -4.97300625e-02,  2.74404258e-01,
        -1.24920309e+00, -1.13208890e-01,  2.44342566e+00, -3.41699332e-01,
         1.29083633e+00,  1.75210190e+00, -7.48391032e-01, -1.98737037e+00,
        -1.31146580e-01,  1.52910665e-01,  1.00918984e+00, -1.22407866e+00,
        -5.87886930e-01,  1.38214958e+00, -6.90316200e-01,  6.19197786e-01,
        -1.62418246e+00,  3.47415358e-01,  3.26642931e-01, -7.36489296e-01,
         2.41664338e+00,  1.68358648e+00,  1.11672938e+00, -1.48059428e+00,
        -9.20518517e-01,  1.33835351e+00,  3.30800325e-01,  2.30438733e+00,
         3.08903009e-01,  2.93977529e-01,  1.15924883e+00, -6.12313390e-01,
         1.01567435e+00,  1.15853357e+00,  7.96960235e-01,  5.16730249e-01,
         7.92635024e-01,  6.34762645e-02, -1.80525422e-01,  2.81231308e+00,
        -2.75571179e+00,  2.27994006e-03, -9.20545876e-01,  5.10188401e-01,
         3.93080920e-01,  1.34285018e-01, -1.86015344e+00,  1.77908587e+00,
         1.24428475e+00, -2.27578783e+00, -8.64657044e-01, -8.04496408e-01,
         1.07621133e+00, -7.17311978e-01, -3.81692290e-01, -4.90260124e-01,
        -1.30539858e+00,  3.13380659e-01,  1.15880229e-01, -4.22223151e-01,
        -3.51666451e-01, -2.57690132e-01, -1.08686543e+00, -1.42774999e-01,
        -6.61323071e-01, -7.04897106e-01,  5.00441670e-01,  1.27964807e+00,
        -1.24833539e-01, -2.27397054e-01,  2.01251054e+00,  1.08105290e+00,
         7.72328526e-02,  5.67101359e-01,  2.31855416e+00, -1.51070166e+00,
        -1.34084904e+00, -5.91133118e-01,  6.89750910e-02,  3.13665795e+00,
        -1.53962895e-01, -1.30017519e+00,  1.57555997e+00, -5.07330835e-01,
        -1.01710999e+00,  1.02461135e+00, -1.96608394e-01, -1.93956184e+00,
         9.00000632e-01,  3.60027051e+00, -9.35874104e-01, -9.10593569e-02,
         9.57585275e-01,  1.98691714e+00,  2.87860423e-01, -7.41318047e-01,
         4.65816450e+00,  1.13683736e+00,  7.64122605e-01,  4.93189484e-01,
        -1.26811159e+00, -6.56591475e-01,  1.68776000e+00,  1.94451869e+00,
        -7.42020011e-02,  4.92281288e-01, -1.21030581e+00,  3.03404748e-01,
        -4.32590216e-01, -2.00421047e+00, -1.81061756e-02, -3.77830327e-01,
         9.73235071e-01, -1.41010046e+00,  3.31695259e-01, -1.36320138e+00,
        -1.61115909e+00,  5.17667174e-01,  2.24126130e-01,  3.54471147e-01,
         1.71751410e-01, -2.26501942e-01, -2.26972914e+00, -3.29836346e-02,
         1.72940397e+00,  6.87063217e-01, -8.04056466e-01,  2.05667090e+00,
         1.93325663e+00,  6.84639990e-01,  1.40863109e+00,  4.38512754e+00,
         7.94978440e-01,  1.04067314e+00, -2.83554375e-01, -1.24771023e+00,
         1.91987932e+00,  3.59363645e-01,  1.09050488e+00,  2.01106310e+00,
         2.12858987e+00,  6.99883625e-02,  1.12548816e+00, -1.97831619e+00,
         1.75916529e+00,  2.37945700e+00,  7.88979053e-01, -6.59966648e-01,
         1.44884515e+00, -1.14873338e+00,  7.57208824e-01,  7.35804915e-01,
        -9.40781534e-01,  4.54052120e-01,  4.27938670e-01,  1.17191398e+00,
         1.72668791e+00,  2.63920516e-01,  2.09636927e+00,  2.46682692e+00,
         2.16277194e+00,  1.91991031e-01,  1.20402420e+00,  3.00839329e+00,
        -6.42049611e-01, -1.12729728e+00,  2.20794392e+00,  2.40089104e-01,
        -1.44081509e+00,  1.51111352e+00,  2.40758777e-01,  4.17855442e-01,
         4.03391838e+00,  1.12451887e+00, -1.75821054e+00,  6.73013687e-01,
         2.02078104e+00,  3.99164826e-01, -2.56898254e-01, -8.31009895e-02,
        -8.85466695e-01, -6.11616522e-02, -1.17096364e+00, -3.32706690e-01,
         2.19421196e+00, -1.51370430e+00, -1.81711942e-01,  6.94500506e-01,
         2.02566314e+00, -2.01308107e+00,  1.64405465e+00,  3.97025681e+00,
        -7.65696049e-01, -9.06032696e-02, -7.13660598e-01,  7.15030015e-01,
        -4.26870435e-01,  1.22983265e+00, -3.39912683e-01,  3.08050543e-01,
         3.72038007e-01, -1.42297232e+00,  1.74913967e+00, -9.16689932e-01,
         2.50334167e+00, -4.71180052e-01, -4.22724821e-02,  3.07852924e-01,
        -7.49534547e-01,  2.34328628e+00, -1.49009228e-01, -1.23113501e+00,
        -7.96302617e-01,  1.45521021e+00,  2.91697443e-01, -3.70742828e-02,
        -8.28743398e-01,  1.69297421e+00,  1.39870524e-01,  3.47144514e-01,
         1.45132995e+00,  1.89227903e+00, -7.86206424e-01,  8.48887205e-01,
        -1.52509212e-01,  9.06850398e-01,  2.13085935e-01, -1.89976811e+00,
         2.59958291e+00, -7.81598687e-03, -3.53944230e+00,  9.26274881e-02,
         1.81314576e+00,  9.36725676e-01, -1.05002606e+00,  1.32949591e+00,
         1.94315314e+00, -2.27057904e-01, -1.30081344e+00,  3.09776366e-01,
         2.21050882e+00,  1.20444226e+00,  4.06154543e-01, -1.08184397e+00,
         1.45665634e+00, -8.94338727e-01, -7.91758239e-01,  1.46291113e+00,
         5.33171654e-01,  2.29989028e+00,  6.07489705e-01,  1.23407793e+00,
         1.17756736e+00,  9.69371200e-01,  8.90933037e-01, -9.41517353e-01,
         5.82103506e-02, -1.19444263e+00,  1.23154484e-01,  3.61128807e-01,
         3.64583641e-01,  1.19586289e+00,  1.95783067e+00,  8.49681050e-02,
        -2.09559655e+00,  6.55987084e-01,  5.54951802e-02,  4.14679050e-01,
         9.05359268e-01,  1.39074445e-01, -1.60034168e+00,  1.93631816e+00,
         3.53321284e-01,  1.55974567e+00, -9.87646461e-01,  9.77105647e-02,
        -1.63496770e-02,  6.68057576e-02,  3.33567649e-01, -1.65067756e+00,
        -3.26789975e-01,  2.34847951e+00, -1.39092416e-01, -1.39431894e-01,
         1.55687308e+00,  1.15543580e+00,  1.79729986e+00,  8.63296866e-01,
         2.06401396e+00,  2.07198071e+00,  7.98022151e-01, -4.96794552e-01,
         5.90464056e-01,  3.61538935e+00,  1.79560113e+00, -1.11944366e+00,
         6.21585071e-01, -6.93464637e-01,  2.71107614e-01,  9.37472343e-01,
         2.41019416e+00,  1.98046052e+00, -1.45137298e+00,  1.54940379e+00,
         1.62186503e+00, -1.50854692e-01,  7.18673229e-01,  1.58170414e+00,
        -9.98080492e-01,  1.62913775e+00, -6.09637260e-01,  2.12018800e+00,
         1.96454692e+00,  8.80421281e-01, -5.56211829e-01, -4.07350570e-01,
         2.80090511e-01,  1.75624132e+00,  9.86757398e-01, -9.09066141e-01,
        -5.53657651e-01,  5.33110559e-01,  3.02938414e+00,  1.65611291e+00,
         2.72935605e+00,  6.02995574e-01, -2.32911423e-01,  4.17858183e-01,
        -1.14295828e+00,  2.84628463e+00, -2.56151706e-01,  1.17020510e-01,
         1.37244213e+00,  6.38179779e-01,  3.72054982e+00,  1.23099720e+00,
         8.70291591e-01,  7.88844526e-01,  1.97866535e+00,  2.60462570e+00,
        -6.85521901e-01, -1.46506977e+00, -3.71495411e-02,  4.24839258e-01,
         1.43129969e+00, -2.72370219e-01, -8.80943462e-02,  1.55762577e+00,
        -1.46546030e+00, -1.22304291e-01,  1.42322731e+00,  2.11082149e+00,
         1.01196587e+00,  1.33704925e+00,  1.12377964e-01,  1.42748141e+00,
         5.56309879e-01, -3.42116028e-01,  1.91919625e+00,  2.60481209e-01,
        -1.51539600e+00, -1.18817651e+00, -8.34006250e-01,  2.03853205e-01,
         4.55219328e-01, -1.02285266e+00,  1.41952336e+00,  7.54298866e-01,
         2.33653235e+00, -1.87990165e+00, -3.09708565e-01,  1.24940419e+00,
        -1.35452902e+00, -5.27087569e-01,  9.99306917e-01, -1.25316131e+00,
        -1.27799168e-01, -3.83346453e-02,  1.75523341e-01, -8.53017211e-01,
         1.60762274e+00, -5.28961241e-01, -2.93016672e-01, -1.68955892e-01,
         3.33836865e+00,  2.19397831e+00,  1.58902884e+00, -1.22634578e+00,
         1.62879527e+00, -3.19828242e-01, -5.44129252e-01,  3.78289580e+00,
         6.34410322e-01, -1.17068624e+00,  1.61227155e+00,  1.31027281e+00,
        -2.62050629e+00, -6.34609282e-01,  1.76708624e-01, -5.40231951e-02,
         5.76660186e-02,  1.04483414e+00,  1.21102579e-01, -1.35168886e+00,
        -1.02947772e+00, -1.80534208e+00, -1.42130971e+00, -1.09328382e-01,
         2.40477991e+00, -2.57188857e-01, -2.64587611e-01,  1.03584200e-01,
         1.11794591e+00, -7.06718266e-01, -2.09959602e+00,  3.54444757e-02,
         1.37474144e+00,  2.74771750e-01, -3.35771769e-01,  1.26431441e+00,
         1.88508272e-01,  6.05078995e-01,  1.26197231e+00,  9.26081300e-01,
         5.15285954e-02,  2.82005787e+00,  3.00697207e-01, -3.75456750e-01,
        -8.66908789e-01,  4.98554587e-01, -1.20426583e+00,  6.06756993e-02,
         3.70246387e+00,  2.02262402e+00,  2.20560074e+00, -5.44029415e-01,
         1.67124939e+00,  1.78144228e+00,  1.52402234e+00,  5.91057241e-01,
        -4.08149660e-01, -2.69466639e-01,  1.39590538e+00,  3.97345781e-01,
         6.99263906e+00,  5.08464003e+00,  2.18824959e+00, -4.02204365e-01,
         5.28634787e-01, -5.02176769e-02,  6.76427245e-01,  2.30343723e+00,
        -1.51335275e+00, -1.94022727e+00, -3.48658971e-02, -1.99995530e+00,
         1.75595260e+00, -3.29054862e-01, -1.03157461e-01,  4.35872763e-01,
         8.66673529e-01,  2.30760598e+00,  3.08000654e-01, -7.00705171e-01,
        -2.33031273e+00,  6.65762603e-01, -1.07518566e+00, -1.21305048e+00,
        -1.55274940e+00,  1.47359729e-01, -8.92571509e-01, -1.45798850e+00,
        -1.02456522e+00, -2.42019868e+00, -1.07201791e+00, -1.42169201e+00,
        -1.70995486e+00, -2.09377766e+00, -1.32101095e+00, -2.58566737e-01,
        -1.15568769e+00, -1.10297382e+00, -5.35106421e-01, -3.86366427e-01,
        -2.82381201e+00, -6.67574286e-01, -1.64304435e+00, -1.27703524e+00,
         4.19198841e-01,  1.08906066e+00,  5.11272140e-02, -5.04324973e-01,
        -7.08438694e-01, -4.72047985e-01, -6.17574394e-01, -1.91248655e+00,
        -1.68596554e+00, -1.31374612e-01, -1.18420470e+00, -1.96168089e+00,
        -1.51515365e+00, -1.34852552e+00, -1.02766991e+00, -1.40291476e+00,
        -1.67741108e+00, -1.71770632e+00,  1.64003754e+00, -7.32802570e-01,
         5.05700290e-01, -1.78408355e-01, -1.43338609e+00,  2.05821204e+00,
        -1.45458949e+00, -1.28910124e+00,  7.43027270e-01, -3.67219821e-02,
        -1.66431427e+00,  5.35233557e-01, -6.32856786e-02, -2.11730003e+00,
         2.83240348e-01,  5.07590324e-02, -3.59240264e-01, -8.26880753e-01,
        -7.13877439e-01,  2.69280851e-01, -1.30866253e+00, -3.48281652e-01,
        -1.01864183e+00,  4.80044693e-01, -1.26586199e+00, -1.74128163e+00,
        -1.40605068e+00, -2.45634437e+00, -1.83854389e+00, -1.21836495e+00,
        -1.27962363e+00, -2.27794933e+00, -5.32971993e-02,  1.08821797e+00],
       device='cuda:0')
Clean RHS: tensor([[0.78415769]], device='cuda:0')
Split layers:
Nonlinear functions:
   BoundRelu(name=/66, inputs=[/input], perturbed=True)
   BoundRelu(name=/68, inputs=[/input-4], perturbed=True)
   BoundRelu(name=/71, inputs=[/input-12], perturbed=True)
   BoundRelu(name=/73, inputs=[/input-16], perturbed=True)
   BoundRelu(name=/76, inputs=[/input-24], perturbed=True)
   BoundRelu(name=/78, inputs=[/input-28], perturbed=True)
   BoundRelu(name=/80, inputs=[/input-32], perturbed=True)
   BoundRelu(name=/83, inputs=[/input-40], perturbed=True)
   BoundRelu(name=/85, inputs=[/input-44], perturbed=True)
   BoundRelu(name=/87, inputs=[/input-48], perturbed=True)
   BoundRelu(name=/90, inputs=[/input-56], perturbed=True)
   BoundRelu(name=/92, inputs=[/input-60], perturbed=True)
   BoundRelu(name=/94, inputs=[/input-64], perturbed=True)
   BoundRelu(name=/98, inputs=[/input-68], perturbed=True)
   BoundRelu(name=/101, inputs=[/input-72], perturbed=True)
   BoundRelu(name=/input-8/conv_1_relu, inputs=[/input-8/conv_1], perturbed=True)
   BoundRelu(name=/input-8/conv_3_relu, inputs=[/input-8/conv_3], perturbed=True)
   BoundRelu(name=/input-20/conv_1_relu, inputs=[/input-20/conv_1], perturbed=True)
   BoundRelu(name=/input-20/conv_3_relu, inputs=[/input-20/conv_3], perturbed=True)
   BoundRelu(name=/input-36/conv_1_relu, inputs=[/input-36/conv_1], perturbed=True)
   BoundRelu(name=/input-36/conv_3_relu, inputs=[/input-36/conv_3], perturbed=True)
   BoundRelu(name=/input-52/conv_1_relu, inputs=[/input-52/conv_1], perturbed=True)
   BoundRelu(name=/input-52/conv_3_relu, inputs=[/input-52/conv_3], perturbed=True)
   BoundRelu(name=/95/conv_1_relu, inputs=[/95/conv_1], perturbed=True)
   BoundRelu(name=/95/conv_3_relu, inputs=[/95/conv_3], perturbed=True)
Batched CROWN: node BoundConv(name=/input-4, inputs=[/66, /35, /36], perturbed=True), unstable size 19358
Batched CROWN: node BoundConv(name=/input-8/conv_1, inputs=[/68, /input-8/conv_1_w], perturbed=True), unstable size 28099
Batched CROWN: node BoundConv(name=/input-8/conv_3, inputs=[/input-8/add_1_2, /input-8/conv_3_w], perturbed=True), unstable size 8221
Batched CROWN: node BoundConv(name=/input-12, inputs=[/input-8/add_3_4, /37, /38], perturbed=True), unstable size 190858
Batched CROWN: node BoundConv(name=/input-16, inputs=[/71, /39, /40], perturbed=True), unstable size 1350085
Batched CROWN: node BoundConv(name=/input-20/conv_1, inputs=[/73, /input-20/conv_1_w], perturbed=True), unstable size 37167
Batched CROWN: node BoundConv(name=/input-20/conv_3, inputs=[/input-20/add_1_2, /input-20/conv_3_w], perturbed=True), unstable size 16259
Batched CROWN: node BoundConv(name=/input-24, inputs=[/input-20/add_3_4, /41, /42], perturbed=True), unstable size 583842
Batched CROWN: node BoundConv(name=/input-28, inputs=[/76, /43, /44], perturbed=True), unstable size 729053
Batched CROWN: node BoundConv(name=/input-32, inputs=[/78, /45, /46], perturbed=True), unstable size 216396
Batched CROWN: node BoundConv(name=/input-36/conv_1, inputs=[/80, /input-36/conv_1_w], perturbed=True), unstable size 27612
Batched CROWN: node BoundConv(name=/input-36/conv_3, inputs=[/input-36/add_1_2, /input-36/conv_3_w], perturbed=True), unstable size 13047
Batched CROWN: node BoundConv(name=/input-40, inputs=[/input-36/add_3_4, /47, /48], perturbed=True), unstable size 287446
Batched CROWN: node BoundConv(name=/input-44, inputs=[/83, /49, /50], perturbed=True), unstable size 250946
Batched CROWN: node BoundConv(name=/input-48, inputs=[/85, /51, /52], perturbed=True), unstable size 105340
Batched CROWN: node BoundConv(name=/input-52/conv_1, inputs=[/87, /input-52/conv_1_w], perturbed=True), unstable size 2557
Batched CROWN: node BoundConv(name=/input-52/conv_3, inputs=[/input-52/add_1_2, /input-52/conv_3_w], perturbed=True), unstable size 1940
Batched CROWN: node BoundConv(name=/input-56, inputs=[/input-52/add_3_4, /53, /54], perturbed=True), unstable size 63588
Batched CROWN: node BoundConv(name=/input-60, inputs=[/90, /55, /56], perturbed=True), unstable size 85324
Batched CROWN: node BoundConv(name=/input-64, inputs=[/92, /57, /58], perturbed=True), unstable size 30794
Batched CROWN: node BoundConv(name=/95/conv_1, inputs=[/94, /95/conv_1_w], perturbed=True), unstable size 1562
Batched CROWN: node BoundConv(name=/95/conv_3, inputs=[/95/add_1_2, /95/conv_3_w], perturbed=True), unstable size 796
Batched CROWN: node BoundLinear(name=/input-68, inputs=[/96, /59, /60], perturbed=True), unstable size 3995
Batched CROWN: node BoundLinear(name=/input-72, inputs=[/99, /61, /62], perturbed=True), unstable size 4092
initial crown bounds: tensor([[0.15121411]], device='cuda:0')
Number of class (without rhs): 0 ; Worst class: (+ rhs) 0.1512141078710556
Verified by initial bound!
Result: unsat
Time: 756.5981512069702
[rank 0] === Checking instance ID 267 ===
[rank 0] >>> Running ID=267 onnx=onnx/vgg16-7.onnx
Configurations:

general:
  device: cuda
  seed: 100
  conv_mode: patches
  deterministic: false
  double_fp: false
  loss_reduction_func: max
  sparse_alpha: true
  sparse_interm: true
  save_adv_example: false
  verify_onnxruntime_output: false
  eval_adv_example: false
  show_adv_example: false
  precompile_jit: false
  prepare_only: false
  complete_verifier: bab
  enable_incomplete_verification: false
  csv_name: instances.csv
  results_file: results/vggnet16_all_p_2/result_267.rank0.txt
  root_path: ../../vnncomp2023_benchmarks/benchmarks/vggnet16
  deterministic_opt: false
  graph_optimizer: 'Customized("custom_graph_optimizer", "maxpool_to_relu")'
  buffer_has_batchdim: false
  save_output: false
  output_file: out.pkl
  return_optimized_model: false
  output_additional_stats: true
  instance_id: 267
  dataset_output_dir: dataset
  min_stable_neurons_ratio_threshold: 0.0
model:
  name: null
  path: null
  onnx_path: /projects/air/dlverifier/vggnet16_all/onnx/vgg16-7.onnx
  onnx_path_prefix: ''
  cache_onnx_conversion: true
  debug_onnx: false
  onnx_quirks: null
  input_shape: null
  onnx_loader: default_onnx_and_vnnlib_loader
  onnx_optimization_flags: []
  onnx_vnnlib_joint_optimization_flags: none
  check_optimized: false
  flatten_final_output: false
  optimize_graph: null
  with_jacobian: false
data:
  start: 0
  end: 10000
  select_instance: null
  num_outputs: 1000
  mean: 0.0
  std: 1.0
  pkl_path: null
  dataset: null
  data_filter_path: null
  data_idx_file: null
specification:
  type: lp
  robustness_type: verified-acc
  norm: .inf
  epsilon: null
  epsilon_min: 0.0
  vnnlib_path: /projects/air/dlverifier/vggnet16_all/vnnlib/n01739381_vine_snake_fix_nonmask_seg0_k50176_eps_0.0002.vnnlib
  vnnlib_path_prefix: ''
  rhs_offset: null
solver:
  batch_size: 1
  auto_enlarge_batch_size: false
  min_batch_size_ratio: 0.1
  use_float64_in_last_iteration: false
  early_stop_patience: 10
  start_save_best: 0.5
  bound_prop_method: forward+backward
  init_bound_prop_method: same
  prune_after_crown: false
  optimize_disjuncts_separately: false
  crown:
    batch_size: 16
    max_crown_size: 1000000000
    relu_option: adaptive
  alpha-crown:
    alpha: true
    lr_alpha: 0.1
    iteration: 100
    share_alphas: false
    lr_decay: 0.98
    full_conv_alpha: true
    max_coeff_mul: .inf
    matmul_share_alphas: false
    disable_optimization: []
    max_time: 1.0
  invprop:
    apply_output_constraints_to: []
    tighten_input_bounds: false
    best_of_oc_and_no_oc: false
    directly_optimize: []
    oc_lr: 0.1
    share_gammas: false
  beta-crown:
    lr_alpha: 0.01
    lr_beta: 0.05
    lr_decay: 0.98
    optimizer: adam
    iteration: 10
    beta: true
    beta_warmup: true
    enable_opt_interm_bounds: false
    all_node_split_LP: false
  forward:
    refine: false
    dynamic: true
    max_dim: 100
    reset_threshold: 1.0
  intermediate_refinement:
    enabled: false
    batch_size: 10
    opt_coeffs: false
    opt_bias: false
    lr: 0.05
    layers: [-1]
    max_domains: 1000
  multi_class:
    label_batch_size: 32
    skip_with_refined_bound: true
  mip:
    unstable_neuron_threshold: 0
    parallel_solvers: null
    solver_threads: 1
    refine_neuron_timeout: 15
    refine_neuron_time_percentage: 0.8
    early_stop: true
    adv_warmup: true
    mip_solver: gurobi
    skip_unsafe: false
    topk_filter: 1.0
    sliding_window: -1
    extra_constraint: false
    refine_neuron_timeout_increasement: 0
    timeout_neuron_percentage: 0.3
    remaining_timeout_threshold: 1
    remove_unstable_neurons: true
    lp_solver: false
bab:
  initial_max_domains: 1
  backing_up_max_domain: null
  max_domains: .inf
  decision_thresh: 0
  timeout: 1200.0
  timeout_scale: 1
  max_iterations: -1
  override_timeout: null
  get_upper_bound: false
  pruning_in_iteration: true
  pruning_in_iteration_ratio: 0.2
  sort_targets: false
  batched_domain_list: true
  optimized_interm: ''
  interm_transfer: true
  recompute_interm: false
  sort_domain_interval: -1
  vanilla_crown: false
  tree_traversal: depth_first
  cut:
    enabled: false
    cuts_path: /tmp/abcrown_cuts
    implication: false
    bab_cut: false
    lp_cut: false
    method: null
    lr: 0.01
    lr_decay: 1.0
    iteration: 100
    bab_iteration: -1
    early_stop_patience: -1
    lr_beta: 0.02
    number_cuts: 50
    topk_cuts_in_filter: 1000
    batch_size_primal: 100
    max_num: 1000000000
    patches_cut: false
    cplex_cuts: false
    cplex_cuts_wait: 0
    cplex_cuts_revpickup: true
    cut_reference_bounds: true
    fix_intermediate_bounds: false
    _tmp_cuts: null
    fixed_cuts: false
    add_implied_cuts: false
    add_input_cuts: false
    biccos:
      enabled: false
      constraint_strengthening: true
      recursively_strengthening: false
      drop_ratio: 0.5
      verified_bonus: 0.3
      max_infer_iter: 20
      heuristic: neuron_influence_score
      save_biccos_cuts: false
      multi_tree_branching:
        enabled: false
        restore_best_tree: false
        keep_n_best_domains: 1
        k_splits: 1
        iterations: 1
  branching:
    method: sb
    candidates: 3
    reduceop: min
    enable_intermediate_bound_opt: false
    branching_input_and_activation: false
    branching_input_and_activation_order: [input, relu]
    branching_input_iterations: 30
    branching_relu_iterations: 50
    gnn_path: ''
    neural_heuristic:
      model_path: ''
    rl:
      experiment: general
      eval: false
      extras: []
      logging:
        color: true
        debug: true
        file: rl-experiment.log
      pnet:
        gH: 64
        tH: 64
        nheads: 64
        nlayers: 64
        useDynamicGraph: true
        bidirectional: false
        GAT: true
      training:
        gamma: 0.99
        lr: 0.001
        batchSize: 8
        loop: 8
        totalEpochs: 10
        updatePolicyFrequency: 10
        updateTargetFrequency: 10
        buffer: buffer.pkl
        preparedBuffer: 'False'
        TestingPreparedBuffer: false
        scriptTraining: false
        policynet: policy-checkpoint.pt
        targetnet: target-checkpoint.pt
        datasetShuffle: true
        targetedData: all
        splitRatio: 0.8
        maxInstances: -1
        trainingMode: full
        reward:
          norm: null
          bonus: 10.0
          penalty: -1.0
      egreedy:
        epsilon: 0.1
        epsilonDecay: 0.1
        minEpsilon: 0.1
        ePath: epsilon.pt
        enabled: true
      expert:
        useExpertUntilEpisode: 0.1
        enabled: true
        learnToImitateExpertEpochs: 10
    nonlinear_split:
      method: shortcut
      branching_point_method: uniform
      num_branches: 2
      filter: false
      filter_beta: false
      filter_clamp: false
      filter_batch_size: 10000
      filter_iterations: 25
      relu_only: false
      loose_tanh_threshold: null
      dynamic_bbps: false
      dynamic_options: [uniform, three_left, three_right]
      branching_point_node: ''
      branching_point_db: []
    input_split:
      enable_clip_domains: false
      split_hint: null
      reorder_bab: false
      enable: true
      enhanced_bound_prop_method: alpha-crown
      enhanced_branching_method: naive
      enhanced_bound_patience: 100000000.0
      attack_patience: 100000000.0
      adv_check: 0
      split_partitions: 2
      sb_margin_weight: 1.0
      sb_sum: false
      sb_primary_spec: null
      bf_backup_thresh: -1
      bf_rhs_offset: 0
      bf_iters: 1000000000.0
      bf_batch_size: 100000
      bf_zero_crossing_score: false
      touch_zero_score: 0
      ibp_enhancement: false
      catch_assertion: false
      compare_with_old_bounds: false
      update_rhs_with_attack: false
      sb_coeff_thresh: 0.001
      sort_index: null
      sort_descending: true
      show_progress: false
      presplit_domains: null
      skip_getting_worst_domain: false
  attack:
    enabled: false
    beam_candidates: 8
    beam_depth: 7
    max_dive_fix_ratio: 0.8
    min_local_free_ratio: 0.2
    mip_start_iteration: 5
    mip_timeout: 30.0
    adv_pool_threshold: null
    refined_mip_attacker: false
    refined_batch_size: null
attack:
  pgd_order: input_bab
  pgd_steps: 100
  pgd_restarts: 30
  pgd_batch_size: 100000000
  pgd_early_stop: true
  pgd_lr_decay: 0.99
  pgd_alpha: auto
  pgd_alpha_scale: false
  pgd_loss_mode: null
  pgd_restart_when_stuck: false
  enable_mip_attack: false
  adv_saver: default_adv_saver
  adv_verifier: default_adv_verifier
  early_stop_condition: default_early_stop_condition
  adv_example_finalizer: default_adv_example_finalizer
  pgd_loss: default_pgd_loss
  cex_path: ./test_cex.txt
  attack_mode: PGD
  attack_tolerance: 0.0
  attack_func: attack_with_general_specs
  gama_lambda: 10.0
  gama_decay: 0.9
  check_clean: true
  input_split:
    pgd_steps: 100
    pgd_restarts: 30
    pgd_alpha: auto
  input_split_enhanced:
    pgd_steps: 200
    pgd_restarts: 500000
    pgd_alpha: auto
  input_split_check_adv:
    enabled: auto
    pgd_steps: 5
    pgd_restarts: 5
    pgd_alpha: auto
    max_num_domains: 10
debug:
  sanity_check: Full+Graph
  view_model: false
  lp_test: null
  rescale_vnnlib_ptb: null
  test_optimized_bounds: false
  test_optimized_bounds_after_n_iterations: 0
  print_verbose_decisions: false

Experiments at Thu Feb 19 02:25:10 2026 on d1029
Internal results will be saved to results/vggnet16_all_p_2/result_267.rank0.txt.

[ZRL] %%%%%%%%%%%%%%%%%%%%%%%%%%%%%%%%%%% idx: 0, vnnlib ID: 0 %%%%%%%%%%%%%%%%%%%%%%%%%%%%%%%%%%%
Using onnx /projects/air/dlverifier/vggnet16_all/onnx/vgg16-7.onnx
Using vnnlib /projects/air/dlverifier/vggnet16_all/vnnlib/n01739381_vine_snake_fix_nonmask_seg0_k50176_eps_0.0002.vnnlib
150528 inputs and 1000 outputs in vnnlib
Loading cached onnx model from /projects/air/dlverifier/vggnet16_all/onnx/vgg16-7.onnx.cached
Cannot read cached onnx file. Regenerating...
Loading onnx /projects/air/dlverifier/vggnet16_all/onnx/vgg16-7.onnx with quirks {}
Finished onnx model loading in 43.5921 seconds
Number of perturbed inputs: 85122
WARNING: prioritizing attack due to too many perturbed pixels on VGG
Setting arguments.Config["attack"]["pgd_order"] to "before"
Setting bound_prop_method to crown
Attack parameters: initialization=uniform, steps=100, restarts=30, alpha=5.000084638595581e-05, initialization=uniform, GAMA=False
Model output of first 5 examples:
 tensor([[ 6.73395172e-02,  2.00978065e+00, -8.06486666e-01, -8.35692942e-01,
         -1.04503000e+00,  3.08130354e-01, -5.91604650e-01, -1.56363070e+00,
         -1.53181648e+00, -1.31260169e+00, -6.59279346e-01,  1.47614256e-01,
          1.50101915e-01, -1.51539132e-01,  3.71817619e-01,  3.41837645e-01,
         -5.02156615e-01, -8.27173471e-01, -2.42921263e-01, -1.94532335e-01,
         -6.71542346e-01,  1.74298540e-01,  1.70259535e-01, -7.88450062e-01,
          1.28838137e-01, -3.78958404e-01,  1.21096694e+00,  3.60787749e-01,
         -5.39033353e-01,  9.00850713e-01, -1.52513039e+00,  1.11392665e+00,
         -2.94293761e-01, -1.74597919e+00, -1.11148143e+00, -1.08266890e+00,
          5.41425943e-01, -1.63670099e+00,  1.12690425e+00, -5.84889948e-01,
          1.50588846e+00, -1.22232154e-01, -2.69102633e-01, -4.94437277e-01,
          6.34419501e-01, -7.31532454e-01,  1.51256573e+00,  9.52447206e-02,
         -1.41093194e+00, -3.22758764e-01,  1.68938190e-01, -2.34457088e+00,
          1.04146647e+00,  7.08398223e-01, -3.72334659e-01, -7.34378755e-01,
          6.23889454e-02, -1.30218399e+00,  3.46279770e-01,  4.97787967e-02,
          4.03431296e-01, -2.73353070e-01, -6.64658725e-01,  1.24717087e-01,
          9.47770700e-02, -3.71184945e-01, -4.45105910e-01, -4.30311441e-01,
         -9.44307923e-01, -1.15401769e+00,  1.03641641e+00,  1.00191939e+00,
          8.01674426e-01,  1.98164177e+00,  9.33076859e-01,  2.10229087e+00,
          7.12374687e-01,  2.48537731e+00,  2.21660757e+00,  2.11593652e+00,
          1.40078723e-01, -1.57014024e+00, -5.34200490e-01, -1.03341711e+00,
         -1.46906987e-01, -4.00221318e-01, -1.10088396e+00,  7.10120618e-01,
          4.48937625e-01, -8.79136443e-01, -1.81299374e-01, -1.24056029e+00,
          4.56335247e-01, -1.34295300e-01,  4.27001506e-01, -1.04427850e+00,
          5.59581995e-01, -8.21214616e-01,  5.30897617e-01, -9.18387175e-01,
          4.81146753e-01, -1.71858442e+00, -2.23227358e+00,  6.71660781e-01,
         -1.40208864e+00, -2.15996933e+00, -1.52118587e+00, -5.56295276e-01,
         -1.56237757e+00, -1.75880623e+00,  1.19065188e-01,  2.95783663e+00,
         -3.10281008e-01,  2.47591615e-01,  4.41391647e-01, -1.37866712e+00,
         -7.78204739e-01, -6.87609166e-02, -4.08914983e-01, -9.53672290e-01,
         -8.37796330e-01, -1.40868795e+00, -1.05963314e+00, -2.03565931e+00,
         -1.15597963e+00, -1.62342191e+00,  8.31023633e-01, -1.63386166e-01,
          1.13923168e+00,  5.31588912e-01, -8.56464058e-02, -2.52498955e-01,
          4.35046732e-01, -3.37498873e-01,  2.20859557e-01, -9.69604194e-01,
         -8.00090790e-01, -1.09142125e-01, -1.26524325e-02, -1.34689128e+00,
         -1.76696086e+00,  6.68479085e-01, -9.22883749e-01, -4.20428753e-01,
         -4.52981502e-01, -5.38044155e-01, -1.20857906e+00,  6.65254116e-01,
          2.05783948e-01,  7.93142617e-03, -1.73461831e+00,  6.10385180e-01,
         -6.59123361e-01,  2.94966996e-01, -9.89362970e-02, -3.86615694e-01,
         -5.44727862e-01, -5.90497628e-03, -5.66933870e-01, -9.79395509e-01,
         -1.01763320e+00, -3.66124123e-01,  1.39131084e-01, -7.14355588e-01,
         -5.90501726e-01, -6.38519585e-01, -8.49520981e-01, -9.81204927e-01,
         -2.47648120e-01, -5.48496604e-01, -1.92434236e-01, -5.00984311e-01,
         -1.13422859e+00, -2.33679578e-01, -5.36897123e-01, -8.99742424e-01,
         -1.13567495e+00, -1.93287119e-01,  8.45308006e-02, -9.77736413e-01,
         -1.28008366e+00, -2.70273924e-01,  1.24991775e-01, -3.25115502e-01,
         -1.37907013e-01, -4.10171866e-01, -1.26514003e-01,  3.53995681e-01,
         -5.78687489e-01, -7.64269352e-01, -1.81737751e-01, -7.93465152e-02,
         -4.81436759e-01, -3.23152125e-01, -5.81508160e-01,  1.09261787e+00,
         -1.06787980e-01, -9.28524077e-01, -8.58834088e-01,  5.59631705e-01,
         -2.72552818e-01, -5.42886913e-01, -2.01362133e-01,  8.01699340e-01,
         -2.39791691e-01, -6.07854068e-01, -1.06064165e+00, -7.59265661e-01,
         -7.34247029e-01, -8.22109759e-01, -1.28094423e+00, -3.93460631e-01,
         -1.08353853e-01, -7.49878705e-01, -6.92559183e-01, -5.52763402e-01,
         -6.57005072e-01, -2.87805170e-01, -6.02889419e-01, -7.65652180e-01,
         -1.02981353e+00, -4.04113472e-01, -4.16568965e-01,  2.35007346e-01,
          4.15711664e-03, -9.56265688e-01, -9.23225224e-01, -5.59334874e-01,
         -8.29079211e-01,  4.15826797e-01, -7.62606978e-01, -3.57664615e-01,
         -7.32016027e-01, -5.08489370e-01, -3.81660759e-01, -9.31350589e-02,
         -5.96408308e-01, -1.02980874e-01, -8.04346442e-01, -2.78470010e-01,
         -6.47597134e-01, -6.16728485e-01,  1.68348290e-02, -1.62186074e+00,
         -1.01852906e+00,  2.06054360e-01, -1.30374146e+00, -5.04365921e-01,
         -1.11834377e-01, -1.65943742e-01, -2.89002329e-01, -1.19716859e+00,
          2.58611351e-01, -1.84413612e-01,  9.02106345e-01, -1.27263570e+00,
         -1.19204438e+00,  3.82950678e-02,  2.12887656e-02,  2.57919580e-01,
          5.47262095e-03, -5.29986382e-01, -9.42296624e-01, -4.41512853e-01,
         -6.99517131e-01, -1.07293893e-02, -7.73739517e-01, -9.21745658e-01,
         -1.47567856e+00,  3.13761294e-01,  3.24443221e-01, -3.59673411e-01,
          5.08807063e-01,  2.17352316e-01, -4.42681789e-01, -5.63432992e-01,
         -7.64476180e-01, -2.69881517e-01, -6.31343126e-01,  6.91673756e-01,
         -1.12772353e-01,  1.39496195e+00,  1.37132382e+00,  1.89897132e+00,
          1.85233355e+00,  4.54663754e-01, -8.83580625e-01, -2.67126590e-01,
         -1.14063692e+00, -9.03853059e-01, -1.39077854e+00, -1.15784502e+00,
         -7.80766785e-01, -6.25340044e-01, -1.43867266e+00, -1.11249745e+00,
          5.24520501e-03, -1.11301124e+00, -1.61446500e+00, -1.04868555e+00,
         -3.79892260e-01,  1.30484045e+00,  1.08269095e+00,  5.31246006e-01,
         -1.58002928e-01, -1.22401261e+00,  4.62560058e-01,  6.52059436e-01,
          1.32815838e+00, -6.12434387e-01,  1.35412252e+00,  1.35631073e+00,
          1.93098173e-01,  2.05102706e+00,  1.89288795e+00,  1.17737067e+00,
          8.78706276e-01, -1.31800562e-01,  1.98440993e+00,  1.56796741e+00,
          1.27708364e+00, -1.55389309e+00, -1.16080058e+00, -1.28573787e+00,
         -1.08680487e+00, -1.83985734e+00, -1.51842916e+00, -4.17157859e-01,
         -1.98302233e+00, -1.44626749e+00,  6.03042245e-02,  4.06276286e-01,
          1.31846428e+00, -4.29430425e-01, -9.34614301e-01, -5.97266912e-01,
         -1.94402552e+00,  3.43549624e-03, -5.39385498e-01, -1.93162215e+00,
         -1.32173109e+00, -1.13506401e+00, -1.82021236e+00, -1.48996806e+00,
         -9.00906980e-01, -1.83846915e+00, -1.77952528e+00, -1.21910608e+00,
         -2.53011608e+00, -1.65292120e+00, -1.82131457e+00, -1.38773417e+00,
         -1.73874664e+00, -1.29552829e+00, -1.89954352e+00, -1.83661366e+00,
         -3.10421616e-01, -2.51321852e-01, -7.26732239e-02,  2.20224410e-02,
         -6.68538392e-01,  4.20882195e-01, -2.18780696e-01, -5.03247976e-01,
         -1.89295876e+00, -7.08050072e-01, -9.67409790e-01, -5.05438387e-01,
         -5.22212029e-01, -9.28429246e-01, -3.56984317e-01, -1.33376181e+00,
         -9.58268940e-01, -6.90503299e-01, -6.22985840e-01, -1.15056086e+00,
         -8.26056540e-01, -3.33163023e-01, -5.46193361e-01, -1.46745098e+00,
         -2.24399328e-01, -1.20145094e+00, -5.27071297e-01, -6.99904382e-01,
         -1.07338536e+00, -9.59009171e-01, -1.56272268e+00, -1.45416999e+00,
         -2.07514262e+00,  7.11940527e-01, -8.73183906e-01,  6.40687525e-01,
         -1.64377645e-01, -2.10323501e+00, -4.12284821e-01,  9.22634304e-01,
         -1.90337241e+00, -1.55255008e+00, -1.57244697e-01,  4.80603844e-01,
         -4.26122218e-01, -3.04280192e-01, -1.76026583e-01, -4.55712408e-01,
         -2.53675371e-01,  1.49681628e+00, -5.55085838e-01, -3.30286652e-01,
         -1.83711565e+00,  2.89548397e+00, -9.11247790e-01,  1.47776616e+00,
          5.70132971e-01,  9.67148185e-01,  1.21577501e+00, -1.72837734e+00,
          1.81283426e+00,  3.91967326e-01,  3.10491848e+00,  1.90404165e+00,
          1.29491434e-01,  4.56584990e-01,  5.06135337e-02, -3.61292183e-01,
          1.37933314e-01,  3.30290347e-01,  1.47079861e+00, -7.65824616e-01,
         -3.91856343e-01, -1.09791070e-01, -5.72559774e-01,  3.65930945e-02,
          4.45878804e-01,  4.01348650e-01,  1.20962179e+00,  1.60755575e+00,
         -5.59467554e-01, -3.33136022e-01,  1.43551266e+00,  3.88519049e-01,
         -1.88354313e-01,  1.30689573e+00, -3.13239515e-01,  1.96665466e+00,
         -9.90429282e-01, -3.76248956e-01,  3.23528647e+00, -1.43005967e-01,
         -4.58337009e-01, -1.93564087e-01, -5.52506089e-01,  1.30649495e+00,
          6.33424968e-02,  4.81887221e-01, -1.26731241e+00,  3.78157735e-01,
          3.85533661e-01,  1.12571454e+00, -4.97296304e-02,  2.74404436e-01,
         -1.24920321e+00, -1.13209136e-01,  2.44342589e+00, -3.41699690e-01,
          1.29083645e+00,  1.75210190e+00, -7.48391390e-01, -1.98737037e+00,
         -1.31146729e-01,  1.52910203e-01,  1.00918984e+00, -1.22407866e+00,
         -5.87886631e-01,  1.38214958e+00, -6.90316081e-01,  6.19197786e-01,
         -1.62418282e+00,  3.47415090e-01,  3.26643050e-01, -7.36489415e-01,
          2.41664362e+00,  1.68358660e+00,  1.11672926e+00, -1.48059452e+00,
         -9.20518756e-01,  1.33835363e+00,  3.30800354e-01,  2.30438781e+00,
          3.08903039e-01,  2.93977529e-01,  1.15924883e+00, -6.12313569e-01,
          1.01567471e+00,  1.15853381e+00,  7.96960473e-01,  5.16730487e-01,
          7.92635620e-01,  6.34763241e-02, -1.80525571e-01,  2.81231332e+00,
         -2.75571227e+00,  2.27979105e-03, -9.20545936e-01,  5.10188341e-01,
          3.93081099e-01,  1.34284973e-01, -1.86015368e+00,  1.77908611e+00,
          1.24428475e+00, -2.27578807e+00, -8.64657164e-01, -8.04496944e-01,
          1.07621121e+00, -7.17312098e-01, -3.81692261e-01, -4.90260184e-01,
         -1.30539918e+00,  3.13380867e-01,  1.15880005e-01, -4.22223032e-01,
         -3.51666510e-01, -2.57690340e-01, -1.08686566e+00, -1.42774984e-01,
         -6.61323071e-01, -7.04897106e-01,  5.00441790e-01,  1.27964807e+00,
         -1.24833271e-01, -2.27397054e-01,  2.01251101e+00,  1.08105290e+00,
          7.72329122e-02,  5.67101657e-01,  2.31855440e+00, -1.51070178e+00,
         -1.34084928e+00, -5.91133356e-01,  6.89751506e-02,  3.13665843e+00,
         -1.53963149e-01, -1.30017543e+00,  1.57556009e+00, -5.07331014e-01,
         -1.01711035e+00,  1.02461123e+00, -1.96608618e-01, -1.93956208e+00,
          9.00000811e-01,  3.60027122e+00, -9.35874403e-01, -9.10592899e-02,
          9.57585514e-01,  1.98691761e+00,  2.87860274e-01, -7.41318226e-01,
          4.65816402e+00,  1.13683760e+00,  7.64122725e-01,  4.93189484e-01,
         -1.26811159e+00, -6.56591535e-01,  1.68776011e+00,  1.94451916e+00,
         -7.42022097e-02,  4.92281526e-01, -1.21030581e+00,  3.03404123e-01,
         -4.32590157e-01, -2.00421071e+00, -1.81062315e-02, -3.77830267e-01,
          9.73235071e-01, -1.41010058e+00,  3.31695378e-01, -1.36320162e+00,
         -1.61115909e+00,  5.17667115e-01,  2.24126101e-01,  3.54471147e-01,
          1.71751797e-01, -2.26502061e-01, -2.26972938e+00, -3.29837240e-02,
          1.72940385e+00,  6.87063158e-01, -8.04056704e-01,  2.05667138e+00,
          1.93325651e+00,  6.84640110e-01,  1.40863097e+00,  4.38512850e+00,
          7.94978619e-01,  1.04067326e+00, -2.83554554e-01, -1.24771023e+00,
          1.91987956e+00,  3.59363914e-01,  1.09050500e+00,  2.01106358e+00,
          2.12859011e+00,  6.99881986e-02,  1.12548780e+00, -1.97831643e+00,
          1.75916517e+00,  2.37945747e+00,  7.88978755e-01, -6.59966469e-01,
          1.44884562e+00, -1.14873338e+00,  7.57209301e-01,  7.35805333e-01,
         -9.40781534e-01,  4.54052180e-01,  4.27938789e-01,  1.17191386e+00,
          1.72668803e+00,  2.63920277e-01,  2.09636903e+00,  2.46682739e+00,
          2.16277218e+00,  1.91991180e-01,  1.20402455e+00,  3.00839376e+00,
         -6.42049551e-01, -1.12729740e+00,  2.20794415e+00,  2.40088448e-01,
         -1.44081545e+00,  1.51111352e+00,  2.40758866e-01,  4.17855471e-01,
          4.03391838e+00,  1.12451875e+00, -1.75821054e+00,  6.73013687e-01,
          2.02078152e+00,  3.99165303e-01, -2.56898135e-01, -8.31011832e-02,
         -8.85466516e-01, -6.11619353e-02, -1.17096412e+00, -3.32706720e-01,
          2.19421196e+00, -1.51370454e+00, -1.81712180e-01,  6.94500506e-01,
          2.02566338e+00, -2.01308107e+00,  1.64405465e+00,  3.97025681e+00,
         -7.65695870e-01, -9.06032696e-02, -7.13660836e-01,  7.15030372e-01,
         -4.26870704e-01,  1.22983277e+00, -3.39912415e-01,  3.08050573e-01,
          3.72038007e-01, -1.42297232e+00,  1.74913979e+00, -9.16690171e-01,
          2.50334191e+00, -4.71180290e-01, -4.22726460e-02,  3.07852834e-01,
         -7.49534667e-01,  2.34328651e+00, -1.49009556e-01, -1.23113501e+00,
         -7.96302855e-01,  1.45520997e+00,  2.91697472e-01, -3.70745882e-02,
         -8.28743756e-01,  1.69297445e+00,  1.39870256e-01,  3.47144634e-01,
          1.45132971e+00,  1.89227927e+00, -7.86206305e-01,  8.48887324e-01,
         -1.52509272e-01,  9.06850159e-01,  2.13085636e-01, -1.89976835e+00,
          2.59958339e+00, -7.81628489e-03, -3.53944278e+00,  9.26269740e-02,
          1.81314635e+00,  9.36726153e-01, -1.05002582e+00,  1.32949638e+00,
          1.94315350e+00, -2.27057785e-01, -1.30081367e+00,  3.09776008e-01,
          2.21050954e+00,  1.20444226e+00,  4.06154245e-01, -1.08184409e+00,
          1.45665658e+00, -8.94338667e-01, -7.91758358e-01,  1.46291125e+00,
          5.33171475e-01,  2.29989100e+00,  6.07490182e-01,  1.23407817e+00,
          1.17756712e+00,  9.69371140e-01,  8.90933275e-01, -9.41517413e-01,
          5.82104325e-02, -1.19444299e+00,  1.23154350e-01,  3.61128658e-01,
          3.64583552e-01,  1.19586349e+00,  1.95783103e+00,  8.49681795e-02,
         -2.09559679e+00,  6.55987144e-01,  5.54952845e-02,  4.14678961e-01,
          9.05359447e-01,  1.39073983e-01, -1.60034192e+00,  1.93631828e+00,
          3.53321671e-01,  1.55974591e+00, -9.87646818e-01,  9.77108777e-02,
         -1.63494088e-02,  6.68059662e-02,  3.33567947e-01, -1.65067792e+00,
         -3.26790214e-01,  2.34847975e+00, -1.39092475e-01, -1.39432058e-01,
          1.55687308e+00,  1.15543532e+00,  1.79730022e+00,  8.63296747e-01,
          2.06401420e+00,  2.07198071e+00,  7.98022032e-01, -4.96794730e-01,
          5.90464413e-01,  3.61538935e+00,  1.79560125e+00, -1.11944366e+00,
          6.21585488e-01, -6.93464816e-01,  2.71107644e-01,  9.37472224e-01,
          2.41019440e+00,  1.98046064e+00, -1.45137322e+00,  1.54940403e+00,
          1.62186563e+00, -1.50854945e-01,  7.18672931e-01,  1.58170462e+00,
         -9.98080373e-01,  1.62913823e+00, -6.09637260e-01,  2.12018800e+00,
          1.96454680e+00,  8.80421579e-01, -5.56211770e-01, -4.07350600e-01,
          2.80090541e-01,  1.75624168e+00,  9.86757517e-01, -9.09066319e-01,
         -5.53657770e-01,  5.33110321e-01,  3.02938461e+00,  1.65611303e+00,
          2.72935653e+00,  6.02995276e-01, -2.32911393e-01,  4.17858034e-01,
         -1.14295828e+00,  2.84628510e+00, -2.56152123e-01,  1.17020406e-01,
          1.37244248e+00,  6.38180137e-01,  3.72055006e+00,  1.23099732e+00,
          8.70291829e-01,  7.88844526e-01,  1.97866619e+00,  2.60462666e+00,
         -6.85521960e-01, -1.46507013e+00, -3.71496305e-02,  4.24839109e-01,
          1.43129969e+00, -2.72370249e-01, -8.80942419e-02,  1.55762577e+00,
         -1.46546042e+00, -1.22304291e-01,  1.42322731e+00,  2.11082125e+00,
          1.01196611e+00,  1.33704901e+00,  1.12377636e-01,  1.42748213e+00,
          5.56310117e-01, -3.42116505e-01,  1.91919601e+00,  2.60481119e-01,
         -1.51539600e+00, -1.18817723e+00, -8.34006786e-01,  2.03853145e-01,
          4.55219686e-01, -1.02285266e+00,  1.41952360e+00,  7.54298747e-01,
          2.33653235e+00, -1.87990189e+00, -3.09708834e-01,  1.24940395e+00,
         -1.35452902e+00, -5.27087748e-01,  9.99306917e-01, -1.25316119e+00,
         -1.27799407e-01, -3.83347049e-02,  1.75523415e-01, -8.53017390e-01,
          1.60762298e+00, -5.28961301e-01, -2.93016791e-01, -1.68955982e-01,
          3.33836913e+00,  2.19397879e+00,  1.58902931e+00, -1.22634625e+00,
          1.62879550e+00, -3.19828182e-01, -5.44129133e-01,  3.78289580e+00,
          6.34410143e-01, -1.17068577e+00,  1.61227131e+00,  1.31027305e+00,
         -2.62050676e+00, -6.34609401e-01,  1.76708773e-01, -5.40234335e-02,
          5.76661304e-02,  1.04483366e+00,  1.21102348e-01, -1.35168886e+00,
         -1.02947819e+00, -1.80534256e+00, -1.42130983e+00, -1.09328680e-01,
          2.40478086e+00, -2.57188797e-01, -2.64587700e-01,  1.03583828e-01,
          1.11794615e+00, -7.06718385e-01, -2.09959650e+00,  3.54444683e-02,
          1.37474120e+00,  2.74771541e-01, -3.35771888e-01,  1.26431465e+00,
          1.88508362e-01,  6.05079114e-01,  1.26197243e+00,  9.26081657e-01,
          5.15285060e-02,  2.82005835e+00,  3.00697565e-01, -3.75456661e-01,
         -8.66909027e-01,  4.98554796e-01, -1.20426619e+00,  6.06755652e-02,
          3.70246458e+00,  2.02262449e+00,  2.20560145e+00, -5.44029355e-01,
          1.67124927e+00,  1.78144228e+00,  1.52402270e+00,  5.91057181e-01,
         -4.08149779e-01, -2.69466817e-01,  1.39590561e+00,  3.97345901e-01,
          6.99264002e+00,  5.08464098e+00,  2.18824911e+00, -4.02204186e-01,
          5.28635144e-01, -5.02179153e-02,  6.76427484e-01,  2.30343771e+00,
         -1.51335299e+00, -1.94022727e+00, -3.48662809e-02, -1.99995506e+00,
          1.75595260e+00, -3.29054922e-01, -1.03157543e-01,  4.35873061e-01,
          8.66673648e-01,  2.30760646e+00,  3.08001071e-01, -7.00705469e-01,
         -2.33031249e+00,  6.65762424e-01, -1.07518601e+00, -1.21305096e+00,
         -1.55274940e+00,  1.47360027e-01, -8.92571628e-01, -1.45798874e+00,
         -1.02456522e+00, -2.42019892e+00, -1.07201815e+00, -1.42169213e+00,
         -1.70995522e+00, -2.09377766e+00, -1.32101095e+00, -2.58566529e-01,
         -1.15568781e+00, -1.10297394e+00, -5.35106421e-01, -3.86366159e-01,
         -2.82381225e+00, -6.67574227e-01, -1.64304435e+00, -1.27703500e+00,
          4.19199079e-01,  1.08906102e+00,  5.11275344e-02, -5.04324913e-01,
         -7.08438873e-01, -4.72047895e-01, -6.17574275e-01, -1.91248691e+00,
         -1.68596566e+00, -1.31374449e-01, -1.18420458e+00, -1.96168113e+00,
         -1.51515388e+00, -1.34852517e+00, -1.02767015e+00, -1.40291476e+00,
         -1.67741120e+00, -1.71770632e+00,  1.64003766e+00, -7.32802749e-01,
          5.05700052e-01, -1.78408474e-01, -1.43338609e+00,  2.05821204e+00,
         -1.45458961e+00, -1.28910124e+00,  7.43027151e-01, -3.67216989e-02,
         -1.66431463e+00,  5.35233736e-01, -6.32859468e-02, -2.11730027e+00,
          2.83240288e-01,  5.07591069e-02, -3.59240502e-01, -8.26880813e-01,
         -7.13877201e-01,  2.69280910e-01, -1.30866265e+00, -3.48281592e-01,
         -1.01864171e+00,  4.80045199e-01, -1.26586211e+00, -1.74128163e+00,
         -1.40605044e+00, -2.45634460e+00, -1.83854365e+00, -1.21836495e+00,
         -1.27962399e+00, -2.27794933e+00, -5.32973334e-02,  1.08821821e+00]],
       device='cuda:0')
Adv example prediction (first 2 examples and 2 restarts):
 tensor([[[ 8.12384561e-02,  1.99666166e+00, -7.91617393e-01, -8.35894227e-01,
          -1.03257918e+00,  2.95919418e-01, -5.69275618e-01, -1.56031001e+00,
          -1.52207565e+00, -1.30067849e+00, -6.67519152e-01,  1.65037736e-01,
           1.57681450e-01, -1.29205301e-01,  3.80037338e-01,  3.47250462e-01,
          -5.03581822e-01, -8.12019885e-01, -2.27589116e-01, -1.71842173e-01,
          -6.72690153e-01,  1.80038854e-01,  1.84836060e-01, -7.69264162e-01,
           1.36852622e-01, -3.77975881e-01,  1.20437622e+00,  3.52936208e-01,
          -5.32668412e-01,  9.01307523e-01, -1.51767850e+00,  1.13221717e+00,
          -3.05367053e-01, -1.74009836e+00, -1.11997509e+00, -1.07560027e+00,
           5.47282636e-01, -1.62223577e+00,  1.11203277e+00, -5.60289264e-01,
           1.53288901e+00, -1.26797929e-01, -2.72758842e-01, -5.04060149e-01,
           6.43580556e-01, -7.25857317e-01,  1.54192758e+00,  9.93191451e-02,
          -1.37919605e+00, -3.19873959e-01,  1.80346072e-01, -2.35227561e+00,
           1.04908037e+00,  7.18570650e-01, -3.70674253e-01, -6.98400259e-01,
           7.57462680e-02, -1.30022490e+00,  3.67232919e-01,  4.43568900e-02,
           4.19165015e-01, -2.52660722e-01, -6.54103816e-01,  1.15407541e-01,
           1.05968736e-01, -3.74031991e-01, -4.57100213e-01, -4.16269362e-01,
          -9.59495783e-01, -1.15406227e+00,  1.04912698e+00,  1.00634480e+00,
           8.15608144e-01,  1.97420812e+00,  9.50919986e-01,  2.11150551e+00,
           7.32144773e-01,  2.50882840e+00,  2.21425509e+00,  2.12853265e+00,
           1.17685400e-01, -1.57287133e+00, -5.26717782e-01, -1.04592216e+00,
          -1.23729721e-01, -3.86484146e-01, -1.10303748e+00,  7.26136506e-01,
           4.54764456e-01, -8.50395083e-01, -1.74445257e-01, -1.24314117e+00,
           4.58530486e-01, -1.18517205e-01,  4.36969370e-01, -1.05474985e+00,
           5.74308753e-01, -8.06797504e-01,  5.03835499e-01, -9.18807328e-01,
           4.75077540e-01, -1.72097790e+00, -2.22766924e+00,  6.56580269e-01,
          -1.39699650e+00, -2.14641643e+00, -1.51194382e+00, -5.52167118e-01,
          -1.56194472e+00, -1.75533772e+00,  1.05297454e-01,  2.91902852e+00,
          -3.10563147e-01,  2.40475029e-01,  4.52593178e-01, -1.38326025e+00,
          -7.84884691e-01, -9.37355906e-02, -3.92210305e-01, -9.52667296e-01,
          -8.31161737e-01, -1.40671885e+00, -1.06825829e+00, -2.03308463e+00,
          -1.14076805e+00, -1.61590707e+00,  8.26384366e-01, -1.56133249e-01,
           1.12135041e+00,  5.21741629e-01, -8.92867446e-02, -2.47111648e-01,
           4.45209503e-01, -3.35073739e-01,  2.28670359e-01, -9.79790688e-01,
          -8.13454032e-01, -1.08624578e-01,  1.37703437e-02, -1.34532404e+00,
          -1.76515007e+00,  6.61288142e-01, -9.38507318e-01, -4.25171226e-01,
          -4.52850163e-01, -5.37168801e-01, -1.20817113e+00,  6.45347774e-01,
           1.88406661e-01, -1.66593492e-03, -1.72659171e+00,  6.20384812e-01,
          -6.68589711e-01,  3.04411411e-01, -8.87898132e-02, -3.77308249e-01,
          -5.36310613e-01,  1.96835003e-03, -5.71795404e-01, -9.73683476e-01,
          -1.02216959e+00, -3.59666169e-01,  1.56513721e-01, -7.15245605e-01,
          -5.88316798e-01, -6.44521773e-01, -8.48513603e-01, -9.96983588e-01,
          -2.47606277e-01, -5.37775695e-01, -1.84464395e-01, -4.89653647e-01,
          -1.12603068e+00, -2.33988404e-01, -5.20097971e-01, -9.12181914e-01,
          -1.12640691e+00, -1.91207275e-01,  9.74196196e-02, -9.68364179e-01,
          -1.27329361e+00, -2.78957307e-01,  1.38175935e-01, -3.26235622e-01,
          -1.35086343e-01, -4.09616083e-01, -1.28944144e-01,  3.49487126e-01,
          -5.93712747e-01, -7.65666544e-01, -1.94849640e-01, -7.74575844e-02,
          -4.66775984e-01, -3.21647257e-01, -5.96811295e-01,  1.10898674e+00,
          -1.00719817e-01, -9.26414669e-01, -8.58363211e-01,  5.67169309e-01,
          -2.70580649e-01, -5.33235312e-01, -1.91144556e-01,  8.21977317e-01,
          -2.27419227e-01, -6.00040853e-01, -1.06861591e+00, -7.50637293e-01,
          -7.23834753e-01, -8.07296813e-01, -1.28974915e+00, -3.90811473e-01,
          -9.37129408e-02, -7.35891104e-01, -6.89532340e-01, -5.41707456e-01,
          -6.53096437e-01, -2.68082112e-01, -5.91510653e-01, -7.54912734e-01,
          -1.04384255e+00, -4.11839247e-01, -4.08692986e-01,  2.33275712e-01,
           3.71324085e-03, -9.49182749e-01, -9.18024540e-01, -5.51743090e-01,
          -8.39811325e-01,  4.28086936e-01, -7.47125745e-01, -3.48681569e-01,
          -7.23669112e-01, -5.02168000e-01, -3.70163262e-01, -8.40233713e-02,
          -5.97646475e-01, -9.35370997e-02, -7.90767431e-01, -2.76480049e-01,
          -6.49777889e-01, -6.19229615e-01,  2.58815028e-02, -1.61501837e+00,
          -1.02413321e+00,  2.20902905e-01, -1.30463409e+00, -4.94568229e-01,
          -1.04712620e-01, -1.55218139e-01, -2.74396926e-01, -1.19197166e+00,
           2.51033574e-01, -1.87180802e-01,  9.09517288e-01, -1.26771283e+00,
          -1.19249761e+00,  5.52305058e-02,  3.79429460e-02,  2.68599242e-01,
           8.36212002e-03, -5.18189788e-01, -9.58863676e-01, -4.25667465e-01,
          -6.97776556e-01, -1.25354156e-04, -7.69466877e-01, -9.20775414e-01,
          -1.48091424e+00,  3.10463727e-01,  3.32112521e-01, -3.62016112e-01,
           5.08797407e-01,  2.16864765e-01, -4.52267259e-01, -5.65983415e-01,
          -7.62640595e-01, -2.78941959e-01, -6.34655774e-01,  7.00723112e-01,
          -1.20061018e-01,  1.40328646e+00,  1.37806439e+00,  1.90386105e+00,
           1.87223971e+00,  4.51306939e-01, -8.70933115e-01, -2.51306534e-01,
          -1.14439797e+00, -8.92829001e-01, -1.39545453e+00, -1.16610503e+00,
          -7.77134955e-01, -6.27086759e-01, -1.44335175e+00, -1.10377133e+00,
           1.59427263e-02, -1.10693610e+00, -1.61228323e+00, -1.04314613e+00,
          -3.63354534e-01,  1.32039845e+00,  1.08137536e+00,  5.43543339e-01,
          -1.43254846e-01, -1.20010567e+00,  4.85690981e-01,  6.59007549e-01,
           1.33982062e+00, -6.07353747e-01,  1.36157358e+00,  1.37652731e+00,
           2.08136052e-01,  2.07994127e+00,  1.90826583e+00,  1.21418989e+00,
           9.01603043e-01, -1.13448411e-01,  2.00032926e+00,  1.56917715e+00,
           1.28195214e+00, -1.54872775e+00, -1.16689682e+00, -1.29133582e+00,
          -1.07473671e+00, -1.84070039e+00, -1.52792561e+00, -4.15830106e-01,
          -1.97872674e+00, -1.44167042e+00,  6.19029254e-02,  3.91897917e-01,
           1.32409608e+00, -4.10755754e-01, -9.29399133e-01, -6.08891964e-01,
          -1.93354237e+00,  2.95091420e-04, -5.41946590e-01, -1.93482828e+00,
          -1.31409168e+00, -1.13384771e+00, -1.81939411e+00, -1.47969794e+00,
          -8.78939629e-01, -1.83618748e+00, -1.77418029e+00, -1.20654893e+00,
          -2.51334310e+00, -1.65439117e+00, -1.82007146e+00, -1.39795768e+00,
          -1.74500442e+00, -1.30267990e+00, -1.90165710e+00, -1.82247937e+00,
          -3.09644371e-01, -2.55625635e-01, -7.35141858e-02,  2.74769515e-02,
          -6.65893734e-01,  4.22841907e-01, -2.18829677e-01, -4.93927658e-01,
          -1.88400269e+00, -6.95477903e-01, -9.61411178e-01, -4.91210967e-01,
          -5.14838517e-01, -9.27894890e-01, -3.44102293e-01, -1.34239137e+00,
          -9.52688038e-01, -6.90448642e-01, -6.11914098e-01, -1.13360071e+00,
          -8.38325143e-01, -3.30827057e-01, -5.30891359e-01, -1.45633078e+00,
          -2.22667843e-01, -1.18117893e+00, -5.07807851e-01, -6.86721265e-01,
          -1.08255839e+00, -9.49607611e-01, -1.55341697e+00, -1.45330930e+00,
          -2.06011438e+00,  7.07231820e-01, -8.61424387e-01,  6.63820744e-01,
          -1.91015899e-01, -2.10386777e+00, -4.00005192e-01,  9.26420629e-01,
          -1.89733863e+00, -1.53781152e+00, -1.67575464e-01,  4.76430237e-01,
          -4.36409861e-01, -2.97308177e-01, -1.90983027e-01, -4.66295749e-01,
          -2.57781506e-01,  1.49413776e+00, -5.56019008e-01, -3.27163309e-01,
          -1.83907378e+00,  2.87415624e+00, -8.86151016e-01,  1.48346174e+00,
           5.83893180e-01,  9.58052516e-01,  1.22291803e+00, -1.72401202e+00,
           1.78998411e+00,  3.86408627e-01,  3.08262539e+00,  1.90122378e+00,
           1.21517077e-01,  4.57240999e-01,  4.14920412e-02, -3.60118687e-01,
           1.55949175e-01,  3.29552054e-01,  1.45361495e+00, -7.66733229e-01,
          -3.92034501e-01, -1.16278805e-01, -5.69751918e-01,  5.92431426e-02,
           4.27715182e-01,  3.85300905e-01,  1.21795189e+00,  1.62099779e+00,
          -5.50529540e-01, -3.47150356e-01,  1.41164207e+00,  3.59773934e-01,
          -1.81716681e-01,  1.30015922e+00, -3.17737848e-01,  1.97059393e+00,
          -9.97919321e-01, -3.79717290e-01,  3.21089458e+00, -1.42016500e-01,
          -4.46502030e-01, -2.04434931e-01, -5.52629232e-01,  1.27344728e+00,
           7.39503205e-02,  4.76693273e-01, -1.25846267e+00,  3.96469086e-01,
           3.56930912e-01,  1.12772667e+00, -5.38809896e-02,  2.55229890e-01,
          -1.23793554e+00, -1.20481625e-01,  2.42793632e+00, -3.34996641e-01,
           1.28306007e+00,  1.73594189e+00, -7.36196637e-01, -1.97904909e+00,
          -1.21961974e-01,  1.44846871e-01,  9.96311843e-01, -1.22067285e+00,
          -6.04481697e-01,  1.36334348e+00, -6.82276189e-01,  6.42767906e-01,
          -1.62199962e+00,  3.24697644e-01,  3.28646123e-01, -7.34857738e-01,
           2.40385008e+00,  1.67344272e+00,  1.11107838e+00, -1.48861909e+00,
          -9.28211570e-01,  1.33278251e+00,  3.05407524e-01,  2.29125166e+00,
           2.94345409e-01,  3.24385077e-01,  1.15867841e+00, -6.31385207e-01,
           1.02935946e+00,  1.14455414e+00,  7.73664236e-01,  5.26041567e-01,
           7.94430435e-01,  5.81033975e-02, -1.80753306e-01,  2.77899122e+00,
          -2.74921703e+00,  9.49623995e-04, -9.29998517e-01,  5.02841532e-01,
           3.94514650e-01,  1.35492325e-01, -1.86756051e+00,  1.76330328e+00,
           1.24362504e+00, -2.26919723e+00, -8.82306397e-01, -8.10547531e-01,
           1.05315411e+00, -7.30498493e-01, -3.85844678e-01, -4.72526044e-01,
          -1.29040754e+00,  3.14705938e-01,  1.18278109e-01, -4.10031766e-01,
          -3.35404694e-01, -2.71251231e-01, -1.09997737e+00, -1.44053504e-01,
          -6.60439312e-01, -6.87565267e-01,  5.02375543e-01,  1.26605308e+00,
          -1.22227207e-01, -2.16584563e-01,  1.99887788e+00,  1.06701422e+00,
           7.93693215e-02,  5.76538682e-01,  2.30185580e+00, -1.51777005e+00,
          -1.34067428e+00, -5.87957621e-01,  8.37829411e-02,  3.14436865e+00,
          -1.88397467e-01, -1.30609226e+00,  1.55551815e+00, -5.10390043e-01,
          -1.02230024e+00,  1.04309928e+00, -2.16411680e-01, -1.93716979e+00,
           8.95852447e-01,  3.59151912e+00, -9.42429483e-01, -1.15001127e-01,
           9.61881280e-01,  1.97942221e+00,  3.00211191e-01, -7.33589530e-01,
           4.65312481e+00,  1.13180459e+00,  7.46289432e-01,  4.83935565e-01,
          -1.26060808e+00, -6.44914687e-01,  1.70742357e+00,  1.93539286e+00,
          -5.77084459e-02,  4.92227226e-01, -1.22766721e+00,  2.85449922e-01,
          -4.15348858e-01, -1.99490559e+00, -2.61360612e-02, -3.81714880e-01,
           9.78584826e-01, -1.41130102e+00,  3.16885233e-01, -1.34663665e+00,
          -1.62971342e+00,  5.05143404e-01,  2.19960585e-01,  3.60593081e-01,
           2.00231314e-01, -2.06936404e-01, -2.26361513e+00, -5.12577631e-02,
           1.71255100e+00,  6.65040553e-01, -7.98054755e-01,  2.04844379e+00,
           1.95746779e+00,  6.75281227e-01,  1.37369192e+00,  4.38053465e+00,
           7.82116354e-01,  1.02074921e+00, -2.91570693e-01, -1.23731768e+00,
           1.88974273e+00,  3.64371389e-01,  1.08801794e+00,  2.02382755e+00,
           2.10987568e+00,  6.14112541e-02,  1.10339499e+00, -1.96801460e+00,
           1.74489868e+00,  2.37643075e+00,  7.79103994e-01, -6.73263073e-01,
           1.45816123e+00, -1.12792718e+00,  7.52853155e-01,  7.29105473e-01,
          -9.50626493e-01,  4.35081810e-01,  4.27700073e-01,  1.16296065e+00,
           1.71251452e+00,  2.77134299e-01,  2.08519435e+00,  2.47137642e+00,
           2.16600919e+00,  1.94165632e-01,  1.21334016e+00,  2.97659469e+00,
          -6.27986491e-01, -1.14461255e+00,  2.19465399e+00,  2.42972583e-01,
          -1.44615459e+00,  1.48080385e+00,  2.37125322e-01,  4.00610834e-01,
           4.03077173e+00,  1.11075974e+00, -1.75388157e+00,  6.41128421e-01,
           2.00463200e+00,  3.98499519e-01, -2.68564850e-01, -9.27802771e-02,
          -8.70274067e-01, -9.04023051e-02, -1.16738474e+00, -3.32708925e-01,
           2.17209268e+00, -1.51363444e+00, -1.91302910e-01,  6.78919375e-01,
           2.02410769e+00, -2.00834274e+00,  1.63447273e+00,  3.97592187e+00,
          -7.53538489e-01, -1.11062422e-01, -7.04676867e-01,  7.23429024e-01,
          -4.23512787e-01,  1.21782410e+00, -3.48655343e-01,  3.06991160e-01,
           3.78210276e-01, -1.40283501e+00,  1.72658443e+00, -9.24807429e-01,
           2.49028158e+00, -4.77407247e-01, -5.15482835e-02,  2.98382968e-01,
          -7.37419844e-01,  2.39526272e+00, -1.54843017e-01, -1.22936594e+00,
          -7.87988722e-01,  1.44412684e+00,  2.81258583e-01, -5.27718812e-02,
          -8.45900118e-01,  1.67425358e+00,  1.28875405e-01,  3.55220139e-01,
           1.42997921e+00,  1.88298643e+00, -7.91762292e-01,  8.25434983e-01,
          -1.89295396e-01,  8.87167871e-01,  1.88981012e-01, -1.90044749e+00,
           2.57783794e+00, -1.72308981e-02, -3.54166079e+00,  8.09330717e-02,
           1.80962920e+00,  9.15878773e-01, -1.06303263e+00,  1.32264483e+00,
           1.92672718e+00, -2.22902223e-01, -1.30395222e+00,  2.64214009e-01,
           2.22172475e+00,  1.20679355e+00,  3.90733659e-01, -1.07132804e+00,
           1.46777308e+00, -8.90627027e-01, -7.65242517e-01,  1.47159338e+00,
           5.20269275e-01,  2.30759287e+00,  5.95874667e-01,  1.22058368e+00,
           1.15999138e+00,  9.56906140e-01,  8.65176022e-01, -9.64850962e-01,
           6.76270574e-02, -1.19470072e+00,  1.23219423e-01,  3.50422174e-01,
           3.50023091e-01,  1.22853339e+00,  1.94986200e+00,  7.34617561e-02,
          -2.11328197e+00,  6.65147901e-01,  3.30927595e-02,  4.35660720e-01,
           9.11271513e-01,  1.14195406e-01, -1.59689772e+00,  1.91021836e+00,
           3.51279944e-01,  1.55169642e+00, -9.74361897e-01,  1.11532390e-01,
          -2.88162567e-02,  6.85259774e-02,  3.48558813e-01, -1.65885937e+00,
          -3.39948893e-01,  2.33543730e+00, -1.39394730e-01, -1.33784398e-01,
           1.53247344e+00,  1.15123177e+00,  1.81116474e+00,  8.42603326e-01,
           2.06435013e+00,  2.06529880e+00,  8.19640338e-01, -4.80040103e-01,
           5.90013087e-01,  3.61648989e+00,  1.79436684e+00, -1.11947465e+00,
           6.42487407e-01, -6.81700230e-01,  2.66901731e-01,  9.41296279e-01,
           2.41592789e+00,  1.96614945e+00, -1.45170295e+00,  1.53004241e+00,
           1.61735225e+00, -1.56693622e-01,  7.07751989e-01,  1.56226563e+00,
          -9.85760629e-01,  1.60323012e+00, -6.07204914e-01,  2.09783936e+00,
           1.93572414e+00,  8.92057538e-01, -5.50314426e-01, -4.15669978e-01,
           2.75712937e-01,  1.74221814e+00,  9.79750395e-01, -9.07179534e-01,
          -5.65361023e-01,  5.19715130e-01,  3.00567341e+00,  1.64518595e+00,
           2.71134996e+00,  6.20193422e-01, -2.33083293e-01,  4.09352809e-01,
          -1.13855958e+00,  2.84146285e+00, -2.55389005e-01,  1.29503995e-01,
           1.36439407e+00,  6.42238855e-01,  3.74657035e+00,  1.22149634e+00,
           8.63941312e-01,  8.01831365e-01,  1.94496357e+00,  2.62574482e+00,
          -7.05016017e-01, -1.47135329e+00, -3.61910239e-02,  4.43190843e-01,
           1.42419970e+00, -2.59163678e-01, -8.52739662e-02,  1.56004715e+00,
          -1.46036935e+00, -1.17506295e-01,  1.40436399e+00,  2.10776544e+00,
           9.90237057e-01,  1.31571221e+00,  9.60172787e-02,  1.44807804e+00,
           5.75326622e-01, -3.48941892e-01,  1.91017139e+00,  2.65664786e-01,
          -1.50562966e+00, -1.20223773e+00, -8.34908068e-01,  1.89748228e-01,
           4.61440623e-01, -1.01254356e+00,  1.39710200e+00,  7.33195841e-01,
           2.35118842e+00, -1.86494088e+00, -3.06931168e-01,  1.24064708e+00,
          -1.35067141e+00, -5.43619454e-01,  1.00865972e+00, -1.25559211e+00,
          -1.29304379e-01, -2.63172481e-02,  1.55701801e-01, -8.43727648e-01,
           1.60092413e+00, -5.36381185e-01, -3.00958276e-01, -1.65180415e-01,
           3.31035495e+00,  2.18780732e+00,  1.56913149e+00, -1.21519732e+00,
           1.62083924e+00, -3.14204484e-01, -5.31759620e-01,  3.76378274e+00,
           6.37296021e-01, -1.16407037e+00,  1.60111022e+00,  1.30167198e+00,
          -2.64506340e+00, -6.54291570e-01,  1.88726023e-01, -5.97755425e-02,
           3.90948653e-02,  1.04206562e+00,  1.07754812e-01, -1.34895229e+00,
          -1.02835095e+00, -1.81332791e+00, -1.41045332e+00, -1.13145523e-01,
           2.39289808e+00, -2.47872517e-01, -2.66879469e-01,  9.21848267e-02,
           1.11151171e+00, -6.96920276e-01, -2.09052491e+00,  1.30648632e-02,
           1.39084995e+00,  2.73766935e-01, -3.55521649e-01,  1.27691162e+00,
           1.82516590e-01,  5.92198074e-01,  1.26932704e+00,  9.27197576e-01,
           6.61665574e-02,  2.80496669e+00,  2.95530379e-01, -3.83080870e-01,
          -8.59713554e-01,  4.87680048e-01, -1.21028590e+00,  4.39092033e-02,
           3.68256617e+00,  2.01978660e+00,  2.20462322e+00, -5.42492688e-01,
           1.67725110e+00,  1.78441250e+00,  1.53342378e+00,  5.94489038e-01,
          -4.05285776e-01, -2.93023229e-01,  1.36343789e+00,  4.06424403e-01,
           7.02143812e+00,  5.09379816e+00,  2.16332340e+00, -3.95015687e-01,
           5.40038943e-01, -5.19792177e-02,  6.78599715e-01,  2.30843616e+00,
          -1.50685775e+00, -1.93894887e+00, -6.01395331e-02, -1.97271061e+00,
           1.72928834e+00, -3.52501571e-01, -1.04580253e-01,  4.30416375e-01,
           8.56640935e-01,  2.28487945e+00,  2.92343527e-01, -7.11881101e-01,
          -2.32360053e+00,  6.56458735e-01, -1.08439910e+00, -1.21074891e+00,
          -1.53655243e+00,  1.59411743e-01, -8.90239537e-01, -1.43764496e+00,
          -1.01644444e+00, -2.40623593e+00, -1.06575882e+00, -1.41146636e+00,
          -1.70736349e+00, -2.07590151e+00, -1.30960095e+00, -2.43915662e-01,
          -1.16912985e+00, -1.09629703e+00, -5.37152767e-01, -3.75756234e-01,
          -2.82183957e+00, -6.67733014e-01, -1.65008461e+00, -1.26505876e+00,
           4.32594836e-01,  1.08261824e+00,  5.16450964e-02, -4.98864740e-01,
          -7.03210294e-01, -4.64023858e-01, -6.06860220e-01, -1.88839865e+00,
          -1.68006754e+00, -1.42072394e-01, -1.17085314e+00, -1.96775889e+00,
          -1.51780736e+00, -1.33238256e+00, -1.03117990e+00, -1.39546239e+00,
          -1.68266165e+00, -1.70304132e+00,  1.63961112e+00, -7.27842391e-01,
           5.10650694e-01, -1.88595057e-01, -1.43343604e+00,  2.08064532e+00,
          -1.45953929e+00, -1.28517973e+00,  7.39562809e-01, -4.05830666e-02,
          -1.67485106e+00,  5.51887631e-01, -7.58434534e-02, -2.12034535e+00,
           2.56078064e-01,  5.27574867e-02, -3.35123003e-01, -8.22404861e-01,
          -7.10637331e-01,  2.65389502e-01, -1.31293309e+00, -3.42548132e-01,
          -1.01503491e+00,  4.70916361e-01, -1.26692319e+00, -1.74753511e+00,
          -1.40456593e+00, -2.46751618e+00, -1.84505701e+00, -1.22727823e+00,
          -1.29040635e+00, -2.26794004e+00, -4.48901579e-02,  1.11260390e+00]]],
       device='cuda:0')
PGD attack margin (first 2 examples and 10 specs):
 tensor([[[0.74275714]]], device='cuda:0')
number of violation:  0
Attack finished in 7.8016 seconds.
PGD attack failed
verified_status unknown
verified_success False
Total VNNLIB file length: 1, max property batch size: 1, total number of batches: 1

Properties batch 0, size 1
Remaining timeout: 1146.2999773025513
Verifying property 0 with 1 instances.
torch allclose failed: norm 8.889588571037166e-06
Model: BoundedModule(
  (/input-1): BoundInput(name=/input-1, inputs=[], perturbed=True)
  (/33): BoundParams(name=/33, inputs=[], perturbed=False)
  (/34): BoundParams(name=/34, inputs=[], perturbed=False)
  (/35): BoundParams(name=/35, inputs=[], perturbed=False)
  (/36): BoundParams(name=/36, inputs=[], perturbed=False)
  (/37): BoundParams(name=/37, inputs=[], perturbed=False)
  (/38): BoundParams(name=/38, inputs=[], perturbed=False)
  (/39): BoundParams(name=/39, inputs=[], perturbed=False)
  (/40): BoundParams(name=/40, inputs=[], perturbed=False)
  (/41): BoundParams(name=/41, inputs=[], perturbed=False)
  (/42): BoundParams(name=/42, inputs=[], perturbed=False)
  (/43): BoundParams(name=/43, inputs=[], perturbed=False)
  (/44): BoundParams(name=/44, inputs=[], perturbed=False)
  (/45): BoundParams(name=/45, inputs=[], perturbed=False)
  (/46): BoundParams(name=/46, inputs=[], perturbed=False)
  (/47): BoundParams(name=/47, inputs=[], perturbed=False)
  (/48): BoundParams(name=/48, inputs=[], perturbed=False)
  (/49): BoundParams(name=/49, inputs=[], perturbed=False)
  (/50): BoundParams(name=/50, inputs=[], perturbed=False)
  (/51): BoundParams(name=/51, inputs=[], perturbed=False)
  (/52): BoundParams(name=/52, inputs=[], perturbed=False)
  (/53): BoundParams(name=/53, inputs=[], perturbed=False)
  (/54): BoundParams(name=/54, inputs=[], perturbed=False)
  (/55): BoundParams(name=/55, inputs=[], perturbed=False)
  (/56): BoundParams(name=/56, inputs=[], perturbed=False)
  (/57): BoundParams(name=/57, inputs=[], perturbed=False)
  (/58): BoundParams(name=/58, inputs=[], perturbed=False)
  (/59): BoundParams(name=/59, inputs=[], perturbed=False)
  (/60): BoundParams(name=/60, inputs=[], perturbed=False)
  (/61): BoundParams(name=/61, inputs=[], perturbed=False)
  (/62): BoundParams(name=/62, inputs=[], perturbed=False)
  (/63): BoundParams(name=/63, inputs=[], perturbed=False)
  (/64): BoundParams(name=/64, inputs=[], perturbed=False)
  (/input): BoundConv(name=/input, inputs=[/input-1, /33, /34], perturbed=True)
  (/66): BoundRelu(name=/66, inputs=[/input], perturbed=True)
  (/input-4): BoundConv(name=/input-4, inputs=[/66, /35, /36], perturbed=True)
  (/68): BoundRelu(name=/68, inputs=[/input-4], perturbed=True)
  (/input-12): BoundConv(name=/input-12, inputs=[/input-8/add_3_4, /37, /38], perturbed=True)
  (/71): BoundRelu(name=/71, inputs=[/input-12], perturbed=True)
  (/input-16): BoundConv(name=/input-16, inputs=[/71, /39, /40], perturbed=True)
  (/73): BoundRelu(name=/73, inputs=[/input-16], perturbed=True)
  (/input-24): BoundConv(name=/input-24, inputs=[/input-20/add_3_4, /41, /42], perturbed=True)
  (/76): BoundRelu(name=/76, inputs=[/input-24], perturbed=True)
  (/input-28): BoundConv(name=/input-28, inputs=[/76, /43, /44], perturbed=True)
  (/78): BoundRelu(name=/78, inputs=[/input-28], perturbed=True)
  (/input-32): BoundConv(name=/input-32, inputs=[/78, /45, /46], perturbed=True)
  (/80): BoundRelu(name=/80, inputs=[/input-32], perturbed=True)
  (/input-40): BoundConv(name=/input-40, inputs=[/input-36/add_3_4, /47, /48], perturbed=True)
  (/83): BoundRelu(name=/83, inputs=[/input-40], perturbed=True)
  (/input-44): BoundConv(name=/input-44, inputs=[/83, /49, /50], perturbed=True)
  (/85): BoundRelu(name=/85, inputs=[/input-44], perturbed=True)
  (/input-48): BoundConv(name=/input-48, inputs=[/85, /51, /52], perturbed=True)
  (/87): BoundRelu(name=/87, inputs=[/input-48], perturbed=True)
  (/input-56): BoundConv(name=/input-56, inputs=[/input-52/add_3_4, /53, /54], perturbed=True)
  (/90): BoundRelu(name=/90, inputs=[/input-56], perturbed=True)
  (/input-60): BoundConv(name=/input-60, inputs=[/90, /55, /56], perturbed=True)
  (/92): BoundRelu(name=/92, inputs=[/input-60], perturbed=True)
  (/input-64): BoundConv(name=/input-64, inputs=[/92, /57, /58], perturbed=True)
  (/94): BoundRelu(name=/94, inputs=[/input-64], perturbed=True)
  (/96): BoundFlatten(name=/96, inputs=[/95/add_3_4], perturbed=True)
  (/input-68): BoundLinear(name=/input-68, inputs=[/96, /59, /60], perturbed=True)
  (/98): BoundRelu(name=/98, inputs=[/input-68], perturbed=True)
  (/99): BoundFlatten(name=/99, inputs=[/98], perturbed=True)
  (/input-72): BoundLinear(name=/input-72, inputs=[/99, /61, /62], perturbed=True)
  (/101): BoundRelu(name=/101, inputs=[/input-72], perturbed=True)
  (/102): BoundFlatten(name=/102, inputs=[/101], perturbed=True)
  (/103): BoundLinear(name=/103, inputs=[/102, /63, /64], perturbed=True)
  (/input-8/conv_1): BoundConv(name=/input-8/conv_1, inputs=[/68, /input-8/conv_1_w], perturbed=True)
  (/input-8/conv_1_relu): BoundRelu(name=/input-8/conv_1_relu, inputs=[/input-8/conv_1], perturbed=True)
  (/input-8/conv_1_w): BoundParams(name=/input-8/conv_1_w, inputs=[], perturbed=False)
  (/input-8/conv_2): BoundConv(name=/input-8/conv_2, inputs=[/68, /input-8/conv_2_w], perturbed=True)
  (/input-8/conv_2_w): BoundParams(name=/input-8/conv_2_w, inputs=[], perturbed=False)
  (/input-8/conv_3): BoundConv(name=/input-8/conv_3, inputs=[/input-8/add_1_2, /input-8/conv_3_w], perturbed=True)
  (/input-8/conv_3_relu): BoundRelu(name=/input-8/conv_3_relu, inputs=[/input-8/conv_3], perturbed=True)
  (/input-8/conv_3_w): BoundParams(name=/input-8/conv_3_w, inputs=[], perturbed=False)
  (/input-8/conv_4): BoundConv(name=/input-8/conv_4, inputs=[/input-8/add_1_2, /input-8/conv_4_w], perturbed=True)
  (/input-8/conv_4_w): BoundParams(name=/input-8/conv_4_w, inputs=[], perturbed=False)
  (/input-8/add_1_2): BoundAdd(name=/input-8/add_1_2, inputs=[/input-8/conv_1_relu, /input-8/conv_2], perturbed=True)
  (/input-8/add_3_4): BoundAdd(name=/input-8/add_3_4, inputs=[/input-8/conv_3_relu, /input-8/conv_4], perturbed=True)
  (/input-20/conv_1): BoundConv(name=/input-20/conv_1, inputs=[/73, /input-20/conv_1_w], perturbed=True)
  (/input-20/conv_1_relu): BoundRelu(name=/input-20/conv_1_relu, inputs=[/input-20/conv_1], perturbed=True)
  (/input-20/conv_1_w): BoundParams(name=/input-20/conv_1_w, inputs=[], perturbed=False)
  (/input-20/conv_2): BoundConv(name=/input-20/conv_2, inputs=[/73, /input-20/conv_2_w], perturbed=True)
  (/input-20/conv_2_w): BoundParams(name=/input-20/conv_2_w, inputs=[], perturbed=False)
  (/input-20/conv_3): BoundConv(name=/input-20/conv_3, inputs=[/input-20/add_1_2, /input-20/conv_3_w], perturbed=True)
  (/input-20/conv_3_relu): BoundRelu(name=/input-20/conv_3_relu, inputs=[/input-20/conv_3], perturbed=True)
  (/input-20/conv_3_w): BoundParams(name=/input-20/conv_3_w, inputs=[], perturbed=False)
  (/input-20/conv_4): BoundConv(name=/input-20/conv_4, inputs=[/input-20/add_1_2, /input-20/conv_4_w], perturbed=True)
  (/input-20/conv_4_w): BoundParams(name=/input-20/conv_4_w, inputs=[], perturbed=False)
  (/input-20/add_1_2): BoundAdd(name=/input-20/add_1_2, inputs=[/input-20/conv_1_relu, /input-20/conv_2], perturbed=True)
  (/input-20/add_3_4): BoundAdd(name=/input-20/add_3_4, inputs=[/input-20/conv_3_relu, /input-20/conv_4], perturbed=True)
  (/input-36/conv_1): BoundConv(name=/input-36/conv_1, inputs=[/80, /input-36/conv_1_w], perturbed=True)
  (/input-36/conv_1_relu): BoundRelu(name=/input-36/conv_1_relu, inputs=[/input-36/conv_1], perturbed=True)
  (/input-36/conv_1_w): BoundParams(name=/input-36/conv_1_w, inputs=[], perturbed=False)
  (/input-36/conv_2): BoundConv(name=/input-36/conv_2, inputs=[/80, /input-36/conv_2_w], perturbed=True)
  (/input-36/conv_2_w): BoundParams(name=/input-36/conv_2_w, inputs=[], perturbed=False)
  (/input-36/conv_3): BoundConv(name=/input-36/conv_3, inputs=[/input-36/add_1_2, /input-36/conv_3_w], perturbed=True)
  (/input-36/conv_3_relu): BoundRelu(name=/input-36/conv_3_relu, inputs=[/input-36/conv_3], perturbed=True)
  (/input-36/conv_3_w): BoundParams(name=/input-36/conv_3_w, inputs=[], perturbed=False)
  (/input-36/conv_4): BoundConv(name=/input-36/conv_4, inputs=[/input-36/add_1_2, /input-36/conv_4_w], perturbed=True)
  (/input-36/conv_4_w): BoundParams(name=/input-36/conv_4_w, inputs=[], perturbed=False)
  (/input-36/add_1_2): BoundAdd(name=/input-36/add_1_2, inputs=[/input-36/conv_1_relu, /input-36/conv_2], perturbed=True)
  (/input-36/add_3_4): BoundAdd(name=/input-36/add_3_4, inputs=[/input-36/conv_3_relu, /input-36/conv_4], perturbed=True)
  (/input-52/conv_1): BoundConv(name=/input-52/conv_1, inputs=[/87, /input-52/conv_1_w], perturbed=True)
  (/input-52/conv_1_relu): BoundRelu(name=/input-52/conv_1_relu, inputs=[/input-52/conv_1], perturbed=True)
  (/input-52/conv_1_w): BoundParams(name=/input-52/conv_1_w, inputs=[], perturbed=False)
  (/input-52/conv_2): BoundConv(name=/input-52/conv_2, inputs=[/87, /input-52/conv_2_w], perturbed=True)
  (/input-52/conv_2_w): BoundParams(name=/input-52/conv_2_w, inputs=[], perturbed=False)
  (/input-52/conv_3): BoundConv(name=/input-52/conv_3, inputs=[/input-52/add_1_2, /input-52/conv_3_w], perturbed=True)
  (/input-52/conv_3_relu): BoundRelu(name=/input-52/conv_3_relu, inputs=[/input-52/conv_3], perturbed=True)
  (/input-52/conv_3_w): BoundParams(name=/input-52/conv_3_w, inputs=[], perturbed=False)
  (/input-52/conv_4): BoundConv(name=/input-52/conv_4, inputs=[/input-52/add_1_2, /input-52/conv_4_w], perturbed=True)
  (/input-52/conv_4_w): BoundParams(name=/input-52/conv_4_w, inputs=[], perturbed=False)
  (/input-52/add_1_2): BoundAdd(name=/input-52/add_1_2, inputs=[/input-52/conv_1_relu, /input-52/conv_2], perturbed=True)
  (/input-52/add_3_4): BoundAdd(name=/input-52/add_3_4, inputs=[/input-52/conv_3_relu, /input-52/conv_4], perturbed=True)
  (/95/conv_1): BoundConv(name=/95/conv_1, inputs=[/94, /95/conv_1_w], perturbed=True)
  (/95/conv_1_relu): BoundRelu(name=/95/conv_1_relu, inputs=[/95/conv_1], perturbed=True)
  (/95/conv_1_w): BoundParams(name=/95/conv_1_w, inputs=[], perturbed=False)
  (/95/conv_2): BoundConv(name=/95/conv_2, inputs=[/94, /95/conv_2_w], perturbed=True)
  (/95/conv_2_w): BoundParams(name=/95/conv_2_w, inputs=[], perturbed=False)
  (/95/conv_3): BoundConv(name=/95/conv_3, inputs=[/95/add_1_2, /95/conv_3_w], perturbed=True)
  (/95/conv_3_relu): BoundRelu(name=/95/conv_3_relu, inputs=[/95/conv_3], perturbed=True)
  (/95/conv_3_w): BoundParams(name=/95/conv_3_w, inputs=[], perturbed=False)
  (/95/conv_4): BoundConv(name=/95/conv_4, inputs=[/95/add_1_2, /95/conv_4_w], perturbed=True)
  (/95/conv_4_w): BoundParams(name=/95/conv_4_w, inputs=[], perturbed=False)
  (/95/add_1_2): BoundAdd(name=/95/add_1_2, inputs=[/95/conv_1_relu, /95/conv_2], perturbed=True)
  (/95/add_3_4): BoundAdd(name=/95/add_3_4, inputs=[/95/conv_3_relu, /95/conv_4], perturbed=True)
)
Model prediction is: tensor([ 6.73397109e-02,  2.00978065e+00, -8.06486428e-01, -8.35692883e-01,
        -1.04503024e+00,  3.08130503e-01, -5.91604829e-01, -1.56363046e+00,
        -1.53181624e+00, -1.31260157e+00, -6.59279168e-01,  1.47613958e-01,
         1.50101528e-01, -1.51539400e-01,  3.71817142e-01,  3.41837287e-01,
        -5.02156794e-01, -8.27173591e-01, -2.42921442e-01, -1.94532529e-01,
        -6.71542406e-01,  1.74298510e-01,  1.70259431e-01, -7.88450181e-01,
         1.28837869e-01, -3.78958523e-01,  1.21096671e+00,  3.60787451e-01,
        -5.39033234e-01,  9.00850594e-01, -1.52513063e+00,  1.11392617e+00,
        -2.94293880e-01, -1.74597907e+00, -1.11148107e+00, -1.08266914e+00,
         5.41425467e-01, -1.63670111e+00,  1.12690389e+00, -5.84890127e-01,
         1.50588787e+00, -1.22232318e-01, -2.69102871e-01, -4.94437367e-01,
         6.34419262e-01, -7.31532395e-01,  1.51256490e+00,  9.52443555e-02,
        -1.41093194e+00, -3.22758853e-01,  1.68937936e-01, -2.34457040e+00,
         1.04146612e+00,  7.08397925e-01, -3.72334987e-01, -7.34379113e-01,
         6.23888336e-02, -1.30218410e+00,  3.46279532e-01,  4.97785658e-02,
         4.03430939e-01, -2.73353398e-01, -6.64658606e-01,  1.24717265e-01,
         9.47768167e-02, -3.71185154e-01, -4.45105880e-01, -4.30311739e-01,
        -9.44307685e-01, -1.15401781e+00,  1.03641617e+00,  1.00191915e+00,
         8.01674008e-01,  1.98164129e+00,  9.33076322e-01,  2.10229063e+00,
         7.12374151e-01,  2.48537660e+00,  2.21660733e+00,  2.11593604e+00,
         1.40078992e-01, -1.57014012e+00, -5.34200430e-01, -1.03341663e+00,
        -1.46906927e-01, -4.00221676e-01, -1.10088396e+00,  7.10120380e-01,
         4.48937327e-01, -8.79136384e-01, -1.81299493e-01, -1.24056041e+00,
         4.56335068e-01, -1.34295389e-01,  4.27001029e-01, -1.04427850e+00,
         5.59581816e-01, -8.21214497e-01,  5.30897975e-01, -9.18387353e-01,
         4.81146514e-01, -1.71858394e+00, -2.23227334e+00,  6.71660662e-01,
        -1.40208840e+00, -2.15996933e+00, -1.52118564e+00, -5.56295216e-01,
        -1.56237733e+00, -1.75880599e+00,  1.19065024e-01,  2.95783591e+00,
        -3.10281038e-01,  2.47591406e-01,  4.41391379e-01, -1.37866712e+00,
        -7.78204441e-01, -6.87607527e-02, -4.08915162e-01, -9.53672111e-01,
        -8.37796092e-01, -1.40868771e+00, -1.05963302e+00, -2.03565907e+00,
        -1.15597951e+00, -1.62342191e+00,  8.31023455e-01, -1.63386419e-01,
         1.13923156e+00,  5.31588733e-01, -8.56466144e-02, -2.52499133e-01,
         4.35046583e-01, -3.37499022e-01,  2.20859200e-01, -9.69603896e-01,
        -8.00091147e-01, -1.09142259e-01, -1.26525294e-02, -1.34689128e+00,
        -1.76696074e+00,  6.68478608e-01, -9.22883570e-01, -4.20428663e-01,
        -4.52981323e-01, -5.38043857e-01, -1.20857871e+00,  6.65254295e-01,
         2.05784425e-01,  7.93166459e-03, -1.73461795e+00,  6.10385418e-01,
        -6.59122705e-01,  2.94967175e-01, -9.89360437e-02, -3.86615515e-01,
        -5.44727623e-01, -5.90446964e-03, -5.66933393e-01, -9.79395509e-01,
        -1.01763284e+00, -3.66123974e-01,  1.39131099e-01, -7.14355350e-01,
        -5.90501547e-01, -6.38519466e-01, -8.49520624e-01, -9.81204331e-01,
        -2.47647941e-01, -5.48496246e-01, -1.92434207e-01, -5.00984132e-01,
        -1.13422835e+00, -2.33679250e-01, -5.36896944e-01, -8.99742246e-01,
        -1.13567472e+00, -1.93287119e-01,  8.45306665e-02, -9.77736175e-01,
        -1.28008342e+00, -2.70273983e-01,  1.24991715e-01, -3.25115412e-01,
        -1.37907073e-01, -4.10171777e-01, -1.26513898e-01,  3.53995562e-01,
        -5.78687072e-01, -7.64269292e-01, -1.81737468e-01, -7.93466941e-02,
        -4.81436878e-01, -3.23151886e-01, -5.81507802e-01,  1.09261787e+00,
        -1.06788002e-01, -9.28523779e-01, -8.58834207e-01,  5.59631705e-01,
        -2.72552431e-01, -5.42887032e-01, -2.01362103e-01,  8.01699460e-01,
        -2.39791721e-01, -6.07854009e-01, -1.06064129e+00, -7.59265542e-01,
        -7.34246910e-01, -8.22109759e-01, -1.28094411e+00, -3.93460721e-01,
        -1.08353809e-01, -7.49878824e-01, -6.92559183e-01, -5.52763402e-01,
        -6.57004654e-01, -2.87805110e-01, -6.02889419e-01, -7.65652061e-01,
        -1.02981305e+00, -4.04113263e-01, -4.16568667e-01,  2.35007405e-01,
         4.15722094e-03, -9.56265688e-01, -9.23224986e-01, -5.59334636e-01,
        -8.29079092e-01,  4.15826917e-01, -7.62606502e-01, -3.57664376e-01,
        -7.32015669e-01, -5.08489251e-01, -3.81660730e-01, -9.31350812e-02,
        -5.96408248e-01, -1.02980785e-01, -8.04346204e-01, -2.78469861e-01,
        -6.47597015e-01, -6.16728365e-01,  1.68347694e-02, -1.62186074e+00,
        -1.01852870e+00,  2.06054434e-01, -1.30374122e+00, -5.04365861e-01,
        -1.11834198e-01, -1.65943548e-01, -2.89001882e-01, -1.19716859e+00,
         2.58611649e-01, -1.84413314e-01,  9.02106464e-01, -1.27263546e+00,
        -1.19204414e+00,  3.82953361e-02,  2.12891065e-02,  2.57919878e-01,
         5.47278486e-03, -5.29986024e-01, -9.42296386e-01, -4.41512674e-01,
        -6.99516833e-01, -1.07293408e-02, -7.73739338e-01, -9.21745420e-01,
        -1.47567832e+00,  3.13761532e-01,  3.24443549e-01, -3.59673142e-01,
         5.08806944e-01,  2.17352584e-01, -4.42681551e-01, -5.63432693e-01,
        -7.64476001e-01, -2.69881278e-01, -6.31342888e-01,  6.91674054e-01,
        -1.12772025e-01,  1.39496195e+00,  1.37132394e+00,  1.89897156e+00,
         1.85233355e+00,  4.54663754e-01, -8.83580625e-01, -2.67126501e-01,
        -1.14063668e+00, -9.03852761e-01, -1.39077842e+00, -1.15784478e+00,
        -7.80766666e-01, -6.25339866e-01, -1.43867218e+00, -1.11249733e+00,
         5.24528697e-03, -1.11301112e+00, -1.61446488e+00, -1.04868555e+00,
        -3.79892379e-01,  1.30483997e+00,  1.08269083e+00,  5.31245768e-01,
        -1.58003271e-01, -1.22401273e+00,  4.62559998e-01,  6.52059257e-01,
         1.32815814e+00, -6.12434387e-01,  1.35412204e+00,  1.35631013e+00,
         1.93097711e-01,  2.05102611e+00,  1.89288759e+00,  1.17737031e+00,
         8.78705978e-01, -1.31801158e-01,  1.98440933e+00,  1.56796706e+00,
         1.27708316e+00, -1.55389321e+00, -1.16080070e+00, -1.28573787e+00,
        -1.08680511e+00, -1.83985758e+00, -1.51842916e+00, -4.17158216e-01,
        -1.98302209e+00, -1.44626737e+00,  6.03042394e-02,  4.06276226e-01,
         1.31846452e+00, -4.29430604e-01, -9.34614122e-01, -5.97266614e-01,
        -1.94402552e+00,  3.43539193e-03, -5.39385498e-01, -1.93162191e+00,
        -1.32173073e+00, -1.13506401e+00, -1.82021224e+00, -1.48996782e+00,
        -9.00907040e-01, -1.83846879e+00, -1.77952540e+00, -1.21910560e+00,
        -2.53011584e+00, -1.65292084e+00, -1.82131422e+00, -1.38773394e+00,
        -1.73874629e+00, -1.29552794e+00, -1.89954317e+00, -1.83661330e+00,
        -3.10421646e-01, -2.51321614e-01, -7.26731643e-02,  2.20224112e-02,
        -6.68538332e-01,  4.20882523e-01, -2.18780443e-01, -5.03247857e-01,
        -1.89295852e+00, -7.08050132e-01, -9.67409670e-01, -5.05438328e-01,
        -5.22211790e-01, -9.28428948e-01, -3.56983989e-01, -1.33376145e+00,
        -9.58268821e-01, -6.90503299e-01, -6.22985780e-01, -1.15056062e+00,
        -8.26056302e-01, -3.33162874e-01, -5.46193123e-01, -1.46745074e+00,
        -2.24399179e-01, -1.20145082e+00, -5.27071178e-01, -6.99904323e-01,
        -1.07338500e+00, -9.59008873e-01, -1.56272244e+00, -1.45416951e+00,
        -2.07514262e+00,  7.11940467e-01, -8.73183846e-01,  6.40687168e-01,
        -1.64377183e-01, -2.10323477e+00, -4.12285000e-01,  9.22634065e-01,
        -1.90337229e+00, -1.55255020e+00, -1.57244548e-01,  4.80603904e-01,
        -4.26121950e-01, -3.04280072e-01, -1.76026791e-01, -4.55712378e-01,
        -2.53675252e-01,  1.49681640e+00, -5.55085778e-01, -3.30286443e-01,
        -1.83711505e+00,  2.89548373e+00, -9.11247969e-01,  1.47776592e+00,
         5.70133090e-01,  9.67148125e-01,  1.21577501e+00, -1.72837734e+00,
         1.81283414e+00,  3.91967267e-01,  3.10491824e+00,  1.90404129e+00,
         1.29491389e-01,  4.56584752e-01,  5.06138913e-02, -3.61291885e-01,
         1.37933150e-01,  3.30289960e-01,  1.47079813e+00, -7.65824676e-01,
        -3.91856283e-01, -1.09790973e-01, -5.72559536e-01,  3.65934968e-02,
         4.45878804e-01,  4.01348591e-01,  1.20962155e+00,  1.60755622e+00,
        -5.59467375e-01, -3.33136082e-01,  1.43551266e+00,  3.88518929e-01,
        -1.88354582e-01,  1.30689561e+00, -3.13239545e-01,  1.96665406e+00,
        -9.90429163e-01, -3.76248598e-01,  3.23528600e+00, -1.43006116e-01,
        -4.58337545e-01, -1.93564370e-01, -5.52505910e-01,  1.30649507e+00,
         6.33420944e-02,  4.81886983e-01, -1.26731241e+00,  3.78157347e-01,
         3.85533810e-01,  1.12571466e+00, -4.97300625e-02,  2.74404258e-01,
        -1.24920309e+00, -1.13208890e-01,  2.44342566e+00, -3.41699332e-01,
         1.29083633e+00,  1.75210190e+00, -7.48391032e-01, -1.98737037e+00,
        -1.31146580e-01,  1.52910665e-01,  1.00918984e+00, -1.22407866e+00,
        -5.87886930e-01,  1.38214958e+00, -6.90316200e-01,  6.19197786e-01,
        -1.62418246e+00,  3.47415358e-01,  3.26642931e-01, -7.36489296e-01,
         2.41664338e+00,  1.68358648e+00,  1.11672938e+00, -1.48059428e+00,
        -9.20518517e-01,  1.33835351e+00,  3.30800325e-01,  2.30438733e+00,
         3.08903009e-01,  2.93977529e-01,  1.15924883e+00, -6.12313390e-01,
         1.01567435e+00,  1.15853357e+00,  7.96960235e-01,  5.16730249e-01,
         7.92635024e-01,  6.34762645e-02, -1.80525422e-01,  2.81231308e+00,
        -2.75571179e+00,  2.27994006e-03, -9.20545876e-01,  5.10188401e-01,
         3.93080920e-01,  1.34285018e-01, -1.86015344e+00,  1.77908587e+00,
         1.24428475e+00, -2.27578783e+00, -8.64657044e-01, -8.04496408e-01,
         1.07621133e+00, -7.17311978e-01, -3.81692290e-01, -4.90260124e-01,
        -1.30539858e+00,  3.13380659e-01,  1.15880229e-01, -4.22223151e-01,
        -3.51666451e-01, -2.57690132e-01, -1.08686543e+00, -1.42774999e-01,
        -6.61323071e-01, -7.04897106e-01,  5.00441670e-01,  1.27964807e+00,
        -1.24833539e-01, -2.27397054e-01,  2.01251054e+00,  1.08105290e+00,
         7.72328526e-02,  5.67101359e-01,  2.31855416e+00, -1.51070166e+00,
        -1.34084904e+00, -5.91133118e-01,  6.89750910e-02,  3.13665795e+00,
        -1.53962895e-01, -1.30017519e+00,  1.57555997e+00, -5.07330835e-01,
        -1.01710999e+00,  1.02461135e+00, -1.96608394e-01, -1.93956184e+00,
         9.00000632e-01,  3.60027051e+00, -9.35874104e-01, -9.10593569e-02,
         9.57585275e-01,  1.98691714e+00,  2.87860423e-01, -7.41318047e-01,
         4.65816450e+00,  1.13683736e+00,  7.64122605e-01,  4.93189484e-01,
        -1.26811159e+00, -6.56591475e-01,  1.68776000e+00,  1.94451869e+00,
        -7.42020011e-02,  4.92281288e-01, -1.21030581e+00,  3.03404748e-01,
        -4.32590216e-01, -2.00421047e+00, -1.81061756e-02, -3.77830327e-01,
         9.73235071e-01, -1.41010046e+00,  3.31695259e-01, -1.36320138e+00,
        -1.61115909e+00,  5.17667174e-01,  2.24126130e-01,  3.54471147e-01,
         1.71751410e-01, -2.26501942e-01, -2.26972914e+00, -3.29836346e-02,
         1.72940397e+00,  6.87063217e-01, -8.04056466e-01,  2.05667090e+00,
         1.93325663e+00,  6.84639990e-01,  1.40863109e+00,  4.38512754e+00,
         7.94978440e-01,  1.04067314e+00, -2.83554375e-01, -1.24771023e+00,
         1.91987932e+00,  3.59363645e-01,  1.09050488e+00,  2.01106310e+00,
         2.12858987e+00,  6.99883625e-02,  1.12548816e+00, -1.97831619e+00,
         1.75916529e+00,  2.37945700e+00,  7.88979053e-01, -6.59966648e-01,
         1.44884515e+00, -1.14873338e+00,  7.57208824e-01,  7.35804915e-01,
        -9.40781534e-01,  4.54052120e-01,  4.27938670e-01,  1.17191398e+00,
         1.72668791e+00,  2.63920516e-01,  2.09636927e+00,  2.46682692e+00,
         2.16277194e+00,  1.91991031e-01,  1.20402420e+00,  3.00839329e+00,
        -6.42049611e-01, -1.12729728e+00,  2.20794392e+00,  2.40089104e-01,
        -1.44081509e+00,  1.51111352e+00,  2.40758777e-01,  4.17855442e-01,
         4.03391838e+00,  1.12451887e+00, -1.75821054e+00,  6.73013687e-01,
         2.02078104e+00,  3.99164826e-01, -2.56898254e-01, -8.31009895e-02,
        -8.85466695e-01, -6.11616522e-02, -1.17096364e+00, -3.32706690e-01,
         2.19421196e+00, -1.51370430e+00, -1.81711942e-01,  6.94500506e-01,
         2.02566314e+00, -2.01308107e+00,  1.64405465e+00,  3.97025681e+00,
        -7.65696049e-01, -9.06032696e-02, -7.13660598e-01,  7.15030015e-01,
        -4.26870435e-01,  1.22983265e+00, -3.39912683e-01,  3.08050543e-01,
         3.72038007e-01, -1.42297232e+00,  1.74913967e+00, -9.16689932e-01,
         2.50334167e+00, -4.71180052e-01, -4.22724821e-02,  3.07852924e-01,
        -7.49534547e-01,  2.34328628e+00, -1.49009228e-01, -1.23113501e+00,
        -7.96302617e-01,  1.45521021e+00,  2.91697443e-01, -3.70742828e-02,
        -8.28743398e-01,  1.69297421e+00,  1.39870524e-01,  3.47144514e-01,
         1.45132995e+00,  1.89227903e+00, -7.86206424e-01,  8.48887205e-01,
        -1.52509212e-01,  9.06850398e-01,  2.13085935e-01, -1.89976811e+00,
         2.59958291e+00, -7.81598687e-03, -3.53944230e+00,  9.26274881e-02,
         1.81314576e+00,  9.36725676e-01, -1.05002606e+00,  1.32949591e+00,
         1.94315314e+00, -2.27057904e-01, -1.30081344e+00,  3.09776366e-01,
         2.21050882e+00,  1.20444226e+00,  4.06154543e-01, -1.08184397e+00,
         1.45665634e+00, -8.94338727e-01, -7.91758239e-01,  1.46291113e+00,
         5.33171654e-01,  2.29989028e+00,  6.07489705e-01,  1.23407793e+00,
         1.17756736e+00,  9.69371200e-01,  8.90933037e-01, -9.41517353e-01,
         5.82103506e-02, -1.19444263e+00,  1.23154484e-01,  3.61128807e-01,
         3.64583641e-01,  1.19586289e+00,  1.95783067e+00,  8.49681050e-02,
        -2.09559655e+00,  6.55987084e-01,  5.54951802e-02,  4.14679050e-01,
         9.05359268e-01,  1.39074445e-01, -1.60034168e+00,  1.93631816e+00,
         3.53321284e-01,  1.55974567e+00, -9.87646461e-01,  9.77105647e-02,
        -1.63496770e-02,  6.68057576e-02,  3.33567649e-01, -1.65067756e+00,
        -3.26789975e-01,  2.34847951e+00, -1.39092416e-01, -1.39431894e-01,
         1.55687308e+00,  1.15543580e+00,  1.79729986e+00,  8.63296866e-01,
         2.06401396e+00,  2.07198071e+00,  7.98022151e-01, -4.96794552e-01,
         5.90464056e-01,  3.61538935e+00,  1.79560113e+00, -1.11944366e+00,
         6.21585071e-01, -6.93464637e-01,  2.71107614e-01,  9.37472343e-01,
         2.41019416e+00,  1.98046052e+00, -1.45137298e+00,  1.54940379e+00,
         1.62186503e+00, -1.50854692e-01,  7.18673229e-01,  1.58170414e+00,
        -9.98080492e-01,  1.62913775e+00, -6.09637260e-01,  2.12018800e+00,
         1.96454692e+00,  8.80421281e-01, -5.56211829e-01, -4.07350570e-01,
         2.80090511e-01,  1.75624132e+00,  9.86757398e-01, -9.09066141e-01,
        -5.53657651e-01,  5.33110559e-01,  3.02938414e+00,  1.65611291e+00,
         2.72935605e+00,  6.02995574e-01, -2.32911423e-01,  4.17858183e-01,
        -1.14295828e+00,  2.84628463e+00, -2.56151706e-01,  1.17020510e-01,
         1.37244213e+00,  6.38179779e-01,  3.72054982e+00,  1.23099720e+00,
         8.70291591e-01,  7.88844526e-01,  1.97866535e+00,  2.60462570e+00,
        -6.85521901e-01, -1.46506977e+00, -3.71495411e-02,  4.24839258e-01,
         1.43129969e+00, -2.72370219e-01, -8.80943462e-02,  1.55762577e+00,
        -1.46546030e+00, -1.22304291e-01,  1.42322731e+00,  2.11082149e+00,
         1.01196587e+00,  1.33704925e+00,  1.12377964e-01,  1.42748141e+00,
         5.56309879e-01, -3.42116028e-01,  1.91919625e+00,  2.60481209e-01,
        -1.51539600e+00, -1.18817651e+00, -8.34006250e-01,  2.03853205e-01,
         4.55219328e-01, -1.02285266e+00,  1.41952336e+00,  7.54298866e-01,
         2.33653235e+00, -1.87990165e+00, -3.09708565e-01,  1.24940419e+00,
        -1.35452902e+00, -5.27087569e-01,  9.99306917e-01, -1.25316131e+00,
        -1.27799168e-01, -3.83346453e-02,  1.75523341e-01, -8.53017211e-01,
         1.60762274e+00, -5.28961241e-01, -2.93016672e-01, -1.68955892e-01,
         3.33836865e+00,  2.19397831e+00,  1.58902884e+00, -1.22634578e+00,
         1.62879527e+00, -3.19828242e-01, -5.44129252e-01,  3.78289580e+00,
         6.34410322e-01, -1.17068624e+00,  1.61227155e+00,  1.31027281e+00,
        -2.62050629e+00, -6.34609282e-01,  1.76708624e-01, -5.40231951e-02,
         5.76660186e-02,  1.04483414e+00,  1.21102579e-01, -1.35168886e+00,
        -1.02947772e+00, -1.80534208e+00, -1.42130971e+00, -1.09328382e-01,
         2.40477991e+00, -2.57188857e-01, -2.64587611e-01,  1.03584200e-01,
         1.11794591e+00, -7.06718266e-01, -2.09959602e+00,  3.54444757e-02,
         1.37474144e+00,  2.74771750e-01, -3.35771769e-01,  1.26431441e+00,
         1.88508272e-01,  6.05078995e-01,  1.26197231e+00,  9.26081300e-01,
         5.15285954e-02,  2.82005787e+00,  3.00697207e-01, -3.75456750e-01,
        -8.66908789e-01,  4.98554587e-01, -1.20426583e+00,  6.06756993e-02,
         3.70246387e+00,  2.02262402e+00,  2.20560074e+00, -5.44029415e-01,
         1.67124939e+00,  1.78144228e+00,  1.52402234e+00,  5.91057241e-01,
        -4.08149660e-01, -2.69466639e-01,  1.39590538e+00,  3.97345781e-01,
         6.99263906e+00,  5.08464003e+00,  2.18824959e+00, -4.02204365e-01,
         5.28634787e-01, -5.02176769e-02,  6.76427245e-01,  2.30343723e+00,
        -1.51335275e+00, -1.94022727e+00, -3.48658971e-02, -1.99995530e+00,
         1.75595260e+00, -3.29054862e-01, -1.03157461e-01,  4.35872763e-01,
         8.66673529e-01,  2.30760598e+00,  3.08000654e-01, -7.00705171e-01,
        -2.33031273e+00,  6.65762603e-01, -1.07518566e+00, -1.21305048e+00,
        -1.55274940e+00,  1.47359729e-01, -8.92571509e-01, -1.45798850e+00,
        -1.02456522e+00, -2.42019868e+00, -1.07201791e+00, -1.42169201e+00,
        -1.70995486e+00, -2.09377766e+00, -1.32101095e+00, -2.58566737e-01,
        -1.15568769e+00, -1.10297382e+00, -5.35106421e-01, -3.86366427e-01,
        -2.82381201e+00, -6.67574286e-01, -1.64304435e+00, -1.27703524e+00,
         4.19198841e-01,  1.08906066e+00,  5.11272140e-02, -5.04324973e-01,
        -7.08438694e-01, -4.72047985e-01, -6.17574394e-01, -1.91248655e+00,
        -1.68596554e+00, -1.31374612e-01, -1.18420470e+00, -1.96168089e+00,
        -1.51515365e+00, -1.34852552e+00, -1.02766991e+00, -1.40291476e+00,
        -1.67741108e+00, -1.71770632e+00,  1.64003754e+00, -7.32802570e-01,
         5.05700290e-01, -1.78408355e-01, -1.43338609e+00,  2.05821204e+00,
        -1.45458949e+00, -1.28910124e+00,  7.43027270e-01, -3.67219821e-02,
        -1.66431427e+00,  5.35233557e-01, -6.32856786e-02, -2.11730003e+00,
         2.83240348e-01,  5.07590324e-02, -3.59240264e-01, -8.26880753e-01,
        -7.13877439e-01,  2.69280851e-01, -1.30866253e+00, -3.48281652e-01,
        -1.01864183e+00,  4.80044693e-01, -1.26586199e+00, -1.74128163e+00,
        -1.40605068e+00, -2.45634437e+00, -1.83854389e+00, -1.21836495e+00,
        -1.27962363e+00, -2.27794933e+00, -5.32971993e-02,  1.08821797e+00],
       device='cuda:0')
Clean RHS: tensor([[0.78415769]], device='cuda:0')
Split layers:
Nonlinear functions:
   BoundRelu(name=/66, inputs=[/input], perturbed=True)
   BoundRelu(name=/68, inputs=[/input-4], perturbed=True)
   BoundRelu(name=/71, inputs=[/input-12], perturbed=True)
   BoundRelu(name=/73, inputs=[/input-16], perturbed=True)
   BoundRelu(name=/76, inputs=[/input-24], perturbed=True)
   BoundRelu(name=/78, inputs=[/input-28], perturbed=True)
   BoundRelu(name=/80, inputs=[/input-32], perturbed=True)
   BoundRelu(name=/83, inputs=[/input-40], perturbed=True)
   BoundRelu(name=/85, inputs=[/input-44], perturbed=True)
   BoundRelu(name=/87, inputs=[/input-48], perturbed=True)
   BoundRelu(name=/90, inputs=[/input-56], perturbed=True)
   BoundRelu(name=/92, inputs=[/input-60], perturbed=True)
   BoundRelu(name=/94, inputs=[/input-64], perturbed=True)
   BoundRelu(name=/98, inputs=[/input-68], perturbed=True)
   BoundRelu(name=/101, inputs=[/input-72], perturbed=True)
   BoundRelu(name=/input-8/conv_1_relu, inputs=[/input-8/conv_1], perturbed=True)
   BoundRelu(name=/input-8/conv_3_relu, inputs=[/input-8/conv_3], perturbed=True)
   BoundRelu(name=/input-20/conv_1_relu, inputs=[/input-20/conv_1], perturbed=True)
   BoundRelu(name=/input-20/conv_3_relu, inputs=[/input-20/conv_3], perturbed=True)
   BoundRelu(name=/input-36/conv_1_relu, inputs=[/input-36/conv_1], perturbed=True)
   BoundRelu(name=/input-36/conv_3_relu, inputs=[/input-36/conv_3], perturbed=True)
   BoundRelu(name=/input-52/conv_1_relu, inputs=[/input-52/conv_1], perturbed=True)
   BoundRelu(name=/input-52/conv_3_relu, inputs=[/input-52/conv_3], perturbed=True)
   BoundRelu(name=/95/conv_1_relu, inputs=[/95/conv_1], perturbed=True)
   BoundRelu(name=/95/conv_3_relu, inputs=[/95/conv_3], perturbed=True)
Batched CROWN: node BoundConv(name=/input-4, inputs=[/66, /35, /36], perturbed=True), unstable size 27475
Batched CROWN: node BoundConv(name=/input-8/conv_1, inputs=[/68, /input-8/conv_1_w], perturbed=True), unstable size 37966
Batched CROWN: node BoundConv(name=/input-8/conv_3, inputs=[/input-8/add_1_2, /input-8/conv_3_w], perturbed=True), unstable size 11772
Batched CROWN: node BoundConv(name=/input-12, inputs=[/input-8/add_3_4, /37, /38], perturbed=True), unstable size 268396
Batched CROWN: node BoundConv(name=/input-16, inputs=[/71, /39, /40], perturbed=True), unstable size 1460798
Batched CROWN: node BoundConv(name=/input-20/conv_1, inputs=[/73, /input-20/conv_1_w], perturbed=True), unstable size 32040
Batched CROWN: node BoundConv(name=/input-20/conv_3, inputs=[/input-20/add_1_2, /input-20/conv_3_w], perturbed=True), unstable size 14029
Batched CROWN: node BoundConv(name=/input-24, inputs=[/input-20/add_3_4, /41, /42], perturbed=True), unstable size 516322
Batched CROWN: node BoundConv(name=/input-28, inputs=[/76, /43, /44], perturbed=True), unstable size 755785
Batched CROWN: node BoundConv(name=/input-32, inputs=[/78, /45, /46], perturbed=True), unstable size 176524
Batched CROWN: node BoundConv(name=/input-36/conv_1, inputs=[/80, /input-36/conv_1_w], perturbed=True), unstable size 32641
Batched CROWN: node BoundConv(name=/input-36/conv_3, inputs=[/input-36/add_1_2, /input-36/conv_3_w], perturbed=True), unstable size 15307
Batched CROWN: node BoundConv(name=/input-40, inputs=[/input-36/add_3_4, /47, /48], perturbed=True), unstable size 300794
Batched CROWN: node BoundConv(name=/input-44, inputs=[/83, /49, /50], perturbed=True), unstable size 249078
Batched CROWN: node BoundConv(name=/input-48, inputs=[/85, /51, /52], perturbed=True), unstable size 139000
Batched CROWN: node BoundConv(name=/input-52/conv_1, inputs=[/87, /input-52/conv_1_w], perturbed=True), unstable size 3610
Batched CROWN: node BoundConv(name=/input-52/conv_3, inputs=[/input-52/add_1_2, /input-52/conv_3_w], perturbed=True), unstable size 2431
Batched CROWN: node BoundConv(name=/input-56, inputs=[/input-52/add_3_4, /53, /54], perturbed=True), unstable size 77493
Batched CROWN: node BoundConv(name=/input-60, inputs=[/90, /55, /56], perturbed=True), unstable size 89562
Batched CROWN: node BoundConv(name=/input-64, inputs=[/92, /57, /58], perturbed=True), unstable size 70204
Batched CROWN: node BoundConv(name=/95/conv_1, inputs=[/94, /95/conv_1_w], perturbed=True), unstable size 11601
Batched CROWN: node BoundConv(name=/95/conv_3, inputs=[/95/add_1_2, /95/conv_3_w], perturbed=True), unstable size 6637
Batched CROWN: node BoundLinear(name=/input-68, inputs=[/96, /59, /60], perturbed=True), unstable size 4096
Batched CROWN: node BoundLinear(name=/input-72, inputs=[/99, /61, /62], perturbed=True), unstable size 4096
initial crown bounds: tensor([[-4715.76269531]], device='cuda:0')
Number of class (without rhs): 1 ; Worst class: (+ rhs) -4715.7626953125
Iteration 1
Adv attack time: 1.5386s
Batch size: 1
Current pickout batch: 1, total pickout batch: 1
Batched CROWN: node BoundConv(name=/input-4, inputs=[/66, /35, /36], perturbed=True), unstable size 27475
Batched CROWN: node BoundConv(name=/input-8/conv_1, inputs=[/68, /input-8/conv_1_w], perturbed=True), unstable size 37966
Batched CROWN: node BoundConv(name=/input-8/conv_3, inputs=[/input-8/add_1_2, /input-8/conv_3_w], perturbed=True), unstable size 11772
Batched CROWN: node BoundConv(name=/input-12, inputs=[/input-8/add_3_4, /37, /38], perturbed=True), unstable size 268396
Batched CROWN: node BoundConv(name=/input-16, inputs=[/71, /39, /40], perturbed=True), unstable size 1460798
Batched CROWN: node BoundConv(name=/input-20/conv_1, inputs=[/73, /input-20/conv_1_w], perturbed=True), unstable size 32040
Batched CROWN: node BoundConv(name=/input-20/conv_3, inputs=[/input-20/add_1_2, /input-20/conv_3_w], perturbed=True), unstable size 14029
Batched CROWN: node BoundConv(name=/input-24, inputs=[/input-20/add_3_4, /41, /42], perturbed=True), unstable size 516322
Batched CROWN: node BoundConv(name=/input-28, inputs=[/76, /43, /44], perturbed=True), unstable size 755785
Batched CROWN: node BoundConv(name=/input-32, inputs=[/78, /45, /46], perturbed=True), unstable size 176525
Batched CROWN: node BoundConv(name=/input-36/conv_1, inputs=[/80, /input-36/conv_1_w], perturbed=True), unstable size 32640
Batched CROWN: node BoundConv(name=/input-36/conv_3, inputs=[/input-36/add_1_2, /input-36/conv_3_w], perturbed=True), unstable size 15307
Batched CROWN: node BoundConv(name=/input-40, inputs=[/input-36/add_3_4, /47, /48], perturbed=True), unstable size 300794
Batched CROWN: node BoundConv(name=/input-44, inputs=[/83, /49, /50], perturbed=True), unstable size 249078
Batched CROWN: node BoundConv(name=/input-48, inputs=[/85, /51, /52], perturbed=True), unstable size 139000
Batched CROWN: node BoundConv(name=/input-52/conv_1, inputs=[/87, /input-52/conv_1_w], perturbed=True), unstable size 3610
Batched CROWN: node BoundConv(name=/input-52/conv_3, inputs=[/input-52/add_1_2, /input-52/conv_3_w], perturbed=True), unstable size 2431
Batched CROWN: node BoundConv(name=/input-56, inputs=[/input-52/add_3_4, /53, /54], perturbed=True), unstable size 77493
Batched CROWN: node BoundConv(name=/input-60, inputs=[/90, /55, /56], perturbed=True), unstable size 89562
Batched CROWN: node BoundConv(name=/input-64, inputs=[/92, /57, /58], perturbed=True), unstable size 70205
Batched CROWN: node BoundConv(name=/95/conv_1, inputs=[/94, /95/conv_1_w], perturbed=True), unstable size 11601
Batched CROWN: node BoundConv(name=/95/conv_3, inputs=[/95/add_1_2, /95/conv_3_w], perturbed=True), unstable size 6637
Batched CROWN: node BoundLinear(name=/input-68, inputs=[/96, /59, /60], perturbed=True), unstable size 4096
Batched CROWN: node BoundLinear(name=/input-72, inputs=[/99, /61, /62], perturbed=True), unstable size 4096
Worst bound: tensor([-4715.74072266], device='cuda:0')
Current (lb-rhs): -4715.74072265625
Total time: 1859.5371  pickout: 0.0009  split: 0.0025  decision: 0.0003  bounding: 1859.4991  clipping: 0.0000  add_domain: 0.0232  rest: 0.0109
Length of domains: 2
3 branch and bound domains visited
Time out!
Result: timeout
Time: 2857.126739501953
[rank 0] === Checking instance ID 268 ===
[rank 0] >>> Running ID=268 onnx=onnx/vgg16-7.onnx
Configurations:

general:
  device: cuda
  seed: 100
  conv_mode: patches
  deterministic: false
  double_fp: false
  loss_reduction_func: max
  sparse_alpha: true
  sparse_interm: true
  save_adv_example: false
  verify_onnxruntime_output: false
  eval_adv_example: false
  show_adv_example: false
  precompile_jit: false
  prepare_only: false
  complete_verifier: bab
  enable_incomplete_verification: false
  csv_name: instances.csv
  results_file: results/vggnet16_all_p_2/result_268.rank0.txt
  root_path: ../../vnncomp2023_benchmarks/benchmarks/vggnet16
  deterministic_opt: false
  graph_optimizer: 'Customized("custom_graph_optimizer", "maxpool_to_relu")'
  buffer_has_batchdim: false
  save_output: false
  output_file: out.pkl
  return_optimized_model: false
  output_additional_stats: true
  instance_id: 268
  dataset_output_dir: dataset
  min_stable_neurons_ratio_threshold: 0.0
model:
  name: null
  path: null
  onnx_path: /projects/air/dlverifier/vggnet16_all/onnx/vgg16-7.onnx
  onnx_path_prefix: ''
  cache_onnx_conversion: true
  debug_onnx: false
  onnx_quirks: null
  input_shape: null
  onnx_loader: default_onnx_and_vnnlib_loader
  onnx_optimization_flags: []
  onnx_vnnlib_joint_optimization_flags: none
  check_optimized: false
  flatten_final_output: false
  optimize_graph: null
  with_jacobian: false
data:
  start: 0
  end: 10000
  select_instance: null
  num_outputs: 1000
  mean: 0.0
  std: 1.0
  pkl_path: null
  dataset: null
  data_filter_path: null
  data_idx_file: null
specification:
  type: lp
  robustness_type: verified-acc
  norm: .inf
  epsilon: null
  epsilon_min: 0.0
  vnnlib_path: /projects/air/dlverifier/vggnet16_all/vnnlib/n01739381_vine_snake_global_k50176_eps_0.0003.vnnlib
  vnnlib_path_prefix: ''
  rhs_offset: null
solver:
  batch_size: 1
  auto_enlarge_batch_size: false
  min_batch_size_ratio: 0.1
  use_float64_in_last_iteration: false
  early_stop_patience: 10
  start_save_best: 0.5
  bound_prop_method: forward+backward
  init_bound_prop_method: same
  prune_after_crown: false
  optimize_disjuncts_separately: false
  crown:
    batch_size: 16
    max_crown_size: 1000000000
    relu_option: adaptive
  alpha-crown:
    alpha: true
    lr_alpha: 0.1
    iteration: 100
    share_alphas: false
    lr_decay: 0.98
    full_conv_alpha: true
    max_coeff_mul: .inf
    matmul_share_alphas: false
    disable_optimization: []
    max_time: 1.0
  invprop:
    apply_output_constraints_to: []
    tighten_input_bounds: false
    best_of_oc_and_no_oc: false
    directly_optimize: []
    oc_lr: 0.1
    share_gammas: false
  beta-crown:
    lr_alpha: 0.01
    lr_beta: 0.05
    lr_decay: 0.98
    optimizer: adam
    iteration: 10
    beta: true
    beta_warmup: true
    enable_opt_interm_bounds: false
    all_node_split_LP: false
  forward:
    refine: false
    dynamic: true
    max_dim: 100
    reset_threshold: 1.0
  intermediate_refinement:
    enabled: false
    batch_size: 10
    opt_coeffs: false
    opt_bias: false
    lr: 0.05
    layers: [-1]
    max_domains: 1000
  multi_class:
    label_batch_size: 32
    skip_with_refined_bound: true
  mip:
    unstable_neuron_threshold: 0
    parallel_solvers: null
    solver_threads: 1
    refine_neuron_timeout: 15
    refine_neuron_time_percentage: 0.8
    early_stop: true
    adv_warmup: true
    mip_solver: gurobi
    skip_unsafe: false
    topk_filter: 1.0
    sliding_window: -1
    extra_constraint: false
    refine_neuron_timeout_increasement: 0
    timeout_neuron_percentage: 0.3
    remaining_timeout_threshold: 1
    remove_unstable_neurons: true
    lp_solver: false
bab:
  initial_max_domains: 1
  backing_up_max_domain: null
  max_domains: .inf
  decision_thresh: 0
  timeout: 1200.0
  timeout_scale: 1
  max_iterations: -1
  override_timeout: null
  get_upper_bound: false
  pruning_in_iteration: true
  pruning_in_iteration_ratio: 0.2
  sort_targets: false
  batched_domain_list: true
  optimized_interm: ''
  interm_transfer: true
  recompute_interm: false
  sort_domain_interval: -1
  vanilla_crown: false
  tree_traversal: depth_first
  cut:
    enabled: false
    cuts_path: /tmp/abcrown_cuts
    implication: false
    bab_cut: false
    lp_cut: false
    method: null
    lr: 0.01
    lr_decay: 1.0
    iteration: 100
    bab_iteration: -1
    early_stop_patience: -1
    lr_beta: 0.02
    number_cuts: 50
    topk_cuts_in_filter: 1000
    batch_size_primal: 100
    max_num: 1000000000
    patches_cut: false
    cplex_cuts: false
    cplex_cuts_wait: 0
    cplex_cuts_revpickup: true
    cut_reference_bounds: true
    fix_intermediate_bounds: false
    _tmp_cuts: null
    fixed_cuts: false
    add_implied_cuts: false
    add_input_cuts: false
    biccos:
      enabled: false
      constraint_strengthening: true
      recursively_strengthening: false
      drop_ratio: 0.5
      verified_bonus: 0.3
      max_infer_iter: 20
      heuristic: neuron_influence_score
      save_biccos_cuts: false
      multi_tree_branching:
        enabled: false
        restore_best_tree: false
        keep_n_best_domains: 1
        k_splits: 1
        iterations: 1
  branching:
    method: sb
    candidates: 3
    reduceop: min
    enable_intermediate_bound_opt: false
    branching_input_and_activation: false
    branching_input_and_activation_order: [input, relu]
    branching_input_iterations: 30
    branching_relu_iterations: 50
    gnn_path: ''
    neural_heuristic:
      model_path: ''
    rl:
      experiment: general
      eval: false
      extras: []
      logging:
        color: true
        debug: true
        file: rl-experiment.log
      pnet:
        gH: 64
        tH: 64
        nheads: 64
        nlayers: 64
        useDynamicGraph: true
        bidirectional: false
        GAT: true
      training:
        gamma: 0.99
        lr: 0.001
        batchSize: 8
        loop: 8
        totalEpochs: 10
        updatePolicyFrequency: 10
        updateTargetFrequency: 10
        buffer: buffer.pkl
        preparedBuffer: 'False'
        TestingPreparedBuffer: false
        scriptTraining: false
        policynet: policy-checkpoint.pt
        targetnet: target-checkpoint.pt
        datasetShuffle: true
        targetedData: all
        splitRatio: 0.8
        maxInstances: -1
        trainingMode: full
        reward:
          norm: null
          bonus: 10.0
          penalty: -1.0
      egreedy:
        epsilon: 0.1
        epsilonDecay: 0.1
        minEpsilon: 0.1
        ePath: epsilon.pt
        enabled: true
      expert:
        useExpertUntilEpisode: 0.1
        enabled: true
        learnToImitateExpertEpochs: 10
    nonlinear_split:
      method: shortcut
      branching_point_method: uniform
      num_branches: 2
      filter: false
      filter_beta: false
      filter_clamp: false
      filter_batch_size: 10000
      filter_iterations: 25
      relu_only: false
      loose_tanh_threshold: null
      dynamic_bbps: false
      dynamic_options: [uniform, three_left, three_right]
      branching_point_node: ''
      branching_point_db: []
    input_split:
      enable_clip_domains: false
      split_hint: null
      reorder_bab: false
      enable: true
      enhanced_bound_prop_method: alpha-crown
      enhanced_branching_method: naive
      enhanced_bound_patience: 100000000.0
      attack_patience: 100000000.0
      adv_check: 0
      split_partitions: 2
      sb_margin_weight: 1.0
      sb_sum: false
      sb_primary_spec: null
      bf_backup_thresh: -1
      bf_rhs_offset: 0
      bf_iters: 1000000000.0
      bf_batch_size: 100000
      bf_zero_crossing_score: false
      touch_zero_score: 0
      ibp_enhancement: false
      catch_assertion: false
      compare_with_old_bounds: false
      update_rhs_with_attack: false
      sb_coeff_thresh: 0.001
      sort_index: null
      sort_descending: true
      show_progress: false
      presplit_domains: null
      skip_getting_worst_domain: false
  attack:
    enabled: false
    beam_candidates: 8
    beam_depth: 7
    max_dive_fix_ratio: 0.8
    min_local_free_ratio: 0.2
    mip_start_iteration: 5
    mip_timeout: 30.0
    adv_pool_threshold: null
    refined_mip_attacker: false
    refined_batch_size: null
attack:
  pgd_order: input_bab
  pgd_steps: 100
  pgd_restarts: 30
  pgd_batch_size: 100000000
  pgd_early_stop: true
  pgd_lr_decay: 0.99
  pgd_alpha: auto
  pgd_alpha_scale: false
  pgd_loss_mode: null
  pgd_restart_when_stuck: false
  enable_mip_attack: false
  adv_saver: default_adv_saver
  adv_verifier: default_adv_verifier
  early_stop_condition: default_early_stop_condition
  adv_example_finalizer: default_adv_example_finalizer
  pgd_loss: default_pgd_loss
  cex_path: ./test_cex.txt
  attack_mode: PGD
  attack_tolerance: 0.0
  attack_func: attack_with_general_specs
  gama_lambda: 10.0
  gama_decay: 0.9
  check_clean: true
  input_split:
    pgd_steps: 100
    pgd_restarts: 30
    pgd_alpha: auto
  input_split_enhanced:
    pgd_steps: 200
    pgd_restarts: 500000
    pgd_alpha: auto
  input_split_check_adv:
    enabled: auto
    pgd_steps: 5
    pgd_restarts: 5
    pgd_alpha: auto
    max_num_domains: 10
debug:
  sanity_check: Full+Graph
  view_model: false
  lp_test: null
  rescale_vnnlib_ptb: null
  test_optimized_bounds: false
  test_optimized_bounds_after_n_iterations: 0
  print_verbose_decisions: false

Experiments at Thu Feb 19 03:13:13 2026 on d1029
Internal results will be saved to results/vggnet16_all_p_2/result_268.rank0.txt.

[ZRL] %%%%%%%%%%%%%%%%%%%%%%%%%%%%%%%%%%% idx: 0, vnnlib ID: 0 %%%%%%%%%%%%%%%%%%%%%%%%%%%%%%%%%%%
Using onnx /projects/air/dlverifier/vggnet16_all/onnx/vgg16-7.onnx
Using vnnlib /projects/air/dlverifier/vggnet16_all/vnnlib/n01739381_vine_snake_global_k50176_eps_0.0003.vnnlib
150528 inputs and 1000 outputs in vnnlib
Loading cached onnx model from /projects/air/dlverifier/vggnet16_all/onnx/vgg16-7.onnx.cached
Cannot read cached onnx file. Regenerating...
Loading onnx /projects/air/dlverifier/vggnet16_all/onnx/vgg16-7.onnx with quirks {}
Finished onnx model loading in 35.7275 seconds
Number of perturbed inputs: 150528
WARNING: prioritizing attack due to too many perturbed pixels on VGG
Setting arguments.Config["attack"]["pgd_order"] to "before"
Setting bound_prop_method to crown
Attack parameters: initialization=uniform, steps=100, restarts=30, alpha=7.500499486923218e-05, initialization=uniform, GAMA=False
Model output of first 5 examples:
 tensor([[ 6.73395172e-02,  2.00978065e+00, -8.06486666e-01, -8.35692942e-01,
         -1.04503000e+00,  3.08130354e-01, -5.91604650e-01, -1.56363070e+00,
         -1.53181648e+00, -1.31260169e+00, -6.59279346e-01,  1.47614256e-01,
          1.50101915e-01, -1.51539132e-01,  3.71817619e-01,  3.41837645e-01,
         -5.02156615e-01, -8.27173471e-01, -2.42921263e-01, -1.94532335e-01,
         -6.71542346e-01,  1.74298540e-01,  1.70259535e-01, -7.88450062e-01,
          1.28838137e-01, -3.78958404e-01,  1.21096694e+00,  3.60787749e-01,
         -5.39033353e-01,  9.00850713e-01, -1.52513039e+00,  1.11392665e+00,
         -2.94293761e-01, -1.74597919e+00, -1.11148143e+00, -1.08266890e+00,
          5.41425943e-01, -1.63670099e+00,  1.12690425e+00, -5.84889948e-01,
          1.50588846e+00, -1.22232154e-01, -2.69102633e-01, -4.94437277e-01,
          6.34419501e-01, -7.31532454e-01,  1.51256573e+00,  9.52447206e-02,
         -1.41093194e+00, -3.22758764e-01,  1.68938190e-01, -2.34457088e+00,
          1.04146647e+00,  7.08398223e-01, -3.72334659e-01, -7.34378755e-01,
          6.23889454e-02, -1.30218399e+00,  3.46279770e-01,  4.97787967e-02,
          4.03431296e-01, -2.73353070e-01, -6.64658725e-01,  1.24717087e-01,
          9.47770700e-02, -3.71184945e-01, -4.45105910e-01, -4.30311441e-01,
         -9.44307923e-01, -1.15401769e+00,  1.03641641e+00,  1.00191939e+00,
          8.01674426e-01,  1.98164177e+00,  9.33076859e-01,  2.10229087e+00,
          7.12374687e-01,  2.48537731e+00,  2.21660757e+00,  2.11593652e+00,
          1.40078723e-01, -1.57014024e+00, -5.34200490e-01, -1.03341711e+00,
         -1.46906987e-01, -4.00221318e-01, -1.10088396e+00,  7.10120618e-01,
          4.48937625e-01, -8.79136443e-01, -1.81299374e-01, -1.24056029e+00,
          4.56335247e-01, -1.34295300e-01,  4.27001506e-01, -1.04427850e+00,
          5.59581995e-01, -8.21214616e-01,  5.30897617e-01, -9.18387175e-01,
          4.81146753e-01, -1.71858442e+00, -2.23227358e+00,  6.71660781e-01,
         -1.40208864e+00, -2.15996933e+00, -1.52118587e+00, -5.56295276e-01,
         -1.56237757e+00, -1.75880623e+00,  1.19065188e-01,  2.95783663e+00,
         -3.10281008e-01,  2.47591615e-01,  4.41391647e-01, -1.37866712e+00,
         -7.78204739e-01, -6.87609166e-02, -4.08914983e-01, -9.53672290e-01,
         -8.37796330e-01, -1.40868795e+00, -1.05963314e+00, -2.03565931e+00,
         -1.15597963e+00, -1.62342191e+00,  8.31023633e-01, -1.63386166e-01,
          1.13923168e+00,  5.31588912e-01, -8.56464058e-02, -2.52498955e-01,
          4.35046732e-01, -3.37498873e-01,  2.20859557e-01, -9.69604194e-01,
         -8.00090790e-01, -1.09142125e-01, -1.26524325e-02, -1.34689128e+00,
         -1.76696086e+00,  6.68479085e-01, -9.22883749e-01, -4.20428753e-01,
         -4.52981502e-01, -5.38044155e-01, -1.20857906e+00,  6.65254116e-01,
          2.05783948e-01,  7.93142617e-03, -1.73461831e+00,  6.10385180e-01,
         -6.59123361e-01,  2.94966996e-01, -9.89362970e-02, -3.86615694e-01,
         -5.44727862e-01, -5.90497628e-03, -5.66933870e-01, -9.79395509e-01,
         -1.01763320e+00, -3.66124123e-01,  1.39131084e-01, -7.14355588e-01,
         -5.90501726e-01, -6.38519585e-01, -8.49520981e-01, -9.81204927e-01,
         -2.47648120e-01, -5.48496604e-01, -1.92434236e-01, -5.00984311e-01,
         -1.13422859e+00, -2.33679578e-01, -5.36897123e-01, -8.99742424e-01,
         -1.13567495e+00, -1.93287119e-01,  8.45308006e-02, -9.77736413e-01,
         -1.28008366e+00, -2.70273924e-01,  1.24991775e-01, -3.25115502e-01,
         -1.37907013e-01, -4.10171866e-01, -1.26514003e-01,  3.53995681e-01,
         -5.78687489e-01, -7.64269352e-01, -1.81737751e-01, -7.93465152e-02,
         -4.81436759e-01, -3.23152125e-01, -5.81508160e-01,  1.09261787e+00,
         -1.06787980e-01, -9.28524077e-01, -8.58834088e-01,  5.59631705e-01,
         -2.72552818e-01, -5.42886913e-01, -2.01362133e-01,  8.01699340e-01,
         -2.39791691e-01, -6.07854068e-01, -1.06064165e+00, -7.59265661e-01,
         -7.34247029e-01, -8.22109759e-01, -1.28094423e+00, -3.93460631e-01,
         -1.08353853e-01, -7.49878705e-01, -6.92559183e-01, -5.52763402e-01,
         -6.57005072e-01, -2.87805170e-01, -6.02889419e-01, -7.65652180e-01,
         -1.02981353e+00, -4.04113472e-01, -4.16568965e-01,  2.35007346e-01,
          4.15711664e-03, -9.56265688e-01, -9.23225224e-01, -5.59334874e-01,
         -8.29079211e-01,  4.15826797e-01, -7.62606978e-01, -3.57664615e-01,
         -7.32016027e-01, -5.08489370e-01, -3.81660759e-01, -9.31350589e-02,
         -5.96408308e-01, -1.02980874e-01, -8.04346442e-01, -2.78470010e-01,
         -6.47597134e-01, -6.16728485e-01,  1.68348290e-02, -1.62186074e+00,
         -1.01852906e+00,  2.06054360e-01, -1.30374146e+00, -5.04365921e-01,
         -1.11834377e-01, -1.65943742e-01, -2.89002329e-01, -1.19716859e+00,
          2.58611351e-01, -1.84413612e-01,  9.02106345e-01, -1.27263570e+00,
         -1.19204438e+00,  3.82950678e-02,  2.12887656e-02,  2.57919580e-01,
          5.47262095e-03, -5.29986382e-01, -9.42296624e-01, -4.41512853e-01,
         -6.99517131e-01, -1.07293893e-02, -7.73739517e-01, -9.21745658e-01,
         -1.47567856e+00,  3.13761294e-01,  3.24443221e-01, -3.59673411e-01,
          5.08807063e-01,  2.17352316e-01, -4.42681789e-01, -5.63432992e-01,
         -7.64476180e-01, -2.69881517e-01, -6.31343126e-01,  6.91673756e-01,
         -1.12772353e-01,  1.39496195e+00,  1.37132382e+00,  1.89897132e+00,
          1.85233355e+00,  4.54663754e-01, -8.83580625e-01, -2.67126590e-01,
         -1.14063692e+00, -9.03853059e-01, -1.39077854e+00, -1.15784502e+00,
         -7.80766785e-01, -6.25340044e-01, -1.43867266e+00, -1.11249745e+00,
          5.24520501e-03, -1.11301124e+00, -1.61446500e+00, -1.04868555e+00,
         -3.79892260e-01,  1.30484045e+00,  1.08269095e+00,  5.31246006e-01,
         -1.58002928e-01, -1.22401261e+00,  4.62560058e-01,  6.52059436e-01,
          1.32815838e+00, -6.12434387e-01,  1.35412252e+00,  1.35631073e+00,
          1.93098173e-01,  2.05102706e+00,  1.89288795e+00,  1.17737067e+00,
          8.78706276e-01, -1.31800562e-01,  1.98440993e+00,  1.56796741e+00,
          1.27708364e+00, -1.55389309e+00, -1.16080058e+00, -1.28573787e+00,
         -1.08680487e+00, -1.83985734e+00, -1.51842916e+00, -4.17157859e-01,
         -1.98302233e+00, -1.44626749e+00,  6.03042245e-02,  4.06276286e-01,
          1.31846428e+00, -4.29430425e-01, -9.34614301e-01, -5.97266912e-01,
         -1.94402552e+00,  3.43549624e-03, -5.39385498e-01, -1.93162215e+00,
         -1.32173109e+00, -1.13506401e+00, -1.82021236e+00, -1.48996806e+00,
         -9.00906980e-01, -1.83846915e+00, -1.77952528e+00, -1.21910608e+00,
         -2.53011608e+00, -1.65292120e+00, -1.82131457e+00, -1.38773417e+00,
         -1.73874664e+00, -1.29552829e+00, -1.89954352e+00, -1.83661366e+00,
         -3.10421616e-01, -2.51321852e-01, -7.26732239e-02,  2.20224410e-02,
         -6.68538392e-01,  4.20882195e-01, -2.18780696e-01, -5.03247976e-01,
         -1.89295876e+00, -7.08050072e-01, -9.67409790e-01, -5.05438387e-01,
         -5.22212029e-01, -9.28429246e-01, -3.56984317e-01, -1.33376181e+00,
         -9.58268940e-01, -6.90503299e-01, -6.22985840e-01, -1.15056086e+00,
         -8.26056540e-01, -3.33163023e-01, -5.46193361e-01, -1.46745098e+00,
         -2.24399328e-01, -1.20145094e+00, -5.27071297e-01, -6.99904382e-01,
         -1.07338536e+00, -9.59009171e-01, -1.56272268e+00, -1.45416999e+00,
         -2.07514262e+00,  7.11940527e-01, -8.73183906e-01,  6.40687525e-01,
         -1.64377645e-01, -2.10323501e+00, -4.12284821e-01,  9.22634304e-01,
         -1.90337241e+00, -1.55255008e+00, -1.57244697e-01,  4.80603844e-01,
         -4.26122218e-01, -3.04280192e-01, -1.76026583e-01, -4.55712408e-01,
         -2.53675371e-01,  1.49681628e+00, -5.55085838e-01, -3.30286652e-01,
         -1.83711565e+00,  2.89548397e+00, -9.11247790e-01,  1.47776616e+00,
          5.70132971e-01,  9.67148185e-01,  1.21577501e+00, -1.72837734e+00,
          1.81283426e+00,  3.91967326e-01,  3.10491848e+00,  1.90404165e+00,
          1.29491434e-01,  4.56584990e-01,  5.06135337e-02, -3.61292183e-01,
          1.37933314e-01,  3.30290347e-01,  1.47079861e+00, -7.65824616e-01,
         -3.91856343e-01, -1.09791070e-01, -5.72559774e-01,  3.65930945e-02,
          4.45878804e-01,  4.01348650e-01,  1.20962179e+00,  1.60755575e+00,
         -5.59467554e-01, -3.33136022e-01,  1.43551266e+00,  3.88519049e-01,
         -1.88354313e-01,  1.30689573e+00, -3.13239515e-01,  1.96665466e+00,
         -9.90429282e-01, -3.76248956e-01,  3.23528647e+00, -1.43005967e-01,
         -4.58337009e-01, -1.93564087e-01, -5.52506089e-01,  1.30649495e+00,
          6.33424968e-02,  4.81887221e-01, -1.26731241e+00,  3.78157735e-01,
          3.85533661e-01,  1.12571454e+00, -4.97296304e-02,  2.74404436e-01,
         -1.24920321e+00, -1.13209136e-01,  2.44342589e+00, -3.41699690e-01,
          1.29083645e+00,  1.75210190e+00, -7.48391390e-01, -1.98737037e+00,
         -1.31146729e-01,  1.52910203e-01,  1.00918984e+00, -1.22407866e+00,
         -5.87886631e-01,  1.38214958e+00, -6.90316081e-01,  6.19197786e-01,
         -1.62418282e+00,  3.47415090e-01,  3.26643050e-01, -7.36489415e-01,
          2.41664362e+00,  1.68358660e+00,  1.11672926e+00, -1.48059452e+00,
         -9.20518756e-01,  1.33835363e+00,  3.30800354e-01,  2.30438781e+00,
          3.08903039e-01,  2.93977529e-01,  1.15924883e+00, -6.12313569e-01,
          1.01567471e+00,  1.15853381e+00,  7.96960473e-01,  5.16730487e-01,
          7.92635620e-01,  6.34763241e-02, -1.80525571e-01,  2.81231332e+00,
         -2.75571227e+00,  2.27979105e-03, -9.20545936e-01,  5.10188341e-01,
          3.93081099e-01,  1.34284973e-01, -1.86015368e+00,  1.77908611e+00,
          1.24428475e+00, -2.27578807e+00, -8.64657164e-01, -8.04496944e-01,
          1.07621121e+00, -7.17312098e-01, -3.81692261e-01, -4.90260184e-01,
         -1.30539918e+00,  3.13380867e-01,  1.15880005e-01, -4.22223032e-01,
         -3.51666510e-01, -2.57690340e-01, -1.08686566e+00, -1.42774984e-01,
         -6.61323071e-01, -7.04897106e-01,  5.00441790e-01,  1.27964807e+00,
         -1.24833271e-01, -2.27397054e-01,  2.01251101e+00,  1.08105290e+00,
          7.72329122e-02,  5.67101657e-01,  2.31855440e+00, -1.51070178e+00,
         -1.34084928e+00, -5.91133356e-01,  6.89751506e-02,  3.13665843e+00,
         -1.53963149e-01, -1.30017543e+00,  1.57556009e+00, -5.07331014e-01,
         -1.01711035e+00,  1.02461123e+00, -1.96608618e-01, -1.93956208e+00,
          9.00000811e-01,  3.60027122e+00, -9.35874403e-01, -9.10592899e-02,
          9.57585514e-01,  1.98691761e+00,  2.87860274e-01, -7.41318226e-01,
          4.65816402e+00,  1.13683760e+00,  7.64122725e-01,  4.93189484e-01,
         -1.26811159e+00, -6.56591535e-01,  1.68776011e+00,  1.94451916e+00,
         -7.42022097e-02,  4.92281526e-01, -1.21030581e+00,  3.03404123e-01,
         -4.32590157e-01, -2.00421071e+00, -1.81062315e-02, -3.77830267e-01,
          9.73235071e-01, -1.41010058e+00,  3.31695378e-01, -1.36320162e+00,
         -1.61115909e+00,  5.17667115e-01,  2.24126101e-01,  3.54471147e-01,
          1.71751797e-01, -2.26502061e-01, -2.26972938e+00, -3.29837240e-02,
          1.72940385e+00,  6.87063158e-01, -8.04056704e-01,  2.05667138e+00,
          1.93325651e+00,  6.84640110e-01,  1.40863097e+00,  4.38512850e+00,
          7.94978619e-01,  1.04067326e+00, -2.83554554e-01, -1.24771023e+00,
          1.91987956e+00,  3.59363914e-01,  1.09050500e+00,  2.01106358e+00,
          2.12859011e+00,  6.99881986e-02,  1.12548780e+00, -1.97831643e+00,
          1.75916517e+00,  2.37945747e+00,  7.88978755e-01, -6.59966469e-01,
          1.44884562e+00, -1.14873338e+00,  7.57209301e-01,  7.35805333e-01,
         -9.40781534e-01,  4.54052180e-01,  4.27938789e-01,  1.17191386e+00,
          1.72668803e+00,  2.63920277e-01,  2.09636903e+00,  2.46682739e+00,
          2.16277218e+00,  1.91991180e-01,  1.20402455e+00,  3.00839376e+00,
         -6.42049551e-01, -1.12729740e+00,  2.20794415e+00,  2.40088448e-01,
         -1.44081545e+00,  1.51111352e+00,  2.40758866e-01,  4.17855471e-01,
          4.03391838e+00,  1.12451875e+00, -1.75821054e+00,  6.73013687e-01,
          2.02078152e+00,  3.99165303e-01, -2.56898135e-01, -8.31011832e-02,
         -8.85466516e-01, -6.11619353e-02, -1.17096412e+00, -3.32706720e-01,
          2.19421196e+00, -1.51370454e+00, -1.81712180e-01,  6.94500506e-01,
          2.02566338e+00, -2.01308107e+00,  1.64405465e+00,  3.97025681e+00,
         -7.65695870e-01, -9.06032696e-02, -7.13660836e-01,  7.15030372e-01,
         -4.26870704e-01,  1.22983277e+00, -3.39912415e-01,  3.08050573e-01,
          3.72038007e-01, -1.42297232e+00,  1.74913979e+00, -9.16690171e-01,
          2.50334191e+00, -4.71180290e-01, -4.22726460e-02,  3.07852834e-01,
         -7.49534667e-01,  2.34328651e+00, -1.49009556e-01, -1.23113501e+00,
         -7.96302855e-01,  1.45520997e+00,  2.91697472e-01, -3.70745882e-02,
         -8.28743756e-01,  1.69297445e+00,  1.39870256e-01,  3.47144634e-01,
          1.45132971e+00,  1.89227927e+00, -7.86206305e-01,  8.48887324e-01,
         -1.52509272e-01,  9.06850159e-01,  2.13085636e-01, -1.89976835e+00,
          2.59958339e+00, -7.81628489e-03, -3.53944278e+00,  9.26269740e-02,
          1.81314635e+00,  9.36726153e-01, -1.05002582e+00,  1.32949638e+00,
          1.94315350e+00, -2.27057785e-01, -1.30081367e+00,  3.09776008e-01,
          2.21050954e+00,  1.20444226e+00,  4.06154245e-01, -1.08184409e+00,
          1.45665658e+00, -8.94338667e-01, -7.91758358e-01,  1.46291125e+00,
          5.33171475e-01,  2.29989100e+00,  6.07490182e-01,  1.23407817e+00,
          1.17756712e+00,  9.69371140e-01,  8.90933275e-01, -9.41517413e-01,
          5.82104325e-02, -1.19444299e+00,  1.23154350e-01,  3.61128658e-01,
          3.64583552e-01,  1.19586349e+00,  1.95783103e+00,  8.49681795e-02,
         -2.09559679e+00,  6.55987144e-01,  5.54952845e-02,  4.14678961e-01,
          9.05359447e-01,  1.39073983e-01, -1.60034192e+00,  1.93631828e+00,
          3.53321671e-01,  1.55974591e+00, -9.87646818e-01,  9.77108777e-02,
         -1.63494088e-02,  6.68059662e-02,  3.33567947e-01, -1.65067792e+00,
         -3.26790214e-01,  2.34847975e+00, -1.39092475e-01, -1.39432058e-01,
          1.55687308e+00,  1.15543532e+00,  1.79730022e+00,  8.63296747e-01,
          2.06401420e+00,  2.07198071e+00,  7.98022032e-01, -4.96794730e-01,
          5.90464413e-01,  3.61538935e+00,  1.79560125e+00, -1.11944366e+00,
          6.21585488e-01, -6.93464816e-01,  2.71107644e-01,  9.37472224e-01,
          2.41019440e+00,  1.98046064e+00, -1.45137322e+00,  1.54940403e+00,
          1.62186563e+00, -1.50854945e-01,  7.18672931e-01,  1.58170462e+00,
         -9.98080373e-01,  1.62913823e+00, -6.09637260e-01,  2.12018800e+00,
          1.96454680e+00,  8.80421579e-01, -5.56211770e-01, -4.07350600e-01,
          2.80090541e-01,  1.75624168e+00,  9.86757517e-01, -9.09066319e-01,
         -5.53657770e-01,  5.33110321e-01,  3.02938461e+00,  1.65611303e+00,
          2.72935653e+00,  6.02995276e-01, -2.32911393e-01,  4.17858034e-01,
         -1.14295828e+00,  2.84628510e+00, -2.56152123e-01,  1.17020406e-01,
          1.37244248e+00,  6.38180137e-01,  3.72055006e+00,  1.23099732e+00,
          8.70291829e-01,  7.88844526e-01,  1.97866619e+00,  2.60462666e+00,
         -6.85521960e-01, -1.46507013e+00, -3.71496305e-02,  4.24839109e-01,
          1.43129969e+00, -2.72370249e-01, -8.80942419e-02,  1.55762577e+00,
         -1.46546042e+00, -1.22304291e-01,  1.42322731e+00,  2.11082125e+00,
          1.01196611e+00,  1.33704901e+00,  1.12377636e-01,  1.42748213e+00,
          5.56310117e-01, -3.42116505e-01,  1.91919601e+00,  2.60481119e-01,
         -1.51539600e+00, -1.18817723e+00, -8.34006786e-01,  2.03853145e-01,
          4.55219686e-01, -1.02285266e+00,  1.41952360e+00,  7.54298747e-01,
          2.33653235e+00, -1.87990189e+00, -3.09708834e-01,  1.24940395e+00,
         -1.35452902e+00, -5.27087748e-01,  9.99306917e-01, -1.25316119e+00,
         -1.27799407e-01, -3.83347049e-02,  1.75523415e-01, -8.53017390e-01,
          1.60762298e+00, -5.28961301e-01, -2.93016791e-01, -1.68955982e-01,
          3.33836913e+00,  2.19397879e+00,  1.58902931e+00, -1.22634625e+00,
          1.62879550e+00, -3.19828182e-01, -5.44129133e-01,  3.78289580e+00,
          6.34410143e-01, -1.17068577e+00,  1.61227131e+00,  1.31027305e+00,
         -2.62050676e+00, -6.34609401e-01,  1.76708773e-01, -5.40234335e-02,
          5.76661304e-02,  1.04483366e+00,  1.21102348e-01, -1.35168886e+00,
         -1.02947819e+00, -1.80534256e+00, -1.42130983e+00, -1.09328680e-01,
          2.40478086e+00, -2.57188797e-01, -2.64587700e-01,  1.03583828e-01,
          1.11794615e+00, -7.06718385e-01, -2.09959650e+00,  3.54444683e-02,
          1.37474120e+00,  2.74771541e-01, -3.35771888e-01,  1.26431465e+00,
          1.88508362e-01,  6.05079114e-01,  1.26197243e+00,  9.26081657e-01,
          5.15285060e-02,  2.82005835e+00,  3.00697565e-01, -3.75456661e-01,
         -8.66909027e-01,  4.98554796e-01, -1.20426619e+00,  6.06755652e-02,
          3.70246458e+00,  2.02262449e+00,  2.20560145e+00, -5.44029355e-01,
          1.67124927e+00,  1.78144228e+00,  1.52402270e+00,  5.91057181e-01,
         -4.08149779e-01, -2.69466817e-01,  1.39590561e+00,  3.97345901e-01,
          6.99264002e+00,  5.08464098e+00,  2.18824911e+00, -4.02204186e-01,
          5.28635144e-01, -5.02179153e-02,  6.76427484e-01,  2.30343771e+00,
         -1.51335299e+00, -1.94022727e+00, -3.48662809e-02, -1.99995506e+00,
          1.75595260e+00, -3.29054922e-01, -1.03157543e-01,  4.35873061e-01,
          8.66673648e-01,  2.30760646e+00,  3.08001071e-01, -7.00705469e-01,
         -2.33031249e+00,  6.65762424e-01, -1.07518601e+00, -1.21305096e+00,
         -1.55274940e+00,  1.47360027e-01, -8.92571628e-01, -1.45798874e+00,
         -1.02456522e+00, -2.42019892e+00, -1.07201815e+00, -1.42169213e+00,
         -1.70995522e+00, -2.09377766e+00, -1.32101095e+00, -2.58566529e-01,
         -1.15568781e+00, -1.10297394e+00, -5.35106421e-01, -3.86366159e-01,
         -2.82381225e+00, -6.67574227e-01, -1.64304435e+00, -1.27703500e+00,
          4.19199079e-01,  1.08906102e+00,  5.11275344e-02, -5.04324913e-01,
         -7.08438873e-01, -4.72047895e-01, -6.17574275e-01, -1.91248691e+00,
         -1.68596566e+00, -1.31374449e-01, -1.18420458e+00, -1.96168113e+00,
         -1.51515388e+00, -1.34852517e+00, -1.02767015e+00, -1.40291476e+00,
         -1.67741120e+00, -1.71770632e+00,  1.64003766e+00, -7.32802749e-01,
          5.05700052e-01, -1.78408474e-01, -1.43338609e+00,  2.05821204e+00,
         -1.45458961e+00, -1.28910124e+00,  7.43027151e-01, -3.67216989e-02,
         -1.66431463e+00,  5.35233736e-01, -6.32859468e-02, -2.11730027e+00,
          2.83240288e-01,  5.07591069e-02, -3.59240502e-01, -8.26880813e-01,
         -7.13877201e-01,  2.69280910e-01, -1.30866265e+00, -3.48281592e-01,
         -1.01864171e+00,  4.80045199e-01, -1.26586211e+00, -1.74128163e+00,
         -1.40605044e+00, -2.45634460e+00, -1.83854365e+00, -1.21836495e+00,
         -1.27962399e+00, -2.27794933e+00, -5.32973334e-02,  1.08821821e+00]],
       device='cuda:0')
Adv example prediction (first 2 examples and 2 restarts):
 tensor([[[ 1.03430100e-01,  1.98289967e+00, -7.70595312e-01, -8.34023297e-01,
          -1.01377547e+00,  2.81178355e-01, -5.40718496e-01, -1.55649960e+00,
          -1.50973082e+00, -1.28799438e+00, -6.77013755e-01,  1.88734636e-01,
           1.67069480e-01, -9.90184397e-02,  3.92269254e-01,  3.54808033e-01,
          -5.04374921e-01, -7.91041672e-01, -2.08292156e-01, -1.43307194e-01,
          -6.74041033e-01,  1.88188642e-01,  2.03831553e-01, -7.45086193e-01,
           1.46720171e-01, -3.74998778e-01,  1.19870007e+00,  3.43503833e-01,
          -5.22415340e-01,  9.05431688e-01, -1.50861168e+00,  1.15699303e+00,
          -3.19143653e-01, -1.73510134e+00, -1.13196099e+00, -1.06555474e+00,
           5.55842519e-01, -1.60541749e+00,  1.09262478e+00, -5.26344061e-01,
           1.56769228e+00, -1.35663226e-01, -2.81237423e-01, -5.18492877e-01,
           6.55333996e-01, -7.19531119e-01,  1.58027744e+00,  1.04364969e-01,
          -1.33785701e+00, -3.13721389e-01,  1.96330681e-01, -2.36348915e+00,
           1.05730879e+00,  7.27967560e-01, -3.72653246e-01, -6.52787030e-01,
           8.96829069e-02, -1.30085444e+00,  3.90999466e-01,  3.51390019e-02,
           4.38628107e-01, -2.28966638e-01, -6.45653725e-01,  1.00920707e-01,
           1.20589837e-01, -3.78292471e-01, -4.74457413e-01, -4.01082963e-01,
          -9.80527103e-01, -1.15367723e+00,  1.06486869e+00,  1.01262987e+00,
           8.36189270e-01,  1.96845198e+00,  9.75634217e-01,  2.12395668e+00,
           7.57059157e-01,  2.53864121e+00,  2.20994854e+00,  2.14458108e+00,
           9.04935822e-02, -1.57738674e+00, -5.16317844e-01, -1.06147587e+00,
          -9.21814889e-02, -3.68430674e-01, -1.10501134e+00,  7.47871161e-01,
           4.61825937e-01, -8.11726511e-01, -1.66784018e-01, -1.24868250e+00,
           4.58294034e-01, -1.00090884e-01,  4.49607015e-01, -1.06975591e+00,
           5.92266440e-01, -7.88977861e-01,  4.68567878e-01, -9.16377485e-01,
           4.68493402e-01, -1.72293913e+00, -2.22233486e+00,  6.37215197e-01,
          -1.39080524e+00, -2.12707806e+00, -1.49846506e+00, -5.46701133e-01,
          -1.56129670e+00, -1.75102115e+00,  8.70226398e-02,  2.86932445e+00,
          -3.14335972e-01,  2.31310233e-01,  4.66277540e-01, -1.38918579e+00,
          -7.93238044e-01, -1.25958547e-01, -3.70465755e-01, -9.52184141e-01,
          -8.23540926e-01, -1.40317178e+00, -1.07868719e+00, -2.02927971e+00,
          -1.12169719e+00, -1.60887992e+00,  8.24211001e-01, -1.42576486e-01,
           1.10153937e+00,  5.06244540e-01, -9.22681987e-02, -2.38652140e-01,
           4.61855978e-01, -3.32290888e-01,  2.40212590e-01, -9.90731716e-01,
          -8.30870688e-01, -1.07426628e-01,  4.85063642e-02, -1.34484351e+00,
          -1.76584935e+00,  6.53731704e-01, -9.58731174e-01, -4.30467933e-01,
          -4.54176426e-01, -5.34499526e-01, -1.20957720e+00,  6.20320976e-01,
           1.65796429e-01, -1.11132711e-02, -1.71409273e+00,  6.33429289e-01,
          -6.80010319e-01,  3.19120377e-01, -7.74831846e-02, -3.64458680e-01,
          -5.25315046e-01,  1.03276782e-02, -5.78339994e-01, -9.66755271e-01,
          -1.02871168e+00, -3.54068458e-01,  1.77553609e-01, -7.16427624e-01,
          -5.85769832e-01, -6.52318180e-01, -8.47462237e-01, -1.01849151e+00,
          -2.48286605e-01, -5.22488236e-01, -1.72819167e-01, -4.75762069e-01,
          -1.11664701e+00, -2.33585194e-01, -4.95125890e-01, -9.26757753e-01,
          -1.11661637e+00, -1.86862603e-01,  1.14081502e-01, -9.55677867e-01,
          -1.26289964e+00, -2.88871765e-01,  1.56040162e-01, -3.25419813e-01,
          -1.31820798e-01, -4.09584224e-01, -1.31388575e-01,  3.43462259e-01,
          -6.10668838e-01, -7.63705730e-01, -2.08967134e-01, -7.40192011e-02,
          -4.46158260e-01, -3.18582505e-01, -6.14227533e-01,  1.12977326e+00,
          -9.26631391e-02, -9.22439754e-01, -8.55542600e-01,  5.79843283e-01,
          -2.65893817e-01, -5.20638406e-01, -1.76571935e-01,  8.51613343e-01,
          -2.10264355e-01, -5.88133395e-01, -1.07738245e+00, -7.38344073e-01,
          -7.09636331e-01, -7.86836505e-01, -1.30056226e+00, -3.88053447e-01,
          -7.41654485e-02, -7.18505263e-01, -6.85951889e-01, -5.27323842e-01,
          -6.45537615e-01, -2.41612822e-01, -5.76164782e-01, -7.40577519e-01,
          -1.05979681e+00, -4.19532537e-01, -3.94093484e-01,  2.30639994e-01,
           3.82042490e-03, -9.40315723e-01, -9.08128977e-01, -5.40369451e-01,
          -8.50941837e-01,  4.46068496e-01, -7.28995323e-01, -3.36987168e-01,
          -7.12564349e-01, -4.89957005e-01, -3.54612917e-01, -7.11766854e-02,
          -5.98268509e-01, -8.14124718e-02, -7.74527311e-01, -2.74719000e-01,
          -6.54380739e-01, -6.23022974e-01,  3.85138728e-02, -1.60544896e+00,
          -1.03176630e+00,  2.40714893e-01, -1.30465925e+00, -4.80876267e-01,
          -9.24678370e-02, -1.39826268e-01, -2.53851861e-01, -1.18494463e+00,
           2.44409040e-01, -1.89414397e-01,  9.18877125e-01, -1.25911665e+00,
          -1.18994236e+00,  7.94570819e-02,  6.14500307e-02,  2.82372862e-01,
           1.42587479e-02, -5.01231432e-01, -9.81203735e-01, -4.06533033e-01,
          -6.95371151e-01,  1.45966504e-02, -7.62185156e-01, -9.17778492e-01,
          -1.48652375e+00,  3.07522118e-01,  3.45103920e-01, -3.62539619e-01,
           5.11513770e-01,  2.16100737e-01, -4.62392062e-01, -5.67831159e-01,
          -7.58737743e-01, -2.90412366e-01, -6.37579620e-01,  7.12415278e-01,
          -1.29544705e-01,  1.41560066e+00,  1.38842154e+00,  1.91151428e+00,
           1.90035963e+00,  4.47954774e-01, -8.51255000e-01, -2.26810127e-01,
          -1.14869785e+00, -8.76702905e-01, -1.40043616e+00, -1.17673302e+00,
          -7.69762099e-01, -6.29830599e-01, -1.44573092e+00, -1.08897519e+00,
           3.30682434e-02, -1.09556746e+00, -1.60968137e+00, -1.03733444e+00,
          -3.41510981e-01,  1.33700645e+00,  1.08053231e+00,  5.60513318e-01,
          -1.25146106e-01, -1.17135453e+00,  5.15408814e-01,  6.66997254e-01,
           1.35322309e+00, -6.02181673e-01,  1.37191796e+00,  1.40311372e+00,
           2.26510242e-01,  2.11842275e+00,  1.92875063e+00,  1.26225436e+00,
           9.30841863e-01, -9.04642045e-02,  2.02099681e+00,  1.56890714e+00,
           1.28608584e+00, -1.54201245e+00, -1.17259967e+00, -1.30029714e+00,
          -1.05622768e+00, -1.83997941e+00, -1.53873706e+00, -4.15792853e-01,
          -1.97201216e+00, -1.43583286e+00,  6.72395304e-02,  3.75155449e-01,
           1.33297229e+00, -3.90174687e-01, -9.22594786e-01, -6.22404575e-01,
          -1.91997886e+00, -2.42806599e-03, -5.48035562e-01, -1.93926430e+00,
          -1.30388629e+00, -1.13108575e+00, -1.81658149e+00, -1.46514487e+00,
          -8.48187745e-01, -1.83322620e+00, -1.76696658e+00, -1.18932915e+00,
          -2.49199939e+00, -1.65473974e+00, -1.81645083e+00, -1.41061366e+00,
          -1.75376356e+00, -1.31140769e+00, -1.90684640e+00, -1.80296063e+00,
          -3.07810813e-01, -2.60297626e-01, -7.37077221e-02,  3.51475030e-02,
          -6.60687149e-01,  4.26406056e-01, -2.18547925e-01, -4.80365098e-01,
          -1.86928999e+00, -6.76624954e-01, -9.50940609e-01, -4.71241117e-01,
          -5.04567087e-01, -9.26640928e-01, -3.28566968e-01, -1.35379016e+00,
          -9.46903050e-01, -6.90918982e-01, -5.98312557e-01, -1.11187911e+00,
          -8.54402065e-01, -3.28563839e-01, -5.09199619e-01, -1.44097519e+00,
          -2.21511364e-01, -1.15447628e+00, -4.83805060e-01, -6.68775141e-01,
          -1.09445202e+00, -9.37018394e-01, -1.54073477e+00, -1.45155764e+00,
          -2.03812432e+00,  7.02911496e-01, -8.44461322e-01,  6.94445670e-01,
          -2.24091277e-01, -2.10398674e+00, -3.78289819e-01,  9.32722569e-01,
          -1.88916504e+00, -1.51773930e+00, -1.82112321e-01,  4.74469781e-01,
          -4.47102219e-01, -2.85997093e-01, -2.12353677e-01, -4.80544537e-01,
          -2.62873501e-01,  1.48995602e+00, -5.54726362e-01, -3.23313087e-01,
          -1.84169042e+00,  2.84920096e+00, -8.53223443e-01,  1.49196541e+00,
           6.03887022e-01,  9.48346853e-01,  1.23009884e+00, -1.72007835e+00,
           1.76121318e+00,  3.76957506e-01,  3.04975820e+00,  1.89619648e+00,
           1.10323697e-01,  4.58311141e-01,  2.60212086e-02, -3.58389735e-01,
           1.83159173e-01,  3.27480733e-01,  1.43373537e+00, -7.65515745e-01,
          -3.92170578e-01, -1.24613851e-01, -5.66360533e-01,  9.17429626e-02,
           4.04968649e-01,  3.60848874e-01,  1.22636950e+00,  1.63712442e+00,
          -5.40890634e-01, -3.66999060e-01,  1.38119209e+00,  3.21775615e-01,
          -1.71866596e-01,  1.29085827e+00, -3.21406573e-01,  1.97430730e+00,
          -1.00768888e+00, -3.87409806e-01,  3.17843056e+00, -1.42157763e-01,
          -4.30784702e-01, -2.18099028e-01, -5.51868856e-01,  1.22693920e+00,
           8.55596811e-02,  4.72689748e-01, -1.24664295e+00,  4.18658376e-01,
           3.20066869e-01,  1.12949717e+00, -5.84819317e-02,  2.29693234e-01,
          -1.22383463e+00, -1.26807362e-01,  2.40687776e+00, -3.24591041e-01,
           1.27090490e+00,  1.71959853e+00, -7.21589327e-01, -1.97077787e+00,
          -1.11516498e-01,  1.37017980e-01,  9.78519320e-01, -1.21440232e+00,
          -6.25225246e-01,  1.33441901e+00, -6.70321345e-01,  6.72517300e-01,
          -1.61902428e+00,  2.95267433e-01,  3.28973502e-01, -7.34950900e-01,
           2.38835287e+00,  1.66103470e+00,  1.10469723e+00, -1.49623144e+00,
          -9.39906240e-01,  1.32428849e+00,  2.74425030e-01,  2.27226114e+00,
           2.71527559e-01,  3.62518609e-01,  1.15776002e+00, -6.53900146e-01,
           1.04663324e+00,  1.13027191e+00,  7.45685935e-01,  5.42993546e-01,
           7.99401283e-01,  5.15126735e-02, -1.79687351e-01,  2.73257136e+00,
          -2.74047494e+00,  1.66106503e-03, -9.43028092e-01,  4.93241400e-01,
           3.94423038e-01,  1.35342509e-01, -1.87990904e+00,  1.74397290e+00,
           1.24246633e+00, -2.26330495e+00, -9.07405019e-01, -8.20104778e-01,
           1.02060342e+00, -7.47510612e-01, -3.91606510e-01, -4.51329678e-01,
          -1.26882839e+00,  3.14393848e-01,  1.20361291e-01, -3.91091347e-01,
          -3.13571870e-01, -2.88460582e-01, -1.11681461e+00, -1.45802766e-01,
          -6.55063868e-01, -6.63094580e-01,  5.03979743e-01,  1.24904335e+00,
          -1.19530022e-01, -2.03435764e-01,  1.98212862e+00,  1.04868245e+00,
           8.11298043e-02,  5.87035120e-01,  2.28106451e+00, -1.52780175e+00,
          -1.34204876e+00, -5.81504107e-01,  1.02606058e-01,  3.15690494e+00,
          -2.35376388e-01, -1.31515825e+00,  1.52649331e+00, -5.16754448e-01,
          -1.03152525e+00,  1.06593347e+00, -2.41721064e-01, -1.93390107e+00,
           8.95066738e-01,  3.57623744e+00, -9.51056361e-01, -1.49813786e-01,
           9.69072044e-01,  1.97076714e+00,  3.14921170e-01, -7.24645257e-01,
           4.64682627e+00,  1.12427533e+00,  7.21434832e-01,  4.72928435e-01,
          -1.25067794e+00, -6.28389597e-01,  1.73579895e+00,  1.91794991e+00,
          -3.38569172e-02,  4.95033354e-01, -1.25104308e+00,  2.60358781e-01,
          -3.92566085e-01, -1.98189020e+00, -3.56621891e-02, -3.86834085e-01,
           9.85204875e-01, -1.41413748e+00,  2.98252583e-01, -1.32477236e+00,
          -1.65370893e+00,  4.92769241e-01,  2.15894669e-01,  3.68894935e-01,
           2.38828272e-01, -1.85722157e-01, -2.25955820e+00, -7.27066547e-02,
           1.68690455e+00,  6.36290312e-01, -7.89680600e-01,  2.03596044e+00,
           1.99195099e+00,  6.60851419e-01,  1.32698357e+00,  4.37066317e+00,
           7.61286616e-01,  9.91691351e-01, -3.00831884e-01, -1.22701991e+00,
           1.84937131e+00,  3.68970245e-01,  1.08687961e+00,  2.03743458e+00,
           2.08358097e+00,  5.21652326e-02,  1.07700026e+00, -1.95640814e+00,
           1.72649956e+00,  2.37005043e+00,  7.64834940e-01, -6.89371765e-01,
           1.46838951e+00, -1.10283089e+00,  7.47959912e-01,  7.19611406e-01,
          -9.64394808e-01,  4.10298944e-01,  4.27698165e-01,  1.15413558e+00,
           1.69207633e+00,  2.96986401e-01,  2.06545877e+00,  2.47483516e+00,
           2.16954422e+00,  1.96648285e-01,  1.22203648e+00,  2.93047762e+00,
          -6.10262275e-01, -1.17068291e+00,  2.17326283e+00,  2.45024025e-01,
          -1.45432854e+00,  1.43690956e+00,  2.32957631e-01,  3.75766337e-01,
           4.02947044e+00,  1.09010816e+00, -1.74735439e+00,  5.98940670e-01,
           1.98407662e+00,  3.98366272e-01, -2.86336720e-01, -1.05666518e-01,
          -8.48263979e-01, -1.29264221e-01, -1.16379273e+00, -3.32441598e-01,
           2.14017630e+00, -1.51451480e+00, -1.99250087e-01,  6.58801377e-01,
           2.02466178e+00, -2.00098538e+00,  1.61790562e+00,  3.98398519e+00,
          -7.35637367e-01, -1.34897426e-01, -6.94251180e-01,  7.34372914e-01,
          -4.19880956e-01,  1.20420372e+00, -3.64006579e-01,  3.03620964e-01,
           3.88597667e-01, -1.37677848e+00,  1.69598639e+00, -9.31029737e-01,
           2.47317839e+00, -4.83848423e-01, -6.62798360e-02,  2.87838012e-01,
          -7.20580339e-01,  2.46503782e+00, -1.63338602e-01, -1.22742236e+00,
          -7.76196420e-01,  1.42726946e+00,  2.68324465e-01, -7.31974393e-02,
          -8.69855642e-01,  1.64653373e+00,  1.16724908e-01,  3.62183541e-01,
           1.40387380e+00,  1.86797631e+00, -8.00259471e-01,  7.95563340e-01,
          -2.37862602e-01,  8.60971987e-01,  1.53769150e-01, -1.89898944e+00,
           2.55006528e+00, -2.61411369e-02, -3.54579473e+00,  6.76036179e-02,
           1.80421448e+00,  8.86177480e-01, -1.08000612e+00,  1.31300795e+00,
           1.90450239e+00, -2.14911342e-01, -1.30659270e+00,  2.03986526e-01,
           2.23636794e+00,  1.20713830e+00,  3.71147841e-01, -1.05807531e+00,
           1.48249590e+00, -8.85631025e-01, -7.28551865e-01,  1.48417139e+00,
           5.08303106e-01,  2.31237936e+00,  5.77668548e-01,  1.19868159e+00,
           1.13692331e+00,  9.40628052e-01,  8.27297151e-01, -9.95253026e-01,
           8.07463676e-02, -1.19826567e+00,  1.22883968e-01,  3.35228413e-01,
           3.28008592e-01,  1.27158666e+00,  1.93756866e+00,  5.78740686e-02,
          -2.13581061e+00,  6.78030372e-01,  3.70152853e-03,  4.64268118e-01,
           9.20485795e-01,  8.39062855e-02, -1.59479761e+00,  1.87672961e+00,
           3.46210063e-01,  1.53896236e+00, -9.57120776e-01,  1.30972400e-01,
          -4.51536216e-02,  7.09736422e-02,  3.69960696e-01, -1.66849005e+00,
          -3.56432140e-01,  2.32016444e+00, -1.40462264e-01, -1.21931091e-01,
           1.50092828e+00,  1.14408863e+00,  1.82849956e+00,  8.18049073e-01,
           2.06126189e+00,  2.05608439e+00,  8.49646568e-01, -4.59690958e-01,
           5.89734554e-01,  3.61963415e+00,  1.79078889e+00, -1.12061501e+00,
           6.74405932e-01, -6.67879224e-01,  2.60161519e-01,  9.45706367e-01,
           2.42558002e+00,  1.94508338e+00, -1.45254743e+00,  1.50282776e+00,
           1.61124086e+00, -1.62787929e-01,  6.94490254e-01,  1.53365660e+00,
          -9.70871866e-01,  1.57014441e+00, -6.03497207e-01,  2.06917787e+00,
           1.89625001e+00,  9.05409336e-01, -5.44707358e-01, -4.25140917e-01,
           2.71437854e-01,  1.72063482e+00,  9.67001796e-01, -9.06608880e-01,
          -5.82141519e-01,  5.04679263e-01,  2.97663736e+00,  1.62927723e+00,
           2.68426061e+00,  6.42651916e-01, -2.35759065e-01,  4.01402622e-01,
          -1.13335204e+00,  2.83751106e+00, -2.54223377e-01,  1.45590544e-01,
           1.35421944e+00,  6.45982623e-01,  3.78601313e+00,  1.20834947e+00,
           8.57876003e-01,  8.20728123e-01,  1.90000546e+00,  2.65683699e+00,
          -7.28118896e-01, -1.48011315e+00, -3.47099379e-02,  4.67816204e-01,
           1.41464627e+00, -2.42131054e-01, -8.36372674e-02,  1.56311989e+00,
          -1.45576882e+00, -1.13740101e-01,  1.37911475e+00,  2.10307527e+00,
           9.64117885e-01,  1.28604555e+00,  7.43462071e-02,  1.47689271e+00,
           5.95553875e-01, -3.60117584e-01,  1.89799035e+00,  2.71201730e-01,
          -1.49176979e+00, -1.22044337e+00, -8.35243821e-01,  1.68663934e-01,
           4.71016437e-01, -9.96057808e-01,  1.36741400e+00,  7.05228984e-01,
           2.36453509e+00, -1.84566295e+00, -3.04591060e-01,  1.22879815e+00,
          -1.34640634e+00, -5.63555360e-01,  1.02505338e+00, -1.25563765e+00,
          -1.33820876e-01, -1.31225977e-02,  1.27677500e-01, -8.30630422e-01,
           1.59095180e+00, -5.45829415e-01, -3.11612010e-01, -1.60274953e-01,
           3.27399325e+00,  2.17938995e+00,  1.54106450e+00, -1.20036924e+00,
           1.60926211e+00, -3.07576388e-01, -5.16550124e-01,  3.74065709e+00,
           6.40784085e-01, -1.15464532e+00,  1.59008610e+00,  1.28759861e+00,
          -2.67700315e+00, -6.78319097e-01,  2.02953935e-01, -6.90145642e-02,
           1.64164808e-02,  1.03983057e+00,  8.58286545e-02, -1.34348655e+00,
          -1.02888155e+00, -1.82178712e+00, -1.39611328e+00, -1.18046142e-01,
           2.37408328e+00, -2.32265994e-01, -2.68547475e-01,  7.53751993e-02,
           1.10216713e+00, -6.82588577e-01, -2.07869363e+00, -1.67334285e-02,
           1.41122806e+00,  2.72579223e-01, -3.82330984e-01,  1.29164302e+00,
           1.74632147e-01,  5.78956306e-01,  1.27792299e+00,  9.29384589e-01,
           8.63531977e-02,  2.78314233e+00,  2.91364729e-01, -3.91693443e-01,
          -8.49019945e-01,  4.72583860e-01, -1.22063136e+00,  2.00377647e-02,
           3.66081142e+00,  2.01529074e+00,  2.20773792e+00, -5.41239798e-01,
           1.68524587e+00,  1.78719413e+00,  1.54640222e+00,  5.99993885e-01,
          -4.02769387e-01, -3.22729826e-01,  1.31767511e+00,  4.17438984e-01,
           7.06215906e+00,  5.10769701e+00,  2.13132477e+00, -3.84898275e-01,
           5.53464293e-01, -5.56979515e-02,  6.76660657e-01,  2.31429267e+00,
          -1.49747956e+00, -1.93691468e+00, -9.29928944e-02, -1.93652713e+00,
           1.69403839e+00, -3.81964236e-01, -1.06061429e-01,  4.23430771e-01,
           8.42419446e-01,  2.25602221e+00,  2.69962072e-01, -7.28321791e-01,
          -2.31544352e+00,  6.42835498e-01, -1.09635067e+00, -1.20807683e+00,
          -1.51895261e+00,  1.72662973e-01, -8.90440047e-01, -1.41210949e+00,
          -1.00882578e+00, -2.39178991e+00, -1.06048667e+00, -1.40025675e+00,
          -1.70264149e+00, -2.05315876e+00, -1.29539895e+00, -2.25444347e-01,
          -1.18626869e+00, -1.08953857e+00, -5.41558444e-01, -3.61357033e-01,
          -2.81860089e+00, -6.69094861e-01, -1.65766346e+00, -1.25164366e+00,
           4.51507747e-01,  1.07378578e+00,  4.72601615e-02, -4.92215008e-01,
          -6.96368933e-01, -4.54280734e-01, -5.94976902e-01, -1.85611951e+00,
          -1.67155802e+00, -1.59907669e-01, -1.15517485e+00, -1.97821748e+00,
          -1.52328455e+00, -1.31332970e+00, -1.03706002e+00, -1.38846660e+00,
          -1.69173360e+00, -1.68554115e+00,  1.63846517e+00, -7.25303054e-01,
           5.13038218e-01, -2.01478481e-01, -1.43336940e+00,  2.10928941e+00,
          -1.46529973e+00, -1.27943313e+00,  7.35480070e-01, -4.28355411e-02,
          -1.68912709e+00,  5.71298122e-01, -9.62501317e-02, -2.12318969e+00,
           2.18781695e-01,  5.70921302e-02, -3.02708507e-01, -8.15191150e-01,
          -7.07828641e-01,  2.63597369e-01, -1.31620038e+00, -3.36902201e-01,
          -1.01172817e+00,  4.58874017e-01, -1.26748168e+00, -1.75584352e+00,
          -1.40330243e+00, -2.48324275e+00, -1.85289109e+00, -1.23751044e+00,
          -1.30280554e+00, -2.25566030e+00, -3.49549279e-02,  1.14280319e+00]]],
       device='cuda:0')
PGD attack margin (first 2 examples and 10 specs):
 tensor([[[0.68792605]]], device='cuda:0')
number of violation:  0
Attack finished in 7.6869 seconds.
PGD attack failed
verified_status unknown
verified_success False
Total VNNLIB file length: 1, max property batch size: 1, total number of batches: 1

Properties batch 0, size 1
Remaining timeout: 1154.3765676021576
Verifying property 0 with 1 instances.
torch allclose failed: norm 8.889588571037166e-06
Model: BoundedModule(
  (/input-1): BoundInput(name=/input-1, inputs=[], perturbed=True)
  (/33): BoundParams(name=/33, inputs=[], perturbed=False)
  (/34): BoundParams(name=/34, inputs=[], perturbed=False)
  (/35): BoundParams(name=/35, inputs=[], perturbed=False)
  (/36): BoundParams(name=/36, inputs=[], perturbed=False)
  (/37): BoundParams(name=/37, inputs=[], perturbed=False)
  (/38): BoundParams(name=/38, inputs=[], perturbed=False)
  (/39): BoundParams(name=/39, inputs=[], perturbed=False)
  (/40): BoundParams(name=/40, inputs=[], perturbed=False)
  (/41): BoundParams(name=/41, inputs=[], perturbed=False)
  (/42): BoundParams(name=/42, inputs=[], perturbed=False)
  (/43): BoundParams(name=/43, inputs=[], perturbed=False)
  (/44): BoundParams(name=/44, inputs=[], perturbed=False)
  (/45): BoundParams(name=/45, inputs=[], perturbed=False)
  (/46): BoundParams(name=/46, inputs=[], perturbed=False)
  (/47): BoundParams(name=/47, inputs=[], perturbed=False)
  (/48): BoundParams(name=/48, inputs=[], perturbed=False)
  (/49): BoundParams(name=/49, inputs=[], perturbed=False)
  (/50): BoundParams(name=/50, inputs=[], perturbed=False)
  (/51): BoundParams(name=/51, inputs=[], perturbed=False)
  (/52): BoundParams(name=/52, inputs=[], perturbed=False)
  (/53): BoundParams(name=/53, inputs=[], perturbed=False)
  (/54): BoundParams(name=/54, inputs=[], perturbed=False)
  (/55): BoundParams(name=/55, inputs=[], perturbed=False)
  (/56): BoundParams(name=/56, inputs=[], perturbed=False)
  (/57): BoundParams(name=/57, inputs=[], perturbed=False)
  (/58): BoundParams(name=/58, inputs=[], perturbed=False)
  (/59): BoundParams(name=/59, inputs=[], perturbed=False)
  (/60): BoundParams(name=/60, inputs=[], perturbed=False)
  (/61): BoundParams(name=/61, inputs=[], perturbed=False)
  (/62): BoundParams(name=/62, inputs=[], perturbed=False)
  (/63): BoundParams(name=/63, inputs=[], perturbed=False)
  (/64): BoundParams(name=/64, inputs=[], perturbed=False)
  (/input): BoundConv(name=/input, inputs=[/input-1, /33, /34], perturbed=True)
  (/66): BoundRelu(name=/66, inputs=[/input], perturbed=True)
  (/input-4): BoundConv(name=/input-4, inputs=[/66, /35, /36], perturbed=True)
  (/68): BoundRelu(name=/68, inputs=[/input-4], perturbed=True)
  (/input-12): BoundConv(name=/input-12, inputs=[/input-8/add_3_4, /37, /38], perturbed=True)
  (/71): BoundRelu(name=/71, inputs=[/input-12], perturbed=True)
  (/input-16): BoundConv(name=/input-16, inputs=[/71, /39, /40], perturbed=True)
  (/73): BoundRelu(name=/73, inputs=[/input-16], perturbed=True)
  (/input-24): BoundConv(name=/input-24, inputs=[/input-20/add_3_4, /41, /42], perturbed=True)
  (/76): BoundRelu(name=/76, inputs=[/input-24], perturbed=True)
  (/input-28): BoundConv(name=/input-28, inputs=[/76, /43, /44], perturbed=True)
  (/78): BoundRelu(name=/78, inputs=[/input-28], perturbed=True)
  (/input-32): BoundConv(name=/input-32, inputs=[/78, /45, /46], perturbed=True)
  (/80): BoundRelu(name=/80, inputs=[/input-32], perturbed=True)
  (/input-40): BoundConv(name=/input-40, inputs=[/input-36/add_3_4, /47, /48], perturbed=True)
  (/83): BoundRelu(name=/83, inputs=[/input-40], perturbed=True)
  (/input-44): BoundConv(name=/input-44, inputs=[/83, /49, /50], perturbed=True)
  (/85): BoundRelu(name=/85, inputs=[/input-44], perturbed=True)
  (/input-48): BoundConv(name=/input-48, inputs=[/85, /51, /52], perturbed=True)
  (/87): BoundRelu(name=/87, inputs=[/input-48], perturbed=True)
  (/input-56): BoundConv(name=/input-56, inputs=[/input-52/add_3_4, /53, /54], perturbed=True)
  (/90): BoundRelu(name=/90, inputs=[/input-56], perturbed=True)
  (/input-60): BoundConv(name=/input-60, inputs=[/90, /55, /56], perturbed=True)
  (/92): BoundRelu(name=/92, inputs=[/input-60], perturbed=True)
  (/input-64): BoundConv(name=/input-64, inputs=[/92, /57, /58], perturbed=True)
  (/94): BoundRelu(name=/94, inputs=[/input-64], perturbed=True)
  (/96): BoundFlatten(name=/96, inputs=[/95/add_3_4], perturbed=True)
  (/input-68): BoundLinear(name=/input-68, inputs=[/96, /59, /60], perturbed=True)
  (/98): BoundRelu(name=/98, inputs=[/input-68], perturbed=True)
  (/99): BoundFlatten(name=/99, inputs=[/98], perturbed=True)
  (/input-72): BoundLinear(name=/input-72, inputs=[/99, /61, /62], perturbed=True)
  (/101): BoundRelu(name=/101, inputs=[/input-72], perturbed=True)
  (/102): BoundFlatten(name=/102, inputs=[/101], perturbed=True)
  (/103): BoundLinear(name=/103, inputs=[/102, /63, /64], perturbed=True)
  (/input-8/conv_1): BoundConv(name=/input-8/conv_1, inputs=[/68, /input-8/conv_1_w], perturbed=True)
  (/input-8/conv_1_relu): BoundRelu(name=/input-8/conv_1_relu, inputs=[/input-8/conv_1], perturbed=True)
  (/input-8/conv_1_w): BoundParams(name=/input-8/conv_1_w, inputs=[], perturbed=False)
  (/input-8/conv_2): BoundConv(name=/input-8/conv_2, inputs=[/68, /input-8/conv_2_w], perturbed=True)
  (/input-8/conv_2_w): BoundParams(name=/input-8/conv_2_w, inputs=[], perturbed=False)
  (/input-8/conv_3): BoundConv(name=/input-8/conv_3, inputs=[/input-8/add_1_2, /input-8/conv_3_w], perturbed=True)
  (/input-8/conv_3_relu): BoundRelu(name=/input-8/conv_3_relu, inputs=[/input-8/conv_3], perturbed=True)
  (/input-8/conv_3_w): BoundParams(name=/input-8/conv_3_w, inputs=[], perturbed=False)
  (/input-8/conv_4): BoundConv(name=/input-8/conv_4, inputs=[/input-8/add_1_2, /input-8/conv_4_w], perturbed=True)
  (/input-8/conv_4_w): BoundParams(name=/input-8/conv_4_w, inputs=[], perturbed=False)
  (/input-8/add_1_2): BoundAdd(name=/input-8/add_1_2, inputs=[/input-8/conv_1_relu, /input-8/conv_2], perturbed=True)
  (/input-8/add_3_4): BoundAdd(name=/input-8/add_3_4, inputs=[/input-8/conv_3_relu, /input-8/conv_4], perturbed=True)
  (/input-20/conv_1): BoundConv(name=/input-20/conv_1, inputs=[/73, /input-20/conv_1_w], perturbed=True)
  (/input-20/conv_1_relu): BoundRelu(name=/input-20/conv_1_relu, inputs=[/input-20/conv_1], perturbed=True)
  (/input-20/conv_1_w): BoundParams(name=/input-20/conv_1_w, inputs=[], perturbed=False)
  (/input-20/conv_2): BoundConv(name=/input-20/conv_2, inputs=[/73, /input-20/conv_2_w], perturbed=True)
  (/input-20/conv_2_w): BoundParams(name=/input-20/conv_2_w, inputs=[], perturbed=False)
  (/input-20/conv_3): BoundConv(name=/input-20/conv_3, inputs=[/input-20/add_1_2, /input-20/conv_3_w], perturbed=True)
  (/input-20/conv_3_relu): BoundRelu(name=/input-20/conv_3_relu, inputs=[/input-20/conv_3], perturbed=True)
  (/input-20/conv_3_w): BoundParams(name=/input-20/conv_3_w, inputs=[], perturbed=False)
  (/input-20/conv_4): BoundConv(name=/input-20/conv_4, inputs=[/input-20/add_1_2, /input-20/conv_4_w], perturbed=True)
  (/input-20/conv_4_w): BoundParams(name=/input-20/conv_4_w, inputs=[], perturbed=False)
  (/input-20/add_1_2): BoundAdd(name=/input-20/add_1_2, inputs=[/input-20/conv_1_relu, /input-20/conv_2], perturbed=True)
  (/input-20/add_3_4): BoundAdd(name=/input-20/add_3_4, inputs=[/input-20/conv_3_relu, /input-20/conv_4], perturbed=True)
  (/input-36/conv_1): BoundConv(name=/input-36/conv_1, inputs=[/80, /input-36/conv_1_w], perturbed=True)
  (/input-36/conv_1_relu): BoundRelu(name=/input-36/conv_1_relu, inputs=[/input-36/conv_1], perturbed=True)
  (/input-36/conv_1_w): BoundParams(name=/input-36/conv_1_w, inputs=[], perturbed=False)
  (/input-36/conv_2): BoundConv(name=/input-36/conv_2, inputs=[/80, /input-36/conv_2_w], perturbed=True)
  (/input-36/conv_2_w): BoundParams(name=/input-36/conv_2_w, inputs=[], perturbed=False)
  (/input-36/conv_3): BoundConv(name=/input-36/conv_3, inputs=[/input-36/add_1_2, /input-36/conv_3_w], perturbed=True)
  (/input-36/conv_3_relu): BoundRelu(name=/input-36/conv_3_relu, inputs=[/input-36/conv_3], perturbed=True)
  (/input-36/conv_3_w): BoundParams(name=/input-36/conv_3_w, inputs=[], perturbed=False)
  (/input-36/conv_4): BoundConv(name=/input-36/conv_4, inputs=[/input-36/add_1_2, /input-36/conv_4_w], perturbed=True)
  (/input-36/conv_4_w): BoundParams(name=/input-36/conv_4_w, inputs=[], perturbed=False)
  (/input-36/add_1_2): BoundAdd(name=/input-36/add_1_2, inputs=[/input-36/conv_1_relu, /input-36/conv_2], perturbed=True)
  (/input-36/add_3_4): BoundAdd(name=/input-36/add_3_4, inputs=[/input-36/conv_3_relu, /input-36/conv_4], perturbed=True)
  (/input-52/conv_1): BoundConv(name=/input-52/conv_1, inputs=[/87, /input-52/conv_1_w], perturbed=True)
  (/input-52/conv_1_relu): BoundRelu(name=/input-52/conv_1_relu, inputs=[/input-52/conv_1], perturbed=True)
  (/input-52/conv_1_w): BoundParams(name=/input-52/conv_1_w, inputs=[], perturbed=False)
  (/input-52/conv_2): BoundConv(name=/input-52/conv_2, inputs=[/87, /input-52/conv_2_w], perturbed=True)
  (/input-52/conv_2_w): BoundParams(name=/input-52/conv_2_w, inputs=[], perturbed=False)
  (/input-52/conv_3): BoundConv(name=/input-52/conv_3, inputs=[/input-52/add_1_2, /input-52/conv_3_w], perturbed=True)
  (/input-52/conv_3_relu): BoundRelu(name=/input-52/conv_3_relu, inputs=[/input-52/conv_3], perturbed=True)
  (/input-52/conv_3_w): BoundParams(name=/input-52/conv_3_w, inputs=[], perturbed=False)
  (/input-52/conv_4): BoundConv(name=/input-52/conv_4, inputs=[/input-52/add_1_2, /input-52/conv_4_w], perturbed=True)
  (/input-52/conv_4_w): BoundParams(name=/input-52/conv_4_w, inputs=[], perturbed=False)
  (/input-52/add_1_2): BoundAdd(name=/input-52/add_1_2, inputs=[/input-52/conv_1_relu, /input-52/conv_2], perturbed=True)
  (/input-52/add_3_4): BoundAdd(name=/input-52/add_3_4, inputs=[/input-52/conv_3_relu, /input-52/conv_4], perturbed=True)
  (/95/conv_1): BoundConv(name=/95/conv_1, inputs=[/94, /95/conv_1_w], perturbed=True)
  (/95/conv_1_relu): BoundRelu(name=/95/conv_1_relu, inputs=[/95/conv_1], perturbed=True)
  (/95/conv_1_w): BoundParams(name=/95/conv_1_w, inputs=[], perturbed=False)
  (/95/conv_2): BoundConv(name=/95/conv_2, inputs=[/94, /95/conv_2_w], perturbed=True)
  (/95/conv_2_w): BoundParams(name=/95/conv_2_w, inputs=[], perturbed=False)
  (/95/conv_3): BoundConv(name=/95/conv_3, inputs=[/95/add_1_2, /95/conv_3_w], perturbed=True)
  (/95/conv_3_relu): BoundRelu(name=/95/conv_3_relu, inputs=[/95/conv_3], perturbed=True)
  (/95/conv_3_w): BoundParams(name=/95/conv_3_w, inputs=[], perturbed=False)
  (/95/conv_4): BoundConv(name=/95/conv_4, inputs=[/95/add_1_2, /95/conv_4_w], perturbed=True)
  (/95/conv_4_w): BoundParams(name=/95/conv_4_w, inputs=[], perturbed=False)
  (/95/add_1_2): BoundAdd(name=/95/add_1_2, inputs=[/95/conv_1_relu, /95/conv_2], perturbed=True)
  (/95/add_3_4): BoundAdd(name=/95/add_3_4, inputs=[/95/conv_3_relu, /95/conv_4], perturbed=True)
)
Model prediction is: tensor([ 6.73397109e-02,  2.00978065e+00, -8.06486428e-01, -8.35692883e-01,
        -1.04503024e+00,  3.08130503e-01, -5.91604829e-01, -1.56363046e+00,
        -1.53181624e+00, -1.31260157e+00, -6.59279168e-01,  1.47613958e-01,
         1.50101528e-01, -1.51539400e-01,  3.71817142e-01,  3.41837287e-01,
        -5.02156794e-01, -8.27173591e-01, -2.42921442e-01, -1.94532529e-01,
        -6.71542406e-01,  1.74298510e-01,  1.70259431e-01, -7.88450181e-01,
         1.28837869e-01, -3.78958523e-01,  1.21096671e+00,  3.60787451e-01,
        -5.39033234e-01,  9.00850594e-01, -1.52513063e+00,  1.11392617e+00,
        -2.94293880e-01, -1.74597907e+00, -1.11148107e+00, -1.08266914e+00,
         5.41425467e-01, -1.63670111e+00,  1.12690389e+00, -5.84890127e-01,
         1.50588787e+00, -1.22232318e-01, -2.69102871e-01, -4.94437367e-01,
         6.34419262e-01, -7.31532395e-01,  1.51256490e+00,  9.52443555e-02,
        -1.41093194e+00, -3.22758853e-01,  1.68937936e-01, -2.34457040e+00,
         1.04146612e+00,  7.08397925e-01, -3.72334987e-01, -7.34379113e-01,
         6.23888336e-02, -1.30218410e+00,  3.46279532e-01,  4.97785658e-02,
         4.03430939e-01, -2.73353398e-01, -6.64658606e-01,  1.24717265e-01,
         9.47768167e-02, -3.71185154e-01, -4.45105880e-01, -4.30311739e-01,
        -9.44307685e-01, -1.15401781e+00,  1.03641617e+00,  1.00191915e+00,
         8.01674008e-01,  1.98164129e+00,  9.33076322e-01,  2.10229063e+00,
         7.12374151e-01,  2.48537660e+00,  2.21660733e+00,  2.11593604e+00,
         1.40078992e-01, -1.57014012e+00, -5.34200430e-01, -1.03341663e+00,
        -1.46906927e-01, -4.00221676e-01, -1.10088396e+00,  7.10120380e-01,
         4.48937327e-01, -8.79136384e-01, -1.81299493e-01, -1.24056041e+00,
         4.56335068e-01, -1.34295389e-01,  4.27001029e-01, -1.04427850e+00,
         5.59581816e-01, -8.21214497e-01,  5.30897975e-01, -9.18387353e-01,
         4.81146514e-01, -1.71858394e+00, -2.23227334e+00,  6.71660662e-01,
        -1.40208840e+00, -2.15996933e+00, -1.52118564e+00, -5.56295216e-01,
        -1.56237733e+00, -1.75880599e+00,  1.19065024e-01,  2.95783591e+00,
        -3.10281038e-01,  2.47591406e-01,  4.41391379e-01, -1.37866712e+00,
        -7.78204441e-01, -6.87607527e-02, -4.08915162e-01, -9.53672111e-01,
        -8.37796092e-01, -1.40868771e+00, -1.05963302e+00, -2.03565907e+00,
        -1.15597951e+00, -1.62342191e+00,  8.31023455e-01, -1.63386419e-01,
         1.13923156e+00,  5.31588733e-01, -8.56466144e-02, -2.52499133e-01,
         4.35046583e-01, -3.37499022e-01,  2.20859200e-01, -9.69603896e-01,
        -8.00091147e-01, -1.09142259e-01, -1.26525294e-02, -1.34689128e+00,
        -1.76696074e+00,  6.68478608e-01, -9.22883570e-01, -4.20428663e-01,
        -4.52981323e-01, -5.38043857e-01, -1.20857871e+00,  6.65254295e-01,
         2.05784425e-01,  7.93166459e-03, -1.73461795e+00,  6.10385418e-01,
        -6.59122705e-01,  2.94967175e-01, -9.89360437e-02, -3.86615515e-01,
        -5.44727623e-01, -5.90446964e-03, -5.66933393e-01, -9.79395509e-01,
        -1.01763284e+00, -3.66123974e-01,  1.39131099e-01, -7.14355350e-01,
        -5.90501547e-01, -6.38519466e-01, -8.49520624e-01, -9.81204331e-01,
        -2.47647941e-01, -5.48496246e-01, -1.92434207e-01, -5.00984132e-01,
        -1.13422835e+00, -2.33679250e-01, -5.36896944e-01, -8.99742246e-01,
        -1.13567472e+00, -1.93287119e-01,  8.45306665e-02, -9.77736175e-01,
        -1.28008342e+00, -2.70273983e-01,  1.24991715e-01, -3.25115412e-01,
        -1.37907073e-01, -4.10171777e-01, -1.26513898e-01,  3.53995562e-01,
        -5.78687072e-01, -7.64269292e-01, -1.81737468e-01, -7.93466941e-02,
        -4.81436878e-01, -3.23151886e-01, -5.81507802e-01,  1.09261787e+00,
        -1.06788002e-01, -9.28523779e-01, -8.58834207e-01,  5.59631705e-01,
        -2.72552431e-01, -5.42887032e-01, -2.01362103e-01,  8.01699460e-01,
        -2.39791721e-01, -6.07854009e-01, -1.06064129e+00, -7.59265542e-01,
        -7.34246910e-01, -8.22109759e-01, -1.28094411e+00, -3.93460721e-01,
        -1.08353809e-01, -7.49878824e-01, -6.92559183e-01, -5.52763402e-01,
        -6.57004654e-01, -2.87805110e-01, -6.02889419e-01, -7.65652061e-01,
        -1.02981305e+00, -4.04113263e-01, -4.16568667e-01,  2.35007405e-01,
         4.15722094e-03, -9.56265688e-01, -9.23224986e-01, -5.59334636e-01,
        -8.29079092e-01,  4.15826917e-01, -7.62606502e-01, -3.57664376e-01,
        -7.32015669e-01, -5.08489251e-01, -3.81660730e-01, -9.31350812e-02,
        -5.96408248e-01, -1.02980785e-01, -8.04346204e-01, -2.78469861e-01,
        -6.47597015e-01, -6.16728365e-01,  1.68347694e-02, -1.62186074e+00,
        -1.01852870e+00,  2.06054434e-01, -1.30374122e+00, -5.04365861e-01,
        -1.11834198e-01, -1.65943548e-01, -2.89001882e-01, -1.19716859e+00,
         2.58611649e-01, -1.84413314e-01,  9.02106464e-01, -1.27263546e+00,
        -1.19204414e+00,  3.82953361e-02,  2.12891065e-02,  2.57919878e-01,
         5.47278486e-03, -5.29986024e-01, -9.42296386e-01, -4.41512674e-01,
        -6.99516833e-01, -1.07293408e-02, -7.73739338e-01, -9.21745420e-01,
        -1.47567832e+00,  3.13761532e-01,  3.24443549e-01, -3.59673142e-01,
         5.08806944e-01,  2.17352584e-01, -4.42681551e-01, -5.63432693e-01,
        -7.64476001e-01, -2.69881278e-01, -6.31342888e-01,  6.91674054e-01,
        -1.12772025e-01,  1.39496195e+00,  1.37132394e+00,  1.89897156e+00,
         1.85233355e+00,  4.54663754e-01, -8.83580625e-01, -2.67126501e-01,
        -1.14063668e+00, -9.03852761e-01, -1.39077842e+00, -1.15784478e+00,
        -7.80766666e-01, -6.25339866e-01, -1.43867218e+00, -1.11249733e+00,
         5.24528697e-03, -1.11301112e+00, -1.61446488e+00, -1.04868555e+00,
        -3.79892379e-01,  1.30483997e+00,  1.08269083e+00,  5.31245768e-01,
        -1.58003271e-01, -1.22401273e+00,  4.62559998e-01,  6.52059257e-01,
         1.32815814e+00, -6.12434387e-01,  1.35412204e+00,  1.35631013e+00,
         1.93097711e-01,  2.05102611e+00,  1.89288759e+00,  1.17737031e+00,
         8.78705978e-01, -1.31801158e-01,  1.98440933e+00,  1.56796706e+00,
         1.27708316e+00, -1.55389321e+00, -1.16080070e+00, -1.28573787e+00,
        -1.08680511e+00, -1.83985758e+00, -1.51842916e+00, -4.17158216e-01,
        -1.98302209e+00, -1.44626737e+00,  6.03042394e-02,  4.06276226e-01,
         1.31846452e+00, -4.29430604e-01, -9.34614122e-01, -5.97266614e-01,
        -1.94402552e+00,  3.43539193e-03, -5.39385498e-01, -1.93162191e+00,
        -1.32173073e+00, -1.13506401e+00, -1.82021224e+00, -1.48996782e+00,
        -9.00907040e-01, -1.83846879e+00, -1.77952540e+00, -1.21910560e+00,
        -2.53011584e+00, -1.65292084e+00, -1.82131422e+00, -1.38773394e+00,
        -1.73874629e+00, -1.29552794e+00, -1.89954317e+00, -1.83661330e+00,
        -3.10421646e-01, -2.51321614e-01, -7.26731643e-02,  2.20224112e-02,
        -6.68538332e-01,  4.20882523e-01, -2.18780443e-01, -5.03247857e-01,
        -1.89295852e+00, -7.08050132e-01, -9.67409670e-01, -5.05438328e-01,
        -5.22211790e-01, -9.28428948e-01, -3.56983989e-01, -1.33376145e+00,
        -9.58268821e-01, -6.90503299e-01, -6.22985780e-01, -1.15056062e+00,
        -8.26056302e-01, -3.33162874e-01, -5.46193123e-01, -1.46745074e+00,
        -2.24399179e-01, -1.20145082e+00, -5.27071178e-01, -6.99904323e-01,
        -1.07338500e+00, -9.59008873e-01, -1.56272244e+00, -1.45416951e+00,
        -2.07514262e+00,  7.11940467e-01, -8.73183846e-01,  6.40687168e-01,
        -1.64377183e-01, -2.10323477e+00, -4.12285000e-01,  9.22634065e-01,
        -1.90337229e+00, -1.55255020e+00, -1.57244548e-01,  4.80603904e-01,
        -4.26121950e-01, -3.04280072e-01, -1.76026791e-01, -4.55712378e-01,
        -2.53675252e-01,  1.49681640e+00, -5.55085778e-01, -3.30286443e-01,
        -1.83711505e+00,  2.89548373e+00, -9.11247969e-01,  1.47776592e+00,
         5.70133090e-01,  9.67148125e-01,  1.21577501e+00, -1.72837734e+00,
         1.81283414e+00,  3.91967267e-01,  3.10491824e+00,  1.90404129e+00,
         1.29491389e-01,  4.56584752e-01,  5.06138913e-02, -3.61291885e-01,
         1.37933150e-01,  3.30289960e-01,  1.47079813e+00, -7.65824676e-01,
        -3.91856283e-01, -1.09790973e-01, -5.72559536e-01,  3.65934968e-02,
         4.45878804e-01,  4.01348591e-01,  1.20962155e+00,  1.60755622e+00,
        -5.59467375e-01, -3.33136082e-01,  1.43551266e+00,  3.88518929e-01,
        -1.88354582e-01,  1.30689561e+00, -3.13239545e-01,  1.96665406e+00,
        -9.90429163e-01, -3.76248598e-01,  3.23528600e+00, -1.43006116e-01,
        -4.58337545e-01, -1.93564370e-01, -5.52505910e-01,  1.30649507e+00,
         6.33420944e-02,  4.81886983e-01, -1.26731241e+00,  3.78157347e-01,
         3.85533810e-01,  1.12571466e+00, -4.97300625e-02,  2.74404258e-01,
        -1.24920309e+00, -1.13208890e-01,  2.44342566e+00, -3.41699332e-01,
         1.29083633e+00,  1.75210190e+00, -7.48391032e-01, -1.98737037e+00,
        -1.31146580e-01,  1.52910665e-01,  1.00918984e+00, -1.22407866e+00,
        -5.87886930e-01,  1.38214958e+00, -6.90316200e-01,  6.19197786e-01,
        -1.62418246e+00,  3.47415358e-01,  3.26642931e-01, -7.36489296e-01,
         2.41664338e+00,  1.68358648e+00,  1.11672938e+00, -1.48059428e+00,
        -9.20518517e-01,  1.33835351e+00,  3.30800325e-01,  2.30438733e+00,
         3.08903009e-01,  2.93977529e-01,  1.15924883e+00, -6.12313390e-01,
         1.01567435e+00,  1.15853357e+00,  7.96960235e-01,  5.16730249e-01,
         7.92635024e-01,  6.34762645e-02, -1.80525422e-01,  2.81231308e+00,
        -2.75571179e+00,  2.27994006e-03, -9.20545876e-01,  5.10188401e-01,
         3.93080920e-01,  1.34285018e-01, -1.86015344e+00,  1.77908587e+00,
         1.24428475e+00, -2.27578783e+00, -8.64657044e-01, -8.04496408e-01,
         1.07621133e+00, -7.17311978e-01, -3.81692290e-01, -4.90260124e-01,
        -1.30539858e+00,  3.13380659e-01,  1.15880229e-01, -4.22223151e-01,
        -3.51666451e-01, -2.57690132e-01, -1.08686543e+00, -1.42774999e-01,
        -6.61323071e-01, -7.04897106e-01,  5.00441670e-01,  1.27964807e+00,
        -1.24833539e-01, -2.27397054e-01,  2.01251054e+00,  1.08105290e+00,
         7.72328526e-02,  5.67101359e-01,  2.31855416e+00, -1.51070166e+00,
        -1.34084904e+00, -5.91133118e-01,  6.89750910e-02,  3.13665795e+00,
        -1.53962895e-01, -1.30017519e+00,  1.57555997e+00, -5.07330835e-01,
        -1.01710999e+00,  1.02461135e+00, -1.96608394e-01, -1.93956184e+00,
         9.00000632e-01,  3.60027051e+00, -9.35874104e-01, -9.10593569e-02,
         9.57585275e-01,  1.98691714e+00,  2.87860423e-01, -7.41318047e-01,
         4.65816450e+00,  1.13683736e+00,  7.64122605e-01,  4.93189484e-01,
        -1.26811159e+00, -6.56591475e-01,  1.68776000e+00,  1.94451869e+00,
        -7.42020011e-02,  4.92281288e-01, -1.21030581e+00,  3.03404748e-01,
        -4.32590216e-01, -2.00421047e+00, -1.81061756e-02, -3.77830327e-01,
         9.73235071e-01, -1.41010046e+00,  3.31695259e-01, -1.36320138e+00,
        -1.61115909e+00,  5.17667174e-01,  2.24126130e-01,  3.54471147e-01,
         1.71751410e-01, -2.26501942e-01, -2.26972914e+00, -3.29836346e-02,
         1.72940397e+00,  6.87063217e-01, -8.04056466e-01,  2.05667090e+00,
         1.93325663e+00,  6.84639990e-01,  1.40863109e+00,  4.38512754e+00,
         7.94978440e-01,  1.04067314e+00, -2.83554375e-01, -1.24771023e+00,
         1.91987932e+00,  3.59363645e-01,  1.09050488e+00,  2.01106310e+00,
         2.12858987e+00,  6.99883625e-02,  1.12548816e+00, -1.97831619e+00,
         1.75916529e+00,  2.37945700e+00,  7.88979053e-01, -6.59966648e-01,
         1.44884515e+00, -1.14873338e+00,  7.57208824e-01,  7.35804915e-01,
        -9.40781534e-01,  4.54052120e-01,  4.27938670e-01,  1.17191398e+00,
         1.72668791e+00,  2.63920516e-01,  2.09636927e+00,  2.46682692e+00,
         2.16277194e+00,  1.91991031e-01,  1.20402420e+00,  3.00839329e+00,
        -6.42049611e-01, -1.12729728e+00,  2.20794392e+00,  2.40089104e-01,
        -1.44081509e+00,  1.51111352e+00,  2.40758777e-01,  4.17855442e-01,
         4.03391838e+00,  1.12451887e+00, -1.75821054e+00,  6.73013687e-01,
         2.02078104e+00,  3.99164826e-01, -2.56898254e-01, -8.31009895e-02,
        -8.85466695e-01, -6.11616522e-02, -1.17096364e+00, -3.32706690e-01,
         2.19421196e+00, -1.51370430e+00, -1.81711942e-01,  6.94500506e-01,
         2.02566314e+00, -2.01308107e+00,  1.64405465e+00,  3.97025681e+00,
        -7.65696049e-01, -9.06032696e-02, -7.13660598e-01,  7.15030015e-01,
        -4.26870435e-01,  1.22983265e+00, -3.39912683e-01,  3.08050543e-01,
         3.72038007e-01, -1.42297232e+00,  1.74913967e+00, -9.16689932e-01,
         2.50334167e+00, -4.71180052e-01, -4.22724821e-02,  3.07852924e-01,
        -7.49534547e-01,  2.34328628e+00, -1.49009228e-01, -1.23113501e+00,
        -7.96302617e-01,  1.45521021e+00,  2.91697443e-01, -3.70742828e-02,
        -8.28743398e-01,  1.69297421e+00,  1.39870524e-01,  3.47144514e-01,
         1.45132995e+00,  1.89227903e+00, -7.86206424e-01,  8.48887205e-01,
        -1.52509212e-01,  9.06850398e-01,  2.13085935e-01, -1.89976811e+00,
         2.59958291e+00, -7.81598687e-03, -3.53944230e+00,  9.26274881e-02,
         1.81314576e+00,  9.36725676e-01, -1.05002606e+00,  1.32949591e+00,
         1.94315314e+00, -2.27057904e-01, -1.30081344e+00,  3.09776366e-01,
         2.21050882e+00,  1.20444226e+00,  4.06154543e-01, -1.08184397e+00,
         1.45665634e+00, -8.94338727e-01, -7.91758239e-01,  1.46291113e+00,
         5.33171654e-01,  2.29989028e+00,  6.07489705e-01,  1.23407793e+00,
         1.17756736e+00,  9.69371200e-01,  8.90933037e-01, -9.41517353e-01,
         5.82103506e-02, -1.19444263e+00,  1.23154484e-01,  3.61128807e-01,
         3.64583641e-01,  1.19586289e+00,  1.95783067e+00,  8.49681050e-02,
        -2.09559655e+00,  6.55987084e-01,  5.54951802e-02,  4.14679050e-01,
         9.05359268e-01,  1.39074445e-01, -1.60034168e+00,  1.93631816e+00,
         3.53321284e-01,  1.55974567e+00, -9.87646461e-01,  9.77105647e-02,
        -1.63496770e-02,  6.68057576e-02,  3.33567649e-01, -1.65067756e+00,
        -3.26789975e-01,  2.34847951e+00, -1.39092416e-01, -1.39431894e-01,
         1.55687308e+00,  1.15543580e+00,  1.79729986e+00,  8.63296866e-01,
         2.06401396e+00,  2.07198071e+00,  7.98022151e-01, -4.96794552e-01,
         5.90464056e-01,  3.61538935e+00,  1.79560113e+00, -1.11944366e+00,
         6.21585071e-01, -6.93464637e-01,  2.71107614e-01,  9.37472343e-01,
         2.41019416e+00,  1.98046052e+00, -1.45137298e+00,  1.54940379e+00,
         1.62186503e+00, -1.50854692e-01,  7.18673229e-01,  1.58170414e+00,
        -9.98080492e-01,  1.62913775e+00, -6.09637260e-01,  2.12018800e+00,
         1.96454692e+00,  8.80421281e-01, -5.56211829e-01, -4.07350570e-01,
         2.80090511e-01,  1.75624132e+00,  9.86757398e-01, -9.09066141e-01,
        -5.53657651e-01,  5.33110559e-01,  3.02938414e+00,  1.65611291e+00,
         2.72935605e+00,  6.02995574e-01, -2.32911423e-01,  4.17858183e-01,
        -1.14295828e+00,  2.84628463e+00, -2.56151706e-01,  1.17020510e-01,
         1.37244213e+00,  6.38179779e-01,  3.72054982e+00,  1.23099720e+00,
         8.70291591e-01,  7.88844526e-01,  1.97866535e+00,  2.60462570e+00,
        -6.85521901e-01, -1.46506977e+00, -3.71495411e-02,  4.24839258e-01,
         1.43129969e+00, -2.72370219e-01, -8.80943462e-02,  1.55762577e+00,
        -1.46546030e+00, -1.22304291e-01,  1.42322731e+00,  2.11082149e+00,
         1.01196587e+00,  1.33704925e+00,  1.12377964e-01,  1.42748141e+00,
         5.56309879e-01, -3.42116028e-01,  1.91919625e+00,  2.60481209e-01,
        -1.51539600e+00, -1.18817651e+00, -8.34006250e-01,  2.03853205e-01,
         4.55219328e-01, -1.02285266e+00,  1.41952336e+00,  7.54298866e-01,
         2.33653235e+00, -1.87990165e+00, -3.09708565e-01,  1.24940419e+00,
        -1.35452902e+00, -5.27087569e-01,  9.99306917e-01, -1.25316131e+00,
        -1.27799168e-01, -3.83346453e-02,  1.75523341e-01, -8.53017211e-01,
         1.60762274e+00, -5.28961241e-01, -2.93016672e-01, -1.68955892e-01,
         3.33836865e+00,  2.19397831e+00,  1.58902884e+00, -1.22634578e+00,
         1.62879527e+00, -3.19828242e-01, -5.44129252e-01,  3.78289580e+00,
         6.34410322e-01, -1.17068624e+00,  1.61227155e+00,  1.31027281e+00,
        -2.62050629e+00, -6.34609282e-01,  1.76708624e-01, -5.40231951e-02,
         5.76660186e-02,  1.04483414e+00,  1.21102579e-01, -1.35168886e+00,
        -1.02947772e+00, -1.80534208e+00, -1.42130971e+00, -1.09328382e-01,
         2.40477991e+00, -2.57188857e-01, -2.64587611e-01,  1.03584200e-01,
         1.11794591e+00, -7.06718266e-01, -2.09959602e+00,  3.54444757e-02,
         1.37474144e+00,  2.74771750e-01, -3.35771769e-01,  1.26431441e+00,
         1.88508272e-01,  6.05078995e-01,  1.26197231e+00,  9.26081300e-01,
         5.15285954e-02,  2.82005787e+00,  3.00697207e-01, -3.75456750e-01,
        -8.66908789e-01,  4.98554587e-01, -1.20426583e+00,  6.06756993e-02,
         3.70246387e+00,  2.02262402e+00,  2.20560074e+00, -5.44029415e-01,
         1.67124939e+00,  1.78144228e+00,  1.52402234e+00,  5.91057241e-01,
        -4.08149660e-01, -2.69466639e-01,  1.39590538e+00,  3.97345781e-01,
         6.99263906e+00,  5.08464003e+00,  2.18824959e+00, -4.02204365e-01,
         5.28634787e-01, -5.02176769e-02,  6.76427245e-01,  2.30343723e+00,
        -1.51335275e+00, -1.94022727e+00, -3.48658971e-02, -1.99995530e+00,
         1.75595260e+00, -3.29054862e-01, -1.03157461e-01,  4.35872763e-01,
         8.66673529e-01,  2.30760598e+00,  3.08000654e-01, -7.00705171e-01,
        -2.33031273e+00,  6.65762603e-01, -1.07518566e+00, -1.21305048e+00,
        -1.55274940e+00,  1.47359729e-01, -8.92571509e-01, -1.45798850e+00,
        -1.02456522e+00, -2.42019868e+00, -1.07201791e+00, -1.42169201e+00,
        -1.70995486e+00, -2.09377766e+00, -1.32101095e+00, -2.58566737e-01,
        -1.15568769e+00, -1.10297382e+00, -5.35106421e-01, -3.86366427e-01,
        -2.82381201e+00, -6.67574286e-01, -1.64304435e+00, -1.27703524e+00,
         4.19198841e-01,  1.08906066e+00,  5.11272140e-02, -5.04324973e-01,
        -7.08438694e-01, -4.72047985e-01, -6.17574394e-01, -1.91248655e+00,
        -1.68596554e+00, -1.31374612e-01, -1.18420470e+00, -1.96168089e+00,
        -1.51515365e+00, -1.34852552e+00, -1.02766991e+00, -1.40291476e+00,
        -1.67741108e+00, -1.71770632e+00,  1.64003754e+00, -7.32802570e-01,
         5.05700290e-01, -1.78408355e-01, -1.43338609e+00,  2.05821204e+00,
        -1.45458949e+00, -1.28910124e+00,  7.43027270e-01, -3.67219821e-02,
        -1.66431427e+00,  5.35233557e-01, -6.32856786e-02, -2.11730003e+00,
         2.83240348e-01,  5.07590324e-02, -3.59240264e-01, -8.26880753e-01,
        -7.13877439e-01,  2.69280851e-01, -1.30866253e+00, -3.48281652e-01,
        -1.01864183e+00,  4.80044693e-01, -1.26586199e+00, -1.74128163e+00,
        -1.40605068e+00, -2.45634437e+00, -1.83854389e+00, -1.21836495e+00,
        -1.27962363e+00, -2.27794933e+00, -5.32971993e-02,  1.08821797e+00],
       device='cuda:0')
Clean RHS: tensor([[0.78415769]], device='cuda:0')
Split layers:
Nonlinear functions:
   BoundRelu(name=/66, inputs=[/input], perturbed=True)
   BoundRelu(name=/68, inputs=[/input-4], perturbed=True)
   BoundRelu(name=/71, inputs=[/input-12], perturbed=True)
   BoundRelu(name=/73, inputs=[/input-16], perturbed=True)
   BoundRelu(name=/76, inputs=[/input-24], perturbed=True)
   BoundRelu(name=/78, inputs=[/input-28], perturbed=True)
   BoundRelu(name=/80, inputs=[/input-32], perturbed=True)
   BoundRelu(name=/83, inputs=[/input-40], perturbed=True)
   BoundRelu(name=/85, inputs=[/input-44], perturbed=True)
   BoundRelu(name=/87, inputs=[/input-48], perturbed=True)
   BoundRelu(name=/90, inputs=[/input-56], perturbed=True)
   BoundRelu(name=/92, inputs=[/input-60], perturbed=True)
   BoundRelu(name=/94, inputs=[/input-64], perturbed=True)
   BoundRelu(name=/98, inputs=[/input-68], perturbed=True)
   BoundRelu(name=/101, inputs=[/input-72], perturbed=True)
   BoundRelu(name=/input-8/conv_1_relu, inputs=[/input-8/conv_1], perturbed=True)
   BoundRelu(name=/input-8/conv_3_relu, inputs=[/input-8/conv_3], perturbed=True)
   BoundRelu(name=/input-20/conv_1_relu, inputs=[/input-20/conv_1], perturbed=True)
   BoundRelu(name=/input-20/conv_3_relu, inputs=[/input-20/conv_3], perturbed=True)
   BoundRelu(name=/input-36/conv_1_relu, inputs=[/input-36/conv_1], perturbed=True)
   BoundRelu(name=/input-36/conv_3_relu, inputs=[/input-36/conv_3], perturbed=True)
   BoundRelu(name=/input-52/conv_1_relu, inputs=[/input-52/conv_1], perturbed=True)
   BoundRelu(name=/input-52/conv_3_relu, inputs=[/input-52/conv_3], perturbed=True)
   BoundRelu(name=/95/conv_1_relu, inputs=[/95/conv_1], perturbed=True)
   BoundRelu(name=/95/conv_3_relu, inputs=[/95/conv_3], perturbed=True)
Batched CROWN: node BoundConv(name=/input-4, inputs=[/66, /35, /36], perturbed=True), unstable size 69219
Batched CROWN: node BoundConv(name=/input-8/conv_1, inputs=[/68, /input-8/conv_1_w], perturbed=True), unstable size 97014
Batched CROWN: node BoundConv(name=/input-8/conv_3, inputs=[/input-8/add_1_2, /input-8/conv_3_w], perturbed=True), unstable size 27988
Batched CROWN: node BoundConv(name=/input-12, inputs=[/input-8/add_3_4, /37, /38], perturbed=True), unstable size 610816
Batched CROWN: node BoundConv(name=/input-16, inputs=[/71, /39, /40], perturbed=True), unstable size 1590613
Batched CROWN: node BoundConv(name=/input-20/conv_1, inputs=[/73, /input-20/conv_1_w], perturbed=True), unstable size 41354
Batched CROWN: node BoundConv(name=/input-20/conv_3, inputs=[/input-20/add_1_2, /input-20/conv_3_w], perturbed=True), unstable size 15861
Batched CROWN: node BoundConv(name=/input-24, inputs=[/input-20/add_3_4, /41, /42], perturbed=True), unstable size 389618
Batched CROWN: node BoundConv(name=/input-28, inputs=[/76, /43, /44], perturbed=True), unstable size 798531
Batched CROWN: node BoundConv(name=/input-32, inputs=[/78, /45, /46], perturbed=True), unstable size 234205
Batched CROWN: node BoundConv(name=/input-36/conv_1, inputs=[/80, /input-36/conv_1_w], perturbed=True), unstable size 41595
Batched CROWN: node BoundConv(name=/input-36/conv_3, inputs=[/input-36/add_1_2, /input-36/conv_3_w], perturbed=True), unstable size 21959
Batched CROWN: node BoundConv(name=/input-40, inputs=[/input-36/add_3_4, /47, /48], perturbed=True), unstable size 351837
Batched CROWN: node BoundConv(name=/input-44, inputs=[/83, /49, /50], perturbed=True), unstable size 322527
Batched CROWN: node BoundConv(name=/input-48, inputs=[/85, /51, /52], perturbed=True), unstable size 329612
Batched CROWN: node BoundConv(name=/input-52/conv_1, inputs=[/87, /input-52/conv_1_w], perturbed=True), unstable size 45069
Batched CROWN: node BoundConv(name=/input-52/conv_3, inputs=[/input-52/add_1_2, /input-52/conv_3_w], perturbed=True), unstable size 26311
Batched CROWN: node BoundConv(name=/input-56, inputs=[/input-52/add_3_4, /53, /54], perturbed=True), unstable size 99586
Batched CROWN: node BoundConv(name=/input-60, inputs=[/90, /55, /56], perturbed=True), unstable size 100271
Batched CROWN: node BoundConv(name=/input-64, inputs=[/92, /57, /58], perturbed=True), unstable size 100352
Batched CROWN: node BoundConv(name=/95/conv_1, inputs=[/94, /95/conv_1_w], perturbed=True), unstable size 49886
Batched CROWN: node BoundConv(name=/95/conv_3, inputs=[/95/add_1_2, /95/conv_3_w], perturbed=True), unstable size 25077
Batched CROWN: node BoundLinear(name=/input-68, inputs=[/96, /59, /60], perturbed=True), unstable size 4096
Batched CROWN: node BoundLinear(name=/input-72, inputs=[/99, /61, /62], perturbed=True), unstable size 4096
initial crown bounds: tensor([[-2.39971584e+08]], device='cuda:0')
Number of class (without rhs): 1 ; Worst class: (+ rhs) -239971584.0
Iteration 1
Adv attack time: 1.4921s
Batch size: 1
Current pickout batch: 1, total pickout batch: 1
Batched CROWN: node BoundConv(name=/input-4, inputs=[/66, /35, /36], perturbed=True), unstable size 69219
Batched CROWN: node BoundConv(name=/input-8/conv_1, inputs=[/68, /input-8/conv_1_w], perturbed=True), unstable size 97014
Batched CROWN: node BoundConv(name=/input-8/conv_3, inputs=[/input-8/add_1_2, /input-8/conv_3_w], perturbed=True), unstable size 27988
Batched CROWN: node BoundConv(name=/input-12, inputs=[/input-8/add_3_4, /37, /38], perturbed=True), unstable size 610816
Batched CROWN: node BoundConv(name=/input-16, inputs=[/71, /39, /40], perturbed=True), unstable size 1590613
Batched CROWN: node BoundConv(name=/input-20/conv_1, inputs=[/73, /input-20/conv_1_w], perturbed=True), unstable size 41354
Batched CROWN: node BoundConv(name=/input-20/conv_3, inputs=[/input-20/add_1_2, /input-20/conv_3_w], perturbed=True), unstable size 15861
Batched CROWN: node BoundConv(name=/input-24, inputs=[/input-20/add_3_4, /41, /42], perturbed=True), unstable size 389620
Batched CROWN: node BoundConv(name=/input-28, inputs=[/76, /43, /44], perturbed=True), unstable size 798531
Batched CROWN: node BoundConv(name=/input-32, inputs=[/78, /45, /46], perturbed=True), unstable size 234206
Batched CROWN: node BoundConv(name=/input-36/conv_1, inputs=[/80, /input-36/conv_1_w], perturbed=True), unstable size 41595
Batched CROWN: node BoundConv(name=/input-36/conv_3, inputs=[/input-36/add_1_2, /input-36/conv_3_w], perturbed=True), unstable size 21959
Batched CROWN: node BoundConv(name=/input-40, inputs=[/input-36/add_3_4, /47, /48], perturbed=True), unstable size 351838
Batched CROWN: node BoundConv(name=/input-44, inputs=[/83, /49, /50], perturbed=True), unstable size 322529
Batched CROWN: node BoundConv(name=/input-48, inputs=[/85, /51, /52], perturbed=True), unstable size 329614
Batched CROWN: node BoundConv(name=/input-52/conv_1, inputs=[/87, /input-52/conv_1_w], perturbed=True), unstable size 45069
Batched CROWN: node BoundConv(name=/input-52/conv_3, inputs=[/input-52/add_1_2, /input-52/conv_3_w], perturbed=True), unstable size 26311
Batched CROWN: node BoundConv(name=/input-56, inputs=[/input-52/add_3_4, /53, /54], perturbed=True), unstable size 99586
Batched CROWN: node BoundConv(name=/input-60, inputs=[/90, /55, /56], perturbed=True), unstable size 100271
Batched CROWN: node BoundConv(name=/input-64, inputs=[/92, /57, /58], perturbed=True), unstable size 100352
Batched CROWN: node BoundConv(name=/95/conv_1, inputs=[/94, /95/conv_1_w], perturbed=True), unstable size 49886
Batched CROWN: node BoundConv(name=/95/conv_3, inputs=[/95/add_1_2, /95/conv_3_w], perturbed=True), unstable size 25077
Batched CROWN: node BoundLinear(name=/input-68, inputs=[/96, /59, /60], perturbed=True), unstable size 4096
Batched CROWN: node BoundLinear(name=/input-72, inputs=[/99, /61, /62], perturbed=True), unstable size 4096
Worst bound: tensor([-2.39971328e+08], device='cuda:0')
Current (lb-rhs): -239971328.0
Total time: 2992.3025  pickout: 0.0004  split: 0.0011  decision: 0.0007  bounding: 2992.2660  clipping: 0.0000  add_domain: 0.0234  rest: 0.0109
Length of domains: 2
3 branch and bound domains visited
Time out!
Result: timeout
Time: 4548.183942317963
[rank 0] === Checking instance ID 269 ===
[rank 0] >>> Running ID=269 onnx=onnx/vgg16-7.onnx
Configurations:

general:
  device: cuda
  seed: 100
  conv_mode: patches
  deterministic: false
  double_fp: false
  loss_reduction_func: max
  sparse_alpha: true
  sparse_interm: true
  save_adv_example: false
  verify_onnxruntime_output: false
  eval_adv_example: false
  show_adv_example: false
  precompile_jit: false
  prepare_only: false
  complete_verifier: bab
  enable_incomplete_verification: false
  csv_name: instances.csv
  results_file: results/vggnet16_all_p_2/result_269.rank0.txt
  root_path: ../../vnncomp2023_benchmarks/benchmarks/vggnet16
  deterministic_opt: false
  graph_optimizer: 'Customized("custom_graph_optimizer", "maxpool_to_relu")'
  buffer_has_batchdim: false
  save_output: false
  output_file: out.pkl
  return_optimized_model: false
  output_additional_stats: true
  instance_id: 269
  dataset_output_dir: dataset
  min_stable_neurons_ratio_threshold: 0.0
model:
  name: null
  path: null
  onnx_path: /projects/air/dlverifier/vggnet16_all/onnx/vgg16-7.onnx
  onnx_path_prefix: ''
  cache_onnx_conversion: true
  debug_onnx: false
  onnx_quirks: null
  input_shape: null
  onnx_loader: default_onnx_and_vnnlib_loader
  onnx_optimization_flags: []
  onnx_vnnlib_joint_optimization_flags: none
  check_optimized: false
  flatten_final_output: false
  optimize_graph: null
  with_jacobian: false
data:
  start: 0
  end: 10000
  select_instance: null
  num_outputs: 1000
  mean: 0.0
  std: 1.0
  pkl_path: null
  dataset: null
  data_filter_path: null
  data_idx_file: null
specification:
  type: lp
  robustness_type: verified-acc
  norm: .inf
  epsilon: null
  epsilon_min: 0.0
  vnnlib_path: /projects/air/dlverifier/vggnet16_all/vnnlib/n01739381_vine_snake_fix_mask_seg0_k50176_eps_0.0003.vnnlib
  vnnlib_path_prefix: ''
  rhs_offset: null
solver:
  batch_size: 1
  auto_enlarge_batch_size: false
  min_batch_size_ratio: 0.1
  use_float64_in_last_iteration: false
  early_stop_patience: 10
  start_save_best: 0.5
  bound_prop_method: forward+backward
  init_bound_prop_method: same
  prune_after_crown: false
  optimize_disjuncts_separately: false
  crown:
    batch_size: 16
    max_crown_size: 1000000000
    relu_option: adaptive
  alpha-crown:
    alpha: true
    lr_alpha: 0.1
    iteration: 100
    share_alphas: false
    lr_decay: 0.98
    full_conv_alpha: true
    max_coeff_mul: .inf
    matmul_share_alphas: false
    disable_optimization: []
    max_time: 1.0
  invprop:
    apply_output_constraints_to: []
    tighten_input_bounds: false
    best_of_oc_and_no_oc: false
    directly_optimize: []
    oc_lr: 0.1
    share_gammas: false
  beta-crown:
    lr_alpha: 0.01
    lr_beta: 0.05
    lr_decay: 0.98
    optimizer: adam
    iteration: 10
    beta: true
    beta_warmup: true
    enable_opt_interm_bounds: false
    all_node_split_LP: false
  forward:
    refine: false
    dynamic: true
    max_dim: 100
    reset_threshold: 1.0
  intermediate_refinement:
    enabled: false
    batch_size: 10
    opt_coeffs: false
    opt_bias: false
    lr: 0.05
    layers: [-1]
    max_domains: 1000
  multi_class:
    label_batch_size: 32
    skip_with_refined_bound: true
  mip:
    unstable_neuron_threshold: 0
    parallel_solvers: null
    solver_threads: 1
    refine_neuron_timeout: 15
    refine_neuron_time_percentage: 0.8
    early_stop: true
    adv_warmup: true
    mip_solver: gurobi
    skip_unsafe: false
    topk_filter: 1.0
    sliding_window: -1
    extra_constraint: false
    refine_neuron_timeout_increasement: 0
    timeout_neuron_percentage: 0.3
    remaining_timeout_threshold: 1
    remove_unstable_neurons: true
    lp_solver: false
bab:
  initial_max_domains: 1
  backing_up_max_domain: null
  max_domains: .inf
  decision_thresh: 0
  timeout: 1200.0
  timeout_scale: 1
  max_iterations: -1
  override_timeout: null
  get_upper_bound: false
  pruning_in_iteration: true
  pruning_in_iteration_ratio: 0.2
  sort_targets: false
  batched_domain_list: true
  optimized_interm: ''
  interm_transfer: true
  recompute_interm: false
  sort_domain_interval: -1
  vanilla_crown: false
  tree_traversal: depth_first
  cut:
    enabled: false
    cuts_path: /tmp/abcrown_cuts
    implication: false
    bab_cut: false
    lp_cut: false
    method: null
    lr: 0.01
    lr_decay: 1.0
    iteration: 100
    bab_iteration: -1
    early_stop_patience: -1
    lr_beta: 0.02
    number_cuts: 50
    topk_cuts_in_filter: 1000
    batch_size_primal: 100
    max_num: 1000000000
    patches_cut: false
    cplex_cuts: false
    cplex_cuts_wait: 0
    cplex_cuts_revpickup: true
    cut_reference_bounds: true
    fix_intermediate_bounds: false
    _tmp_cuts: null
    fixed_cuts: false
    add_implied_cuts: false
    add_input_cuts: false
    biccos:
      enabled: false
      constraint_strengthening: true
      recursively_strengthening: false
      drop_ratio: 0.5
      verified_bonus: 0.3
      max_infer_iter: 20
      heuristic: neuron_influence_score
      save_biccos_cuts: false
      multi_tree_branching:
        enabled: false
        restore_best_tree: false
        keep_n_best_domains: 1
        k_splits: 1
        iterations: 1
  branching:
    method: sb
    candidates: 3
    reduceop: min
    enable_intermediate_bound_opt: false
    branching_input_and_activation: false
    branching_input_and_activation_order: [input, relu]
    branching_input_iterations: 30
    branching_relu_iterations: 50
    gnn_path: ''
    neural_heuristic:
      model_path: ''
    rl:
      experiment: general
      eval: false
      extras: []
      logging:
        color: true
        debug: true
        file: rl-experiment.log
      pnet:
        gH: 64
        tH: 64
        nheads: 64
        nlayers: 64
        useDynamicGraph: true
        bidirectional: false
        GAT: true
      training:
        gamma: 0.99
        lr: 0.001
        batchSize: 8
        loop: 8
        totalEpochs: 10
        updatePolicyFrequency: 10
        updateTargetFrequency: 10
        buffer: buffer.pkl
        preparedBuffer: 'False'
        TestingPreparedBuffer: false
        scriptTraining: false
        policynet: policy-checkpoint.pt
        targetnet: target-checkpoint.pt
        datasetShuffle: true
        targetedData: all
        splitRatio: 0.8
        maxInstances: -1
        trainingMode: full
        reward:
          norm: null
          bonus: 10.0
          penalty: -1.0
      egreedy:
        epsilon: 0.1
        epsilonDecay: 0.1
        minEpsilon: 0.1
        ePath: epsilon.pt
        enabled: true
      expert:
        useExpertUntilEpisode: 0.1
        enabled: true
        learnToImitateExpertEpochs: 10
    nonlinear_split:
      method: shortcut
      branching_point_method: uniform
      num_branches: 2
      filter: false
      filter_beta: false
      filter_clamp: false
      filter_batch_size: 10000
      filter_iterations: 25
      relu_only: false
      loose_tanh_threshold: null
      dynamic_bbps: false
      dynamic_options: [uniform, three_left, three_right]
      branching_point_node: ''
      branching_point_db: []
    input_split:
      enable_clip_domains: false
      split_hint: null
      reorder_bab: false
      enable: true
      enhanced_bound_prop_method: alpha-crown
      enhanced_branching_method: naive
      enhanced_bound_patience: 100000000.0
      attack_patience: 100000000.0
      adv_check: 0
      split_partitions: 2
      sb_margin_weight: 1.0
      sb_sum: false
      sb_primary_spec: null
      bf_backup_thresh: -1
      bf_rhs_offset: 0
      bf_iters: 1000000000.0
      bf_batch_size: 100000
      bf_zero_crossing_score: false
      touch_zero_score: 0
      ibp_enhancement: false
      catch_assertion: false
      compare_with_old_bounds: false
      update_rhs_with_attack: false
      sb_coeff_thresh: 0.001
      sort_index: null
      sort_descending: true
      show_progress: false
      presplit_domains: null
      skip_getting_worst_domain: false
  attack:
    enabled: false
    beam_candidates: 8
    beam_depth: 7
    max_dive_fix_ratio: 0.8
    min_local_free_ratio: 0.2
    mip_start_iteration: 5
    mip_timeout: 30.0
    adv_pool_threshold: null
    refined_mip_attacker: false
    refined_batch_size: null
attack:
  pgd_order: input_bab
  pgd_steps: 100
  pgd_restarts: 30
  pgd_batch_size: 100000000
  pgd_early_stop: true
  pgd_lr_decay: 0.99
  pgd_alpha: auto
  pgd_alpha_scale: false
  pgd_loss_mode: null
  pgd_restart_when_stuck: false
  enable_mip_attack: false
  adv_saver: default_adv_saver
  adv_verifier: default_adv_verifier
  early_stop_condition: default_early_stop_condition
  adv_example_finalizer: default_adv_example_finalizer
  pgd_loss: default_pgd_loss
  cex_path: ./test_cex.txt
  attack_mode: PGD
  attack_tolerance: 0.0
  attack_func: attack_with_general_specs
  gama_lambda: 10.0
  gama_decay: 0.9
  check_clean: true
  input_split:
    pgd_steps: 100
    pgd_restarts: 30
    pgd_alpha: auto
  input_split_enhanced:
    pgd_steps: 200
    pgd_restarts: 500000
    pgd_alpha: auto
  input_split_check_adv:
    enabled: auto
    pgd_steps: 5
    pgd_restarts: 5
    pgd_alpha: auto
    max_num_domains: 10
debug:
  sanity_check: Full+Graph
  view_model: false
  lp_test: null
  rescale_vnnlib_ptb: null
  test_optimized_bounds: false
  test_optimized_bounds_after_n_iterations: 0
  print_verbose_decisions: false

Experiments at Thu Feb 19 04:29:18 2026 on d1029
Internal results will be saved to results/vggnet16_all_p_2/result_269.rank0.txt.

[ZRL] %%%%%%%%%%%%%%%%%%%%%%%%%%%%%%%%%%% idx: 0, vnnlib ID: 0 %%%%%%%%%%%%%%%%%%%%%%%%%%%%%%%%%%%
Using onnx /projects/air/dlverifier/vggnet16_all/onnx/vgg16-7.onnx
Using vnnlib /projects/air/dlverifier/vggnet16_all/vnnlib/n01739381_vine_snake_fix_mask_seg0_k50176_eps_0.0003.vnnlib
150528 inputs and 1000 outputs in vnnlib
Loading cached onnx model from /projects/air/dlverifier/vggnet16_all/onnx/vgg16-7.onnx.cached
Cannot read cached onnx file. Regenerating...
Loading onnx /projects/air/dlverifier/vggnet16_all/onnx/vgg16-7.onnx with quirks {}
Finished onnx model loading in 35.1350 seconds
Number of perturbed inputs: 65406
WARNING: prioritizing attack due to too many perturbed pixels on VGG
Setting arguments.Config["attack"]["pgd_order"] to "before"
Setting bound_prop_method to crown
Attack parameters: initialization=uniform, steps=100, restarts=30, alpha=7.500499486923218e-05, initialization=uniform, GAMA=False
Model output of first 5 examples:
 tensor([[ 6.73395172e-02,  2.00978065e+00, -8.06486666e-01, -8.35692942e-01,
         -1.04503000e+00,  3.08130354e-01, -5.91604650e-01, -1.56363070e+00,
         -1.53181648e+00, -1.31260169e+00, -6.59279346e-01,  1.47614256e-01,
          1.50101915e-01, -1.51539132e-01,  3.71817619e-01,  3.41837645e-01,
         -5.02156615e-01, -8.27173471e-01, -2.42921263e-01, -1.94532335e-01,
         -6.71542346e-01,  1.74298540e-01,  1.70259535e-01, -7.88450062e-01,
          1.28838137e-01, -3.78958404e-01,  1.21096694e+00,  3.60787749e-01,
         -5.39033353e-01,  9.00850713e-01, -1.52513039e+00,  1.11392665e+00,
         -2.94293761e-01, -1.74597919e+00, -1.11148143e+00, -1.08266890e+00,
          5.41425943e-01, -1.63670099e+00,  1.12690425e+00, -5.84889948e-01,
          1.50588846e+00, -1.22232154e-01, -2.69102633e-01, -4.94437277e-01,
          6.34419501e-01, -7.31532454e-01,  1.51256573e+00,  9.52447206e-02,
         -1.41093194e+00, -3.22758764e-01,  1.68938190e-01, -2.34457088e+00,
          1.04146647e+00,  7.08398223e-01, -3.72334659e-01, -7.34378755e-01,
          6.23889454e-02, -1.30218399e+00,  3.46279770e-01,  4.97787967e-02,
          4.03431296e-01, -2.73353070e-01, -6.64658725e-01,  1.24717087e-01,
          9.47770700e-02, -3.71184945e-01, -4.45105910e-01, -4.30311441e-01,
         -9.44307923e-01, -1.15401769e+00,  1.03641641e+00,  1.00191939e+00,
          8.01674426e-01,  1.98164177e+00,  9.33076859e-01,  2.10229087e+00,
          7.12374687e-01,  2.48537731e+00,  2.21660757e+00,  2.11593652e+00,
          1.40078723e-01, -1.57014024e+00, -5.34200490e-01, -1.03341711e+00,
         -1.46906987e-01, -4.00221318e-01, -1.10088396e+00,  7.10120618e-01,
          4.48937625e-01, -8.79136443e-01, -1.81299374e-01, -1.24056029e+00,
          4.56335247e-01, -1.34295300e-01,  4.27001506e-01, -1.04427850e+00,
          5.59581995e-01, -8.21214616e-01,  5.30897617e-01, -9.18387175e-01,
          4.81146753e-01, -1.71858442e+00, -2.23227358e+00,  6.71660781e-01,
         -1.40208864e+00, -2.15996933e+00, -1.52118587e+00, -5.56295276e-01,
         -1.56237757e+00, -1.75880623e+00,  1.19065188e-01,  2.95783663e+00,
         -3.10281008e-01,  2.47591615e-01,  4.41391647e-01, -1.37866712e+00,
         -7.78204739e-01, -6.87609166e-02, -4.08914983e-01, -9.53672290e-01,
         -8.37796330e-01, -1.40868795e+00, -1.05963314e+00, -2.03565931e+00,
         -1.15597963e+00, -1.62342191e+00,  8.31023633e-01, -1.63386166e-01,
          1.13923168e+00,  5.31588912e-01, -8.56464058e-02, -2.52498955e-01,
          4.35046732e-01, -3.37498873e-01,  2.20859557e-01, -9.69604194e-01,
         -8.00090790e-01, -1.09142125e-01, -1.26524325e-02, -1.34689128e+00,
         -1.76696086e+00,  6.68479085e-01, -9.22883749e-01, -4.20428753e-01,
         -4.52981502e-01, -5.38044155e-01, -1.20857906e+00,  6.65254116e-01,
          2.05783948e-01,  7.93142617e-03, -1.73461831e+00,  6.10385180e-01,
         -6.59123361e-01,  2.94966996e-01, -9.89362970e-02, -3.86615694e-01,
         -5.44727862e-01, -5.90497628e-03, -5.66933870e-01, -9.79395509e-01,
         -1.01763320e+00, -3.66124123e-01,  1.39131084e-01, -7.14355588e-01,
         -5.90501726e-01, -6.38519585e-01, -8.49520981e-01, -9.81204927e-01,
         -2.47648120e-01, -5.48496604e-01, -1.92434236e-01, -5.00984311e-01,
         -1.13422859e+00, -2.33679578e-01, -5.36897123e-01, -8.99742424e-01,
         -1.13567495e+00, -1.93287119e-01,  8.45308006e-02, -9.77736413e-01,
         -1.28008366e+00, -2.70273924e-01,  1.24991775e-01, -3.25115502e-01,
         -1.37907013e-01, -4.10171866e-01, -1.26514003e-01,  3.53995681e-01,
         -5.78687489e-01, -7.64269352e-01, -1.81737751e-01, -7.93465152e-02,
         -4.81436759e-01, -3.23152125e-01, -5.81508160e-01,  1.09261787e+00,
         -1.06787980e-01, -9.28524077e-01, -8.58834088e-01,  5.59631705e-01,
         -2.72552818e-01, -5.42886913e-01, -2.01362133e-01,  8.01699340e-01,
         -2.39791691e-01, -6.07854068e-01, -1.06064165e+00, -7.59265661e-01,
         -7.34247029e-01, -8.22109759e-01, -1.28094423e+00, -3.93460631e-01,
         -1.08353853e-01, -7.49878705e-01, -6.92559183e-01, -5.52763402e-01,
         -6.57005072e-01, -2.87805170e-01, -6.02889419e-01, -7.65652180e-01,
         -1.02981353e+00, -4.04113472e-01, -4.16568965e-01,  2.35007346e-01,
          4.15711664e-03, -9.56265688e-01, -9.23225224e-01, -5.59334874e-01,
         -8.29079211e-01,  4.15826797e-01, -7.62606978e-01, -3.57664615e-01,
         -7.32016027e-01, -5.08489370e-01, -3.81660759e-01, -9.31350589e-02,
         -5.96408308e-01, -1.02980874e-01, -8.04346442e-01, -2.78470010e-01,
         -6.47597134e-01, -6.16728485e-01,  1.68348290e-02, -1.62186074e+00,
         -1.01852906e+00,  2.06054360e-01, -1.30374146e+00, -5.04365921e-01,
         -1.11834377e-01, -1.65943742e-01, -2.89002329e-01, -1.19716859e+00,
          2.58611351e-01, -1.84413612e-01,  9.02106345e-01, -1.27263570e+00,
         -1.19204438e+00,  3.82950678e-02,  2.12887656e-02,  2.57919580e-01,
          5.47262095e-03, -5.29986382e-01, -9.42296624e-01, -4.41512853e-01,
         -6.99517131e-01, -1.07293893e-02, -7.73739517e-01, -9.21745658e-01,
         -1.47567856e+00,  3.13761294e-01,  3.24443221e-01, -3.59673411e-01,
          5.08807063e-01,  2.17352316e-01, -4.42681789e-01, -5.63432992e-01,
         -7.64476180e-01, -2.69881517e-01, -6.31343126e-01,  6.91673756e-01,
         -1.12772353e-01,  1.39496195e+00,  1.37132382e+00,  1.89897132e+00,
          1.85233355e+00,  4.54663754e-01, -8.83580625e-01, -2.67126590e-01,
         -1.14063692e+00, -9.03853059e-01, -1.39077854e+00, -1.15784502e+00,
         -7.80766785e-01, -6.25340044e-01, -1.43867266e+00, -1.11249745e+00,
          5.24520501e-03, -1.11301124e+00, -1.61446500e+00, -1.04868555e+00,
         -3.79892260e-01,  1.30484045e+00,  1.08269095e+00,  5.31246006e-01,
         -1.58002928e-01, -1.22401261e+00,  4.62560058e-01,  6.52059436e-01,
          1.32815838e+00, -6.12434387e-01,  1.35412252e+00,  1.35631073e+00,
          1.93098173e-01,  2.05102706e+00,  1.89288795e+00,  1.17737067e+00,
          8.78706276e-01, -1.31800562e-01,  1.98440993e+00,  1.56796741e+00,
          1.27708364e+00, -1.55389309e+00, -1.16080058e+00, -1.28573787e+00,
         -1.08680487e+00, -1.83985734e+00, -1.51842916e+00, -4.17157859e-01,
         -1.98302233e+00, -1.44626749e+00,  6.03042245e-02,  4.06276286e-01,
          1.31846428e+00, -4.29430425e-01, -9.34614301e-01, -5.97266912e-01,
         -1.94402552e+00,  3.43549624e-03, -5.39385498e-01, -1.93162215e+00,
         -1.32173109e+00, -1.13506401e+00, -1.82021236e+00, -1.48996806e+00,
         -9.00906980e-01, -1.83846915e+00, -1.77952528e+00, -1.21910608e+00,
         -2.53011608e+00, -1.65292120e+00, -1.82131457e+00, -1.38773417e+00,
         -1.73874664e+00, -1.29552829e+00, -1.89954352e+00, -1.83661366e+00,
         -3.10421616e-01, -2.51321852e-01, -7.26732239e-02,  2.20224410e-02,
         -6.68538392e-01,  4.20882195e-01, -2.18780696e-01, -5.03247976e-01,
         -1.89295876e+00, -7.08050072e-01, -9.67409790e-01, -5.05438387e-01,
         -5.22212029e-01, -9.28429246e-01, -3.56984317e-01, -1.33376181e+00,
         -9.58268940e-01, -6.90503299e-01, -6.22985840e-01, -1.15056086e+00,
         -8.26056540e-01, -3.33163023e-01, -5.46193361e-01, -1.46745098e+00,
         -2.24399328e-01, -1.20145094e+00, -5.27071297e-01, -6.99904382e-01,
         -1.07338536e+00, -9.59009171e-01, -1.56272268e+00, -1.45416999e+00,
         -2.07514262e+00,  7.11940527e-01, -8.73183906e-01,  6.40687525e-01,
         -1.64377645e-01, -2.10323501e+00, -4.12284821e-01,  9.22634304e-01,
         -1.90337241e+00, -1.55255008e+00, -1.57244697e-01,  4.80603844e-01,
         -4.26122218e-01, -3.04280192e-01, -1.76026583e-01, -4.55712408e-01,
         -2.53675371e-01,  1.49681628e+00, -5.55085838e-01, -3.30286652e-01,
         -1.83711565e+00,  2.89548397e+00, -9.11247790e-01,  1.47776616e+00,
          5.70132971e-01,  9.67148185e-01,  1.21577501e+00, -1.72837734e+00,
          1.81283426e+00,  3.91967326e-01,  3.10491848e+00,  1.90404165e+00,
          1.29491434e-01,  4.56584990e-01,  5.06135337e-02, -3.61292183e-01,
          1.37933314e-01,  3.30290347e-01,  1.47079861e+00, -7.65824616e-01,
         -3.91856343e-01, -1.09791070e-01, -5.72559774e-01,  3.65930945e-02,
          4.45878804e-01,  4.01348650e-01,  1.20962179e+00,  1.60755575e+00,
         -5.59467554e-01, -3.33136022e-01,  1.43551266e+00,  3.88519049e-01,
         -1.88354313e-01,  1.30689573e+00, -3.13239515e-01,  1.96665466e+00,
         -9.90429282e-01, -3.76248956e-01,  3.23528647e+00, -1.43005967e-01,
         -4.58337009e-01, -1.93564087e-01, -5.52506089e-01,  1.30649495e+00,
          6.33424968e-02,  4.81887221e-01, -1.26731241e+00,  3.78157735e-01,
          3.85533661e-01,  1.12571454e+00, -4.97296304e-02,  2.74404436e-01,
         -1.24920321e+00, -1.13209136e-01,  2.44342589e+00, -3.41699690e-01,
          1.29083645e+00,  1.75210190e+00, -7.48391390e-01, -1.98737037e+00,
         -1.31146729e-01,  1.52910203e-01,  1.00918984e+00, -1.22407866e+00,
         -5.87886631e-01,  1.38214958e+00, -6.90316081e-01,  6.19197786e-01,
         -1.62418282e+00,  3.47415090e-01,  3.26643050e-01, -7.36489415e-01,
          2.41664362e+00,  1.68358660e+00,  1.11672926e+00, -1.48059452e+00,
         -9.20518756e-01,  1.33835363e+00,  3.30800354e-01,  2.30438781e+00,
          3.08903039e-01,  2.93977529e-01,  1.15924883e+00, -6.12313569e-01,
          1.01567471e+00,  1.15853381e+00,  7.96960473e-01,  5.16730487e-01,
          7.92635620e-01,  6.34763241e-02, -1.80525571e-01,  2.81231332e+00,
         -2.75571227e+00,  2.27979105e-03, -9.20545936e-01,  5.10188341e-01,
          3.93081099e-01,  1.34284973e-01, -1.86015368e+00,  1.77908611e+00,
          1.24428475e+00, -2.27578807e+00, -8.64657164e-01, -8.04496944e-01,
          1.07621121e+00, -7.17312098e-01, -3.81692261e-01, -4.90260184e-01,
         -1.30539918e+00,  3.13380867e-01,  1.15880005e-01, -4.22223032e-01,
         -3.51666510e-01, -2.57690340e-01, -1.08686566e+00, -1.42774984e-01,
         -6.61323071e-01, -7.04897106e-01,  5.00441790e-01,  1.27964807e+00,
         -1.24833271e-01, -2.27397054e-01,  2.01251101e+00,  1.08105290e+00,
          7.72329122e-02,  5.67101657e-01,  2.31855440e+00, -1.51070178e+00,
         -1.34084928e+00, -5.91133356e-01,  6.89751506e-02,  3.13665843e+00,
         -1.53963149e-01, -1.30017543e+00,  1.57556009e+00, -5.07331014e-01,
         -1.01711035e+00,  1.02461123e+00, -1.96608618e-01, -1.93956208e+00,
          9.00000811e-01,  3.60027122e+00, -9.35874403e-01, -9.10592899e-02,
          9.57585514e-01,  1.98691761e+00,  2.87860274e-01, -7.41318226e-01,
          4.65816402e+00,  1.13683760e+00,  7.64122725e-01,  4.93189484e-01,
         -1.26811159e+00, -6.56591535e-01,  1.68776011e+00,  1.94451916e+00,
         -7.42022097e-02,  4.92281526e-01, -1.21030581e+00,  3.03404123e-01,
         -4.32590157e-01, -2.00421071e+00, -1.81062315e-02, -3.77830267e-01,
          9.73235071e-01, -1.41010058e+00,  3.31695378e-01, -1.36320162e+00,
         -1.61115909e+00,  5.17667115e-01,  2.24126101e-01,  3.54471147e-01,
          1.71751797e-01, -2.26502061e-01, -2.26972938e+00, -3.29837240e-02,
          1.72940385e+00,  6.87063158e-01, -8.04056704e-01,  2.05667138e+00,
          1.93325651e+00,  6.84640110e-01,  1.40863097e+00,  4.38512850e+00,
          7.94978619e-01,  1.04067326e+00, -2.83554554e-01, -1.24771023e+00,
          1.91987956e+00,  3.59363914e-01,  1.09050500e+00,  2.01106358e+00,
          2.12859011e+00,  6.99881986e-02,  1.12548780e+00, -1.97831643e+00,
          1.75916517e+00,  2.37945747e+00,  7.88978755e-01, -6.59966469e-01,
          1.44884562e+00, -1.14873338e+00,  7.57209301e-01,  7.35805333e-01,
         -9.40781534e-01,  4.54052180e-01,  4.27938789e-01,  1.17191386e+00,
          1.72668803e+00,  2.63920277e-01,  2.09636903e+00,  2.46682739e+00,
          2.16277218e+00,  1.91991180e-01,  1.20402455e+00,  3.00839376e+00,
         -6.42049551e-01, -1.12729740e+00,  2.20794415e+00,  2.40088448e-01,
         -1.44081545e+00,  1.51111352e+00,  2.40758866e-01,  4.17855471e-01,
          4.03391838e+00,  1.12451875e+00, -1.75821054e+00,  6.73013687e-01,
          2.02078152e+00,  3.99165303e-01, -2.56898135e-01, -8.31011832e-02,
         -8.85466516e-01, -6.11619353e-02, -1.17096412e+00, -3.32706720e-01,
          2.19421196e+00, -1.51370454e+00, -1.81712180e-01,  6.94500506e-01,
          2.02566338e+00, -2.01308107e+00,  1.64405465e+00,  3.97025681e+00,
         -7.65695870e-01, -9.06032696e-02, -7.13660836e-01,  7.15030372e-01,
         -4.26870704e-01,  1.22983277e+00, -3.39912415e-01,  3.08050573e-01,
          3.72038007e-01, -1.42297232e+00,  1.74913979e+00, -9.16690171e-01,
          2.50334191e+00, -4.71180290e-01, -4.22726460e-02,  3.07852834e-01,
         -7.49534667e-01,  2.34328651e+00, -1.49009556e-01, -1.23113501e+00,
         -7.96302855e-01,  1.45520997e+00,  2.91697472e-01, -3.70745882e-02,
         -8.28743756e-01,  1.69297445e+00,  1.39870256e-01,  3.47144634e-01,
          1.45132971e+00,  1.89227927e+00, -7.86206305e-01,  8.48887324e-01,
         -1.52509272e-01,  9.06850159e-01,  2.13085636e-01, -1.89976835e+00,
          2.59958339e+00, -7.81628489e-03, -3.53944278e+00,  9.26269740e-02,
          1.81314635e+00,  9.36726153e-01, -1.05002582e+00,  1.32949638e+00,
          1.94315350e+00, -2.27057785e-01, -1.30081367e+00,  3.09776008e-01,
          2.21050954e+00,  1.20444226e+00,  4.06154245e-01, -1.08184409e+00,
          1.45665658e+00, -8.94338667e-01, -7.91758358e-01,  1.46291125e+00,
          5.33171475e-01,  2.29989100e+00,  6.07490182e-01,  1.23407817e+00,
          1.17756712e+00,  9.69371140e-01,  8.90933275e-01, -9.41517413e-01,
          5.82104325e-02, -1.19444299e+00,  1.23154350e-01,  3.61128658e-01,
          3.64583552e-01,  1.19586349e+00,  1.95783103e+00,  8.49681795e-02,
         -2.09559679e+00,  6.55987144e-01,  5.54952845e-02,  4.14678961e-01,
          9.05359447e-01,  1.39073983e-01, -1.60034192e+00,  1.93631828e+00,
          3.53321671e-01,  1.55974591e+00, -9.87646818e-01,  9.77108777e-02,
         -1.63494088e-02,  6.68059662e-02,  3.33567947e-01, -1.65067792e+00,
         -3.26790214e-01,  2.34847975e+00, -1.39092475e-01, -1.39432058e-01,
          1.55687308e+00,  1.15543532e+00,  1.79730022e+00,  8.63296747e-01,
          2.06401420e+00,  2.07198071e+00,  7.98022032e-01, -4.96794730e-01,
          5.90464413e-01,  3.61538935e+00,  1.79560125e+00, -1.11944366e+00,
          6.21585488e-01, -6.93464816e-01,  2.71107644e-01,  9.37472224e-01,
          2.41019440e+00,  1.98046064e+00, -1.45137322e+00,  1.54940403e+00,
          1.62186563e+00, -1.50854945e-01,  7.18672931e-01,  1.58170462e+00,
         -9.98080373e-01,  1.62913823e+00, -6.09637260e-01,  2.12018800e+00,
          1.96454680e+00,  8.80421579e-01, -5.56211770e-01, -4.07350600e-01,
          2.80090541e-01,  1.75624168e+00,  9.86757517e-01, -9.09066319e-01,
         -5.53657770e-01,  5.33110321e-01,  3.02938461e+00,  1.65611303e+00,
          2.72935653e+00,  6.02995276e-01, -2.32911393e-01,  4.17858034e-01,
         -1.14295828e+00,  2.84628510e+00, -2.56152123e-01,  1.17020406e-01,
          1.37244248e+00,  6.38180137e-01,  3.72055006e+00,  1.23099732e+00,
          8.70291829e-01,  7.88844526e-01,  1.97866619e+00,  2.60462666e+00,
         -6.85521960e-01, -1.46507013e+00, -3.71496305e-02,  4.24839109e-01,
          1.43129969e+00, -2.72370249e-01, -8.80942419e-02,  1.55762577e+00,
         -1.46546042e+00, -1.22304291e-01,  1.42322731e+00,  2.11082125e+00,
          1.01196611e+00,  1.33704901e+00,  1.12377636e-01,  1.42748213e+00,
          5.56310117e-01, -3.42116505e-01,  1.91919601e+00,  2.60481119e-01,
         -1.51539600e+00, -1.18817723e+00, -8.34006786e-01,  2.03853145e-01,
          4.55219686e-01, -1.02285266e+00,  1.41952360e+00,  7.54298747e-01,
          2.33653235e+00, -1.87990189e+00, -3.09708834e-01,  1.24940395e+00,
         -1.35452902e+00, -5.27087748e-01,  9.99306917e-01, -1.25316119e+00,
         -1.27799407e-01, -3.83347049e-02,  1.75523415e-01, -8.53017390e-01,
          1.60762298e+00, -5.28961301e-01, -2.93016791e-01, -1.68955982e-01,
          3.33836913e+00,  2.19397879e+00,  1.58902931e+00, -1.22634625e+00,
          1.62879550e+00, -3.19828182e-01, -5.44129133e-01,  3.78289580e+00,
          6.34410143e-01, -1.17068577e+00,  1.61227131e+00,  1.31027305e+00,
         -2.62050676e+00, -6.34609401e-01,  1.76708773e-01, -5.40234335e-02,
          5.76661304e-02,  1.04483366e+00,  1.21102348e-01, -1.35168886e+00,
         -1.02947819e+00, -1.80534256e+00, -1.42130983e+00, -1.09328680e-01,
          2.40478086e+00, -2.57188797e-01, -2.64587700e-01,  1.03583828e-01,
          1.11794615e+00, -7.06718385e-01, -2.09959650e+00,  3.54444683e-02,
          1.37474120e+00,  2.74771541e-01, -3.35771888e-01,  1.26431465e+00,
          1.88508362e-01,  6.05079114e-01,  1.26197243e+00,  9.26081657e-01,
          5.15285060e-02,  2.82005835e+00,  3.00697565e-01, -3.75456661e-01,
         -8.66909027e-01,  4.98554796e-01, -1.20426619e+00,  6.06755652e-02,
          3.70246458e+00,  2.02262449e+00,  2.20560145e+00, -5.44029355e-01,
          1.67124927e+00,  1.78144228e+00,  1.52402270e+00,  5.91057181e-01,
         -4.08149779e-01, -2.69466817e-01,  1.39590561e+00,  3.97345901e-01,
          6.99264002e+00,  5.08464098e+00,  2.18824911e+00, -4.02204186e-01,
          5.28635144e-01, -5.02179153e-02,  6.76427484e-01,  2.30343771e+00,
         -1.51335299e+00, -1.94022727e+00, -3.48662809e-02, -1.99995506e+00,
          1.75595260e+00, -3.29054922e-01, -1.03157543e-01,  4.35873061e-01,
          8.66673648e-01,  2.30760646e+00,  3.08001071e-01, -7.00705469e-01,
         -2.33031249e+00,  6.65762424e-01, -1.07518601e+00, -1.21305096e+00,
         -1.55274940e+00,  1.47360027e-01, -8.92571628e-01, -1.45798874e+00,
         -1.02456522e+00, -2.42019892e+00, -1.07201815e+00, -1.42169213e+00,
         -1.70995522e+00, -2.09377766e+00, -1.32101095e+00, -2.58566529e-01,
         -1.15568781e+00, -1.10297394e+00, -5.35106421e-01, -3.86366159e-01,
         -2.82381225e+00, -6.67574227e-01, -1.64304435e+00, -1.27703500e+00,
          4.19199079e-01,  1.08906102e+00,  5.11275344e-02, -5.04324913e-01,
         -7.08438873e-01, -4.72047895e-01, -6.17574275e-01, -1.91248691e+00,
         -1.68596566e+00, -1.31374449e-01, -1.18420458e+00, -1.96168113e+00,
         -1.51515388e+00, -1.34852517e+00, -1.02767015e+00, -1.40291476e+00,
         -1.67741120e+00, -1.71770632e+00,  1.64003766e+00, -7.32802749e-01,
          5.05700052e-01, -1.78408474e-01, -1.43338609e+00,  2.05821204e+00,
         -1.45458961e+00, -1.28910124e+00,  7.43027151e-01, -3.67216989e-02,
         -1.66431463e+00,  5.35233736e-01, -6.32859468e-02, -2.11730027e+00,
          2.83240288e-01,  5.07591069e-02, -3.59240502e-01, -8.26880813e-01,
         -7.13877201e-01,  2.69280910e-01, -1.30866265e+00, -3.48281592e-01,
         -1.01864171e+00,  4.80045199e-01, -1.26586211e+00, -1.74128163e+00,
         -1.40605044e+00, -2.45634460e+00, -1.83854365e+00, -1.21836495e+00,
         -1.27962399e+00, -2.27794933e+00, -5.32973334e-02,  1.08821821e+00]],
       device='cuda:0')
Adv example prediction (first 2 examples and 2 restarts):
 tensor([[[ 7.76529387e-02,  1.99773598e+00, -7.93393910e-01, -8.34817648e-01,
          -1.03429019e+00,  2.95831680e-01, -5.72583795e-01, -1.56049776e+00,
          -1.52303123e+00, -1.30183315e+00, -6.64409280e-01,  1.64418027e-01,
           1.59304664e-01, -1.28949538e-01,  3.81068438e-01,  3.48826647e-01,
          -5.00394225e-01, -8.11599135e-01, -2.27805942e-01, -1.72833040e-01,
          -6.69201672e-01,  1.81487307e-01,  1.84694484e-01, -7.71080673e-01,
           1.39154464e-01, -3.77105922e-01,  1.20577514e+00,  3.53170991e-01,
          -5.32431424e-01,  9.01217639e-01, -1.51674354e+00,  1.13094282e+00,
          -3.02278936e-01, -1.74196017e+00, -1.11980963e+00, -1.07644391e+00,
           5.47728777e-01, -1.62393200e+00,  1.11263454e+00, -5.63449562e-01,
           1.52940917e+00, -1.27488583e-01, -2.73634553e-01, -5.02512038e-01,
           6.43767774e-01, -7.26773858e-01,  1.53953850e+00,  9.72639322e-02,
          -1.38541627e+00, -3.18476975e-01,  1.82560503e-01, -2.35316181e+00,
           1.04798186e+00,  7.16797054e-01, -3.71295005e-01, -7.03569055e-01,
           7.30402023e-02, -1.30035400e+00,  3.64330202e-01,  4.55056950e-02,
           4.17037308e-01, -2.57458866e-01, -6.57468557e-01,  1.14494666e-01,
           1.03533186e-01, -3.74063939e-01, -4.57321376e-01, -4.17346895e-01,
          -9.58356619e-01, -1.15478086e+00,  1.04777408e+00,  1.00583410e+00,
           8.16512823e-01,  1.97698474e+00,  9.50785995e-01,  2.11160898e+00,
           7.29013741e-01,  2.50626159e+00,  2.21384740e+00,  2.12651849e+00,
           1.22494586e-01, -1.57109261e+00, -5.25647879e-01, -1.04321921e+00,
          -1.27135262e-01, -3.86789560e-01, -1.10172665e+00,  7.25569665e-01,
           4.53726858e-01, -8.53871346e-01, -1.73911497e-01, -1.24252474e+00,
           4.58918214e-01, -1.19713418e-01,  4.37560678e-01, -1.05176795e+00,
           5.71952283e-01, -8.09327722e-01,  5.07659197e-01, -9.17107940e-01,
           4.77789789e-01, -1.72094905e+00, -2.22848225e+00,  6.58998907e-01,
          -1.39678621e+00, -2.14673710e+00, -1.51375568e+00, -5.55761218e-01,
          -1.56442785e+00, -1.75895798e+00,  1.05197527e-01,  2.92374063e+00,
          -3.10736179e-01,  2.43071526e-01,  4.52061266e-01, -1.38411546e+00,
          -7.84634829e-01, -9.13720280e-02, -3.95646751e-01, -9.53462005e-01,
          -8.32833886e-01, -1.40731370e+00, -1.06665993e+00, -2.03311944e+00,
          -1.14155257e+00, -1.61672914e+00,  8.28041553e-01, -1.56011298e-01,
           1.12555981e+00,  5.23781419e-01, -8.88575464e-02, -2.45618254e-01,
           4.46599454e-01, -3.32783759e-01,  2.29103565e-01, -9.74815488e-01,
          -8.09660077e-01, -1.07058257e-01,  1.04130972e-02, -1.34328341e+00,
          -1.76405764e+00,  6.65653825e-01, -9.34036553e-01, -4.23602194e-01,
          -4.52104807e-01, -5.37711442e-01, -1.20678592e+00,  6.49845719e-01,
           1.89443052e-01, -1.87246501e-03, -1.72795808e+00,  6.17463112e-01,
          -6.67459607e-01,  3.03102851e-01, -9.00816098e-02, -3.78282905e-01,
          -5.38395524e-01, -3.54159856e-04, -5.72181702e-01, -9.75553155e-01,
          -1.02195179e+00, -3.61888736e-01,  1.52428523e-01, -7.16415048e-01,
          -5.88356733e-01, -6.44123554e-01, -8.49604011e-01, -9.96719241e-01,
          -2.49086708e-01, -5.39328814e-01, -1.85217083e-01, -4.91934061e-01,
          -1.12763309e+00, -2.35015735e-01, -5.21870136e-01, -9.10770953e-01,
          -1.12948203e+00, -1.90401033e-01,  9.51279104e-02, -9.70585644e-01,
          -1.27438247e+00, -2.78209746e-01,  1.35445118e-01, -3.23294103e-01,
          -1.35786965e-01, -4.10804003e-01, -1.29739225e-01,  3.50164056e-01,
          -5.91014385e-01, -7.64590442e-01, -1.93117261e-01, -7.71965459e-02,
          -4.68312234e-01, -3.21992069e-01, -5.94697952e-01,  1.10486484e+00,
          -1.01556942e-01, -9.26169395e-01, -8.58057082e-01,  5.66381097e-01,
          -2.69663006e-01, -5.34510672e-01, -1.92909181e-01,  8.19235623e-01,
          -2.28362352e-01, -6.00405216e-01, -1.06701028e+00, -7.52920568e-01,
          -7.25761592e-01, -8.09203267e-01, -1.28765547e+00, -3.91649067e-01,
          -9.49356258e-02, -7.38689065e-01, -6.89680159e-01, -5.43465912e-01,
          -6.53460205e-01, -2.70311177e-01, -5.93721032e-01, -7.56453156e-01,
          -1.04273391e+00, -4.09827411e-01, -4.10061032e-01,  2.33111858e-01,
           4.45101224e-03, -9.50449228e-01, -9.18478191e-01, -5.53684175e-01,
          -8.37433338e-01,  4.27525848e-01, -7.50072360e-01, -3.50138783e-01,
          -7.25518465e-01, -5.01653016e-01, -3.72344851e-01, -8.57501253e-02,
          -5.97363830e-01, -9.57787558e-02, -7.94777036e-01, -2.76464403e-01,
          -6.50330603e-01, -6.19828224e-01,  2.38750018e-02, -1.61624074e+00,
          -1.02365386e+00,  2.18708798e-01, -1.30446756e+00, -4.96140361e-01,
          -1.05345950e-01, -1.55662492e-01, -2.76575357e-01, -1.19274843e+00,
           2.52661169e-01, -1.87488645e-01,  9.07966495e-01, -1.26891017e+00,
          -1.19095981e+00,  5.30255213e-02,  3.56849208e-02,  2.66868889e-01,
           8.11906718e-03, -5.18528283e-01, -9.56463695e-01, -4.29132670e-01,
          -6.98319793e-01, -2.85157934e-04, -7.69656241e-01, -9.19790626e-01,
          -1.48062932e+00,  3.11837852e-01,  3.31540257e-01, -3.61867934e-01,
           5.11014521e-01,  2.16127172e-01, -4.50962901e-01, -5.65607965e-01,
          -7.61770308e-01, -2.77103245e-01, -6.33644760e-01,  6.98659301e-01,
          -1.18287779e-01,  1.40350413e+00,  1.37794554e+00,  1.90404630e+00,
           1.86977088e+00,  4.53191757e-01, -8.72787416e-01, -2.51495540e-01,
          -1.14339304e+00, -8.92800629e-01, -1.39449430e+00, -1.16494632e+00,
          -7.77053535e-01, -6.26938999e-01, -1.44257414e+00, -1.10394800e+00,
           1.31403990e-02, -1.10720766e+00, -1.61277080e+00, -1.04414296e+00,
          -3.65192860e-01,  1.31704676e+00,  1.08197486e+00,  5.42728126e-01,
          -1.45450637e-01, -1.20401967e+00,  4.82519627e-01,  6.59739614e-01,
           1.33952045e+00, -6.07300639e-01,  1.36029232e+00,  1.37562442e+00,
           2.07836196e-01,  2.07753444e+00,  1.90634632e+00,  1.21040654e+00,
           8.99299622e-01, -1.14907533e-01,  1.99871600e+00,  1.56924248e+00,
           1.28085637e+00, -1.54832935e+00, -1.16577792e+00, -1.28998911e+00,
          -1.07538104e+00, -1.84167731e+00, -1.52507174e+00, -4.16382581e-01,
          -1.98077524e+00, -1.44341445e+00,  6.32365793e-02,  3.95570338e-01,
           1.32451439e+00, -4.14249450e-01, -9.32180226e-01, -6.06071055e-01,
          -1.93438327e+00,  1.92566589e-03, -5.42999983e-01, -1.93611014e+00,
          -1.31522691e+00, -1.13586545e+00, -1.81947708e+00, -1.48108399e+00,
          -8.82438242e-01, -1.83781135e+00, -1.77496660e+00, -1.20721757e+00,
          -2.51569271e+00, -1.65349972e+00, -1.82099283e+00, -1.39606571e+00,
          -1.74372685e+00, -1.30277610e+00, -1.90355563e+00, -1.82544923e+00,
          -3.09730470e-01, -2.54686028e-01, -7.40012154e-02,  2.56137699e-02,
          -6.65565372e-01,  4.22116846e-01, -2.18762219e-01, -4.95256603e-01,
          -1.88470984e+00, -6.97671711e-01, -9.60523725e-01, -4.92183000e-01,
          -5.15937448e-01, -9.27855968e-01, -3.46037805e-01, -1.34201121e+00,
          -9.53660488e-01, -6.88464224e-01, -6.13556623e-01, -1.13613153e+00,
          -8.37086678e-01, -3.30510527e-01, -5.32850266e-01, -1.45755482e+00,
          -2.22886533e-01, -1.18387687e+00, -5.10966182e-01, -6.88632369e-01,
          -1.08149970e+00, -9.51861560e-01, -1.55562544e+00, -1.45519292e+00,
          -2.06203675e+00,  7.08362341e-01, -8.63351405e-01,  6.60256743e-01,
          -1.89946532e-01, -2.10610628e+00, -4.01911587e-01,  9.24920142e-01,
          -1.89962518e+00, -1.53946495e+00, -1.64264575e-01,  4.77381587e-01,
          -4.35002953e-01, -2.98347473e-01, -1.87934428e-01, -4.65166807e-01,
          -2.58245111e-01,  1.49327898e+00, -5.54382801e-01, -3.28525931e-01,
          -1.83862388e+00,  2.87761784e+00, -8.90807748e-01,  1.48154449e+00,
           5.82337737e-01,  9.59718585e-01,  1.22027993e+00, -1.72554576e+00,
           1.79219079e+00,  3.86077940e-01,  3.08592415e+00,  1.89803064e+00,
           1.24346480e-01,  4.59842682e-01,  4.24432419e-02, -3.59847784e-01,
           1.53939962e-01,  3.29175353e-01,  1.45900631e+00, -7.66569614e-01,
          -3.90765905e-01, -1.16573155e-01, -5.74218214e-01,  5.50651252e-02,
           4.31051910e-01,  3.86022151e-01,  1.21434295e+00,  1.62009335e+00,
          -5.53578913e-01, -3.44644189e-01,  1.41621351e+00,  3.64870787e-01,
          -1.81422114e-01,  1.30184591e+00, -3.16893965e-01,  1.96760559e+00,
          -9.96595740e-01, -3.80152702e-01,  3.21306229e+00, -1.41615123e-01,
          -4.45802629e-01, -2.01696292e-01, -5.51581025e-01,  1.27919340e+00,
           7.08534420e-02,  4.79509294e-01, -1.25899816e+00,  3.93543541e-01,
           3.60805750e-01,  1.12785578e+00, -5.16423881e-02,  2.57279396e-01,
          -1.23874235e+00, -1.19657993e-01,  2.43051839e+00, -3.35435569e-01,
           1.28411865e+00,  1.73640645e+00, -7.38867879e-01, -1.98210037e+00,
          -1.24577902e-01,  1.45811737e-01,  9.98976052e-01, -1.21949756e+00,
          -6.01768911e-01,  1.36666906e+00, -6.83919907e-01,  6.40881717e-01,
          -1.62278569e+00,  3.27772021e-01,  3.26003700e-01, -7.35924840e-01,
           2.40629530e+00,  1.67388546e+00,  1.11003530e+00, -1.48691571e+00,
          -9.28056359e-01,  1.33356810e+00,  3.10574204e-01,  2.29430389e+00,
           2.97191113e-01,  3.19439083e-01,  1.15770650e+00, -6.29301071e-01,
           1.02572072e+00,  1.14760101e+00,  7.78939843e-01,  5.27168453e-01,
           7.94240236e-01,  5.92726022e-02, -1.81266084e-01,  2.78373027e+00,
          -2.75178361e+00,  2.28235405e-03, -9.29703355e-01,  5.05236924e-01,
           3.95736903e-01,  1.37005970e-01, -1.86763895e+00,  1.76736176e+00,
           1.24385583e+00, -2.27134132e+00, -8.79659832e-01, -8.10153127e-01,
           1.05712390e+00, -7.26996064e-01, -3.86060148e-01, -4.76277351e-01,
          -1.29372537e+00,  3.14566553e-01,  1.17688440e-01, -4.13596690e-01,
          -3.38173151e-01, -2.67017812e-01, -1.09918773e+00, -1.43093154e-01,
          -6.60257936e-01, -6.89693511e-01,  5.02586842e-01,  1.26837325e+00,
          -1.21341124e-01, -2.20359430e-01,  2.00025535e+00,  1.06845653e+00,
           8.03993046e-02,  5.73829710e-01,  2.30754924e+00, -1.51732826e+00,
          -1.34016168e+00, -5.87599635e-01,  7.99528360e-02,  3.14062309e+00,
          -1.82498291e-01, -1.30641282e+00,  1.55846262e+00, -5.10844648e-01,
          -1.02125466e+00,  1.04044652e+00, -2.13234201e-01, -1.93833113e+00,
           8.97852182e-01,  3.58930326e+00, -9.38953042e-01, -1.14460111e-01,
           9.61010993e-01,  1.98020589e+00,  2.99030036e-01, -7.34675586e-01,
           4.65335655e+00,  1.13290513e+00,  7.48797536e-01,  4.85083610e-01,
          -1.26237464e+00, -6.46533906e-01,  1.70700228e+00,  1.93593979e+00,
          -5.98990358e-02,  4.92604226e-01, -1.22356319e+00,  2.88071334e-01,
          -4.16262716e-01, -1.99686539e+00, -2.48117801e-02, -3.80556405e-01,
           9.79085743e-01, -1.41208518e+00,  3.19160581e-01, -1.34848893e+00,
          -1.62721062e+00,  5.06125391e-01,  2.22300217e-01,  3.60419989e-01,
           1.96592540e-01, -2.09961697e-01, -2.26676798e+00, -4.87537868e-02,
           1.71498048e+00,  6.68538690e-01, -7.98153698e-01,  2.04982448e+00,
           1.95114267e+00,  6.75404489e-01,  1.37836540e+00,  4.37944555e+00,
           7.83122182e-01,  1.02354503e+00, -2.88958400e-01, -1.24135768e+00,
           1.89441550e+00,  3.61904889e-01,  1.08968937e+00,  2.01858354e+00,
           2.11434269e+00,  6.32202029e-02,  1.10616136e+00, -1.97009933e+00,
           1.74737394e+00,  2.37559509e+00,  7.80615389e-01, -6.70880318e-01,
           1.45518422e+00, -1.13207543e+00,  7.51265526e-01,  7.28411555e-01,
          -9.48709726e-01,  4.37870771e-01,  4.28199798e-01,  1.16137350e+00,
           1.71401131e+00,  2.76802540e-01,  2.08727145e+00,  2.47140956e+00,
           2.16519761e+00,  1.94008484e-01,  1.21245635e+00,  2.98072028e+00,
          -6.29481018e-01, -1.14397848e+00,  2.19596219e+00,  2.42293909e-01,
          -1.44606662e+00,  1.48460400e+00,  2.36959234e-01,  4.02955294e-01,
           4.03020525e+00,  1.11304033e+00, -1.75708342e+00,  6.45152330e-01,
           2.00390530e+00,  4.00029987e-01, -2.67881840e-01, -9.22000557e-02,
          -8.72988701e-01, -8.77127051e-02, -1.16734660e+00, -3.33301783e-01,
           2.17472887e+00, -1.51448011e+00, -1.91612795e-01,  6.81737483e-01,
           2.02658200e+00, -2.00945616e+00,  1.63656473e+00,  3.97429872e+00,
          -7.54236639e-01, -1.06391430e-01, -7.06151187e-01,  7.21187830e-01,
          -4.24086273e-01,  1.22014761e+00, -3.48094344e-01,  3.07110131e-01,
           3.79465580e-01, -1.40711749e+00,  1.72996378e+00, -9.23485458e-01,
           2.49304605e+00, -4.75581676e-01, -5.16580977e-02,  2.99084097e-01,
          -7.40736425e-01,  2.38540435e+00, -1.54127553e-01, -1.22958207e+00,
          -7.91700304e-01,  1.44507051e+00,  2.82071859e-01, -5.15760928e-02,
          -8.44446182e-01,  1.67700350e+00,  1.29667073e-01,  3.54341418e-01,
           1.43346167e+00,  1.88459718e+00, -7.90264666e-01,  8.30156684e-01,
          -1.85179666e-01,  8.90644073e-01,  1.90453097e-01, -1.89925873e+00,
           2.58073354e+00, -1.51836574e-02, -3.54200959e+00,  8.15330446e-02,
           1.80783713e+00,  9.18030500e-01, -1.06057870e+00,  1.32550490e+00,
           1.92890167e+00, -2.22753316e-01, -1.30330217e+00,  2.71123052e-01,
           2.21967793e+00,  1.20455503e+00,  3.92416716e-01, -1.07175732e+00,
           1.46774542e+00, -8.91238809e-01, -7.68484056e-01,  1.47315860e+00,
           5.23705661e-01,  2.30357647e+00,  5.97565234e-01,  1.22299623e+00,
           1.16009676e+00,  9.60209846e-01,  8.69059980e-01, -9.61472452e-01,
           6.89367875e-02, -1.19534183e+00,  1.23610608e-01,  3.51016849e-01,
           3.52373034e-01,  1.22208202e+00,  1.95072794e+00,  7.57198259e-02,
          -2.11016750e+00,  6.65484607e-01,  3.50015387e-02,  4.31788921e-01,
           9.08477724e-01,  1.19316667e-01, -1.59904253e+00,  1.91476572e+00,
           3.51289660e-01,  1.55300081e+00, -9.76819277e-01,  1.08918771e-01,
          -2.69634463e-02,  6.98689297e-02,  3.47644657e-01, -1.65899706e+00,
          -3.37983459e-01,  2.33407331e+00, -1.38282299e-01, -1.33078501e-01,
           1.53691280e+00,  1.15291190e+00,  1.80763185e+00,  8.45799148e-01,
           2.06212568e+00,  2.06436944e+00,  8.13484967e-01, -4.84536916e-01,
           5.89707911e-01,  3.61720133e+00,  1.79329062e+00, -1.12053061e+00,
           6.40468895e-01, -6.83107495e-01,  2.68214792e-01,  9.41086173e-01,
           2.41761971e+00,  1.96941638e+00, -1.45178449e+00,  1.53188384e+00,
           1.61841404e+00, -1.55268952e-01,  7.10183561e-01,  1.56468058e+00,
          -9.89831686e-01,  1.60772109e+00, -6.08154058e-01,  2.10361600e+00,
           1.94097698e+00,  8.90838504e-01, -5.52801847e-01, -4.15159583e-01,
           2.76720405e-01,  1.74370909e+00,  9.79959488e-01, -9.08572018e-01,
          -5.63432693e-01,  5.20257235e-01,  3.00932598e+00,  1.64711142e+00,
           2.71391368e+00,  6.17504001e-01, -2.31864795e-01,  4.09520298e-01,
          -1.13867819e+00,  2.84421301e+00, -2.57599145e-01,  1.29310533e-01,
           1.36688352e+00,  6.41576469e-01,  3.74456787e+00,  1.22185314e+00,
           8.64549994e-01,  7.96524107e-01,  1.95109916e+00,  2.62564015e+00,
          -7.01976597e-01, -1.47100890e+00, -3.56911495e-02,  4.40162390e-01,
           1.42609394e+00, -2.62992948e-01, -8.66883546e-02,  1.55919433e+00,
          -1.46384406e+00, -1.17584080e-01,  1.40744531e+00,  2.10767817e+00,
           9.93281543e-01,  1.31962276e+00,  9.78135020e-02,  1.44594848e+00,
           5.73915303e-01, -3.49515617e-01,  1.91241670e+00,  2.64310837e-01,
          -1.50705051e+00, -1.20080447e+00, -8.34443688e-01,  1.92265064e-01,
           4.60290790e-01, -1.01387882e+00,  1.39998138e+00,  7.37063348e-01,
           2.34783244e+00, -1.86701941e+00, -3.10092568e-01,  1.24045944e+00,
          -1.35208118e+00, -5.41809142e-01,  1.00825822e+00, -1.25519216e+00,
          -1.29910052e-01, -2.89737228e-02,  1.57468840e-01, -8.44739616e-01,
           1.60297549e+00, -5.37338793e-01, -3.01572442e-01, -1.65907830e-01,
           3.31582785e+00,  2.18955803e+00,  1.57467818e+00, -1.21701825e+00,
           1.62069225e+00, -3.14674884e-01, -5.33983946e-01,  3.76750612e+00,
           6.34739280e-01, -1.16550636e+00,  1.60266995e+00,  1.30353665e+00,
          -2.64300418e+00, -6.51838779e-01,  1.84972793e-01, -5.85694425e-02,
           4.11323383e-02,  1.04253125e+00,  1.08642101e-01, -1.34805441e+00,
          -1.03015864e+00, -1.81332839e+00, -1.41337776e+00, -1.13044076e-01,
           2.39359140e+00, -2.48185828e-01, -2.65458971e-01,  9.26864296e-02,
           1.11381292e+00, -6.98282063e-01, -2.09116077e+00,  1.77994389e-02,
           1.38937712e+00,  2.74216682e-01, -3.52061093e-01,  1.27389383e+00,
           1.83712304e-01,  5.94967544e-01,  1.26814020e+00,  9.28568244e-01,
           6.15912974e-02,  2.80331945e+00,  2.97466964e-01, -3.80534559e-01,
          -8.61476541e-01,  4.90221411e-01, -1.21291447e+00,  4.63680811e-02,
           3.68878555e+00,  2.01628256e+00,  2.20640182e+00, -5.43557942e-01,
           1.67789090e+00,  1.78515804e+00,  1.53184938e+00,  5.95841706e-01,
          -4.04535472e-01, -2.89100796e-01,  1.36691356e+00,  4.05776411e-01,
           7.01821756e+00,  5.09426832e+00,  2.16667938e+00, -3.95484120e-01,
           5.37175298e-01, -5.14870323e-02,  6.77527249e-01,  2.30600262e+00,
          -1.50746071e+00, -1.94037807e+00, -5.59559017e-02, -1.97683418e+00,
           1.73244023e+00, -3.51005822e-01, -1.03593469e-01,  4.31406707e-01,
           8.58413339e-01,  2.28680158e+00,  2.93945789e-01, -7.09866047e-01,
          -2.32538462e+00,  6.57177687e-01, -1.08213580e+00, -1.21120214e+00,
          -1.53966570e+00,  1.58977464e-01, -8.93387318e-01, -1.44263577e+00,
          -1.01871991e+00, -2.40954924e+00, -1.06864607e+00, -1.41259587e+00,
          -1.70949447e+00, -2.07848024e+00, -1.31240141e+00, -2.46083871e-01,
          -1.16758883e+00, -1.09691668e+00, -5.37211180e-01, -3.76084149e-01,
          -2.82256722e+00, -6.68166101e-01, -1.64794230e+00, -1.26625204e+00,
           4.30448741e-01,  1.08412969e+00,  5.07737882e-02, -5.00144482e-01,
          -7.04151094e-01, -4.63260680e-01, -6.07793033e-01, -1.89392960e+00,
          -1.68066359e+00, -1.40207201e-01, -1.17383504e+00, -1.96627712e+00,
          -1.51725018e+00, -1.33536220e+00, -1.03087032e+00, -1.39756656e+00,
          -1.68369329e+00, -1.70588493e+00,  1.64024222e+00, -7.28272557e-01,
           5.11209607e-01, -1.86778635e-01, -1.43445718e+00,  2.07697105e+00,
          -1.45839536e+00, -1.28816676e+00,  7.42042899e-01, -3.88103276e-02,
          -1.67222047e+00,  5.46598852e-01, -7.61830360e-02, -2.12088060e+00,
           2.58493274e-01,  5.05153388e-02, -3.37752521e-01, -8.23149502e-01,
          -7.11410403e-01,  2.67350376e-01, -1.31136334e+00, -3.44255358e-01,
          -1.01566231e+00,  4.74492610e-01, -1.26692545e+00, -1.74774647e+00,
          -1.40505695e+00, -2.46597695e+00, -1.84487510e+00, -1.22595274e+00,
          -1.28882778e+00, -2.27133942e+00, -4.62885723e-02,  1.10942113e+00]]],
       device='cuda:0')
PGD attack margin (first 2 examples and 10 specs):
 tensor([[[0.74907476]]], device='cuda:0')
number of violation:  0
Attack finished in 7.7350 seconds.
PGD attack failed
verified_status unknown
verified_success False
Total VNNLIB file length: 1, max property batch size: 1, total number of batches: 1

Properties batch 0, size 1
Remaining timeout: 1154.9045851230621
Verifying property 0 with 1 instances.
torch allclose failed: norm 8.889588571037166e-06
Model: BoundedModule(
  (/input-1): BoundInput(name=/input-1, inputs=[], perturbed=True)
  (/33): BoundParams(name=/33, inputs=[], perturbed=False)
  (/34): BoundParams(name=/34, inputs=[], perturbed=False)
  (/35): BoundParams(name=/35, inputs=[], perturbed=False)
  (/36): BoundParams(name=/36, inputs=[], perturbed=False)
  (/37): BoundParams(name=/37, inputs=[], perturbed=False)
  (/38): BoundParams(name=/38, inputs=[], perturbed=False)
  (/39): BoundParams(name=/39, inputs=[], perturbed=False)
  (/40): BoundParams(name=/40, inputs=[], perturbed=False)
  (/41): BoundParams(name=/41, inputs=[], perturbed=False)
  (/42): BoundParams(name=/42, inputs=[], perturbed=False)
  (/43): BoundParams(name=/43, inputs=[], perturbed=False)
  (/44): BoundParams(name=/44, inputs=[], perturbed=False)
  (/45): BoundParams(name=/45, inputs=[], perturbed=False)
  (/46): BoundParams(name=/46, inputs=[], perturbed=False)
  (/47): BoundParams(name=/47, inputs=[], perturbed=False)
  (/48): BoundParams(name=/48, inputs=[], perturbed=False)
  (/49): BoundParams(name=/49, inputs=[], perturbed=False)
  (/50): BoundParams(name=/50, inputs=[], perturbed=False)
  (/51): BoundParams(name=/51, inputs=[], perturbed=False)
  (/52): BoundParams(name=/52, inputs=[], perturbed=False)
  (/53): BoundParams(name=/53, inputs=[], perturbed=False)
  (/54): BoundParams(name=/54, inputs=[], perturbed=False)
  (/55): BoundParams(name=/55, inputs=[], perturbed=False)
  (/56): BoundParams(name=/56, inputs=[], perturbed=False)
  (/57): BoundParams(name=/57, inputs=[], perturbed=False)
  (/58): BoundParams(name=/58, inputs=[], perturbed=False)
  (/59): BoundParams(name=/59, inputs=[], perturbed=False)
  (/60): BoundParams(name=/60, inputs=[], perturbed=False)
  (/61): BoundParams(name=/61, inputs=[], perturbed=False)
  (/62): BoundParams(name=/62, inputs=[], perturbed=False)
  (/63): BoundParams(name=/63, inputs=[], perturbed=False)
  (/64): BoundParams(name=/64, inputs=[], perturbed=False)
  (/input): BoundConv(name=/input, inputs=[/input-1, /33, /34], perturbed=True)
  (/66): BoundRelu(name=/66, inputs=[/input], perturbed=True)
  (/input-4): BoundConv(name=/input-4, inputs=[/66, /35, /36], perturbed=True)
  (/68): BoundRelu(name=/68, inputs=[/input-4], perturbed=True)
  (/input-12): BoundConv(name=/input-12, inputs=[/input-8/add_3_4, /37, /38], perturbed=True)
  (/71): BoundRelu(name=/71, inputs=[/input-12], perturbed=True)
  (/input-16): BoundConv(name=/input-16, inputs=[/71, /39, /40], perturbed=True)
  (/73): BoundRelu(name=/73, inputs=[/input-16], perturbed=True)
  (/input-24): BoundConv(name=/input-24, inputs=[/input-20/add_3_4, /41, /42], perturbed=True)
  (/76): BoundRelu(name=/76, inputs=[/input-24], perturbed=True)
  (/input-28): BoundConv(name=/input-28, inputs=[/76, /43, /44], perturbed=True)
  (/78): BoundRelu(name=/78, inputs=[/input-28], perturbed=True)
  (/input-32): BoundConv(name=/input-32, inputs=[/78, /45, /46], perturbed=True)
  (/80): BoundRelu(name=/80, inputs=[/input-32], perturbed=True)
  (/input-40): BoundConv(name=/input-40, inputs=[/input-36/add_3_4, /47, /48], perturbed=True)
  (/83): BoundRelu(name=/83, inputs=[/input-40], perturbed=True)
  (/input-44): BoundConv(name=/input-44, inputs=[/83, /49, /50], perturbed=True)
  (/85): BoundRelu(name=/85, inputs=[/input-44], perturbed=True)
  (/input-48): BoundConv(name=/input-48, inputs=[/85, /51, /52], perturbed=True)
  (/87): BoundRelu(name=/87, inputs=[/input-48], perturbed=True)
  (/input-56): BoundConv(name=/input-56, inputs=[/input-52/add_3_4, /53, /54], perturbed=True)
  (/90): BoundRelu(name=/90, inputs=[/input-56], perturbed=True)
  (/input-60): BoundConv(name=/input-60, inputs=[/90, /55, /56], perturbed=True)
  (/92): BoundRelu(name=/92, inputs=[/input-60], perturbed=True)
  (/input-64): BoundConv(name=/input-64, inputs=[/92, /57, /58], perturbed=True)
  (/94): BoundRelu(name=/94, inputs=[/input-64], perturbed=True)
  (/96): BoundFlatten(name=/96, inputs=[/95/add_3_4], perturbed=True)
  (/input-68): BoundLinear(name=/input-68, inputs=[/96, /59, /60], perturbed=True)
  (/98): BoundRelu(name=/98, inputs=[/input-68], perturbed=True)
  (/99): BoundFlatten(name=/99, inputs=[/98], perturbed=True)
  (/input-72): BoundLinear(name=/input-72, inputs=[/99, /61, /62], perturbed=True)
  (/101): BoundRelu(name=/101, inputs=[/input-72], perturbed=True)
  (/102): BoundFlatten(name=/102, inputs=[/101], perturbed=True)
  (/103): BoundLinear(name=/103, inputs=[/102, /63, /64], perturbed=True)
  (/input-8/conv_1): BoundConv(name=/input-8/conv_1, inputs=[/68, /input-8/conv_1_w], perturbed=True)
  (/input-8/conv_1_relu): BoundRelu(name=/input-8/conv_1_relu, inputs=[/input-8/conv_1], perturbed=True)
  (/input-8/conv_1_w): BoundParams(name=/input-8/conv_1_w, inputs=[], perturbed=False)
  (/input-8/conv_2): BoundConv(name=/input-8/conv_2, inputs=[/68, /input-8/conv_2_w], perturbed=True)
  (/input-8/conv_2_w): BoundParams(name=/input-8/conv_2_w, inputs=[], perturbed=False)
  (/input-8/conv_3): BoundConv(name=/input-8/conv_3, inputs=[/input-8/add_1_2, /input-8/conv_3_w], perturbed=True)
  (/input-8/conv_3_relu): BoundRelu(name=/input-8/conv_3_relu, inputs=[/input-8/conv_3], perturbed=True)
  (/input-8/conv_3_w): BoundParams(name=/input-8/conv_3_w, inputs=[], perturbed=False)
  (/input-8/conv_4): BoundConv(name=/input-8/conv_4, inputs=[/input-8/add_1_2, /input-8/conv_4_w], perturbed=True)
  (/input-8/conv_4_w): BoundParams(name=/input-8/conv_4_w, inputs=[], perturbed=False)
  (/input-8/add_1_2): BoundAdd(name=/input-8/add_1_2, inputs=[/input-8/conv_1_relu, /input-8/conv_2], perturbed=True)
  (/input-8/add_3_4): BoundAdd(name=/input-8/add_3_4, inputs=[/input-8/conv_3_relu, /input-8/conv_4], perturbed=True)
  (/input-20/conv_1): BoundConv(name=/input-20/conv_1, inputs=[/73, /input-20/conv_1_w], perturbed=True)
  (/input-20/conv_1_relu): BoundRelu(name=/input-20/conv_1_relu, inputs=[/input-20/conv_1], perturbed=True)
  (/input-20/conv_1_w): BoundParams(name=/input-20/conv_1_w, inputs=[], perturbed=False)
  (/input-20/conv_2): BoundConv(name=/input-20/conv_2, inputs=[/73, /input-20/conv_2_w], perturbed=True)
  (/input-20/conv_2_w): BoundParams(name=/input-20/conv_2_w, inputs=[], perturbed=False)
  (/input-20/conv_3): BoundConv(name=/input-20/conv_3, inputs=[/input-20/add_1_2, /input-20/conv_3_w], perturbed=True)
  (/input-20/conv_3_relu): BoundRelu(name=/input-20/conv_3_relu, inputs=[/input-20/conv_3], perturbed=True)
  (/input-20/conv_3_w): BoundParams(name=/input-20/conv_3_w, inputs=[], perturbed=False)
  (/input-20/conv_4): BoundConv(name=/input-20/conv_4, inputs=[/input-20/add_1_2, /input-20/conv_4_w], perturbed=True)
  (/input-20/conv_4_w): BoundParams(name=/input-20/conv_4_w, inputs=[], perturbed=False)
  (/input-20/add_1_2): BoundAdd(name=/input-20/add_1_2, inputs=[/input-20/conv_1_relu, /input-20/conv_2], perturbed=True)
  (/input-20/add_3_4): BoundAdd(name=/input-20/add_3_4, inputs=[/input-20/conv_3_relu, /input-20/conv_4], perturbed=True)
  (/input-36/conv_1): BoundConv(name=/input-36/conv_1, inputs=[/80, /input-36/conv_1_w], perturbed=True)
  (/input-36/conv_1_relu): BoundRelu(name=/input-36/conv_1_relu, inputs=[/input-36/conv_1], perturbed=True)
  (/input-36/conv_1_w): BoundParams(name=/input-36/conv_1_w, inputs=[], perturbed=False)
  (/input-36/conv_2): BoundConv(name=/input-36/conv_2, inputs=[/80, /input-36/conv_2_w], perturbed=True)
  (/input-36/conv_2_w): BoundParams(name=/input-36/conv_2_w, inputs=[], perturbed=False)
  (/input-36/conv_3): BoundConv(name=/input-36/conv_3, inputs=[/input-36/add_1_2, /input-36/conv_3_w], perturbed=True)
  (/input-36/conv_3_relu): BoundRelu(name=/input-36/conv_3_relu, inputs=[/input-36/conv_3], perturbed=True)
  (/input-36/conv_3_w): BoundParams(name=/input-36/conv_3_w, inputs=[], perturbed=False)
  (/input-36/conv_4): BoundConv(name=/input-36/conv_4, inputs=[/input-36/add_1_2, /input-36/conv_4_w], perturbed=True)
  (/input-36/conv_4_w): BoundParams(name=/input-36/conv_4_w, inputs=[], perturbed=False)
  (/input-36/add_1_2): BoundAdd(name=/input-36/add_1_2, inputs=[/input-36/conv_1_relu, /input-36/conv_2], perturbed=True)
  (/input-36/add_3_4): BoundAdd(name=/input-36/add_3_4, inputs=[/input-36/conv_3_relu, /input-36/conv_4], perturbed=True)
  (/input-52/conv_1): BoundConv(name=/input-52/conv_1, inputs=[/87, /input-52/conv_1_w], perturbed=True)
  (/input-52/conv_1_relu): BoundRelu(name=/input-52/conv_1_relu, inputs=[/input-52/conv_1], perturbed=True)
  (/input-52/conv_1_w): BoundParams(name=/input-52/conv_1_w, inputs=[], perturbed=False)
  (/input-52/conv_2): BoundConv(name=/input-52/conv_2, inputs=[/87, /input-52/conv_2_w], perturbed=True)
  (/input-52/conv_2_w): BoundParams(name=/input-52/conv_2_w, inputs=[], perturbed=False)
  (/input-52/conv_3): BoundConv(name=/input-52/conv_3, inputs=[/input-52/add_1_2, /input-52/conv_3_w], perturbed=True)
  (/input-52/conv_3_relu): BoundRelu(name=/input-52/conv_3_relu, inputs=[/input-52/conv_3], perturbed=True)
  (/input-52/conv_3_w): BoundParams(name=/input-52/conv_3_w, inputs=[], perturbed=False)
  (/input-52/conv_4): BoundConv(name=/input-52/conv_4, inputs=[/input-52/add_1_2, /input-52/conv_4_w], perturbed=True)
  (/input-52/conv_4_w): BoundParams(name=/input-52/conv_4_w, inputs=[], perturbed=False)
  (/input-52/add_1_2): BoundAdd(name=/input-52/add_1_2, inputs=[/input-52/conv_1_relu, /input-52/conv_2], perturbed=True)
  (/input-52/add_3_4): BoundAdd(name=/input-52/add_3_4, inputs=[/input-52/conv_3_relu, /input-52/conv_4], perturbed=True)
  (/95/conv_1): BoundConv(name=/95/conv_1, inputs=[/94, /95/conv_1_w], perturbed=True)
  (/95/conv_1_relu): BoundRelu(name=/95/conv_1_relu, inputs=[/95/conv_1], perturbed=True)
  (/95/conv_1_w): BoundParams(name=/95/conv_1_w, inputs=[], perturbed=False)
  (/95/conv_2): BoundConv(name=/95/conv_2, inputs=[/94, /95/conv_2_w], perturbed=True)
  (/95/conv_2_w): BoundParams(name=/95/conv_2_w, inputs=[], perturbed=False)
  (/95/conv_3): BoundConv(name=/95/conv_3, inputs=[/95/add_1_2, /95/conv_3_w], perturbed=True)
  (/95/conv_3_relu): BoundRelu(name=/95/conv_3_relu, inputs=[/95/conv_3], perturbed=True)
  (/95/conv_3_w): BoundParams(name=/95/conv_3_w, inputs=[], perturbed=False)
  (/95/conv_4): BoundConv(name=/95/conv_4, inputs=[/95/add_1_2, /95/conv_4_w], perturbed=True)
  (/95/conv_4_w): BoundParams(name=/95/conv_4_w, inputs=[], perturbed=False)
  (/95/add_1_2): BoundAdd(name=/95/add_1_2, inputs=[/95/conv_1_relu, /95/conv_2], perturbed=True)
  (/95/add_3_4): BoundAdd(name=/95/add_3_4, inputs=[/95/conv_3_relu, /95/conv_4], perturbed=True)
)
Model prediction is: tensor([ 6.73397109e-02,  2.00978065e+00, -8.06486428e-01, -8.35692883e-01,
        -1.04503024e+00,  3.08130503e-01, -5.91604829e-01, -1.56363046e+00,
        -1.53181624e+00, -1.31260157e+00, -6.59279168e-01,  1.47613958e-01,
         1.50101528e-01, -1.51539400e-01,  3.71817142e-01,  3.41837287e-01,
        -5.02156794e-01, -8.27173591e-01, -2.42921442e-01, -1.94532529e-01,
        -6.71542406e-01,  1.74298510e-01,  1.70259431e-01, -7.88450181e-01,
         1.28837869e-01, -3.78958523e-01,  1.21096671e+00,  3.60787451e-01,
        -5.39033234e-01,  9.00850594e-01, -1.52513063e+00,  1.11392617e+00,
        -2.94293880e-01, -1.74597907e+00, -1.11148107e+00, -1.08266914e+00,
         5.41425467e-01, -1.63670111e+00,  1.12690389e+00, -5.84890127e-01,
         1.50588787e+00, -1.22232318e-01, -2.69102871e-01, -4.94437367e-01,
         6.34419262e-01, -7.31532395e-01,  1.51256490e+00,  9.52443555e-02,
        -1.41093194e+00, -3.22758853e-01,  1.68937936e-01, -2.34457040e+00,
         1.04146612e+00,  7.08397925e-01, -3.72334987e-01, -7.34379113e-01,
         6.23888336e-02, -1.30218410e+00,  3.46279532e-01,  4.97785658e-02,
         4.03430939e-01, -2.73353398e-01, -6.64658606e-01,  1.24717265e-01,
         9.47768167e-02, -3.71185154e-01, -4.45105880e-01, -4.30311739e-01,
        -9.44307685e-01, -1.15401781e+00,  1.03641617e+00,  1.00191915e+00,
         8.01674008e-01,  1.98164129e+00,  9.33076322e-01,  2.10229063e+00,
         7.12374151e-01,  2.48537660e+00,  2.21660733e+00,  2.11593604e+00,
         1.40078992e-01, -1.57014012e+00, -5.34200430e-01, -1.03341663e+00,
        -1.46906927e-01, -4.00221676e-01, -1.10088396e+00,  7.10120380e-01,
         4.48937327e-01, -8.79136384e-01, -1.81299493e-01, -1.24056041e+00,
         4.56335068e-01, -1.34295389e-01,  4.27001029e-01, -1.04427850e+00,
         5.59581816e-01, -8.21214497e-01,  5.30897975e-01, -9.18387353e-01,
         4.81146514e-01, -1.71858394e+00, -2.23227334e+00,  6.71660662e-01,
        -1.40208840e+00, -2.15996933e+00, -1.52118564e+00, -5.56295216e-01,
        -1.56237733e+00, -1.75880599e+00,  1.19065024e-01,  2.95783591e+00,
        -3.10281038e-01,  2.47591406e-01,  4.41391379e-01, -1.37866712e+00,
        -7.78204441e-01, -6.87607527e-02, -4.08915162e-01, -9.53672111e-01,
        -8.37796092e-01, -1.40868771e+00, -1.05963302e+00, -2.03565907e+00,
        -1.15597951e+00, -1.62342191e+00,  8.31023455e-01, -1.63386419e-01,
         1.13923156e+00,  5.31588733e-01, -8.56466144e-02, -2.52499133e-01,
         4.35046583e-01, -3.37499022e-01,  2.20859200e-01, -9.69603896e-01,
        -8.00091147e-01, -1.09142259e-01, -1.26525294e-02, -1.34689128e+00,
        -1.76696074e+00,  6.68478608e-01, -9.22883570e-01, -4.20428663e-01,
        -4.52981323e-01, -5.38043857e-01, -1.20857871e+00,  6.65254295e-01,
         2.05784425e-01,  7.93166459e-03, -1.73461795e+00,  6.10385418e-01,
        -6.59122705e-01,  2.94967175e-01, -9.89360437e-02, -3.86615515e-01,
        -5.44727623e-01, -5.90446964e-03, -5.66933393e-01, -9.79395509e-01,
        -1.01763284e+00, -3.66123974e-01,  1.39131099e-01, -7.14355350e-01,
        -5.90501547e-01, -6.38519466e-01, -8.49520624e-01, -9.81204331e-01,
        -2.47647941e-01, -5.48496246e-01, -1.92434207e-01, -5.00984132e-01,
        -1.13422835e+00, -2.33679250e-01, -5.36896944e-01, -8.99742246e-01,
        -1.13567472e+00, -1.93287119e-01,  8.45306665e-02, -9.77736175e-01,
        -1.28008342e+00, -2.70273983e-01,  1.24991715e-01, -3.25115412e-01,
        -1.37907073e-01, -4.10171777e-01, -1.26513898e-01,  3.53995562e-01,
        -5.78687072e-01, -7.64269292e-01, -1.81737468e-01, -7.93466941e-02,
        -4.81436878e-01, -3.23151886e-01, -5.81507802e-01,  1.09261787e+00,
        -1.06788002e-01, -9.28523779e-01, -8.58834207e-01,  5.59631705e-01,
        -2.72552431e-01, -5.42887032e-01, -2.01362103e-01,  8.01699460e-01,
        -2.39791721e-01, -6.07854009e-01, -1.06064129e+00, -7.59265542e-01,
        -7.34246910e-01, -8.22109759e-01, -1.28094411e+00, -3.93460721e-01,
        -1.08353809e-01, -7.49878824e-01, -6.92559183e-01, -5.52763402e-01,
        -6.57004654e-01, -2.87805110e-01, -6.02889419e-01, -7.65652061e-01,
        -1.02981305e+00, -4.04113263e-01, -4.16568667e-01,  2.35007405e-01,
         4.15722094e-03, -9.56265688e-01, -9.23224986e-01, -5.59334636e-01,
        -8.29079092e-01,  4.15826917e-01, -7.62606502e-01, -3.57664376e-01,
        -7.32015669e-01, -5.08489251e-01, -3.81660730e-01, -9.31350812e-02,
        -5.96408248e-01, -1.02980785e-01, -8.04346204e-01, -2.78469861e-01,
        -6.47597015e-01, -6.16728365e-01,  1.68347694e-02, -1.62186074e+00,
        -1.01852870e+00,  2.06054434e-01, -1.30374122e+00, -5.04365861e-01,
        -1.11834198e-01, -1.65943548e-01, -2.89001882e-01, -1.19716859e+00,
         2.58611649e-01, -1.84413314e-01,  9.02106464e-01, -1.27263546e+00,
        -1.19204414e+00,  3.82953361e-02,  2.12891065e-02,  2.57919878e-01,
         5.47278486e-03, -5.29986024e-01, -9.42296386e-01, -4.41512674e-01,
        -6.99516833e-01, -1.07293408e-02, -7.73739338e-01, -9.21745420e-01,
        -1.47567832e+00,  3.13761532e-01,  3.24443549e-01, -3.59673142e-01,
         5.08806944e-01,  2.17352584e-01, -4.42681551e-01, -5.63432693e-01,
        -7.64476001e-01, -2.69881278e-01, -6.31342888e-01,  6.91674054e-01,
        -1.12772025e-01,  1.39496195e+00,  1.37132394e+00,  1.89897156e+00,
         1.85233355e+00,  4.54663754e-01, -8.83580625e-01, -2.67126501e-01,
        -1.14063668e+00, -9.03852761e-01, -1.39077842e+00, -1.15784478e+00,
        -7.80766666e-01, -6.25339866e-01, -1.43867218e+00, -1.11249733e+00,
         5.24528697e-03, -1.11301112e+00, -1.61446488e+00, -1.04868555e+00,
        -3.79892379e-01,  1.30483997e+00,  1.08269083e+00,  5.31245768e-01,
        -1.58003271e-01, -1.22401273e+00,  4.62559998e-01,  6.52059257e-01,
         1.32815814e+00, -6.12434387e-01,  1.35412204e+00,  1.35631013e+00,
         1.93097711e-01,  2.05102611e+00,  1.89288759e+00,  1.17737031e+00,
         8.78705978e-01, -1.31801158e-01,  1.98440933e+00,  1.56796706e+00,
         1.27708316e+00, -1.55389321e+00, -1.16080070e+00, -1.28573787e+00,
        -1.08680511e+00, -1.83985758e+00, -1.51842916e+00, -4.17158216e-01,
        -1.98302209e+00, -1.44626737e+00,  6.03042394e-02,  4.06276226e-01,
         1.31846452e+00, -4.29430604e-01, -9.34614122e-01, -5.97266614e-01,
        -1.94402552e+00,  3.43539193e-03, -5.39385498e-01, -1.93162191e+00,
        -1.32173073e+00, -1.13506401e+00, -1.82021224e+00, -1.48996782e+00,
        -9.00907040e-01, -1.83846879e+00, -1.77952540e+00, -1.21910560e+00,
        -2.53011584e+00, -1.65292084e+00, -1.82131422e+00, -1.38773394e+00,
        -1.73874629e+00, -1.29552794e+00, -1.89954317e+00, -1.83661330e+00,
        -3.10421646e-01, -2.51321614e-01, -7.26731643e-02,  2.20224112e-02,
        -6.68538332e-01,  4.20882523e-01, -2.18780443e-01, -5.03247857e-01,
        -1.89295852e+00, -7.08050132e-01, -9.67409670e-01, -5.05438328e-01,
        -5.22211790e-01, -9.28428948e-01, -3.56983989e-01, -1.33376145e+00,
        -9.58268821e-01, -6.90503299e-01, -6.22985780e-01, -1.15056062e+00,
        -8.26056302e-01, -3.33162874e-01, -5.46193123e-01, -1.46745074e+00,
        -2.24399179e-01, -1.20145082e+00, -5.27071178e-01, -6.99904323e-01,
        -1.07338500e+00, -9.59008873e-01, -1.56272244e+00, -1.45416951e+00,
        -2.07514262e+00,  7.11940467e-01, -8.73183846e-01,  6.40687168e-01,
        -1.64377183e-01, -2.10323477e+00, -4.12285000e-01,  9.22634065e-01,
        -1.90337229e+00, -1.55255020e+00, -1.57244548e-01,  4.80603904e-01,
        -4.26121950e-01, -3.04280072e-01, -1.76026791e-01, -4.55712378e-01,
        -2.53675252e-01,  1.49681640e+00, -5.55085778e-01, -3.30286443e-01,
        -1.83711505e+00,  2.89548373e+00, -9.11247969e-01,  1.47776592e+00,
         5.70133090e-01,  9.67148125e-01,  1.21577501e+00, -1.72837734e+00,
         1.81283414e+00,  3.91967267e-01,  3.10491824e+00,  1.90404129e+00,
         1.29491389e-01,  4.56584752e-01,  5.06138913e-02, -3.61291885e-01,
         1.37933150e-01,  3.30289960e-01,  1.47079813e+00, -7.65824676e-01,
        -3.91856283e-01, -1.09790973e-01, -5.72559536e-01,  3.65934968e-02,
         4.45878804e-01,  4.01348591e-01,  1.20962155e+00,  1.60755622e+00,
        -5.59467375e-01, -3.33136082e-01,  1.43551266e+00,  3.88518929e-01,
        -1.88354582e-01,  1.30689561e+00, -3.13239545e-01,  1.96665406e+00,
        -9.90429163e-01, -3.76248598e-01,  3.23528600e+00, -1.43006116e-01,
        -4.58337545e-01, -1.93564370e-01, -5.52505910e-01,  1.30649507e+00,
         6.33420944e-02,  4.81886983e-01, -1.26731241e+00,  3.78157347e-01,
         3.85533810e-01,  1.12571466e+00, -4.97300625e-02,  2.74404258e-01,
        -1.24920309e+00, -1.13208890e-01,  2.44342566e+00, -3.41699332e-01,
         1.29083633e+00,  1.75210190e+00, -7.48391032e-01, -1.98737037e+00,
        -1.31146580e-01,  1.52910665e-01,  1.00918984e+00, -1.22407866e+00,
        -5.87886930e-01,  1.38214958e+00, -6.90316200e-01,  6.19197786e-01,
        -1.62418246e+00,  3.47415358e-01,  3.26642931e-01, -7.36489296e-01,
         2.41664338e+00,  1.68358648e+00,  1.11672938e+00, -1.48059428e+00,
        -9.20518517e-01,  1.33835351e+00,  3.30800325e-01,  2.30438733e+00,
         3.08903009e-01,  2.93977529e-01,  1.15924883e+00, -6.12313390e-01,
         1.01567435e+00,  1.15853357e+00,  7.96960235e-01,  5.16730249e-01,
         7.92635024e-01,  6.34762645e-02, -1.80525422e-01,  2.81231308e+00,
        -2.75571179e+00,  2.27994006e-03, -9.20545876e-01,  5.10188401e-01,
         3.93080920e-01,  1.34285018e-01, -1.86015344e+00,  1.77908587e+00,
         1.24428475e+00, -2.27578783e+00, -8.64657044e-01, -8.04496408e-01,
         1.07621133e+00, -7.17311978e-01, -3.81692290e-01, -4.90260124e-01,
        -1.30539858e+00,  3.13380659e-01,  1.15880229e-01, -4.22223151e-01,
        -3.51666451e-01, -2.57690132e-01, -1.08686543e+00, -1.42774999e-01,
        -6.61323071e-01, -7.04897106e-01,  5.00441670e-01,  1.27964807e+00,
        -1.24833539e-01, -2.27397054e-01,  2.01251054e+00,  1.08105290e+00,
         7.72328526e-02,  5.67101359e-01,  2.31855416e+00, -1.51070166e+00,
        -1.34084904e+00, -5.91133118e-01,  6.89750910e-02,  3.13665795e+00,
        -1.53962895e-01, -1.30017519e+00,  1.57555997e+00, -5.07330835e-01,
        -1.01710999e+00,  1.02461135e+00, -1.96608394e-01, -1.93956184e+00,
         9.00000632e-01,  3.60027051e+00, -9.35874104e-01, -9.10593569e-02,
         9.57585275e-01,  1.98691714e+00,  2.87860423e-01, -7.41318047e-01,
         4.65816450e+00,  1.13683736e+00,  7.64122605e-01,  4.93189484e-01,
        -1.26811159e+00, -6.56591475e-01,  1.68776000e+00,  1.94451869e+00,
        -7.42020011e-02,  4.92281288e-01, -1.21030581e+00,  3.03404748e-01,
        -4.32590216e-01, -2.00421047e+00, -1.81061756e-02, -3.77830327e-01,
         9.73235071e-01, -1.41010046e+00,  3.31695259e-01, -1.36320138e+00,
        -1.61115909e+00,  5.17667174e-01,  2.24126130e-01,  3.54471147e-01,
         1.71751410e-01, -2.26501942e-01, -2.26972914e+00, -3.29836346e-02,
         1.72940397e+00,  6.87063217e-01, -8.04056466e-01,  2.05667090e+00,
         1.93325663e+00,  6.84639990e-01,  1.40863109e+00,  4.38512754e+00,
         7.94978440e-01,  1.04067314e+00, -2.83554375e-01, -1.24771023e+00,
         1.91987932e+00,  3.59363645e-01,  1.09050488e+00,  2.01106310e+00,
         2.12858987e+00,  6.99883625e-02,  1.12548816e+00, -1.97831619e+00,
         1.75916529e+00,  2.37945700e+00,  7.88979053e-01, -6.59966648e-01,
         1.44884515e+00, -1.14873338e+00,  7.57208824e-01,  7.35804915e-01,
        -9.40781534e-01,  4.54052120e-01,  4.27938670e-01,  1.17191398e+00,
         1.72668791e+00,  2.63920516e-01,  2.09636927e+00,  2.46682692e+00,
         2.16277194e+00,  1.91991031e-01,  1.20402420e+00,  3.00839329e+00,
        -6.42049611e-01, -1.12729728e+00,  2.20794392e+00,  2.40089104e-01,
        -1.44081509e+00,  1.51111352e+00,  2.40758777e-01,  4.17855442e-01,
         4.03391838e+00,  1.12451887e+00, -1.75821054e+00,  6.73013687e-01,
         2.02078104e+00,  3.99164826e-01, -2.56898254e-01, -8.31009895e-02,
        -8.85466695e-01, -6.11616522e-02, -1.17096364e+00, -3.32706690e-01,
         2.19421196e+00, -1.51370430e+00, -1.81711942e-01,  6.94500506e-01,
         2.02566314e+00, -2.01308107e+00,  1.64405465e+00,  3.97025681e+00,
        -7.65696049e-01, -9.06032696e-02, -7.13660598e-01,  7.15030015e-01,
        -4.26870435e-01,  1.22983265e+00, -3.39912683e-01,  3.08050543e-01,
         3.72038007e-01, -1.42297232e+00,  1.74913967e+00, -9.16689932e-01,
         2.50334167e+00, -4.71180052e-01, -4.22724821e-02,  3.07852924e-01,
        -7.49534547e-01,  2.34328628e+00, -1.49009228e-01, -1.23113501e+00,
        -7.96302617e-01,  1.45521021e+00,  2.91697443e-01, -3.70742828e-02,
        -8.28743398e-01,  1.69297421e+00,  1.39870524e-01,  3.47144514e-01,
         1.45132995e+00,  1.89227903e+00, -7.86206424e-01,  8.48887205e-01,
        -1.52509212e-01,  9.06850398e-01,  2.13085935e-01, -1.89976811e+00,
         2.59958291e+00, -7.81598687e-03, -3.53944230e+00,  9.26274881e-02,
         1.81314576e+00,  9.36725676e-01, -1.05002606e+00,  1.32949591e+00,
         1.94315314e+00, -2.27057904e-01, -1.30081344e+00,  3.09776366e-01,
         2.21050882e+00,  1.20444226e+00,  4.06154543e-01, -1.08184397e+00,
         1.45665634e+00, -8.94338727e-01, -7.91758239e-01,  1.46291113e+00,
         5.33171654e-01,  2.29989028e+00,  6.07489705e-01,  1.23407793e+00,
         1.17756736e+00,  9.69371200e-01,  8.90933037e-01, -9.41517353e-01,
         5.82103506e-02, -1.19444263e+00,  1.23154484e-01,  3.61128807e-01,
         3.64583641e-01,  1.19586289e+00,  1.95783067e+00,  8.49681050e-02,
        -2.09559655e+00,  6.55987084e-01,  5.54951802e-02,  4.14679050e-01,
         9.05359268e-01,  1.39074445e-01, -1.60034168e+00,  1.93631816e+00,
         3.53321284e-01,  1.55974567e+00, -9.87646461e-01,  9.77105647e-02,
        -1.63496770e-02,  6.68057576e-02,  3.33567649e-01, -1.65067756e+00,
        -3.26789975e-01,  2.34847951e+00, -1.39092416e-01, -1.39431894e-01,
         1.55687308e+00,  1.15543580e+00,  1.79729986e+00,  8.63296866e-01,
         2.06401396e+00,  2.07198071e+00,  7.98022151e-01, -4.96794552e-01,
         5.90464056e-01,  3.61538935e+00,  1.79560113e+00, -1.11944366e+00,
         6.21585071e-01, -6.93464637e-01,  2.71107614e-01,  9.37472343e-01,
         2.41019416e+00,  1.98046052e+00, -1.45137298e+00,  1.54940379e+00,
         1.62186503e+00, -1.50854692e-01,  7.18673229e-01,  1.58170414e+00,
        -9.98080492e-01,  1.62913775e+00, -6.09637260e-01,  2.12018800e+00,
         1.96454692e+00,  8.80421281e-01, -5.56211829e-01, -4.07350570e-01,
         2.80090511e-01,  1.75624132e+00,  9.86757398e-01, -9.09066141e-01,
        -5.53657651e-01,  5.33110559e-01,  3.02938414e+00,  1.65611291e+00,
         2.72935605e+00,  6.02995574e-01, -2.32911423e-01,  4.17858183e-01,
        -1.14295828e+00,  2.84628463e+00, -2.56151706e-01,  1.17020510e-01,
         1.37244213e+00,  6.38179779e-01,  3.72054982e+00,  1.23099720e+00,
         8.70291591e-01,  7.88844526e-01,  1.97866535e+00,  2.60462570e+00,
        -6.85521901e-01, -1.46506977e+00, -3.71495411e-02,  4.24839258e-01,
         1.43129969e+00, -2.72370219e-01, -8.80943462e-02,  1.55762577e+00,
        -1.46546030e+00, -1.22304291e-01,  1.42322731e+00,  2.11082149e+00,
         1.01196587e+00,  1.33704925e+00,  1.12377964e-01,  1.42748141e+00,
         5.56309879e-01, -3.42116028e-01,  1.91919625e+00,  2.60481209e-01,
        -1.51539600e+00, -1.18817651e+00, -8.34006250e-01,  2.03853205e-01,
         4.55219328e-01, -1.02285266e+00,  1.41952336e+00,  7.54298866e-01,
         2.33653235e+00, -1.87990165e+00, -3.09708565e-01,  1.24940419e+00,
        -1.35452902e+00, -5.27087569e-01,  9.99306917e-01, -1.25316131e+00,
        -1.27799168e-01, -3.83346453e-02,  1.75523341e-01, -8.53017211e-01,
         1.60762274e+00, -5.28961241e-01, -2.93016672e-01, -1.68955892e-01,
         3.33836865e+00,  2.19397831e+00,  1.58902884e+00, -1.22634578e+00,
         1.62879527e+00, -3.19828242e-01, -5.44129252e-01,  3.78289580e+00,
         6.34410322e-01, -1.17068624e+00,  1.61227155e+00,  1.31027281e+00,
        -2.62050629e+00, -6.34609282e-01,  1.76708624e-01, -5.40231951e-02,
         5.76660186e-02,  1.04483414e+00,  1.21102579e-01, -1.35168886e+00,
        -1.02947772e+00, -1.80534208e+00, -1.42130971e+00, -1.09328382e-01,
         2.40477991e+00, -2.57188857e-01, -2.64587611e-01,  1.03584200e-01,
         1.11794591e+00, -7.06718266e-01, -2.09959602e+00,  3.54444757e-02,
         1.37474144e+00,  2.74771750e-01, -3.35771769e-01,  1.26431441e+00,
         1.88508272e-01,  6.05078995e-01,  1.26197231e+00,  9.26081300e-01,
         5.15285954e-02,  2.82005787e+00,  3.00697207e-01, -3.75456750e-01,
        -8.66908789e-01,  4.98554587e-01, -1.20426583e+00,  6.06756993e-02,
         3.70246387e+00,  2.02262402e+00,  2.20560074e+00, -5.44029415e-01,
         1.67124939e+00,  1.78144228e+00,  1.52402234e+00,  5.91057241e-01,
        -4.08149660e-01, -2.69466639e-01,  1.39590538e+00,  3.97345781e-01,
         6.99263906e+00,  5.08464003e+00,  2.18824959e+00, -4.02204365e-01,
         5.28634787e-01, -5.02176769e-02,  6.76427245e-01,  2.30343723e+00,
        -1.51335275e+00, -1.94022727e+00, -3.48658971e-02, -1.99995530e+00,
         1.75595260e+00, -3.29054862e-01, -1.03157461e-01,  4.35872763e-01,
         8.66673529e-01,  2.30760598e+00,  3.08000654e-01, -7.00705171e-01,
        -2.33031273e+00,  6.65762603e-01, -1.07518566e+00, -1.21305048e+00,
        -1.55274940e+00,  1.47359729e-01, -8.92571509e-01, -1.45798850e+00,
        -1.02456522e+00, -2.42019868e+00, -1.07201791e+00, -1.42169201e+00,
        -1.70995486e+00, -2.09377766e+00, -1.32101095e+00, -2.58566737e-01,
        -1.15568769e+00, -1.10297382e+00, -5.35106421e-01, -3.86366427e-01,
        -2.82381201e+00, -6.67574286e-01, -1.64304435e+00, -1.27703524e+00,
         4.19198841e-01,  1.08906066e+00,  5.11272140e-02, -5.04324973e-01,
        -7.08438694e-01, -4.72047985e-01, -6.17574394e-01, -1.91248655e+00,
        -1.68596554e+00, -1.31374612e-01, -1.18420470e+00, -1.96168089e+00,
        -1.51515365e+00, -1.34852552e+00, -1.02766991e+00, -1.40291476e+00,
        -1.67741108e+00, -1.71770632e+00,  1.64003754e+00, -7.32802570e-01,
         5.05700290e-01, -1.78408355e-01, -1.43338609e+00,  2.05821204e+00,
        -1.45458949e+00, -1.28910124e+00,  7.43027270e-01, -3.67219821e-02,
        -1.66431427e+00,  5.35233557e-01, -6.32856786e-02, -2.11730003e+00,
         2.83240348e-01,  5.07590324e-02, -3.59240264e-01, -8.26880753e-01,
        -7.13877439e-01,  2.69280851e-01, -1.30866253e+00, -3.48281652e-01,
        -1.01864183e+00,  4.80044693e-01, -1.26586199e+00, -1.74128163e+00,
        -1.40605068e+00, -2.45634437e+00, -1.83854389e+00, -1.21836495e+00,
        -1.27962363e+00, -2.27794933e+00, -5.32971993e-02,  1.08821797e+00],
       device='cuda:0')
Clean RHS: tensor([[0.78415769]], device='cuda:0')
Split layers:
Nonlinear functions:
   BoundRelu(name=/66, inputs=[/input], perturbed=True)
   BoundRelu(name=/68, inputs=[/input-4], perturbed=True)
   BoundRelu(name=/71, inputs=[/input-12], perturbed=True)
   BoundRelu(name=/73, inputs=[/input-16], perturbed=True)
   BoundRelu(name=/76, inputs=[/input-24], perturbed=True)
   BoundRelu(name=/78, inputs=[/input-28], perturbed=True)
   BoundRelu(name=/80, inputs=[/input-32], perturbed=True)
   BoundRelu(name=/83, inputs=[/input-40], perturbed=True)
   BoundRelu(name=/85, inputs=[/input-44], perturbed=True)
   BoundRelu(name=/87, inputs=[/input-48], perturbed=True)
   BoundRelu(name=/90, inputs=[/input-56], perturbed=True)
   BoundRelu(name=/92, inputs=[/input-60], perturbed=True)
   BoundRelu(name=/94, inputs=[/input-64], perturbed=True)
   BoundRelu(name=/98, inputs=[/input-68], perturbed=True)
   BoundRelu(name=/101, inputs=[/input-72], perturbed=True)
   BoundRelu(name=/input-8/conv_1_relu, inputs=[/input-8/conv_1], perturbed=True)
   BoundRelu(name=/input-8/conv_3_relu, inputs=[/input-8/conv_3], perturbed=True)
   BoundRelu(name=/input-20/conv_1_relu, inputs=[/input-20/conv_1], perturbed=True)
   BoundRelu(name=/input-20/conv_3_relu, inputs=[/input-20/conv_3], perturbed=True)
   BoundRelu(name=/input-36/conv_1_relu, inputs=[/input-36/conv_1], perturbed=True)
   BoundRelu(name=/input-36/conv_3_relu, inputs=[/input-36/conv_3], perturbed=True)
   BoundRelu(name=/input-52/conv_1_relu, inputs=[/input-52/conv_1], perturbed=True)
   BoundRelu(name=/input-52/conv_3_relu, inputs=[/input-52/conv_3], perturbed=True)
   BoundRelu(name=/95/conv_1_relu, inputs=[/95/conv_1], perturbed=True)
   BoundRelu(name=/95/conv_3_relu, inputs=[/95/conv_3], perturbed=True)
Batched CROWN: node BoundConv(name=/input-4, inputs=[/66, /35, /36], perturbed=True), unstable size 28970
Batched CROWN: node BoundConv(name=/input-8/conv_1, inputs=[/68, /input-8/conv_1_w], perturbed=True), unstable size 42210
Batched CROWN: node BoundConv(name=/input-8/conv_3, inputs=[/input-8/add_1_2, /input-8/conv_3_w], perturbed=True), unstable size 12129
Batched CROWN: node BoundConv(name=/input-12, inputs=[/input-8/add_3_4, /37, /38], perturbed=True), unstable size 280149
Batched CROWN: node BoundConv(name=/input-16, inputs=[/71, /39, /40], perturbed=True), unstable size 1481572
Batched CROWN: node BoundConv(name=/input-20/conv_1, inputs=[/73, /input-20/conv_1_w], perturbed=True), unstable size 30771
Batched CROWN: node BoundConv(name=/input-20/conv_3, inputs=[/input-20/add_1_2, /input-20/conv_3_w], perturbed=True), unstable size 13356
Batched CROWN: node BoundConv(name=/input-24, inputs=[/input-20/add_3_4, /41, /42], perturbed=True), unstable size 503864
Batched CROWN: node BoundConv(name=/input-28, inputs=[/76, /43, /44], perturbed=True), unstable size 770944
Batched CROWN: node BoundConv(name=/input-32, inputs=[/78, /45, /46], perturbed=True), unstable size 131591
Batched CROWN: node BoundConv(name=/input-36/conv_1, inputs=[/80, /input-36/conv_1_w], perturbed=True), unstable size 33850
Batched CROWN: node BoundConv(name=/input-36/conv_3, inputs=[/input-36/add_1_2, /input-36/conv_3_w], perturbed=True), unstable size 15983
Batched CROWN: node BoundConv(name=/input-40, inputs=[/input-36/add_3_4, /47, /48], perturbed=True), unstable size 293126
Batched CROWN: node BoundConv(name=/input-44, inputs=[/83, /49, /50], perturbed=True), unstable size 261535
Batched CROWN: node BoundConv(name=/input-48, inputs=[/85, /51, /52], perturbed=True), unstable size 122409
Batched CROWN: node BoundConv(name=/input-52/conv_1, inputs=[/87, /input-52/conv_1_w], perturbed=True), unstable size 3331
Batched CROWN: node BoundConv(name=/input-52/conv_3, inputs=[/input-52/add_1_2, /input-52/conv_3_w], perturbed=True), unstable size 2183
Batched CROWN: node BoundConv(name=/input-56, inputs=[/input-52/add_3_4, /53, /54], perturbed=True), unstable size 75086
Batched CROWN: node BoundConv(name=/input-60, inputs=[/90, /55, /56], perturbed=True), unstable size 88618
Batched CROWN: node BoundConv(name=/input-64, inputs=[/92, /57, /58], perturbed=True), unstable size 68332
Batched CROWN: node BoundConv(name=/95/conv_1, inputs=[/94, /95/conv_1_w], perturbed=True), unstable size 7837
Batched CROWN: node BoundConv(name=/95/conv_3, inputs=[/95/add_1_2, /95/conv_3_w], perturbed=True), unstable size 4515
Batched CROWN: node BoundLinear(name=/input-68, inputs=[/96, /59, /60], perturbed=True), unstable size 4096
Batched CROWN: node BoundLinear(name=/input-72, inputs=[/99, /61, /62], perturbed=True), unstable size 4096
initial crown bounds: tensor([[-2317.10424805]], device='cuda:0')
Number of class (without rhs): 1 ; Worst class: (+ rhs) -2317.104248046875
Iteration 1
Adv attack time: 1.4259s
Batch size: 1
Current pickout batch: 1, total pickout batch: 1
Batched CROWN: node BoundConv(name=/input-4, inputs=[/66, /35, /36], perturbed=True), unstable size 28970
Batched CROWN: node BoundConv(name=/input-8/conv_1, inputs=[/68, /input-8/conv_1_w], perturbed=True), unstable size 42210
Batched CROWN: node BoundConv(name=/input-8/conv_3, inputs=[/input-8/add_1_2, /input-8/conv_3_w], perturbed=True), unstable size 12129
Batched CROWN: node BoundConv(name=/input-12, inputs=[/input-8/add_3_4, /37, /38], perturbed=True), unstable size 280149
Batched CROWN: node BoundConv(name=/input-16, inputs=[/71, /39, /40], perturbed=True), unstable size 1481571
Batched CROWN: node BoundConv(name=/input-20/conv_1, inputs=[/73, /input-20/conv_1_w], perturbed=True), unstable size 30771
Batched CROWN: node BoundConv(name=/input-20/conv_3, inputs=[/input-20/add_1_2, /input-20/conv_3_w], perturbed=True), unstable size 13356
Batched CROWN: node BoundConv(name=/input-24, inputs=[/input-20/add_3_4, /41, /42], perturbed=True), unstable size 503864
Batched CROWN: node BoundConv(name=/input-28, inputs=[/76, /43, /44], perturbed=True), unstable size 770944
Batched CROWN: node BoundConv(name=/input-32, inputs=[/78, /45, /46], perturbed=True), unstable size 131591
Batched CROWN: node BoundConv(name=/input-36/conv_1, inputs=[/80, /input-36/conv_1_w], perturbed=True), unstable size 33850
Batched CROWN: node BoundConv(name=/input-36/conv_3, inputs=[/input-36/add_1_2, /input-36/conv_3_w], perturbed=True), unstable size 15983
Batched CROWN: node BoundConv(name=/input-40, inputs=[/input-36/add_3_4, /47, /48], perturbed=True), unstable size 293126
Batched CROWN: node BoundConv(name=/input-44, inputs=[/83, /49, /50], perturbed=True), unstable size 261535
Batched CROWN: node BoundConv(name=/input-48, inputs=[/85, /51, /52], perturbed=True), unstable size 122409
Batched CROWN: node BoundConv(name=/input-52/conv_1, inputs=[/87, /input-52/conv_1_w], perturbed=True), unstable size 3331
Batched CROWN: node BoundConv(name=/input-52/conv_3, inputs=[/input-52/add_1_2, /input-52/conv_3_w], perturbed=True), unstable size 2183
Batched CROWN: node BoundConv(name=/input-56, inputs=[/input-52/add_3_4, /53, /54], perturbed=True), unstable size 75086
Batched CROWN: node BoundConv(name=/input-60, inputs=[/90, /55, /56], perturbed=True), unstable size 88618
Batched CROWN: node BoundConv(name=/input-64, inputs=[/92, /57, /58], perturbed=True), unstable size 68332
Batched CROWN: node BoundConv(name=/95/conv_1, inputs=[/94, /95/conv_1_w], perturbed=True), unstable size 7837
Batched CROWN: node BoundConv(name=/95/conv_3, inputs=[/95/add_1_2, /95/conv_3_w], perturbed=True), unstable size 4515
Batched CROWN: node BoundLinear(name=/input-68, inputs=[/96, /59, /60], perturbed=True), unstable size 4096
Batched CROWN: node BoundLinear(name=/input-72, inputs=[/99, /61, /62], perturbed=True), unstable size 4096
Worst bound: tensor([-2317.09545898], device='cuda:0')
Current (lb-rhs): -2317.095458984375
Total time: 1776.7927  pickout: 0.0004  split: 0.0012  decision: 0.0003  bounding: 1776.7881  clipping: 0.0000  add_domain: 0.0024  rest: 0.0003
Length of domains: 2
3 branch and bound domains visited
Time out!
Result: timeout
Time: 2718.158889770508
[rank 0] === Checking instance ID 270 ===
[rank 0] >>> Running ID=270 onnx=onnx/vgg16-7.onnx
Configurations:

general:
  device: cuda
  seed: 100
  conv_mode: patches
  deterministic: false
  double_fp: false
  loss_reduction_func: max
  sparse_alpha: true
  sparse_interm: true
  save_adv_example: false
  verify_onnxruntime_output: false
  eval_adv_example: false
  show_adv_example: false
  precompile_jit: false
  prepare_only: false
  complete_verifier: bab
  enable_incomplete_verification: false
  csv_name: instances.csv
  results_file: results/vggnet16_all_p_2/result_270.rank0.txt
  root_path: ../../vnncomp2023_benchmarks/benchmarks/vggnet16
  deterministic_opt: false
  graph_optimizer: 'Customized("custom_graph_optimizer", "maxpool_to_relu")'
  buffer_has_batchdim: false
  save_output: false
  output_file: out.pkl
  return_optimized_model: false
  output_additional_stats: true
  instance_id: 270
  dataset_output_dir: dataset
  min_stable_neurons_ratio_threshold: 0.0
model:
  name: null
  path: null
  onnx_path: /projects/air/dlverifier/vggnet16_all/onnx/vgg16-7.onnx
  onnx_path_prefix: ''
  cache_onnx_conversion: true
  debug_onnx: false
  onnx_quirks: null
  input_shape: null
  onnx_loader: default_onnx_and_vnnlib_loader
  onnx_optimization_flags: []
  onnx_vnnlib_joint_optimization_flags: none
  check_optimized: false
  flatten_final_output: false
  optimize_graph: null
  with_jacobian: false
data:
  start: 0
  end: 10000
  select_instance: null
  num_outputs: 1000
  mean: 0.0
  std: 1.0
  pkl_path: null
  dataset: null
  data_filter_path: null
  data_idx_file: null
specification:
  type: lp
  robustness_type: verified-acc
  norm: .inf
  epsilon: null
  epsilon_min: 0.0
  vnnlib_path: /projects/air/dlverifier/vggnet16_all/vnnlib/n01739381_vine_snake_fix_nonmask_seg0_k50176_eps_0.0003.vnnlib
  vnnlib_path_prefix: ''
  rhs_offset: null
solver:
  batch_size: 1
  auto_enlarge_batch_size: false
  min_batch_size_ratio: 0.1
  use_float64_in_last_iteration: false
  early_stop_patience: 10
  start_save_best: 0.5
  bound_prop_method: forward+backward
  init_bound_prop_method: same
  prune_after_crown: false
  optimize_disjuncts_separately: false
  crown:
    batch_size: 16
    max_crown_size: 1000000000
    relu_option: adaptive
  alpha-crown:
    alpha: true
    lr_alpha: 0.1
    iteration: 100
    share_alphas: false
    lr_decay: 0.98
    full_conv_alpha: true
    max_coeff_mul: .inf
    matmul_share_alphas: false
    disable_optimization: []
    max_time: 1.0
  invprop:
    apply_output_constraints_to: []
    tighten_input_bounds: false
    best_of_oc_and_no_oc: false
    directly_optimize: []
    oc_lr: 0.1
    share_gammas: false
  beta-crown:
    lr_alpha: 0.01
    lr_beta: 0.05
    lr_decay: 0.98
    optimizer: adam
    iteration: 10
    beta: true
    beta_warmup: true
    enable_opt_interm_bounds: false
    all_node_split_LP: false
  forward:
    refine: false
    dynamic: true
    max_dim: 100
    reset_threshold: 1.0
  intermediate_refinement:
    enabled: false
    batch_size: 10
    opt_coeffs: false
    opt_bias: false
    lr: 0.05
    layers: [-1]
    max_domains: 1000
  multi_class:
    label_batch_size: 32
    skip_with_refined_bound: true
  mip:
    unstable_neuron_threshold: 0
    parallel_solvers: null
    solver_threads: 1
    refine_neuron_timeout: 15
    refine_neuron_time_percentage: 0.8
    early_stop: true
    adv_warmup: true
    mip_solver: gurobi
    skip_unsafe: false
    topk_filter: 1.0
    sliding_window: -1
    extra_constraint: false
    refine_neuron_timeout_increasement: 0
    timeout_neuron_percentage: 0.3
    remaining_timeout_threshold: 1
    remove_unstable_neurons: true
    lp_solver: false
bab:
  initial_max_domains: 1
  backing_up_max_domain: null
  max_domains: .inf
  decision_thresh: 0
  timeout: 1200.0
  timeout_scale: 1
  max_iterations: -1
  override_timeout: null
  get_upper_bound: false
  pruning_in_iteration: true
  pruning_in_iteration_ratio: 0.2
  sort_targets: false
  batched_domain_list: true
  optimized_interm: ''
  interm_transfer: true
  recompute_interm: false
  sort_domain_interval: -1
  vanilla_crown: false
  tree_traversal: depth_first
  cut:
    enabled: false
    cuts_path: /tmp/abcrown_cuts
    implication: false
    bab_cut: false
    lp_cut: false
    method: null
    lr: 0.01
    lr_decay: 1.0
    iteration: 100
    bab_iteration: -1
    early_stop_patience: -1
    lr_beta: 0.02
    number_cuts: 50
    topk_cuts_in_filter: 1000
    batch_size_primal: 100
    max_num: 1000000000
    patches_cut: false
    cplex_cuts: false
    cplex_cuts_wait: 0
    cplex_cuts_revpickup: true
    cut_reference_bounds: true
    fix_intermediate_bounds: false
    _tmp_cuts: null
    fixed_cuts: false
    add_implied_cuts: false
    add_input_cuts: false
    biccos:
      enabled: false
      constraint_strengthening: true
      recursively_strengthening: false
      drop_ratio: 0.5
      verified_bonus: 0.3
      max_infer_iter: 20
      heuristic: neuron_influence_score
      save_biccos_cuts: false
      multi_tree_branching:
        enabled: false
        restore_best_tree: false
        keep_n_best_domains: 1
        k_splits: 1
        iterations: 1
  branching:
    method: sb
    candidates: 3
    reduceop: min
    enable_intermediate_bound_opt: false
    branching_input_and_activation: false
    branching_input_and_activation_order: [input, relu]
    branching_input_iterations: 30
    branching_relu_iterations: 50
    gnn_path: ''
    neural_heuristic:
      model_path: ''
    rl:
      experiment: general
      eval: false
      extras: []
      logging:
        color: true
        debug: true
        file: rl-experiment.log
      pnet:
        gH: 64
        tH: 64
        nheads: 64
        nlayers: 64
        useDynamicGraph: true
        bidirectional: false
        GAT: true
      training:
        gamma: 0.99
        lr: 0.001
        batchSize: 8
        loop: 8
        totalEpochs: 10
        updatePolicyFrequency: 10
        updateTargetFrequency: 10
        buffer: buffer.pkl
        preparedBuffer: 'False'
        TestingPreparedBuffer: false
        scriptTraining: false
        policynet: policy-checkpoint.pt
        targetnet: target-checkpoint.pt
        datasetShuffle: true
        targetedData: all
        splitRatio: 0.8
        maxInstances: -1
        trainingMode: full
        reward:
          norm: null
          bonus: 10.0
          penalty: -1.0
      egreedy:
        epsilon: 0.1
        epsilonDecay: 0.1
        minEpsilon: 0.1
        ePath: epsilon.pt
        enabled: true
      expert:
        useExpertUntilEpisode: 0.1
        enabled: true
        learnToImitateExpertEpochs: 10
    nonlinear_split:
      method: shortcut
      branching_point_method: uniform
      num_branches: 2
      filter: false
      filter_beta: false
      filter_clamp: false
      filter_batch_size: 10000
      filter_iterations: 25
      relu_only: false
      loose_tanh_threshold: null
      dynamic_bbps: false
      dynamic_options: [uniform, three_left, three_right]
      branching_point_node: ''
      branching_point_db: []
    input_split:
      enable_clip_domains: false
      split_hint: null
      reorder_bab: false
      enable: true
      enhanced_bound_prop_method: alpha-crown
      enhanced_branching_method: naive
      enhanced_bound_patience: 100000000.0
      attack_patience: 100000000.0
      adv_check: 0
      split_partitions: 2
      sb_margin_weight: 1.0
      sb_sum: false
      sb_primary_spec: null
      bf_backup_thresh: -1
      bf_rhs_offset: 0
      bf_iters: 1000000000.0
      bf_batch_size: 100000
      bf_zero_crossing_score: false
      touch_zero_score: 0
      ibp_enhancement: false
      catch_assertion: false
      compare_with_old_bounds: false
      update_rhs_with_attack: false
      sb_coeff_thresh: 0.001
      sort_index: null
      sort_descending: true
      show_progress: false
      presplit_domains: null
      skip_getting_worst_domain: false
  attack:
    enabled: false
    beam_candidates: 8
    beam_depth: 7
    max_dive_fix_ratio: 0.8
    min_local_free_ratio: 0.2
    mip_start_iteration: 5
    mip_timeout: 30.0
    adv_pool_threshold: null
    refined_mip_attacker: false
    refined_batch_size: null
attack:
  pgd_order: input_bab
  pgd_steps: 100
  pgd_restarts: 30
  pgd_batch_size: 100000000
  pgd_early_stop: true
  pgd_lr_decay: 0.99
  pgd_alpha: auto
  pgd_alpha_scale: false
  pgd_loss_mode: null
  pgd_restart_when_stuck: false
  enable_mip_attack: false
  adv_saver: default_adv_saver
  adv_verifier: default_adv_verifier
  early_stop_condition: default_early_stop_condition
  adv_example_finalizer: default_adv_example_finalizer
  pgd_loss: default_pgd_loss
  cex_path: ./test_cex.txt
  attack_mode: PGD
  attack_tolerance: 0.0
  attack_func: attack_with_general_specs
  gama_lambda: 10.0
  gama_decay: 0.9
  check_clean: true
  input_split:
    pgd_steps: 100
    pgd_restarts: 30
    pgd_alpha: auto
  input_split_enhanced:
    pgd_steps: 200
    pgd_restarts: 500000
    pgd_alpha: auto
  input_split_check_adv:
    enabled: auto
    pgd_steps: 5
    pgd_restarts: 5
    pgd_alpha: auto
    max_num_domains: 10
debug:
  sanity_check: Full+Graph
  view_model: false
  lp_test: null
  rescale_vnnlib_ptb: null
  test_optimized_bounds: false
  test_optimized_bounds_after_n_iterations: 0
  print_verbose_decisions: false

Experiments at Thu Feb 19 05:15:03 2026 on d1029
Internal results will be saved to results/vggnet16_all_p_2/result_270.rank0.txt.

[ZRL] %%%%%%%%%%%%%%%%%%%%%%%%%%%%%%%%%%% idx: 0, vnnlib ID: 0 %%%%%%%%%%%%%%%%%%%%%%%%%%%%%%%%%%%
Using onnx /projects/air/dlverifier/vggnet16_all/onnx/vgg16-7.onnx
Using vnnlib /projects/air/dlverifier/vggnet16_all/vnnlib/n01739381_vine_snake_fix_nonmask_seg0_k50176_eps_0.0003.vnnlib
150528 inputs and 1000 outputs in vnnlib
Loading cached onnx model from /projects/air/dlverifier/vggnet16_all/onnx/vgg16-7.onnx.cached
Cannot read cached onnx file. Regenerating...
Loading onnx /projects/air/dlverifier/vggnet16_all/onnx/vgg16-7.onnx with quirks {}
Finished onnx model loading in 34.5623 seconds
Number of perturbed inputs: 85122
WARNING: prioritizing attack due to too many perturbed pixels on VGG
Setting arguments.Config["attack"]["pgd_order"] to "before"
Setting bound_prop_method to crown
Attack parameters: initialization=uniform, steps=100, restarts=30, alpha=7.500499486923218e-05, initialization=uniform, GAMA=False
Model output of first 5 examples:
 tensor([[ 6.73395172e-02,  2.00978065e+00, -8.06486666e-01, -8.35692942e-01,
         -1.04503000e+00,  3.08130354e-01, -5.91604650e-01, -1.56363070e+00,
         -1.53181648e+00, -1.31260169e+00, -6.59279346e-01,  1.47614256e-01,
          1.50101915e-01, -1.51539132e-01,  3.71817619e-01,  3.41837645e-01,
         -5.02156615e-01, -8.27173471e-01, -2.42921263e-01, -1.94532335e-01,
         -6.71542346e-01,  1.74298540e-01,  1.70259535e-01, -7.88450062e-01,
          1.28838137e-01, -3.78958404e-01,  1.21096694e+00,  3.60787749e-01,
         -5.39033353e-01,  9.00850713e-01, -1.52513039e+00,  1.11392665e+00,
         -2.94293761e-01, -1.74597919e+00, -1.11148143e+00, -1.08266890e+00,
          5.41425943e-01, -1.63670099e+00,  1.12690425e+00, -5.84889948e-01,
          1.50588846e+00, -1.22232154e-01, -2.69102633e-01, -4.94437277e-01,
          6.34419501e-01, -7.31532454e-01,  1.51256573e+00,  9.52447206e-02,
         -1.41093194e+00, -3.22758764e-01,  1.68938190e-01, -2.34457088e+00,
          1.04146647e+00,  7.08398223e-01, -3.72334659e-01, -7.34378755e-01,
          6.23889454e-02, -1.30218399e+00,  3.46279770e-01,  4.97787967e-02,
          4.03431296e-01, -2.73353070e-01, -6.64658725e-01,  1.24717087e-01,
          9.47770700e-02, -3.71184945e-01, -4.45105910e-01, -4.30311441e-01,
         -9.44307923e-01, -1.15401769e+00,  1.03641641e+00,  1.00191939e+00,
          8.01674426e-01,  1.98164177e+00,  9.33076859e-01,  2.10229087e+00,
          7.12374687e-01,  2.48537731e+00,  2.21660757e+00,  2.11593652e+00,
          1.40078723e-01, -1.57014024e+00, -5.34200490e-01, -1.03341711e+00,
         -1.46906987e-01, -4.00221318e-01, -1.10088396e+00,  7.10120618e-01,
          4.48937625e-01, -8.79136443e-01, -1.81299374e-01, -1.24056029e+00,
          4.56335247e-01, -1.34295300e-01,  4.27001506e-01, -1.04427850e+00,
          5.59581995e-01, -8.21214616e-01,  5.30897617e-01, -9.18387175e-01,
          4.81146753e-01, -1.71858442e+00, -2.23227358e+00,  6.71660781e-01,
         -1.40208864e+00, -2.15996933e+00, -1.52118587e+00, -5.56295276e-01,
         -1.56237757e+00, -1.75880623e+00,  1.19065188e-01,  2.95783663e+00,
         -3.10281008e-01,  2.47591615e-01,  4.41391647e-01, -1.37866712e+00,
         -7.78204739e-01, -6.87609166e-02, -4.08914983e-01, -9.53672290e-01,
         -8.37796330e-01, -1.40868795e+00, -1.05963314e+00, -2.03565931e+00,
         -1.15597963e+00, -1.62342191e+00,  8.31023633e-01, -1.63386166e-01,
          1.13923168e+00,  5.31588912e-01, -8.56464058e-02, -2.52498955e-01,
          4.35046732e-01, -3.37498873e-01,  2.20859557e-01, -9.69604194e-01,
         -8.00090790e-01, -1.09142125e-01, -1.26524325e-02, -1.34689128e+00,
         -1.76696086e+00,  6.68479085e-01, -9.22883749e-01, -4.20428753e-01,
         -4.52981502e-01, -5.38044155e-01, -1.20857906e+00,  6.65254116e-01,
          2.05783948e-01,  7.93142617e-03, -1.73461831e+00,  6.10385180e-01,
         -6.59123361e-01,  2.94966996e-01, -9.89362970e-02, -3.86615694e-01,
         -5.44727862e-01, -5.90497628e-03, -5.66933870e-01, -9.79395509e-01,
         -1.01763320e+00, -3.66124123e-01,  1.39131084e-01, -7.14355588e-01,
         -5.90501726e-01, -6.38519585e-01, -8.49520981e-01, -9.81204927e-01,
         -2.47648120e-01, -5.48496604e-01, -1.92434236e-01, -5.00984311e-01,
         -1.13422859e+00, -2.33679578e-01, -5.36897123e-01, -8.99742424e-01,
         -1.13567495e+00, -1.93287119e-01,  8.45308006e-02, -9.77736413e-01,
         -1.28008366e+00, -2.70273924e-01,  1.24991775e-01, -3.25115502e-01,
         -1.37907013e-01, -4.10171866e-01, -1.26514003e-01,  3.53995681e-01,
         -5.78687489e-01, -7.64269352e-01, -1.81737751e-01, -7.93465152e-02,
         -4.81436759e-01, -3.23152125e-01, -5.81508160e-01,  1.09261787e+00,
         -1.06787980e-01, -9.28524077e-01, -8.58834088e-01,  5.59631705e-01,
         -2.72552818e-01, -5.42886913e-01, -2.01362133e-01,  8.01699340e-01,
         -2.39791691e-01, -6.07854068e-01, -1.06064165e+00, -7.59265661e-01,
         -7.34247029e-01, -8.22109759e-01, -1.28094423e+00, -3.93460631e-01,
         -1.08353853e-01, -7.49878705e-01, -6.92559183e-01, -5.52763402e-01,
         -6.57005072e-01, -2.87805170e-01, -6.02889419e-01, -7.65652180e-01,
         -1.02981353e+00, -4.04113472e-01, -4.16568965e-01,  2.35007346e-01,
          4.15711664e-03, -9.56265688e-01, -9.23225224e-01, -5.59334874e-01,
         -8.29079211e-01,  4.15826797e-01, -7.62606978e-01, -3.57664615e-01,
         -7.32016027e-01, -5.08489370e-01, -3.81660759e-01, -9.31350589e-02,
         -5.96408308e-01, -1.02980874e-01, -8.04346442e-01, -2.78470010e-01,
         -6.47597134e-01, -6.16728485e-01,  1.68348290e-02, -1.62186074e+00,
         -1.01852906e+00,  2.06054360e-01, -1.30374146e+00, -5.04365921e-01,
         -1.11834377e-01, -1.65943742e-01, -2.89002329e-01, -1.19716859e+00,
          2.58611351e-01, -1.84413612e-01,  9.02106345e-01, -1.27263570e+00,
         -1.19204438e+00,  3.82950678e-02,  2.12887656e-02,  2.57919580e-01,
          5.47262095e-03, -5.29986382e-01, -9.42296624e-01, -4.41512853e-01,
         -6.99517131e-01, -1.07293893e-02, -7.73739517e-01, -9.21745658e-01,
         -1.47567856e+00,  3.13761294e-01,  3.24443221e-01, -3.59673411e-01,
          5.08807063e-01,  2.17352316e-01, -4.42681789e-01, -5.63432992e-01,
         -7.64476180e-01, -2.69881517e-01, -6.31343126e-01,  6.91673756e-01,
         -1.12772353e-01,  1.39496195e+00,  1.37132382e+00,  1.89897132e+00,
          1.85233355e+00,  4.54663754e-01, -8.83580625e-01, -2.67126590e-01,
         -1.14063692e+00, -9.03853059e-01, -1.39077854e+00, -1.15784502e+00,
         -7.80766785e-01, -6.25340044e-01, -1.43867266e+00, -1.11249745e+00,
          5.24520501e-03, -1.11301124e+00, -1.61446500e+00, -1.04868555e+00,
         -3.79892260e-01,  1.30484045e+00,  1.08269095e+00,  5.31246006e-01,
         -1.58002928e-01, -1.22401261e+00,  4.62560058e-01,  6.52059436e-01,
          1.32815838e+00, -6.12434387e-01,  1.35412252e+00,  1.35631073e+00,
          1.93098173e-01,  2.05102706e+00,  1.89288795e+00,  1.17737067e+00,
          8.78706276e-01, -1.31800562e-01,  1.98440993e+00,  1.56796741e+00,
          1.27708364e+00, -1.55389309e+00, -1.16080058e+00, -1.28573787e+00,
         -1.08680487e+00, -1.83985734e+00, -1.51842916e+00, -4.17157859e-01,
         -1.98302233e+00, -1.44626749e+00,  6.03042245e-02,  4.06276286e-01,
          1.31846428e+00, -4.29430425e-01, -9.34614301e-01, -5.97266912e-01,
         -1.94402552e+00,  3.43549624e-03, -5.39385498e-01, -1.93162215e+00,
         -1.32173109e+00, -1.13506401e+00, -1.82021236e+00, -1.48996806e+00,
         -9.00906980e-01, -1.83846915e+00, -1.77952528e+00, -1.21910608e+00,
         -2.53011608e+00, -1.65292120e+00, -1.82131457e+00, -1.38773417e+00,
         -1.73874664e+00, -1.29552829e+00, -1.89954352e+00, -1.83661366e+00,
         -3.10421616e-01, -2.51321852e-01, -7.26732239e-02,  2.20224410e-02,
         -6.68538392e-01,  4.20882195e-01, -2.18780696e-01, -5.03247976e-01,
         -1.89295876e+00, -7.08050072e-01, -9.67409790e-01, -5.05438387e-01,
         -5.22212029e-01, -9.28429246e-01, -3.56984317e-01, -1.33376181e+00,
         -9.58268940e-01, -6.90503299e-01, -6.22985840e-01, -1.15056086e+00,
         -8.26056540e-01, -3.33163023e-01, -5.46193361e-01, -1.46745098e+00,
         -2.24399328e-01, -1.20145094e+00, -5.27071297e-01, -6.99904382e-01,
         -1.07338536e+00, -9.59009171e-01, -1.56272268e+00, -1.45416999e+00,
         -2.07514262e+00,  7.11940527e-01, -8.73183906e-01,  6.40687525e-01,
         -1.64377645e-01, -2.10323501e+00, -4.12284821e-01,  9.22634304e-01,
         -1.90337241e+00, -1.55255008e+00, -1.57244697e-01,  4.80603844e-01,
         -4.26122218e-01, -3.04280192e-01, -1.76026583e-01, -4.55712408e-01,
         -2.53675371e-01,  1.49681628e+00, -5.55085838e-01, -3.30286652e-01,
         -1.83711565e+00,  2.89548397e+00, -9.11247790e-01,  1.47776616e+00,
          5.70132971e-01,  9.67148185e-01,  1.21577501e+00, -1.72837734e+00,
          1.81283426e+00,  3.91967326e-01,  3.10491848e+00,  1.90404165e+00,
          1.29491434e-01,  4.56584990e-01,  5.06135337e-02, -3.61292183e-01,
          1.37933314e-01,  3.30290347e-01,  1.47079861e+00, -7.65824616e-01,
         -3.91856343e-01, -1.09791070e-01, -5.72559774e-01,  3.65930945e-02,
          4.45878804e-01,  4.01348650e-01,  1.20962179e+00,  1.60755575e+00,
         -5.59467554e-01, -3.33136022e-01,  1.43551266e+00,  3.88519049e-01,
         -1.88354313e-01,  1.30689573e+00, -3.13239515e-01,  1.96665466e+00,
         -9.90429282e-01, -3.76248956e-01,  3.23528647e+00, -1.43005967e-01,
         -4.58337009e-01, -1.93564087e-01, -5.52506089e-01,  1.30649495e+00,
          6.33424968e-02,  4.81887221e-01, -1.26731241e+00,  3.78157735e-01,
          3.85533661e-01,  1.12571454e+00, -4.97296304e-02,  2.74404436e-01,
         -1.24920321e+00, -1.13209136e-01,  2.44342589e+00, -3.41699690e-01,
          1.29083645e+00,  1.75210190e+00, -7.48391390e-01, -1.98737037e+00,
         -1.31146729e-01,  1.52910203e-01,  1.00918984e+00, -1.22407866e+00,
         -5.87886631e-01,  1.38214958e+00, -6.90316081e-01,  6.19197786e-01,
         -1.62418282e+00,  3.47415090e-01,  3.26643050e-01, -7.36489415e-01,
          2.41664362e+00,  1.68358660e+00,  1.11672926e+00, -1.48059452e+00,
         -9.20518756e-01,  1.33835363e+00,  3.30800354e-01,  2.30438781e+00,
          3.08903039e-01,  2.93977529e-01,  1.15924883e+00, -6.12313569e-01,
          1.01567471e+00,  1.15853381e+00,  7.96960473e-01,  5.16730487e-01,
          7.92635620e-01,  6.34763241e-02, -1.80525571e-01,  2.81231332e+00,
         -2.75571227e+00,  2.27979105e-03, -9.20545936e-01,  5.10188341e-01,
          3.93081099e-01,  1.34284973e-01, -1.86015368e+00,  1.77908611e+00,
          1.24428475e+00, -2.27578807e+00, -8.64657164e-01, -8.04496944e-01,
          1.07621121e+00, -7.17312098e-01, -3.81692261e-01, -4.90260184e-01,
         -1.30539918e+00,  3.13380867e-01,  1.15880005e-01, -4.22223032e-01,
         -3.51666510e-01, -2.57690340e-01, -1.08686566e+00, -1.42774984e-01,
         -6.61323071e-01, -7.04897106e-01,  5.00441790e-01,  1.27964807e+00,
         -1.24833271e-01, -2.27397054e-01,  2.01251101e+00,  1.08105290e+00,
          7.72329122e-02,  5.67101657e-01,  2.31855440e+00, -1.51070178e+00,
         -1.34084928e+00, -5.91133356e-01,  6.89751506e-02,  3.13665843e+00,
         -1.53963149e-01, -1.30017543e+00,  1.57556009e+00, -5.07331014e-01,
         -1.01711035e+00,  1.02461123e+00, -1.96608618e-01, -1.93956208e+00,
          9.00000811e-01,  3.60027122e+00, -9.35874403e-01, -9.10592899e-02,
          9.57585514e-01,  1.98691761e+00,  2.87860274e-01, -7.41318226e-01,
          4.65816402e+00,  1.13683760e+00,  7.64122725e-01,  4.93189484e-01,
         -1.26811159e+00, -6.56591535e-01,  1.68776011e+00,  1.94451916e+00,
         -7.42022097e-02,  4.92281526e-01, -1.21030581e+00,  3.03404123e-01,
         -4.32590157e-01, -2.00421071e+00, -1.81062315e-02, -3.77830267e-01,
          9.73235071e-01, -1.41010058e+00,  3.31695378e-01, -1.36320162e+00,
         -1.61115909e+00,  5.17667115e-01,  2.24126101e-01,  3.54471147e-01,
          1.71751797e-01, -2.26502061e-01, -2.26972938e+00, -3.29837240e-02,
          1.72940385e+00,  6.87063158e-01, -8.04056704e-01,  2.05667138e+00,
          1.93325651e+00,  6.84640110e-01,  1.40863097e+00,  4.38512850e+00,
          7.94978619e-01,  1.04067326e+00, -2.83554554e-01, -1.24771023e+00,
          1.91987956e+00,  3.59363914e-01,  1.09050500e+00,  2.01106358e+00,
          2.12859011e+00,  6.99881986e-02,  1.12548780e+00, -1.97831643e+00,
          1.75916517e+00,  2.37945747e+00,  7.88978755e-01, -6.59966469e-01,
          1.44884562e+00, -1.14873338e+00,  7.57209301e-01,  7.35805333e-01,
         -9.40781534e-01,  4.54052180e-01,  4.27938789e-01,  1.17191386e+00,
          1.72668803e+00,  2.63920277e-01,  2.09636903e+00,  2.46682739e+00,
          2.16277218e+00,  1.91991180e-01,  1.20402455e+00,  3.00839376e+00,
         -6.42049551e-01, -1.12729740e+00,  2.20794415e+00,  2.40088448e-01,
         -1.44081545e+00,  1.51111352e+00,  2.40758866e-01,  4.17855471e-01,
          4.03391838e+00,  1.12451875e+00, -1.75821054e+00,  6.73013687e-01,
          2.02078152e+00,  3.99165303e-01, -2.56898135e-01, -8.31011832e-02,
         -8.85466516e-01, -6.11619353e-02, -1.17096412e+00, -3.32706720e-01,
          2.19421196e+00, -1.51370454e+00, -1.81712180e-01,  6.94500506e-01,
          2.02566338e+00, -2.01308107e+00,  1.64405465e+00,  3.97025681e+00,
         -7.65695870e-01, -9.06032696e-02, -7.13660836e-01,  7.15030372e-01,
         -4.26870704e-01,  1.22983277e+00, -3.39912415e-01,  3.08050573e-01,
          3.72038007e-01, -1.42297232e+00,  1.74913979e+00, -9.16690171e-01,
          2.50334191e+00, -4.71180290e-01, -4.22726460e-02,  3.07852834e-01,
         -7.49534667e-01,  2.34328651e+00, -1.49009556e-01, -1.23113501e+00,
         -7.96302855e-01,  1.45520997e+00,  2.91697472e-01, -3.70745882e-02,
         -8.28743756e-01,  1.69297445e+00,  1.39870256e-01,  3.47144634e-01,
          1.45132971e+00,  1.89227927e+00, -7.86206305e-01,  8.48887324e-01,
         -1.52509272e-01,  9.06850159e-01,  2.13085636e-01, -1.89976835e+00,
          2.59958339e+00, -7.81628489e-03, -3.53944278e+00,  9.26269740e-02,
          1.81314635e+00,  9.36726153e-01, -1.05002582e+00,  1.32949638e+00,
          1.94315350e+00, -2.27057785e-01, -1.30081367e+00,  3.09776008e-01,
          2.21050954e+00,  1.20444226e+00,  4.06154245e-01, -1.08184409e+00,
          1.45665658e+00, -8.94338667e-01, -7.91758358e-01,  1.46291125e+00,
          5.33171475e-01,  2.29989100e+00,  6.07490182e-01,  1.23407817e+00,
          1.17756712e+00,  9.69371140e-01,  8.90933275e-01, -9.41517413e-01,
          5.82104325e-02, -1.19444299e+00,  1.23154350e-01,  3.61128658e-01,
          3.64583552e-01,  1.19586349e+00,  1.95783103e+00,  8.49681795e-02,
         -2.09559679e+00,  6.55987144e-01,  5.54952845e-02,  4.14678961e-01,
          9.05359447e-01,  1.39073983e-01, -1.60034192e+00,  1.93631828e+00,
          3.53321671e-01,  1.55974591e+00, -9.87646818e-01,  9.77108777e-02,
         -1.63494088e-02,  6.68059662e-02,  3.33567947e-01, -1.65067792e+00,
         -3.26790214e-01,  2.34847975e+00, -1.39092475e-01, -1.39432058e-01,
          1.55687308e+00,  1.15543532e+00,  1.79730022e+00,  8.63296747e-01,
          2.06401420e+00,  2.07198071e+00,  7.98022032e-01, -4.96794730e-01,
          5.90464413e-01,  3.61538935e+00,  1.79560125e+00, -1.11944366e+00,
          6.21585488e-01, -6.93464816e-01,  2.71107644e-01,  9.37472224e-01,
          2.41019440e+00,  1.98046064e+00, -1.45137322e+00,  1.54940403e+00,
          1.62186563e+00, -1.50854945e-01,  7.18672931e-01,  1.58170462e+00,
         -9.98080373e-01,  1.62913823e+00, -6.09637260e-01,  2.12018800e+00,
          1.96454680e+00,  8.80421579e-01, -5.56211770e-01, -4.07350600e-01,
          2.80090541e-01,  1.75624168e+00,  9.86757517e-01, -9.09066319e-01,
         -5.53657770e-01,  5.33110321e-01,  3.02938461e+00,  1.65611303e+00,
          2.72935653e+00,  6.02995276e-01, -2.32911393e-01,  4.17858034e-01,
         -1.14295828e+00,  2.84628510e+00, -2.56152123e-01,  1.17020406e-01,
          1.37244248e+00,  6.38180137e-01,  3.72055006e+00,  1.23099732e+00,
          8.70291829e-01,  7.88844526e-01,  1.97866619e+00,  2.60462666e+00,
         -6.85521960e-01, -1.46507013e+00, -3.71496305e-02,  4.24839109e-01,
          1.43129969e+00, -2.72370249e-01, -8.80942419e-02,  1.55762577e+00,
         -1.46546042e+00, -1.22304291e-01,  1.42322731e+00,  2.11082125e+00,
          1.01196611e+00,  1.33704901e+00,  1.12377636e-01,  1.42748213e+00,
          5.56310117e-01, -3.42116505e-01,  1.91919601e+00,  2.60481119e-01,
         -1.51539600e+00, -1.18817723e+00, -8.34006786e-01,  2.03853145e-01,
          4.55219686e-01, -1.02285266e+00,  1.41952360e+00,  7.54298747e-01,
          2.33653235e+00, -1.87990189e+00, -3.09708834e-01,  1.24940395e+00,
         -1.35452902e+00, -5.27087748e-01,  9.99306917e-01, -1.25316119e+00,
         -1.27799407e-01, -3.83347049e-02,  1.75523415e-01, -8.53017390e-01,
          1.60762298e+00, -5.28961301e-01, -2.93016791e-01, -1.68955982e-01,
          3.33836913e+00,  2.19397879e+00,  1.58902931e+00, -1.22634625e+00,
          1.62879550e+00, -3.19828182e-01, -5.44129133e-01,  3.78289580e+00,
          6.34410143e-01, -1.17068577e+00,  1.61227131e+00,  1.31027305e+00,
         -2.62050676e+00, -6.34609401e-01,  1.76708773e-01, -5.40234335e-02,
          5.76661304e-02,  1.04483366e+00,  1.21102348e-01, -1.35168886e+00,
         -1.02947819e+00, -1.80534256e+00, -1.42130983e+00, -1.09328680e-01,
          2.40478086e+00, -2.57188797e-01, -2.64587700e-01,  1.03583828e-01,
          1.11794615e+00, -7.06718385e-01, -2.09959650e+00,  3.54444683e-02,
          1.37474120e+00,  2.74771541e-01, -3.35771888e-01,  1.26431465e+00,
          1.88508362e-01,  6.05079114e-01,  1.26197243e+00,  9.26081657e-01,
          5.15285060e-02,  2.82005835e+00,  3.00697565e-01, -3.75456661e-01,
         -8.66909027e-01,  4.98554796e-01, -1.20426619e+00,  6.06755652e-02,
          3.70246458e+00,  2.02262449e+00,  2.20560145e+00, -5.44029355e-01,
          1.67124927e+00,  1.78144228e+00,  1.52402270e+00,  5.91057181e-01,
         -4.08149779e-01, -2.69466817e-01,  1.39590561e+00,  3.97345901e-01,
          6.99264002e+00,  5.08464098e+00,  2.18824911e+00, -4.02204186e-01,
          5.28635144e-01, -5.02179153e-02,  6.76427484e-01,  2.30343771e+00,
         -1.51335299e+00, -1.94022727e+00, -3.48662809e-02, -1.99995506e+00,
          1.75595260e+00, -3.29054922e-01, -1.03157543e-01,  4.35873061e-01,
          8.66673648e-01,  2.30760646e+00,  3.08001071e-01, -7.00705469e-01,
         -2.33031249e+00,  6.65762424e-01, -1.07518601e+00, -1.21305096e+00,
         -1.55274940e+00,  1.47360027e-01, -8.92571628e-01, -1.45798874e+00,
         -1.02456522e+00, -2.42019892e+00, -1.07201815e+00, -1.42169213e+00,
         -1.70995522e+00, -2.09377766e+00, -1.32101095e+00, -2.58566529e-01,
         -1.15568781e+00, -1.10297394e+00, -5.35106421e-01, -3.86366159e-01,
         -2.82381225e+00, -6.67574227e-01, -1.64304435e+00, -1.27703500e+00,
          4.19199079e-01,  1.08906102e+00,  5.11275344e-02, -5.04324913e-01,
         -7.08438873e-01, -4.72047895e-01, -6.17574275e-01, -1.91248691e+00,
         -1.68596566e+00, -1.31374449e-01, -1.18420458e+00, -1.96168113e+00,
         -1.51515388e+00, -1.34852517e+00, -1.02767015e+00, -1.40291476e+00,
         -1.67741120e+00, -1.71770632e+00,  1.64003766e+00, -7.32802749e-01,
          5.05700052e-01, -1.78408474e-01, -1.43338609e+00,  2.05821204e+00,
         -1.45458961e+00, -1.28910124e+00,  7.43027151e-01, -3.67216989e-02,
         -1.66431463e+00,  5.35233736e-01, -6.32859468e-02, -2.11730027e+00,
          2.83240288e-01,  5.07591069e-02, -3.59240502e-01, -8.26880813e-01,
         -7.13877201e-01,  2.69280910e-01, -1.30866265e+00, -3.48281592e-01,
         -1.01864171e+00,  4.80045199e-01, -1.26586211e+00, -1.74128163e+00,
         -1.40605044e+00, -2.45634460e+00, -1.83854365e+00, -1.21836495e+00,
         -1.27962399e+00, -2.27794933e+00, -5.32973334e-02,  1.08821821e+00]],
       device='cuda:0')
Adv example prediction (first 2 examples and 2 restarts):
 tensor([[[ 8.90676603e-02,  1.99278116e+00, -7.83575296e-01, -8.35146189e-01,
          -1.02475607e+00,  2.90566742e-01, -5.56614578e-01, -1.55768025e+00,
          -1.51678014e+00, -1.29530740e+00, -6.71274900e-01,  1.75019428e-01,
           1.62708983e-01, -1.17342174e-01,  3.84961754e-01,  3.50278705e-01,
          -5.03575027e-01, -8.04325223e-01, -2.19706088e-01, -1.60835460e-01,
          -6.73772395e-01,  1.83499902e-01,  1.92331597e-01, -7.59435475e-01,
           1.41223937e-01, -3.77096564e-01,  1.20187998e+00,  3.50646377e-01,
          -5.28854311e-01,  9.02227581e-01, -1.51394868e+00,  1.14184952e+00,
          -3.10723901e-01, -1.73750389e+00, -1.12386322e+00, -1.07183778e+00,
           5.50782144e-01, -1.61520267e+00,  1.10529935e+00, -5.48244596e-01,
           1.54726624e+00, -1.29517913e-01, -2.74394989e-01, -5.08944511e-01,
           6.47793591e-01, -7.23232388e-01,  1.55679739e+00,  1.00719444e-01,
          -1.36403286e+00, -3.17682236e-01,  1.86966822e-01, -2.35622954e+00,
           1.05232847e+00,  7.23833144e-01, -3.70023489e-01, -6.80815876e-01,
           8.26500952e-02, -1.29952216e+00,  3.77910823e-01,  4.12466601e-02,
           4.27167594e-01, -2.42347956e-01, -6.50078952e-01,  1.10685006e-01,
           1.11414321e-01, -3.74973327e-01, -4.63262796e-01, -4.09659564e-01,
          -9.67396140e-01, -1.15361345e+00,  1.05604649e+00,  1.00904989e+00,
           8.22979927e-01,  1.97155547e+00,  9.60497737e-01,  2.11721563e+00,
           7.42637575e-01,  2.52132607e+00,  2.21369815e+00,  2.13531303e+00,
           1.07141726e-01, -1.57465518e+00, -5.22822440e-01, -1.05165362e+00,
          -1.12345144e-01, -3.78914297e-01, -1.10392916e+00,  7.34924197e-01,
           4.58990902e-01, -8.36344600e-01, -1.70433983e-01, -1.24439180e+00,
           4.60303813e-01, -1.10211551e-01,  4.43157822e-01, -1.06037152e+00,
           5.82617223e-01, -7.99177587e-01,  4.90709662e-01, -9.17654872e-01,
           4.74375486e-01, -1.72244871e+00, -2.22530270e+00,  6.49540305e-01,
          -1.39466953e+00, -2.13960147e+00, -1.50751495e+00, -5.48967063e-01,
          -1.56067014e+00, -1.75335026e+00,  9.95571092e-02,  2.90071106e+00,
          -3.11612248e-01,  2.37140492e-01,  4.58853364e-01, -1.38486898e+00,
          -7.88789511e-01, -1.06556237e-01, -3.83582056e-01, -9.51984942e-01,
          -8.27392638e-01, -1.40621352e+00, -1.07262182e+00, -2.03175831e+00,
          -1.13295066e+00, -1.61201549e+00,  8.24593008e-01, -1.51198953e-01,
           1.11342025e+00,  5.17551720e-01, -8.93429667e-02, -2.43565500e-01,
           4.50880915e-01, -3.34106207e-01,  2.33944416e-01, -9.84318852e-01,
          -8.18524182e-01, -1.07032448e-01,  2.69623715e-02, -1.34460330e+00,
          -1.76423192e+00,  6.59269929e-01, -9.46042418e-01, -4.26759571e-01,
          -4.52301621e-01, -5.36000669e-01, -1.20869195e+00,  6.34953558e-01,
           1.79573640e-01, -5.93189895e-03, -1.72158861e+00,  6.25003099e-01,
          -6.74991131e-01,  3.08735251e-01, -8.54782239e-02, -3.73789430e-01,
          -5.33277988e-01,  4.59010527e-03, -5.75409174e-01, -9.71759677e-01,
          -1.02525640e+00, -3.57475162e-01,  1.64564416e-01, -7.16404319e-01,
          -5.87790430e-01, -6.48174286e-01, -8.49249840e-01, -1.00586534e+00,
          -2.48578608e-01, -5.33729315e-01, -1.81022912e-01, -4.84668255e-01,
          -1.12248099e+00, -2.34674275e-01, -5.12449563e-01, -9.19187725e-01,
          -1.12292290e+00, -1.90813750e-01,  1.03719190e-01, -9.63695586e-01,
          -1.27018058e+00, -2.83233702e-01,  1.44390285e-01, -3.27372909e-01,
          -1.34162903e-01, -4.09614116e-01, -1.30107269e-01,  3.46991301e-01,
          -6.01708114e-01, -7.66674876e-01, -2.01997668e-01, -7.68763646e-02,
          -4.59958345e-01, -3.21239322e-01, -6.05160832e-01,  1.11676455e+00,
          -9.80411842e-02, -9.26110566e-01, -8.58728707e-01,  5.70862889e-01,
          -2.70683736e-01, -5.28428435e-01, -1.86827272e-01,  8.32412302e-01,
          -2.21632272e-01, -5.96744239e-01, -1.07364893e+00, -7.47049570e-01,
          -7.19326437e-01, -8.00272524e-01, -1.29468572e+00, -3.90029609e-01,
          -8.76408368e-02, -7.29561865e-01, -6.88603759e-01, -5.37159383e-01,
          -6.52428091e-01, -2.58887678e-01, -5.86478889e-01, -7.50104904e-01,
          -1.05159795e+00, -4.16183114e-01, -4.05537874e-01,  2.31888682e-01,
           3.27123515e-03, -9.46115494e-01, -9.16268289e-01, -5.48434079e-01,
          -8.45390856e-01,  4.33519125e-01, -7.40565240e-01, -3.45282644e-01,
          -7.20087588e-01, -4.99402851e-01, -3.64550591e-01, -8.01269114e-02,
          -5.98667920e-01, -8.91928449e-02, -7.84845829e-01, -2.76370078e-01,
          -6.51487172e-01, -6.21059895e-01,  2.99034156e-02, -1.61230946e+00,
          -1.02815843e+00,  2.27728054e-01, -1.30558395e+00, -4.90582108e-01,
          -1.01303577e-01, -1.50146648e-01, -2.67428488e-01, -1.18907189e+00,
           2.46070370e-01, -1.88623577e-01,  9.12557662e-01, -1.26589131e+00,
          -1.19326413e+00,  6.24081865e-02,  4.54594046e-02,  2.73483962e-01,
           9.05319117e-03, -5.13118744e-01, -9.68386471e-01, -4.18688715e-01,
          -6.97935104e-01,  4.39827330e-03, -7.67880321e-01, -9.21158016e-01,
          -1.48391485e+00,  3.08187306e-01,  3.35524440e-01, -3.63744766e-01,
           5.08324206e-01,  2.15629116e-01, -4.57468659e-01, -5.67961752e-01,
          -7.62299895e-01, -2.83972502e-01, -6.36758506e-01,  7.04236388e-01,
          -1.24517389e-01,  1.40702522e+00,  1.38135386e+00,  1.90578508e+00,
           1.88179564e+00,  4.49362755e-01, -8.64602268e-01, -2.43832022e-01,
          -1.14621627e+00, -8.87857080e-01, -1.39731896e+00, -1.17057323e+00,
          -7.75587142e-01, -6.27821267e-01, -1.44618547e+00, -1.09935355e+00,
           2.18428411e-02, -1.10453784e+00, -1.61100078e+00, -1.04080486e+00,
          -3.55152279e-01,  1.32906389e+00,  1.07998610e+00,  5.50210059e-01,
          -1.35461196e-01, -1.18843174e+00,  4.97315973e-01,  6.62878513e-01,
           1.34561300e+00, -6.04405999e-01,  1.36684716e+00,  1.38621354e+00,
           2.15318352e-01,  2.09349322e+00,  1.91643548e+00,  1.23194885e+00,
           9.12662268e-01, -1.04186207e-01,  2.00793290e+00,  1.57018518e+00,
           1.28393412e+00, -1.54486644e+00, -1.16870046e+00, -1.29387522e+00,
          -1.06809962e+00, -1.83930266e+00, -1.53144920e+00, -4.14396852e-01,
          -1.97556627e+00, -1.43895996e+00,  6.33995906e-02,  3.85015309e-01,
           1.32655489e+00, -4.00929660e-01, -9.26392317e-01, -6.15271032e-01,
          -1.92872143e+00, -6.58657402e-04, -5.43120980e-01, -1.93742645e+00,
          -1.31085682e+00, -1.13343012e+00, -1.81906009e+00, -1.47506547e+00,
          -8.67929757e-01, -1.83548641e+00, -1.77051020e+00, -1.20090210e+00,
          -2.50521564e+00, -1.65538692e+00, -1.81967342e+00, -1.40372944e+00,
          -1.74855232e+00, -1.30653584e+00, -1.90384424e+00, -1.81606746e+00,
          -3.08897555e-01, -2.57498026e-01, -7.38424435e-02,  2.98352987e-02,
          -6.64031804e-01,  4.23345804e-01, -2.19165996e-01, -4.89227951e-01,
          -1.87915432e+00, -6.89576924e-01, -9.59127545e-01, -4.84766394e-01,
          -5.12198806e-01, -9.29100692e-01, -3.39066356e-01, -1.34725440e+00,
          -9.49902892e-01, -6.90834701e-01, -6.06476128e-01, -1.12621403e+00,
          -8.44279110e-01, -3.30004364e-01, -5.23562908e-01, -1.45088148e+00,
          -2.22546279e-01, -1.17110598e+00, -4.98327374e-01, -6.80405557e-01,
          -1.08758140e+00, -9.45217729e-01, -1.54942429e+00, -1.45335996e+00,
          -2.05285168e+00,  7.05087125e-01, -8.55061829e-01,  6.76654279e-01,
          -2.03832522e-01, -2.10267806e+00, -3.92558694e-01,  9.28821862e-01,
          -1.89309013e+00, -1.52944064e+00, -1.73161462e-01,  4.75101829e-01,
          -4.41145629e-01, -2.93731987e-01, -1.98349535e-01, -4.70894486e-01,
          -2.59608656e-01,  1.49301600e+00, -5.55757523e-01, -3.24747473e-01,
          -1.84072626e+00,  2.86447525e+00, -8.73699129e-01,  1.48788536e+00,
           5.90757966e-01,  9.53717113e-01,  1.22676468e+00, -1.72217202e+00,
           1.77943671e+00,  3.83917511e-01,  3.07080460e+00,  1.90110731e+00,
           1.16907388e-01,  4.57155228e-01,  3.60689573e-02, -3.59512389e-01,
           1.66302547e-01,  3.30048561e-01,  1.44492984e+00, -7.67332435e-01,
          -3.92226964e-01, -1.19566701e-01, -5.67726731e-01,  7.08410442e-02,
           4.18621242e-01,  3.77613753e-01,  1.22178710e+00,  1.62753379e+00,
          -5.46728194e-01, -3.53960156e-01,  1.39931107e+00,  3.45164359e-01,
          -1.78095996e-01,  1.29669857e+00, -3.18696529e-01,  1.97393346e+00,
          -1.00163543e+00, -3.82344127e-01,  3.19963741e+00, -1.42203331e-01,
          -4.39799130e-01, -2.09611610e-01, -5.52635789e-01,  1.25569558e+00,
           7.94400275e-02,  4.73293424e-01, -1.25384867e+00,  4.06199753e-01,
           3.43301058e-01,  1.12901032e+00, -5.49876541e-02,  2.46219918e-01,
          -1.23221684e+00, -1.23828709e-01,  2.42036057e+00, -3.31066221e-01,
           1.27904224e+00,  1.72825897e+00, -7.30042696e-01, -1.97457731e+00,
          -1.16921715e-01,  1.40259668e-01,  9.89835799e-01, -1.21813512e+00,
          -6.11987233e-01,  1.35323954e+00, -6.77722275e-01,  6.54429615e-01,
          -1.62037623e+00,  3.12988579e-01,  3.30804169e-01, -7.34320104e-01,
           2.39861870e+00,  1.66929662e+00,  1.10736191e+00, -1.49106145e+00,
          -9.32038248e-01,  1.32921422e+00,  2.93772280e-01,  2.28480268e+00,
           2.86635011e-01,  3.39091510e-01,  1.15826154e+00, -6.39618456e-01,
           1.03579330e+00,  1.13763952e+00,  7.61987925e-01,  5.30301630e-01,
           7.96815276e-01,  5.64131662e-02, -1.80605918e-01,  2.76219749e+00,
          -2.74538875e+00,  5.21305017e-04, -9.33849454e-01,  4.98329163e-01,
           3.95016223e-01,  1.35788277e-01, -1.87194407e+00,  1.75545919e+00,
           1.24356735e+00, -2.26594234e+00, -8.91212225e-01, -8.14059079e-01,
           1.04089952e+00, -7.37212002e-01, -3.87659937e-01, -4.63464588e-01,
          -1.28274226e+00,  3.15965861e-01,  1.19835116e-01, -4.03260827e-01,
          -3.27042431e-01, -2.77630091e-01, -1.10669994e+00, -1.44852161e-01,
          -6.59177482e-01, -6.79352343e-01,  5.02671719e-01,  1.25892377e+00,
          -1.20516047e-01, -2.11098850e-01,  1.99221206e+00,  1.05917335e+00,
           7.95472115e-02,  5.80144525e-01,  2.29285598e+00, -1.52064061e+00,
          -1.34049869e+00, -5.86110413e-01,  9.20831561e-02,  3.14907336e+00,
          -2.05790430e-01, -1.30977392e+00,  1.54462445e+00, -5.12697935e-01,
          -1.02598178e+00,  1.05203331e+00, -2.25320548e-01, -1.93574023e+00,
           8.92826498e-01,  3.58892322e+00, -9.46486354e-01, -1.27767608e-01,
           9.65230048e-01,  1.97566020e+00,  3.06098163e-01, -7.29691923e-01,
           4.64909792e+00,  1.13012850e+00,  7.36475468e-01,  4.78591770e-01,
          -1.25575686e+00, -6.39263332e-01,  1.71766126e+00,  1.93019009e+00,
          -5.05913235e-02,  4.92815524e-01, -1.23622811e+00,  2.74964184e-01,
          -4.06508774e-01, -1.99015343e+00, -2.96106171e-02, -3.83287966e-01,
           9.80053365e-01, -1.41184652e+00,  3.09172392e-01, -1.33904278e+00,
          -1.63753843e+00,  4.98918682e-01,  2.18260512e-01,  3.63264978e-01,
           2.14339972e-01, -1.98077679e-01, -2.26037312e+00, -6.00854196e-02,
           1.70384872e+00,  6.53994739e-01, -7.95564175e-01,  2.04402757e+00,
           1.96974277e+00,  6.71218514e-01,  1.35549450e+00,  4.37780190e+00,
           7.74866641e-01,  1.00969422e+00, -2.95704484e-01, -1.23271167e+00,
           1.87460911e+00,  3.66570890e-01,  1.08664429e+00,  2.02912259e+00,
           2.10092688e+00,  5.69843799e-02,  1.09284806e+00, -1.96356952e+00,
           1.73692799e+00,  2.37504053e+00,  7.74989426e-01, -6.78583026e-01,
           1.46386409e+00, -1.11860204e+00,  7.52734959e-01,  7.27779567e-01,
          -9.55312073e-01,  4.25802410e-01,  4.29123491e-01,  1.15844810e+00,
           1.70547342e+00,  2.83938229e-01,  2.07821727e+00,  2.47323322e+00,
           2.16783023e+00,  1.95391506e-01,  1.21756148e+00,  2.95967960e+00,
          -6.21864319e-01, -1.15226531e+00,  2.18737388e+00,  2.43082404e-01,
          -1.44799650e+00,  1.46529770e+00,  2.35609353e-01,  3.91410053e-01,
           4.02824974e+00,  1.10221696e+00, -1.75194919e+00,  6.25831485e-01,
           1.99755251e+00,  3.99103642e-01, -2.73687154e-01, -9.76053178e-02,
          -8.62020254e-01, -1.04412064e-01, -1.16709757e+00, -3.31301332e-01,
           2.16109276e+00, -1.51346266e+00, -1.94993109e-01,  6.71259344e-01,
           2.02323318e+00, -2.00597501e+00,  1.62868071e+00,  3.97812319e+00,
          -7.46590853e-01, -1.21543348e-01, -7.00853646e-01,  7.27916658e-01,
          -4.22186881e-01,  1.21227443e+00, -3.53015423e-01,  3.05672467e-01,
           3.80764544e-01, -1.39367115e+00,  1.71549785e+00, -9.27968860e-01,
           2.48403311e+00, -4.79779989e-01, -5.76310717e-02,  2.94565022e-01,
          -7.30843663e-01,  2.42192483e+00, -1.57452896e-01, -1.22791898e+00,
          -7.82824695e-01,  1.43814456e+00,  2.77144670e-01, -6.10742345e-02,
          -8.55035245e-01,  1.66485202e+00,  1.23671860e-01,  3.59225899e-01,
           1.41978550e+00,  1.87808263e+00, -7.94158995e-01,  8.13198209e-01,
          -2.06653476e-01,  8.78038585e-01,  1.75801620e-01, -1.90087569e+00,
           2.56702757e+00, -2.15428025e-02, -3.54332185e+00,  7.50987753e-02,
           1.80932963e+00,  9.05978858e-01, -1.06889117e+00,  1.32037926e+00,
           1.91926777e+00, -2.19589502e-01, -1.30573559e+00,  2.40320742e-01,
           2.22709250e+00,  1.20907712e+00,  3.82316440e-01, -1.06737173e+00,
           1.47367108e+00, -8.89062941e-01, -7.52756536e-01,  1.47590506e+00,
           5.12025356e-01,  2.31254411e+00,  5.90602279e-01,  1.21311212e+00,
           1.15077972e+00,  9.51040506e-01,  8.52161467e-01, -9.76135969e-01,
           7.24591017e-02, -1.19610834e+00,  1.22733824e-01,  3.45591545e-01,
           3.41994107e-01,  1.24687266e+00,  1.94499743e+00,  6.88487962e-02,
          -2.12123752e+00,  6.70051932e-01,  2.23953016e-02,  4.46255863e-01,
           9.16452706e-01,  1.00351572e-01, -1.59548247e+00,  1.89746392e+00,
           3.49458873e-01,  1.54699624e+00, -9.68154132e-01,  1.19267777e-01,
          -3.47716548e-02,  7.00688735e-02,  3.55356067e-01, -1.66349339e+00,
          -3.45638633e-01,  2.32966518e+00, -1.39803588e-01, -1.30728915e-01,
           1.51947439e+00,  1.14802170e+00,  1.81738985e+00,  8.33422065e-01,
           2.06447315e+00,  2.06267500e+00,  8.30980003e-01, -4.71619040e-01,
           5.90231538e-01,  3.61545229e+00,  1.79265237e+00, -1.11935639e+00,
           6.53499544e-01, -6.76426530e-01,  2.64647514e-01,  9.42290425e-01,
           2.41950727e+00,  1.95886099e+00, -1.45143414e+00,  1.51989865e+00,
           1.61533785e+00, -1.60104483e-01,  7.00621307e-01,  1.55291772e+00,
          -9.79249120e-01,  1.59222674e+00, -6.05261803e-01,  2.08692670e+00,
           1.92183447e+00,  8.97055507e-01, -5.46328843e-01, -4.18764591e-01,
           2.73719043e-01,  1.73467076e+00,  9.76015627e-01, -9.06008899e-01,
          -5.71507335e-01,  5.13893306e-01,  2.99409461e+00,  1.64016497e+00,
           2.70235300e+00,  6.28640413e-01, -2.33319744e-01,  4.06504899e-01,
          -1.13542509e+00,  2.83773088e+00, -2.54881054e-01,  1.35935813e-01,
           1.36034989e+00,  6.44855380e-01,  3.76104283e+00,  1.21698952e+00,
           8.61451030e-01,  8.09902966e-01,  1.92780435e+00,  2.63647485e+00,
          -7.14041889e-01, -1.47374821e+00, -3.53141204e-02,  4.51642305e-01,
           1.42004716e+00, -2.53194660e-01, -8.35220218e-02,  1.55912805e+00,
          -1.45762491e+00, -1.15448132e-01,  1.39412117e+00,  2.10558844e+00,
           9.80382442e-01,  1.30409050e+00,  8.79442915e-02,  1.45993733e+00,
           5.84332764e-01, -3.52668941e-01,  1.90432334e+00,  2.68676013e-01,
          -1.50101578e+00, -1.20997679e+00, -8.35992694e-01,  1.81999460e-01,
           4.64920580e-01, -1.00734079e+00,  1.38605464e+00,  7.22294152e-01,
           2.35720658e+00, -1.85712159e+00, -3.05955619e-01,  1.23496819e+00,
          -1.34855676e+00, -5.51006436e-01,  1.01432157e+00, -1.25615931e+00,
          -1.30203605e-01, -2.00049970e-02,  1.44874617e-01, -8.39370430e-01,
           1.59800327e+00, -5.39120853e-01, -3.04198653e-01, -1.62815779e-01,
           3.29724097e+00,  2.18586707e+00,  1.55815363e+00, -1.20985663e+00,
           1.61611652e+00, -3.10514867e-01, -5.24011314e-01,  3.75409126e+00,
           6.37292325e-01, -1.16076541e+00,  1.59614635e+00,  1.29696834e+00,
          -2.65774512e+00, -6.63810134e-01,  1.94280833e-01, -6.27112538e-02,
           2.97249909e-02,  1.04063284e+00,  1.00540720e-01, -1.34660006e+00,
          -1.02804577e+00, -1.81604278e+00, -1.40471053e+00, -1.15509026e-01,
           2.38730288e+00, -2.42194369e-01, -2.67253667e-01,  8.63526464e-02,
           1.10771668e+00, -6.91730618e-01, -2.08655691e+00,  1.69902481e-03,
           1.39852273e+00,  2.72834092e-01, -3.66334826e-01,  1.28513753e+00,
           1.79980457e-01,  5.85021019e-01,  1.27376497e+00,  9.27915096e-01,
           7.46661574e-02,  2.79691505e+00,  2.94083953e-01, -3.86276543e-01,
          -8.56238186e-01,  4.82874632e-01, -1.21390224e+00,  3.41115855e-02,
           3.67468882e+00,  2.01866484e+00,  2.20531130e+00, -5.40436566e-01,
           1.68015635e+00,  1.78661764e+00,  1.53824127e+00,  5.96022248e-01,
          -4.04122889e-01, -3.05143893e-01,  1.34683049e+00,  4.10904527e-01,
           7.03527594e+00,  5.09802246e+00,  2.15118122e+00, -3.91038954e-01,
           5.46531320e-01, -5.32910712e-02,  6.79040134e-01,  2.31061172e+00,
          -1.50427377e+00, -1.93708217e+00, -7.27706179e-02, -1.95926940e+00,
           1.71729922e+00, -3.62393409e-01, -1.04911581e-01,  4.28058028e-01,
           8.52188170e-01,  2.27489638e+00,  2.86706179e-01, -7.18144238e-01,
          -2.32051826e+00,  6.51213765e-01, -1.08988822e+00, -1.21006560e+00,
          -1.52875376e+00,  1.65441781e-01, -8.90939474e-01, -1.42760217e+00,
          -1.01269007e+00, -2.39999104e+00, -1.06315851e+00, -1.40791237e+00,
          -1.70697510e+00, -2.06780744e+00, -1.30529130e+00, -2.37508431e-01,
          -1.17636871e+00, -1.09406388e+00, -5.38978219e-01, -3.71037096e-01,
          -2.82077765e+00, -6.67412817e-01, -1.65353525e+00, -1.25891590e+00,
           4.39659476e-01,  1.08018970e+00,  5.24156727e-02, -4.96368349e-01,
          -7.00680852e-01, -4.59928960e-01, -6.00755274e-01, -1.87628996e+00,
          -1.67730963e+00, -1.46651044e-01, -1.16374183e+00, -1.97191954e+00,
          -1.52009201e+00, -1.32495832e+00, -1.03418779e+00, -1.39173841e+00,
          -1.68603182e+00, -1.69599116e+00,  1.63997614e+00, -7.26468325e-01,
           5.12012780e-01, -1.94901198e-01, -1.43332350e+00,  2.09235668e+00,
          -1.46154773e+00, -1.28233886e+00,  7.36437678e-01, -4.19242606e-02,
          -1.68064404e+00,  5.59994340e-01, -8.27165246e-02, -2.12222457e+00,
           2.43403018e-01,  5.46141565e-02, -3.23131770e-01, -8.18208277e-01,
          -7.08552480e-01,  2.63926178e-01, -1.31474495e+00, -3.40399474e-01,
          -1.01341820e+00,  4.68004912e-01, -1.26665556e+00, -1.75049543e+00,
          -1.40298390e+00, -2.47361302e+00, -1.84764445e+00, -1.23211932e+00,
          -1.29597938e+00, -2.26284528e+00, -4.15963605e-02,  1.12486720e+00]]],
       device='cuda:0')
PGD attack margin (first 2 examples and 10 specs):
 tensor([[[0.72206253]]], device='cuda:0')
number of violation:  0
Attack finished in 7.7030 seconds.
PGD attack failed
verified_status unknown
verified_success False
Total VNNLIB file length: 1, max property batch size: 1, total number of batches: 1

Properties batch 0, size 1
Remaining timeout: 1155.5678987503052
Verifying property 0 with 1 instances.
torch allclose failed: norm 8.889588571037166e-06
Model: BoundedModule(
  (/input-1): BoundInput(name=/input-1, inputs=[], perturbed=True)
  (/33): BoundParams(name=/33, inputs=[], perturbed=False)
  (/34): BoundParams(name=/34, inputs=[], perturbed=False)
  (/35): BoundParams(name=/35, inputs=[], perturbed=False)
  (/36): BoundParams(name=/36, inputs=[], perturbed=False)
  (/37): BoundParams(name=/37, inputs=[], perturbed=False)
  (/38): BoundParams(name=/38, inputs=[], perturbed=False)
  (/39): BoundParams(name=/39, inputs=[], perturbed=False)
  (/40): BoundParams(name=/40, inputs=[], perturbed=False)
  (/41): BoundParams(name=/41, inputs=[], perturbed=False)
  (/42): BoundParams(name=/42, inputs=[], perturbed=False)
  (/43): BoundParams(name=/43, inputs=[], perturbed=False)
  (/44): BoundParams(name=/44, inputs=[], perturbed=False)
  (/45): BoundParams(name=/45, inputs=[], perturbed=False)
  (/46): BoundParams(name=/46, inputs=[], perturbed=False)
  (/47): BoundParams(name=/47, inputs=[], perturbed=False)
  (/48): BoundParams(name=/48, inputs=[], perturbed=False)
  (/49): BoundParams(name=/49, inputs=[], perturbed=False)
  (/50): BoundParams(name=/50, inputs=[], perturbed=False)
  (/51): BoundParams(name=/51, inputs=[], perturbed=False)
  (/52): BoundParams(name=/52, inputs=[], perturbed=False)
  (/53): BoundParams(name=/53, inputs=[], perturbed=False)
  (/54): BoundParams(name=/54, inputs=[], perturbed=False)
  (/55): BoundParams(name=/55, inputs=[], perturbed=False)
  (/56): BoundParams(name=/56, inputs=[], perturbed=False)
  (/57): BoundParams(name=/57, inputs=[], perturbed=False)
  (/58): BoundParams(name=/58, inputs=[], perturbed=False)
  (/59): BoundParams(name=/59, inputs=[], perturbed=False)
  (/60): BoundParams(name=/60, inputs=[], perturbed=False)
  (/61): BoundParams(name=/61, inputs=[], perturbed=False)
  (/62): BoundParams(name=/62, inputs=[], perturbed=False)
  (/63): BoundParams(name=/63, inputs=[], perturbed=False)
  (/64): BoundParams(name=/64, inputs=[], perturbed=False)
  (/input): BoundConv(name=/input, inputs=[/input-1, /33, /34], perturbed=True)
  (/66): BoundRelu(name=/66, inputs=[/input], perturbed=True)
  (/input-4): BoundConv(name=/input-4, inputs=[/66, /35, /36], perturbed=True)
  (/68): BoundRelu(name=/68, inputs=[/input-4], perturbed=True)
  (/input-12): BoundConv(name=/input-12, inputs=[/input-8/add_3_4, /37, /38], perturbed=True)
  (/71): BoundRelu(name=/71, inputs=[/input-12], perturbed=True)
  (/input-16): BoundConv(name=/input-16, inputs=[/71, /39, /40], perturbed=True)
  (/73): BoundRelu(name=/73, inputs=[/input-16], perturbed=True)
  (/input-24): BoundConv(name=/input-24, inputs=[/input-20/add_3_4, /41, /42], perturbed=True)
  (/76): BoundRelu(name=/76, inputs=[/input-24], perturbed=True)
  (/input-28): BoundConv(name=/input-28, inputs=[/76, /43, /44], perturbed=True)
  (/78): BoundRelu(name=/78, inputs=[/input-28], perturbed=True)
  (/input-32): BoundConv(name=/input-32, inputs=[/78, /45, /46], perturbed=True)
  (/80): BoundRelu(name=/80, inputs=[/input-32], perturbed=True)
  (/input-40): BoundConv(name=/input-40, inputs=[/input-36/add_3_4, /47, /48], perturbed=True)
  (/83): BoundRelu(name=/83, inputs=[/input-40], perturbed=True)
  (/input-44): BoundConv(name=/input-44, inputs=[/83, /49, /50], perturbed=True)
  (/85): BoundRelu(name=/85, inputs=[/input-44], perturbed=True)
  (/input-48): BoundConv(name=/input-48, inputs=[/85, /51, /52], perturbed=True)
  (/87): BoundRelu(name=/87, inputs=[/input-48], perturbed=True)
  (/input-56): BoundConv(name=/input-56, inputs=[/input-52/add_3_4, /53, /54], perturbed=True)
  (/90): BoundRelu(name=/90, inputs=[/input-56], perturbed=True)
  (/input-60): BoundConv(name=/input-60, inputs=[/90, /55, /56], perturbed=True)
  (/92): BoundRelu(name=/92, inputs=[/input-60], perturbed=True)
  (/input-64): BoundConv(name=/input-64, inputs=[/92, /57, /58], perturbed=True)
  (/94): BoundRelu(name=/94, inputs=[/input-64], perturbed=True)
  (/96): BoundFlatten(name=/96, inputs=[/95/add_3_4], perturbed=True)
  (/input-68): BoundLinear(name=/input-68, inputs=[/96, /59, /60], perturbed=True)
  (/98): BoundRelu(name=/98, inputs=[/input-68], perturbed=True)
  (/99): BoundFlatten(name=/99, inputs=[/98], perturbed=True)
  (/input-72): BoundLinear(name=/input-72, inputs=[/99, /61, /62], perturbed=True)
  (/101): BoundRelu(name=/101, inputs=[/input-72], perturbed=True)
  (/102): BoundFlatten(name=/102, inputs=[/101], perturbed=True)
  (/103): BoundLinear(name=/103, inputs=[/102, /63, /64], perturbed=True)
  (/input-8/conv_1): BoundConv(name=/input-8/conv_1, inputs=[/68, /input-8/conv_1_w], perturbed=True)
  (/input-8/conv_1_relu): BoundRelu(name=/input-8/conv_1_relu, inputs=[/input-8/conv_1], perturbed=True)
  (/input-8/conv_1_w): BoundParams(name=/input-8/conv_1_w, inputs=[], perturbed=False)
  (/input-8/conv_2): BoundConv(name=/input-8/conv_2, inputs=[/68, /input-8/conv_2_w], perturbed=True)
  (/input-8/conv_2_w): BoundParams(name=/input-8/conv_2_w, inputs=[], perturbed=False)
  (/input-8/conv_3): BoundConv(name=/input-8/conv_3, inputs=[/input-8/add_1_2, /input-8/conv_3_w], perturbed=True)
  (/input-8/conv_3_relu): BoundRelu(name=/input-8/conv_3_relu, inputs=[/input-8/conv_3], perturbed=True)
  (/input-8/conv_3_w): BoundParams(name=/input-8/conv_3_w, inputs=[], perturbed=False)
  (/input-8/conv_4): BoundConv(name=/input-8/conv_4, inputs=[/input-8/add_1_2, /input-8/conv_4_w], perturbed=True)
  (/input-8/conv_4_w): BoundParams(name=/input-8/conv_4_w, inputs=[], perturbed=False)
  (/input-8/add_1_2): BoundAdd(name=/input-8/add_1_2, inputs=[/input-8/conv_1_relu, /input-8/conv_2], perturbed=True)
  (/input-8/add_3_4): BoundAdd(name=/input-8/add_3_4, inputs=[/input-8/conv_3_relu, /input-8/conv_4], perturbed=True)
  (/input-20/conv_1): BoundConv(name=/input-20/conv_1, inputs=[/73, /input-20/conv_1_w], perturbed=True)
  (/input-20/conv_1_relu): BoundRelu(name=/input-20/conv_1_relu, inputs=[/input-20/conv_1], perturbed=True)
  (/input-20/conv_1_w): BoundParams(name=/input-20/conv_1_w, inputs=[], perturbed=False)
  (/input-20/conv_2): BoundConv(name=/input-20/conv_2, inputs=[/73, /input-20/conv_2_w], perturbed=True)
  (/input-20/conv_2_w): BoundParams(name=/input-20/conv_2_w, inputs=[], perturbed=False)
  (/input-20/conv_3): BoundConv(name=/input-20/conv_3, inputs=[/input-20/add_1_2, /input-20/conv_3_w], perturbed=True)
  (/input-20/conv_3_relu): BoundRelu(name=/input-20/conv_3_relu, inputs=[/input-20/conv_3], perturbed=True)
  (/input-20/conv_3_w): BoundParams(name=/input-20/conv_3_w, inputs=[], perturbed=False)
  (/input-20/conv_4): BoundConv(name=/input-20/conv_4, inputs=[/input-20/add_1_2, /input-20/conv_4_w], perturbed=True)
  (/input-20/conv_4_w): BoundParams(name=/input-20/conv_4_w, inputs=[], perturbed=False)
  (/input-20/add_1_2): BoundAdd(name=/input-20/add_1_2, inputs=[/input-20/conv_1_relu, /input-20/conv_2], perturbed=True)
  (/input-20/add_3_4): BoundAdd(name=/input-20/add_3_4, inputs=[/input-20/conv_3_relu, /input-20/conv_4], perturbed=True)
  (/input-36/conv_1): BoundConv(name=/input-36/conv_1, inputs=[/80, /input-36/conv_1_w], perturbed=True)
  (/input-36/conv_1_relu): BoundRelu(name=/input-36/conv_1_relu, inputs=[/input-36/conv_1], perturbed=True)
  (/input-36/conv_1_w): BoundParams(name=/input-36/conv_1_w, inputs=[], perturbed=False)
  (/input-36/conv_2): BoundConv(name=/input-36/conv_2, inputs=[/80, /input-36/conv_2_w], perturbed=True)
  (/input-36/conv_2_w): BoundParams(name=/input-36/conv_2_w, inputs=[], perturbed=False)
  (/input-36/conv_3): BoundConv(name=/input-36/conv_3, inputs=[/input-36/add_1_2, /input-36/conv_3_w], perturbed=True)
  (/input-36/conv_3_relu): BoundRelu(name=/input-36/conv_3_relu, inputs=[/input-36/conv_3], perturbed=True)
  (/input-36/conv_3_w): BoundParams(name=/input-36/conv_3_w, inputs=[], perturbed=False)
  (/input-36/conv_4): BoundConv(name=/input-36/conv_4, inputs=[/input-36/add_1_2, /input-36/conv_4_w], perturbed=True)
  (/input-36/conv_4_w): BoundParams(name=/input-36/conv_4_w, inputs=[], perturbed=False)
  (/input-36/add_1_2): BoundAdd(name=/input-36/add_1_2, inputs=[/input-36/conv_1_relu, /input-36/conv_2], perturbed=True)
  (/input-36/add_3_4): BoundAdd(name=/input-36/add_3_4, inputs=[/input-36/conv_3_relu, /input-36/conv_4], perturbed=True)
  (/input-52/conv_1): BoundConv(name=/input-52/conv_1, inputs=[/87, /input-52/conv_1_w], perturbed=True)
  (/input-52/conv_1_relu): BoundRelu(name=/input-52/conv_1_relu, inputs=[/input-52/conv_1], perturbed=True)
  (/input-52/conv_1_w): BoundParams(name=/input-52/conv_1_w, inputs=[], perturbed=False)
  (/input-52/conv_2): BoundConv(name=/input-52/conv_2, inputs=[/87, /input-52/conv_2_w], perturbed=True)
  (/input-52/conv_2_w): BoundParams(name=/input-52/conv_2_w, inputs=[], perturbed=False)
  (/input-52/conv_3): BoundConv(name=/input-52/conv_3, inputs=[/input-52/add_1_2, /input-52/conv_3_w], perturbed=True)
  (/input-52/conv_3_relu): BoundRelu(name=/input-52/conv_3_relu, inputs=[/input-52/conv_3], perturbed=True)
  (/input-52/conv_3_w): BoundParams(name=/input-52/conv_3_w, inputs=[], perturbed=False)
  (/input-52/conv_4): BoundConv(name=/input-52/conv_4, inputs=[/input-52/add_1_2, /input-52/conv_4_w], perturbed=True)
  (/input-52/conv_4_w): BoundParams(name=/input-52/conv_4_w, inputs=[], perturbed=False)
  (/input-52/add_1_2): BoundAdd(name=/input-52/add_1_2, inputs=[/input-52/conv_1_relu, /input-52/conv_2], perturbed=True)
  (/input-52/add_3_4): BoundAdd(name=/input-52/add_3_4, inputs=[/input-52/conv_3_relu, /input-52/conv_4], perturbed=True)
  (/95/conv_1): BoundConv(name=/95/conv_1, inputs=[/94, /95/conv_1_w], perturbed=True)
  (/95/conv_1_relu): BoundRelu(name=/95/conv_1_relu, inputs=[/95/conv_1], perturbed=True)
  (/95/conv_1_w): BoundParams(name=/95/conv_1_w, inputs=[], perturbed=False)
  (/95/conv_2): BoundConv(name=/95/conv_2, inputs=[/94, /95/conv_2_w], perturbed=True)
  (/95/conv_2_w): BoundParams(name=/95/conv_2_w, inputs=[], perturbed=False)
  (/95/conv_3): BoundConv(name=/95/conv_3, inputs=[/95/add_1_2, /95/conv_3_w], perturbed=True)
  (/95/conv_3_relu): BoundRelu(name=/95/conv_3_relu, inputs=[/95/conv_3], perturbed=True)
  (/95/conv_3_w): BoundParams(name=/95/conv_3_w, inputs=[], perturbed=False)
  (/95/conv_4): BoundConv(name=/95/conv_4, inputs=[/95/add_1_2, /95/conv_4_w], perturbed=True)
  (/95/conv_4_w): BoundParams(name=/95/conv_4_w, inputs=[], perturbed=False)
  (/95/add_1_2): BoundAdd(name=/95/add_1_2, inputs=[/95/conv_1_relu, /95/conv_2], perturbed=True)
  (/95/add_3_4): BoundAdd(name=/95/add_3_4, inputs=[/95/conv_3_relu, /95/conv_4], perturbed=True)
)
Model prediction is: tensor([ 6.73397109e-02,  2.00978065e+00, -8.06486428e-01, -8.35692883e-01,
        -1.04503024e+00,  3.08130503e-01, -5.91604829e-01, -1.56363046e+00,
        -1.53181624e+00, -1.31260157e+00, -6.59279168e-01,  1.47613958e-01,
         1.50101528e-01, -1.51539400e-01,  3.71817142e-01,  3.41837287e-01,
        -5.02156794e-01, -8.27173591e-01, -2.42921442e-01, -1.94532529e-01,
        -6.71542406e-01,  1.74298510e-01,  1.70259431e-01, -7.88450181e-01,
         1.28837869e-01, -3.78958523e-01,  1.21096671e+00,  3.60787451e-01,
        -5.39033234e-01,  9.00850594e-01, -1.52513063e+00,  1.11392617e+00,
        -2.94293880e-01, -1.74597907e+00, -1.11148107e+00, -1.08266914e+00,
         5.41425467e-01, -1.63670111e+00,  1.12690389e+00, -5.84890127e-01,
         1.50588787e+00, -1.22232318e-01, -2.69102871e-01, -4.94437367e-01,
         6.34419262e-01, -7.31532395e-01,  1.51256490e+00,  9.52443555e-02,
        -1.41093194e+00, -3.22758853e-01,  1.68937936e-01, -2.34457040e+00,
         1.04146612e+00,  7.08397925e-01, -3.72334987e-01, -7.34379113e-01,
         6.23888336e-02, -1.30218410e+00,  3.46279532e-01,  4.97785658e-02,
         4.03430939e-01, -2.73353398e-01, -6.64658606e-01,  1.24717265e-01,
         9.47768167e-02, -3.71185154e-01, -4.45105880e-01, -4.30311739e-01,
        -9.44307685e-01, -1.15401781e+00,  1.03641617e+00,  1.00191915e+00,
         8.01674008e-01,  1.98164129e+00,  9.33076322e-01,  2.10229063e+00,
         7.12374151e-01,  2.48537660e+00,  2.21660733e+00,  2.11593604e+00,
         1.40078992e-01, -1.57014012e+00, -5.34200430e-01, -1.03341663e+00,
        -1.46906927e-01, -4.00221676e-01, -1.10088396e+00,  7.10120380e-01,
         4.48937327e-01, -8.79136384e-01, -1.81299493e-01, -1.24056041e+00,
         4.56335068e-01, -1.34295389e-01,  4.27001029e-01, -1.04427850e+00,
         5.59581816e-01, -8.21214497e-01,  5.30897975e-01, -9.18387353e-01,
         4.81146514e-01, -1.71858394e+00, -2.23227334e+00,  6.71660662e-01,
        -1.40208840e+00, -2.15996933e+00, -1.52118564e+00, -5.56295216e-01,
        -1.56237733e+00, -1.75880599e+00,  1.19065024e-01,  2.95783591e+00,
        -3.10281038e-01,  2.47591406e-01,  4.41391379e-01, -1.37866712e+00,
        -7.78204441e-01, -6.87607527e-02, -4.08915162e-01, -9.53672111e-01,
        -8.37796092e-01, -1.40868771e+00, -1.05963302e+00, -2.03565907e+00,
        -1.15597951e+00, -1.62342191e+00,  8.31023455e-01, -1.63386419e-01,
         1.13923156e+00,  5.31588733e-01, -8.56466144e-02, -2.52499133e-01,
         4.35046583e-01, -3.37499022e-01,  2.20859200e-01, -9.69603896e-01,
        -8.00091147e-01, -1.09142259e-01, -1.26525294e-02, -1.34689128e+00,
        -1.76696074e+00,  6.68478608e-01, -9.22883570e-01, -4.20428663e-01,
        -4.52981323e-01, -5.38043857e-01, -1.20857871e+00,  6.65254295e-01,
         2.05784425e-01,  7.93166459e-03, -1.73461795e+00,  6.10385418e-01,
        -6.59122705e-01,  2.94967175e-01, -9.89360437e-02, -3.86615515e-01,
        -5.44727623e-01, -5.90446964e-03, -5.66933393e-01, -9.79395509e-01,
        -1.01763284e+00, -3.66123974e-01,  1.39131099e-01, -7.14355350e-01,
        -5.90501547e-01, -6.38519466e-01, -8.49520624e-01, -9.81204331e-01,
        -2.47647941e-01, -5.48496246e-01, -1.92434207e-01, -5.00984132e-01,
        -1.13422835e+00, -2.33679250e-01, -5.36896944e-01, -8.99742246e-01,
        -1.13567472e+00, -1.93287119e-01,  8.45306665e-02, -9.77736175e-01,
        -1.28008342e+00, -2.70273983e-01,  1.24991715e-01, -3.25115412e-01,
        -1.37907073e-01, -4.10171777e-01, -1.26513898e-01,  3.53995562e-01,
        -5.78687072e-01, -7.64269292e-01, -1.81737468e-01, -7.93466941e-02,
        -4.81436878e-01, -3.23151886e-01, -5.81507802e-01,  1.09261787e+00,
        -1.06788002e-01, -9.28523779e-01, -8.58834207e-01,  5.59631705e-01,
        -2.72552431e-01, -5.42887032e-01, -2.01362103e-01,  8.01699460e-01,
        -2.39791721e-01, -6.07854009e-01, -1.06064129e+00, -7.59265542e-01,
        -7.34246910e-01, -8.22109759e-01, -1.28094411e+00, -3.93460721e-01,
        -1.08353809e-01, -7.49878824e-01, -6.92559183e-01, -5.52763402e-01,
        -6.57004654e-01, -2.87805110e-01, -6.02889419e-01, -7.65652061e-01,
        -1.02981305e+00, -4.04113263e-01, -4.16568667e-01,  2.35007405e-01,
         4.15722094e-03, -9.56265688e-01, -9.23224986e-01, -5.59334636e-01,
        -8.29079092e-01,  4.15826917e-01, -7.62606502e-01, -3.57664376e-01,
        -7.32015669e-01, -5.08489251e-01, -3.81660730e-01, -9.31350812e-02,
        -5.96408248e-01, -1.02980785e-01, -8.04346204e-01, -2.78469861e-01,
        -6.47597015e-01, -6.16728365e-01,  1.68347694e-02, -1.62186074e+00,
        -1.01852870e+00,  2.06054434e-01, -1.30374122e+00, -5.04365861e-01,
        -1.11834198e-01, -1.65943548e-01, -2.89001882e-01, -1.19716859e+00,
         2.58611649e-01, -1.84413314e-01,  9.02106464e-01, -1.27263546e+00,
        -1.19204414e+00,  3.82953361e-02,  2.12891065e-02,  2.57919878e-01,
         5.47278486e-03, -5.29986024e-01, -9.42296386e-01, -4.41512674e-01,
        -6.99516833e-01, -1.07293408e-02, -7.73739338e-01, -9.21745420e-01,
        -1.47567832e+00,  3.13761532e-01,  3.24443549e-01, -3.59673142e-01,
         5.08806944e-01,  2.17352584e-01, -4.42681551e-01, -5.63432693e-01,
        -7.64476001e-01, -2.69881278e-01, -6.31342888e-01,  6.91674054e-01,
        -1.12772025e-01,  1.39496195e+00,  1.37132394e+00,  1.89897156e+00,
         1.85233355e+00,  4.54663754e-01, -8.83580625e-01, -2.67126501e-01,
        -1.14063668e+00, -9.03852761e-01, -1.39077842e+00, -1.15784478e+00,
        -7.80766666e-01, -6.25339866e-01, -1.43867218e+00, -1.11249733e+00,
         5.24528697e-03, -1.11301112e+00, -1.61446488e+00, -1.04868555e+00,
        -3.79892379e-01,  1.30483997e+00,  1.08269083e+00,  5.31245768e-01,
        -1.58003271e-01, -1.22401273e+00,  4.62559998e-01,  6.52059257e-01,
         1.32815814e+00, -6.12434387e-01,  1.35412204e+00,  1.35631013e+00,
         1.93097711e-01,  2.05102611e+00,  1.89288759e+00,  1.17737031e+00,
         8.78705978e-01, -1.31801158e-01,  1.98440933e+00,  1.56796706e+00,
         1.27708316e+00, -1.55389321e+00, -1.16080070e+00, -1.28573787e+00,
        -1.08680511e+00, -1.83985758e+00, -1.51842916e+00, -4.17158216e-01,
        -1.98302209e+00, -1.44626737e+00,  6.03042394e-02,  4.06276226e-01,
         1.31846452e+00, -4.29430604e-01, -9.34614122e-01, -5.97266614e-01,
        -1.94402552e+00,  3.43539193e-03, -5.39385498e-01, -1.93162191e+00,
        -1.32173073e+00, -1.13506401e+00, -1.82021224e+00, -1.48996782e+00,
        -9.00907040e-01, -1.83846879e+00, -1.77952540e+00, -1.21910560e+00,
        -2.53011584e+00, -1.65292084e+00, -1.82131422e+00, -1.38773394e+00,
        -1.73874629e+00, -1.29552794e+00, -1.89954317e+00, -1.83661330e+00,
        -3.10421646e-01, -2.51321614e-01, -7.26731643e-02,  2.20224112e-02,
        -6.68538332e-01,  4.20882523e-01, -2.18780443e-01, -5.03247857e-01,
        -1.89295852e+00, -7.08050132e-01, -9.67409670e-01, -5.05438328e-01,
        -5.22211790e-01, -9.28428948e-01, -3.56983989e-01, -1.33376145e+00,
        -9.58268821e-01, -6.90503299e-01, -6.22985780e-01, -1.15056062e+00,
        -8.26056302e-01, -3.33162874e-01, -5.46193123e-01, -1.46745074e+00,
        -2.24399179e-01, -1.20145082e+00, -5.27071178e-01, -6.99904323e-01,
        -1.07338500e+00, -9.59008873e-01, -1.56272244e+00, -1.45416951e+00,
        -2.07514262e+00,  7.11940467e-01, -8.73183846e-01,  6.40687168e-01,
        -1.64377183e-01, -2.10323477e+00, -4.12285000e-01,  9.22634065e-01,
        -1.90337229e+00, -1.55255020e+00, -1.57244548e-01,  4.80603904e-01,
        -4.26121950e-01, -3.04280072e-01, -1.76026791e-01, -4.55712378e-01,
        -2.53675252e-01,  1.49681640e+00, -5.55085778e-01, -3.30286443e-01,
        -1.83711505e+00,  2.89548373e+00, -9.11247969e-01,  1.47776592e+00,
         5.70133090e-01,  9.67148125e-01,  1.21577501e+00, -1.72837734e+00,
         1.81283414e+00,  3.91967267e-01,  3.10491824e+00,  1.90404129e+00,
         1.29491389e-01,  4.56584752e-01,  5.06138913e-02, -3.61291885e-01,
         1.37933150e-01,  3.30289960e-01,  1.47079813e+00, -7.65824676e-01,
        -3.91856283e-01, -1.09790973e-01, -5.72559536e-01,  3.65934968e-02,
         4.45878804e-01,  4.01348591e-01,  1.20962155e+00,  1.60755622e+00,
        -5.59467375e-01, -3.33136082e-01,  1.43551266e+00,  3.88518929e-01,
        -1.88354582e-01,  1.30689561e+00, -3.13239545e-01,  1.96665406e+00,
        -9.90429163e-01, -3.76248598e-01,  3.23528600e+00, -1.43006116e-01,
        -4.58337545e-01, -1.93564370e-01, -5.52505910e-01,  1.30649507e+00,
         6.33420944e-02,  4.81886983e-01, -1.26731241e+00,  3.78157347e-01,
         3.85533810e-01,  1.12571466e+00, -4.97300625e-02,  2.74404258e-01,
        -1.24920309e+00, -1.13208890e-01,  2.44342566e+00, -3.41699332e-01,
         1.29083633e+00,  1.75210190e+00, -7.48391032e-01, -1.98737037e+00,
        -1.31146580e-01,  1.52910665e-01,  1.00918984e+00, -1.22407866e+00,
        -5.87886930e-01,  1.38214958e+00, -6.90316200e-01,  6.19197786e-01,
        -1.62418246e+00,  3.47415358e-01,  3.26642931e-01, -7.36489296e-01,
         2.41664338e+00,  1.68358648e+00,  1.11672938e+00, -1.48059428e+00,
        -9.20518517e-01,  1.33835351e+00,  3.30800325e-01,  2.30438733e+00,
         3.08903009e-01,  2.93977529e-01,  1.15924883e+00, -6.12313390e-01,
         1.01567435e+00,  1.15853357e+00,  7.96960235e-01,  5.16730249e-01,
         7.92635024e-01,  6.34762645e-02, -1.80525422e-01,  2.81231308e+00,
        -2.75571179e+00,  2.27994006e-03, -9.20545876e-01,  5.10188401e-01,
         3.93080920e-01,  1.34285018e-01, -1.86015344e+00,  1.77908587e+00,
         1.24428475e+00, -2.27578783e+00, -8.64657044e-01, -8.04496408e-01,
         1.07621133e+00, -7.17311978e-01, -3.81692290e-01, -4.90260124e-01,
        -1.30539858e+00,  3.13380659e-01,  1.15880229e-01, -4.22223151e-01,
        -3.51666451e-01, -2.57690132e-01, -1.08686543e+00, -1.42774999e-01,
        -6.61323071e-01, -7.04897106e-01,  5.00441670e-01,  1.27964807e+00,
        -1.24833539e-01, -2.27397054e-01,  2.01251054e+00,  1.08105290e+00,
         7.72328526e-02,  5.67101359e-01,  2.31855416e+00, -1.51070166e+00,
        -1.34084904e+00, -5.91133118e-01,  6.89750910e-02,  3.13665795e+00,
        -1.53962895e-01, -1.30017519e+00,  1.57555997e+00, -5.07330835e-01,
        -1.01710999e+00,  1.02461135e+00, -1.96608394e-01, -1.93956184e+00,
         9.00000632e-01,  3.60027051e+00, -9.35874104e-01, -9.10593569e-02,
         9.57585275e-01,  1.98691714e+00,  2.87860423e-01, -7.41318047e-01,
         4.65816450e+00,  1.13683736e+00,  7.64122605e-01,  4.93189484e-01,
        -1.26811159e+00, -6.56591475e-01,  1.68776000e+00,  1.94451869e+00,
        -7.42020011e-02,  4.92281288e-01, -1.21030581e+00,  3.03404748e-01,
        -4.32590216e-01, -2.00421047e+00, -1.81061756e-02, -3.77830327e-01,
         9.73235071e-01, -1.41010046e+00,  3.31695259e-01, -1.36320138e+00,
        -1.61115909e+00,  5.17667174e-01,  2.24126130e-01,  3.54471147e-01,
         1.71751410e-01, -2.26501942e-01, -2.26972914e+00, -3.29836346e-02,
         1.72940397e+00,  6.87063217e-01, -8.04056466e-01,  2.05667090e+00,
         1.93325663e+00,  6.84639990e-01,  1.40863109e+00,  4.38512754e+00,
         7.94978440e-01,  1.04067314e+00, -2.83554375e-01, -1.24771023e+00,
         1.91987932e+00,  3.59363645e-01,  1.09050488e+00,  2.01106310e+00,
         2.12858987e+00,  6.99883625e-02,  1.12548816e+00, -1.97831619e+00,
         1.75916529e+00,  2.37945700e+00,  7.88979053e-01, -6.59966648e-01,
         1.44884515e+00, -1.14873338e+00,  7.57208824e-01,  7.35804915e-01,
        -9.40781534e-01,  4.54052120e-01,  4.27938670e-01,  1.17191398e+00,
         1.72668791e+00,  2.63920516e-01,  2.09636927e+00,  2.46682692e+00,
         2.16277194e+00,  1.91991031e-01,  1.20402420e+00,  3.00839329e+00,
        -6.42049611e-01, -1.12729728e+00,  2.20794392e+00,  2.40089104e-01,
        -1.44081509e+00,  1.51111352e+00,  2.40758777e-01,  4.17855442e-01,
         4.03391838e+00,  1.12451887e+00, -1.75821054e+00,  6.73013687e-01,
         2.02078104e+00,  3.99164826e-01, -2.56898254e-01, -8.31009895e-02,
        -8.85466695e-01, -6.11616522e-02, -1.17096364e+00, -3.32706690e-01,
         2.19421196e+00, -1.51370430e+00, -1.81711942e-01,  6.94500506e-01,
         2.02566314e+00, -2.01308107e+00,  1.64405465e+00,  3.97025681e+00,
        -7.65696049e-01, -9.06032696e-02, -7.13660598e-01,  7.15030015e-01,
        -4.26870435e-01,  1.22983265e+00, -3.39912683e-01,  3.08050543e-01,
         3.72038007e-01, -1.42297232e+00,  1.74913967e+00, -9.16689932e-01,
         2.50334167e+00, -4.71180052e-01, -4.22724821e-02,  3.07852924e-01,
        -7.49534547e-01,  2.34328628e+00, -1.49009228e-01, -1.23113501e+00,
        -7.96302617e-01,  1.45521021e+00,  2.91697443e-01, -3.70742828e-02,
        -8.28743398e-01,  1.69297421e+00,  1.39870524e-01,  3.47144514e-01,
         1.45132995e+00,  1.89227903e+00, -7.86206424e-01,  8.48887205e-01,
        -1.52509212e-01,  9.06850398e-01,  2.13085935e-01, -1.89976811e+00,
         2.59958291e+00, -7.81598687e-03, -3.53944230e+00,  9.26274881e-02,
         1.81314576e+00,  9.36725676e-01, -1.05002606e+00,  1.32949591e+00,
         1.94315314e+00, -2.27057904e-01, -1.30081344e+00,  3.09776366e-01,
         2.21050882e+00,  1.20444226e+00,  4.06154543e-01, -1.08184397e+00,
         1.45665634e+00, -8.94338727e-01, -7.91758239e-01,  1.46291113e+00,
         5.33171654e-01,  2.29989028e+00,  6.07489705e-01,  1.23407793e+00,
         1.17756736e+00,  9.69371200e-01,  8.90933037e-01, -9.41517353e-01,
         5.82103506e-02, -1.19444263e+00,  1.23154484e-01,  3.61128807e-01,
         3.64583641e-01,  1.19586289e+00,  1.95783067e+00,  8.49681050e-02,
        -2.09559655e+00,  6.55987084e-01,  5.54951802e-02,  4.14679050e-01,
         9.05359268e-01,  1.39074445e-01, -1.60034168e+00,  1.93631816e+00,
         3.53321284e-01,  1.55974567e+00, -9.87646461e-01,  9.77105647e-02,
        -1.63496770e-02,  6.68057576e-02,  3.33567649e-01, -1.65067756e+00,
        -3.26789975e-01,  2.34847951e+00, -1.39092416e-01, -1.39431894e-01,
         1.55687308e+00,  1.15543580e+00,  1.79729986e+00,  8.63296866e-01,
         2.06401396e+00,  2.07198071e+00,  7.98022151e-01, -4.96794552e-01,
         5.90464056e-01,  3.61538935e+00,  1.79560113e+00, -1.11944366e+00,
         6.21585071e-01, -6.93464637e-01,  2.71107614e-01,  9.37472343e-01,
         2.41019416e+00,  1.98046052e+00, -1.45137298e+00,  1.54940379e+00,
         1.62186503e+00, -1.50854692e-01,  7.18673229e-01,  1.58170414e+00,
        -9.98080492e-01,  1.62913775e+00, -6.09637260e-01,  2.12018800e+00,
         1.96454692e+00,  8.80421281e-01, -5.56211829e-01, -4.07350570e-01,
         2.80090511e-01,  1.75624132e+00,  9.86757398e-01, -9.09066141e-01,
        -5.53657651e-01,  5.33110559e-01,  3.02938414e+00,  1.65611291e+00,
         2.72935605e+00,  6.02995574e-01, -2.32911423e-01,  4.17858183e-01,
        -1.14295828e+00,  2.84628463e+00, -2.56151706e-01,  1.17020510e-01,
         1.37244213e+00,  6.38179779e-01,  3.72054982e+00,  1.23099720e+00,
         8.70291591e-01,  7.88844526e-01,  1.97866535e+00,  2.60462570e+00,
        -6.85521901e-01, -1.46506977e+00, -3.71495411e-02,  4.24839258e-01,
         1.43129969e+00, -2.72370219e-01, -8.80943462e-02,  1.55762577e+00,
        -1.46546030e+00, -1.22304291e-01,  1.42322731e+00,  2.11082149e+00,
         1.01196587e+00,  1.33704925e+00,  1.12377964e-01,  1.42748141e+00,
         5.56309879e-01, -3.42116028e-01,  1.91919625e+00,  2.60481209e-01,
        -1.51539600e+00, -1.18817651e+00, -8.34006250e-01,  2.03853205e-01,
         4.55219328e-01, -1.02285266e+00,  1.41952336e+00,  7.54298866e-01,
         2.33653235e+00, -1.87990165e+00, -3.09708565e-01,  1.24940419e+00,
        -1.35452902e+00, -5.27087569e-01,  9.99306917e-01, -1.25316131e+00,
        -1.27799168e-01, -3.83346453e-02,  1.75523341e-01, -8.53017211e-01,
         1.60762274e+00, -5.28961241e-01, -2.93016672e-01, -1.68955892e-01,
         3.33836865e+00,  2.19397831e+00,  1.58902884e+00, -1.22634578e+00,
         1.62879527e+00, -3.19828242e-01, -5.44129252e-01,  3.78289580e+00,
         6.34410322e-01, -1.17068624e+00,  1.61227155e+00,  1.31027281e+00,
        -2.62050629e+00, -6.34609282e-01,  1.76708624e-01, -5.40231951e-02,
         5.76660186e-02,  1.04483414e+00,  1.21102579e-01, -1.35168886e+00,
        -1.02947772e+00, -1.80534208e+00, -1.42130971e+00, -1.09328382e-01,
         2.40477991e+00, -2.57188857e-01, -2.64587611e-01,  1.03584200e-01,
         1.11794591e+00, -7.06718266e-01, -2.09959602e+00,  3.54444757e-02,
         1.37474144e+00,  2.74771750e-01, -3.35771769e-01,  1.26431441e+00,
         1.88508272e-01,  6.05078995e-01,  1.26197231e+00,  9.26081300e-01,
         5.15285954e-02,  2.82005787e+00,  3.00697207e-01, -3.75456750e-01,
        -8.66908789e-01,  4.98554587e-01, -1.20426583e+00,  6.06756993e-02,
         3.70246387e+00,  2.02262402e+00,  2.20560074e+00, -5.44029415e-01,
         1.67124939e+00,  1.78144228e+00,  1.52402234e+00,  5.91057241e-01,
        -4.08149660e-01, -2.69466639e-01,  1.39590538e+00,  3.97345781e-01,
         6.99263906e+00,  5.08464003e+00,  2.18824959e+00, -4.02204365e-01,
         5.28634787e-01, -5.02176769e-02,  6.76427245e-01,  2.30343723e+00,
        -1.51335275e+00, -1.94022727e+00, -3.48658971e-02, -1.99995530e+00,
         1.75595260e+00, -3.29054862e-01, -1.03157461e-01,  4.35872763e-01,
         8.66673529e-01,  2.30760598e+00,  3.08000654e-01, -7.00705171e-01,
        -2.33031273e+00,  6.65762603e-01, -1.07518566e+00, -1.21305048e+00,
        -1.55274940e+00,  1.47359729e-01, -8.92571509e-01, -1.45798850e+00,
        -1.02456522e+00, -2.42019868e+00, -1.07201791e+00, -1.42169201e+00,
        -1.70995486e+00, -2.09377766e+00, -1.32101095e+00, -2.58566737e-01,
        -1.15568769e+00, -1.10297382e+00, -5.35106421e-01, -3.86366427e-01,
        -2.82381201e+00, -6.67574286e-01, -1.64304435e+00, -1.27703524e+00,
         4.19198841e-01,  1.08906066e+00,  5.11272140e-02, -5.04324973e-01,
        -7.08438694e-01, -4.72047985e-01, -6.17574394e-01, -1.91248655e+00,
        -1.68596554e+00, -1.31374612e-01, -1.18420470e+00, -1.96168089e+00,
        -1.51515365e+00, -1.34852552e+00, -1.02766991e+00, -1.40291476e+00,
        -1.67741108e+00, -1.71770632e+00,  1.64003754e+00, -7.32802570e-01,
         5.05700290e-01, -1.78408355e-01, -1.43338609e+00,  2.05821204e+00,
        -1.45458949e+00, -1.28910124e+00,  7.43027270e-01, -3.67219821e-02,
        -1.66431427e+00,  5.35233557e-01, -6.32856786e-02, -2.11730003e+00,
         2.83240348e-01,  5.07590324e-02, -3.59240264e-01, -8.26880753e-01,
        -7.13877439e-01,  2.69280851e-01, -1.30866253e+00, -3.48281652e-01,
        -1.01864183e+00,  4.80044693e-01, -1.26586199e+00, -1.74128163e+00,
        -1.40605068e+00, -2.45634437e+00, -1.83854389e+00, -1.21836495e+00,
        -1.27962363e+00, -2.27794933e+00, -5.32971993e-02,  1.08821797e+00],
       device='cuda:0')
Clean RHS: tensor([[0.78415769]], device='cuda:0')
Split layers:
Nonlinear functions:
   BoundRelu(name=/66, inputs=[/input], perturbed=True)
   BoundRelu(name=/68, inputs=[/input-4], perturbed=True)
   BoundRelu(name=/71, inputs=[/input-12], perturbed=True)
   BoundRelu(name=/73, inputs=[/input-16], perturbed=True)
   BoundRelu(name=/76, inputs=[/input-24], perturbed=True)
   BoundRelu(name=/78, inputs=[/input-28], perturbed=True)
   BoundRelu(name=/80, inputs=[/input-32], perturbed=True)
   BoundRelu(name=/83, inputs=[/input-40], perturbed=True)
   BoundRelu(name=/85, inputs=[/input-44], perturbed=True)
   BoundRelu(name=/87, inputs=[/input-48], perturbed=True)
   BoundRelu(name=/90, inputs=[/input-56], perturbed=True)
   BoundRelu(name=/92, inputs=[/input-60], perturbed=True)
   BoundRelu(name=/94, inputs=[/input-64], perturbed=True)
   BoundRelu(name=/98, inputs=[/input-68], perturbed=True)
   BoundRelu(name=/101, inputs=[/input-72], perturbed=True)
   BoundRelu(name=/input-8/conv_1_relu, inputs=[/input-8/conv_1], perturbed=True)
   BoundRelu(name=/input-8/conv_3_relu, inputs=[/input-8/conv_3], perturbed=True)
   BoundRelu(name=/input-20/conv_1_relu, inputs=[/input-20/conv_1], perturbed=True)
   BoundRelu(name=/input-20/conv_3_relu, inputs=[/input-20/conv_3], perturbed=True)
   BoundRelu(name=/input-36/conv_1_relu, inputs=[/input-36/conv_1], perturbed=True)
   BoundRelu(name=/input-36/conv_3_relu, inputs=[/input-36/conv_3], perturbed=True)
   BoundRelu(name=/input-52/conv_1_relu, inputs=[/input-52/conv_1], perturbed=True)
   BoundRelu(name=/input-52/conv_3_relu, inputs=[/input-52/conv_3], perturbed=True)
   BoundRelu(name=/95/conv_1_relu, inputs=[/95/conv_1], perturbed=True)
   BoundRelu(name=/95/conv_3_relu, inputs=[/95/conv_3], perturbed=True)
Batched CROWN: node BoundConv(name=/input-4, inputs=[/66, /35, /36], perturbed=True), unstable size 40898
Batched CROWN: node BoundConv(name=/input-8/conv_1, inputs=[/68, /input-8/conv_1_w], perturbed=True), unstable size 56794
Batched CROWN: node BoundConv(name=/input-8/conv_3, inputs=[/input-8/add_1_2, /input-8/conv_3_w], perturbed=True), unstable size 17304
Batched CROWN: node BoundConv(name=/input-12, inputs=[/input-8/add_3_4, /37, /38], perturbed=True), unstable size 388868
Batched CROWN: node BoundConv(name=/input-16, inputs=[/71, /39, /40], perturbed=True), unstable size 1541232
Batched CROWN: node BoundConv(name=/input-20/conv_1, inputs=[/73, /input-20/conv_1_w], perturbed=True), unstable size 32035
Batched CROWN: node BoundConv(name=/input-20/conv_3, inputs=[/input-20/add_1_2, /input-20/conv_3_w], perturbed=True), unstable size 13724
Batched CROWN: node BoundConv(name=/input-24, inputs=[/input-20/add_3_4, /41, /42], perturbed=True), unstable size 454269
Batched CROWN: node BoundConv(name=/input-28, inputs=[/76, /43, /44], perturbed=True), unstable size 785490
Batched CROWN: node BoundConv(name=/input-32, inputs=[/78, /45, /46], perturbed=True), unstable size 140414
Batched CROWN: node BoundConv(name=/input-36/conv_1, inputs=[/80, /input-36/conv_1_w], perturbed=True), unstable size 37243
Batched CROWN: node BoundConv(name=/input-36/conv_3, inputs=[/input-36/add_1_2, /input-36/conv_3_w], perturbed=True), unstable size 18745
Batched CROWN: node BoundConv(name=/input-40, inputs=[/input-36/add_3_4, /47, /48], perturbed=True), unstable size 314082
Batched CROWN: node BoundConv(name=/input-44, inputs=[/83, /49, /50], perturbed=True), unstable size 270751
Batched CROWN: node BoundConv(name=/input-48, inputs=[/85, /51, /52], perturbed=True), unstable size 185146
Batched CROWN: node BoundConv(name=/input-52/conv_1, inputs=[/87, /input-52/conv_1_w], perturbed=True), unstable size 6770
Batched CROWN: node BoundConv(name=/input-52/conv_3, inputs=[/input-52/add_1_2, /input-52/conv_3_w], perturbed=True), unstable size 4016
Batched CROWN: node BoundConv(name=/input-56, inputs=[/input-52/add_3_4, /53, /54], perturbed=True), unstable size 89907
Batched CROWN: node BoundConv(name=/input-60, inputs=[/90, /55, /56], perturbed=True), unstable size 96413
Batched CROWN: node BoundConv(name=/input-64, inputs=[/92, /57, /58], perturbed=True), unstable size 91840
Batched CROWN: node BoundConv(name=/95/conv_1, inputs=[/94, /95/conv_1_w], perturbed=True), unstable size 35546
Batched CROWN: node BoundConv(name=/95/conv_3, inputs=[/95/add_1_2, /95/conv_3_w], perturbed=True), unstable size 18671
Batched CROWN: node BoundLinear(name=/input-68, inputs=[/96, /59, /60], perturbed=True), unstable size 4096
Batched CROWN: node BoundLinear(name=/input-72, inputs=[/99, /61, /62], perturbed=True), unstable size 4096
initial crown bounds: tensor([[-753784.31250000]], device='cuda:0')
Number of class (without rhs): 1 ; Worst class: (+ rhs) -753784.3125
Iteration 1
Adv attack time: 1.4902s
Batch size: 1
Current pickout batch: 1, total pickout batch: 1
Batched CROWN: node BoundConv(name=/input-4, inputs=[/66, /35, /36], perturbed=True), unstable size 40898
Batched CROWN: node BoundConv(name=/input-8/conv_1, inputs=[/68, /input-8/conv_1_w], perturbed=True), unstable size 56794
Batched CROWN: node BoundConv(name=/input-8/conv_3, inputs=[/input-8/add_1_2, /input-8/conv_3_w], perturbed=True), unstable size 17304
Batched CROWN: node BoundConv(name=/input-12, inputs=[/input-8/add_3_4, /37, /38], perturbed=True), unstable size 388868
Batched CROWN: node BoundConv(name=/input-16, inputs=[/71, /39, /40], perturbed=True), unstable size 1541232
Batched CROWN: node BoundConv(name=/input-20/conv_1, inputs=[/73, /input-20/conv_1_w], perturbed=True), unstable size 32035
Batched CROWN: node BoundConv(name=/input-20/conv_3, inputs=[/input-20/add_1_2, /input-20/conv_3_w], perturbed=True), unstable size 13724
Batched CROWN: node BoundConv(name=/input-24, inputs=[/input-20/add_3_4, /41, /42], perturbed=True), unstable size 454269
Batched CROWN: node BoundConv(name=/input-28, inputs=[/76, /43, /44], perturbed=True), unstable size 785490
Batched CROWN: node BoundConv(name=/input-32, inputs=[/78, /45, /46], perturbed=True), unstable size 140415
Batched CROWN: node BoundConv(name=/input-36/conv_1, inputs=[/80, /input-36/conv_1_w], perturbed=True), unstable size 37243
Batched CROWN: node BoundConv(name=/input-36/conv_3, inputs=[/input-36/add_1_2, /input-36/conv_3_w], perturbed=True), unstable size 18745
Batched CROWN: node BoundConv(name=/input-40, inputs=[/input-36/add_3_4, /47, /48], perturbed=True), unstable size 314082
Batched CROWN: node BoundConv(name=/input-44, inputs=[/83, /49, /50], perturbed=True), unstable size 270751
Batched CROWN: node BoundConv(name=/input-48, inputs=[/85, /51, /52], perturbed=True), unstable size 185146
Batched CROWN: node BoundConv(name=/input-52/conv_1, inputs=[/87, /input-52/conv_1_w], perturbed=True), unstable size 6770
Batched CROWN: node BoundConv(name=/input-52/conv_3, inputs=[/input-52/add_1_2, /input-52/conv_3_w], perturbed=True), unstable size 4016
Batched CROWN: node BoundConv(name=/input-56, inputs=[/input-52/add_3_4, /53, /54], perturbed=True), unstable size 89907
Batched CROWN: node BoundConv(name=/input-60, inputs=[/90, /55, /56], perturbed=True), unstable size 96413
Batched CROWN: node BoundConv(name=/input-64, inputs=[/92, /57, /58], perturbed=True), unstable size 91840
Batched CROWN: node BoundConv(name=/95/conv_1, inputs=[/94, /95/conv_1_w], perturbed=True), unstable size 35546
Batched CROWN: node BoundConv(name=/95/conv_3, inputs=[/95/add_1_2, /95/conv_3_w], perturbed=True), unstable size 18671
Batched CROWN: node BoundLinear(name=/input-68, inputs=[/96, /59, /60], perturbed=True), unstable size 4096
Batched CROWN: node BoundLinear(name=/input-72, inputs=[/99, /61, /62], perturbed=True), unstable size 4096
Worst bound: tensor([-753782.], device='cuda:0')
Current (lb-rhs): -753782.0
Total time: 2413.7793  pickout: 0.0004  split: 0.0010  decision: 0.0003  bounding: 2413.7433  clipping: 0.0000  add_domain: 0.0234  rest: 0.0109
Length of domains: 2
3 branch and bound domains visited
Time out!
Result: timeout
Time: 3676.2292578220367
[rank 0] === Checking instance ID 271 ===
[rank 0] >>> Running ID=271 onnx=onnx/vgg16-7.onnx
Configurations:

general:
  device: cuda
  seed: 100
  conv_mode: patches
  deterministic: false
  double_fp: false
  loss_reduction_func: max
  sparse_alpha: true
  sparse_interm: true
  save_adv_example: false
  verify_onnxruntime_output: false
  eval_adv_example: false
  show_adv_example: false
  precompile_jit: false
  prepare_only: false
  complete_verifier: bab
  enable_incomplete_verification: false
  csv_name: instances.csv
  results_file: results/vggnet16_all_p_2/result_271.rank0.txt
  root_path: ../../vnncomp2023_benchmarks/benchmarks/vggnet16
  deterministic_opt: false
  graph_optimizer: 'Customized("custom_graph_optimizer", "maxpool_to_relu")'
  buffer_has_batchdim: false
  save_output: false
  output_file: out.pkl
  return_optimized_model: false
  output_additional_stats: true
  instance_id: 271
  dataset_output_dir: dataset
  min_stable_neurons_ratio_threshold: 0.0
model:
  name: null
  path: null
  onnx_path: /projects/air/dlverifier/vggnet16_all/onnx/vgg16-7.onnx
  onnx_path_prefix: ''
  cache_onnx_conversion: true
  debug_onnx: false
  onnx_quirks: null
  input_shape: null
  onnx_loader: default_onnx_and_vnnlib_loader
  onnx_optimization_flags: []
  onnx_vnnlib_joint_optimization_flags: none
  check_optimized: false
  flatten_final_output: false
  optimize_graph: null
  with_jacobian: false
data:
  start: 0
  end: 10000
  select_instance: null
  num_outputs: 1000
  mean: 0.0
  std: 1.0
  pkl_path: null
  dataset: null
  data_filter_path: null
  data_idx_file: null
specification:
  type: lp
  robustness_type: verified-acc
  norm: .inf
  epsilon: null
  epsilon_min: 0.0
  vnnlib_path: /projects/air/dlverifier/vggnet16_all/vnnlib/n01742172_boa_constrictor_global_k50176_eps_0.0002.vnnlib
  vnnlib_path_prefix: ''
  rhs_offset: null
solver:
  batch_size: 1
  auto_enlarge_batch_size: false
  min_batch_size_ratio: 0.1
  use_float64_in_last_iteration: false
  early_stop_patience: 10
  start_save_best: 0.5
  bound_prop_method: forward+backward
  init_bound_prop_method: same
  prune_after_crown: false
  optimize_disjuncts_separately: false
  crown:
    batch_size: 16
    max_crown_size: 1000000000
    relu_option: adaptive
  alpha-crown:
    alpha: true
    lr_alpha: 0.1
    iteration: 100
    share_alphas: false
    lr_decay: 0.98
    full_conv_alpha: true
    max_coeff_mul: .inf
    matmul_share_alphas: false
    disable_optimization: []
    max_time: 1.0
  invprop:
    apply_output_constraints_to: []
    tighten_input_bounds: false
    best_of_oc_and_no_oc: false
    directly_optimize: []
    oc_lr: 0.1
    share_gammas: false
  beta-crown:
    lr_alpha: 0.01
    lr_beta: 0.05
    lr_decay: 0.98
    optimizer: adam
    iteration: 10
    beta: true
    beta_warmup: true
    enable_opt_interm_bounds: false
    all_node_split_LP: false
  forward:
    refine: false
    dynamic: true
    max_dim: 100
    reset_threshold: 1.0
  intermediate_refinement:
    enabled: false
    batch_size: 10
    opt_coeffs: false
    opt_bias: false
    lr: 0.05
    layers: [-1]
    max_domains: 1000
  multi_class:
    label_batch_size: 32
    skip_with_refined_bound: true
  mip:
    unstable_neuron_threshold: 0
    parallel_solvers: null
    solver_threads: 1
    refine_neuron_timeout: 15
    refine_neuron_time_percentage: 0.8
    early_stop: true
    adv_warmup: true
    mip_solver: gurobi
    skip_unsafe: false
    topk_filter: 1.0
    sliding_window: -1
    extra_constraint: false
    refine_neuron_timeout_increasement: 0
    timeout_neuron_percentage: 0.3
    remaining_timeout_threshold: 1
    remove_unstable_neurons: true
    lp_solver: false
bab:
  initial_max_domains: 1
  backing_up_max_domain: null
  max_domains: .inf
  decision_thresh: 0
  timeout: 1200.0
  timeout_scale: 1
  max_iterations: -1
  override_timeout: null
  get_upper_bound: false
  pruning_in_iteration: true
  pruning_in_iteration_ratio: 0.2
  sort_targets: false
  batched_domain_list: true
  optimized_interm: ''
  interm_transfer: true
  recompute_interm: false
  sort_domain_interval: -1
  vanilla_crown: false
  tree_traversal: depth_first
  cut:
    enabled: false
    cuts_path: /tmp/abcrown_cuts
    implication: false
    bab_cut: false
    lp_cut: false
    method: null
    lr: 0.01
    lr_decay: 1.0
    iteration: 100
    bab_iteration: -1
    early_stop_patience: -1
    lr_beta: 0.02
    number_cuts: 50
    topk_cuts_in_filter: 1000
    batch_size_primal: 100
    max_num: 1000000000
    patches_cut: false
    cplex_cuts: false
    cplex_cuts_wait: 0
    cplex_cuts_revpickup: true
    cut_reference_bounds: true
    fix_intermediate_bounds: false
    _tmp_cuts: null
    fixed_cuts: false
    add_implied_cuts: false
    add_input_cuts: false
    biccos:
      enabled: false
      constraint_strengthening: true
      recursively_strengthening: false
      drop_ratio: 0.5
      verified_bonus: 0.3
      max_infer_iter: 20
      heuristic: neuron_influence_score
      save_biccos_cuts: false
      multi_tree_branching:
        enabled: false
        restore_best_tree: false
        keep_n_best_domains: 1
        k_splits: 1
        iterations: 1
  branching:
    method: sb
    candidates: 3
    reduceop: min
    enable_intermediate_bound_opt: false
    branching_input_and_activation: false
    branching_input_and_activation_order: [input, relu]
    branching_input_iterations: 30
    branching_relu_iterations: 50
    gnn_path: ''
    neural_heuristic:
      model_path: ''
    rl:
      experiment: general
      eval: false
      extras: []
      logging:
        color: true
        debug: true
        file: rl-experiment.log
      pnet:
        gH: 64
        tH: 64
        nheads: 64
        nlayers: 64
        useDynamicGraph: true
        bidirectional: false
        GAT: true
      training:
        gamma: 0.99
        lr: 0.001
        batchSize: 8
        loop: 8
        totalEpochs: 10
        updatePolicyFrequency: 10
        updateTargetFrequency: 10
        buffer: buffer.pkl
        preparedBuffer: 'False'
        TestingPreparedBuffer: false
        scriptTraining: false
        policynet: policy-checkpoint.pt
        targetnet: target-checkpoint.pt
        datasetShuffle: true
        targetedData: all
        splitRatio: 0.8
        maxInstances: -1
        trainingMode: full
        reward:
          norm: null
          bonus: 10.0
          penalty: -1.0
      egreedy:
        epsilon: 0.1
        epsilonDecay: 0.1
        minEpsilon: 0.1
        ePath: epsilon.pt
        enabled: true
      expert:
        useExpertUntilEpisode: 0.1
        enabled: true
        learnToImitateExpertEpochs: 10
    nonlinear_split:
      method: shortcut
      branching_point_method: uniform
      num_branches: 2
      filter: false
      filter_beta: false
      filter_clamp: false
      filter_batch_size: 10000
      filter_iterations: 25
      relu_only: false
      loose_tanh_threshold: null
      dynamic_bbps: false
      dynamic_options: [uniform, three_left, three_right]
      branching_point_node: ''
      branching_point_db: []
    input_split:
      enable_clip_domains: false
      split_hint: null
      reorder_bab: false
      enable: true
      enhanced_bound_prop_method: alpha-crown
      enhanced_branching_method: naive
      enhanced_bound_patience: 100000000.0
      attack_patience: 100000000.0
      adv_check: 0
      split_partitions: 2
      sb_margin_weight: 1.0
      sb_sum: false
      sb_primary_spec: null
      bf_backup_thresh: -1
      bf_rhs_offset: 0
      bf_iters: 1000000000.0
      bf_batch_size: 100000
      bf_zero_crossing_score: false
      touch_zero_score: 0
      ibp_enhancement: false
      catch_assertion: false
      compare_with_old_bounds: false
      update_rhs_with_attack: false
      sb_coeff_thresh: 0.001
      sort_index: null
      sort_descending: true
      show_progress: false
      presplit_domains: null
      skip_getting_worst_domain: false
  attack:
    enabled: false
    beam_candidates: 8
    beam_depth: 7
    max_dive_fix_ratio: 0.8
    min_local_free_ratio: 0.2
    mip_start_iteration: 5
    mip_timeout: 30.0
    adv_pool_threshold: null
    refined_mip_attacker: false
    refined_batch_size: null
attack:
  pgd_order: input_bab
  pgd_steps: 100
  pgd_restarts: 30
  pgd_batch_size: 100000000
  pgd_early_stop: true
  pgd_lr_decay: 0.99
  pgd_alpha: auto
  pgd_alpha_scale: false
  pgd_loss_mode: null
  pgd_restart_when_stuck: false
  enable_mip_attack: false
  adv_saver: default_adv_saver
  adv_verifier: default_adv_verifier
  early_stop_condition: default_early_stop_condition
  adv_example_finalizer: default_adv_example_finalizer
  pgd_loss: default_pgd_loss
  cex_path: ./test_cex.txt
  attack_mode: PGD
  attack_tolerance: 0.0
  attack_func: attack_with_general_specs
  gama_lambda: 10.0
  gama_decay: 0.9
  check_clean: true
  input_split:
    pgd_steps: 100
    pgd_restarts: 30
    pgd_alpha: auto
  input_split_enhanced:
    pgd_steps: 200
    pgd_restarts: 500000
    pgd_alpha: auto
  input_split_check_adv:
    enabled: auto
    pgd_steps: 5
    pgd_restarts: 5
    pgd_alpha: auto
    max_num_domains: 10
debug:
  sanity_check: Full+Graph
  view_model: false
  lp_test: null
  rescale_vnnlib_ptb: null
  test_optimized_bounds: false
  test_optimized_bounds_after_n_iterations: 0
  print_verbose_decisions: false

Experiments at Thu Feb 19 06:16:46 2026 on d1029
Internal results will be saved to results/vggnet16_all_p_2/result_271.rank0.txt.

[ZRL] %%%%%%%%%%%%%%%%%%%%%%%%%%%%%%%%%%% idx: 0, vnnlib ID: 0 %%%%%%%%%%%%%%%%%%%%%%%%%%%%%%%%%%%
Using onnx /projects/air/dlverifier/vggnet16_all/onnx/vgg16-7.onnx
Using vnnlib /projects/air/dlverifier/vggnet16_all/vnnlib/n01742172_boa_constrictor_global_k50176_eps_0.0002.vnnlib
150528 inputs and 1000 outputs in vnnlib
Loading cached onnx model from /projects/air/dlverifier/vggnet16_all/onnx/vgg16-7.onnx.cached
Cannot read cached onnx file. Regenerating...
Loading onnx /projects/air/dlverifier/vggnet16_all/onnx/vgg16-7.onnx with quirks {}
Finished onnx model loading in 34.6059 seconds
Number of perturbed inputs: 150528
WARNING: prioritizing attack due to too many perturbed pixels on VGG
Setting arguments.Config["attack"]["pgd_order"] to "before"
Setting bound_prop_method to crown
Attack parameters: initialization=uniform, steps=100, restarts=30, alpha=5.000084638595581e-05, initialization=uniform, GAMA=False
Model output of first 5 examples:
 tensor([[-8.83861125e-01,  7.65109003e-01, -1.03670418e+00, -5.18855810e-01,
         -9.20036077e-01,  1.77688509e-01, -1.67549700e-01, -1.53181148e+00,
         -1.61198354e+00, -7.96385705e-01, -3.21741372e-01,  2.19483227e-02,
         -1.98014364e-01, -4.45543259e-01, -2.40268081e-01,  1.16640307e-01,
         -4.62420315e-01, -1.37196994e+00, -6.00134552e-01, -3.09629470e-01,
         -6.81195438e-01,  6.53523684e-01,  4.39475209e-01, -6.39646828e-01,
          2.99384624e-01, -8.27441931e-01,  5.03377020e-01, -3.92964959e-01,
         -1.06774807e+00,  2.94120520e-01, -1.91947830e+00,  3.81442338e-01,
         -8.01764607e-01, -1.56418335e+00, -1.00207245e+00, -1.76815760e+00,
         -4.78496343e-01, -2.02370644e+00,  7.73566246e-01, -1.13321340e+00,
          6.34478569e-01, -6.36172593e-01, -3.49652648e-01, -1.87705278e-01,
          1.61001846e-01, -4.53712136e-01,  6.73942924e-01, -1.95269749e-01,
         -1.69006789e+00, -7.29172111e-01, -2.36765727e-01, -1.75033307e+00,
          2.08973974e-01,  1.47309989e-01, -6.17469549e-01, -9.46843743e-01,
         -5.79623342e-01, -1.76299870e+00, -2.54331321e-01,  8.24398547e-02,
         -6.73986599e-02, -8.59578729e-01, -1.12250400e+00,  3.91176254e-01,
          3.55827451e-01, -6.46945119e-01, -1.93459272e-01, -4.78412986e-01,
         -4.42893445e-01, -3.10974866e-01,  1.03095829e+00,  7.93504894e-01,
          4.37597334e-01,  1.95507050e+00,  6.96392238e-01,  1.83422577e+00,
          6.20268524e-01,  2.26247430e+00,  2.19589567e+00,  1.72936976e+00,
          4.59145188e-01, -1.00656915e+00, -4.77165580e-01, -3.21638465e-01,
         -9.96839106e-01, -2.79009551e-01, -1.23782170e+00,  3.85062546e-01,
         -3.49538058e-01, -1.08945489e+00, -1.00193858e+00, -1.22486234e+00,
          5.28592408e-01, -8.65901113e-01,  2.14594483e-01, -9.67579126e-01,
         -1.10158317e-01, -1.71217752e+00, -3.44817698e-01, -1.01399171e+00,
         -1.72523230e-01, -1.27494657e+00, -1.79331243e+00,  3.15316945e-01,
         -7.62393177e-01, -2.01552105e+00, -1.14138770e+00, -1.10527372e+00,
         -1.40710986e+00, -1.74554467e+00, -4.74064499e-01,  3.33664298e+00,
          1.03388980e-01,  1.75657481e-01,  3.36023271e-01, -1.66438520e+00,
         -9.98845458e-01,  4.21406984e-01, -1.59123743e+00, -1.52132988e+00,
         -1.38156199e+00, -1.96247911e+00, -1.64173257e+00, -2.40897226e+00,
         -1.54817557e+00, -1.56106651e+00,  7.99203455e-01, -1.01663597e-01,
          8.14036250e-01,  2.34047174e-01, -7.58613348e-01, -1.04898667e+00,
          2.74201870e-01, -4.56530213e-01, -5.98569870e-01, -6.45451725e-01,
         -1.44181812e+00, -6.39662206e-01,  1.60838082e-01, -1.42099619e+00,
         -1.72642970e+00, -6.59167245e-02, -7.27353096e-01, -1.03101349e+00,
         -7.72524595e-01, -7.12766469e-01, -1.64489150e-01,  2.70774335e-01,
         -1.09777637e-01, -1.51505157e-01, -1.57612467e+00,  8.14866066e-01,
         -5.54787457e-01,  9.27070081e-01,  4.20355797e-01, -2.43962809e-01,
         -5.57120979e-01,  8.33251104e-02, -4.80606705e-01, -8.64071965e-01,
         -7.64983892e-01, -1.30380809e-01,  3.52285326e-01, -5.13981700e-01,
         -5.39550781e-01, -8.63716483e-01, -8.28381717e-01, -9.50290442e-01,
         -1.77878290e-01, -5.72037816e-01, -4.36195523e-01, -1.74695879e-01,
         -1.30355823e+00, -1.78724065e-01, -2.24165320e-01, -5.03555357e-01,
         -1.44812012e+00, -4.41281229e-01,  1.42181873e-01, -1.05930221e+00,
         -1.25978148e+00,  7.16002882e-02,  9.43464115e-02, -4.84636649e-02,
          3.43448967e-01,  1.02853984e-01,  2.49774858e-01,  6.94471300e-01,
         -1.56613514e-01, -1.14866160e-01,  4.31735128e-01,  4.58364487e-01,
         -1.89342290e-01,  1.01400323e-01, -3.21916997e-01,  7.94857502e-01,
          5.28563857e-02, -6.84791505e-01, -8.74610722e-01,  8.55336308e-01,
         -4.88905400e-01, -5.66784978e-01,  1.32874608e-01,  8.36968958e-01,
         -3.96777615e-02, -1.15822637e+00, -1.16616845e+00, -4.62721378e-01,
         -6.75731838e-01, -5.46848595e-01, -1.16482723e+00, -3.32242876e-01,
         -2.82587826e-01, -9.17762339e-01, -6.60437882e-01, -8.54523718e-01,
         -5.30924201e-01, -2.47131616e-01, -7.01587319e-01, -2.63013273e-01,
         -1.04507017e+00, -1.47229865e-01, -5.26846707e-01,  6.96388066e-01,
          1.67520776e-01, -9.11747575e-01, -9.83474374e-01, -8.18424284e-01,
         -7.03947783e-01,  7.91534126e-01, -3.39892119e-01, -2.51201957e-01,
         -1.00857699e+00, -6.83305562e-01, -5.43984056e-01, -2.49442346e-02,
         -4.94496047e-01,  9.66744646e-02, -1.17923021e+00, -1.57356322e-01,
         -7.35718131e-01, -9.93408680e-01, -2.46455997e-01, -1.31377137e+00,
         -1.20376575e+00,  1.01003170e-01, -1.11258423e+00, -7.23447442e-01,
          5.79217002e-02, -1.29940622e-02, -7.41129816e-02, -9.13336456e-01,
          3.34667176e-01, -1.15684986e-01,  7.30536282e-01, -1.79565740e+00,
         -9.39703941e-01,  2.24859089e-01,  7.36771703e-01,  8.94043624e-01,
          5.22360384e-01, -2.13071033e-02, -8.49382997e-01, -2.79924840e-01,
         -5.76904714e-01,  6.99728847e-01, -6.50584102e-02, -5.73544025e-01,
         -1.05630445e+00,  3.92710388e-01,  6.58116817e-01, -2.01054513e-01,
          6.42743111e-01,  3.35000902e-01, -3.12052757e-01,  4.62328903e-02,
         -5.96731994e-03,  4.20348853e-01, -1.72444791e-01,  9.68812108e-01,
          3.91531348e-01,  1.62210810e+00,  1.82098413e+00,  2.56471825e+00,
          2.19488454e+00,  1.37543821e+00, -8.60707581e-01,  4.36096191e-01,
         -5.42680562e-01, -8.86598706e-01, -1.09738100e+00, -6.00405097e-01,
         -1.23913407e+00,  4.27101076e-01, -1.30012226e+00, -1.23113596e+00,
         -3.12453747e-01, -1.08710217e+00, -4.27499950e-01,  2.80357003e-01,
         -9.23570514e-01,  7.80289471e-01,  3.62024575e-01,  1.93148226e-01,
         -7.44553506e-01, -1.39570844e+00,  5.15819602e-02,  6.76796854e-01,
          1.04497313e+00, -9.44639206e-01,  1.21331263e+00,  8.66158962e-01,
          2.16878280e-01,  1.48243439e+00,  1.61105156e+00,  6.12544119e-01,
          4.62907225e-01, -9.08759177e-01,  2.09206176e+00,  1.32692170e+00,
          6.51917815e-01, -1.66666865e+00, -1.01571965e+00, -1.16153514e+00,
         -1.20713174e+00, -1.76697040e+00, -1.50391233e+00, -7.08265789e-03,
         -1.67285466e+00, -2.01307893e+00,  2.30986983e-01,  6.65951669e-01,
          1.89917648e+00, -4.78061020e-01, -8.40274453e-01, -5.53147078e-01,
         -1.81989503e+00, -4.38300580e-01, -7.96603799e-01, -1.93348610e+00,
         -1.30731046e+00, -1.59544683e+00, -1.83970046e+00, -1.64528310e+00,
         -1.86995935e+00, -1.81167459e+00, -2.11795878e+00, -1.01075256e+00,
         -2.80911684e+00, -1.65799117e+00, -1.22282577e+00, -7.39392757e-01,
         -1.11080682e+00, -6.68467343e-01, -6.26219749e-01, -1.62957621e+00,
          1.84070975e-01, -2.10894451e-01,  1.32193536e-01,  5.39857090e-01,
         -7.97894180e-01,  3.44588518e-01,  1.21176764e-01, -3.68825018e-01,
         -1.39712083e+00, -6.41816974e-01, -6.71467543e-01, -7.91496456e-01,
         -4.12656635e-01, -9.10013795e-01, -4.56731379e-01, -1.08408070e+00,
         -3.98288250e-01, -5.68557084e-01, -2.29799628e-01, -1.29466379e+00,
         -4.23447043e-01, -9.80169550e-02, -4.57328975e-01, -1.31499791e+00,
          9.06392112e-02, -1.13379371e+00, -6.16697013e-01, -3.49085599e-01,
         -5.65287232e-01, -7.05079794e-01, -1.18871641e+00, -1.64213371e+00,
         -1.90326476e+00, -1.93701535e-01, -1.37913918e+00, -4.46102738e-01,
         -8.13867569e-01, -2.38495564e+00, -1.31646049e+00,  2.47158468e-01,
         -2.21408010e+00, -1.62895751e+00, -1.11428484e-01,  1.20123315e+00,
         -7.13138759e-01, -5.55840611e-01,  1.09830749e+00, -3.66365761e-01,
         -8.81266296e-02,  1.14813673e+00, -8.95097077e-01, -1.04364288e+00,
         -2.21434021e+00,  2.81127214e+00, -1.84381294e+00,  1.06445611e+00,
          4.45238918e-01,  9.65904117e-01,  7.57272840e-01, -2.42623854e+00,
          1.50521123e+00,  5.02372622e-01,  2.79434323e+00,  2.37422419e+00,
          6.32873476e-01,  5.41898668e-01, -2.05023259e-01, -6.82294309e-01,
         -1.41419852e+00, -2.03564242e-01,  1.56433260e+00, -7.55022287e-01,
         -8.36480319e-01, -2.06770793e-01, -6.51654959e-01, -3.04431785e-02,
          1.09229457e+00,  3.79814029e-01,  1.54637873e+00,  1.55408108e+00,
         -1.33360386e+00,  5.31138420e-01,  1.52553046e+00,  3.23153973e-01,
          2.16826797e-02,  1.46907783e+00,  1.93143427e-01,  2.05746698e+00,
         -1.06476784e+00, -2.50383705e-01,  3.70504475e+00, -2.40818053e-01,
         -3.16339791e-01, -7.40456820e-01, -1.25899827e+00,  1.70852435e+00,
          3.61253917e-01,  6.49519265e-01, -1.88472116e+00,  2.12936960e-02,
          1.65211439e-01,  1.41372979e+00, -4.16836441e-01,  1.00150442e+00,
         -1.17750263e+00,  6.72742546e-01,  2.66491413e+00, -4.21690047e-01,
          1.44893038e+00,  1.85465503e+00, -9.21929717e-01, -2.67107201e+00,
         -6.89529538e-01,  1.87246069e-01,  2.03653336e+00, -1.06719971e+00,
         -1.25573099e+00,  1.67995512e+00, -1.11927867e-01,  9.30136815e-03,
         -2.16780996e+00, -2.35809207e-01,  8.05712938e-01, -1.43592370e+00,
          1.90760601e+00,  1.22422397e+00,  7.11450934e-01, -1.03549790e+00,
         -3.28443587e-01,  1.52513790e+00,  5.03782511e-01,  2.57358265e+00,
          2.68293917e-01,  3.63897830e-02,  1.44284880e+00, -6.08963370e-01,
          1.22047234e+00,  1.36193156e+00,  1.03729022e+00,  2.65509754e-01,
          1.02353311e+00,  2.43967474e-01, -4.60037470e-01,  3.06317186e+00,
         -2.17784762e+00,  5.87742865e-01, -8.00704181e-01,  9.47063446e-01,
          4.75893468e-01,  4.40620929e-01, -1.46940851e+00,  1.59128511e+00,
          1.36877894e+00, -3.37089396e+00, -6.83072507e-01, -1.08471918e+00,
          1.39883471e+00, -1.05332971e-01,  5.65285742e-01, -4.32146713e-02,
         -6.70019388e-01,  9.11948621e-01, -2.33213842e-01, -1.26048699e-01,
          8.75937045e-02, -7.07591698e-03, -1.65201950e+00, -3.06223799e-03,
          6.30506724e-02, -1.27938235e+00,  6.01554513e-01,  1.73120308e+00,
         -1.25148237e-01,  1.06763653e-03,  2.36500335e+00,  8.79594564e-01,
          5.66457570e-01,  4.03919637e-01,  3.40654182e+00, -1.93360758e+00,
         -1.41453969e+00, -1.08754814e+00, -2.37579554e-01,  2.24214816e+00,
          8.26426208e-01, -8.31568241e-01,  1.80107355e+00, -9.63334441e-02,
         -1.31089520e+00,  1.20241129e+00,  4.08885509e-01, -2.39609814e+00,
          7.30219722e-01,  3.45001101e+00, -6.34039044e-01,  5.34128010e-01,
          1.44072771e+00,  2.38359642e+00,  4.25462574e-01, -1.34442961e+00,
          4.87056637e+00,  9.19492126e-01,  1.22559512e+00,  1.11078966e+00,
         -1.38842618e+00, -9.58455443e-01,  1.12157357e+00,  1.82132471e+00,
         -3.77365686e-02, -4.31687981e-01, -8.32789660e-01,  3.52872342e-01,
          2.83439606e-01, -2.49858618e+00,  6.39875084e-02, -1.38145888e+00,
          1.15982020e+00, -1.71807063e+00,  5.05890548e-01, -1.68097115e+00,
         -1.55005002e+00,  8.80966783e-01,  5.44028819e-01,  1.00315727e-01,
         -9.21851158e-01, -1.48626661e+00, -2.94533682e+00,  4.69971657e-01,
          1.56384313e+00,  1.42087495e+00, -9.31551933e-01,  1.97654498e+00,
          1.91045904e+00,  7.44421363e-01,  1.07140219e+00,  3.74022436e+00,
          1.00901616e+00,  7.52746046e-01,  1.75596610e-01, -1.42254424e+00,
          2.21969724e+00,  9.37750459e-01,  1.31381726e+00,  1.34525239e+00,
          2.47842884e+00,  7.94054091e-01,  1.04521942e+00, -2.08107829e+00,
          2.09783840e+00,  2.28732920e+00,  1.30409670e+00, -1.63321808e-01,
          1.21863270e+00, -1.55000198e+00,  1.30430508e+00,  2.90784568e-01,
         -1.68990815e+00,  8.39154243e-01,  3.74953775e-03,  1.47326291e+00,
          1.64124775e+00,  1.48927316e-01,  2.56041121e+00,  3.61187220e+00,
          2.67426181e+00, -5.88229716e-01,  1.19254863e+00,  2.92818975e+00,
         -9.69070911e-01, -1.24186504e+00,  2.57402062e+00, -2.14869991e-01,
         -1.15913773e+00,  2.13133216e+00,  4.44313794e-01,  1.23027134e+00,
          3.71248913e+00,  9.26903367e-01, -2.50151205e+00,  3.50167274e-01,
          2.38531065e+00, -2.98705339e-01, -3.56037840e-02,  3.29486459e-01,
         -1.15001297e+00,  5.78425705e-01, -8.52568626e-01,  4.06646550e-01,
          2.62531948e+00, -1.98125935e+00, -5.10005176e-01,  7.46170938e-01,
          2.39255071e+00, -1.13342404e+00,  2.32174492e+00,  3.12564731e+00,
         -7.35567272e-01,  6.34574443e-02, -1.40041721e+00,  1.32473791e+00,
         -1.23815668e+00,  1.79986715e+00,  8.53824615e-02,  2.12201938e-01,
         -6.01500154e-01, -2.17253017e+00,  2.61827326e+00, -5.43542087e-01,
          2.65912628e+00, -9.52420950e-01,  1.77760497e-01, -1.99582621e-01,
         -6.28123045e-01,  1.94258416e+00, -7.67282963e-01, -1.62377429e+00,
         -6.11869276e-01,  1.99072659e+00,  1.17317688e+00, -8.44878316e-01,
         -2.92344749e-01,  1.99375427e+00,  4.29600686e-01,  7.37001240e-01,
          1.91343594e+00,  2.48715925e+00,  5.91919720e-01,  1.70139205e+00,
         -2.60316022e-02,  2.48030141e-01,  3.32927734e-01, -2.16986036e+00,
          2.05497479e+00,  4.95929629e-01, -3.53675818e+00, -8.40552151e-03,
          1.10072351e+00,  6.36647046e-01, -1.44988084e+00,  7.99160182e-01,
          1.86080563e+00,  1.42057419e-01, -1.25740576e+00,  1.08591461e+00,
          2.70434523e+00,  1.26390731e+00,  2.46117711e-01, -1.52702081e+00,
          7.07831562e-01, -1.73832333e+00, -1.07378244e+00,  6.52767777e-01,
          1.21528316e+00,  1.61446536e+00,  6.59860253e-01,  1.77319670e+00,
          6.01316035e-01,  1.37023330e+00,  1.29001224e+00, -1.93841249e-01,
         -6.76991224e-01, -2.15099764e+00,  3.34632546e-01,  5.77110887e-01,
          5.88182211e-01,  9.62230027e-01,  1.85638309e+00,  1.29891962e-01,
         -9.40575480e-01,  8.69060218e-01,  2.04998981e-02, -2.02787802e-01,
          5.03293514e-01,  4.53639030e-01, -1.54969275e+00,  2.49730730e+00,
          1.42695233e-01,  1.37008607e+00, -1.86073649e+00,  7.23662853e-01,
          3.09891701e-01,  4.45613295e-01,  1.65172055e-01, -1.90232778e+00,
         -1.99466854e-01,  1.93140721e+00,  2.36900911e-01, -2.78178155e-01,
          1.98871791e+00,  1.35562158e+00,  6.54262483e-01,  1.58003056e+00,
          2.09336233e+00,  1.96833551e+00,  6.84921563e-01, -1.31067836e+00,
          3.20117027e-01,  2.98169088e+00,  1.77331495e+00, -7.27352798e-01,
         -5.04907727e-01, -9.54163134e-01, -1.53126657e-01,  8.35352361e-01,
          2.87582326e+00,  2.60564470e+00, -1.85022449e+00,  1.63275814e+00,
          1.21660292e+00,  7.22400129e-01,  4.22241211e-01,  1.45059621e+00,
         -9.76406693e-01,  2.22624278e+00, -6.08734787e-01,  2.26867080e+00,
          2.08269668e+00,  1.08706582e+00, -4.43461299e-01, -1.48574486e-01,
          8.07882726e-01,  1.60700393e+00,  1.05466878e+00, -1.26787508e+00,
         -1.87644288e-02, -3.17493416e-02,  2.95546436e+00,  2.03514242e+00,
          2.66935754e+00,  9.84103307e-02,  5.36502451e-02,  4.25947040e-01,
         -1.52273262e+00,  2.93819857e+00, -3.55290771e-01,  1.89130723e-01,
          1.52297711e+00,  7.43107915e-01,  3.31730175e+00,  4.45284188e-01,
          1.04788017e+00,  4.42924559e-01,  1.62170351e+00,  2.30989408e+00,
         -1.20516527e+00, -1.19405615e+00, -5.13085663e-01, -2.44342238e-01,
          1.79964900e+00, -3.49675000e-01,  5.71649551e-01,  3.53681505e-01,
         -1.40805316e+00, -4.65014070e-01,  1.16665840e+00,  2.19713092e+00,
          1.34952557e+00,  2.09433413e+00, -6.98807299e-01,  9.13282275e-01,
          5.51155031e-01, -1.16460681e+00,  2.52815413e+00, -2.42841661e-01,
         -1.49959910e+00, -1.25050926e+00, -9.83536839e-01,  6.25474304e-02,
          1.09392762e+00, -1.40424645e+00,  1.40797222e+00,  1.07836223e+00,
          2.23910689e+00, -2.00920820e+00, -4.12853599e-01,  1.63129437e+00,
         -1.07868052e+00, -3.03414226e-01,  1.27021170e+00, -1.35073149e+00,
         -1.14222243e-01, -2.01098118e-02,  7.36813843e-01, -3.27253819e-01,
          1.69849432e+00,  1.43775847e-02,  3.01547319e-01, -2.68484235e-01,
          3.86342025e+00,  2.28192759e+00,  3.11525035e+00, -1.05671871e+00,
          1.05004668e+00, -1.80100635e-01, -1.10447988e-01,  3.74738646e+00,
          1.32760179e+00, -1.34212160e+00,  1.18843389e+00,  1.88554072e+00,
         -2.67909074e+00, -3.22848052e-01, -1.30527437e-01,  5.76032877e-01,
         -1.14088452e+00,  1.70474327e+00,  3.36721420e-01, -1.08737767e+00,
         -1.73010969e+00, -2.76955628e+00, -1.76171803e+00, -7.56090641e-01,
          1.52127671e+00,  1.78522423e-01, -7.31605470e-01,  3.94386679e-01,
          1.44466269e+00, -6.39247358e-01, -2.29219532e+00,  6.33344650e-01,
          1.24118292e+00,  4.60923970e-01, -4.45346624e-01,  6.49295330e-01,
         -1.49669901e-01,  6.03563905e-01,  1.47930682e+00,  1.80303013e+00,
         -4.67497762e-03,  3.21575189e+00, -3.14649381e-02, -3.56925339e-01,
         -5.91291487e-01,  5.88258862e-01, -9.65506911e-01, -3.86156775e-02,
          4.22381449e+00,  2.07845736e+00,  2.67696333e+00, -4.30588037e-01,
          1.54507422e+00,  2.02158976e+00,  1.10355484e+00,  7.37972200e-01,
          4.99898791e-02,  3.32280517e-01,  1.39532745e+00,  1.04979563e+00,
          5.22984362e+00,  3.71646523e+00,  2.23894572e+00,  3.99818867e-02,
          8.04360032e-01,  3.86977524e-01,  1.07382548e+00,  2.15833092e+00,
         -2.08892894e+00, -1.21100247e+00,  5.33453345e-01, -2.29189944e+00,
          1.06788886e+00, -6.27116740e-01,  1.33067414e-01,  3.58073086e-01,
          9.06159520e-01,  2.40273952e+00, -6.99820146e-02, -8.83188605e-01,
         -2.46361637e+00,  8.42985153e-01, -1.28132260e+00, -1.38513267e+00,
         -1.54276800e+00,  5.44658415e-02, -9.52245414e-01, -1.72158682e+00,
         -9.46096897e-01, -2.44803572e+00, -1.85894799e+00, -1.00346982e+00,
         -1.66696858e+00, -1.39440084e+00, -1.08627415e+00, -7.90474832e-01,
         -7.73023486e-01, -9.32443082e-01, -6.13953881e-02, -5.24417281e-01,
         -2.65262580e+00, -3.43265980e-01, -1.88893569e+00, -1.44261885e+00,
          9.50615585e-01,  6.75123453e-01,  9.83275622e-02, -3.15834045e-01,
         -4.92428154e-01, -1.30180195e-01,  1.02203049e-01, -1.50538945e+00,
         -1.36029816e+00,  2.10393608e-01, -1.04532969e+00, -1.50450325e+00,
         -1.14388633e+00, -1.11184645e+00, -1.38622832e+00, -1.57411683e+00,
         -1.57800817e+00, -1.87961948e+00,  1.37255883e+00, -2.53069401e-01,
          5.07931232e-01,  2.54390419e-01, -1.48780489e+00,  1.48449075e+00,
         -9.36409771e-01, -1.82027328e+00,  1.63164091e+00, -2.51176327e-01,
         -7.59309947e-01,  1.65936083e-01,  3.65663648e-01, -1.72800779e+00,
          6.79526508e-01, -6.77373767e-01, -5.62222958e-01, -1.22166395e+00,
         -8.74465466e-01, -3.35033774e-01, -1.56016695e+00, -4.31899041e-01,
         -6.77682698e-01,  2.60478765e-01, -9.40945745e-01, -1.51284850e+00,
         -1.64232779e+00, -2.50151896e+00, -2.22006679e+00, -1.44562304e+00,
         -1.54497445e+00, -2.56529284e+00, -3.07329774e-01,  1.80453062e+00]],
       device='cuda:0')
Adv example prediction (first 2 examples and 2 restarts):
 tensor([[[-8.42633486e-01,  8.02097917e-01, -1.01367271e+00, -5.10808766e-01,
          -9.06450868e-01,  2.10601792e-01, -1.70087546e-01, -1.54664958e+00,
          -1.61612129e+00, -8.03967953e-01, -3.07534128e-01,  4.38527204e-04,
          -2.09209323e-01, -4.80597496e-01, -2.43273258e-01,  1.11592315e-01,
          -4.70570803e-01, -1.38495004e+00, -6.20865941e-01, -3.35494787e-01,
          -6.76681161e-01,  6.64665937e-01,  4.26985770e-01, -6.52131557e-01,
           2.89180011e-01, -8.26158941e-01,  5.31999946e-01, -3.87100220e-01,
          -1.05174720e+00,  3.15576673e-01, -1.90809333e+00,  3.71243387e-01,
          -7.75017798e-01, -1.53061211e+00, -9.82419789e-01, -1.74408352e+00,
          -4.52230394e-01, -2.01477790e+00,  7.85722733e-01, -1.12970579e+00,
           6.02761924e-01, -6.27015352e-01, -3.52524877e-01, -1.75500795e-01,
           1.58376426e-01, -4.39937800e-01,  6.45351648e-01, -1.89864457e-01,
          -1.68750322e+00, -7.12797940e-01, -2.19167843e-01, -1.71426070e+00,
           1.89443901e-01,  1.40649870e-01, -6.26354694e-01, -9.57324147e-01,
          -5.70062697e-01, -1.76388025e+00, -2.39621520e-01,  9.04152468e-02,
          -7.39658847e-02, -8.84725928e-01, -1.08753920e+00,  4.15868878e-01,
           3.59175682e-01, -6.42629385e-01, -1.77669033e-01, -4.99575377e-01,
          -4.23593193e-01, -3.23313117e-01,  1.01425660e+00,  7.91443050e-01,
           4.49807703e-01,  1.97223020e+00,  7.07075059e-01,  1.83071256e+00,
           6.21298015e-01,  2.24906230e+00,  2.18519568e+00,  1.69757771e+00,
           4.88013864e-01, -1.00766909e+00, -4.67667699e-01, -3.10404420e-01,
          -9.98439670e-01, -3.10614586e-01, -1.23749506e+00,  3.53041947e-01,
          -3.43485147e-01, -1.09684181e+00, -1.00571907e+00, -1.21747792e+00,
           5.25938749e-01, -8.64561021e-01,  1.98170677e-01, -9.54811096e-01,
          -1.02934249e-01, -1.71541595e+00, -3.09869796e-01, -1.01352382e+00,
          -1.78911597e-01, -1.26150501e+00, -1.79230773e+00,  3.39706749e-01,
          -7.58914411e-01, -2.00950885e+00, -1.14437437e+00, -1.08913946e+00,
          -1.39385879e+00, -1.72972131e+00, -4.72823709e-01,  3.33000469e+00,
           9.83997509e-02,  1.94892585e-01,  3.19529951e-01, -1.63170469e+00,
          -9.63876247e-01,  4.39425051e-01, -1.59727907e+00, -1.49873865e+00,
          -1.36736894e+00, -1.93460059e+00, -1.64039338e+00, -2.40985775e+00,
          -1.55212474e+00, -1.56794238e+00,  8.35762739e-01, -1.22823276e-01,
           8.21195304e-01,  2.38642484e-01, -7.57868588e-01, -1.05606031e+00,
           2.67105311e-01, -4.61891651e-01, -6.18666768e-01, -6.20962322e-01,
          -1.44544089e+00, -6.44413471e-01,  1.40834764e-01, -1.42907941e+00,
          -1.73202324e+00, -8.53054896e-02, -7.16116250e-01, -1.04139817e+00,
          -7.81042993e-01, -7.28727400e-01, -1.53208822e-01,  3.24046940e-01,
          -8.05831775e-02, -1.09303385e-01, -1.57776642e+00,  7.97449231e-01,
          -5.08892894e-01,  9.38300014e-01,  4.39528555e-01, -2.36625895e-01,
          -5.53191185e-01,  1.09458901e-01, -4.76193875e-01, -8.79697859e-01,
          -7.43214488e-01, -1.50696769e-01,  3.24628055e-01, -5.17288685e-01,
          -5.44155896e-01, -8.69328856e-01, -8.22494268e-01, -9.25327957e-01,
          -1.85887218e-01, -5.54327965e-01, -4.18232948e-01, -2.10684359e-01,
          -1.31256616e+00, -1.78684816e-01, -2.39406943e-01, -4.69294548e-01,
          -1.43604159e+00, -4.23089653e-01,  1.09414771e-01, -1.08353317e+00,
          -1.28028440e+00,  8.53995085e-02,  9.31102782e-02, -5.19437343e-02,
           3.28502357e-01,  1.00067571e-01,  2.58085549e-01,  6.93587244e-01,
          -1.23592541e-01, -1.17807858e-01,  4.55440015e-01,  4.50322270e-01,
          -1.87566653e-01,  1.02297775e-01, -2.90807188e-01,  7.74015903e-01,
           4.48243916e-02, -6.80697680e-01, -8.78216505e-01,  8.51503611e-01,
          -4.54168588e-01, -5.87295353e-01,  1.24506012e-01,  8.24128091e-01,
          -3.94527391e-02, -1.14752328e+00, -1.14588785e+00, -4.55787212e-01,
          -6.90967023e-01, -5.61045706e-01, -1.16654849e+00, -3.50518227e-01,
          -2.75388181e-01, -9.21835899e-01, -6.63865626e-01, -8.57858837e-01,
          -5.05076051e-01, -2.58873850e-01, -7.06639051e-01, -2.78777659e-01,
          -1.01557148e+00, -1.37192264e-01, -5.04852951e-01,  6.89024627e-01,
           1.74202085e-01, -9.09401774e-01, -9.71341968e-01, -8.32700849e-01,
          -6.81889355e-01,  7.88173139e-01, -3.34907442e-01, -2.29110658e-01,
          -1.01541913e+00, -6.68420255e-01, -5.61380923e-01, -3.02687474e-02,
          -5.13776183e-01,  6.54983595e-02, -1.19050205e+00, -1.53743684e-01,
          -7.32266247e-01, -9.85254586e-01, -2.61339903e-01, -1.32983041e+00,
          -1.16913676e+00,  7.30621815e-02, -1.11495328e+00, -7.11361647e-01,
           6.69653118e-02, -7.99227878e-03, -7.98004121e-02, -9.33451951e-01,
           3.85432750e-01, -1.25489011e-01,  7.20649958e-01, -1.77028596e+00,
          -9.32472527e-01,  2.39391595e-01,  7.40892649e-01,  9.21690762e-01,
           5.49850643e-01,  1.26000717e-02, -8.15489590e-01, -2.92681009e-01,
          -5.79529703e-01,  6.93422079e-01, -6.46897256e-02, -5.57585299e-01,
          -1.04803431e+00,  4.34134215e-01,  6.90209866e-01, -1.66407391e-01,
           6.60717309e-01,  3.50085706e-01, -2.80443132e-01,  8.16584975e-02,
           2.21284926e-02,  4.59977716e-01, -1.34630084e-01,  1.01472044e+00,
           4.24719602e-01,  1.61635566e+00,  1.80908537e+00,  2.60080719e+00,
           2.18767190e+00,  1.35736096e+00, -8.48537326e-01,  4.44432020e-01,
          -5.04224598e-01, -8.53685021e-01, -1.07551682e+00, -5.61112583e-01,
          -1.21730936e+00,  4.54894096e-01, -1.27582860e+00, -1.22366512e+00,
          -2.95510590e-01, -1.05770361e+00, -4.31943774e-01,  2.86149025e-01,
          -9.36270475e-01,  7.66901553e-01,  3.64787132e-01,  1.85528398e-01,
          -7.38901317e-01, -1.41721582e+00,  3.63306217e-02,  6.82180464e-01,
           1.02695775e+00, -9.28734660e-01,  1.21133149e+00,  8.45424592e-01,
           1.95189759e-01,  1.44994581e+00,  1.58346975e+00,  5.81949234e-01,
           4.36542153e-01, -9.23066199e-01,  2.07785344e+00,  1.32963490e+00,
           6.49960279e-01, -1.67334867e+00, -1.02581108e+00, -1.15897512e+00,
          -1.20797992e+00, -1.76678646e+00, -1.50454271e+00, -3.92070599e-03,
          -1.67342174e+00, -1.99478161e+00,  2.18217567e-01,  6.77343369e-01,
           1.94161844e+00, -4.83261824e-01, -8.22116554e-01, -5.16917586e-01,
          -1.80938935e+00, -4.15976048e-01, -8.02546263e-01, -1.92906797e+00,
          -1.30626285e+00, -1.57121766e+00, -1.82051992e+00, -1.62822294e+00,
          -1.87185133e+00, -1.80370665e+00, -2.11366892e+00, -9.95127320e-01,
          -2.81459236e+00, -1.64953899e+00, -1.21980846e+00, -7.19001353e-01,
          -1.09388983e+00, -6.62743866e-01, -6.28232002e-01, -1.62198937e+00,
           1.90995544e-01, -1.87366217e-01,  1.55105010e-01,  5.43792963e-01,
          -7.82725394e-01,  3.74464273e-01,  1.28495902e-01, -3.66527736e-01,
          -1.38135684e+00, -6.07919872e-01, -6.40712738e-01, -7.71109462e-01,
          -3.67652953e-01, -8.71280313e-01, -4.30425733e-01, -1.04832077e+00,
          -3.79179507e-01, -5.42258680e-01, -1.99615464e-01, -1.26936376e+00,
          -3.94356996e-01, -7.38590136e-02, -4.34049904e-01, -1.28589916e+00,
           1.17916398e-01, -1.10156155e+00, -6.01750612e-01, -3.22891086e-01,
          -5.22329628e-01, -6.97460890e-01, -1.17739964e+00, -1.60178065e+00,
          -1.89075327e+00, -1.60555825e-01, -1.37563014e+00, -4.57221717e-01,
          -7.73927629e-01, -2.38457489e+00, -1.31012130e+00,  2.56970823e-01,
          -2.19727492e+00, -1.63375139e+00, -1.10412106e-01,  1.18254316e+00,
          -7.12894976e-01, -5.76762855e-01,  1.06906927e+00, -3.42017084e-01,
          -6.70031160e-02,  1.16396976e+00, -8.91475976e-01, -1.01339507e+00,
          -2.17130852e+00,  2.79877996e+00, -1.83363152e+00,  1.02810752e+00,
           4.08612758e-01,  9.85277951e-01,  7.29274273e-01, -2.42258406e+00,
           1.48458230e+00,  5.10725498e-01,  2.80397797e+00,  2.34335232e+00,
           6.13558471e-01,  5.09286940e-01, -2.01008797e-01, -6.76904082e-01,
          -1.41330600e+00, -1.97635353e-01,  1.54707730e+00, -7.51955330e-01,
          -8.39445114e-01, -2.15396449e-01, -6.78060532e-01, -4.65948880e-02,
           1.07821178e+00,  3.68163168e-01,  1.51690876e+00,  1.55122769e+00,
          -1.31880808e+00,  5.23033023e-01,  1.54771912e+00,  3.31908941e-01,
          -1.33526623e-02,  1.45499790e+00,  1.94575205e-01,  2.02558923e+00,
          -1.06628668e+00, -2.54658818e-01,  3.69035578e+00, -2.55740434e-01,
          -3.45382005e-01, -7.28471518e-01, -1.23959005e+00,  1.71511137e+00,
           3.33073616e-01,  6.33148611e-01, -1.89163208e+00, -1.66606940e-02,
           1.69170663e-01,  1.40297401e+00, -4.40253258e-01,  9.67210770e-01,
          -1.19005561e+00,  6.81249022e-01,  2.65834737e+00, -4.40446764e-01,
           1.42044723e+00,  1.87557530e+00, -9.07463908e-01, -2.67872214e+00,
          -6.72612846e-01,  2.05628693e-01,  2.03253984e+00, -1.06077898e+00,
          -1.25201762e+00,  1.66859388e+00, -1.63875803e-01,  1.04397275e-02,
          -2.12314272e+00, -2.33313262e-01,  7.67481565e-01, -1.43458807e+00,
           1.90755951e+00,  1.20831656e+00,  7.04671323e-01, -1.00443733e+00,
          -3.31222057e-01,  1.49731755e+00,  5.02073765e-01,  2.55651784e+00,
           2.57192165e-01,  3.41890156e-02,  1.43162596e+00, -5.79686165e-01,
           1.19864273e+00,  1.36076653e+00,  1.03673732e+00,  2.67500967e-01,
           9.80749249e-01,  2.71012485e-01, -4.66374993e-01,  3.07633352e+00,
          -2.16589427e+00,  5.74626327e-01, -8.03514481e-01,  9.55718279e-01,
           4.43398684e-01,  4.19333339e-01, -1.47223961e+00,  1.58439064e+00,
           1.35126412e+00, -3.37107968e+00, -6.67299330e-01, -1.06007493e+00,
           1.38826489e+00, -1.13745071e-01,  5.23234785e-01, -8.09021369e-02,
          -6.78216577e-01,  8.98998797e-01, -2.28734493e-01, -1.50429115e-01,
           6.23093881e-02, -4.39214334e-03, -1.64028859e+00, -2.36343555e-02,
           6.72823787e-02, -1.26431954e+00,  5.91507673e-01,  1.72209954e+00,
          -1.59772485e-01, -2.27625538e-02,  2.34437776e+00,  8.70302081e-01,
           5.65686762e-01,  3.65232140e-01,  3.39460325e+00, -1.92402577e+00,
          -1.41266716e+00, -1.07671845e+00, -2.37034470e-01,  2.20202231e+00,
           8.70302856e-01, -8.44955206e-01,  1.79161739e+00, -1.09215155e-01,
          -1.30573344e+00,  1.18060935e+00,  4.03939873e-01, -2.38033533e+00,
           7.38151610e-01,  3.41813517e+00, -6.33424401e-01,  5.13758838e-01,
           1.43225276e+00,  2.37235022e+00,  4.47945863e-01, -1.31645548e+00,
           4.88614273e+00,  9.34002161e-01,  1.22643220e+00,  1.07551825e+00,
          -1.38933349e+00, -9.48005259e-01,  1.14502466e+00,  1.79948080e+00,
          -4.35086526e-02, -4.43417430e-01, -8.27275634e-01,  3.59275043e-01,
           2.67374426e-01, -2.47909355e+00,  5.90239614e-02, -1.37675631e+00,
           1.14999688e+00, -1.69808483e+00,  5.00587404e-01, -1.66476393e+00,
          -1.54813015e+00,  8.90951574e-01,  5.23544133e-01,  9.21167657e-02,
          -9.06626880e-01, -1.49095905e+00, -2.93272376e+00,  4.78751659e-01,
           1.58957136e+00,  1.42966318e+00, -8.98741722e-01,  1.96545208e+00,
           1.86779273e+00,  7.22272635e-01,  1.10282719e+00,  3.76403093e+00,
           9.79124904e-01,  7.44364560e-01,  1.74552396e-01, -1.41338217e+00,
           2.24008060e+00,  9.04475927e-01,  1.30336273e+00,  1.35715377e+00,
           2.44562197e+00,  7.90159762e-01,  1.04182708e+00, -2.07464290e+00,
           2.08954048e+00,  2.24034357e+00,  1.27408302e+00, -1.59708902e-01,
           1.17389846e+00, -1.54985070e+00,  1.27938724e+00,  2.94382393e-01,
          -1.67645764e+00,  8.16739321e-01, -1.23247690e-02,  1.44878089e+00,
           1.63604164e+00,  1.33732021e-01,  2.54447675e+00,  3.55801582e+00,
           2.64068294e+00, -5.85797489e-01,  1.15156877e+00,  2.93565178e+00,
          -9.89554226e-01, -1.22891665e+00,  2.56699872e+00, -1.83645859e-01,
          -1.16014743e+00,  2.12812543e+00,  4.06707138e-01,  1.23605847e+00,
           3.68346262e+00,  9.30531979e-01, -2.48641825e+00,  3.67433637e-01,
           2.36355352e+00, -3.24844688e-01, -6.56388476e-02,  2.96542287e-01,
          -1.15895629e+00,  6.03859067e-01, -8.71046722e-01,  3.81999612e-01,
           2.61806965e+00, -1.96115863e+00, -4.95800018e-01,  7.47276068e-01,
           2.37828207e+00, -1.13153923e+00,  2.31235957e+00,  3.11303282e+00,
          -7.65074670e-01,  8.41657817e-02, -1.39106643e+00,  1.28544128e+00,
          -1.21806824e+00,  1.83451355e+00,  7.00385422e-02,  1.97082773e-01,
          -5.77859581e-01, -2.17831087e+00,  2.59053230e+00, -5.17238200e-01,
           2.65180159e+00, -9.42513824e-01,  1.69558033e-01, -2.03448102e-01,
          -6.08028352e-01,  1.93535435e+00, -7.48824477e-01, -1.61380994e+00,
          -6.03786469e-01,  1.96639252e+00,  1.15145814e+00, -8.12366068e-01,
          -2.69019216e-01,  1.99846447e+00,  4.20186311e-01,  7.00326622e-01,
           1.93162203e+00,  2.45013881e+00,  5.86629391e-01,  1.69867432e+00,
          -6.18365780e-03,  2.66733557e-01,  3.47183794e-01, -2.16305041e+00,
           2.07863426e+00,  4.91659969e-01, -3.51253462e+00,  1.76679343e-02,
           1.09490204e+00,  6.13262177e-01, -1.42607355e+00,  7.78658330e-01,
           1.83923471e+00,  1.13799118e-01, -1.22718430e+00,  1.09553409e+00,
           2.66932774e+00,  1.28382897e+00,  2.42784262e-01, -1.52103484e+00,
           6.85310543e-01, -1.72002649e+00, -1.08693409e+00,  6.41191006e-01,
           1.20336533e+00,  1.56287730e+00,  6.33380473e-01,  1.75900936e+00,
           6.41460896e-01,  1.35905039e+00,  1.28248668e+00, -1.75015181e-01,
          -6.92253530e-01, -2.13541365e+00,  3.32598031e-01,  5.70742130e-01,
           5.83934426e-01,  9.13703501e-01,  1.83705127e+00,  1.38469070e-01,
          -9.30090308e-01,  8.44995677e-01,  2.36429516e-02, -1.97438553e-01,
           5.10340989e-01,  4.58830953e-01, -1.55581617e+00,  2.48802543e+00,
           1.03844419e-01,  1.36894727e+00, -1.84927559e+00,  6.75291061e-01,
           2.95628697e-01,  4.23121572e-01,  1.59204528e-01, -1.90053821e+00,
          -1.97984040e-01,  1.92969930e+00,  2.16679707e-01, -2.79601336e-01,
           2.03507447e+00,  1.35744441e+00,  6.45178676e-01,  1.55422878e+00,
           2.05772400e+00,  1.96342623e+00,  6.70186222e-01, -1.29048336e+00,
           2.87676811e-01,  2.95491457e+00,  1.74371219e+00, -7.21636593e-01,
          -5.12661695e-01, -9.55415964e-01, -1.39826179e-01,  8.08632493e-01,
           2.84484053e+00,  2.59810567e+00, -1.83771563e+00,  1.64493191e+00,
           1.20822787e+00,  6.99195802e-01,  4.64724511e-01,  1.43448424e+00,
          -9.99099493e-01,  2.20672941e+00, -6.35304093e-01,  2.26291203e+00,
           2.08956814e+00,  1.05712450e+00, -4.88863111e-01, -1.71528026e-01,
           7.98763990e-01,  1.60734713e+00,  1.01344180e+00, -1.25862157e+00,
          -1.64229274e-02, -1.71866938e-02,  2.95950770e+00,  2.04320550e+00,
           2.65379500e+00,  7.70102665e-02,  3.08224279e-02,  4.37717289e-01,
          -1.54409122e+00,  2.92430043e+00, -3.66564900e-01,  1.76325530e-01,
           1.51590538e+00,  7.16487408e-01,  3.30049562e+00,  4.38778162e-01,
           1.01492918e+00,  4.28345948e-01,  1.61188829e+00,  2.26363230e+00,
          -1.18928301e+00, -1.19027519e+00, -4.83884424e-01, -2.04591036e-01,
           1.77302217e+00, -3.53625685e-01,  5.23349464e-01,  3.77070606e-01,
          -1.43386412e+00, -4.73049819e-01,  1.17795014e+00,  2.16927886e+00,
           1.37633216e+00,  2.09579635e+00, -6.67881548e-01,  9.14870858e-01,
           5.35428107e-01, -1.13232017e+00,  2.53492999e+00, -2.33440459e-01,
          -1.47190654e+00, -1.21506536e+00, -9.61909413e-01,  4.89989258e-02,
           1.06534159e+00, -1.39600539e+00,  1.39107156e+00,  1.07605660e+00,
           2.21839309e+00, -2.00458622e+00, -4.28627878e-01,  1.62964833e+00,
          -1.06200874e+00, -2.80307919e-01,  1.24591100e+00, -1.36130500e+00,
          -1.26079261e-01, -5.50045148e-02,  7.43720233e-01, -3.24931026e-01,
           1.67596686e+00, -9.18703713e-03,  2.84883589e-01, -2.75197923e-01,
           3.82632208e+00,  2.27452040e+00,  3.07997823e+00, -1.02532864e+00,
           1.02809918e+00, -2.02720240e-01, -1.24876171e-01,  3.74803615e+00,
           1.30736899e+00, -1.36011767e+00,  1.18925989e+00,  1.88984561e+00,
          -2.63169169e+00, -3.14121217e-01, -1.61125079e-01,  5.50427794e-01,
          -1.12883496e+00,  1.70265210e+00,  3.48873645e-01, -1.08826077e+00,
          -1.69285190e+00, -2.73826623e+00, -1.75693536e+00, -7.32843459e-01,
           1.49625468e+00,  1.49558470e-01, -7.40805924e-01,  4.16637570e-01,
           1.42839241e+00, -6.32355750e-01, -2.27449799e+00,  6.37858987e-01,
           1.24179828e+00,  4.83491719e-01, -4.35744375e-01,  6.30302250e-01,
          -1.61527172e-01,  5.82362831e-01,  1.44166148e+00,  1.77580547e+00,
          -2.41360627e-04,  3.21695995e+00, -3.98542173e-02, -3.55743110e-01,
          -5.81226349e-01,  5.76739669e-01, -9.73291755e-01, -3.15250494e-02,
           4.17453480e+00,  2.02405667e+00,  2.64204788e+00, -3.99294734e-01,
           1.54419863e+00,  1.99863279e+00,  1.07391107e+00,  7.11235225e-01,
           4.24238890e-02,  3.50077987e-01,  1.41180396e+00,  1.03411305e+00,
           5.22662115e+00,  3.69126558e+00,  2.25769114e+00,  1.09360088e-02,
           7.98622727e-01,  3.83776873e-01,  1.02301180e+00,  2.14330530e+00,
          -2.07317924e+00, -1.19498301e+00,  5.47350049e-01, -2.29752088e+00,
           1.07305849e+00, -6.14416182e-01,  1.32998735e-01,  3.35394233e-01,
           9.11436081e-01,  2.38487029e+00, -7.88721666e-02, -8.67646337e-01,
          -2.46842170e+00,  8.73389840e-01, -1.24872291e+00, -1.37780321e+00,
          -1.56511045e+00,  3.57351787e-02, -9.47686195e-01, -1.71703470e+00,
          -9.50084209e-01, -2.44975352e+00, -1.85257733e+00, -9.94363904e-01,
          -1.64230108e+00, -1.40554607e+00, -1.06836510e+00, -7.92088747e-01,
          -7.55632162e-01, -9.29868042e-01, -6.14523478e-02, -5.20202756e-01,
          -2.64209461e+00, -3.46169084e-01, -1.84284401e+00, -1.46140170e+00,
           9.51625645e-01,  6.87589645e-01,  8.77695531e-02, -3.21597874e-01,
          -4.94051218e-01, -1.33681238e-01,  7.14242831e-02, -1.52209282e+00,
          -1.33774579e+00,  1.97415411e-01, -1.04797018e+00, -1.50295258e+00,
          -1.17433894e+00, -1.14582419e+00, -1.38135958e+00, -1.58161366e+00,
          -1.57061994e+00, -1.88496029e+00,  1.34888029e+00, -2.78768152e-01,
           4.79625493e-01,  2.57383645e-01, -1.45685565e+00,  1.46208918e+00,
          -9.24316704e-01, -1.80423081e+00,  1.69339943e+00, -2.24997938e-01,
          -7.37856150e-01,  1.53503284e-01,  3.85191023e-01, -1.68767166e+00,
           7.27857530e-01, -6.75825536e-01, -5.63311696e-01, -1.20743346e+00,
          -8.70720804e-01, -3.15745234e-01, -1.54747236e+00, -4.19604987e-01,
          -6.83319867e-01,  2.68944085e-01, -9.50969100e-01, -1.50933051e+00,
          -1.62943769e+00, -2.49049377e+00, -2.19846535e+00, -1.42201066e+00,
          -1.52589858e+00, -2.56957579e+00, -2.90883094e-01,  1.75103951e+00]]],
       device='cuda:0')
PGD attack margin (first 2 examples and 10 specs):
 tensor([[[0.20281327]]], device='cuda:0')
number of violation:  0
Attack finished in 7.6953 seconds.
PGD attack failed
verified_status unknown
verified_success False
Total VNNLIB file length: 1, max property batch size: 1, total number of batches: 1

Properties batch 0, size 1
Remaining timeout: 1155.4762072563171
Verifying property 0 with 1 instances.
torch allclose failed: norm 8.889588571037166e-06
Model: BoundedModule(
  (/input-1): BoundInput(name=/input-1, inputs=[], perturbed=True)
  (/33): BoundParams(name=/33, inputs=[], perturbed=False)
  (/34): BoundParams(name=/34, inputs=[], perturbed=False)
  (/35): BoundParams(name=/35, inputs=[], perturbed=False)
  (/36): BoundParams(name=/36, inputs=[], perturbed=False)
  (/37): BoundParams(name=/37, inputs=[], perturbed=False)
  (/38): BoundParams(name=/38, inputs=[], perturbed=False)
  (/39): BoundParams(name=/39, inputs=[], perturbed=False)
  (/40): BoundParams(name=/40, inputs=[], perturbed=False)
  (/41): BoundParams(name=/41, inputs=[], perturbed=False)
  (/42): BoundParams(name=/42, inputs=[], perturbed=False)
  (/43): BoundParams(name=/43, inputs=[], perturbed=False)
  (/44): BoundParams(name=/44, inputs=[], perturbed=False)
  (/45): BoundParams(name=/45, inputs=[], perturbed=False)
  (/46): BoundParams(name=/46, inputs=[], perturbed=False)
  (/47): BoundParams(name=/47, inputs=[], perturbed=False)
  (/48): BoundParams(name=/48, inputs=[], perturbed=False)
  (/49): BoundParams(name=/49, inputs=[], perturbed=False)
  (/50): BoundParams(name=/50, inputs=[], perturbed=False)
  (/51): BoundParams(name=/51, inputs=[], perturbed=False)
  (/52): BoundParams(name=/52, inputs=[], perturbed=False)
  (/53): BoundParams(name=/53, inputs=[], perturbed=False)
  (/54): BoundParams(name=/54, inputs=[], perturbed=False)
  (/55): BoundParams(name=/55, inputs=[], perturbed=False)
  (/56): BoundParams(name=/56, inputs=[], perturbed=False)
  (/57): BoundParams(name=/57, inputs=[], perturbed=False)
  (/58): BoundParams(name=/58, inputs=[], perturbed=False)
  (/59): BoundParams(name=/59, inputs=[], perturbed=False)
  (/60): BoundParams(name=/60, inputs=[], perturbed=False)
  (/61): BoundParams(name=/61, inputs=[], perturbed=False)
  (/62): BoundParams(name=/62, inputs=[], perturbed=False)
  (/63): BoundParams(name=/63, inputs=[], perturbed=False)
  (/64): BoundParams(name=/64, inputs=[], perturbed=False)
  (/input): BoundConv(name=/input, inputs=[/input-1, /33, /34], perturbed=True)
  (/66): BoundRelu(name=/66, inputs=[/input], perturbed=True)
  (/input-4): BoundConv(name=/input-4, inputs=[/66, /35, /36], perturbed=True)
  (/68): BoundRelu(name=/68, inputs=[/input-4], perturbed=True)
  (/input-12): BoundConv(name=/input-12, inputs=[/input-8/add_3_4, /37, /38], perturbed=True)
  (/71): BoundRelu(name=/71, inputs=[/input-12], perturbed=True)
  (/input-16): BoundConv(name=/input-16, inputs=[/71, /39, /40], perturbed=True)
  (/73): BoundRelu(name=/73, inputs=[/input-16], perturbed=True)
  (/input-24): BoundConv(name=/input-24, inputs=[/input-20/add_3_4, /41, /42], perturbed=True)
  (/76): BoundRelu(name=/76, inputs=[/input-24], perturbed=True)
  (/input-28): BoundConv(name=/input-28, inputs=[/76, /43, /44], perturbed=True)
  (/78): BoundRelu(name=/78, inputs=[/input-28], perturbed=True)
  (/input-32): BoundConv(name=/input-32, inputs=[/78, /45, /46], perturbed=True)
  (/80): BoundRelu(name=/80, inputs=[/input-32], perturbed=True)
  (/input-40): BoundConv(name=/input-40, inputs=[/input-36/add_3_4, /47, /48], perturbed=True)
  (/83): BoundRelu(name=/83, inputs=[/input-40], perturbed=True)
  (/input-44): BoundConv(name=/input-44, inputs=[/83, /49, /50], perturbed=True)
  (/85): BoundRelu(name=/85, inputs=[/input-44], perturbed=True)
  (/input-48): BoundConv(name=/input-48, inputs=[/85, /51, /52], perturbed=True)
  (/87): BoundRelu(name=/87, inputs=[/input-48], perturbed=True)
  (/input-56): BoundConv(name=/input-56, inputs=[/input-52/add_3_4, /53, /54], perturbed=True)
  (/90): BoundRelu(name=/90, inputs=[/input-56], perturbed=True)
  (/input-60): BoundConv(name=/input-60, inputs=[/90, /55, /56], perturbed=True)
  (/92): BoundRelu(name=/92, inputs=[/input-60], perturbed=True)
  (/input-64): BoundConv(name=/input-64, inputs=[/92, /57, /58], perturbed=True)
  (/94): BoundRelu(name=/94, inputs=[/input-64], perturbed=True)
  (/96): BoundFlatten(name=/96, inputs=[/95/add_3_4], perturbed=True)
  (/input-68): BoundLinear(name=/input-68, inputs=[/96, /59, /60], perturbed=True)
  (/98): BoundRelu(name=/98, inputs=[/input-68], perturbed=True)
  (/99): BoundFlatten(name=/99, inputs=[/98], perturbed=True)
  (/input-72): BoundLinear(name=/input-72, inputs=[/99, /61, /62], perturbed=True)
  (/101): BoundRelu(name=/101, inputs=[/input-72], perturbed=True)
  (/102): BoundFlatten(name=/102, inputs=[/101], perturbed=True)
  (/103): BoundLinear(name=/103, inputs=[/102, /63, /64], perturbed=True)
  (/input-8/conv_1): BoundConv(name=/input-8/conv_1, inputs=[/68, /input-8/conv_1_w], perturbed=True)
  (/input-8/conv_1_relu): BoundRelu(name=/input-8/conv_1_relu, inputs=[/input-8/conv_1], perturbed=True)
  (/input-8/conv_1_w): BoundParams(name=/input-8/conv_1_w, inputs=[], perturbed=False)
  (/input-8/conv_2): BoundConv(name=/input-8/conv_2, inputs=[/68, /input-8/conv_2_w], perturbed=True)
  (/input-8/conv_2_w): BoundParams(name=/input-8/conv_2_w, inputs=[], perturbed=False)
  (/input-8/conv_3): BoundConv(name=/input-8/conv_3, inputs=[/input-8/add_1_2, /input-8/conv_3_w], perturbed=True)
  (/input-8/conv_3_relu): BoundRelu(name=/input-8/conv_3_relu, inputs=[/input-8/conv_3], perturbed=True)
  (/input-8/conv_3_w): BoundParams(name=/input-8/conv_3_w, inputs=[], perturbed=False)
  (/input-8/conv_4): BoundConv(name=/input-8/conv_4, inputs=[/input-8/add_1_2, /input-8/conv_4_w], perturbed=True)
  (/input-8/conv_4_w): BoundParams(name=/input-8/conv_4_w, inputs=[], perturbed=False)
  (/input-8/add_1_2): BoundAdd(name=/input-8/add_1_2, inputs=[/input-8/conv_1_relu, /input-8/conv_2], perturbed=True)
  (/input-8/add_3_4): BoundAdd(name=/input-8/add_3_4, inputs=[/input-8/conv_3_relu, /input-8/conv_4], perturbed=True)
  (/input-20/conv_1): BoundConv(name=/input-20/conv_1, inputs=[/73, /input-20/conv_1_w], perturbed=True)
  (/input-20/conv_1_relu): BoundRelu(name=/input-20/conv_1_relu, inputs=[/input-20/conv_1], perturbed=True)
  (/input-20/conv_1_w): BoundParams(name=/input-20/conv_1_w, inputs=[], perturbed=False)
  (/input-20/conv_2): BoundConv(name=/input-20/conv_2, inputs=[/73, /input-20/conv_2_w], perturbed=True)
  (/input-20/conv_2_w): BoundParams(name=/input-20/conv_2_w, inputs=[], perturbed=False)
  (/input-20/conv_3): BoundConv(name=/input-20/conv_3, inputs=[/input-20/add_1_2, /input-20/conv_3_w], perturbed=True)
  (/input-20/conv_3_relu): BoundRelu(name=/input-20/conv_3_relu, inputs=[/input-20/conv_3], perturbed=True)
  (/input-20/conv_3_w): BoundParams(name=/input-20/conv_3_w, inputs=[], perturbed=False)
  (/input-20/conv_4): BoundConv(name=/input-20/conv_4, inputs=[/input-20/add_1_2, /input-20/conv_4_w], perturbed=True)
  (/input-20/conv_4_w): BoundParams(name=/input-20/conv_4_w, inputs=[], perturbed=False)
  (/input-20/add_1_2): BoundAdd(name=/input-20/add_1_2, inputs=[/input-20/conv_1_relu, /input-20/conv_2], perturbed=True)
  (/input-20/add_3_4): BoundAdd(name=/input-20/add_3_4, inputs=[/input-20/conv_3_relu, /input-20/conv_4], perturbed=True)
  (/input-36/conv_1): BoundConv(name=/input-36/conv_1, inputs=[/80, /input-36/conv_1_w], perturbed=True)
  (/input-36/conv_1_relu): BoundRelu(name=/input-36/conv_1_relu, inputs=[/input-36/conv_1], perturbed=True)
  (/input-36/conv_1_w): BoundParams(name=/input-36/conv_1_w, inputs=[], perturbed=False)
  (/input-36/conv_2): BoundConv(name=/input-36/conv_2, inputs=[/80, /input-36/conv_2_w], perturbed=True)
  (/input-36/conv_2_w): BoundParams(name=/input-36/conv_2_w, inputs=[], perturbed=False)
  (/input-36/conv_3): BoundConv(name=/input-36/conv_3, inputs=[/input-36/add_1_2, /input-36/conv_3_w], perturbed=True)
  (/input-36/conv_3_relu): BoundRelu(name=/input-36/conv_3_relu, inputs=[/input-36/conv_3], perturbed=True)
  (/input-36/conv_3_w): BoundParams(name=/input-36/conv_3_w, inputs=[], perturbed=False)
  (/input-36/conv_4): BoundConv(name=/input-36/conv_4, inputs=[/input-36/add_1_2, /input-36/conv_4_w], perturbed=True)
  (/input-36/conv_4_w): BoundParams(name=/input-36/conv_4_w, inputs=[], perturbed=False)
  (/input-36/add_1_2): BoundAdd(name=/input-36/add_1_2, inputs=[/input-36/conv_1_relu, /input-36/conv_2], perturbed=True)
  (/input-36/add_3_4): BoundAdd(name=/input-36/add_3_4, inputs=[/input-36/conv_3_relu, /input-36/conv_4], perturbed=True)
  (/input-52/conv_1): BoundConv(name=/input-52/conv_1, inputs=[/87, /input-52/conv_1_w], perturbed=True)
  (/input-52/conv_1_relu): BoundRelu(name=/input-52/conv_1_relu, inputs=[/input-52/conv_1], perturbed=True)
  (/input-52/conv_1_w): BoundParams(name=/input-52/conv_1_w, inputs=[], perturbed=False)
  (/input-52/conv_2): BoundConv(name=/input-52/conv_2, inputs=[/87, /input-52/conv_2_w], perturbed=True)
  (/input-52/conv_2_w): BoundParams(name=/input-52/conv_2_w, inputs=[], perturbed=False)
  (/input-52/conv_3): BoundConv(name=/input-52/conv_3, inputs=[/input-52/add_1_2, /input-52/conv_3_w], perturbed=True)
  (/input-52/conv_3_relu): BoundRelu(name=/input-52/conv_3_relu, inputs=[/input-52/conv_3], perturbed=True)
  (/input-52/conv_3_w): BoundParams(name=/input-52/conv_3_w, inputs=[], perturbed=False)
  (/input-52/conv_4): BoundConv(name=/input-52/conv_4, inputs=[/input-52/add_1_2, /input-52/conv_4_w], perturbed=True)
  (/input-52/conv_4_w): BoundParams(name=/input-52/conv_4_w, inputs=[], perturbed=False)
  (/input-52/add_1_2): BoundAdd(name=/input-52/add_1_2, inputs=[/input-52/conv_1_relu, /input-52/conv_2], perturbed=True)
  (/input-52/add_3_4): BoundAdd(name=/input-52/add_3_4, inputs=[/input-52/conv_3_relu, /input-52/conv_4], perturbed=True)
  (/95/conv_1): BoundConv(name=/95/conv_1, inputs=[/94, /95/conv_1_w], perturbed=True)
  (/95/conv_1_relu): BoundRelu(name=/95/conv_1_relu, inputs=[/95/conv_1], perturbed=True)
  (/95/conv_1_w): BoundParams(name=/95/conv_1_w, inputs=[], perturbed=False)
  (/95/conv_2): BoundConv(name=/95/conv_2, inputs=[/94, /95/conv_2_w], perturbed=True)
  (/95/conv_2_w): BoundParams(name=/95/conv_2_w, inputs=[], perturbed=False)
  (/95/conv_3): BoundConv(name=/95/conv_3, inputs=[/95/add_1_2, /95/conv_3_w], perturbed=True)
  (/95/conv_3_relu): BoundRelu(name=/95/conv_3_relu, inputs=[/95/conv_3], perturbed=True)
  (/95/conv_3_w): BoundParams(name=/95/conv_3_w, inputs=[], perturbed=False)
  (/95/conv_4): BoundConv(name=/95/conv_4, inputs=[/95/add_1_2, /95/conv_4_w], perturbed=True)
  (/95/conv_4_w): BoundParams(name=/95/conv_4_w, inputs=[], perturbed=False)
  (/95/add_1_2): BoundAdd(name=/95/add_1_2, inputs=[/95/conv_1_relu, /95/conv_2], perturbed=True)
  (/95/add_3_4): BoundAdd(name=/95/add_3_4, inputs=[/95/conv_3_relu, /95/conv_4], perturbed=True)
)
Model prediction is: tensor([-8.83860767e-01,  7.65109360e-01, -1.03670406e+00, -5.18855691e-01,
        -9.20035899e-01,  1.77688569e-01, -1.67549446e-01, -1.53181112e+00,
        -1.61198354e+00, -7.96385527e-01, -3.21741372e-01,  2.19485015e-02,
        -1.98014259e-01, -4.45543230e-01, -2.40268022e-01,  1.16640382e-01,
        -4.62420225e-01, -1.37196982e+00, -6.00134492e-01, -3.09629261e-01,
        -6.81195438e-01,  6.53523624e-01,  4.39475238e-01, -6.39646769e-01,
         2.99384564e-01, -8.27441633e-01,  5.03377259e-01, -3.92964602e-01,
        -1.06774807e+00,  2.94120699e-01, -1.91947806e+00,  3.81442636e-01,
        -8.01764309e-01, -1.56418312e+00, -1.00207233e+00, -1.76815724e+00,
        -4.78496075e-01, -2.02370596e+00,  7.73566186e-01, -1.13321328e+00,
         6.34478867e-01, -6.36172295e-01, -3.49652350e-01, -1.87705144e-01,
         1.61001846e-01, -4.53712046e-01,  6.73943222e-01, -1.95269585e-01,
        -1.69006753e+00, -7.29171813e-01, -2.36765608e-01, -1.75033295e+00,
         2.08974108e-01,  1.47310123e-01, -6.17469370e-01, -9.46843445e-01,
        -5.79623044e-01, -1.76299858e+00, -2.54331201e-01,  8.24401230e-02,
        -6.73984513e-02, -8.59578550e-01, -1.12250352e+00,  3.91176224e-01,
         3.55827570e-01, -6.46945059e-01, -1.93459153e-01, -4.78412777e-01,
        -4.42893296e-01, -3.10974807e-01,  1.03095853e+00,  7.93505251e-01,
         4.37597394e-01,  1.95507073e+00,  6.96392536e-01,  1.83422565e+00,
         6.20268762e-01,  2.26247406e+00,  2.19589591e+00,  1.72936976e+00,
         4.59145248e-01, -1.00656915e+00, -4.77165401e-01, -3.21638346e-01,
        -9.96839106e-01, -2.79009312e-01, -1.23782134e+00,  3.85062397e-01,
        -3.49537909e-01, -1.08945489e+00, -1.00193858e+00, -1.22486234e+00,
         5.28592706e-01, -8.65900636e-01,  2.14594647e-01, -9.67578948e-01,
        -1.10157914e-01, -1.71217728e+00, -3.44817549e-01, -1.01399159e+00,
        -1.72523111e-01, -1.27494633e+00, -1.79331243e+00,  3.15316916e-01,
        -7.62393057e-01, -2.01552105e+00, -1.14138794e+00, -1.10527372e+00,
        -1.40710986e+00, -1.74554491e+00, -4.74064291e-01,  3.33664250e+00,
         1.03389286e-01,  1.75657526e-01,  3.36023211e-01, -1.66438496e+00,
        -9.98845220e-01,  4.21406865e-01, -1.59123707e+00, -1.52132952e+00,
        -1.38156140e+00, -1.96247900e+00, -1.64173257e+00, -2.40897179e+00,
        -1.54817533e+00, -1.56106615e+00,  7.99203634e-01, -1.01663522e-01,
         8.14036250e-01,  2.34047383e-01, -7.58613110e-01, -1.04898679e+00,
         2.74202108e-01, -4.56529856e-01, -5.98569632e-01, -6.45451665e-01,
        -1.44181812e+00, -6.39662147e-01,  1.60838187e-01, -1.42099619e+00,
        -1.72642946e+00, -6.59165755e-02, -7.27352977e-01, -1.03101361e+00,
        -7.72524297e-01, -7.12766469e-01, -1.64489165e-01,  2.70774096e-01,
        -1.09777756e-01, -1.51505187e-01, -1.57612479e+00,  8.14866066e-01,
        -5.54787397e-01,  9.27070081e-01,  4.20355856e-01, -2.43962690e-01,
        -5.57120919e-01,  8.33250806e-02, -4.80606556e-01, -8.64071727e-01,
        -7.64983833e-01, -1.30380780e-01,  3.52285445e-01, -5.13981819e-01,
        -5.39550841e-01, -8.63716483e-01, -8.28381538e-01, -9.50290322e-01,
        -1.77878439e-01, -5.72037697e-01, -4.36195463e-01, -1.74695849e-01,
        -1.30355799e+00, -1.78724051e-01, -2.24165529e-01, -5.03555417e-01,
        -1.44811976e+00, -4.41281170e-01,  1.42181903e-01, -1.05930221e+00,
        -1.25978148e+00,  7.16002584e-02,  9.43464339e-02, -4.84637246e-02,
         3.43448937e-01,  1.02854162e-01,  2.49774933e-01,  6.94471180e-01,
        -1.56613424e-01, -1.14866264e-01,  4.31735098e-01,  4.58364338e-01,
        -1.89342350e-01,  1.01400301e-01, -3.21916848e-01,  7.94857502e-01,
         5.28564304e-02, -6.84791505e-01, -8.74610603e-01,  8.55336428e-01,
        -4.88905340e-01, -5.66784739e-01,  1.32874593e-01,  8.36968958e-01,
        -3.96776572e-02, -1.15822661e+00, -1.16616845e+00, -4.62721378e-01,
        -6.75731838e-01, -5.46848655e-01, -1.16482747e+00, -3.32242966e-01,
        -2.82587945e-01, -9.17762160e-01, -6.60437882e-01, -8.54523599e-01,
        -5.30924201e-01, -2.47131705e-01, -7.01587379e-01, -2.63013363e-01,
        -1.04507017e+00, -1.47229955e-01, -5.26846647e-01,  6.96387827e-01,
         1.67520761e-01, -9.11747813e-01, -9.83474493e-01, -8.18424404e-01,
        -7.03947723e-01,  7.91534007e-01, -3.39892060e-01, -2.51201957e-01,
        -1.00857699e+00, -6.83305621e-01, -5.43984175e-01, -2.49442421e-02,
        -4.94496226e-01,  9.66744199e-02, -1.17923033e+00, -1.57356486e-01,
        -7.35718191e-01, -9.93408859e-01, -2.46455938e-01, -1.31377137e+00,
        -1.20376599e+00,  1.01003215e-01, -1.11258411e+00, -7.23447442e-01,
         5.79216704e-02, -1.29940771e-02, -7.41131753e-02, -9.13336456e-01,
         3.34667087e-01, -1.15684912e-01,  7.30536342e-01, -1.79565728e+00,
        -9.39704239e-01,  2.24859029e-01,  7.36771405e-01,  8.94043684e-01,
         5.22360325e-01, -2.13071927e-02, -8.49383056e-01, -2.79924840e-01,
        -5.76904535e-01,  6.99728727e-01, -6.50583655e-02, -5.73543966e-01,
        -1.05630457e+00,  3.92710447e-01,  6.58116817e-01, -2.01054364e-01,
         6.42743170e-01,  3.35000932e-01, -3.12052667e-01,  4.62330244e-02,
        -5.96731249e-03,  4.20348823e-01, -1.72444820e-01,  9.68811989e-01,
         3.91531140e-01,  1.62210786e+00,  1.82098401e+00,  2.56471777e+00,
         2.19488430e+00,  1.37543809e+00, -8.60707521e-01,  4.36096221e-01,
        -5.42680204e-01, -8.86598706e-01, -1.09738088e+00, -6.00404739e-01,
        -1.23913407e+00,  4.27101225e-01, -1.30012214e+00, -1.23113596e+00,
        -3.12453747e-01, -1.08710206e+00, -4.27499801e-01,  2.80356824e-01,
        -9.23570096e-01,  7.80289710e-01,  3.62024873e-01,  1.93148673e-01,
        -7.44552970e-01, -1.39570808e+00,  5.15821986e-02,  6.76797152e-01,
         1.04497361e+00, -9.44638968e-01,  1.21331275e+00,  8.66159141e-01,
         2.16878399e-01,  1.48243451e+00,  1.61105180e+00,  6.12544477e-01,
         4.62907404e-01, -9.08758819e-01,  2.09206200e+00,  1.32692182e+00,
         6.51917875e-01, -1.66666853e+00, -1.01571941e+00, -1.16153502e+00,
        -1.20713151e+00, -1.76696992e+00, -1.50391185e+00, -7.08266534e-03,
        -1.67285454e+00, -2.01307893e+00,  2.30986774e-01,  6.65951550e-01,
         1.89917612e+00, -4.78061020e-01, -8.40274692e-01, -5.53147256e-01,
        -1.81989479e+00, -4.38300669e-01, -7.96603680e-01, -1.93348587e+00,
        -1.30731022e+00, -1.59544671e+00, -1.83970046e+00, -1.64528275e+00,
        -1.86995912e+00, -1.81167459e+00, -2.11795855e+00, -1.01075244e+00,
        -2.80911684e+00, -1.65799105e+00, -1.22282565e+00, -7.39392579e-01,
        -1.11080647e+00, -6.68467104e-01, -6.26219451e-01, -1.62957609e+00,
         1.84070826e-01, -2.10894585e-01,  1.32193491e-01,  5.39856911e-01,
        -7.97894239e-01,  3.44588280e-01,  1.21176660e-01, -3.68824929e-01,
        -1.39712071e+00, -6.41817033e-01, -6.71467721e-01, -7.91496336e-01,
        -4.12656814e-01, -9.10013795e-01, -4.56731141e-01, -1.08408070e+00,
        -3.98288012e-01, -5.68556964e-01, -2.29799420e-01, -1.29466343e+00,
        -4.23446834e-01, -9.80167761e-02, -4.57328916e-01, -1.31499791e+00,
         9.06393304e-02, -1.13379347e+00, -6.16696835e-01, -3.49085540e-01,
        -5.65287113e-01, -7.05079675e-01, -1.18871629e+00, -1.64213371e+00,
        -1.90326476e+00, -1.93701223e-01, -1.37913907e+00, -4.46102768e-01,
        -8.13867331e-01, -2.38495517e+00, -1.31646073e+00,  2.47158572e-01,
        -2.21407986e+00, -1.62895727e+00, -1.11428544e-01,  1.20123279e+00,
        -7.13138640e-01, -5.55840433e-01,  1.09830737e+00, -3.66366059e-01,
        -8.81268084e-02,  1.14813662e+00, -8.95096898e-01, -1.04364264e+00,
        -2.21434021e+00,  2.81127167e+00, -1.84381258e+00,  1.06445587e+00,
         4.45238680e-01,  9.65903997e-01,  7.57272899e-01, -2.42623878e+00,
         1.50521123e+00,  5.02372682e-01,  2.79434299e+00,  2.37422466e+00,
         6.32873356e-01,  5.41898668e-01, -2.05023438e-01, -6.82294071e-01,
        -1.41419816e+00, -2.03563899e-01,  1.56433225e+00, -7.55022466e-01,
        -8.36480200e-01, -2.06770688e-01, -6.51654780e-01, -3.04432977e-02,
         1.09229434e+00,  3.79813850e-01,  1.54637873e+00,  1.55408108e+00,
        -1.33360338e+00,  5.31138420e-01,  1.52553010e+00,  3.23153913e-01,
         2.16825604e-02,  1.46907771e+00,  1.93143383e-01,  2.05746698e+00,
        -1.06476772e+00, -2.50383556e-01,  3.70504427e+00, -2.40817994e-01,
        -3.16339880e-01, -7.40456581e-01, -1.25899863e+00,  1.70852423e+00,
         3.61253977e-01,  6.49519324e-01, -1.88472104e+00,  2.12936662e-02,
         1.65211320e-01,  1.41372979e+00, -4.16836500e-01,  1.00150430e+00,
        -1.17750287e+00,  6.72742307e-01,  2.66491389e+00, -4.21690136e-01,
         1.44893026e+00,  1.85465491e+00, -9.21929717e-01, -2.67107177e+00,
        -6.89529181e-01,  1.87246054e-01,  2.03653336e+00, -1.06719983e+00,
        -1.25573111e+00,  1.67995453e+00, -1.11927912e-01,  9.30163637e-03,
        -2.16780972e+00, -2.35809386e-01,  8.05712700e-01, -1.43592370e+00,
         1.90760577e+00,  1.22422361e+00,  7.11450696e-01, -1.03549755e+00,
        -3.28443706e-01,  1.52513754e+00,  5.03782630e-01,  2.57358217e+00,
         2.68293947e-01,  3.63898724e-02,  1.44284880e+00, -6.08963490e-01,
         1.22047210e+00,  1.36193132e+00,  1.03728986e+00,  2.65509665e-01,
         1.02353275e+00,  2.43967652e-01, -4.60037291e-01,  3.06317139e+00,
        -2.17784762e+00,  5.87742805e-01, -8.00704420e-01,  9.47063088e-01,
         4.75893259e-01,  4.40620869e-01, -1.46940863e+00,  1.59128499e+00,
         1.36877882e+00, -3.37089396e+00, -6.83072448e-01, -1.08471906e+00,
         1.39883435e+00, -1.05332911e-01,  5.65285563e-01, -4.32143286e-02,
        -6.70019507e-01,  9.11948740e-01, -2.33213961e-01, -1.26049116e-01,
         8.75937492e-02, -7.07631931e-03, -1.65201962e+00, -3.06234229e-03,
         6.30505383e-02, -1.27938247e+00,  6.01554394e-01,  1.73120284e+00,
        -1.25148416e-01,  1.06750242e-03,  2.36500335e+00,  8.79594445e-01,
         5.66457570e-01,  4.03919429e-01,  3.40654111e+00, -1.93360758e+00,
        -1.41453946e+00, -1.08754814e+00, -2.37579331e-01,  2.24214768e+00,
         8.26425970e-01, -8.31568360e-01,  1.80107355e+00, -9.63335335e-02,
        -1.31089532e+00,  1.20241094e+00,  4.08885181e-01, -2.39609814e+00,
         7.30219603e-01,  3.45001125e+00, -6.34039342e-01,  5.34127831e-01,
         1.44072783e+00,  2.38359594e+00,  4.25462455e-01, -1.34442937e+00,
         4.87056637e+00,  9.19492126e-01,  1.22559512e+00,  1.11078978e+00,
        -1.38842607e+00, -9.58455443e-01,  1.12157381e+00,  1.82132459e+00,
        -3.77364494e-02, -4.31687921e-01, -8.32789779e-01,  3.52871865e-01,
         2.83439726e-01, -2.49858618e+00,  6.39874786e-02, -1.38145876e+00,
         1.15981984e+00, -1.71807063e+00,  5.05890369e-01, -1.68097091e+00,
        -1.55004990e+00,  8.80966544e-01,  5.44028759e-01,  1.00315847e-01,
        -9.21850920e-01, -1.48626626e+00, -2.94533658e+00,  4.69971389e-01,
         1.56384289e+00,  1.42087448e+00, -9.31551695e-01,  1.97654474e+00,
         1.91045880e+00,  7.44420946e-01,  1.07140195e+00,  3.74022436e+00,
         1.00901580e+00,  7.52746105e-01,  1.75596491e-01, -1.42254412e+00,
         2.21969676e+00,  9.37750340e-01,  1.31381714e+00,  1.34525239e+00,
         2.47842836e+00,  7.94053972e-01,  1.04521942e+00, -2.08107829e+00,
         2.09783840e+00,  2.28732872e+00,  1.30409610e+00, -1.63321450e-01,
         1.21863246e+00, -1.55000162e+00,  1.30430484e+00,  2.90784299e-01,
        -1.68990803e+00,  8.39153707e-01,  3.74956010e-03,  1.47326255e+00,
         1.64124775e+00,  1.48927286e-01,  2.56041098e+00,  3.61187220e+00,
         2.67426133e+00, -5.88229895e-01,  1.19254863e+00,  2.92818952e+00,
        -9.69070911e-01, -1.24186516e+00,  2.57402062e+00, -2.14869678e-01,
        -1.15913785e+00,  2.13133216e+00,  4.44313735e-01,  1.23027110e+00,
         3.71248889e+00,  9.26903129e-01, -2.50151157e+00,  3.50166768e-01,
         2.38531065e+00, -2.98705429e-01, -3.56039256e-02,  3.29486370e-01,
        -1.15001309e+00,  5.78425586e-01, -8.52568567e-01,  4.06646609e-01,
         2.62531948e+00, -1.98125935e+00, -5.10005295e-01,  7.46170342e-01,
         2.39255047e+00, -1.13342404e+00,  2.32174468e+00,  3.12564731e+00,
        -7.35567033e-01,  6.34571537e-02, -1.40041685e+00,  1.32473767e+00,
        -1.23815668e+00,  1.79986691e+00,  8.53824094e-02,  2.12201759e-01,
        -6.01499856e-01, -2.17252970e+00,  2.61827278e+00, -5.43541849e-01,
         2.65912580e+00, -9.52420712e-01,  1.77760437e-01, -1.99582607e-01,
        -6.28122807e-01,  1.94258428e+00, -7.67282844e-01, -1.62377417e+00,
        -6.11869097e-01,  1.99072599e+00,  1.17317677e+00, -8.44878197e-01,
        -2.92344749e-01,  1.99375427e+00,  4.29600567e-01,  7.37001121e-01,
         1.91343558e+00,  2.48715878e+00,  5.91919422e-01,  1.70139182e+00,
        -2.60316618e-02,  2.48030156e-01,  3.32927406e-01, -2.16986012e+00,
         2.05497479e+00,  4.95929390e-01, -3.53675818e+00, -8.40555131e-03,
         1.10072327e+00,  6.36647046e-01, -1.44988096e+00,  7.99160302e-01,
         1.86080551e+00,  1.42057166e-01, -1.25740552e+00,  1.08591461e+00,
         2.70434499e+00,  1.26390743e+00,  2.46117771e-01, -1.52702034e+00,
         7.07831681e-01, -1.73832309e+00, -1.07378244e+00,  6.52767837e-01,
         1.21528268e+00,  1.61446512e+00,  6.59860075e-01,  1.77319646e+00,
         6.01315796e-01,  1.37023282e+00,  1.29001188e+00, -1.93841279e-01,
        -6.76991045e-01, -2.15099740e+00,  3.34632546e-01,  5.77110887e-01,
         5.88182211e-01,  9.62230325e-01,  1.85638273e+00,  1.29891992e-01,
        -9.40575421e-01,  8.69060099e-01,  2.04997007e-02, -2.02787548e-01,
         5.03293514e-01,  4.53638613e-01, -1.54969263e+00,  2.49730682e+00,
         1.42695159e-01,  1.37008560e+00, -1.86073613e+00,  7.23662674e-01,
         3.09891671e-01,  4.45613295e-01,  1.65171757e-01, -1.90232801e+00,
        -1.99467108e-01,  1.93140686e+00,  2.36900613e-01, -2.78177947e-01,
         1.98871791e+00,  1.35562134e+00,  6.54262304e-01,  1.58003032e+00,
         2.09336185e+00,  1.96833527e+00,  6.84921563e-01, -1.31067824e+00,
         3.20116729e-01,  2.98169065e+00,  1.77331448e+00, -7.27352977e-01,
        -5.04907906e-01, -9.54162955e-01, -1.53126672e-01,  8.35352421e-01,
         2.87582278e+00,  2.60564399e+00, -1.85022414e+00,  1.63275826e+00,
         1.21660304e+00,  7.22400308e-01,  4.22240853e-01,  1.45059609e+00,
        -9.76406813e-01,  2.22624230e+00, -6.08734846e-01,  2.26867056e+00,
         2.08269668e+00,  1.08706594e+00, -4.43461537e-01, -1.48574814e-01,
         8.07882726e-01,  1.60700381e+00,  1.05466866e+00, -1.26787460e+00,
        -1.87645033e-02, -3.17493901e-02,  2.95546412e+00,  2.03514218e+00,
         2.66935754e+00,  9.84104797e-02,  5.36502227e-02,  4.25946742e-01,
        -1.52273226e+00,  2.93819833e+00, -3.55290949e-01,  1.89130813e-01,
         1.52297688e+00,  7.43107796e-01,  3.31730151e+00,  4.45284009e-01,
         1.04788017e+00,  4.42924321e-01,  1.62170351e+00,  2.30989361e+00,
        -1.20516491e+00, -1.19405639e+00, -5.13085604e-01, -2.44341940e-01,
         1.79964876e+00, -3.49675030e-01,  5.71649194e-01,  3.53681326e-01,
        -1.40805304e+00, -4.65013832e-01,  1.16665816e+00,  2.19713044e+00,
         1.34952533e+00,  2.09433365e+00, -6.98807359e-01,  9.13282275e-01,
         5.51154971e-01, -1.16460669e+00,  2.52815413e+00, -2.42841244e-01,
        -1.49959898e+00, -1.25050962e+00, -9.83536839e-01,  6.25471920e-02,
         1.09392738e+00, -1.40424633e+00,  1.40797198e+00,  1.07836223e+00,
         2.23910642e+00, -2.00920820e+00, -4.12853628e-01,  1.63129449e+00,
        -1.07868016e+00, -3.03414524e-01,  1.27021182e+00, -1.35073185e+00,
        -1.14222139e-01, -2.01096628e-02,  7.36813605e-01, -3.27253819e-01,
         1.69849396e+00,  1.43776741e-02,  3.01546961e-01, -2.68483967e-01,
         3.86342025e+00,  2.28192735e+00,  3.11525035e+00, -1.05671847e+00,
         1.05004656e+00, -1.80100575e-01, -1.10447884e-01,  3.74738622e+00,
         1.32760191e+00, -1.34212136e+00,  1.18843412e+00,  1.88554072e+00,
        -2.67909074e+00, -3.22848141e-01, -1.30527258e-01,  5.76032579e-01,
        -1.14088428e+00,  1.70474303e+00,  3.36721390e-01, -1.08737767e+00,
        -1.73010957e+00, -2.76955581e+00, -1.76171803e+00, -7.56090403e-01,
         1.52127647e+00,  1.78522483e-01, -7.31605351e-01,  3.94386649e-01,
         1.44466257e+00, -6.39247358e-01, -2.29219484e+00,  6.33344769e-01,
         1.24118280e+00,  4.60923702e-01, -4.45346653e-01,  6.49295390e-01,
        -1.49669871e-01,  6.03563786e-01,  1.47930682e+00,  1.80302966e+00,
        -4.67476156e-03,  3.21575189e+00, -3.14652659e-02, -3.56925219e-01,
        -5.91291547e-01,  5.88259161e-01, -9.65506792e-01, -3.86160053e-02,
         4.22381401e+00,  2.07845688e+00,  2.67696285e+00, -4.30588186e-01,
         1.54507411e+00,  2.02158904e+00,  1.10355461e+00,  7.37971842e-01,
         4.99898344e-02,  3.32280338e-01,  1.39532733e+00,  1.04979539e+00,
         5.22984362e+00,  3.71646523e+00,  2.23894548e+00,  3.99819016e-02,
         8.04359913e-01,  3.86977345e-01,  1.07382524e+00,  2.15833092e+00,
        -2.08892894e+00, -1.21100259e+00,  5.33452988e-01, -2.29189897e+00,
         1.06788874e+00, -6.27116621e-01,  1.33067340e-01,  3.58073056e-01,
         9.06159520e-01,  2.40273929e+00, -6.99821636e-02, -8.83188605e-01,
        -2.46361637e+00,  8.42985094e-01, -1.28132260e+00, -1.38513255e+00,
        -1.54276800e+00,  5.44658042e-02, -9.52245533e-01, -1.72158694e+00,
        -9.46096897e-01, -2.44803476e+00, -1.85894775e+00, -1.00346982e+00,
        -1.66696882e+00, -1.39440095e+00, -1.08627427e+00, -7.90475011e-01,
        -7.73023486e-01, -9.32443023e-01, -6.13953955e-02, -5.24417341e-01,
        -2.65262580e+00, -3.43266159e-01, -1.88893545e+00, -1.44261837e+00,
         9.50615644e-01,  6.75123334e-01,  9.83277112e-02, -3.15833926e-01,
        -4.92428213e-01, -1.30180195e-01,  1.02203079e-01, -1.50538945e+00,
        -1.36029792e+00,  2.10393503e-01, -1.04532957e+00, -1.50450325e+00,
        -1.14388633e+00, -1.11184645e+00, -1.38622808e+00, -1.57411659e+00,
        -1.57800794e+00, -1.87961924e+00,  1.37255871e+00, -2.53069401e-01,
         5.07931113e-01,  2.54390299e-01, -1.48780477e+00,  1.48449063e+00,
        -9.36409771e-01, -1.82027328e+00,  1.63164091e+00, -2.51176268e-01,
        -7.59310067e-01,  1.65936187e-01,  3.65663618e-01, -1.72800779e+00,
         6.79526567e-01, -6.77373648e-01, -5.62222779e-01, -1.22166371e+00,
        -8.74465108e-01, -3.35033536e-01, -1.56016660e+00, -4.31898892e-01,
        -6.77682579e-01,  2.60479093e-01, -9.40945625e-01, -1.51284838e+00,
        -1.64232731e+00, -2.50151896e+00, -2.22006655e+00, -1.44562280e+00,
        -1.54497421e+00, -2.56529260e+00, -3.07329774e-01,  1.80453086e+00],
       device='cuda:0')
Clean RHS: tensor([[0.26292497]], device='cuda:0')
Split layers:
Nonlinear functions:
   BoundRelu(name=/66, inputs=[/input], perturbed=True)
   BoundRelu(name=/68, inputs=[/input-4], perturbed=True)
   BoundRelu(name=/71, inputs=[/input-12], perturbed=True)
   BoundRelu(name=/73, inputs=[/input-16], perturbed=True)
   BoundRelu(name=/76, inputs=[/input-24], perturbed=True)
   BoundRelu(name=/78, inputs=[/input-28], perturbed=True)
   BoundRelu(name=/80, inputs=[/input-32], perturbed=True)
   BoundRelu(name=/83, inputs=[/input-40], perturbed=True)
   BoundRelu(name=/85, inputs=[/input-44], perturbed=True)
   BoundRelu(name=/87, inputs=[/input-48], perturbed=True)
   BoundRelu(name=/90, inputs=[/input-56], perturbed=True)
   BoundRelu(name=/92, inputs=[/input-60], perturbed=True)
   BoundRelu(name=/94, inputs=[/input-64], perturbed=True)
   BoundRelu(name=/98, inputs=[/input-68], perturbed=True)
   BoundRelu(name=/101, inputs=[/input-72], perturbed=True)
   BoundRelu(name=/input-8/conv_1_relu, inputs=[/input-8/conv_1], perturbed=True)
   BoundRelu(name=/input-8/conv_3_relu, inputs=[/input-8/conv_3], perturbed=True)
   BoundRelu(name=/input-20/conv_1_relu, inputs=[/input-20/conv_1], perturbed=True)
   BoundRelu(name=/input-20/conv_3_relu, inputs=[/input-20/conv_3], perturbed=True)
   BoundRelu(name=/input-36/conv_1_relu, inputs=[/input-36/conv_1], perturbed=True)
   BoundRelu(name=/input-36/conv_3_relu, inputs=[/input-36/conv_3], perturbed=True)
   BoundRelu(name=/input-52/conv_1_relu, inputs=[/input-52/conv_1], perturbed=True)
   BoundRelu(name=/input-52/conv_3_relu, inputs=[/input-52/conv_3], perturbed=True)
   BoundRelu(name=/95/conv_1_relu, inputs=[/95/conv_1], perturbed=True)
   BoundRelu(name=/95/conv_3_relu, inputs=[/95/conv_3], perturbed=True)
Batched CROWN: node BoundConv(name=/input-4, inputs=[/66, /35, /36], perturbed=True), unstable size 47849
Batched CROWN: node BoundConv(name=/input-8/conv_1, inputs=[/68, /input-8/conv_1_w], perturbed=True), unstable size 60195
Batched CROWN: node BoundConv(name=/input-8/conv_3, inputs=[/input-8/add_1_2, /input-8/conv_3_w], perturbed=True), unstable size 21132
Batched CROWN: node BoundConv(name=/input-12, inputs=[/input-8/add_3_4, /37, /38], perturbed=True), unstable size 478582
Batched CROWN: node BoundConv(name=/input-16, inputs=[/71, /39, /40], perturbed=True), unstable size 1576678
Batched CROWN: node BoundConv(name=/input-20/conv_1, inputs=[/73, /input-20/conv_1_w], perturbed=True), unstable size 23686
Batched CROWN: node BoundConv(name=/input-20/conv_3, inputs=[/input-20/add_1_2, /input-20/conv_3_w], perturbed=True), unstable size 11940
Batched CROWN: node BoundConv(name=/input-24, inputs=[/input-20/add_3_4, /41, /42], perturbed=True), unstable size 383799
Batched CROWN: node BoundConv(name=/input-28, inputs=[/76, /43, /44], perturbed=True), unstable size 797837
Batched CROWN: node BoundConv(name=/input-32, inputs=[/78, /45, /46], perturbed=True), unstable size 144847
Batched CROWN: node BoundConv(name=/input-36/conv_1, inputs=[/80, /input-36/conv_1_w], perturbed=True), unstable size 32670
Batched CROWN: node BoundConv(name=/input-36/conv_3, inputs=[/input-36/add_1_2, /input-36/conv_3_w], perturbed=True), unstable size 18876
Batched CROWN: node BoundConv(name=/input-40, inputs=[/input-36/add_3_4, /47, /48], perturbed=True), unstable size 318065
Batched CROWN: node BoundConv(name=/input-44, inputs=[/83, /49, /50], perturbed=True), unstable size 295296
Batched CROWN: node BoundConv(name=/input-48, inputs=[/85, /51, /52], perturbed=True), unstable size 173672
Batched CROWN: node BoundConv(name=/input-52/conv_1, inputs=[/87, /input-52/conv_1_w], perturbed=True), unstable size 7438
Batched CROWN: node BoundConv(name=/input-52/conv_3, inputs=[/input-52/add_1_2, /input-52/conv_3_w], perturbed=True), unstable size 4714
Batched CROWN: node BoundConv(name=/input-56, inputs=[/input-52/add_3_4, /53, /54], perturbed=True), unstable size 95405
Batched CROWN: node BoundConv(name=/input-60, inputs=[/90, /55, /56], perturbed=True), unstable size 99208
Batched CROWN: node BoundConv(name=/input-64, inputs=[/92, /57, /58], perturbed=True), unstable size 99130
Batched CROWN: node BoundConv(name=/95/conv_1, inputs=[/94, /95/conv_1_w], perturbed=True), unstable size 44527
Batched CROWN: node BoundConv(name=/95/conv_3, inputs=[/95/add_1_2, /95/conv_3_w], perturbed=True), unstable size 23381
Batched CROWN: node BoundLinear(name=/input-68, inputs=[/96, /59, /60], perturbed=True), unstable size 4096
Batched CROWN: node BoundLinear(name=/input-72, inputs=[/99, /61, /62], perturbed=True), unstable size 4096
initial crown bounds: tensor([[-714062.93750000]], device='cuda:0')
Number of class (without rhs): 1 ; Worst class: (+ rhs) -714062.9375
Iteration 1
Adv attack time: 1.4911s
Batch size: 1
Current pickout batch: 1, total pickout batch: 1
Batched CROWN: node BoundConv(name=/input-4, inputs=[/66, /35, /36], perturbed=True), unstable size 47849
Batched CROWN: node BoundConv(name=/input-8/conv_1, inputs=[/68, /input-8/conv_1_w], perturbed=True), unstable size 60195
Batched CROWN: node BoundConv(name=/input-8/conv_3, inputs=[/input-8/add_1_2, /input-8/conv_3_w], perturbed=True), unstable size 21132
Batched CROWN: node BoundConv(name=/input-12, inputs=[/input-8/add_3_4, /37, /38], perturbed=True), unstable size 478582
Batched CROWN: node BoundConv(name=/input-16, inputs=[/71, /39, /40], perturbed=True), unstable size 1576677
Batched CROWN: node BoundConv(name=/input-20/conv_1, inputs=[/73, /input-20/conv_1_w], perturbed=True), unstable size 23686
Batched CROWN: node BoundConv(name=/input-20/conv_3, inputs=[/input-20/add_1_2, /input-20/conv_3_w], perturbed=True), unstable size 11941
Batched CROWN: node BoundConv(name=/input-24, inputs=[/input-20/add_3_4, /41, /42], perturbed=True), unstable size 383810
Batched CROWN: node BoundConv(name=/input-28, inputs=[/76, /43, /44], perturbed=True), unstable size 797836
Batched CROWN: node BoundConv(name=/input-32, inputs=[/78, /45, /46], perturbed=True), unstable size 144847
Batched CROWN: node BoundConv(name=/input-36/conv_1, inputs=[/80, /input-36/conv_1_w], perturbed=True), unstable size 32670
Batched CROWN: node BoundConv(name=/input-36/conv_3, inputs=[/input-36/add_1_2, /input-36/conv_3_w], perturbed=True), unstable size 18875
Batched CROWN: node BoundConv(name=/input-40, inputs=[/input-36/add_3_4, /47, /48], perturbed=True), unstable size 318073
Batched CROWN: node BoundConv(name=/input-44, inputs=[/83, /49, /50], perturbed=True), unstable size 295305
Batched CROWN: node BoundConv(name=/input-48, inputs=[/85, /51, /52], perturbed=True), unstable size 173648
Batched CROWN: node BoundConv(name=/input-52/conv_1, inputs=[/87, /input-52/conv_1_w], perturbed=True), unstable size 7438
Batched CROWN: node BoundConv(name=/input-52/conv_3, inputs=[/input-52/add_1_2, /input-52/conv_3_w], perturbed=True), unstable size 4714
Batched CROWN: node BoundConv(name=/input-56, inputs=[/input-52/add_3_4, /53, /54], perturbed=True), unstable size 95405
Batched CROWN: node BoundConv(name=/input-60, inputs=[/90, /55, /56], perturbed=True), unstable size 99208
Batched CROWN: node BoundConv(name=/input-64, inputs=[/92, /57, /58], perturbed=True), unstable size 99130
Batched CROWN: node BoundConv(name=/95/conv_1, inputs=[/94, /95/conv_1_w], perturbed=True), unstable size 44527
Batched CROWN: node BoundConv(name=/95/conv_3, inputs=[/95/add_1_2, /95/conv_3_w], perturbed=True), unstable size 23381
Batched CROWN: node BoundLinear(name=/input-68, inputs=[/96, /59, /60], perturbed=True), unstable size 4096
Batched CROWN: node BoundLinear(name=/input-72, inputs=[/99, /61, /62], perturbed=True), unstable size 4096
Worst bound: tensor([-714061.43750000], device='cuda:0')
Current (lb-rhs): -714061.4375
Total time: 2598.4236  pickout: 0.0004  split: 0.0010  decision: 0.0003  bounding: 2598.4202  clipping: 0.0000  add_domain: 0.0016  rest: 0.0001
Length of domains: 2
3 branch and bound domains visited
Time out!
Result: timeout
Time: 3952.886791944504
[rank 0] === Checking instance ID 272 ===
[rank 0] >>> Running ID=272 onnx=onnx/vgg16-7.onnx
Configurations:

general:
  device: cuda
  seed: 100
  conv_mode: patches
  deterministic: false
  double_fp: false
  loss_reduction_func: max
  sparse_alpha: true
  sparse_interm: true
  save_adv_example: false
  verify_onnxruntime_output: false
  eval_adv_example: false
  show_adv_example: false
  precompile_jit: false
  prepare_only: false
  complete_verifier: bab
  enable_incomplete_verification: false
  csv_name: instances.csv
  results_file: results/vggnet16_all_p_2/result_272.rank0.txt
  root_path: ../../vnncomp2023_benchmarks/benchmarks/vggnet16
  deterministic_opt: false
  graph_optimizer: 'Customized("custom_graph_optimizer", "maxpool_to_relu")'
  buffer_has_batchdim: false
  save_output: false
  output_file: out.pkl
  return_optimized_model: false
  output_additional_stats: true
  instance_id: 272
  dataset_output_dir: dataset
  min_stable_neurons_ratio_threshold: 0.0
model:
  name: null
  path: null
  onnx_path: /projects/air/dlverifier/vggnet16_all/onnx/vgg16-7.onnx
  onnx_path_prefix: ''
  cache_onnx_conversion: true
  debug_onnx: false
  onnx_quirks: null
  input_shape: null
  onnx_loader: default_onnx_and_vnnlib_loader
  onnx_optimization_flags: []
  onnx_vnnlib_joint_optimization_flags: none
  check_optimized: false
  flatten_final_output: false
  optimize_graph: null
  with_jacobian: false
data:
  start: 0
  end: 10000
  select_instance: null
  num_outputs: 1000
  mean: 0.0
  std: 1.0
  pkl_path: null
  dataset: null
  data_filter_path: null
  data_idx_file: null
specification:
  type: lp
  robustness_type: verified-acc
  norm: .inf
  epsilon: null
  epsilon_min: 0.0
  vnnlib_path: /projects/air/dlverifier/vggnet16_all/vnnlib/n01742172_boa_constrictor_fix_mask_seg0_k50176_eps_0.0002.vnnlib
  vnnlib_path_prefix: ''
  rhs_offset: null
solver:
  batch_size: 1
  auto_enlarge_batch_size: false
  min_batch_size_ratio: 0.1
  use_float64_in_last_iteration: false
  early_stop_patience: 10
  start_save_best: 0.5
  bound_prop_method: forward+backward
  init_bound_prop_method: same
  prune_after_crown: false
  optimize_disjuncts_separately: false
  crown:
    batch_size: 16
    max_crown_size: 1000000000
    relu_option: adaptive
  alpha-crown:
    alpha: true
    lr_alpha: 0.1
    iteration: 100
    share_alphas: false
    lr_decay: 0.98
    full_conv_alpha: true
    max_coeff_mul: .inf
    matmul_share_alphas: false
    disable_optimization: []
    max_time: 1.0
  invprop:
    apply_output_constraints_to: []
    tighten_input_bounds: false
    best_of_oc_and_no_oc: false
    directly_optimize: []
    oc_lr: 0.1
    share_gammas: false
  beta-crown:
    lr_alpha: 0.01
    lr_beta: 0.05
    lr_decay: 0.98
    optimizer: adam
    iteration: 10
    beta: true
    beta_warmup: true
    enable_opt_interm_bounds: false
    all_node_split_LP: false
  forward:
    refine: false
    dynamic: true
    max_dim: 100
    reset_threshold: 1.0
  intermediate_refinement:
    enabled: false
    batch_size: 10
    opt_coeffs: false
    opt_bias: false
    lr: 0.05
    layers: [-1]
    max_domains: 1000
  multi_class:
    label_batch_size: 32
    skip_with_refined_bound: true
  mip:
    unstable_neuron_threshold: 0
    parallel_solvers: null
    solver_threads: 1
    refine_neuron_timeout: 15
    refine_neuron_time_percentage: 0.8
    early_stop: true
    adv_warmup: true
    mip_solver: gurobi
    skip_unsafe: false
    topk_filter: 1.0
    sliding_window: -1
    extra_constraint: false
    refine_neuron_timeout_increasement: 0
    timeout_neuron_percentage: 0.3
    remaining_timeout_threshold: 1
    remove_unstable_neurons: true
    lp_solver: false
bab:
  initial_max_domains: 1
  backing_up_max_domain: null
  max_domains: .inf
  decision_thresh: 0
  timeout: 1200.0
  timeout_scale: 1
  max_iterations: -1
  override_timeout: null
  get_upper_bound: false
  pruning_in_iteration: true
  pruning_in_iteration_ratio: 0.2
  sort_targets: false
  batched_domain_list: true
  optimized_interm: ''
  interm_transfer: true
  recompute_interm: false
  sort_domain_interval: -1
  vanilla_crown: false
  tree_traversal: depth_first
  cut:
    enabled: false
    cuts_path: /tmp/abcrown_cuts
    implication: false
    bab_cut: false
    lp_cut: false
    method: null
    lr: 0.01
    lr_decay: 1.0
    iteration: 100
    bab_iteration: -1
    early_stop_patience: -1
    lr_beta: 0.02
    number_cuts: 50
    topk_cuts_in_filter: 1000
    batch_size_primal: 100
    max_num: 1000000000
    patches_cut: false
    cplex_cuts: false
    cplex_cuts_wait: 0
    cplex_cuts_revpickup: true
    cut_reference_bounds: true
    fix_intermediate_bounds: false
    _tmp_cuts: null
    fixed_cuts: false
    add_implied_cuts: false
    add_input_cuts: false
    biccos:
      enabled: false
      constraint_strengthening: true
      recursively_strengthening: false
      drop_ratio: 0.5
      verified_bonus: 0.3
      max_infer_iter: 20
      heuristic: neuron_influence_score
      save_biccos_cuts: false
      multi_tree_branching:
        enabled: false
        restore_best_tree: false
        keep_n_best_domains: 1
        k_splits: 1
        iterations: 1
  branching:
    method: sb
    candidates: 3
    reduceop: min
    enable_intermediate_bound_opt: false
    branching_input_and_activation: false
    branching_input_and_activation_order: [input, relu]
    branching_input_iterations: 30
    branching_relu_iterations: 50
    gnn_path: ''
    neural_heuristic:
      model_path: ''
    rl:
      experiment: general
      eval: false
      extras: []
      logging:
        color: true
        debug: true
        file: rl-experiment.log
      pnet:
        gH: 64
        tH: 64
        nheads: 64
        nlayers: 64
        useDynamicGraph: true
        bidirectional: false
        GAT: true
      training:
        gamma: 0.99
        lr: 0.001
        batchSize: 8
        loop: 8
        totalEpochs: 10
        updatePolicyFrequency: 10
        updateTargetFrequency: 10
        buffer: buffer.pkl
        preparedBuffer: 'False'
        TestingPreparedBuffer: false
        scriptTraining: false
        policynet: policy-checkpoint.pt
        targetnet: target-checkpoint.pt
        datasetShuffle: true
        targetedData: all
        splitRatio: 0.8
        maxInstances: -1
        trainingMode: full
        reward:
          norm: null
          bonus: 10.0
          penalty: -1.0
      egreedy:
        epsilon: 0.1
        epsilonDecay: 0.1
        minEpsilon: 0.1
        ePath: epsilon.pt
        enabled: true
      expert:
        useExpertUntilEpisode: 0.1
        enabled: true
        learnToImitateExpertEpochs: 10
    nonlinear_split:
      method: shortcut
      branching_point_method: uniform
      num_branches: 2
      filter: false
      filter_beta: false
      filter_clamp: false
      filter_batch_size: 10000
      filter_iterations: 25
      relu_only: false
      loose_tanh_threshold: null
      dynamic_bbps: false
      dynamic_options: [uniform, three_left, three_right]
      branching_point_node: ''
      branching_point_db: []
    input_split:
      enable_clip_domains: false
      split_hint: null
      reorder_bab: false
      enable: true
      enhanced_bound_prop_method: alpha-crown
      enhanced_branching_method: naive
      enhanced_bound_patience: 100000000.0
      attack_patience: 100000000.0
      adv_check: 0
      split_partitions: 2
      sb_margin_weight: 1.0
      sb_sum: false
      sb_primary_spec: null
      bf_backup_thresh: -1
      bf_rhs_offset: 0
      bf_iters: 1000000000.0
      bf_batch_size: 100000
      bf_zero_crossing_score: false
      touch_zero_score: 0
      ibp_enhancement: false
      catch_assertion: false
      compare_with_old_bounds: false
      update_rhs_with_attack: false
      sb_coeff_thresh: 0.001
      sort_index: null
      sort_descending: true
      show_progress: false
      presplit_domains: null
      skip_getting_worst_domain: false
  attack:
    enabled: false
    beam_candidates: 8
    beam_depth: 7
    max_dive_fix_ratio: 0.8
    min_local_free_ratio: 0.2
    mip_start_iteration: 5
    mip_timeout: 30.0
    adv_pool_threshold: null
    refined_mip_attacker: false
    refined_batch_size: null
attack:
  pgd_order: input_bab
  pgd_steps: 100
  pgd_restarts: 30
  pgd_batch_size: 100000000
  pgd_early_stop: true
  pgd_lr_decay: 0.99
  pgd_alpha: auto
  pgd_alpha_scale: false
  pgd_loss_mode: null
  pgd_restart_when_stuck: false
  enable_mip_attack: false
  adv_saver: default_adv_saver
  adv_verifier: default_adv_verifier
  early_stop_condition: default_early_stop_condition
  adv_example_finalizer: default_adv_example_finalizer
  pgd_loss: default_pgd_loss
  cex_path: ./test_cex.txt
  attack_mode: PGD
  attack_tolerance: 0.0
  attack_func: attack_with_general_specs
  gama_lambda: 10.0
  gama_decay: 0.9
  check_clean: true
  input_split:
    pgd_steps: 100
    pgd_restarts: 30
    pgd_alpha: auto
  input_split_enhanced:
    pgd_steps: 200
    pgd_restarts: 500000
    pgd_alpha: auto
  input_split_check_adv:
    enabled: auto
    pgd_steps: 5
    pgd_restarts: 5
    pgd_alpha: auto
    max_num_domains: 10
debug:
  sanity_check: Full+Graph
  view_model: false
  lp_test: null
  rescale_vnnlib_ptb: null
  test_optimized_bounds: false
  test_optimized_bounds_after_n_iterations: 0
  print_verbose_decisions: false

Experiments at Thu Feb 19 07:23:14 2026 on d1029
Internal results will be saved to results/vggnet16_all_p_2/result_272.rank0.txt.

[ZRL] %%%%%%%%%%%%%%%%%%%%%%%%%%%%%%%%%%% idx: 0, vnnlib ID: 0 %%%%%%%%%%%%%%%%%%%%%%%%%%%%%%%%%%%
Using onnx /projects/air/dlverifier/vggnet16_all/onnx/vgg16-7.onnx
Using vnnlib /projects/air/dlverifier/vggnet16_all/vnnlib/n01742172_boa_constrictor_fix_mask_seg0_k50176_eps_0.0002.vnnlib
150528 inputs and 1000 outputs in vnnlib
Loading cached onnx model from /projects/air/dlverifier/vggnet16_all/onnx/vgg16-7.onnx.cached
Cannot read cached onnx file. Regenerating...
Loading onnx /projects/air/dlverifier/vggnet16_all/onnx/vgg16-7.onnx with quirks {}
Finished onnx model loading in 35.9473 seconds
Number of perturbed inputs: 29853
WARNING: prioritizing attack due to too many perturbed pixels on VGG
Setting arguments.Config["attack"]["pgd_order"] to "before"
Setting bound_prop_method to crown
Attack parameters: initialization=uniform, steps=100, restarts=30, alpha=5.000084638595581e-05, initialization=uniform, GAMA=False
Model output of first 5 examples:
 tensor([[-8.83861125e-01,  7.65109003e-01, -1.03670418e+00, -5.18855810e-01,
         -9.20036077e-01,  1.77688509e-01, -1.67549700e-01, -1.53181148e+00,
         -1.61198354e+00, -7.96385705e-01, -3.21741372e-01,  2.19483227e-02,
         -1.98014364e-01, -4.45543259e-01, -2.40268081e-01,  1.16640307e-01,
         -4.62420315e-01, -1.37196994e+00, -6.00134552e-01, -3.09629470e-01,
         -6.81195438e-01,  6.53523684e-01,  4.39475209e-01, -6.39646828e-01,
          2.99384624e-01, -8.27441931e-01,  5.03377020e-01, -3.92964959e-01,
         -1.06774807e+00,  2.94120520e-01, -1.91947830e+00,  3.81442338e-01,
         -8.01764607e-01, -1.56418335e+00, -1.00207245e+00, -1.76815760e+00,
         -4.78496343e-01, -2.02370644e+00,  7.73566246e-01, -1.13321340e+00,
          6.34478569e-01, -6.36172593e-01, -3.49652648e-01, -1.87705278e-01,
          1.61001846e-01, -4.53712136e-01,  6.73942924e-01, -1.95269749e-01,
         -1.69006789e+00, -7.29172111e-01, -2.36765727e-01, -1.75033307e+00,
          2.08973974e-01,  1.47309989e-01, -6.17469549e-01, -9.46843743e-01,
         -5.79623342e-01, -1.76299870e+00, -2.54331321e-01,  8.24398547e-02,
         -6.73986599e-02, -8.59578729e-01, -1.12250400e+00,  3.91176254e-01,
          3.55827451e-01, -6.46945119e-01, -1.93459272e-01, -4.78412986e-01,
         -4.42893445e-01, -3.10974866e-01,  1.03095829e+00,  7.93504894e-01,
          4.37597334e-01,  1.95507050e+00,  6.96392238e-01,  1.83422577e+00,
          6.20268524e-01,  2.26247430e+00,  2.19589567e+00,  1.72936976e+00,
          4.59145188e-01, -1.00656915e+00, -4.77165580e-01, -3.21638465e-01,
         -9.96839106e-01, -2.79009551e-01, -1.23782170e+00,  3.85062546e-01,
         -3.49538058e-01, -1.08945489e+00, -1.00193858e+00, -1.22486234e+00,
          5.28592408e-01, -8.65901113e-01,  2.14594483e-01, -9.67579126e-01,
         -1.10158317e-01, -1.71217752e+00, -3.44817698e-01, -1.01399171e+00,
         -1.72523230e-01, -1.27494657e+00, -1.79331243e+00,  3.15316945e-01,
         -7.62393177e-01, -2.01552105e+00, -1.14138770e+00, -1.10527372e+00,
         -1.40710986e+00, -1.74554467e+00, -4.74064499e-01,  3.33664298e+00,
          1.03388980e-01,  1.75657481e-01,  3.36023271e-01, -1.66438520e+00,
         -9.98845458e-01,  4.21406984e-01, -1.59123743e+00, -1.52132988e+00,
         -1.38156199e+00, -1.96247911e+00, -1.64173257e+00, -2.40897226e+00,
         -1.54817557e+00, -1.56106651e+00,  7.99203455e-01, -1.01663597e-01,
          8.14036250e-01,  2.34047174e-01, -7.58613348e-01, -1.04898667e+00,
          2.74201870e-01, -4.56530213e-01, -5.98569870e-01, -6.45451725e-01,
         -1.44181812e+00, -6.39662206e-01,  1.60838082e-01, -1.42099619e+00,
         -1.72642970e+00, -6.59167245e-02, -7.27353096e-01, -1.03101349e+00,
         -7.72524595e-01, -7.12766469e-01, -1.64489150e-01,  2.70774335e-01,
         -1.09777637e-01, -1.51505157e-01, -1.57612467e+00,  8.14866066e-01,
         -5.54787457e-01,  9.27070081e-01,  4.20355797e-01, -2.43962809e-01,
         -5.57120979e-01,  8.33251104e-02, -4.80606705e-01, -8.64071965e-01,
         -7.64983892e-01, -1.30380809e-01,  3.52285326e-01, -5.13981700e-01,
         -5.39550781e-01, -8.63716483e-01, -8.28381717e-01, -9.50290442e-01,
         -1.77878290e-01, -5.72037816e-01, -4.36195523e-01, -1.74695879e-01,
         -1.30355823e+00, -1.78724065e-01, -2.24165320e-01, -5.03555357e-01,
         -1.44812012e+00, -4.41281229e-01,  1.42181873e-01, -1.05930221e+00,
         -1.25978148e+00,  7.16002882e-02,  9.43464115e-02, -4.84636649e-02,
          3.43448967e-01,  1.02853984e-01,  2.49774858e-01,  6.94471300e-01,
         -1.56613514e-01, -1.14866160e-01,  4.31735128e-01,  4.58364487e-01,
         -1.89342290e-01,  1.01400323e-01, -3.21916997e-01,  7.94857502e-01,
          5.28563857e-02, -6.84791505e-01, -8.74610722e-01,  8.55336308e-01,
         -4.88905400e-01, -5.66784978e-01,  1.32874608e-01,  8.36968958e-01,
         -3.96777615e-02, -1.15822637e+00, -1.16616845e+00, -4.62721378e-01,
         -6.75731838e-01, -5.46848595e-01, -1.16482723e+00, -3.32242876e-01,
         -2.82587826e-01, -9.17762339e-01, -6.60437882e-01, -8.54523718e-01,
         -5.30924201e-01, -2.47131616e-01, -7.01587319e-01, -2.63013273e-01,
         -1.04507017e+00, -1.47229865e-01, -5.26846707e-01,  6.96388066e-01,
          1.67520776e-01, -9.11747575e-01, -9.83474374e-01, -8.18424284e-01,
         -7.03947783e-01,  7.91534126e-01, -3.39892119e-01, -2.51201957e-01,
         -1.00857699e+00, -6.83305562e-01, -5.43984056e-01, -2.49442346e-02,
         -4.94496047e-01,  9.66744646e-02, -1.17923021e+00, -1.57356322e-01,
         -7.35718131e-01, -9.93408680e-01, -2.46455997e-01, -1.31377137e+00,
         -1.20376575e+00,  1.01003170e-01, -1.11258423e+00, -7.23447442e-01,
          5.79217002e-02, -1.29940622e-02, -7.41129816e-02, -9.13336456e-01,
          3.34667176e-01, -1.15684986e-01,  7.30536282e-01, -1.79565740e+00,
         -9.39703941e-01,  2.24859089e-01,  7.36771703e-01,  8.94043624e-01,
          5.22360384e-01, -2.13071033e-02, -8.49382997e-01, -2.79924840e-01,
         -5.76904714e-01,  6.99728847e-01, -6.50584102e-02, -5.73544025e-01,
         -1.05630445e+00,  3.92710388e-01,  6.58116817e-01, -2.01054513e-01,
          6.42743111e-01,  3.35000902e-01, -3.12052757e-01,  4.62328903e-02,
         -5.96731994e-03,  4.20348853e-01, -1.72444791e-01,  9.68812108e-01,
          3.91531348e-01,  1.62210810e+00,  1.82098413e+00,  2.56471825e+00,
          2.19488454e+00,  1.37543821e+00, -8.60707581e-01,  4.36096191e-01,
         -5.42680562e-01, -8.86598706e-01, -1.09738100e+00, -6.00405097e-01,
         -1.23913407e+00,  4.27101076e-01, -1.30012226e+00, -1.23113596e+00,
         -3.12453747e-01, -1.08710217e+00, -4.27499950e-01,  2.80357003e-01,
         -9.23570514e-01,  7.80289471e-01,  3.62024575e-01,  1.93148226e-01,
         -7.44553506e-01, -1.39570844e+00,  5.15819602e-02,  6.76796854e-01,
          1.04497313e+00, -9.44639206e-01,  1.21331263e+00,  8.66158962e-01,
          2.16878280e-01,  1.48243439e+00,  1.61105156e+00,  6.12544119e-01,
          4.62907225e-01, -9.08759177e-01,  2.09206176e+00,  1.32692170e+00,
          6.51917815e-01, -1.66666865e+00, -1.01571965e+00, -1.16153514e+00,
         -1.20713174e+00, -1.76697040e+00, -1.50391233e+00, -7.08265789e-03,
         -1.67285466e+00, -2.01307893e+00,  2.30986983e-01,  6.65951669e-01,
          1.89917648e+00, -4.78061020e-01, -8.40274453e-01, -5.53147078e-01,
         -1.81989503e+00, -4.38300580e-01, -7.96603799e-01, -1.93348610e+00,
         -1.30731046e+00, -1.59544683e+00, -1.83970046e+00, -1.64528310e+00,
         -1.86995935e+00, -1.81167459e+00, -2.11795878e+00, -1.01075256e+00,
         -2.80911684e+00, -1.65799117e+00, -1.22282577e+00, -7.39392757e-01,
         -1.11080682e+00, -6.68467343e-01, -6.26219749e-01, -1.62957621e+00,
          1.84070975e-01, -2.10894451e-01,  1.32193536e-01,  5.39857090e-01,
         -7.97894180e-01,  3.44588518e-01,  1.21176764e-01, -3.68825018e-01,
         -1.39712083e+00, -6.41816974e-01, -6.71467543e-01, -7.91496456e-01,
         -4.12656635e-01, -9.10013795e-01, -4.56731379e-01, -1.08408070e+00,
         -3.98288250e-01, -5.68557084e-01, -2.29799628e-01, -1.29466379e+00,
         -4.23447043e-01, -9.80169550e-02, -4.57328975e-01, -1.31499791e+00,
          9.06392112e-02, -1.13379371e+00, -6.16697013e-01, -3.49085599e-01,
         -5.65287232e-01, -7.05079794e-01, -1.18871641e+00, -1.64213371e+00,
         -1.90326476e+00, -1.93701535e-01, -1.37913918e+00, -4.46102738e-01,
         -8.13867569e-01, -2.38495564e+00, -1.31646049e+00,  2.47158468e-01,
         -2.21408010e+00, -1.62895751e+00, -1.11428484e-01,  1.20123315e+00,
         -7.13138759e-01, -5.55840611e-01,  1.09830749e+00, -3.66365761e-01,
         -8.81266296e-02,  1.14813673e+00, -8.95097077e-01, -1.04364288e+00,
         -2.21434021e+00,  2.81127214e+00, -1.84381294e+00,  1.06445611e+00,
          4.45238918e-01,  9.65904117e-01,  7.57272840e-01, -2.42623854e+00,
          1.50521123e+00,  5.02372622e-01,  2.79434323e+00,  2.37422419e+00,
          6.32873476e-01,  5.41898668e-01, -2.05023259e-01, -6.82294309e-01,
         -1.41419852e+00, -2.03564242e-01,  1.56433260e+00, -7.55022287e-01,
         -8.36480319e-01, -2.06770793e-01, -6.51654959e-01, -3.04431785e-02,
          1.09229457e+00,  3.79814029e-01,  1.54637873e+00,  1.55408108e+00,
         -1.33360386e+00,  5.31138420e-01,  1.52553046e+00,  3.23153973e-01,
          2.16826797e-02,  1.46907783e+00,  1.93143427e-01,  2.05746698e+00,
         -1.06476784e+00, -2.50383705e-01,  3.70504475e+00, -2.40818053e-01,
         -3.16339791e-01, -7.40456820e-01, -1.25899827e+00,  1.70852435e+00,
          3.61253917e-01,  6.49519265e-01, -1.88472116e+00,  2.12936960e-02,
          1.65211439e-01,  1.41372979e+00, -4.16836441e-01,  1.00150442e+00,
         -1.17750263e+00,  6.72742546e-01,  2.66491413e+00, -4.21690047e-01,
          1.44893038e+00,  1.85465503e+00, -9.21929717e-01, -2.67107201e+00,
         -6.89529538e-01,  1.87246069e-01,  2.03653336e+00, -1.06719971e+00,
         -1.25573099e+00,  1.67995512e+00, -1.11927867e-01,  9.30136815e-03,
         -2.16780996e+00, -2.35809207e-01,  8.05712938e-01, -1.43592370e+00,
          1.90760601e+00,  1.22422397e+00,  7.11450934e-01, -1.03549790e+00,
         -3.28443587e-01,  1.52513790e+00,  5.03782511e-01,  2.57358265e+00,
          2.68293917e-01,  3.63897830e-02,  1.44284880e+00, -6.08963370e-01,
          1.22047234e+00,  1.36193156e+00,  1.03729022e+00,  2.65509754e-01,
          1.02353311e+00,  2.43967474e-01, -4.60037470e-01,  3.06317186e+00,
         -2.17784762e+00,  5.87742865e-01, -8.00704181e-01,  9.47063446e-01,
          4.75893468e-01,  4.40620929e-01, -1.46940851e+00,  1.59128511e+00,
          1.36877894e+00, -3.37089396e+00, -6.83072507e-01, -1.08471918e+00,
          1.39883471e+00, -1.05332971e-01,  5.65285742e-01, -4.32146713e-02,
         -6.70019388e-01,  9.11948621e-01, -2.33213842e-01, -1.26048699e-01,
          8.75937045e-02, -7.07591698e-03, -1.65201950e+00, -3.06223799e-03,
          6.30506724e-02, -1.27938235e+00,  6.01554513e-01,  1.73120308e+00,
         -1.25148237e-01,  1.06763653e-03,  2.36500335e+00,  8.79594564e-01,
          5.66457570e-01,  4.03919637e-01,  3.40654182e+00, -1.93360758e+00,
         -1.41453969e+00, -1.08754814e+00, -2.37579554e-01,  2.24214816e+00,
          8.26426208e-01, -8.31568241e-01,  1.80107355e+00, -9.63334441e-02,
         -1.31089520e+00,  1.20241129e+00,  4.08885509e-01, -2.39609814e+00,
          7.30219722e-01,  3.45001101e+00, -6.34039044e-01,  5.34128010e-01,
          1.44072771e+00,  2.38359642e+00,  4.25462574e-01, -1.34442961e+00,
          4.87056637e+00,  9.19492126e-01,  1.22559512e+00,  1.11078966e+00,
         -1.38842618e+00, -9.58455443e-01,  1.12157357e+00,  1.82132471e+00,
         -3.77365686e-02, -4.31687981e-01, -8.32789660e-01,  3.52872342e-01,
          2.83439606e-01, -2.49858618e+00,  6.39875084e-02, -1.38145888e+00,
          1.15982020e+00, -1.71807063e+00,  5.05890548e-01, -1.68097115e+00,
         -1.55005002e+00,  8.80966783e-01,  5.44028819e-01,  1.00315727e-01,
         -9.21851158e-01, -1.48626661e+00, -2.94533682e+00,  4.69971657e-01,
          1.56384313e+00,  1.42087495e+00, -9.31551933e-01,  1.97654498e+00,
          1.91045904e+00,  7.44421363e-01,  1.07140219e+00,  3.74022436e+00,
          1.00901616e+00,  7.52746046e-01,  1.75596610e-01, -1.42254424e+00,
          2.21969724e+00,  9.37750459e-01,  1.31381726e+00,  1.34525239e+00,
          2.47842884e+00,  7.94054091e-01,  1.04521942e+00, -2.08107829e+00,
          2.09783840e+00,  2.28732920e+00,  1.30409670e+00, -1.63321808e-01,
          1.21863270e+00, -1.55000198e+00,  1.30430508e+00,  2.90784568e-01,
         -1.68990815e+00,  8.39154243e-01,  3.74953775e-03,  1.47326291e+00,
          1.64124775e+00,  1.48927316e-01,  2.56041121e+00,  3.61187220e+00,
          2.67426181e+00, -5.88229716e-01,  1.19254863e+00,  2.92818975e+00,
         -9.69070911e-01, -1.24186504e+00,  2.57402062e+00, -2.14869991e-01,
         -1.15913773e+00,  2.13133216e+00,  4.44313794e-01,  1.23027134e+00,
          3.71248913e+00,  9.26903367e-01, -2.50151205e+00,  3.50167274e-01,
          2.38531065e+00, -2.98705339e-01, -3.56037840e-02,  3.29486459e-01,
         -1.15001297e+00,  5.78425705e-01, -8.52568626e-01,  4.06646550e-01,
          2.62531948e+00, -1.98125935e+00, -5.10005176e-01,  7.46170938e-01,
          2.39255071e+00, -1.13342404e+00,  2.32174492e+00,  3.12564731e+00,
         -7.35567272e-01,  6.34574443e-02, -1.40041721e+00,  1.32473791e+00,
         -1.23815668e+00,  1.79986715e+00,  8.53824615e-02,  2.12201938e-01,
         -6.01500154e-01, -2.17253017e+00,  2.61827326e+00, -5.43542087e-01,
          2.65912628e+00, -9.52420950e-01,  1.77760497e-01, -1.99582621e-01,
         -6.28123045e-01,  1.94258416e+00, -7.67282963e-01, -1.62377429e+00,
         -6.11869276e-01,  1.99072659e+00,  1.17317688e+00, -8.44878316e-01,
         -2.92344749e-01,  1.99375427e+00,  4.29600686e-01,  7.37001240e-01,
          1.91343594e+00,  2.48715925e+00,  5.91919720e-01,  1.70139205e+00,
         -2.60316022e-02,  2.48030141e-01,  3.32927734e-01, -2.16986036e+00,
          2.05497479e+00,  4.95929629e-01, -3.53675818e+00, -8.40552151e-03,
          1.10072351e+00,  6.36647046e-01, -1.44988084e+00,  7.99160182e-01,
          1.86080563e+00,  1.42057419e-01, -1.25740576e+00,  1.08591461e+00,
          2.70434523e+00,  1.26390731e+00,  2.46117711e-01, -1.52702081e+00,
          7.07831562e-01, -1.73832333e+00, -1.07378244e+00,  6.52767777e-01,
          1.21528316e+00,  1.61446536e+00,  6.59860253e-01,  1.77319670e+00,
          6.01316035e-01,  1.37023330e+00,  1.29001224e+00, -1.93841249e-01,
         -6.76991224e-01, -2.15099764e+00,  3.34632546e-01,  5.77110887e-01,
          5.88182211e-01,  9.62230027e-01,  1.85638309e+00,  1.29891962e-01,
         -9.40575480e-01,  8.69060218e-01,  2.04998981e-02, -2.02787802e-01,
          5.03293514e-01,  4.53639030e-01, -1.54969275e+00,  2.49730730e+00,
          1.42695233e-01,  1.37008607e+00, -1.86073649e+00,  7.23662853e-01,
          3.09891701e-01,  4.45613295e-01,  1.65172055e-01, -1.90232778e+00,
         -1.99466854e-01,  1.93140721e+00,  2.36900911e-01, -2.78178155e-01,
          1.98871791e+00,  1.35562158e+00,  6.54262483e-01,  1.58003056e+00,
          2.09336233e+00,  1.96833551e+00,  6.84921563e-01, -1.31067836e+00,
          3.20117027e-01,  2.98169088e+00,  1.77331495e+00, -7.27352798e-01,
         -5.04907727e-01, -9.54163134e-01, -1.53126657e-01,  8.35352361e-01,
          2.87582326e+00,  2.60564470e+00, -1.85022449e+00,  1.63275814e+00,
          1.21660292e+00,  7.22400129e-01,  4.22241211e-01,  1.45059621e+00,
         -9.76406693e-01,  2.22624278e+00, -6.08734787e-01,  2.26867080e+00,
          2.08269668e+00,  1.08706582e+00, -4.43461299e-01, -1.48574486e-01,
          8.07882726e-01,  1.60700393e+00,  1.05466878e+00, -1.26787508e+00,
         -1.87644288e-02, -3.17493416e-02,  2.95546436e+00,  2.03514242e+00,
          2.66935754e+00,  9.84103307e-02,  5.36502451e-02,  4.25947040e-01,
         -1.52273262e+00,  2.93819857e+00, -3.55290771e-01,  1.89130723e-01,
          1.52297711e+00,  7.43107915e-01,  3.31730175e+00,  4.45284188e-01,
          1.04788017e+00,  4.42924559e-01,  1.62170351e+00,  2.30989408e+00,
         -1.20516527e+00, -1.19405615e+00, -5.13085663e-01, -2.44342238e-01,
          1.79964900e+00, -3.49675000e-01,  5.71649551e-01,  3.53681505e-01,
         -1.40805316e+00, -4.65014070e-01,  1.16665840e+00,  2.19713092e+00,
          1.34952557e+00,  2.09433413e+00, -6.98807299e-01,  9.13282275e-01,
          5.51155031e-01, -1.16460681e+00,  2.52815413e+00, -2.42841661e-01,
         -1.49959910e+00, -1.25050926e+00, -9.83536839e-01,  6.25474304e-02,
          1.09392762e+00, -1.40424645e+00,  1.40797222e+00,  1.07836223e+00,
          2.23910689e+00, -2.00920820e+00, -4.12853599e-01,  1.63129437e+00,
         -1.07868052e+00, -3.03414226e-01,  1.27021170e+00, -1.35073149e+00,
         -1.14222243e-01, -2.01098118e-02,  7.36813843e-01, -3.27253819e-01,
          1.69849432e+00,  1.43775847e-02,  3.01547319e-01, -2.68484235e-01,
          3.86342025e+00,  2.28192759e+00,  3.11525035e+00, -1.05671871e+00,
          1.05004668e+00, -1.80100635e-01, -1.10447988e-01,  3.74738646e+00,
          1.32760179e+00, -1.34212160e+00,  1.18843389e+00,  1.88554072e+00,
         -2.67909074e+00, -3.22848052e-01, -1.30527437e-01,  5.76032877e-01,
         -1.14088452e+00,  1.70474327e+00,  3.36721420e-01, -1.08737767e+00,
         -1.73010969e+00, -2.76955628e+00, -1.76171803e+00, -7.56090641e-01,
          1.52127671e+00,  1.78522423e-01, -7.31605470e-01,  3.94386679e-01,
          1.44466269e+00, -6.39247358e-01, -2.29219532e+00,  6.33344650e-01,
          1.24118292e+00,  4.60923970e-01, -4.45346624e-01,  6.49295330e-01,
         -1.49669901e-01,  6.03563905e-01,  1.47930682e+00,  1.80303013e+00,
         -4.67497762e-03,  3.21575189e+00, -3.14649381e-02, -3.56925339e-01,
         -5.91291487e-01,  5.88258862e-01, -9.65506911e-01, -3.86156775e-02,
          4.22381449e+00,  2.07845736e+00,  2.67696333e+00, -4.30588037e-01,
          1.54507422e+00,  2.02158976e+00,  1.10355484e+00,  7.37972200e-01,
          4.99898791e-02,  3.32280517e-01,  1.39532745e+00,  1.04979563e+00,
          5.22984362e+00,  3.71646523e+00,  2.23894572e+00,  3.99818867e-02,
          8.04360032e-01,  3.86977524e-01,  1.07382548e+00,  2.15833092e+00,
         -2.08892894e+00, -1.21100247e+00,  5.33453345e-01, -2.29189944e+00,
          1.06788886e+00, -6.27116740e-01,  1.33067414e-01,  3.58073086e-01,
          9.06159520e-01,  2.40273952e+00, -6.99820146e-02, -8.83188605e-01,
         -2.46361637e+00,  8.42985153e-01, -1.28132260e+00, -1.38513267e+00,
         -1.54276800e+00,  5.44658415e-02, -9.52245414e-01, -1.72158682e+00,
         -9.46096897e-01, -2.44803572e+00, -1.85894799e+00, -1.00346982e+00,
         -1.66696858e+00, -1.39440084e+00, -1.08627415e+00, -7.90474832e-01,
         -7.73023486e-01, -9.32443082e-01, -6.13953881e-02, -5.24417281e-01,
         -2.65262580e+00, -3.43265980e-01, -1.88893569e+00, -1.44261885e+00,
          9.50615585e-01,  6.75123453e-01,  9.83275622e-02, -3.15834045e-01,
         -4.92428154e-01, -1.30180195e-01,  1.02203049e-01, -1.50538945e+00,
         -1.36029816e+00,  2.10393608e-01, -1.04532969e+00, -1.50450325e+00,
         -1.14388633e+00, -1.11184645e+00, -1.38622832e+00, -1.57411683e+00,
         -1.57800817e+00, -1.87961948e+00,  1.37255883e+00, -2.53069401e-01,
          5.07931232e-01,  2.54390419e-01, -1.48780489e+00,  1.48449075e+00,
         -9.36409771e-01, -1.82027328e+00,  1.63164091e+00, -2.51176327e-01,
         -7.59309947e-01,  1.65936083e-01,  3.65663648e-01, -1.72800779e+00,
          6.79526508e-01, -6.77373767e-01, -5.62222958e-01, -1.22166395e+00,
         -8.74465466e-01, -3.35033774e-01, -1.56016695e+00, -4.31899041e-01,
         -6.77682698e-01,  2.60478765e-01, -9.40945745e-01, -1.51284850e+00,
         -1.64232779e+00, -2.50151896e+00, -2.22006679e+00, -1.44562304e+00,
         -1.54497445e+00, -2.56529284e+00, -3.07329774e-01,  1.80453062e+00]],
       device='cuda:0')
Adv example prediction (first 2 examples and 2 restarts):
 tensor([[[-8.74904513e-01,  7.71817982e-01, -1.03222275e+00, -5.17109752e-01,
          -9.17405903e-01,  1.85024351e-01, -1.67714864e-01, -1.53531229e+00,
          -1.61285472e+00, -7.98360109e-01, -3.19902807e-01,  1.68489367e-02,
          -2.01511338e-01, -4.53390449e-01, -2.41951585e-01,  1.14553459e-01,
          -4.65259194e-01, -1.37537014e+00, -6.05078638e-01, -3.15760344e-01,
          -6.80854857e-01,  6.54692948e-01,  4.36198980e-01, -6.42732024e-01,
           2.96493858e-01, -8.28034043e-01,  5.08820653e-01, -3.92740011e-01,
          -1.06487346e+00,  2.99024582e-01, -1.91777182e+00,  3.79021227e-01,
          -7.96546280e-01, -1.55790079e+00, -9.98208940e-01, -1.76354146e+00,
          -4.73633587e-01, -2.02246785e+00,  7.75494158e-01, -1.13275027e+00,
           6.27731621e-01, -6.34850860e-01, -3.51570368e-01, -1.85778230e-01,
           1.60118580e-01, -4.51183826e-01,  6.67699397e-01, -1.94725007e-01,
          -1.68883121e+00, -7.26623356e-01, -2.34228328e-01, -1.74332464e+00,
           2.05345094e-01,  1.45555958e-01, -6.19763017e-01, -9.49527204e-01,
          -5.78780770e-01, -1.76441669e+00, -2.51514435e-01,  8.30094665e-02,
          -6.90714344e-02, -8.64938557e-01, -1.11569178e+00,  3.96673083e-01,
           3.55988085e-01, -6.46304250e-01, -1.90676436e-01, -4.83111739e-01,
          -4.39382255e-01, -3.13345224e-01,  1.02751827e+00,  7.93204010e-01,
           4.40480828e-01,  1.95912933e+00,  6.98700547e-01,  1.83362484e+00,
           6.20400727e-01,  2.26024318e+00,  2.19357109e+00,  1.72280419e+00,
           4.64672446e-01, -1.00709474e+00, -4.75741088e-01, -3.19740713e-01,
          -9.97531652e-01, -2.85966754e-01, -1.23821235e+00,  3.77989143e-01,
          -3.49528223e-01, -1.09124982e+00, -1.00384998e+00, -1.22453833e+00,
           5.26219904e-01, -8.66570234e-01,  2.09902987e-01, -9.66361761e-01,
          -1.09648399e-01, -1.71265936e+00, -3.38526189e-01, -1.01392758e+00,
          -1.74193531e-01, -1.27173412e+00, -1.79286802e+00,  3.20385695e-01,
          -7.60557353e-01, -2.01413798e+00, -1.14074731e+00, -1.10098553e+00,
          -1.40428364e+00, -1.74197364e+00, -4.73598152e-01,  3.33573866e+00,
           1.02067500e-01,  1.78866893e-01,  3.32035780e-01, -1.65785682e+00,
          -9.91614819e-01,  4.25910085e-01, -1.59250426e+00, -1.51712286e+00,
          -1.37944174e+00, -1.95715320e+00, -1.64154565e+00, -2.40884137e+00,
          -1.54940724e+00, -1.56307554e+00,  8.06636214e-01, -1.06558420e-01,
           8.14716458e-01,  2.34309256e-01, -7.58900166e-01, -1.05040777e+00,
           2.72634774e-01, -4.58476484e-01, -6.02873862e-01, -6.41358733e-01,
          -1.44327605e+00, -6.41064227e-01,  1.56714872e-01, -1.42366838e+00,
          -1.72857559e+00, -7.13126734e-02, -7.26054192e-01, -1.03423154e+00,
          -7.75044024e-01, -7.14807093e-01, -1.62387520e-01,  2.82048374e-01,
          -1.03027366e-01, -1.41496778e-01, -1.57545698e+00,  8.12078357e-01,
          -5.45148373e-01,  9.29535866e-01,  4.24310684e-01, -2.42636725e-01,
          -5.56173861e-01,  8.88377354e-02, -4.79384035e-01, -8.66943419e-01,
          -7.60317266e-01, -1.34453475e-01,  3.46555531e-01, -5.14427543e-01,
          -5.40389717e-01, -8.64807248e-01, -8.27197075e-01, -9.45137143e-01,
          -1.79215252e-01, -5.68272531e-01, -4.32515651e-01, -1.81409121e-01,
          -1.30541182e+00, -1.78476423e-01, -2.26852953e-01, -4.97034132e-01,
          -1.44577408e+00, -4.37342197e-01,  1.36618242e-01, -1.06383574e+00,
          -1.26347184e+00,  7.47959018e-02,  9.43640471e-02, -4.88115102e-02,
           3.40432525e-01,  1.02160566e-01,  2.51718968e-01,  6.94155216e-01,
          -1.49798527e-01, -1.15259610e-01,  4.37275440e-01,  4.56507981e-01,
          -1.88904449e-01,  1.01456754e-01, -3.15091640e-01,  7.91586518e-01,
           5.14641851e-02, -6.83712900e-01, -8.74655187e-01,  8.55406165e-01,
          -4.81981307e-01, -5.71220398e-01,  1.31228149e-01,  8.34744036e-01,
          -4.00773212e-02, -1.15546656e+00, -1.16146696e+00, -4.61306542e-01,
          -6.77934825e-01, -5.49345315e-01, -1.16465390e+00, -3.35704684e-01,
          -2.80918986e-01, -9.18298244e-01, -6.61037564e-01, -8.55116963e-01,
          -5.24747491e-01, -2.49231964e-01, -7.02424645e-01, -2.65824199e-01,
          -1.03844988e+00, -1.44589797e-01, -5.21933615e-01,  6.96014166e-01,
           1.69585720e-01, -9.10981297e-01, -9.80936408e-01, -8.20640147e-01,
          -6.99434876e-01,  7.91000128e-01, -3.39100540e-01, -2.46863544e-01,
          -1.00998044e+00, -6.80136681e-01, -5.47146916e-01, -2.59037353e-02,
          -4.98058915e-01,  9.10812765e-02, -1.18145454e+00, -1.56698883e-01,
          -7.34851062e-01, -9.91672873e-01, -2.49271393e-01, -1.31678724e+00,
          -1.19679594e+00,  9.61682349e-02, -1.11249077e+00, -7.21091032e-01,
           5.99907264e-02, -1.18878148e-02, -7.53143728e-02, -9.17735636e-01,
           3.45598578e-01, -1.17716983e-01,  7.28862882e-01, -1.78993917e+00,
          -9.37950194e-01,  2.28452414e-01,  7.38012612e-01,  8.99691701e-01,
           5.28024912e-01, -1.40882954e-02, -8.42151046e-01, -2.82830745e-01,
          -5.77343404e-01,  6.98520660e-01, -6.44244552e-02, -5.70232451e-01,
          -1.05337393e+00,  4.01364088e-01,  6.65110350e-01, -1.94166452e-01,
           6.45944536e-01,  3.37790638e-01, -3.05235386e-01,  5.35113327e-02,
          -3.01324762e-04,  4.28411067e-01, -1.64662957e-01,  9.78761435e-01,
           3.98995131e-01,  1.62132001e+00,  1.81878352e+00,  2.57247090e+00,
           2.19467950e+00,  1.37255728e+00, -8.57373953e-01,  4.38170105e-01,
          -5.35035372e-01, -8.80115986e-01, -1.09289491e+00, -5.92334032e-01,
          -1.23502421e+00,  4.32317495e-01, -1.29448271e+00, -1.22902238e+00,
          -3.08308840e-01, -1.08026659e+00, -4.27945852e-01,  2.81812370e-01,
          -9.26349699e-01,  7.76757300e-01,  3.63056630e-01,  1.91240877e-01,
          -7.44203746e-01, -1.40001678e+00,  4.89288084e-02,  6.77455902e-01,
           1.04078984e+00, -9.42354381e-01,  1.21238220e+00,  8.61708224e-01,
           2.12310523e-01,  1.47601616e+00,  1.60543537e+00,  6.06155992e-01,
           4.57252115e-01, -9.12745893e-01,  2.08926368e+00,  1.32648981e+00,
           6.51060939e-01, -1.66930044e+00, -1.01827228e+00, -1.16213262e+00,
          -1.20729303e+00, -1.76776516e+00, -1.50526369e+00, -6.89442642e-03,
          -1.67287076e+00, -2.00973034e+00,  2.28378311e-01,  6.68487251e-01,
           1.90844738e+00, -4.79330719e-01, -8.35917950e-01, -5.45660079e-01,
          -1.81752264e+00, -4.33155298e-01, -7.97198951e-01, -1.93235362e+00,
          -1.30689561e+00, -1.58917260e+00, -1.83506536e+00, -1.64130855e+00,
          -1.86933494e+00, -1.80977952e+00, -2.11720586e+00, -1.00708401e+00,
          -2.81010103e+00, -1.65626001e+00, -1.22188842e+00, -7.35338390e-01,
          -1.10754621e+00, -6.67298019e-01, -6.26666009e-01, -1.62748349e+00,
           1.85674161e-01, -2.05451310e-01,  1.37620166e-01,  5.41320086e-01,
          -7.93769717e-01,  3.50801140e-01,  1.23536006e-01, -3.67318034e-01,
          -1.39415812e+00, -6.34413540e-01, -6.64545596e-01, -7.86877215e-01,
          -4.03501749e-01, -9.01718438e-01, -4.50349659e-01, -1.07632935e+00,
          -3.93792808e-01, -5.63007653e-01, -2.23561794e-01, -1.28907347e+00,
          -4.17523652e-01, -9.29930136e-02, -4.52260137e-01, -1.30922890e+00,
           9.61853191e-02, -1.12704241e+00, -6.13756061e-01, -3.43654186e-01,
          -5.56449771e-01, -7.02530086e-01, -1.18613958e+00, -1.63424540e+00,
          -1.90061688e+00, -1.87571108e-01, -1.37776530e+00, -4.48594123e-01,
          -8.05584669e-01, -2.38552809e+00, -1.31478488e+00,  2.49075800e-01,
          -2.21115685e+00, -1.63059783e+00, -1.11637607e-01,  1.19904935e+00,
          -7.12650001e-01, -5.59710324e-01,  1.09219384e+00, -3.62194061e-01,
          -8.51538181e-02,  1.15094519e+00, -8.95056963e-01, -1.03805518e+00,
          -2.20630622e+00,  2.80846930e+00, -1.84158957e+00,  1.05748916e+00,
           4.38731581e-01,  9.69285727e-01,  7.51592040e-01, -2.42534447e+00,
           1.50173438e+00,  5.03748715e-01,  2.79537535e+00,  2.36850786e+00,
           6.29466772e-01,  5.35452187e-01, -2.04442710e-01, -6.80867314e-01,
          -1.41370904e+00, -2.02855468e-01,  1.56047785e+00, -7.54430950e-01,
          -8.37563396e-01, -2.08573475e-01, -6.56681836e-01, -3.35372090e-02,
           1.08935177e+00,  3.77559841e-01,  1.54087722e+00,  1.55423391e+00,
          -1.33103061e+00,  5.29295206e-01,  1.53058338e+00,  3.25160623e-01,
           1.41741633e-02,  1.46690893e+00,  1.93005711e-01,  2.05110574e+00,
          -1.06535304e+00, -2.50806928e-01,  3.70279765e+00, -2.44052202e-01,
          -3.23256195e-01, -7.38438487e-01, -1.25536060e+00,  1.70982242e+00,
           3.55914861e-01,  6.46320522e-01, -1.88637948e+00,  1.29059814e-02,
           1.65917128e-01,  1.41221964e+00, -4.21682179e-01,  9.94938254e-01,
          -1.18077624e+00,  6.75568461e-01,  2.66356444e+00, -4.24896240e-01,
           1.44316125e+00,  1.86018097e+00, -9.19096708e-01, -2.67256832e+00,
          -6.86237991e-01,  1.91637218e-01,  2.03581905e+00, -1.06675673e+00,
          -1.25532782e+00,  1.67774606e+00, -1.22407943e-01,  1.01950057e-02,
          -2.15913868e+00, -2.35512674e-01,  7.98199773e-01, -1.43545222e+00,
           1.90785933e+00,  1.22054470e+00,  7.10693657e-01, -1.02976012e+00,
          -3.29004943e-01,  1.51987553e+00,  5.03439486e-01,  2.57020450e+00,
           2.65410095e-01,  3.59471440e-02,  1.44186664e+00, -6.04089141e-01,
           1.21628642e+00,  1.36142421e+00,  1.03645480e+00,  2.65676826e-01,
           1.01514173e+00,  2.48601496e-01, -4.61263269e-01,  3.06669998e+00,
          -2.17601800e+00,  5.86593866e-01, -8.01541090e-01,  9.49485302e-01,
           4.68505114e-01,  4.36241835e-01, -1.47070420e+00,  1.58939350e+00,
           1.36522377e+00, -3.37164187e+00, -6.80876374e-01, -1.07970834e+00,
           1.39625299e+00, -1.07453786e-01,  5.57693183e-01, -5.02295122e-02,
          -6.71465039e-01,  9.08366621e-01, -2.32042819e-01, -1.30482927e-01,
           8.22750479e-02, -6.69409707e-03, -1.65009761e+00, -7.51796830e-03,
           6.50154054e-02, -1.27580607e+00,  5.99320292e-01,  1.72979474e+00,
          -1.32291019e-01, -3.57159413e-03,  2.36019492e+00,  8.77516627e-01,
           5.65931261e-01,  3.95718485e-01,  3.40469575e+00, -1.93151820e+00,
          -1.41438758e+00, -1.08595884e+00, -2.37450778e-01,  2.23445082e+00,
           8.34791005e-01, -8.33928943e-01,  1.79936886e+00, -9.91546214e-02,
          -1.30976772e+00,  1.19835746e+00,  4.07638073e-01, -2.39349580e+00,
           7.32043266e-01,  3.44331145e+00, -6.33829117e-01,  5.29908657e-01,
           1.43864155e+00,  2.38195682e+00,  4.30476576e-01, -1.33907354e+00,
           4.87491226e+00,  9.21412349e-01,  1.22516346e+00,  1.10381949e+00,
          -1.38898242e+00, -9.56715465e-01,  1.12699795e+00,  1.81582344e+00,
          -3.87713052e-02, -4.34615523e-01, -8.31699371e-01,  3.54174346e-01,
           2.80513048e-01, -2.49493599e+00,  6.32581040e-02, -1.38058746e+00,
           1.15864623e+00, -1.71402276e+00,  5.04587412e-01, -1.67769289e+00,
          -1.55032992e+00,  8.83853018e-01,  5.40960610e-01,  9.94024798e-02,
          -9.18823659e-01, -1.48687565e+00, -2.94338894e+00,  4.71969485e-01,
           1.56821597e+00,  1.42273116e+00, -9.25502241e-01,  1.97424638e+00,
           1.90233278e+00,  7.40049541e-01,  1.07785761e+00,  3.74538302e+00,
           1.00339031e+00,  7.50686347e-01,  1.75953910e-01, -1.42093575e+00,
           2.22381186e+00,  9.31508541e-01,  1.31170714e+00,  1.34769440e+00,
           2.47171640e+00,  7.94608355e-01,  1.04470968e+00, -2.08019423e+00,
           2.09695315e+00,  2.27792621e+00,  1.29770339e+00, -1.63324520e-01,
           1.21015930e+00, -1.55036700e+00,  1.29982305e+00,  2.90550381e-01,
          -1.68756270e+00,  8.34807873e-01,  8.38782173e-04,  1.47006726e+00,
           1.63977671e+00,  1.46642759e-01,  2.55722499e+00,  3.60192323e+00,
           2.66747308e+00, -5.88152528e-01,  1.18354690e+00,  2.92917871e+00,
          -9.73100722e-01, -1.24048376e+00,  2.57305002e+00, -2.08303064e-01,
          -1.15978122e+00,  2.13003755e+00,  4.37294155e-01,  1.23144841e+00,
           3.70845008e+00,  9.27654862e-01, -2.49782324e+00,  3.53550762e-01,
           2.38147974e+00, -3.04863542e-01, -4.12854105e-02,  3.23352844e-01,
          -1.15203691e+00,  5.83198667e-01, -8.56312096e-01,  4.01980579e-01,
           2.62371945e+00, -1.97767723e+00, -5.07302761e-01,  7.46641457e-01,
           2.38953567e+00, -1.13276625e+00,  2.31991196e+00,  3.12427878e+00,
          -7.41293490e-01,  6.79407865e-02, -1.39835024e+00,  1.31780338e+00,
          -1.23410189e+00,  1.80607140e+00,  8.17223564e-02,  2.08771512e-01,
          -5.97445250e-01, -2.17321467e+00,  2.61306262e+00, -5.38629234e-01,
           2.65770698e+00, -9.50679064e-01,  1.76425949e-01, -2.00335756e-01,
          -6.24835491e-01,  1.94235063e+00, -7.63776779e-01, -1.62193370e+00,
          -6.09678686e-01,  1.98663783e+00,  1.16879952e+00, -8.37903440e-01,
          -2.87896454e-01,  1.99421334e+00,  4.28771287e-01,  7.29208648e-01,
           1.91706836e+00,  2.47950125e+00,  5.90269029e-01,  1.70080936e+00,
          -2.27478631e-02,  2.51257926e-01,  3.36799592e-01, -2.16899133e+00,
           2.06013036e+00,  4.96429056e-01, -3.53283954e+00, -2.55763531e-03,
           1.09953225e+00,  6.32018030e-01, -1.44571090e+00,  7.94311225e-01,
           1.85598934e+00,  1.36772215e-01, -1.25212336e+00,  1.08749318e+00,
           2.69789338e+00,  1.26740885e+00,  2.45560586e-01, -1.52555954e+00,
           7.03105032e-01, -1.73481345e+00, -1.07602847e+00,  6.51022434e-01,
           1.21401274e+00,  1.60342109e+00,  6.53451920e-01,  1.77054024e+00,
           6.10477805e-01,  1.36817741e+00,  1.28878462e+00, -1.89646423e-01,
          -6.79967821e-01, -2.14791560e+00,  3.34451824e-01,  5.75729370e-01,
           5.86909413e-01,  9.52057004e-01,  1.85295522e+00,  1.30908966e-01,
          -9.39062536e-01,  8.64529788e-01,  2.12898348e-02, -2.00742438e-01,
           5.04896641e-01,  4.54822421e-01, -1.55155289e+00,  2.49549580e+00,
           1.35217682e-01,  1.36951458e+00, -1.85886347e+00,  7.14648843e-01,
           3.06813270e-01,  4.40613180e-01,  1.64277121e-01, -1.90076804e+00,
          -2.00030938e-01,  1.93152559e+00,  2.32370526e-01, -2.77787894e-01,
           1.99757040e+00,  1.35648704e+00,  6.52910352e-01,  1.57587862e+00,
           2.08590531e+00,  1.96745324e+00,  6.81927025e-01, -1.30690479e+00,
           3.13510120e-01,  2.97706127e+00,  1.76756954e+00, -7.26357996e-01,
          -5.05818069e-01, -9.54528868e-01, -1.50544092e-01,  8.30210090e-01,
           2.86973548e+00,  2.60420799e+00, -1.84812295e+00,  1.63511801e+00,
           1.21410418e+00,  7.17895508e-01,  4.31535482e-01,  1.44636881e+00,
          -9.81044471e-01,  2.22161698e+00, -6.14796102e-01,  2.26739573e+00,
           2.08358359e+00,  1.08139682e+00, -4.52910990e-01, -1.52542621e-01,
           8.06336224e-01,  1.60662591e+00,  1.04671347e+00, -1.26655495e+00,
          -1.82310268e-02, -2.88259648e-02,  2.95681715e+00,  2.03585219e+00,
           2.66479564e+00,  9.54402760e-02,  4.83554006e-02,  4.28937018e-01,
          -1.52736354e+00,  2.93597412e+00, -3.57346445e-01,  1.85760483e-01,
           1.52193284e+00,  7.38367081e-01,  3.31468773e+00,  4.43269551e-01,
           1.04199266e+00,  4.40383375e-01,  1.61963558e+00,  2.30101657e+00,
          -1.20287323e+00, -1.19408548e+00, -5.07312298e-01, -2.36386299e-01,
           1.79449463e+00, -3.50567579e-01,  5.62010825e-01,  3.60093713e-01,
          -1.41301215e+00, -4.66830343e-01,  1.16946805e+00,  2.19216037e+00,
           1.35341227e+00,  2.09449649e+00, -6.93078578e-01,  9.14555848e-01,
           5.47406495e-01, -1.15833056e+00,  2.52999830e+00, -2.40219325e-01,
          -1.49424326e+00, -1.24301815e+00, -9.78860497e-01,  5.98703474e-02,
           1.08872116e+00, -1.40286124e+00,  1.40395248e+00,  1.07796121e+00,
           2.23556685e+00, -2.00864124e+00, -4.15869713e-01,  1.63109756e+00,
          -1.07562149e+00, -2.99522400e-01,  1.26640165e+00, -1.35227501e+00,
          -1.16602421e-01, -2.73905043e-02,  7.38210976e-01, -3.26223642e-01,
           1.69305623e+00,  1.02949645e-02,  2.98539013e-01, -2.69865662e-01,
           3.85498500e+00,  2.27896738e+00,  3.10879350e+00, -1.05123150e+00,
           1.04577053e+00, -1.85381606e-01, -1.13748312e-01,  3.74835443e+00,
           1.32413220e+00, -1.34603643e+00,  1.18927252e+00,  1.88624740e+00,
          -2.66990304e+00, -3.20974141e-01, -1.36959523e-01,  5.70642173e-01,
          -1.13836789e+00,  1.70499706e+00,  3.38210344e-01, -1.08889270e+00,
          -1.72287989e+00, -2.76367164e+00, -1.76106250e+00, -7.51624346e-01,
           1.51630187e+00,  1.73411235e-01, -7.33805418e-01,  3.99259627e-01,
           1.44161487e+00, -6.38636887e-01, -2.28900433e+00,  6.33921683e-01,
           1.24201632e+00,  4.66291189e-01, -4.43224221e-01,  6.45236194e-01,
          -1.52580157e-01,  6.00245476e-01,  1.47103775e+00,  1.79800832e+00,
          -3.60454526e-03,  3.21727991e+00, -3.31928171e-02, -3.56396049e-01,
          -5.89087009e-01,  5.86115956e-01, -9.67274308e-01, -3.70180793e-02,
           4.21294308e+00,  2.06784391e+00,  2.67003989e+00, -4.25937623e-01,
           1.54530096e+00,  2.01709723e+00,  1.09767377e+00,  7.33225882e-01,
           4.79423851e-02,  3.36709887e-01,  1.39785147e+00,  1.04759383e+00,
           5.23081875e+00,  3.71225405e+00,  2.24422026e+00,  3.38023975e-02,
           8.02681923e-01,  3.86310786e-01,  1.06354439e+00,  2.15622663e+00,
          -2.08632827e+00, -1.20882487e+00,  5.37076473e-01, -2.29248548e+00,
           1.06881285e+00, -6.25119507e-01,  1.32758424e-01,  3.52983564e-01,
           9.06191289e-01,  2.39949012e+00, -7.19048902e-02, -8.79855156e-01,
          -2.46485901e+00,  8.49284410e-01, -1.27429390e+00, -1.38431609e+00,
          -1.54727054e+00,  5.09996712e-02, -9.50691760e-01, -1.72032750e+00,
          -9.47386742e-01, -2.44854069e+00, -1.85751891e+00, -1.00199091e+00,
          -1.66169274e+00, -1.39673877e+00, -1.08287919e+00, -7.90571272e-01,
          -7.69008338e-01, -9.31435108e-01, -6.05408363e-02, -5.23554444e-01,
          -2.65093493e+00, -3.43952686e-01, -1.88045013e+00, -1.44599771e+00,
           9.50862050e-01,  6.77271128e-01,  9.54200625e-02, -3.16920221e-01,
          -4.92512017e-01, -1.31202817e-01,  9.57396254e-02, -1.50801075e+00,
          -1.35681033e+00,  2.07043588e-01, -1.04654932e+00, -1.50453758e+00,
          -1.14982355e+00, -1.11813033e+00, -1.38520527e+00, -1.57648110e+00,
          -1.57712281e+00, -1.88068652e+00,  1.36734283e+00, -2.57963300e-01,
           5.01836300e-01,  2.55381972e-01, -1.48157454e+00,  1.48016763e+00,
          -9.34307933e-01, -1.81711972e+00,  1.64450026e+00, -2.46153504e-01,
          -7.55518734e-01,  1.63711667e-01,  3.69511694e-01, -1.71962416e+00,
           6.88500285e-01, -6.77045465e-01, -5.61381519e-01, -1.21886420e+00,
          -8.74659181e-01, -3.31706971e-01, -1.55783606e+00, -4.29352105e-01,
          -6.78622782e-01,  2.61067063e-01, -9.43745434e-01, -1.51284122e+00,
          -1.63997507e+00, -2.49964833e+00, -2.21553135e+00, -1.44067717e+00,
          -1.54112470e+00, -2.56594348e+00, -3.03935647e-01,  1.79383230e+00]]],
       device='cuda:0')
PGD attack margin (first 2 examples and 10 specs):
 tensor([[[0.25075322]]], device='cuda:0')
number of violation:  0
Attack finished in 7.7355 seconds.
PGD attack failed
verified_status unknown
verified_success False
Total VNNLIB file length: 1, max property batch size: 1, total number of batches: 1

Properties batch 0, size 1
Remaining timeout: 1154.133791923523
Verifying property 0 with 1 instances.
torch allclose failed: norm 8.889588571037166e-06
Model: BoundedModule(
  (/input-1): BoundInput(name=/input-1, inputs=[], perturbed=True)
  (/33): BoundParams(name=/33, inputs=[], perturbed=False)
  (/34): BoundParams(name=/34, inputs=[], perturbed=False)
  (/35): BoundParams(name=/35, inputs=[], perturbed=False)
  (/36): BoundParams(name=/36, inputs=[], perturbed=False)
  (/37): BoundParams(name=/37, inputs=[], perturbed=False)
  (/38): BoundParams(name=/38, inputs=[], perturbed=False)
  (/39): BoundParams(name=/39, inputs=[], perturbed=False)
  (/40): BoundParams(name=/40, inputs=[], perturbed=False)
  (/41): BoundParams(name=/41, inputs=[], perturbed=False)
  (/42): BoundParams(name=/42, inputs=[], perturbed=False)
  (/43): BoundParams(name=/43, inputs=[], perturbed=False)
  (/44): BoundParams(name=/44, inputs=[], perturbed=False)
  (/45): BoundParams(name=/45, inputs=[], perturbed=False)
  (/46): BoundParams(name=/46, inputs=[], perturbed=False)
  (/47): BoundParams(name=/47, inputs=[], perturbed=False)
  (/48): BoundParams(name=/48, inputs=[], perturbed=False)
  (/49): BoundParams(name=/49, inputs=[], perturbed=False)
  (/50): BoundParams(name=/50, inputs=[], perturbed=False)
  (/51): BoundParams(name=/51, inputs=[], perturbed=False)
  (/52): BoundParams(name=/52, inputs=[], perturbed=False)
  (/53): BoundParams(name=/53, inputs=[], perturbed=False)
  (/54): BoundParams(name=/54, inputs=[], perturbed=False)
  (/55): BoundParams(name=/55, inputs=[], perturbed=False)
  (/56): BoundParams(name=/56, inputs=[], perturbed=False)
  (/57): BoundParams(name=/57, inputs=[], perturbed=False)
  (/58): BoundParams(name=/58, inputs=[], perturbed=False)
  (/59): BoundParams(name=/59, inputs=[], perturbed=False)
  (/60): BoundParams(name=/60, inputs=[], perturbed=False)
  (/61): BoundParams(name=/61, inputs=[], perturbed=False)
  (/62): BoundParams(name=/62, inputs=[], perturbed=False)
  (/63): BoundParams(name=/63, inputs=[], perturbed=False)
  (/64): BoundParams(name=/64, inputs=[], perturbed=False)
  (/input): BoundConv(name=/input, inputs=[/input-1, /33, /34], perturbed=True)
  (/66): BoundRelu(name=/66, inputs=[/input], perturbed=True)
  (/input-4): BoundConv(name=/input-4, inputs=[/66, /35, /36], perturbed=True)
  (/68): BoundRelu(name=/68, inputs=[/input-4], perturbed=True)
  (/input-12): BoundConv(name=/input-12, inputs=[/input-8/add_3_4, /37, /38], perturbed=True)
  (/71): BoundRelu(name=/71, inputs=[/input-12], perturbed=True)
  (/input-16): BoundConv(name=/input-16, inputs=[/71, /39, /40], perturbed=True)
  (/73): BoundRelu(name=/73, inputs=[/input-16], perturbed=True)
  (/input-24): BoundConv(name=/input-24, inputs=[/input-20/add_3_4, /41, /42], perturbed=True)
  (/76): BoundRelu(name=/76, inputs=[/input-24], perturbed=True)
  (/input-28): BoundConv(name=/input-28, inputs=[/76, /43, /44], perturbed=True)
  (/78): BoundRelu(name=/78, inputs=[/input-28], perturbed=True)
  (/input-32): BoundConv(name=/input-32, inputs=[/78, /45, /46], perturbed=True)
  (/80): BoundRelu(name=/80, inputs=[/input-32], perturbed=True)
  (/input-40): BoundConv(name=/input-40, inputs=[/input-36/add_3_4, /47, /48], perturbed=True)
  (/83): BoundRelu(name=/83, inputs=[/input-40], perturbed=True)
  (/input-44): BoundConv(name=/input-44, inputs=[/83, /49, /50], perturbed=True)
  (/85): BoundRelu(name=/85, inputs=[/input-44], perturbed=True)
  (/input-48): BoundConv(name=/input-48, inputs=[/85, /51, /52], perturbed=True)
  (/87): BoundRelu(name=/87, inputs=[/input-48], perturbed=True)
  (/input-56): BoundConv(name=/input-56, inputs=[/input-52/add_3_4, /53, /54], perturbed=True)
  (/90): BoundRelu(name=/90, inputs=[/input-56], perturbed=True)
  (/input-60): BoundConv(name=/input-60, inputs=[/90, /55, /56], perturbed=True)
  (/92): BoundRelu(name=/92, inputs=[/input-60], perturbed=True)
  (/input-64): BoundConv(name=/input-64, inputs=[/92, /57, /58], perturbed=True)
  (/94): BoundRelu(name=/94, inputs=[/input-64], perturbed=True)
  (/96): BoundFlatten(name=/96, inputs=[/95/add_3_4], perturbed=True)
  (/input-68): BoundLinear(name=/input-68, inputs=[/96, /59, /60], perturbed=True)
  (/98): BoundRelu(name=/98, inputs=[/input-68], perturbed=True)
  (/99): BoundFlatten(name=/99, inputs=[/98], perturbed=True)
  (/input-72): BoundLinear(name=/input-72, inputs=[/99, /61, /62], perturbed=True)
  (/101): BoundRelu(name=/101, inputs=[/input-72], perturbed=True)
  (/102): BoundFlatten(name=/102, inputs=[/101], perturbed=True)
  (/103): BoundLinear(name=/103, inputs=[/102, /63, /64], perturbed=True)
  (/input-8/conv_1): BoundConv(name=/input-8/conv_1, inputs=[/68, /input-8/conv_1_w], perturbed=True)
  (/input-8/conv_1_relu): BoundRelu(name=/input-8/conv_1_relu, inputs=[/input-8/conv_1], perturbed=True)
  (/input-8/conv_1_w): BoundParams(name=/input-8/conv_1_w, inputs=[], perturbed=False)
  (/input-8/conv_2): BoundConv(name=/input-8/conv_2, inputs=[/68, /input-8/conv_2_w], perturbed=True)
  (/input-8/conv_2_w): BoundParams(name=/input-8/conv_2_w, inputs=[], perturbed=False)
  (/input-8/conv_3): BoundConv(name=/input-8/conv_3, inputs=[/input-8/add_1_2, /input-8/conv_3_w], perturbed=True)
  (/input-8/conv_3_relu): BoundRelu(name=/input-8/conv_3_relu, inputs=[/input-8/conv_3], perturbed=True)
  (/input-8/conv_3_w): BoundParams(name=/input-8/conv_3_w, inputs=[], perturbed=False)
  (/input-8/conv_4): BoundConv(name=/input-8/conv_4, inputs=[/input-8/add_1_2, /input-8/conv_4_w], perturbed=True)
  (/input-8/conv_4_w): BoundParams(name=/input-8/conv_4_w, inputs=[], perturbed=False)
  (/input-8/add_1_2): BoundAdd(name=/input-8/add_1_2, inputs=[/input-8/conv_1_relu, /input-8/conv_2], perturbed=True)
  (/input-8/add_3_4): BoundAdd(name=/input-8/add_3_4, inputs=[/input-8/conv_3_relu, /input-8/conv_4], perturbed=True)
  (/input-20/conv_1): BoundConv(name=/input-20/conv_1, inputs=[/73, /input-20/conv_1_w], perturbed=True)
  (/input-20/conv_1_relu): BoundRelu(name=/input-20/conv_1_relu, inputs=[/input-20/conv_1], perturbed=True)
  (/input-20/conv_1_w): BoundParams(name=/input-20/conv_1_w, inputs=[], perturbed=False)
  (/input-20/conv_2): BoundConv(name=/input-20/conv_2, inputs=[/73, /input-20/conv_2_w], perturbed=True)
  (/input-20/conv_2_w): BoundParams(name=/input-20/conv_2_w, inputs=[], perturbed=False)
  (/input-20/conv_3): BoundConv(name=/input-20/conv_3, inputs=[/input-20/add_1_2, /input-20/conv_3_w], perturbed=True)
  (/input-20/conv_3_relu): BoundRelu(name=/input-20/conv_3_relu, inputs=[/input-20/conv_3], perturbed=True)
  (/input-20/conv_3_w): BoundParams(name=/input-20/conv_3_w, inputs=[], perturbed=False)
  (/input-20/conv_4): BoundConv(name=/input-20/conv_4, inputs=[/input-20/add_1_2, /input-20/conv_4_w], perturbed=True)
  (/input-20/conv_4_w): BoundParams(name=/input-20/conv_4_w, inputs=[], perturbed=False)
  (/input-20/add_1_2): BoundAdd(name=/input-20/add_1_2, inputs=[/input-20/conv_1_relu, /input-20/conv_2], perturbed=True)
  (/input-20/add_3_4): BoundAdd(name=/input-20/add_3_4, inputs=[/input-20/conv_3_relu, /input-20/conv_4], perturbed=True)
  (/input-36/conv_1): BoundConv(name=/input-36/conv_1, inputs=[/80, /input-36/conv_1_w], perturbed=True)
  (/input-36/conv_1_relu): BoundRelu(name=/input-36/conv_1_relu, inputs=[/input-36/conv_1], perturbed=True)
  (/input-36/conv_1_w): BoundParams(name=/input-36/conv_1_w, inputs=[], perturbed=False)
  (/input-36/conv_2): BoundConv(name=/input-36/conv_2, inputs=[/80, /input-36/conv_2_w], perturbed=True)
  (/input-36/conv_2_w): BoundParams(name=/input-36/conv_2_w, inputs=[], perturbed=False)
  (/input-36/conv_3): BoundConv(name=/input-36/conv_3, inputs=[/input-36/add_1_2, /input-36/conv_3_w], perturbed=True)
  (/input-36/conv_3_relu): BoundRelu(name=/input-36/conv_3_relu, inputs=[/input-36/conv_3], perturbed=True)
  (/input-36/conv_3_w): BoundParams(name=/input-36/conv_3_w, inputs=[], perturbed=False)
  (/input-36/conv_4): BoundConv(name=/input-36/conv_4, inputs=[/input-36/add_1_2, /input-36/conv_4_w], perturbed=True)
  (/input-36/conv_4_w): BoundParams(name=/input-36/conv_4_w, inputs=[], perturbed=False)
  (/input-36/add_1_2): BoundAdd(name=/input-36/add_1_2, inputs=[/input-36/conv_1_relu, /input-36/conv_2], perturbed=True)
  (/input-36/add_3_4): BoundAdd(name=/input-36/add_3_4, inputs=[/input-36/conv_3_relu, /input-36/conv_4], perturbed=True)
  (/input-52/conv_1): BoundConv(name=/input-52/conv_1, inputs=[/87, /input-52/conv_1_w], perturbed=True)
  (/input-52/conv_1_relu): BoundRelu(name=/input-52/conv_1_relu, inputs=[/input-52/conv_1], perturbed=True)
  (/input-52/conv_1_w): BoundParams(name=/input-52/conv_1_w, inputs=[], perturbed=False)
  (/input-52/conv_2): BoundConv(name=/input-52/conv_2, inputs=[/87, /input-52/conv_2_w], perturbed=True)
  (/input-52/conv_2_w): BoundParams(name=/input-52/conv_2_w, inputs=[], perturbed=False)
  (/input-52/conv_3): BoundConv(name=/input-52/conv_3, inputs=[/input-52/add_1_2, /input-52/conv_3_w], perturbed=True)
  (/input-52/conv_3_relu): BoundRelu(name=/input-52/conv_3_relu, inputs=[/input-52/conv_3], perturbed=True)
  (/input-52/conv_3_w): BoundParams(name=/input-52/conv_3_w, inputs=[], perturbed=False)
  (/input-52/conv_4): BoundConv(name=/input-52/conv_4, inputs=[/input-52/add_1_2, /input-52/conv_4_w], perturbed=True)
  (/input-52/conv_4_w): BoundParams(name=/input-52/conv_4_w, inputs=[], perturbed=False)
  (/input-52/add_1_2): BoundAdd(name=/input-52/add_1_2, inputs=[/input-52/conv_1_relu, /input-52/conv_2], perturbed=True)
  (/input-52/add_3_4): BoundAdd(name=/input-52/add_3_4, inputs=[/input-52/conv_3_relu, /input-52/conv_4], perturbed=True)
  (/95/conv_1): BoundConv(name=/95/conv_1, inputs=[/94, /95/conv_1_w], perturbed=True)
  (/95/conv_1_relu): BoundRelu(name=/95/conv_1_relu, inputs=[/95/conv_1], perturbed=True)
  (/95/conv_1_w): BoundParams(name=/95/conv_1_w, inputs=[], perturbed=False)
  (/95/conv_2): BoundConv(name=/95/conv_2, inputs=[/94, /95/conv_2_w], perturbed=True)
  (/95/conv_2_w): BoundParams(name=/95/conv_2_w, inputs=[], perturbed=False)
  (/95/conv_3): BoundConv(name=/95/conv_3, inputs=[/95/add_1_2, /95/conv_3_w], perturbed=True)
  (/95/conv_3_relu): BoundRelu(name=/95/conv_3_relu, inputs=[/95/conv_3], perturbed=True)
  (/95/conv_3_w): BoundParams(name=/95/conv_3_w, inputs=[], perturbed=False)
  (/95/conv_4): BoundConv(name=/95/conv_4, inputs=[/95/add_1_2, /95/conv_4_w], perturbed=True)
  (/95/conv_4_w): BoundParams(name=/95/conv_4_w, inputs=[], perturbed=False)
  (/95/add_1_2): BoundAdd(name=/95/add_1_2, inputs=[/95/conv_1_relu, /95/conv_2], perturbed=True)
  (/95/add_3_4): BoundAdd(name=/95/add_3_4, inputs=[/95/conv_3_relu, /95/conv_4], perturbed=True)
)
Model prediction is: tensor([-8.83860767e-01,  7.65109360e-01, -1.03670406e+00, -5.18855691e-01,
        -9.20035899e-01,  1.77688569e-01, -1.67549446e-01, -1.53181112e+00,
        -1.61198354e+00, -7.96385527e-01, -3.21741372e-01,  2.19485015e-02,
        -1.98014259e-01, -4.45543230e-01, -2.40268022e-01,  1.16640382e-01,
        -4.62420225e-01, -1.37196982e+00, -6.00134492e-01, -3.09629261e-01,
        -6.81195438e-01,  6.53523624e-01,  4.39475238e-01, -6.39646769e-01,
         2.99384564e-01, -8.27441633e-01,  5.03377259e-01, -3.92964602e-01,
        -1.06774807e+00,  2.94120699e-01, -1.91947806e+00,  3.81442636e-01,
        -8.01764309e-01, -1.56418312e+00, -1.00207233e+00, -1.76815724e+00,
        -4.78496075e-01, -2.02370596e+00,  7.73566186e-01, -1.13321328e+00,
         6.34478867e-01, -6.36172295e-01, -3.49652350e-01, -1.87705144e-01,
         1.61001846e-01, -4.53712046e-01,  6.73943222e-01, -1.95269585e-01,
        -1.69006753e+00, -7.29171813e-01, -2.36765608e-01, -1.75033295e+00,
         2.08974108e-01,  1.47310123e-01, -6.17469370e-01, -9.46843445e-01,
        -5.79623044e-01, -1.76299858e+00, -2.54331201e-01,  8.24401230e-02,
        -6.73984513e-02, -8.59578550e-01, -1.12250352e+00,  3.91176224e-01,
         3.55827570e-01, -6.46945059e-01, -1.93459153e-01, -4.78412777e-01,
        -4.42893296e-01, -3.10974807e-01,  1.03095853e+00,  7.93505251e-01,
         4.37597394e-01,  1.95507073e+00,  6.96392536e-01,  1.83422565e+00,
         6.20268762e-01,  2.26247406e+00,  2.19589591e+00,  1.72936976e+00,
         4.59145248e-01, -1.00656915e+00, -4.77165401e-01, -3.21638346e-01,
        -9.96839106e-01, -2.79009312e-01, -1.23782134e+00,  3.85062397e-01,
        -3.49537909e-01, -1.08945489e+00, -1.00193858e+00, -1.22486234e+00,
         5.28592706e-01, -8.65900636e-01,  2.14594647e-01, -9.67578948e-01,
        -1.10157914e-01, -1.71217728e+00, -3.44817549e-01, -1.01399159e+00,
        -1.72523111e-01, -1.27494633e+00, -1.79331243e+00,  3.15316916e-01,
        -7.62393057e-01, -2.01552105e+00, -1.14138794e+00, -1.10527372e+00,
        -1.40710986e+00, -1.74554491e+00, -4.74064291e-01,  3.33664250e+00,
         1.03389286e-01,  1.75657526e-01,  3.36023211e-01, -1.66438496e+00,
        -9.98845220e-01,  4.21406865e-01, -1.59123707e+00, -1.52132952e+00,
        -1.38156140e+00, -1.96247900e+00, -1.64173257e+00, -2.40897179e+00,
        -1.54817533e+00, -1.56106615e+00,  7.99203634e-01, -1.01663522e-01,
         8.14036250e-01,  2.34047383e-01, -7.58613110e-01, -1.04898679e+00,
         2.74202108e-01, -4.56529856e-01, -5.98569632e-01, -6.45451665e-01,
        -1.44181812e+00, -6.39662147e-01,  1.60838187e-01, -1.42099619e+00,
        -1.72642946e+00, -6.59165755e-02, -7.27352977e-01, -1.03101361e+00,
        -7.72524297e-01, -7.12766469e-01, -1.64489165e-01,  2.70774096e-01,
        -1.09777756e-01, -1.51505187e-01, -1.57612479e+00,  8.14866066e-01,
        -5.54787397e-01,  9.27070081e-01,  4.20355856e-01, -2.43962690e-01,
        -5.57120919e-01,  8.33250806e-02, -4.80606556e-01, -8.64071727e-01,
        -7.64983833e-01, -1.30380780e-01,  3.52285445e-01, -5.13981819e-01,
        -5.39550841e-01, -8.63716483e-01, -8.28381538e-01, -9.50290322e-01,
        -1.77878439e-01, -5.72037697e-01, -4.36195463e-01, -1.74695849e-01,
        -1.30355799e+00, -1.78724051e-01, -2.24165529e-01, -5.03555417e-01,
        -1.44811976e+00, -4.41281170e-01,  1.42181903e-01, -1.05930221e+00,
        -1.25978148e+00,  7.16002584e-02,  9.43464339e-02, -4.84637246e-02,
         3.43448937e-01,  1.02854162e-01,  2.49774933e-01,  6.94471180e-01,
        -1.56613424e-01, -1.14866264e-01,  4.31735098e-01,  4.58364338e-01,
        -1.89342350e-01,  1.01400301e-01, -3.21916848e-01,  7.94857502e-01,
         5.28564304e-02, -6.84791505e-01, -8.74610603e-01,  8.55336428e-01,
        -4.88905340e-01, -5.66784739e-01,  1.32874593e-01,  8.36968958e-01,
        -3.96776572e-02, -1.15822661e+00, -1.16616845e+00, -4.62721378e-01,
        -6.75731838e-01, -5.46848655e-01, -1.16482747e+00, -3.32242966e-01,
        -2.82587945e-01, -9.17762160e-01, -6.60437882e-01, -8.54523599e-01,
        -5.30924201e-01, -2.47131705e-01, -7.01587379e-01, -2.63013363e-01,
        -1.04507017e+00, -1.47229955e-01, -5.26846647e-01,  6.96387827e-01,
         1.67520761e-01, -9.11747813e-01, -9.83474493e-01, -8.18424404e-01,
        -7.03947723e-01,  7.91534007e-01, -3.39892060e-01, -2.51201957e-01,
        -1.00857699e+00, -6.83305621e-01, -5.43984175e-01, -2.49442421e-02,
        -4.94496226e-01,  9.66744199e-02, -1.17923033e+00, -1.57356486e-01,
        -7.35718191e-01, -9.93408859e-01, -2.46455938e-01, -1.31377137e+00,
        -1.20376599e+00,  1.01003215e-01, -1.11258411e+00, -7.23447442e-01,
         5.79216704e-02, -1.29940771e-02, -7.41131753e-02, -9.13336456e-01,
         3.34667087e-01, -1.15684912e-01,  7.30536342e-01, -1.79565728e+00,
        -9.39704239e-01,  2.24859029e-01,  7.36771405e-01,  8.94043684e-01,
         5.22360325e-01, -2.13071927e-02, -8.49383056e-01, -2.79924840e-01,
        -5.76904535e-01,  6.99728727e-01, -6.50583655e-02, -5.73543966e-01,
        -1.05630457e+00,  3.92710447e-01,  6.58116817e-01, -2.01054364e-01,
         6.42743170e-01,  3.35000932e-01, -3.12052667e-01,  4.62330244e-02,
        -5.96731249e-03,  4.20348823e-01, -1.72444820e-01,  9.68811989e-01,
         3.91531140e-01,  1.62210786e+00,  1.82098401e+00,  2.56471777e+00,
         2.19488430e+00,  1.37543809e+00, -8.60707521e-01,  4.36096221e-01,
        -5.42680204e-01, -8.86598706e-01, -1.09738088e+00, -6.00404739e-01,
        -1.23913407e+00,  4.27101225e-01, -1.30012214e+00, -1.23113596e+00,
        -3.12453747e-01, -1.08710206e+00, -4.27499801e-01,  2.80356824e-01,
        -9.23570096e-01,  7.80289710e-01,  3.62024873e-01,  1.93148673e-01,
        -7.44552970e-01, -1.39570808e+00,  5.15821986e-02,  6.76797152e-01,
         1.04497361e+00, -9.44638968e-01,  1.21331275e+00,  8.66159141e-01,
         2.16878399e-01,  1.48243451e+00,  1.61105180e+00,  6.12544477e-01,
         4.62907404e-01, -9.08758819e-01,  2.09206200e+00,  1.32692182e+00,
         6.51917875e-01, -1.66666853e+00, -1.01571941e+00, -1.16153502e+00,
        -1.20713151e+00, -1.76696992e+00, -1.50391185e+00, -7.08266534e-03,
        -1.67285454e+00, -2.01307893e+00,  2.30986774e-01,  6.65951550e-01,
         1.89917612e+00, -4.78061020e-01, -8.40274692e-01, -5.53147256e-01,
        -1.81989479e+00, -4.38300669e-01, -7.96603680e-01, -1.93348587e+00,
        -1.30731022e+00, -1.59544671e+00, -1.83970046e+00, -1.64528275e+00,
        -1.86995912e+00, -1.81167459e+00, -2.11795855e+00, -1.01075244e+00,
        -2.80911684e+00, -1.65799105e+00, -1.22282565e+00, -7.39392579e-01,
        -1.11080647e+00, -6.68467104e-01, -6.26219451e-01, -1.62957609e+00,
         1.84070826e-01, -2.10894585e-01,  1.32193491e-01,  5.39856911e-01,
        -7.97894239e-01,  3.44588280e-01,  1.21176660e-01, -3.68824929e-01,
        -1.39712071e+00, -6.41817033e-01, -6.71467721e-01, -7.91496336e-01,
        -4.12656814e-01, -9.10013795e-01, -4.56731141e-01, -1.08408070e+00,
        -3.98288012e-01, -5.68556964e-01, -2.29799420e-01, -1.29466343e+00,
        -4.23446834e-01, -9.80167761e-02, -4.57328916e-01, -1.31499791e+00,
         9.06393304e-02, -1.13379347e+00, -6.16696835e-01, -3.49085540e-01,
        -5.65287113e-01, -7.05079675e-01, -1.18871629e+00, -1.64213371e+00,
        -1.90326476e+00, -1.93701223e-01, -1.37913907e+00, -4.46102768e-01,
        -8.13867331e-01, -2.38495517e+00, -1.31646073e+00,  2.47158572e-01,
        -2.21407986e+00, -1.62895727e+00, -1.11428544e-01,  1.20123279e+00,
        -7.13138640e-01, -5.55840433e-01,  1.09830737e+00, -3.66366059e-01,
        -8.81268084e-02,  1.14813662e+00, -8.95096898e-01, -1.04364264e+00,
        -2.21434021e+00,  2.81127167e+00, -1.84381258e+00,  1.06445587e+00,
         4.45238680e-01,  9.65903997e-01,  7.57272899e-01, -2.42623878e+00,
         1.50521123e+00,  5.02372682e-01,  2.79434299e+00,  2.37422466e+00,
         6.32873356e-01,  5.41898668e-01, -2.05023438e-01, -6.82294071e-01,
        -1.41419816e+00, -2.03563899e-01,  1.56433225e+00, -7.55022466e-01,
        -8.36480200e-01, -2.06770688e-01, -6.51654780e-01, -3.04432977e-02,
         1.09229434e+00,  3.79813850e-01,  1.54637873e+00,  1.55408108e+00,
        -1.33360338e+00,  5.31138420e-01,  1.52553010e+00,  3.23153913e-01,
         2.16825604e-02,  1.46907771e+00,  1.93143383e-01,  2.05746698e+00,
        -1.06476772e+00, -2.50383556e-01,  3.70504427e+00, -2.40817994e-01,
        -3.16339880e-01, -7.40456581e-01, -1.25899863e+00,  1.70852423e+00,
         3.61253977e-01,  6.49519324e-01, -1.88472104e+00,  2.12936662e-02,
         1.65211320e-01,  1.41372979e+00, -4.16836500e-01,  1.00150430e+00,
        -1.17750287e+00,  6.72742307e-01,  2.66491389e+00, -4.21690136e-01,
         1.44893026e+00,  1.85465491e+00, -9.21929717e-01, -2.67107177e+00,
        -6.89529181e-01,  1.87246054e-01,  2.03653336e+00, -1.06719983e+00,
        -1.25573111e+00,  1.67995453e+00, -1.11927912e-01,  9.30163637e-03,
        -2.16780972e+00, -2.35809386e-01,  8.05712700e-01, -1.43592370e+00,
         1.90760577e+00,  1.22422361e+00,  7.11450696e-01, -1.03549755e+00,
        -3.28443706e-01,  1.52513754e+00,  5.03782630e-01,  2.57358217e+00,
         2.68293947e-01,  3.63898724e-02,  1.44284880e+00, -6.08963490e-01,
         1.22047210e+00,  1.36193132e+00,  1.03728986e+00,  2.65509665e-01,
         1.02353275e+00,  2.43967652e-01, -4.60037291e-01,  3.06317139e+00,
        -2.17784762e+00,  5.87742805e-01, -8.00704420e-01,  9.47063088e-01,
         4.75893259e-01,  4.40620869e-01, -1.46940863e+00,  1.59128499e+00,
         1.36877882e+00, -3.37089396e+00, -6.83072448e-01, -1.08471906e+00,
         1.39883435e+00, -1.05332911e-01,  5.65285563e-01, -4.32143286e-02,
        -6.70019507e-01,  9.11948740e-01, -2.33213961e-01, -1.26049116e-01,
         8.75937492e-02, -7.07631931e-03, -1.65201962e+00, -3.06234229e-03,
         6.30505383e-02, -1.27938247e+00,  6.01554394e-01,  1.73120284e+00,
        -1.25148416e-01,  1.06750242e-03,  2.36500335e+00,  8.79594445e-01,
         5.66457570e-01,  4.03919429e-01,  3.40654111e+00, -1.93360758e+00,
        -1.41453946e+00, -1.08754814e+00, -2.37579331e-01,  2.24214768e+00,
         8.26425970e-01, -8.31568360e-01,  1.80107355e+00, -9.63335335e-02,
        -1.31089532e+00,  1.20241094e+00,  4.08885181e-01, -2.39609814e+00,
         7.30219603e-01,  3.45001125e+00, -6.34039342e-01,  5.34127831e-01,
         1.44072783e+00,  2.38359594e+00,  4.25462455e-01, -1.34442937e+00,
         4.87056637e+00,  9.19492126e-01,  1.22559512e+00,  1.11078978e+00,
        -1.38842607e+00, -9.58455443e-01,  1.12157381e+00,  1.82132459e+00,
        -3.77364494e-02, -4.31687921e-01, -8.32789779e-01,  3.52871865e-01,
         2.83439726e-01, -2.49858618e+00,  6.39874786e-02, -1.38145876e+00,
         1.15981984e+00, -1.71807063e+00,  5.05890369e-01, -1.68097091e+00,
        -1.55004990e+00,  8.80966544e-01,  5.44028759e-01,  1.00315847e-01,
        -9.21850920e-01, -1.48626626e+00, -2.94533658e+00,  4.69971389e-01,
         1.56384289e+00,  1.42087448e+00, -9.31551695e-01,  1.97654474e+00,
         1.91045880e+00,  7.44420946e-01,  1.07140195e+00,  3.74022436e+00,
         1.00901580e+00,  7.52746105e-01,  1.75596491e-01, -1.42254412e+00,
         2.21969676e+00,  9.37750340e-01,  1.31381714e+00,  1.34525239e+00,
         2.47842836e+00,  7.94053972e-01,  1.04521942e+00, -2.08107829e+00,
         2.09783840e+00,  2.28732872e+00,  1.30409610e+00, -1.63321450e-01,
         1.21863246e+00, -1.55000162e+00,  1.30430484e+00,  2.90784299e-01,
        -1.68990803e+00,  8.39153707e-01,  3.74956010e-03,  1.47326255e+00,
         1.64124775e+00,  1.48927286e-01,  2.56041098e+00,  3.61187220e+00,
         2.67426133e+00, -5.88229895e-01,  1.19254863e+00,  2.92818952e+00,
        -9.69070911e-01, -1.24186516e+00,  2.57402062e+00, -2.14869678e-01,
        -1.15913785e+00,  2.13133216e+00,  4.44313735e-01,  1.23027110e+00,
         3.71248889e+00,  9.26903129e-01, -2.50151157e+00,  3.50166768e-01,
         2.38531065e+00, -2.98705429e-01, -3.56039256e-02,  3.29486370e-01,
        -1.15001309e+00,  5.78425586e-01, -8.52568567e-01,  4.06646609e-01,
         2.62531948e+00, -1.98125935e+00, -5.10005295e-01,  7.46170342e-01,
         2.39255047e+00, -1.13342404e+00,  2.32174468e+00,  3.12564731e+00,
        -7.35567033e-01,  6.34571537e-02, -1.40041685e+00,  1.32473767e+00,
        -1.23815668e+00,  1.79986691e+00,  8.53824094e-02,  2.12201759e-01,
        -6.01499856e-01, -2.17252970e+00,  2.61827278e+00, -5.43541849e-01,
         2.65912580e+00, -9.52420712e-01,  1.77760437e-01, -1.99582607e-01,
        -6.28122807e-01,  1.94258428e+00, -7.67282844e-01, -1.62377417e+00,
        -6.11869097e-01,  1.99072599e+00,  1.17317677e+00, -8.44878197e-01,
        -2.92344749e-01,  1.99375427e+00,  4.29600567e-01,  7.37001121e-01,
         1.91343558e+00,  2.48715878e+00,  5.91919422e-01,  1.70139182e+00,
        -2.60316618e-02,  2.48030156e-01,  3.32927406e-01, -2.16986012e+00,
         2.05497479e+00,  4.95929390e-01, -3.53675818e+00, -8.40555131e-03,
         1.10072327e+00,  6.36647046e-01, -1.44988096e+00,  7.99160302e-01,
         1.86080551e+00,  1.42057166e-01, -1.25740552e+00,  1.08591461e+00,
         2.70434499e+00,  1.26390743e+00,  2.46117771e-01, -1.52702034e+00,
         7.07831681e-01, -1.73832309e+00, -1.07378244e+00,  6.52767837e-01,
         1.21528268e+00,  1.61446512e+00,  6.59860075e-01,  1.77319646e+00,
         6.01315796e-01,  1.37023282e+00,  1.29001188e+00, -1.93841279e-01,
        -6.76991045e-01, -2.15099740e+00,  3.34632546e-01,  5.77110887e-01,
         5.88182211e-01,  9.62230325e-01,  1.85638273e+00,  1.29891992e-01,
        -9.40575421e-01,  8.69060099e-01,  2.04997007e-02, -2.02787548e-01,
         5.03293514e-01,  4.53638613e-01, -1.54969263e+00,  2.49730682e+00,
         1.42695159e-01,  1.37008560e+00, -1.86073613e+00,  7.23662674e-01,
         3.09891671e-01,  4.45613295e-01,  1.65171757e-01, -1.90232801e+00,
        -1.99467108e-01,  1.93140686e+00,  2.36900613e-01, -2.78177947e-01,
         1.98871791e+00,  1.35562134e+00,  6.54262304e-01,  1.58003032e+00,
         2.09336185e+00,  1.96833527e+00,  6.84921563e-01, -1.31067824e+00,
         3.20116729e-01,  2.98169065e+00,  1.77331448e+00, -7.27352977e-01,
        -5.04907906e-01, -9.54162955e-01, -1.53126672e-01,  8.35352421e-01,
         2.87582278e+00,  2.60564399e+00, -1.85022414e+00,  1.63275826e+00,
         1.21660304e+00,  7.22400308e-01,  4.22240853e-01,  1.45059609e+00,
        -9.76406813e-01,  2.22624230e+00, -6.08734846e-01,  2.26867056e+00,
         2.08269668e+00,  1.08706594e+00, -4.43461537e-01, -1.48574814e-01,
         8.07882726e-01,  1.60700381e+00,  1.05466866e+00, -1.26787460e+00,
        -1.87645033e-02, -3.17493901e-02,  2.95546412e+00,  2.03514218e+00,
         2.66935754e+00,  9.84104797e-02,  5.36502227e-02,  4.25946742e-01,
        -1.52273226e+00,  2.93819833e+00, -3.55290949e-01,  1.89130813e-01,
         1.52297688e+00,  7.43107796e-01,  3.31730151e+00,  4.45284009e-01,
         1.04788017e+00,  4.42924321e-01,  1.62170351e+00,  2.30989361e+00,
        -1.20516491e+00, -1.19405639e+00, -5.13085604e-01, -2.44341940e-01,
         1.79964876e+00, -3.49675030e-01,  5.71649194e-01,  3.53681326e-01,
        -1.40805304e+00, -4.65013832e-01,  1.16665816e+00,  2.19713044e+00,
         1.34952533e+00,  2.09433365e+00, -6.98807359e-01,  9.13282275e-01,
         5.51154971e-01, -1.16460669e+00,  2.52815413e+00, -2.42841244e-01,
        -1.49959898e+00, -1.25050962e+00, -9.83536839e-01,  6.25471920e-02,
         1.09392738e+00, -1.40424633e+00,  1.40797198e+00,  1.07836223e+00,
         2.23910642e+00, -2.00920820e+00, -4.12853628e-01,  1.63129449e+00,
        -1.07868016e+00, -3.03414524e-01,  1.27021182e+00, -1.35073185e+00,
        -1.14222139e-01, -2.01096628e-02,  7.36813605e-01, -3.27253819e-01,
         1.69849396e+00,  1.43776741e-02,  3.01546961e-01, -2.68483967e-01,
         3.86342025e+00,  2.28192735e+00,  3.11525035e+00, -1.05671847e+00,
         1.05004656e+00, -1.80100575e-01, -1.10447884e-01,  3.74738622e+00,
         1.32760191e+00, -1.34212136e+00,  1.18843412e+00,  1.88554072e+00,
        -2.67909074e+00, -3.22848141e-01, -1.30527258e-01,  5.76032579e-01,
        -1.14088428e+00,  1.70474303e+00,  3.36721390e-01, -1.08737767e+00,
        -1.73010957e+00, -2.76955581e+00, -1.76171803e+00, -7.56090403e-01,
         1.52127647e+00,  1.78522483e-01, -7.31605351e-01,  3.94386649e-01,
         1.44466257e+00, -6.39247358e-01, -2.29219484e+00,  6.33344769e-01,
         1.24118280e+00,  4.60923702e-01, -4.45346653e-01,  6.49295390e-01,
        -1.49669871e-01,  6.03563786e-01,  1.47930682e+00,  1.80302966e+00,
        -4.67476156e-03,  3.21575189e+00, -3.14652659e-02, -3.56925219e-01,
        -5.91291547e-01,  5.88259161e-01, -9.65506792e-01, -3.86160053e-02,
         4.22381401e+00,  2.07845688e+00,  2.67696285e+00, -4.30588186e-01,
         1.54507411e+00,  2.02158904e+00,  1.10355461e+00,  7.37971842e-01,
         4.99898344e-02,  3.32280338e-01,  1.39532733e+00,  1.04979539e+00,
         5.22984362e+00,  3.71646523e+00,  2.23894548e+00,  3.99819016e-02,
         8.04359913e-01,  3.86977345e-01,  1.07382524e+00,  2.15833092e+00,
        -2.08892894e+00, -1.21100259e+00,  5.33452988e-01, -2.29189897e+00,
         1.06788874e+00, -6.27116621e-01,  1.33067340e-01,  3.58073056e-01,
         9.06159520e-01,  2.40273929e+00, -6.99821636e-02, -8.83188605e-01,
        -2.46361637e+00,  8.42985094e-01, -1.28132260e+00, -1.38513255e+00,
        -1.54276800e+00,  5.44658042e-02, -9.52245533e-01, -1.72158694e+00,
        -9.46096897e-01, -2.44803476e+00, -1.85894775e+00, -1.00346982e+00,
        -1.66696882e+00, -1.39440095e+00, -1.08627427e+00, -7.90475011e-01,
        -7.73023486e-01, -9.32443023e-01, -6.13953955e-02, -5.24417341e-01,
        -2.65262580e+00, -3.43266159e-01, -1.88893545e+00, -1.44261837e+00,
         9.50615644e-01,  6.75123334e-01,  9.83277112e-02, -3.15833926e-01,
        -4.92428213e-01, -1.30180195e-01,  1.02203079e-01, -1.50538945e+00,
        -1.36029792e+00,  2.10393503e-01, -1.04532957e+00, -1.50450325e+00,
        -1.14388633e+00, -1.11184645e+00, -1.38622808e+00, -1.57411659e+00,
        -1.57800794e+00, -1.87961924e+00,  1.37255871e+00, -2.53069401e-01,
         5.07931113e-01,  2.54390299e-01, -1.48780477e+00,  1.48449063e+00,
        -9.36409771e-01, -1.82027328e+00,  1.63164091e+00, -2.51176268e-01,
        -7.59310067e-01,  1.65936187e-01,  3.65663618e-01, -1.72800779e+00,
         6.79526567e-01, -6.77373648e-01, -5.62222779e-01, -1.22166371e+00,
        -8.74465108e-01, -3.35033536e-01, -1.56016660e+00, -4.31898892e-01,
        -6.77682579e-01,  2.60479093e-01, -9.40945625e-01, -1.51284838e+00,
        -1.64232731e+00, -2.50151896e+00, -2.22006655e+00, -1.44562280e+00,
        -1.54497421e+00, -2.56529260e+00, -3.07329774e-01,  1.80453086e+00],
       device='cuda:0')
Clean RHS: tensor([[0.26292497]], device='cuda:0')
Split layers:
Nonlinear functions:
   BoundRelu(name=/66, inputs=[/input], perturbed=True)
   BoundRelu(name=/68, inputs=[/input-4], perturbed=True)
   BoundRelu(name=/71, inputs=[/input-12], perturbed=True)
   BoundRelu(name=/73, inputs=[/input-16], perturbed=True)
   BoundRelu(name=/76, inputs=[/input-24], perturbed=True)
   BoundRelu(name=/78, inputs=[/input-28], perturbed=True)
   BoundRelu(name=/80, inputs=[/input-32], perturbed=True)
   BoundRelu(name=/83, inputs=[/input-40], perturbed=True)
   BoundRelu(name=/85, inputs=[/input-44], perturbed=True)
   BoundRelu(name=/87, inputs=[/input-48], perturbed=True)
   BoundRelu(name=/90, inputs=[/input-56], perturbed=True)
   BoundRelu(name=/92, inputs=[/input-60], perturbed=True)
   BoundRelu(name=/94, inputs=[/input-64], perturbed=True)
   BoundRelu(name=/98, inputs=[/input-68], perturbed=True)
   BoundRelu(name=/101, inputs=[/input-72], perturbed=True)
   BoundRelu(name=/input-8/conv_1_relu, inputs=[/input-8/conv_1], perturbed=True)
   BoundRelu(name=/input-8/conv_3_relu, inputs=[/input-8/conv_3], perturbed=True)
   BoundRelu(name=/input-20/conv_1_relu, inputs=[/input-20/conv_1], perturbed=True)
   BoundRelu(name=/input-20/conv_3_relu, inputs=[/input-20/conv_3], perturbed=True)
   BoundRelu(name=/input-36/conv_1_relu, inputs=[/input-36/conv_1], perturbed=True)
   BoundRelu(name=/input-36/conv_3_relu, inputs=[/input-36/conv_3], perturbed=True)
   BoundRelu(name=/input-52/conv_1_relu, inputs=[/input-52/conv_1], perturbed=True)
   BoundRelu(name=/input-52/conv_3_relu, inputs=[/input-52/conv_3], perturbed=True)
   BoundRelu(name=/95/conv_1_relu, inputs=[/95/conv_1], perturbed=True)
   BoundRelu(name=/95/conv_3_relu, inputs=[/95/conv_3], perturbed=True)
Batched CROWN: node BoundConv(name=/input-4, inputs=[/66, /35, /36], perturbed=True), unstable size 9256
Batched CROWN: node BoundConv(name=/input-8/conv_1, inputs=[/68, /input-8/conv_1_w], perturbed=True), unstable size 12127
Batched CROWN: node BoundConv(name=/input-8/conv_3, inputs=[/input-8/add_1_2, /input-8/conv_3_w], perturbed=True), unstable size 4198
Batched CROWN: node BoundConv(name=/input-12, inputs=[/input-8/add_3_4, /37, /38], perturbed=True), unstable size 103371
Batched CROWN: node BoundConv(name=/input-16, inputs=[/71, /39, /40], perturbed=True), unstable size 927410
Batched CROWN: node BoundConv(name=/input-20/conv_1, inputs=[/73, /input-20/conv_1_w], perturbed=True), unstable size 66774
Batched CROWN: node BoundConv(name=/input-20/conv_3, inputs=[/input-20/add_1_2, /input-20/conv_3_w], perturbed=True), unstable size 26422
Batched CROWN: node BoundConv(name=/input-24, inputs=[/input-20/add_3_4, /41, /42], perturbed=True), unstable size 676231
Batched CROWN: node BoundConv(name=/input-28, inputs=[/76, /43, /44], perturbed=True), unstable size 627779
Batched CROWN: node BoundConv(name=/input-32, inputs=[/78, /45, /46], perturbed=True), unstable size 479650
Batched CROWN: node BoundConv(name=/input-36/conv_1, inputs=[/80, /input-36/conv_1_w], perturbed=True), unstable size 12463
Batched CROWN: node BoundConv(name=/input-36/conv_3, inputs=[/input-36/add_1_2, /input-36/conv_3_w], perturbed=True), unstable size 6781
Batched CROWN: node BoundConv(name=/input-40, inputs=[/input-36/add_3_4, /47, /48], perturbed=True), unstable size 242458
Batched CROWN: node BoundConv(name=/input-44, inputs=[/83, /49, /50], perturbed=True), unstable size 327502
Batched CROWN: node BoundConv(name=/input-48, inputs=[/85, /51, /52], perturbed=True), unstable size 22657
Batched CROWN: node BoundConv(name=/input-52/conv_1, inputs=[/87, /input-52/conv_1_w], perturbed=True), unstable size 3186
Batched CROWN: node BoundConv(name=/input-52/conv_3, inputs=[/input-52/add_1_2, /input-52/conv_3_w], perturbed=True), unstable size 2259
Batched CROWN: node BoundConv(name=/input-56, inputs=[/input-52/add_3_4, /53, /54], perturbed=True), unstable size 60911
Batched CROWN: node BoundConv(name=/input-60, inputs=[/90, /55, /56], perturbed=True), unstable size 71881
Batched CROWN: node BoundConv(name=/input-64, inputs=[/92, /57, /58], perturbed=True), unstable size 24697
Batched CROWN: node BoundConv(name=/95/conv_1, inputs=[/94, /95/conv_1_w], perturbed=True), unstable size 583
Batched CROWN: node BoundConv(name=/95/conv_3, inputs=[/95/add_1_2, /95/conv_3_w], perturbed=True), unstable size 388
Batched CROWN: node BoundLinear(name=/input-68, inputs=[/96, /59, /60], perturbed=True), unstable size 3451
Batched CROWN: node BoundLinear(name=/input-72, inputs=[/99, /61, /62], perturbed=True), unstable size 4083
initial crown bounds: tensor([[0.23465741]], device='cuda:0')
Number of class (without rhs): 0 ; Worst class: (+ rhs) 0.2346574068069458
Verified by initial bound!
Result: unsat
Time: 675.8774273395538
[rank 0] === Checking instance ID 273 ===
[rank 0] >>> Running ID=273 onnx=onnx/vgg16-7.onnx
Configurations:

general:
  device: cuda
  seed: 100
  conv_mode: patches
  deterministic: false
  double_fp: false
  loss_reduction_func: max
  sparse_alpha: true
  sparse_interm: true
  save_adv_example: false
  verify_onnxruntime_output: false
  eval_adv_example: false
  show_adv_example: false
  precompile_jit: false
  prepare_only: false
  complete_verifier: bab
  enable_incomplete_verification: false
  csv_name: instances.csv
  results_file: results/vggnet16_all_p_2/result_273.rank0.txt
  root_path: ../../vnncomp2023_benchmarks/benchmarks/vggnet16
  deterministic_opt: false
  graph_optimizer: 'Customized("custom_graph_optimizer", "maxpool_to_relu")'
  buffer_has_batchdim: false
  save_output: false
  output_file: out.pkl
  return_optimized_model: false
  output_additional_stats: true
  instance_id: 273
  dataset_output_dir: dataset
  min_stable_neurons_ratio_threshold: 0.0
model:
  name: null
  path: null
  onnx_path: /projects/air/dlverifier/vggnet16_all/onnx/vgg16-7.onnx
  onnx_path_prefix: ''
  cache_onnx_conversion: true
  debug_onnx: false
  onnx_quirks: null
  input_shape: null
  onnx_loader: default_onnx_and_vnnlib_loader
  onnx_optimization_flags: []
  onnx_vnnlib_joint_optimization_flags: none
  check_optimized: false
  flatten_final_output: false
  optimize_graph: null
  with_jacobian: false
data:
  start: 0
  end: 10000
  select_instance: null
  num_outputs: 1000
  mean: 0.0
  std: 1.0
  pkl_path: null
  dataset: null
  data_filter_path: null
  data_idx_file: null
specification:
  type: lp
  robustness_type: verified-acc
  norm: .inf
  epsilon: null
  epsilon_min: 0.0
  vnnlib_path: /projects/air/dlverifier/vggnet16_all/vnnlib/n01742172_boa_constrictor_fix_nonmask_seg0_k50176_eps_0.0002.vnnlib
  vnnlib_path_prefix: ''
  rhs_offset: null
solver:
  batch_size: 1
  auto_enlarge_batch_size: false
  min_batch_size_ratio: 0.1
  use_float64_in_last_iteration: false
  early_stop_patience: 10
  start_save_best: 0.5
  bound_prop_method: forward+backward
  init_bound_prop_method: same
  prune_after_crown: false
  optimize_disjuncts_separately: false
  crown:
    batch_size: 16
    max_crown_size: 1000000000
    relu_option: adaptive
  alpha-crown:
    alpha: true
    lr_alpha: 0.1
    iteration: 100
    share_alphas: false
    lr_decay: 0.98
    full_conv_alpha: true
    max_coeff_mul: .inf
    matmul_share_alphas: false
    disable_optimization: []
    max_time: 1.0
  invprop:
    apply_output_constraints_to: []
    tighten_input_bounds: false
    best_of_oc_and_no_oc: false
    directly_optimize: []
    oc_lr: 0.1
    share_gammas: false
  beta-crown:
    lr_alpha: 0.01
    lr_beta: 0.05
    lr_decay: 0.98
    optimizer: adam
    iteration: 10
    beta: true
    beta_warmup: true
    enable_opt_interm_bounds: false
    all_node_split_LP: false
  forward:
    refine: false
    dynamic: true
    max_dim: 100
    reset_threshold: 1.0
  intermediate_refinement:
    enabled: false
    batch_size: 10
    opt_coeffs: false
    opt_bias: false
    lr: 0.05
    layers: [-1]
    max_domains: 1000
  multi_class:
    label_batch_size: 32
    skip_with_refined_bound: true
  mip:
    unstable_neuron_threshold: 0
    parallel_solvers: null
    solver_threads: 1
    refine_neuron_timeout: 15
    refine_neuron_time_percentage: 0.8
    early_stop: true
    adv_warmup: true
    mip_solver: gurobi
    skip_unsafe: false
    topk_filter: 1.0
    sliding_window: -1
    extra_constraint: false
    refine_neuron_timeout_increasement: 0
    timeout_neuron_percentage: 0.3
    remaining_timeout_threshold: 1
    remove_unstable_neurons: true
    lp_solver: false
bab:
  initial_max_domains: 1
  backing_up_max_domain: null
  max_domains: .inf
  decision_thresh: 0
  timeout: 1200.0
  timeout_scale: 1
  max_iterations: -1
  override_timeout: null
  get_upper_bound: false
  pruning_in_iteration: true
  pruning_in_iteration_ratio: 0.2
  sort_targets: false
  batched_domain_list: true
  optimized_interm: ''
  interm_transfer: true
  recompute_interm: false
  sort_domain_interval: -1
  vanilla_crown: false
  tree_traversal: depth_first
  cut:
    enabled: false
    cuts_path: /tmp/abcrown_cuts
    implication: false
    bab_cut: false
    lp_cut: false
    method: null
    lr: 0.01
    lr_decay: 1.0
    iteration: 100
    bab_iteration: -1
    early_stop_patience: -1
    lr_beta: 0.02
    number_cuts: 50
    topk_cuts_in_filter: 1000
    batch_size_primal: 100
    max_num: 1000000000
    patches_cut: false
    cplex_cuts: false
    cplex_cuts_wait: 0
    cplex_cuts_revpickup: true
    cut_reference_bounds: true
    fix_intermediate_bounds: false
    _tmp_cuts: null
    fixed_cuts: false
    add_implied_cuts: false
    add_input_cuts: false
    biccos:
      enabled: false
      constraint_strengthening: true
      recursively_strengthening: false
      drop_ratio: 0.5
      verified_bonus: 0.3
      max_infer_iter: 20
      heuristic: neuron_influence_score
      save_biccos_cuts: false
      multi_tree_branching:
        enabled: false
        restore_best_tree: false
        keep_n_best_domains: 1
        k_splits: 1
        iterations: 1
  branching:
    method: sb
    candidates: 3
    reduceop: min
    enable_intermediate_bound_opt: false
    branching_input_and_activation: false
    branching_input_and_activation_order: [input, relu]
    branching_input_iterations: 30
    branching_relu_iterations: 50
    gnn_path: ''
    neural_heuristic:
      model_path: ''
    rl:
      experiment: general
      eval: false
      extras: []
      logging:
        color: true
        debug: true
        file: rl-experiment.log
      pnet:
        gH: 64
        tH: 64
        nheads: 64
        nlayers: 64
        useDynamicGraph: true
        bidirectional: false
        GAT: true
      training:
        gamma: 0.99
        lr: 0.001
        batchSize: 8
        loop: 8
        totalEpochs: 10
        updatePolicyFrequency: 10
        updateTargetFrequency: 10
        buffer: buffer.pkl
        preparedBuffer: 'False'
        TestingPreparedBuffer: false
        scriptTraining: false
        policynet: policy-checkpoint.pt
        targetnet: target-checkpoint.pt
        datasetShuffle: true
        targetedData: all
        splitRatio: 0.8
        maxInstances: -1
        trainingMode: full
        reward:
          norm: null
          bonus: 10.0
          penalty: -1.0
      egreedy:
        epsilon: 0.1
        epsilonDecay: 0.1
        minEpsilon: 0.1
        ePath: epsilon.pt
        enabled: true
      expert:
        useExpertUntilEpisode: 0.1
        enabled: true
        learnToImitateExpertEpochs: 10
    nonlinear_split:
      method: shortcut
      branching_point_method: uniform
      num_branches: 2
      filter: false
      filter_beta: false
      filter_clamp: false
      filter_batch_size: 10000
      filter_iterations: 25
      relu_only: false
      loose_tanh_threshold: null
      dynamic_bbps: false
      dynamic_options: [uniform, three_left, three_right]
      branching_point_node: ''
      branching_point_db: []
    input_split:
      enable_clip_domains: false
      split_hint: null
      reorder_bab: false
      enable: true
      enhanced_bound_prop_method: alpha-crown
      enhanced_branching_method: naive
      enhanced_bound_patience: 100000000.0
      attack_patience: 100000000.0
      adv_check: 0
      split_partitions: 2
      sb_margin_weight: 1.0
      sb_sum: false
      sb_primary_spec: null
      bf_backup_thresh: -1
      bf_rhs_offset: 0
      bf_iters: 1000000000.0
      bf_batch_size: 100000
      bf_zero_crossing_score: false
      touch_zero_score: 0
      ibp_enhancement: false
      catch_assertion: false
      compare_with_old_bounds: false
      update_rhs_with_attack: false
      sb_coeff_thresh: 0.001
      sort_index: null
      sort_descending: true
      show_progress: false
      presplit_domains: null
      skip_getting_worst_domain: false
  attack:
    enabled: false
    beam_candidates: 8
    beam_depth: 7
    max_dive_fix_ratio: 0.8
    min_local_free_ratio: 0.2
    mip_start_iteration: 5
    mip_timeout: 30.0
    adv_pool_threshold: null
    refined_mip_attacker: false
    refined_batch_size: null
attack:
  pgd_order: input_bab
  pgd_steps: 100
  pgd_restarts: 30
  pgd_batch_size: 100000000
  pgd_early_stop: true
  pgd_lr_decay: 0.99
  pgd_alpha: auto
  pgd_alpha_scale: false
  pgd_loss_mode: null
  pgd_restart_when_stuck: false
  enable_mip_attack: false
  adv_saver: default_adv_saver
  adv_verifier: default_adv_verifier
  early_stop_condition: default_early_stop_condition
  adv_example_finalizer: default_adv_example_finalizer
  pgd_loss: default_pgd_loss
  cex_path: ./test_cex.txt
  attack_mode: PGD
  attack_tolerance: 0.0
  attack_func: attack_with_general_specs
  gama_lambda: 10.0
  gama_decay: 0.9
  check_clean: true
  input_split:
    pgd_steps: 100
    pgd_restarts: 30
    pgd_alpha: auto
  input_split_enhanced:
    pgd_steps: 200
    pgd_restarts: 500000
    pgd_alpha: auto
  input_split_check_adv:
    enabled: auto
    pgd_steps: 5
    pgd_restarts: 5
    pgd_alpha: auto
    max_num_domains: 10
debug:
  sanity_check: Full+Graph
  view_model: false
  lp_test: null
  rescale_vnnlib_ptb: null
  test_optimized_bounds: false
  test_optimized_bounds_after_n_iterations: 0
  print_verbose_decisions: false

Experiments at Thu Feb 19 07:34:55 2026 on d1029
Internal results will be saved to results/vggnet16_all_p_2/result_273.rank0.txt.

[ZRL] %%%%%%%%%%%%%%%%%%%%%%%%%%%%%%%%%%% idx: 0, vnnlib ID: 0 %%%%%%%%%%%%%%%%%%%%%%%%%%%%%%%%%%%
Using onnx /projects/air/dlverifier/vggnet16_all/onnx/vgg16-7.onnx
Using vnnlib /projects/air/dlverifier/vggnet16_all/vnnlib/n01742172_boa_constrictor_fix_nonmask_seg0_k50176_eps_0.0002.vnnlib
150528 inputs and 1000 outputs in vnnlib
Loading cached onnx model from /projects/air/dlverifier/vggnet16_all/onnx/vgg16-7.onnx.cached
Cannot read cached onnx file. Regenerating...
Loading onnx /projects/air/dlverifier/vggnet16_all/onnx/vgg16-7.onnx with quirks {}
Finished onnx model loading in 33.4538 seconds
Number of perturbed inputs: 120675
WARNING: prioritizing attack due to too many perturbed pixels on VGG
Setting arguments.Config["attack"]["pgd_order"] to "before"
Setting bound_prop_method to crown
Attack parameters: initialization=uniform, steps=100, restarts=30, alpha=5.000084638595581e-05, initialization=uniform, GAMA=False
Model output of first 5 examples:
 tensor([[-8.83861125e-01,  7.65109003e-01, -1.03670418e+00, -5.18855810e-01,
         -9.20036077e-01,  1.77688509e-01, -1.67549700e-01, -1.53181148e+00,
         -1.61198354e+00, -7.96385705e-01, -3.21741372e-01,  2.19483227e-02,
         -1.98014364e-01, -4.45543259e-01, -2.40268081e-01,  1.16640307e-01,
         -4.62420315e-01, -1.37196994e+00, -6.00134552e-01, -3.09629470e-01,
         -6.81195438e-01,  6.53523684e-01,  4.39475209e-01, -6.39646828e-01,
          2.99384624e-01, -8.27441931e-01,  5.03377020e-01, -3.92964959e-01,
         -1.06774807e+00,  2.94120520e-01, -1.91947830e+00,  3.81442338e-01,
         -8.01764607e-01, -1.56418335e+00, -1.00207245e+00, -1.76815760e+00,
         -4.78496343e-01, -2.02370644e+00,  7.73566246e-01, -1.13321340e+00,
          6.34478569e-01, -6.36172593e-01, -3.49652648e-01, -1.87705278e-01,
          1.61001846e-01, -4.53712136e-01,  6.73942924e-01, -1.95269749e-01,
         -1.69006789e+00, -7.29172111e-01, -2.36765727e-01, -1.75033307e+00,
          2.08973974e-01,  1.47309989e-01, -6.17469549e-01, -9.46843743e-01,
         -5.79623342e-01, -1.76299870e+00, -2.54331321e-01,  8.24398547e-02,
         -6.73986599e-02, -8.59578729e-01, -1.12250400e+00,  3.91176254e-01,
          3.55827451e-01, -6.46945119e-01, -1.93459272e-01, -4.78412986e-01,
         -4.42893445e-01, -3.10974866e-01,  1.03095829e+00,  7.93504894e-01,
          4.37597334e-01,  1.95507050e+00,  6.96392238e-01,  1.83422577e+00,
          6.20268524e-01,  2.26247430e+00,  2.19589567e+00,  1.72936976e+00,
          4.59145188e-01, -1.00656915e+00, -4.77165580e-01, -3.21638465e-01,
         -9.96839106e-01, -2.79009551e-01, -1.23782170e+00,  3.85062546e-01,
         -3.49538058e-01, -1.08945489e+00, -1.00193858e+00, -1.22486234e+00,
          5.28592408e-01, -8.65901113e-01,  2.14594483e-01, -9.67579126e-01,
         -1.10158317e-01, -1.71217752e+00, -3.44817698e-01, -1.01399171e+00,
         -1.72523230e-01, -1.27494657e+00, -1.79331243e+00,  3.15316945e-01,
         -7.62393177e-01, -2.01552105e+00, -1.14138770e+00, -1.10527372e+00,
         -1.40710986e+00, -1.74554467e+00, -4.74064499e-01,  3.33664298e+00,
          1.03388980e-01,  1.75657481e-01,  3.36023271e-01, -1.66438520e+00,
         -9.98845458e-01,  4.21406984e-01, -1.59123743e+00, -1.52132988e+00,
         -1.38156199e+00, -1.96247911e+00, -1.64173257e+00, -2.40897226e+00,
         -1.54817557e+00, -1.56106651e+00,  7.99203455e-01, -1.01663597e-01,
          8.14036250e-01,  2.34047174e-01, -7.58613348e-01, -1.04898667e+00,
          2.74201870e-01, -4.56530213e-01, -5.98569870e-01, -6.45451725e-01,
         -1.44181812e+00, -6.39662206e-01,  1.60838082e-01, -1.42099619e+00,
         -1.72642970e+00, -6.59167245e-02, -7.27353096e-01, -1.03101349e+00,
         -7.72524595e-01, -7.12766469e-01, -1.64489150e-01,  2.70774335e-01,
         -1.09777637e-01, -1.51505157e-01, -1.57612467e+00,  8.14866066e-01,
         -5.54787457e-01,  9.27070081e-01,  4.20355797e-01, -2.43962809e-01,
         -5.57120979e-01,  8.33251104e-02, -4.80606705e-01, -8.64071965e-01,
         -7.64983892e-01, -1.30380809e-01,  3.52285326e-01, -5.13981700e-01,
         -5.39550781e-01, -8.63716483e-01, -8.28381717e-01, -9.50290442e-01,
         -1.77878290e-01, -5.72037816e-01, -4.36195523e-01, -1.74695879e-01,
         -1.30355823e+00, -1.78724065e-01, -2.24165320e-01, -5.03555357e-01,
         -1.44812012e+00, -4.41281229e-01,  1.42181873e-01, -1.05930221e+00,
         -1.25978148e+00,  7.16002882e-02,  9.43464115e-02, -4.84636649e-02,
          3.43448967e-01,  1.02853984e-01,  2.49774858e-01,  6.94471300e-01,
         -1.56613514e-01, -1.14866160e-01,  4.31735128e-01,  4.58364487e-01,
         -1.89342290e-01,  1.01400323e-01, -3.21916997e-01,  7.94857502e-01,
          5.28563857e-02, -6.84791505e-01, -8.74610722e-01,  8.55336308e-01,
         -4.88905400e-01, -5.66784978e-01,  1.32874608e-01,  8.36968958e-01,
         -3.96777615e-02, -1.15822637e+00, -1.16616845e+00, -4.62721378e-01,
         -6.75731838e-01, -5.46848595e-01, -1.16482723e+00, -3.32242876e-01,
         -2.82587826e-01, -9.17762339e-01, -6.60437882e-01, -8.54523718e-01,
         -5.30924201e-01, -2.47131616e-01, -7.01587319e-01, -2.63013273e-01,
         -1.04507017e+00, -1.47229865e-01, -5.26846707e-01,  6.96388066e-01,
          1.67520776e-01, -9.11747575e-01, -9.83474374e-01, -8.18424284e-01,
         -7.03947783e-01,  7.91534126e-01, -3.39892119e-01, -2.51201957e-01,
         -1.00857699e+00, -6.83305562e-01, -5.43984056e-01, -2.49442346e-02,
         -4.94496047e-01,  9.66744646e-02, -1.17923021e+00, -1.57356322e-01,
         -7.35718131e-01, -9.93408680e-01, -2.46455997e-01, -1.31377137e+00,
         -1.20376575e+00,  1.01003170e-01, -1.11258423e+00, -7.23447442e-01,
          5.79217002e-02, -1.29940622e-02, -7.41129816e-02, -9.13336456e-01,
          3.34667176e-01, -1.15684986e-01,  7.30536282e-01, -1.79565740e+00,
         -9.39703941e-01,  2.24859089e-01,  7.36771703e-01,  8.94043624e-01,
          5.22360384e-01, -2.13071033e-02, -8.49382997e-01, -2.79924840e-01,
         -5.76904714e-01,  6.99728847e-01, -6.50584102e-02, -5.73544025e-01,
         -1.05630445e+00,  3.92710388e-01,  6.58116817e-01, -2.01054513e-01,
          6.42743111e-01,  3.35000902e-01, -3.12052757e-01,  4.62328903e-02,
         -5.96731994e-03,  4.20348853e-01, -1.72444791e-01,  9.68812108e-01,
          3.91531348e-01,  1.62210810e+00,  1.82098413e+00,  2.56471825e+00,
          2.19488454e+00,  1.37543821e+00, -8.60707581e-01,  4.36096191e-01,
         -5.42680562e-01, -8.86598706e-01, -1.09738100e+00, -6.00405097e-01,
         -1.23913407e+00,  4.27101076e-01, -1.30012226e+00, -1.23113596e+00,
         -3.12453747e-01, -1.08710217e+00, -4.27499950e-01,  2.80357003e-01,
         -9.23570514e-01,  7.80289471e-01,  3.62024575e-01,  1.93148226e-01,
         -7.44553506e-01, -1.39570844e+00,  5.15819602e-02,  6.76796854e-01,
          1.04497313e+00, -9.44639206e-01,  1.21331263e+00,  8.66158962e-01,
          2.16878280e-01,  1.48243439e+00,  1.61105156e+00,  6.12544119e-01,
          4.62907225e-01, -9.08759177e-01,  2.09206176e+00,  1.32692170e+00,
          6.51917815e-01, -1.66666865e+00, -1.01571965e+00, -1.16153514e+00,
         -1.20713174e+00, -1.76697040e+00, -1.50391233e+00, -7.08265789e-03,
         -1.67285466e+00, -2.01307893e+00,  2.30986983e-01,  6.65951669e-01,
          1.89917648e+00, -4.78061020e-01, -8.40274453e-01, -5.53147078e-01,
         -1.81989503e+00, -4.38300580e-01, -7.96603799e-01, -1.93348610e+00,
         -1.30731046e+00, -1.59544683e+00, -1.83970046e+00, -1.64528310e+00,
         -1.86995935e+00, -1.81167459e+00, -2.11795878e+00, -1.01075256e+00,
         -2.80911684e+00, -1.65799117e+00, -1.22282577e+00, -7.39392757e-01,
         -1.11080682e+00, -6.68467343e-01, -6.26219749e-01, -1.62957621e+00,
          1.84070975e-01, -2.10894451e-01,  1.32193536e-01,  5.39857090e-01,
         -7.97894180e-01,  3.44588518e-01,  1.21176764e-01, -3.68825018e-01,
         -1.39712083e+00, -6.41816974e-01, -6.71467543e-01, -7.91496456e-01,
         -4.12656635e-01, -9.10013795e-01, -4.56731379e-01, -1.08408070e+00,
         -3.98288250e-01, -5.68557084e-01, -2.29799628e-01, -1.29466379e+00,
         -4.23447043e-01, -9.80169550e-02, -4.57328975e-01, -1.31499791e+00,
          9.06392112e-02, -1.13379371e+00, -6.16697013e-01, -3.49085599e-01,
         -5.65287232e-01, -7.05079794e-01, -1.18871641e+00, -1.64213371e+00,
         -1.90326476e+00, -1.93701535e-01, -1.37913918e+00, -4.46102738e-01,
         -8.13867569e-01, -2.38495564e+00, -1.31646049e+00,  2.47158468e-01,
         -2.21408010e+00, -1.62895751e+00, -1.11428484e-01,  1.20123315e+00,
         -7.13138759e-01, -5.55840611e-01,  1.09830749e+00, -3.66365761e-01,
         -8.81266296e-02,  1.14813673e+00, -8.95097077e-01, -1.04364288e+00,
         -2.21434021e+00,  2.81127214e+00, -1.84381294e+00,  1.06445611e+00,
          4.45238918e-01,  9.65904117e-01,  7.57272840e-01, -2.42623854e+00,
          1.50521123e+00,  5.02372622e-01,  2.79434323e+00,  2.37422419e+00,
          6.32873476e-01,  5.41898668e-01, -2.05023259e-01, -6.82294309e-01,
         -1.41419852e+00, -2.03564242e-01,  1.56433260e+00, -7.55022287e-01,
         -8.36480319e-01, -2.06770793e-01, -6.51654959e-01, -3.04431785e-02,
          1.09229457e+00,  3.79814029e-01,  1.54637873e+00,  1.55408108e+00,
         -1.33360386e+00,  5.31138420e-01,  1.52553046e+00,  3.23153973e-01,
          2.16826797e-02,  1.46907783e+00,  1.93143427e-01,  2.05746698e+00,
         -1.06476784e+00, -2.50383705e-01,  3.70504475e+00, -2.40818053e-01,
         -3.16339791e-01, -7.40456820e-01, -1.25899827e+00,  1.70852435e+00,
          3.61253917e-01,  6.49519265e-01, -1.88472116e+00,  2.12936960e-02,
          1.65211439e-01,  1.41372979e+00, -4.16836441e-01,  1.00150442e+00,
         -1.17750263e+00,  6.72742546e-01,  2.66491413e+00, -4.21690047e-01,
          1.44893038e+00,  1.85465503e+00, -9.21929717e-01, -2.67107201e+00,
         -6.89529538e-01,  1.87246069e-01,  2.03653336e+00, -1.06719971e+00,
         -1.25573099e+00,  1.67995512e+00, -1.11927867e-01,  9.30136815e-03,
         -2.16780996e+00, -2.35809207e-01,  8.05712938e-01, -1.43592370e+00,
          1.90760601e+00,  1.22422397e+00,  7.11450934e-01, -1.03549790e+00,
         -3.28443587e-01,  1.52513790e+00,  5.03782511e-01,  2.57358265e+00,
          2.68293917e-01,  3.63897830e-02,  1.44284880e+00, -6.08963370e-01,
          1.22047234e+00,  1.36193156e+00,  1.03729022e+00,  2.65509754e-01,
          1.02353311e+00,  2.43967474e-01, -4.60037470e-01,  3.06317186e+00,
         -2.17784762e+00,  5.87742865e-01, -8.00704181e-01,  9.47063446e-01,
          4.75893468e-01,  4.40620929e-01, -1.46940851e+00,  1.59128511e+00,
          1.36877894e+00, -3.37089396e+00, -6.83072507e-01, -1.08471918e+00,
          1.39883471e+00, -1.05332971e-01,  5.65285742e-01, -4.32146713e-02,
         -6.70019388e-01,  9.11948621e-01, -2.33213842e-01, -1.26048699e-01,
          8.75937045e-02, -7.07591698e-03, -1.65201950e+00, -3.06223799e-03,
          6.30506724e-02, -1.27938235e+00,  6.01554513e-01,  1.73120308e+00,
         -1.25148237e-01,  1.06763653e-03,  2.36500335e+00,  8.79594564e-01,
          5.66457570e-01,  4.03919637e-01,  3.40654182e+00, -1.93360758e+00,
         -1.41453969e+00, -1.08754814e+00, -2.37579554e-01,  2.24214816e+00,
          8.26426208e-01, -8.31568241e-01,  1.80107355e+00, -9.63334441e-02,
         -1.31089520e+00,  1.20241129e+00,  4.08885509e-01, -2.39609814e+00,
          7.30219722e-01,  3.45001101e+00, -6.34039044e-01,  5.34128010e-01,
          1.44072771e+00,  2.38359642e+00,  4.25462574e-01, -1.34442961e+00,
          4.87056637e+00,  9.19492126e-01,  1.22559512e+00,  1.11078966e+00,
         -1.38842618e+00, -9.58455443e-01,  1.12157357e+00,  1.82132471e+00,
         -3.77365686e-02, -4.31687981e-01, -8.32789660e-01,  3.52872342e-01,
          2.83439606e-01, -2.49858618e+00,  6.39875084e-02, -1.38145888e+00,
          1.15982020e+00, -1.71807063e+00,  5.05890548e-01, -1.68097115e+00,
         -1.55005002e+00,  8.80966783e-01,  5.44028819e-01,  1.00315727e-01,
         -9.21851158e-01, -1.48626661e+00, -2.94533682e+00,  4.69971657e-01,
          1.56384313e+00,  1.42087495e+00, -9.31551933e-01,  1.97654498e+00,
          1.91045904e+00,  7.44421363e-01,  1.07140219e+00,  3.74022436e+00,
          1.00901616e+00,  7.52746046e-01,  1.75596610e-01, -1.42254424e+00,
          2.21969724e+00,  9.37750459e-01,  1.31381726e+00,  1.34525239e+00,
          2.47842884e+00,  7.94054091e-01,  1.04521942e+00, -2.08107829e+00,
          2.09783840e+00,  2.28732920e+00,  1.30409670e+00, -1.63321808e-01,
          1.21863270e+00, -1.55000198e+00,  1.30430508e+00,  2.90784568e-01,
         -1.68990815e+00,  8.39154243e-01,  3.74953775e-03,  1.47326291e+00,
          1.64124775e+00,  1.48927316e-01,  2.56041121e+00,  3.61187220e+00,
          2.67426181e+00, -5.88229716e-01,  1.19254863e+00,  2.92818975e+00,
         -9.69070911e-01, -1.24186504e+00,  2.57402062e+00, -2.14869991e-01,
         -1.15913773e+00,  2.13133216e+00,  4.44313794e-01,  1.23027134e+00,
          3.71248913e+00,  9.26903367e-01, -2.50151205e+00,  3.50167274e-01,
          2.38531065e+00, -2.98705339e-01, -3.56037840e-02,  3.29486459e-01,
         -1.15001297e+00,  5.78425705e-01, -8.52568626e-01,  4.06646550e-01,
          2.62531948e+00, -1.98125935e+00, -5.10005176e-01,  7.46170938e-01,
          2.39255071e+00, -1.13342404e+00,  2.32174492e+00,  3.12564731e+00,
         -7.35567272e-01,  6.34574443e-02, -1.40041721e+00,  1.32473791e+00,
         -1.23815668e+00,  1.79986715e+00,  8.53824615e-02,  2.12201938e-01,
         -6.01500154e-01, -2.17253017e+00,  2.61827326e+00, -5.43542087e-01,
          2.65912628e+00, -9.52420950e-01,  1.77760497e-01, -1.99582621e-01,
         -6.28123045e-01,  1.94258416e+00, -7.67282963e-01, -1.62377429e+00,
         -6.11869276e-01,  1.99072659e+00,  1.17317688e+00, -8.44878316e-01,
         -2.92344749e-01,  1.99375427e+00,  4.29600686e-01,  7.37001240e-01,
          1.91343594e+00,  2.48715925e+00,  5.91919720e-01,  1.70139205e+00,
         -2.60316022e-02,  2.48030141e-01,  3.32927734e-01, -2.16986036e+00,
          2.05497479e+00,  4.95929629e-01, -3.53675818e+00, -8.40552151e-03,
          1.10072351e+00,  6.36647046e-01, -1.44988084e+00,  7.99160182e-01,
          1.86080563e+00,  1.42057419e-01, -1.25740576e+00,  1.08591461e+00,
          2.70434523e+00,  1.26390731e+00,  2.46117711e-01, -1.52702081e+00,
          7.07831562e-01, -1.73832333e+00, -1.07378244e+00,  6.52767777e-01,
          1.21528316e+00,  1.61446536e+00,  6.59860253e-01,  1.77319670e+00,
          6.01316035e-01,  1.37023330e+00,  1.29001224e+00, -1.93841249e-01,
         -6.76991224e-01, -2.15099764e+00,  3.34632546e-01,  5.77110887e-01,
          5.88182211e-01,  9.62230027e-01,  1.85638309e+00,  1.29891962e-01,
         -9.40575480e-01,  8.69060218e-01,  2.04998981e-02, -2.02787802e-01,
          5.03293514e-01,  4.53639030e-01, -1.54969275e+00,  2.49730730e+00,
          1.42695233e-01,  1.37008607e+00, -1.86073649e+00,  7.23662853e-01,
          3.09891701e-01,  4.45613295e-01,  1.65172055e-01, -1.90232778e+00,
         -1.99466854e-01,  1.93140721e+00,  2.36900911e-01, -2.78178155e-01,
          1.98871791e+00,  1.35562158e+00,  6.54262483e-01,  1.58003056e+00,
          2.09336233e+00,  1.96833551e+00,  6.84921563e-01, -1.31067836e+00,
          3.20117027e-01,  2.98169088e+00,  1.77331495e+00, -7.27352798e-01,
         -5.04907727e-01, -9.54163134e-01, -1.53126657e-01,  8.35352361e-01,
          2.87582326e+00,  2.60564470e+00, -1.85022449e+00,  1.63275814e+00,
          1.21660292e+00,  7.22400129e-01,  4.22241211e-01,  1.45059621e+00,
         -9.76406693e-01,  2.22624278e+00, -6.08734787e-01,  2.26867080e+00,
          2.08269668e+00,  1.08706582e+00, -4.43461299e-01, -1.48574486e-01,
          8.07882726e-01,  1.60700393e+00,  1.05466878e+00, -1.26787508e+00,
         -1.87644288e-02, -3.17493416e-02,  2.95546436e+00,  2.03514242e+00,
          2.66935754e+00,  9.84103307e-02,  5.36502451e-02,  4.25947040e-01,
         -1.52273262e+00,  2.93819857e+00, -3.55290771e-01,  1.89130723e-01,
          1.52297711e+00,  7.43107915e-01,  3.31730175e+00,  4.45284188e-01,
          1.04788017e+00,  4.42924559e-01,  1.62170351e+00,  2.30989408e+00,
         -1.20516527e+00, -1.19405615e+00, -5.13085663e-01, -2.44342238e-01,
          1.79964900e+00, -3.49675000e-01,  5.71649551e-01,  3.53681505e-01,
         -1.40805316e+00, -4.65014070e-01,  1.16665840e+00,  2.19713092e+00,
          1.34952557e+00,  2.09433413e+00, -6.98807299e-01,  9.13282275e-01,
          5.51155031e-01, -1.16460681e+00,  2.52815413e+00, -2.42841661e-01,
         -1.49959910e+00, -1.25050926e+00, -9.83536839e-01,  6.25474304e-02,
          1.09392762e+00, -1.40424645e+00,  1.40797222e+00,  1.07836223e+00,
          2.23910689e+00, -2.00920820e+00, -4.12853599e-01,  1.63129437e+00,
         -1.07868052e+00, -3.03414226e-01,  1.27021170e+00, -1.35073149e+00,
         -1.14222243e-01, -2.01098118e-02,  7.36813843e-01, -3.27253819e-01,
          1.69849432e+00,  1.43775847e-02,  3.01547319e-01, -2.68484235e-01,
          3.86342025e+00,  2.28192759e+00,  3.11525035e+00, -1.05671871e+00,
          1.05004668e+00, -1.80100635e-01, -1.10447988e-01,  3.74738646e+00,
          1.32760179e+00, -1.34212160e+00,  1.18843389e+00,  1.88554072e+00,
         -2.67909074e+00, -3.22848052e-01, -1.30527437e-01,  5.76032877e-01,
         -1.14088452e+00,  1.70474327e+00,  3.36721420e-01, -1.08737767e+00,
         -1.73010969e+00, -2.76955628e+00, -1.76171803e+00, -7.56090641e-01,
          1.52127671e+00,  1.78522423e-01, -7.31605470e-01,  3.94386679e-01,
          1.44466269e+00, -6.39247358e-01, -2.29219532e+00,  6.33344650e-01,
          1.24118292e+00,  4.60923970e-01, -4.45346624e-01,  6.49295330e-01,
         -1.49669901e-01,  6.03563905e-01,  1.47930682e+00,  1.80303013e+00,
         -4.67497762e-03,  3.21575189e+00, -3.14649381e-02, -3.56925339e-01,
         -5.91291487e-01,  5.88258862e-01, -9.65506911e-01, -3.86156775e-02,
          4.22381449e+00,  2.07845736e+00,  2.67696333e+00, -4.30588037e-01,
          1.54507422e+00,  2.02158976e+00,  1.10355484e+00,  7.37972200e-01,
          4.99898791e-02,  3.32280517e-01,  1.39532745e+00,  1.04979563e+00,
          5.22984362e+00,  3.71646523e+00,  2.23894572e+00,  3.99818867e-02,
          8.04360032e-01,  3.86977524e-01,  1.07382548e+00,  2.15833092e+00,
         -2.08892894e+00, -1.21100247e+00,  5.33453345e-01, -2.29189944e+00,
          1.06788886e+00, -6.27116740e-01,  1.33067414e-01,  3.58073086e-01,
          9.06159520e-01,  2.40273952e+00, -6.99820146e-02, -8.83188605e-01,
         -2.46361637e+00,  8.42985153e-01, -1.28132260e+00, -1.38513267e+00,
         -1.54276800e+00,  5.44658415e-02, -9.52245414e-01, -1.72158682e+00,
         -9.46096897e-01, -2.44803572e+00, -1.85894799e+00, -1.00346982e+00,
         -1.66696858e+00, -1.39440084e+00, -1.08627415e+00, -7.90474832e-01,
         -7.73023486e-01, -9.32443082e-01, -6.13953881e-02, -5.24417281e-01,
         -2.65262580e+00, -3.43265980e-01, -1.88893569e+00, -1.44261885e+00,
          9.50615585e-01,  6.75123453e-01,  9.83275622e-02, -3.15834045e-01,
         -4.92428154e-01, -1.30180195e-01,  1.02203049e-01, -1.50538945e+00,
         -1.36029816e+00,  2.10393608e-01, -1.04532969e+00, -1.50450325e+00,
         -1.14388633e+00, -1.11184645e+00, -1.38622832e+00, -1.57411683e+00,
         -1.57800817e+00, -1.87961948e+00,  1.37255883e+00, -2.53069401e-01,
          5.07931232e-01,  2.54390419e-01, -1.48780489e+00,  1.48449075e+00,
         -9.36409771e-01, -1.82027328e+00,  1.63164091e+00, -2.51176327e-01,
         -7.59309947e-01,  1.65936083e-01,  3.65663648e-01, -1.72800779e+00,
          6.79526508e-01, -6.77373767e-01, -5.62222958e-01, -1.22166395e+00,
         -8.74465466e-01, -3.35033774e-01, -1.56016695e+00, -4.31899041e-01,
         -6.77682698e-01,  2.60478765e-01, -9.40945745e-01, -1.51284850e+00,
         -1.64232779e+00, -2.50151896e+00, -2.22006679e+00, -1.44562304e+00,
         -1.54497445e+00, -2.56529284e+00, -3.07329774e-01,  1.80453062e+00]],
       device='cuda:0')
Adv example prediction (first 2 examples and 2 restarts):
 tensor([[[-8.49850774e-01,  7.95855701e-01, -1.01795709e+00, -5.12371600e-01,
          -9.08907771e-01,  2.03768641e-01, -1.68745920e-01, -1.54370868e+00,
          -1.61531973e+00, -8.02728772e-01, -3.10840786e-01,  4.81446180e-03,
          -2.07067251e-01, -4.73716408e-01, -2.42497534e-01,  1.12603329e-01,
          -4.69398439e-01, -1.38269770e+00, -6.16557658e-01, -3.30650777e-01,
          -6.78422987e-01,  6.62320793e-01,  4.29657012e-01, -6.49597585e-01,
           2.91240990e-01, -8.25656950e-01,  5.27164757e-01, -3.87144506e-01,
          -1.05443203e+00,  3.11863780e-01, -1.90978706e+00,  3.74215722e-01,
          -7.79796302e-01, -1.53644216e+00, -9.85879362e-01, -1.74803483e+00,
          -4.56777602e-01, -2.01587844e+00,  7.83857822e-01, -1.12967873e+00,
           6.09974921e-01, -6.28237128e-01, -3.51532757e-01, -1.78315595e-01,
           1.59408078e-01, -4.42178637e-01,  6.51821733e-01, -1.90429419e-01,
          -1.68762839e+00, -7.15592563e-01, -2.21704304e-01, -1.72149837e+00,
           1.93622753e-01,  1.42273813e-01, -6.24246001e-01, -9.54536915e-01,
          -5.71102381e-01, -1.76304841e+00, -2.41882890e-01,  8.86731744e-02,
          -7.20333606e-02, -8.79205048e-01, -1.09386933e+00,  4.10393596e-01,
           3.58625293e-01, -6.43009245e-01, -1.80855870e-01, -4.95180547e-01,
          -4.27494049e-01, -3.21214646e-01,  1.01867783e+00,  7.92347372e-01,
           4.47555065e-01,  1.96914649e+00,  7.05599904e-01,  1.83194494e+00,
           6.22101128e-01,  2.25283408e+00,  2.18777227e+00,  1.70494735e+00,
           4.80998278e-01, -1.00856268e+00, -4.70076114e-01, -3.13346595e-01,
          -9.97920930e-01, -3.04819226e-01, -1.23799229e+00,  3.59818935e-01,
          -3.43472093e-01, -1.09542108e+00, -1.00432801e+00, -1.21902180e+00,
           5.26784182e-01, -8.64132524e-01,  2.01791734e-01, -9.57477152e-01,
          -1.03174709e-01, -1.71426511e+00, -3.17101955e-01, -1.01425862e+00,
          -1.77705705e-01, -1.26473939e+00, -1.79249728e+00,  3.34401131e-01,
          -7.60195136e-01, -2.01053214e+00, -1.14399600e+00, -1.09224164e+00,
          -1.39601052e+00, -1.73254919e+00, -4.73013788e-01,  3.33063865e+00,
           9.95950401e-02,  1.91296831e-01,  3.23354959e-01, -1.63763130e+00,
          -9.70196247e-01,  4.34992790e-01, -1.59477949e+00, -1.50199473e+00,
          -1.36913574e+00, -1.93932116e+00, -1.63962996e+00, -2.40858603e+00,
          -1.55040073e+00, -1.56592119e+00,  8.28978002e-01, -1.18900493e-01,
           8.19347739e-01,  2.37308592e-01, -7.57855415e-01, -1.05518866e+00,
           2.67737210e-01, -4.60924506e-01, -6.14965320e-01, -6.26166880e-01,
          -1.44457769e+00, -6.43243432e-01,  1.44395098e-01, -1.42743278e+00,
          -1.73089671e+00, -8.13321695e-02, -7.18677640e-01, -1.03911984e+00,
          -7.79304087e-01, -7.26617038e-01, -1.56686753e-01,  3.12913805e-01,
          -8.69189277e-02, -1.18537322e-01, -1.57788289e+00,  8.00745964e-01,
          -5.18541873e-01,  9.35580254e-01,  4.35557663e-01, -2.37968609e-01,
          -5.53877473e-01,  1.04247712e-01, -4.77030158e-01, -8.76307011e-01,
          -7.48181581e-01, -1.46374047e-01,  3.30554903e-01, -5.16801357e-01,
          -5.43135524e-01, -8.67735863e-01, -8.23551953e-01, -9.30377603e-01,
          -1.83782279e-01, -5.58330059e-01, -4.21646953e-01, -2.03561634e-01,
          -1.31072342e+00, -1.78800255e-01, -2.36451507e-01, -4.76414800e-01,
          -1.43815482e+00, -4.26947534e-01,  1.15493879e-01, -1.07876480e+00,
          -1.27662671e+00,  8.18646401e-02,  9.35780481e-02, -5.21663353e-02,
           3.31473291e-01,  1.00448564e-01,  2.56155670e-01,  6.93983674e-01,
          -1.30907893e-01, -1.17633455e-01,  4.49251950e-01,  4.52067614e-01,
          -1.87694907e-01,  1.02562882e-01, -2.97673702e-01,  7.78035641e-01,
           4.63083982e-02, -6.81787789e-01, -8.77951205e-01,  8.51881504e-01,
          -4.61127907e-01, -5.82349241e-01,  1.26127809e-01,  8.26740444e-01,
          -3.92158106e-02, -1.14946711e+00, -1.15046465e+00, -4.56920177e-01,
          -6.88225448e-01, -5.58500469e-01, -1.16659129e+00, -3.46798897e-01,
          -2.76858360e-01, -9.20460105e-01, -6.63051188e-01, -8.57257068e-01,
          -5.10712147e-01, -2.56544143e-01, -7.05065072e-01, -2.75605768e-01,
          -1.02185380e+00, -1.39557838e-01, -5.09399116e-01,  6.90616846e-01,
           1.72480524e-01, -9.09878612e-01, -9.73861694e-01, -8.29690993e-01,
          -6.86660707e-01,  7.88753152e-01, -3.35339159e-01, -2.33354896e-01,
          -1.01421785e+00, -6.71600401e-01, -5.57395816e-01, -2.90853567e-02,
          -5.09724379e-01,  7.20197037e-02, -1.18790627e+00, -1.54484123e-01,
          -7.32853591e-01, -9.86669481e-01, -2.58466840e-01, -1.32679617e+00,
          -1.17567301e+00,  7.86932707e-02, -1.11487103e+00, -7.13375092e-01,
           6.49555922e-02, -8.76530632e-03, -7.86481351e-02, -9.29080188e-01,
           3.75363886e-01, -1.23481005e-01,  7.22612798e-01, -1.77549624e+00,
          -9.34003353e-01,  2.36441761e-01,  7.40037441e-01,  9.16316807e-01,
           5.44603586e-01,  5.85991936e-03, -8.22823882e-01, -2.89480448e-01,
          -5.78947425e-01,  6.94214284e-01, -6.55478239e-02, -5.61452746e-01,
          -1.05021346e+00,  4.25232232e-01,  6.83049083e-01, -1.72902822e-01,
           6.57301486e-01,  3.47321361e-01, -2.87195146e-01,  7.43190199e-02,
           1.63670331e-02,  4.51736450e-01, -1.42622232e-01,  1.00506055e+00,
           4.17756587e-01,  1.61743653e+00,  1.81123686e+00,  2.59276819e+00,
           2.18835998e+00,  1.35981393e+00, -8.51262987e-01,  4.42183346e-01,
          -5.11650205e-01, -8.60051751e-01, -1.07974839e+00, -5.69600463e-01,
          -1.22139609e+00,  4.49212492e-01, -1.28105843e+00, -1.22526562e+00,
          -2.99319744e-01, -1.06402433e+00, -4.31839854e-01,  2.83998728e-01,
          -9.32920754e-01,  7.70968974e-01,  3.64751786e-01,  1.88016266e-01,
          -7.38461971e-01, -1.41219711e+00,  3.94911282e-02,  6.81838214e-01,
           1.03147256e+00, -9.30813551e-01,  1.21255958e+00,  8.50484490e-01,
           2.00560197e-01,  1.45736885e+00,  1.59014869e+00,  5.88994145e-01,
           4.42612052e-01, -9.18697059e-01,  2.08190274e+00,  1.33010793e+00,
           6.51102781e-01, -1.67103887e+00, -1.02330554e+00, -1.15902197e+00,
          -1.20739973e+00, -1.76604545e+00, -1.50454915e+00, -3.75849940e-03,
          -1.67262220e+00, -1.99753153e+00,  2.20634624e-01,  6.74239337e-01,
           1.93249977e+00, -4.81776416e-01, -8.25427771e-01, -5.24556160e-01,
          -1.81203020e+00, -4.20403808e-01, -8.01600575e-01, -1.92957401e+00,
          -1.30630624e+00, -1.57612646e+00, -1.82431829e+00, -1.63166451e+00,
          -1.87082481e+00, -1.80554914e+00, -2.11401463e+00, -9.98499513e-01,
          -2.81386375e+00, -1.65161502e+00, -1.22118556e+00, -7.23716438e-01,
          -1.09785771e+00, -6.64161861e-01, -6.28286898e-01, -1.62367368e+00,
           1.89531058e-01, -1.92403078e-01,  1.50345758e-01,  5.42738616e-01,
          -7.86299109e-01,  3.68797511e-01,  1.26563936e-01, -3.66950750e-01,
          -1.38432801e+00, -6.14285886e-01, -6.47456110e-01, -7.75234640e-01,
          -3.76707256e-01, -8.79120767e-01, -4.36273009e-01, -1.05610585e+00,
          -3.83813888e-01, -5.48491120e-01, -2.06227794e-01, -1.27455187e+00,
          -4.00814682e-01, -7.90351704e-02, -4.38850999e-01, -1.29129696e+00,
           1.12050898e-01, -1.10732949e+00, -6.04089916e-01, -3.27935725e-01,
          -5.31119287e-01, -6.99329674e-01, -1.18013406e+00, -1.60886586e+00,
          -1.89320993e+00, -1.66367754e-01, -1.37633455e+00, -4.53774840e-01,
          -7.81617939e-01, -2.38392878e+00, -1.31072724e+00,  2.55792737e-01,
          -2.19974422e+00, -1.63141263e+00, -1.10266283e-01,  1.18517292e+00,
          -7.12939441e-01, -5.72489560e-01,  1.07421124e+00, -3.46359372e-01,
          -7.11039007e-02,  1.16137648e+00, -8.91887844e-01, -1.01875949e+00,
          -2.17974567e+00,  2.80104637e+00, -1.83483481e+00,  1.03553593e+00,
           4.15343910e-01,  9.81047153e-01,  7.35154808e-01, -2.42299318e+00,
           1.48762310e+00,  5.09838402e-01,  2.80235434e+00,  2.34949064e+00,
           6.16898954e-01,  5.15266061e-01, -2.01538816e-01, -6.78312063e-01,
          -1.41286302e+00, -1.98423058e-01,  1.55042076e+00, -7.53058732e-01,
          -8.38378906e-01, -2.13667646e-01, -6.71905279e-01, -4.29539979e-02,
           1.08046901e+00,  3.70587438e-01,  1.52364349e+00,  1.55141163e+00,
          -1.32137084e+00,  5.23671269e-01,  1.54221869e+00,  3.29800308e-01,
          -6.26912713e-03,  1.45700157e+00,  1.93949148e-01,  2.03188133e+00,
          -1.06574678e+00, -2.53818750e-01,  3.69280005e+00, -2.53401607e-01,
          -3.39357108e-01, -7.30552197e-01, -1.24245894e+00,  1.71381998e+00,
           3.38809848e-01,  6.35954261e-01, -1.88999510e+00, -8.51270929e-03,
           1.68512926e-01,  1.40492356e+00, -4.35875177e-01,  9.73389983e-01,
          -1.18764365e+00,  6.78628683e-01,  2.65958095e+00, -4.36960697e-01,
           1.42577899e+00,  1.86986208e+00, -9.10289884e-01, -2.67724633e+00,
          -6.75547063e-01,  2.01571137e-01,  2.03290606e+00, -1.06200969e+00,
          -1.25236332e+00,  1.66992736e+00, -1.53696746e-01,  1.02535523e-02,
          -2.13115716e+00, -2.34198570e-01,  7.74627626e-01, -1.43502963e+00,
           1.90685952e+00,  1.21133065e+00,  7.05397427e-01, -1.01053214e+00,
          -3.30882907e-01,  1.50153565e+00,  5.01863182e-01,  2.55924559e+00,
           2.59245604e-01,  3.59010696e-02,  1.43388724e+00, -5.85294187e-01,
           1.20294309e+00,  1.36088777e+00,  1.03693330e+00,  2.67679840e-01,
           9.89854932e-01,  2.65613556e-01, -4.65035260e-01,  3.07166338e+00,
          -2.16797829e+00,  5.76548994e-01, -8.02789688e-01,  9.53016877e-01,
           4.49402362e-01,  4.22817200e-01, -1.47157979e+00,  1.58521652e+00,
           1.35424101e+00, -3.37026668e+00, -6.70301259e-01, -1.06509209e+00,
           1.38969326e+00, -1.12432137e-01,  5.30867934e-01, -7.34967664e-02,
          -6.76693738e-01,  9.01943564e-01, -2.29571477e-01, -1.45756796e-01,
           6.74848557e-02, -5.71584329e-03, -1.64234924e+00, -1.95632987e-02,
           6.59626275e-02, -1.26685357e+00,  5.93291521e-01,  1.72273576e+00,
          -1.53119981e-01, -1.82425398e-02,  2.34801102e+00,  8.71407926e-01,
           5.65782726e-01,  3.73715430e-01,  3.39525294e+00, -1.92644227e+00,
          -1.41306794e+00, -1.07805872e+00, -2.37142265e-01,  2.21066952e+00,
           8.61406624e-01, -8.42452049e-01,  1.79369187e+00, -1.06999695e-01,
          -1.30704582e+00,  1.18533802e+00,  4.03993189e-01, -2.38310742e+00,
           7.36318648e-01,  3.42448449e+00, -6.34490609e-01,  5.17120898e-01,
           1.43429911e+00,  2.37362671e+00,  4.43484068e-01, -1.32144415e+00,
           4.88324976e+00,  9.31559443e-01,  1.22645319e+00,  1.08211100e+00,
          -1.38908601e+00, -9.49753761e-01,  1.14016330e+00,  1.80432928e+00,
          -4.21489663e-02, -4.41076010e-01, -8.28458667e-01,  3.57582659e-01,
           2.70494491e-01, -2.48241186e+00,  5.95853254e-02, -1.37760949e+00,
           1.15158927e+00, -1.70155013e+00,  5.01247287e-01, -1.66755724e+00,
          -1.54812241e+00,  8.88729453e-01,  5.26288509e-01,  9.35196653e-02,
          -9.08692300e-01, -1.48955905e+00, -2.93478322e+00,  4.76508737e-01,
           1.58512342e+00,  1.42677963e+00, -9.05207574e-01,  1.96700585e+00,
           1.87661171e+00,  7.26586998e-01,  1.09538031e+00,  3.76007318e+00,
           9.83603239e-01,  7.45306432e-01,  1.74653366e-01, -1.41499484e+00,
           2.23502398e+00,  9.10506845e-01,  1.30497718e+00,  1.35608995e+00,
           2.45152903e+00,  7.89957821e-01,  1.04196978e+00, -2.07507300e+00,
           2.09055448e+00,  2.24951744e+00,  1.28002632e+00, -1.59895733e-01,
           1.18317604e+00, -1.54974377e+00,  1.28366971e+00,  2.93985635e-01,
          -1.67821276e+00,  8.19979489e-01, -8.97646323e-03,  1.45233715e+00,
           1.63741493e+00,  1.35928795e-01,  2.54748631e+00,  3.56792259e+00,
           2.64644718e+00, -5.85939825e-01,  1.15972900e+00,  2.93389893e+00,
          -9.85089362e-01, -1.23094869e+00,  2.56766987e+00, -1.89711809e-01,
          -1.15979457e+00,  2.12853646e+00,  4.14067835e-01,  1.23405981e+00,
           3.68821406e+00,  9.29353476e-01, -2.48939371e+00,  3.63719583e-01,
           2.36743450e+00, -3.19417089e-01, -5.98484278e-02,  3.02893043e-01,
          -1.15634930e+00,  5.98659158e-01, -8.67889583e-01,  3.87039930e-01,
           2.61914635e+00, -1.96417797e+00, -4.98428941e-01,  7.46257722e-01,
           2.38084054e+00, -1.13251328e+00,  2.31327033e+00,  3.11535001e+00,
          -7.59167194e-01,  7.92137682e-02, -1.39282608e+00,  1.29315817e+00,
          -1.22172821e+00,  1.82742941e+00,  7.35761821e-02,  2.00182348e-01,
          -5.82439840e-01, -2.17678881e+00,  2.59449983e+00, -5.22396505e-01,
           2.65232992e+00, -9.44264531e-01,  1.70561835e-01, -2.02528596e-01,
          -6.11617088e-01,  1.93792307e+00, -7.52080083e-01, -1.61564946e+00,
          -6.05200291e-01,  1.97037208e+00,  1.15537345e+00, -8.19017112e-01,
          -2.73997128e-01,  1.99743581e+00,  4.20903206e-01,  7.07928777e-01,
           1.92745554e+00,  2.45603895e+00,  5.86921275e-01,  1.69866550e+00,
          -1.03328563e-02,  2.62997508e-01,  3.43174160e-01, -2.16397214e+00,
           2.07378507e+00,  4.91625518e-01, -3.51627231e+00,  1.17211640e-02,
           1.09675074e+00,  6.18124187e-01, -1.42999041e+00,  7.82502472e-01,
           1.84328020e+00,  1.19397067e-01, -1.23234951e+00,  1.09261549e+00,
           2.67590857e+00,  1.28035951e+00,  2.43161380e-01, -1.52253783e+00,
           6.90167487e-01, -1.72402549e+00, -1.08391213e+00,  6.43315017e-01,
           1.20353591e+00,  1.57434571e+00,  6.38684869e-01,  1.76100063e+00,
           6.33390069e-01,  1.36042929e+00,  1.28414655e+00, -1.79728270e-01,
          -6.89015746e-01, -2.13866806e+00,  3.32974017e-01,  5.71672618e-01,
           5.84496856e-01,  9.24404025e-01,  1.84061253e+00,  1.37652129e-01,
          -9.32245255e-01,  8.49080145e-01,  2.23529804e-02, -1.98669270e-01,
           5.08818507e-01,  4.57445502e-01, -1.55379593e+00,  2.48963618e+00,
           1.10633612e-01,  1.36945307e+00, -1.85115111e+00,  6.85415626e-01,
           2.98233002e-01,  4.27176625e-01,  1.60606548e-01, -1.90163052e+00,
          -1.98687896e-01,  1.93047869e+00,  2.19761416e-01, -2.78948218e-01,
           2.02537036e+00,  1.35596657e+00,  6.47734284e-01,  1.55849278e+00,
           2.06511784e+00,  1.96482217e+00,  6.73569024e-01, -1.29382992e+00,
           2.94679821e-01,  2.95985603e+00,  1.74880457e+00, -7.22429276e-01,
          -5.11377037e-01, -9.55409229e-01, -1.42380953e-01,  8.12940717e-01,
           2.85043573e+00,  2.59886050e+00, -1.83989704e+00,  1.64168036e+00,
           1.21006870e+00,  7.03171492e-01,  4.55995530e-01,  1.43822253e+00,
          -9.94193077e-01,  2.21043611e+00, -6.29862010e-01,  2.26329780e+00,
           2.08782434e+00,  1.06271684e+00, -4.79392827e-01, -1.67202935e-01,
           8.00292790e-01,  1.60756385e+00,  1.02109504e+00, -1.26009727e+00,
          -1.69586539e-02, -1.99267827e-02,  2.95767450e+00,  2.04131436e+00,
           2.65720868e+00,  8.08505937e-02,  3.52373794e-02,  4.35650915e-01,
          -1.53905034e+00,  2.92697525e+00, -3.64342153e-01,  1.79592520e-01,
           1.51708317e+00,  7.21860945e-01,  3.30474424e+00,  4.41051543e-01,
           1.02105331e+00,  4.31888789e-01,  1.61325490e+00,  2.27296066e+00,
          -1.19210541e+00, -1.19073761e+00, -4.89533275e-01, -2.11668730e-01,
           1.77765059e+00, -3.52463663e-01,  5.32874525e-01,  3.72024059e-01,
          -1.42841804e+00, -4.71134782e-01,  1.17478442e+00,  2.17488337e+00,
           1.37099397e+00,  2.09489655e+00, -6.73342168e-01,  9.15048301e-01,
           5.39353907e-01, -1.13865566e+00,  2.53275609e+00, -2.35897481e-01,
          -1.47793758e+00, -1.22220552e+00, -9.65692699e-01,  5.08225374e-02,
           1.07139206e+00, -1.39713275e+00,  1.39369106e+00,  1.07587266e+00,
           2.22318411e+00, -2.00487328e+00, -4.25355613e-01,  1.62932158e+00,
          -1.06527579e+00, -2.84721792e-01,  1.25010228e+00, -1.35958540e+00,
          -1.24010891e-01, -4.78690192e-02,  7.41329610e-01, -3.25462133e-01,
           1.68116403e+00, -4.94524278e-03,  2.88033545e-01, -2.73170292e-01,
           3.83314824e+00,  2.27656651e+00,  3.08540750e+00, -1.03171945e+00,
           1.03193748e+00, -1.98371276e-01, -1.22073025e-01,  3.74709392e+00,
           1.31132150e+00, -1.35564649e+00,  1.18869197e+00,  1.88925290e+00,
          -2.64128327e+00, -3.16392124e-01, -1.54971108e-01,  5.54796398e-01,
          -1.13110077e+00,  1.70224059e+00,  3.46670091e-01, -1.08767784e+00,
          -1.69955480e+00, -2.74408317e+00, -1.75735271e+00, -7.37177491e-01,
           1.50180507e+00,  1.54761866e-01, -7.38497734e-01,  4.12294149e-01,
           1.43156910e+00, -6.33330047e-01, -2.27734900e+00,  6.36973739e-01,
           1.24137020e+00,  4.78713572e-01, -4.38540071e-01,  6.35045886e-01,
          -1.58766896e-01,  5.85616589e-01,  1.44919276e+00,  1.78068292e+00,
          -3.61270271e-04,  3.21666431e+00, -3.79318930e-02, -3.56085569e-01,
          -5.83619595e-01,  5.78684926e-01, -9.70954120e-01, -3.37486602e-02,
           4.18454266e+00,  2.03497744e+00,  2.64874792e+00, -4.04944897e-01,
           1.54414046e+00,  2.00267696e+00,  1.07950127e+00,  7.15623677e-01,
           4.41648811e-02,  3.45031291e-01,  1.40808785e+00,  1.03693533e+00,
           5.22858477e+00,  3.69644547e+00,  2.25305295e+00,  1.67755727e-02,
           7.99498916e-01,  3.84107828e-01,  1.03360212e+00,  2.14650869e+00,
          -2.07563424e+00, -1.19747186e+00,  5.44055164e-01, -2.29612064e+00,
           1.07155979e+00, -6.16658926e-01,  1.32955328e-01,  3.39929044e-01,
           9.11164284e-01,  2.38796282e+00, -7.70892128e-02, -8.70463967e-01,
          -2.46720791e+00,  8.67683887e-01, -1.25569952e+00, -1.37880695e+00,
          -1.56036568e+00,  3.93027700e-02, -9.48323548e-01, -1.71754682e+00,
          -9.48286295e-01, -2.44881248e+00, -1.85313451e+00, -9.96112227e-01,
          -1.64702773e+00, -1.40321088e+00, -1.07185125e+00, -7.91266441e-01,
          -7.59398937e-01, -9.30144727e-01, -6.16766848e-02, -5.20240664e-01,
          -2.64391112e+00, -3.45307380e-01, -1.85158312e+00, -1.45748329e+00,
           9.51421440e-01,  6.85914159e-01,  9.06391740e-02, -3.20466250e-01,
          -4.93455976e-01, -1.32446557e-01,  7.75159821e-02, -1.51835656e+00,
          -1.34167552e+00,  2.01062694e-01, -1.04718268e+00, -1.50306237e+00,
          -1.16836262e+00, -1.13963795e+00, -1.38251948e+00, -1.57912421e+00,
          -1.57195091e+00, -1.88357615e+00,  1.35364807e+00, -2.74094641e-01,
           4.84583169e-01,  2.55943000e-01, -1.46282506e+00,  1.46681857e+00,
          -9.26788032e-01, -1.80604982e+00,  1.67944574e+00, -2.30161130e-01,
          -7.42147028e-01,  1.56486377e-01,  3.81208301e-01, -1.69576383e+00,
           7.18288481e-01, -6.75763547e-01, -5.63305736e-01, -1.20969820e+00,
          -8.71140718e-01, -3.19044381e-01, -1.54980099e+00, -4.21351492e-01,
          -6.81734502e-01,  2.68228441e-01, -9.47508514e-01, -1.50978720e+00,
          -1.63164866e+00, -2.49275136e+00, -2.20273590e+00, -1.42655241e+00,
          -1.52944064e+00, -2.56827927e+00, -2.93509066e-01,  1.76142740e+00]]],
       device='cuda:0')
PGD attack margin (first 2 examples and 10 specs):
 tensor([[[0.21466428]]], device='cuda:0')
number of violation:  0
Attack finished in 7.6763 seconds.
PGD attack failed
verified_status unknown
verified_success False
Total VNNLIB file length: 1, max property batch size: 1, total number of batches: 1

Properties batch 0, size 1
Remaining timeout: 1156.6813526153564
Verifying property 0 with 1 instances.
torch allclose failed: norm 8.889588571037166e-06
Model: BoundedModule(
  (/input-1): BoundInput(name=/input-1, inputs=[], perturbed=True)
  (/33): BoundParams(name=/33, inputs=[], perturbed=False)
  (/34): BoundParams(name=/34, inputs=[], perturbed=False)
  (/35): BoundParams(name=/35, inputs=[], perturbed=False)
  (/36): BoundParams(name=/36, inputs=[], perturbed=False)
  (/37): BoundParams(name=/37, inputs=[], perturbed=False)
  (/38): BoundParams(name=/38, inputs=[], perturbed=False)
  (/39): BoundParams(name=/39, inputs=[], perturbed=False)
  (/40): BoundParams(name=/40, inputs=[], perturbed=False)
  (/41): BoundParams(name=/41, inputs=[], perturbed=False)
  (/42): BoundParams(name=/42, inputs=[], perturbed=False)
  (/43): BoundParams(name=/43, inputs=[], perturbed=False)
  (/44): BoundParams(name=/44, inputs=[], perturbed=False)
  (/45): BoundParams(name=/45, inputs=[], perturbed=False)
  (/46): BoundParams(name=/46, inputs=[], perturbed=False)
  (/47): BoundParams(name=/47, inputs=[], perturbed=False)
  (/48): BoundParams(name=/48, inputs=[], perturbed=False)
  (/49): BoundParams(name=/49, inputs=[], perturbed=False)
  (/50): BoundParams(name=/50, inputs=[], perturbed=False)
  (/51): BoundParams(name=/51, inputs=[], perturbed=False)
  (/52): BoundParams(name=/52, inputs=[], perturbed=False)
  (/53): BoundParams(name=/53, inputs=[], perturbed=False)
  (/54): BoundParams(name=/54, inputs=[], perturbed=False)
  (/55): BoundParams(name=/55, inputs=[], perturbed=False)
  (/56): BoundParams(name=/56, inputs=[], perturbed=False)
  (/57): BoundParams(name=/57, inputs=[], perturbed=False)
  (/58): BoundParams(name=/58, inputs=[], perturbed=False)
  (/59): BoundParams(name=/59, inputs=[], perturbed=False)
  (/60): BoundParams(name=/60, inputs=[], perturbed=False)
  (/61): BoundParams(name=/61, inputs=[], perturbed=False)
  (/62): BoundParams(name=/62, inputs=[], perturbed=False)
  (/63): BoundParams(name=/63, inputs=[], perturbed=False)
  (/64): BoundParams(name=/64, inputs=[], perturbed=False)
  (/input): BoundConv(name=/input, inputs=[/input-1, /33, /34], perturbed=True)
  (/66): BoundRelu(name=/66, inputs=[/input], perturbed=True)
  (/input-4): BoundConv(name=/input-4, inputs=[/66, /35, /36], perturbed=True)
  (/68): BoundRelu(name=/68, inputs=[/input-4], perturbed=True)
  (/input-12): BoundConv(name=/input-12, inputs=[/input-8/add_3_4, /37, /38], perturbed=True)
  (/71): BoundRelu(name=/71, inputs=[/input-12], perturbed=True)
  (/input-16): BoundConv(name=/input-16, inputs=[/71, /39, /40], perturbed=True)
  (/73): BoundRelu(name=/73, inputs=[/input-16], perturbed=True)
  (/input-24): BoundConv(name=/input-24, inputs=[/input-20/add_3_4, /41, /42], perturbed=True)
  (/76): BoundRelu(name=/76, inputs=[/input-24], perturbed=True)
  (/input-28): BoundConv(name=/input-28, inputs=[/76, /43, /44], perturbed=True)
  (/78): BoundRelu(name=/78, inputs=[/input-28], perturbed=True)
  (/input-32): BoundConv(name=/input-32, inputs=[/78, /45, /46], perturbed=True)
  (/80): BoundRelu(name=/80, inputs=[/input-32], perturbed=True)
  (/input-40): BoundConv(name=/input-40, inputs=[/input-36/add_3_4, /47, /48], perturbed=True)
  (/83): BoundRelu(name=/83, inputs=[/input-40], perturbed=True)
  (/input-44): BoundConv(name=/input-44, inputs=[/83, /49, /50], perturbed=True)
  (/85): BoundRelu(name=/85, inputs=[/input-44], perturbed=True)
  (/input-48): BoundConv(name=/input-48, inputs=[/85, /51, /52], perturbed=True)
  (/87): BoundRelu(name=/87, inputs=[/input-48], perturbed=True)
  (/input-56): BoundConv(name=/input-56, inputs=[/input-52/add_3_4, /53, /54], perturbed=True)
  (/90): BoundRelu(name=/90, inputs=[/input-56], perturbed=True)
  (/input-60): BoundConv(name=/input-60, inputs=[/90, /55, /56], perturbed=True)
  (/92): BoundRelu(name=/92, inputs=[/input-60], perturbed=True)
  (/input-64): BoundConv(name=/input-64, inputs=[/92, /57, /58], perturbed=True)
  (/94): BoundRelu(name=/94, inputs=[/input-64], perturbed=True)
  (/96): BoundFlatten(name=/96, inputs=[/95/add_3_4], perturbed=True)
  (/input-68): BoundLinear(name=/input-68, inputs=[/96, /59, /60], perturbed=True)
  (/98): BoundRelu(name=/98, inputs=[/input-68], perturbed=True)
  (/99): BoundFlatten(name=/99, inputs=[/98], perturbed=True)
  (/input-72): BoundLinear(name=/input-72, inputs=[/99, /61, /62], perturbed=True)
  (/101): BoundRelu(name=/101, inputs=[/input-72], perturbed=True)
  (/102): BoundFlatten(name=/102, inputs=[/101], perturbed=True)
  (/103): BoundLinear(name=/103, inputs=[/102, /63, /64], perturbed=True)
  (/input-8/conv_1): BoundConv(name=/input-8/conv_1, inputs=[/68, /input-8/conv_1_w], perturbed=True)
  (/input-8/conv_1_relu): BoundRelu(name=/input-8/conv_1_relu, inputs=[/input-8/conv_1], perturbed=True)
  (/input-8/conv_1_w): BoundParams(name=/input-8/conv_1_w, inputs=[], perturbed=False)
  (/input-8/conv_2): BoundConv(name=/input-8/conv_2, inputs=[/68, /input-8/conv_2_w], perturbed=True)
  (/input-8/conv_2_w): BoundParams(name=/input-8/conv_2_w, inputs=[], perturbed=False)
  (/input-8/conv_3): BoundConv(name=/input-8/conv_3, inputs=[/input-8/add_1_2, /input-8/conv_3_w], perturbed=True)
  (/input-8/conv_3_relu): BoundRelu(name=/input-8/conv_3_relu, inputs=[/input-8/conv_3], perturbed=True)
  (/input-8/conv_3_w): BoundParams(name=/input-8/conv_3_w, inputs=[], perturbed=False)
  (/input-8/conv_4): BoundConv(name=/input-8/conv_4, inputs=[/input-8/add_1_2, /input-8/conv_4_w], perturbed=True)
  (/input-8/conv_4_w): BoundParams(name=/input-8/conv_4_w, inputs=[], perturbed=False)
  (/input-8/add_1_2): BoundAdd(name=/input-8/add_1_2, inputs=[/input-8/conv_1_relu, /input-8/conv_2], perturbed=True)
  (/input-8/add_3_4): BoundAdd(name=/input-8/add_3_4, inputs=[/input-8/conv_3_relu, /input-8/conv_4], perturbed=True)
  (/input-20/conv_1): BoundConv(name=/input-20/conv_1, inputs=[/73, /input-20/conv_1_w], perturbed=True)
  (/input-20/conv_1_relu): BoundRelu(name=/input-20/conv_1_relu, inputs=[/input-20/conv_1], perturbed=True)
  (/input-20/conv_1_w): BoundParams(name=/input-20/conv_1_w, inputs=[], perturbed=False)
  (/input-20/conv_2): BoundConv(name=/input-20/conv_2, inputs=[/73, /input-20/conv_2_w], perturbed=True)
  (/input-20/conv_2_w): BoundParams(name=/input-20/conv_2_w, inputs=[], perturbed=False)
  (/input-20/conv_3): BoundConv(name=/input-20/conv_3, inputs=[/input-20/add_1_2, /input-20/conv_3_w], perturbed=True)
  (/input-20/conv_3_relu): BoundRelu(name=/input-20/conv_3_relu, inputs=[/input-20/conv_3], perturbed=True)
  (/input-20/conv_3_w): BoundParams(name=/input-20/conv_3_w, inputs=[], perturbed=False)
  (/input-20/conv_4): BoundConv(name=/input-20/conv_4, inputs=[/input-20/add_1_2, /input-20/conv_4_w], perturbed=True)
  (/input-20/conv_4_w): BoundParams(name=/input-20/conv_4_w, inputs=[], perturbed=False)
  (/input-20/add_1_2): BoundAdd(name=/input-20/add_1_2, inputs=[/input-20/conv_1_relu, /input-20/conv_2], perturbed=True)
  (/input-20/add_3_4): BoundAdd(name=/input-20/add_3_4, inputs=[/input-20/conv_3_relu, /input-20/conv_4], perturbed=True)
  (/input-36/conv_1): BoundConv(name=/input-36/conv_1, inputs=[/80, /input-36/conv_1_w], perturbed=True)
  (/input-36/conv_1_relu): BoundRelu(name=/input-36/conv_1_relu, inputs=[/input-36/conv_1], perturbed=True)
  (/input-36/conv_1_w): BoundParams(name=/input-36/conv_1_w, inputs=[], perturbed=False)
  (/input-36/conv_2): BoundConv(name=/input-36/conv_2, inputs=[/80, /input-36/conv_2_w], perturbed=True)
  (/input-36/conv_2_w): BoundParams(name=/input-36/conv_2_w, inputs=[], perturbed=False)
  (/input-36/conv_3): BoundConv(name=/input-36/conv_3, inputs=[/input-36/add_1_2, /input-36/conv_3_w], perturbed=True)
  (/input-36/conv_3_relu): BoundRelu(name=/input-36/conv_3_relu, inputs=[/input-36/conv_3], perturbed=True)
  (/input-36/conv_3_w): BoundParams(name=/input-36/conv_3_w, inputs=[], perturbed=False)
  (/input-36/conv_4): BoundConv(name=/input-36/conv_4, inputs=[/input-36/add_1_2, /input-36/conv_4_w], perturbed=True)
  (/input-36/conv_4_w): BoundParams(name=/input-36/conv_4_w, inputs=[], perturbed=False)
  (/input-36/add_1_2): BoundAdd(name=/input-36/add_1_2, inputs=[/input-36/conv_1_relu, /input-36/conv_2], perturbed=True)
  (/input-36/add_3_4): BoundAdd(name=/input-36/add_3_4, inputs=[/input-36/conv_3_relu, /input-36/conv_4], perturbed=True)
  (/input-52/conv_1): BoundConv(name=/input-52/conv_1, inputs=[/87, /input-52/conv_1_w], perturbed=True)
  (/input-52/conv_1_relu): BoundRelu(name=/input-52/conv_1_relu, inputs=[/input-52/conv_1], perturbed=True)
  (/input-52/conv_1_w): BoundParams(name=/input-52/conv_1_w, inputs=[], perturbed=False)
  (/input-52/conv_2): BoundConv(name=/input-52/conv_2, inputs=[/87, /input-52/conv_2_w], perturbed=True)
  (/input-52/conv_2_w): BoundParams(name=/input-52/conv_2_w, inputs=[], perturbed=False)
  (/input-52/conv_3): BoundConv(name=/input-52/conv_3, inputs=[/input-52/add_1_2, /input-52/conv_3_w], perturbed=True)
  (/input-52/conv_3_relu): BoundRelu(name=/input-52/conv_3_relu, inputs=[/input-52/conv_3], perturbed=True)
  (/input-52/conv_3_w): BoundParams(name=/input-52/conv_3_w, inputs=[], perturbed=False)
  (/input-52/conv_4): BoundConv(name=/input-52/conv_4, inputs=[/input-52/add_1_2, /input-52/conv_4_w], perturbed=True)
  (/input-52/conv_4_w): BoundParams(name=/input-52/conv_4_w, inputs=[], perturbed=False)
  (/input-52/add_1_2): BoundAdd(name=/input-52/add_1_2, inputs=[/input-52/conv_1_relu, /input-52/conv_2], perturbed=True)
  (/input-52/add_3_4): BoundAdd(name=/input-52/add_3_4, inputs=[/input-52/conv_3_relu, /input-52/conv_4], perturbed=True)
  (/95/conv_1): BoundConv(name=/95/conv_1, inputs=[/94, /95/conv_1_w], perturbed=True)
  (/95/conv_1_relu): BoundRelu(name=/95/conv_1_relu, inputs=[/95/conv_1], perturbed=True)
  (/95/conv_1_w): BoundParams(name=/95/conv_1_w, inputs=[], perturbed=False)
  (/95/conv_2): BoundConv(name=/95/conv_2, inputs=[/94, /95/conv_2_w], perturbed=True)
  (/95/conv_2_w): BoundParams(name=/95/conv_2_w, inputs=[], perturbed=False)
  (/95/conv_3): BoundConv(name=/95/conv_3, inputs=[/95/add_1_2, /95/conv_3_w], perturbed=True)
  (/95/conv_3_relu): BoundRelu(name=/95/conv_3_relu, inputs=[/95/conv_3], perturbed=True)
  (/95/conv_3_w): BoundParams(name=/95/conv_3_w, inputs=[], perturbed=False)
  (/95/conv_4): BoundConv(name=/95/conv_4, inputs=[/95/add_1_2, /95/conv_4_w], perturbed=True)
  (/95/conv_4_w): BoundParams(name=/95/conv_4_w, inputs=[], perturbed=False)
  (/95/add_1_2): BoundAdd(name=/95/add_1_2, inputs=[/95/conv_1_relu, /95/conv_2], perturbed=True)
  (/95/add_3_4): BoundAdd(name=/95/add_3_4, inputs=[/95/conv_3_relu, /95/conv_4], perturbed=True)
)
Model prediction is: tensor([-8.83860767e-01,  7.65109360e-01, -1.03670406e+00, -5.18855691e-01,
        -9.20035899e-01,  1.77688569e-01, -1.67549446e-01, -1.53181112e+00,
        -1.61198354e+00, -7.96385527e-01, -3.21741372e-01,  2.19485015e-02,
        -1.98014259e-01, -4.45543230e-01, -2.40268022e-01,  1.16640382e-01,
        -4.62420225e-01, -1.37196982e+00, -6.00134492e-01, -3.09629261e-01,
        -6.81195438e-01,  6.53523624e-01,  4.39475238e-01, -6.39646769e-01,
         2.99384564e-01, -8.27441633e-01,  5.03377259e-01, -3.92964602e-01,
        -1.06774807e+00,  2.94120699e-01, -1.91947806e+00,  3.81442636e-01,
        -8.01764309e-01, -1.56418312e+00, -1.00207233e+00, -1.76815724e+00,
        -4.78496075e-01, -2.02370596e+00,  7.73566186e-01, -1.13321328e+00,
         6.34478867e-01, -6.36172295e-01, -3.49652350e-01, -1.87705144e-01,
         1.61001846e-01, -4.53712046e-01,  6.73943222e-01, -1.95269585e-01,
        -1.69006753e+00, -7.29171813e-01, -2.36765608e-01, -1.75033295e+00,
         2.08974108e-01,  1.47310123e-01, -6.17469370e-01, -9.46843445e-01,
        -5.79623044e-01, -1.76299858e+00, -2.54331201e-01,  8.24401230e-02,
        -6.73984513e-02, -8.59578550e-01, -1.12250352e+00,  3.91176224e-01,
         3.55827570e-01, -6.46945059e-01, -1.93459153e-01, -4.78412777e-01,
        -4.42893296e-01, -3.10974807e-01,  1.03095853e+00,  7.93505251e-01,
         4.37597394e-01,  1.95507073e+00,  6.96392536e-01,  1.83422565e+00,
         6.20268762e-01,  2.26247406e+00,  2.19589591e+00,  1.72936976e+00,
         4.59145248e-01, -1.00656915e+00, -4.77165401e-01, -3.21638346e-01,
        -9.96839106e-01, -2.79009312e-01, -1.23782134e+00,  3.85062397e-01,
        -3.49537909e-01, -1.08945489e+00, -1.00193858e+00, -1.22486234e+00,
         5.28592706e-01, -8.65900636e-01,  2.14594647e-01, -9.67578948e-01,
        -1.10157914e-01, -1.71217728e+00, -3.44817549e-01, -1.01399159e+00,
        -1.72523111e-01, -1.27494633e+00, -1.79331243e+00,  3.15316916e-01,
        -7.62393057e-01, -2.01552105e+00, -1.14138794e+00, -1.10527372e+00,
        -1.40710986e+00, -1.74554491e+00, -4.74064291e-01,  3.33664250e+00,
         1.03389286e-01,  1.75657526e-01,  3.36023211e-01, -1.66438496e+00,
        -9.98845220e-01,  4.21406865e-01, -1.59123707e+00, -1.52132952e+00,
        -1.38156140e+00, -1.96247900e+00, -1.64173257e+00, -2.40897179e+00,
        -1.54817533e+00, -1.56106615e+00,  7.99203634e-01, -1.01663522e-01,
         8.14036250e-01,  2.34047383e-01, -7.58613110e-01, -1.04898679e+00,
         2.74202108e-01, -4.56529856e-01, -5.98569632e-01, -6.45451665e-01,
        -1.44181812e+00, -6.39662147e-01,  1.60838187e-01, -1.42099619e+00,
        -1.72642946e+00, -6.59165755e-02, -7.27352977e-01, -1.03101361e+00,
        -7.72524297e-01, -7.12766469e-01, -1.64489165e-01,  2.70774096e-01,
        -1.09777756e-01, -1.51505187e-01, -1.57612479e+00,  8.14866066e-01,
        -5.54787397e-01,  9.27070081e-01,  4.20355856e-01, -2.43962690e-01,
        -5.57120919e-01,  8.33250806e-02, -4.80606556e-01, -8.64071727e-01,
        -7.64983833e-01, -1.30380780e-01,  3.52285445e-01, -5.13981819e-01,
        -5.39550841e-01, -8.63716483e-01, -8.28381538e-01, -9.50290322e-01,
        -1.77878439e-01, -5.72037697e-01, -4.36195463e-01, -1.74695849e-01,
        -1.30355799e+00, -1.78724051e-01, -2.24165529e-01, -5.03555417e-01,
        -1.44811976e+00, -4.41281170e-01,  1.42181903e-01, -1.05930221e+00,
        -1.25978148e+00,  7.16002584e-02,  9.43464339e-02, -4.84637246e-02,
         3.43448937e-01,  1.02854162e-01,  2.49774933e-01,  6.94471180e-01,
        -1.56613424e-01, -1.14866264e-01,  4.31735098e-01,  4.58364338e-01,
        -1.89342350e-01,  1.01400301e-01, -3.21916848e-01,  7.94857502e-01,
         5.28564304e-02, -6.84791505e-01, -8.74610603e-01,  8.55336428e-01,
        -4.88905340e-01, -5.66784739e-01,  1.32874593e-01,  8.36968958e-01,
        -3.96776572e-02, -1.15822661e+00, -1.16616845e+00, -4.62721378e-01,
        -6.75731838e-01, -5.46848655e-01, -1.16482747e+00, -3.32242966e-01,
        -2.82587945e-01, -9.17762160e-01, -6.60437882e-01, -8.54523599e-01,
        -5.30924201e-01, -2.47131705e-01, -7.01587379e-01, -2.63013363e-01,
        -1.04507017e+00, -1.47229955e-01, -5.26846647e-01,  6.96387827e-01,
         1.67520761e-01, -9.11747813e-01, -9.83474493e-01, -8.18424404e-01,
        -7.03947723e-01,  7.91534007e-01, -3.39892060e-01, -2.51201957e-01,
        -1.00857699e+00, -6.83305621e-01, -5.43984175e-01, -2.49442421e-02,
        -4.94496226e-01,  9.66744199e-02, -1.17923033e+00, -1.57356486e-01,
        -7.35718191e-01, -9.93408859e-01, -2.46455938e-01, -1.31377137e+00,
        -1.20376599e+00,  1.01003215e-01, -1.11258411e+00, -7.23447442e-01,
         5.79216704e-02, -1.29940771e-02, -7.41131753e-02, -9.13336456e-01,
         3.34667087e-01, -1.15684912e-01,  7.30536342e-01, -1.79565728e+00,
        -9.39704239e-01,  2.24859029e-01,  7.36771405e-01,  8.94043684e-01,
         5.22360325e-01, -2.13071927e-02, -8.49383056e-01, -2.79924840e-01,
        -5.76904535e-01,  6.99728727e-01, -6.50583655e-02, -5.73543966e-01,
        -1.05630457e+00,  3.92710447e-01,  6.58116817e-01, -2.01054364e-01,
         6.42743170e-01,  3.35000932e-01, -3.12052667e-01,  4.62330244e-02,
        -5.96731249e-03,  4.20348823e-01, -1.72444820e-01,  9.68811989e-01,
         3.91531140e-01,  1.62210786e+00,  1.82098401e+00,  2.56471777e+00,
         2.19488430e+00,  1.37543809e+00, -8.60707521e-01,  4.36096221e-01,
        -5.42680204e-01, -8.86598706e-01, -1.09738088e+00, -6.00404739e-01,
        -1.23913407e+00,  4.27101225e-01, -1.30012214e+00, -1.23113596e+00,
        -3.12453747e-01, -1.08710206e+00, -4.27499801e-01,  2.80356824e-01,
        -9.23570096e-01,  7.80289710e-01,  3.62024873e-01,  1.93148673e-01,
        -7.44552970e-01, -1.39570808e+00,  5.15821986e-02,  6.76797152e-01,
         1.04497361e+00, -9.44638968e-01,  1.21331275e+00,  8.66159141e-01,
         2.16878399e-01,  1.48243451e+00,  1.61105180e+00,  6.12544477e-01,
         4.62907404e-01, -9.08758819e-01,  2.09206200e+00,  1.32692182e+00,
         6.51917875e-01, -1.66666853e+00, -1.01571941e+00, -1.16153502e+00,
        -1.20713151e+00, -1.76696992e+00, -1.50391185e+00, -7.08266534e-03,
        -1.67285454e+00, -2.01307893e+00,  2.30986774e-01,  6.65951550e-01,
         1.89917612e+00, -4.78061020e-01, -8.40274692e-01, -5.53147256e-01,
        -1.81989479e+00, -4.38300669e-01, -7.96603680e-01, -1.93348587e+00,
        -1.30731022e+00, -1.59544671e+00, -1.83970046e+00, -1.64528275e+00,
        -1.86995912e+00, -1.81167459e+00, -2.11795855e+00, -1.01075244e+00,
        -2.80911684e+00, -1.65799105e+00, -1.22282565e+00, -7.39392579e-01,
        -1.11080647e+00, -6.68467104e-01, -6.26219451e-01, -1.62957609e+00,
         1.84070826e-01, -2.10894585e-01,  1.32193491e-01,  5.39856911e-01,
        -7.97894239e-01,  3.44588280e-01,  1.21176660e-01, -3.68824929e-01,
        -1.39712071e+00, -6.41817033e-01, -6.71467721e-01, -7.91496336e-01,
        -4.12656814e-01, -9.10013795e-01, -4.56731141e-01, -1.08408070e+00,
        -3.98288012e-01, -5.68556964e-01, -2.29799420e-01, -1.29466343e+00,
        -4.23446834e-01, -9.80167761e-02, -4.57328916e-01, -1.31499791e+00,
         9.06393304e-02, -1.13379347e+00, -6.16696835e-01, -3.49085540e-01,
        -5.65287113e-01, -7.05079675e-01, -1.18871629e+00, -1.64213371e+00,
        -1.90326476e+00, -1.93701223e-01, -1.37913907e+00, -4.46102768e-01,
        -8.13867331e-01, -2.38495517e+00, -1.31646073e+00,  2.47158572e-01,
        -2.21407986e+00, -1.62895727e+00, -1.11428544e-01,  1.20123279e+00,
        -7.13138640e-01, -5.55840433e-01,  1.09830737e+00, -3.66366059e-01,
        -8.81268084e-02,  1.14813662e+00, -8.95096898e-01, -1.04364264e+00,
        -2.21434021e+00,  2.81127167e+00, -1.84381258e+00,  1.06445587e+00,
         4.45238680e-01,  9.65903997e-01,  7.57272899e-01, -2.42623878e+00,
         1.50521123e+00,  5.02372682e-01,  2.79434299e+00,  2.37422466e+00,
         6.32873356e-01,  5.41898668e-01, -2.05023438e-01, -6.82294071e-01,
        -1.41419816e+00, -2.03563899e-01,  1.56433225e+00, -7.55022466e-01,
        -8.36480200e-01, -2.06770688e-01, -6.51654780e-01, -3.04432977e-02,
         1.09229434e+00,  3.79813850e-01,  1.54637873e+00,  1.55408108e+00,
        -1.33360338e+00,  5.31138420e-01,  1.52553010e+00,  3.23153913e-01,
         2.16825604e-02,  1.46907771e+00,  1.93143383e-01,  2.05746698e+00,
        -1.06476772e+00, -2.50383556e-01,  3.70504427e+00, -2.40817994e-01,
        -3.16339880e-01, -7.40456581e-01, -1.25899863e+00,  1.70852423e+00,
         3.61253977e-01,  6.49519324e-01, -1.88472104e+00,  2.12936662e-02,
         1.65211320e-01,  1.41372979e+00, -4.16836500e-01,  1.00150430e+00,
        -1.17750287e+00,  6.72742307e-01,  2.66491389e+00, -4.21690136e-01,
         1.44893026e+00,  1.85465491e+00, -9.21929717e-01, -2.67107177e+00,
        -6.89529181e-01,  1.87246054e-01,  2.03653336e+00, -1.06719983e+00,
        -1.25573111e+00,  1.67995453e+00, -1.11927912e-01,  9.30163637e-03,
        -2.16780972e+00, -2.35809386e-01,  8.05712700e-01, -1.43592370e+00,
         1.90760577e+00,  1.22422361e+00,  7.11450696e-01, -1.03549755e+00,
        -3.28443706e-01,  1.52513754e+00,  5.03782630e-01,  2.57358217e+00,
         2.68293947e-01,  3.63898724e-02,  1.44284880e+00, -6.08963490e-01,
         1.22047210e+00,  1.36193132e+00,  1.03728986e+00,  2.65509665e-01,
         1.02353275e+00,  2.43967652e-01, -4.60037291e-01,  3.06317139e+00,
        -2.17784762e+00,  5.87742805e-01, -8.00704420e-01,  9.47063088e-01,
         4.75893259e-01,  4.40620869e-01, -1.46940863e+00,  1.59128499e+00,
         1.36877882e+00, -3.37089396e+00, -6.83072448e-01, -1.08471906e+00,
         1.39883435e+00, -1.05332911e-01,  5.65285563e-01, -4.32143286e-02,
        -6.70019507e-01,  9.11948740e-01, -2.33213961e-01, -1.26049116e-01,
         8.75937492e-02, -7.07631931e-03, -1.65201962e+00, -3.06234229e-03,
         6.30505383e-02, -1.27938247e+00,  6.01554394e-01,  1.73120284e+00,
        -1.25148416e-01,  1.06750242e-03,  2.36500335e+00,  8.79594445e-01,
         5.66457570e-01,  4.03919429e-01,  3.40654111e+00, -1.93360758e+00,
        -1.41453946e+00, -1.08754814e+00, -2.37579331e-01,  2.24214768e+00,
         8.26425970e-01, -8.31568360e-01,  1.80107355e+00, -9.63335335e-02,
        -1.31089532e+00,  1.20241094e+00,  4.08885181e-01, -2.39609814e+00,
         7.30219603e-01,  3.45001125e+00, -6.34039342e-01,  5.34127831e-01,
         1.44072783e+00,  2.38359594e+00,  4.25462455e-01, -1.34442937e+00,
         4.87056637e+00,  9.19492126e-01,  1.22559512e+00,  1.11078978e+00,
        -1.38842607e+00, -9.58455443e-01,  1.12157381e+00,  1.82132459e+00,
        -3.77364494e-02, -4.31687921e-01, -8.32789779e-01,  3.52871865e-01,
         2.83439726e-01, -2.49858618e+00,  6.39874786e-02, -1.38145876e+00,
         1.15981984e+00, -1.71807063e+00,  5.05890369e-01, -1.68097091e+00,
        -1.55004990e+00,  8.80966544e-01,  5.44028759e-01,  1.00315847e-01,
        -9.21850920e-01, -1.48626626e+00, -2.94533658e+00,  4.69971389e-01,
         1.56384289e+00,  1.42087448e+00, -9.31551695e-01,  1.97654474e+00,
         1.91045880e+00,  7.44420946e-01,  1.07140195e+00,  3.74022436e+00,
         1.00901580e+00,  7.52746105e-01,  1.75596491e-01, -1.42254412e+00,
         2.21969676e+00,  9.37750340e-01,  1.31381714e+00,  1.34525239e+00,
         2.47842836e+00,  7.94053972e-01,  1.04521942e+00, -2.08107829e+00,
         2.09783840e+00,  2.28732872e+00,  1.30409610e+00, -1.63321450e-01,
         1.21863246e+00, -1.55000162e+00,  1.30430484e+00,  2.90784299e-01,
        -1.68990803e+00,  8.39153707e-01,  3.74956010e-03,  1.47326255e+00,
         1.64124775e+00,  1.48927286e-01,  2.56041098e+00,  3.61187220e+00,
         2.67426133e+00, -5.88229895e-01,  1.19254863e+00,  2.92818952e+00,
        -9.69070911e-01, -1.24186516e+00,  2.57402062e+00, -2.14869678e-01,
        -1.15913785e+00,  2.13133216e+00,  4.44313735e-01,  1.23027110e+00,
         3.71248889e+00,  9.26903129e-01, -2.50151157e+00,  3.50166768e-01,
         2.38531065e+00, -2.98705429e-01, -3.56039256e-02,  3.29486370e-01,
        -1.15001309e+00,  5.78425586e-01, -8.52568567e-01,  4.06646609e-01,
         2.62531948e+00, -1.98125935e+00, -5.10005295e-01,  7.46170342e-01,
         2.39255047e+00, -1.13342404e+00,  2.32174468e+00,  3.12564731e+00,
        -7.35567033e-01,  6.34571537e-02, -1.40041685e+00,  1.32473767e+00,
        -1.23815668e+00,  1.79986691e+00,  8.53824094e-02,  2.12201759e-01,
        -6.01499856e-01, -2.17252970e+00,  2.61827278e+00, -5.43541849e-01,
         2.65912580e+00, -9.52420712e-01,  1.77760437e-01, -1.99582607e-01,
        -6.28122807e-01,  1.94258428e+00, -7.67282844e-01, -1.62377417e+00,
        -6.11869097e-01,  1.99072599e+00,  1.17317677e+00, -8.44878197e-01,
        -2.92344749e-01,  1.99375427e+00,  4.29600567e-01,  7.37001121e-01,
         1.91343558e+00,  2.48715878e+00,  5.91919422e-01,  1.70139182e+00,
        -2.60316618e-02,  2.48030156e-01,  3.32927406e-01, -2.16986012e+00,
         2.05497479e+00,  4.95929390e-01, -3.53675818e+00, -8.40555131e-03,
         1.10072327e+00,  6.36647046e-01, -1.44988096e+00,  7.99160302e-01,
         1.86080551e+00,  1.42057166e-01, -1.25740552e+00,  1.08591461e+00,
         2.70434499e+00,  1.26390743e+00,  2.46117771e-01, -1.52702034e+00,
         7.07831681e-01, -1.73832309e+00, -1.07378244e+00,  6.52767837e-01,
         1.21528268e+00,  1.61446512e+00,  6.59860075e-01,  1.77319646e+00,
         6.01315796e-01,  1.37023282e+00,  1.29001188e+00, -1.93841279e-01,
        -6.76991045e-01, -2.15099740e+00,  3.34632546e-01,  5.77110887e-01,
         5.88182211e-01,  9.62230325e-01,  1.85638273e+00,  1.29891992e-01,
        -9.40575421e-01,  8.69060099e-01,  2.04997007e-02, -2.02787548e-01,
         5.03293514e-01,  4.53638613e-01, -1.54969263e+00,  2.49730682e+00,
         1.42695159e-01,  1.37008560e+00, -1.86073613e+00,  7.23662674e-01,
         3.09891671e-01,  4.45613295e-01,  1.65171757e-01, -1.90232801e+00,
        -1.99467108e-01,  1.93140686e+00,  2.36900613e-01, -2.78177947e-01,
         1.98871791e+00,  1.35562134e+00,  6.54262304e-01,  1.58003032e+00,
         2.09336185e+00,  1.96833527e+00,  6.84921563e-01, -1.31067824e+00,
         3.20116729e-01,  2.98169065e+00,  1.77331448e+00, -7.27352977e-01,
        -5.04907906e-01, -9.54162955e-01, -1.53126672e-01,  8.35352421e-01,
         2.87582278e+00,  2.60564399e+00, -1.85022414e+00,  1.63275826e+00,
         1.21660304e+00,  7.22400308e-01,  4.22240853e-01,  1.45059609e+00,
        -9.76406813e-01,  2.22624230e+00, -6.08734846e-01,  2.26867056e+00,
         2.08269668e+00,  1.08706594e+00, -4.43461537e-01, -1.48574814e-01,
         8.07882726e-01,  1.60700381e+00,  1.05466866e+00, -1.26787460e+00,
        -1.87645033e-02, -3.17493901e-02,  2.95546412e+00,  2.03514218e+00,
         2.66935754e+00,  9.84104797e-02,  5.36502227e-02,  4.25946742e-01,
        -1.52273226e+00,  2.93819833e+00, -3.55290949e-01,  1.89130813e-01,
         1.52297688e+00,  7.43107796e-01,  3.31730151e+00,  4.45284009e-01,
         1.04788017e+00,  4.42924321e-01,  1.62170351e+00,  2.30989361e+00,
        -1.20516491e+00, -1.19405639e+00, -5.13085604e-01, -2.44341940e-01,
         1.79964876e+00, -3.49675030e-01,  5.71649194e-01,  3.53681326e-01,
        -1.40805304e+00, -4.65013832e-01,  1.16665816e+00,  2.19713044e+00,
         1.34952533e+00,  2.09433365e+00, -6.98807359e-01,  9.13282275e-01,
         5.51154971e-01, -1.16460669e+00,  2.52815413e+00, -2.42841244e-01,
        -1.49959898e+00, -1.25050962e+00, -9.83536839e-01,  6.25471920e-02,
         1.09392738e+00, -1.40424633e+00,  1.40797198e+00,  1.07836223e+00,
         2.23910642e+00, -2.00920820e+00, -4.12853628e-01,  1.63129449e+00,
        -1.07868016e+00, -3.03414524e-01,  1.27021182e+00, -1.35073185e+00,
        -1.14222139e-01, -2.01096628e-02,  7.36813605e-01, -3.27253819e-01,
         1.69849396e+00,  1.43776741e-02,  3.01546961e-01, -2.68483967e-01,
         3.86342025e+00,  2.28192735e+00,  3.11525035e+00, -1.05671847e+00,
         1.05004656e+00, -1.80100575e-01, -1.10447884e-01,  3.74738622e+00,
         1.32760191e+00, -1.34212136e+00,  1.18843412e+00,  1.88554072e+00,
        -2.67909074e+00, -3.22848141e-01, -1.30527258e-01,  5.76032579e-01,
        -1.14088428e+00,  1.70474303e+00,  3.36721390e-01, -1.08737767e+00,
        -1.73010957e+00, -2.76955581e+00, -1.76171803e+00, -7.56090403e-01,
         1.52127647e+00,  1.78522483e-01, -7.31605351e-01,  3.94386649e-01,
         1.44466257e+00, -6.39247358e-01, -2.29219484e+00,  6.33344769e-01,
         1.24118280e+00,  4.60923702e-01, -4.45346653e-01,  6.49295390e-01,
        -1.49669871e-01,  6.03563786e-01,  1.47930682e+00,  1.80302966e+00,
        -4.67476156e-03,  3.21575189e+00, -3.14652659e-02, -3.56925219e-01,
        -5.91291547e-01,  5.88259161e-01, -9.65506792e-01, -3.86160053e-02,
         4.22381401e+00,  2.07845688e+00,  2.67696285e+00, -4.30588186e-01,
         1.54507411e+00,  2.02158904e+00,  1.10355461e+00,  7.37971842e-01,
         4.99898344e-02,  3.32280338e-01,  1.39532733e+00,  1.04979539e+00,
         5.22984362e+00,  3.71646523e+00,  2.23894548e+00,  3.99819016e-02,
         8.04359913e-01,  3.86977345e-01,  1.07382524e+00,  2.15833092e+00,
        -2.08892894e+00, -1.21100259e+00,  5.33452988e-01, -2.29189897e+00,
         1.06788874e+00, -6.27116621e-01,  1.33067340e-01,  3.58073056e-01,
         9.06159520e-01,  2.40273929e+00, -6.99821636e-02, -8.83188605e-01,
        -2.46361637e+00,  8.42985094e-01, -1.28132260e+00, -1.38513255e+00,
        -1.54276800e+00,  5.44658042e-02, -9.52245533e-01, -1.72158694e+00,
        -9.46096897e-01, -2.44803476e+00, -1.85894775e+00, -1.00346982e+00,
        -1.66696882e+00, -1.39440095e+00, -1.08627427e+00, -7.90475011e-01,
        -7.73023486e-01, -9.32443023e-01, -6.13953955e-02, -5.24417341e-01,
        -2.65262580e+00, -3.43266159e-01, -1.88893545e+00, -1.44261837e+00,
         9.50615644e-01,  6.75123334e-01,  9.83277112e-02, -3.15833926e-01,
        -4.92428213e-01, -1.30180195e-01,  1.02203079e-01, -1.50538945e+00,
        -1.36029792e+00,  2.10393503e-01, -1.04532957e+00, -1.50450325e+00,
        -1.14388633e+00, -1.11184645e+00, -1.38622808e+00, -1.57411659e+00,
        -1.57800794e+00, -1.87961924e+00,  1.37255871e+00, -2.53069401e-01,
         5.07931113e-01,  2.54390299e-01, -1.48780477e+00,  1.48449063e+00,
        -9.36409771e-01, -1.82027328e+00,  1.63164091e+00, -2.51176268e-01,
        -7.59310067e-01,  1.65936187e-01,  3.65663618e-01, -1.72800779e+00,
         6.79526567e-01, -6.77373648e-01, -5.62222779e-01, -1.22166371e+00,
        -8.74465108e-01, -3.35033536e-01, -1.56016660e+00, -4.31898892e-01,
        -6.77682579e-01,  2.60479093e-01, -9.40945625e-01, -1.51284838e+00,
        -1.64232731e+00, -2.50151896e+00, -2.22006655e+00, -1.44562280e+00,
        -1.54497421e+00, -2.56529260e+00, -3.07329774e-01,  1.80453086e+00],
       device='cuda:0')
Clean RHS: tensor([[0.26292497]], device='cuda:0')
Split layers:
Nonlinear functions:
   BoundRelu(name=/66, inputs=[/input], perturbed=True)
   BoundRelu(name=/68, inputs=[/input-4], perturbed=True)
   BoundRelu(name=/71, inputs=[/input-12], perturbed=True)
   BoundRelu(name=/73, inputs=[/input-16], perturbed=True)
   BoundRelu(name=/76, inputs=[/input-24], perturbed=True)
   BoundRelu(name=/78, inputs=[/input-28], perturbed=True)
   BoundRelu(name=/80, inputs=[/input-32], perturbed=True)
   BoundRelu(name=/83, inputs=[/input-40], perturbed=True)
   BoundRelu(name=/85, inputs=[/input-44], perturbed=True)
   BoundRelu(name=/87, inputs=[/input-48], perturbed=True)
   BoundRelu(name=/90, inputs=[/input-56], perturbed=True)
   BoundRelu(name=/92, inputs=[/input-60], perturbed=True)
   BoundRelu(name=/94, inputs=[/input-64], perturbed=True)
   BoundRelu(name=/98, inputs=[/input-68], perturbed=True)
   BoundRelu(name=/101, inputs=[/input-72], perturbed=True)
   BoundRelu(name=/input-8/conv_1_relu, inputs=[/input-8/conv_1], perturbed=True)
   BoundRelu(name=/input-8/conv_3_relu, inputs=[/input-8/conv_3], perturbed=True)
   BoundRelu(name=/input-20/conv_1_relu, inputs=[/input-20/conv_1], perturbed=True)
   BoundRelu(name=/input-20/conv_3_relu, inputs=[/input-20/conv_3], perturbed=True)
   BoundRelu(name=/input-36/conv_1_relu, inputs=[/input-36/conv_1], perturbed=True)
   BoundRelu(name=/input-36/conv_3_relu, inputs=[/input-36/conv_3], perturbed=True)
   BoundRelu(name=/input-52/conv_1_relu, inputs=[/input-52/conv_1], perturbed=True)
   BoundRelu(name=/input-52/conv_3_relu, inputs=[/input-52/conv_3], perturbed=True)
   BoundRelu(name=/95/conv_1_relu, inputs=[/95/conv_1], perturbed=True)
   BoundRelu(name=/95/conv_3_relu, inputs=[/95/conv_3], perturbed=True)
Batched CROWN: node BoundConv(name=/input-4, inputs=[/66, /35, /36], perturbed=True), unstable size 38493
Batched CROWN: node BoundConv(name=/input-8/conv_1, inputs=[/68, /input-8/conv_1_w], perturbed=True), unstable size 48461
Batched CROWN: node BoundConv(name=/input-8/conv_3, inputs=[/input-8/add_1_2, /input-8/conv_3_w], perturbed=True), unstable size 17112
Batched CROWN: node BoundConv(name=/input-12, inputs=[/input-8/add_3_4, /37, /38], perturbed=True), unstable size 394685
Batched CROWN: node BoundConv(name=/input-16, inputs=[/71, /39, /40], perturbed=True), unstable size 1552837
Batched CROWN: node BoundConv(name=/input-20/conv_1, inputs=[/73, /input-20/conv_1_w], perturbed=True), unstable size 22961
Batched CROWN: node BoundConv(name=/input-20/conv_3, inputs=[/input-20/add_1_2, /input-20/conv_3_w], perturbed=True), unstable size 11664
Batched CROWN: node BoundConv(name=/input-24, inputs=[/input-20/add_3_4, /41, /42], perturbed=True), unstable size 414059
Batched CROWN: node BoundConv(name=/input-28, inputs=[/76, /43, /44], perturbed=True), unstable size 795767
Batched CROWN: node BoundConv(name=/input-32, inputs=[/78, /45, /46], perturbed=True), unstable size 116391
Batched CROWN: node BoundConv(name=/input-36/conv_1, inputs=[/80, /input-36/conv_1_w], perturbed=True), unstable size 31864
Batched CROWN: node BoundConv(name=/input-36/conv_3, inputs=[/input-36/add_1_2, /input-36/conv_3_w], perturbed=True), unstable size 18005
Batched CROWN: node BoundConv(name=/input-40, inputs=[/input-36/add_3_4, /47, /48], perturbed=True), unstable size 303515
