----- SLURM_JOB_ID=4438104
SLURM_JOB_NODELIST=d1028
SLURM_JOB_GPUS=3
SLURM_GPUS=<unset>
SLURM_STEP_GPUS=<unset>
CUDA_VISIBLE_DEVICES=0
SLURM_NTASKS=1
SLURM_CPUS_PER_TASK=4
SHELL=/bin/bash
PATH=/shared/EL9/explorer/cuda/12.8.0/bin:/shared/EL9/explorer/code-server/4.91.1/code-server-4.91.1-linux-amd64/lib/vscode/bin/remote-cli:/home/z.dehghanipour/.conda/envs/ab-crown-v1/bin:/shared/EL9/explorer/anaconda3/2024.06/condabin:/usr/share/Modules/bin:/usr/local/bin:/usr/bin:/usr/local/sbin:/usr/sbin:/home/z.dehghanipour/.local/bin:/home/z.dehghanipour/bin:/home/z.dehghanipour/.local/bin:/home/z.dehghanipour/bin
========== ENV CHECK ==========
/home/z.dehghanipour/.conda/envs/ab-crown-v1/bin/python
Python 3.11.9
PYTHON: /home/z.dehghanipour/.conda/envs/ab-crown-v1/bin/python
torch: 2.3.1
torch.version.cuda: 12.1
cuda available: True
CUDA_VISIBLE_DEVICES: 0
device[0]: NVIDIA A100-SXM4-80GB
capability[0]: (8, 0)
matmul ok: 36067.80859375
Fri Feb 20 00:38:04 2026       
+-----------------------------------------------------------------------------------------+
| NVIDIA-SMI 570.86.15              Driver Version: 570.86.15      CUDA Version: 12.8     |
|-----------------------------------------+------------------------+----------------------+
| GPU  Name                 Persistence-M | Bus-Id          Disp.A | Volatile Uncorr. ECC |
| Fan  Temp   Perf          Pwr:Usage/Cap |           Memory-Usage | GPU-Util  Compute M. |
|                                         |                        |               MIG M. |
|=========================================+========================+======================|
|   0  NVIDIA A100-SXM4-80GB          On  |   00000000:C1:00.0 Off |                    0 |
| N/A   33C    P0             70W /  500W |       1MiB /  81920MiB |      8%      Default |
|                                         |                        |             Disabled |
+-----------------------------------------+------------------------+----------------------+
                                                                                         
+-----------------------------------------------------------------------------------------+
| Processes:                                                                              |
|  GPU   GI   CI              PID   Type   Process name                        GPU Memory |
|        ID   ID                                                               Usage      |
|=========================================================================================|
|  No running processes found                                                             |
+-----------------------------------------------------------------------------------------+
================================
========== QUICK GPU CHECK ==========
Fri Feb 20 00:38:04 2026       
+-----------------------------------------------------------------------------------------+
| NVIDIA-SMI 570.86.15              Driver Version: 570.86.15      CUDA Version: 12.8     |
|-----------------------------------------+------------------------+----------------------+
| GPU  Name                 Persistence-M | Bus-Id          Disp.A | Volatile Uncorr. ECC |
| Fan  Temp   Perf          Pwr:Usage/Cap |           Memory-Usage | GPU-Util  Compute M. |
|                                         |                        |               MIG M. |
|=========================================+========================+======================|
|   0  NVIDIA A100-SXM4-80GB          On  |   00000000:C1:00.0 Off |                    0 |
| N/A   33C    P0             71W /  500W |       1MiB /  81920MiB |      0%      Default |
|                                         |                        |             Disabled |
+-----------------------------------------+------------------------+----------------------+
                                                                                         
+-----------------------------------------------------------------------------------------+
| Processes:                                                                              |
|  GPU   GI   CI              PID   Type   Process name                        GPU Memory |
|        ID   ID                                                               Usage      |
|=========================================================================================|
|  No running processes found                                                             |
+-----------------------------------------------------------------------------------------+
=====================================
[rank 0/1] host=d1028 CUDA_VISIBLE_DEVICES=0
[rank 0] === Checking instance ID 1 ===
[rank 0] >>> ID 1 already done (results.csv / parts) — skipping
[rank 0] === Checking instance ID 2 ===
[rank 0] >>> ID 2 already done (results.csv / parts) — skipping
[rank 0] === Checking instance ID 3 ===
[rank 0] >>> ID 3 already done (results.csv / parts) — skipping
[rank 0] === Checking instance ID 4 ===
[rank 0] >>> ID 4 already done (results.csv / parts) — skipping
[rank 0] === Checking instance ID 5 ===
[rank 0] >>> ID 5 already done (results.csv / parts) — skipping
[rank 0] === Checking instance ID 6 ===
[rank 0] >>> ID 6 already done (results.csv / parts) — skipping
[rank 0] === Checking instance ID 7 ===
[rank 0] >>> ID 7 already done (results.csv / parts) — skipping
[rank 0] === Checking instance ID 8 ===
[rank 0] >>> ID 8 already done (results.csv / parts) — skipping
[rank 0] === Checking instance ID 9 ===
[rank 0] >>> ID 9 already done (results.csv / parts) — skipping
[rank 0] === Checking instance ID 10 ===
[rank 0] >>> ID 10 already done (results.csv / parts) — skipping
[rank 0] === Checking instance ID 11 ===
[rank 0] >>> ID 11 already done (results.csv / parts) — skipping
[rank 0] === Checking instance ID 12 ===
[rank 0] >>> ID 12 already done (results.csv / parts) — skipping
[rank 0] === Checking instance ID 13 ===
[rank 0] >>> ID 13 already done (results.csv / parts) — skipping
[rank 0] === Checking instance ID 14 ===
[rank 0] >>> ID 14 already done (results.csv / parts) — skipping
[rank 0] === Checking instance ID 15 ===
[rank 0] >>> ID 15 already done (results.csv / parts) — skipping
[rank 0] === Checking instance ID 16 ===
[rank 0] >>> ID 16 already done (results.csv / parts) — skipping
[rank 0] === Checking instance ID 17 ===
[rank 0] >>> ID 17 already done (results.csv / parts) — skipping
[rank 0] === Checking instance ID 18 ===
[rank 0] >>> ID 18 already done (results.csv / parts) — skipping
[rank 0] === Checking instance ID 19 ===
[rank 0] >>> ID 19 already done (results.csv / parts) — skipping
[rank 0] === Checking instance ID 20 ===
[rank 0] >>> ID 20 already done (results.csv / parts) — skipping
[rank 0] === Checking instance ID 21 ===
[rank 0] >>> ID 21 already done (results.csv / parts) — skipping
[rank 0] === Checking instance ID 22 ===
[rank 0] >>> ID 22 already done (results.csv / parts) — skipping
[rank 0] === Checking instance ID 23 ===
[rank 0] >>> ID 23 already done (results.csv / parts) — skipping
[rank 0] === Checking instance ID 24 ===
[rank 0] >>> ID 24 already done (results.csv / parts) — skipping
[rank 0] === Checking instance ID 25 ===
[rank 0] >>> ID 25 already done (results.csv / parts) — skipping
[rank 0] === Checking instance ID 26 ===
[rank 0] >>> ID 26 already done (results.csv / parts) — skipping
[rank 0] === Checking instance ID 27 ===
[rank 0] >>> ID 27 already done (results.csv / parts) — skipping
[rank 0] === Checking instance ID 28 ===
[rank 0] >>> ID 28 already done (results.csv / parts) — skipping
[rank 0] === Checking instance ID 29 ===
[rank 0] >>> ID 29 already done (results.csv / parts) — skipping
[rank 0] === Checking instance ID 30 ===
[rank 0] >>> ID 30 already done (results.csv / parts) — skipping
[rank 0] === Checking instance ID 31 ===
[rank 0] >>> ID 31 already done (results.csv / parts) — skipping
[rank 0] === Checking instance ID 32 ===
[rank 0] >>> ID 32 already done (results.csv / parts) — skipping
[rank 0] === Checking instance ID 33 ===
[rank 0] >>> ID 33 already done (results.csv / parts) — skipping
[rank 0] === Checking instance ID 34 ===
[rank 0] >>> ID 34 already done (results.csv / parts) — skipping
[rank 0] === Checking instance ID 35 ===
[rank 0] >>> ID 35 already done (results.csv / parts) — skipping
[rank 0] === Checking instance ID 36 ===
[rank 0] >>> ID 36 already done (results.csv / parts) — skipping
[rank 0] === Checking instance ID 37 ===
[rank 0] >>> ID 37 already done (results.csv / parts) — skipping
[rank 0] === Checking instance ID 38 ===
[rank 0] >>> ID 38 already done (results.csv / parts) — skipping
[rank 0] === Checking instance ID 39 ===
[rank 0] >>> ID 39 already done (results.csv / parts) — skipping
[rank 0] === Checking instance ID 40 ===
[rank 0] >>> ID 40 already done (results.csv / parts) — skipping
[rank 0] === Checking instance ID 41 ===
[rank 0] >>> ID 41 already done (results.csv / parts) — skipping
[rank 0] === Checking instance ID 42 ===
[rank 0] >>> ID 42 already done (results.csv / parts) — skipping
[rank 0] === Checking instance ID 43 ===
[rank 0] >>> ID 43 already done (results.csv / parts) — skipping
[rank 0] === Checking instance ID 44 ===
[rank 0] >>> ID 44 already done (results.csv / parts) — skipping
[rank 0] === Checking instance ID 45 ===
[rank 0] >>> ID 45 already done (results.csv / parts) — skipping
[rank 0] === Checking instance ID 46 ===
[rank 0] >>> ID 46 already done (results.csv / parts) — skipping
[rank 0] === Checking instance ID 47 ===
[rank 0] >>> ID 47 already done (results.csv / parts) — skipping
[rank 0] === Checking instance ID 48 ===
[rank 0] >>> ID 48 already done (results.csv / parts) — skipping
[rank 0] === Checking instance ID 49 ===
[rank 0] >>> ID 49 already done (results.csv / parts) — skipping
[rank 0] === Checking instance ID 50 ===
[rank 0] >>> ID 50 already done (results.csv / parts) — skipping
[rank 0] === Checking instance ID 51 ===
[rank 0] >>> ID 51 already done (results.csv / parts) — skipping
[rank 0] === Checking instance ID 52 ===
[rank 0] >>> ID 52 already done (results.csv / parts) — skipping
[rank 0] === Checking instance ID 53 ===
[rank 0] >>> ID 53 already done (results.csv / parts) — skipping
[rank 0] === Checking instance ID 54 ===
[rank 0] >>> ID 54 already done (results.csv / parts) — skipping
[rank 0] === Checking instance ID 55 ===
[rank 0] >>> Running ID=55 onnx=onnx/vgg16-7.onnx
Configurations:

general:
  device: cuda
  seed: 100
  conv_mode: patches
  deterministic: false
  double_fp: false
  loss_reduction_func: max
  sparse_alpha: true
  sparse_interm: true
  save_adv_example: false
  verify_onnxruntime_output: false
  eval_adv_example: false
  show_adv_example: false
  precompile_jit: false
  prepare_only: false
  complete_verifier: bab
  enable_incomplete_verification: false
  csv_name: instances.csv
  results_file: results/vggnet16_all_p_1/result_55.rank0.txt
  root_path: ../../vnncomp2023_benchmarks/benchmarks/vggnet16
  deterministic_opt: false
  graph_optimizer: 'Customized("custom_graph_optimizer", "maxpool_to_relu")'
  buffer_has_batchdim: false
  save_output: false
  output_file: out.pkl
  return_optimized_model: false
  output_additional_stats: true
  instance_id: 55
  dataset_output_dir: dataset
  min_stable_neurons_ratio_threshold: 0.0
model:
  name: null
  path: null
  onnx_path: /projects/air/dlverifier/vggnet16_all/onnx/vgg16-7.onnx
  onnx_path_prefix: ''
  cache_onnx_conversion: true
  debug_onnx: false
  onnx_quirks: null
  input_shape: null
  onnx_loader: default_onnx_and_vnnlib_loader
  onnx_optimization_flags: []
  onnx_vnnlib_joint_optimization_flags: none
  check_optimized: false
  flatten_final_output: false
  optimize_graph: null
  with_jacobian: false
data:
  start: 0
  end: 10000
  select_instance: null
  num_outputs: 1000
  mean: 0.0
  std: 1.0
  pkl_path: null
  dataset: null
  data_filter_path: null
  data_idx_file: null
specification:
  type: lp
  robustness_type: verified-acc
  norm: .inf
  epsilon: null
  epsilon_min: 0.0
  vnnlib_path: /projects/air/dlverifier/vggnet16_all/vnnlib/n01532829_house_finch_global_k50176_eps_0.0002.vnnlib
  vnnlib_path_prefix: ''
  rhs_offset: null
solver:
  batch_size: 1
  auto_enlarge_batch_size: false
  min_batch_size_ratio: 0.1
  use_float64_in_last_iteration: false
  early_stop_patience: 10
  start_save_best: 0.5
  bound_prop_method: forward+backward
  init_bound_prop_method: same
  prune_after_crown: false
  optimize_disjuncts_separately: false
  crown:
    batch_size: 16
    max_crown_size: 1000000000
    relu_option: adaptive
  alpha-crown:
    alpha: true
    lr_alpha: 0.1
    iteration: 100
    share_alphas: false
    lr_decay: 0.98
    full_conv_alpha: true
    max_coeff_mul: .inf
    matmul_share_alphas: false
    disable_optimization: []
    max_time: 1.0
  invprop:
    apply_output_constraints_to: []
    tighten_input_bounds: false
    best_of_oc_and_no_oc: false
    directly_optimize: []
    oc_lr: 0.1
    share_gammas: false
  beta-crown:
    lr_alpha: 0.01
    lr_beta: 0.05
    lr_decay: 0.98
    optimizer: adam
    iteration: 10
    beta: true
    beta_warmup: true
    enable_opt_interm_bounds: false
    all_node_split_LP: false
  forward:
    refine: false
    dynamic: true
    max_dim: 100
    reset_threshold: 1.0
  intermediate_refinement:
    enabled: false
    batch_size: 10
    opt_coeffs: false
    opt_bias: false
    lr: 0.05
    layers: [-1]
    max_domains: 1000
  multi_class:
    label_batch_size: 32
    skip_with_refined_bound: true
  mip:
    unstable_neuron_threshold: 0
    parallel_solvers: null
    solver_threads: 1
    refine_neuron_timeout: 15
    refine_neuron_time_percentage: 0.8
    early_stop: true
    adv_warmup: true
    mip_solver: gurobi
    skip_unsafe: false
    topk_filter: 1.0
    sliding_window: -1
    extra_constraint: false
    refine_neuron_timeout_increasement: 0
    timeout_neuron_percentage: 0.3
    remaining_timeout_threshold: 1
    remove_unstable_neurons: true
    lp_solver: false
bab:
  initial_max_domains: 1
  backing_up_max_domain: null
  max_domains: .inf
  decision_thresh: 0
  timeout: 1200.0
  timeout_scale: 1
  max_iterations: -1
  override_timeout: null
  get_upper_bound: false
  pruning_in_iteration: true
  pruning_in_iteration_ratio: 0.2
  sort_targets: false
  batched_domain_list: true
  optimized_interm: ''
  interm_transfer: true
  recompute_interm: false
  sort_domain_interval: -1
  vanilla_crown: false
  tree_traversal: depth_first
  cut:
    enabled: false
    cuts_path: /tmp/abcrown_cuts
    implication: false
    bab_cut: false
    lp_cut: false
    method: null
    lr: 0.01
    lr_decay: 1.0
    iteration: 100
    bab_iteration: -1
    early_stop_patience: -1
    lr_beta: 0.02
    number_cuts: 50
    topk_cuts_in_filter: 1000
    batch_size_primal: 100
    max_num: 1000000000
    patches_cut: false
    cplex_cuts: false
    cplex_cuts_wait: 0
    cplex_cuts_revpickup: true
    cut_reference_bounds: true
    fix_intermediate_bounds: false
    _tmp_cuts: null
    fixed_cuts: false
    add_implied_cuts: false
    add_input_cuts: false
    biccos:
      enabled: false
      constraint_strengthening: true
      recursively_strengthening: false
      drop_ratio: 0.5
      verified_bonus: 0.3
      max_infer_iter: 20
      heuristic: neuron_influence_score
      save_biccos_cuts: false
      multi_tree_branching:
        enabled: false
        restore_best_tree: false
        keep_n_best_domains: 1
        k_splits: 1
        iterations: 1
  branching:
    method: sb
    candidates: 3
    reduceop: min
    enable_intermediate_bound_opt: false
    branching_input_and_activation: false
    branching_input_and_activation_order: [input, relu]
    branching_input_iterations: 30
    branching_relu_iterations: 50
    gnn_path: ''
    neural_heuristic:
      model_path: ''
    rl:
      experiment: general
      eval: false
      extras: []
      logging:
        color: true
        debug: true
        file: rl-experiment.log
      pnet:
        gH: 64
        tH: 64
        nheads: 64
        nlayers: 64
        useDynamicGraph: true
        bidirectional: false
        GAT: true
      training:
        gamma: 0.99
        lr: 0.001
        batchSize: 8
        loop: 8
        totalEpochs: 10
        updatePolicyFrequency: 10
        updateTargetFrequency: 10
        buffer: buffer.pkl
        preparedBuffer: 'False'
        TestingPreparedBuffer: false
        scriptTraining: false
        policynet: policy-checkpoint.pt
        targetnet: target-checkpoint.pt
        datasetShuffle: true
        targetedData: all
        splitRatio: 0.8
        maxInstances: -1
        trainingMode: full
        reward:
          norm: null
          bonus: 10.0
          penalty: -1.0
      egreedy:
        epsilon: 0.1
        epsilonDecay: 0.1
        minEpsilon: 0.1
        ePath: epsilon.pt
        enabled: true
      expert:
        useExpertUntilEpisode: 0.1
        enabled: true
        learnToImitateExpertEpochs: 10
    nonlinear_split:
      method: shortcut
      branching_point_method: uniform
      num_branches: 2
      filter: false
      filter_beta: false
      filter_clamp: false
      filter_batch_size: 10000
      filter_iterations: 25
      relu_only: false
      loose_tanh_threshold: null
      dynamic_bbps: false
      dynamic_options: [uniform, three_left, three_right]
      branching_point_node: ''
      branching_point_db: []
    input_split:
      enable_clip_domains: false
      split_hint: null
      reorder_bab: false
      enable: true
      enhanced_bound_prop_method: alpha-crown
      enhanced_branching_method: naive
      enhanced_bound_patience: 100000000.0
      attack_patience: 100000000.0
      adv_check: 0
      split_partitions: 2
      sb_margin_weight: 1.0
      sb_sum: false
      sb_primary_spec: null
      bf_backup_thresh: -1
      bf_rhs_offset: 0
      bf_iters: 1000000000.0
      bf_batch_size: 100000
      bf_zero_crossing_score: false
      touch_zero_score: 0
      ibp_enhancement: false
      catch_assertion: false
      compare_with_old_bounds: false
      update_rhs_with_attack: false
      sb_coeff_thresh: 0.001
      sort_index: null
      sort_descending: true
      show_progress: false
      presplit_domains: null
      skip_getting_worst_domain: false
  attack:
    enabled: false
    beam_candidates: 8
    beam_depth: 7
    max_dive_fix_ratio: 0.8
    min_local_free_ratio: 0.2
    mip_start_iteration: 5
    mip_timeout: 30.0
    adv_pool_threshold: null
    refined_mip_attacker: false
    refined_batch_size: null
attack:
  pgd_order: input_bab
  pgd_steps: 100
  pgd_restarts: 30
  pgd_batch_size: 100000000
  pgd_early_stop: true
  pgd_lr_decay: 0.99
  pgd_alpha: auto
  pgd_alpha_scale: false
  pgd_loss_mode: null
  pgd_restart_when_stuck: false
  enable_mip_attack: false
  adv_saver: default_adv_saver
  adv_verifier: default_adv_verifier
  early_stop_condition: default_early_stop_condition
  adv_example_finalizer: default_adv_example_finalizer
  pgd_loss: default_pgd_loss
  cex_path: ./test_cex.txt
  attack_mode: PGD
  attack_tolerance: 0.0
  attack_func: attack_with_general_specs
  gama_lambda: 10.0
  gama_decay: 0.9
  check_clean: true
  input_split:
    pgd_steps: 100
    pgd_restarts: 30
    pgd_alpha: auto
  input_split_enhanced:
    pgd_steps: 200
    pgd_restarts: 500000
    pgd_alpha: auto
  input_split_check_adv:
    enabled: auto
    pgd_steps: 5
    pgd_restarts: 5
    pgd_alpha: auto
    max_num_domains: 10
debug:
  sanity_check: Full+Graph
  view_model: false
  lp_test: null
  rescale_vnnlib_ptb: null
  test_optimized_bounds: false
  test_optimized_bounds_after_n_iterations: 0
  print_verbose_decisions: false

Experiments at Fri Feb 20 00:39:18 2026 on d1028
Internal results will be saved to results/vggnet16_all_p_1/result_55.rank0.txt.

[ZRL] %%%%%%%%%%%%%%%%%%%%%%%%%%%%%%%%%%% idx: 0, vnnlib ID: 0 %%%%%%%%%%%%%%%%%%%%%%%%%%%%%%%%%%%
Using onnx /projects/air/dlverifier/vggnet16_all/onnx/vgg16-7.onnx
Using vnnlib /projects/air/dlverifier/vggnet16_all/vnnlib/n01532829_house_finch_global_k50176_eps_0.0002.vnnlib
Precompiled vnnlib file found at /projects/air/dlverifier/vggnet16_all/vnnlib/n01532829_house_finch_global_k50176_eps_0.0002.vnnlib.compiled
Loading cached onnx model from /projects/air/dlverifier/vggnet16_all/onnx/vgg16-7.onnx.cached
Cannot read cached onnx file. Regenerating...
Loading onnx /projects/air/dlverifier/vggnet16_all/onnx/vgg16-7.onnx with quirks {}
Finished onnx model loading in 45.1524 seconds
Number of perturbed inputs: 150528
WARNING: prioritizing attack due to too many perturbed pixels on VGG
Setting arguments.Config["attack"]["pgd_order"] to "before"
Setting bound_prop_method to crown
Attack parameters: initialization=uniform, steps=100, restarts=30, alpha=5.000084638595581e-05, initialization=uniform, GAMA=False
Model output of first 5 examples:
 tensor([[-9.84179735e-01,  1.78342223e+00, -1.65947032e+00, -2.14096689e+00,
         -1.46826649e+00,  1.75357819e-01, -7.30330765e-01, -1.95730090e+00,
         -1.85451174e+00, -1.51710165e+00, -1.35815775e+00, -4.11743581e-01,
         -3.48076820e-01, -1.24723291e+00, -9.21049491e-02,  3.43293063e-02,
         -9.35704112e-01, -1.47425973e+00, -6.55720413e-01, -1.00309432e+00,
         -1.09267509e+00, -8.29576969e-01, -1.46691218e-01, -1.36786723e+00,
         -7.48240650e-01, -1.42012167e+00, -3.19098353e-01, -1.08758259e+00,
         -1.25191283e+00,  1.99973598e-01, -1.85585511e+00,  5.51505089e-02,
         -1.32559168e+00, -2.10358357e+00, -1.54572606e+00, -1.48802161e+00,
          9.04216647e-01, -1.97223949e+00, -1.92081630e-01, -1.61068130e+00,
          1.90654367e-01, -1.71016526e+00, -1.92022860e+00, -1.09539115e+00,
         -9.80162084e-01, -1.17258871e+00,  2.22642079e-01, -1.19960856e+00,
         -2.18232632e+00, -3.94300610e-01,  2.84640789e-01, -2.56644034e+00,
         -2.85980195e-01,  5.81211969e-02, -8.72064352e-01, -1.64797652e+00,
         -7.23807454e-01, -1.83492041e+00, -1.37307316e-01, -2.69149095e-01,
         -3.29178900e-01, -1.16626072e+00, -1.40062356e+00,  1.56723455e-01,
         -4.76025641e-01, -6.41690910e-01, -9.29536283e-01, -4.32161152e-01,
         -1.52156878e+00, -1.94049394e+00, -2.20292509e-01,  2.68676668e-01,
          3.59950930e-01,  1.65134096e+00,  6.76981568e-01,  1.08223009e+00,
          2.96893656e-01,  1.31411254e+00,  5.01041830e-01,  1.50668132e+00,
         -4.22045216e-02, -2.40017581e+00, -1.39452422e+00, -1.67768073e+00,
         -7.95280576e-01, -9.53929424e-01, -1.85696065e+00,  1.51353419e-01,
          2.76782960e-01, -1.22894180e+00, -5.86132109e-01, -1.05233431e+00,
         -2.65643746e-01, -3.53370965e-01,  4.24528062e-01, -1.98340809e+00,
          5.25771305e-02, -9.90075111e-01,  7.76343286e-01, -9.13083851e-01,
          4.94704604e-01, -1.68907261e+00, -1.89087951e+00,  1.25118327e+00,
         -1.92908978e+00, -2.49308228e+00, -1.50275779e+00, -2.42326662e-01,
         -1.03368521e+00, -1.87273896e+00, -4.42556232e-01,  2.27978230e+00,
         -6.48752630e-01, -1.11642919e-01, -6.44071400e-01, -1.93520951e+00,
         -1.67195356e+00, -4.67197336e-02, -1.01222706e+00, -2.35374618e+00,
         -2.12307334e+00, -1.83236563e+00, -1.55440617e+00, -2.71769214e+00,
         -1.97087383e+00, -1.87859988e+00,  7.28727132e-03, -5.18511117e-01,
          6.05573952e-01,  6.46344960e-01,  3.01247120e-01, -4.93055493e-01,
          6.31472409e-01, -7.01597571e-01,  2.76551060e-02, -5.45125067e-01,
         -9.13617492e-01,  2.97920346e-01, -1.26598108e+00, -2.03704786e+00,
         -2.24849796e+00,  3.26018512e-01, -5.68455935e-01, -8.08636785e-01,
         -8.53751123e-01, -1.43158591e+00, -2.34047937e+00, -2.32631620e-02,
         -1.72823668e-01, -7.29910553e-01, -1.70270526e+00, -8.67136717e-02,
         -1.21072590e+00, -9.87779424e-02, -5.47587633e-01, -8.18097949e-01,
         -8.95358086e-01, -4.11435962e-01, -1.26179111e+00, -9.55665886e-01,
         -1.21479046e+00, -2.86848366e-01,  2.01180354e-01, -8.96535456e-01,
         -8.20753455e-01, -6.18011713e-01, -1.08340228e+00, -1.16084111e+00,
         -2.39506423e-01, -1.02929831e+00, -9.63734567e-01, -7.28976250e-01,
         -1.10617673e+00, -9.81244862e-01, -1.22732258e+00, -1.03896976e+00,
         -1.60110235e+00, -5.56433320e-01,  7.03201070e-03, -1.50798476e+00,
         -1.87544215e+00, -4.22066212e-01, -2.13078320e-01, -7.68752933e-01,
         -4.34503630e-02, -3.20469230e-01, -3.28676850e-01,  1.49168205e-02,
         -1.14830422e+00, -1.36155665e+00, -8.37881148e-01,  9.98913571e-02,
         -6.38175309e-01, -1.01736867e+00, -9.89218712e-01,  4.86058623e-01,
         -7.77579546e-01, -1.35537744e+00, -1.61660540e+00, -1.28801048e-01,
         -8.46764982e-01, -9.26899076e-01, -6.92141950e-01,  7.44026065e-01,
         -3.55130464e-01, -7.87143111e-01, -1.13184059e+00, -5.21467626e-01,
         -9.04965639e-01, -6.60465360e-01, -1.76459551e+00, -5.14155865e-01,
         -5.10443747e-01, -8.00164223e-01, -1.01588511e+00, -6.63088024e-01,
         -1.02215278e+00, -2.89844245e-01, -7.69215345e-01, -8.95132124e-01,
         -5.68263173e-01, -2.06499696e-01, -8.07121456e-01,  2.43256927e-01,
          1.51860282e-01, -1.29464364e+00, -1.02105057e+00, -1.16126335e+00,
         -1.17796373e+00, -1.71879366e-01, -1.22657669e+00, -7.30602801e-01,
         -5.63727498e-01, -7.54775107e-01, -4.18908536e-01, -5.66245019e-01,
         -8.64896536e-01, -4.42822903e-01, -1.11138535e+00, -2.14345813e-01,
         -5.59262216e-01, -8.22266281e-01, -2.23167479e-01, -1.89354658e+00,
         -8.99703145e-01, -4.81627464e-01, -1.70389783e+00, -6.22510552e-01,
         -4.69709009e-01, -2.43944243e-01, -7.21925020e-01, -9.69573200e-01,
         -2.74505198e-01, -3.10767531e-01,  6.22894645e-01, -1.49608696e+00,
         -1.10925066e+00, -2.16424733e-01, -5.36130786e-01,  2.22713068e-01,
          3.68295945e-02, -1.00291169e+00, -1.17892170e+00, -5.70672035e-01,
         -7.98855960e-01,  1.95634589e-01, -8.73933434e-01, -7.58075118e-01,
         -1.90767002e+00, -2.35327423e-01, -7.64066815e-01, -3.24603200e-01,
         -1.02518372e-01, -5.13317063e-02, -8.97715449e-01, -8.08239758e-01,
         -9.25433695e-01,  2.72335112e-01, -8.87398243e-01, -5.91075197e-02,
         -4.10519689e-01,  8.49178195e-01,  9.81223643e-01,  1.73738968e+00,
          1.66868854e+00,  4.53346133e-01, -1.29703677e+00, -8.00797403e-01,
         -1.08273244e+00, -1.71230745e+00, -1.26060498e+00, -1.10350955e+00,
         -8.56840014e-01, -3.84237051e-01, -1.40661705e+00, -1.06898189e+00,
          3.95612009e-02, -1.24818981e+00, -2.00576544e+00, -1.01715946e+00,
         -1.91181624e+00, -9.16885734e-02, -3.43428671e-01, -6.23639762e-01,
         -1.28230977e+00, -2.09697819e+00, -1.58627197e-01, -5.83400965e-01,
         -7.35541061e-02, -7.23723173e-01,  1.35620356e+00, -4.92354631e-02,
         -6.07966363e-01,  1.19331419e+00,  9.64934289e-01,  2.52665997e-01,
         -9.95524526e-01, -1.53694761e+00,  4.51593667e-01,  5.77102423e-01,
          7.54733458e-02, -2.05622768e+00, -1.99010324e+00, -1.31786907e+00,
         -1.96652174e+00, -2.36415982e+00, -1.96841609e+00, -1.19827390e+00,
         -1.73125124e+00, -2.18006659e+00, -6.61818564e-01,  1.43195957e-01,
          7.15379775e-01, -7.88372457e-02, -6.12542450e-01, -1.07127106e+00,
         -2.47646904e+00,  8.69410634e-01,  6.27952963e-02, -1.67317426e+00,
         -1.06954515e+00, -1.18992984e+00, -1.79125130e+00, -1.90669322e+00,
         -1.01909721e+00, -1.65675247e+00, -1.35068917e+00, -1.09585571e+00,
         -3.02012253e+00, -2.24648333e+00, -2.48246789e+00, -1.79125273e+00,
         -1.67361295e+00, -1.43388963e+00, -1.46207869e+00, -1.81474638e+00,
         -2.57706046e-01, -4.62707192e-01, -4.27518860e-02, -3.04025471e-01,
         -6.20721042e-01,  4.27213013e-01, -8.63239169e-04, -8.29969227e-01,
         -2.01806426e+00, -9.97701764e-01, -1.43772197e+00, -1.20638978e+00,
         -1.04446614e+00, -1.49048638e+00, -1.12033379e+00, -1.94787836e+00,
         -1.22895026e+00, -1.15358293e+00, -9.97431457e-01, -1.83699143e+00,
         -6.39065981e-01, -7.31127381e-01, -5.96474707e-01, -1.69887626e+00,
         -6.18547201e-01, -1.31479561e+00, -9.22178209e-01, -1.15892482e+00,
         -9.92899776e-01, -1.17045319e+00, -1.53362632e+00, -1.45824540e+00,
         -1.90452635e+00, -2.70893812e-01, -1.32443821e+00, -6.28152549e-01,
         -6.00157201e-01, -1.84754705e+00, -8.49028885e-01,  2.16382951e-01,
         -1.94336450e+00, -1.82412338e+00,  4.62197661e-01,  6.70012534e-01,
         -5.70575356e-01,  9.33291018e-01,  5.96259832e-01, -8.78953993e-01,
         -4.20699120e-02,  1.21657658e+00,  6.87496364e-02,  1.43430114e-01,
         -1.57139087e+00,  3.52404642e+00, -9.74594593e-01,  1.99200761e+00,
          4.35038656e-01,  1.03818166e+00,  1.04173946e+00, -3.87082756e-01,
          2.41149855e+00,  1.27000439e+00,  2.82400274e+00,  1.54482067e+00,
          4.09393281e-01,  9.65173423e-01,  2.42918096e-02, -5.69785684e-02,
          7.08634794e-01,  8.33526254e-01,  1.68773735e+00, -6.34775162e-01,
         -3.34308296e-01, -3.06494534e-01, -8.08157265e-01, -6.66040480e-02,
          7.39578664e-01,  8.70606601e-01,  8.96446764e-01,  2.12892437e+00,
         -1.48727998e-01, -9.17002559e-02,  1.93970478e+00,  4.28118229e-01,
          7.67522752e-02,  1.69035459e+00,  3.09108883e-01,  1.76513612e+00,
         -7.00287819e-01, -4.77979243e-01,  4.22877979e+00,  3.34911525e-01,
          1.95804805e-01,  1.13521850e+00, -7.14891493e-01,  5.70790410e-01,
         -7.06547737e-01,  1.23246264e+00, -9.20325875e-01,  2.49449134e-01,
          1.35365093e+00,  7.07102060e-01, -1.42650038e-01,  6.76509976e-01,
         -1.87635231e+00,  1.03469610e-01,  2.53869772e+00,  4.48995829e-03,
          1.36008513e+00,  1.46578860e+00, -6.56728148e-01, -1.82629597e+00,
          5.40014625e-01,  1.74414262e-01,  1.34952414e+00, -1.33045411e+00,
          4.83301967e-01,  1.12123060e+00, -1.01831007e+00,  1.54522371e+00,
          1.16891965e-01,  5.63193917e-01,  9.84890044e-01, -3.59841377e-01,
          3.33706260e+00,  2.33429766e+00,  1.69915712e+00, -1.06626356e+00,
         -1.06661308e+00,  2.09804010e+00,  8.49857211e-01,  2.72363806e+00,
          3.18083555e-01, -5.36515355e-01,  1.95507392e-01, -3.11295658e-01,
          1.66514683e+00,  1.74765038e+00,  1.91638041e+00,  1.25421369e+00,
          3.69787842e-01,  3.47614706e-01,  1.48121369e+00,  3.07606268e+00,
         -2.40834403e+00, -1.38275757e-01, -9.26618040e-01,  7.32282043e-01,
          1.21207750e+00,  5.31943679e-01, -1.35161364e+00,  1.75866520e+00,
          1.76196563e+00, -1.53408337e+00, -4.32997465e-01, -1.90805629e-01,
          7.49518335e-01, -2.09819481e-01, -1.01578772e+00, -8.69624674e-01,
         -1.23460579e+00,  4.72366363e-01,  5.25724769e-01,  2.51287818e-01,
          6.51505738e-02,  5.27286768e-01, -7.04173625e-01,  4.40302432e-01,
         -5.04521847e-01, -1.53923905e+00,  1.73006248e+00,  2.50102592e+00,
          6.06544614e-01,  4.49975908e-01,  3.50532603e+00,  1.93121672e+00,
          1.15774715e+00,  7.64062166e-01,  3.11183000e+00, -1.41371274e+00,
         -1.17983139e+00, -1.17051351e+00, -1.23572409e-01,  3.32513762e+00,
         -2.36511350e-01, -9.56264138e-01,  2.13560057e+00,  1.06487826e-01,
         -5.84333420e-01,  1.16322839e+00,  5.68367302e-01, -2.00696564e+00,
          1.87157130e+00,  4.30902004e+00, -1.64063394e-01,  7.40234733e-01,
          9.85205650e-01,  2.68216038e+00, -6.72996998e-01, -1.08009584e-01,
          4.72177029e+00,  1.81390309e+00,  1.27255642e+00,  1.01773632e+00,
         -9.53351319e-01,  9.26401168e-02,  1.98626268e+00,  2.07221866e+00,
          7.25618005e-01,  1.67820001e+00, -6.31796181e-01,  4.56973225e-01,
         -3.68544936e-01, -1.39000189e+00,  6.20415926e-01,  2.31574088e-01,
          1.16706443e+00, -4.13001031e-01,  1.95197195e-01, -1.94906697e-01,
         -7.65768528e-01,  1.12566435e+00,  4.82908189e-01,  2.14156795e+00,
          4.58743095e-01,  4.07628894e-01, -1.41478252e+00,  1.00435808e-01,
          1.79727232e+00,  1.14575136e+00, -1.00063860e+00,  1.69033349e+00,
          1.85564888e+00,  1.48109102e+00,  1.92223370e+00,  4.60358477e+00,
          1.22835064e+00,  1.63468945e+00,  1.28699332e-01, -8.26404035e-01,
          1.61323655e+00, -7.51487613e-01,  2.66104317e+00,  1.66698909e+00,
          1.90505445e+00, -1.19268961e-01,  1.97406518e+00, -1.80007625e+00,
          1.69959593e+00,  2.95891213e+00,  1.93731081e+00,  2.01992601e-01,
          5.12562335e-01, -3.31875771e-01,  1.52994227e+00,  1.51445103e+00,
         -1.48035213e-01,  1.49121368e+00,  3.67803216e-01,  1.02327335e+00,
          8.76733959e-01,  2.37183988e-01,  1.49594808e+00,  3.57580996e+00,
          3.49847245e+00,  3.99051607e-01,  9.62285757e-01,  2.23757291e+00,
         -5.03836811e-01, -7.12949812e-01,  1.93948817e+00,  2.75692463e-01,
         -9.98573899e-01,  1.58937001e+00, -2.41447479e-01,  5.84907413e-01,
          3.33508301e+00,  1.07114661e+00, -1.39052951e+00,  6.76034987e-01,
          2.48526287e+00,  6.25623226e-01,  3.05941731e-01,  1.72201365e-01,
         -1.44147718e+00,  5.19912899e-01,  3.52680609e-02, -5.04817069e-01,
          2.35072994e+00, -1.67303157e+00,  7.41473794e-01,  9.71579969e-01,
          2.80046582e+00, -2.43692493e+00,  2.15154958e+00,  5.10137987e+00,
         -1.02440715e+00, -1.97786286e-01, -7.34699368e-01,  1.39043558e+00,
         -2.53826678e-01,  8.40286732e-01, -7.76183069e-01,  7.86238551e-01,
          8.91970217e-01, -1.31244695e+00,  2.31320190e+00, -1.81365371e+00,
          4.21095705e+00, -2.55340710e-02, -6.31594121e-01, -2.60444760e-01,
         -6.96032882e-01,  2.32742453e+00,  1.80728018e-01, -5.79394162e-01,
         -3.67328912e-01,  1.79091024e+00,  5.81714630e-01,  4.16424006e-01,
         -8.41437876e-01,  1.18201268e+00,  2.90133566e-01, -5.42044103e-01,
          1.08862436e+00,  2.85462642e+00, -8.63718688e-01,  1.14414418e+00,
          2.38448068e-01,  1.06412446e+00,  4.30521429e-01, -3.49990219e-01,
          3.88298059e+00, -4.32096690e-01, -3.06634784e+00,  3.80827114e-03,
          2.61746335e+00,  8.56017172e-01,  1.19542502e-01,  1.42566967e+00,
          2.72893286e+00, -1.74759194e-01, -9.74356413e-01,  1.12488210e+00,
          1.65639699e+00,  9.96560931e-01,  1.12443781e+00,  7.75487050e-02,
          1.63725412e+00, -7.52756953e-01, -7.18162835e-01,  1.81675756e+00,
         -4.74289358e-02,  3.10647750e+00,  6.99067593e-01,  1.89069390e+00,
          2.24206471e+00,  1.78296161e+00,  7.86590993e-01, -1.07671320e+00,
          3.19113672e-01, -6.86180472e-01,  6.55574024e-01,  1.12667680e-01,
          8.35671186e-01,  1.31297386e+00,  1.94962740e+00, -3.49093467e-01,
         -1.74363256e+00,  1.00967121e+00, -2.48969123e-01,  5.70397079e-01,
          1.20252097e+00,  8.30701709e-01, -1.68049061e+00,  1.62263644e+00,
          1.37141633e+00,  1.97731197e+00, -1.08505309e+00, -2.23504454e-01,
          1.51526749e+00, -4.92888317e-02,  9.65233669e-02, -1.36650133e+00,
         -2.24708021e-01,  3.06971145e+00,  7.70486474e-01, -6.11503005e-01,
          1.23944378e+00,  2.46407270e+00,  1.38126493e+00,  1.32749188e+00,
          1.61605263e+00,  1.81636739e+00,  1.25345349e+00,  8.14677700e-02,
          1.45057178e+00,  3.48031330e+00,  2.38309050e+00, -1.23915184e+00,
          4.79008585e-01,  1.60754099e-03,  6.72168493e-01,  1.42557931e+00,
          2.49345112e+00,  2.23291874e+00, -1.60697058e-01,  1.76018679e+00,
          1.98271942e+00,  8.86692554e-02,  2.28864098e+00,  1.92888689e+00,
         -1.45450234e+00,  2.13115072e+00, -6.98062658e-01,  2.42074227e+00,
          2.10558796e+00,  9.43115234e-01, -5.13871610e-01,  1.72631070e-01,
          9.20157731e-01,  1.22283709e+00,  9.88554239e-01, -3.60952020e-02,
         -4.46123809e-01,  1.57872880e+00,  4.38087559e+00,  1.13951516e+00,
          2.39643550e+00, -4.99681324e-01,  3.65727246e-01,  2.22580940e-01,
         -6.70111001e-01,  3.45463300e+00,  5.46072066e-01,  5.03780127e-01,
          9.99669790e-01,  1.07365417e+00,  4.18049097e+00,  9.28805888e-01,
          5.16218722e-01,  6.68838859e-01,  2.02695751e+00,  3.20422244e+00,
          7.52900541e-01, -7.26796448e-01, -2.87765384e-01,  8.15051422e-02,
          1.03305042e+00, -4.12174821e-01, -2.86786526e-01,  1.14625692e+00,
         -1.71308184e+00,  2.96519279e-01,  2.08967471e+00,  3.14934564e+00,
          1.55228698e+00,  1.55305052e+00,  3.68022412e-01,  2.28708220e+00,
         -3.40604901e-01,  3.19939405e-01,  2.39261127e+00,  1.64505863e+00,
         -1.98040450e+00, -6.63174331e-01, -5.59090614e-01,  6.17022812e-01,
          4.90356624e-01, -1.49435127e+00,  1.64707720e+00,  2.46999264e+00,
          1.55403972e+00, -1.18823612e+00, -2.28935063e-01,  2.09261513e+00,
         -1.19115531e+00, -9.14042115e-01,  3.11485767e-01, -1.46196914e+00,
          4.41592932e-01,  5.29695868e-01,  5.88532627e-01, -4.19700481e-02,
          1.92732811e+00, -4.07082468e-01,  6.28882229e-01,  9.55794811e-01,
          3.38333106e+00,  2.52953672e+00,  2.31117105e+00, -1.25032926e+00,
          2.06783128e+00,  2.15827331e-01, -3.72983336e-01,  5.02121162e+00,
          9.86123383e-01, -8.52944613e-01,  3.77316117e+00,  1.05791092e+00,
         -2.31723976e+00, -1.00827098e-01,  1.18899733e-01,  2.03336477e+00,
          7.02140749e-01,  1.41864240e+00,  5.14699578e-01, -1.41991997e+00,
         -1.11500990e+00, -1.17451012e+00, -9.30842280e-01,  7.29447722e-01,
          4.41872597e+00, -8.49616110e-01,  2.01576371e-02, -2.31740221e-01,
          1.94407737e+00, -4.37267423e-01, -2.05299568e+00,  4.93935615e-01,
          1.86001313e+00,  7.56453335e-01,  9.42616403e-01,  1.69571507e+00,
          1.30852675e+00,  2.12085485e+00,  1.38893902e+00,  1.07629335e+00,
         -2.48411953e-01,  2.49029446e+00,  1.39930975e+00, -3.14196378e-01,
         -9.45566595e-01,  1.06569314e+00, -8.27761650e-01,  3.70806307e-01,
          4.65505362e+00,  2.11915255e+00,  3.05725384e+00, -9.07862544e-01,
          1.75920737e+00,  1.96549904e+00,  1.68722975e+00,  8.88622284e-01,
         -2.94741392e-01, -6.62230849e-01,  1.67535174e+00,  7.54925787e-01,
          6.40320921e+00,  7.14114904e+00,  1.09983981e+00,  1.16318226e-01,
          6.50411248e-01, -3.58408131e-02,  1.02493182e-01,  1.52655232e+00,
         -1.84158349e+00, -1.85409427e+00, -5.10256529e-01, -1.31360543e+00,
          3.03067780e+00,  3.01699489e-01,  1.84576541e-01,  7.37032533e-01,
          1.82988691e+00,  3.26200843e+00,  2.19056010e+00, -3.24407250e-01,
         -2.30775332e+00,  1.01166439e+00, -9.65087593e-01, -9.74797785e-01,
         -1.35513735e+00,  6.50143474e-02, -6.31709456e-01, -1.24845862e+00,
         -1.19786906e+00, -2.09636354e+00, -1.04867411e+00, -1.48642862e+00,
         -1.40816939e+00, -1.62405276e+00, -1.30128658e+00, -7.64203966e-01,
         -1.40360546e+00, -1.47656572e+00, -4.43239659e-01, -6.98869824e-01,
         -2.92256761e+00, -9.50027823e-01, -1.89101636e+00, -9.68868911e-01,
          7.63262482e-03,  5.96030593e-01,  5.82679391e-01, -9.84398648e-03,
         -1.71530509e+00, -7.50090301e-01, -2.25781769e-01, -2.03758931e+00,
         -1.97130132e+00, -4.51193184e-01, -6.03069067e-01, -1.89909208e+00,
         -7.14121282e-01, -1.00794101e+00, -5.18595338e-01, -1.14894354e+00,
         -1.39123690e+00, -1.20859110e+00,  2.05953956e+00, -6.42632246e-01,
          9.34415638e-01,  1.60430580e-01, -1.65348053e+00,  1.97071350e+00,
         -2.05894923e+00, -1.59142649e+00,  2.11909980e-01,  7.68146276e-01,
         -2.16592193e+00,  4.59585413e-02,  2.22552836e-01, -2.21490574e+00,
          4.86392289e-01,  2.34269798e-01,  2.07055688e-01, -5.83033860e-01,
         -6.34444803e-02,  4.98140275e-01, -1.84170175e+00, -9.09508467e-02,
         -1.83919036e+00, -3.13575953e-01, -1.42526555e+00, -1.82927644e+00,
         -1.29001892e+00, -3.04936862e+00, -2.71933866e+00, -1.73276091e+00,
         -1.63982904e+00, -2.75441003e+00, -1.69289857e-01,  1.15904188e+00]],
       device='cuda:0')
Adv example prediction (first 2 examples and 2 restarts):
 tensor([[[-1.02967823e+00,  1.66784191e+00, -1.67099309e+00, -2.12939644e+00,
          -1.49224460e+00,  1.76560298e-01, -7.98022687e-01, -1.96115434e+00,
          -1.87548804e+00, -1.52147412e+00, -1.29838800e+00, -4.24823761e-01,
          -4.13904011e-01, -1.25891924e+00, -1.40984207e-01,  1.10001527e-02,
          -9.39295292e-01, -1.49589050e+00, -6.70194983e-01, -1.01673234e+00,
          -1.08936882e+00, -8.24955940e-01, -1.62021592e-01, -1.38321197e+00,
          -7.23397553e-01, -1.38200247e+00, -2.96875209e-01, -1.09676123e+00,
          -1.22833633e+00,  1.80042192e-01, -1.86119258e+00,  4.81344163e-02,
          -1.30692911e+00, -2.10908461e+00, -1.53838181e+00, -1.51494014e+00,
           8.30908298e-01, -2.00215840e+00, -1.56583294e-01, -1.62461925e+00,
           1.40611961e-01, -1.67303991e+00, -1.88012779e+00, -1.04704273e+00,
          -9.47522223e-01, -1.12377393e+00,  1.70139432e-01, -1.15858507e+00,
          -2.17020512e+00, -4.54203010e-01,  1.88713431e-01, -2.48033023e+00,
          -2.60834157e-01,  2.91819070e-02, -8.58209610e-01, -1.63231719e+00,
          -7.22314537e-01, -1.80720615e+00, -1.96023449e-01, -2.21966863e-01,
          -3.40946227e-01, -1.15537047e+00, -1.35801673e+00,  1.90796375e-01,
          -4.30581510e-01, -6.36183321e-01, -8.47455084e-01, -4.53278124e-01,
          -1.41641438e+00, -1.87182975e+00, -2.08883688e-01,  2.72504419e-01,
           3.79078388e-01,  1.69756734e+00,  6.79429889e-01,  1.13593078e+00,
           2.96608329e-01,  1.31190717e+00,  5.42538464e-01,  1.49141991e+00,
           1.10803917e-02, -2.33070660e+00, -1.36782038e+00, -1.62901723e+00,
          -8.18271697e-01, -9.57842588e-01, -1.83830059e+00,  1.21765479e-01,
           1.94871664e-01, -1.25292540e+00, -6.41099215e-01, -1.07053399e+00,
          -2.79091835e-01, -3.99250686e-01,  3.53394002e-01, -1.93067634e+00,
          -1.55237559e-02, -1.06539631e+00,  7.53266156e-01, -9.72270727e-01,
           4.05297339e-01, -1.67697489e+00, -1.86105072e+00,  1.22571552e+00,
          -1.89625025e+00, -2.47197366e+00, -1.47438741e+00, -3.11453909e-01,
          -1.08027840e+00, -1.86633277e+00, -4.61603880e-01,  2.35474277e+00,
          -6.67682290e-01, -1.13476537e-01, -6.49847329e-01, -1.96516240e+00,
          -1.65411842e+00,  4.21189889e-03, -1.05324268e+00, -2.35803938e+00,
          -2.11498189e+00, -1.82624018e+00, -1.56856573e+00, -2.72146416e+00,
          -2.00868154e+00, -1.89254117e+00,  1.85245350e-02, -5.46911955e-01,
           5.84437966e-01,  5.36606431e-01,  1.77772328e-01, -5.64027488e-01,
           5.45029998e-01, -7.28722036e-01, -6.16100617e-02, -5.63274443e-01,
          -9.83800530e-01,  2.22235709e-01, -1.25909150e+00, -2.03088593e+00,
          -2.25267220e+00,  2.56636828e-01, -5.82952023e-01, -8.43003452e-01,
          -9.19634879e-01, -1.41790962e+00, -2.28093791e+00, -2.38095578e-02,
          -1.67484984e-01, -7.23040700e-01, -1.72637784e+00, -7.60679692e-02,
          -1.15227914e+00, -8.46429095e-02, -4.98043716e-01, -7.95439005e-01,
          -8.97546530e-01, -3.94317716e-01, -1.22209907e+00, -9.43195581e-01,
          -1.19008660e+00, -2.92943835e-01,  1.83761403e-01, -8.91867936e-01,
          -7.95592189e-01, -5.93643427e-01, -1.04442394e+00, -1.08579087e+00,
          -2.41071105e-01, -1.03148639e+00, -9.65058744e-01, -7.30691731e-01,
          -1.12006617e+00, -9.79879975e-01, -1.20706332e+00, -1.00342834e+00,
          -1.59484458e+00, -5.64725578e-01, -2.17933320e-02, -1.48036277e+00,
          -1.86135125e+00, -3.95643413e-01, -2.26420105e-01, -7.47181773e-01,
          -5.80648556e-02, -3.41590911e-01, -3.44817847e-01,  1.68304946e-02,
          -1.10157740e+00, -1.35878980e+00, -7.67309546e-01,  8.44204351e-02,
          -6.65758014e-01, -1.03041303e+00, -9.30293202e-01,  4.70809072e-01,
          -7.78938890e-01, -1.33038819e+00, -1.59509277e+00, -1.30822033e-01,
          -8.06487918e-01, -9.41474617e-01, -6.69457853e-01,  6.99160159e-01,
          -3.55553716e-01, -8.16384137e-01, -1.10858226e+00, -5.47615409e-01,
          -9.23762858e-01, -6.72026336e-01, -1.72155178e+00, -5.33885300e-01,
          -5.42490900e-01, -8.40664506e-01, -1.00588965e+00, -6.96987212e-01,
          -1.01372397e+00, -3.16010326e-01, -8.06696892e-01, -9.04615819e-01,
          -5.56883097e-01, -1.82274431e-01, -7.93467343e-01,  2.23893285e-01,
           1.38202980e-01, -1.29650950e+00, -1.02029264e+00, -1.16303790e+00,
          -1.12943089e+00, -1.47243857e-01, -1.21788156e+00, -7.28709042e-01,
          -5.87288022e-01, -7.64936507e-01, -4.24821377e-01, -5.60009718e-01,
          -8.36991608e-01, -4.46260691e-01, -1.11445558e+00, -1.97029799e-01,
          -5.50002277e-01, -7.99325168e-01, -2.39128113e-01, -1.86344481e+00,
          -8.60131383e-01, -4.85776365e-01, -1.67533708e+00, -6.12956583e-01,
          -4.48705405e-01, -2.36203000e-01, -7.10365534e-01, -9.88381565e-01,
          -2.35385641e-01, -3.15569937e-01,  6.34558022e-01, -1.49579847e+00,
          -1.09148717e+00, -1.95540845e-01, -5.15943348e-01,  2.18895867e-01,
           5.55305369e-02, -9.76857543e-01, -1.12988615e+00, -5.99632204e-01,
          -7.90731192e-01,  2.05634505e-01, -8.28760147e-01, -7.31527269e-01,
          -1.85345924e+00, -1.87784806e-01, -7.23089337e-01, -2.96924621e-01,
          -7.23670721e-02, -4.28797528e-02, -8.67331624e-01, -7.39044487e-01,
          -8.92406046e-01,  2.88060546e-01, -8.54603112e-01, -2.67514065e-02,
          -3.65051597e-01,  8.56685281e-01,  9.78707016e-01,  1.75334501e+00,
           1.66158843e+00,  4.72340047e-01, -1.27479112e+00, -7.72792637e-01,
          -1.02761245e+00, -1.67053211e+00, -1.22598803e+00, -1.04459596e+00,
          -8.50000620e-01, -3.51177424e-01, -1.38704884e+00, -1.06751943e+00,
           8.22957233e-03, -1.20785367e+00, -1.95277500e+00, -9.77972209e-01,
          -1.86368632e+00, -1.11914605e-01, -2.93280810e-01, -5.93202770e-01,
          -1.26534593e+00, -2.05879426e+00, -1.37578234e-01, -5.35207152e-01,
          -4.34564091e-02, -7.29014039e-01,  1.34031141e+00, -5.24630547e-02,
          -5.96408606e-01,  1.18146443e+00,  9.57672775e-01,  2.27447107e-01,
          -9.76580679e-01, -1.56949317e+00,  4.78712291e-01,  5.47643304e-01,
           6.69250637e-02, -2.03919387e+00, -1.94701505e+00, -1.31121385e+00,
          -1.94300151e+00, -2.35484767e+00, -1.92852485e+00, -1.23267829e+00,
          -1.75134301e+00, -2.21267939e+00, -6.67377472e-01,  1.61355957e-01,
           7.28778720e-01, -1.60973430e-01, -6.13780975e-01, -1.00362003e+00,
          -2.46069002e+00,  7.84961164e-01,  1.91357955e-02, -1.67329013e+00,
          -1.06691623e+00, -1.20405531e+00, -1.78011382e+00, -1.89054644e+00,
          -1.10439074e+00, -1.65587914e+00, -1.41181564e+00, -1.09041798e+00,
          -2.99144435e+00, -2.18865681e+00, -2.40753794e+00, -1.73787224e+00,
          -1.66457570e+00, -1.38995671e+00, -1.42142773e+00, -1.80244970e+00,
          -2.70257890e-01, -4.68304664e-01, -2.24432144e-02, -2.77999461e-01,
          -6.60862386e-01,  4.48331237e-01,  3.04586887e-02, -8.12577069e-01,
          -1.98461592e+00, -9.74488914e-01, -1.38553512e+00, -1.17517316e+00,
          -9.82241988e-01, -1.45230019e+00, -1.06538665e+00, -1.90264606e+00,
          -1.20774436e+00, -1.15422726e+00, -9.92263019e-01, -1.80227399e+00,
          -6.23113096e-01, -6.78412795e-01, -5.94564080e-01, -1.68642616e+00,
          -5.74423671e-01, -1.32247818e+00, -9.12314236e-01, -1.10551035e+00,
          -9.39248145e-01, -1.16771364e+00, -1.53377259e+00, -1.42622817e+00,
          -1.88524663e+00, -3.01706821e-01, -1.34011650e+00, -7.02417731e-01,
          -5.64959705e-01, -1.90117788e+00, -9.15970087e-01,  1.81848913e-01,
          -1.97318363e+00, -1.83199275e+00,  4.74633515e-01,  7.12128639e-01,
          -5.14198005e-01,  9.19116855e-01,  6.05899870e-01, -8.68314207e-01,
          -5.91949821e-02,  1.20844173e+00,  6.73502609e-02,  1.15638159e-01,
          -1.60614192e+00,  3.58834791e+00, -1.01713967e+00,  1.85776329e+00,
           4.24977690e-01,  1.08103228e+00,  9.74538326e-01, -4.27334547e-01,
           2.39805412e+00,  1.19489777e+00,  2.85698938e+00,  1.53285456e+00,
           4.32895213e-01,  9.65305150e-01,  5.71642481e-02, -4.76670936e-02,
           6.51420534e-01,  7.66570926e-01,  1.75251555e+00, -6.43444479e-01,
          -3.70284408e-01, -2.72227198e-01, -7.83734679e-01, -1.14021063e-01,
           7.90368974e-01,  8.10196161e-01,  8.63202572e-01,  2.09013462e+00,
          -1.92984283e-01, -1.08568341e-01,  1.95561922e+00,  4.62882757e-01,
           6.34864569e-02,  1.69098473e+00,  2.99644500e-01,  1.70371127e+00,
          -6.87437594e-01, -5.14161527e-01,  4.22123623e+00,  3.31414431e-01,
           1.23875298e-01,  1.03380978e+00, -7.14905202e-01,  6.50287688e-01,
          -7.32841194e-01,  1.26892900e+00, -9.14517820e-01,  2.11315334e-01,
           1.34450674e+00,  7.02543080e-01, -1.35289595e-01,  6.81998968e-01,
          -1.89760280e+00,  1.61203042e-01,  2.50710368e+00, -6.45902380e-02,
           1.37822545e+00,  1.50516367e+00, -6.33871675e-01, -1.83436143e+00,
           4.99589592e-01,  2.02574462e-01,  1.38437152e+00, -1.31637061e+00,
           3.57731193e-01,  1.15899134e+00, -1.02129364e+00,  1.47917819e+00,
           2.42130198e-02,  6.03369176e-01,  9.57374930e-01, -3.61561984e-01,
           3.36271238e+00,  2.35814571e+00,  1.76421297e+00, -1.06437373e+00,
          -1.10840333e+00,  2.18354464e+00,  8.27244878e-01,  2.72201014e+00,
           3.63722116e-01, -5.46146274e-01,  2.37132400e-01, -2.63623893e-01,
           1.63920665e+00,  1.78719521e+00,  1.96634459e+00,  1.26358962e+00,
           3.25992137e-01,  3.49982619e-01,  1.45823908e+00,  3.09933066e+00,
          -2.41304994e+00, -1.29395038e-01, -9.55407500e-01,  7.58968472e-01,
           1.19684815e+00,  5.22082031e-01, -1.31651103e+00,  1.83346188e+00,
           1.76661408e+00, -1.59094083e+00, -4.43140864e-01, -2.16138318e-01,
           8.23921502e-01, -1.65038198e-01, -1.00038123e+00, -8.89430344e-01,
          -1.25181413e+00,  4.44948316e-01,  5.29232800e-01,  2.51641512e-01,
           2.62462385e-02,  5.22589862e-01, -7.18091846e-01,  4.28470910e-01,
          -4.74009395e-01, -1.57424212e+00,  1.73329246e+00,  2.52078986e+00,
           6.24333799e-01,  3.67022276e-01,  3.55062723e+00,  1.95975208e+00,
           1.14995003e+00,  7.38297939e-01,  3.17688441e+00, -1.37807655e+00,
          -1.22641838e+00, -1.16613829e+00, -1.53251439e-01,  3.29158783e+00,
          -2.14318484e-01, -9.29440975e-01,  2.16309929e+00,  1.26363486e-01,
          -6.03510141e-01,  1.19434214e+00,  5.81832409e-01, -2.01117611e+00,
           1.90298355e+00,  4.25482941e+00, -9.67000723e-02,  7.74727166e-01,
           9.59663391e-01,  2.71311474e+00, -7.12627947e-01, -1.70578122e-01,
           4.77631474e+00,  1.71217287e+00,  1.28917539e+00,  9.89186168e-01,
          -9.38606679e-01,  7.70165473e-02,  1.91098988e+00,  2.08450413e+00,
           7.05782175e-01,  1.61112309e+00, -5.82004070e-01,  5.20621002e-01,
          -3.69797885e-01, -1.41815495e+00,  6.33372784e-01,  2.41680667e-01,
           1.15777576e+00, -4.54100370e-01,  2.43470415e-01, -2.52162725e-01,
          -8.18126321e-01,  1.17804253e+00,  4.49063152e-01,  2.10248256e+00,
           3.59462589e-01,  3.62874627e-01, -1.45688808e+00,  1.67866424e-01,
           1.79260409e+00,  1.19419622e+00, -9.80901897e-01,  1.69069147e+00,
           1.80058181e+00,  1.48890817e+00,  1.96584344e+00,  4.52169180e+00,
           1.28997505e+00,  1.67057228e+00,  1.42004609e-01, -8.59206796e-01,
           1.67058957e+00, -7.03192592e-01,  2.63877821e+00,  1.68120944e+00,
           1.92504501e+00, -1.05906434e-01,  1.95985901e+00, -1.79779088e+00,
           1.77633405e+00,  2.93929744e+00,  1.91876805e+00,  2.16938153e-01,
           4.85824317e-01, -3.67807865e-01,  1.50204575e+00,  1.42769337e+00,
          -1.71623811e-01,  1.51267350e+00,  3.03537130e-01,  1.04076898e+00,
           8.98588061e-01,  2.41829246e-01,  1.50981832e+00,  3.54125500e+00,
           3.47490549e+00,  3.32526833e-01,  9.82941747e-01,  2.28520322e+00,
          -4.87094015e-01, -7.80166328e-01,  1.96427751e+00,  3.12313318e-01,
          -1.01505673e+00,  1.62241209e+00, -2.13788033e-01,  6.20918036e-01,
           3.41755199e+00,  1.12375832e+00, -1.38593662e+00,  7.34414041e-01,
           2.47499514e+00,  5.93910933e-01,  2.49069780e-01,  1.21844053e-01,
          -1.42129445e+00,  5.65789998e-01,  4.21724617e-02, -4.80806112e-01,
           2.37252903e+00, -1.70285833e+00,  7.57704079e-01,  9.66957569e-01,
           2.83453870e+00, -2.40014553e+00,  2.19761634e+00,  5.09516859e+00,
          -1.02346981e+00, -1.81014106e-01, -7.72288263e-01,  1.33541000e+00,
          -2.91207969e-01,  8.56079221e-01, -7.80123770e-01,  7.43116438e-01,
           8.28767180e-01, -1.32536638e+00,  2.36451912e+00, -1.73551261e+00,
           4.18961477e+00, -1.80298463e-02, -5.62356949e-01, -2.45671794e-01,
          -7.08318233e-01,  2.22621202e+00,  1.73270479e-01, -5.82938850e-01,
          -4.33131725e-01,  1.80682337e+00,  6.13907814e-01,  4.04617339e-01,
          -7.81726182e-01,  1.23122323e+00,  3.24997544e-01, -5.39689422e-01,
           1.11896253e+00,  2.85737419e+00, -8.37501764e-01,  1.19885075e+00,
           2.66314834e-01,  1.11738169e+00,  5.06185412e-01, -3.35875601e-01,
           3.91771078e+00, -4.15006310e-01, -3.08564687e+00,  6.65737242e-02,
           2.56030869e+00,  7.75856137e-01,  3.58677730e-02,  1.42173028e+00,
           2.67005324e+00, -2.30376378e-01, -9.60228205e-01,  1.18012094e+00,
           1.67489243e+00,  9.23169732e-01,  1.14390552e+00,  2.86996402e-02,
           1.63514292e+00, -7.82282233e-01, -7.36072659e-01,  1.83699059e+00,
           4.52108383e-02,  2.98974538e+00,  6.77291751e-01,  1.89639759e+00,
           2.20871043e+00,  1.80963266e+00,  8.37946177e-01, -1.00547886e+00,
           2.79361933e-01, -7.12259769e-01,  6.13024116e-01,  1.27764940e-01,
           8.55755210e-01,  1.19380391e+00,  1.97664177e+00, -3.74698818e-01,
          -1.74292707e+00,  9.50812221e-01, -1.77493408e-01,  5.20156384e-01,
           1.13915348e+00,  8.89704525e-01, -1.67183018e+00,  1.64707875e+00,
           1.40182126e+00,  1.94511569e+00, -1.06759405e+00, -2.33288199e-01,
           1.51024687e+00, -6.57525882e-02,  5.70518151e-02, -1.34527349e+00,
          -1.93669304e-01,  3.03301978e+00,  7.89615273e-01, -5.51358819e-01,
           1.29184723e+00,  2.50095081e+00,  1.39014554e+00,  1.35595024e+00,
           1.58830512e+00,  1.80645669e+00,  1.17866790e+00,  3.65953706e-02,
           1.42853296e+00,  3.52047777e+00,  2.43881798e+00, -1.23199177e+00,
           4.05219972e-01, -4.55027111e-02,  6.54607892e-01,  1.47600853e+00,
           2.50403690e+00,  2.26662827e+00, -1.98641419e-01,  1.83123910e+00,
           1.99006546e+00,  1.15860835e-01,  2.32642436e+00,  1.89616370e+00,
          -1.44617391e+00,  2.14236903e+00, -7.17953265e-01,  2.49236751e+00,
           2.09564328e+00,  9.31215763e-01, -5.49498618e-01,  1.05927348e-01,
           9.48436558e-01,  1.25841177e+00,  1.01486468e+00, -6.01594150e-02,
          -4.76230651e-01,  1.58555186e+00,  4.37107372e+00,  1.17438745e+00,
           2.41981053e+00, -5.22176147e-01,  4.03534442e-01,  2.75941759e-01,
          -6.93750679e-01,  3.48602653e+00,  4.81909424e-01,  4.60717320e-01,
           1.01944184e+00,  1.01695788e+00,  4.07978487e+00,  9.39187825e-01,
           5.40070534e-01,  5.75321257e-01,  2.08808136e+00,  3.14602804e+00,
           7.52937853e-01, -7.87692964e-01, -3.01333249e-01,  6.99289069e-02,
           1.08308733e+00, -4.02431875e-01, -2.94363022e-01,  1.16103125e+00,
          -1.72371173e+00,  2.47005552e-01,  2.14476180e+00,  3.17271876e+00,
           1.53862262e+00,  1.58566809e+00,  3.15725148e-01,  2.22343206e+00,
          -3.72725993e-01,  3.12564582e-01,  2.44406962e+00,  1.58946204e+00,
          -1.95180547e+00, -6.59161389e-01, -5.27567029e-01,  6.75627172e-01,
           4.58929121e-01, -1.49649870e+00,  1.71787620e+00,  2.51429176e+00,
           1.56849289e+00, -1.21721101e+00, -2.40116239e-01,  2.09370589e+00,
          -1.21388543e+00, -9.08119917e-01,  3.27974737e-01, -1.45327127e+00,
           4.31564301e-01,  4.83489901e-01,  6.07417524e-01, -6.34019673e-02,
           1.89043605e+00, -4.01099592e-01,  5.45986474e-01,  8.52869689e-01,
           3.43372250e+00,  2.52520537e+00,  2.32803631e+00, -1.25086188e+00,
           2.13567758e+00,  1.89706758e-01, -3.85813236e-01,  5.00700760e+00,
           1.04831207e+00, -8.84476900e-01,  3.73056698e+00,  1.08242023e+00,
          -2.26785207e+00, -7.26233944e-02,  7.47918636e-02,  2.00558209e+00,
           7.40270495e-01,  1.44077766e+00,  5.04475772e-01, -1.45440280e+00,
          -1.11570632e+00, -1.17936742e+00, -9.73291218e-01,  7.02941716e-01,
           4.31917048e+00, -8.32284093e-01, -1.94173772e-02, -2.95612156e-01,
           1.95527935e+00, -4.23881322e-01, -2.05558228e+00,  5.42495847e-01,
           1.81149340e+00,  7.96718419e-01,  1.00452960e+00,  1.56056583e+00,
           1.27091014e+00,  2.15766311e+00,  1.38159800e+00,  1.07611167e+00,
          -2.38776073e-01,  2.50813675e+00,  1.40304542e+00, -3.06960046e-01,
          -9.49319124e-01,  1.02912688e+00, -7.76754200e-01,  4.31539327e-01,
           4.66630507e+00,  2.10224867e+00,  3.06891632e+00, -9.03761029e-01,
           1.77565336e+00,  1.98880458e+00,  1.63978696e+00,  8.62585247e-01,
          -3.12650263e-01, -5.58022738e-01,  1.70400512e+00,  7.30490804e-01,
           6.30614996e+00,  7.01135921e+00,  1.15544200e+00,  1.23314492e-01,
           6.15849257e-01, -6.75729103e-03,  1.04394138e-01,  1.52930260e+00,
          -1.82777584e+00, -1.87700140e+00, -5.36936343e-01, -1.41986048e+00,
           3.01632571e+00,  2.87133604e-01,  2.04455733e-01,  7.58276582e-01,
           1.84528160e+00,  3.24204803e+00,  2.10246444e+00, -3.24182004e-01,
          -2.31913233e+00,  1.02630305e+00, -9.39289033e-01, -1.00087726e+00,
          -1.37761736e+00, -1.37533769e-02, -5.93173921e-01, -1.26920974e+00,
          -1.19610214e+00, -2.10944510e+00, -1.09128070e+00, -1.44769990e+00,
          -1.36719012e+00, -1.62013078e+00, -1.25332916e+00, -7.79038310e-01,
          -1.32717967e+00, -1.41480756e+00, -4.09752607e-01, -7.00194538e-01,
          -2.89237380e+00, -9.54757333e-01, -1.85980880e+00, -1.04043460e+00,
           3.20351683e-02,  5.63016891e-01,  5.40880203e-01, -1.10205822e-02,
          -1.67274523e+00, -7.48635948e-01, -2.32989877e-01, -2.01538730e+00,
          -1.91055012e+00, -4.35544729e-01, -6.41863823e-01, -1.84100771e+00,
          -6.89233363e-01, -1.02848721e+00, -5.11073828e-01, -1.17839718e+00,
          -1.36819673e+00, -1.24746680e+00,  2.00634837e+00, -6.05407238e-01,
           9.21139717e-01,  1.90605506e-01, -1.65070951e+00,  1.90536594e+00,
          -2.04439998e+00, -1.64930320e+00,  2.36775905e-01,  6.67900980e-01,
          -2.15437078e+00, -1.69231966e-02,  2.00319201e-01, -2.20930934e+00,
           4.66309100e-01,  1.94426447e-01,  1.63649723e-01, -6.35634601e-01,
          -9.18297619e-02,  4.65836048e-01, -1.81782341e+00, -1.22731030e-01,
          -1.80374146e+00, -3.30840439e-01, -1.40111053e+00, -1.81549919e+00,
          -1.37115490e+00, -3.00678539e+00, -2.70341659e+00, -1.70864582e+00,
          -1.60990059e+00, -2.76130724e+00, -2.02007324e-01,  1.13932192e+00]]],
       device='cuda:0')
PGD attack margin (first 2 examples and 10 specs):
 tensor([[[0.88448399]]], device='cuda:0')
number of violation:  0
Attack finished in 13.2196 seconds.
PGD attack failed
verified_status unknown
verified_success False
Total VNNLIB file length: 1, max property batch size: 1, total number of batches: 1

Properties batch 0, size 1
Remaining timeout: 1140.2993681430817
Verifying property 0 with 1 instances.
torch allclose failed: norm 8.889588571037166e-06
Model: BoundedModule(
  (/input-1): BoundInput(name=/input-1, inputs=[], perturbed=True)
  (/33): BoundParams(name=/33, inputs=[], perturbed=False)
  (/34): BoundParams(name=/34, inputs=[], perturbed=False)
  (/35): BoundParams(name=/35, inputs=[], perturbed=False)
  (/36): BoundParams(name=/36, inputs=[], perturbed=False)
  (/37): BoundParams(name=/37, inputs=[], perturbed=False)
  (/38): BoundParams(name=/38, inputs=[], perturbed=False)
  (/39): BoundParams(name=/39, inputs=[], perturbed=False)
  (/40): BoundParams(name=/40, inputs=[], perturbed=False)
  (/41): BoundParams(name=/41, inputs=[], perturbed=False)
  (/42): BoundParams(name=/42, inputs=[], perturbed=False)
  (/43): BoundParams(name=/43, inputs=[], perturbed=False)
  (/44): BoundParams(name=/44, inputs=[], perturbed=False)
  (/45): BoundParams(name=/45, inputs=[], perturbed=False)
  (/46): BoundParams(name=/46, inputs=[], perturbed=False)
  (/47): BoundParams(name=/47, inputs=[], perturbed=False)
  (/48): BoundParams(name=/48, inputs=[], perturbed=False)
  (/49): BoundParams(name=/49, inputs=[], perturbed=False)
  (/50): BoundParams(name=/50, inputs=[], perturbed=False)
  (/51): BoundParams(name=/51, inputs=[], perturbed=False)
  (/52): BoundParams(name=/52, inputs=[], perturbed=False)
  (/53): BoundParams(name=/53, inputs=[], perturbed=False)
  (/54): BoundParams(name=/54, inputs=[], perturbed=False)
  (/55): BoundParams(name=/55, inputs=[], perturbed=False)
  (/56): BoundParams(name=/56, inputs=[], perturbed=False)
  (/57): BoundParams(name=/57, inputs=[], perturbed=False)
  (/58): BoundParams(name=/58, inputs=[], perturbed=False)
  (/59): BoundParams(name=/59, inputs=[], perturbed=False)
  (/60): BoundParams(name=/60, inputs=[], perturbed=False)
  (/61): BoundParams(name=/61, inputs=[], perturbed=False)
  (/62): BoundParams(name=/62, inputs=[], perturbed=False)
  (/63): BoundParams(name=/63, inputs=[], perturbed=False)
  (/64): BoundParams(name=/64, inputs=[], perturbed=False)
  (/input): BoundConv(name=/input, inputs=[/input-1, /33, /34], perturbed=True)
  (/66): BoundRelu(name=/66, inputs=[/input], perturbed=True)
  (/input-4): BoundConv(name=/input-4, inputs=[/66, /35, /36], perturbed=True)
  (/68): BoundRelu(name=/68, inputs=[/input-4], perturbed=True)
  (/input-12): BoundConv(name=/input-12, inputs=[/input-8/add_3_4, /37, /38], perturbed=True)
  (/71): BoundRelu(name=/71, inputs=[/input-12], perturbed=True)
  (/input-16): BoundConv(name=/input-16, inputs=[/71, /39, /40], perturbed=True)
  (/73): BoundRelu(name=/73, inputs=[/input-16], perturbed=True)
  (/input-24): BoundConv(name=/input-24, inputs=[/input-20/add_3_4, /41, /42], perturbed=True)
  (/76): BoundRelu(name=/76, inputs=[/input-24], perturbed=True)
  (/input-28): BoundConv(name=/input-28, inputs=[/76, /43, /44], perturbed=True)
  (/78): BoundRelu(name=/78, inputs=[/input-28], perturbed=True)
  (/input-32): BoundConv(name=/input-32, inputs=[/78, /45, /46], perturbed=True)
  (/80): BoundRelu(name=/80, inputs=[/input-32], perturbed=True)
  (/input-40): BoundConv(name=/input-40, inputs=[/input-36/add_3_4, /47, /48], perturbed=True)
  (/83): BoundRelu(name=/83, inputs=[/input-40], perturbed=True)
  (/input-44): BoundConv(name=/input-44, inputs=[/83, /49, /50], perturbed=True)
  (/85): BoundRelu(name=/85, inputs=[/input-44], perturbed=True)
  (/input-48): BoundConv(name=/input-48, inputs=[/85, /51, /52], perturbed=True)
  (/87): BoundRelu(name=/87, inputs=[/input-48], perturbed=True)
  (/input-56): BoundConv(name=/input-56, inputs=[/input-52/add_3_4, /53, /54], perturbed=True)
  (/90): BoundRelu(name=/90, inputs=[/input-56], perturbed=True)
  (/input-60): BoundConv(name=/input-60, inputs=[/90, /55, /56], perturbed=True)
  (/92): BoundRelu(name=/92, inputs=[/input-60], perturbed=True)
  (/input-64): BoundConv(name=/input-64, inputs=[/92, /57, /58], perturbed=True)
  (/94): BoundRelu(name=/94, inputs=[/input-64], perturbed=True)
  (/96): BoundFlatten(name=/96, inputs=[/95/add_3_4], perturbed=True)
  (/input-68): BoundLinear(name=/input-68, inputs=[/96, /59, /60], perturbed=True)
  (/98): BoundRelu(name=/98, inputs=[/input-68], perturbed=True)
  (/99): BoundFlatten(name=/99, inputs=[/98], perturbed=True)
  (/input-72): BoundLinear(name=/input-72, inputs=[/99, /61, /62], perturbed=True)
  (/101): BoundRelu(name=/101, inputs=[/input-72], perturbed=True)
  (/102): BoundFlatten(name=/102, inputs=[/101], perturbed=True)
  (/103): BoundLinear(name=/103, inputs=[/102, /63, /64], perturbed=True)
  (/input-8/conv_1): BoundConv(name=/input-8/conv_1, inputs=[/68, /input-8/conv_1_w], perturbed=True)
  (/input-8/conv_1_relu): BoundRelu(name=/input-8/conv_1_relu, inputs=[/input-8/conv_1], perturbed=True)
  (/input-8/conv_1_w): BoundParams(name=/input-8/conv_1_w, inputs=[], perturbed=False)
  (/input-8/conv_2): BoundConv(name=/input-8/conv_2, inputs=[/68, /input-8/conv_2_w], perturbed=True)
  (/input-8/conv_2_w): BoundParams(name=/input-8/conv_2_w, inputs=[], perturbed=False)
  (/input-8/conv_3): BoundConv(name=/input-8/conv_3, inputs=[/input-8/add_1_2, /input-8/conv_3_w], perturbed=True)
  (/input-8/conv_3_relu): BoundRelu(name=/input-8/conv_3_relu, inputs=[/input-8/conv_3], perturbed=True)
  (/input-8/conv_3_w): BoundParams(name=/input-8/conv_3_w, inputs=[], perturbed=False)
  (/input-8/conv_4): BoundConv(name=/input-8/conv_4, inputs=[/input-8/add_1_2, /input-8/conv_4_w], perturbed=True)
  (/input-8/conv_4_w): BoundParams(name=/input-8/conv_4_w, inputs=[], perturbed=False)
  (/input-8/add_1_2): BoundAdd(name=/input-8/add_1_2, inputs=[/input-8/conv_1_relu, /input-8/conv_2], perturbed=True)
  (/input-8/add_3_4): BoundAdd(name=/input-8/add_3_4, inputs=[/input-8/conv_3_relu, /input-8/conv_4], perturbed=True)
  (/input-20/conv_1): BoundConv(name=/input-20/conv_1, inputs=[/73, /input-20/conv_1_w], perturbed=True)
  (/input-20/conv_1_relu): BoundRelu(name=/input-20/conv_1_relu, inputs=[/input-20/conv_1], perturbed=True)
  (/input-20/conv_1_w): BoundParams(name=/input-20/conv_1_w, inputs=[], perturbed=False)
  (/input-20/conv_2): BoundConv(name=/input-20/conv_2, inputs=[/73, /input-20/conv_2_w], perturbed=True)
  (/input-20/conv_2_w): BoundParams(name=/input-20/conv_2_w, inputs=[], perturbed=False)
  (/input-20/conv_3): BoundConv(name=/input-20/conv_3, inputs=[/input-20/add_1_2, /input-20/conv_3_w], perturbed=True)
  (/input-20/conv_3_relu): BoundRelu(name=/input-20/conv_3_relu, inputs=[/input-20/conv_3], perturbed=True)
  (/input-20/conv_3_w): BoundParams(name=/input-20/conv_3_w, inputs=[], perturbed=False)
  (/input-20/conv_4): BoundConv(name=/input-20/conv_4, inputs=[/input-20/add_1_2, /input-20/conv_4_w], perturbed=True)
  (/input-20/conv_4_w): BoundParams(name=/input-20/conv_4_w, inputs=[], perturbed=False)
  (/input-20/add_1_2): BoundAdd(name=/input-20/add_1_2, inputs=[/input-20/conv_1_relu, /input-20/conv_2], perturbed=True)
  (/input-20/add_3_4): BoundAdd(name=/input-20/add_3_4, inputs=[/input-20/conv_3_relu, /input-20/conv_4], perturbed=True)
  (/input-36/conv_1): BoundConv(name=/input-36/conv_1, inputs=[/80, /input-36/conv_1_w], perturbed=True)
  (/input-36/conv_1_relu): BoundRelu(name=/input-36/conv_1_relu, inputs=[/input-36/conv_1], perturbed=True)
  (/input-36/conv_1_w): BoundParams(name=/input-36/conv_1_w, inputs=[], perturbed=False)
  (/input-36/conv_2): BoundConv(name=/input-36/conv_2, inputs=[/80, /input-36/conv_2_w], perturbed=True)
  (/input-36/conv_2_w): BoundParams(name=/input-36/conv_2_w, inputs=[], perturbed=False)
  (/input-36/conv_3): BoundConv(name=/input-36/conv_3, inputs=[/input-36/add_1_2, /input-36/conv_3_w], perturbed=True)
  (/input-36/conv_3_relu): BoundRelu(name=/input-36/conv_3_relu, inputs=[/input-36/conv_3], perturbed=True)
  (/input-36/conv_3_w): BoundParams(name=/input-36/conv_3_w, inputs=[], perturbed=False)
  (/input-36/conv_4): BoundConv(name=/input-36/conv_4, inputs=[/input-36/add_1_2, /input-36/conv_4_w], perturbed=True)
  (/input-36/conv_4_w): BoundParams(name=/input-36/conv_4_w, inputs=[], perturbed=False)
  (/input-36/add_1_2): BoundAdd(name=/input-36/add_1_2, inputs=[/input-36/conv_1_relu, /input-36/conv_2], perturbed=True)
  (/input-36/add_3_4): BoundAdd(name=/input-36/add_3_4, inputs=[/input-36/conv_3_relu, /input-36/conv_4], perturbed=True)
  (/input-52/conv_1): BoundConv(name=/input-52/conv_1, inputs=[/87, /input-52/conv_1_w], perturbed=True)
  (/input-52/conv_1_relu): BoundRelu(name=/input-52/conv_1_relu, inputs=[/input-52/conv_1], perturbed=True)
  (/input-52/conv_1_w): BoundParams(name=/input-52/conv_1_w, inputs=[], perturbed=False)
  (/input-52/conv_2): BoundConv(name=/input-52/conv_2, inputs=[/87, /input-52/conv_2_w], perturbed=True)
  (/input-52/conv_2_w): BoundParams(name=/input-52/conv_2_w, inputs=[], perturbed=False)
  (/input-52/conv_3): BoundConv(name=/input-52/conv_3, inputs=[/input-52/add_1_2, /input-52/conv_3_w], perturbed=True)
  (/input-52/conv_3_relu): BoundRelu(name=/input-52/conv_3_relu, inputs=[/input-52/conv_3], perturbed=True)
  (/input-52/conv_3_w): BoundParams(name=/input-52/conv_3_w, inputs=[], perturbed=False)
  (/input-52/conv_4): BoundConv(name=/input-52/conv_4, inputs=[/input-52/add_1_2, /input-52/conv_4_w], perturbed=True)
  (/input-52/conv_4_w): BoundParams(name=/input-52/conv_4_w, inputs=[], perturbed=False)
  (/input-52/add_1_2): BoundAdd(name=/input-52/add_1_2, inputs=[/input-52/conv_1_relu, /input-52/conv_2], perturbed=True)
  (/input-52/add_3_4): BoundAdd(name=/input-52/add_3_4, inputs=[/input-52/conv_3_relu, /input-52/conv_4], perturbed=True)
  (/95/conv_1): BoundConv(name=/95/conv_1, inputs=[/94, /95/conv_1_w], perturbed=True)
  (/95/conv_1_relu): BoundRelu(name=/95/conv_1_relu, inputs=[/95/conv_1], perturbed=True)
  (/95/conv_1_w): BoundParams(name=/95/conv_1_w, inputs=[], perturbed=False)
  (/95/conv_2): BoundConv(name=/95/conv_2, inputs=[/94, /95/conv_2_w], perturbed=True)
  (/95/conv_2_w): BoundParams(name=/95/conv_2_w, inputs=[], perturbed=False)
  (/95/conv_3): BoundConv(name=/95/conv_3, inputs=[/95/add_1_2, /95/conv_3_w], perturbed=True)
  (/95/conv_3_relu): BoundRelu(name=/95/conv_3_relu, inputs=[/95/conv_3], perturbed=True)
  (/95/conv_3_w): BoundParams(name=/95/conv_3_w, inputs=[], perturbed=False)
  (/95/conv_4): BoundConv(name=/95/conv_4, inputs=[/95/add_1_2, /95/conv_4_w], perturbed=True)
  (/95/conv_4_w): BoundParams(name=/95/conv_4_w, inputs=[], perturbed=False)
  (/95/add_1_2): BoundAdd(name=/95/add_1_2, inputs=[/95/conv_1_relu, /95/conv_2], perturbed=True)
  (/95/add_3_4): BoundAdd(name=/95/add_3_4, inputs=[/95/conv_3_relu, /95/conv_4], perturbed=True)
)
Model prediction is: tensor([-9.84179795e-01,  1.78342175e+00, -1.65946984e+00, -2.14096665e+00,
        -1.46826673e+00,  1.75357834e-01, -7.30330586e-01, -1.95730102e+00,
        -1.85451174e+00, -1.51710176e+00, -1.35815728e+00, -4.11743313e-01,
        -3.48076701e-01, -1.24723291e+00, -9.21046510e-02,  3.43290418e-02,
        -9.35703754e-01, -1.47425926e+00, -6.55720174e-01, -1.00309396e+00,
        -1.09267521e+00, -8.29576850e-01, -1.46691054e-01, -1.36786711e+00,
        -7.48240113e-01, -1.42012179e+00, -3.19098771e-01, -1.08758259e+00,
        -1.25191307e+00,  1.99972928e-01, -1.85585511e+00,  5.51505834e-02,
        -1.32559180e+00, -2.10358357e+00, -1.54572630e+00, -1.48802209e+00,
         9.04216170e-01, -1.97223961e+00, -1.92081586e-01, -1.61068130e+00,
         1.90654412e-01, -1.71016526e+00, -1.92022836e+00, -1.09539115e+00,
        -9.80161905e-01, -1.17258847e+00,  2.22642064e-01, -1.19960833e+00,
        -2.18232656e+00, -3.94301176e-01,  2.84640133e-01, -2.56643987e+00,
        -2.85980195e-01,  5.81210405e-02, -8.72064471e-01, -1.64797616e+00,
        -7.23807335e-01, -1.83492017e+00, -1.37307748e-01, -2.69149035e-01,
        -3.29179168e-01, -1.16626072e+00, -1.40062332e+00,  1.56723335e-01,
        -4.76025462e-01, -6.41691029e-01, -9.29536283e-01, -4.32161331e-01,
        -1.52156866e+00, -1.94049323e+00, -2.20292434e-01,  2.68676430e-01,
         3.59951258e-01,  1.65134072e+00,  6.76981688e-01,  1.08223033e+00,
         2.96893418e-01,  1.31411231e+00,  5.01041949e-01,  1.50668108e+00,
        -4.22047153e-02, -2.40017557e+00, -1.39452422e+00, -1.67768061e+00,
        -7.95280695e-01, -9.53929245e-01, -1.85696054e+00,  1.51353776e-01,
         2.76783377e-01, -1.22894156e+00, -5.86131811e-01, -1.05233443e+00,
        -2.65643388e-01, -3.53371084e-01,  4.24528301e-01, -1.98340750e+00,
         5.25773391e-02, -9.90075290e-01,  7.76342690e-01, -9.13084090e-01,
         4.94704366e-01, -1.68907261e+00, -1.89087903e+00,  1.25118268e+00,
        -1.92909002e+00, -2.49308205e+00, -1.50275803e+00, -2.42326811e-01,
        -1.03368545e+00, -1.87273872e+00, -4.42556232e-01,  2.27978230e+00,
        -6.48752511e-01, -1.11642800e-01, -6.44071519e-01, -1.93520951e+00,
        -1.67195356e+00, -4.67194356e-02, -1.01222730e+00, -2.35374641e+00,
        -2.12307382e+00, -1.83236599e+00, -1.55440629e+00, -2.71769238e+00,
        -1.97087431e+00, -1.87859976e+00,  7.28697330e-03, -5.18510997e-01,
         6.05573714e-01,  6.46344602e-01,  3.01246583e-01, -4.93055850e-01,
         6.31471932e-01, -7.01597750e-01,  2.76547186e-02, -5.45125425e-01,
        -9.13617313e-01,  2.97919959e-01, -1.26598108e+00, -2.03704786e+00,
        -2.24849796e+00,  3.26018155e-01, -5.68456292e-01, -8.08636904e-01,
        -8.53751302e-01, -1.43158591e+00, -2.34047890e+00, -2.32631769e-02,
        -1.72823817e-01, -7.29910433e-01, -1.70270526e+00, -8.67135972e-02,
        -1.21072578e+00, -9.87777635e-02, -5.47587395e-01, -8.18097770e-01,
        -8.95358205e-01, -4.11435962e-01, -1.26179099e+00, -9.55665886e-01,
        -1.21479046e+00, -2.86848545e-01,  2.01180115e-01, -8.96535635e-01,
        -8.20753455e-01, -6.18012011e-01, -1.08340251e+00, -1.16084099e+00,
        -2.39506602e-01, -1.02929842e+00, -9.63734448e-01, -7.28976250e-01,
        -1.10617685e+00, -9.81245100e-01, -1.22732234e+00, -1.03896976e+00,
        -1.60110235e+00, -5.56433499e-01,  7.03218952e-03, -1.50798464e+00,
        -1.87544191e+00, -4.22065854e-01, -2.13078350e-01, -7.68753052e-01,
        -4.34505269e-02, -3.20469350e-01, -3.28677088e-01,  1.49169695e-02,
        -1.14830410e+00, -1.36155665e+00, -8.37880790e-01,  9.98911485e-02,
        -6.38175130e-01, -1.01736867e+00, -9.89218593e-01,  4.86058533e-01,
        -7.77579308e-01, -1.35537755e+00, -1.61660516e+00, -1.28801048e-01,
        -8.46764863e-01, -9.26898956e-01, -6.92141712e-01,  7.44025826e-01,
        -3.55130374e-01, -7.87143409e-01, -1.13184059e+00, -5.21467626e-01,
        -9.04965758e-01, -6.60465479e-01, -1.76459515e+00, -5.14156044e-01,
        -5.10443985e-01, -8.00164461e-01, -1.01588511e+00, -6.63088322e-01,
        -1.02215254e+00, -2.89844424e-01, -7.69215524e-01, -8.95132124e-01,
        -5.68263352e-01, -2.06499889e-01, -8.07121396e-01,  2.43256658e-01,
         1.51860058e-01, -1.29464364e+00, -1.02105069e+00, -1.16126359e+00,
        -1.17796350e+00, -1.71879202e-01, -1.22657669e+00, -7.30603039e-01,
        -5.63727677e-01, -7.54775226e-01, -4.18908715e-01, -5.66245139e-01,
        -8.64896595e-01, -4.42823172e-01, -1.11138558e+00, -2.14345962e-01,
        -5.59262574e-01, -8.22266519e-01, -2.23167568e-01, -1.89354670e+00,
        -8.99703145e-01, -4.81627494e-01, -1.70389771e+00, -6.22510672e-01,
        -4.69709039e-01, -2.43944317e-01, -7.21925020e-01, -9.69572961e-01,
        -2.74505347e-01, -3.10767591e-01,  6.22894585e-01, -1.49608672e+00,
        -1.10925055e+00, -2.16424733e-01, -5.36130905e-01,  2.22712889e-01,
         3.68295498e-02, -1.00291145e+00, -1.17892194e+00, -5.70672095e-01,
        -7.98856199e-01,  1.95634618e-01, -8.73932898e-01, -7.58074999e-01,
        -1.90766966e+00, -2.35327601e-01, -7.64066935e-01, -3.24603796e-01,
        -1.02518633e-01, -5.13322949e-02, -8.97715867e-01, -8.08240056e-01,
        -9.25433993e-01,  2.72334576e-01, -8.87398481e-01, -5.91078028e-02,
        -4.10520107e-01,  8.49178076e-01,  9.81223643e-01,  1.73738956e+00,
         1.66868842e+00,  4.53346074e-01, -1.29703701e+00, -8.00797522e-01,
        -1.08273244e+00, -1.71230733e+00, -1.26060498e+00, -1.10350966e+00,
        -8.56840193e-01, -3.84237111e-01, -1.40661705e+00, -1.06898212e+00,
         3.95610519e-02, -1.24819005e+00, -2.00576544e+00, -1.01715922e+00,
        -1.91181576e+00, -9.16883498e-02, -3.43428612e-01, -6.23639524e-01,
        -1.28230953e+00, -2.09697771e+00, -1.58627257e-01, -5.83400726e-01,
        -7.35536441e-02, -7.23722816e-01,  1.35620344e+00, -4.92353216e-02,
        -6.07966244e-01,  1.19331396e+00,  9.64933872e-01,  2.52666175e-01,
        -9.95524168e-01, -1.53694713e+00,  4.51593727e-01,  5.77102780e-01,
         7.54733607e-02, -2.05622721e+00, -1.99010277e+00, -1.31786871e+00,
        -1.96652126e+00, -2.36415911e+00, -1.96841538e+00, -1.19827390e+00,
        -1.73125112e+00, -2.18006682e+00, -6.61818624e-01,  1.43195823e-01,
         7.15379655e-01, -7.88374990e-02, -6.12542570e-01, -1.07127106e+00,
        -2.47646904e+00,  8.69409859e-01,  6.27952814e-02, -1.67317450e+00,
        -1.06954527e+00, -1.18993056e+00, -1.79125166e+00, -1.90669346e+00,
        -1.01909781e+00, -1.65675259e+00, -1.35068977e+00, -1.09585595e+00,
        -3.02012229e+00, -2.24648333e+00, -2.48246789e+00, -1.79125273e+00,
        -1.67361343e+00, -1.43388987e+00, -1.46207881e+00, -1.81474638e+00,
        -2.57706583e-01, -4.62707579e-01, -4.27518263e-02, -3.04025412e-01,
        -6.20721459e-01,  4.27212715e-01, -8.63477588e-04, -8.29969406e-01,
        -2.01806402e+00, -9.97701705e-01, -1.43772161e+00, -1.20638978e+00,
        -1.04446614e+00, -1.49048626e+00, -1.12033355e+00, -1.94787836e+00,
        -1.22895026e+00, -1.15358293e+00, -9.97431695e-01, -1.83699119e+00,
        -6.39066100e-01, -7.31127262e-01, -5.96474767e-01, -1.69887638e+00,
        -6.18547082e-01, -1.31479585e+00, -9.22178030e-01, -1.15892458e+00,
        -9.92899716e-01, -1.17045355e+00, -1.53362656e+00, -1.45824552e+00,
        -1.90452623e+00, -2.70894080e-01, -1.32443845e+00, -6.28152788e-01,
        -6.00156963e-01, -1.84754705e+00, -8.49029243e-01,  2.16382548e-01,
        -1.94336438e+00, -1.82412338e+00,  4.62198168e-01,  6.70012593e-01,
        -5.70575058e-01,  9.33291078e-01,  5.96259952e-01, -8.78953874e-01,
        -4.20701355e-02,  1.21657634e+00,  6.87491223e-02,  1.43429667e-01,
        -1.57139122e+00,  3.52404642e+00, -9.74594653e-01,  1.99200773e+00,
         4.35038567e-01,  1.03818142e+00,  1.04173994e+00, -3.87083203e-01,
         2.41149855e+00,  1.27000439e+00,  2.82400322e+00,  1.54482114e+00,
         4.09393251e-01,  9.65173662e-01,  2.42918991e-02, -5.69787472e-02,
         7.08634496e-01,  8.33526015e-01,  1.68773758e+00, -6.34775817e-01,
        -3.34308535e-01, -3.06494147e-01, -8.08157384e-01, -6.66041374e-02,
         7.39579082e-01,  8.70606899e-01,  8.96447003e-01,  2.12892413e+00,
        -1.48728371e-01, -9.17006731e-02,  1.93970466e+00,  4.28118110e-01,
         7.67523348e-02,  1.69035459e+00,  3.09108645e-01,  1.76513672e+00,
        -7.00287879e-01, -4.77978766e-01,  4.22877979e+00,  3.34911376e-01,
         1.95805311e-01,  1.13521767e+00, -7.14891016e-01,  5.70791006e-01,
        -7.06546843e-01,  1.23246288e+00, -9.20325696e-01,  2.49449313e-01,
         1.35365069e+00,  7.07102478e-01, -1.42649949e-01,  6.76510572e-01,
        -1.87635243e+00,  1.03470296e-01,  2.53869796e+00,  4.48975712e-03,
         1.36008537e+00,  1.46578860e+00, -6.56728148e-01, -1.82629597e+00,
         5.40014207e-01,  1.74413681e-01,  1.34952343e+00, -1.33045387e+00,
         4.83301431e-01,  1.12123108e+00, -1.01830935e+00,  1.54522300e+00,
         1.16891325e-01,  5.63194215e-01,  9.84890282e-01, -3.59841436e-01,
         3.33706260e+00,  2.33429766e+00,  1.69915724e+00, -1.06626379e+00,
        -1.06661308e+00,  2.09804010e+00,  8.49856853e-01,  2.72363806e+00,
         3.18083912e-01, -5.36515296e-01,  1.95507973e-01, -3.11295301e-01,
         1.66514683e+00,  1.74765015e+00,  1.91638041e+00,  1.25421357e+00,
         3.69788647e-01,  3.47614586e-01,  1.48121309e+00,  3.07606316e+00,
        -2.40834451e+00, -1.38275608e-01, -9.26617742e-01,  7.32282221e-01,
         1.21207738e+00,  5.31943798e-01, -1.35161340e+00,  1.75866568e+00,
         1.76196527e+00, -1.53408337e+00, -4.32997286e-01, -1.90806106e-01,
         7.49518871e-01, -2.09819317e-01, -1.01578736e+00, -8.69624555e-01,
        -1.23460591e+00,  4.72366244e-01,  5.25724828e-01,  2.51287818e-01,
         6.51506037e-02,  5.27286172e-01, -7.04173267e-01,  4.40302402e-01,
        -5.04521430e-01, -1.53923929e+00,  1.73006260e+00,  2.50102592e+00,
         6.06545150e-01,  4.49976206e-01,  3.50532556e+00,  1.93121660e+00,
         1.15774667e+00,  7.64062166e-01,  3.11183000e+00, -1.41371250e+00,
        -1.17983174e+00, -1.17051351e+00, -1.23572767e-01,  3.32513762e+00,
        -2.36511558e-01, -9.56264079e-01,  2.13560057e+00,  1.06488109e-01,
        -5.84334135e-01,  1.16322863e+00,  5.68367302e-01, -2.00696564e+00,
         1.87157106e+00,  4.30902004e+00, -1.64063290e-01,  7.40235031e-01,
         9.85206187e-01,  2.68216038e+00, -6.72997236e-01, -1.08009934e-01,
         4.72176933e+00,  1.81390274e+00,  1.27255642e+00,  1.01773608e+00,
        -9.53350961e-01,  9.26398784e-02,  1.98626196e+00,  2.07221842e+00,
         7.25617766e-01,  1.67819929e+00, -6.31795645e-01,  4.56972986e-01,
        -3.68544757e-01, -1.39000201e+00,  6.20416284e-01,  2.31574357e-01,
         1.16706407e+00, -4.13001299e-01,  1.95197850e-01, -1.94907248e-01,
        -7.65768707e-01,  1.12566411e+00,  4.82908547e-01,  2.14156723e+00,
         4.58742321e-01,  4.07628834e-01, -1.41478312e+00,  1.00436196e-01,
         1.79727280e+00,  1.14575183e+00, -1.00063872e+00,  1.69033408e+00,
         1.85564888e+00,  1.48109150e+00,  1.92223370e+00,  4.60358429e+00,
         1.22835112e+00,  1.63468981e+00,  1.28699496e-01, -8.26403916e-01,
         1.61323714e+00, -7.51487255e-01,  2.66104245e+00,  1.66698921e+00,
         1.90505469e+00, -1.19268470e-01,  1.97406507e+00, -1.80007637e+00,
         1.69959664e+00,  2.95891237e+00,  1.93731081e+00,  2.01992288e-01,
         5.12562454e-01, -3.31876338e-01,  1.52994299e+00,  1.51445079e+00,
        -1.48035452e-01,  1.49121380e+00,  3.67803454e-01,  1.02327371e+00,
         8.76734436e-01,  2.37184271e-01,  1.49594820e+00,  3.57580948e+00,
         3.49847221e+00,  3.99051696e-01,  9.62285876e-01,  2.23757315e+00,
        -5.03836572e-01, -7.12950170e-01,  1.93948817e+00,  2.75691986e-01,
        -9.98574257e-01,  1.58937025e+00, -2.41447359e-01,  5.84907830e-01,
         3.33508277e+00,  1.07114673e+00, -1.39052975e+00,  6.76035166e-01,
         2.48526287e+00,  6.25623465e-01,  3.05942178e-01,  1.72201708e-01,
        -1.44147718e+00,  5.19913435e-01,  3.52678746e-02, -5.04816413e-01,
         2.35072994e+00, -1.67303109e+00,  7.41473556e-01,  9.71580029e-01,
         2.80046630e+00, -2.43692470e+00,  2.15155005e+00,  5.10137892e+00,
        -1.02440715e+00, -1.97786793e-01, -7.34699845e-01,  1.39043558e+00,
        -2.53827065e-01,  8.40286613e-01, -7.76182353e-01,  7.86238432e-01,
         8.91969621e-01, -1.31244731e+00,  2.31320190e+00, -1.81365359e+00,
         4.21095657e+00, -2.55343094e-02, -6.31593883e-01, -2.60444403e-01,
        -6.96033061e-01,  2.32742405e+00,  1.80727988e-01, -5.79394281e-01,
        -3.67329091e-01,  1.79091024e+00,  5.81714749e-01,  4.16423827e-01,
        -8.41437340e-01,  1.18201339e+00,  2.90133744e-01, -5.42043269e-01,
         1.08862484e+00,  2.85462618e+00, -8.63718688e-01,  1.14414454e+00,
         2.38448262e-01,  1.06412446e+00,  4.30521578e-01, -3.49990577e-01,
         3.88298035e+00, -4.32096213e-01, -3.06634784e+00,  3.80854681e-03,
         2.61746383e+00,  8.56017351e-01,  1.19542427e-01,  1.42567003e+00,
         2.72893333e+00, -1.74758866e-01, -9.74356711e-01,  1.12488234e+00,
         1.65639734e+00,  9.96561170e-01,  1.12443805e+00,  7.75482282e-02,
         1.63725388e+00, -7.52757072e-01, -7.18163431e-01,  1.81675792e+00,
        -4.74288762e-02,  3.10647774e+00,  6.99068189e-01,  1.89069438e+00,
         2.24206424e+00,  1.78296161e+00,  7.86591709e-01, -1.07671261e+00,
         3.19113433e-01, -6.86180592e-01,  6.55573487e-01,  1.12668350e-01,
         8.35671306e-01,  1.31297410e+00,  1.94962800e+00, -3.49092782e-01,
        -1.74363256e+00,  1.00967121e+00, -2.48968646e-01,  5.70396423e-01,
         1.20252144e+00,  8.30701411e-01, -1.68049037e+00,  1.62263691e+00,
         1.37141633e+00,  1.97731197e+00, -1.08505321e+00, -2.23503843e-01,
         1.51526761e+00, -4.92885932e-02,  9.65229794e-02, -1.36650133e+00,
        -2.24707589e-01,  3.06971145e+00,  7.70486712e-01, -6.11503005e-01,
         1.23944390e+00,  2.46407223e+00,  1.38126493e+00,  1.32749200e+00,
         1.61605299e+00,  1.81636786e+00,  1.25345349e+00,  8.14673528e-02,
         1.45057213e+00,  3.48031282e+00,  2.38309050e+00, -1.23915195e+00,
         4.79008019e-01,  1.60679594e-03,  6.72168493e-01,  1.42557919e+00,
         2.49345112e+00,  2.23291898e+00, -1.60697773e-01,  1.76018727e+00,
         1.98271954e+00,  8.86693150e-02,  2.28864002e+00,  1.92888737e+00,
        -1.45450199e+00,  2.13115120e+00, -6.98062301e-01,  2.42074227e+00,
         2.10558820e+00,  9.43115056e-01, -5.13871312e-01,  1.72631234e-01,
         9.20157969e-01,  1.22283733e+00,  9.88554597e-01, -3.60955000e-02,
        -4.46124166e-01,  1.57872868e+00,  4.38087559e+00,  1.13951576e+00,
         2.39643621e+00, -4.99681026e-01,  3.65727454e-01,  2.22581491e-01,
        -6.70111001e-01,  3.45463252e+00,  5.46071768e-01,  5.03779709e-01,
         9.99670267e-01,  1.07365465e+00,  4.18049049e+00,  9.28806722e-01,
         5.16219079e-01,  6.68838799e-01,  2.02695799e+00,  3.20422173e+00,
         7.52900660e-01, -7.26796329e-01, -2.87765354e-01,  8.15049037e-02,
         1.03305054e+00, -4.12174314e-01, -2.86785752e-01,  1.14625692e+00,
        -1.71308136e+00,  2.96519130e-01,  2.08967447e+00,  3.14934540e+00,
         1.55228674e+00,  1.55305076e+00,  3.68022054e-01,  2.28708196e+00,
        -3.40604246e-01,  3.19939047e-01,  2.39261103e+00,  1.64505792e+00,
        -1.98040438e+00, -6.63174629e-01, -5.59090793e-01,  6.17023051e-01,
         4.90356952e-01, -1.49435163e+00,  1.64707756e+00,  2.46999168e+00,
         1.55403984e+00, -1.18823647e+00, -2.28935197e-01,  2.09261489e+00,
        -1.19115520e+00, -9.14042354e-01,  3.11485738e-01, -1.46196902e+00,
         4.41593170e-01,  5.29695868e-01,  5.88532865e-01, -4.19704951e-02,
         1.92732859e+00, -4.07081962e-01,  6.28882289e-01,  9.55794752e-01,
         3.38333154e+00,  2.52953672e+00,  2.31117105e+00, -1.25032949e+00,
         2.06783128e+00,  2.15827093e-01, -3.72982800e-01,  5.02121162e+00,
         9.86123502e-01, -8.52944851e-01,  3.77316022e+00,  1.05791128e+00,
        -2.31723928e+00, -1.00826703e-01,  1.18899286e-01,  2.03336430e+00,
         7.02140629e-01,  1.41864216e+00,  5.14699280e-01, -1.41991973e+00,
        -1.11501002e+00, -1.17450988e+00, -9.30842459e-01,  7.29447186e-01,
         4.41872501e+00, -8.49615872e-01,  2.01572943e-02, -2.31740475e-01,
         1.94407749e+00, -4.37267512e-01, -2.05299568e+00,  4.93935972e-01,
         1.86001265e+00,  7.56453335e-01,  9.42616343e-01,  1.69571519e+00,
         1.30852604e+00,  2.12085438e+00,  1.38893902e+00,  1.07629347e+00,
        -2.48412445e-01,  2.49029469e+00,  1.39930987e+00, -3.14195961e-01,
        -9.45567012e-01,  1.06569266e+00, -8.27761173e-01,  3.70806128e-01,
         4.65505409e+00,  2.11915302e+00,  3.05725408e+00, -9.07862425e-01,
         1.75920713e+00,  1.96549881e+00,  1.68722975e+00,  8.88622165e-01,
        -2.94741631e-01, -6.62230730e-01,  1.67535222e+00,  7.54926145e-01,
         6.40320826e+00,  7.14114761e+00,  1.09984040e+00,  1.16318151e-01,
         6.50410891e-01, -3.58412750e-02,  1.02493599e-01,  1.52655292e+00,
        -1.84158361e+00, -1.85409427e+00, -5.10256708e-01, -1.31360590e+00,
         3.03067780e+00,  3.01699966e-01,  1.84576616e-01,  7.37032592e-01,
         1.82988679e+00,  3.26200843e+00,  2.19055963e+00, -3.24407548e-01,
        -2.30775332e+00,  1.01166391e+00, -9.65088308e-01, -9.74798143e-01,
        -1.35513687e+00,  6.50148094e-02, -6.31709516e-01, -1.24845886e+00,
        -1.19786882e+00, -2.09636354e+00, -1.04867423e+00, -1.48642862e+00,
        -1.40816939e+00, -1.62405264e+00, -1.30128634e+00, -7.64203906e-01,
        -1.40360522e+00, -1.47656572e+00, -4.43239421e-01, -6.98869586e-01,
        -2.92256713e+00, -9.50027406e-01, -1.89101589e+00, -9.68869090e-01,
         7.63293775e-03,  5.96030593e-01,  5.82679331e-01, -9.84374806e-03,
        -1.71530473e+00, -7.50090063e-01, -2.25781620e-01, -2.03758883e+00,
        -1.97130084e+00, -4.51192588e-01, -6.03069246e-01, -1.89909196e+00,
        -7.14121640e-01, -1.00794089e+00, -5.18595755e-01, -1.14894390e+00,
        -1.39123702e+00, -1.20859087e+00,  2.05953884e+00, -6.42632365e-01,
         9.34415638e-01,  1.60430491e-01, -1.65348053e+00,  1.97071362e+00,
        -2.05894947e+00, -1.59142661e+00,  2.11909801e-01,  7.68145621e-01,
        -2.16592216e+00,  4.59583029e-02,  2.22552419e-01, -2.21490598e+00,
         4.86391902e-01,  2.34269902e-01,  2.07055360e-01, -5.83033800e-01,
        -6.34443015e-02,  4.98140037e-01, -1.84170163e+00, -9.09511745e-02,
        -1.83919024e+00, -3.13575596e-01, -1.42526543e+00, -1.82927644e+00,
        -1.29001915e+00, -3.04936814e+00, -2.71933842e+00, -1.73276091e+00,
        -1.63982940e+00, -2.75440979e+00, -1.69290155e-01,  1.15904212e+00],
       device='cuda:0')
Clean RHS: tensor([[1.01008058]], device='cuda:0')
Split layers:
Nonlinear functions:
   BoundRelu(name=/66, inputs=[/input], perturbed=True)
   BoundRelu(name=/68, inputs=[/input-4], perturbed=True)
   BoundRelu(name=/71, inputs=[/input-12], perturbed=True)
   BoundRelu(name=/73, inputs=[/input-16], perturbed=True)
   BoundRelu(name=/76, inputs=[/input-24], perturbed=True)
   BoundRelu(name=/78, inputs=[/input-28], perturbed=True)
   BoundRelu(name=/80, inputs=[/input-32], perturbed=True)
   BoundRelu(name=/83, inputs=[/input-40], perturbed=True)
   BoundRelu(name=/85, inputs=[/input-44], perturbed=True)
   BoundRelu(name=/87, inputs=[/input-48], perturbed=True)
   BoundRelu(name=/90, inputs=[/input-56], perturbed=True)
   BoundRelu(name=/92, inputs=[/input-60], perturbed=True)
   BoundRelu(name=/94, inputs=[/input-64], perturbed=True)
   BoundRelu(name=/98, inputs=[/input-68], perturbed=True)
   BoundRelu(name=/101, inputs=[/input-72], perturbed=True)
   BoundRelu(name=/input-8/conv_1_relu, inputs=[/input-8/conv_1], perturbed=True)
   BoundRelu(name=/input-8/conv_3_relu, inputs=[/input-8/conv_3], perturbed=True)
   BoundRelu(name=/input-20/conv_1_relu, inputs=[/input-20/conv_1], perturbed=True)
   BoundRelu(name=/input-20/conv_3_relu, inputs=[/input-20/conv_3], perturbed=True)
   BoundRelu(name=/input-36/conv_1_relu, inputs=[/input-36/conv_1], perturbed=True)
   BoundRelu(name=/input-36/conv_3_relu, inputs=[/input-36/conv_3], perturbed=True)
   BoundRelu(name=/input-52/conv_1_relu, inputs=[/input-52/conv_1], perturbed=True)
   BoundRelu(name=/input-52/conv_3_relu, inputs=[/input-52/conv_3], perturbed=True)
   BoundRelu(name=/95/conv_1_relu, inputs=[/95/conv_1], perturbed=True)
   BoundRelu(name=/95/conv_3_relu, inputs=[/95/conv_3], perturbed=True)
Batched CROWN: node BoundConv(name=/input-4, inputs=[/66, /35, /36], perturbed=True), unstable size 87027
Batched CROWN: node BoundConv(name=/input-8/conv_1, inputs=[/68, /input-8/conv_1_w], perturbed=True), unstable size 141570
Batched CROWN: node BoundConv(name=/input-8/conv_3, inputs=[/input-8/add_1_2, /input-8/conv_3_w], perturbed=True), unstable size 38815
Batched CROWN: node BoundConv(name=/input-12, inputs=[/input-8/add_3_4, /37, /38], perturbed=True), unstable size 687058
Batched CROWN: node BoundConv(name=/input-16, inputs=[/71, /39, /40], perturbed=True), unstable size 1593928
Batched CROWN: node BoundConv(name=/input-20/conv_1, inputs=[/73, /input-20/conv_1_w], perturbed=True), unstable size 42014
Batched CROWN: node BoundConv(name=/input-20/conv_3, inputs=[/input-20/add_1_2, /input-20/conv_3_w], perturbed=True), unstable size 17624
Batched CROWN: node BoundConv(name=/input-24, inputs=[/input-20/add_3_4, /41, /42], perturbed=True), unstable size 397630
Batched CROWN: node BoundConv(name=/input-28, inputs=[/76, /43, /44], perturbed=True), unstable size 800336
Batched CROWN: node BoundConv(name=/input-32, inputs=[/78, /45, /46], perturbed=True), unstable size 295190
Batched CROWN: node BoundConv(name=/input-36/conv_1, inputs=[/80, /input-36/conv_1_w], perturbed=True), unstable size 40548
Batched CROWN: node BoundConv(name=/input-36/conv_3, inputs=[/input-36/add_1_2, /input-36/conv_3_w], perturbed=True), unstable size 21652
Batched CROWN: node BoundConv(name=/input-40, inputs=[/input-36/add_3_4, /47, /48], perturbed=True), unstable size 375498
Batched CROWN: node BoundConv(name=/input-44, inputs=[/83, /49, /50], perturbed=True), unstable size 349174
Batched CROWN: node BoundConv(name=/input-48, inputs=[/85, /51, /52], perturbed=True), unstable size 382008
Batched CROWN: node BoundConv(name=/input-52/conv_1, inputs=[/87, /input-52/conv_1_w], perturbed=True), unstable size 90173
Batched CROWN: node BoundConv(name=/input-52/conv_3, inputs=[/input-52/add_1_2, /input-52/conv_3_w], perturbed=True), unstable size 48742
Batched CROWN: node BoundConv(name=/input-56, inputs=[/input-52/add_3_4, /53, /54], perturbed=True), unstable size 100136
Batched CROWN: node BoundConv(name=/input-60, inputs=[/90, /55, /56], perturbed=True), unstable size 100349
Batched CROWN: node BoundConv(name=/input-64, inputs=[/92, /57, /58], perturbed=True), unstable size 100352
Batched CROWN: node BoundConv(name=/95/conv_1, inputs=[/94, /95/conv_1_w], perturbed=True), unstable size 50176
Batched CROWN: node BoundConv(name=/95/conv_3, inputs=[/95/add_1_2, /95/conv_3_w], perturbed=True), unstable size 25088
Batched CROWN: node BoundLinear(name=/input-68, inputs=[/96, /59, /60], perturbed=True), unstable size 4096
Batched CROWN: node BoundLinear(name=/input-72, inputs=[/99, /61, /62], perturbed=True), unstable size 4096
initial crown bounds: tensor([[-4.07660544e+08]], device='cuda:0')
Number of class (without rhs): 1 ; Worst class: (+ rhs) -407660544.0
Iteration 1
Adv attack time: 1.6791s
Batch size: 1
Current pickout batch: 1, total pickout batch: 1
Batched CROWN: node BoundConv(name=/input-4, inputs=[/66, /35, /36], perturbed=True), unstable size 87027
Batched CROWN: node BoundConv(name=/input-8/conv_1, inputs=[/68, /input-8/conv_1_w], perturbed=True), unstable size 141570
Batched CROWN: node BoundConv(name=/input-8/conv_3, inputs=[/input-8/add_1_2, /input-8/conv_3_w], perturbed=True), unstable size 38815
Batched CROWN: node BoundConv(name=/input-12, inputs=[/input-8/add_3_4, /37, /38], perturbed=True), unstable size 687057
Batched CROWN: node BoundConv(name=/input-16, inputs=[/71, /39, /40], perturbed=True), unstable size 1593927
Batched CROWN: node BoundConv(name=/input-20/conv_1, inputs=[/73, /input-20/conv_1_w], perturbed=True), unstable size 42015
Batched CROWN: node BoundConv(name=/input-20/conv_3, inputs=[/input-20/add_1_2, /input-20/conv_3_w], perturbed=True), unstable size 17624
Batched CROWN: node BoundConv(name=/input-24, inputs=[/input-20/add_3_4, /41, /42], perturbed=True), unstable size 397629
Batched CROWN: node BoundConv(name=/input-28, inputs=[/76, /43, /44], perturbed=True), unstable size 800336
Batched CROWN: node BoundConv(name=/input-32, inputs=[/78, /45, /46], perturbed=True), unstable size 295190
Batched CROWN: node BoundConv(name=/input-36/conv_1, inputs=[/80, /input-36/conv_1_w], perturbed=True), unstable size 40548
Batched CROWN: node BoundConv(name=/input-36/conv_3, inputs=[/input-36/add_1_2, /input-36/conv_3_w], perturbed=True), unstable size 21652
Batched CROWN: node BoundConv(name=/input-40, inputs=[/input-36/add_3_4, /47, /48], perturbed=True), unstable size 375498
Batched CROWN: node BoundConv(name=/input-44, inputs=[/83, /49, /50], perturbed=True), unstable size 349176
Batched CROWN: node BoundConv(name=/input-48, inputs=[/85, /51, /52], perturbed=True), unstable size 382009
Batched CROWN: node BoundConv(name=/input-52/conv_1, inputs=[/87, /input-52/conv_1_w], perturbed=True), unstable size 90173
Batched CROWN: node BoundConv(name=/input-52/conv_3, inputs=[/input-52/add_1_2, /input-52/conv_3_w], perturbed=True), unstable size 48742
Batched CROWN: node BoundConv(name=/input-56, inputs=[/input-52/add_3_4, /53, /54], perturbed=True), unstable size 100136
Batched CROWN: node BoundConv(name=/input-60, inputs=[/90, /55, /56], perturbed=True), unstable size 100349
Batched CROWN: node BoundConv(name=/input-64, inputs=[/92, /57, /58], perturbed=True), unstable size 100352
Batched CROWN: node BoundConv(name=/95/conv_1, inputs=[/94, /95/conv_1_w], perturbed=True), unstable size 50176
Batched CROWN: node BoundConv(name=/95/conv_3, inputs=[/95/add_1_2, /95/conv_3_w], perturbed=True), unstable size 25088
Batched CROWN: node BoundLinear(name=/input-68, inputs=[/96, /59, /60], perturbed=True), unstable size 4096
Batched CROWN: node BoundLinear(name=/input-72, inputs=[/99, /61, /62], perturbed=True), unstable size 4096
Worst bound: tensor([-4.07660736e+08], device='cuda:0')
Current (lb-rhs): -407660736.0
Total time: 3431.0116  pickout: 0.0009  split: 0.0091  decision: 0.0007  bounding: 3430.9708  clipping: 0.0000  add_domain: 0.0193  rest: 0.0106
Length of domains: 2
3 branch and bound domains visited
Time out!
Result: timeout
Time: 5225.610013484955
[rank 0] === Checking instance ID 56 ===
[rank 0] >>> Running ID=56 onnx=onnx/vgg16-7.onnx
Configurations:

general:
  device: cuda
  seed: 100
  conv_mode: patches
  deterministic: false
  double_fp: false
  loss_reduction_func: max
  sparse_alpha: true
  sparse_interm: true
  save_adv_example: false
  verify_onnxruntime_output: false
  eval_adv_example: false
  show_adv_example: false
  precompile_jit: false
  prepare_only: false
  complete_verifier: bab
  enable_incomplete_verification: false
  csv_name: instances.csv
  results_file: results/vggnet16_all_p_1/result_56.rank0.txt
  root_path: ../../vnncomp2023_benchmarks/benchmarks/vggnet16
  deterministic_opt: false
  graph_optimizer: 'Customized("custom_graph_optimizer", "maxpool_to_relu")'
  buffer_has_batchdim: false
  save_output: false
  output_file: out.pkl
  return_optimized_model: false
  output_additional_stats: true
  instance_id: 56
  dataset_output_dir: dataset
  min_stable_neurons_ratio_threshold: 0.0
model:
  name: null
  path: null
  onnx_path: /projects/air/dlverifier/vggnet16_all/onnx/vgg16-7.onnx
  onnx_path_prefix: ''
  cache_onnx_conversion: true
  debug_onnx: false
  onnx_quirks: null
  input_shape: null
  onnx_loader: default_onnx_and_vnnlib_loader
  onnx_optimization_flags: []
  onnx_vnnlib_joint_optimization_flags: none
  check_optimized: false
  flatten_final_output: false
  optimize_graph: null
  with_jacobian: false
data:
  start: 0
  end: 10000
  select_instance: null
  num_outputs: 1000
  mean: 0.0
  std: 1.0
  pkl_path: null
  dataset: null
  data_filter_path: null
  data_idx_file: null
specification:
  type: lp
  robustness_type: verified-acc
  norm: .inf
  epsilon: null
  epsilon_min: 0.0
  vnnlib_path: /projects/air/dlverifier/vggnet16_all/vnnlib/n01532829_house_finch_fix_mask_seg0_k50176_eps_0.0002.vnnlib
  vnnlib_path_prefix: ''
  rhs_offset: null
solver:
  batch_size: 1
  auto_enlarge_batch_size: false
  min_batch_size_ratio: 0.1
  use_float64_in_last_iteration: false
  early_stop_patience: 10
  start_save_best: 0.5
  bound_prop_method: forward+backward
  init_bound_prop_method: same
  prune_after_crown: false
  optimize_disjuncts_separately: false
  crown:
    batch_size: 16
    max_crown_size: 1000000000
    relu_option: adaptive
  alpha-crown:
    alpha: true
    lr_alpha: 0.1
    iteration: 100
    share_alphas: false
    lr_decay: 0.98
    full_conv_alpha: true
    max_coeff_mul: .inf
    matmul_share_alphas: false
    disable_optimization: []
    max_time: 1.0
  invprop:
    apply_output_constraints_to: []
    tighten_input_bounds: false
    best_of_oc_and_no_oc: false
    directly_optimize: []
    oc_lr: 0.1
    share_gammas: false
  beta-crown:
    lr_alpha: 0.01
    lr_beta: 0.05
    lr_decay: 0.98
    optimizer: adam
    iteration: 10
    beta: true
    beta_warmup: true
    enable_opt_interm_bounds: false
    all_node_split_LP: false
  forward:
    refine: false
    dynamic: true
    max_dim: 100
    reset_threshold: 1.0
  intermediate_refinement:
    enabled: false
    batch_size: 10
    opt_coeffs: false
    opt_bias: false
    lr: 0.05
    layers: [-1]
    max_domains: 1000
  multi_class:
    label_batch_size: 32
    skip_with_refined_bound: true
  mip:
    unstable_neuron_threshold: 0
    parallel_solvers: null
    solver_threads: 1
    refine_neuron_timeout: 15
    refine_neuron_time_percentage: 0.8
    early_stop: true
    adv_warmup: true
    mip_solver: gurobi
    skip_unsafe: false
    topk_filter: 1.0
    sliding_window: -1
    extra_constraint: false
    refine_neuron_timeout_increasement: 0
    timeout_neuron_percentage: 0.3
    remaining_timeout_threshold: 1
    remove_unstable_neurons: true
    lp_solver: false
bab:
  initial_max_domains: 1
  backing_up_max_domain: null
  max_domains: .inf
  decision_thresh: 0
  timeout: 1200.0
  timeout_scale: 1
  max_iterations: -1
  override_timeout: null
  get_upper_bound: false
  pruning_in_iteration: true
  pruning_in_iteration_ratio: 0.2
  sort_targets: false
  batched_domain_list: true
  optimized_interm: ''
  interm_transfer: true
  recompute_interm: false
  sort_domain_interval: -1
  vanilla_crown: false
  tree_traversal: depth_first
  cut:
    enabled: false
    cuts_path: /tmp/abcrown_cuts
    implication: false
    bab_cut: false
    lp_cut: false
    method: null
    lr: 0.01
    lr_decay: 1.0
    iteration: 100
    bab_iteration: -1
    early_stop_patience: -1
    lr_beta: 0.02
    number_cuts: 50
    topk_cuts_in_filter: 1000
    batch_size_primal: 100
    max_num: 1000000000
    patches_cut: false
    cplex_cuts: false
    cplex_cuts_wait: 0
    cplex_cuts_revpickup: true
    cut_reference_bounds: true
    fix_intermediate_bounds: false
    _tmp_cuts: null
    fixed_cuts: false
    add_implied_cuts: false
    add_input_cuts: false
    biccos:
      enabled: false
      constraint_strengthening: true
      recursively_strengthening: false
      drop_ratio: 0.5
      verified_bonus: 0.3
      max_infer_iter: 20
      heuristic: neuron_influence_score
      save_biccos_cuts: false
      multi_tree_branching:
        enabled: false
        restore_best_tree: false
        keep_n_best_domains: 1
        k_splits: 1
        iterations: 1
  branching:
    method: sb
    candidates: 3
    reduceop: min
    enable_intermediate_bound_opt: false
    branching_input_and_activation: false
    branching_input_and_activation_order: [input, relu]
    branching_input_iterations: 30
    branching_relu_iterations: 50
    gnn_path: ''
    neural_heuristic:
      model_path: ''
    rl:
      experiment: general
      eval: false
      extras: []
      logging:
        color: true
        debug: true
        file: rl-experiment.log
      pnet:
        gH: 64
        tH: 64
        nheads: 64
        nlayers: 64
        useDynamicGraph: true
        bidirectional: false
        GAT: true
      training:
        gamma: 0.99
        lr: 0.001
        batchSize: 8
        loop: 8
        totalEpochs: 10
        updatePolicyFrequency: 10
        updateTargetFrequency: 10
        buffer: buffer.pkl
        preparedBuffer: 'False'
        TestingPreparedBuffer: false
        scriptTraining: false
        policynet: policy-checkpoint.pt
        targetnet: target-checkpoint.pt
        datasetShuffle: true
        targetedData: all
        splitRatio: 0.8
        maxInstances: -1
        trainingMode: full
        reward:
          norm: null
          bonus: 10.0
          penalty: -1.0
      egreedy:
        epsilon: 0.1
        epsilonDecay: 0.1
        minEpsilon: 0.1
        ePath: epsilon.pt
        enabled: true
      expert:
        useExpertUntilEpisode: 0.1
        enabled: true
        learnToImitateExpertEpochs: 10
    nonlinear_split:
      method: shortcut
      branching_point_method: uniform
      num_branches: 2
      filter: false
      filter_beta: false
      filter_clamp: false
      filter_batch_size: 10000
      filter_iterations: 25
      relu_only: false
      loose_tanh_threshold: null
      dynamic_bbps: false
      dynamic_options: [uniform, three_left, three_right]
      branching_point_node: ''
      branching_point_db: []
    input_split:
      enable_clip_domains: false
      split_hint: null
      reorder_bab: false
      enable: true
      enhanced_bound_prop_method: alpha-crown
      enhanced_branching_method: naive
      enhanced_bound_patience: 100000000.0
      attack_patience: 100000000.0
      adv_check: 0
      split_partitions: 2
      sb_margin_weight: 1.0
      sb_sum: false
      sb_primary_spec: null
      bf_backup_thresh: -1
      bf_rhs_offset: 0
      bf_iters: 1000000000.0
      bf_batch_size: 100000
      bf_zero_crossing_score: false
      touch_zero_score: 0
      ibp_enhancement: false
      catch_assertion: false
      compare_with_old_bounds: false
      update_rhs_with_attack: false
      sb_coeff_thresh: 0.001
      sort_index: null
      sort_descending: true
      show_progress: false
      presplit_domains: null
      skip_getting_worst_domain: false
  attack:
    enabled: false
    beam_candidates: 8
    beam_depth: 7
    max_dive_fix_ratio: 0.8
    min_local_free_ratio: 0.2
    mip_start_iteration: 5
    mip_timeout: 30.0
    adv_pool_threshold: null
    refined_mip_attacker: false
    refined_batch_size: null
attack:
  pgd_order: input_bab
  pgd_steps: 100
  pgd_restarts: 30
  pgd_batch_size: 100000000
  pgd_early_stop: true
  pgd_lr_decay: 0.99
  pgd_alpha: auto
  pgd_alpha_scale: false
  pgd_loss_mode: null
  pgd_restart_when_stuck: false
  enable_mip_attack: false
  adv_saver: default_adv_saver
  adv_verifier: default_adv_verifier
  early_stop_condition: default_early_stop_condition
  adv_example_finalizer: default_adv_example_finalizer
  pgd_loss: default_pgd_loss
  cex_path: ./test_cex.txt
  attack_mode: PGD
  attack_tolerance: 0.0
  attack_func: attack_with_general_specs
  gama_lambda: 10.0
  gama_decay: 0.9
  check_clean: true
  input_split:
    pgd_steps: 100
    pgd_restarts: 30
    pgd_alpha: auto
  input_split_enhanced:
    pgd_steps: 200
    pgd_restarts: 500000
    pgd_alpha: auto
  input_split_check_adv:
    enabled: auto
    pgd_steps: 5
    pgd_restarts: 5
    pgd_alpha: auto
    max_num_domains: 10
debug:
  sanity_check: Full+Graph
  view_model: false
  lp_test: null
  rescale_vnnlib_ptb: null
  test_optimized_bounds: false
  test_optimized_bounds_after_n_iterations: 0
  print_verbose_decisions: false

Experiments at Fri Feb 20 02:06:54 2026 on d1028
Internal results will be saved to results/vggnet16_all_p_1/result_56.rank0.txt.

[ZRL] %%%%%%%%%%%%%%%%%%%%%%%%%%%%%%%%%%% idx: 0, vnnlib ID: 0 %%%%%%%%%%%%%%%%%%%%%%%%%%%%%%%%%%%
Using onnx /projects/air/dlverifier/vggnet16_all/onnx/vgg16-7.onnx
Using vnnlib /projects/air/dlverifier/vggnet16_all/vnnlib/n01532829_house_finch_fix_mask_seg0_k50176_eps_0.0002.vnnlib
150528 inputs and 1000 outputs in vnnlib
Loading cached onnx model from /projects/air/dlverifier/vggnet16_all/onnx/vgg16-7.onnx.cached
Cannot read cached onnx file. Regenerating...
Loading onnx /projects/air/dlverifier/vggnet16_all/onnx/vgg16-7.onnx with quirks {}
Finished onnx model loading in 40.4970 seconds
Number of perturbed inputs: 44424
WARNING: prioritizing attack due to too many perturbed pixels on VGG
Setting arguments.Config["attack"]["pgd_order"] to "before"
Setting bound_prop_method to crown
Attack parameters: initialization=uniform, steps=100, restarts=30, alpha=5.000084638595581e-05, initialization=uniform, GAMA=False
Model output of first 5 examples:
 tensor([[-9.84179735e-01,  1.78342223e+00, -1.65947032e+00, -2.14096689e+00,
         -1.46826649e+00,  1.75357819e-01, -7.30330765e-01, -1.95730090e+00,
         -1.85451174e+00, -1.51710165e+00, -1.35815775e+00, -4.11743581e-01,
         -3.48076820e-01, -1.24723291e+00, -9.21049491e-02,  3.43293063e-02,
         -9.35704112e-01, -1.47425973e+00, -6.55720413e-01, -1.00309432e+00,
         -1.09267509e+00, -8.29576969e-01, -1.46691218e-01, -1.36786723e+00,
         -7.48240650e-01, -1.42012167e+00, -3.19098353e-01, -1.08758259e+00,
         -1.25191283e+00,  1.99973598e-01, -1.85585511e+00,  5.51505089e-02,
         -1.32559168e+00, -2.10358357e+00, -1.54572606e+00, -1.48802161e+00,
          9.04216647e-01, -1.97223949e+00, -1.92081630e-01, -1.61068130e+00,
          1.90654367e-01, -1.71016526e+00, -1.92022860e+00, -1.09539115e+00,
         -9.80162084e-01, -1.17258871e+00,  2.22642079e-01, -1.19960856e+00,
         -2.18232632e+00, -3.94300610e-01,  2.84640789e-01, -2.56644034e+00,
         -2.85980195e-01,  5.81211969e-02, -8.72064352e-01, -1.64797652e+00,
         -7.23807454e-01, -1.83492041e+00, -1.37307316e-01, -2.69149095e-01,
         -3.29178900e-01, -1.16626072e+00, -1.40062356e+00,  1.56723455e-01,
         -4.76025641e-01, -6.41690910e-01, -9.29536283e-01, -4.32161152e-01,
         -1.52156878e+00, -1.94049394e+00, -2.20292509e-01,  2.68676668e-01,
          3.59950930e-01,  1.65134096e+00,  6.76981568e-01,  1.08223009e+00,
          2.96893656e-01,  1.31411254e+00,  5.01041830e-01,  1.50668132e+00,
         -4.22045216e-02, -2.40017581e+00, -1.39452422e+00, -1.67768073e+00,
         -7.95280576e-01, -9.53929424e-01, -1.85696065e+00,  1.51353419e-01,
          2.76782960e-01, -1.22894180e+00, -5.86132109e-01, -1.05233431e+00,
         -2.65643746e-01, -3.53370965e-01,  4.24528062e-01, -1.98340809e+00,
          5.25771305e-02, -9.90075111e-01,  7.76343286e-01, -9.13083851e-01,
          4.94704604e-01, -1.68907261e+00, -1.89087951e+00,  1.25118327e+00,
         -1.92908978e+00, -2.49308228e+00, -1.50275779e+00, -2.42326662e-01,
         -1.03368521e+00, -1.87273896e+00, -4.42556232e-01,  2.27978230e+00,
         -6.48752630e-01, -1.11642919e-01, -6.44071400e-01, -1.93520951e+00,
         -1.67195356e+00, -4.67197336e-02, -1.01222706e+00, -2.35374618e+00,
         -2.12307334e+00, -1.83236563e+00, -1.55440617e+00, -2.71769214e+00,
         -1.97087383e+00, -1.87859988e+00,  7.28727132e-03, -5.18511117e-01,
          6.05573952e-01,  6.46344960e-01,  3.01247120e-01, -4.93055493e-01,
          6.31472409e-01, -7.01597571e-01,  2.76551060e-02, -5.45125067e-01,
         -9.13617492e-01,  2.97920346e-01, -1.26598108e+00, -2.03704786e+00,
         -2.24849796e+00,  3.26018512e-01, -5.68455935e-01, -8.08636785e-01,
         -8.53751123e-01, -1.43158591e+00, -2.34047937e+00, -2.32631620e-02,
         -1.72823668e-01, -7.29910553e-01, -1.70270526e+00, -8.67136717e-02,
         -1.21072590e+00, -9.87779424e-02, -5.47587633e-01, -8.18097949e-01,
         -8.95358086e-01, -4.11435962e-01, -1.26179111e+00, -9.55665886e-01,
         -1.21479046e+00, -2.86848366e-01,  2.01180354e-01, -8.96535456e-01,
         -8.20753455e-01, -6.18011713e-01, -1.08340228e+00, -1.16084111e+00,
         -2.39506423e-01, -1.02929831e+00, -9.63734567e-01, -7.28976250e-01,
         -1.10617673e+00, -9.81244862e-01, -1.22732258e+00, -1.03896976e+00,
         -1.60110235e+00, -5.56433320e-01,  7.03201070e-03, -1.50798476e+00,
         -1.87544215e+00, -4.22066212e-01, -2.13078320e-01, -7.68752933e-01,
         -4.34503630e-02, -3.20469230e-01, -3.28676850e-01,  1.49168205e-02,
         -1.14830422e+00, -1.36155665e+00, -8.37881148e-01,  9.98913571e-02,
         -6.38175309e-01, -1.01736867e+00, -9.89218712e-01,  4.86058623e-01,
         -7.77579546e-01, -1.35537744e+00, -1.61660540e+00, -1.28801048e-01,
         -8.46764982e-01, -9.26899076e-01, -6.92141950e-01,  7.44026065e-01,
         -3.55130464e-01, -7.87143111e-01, -1.13184059e+00, -5.21467626e-01,
         -9.04965639e-01, -6.60465360e-01, -1.76459551e+00, -5.14155865e-01,
         -5.10443747e-01, -8.00164223e-01, -1.01588511e+00, -6.63088024e-01,
         -1.02215278e+00, -2.89844245e-01, -7.69215345e-01, -8.95132124e-01,
         -5.68263173e-01, -2.06499696e-01, -8.07121456e-01,  2.43256927e-01,
          1.51860282e-01, -1.29464364e+00, -1.02105057e+00, -1.16126335e+00,
         -1.17796373e+00, -1.71879366e-01, -1.22657669e+00, -7.30602801e-01,
         -5.63727498e-01, -7.54775107e-01, -4.18908536e-01, -5.66245019e-01,
         -8.64896536e-01, -4.42822903e-01, -1.11138535e+00, -2.14345813e-01,
         -5.59262216e-01, -8.22266281e-01, -2.23167479e-01, -1.89354658e+00,
         -8.99703145e-01, -4.81627464e-01, -1.70389783e+00, -6.22510552e-01,
         -4.69709009e-01, -2.43944243e-01, -7.21925020e-01, -9.69573200e-01,
         -2.74505198e-01, -3.10767531e-01,  6.22894645e-01, -1.49608696e+00,
         -1.10925066e+00, -2.16424733e-01, -5.36130786e-01,  2.22713068e-01,
          3.68295945e-02, -1.00291169e+00, -1.17892170e+00, -5.70672035e-01,
         -7.98855960e-01,  1.95634589e-01, -8.73933434e-01, -7.58075118e-01,
         -1.90767002e+00, -2.35327423e-01, -7.64066815e-01, -3.24603200e-01,
         -1.02518372e-01, -5.13317063e-02, -8.97715449e-01, -8.08239758e-01,
         -9.25433695e-01,  2.72335112e-01, -8.87398243e-01, -5.91075197e-02,
         -4.10519689e-01,  8.49178195e-01,  9.81223643e-01,  1.73738968e+00,
          1.66868854e+00,  4.53346133e-01, -1.29703677e+00, -8.00797403e-01,
         -1.08273244e+00, -1.71230745e+00, -1.26060498e+00, -1.10350955e+00,
         -8.56840014e-01, -3.84237051e-01, -1.40661705e+00, -1.06898189e+00,
          3.95612009e-02, -1.24818981e+00, -2.00576544e+00, -1.01715946e+00,
         -1.91181624e+00, -9.16885734e-02, -3.43428671e-01, -6.23639762e-01,
         -1.28230977e+00, -2.09697819e+00, -1.58627197e-01, -5.83400965e-01,
         -7.35541061e-02, -7.23723173e-01,  1.35620356e+00, -4.92354631e-02,
         -6.07966363e-01,  1.19331419e+00,  9.64934289e-01,  2.52665997e-01,
         -9.95524526e-01, -1.53694761e+00,  4.51593667e-01,  5.77102423e-01,
          7.54733458e-02, -2.05622768e+00, -1.99010324e+00, -1.31786907e+00,
         -1.96652174e+00, -2.36415982e+00, -1.96841609e+00, -1.19827390e+00,
         -1.73125124e+00, -2.18006659e+00, -6.61818564e-01,  1.43195957e-01,
          7.15379775e-01, -7.88372457e-02, -6.12542450e-01, -1.07127106e+00,
         -2.47646904e+00,  8.69410634e-01,  6.27952963e-02, -1.67317426e+00,
         -1.06954515e+00, -1.18992984e+00, -1.79125130e+00, -1.90669322e+00,
         -1.01909721e+00, -1.65675247e+00, -1.35068917e+00, -1.09585571e+00,
         -3.02012253e+00, -2.24648333e+00, -2.48246789e+00, -1.79125273e+00,
         -1.67361295e+00, -1.43388963e+00, -1.46207869e+00, -1.81474638e+00,
         -2.57706046e-01, -4.62707192e-01, -4.27518860e-02, -3.04025471e-01,
         -6.20721042e-01,  4.27213013e-01, -8.63239169e-04, -8.29969227e-01,
         -2.01806426e+00, -9.97701764e-01, -1.43772197e+00, -1.20638978e+00,
         -1.04446614e+00, -1.49048638e+00, -1.12033379e+00, -1.94787836e+00,
         -1.22895026e+00, -1.15358293e+00, -9.97431457e-01, -1.83699143e+00,
         -6.39065981e-01, -7.31127381e-01, -5.96474707e-01, -1.69887626e+00,
         -6.18547201e-01, -1.31479561e+00, -9.22178209e-01, -1.15892482e+00,
         -9.92899776e-01, -1.17045319e+00, -1.53362632e+00, -1.45824540e+00,
         -1.90452635e+00, -2.70893812e-01, -1.32443821e+00, -6.28152549e-01,
         -6.00157201e-01, -1.84754705e+00, -8.49028885e-01,  2.16382951e-01,
         -1.94336450e+00, -1.82412338e+00,  4.62197661e-01,  6.70012534e-01,
         -5.70575356e-01,  9.33291018e-01,  5.96259832e-01, -8.78953993e-01,
         -4.20699120e-02,  1.21657658e+00,  6.87496364e-02,  1.43430114e-01,
         -1.57139087e+00,  3.52404642e+00, -9.74594593e-01,  1.99200761e+00,
          4.35038656e-01,  1.03818166e+00,  1.04173946e+00, -3.87082756e-01,
          2.41149855e+00,  1.27000439e+00,  2.82400274e+00,  1.54482067e+00,
          4.09393281e-01,  9.65173423e-01,  2.42918096e-02, -5.69785684e-02,
          7.08634794e-01,  8.33526254e-01,  1.68773735e+00, -6.34775162e-01,
         -3.34308296e-01, -3.06494534e-01, -8.08157265e-01, -6.66040480e-02,
          7.39578664e-01,  8.70606601e-01,  8.96446764e-01,  2.12892437e+00,
         -1.48727998e-01, -9.17002559e-02,  1.93970478e+00,  4.28118229e-01,
          7.67522752e-02,  1.69035459e+00,  3.09108883e-01,  1.76513612e+00,
         -7.00287819e-01, -4.77979243e-01,  4.22877979e+00,  3.34911525e-01,
          1.95804805e-01,  1.13521850e+00, -7.14891493e-01,  5.70790410e-01,
         -7.06547737e-01,  1.23246264e+00, -9.20325875e-01,  2.49449134e-01,
          1.35365093e+00,  7.07102060e-01, -1.42650038e-01,  6.76509976e-01,
         -1.87635231e+00,  1.03469610e-01,  2.53869772e+00,  4.48995829e-03,
          1.36008513e+00,  1.46578860e+00, -6.56728148e-01, -1.82629597e+00,
          5.40014625e-01,  1.74414262e-01,  1.34952414e+00, -1.33045411e+00,
          4.83301967e-01,  1.12123060e+00, -1.01831007e+00,  1.54522371e+00,
          1.16891965e-01,  5.63193917e-01,  9.84890044e-01, -3.59841377e-01,
          3.33706260e+00,  2.33429766e+00,  1.69915712e+00, -1.06626356e+00,
         -1.06661308e+00,  2.09804010e+00,  8.49857211e-01,  2.72363806e+00,
          3.18083555e-01, -5.36515355e-01,  1.95507392e-01, -3.11295658e-01,
          1.66514683e+00,  1.74765038e+00,  1.91638041e+00,  1.25421369e+00,
          3.69787842e-01,  3.47614706e-01,  1.48121369e+00,  3.07606268e+00,
         -2.40834403e+00, -1.38275757e-01, -9.26618040e-01,  7.32282043e-01,
          1.21207750e+00,  5.31943679e-01, -1.35161364e+00,  1.75866520e+00,
          1.76196563e+00, -1.53408337e+00, -4.32997465e-01, -1.90805629e-01,
          7.49518335e-01, -2.09819481e-01, -1.01578772e+00, -8.69624674e-01,
         -1.23460579e+00,  4.72366363e-01,  5.25724769e-01,  2.51287818e-01,
          6.51505738e-02,  5.27286768e-01, -7.04173625e-01,  4.40302432e-01,
         -5.04521847e-01, -1.53923905e+00,  1.73006248e+00,  2.50102592e+00,
          6.06544614e-01,  4.49975908e-01,  3.50532603e+00,  1.93121672e+00,
          1.15774715e+00,  7.64062166e-01,  3.11183000e+00, -1.41371274e+00,
         -1.17983139e+00, -1.17051351e+00, -1.23572409e-01,  3.32513762e+00,
         -2.36511350e-01, -9.56264138e-01,  2.13560057e+00,  1.06487826e-01,
         -5.84333420e-01,  1.16322839e+00,  5.68367302e-01, -2.00696564e+00,
          1.87157130e+00,  4.30902004e+00, -1.64063394e-01,  7.40234733e-01,
          9.85205650e-01,  2.68216038e+00, -6.72996998e-01, -1.08009584e-01,
          4.72177029e+00,  1.81390309e+00,  1.27255642e+00,  1.01773632e+00,
         -9.53351319e-01,  9.26401168e-02,  1.98626268e+00,  2.07221866e+00,
          7.25618005e-01,  1.67820001e+00, -6.31796181e-01,  4.56973225e-01,
         -3.68544936e-01, -1.39000189e+00,  6.20415926e-01,  2.31574088e-01,
          1.16706443e+00, -4.13001031e-01,  1.95197195e-01, -1.94906697e-01,
         -7.65768528e-01,  1.12566435e+00,  4.82908189e-01,  2.14156795e+00,
          4.58743095e-01,  4.07628894e-01, -1.41478252e+00,  1.00435808e-01,
          1.79727232e+00,  1.14575136e+00, -1.00063860e+00,  1.69033349e+00,
          1.85564888e+00,  1.48109102e+00,  1.92223370e+00,  4.60358477e+00,
          1.22835064e+00,  1.63468945e+00,  1.28699332e-01, -8.26404035e-01,
          1.61323655e+00, -7.51487613e-01,  2.66104317e+00,  1.66698909e+00,
          1.90505445e+00, -1.19268961e-01,  1.97406518e+00, -1.80007625e+00,
          1.69959593e+00,  2.95891213e+00,  1.93731081e+00,  2.01992601e-01,
          5.12562335e-01, -3.31875771e-01,  1.52994227e+00,  1.51445103e+00,
         -1.48035213e-01,  1.49121368e+00,  3.67803216e-01,  1.02327335e+00,
          8.76733959e-01,  2.37183988e-01,  1.49594808e+00,  3.57580996e+00,
          3.49847245e+00,  3.99051607e-01,  9.62285757e-01,  2.23757291e+00,
         -5.03836811e-01, -7.12949812e-01,  1.93948817e+00,  2.75692463e-01,
         -9.98573899e-01,  1.58937001e+00, -2.41447479e-01,  5.84907413e-01,
          3.33508301e+00,  1.07114661e+00, -1.39052951e+00,  6.76034987e-01,
          2.48526287e+00,  6.25623226e-01,  3.05941731e-01,  1.72201365e-01,
         -1.44147718e+00,  5.19912899e-01,  3.52680609e-02, -5.04817069e-01,
          2.35072994e+00, -1.67303157e+00,  7.41473794e-01,  9.71579969e-01,
          2.80046582e+00, -2.43692493e+00,  2.15154958e+00,  5.10137987e+00,
         -1.02440715e+00, -1.97786286e-01, -7.34699368e-01,  1.39043558e+00,
         -2.53826678e-01,  8.40286732e-01, -7.76183069e-01,  7.86238551e-01,
          8.91970217e-01, -1.31244695e+00,  2.31320190e+00, -1.81365371e+00,
          4.21095705e+00, -2.55340710e-02, -6.31594121e-01, -2.60444760e-01,
         -6.96032882e-01,  2.32742453e+00,  1.80728018e-01, -5.79394162e-01,
         -3.67328912e-01,  1.79091024e+00,  5.81714630e-01,  4.16424006e-01,
         -8.41437876e-01,  1.18201268e+00,  2.90133566e-01, -5.42044103e-01,
          1.08862436e+00,  2.85462642e+00, -8.63718688e-01,  1.14414418e+00,
          2.38448068e-01,  1.06412446e+00,  4.30521429e-01, -3.49990219e-01,
          3.88298059e+00, -4.32096690e-01, -3.06634784e+00,  3.80827114e-03,
          2.61746335e+00,  8.56017172e-01,  1.19542502e-01,  1.42566967e+00,
          2.72893286e+00, -1.74759194e-01, -9.74356413e-01,  1.12488210e+00,
          1.65639699e+00,  9.96560931e-01,  1.12443781e+00,  7.75487050e-02,
          1.63725412e+00, -7.52756953e-01, -7.18162835e-01,  1.81675756e+00,
         -4.74289358e-02,  3.10647750e+00,  6.99067593e-01,  1.89069390e+00,
          2.24206471e+00,  1.78296161e+00,  7.86590993e-01, -1.07671320e+00,
          3.19113672e-01, -6.86180472e-01,  6.55574024e-01,  1.12667680e-01,
          8.35671186e-01,  1.31297386e+00,  1.94962740e+00, -3.49093467e-01,
         -1.74363256e+00,  1.00967121e+00, -2.48969123e-01,  5.70397079e-01,
          1.20252097e+00,  8.30701709e-01, -1.68049061e+00,  1.62263644e+00,
          1.37141633e+00,  1.97731197e+00, -1.08505309e+00, -2.23504454e-01,
          1.51526749e+00, -4.92888317e-02,  9.65233669e-02, -1.36650133e+00,
         -2.24708021e-01,  3.06971145e+00,  7.70486474e-01, -6.11503005e-01,
          1.23944378e+00,  2.46407270e+00,  1.38126493e+00,  1.32749188e+00,
          1.61605263e+00,  1.81636739e+00,  1.25345349e+00,  8.14677700e-02,
          1.45057178e+00,  3.48031330e+00,  2.38309050e+00, -1.23915184e+00,
          4.79008585e-01,  1.60754099e-03,  6.72168493e-01,  1.42557931e+00,
          2.49345112e+00,  2.23291874e+00, -1.60697058e-01,  1.76018679e+00,
          1.98271942e+00,  8.86692554e-02,  2.28864098e+00,  1.92888689e+00,
         -1.45450234e+00,  2.13115072e+00, -6.98062658e-01,  2.42074227e+00,
          2.10558796e+00,  9.43115234e-01, -5.13871610e-01,  1.72631070e-01,
          9.20157731e-01,  1.22283709e+00,  9.88554239e-01, -3.60952020e-02,
         -4.46123809e-01,  1.57872880e+00,  4.38087559e+00,  1.13951516e+00,
          2.39643550e+00, -4.99681324e-01,  3.65727246e-01,  2.22580940e-01,
         -6.70111001e-01,  3.45463300e+00,  5.46072066e-01,  5.03780127e-01,
          9.99669790e-01,  1.07365417e+00,  4.18049097e+00,  9.28805888e-01,
          5.16218722e-01,  6.68838859e-01,  2.02695751e+00,  3.20422244e+00,
          7.52900541e-01, -7.26796448e-01, -2.87765384e-01,  8.15051422e-02,
          1.03305042e+00, -4.12174821e-01, -2.86786526e-01,  1.14625692e+00,
         -1.71308184e+00,  2.96519279e-01,  2.08967471e+00,  3.14934564e+00,
          1.55228698e+00,  1.55305052e+00,  3.68022412e-01,  2.28708220e+00,
         -3.40604901e-01,  3.19939405e-01,  2.39261127e+00,  1.64505863e+00,
         -1.98040450e+00, -6.63174331e-01, -5.59090614e-01,  6.17022812e-01,
          4.90356624e-01, -1.49435127e+00,  1.64707720e+00,  2.46999264e+00,
          1.55403972e+00, -1.18823612e+00, -2.28935063e-01,  2.09261513e+00,
         -1.19115531e+00, -9.14042115e-01,  3.11485767e-01, -1.46196914e+00,
          4.41592932e-01,  5.29695868e-01,  5.88532627e-01, -4.19700481e-02,
          1.92732811e+00, -4.07082468e-01,  6.28882229e-01,  9.55794811e-01,
          3.38333106e+00,  2.52953672e+00,  2.31117105e+00, -1.25032926e+00,
          2.06783128e+00,  2.15827331e-01, -3.72983336e-01,  5.02121162e+00,
          9.86123383e-01, -8.52944613e-01,  3.77316117e+00,  1.05791092e+00,
         -2.31723976e+00, -1.00827098e-01,  1.18899733e-01,  2.03336477e+00,
          7.02140749e-01,  1.41864240e+00,  5.14699578e-01, -1.41991997e+00,
         -1.11500990e+00, -1.17451012e+00, -9.30842280e-01,  7.29447722e-01,
          4.41872597e+00, -8.49616110e-01,  2.01576371e-02, -2.31740221e-01,
          1.94407737e+00, -4.37267423e-01, -2.05299568e+00,  4.93935615e-01,
          1.86001313e+00,  7.56453335e-01,  9.42616403e-01,  1.69571507e+00,
          1.30852675e+00,  2.12085485e+00,  1.38893902e+00,  1.07629335e+00,
         -2.48411953e-01,  2.49029446e+00,  1.39930975e+00, -3.14196378e-01,
         -9.45566595e-01,  1.06569314e+00, -8.27761650e-01,  3.70806307e-01,
          4.65505362e+00,  2.11915255e+00,  3.05725384e+00, -9.07862544e-01,
          1.75920737e+00,  1.96549904e+00,  1.68722975e+00,  8.88622284e-01,
         -2.94741392e-01, -6.62230849e-01,  1.67535174e+00,  7.54925787e-01,
          6.40320921e+00,  7.14114904e+00,  1.09983981e+00,  1.16318226e-01,
          6.50411248e-01, -3.58408131e-02,  1.02493182e-01,  1.52655232e+00,
         -1.84158349e+00, -1.85409427e+00, -5.10256529e-01, -1.31360543e+00,
          3.03067780e+00,  3.01699489e-01,  1.84576541e-01,  7.37032533e-01,
          1.82988691e+00,  3.26200843e+00,  2.19056010e+00, -3.24407250e-01,
         -2.30775332e+00,  1.01166439e+00, -9.65087593e-01, -9.74797785e-01,
         -1.35513735e+00,  6.50143474e-02, -6.31709456e-01, -1.24845862e+00,
         -1.19786906e+00, -2.09636354e+00, -1.04867411e+00, -1.48642862e+00,
         -1.40816939e+00, -1.62405276e+00, -1.30128658e+00, -7.64203966e-01,
         -1.40360546e+00, -1.47656572e+00, -4.43239659e-01, -6.98869824e-01,
         -2.92256761e+00, -9.50027823e-01, -1.89101636e+00, -9.68868911e-01,
          7.63262482e-03,  5.96030593e-01,  5.82679391e-01, -9.84398648e-03,
         -1.71530509e+00, -7.50090301e-01, -2.25781769e-01, -2.03758931e+00,
         -1.97130132e+00, -4.51193184e-01, -6.03069067e-01, -1.89909208e+00,
         -7.14121282e-01, -1.00794101e+00, -5.18595338e-01, -1.14894354e+00,
         -1.39123690e+00, -1.20859110e+00,  2.05953956e+00, -6.42632246e-01,
          9.34415638e-01,  1.60430580e-01, -1.65348053e+00,  1.97071350e+00,
         -2.05894923e+00, -1.59142649e+00,  2.11909980e-01,  7.68146276e-01,
         -2.16592193e+00,  4.59585413e-02,  2.22552836e-01, -2.21490574e+00,
          4.86392289e-01,  2.34269798e-01,  2.07055688e-01, -5.83033860e-01,
         -6.34444803e-02,  4.98140275e-01, -1.84170175e+00, -9.09508467e-02,
         -1.83919036e+00, -3.13575953e-01, -1.42526555e+00, -1.82927644e+00,
         -1.29001892e+00, -3.04936862e+00, -2.71933866e+00, -1.73276091e+00,
         -1.63982904e+00, -2.75441003e+00, -1.69289857e-01,  1.15904188e+00]],
       device='cuda:0')
Adv example prediction (first 2 examples and 2 restarts):
 tensor([[[-1.00209880e+00,  1.74489927e+00, -1.66326880e+00, -2.13468599e+00,
          -1.47221327e+00,  1.75997451e-01, -7.52946377e-01, -1.95779896e+00,
          -1.86183643e+00, -1.51659036e+00, -1.33720803e+00, -4.18148130e-01,
          -3.70481730e-01, -1.25028574e+00, -1.08416282e-01,  2.72120163e-02,
          -9.36085939e-01, -1.48169386e+00, -6.59871161e-01, -1.00777209e+00,
          -1.08792090e+00, -8.25347960e-01, -1.46886587e-01, -1.37164724e+00,
          -7.37457097e-01, -1.40494120e+00, -3.06791514e-01, -1.08770382e+00,
          -1.24310029e+00,  1.96152285e-01, -1.85711706e+00,  5.47600985e-02,
          -1.31766975e+00, -2.10259771e+00, -1.54240453e+00, -1.49615014e+00,
           8.78459215e-01, -1.98266506e+00, -1.77143186e-01, -1.61691749e+00,
           1.73427492e-01, -1.69534111e+00, -1.90416455e+00, -1.07757533e+00,
          -9.65787232e-01, -1.15675473e+00,  2.04145610e-01, -1.18402016e+00,
          -2.17891979e+00, -4.13700253e-01,  2.51579791e-01, -2.53671122e+00,
          -2.73843914e-01,  5.00160605e-02, -8.68520617e-01, -1.64157736e+00,
          -7.25239635e-01, -1.82439804e+00, -1.55958652e-01, -2.52799988e-01,
          -3.34237993e-01, -1.16368413e+00, -1.38859010e+00,  1.68289796e-01,
          -4.58562076e-01, -6.38574183e-01, -8.99263561e-01, -4.40568835e-01,
          -1.48329198e+00, -1.91342473e+00, -2.13291988e-01,  2.72544771e-01,
           3.66138577e-01,  1.66945744e+00,  6.77969992e-01,  1.10441971e+00,
           2.97228575e-01,  1.31594610e+00,  5.20356238e-01,  1.50433481e+00,
          -2.13130340e-02, -2.37396741e+00, -1.38427579e+00, -1.66095626e+00,
          -8.01830947e-01, -9.55044091e-01, -1.84959781e+00,  1.41478285e-01,
           2.47420445e-01, -1.23676705e+00, -6.06128097e-01, -1.05806577e+00,
          -2.67410994e-01, -3.67091745e-01,  3.99332225e-01, -1.96349657e+00,
           2.92946063e-02, -1.01629829e+00,  7.70823777e-01, -9.31219399e-01,
           4.66021657e-01, -1.68294990e+00, -1.88063252e+00,  1.24687016e+00,
          -1.91569877e+00, -2.48576736e+00, -1.49358344e+00, -2.64084578e-01,
          -1.04884768e+00, -1.87115812e+00, -4.46837991e-01,  2.31570959e+00,
          -6.54636443e-01, -1.08414732e-01, -6.42183065e-01, -1.94769311e+00,
          -1.66384780e+00, -2.91836150e-02, -1.02648485e+00, -2.35411978e+00,
          -2.12016630e+00, -1.82917655e+00, -1.56129909e+00, -2.71886063e+00,
          -1.98235035e+00, -1.88201344e+00,  1.47692040e-02, -5.25339127e-01,
           6.01843655e-01,  6.10471964e-01,  2.60296613e-01, -5.13130784e-01,
           6.06107712e-01, -7.08149016e-01, -4.33064997e-05, -5.47574043e-01,
          -9.36098933e-01,  2.75309652e-01, -1.26128721e+00, -2.03318715e+00,
          -2.24807119e+00,  3.04947317e-01, -5.69340587e-01, -8.17558289e-01,
          -8.75856757e-01, -1.42598212e+00, -2.31820273e+00, -2.14368980e-02,
          -1.68237314e-01, -7.25362957e-01, -1.71252668e+00, -8.25549513e-02,
          -1.18905711e+00, -9.41497758e-02, -5.28371751e-01, -8.10245037e-01,
          -8.95715177e-01, -4.05750275e-01, -1.24709725e+00, -9.50736523e-01,
          -1.20464051e+00, -2.88024604e-01,  1.95778266e-01, -8.92743051e-01,
          -8.11355650e-01, -6.10663295e-01, -1.06852961e+00, -1.13309348e+00,
          -2.40515769e-01, -1.02958345e+00, -9.64626372e-01, -7.30927229e-01,
          -1.11164248e+00, -9.78556335e-01, -1.21981871e+00, -1.02469981e+00,
          -1.59785891e+00, -5.59129059e-01, -2.47604772e-03, -1.49641466e+00,
          -1.87123311e+00, -4.11766410e-01, -2.16795236e-01, -7.61657059e-01,
          -4.72743288e-02, -3.27131033e-01, -3.34911913e-01,  1.74804460e-02,
          -1.13044894e+00, -1.36029732e+00, -8.11619937e-01,  9.48064998e-02,
          -6.48524165e-01, -1.02056956e+00, -9.67077255e-01,  4.81312841e-01,
          -7.76512623e-01, -1.34636354e+00, -1.60835910e+00, -1.29214615e-01,
          -8.31786931e-01, -9.31551456e-01, -6.83123529e-01,  7.29419589e-01,
          -3.56069893e-01, -7.97629237e-01, -1.12329221e+00, -5.28954327e-01,
          -9.11719024e-01, -6.64528430e-01, -1.74843633e+00, -5.19303679e-01,
          -5.20197928e-01, -8.12734246e-01, -1.01150918e+00, -6.74529910e-01,
          -1.01892936e+00, -2.99314052e-01, -7.81239092e-01, -8.98223937e-01,
          -5.64394653e-01, -1.97484955e-01, -8.00683081e-01,  2.35722601e-01,
           1.47934794e-01, -1.29511428e+00, -1.02046525e+00, -1.16116130e+00,
          -1.16118956e+00, -1.62585214e-01, -1.22411621e+00, -7.28571355e-01,
          -5.70825458e-01, -7.57662892e-01, -4.21328962e-01, -5.63162863e-01,
          -8.54568481e-01, -4.44857180e-01, -1.11187863e+00, -2.07863867e-01,
          -5.55974543e-01, -8.12991321e-01, -2.29040563e-01, -1.88267970e+00,
          -8.85075808e-01, -4.82571661e-01, -1.69474292e+00, -6.19017959e-01,
          -4.61093724e-01, -2.40812674e-01, -7.17000604e-01, -9.79141176e-01,
          -2.59499371e-01, -3.13028634e-01,  6.26643598e-01, -1.49803507e+00,
          -1.10260284e+00, -2.09885597e-01, -5.28199434e-01,  2.21417591e-01,
           4.50118966e-02, -9.93975520e-01, -1.16020167e+00, -5.81728041e-01,
          -7.96779156e-01,  1.98661596e-01, -8.58471632e-01, -7.48570383e-01,
          -1.89037526e+00, -2.17346370e-01, -7.47135997e-01, -3.14430982e-01,
          -8.91976207e-02, -4.76311892e-02, -8.86148751e-01, -7.83608735e-01,
          -9.11765456e-01,  2.78872550e-01, -8.75880539e-01, -4.60286364e-02,
          -3.94427627e-01,  8.51073623e-01,  9.79582012e-01,  1.74372184e+00,
           1.66608763e+00,  4.59515512e-01, -1.28954720e+00, -7.91289687e-01,
          -1.06364965e+00, -1.69881380e+00, -1.24955022e+00, -1.08168340e+00,
          -8.55437994e-01, -3.72946650e-01, -1.39690101e+00, -1.06721091e+00,
           3.15550752e-02, -1.23142052e+00, -1.98586297e+00, -1.00330877e+00,
          -1.89302957e+00, -9.75082442e-02, -3.24435562e-01, -6.11458719e-01,
          -1.27588975e+00, -2.08227015e+00, -1.49076805e-01, -5.62498152e-01,
          -6.12597577e-02, -7.27230668e-01,  1.35328424e+00, -4.66907471e-02,
          -6.01142168e-01,  1.19189167e+00,  9.65376914e-01,  2.44903952e-01,
          -9.84814644e-01, -1.54540741e+00,  4.66839582e-01,  5.70100665e-01,
           7.44404942e-02, -2.05070400e+00, -1.97331727e+00, -1.31647491e+00,
          -1.95826757e+00, -2.36146116e+00, -1.95299256e+00, -1.20729053e+00,
          -1.73729479e+00, -2.18945765e+00, -6.63052976e-01,  1.52362555e-01,
           7.20709980e-01, -1.09141693e-01, -6.12376690e-01, -1.04628468e+00,
          -2.47272372e+00,  8.41456592e-01,  4.60309163e-02, -1.67297709e+00,
          -1.06999457e+00, -1.19414508e+00, -1.78587079e+00, -1.89806473e+00,
          -1.04754925e+00, -1.65317369e+00, -1.37071681e+00, -1.09138763e+00,
          -3.00881577e+00, -2.22472525e+00, -2.45455241e+00, -1.76978683e+00,
          -1.67070091e+00, -1.41683614e+00, -1.44624591e+00, -1.81011534e+00,
          -2.63359398e-01, -4.64559346e-01, -3.74125615e-02, -2.96921849e-01,
          -6.34216249e-01,  4.35532689e-01,  1.06156468e-02, -8.24602485e-01,
          -2.00718331e+00, -9.87384975e-01, -1.41654611e+00, -1.19218504e+00,
          -1.02054822e+00, -1.47614098e+00, -1.09953511e+00, -1.93028080e+00,
          -1.22079253e+00, -1.14989889e+00, -9.93051410e-01, -1.82307172e+00,
          -6.27858341e-01, -7.11188257e-01, -5.95416188e-01, -1.69209123e+00,
          -5.99807262e-01, -1.31662071e+00, -9.17507112e-01, -1.14061964e+00,
          -9.72914040e-01, -1.16852236e+00, -1.53170419e+00, -1.44688606e+00,
          -1.89920056e+00, -2.81014204e-01, -1.32877886e+00, -6.53320372e-01,
          -5.88831365e-01, -1.86630011e+00, -8.72214556e-01,  2.06020445e-01,
          -1.95484293e+00, -1.82584584e+00,  4.66192752e-01,  6.80624545e-01,
          -5.52931964e-01,  9.23808157e-01,  5.98219335e-01, -8.73086691e-01,
          -4.93545830e-02,  1.21429873e+00,  6.73244819e-02,  1.31694257e-01,
          -1.58614016e+00,  3.54941177e+00, -9.91067290e-01,  1.93885243e+00,
           4.29610014e-01,  1.05376875e+00,  1.01085877e+00, -4.04508710e-01,
           2.40605974e+00,  1.23993778e+00,  2.83741140e+00,  1.54215813e+00,
           4.18109804e-01,  9.62985337e-01,  3.56435739e-02, -5.60170934e-02,
           6.83978915e-01,  8.07641804e-01,  1.71418047e+00, -6.39054298e-01,
          -3.46058041e-01, -2.94209987e-01, -7.99817860e-01, -8.55238736e-02,
           7.60134935e-01,  8.44492555e-01,  8.84334087e-01,  2.11325479e+00,
          -1.64591506e-01, -9.91562903e-02,  1.94948995e+00,  4.37728524e-01,
           7.35560954e-02,  1.69343674e+00,  3.05234045e-01,  1.74077964e+00,
          -6.94526553e-01, -4.93146062e-01,  4.22639751e+00,  3.31510663e-01,
           1.68916643e-01,  1.09699023e+00, -7.18429983e-01,  5.98024726e-01,
          -7.17897952e-01,  1.24458766e+00, -9.20239925e-01,  2.34874189e-01,
           1.35027242e+00,  7.00695276e-01, -1.39453620e-01,  6.73623085e-01,
          -1.88254333e+00,  1.18631825e-01,  2.52887130e+00, -2.25870386e-02,
           1.36342537e+00,  1.47691035e+00, -6.51971459e-01, -1.83043504e+00,
           5.23896754e-01,  1.85746357e-01,  1.36415684e+00, -1.32447386e+00,
           4.37028915e-01,  1.13555694e+00, -1.02143276e+00,  1.52134538e+00,
           8.07577521e-02,  5.78236341e-01,  9.72112775e-01, -3.62624377e-01,
           3.34874678e+00,  2.34356403e+00,  1.72224438e+00, -1.06552243e+00,
          -1.08249998e+00,  2.13005161e+00,  8.42740774e-01,  2.72514629e+00,
           3.35847020e-01, -5.44380546e-01,  2.06266567e-01, -2.93653518e-01,
           1.65506268e+00,  1.76266015e+00,  1.93753266e+00,  1.25723708e+00,
           3.49562973e-01,  3.47487628e-01,  1.46947646e+00,  3.08504057e+00,
          -2.40958738e+00, -1.39269024e-01, -9.40796018e-01,  7.40163147e-01,
           1.20701957e+00,  5.28541923e-01, -1.34106421e+00,  1.78719187e+00,
           1.76542437e+00, -1.56019926e+00, -4.35960114e-01, -2.04084083e-01,
           7.75891304e-01, -1.93110242e-01, -1.01300251e+00, -8.79585087e-01,
          -1.24307323e+00,  4.63784158e-01,  5.22622168e-01,  2.51457870e-01,
           4.84533198e-02,  5.24576485e-01, -7.10127115e-01,  4.36418086e-01,
          -4.99962568e-01, -1.55131519e+00,  1.73148537e+00,  2.50696039e+00,
           6.12882555e-01,  4.20764923e-01,  3.52303195e+00,  1.94141328e+00,
           1.15490139e+00,  7.53654599e-01,  3.13825202e+00, -1.40216184e+00,
          -1.19517708e+00, -1.16684639e+00, -1.35340959e-01,  3.31147337e+00,
          -2.25108698e-01, -9.48798418e-01,  2.14485550e+00,  1.11332387e-01,
          -5.93186796e-01,  1.16983533e+00,  5.71962237e-01, -2.01225615e+00,
           1.88311374e+00,  4.28881931e+00, -1.42433196e-01,  7.53986537e-01,
           9.74288821e-01,  2.69569683e+00, -6.85039580e-01, -1.32175654e-01,
           4.74001026e+00,  1.77332175e+00,  1.27868927e+00,  1.00466692e+00,
          -9.52210128e-01,  8.77282470e-02,  1.96172833e+00,  2.07669187e+00,
           7.12485433e-01,  1.65160131e+00, -6.14752352e-01,  4.79648620e-01,
          -3.70923370e-01, -1.40012908e+00,  6.22242808e-01,  2.35246703e-01,
           1.16373312e+00, -4.29208279e-01,  2.13561743e-01, -2.17156395e-01,
          -7.86388934e-01,  1.14453590e+00,  4.68453348e-01,  2.12466955e+00,
           4.22285289e-01,  3.84828985e-01, -1.43186104e+00,  1.25276610e-01,
           1.79457152e+00,  1.16124690e+00, -9.93393540e-01,  1.69238198e+00,
           1.83082187e+00,  1.48262203e+00,  1.94115388e+00,  4.57163286e+00,
           1.25248003e+00,  1.64934671e+00,  1.31478816e-01, -8.37579310e-01,
           1.63323414e+00, -7.34992623e-01,  2.65074039e+00,  1.67221749e+00,
           1.91521573e+00, -1.15862571e-01,  1.96861410e+00, -1.79805863e+00,
           1.72917235e+00,  2.95586252e+00,  1.92928898e+00,  2.06846550e-01,
           5.00559986e-01, -3.44690830e-01,  1.51701880e+00,  1.48579848e+00,
          -1.58266753e-01,  1.49937403e+00,  3.38945001e-01,  1.02695930e+00,
           8.84415805e-01,  2.37848416e-01,  1.50203824e+00,  3.55980968e+00,
           3.48982549e+00,  3.73468488e-01,  9.71171975e-01,  2.25562692e+00,
          -4.98192400e-01, -7.39111483e-01,  1.95057154e+00,  2.86776930e-01,
          -1.00258636e+00,  1.60374761e+00, -2.33594626e-01,  5.97590446e-01,
           3.36554742e+00,  1.09313154e+00, -1.39037764e+00,  6.99340641e-01,
           2.47705913e+00,  6.13576889e-01,  2.80561030e-01,  1.49644762e-01,
          -1.43414605e+00,  5.36610365e-01,  3.65883783e-02, -5.00786662e-01,
           2.36138439e+00, -1.68689132e+00,  7.48840451e-01,  9.73538816e-01,
           2.81301093e+00, -2.42399406e+00,  2.16793346e+00,  5.09897947e+00,
          -1.02746844e+00, -1.90597817e-01, -7.48786747e-01,  1.36581254e+00,
          -2.69216120e-01,  8.46606851e-01, -7.78271437e-01,  7.70204067e-01,
           8.67275953e-01, -1.31894314e+00,  2.33465528e+00, -1.78579700e+00,
           4.20375538e+00, -2.32333615e-02, -6.03777468e-01, -2.56961524e-01,
          -7.02458620e-01,  2.28739929e+00,  1.76457405e-01, -5.82547009e-01,
          -3.98155212e-01,  1.79759812e+00,  5.94394863e-01,  4.11924005e-01,
          -8.20745409e-01,  1.20274246e+00,  3.00573826e-01, -5.40102184e-01,
           1.10367239e+00,  2.85700607e+00, -8.53483498e-01,  1.16309738e+00,
           2.49900863e-01,  1.08691442e+00,  4.54953760e-01, -3.47689420e-01,
           3.90110755e+00, -4.30234134e-01, -3.07386732e+00,  2.43675411e-02,
           2.59550095e+00,  8.26651216e-01,  8.86532292e-02,  1.42551649e+00,
           2.70949221e+00, -1.97926506e-01, -9.68330264e-01,  1.14379835e+00,
           1.66385365e+00,  9.70317781e-01,  1.13104069e+00,  5.92695363e-02,
           1.63761139e+00, -7.66587794e-01, -7.25920856e-01,  1.82346022e+00,
          -1.20786745e-02,  3.06358504e+00,  6.92734480e-01,  1.89205348e+00,
           2.23165488e+00,  1.79302740e+00,  8.06256413e-01, -1.05315554e+00,
           3.04197401e-01, -6.96709037e-01,  6.40011251e-01,  1.18306383e-01,
           8.45622122e-01,  1.26449442e+00,  1.95926678e+00, -3.61972988e-01,
          -1.74332309e+00,  9.89837766e-01, -2.20689222e-01,  5.49912632e-01,
           1.17815948e+00,  8.50560963e-01, -1.67599964e+00,  1.63374817e+00,
           1.38313901e+00,  1.96285951e+00, -1.08033633e+00, -2.31021747e-01,
           1.51261628e+00, -5.52906618e-02,  8.32223520e-02, -1.35799193e+00,
          -2.12620333e-01,  3.05535007e+00,  7.78054178e-01, -5.93029976e-01,
           1.25901771e+00,  2.47756147e+00,  1.38450861e+00,  1.33178258e+00,
           1.60225272e+00,  1.81070030e+00,  1.22028816e+00,  6.35723695e-02,
           1.44065642e+00,  3.49321461e+00,  2.40277004e+00, -1.23596919e+00,
           4.49427605e-01, -1.74566843e-02,  6.65756583e-01,  1.44382107e+00,
           2.49833918e+00,  2.24801373e+00, -1.78319946e-01,  1.78693330e+00,
           1.98517823e+00,  9.75053757e-02,  2.30296707e+00,  1.91922998e+00,
          -1.45514524e+00,  2.13929772e+00, -7.06519842e-01,  2.44695544e+00,
           2.10356259e+00,  9.39482093e-01, -5.30980766e-01,  1.43547177e-01,
           9.32862699e-01,  1.23166752e+00,  1.00029624e+00, -4.49194610e-02,
          -4.57613885e-01,  1.57763350e+00,  4.37792349e+00,  1.15467703e+00,
           2.40877724e+00, -5.12169361e-01,  3.78928512e-01,  2.37291545e-01,
          -6.83811665e-01,  3.46414351e+00,  5.20254672e-01,  4.88620967e-01,
           1.00548780e+00,  1.05151534e+00,  4.14149714e+00,  9.31205094e-01,
           5.22291720e-01,  6.29036605e-01,  2.05275917e+00,  3.18096304e+00,
           7.53188074e-01, -7.47587442e-01, -2.91914433e-01,  7.77379200e-02,
           1.05053616e+00, -4.09976184e-01, -2.91605383e-01,  1.15034080e+00,
          -1.72124898e+00,  2.79377639e-01,  2.10935426e+00,  3.15517640e+00,
           1.54981458e+00,  1.56398451e+00,  3.49033982e-01,  2.26347518e+00,
          -3.52465928e-01,  3.11907262e-01,  2.40830994e+00,  1.62104988e+00,
          -1.97139466e+00, -6.62977219e-01, -5.52649379e-01,  6.36404932e-01,
           4.75762546e-01, -1.49618769e+00,  1.67479229e+00,  2.48554063e+00,
           1.55846906e+00, -1.20032096e+00, -2.34624103e-01,  2.08910847e+00,
          -1.19996500e+00, -9.10373449e-01,  3.12678397e-01, -1.45819163e+00,
           4.36381161e-01,  5.10787725e-01,  5.95712006e-01, -5.04957475e-02,
           1.91484809e+00, -4.10614938e-01,  5.95045865e-01,  9.19802010e-01,
           3.40564442e+00,  2.53140068e+00,  2.31456447e+00, -1.25177824e+00,
           2.09249949e+00,  2.05924168e-01, -3.78823966e-01,  5.01747179e+00,
           1.00960517e+00, -8.64332199e-01,  3.75197244e+00,  1.06814694e+00,
          -2.30014014e+00, -9.43183154e-02,  1.00954488e-01,  2.02118468e+00,
           7.12610304e-01,  1.42714489e+00,  5.09955049e-01, -1.43296647e+00,
          -1.11513138e+00, -1.18070328e+00, -9.46461618e-01,  7.18688071e-01,
           4.38376904e+00, -8.47648084e-01,  8.65292735e-03, -2.55881280e-01,
           1.94822621e+00, -4.30692315e-01, -2.05422425e+00,  5.12294054e-01,
           1.84049833e+00,  7.72090375e-01,  9.63242769e-01,  1.64372969e+00,
           1.29430985e+00,  2.13470793e+00,  1.38400984e+00,  1.07854831e+00,
          -2.46912092e-01,  2.49416709e+00,  1.40012693e+00, -3.15696508e-01,
          -9.46871161e-01,  1.05413520e+00, -8.10900331e-01,  3.92760783e-01,
           4.65898848e+00,  2.11064672e+00,  3.05951476e+00, -9.05474424e-01,
           1.76317656e+00,  1.97514498e+00,  1.67159450e+00,  8.79699409e-01,
          -3.02145541e-01, -6.21617675e-01,  1.68502665e+00,  7.43436337e-01,
           6.36780787e+00,  7.08992815e+00,  1.11551416e+00,  1.16690978e-01,
           6.42567515e-01, -2.62499470e-02,  1.04477555e-01,  1.52632308e+00,
          -1.84114492e+00, -1.85925603e+00, -5.20472705e-01, -1.35629833e+00,
           3.02896118e+00,  2.92533636e-01,  1.92002818e-01,  7.44652331e-01,
           1.83494413e+00,  3.25388455e+00,  2.16110659e+00, -3.25687915e-01,
          -2.31225634e+00,  1.02033377e+00, -9.54910457e-01, -9.86231983e-01,
          -1.36258984e+00,  3.78809795e-02, -6.17527008e-01, -1.25786960e+00,
          -1.19690847e+00, -2.10299563e+00, -1.06568646e+00, -1.47177172e+00,
          -1.39267218e+00, -1.62191725e+00, -1.28521359e+00, -7.71735787e-01,
          -1.37593985e+00, -1.45283008e+00, -4.31935579e-01, -6.98005736e-01,
          -2.91166472e+00, -9.51904953e-01, -1.88187730e+00, -9.95560169e-01,
           1.82934366e-02,  5.84611058e-01,  5.68971157e-01, -8.54237005e-03,
          -1.69834316e+00, -7.51911879e-01, -2.27263555e-01, -2.02950358e+00,
          -1.95094228e+00, -4.43928063e-01, -6.15211487e-01, -1.87704909e+00,
          -7.03251779e-01, -1.01314199e+00, -5.16094446e-01, -1.16095328e+00,
          -1.38239765e+00, -1.22393274e+00,  2.04122210e+00, -6.27472401e-01,
           9.32540596e-01,  1.71691075e-01, -1.65307188e+00,  1.94889128e+00,
          -2.05164385e+00, -1.61210144e+00,  2.24170804e-01,  7.34330475e-01,
          -2.16074586e+00,  2.65607163e-02,  2.16895461e-01, -2.21271586e+00,
           4.79795724e-01,  2.17910275e-01,  1.87930241e-01, -6.00127161e-01,
          -7.24264830e-02,  4.86934096e-01, -1.83271396e+00, -1.00666225e-01,
          -1.82401097e+00, -3.18709105e-01, -1.41362834e+00, -1.82345831e+00,
          -1.32318330e+00, -3.03413033e+00, -2.71421766e+00, -1.72359002e+00,
          -1.63029706e+00, -2.75673461e+00, -1.81251556e-01,  1.15202379e+00]]],
       device='cuda:0')
PGD attack margin (first 2 examples and 10 specs):
 tensor([[[0.96672630]]], device='cuda:0')
number of violation:  0
Attack finished in 8.3049 seconds.
PGD attack failed
verified_status unknown
verified_success False
Total VNNLIB file length: 1, max property batch size: 1, total number of batches: 1

Properties batch 0, size 1
Remaining timeout: 1149.0554475784302
Verifying property 0 with 1 instances.
torch allclose failed: norm 8.889588571037166e-06
Model: BoundedModule(
  (/input-1): BoundInput(name=/input-1, inputs=[], perturbed=True)
  (/33): BoundParams(name=/33, inputs=[], perturbed=False)
  (/34): BoundParams(name=/34, inputs=[], perturbed=False)
  (/35): BoundParams(name=/35, inputs=[], perturbed=False)
  (/36): BoundParams(name=/36, inputs=[], perturbed=False)
  (/37): BoundParams(name=/37, inputs=[], perturbed=False)
  (/38): BoundParams(name=/38, inputs=[], perturbed=False)
  (/39): BoundParams(name=/39, inputs=[], perturbed=False)
  (/40): BoundParams(name=/40, inputs=[], perturbed=False)
  (/41): BoundParams(name=/41, inputs=[], perturbed=False)
  (/42): BoundParams(name=/42, inputs=[], perturbed=False)
  (/43): BoundParams(name=/43, inputs=[], perturbed=False)
  (/44): BoundParams(name=/44, inputs=[], perturbed=False)
  (/45): BoundParams(name=/45, inputs=[], perturbed=False)
  (/46): BoundParams(name=/46, inputs=[], perturbed=False)
  (/47): BoundParams(name=/47, inputs=[], perturbed=False)
  (/48): BoundParams(name=/48, inputs=[], perturbed=False)
  (/49): BoundParams(name=/49, inputs=[], perturbed=False)
  (/50): BoundParams(name=/50, inputs=[], perturbed=False)
  (/51): BoundParams(name=/51, inputs=[], perturbed=False)
  (/52): BoundParams(name=/52, inputs=[], perturbed=False)
  (/53): BoundParams(name=/53, inputs=[], perturbed=False)
  (/54): BoundParams(name=/54, inputs=[], perturbed=False)
  (/55): BoundParams(name=/55, inputs=[], perturbed=False)
  (/56): BoundParams(name=/56, inputs=[], perturbed=False)
  (/57): BoundParams(name=/57, inputs=[], perturbed=False)
  (/58): BoundParams(name=/58, inputs=[], perturbed=False)
  (/59): BoundParams(name=/59, inputs=[], perturbed=False)
  (/60): BoundParams(name=/60, inputs=[], perturbed=False)
  (/61): BoundParams(name=/61, inputs=[], perturbed=False)
  (/62): BoundParams(name=/62, inputs=[], perturbed=False)
  (/63): BoundParams(name=/63, inputs=[], perturbed=False)
  (/64): BoundParams(name=/64, inputs=[], perturbed=False)
  (/input): BoundConv(name=/input, inputs=[/input-1, /33, /34], perturbed=True)
  (/66): BoundRelu(name=/66, inputs=[/input], perturbed=True)
  (/input-4): BoundConv(name=/input-4, inputs=[/66, /35, /36], perturbed=True)
  (/68): BoundRelu(name=/68, inputs=[/input-4], perturbed=True)
  (/input-12): BoundConv(name=/input-12, inputs=[/input-8/add_3_4, /37, /38], perturbed=True)
  (/71): BoundRelu(name=/71, inputs=[/input-12], perturbed=True)
  (/input-16): BoundConv(name=/input-16, inputs=[/71, /39, /40], perturbed=True)
  (/73): BoundRelu(name=/73, inputs=[/input-16], perturbed=True)
  (/input-24): BoundConv(name=/input-24, inputs=[/input-20/add_3_4, /41, /42], perturbed=True)
  (/76): BoundRelu(name=/76, inputs=[/input-24], perturbed=True)
  (/input-28): BoundConv(name=/input-28, inputs=[/76, /43, /44], perturbed=True)
  (/78): BoundRelu(name=/78, inputs=[/input-28], perturbed=True)
  (/input-32): BoundConv(name=/input-32, inputs=[/78, /45, /46], perturbed=True)
  (/80): BoundRelu(name=/80, inputs=[/input-32], perturbed=True)
  (/input-40): BoundConv(name=/input-40, inputs=[/input-36/add_3_4, /47, /48], perturbed=True)
  (/83): BoundRelu(name=/83, inputs=[/input-40], perturbed=True)
  (/input-44): BoundConv(name=/input-44, inputs=[/83, /49, /50], perturbed=True)
  (/85): BoundRelu(name=/85, inputs=[/input-44], perturbed=True)
  (/input-48): BoundConv(name=/input-48, inputs=[/85, /51, /52], perturbed=True)
  (/87): BoundRelu(name=/87, inputs=[/input-48], perturbed=True)
  (/input-56): BoundConv(name=/input-56, inputs=[/input-52/add_3_4, /53, /54], perturbed=True)
  (/90): BoundRelu(name=/90, inputs=[/input-56], perturbed=True)
  (/input-60): BoundConv(name=/input-60, inputs=[/90, /55, /56], perturbed=True)
  (/92): BoundRelu(name=/92, inputs=[/input-60], perturbed=True)
  (/input-64): BoundConv(name=/input-64, inputs=[/92, /57, /58], perturbed=True)
  (/94): BoundRelu(name=/94, inputs=[/input-64], perturbed=True)
  (/96): BoundFlatten(name=/96, inputs=[/95/add_3_4], perturbed=True)
  (/input-68): BoundLinear(name=/input-68, inputs=[/96, /59, /60], perturbed=True)
  (/98): BoundRelu(name=/98, inputs=[/input-68], perturbed=True)
  (/99): BoundFlatten(name=/99, inputs=[/98], perturbed=True)
  (/input-72): BoundLinear(name=/input-72, inputs=[/99, /61, /62], perturbed=True)
  (/101): BoundRelu(name=/101, inputs=[/input-72], perturbed=True)
  (/102): BoundFlatten(name=/102, inputs=[/101], perturbed=True)
  (/103): BoundLinear(name=/103, inputs=[/102, /63, /64], perturbed=True)
  (/input-8/conv_1): BoundConv(name=/input-8/conv_1, inputs=[/68, /input-8/conv_1_w], perturbed=True)
  (/input-8/conv_1_relu): BoundRelu(name=/input-8/conv_1_relu, inputs=[/input-8/conv_1], perturbed=True)
  (/input-8/conv_1_w): BoundParams(name=/input-8/conv_1_w, inputs=[], perturbed=False)
  (/input-8/conv_2): BoundConv(name=/input-8/conv_2, inputs=[/68, /input-8/conv_2_w], perturbed=True)
  (/input-8/conv_2_w): BoundParams(name=/input-8/conv_2_w, inputs=[], perturbed=False)
  (/input-8/conv_3): BoundConv(name=/input-8/conv_3, inputs=[/input-8/add_1_2, /input-8/conv_3_w], perturbed=True)
  (/input-8/conv_3_relu): BoundRelu(name=/input-8/conv_3_relu, inputs=[/input-8/conv_3], perturbed=True)
  (/input-8/conv_3_w): BoundParams(name=/input-8/conv_3_w, inputs=[], perturbed=False)
  (/input-8/conv_4): BoundConv(name=/input-8/conv_4, inputs=[/input-8/add_1_2, /input-8/conv_4_w], perturbed=True)
  (/input-8/conv_4_w): BoundParams(name=/input-8/conv_4_w, inputs=[], perturbed=False)
  (/input-8/add_1_2): BoundAdd(name=/input-8/add_1_2, inputs=[/input-8/conv_1_relu, /input-8/conv_2], perturbed=True)
  (/input-8/add_3_4): BoundAdd(name=/input-8/add_3_4, inputs=[/input-8/conv_3_relu, /input-8/conv_4], perturbed=True)
  (/input-20/conv_1): BoundConv(name=/input-20/conv_1, inputs=[/73, /input-20/conv_1_w], perturbed=True)
  (/input-20/conv_1_relu): BoundRelu(name=/input-20/conv_1_relu, inputs=[/input-20/conv_1], perturbed=True)
  (/input-20/conv_1_w): BoundParams(name=/input-20/conv_1_w, inputs=[], perturbed=False)
  (/input-20/conv_2): BoundConv(name=/input-20/conv_2, inputs=[/73, /input-20/conv_2_w], perturbed=True)
  (/input-20/conv_2_w): BoundParams(name=/input-20/conv_2_w, inputs=[], perturbed=False)
  (/input-20/conv_3): BoundConv(name=/input-20/conv_3, inputs=[/input-20/add_1_2, /input-20/conv_3_w], perturbed=True)
  (/input-20/conv_3_relu): BoundRelu(name=/input-20/conv_3_relu, inputs=[/input-20/conv_3], perturbed=True)
  (/input-20/conv_3_w): BoundParams(name=/input-20/conv_3_w, inputs=[], perturbed=False)
  (/input-20/conv_4): BoundConv(name=/input-20/conv_4, inputs=[/input-20/add_1_2, /input-20/conv_4_w], perturbed=True)
  (/input-20/conv_4_w): BoundParams(name=/input-20/conv_4_w, inputs=[], perturbed=False)
  (/input-20/add_1_2): BoundAdd(name=/input-20/add_1_2, inputs=[/input-20/conv_1_relu, /input-20/conv_2], perturbed=True)
  (/input-20/add_3_4): BoundAdd(name=/input-20/add_3_4, inputs=[/input-20/conv_3_relu, /input-20/conv_4], perturbed=True)
  (/input-36/conv_1): BoundConv(name=/input-36/conv_1, inputs=[/80, /input-36/conv_1_w], perturbed=True)
  (/input-36/conv_1_relu): BoundRelu(name=/input-36/conv_1_relu, inputs=[/input-36/conv_1], perturbed=True)
  (/input-36/conv_1_w): BoundParams(name=/input-36/conv_1_w, inputs=[], perturbed=False)
  (/input-36/conv_2): BoundConv(name=/input-36/conv_2, inputs=[/80, /input-36/conv_2_w], perturbed=True)
  (/input-36/conv_2_w): BoundParams(name=/input-36/conv_2_w, inputs=[], perturbed=False)
  (/input-36/conv_3): BoundConv(name=/input-36/conv_3, inputs=[/input-36/add_1_2, /input-36/conv_3_w], perturbed=True)
  (/input-36/conv_3_relu): BoundRelu(name=/input-36/conv_3_relu, inputs=[/input-36/conv_3], perturbed=True)
  (/input-36/conv_3_w): BoundParams(name=/input-36/conv_3_w, inputs=[], perturbed=False)
  (/input-36/conv_4): BoundConv(name=/input-36/conv_4, inputs=[/input-36/add_1_2, /input-36/conv_4_w], perturbed=True)
  (/input-36/conv_4_w): BoundParams(name=/input-36/conv_4_w, inputs=[], perturbed=False)
  (/input-36/add_1_2): BoundAdd(name=/input-36/add_1_2, inputs=[/input-36/conv_1_relu, /input-36/conv_2], perturbed=True)
  (/input-36/add_3_4): BoundAdd(name=/input-36/add_3_4, inputs=[/input-36/conv_3_relu, /input-36/conv_4], perturbed=True)
  (/input-52/conv_1): BoundConv(name=/input-52/conv_1, inputs=[/87, /input-52/conv_1_w], perturbed=True)
  (/input-52/conv_1_relu): BoundRelu(name=/input-52/conv_1_relu, inputs=[/input-52/conv_1], perturbed=True)
  (/input-52/conv_1_w): BoundParams(name=/input-52/conv_1_w, inputs=[], perturbed=False)
  (/input-52/conv_2): BoundConv(name=/input-52/conv_2, inputs=[/87, /input-52/conv_2_w], perturbed=True)
  (/input-52/conv_2_w): BoundParams(name=/input-52/conv_2_w, inputs=[], perturbed=False)
  (/input-52/conv_3): BoundConv(name=/input-52/conv_3, inputs=[/input-52/add_1_2, /input-52/conv_3_w], perturbed=True)
  (/input-52/conv_3_relu): BoundRelu(name=/input-52/conv_3_relu, inputs=[/input-52/conv_3], perturbed=True)
  (/input-52/conv_3_w): BoundParams(name=/input-52/conv_3_w, inputs=[], perturbed=False)
  (/input-52/conv_4): BoundConv(name=/input-52/conv_4, inputs=[/input-52/add_1_2, /input-52/conv_4_w], perturbed=True)
  (/input-52/conv_4_w): BoundParams(name=/input-52/conv_4_w, inputs=[], perturbed=False)
  (/input-52/add_1_2): BoundAdd(name=/input-52/add_1_2, inputs=[/input-52/conv_1_relu, /input-52/conv_2], perturbed=True)
  (/input-52/add_3_4): BoundAdd(name=/input-52/add_3_4, inputs=[/input-52/conv_3_relu, /input-52/conv_4], perturbed=True)
  (/95/conv_1): BoundConv(name=/95/conv_1, inputs=[/94, /95/conv_1_w], perturbed=True)
  (/95/conv_1_relu): BoundRelu(name=/95/conv_1_relu, inputs=[/95/conv_1], perturbed=True)
  (/95/conv_1_w): BoundParams(name=/95/conv_1_w, inputs=[], perturbed=False)
  (/95/conv_2): BoundConv(name=/95/conv_2, inputs=[/94, /95/conv_2_w], perturbed=True)
  (/95/conv_2_w): BoundParams(name=/95/conv_2_w, inputs=[], perturbed=False)
  (/95/conv_3): BoundConv(name=/95/conv_3, inputs=[/95/add_1_2, /95/conv_3_w], perturbed=True)
  (/95/conv_3_relu): BoundRelu(name=/95/conv_3_relu, inputs=[/95/conv_3], perturbed=True)
  (/95/conv_3_w): BoundParams(name=/95/conv_3_w, inputs=[], perturbed=False)
  (/95/conv_4): BoundConv(name=/95/conv_4, inputs=[/95/add_1_2, /95/conv_4_w], perturbed=True)
  (/95/conv_4_w): BoundParams(name=/95/conv_4_w, inputs=[], perturbed=False)
  (/95/add_1_2): BoundAdd(name=/95/add_1_2, inputs=[/95/conv_1_relu, /95/conv_2], perturbed=True)
  (/95/add_3_4): BoundAdd(name=/95/add_3_4, inputs=[/95/conv_3_relu, /95/conv_4], perturbed=True)
)
Model prediction is: tensor([-9.84179795e-01,  1.78342175e+00, -1.65946984e+00, -2.14096665e+00,
        -1.46826673e+00,  1.75357834e-01, -7.30330586e-01, -1.95730102e+00,
        -1.85451174e+00, -1.51710176e+00, -1.35815728e+00, -4.11743313e-01,
        -3.48076701e-01, -1.24723291e+00, -9.21046510e-02,  3.43290418e-02,
        -9.35703754e-01, -1.47425926e+00, -6.55720174e-01, -1.00309396e+00,
        -1.09267521e+00, -8.29576850e-01, -1.46691054e-01, -1.36786711e+00,
        -7.48240113e-01, -1.42012179e+00, -3.19098771e-01, -1.08758259e+00,
        -1.25191307e+00,  1.99972928e-01, -1.85585511e+00,  5.51505834e-02,
        -1.32559180e+00, -2.10358357e+00, -1.54572630e+00, -1.48802209e+00,
         9.04216170e-01, -1.97223961e+00, -1.92081586e-01, -1.61068130e+00,
         1.90654412e-01, -1.71016526e+00, -1.92022836e+00, -1.09539115e+00,
        -9.80161905e-01, -1.17258847e+00,  2.22642064e-01, -1.19960833e+00,
        -2.18232656e+00, -3.94301176e-01,  2.84640133e-01, -2.56643987e+00,
        -2.85980195e-01,  5.81210405e-02, -8.72064471e-01, -1.64797616e+00,
        -7.23807335e-01, -1.83492017e+00, -1.37307748e-01, -2.69149035e-01,
        -3.29179168e-01, -1.16626072e+00, -1.40062332e+00,  1.56723335e-01,
        -4.76025462e-01, -6.41691029e-01, -9.29536283e-01, -4.32161331e-01,
        -1.52156866e+00, -1.94049323e+00, -2.20292434e-01,  2.68676430e-01,
         3.59951258e-01,  1.65134072e+00,  6.76981688e-01,  1.08223033e+00,
         2.96893418e-01,  1.31411231e+00,  5.01041949e-01,  1.50668108e+00,
        -4.22047153e-02, -2.40017557e+00, -1.39452422e+00, -1.67768061e+00,
        -7.95280695e-01, -9.53929245e-01, -1.85696054e+00,  1.51353776e-01,
         2.76783377e-01, -1.22894156e+00, -5.86131811e-01, -1.05233443e+00,
        -2.65643388e-01, -3.53371084e-01,  4.24528301e-01, -1.98340750e+00,
         5.25773391e-02, -9.90075290e-01,  7.76342690e-01, -9.13084090e-01,
         4.94704366e-01, -1.68907261e+00, -1.89087903e+00,  1.25118268e+00,
        -1.92909002e+00, -2.49308205e+00, -1.50275803e+00, -2.42326811e-01,
        -1.03368545e+00, -1.87273872e+00, -4.42556232e-01,  2.27978230e+00,
        -6.48752511e-01, -1.11642800e-01, -6.44071519e-01, -1.93520951e+00,
        -1.67195356e+00, -4.67194356e-02, -1.01222730e+00, -2.35374641e+00,
        -2.12307382e+00, -1.83236599e+00, -1.55440629e+00, -2.71769238e+00,
        -1.97087431e+00, -1.87859976e+00,  7.28697330e-03, -5.18510997e-01,
         6.05573714e-01,  6.46344602e-01,  3.01246583e-01, -4.93055850e-01,
         6.31471932e-01, -7.01597750e-01,  2.76547186e-02, -5.45125425e-01,
        -9.13617313e-01,  2.97919959e-01, -1.26598108e+00, -2.03704786e+00,
        -2.24849796e+00,  3.26018155e-01, -5.68456292e-01, -8.08636904e-01,
        -8.53751302e-01, -1.43158591e+00, -2.34047890e+00, -2.32631769e-02,
        -1.72823817e-01, -7.29910433e-01, -1.70270526e+00, -8.67135972e-02,
        -1.21072578e+00, -9.87777635e-02, -5.47587395e-01, -8.18097770e-01,
        -8.95358205e-01, -4.11435962e-01, -1.26179099e+00, -9.55665886e-01,
        -1.21479046e+00, -2.86848545e-01,  2.01180115e-01, -8.96535635e-01,
        -8.20753455e-01, -6.18012011e-01, -1.08340251e+00, -1.16084099e+00,
        -2.39506602e-01, -1.02929842e+00, -9.63734448e-01, -7.28976250e-01,
        -1.10617685e+00, -9.81245100e-01, -1.22732234e+00, -1.03896976e+00,
        -1.60110235e+00, -5.56433499e-01,  7.03218952e-03, -1.50798464e+00,
        -1.87544191e+00, -4.22065854e-01, -2.13078350e-01, -7.68753052e-01,
        -4.34505269e-02, -3.20469350e-01, -3.28677088e-01,  1.49169695e-02,
        -1.14830410e+00, -1.36155665e+00, -8.37880790e-01,  9.98911485e-02,
        -6.38175130e-01, -1.01736867e+00, -9.89218593e-01,  4.86058533e-01,
        -7.77579308e-01, -1.35537755e+00, -1.61660516e+00, -1.28801048e-01,
        -8.46764863e-01, -9.26898956e-01, -6.92141712e-01,  7.44025826e-01,
        -3.55130374e-01, -7.87143409e-01, -1.13184059e+00, -5.21467626e-01,
        -9.04965758e-01, -6.60465479e-01, -1.76459515e+00, -5.14156044e-01,
        -5.10443985e-01, -8.00164461e-01, -1.01588511e+00, -6.63088322e-01,
        -1.02215254e+00, -2.89844424e-01, -7.69215524e-01, -8.95132124e-01,
        -5.68263352e-01, -2.06499889e-01, -8.07121396e-01,  2.43256658e-01,
         1.51860058e-01, -1.29464364e+00, -1.02105069e+00, -1.16126359e+00,
        -1.17796350e+00, -1.71879202e-01, -1.22657669e+00, -7.30603039e-01,
        -5.63727677e-01, -7.54775226e-01, -4.18908715e-01, -5.66245139e-01,
        -8.64896595e-01, -4.42823172e-01, -1.11138558e+00, -2.14345962e-01,
        -5.59262574e-01, -8.22266519e-01, -2.23167568e-01, -1.89354670e+00,
        -8.99703145e-01, -4.81627494e-01, -1.70389771e+00, -6.22510672e-01,
        -4.69709039e-01, -2.43944317e-01, -7.21925020e-01, -9.69572961e-01,
        -2.74505347e-01, -3.10767591e-01,  6.22894585e-01, -1.49608672e+00,
        -1.10925055e+00, -2.16424733e-01, -5.36130905e-01,  2.22712889e-01,
         3.68295498e-02, -1.00291145e+00, -1.17892194e+00, -5.70672095e-01,
        -7.98856199e-01,  1.95634618e-01, -8.73932898e-01, -7.58074999e-01,
        -1.90766966e+00, -2.35327601e-01, -7.64066935e-01, -3.24603796e-01,
        -1.02518633e-01, -5.13322949e-02, -8.97715867e-01, -8.08240056e-01,
        -9.25433993e-01,  2.72334576e-01, -8.87398481e-01, -5.91078028e-02,
        -4.10520107e-01,  8.49178076e-01,  9.81223643e-01,  1.73738956e+00,
         1.66868842e+00,  4.53346074e-01, -1.29703701e+00, -8.00797522e-01,
        -1.08273244e+00, -1.71230733e+00, -1.26060498e+00, -1.10350966e+00,
        -8.56840193e-01, -3.84237111e-01, -1.40661705e+00, -1.06898212e+00,
         3.95610519e-02, -1.24819005e+00, -2.00576544e+00, -1.01715922e+00,
        -1.91181576e+00, -9.16883498e-02, -3.43428612e-01, -6.23639524e-01,
        -1.28230953e+00, -2.09697771e+00, -1.58627257e-01, -5.83400726e-01,
        -7.35536441e-02, -7.23722816e-01,  1.35620344e+00, -4.92353216e-02,
        -6.07966244e-01,  1.19331396e+00,  9.64933872e-01,  2.52666175e-01,
        -9.95524168e-01, -1.53694713e+00,  4.51593727e-01,  5.77102780e-01,
         7.54733607e-02, -2.05622721e+00, -1.99010277e+00, -1.31786871e+00,
        -1.96652126e+00, -2.36415911e+00, -1.96841538e+00, -1.19827390e+00,
        -1.73125112e+00, -2.18006682e+00, -6.61818624e-01,  1.43195823e-01,
         7.15379655e-01, -7.88374990e-02, -6.12542570e-01, -1.07127106e+00,
        -2.47646904e+00,  8.69409859e-01,  6.27952814e-02, -1.67317450e+00,
        -1.06954527e+00, -1.18993056e+00, -1.79125166e+00, -1.90669346e+00,
        -1.01909781e+00, -1.65675259e+00, -1.35068977e+00, -1.09585595e+00,
        -3.02012229e+00, -2.24648333e+00, -2.48246789e+00, -1.79125273e+00,
        -1.67361343e+00, -1.43388987e+00, -1.46207881e+00, -1.81474638e+00,
        -2.57706583e-01, -4.62707579e-01, -4.27518263e-02, -3.04025412e-01,
        -6.20721459e-01,  4.27212715e-01, -8.63477588e-04, -8.29969406e-01,
        -2.01806402e+00, -9.97701705e-01, -1.43772161e+00, -1.20638978e+00,
        -1.04446614e+00, -1.49048626e+00, -1.12033355e+00, -1.94787836e+00,
        -1.22895026e+00, -1.15358293e+00, -9.97431695e-01, -1.83699119e+00,
        -6.39066100e-01, -7.31127262e-01, -5.96474767e-01, -1.69887638e+00,
        -6.18547082e-01, -1.31479585e+00, -9.22178030e-01, -1.15892458e+00,
        -9.92899716e-01, -1.17045355e+00, -1.53362656e+00, -1.45824552e+00,
        -1.90452623e+00, -2.70894080e-01, -1.32443845e+00, -6.28152788e-01,
        -6.00156963e-01, -1.84754705e+00, -8.49029243e-01,  2.16382548e-01,
        -1.94336438e+00, -1.82412338e+00,  4.62198168e-01,  6.70012593e-01,
        -5.70575058e-01,  9.33291078e-01,  5.96259952e-01, -8.78953874e-01,
        -4.20701355e-02,  1.21657634e+00,  6.87491223e-02,  1.43429667e-01,
        -1.57139122e+00,  3.52404642e+00, -9.74594653e-01,  1.99200773e+00,
         4.35038567e-01,  1.03818142e+00,  1.04173994e+00, -3.87083203e-01,
         2.41149855e+00,  1.27000439e+00,  2.82400322e+00,  1.54482114e+00,
         4.09393251e-01,  9.65173662e-01,  2.42918991e-02, -5.69787472e-02,
         7.08634496e-01,  8.33526015e-01,  1.68773758e+00, -6.34775817e-01,
        -3.34308535e-01, -3.06494147e-01, -8.08157384e-01, -6.66041374e-02,
         7.39579082e-01,  8.70606899e-01,  8.96447003e-01,  2.12892413e+00,
        -1.48728371e-01, -9.17006731e-02,  1.93970466e+00,  4.28118110e-01,
         7.67523348e-02,  1.69035459e+00,  3.09108645e-01,  1.76513672e+00,
        -7.00287879e-01, -4.77978766e-01,  4.22877979e+00,  3.34911376e-01,
         1.95805311e-01,  1.13521767e+00, -7.14891016e-01,  5.70791006e-01,
        -7.06546843e-01,  1.23246288e+00, -9.20325696e-01,  2.49449313e-01,
         1.35365069e+00,  7.07102478e-01, -1.42649949e-01,  6.76510572e-01,
        -1.87635243e+00,  1.03470296e-01,  2.53869796e+00,  4.48975712e-03,
         1.36008537e+00,  1.46578860e+00, -6.56728148e-01, -1.82629597e+00,
         5.40014207e-01,  1.74413681e-01,  1.34952343e+00, -1.33045387e+00,
         4.83301431e-01,  1.12123108e+00, -1.01830935e+00,  1.54522300e+00,
         1.16891325e-01,  5.63194215e-01,  9.84890282e-01, -3.59841436e-01,
         3.33706260e+00,  2.33429766e+00,  1.69915724e+00, -1.06626379e+00,
        -1.06661308e+00,  2.09804010e+00,  8.49856853e-01,  2.72363806e+00,
         3.18083912e-01, -5.36515296e-01,  1.95507973e-01, -3.11295301e-01,
         1.66514683e+00,  1.74765015e+00,  1.91638041e+00,  1.25421357e+00,
         3.69788647e-01,  3.47614586e-01,  1.48121309e+00,  3.07606316e+00,
        -2.40834451e+00, -1.38275608e-01, -9.26617742e-01,  7.32282221e-01,
         1.21207738e+00,  5.31943798e-01, -1.35161340e+00,  1.75866568e+00,
         1.76196527e+00, -1.53408337e+00, -4.32997286e-01, -1.90806106e-01,
         7.49518871e-01, -2.09819317e-01, -1.01578736e+00, -8.69624555e-01,
        -1.23460591e+00,  4.72366244e-01,  5.25724828e-01,  2.51287818e-01,
         6.51506037e-02,  5.27286172e-01, -7.04173267e-01,  4.40302402e-01,
        -5.04521430e-01, -1.53923929e+00,  1.73006260e+00,  2.50102592e+00,
         6.06545150e-01,  4.49976206e-01,  3.50532556e+00,  1.93121660e+00,
         1.15774667e+00,  7.64062166e-01,  3.11183000e+00, -1.41371250e+00,
        -1.17983174e+00, -1.17051351e+00, -1.23572767e-01,  3.32513762e+00,
        -2.36511558e-01, -9.56264079e-01,  2.13560057e+00,  1.06488109e-01,
        -5.84334135e-01,  1.16322863e+00,  5.68367302e-01, -2.00696564e+00,
         1.87157106e+00,  4.30902004e+00, -1.64063290e-01,  7.40235031e-01,
         9.85206187e-01,  2.68216038e+00, -6.72997236e-01, -1.08009934e-01,
         4.72176933e+00,  1.81390274e+00,  1.27255642e+00,  1.01773608e+00,
        -9.53350961e-01,  9.26398784e-02,  1.98626196e+00,  2.07221842e+00,
         7.25617766e-01,  1.67819929e+00, -6.31795645e-01,  4.56972986e-01,
        -3.68544757e-01, -1.39000201e+00,  6.20416284e-01,  2.31574357e-01,
         1.16706407e+00, -4.13001299e-01,  1.95197850e-01, -1.94907248e-01,
        -7.65768707e-01,  1.12566411e+00,  4.82908547e-01,  2.14156723e+00,
         4.58742321e-01,  4.07628834e-01, -1.41478312e+00,  1.00436196e-01,
         1.79727280e+00,  1.14575183e+00, -1.00063872e+00,  1.69033408e+00,
         1.85564888e+00,  1.48109150e+00,  1.92223370e+00,  4.60358429e+00,
         1.22835112e+00,  1.63468981e+00,  1.28699496e-01, -8.26403916e-01,
         1.61323714e+00, -7.51487255e-01,  2.66104245e+00,  1.66698921e+00,
         1.90505469e+00, -1.19268470e-01,  1.97406507e+00, -1.80007637e+00,
         1.69959664e+00,  2.95891237e+00,  1.93731081e+00,  2.01992288e-01,
         5.12562454e-01, -3.31876338e-01,  1.52994299e+00,  1.51445079e+00,
        -1.48035452e-01,  1.49121380e+00,  3.67803454e-01,  1.02327371e+00,
         8.76734436e-01,  2.37184271e-01,  1.49594820e+00,  3.57580948e+00,
         3.49847221e+00,  3.99051696e-01,  9.62285876e-01,  2.23757315e+00,
        -5.03836572e-01, -7.12950170e-01,  1.93948817e+00,  2.75691986e-01,
        -9.98574257e-01,  1.58937025e+00, -2.41447359e-01,  5.84907830e-01,
         3.33508277e+00,  1.07114673e+00, -1.39052975e+00,  6.76035166e-01,
         2.48526287e+00,  6.25623465e-01,  3.05942178e-01,  1.72201708e-01,
        -1.44147718e+00,  5.19913435e-01,  3.52678746e-02, -5.04816413e-01,
         2.35072994e+00, -1.67303109e+00,  7.41473556e-01,  9.71580029e-01,
         2.80046630e+00, -2.43692470e+00,  2.15155005e+00,  5.10137892e+00,
        -1.02440715e+00, -1.97786793e-01, -7.34699845e-01,  1.39043558e+00,
        -2.53827065e-01,  8.40286613e-01, -7.76182353e-01,  7.86238432e-01,
         8.91969621e-01, -1.31244731e+00,  2.31320190e+00, -1.81365359e+00,
         4.21095657e+00, -2.55343094e-02, -6.31593883e-01, -2.60444403e-01,
        -6.96033061e-01,  2.32742405e+00,  1.80727988e-01, -5.79394281e-01,
        -3.67329091e-01,  1.79091024e+00,  5.81714749e-01,  4.16423827e-01,
        -8.41437340e-01,  1.18201339e+00,  2.90133744e-01, -5.42043269e-01,
         1.08862484e+00,  2.85462618e+00, -8.63718688e-01,  1.14414454e+00,
         2.38448262e-01,  1.06412446e+00,  4.30521578e-01, -3.49990577e-01,
         3.88298035e+00, -4.32096213e-01, -3.06634784e+00,  3.80854681e-03,
         2.61746383e+00,  8.56017351e-01,  1.19542427e-01,  1.42567003e+00,
         2.72893333e+00, -1.74758866e-01, -9.74356711e-01,  1.12488234e+00,
         1.65639734e+00,  9.96561170e-01,  1.12443805e+00,  7.75482282e-02,
         1.63725388e+00, -7.52757072e-01, -7.18163431e-01,  1.81675792e+00,
        -4.74288762e-02,  3.10647774e+00,  6.99068189e-01,  1.89069438e+00,
         2.24206424e+00,  1.78296161e+00,  7.86591709e-01, -1.07671261e+00,
         3.19113433e-01, -6.86180592e-01,  6.55573487e-01,  1.12668350e-01,
         8.35671306e-01,  1.31297410e+00,  1.94962800e+00, -3.49092782e-01,
        -1.74363256e+00,  1.00967121e+00, -2.48968646e-01,  5.70396423e-01,
         1.20252144e+00,  8.30701411e-01, -1.68049037e+00,  1.62263691e+00,
         1.37141633e+00,  1.97731197e+00, -1.08505321e+00, -2.23503843e-01,
         1.51526761e+00, -4.92885932e-02,  9.65229794e-02, -1.36650133e+00,
        -2.24707589e-01,  3.06971145e+00,  7.70486712e-01, -6.11503005e-01,
         1.23944390e+00,  2.46407223e+00,  1.38126493e+00,  1.32749200e+00,
         1.61605299e+00,  1.81636786e+00,  1.25345349e+00,  8.14673528e-02,
         1.45057213e+00,  3.48031282e+00,  2.38309050e+00, -1.23915195e+00,
         4.79008019e-01,  1.60679594e-03,  6.72168493e-01,  1.42557919e+00,
         2.49345112e+00,  2.23291898e+00, -1.60697773e-01,  1.76018727e+00,
         1.98271954e+00,  8.86693150e-02,  2.28864002e+00,  1.92888737e+00,
        -1.45450199e+00,  2.13115120e+00, -6.98062301e-01,  2.42074227e+00,
         2.10558820e+00,  9.43115056e-01, -5.13871312e-01,  1.72631234e-01,
         9.20157969e-01,  1.22283733e+00,  9.88554597e-01, -3.60955000e-02,
        -4.46124166e-01,  1.57872868e+00,  4.38087559e+00,  1.13951576e+00,
         2.39643621e+00, -4.99681026e-01,  3.65727454e-01,  2.22581491e-01,
        -6.70111001e-01,  3.45463252e+00,  5.46071768e-01,  5.03779709e-01,
         9.99670267e-01,  1.07365465e+00,  4.18049049e+00,  9.28806722e-01,
         5.16219079e-01,  6.68838799e-01,  2.02695799e+00,  3.20422173e+00,
         7.52900660e-01, -7.26796329e-01, -2.87765354e-01,  8.15049037e-02,
         1.03305054e+00, -4.12174314e-01, -2.86785752e-01,  1.14625692e+00,
        -1.71308136e+00,  2.96519130e-01,  2.08967447e+00,  3.14934540e+00,
         1.55228674e+00,  1.55305076e+00,  3.68022054e-01,  2.28708196e+00,
        -3.40604246e-01,  3.19939047e-01,  2.39261103e+00,  1.64505792e+00,
        -1.98040438e+00, -6.63174629e-01, -5.59090793e-01,  6.17023051e-01,
         4.90356952e-01, -1.49435163e+00,  1.64707756e+00,  2.46999168e+00,
         1.55403984e+00, -1.18823647e+00, -2.28935197e-01,  2.09261489e+00,
        -1.19115520e+00, -9.14042354e-01,  3.11485738e-01, -1.46196902e+00,
         4.41593170e-01,  5.29695868e-01,  5.88532865e-01, -4.19704951e-02,
         1.92732859e+00, -4.07081962e-01,  6.28882289e-01,  9.55794752e-01,
         3.38333154e+00,  2.52953672e+00,  2.31117105e+00, -1.25032949e+00,
         2.06783128e+00,  2.15827093e-01, -3.72982800e-01,  5.02121162e+00,
         9.86123502e-01, -8.52944851e-01,  3.77316022e+00,  1.05791128e+00,
        -2.31723928e+00, -1.00826703e-01,  1.18899286e-01,  2.03336430e+00,
         7.02140629e-01,  1.41864216e+00,  5.14699280e-01, -1.41991973e+00,
        -1.11501002e+00, -1.17450988e+00, -9.30842459e-01,  7.29447186e-01,
         4.41872501e+00, -8.49615872e-01,  2.01572943e-02, -2.31740475e-01,
         1.94407749e+00, -4.37267512e-01, -2.05299568e+00,  4.93935972e-01,
         1.86001265e+00,  7.56453335e-01,  9.42616343e-01,  1.69571519e+00,
         1.30852604e+00,  2.12085438e+00,  1.38893902e+00,  1.07629347e+00,
        -2.48412445e-01,  2.49029469e+00,  1.39930987e+00, -3.14195961e-01,
        -9.45567012e-01,  1.06569266e+00, -8.27761173e-01,  3.70806128e-01,
         4.65505409e+00,  2.11915302e+00,  3.05725408e+00, -9.07862425e-01,
         1.75920713e+00,  1.96549881e+00,  1.68722975e+00,  8.88622165e-01,
        -2.94741631e-01, -6.62230730e-01,  1.67535222e+00,  7.54926145e-01,
         6.40320826e+00,  7.14114761e+00,  1.09984040e+00,  1.16318151e-01,
         6.50410891e-01, -3.58412750e-02,  1.02493599e-01,  1.52655292e+00,
        -1.84158361e+00, -1.85409427e+00, -5.10256708e-01, -1.31360590e+00,
         3.03067780e+00,  3.01699966e-01,  1.84576616e-01,  7.37032592e-01,
         1.82988679e+00,  3.26200843e+00,  2.19055963e+00, -3.24407548e-01,
        -2.30775332e+00,  1.01166391e+00, -9.65088308e-01, -9.74798143e-01,
        -1.35513687e+00,  6.50148094e-02, -6.31709516e-01, -1.24845886e+00,
        -1.19786882e+00, -2.09636354e+00, -1.04867423e+00, -1.48642862e+00,
        -1.40816939e+00, -1.62405264e+00, -1.30128634e+00, -7.64203906e-01,
        -1.40360522e+00, -1.47656572e+00, -4.43239421e-01, -6.98869586e-01,
        -2.92256713e+00, -9.50027406e-01, -1.89101589e+00, -9.68869090e-01,
         7.63293775e-03,  5.96030593e-01,  5.82679331e-01, -9.84374806e-03,
        -1.71530473e+00, -7.50090063e-01, -2.25781620e-01, -2.03758883e+00,
        -1.97130084e+00, -4.51192588e-01, -6.03069246e-01, -1.89909196e+00,
        -7.14121640e-01, -1.00794089e+00, -5.18595755e-01, -1.14894390e+00,
        -1.39123702e+00, -1.20859087e+00,  2.05953884e+00, -6.42632365e-01,
         9.34415638e-01,  1.60430491e-01, -1.65348053e+00,  1.97071362e+00,
        -2.05894947e+00, -1.59142661e+00,  2.11909801e-01,  7.68145621e-01,
        -2.16592216e+00,  4.59583029e-02,  2.22552419e-01, -2.21490598e+00,
         4.86391902e-01,  2.34269902e-01,  2.07055360e-01, -5.83033800e-01,
        -6.34443015e-02,  4.98140037e-01, -1.84170163e+00, -9.09511745e-02,
        -1.83919024e+00, -3.13575596e-01, -1.42526543e+00, -1.82927644e+00,
        -1.29001915e+00, -3.04936814e+00, -2.71933842e+00, -1.73276091e+00,
        -1.63982940e+00, -2.75440979e+00, -1.69290155e-01,  1.15904212e+00],
       device='cuda:0')
Clean RHS: tensor([[1.01008058]], device='cuda:0')
Split layers:
Nonlinear functions:
   BoundRelu(name=/66, inputs=[/input], perturbed=True)
   BoundRelu(name=/68, inputs=[/input-4], perturbed=True)
   BoundRelu(name=/71, inputs=[/input-12], perturbed=True)
   BoundRelu(name=/73, inputs=[/input-16], perturbed=True)
   BoundRelu(name=/76, inputs=[/input-24], perturbed=True)
   BoundRelu(name=/78, inputs=[/input-28], perturbed=True)
   BoundRelu(name=/80, inputs=[/input-32], perturbed=True)
   BoundRelu(name=/83, inputs=[/input-40], perturbed=True)
   BoundRelu(name=/85, inputs=[/input-44], perturbed=True)
   BoundRelu(name=/87, inputs=[/input-48], perturbed=True)
   BoundRelu(name=/90, inputs=[/input-56], perturbed=True)
   BoundRelu(name=/92, inputs=[/input-60], perturbed=True)
   BoundRelu(name=/94, inputs=[/input-64], perturbed=True)
   BoundRelu(name=/98, inputs=[/input-68], perturbed=True)
   BoundRelu(name=/101, inputs=[/input-72], perturbed=True)
   BoundRelu(name=/input-8/conv_1_relu, inputs=[/input-8/conv_1], perturbed=True)
   BoundRelu(name=/input-8/conv_3_relu, inputs=[/input-8/conv_3], perturbed=True)
   BoundRelu(name=/input-20/conv_1_relu, inputs=[/input-20/conv_1], perturbed=True)
   BoundRelu(name=/input-20/conv_3_relu, inputs=[/input-20/conv_3], perturbed=True)
   BoundRelu(name=/input-36/conv_1_relu, inputs=[/input-36/conv_1], perturbed=True)
   BoundRelu(name=/input-36/conv_3_relu, inputs=[/input-36/conv_3], perturbed=True)
   BoundRelu(name=/input-52/conv_1_relu, inputs=[/input-52/conv_1], perturbed=True)
   BoundRelu(name=/input-52/conv_3_relu, inputs=[/input-52/conv_3], perturbed=True)
   BoundRelu(name=/95/conv_1_relu, inputs=[/95/conv_1], perturbed=True)
   BoundRelu(name=/95/conv_3_relu, inputs=[/95/conv_3], perturbed=True)
Batched CROWN: node BoundConv(name=/input-4, inputs=[/66, /35, /36], perturbed=True), unstable size 24060
Batched CROWN: node BoundConv(name=/input-8/conv_1, inputs=[/68, /input-8/conv_1_w], perturbed=True), unstable size 40188
Batched CROWN: node BoundConv(name=/input-8/conv_3, inputs=[/input-8/add_1_2, /input-8/conv_3_w], perturbed=True), unstable size 11754
Batched CROWN: node BoundConv(name=/input-12, inputs=[/input-8/add_3_4, /37, /38], perturbed=True), unstable size 220740
Batched CROWN: node BoundConv(name=/input-16, inputs=[/71, /39, /40], perturbed=True), unstable size 1381151
Batched CROWN: node BoundConv(name=/input-20/conv_1, inputs=[/73, /input-20/conv_1_w], perturbed=True), unstable size 35966
Batched CROWN: node BoundConv(name=/input-20/conv_3, inputs=[/input-20/add_1_2, /input-20/conv_3_w], perturbed=True), unstable size 17046
Batched CROWN: node BoundConv(name=/input-24, inputs=[/input-20/add_3_4, /41, /42], perturbed=True), unstable size 565985
Batched CROWN: node BoundConv(name=/input-28, inputs=[/76, /43, /44], perturbed=True), unstable size 751915
Batched CROWN: node BoundConv(name=/input-32, inputs=[/78, /45, /46], perturbed=True), unstable size 166113
Batched CROWN: node BoundConv(name=/input-36/conv_1, inputs=[/80, /input-36/conv_1_w], perturbed=True), unstable size 29632
Batched CROWN: node BoundConv(name=/input-36/conv_3, inputs=[/input-36/add_1_2, /input-36/conv_3_w], perturbed=True), unstable size 14869
Batched CROWN: node BoundConv(name=/input-40, inputs=[/input-36/add_3_4, /47, /48], perturbed=True), unstable size 322592
Batched CROWN: node BoundConv(name=/input-44, inputs=[/83, /49, /50], perturbed=True), unstable size 205712
Batched CROWN: node BoundConv(name=/input-48, inputs=[/85, /51, /52], perturbed=True), unstable size 228762
Batched CROWN: node BoundConv(name=/input-52/conv_1, inputs=[/87, /input-52/conv_1_w], perturbed=True), unstable size 2831
Batched CROWN: node BoundConv(name=/input-52/conv_3, inputs=[/input-52/add_1_2, /input-52/conv_3_w], perturbed=True), unstable size 2115
Batched CROWN: node BoundConv(name=/input-56, inputs=[/input-52/add_3_4, /53, /54], perturbed=True), unstable size 59043
Batched CROWN: node BoundConv(name=/input-60, inputs=[/90, /55, /56], perturbed=True), unstable size 91964
Batched CROWN: node BoundConv(name=/input-64, inputs=[/92, /57, /58], perturbed=True), unstable size 41663
Batched CROWN: node BoundConv(name=/95/conv_1, inputs=[/94, /95/conv_1_w], perturbed=True), unstable size 2195
Batched CROWN: node BoundConv(name=/95/conv_3, inputs=[/95/add_1_2, /95/conv_3_w], perturbed=True), unstable size 1211
Batched CROWN: node BoundLinear(name=/input-68, inputs=[/96, /59, /60], perturbed=True), unstable size 4078
Batched CROWN: node BoundLinear(name=/input-72, inputs=[/99, /61, /62], perturbed=True), unstable size 4096
initial crown bounds: tensor([[-14.51067829]], device='cuda:0')
Number of class (without rhs): 1 ; Worst class: (+ rhs) -14.5106782913208
Iteration 1
Adv attack time: 1.6610s
Batch size: 1
Current pickout batch: 1, total pickout batch: 1
Batched CROWN: node BoundConv(name=/input-4, inputs=[/66, /35, /36], perturbed=True), unstable size 24060
Batched CROWN: node BoundConv(name=/input-8/conv_1, inputs=[/68, /input-8/conv_1_w], perturbed=True), unstable size 40188
Batched CROWN: node BoundConv(name=/input-8/conv_3, inputs=[/input-8/add_1_2, /input-8/conv_3_w], perturbed=True), unstable size 11754
Batched CROWN: node BoundConv(name=/input-12, inputs=[/input-8/add_3_4, /37, /38], perturbed=True), unstable size 220738
Batched CROWN: node BoundConv(name=/input-16, inputs=[/71, /39, /40], perturbed=True), unstable size 1381150
Batched CROWN: node BoundConv(name=/input-20/conv_1, inputs=[/73, /input-20/conv_1_w], perturbed=True), unstable size 35968
Batched CROWN: node BoundConv(name=/input-20/conv_3, inputs=[/input-20/add_1_2, /input-20/conv_3_w], perturbed=True), unstable size 17045
Batched CROWN: node BoundConv(name=/input-24, inputs=[/input-20/add_3_4, /41, /42], perturbed=True), unstable size 565985
Batched CROWN: node BoundConv(name=/input-28, inputs=[/76, /43, /44], perturbed=True), unstable size 751915
Batched CROWN: node BoundConv(name=/input-32, inputs=[/78, /45, /46], perturbed=True), unstable size 166113
Batched CROWN: node BoundConv(name=/input-36/conv_1, inputs=[/80, /input-36/conv_1_w], perturbed=True), unstable size 29632
Batched CROWN: node BoundConv(name=/input-36/conv_3, inputs=[/input-36/add_1_2, /input-36/conv_3_w], perturbed=True), unstable size 14869
Batched CROWN: node BoundConv(name=/input-40, inputs=[/input-36/add_3_4, /47, /48], perturbed=True), unstable size 322591
Batched CROWN: node BoundConv(name=/input-44, inputs=[/83, /49, /50], perturbed=True), unstable size 205712
Batched CROWN: node BoundConv(name=/input-48, inputs=[/85, /51, /52], perturbed=True), unstable size 228759
Batched CROWN: node BoundConv(name=/input-52/conv_1, inputs=[/87, /input-52/conv_1_w], perturbed=True), unstable size 2832
Batched CROWN: node BoundConv(name=/input-52/conv_3, inputs=[/input-52/add_1_2, /input-52/conv_3_w], perturbed=True), unstable size 2115
Batched CROWN: node BoundConv(name=/input-56, inputs=[/input-52/add_3_4, /53, /54], perturbed=True), unstable size 59043
Batched CROWN: node BoundConv(name=/input-60, inputs=[/90, /55, /56], perturbed=True), unstable size 91964
Batched CROWN: node BoundConv(name=/input-64, inputs=[/92, /57, /58], perturbed=True), unstable size 41662
Batched CROWN: node BoundConv(name=/95/conv_1, inputs=[/94, /95/conv_1_w], perturbed=True), unstable size 2195
Batched CROWN: node BoundConv(name=/95/conv_3, inputs=[/95/add_1_2, /95/conv_3_w], perturbed=True), unstable size 1211
Batched CROWN: node BoundLinear(name=/input-68, inputs=[/96, /59, /60], perturbed=True), unstable size 4078
Batched CROWN: node BoundLinear(name=/input-72, inputs=[/99, /61, /62], perturbed=True), unstable size 4096
Worst bound: tensor([-14.51048183], device='cuda:0')
Current (lb-rhs): -14.510481834411621
Total time: 1724.8397  pickout: 0.0005  split: 0.0011  decision: 0.0004  bounding: 1724.7820  clipping: 0.0000  add_domain: 0.0343  rest: 0.0213
Length of domains: 2
3 branch and bound domains visited
Time out!
Result: timeout
Time: 2651.2293922901154
[rank 0] === Checking instance ID 57 ===
[rank 0] >>> Running ID=57 onnx=onnx/vgg16-7.onnx
Configurations:

general:
  device: cuda
  seed: 100
  conv_mode: patches
  deterministic: false
  double_fp: false
  loss_reduction_func: max
  sparse_alpha: true
  sparse_interm: true
  save_adv_example: false
  verify_onnxruntime_output: false
  eval_adv_example: false
  show_adv_example: false
  precompile_jit: false
  prepare_only: false
  complete_verifier: bab
  enable_incomplete_verification: false
  csv_name: instances.csv
  results_file: results/vggnet16_all_p_1/result_57.rank0.txt
  root_path: ../../vnncomp2023_benchmarks/benchmarks/vggnet16
  deterministic_opt: false
  graph_optimizer: 'Customized("custom_graph_optimizer", "maxpool_to_relu")'
  buffer_has_batchdim: false
  save_output: false
  output_file: out.pkl
  return_optimized_model: false
  output_additional_stats: true
  instance_id: 57
  dataset_output_dir: dataset
  min_stable_neurons_ratio_threshold: 0.0
model:
  name: null
  path: null
  onnx_path: /projects/air/dlverifier/vggnet16_all/onnx/vgg16-7.onnx
  onnx_path_prefix: ''
  cache_onnx_conversion: true
  debug_onnx: false
  onnx_quirks: null
  input_shape: null
  onnx_loader: default_onnx_and_vnnlib_loader
  onnx_optimization_flags: []
  onnx_vnnlib_joint_optimization_flags: none
  check_optimized: false
  flatten_final_output: false
  optimize_graph: null
  with_jacobian: false
data:
  start: 0
  end: 10000
  select_instance: null
  num_outputs: 1000
  mean: 0.0
  std: 1.0
  pkl_path: null
  dataset: null
  data_filter_path: null
  data_idx_file: null
specification:
  type: lp
  robustness_type: verified-acc
  norm: .inf
  epsilon: null
  epsilon_min: 0.0
  vnnlib_path: /projects/air/dlverifier/vggnet16_all/vnnlib/n01532829_house_finch_fix_nonmask_seg0_k50176_eps_0.0002.vnnlib
  vnnlib_path_prefix: ''
  rhs_offset: null
solver:
  batch_size: 1
  auto_enlarge_batch_size: false
  min_batch_size_ratio: 0.1
  use_float64_in_last_iteration: false
  early_stop_patience: 10
  start_save_best: 0.5
  bound_prop_method: forward+backward
  init_bound_prop_method: same
  prune_after_crown: false
  optimize_disjuncts_separately: false
  crown:
    batch_size: 16
    max_crown_size: 1000000000
    relu_option: adaptive
  alpha-crown:
    alpha: true
    lr_alpha: 0.1
    iteration: 100
    share_alphas: false
    lr_decay: 0.98
    full_conv_alpha: true
    max_coeff_mul: .inf
    matmul_share_alphas: false
    disable_optimization: []
    max_time: 1.0
  invprop:
    apply_output_constraints_to: []
    tighten_input_bounds: false
    best_of_oc_and_no_oc: false
    directly_optimize: []
    oc_lr: 0.1
    share_gammas: false
  beta-crown:
    lr_alpha: 0.01
    lr_beta: 0.05
    lr_decay: 0.98
    optimizer: adam
    iteration: 10
    beta: true
    beta_warmup: true
    enable_opt_interm_bounds: false
    all_node_split_LP: false
  forward:
    refine: false
    dynamic: true
    max_dim: 100
    reset_threshold: 1.0
  intermediate_refinement:
    enabled: false
    batch_size: 10
    opt_coeffs: false
    opt_bias: false
    lr: 0.05
    layers: [-1]
    max_domains: 1000
  multi_class:
    label_batch_size: 32
    skip_with_refined_bound: true
  mip:
    unstable_neuron_threshold: 0
    parallel_solvers: null
    solver_threads: 1
    refine_neuron_timeout: 15
    refine_neuron_time_percentage: 0.8
    early_stop: true
    adv_warmup: true
    mip_solver: gurobi
    skip_unsafe: false
    topk_filter: 1.0
    sliding_window: -1
    extra_constraint: false
    refine_neuron_timeout_increasement: 0
    timeout_neuron_percentage: 0.3
    remaining_timeout_threshold: 1
    remove_unstable_neurons: true
    lp_solver: false
bab:
  initial_max_domains: 1
  backing_up_max_domain: null
  max_domains: .inf
  decision_thresh: 0
  timeout: 1200.0
  timeout_scale: 1
  max_iterations: -1
  override_timeout: null
  get_upper_bound: false
  pruning_in_iteration: true
  pruning_in_iteration_ratio: 0.2
  sort_targets: false
  batched_domain_list: true
  optimized_interm: ''
  interm_transfer: true
  recompute_interm: false
  sort_domain_interval: -1
  vanilla_crown: false
  tree_traversal: depth_first
  cut:
    enabled: false
    cuts_path: /tmp/abcrown_cuts
    implication: false
    bab_cut: false
    lp_cut: false
    method: null
    lr: 0.01
    lr_decay: 1.0
    iteration: 100
    bab_iteration: -1
    early_stop_patience: -1
    lr_beta: 0.02
    number_cuts: 50
    topk_cuts_in_filter: 1000
    batch_size_primal: 100
    max_num: 1000000000
    patches_cut: false
    cplex_cuts: false
    cplex_cuts_wait: 0
    cplex_cuts_revpickup: true
    cut_reference_bounds: true
    fix_intermediate_bounds: false
    _tmp_cuts: null
    fixed_cuts: false
    add_implied_cuts: false
    add_input_cuts: false
    biccos:
      enabled: false
      constraint_strengthening: true
      recursively_strengthening: false
      drop_ratio: 0.5
      verified_bonus: 0.3
      max_infer_iter: 20
      heuristic: neuron_influence_score
      save_biccos_cuts: false
      multi_tree_branching:
        enabled: false
        restore_best_tree: false
        keep_n_best_domains: 1
        k_splits: 1
        iterations: 1
  branching:
    method: sb
    candidates: 3
    reduceop: min
    enable_intermediate_bound_opt: false
    branching_input_and_activation: false
    branching_input_and_activation_order: [input, relu]
    branching_input_iterations: 30
    branching_relu_iterations: 50
    gnn_path: ''
    neural_heuristic:
      model_path: ''
    rl:
      experiment: general
      eval: false
      extras: []
      logging:
        color: true
        debug: true
        file: rl-experiment.log
      pnet:
        gH: 64
        tH: 64
        nheads: 64
        nlayers: 64
        useDynamicGraph: true
        bidirectional: false
        GAT: true
      training:
        gamma: 0.99
        lr: 0.001
        batchSize: 8
        loop: 8
        totalEpochs: 10
        updatePolicyFrequency: 10
        updateTargetFrequency: 10
        buffer: buffer.pkl
        preparedBuffer: 'False'
        TestingPreparedBuffer: false
        scriptTraining: false
        policynet: policy-checkpoint.pt
        targetnet: target-checkpoint.pt
        datasetShuffle: true
        targetedData: all
        splitRatio: 0.8
        maxInstances: -1
        trainingMode: full
        reward:
          norm: null
          bonus: 10.0
          penalty: -1.0
      egreedy:
        epsilon: 0.1
        epsilonDecay: 0.1
        minEpsilon: 0.1
        ePath: epsilon.pt
        enabled: true
      expert:
        useExpertUntilEpisode: 0.1
        enabled: true
        learnToImitateExpertEpochs: 10
    nonlinear_split:
      method: shortcut
      branching_point_method: uniform
      num_branches: 2
      filter: false
      filter_beta: false
      filter_clamp: false
      filter_batch_size: 10000
      filter_iterations: 25
      relu_only: false
      loose_tanh_threshold: null
      dynamic_bbps: false
      dynamic_options: [uniform, three_left, three_right]
      branching_point_node: ''
      branching_point_db: []
    input_split:
      enable_clip_domains: false
      split_hint: null
      reorder_bab: false
      enable: true
      enhanced_bound_prop_method: alpha-crown
      enhanced_branching_method: naive
      enhanced_bound_patience: 100000000.0
      attack_patience: 100000000.0
      adv_check: 0
      split_partitions: 2
      sb_margin_weight: 1.0
      sb_sum: false
      sb_primary_spec: null
      bf_backup_thresh: -1
      bf_rhs_offset: 0
      bf_iters: 1000000000.0
      bf_batch_size: 100000
      bf_zero_crossing_score: false
      touch_zero_score: 0
      ibp_enhancement: false
      catch_assertion: false
      compare_with_old_bounds: false
      update_rhs_with_attack: false
      sb_coeff_thresh: 0.001
      sort_index: null
      sort_descending: true
      show_progress: false
      presplit_domains: null
      skip_getting_worst_domain: false
  attack:
    enabled: false
    beam_candidates: 8
    beam_depth: 7
    max_dive_fix_ratio: 0.8
    min_local_free_ratio: 0.2
    mip_start_iteration: 5
    mip_timeout: 30.0
    adv_pool_threshold: null
    refined_mip_attacker: false
    refined_batch_size: null
attack:
  pgd_order: input_bab
  pgd_steps: 100
  pgd_restarts: 30
  pgd_batch_size: 100000000
  pgd_early_stop: true
  pgd_lr_decay: 0.99
  pgd_alpha: auto
  pgd_alpha_scale: false
  pgd_loss_mode: null
  pgd_restart_when_stuck: false
  enable_mip_attack: false
  adv_saver: default_adv_saver
  adv_verifier: default_adv_verifier
  early_stop_condition: default_early_stop_condition
  adv_example_finalizer: default_adv_example_finalizer
  pgd_loss: default_pgd_loss
  cex_path: ./test_cex.txt
  attack_mode: PGD
  attack_tolerance: 0.0
  attack_func: attack_with_general_specs
  gama_lambda: 10.0
  gama_decay: 0.9
  check_clean: true
  input_split:
    pgd_steps: 100
    pgd_restarts: 30
    pgd_alpha: auto
  input_split_enhanced:
    pgd_steps: 200
    pgd_restarts: 500000
    pgd_alpha: auto
  input_split_check_adv:
    enabled: auto
    pgd_steps: 5
    pgd_restarts: 5
    pgd_alpha: auto
    max_num_domains: 10
debug:
  sanity_check: Full+Graph
  view_model: false
  lp_test: null
  rescale_vnnlib_ptb: null
  test_optimized_bounds: false
  test_optimized_bounds_after_n_iterations: 0
  print_verbose_decisions: false

Experiments at Fri Feb 20 02:51:32 2026 on d1028
Internal results will be saved to results/vggnet16_all_p_1/result_57.rank0.txt.

[ZRL] %%%%%%%%%%%%%%%%%%%%%%%%%%%%%%%%%%% idx: 0, vnnlib ID: 0 %%%%%%%%%%%%%%%%%%%%%%%%%%%%%%%%%%%
Using onnx /projects/air/dlverifier/vggnet16_all/onnx/vgg16-7.onnx
Using vnnlib /projects/air/dlverifier/vggnet16_all/vnnlib/n01532829_house_finch_fix_nonmask_seg0_k50176_eps_0.0002.vnnlib
150528 inputs and 1000 outputs in vnnlib
Loading cached onnx model from /projects/air/dlverifier/vggnet16_all/onnx/vgg16-7.onnx.cached
Cannot read cached onnx file. Regenerating...
Loading onnx /projects/air/dlverifier/vggnet16_all/onnx/vgg16-7.onnx with quirks {}
Finished onnx model loading in 36.5719 seconds
Number of perturbed inputs: 106104
WARNING: prioritizing attack due to too many perturbed pixels on VGG
Setting arguments.Config["attack"]["pgd_order"] to "before"
Setting bound_prop_method to crown
Attack parameters: initialization=uniform, steps=100, restarts=30, alpha=5.000084638595581e-05, initialization=uniform, GAMA=False
Model output of first 5 examples:
 tensor([[-9.84179735e-01,  1.78342223e+00, -1.65947032e+00, -2.14096689e+00,
         -1.46826649e+00,  1.75357819e-01, -7.30330765e-01, -1.95730090e+00,
         -1.85451174e+00, -1.51710165e+00, -1.35815775e+00, -4.11743581e-01,
         -3.48076820e-01, -1.24723291e+00, -9.21049491e-02,  3.43293063e-02,
         -9.35704112e-01, -1.47425973e+00, -6.55720413e-01, -1.00309432e+00,
         -1.09267509e+00, -8.29576969e-01, -1.46691218e-01, -1.36786723e+00,
         -7.48240650e-01, -1.42012167e+00, -3.19098353e-01, -1.08758259e+00,
         -1.25191283e+00,  1.99973598e-01, -1.85585511e+00,  5.51505089e-02,
         -1.32559168e+00, -2.10358357e+00, -1.54572606e+00, -1.48802161e+00,
          9.04216647e-01, -1.97223949e+00, -1.92081630e-01, -1.61068130e+00,
          1.90654367e-01, -1.71016526e+00, -1.92022860e+00, -1.09539115e+00,
         -9.80162084e-01, -1.17258871e+00,  2.22642079e-01, -1.19960856e+00,
         -2.18232632e+00, -3.94300610e-01,  2.84640789e-01, -2.56644034e+00,
         -2.85980195e-01,  5.81211969e-02, -8.72064352e-01, -1.64797652e+00,
         -7.23807454e-01, -1.83492041e+00, -1.37307316e-01, -2.69149095e-01,
         -3.29178900e-01, -1.16626072e+00, -1.40062356e+00,  1.56723455e-01,
         -4.76025641e-01, -6.41690910e-01, -9.29536283e-01, -4.32161152e-01,
         -1.52156878e+00, -1.94049394e+00, -2.20292509e-01,  2.68676668e-01,
          3.59950930e-01,  1.65134096e+00,  6.76981568e-01,  1.08223009e+00,
          2.96893656e-01,  1.31411254e+00,  5.01041830e-01,  1.50668132e+00,
         -4.22045216e-02, -2.40017581e+00, -1.39452422e+00, -1.67768073e+00,
         -7.95280576e-01, -9.53929424e-01, -1.85696065e+00,  1.51353419e-01,
          2.76782960e-01, -1.22894180e+00, -5.86132109e-01, -1.05233431e+00,
         -2.65643746e-01, -3.53370965e-01,  4.24528062e-01, -1.98340809e+00,
          5.25771305e-02, -9.90075111e-01,  7.76343286e-01, -9.13083851e-01,
          4.94704604e-01, -1.68907261e+00, -1.89087951e+00,  1.25118327e+00,
         -1.92908978e+00, -2.49308228e+00, -1.50275779e+00, -2.42326662e-01,
         -1.03368521e+00, -1.87273896e+00, -4.42556232e-01,  2.27978230e+00,
         -6.48752630e-01, -1.11642919e-01, -6.44071400e-01, -1.93520951e+00,
         -1.67195356e+00, -4.67197336e-02, -1.01222706e+00, -2.35374618e+00,
         -2.12307334e+00, -1.83236563e+00, -1.55440617e+00, -2.71769214e+00,
         -1.97087383e+00, -1.87859988e+00,  7.28727132e-03, -5.18511117e-01,
          6.05573952e-01,  6.46344960e-01,  3.01247120e-01, -4.93055493e-01,
          6.31472409e-01, -7.01597571e-01,  2.76551060e-02, -5.45125067e-01,
         -9.13617492e-01,  2.97920346e-01, -1.26598108e+00, -2.03704786e+00,
         -2.24849796e+00,  3.26018512e-01, -5.68455935e-01, -8.08636785e-01,
         -8.53751123e-01, -1.43158591e+00, -2.34047937e+00, -2.32631620e-02,
         -1.72823668e-01, -7.29910553e-01, -1.70270526e+00, -8.67136717e-02,
         -1.21072590e+00, -9.87779424e-02, -5.47587633e-01, -8.18097949e-01,
         -8.95358086e-01, -4.11435962e-01, -1.26179111e+00, -9.55665886e-01,
         -1.21479046e+00, -2.86848366e-01,  2.01180354e-01, -8.96535456e-01,
         -8.20753455e-01, -6.18011713e-01, -1.08340228e+00, -1.16084111e+00,
         -2.39506423e-01, -1.02929831e+00, -9.63734567e-01, -7.28976250e-01,
         -1.10617673e+00, -9.81244862e-01, -1.22732258e+00, -1.03896976e+00,
         -1.60110235e+00, -5.56433320e-01,  7.03201070e-03, -1.50798476e+00,
         -1.87544215e+00, -4.22066212e-01, -2.13078320e-01, -7.68752933e-01,
         -4.34503630e-02, -3.20469230e-01, -3.28676850e-01,  1.49168205e-02,
         -1.14830422e+00, -1.36155665e+00, -8.37881148e-01,  9.98913571e-02,
         -6.38175309e-01, -1.01736867e+00, -9.89218712e-01,  4.86058623e-01,
         -7.77579546e-01, -1.35537744e+00, -1.61660540e+00, -1.28801048e-01,
         -8.46764982e-01, -9.26899076e-01, -6.92141950e-01,  7.44026065e-01,
         -3.55130464e-01, -7.87143111e-01, -1.13184059e+00, -5.21467626e-01,
         -9.04965639e-01, -6.60465360e-01, -1.76459551e+00, -5.14155865e-01,
         -5.10443747e-01, -8.00164223e-01, -1.01588511e+00, -6.63088024e-01,
         -1.02215278e+00, -2.89844245e-01, -7.69215345e-01, -8.95132124e-01,
         -5.68263173e-01, -2.06499696e-01, -8.07121456e-01,  2.43256927e-01,
          1.51860282e-01, -1.29464364e+00, -1.02105057e+00, -1.16126335e+00,
         -1.17796373e+00, -1.71879366e-01, -1.22657669e+00, -7.30602801e-01,
         -5.63727498e-01, -7.54775107e-01, -4.18908536e-01, -5.66245019e-01,
         -8.64896536e-01, -4.42822903e-01, -1.11138535e+00, -2.14345813e-01,
         -5.59262216e-01, -8.22266281e-01, -2.23167479e-01, -1.89354658e+00,
         -8.99703145e-01, -4.81627464e-01, -1.70389783e+00, -6.22510552e-01,
         -4.69709009e-01, -2.43944243e-01, -7.21925020e-01, -9.69573200e-01,
         -2.74505198e-01, -3.10767531e-01,  6.22894645e-01, -1.49608696e+00,
         -1.10925066e+00, -2.16424733e-01, -5.36130786e-01,  2.22713068e-01,
          3.68295945e-02, -1.00291169e+00, -1.17892170e+00, -5.70672035e-01,
         -7.98855960e-01,  1.95634589e-01, -8.73933434e-01, -7.58075118e-01,
         -1.90767002e+00, -2.35327423e-01, -7.64066815e-01, -3.24603200e-01,
         -1.02518372e-01, -5.13317063e-02, -8.97715449e-01, -8.08239758e-01,
         -9.25433695e-01,  2.72335112e-01, -8.87398243e-01, -5.91075197e-02,
         -4.10519689e-01,  8.49178195e-01,  9.81223643e-01,  1.73738968e+00,
          1.66868854e+00,  4.53346133e-01, -1.29703677e+00, -8.00797403e-01,
         -1.08273244e+00, -1.71230745e+00, -1.26060498e+00, -1.10350955e+00,
         -8.56840014e-01, -3.84237051e-01, -1.40661705e+00, -1.06898189e+00,
          3.95612009e-02, -1.24818981e+00, -2.00576544e+00, -1.01715946e+00,
         -1.91181624e+00, -9.16885734e-02, -3.43428671e-01, -6.23639762e-01,
         -1.28230977e+00, -2.09697819e+00, -1.58627197e-01, -5.83400965e-01,
         -7.35541061e-02, -7.23723173e-01,  1.35620356e+00, -4.92354631e-02,
         -6.07966363e-01,  1.19331419e+00,  9.64934289e-01,  2.52665997e-01,
         -9.95524526e-01, -1.53694761e+00,  4.51593667e-01,  5.77102423e-01,
          7.54733458e-02, -2.05622768e+00, -1.99010324e+00, -1.31786907e+00,
         -1.96652174e+00, -2.36415982e+00, -1.96841609e+00, -1.19827390e+00,
         -1.73125124e+00, -2.18006659e+00, -6.61818564e-01,  1.43195957e-01,
          7.15379775e-01, -7.88372457e-02, -6.12542450e-01, -1.07127106e+00,
         -2.47646904e+00,  8.69410634e-01,  6.27952963e-02, -1.67317426e+00,
         -1.06954515e+00, -1.18992984e+00, -1.79125130e+00, -1.90669322e+00,
         -1.01909721e+00, -1.65675247e+00, -1.35068917e+00, -1.09585571e+00,
         -3.02012253e+00, -2.24648333e+00, -2.48246789e+00, -1.79125273e+00,
         -1.67361295e+00, -1.43388963e+00, -1.46207869e+00, -1.81474638e+00,
         -2.57706046e-01, -4.62707192e-01, -4.27518860e-02, -3.04025471e-01,
         -6.20721042e-01,  4.27213013e-01, -8.63239169e-04, -8.29969227e-01,
         -2.01806426e+00, -9.97701764e-01, -1.43772197e+00, -1.20638978e+00,
         -1.04446614e+00, -1.49048638e+00, -1.12033379e+00, -1.94787836e+00,
         -1.22895026e+00, -1.15358293e+00, -9.97431457e-01, -1.83699143e+00,
         -6.39065981e-01, -7.31127381e-01, -5.96474707e-01, -1.69887626e+00,
         -6.18547201e-01, -1.31479561e+00, -9.22178209e-01, -1.15892482e+00,
         -9.92899776e-01, -1.17045319e+00, -1.53362632e+00, -1.45824540e+00,
         -1.90452635e+00, -2.70893812e-01, -1.32443821e+00, -6.28152549e-01,
         -6.00157201e-01, -1.84754705e+00, -8.49028885e-01,  2.16382951e-01,
         -1.94336450e+00, -1.82412338e+00,  4.62197661e-01,  6.70012534e-01,
         -5.70575356e-01,  9.33291018e-01,  5.96259832e-01, -8.78953993e-01,
         -4.20699120e-02,  1.21657658e+00,  6.87496364e-02,  1.43430114e-01,
         -1.57139087e+00,  3.52404642e+00, -9.74594593e-01,  1.99200761e+00,
          4.35038656e-01,  1.03818166e+00,  1.04173946e+00, -3.87082756e-01,
          2.41149855e+00,  1.27000439e+00,  2.82400274e+00,  1.54482067e+00,
          4.09393281e-01,  9.65173423e-01,  2.42918096e-02, -5.69785684e-02,
          7.08634794e-01,  8.33526254e-01,  1.68773735e+00, -6.34775162e-01,
         -3.34308296e-01, -3.06494534e-01, -8.08157265e-01, -6.66040480e-02,
          7.39578664e-01,  8.70606601e-01,  8.96446764e-01,  2.12892437e+00,
         -1.48727998e-01, -9.17002559e-02,  1.93970478e+00,  4.28118229e-01,
          7.67522752e-02,  1.69035459e+00,  3.09108883e-01,  1.76513612e+00,
         -7.00287819e-01, -4.77979243e-01,  4.22877979e+00,  3.34911525e-01,
          1.95804805e-01,  1.13521850e+00, -7.14891493e-01,  5.70790410e-01,
         -7.06547737e-01,  1.23246264e+00, -9.20325875e-01,  2.49449134e-01,
          1.35365093e+00,  7.07102060e-01, -1.42650038e-01,  6.76509976e-01,
         -1.87635231e+00,  1.03469610e-01,  2.53869772e+00,  4.48995829e-03,
          1.36008513e+00,  1.46578860e+00, -6.56728148e-01, -1.82629597e+00,
          5.40014625e-01,  1.74414262e-01,  1.34952414e+00, -1.33045411e+00,
          4.83301967e-01,  1.12123060e+00, -1.01831007e+00,  1.54522371e+00,
          1.16891965e-01,  5.63193917e-01,  9.84890044e-01, -3.59841377e-01,
          3.33706260e+00,  2.33429766e+00,  1.69915712e+00, -1.06626356e+00,
         -1.06661308e+00,  2.09804010e+00,  8.49857211e-01,  2.72363806e+00,
          3.18083555e-01, -5.36515355e-01,  1.95507392e-01, -3.11295658e-01,
          1.66514683e+00,  1.74765038e+00,  1.91638041e+00,  1.25421369e+00,
          3.69787842e-01,  3.47614706e-01,  1.48121369e+00,  3.07606268e+00,
         -2.40834403e+00, -1.38275757e-01, -9.26618040e-01,  7.32282043e-01,
          1.21207750e+00,  5.31943679e-01, -1.35161364e+00,  1.75866520e+00,
          1.76196563e+00, -1.53408337e+00, -4.32997465e-01, -1.90805629e-01,
          7.49518335e-01, -2.09819481e-01, -1.01578772e+00, -8.69624674e-01,
         -1.23460579e+00,  4.72366363e-01,  5.25724769e-01,  2.51287818e-01,
          6.51505738e-02,  5.27286768e-01, -7.04173625e-01,  4.40302432e-01,
         -5.04521847e-01, -1.53923905e+00,  1.73006248e+00,  2.50102592e+00,
          6.06544614e-01,  4.49975908e-01,  3.50532603e+00,  1.93121672e+00,
          1.15774715e+00,  7.64062166e-01,  3.11183000e+00, -1.41371274e+00,
         -1.17983139e+00, -1.17051351e+00, -1.23572409e-01,  3.32513762e+00,
         -2.36511350e-01, -9.56264138e-01,  2.13560057e+00,  1.06487826e-01,
         -5.84333420e-01,  1.16322839e+00,  5.68367302e-01, -2.00696564e+00,
          1.87157130e+00,  4.30902004e+00, -1.64063394e-01,  7.40234733e-01,
          9.85205650e-01,  2.68216038e+00, -6.72996998e-01, -1.08009584e-01,
          4.72177029e+00,  1.81390309e+00,  1.27255642e+00,  1.01773632e+00,
         -9.53351319e-01,  9.26401168e-02,  1.98626268e+00,  2.07221866e+00,
          7.25618005e-01,  1.67820001e+00, -6.31796181e-01,  4.56973225e-01,
         -3.68544936e-01, -1.39000189e+00,  6.20415926e-01,  2.31574088e-01,
          1.16706443e+00, -4.13001031e-01,  1.95197195e-01, -1.94906697e-01,
         -7.65768528e-01,  1.12566435e+00,  4.82908189e-01,  2.14156795e+00,
          4.58743095e-01,  4.07628894e-01, -1.41478252e+00,  1.00435808e-01,
          1.79727232e+00,  1.14575136e+00, -1.00063860e+00,  1.69033349e+00,
          1.85564888e+00,  1.48109102e+00,  1.92223370e+00,  4.60358477e+00,
          1.22835064e+00,  1.63468945e+00,  1.28699332e-01, -8.26404035e-01,
          1.61323655e+00, -7.51487613e-01,  2.66104317e+00,  1.66698909e+00,
          1.90505445e+00, -1.19268961e-01,  1.97406518e+00, -1.80007625e+00,
          1.69959593e+00,  2.95891213e+00,  1.93731081e+00,  2.01992601e-01,
          5.12562335e-01, -3.31875771e-01,  1.52994227e+00,  1.51445103e+00,
         -1.48035213e-01,  1.49121368e+00,  3.67803216e-01,  1.02327335e+00,
          8.76733959e-01,  2.37183988e-01,  1.49594808e+00,  3.57580996e+00,
          3.49847245e+00,  3.99051607e-01,  9.62285757e-01,  2.23757291e+00,
         -5.03836811e-01, -7.12949812e-01,  1.93948817e+00,  2.75692463e-01,
         -9.98573899e-01,  1.58937001e+00, -2.41447479e-01,  5.84907413e-01,
          3.33508301e+00,  1.07114661e+00, -1.39052951e+00,  6.76034987e-01,
          2.48526287e+00,  6.25623226e-01,  3.05941731e-01,  1.72201365e-01,
         -1.44147718e+00,  5.19912899e-01,  3.52680609e-02, -5.04817069e-01,
          2.35072994e+00, -1.67303157e+00,  7.41473794e-01,  9.71579969e-01,
          2.80046582e+00, -2.43692493e+00,  2.15154958e+00,  5.10137987e+00,
         -1.02440715e+00, -1.97786286e-01, -7.34699368e-01,  1.39043558e+00,
         -2.53826678e-01,  8.40286732e-01, -7.76183069e-01,  7.86238551e-01,
          8.91970217e-01, -1.31244695e+00,  2.31320190e+00, -1.81365371e+00,
          4.21095705e+00, -2.55340710e-02, -6.31594121e-01, -2.60444760e-01,
         -6.96032882e-01,  2.32742453e+00,  1.80728018e-01, -5.79394162e-01,
         -3.67328912e-01,  1.79091024e+00,  5.81714630e-01,  4.16424006e-01,
         -8.41437876e-01,  1.18201268e+00,  2.90133566e-01, -5.42044103e-01,
          1.08862436e+00,  2.85462642e+00, -8.63718688e-01,  1.14414418e+00,
          2.38448068e-01,  1.06412446e+00,  4.30521429e-01, -3.49990219e-01,
          3.88298059e+00, -4.32096690e-01, -3.06634784e+00,  3.80827114e-03,
          2.61746335e+00,  8.56017172e-01,  1.19542502e-01,  1.42566967e+00,
          2.72893286e+00, -1.74759194e-01, -9.74356413e-01,  1.12488210e+00,
          1.65639699e+00,  9.96560931e-01,  1.12443781e+00,  7.75487050e-02,
          1.63725412e+00, -7.52756953e-01, -7.18162835e-01,  1.81675756e+00,
         -4.74289358e-02,  3.10647750e+00,  6.99067593e-01,  1.89069390e+00,
          2.24206471e+00,  1.78296161e+00,  7.86590993e-01, -1.07671320e+00,
          3.19113672e-01, -6.86180472e-01,  6.55574024e-01,  1.12667680e-01,
          8.35671186e-01,  1.31297386e+00,  1.94962740e+00, -3.49093467e-01,
         -1.74363256e+00,  1.00967121e+00, -2.48969123e-01,  5.70397079e-01,
          1.20252097e+00,  8.30701709e-01, -1.68049061e+00,  1.62263644e+00,
          1.37141633e+00,  1.97731197e+00, -1.08505309e+00, -2.23504454e-01,
          1.51526749e+00, -4.92888317e-02,  9.65233669e-02, -1.36650133e+00,
         -2.24708021e-01,  3.06971145e+00,  7.70486474e-01, -6.11503005e-01,
          1.23944378e+00,  2.46407270e+00,  1.38126493e+00,  1.32749188e+00,
          1.61605263e+00,  1.81636739e+00,  1.25345349e+00,  8.14677700e-02,
          1.45057178e+00,  3.48031330e+00,  2.38309050e+00, -1.23915184e+00,
          4.79008585e-01,  1.60754099e-03,  6.72168493e-01,  1.42557931e+00,
          2.49345112e+00,  2.23291874e+00, -1.60697058e-01,  1.76018679e+00,
          1.98271942e+00,  8.86692554e-02,  2.28864098e+00,  1.92888689e+00,
         -1.45450234e+00,  2.13115072e+00, -6.98062658e-01,  2.42074227e+00,
          2.10558796e+00,  9.43115234e-01, -5.13871610e-01,  1.72631070e-01,
          9.20157731e-01,  1.22283709e+00,  9.88554239e-01, -3.60952020e-02,
         -4.46123809e-01,  1.57872880e+00,  4.38087559e+00,  1.13951516e+00,
          2.39643550e+00, -4.99681324e-01,  3.65727246e-01,  2.22580940e-01,
         -6.70111001e-01,  3.45463300e+00,  5.46072066e-01,  5.03780127e-01,
          9.99669790e-01,  1.07365417e+00,  4.18049097e+00,  9.28805888e-01,
          5.16218722e-01,  6.68838859e-01,  2.02695751e+00,  3.20422244e+00,
          7.52900541e-01, -7.26796448e-01, -2.87765384e-01,  8.15051422e-02,
          1.03305042e+00, -4.12174821e-01, -2.86786526e-01,  1.14625692e+00,
         -1.71308184e+00,  2.96519279e-01,  2.08967471e+00,  3.14934564e+00,
          1.55228698e+00,  1.55305052e+00,  3.68022412e-01,  2.28708220e+00,
         -3.40604901e-01,  3.19939405e-01,  2.39261127e+00,  1.64505863e+00,
         -1.98040450e+00, -6.63174331e-01, -5.59090614e-01,  6.17022812e-01,
          4.90356624e-01, -1.49435127e+00,  1.64707720e+00,  2.46999264e+00,
          1.55403972e+00, -1.18823612e+00, -2.28935063e-01,  2.09261513e+00,
         -1.19115531e+00, -9.14042115e-01,  3.11485767e-01, -1.46196914e+00,
          4.41592932e-01,  5.29695868e-01,  5.88532627e-01, -4.19700481e-02,
          1.92732811e+00, -4.07082468e-01,  6.28882229e-01,  9.55794811e-01,
          3.38333106e+00,  2.52953672e+00,  2.31117105e+00, -1.25032926e+00,
          2.06783128e+00,  2.15827331e-01, -3.72983336e-01,  5.02121162e+00,
          9.86123383e-01, -8.52944613e-01,  3.77316117e+00,  1.05791092e+00,
         -2.31723976e+00, -1.00827098e-01,  1.18899733e-01,  2.03336477e+00,
          7.02140749e-01,  1.41864240e+00,  5.14699578e-01, -1.41991997e+00,
         -1.11500990e+00, -1.17451012e+00, -9.30842280e-01,  7.29447722e-01,
          4.41872597e+00, -8.49616110e-01,  2.01576371e-02, -2.31740221e-01,
          1.94407737e+00, -4.37267423e-01, -2.05299568e+00,  4.93935615e-01,
          1.86001313e+00,  7.56453335e-01,  9.42616403e-01,  1.69571507e+00,
          1.30852675e+00,  2.12085485e+00,  1.38893902e+00,  1.07629335e+00,
         -2.48411953e-01,  2.49029446e+00,  1.39930975e+00, -3.14196378e-01,
         -9.45566595e-01,  1.06569314e+00, -8.27761650e-01,  3.70806307e-01,
          4.65505362e+00,  2.11915255e+00,  3.05725384e+00, -9.07862544e-01,
          1.75920737e+00,  1.96549904e+00,  1.68722975e+00,  8.88622284e-01,
         -2.94741392e-01, -6.62230849e-01,  1.67535174e+00,  7.54925787e-01,
          6.40320921e+00,  7.14114904e+00,  1.09983981e+00,  1.16318226e-01,
          6.50411248e-01, -3.58408131e-02,  1.02493182e-01,  1.52655232e+00,
         -1.84158349e+00, -1.85409427e+00, -5.10256529e-01, -1.31360543e+00,
          3.03067780e+00,  3.01699489e-01,  1.84576541e-01,  7.37032533e-01,
          1.82988691e+00,  3.26200843e+00,  2.19056010e+00, -3.24407250e-01,
         -2.30775332e+00,  1.01166439e+00, -9.65087593e-01, -9.74797785e-01,
         -1.35513735e+00,  6.50143474e-02, -6.31709456e-01, -1.24845862e+00,
         -1.19786906e+00, -2.09636354e+00, -1.04867411e+00, -1.48642862e+00,
         -1.40816939e+00, -1.62405276e+00, -1.30128658e+00, -7.64203966e-01,
         -1.40360546e+00, -1.47656572e+00, -4.43239659e-01, -6.98869824e-01,
         -2.92256761e+00, -9.50027823e-01, -1.89101636e+00, -9.68868911e-01,
          7.63262482e-03,  5.96030593e-01,  5.82679391e-01, -9.84398648e-03,
         -1.71530509e+00, -7.50090301e-01, -2.25781769e-01, -2.03758931e+00,
         -1.97130132e+00, -4.51193184e-01, -6.03069067e-01, -1.89909208e+00,
         -7.14121282e-01, -1.00794101e+00, -5.18595338e-01, -1.14894354e+00,
         -1.39123690e+00, -1.20859110e+00,  2.05953956e+00, -6.42632246e-01,
          9.34415638e-01,  1.60430580e-01, -1.65348053e+00,  1.97071350e+00,
         -2.05894923e+00, -1.59142649e+00,  2.11909980e-01,  7.68146276e-01,
         -2.16592193e+00,  4.59585413e-02,  2.22552836e-01, -2.21490574e+00,
          4.86392289e-01,  2.34269798e-01,  2.07055688e-01, -5.83033860e-01,
         -6.34444803e-02,  4.98140275e-01, -1.84170175e+00, -9.09508467e-02,
         -1.83919036e+00, -3.13575953e-01, -1.42526555e+00, -1.82927644e+00,
         -1.29001892e+00, -3.04936862e+00, -2.71933866e+00, -1.73276091e+00,
         -1.63982904e+00, -2.75441003e+00, -1.69289857e-01,  1.15904188e+00]],
       device='cuda:0')
Adv example prediction (first 2 examples and 2 restarts):
 tensor([[[-1.01865256e+00,  1.69534111e+00, -1.66626799e+00, -2.13391566e+00,
          -1.48326659e+00,  1.71706423e-01, -7.73998857e-01, -1.95901620e+00,
          -1.86761928e+00, -1.51938188e+00, -1.32082725e+00, -4.19270486e-01,
          -3.90804410e-01, -1.25330377e+00, -1.23736836e-01,  1.78359859e-02,
          -9.38734293e-01, -1.48451447e+00, -6.56786799e-01, -1.00841367e+00,
          -1.09350753e+00, -8.27362835e-01, -1.56041101e-01, -1.37491310e+00,
          -7.28821993e-01, -1.39462745e+00, -3.13223451e-01, -1.09813511e+00,
          -1.23621964e+00,  1.78149357e-01, -1.85975206e+00,  5.16991168e-02,
          -1.31810987e+00, -2.11093903e+00, -1.54385364e+00, -1.51042283e+00,
           8.51650476e-01, -1.99005032e+00, -1.73361629e-01, -1.61992788e+00,
           1.59871742e-01, -1.69002485e+00, -1.89657962e+00, -1.06504059e+00,
          -9.61050808e-01, -1.13965046e+00,  1.91007301e-01, -1.17574370e+00,
          -2.17406178e+00, -4.35631573e-01,  2.22561434e-01, -2.51147342e+00,
          -2.71970153e-01,  3.92622203e-02, -8.61480117e-01, -1.63500714e+00,
          -7.17376590e-01, -1.81519675e+00, -1.75800815e-01, -2.38428414e-01,
          -3.33364487e-01, -1.15559506e+00, -1.37211204e+00,  1.73536837e-01,
          -4.47394013e-01, -6.38152659e-01, -8.79309177e-01, -4.41812992e-01,
          -1.45582986e+00, -1.89721942e+00, -2.14760736e-01,  2.68812686e-01,
           3.73414338e-01,  1.67704237e+00,  6.80642545e-01,  1.11531758e+00,
           2.96860904e-01,  1.31191897e+00,  5.25405407e-01,  1.49250829e+00,
          -1.09101459e-02, -2.35187244e+00, -1.37561190e+00, -1.64427996e+00,
          -8.08180869e-01, -9.52508926e-01, -1.84581161e+00,  1.36806861e-01,
           2.24184439e-01, -1.24001193e+00, -6.21015728e-01, -1.06523323e+00,
          -2.76342213e-01, -3.81687403e-01,  3.81051868e-01, -1.95039499e+00,
           9.49258916e-03, -1.03870058e+00,  7.55002856e-01, -9.53099549e-01,
           4.35941309e-01, -1.68593466e+00, -1.86882365e+00,  1.22928858e+00,
          -1.90518546e+00, -2.47600532e+00, -1.48396158e+00, -2.96558887e-01,
          -1.07075870e+00, -1.87407136e+00, -4.63136256e-01,  2.31351542e+00,
          -6.64418995e-01, -1.18377946e-01, -6.49342716e-01, -1.96093893e+00,
          -1.67084658e+00, -1.91141479e-02, -1.03946579e+00, -2.36193609e+00,
          -2.12038255e+00, -1.83257020e+00, -1.56510937e+00, -2.72282171e+00,
          -1.99677515e+00, -1.88926148e+00,  2.60878354e-03, -5.36977947e-01,
           5.87072313e-01,  5.70893884e-01,  2.16891289e-01, -5.43191493e-01,
           5.70697427e-01, -7.22880960e-01, -3.15519460e-02, -5.61398506e-01,
          -9.62406337e-01,  2.47200161e-01, -1.25806558e+00, -2.03287816e+00,
          -2.25093007e+00,  2.78030425e-01, -5.83117723e-01, -8.32071006e-01,
          -8.97485554e-01, -1.42620599e+00, -2.30120826e+00, -3.27413827e-02,
          -1.72268167e-01, -7.34467030e-01, -1.71931422e+00, -7.98047930e-02,
          -1.17747700e+00, -8.87654945e-02, -5.15766442e-01, -8.03707957e-01,
          -8.99483919e-01, -3.99091393e-01, -1.23457205e+00, -9.44976032e-01,
          -1.19970047e+00, -2.88027555e-01,  1.91324458e-01, -8.96346688e-01,
          -8.00941229e-01, -6.01124823e-01, -1.05990875e+00, -1.11662292e+00,
          -2.40894914e-01, -1.03137541e+00, -9.62325513e-01, -7.24938452e-01,
          -1.10989487e+00, -9.83094692e-01, -1.20985353e+00, -1.02087545e+00,
          -1.59532130e+00, -5.61248124e-01, -9.07742605e-03, -1.48799646e+00,
          -1.86260796e+00, -4.06188428e-01, -2.21212447e-01, -7.53384709e-01,
          -5.17902747e-02, -3.36121380e-01, -3.39769810e-01,  1.41418856e-02,
          -1.12292564e+00, -1.36323214e+00, -7.96744764e-01,  8.79183337e-02,
          -6.53217852e-01, -1.02810144e+00, -9.56252575e-01,  4.78162974e-01,
          -7.76639640e-01, -1.33883059e+00, -1.60187531e+00, -1.29282206e-01,
          -8.22318852e-01, -9.31887686e-01, -6.74778104e-01,  7.14940786e-01,
          -3.51986051e-01, -8.06959689e-01, -1.11959469e+00, -5.42649329e-01,
          -9.17494476e-01, -6.66663527e-01, -1.73759699e+00, -5.29084384e-01,
          -5.33075869e-01, -8.25326800e-01, -1.00982714e+00, -6.87656224e-01,
          -1.02279258e+00, -3.05104703e-01, -7.92710543e-01, -9.01606083e-01,
          -5.67012787e-01, -1.94187507e-01, -7.99169004e-01,  2.31968701e-01,
           1.42826915e-01, -1.29207635e+00, -1.02122664e+00, -1.15947795e+00,
          -1.14655435e+00, -1.55107841e-01, -1.21761096e+00, -7.31563628e-01,
          -5.78632355e-01, -7.62195647e-01, -4.19728696e-01, -5.59376776e-01,
          -8.44705820e-01, -4.41755950e-01, -1.11149919e+00, -2.02431858e-01,
          -5.53156316e-01, -8.09028625e-01, -2.33003646e-01, -1.87160099e+00,
          -8.76183629e-01, -4.80594337e-01, -1.68263888e+00, -6.16768003e-01,
          -4.56088960e-01, -2.36122176e-01, -7.13495135e-01, -9.77876723e-01,
          -2.55209982e-01, -3.12805772e-01,  6.31720066e-01, -1.49502122e+00,
          -1.09860337e+00, -2.01982707e-01, -5.23972869e-01,  2.19312832e-01,
           4.53946777e-02, -9.82440948e-01, -1.15248036e+00, -5.84917307e-01,
          -7.90232062e-01,  2.04670101e-01, -8.42513084e-01, -7.39592195e-01,
          -1.87323129e+00, -2.06558809e-01, -7.39724278e-01, -3.08183014e-01,
          -8.18891674e-02, -4.68164831e-02, -8.82113516e-01, -7.62744665e-01,
          -9.05506432e-01,  2.80861139e-01, -8.68564010e-01, -4.14699838e-02,
          -3.82539660e-01,  8.57137680e-01,  9.79486048e-01,  1.74520755e+00,
           1.66695690e+00,  4.66358066e-01, -1.28166234e+00, -7.82466531e-01,
          -1.05005884e+00, -1.68457818e+00, -1.23910630e+00, -1.06852615e+00,
          -8.54790390e-01, -3.60092402e-01, -1.40006912e+00, -1.06968176e+00,
           1.55298598e-02, -1.22898734e+00, -1.97069490e+00, -9.92961586e-01,
          -1.87906468e+00, -1.03849672e-01, -3.15362185e-01, -6.03077233e-01,
          -1.27063560e+00, -2.06478500e+00, -1.43017843e-01, -5.55073023e-01,
          -5.10991998e-02, -7.25451052e-01,  1.34343350e+00, -5.11872768e-02,
          -6.00113928e-01,  1.18464327e+00,  9.59009588e-01,  2.38830343e-01,
          -9.85033870e-01, -1.55814409e+00,  4.64285254e-01,  5.56303263e-01,
           6.85606077e-02, -2.04195619e+00, -1.96314669e+00, -1.31165099e+00,
          -1.95022690e+00, -2.35896587e+00, -1.94464147e+00, -1.22546327e+00,
          -1.74689853e+00, -2.20744252e+00, -6.62298083e-01,  1.53068781e-01,
           7.22906888e-01, -1.31070703e-01, -6.13790810e-01, -1.03070080e+00,
          -2.46353245e+00,  8.09720576e-01,  3.54342014e-02, -1.67300117e+00,
          -1.06575871e+00, -1.20505619e+00, -1.78653467e+00, -1.89596462e+00,
          -1.07990491e+00, -1.65985548e+00, -1.38969684e+00, -1.09122932e+00,
          -2.99643993e+00, -2.20620108e+00, -2.43333268e+00, -1.75652134e+00,
          -1.66685748e+00, -1.40581489e+00, -1.43388832e+00, -1.80571747e+00,
          -2.69499958e-01, -4.71989959e-01, -3.08503602e-02, -2.86452591e-01,
          -6.51920140e-01,  4.43044305e-01,  1.96938664e-02, -8.16386580e-01,
          -1.99746478e+00, -9.87553418e-01, -1.40737367e+00, -1.19079852e+00,
          -1.00633228e+00, -1.46887875e+00, -1.08616030e+00, -1.92449212e+00,
          -1.21402836e+00, -1.15898740e+00, -9.98140812e-01, -1.81625509e+00,
          -6.37579262e-01, -6.99966311e-01, -5.96994936e-01, -1.69303608e+00,
          -5.93028963e-01, -1.32110393e+00, -9.16336298e-01, -1.11982358e+00,
          -9.60837126e-01, -1.17241073e+00, -1.53753054e+00, -1.44103277e+00,
          -1.88898063e+00, -2.94535369e-01, -1.33724046e+00, -6.77469015e-01,
          -5.84794164e-01, -1.88273048e+00, -8.94481003e-01,  1.89176798e-01,
          -1.96474946e+00, -1.83003187e+00,  4.68650907e-01,  6.99747980e-01,
          -5.31778514e-01,  9.28054869e-01,  6.05987728e-01, -8.68889987e-01,
          -5.17201424e-02,  1.20988870e+00,  7.10781962e-02,  1.27254277e-01,
          -1.59205377e+00,  3.56084967e+00, -1.00092340e+00,  1.90988100e+00,
           4.31329578e-01,  1.06920576e+00,  1.00638521e+00, -4.10560310e-01,
           2.40273094e+00,  1.22042501e+00,  2.84518290e+00,  1.53496659e+00,
           4.25971657e-01,  9.68031824e-01,  4.74125706e-02, -4.82088402e-02,
           6.77307248e-01,  7.96448171e-01,  1.72425830e+00, -6.45483613e-01,
          -3.57988805e-01, -2.82343119e-01, -7.90840805e-01, -9.48881507e-02,
           7.72045970e-01,  8.32190812e-01,  8.76804888e-01,  2.10304236e+00,
          -1.72369421e-01, -1.02366894e-01,  1.93914258e+00,  4.49460864e-01,
           6.68584108e-02,  1.68202937e+00,  3.04227561e-01,  1.72999549e+00,
          -6.88437581e-01, -5.00707924e-01,  4.22627115e+00,  3.35962087e-01,
           1.59785390e-01,  1.07074451e+00, -7.05956042e-01,  6.23022556e-01,
          -7.21720219e-01,  1.25808787e+00, -9.10741329e-01,  2.27937400e-01,
           1.34502208e+00,  7.07965612e-01, -1.35875344e-01,  6.82868958e-01,
          -1.89045811e+00,  1.40765578e-01,  2.52076936e+00, -4.52197418e-02,
           1.37733614e+00,  1.49144864e+00, -6.35229468e-01, -1.82731974e+00,
           5.17452300e-01,  1.83258280e-01,  1.36559176e+00, -1.31841803e+00,
           3.99938852e-01,  1.14972401e+00, -1.01243412e+00,  1.50225472e+00,
           5.61465286e-02,  5.90195358e-01,  9.69513357e-01, -3.57396066e-01,
           3.35007048e+00,  2.35041714e+00,  1.74195588e+00, -1.06824172e+00,
          -1.09490860e+00,  2.15335464e+00,  8.30862880e-01,  2.72029495e+00,
           3.47050518e-01, -5.35661399e-01,  2.25083277e-01, -2.79478222e-01,
           1.65722275e+00,  1.77118969e+00,  1.94467592e+00,  1.25944877e+00,
           3.46625328e-01,  3.51551652e-01,  1.47116458e+00,  3.08967209e+00,
          -2.41179967e+00, -1.27491623e-01, -9.43859339e-01,  7.46228933e-01,
           1.19911516e+00,  5.25018692e-01, -1.33246005e+00,  1.80893528e+00,
           1.76322567e+00, -1.56499314e+00, -4.40804005e-01, -2.01655105e-01,
           8.01364601e-01, -1.82848901e-01, -1.00454235e+00, -8.77828836e-01,
          -1.24282646e+00,  4.54077631e-01,  5.33419073e-01,  2.53992707e-01,
           4.60424311e-02,  5.18570542e-01, -7.12069333e-01,  4.35101569e-01,
          -4.83384550e-01, -1.55835164e+00,  1.73854780e+00,  2.51153064e+00,
           6.20470524e-01,  3.96979272e-01,  3.53377795e+00,  1.94754934e+00,
           1.15810227e+00,  7.49702811e-01,  3.14988184e+00, -1.38939428e+00,
          -1.21002305e+00, -1.16423237e+00, -1.39512032e-01,  3.30740237e+00,
          -2.28208363e-01, -9.40352976e-01,  2.15318847e+00,  1.25281468e-01,
          -6.01988792e-01,  1.19115794e+00,  5.76656580e-01, -2.00500822e+00,
           1.89056706e+00,  4.27991486e+00, -1.19977385e-01,  7.61621952e-01,
           9.72654521e-01,  2.70359492e+00, -7.02512085e-01, -1.44376636e-01,
           4.75168133e+00,  1.75207675e+00,  1.28533804e+00,  9.98606563e-01,
          -9.38739002e-01,  8.62468332e-02,  1.93117309e+00,  2.08638048e+00,
           7.21269071e-01,  1.63862920e+00, -5.98346591e-01,  4.90940362e-01,
          -3.65465879e-01, -1.40213883e+00,  6.31951034e-01,  2.42115319e-01,
           1.15636337e+00, -4.33903039e-01,  2.26222247e-01, -2.26352856e-01,
          -7.98528910e-01,  1.15151465e+00,  4.62383032e-01,  2.11952257e+00,
           3.94973487e-01,  3.87082219e-01, -1.43991983e+00,  1.44199654e-01,
           1.79452097e+00,  1.17424750e+00, -9.84236062e-01,  1.69313800e+00,
           1.82406247e+00,  1.49119818e+00,  1.94080949e+00,  4.54903555e+00,
           1.26870811e+00,  1.65901721e+00,  1.36169255e-01, -8.43131661e-01,
           1.65239084e+00, -7.12836146e-01,  2.64747167e+00,  1.66938698e+00,
           1.91966856e+00, -1.10252894e-01,  1.96326983e+00, -1.79390025e+00,
           1.74424756e+00,  2.94401121e+00,  1.92849934e+00,  2.13562831e-01,
           5.00664592e-01, -3.50698322e-01,  1.51657581e+00,  1.45635986e+00,
          -1.60097525e-01,  1.50934947e+00,  3.30584645e-01,  1.03360283e+00,
           8.89437079e-01,  2.42962956e-01,  1.50687623e+00,  3.55513954e+00,
           3.48564219e+00,  3.59468371e-01,  9.78709340e-01,  2.27174139e+00,
          -4.87390101e-01, -7.57512748e-01,  1.95572948e+00,  3.04513037e-01,
          -1.01096940e+00,  1.60928786e+00, -2.19441473e-01,  6.04442716e-01,
           3.38775659e+00,  1.10198390e+00, -1.38606262e+00,  7.07294583e-01,
           2.48234296e+00,  6.10957801e-01,  2.72310436e-01,  1.41877532e-01,
          -1.42650521e+00,  5.48601329e-01,  4.44424897e-02, -4.87601548e-01,
           2.36052704e+00, -1.68870115e+00,  7.47200012e-01,  9.58158016e-01,
           2.82233357e+00, -2.41247272e+00,  2.18283629e+00,  5.09023237e+00,
          -1.01544464e+00, -1.96872145e-01, -7.56663680e-01,  1.36022842e+00,
          -2.74510354e-01,  8.50015759e-01, -7.74798155e-01,  7.51334548e-01,
           8.56474698e-01, -1.31642902e+00,  2.34647894e+00, -1.76309001e+00,
           4.19138622e+00, -1.74747780e-02, -5.93064606e-01, -2.44545534e-01,
          -7.00923324e-01,  2.26855659e+00,  1.77903309e-01, -5.77947974e-01,
          -4.01968002e-01,  1.80005908e+00,  6.02928460e-01,  4.10026878e-01,
          -8.02750826e-01,  1.21446788e+00,  3.11531723e-01, -5.36268055e-01,
           1.10015106e+00,  2.85822916e+00, -8.45702589e-01,  1.17976475e+00,
           2.54453689e-01,  1.09700489e+00,  4.76868361e-01, -3.37189108e-01,
           3.89450240e+00, -4.19109732e-01, -3.07741570e+00,  4.26429734e-02,
           2.58040738e+00,  8.02084565e-01,  6.38658479e-02,  1.42778611e+00,
           2.69168806e+00, -2.05463022e-01, -9.68112707e-01,  1.15669119e+00,
           1.66899502e+00,  9.49969649e-01,  1.13810778e+00,  4.97270860e-02,
           1.63934052e+00, -7.67265439e-01, -7.25244582e-01,  1.83219862e+00,
           6.35397248e-03,  3.03781080e+00,  6.87272251e-01,  1.89512503e+00,
           2.20566511e+00,  1.80114698e+00,  8.16019535e-01, -1.02856362e+00,
           2.97589600e-01, -6.96789026e-01,  6.27023220e-01,  1.24571115e-01,
           8.43800187e-01,  1.24295366e+00,  1.97025478e+00, -3.58955473e-01,
          -1.74222064e+00,  9.66672361e-01, -2.00612605e-01,  5.40512145e-01,
           1.16359580e+00,  8.62039030e-01, -1.67240345e+00,  1.63602257e+00,
           1.39490700e+00,  1.95795381e+00, -1.06784952e+00, -2.21277028e-01,
           1.51944780e+00, -6.01420626e-02,  6.82752952e-02, -1.35910630e+00,
          -2.01831564e-01,  3.04432559e+00,  7.86121786e-01, -5.70793033e-01,
           1.27021420e+00,  2.49007893e+00,  1.38914263e+00,  1.34829700e+00,
           1.60415459e+00,  1.81028676e+00,  1.21269321e+00,  6.17743097e-02,
           1.44382155e+00,  3.50704002e+00,  2.41953611e+00, -1.23202705e+00,
           4.29829121e-01, -2.44847722e-02,  6.60785913e-01,  1.45904839e+00,
           2.49896717e+00,  2.25281978e+00, -1.81479052e-01,  1.81131899e+00,
           1.99498177e+00,  1.07056394e-01,  2.30114174e+00,  1.91032827e+00,
          -1.44398415e+00,  2.13756394e+00, -7.06284881e-01,  2.46900272e+00,
           2.09470272e+00,  9.37495708e-01, -5.29216588e-01,  1.29765674e-01,
           9.36516464e-01,  1.25232613e+00,  1.00380528e+00, -5.11444211e-02,
          -4.65447456e-01,  1.58395040e+00,  4.36530972e+00,  1.16332626e+00,
           2.41335106e+00, -5.09446025e-01,  3.97015184e-01,  2.55760282e-01,
          -6.76333666e-01,  3.47395873e+00,  5.04098177e-01,  4.77779210e-01,
           1.01909876e+00,  1.03791738e+00,  4.11456633e+00,  9.41345513e-01,
           5.35268307e-01,  6.14429057e-01,  2.06632996e+00,  3.17029548e+00,
           7.51421034e-01, -7.69090831e-01, -2.92105615e-01,  7.87663087e-02,
           1.06376445e+00, -4.00583357e-01, -2.85352826e-01,  1.15650415e+00,
          -1.71662462e+00,  2.59206295e-01,  2.12280798e+00,  3.16408849e+00,
           1.53962266e+00,  1.57409096e+00,  3.31165045e-01,  2.24399781e+00,
          -3.53867263e-01,  3.21907610e-01,  2.42579842e+00,  1.61147213e+00,
          -1.96005273e+00, -6.65066421e-01, -5.41622579e-01,  6.56085432e-01,
           4.74930704e-01, -1.49477112e+00,  1.68991566e+00,  2.49475241e+00,
           1.56195855e+00, -1.20382190e+00, -2.31193453e-01,  2.09763503e+00,
          -1.20298839e+00, -9.11508083e-01,  3.24607939e-01, -1.45817780e+00,
           4.35260177e-01,  5.02817988e-01,  5.94470441e-01, -5.56897260e-02,
           1.90578163e+00, -3.95887017e-01,  5.77393651e-01,  8.90114009e-01,
           3.41430855e+00,  2.52682114e+00,  2.32479596e+00, -1.24652040e+00,
           2.11321640e+00,  1.99931055e-01, -3.77066135e-01,  5.00346279e+00,
           1.02693415e+00, -8.66954565e-01,  3.74680471e+00,  1.07190478e+00,
          -2.28486013e+00, -8.15030634e-02,  9.73068178e-02,  2.01501036e+00,
           7.27906287e-01,  1.42768443e+00,  5.07663786e-01, -1.43706560e+00,
          -1.11029172e+00, -1.17290378e+00, -9.54412282e-01,  7.15432465e-01,
           4.35177851e+00, -8.30021322e-01, -2.68322043e-03, -2.76543379e-01,
           1.95432091e+00, -4.27763551e-01, -2.05051899e+00,  5.25001287e-01,
           1.82827842e+00,  7.82841563e-01,  9.82079506e-01,  1.61704886e+00,
           1.28777599e+00,  2.14431643e+00,  1.39060760e+00,  1.07059145e+00,
          -2.41062149e-01,  2.50307441e+00,  1.40005350e+00, -3.07293445e-01,
          -9.46894825e-01,  1.03932905e+00, -7.90235400e-01,  4.08729583e-01,
           4.66242123e+00,  2.11422658e+00,  3.06874681e+00, -9.00535226e-01,
           1.77075088e+00,  1.97795904e+00,  1.65254366e+00,  8.67236018e-01,
          -3.03925753e-01, -6.03144288e-01,  1.69298220e+00,  7.39764988e-01,
           6.33770370e+00,  7.05909395e+00,  1.13383305e+00,  1.22028701e-01,
           6.28589511e-01, -2.29887832e-02,  1.04204893e-01,  1.53177226e+00,
          -1.82766259e+00, -1.87070000e+00, -5.31516254e-01, -1.37194502e+00,
           3.01529860e+00,  2.92995960e-01,  1.95993811e-01,  7.54569411e-01,
           1.84098363e+00,  3.24684095e+00,  2.12905622e+00, -3.30464602e-01,
          -2.31635666e+00,  1.00748515e+00, -9.60583866e-01, -9.94742632e-01,
          -1.37143183e+00,  1.50178149e-02, -6.12493515e-01, -1.26385820e+00,
          -1.19639671e+00, -2.10212898e+00, -1.07989907e+00, -1.46551025e+00,
          -1.38744044e+00, -1.62100422e+00, -1.27231109e+00, -7.74129033e-01,
          -1.36045349e+00, -1.43902802e+00, -4.24950153e-01, -7.00653672e-01,
          -2.90447164e+00, -9.55500066e-01, -1.87299883e+00, -1.01783395e+00,
           2.22577564e-02,  5.69213390e-01,  5.53964317e-01, -1.45070665e-02,
          -1.69028616e+00, -7.45892227e-01, -2.30475396e-01, -2.02160811e+00,
          -1.93020129e+00, -4.37267601e-01, -6.28484190e-01, -1.86337078e+00,
          -7.03180492e-01, -1.02320671e+00, -5.19847393e-01, -1.16824806e+00,
          -1.38272595e+00, -1.23386514e+00,  2.02023315e+00, -6.22008622e-01,
           9.19489026e-01,  1.70304507e-01, -1.65028310e+00,  1.92484379e+00,
          -2.05227613e+00, -1.63560295e+00,  2.17645228e-01,  6.97410762e-01,
          -2.16377878e+00,  4.34737559e-03,  2.02529803e-01, -2.21539140e+00,
           4.67203885e-01,  2.13782847e-01,  1.82266653e-01, -6.18256629e-01,
          -8.21361393e-02,  4.75924969e-01, -1.82733595e+00, -1.18843615e-01,
          -1.81662214e+00, -3.26190501e-01, -1.40986288e+00, -1.82602298e+00,
          -1.34339690e+00, -3.02534223e+00, -2.71300316e+00, -1.72065365e+00,
          -1.62497818e+00, -2.75755072e+00, -1.94806993e-01,  1.15033436e+00]]],
       device='cuda:0')
PGD attack margin (first 2 examples and 10 specs):
 tensor([[[0.93002284]]], device='cuda:0')
number of violation:  0
Attack finished in 8.3014 seconds.
PGD attack failed
verified_status unknown
verified_success False
Total VNNLIB file length: 1, max property batch size: 1, total number of batches: 1

Properties batch 0, size 1
Remaining timeout: 1152.875769853592
Verifying property 0 with 1 instances.
torch allclose failed: norm 8.889588571037166e-06
Model: BoundedModule(
  (/input-1): BoundInput(name=/input-1, inputs=[], perturbed=True)
  (/33): BoundParams(name=/33, inputs=[], perturbed=False)
  (/34): BoundParams(name=/34, inputs=[], perturbed=False)
  (/35): BoundParams(name=/35, inputs=[], perturbed=False)
  (/36): BoundParams(name=/36, inputs=[], perturbed=False)
  (/37): BoundParams(name=/37, inputs=[], perturbed=False)
  (/38): BoundParams(name=/38, inputs=[], perturbed=False)
  (/39): BoundParams(name=/39, inputs=[], perturbed=False)
  (/40): BoundParams(name=/40, inputs=[], perturbed=False)
  (/41): BoundParams(name=/41, inputs=[], perturbed=False)
  (/42): BoundParams(name=/42, inputs=[], perturbed=False)
  (/43): BoundParams(name=/43, inputs=[], perturbed=False)
  (/44): BoundParams(name=/44, inputs=[], perturbed=False)
  (/45): BoundParams(name=/45, inputs=[], perturbed=False)
  (/46): BoundParams(name=/46, inputs=[], perturbed=False)
  (/47): BoundParams(name=/47, inputs=[], perturbed=False)
  (/48): BoundParams(name=/48, inputs=[], perturbed=False)
  (/49): BoundParams(name=/49, inputs=[], perturbed=False)
  (/50): BoundParams(name=/50, inputs=[], perturbed=False)
  (/51): BoundParams(name=/51, inputs=[], perturbed=False)
  (/52): BoundParams(name=/52, inputs=[], perturbed=False)
  (/53): BoundParams(name=/53, inputs=[], perturbed=False)
  (/54): BoundParams(name=/54, inputs=[], perturbed=False)
  (/55): BoundParams(name=/55, inputs=[], perturbed=False)
  (/56): BoundParams(name=/56, inputs=[], perturbed=False)
  (/57): BoundParams(name=/57, inputs=[], perturbed=False)
  (/58): BoundParams(name=/58, inputs=[], perturbed=False)
  (/59): BoundParams(name=/59, inputs=[], perturbed=False)
  (/60): BoundParams(name=/60, inputs=[], perturbed=False)
  (/61): BoundParams(name=/61, inputs=[], perturbed=False)
  (/62): BoundParams(name=/62, inputs=[], perturbed=False)
  (/63): BoundParams(name=/63, inputs=[], perturbed=False)
  (/64): BoundParams(name=/64, inputs=[], perturbed=False)
  (/input): BoundConv(name=/input, inputs=[/input-1, /33, /34], perturbed=True)
  (/66): BoundRelu(name=/66, inputs=[/input], perturbed=True)
  (/input-4): BoundConv(name=/input-4, inputs=[/66, /35, /36], perturbed=True)
  (/68): BoundRelu(name=/68, inputs=[/input-4], perturbed=True)
  (/input-12): BoundConv(name=/input-12, inputs=[/input-8/add_3_4, /37, /38], perturbed=True)
  (/71): BoundRelu(name=/71, inputs=[/input-12], perturbed=True)
  (/input-16): BoundConv(name=/input-16, inputs=[/71, /39, /40], perturbed=True)
  (/73): BoundRelu(name=/73, inputs=[/input-16], perturbed=True)
  (/input-24): BoundConv(name=/input-24, inputs=[/input-20/add_3_4, /41, /42], perturbed=True)
  (/76): BoundRelu(name=/76, inputs=[/input-24], perturbed=True)
  (/input-28): BoundConv(name=/input-28, inputs=[/76, /43, /44], perturbed=True)
  (/78): BoundRelu(name=/78, inputs=[/input-28], perturbed=True)
  (/input-32): BoundConv(name=/input-32, inputs=[/78, /45, /46], perturbed=True)
  (/80): BoundRelu(name=/80, inputs=[/input-32], perturbed=True)
  (/input-40): BoundConv(name=/input-40, inputs=[/input-36/add_3_4, /47, /48], perturbed=True)
  (/83): BoundRelu(name=/83, inputs=[/input-40], perturbed=True)
  (/input-44): BoundConv(name=/input-44, inputs=[/83, /49, /50], perturbed=True)
  (/85): BoundRelu(name=/85, inputs=[/input-44], perturbed=True)
  (/input-48): BoundConv(name=/input-48, inputs=[/85, /51, /52], perturbed=True)
  (/87): BoundRelu(name=/87, inputs=[/input-48], perturbed=True)
  (/input-56): BoundConv(name=/input-56, inputs=[/input-52/add_3_4, /53, /54], perturbed=True)
  (/90): BoundRelu(name=/90, inputs=[/input-56], perturbed=True)
  (/input-60): BoundConv(name=/input-60, inputs=[/90, /55, /56], perturbed=True)
  (/92): BoundRelu(name=/92, inputs=[/input-60], perturbed=True)
  (/input-64): BoundConv(name=/input-64, inputs=[/92, /57, /58], perturbed=True)
  (/94): BoundRelu(name=/94, inputs=[/input-64], perturbed=True)
  (/96): BoundFlatten(name=/96, inputs=[/95/add_3_4], perturbed=True)
  (/input-68): BoundLinear(name=/input-68, inputs=[/96, /59, /60], perturbed=True)
  (/98): BoundRelu(name=/98, inputs=[/input-68], perturbed=True)
  (/99): BoundFlatten(name=/99, inputs=[/98], perturbed=True)
  (/input-72): BoundLinear(name=/input-72, inputs=[/99, /61, /62], perturbed=True)
  (/101): BoundRelu(name=/101, inputs=[/input-72], perturbed=True)
  (/102): BoundFlatten(name=/102, inputs=[/101], perturbed=True)
  (/103): BoundLinear(name=/103, inputs=[/102, /63, /64], perturbed=True)
  (/input-8/conv_1): BoundConv(name=/input-8/conv_1, inputs=[/68, /input-8/conv_1_w], perturbed=True)
  (/input-8/conv_1_relu): BoundRelu(name=/input-8/conv_1_relu, inputs=[/input-8/conv_1], perturbed=True)
  (/input-8/conv_1_w): BoundParams(name=/input-8/conv_1_w, inputs=[], perturbed=False)
  (/input-8/conv_2): BoundConv(name=/input-8/conv_2, inputs=[/68, /input-8/conv_2_w], perturbed=True)
  (/input-8/conv_2_w): BoundParams(name=/input-8/conv_2_w, inputs=[], perturbed=False)
  (/input-8/conv_3): BoundConv(name=/input-8/conv_3, inputs=[/input-8/add_1_2, /input-8/conv_3_w], perturbed=True)
  (/input-8/conv_3_relu): BoundRelu(name=/input-8/conv_3_relu, inputs=[/input-8/conv_3], perturbed=True)
  (/input-8/conv_3_w): BoundParams(name=/input-8/conv_3_w, inputs=[], perturbed=False)
  (/input-8/conv_4): BoundConv(name=/input-8/conv_4, inputs=[/input-8/add_1_2, /input-8/conv_4_w], perturbed=True)
  (/input-8/conv_4_w): BoundParams(name=/input-8/conv_4_w, inputs=[], perturbed=False)
  (/input-8/add_1_2): BoundAdd(name=/input-8/add_1_2, inputs=[/input-8/conv_1_relu, /input-8/conv_2], perturbed=True)
  (/input-8/add_3_4): BoundAdd(name=/input-8/add_3_4, inputs=[/input-8/conv_3_relu, /input-8/conv_4], perturbed=True)
  (/input-20/conv_1): BoundConv(name=/input-20/conv_1, inputs=[/73, /input-20/conv_1_w], perturbed=True)
  (/input-20/conv_1_relu): BoundRelu(name=/input-20/conv_1_relu, inputs=[/input-20/conv_1], perturbed=True)
  (/input-20/conv_1_w): BoundParams(name=/input-20/conv_1_w, inputs=[], perturbed=False)
  (/input-20/conv_2): BoundConv(name=/input-20/conv_2, inputs=[/73, /input-20/conv_2_w], perturbed=True)
  (/input-20/conv_2_w): BoundParams(name=/input-20/conv_2_w, inputs=[], perturbed=False)
  (/input-20/conv_3): BoundConv(name=/input-20/conv_3, inputs=[/input-20/add_1_2, /input-20/conv_3_w], perturbed=True)
  (/input-20/conv_3_relu): BoundRelu(name=/input-20/conv_3_relu, inputs=[/input-20/conv_3], perturbed=True)
  (/input-20/conv_3_w): BoundParams(name=/input-20/conv_3_w, inputs=[], perturbed=False)
  (/input-20/conv_4): BoundConv(name=/input-20/conv_4, inputs=[/input-20/add_1_2, /input-20/conv_4_w], perturbed=True)
  (/input-20/conv_4_w): BoundParams(name=/input-20/conv_4_w, inputs=[], perturbed=False)
  (/input-20/add_1_2): BoundAdd(name=/input-20/add_1_2, inputs=[/input-20/conv_1_relu, /input-20/conv_2], perturbed=True)
  (/input-20/add_3_4): BoundAdd(name=/input-20/add_3_4, inputs=[/input-20/conv_3_relu, /input-20/conv_4], perturbed=True)
  (/input-36/conv_1): BoundConv(name=/input-36/conv_1, inputs=[/80, /input-36/conv_1_w], perturbed=True)
  (/input-36/conv_1_relu): BoundRelu(name=/input-36/conv_1_relu, inputs=[/input-36/conv_1], perturbed=True)
  (/input-36/conv_1_w): BoundParams(name=/input-36/conv_1_w, inputs=[], perturbed=False)
  (/input-36/conv_2): BoundConv(name=/input-36/conv_2, inputs=[/80, /input-36/conv_2_w], perturbed=True)
  (/input-36/conv_2_w): BoundParams(name=/input-36/conv_2_w, inputs=[], perturbed=False)
  (/input-36/conv_3): BoundConv(name=/input-36/conv_3, inputs=[/input-36/add_1_2, /input-36/conv_3_w], perturbed=True)
  (/input-36/conv_3_relu): BoundRelu(name=/input-36/conv_3_relu, inputs=[/input-36/conv_3], perturbed=True)
  (/input-36/conv_3_w): BoundParams(name=/input-36/conv_3_w, inputs=[], perturbed=False)
  (/input-36/conv_4): BoundConv(name=/input-36/conv_4, inputs=[/input-36/add_1_2, /input-36/conv_4_w], perturbed=True)
  (/input-36/conv_4_w): BoundParams(name=/input-36/conv_4_w, inputs=[], perturbed=False)
  (/input-36/add_1_2): BoundAdd(name=/input-36/add_1_2, inputs=[/input-36/conv_1_relu, /input-36/conv_2], perturbed=True)
  (/input-36/add_3_4): BoundAdd(name=/input-36/add_3_4, inputs=[/input-36/conv_3_relu, /input-36/conv_4], perturbed=True)
  (/input-52/conv_1): BoundConv(name=/input-52/conv_1, inputs=[/87, /input-52/conv_1_w], perturbed=True)
  (/input-52/conv_1_relu): BoundRelu(name=/input-52/conv_1_relu, inputs=[/input-52/conv_1], perturbed=True)
  (/input-52/conv_1_w): BoundParams(name=/input-52/conv_1_w, inputs=[], perturbed=False)
  (/input-52/conv_2): BoundConv(name=/input-52/conv_2, inputs=[/87, /input-52/conv_2_w], perturbed=True)
  (/input-52/conv_2_w): BoundParams(name=/input-52/conv_2_w, inputs=[], perturbed=False)
  (/input-52/conv_3): BoundConv(name=/input-52/conv_3, inputs=[/input-52/add_1_2, /input-52/conv_3_w], perturbed=True)
  (/input-52/conv_3_relu): BoundRelu(name=/input-52/conv_3_relu, inputs=[/input-52/conv_3], perturbed=True)
  (/input-52/conv_3_w): BoundParams(name=/input-52/conv_3_w, inputs=[], perturbed=False)
  (/input-52/conv_4): BoundConv(name=/input-52/conv_4, inputs=[/input-52/add_1_2, /input-52/conv_4_w], perturbed=True)
  (/input-52/conv_4_w): BoundParams(name=/input-52/conv_4_w, inputs=[], perturbed=False)
  (/input-52/add_1_2): BoundAdd(name=/input-52/add_1_2, inputs=[/input-52/conv_1_relu, /input-52/conv_2], perturbed=True)
  (/input-52/add_3_4): BoundAdd(name=/input-52/add_3_4, inputs=[/input-52/conv_3_relu, /input-52/conv_4], perturbed=True)
  (/95/conv_1): BoundConv(name=/95/conv_1, inputs=[/94, /95/conv_1_w], perturbed=True)
  (/95/conv_1_relu): BoundRelu(name=/95/conv_1_relu, inputs=[/95/conv_1], perturbed=True)
  (/95/conv_1_w): BoundParams(name=/95/conv_1_w, inputs=[], perturbed=False)
  (/95/conv_2): BoundConv(name=/95/conv_2, inputs=[/94, /95/conv_2_w], perturbed=True)
  (/95/conv_2_w): BoundParams(name=/95/conv_2_w, inputs=[], perturbed=False)
  (/95/conv_3): BoundConv(name=/95/conv_3, inputs=[/95/add_1_2, /95/conv_3_w], perturbed=True)
  (/95/conv_3_relu): BoundRelu(name=/95/conv_3_relu, inputs=[/95/conv_3], perturbed=True)
  (/95/conv_3_w): BoundParams(name=/95/conv_3_w, inputs=[], perturbed=False)
  (/95/conv_4): BoundConv(name=/95/conv_4, inputs=[/95/add_1_2, /95/conv_4_w], perturbed=True)
  (/95/conv_4_w): BoundParams(name=/95/conv_4_w, inputs=[], perturbed=False)
  (/95/add_1_2): BoundAdd(name=/95/add_1_2, inputs=[/95/conv_1_relu, /95/conv_2], perturbed=True)
  (/95/add_3_4): BoundAdd(name=/95/add_3_4, inputs=[/95/conv_3_relu, /95/conv_4], perturbed=True)
)
Model prediction is: tensor([-9.84179795e-01,  1.78342175e+00, -1.65946984e+00, -2.14096665e+00,
        -1.46826673e+00,  1.75357834e-01, -7.30330586e-01, -1.95730102e+00,
        -1.85451174e+00, -1.51710176e+00, -1.35815728e+00, -4.11743313e-01,
        -3.48076701e-01, -1.24723291e+00, -9.21046510e-02,  3.43290418e-02,
        -9.35703754e-01, -1.47425926e+00, -6.55720174e-01, -1.00309396e+00,
        -1.09267521e+00, -8.29576850e-01, -1.46691054e-01, -1.36786711e+00,
        -7.48240113e-01, -1.42012179e+00, -3.19098771e-01, -1.08758259e+00,
        -1.25191307e+00,  1.99972928e-01, -1.85585511e+00,  5.51505834e-02,
        -1.32559180e+00, -2.10358357e+00, -1.54572630e+00, -1.48802209e+00,
         9.04216170e-01, -1.97223961e+00, -1.92081586e-01, -1.61068130e+00,
         1.90654412e-01, -1.71016526e+00, -1.92022836e+00, -1.09539115e+00,
        -9.80161905e-01, -1.17258847e+00,  2.22642064e-01, -1.19960833e+00,
        -2.18232656e+00, -3.94301176e-01,  2.84640133e-01, -2.56643987e+00,
        -2.85980195e-01,  5.81210405e-02, -8.72064471e-01, -1.64797616e+00,
        -7.23807335e-01, -1.83492017e+00, -1.37307748e-01, -2.69149035e-01,
        -3.29179168e-01, -1.16626072e+00, -1.40062332e+00,  1.56723335e-01,
        -4.76025462e-01, -6.41691029e-01, -9.29536283e-01, -4.32161331e-01,
        -1.52156866e+00, -1.94049323e+00, -2.20292434e-01,  2.68676430e-01,
         3.59951258e-01,  1.65134072e+00,  6.76981688e-01,  1.08223033e+00,
         2.96893418e-01,  1.31411231e+00,  5.01041949e-01,  1.50668108e+00,
        -4.22047153e-02, -2.40017557e+00, -1.39452422e+00, -1.67768061e+00,
        -7.95280695e-01, -9.53929245e-01, -1.85696054e+00,  1.51353776e-01,
         2.76783377e-01, -1.22894156e+00, -5.86131811e-01, -1.05233443e+00,
        -2.65643388e-01, -3.53371084e-01,  4.24528301e-01, -1.98340750e+00,
         5.25773391e-02, -9.90075290e-01,  7.76342690e-01, -9.13084090e-01,
         4.94704366e-01, -1.68907261e+00, -1.89087903e+00,  1.25118268e+00,
        -1.92909002e+00, -2.49308205e+00, -1.50275803e+00, -2.42326811e-01,
        -1.03368545e+00, -1.87273872e+00, -4.42556232e-01,  2.27978230e+00,
        -6.48752511e-01, -1.11642800e-01, -6.44071519e-01, -1.93520951e+00,
        -1.67195356e+00, -4.67194356e-02, -1.01222730e+00, -2.35374641e+00,
        -2.12307382e+00, -1.83236599e+00, -1.55440629e+00, -2.71769238e+00,
        -1.97087431e+00, -1.87859976e+00,  7.28697330e-03, -5.18510997e-01,
         6.05573714e-01,  6.46344602e-01,  3.01246583e-01, -4.93055850e-01,
         6.31471932e-01, -7.01597750e-01,  2.76547186e-02, -5.45125425e-01,
        -9.13617313e-01,  2.97919959e-01, -1.26598108e+00, -2.03704786e+00,
        -2.24849796e+00,  3.26018155e-01, -5.68456292e-01, -8.08636904e-01,
        -8.53751302e-01, -1.43158591e+00, -2.34047890e+00, -2.32631769e-02,
        -1.72823817e-01, -7.29910433e-01, -1.70270526e+00, -8.67135972e-02,
        -1.21072578e+00, -9.87777635e-02, -5.47587395e-01, -8.18097770e-01,
        -8.95358205e-01, -4.11435962e-01, -1.26179099e+00, -9.55665886e-01,
        -1.21479046e+00, -2.86848545e-01,  2.01180115e-01, -8.96535635e-01,
        -8.20753455e-01, -6.18012011e-01, -1.08340251e+00, -1.16084099e+00,
        -2.39506602e-01, -1.02929842e+00, -9.63734448e-01, -7.28976250e-01,
        -1.10617685e+00, -9.81245100e-01, -1.22732234e+00, -1.03896976e+00,
        -1.60110235e+00, -5.56433499e-01,  7.03218952e-03, -1.50798464e+00,
        -1.87544191e+00, -4.22065854e-01, -2.13078350e-01, -7.68753052e-01,
        -4.34505269e-02, -3.20469350e-01, -3.28677088e-01,  1.49169695e-02,
        -1.14830410e+00, -1.36155665e+00, -8.37880790e-01,  9.98911485e-02,
        -6.38175130e-01, -1.01736867e+00, -9.89218593e-01,  4.86058533e-01,
        -7.77579308e-01, -1.35537755e+00, -1.61660516e+00, -1.28801048e-01,
        -8.46764863e-01, -9.26898956e-01, -6.92141712e-01,  7.44025826e-01,
        -3.55130374e-01, -7.87143409e-01, -1.13184059e+00, -5.21467626e-01,
        -9.04965758e-01, -6.60465479e-01, -1.76459515e+00, -5.14156044e-01,
        -5.10443985e-01, -8.00164461e-01, -1.01588511e+00, -6.63088322e-01,
        -1.02215254e+00, -2.89844424e-01, -7.69215524e-01, -8.95132124e-01,
        -5.68263352e-01, -2.06499889e-01, -8.07121396e-01,  2.43256658e-01,
         1.51860058e-01, -1.29464364e+00, -1.02105069e+00, -1.16126359e+00,
        -1.17796350e+00, -1.71879202e-01, -1.22657669e+00, -7.30603039e-01,
        -5.63727677e-01, -7.54775226e-01, -4.18908715e-01, -5.66245139e-01,
        -8.64896595e-01, -4.42823172e-01, -1.11138558e+00, -2.14345962e-01,
        -5.59262574e-01, -8.22266519e-01, -2.23167568e-01, -1.89354670e+00,
        -8.99703145e-01, -4.81627494e-01, -1.70389771e+00, -6.22510672e-01,
        -4.69709039e-01, -2.43944317e-01, -7.21925020e-01, -9.69572961e-01,
        -2.74505347e-01, -3.10767591e-01,  6.22894585e-01, -1.49608672e+00,
        -1.10925055e+00, -2.16424733e-01, -5.36130905e-01,  2.22712889e-01,
         3.68295498e-02, -1.00291145e+00, -1.17892194e+00, -5.70672095e-01,
        -7.98856199e-01,  1.95634618e-01, -8.73932898e-01, -7.58074999e-01,
        -1.90766966e+00, -2.35327601e-01, -7.64066935e-01, -3.24603796e-01,
        -1.02518633e-01, -5.13322949e-02, -8.97715867e-01, -8.08240056e-01,
        -9.25433993e-01,  2.72334576e-01, -8.87398481e-01, -5.91078028e-02,
        -4.10520107e-01,  8.49178076e-01,  9.81223643e-01,  1.73738956e+00,
         1.66868842e+00,  4.53346074e-01, -1.29703701e+00, -8.00797522e-01,
        -1.08273244e+00, -1.71230733e+00, -1.26060498e+00, -1.10350966e+00,
        -8.56840193e-01, -3.84237111e-01, -1.40661705e+00, -1.06898212e+00,
         3.95610519e-02, -1.24819005e+00, -2.00576544e+00, -1.01715922e+00,
        -1.91181576e+00, -9.16883498e-02, -3.43428612e-01, -6.23639524e-01,
        -1.28230953e+00, -2.09697771e+00, -1.58627257e-01, -5.83400726e-01,
        -7.35536441e-02, -7.23722816e-01,  1.35620344e+00, -4.92353216e-02,
        -6.07966244e-01,  1.19331396e+00,  9.64933872e-01,  2.52666175e-01,
        -9.95524168e-01, -1.53694713e+00,  4.51593727e-01,  5.77102780e-01,
         7.54733607e-02, -2.05622721e+00, -1.99010277e+00, -1.31786871e+00,
        -1.96652126e+00, -2.36415911e+00, -1.96841538e+00, -1.19827390e+00,
        -1.73125112e+00, -2.18006682e+00, -6.61818624e-01,  1.43195823e-01,
         7.15379655e-01, -7.88374990e-02, -6.12542570e-01, -1.07127106e+00,
        -2.47646904e+00,  8.69409859e-01,  6.27952814e-02, -1.67317450e+00,
        -1.06954527e+00, -1.18993056e+00, -1.79125166e+00, -1.90669346e+00,
        -1.01909781e+00, -1.65675259e+00, -1.35068977e+00, -1.09585595e+00,
        -3.02012229e+00, -2.24648333e+00, -2.48246789e+00, -1.79125273e+00,
        -1.67361343e+00, -1.43388987e+00, -1.46207881e+00, -1.81474638e+00,
        -2.57706583e-01, -4.62707579e-01, -4.27518263e-02, -3.04025412e-01,
        -6.20721459e-01,  4.27212715e-01, -8.63477588e-04, -8.29969406e-01,
        -2.01806402e+00, -9.97701705e-01, -1.43772161e+00, -1.20638978e+00,
        -1.04446614e+00, -1.49048626e+00, -1.12033355e+00, -1.94787836e+00,
        -1.22895026e+00, -1.15358293e+00, -9.97431695e-01, -1.83699119e+00,
        -6.39066100e-01, -7.31127262e-01, -5.96474767e-01, -1.69887638e+00,
        -6.18547082e-01, -1.31479585e+00, -9.22178030e-01, -1.15892458e+00,
        -9.92899716e-01, -1.17045355e+00, -1.53362656e+00, -1.45824552e+00,
        -1.90452623e+00, -2.70894080e-01, -1.32443845e+00, -6.28152788e-01,
        -6.00156963e-01, -1.84754705e+00, -8.49029243e-01,  2.16382548e-01,
        -1.94336438e+00, -1.82412338e+00,  4.62198168e-01,  6.70012593e-01,
        -5.70575058e-01,  9.33291078e-01,  5.96259952e-01, -8.78953874e-01,
        -4.20701355e-02,  1.21657634e+00,  6.87491223e-02,  1.43429667e-01,
        -1.57139122e+00,  3.52404642e+00, -9.74594653e-01,  1.99200773e+00,
         4.35038567e-01,  1.03818142e+00,  1.04173994e+00, -3.87083203e-01,
         2.41149855e+00,  1.27000439e+00,  2.82400322e+00,  1.54482114e+00,
         4.09393251e-01,  9.65173662e-01,  2.42918991e-02, -5.69787472e-02,
         7.08634496e-01,  8.33526015e-01,  1.68773758e+00, -6.34775817e-01,
        -3.34308535e-01, -3.06494147e-01, -8.08157384e-01, -6.66041374e-02,
         7.39579082e-01,  8.70606899e-01,  8.96447003e-01,  2.12892413e+00,
        -1.48728371e-01, -9.17006731e-02,  1.93970466e+00,  4.28118110e-01,
         7.67523348e-02,  1.69035459e+00,  3.09108645e-01,  1.76513672e+00,
        -7.00287879e-01, -4.77978766e-01,  4.22877979e+00,  3.34911376e-01,
         1.95805311e-01,  1.13521767e+00, -7.14891016e-01,  5.70791006e-01,
        -7.06546843e-01,  1.23246288e+00, -9.20325696e-01,  2.49449313e-01,
         1.35365069e+00,  7.07102478e-01, -1.42649949e-01,  6.76510572e-01,
        -1.87635243e+00,  1.03470296e-01,  2.53869796e+00,  4.48975712e-03,
         1.36008537e+00,  1.46578860e+00, -6.56728148e-01, -1.82629597e+00,
         5.40014207e-01,  1.74413681e-01,  1.34952343e+00, -1.33045387e+00,
         4.83301431e-01,  1.12123108e+00, -1.01830935e+00,  1.54522300e+00,
         1.16891325e-01,  5.63194215e-01,  9.84890282e-01, -3.59841436e-01,
         3.33706260e+00,  2.33429766e+00,  1.69915724e+00, -1.06626379e+00,
        -1.06661308e+00,  2.09804010e+00,  8.49856853e-01,  2.72363806e+00,
         3.18083912e-01, -5.36515296e-01,  1.95507973e-01, -3.11295301e-01,
         1.66514683e+00,  1.74765015e+00,  1.91638041e+00,  1.25421357e+00,
         3.69788647e-01,  3.47614586e-01,  1.48121309e+00,  3.07606316e+00,
        -2.40834451e+00, -1.38275608e-01, -9.26617742e-01,  7.32282221e-01,
         1.21207738e+00,  5.31943798e-01, -1.35161340e+00,  1.75866568e+00,
         1.76196527e+00, -1.53408337e+00, -4.32997286e-01, -1.90806106e-01,
         7.49518871e-01, -2.09819317e-01, -1.01578736e+00, -8.69624555e-01,
        -1.23460591e+00,  4.72366244e-01,  5.25724828e-01,  2.51287818e-01,
         6.51506037e-02,  5.27286172e-01, -7.04173267e-01,  4.40302402e-01,
        -5.04521430e-01, -1.53923929e+00,  1.73006260e+00,  2.50102592e+00,
         6.06545150e-01,  4.49976206e-01,  3.50532556e+00,  1.93121660e+00,
         1.15774667e+00,  7.64062166e-01,  3.11183000e+00, -1.41371250e+00,
        -1.17983174e+00, -1.17051351e+00, -1.23572767e-01,  3.32513762e+00,
        -2.36511558e-01, -9.56264079e-01,  2.13560057e+00,  1.06488109e-01,
        -5.84334135e-01,  1.16322863e+00,  5.68367302e-01, -2.00696564e+00,
         1.87157106e+00,  4.30902004e+00, -1.64063290e-01,  7.40235031e-01,
         9.85206187e-01,  2.68216038e+00, -6.72997236e-01, -1.08009934e-01,
         4.72176933e+00,  1.81390274e+00,  1.27255642e+00,  1.01773608e+00,
        -9.53350961e-01,  9.26398784e-02,  1.98626196e+00,  2.07221842e+00,
         7.25617766e-01,  1.67819929e+00, -6.31795645e-01,  4.56972986e-01,
        -3.68544757e-01, -1.39000201e+00,  6.20416284e-01,  2.31574357e-01,
         1.16706407e+00, -4.13001299e-01,  1.95197850e-01, -1.94907248e-01,
        -7.65768707e-01,  1.12566411e+00,  4.82908547e-01,  2.14156723e+00,
         4.58742321e-01,  4.07628834e-01, -1.41478312e+00,  1.00436196e-01,
         1.79727280e+00,  1.14575183e+00, -1.00063872e+00,  1.69033408e+00,
         1.85564888e+00,  1.48109150e+00,  1.92223370e+00,  4.60358429e+00,
         1.22835112e+00,  1.63468981e+00,  1.28699496e-01, -8.26403916e-01,
         1.61323714e+00, -7.51487255e-01,  2.66104245e+00,  1.66698921e+00,
         1.90505469e+00, -1.19268470e-01,  1.97406507e+00, -1.80007637e+00,
         1.69959664e+00,  2.95891237e+00,  1.93731081e+00,  2.01992288e-01,
         5.12562454e-01, -3.31876338e-01,  1.52994299e+00,  1.51445079e+00,
        -1.48035452e-01,  1.49121380e+00,  3.67803454e-01,  1.02327371e+00,
         8.76734436e-01,  2.37184271e-01,  1.49594820e+00,  3.57580948e+00,
         3.49847221e+00,  3.99051696e-01,  9.62285876e-01,  2.23757315e+00,
        -5.03836572e-01, -7.12950170e-01,  1.93948817e+00,  2.75691986e-01,
        -9.98574257e-01,  1.58937025e+00, -2.41447359e-01,  5.84907830e-01,
         3.33508277e+00,  1.07114673e+00, -1.39052975e+00,  6.76035166e-01,
         2.48526287e+00,  6.25623465e-01,  3.05942178e-01,  1.72201708e-01,
        -1.44147718e+00,  5.19913435e-01,  3.52678746e-02, -5.04816413e-01,
         2.35072994e+00, -1.67303109e+00,  7.41473556e-01,  9.71580029e-01,
         2.80046630e+00, -2.43692470e+00,  2.15155005e+00,  5.10137892e+00,
        -1.02440715e+00, -1.97786793e-01, -7.34699845e-01,  1.39043558e+00,
        -2.53827065e-01,  8.40286613e-01, -7.76182353e-01,  7.86238432e-01,
         8.91969621e-01, -1.31244731e+00,  2.31320190e+00, -1.81365359e+00,
         4.21095657e+00, -2.55343094e-02, -6.31593883e-01, -2.60444403e-01,
        -6.96033061e-01,  2.32742405e+00,  1.80727988e-01, -5.79394281e-01,
        -3.67329091e-01,  1.79091024e+00,  5.81714749e-01,  4.16423827e-01,
        -8.41437340e-01,  1.18201339e+00,  2.90133744e-01, -5.42043269e-01,
         1.08862484e+00,  2.85462618e+00, -8.63718688e-01,  1.14414454e+00,
         2.38448262e-01,  1.06412446e+00,  4.30521578e-01, -3.49990577e-01,
         3.88298035e+00, -4.32096213e-01, -3.06634784e+00,  3.80854681e-03,
         2.61746383e+00,  8.56017351e-01,  1.19542427e-01,  1.42567003e+00,
         2.72893333e+00, -1.74758866e-01, -9.74356711e-01,  1.12488234e+00,
         1.65639734e+00,  9.96561170e-01,  1.12443805e+00,  7.75482282e-02,
         1.63725388e+00, -7.52757072e-01, -7.18163431e-01,  1.81675792e+00,
        -4.74288762e-02,  3.10647774e+00,  6.99068189e-01,  1.89069438e+00,
         2.24206424e+00,  1.78296161e+00,  7.86591709e-01, -1.07671261e+00,
         3.19113433e-01, -6.86180592e-01,  6.55573487e-01,  1.12668350e-01,
         8.35671306e-01,  1.31297410e+00,  1.94962800e+00, -3.49092782e-01,
        -1.74363256e+00,  1.00967121e+00, -2.48968646e-01,  5.70396423e-01,
         1.20252144e+00,  8.30701411e-01, -1.68049037e+00,  1.62263691e+00,
         1.37141633e+00,  1.97731197e+00, -1.08505321e+00, -2.23503843e-01,
         1.51526761e+00, -4.92885932e-02,  9.65229794e-02, -1.36650133e+00,
        -2.24707589e-01,  3.06971145e+00,  7.70486712e-01, -6.11503005e-01,
         1.23944390e+00,  2.46407223e+00,  1.38126493e+00,  1.32749200e+00,
         1.61605299e+00,  1.81636786e+00,  1.25345349e+00,  8.14673528e-02,
         1.45057213e+00,  3.48031282e+00,  2.38309050e+00, -1.23915195e+00,
         4.79008019e-01,  1.60679594e-03,  6.72168493e-01,  1.42557919e+00,
         2.49345112e+00,  2.23291898e+00, -1.60697773e-01,  1.76018727e+00,
         1.98271954e+00,  8.86693150e-02,  2.28864002e+00,  1.92888737e+00,
        -1.45450199e+00,  2.13115120e+00, -6.98062301e-01,  2.42074227e+00,
         2.10558820e+00,  9.43115056e-01, -5.13871312e-01,  1.72631234e-01,
         9.20157969e-01,  1.22283733e+00,  9.88554597e-01, -3.60955000e-02,
        -4.46124166e-01,  1.57872868e+00,  4.38087559e+00,  1.13951576e+00,
         2.39643621e+00, -4.99681026e-01,  3.65727454e-01,  2.22581491e-01,
        -6.70111001e-01,  3.45463252e+00,  5.46071768e-01,  5.03779709e-01,
         9.99670267e-01,  1.07365465e+00,  4.18049049e+00,  9.28806722e-01,
         5.16219079e-01,  6.68838799e-01,  2.02695799e+00,  3.20422173e+00,
         7.52900660e-01, -7.26796329e-01, -2.87765354e-01,  8.15049037e-02,
         1.03305054e+00, -4.12174314e-01, -2.86785752e-01,  1.14625692e+00,
        -1.71308136e+00,  2.96519130e-01,  2.08967447e+00,  3.14934540e+00,
         1.55228674e+00,  1.55305076e+00,  3.68022054e-01,  2.28708196e+00,
        -3.40604246e-01,  3.19939047e-01,  2.39261103e+00,  1.64505792e+00,
        -1.98040438e+00, -6.63174629e-01, -5.59090793e-01,  6.17023051e-01,
         4.90356952e-01, -1.49435163e+00,  1.64707756e+00,  2.46999168e+00,
         1.55403984e+00, -1.18823647e+00, -2.28935197e-01,  2.09261489e+00,
        -1.19115520e+00, -9.14042354e-01,  3.11485738e-01, -1.46196902e+00,
         4.41593170e-01,  5.29695868e-01,  5.88532865e-01, -4.19704951e-02,
         1.92732859e+00, -4.07081962e-01,  6.28882289e-01,  9.55794752e-01,
         3.38333154e+00,  2.52953672e+00,  2.31117105e+00, -1.25032949e+00,
         2.06783128e+00,  2.15827093e-01, -3.72982800e-01,  5.02121162e+00,
         9.86123502e-01, -8.52944851e-01,  3.77316022e+00,  1.05791128e+00,
        -2.31723928e+00, -1.00826703e-01,  1.18899286e-01,  2.03336430e+00,
         7.02140629e-01,  1.41864216e+00,  5.14699280e-01, -1.41991973e+00,
        -1.11501002e+00, -1.17450988e+00, -9.30842459e-01,  7.29447186e-01,
         4.41872501e+00, -8.49615872e-01,  2.01572943e-02, -2.31740475e-01,
         1.94407749e+00, -4.37267512e-01, -2.05299568e+00,  4.93935972e-01,
         1.86001265e+00,  7.56453335e-01,  9.42616343e-01,  1.69571519e+00,
         1.30852604e+00,  2.12085438e+00,  1.38893902e+00,  1.07629347e+00,
        -2.48412445e-01,  2.49029469e+00,  1.39930987e+00, -3.14195961e-01,
        -9.45567012e-01,  1.06569266e+00, -8.27761173e-01,  3.70806128e-01,
         4.65505409e+00,  2.11915302e+00,  3.05725408e+00, -9.07862425e-01,
         1.75920713e+00,  1.96549881e+00,  1.68722975e+00,  8.88622165e-01,
        -2.94741631e-01, -6.62230730e-01,  1.67535222e+00,  7.54926145e-01,
         6.40320826e+00,  7.14114761e+00,  1.09984040e+00,  1.16318151e-01,
         6.50410891e-01, -3.58412750e-02,  1.02493599e-01,  1.52655292e+00,
        -1.84158361e+00, -1.85409427e+00, -5.10256708e-01, -1.31360590e+00,
         3.03067780e+00,  3.01699966e-01,  1.84576616e-01,  7.37032592e-01,
         1.82988679e+00,  3.26200843e+00,  2.19055963e+00, -3.24407548e-01,
        -2.30775332e+00,  1.01166391e+00, -9.65088308e-01, -9.74798143e-01,
        -1.35513687e+00,  6.50148094e-02, -6.31709516e-01, -1.24845886e+00,
        -1.19786882e+00, -2.09636354e+00, -1.04867423e+00, -1.48642862e+00,
        -1.40816939e+00, -1.62405264e+00, -1.30128634e+00, -7.64203906e-01,
        -1.40360522e+00, -1.47656572e+00, -4.43239421e-01, -6.98869586e-01,
        -2.92256713e+00, -9.50027406e-01, -1.89101589e+00, -9.68869090e-01,
         7.63293775e-03,  5.96030593e-01,  5.82679331e-01, -9.84374806e-03,
        -1.71530473e+00, -7.50090063e-01, -2.25781620e-01, -2.03758883e+00,
        -1.97130084e+00, -4.51192588e-01, -6.03069246e-01, -1.89909196e+00,
        -7.14121640e-01, -1.00794089e+00, -5.18595755e-01, -1.14894390e+00,
        -1.39123702e+00, -1.20859087e+00,  2.05953884e+00, -6.42632365e-01,
         9.34415638e-01,  1.60430491e-01, -1.65348053e+00,  1.97071362e+00,
        -2.05894947e+00, -1.59142661e+00,  2.11909801e-01,  7.68145621e-01,
        -2.16592216e+00,  4.59583029e-02,  2.22552419e-01, -2.21490598e+00,
         4.86391902e-01,  2.34269902e-01,  2.07055360e-01, -5.83033800e-01,
        -6.34443015e-02,  4.98140037e-01, -1.84170163e+00, -9.09511745e-02,
        -1.83919024e+00, -3.13575596e-01, -1.42526543e+00, -1.82927644e+00,
        -1.29001915e+00, -3.04936814e+00, -2.71933842e+00, -1.73276091e+00,
        -1.63982940e+00, -2.75440979e+00, -1.69290155e-01,  1.15904212e+00],
       device='cuda:0')
Clean RHS: tensor([[1.01008058]], device='cuda:0')
Split layers:
Nonlinear functions:
   BoundRelu(name=/66, inputs=[/input], perturbed=True)
   BoundRelu(name=/68, inputs=[/input-4], perturbed=True)
   BoundRelu(name=/71, inputs=[/input-12], perturbed=True)
   BoundRelu(name=/73, inputs=[/input-16], perturbed=True)
   BoundRelu(name=/76, inputs=[/input-24], perturbed=True)
   BoundRelu(name=/78, inputs=[/input-28], perturbed=True)
   BoundRelu(name=/80, inputs=[/input-32], perturbed=True)
   BoundRelu(name=/83, inputs=[/input-40], perturbed=True)
   BoundRelu(name=/85, inputs=[/input-44], perturbed=True)
   BoundRelu(name=/87, inputs=[/input-48], perturbed=True)
   BoundRelu(name=/90, inputs=[/input-56], perturbed=True)
   BoundRelu(name=/92, inputs=[/input-60], perturbed=True)
   BoundRelu(name=/94, inputs=[/input-64], perturbed=True)
   BoundRelu(name=/98, inputs=[/input-68], perturbed=True)
   BoundRelu(name=/101, inputs=[/input-72], perturbed=True)
   BoundRelu(name=/input-8/conv_1_relu, inputs=[/input-8/conv_1], perturbed=True)
   BoundRelu(name=/input-8/conv_3_relu, inputs=[/input-8/conv_3], perturbed=True)
   BoundRelu(name=/input-20/conv_1_relu, inputs=[/input-20/conv_1], perturbed=True)
   BoundRelu(name=/input-20/conv_3_relu, inputs=[/input-20/conv_3], perturbed=True)
   BoundRelu(name=/input-36/conv_1_relu, inputs=[/input-36/conv_1], perturbed=True)
   BoundRelu(name=/input-36/conv_3_relu, inputs=[/input-36/conv_3], perturbed=True)
   BoundRelu(name=/input-52/conv_1_relu, inputs=[/input-52/conv_1], perturbed=True)
   BoundRelu(name=/input-52/conv_3_relu, inputs=[/input-52/conv_3], perturbed=True)
   BoundRelu(name=/95/conv_1_relu, inputs=[/95/conv_1], perturbed=True)
   BoundRelu(name=/95/conv_3_relu, inputs=[/95/conv_3], perturbed=True)
Batched CROWN: node BoundConv(name=/input-4, inputs=[/66, /35, /36], perturbed=True), unstable size 63035
Batched CROWN: node BoundConv(name=/input-8/conv_1, inputs=[/68, /input-8/conv_1_w], perturbed=True), unstable size 104005
Batched CROWN: node BoundConv(name=/input-8/conv_3, inputs=[/input-8/add_1_2, /input-8/conv_3_w], perturbed=True), unstable size 28943
Batched CROWN: node BoundConv(name=/input-12, inputs=[/input-8/add_3_4, /37, /38], perturbed=True), unstable size 527986
Batched CROWN: node BoundConv(name=/input-16, inputs=[/71, /39, /40], perturbed=True), unstable size 1551007
Batched CROWN: node BoundConv(name=/input-20/conv_1, inputs=[/73, /input-20/conv_1_w], perturbed=True), unstable size 35563
Batched CROWN: node BoundConv(name=/input-20/conv_3, inputs=[/input-20/add_1_2, /input-20/conv_3_w], perturbed=True), unstable size 15365
Batched CROWN: node BoundConv(name=/input-24, inputs=[/input-20/add_3_4, /41, /42], perturbed=True), unstable size 400325
Batched CROWN: node BoundConv(name=/input-28, inputs=[/76, /43, /44], perturbed=True), unstable size 789865
Batched CROWN: node BoundConv(name=/input-32, inputs=[/78, /45, /46], perturbed=True), unstable size 215430
Batched CROWN: node BoundConv(name=/input-36/conv_1, inputs=[/80, /input-36/conv_1_w], perturbed=True), unstable size 35766
Batched CROWN: node BoundConv(name=/input-36/conv_3, inputs=[/input-36/add_1_2, /input-36/conv_3_w], perturbed=True), unstable size 18592
Batched CROWN: node BoundConv(name=/input-40, inputs=[/input-36/add_3_4, /47, /48], perturbed=True), unstable size 354599
Batched CROWN: node BoundConv(name=/input-44, inputs=[/83, /49, /50], perturbed=True), unstable size 285977
Batched CROWN: node BoundConv(name=/input-48, inputs=[/85, /51, /52], perturbed=True), unstable size 324386
Batched CROWN: node BoundConv(name=/input-52/conv_1, inputs=[/87, /input-52/conv_1_w], perturbed=True), unstable size 24052
Batched CROWN: node BoundConv(name=/input-52/conv_3, inputs=[/input-52/add_1_2, /input-52/conv_3_w], perturbed=True), unstable size 14287
Batched CROWN: node BoundConv(name=/input-56, inputs=[/input-52/add_3_4, /53, /54], perturbed=True), unstable size 94613
Batched CROWN: node BoundConv(name=/input-60, inputs=[/90, /55, /56], perturbed=True), unstable size 99421
Batched CROWN: node BoundConv(name=/input-64, inputs=[/92, /57, /58], perturbed=True), unstable size 99152
Batched CROWN: node BoundConv(name=/95/conv_1, inputs=[/94, /95/conv_1_w], perturbed=True), unstable size 47425
Batched CROWN: node BoundConv(name=/95/conv_3, inputs=[/95/add_1_2, /95/conv_3_w], perturbed=True), unstable size 24202
Batched CROWN: node BoundLinear(name=/input-68, inputs=[/96, /59, /60], perturbed=True), unstable size 4096
Batched CROWN: node BoundLinear(name=/input-72, inputs=[/99, /61, /62], perturbed=True), unstable size 4096
initial crown bounds: tensor([[-32740710.]], device='cuda:0')
Number of class (without rhs): 1 ; Worst class: (+ rhs) -32740710.0
Iteration 1
Adv attack time: 1.5490s
Batch size: 1
Current pickout batch: 1, total pickout batch: 1
Batched CROWN: node BoundConv(name=/input-4, inputs=[/66, /35, /36], perturbed=True), unstable size 63035
Batched CROWN: node BoundConv(name=/input-8/conv_1, inputs=[/68, /input-8/conv_1_w], perturbed=True), unstable size 104005
Batched CROWN: node BoundConv(name=/input-8/conv_3, inputs=[/input-8/add_1_2, /input-8/conv_3_w], perturbed=True), unstable size 28943
Batched CROWN: node BoundConv(name=/input-12, inputs=[/input-8/add_3_4, /37, /38], perturbed=True), unstable size 527986
Batched CROWN: node BoundConv(name=/input-16, inputs=[/71, /39, /40], perturbed=True), unstable size 1551007
Batched CROWN: node BoundConv(name=/input-20/conv_1, inputs=[/73, /input-20/conv_1_w], perturbed=True), unstable size 35563
Batched CROWN: node BoundConv(name=/input-20/conv_3, inputs=[/input-20/add_1_2, /input-20/conv_3_w], perturbed=True), unstable size 15366
Batched CROWN: node BoundConv(name=/input-24, inputs=[/input-20/add_3_4, /41, /42], perturbed=True), unstable size 400325
Batched CROWN: node BoundConv(name=/input-28, inputs=[/76, /43, /44], perturbed=True), unstable size 789865
Batched CROWN: node BoundConv(name=/input-32, inputs=[/78, /45, /46], perturbed=True), unstable size 215430
Batched CROWN: node BoundConv(name=/input-36/conv_1, inputs=[/80, /input-36/conv_1_w], perturbed=True), unstable size 35766
Batched CROWN: node BoundConv(name=/input-36/conv_3, inputs=[/input-36/add_1_2, /input-36/conv_3_w], perturbed=True), unstable size 18592
Batched CROWN: node BoundConv(name=/input-40, inputs=[/input-36/add_3_4, /47, /48], perturbed=True), unstable size 354599
Batched CROWN: node BoundConv(name=/input-44, inputs=[/83, /49, /50], perturbed=True), unstable size 285977
Batched CROWN: node BoundConv(name=/input-48, inputs=[/85, /51, /52], perturbed=True), unstable size 324387
Batched CROWN: node BoundConv(name=/input-52/conv_1, inputs=[/87, /input-52/conv_1_w], perturbed=True), unstable size 24052
Batched CROWN: node BoundConv(name=/input-52/conv_3, inputs=[/input-52/add_1_2, /input-52/conv_3_w], perturbed=True), unstable size 14287
Batched CROWN: node BoundConv(name=/input-56, inputs=[/input-52/add_3_4, /53, /54], perturbed=True), unstable size 94613
Batched CROWN: node BoundConv(name=/input-60, inputs=[/90, /55, /56], perturbed=True), unstable size 99421
Batched CROWN: node BoundConv(name=/input-64, inputs=[/92, /57, /58], perturbed=True), unstable size 99152
Batched CROWN: node BoundConv(name=/95/conv_1, inputs=[/94, /95/conv_1_w], perturbed=True), unstable size 47425
Batched CROWN: node BoundConv(name=/95/conv_3, inputs=[/95/add_1_2, /95/conv_3_w], perturbed=True), unstable size 24202
Batched CROWN: node BoundLinear(name=/input-68, inputs=[/96, /59, /60], perturbed=True), unstable size 4096
Batched CROWN: node BoundLinear(name=/input-72, inputs=[/99, /61, /62], perturbed=True), unstable size 4096
Worst bound: tensor([-32740638.], device='cuda:0')
Current (lb-rhs): -32740638.0
Total time: 3068.5050  pickout: 0.0004  split: 0.0010  decision: 0.0003  bounding: 3068.4749  clipping: 0.0000  add_domain: 0.0178  rest: 0.0106
Length of domains: 2
3 branch and bound domains visited
Time out!
Result: timeout
Time: 4663.129000902176
[rank 0] === Checking instance ID 58 ===
[rank 0] >>> Running ID=58 onnx=onnx/vgg16-7.onnx
Configurations:

general:
  device: cuda
  seed: 100
  conv_mode: patches
  deterministic: false
  double_fp: false
  loss_reduction_func: max
  sparse_alpha: true
  sparse_interm: true
  save_adv_example: false
  verify_onnxruntime_output: false
  eval_adv_example: false
  show_adv_example: false
  precompile_jit: false
  prepare_only: false
  complete_verifier: bab
  enable_incomplete_verification: false
  csv_name: instances.csv
  results_file: results/vggnet16_all_p_1/result_58.rank0.txt
  root_path: ../../vnncomp2023_benchmarks/benchmarks/vggnet16
  deterministic_opt: false
  graph_optimizer: 'Customized("custom_graph_optimizer", "maxpool_to_relu")'
  buffer_has_batchdim: false
  save_output: false
  output_file: out.pkl
  return_optimized_model: false
  output_additional_stats: true
  instance_id: 58
  dataset_output_dir: dataset
  min_stable_neurons_ratio_threshold: 0.0
model:
  name: null
  path: null
  onnx_path: /projects/air/dlverifier/vggnet16_all/onnx/vgg16-7.onnx
  onnx_path_prefix: ''
  cache_onnx_conversion: true
  debug_onnx: false
  onnx_quirks: null
  input_shape: null
  onnx_loader: default_onnx_and_vnnlib_loader
  onnx_optimization_flags: []
  onnx_vnnlib_joint_optimization_flags: none
  check_optimized: false
  flatten_final_output: false
  optimize_graph: null
  with_jacobian: false
data:
  start: 0
  end: 10000
  select_instance: null
  num_outputs: 1000
  mean: 0.0
  std: 1.0
  pkl_path: null
  dataset: null
  data_filter_path: null
  data_idx_file: null
specification:
  type: lp
  robustness_type: verified-acc
  norm: .inf
  epsilon: null
  epsilon_min: 0.0
  vnnlib_path: /projects/air/dlverifier/vggnet16_all/vnnlib/n01532829_house_finch_global_k50176_eps_0.0003.vnnlib
  vnnlib_path_prefix: ''
  rhs_offset: null
solver:
  batch_size: 1
  auto_enlarge_batch_size: false
  min_batch_size_ratio: 0.1
  use_float64_in_last_iteration: false
  early_stop_patience: 10
  start_save_best: 0.5
  bound_prop_method: forward+backward
  init_bound_prop_method: same
  prune_after_crown: false
  optimize_disjuncts_separately: false
  crown:
    batch_size: 16
    max_crown_size: 1000000000
    relu_option: adaptive
  alpha-crown:
    alpha: true
    lr_alpha: 0.1
    iteration: 100
    share_alphas: false
    lr_decay: 0.98
    full_conv_alpha: true
    max_coeff_mul: .inf
    matmul_share_alphas: false
    disable_optimization: []
    max_time: 1.0
  invprop:
    apply_output_constraints_to: []
    tighten_input_bounds: false
    best_of_oc_and_no_oc: false
    directly_optimize: []
    oc_lr: 0.1
    share_gammas: false
  beta-crown:
    lr_alpha: 0.01
    lr_beta: 0.05
    lr_decay: 0.98
    optimizer: adam
    iteration: 10
    beta: true
    beta_warmup: true
    enable_opt_interm_bounds: false
    all_node_split_LP: false
  forward:
    refine: false
    dynamic: true
    max_dim: 100
    reset_threshold: 1.0
  intermediate_refinement:
    enabled: false
    batch_size: 10
    opt_coeffs: false
    opt_bias: false
    lr: 0.05
    layers: [-1]
    max_domains: 1000
  multi_class:
    label_batch_size: 32
    skip_with_refined_bound: true
  mip:
    unstable_neuron_threshold: 0
    parallel_solvers: null
    solver_threads: 1
    refine_neuron_timeout: 15
    refine_neuron_time_percentage: 0.8
    early_stop: true
    adv_warmup: true
    mip_solver: gurobi
    skip_unsafe: false
    topk_filter: 1.0
    sliding_window: -1
    extra_constraint: false
    refine_neuron_timeout_increasement: 0
    timeout_neuron_percentage: 0.3
    remaining_timeout_threshold: 1
    remove_unstable_neurons: true
    lp_solver: false
bab:
  initial_max_domains: 1
  backing_up_max_domain: null
  max_domains: .inf
  decision_thresh: 0
  timeout: 1200.0
  timeout_scale: 1
  max_iterations: -1
  override_timeout: null
  get_upper_bound: false
  pruning_in_iteration: true
  pruning_in_iteration_ratio: 0.2
  sort_targets: false
  batched_domain_list: true
  optimized_interm: ''
  interm_transfer: true
  recompute_interm: false
  sort_domain_interval: -1
  vanilla_crown: false
  tree_traversal: depth_first
  cut:
    enabled: false
    cuts_path: /tmp/abcrown_cuts
    implication: false
    bab_cut: false
    lp_cut: false
    method: null
    lr: 0.01
    lr_decay: 1.0
    iteration: 100
    bab_iteration: -1
    early_stop_patience: -1
    lr_beta: 0.02
    number_cuts: 50
    topk_cuts_in_filter: 1000
    batch_size_primal: 100
    max_num: 1000000000
    patches_cut: false
    cplex_cuts: false
    cplex_cuts_wait: 0
    cplex_cuts_revpickup: true
    cut_reference_bounds: true
    fix_intermediate_bounds: false
    _tmp_cuts: null
    fixed_cuts: false
    add_implied_cuts: false
    add_input_cuts: false
    biccos:
      enabled: false
      constraint_strengthening: true
      recursively_strengthening: false
      drop_ratio: 0.5
      verified_bonus: 0.3
      max_infer_iter: 20
      heuristic: neuron_influence_score
      save_biccos_cuts: false
      multi_tree_branching:
        enabled: false
        restore_best_tree: false
        keep_n_best_domains: 1
        k_splits: 1
        iterations: 1
  branching:
    method: sb
    candidates: 3
    reduceop: min
    enable_intermediate_bound_opt: false
    branching_input_and_activation: false
    branching_input_and_activation_order: [input, relu]
    branching_input_iterations: 30
    branching_relu_iterations: 50
    gnn_path: ''
    neural_heuristic:
      model_path: ''
    rl:
      experiment: general
      eval: false
      extras: []
      logging:
        color: true
        debug: true
        file: rl-experiment.log
      pnet:
        gH: 64
        tH: 64
        nheads: 64
        nlayers: 64
        useDynamicGraph: true
        bidirectional: false
        GAT: true
      training:
        gamma: 0.99
        lr: 0.001
        batchSize: 8
        loop: 8
        totalEpochs: 10
        updatePolicyFrequency: 10
        updateTargetFrequency: 10
        buffer: buffer.pkl
        preparedBuffer: 'False'
        TestingPreparedBuffer: false
        scriptTraining: false
        policynet: policy-checkpoint.pt
        targetnet: target-checkpoint.pt
        datasetShuffle: true
        targetedData: all
        splitRatio: 0.8
        maxInstances: -1
        trainingMode: full
        reward:
          norm: null
          bonus: 10.0
          penalty: -1.0
      egreedy:
        epsilon: 0.1
        epsilonDecay: 0.1
        minEpsilon: 0.1
        ePath: epsilon.pt
        enabled: true
      expert:
        useExpertUntilEpisode: 0.1
        enabled: true
        learnToImitateExpertEpochs: 10
    nonlinear_split:
      method: shortcut
      branching_point_method: uniform
      num_branches: 2
      filter: false
      filter_beta: false
      filter_clamp: false
      filter_batch_size: 10000
      filter_iterations: 25
      relu_only: false
      loose_tanh_threshold: null
      dynamic_bbps: false
      dynamic_options: [uniform, three_left, three_right]
      branching_point_node: ''
      branching_point_db: []
    input_split:
      enable_clip_domains: false
      split_hint: null
      reorder_bab: false
      enable: true
      enhanced_bound_prop_method: alpha-crown
      enhanced_branching_method: naive
      enhanced_bound_patience: 100000000.0
      attack_patience: 100000000.0
      adv_check: 0
      split_partitions: 2
      sb_margin_weight: 1.0
      sb_sum: false
      sb_primary_spec: null
      bf_backup_thresh: -1
      bf_rhs_offset: 0
      bf_iters: 1000000000.0
      bf_batch_size: 100000
      bf_zero_crossing_score: false
      touch_zero_score: 0
      ibp_enhancement: false
      catch_assertion: false
      compare_with_old_bounds: false
      update_rhs_with_attack: false
      sb_coeff_thresh: 0.001
      sort_index: null
      sort_descending: true
      show_progress: false
      presplit_domains: null
      skip_getting_worst_domain: false
  attack:
    enabled: false
    beam_candidates: 8
    beam_depth: 7
    max_dive_fix_ratio: 0.8
    min_local_free_ratio: 0.2
    mip_start_iteration: 5
    mip_timeout: 30.0
    adv_pool_threshold: null
    refined_mip_attacker: false
    refined_batch_size: null
attack:
  pgd_order: input_bab
  pgd_steps: 100
  pgd_restarts: 30
  pgd_batch_size: 100000000
  pgd_early_stop: true
  pgd_lr_decay: 0.99
  pgd_alpha: auto
  pgd_alpha_scale: false
  pgd_loss_mode: null
  pgd_restart_when_stuck: false
  enable_mip_attack: false
  adv_saver: default_adv_saver
  adv_verifier: default_adv_verifier
  early_stop_condition: default_early_stop_condition
  adv_example_finalizer: default_adv_example_finalizer
  pgd_loss: default_pgd_loss
  cex_path: ./test_cex.txt
  attack_mode: PGD
  attack_tolerance: 0.0
  attack_func: attack_with_general_specs
  gama_lambda: 10.0
  gama_decay: 0.9
  check_clean: true
  input_split:
    pgd_steps: 100
    pgd_restarts: 30
    pgd_alpha: auto
  input_split_enhanced:
    pgd_steps: 200
    pgd_restarts: 500000
    pgd_alpha: auto
  input_split_check_adv:
    enabled: auto
    pgd_steps: 5
    pgd_restarts: 5
    pgd_alpha: auto
    max_num_domains: 10
debug:
  sanity_check: Full+Graph
  view_model: false
  lp_test: null
  rescale_vnnlib_ptb: null
  test_optimized_bounds: false
  test_optimized_bounds_after_n_iterations: 0
  print_verbose_decisions: false

Experiments at Fri Feb 20 04:09:47 2026 on d1028
Internal results will be saved to results/vggnet16_all_p_1/result_58.rank0.txt.

[ZRL] %%%%%%%%%%%%%%%%%%%%%%%%%%%%%%%%%%% idx: 0, vnnlib ID: 0 %%%%%%%%%%%%%%%%%%%%%%%%%%%%%%%%%%%
Using onnx /projects/air/dlverifier/vggnet16_all/onnx/vgg16-7.onnx
Using vnnlib /projects/air/dlverifier/vggnet16_all/vnnlib/n01532829_house_finch_global_k50176_eps_0.0003.vnnlib
150528 inputs and 1000 outputs in vnnlib
Loading cached onnx model from /projects/air/dlverifier/vggnet16_all/onnx/vgg16-7.onnx.cached
Cannot read cached onnx file. Regenerating...
Loading onnx /projects/air/dlverifier/vggnet16_all/onnx/vgg16-7.onnx with quirks {}
Finished onnx model loading in 38.3634 seconds
Number of perturbed inputs: 150528
WARNING: prioritizing attack due to too many perturbed pixels on VGG
Setting arguments.Config["attack"]["pgd_order"] to "before"
Setting bound_prop_method to crown
Attack parameters: initialization=uniform, steps=100, restarts=30, alpha=7.500126957893372e-05, initialization=uniform, GAMA=False
Model output of first 5 examples:
 tensor([[-9.84179735e-01,  1.78342223e+00, -1.65947032e+00, -2.14096689e+00,
         -1.46826649e+00,  1.75357819e-01, -7.30330765e-01, -1.95730090e+00,
         -1.85451174e+00, -1.51710165e+00, -1.35815775e+00, -4.11743581e-01,
         -3.48076820e-01, -1.24723291e+00, -9.21049491e-02,  3.43293063e-02,
         -9.35704112e-01, -1.47425973e+00, -6.55720413e-01, -1.00309432e+00,
         -1.09267509e+00, -8.29576969e-01, -1.46691218e-01, -1.36786723e+00,
         -7.48240650e-01, -1.42012167e+00, -3.19098353e-01, -1.08758259e+00,
         -1.25191283e+00,  1.99973598e-01, -1.85585511e+00,  5.51505089e-02,
         -1.32559168e+00, -2.10358357e+00, -1.54572606e+00, -1.48802161e+00,
          9.04216647e-01, -1.97223949e+00, -1.92081630e-01, -1.61068130e+00,
          1.90654367e-01, -1.71016526e+00, -1.92022860e+00, -1.09539115e+00,
         -9.80162084e-01, -1.17258871e+00,  2.22642079e-01, -1.19960856e+00,
         -2.18232632e+00, -3.94300610e-01,  2.84640789e-01, -2.56644034e+00,
         -2.85980195e-01,  5.81211969e-02, -8.72064352e-01, -1.64797652e+00,
         -7.23807454e-01, -1.83492041e+00, -1.37307316e-01, -2.69149095e-01,
         -3.29178900e-01, -1.16626072e+00, -1.40062356e+00,  1.56723455e-01,
         -4.76025641e-01, -6.41690910e-01, -9.29536283e-01, -4.32161152e-01,
         -1.52156878e+00, -1.94049394e+00, -2.20292509e-01,  2.68676668e-01,
          3.59950930e-01,  1.65134096e+00,  6.76981568e-01,  1.08223009e+00,
          2.96893656e-01,  1.31411254e+00,  5.01041830e-01,  1.50668132e+00,
         -4.22045216e-02, -2.40017581e+00, -1.39452422e+00, -1.67768073e+00,
         -7.95280576e-01, -9.53929424e-01, -1.85696065e+00,  1.51353419e-01,
          2.76782960e-01, -1.22894180e+00, -5.86132109e-01, -1.05233431e+00,
         -2.65643746e-01, -3.53370965e-01,  4.24528062e-01, -1.98340809e+00,
          5.25771305e-02, -9.90075111e-01,  7.76343286e-01, -9.13083851e-01,
          4.94704604e-01, -1.68907261e+00, -1.89087951e+00,  1.25118327e+00,
         -1.92908978e+00, -2.49308228e+00, -1.50275779e+00, -2.42326662e-01,
         -1.03368521e+00, -1.87273896e+00, -4.42556232e-01,  2.27978230e+00,
         -6.48752630e-01, -1.11642919e-01, -6.44071400e-01, -1.93520951e+00,
         -1.67195356e+00, -4.67197336e-02, -1.01222706e+00, -2.35374618e+00,
         -2.12307334e+00, -1.83236563e+00, -1.55440617e+00, -2.71769214e+00,
         -1.97087383e+00, -1.87859988e+00,  7.28727132e-03, -5.18511117e-01,
          6.05573952e-01,  6.46344960e-01,  3.01247120e-01, -4.93055493e-01,
          6.31472409e-01, -7.01597571e-01,  2.76551060e-02, -5.45125067e-01,
         -9.13617492e-01,  2.97920346e-01, -1.26598108e+00, -2.03704786e+00,
         -2.24849796e+00,  3.26018512e-01, -5.68455935e-01, -8.08636785e-01,
         -8.53751123e-01, -1.43158591e+00, -2.34047937e+00, -2.32631620e-02,
         -1.72823668e-01, -7.29910553e-01, -1.70270526e+00, -8.67136717e-02,
         -1.21072590e+00, -9.87779424e-02, -5.47587633e-01, -8.18097949e-01,
         -8.95358086e-01, -4.11435962e-01, -1.26179111e+00, -9.55665886e-01,
         -1.21479046e+00, -2.86848366e-01,  2.01180354e-01, -8.96535456e-01,
         -8.20753455e-01, -6.18011713e-01, -1.08340228e+00, -1.16084111e+00,
         -2.39506423e-01, -1.02929831e+00, -9.63734567e-01, -7.28976250e-01,
         -1.10617673e+00, -9.81244862e-01, -1.22732258e+00, -1.03896976e+00,
         -1.60110235e+00, -5.56433320e-01,  7.03201070e-03, -1.50798476e+00,
         -1.87544215e+00, -4.22066212e-01, -2.13078320e-01, -7.68752933e-01,
         -4.34503630e-02, -3.20469230e-01, -3.28676850e-01,  1.49168205e-02,
         -1.14830422e+00, -1.36155665e+00, -8.37881148e-01,  9.98913571e-02,
         -6.38175309e-01, -1.01736867e+00, -9.89218712e-01,  4.86058623e-01,
         -7.77579546e-01, -1.35537744e+00, -1.61660540e+00, -1.28801048e-01,
         -8.46764982e-01, -9.26899076e-01, -6.92141950e-01,  7.44026065e-01,
         -3.55130464e-01, -7.87143111e-01, -1.13184059e+00, -5.21467626e-01,
         -9.04965639e-01, -6.60465360e-01, -1.76459551e+00, -5.14155865e-01,
         -5.10443747e-01, -8.00164223e-01, -1.01588511e+00, -6.63088024e-01,
         -1.02215278e+00, -2.89844245e-01, -7.69215345e-01, -8.95132124e-01,
         -5.68263173e-01, -2.06499696e-01, -8.07121456e-01,  2.43256927e-01,
          1.51860282e-01, -1.29464364e+00, -1.02105057e+00, -1.16126335e+00,
         -1.17796373e+00, -1.71879366e-01, -1.22657669e+00, -7.30602801e-01,
         -5.63727498e-01, -7.54775107e-01, -4.18908536e-01, -5.66245019e-01,
         -8.64896536e-01, -4.42822903e-01, -1.11138535e+00, -2.14345813e-01,
         -5.59262216e-01, -8.22266281e-01, -2.23167479e-01, -1.89354658e+00,
         -8.99703145e-01, -4.81627464e-01, -1.70389783e+00, -6.22510552e-01,
         -4.69709009e-01, -2.43944243e-01, -7.21925020e-01, -9.69573200e-01,
         -2.74505198e-01, -3.10767531e-01,  6.22894645e-01, -1.49608696e+00,
         -1.10925066e+00, -2.16424733e-01, -5.36130786e-01,  2.22713068e-01,
          3.68295945e-02, -1.00291169e+00, -1.17892170e+00, -5.70672035e-01,
         -7.98855960e-01,  1.95634589e-01, -8.73933434e-01, -7.58075118e-01,
         -1.90767002e+00, -2.35327423e-01, -7.64066815e-01, -3.24603200e-01,
         -1.02518372e-01, -5.13317063e-02, -8.97715449e-01, -8.08239758e-01,
         -9.25433695e-01,  2.72335112e-01, -8.87398243e-01, -5.91075197e-02,
         -4.10519689e-01,  8.49178195e-01,  9.81223643e-01,  1.73738968e+00,
          1.66868854e+00,  4.53346133e-01, -1.29703677e+00, -8.00797403e-01,
         -1.08273244e+00, -1.71230745e+00, -1.26060498e+00, -1.10350955e+00,
         -8.56840014e-01, -3.84237051e-01, -1.40661705e+00, -1.06898189e+00,
          3.95612009e-02, -1.24818981e+00, -2.00576544e+00, -1.01715946e+00,
         -1.91181624e+00, -9.16885734e-02, -3.43428671e-01, -6.23639762e-01,
         -1.28230977e+00, -2.09697819e+00, -1.58627197e-01, -5.83400965e-01,
         -7.35541061e-02, -7.23723173e-01,  1.35620356e+00, -4.92354631e-02,
         -6.07966363e-01,  1.19331419e+00,  9.64934289e-01,  2.52665997e-01,
         -9.95524526e-01, -1.53694761e+00,  4.51593667e-01,  5.77102423e-01,
          7.54733458e-02, -2.05622768e+00, -1.99010324e+00, -1.31786907e+00,
         -1.96652174e+00, -2.36415982e+00, -1.96841609e+00, -1.19827390e+00,
         -1.73125124e+00, -2.18006659e+00, -6.61818564e-01,  1.43195957e-01,
          7.15379775e-01, -7.88372457e-02, -6.12542450e-01, -1.07127106e+00,
         -2.47646904e+00,  8.69410634e-01,  6.27952963e-02, -1.67317426e+00,
         -1.06954515e+00, -1.18992984e+00, -1.79125130e+00, -1.90669322e+00,
         -1.01909721e+00, -1.65675247e+00, -1.35068917e+00, -1.09585571e+00,
         -3.02012253e+00, -2.24648333e+00, -2.48246789e+00, -1.79125273e+00,
         -1.67361295e+00, -1.43388963e+00, -1.46207869e+00, -1.81474638e+00,
         -2.57706046e-01, -4.62707192e-01, -4.27518860e-02, -3.04025471e-01,
         -6.20721042e-01,  4.27213013e-01, -8.63239169e-04, -8.29969227e-01,
         -2.01806426e+00, -9.97701764e-01, -1.43772197e+00, -1.20638978e+00,
         -1.04446614e+00, -1.49048638e+00, -1.12033379e+00, -1.94787836e+00,
         -1.22895026e+00, -1.15358293e+00, -9.97431457e-01, -1.83699143e+00,
         -6.39065981e-01, -7.31127381e-01, -5.96474707e-01, -1.69887626e+00,
         -6.18547201e-01, -1.31479561e+00, -9.22178209e-01, -1.15892482e+00,
         -9.92899776e-01, -1.17045319e+00, -1.53362632e+00, -1.45824540e+00,
         -1.90452635e+00, -2.70893812e-01, -1.32443821e+00, -6.28152549e-01,
         -6.00157201e-01, -1.84754705e+00, -8.49028885e-01,  2.16382951e-01,
         -1.94336450e+00, -1.82412338e+00,  4.62197661e-01,  6.70012534e-01,
         -5.70575356e-01,  9.33291018e-01,  5.96259832e-01, -8.78953993e-01,
         -4.20699120e-02,  1.21657658e+00,  6.87496364e-02,  1.43430114e-01,
         -1.57139087e+00,  3.52404642e+00, -9.74594593e-01,  1.99200761e+00,
          4.35038656e-01,  1.03818166e+00,  1.04173946e+00, -3.87082756e-01,
          2.41149855e+00,  1.27000439e+00,  2.82400274e+00,  1.54482067e+00,
          4.09393281e-01,  9.65173423e-01,  2.42918096e-02, -5.69785684e-02,
          7.08634794e-01,  8.33526254e-01,  1.68773735e+00, -6.34775162e-01,
         -3.34308296e-01, -3.06494534e-01, -8.08157265e-01, -6.66040480e-02,
          7.39578664e-01,  8.70606601e-01,  8.96446764e-01,  2.12892437e+00,
         -1.48727998e-01, -9.17002559e-02,  1.93970478e+00,  4.28118229e-01,
          7.67522752e-02,  1.69035459e+00,  3.09108883e-01,  1.76513612e+00,
         -7.00287819e-01, -4.77979243e-01,  4.22877979e+00,  3.34911525e-01,
          1.95804805e-01,  1.13521850e+00, -7.14891493e-01,  5.70790410e-01,
         -7.06547737e-01,  1.23246264e+00, -9.20325875e-01,  2.49449134e-01,
          1.35365093e+00,  7.07102060e-01, -1.42650038e-01,  6.76509976e-01,
         -1.87635231e+00,  1.03469610e-01,  2.53869772e+00,  4.48995829e-03,
          1.36008513e+00,  1.46578860e+00, -6.56728148e-01, -1.82629597e+00,
          5.40014625e-01,  1.74414262e-01,  1.34952414e+00, -1.33045411e+00,
          4.83301967e-01,  1.12123060e+00, -1.01831007e+00,  1.54522371e+00,
          1.16891965e-01,  5.63193917e-01,  9.84890044e-01, -3.59841377e-01,
          3.33706260e+00,  2.33429766e+00,  1.69915712e+00, -1.06626356e+00,
         -1.06661308e+00,  2.09804010e+00,  8.49857211e-01,  2.72363806e+00,
          3.18083555e-01, -5.36515355e-01,  1.95507392e-01, -3.11295658e-01,
          1.66514683e+00,  1.74765038e+00,  1.91638041e+00,  1.25421369e+00,
          3.69787842e-01,  3.47614706e-01,  1.48121369e+00,  3.07606268e+00,
         -2.40834403e+00, -1.38275757e-01, -9.26618040e-01,  7.32282043e-01,
          1.21207750e+00,  5.31943679e-01, -1.35161364e+00,  1.75866520e+00,
          1.76196563e+00, -1.53408337e+00, -4.32997465e-01, -1.90805629e-01,
          7.49518335e-01, -2.09819481e-01, -1.01578772e+00, -8.69624674e-01,
         -1.23460579e+00,  4.72366363e-01,  5.25724769e-01,  2.51287818e-01,
          6.51505738e-02,  5.27286768e-01, -7.04173625e-01,  4.40302432e-01,
         -5.04521847e-01, -1.53923905e+00,  1.73006248e+00,  2.50102592e+00,
          6.06544614e-01,  4.49975908e-01,  3.50532603e+00,  1.93121672e+00,
          1.15774715e+00,  7.64062166e-01,  3.11183000e+00, -1.41371274e+00,
         -1.17983139e+00, -1.17051351e+00, -1.23572409e-01,  3.32513762e+00,
         -2.36511350e-01, -9.56264138e-01,  2.13560057e+00,  1.06487826e-01,
         -5.84333420e-01,  1.16322839e+00,  5.68367302e-01, -2.00696564e+00,
          1.87157130e+00,  4.30902004e+00, -1.64063394e-01,  7.40234733e-01,
          9.85205650e-01,  2.68216038e+00, -6.72996998e-01, -1.08009584e-01,
          4.72177029e+00,  1.81390309e+00,  1.27255642e+00,  1.01773632e+00,
         -9.53351319e-01,  9.26401168e-02,  1.98626268e+00,  2.07221866e+00,
          7.25618005e-01,  1.67820001e+00, -6.31796181e-01,  4.56973225e-01,
         -3.68544936e-01, -1.39000189e+00,  6.20415926e-01,  2.31574088e-01,
          1.16706443e+00, -4.13001031e-01,  1.95197195e-01, -1.94906697e-01,
         -7.65768528e-01,  1.12566435e+00,  4.82908189e-01,  2.14156795e+00,
          4.58743095e-01,  4.07628894e-01, -1.41478252e+00,  1.00435808e-01,
          1.79727232e+00,  1.14575136e+00, -1.00063860e+00,  1.69033349e+00,
          1.85564888e+00,  1.48109102e+00,  1.92223370e+00,  4.60358477e+00,
          1.22835064e+00,  1.63468945e+00,  1.28699332e-01, -8.26404035e-01,
          1.61323655e+00, -7.51487613e-01,  2.66104317e+00,  1.66698909e+00,
          1.90505445e+00, -1.19268961e-01,  1.97406518e+00, -1.80007625e+00,
          1.69959593e+00,  2.95891213e+00,  1.93731081e+00,  2.01992601e-01,
          5.12562335e-01, -3.31875771e-01,  1.52994227e+00,  1.51445103e+00,
         -1.48035213e-01,  1.49121368e+00,  3.67803216e-01,  1.02327335e+00,
          8.76733959e-01,  2.37183988e-01,  1.49594808e+00,  3.57580996e+00,
          3.49847245e+00,  3.99051607e-01,  9.62285757e-01,  2.23757291e+00,
         -5.03836811e-01, -7.12949812e-01,  1.93948817e+00,  2.75692463e-01,
         -9.98573899e-01,  1.58937001e+00, -2.41447479e-01,  5.84907413e-01,
          3.33508301e+00,  1.07114661e+00, -1.39052951e+00,  6.76034987e-01,
          2.48526287e+00,  6.25623226e-01,  3.05941731e-01,  1.72201365e-01,
         -1.44147718e+00,  5.19912899e-01,  3.52680609e-02, -5.04817069e-01,
          2.35072994e+00, -1.67303157e+00,  7.41473794e-01,  9.71579969e-01,
          2.80046582e+00, -2.43692493e+00,  2.15154958e+00,  5.10137987e+00,
         -1.02440715e+00, -1.97786286e-01, -7.34699368e-01,  1.39043558e+00,
         -2.53826678e-01,  8.40286732e-01, -7.76183069e-01,  7.86238551e-01,
          8.91970217e-01, -1.31244695e+00,  2.31320190e+00, -1.81365371e+00,
          4.21095705e+00, -2.55340710e-02, -6.31594121e-01, -2.60444760e-01,
         -6.96032882e-01,  2.32742453e+00,  1.80728018e-01, -5.79394162e-01,
         -3.67328912e-01,  1.79091024e+00,  5.81714630e-01,  4.16424006e-01,
         -8.41437876e-01,  1.18201268e+00,  2.90133566e-01, -5.42044103e-01,
          1.08862436e+00,  2.85462642e+00, -8.63718688e-01,  1.14414418e+00,
          2.38448068e-01,  1.06412446e+00,  4.30521429e-01, -3.49990219e-01,
          3.88298059e+00, -4.32096690e-01, -3.06634784e+00,  3.80827114e-03,
          2.61746335e+00,  8.56017172e-01,  1.19542502e-01,  1.42566967e+00,
          2.72893286e+00, -1.74759194e-01, -9.74356413e-01,  1.12488210e+00,
          1.65639699e+00,  9.96560931e-01,  1.12443781e+00,  7.75487050e-02,
          1.63725412e+00, -7.52756953e-01, -7.18162835e-01,  1.81675756e+00,
         -4.74289358e-02,  3.10647750e+00,  6.99067593e-01,  1.89069390e+00,
          2.24206471e+00,  1.78296161e+00,  7.86590993e-01, -1.07671320e+00,
          3.19113672e-01, -6.86180472e-01,  6.55574024e-01,  1.12667680e-01,
          8.35671186e-01,  1.31297386e+00,  1.94962740e+00, -3.49093467e-01,
         -1.74363256e+00,  1.00967121e+00, -2.48969123e-01,  5.70397079e-01,
          1.20252097e+00,  8.30701709e-01, -1.68049061e+00,  1.62263644e+00,
          1.37141633e+00,  1.97731197e+00, -1.08505309e+00, -2.23504454e-01,
          1.51526749e+00, -4.92888317e-02,  9.65233669e-02, -1.36650133e+00,
         -2.24708021e-01,  3.06971145e+00,  7.70486474e-01, -6.11503005e-01,
          1.23944378e+00,  2.46407270e+00,  1.38126493e+00,  1.32749188e+00,
          1.61605263e+00,  1.81636739e+00,  1.25345349e+00,  8.14677700e-02,
          1.45057178e+00,  3.48031330e+00,  2.38309050e+00, -1.23915184e+00,
          4.79008585e-01,  1.60754099e-03,  6.72168493e-01,  1.42557931e+00,
          2.49345112e+00,  2.23291874e+00, -1.60697058e-01,  1.76018679e+00,
          1.98271942e+00,  8.86692554e-02,  2.28864098e+00,  1.92888689e+00,
         -1.45450234e+00,  2.13115072e+00, -6.98062658e-01,  2.42074227e+00,
          2.10558796e+00,  9.43115234e-01, -5.13871610e-01,  1.72631070e-01,
          9.20157731e-01,  1.22283709e+00,  9.88554239e-01, -3.60952020e-02,
         -4.46123809e-01,  1.57872880e+00,  4.38087559e+00,  1.13951516e+00,
          2.39643550e+00, -4.99681324e-01,  3.65727246e-01,  2.22580940e-01,
         -6.70111001e-01,  3.45463300e+00,  5.46072066e-01,  5.03780127e-01,
          9.99669790e-01,  1.07365417e+00,  4.18049097e+00,  9.28805888e-01,
          5.16218722e-01,  6.68838859e-01,  2.02695751e+00,  3.20422244e+00,
          7.52900541e-01, -7.26796448e-01, -2.87765384e-01,  8.15051422e-02,
          1.03305042e+00, -4.12174821e-01, -2.86786526e-01,  1.14625692e+00,
         -1.71308184e+00,  2.96519279e-01,  2.08967471e+00,  3.14934564e+00,
          1.55228698e+00,  1.55305052e+00,  3.68022412e-01,  2.28708220e+00,
         -3.40604901e-01,  3.19939405e-01,  2.39261127e+00,  1.64505863e+00,
         -1.98040450e+00, -6.63174331e-01, -5.59090614e-01,  6.17022812e-01,
          4.90356624e-01, -1.49435127e+00,  1.64707720e+00,  2.46999264e+00,
          1.55403972e+00, -1.18823612e+00, -2.28935063e-01,  2.09261513e+00,
         -1.19115531e+00, -9.14042115e-01,  3.11485767e-01, -1.46196914e+00,
          4.41592932e-01,  5.29695868e-01,  5.88532627e-01, -4.19700481e-02,
          1.92732811e+00, -4.07082468e-01,  6.28882229e-01,  9.55794811e-01,
          3.38333106e+00,  2.52953672e+00,  2.31117105e+00, -1.25032926e+00,
          2.06783128e+00,  2.15827331e-01, -3.72983336e-01,  5.02121162e+00,
          9.86123383e-01, -8.52944613e-01,  3.77316117e+00,  1.05791092e+00,
         -2.31723976e+00, -1.00827098e-01,  1.18899733e-01,  2.03336477e+00,
          7.02140749e-01,  1.41864240e+00,  5.14699578e-01, -1.41991997e+00,
         -1.11500990e+00, -1.17451012e+00, -9.30842280e-01,  7.29447722e-01,
          4.41872597e+00, -8.49616110e-01,  2.01576371e-02, -2.31740221e-01,
          1.94407737e+00, -4.37267423e-01, -2.05299568e+00,  4.93935615e-01,
          1.86001313e+00,  7.56453335e-01,  9.42616403e-01,  1.69571507e+00,
          1.30852675e+00,  2.12085485e+00,  1.38893902e+00,  1.07629335e+00,
         -2.48411953e-01,  2.49029446e+00,  1.39930975e+00, -3.14196378e-01,
         -9.45566595e-01,  1.06569314e+00, -8.27761650e-01,  3.70806307e-01,
          4.65505362e+00,  2.11915255e+00,  3.05725384e+00, -9.07862544e-01,
          1.75920737e+00,  1.96549904e+00,  1.68722975e+00,  8.88622284e-01,
         -2.94741392e-01, -6.62230849e-01,  1.67535174e+00,  7.54925787e-01,
          6.40320921e+00,  7.14114904e+00,  1.09983981e+00,  1.16318226e-01,
          6.50411248e-01, -3.58408131e-02,  1.02493182e-01,  1.52655232e+00,
         -1.84158349e+00, -1.85409427e+00, -5.10256529e-01, -1.31360543e+00,
          3.03067780e+00,  3.01699489e-01,  1.84576541e-01,  7.37032533e-01,
          1.82988691e+00,  3.26200843e+00,  2.19056010e+00, -3.24407250e-01,
         -2.30775332e+00,  1.01166439e+00, -9.65087593e-01, -9.74797785e-01,
         -1.35513735e+00,  6.50143474e-02, -6.31709456e-01, -1.24845862e+00,
         -1.19786906e+00, -2.09636354e+00, -1.04867411e+00, -1.48642862e+00,
         -1.40816939e+00, -1.62405276e+00, -1.30128658e+00, -7.64203966e-01,
         -1.40360546e+00, -1.47656572e+00, -4.43239659e-01, -6.98869824e-01,
         -2.92256761e+00, -9.50027823e-01, -1.89101636e+00, -9.68868911e-01,
          7.63262482e-03,  5.96030593e-01,  5.82679391e-01, -9.84398648e-03,
         -1.71530509e+00, -7.50090301e-01, -2.25781769e-01, -2.03758931e+00,
         -1.97130132e+00, -4.51193184e-01, -6.03069067e-01, -1.89909208e+00,
         -7.14121282e-01, -1.00794101e+00, -5.18595338e-01, -1.14894354e+00,
         -1.39123690e+00, -1.20859110e+00,  2.05953956e+00, -6.42632246e-01,
          9.34415638e-01,  1.60430580e-01, -1.65348053e+00,  1.97071350e+00,
         -2.05894923e+00, -1.59142649e+00,  2.11909980e-01,  7.68146276e-01,
         -2.16592193e+00,  4.59585413e-02,  2.22552836e-01, -2.21490574e+00,
          4.86392289e-01,  2.34269798e-01,  2.07055688e-01, -5.83033860e-01,
         -6.34444803e-02,  4.98140275e-01, -1.84170175e+00, -9.09508467e-02,
         -1.83919036e+00, -3.13575953e-01, -1.42526555e+00, -1.82927644e+00,
         -1.29001892e+00, -3.04936862e+00, -2.71933866e+00, -1.73276091e+00,
         -1.63982904e+00, -2.75441003e+00, -1.69289857e-01,  1.15904188e+00]],
       device='cuda:0')
Adv example prediction (first 2 examples and 2 restarts):
 tensor([[[-1.04549348e+00,  1.61434126e+00, -1.67176056e+00, -2.11423421e+00,
          -1.49872482e+00,  1.70335099e-01, -8.32837284e-01, -1.96360791e+00,
          -1.88775873e+00, -1.51693368e+00, -1.26626015e+00, -4.28014129e-01,
          -4.44824696e-01, -1.26191926e+00, -1.66078404e-01,  1.79411471e-03,
          -9.39481616e-01, -1.51020300e+00, -6.73052967e-01, -1.02410305e+00,
          -1.07678163e+00, -8.18458557e-01, -1.62031963e-01, -1.38753116e+00,
          -7.11479723e-01, -1.35724223e+00, -2.78639257e-01, -1.09407997e+00,
          -1.21156573e+00,  1.69151857e-01, -1.85201526e+00,  4.48908359e-02,
          -1.28939950e+00, -2.10353088e+00, -1.52927601e+00, -1.51947820e+00,
           7.99454629e-01, -2.01182508e+00, -1.35843456e-01, -1.62925363e+00,
           1.14933282e-01, -1.65247059e+00, -1.85673082e+00, -1.02177489e+00,
          -9.24189746e-01, -1.09718025e+00,  1.46246508e-01, -1.13743186e+00,
          -2.15961933e+00, -4.66896385e-01,  1.59112096e-01, -2.43819833e+00,
          -2.46634379e-01,  2.15763021e-02, -8.45926404e-01, -1.62475717e+00,
          -7.22879529e-01, -1.78811884e+00, -2.11832836e-01, -1.95627868e-01,
          -3.41083437e-01, -1.14374590e+00, -1.33165503e+00,  2.12022483e-01,
          -4.02629137e-01, -6.21840835e-01, -8.08894753e-01, -4.52623278e-01,
          -1.36220872e+00, -1.84520996e+00, -2.10591704e-01,  2.78730929e-01,
           3.81114900e-01,  1.71294570e+00,  6.69587135e-01,  1.15630603e+00,
           2.88894534e-01,  1.30121207e+00,  5.56031048e-01,  1.48356557e+00,
           3.90721932e-02, -2.29214764e+00, -1.35674036e+00, -1.60333502e+00,
          -8.37498724e-01, -9.57967162e-01, -1.82758415e+00,  1.05513766e-01,
           1.52093068e-01, -1.26524687e+00, -6.69877768e-01, -1.07823002e+00,
          -2.80327320e-01, -4.24888074e-01,  3.19061875e-01, -1.89979768e+00,
          -5.06900921e-02, -1.09351718e+00,  7.58929551e-01, -9.87006426e-01,
           3.74995202e-01, -1.65794003e+00, -1.84429312e+00,  1.22411132e+00,
          -1.87824833e+00, -2.46162772e+00, -1.46350706e+00, -3.57114285e-01,
          -1.11199975e+00, -1.87128627e+00, -4.78700846e-01,  2.39400101e+00,
          -6.81916177e-01, -1.16415910e-01, -6.49033606e-01, -1.98746026e+00,
          -1.64505708e+00,  1.89088695e-02, -1.07406521e+00, -2.35766792e+00,
          -2.10659528e+00, -1.82567871e+00, -1.57406509e+00, -2.72404671e+00,
          -2.02244139e+00, -1.90406966e+00,  1.82967857e-02, -5.52170992e-01,
           5.89384317e-01,  4.97107327e-01,  1.26299948e-01, -5.83567619e-01,
           5.19491494e-01, -7.26453781e-01, -9.30540264e-02, -5.56631684e-01,
          -1.01043034e+00,  1.99404508e-01, -1.24768150e+00, -2.01391912e+00,
          -2.24268126e+00,  2.39546359e-01, -5.70760190e-01, -8.47707868e-01,
          -9.35321152e-01, -1.40114486e+00, -2.23875523e+00, -9.18698125e-03,
          -1.53838396e-01, -7.16080189e-01, -1.73172891e+00, -7.50007331e-02,
          -1.12871635e+00, -8.40426907e-02, -4.81015772e-01, -7.88952708e-01,
          -8.98687541e-01, -3.90731156e-01, -1.20185137e+00, -9.33605611e-01,
          -1.17828596e+00, -2.93557107e-01,  1.76336944e-01, -8.86744618e-01,
          -7.76880026e-01, -5.76700449e-01, -1.01706851e+00, -1.04505312e+00,
          -2.37671793e-01, -1.03080201e+00, -9.64083374e-01, -7.28772521e-01,
          -1.12184966e+00, -9.72859919e-01, -1.19285572e+00, -9.84009922e-01,
          -1.58953774e+00, -5.65678775e-01, -2.92354636e-02, -1.46426594e+00,
          -1.85051060e+00, -3.81511867e-01, -2.32105881e-01, -7.32963800e-01,
          -6.06554076e-02, -3.54561418e-01, -3.55581254e-01,  1.05229076e-02,
          -1.07833028e+00, -1.35300219e+00, -7.35292196e-01,  7.94071928e-02,
          -6.83723152e-01, -1.03963423e+00, -9.03399467e-01,  4.63998497e-01,
          -7.81822622e-01, -1.31690001e+00, -1.58538675e+00, -1.38619006e-01,
          -7.89700210e-01, -9.55533087e-01, -6.57884002e-01,  6.74422562e-01,
          -3.62702429e-01, -8.26557457e-01, -1.08834434e+00, -5.57750046e-01,
          -9.28205669e-01, -6.68029726e-01, -1.69094193e+00, -5.38750052e-01,
          -5.53639412e-01, -8.58680487e-01, -1.00220883e+00, -7.09710896e-01,
          -1.00833678e+00, -3.25589389e-01, -8.21865916e-01, -9.10976589e-01,
          -5.49304068e-01, -1.62129581e-01, -7.84405410e-01,  2.14544207e-01,
           1.31581604e-01, -1.29112482e+00, -1.02381730e+00, -1.16039169e+00,
          -1.10674655e+00, -1.36786327e-01, -1.21583259e+00, -7.27225840e-01,
          -5.94910860e-01, -7.71945059e-01, -4.23677564e-01, -5.55092812e-01,
          -8.18067431e-01, -4.47152972e-01, -1.11363232e+00, -1.88753694e-01,
          -5.42343736e-01, -7.82239139e-01, -2.42306888e-01, -1.84622145e+00,
          -8.43985677e-01, -4.87444073e-01, -1.65697265e+00, -6.09365642e-01,
          -4.37359065e-01, -2.31882244e-01, -7.01856494e-01, -9.93122637e-01,
          -2.22097978e-01, -3.13860267e-01,  6.35471821e-01, -1.49568141e+00,
          -1.08035505e+00, -1.87257916e-01, -5.05787969e-01,  2.11165443e-01,
           6.30456433e-02, -9.67938602e-01, -1.10321295e+00, -6.12871468e-01,
          -7.79451311e-01,  2.08220810e-01, -8.09109867e-01, -7.14997649e-01,
          -1.82780683e+00, -1.59561485e-01, -6.99959517e-01, -2.80623168e-01,
          -4.84563038e-02, -2.48482451e-02, -8.47045481e-01, -6.98612452e-01,
          -8.70939255e-01,  3.01147968e-01, -8.36126626e-01, -9.85569507e-03,
          -3.41921329e-01,  8.53849232e-01,  9.72614825e-01,  1.74947214e+00,
           1.65093493e+00,  4.78513837e-01, -1.26274693e+00, -7.58478820e-01,
          -9.98121142e-01, -1.64895415e+00, -1.20321500e+00, -1.01067221e+00,
          -8.41943622e-01, -3.28252316e-01, -1.37024605e+00, -1.06359875e+00,
           1.16396695e-04, -1.18653810e+00, -1.92201018e+00, -9.59493637e-01,
          -1.84568894e+00, -1.26994014e-01, -2.73069650e-01, -5.78895867e-01,
          -1.26491296e+00, -2.04644489e+00, -1.31224260e-01, -5.11958063e-01,
          -3.35641541e-02, -7.40958452e-01,  1.32743633e+00, -5.67826107e-02,
          -5.92477202e-01,  1.16771162e+00,  9.50880766e-01,  2.10727111e-01,
          -9.69934702e-01, -1.58590543e+00,  4.87928480e-01,  5.35059333e-01,
           6.07528389e-02, -2.03675938e+00, -1.93085301e+00, -1.31256211e+00,
          -1.94051194e+00, -2.35501218e+00, -1.91168058e+00, -1.24461162e+00,
          -1.76859915e+00, -2.23057556e+00, -6.69753194e-01,  1.73862979e-01,
           7.24462211e-01, -2.14511454e-01, -6.19892478e-01, -9.72573578e-01,
          -2.45384502e+00,  7.53347933e-01, -9.70734656e-03, -1.66995728e+00,
          -1.06555688e+00, -1.21099842e+00, -1.76909161e+00, -1.87552595e+00,
          -1.13400364e+00, -1.64652395e+00, -1.42863691e+00, -1.08383977e+00,
          -2.97323608e+00, -2.15217590e+00, -2.36569691e+00, -1.69936335e+00,
          -1.64787781e+00, -1.36022031e+00, -1.39641225e+00, -1.79739332e+00,
          -2.73998022e-01, -4.68241125e-01, -1.81441996e-02, -2.72708833e-01,
          -6.71625078e-01,  4.53434199e-01,  4.65813875e-02, -8.03791165e-01,
          -1.97013557e+00, -9.66689765e-01, -1.36078262e+00, -1.16228378e+00,
          -9.56502557e-01, -1.43503022e+00, -1.04465020e+00, -1.88269174e+00,
          -1.19343734e+00, -1.14909613e+00, -9.90987897e-01, -1.79062736e+00,
          -6.14074945e-01, -6.59381032e-01, -5.97154558e-01, -1.68269634e+00,
          -5.57276011e-01, -1.32646525e+00, -9.09654677e-01, -1.08330035e+00,
          -9.15295482e-01, -1.15588963e+00, -1.52334976e+00, -1.41268063e+00,
          -1.87703800e+00, -3.05736423e-01, -1.33279085e+00, -7.27144957e-01,
          -5.51999152e-01, -1.93256152e+00, -9.43572164e-01,  1.78859577e-01,
          -1.99279988e+00, -1.84052753e+00,  4.75711942e-01,  7.34161437e-01,
          -4.95079339e-01,  9.05453980e-01,  6.11006141e-01, -8.59888434e-01,
          -6.03310317e-02,  1.20497417e+00,  6.80525973e-02,  1.04586832e-01,
          -1.61723936e+00,  3.60914755e+00, -1.03476381e+00,  1.78513157e+00,
           4.20865864e-01,  1.10456455e+00,  9.30041552e-01, -4.53292638e-01,
           2.39214087e+00,  1.15360940e+00,  2.87630892e+00,  1.52123332e+00,
           4.44452792e-01,  9.68963921e-01,  7.04928637e-02, -4.63135615e-02,
           6.11167848e-01,  7.40134478e-01,  1.77949154e+00, -6.32588923e-01,
          -3.80821943e-01, -2.59836614e-01, -7.71646798e-01, -1.38140708e-01,
           8.17501962e-01,  7.76398122e-01,  8.41076136e-01,  2.07147431e+00,
          -2.12829605e-01, -1.03269815e-01,  1.97146773e+00,  4.76614118e-01,
           6.38958514e-02,  1.70229125e+00,  2.90630758e-01,  1.66237831e+00,
          -6.80361927e-01, -5.29663324e-01,  4.21082735e+00,  3.32322299e-01,
           9.00047794e-02,  1.00077450e+00, -7.17584729e-01,  6.88015819e-01,
          -7.54122794e-01,  1.28592420e+00, -9.13185000e-01,  1.88514397e-01,
           1.33707058e+00,  6.91029489e-01, -1.35151744e-01,  6.77327633e-01,
          -1.89102471e+00,  1.77199095e-01,  2.49014640e+00, -8.87658969e-02,
           1.38609779e+00,  1.51619327e+00, -6.24124289e-01, -1.84063196e+00,
           4.80671674e-01,  2.17479959e-01,  1.40296793e+00, -1.30245173e+00,
           3.13461393e-01,  1.18073583e+00, -1.02795959e+00,  1.44405460e+00,
          -2.35682093e-02,  6.24237835e-01,  9.42364991e-01, -3.61915350e-01,
           3.36013508e+00,  2.36378503e+00,  1.78752482e+00, -1.05213964e+00,
          -1.11690807e+00,  2.21865416e+00,  8.18485975e-01,  2.71092749e+00,
           3.90947610e-01, -5.58989525e-01,  2.52285480e-01, -2.41539150e-01,
           1.62832165e+00,  1.81100607e+00,  1.98819041e+00,  1.26792502e+00,
           2.98115224e-01,  3.47865522e-01,  1.43611526e+00,  3.11562395e+00,
          -2.41030788e+00, -1.28768489e-01, -9.70614195e-01,  7.76909113e-01,
           1.19588184e+00,  5.18194973e-01, -1.30034244e+00,  1.86906099e+00,
           1.75357616e+00, -1.61829317e+00, -4.34231579e-01, -2.26287901e-01,
           8.65993917e-01, -1.38223410e-01, -9.87500429e-01, -9.05271173e-01,
          -1.25767243e+00,  4.40298617e-01,  5.27946115e-01,  2.53026158e-01,
           5.71917370e-03,  5.29179752e-01, -7.24694729e-01,  4.27017629e-01,
          -4.64703798e-01, -1.58239317e+00,  1.73052025e+00,  2.51924443e+00,
           6.26071632e-01,  3.23302269e-01,  3.56534600e+00,  1.96674192e+00,
           1.14764106e+00,  7.17116535e-01,  3.21167159e+00, -1.36454105e+00,
          -1.23486674e+00, -1.15622485e+00, -1.71823233e-01,  3.26358891e+00,
          -1.88968584e-01, -9.12927866e-01,  2.16740465e+00,  1.30207226e-01,
          -6.03271604e-01,  1.19860637e+00,  5.92340350e-01, -2.01157331e+00,
           1.91533387e+00,  4.21982002e+00, -5.96669205e-02,  7.88716555e-01,
           9.33981717e-01,  2.73032618e+00, -7.20753610e-01, -1.99771315e-01,
           4.79696083e+00,  1.66367197e+00,  1.29970181e+00,  9.76152778e-01,
          -9.32407200e-01,  7.20473379e-02,  1.87236953e+00,  2.08680511e+00,
           6.93328142e-01,  1.57346320e+00, -5.57902515e-01,  5.51725388e-01,
          -3.78529221e-01, -1.43462980e+00,  6.32576585e-01,  2.47827083e-01,
           1.15887249e+00, -4.72126067e-01,  2.71766514e-01, -2.75689721e-01,
          -8.31401706e-01,  1.20141351e+00,  4.32023257e-01,  2.07564807e+00,
           3.07883590e-01,  3.37017477e-01, -1.47829902e+00,  2.00635210e-01,
           1.78068900e+00,  1.21411359e+00, -9.72251058e-01,  1.69164479e+00,
           1.77578986e+00,  1.48453593e+00,  1.97404325e+00,  4.46449184e+00,
           1.30936730e+00,  1.68608677e+00,  1.45433024e-01, -8.73465180e-01,
           1.70356476e+00, -6.79651618e-01,  2.62592053e+00,  1.68234384e+00,
           1.93657029e+00, -1.09697364e-01,  1.95076549e+00, -1.79302788e+00,
           1.81419134e+00,  2.92311215e+00,  1.90513051e+00,  2.18000427e-01,
           4.67718244e-01, -3.79403621e-01,  1.48106110e+00,  1.37811911e+00,
          -1.80821344e-01,  1.50807083e+00,  2.67285407e-01,  1.04551232e+00,
           9.07048285e-01,  2.39432991e-01,  1.52255821e+00,  3.52406144e+00,
           3.44893360e+00,  3.00319463e-01,  9.88216341e-01,  2.31594992e+00,
          -4.83304739e-01, -8.02079737e-01,  1.96773994e+00,  3.28311175e-01,
          -1.01588738e+00,  1.63361108e+00, -2.01732218e-01,  6.41234398e-01,
           3.44339156e+00,  1.14759743e+00, -1.38576305e+00,  7.60214329e-01,
           2.46128201e+00,  5.78638077e-01,  2.20402956e-01,  9.79213566e-02,
          -1.41894948e+00,  5.80066919e-01,  3.96296605e-02, -4.76528049e-01,
           2.37772989e+00, -1.72050047e+00,  7.50769615e-01,  9.76244867e-01,
           2.84593582e+00, -2.37440109e+00,  2.21122336e+00,  5.08283138e+00,
          -1.02426434e+00, -1.60943151e-01, -7.85420060e-01,  1.29861927e+00,
          -3.04653406e-01,  8.63836110e-01, -7.89145529e-01,  7.30247200e-01,
           8.00422072e-01, -1.32745707e+00,  2.38044548e+00, -1.69476926e+00,
           4.16724300e+00, -1.31653026e-02, -5.19948065e-01, -2.46783420e-01,
          -7.15731740e-01,  2.16792631e+00,  1.68022797e-01, -5.82693517e-01,
          -4.61594045e-01,  1.80127347e+00,  6.30184412e-01,  3.98707420e-01,
          -7.50441432e-01,  1.25094926e+00,  3.41133952e-01, -5.47584236e-01,
           1.13580668e+00,  2.84812737e+00, -8.21678102e-01,  1.22633684e+00,
           2.79648781e-01,  1.13599312e+00,  5.43467581e-01, -3.35173666e-01,
           3.90834832e+00, -4.15411562e-01, -3.08709931e+00,  9.01480913e-02,
           2.52160382e+00,  7.52330482e-01,  4.78388928e-03,  1.42091787e+00,
           2.64456415e+00, -2.63165176e-01, -9.53158021e-01,  1.20912778e+00,
           1.68050981e+00,  8.82336259e-01,  1.15314138e+00,  3.35622253e-03,
           1.63332736e+00, -7.96745956e-01, -7.40591764e-01,  1.84051216e+00,
           9.75443274e-02,  2.92198467e+00,  6.67504549e-01,  1.89908993e+00,
           2.18784094e+00,  1.81488955e+00,  8.62027466e-01, -9.73550379e-01,
           2.53485441e-01, -7.21307874e-01,  6.02135360e-01,  1.33920148e-01,
           8.68178844e-01,  1.12621105e+00,  1.98606217e+00, -3.92320067e-01,
          -1.72798920e+00,  9.26385939e-01, -1.40300244e-01,  4.90974396e-01,
           1.10685349e+00,  9.20013964e-01, -1.66521692e+00,  1.65870166e+00,
           1.40508497e+00,  1.93186796e+00, -1.06375754e+00, -2.54075199e-01,
           1.50931644e+00, -6.89784512e-02,  4.05247435e-02, -1.33543825e+00,
          -1.79868072e-01,  3.00883961e+00,  7.92573214e-01, -5.24291039e-01,
           1.32032514e+00,  2.51050997e+00,  1.39414763e+00,  1.36871040e+00,
           1.56585872e+00,  1.79314327e+00,  1.13754356e+00,  1.47435013e-02,
           1.41646016e+00,  3.53097486e+00,  2.45609307e+00, -1.22911000e+00,
           3.73006910e-01, -6.63601011e-02,  6.52848244e-01,  1.49291909e+00,
           2.50714731e+00,  2.27446818e+00, -2.14733854e-01,  1.86642826e+00,
           1.99066567e+00,  1.33423045e-01,  2.33872938e+00,  1.87830317e+00,
          -1.44338226e+00,  2.14684868e+00, -7.30525732e-01,  2.52549195e+00,
           2.09024453e+00,  9.29618239e-01, -5.68084896e-01,  7.26340413e-02,
           9.65222418e-01,  1.27926695e+00,  1.02471578e+00, -6.96562976e-02,
          -4.79498714e-01,  1.57871807e+00,  4.35314846e+00,  1.18727112e+00,
           2.43008566e+00, -5.35650134e-01,  4.20254946e-01,  2.93755680e-01,
          -7.08580196e-01,  3.49674058e+00,  4.53084797e-01,  4.50263798e-01,
           1.03172481e+00,  9.80823636e-01,  4.02501678e+00,  9.49064016e-01,
           5.48218787e-01,  5.22203922e-01,  2.11775184e+00,  3.11351681e+00,
           7.42102623e-01, -8.06829929e-01, -3.02823901e-01,  6.47174641e-02,
           1.10846651e+00, -4.01824623e-01, -3.03344578e-01,  1.15043426e+00,
          -1.73174834e+00,  2.28774428e-01,  2.15761638e+00,  3.17448330e+00,
           1.52978027e+00,  1.60699987e+00,  2.99171537e-01,  2.17341542e+00,
          -3.92395377e-01,  3.09421569e-01,  2.45927978e+00,  1.55937171e+00,
          -1.94098818e+00, -6.49130046e-01, -5.15164495e-01,  6.96832359e-01,
           4.38202202e-01, -1.49301314e+00,  1.74545598e+00,  2.52469730e+00,
           1.57250702e+00, -1.23267305e+00, -2.48077750e-01,  2.09031892e+00,
          -1.22494519e+00, -8.97776484e-01,  3.32301557e-01, -1.45233631e+00,
           4.29738373e-01,  4.63228643e-01,  6.19090617e-01, -7.06382990e-02,
           1.86832821e+00, -4.02256668e-01,  5.04766762e-01,  7.98564672e-01,
           3.44941831e+00,  2.51878881e+00,  2.34112787e+00, -1.25160456e+00,
           2.15647912e+00,  1.79337889e-01, -3.96855891e-01,  4.98865891e+00,
           1.08053613e+00, -8.93740475e-01,  3.70476675e+00,  1.09479260e+00,
          -2.24247384e+00, -5.50071150e-02,  4.96568866e-02,  1.99070501e+00,
           7.56034493e-01,  1.44956088e+00,  5.00377059e-01, -1.46137071e+00,
          -1.11620080e+00, -1.19066656e+00, -9.94302809e-01,  6.89209819e-01,
           4.26213455e+00, -8.23835254e-01, -3.59069929e-02, -3.15565169e-01,
           1.95812678e+00, -4.16859120e-01, -2.05629396e+00,  5.68349004e-01,
           1.78952587e+00,  8.08894813e-01,  1.02506208e+00,  1.48779976e+00,
           1.25234079e+00,  2.17383194e+00,  1.37595868e+00,  1.08072555e+00,
          -2.40663365e-01,  2.50793314e+00,  1.39729750e+00, -3.04922730e-01,
          -9.40751672e-01,  1.00911391e+00, -7.58717537e-01,  4.60068613e-01,
           4.66725302e+00,  2.08780026e+00,  3.07412863e+00, -8.97766471e-01,
           1.78342140e+00,  1.99500406e+00,  1.61854863e+00,  8.57413948e-01,
          -3.11769783e-01, -4.98214900e-01,  1.71514106e+00,  7.08333492e-01,
           6.24441576e+00,  6.93770838e+00,  1.17194283e+00,  1.31544262e-01,
           6.07116342e-01,  3.98915820e-03,  1.13225162e-01,  1.51977038e+00,
          -1.81976676e+00, -1.87739980e+00, -5.36386967e-01, -1.46603215e+00,
           3.00029993e+00,  2.76778728e-01,  2.05721945e-01,  7.69896686e-01,
           1.84556663e+00,  3.22755265e+00,  2.05408072e+00, -3.27069581e-01,
          -2.32386684e+00,  1.03418887e+00, -9.21745658e-01, -1.01098478e+00,
          -1.39417100e+00, -5.72878197e-02, -5.76252878e-01, -1.27661669e+00,
          -1.19398236e+00, -2.12058616e+00, -1.11154032e+00, -1.43009531e+00,
          -1.35546029e+00, -1.62603474e+00, -1.23749697e+00, -7.90971398e-01,
          -1.28576553e+00, -1.39121675e+00, -3.97251457e-01, -7.03042984e-01,
          -2.88023829e+00, -9.57582593e-01, -1.84745514e+00, -1.07683396e+00,
           4.43025641e-02,  5.46919584e-01,  5.24773180e-01, -4.63540433e-03,
          -1.65648961e+00, -7.44415939e-01, -2.33414739e-01, -2.00927949e+00,
          -1.88836718e+00, -4.28734273e-01, -6.57758415e-01, -1.81226265e+00,
          -6.74283683e-01, -1.03823805e+00, -5.07954240e-01, -1.19540691e+00,
          -1.36164594e+00, -1.26698005e+00,  1.98543322e+00, -5.80618382e-01,
           9.22482133e-01,  2.12127805e-01, -1.64831471e+00,  1.87256956e+00,
          -2.02413464e+00, -1.67583251e+00,  2.55151451e-01,  6.37127280e-01,
          -2.13130021e+00, -4.07119170e-02,  1.99344978e-01, -2.19850230e+00,
           4.57293838e-01,  1.66950762e-01,  1.37082875e-01, -6.60920918e-01,
          -1.01958290e-01,  4.48176980e-01, -1.80495560e+00, -1.38692856e-01,
          -1.78696251e+00, -3.42843771e-01, -1.39161861e+00, -1.81150806e+00,
          -1.41230059e+00, -2.99076343e+00, -2.69573784e+00, -1.69878519e+00,
          -1.59951723e+00, -2.76334023e+00, -2.19289243e-01,  1.13076186e+00]]],
       device='cuda:0')
PGD attack margin (first 2 examples and 10 specs):
 tensor([[[0.82143545]]], device='cuda:0')
number of violation:  0
Attack finished in 8.3227 seconds.
PGD attack failed
verified_status unknown
verified_success False
Total VNNLIB file length: 1, max property batch size: 1, total number of batches: 1

Properties batch 0, size 1
Remaining timeout: 1151.0196368694305
Verifying property 0 with 1 instances.
torch allclose failed: norm 8.889588571037166e-06
Model: BoundedModule(
  (/input-1): BoundInput(name=/input-1, inputs=[], perturbed=True)
  (/33): BoundParams(name=/33, inputs=[], perturbed=False)
  (/34): BoundParams(name=/34, inputs=[], perturbed=False)
  (/35): BoundParams(name=/35, inputs=[], perturbed=False)
  (/36): BoundParams(name=/36, inputs=[], perturbed=False)
  (/37): BoundParams(name=/37, inputs=[], perturbed=False)
  (/38): BoundParams(name=/38, inputs=[], perturbed=False)
  (/39): BoundParams(name=/39, inputs=[], perturbed=False)
  (/40): BoundParams(name=/40, inputs=[], perturbed=False)
  (/41): BoundParams(name=/41, inputs=[], perturbed=False)
  (/42): BoundParams(name=/42, inputs=[], perturbed=False)
  (/43): BoundParams(name=/43, inputs=[], perturbed=False)
  (/44): BoundParams(name=/44, inputs=[], perturbed=False)
  (/45): BoundParams(name=/45, inputs=[], perturbed=False)
  (/46): BoundParams(name=/46, inputs=[], perturbed=False)
  (/47): BoundParams(name=/47, inputs=[], perturbed=False)
  (/48): BoundParams(name=/48, inputs=[], perturbed=False)
  (/49): BoundParams(name=/49, inputs=[], perturbed=False)
  (/50): BoundParams(name=/50, inputs=[], perturbed=False)
  (/51): BoundParams(name=/51, inputs=[], perturbed=False)
  (/52): BoundParams(name=/52, inputs=[], perturbed=False)
  (/53): BoundParams(name=/53, inputs=[], perturbed=False)
  (/54): BoundParams(name=/54, inputs=[], perturbed=False)
  (/55): BoundParams(name=/55, inputs=[], perturbed=False)
  (/56): BoundParams(name=/56, inputs=[], perturbed=False)
  (/57): BoundParams(name=/57, inputs=[], perturbed=False)
  (/58): BoundParams(name=/58, inputs=[], perturbed=False)
  (/59): BoundParams(name=/59, inputs=[], perturbed=False)
  (/60): BoundParams(name=/60, inputs=[], perturbed=False)
  (/61): BoundParams(name=/61, inputs=[], perturbed=False)
  (/62): BoundParams(name=/62, inputs=[], perturbed=False)
  (/63): BoundParams(name=/63, inputs=[], perturbed=False)
  (/64): BoundParams(name=/64, inputs=[], perturbed=False)
  (/input): BoundConv(name=/input, inputs=[/input-1, /33, /34], perturbed=True)
  (/66): BoundRelu(name=/66, inputs=[/input], perturbed=True)
  (/input-4): BoundConv(name=/input-4, inputs=[/66, /35, /36], perturbed=True)
  (/68): BoundRelu(name=/68, inputs=[/input-4], perturbed=True)
  (/input-12): BoundConv(name=/input-12, inputs=[/input-8/add_3_4, /37, /38], perturbed=True)
  (/71): BoundRelu(name=/71, inputs=[/input-12], perturbed=True)
  (/input-16): BoundConv(name=/input-16, inputs=[/71, /39, /40], perturbed=True)
  (/73): BoundRelu(name=/73, inputs=[/input-16], perturbed=True)
  (/input-24): BoundConv(name=/input-24, inputs=[/input-20/add_3_4, /41, /42], perturbed=True)
  (/76): BoundRelu(name=/76, inputs=[/input-24], perturbed=True)
  (/input-28): BoundConv(name=/input-28, inputs=[/76, /43, /44], perturbed=True)
  (/78): BoundRelu(name=/78, inputs=[/input-28], perturbed=True)
  (/input-32): BoundConv(name=/input-32, inputs=[/78, /45, /46], perturbed=True)
  (/80): BoundRelu(name=/80, inputs=[/input-32], perturbed=True)
  (/input-40): BoundConv(name=/input-40, inputs=[/input-36/add_3_4, /47, /48], perturbed=True)
  (/83): BoundRelu(name=/83, inputs=[/input-40], perturbed=True)
  (/input-44): BoundConv(name=/input-44, inputs=[/83, /49, /50], perturbed=True)
  (/85): BoundRelu(name=/85, inputs=[/input-44], perturbed=True)
  (/input-48): BoundConv(name=/input-48, inputs=[/85, /51, /52], perturbed=True)
  (/87): BoundRelu(name=/87, inputs=[/input-48], perturbed=True)
  (/input-56): BoundConv(name=/input-56, inputs=[/input-52/add_3_4, /53, /54], perturbed=True)
  (/90): BoundRelu(name=/90, inputs=[/input-56], perturbed=True)
  (/input-60): BoundConv(name=/input-60, inputs=[/90, /55, /56], perturbed=True)
  (/92): BoundRelu(name=/92, inputs=[/input-60], perturbed=True)
  (/input-64): BoundConv(name=/input-64, inputs=[/92, /57, /58], perturbed=True)
  (/94): BoundRelu(name=/94, inputs=[/input-64], perturbed=True)
  (/96): BoundFlatten(name=/96, inputs=[/95/add_3_4], perturbed=True)
  (/input-68): BoundLinear(name=/input-68, inputs=[/96, /59, /60], perturbed=True)
  (/98): BoundRelu(name=/98, inputs=[/input-68], perturbed=True)
  (/99): BoundFlatten(name=/99, inputs=[/98], perturbed=True)
  (/input-72): BoundLinear(name=/input-72, inputs=[/99, /61, /62], perturbed=True)
  (/101): BoundRelu(name=/101, inputs=[/input-72], perturbed=True)
  (/102): BoundFlatten(name=/102, inputs=[/101], perturbed=True)
  (/103): BoundLinear(name=/103, inputs=[/102, /63, /64], perturbed=True)
  (/input-8/conv_1): BoundConv(name=/input-8/conv_1, inputs=[/68, /input-8/conv_1_w], perturbed=True)
  (/input-8/conv_1_relu): BoundRelu(name=/input-8/conv_1_relu, inputs=[/input-8/conv_1], perturbed=True)
  (/input-8/conv_1_w): BoundParams(name=/input-8/conv_1_w, inputs=[], perturbed=False)
  (/input-8/conv_2): BoundConv(name=/input-8/conv_2, inputs=[/68, /input-8/conv_2_w], perturbed=True)
  (/input-8/conv_2_w): BoundParams(name=/input-8/conv_2_w, inputs=[], perturbed=False)
  (/input-8/conv_3): BoundConv(name=/input-8/conv_3, inputs=[/input-8/add_1_2, /input-8/conv_3_w], perturbed=True)
  (/input-8/conv_3_relu): BoundRelu(name=/input-8/conv_3_relu, inputs=[/input-8/conv_3], perturbed=True)
  (/input-8/conv_3_w): BoundParams(name=/input-8/conv_3_w, inputs=[], perturbed=False)
  (/input-8/conv_4): BoundConv(name=/input-8/conv_4, inputs=[/input-8/add_1_2, /input-8/conv_4_w], perturbed=True)
  (/input-8/conv_4_w): BoundParams(name=/input-8/conv_4_w, inputs=[], perturbed=False)
  (/input-8/add_1_2): BoundAdd(name=/input-8/add_1_2, inputs=[/input-8/conv_1_relu, /input-8/conv_2], perturbed=True)
  (/input-8/add_3_4): BoundAdd(name=/input-8/add_3_4, inputs=[/input-8/conv_3_relu, /input-8/conv_4], perturbed=True)
  (/input-20/conv_1): BoundConv(name=/input-20/conv_1, inputs=[/73, /input-20/conv_1_w], perturbed=True)
  (/input-20/conv_1_relu): BoundRelu(name=/input-20/conv_1_relu, inputs=[/input-20/conv_1], perturbed=True)
  (/input-20/conv_1_w): BoundParams(name=/input-20/conv_1_w, inputs=[], perturbed=False)
  (/input-20/conv_2): BoundConv(name=/input-20/conv_2, inputs=[/73, /input-20/conv_2_w], perturbed=True)
  (/input-20/conv_2_w): BoundParams(name=/input-20/conv_2_w, inputs=[], perturbed=False)
  (/input-20/conv_3): BoundConv(name=/input-20/conv_3, inputs=[/input-20/add_1_2, /input-20/conv_3_w], perturbed=True)
  (/input-20/conv_3_relu): BoundRelu(name=/input-20/conv_3_relu, inputs=[/input-20/conv_3], perturbed=True)
  (/input-20/conv_3_w): BoundParams(name=/input-20/conv_3_w, inputs=[], perturbed=False)
  (/input-20/conv_4): BoundConv(name=/input-20/conv_4, inputs=[/input-20/add_1_2, /input-20/conv_4_w], perturbed=True)
  (/input-20/conv_4_w): BoundParams(name=/input-20/conv_4_w, inputs=[], perturbed=False)
  (/input-20/add_1_2): BoundAdd(name=/input-20/add_1_2, inputs=[/input-20/conv_1_relu, /input-20/conv_2], perturbed=True)
  (/input-20/add_3_4): BoundAdd(name=/input-20/add_3_4, inputs=[/input-20/conv_3_relu, /input-20/conv_4], perturbed=True)
  (/input-36/conv_1): BoundConv(name=/input-36/conv_1, inputs=[/80, /input-36/conv_1_w], perturbed=True)
  (/input-36/conv_1_relu): BoundRelu(name=/input-36/conv_1_relu, inputs=[/input-36/conv_1], perturbed=True)
  (/input-36/conv_1_w): BoundParams(name=/input-36/conv_1_w, inputs=[], perturbed=False)
  (/input-36/conv_2): BoundConv(name=/input-36/conv_2, inputs=[/80, /input-36/conv_2_w], perturbed=True)
  (/input-36/conv_2_w): BoundParams(name=/input-36/conv_2_w, inputs=[], perturbed=False)
  (/input-36/conv_3): BoundConv(name=/input-36/conv_3, inputs=[/input-36/add_1_2, /input-36/conv_3_w], perturbed=True)
  (/input-36/conv_3_relu): BoundRelu(name=/input-36/conv_3_relu, inputs=[/input-36/conv_3], perturbed=True)
  (/input-36/conv_3_w): BoundParams(name=/input-36/conv_3_w, inputs=[], perturbed=False)
  (/input-36/conv_4): BoundConv(name=/input-36/conv_4, inputs=[/input-36/add_1_2, /input-36/conv_4_w], perturbed=True)
  (/input-36/conv_4_w): BoundParams(name=/input-36/conv_4_w, inputs=[], perturbed=False)
  (/input-36/add_1_2): BoundAdd(name=/input-36/add_1_2, inputs=[/input-36/conv_1_relu, /input-36/conv_2], perturbed=True)
  (/input-36/add_3_4): BoundAdd(name=/input-36/add_3_4, inputs=[/input-36/conv_3_relu, /input-36/conv_4], perturbed=True)
  (/input-52/conv_1): BoundConv(name=/input-52/conv_1, inputs=[/87, /input-52/conv_1_w], perturbed=True)
  (/input-52/conv_1_relu): BoundRelu(name=/input-52/conv_1_relu, inputs=[/input-52/conv_1], perturbed=True)
  (/input-52/conv_1_w): BoundParams(name=/input-52/conv_1_w, inputs=[], perturbed=False)
  (/input-52/conv_2): BoundConv(name=/input-52/conv_2, inputs=[/87, /input-52/conv_2_w], perturbed=True)
  (/input-52/conv_2_w): BoundParams(name=/input-52/conv_2_w, inputs=[], perturbed=False)
  (/input-52/conv_3): BoundConv(name=/input-52/conv_3, inputs=[/input-52/add_1_2, /input-52/conv_3_w], perturbed=True)
  (/input-52/conv_3_relu): BoundRelu(name=/input-52/conv_3_relu, inputs=[/input-52/conv_3], perturbed=True)
  (/input-52/conv_3_w): BoundParams(name=/input-52/conv_3_w, inputs=[], perturbed=False)
  (/input-52/conv_4): BoundConv(name=/input-52/conv_4, inputs=[/input-52/add_1_2, /input-52/conv_4_w], perturbed=True)
  (/input-52/conv_4_w): BoundParams(name=/input-52/conv_4_w, inputs=[], perturbed=False)
  (/input-52/add_1_2): BoundAdd(name=/input-52/add_1_2, inputs=[/input-52/conv_1_relu, /input-52/conv_2], perturbed=True)
  (/input-52/add_3_4): BoundAdd(name=/input-52/add_3_4, inputs=[/input-52/conv_3_relu, /input-52/conv_4], perturbed=True)
  (/95/conv_1): BoundConv(name=/95/conv_1, inputs=[/94, /95/conv_1_w], perturbed=True)
  (/95/conv_1_relu): BoundRelu(name=/95/conv_1_relu, inputs=[/95/conv_1], perturbed=True)
  (/95/conv_1_w): BoundParams(name=/95/conv_1_w, inputs=[], perturbed=False)
  (/95/conv_2): BoundConv(name=/95/conv_2, inputs=[/94, /95/conv_2_w], perturbed=True)
  (/95/conv_2_w): BoundParams(name=/95/conv_2_w, inputs=[], perturbed=False)
  (/95/conv_3): BoundConv(name=/95/conv_3, inputs=[/95/add_1_2, /95/conv_3_w], perturbed=True)
  (/95/conv_3_relu): BoundRelu(name=/95/conv_3_relu, inputs=[/95/conv_3], perturbed=True)
  (/95/conv_3_w): BoundParams(name=/95/conv_3_w, inputs=[], perturbed=False)
  (/95/conv_4): BoundConv(name=/95/conv_4, inputs=[/95/add_1_2, /95/conv_4_w], perturbed=True)
  (/95/conv_4_w): BoundParams(name=/95/conv_4_w, inputs=[], perturbed=False)
  (/95/add_1_2): BoundAdd(name=/95/add_1_2, inputs=[/95/conv_1_relu, /95/conv_2], perturbed=True)
  (/95/add_3_4): BoundAdd(name=/95/add_3_4, inputs=[/95/conv_3_relu, /95/conv_4], perturbed=True)
)
Model prediction is: tensor([-9.84179795e-01,  1.78342175e+00, -1.65946984e+00, -2.14096665e+00,
        -1.46826673e+00,  1.75357834e-01, -7.30330586e-01, -1.95730102e+00,
        -1.85451174e+00, -1.51710176e+00, -1.35815728e+00, -4.11743313e-01,
        -3.48076701e-01, -1.24723291e+00, -9.21046510e-02,  3.43290418e-02,
        -9.35703754e-01, -1.47425926e+00, -6.55720174e-01, -1.00309396e+00,
        -1.09267521e+00, -8.29576850e-01, -1.46691054e-01, -1.36786711e+00,
        -7.48240113e-01, -1.42012179e+00, -3.19098771e-01, -1.08758259e+00,
        -1.25191307e+00,  1.99972928e-01, -1.85585511e+00,  5.51505834e-02,
        -1.32559180e+00, -2.10358357e+00, -1.54572630e+00, -1.48802209e+00,
         9.04216170e-01, -1.97223961e+00, -1.92081586e-01, -1.61068130e+00,
         1.90654412e-01, -1.71016526e+00, -1.92022836e+00, -1.09539115e+00,
        -9.80161905e-01, -1.17258847e+00,  2.22642064e-01, -1.19960833e+00,
        -2.18232656e+00, -3.94301176e-01,  2.84640133e-01, -2.56643987e+00,
        -2.85980195e-01,  5.81210405e-02, -8.72064471e-01, -1.64797616e+00,
        -7.23807335e-01, -1.83492017e+00, -1.37307748e-01, -2.69149035e-01,
        -3.29179168e-01, -1.16626072e+00, -1.40062332e+00,  1.56723335e-01,
        -4.76025462e-01, -6.41691029e-01, -9.29536283e-01, -4.32161331e-01,
        -1.52156866e+00, -1.94049323e+00, -2.20292434e-01,  2.68676430e-01,
         3.59951258e-01,  1.65134072e+00,  6.76981688e-01,  1.08223033e+00,
         2.96893418e-01,  1.31411231e+00,  5.01041949e-01,  1.50668108e+00,
        -4.22047153e-02, -2.40017557e+00, -1.39452422e+00, -1.67768061e+00,
        -7.95280695e-01, -9.53929245e-01, -1.85696054e+00,  1.51353776e-01,
         2.76783377e-01, -1.22894156e+00, -5.86131811e-01, -1.05233443e+00,
        -2.65643388e-01, -3.53371084e-01,  4.24528301e-01, -1.98340750e+00,
         5.25773391e-02, -9.90075290e-01,  7.76342690e-01, -9.13084090e-01,
         4.94704366e-01, -1.68907261e+00, -1.89087903e+00,  1.25118268e+00,
        -1.92909002e+00, -2.49308205e+00, -1.50275803e+00, -2.42326811e-01,
        -1.03368545e+00, -1.87273872e+00, -4.42556232e-01,  2.27978230e+00,
        -6.48752511e-01, -1.11642800e-01, -6.44071519e-01, -1.93520951e+00,
        -1.67195356e+00, -4.67194356e-02, -1.01222730e+00, -2.35374641e+00,
        -2.12307382e+00, -1.83236599e+00, -1.55440629e+00, -2.71769238e+00,
        -1.97087431e+00, -1.87859976e+00,  7.28697330e-03, -5.18510997e-01,
         6.05573714e-01,  6.46344602e-01,  3.01246583e-01, -4.93055850e-01,
         6.31471932e-01, -7.01597750e-01,  2.76547186e-02, -5.45125425e-01,
        -9.13617313e-01,  2.97919959e-01, -1.26598108e+00, -2.03704786e+00,
        -2.24849796e+00,  3.26018155e-01, -5.68456292e-01, -8.08636904e-01,
        -8.53751302e-01, -1.43158591e+00, -2.34047890e+00, -2.32631769e-02,
        -1.72823817e-01, -7.29910433e-01, -1.70270526e+00, -8.67135972e-02,
        -1.21072578e+00, -9.87777635e-02, -5.47587395e-01, -8.18097770e-01,
        -8.95358205e-01, -4.11435962e-01, -1.26179099e+00, -9.55665886e-01,
        -1.21479046e+00, -2.86848545e-01,  2.01180115e-01, -8.96535635e-01,
        -8.20753455e-01, -6.18012011e-01, -1.08340251e+00, -1.16084099e+00,
        -2.39506602e-01, -1.02929842e+00, -9.63734448e-01, -7.28976250e-01,
        -1.10617685e+00, -9.81245100e-01, -1.22732234e+00, -1.03896976e+00,
        -1.60110235e+00, -5.56433499e-01,  7.03218952e-03, -1.50798464e+00,
        -1.87544191e+00, -4.22065854e-01, -2.13078350e-01, -7.68753052e-01,
        -4.34505269e-02, -3.20469350e-01, -3.28677088e-01,  1.49169695e-02,
        -1.14830410e+00, -1.36155665e+00, -8.37880790e-01,  9.98911485e-02,
        -6.38175130e-01, -1.01736867e+00, -9.89218593e-01,  4.86058533e-01,
        -7.77579308e-01, -1.35537755e+00, -1.61660516e+00, -1.28801048e-01,
        -8.46764863e-01, -9.26898956e-01, -6.92141712e-01,  7.44025826e-01,
        -3.55130374e-01, -7.87143409e-01, -1.13184059e+00, -5.21467626e-01,
        -9.04965758e-01, -6.60465479e-01, -1.76459515e+00, -5.14156044e-01,
        -5.10443985e-01, -8.00164461e-01, -1.01588511e+00, -6.63088322e-01,
        -1.02215254e+00, -2.89844424e-01, -7.69215524e-01, -8.95132124e-01,
        -5.68263352e-01, -2.06499889e-01, -8.07121396e-01,  2.43256658e-01,
         1.51860058e-01, -1.29464364e+00, -1.02105069e+00, -1.16126359e+00,
        -1.17796350e+00, -1.71879202e-01, -1.22657669e+00, -7.30603039e-01,
        -5.63727677e-01, -7.54775226e-01, -4.18908715e-01, -5.66245139e-01,
        -8.64896595e-01, -4.42823172e-01, -1.11138558e+00, -2.14345962e-01,
        -5.59262574e-01, -8.22266519e-01, -2.23167568e-01, -1.89354670e+00,
        -8.99703145e-01, -4.81627494e-01, -1.70389771e+00, -6.22510672e-01,
        -4.69709039e-01, -2.43944317e-01, -7.21925020e-01, -9.69572961e-01,
        -2.74505347e-01, -3.10767591e-01,  6.22894585e-01, -1.49608672e+00,
        -1.10925055e+00, -2.16424733e-01, -5.36130905e-01,  2.22712889e-01,
         3.68295498e-02, -1.00291145e+00, -1.17892194e+00, -5.70672095e-01,
        -7.98856199e-01,  1.95634618e-01, -8.73932898e-01, -7.58074999e-01,
        -1.90766966e+00, -2.35327601e-01, -7.64066935e-01, -3.24603796e-01,
        -1.02518633e-01, -5.13322949e-02, -8.97715867e-01, -8.08240056e-01,
        -9.25433993e-01,  2.72334576e-01, -8.87398481e-01, -5.91078028e-02,
        -4.10520107e-01,  8.49178076e-01,  9.81223643e-01,  1.73738956e+00,
         1.66868842e+00,  4.53346074e-01, -1.29703701e+00, -8.00797522e-01,
        -1.08273244e+00, -1.71230733e+00, -1.26060498e+00, -1.10350966e+00,
        -8.56840193e-01, -3.84237111e-01, -1.40661705e+00, -1.06898212e+00,
         3.95610519e-02, -1.24819005e+00, -2.00576544e+00, -1.01715922e+00,
        -1.91181576e+00, -9.16883498e-02, -3.43428612e-01, -6.23639524e-01,
        -1.28230953e+00, -2.09697771e+00, -1.58627257e-01, -5.83400726e-01,
        -7.35536441e-02, -7.23722816e-01,  1.35620344e+00, -4.92353216e-02,
        -6.07966244e-01,  1.19331396e+00,  9.64933872e-01,  2.52666175e-01,
        -9.95524168e-01, -1.53694713e+00,  4.51593727e-01,  5.77102780e-01,
         7.54733607e-02, -2.05622721e+00, -1.99010277e+00, -1.31786871e+00,
        -1.96652126e+00, -2.36415911e+00, -1.96841538e+00, -1.19827390e+00,
        -1.73125112e+00, -2.18006682e+00, -6.61818624e-01,  1.43195823e-01,
         7.15379655e-01, -7.88374990e-02, -6.12542570e-01, -1.07127106e+00,
        -2.47646904e+00,  8.69409859e-01,  6.27952814e-02, -1.67317450e+00,
        -1.06954527e+00, -1.18993056e+00, -1.79125166e+00, -1.90669346e+00,
        -1.01909781e+00, -1.65675259e+00, -1.35068977e+00, -1.09585595e+00,
        -3.02012229e+00, -2.24648333e+00, -2.48246789e+00, -1.79125273e+00,
        -1.67361343e+00, -1.43388987e+00, -1.46207881e+00, -1.81474638e+00,
        -2.57706583e-01, -4.62707579e-01, -4.27518263e-02, -3.04025412e-01,
        -6.20721459e-01,  4.27212715e-01, -8.63477588e-04, -8.29969406e-01,
        -2.01806402e+00, -9.97701705e-01, -1.43772161e+00, -1.20638978e+00,
        -1.04446614e+00, -1.49048626e+00, -1.12033355e+00, -1.94787836e+00,
        -1.22895026e+00, -1.15358293e+00, -9.97431695e-01, -1.83699119e+00,
        -6.39066100e-01, -7.31127262e-01, -5.96474767e-01, -1.69887638e+00,
        -6.18547082e-01, -1.31479585e+00, -9.22178030e-01, -1.15892458e+00,
        -9.92899716e-01, -1.17045355e+00, -1.53362656e+00, -1.45824552e+00,
        -1.90452623e+00, -2.70894080e-01, -1.32443845e+00, -6.28152788e-01,
        -6.00156963e-01, -1.84754705e+00, -8.49029243e-01,  2.16382548e-01,
        -1.94336438e+00, -1.82412338e+00,  4.62198168e-01,  6.70012593e-01,
        -5.70575058e-01,  9.33291078e-01,  5.96259952e-01, -8.78953874e-01,
        -4.20701355e-02,  1.21657634e+00,  6.87491223e-02,  1.43429667e-01,
        -1.57139122e+00,  3.52404642e+00, -9.74594653e-01,  1.99200773e+00,
         4.35038567e-01,  1.03818142e+00,  1.04173994e+00, -3.87083203e-01,
         2.41149855e+00,  1.27000439e+00,  2.82400322e+00,  1.54482114e+00,
         4.09393251e-01,  9.65173662e-01,  2.42918991e-02, -5.69787472e-02,
         7.08634496e-01,  8.33526015e-01,  1.68773758e+00, -6.34775817e-01,
        -3.34308535e-01, -3.06494147e-01, -8.08157384e-01, -6.66041374e-02,
         7.39579082e-01,  8.70606899e-01,  8.96447003e-01,  2.12892413e+00,
        -1.48728371e-01, -9.17006731e-02,  1.93970466e+00,  4.28118110e-01,
         7.67523348e-02,  1.69035459e+00,  3.09108645e-01,  1.76513672e+00,
        -7.00287879e-01, -4.77978766e-01,  4.22877979e+00,  3.34911376e-01,
         1.95805311e-01,  1.13521767e+00, -7.14891016e-01,  5.70791006e-01,
        -7.06546843e-01,  1.23246288e+00, -9.20325696e-01,  2.49449313e-01,
         1.35365069e+00,  7.07102478e-01, -1.42649949e-01,  6.76510572e-01,
        -1.87635243e+00,  1.03470296e-01,  2.53869796e+00,  4.48975712e-03,
         1.36008537e+00,  1.46578860e+00, -6.56728148e-01, -1.82629597e+00,
         5.40014207e-01,  1.74413681e-01,  1.34952343e+00, -1.33045387e+00,
         4.83301431e-01,  1.12123108e+00, -1.01830935e+00,  1.54522300e+00,
         1.16891325e-01,  5.63194215e-01,  9.84890282e-01, -3.59841436e-01,
         3.33706260e+00,  2.33429766e+00,  1.69915724e+00, -1.06626379e+00,
        -1.06661308e+00,  2.09804010e+00,  8.49856853e-01,  2.72363806e+00,
         3.18083912e-01, -5.36515296e-01,  1.95507973e-01, -3.11295301e-01,
         1.66514683e+00,  1.74765015e+00,  1.91638041e+00,  1.25421357e+00,
         3.69788647e-01,  3.47614586e-01,  1.48121309e+00,  3.07606316e+00,
        -2.40834451e+00, -1.38275608e-01, -9.26617742e-01,  7.32282221e-01,
         1.21207738e+00,  5.31943798e-01, -1.35161340e+00,  1.75866568e+00,
         1.76196527e+00, -1.53408337e+00, -4.32997286e-01, -1.90806106e-01,
         7.49518871e-01, -2.09819317e-01, -1.01578736e+00, -8.69624555e-01,
        -1.23460591e+00,  4.72366244e-01,  5.25724828e-01,  2.51287818e-01,
         6.51506037e-02,  5.27286172e-01, -7.04173267e-01,  4.40302402e-01,
        -5.04521430e-01, -1.53923929e+00,  1.73006260e+00,  2.50102592e+00,
         6.06545150e-01,  4.49976206e-01,  3.50532556e+00,  1.93121660e+00,
         1.15774667e+00,  7.64062166e-01,  3.11183000e+00, -1.41371250e+00,
        -1.17983174e+00, -1.17051351e+00, -1.23572767e-01,  3.32513762e+00,
        -2.36511558e-01, -9.56264079e-01,  2.13560057e+00,  1.06488109e-01,
        -5.84334135e-01,  1.16322863e+00,  5.68367302e-01, -2.00696564e+00,
         1.87157106e+00,  4.30902004e+00, -1.64063290e-01,  7.40235031e-01,
         9.85206187e-01,  2.68216038e+00, -6.72997236e-01, -1.08009934e-01,
         4.72176933e+00,  1.81390274e+00,  1.27255642e+00,  1.01773608e+00,
        -9.53350961e-01,  9.26398784e-02,  1.98626196e+00,  2.07221842e+00,
         7.25617766e-01,  1.67819929e+00, -6.31795645e-01,  4.56972986e-01,
        -3.68544757e-01, -1.39000201e+00,  6.20416284e-01,  2.31574357e-01,
         1.16706407e+00, -4.13001299e-01,  1.95197850e-01, -1.94907248e-01,
        -7.65768707e-01,  1.12566411e+00,  4.82908547e-01,  2.14156723e+00,
         4.58742321e-01,  4.07628834e-01, -1.41478312e+00,  1.00436196e-01,
         1.79727280e+00,  1.14575183e+00, -1.00063872e+00,  1.69033408e+00,
         1.85564888e+00,  1.48109150e+00,  1.92223370e+00,  4.60358429e+00,
         1.22835112e+00,  1.63468981e+00,  1.28699496e-01, -8.26403916e-01,
         1.61323714e+00, -7.51487255e-01,  2.66104245e+00,  1.66698921e+00,
         1.90505469e+00, -1.19268470e-01,  1.97406507e+00, -1.80007637e+00,
         1.69959664e+00,  2.95891237e+00,  1.93731081e+00,  2.01992288e-01,
         5.12562454e-01, -3.31876338e-01,  1.52994299e+00,  1.51445079e+00,
        -1.48035452e-01,  1.49121380e+00,  3.67803454e-01,  1.02327371e+00,
         8.76734436e-01,  2.37184271e-01,  1.49594820e+00,  3.57580948e+00,
         3.49847221e+00,  3.99051696e-01,  9.62285876e-01,  2.23757315e+00,
        -5.03836572e-01, -7.12950170e-01,  1.93948817e+00,  2.75691986e-01,
        -9.98574257e-01,  1.58937025e+00, -2.41447359e-01,  5.84907830e-01,
         3.33508277e+00,  1.07114673e+00, -1.39052975e+00,  6.76035166e-01,
         2.48526287e+00,  6.25623465e-01,  3.05942178e-01,  1.72201708e-01,
        -1.44147718e+00,  5.19913435e-01,  3.52678746e-02, -5.04816413e-01,
         2.35072994e+00, -1.67303109e+00,  7.41473556e-01,  9.71580029e-01,
         2.80046630e+00, -2.43692470e+00,  2.15155005e+00,  5.10137892e+00,
        -1.02440715e+00, -1.97786793e-01, -7.34699845e-01,  1.39043558e+00,
        -2.53827065e-01,  8.40286613e-01, -7.76182353e-01,  7.86238432e-01,
         8.91969621e-01, -1.31244731e+00,  2.31320190e+00, -1.81365359e+00,
         4.21095657e+00, -2.55343094e-02, -6.31593883e-01, -2.60444403e-01,
        -6.96033061e-01,  2.32742405e+00,  1.80727988e-01, -5.79394281e-01,
        -3.67329091e-01,  1.79091024e+00,  5.81714749e-01,  4.16423827e-01,
        -8.41437340e-01,  1.18201339e+00,  2.90133744e-01, -5.42043269e-01,
         1.08862484e+00,  2.85462618e+00, -8.63718688e-01,  1.14414454e+00,
         2.38448262e-01,  1.06412446e+00,  4.30521578e-01, -3.49990577e-01,
         3.88298035e+00, -4.32096213e-01, -3.06634784e+00,  3.80854681e-03,
         2.61746383e+00,  8.56017351e-01,  1.19542427e-01,  1.42567003e+00,
         2.72893333e+00, -1.74758866e-01, -9.74356711e-01,  1.12488234e+00,
         1.65639734e+00,  9.96561170e-01,  1.12443805e+00,  7.75482282e-02,
         1.63725388e+00, -7.52757072e-01, -7.18163431e-01,  1.81675792e+00,
        -4.74288762e-02,  3.10647774e+00,  6.99068189e-01,  1.89069438e+00,
         2.24206424e+00,  1.78296161e+00,  7.86591709e-01, -1.07671261e+00,
         3.19113433e-01, -6.86180592e-01,  6.55573487e-01,  1.12668350e-01,
         8.35671306e-01,  1.31297410e+00,  1.94962800e+00, -3.49092782e-01,
        -1.74363256e+00,  1.00967121e+00, -2.48968646e-01,  5.70396423e-01,
         1.20252144e+00,  8.30701411e-01, -1.68049037e+00,  1.62263691e+00,
         1.37141633e+00,  1.97731197e+00, -1.08505321e+00, -2.23503843e-01,
         1.51526761e+00, -4.92885932e-02,  9.65229794e-02, -1.36650133e+00,
        -2.24707589e-01,  3.06971145e+00,  7.70486712e-01, -6.11503005e-01,
         1.23944390e+00,  2.46407223e+00,  1.38126493e+00,  1.32749200e+00,
         1.61605299e+00,  1.81636786e+00,  1.25345349e+00,  8.14673528e-02,
         1.45057213e+00,  3.48031282e+00,  2.38309050e+00, -1.23915195e+00,
         4.79008019e-01,  1.60679594e-03,  6.72168493e-01,  1.42557919e+00,
         2.49345112e+00,  2.23291898e+00, -1.60697773e-01,  1.76018727e+00,
         1.98271954e+00,  8.86693150e-02,  2.28864002e+00,  1.92888737e+00,
        -1.45450199e+00,  2.13115120e+00, -6.98062301e-01,  2.42074227e+00,
         2.10558820e+00,  9.43115056e-01, -5.13871312e-01,  1.72631234e-01,
         9.20157969e-01,  1.22283733e+00,  9.88554597e-01, -3.60955000e-02,
        -4.46124166e-01,  1.57872868e+00,  4.38087559e+00,  1.13951576e+00,
         2.39643621e+00, -4.99681026e-01,  3.65727454e-01,  2.22581491e-01,
        -6.70111001e-01,  3.45463252e+00,  5.46071768e-01,  5.03779709e-01,
         9.99670267e-01,  1.07365465e+00,  4.18049049e+00,  9.28806722e-01,
         5.16219079e-01,  6.68838799e-01,  2.02695799e+00,  3.20422173e+00,
         7.52900660e-01, -7.26796329e-01, -2.87765354e-01,  8.15049037e-02,
         1.03305054e+00, -4.12174314e-01, -2.86785752e-01,  1.14625692e+00,
        -1.71308136e+00,  2.96519130e-01,  2.08967447e+00,  3.14934540e+00,
         1.55228674e+00,  1.55305076e+00,  3.68022054e-01,  2.28708196e+00,
        -3.40604246e-01,  3.19939047e-01,  2.39261103e+00,  1.64505792e+00,
        -1.98040438e+00, -6.63174629e-01, -5.59090793e-01,  6.17023051e-01,
         4.90356952e-01, -1.49435163e+00,  1.64707756e+00,  2.46999168e+00,
         1.55403984e+00, -1.18823647e+00, -2.28935197e-01,  2.09261489e+00,
        -1.19115520e+00, -9.14042354e-01,  3.11485738e-01, -1.46196902e+00,
         4.41593170e-01,  5.29695868e-01,  5.88532865e-01, -4.19704951e-02,
         1.92732859e+00, -4.07081962e-01,  6.28882289e-01,  9.55794752e-01,
         3.38333154e+00,  2.52953672e+00,  2.31117105e+00, -1.25032949e+00,
         2.06783128e+00,  2.15827093e-01, -3.72982800e-01,  5.02121162e+00,
         9.86123502e-01, -8.52944851e-01,  3.77316022e+00,  1.05791128e+00,
        -2.31723928e+00, -1.00826703e-01,  1.18899286e-01,  2.03336430e+00,
         7.02140629e-01,  1.41864216e+00,  5.14699280e-01, -1.41991973e+00,
        -1.11501002e+00, -1.17450988e+00, -9.30842459e-01,  7.29447186e-01,
         4.41872501e+00, -8.49615872e-01,  2.01572943e-02, -2.31740475e-01,
         1.94407749e+00, -4.37267512e-01, -2.05299568e+00,  4.93935972e-01,
         1.86001265e+00,  7.56453335e-01,  9.42616343e-01,  1.69571519e+00,
         1.30852604e+00,  2.12085438e+00,  1.38893902e+00,  1.07629347e+00,
        -2.48412445e-01,  2.49029469e+00,  1.39930987e+00, -3.14195961e-01,
        -9.45567012e-01,  1.06569266e+00, -8.27761173e-01,  3.70806128e-01,
         4.65505409e+00,  2.11915302e+00,  3.05725408e+00, -9.07862425e-01,
         1.75920713e+00,  1.96549881e+00,  1.68722975e+00,  8.88622165e-01,
        -2.94741631e-01, -6.62230730e-01,  1.67535222e+00,  7.54926145e-01,
         6.40320826e+00,  7.14114761e+00,  1.09984040e+00,  1.16318151e-01,
         6.50410891e-01, -3.58412750e-02,  1.02493599e-01,  1.52655292e+00,
        -1.84158361e+00, -1.85409427e+00, -5.10256708e-01, -1.31360590e+00,
         3.03067780e+00,  3.01699966e-01,  1.84576616e-01,  7.37032592e-01,
         1.82988679e+00,  3.26200843e+00,  2.19055963e+00, -3.24407548e-01,
        -2.30775332e+00,  1.01166391e+00, -9.65088308e-01, -9.74798143e-01,
        -1.35513687e+00,  6.50148094e-02, -6.31709516e-01, -1.24845886e+00,
        -1.19786882e+00, -2.09636354e+00, -1.04867423e+00, -1.48642862e+00,
        -1.40816939e+00, -1.62405264e+00, -1.30128634e+00, -7.64203906e-01,
        -1.40360522e+00, -1.47656572e+00, -4.43239421e-01, -6.98869586e-01,
        -2.92256713e+00, -9.50027406e-01, -1.89101589e+00, -9.68869090e-01,
         7.63293775e-03,  5.96030593e-01,  5.82679331e-01, -9.84374806e-03,
        -1.71530473e+00, -7.50090063e-01, -2.25781620e-01, -2.03758883e+00,
        -1.97130084e+00, -4.51192588e-01, -6.03069246e-01, -1.89909196e+00,
        -7.14121640e-01, -1.00794089e+00, -5.18595755e-01, -1.14894390e+00,
        -1.39123702e+00, -1.20859087e+00,  2.05953884e+00, -6.42632365e-01,
         9.34415638e-01,  1.60430491e-01, -1.65348053e+00,  1.97071362e+00,
        -2.05894947e+00, -1.59142661e+00,  2.11909801e-01,  7.68145621e-01,
        -2.16592216e+00,  4.59583029e-02,  2.22552419e-01, -2.21490598e+00,
         4.86391902e-01,  2.34269902e-01,  2.07055360e-01, -5.83033800e-01,
        -6.34443015e-02,  4.98140037e-01, -1.84170163e+00, -9.09511745e-02,
        -1.83919024e+00, -3.13575596e-01, -1.42526543e+00, -1.82927644e+00,
        -1.29001915e+00, -3.04936814e+00, -2.71933842e+00, -1.73276091e+00,
        -1.63982940e+00, -2.75440979e+00, -1.69290155e-01,  1.15904212e+00],
       device='cuda:0')
Clean RHS: tensor([[1.01008058]], device='cuda:0')
Split layers:
Nonlinear functions:
   BoundRelu(name=/66, inputs=[/input], perturbed=True)
   BoundRelu(name=/68, inputs=[/input-4], perturbed=True)
   BoundRelu(name=/71, inputs=[/input-12], perturbed=True)
   BoundRelu(name=/73, inputs=[/input-16], perturbed=True)
   BoundRelu(name=/76, inputs=[/input-24], perturbed=True)
   BoundRelu(name=/78, inputs=[/input-28], perturbed=True)
   BoundRelu(name=/80, inputs=[/input-32], perturbed=True)
   BoundRelu(name=/83, inputs=[/input-40], perturbed=True)
   BoundRelu(name=/85, inputs=[/input-44], perturbed=True)
   BoundRelu(name=/87, inputs=[/input-48], perturbed=True)
   BoundRelu(name=/90, inputs=[/input-56], perturbed=True)
   BoundRelu(name=/92, inputs=[/input-60], perturbed=True)
   BoundRelu(name=/94, inputs=[/input-64], perturbed=True)
   BoundRelu(name=/98, inputs=[/input-68], perturbed=True)
   BoundRelu(name=/101, inputs=[/input-72], perturbed=True)
   BoundRelu(name=/input-8/conv_1_relu, inputs=[/input-8/conv_1], perturbed=True)
   BoundRelu(name=/input-8/conv_3_relu, inputs=[/input-8/conv_3], perturbed=True)
   BoundRelu(name=/input-20/conv_1_relu, inputs=[/input-20/conv_1], perturbed=True)
   BoundRelu(name=/input-20/conv_3_relu, inputs=[/input-20/conv_3], perturbed=True)
   BoundRelu(name=/input-36/conv_1_relu, inputs=[/input-36/conv_1], perturbed=True)
   BoundRelu(name=/input-36/conv_3_relu, inputs=[/input-36/conv_3], perturbed=True)
   BoundRelu(name=/input-52/conv_1_relu, inputs=[/input-52/conv_1], perturbed=True)
   BoundRelu(name=/input-52/conv_3_relu, inputs=[/input-52/conv_3], perturbed=True)
   BoundRelu(name=/95/conv_1_relu, inputs=[/95/conv_1], perturbed=True)
   BoundRelu(name=/95/conv_3_relu, inputs=[/95/conv_3], perturbed=True)
Batched CROWN: node BoundConv(name=/input-4, inputs=[/66, /35, /36], perturbed=True), unstable size 130162
Batched CROWN: node BoundConv(name=/input-8/conv_1, inputs=[/68, /input-8/conv_1_w], perturbed=True), unstable size 205738
Batched CROWN: node BoundConv(name=/input-8/conv_3, inputs=[/input-8/add_1_2, /input-8/conv_3_w], perturbed=True), unstable size 54402
Batched CROWN: node BoundConv(name=/input-12, inputs=[/input-8/add_3_4, /37, /38], perturbed=True), unstable size 903483
Batched CROWN: node BoundConv(name=/input-16, inputs=[/71, /39, /40], perturbed=True), unstable size 1593908
Batched CROWN: node BoundConv(name=/input-20/conv_1, inputs=[/73, /input-20/conv_1_w], perturbed=True), unstable size 63081
Batched CROWN: node BoundConv(name=/input-20/conv_3, inputs=[/input-20/add_1_2, /input-20/conv_3_w], perturbed=True), unstable size 25681
Batched CROWN: node BoundConv(name=/input-24, inputs=[/input-20/add_3_4, /41, /42], perturbed=True), unstable size 502816
Batched CROWN: node BoundConv(name=/input-28, inputs=[/76, /43, /44], perturbed=True), unstable size 800763
Batched CROWN: node BoundConv(name=/input-32, inputs=[/78, /45, /46], perturbed=True), unstable size 514704
Batched CROWN: node BoundConv(name=/input-36/conv_1, inputs=[/80, /input-36/conv_1_w], perturbed=True), unstable size 55134
Batched CROWN: node BoundConv(name=/input-36/conv_3, inputs=[/input-36/add_1_2, /input-36/conv_3_w], perturbed=True), unstable size 29829
Batched CROWN: node BoundConv(name=/input-40, inputs=[/input-36/add_3_4, /47, /48], perturbed=True), unstable size 395133
Batched CROWN: node BoundConv(name=/input-44, inputs=[/83, /49, /50], perturbed=True), unstable size 394716
Batched CROWN: node BoundConv(name=/input-48, inputs=[/85, /51, /52], perturbed=True), unstable size 400950
Batched CROWN: node BoundConv(name=/input-52/conv_1, inputs=[/87, /input-52/conv_1_w], perturbed=True), unstable size 178004
Batched CROWN: node BoundConv(name=/input-52/conv_3, inputs=[/input-52/add_1_2, /input-52/conv_3_w], perturbed=True), unstable size 91267
Batched CROWN: node BoundConv(name=/input-56, inputs=[/input-52/add_3_4, /53, /54], perturbed=True), unstable size 100352
Batched CROWN: node BoundConv(name=/input-60, inputs=[/90, /55, /56], perturbed=True), unstable size 100352
Batched CROWN: node BoundConv(name=/input-64, inputs=[/92, /57, /58], perturbed=True), unstable size 100352
Batched CROWN: node BoundConv(name=/95/conv_1, inputs=[/94, /95/conv_1_w], perturbed=True), unstable size 50176
Batched CROWN: node BoundConv(name=/95/conv_3, inputs=[/95/add_1_2, /95/conv_3_w], perturbed=True), unstable size 25088
Batched CROWN: node BoundLinear(name=/input-68, inputs=[/96, /59, /60], perturbed=True), unstable size 4096
Batched CROWN: node BoundLinear(name=/input-72, inputs=[/99, /61, /62], perturbed=True), unstable size 4096
initial crown bounds: tensor([[-2.41425019e+10]], device='cuda:0')
Number of class (without rhs): 1 ; Worst class: (+ rhs) -24142501888.0
Iteration 1
Adv attack time: 1.7543s
Batch size: 1
Current pickout batch: 1, total pickout batch: 1
Batched CROWN: node BoundConv(name=/input-4, inputs=[/66, /35, /36], perturbed=True), unstable size 130162
Batched CROWN: node BoundConv(name=/input-8/conv_1, inputs=[/68, /input-8/conv_1_w], perturbed=True), unstable size 205738
Batched CROWN: node BoundConv(name=/input-8/conv_3, inputs=[/input-8/add_1_2, /input-8/conv_3_w], perturbed=True), unstable size 54402
Batched CROWN: node BoundConv(name=/input-12, inputs=[/input-8/add_3_4, /37, /38], perturbed=True), unstable size 903483
Batched CROWN: node BoundConv(name=/input-16, inputs=[/71, /39, /40], perturbed=True), unstable size 1593908
Batched CROWN: node BoundConv(name=/input-20/conv_1, inputs=[/73, /input-20/conv_1_w], perturbed=True), unstable size 63083
Batched CROWN: node BoundConv(name=/input-20/conv_3, inputs=[/input-20/add_1_2, /input-20/conv_3_w], perturbed=True), unstable size 25681
Batched CROWN: node BoundConv(name=/input-24, inputs=[/input-20/add_3_4, /41, /42], perturbed=True), unstable size 502817
Batched CROWN: node BoundConv(name=/input-28, inputs=[/76, /43, /44], perturbed=True), unstable size 800763
Batched CROWN: node BoundConv(name=/input-32, inputs=[/78, /45, /46], perturbed=True), unstable size 514703
Batched CROWN: node BoundConv(name=/input-36/conv_1, inputs=[/80, /input-36/conv_1_w], perturbed=True), unstable size 55134
Batched CROWN: node BoundConv(name=/input-36/conv_3, inputs=[/input-36/add_1_2, /input-36/conv_3_w], perturbed=True), unstable size 29829
Batched CROWN: node BoundConv(name=/input-40, inputs=[/input-36/add_3_4, /47, /48], perturbed=True), unstable size 395133
Batched CROWN: node BoundConv(name=/input-44, inputs=[/83, /49, /50], perturbed=True), unstable size 394716
Batched CROWN: node BoundConv(name=/input-48, inputs=[/85, /51, /52], perturbed=True), unstable size 400950
Batched CROWN: node BoundConv(name=/input-52/conv_1, inputs=[/87, /input-52/conv_1_w], perturbed=True), unstable size 178004
Batched CROWN: node BoundConv(name=/input-52/conv_3, inputs=[/input-52/add_1_2, /input-52/conv_3_w], perturbed=True), unstable size 91267
Batched CROWN: node BoundConv(name=/input-56, inputs=[/input-52/add_3_4, /53, /54], perturbed=True), unstable size 100352
Batched CROWN: node BoundConv(name=/input-60, inputs=[/90, /55, /56], perturbed=True), unstable size 100352
Batched CROWN: node BoundConv(name=/input-64, inputs=[/92, /57, /58], perturbed=True), unstable size 100352
Batched CROWN: node BoundConv(name=/95/conv_1, inputs=[/94, /95/conv_1_w], perturbed=True), unstable size 50176
Batched CROWN: node BoundConv(name=/95/conv_3, inputs=[/95/add_1_2, /95/conv_3_w], perturbed=True), unstable size 25088
Batched CROWN: node BoundLinear(name=/input-68, inputs=[/96, /59, /60], perturbed=True), unstable size 4096
Batched CROWN: node BoundLinear(name=/input-72, inputs=[/99, /61, /62], perturbed=True), unstable size 4096
Worst bound: tensor([-2.41422295e+10], device='cuda:0')
Current (lb-rhs): -24142229504.0
Total time: 3757.2395  pickout: 0.0420  split: 0.0458  decision: 0.0003  bounding: 3757.0781  clipping: 0.0000  add_domain: 0.0446  rest: 0.0286
Length of domains: 2
3 branch and bound domains visited
Time out!
Result: timeout
Time: 5700.912987232208
[rank 0] === Checking instance ID 59 ===
[rank 0] >>> Running ID=59 onnx=onnx/vgg16-7.onnx
Configurations:

general:
  device: cuda
  seed: 100
  conv_mode: patches
  deterministic: false
  double_fp: false
  loss_reduction_func: max
  sparse_alpha: true
  sparse_interm: true
  save_adv_example: false
  verify_onnxruntime_output: false
  eval_adv_example: false
  show_adv_example: false
  precompile_jit: false
  prepare_only: false
  complete_verifier: bab
  enable_incomplete_verification: false
  csv_name: instances.csv
  results_file: results/vggnet16_all_p_1/result_59.rank0.txt
  root_path: ../../vnncomp2023_benchmarks/benchmarks/vggnet16
  deterministic_opt: false
  graph_optimizer: 'Customized("custom_graph_optimizer", "maxpool_to_relu")'
  buffer_has_batchdim: false
  save_output: false
  output_file: out.pkl
  return_optimized_model: false
  output_additional_stats: true
  instance_id: 59
  dataset_output_dir: dataset
  min_stable_neurons_ratio_threshold: 0.0
model:
  name: null
  path: null
  onnx_path: /projects/air/dlverifier/vggnet16_all/onnx/vgg16-7.onnx
  onnx_path_prefix: ''
  cache_onnx_conversion: true
  debug_onnx: false
  onnx_quirks: null
  input_shape: null
  onnx_loader: default_onnx_and_vnnlib_loader
  onnx_optimization_flags: []
  onnx_vnnlib_joint_optimization_flags: none
  check_optimized: false
  flatten_final_output: false
  optimize_graph: null
  with_jacobian: false
data:
  start: 0
  end: 10000
  select_instance: null
  num_outputs: 1000
  mean: 0.0
  std: 1.0
  pkl_path: null
  dataset: null
  data_filter_path: null
  data_idx_file: null
specification:
  type: lp
  robustness_type: verified-acc
  norm: .inf
  epsilon: null
  epsilon_min: 0.0
  vnnlib_path: /projects/air/dlverifier/vggnet16_all/vnnlib/n01532829_house_finch_fix_mask_seg0_k50176_eps_0.0003.vnnlib
  vnnlib_path_prefix: ''
  rhs_offset: null
solver:
  batch_size: 1
  auto_enlarge_batch_size: false
  min_batch_size_ratio: 0.1
  use_float64_in_last_iteration: false
  early_stop_patience: 10
  start_save_best: 0.5
  bound_prop_method: forward+backward
  init_bound_prop_method: same
  prune_after_crown: false
  optimize_disjuncts_separately: false
  crown:
    batch_size: 16
    max_crown_size: 1000000000
    relu_option: adaptive
  alpha-crown:
    alpha: true
    lr_alpha: 0.1
    iteration: 100
    share_alphas: false
    lr_decay: 0.98
    full_conv_alpha: true
    max_coeff_mul: .inf
    matmul_share_alphas: false
    disable_optimization: []
    max_time: 1.0
  invprop:
    apply_output_constraints_to: []
    tighten_input_bounds: false
    best_of_oc_and_no_oc: false
    directly_optimize: []
    oc_lr: 0.1
    share_gammas: false
  beta-crown:
    lr_alpha: 0.01
    lr_beta: 0.05
    lr_decay: 0.98
    optimizer: adam
    iteration: 10
    beta: true
    beta_warmup: true
    enable_opt_interm_bounds: false
    all_node_split_LP: false
  forward:
    refine: false
    dynamic: true
    max_dim: 100
    reset_threshold: 1.0
  intermediate_refinement:
    enabled: false
    batch_size: 10
    opt_coeffs: false
    opt_bias: false
    lr: 0.05
    layers: [-1]
    max_domains: 1000
  multi_class:
    label_batch_size: 32
    skip_with_refined_bound: true
  mip:
    unstable_neuron_threshold: 0
    parallel_solvers: null
    solver_threads: 1
    refine_neuron_timeout: 15
    refine_neuron_time_percentage: 0.8
    early_stop: true
    adv_warmup: true
    mip_solver: gurobi
    skip_unsafe: false
    topk_filter: 1.0
    sliding_window: -1
    extra_constraint: false
    refine_neuron_timeout_increasement: 0
    timeout_neuron_percentage: 0.3
    remaining_timeout_threshold: 1
    remove_unstable_neurons: true
    lp_solver: false
bab:
  initial_max_domains: 1
  backing_up_max_domain: null
  max_domains: .inf
  decision_thresh: 0
  timeout: 1200.0
  timeout_scale: 1
  max_iterations: -1
  override_timeout: null
  get_upper_bound: false
  pruning_in_iteration: true
  pruning_in_iteration_ratio: 0.2
  sort_targets: false
  batched_domain_list: true
  optimized_interm: ''
  interm_transfer: true
  recompute_interm: false
  sort_domain_interval: -1
  vanilla_crown: false
  tree_traversal: depth_first
  cut:
    enabled: false
    cuts_path: /tmp/abcrown_cuts
    implication: false
    bab_cut: false
    lp_cut: false
    method: null
    lr: 0.01
    lr_decay: 1.0
    iteration: 100
    bab_iteration: -1
    early_stop_patience: -1
    lr_beta: 0.02
    number_cuts: 50
    topk_cuts_in_filter: 1000
    batch_size_primal: 100
    max_num: 1000000000
    patches_cut: false
    cplex_cuts: false
    cplex_cuts_wait: 0
    cplex_cuts_revpickup: true
    cut_reference_bounds: true
    fix_intermediate_bounds: false
    _tmp_cuts: null
    fixed_cuts: false
    add_implied_cuts: false
    add_input_cuts: false
    biccos:
      enabled: false
      constraint_strengthening: true
      recursively_strengthening: false
      drop_ratio: 0.5
      verified_bonus: 0.3
      max_infer_iter: 20
      heuristic: neuron_influence_score
      save_biccos_cuts: false
      multi_tree_branching:
        enabled: false
        restore_best_tree: false
        keep_n_best_domains: 1
        k_splits: 1
        iterations: 1
  branching:
    method: sb
    candidates: 3
    reduceop: min
    enable_intermediate_bound_opt: false
    branching_input_and_activation: false
    branching_input_and_activation_order: [input, relu]
    branching_input_iterations: 30
    branching_relu_iterations: 50
    gnn_path: ''
    neural_heuristic:
      model_path: ''
    rl:
      experiment: general
      eval: false
      extras: []
      logging:
        color: true
        debug: true
        file: rl-experiment.log
      pnet:
        gH: 64
        tH: 64
        nheads: 64
        nlayers: 64
        useDynamicGraph: true
        bidirectional: false
        GAT: true
      training:
        gamma: 0.99
        lr: 0.001
        batchSize: 8
        loop: 8
        totalEpochs: 10
        updatePolicyFrequency: 10
        updateTargetFrequency: 10
        buffer: buffer.pkl
        preparedBuffer: 'False'
        TestingPreparedBuffer: false
        scriptTraining: false
        policynet: policy-checkpoint.pt
        targetnet: target-checkpoint.pt
        datasetShuffle: true
        targetedData: all
        splitRatio: 0.8
        maxInstances: -1
        trainingMode: full
        reward:
          norm: null
          bonus: 10.0
          penalty: -1.0
      egreedy:
        epsilon: 0.1
        epsilonDecay: 0.1
        minEpsilon: 0.1
        ePath: epsilon.pt
        enabled: true
      expert:
        useExpertUntilEpisode: 0.1
        enabled: true
        learnToImitateExpertEpochs: 10
    nonlinear_split:
      method: shortcut
      branching_point_method: uniform
      num_branches: 2
      filter: false
      filter_beta: false
      filter_clamp: false
      filter_batch_size: 10000
      filter_iterations: 25
      relu_only: false
      loose_tanh_threshold: null
      dynamic_bbps: false
      dynamic_options: [uniform, three_left, three_right]
      branching_point_node: ''
      branching_point_db: []
    input_split:
      enable_clip_domains: false
      split_hint: null
      reorder_bab: false
      enable: true
      enhanced_bound_prop_method: alpha-crown
      enhanced_branching_method: naive
      enhanced_bound_patience: 100000000.0
      attack_patience: 100000000.0
      adv_check: 0
      split_partitions: 2
      sb_margin_weight: 1.0
      sb_sum: false
      sb_primary_spec: null
      bf_backup_thresh: -1
      bf_rhs_offset: 0
      bf_iters: 1000000000.0
      bf_batch_size: 100000
      bf_zero_crossing_score: false
      touch_zero_score: 0
      ibp_enhancement: false
      catch_assertion: false
      compare_with_old_bounds: false
      update_rhs_with_attack: false
      sb_coeff_thresh: 0.001
      sort_index: null
      sort_descending: true
      show_progress: false
      presplit_domains: null
      skip_getting_worst_domain: false
  attack:
    enabled: false
    beam_candidates: 8
    beam_depth: 7
    max_dive_fix_ratio: 0.8
    min_local_free_ratio: 0.2
    mip_start_iteration: 5
    mip_timeout: 30.0
    adv_pool_threshold: null
    refined_mip_attacker: false
    refined_batch_size: null
attack:
  pgd_order: input_bab
  pgd_steps: 100
  pgd_restarts: 30
  pgd_batch_size: 100000000
  pgd_early_stop: true
  pgd_lr_decay: 0.99
  pgd_alpha: auto
  pgd_alpha_scale: false
  pgd_loss_mode: null
  pgd_restart_when_stuck: false
  enable_mip_attack: false
  adv_saver: default_adv_saver
  adv_verifier: default_adv_verifier
  early_stop_condition: default_early_stop_condition
  adv_example_finalizer: default_adv_example_finalizer
  pgd_loss: default_pgd_loss
  cex_path: ./test_cex.txt
  attack_mode: PGD
  attack_tolerance: 0.0
  attack_func: attack_with_general_specs
  gama_lambda: 10.0
  gama_decay: 0.9
  check_clean: true
  input_split:
    pgd_steps: 100
    pgd_restarts: 30
    pgd_alpha: auto
  input_split_enhanced:
    pgd_steps: 200
    pgd_restarts: 500000
    pgd_alpha: auto
  input_split_check_adv:
    enabled: auto
    pgd_steps: 5
    pgd_restarts: 5
    pgd_alpha: auto
    max_num_domains: 10
debug:
  sanity_check: Full+Graph
  view_model: false
  lp_test: null
  rescale_vnnlib_ptb: null
  test_optimized_bounds: false
  test_optimized_bounds_after_n_iterations: 0
  print_verbose_decisions: false

Experiments at Fri Feb 20 05:45:18 2026 on d1028
Internal results will be saved to results/vggnet16_all_p_1/result_59.rank0.txt.

[ZRL] %%%%%%%%%%%%%%%%%%%%%%%%%%%%%%%%%%% idx: 0, vnnlib ID: 0 %%%%%%%%%%%%%%%%%%%%%%%%%%%%%%%%%%%
Using onnx /projects/air/dlverifier/vggnet16_all/onnx/vgg16-7.onnx
Using vnnlib /projects/air/dlverifier/vggnet16_all/vnnlib/n01532829_house_finch_fix_mask_seg0_k50176_eps_0.0003.vnnlib
150528 inputs and 1000 outputs in vnnlib
Loading cached onnx model from /projects/air/dlverifier/vggnet16_all/onnx/vgg16-7.onnx.cached
Cannot read cached onnx file. Regenerating...
Loading onnx /projects/air/dlverifier/vggnet16_all/onnx/vgg16-7.onnx with quirks {}
Finished onnx model loading in 45.6164 seconds
Number of perturbed inputs: 44424
WARNING: prioritizing attack due to too many perturbed pixels on VGG
Setting arguments.Config["attack"]["pgd_order"] to "before"
Setting bound_prop_method to crown
Attack parameters: initialization=uniform, steps=100, restarts=30, alpha=7.500126957893372e-05, initialization=uniform, GAMA=False
Model output of first 5 examples:
 tensor([[-9.84179735e-01,  1.78342223e+00, -1.65947032e+00, -2.14096689e+00,
         -1.46826649e+00,  1.75357819e-01, -7.30330765e-01, -1.95730090e+00,
         -1.85451174e+00, -1.51710165e+00, -1.35815775e+00, -4.11743581e-01,
         -3.48076820e-01, -1.24723291e+00, -9.21049491e-02,  3.43293063e-02,
         -9.35704112e-01, -1.47425973e+00, -6.55720413e-01, -1.00309432e+00,
         -1.09267509e+00, -8.29576969e-01, -1.46691218e-01, -1.36786723e+00,
         -7.48240650e-01, -1.42012167e+00, -3.19098353e-01, -1.08758259e+00,
         -1.25191283e+00,  1.99973598e-01, -1.85585511e+00,  5.51505089e-02,
         -1.32559168e+00, -2.10358357e+00, -1.54572606e+00, -1.48802161e+00,
          9.04216647e-01, -1.97223949e+00, -1.92081630e-01, -1.61068130e+00,
          1.90654367e-01, -1.71016526e+00, -1.92022860e+00, -1.09539115e+00,
         -9.80162084e-01, -1.17258871e+00,  2.22642079e-01, -1.19960856e+00,
         -2.18232632e+00, -3.94300610e-01,  2.84640789e-01, -2.56644034e+00,
         -2.85980195e-01,  5.81211969e-02, -8.72064352e-01, -1.64797652e+00,
         -7.23807454e-01, -1.83492041e+00, -1.37307316e-01, -2.69149095e-01,
         -3.29178900e-01, -1.16626072e+00, -1.40062356e+00,  1.56723455e-01,
         -4.76025641e-01, -6.41690910e-01, -9.29536283e-01, -4.32161152e-01,
         -1.52156878e+00, -1.94049394e+00, -2.20292509e-01,  2.68676668e-01,
          3.59950930e-01,  1.65134096e+00,  6.76981568e-01,  1.08223009e+00,
          2.96893656e-01,  1.31411254e+00,  5.01041830e-01,  1.50668132e+00,
         -4.22045216e-02, -2.40017581e+00, -1.39452422e+00, -1.67768073e+00,
         -7.95280576e-01, -9.53929424e-01, -1.85696065e+00,  1.51353419e-01,
          2.76782960e-01, -1.22894180e+00, -5.86132109e-01, -1.05233431e+00,
         -2.65643746e-01, -3.53370965e-01,  4.24528062e-01, -1.98340809e+00,
          5.25771305e-02, -9.90075111e-01,  7.76343286e-01, -9.13083851e-01,
          4.94704604e-01, -1.68907261e+00, -1.89087951e+00,  1.25118327e+00,
         -1.92908978e+00, -2.49308228e+00, -1.50275779e+00, -2.42326662e-01,
         -1.03368521e+00, -1.87273896e+00, -4.42556232e-01,  2.27978230e+00,
         -6.48752630e-01, -1.11642919e-01, -6.44071400e-01, -1.93520951e+00,
         -1.67195356e+00, -4.67197336e-02, -1.01222706e+00, -2.35374618e+00,
         -2.12307334e+00, -1.83236563e+00, -1.55440617e+00, -2.71769214e+00,
         -1.97087383e+00, -1.87859988e+00,  7.28727132e-03, -5.18511117e-01,
          6.05573952e-01,  6.46344960e-01,  3.01247120e-01, -4.93055493e-01,
          6.31472409e-01, -7.01597571e-01,  2.76551060e-02, -5.45125067e-01,
         -9.13617492e-01,  2.97920346e-01, -1.26598108e+00, -2.03704786e+00,
         -2.24849796e+00,  3.26018512e-01, -5.68455935e-01, -8.08636785e-01,
         -8.53751123e-01, -1.43158591e+00, -2.34047937e+00, -2.32631620e-02,
         -1.72823668e-01, -7.29910553e-01, -1.70270526e+00, -8.67136717e-02,
         -1.21072590e+00, -9.87779424e-02, -5.47587633e-01, -8.18097949e-01,
         -8.95358086e-01, -4.11435962e-01, -1.26179111e+00, -9.55665886e-01,
         -1.21479046e+00, -2.86848366e-01,  2.01180354e-01, -8.96535456e-01,
         -8.20753455e-01, -6.18011713e-01, -1.08340228e+00, -1.16084111e+00,
         -2.39506423e-01, -1.02929831e+00, -9.63734567e-01, -7.28976250e-01,
         -1.10617673e+00, -9.81244862e-01, -1.22732258e+00, -1.03896976e+00,
         -1.60110235e+00, -5.56433320e-01,  7.03201070e-03, -1.50798476e+00,
         -1.87544215e+00, -4.22066212e-01, -2.13078320e-01, -7.68752933e-01,
         -4.34503630e-02, -3.20469230e-01, -3.28676850e-01,  1.49168205e-02,
         -1.14830422e+00, -1.36155665e+00, -8.37881148e-01,  9.98913571e-02,
         -6.38175309e-01, -1.01736867e+00, -9.89218712e-01,  4.86058623e-01,
         -7.77579546e-01, -1.35537744e+00, -1.61660540e+00, -1.28801048e-01,
         -8.46764982e-01, -9.26899076e-01, -6.92141950e-01,  7.44026065e-01,
         -3.55130464e-01, -7.87143111e-01, -1.13184059e+00, -5.21467626e-01,
         -9.04965639e-01, -6.60465360e-01, -1.76459551e+00, -5.14155865e-01,
         -5.10443747e-01, -8.00164223e-01, -1.01588511e+00, -6.63088024e-01,
         -1.02215278e+00, -2.89844245e-01, -7.69215345e-01, -8.95132124e-01,
         -5.68263173e-01, -2.06499696e-01, -8.07121456e-01,  2.43256927e-01,
          1.51860282e-01, -1.29464364e+00, -1.02105057e+00, -1.16126335e+00,
         -1.17796373e+00, -1.71879366e-01, -1.22657669e+00, -7.30602801e-01,
         -5.63727498e-01, -7.54775107e-01, -4.18908536e-01, -5.66245019e-01,
         -8.64896536e-01, -4.42822903e-01, -1.11138535e+00, -2.14345813e-01,
         -5.59262216e-01, -8.22266281e-01, -2.23167479e-01, -1.89354658e+00,
         -8.99703145e-01, -4.81627464e-01, -1.70389783e+00, -6.22510552e-01,
         -4.69709009e-01, -2.43944243e-01, -7.21925020e-01, -9.69573200e-01,
         -2.74505198e-01, -3.10767531e-01,  6.22894645e-01, -1.49608696e+00,
         -1.10925066e+00, -2.16424733e-01, -5.36130786e-01,  2.22713068e-01,
          3.68295945e-02, -1.00291169e+00, -1.17892170e+00, -5.70672035e-01,
         -7.98855960e-01,  1.95634589e-01, -8.73933434e-01, -7.58075118e-01,
         -1.90767002e+00, -2.35327423e-01, -7.64066815e-01, -3.24603200e-01,
         -1.02518372e-01, -5.13317063e-02, -8.97715449e-01, -8.08239758e-01,
         -9.25433695e-01,  2.72335112e-01, -8.87398243e-01, -5.91075197e-02,
         -4.10519689e-01,  8.49178195e-01,  9.81223643e-01,  1.73738968e+00,
          1.66868854e+00,  4.53346133e-01, -1.29703677e+00, -8.00797403e-01,
         -1.08273244e+00, -1.71230745e+00, -1.26060498e+00, -1.10350955e+00,
         -8.56840014e-01, -3.84237051e-01, -1.40661705e+00, -1.06898189e+00,
          3.95612009e-02, -1.24818981e+00, -2.00576544e+00, -1.01715946e+00,
         -1.91181624e+00, -9.16885734e-02, -3.43428671e-01, -6.23639762e-01,
         -1.28230977e+00, -2.09697819e+00, -1.58627197e-01, -5.83400965e-01,
         -7.35541061e-02, -7.23723173e-01,  1.35620356e+00, -4.92354631e-02,
         -6.07966363e-01,  1.19331419e+00,  9.64934289e-01,  2.52665997e-01,
         -9.95524526e-01, -1.53694761e+00,  4.51593667e-01,  5.77102423e-01,
          7.54733458e-02, -2.05622768e+00, -1.99010324e+00, -1.31786907e+00,
         -1.96652174e+00, -2.36415982e+00, -1.96841609e+00, -1.19827390e+00,
         -1.73125124e+00, -2.18006659e+00, -6.61818564e-01,  1.43195957e-01,
          7.15379775e-01, -7.88372457e-02, -6.12542450e-01, -1.07127106e+00,
         -2.47646904e+00,  8.69410634e-01,  6.27952963e-02, -1.67317426e+00,
         -1.06954515e+00, -1.18992984e+00, -1.79125130e+00, -1.90669322e+00,
         -1.01909721e+00, -1.65675247e+00, -1.35068917e+00, -1.09585571e+00,
         -3.02012253e+00, -2.24648333e+00, -2.48246789e+00, -1.79125273e+00,
         -1.67361295e+00, -1.43388963e+00, -1.46207869e+00, -1.81474638e+00,
         -2.57706046e-01, -4.62707192e-01, -4.27518860e-02, -3.04025471e-01,
         -6.20721042e-01,  4.27213013e-01, -8.63239169e-04, -8.29969227e-01,
         -2.01806426e+00, -9.97701764e-01, -1.43772197e+00, -1.20638978e+00,
         -1.04446614e+00, -1.49048638e+00, -1.12033379e+00, -1.94787836e+00,
         -1.22895026e+00, -1.15358293e+00, -9.97431457e-01, -1.83699143e+00,
         -6.39065981e-01, -7.31127381e-01, -5.96474707e-01, -1.69887626e+00,
         -6.18547201e-01, -1.31479561e+00, -9.22178209e-01, -1.15892482e+00,
         -9.92899776e-01, -1.17045319e+00, -1.53362632e+00, -1.45824540e+00,
         -1.90452635e+00, -2.70893812e-01, -1.32443821e+00, -6.28152549e-01,
         -6.00157201e-01, -1.84754705e+00, -8.49028885e-01,  2.16382951e-01,
         -1.94336450e+00, -1.82412338e+00,  4.62197661e-01,  6.70012534e-01,
         -5.70575356e-01,  9.33291018e-01,  5.96259832e-01, -8.78953993e-01,
         -4.20699120e-02,  1.21657658e+00,  6.87496364e-02,  1.43430114e-01,
         -1.57139087e+00,  3.52404642e+00, -9.74594593e-01,  1.99200761e+00,
          4.35038656e-01,  1.03818166e+00,  1.04173946e+00, -3.87082756e-01,
          2.41149855e+00,  1.27000439e+00,  2.82400274e+00,  1.54482067e+00,
          4.09393281e-01,  9.65173423e-01,  2.42918096e-02, -5.69785684e-02,
          7.08634794e-01,  8.33526254e-01,  1.68773735e+00, -6.34775162e-01,
         -3.34308296e-01, -3.06494534e-01, -8.08157265e-01, -6.66040480e-02,
          7.39578664e-01,  8.70606601e-01,  8.96446764e-01,  2.12892437e+00,
         -1.48727998e-01, -9.17002559e-02,  1.93970478e+00,  4.28118229e-01,
          7.67522752e-02,  1.69035459e+00,  3.09108883e-01,  1.76513612e+00,
         -7.00287819e-01, -4.77979243e-01,  4.22877979e+00,  3.34911525e-01,
          1.95804805e-01,  1.13521850e+00, -7.14891493e-01,  5.70790410e-01,
         -7.06547737e-01,  1.23246264e+00, -9.20325875e-01,  2.49449134e-01,
          1.35365093e+00,  7.07102060e-01, -1.42650038e-01,  6.76509976e-01,
         -1.87635231e+00,  1.03469610e-01,  2.53869772e+00,  4.48995829e-03,
          1.36008513e+00,  1.46578860e+00, -6.56728148e-01, -1.82629597e+00,
          5.40014625e-01,  1.74414262e-01,  1.34952414e+00, -1.33045411e+00,
          4.83301967e-01,  1.12123060e+00, -1.01831007e+00,  1.54522371e+00,
          1.16891965e-01,  5.63193917e-01,  9.84890044e-01, -3.59841377e-01,
          3.33706260e+00,  2.33429766e+00,  1.69915712e+00, -1.06626356e+00,
         -1.06661308e+00,  2.09804010e+00,  8.49857211e-01,  2.72363806e+00,
          3.18083555e-01, -5.36515355e-01,  1.95507392e-01, -3.11295658e-01,
          1.66514683e+00,  1.74765038e+00,  1.91638041e+00,  1.25421369e+00,
          3.69787842e-01,  3.47614706e-01,  1.48121369e+00,  3.07606268e+00,
         -2.40834403e+00, -1.38275757e-01, -9.26618040e-01,  7.32282043e-01,
          1.21207750e+00,  5.31943679e-01, -1.35161364e+00,  1.75866520e+00,
          1.76196563e+00, -1.53408337e+00, -4.32997465e-01, -1.90805629e-01,
          7.49518335e-01, -2.09819481e-01, -1.01578772e+00, -8.69624674e-01,
         -1.23460579e+00,  4.72366363e-01,  5.25724769e-01,  2.51287818e-01,
          6.51505738e-02,  5.27286768e-01, -7.04173625e-01,  4.40302432e-01,
         -5.04521847e-01, -1.53923905e+00,  1.73006248e+00,  2.50102592e+00,
          6.06544614e-01,  4.49975908e-01,  3.50532603e+00,  1.93121672e+00,
          1.15774715e+00,  7.64062166e-01,  3.11183000e+00, -1.41371274e+00,
         -1.17983139e+00, -1.17051351e+00, -1.23572409e-01,  3.32513762e+00,
         -2.36511350e-01, -9.56264138e-01,  2.13560057e+00,  1.06487826e-01,
         -5.84333420e-01,  1.16322839e+00,  5.68367302e-01, -2.00696564e+00,
          1.87157130e+00,  4.30902004e+00, -1.64063394e-01,  7.40234733e-01,
          9.85205650e-01,  2.68216038e+00, -6.72996998e-01, -1.08009584e-01,
          4.72177029e+00,  1.81390309e+00,  1.27255642e+00,  1.01773632e+00,
         -9.53351319e-01,  9.26401168e-02,  1.98626268e+00,  2.07221866e+00,
          7.25618005e-01,  1.67820001e+00, -6.31796181e-01,  4.56973225e-01,
         -3.68544936e-01, -1.39000189e+00,  6.20415926e-01,  2.31574088e-01,
          1.16706443e+00, -4.13001031e-01,  1.95197195e-01, -1.94906697e-01,
         -7.65768528e-01,  1.12566435e+00,  4.82908189e-01,  2.14156795e+00,
          4.58743095e-01,  4.07628894e-01, -1.41478252e+00,  1.00435808e-01,
          1.79727232e+00,  1.14575136e+00, -1.00063860e+00,  1.69033349e+00,
          1.85564888e+00,  1.48109102e+00,  1.92223370e+00,  4.60358477e+00,
          1.22835064e+00,  1.63468945e+00,  1.28699332e-01, -8.26404035e-01,
          1.61323655e+00, -7.51487613e-01,  2.66104317e+00,  1.66698909e+00,
          1.90505445e+00, -1.19268961e-01,  1.97406518e+00, -1.80007625e+00,
          1.69959593e+00,  2.95891213e+00,  1.93731081e+00,  2.01992601e-01,
          5.12562335e-01, -3.31875771e-01,  1.52994227e+00,  1.51445103e+00,
         -1.48035213e-01,  1.49121368e+00,  3.67803216e-01,  1.02327335e+00,
          8.76733959e-01,  2.37183988e-01,  1.49594808e+00,  3.57580996e+00,
          3.49847245e+00,  3.99051607e-01,  9.62285757e-01,  2.23757291e+00,
         -5.03836811e-01, -7.12949812e-01,  1.93948817e+00,  2.75692463e-01,
         -9.98573899e-01,  1.58937001e+00, -2.41447479e-01,  5.84907413e-01,
          3.33508301e+00,  1.07114661e+00, -1.39052951e+00,  6.76034987e-01,
          2.48526287e+00,  6.25623226e-01,  3.05941731e-01,  1.72201365e-01,
         -1.44147718e+00,  5.19912899e-01,  3.52680609e-02, -5.04817069e-01,
          2.35072994e+00, -1.67303157e+00,  7.41473794e-01,  9.71579969e-01,
          2.80046582e+00, -2.43692493e+00,  2.15154958e+00,  5.10137987e+00,
         -1.02440715e+00, -1.97786286e-01, -7.34699368e-01,  1.39043558e+00,
         -2.53826678e-01,  8.40286732e-01, -7.76183069e-01,  7.86238551e-01,
          8.91970217e-01, -1.31244695e+00,  2.31320190e+00, -1.81365371e+00,
          4.21095705e+00, -2.55340710e-02, -6.31594121e-01, -2.60444760e-01,
         -6.96032882e-01,  2.32742453e+00,  1.80728018e-01, -5.79394162e-01,
         -3.67328912e-01,  1.79091024e+00,  5.81714630e-01,  4.16424006e-01,
         -8.41437876e-01,  1.18201268e+00,  2.90133566e-01, -5.42044103e-01,
          1.08862436e+00,  2.85462642e+00, -8.63718688e-01,  1.14414418e+00,
          2.38448068e-01,  1.06412446e+00,  4.30521429e-01, -3.49990219e-01,
          3.88298059e+00, -4.32096690e-01, -3.06634784e+00,  3.80827114e-03,
          2.61746335e+00,  8.56017172e-01,  1.19542502e-01,  1.42566967e+00,
          2.72893286e+00, -1.74759194e-01, -9.74356413e-01,  1.12488210e+00,
          1.65639699e+00,  9.96560931e-01,  1.12443781e+00,  7.75487050e-02,
          1.63725412e+00, -7.52756953e-01, -7.18162835e-01,  1.81675756e+00,
         -4.74289358e-02,  3.10647750e+00,  6.99067593e-01,  1.89069390e+00,
          2.24206471e+00,  1.78296161e+00,  7.86590993e-01, -1.07671320e+00,
          3.19113672e-01, -6.86180472e-01,  6.55574024e-01,  1.12667680e-01,
          8.35671186e-01,  1.31297386e+00,  1.94962740e+00, -3.49093467e-01,
         -1.74363256e+00,  1.00967121e+00, -2.48969123e-01,  5.70397079e-01,
          1.20252097e+00,  8.30701709e-01, -1.68049061e+00,  1.62263644e+00,
          1.37141633e+00,  1.97731197e+00, -1.08505309e+00, -2.23504454e-01,
          1.51526749e+00, -4.92888317e-02,  9.65233669e-02, -1.36650133e+00,
         -2.24708021e-01,  3.06971145e+00,  7.70486474e-01, -6.11503005e-01,
          1.23944378e+00,  2.46407270e+00,  1.38126493e+00,  1.32749188e+00,
          1.61605263e+00,  1.81636739e+00,  1.25345349e+00,  8.14677700e-02,
          1.45057178e+00,  3.48031330e+00,  2.38309050e+00, -1.23915184e+00,
          4.79008585e-01,  1.60754099e-03,  6.72168493e-01,  1.42557931e+00,
          2.49345112e+00,  2.23291874e+00, -1.60697058e-01,  1.76018679e+00,
          1.98271942e+00,  8.86692554e-02,  2.28864098e+00,  1.92888689e+00,
         -1.45450234e+00,  2.13115072e+00, -6.98062658e-01,  2.42074227e+00,
          2.10558796e+00,  9.43115234e-01, -5.13871610e-01,  1.72631070e-01,
          9.20157731e-01,  1.22283709e+00,  9.88554239e-01, -3.60952020e-02,
         -4.46123809e-01,  1.57872880e+00,  4.38087559e+00,  1.13951516e+00,
          2.39643550e+00, -4.99681324e-01,  3.65727246e-01,  2.22580940e-01,
         -6.70111001e-01,  3.45463300e+00,  5.46072066e-01,  5.03780127e-01,
          9.99669790e-01,  1.07365417e+00,  4.18049097e+00,  9.28805888e-01,
          5.16218722e-01,  6.68838859e-01,  2.02695751e+00,  3.20422244e+00,
          7.52900541e-01, -7.26796448e-01, -2.87765384e-01,  8.15051422e-02,
          1.03305042e+00, -4.12174821e-01, -2.86786526e-01,  1.14625692e+00,
         -1.71308184e+00,  2.96519279e-01,  2.08967471e+00,  3.14934564e+00,
          1.55228698e+00,  1.55305052e+00,  3.68022412e-01,  2.28708220e+00,
         -3.40604901e-01,  3.19939405e-01,  2.39261127e+00,  1.64505863e+00,
         -1.98040450e+00, -6.63174331e-01, -5.59090614e-01,  6.17022812e-01,
          4.90356624e-01, -1.49435127e+00,  1.64707720e+00,  2.46999264e+00,
          1.55403972e+00, -1.18823612e+00, -2.28935063e-01,  2.09261513e+00,
         -1.19115531e+00, -9.14042115e-01,  3.11485767e-01, -1.46196914e+00,
          4.41592932e-01,  5.29695868e-01,  5.88532627e-01, -4.19700481e-02,
          1.92732811e+00, -4.07082468e-01,  6.28882229e-01,  9.55794811e-01,
          3.38333106e+00,  2.52953672e+00,  2.31117105e+00, -1.25032926e+00,
          2.06783128e+00,  2.15827331e-01, -3.72983336e-01,  5.02121162e+00,
          9.86123383e-01, -8.52944613e-01,  3.77316117e+00,  1.05791092e+00,
         -2.31723976e+00, -1.00827098e-01,  1.18899733e-01,  2.03336477e+00,
          7.02140749e-01,  1.41864240e+00,  5.14699578e-01, -1.41991997e+00,
         -1.11500990e+00, -1.17451012e+00, -9.30842280e-01,  7.29447722e-01,
          4.41872597e+00, -8.49616110e-01,  2.01576371e-02, -2.31740221e-01,
          1.94407737e+00, -4.37267423e-01, -2.05299568e+00,  4.93935615e-01,
          1.86001313e+00,  7.56453335e-01,  9.42616403e-01,  1.69571507e+00,
          1.30852675e+00,  2.12085485e+00,  1.38893902e+00,  1.07629335e+00,
         -2.48411953e-01,  2.49029446e+00,  1.39930975e+00, -3.14196378e-01,
         -9.45566595e-01,  1.06569314e+00, -8.27761650e-01,  3.70806307e-01,
          4.65505362e+00,  2.11915255e+00,  3.05725384e+00, -9.07862544e-01,
          1.75920737e+00,  1.96549904e+00,  1.68722975e+00,  8.88622284e-01,
         -2.94741392e-01, -6.62230849e-01,  1.67535174e+00,  7.54925787e-01,
          6.40320921e+00,  7.14114904e+00,  1.09983981e+00,  1.16318226e-01,
          6.50411248e-01, -3.58408131e-02,  1.02493182e-01,  1.52655232e+00,
         -1.84158349e+00, -1.85409427e+00, -5.10256529e-01, -1.31360543e+00,
          3.03067780e+00,  3.01699489e-01,  1.84576541e-01,  7.37032533e-01,
          1.82988691e+00,  3.26200843e+00,  2.19056010e+00, -3.24407250e-01,
         -2.30775332e+00,  1.01166439e+00, -9.65087593e-01, -9.74797785e-01,
         -1.35513735e+00,  6.50143474e-02, -6.31709456e-01, -1.24845862e+00,
         -1.19786906e+00, -2.09636354e+00, -1.04867411e+00, -1.48642862e+00,
         -1.40816939e+00, -1.62405276e+00, -1.30128658e+00, -7.64203966e-01,
         -1.40360546e+00, -1.47656572e+00, -4.43239659e-01, -6.98869824e-01,
         -2.92256761e+00, -9.50027823e-01, -1.89101636e+00, -9.68868911e-01,
          7.63262482e-03,  5.96030593e-01,  5.82679391e-01, -9.84398648e-03,
         -1.71530509e+00, -7.50090301e-01, -2.25781769e-01, -2.03758931e+00,
         -1.97130132e+00, -4.51193184e-01, -6.03069067e-01, -1.89909208e+00,
         -7.14121282e-01, -1.00794101e+00, -5.18595338e-01, -1.14894354e+00,
         -1.39123690e+00, -1.20859110e+00,  2.05953956e+00, -6.42632246e-01,
          9.34415638e-01,  1.60430580e-01, -1.65348053e+00,  1.97071350e+00,
         -2.05894923e+00, -1.59142649e+00,  2.11909980e-01,  7.68146276e-01,
         -2.16592193e+00,  4.59585413e-02,  2.22552836e-01, -2.21490574e+00,
          4.86392289e-01,  2.34269798e-01,  2.07055688e-01, -5.83033860e-01,
         -6.34444803e-02,  4.98140275e-01, -1.84170175e+00, -9.09508467e-02,
         -1.83919036e+00, -3.13575953e-01, -1.42526555e+00, -1.82927644e+00,
         -1.29001892e+00, -3.04936862e+00, -2.71933866e+00, -1.73276091e+00,
         -1.63982904e+00, -2.75441003e+00, -1.69289857e-01,  1.15904188e+00]],
       device='cuda:0')
Adv example prediction (first 2 examples and 2 restarts):
 tensor([[[-1.00946867e+00,  1.72818768e+00, -1.66475427e+00, -2.13159108e+00,
          -1.47453940e+00,  1.76376835e-01, -7.63609171e-01, -1.95895255e+00,
          -1.86612034e+00, -1.51710761e+00, -1.32662404e+00, -4.20623660e-01,
          -3.81637156e-01, -1.25243258e+00, -1.16644613e-01,  2.35193893e-02,
          -9.35636520e-01, -1.48644328e+00, -6.63451374e-01, -1.01096499e+00,
          -1.08498287e+00, -8.23215961e-01, -1.47192344e-01, -1.37381208e+00,
          -7.32293844e-01, -1.39731884e+00, -2.99439579e-01, -1.08701015e+00,
          -1.23878801e+00,  1.94308624e-01, -1.85736835e+00,  5.44376075e-02,
          -1.31276631e+00, -2.10112596e+00, -1.54021454e+00, -1.49908257e+00,
           8.67249727e-01, -1.98781252e+00, -1.68885961e-01, -1.61918259e+00,
           1.64702386e-01, -1.68741775e+00, -1.89592755e+00, -1.06870651e+00,
          -9.58537400e-01, -1.14873266e+00,  1.94900617e-01, -1.17593908e+00,
          -2.17748666e+00, -4.21769142e-01,  2.37001106e-01, -2.52270913e+00,
          -2.68080026e-01,  4.68475223e-02, -8.66676688e-01, -1.63861811e+00,
          -7.25460827e-01, -1.81859362e+00, -1.62774011e-01, -2.44616121e-01,
          -3.36601704e-01, -1.16220403e+00, -1.38145471e+00,  1.74677655e-01,
          -4.49450076e-01, -6.36445105e-01, -8.84114087e-01, -4.43514228e-01,
          -1.46427274e+00, -1.90061998e+00, -2.09028900e-01,  2.75074661e-01,
           3.70905340e-01,  1.68008256e+00,  6.79996252e-01,  1.11596298e+00,
           2.97862589e-01,  1.31792533e+00,  5.29968441e-01,  1.50470924e+00,
          -1.07143000e-02, -2.36188173e+00, -1.37896454e+00, -1.65297031e+00,
          -8.06138992e-01, -9.56098914e-01, -1.84573853e+00,  1.35177180e-01,
           2.33004287e-01, -1.24160886e+00, -6.16319478e-01, -1.06019294e+00,
          -2.67648339e-01, -3.74368966e-01,  3.86481136e-01, -1.95446289e+00,
           1.79878194e-02, -1.02883410e+00,  7.69348383e-01, -9.39547479e-01,
           4.52802896e-01, -1.67984831e+00, -1.87605226e+00,  1.24591053e+00,
          -1.90988421e+00, -2.48288679e+00, -1.48943949e+00, -2.73468405e-01,
          -1.05504823e+00, -1.86966228e+00, -4.48366940e-01,  2.33375478e+00,
          -6.56998217e-01, -1.06925003e-01, -6.42080128e-01, -1.95266306e+00,
          -1.65919054e+00, -1.97110958e-02, -1.03333306e+00, -2.35311174e+00,
          -2.11827946e+00, -1.82698667e+00, -1.56479812e+00, -2.71914673e+00,
          -1.98794806e+00, -1.88367963e+00,  1.94315985e-02, -5.28437674e-01,
           6.00571156e-01,  5.93855619e-01,  2.41212755e-01, -5.22626400e-01,
           5.94108820e-01, -7.10458100e-01, -1.33017488e-02, -5.48283219e-01,
          -9.46348190e-01,  2.65244305e-01, -1.25960779e+00, -2.03059578e+00,
          -2.24695086e+00,  2.95821518e-01, -5.68518400e-01, -8.22022676e-01,
          -8.86048019e-01, -1.42349136e+00, -2.30733538e+00, -1.94516685e-02,
          -1.65859476e-01, -7.22866118e-01, -1.71608579e+00, -8.10696632e-02,
          -1.17852843e+00, -9.20330808e-02, -5.19571364e-01, -8.06622744e-01,
          -8.95821393e-01, -4.03292656e-01, -1.24067330e+00, -9.48538780e-01,
          -1.19979608e+00, -2.89665937e-01,  1.92232475e-01, -8.90713096e-01,
          -8.07397723e-01, -6.07249379e-01, -1.06156671e+00, -1.11938667e+00,
          -2.40405321e-01, -1.02965927e+00, -9.64890778e-01, -7.32419014e-01,
          -1.11432135e+00, -9.76977468e-01, -1.21625042e+00, -1.01690984e+00,
          -1.59644568e+00, -5.60417831e-01, -7.20929727e-03, -1.49122250e+00,
          -1.86991894e+00, -4.06786203e-01, -2.18166769e-01, -7.58799076e-01,
          -4.90401760e-02, -3.29532474e-01, -3.37664574e-01,  1.87587049e-02,
          -1.12130821e+00, -1.35947084e+00, -7.98815489e-01,  9.27125141e-02,
          -6.53811157e-01, -1.02235007e+00, -9.56401467e-01,  4.78347749e-01,
          -7.76245117e-01, -1.34219015e+00, -1.60456479e+00, -1.29820228e-01,
          -8.24668825e-01, -9.34401929e-01, -6.79161489e-01,  7.22101271e-01,
          -3.56853485e-01, -8.02277684e-01, -1.11850715e+00, -5.31959414e-01,
          -9.14724886e-01, -6.66411102e-01, -1.74017286e+00, -5.20879805e-01,
          -5.24873435e-01, -8.19364071e-01, -1.00947118e+00, -6.79880440e-01,
          -1.01621163e+00, -3.04266065e-01, -7.87161350e-01, -9.00105357e-01,
          -5.61494887e-01, -1.92717478e-01, -7.97519684e-01,  2.32792616e-01,
           1.46494925e-01, -1.29542923e+00, -1.01989830e+00, -1.16147852e+00,
          -1.15309715e+00, -1.58225998e-01, -1.22289813e+00, -7.27170885e-01,
          -5.74215174e-01, -7.59250820e-01, -4.22544688e-01, -5.62262774e-01,
          -8.49978089e-01, -4.46540534e-01, -1.11278594e+00, -2.04600424e-01,
          -5.53986192e-01, -8.08452189e-01, -2.32410610e-01, -1.87809241e+00,
          -8.77922416e-01, -4.83557999e-01, -1.69084287e+00, -6.17479324e-01,
          -4.56833869e-01, -2.38786846e-01, -7.14853525e-01, -9.83809650e-01,
          -2.51830012e-01, -3.14052939e-01,  6.28123701e-01, -1.49866426e+00,
          -1.09915316e+00, -2.06283897e-01, -5.23989439e-01,  2.21262470e-01,
           4.88282777e-02, -9.89930809e-01, -1.15062892e+00, -5.87200999e-01,
          -7.95898557e-01,  1.99610174e-01, -8.51255536e-01, -7.43551016e-01,
          -1.88193071e+00, -2.07896933e-01, -7.38512516e-01, -3.09326142e-01,
          -8.28663036e-02, -4.46921811e-02, -8.80038083e-01, -7.71340847e-01,
          -9.04830098e-01,  2.82859266e-01, -8.69498253e-01, -3.83872166e-02,
          -3.86026174e-01,  8.51991415e-01,  9.79862392e-01,  1.74732339e+00,
           1.66462326e+00,  4.62670565e-01, -1.28546965e+00, -7.85965145e-01,
          -1.05319428e+00, -1.69151723e+00, -1.24327815e+00, -1.07072234e+00,
          -8.53594184e-01, -3.66790861e-01, -1.39145887e+00, -1.06621528e+00,
           2.81425305e-02, -1.22294271e+00, -1.97568560e+00, -9.95936215e-01,
          -1.88417935e+00, -9.96105000e-02, -3.14814955e-01, -6.05104387e-01,
          -1.27261508e+00, -2.07668781e+00, -1.44982859e-01, -5.51388443e-01,
          -5.50239608e-02, -7.28820503e-01,  1.35271966e+00, -4.49860841e-02,
          -5.97504139e-01,  1.19179332e+00,  9.65860128e-01,  2.40566060e-01,
          -9.79701638e-01, -1.54908383e+00,  4.75504726e-01,  5.68129480e-01,
           7.55544677e-02, -2.04810190e+00, -1.96515894e+00, -1.31531894e+00,
          -1.95410860e+00, -2.35941792e+00, -1.94481742e+00, -1.21062362e+00,
          -1.73955405e+00, -2.19350886e+00, -6.64632082e-01,  1.56275183e-01,
           7.22927511e-01, -1.23793542e-01, -6.11977398e-01, -1.03420627e+00,
          -2.47109866e+00,  8.29547644e-01,  3.75885740e-02, -1.67410505e+00,
          -1.07030261e+00, -1.19590986e+00, -1.78324008e+00, -1.89479196e+00,
          -1.06115103e+00, -1.65213990e+00, -1.38011432e+00, -1.08992612e+00,
          -3.00446701e+00, -2.21424413e+00, -2.44123626e+00, -1.75945163e+00,
          -1.66914427e+00, -1.40909934e+00, -1.43921220e+00, -1.80905700e+00,
          -2.64717281e-01, -4.63551044e-01, -3.39898244e-02, -2.93008387e-01,
          -6.38796151e-01,  4.39212650e-01,  1.58952326e-02, -8.22677493e-01,
          -2.00145531e+00, -9.82596338e-01, -1.40673327e+00, -1.18539512e+00,
          -1.00899744e+00, -1.46883094e+00, -1.08952689e+00, -1.92129481e+00,
          -1.21716559e+00, -1.14754808e+00, -9.90886867e-01, -1.81614602e+00,
          -6.21767759e-01, -7.00950325e-01, -5.94033122e-01, -1.68913615e+00,
          -5.90318799e-01, -1.31713521e+00, -9.14951921e-01, -1.13158190e+00,
          -9.62487340e-01, -1.16713405e+00, -1.53055930e+00, -1.44104087e+00,
          -1.89686465e+00, -2.85234332e-01, -1.33073664e+00, -6.65392458e-01,
          -5.83078146e-01, -1.87606144e+00, -8.82825434e-01,  2.02332288e-01,
          -1.95963466e+00, -1.82716560e+00,  4.68213886e-01,  6.86313391e-01,
          -5.45273602e-01,  9.18868542e-01,  5.99170327e-01, -8.70061874e-01,
          -5.26639521e-02,  1.21335030e+00,  6.59427941e-02,  1.26237541e-01,
          -1.59298599e+00,  3.56196094e+00, -9.99879956e-01,  1.91365969e+00,
           4.25798744e-01,  1.06120563e+00,  9.95330572e-01, -4.12850112e-01,
           2.40256596e+00,  1.22656548e+00,  2.84407187e+00,  1.54121530e+00,
           4.22700226e-01,  9.61956561e-01,  4.14972268e-02, -5.62420487e-02,
           6.70867682e-01,  7.94142425e-01,  1.72652924e+00, -6.40345395e-01,
          -3.52437109e-01, -2.88348407e-01, -7.95710862e-01, -9.43679512e-02,
           7.69654393e-01,  8.32898617e-01,  8.79355907e-01,  2.10637856e+00,
          -1.73508346e-01, -1.02040172e-01,  1.95450330e+00,  4.41974342e-01,
           7.19347596e-02,  1.69569373e+00,  3.03157777e-01,  1.72887945e+00,
          -6.92258060e-01, -4.99689400e-01,  4.22491026e+00,  3.28925490e-01,
           1.54039860e-01,  1.07973194e+00, -7.20405817e-01,  6.11177087e-01,
          -7.23731637e-01,  1.25008702e+00, -9.20709789e-01,  2.27202475e-01,
           1.34917843e+00,  6.97847307e-01, -1.39394492e-01,  6.71963692e-01,
          -1.88459516e+00,  1.25146940e-01,  2.52389836e+00, -3.57107744e-02,
           1.36374199e+00,  1.48198712e+00, -6.50456786e-01, -1.83388221e+00,
           5.15700459e-01,  1.90904573e-01,  1.37162066e+00, -1.32232404e+00,
           4.15856153e-01,  1.14171278e+00, -1.02402687e+00,  1.50892687e+00,
           6.35418594e-02,  5.84407568e-01,  9.66452777e-01, -3.64869028e-01,
           3.35311294e+00,  2.34747815e+00,  1.73192012e+00, -1.06398201e+00,
          -1.08882761e+00,  2.14425611e+00,  8.38991642e-01,  2.72497225e+00,
           3.44512850e-01, -5.48873007e-01,  2.10667282e-01, -2.85358518e-01,
           1.64876723e+00,  1.76944029e+00,  1.94708896e+00,  1.25835490e+00,
           3.39685440e-01,  3.47512603e-01,  1.46227121e+00,  3.08875966e+00,
          -2.40946460e+00, -1.39893264e-01, -9.47412610e-01,  7.44187117e-01,
           1.20401788e+00,  5.26165187e-01, -1.33467019e+00,  1.79930377e+00,
           1.76648998e+00, -1.57321620e+00, -4.36377227e-01, -2.11232513e-01,
           7.87977636e-01, -1.84957668e-01, -1.01209736e+00, -8.85139704e-01,
          -1.24687421e+00,  4.60853070e-01,  5.20381331e-01,  2.51596510e-01,
           4.10185345e-02,  5.22481263e-01, -7.14155793e-01,  4.33835924e-01,
          -4.97897685e-01, -1.55596328e+00,  1.73149168e+00,  2.50944352e+00,
           6.14379406e-01,  4.06991839e-01,  3.53052688e+00,  1.94617951e+00,
           1.15315223e+00,  7.48154640e-01,  3.15035748e+00, -1.39681184e+00,
          -1.20142603e+00, -1.16492045e+00, -1.41467690e-01,  3.30365801e+00,
          -2.17963621e-01, -9.44703221e-01,  2.14951944e+00,  1.13444909e-01,
          -5.97499967e-01,  1.17264223e+00,  5.73889613e-01, -2.01549101e+00,
           1.88817346e+00,  4.27944469e+00, -1.32782802e-01,  7.60455191e-01,
           9.67988431e-01,  2.70183778e+00, -6.89471126e-01, -1.44767076e-01,
           4.74840450e+00,  1.75401509e+00,  1.28157055e+00,  9.97870445e-01,
          -9.52837110e-01,  8.46131295e-02,  1.95023239e+00,  2.07792330e+00,
           7.05685079e-01,  1.63763773e+00, -6.06936276e-01,  4.90210384e-01,
          -3.72213274e-01, -1.40656126e+00,  6.22678995e-01,  2.34752297e-01,
           1.16302085e+00, -4.37361568e-01,  2.22070605e-01, -2.28613302e-01,
          -7.95360446e-01,  1.15388477e+00,  4.62220669e-01,  2.11681128e+00,
           4.05462205e-01,  3.72797728e-01, -1.44011700e+00,  1.37195572e-01,
           1.79336882e+00,  1.16882885e+00, -9.90523338e-01,  1.69198024e+00,
           1.81929815e+00,  1.48211253e+00,  1.95011365e+00,  4.55805540e+00,
           1.26387155e+00,  1.65523136e+00,  1.33244887e-01, -8.43398929e-01,
           1.64222062e+00, -7.28524327e-01,  2.64522409e+00,  1.67593467e+00,
           1.91987479e+00, -1.13937907e-01,  1.96512830e+00, -1.79756427e+00,
           1.74363685e+00,  2.95322037e+00,  1.92471087e+00,  2.07997739e-01,
           4.94678617e-01, -3.51452976e-01,  1.51142216e+00,  1.47206271e+00,
          -1.63479909e-01,  1.50152910e+00,  3.25190455e-01,  1.02891541e+00,
           8.89047682e-01,  2.38093793e-01,  1.50448489e+00,  3.55211496e+00,
           3.48490262e+00,  3.60572606e-01,  9.74981189e-01,  2.26382113e+00,
          -4.96059269e-01, -7.50349402e-01,  1.95514536e+00,  2.90929496e-01,
          -1.00403273e+00,  1.61021674e+00, -2.30500966e-01,  6.04433596e-01,
           3.37879395e+00,  1.10368013e+00, -1.39049137e+00,  7.11110055e-01,
           2.47212315e+00,  6.05274498e-01,  2.69392997e-01,  1.39413029e-01,
          -1.43112934e+00,  5.44194877e-01,  3.63385826e-02, -4.98394489e-01,
           2.36714506e+00, -1.69331288e+00,  7.52734840e-01,  9.75127578e-01,
           2.81822443e+00, -2.41744280e+00,  2.17482138e+00,  5.09739637e+00,
          -1.02955055e+00, -1.86781690e-01, -7.56533861e-01,  1.35359848e+00,
          -2.77447611e-01,  8.49423409e-01, -7.79526293e-01,  7.63268650e-01,
           8.54459584e-01, -1.32297695e+00,  2.34351587e+00, -1.77227950e+00,
           4.20049763e+00, -2.32842192e-02, -5.90637863e-01, -2.56647408e-01,
          -7.05399454e-01,  2.26911283e+00,  1.73948944e-01, -5.83560169e-01,
          -4.12584901e-01,  1.79980564e+00,  6.00002289e-01,  4.08897460e-01,
          -8.11033964e-01,  1.21252811e+00,  3.05667669e-01, -5.39128959e-01,
           1.11088431e+00,  2.85719299e+00, -8.48516941e-01,  1.17237735e+00,
           2.54819244e-01,  1.09635341e+00,  4.66959536e-01, -3.47061843e-01,
           3.90924764e+00, -4.29150373e-01, -3.07764244e+00,  3.46176103e-02,
           2.58502245e+00,  8.13950241e-01,  7.42298886e-02,  1.42420185e+00,
           2.70047045e+00, -2.08674133e-01, -9.64467764e-01,  1.15346801e+00,
           1.66665220e+00,  9.58942831e-01,  1.13332379e+00,  4.95329536e-02,
           1.63609374e+00, -7.74548233e-01, -7.30169415e-01,  1.82486057e+00,
           4.81527857e-03,  3.04151487e+00,  6.88027382e-01,  1.89262140e+00,
           2.22955656e+00,  1.79746342e+00,  8.16160619e-01, -1.04252946e+00,
           2.96116590e-01, -7.03233361e-01,  6.33426785e-01,  1.19599417e-01,
           8.50125074e-01,  1.24153626e+00,  1.96374762e+00, -3.69041800e-01,
          -1.74215448e+00,  9.80127990e-01, -2.09065080e-01,  5.39545894e-01,
           1.16672838e+00,  8.61276686e-01, -1.67425895e+00,  1.63877273e+00,
           1.38648212e+00,  1.95621097e+00, -1.07956564e+00, -2.35035732e-01,
           1.51059091e+00, -5.80907688e-02,  7.68231079e-02, -1.35374737e+00,
          -2.07808048e-01,  3.04868484e+00,  7.80471563e-01, -5.84238410e-01,
           1.26883996e+00,  2.48291326e+00,  1.38675666e+00,  1.33367908e+00,
           1.59486318e+00,  1.80767167e+00,  1.20504761e+00,  5.43714128e-02,
           1.43634784e+00,  3.49894333e+00,  2.41049409e+00, -1.23463893e+00,
           4.34857875e-01, -2.75039636e-02,  6.62818193e-01,  1.45136583e+00,
           2.50116682e+00,  2.25460720e+00, -1.87125608e-01,  1.79873383e+00,
           1.98558152e+00,  1.01473838e-01,  2.30933738e+00,  1.91401350e+00,
          -1.45542824e+00,  2.14331746e+00, -7.10922420e-01,  2.45836687e+00,
           2.10306239e+00,  9.36350405e-01, -5.39715111e-01,  1.30574346e-01,
           9.38547671e-01,  1.23507953e+00,  1.00566626e+00, -4.98511195e-02,
          -4.61819381e-01,  1.57698095e+00,  4.37666416e+00,  1.16195941e+00,
           2.41421938e+00, -5.19132376e-01,  3.83889884e-01,  2.44104892e-01,
          -6.91870391e-01,  3.46877456e+00,  5.07952631e-01,  4.81423229e-01,
           1.00691342e+00,  1.04168880e+00,  4.12462521e+00,  9.32264507e-01,
           5.25391400e-01,  6.09902263e-01,  2.06408262e+00,  3.16908002e+00,
           7.52575815e-01, -7.57215202e-01, -2.93821931e-01,  7.56247565e-02,
           1.05835009e+00, -4.09322560e-01, -2.94124335e-01,  1.15244579e+00,
          -1.72507262e+00,  2.71939725e-01,  2.11925459e+00,  3.15708852e+00,
           1.54913580e+00,  1.56917107e+00,  3.41227084e-01,  2.25376654e+00,
          -3.59035581e-01,  3.07292551e-01,  2.41641140e+00,  1.60939813e+00,
          -1.96735513e+00, -6.61460817e-01, -5.49652636e-01,  6.45713389e-01,
           4.68865216e-01, -1.49674404e+00,  1.68791854e+00,  2.49187994e+00,
           1.56114411e+00, -1.20657754e+00, -2.36984044e-01,  2.08762097e+00,
          -1.20451128e+00, -9.08101141e-01,  3.13599467e-01, -1.45653081e+00,
           4.33450520e-01,  5.00715315e-01,  5.99644482e-01, -5.37076183e-02,
           1.90919173e+00, -4.12511230e-01,  5.80158234e-01,  9.02014196e-01,
           3.41488624e+00,  2.53209639e+00,  2.31562781e+00, -1.25314128e+00,
           2.10285163e+00,  1.99774966e-01, -3.81907046e-01,  5.01546574e+00,
           1.02184391e+00, -8.70318294e-01,  3.74133563e+00,  1.07302439e+00,
          -2.29218936e+00, -9.14289206e-02,  9.14595872e-02,  2.01464415e+00,
           7.17155159e-01,  1.43245614e+00,  5.07343471e-01, -1.43994069e+00,
          -1.11633956e+00, -1.18436992e+00, -9.55075085e-01,  7.12255359e-01,
           4.36631298e+00, -8.47727358e-01,  1.77470781e-03, -2.65826464e-01,
           1.95057750e+00, -4.28397983e-01, -2.05603743e+00,  5.20950973e-01,
           1.83170199e+00,  7.78830111e-01,  9.73251760e-01,  1.61811316e+00,
           1.28705895e+00,  2.14058304e+00,  1.38060701e+00,  1.08024669e+00,
          -2.45777741e-01,  2.49635935e+00,  1.40015793e+00, -3.16025823e-01,
          -9.47576940e-01,  1.04806387e+00, -8.02813351e-01,  4.02521193e-01,
           4.66095304e+00,  2.10474157e+00,  3.06036234e+00, -9.04217601e-01,
           1.76501966e+00,  1.97916400e+00,  1.66405213e+00,  8.75328004e-01,
          -3.05595219e-01, -6.02501035e-01,  1.68985415e+00,  7.37687588e-01,
           6.35110140e+00,  7.06503153e+00,  1.12413323e+00,  1.17021061e-01,
           6.38422132e-01, -2.14872230e-02,  1.05515406e-01,  1.52609265e+00,
          -1.84096241e+00, -1.86069667e+00, -5.24256885e-01, -1.37738121e+00,
           3.02883005e+00,  2.88655728e-01,  1.96003050e-01,  7.47087419e-01,
           1.83630466e+00,  3.25069404e+00,  2.14717841e+00, -3.24773520e-01,
          -2.31392717e+00,  1.02629590e+00, -9.49624598e-01, -9.91245329e-01,
          -1.36606574e+00,  2.43310183e-02, -6.10162795e-01, -1.26169312e+00,
          -1.19663286e+00, -2.10651302e+00, -1.07311821e+00, -1.46404660e+00,
          -1.38391972e+00, -1.62180603e+00, -1.27734792e+00, -7.74971485e-01,
          -1.36130834e+00, -1.44163644e+00, -4.25942332e-01, -6.97141767e-01,
          -2.90623260e+00, -9.52713132e-01, -1.87671340e+00, -1.00799608e+00,
           2.41488628e-02,  5.79686761e-01,  5.63354671e-01, -6.74052117e-03,
          -1.68988383e+00, -7.52405047e-01, -2.27785662e-01, -2.02550006e+00,
          -1.94089437e+00, -4.41878825e-01, -6.21179938e-01, -1.86608505e+00,
          -6.97962224e-01, -1.01533043e+00, -5.14928102e-01, -1.16671789e+00,
          -1.37725866e+00, -1.23075795e+00,  2.03237367e+00, -6.20427966e-01,
           9.31778014e-01,  1.78265691e-01, -1.65194225e+00,  1.93821096e+00,
          -2.04656148e+00, -1.62109733e+00,  2.31491357e-01,  7.19758213e-01,
          -2.15637851e+00,  1.80809721e-02,  2.15799347e-01, -2.21029329e+00,
           4.77329046e-01,  2.09172979e-01,  1.78290367e-01, -6.07941389e-01,
          -7.65109211e-02,  4.81886715e-01, -1.82805109e+00, -1.04314864e-01,
          -1.81668639e+00, -3.20610613e-01, -1.40896618e+00, -1.82000470e+00,
          -1.33841276e+00, -3.02697611e+00, -2.71082401e+00, -1.71882272e+00,
          -1.62495840e+00, -2.75836897e+00, -1.85335428e-01,  1.14781988e+00]]],
       device='cuda:0')
PGD attack margin (first 2 examples and 10 specs):
 tensor([[[0.94498688]]], device='cuda:0')
number of violation:  0
Attack finished in 8.4284 seconds.
PGD attack failed
verified_status unknown
verified_success False
Total VNNLIB file length: 1, max property batch size: 1, total number of batches: 1

Properties batch 0, size 1
Remaining timeout: 1143.6572091579437
Verifying property 0 with 1 instances.
torch allclose failed: norm 8.889588571037166e-06
Model: BoundedModule(
  (/input-1): BoundInput(name=/input-1, inputs=[], perturbed=True)
  (/33): BoundParams(name=/33, inputs=[], perturbed=False)
  (/34): BoundParams(name=/34, inputs=[], perturbed=False)
  (/35): BoundParams(name=/35, inputs=[], perturbed=False)
  (/36): BoundParams(name=/36, inputs=[], perturbed=False)
  (/37): BoundParams(name=/37, inputs=[], perturbed=False)
  (/38): BoundParams(name=/38, inputs=[], perturbed=False)
  (/39): BoundParams(name=/39, inputs=[], perturbed=False)
  (/40): BoundParams(name=/40, inputs=[], perturbed=False)
  (/41): BoundParams(name=/41, inputs=[], perturbed=False)
  (/42): BoundParams(name=/42, inputs=[], perturbed=False)
  (/43): BoundParams(name=/43, inputs=[], perturbed=False)
  (/44): BoundParams(name=/44, inputs=[], perturbed=False)
  (/45): BoundParams(name=/45, inputs=[], perturbed=False)
  (/46): BoundParams(name=/46, inputs=[], perturbed=False)
  (/47): BoundParams(name=/47, inputs=[], perturbed=False)
  (/48): BoundParams(name=/48, inputs=[], perturbed=False)
  (/49): BoundParams(name=/49, inputs=[], perturbed=False)
  (/50): BoundParams(name=/50, inputs=[], perturbed=False)
  (/51): BoundParams(name=/51, inputs=[], perturbed=False)
  (/52): BoundParams(name=/52, inputs=[], perturbed=False)
  (/53): BoundParams(name=/53, inputs=[], perturbed=False)
  (/54): BoundParams(name=/54, inputs=[], perturbed=False)
  (/55): BoundParams(name=/55, inputs=[], perturbed=False)
  (/56): BoundParams(name=/56, inputs=[], perturbed=False)
  (/57): BoundParams(name=/57, inputs=[], perturbed=False)
  (/58): BoundParams(name=/58, inputs=[], perturbed=False)
  (/59): BoundParams(name=/59, inputs=[], perturbed=False)
  (/60): BoundParams(name=/60, inputs=[], perturbed=False)
  (/61): BoundParams(name=/61, inputs=[], perturbed=False)
  (/62): BoundParams(name=/62, inputs=[], perturbed=False)
  (/63): BoundParams(name=/63, inputs=[], perturbed=False)
  (/64): BoundParams(name=/64, inputs=[], perturbed=False)
  (/input): BoundConv(name=/input, inputs=[/input-1, /33, /34], perturbed=True)
  (/66): BoundRelu(name=/66, inputs=[/input], perturbed=True)
  (/input-4): BoundConv(name=/input-4, inputs=[/66, /35, /36], perturbed=True)
  (/68): BoundRelu(name=/68, inputs=[/input-4], perturbed=True)
  (/input-12): BoundConv(name=/input-12, inputs=[/input-8/add_3_4, /37, /38], perturbed=True)
  (/71): BoundRelu(name=/71, inputs=[/input-12], perturbed=True)
  (/input-16): BoundConv(name=/input-16, inputs=[/71, /39, /40], perturbed=True)
  (/73): BoundRelu(name=/73, inputs=[/input-16], perturbed=True)
  (/input-24): BoundConv(name=/input-24, inputs=[/input-20/add_3_4, /41, /42], perturbed=True)
  (/76): BoundRelu(name=/76, inputs=[/input-24], perturbed=True)
  (/input-28): BoundConv(name=/input-28, inputs=[/76, /43, /44], perturbed=True)
  (/78): BoundRelu(name=/78, inputs=[/input-28], perturbed=True)
  (/input-32): BoundConv(name=/input-32, inputs=[/78, /45, /46], perturbed=True)
  (/80): BoundRelu(name=/80, inputs=[/input-32], perturbed=True)
  (/input-40): BoundConv(name=/input-40, inputs=[/input-36/add_3_4, /47, /48], perturbed=True)
  (/83): BoundRelu(name=/83, inputs=[/input-40], perturbed=True)
  (/input-44): BoundConv(name=/input-44, inputs=[/83, /49, /50], perturbed=True)
  (/85): BoundRelu(name=/85, inputs=[/input-44], perturbed=True)
  (/input-48): BoundConv(name=/input-48, inputs=[/85, /51, /52], perturbed=True)
  (/87): BoundRelu(name=/87, inputs=[/input-48], perturbed=True)
  (/input-56): BoundConv(name=/input-56, inputs=[/input-52/add_3_4, /53, /54], perturbed=True)
  (/90): BoundRelu(name=/90, inputs=[/input-56], perturbed=True)
  (/input-60): BoundConv(name=/input-60, inputs=[/90, /55, /56], perturbed=True)
  (/92): BoundRelu(name=/92, inputs=[/input-60], perturbed=True)
  (/input-64): BoundConv(name=/input-64, inputs=[/92, /57, /58], perturbed=True)
  (/94): BoundRelu(name=/94, inputs=[/input-64], perturbed=True)
  (/96): BoundFlatten(name=/96, inputs=[/95/add_3_4], perturbed=True)
  (/input-68): BoundLinear(name=/input-68, inputs=[/96, /59, /60], perturbed=True)
  (/98): BoundRelu(name=/98, inputs=[/input-68], perturbed=True)
  (/99): BoundFlatten(name=/99, inputs=[/98], perturbed=True)
  (/input-72): BoundLinear(name=/input-72, inputs=[/99, /61, /62], perturbed=True)
  (/101): BoundRelu(name=/101, inputs=[/input-72], perturbed=True)
  (/102): BoundFlatten(name=/102, inputs=[/101], perturbed=True)
  (/103): BoundLinear(name=/103, inputs=[/102, /63, /64], perturbed=True)
  (/input-8/conv_1): BoundConv(name=/input-8/conv_1, inputs=[/68, /input-8/conv_1_w], perturbed=True)
  (/input-8/conv_1_relu): BoundRelu(name=/input-8/conv_1_relu, inputs=[/input-8/conv_1], perturbed=True)
  (/input-8/conv_1_w): BoundParams(name=/input-8/conv_1_w, inputs=[], perturbed=False)
  (/input-8/conv_2): BoundConv(name=/input-8/conv_2, inputs=[/68, /input-8/conv_2_w], perturbed=True)
  (/input-8/conv_2_w): BoundParams(name=/input-8/conv_2_w, inputs=[], perturbed=False)
  (/input-8/conv_3): BoundConv(name=/input-8/conv_3, inputs=[/input-8/add_1_2, /input-8/conv_3_w], perturbed=True)
  (/input-8/conv_3_relu): BoundRelu(name=/input-8/conv_3_relu, inputs=[/input-8/conv_3], perturbed=True)
  (/input-8/conv_3_w): BoundParams(name=/input-8/conv_3_w, inputs=[], perturbed=False)
  (/input-8/conv_4): BoundConv(name=/input-8/conv_4, inputs=[/input-8/add_1_2, /input-8/conv_4_w], perturbed=True)
  (/input-8/conv_4_w): BoundParams(name=/input-8/conv_4_w, inputs=[], perturbed=False)
  (/input-8/add_1_2): BoundAdd(name=/input-8/add_1_2, inputs=[/input-8/conv_1_relu, /input-8/conv_2], perturbed=True)
  (/input-8/add_3_4): BoundAdd(name=/input-8/add_3_4, inputs=[/input-8/conv_3_relu, /input-8/conv_4], perturbed=True)
  (/input-20/conv_1): BoundConv(name=/input-20/conv_1, inputs=[/73, /input-20/conv_1_w], perturbed=True)
  (/input-20/conv_1_relu): BoundRelu(name=/input-20/conv_1_relu, inputs=[/input-20/conv_1], perturbed=True)
  (/input-20/conv_1_w): BoundParams(name=/input-20/conv_1_w, inputs=[], perturbed=False)
  (/input-20/conv_2): BoundConv(name=/input-20/conv_2, inputs=[/73, /input-20/conv_2_w], perturbed=True)
  (/input-20/conv_2_w): BoundParams(name=/input-20/conv_2_w, inputs=[], perturbed=False)
  (/input-20/conv_3): BoundConv(name=/input-20/conv_3, inputs=[/input-20/add_1_2, /input-20/conv_3_w], perturbed=True)
  (/input-20/conv_3_relu): BoundRelu(name=/input-20/conv_3_relu, inputs=[/input-20/conv_3], perturbed=True)
  (/input-20/conv_3_w): BoundParams(name=/input-20/conv_3_w, inputs=[], perturbed=False)
  (/input-20/conv_4): BoundConv(name=/input-20/conv_4, inputs=[/input-20/add_1_2, /input-20/conv_4_w], perturbed=True)
  (/input-20/conv_4_w): BoundParams(name=/input-20/conv_4_w, inputs=[], perturbed=False)
  (/input-20/add_1_2): BoundAdd(name=/input-20/add_1_2, inputs=[/input-20/conv_1_relu, /input-20/conv_2], perturbed=True)
  (/input-20/add_3_4): BoundAdd(name=/input-20/add_3_4, inputs=[/input-20/conv_3_relu, /input-20/conv_4], perturbed=True)
  (/input-36/conv_1): BoundConv(name=/input-36/conv_1, inputs=[/80, /input-36/conv_1_w], perturbed=True)
  (/input-36/conv_1_relu): BoundRelu(name=/input-36/conv_1_relu, inputs=[/input-36/conv_1], perturbed=True)
  (/input-36/conv_1_w): BoundParams(name=/input-36/conv_1_w, inputs=[], perturbed=False)
  (/input-36/conv_2): BoundConv(name=/input-36/conv_2, inputs=[/80, /input-36/conv_2_w], perturbed=True)
  (/input-36/conv_2_w): BoundParams(name=/input-36/conv_2_w, inputs=[], perturbed=False)
  (/input-36/conv_3): BoundConv(name=/input-36/conv_3, inputs=[/input-36/add_1_2, /input-36/conv_3_w], perturbed=True)
  (/input-36/conv_3_relu): BoundRelu(name=/input-36/conv_3_relu, inputs=[/input-36/conv_3], perturbed=True)
  (/input-36/conv_3_w): BoundParams(name=/input-36/conv_3_w, inputs=[], perturbed=False)
  (/input-36/conv_4): BoundConv(name=/input-36/conv_4, inputs=[/input-36/add_1_2, /input-36/conv_4_w], perturbed=True)
  (/input-36/conv_4_w): BoundParams(name=/input-36/conv_4_w, inputs=[], perturbed=False)
  (/input-36/add_1_2): BoundAdd(name=/input-36/add_1_2, inputs=[/input-36/conv_1_relu, /input-36/conv_2], perturbed=True)
  (/input-36/add_3_4): BoundAdd(name=/input-36/add_3_4, inputs=[/input-36/conv_3_relu, /input-36/conv_4], perturbed=True)
  (/input-52/conv_1): BoundConv(name=/input-52/conv_1, inputs=[/87, /input-52/conv_1_w], perturbed=True)
  (/input-52/conv_1_relu): BoundRelu(name=/input-52/conv_1_relu, inputs=[/input-52/conv_1], perturbed=True)
  (/input-52/conv_1_w): BoundParams(name=/input-52/conv_1_w, inputs=[], perturbed=False)
  (/input-52/conv_2): BoundConv(name=/input-52/conv_2, inputs=[/87, /input-52/conv_2_w], perturbed=True)
  (/input-52/conv_2_w): BoundParams(name=/input-52/conv_2_w, inputs=[], perturbed=False)
  (/input-52/conv_3): BoundConv(name=/input-52/conv_3, inputs=[/input-52/add_1_2, /input-52/conv_3_w], perturbed=True)
  (/input-52/conv_3_relu): BoundRelu(name=/input-52/conv_3_relu, inputs=[/input-52/conv_3], perturbed=True)
  (/input-52/conv_3_w): BoundParams(name=/input-52/conv_3_w, inputs=[], perturbed=False)
  (/input-52/conv_4): BoundConv(name=/input-52/conv_4, inputs=[/input-52/add_1_2, /input-52/conv_4_w], perturbed=True)
  (/input-52/conv_4_w): BoundParams(name=/input-52/conv_4_w, inputs=[], perturbed=False)
  (/input-52/add_1_2): BoundAdd(name=/input-52/add_1_2, inputs=[/input-52/conv_1_relu, /input-52/conv_2], perturbed=True)
  (/input-52/add_3_4): BoundAdd(name=/input-52/add_3_4, inputs=[/input-52/conv_3_relu, /input-52/conv_4], perturbed=True)
  (/95/conv_1): BoundConv(name=/95/conv_1, inputs=[/94, /95/conv_1_w], perturbed=True)
  (/95/conv_1_relu): BoundRelu(name=/95/conv_1_relu, inputs=[/95/conv_1], perturbed=True)
  (/95/conv_1_w): BoundParams(name=/95/conv_1_w, inputs=[], perturbed=False)
  (/95/conv_2): BoundConv(name=/95/conv_2, inputs=[/94, /95/conv_2_w], perturbed=True)
  (/95/conv_2_w): BoundParams(name=/95/conv_2_w, inputs=[], perturbed=False)
  (/95/conv_3): BoundConv(name=/95/conv_3, inputs=[/95/add_1_2, /95/conv_3_w], perturbed=True)
  (/95/conv_3_relu): BoundRelu(name=/95/conv_3_relu, inputs=[/95/conv_3], perturbed=True)
  (/95/conv_3_w): BoundParams(name=/95/conv_3_w, inputs=[], perturbed=False)
  (/95/conv_4): BoundConv(name=/95/conv_4, inputs=[/95/add_1_2, /95/conv_4_w], perturbed=True)
  (/95/conv_4_w): BoundParams(name=/95/conv_4_w, inputs=[], perturbed=False)
  (/95/add_1_2): BoundAdd(name=/95/add_1_2, inputs=[/95/conv_1_relu, /95/conv_2], perturbed=True)
  (/95/add_3_4): BoundAdd(name=/95/add_3_4, inputs=[/95/conv_3_relu, /95/conv_4], perturbed=True)
)
Model prediction is: tensor([-9.84179795e-01,  1.78342175e+00, -1.65946984e+00, -2.14096665e+00,
        -1.46826673e+00,  1.75357834e-01, -7.30330586e-01, -1.95730102e+00,
        -1.85451174e+00, -1.51710176e+00, -1.35815728e+00, -4.11743313e-01,
        -3.48076701e-01, -1.24723291e+00, -9.21046510e-02,  3.43290418e-02,
        -9.35703754e-01, -1.47425926e+00, -6.55720174e-01, -1.00309396e+00,
        -1.09267521e+00, -8.29576850e-01, -1.46691054e-01, -1.36786711e+00,
        -7.48240113e-01, -1.42012179e+00, -3.19098771e-01, -1.08758259e+00,
        -1.25191307e+00,  1.99972928e-01, -1.85585511e+00,  5.51505834e-02,
        -1.32559180e+00, -2.10358357e+00, -1.54572630e+00, -1.48802209e+00,
         9.04216170e-01, -1.97223961e+00, -1.92081586e-01, -1.61068130e+00,
         1.90654412e-01, -1.71016526e+00, -1.92022836e+00, -1.09539115e+00,
        -9.80161905e-01, -1.17258847e+00,  2.22642064e-01, -1.19960833e+00,
        -2.18232656e+00, -3.94301176e-01,  2.84640133e-01, -2.56643987e+00,
        -2.85980195e-01,  5.81210405e-02, -8.72064471e-01, -1.64797616e+00,
        -7.23807335e-01, -1.83492017e+00, -1.37307748e-01, -2.69149035e-01,
        -3.29179168e-01, -1.16626072e+00, -1.40062332e+00,  1.56723335e-01,
        -4.76025462e-01, -6.41691029e-01, -9.29536283e-01, -4.32161331e-01,
        -1.52156866e+00, -1.94049323e+00, -2.20292434e-01,  2.68676430e-01,
         3.59951258e-01,  1.65134072e+00,  6.76981688e-01,  1.08223033e+00,
         2.96893418e-01,  1.31411231e+00,  5.01041949e-01,  1.50668108e+00,
        -4.22047153e-02, -2.40017557e+00, -1.39452422e+00, -1.67768061e+00,
        -7.95280695e-01, -9.53929245e-01, -1.85696054e+00,  1.51353776e-01,
         2.76783377e-01, -1.22894156e+00, -5.86131811e-01, -1.05233443e+00,
        -2.65643388e-01, -3.53371084e-01,  4.24528301e-01, -1.98340750e+00,
         5.25773391e-02, -9.90075290e-01,  7.76342690e-01, -9.13084090e-01,
         4.94704366e-01, -1.68907261e+00, -1.89087903e+00,  1.25118268e+00,
        -1.92909002e+00, -2.49308205e+00, -1.50275803e+00, -2.42326811e-01,
        -1.03368545e+00, -1.87273872e+00, -4.42556232e-01,  2.27978230e+00,
        -6.48752511e-01, -1.11642800e-01, -6.44071519e-01, -1.93520951e+00,
        -1.67195356e+00, -4.67194356e-02, -1.01222730e+00, -2.35374641e+00,
        -2.12307382e+00, -1.83236599e+00, -1.55440629e+00, -2.71769238e+00,
        -1.97087431e+00, -1.87859976e+00,  7.28697330e-03, -5.18510997e-01,
         6.05573714e-01,  6.46344602e-01,  3.01246583e-01, -4.93055850e-01,
         6.31471932e-01, -7.01597750e-01,  2.76547186e-02, -5.45125425e-01,
        -9.13617313e-01,  2.97919959e-01, -1.26598108e+00, -2.03704786e+00,
        -2.24849796e+00,  3.26018155e-01, -5.68456292e-01, -8.08636904e-01,
        -8.53751302e-01, -1.43158591e+00, -2.34047890e+00, -2.32631769e-02,
        -1.72823817e-01, -7.29910433e-01, -1.70270526e+00, -8.67135972e-02,
        -1.21072578e+00, -9.87777635e-02, -5.47587395e-01, -8.18097770e-01,
        -8.95358205e-01, -4.11435962e-01, -1.26179099e+00, -9.55665886e-01,
        -1.21479046e+00, -2.86848545e-01,  2.01180115e-01, -8.96535635e-01,
        -8.20753455e-01, -6.18012011e-01, -1.08340251e+00, -1.16084099e+00,
        -2.39506602e-01, -1.02929842e+00, -9.63734448e-01, -7.28976250e-01,
        -1.10617685e+00, -9.81245100e-01, -1.22732234e+00, -1.03896976e+00,
        -1.60110235e+00, -5.56433499e-01,  7.03218952e-03, -1.50798464e+00,
        -1.87544191e+00, -4.22065854e-01, -2.13078350e-01, -7.68753052e-01,
        -4.34505269e-02, -3.20469350e-01, -3.28677088e-01,  1.49169695e-02,
        -1.14830410e+00, -1.36155665e+00, -8.37880790e-01,  9.98911485e-02,
        -6.38175130e-01, -1.01736867e+00, -9.89218593e-01,  4.86058533e-01,
        -7.77579308e-01, -1.35537755e+00, -1.61660516e+00, -1.28801048e-01,
        -8.46764863e-01, -9.26898956e-01, -6.92141712e-01,  7.44025826e-01,
        -3.55130374e-01, -7.87143409e-01, -1.13184059e+00, -5.21467626e-01,
        -9.04965758e-01, -6.60465479e-01, -1.76459515e+00, -5.14156044e-01,
        -5.10443985e-01, -8.00164461e-01, -1.01588511e+00, -6.63088322e-01,
        -1.02215254e+00, -2.89844424e-01, -7.69215524e-01, -8.95132124e-01,
        -5.68263352e-01, -2.06499889e-01, -8.07121396e-01,  2.43256658e-01,
         1.51860058e-01, -1.29464364e+00, -1.02105069e+00, -1.16126359e+00,
        -1.17796350e+00, -1.71879202e-01, -1.22657669e+00, -7.30603039e-01,
        -5.63727677e-01, -7.54775226e-01, -4.18908715e-01, -5.66245139e-01,
        -8.64896595e-01, -4.42823172e-01, -1.11138558e+00, -2.14345962e-01,
        -5.59262574e-01, -8.22266519e-01, -2.23167568e-01, -1.89354670e+00,
        -8.99703145e-01, -4.81627494e-01, -1.70389771e+00, -6.22510672e-01,
        -4.69709039e-01, -2.43944317e-01, -7.21925020e-01, -9.69572961e-01,
        -2.74505347e-01, -3.10767591e-01,  6.22894585e-01, -1.49608672e+00,
        -1.10925055e+00, -2.16424733e-01, -5.36130905e-01,  2.22712889e-01,
         3.68295498e-02, -1.00291145e+00, -1.17892194e+00, -5.70672095e-01,
        -7.98856199e-01,  1.95634618e-01, -8.73932898e-01, -7.58074999e-01,
        -1.90766966e+00, -2.35327601e-01, -7.64066935e-01, -3.24603796e-01,
        -1.02518633e-01, -5.13322949e-02, -8.97715867e-01, -8.08240056e-01,
        -9.25433993e-01,  2.72334576e-01, -8.87398481e-01, -5.91078028e-02,
        -4.10520107e-01,  8.49178076e-01,  9.81223643e-01,  1.73738956e+00,
         1.66868842e+00,  4.53346074e-01, -1.29703701e+00, -8.00797522e-01,
        -1.08273244e+00, -1.71230733e+00, -1.26060498e+00, -1.10350966e+00,
        -8.56840193e-01, -3.84237111e-01, -1.40661705e+00, -1.06898212e+00,
         3.95610519e-02, -1.24819005e+00, -2.00576544e+00, -1.01715922e+00,
        -1.91181576e+00, -9.16883498e-02, -3.43428612e-01, -6.23639524e-01,
        -1.28230953e+00, -2.09697771e+00, -1.58627257e-01, -5.83400726e-01,
        -7.35536441e-02, -7.23722816e-01,  1.35620344e+00, -4.92353216e-02,
        -6.07966244e-01,  1.19331396e+00,  9.64933872e-01,  2.52666175e-01,
        -9.95524168e-01, -1.53694713e+00,  4.51593727e-01,  5.77102780e-01,
         7.54733607e-02, -2.05622721e+00, -1.99010277e+00, -1.31786871e+00,
        -1.96652126e+00, -2.36415911e+00, -1.96841538e+00, -1.19827390e+00,
        -1.73125112e+00, -2.18006682e+00, -6.61818624e-01,  1.43195823e-01,
         7.15379655e-01, -7.88374990e-02, -6.12542570e-01, -1.07127106e+00,
        -2.47646904e+00,  8.69409859e-01,  6.27952814e-02, -1.67317450e+00,
        -1.06954527e+00, -1.18993056e+00, -1.79125166e+00, -1.90669346e+00,
        -1.01909781e+00, -1.65675259e+00, -1.35068977e+00, -1.09585595e+00,
        -3.02012229e+00, -2.24648333e+00, -2.48246789e+00, -1.79125273e+00,
        -1.67361343e+00, -1.43388987e+00, -1.46207881e+00, -1.81474638e+00,
        -2.57706583e-01, -4.62707579e-01, -4.27518263e-02, -3.04025412e-01,
        -6.20721459e-01,  4.27212715e-01, -8.63477588e-04, -8.29969406e-01,
        -2.01806402e+00, -9.97701705e-01, -1.43772161e+00, -1.20638978e+00,
        -1.04446614e+00, -1.49048626e+00, -1.12033355e+00, -1.94787836e+00,
        -1.22895026e+00, -1.15358293e+00, -9.97431695e-01, -1.83699119e+00,
        -6.39066100e-01, -7.31127262e-01, -5.96474767e-01, -1.69887638e+00,
        -6.18547082e-01, -1.31479585e+00, -9.22178030e-01, -1.15892458e+00,
        -9.92899716e-01, -1.17045355e+00, -1.53362656e+00, -1.45824552e+00,
        -1.90452623e+00, -2.70894080e-01, -1.32443845e+00, -6.28152788e-01,
        -6.00156963e-01, -1.84754705e+00, -8.49029243e-01,  2.16382548e-01,
        -1.94336438e+00, -1.82412338e+00,  4.62198168e-01,  6.70012593e-01,
        -5.70575058e-01,  9.33291078e-01,  5.96259952e-01, -8.78953874e-01,
        -4.20701355e-02,  1.21657634e+00,  6.87491223e-02,  1.43429667e-01,
        -1.57139122e+00,  3.52404642e+00, -9.74594653e-01,  1.99200773e+00,
         4.35038567e-01,  1.03818142e+00,  1.04173994e+00, -3.87083203e-01,
         2.41149855e+00,  1.27000439e+00,  2.82400322e+00,  1.54482114e+00,
         4.09393251e-01,  9.65173662e-01,  2.42918991e-02, -5.69787472e-02,
         7.08634496e-01,  8.33526015e-01,  1.68773758e+00, -6.34775817e-01,
        -3.34308535e-01, -3.06494147e-01, -8.08157384e-01, -6.66041374e-02,
         7.39579082e-01,  8.70606899e-01,  8.96447003e-01,  2.12892413e+00,
        -1.48728371e-01, -9.17006731e-02,  1.93970466e+00,  4.28118110e-01,
         7.67523348e-02,  1.69035459e+00,  3.09108645e-01,  1.76513672e+00,
        -7.00287879e-01, -4.77978766e-01,  4.22877979e+00,  3.34911376e-01,
         1.95805311e-01,  1.13521767e+00, -7.14891016e-01,  5.70791006e-01,
        -7.06546843e-01,  1.23246288e+00, -9.20325696e-01,  2.49449313e-01,
         1.35365069e+00,  7.07102478e-01, -1.42649949e-01,  6.76510572e-01,
        -1.87635243e+00,  1.03470296e-01,  2.53869796e+00,  4.48975712e-03,
         1.36008537e+00,  1.46578860e+00, -6.56728148e-01, -1.82629597e+00,
         5.40014207e-01,  1.74413681e-01,  1.34952343e+00, -1.33045387e+00,
         4.83301431e-01,  1.12123108e+00, -1.01830935e+00,  1.54522300e+00,
         1.16891325e-01,  5.63194215e-01,  9.84890282e-01, -3.59841436e-01,
         3.33706260e+00,  2.33429766e+00,  1.69915724e+00, -1.06626379e+00,
        -1.06661308e+00,  2.09804010e+00,  8.49856853e-01,  2.72363806e+00,
         3.18083912e-01, -5.36515296e-01,  1.95507973e-01, -3.11295301e-01,
         1.66514683e+00,  1.74765015e+00,  1.91638041e+00,  1.25421357e+00,
         3.69788647e-01,  3.47614586e-01,  1.48121309e+00,  3.07606316e+00,
        -2.40834451e+00, -1.38275608e-01, -9.26617742e-01,  7.32282221e-01,
         1.21207738e+00,  5.31943798e-01, -1.35161340e+00,  1.75866568e+00,
         1.76196527e+00, -1.53408337e+00, -4.32997286e-01, -1.90806106e-01,
         7.49518871e-01, -2.09819317e-01, -1.01578736e+00, -8.69624555e-01,
        -1.23460591e+00,  4.72366244e-01,  5.25724828e-01,  2.51287818e-01,
         6.51506037e-02,  5.27286172e-01, -7.04173267e-01,  4.40302402e-01,
        -5.04521430e-01, -1.53923929e+00,  1.73006260e+00,  2.50102592e+00,
         6.06545150e-01,  4.49976206e-01,  3.50532556e+00,  1.93121660e+00,
         1.15774667e+00,  7.64062166e-01,  3.11183000e+00, -1.41371250e+00,
        -1.17983174e+00, -1.17051351e+00, -1.23572767e-01,  3.32513762e+00,
        -2.36511558e-01, -9.56264079e-01,  2.13560057e+00,  1.06488109e-01,
        -5.84334135e-01,  1.16322863e+00,  5.68367302e-01, -2.00696564e+00,
         1.87157106e+00,  4.30902004e+00, -1.64063290e-01,  7.40235031e-01,
         9.85206187e-01,  2.68216038e+00, -6.72997236e-01, -1.08009934e-01,
         4.72176933e+00,  1.81390274e+00,  1.27255642e+00,  1.01773608e+00,
        -9.53350961e-01,  9.26398784e-02,  1.98626196e+00,  2.07221842e+00,
         7.25617766e-01,  1.67819929e+00, -6.31795645e-01,  4.56972986e-01,
        -3.68544757e-01, -1.39000201e+00,  6.20416284e-01,  2.31574357e-01,
         1.16706407e+00, -4.13001299e-01,  1.95197850e-01, -1.94907248e-01,
        -7.65768707e-01,  1.12566411e+00,  4.82908547e-01,  2.14156723e+00,
         4.58742321e-01,  4.07628834e-01, -1.41478312e+00,  1.00436196e-01,
         1.79727280e+00,  1.14575183e+00, -1.00063872e+00,  1.69033408e+00,
         1.85564888e+00,  1.48109150e+00,  1.92223370e+00,  4.60358429e+00,
         1.22835112e+00,  1.63468981e+00,  1.28699496e-01, -8.26403916e-01,
         1.61323714e+00, -7.51487255e-01,  2.66104245e+00,  1.66698921e+00,
         1.90505469e+00, -1.19268470e-01,  1.97406507e+00, -1.80007637e+00,
         1.69959664e+00,  2.95891237e+00,  1.93731081e+00,  2.01992288e-01,
         5.12562454e-01, -3.31876338e-01,  1.52994299e+00,  1.51445079e+00,
        -1.48035452e-01,  1.49121380e+00,  3.67803454e-01,  1.02327371e+00,
         8.76734436e-01,  2.37184271e-01,  1.49594820e+00,  3.57580948e+00,
         3.49847221e+00,  3.99051696e-01,  9.62285876e-01,  2.23757315e+00,
        -5.03836572e-01, -7.12950170e-01,  1.93948817e+00,  2.75691986e-01,
        -9.98574257e-01,  1.58937025e+00, -2.41447359e-01,  5.84907830e-01,
         3.33508277e+00,  1.07114673e+00, -1.39052975e+00,  6.76035166e-01,
         2.48526287e+00,  6.25623465e-01,  3.05942178e-01,  1.72201708e-01,
        -1.44147718e+00,  5.19913435e-01,  3.52678746e-02, -5.04816413e-01,
         2.35072994e+00, -1.67303109e+00,  7.41473556e-01,  9.71580029e-01,
         2.80046630e+00, -2.43692470e+00,  2.15155005e+00,  5.10137892e+00,
        -1.02440715e+00, -1.97786793e-01, -7.34699845e-01,  1.39043558e+00,
        -2.53827065e-01,  8.40286613e-01, -7.76182353e-01,  7.86238432e-01,
         8.91969621e-01, -1.31244731e+00,  2.31320190e+00, -1.81365359e+00,
         4.21095657e+00, -2.55343094e-02, -6.31593883e-01, -2.60444403e-01,
        -6.96033061e-01,  2.32742405e+00,  1.80727988e-01, -5.79394281e-01,
        -3.67329091e-01,  1.79091024e+00,  5.81714749e-01,  4.16423827e-01,
        -8.41437340e-01,  1.18201339e+00,  2.90133744e-01, -5.42043269e-01,
         1.08862484e+00,  2.85462618e+00, -8.63718688e-01,  1.14414454e+00,
         2.38448262e-01,  1.06412446e+00,  4.30521578e-01, -3.49990577e-01,
         3.88298035e+00, -4.32096213e-01, -3.06634784e+00,  3.80854681e-03,
         2.61746383e+00,  8.56017351e-01,  1.19542427e-01,  1.42567003e+00,
         2.72893333e+00, -1.74758866e-01, -9.74356711e-01,  1.12488234e+00,
         1.65639734e+00,  9.96561170e-01,  1.12443805e+00,  7.75482282e-02,
         1.63725388e+00, -7.52757072e-01, -7.18163431e-01,  1.81675792e+00,
        -4.74288762e-02,  3.10647774e+00,  6.99068189e-01,  1.89069438e+00,
         2.24206424e+00,  1.78296161e+00,  7.86591709e-01, -1.07671261e+00,
         3.19113433e-01, -6.86180592e-01,  6.55573487e-01,  1.12668350e-01,
         8.35671306e-01,  1.31297410e+00,  1.94962800e+00, -3.49092782e-01,
        -1.74363256e+00,  1.00967121e+00, -2.48968646e-01,  5.70396423e-01,
         1.20252144e+00,  8.30701411e-01, -1.68049037e+00,  1.62263691e+00,
         1.37141633e+00,  1.97731197e+00, -1.08505321e+00, -2.23503843e-01,
         1.51526761e+00, -4.92885932e-02,  9.65229794e-02, -1.36650133e+00,
        -2.24707589e-01,  3.06971145e+00,  7.70486712e-01, -6.11503005e-01,
         1.23944390e+00,  2.46407223e+00,  1.38126493e+00,  1.32749200e+00,
         1.61605299e+00,  1.81636786e+00,  1.25345349e+00,  8.14673528e-02,
         1.45057213e+00,  3.48031282e+00,  2.38309050e+00, -1.23915195e+00,
         4.79008019e-01,  1.60679594e-03,  6.72168493e-01,  1.42557919e+00,
         2.49345112e+00,  2.23291898e+00, -1.60697773e-01,  1.76018727e+00,
         1.98271954e+00,  8.86693150e-02,  2.28864002e+00,  1.92888737e+00,
        -1.45450199e+00,  2.13115120e+00, -6.98062301e-01,  2.42074227e+00,
         2.10558820e+00,  9.43115056e-01, -5.13871312e-01,  1.72631234e-01,
         9.20157969e-01,  1.22283733e+00,  9.88554597e-01, -3.60955000e-02,
        -4.46124166e-01,  1.57872868e+00,  4.38087559e+00,  1.13951576e+00,
         2.39643621e+00, -4.99681026e-01,  3.65727454e-01,  2.22581491e-01,
        -6.70111001e-01,  3.45463252e+00,  5.46071768e-01,  5.03779709e-01,
         9.99670267e-01,  1.07365465e+00,  4.18049049e+00,  9.28806722e-01,
         5.16219079e-01,  6.68838799e-01,  2.02695799e+00,  3.20422173e+00,
         7.52900660e-01, -7.26796329e-01, -2.87765354e-01,  8.15049037e-02,
         1.03305054e+00, -4.12174314e-01, -2.86785752e-01,  1.14625692e+00,
        -1.71308136e+00,  2.96519130e-01,  2.08967447e+00,  3.14934540e+00,
         1.55228674e+00,  1.55305076e+00,  3.68022054e-01,  2.28708196e+00,
        -3.40604246e-01,  3.19939047e-01,  2.39261103e+00,  1.64505792e+00,
        -1.98040438e+00, -6.63174629e-01, -5.59090793e-01,  6.17023051e-01,
         4.90356952e-01, -1.49435163e+00,  1.64707756e+00,  2.46999168e+00,
         1.55403984e+00, -1.18823647e+00, -2.28935197e-01,  2.09261489e+00,
        -1.19115520e+00, -9.14042354e-01,  3.11485738e-01, -1.46196902e+00,
         4.41593170e-01,  5.29695868e-01,  5.88532865e-01, -4.19704951e-02,
         1.92732859e+00, -4.07081962e-01,  6.28882289e-01,  9.55794752e-01,
         3.38333154e+00,  2.52953672e+00,  2.31117105e+00, -1.25032949e+00,
         2.06783128e+00,  2.15827093e-01, -3.72982800e-01,  5.02121162e+00,
         9.86123502e-01, -8.52944851e-01,  3.77316022e+00,  1.05791128e+00,
        -2.31723928e+00, -1.00826703e-01,  1.18899286e-01,  2.03336430e+00,
         7.02140629e-01,  1.41864216e+00,  5.14699280e-01, -1.41991973e+00,
        -1.11501002e+00, -1.17450988e+00, -9.30842459e-01,  7.29447186e-01,
         4.41872501e+00, -8.49615872e-01,  2.01572943e-02, -2.31740475e-01,
         1.94407749e+00, -4.37267512e-01, -2.05299568e+00,  4.93935972e-01,
         1.86001265e+00,  7.56453335e-01,  9.42616343e-01,  1.69571519e+00,
         1.30852604e+00,  2.12085438e+00,  1.38893902e+00,  1.07629347e+00,
        -2.48412445e-01,  2.49029469e+00,  1.39930987e+00, -3.14195961e-01,
        -9.45567012e-01,  1.06569266e+00, -8.27761173e-01,  3.70806128e-01,
         4.65505409e+00,  2.11915302e+00,  3.05725408e+00, -9.07862425e-01,
         1.75920713e+00,  1.96549881e+00,  1.68722975e+00,  8.88622165e-01,
        -2.94741631e-01, -6.62230730e-01,  1.67535222e+00,  7.54926145e-01,
         6.40320826e+00,  7.14114761e+00,  1.09984040e+00,  1.16318151e-01,
         6.50410891e-01, -3.58412750e-02,  1.02493599e-01,  1.52655292e+00,
        -1.84158361e+00, -1.85409427e+00, -5.10256708e-01, -1.31360590e+00,
         3.03067780e+00,  3.01699966e-01,  1.84576616e-01,  7.37032592e-01,
         1.82988679e+00,  3.26200843e+00,  2.19055963e+00, -3.24407548e-01,
        -2.30775332e+00,  1.01166391e+00, -9.65088308e-01, -9.74798143e-01,
        -1.35513687e+00,  6.50148094e-02, -6.31709516e-01, -1.24845886e+00,
        -1.19786882e+00, -2.09636354e+00, -1.04867423e+00, -1.48642862e+00,
        -1.40816939e+00, -1.62405264e+00, -1.30128634e+00, -7.64203906e-01,
        -1.40360522e+00, -1.47656572e+00, -4.43239421e-01, -6.98869586e-01,
        -2.92256713e+00, -9.50027406e-01, -1.89101589e+00, -9.68869090e-01,
         7.63293775e-03,  5.96030593e-01,  5.82679331e-01, -9.84374806e-03,
        -1.71530473e+00, -7.50090063e-01, -2.25781620e-01, -2.03758883e+00,
        -1.97130084e+00, -4.51192588e-01, -6.03069246e-01, -1.89909196e+00,
        -7.14121640e-01, -1.00794089e+00, -5.18595755e-01, -1.14894390e+00,
        -1.39123702e+00, -1.20859087e+00,  2.05953884e+00, -6.42632365e-01,
         9.34415638e-01,  1.60430491e-01, -1.65348053e+00,  1.97071362e+00,
        -2.05894947e+00, -1.59142661e+00,  2.11909801e-01,  7.68145621e-01,
        -2.16592216e+00,  4.59583029e-02,  2.22552419e-01, -2.21490598e+00,
         4.86391902e-01,  2.34269902e-01,  2.07055360e-01, -5.83033800e-01,
        -6.34443015e-02,  4.98140037e-01, -1.84170163e+00, -9.09511745e-02,
        -1.83919024e+00, -3.13575596e-01, -1.42526543e+00, -1.82927644e+00,
        -1.29001915e+00, -3.04936814e+00, -2.71933842e+00, -1.73276091e+00,
        -1.63982940e+00, -2.75440979e+00, -1.69290155e-01,  1.15904212e+00],
       device='cuda:0')
Clean RHS: tensor([[1.01008058]], device='cuda:0')
Split layers:
Nonlinear functions:
   BoundRelu(name=/66, inputs=[/input], perturbed=True)
   BoundRelu(name=/68, inputs=[/input-4], perturbed=True)
   BoundRelu(name=/71, inputs=[/input-12], perturbed=True)
   BoundRelu(name=/73, inputs=[/input-16], perturbed=True)
   BoundRelu(name=/76, inputs=[/input-24], perturbed=True)
   BoundRelu(name=/78, inputs=[/input-28], perturbed=True)
   BoundRelu(name=/80, inputs=[/input-32], perturbed=True)
   BoundRelu(name=/83, inputs=[/input-40], perturbed=True)
   BoundRelu(name=/85, inputs=[/input-44], perturbed=True)
   BoundRelu(name=/87, inputs=[/input-48], perturbed=True)
   BoundRelu(name=/90, inputs=[/input-56], perturbed=True)
   BoundRelu(name=/92, inputs=[/input-60], perturbed=True)
   BoundRelu(name=/94, inputs=[/input-64], perturbed=True)
   BoundRelu(name=/98, inputs=[/input-68], perturbed=True)
   BoundRelu(name=/101, inputs=[/input-72], perturbed=True)
   BoundRelu(name=/input-8/conv_1_relu, inputs=[/input-8/conv_1], perturbed=True)
   BoundRelu(name=/input-8/conv_3_relu, inputs=[/input-8/conv_3], perturbed=True)
   BoundRelu(name=/input-20/conv_1_relu, inputs=[/input-20/conv_1], perturbed=True)
   BoundRelu(name=/input-20/conv_3_relu, inputs=[/input-20/conv_3], perturbed=True)
   BoundRelu(name=/input-36/conv_1_relu, inputs=[/input-36/conv_1], perturbed=True)
   BoundRelu(name=/input-36/conv_3_relu, inputs=[/input-36/conv_3], perturbed=True)
   BoundRelu(name=/input-52/conv_1_relu, inputs=[/input-52/conv_1], perturbed=True)
   BoundRelu(name=/input-52/conv_3_relu, inputs=[/input-52/conv_3], perturbed=True)
   BoundRelu(name=/95/conv_1_relu, inputs=[/95/conv_1], perturbed=True)
   BoundRelu(name=/95/conv_3_relu, inputs=[/95/conv_3], perturbed=True)
Batched CROWN: node BoundConv(name=/input-4, inputs=[/66, /35, /36], perturbed=True), unstable size 36178
Batched CROWN: node BoundConv(name=/input-8/conv_1, inputs=[/68, /input-8/conv_1_w], perturbed=True), unstable size 60020
Batched CROWN: node BoundConv(name=/input-8/conv_3, inputs=[/input-8/add_1_2, /input-8/conv_3_w], perturbed=True), unstable size 17178
Batched CROWN: node BoundConv(name=/input-12, inputs=[/input-8/add_3_4, /37, /38], perturbed=True), unstable size 321239
Batched CROWN: node BoundConv(name=/input-16, inputs=[/71, /39, /40], perturbed=True), unstable size 1501893
Batched CROWN: node BoundConv(name=/input-20/conv_1, inputs=[/73, /input-20/conv_1_w], perturbed=True), unstable size 28897
Batched CROWN: node BoundConv(name=/input-20/conv_3, inputs=[/input-20/add_1_2, /input-20/conv_3_w], perturbed=True), unstable size 13980
Batched CROWN: node BoundConv(name=/input-24, inputs=[/input-20/add_3_4, /41, /42], perturbed=True), unstable size 467674
Batched CROWN: node BoundConv(name=/input-28, inputs=[/76, /43, /44], perturbed=True), unstable size 784155
Batched CROWN: node BoundConv(name=/input-32, inputs=[/78, /45, /46], perturbed=True), unstable size 131397
Batched CROWN: node BoundConv(name=/input-36/conv_1, inputs=[/80, /input-36/conv_1_w], perturbed=True), unstable size 34190
Batched CROWN: node BoundConv(name=/input-36/conv_3, inputs=[/input-36/add_1_2, /input-36/conv_3_w], perturbed=True), unstable size 16947
Batched CROWN: node BoundConv(name=/input-40, inputs=[/input-36/add_3_4, /47, /48], perturbed=True), unstable size 334273
Batched CROWN: node BoundConv(name=/input-44, inputs=[/83, /49, /50], perturbed=True), unstable size 218696
Batched CROWN: node BoundConv(name=/input-48, inputs=[/85, /51, /52], perturbed=True), unstable size 256356
Batched CROWN: node BoundConv(name=/input-52/conv_1, inputs=[/87, /input-52/conv_1_w], perturbed=True), unstable size 5079
Batched CROWN: node BoundConv(name=/input-52/conv_3, inputs=[/input-52/add_1_2, /input-52/conv_3_w], perturbed=True), unstable size 3517
Batched CROWN: node BoundConv(name=/input-56, inputs=[/input-52/add_3_4, /53, /54], perturbed=True), unstable size 81262
Batched CROWN: node BoundConv(name=/input-60, inputs=[/90, /55, /56], perturbed=True), unstable size 97794
Batched CROWN: node BoundConv(name=/input-64, inputs=[/92, /57, /58], perturbed=True), unstable size 97067
Batched CROWN: node BoundConv(name=/95/conv_1, inputs=[/94, /95/conv_1_w], perturbed=True), unstable size 23647
Batched CROWN: node BoundConv(name=/95/conv_3, inputs=[/95/add_1_2, /95/conv_3_w], perturbed=True), unstable size 13164
Batched CROWN: node BoundLinear(name=/input-68, inputs=[/96, /59, /60], perturbed=True), unstable size 4096
Batched CROWN: node BoundLinear(name=/input-72, inputs=[/99, /61, /62], perturbed=True), unstable size 4096
initial crown bounds: tensor([[-9429.81250000]], device='cuda:0')
Number of class (without rhs): 1 ; Worst class: (+ rhs) -9429.8125
Iteration 1
Adv attack time: 1.6140s
Batch size: 1
Current pickout batch: 1, total pickout batch: 1
Batched CROWN: node BoundConv(name=/input-4, inputs=[/66, /35, /36], perturbed=True), unstable size 36178
Batched CROWN: node BoundConv(name=/input-8/conv_1, inputs=[/68, /input-8/conv_1_w], perturbed=True), unstable size 60020
Batched CROWN: node BoundConv(name=/input-8/conv_3, inputs=[/input-8/add_1_2, /input-8/conv_3_w], perturbed=True), unstable size 17178
Batched CROWN: node BoundConv(name=/input-12, inputs=[/input-8/add_3_4, /37, /38], perturbed=True), unstable size 321238
Batched CROWN: node BoundConv(name=/input-16, inputs=[/71, /39, /40], perturbed=True), unstable size 1501892
Batched CROWN: node BoundConv(name=/input-20/conv_1, inputs=[/73, /input-20/conv_1_w], perturbed=True), unstable size 28897
Batched CROWN: node BoundConv(name=/input-20/conv_3, inputs=[/input-20/add_1_2, /input-20/conv_3_w], perturbed=True), unstable size 13980
Batched CROWN: node BoundConv(name=/input-24, inputs=[/input-20/add_3_4, /41, /42], perturbed=True), unstable size 467674
Batched CROWN: node BoundConv(name=/input-28, inputs=[/76, /43, /44], perturbed=True), unstable size 784155
Batched CROWN: node BoundConv(name=/input-32, inputs=[/78, /45, /46], perturbed=True), unstable size 131398
Batched CROWN: node BoundConv(name=/input-36/conv_1, inputs=[/80, /input-36/conv_1_w], perturbed=True), unstable size 34190
Batched CROWN: node BoundConv(name=/input-36/conv_3, inputs=[/input-36/add_1_2, /input-36/conv_3_w], perturbed=True), unstable size 16947
Batched CROWN: node BoundConv(name=/input-40, inputs=[/input-36/add_3_4, /47, /48], perturbed=True), unstable size 334273
Batched CROWN: node BoundConv(name=/input-44, inputs=[/83, /49, /50], perturbed=True), unstable size 218695
Batched CROWN: node BoundConv(name=/input-48, inputs=[/85, /51, /52], perturbed=True), unstable size 256355
Batched CROWN: node BoundConv(name=/input-52/conv_1, inputs=[/87, /input-52/conv_1_w], perturbed=True), unstable size 5080
Batched CROWN: node BoundConv(name=/input-52/conv_3, inputs=[/input-52/add_1_2, /input-52/conv_3_w], perturbed=True), unstable size 3517
Batched CROWN: node BoundConv(name=/input-56, inputs=[/input-52/add_3_4, /53, /54], perturbed=True), unstable size 81260
Batched CROWN: node BoundConv(name=/input-60, inputs=[/90, /55, /56], perturbed=True), unstable size 97794
Batched CROWN: node BoundConv(name=/input-64, inputs=[/92, /57, /58], perturbed=True), unstable size 97067
Batched CROWN: node BoundConv(name=/95/conv_1, inputs=[/94, /95/conv_1_w], perturbed=True), unstable size 23648
Batched CROWN: node BoundConv(name=/95/conv_3, inputs=[/95/add_1_2, /95/conv_3_w], perturbed=True), unstable size 13164
Batched CROWN: node BoundLinear(name=/input-68, inputs=[/96, /59, /60], perturbed=True), unstable size 4096
Batched CROWN: node BoundLinear(name=/input-72, inputs=[/99, /61, /62], perturbed=True), unstable size 4096
Worst bound: tensor([-9429.76757812], device='cuda:0')
Current (lb-rhs): -9429.767578125
Total time: 2516.9109  pickout: 0.0005  split: 0.0010  decision: 0.0003  bounding: 2516.8751  clipping: 0.0000  add_domain: 0.0230  rest: 0.0109
Length of domains: 2
3 branch and bound domains visited
Time out!
Result: timeout
Time: 3843.841559410095
[rank 0] === Checking instance ID 60 ===
[rank 0] >>> Running ID=60 onnx=onnx/vgg16-7.onnx
Configurations:

general:
  device: cuda
  seed: 100
  conv_mode: patches
  deterministic: false
  double_fp: false
  loss_reduction_func: max
  sparse_alpha: true
  sparse_interm: true
  save_adv_example: false
  verify_onnxruntime_output: false
  eval_adv_example: false
  show_adv_example: false
  precompile_jit: false
  prepare_only: false
  complete_verifier: bab
  enable_incomplete_verification: false
  csv_name: instances.csv
  results_file: results/vggnet16_all_p_1/result_60.rank0.txt
  root_path: ../../vnncomp2023_benchmarks/benchmarks/vggnet16
  deterministic_opt: false
  graph_optimizer: 'Customized("custom_graph_optimizer", "maxpool_to_relu")'
  buffer_has_batchdim: false
  save_output: false
  output_file: out.pkl
  return_optimized_model: false
  output_additional_stats: true
  instance_id: 60
  dataset_output_dir: dataset
  min_stable_neurons_ratio_threshold: 0.0
model:
  name: null
  path: null
  onnx_path: /projects/air/dlverifier/vggnet16_all/onnx/vgg16-7.onnx
  onnx_path_prefix: ''
  cache_onnx_conversion: true
  debug_onnx: false
  onnx_quirks: null
  input_shape: null
  onnx_loader: default_onnx_and_vnnlib_loader
  onnx_optimization_flags: []
  onnx_vnnlib_joint_optimization_flags: none
  check_optimized: false
  flatten_final_output: false
  optimize_graph: null
  with_jacobian: false
data:
  start: 0
  end: 10000
  select_instance: null
  num_outputs: 1000
  mean: 0.0
  std: 1.0
  pkl_path: null
  dataset: null
  data_filter_path: null
  data_idx_file: null
specification:
  type: lp
  robustness_type: verified-acc
  norm: .inf
  epsilon: null
  epsilon_min: 0.0
  vnnlib_path: /projects/air/dlverifier/vggnet16_all/vnnlib/n01532829_house_finch_fix_nonmask_seg0_k50176_eps_0.0003.vnnlib
  vnnlib_path_prefix: ''
  rhs_offset: null
solver:
  batch_size: 1
  auto_enlarge_batch_size: false
  min_batch_size_ratio: 0.1
  use_float64_in_last_iteration: false
  early_stop_patience: 10
  start_save_best: 0.5
  bound_prop_method: forward+backward
  init_bound_prop_method: same
  prune_after_crown: false
  optimize_disjuncts_separately: false
  crown:
    batch_size: 16
    max_crown_size: 1000000000
    relu_option: adaptive
  alpha-crown:
    alpha: true
    lr_alpha: 0.1
    iteration: 100
    share_alphas: false
    lr_decay: 0.98
    full_conv_alpha: true
    max_coeff_mul: .inf
    matmul_share_alphas: false
    disable_optimization: []
    max_time: 1.0
  invprop:
    apply_output_constraints_to: []
    tighten_input_bounds: false
    best_of_oc_and_no_oc: false
    directly_optimize: []
    oc_lr: 0.1
    share_gammas: false
  beta-crown:
    lr_alpha: 0.01
    lr_beta: 0.05
    lr_decay: 0.98
    optimizer: adam
    iteration: 10
    beta: true
    beta_warmup: true
    enable_opt_interm_bounds: false
    all_node_split_LP: false
  forward:
    refine: false
    dynamic: true
    max_dim: 100
    reset_threshold: 1.0
  intermediate_refinement:
    enabled: false
    batch_size: 10
    opt_coeffs: false
    opt_bias: false
    lr: 0.05
    layers: [-1]
    max_domains: 1000
  multi_class:
    label_batch_size: 32
    skip_with_refined_bound: true
  mip:
    unstable_neuron_threshold: 0
    parallel_solvers: null
    solver_threads: 1
    refine_neuron_timeout: 15
    refine_neuron_time_percentage: 0.8
    early_stop: true
    adv_warmup: true
    mip_solver: gurobi
    skip_unsafe: false
    topk_filter: 1.0
    sliding_window: -1
    extra_constraint: false
    refine_neuron_timeout_increasement: 0
    timeout_neuron_percentage: 0.3
    remaining_timeout_threshold: 1
    remove_unstable_neurons: true
    lp_solver: false
bab:
  initial_max_domains: 1
  backing_up_max_domain: null
  max_domains: .inf
  decision_thresh: 0
  timeout: 1200.0
  timeout_scale: 1
  max_iterations: -1
  override_timeout: null
  get_upper_bound: false
  pruning_in_iteration: true
  pruning_in_iteration_ratio: 0.2
  sort_targets: false
  batched_domain_list: true
  optimized_interm: ''
  interm_transfer: true
  recompute_interm: false
  sort_domain_interval: -1
  vanilla_crown: false
  tree_traversal: depth_first
  cut:
    enabled: false
    cuts_path: /tmp/abcrown_cuts
    implication: false
    bab_cut: false
    lp_cut: false
    method: null
    lr: 0.01
    lr_decay: 1.0
    iteration: 100
    bab_iteration: -1
    early_stop_patience: -1
    lr_beta: 0.02
    number_cuts: 50
    topk_cuts_in_filter: 1000
    batch_size_primal: 100
    max_num: 1000000000
    patches_cut: false
    cplex_cuts: false
    cplex_cuts_wait: 0
    cplex_cuts_revpickup: true
    cut_reference_bounds: true
    fix_intermediate_bounds: false
    _tmp_cuts: null
    fixed_cuts: false
    add_implied_cuts: false
    add_input_cuts: false
    biccos:
      enabled: false
      constraint_strengthening: true
      recursively_strengthening: false
      drop_ratio: 0.5
      verified_bonus: 0.3
      max_infer_iter: 20
      heuristic: neuron_influence_score
      save_biccos_cuts: false
      multi_tree_branching:
        enabled: false
        restore_best_tree: false
        keep_n_best_domains: 1
        k_splits: 1
        iterations: 1
  branching:
    method: sb
    candidates: 3
    reduceop: min
    enable_intermediate_bound_opt: false
    branching_input_and_activation: false
    branching_input_and_activation_order: [input, relu]
    branching_input_iterations: 30
    branching_relu_iterations: 50
    gnn_path: ''
    neural_heuristic:
      model_path: ''
    rl:
      experiment: general
      eval: false
      extras: []
      logging:
        color: true
        debug: true
        file: rl-experiment.log
      pnet:
        gH: 64
        tH: 64
        nheads: 64
        nlayers: 64
        useDynamicGraph: true
        bidirectional: false
        GAT: true
      training:
        gamma: 0.99
        lr: 0.001
        batchSize: 8
        loop: 8
        totalEpochs: 10
        updatePolicyFrequency: 10
        updateTargetFrequency: 10
        buffer: buffer.pkl
        preparedBuffer: 'False'
        TestingPreparedBuffer: false
        scriptTraining: false
        policynet: policy-checkpoint.pt
        targetnet: target-checkpoint.pt
        datasetShuffle: true
        targetedData: all
        splitRatio: 0.8
        maxInstances: -1
        trainingMode: full
        reward:
          norm: null
          bonus: 10.0
          penalty: -1.0
      egreedy:
        epsilon: 0.1
        epsilonDecay: 0.1
        minEpsilon: 0.1
        ePath: epsilon.pt
        enabled: true
      expert:
        useExpertUntilEpisode: 0.1
        enabled: true
        learnToImitateExpertEpochs: 10
    nonlinear_split:
      method: shortcut
      branching_point_method: uniform
      num_branches: 2
      filter: false
      filter_beta: false
      filter_clamp: false
      filter_batch_size: 10000
      filter_iterations: 25
      relu_only: false
      loose_tanh_threshold: null
      dynamic_bbps: false
      dynamic_options: [uniform, three_left, three_right]
      branching_point_node: ''
      branching_point_db: []
    input_split:
      enable_clip_domains: false
      split_hint: null
      reorder_bab: false
      enable: true
      enhanced_bound_prop_method: alpha-crown
      enhanced_branching_method: naive
      enhanced_bound_patience: 100000000.0
      attack_patience: 100000000.0
      adv_check: 0
      split_partitions: 2
      sb_margin_weight: 1.0
      sb_sum: false
      sb_primary_spec: null
      bf_backup_thresh: -1
      bf_rhs_offset: 0
      bf_iters: 1000000000.0
      bf_batch_size: 100000
      bf_zero_crossing_score: false
      touch_zero_score: 0
      ibp_enhancement: false
      catch_assertion: false
      compare_with_old_bounds: false
      update_rhs_with_attack: false
      sb_coeff_thresh: 0.001
      sort_index: null
      sort_descending: true
      show_progress: false
      presplit_domains: null
      skip_getting_worst_domain: false
  attack:
    enabled: false
    beam_candidates: 8
    beam_depth: 7
    max_dive_fix_ratio: 0.8
    min_local_free_ratio: 0.2
    mip_start_iteration: 5
    mip_timeout: 30.0
    adv_pool_threshold: null
    refined_mip_attacker: false
    refined_batch_size: null
attack:
  pgd_order: input_bab
  pgd_steps: 100
  pgd_restarts: 30
  pgd_batch_size: 100000000
  pgd_early_stop: true
  pgd_lr_decay: 0.99
  pgd_alpha: auto
  pgd_alpha_scale: false
  pgd_loss_mode: null
  pgd_restart_when_stuck: false
  enable_mip_attack: false
  adv_saver: default_adv_saver
  adv_verifier: default_adv_verifier
  early_stop_condition: default_early_stop_condition
  adv_example_finalizer: default_adv_example_finalizer
  pgd_loss: default_pgd_loss
  cex_path: ./test_cex.txt
  attack_mode: PGD
  attack_tolerance: 0.0
  attack_func: attack_with_general_specs
  gama_lambda: 10.0
  gama_decay: 0.9
  check_clean: true
  input_split:
    pgd_steps: 100
    pgd_restarts: 30
    pgd_alpha: auto
  input_split_enhanced:
    pgd_steps: 200
    pgd_restarts: 500000
    pgd_alpha: auto
  input_split_check_adv:
    enabled: auto
    pgd_steps: 5
    pgd_restarts: 5
    pgd_alpha: auto
    max_num_domains: 10
debug:
  sanity_check: Full+Graph
  view_model: false
  lp_test: null
  rescale_vnnlib_ptb: null
  test_optimized_bounds: false
  test_optimized_bounds_after_n_iterations: 0
  print_verbose_decisions: false

Experiments at Fri Feb 20 06:49:54 2026 on d1028
Internal results will be saved to results/vggnet16_all_p_1/result_60.rank0.txt.

[ZRL] %%%%%%%%%%%%%%%%%%%%%%%%%%%%%%%%%%% idx: 0, vnnlib ID: 0 %%%%%%%%%%%%%%%%%%%%%%%%%%%%%%%%%%%
Using onnx /projects/air/dlverifier/vggnet16_all/onnx/vgg16-7.onnx
Using vnnlib /projects/air/dlverifier/vggnet16_all/vnnlib/n01532829_house_finch_fix_nonmask_seg0_k50176_eps_0.0003.vnnlib
150528 inputs and 1000 outputs in vnnlib
Loading cached onnx model from /projects/air/dlverifier/vggnet16_all/onnx/vgg16-7.onnx.cached
Cannot read cached onnx file. Regenerating...
Loading onnx /projects/air/dlverifier/vggnet16_all/onnx/vgg16-7.onnx with quirks {}
Finished onnx model loading in 35.9494 seconds
Number of perturbed inputs: 106104
WARNING: prioritizing attack due to too many perturbed pixels on VGG
Setting arguments.Config["attack"]["pgd_order"] to "before"
Setting bound_prop_method to crown
Attack parameters: initialization=uniform, steps=100, restarts=30, alpha=7.500126957893372e-05, initialization=uniform, GAMA=False
Model output of first 5 examples:
 tensor([[-9.84179735e-01,  1.78342223e+00, -1.65947032e+00, -2.14096689e+00,
         -1.46826649e+00,  1.75357819e-01, -7.30330765e-01, -1.95730090e+00,
         -1.85451174e+00, -1.51710165e+00, -1.35815775e+00, -4.11743581e-01,
         -3.48076820e-01, -1.24723291e+00, -9.21049491e-02,  3.43293063e-02,
         -9.35704112e-01, -1.47425973e+00, -6.55720413e-01, -1.00309432e+00,
         -1.09267509e+00, -8.29576969e-01, -1.46691218e-01, -1.36786723e+00,
         -7.48240650e-01, -1.42012167e+00, -3.19098353e-01, -1.08758259e+00,
         -1.25191283e+00,  1.99973598e-01, -1.85585511e+00,  5.51505089e-02,
         -1.32559168e+00, -2.10358357e+00, -1.54572606e+00, -1.48802161e+00,
          9.04216647e-01, -1.97223949e+00, -1.92081630e-01, -1.61068130e+00,
          1.90654367e-01, -1.71016526e+00, -1.92022860e+00, -1.09539115e+00,
         -9.80162084e-01, -1.17258871e+00,  2.22642079e-01, -1.19960856e+00,
         -2.18232632e+00, -3.94300610e-01,  2.84640789e-01, -2.56644034e+00,
         -2.85980195e-01,  5.81211969e-02, -8.72064352e-01, -1.64797652e+00,
         -7.23807454e-01, -1.83492041e+00, -1.37307316e-01, -2.69149095e-01,
         -3.29178900e-01, -1.16626072e+00, -1.40062356e+00,  1.56723455e-01,
         -4.76025641e-01, -6.41690910e-01, -9.29536283e-01, -4.32161152e-01,
         -1.52156878e+00, -1.94049394e+00, -2.20292509e-01,  2.68676668e-01,
          3.59950930e-01,  1.65134096e+00,  6.76981568e-01,  1.08223009e+00,
          2.96893656e-01,  1.31411254e+00,  5.01041830e-01,  1.50668132e+00,
         -4.22045216e-02, -2.40017581e+00, -1.39452422e+00, -1.67768073e+00,
         -7.95280576e-01, -9.53929424e-01, -1.85696065e+00,  1.51353419e-01,
          2.76782960e-01, -1.22894180e+00, -5.86132109e-01, -1.05233431e+00,
         -2.65643746e-01, -3.53370965e-01,  4.24528062e-01, -1.98340809e+00,
          5.25771305e-02, -9.90075111e-01,  7.76343286e-01, -9.13083851e-01,
          4.94704604e-01, -1.68907261e+00, -1.89087951e+00,  1.25118327e+00,
         -1.92908978e+00, -2.49308228e+00, -1.50275779e+00, -2.42326662e-01,
         -1.03368521e+00, -1.87273896e+00, -4.42556232e-01,  2.27978230e+00,
         -6.48752630e-01, -1.11642919e-01, -6.44071400e-01, -1.93520951e+00,
         -1.67195356e+00, -4.67197336e-02, -1.01222706e+00, -2.35374618e+00,
         -2.12307334e+00, -1.83236563e+00, -1.55440617e+00, -2.71769214e+00,
         -1.97087383e+00, -1.87859988e+00,  7.28727132e-03, -5.18511117e-01,
          6.05573952e-01,  6.46344960e-01,  3.01247120e-01, -4.93055493e-01,
          6.31472409e-01, -7.01597571e-01,  2.76551060e-02, -5.45125067e-01,
         -9.13617492e-01,  2.97920346e-01, -1.26598108e+00, -2.03704786e+00,
         -2.24849796e+00,  3.26018512e-01, -5.68455935e-01, -8.08636785e-01,
         -8.53751123e-01, -1.43158591e+00, -2.34047937e+00, -2.32631620e-02,
         -1.72823668e-01, -7.29910553e-01, -1.70270526e+00, -8.67136717e-02,
         -1.21072590e+00, -9.87779424e-02, -5.47587633e-01, -8.18097949e-01,
         -8.95358086e-01, -4.11435962e-01, -1.26179111e+00, -9.55665886e-01,
         -1.21479046e+00, -2.86848366e-01,  2.01180354e-01, -8.96535456e-01,
         -8.20753455e-01, -6.18011713e-01, -1.08340228e+00, -1.16084111e+00,
         -2.39506423e-01, -1.02929831e+00, -9.63734567e-01, -7.28976250e-01,
         -1.10617673e+00, -9.81244862e-01, -1.22732258e+00, -1.03896976e+00,
         -1.60110235e+00, -5.56433320e-01,  7.03201070e-03, -1.50798476e+00,
         -1.87544215e+00, -4.22066212e-01, -2.13078320e-01, -7.68752933e-01,
         -4.34503630e-02, -3.20469230e-01, -3.28676850e-01,  1.49168205e-02,
         -1.14830422e+00, -1.36155665e+00, -8.37881148e-01,  9.98913571e-02,
         -6.38175309e-01, -1.01736867e+00, -9.89218712e-01,  4.86058623e-01,
         -7.77579546e-01, -1.35537744e+00, -1.61660540e+00, -1.28801048e-01,
         -8.46764982e-01, -9.26899076e-01, -6.92141950e-01,  7.44026065e-01,
         -3.55130464e-01, -7.87143111e-01, -1.13184059e+00, -5.21467626e-01,
         -9.04965639e-01, -6.60465360e-01, -1.76459551e+00, -5.14155865e-01,
         -5.10443747e-01, -8.00164223e-01, -1.01588511e+00, -6.63088024e-01,
         -1.02215278e+00, -2.89844245e-01, -7.69215345e-01, -8.95132124e-01,
         -5.68263173e-01, -2.06499696e-01, -8.07121456e-01,  2.43256927e-01,
          1.51860282e-01, -1.29464364e+00, -1.02105057e+00, -1.16126335e+00,
         -1.17796373e+00, -1.71879366e-01, -1.22657669e+00, -7.30602801e-01,
         -5.63727498e-01, -7.54775107e-01, -4.18908536e-01, -5.66245019e-01,
         -8.64896536e-01, -4.42822903e-01, -1.11138535e+00, -2.14345813e-01,
         -5.59262216e-01, -8.22266281e-01, -2.23167479e-01, -1.89354658e+00,
         -8.99703145e-01, -4.81627464e-01, -1.70389783e+00, -6.22510552e-01,
         -4.69709009e-01, -2.43944243e-01, -7.21925020e-01, -9.69573200e-01,
         -2.74505198e-01, -3.10767531e-01,  6.22894645e-01, -1.49608696e+00,
         -1.10925066e+00, -2.16424733e-01, -5.36130786e-01,  2.22713068e-01,
          3.68295945e-02, -1.00291169e+00, -1.17892170e+00, -5.70672035e-01,
         -7.98855960e-01,  1.95634589e-01, -8.73933434e-01, -7.58075118e-01,
         -1.90767002e+00, -2.35327423e-01, -7.64066815e-01, -3.24603200e-01,
         -1.02518372e-01, -5.13317063e-02, -8.97715449e-01, -8.08239758e-01,
         -9.25433695e-01,  2.72335112e-01, -8.87398243e-01, -5.91075197e-02,
         -4.10519689e-01,  8.49178195e-01,  9.81223643e-01,  1.73738968e+00,
          1.66868854e+00,  4.53346133e-01, -1.29703677e+00, -8.00797403e-01,
         -1.08273244e+00, -1.71230745e+00, -1.26060498e+00, -1.10350955e+00,
         -8.56840014e-01, -3.84237051e-01, -1.40661705e+00, -1.06898189e+00,
          3.95612009e-02, -1.24818981e+00, -2.00576544e+00, -1.01715946e+00,
         -1.91181624e+00, -9.16885734e-02, -3.43428671e-01, -6.23639762e-01,
         -1.28230977e+00, -2.09697819e+00, -1.58627197e-01, -5.83400965e-01,
         -7.35541061e-02, -7.23723173e-01,  1.35620356e+00, -4.92354631e-02,
         -6.07966363e-01,  1.19331419e+00,  9.64934289e-01,  2.52665997e-01,
         -9.95524526e-01, -1.53694761e+00,  4.51593667e-01,  5.77102423e-01,
          7.54733458e-02, -2.05622768e+00, -1.99010324e+00, -1.31786907e+00,
         -1.96652174e+00, -2.36415982e+00, -1.96841609e+00, -1.19827390e+00,
         -1.73125124e+00, -2.18006659e+00, -6.61818564e-01,  1.43195957e-01,
          7.15379775e-01, -7.88372457e-02, -6.12542450e-01, -1.07127106e+00,
         -2.47646904e+00,  8.69410634e-01,  6.27952963e-02, -1.67317426e+00,
         -1.06954515e+00, -1.18992984e+00, -1.79125130e+00, -1.90669322e+00,
         -1.01909721e+00, -1.65675247e+00, -1.35068917e+00, -1.09585571e+00,
         -3.02012253e+00, -2.24648333e+00, -2.48246789e+00, -1.79125273e+00,
         -1.67361295e+00, -1.43388963e+00, -1.46207869e+00, -1.81474638e+00,
         -2.57706046e-01, -4.62707192e-01, -4.27518860e-02, -3.04025471e-01,
         -6.20721042e-01,  4.27213013e-01, -8.63239169e-04, -8.29969227e-01,
         -2.01806426e+00, -9.97701764e-01, -1.43772197e+00, -1.20638978e+00,
         -1.04446614e+00, -1.49048638e+00, -1.12033379e+00, -1.94787836e+00,
         -1.22895026e+00, -1.15358293e+00, -9.97431457e-01, -1.83699143e+00,
         -6.39065981e-01, -7.31127381e-01, -5.96474707e-01, -1.69887626e+00,
         -6.18547201e-01, -1.31479561e+00, -9.22178209e-01, -1.15892482e+00,
         -9.92899776e-01, -1.17045319e+00, -1.53362632e+00, -1.45824540e+00,
         -1.90452635e+00, -2.70893812e-01, -1.32443821e+00, -6.28152549e-01,
         -6.00157201e-01, -1.84754705e+00, -8.49028885e-01,  2.16382951e-01,
         -1.94336450e+00, -1.82412338e+00,  4.62197661e-01,  6.70012534e-01,
         -5.70575356e-01,  9.33291018e-01,  5.96259832e-01, -8.78953993e-01,
         -4.20699120e-02,  1.21657658e+00,  6.87496364e-02,  1.43430114e-01,
         -1.57139087e+00,  3.52404642e+00, -9.74594593e-01,  1.99200761e+00,
          4.35038656e-01,  1.03818166e+00,  1.04173946e+00, -3.87082756e-01,
          2.41149855e+00,  1.27000439e+00,  2.82400274e+00,  1.54482067e+00,
          4.09393281e-01,  9.65173423e-01,  2.42918096e-02, -5.69785684e-02,
          7.08634794e-01,  8.33526254e-01,  1.68773735e+00, -6.34775162e-01,
         -3.34308296e-01, -3.06494534e-01, -8.08157265e-01, -6.66040480e-02,
          7.39578664e-01,  8.70606601e-01,  8.96446764e-01,  2.12892437e+00,
         -1.48727998e-01, -9.17002559e-02,  1.93970478e+00,  4.28118229e-01,
          7.67522752e-02,  1.69035459e+00,  3.09108883e-01,  1.76513612e+00,
         -7.00287819e-01, -4.77979243e-01,  4.22877979e+00,  3.34911525e-01,
          1.95804805e-01,  1.13521850e+00, -7.14891493e-01,  5.70790410e-01,
         -7.06547737e-01,  1.23246264e+00, -9.20325875e-01,  2.49449134e-01,
          1.35365093e+00,  7.07102060e-01, -1.42650038e-01,  6.76509976e-01,
         -1.87635231e+00,  1.03469610e-01,  2.53869772e+00,  4.48995829e-03,
          1.36008513e+00,  1.46578860e+00, -6.56728148e-01, -1.82629597e+00,
          5.40014625e-01,  1.74414262e-01,  1.34952414e+00, -1.33045411e+00,
          4.83301967e-01,  1.12123060e+00, -1.01831007e+00,  1.54522371e+00,
          1.16891965e-01,  5.63193917e-01,  9.84890044e-01, -3.59841377e-01,
          3.33706260e+00,  2.33429766e+00,  1.69915712e+00, -1.06626356e+00,
         -1.06661308e+00,  2.09804010e+00,  8.49857211e-01,  2.72363806e+00,
          3.18083555e-01, -5.36515355e-01,  1.95507392e-01, -3.11295658e-01,
          1.66514683e+00,  1.74765038e+00,  1.91638041e+00,  1.25421369e+00,
          3.69787842e-01,  3.47614706e-01,  1.48121369e+00,  3.07606268e+00,
         -2.40834403e+00, -1.38275757e-01, -9.26618040e-01,  7.32282043e-01,
          1.21207750e+00,  5.31943679e-01, -1.35161364e+00,  1.75866520e+00,
          1.76196563e+00, -1.53408337e+00, -4.32997465e-01, -1.90805629e-01,
          7.49518335e-01, -2.09819481e-01, -1.01578772e+00, -8.69624674e-01,
         -1.23460579e+00,  4.72366363e-01,  5.25724769e-01,  2.51287818e-01,
          6.51505738e-02,  5.27286768e-01, -7.04173625e-01,  4.40302432e-01,
         -5.04521847e-01, -1.53923905e+00,  1.73006248e+00,  2.50102592e+00,
          6.06544614e-01,  4.49975908e-01,  3.50532603e+00,  1.93121672e+00,
          1.15774715e+00,  7.64062166e-01,  3.11183000e+00, -1.41371274e+00,
         -1.17983139e+00, -1.17051351e+00, -1.23572409e-01,  3.32513762e+00,
         -2.36511350e-01, -9.56264138e-01,  2.13560057e+00,  1.06487826e-01,
         -5.84333420e-01,  1.16322839e+00,  5.68367302e-01, -2.00696564e+00,
          1.87157130e+00,  4.30902004e+00, -1.64063394e-01,  7.40234733e-01,
          9.85205650e-01,  2.68216038e+00, -6.72996998e-01, -1.08009584e-01,
          4.72177029e+00,  1.81390309e+00,  1.27255642e+00,  1.01773632e+00,
         -9.53351319e-01,  9.26401168e-02,  1.98626268e+00,  2.07221866e+00,
          7.25618005e-01,  1.67820001e+00, -6.31796181e-01,  4.56973225e-01,
         -3.68544936e-01, -1.39000189e+00,  6.20415926e-01,  2.31574088e-01,
          1.16706443e+00, -4.13001031e-01,  1.95197195e-01, -1.94906697e-01,
         -7.65768528e-01,  1.12566435e+00,  4.82908189e-01,  2.14156795e+00,
          4.58743095e-01,  4.07628894e-01, -1.41478252e+00,  1.00435808e-01,
          1.79727232e+00,  1.14575136e+00, -1.00063860e+00,  1.69033349e+00,
          1.85564888e+00,  1.48109102e+00,  1.92223370e+00,  4.60358477e+00,
          1.22835064e+00,  1.63468945e+00,  1.28699332e-01, -8.26404035e-01,
          1.61323655e+00, -7.51487613e-01,  2.66104317e+00,  1.66698909e+00,
          1.90505445e+00, -1.19268961e-01,  1.97406518e+00, -1.80007625e+00,
          1.69959593e+00,  2.95891213e+00,  1.93731081e+00,  2.01992601e-01,
          5.12562335e-01, -3.31875771e-01,  1.52994227e+00,  1.51445103e+00,
         -1.48035213e-01,  1.49121368e+00,  3.67803216e-01,  1.02327335e+00,
          8.76733959e-01,  2.37183988e-01,  1.49594808e+00,  3.57580996e+00,
          3.49847245e+00,  3.99051607e-01,  9.62285757e-01,  2.23757291e+00,
         -5.03836811e-01, -7.12949812e-01,  1.93948817e+00,  2.75692463e-01,
         -9.98573899e-01,  1.58937001e+00, -2.41447479e-01,  5.84907413e-01,
          3.33508301e+00,  1.07114661e+00, -1.39052951e+00,  6.76034987e-01,
          2.48526287e+00,  6.25623226e-01,  3.05941731e-01,  1.72201365e-01,
         -1.44147718e+00,  5.19912899e-01,  3.52680609e-02, -5.04817069e-01,
          2.35072994e+00, -1.67303157e+00,  7.41473794e-01,  9.71579969e-01,
          2.80046582e+00, -2.43692493e+00,  2.15154958e+00,  5.10137987e+00,
         -1.02440715e+00, -1.97786286e-01, -7.34699368e-01,  1.39043558e+00,
         -2.53826678e-01,  8.40286732e-01, -7.76183069e-01,  7.86238551e-01,
          8.91970217e-01, -1.31244695e+00,  2.31320190e+00, -1.81365371e+00,
          4.21095705e+00, -2.55340710e-02, -6.31594121e-01, -2.60444760e-01,
         -6.96032882e-01,  2.32742453e+00,  1.80728018e-01, -5.79394162e-01,
         -3.67328912e-01,  1.79091024e+00,  5.81714630e-01,  4.16424006e-01,
         -8.41437876e-01,  1.18201268e+00,  2.90133566e-01, -5.42044103e-01,
          1.08862436e+00,  2.85462642e+00, -8.63718688e-01,  1.14414418e+00,
          2.38448068e-01,  1.06412446e+00,  4.30521429e-01, -3.49990219e-01,
          3.88298059e+00, -4.32096690e-01, -3.06634784e+00,  3.80827114e-03,
          2.61746335e+00,  8.56017172e-01,  1.19542502e-01,  1.42566967e+00,
          2.72893286e+00, -1.74759194e-01, -9.74356413e-01,  1.12488210e+00,
          1.65639699e+00,  9.96560931e-01,  1.12443781e+00,  7.75487050e-02,
          1.63725412e+00, -7.52756953e-01, -7.18162835e-01,  1.81675756e+00,
         -4.74289358e-02,  3.10647750e+00,  6.99067593e-01,  1.89069390e+00,
          2.24206471e+00,  1.78296161e+00,  7.86590993e-01, -1.07671320e+00,
          3.19113672e-01, -6.86180472e-01,  6.55574024e-01,  1.12667680e-01,
          8.35671186e-01,  1.31297386e+00,  1.94962740e+00, -3.49093467e-01,
         -1.74363256e+00,  1.00967121e+00, -2.48969123e-01,  5.70397079e-01,
          1.20252097e+00,  8.30701709e-01, -1.68049061e+00,  1.62263644e+00,
          1.37141633e+00,  1.97731197e+00, -1.08505309e+00, -2.23504454e-01,
          1.51526749e+00, -4.92888317e-02,  9.65233669e-02, -1.36650133e+00,
         -2.24708021e-01,  3.06971145e+00,  7.70486474e-01, -6.11503005e-01,
          1.23944378e+00,  2.46407270e+00,  1.38126493e+00,  1.32749188e+00,
          1.61605263e+00,  1.81636739e+00,  1.25345349e+00,  8.14677700e-02,
          1.45057178e+00,  3.48031330e+00,  2.38309050e+00, -1.23915184e+00,
          4.79008585e-01,  1.60754099e-03,  6.72168493e-01,  1.42557931e+00,
          2.49345112e+00,  2.23291874e+00, -1.60697058e-01,  1.76018679e+00,
          1.98271942e+00,  8.86692554e-02,  2.28864098e+00,  1.92888689e+00,
         -1.45450234e+00,  2.13115072e+00, -6.98062658e-01,  2.42074227e+00,
          2.10558796e+00,  9.43115234e-01, -5.13871610e-01,  1.72631070e-01,
          9.20157731e-01,  1.22283709e+00,  9.88554239e-01, -3.60952020e-02,
         -4.46123809e-01,  1.57872880e+00,  4.38087559e+00,  1.13951516e+00,
          2.39643550e+00, -4.99681324e-01,  3.65727246e-01,  2.22580940e-01,
         -6.70111001e-01,  3.45463300e+00,  5.46072066e-01,  5.03780127e-01,
          9.99669790e-01,  1.07365417e+00,  4.18049097e+00,  9.28805888e-01,
          5.16218722e-01,  6.68838859e-01,  2.02695751e+00,  3.20422244e+00,
          7.52900541e-01, -7.26796448e-01, -2.87765384e-01,  8.15051422e-02,
          1.03305042e+00, -4.12174821e-01, -2.86786526e-01,  1.14625692e+00,
         -1.71308184e+00,  2.96519279e-01,  2.08967471e+00,  3.14934564e+00,
          1.55228698e+00,  1.55305052e+00,  3.68022412e-01,  2.28708220e+00,
         -3.40604901e-01,  3.19939405e-01,  2.39261127e+00,  1.64505863e+00,
         -1.98040450e+00, -6.63174331e-01, -5.59090614e-01,  6.17022812e-01,
          4.90356624e-01, -1.49435127e+00,  1.64707720e+00,  2.46999264e+00,
          1.55403972e+00, -1.18823612e+00, -2.28935063e-01,  2.09261513e+00,
         -1.19115531e+00, -9.14042115e-01,  3.11485767e-01, -1.46196914e+00,
          4.41592932e-01,  5.29695868e-01,  5.88532627e-01, -4.19700481e-02,
          1.92732811e+00, -4.07082468e-01,  6.28882229e-01,  9.55794811e-01,
          3.38333106e+00,  2.52953672e+00,  2.31117105e+00, -1.25032926e+00,
          2.06783128e+00,  2.15827331e-01, -3.72983336e-01,  5.02121162e+00,
          9.86123383e-01, -8.52944613e-01,  3.77316117e+00,  1.05791092e+00,
         -2.31723976e+00, -1.00827098e-01,  1.18899733e-01,  2.03336477e+00,
          7.02140749e-01,  1.41864240e+00,  5.14699578e-01, -1.41991997e+00,
         -1.11500990e+00, -1.17451012e+00, -9.30842280e-01,  7.29447722e-01,
          4.41872597e+00, -8.49616110e-01,  2.01576371e-02, -2.31740221e-01,
          1.94407737e+00, -4.37267423e-01, -2.05299568e+00,  4.93935615e-01,
          1.86001313e+00,  7.56453335e-01,  9.42616403e-01,  1.69571507e+00,
          1.30852675e+00,  2.12085485e+00,  1.38893902e+00,  1.07629335e+00,
         -2.48411953e-01,  2.49029446e+00,  1.39930975e+00, -3.14196378e-01,
         -9.45566595e-01,  1.06569314e+00, -8.27761650e-01,  3.70806307e-01,
          4.65505362e+00,  2.11915255e+00,  3.05725384e+00, -9.07862544e-01,
          1.75920737e+00,  1.96549904e+00,  1.68722975e+00,  8.88622284e-01,
         -2.94741392e-01, -6.62230849e-01,  1.67535174e+00,  7.54925787e-01,
          6.40320921e+00,  7.14114904e+00,  1.09983981e+00,  1.16318226e-01,
          6.50411248e-01, -3.58408131e-02,  1.02493182e-01,  1.52655232e+00,
         -1.84158349e+00, -1.85409427e+00, -5.10256529e-01, -1.31360543e+00,
          3.03067780e+00,  3.01699489e-01,  1.84576541e-01,  7.37032533e-01,
          1.82988691e+00,  3.26200843e+00,  2.19056010e+00, -3.24407250e-01,
         -2.30775332e+00,  1.01166439e+00, -9.65087593e-01, -9.74797785e-01,
         -1.35513735e+00,  6.50143474e-02, -6.31709456e-01, -1.24845862e+00,
         -1.19786906e+00, -2.09636354e+00, -1.04867411e+00, -1.48642862e+00,
         -1.40816939e+00, -1.62405276e+00, -1.30128658e+00, -7.64203966e-01,
         -1.40360546e+00, -1.47656572e+00, -4.43239659e-01, -6.98869824e-01,
         -2.92256761e+00, -9.50027823e-01, -1.89101636e+00, -9.68868911e-01,
          7.63262482e-03,  5.96030593e-01,  5.82679391e-01, -9.84398648e-03,
         -1.71530509e+00, -7.50090301e-01, -2.25781769e-01, -2.03758931e+00,
         -1.97130132e+00, -4.51193184e-01, -6.03069067e-01, -1.89909208e+00,
         -7.14121282e-01, -1.00794101e+00, -5.18595338e-01, -1.14894354e+00,
         -1.39123690e+00, -1.20859110e+00,  2.05953956e+00, -6.42632246e-01,
          9.34415638e-01,  1.60430580e-01, -1.65348053e+00,  1.97071350e+00,
         -2.05894923e+00, -1.59142649e+00,  2.11909980e-01,  7.68146276e-01,
         -2.16592193e+00,  4.59585413e-02,  2.22552836e-01, -2.21490574e+00,
          4.86392289e-01,  2.34269798e-01,  2.07055688e-01, -5.83033860e-01,
         -6.34444803e-02,  4.98140275e-01, -1.84170175e+00, -9.09508467e-02,
         -1.83919036e+00, -3.13575953e-01, -1.42526555e+00, -1.82927644e+00,
         -1.29001892e+00, -3.04936862e+00, -2.71933866e+00, -1.73276091e+00,
         -1.63982904e+00, -2.75441003e+00, -1.69289857e-01,  1.15904188e+00]],
       device='cuda:0')
Adv example prediction (first 2 examples and 2 restarts):
 tensor([[[-1.03010046e+00,  1.65994263e+00, -1.67117333e+00, -2.13198161e+00,
          -1.49426877e+00,  1.72204584e-01, -7.97850728e-01, -1.96188104e+00,
          -1.87506485e+00, -1.52274275e+00, -1.30296803e+00, -4.23819929e-01,
          -4.14108753e-01, -1.25908351e+00, -1.42953873e-01,  9.07918811e-03,
          -9.43843782e-01, -1.49524581e+00, -6.65253580e-01, -1.01515758e+00,
          -1.09437776e+00, -8.28886032e-01, -1.65209487e-01, -1.38322270e+00,
          -7.24612117e-01, -1.38399112e+00, -3.06835890e-01, -1.10192490e+00,
          -1.22829771e+00,  1.73070237e-01, -1.86205840e+00,  4.63045835e-02,
          -1.31178486e+00, -2.11344719e+00, -1.54067898e+00, -1.51741493e+00,
           8.29178929e-01, -1.99980545e+00, -1.62144095e-01, -1.62550271e+00,
           1.41215771e-01, -1.67872632e+00, -1.88532484e+00, -1.05144858e+00,
          -9.51888740e-01, -1.12316263e+00,  1.70999035e-01, -1.16393745e+00,
          -2.16934538e+00, -4.55129236e-01,  1.91513568e-01, -2.48288274e+00,
          -2.65199989e-01,  2.82014105e-02, -8.55900764e-01, -1.63386035e+00,
          -7.17509210e-01, -1.80852294e+00, -1.96346089e-01, -2.25657701e-01,
          -3.37542117e-01, -1.15187359e+00, -1.35702491e+00,  1.87071338e-01,
          -4.34457541e-01, -6.36495590e-01, -8.53015721e-01, -4.49402511e-01,
          -1.42191744e+00, -1.87671697e+00, -2.14579999e-01,  2.69302160e-01,
           3.75834525e-01,  1.69022214e+00,  6.77529216e-01,  1.12982154e+00,
           2.96044409e-01,  1.30941927e+00,  5.36138952e-01,  1.48693860e+00,
           5.03591448e-03, -2.33209062e+00, -1.37076175e+00, -1.62955952e+00,
          -8.19296718e-01, -9.56077993e-01, -1.84209859e+00,  1.25859186e-01,
           1.96015432e-01, -1.25134087e+00, -6.41058266e-01, -1.07380879e+00,
          -2.84769088e-01, -4.00246084e-01,  3.55014950e-01, -1.93629014e+00,
          -1.48235466e-02, -1.06316805e+00,  7.49171197e-01, -9.73981857e-01,
           4.05183554e-01, -1.68053770e+00, -1.85987556e+00,  1.22040308e+00,
          -1.89744425e+00, -2.47232819e+00, -1.47422338e+00, -3.19408447e-01,
          -1.08643818e+00, -1.87149906e+00, -4.68933761e-01,  2.33646369e+00,
          -6.70913219e-01, -1.21503703e-01, -6.53235972e-01, -1.96836746e+00,
          -1.66280186e+00, -2.15372816e-03, -1.05125690e+00, -2.36107230e+00,
          -2.11671686e+00, -1.82924306e+00, -1.56678665e+00, -2.72290134e+00,
          -2.00888658e+00, -1.89525294e+00,  7.27141649e-03, -5.49318254e-01,
           5.78935802e-01,  5.34394741e-01,  1.76189318e-01, -5.68417966e-01,
           5.40734768e-01, -7.33094335e-01, -6.35950565e-02, -5.69628239e-01,
          -9.87525880e-01,  2.20634460e-01, -1.25875461e+00, -2.03186083e+00,
          -2.25465393e+00,  2.53679961e-01, -5.89815974e-01, -8.44126701e-01,
          -9.19112623e-01, -1.42017996e+00, -2.28336334e+00, -2.98245531e-02,
          -1.69855267e-01, -7.30701983e-01, -1.72639525e+00, -7.70382285e-02,
          -1.15866363e+00, -8.45051482e-02, -5.01607060e-01, -7.96540856e-01,
          -8.99969459e-01, -3.93240154e-01, -1.22227108e+00, -9.42214608e-01,
          -1.19239318e+00, -2.90203333e-01,  1.86194643e-01, -8.95593166e-01,
          -7.93433368e-01, -5.91902375e-01, -1.04703248e+00, -1.09141922e+00,
          -2.40937769e-01, -1.03126228e+00, -9.62586224e-01, -7.26202667e-01,
          -1.11602199e+00, -9.82678235e-01, -1.20527232e+00, -1.00861287e+00,
          -1.59378147e+00, -5.63249052e-01, -1.89134441e-02, -1.48067415e+00,
          -1.85862255e+00, -3.97544801e-01, -2.25893259e-01, -7.46286333e-01,
          -5.65957204e-02, -3.43186945e-01, -3.44389349e-01,  1.37493070e-02,
          -1.10680354e+00, -1.36123323e+00, -7.72914469e-01,  8.35759565e-02,
          -6.61953092e-01, -1.03204107e+00, -9.35318768e-01,  4.73573208e-01,
          -7.77905047e-01, -1.32980549e+00, -1.59517467e+00, -1.29818395e-01,
          -8.09192598e-01, -9.38157797e-01, -6.67937756e-01,  7.00429499e-01,
          -3.53066027e-01, -8.16088796e-01, -1.11115432e+00, -5.51599801e-01,
          -9.23428297e-01, -6.69422925e-01, -1.72313488e+00, -5.36076128e-01,
          -5.42398155e-01, -8.39233041e-01, -1.00680554e+00, -6.97901189e-01,
          -1.01870394e+00, -3.12610000e-01, -8.04596901e-01, -9.03837323e-01,
          -5.61036408e-01, -1.84369609e-01, -7.96200573e-01,  2.25712091e-01,
           1.37167588e-01, -1.29403162e+00, -1.02099264e+00, -1.16092145e+00,
          -1.13050222e+00, -1.47556677e-01, -1.21590722e+00, -7.31169462e-01,
          -5.86793363e-01, -7.66178429e-01, -4.21598673e-01, -5.58343112e-01,
          -8.36456776e-01, -4.43595290e-01, -1.11223471e+00, -1.96901560e-01,
          -5.50297797e-01, -8.00782561e-01, -2.37001479e-01, -1.86242151e+00,
          -8.63605678e-01, -4.82736081e-01, -1.67372322e+00, -6.13410234e-01,
          -4.50548261e-01, -2.34987602e-01, -7.10296750e-01, -9.82934892e-01,
          -2.41521522e-01, -3.14488918e-01,  6.34890616e-01, -1.49479687e+00,
          -1.09296477e+00, -1.95232570e-01, -5.17795086e-01,  2.17080191e-01,
           5.10654189e-02, -9.75554824e-01, -1.13592064e+00, -5.94823003e-01,
          -7.87356198e-01,  2.07588702e-01, -8.28717113e-01, -7.32142925e-01,
          -1.85439312e+00, -1.92291230e-01, -7.28535056e-01, -2.99219191e-01,
          -7.42615014e-02, -4.37954515e-02, -8.72499526e-01, -7.40176558e-01,
          -8.96096826e-01,  2.84559011e-01, -8.58663976e-01, -3.22665498e-02,
          -3.67659152e-01,  8.57802987e-01,  9.77971971e-01,  1.74900854e+00,
           1.66297340e+00,  4.71107662e-01, -1.27645421e+00, -7.76134431e-01,
          -1.03276849e+00, -1.67220175e+00, -1.22811592e+00, -1.05016780e+00,
          -8.52784097e-01, -3.50853264e-01, -1.39408863e+00, -1.07018244e+00,
           4.72496822e-03, -1.21562207e+00, -1.95539975e+00, -9.81398046e-01,
          -1.86697733e+00, -1.13877535e-01, -2.99069136e-01, -5.95490277e-01,
          -1.26849997e+00, -2.05643892e+00, -1.38994411e-01, -5.43398499e-01,
          -4.60802503e-02, -7.29344249e-01,  1.33472931e+00, -5.78683093e-02,
          -6.00905716e-01,  1.17722034e+00,  9.54370320e-01,  2.27764323e-01,
          -9.82402444e-01, -1.57219934e+00,  4.68830466e-01,  5.42668700e-01,
           6.21472448e-02, -2.03962231e+00, -1.95313501e+00, -1.31256306e+00,
          -1.94704604e+00, -2.35832763e+00, -1.93630219e+00, -1.23782611e+00,
          -1.75450027e+00, -2.21710443e+00, -6.66154206e-01,  1.57039389e-01,
           7.26610959e-01, -1.58260375e-01, -6.14658535e-01, -1.00918305e+00,
          -2.45955038e+00,  7.82562792e-01,  2.22682208e-02, -1.67276776e+00,
          -1.06581795e+00, -1.20807076e+00, -1.78289747e+00, -1.89178371e+00,
          -1.10546732e+00, -1.65901089e+00, -1.40963805e+00, -1.09176838e+00,
          -2.98945284e+00, -2.19014454e+00, -2.41102982e+00, -1.74062300e+00,
          -1.66444898e+00, -1.39178491e+00, -1.42221785e+00, -1.80173552e+00,
          -2.71484792e-01, -4.72835958e-01, -2.33605001e-02, -2.76932240e-01,
          -6.63843572e-01,  4.49138969e-01,  3.11551392e-02, -8.09355676e-01,
          -1.98778152e+00, -9.80601549e-01, -1.39213920e+00, -1.18157899e+00,
          -9.88309503e-01, -1.45750940e+00, -1.07045412e+00, -1.91033208e+00,
          -1.20734477e+00, -1.16157973e+00, -9.97256696e-01, -1.80779624e+00,
          -6.35062814e-01, -6.84260130e-01, -5.98958492e-01, -1.69179225e+00,
          -5.81811488e-01, -1.32549548e+00, -9.15452421e-01, -1.10558426e+00,
          -9.45300877e-01, -1.16991305e+00, -1.53676248e+00, -1.43059266e+00,
          -1.88394713e+00, -3.03008467e-01, -1.34056461e+00, -6.99808598e-01,
          -5.70445657e-01, -1.90084028e+00, -9.15341198e-01,  1.79909468e-01,
          -1.97468364e+00, -1.83425903e+00,  4.73284423e-01,  7.14574277e-01,
          -5.13913751e-01,  9.25482094e-01,  6.08643115e-01, -8.67322326e-01,
          -5.64334691e-02,  1.20880067e+00,  7.17223287e-02,  1.20250948e-01,
          -1.60183489e+00,  3.58111644e+00, -1.01305306e+00,  1.86791384e+00,
           4.29769039e-01,  1.08242154e+00,  9.86267328e-01, -4.21854526e-01,
           2.40096951e+00,  1.19773746e+00,  2.85645890e+00,  1.53083026e+00,
           4.33496594e-01,  9.67709720e-01,  5.85604869e-02, -4.45170030e-02,
           6.60159111e-01,  7.76117682e-01,  1.74445689e+00, -6.43078268e-01,
          -3.70288283e-01, -2.72581458e-01, -7.81193197e-01, -1.11108005e-01,
           7.88178205e-01,  8.13898981e-01,  8.64958167e-01,  2.09190536e+00,
          -1.87261805e-01, -1.06028914e-01,  1.94625413e+00,  4.64038551e-01,
           6.32290840e-02,  1.68634593e+00,  3.01087111e-01,  1.70947385e+00,
          -6.85901523e-01, -5.11834681e-01,  4.22465515e+00,  3.36310655e-01,
           1.33256942e-01,  1.04033005e+00, -7.06965923e-01,  6.49024546e-01,
          -7.32148290e-01,  1.26932001e+00, -9.09512699e-01,  2.16215640e-01,
           1.34322166e+00,  7.07217515e-01, -1.32577166e-01,  6.85803652e-01,
          -1.89754415e+00,  1.63796157e-01,  2.50849700e+00, -6.33390620e-02,
           1.38751853e+00,  1.50653112e+00, -6.28093004e-01, -1.82881105e+00,
           5.05573511e-01,  1.96711749e-01,  1.37868702e+00, -1.31431413e+00,
           3.61996382e-01,  1.16177046e+00, -1.01535845e+00,  1.48147321e+00,
           2.87832730e-02,  6.05295658e-01,  9.62472737e-01, -3.56723428e-01,
           3.35805321e+00,  2.35879993e+00,  1.76498258e+00, -1.06632221e+00,
          -1.10694063e+00,  2.18138981e+00,  8.24665844e-01,  2.71984053e+00,
           3.62037122e-01, -5.37997842e-01,  2.42539898e-01, -2.64816046e-01,
           1.64967227e+00,  1.78580332e+00,  1.96045423e+00,  1.26377892e+00,
           3.32735538e-01,  3.51812780e-01,  1.46663094e+00,  3.10073709e+00,
          -2.41422105e+00, -1.25338435e-01, -9.51395929e-01,  7.58478582e-01,
           1.19704497e+00,  5.23326933e-01, -1.31955874e+00,  1.83288932e+00,
           1.76366079e+00, -1.58044767e+00, -4.43113208e-01, -2.07987547e-01,
           8.26182306e-01, -1.67773277e-01, -9.96856689e-01, -8.84555399e-01,
          -1.24880064e+00,  4.44571167e-01,  5.35871327e-01,  2.54429340e-01,
           3.15417238e-02,  5.22346675e-01, -7.15463281e-01,  4.31251228e-01,
          -4.69436109e-01, -1.57124949e+00,  1.73690534e+00,  2.51821446e+00,
           6.25460684e-01,  3.68487239e-01,  3.54914641e+00,  1.95786130e+00,
           1.15535843e+00,  7.41699636e-01,  3.17101979e+00, -1.37745929e+00,
          -1.22483575e+00, -1.16503584e+00, -1.49116248e-01,  3.29892588e+00,
          -2.20295936e-01, -9.28323388e-01,  2.16287541e+00,  1.30777374e-01,
          -6.02946639e-01,  1.20067680e+00,  5.82893133e-01, -2.00432944e+00,
           1.90169919e+00,  4.26056099e+00, -9.53635126e-02,  7.72440612e-01,
           9.62975860e-01,  2.71214223e+00, -7.14755535e-01, -1.62214577e-01,
           4.77572680e+00,  1.72047985e+00,  1.29106450e+00,  9.92496967e-01,
          -9.32288826e-01,  8.09963495e-02,  1.90752637e+00,  2.09116173e+00,
           7.15980887e-01,  1.61855912e+00, -5.82366645e-01,  5.15645325e-01,
          -3.67886961e-01, -1.41238141e+00,  6.36145234e-01,  2.45600730e-01,
           1.15610909e+00, -4.46175516e-01,  2.41180927e-01, -2.44901642e-01,
          -8.14067721e-01,  1.17237413e+00,  4.50266898e-01,  2.10736823e+00,
           3.61801296e-01,  3.75455916e-01, -1.45167518e+00,  1.65686324e-01,
           1.79320526e+00,  1.19170952e+00, -9.78552759e-01,  1.69248164e+00,
           1.81002748e+00,  1.49298978e+00,  1.95485890e+00,  4.52386332e+00,
           1.28726816e+00,  1.66975510e+00,  1.41104281e-01, -8.54774654e-01,
           1.67259264e+00, -6.97210193e-01,  2.64287114e+00,  1.67679417e+00,
           1.92339802e+00, -1.07669614e-01,  1.96096015e+00, -1.79473448e+00,
           1.76873446e+00,  2.93652105e+00,  1.92238700e+00,  2.18283191e-01,
           4.92610216e-01, -3.62185329e-01,  1.50779843e+00,  1.42824256e+00,
          -1.67720407e-01,  1.51538754e+00,  3.11019212e-01,  1.04183519e+00,
           8.96147192e-01,  2.42045328e-01,  1.51226914e+00,  3.54672146e+00,
           3.47714543e+00,  3.38407665e-01,  9.83354747e-01,  2.28841615e+00,
          -4.84252542e-01, -7.75509655e-01,  1.96433735e+00,  3.17534566e-01,
          -1.01578844e+00,  1.61898053e+00, -2.09681332e-01,  6.17204130e-01,
           3.41654277e+00,  1.11845279e+00, -1.38350880e+00,  7.27145374e-01,
           2.48232579e+00,  6.00538373e-01,  2.55823225e-01,  1.27171829e-01,
          -1.42017043e+00,  5.63351035e-01,  4.54001501e-02, -4.79085356e-01,
           2.36667871e+00, -1.69860578e+00,  7.52766848e-01,  9.58718181e-01,
           2.83368444e+00, -2.40072894e+00,  2.19808817e+00,  5.09427643e+00,
          -1.01584864e+00, -1.87343344e-01, -7.67836273e-01,  1.34402144e+00,
          -2.85615653e-01,  8.55678797e-01, -7.77793407e-01,  7.40799367e-01,
           8.36410820e-01, -1.31834996e+00,  2.36216331e+00, -1.73818910e+00,
           4.18522596e+00, -1.47738606e-02, -5.68734944e-01, -2.41924569e-01,
          -7.04698563e-01,  2.23576617e+00,  1.75630346e-01, -5.78956723e-01,
          -4.20923173e-01,  1.80474234e+00,  6.14670992e-01,  4.07302648e-01,
          -7.82668650e-01,  1.22738707e+00,  3.24407250e-01, -5.39213598e-01,
           1.11031020e+00,  2.85642529e+00, -8.38506460e-01,  1.19807160e+00,
           2.64513612e-01,  1.11373293e+00,  5.04718900e-01, -3.31462592e-01,
           3.90476251e+00, -4.14081305e-01, -3.08379149e+00,  6.31653145e-02,
           2.56346583e+00,  7.78952360e-01,  3.94829437e-02,  1.42493379e+00,
           2.67229319e+00, -2.25570992e-01, -9.63788748e-01,  1.17629302e+00,
           1.67448127e+00,  9.24036503e-01,  1.14512897e+00,  3.24706770e-02,
           1.63744295e+00, -7.74769247e-01, -7.31654823e-01,  1.83914638e+00,
           3.72676253e-02,  3.00063038e+00,  6.79801106e-01,  1.89765012e+00,
           2.19817543e+00,  1.80774093e+00,  8.32445800e-01, -1.00494444e+00,
           2.81977743e-01, -7.05039382e-01,  6.14959657e-01,  1.28358781e-01,
           8.50957930e-01,  1.20617974e+00,  1.97766411e+00, -3.69301796e-01,
          -1.74245000e+00,  9.48826253e-01, -1.76329002e-01,  5.26830792e-01,
           1.14322901e+00,  8.83570254e-01, -1.67031515e+00,  1.64292169e+00,
           1.40370750e+00,  1.95050800e+00, -1.06235075e+00, -2.26808742e-01,
           1.51668990e+00, -6.48018345e-02,  5.58907911e-02, -1.34945583e+00,
          -1.93511084e-01,  3.03609443e+00,  7.89857984e-01, -5.50514221e-01,
           1.28892314e+00,  2.50119638e+00,  1.39240575e+00,  1.36134398e+00,
           1.59714091e+00,  1.80893254e+00,  1.18997240e+00,  4.78798114e-02,
           1.43619037e+00,  3.52111578e+00,  2.44009018e+00, -1.23064494e+00,
           4.09590632e-01, -3.75741459e-02,  6.56500757e-01,  1.47564709e+00,
           2.50204301e+00,  2.26261163e+00, -1.90604523e-01,  1.83332551e+00,
           1.99611473e+00,  1.16477773e-01,  2.31877971e+00,  1.89817631e+00,
          -1.43982673e+00,  2.13780212e+00, -7.13769317e-01,  2.49206471e+00,
           2.09139514e+00,  9.35606480e-01, -5.39862633e-01,  1.10040009e-01,
           9.45507944e-01,  1.26830053e+00,  1.01175094e+00, -5.78371584e-02,
          -4.74233985e-01,  1.58886302e+00,  4.36403799e+00,  1.17185736e+00,
           2.41787839e+00, -5.14959931e-01,  4.07342255e-01,  2.77494341e-01,
          -6.82574093e-01,  3.48485255e+00,  4.85784501e-01,  4.64016646e-01,
           1.02595258e+00,  1.01784265e+00,  4.08257198e+00,  9.45316374e-01,
           5.42598367e-01,  5.86070359e-01,  2.08492041e+00,  3.15212202e+00,
           7.51460433e-01, -7.87534297e-01, -2.98572689e-01,  7.45342299e-02,
           1.08171606e+00, -3.98684561e-01, -2.89964408e-01,  1.16058826e+00,
          -1.71876717e+00,  2.45315969e-01,  2.14079261e+00,  3.17551446e+00,
           1.53469825e+00,  1.58668756e+00,  3.16080779e-01,  2.22183776e+00,
          -3.66613865e-01,  3.22412997e-01,  2.44334722e+00,  1.59642982e+00,
          -1.95019424e+00, -6.61736548e-01, -5.26558161e-01,  6.74350202e-01,
           4.64654803e-01, -1.49559748e+00,  1.71106112e+00,  2.51182604e+00,
           1.56943560e+00, -1.21270216e+00, -2.34629914e-01,  2.09950662e+00,
          -1.21136487e+00, -9.09070313e-01,  3.32122386e-01, -1.45574188e+00,
           4.33278203e-01,  4.89227176e-01,  6.02716088e-01, -6.25045598e-02,
           1.89189780e+00, -3.93479139e-01,  5.52130938e-01,  8.54760230e-01,
           3.42916584e+00,  2.52226305e+00,  2.33225393e+00, -1.24671686e+00,
           2.13642740e+00,  1.93091020e-01, -3.83067608e-01,  5.00157309e+00,
           1.04570675e+00, -8.78340364e-01,  3.73842406e+00,  1.08159971e+00,
          -2.26859260e+00, -6.90297410e-02,  8.24888200e-02,  2.00898623e+00,
           7.44324565e-01,  1.43470418e+00,  5.07278621e-01, -1.44820213e+00,
          -1.11023796e+00, -1.17336071e+00, -9.67794538e-01,  7.08740115e-01,
           4.32320786e+00, -8.25294673e-01, -1.68681983e-02, -2.94295102e-01,
           1.95617127e+00, -4.24197108e-01, -2.05203485e+00,  5.40760458e-01,
           1.81476915e+00,  7.94673145e-01,  1.00304627e+00,  1.57155287e+00,
           1.27570546e+00,  2.15788436e+00,  1.38866317e+00,  1.07045007e+00,
          -2.36768916e-01,  2.51006985e+00,  1.40236235e+00, -3.04256558e-01,
          -9.47033763e-01,  1.02781606e+00, -7.73840785e-01,  4.30429339e-01,
           4.66562128e+00,  2.11170459e+00,  3.07302189e+00, -9.01735127e-01,
           1.77808917e+00,  1.98568618e+00,  1.63853872e+00,  8.61213863e-01,
          -3.09452534e-01, -5.66960216e-01,  1.70308769e+00,  7.32880712e-01,
           6.30831051e+00,  7.01870489e+00,  1.15360081e+00,  1.26191258e-01,
           6.16128802e-01, -9.73387249e-03,  1.05805919e-01,  1.53263283e+00,
          -1.82288468e+00, -1.87953973e+00, -5.36729217e-01, -1.40534842e+00,
           3.00791502e+00,  2.91149855e-01,  2.01333940e-01,  7.60376692e-01,
           1.84663212e+00,  3.24292970e+00,  2.10178280e+00, -3.28463525e-01,
          -2.31999350e+00,  1.01516414e+00, -9.47178304e-01, -1.00032461e+00,
          -1.37992334e+00, -1.27455220e-02, -5.97907126e-01, -1.26827788e+00,
          -1.19476283e+00, -2.10574484e+00, -1.09024394e+00, -1.45286822e+00,
          -1.37513971e+00, -1.62194347e+00, -1.25696099e+00, -7.77215421e-01,
          -1.33363855e+00, -1.41973162e+00, -4.12461311e-01, -7.02900529e-01,
          -2.89611411e+00, -9.57632542e-01, -1.86446011e+00, -1.04172587e+00,
           2.76600979e-02,  5.59092939e-01,  5.39470971e-01, -1.57674067e-02,
          -1.67809248e+00, -7.45722353e-01, -2.34235972e-01, -2.01795053e+00,
          -1.91333532e+00, -4.34116334e-01, -6.41825795e-01, -1.84486246e+00,
          -6.94132626e-01, -1.03045893e+00, -5.14567554e-01, -1.17571759e+00,
          -1.37424779e+00, -1.24507928e+00,  2.00639081e+00, -6.08587027e-01,
           9.16335762e-01,  1.83860153e-01, -1.65005469e+00,  1.90335751e+00,
          -2.04881072e+00, -1.65214097e+00,  2.26221561e-01,  6.65998161e-01,
          -2.15903044e+00, -1.66061893e-02,  1.96307823e-01, -2.21259189e+00,
           4.63399619e-01,  2.00324029e-01,  1.68605417e-01, -6.36877537e-01,
          -9.29688364e-02,  4.62963820e-01, -1.82258153e+00, -1.27807707e-01,
          -1.80792701e+00, -3.34784776e-01, -1.40518796e+00, -1.82136643e+00,
          -1.36782646e+00, -3.01201296e+00, -2.70841193e+00, -1.71374536e+00,
          -1.61391246e+00, -2.76145935e+00, -2.04966724e-01,  1.14294887e+00]]],
       device='cuda:0')
PGD attack margin (first 2 examples and 10 specs):
 tensor([[[0.88885927]]], device='cuda:0')
number of violation:  0
Attack finished in 8.3258 seconds.
PGD attack failed
verified_status unknown
verified_success False
Total VNNLIB file length: 1, max property batch size: 1, total number of batches: 1

Properties batch 0, size 1
Remaining timeout: 1153.648626089096
Verifying property 0 with 1 instances.
torch allclose failed: norm 8.889588571037166e-06
Model: BoundedModule(
  (/input-1): BoundInput(name=/input-1, inputs=[], perturbed=True)
  (/33): BoundParams(name=/33, inputs=[], perturbed=False)
  (/34): BoundParams(name=/34, inputs=[], perturbed=False)
  (/35): BoundParams(name=/35, inputs=[], perturbed=False)
  (/36): BoundParams(name=/36, inputs=[], perturbed=False)
  (/37): BoundParams(name=/37, inputs=[], perturbed=False)
  (/38): BoundParams(name=/38, inputs=[], perturbed=False)
  (/39): BoundParams(name=/39, inputs=[], perturbed=False)
  (/40): BoundParams(name=/40, inputs=[], perturbed=False)
  (/41): BoundParams(name=/41, inputs=[], perturbed=False)
  (/42): BoundParams(name=/42, inputs=[], perturbed=False)
  (/43): BoundParams(name=/43, inputs=[], perturbed=False)
  (/44): BoundParams(name=/44, inputs=[], perturbed=False)
  (/45): BoundParams(name=/45, inputs=[], perturbed=False)
  (/46): BoundParams(name=/46, inputs=[], perturbed=False)
  (/47): BoundParams(name=/47, inputs=[], perturbed=False)
  (/48): BoundParams(name=/48, inputs=[], perturbed=False)
  (/49): BoundParams(name=/49, inputs=[], perturbed=False)
  (/50): BoundParams(name=/50, inputs=[], perturbed=False)
  (/51): BoundParams(name=/51, inputs=[], perturbed=False)
  (/52): BoundParams(name=/52, inputs=[], perturbed=False)
  (/53): BoundParams(name=/53, inputs=[], perturbed=False)
  (/54): BoundParams(name=/54, inputs=[], perturbed=False)
  (/55): BoundParams(name=/55, inputs=[], perturbed=False)
  (/56): BoundParams(name=/56, inputs=[], perturbed=False)
  (/57): BoundParams(name=/57, inputs=[], perturbed=False)
  (/58): BoundParams(name=/58, inputs=[], perturbed=False)
  (/59): BoundParams(name=/59, inputs=[], perturbed=False)
  (/60): BoundParams(name=/60, inputs=[], perturbed=False)
  (/61): BoundParams(name=/61, inputs=[], perturbed=False)
  (/62): BoundParams(name=/62, inputs=[], perturbed=False)
  (/63): BoundParams(name=/63, inputs=[], perturbed=False)
  (/64): BoundParams(name=/64, inputs=[], perturbed=False)
  (/input): BoundConv(name=/input, inputs=[/input-1, /33, /34], perturbed=True)
  (/66): BoundRelu(name=/66, inputs=[/input], perturbed=True)
  (/input-4): BoundConv(name=/input-4, inputs=[/66, /35, /36], perturbed=True)
  (/68): BoundRelu(name=/68, inputs=[/input-4], perturbed=True)
  (/input-12): BoundConv(name=/input-12, inputs=[/input-8/add_3_4, /37, /38], perturbed=True)
  (/71): BoundRelu(name=/71, inputs=[/input-12], perturbed=True)
  (/input-16): BoundConv(name=/input-16, inputs=[/71, /39, /40], perturbed=True)
  (/73): BoundRelu(name=/73, inputs=[/input-16], perturbed=True)
  (/input-24): BoundConv(name=/input-24, inputs=[/input-20/add_3_4, /41, /42], perturbed=True)
  (/76): BoundRelu(name=/76, inputs=[/input-24], perturbed=True)
  (/input-28): BoundConv(name=/input-28, inputs=[/76, /43, /44], perturbed=True)
  (/78): BoundRelu(name=/78, inputs=[/input-28], perturbed=True)
  (/input-32): BoundConv(name=/input-32, inputs=[/78, /45, /46], perturbed=True)
  (/80): BoundRelu(name=/80, inputs=[/input-32], perturbed=True)
  (/input-40): BoundConv(name=/input-40, inputs=[/input-36/add_3_4, /47, /48], perturbed=True)
  (/83): BoundRelu(name=/83, inputs=[/input-40], perturbed=True)
  (/input-44): BoundConv(name=/input-44, inputs=[/83, /49, /50], perturbed=True)
  (/85): BoundRelu(name=/85, inputs=[/input-44], perturbed=True)
  (/input-48): BoundConv(name=/input-48, inputs=[/85, /51, /52], perturbed=True)
  (/87): BoundRelu(name=/87, inputs=[/input-48], perturbed=True)
  (/input-56): BoundConv(name=/input-56, inputs=[/input-52/add_3_4, /53, /54], perturbed=True)
  (/90): BoundRelu(name=/90, inputs=[/input-56], perturbed=True)
  (/input-60): BoundConv(name=/input-60, inputs=[/90, /55, /56], perturbed=True)
  (/92): BoundRelu(name=/92, inputs=[/input-60], perturbed=True)
  (/input-64): BoundConv(name=/input-64, inputs=[/92, /57, /58], perturbed=True)
  (/94): BoundRelu(name=/94, inputs=[/input-64], perturbed=True)
  (/96): BoundFlatten(name=/96, inputs=[/95/add_3_4], perturbed=True)
  (/input-68): BoundLinear(name=/input-68, inputs=[/96, /59, /60], perturbed=True)
  (/98): BoundRelu(name=/98, inputs=[/input-68], perturbed=True)
  (/99): BoundFlatten(name=/99, inputs=[/98], perturbed=True)
  (/input-72): BoundLinear(name=/input-72, inputs=[/99, /61, /62], perturbed=True)
  (/101): BoundRelu(name=/101, inputs=[/input-72], perturbed=True)
  (/102): BoundFlatten(name=/102, inputs=[/101], perturbed=True)
  (/103): BoundLinear(name=/103, inputs=[/102, /63, /64], perturbed=True)
  (/input-8/conv_1): BoundConv(name=/input-8/conv_1, inputs=[/68, /input-8/conv_1_w], perturbed=True)
  (/input-8/conv_1_relu): BoundRelu(name=/input-8/conv_1_relu, inputs=[/input-8/conv_1], perturbed=True)
  (/input-8/conv_1_w): BoundParams(name=/input-8/conv_1_w, inputs=[], perturbed=False)
  (/input-8/conv_2): BoundConv(name=/input-8/conv_2, inputs=[/68, /input-8/conv_2_w], perturbed=True)
  (/input-8/conv_2_w): BoundParams(name=/input-8/conv_2_w, inputs=[], perturbed=False)
  (/input-8/conv_3): BoundConv(name=/input-8/conv_3, inputs=[/input-8/add_1_2, /input-8/conv_3_w], perturbed=True)
  (/input-8/conv_3_relu): BoundRelu(name=/input-8/conv_3_relu, inputs=[/input-8/conv_3], perturbed=True)
  (/input-8/conv_3_w): BoundParams(name=/input-8/conv_3_w, inputs=[], perturbed=False)
  (/input-8/conv_4): BoundConv(name=/input-8/conv_4, inputs=[/input-8/add_1_2, /input-8/conv_4_w], perturbed=True)
  (/input-8/conv_4_w): BoundParams(name=/input-8/conv_4_w, inputs=[], perturbed=False)
  (/input-8/add_1_2): BoundAdd(name=/input-8/add_1_2, inputs=[/input-8/conv_1_relu, /input-8/conv_2], perturbed=True)
  (/input-8/add_3_4): BoundAdd(name=/input-8/add_3_4, inputs=[/input-8/conv_3_relu, /input-8/conv_4], perturbed=True)
  (/input-20/conv_1): BoundConv(name=/input-20/conv_1, inputs=[/73, /input-20/conv_1_w], perturbed=True)
  (/input-20/conv_1_relu): BoundRelu(name=/input-20/conv_1_relu, inputs=[/input-20/conv_1], perturbed=True)
  (/input-20/conv_1_w): BoundParams(name=/input-20/conv_1_w, inputs=[], perturbed=False)
  (/input-20/conv_2): BoundConv(name=/input-20/conv_2, inputs=[/73, /input-20/conv_2_w], perturbed=True)
  (/input-20/conv_2_w): BoundParams(name=/input-20/conv_2_w, inputs=[], perturbed=False)
  (/input-20/conv_3): BoundConv(name=/input-20/conv_3, inputs=[/input-20/add_1_2, /input-20/conv_3_w], perturbed=True)
  (/input-20/conv_3_relu): BoundRelu(name=/input-20/conv_3_relu, inputs=[/input-20/conv_3], perturbed=True)
  (/input-20/conv_3_w): BoundParams(name=/input-20/conv_3_w, inputs=[], perturbed=False)
  (/input-20/conv_4): BoundConv(name=/input-20/conv_4, inputs=[/input-20/add_1_2, /input-20/conv_4_w], perturbed=True)
  (/input-20/conv_4_w): BoundParams(name=/input-20/conv_4_w, inputs=[], perturbed=False)
  (/input-20/add_1_2): BoundAdd(name=/input-20/add_1_2, inputs=[/input-20/conv_1_relu, /input-20/conv_2], perturbed=True)
  (/input-20/add_3_4): BoundAdd(name=/input-20/add_3_4, inputs=[/input-20/conv_3_relu, /input-20/conv_4], perturbed=True)
  (/input-36/conv_1): BoundConv(name=/input-36/conv_1, inputs=[/80, /input-36/conv_1_w], perturbed=True)
  (/input-36/conv_1_relu): BoundRelu(name=/input-36/conv_1_relu, inputs=[/input-36/conv_1], perturbed=True)
  (/input-36/conv_1_w): BoundParams(name=/input-36/conv_1_w, inputs=[], perturbed=False)
  (/input-36/conv_2): BoundConv(name=/input-36/conv_2, inputs=[/80, /input-36/conv_2_w], perturbed=True)
  (/input-36/conv_2_w): BoundParams(name=/input-36/conv_2_w, inputs=[], perturbed=False)
  (/input-36/conv_3): BoundConv(name=/input-36/conv_3, inputs=[/input-36/add_1_2, /input-36/conv_3_w], perturbed=True)
  (/input-36/conv_3_relu): BoundRelu(name=/input-36/conv_3_relu, inputs=[/input-36/conv_3], perturbed=True)
  (/input-36/conv_3_w): BoundParams(name=/input-36/conv_3_w, inputs=[], perturbed=False)
  (/input-36/conv_4): BoundConv(name=/input-36/conv_4, inputs=[/input-36/add_1_2, /input-36/conv_4_w], perturbed=True)
  (/input-36/conv_4_w): BoundParams(name=/input-36/conv_4_w, inputs=[], perturbed=False)
  (/input-36/add_1_2): BoundAdd(name=/input-36/add_1_2, inputs=[/input-36/conv_1_relu, /input-36/conv_2], perturbed=True)
  (/input-36/add_3_4): BoundAdd(name=/input-36/add_3_4, inputs=[/input-36/conv_3_relu, /input-36/conv_4], perturbed=True)
  (/input-52/conv_1): BoundConv(name=/input-52/conv_1, inputs=[/87, /input-52/conv_1_w], perturbed=True)
  (/input-52/conv_1_relu): BoundRelu(name=/input-52/conv_1_relu, inputs=[/input-52/conv_1], perturbed=True)
  (/input-52/conv_1_w): BoundParams(name=/input-52/conv_1_w, inputs=[], perturbed=False)
  (/input-52/conv_2): BoundConv(name=/input-52/conv_2, inputs=[/87, /input-52/conv_2_w], perturbed=True)
  (/input-52/conv_2_w): BoundParams(name=/input-52/conv_2_w, inputs=[], perturbed=False)
  (/input-52/conv_3): BoundConv(name=/input-52/conv_3, inputs=[/input-52/add_1_2, /input-52/conv_3_w], perturbed=True)
  (/input-52/conv_3_relu): BoundRelu(name=/input-52/conv_3_relu, inputs=[/input-52/conv_3], perturbed=True)
  (/input-52/conv_3_w): BoundParams(name=/input-52/conv_3_w, inputs=[], perturbed=False)
  (/input-52/conv_4): BoundConv(name=/input-52/conv_4, inputs=[/input-52/add_1_2, /input-52/conv_4_w], perturbed=True)
  (/input-52/conv_4_w): BoundParams(name=/input-52/conv_4_w, inputs=[], perturbed=False)
  (/input-52/add_1_2): BoundAdd(name=/input-52/add_1_2, inputs=[/input-52/conv_1_relu, /input-52/conv_2], perturbed=True)
  (/input-52/add_3_4): BoundAdd(name=/input-52/add_3_4, inputs=[/input-52/conv_3_relu, /input-52/conv_4], perturbed=True)
  (/95/conv_1): BoundConv(name=/95/conv_1, inputs=[/94, /95/conv_1_w], perturbed=True)
  (/95/conv_1_relu): BoundRelu(name=/95/conv_1_relu, inputs=[/95/conv_1], perturbed=True)
  (/95/conv_1_w): BoundParams(name=/95/conv_1_w, inputs=[], perturbed=False)
  (/95/conv_2): BoundConv(name=/95/conv_2, inputs=[/94, /95/conv_2_w], perturbed=True)
  (/95/conv_2_w): BoundParams(name=/95/conv_2_w, inputs=[], perturbed=False)
  (/95/conv_3): BoundConv(name=/95/conv_3, inputs=[/95/add_1_2, /95/conv_3_w], perturbed=True)
  (/95/conv_3_relu): BoundRelu(name=/95/conv_3_relu, inputs=[/95/conv_3], perturbed=True)
  (/95/conv_3_w): BoundParams(name=/95/conv_3_w, inputs=[], perturbed=False)
  (/95/conv_4): BoundConv(name=/95/conv_4, inputs=[/95/add_1_2, /95/conv_4_w], perturbed=True)
  (/95/conv_4_w): BoundParams(name=/95/conv_4_w, inputs=[], perturbed=False)
  (/95/add_1_2): BoundAdd(name=/95/add_1_2, inputs=[/95/conv_1_relu, /95/conv_2], perturbed=True)
  (/95/add_3_4): BoundAdd(name=/95/add_3_4, inputs=[/95/conv_3_relu, /95/conv_4], perturbed=True)
)
Model prediction is: tensor([-9.84179795e-01,  1.78342175e+00, -1.65946984e+00, -2.14096665e+00,
        -1.46826673e+00,  1.75357834e-01, -7.30330586e-01, -1.95730102e+00,
        -1.85451174e+00, -1.51710176e+00, -1.35815728e+00, -4.11743313e-01,
        -3.48076701e-01, -1.24723291e+00, -9.21046510e-02,  3.43290418e-02,
        -9.35703754e-01, -1.47425926e+00, -6.55720174e-01, -1.00309396e+00,
        -1.09267521e+00, -8.29576850e-01, -1.46691054e-01, -1.36786711e+00,
        -7.48240113e-01, -1.42012179e+00, -3.19098771e-01, -1.08758259e+00,
        -1.25191307e+00,  1.99972928e-01, -1.85585511e+00,  5.51505834e-02,
        -1.32559180e+00, -2.10358357e+00, -1.54572630e+00, -1.48802209e+00,
         9.04216170e-01, -1.97223961e+00, -1.92081586e-01, -1.61068130e+00,
         1.90654412e-01, -1.71016526e+00, -1.92022836e+00, -1.09539115e+00,
        -9.80161905e-01, -1.17258847e+00,  2.22642064e-01, -1.19960833e+00,
        -2.18232656e+00, -3.94301176e-01,  2.84640133e-01, -2.56643987e+00,
        -2.85980195e-01,  5.81210405e-02, -8.72064471e-01, -1.64797616e+00,
        -7.23807335e-01, -1.83492017e+00, -1.37307748e-01, -2.69149035e-01,
        -3.29179168e-01, -1.16626072e+00, -1.40062332e+00,  1.56723335e-01,
        -4.76025462e-01, -6.41691029e-01, -9.29536283e-01, -4.32161331e-01,
        -1.52156866e+00, -1.94049323e+00, -2.20292434e-01,  2.68676430e-01,
         3.59951258e-01,  1.65134072e+00,  6.76981688e-01,  1.08223033e+00,
         2.96893418e-01,  1.31411231e+00,  5.01041949e-01,  1.50668108e+00,
        -4.22047153e-02, -2.40017557e+00, -1.39452422e+00, -1.67768061e+00,
        -7.95280695e-01, -9.53929245e-01, -1.85696054e+00,  1.51353776e-01,
         2.76783377e-01, -1.22894156e+00, -5.86131811e-01, -1.05233443e+00,
        -2.65643388e-01, -3.53371084e-01,  4.24528301e-01, -1.98340750e+00,
         5.25773391e-02, -9.90075290e-01,  7.76342690e-01, -9.13084090e-01,
         4.94704366e-01, -1.68907261e+00, -1.89087903e+00,  1.25118268e+00,
        -1.92909002e+00, -2.49308205e+00, -1.50275803e+00, -2.42326811e-01,
        -1.03368545e+00, -1.87273872e+00, -4.42556232e-01,  2.27978230e+00,
        -6.48752511e-01, -1.11642800e-01, -6.44071519e-01, -1.93520951e+00,
        -1.67195356e+00, -4.67194356e-02, -1.01222730e+00, -2.35374641e+00,
        -2.12307382e+00, -1.83236599e+00, -1.55440629e+00, -2.71769238e+00,
        -1.97087431e+00, -1.87859976e+00,  7.28697330e-03, -5.18510997e-01,
         6.05573714e-01,  6.46344602e-01,  3.01246583e-01, -4.93055850e-01,
         6.31471932e-01, -7.01597750e-01,  2.76547186e-02, -5.45125425e-01,
        -9.13617313e-01,  2.97919959e-01, -1.26598108e+00, -2.03704786e+00,
        -2.24849796e+00,  3.26018155e-01, -5.68456292e-01, -8.08636904e-01,
        -8.53751302e-01, -1.43158591e+00, -2.34047890e+00, -2.32631769e-02,
        -1.72823817e-01, -7.29910433e-01, -1.70270526e+00, -8.67135972e-02,
        -1.21072578e+00, -9.87777635e-02, -5.47587395e-01, -8.18097770e-01,
        -8.95358205e-01, -4.11435962e-01, -1.26179099e+00, -9.55665886e-01,
        -1.21479046e+00, -2.86848545e-01,  2.01180115e-01, -8.96535635e-01,
        -8.20753455e-01, -6.18012011e-01, -1.08340251e+00, -1.16084099e+00,
        -2.39506602e-01, -1.02929842e+00, -9.63734448e-01, -7.28976250e-01,
        -1.10617685e+00, -9.81245100e-01, -1.22732234e+00, -1.03896976e+00,
        -1.60110235e+00, -5.56433499e-01,  7.03218952e-03, -1.50798464e+00,
        -1.87544191e+00, -4.22065854e-01, -2.13078350e-01, -7.68753052e-01,
        -4.34505269e-02, -3.20469350e-01, -3.28677088e-01,  1.49169695e-02,
        -1.14830410e+00, -1.36155665e+00, -8.37880790e-01,  9.98911485e-02,
        -6.38175130e-01, -1.01736867e+00, -9.89218593e-01,  4.86058533e-01,
        -7.77579308e-01, -1.35537755e+00, -1.61660516e+00, -1.28801048e-01,
        -8.46764863e-01, -9.26898956e-01, -6.92141712e-01,  7.44025826e-01,
        -3.55130374e-01, -7.87143409e-01, -1.13184059e+00, -5.21467626e-01,
        -9.04965758e-01, -6.60465479e-01, -1.76459515e+00, -5.14156044e-01,
        -5.10443985e-01, -8.00164461e-01, -1.01588511e+00, -6.63088322e-01,
        -1.02215254e+00, -2.89844424e-01, -7.69215524e-01, -8.95132124e-01,
        -5.68263352e-01, -2.06499889e-01, -8.07121396e-01,  2.43256658e-01,
         1.51860058e-01, -1.29464364e+00, -1.02105069e+00, -1.16126359e+00,
        -1.17796350e+00, -1.71879202e-01, -1.22657669e+00, -7.30603039e-01,
        -5.63727677e-01, -7.54775226e-01, -4.18908715e-01, -5.66245139e-01,
        -8.64896595e-01, -4.42823172e-01, -1.11138558e+00, -2.14345962e-01,
        -5.59262574e-01, -8.22266519e-01, -2.23167568e-01, -1.89354670e+00,
        -8.99703145e-01, -4.81627494e-01, -1.70389771e+00, -6.22510672e-01,
        -4.69709039e-01, -2.43944317e-01, -7.21925020e-01, -9.69572961e-01,
        -2.74505347e-01, -3.10767591e-01,  6.22894585e-01, -1.49608672e+00,
        -1.10925055e+00, -2.16424733e-01, -5.36130905e-01,  2.22712889e-01,
         3.68295498e-02, -1.00291145e+00, -1.17892194e+00, -5.70672095e-01,
        -7.98856199e-01,  1.95634618e-01, -8.73932898e-01, -7.58074999e-01,
        -1.90766966e+00, -2.35327601e-01, -7.64066935e-01, -3.24603796e-01,
        -1.02518633e-01, -5.13322949e-02, -8.97715867e-01, -8.08240056e-01,
        -9.25433993e-01,  2.72334576e-01, -8.87398481e-01, -5.91078028e-02,
        -4.10520107e-01,  8.49178076e-01,  9.81223643e-01,  1.73738956e+00,
         1.66868842e+00,  4.53346074e-01, -1.29703701e+00, -8.00797522e-01,
        -1.08273244e+00, -1.71230733e+00, -1.26060498e+00, -1.10350966e+00,
        -8.56840193e-01, -3.84237111e-01, -1.40661705e+00, -1.06898212e+00,
         3.95610519e-02, -1.24819005e+00, -2.00576544e+00, -1.01715922e+00,
        -1.91181576e+00, -9.16883498e-02, -3.43428612e-01, -6.23639524e-01,
        -1.28230953e+00, -2.09697771e+00, -1.58627257e-01, -5.83400726e-01,
        -7.35536441e-02, -7.23722816e-01,  1.35620344e+00, -4.92353216e-02,
        -6.07966244e-01,  1.19331396e+00,  9.64933872e-01,  2.52666175e-01,
        -9.95524168e-01, -1.53694713e+00,  4.51593727e-01,  5.77102780e-01,
         7.54733607e-02, -2.05622721e+00, -1.99010277e+00, -1.31786871e+00,
        -1.96652126e+00, -2.36415911e+00, -1.96841538e+00, -1.19827390e+00,
        -1.73125112e+00, -2.18006682e+00, -6.61818624e-01,  1.43195823e-01,
         7.15379655e-01, -7.88374990e-02, -6.12542570e-01, -1.07127106e+00,
        -2.47646904e+00,  8.69409859e-01,  6.27952814e-02, -1.67317450e+00,
        -1.06954527e+00, -1.18993056e+00, -1.79125166e+00, -1.90669346e+00,
        -1.01909781e+00, -1.65675259e+00, -1.35068977e+00, -1.09585595e+00,
        -3.02012229e+00, -2.24648333e+00, -2.48246789e+00, -1.79125273e+00,
        -1.67361343e+00, -1.43388987e+00, -1.46207881e+00, -1.81474638e+00,
        -2.57706583e-01, -4.62707579e-01, -4.27518263e-02, -3.04025412e-01,
        -6.20721459e-01,  4.27212715e-01, -8.63477588e-04, -8.29969406e-01,
        -2.01806402e+00, -9.97701705e-01, -1.43772161e+00, -1.20638978e+00,
        -1.04446614e+00, -1.49048626e+00, -1.12033355e+00, -1.94787836e+00,
        -1.22895026e+00, -1.15358293e+00, -9.97431695e-01, -1.83699119e+00,
        -6.39066100e-01, -7.31127262e-01, -5.96474767e-01, -1.69887638e+00,
        -6.18547082e-01, -1.31479585e+00, -9.22178030e-01, -1.15892458e+00,
        -9.92899716e-01, -1.17045355e+00, -1.53362656e+00, -1.45824552e+00,
        -1.90452623e+00, -2.70894080e-01, -1.32443845e+00, -6.28152788e-01,
        -6.00156963e-01, -1.84754705e+00, -8.49029243e-01,  2.16382548e-01,
        -1.94336438e+00, -1.82412338e+00,  4.62198168e-01,  6.70012593e-01,
        -5.70575058e-01,  9.33291078e-01,  5.96259952e-01, -8.78953874e-01,
        -4.20701355e-02,  1.21657634e+00,  6.87491223e-02,  1.43429667e-01,
        -1.57139122e+00,  3.52404642e+00, -9.74594653e-01,  1.99200773e+00,
         4.35038567e-01,  1.03818142e+00,  1.04173994e+00, -3.87083203e-01,
         2.41149855e+00,  1.27000439e+00,  2.82400322e+00,  1.54482114e+00,
         4.09393251e-01,  9.65173662e-01,  2.42918991e-02, -5.69787472e-02,
         7.08634496e-01,  8.33526015e-01,  1.68773758e+00, -6.34775817e-01,
        -3.34308535e-01, -3.06494147e-01, -8.08157384e-01, -6.66041374e-02,
         7.39579082e-01,  8.70606899e-01,  8.96447003e-01,  2.12892413e+00,
        -1.48728371e-01, -9.17006731e-02,  1.93970466e+00,  4.28118110e-01,
         7.67523348e-02,  1.69035459e+00,  3.09108645e-01,  1.76513672e+00,
        -7.00287879e-01, -4.77978766e-01,  4.22877979e+00,  3.34911376e-01,
         1.95805311e-01,  1.13521767e+00, -7.14891016e-01,  5.70791006e-01,
        -7.06546843e-01,  1.23246288e+00, -9.20325696e-01,  2.49449313e-01,
         1.35365069e+00,  7.07102478e-01, -1.42649949e-01,  6.76510572e-01,
        -1.87635243e+00,  1.03470296e-01,  2.53869796e+00,  4.48975712e-03,
         1.36008537e+00,  1.46578860e+00, -6.56728148e-01, -1.82629597e+00,
         5.40014207e-01,  1.74413681e-01,  1.34952343e+00, -1.33045387e+00,
         4.83301431e-01,  1.12123108e+00, -1.01830935e+00,  1.54522300e+00,
         1.16891325e-01,  5.63194215e-01,  9.84890282e-01, -3.59841436e-01,
         3.33706260e+00,  2.33429766e+00,  1.69915724e+00, -1.06626379e+00,
        -1.06661308e+00,  2.09804010e+00,  8.49856853e-01,  2.72363806e+00,
         3.18083912e-01, -5.36515296e-01,  1.95507973e-01, -3.11295301e-01,
         1.66514683e+00,  1.74765015e+00,  1.91638041e+00,  1.25421357e+00,
         3.69788647e-01,  3.47614586e-01,  1.48121309e+00,  3.07606316e+00,
        -2.40834451e+00, -1.38275608e-01, -9.26617742e-01,  7.32282221e-01,
         1.21207738e+00,  5.31943798e-01, -1.35161340e+00,  1.75866568e+00,
         1.76196527e+00, -1.53408337e+00, -4.32997286e-01, -1.90806106e-01,
         7.49518871e-01, -2.09819317e-01, -1.01578736e+00, -8.69624555e-01,
        -1.23460591e+00,  4.72366244e-01,  5.25724828e-01,  2.51287818e-01,
         6.51506037e-02,  5.27286172e-01, -7.04173267e-01,  4.40302402e-01,
        -5.04521430e-01, -1.53923929e+00,  1.73006260e+00,  2.50102592e+00,
         6.06545150e-01,  4.49976206e-01,  3.50532556e+00,  1.93121660e+00,
         1.15774667e+00,  7.64062166e-01,  3.11183000e+00, -1.41371250e+00,
        -1.17983174e+00, -1.17051351e+00, -1.23572767e-01,  3.32513762e+00,
        -2.36511558e-01, -9.56264079e-01,  2.13560057e+00,  1.06488109e-01,
        -5.84334135e-01,  1.16322863e+00,  5.68367302e-01, -2.00696564e+00,
         1.87157106e+00,  4.30902004e+00, -1.64063290e-01,  7.40235031e-01,
         9.85206187e-01,  2.68216038e+00, -6.72997236e-01, -1.08009934e-01,
         4.72176933e+00,  1.81390274e+00,  1.27255642e+00,  1.01773608e+00,
        -9.53350961e-01,  9.26398784e-02,  1.98626196e+00,  2.07221842e+00,
         7.25617766e-01,  1.67819929e+00, -6.31795645e-01,  4.56972986e-01,
        -3.68544757e-01, -1.39000201e+00,  6.20416284e-01,  2.31574357e-01,
         1.16706407e+00, -4.13001299e-01,  1.95197850e-01, -1.94907248e-01,
        -7.65768707e-01,  1.12566411e+00,  4.82908547e-01,  2.14156723e+00,
         4.58742321e-01,  4.07628834e-01, -1.41478312e+00,  1.00436196e-01,
         1.79727280e+00,  1.14575183e+00, -1.00063872e+00,  1.69033408e+00,
         1.85564888e+00,  1.48109150e+00,  1.92223370e+00,  4.60358429e+00,
         1.22835112e+00,  1.63468981e+00,  1.28699496e-01, -8.26403916e-01,
         1.61323714e+00, -7.51487255e-01,  2.66104245e+00,  1.66698921e+00,
         1.90505469e+00, -1.19268470e-01,  1.97406507e+00, -1.80007637e+00,
         1.69959664e+00,  2.95891237e+00,  1.93731081e+00,  2.01992288e-01,
         5.12562454e-01, -3.31876338e-01,  1.52994299e+00,  1.51445079e+00,
        -1.48035452e-01,  1.49121380e+00,  3.67803454e-01,  1.02327371e+00,
         8.76734436e-01,  2.37184271e-01,  1.49594820e+00,  3.57580948e+00,
         3.49847221e+00,  3.99051696e-01,  9.62285876e-01,  2.23757315e+00,
        -5.03836572e-01, -7.12950170e-01,  1.93948817e+00,  2.75691986e-01,
        -9.98574257e-01,  1.58937025e+00, -2.41447359e-01,  5.84907830e-01,
         3.33508277e+00,  1.07114673e+00, -1.39052975e+00,  6.76035166e-01,
         2.48526287e+00,  6.25623465e-01,  3.05942178e-01,  1.72201708e-01,
        -1.44147718e+00,  5.19913435e-01,  3.52678746e-02, -5.04816413e-01,
         2.35072994e+00, -1.67303109e+00,  7.41473556e-01,  9.71580029e-01,
         2.80046630e+00, -2.43692470e+00,  2.15155005e+00,  5.10137892e+00,
        -1.02440715e+00, -1.97786793e-01, -7.34699845e-01,  1.39043558e+00,
        -2.53827065e-01,  8.40286613e-01, -7.76182353e-01,  7.86238432e-01,
         8.91969621e-01, -1.31244731e+00,  2.31320190e+00, -1.81365359e+00,
         4.21095657e+00, -2.55343094e-02, -6.31593883e-01, -2.60444403e-01,
        -6.96033061e-01,  2.32742405e+00,  1.80727988e-01, -5.79394281e-01,
        -3.67329091e-01,  1.79091024e+00,  5.81714749e-01,  4.16423827e-01,
        -8.41437340e-01,  1.18201339e+00,  2.90133744e-01, -5.42043269e-01,
         1.08862484e+00,  2.85462618e+00, -8.63718688e-01,  1.14414454e+00,
         2.38448262e-01,  1.06412446e+00,  4.30521578e-01, -3.49990577e-01,
         3.88298035e+00, -4.32096213e-01, -3.06634784e+00,  3.80854681e-03,
         2.61746383e+00,  8.56017351e-01,  1.19542427e-01,  1.42567003e+00,
         2.72893333e+00, -1.74758866e-01, -9.74356711e-01,  1.12488234e+00,
         1.65639734e+00,  9.96561170e-01,  1.12443805e+00,  7.75482282e-02,
         1.63725388e+00, -7.52757072e-01, -7.18163431e-01,  1.81675792e+00,
        -4.74288762e-02,  3.10647774e+00,  6.99068189e-01,  1.89069438e+00,
         2.24206424e+00,  1.78296161e+00,  7.86591709e-01, -1.07671261e+00,
         3.19113433e-01, -6.86180592e-01,  6.55573487e-01,  1.12668350e-01,
         8.35671306e-01,  1.31297410e+00,  1.94962800e+00, -3.49092782e-01,
        -1.74363256e+00,  1.00967121e+00, -2.48968646e-01,  5.70396423e-01,
         1.20252144e+00,  8.30701411e-01, -1.68049037e+00,  1.62263691e+00,
         1.37141633e+00,  1.97731197e+00, -1.08505321e+00, -2.23503843e-01,
         1.51526761e+00, -4.92885932e-02,  9.65229794e-02, -1.36650133e+00,
        -2.24707589e-01,  3.06971145e+00,  7.70486712e-01, -6.11503005e-01,
         1.23944390e+00,  2.46407223e+00,  1.38126493e+00,  1.32749200e+00,
         1.61605299e+00,  1.81636786e+00,  1.25345349e+00,  8.14673528e-02,
         1.45057213e+00,  3.48031282e+00,  2.38309050e+00, -1.23915195e+00,
         4.79008019e-01,  1.60679594e-03,  6.72168493e-01,  1.42557919e+00,
         2.49345112e+00,  2.23291898e+00, -1.60697773e-01,  1.76018727e+00,
         1.98271954e+00,  8.86693150e-02,  2.28864002e+00,  1.92888737e+00,
        -1.45450199e+00,  2.13115120e+00, -6.98062301e-01,  2.42074227e+00,
         2.10558820e+00,  9.43115056e-01, -5.13871312e-01,  1.72631234e-01,
         9.20157969e-01,  1.22283733e+00,  9.88554597e-01, -3.60955000e-02,
        -4.46124166e-01,  1.57872868e+00,  4.38087559e+00,  1.13951576e+00,
         2.39643621e+00, -4.99681026e-01,  3.65727454e-01,  2.22581491e-01,
        -6.70111001e-01,  3.45463252e+00,  5.46071768e-01,  5.03779709e-01,
         9.99670267e-01,  1.07365465e+00,  4.18049049e+00,  9.28806722e-01,
         5.16219079e-01,  6.68838799e-01,  2.02695799e+00,  3.20422173e+00,
         7.52900660e-01, -7.26796329e-01, -2.87765354e-01,  8.15049037e-02,
         1.03305054e+00, -4.12174314e-01, -2.86785752e-01,  1.14625692e+00,
        -1.71308136e+00,  2.96519130e-01,  2.08967447e+00,  3.14934540e+00,
         1.55228674e+00,  1.55305076e+00,  3.68022054e-01,  2.28708196e+00,
        -3.40604246e-01,  3.19939047e-01,  2.39261103e+00,  1.64505792e+00,
        -1.98040438e+00, -6.63174629e-01, -5.59090793e-01,  6.17023051e-01,
         4.90356952e-01, -1.49435163e+00,  1.64707756e+00,  2.46999168e+00,
         1.55403984e+00, -1.18823647e+00, -2.28935197e-01,  2.09261489e+00,
        -1.19115520e+00, -9.14042354e-01,  3.11485738e-01, -1.46196902e+00,
         4.41593170e-01,  5.29695868e-01,  5.88532865e-01, -4.19704951e-02,
         1.92732859e+00, -4.07081962e-01,  6.28882289e-01,  9.55794752e-01,
         3.38333154e+00,  2.52953672e+00,  2.31117105e+00, -1.25032949e+00,
         2.06783128e+00,  2.15827093e-01, -3.72982800e-01,  5.02121162e+00,
         9.86123502e-01, -8.52944851e-01,  3.77316022e+00,  1.05791128e+00,
        -2.31723928e+00, -1.00826703e-01,  1.18899286e-01,  2.03336430e+00,
         7.02140629e-01,  1.41864216e+00,  5.14699280e-01, -1.41991973e+00,
        -1.11501002e+00, -1.17450988e+00, -9.30842459e-01,  7.29447186e-01,
         4.41872501e+00, -8.49615872e-01,  2.01572943e-02, -2.31740475e-01,
         1.94407749e+00, -4.37267512e-01, -2.05299568e+00,  4.93935972e-01,
         1.86001265e+00,  7.56453335e-01,  9.42616343e-01,  1.69571519e+00,
         1.30852604e+00,  2.12085438e+00,  1.38893902e+00,  1.07629347e+00,
        -2.48412445e-01,  2.49029469e+00,  1.39930987e+00, -3.14195961e-01,
        -9.45567012e-01,  1.06569266e+00, -8.27761173e-01,  3.70806128e-01,
         4.65505409e+00,  2.11915302e+00,  3.05725408e+00, -9.07862425e-01,
         1.75920713e+00,  1.96549881e+00,  1.68722975e+00,  8.88622165e-01,
        -2.94741631e-01, -6.62230730e-01,  1.67535222e+00,  7.54926145e-01,
         6.40320826e+00,  7.14114761e+00,  1.09984040e+00,  1.16318151e-01,
         6.50410891e-01, -3.58412750e-02,  1.02493599e-01,  1.52655292e+00,
        -1.84158361e+00, -1.85409427e+00, -5.10256708e-01, -1.31360590e+00,
         3.03067780e+00,  3.01699966e-01,  1.84576616e-01,  7.37032592e-01,
         1.82988679e+00,  3.26200843e+00,  2.19055963e+00, -3.24407548e-01,
        -2.30775332e+00,  1.01166391e+00, -9.65088308e-01, -9.74798143e-01,
        -1.35513687e+00,  6.50148094e-02, -6.31709516e-01, -1.24845886e+00,
        -1.19786882e+00, -2.09636354e+00, -1.04867423e+00, -1.48642862e+00,
        -1.40816939e+00, -1.62405264e+00, -1.30128634e+00, -7.64203906e-01,
        -1.40360522e+00, -1.47656572e+00, -4.43239421e-01, -6.98869586e-01,
        -2.92256713e+00, -9.50027406e-01, -1.89101589e+00, -9.68869090e-01,
         7.63293775e-03,  5.96030593e-01,  5.82679331e-01, -9.84374806e-03,
        -1.71530473e+00, -7.50090063e-01, -2.25781620e-01, -2.03758883e+00,
        -1.97130084e+00, -4.51192588e-01, -6.03069246e-01, -1.89909196e+00,
        -7.14121640e-01, -1.00794089e+00, -5.18595755e-01, -1.14894390e+00,
        -1.39123702e+00, -1.20859087e+00,  2.05953884e+00, -6.42632365e-01,
         9.34415638e-01,  1.60430491e-01, -1.65348053e+00,  1.97071362e+00,
        -2.05894947e+00, -1.59142661e+00,  2.11909801e-01,  7.68145621e-01,
        -2.16592216e+00,  4.59583029e-02,  2.22552419e-01, -2.21490598e+00,
         4.86391902e-01,  2.34269902e-01,  2.07055360e-01, -5.83033800e-01,
        -6.34443015e-02,  4.98140037e-01, -1.84170163e+00, -9.09511745e-02,
        -1.83919024e+00, -3.13575596e-01, -1.42526543e+00, -1.82927644e+00,
        -1.29001915e+00, -3.04936814e+00, -2.71933842e+00, -1.73276091e+00,
        -1.63982940e+00, -2.75440979e+00, -1.69290155e-01,  1.15904212e+00],
       device='cuda:0')
Clean RHS: tensor([[1.01008058]], device='cuda:0')
Split layers:
Nonlinear functions:
   BoundRelu(name=/66, inputs=[/input], perturbed=True)
   BoundRelu(name=/68, inputs=[/input-4], perturbed=True)
   BoundRelu(name=/71, inputs=[/input-12], perturbed=True)
   BoundRelu(name=/73, inputs=[/input-16], perturbed=True)
   BoundRelu(name=/76, inputs=[/input-24], perturbed=True)
   BoundRelu(name=/78, inputs=[/input-28], perturbed=True)
   BoundRelu(name=/80, inputs=[/input-32], perturbed=True)
   BoundRelu(name=/83, inputs=[/input-40], perturbed=True)
   BoundRelu(name=/85, inputs=[/input-44], perturbed=True)
   BoundRelu(name=/87, inputs=[/input-48], perturbed=True)
   BoundRelu(name=/90, inputs=[/input-56], perturbed=True)
   BoundRelu(name=/92, inputs=[/input-60], perturbed=True)
   BoundRelu(name=/94, inputs=[/input-64], perturbed=True)
   BoundRelu(name=/98, inputs=[/input-68], perturbed=True)
   BoundRelu(name=/101, inputs=[/input-72], perturbed=True)
   BoundRelu(name=/input-8/conv_1_relu, inputs=[/input-8/conv_1], perturbed=True)
   BoundRelu(name=/input-8/conv_3_relu, inputs=[/input-8/conv_3], perturbed=True)
   BoundRelu(name=/input-20/conv_1_relu, inputs=[/input-20/conv_1], perturbed=True)
   BoundRelu(name=/input-20/conv_3_relu, inputs=[/input-20/conv_3], perturbed=True)
   BoundRelu(name=/input-36/conv_1_relu, inputs=[/input-36/conv_1], perturbed=True)
   BoundRelu(name=/input-36/conv_3_relu, inputs=[/input-36/conv_3], perturbed=True)
   BoundRelu(name=/input-52/conv_1_relu, inputs=[/input-52/conv_1], perturbed=True)
   BoundRelu(name=/input-52/conv_3_relu, inputs=[/input-52/conv_3], perturbed=True)
   BoundRelu(name=/95/conv_1_relu, inputs=[/95/conv_1], perturbed=True)
   BoundRelu(name=/95/conv_3_relu, inputs=[/95/conv_3], perturbed=True)
Batched CROWN: node BoundConv(name=/input-4, inputs=[/66, /35, /36], perturbed=True), unstable size 94345
Batched CROWN: node BoundConv(name=/input-8/conv_1, inputs=[/68, /input-8/conv_1_w], perturbed=True), unstable size 152299
Batched CROWN: node BoundConv(name=/input-8/conv_3, inputs=[/input-8/add_1_2, /input-8/conv_3_w], perturbed=True), unstable size 41248
Batched CROWN: node BoundConv(name=/input-12, inputs=[/input-8/add_3_4, /37, /38], perturbed=True), unstable size 717259
Batched CROWN: node BoundConv(name=/input-16, inputs=[/71, /39, /40], perturbed=True), unstable size 1576123
Batched CROWN: node BoundConv(name=/input-20/conv_1, inputs=[/73, /input-20/conv_1_w], perturbed=True), unstable size 47577
Batched CROWN: node BoundConv(name=/input-20/conv_3, inputs=[/input-20/add_1_2, /input-20/conv_3_w], perturbed=True), unstable size 19730
Batched CROWN: node BoundConv(name=/input-24, inputs=[/input-20/add_3_4, /41, /42], perturbed=True), unstable size 435232
Batched CROWN: node BoundConv(name=/input-28, inputs=[/76, /43, /44], perturbed=True), unstable size 796714
Batched CROWN: node BoundConv(name=/input-32, inputs=[/78, /45, /46], perturbed=True), unstable size 346264
Batched CROWN: node BoundConv(name=/input-36/conv_1, inputs=[/80, /input-36/conv_1_w], perturbed=True), unstable size 42487
Batched CROWN: node BoundConv(name=/input-36/conv_3, inputs=[/input-36/add_1_2, /input-36/conv_3_w], perturbed=True), unstable size 22700
Batched CROWN: node BoundConv(name=/input-40, inputs=[/input-36/add_3_4, /47, /48], perturbed=True), unstable size 376384
Batched CROWN: node BoundConv(name=/input-44, inputs=[/83, /49, /50], perturbed=True), unstable size 352172
Batched CROWN: node BoundConv(name=/input-48, inputs=[/85, /51, /52], perturbed=True), unstable size 375455
Batched CROWN: node BoundConv(name=/input-52/conv_1, inputs=[/87, /input-52/conv_1_w], perturbed=True), unstable size 114269
Batched CROWN: node BoundConv(name=/input-52/conv_3, inputs=[/input-52/add_1_2, /input-52/conv_3_w], perturbed=True), unstable size 61469
Batched CROWN: node BoundConv(name=/input-56, inputs=[/input-52/add_3_4, /53, /54], perturbed=True), unstable size 99312
Batched CROWN: node BoundConv(name=/input-60, inputs=[/90, /55, /56], perturbed=True), unstable size 100332
Batched CROWN: node BoundConv(name=/input-64, inputs=[/92, /57, /58], perturbed=True), unstable size 100352
Batched CROWN: node BoundConv(name=/95/conv_1, inputs=[/94, /95/conv_1_w], perturbed=True), unstable size 50176
Batched CROWN: node BoundConv(name=/95/conv_3, inputs=[/95/add_1_2, /95/conv_3_w], perturbed=True), unstable size 25088
Batched CROWN: node BoundLinear(name=/input-68, inputs=[/96, /59, /60], perturbed=True), unstable size 4096
Batched CROWN: node BoundLinear(name=/input-72, inputs=[/99, /61, /62], perturbed=True), unstable size 4096
initial crown bounds: tensor([[-3.67841971e+09]], device='cuda:0')
Number of class (without rhs): 1 ; Worst class: (+ rhs) -3678419712.0
Iteration 1
Adv attack time: 1.6679s
Batch size: 1
Current pickout batch: 1, total pickout batch: 1
Batched CROWN: node BoundConv(name=/input-4, inputs=[/66, /35, /36], perturbed=True), unstable size 94345
Batched CROWN: node BoundConv(name=/input-8/conv_1, inputs=[/68, /input-8/conv_1_w], perturbed=True), unstable size 152299
Batched CROWN: node BoundConv(name=/input-8/conv_3, inputs=[/input-8/add_1_2, /input-8/conv_3_w], perturbed=True), unstable size 41248
Batched CROWN: node BoundConv(name=/input-12, inputs=[/input-8/add_3_4, /37, /38], perturbed=True), unstable size 717259
Batched CROWN: node BoundConv(name=/input-16, inputs=[/71, /39, /40], perturbed=True), unstable size 1576123
Batched CROWN: node BoundConv(name=/input-20/conv_1, inputs=[/73, /input-20/conv_1_w], perturbed=True), unstable size 47577
Batched CROWN: node BoundConv(name=/input-20/conv_3, inputs=[/input-20/add_1_2, /input-20/conv_3_w], perturbed=True), unstable size 19729
Batched CROWN: node BoundConv(name=/input-24, inputs=[/input-20/add_3_4, /41, /42], perturbed=True), unstable size 435233
Batched CROWN: node BoundConv(name=/input-28, inputs=[/76, /43, /44], perturbed=True), unstable size 796714
Batched CROWN: node BoundConv(name=/input-32, inputs=[/78, /45, /46], perturbed=True), unstable size 346264
Batched CROWN: node BoundConv(name=/input-36/conv_1, inputs=[/80, /input-36/conv_1_w], perturbed=True), unstable size 42487
Batched CROWN: node BoundConv(name=/input-36/conv_3, inputs=[/input-36/add_1_2, /input-36/conv_3_w], perturbed=True), unstable size 22700
Batched CROWN: node BoundConv(name=/input-40, inputs=[/input-36/add_3_4, /47, /48], perturbed=True), unstable size 376384
Batched CROWN: node BoundConv(name=/input-44, inputs=[/83, /49, /50], perturbed=True), unstable size 352173
Batched CROWN: node BoundConv(name=/input-48, inputs=[/85, /51, /52], perturbed=True), unstable size 375455
Batched CROWN: node BoundConv(name=/input-52/conv_1, inputs=[/87, /input-52/conv_1_w], perturbed=True), unstable size 114269
Batched CROWN: node BoundConv(name=/input-52/conv_3, inputs=[/input-52/add_1_2, /input-52/conv_3_w], perturbed=True), unstable size 61469
Batched CROWN: node BoundConv(name=/input-56, inputs=[/input-52/add_3_4, /53, /54], perturbed=True), unstable size 99312
Batched CROWN: node BoundConv(name=/input-60, inputs=[/90, /55, /56], perturbed=True), unstable size 100332
Batched CROWN: node BoundConv(name=/input-64, inputs=[/92, /57, /58], perturbed=True), unstable size 100352
Batched CROWN: node BoundConv(name=/95/conv_1, inputs=[/94, /95/conv_1_w], perturbed=True), unstable size 50176
Batched CROWN: node BoundConv(name=/95/conv_3, inputs=[/95/add_1_2, /95/conv_3_w], perturbed=True), unstable size 25088
Batched CROWN: node BoundLinear(name=/input-68, inputs=[/96, /59, /60], perturbed=True), unstable size 4096
Batched CROWN: node BoundLinear(name=/input-72, inputs=[/99, /61, /62], perturbed=True), unstable size 4096
Worst bound: tensor([-3.67843098e+09], device='cuda:0')
Current (lb-rhs): -3678430976.0
Total time: 3495.2452  pickout: 0.0005  split: 0.0011  decision: 0.0003  bounding: 3495.2039  clipping: 0.0000  add_domain: 0.0285  rest: 0.0109
Length of domains: 2
3 branch and bound domains visited
Time out!
Result: timeout
Time: 5305.140955209732
[rank 0] === Checking instance ID 61 ===
[rank 0] >>> Running ID=61 onnx=onnx/vgg16-7.onnx
Configurations:

general:
  device: cuda
  seed: 100
  conv_mode: patches
  deterministic: false
  double_fp: false
  loss_reduction_func: max
  sparse_alpha: true
  sparse_interm: true
  save_adv_example: false
  verify_onnxruntime_output: false
  eval_adv_example: false
  show_adv_example: false
  precompile_jit: false
  prepare_only: false
  complete_verifier: bab
  enable_incomplete_verification: false
  csv_name: instances.csv
  results_file: results/vggnet16_all_p_1/result_61.rank0.txt
  root_path: ../../vnncomp2023_benchmarks/benchmarks/vggnet16
  deterministic_opt: false
  graph_optimizer: 'Customized("custom_graph_optimizer", "maxpool_to_relu")'
  buffer_has_batchdim: false
  save_output: false
  output_file: out.pkl
  return_optimized_model: false
  output_additional_stats: true
  instance_id: 61
  dataset_output_dir: dataset
  min_stable_neurons_ratio_threshold: 0.0
model:
  name: null
  path: null
  onnx_path: /projects/air/dlverifier/vggnet16_all/onnx/vgg16-7.onnx
  onnx_path_prefix: ''
  cache_onnx_conversion: true
  debug_onnx: false
  onnx_quirks: null
  input_shape: null
  onnx_loader: default_onnx_and_vnnlib_loader
  onnx_optimization_flags: []
  onnx_vnnlib_joint_optimization_flags: none
  check_optimized: false
  flatten_final_output: false
  optimize_graph: null
  with_jacobian: false
data:
  start: 0
  end: 10000
  select_instance: null
  num_outputs: 1000
  mean: 0.0
  std: 1.0
  pkl_path: null
  dataset: null
  data_filter_path: null
  data_idx_file: null
specification:
  type: lp
  robustness_type: verified-acc
  norm: .inf
  epsilon: null
  epsilon_min: 0.0
  vnnlib_path: /projects/air/dlverifier/vggnet16_all/vnnlib/n01534433_junco_global_k50176_eps_0.0002.vnnlib
  vnnlib_path_prefix: ''
  rhs_offset: null
solver:
  batch_size: 1
  auto_enlarge_batch_size: false
  min_batch_size_ratio: 0.1
  use_float64_in_last_iteration: false
  early_stop_patience: 10
  start_save_best: 0.5
  bound_prop_method: forward+backward
  init_bound_prop_method: same
  prune_after_crown: false
  optimize_disjuncts_separately: false
  crown:
    batch_size: 16
    max_crown_size: 1000000000
    relu_option: adaptive
  alpha-crown:
    alpha: true
    lr_alpha: 0.1
    iteration: 100
    share_alphas: false
    lr_decay: 0.98
    full_conv_alpha: true
    max_coeff_mul: .inf
    matmul_share_alphas: false
    disable_optimization: []
    max_time: 1.0
  invprop:
    apply_output_constraints_to: []
    tighten_input_bounds: false
    best_of_oc_and_no_oc: false
    directly_optimize: []
    oc_lr: 0.1
    share_gammas: false
  beta-crown:
    lr_alpha: 0.01
    lr_beta: 0.05
    lr_decay: 0.98
    optimizer: adam
    iteration: 10
    beta: true
    beta_warmup: true
    enable_opt_interm_bounds: false
    all_node_split_LP: false
  forward:
    refine: false
    dynamic: true
    max_dim: 100
    reset_threshold: 1.0
  intermediate_refinement:
    enabled: false
    batch_size: 10
    opt_coeffs: false
    opt_bias: false
    lr: 0.05
    layers: [-1]
    max_domains: 1000
  multi_class:
    label_batch_size: 32
    skip_with_refined_bound: true
  mip:
    unstable_neuron_threshold: 0
    parallel_solvers: null
    solver_threads: 1
    refine_neuron_timeout: 15
    refine_neuron_time_percentage: 0.8
    early_stop: true
    adv_warmup: true
    mip_solver: gurobi
    skip_unsafe: false
    topk_filter: 1.0
    sliding_window: -1
    extra_constraint: false
    refine_neuron_timeout_increasement: 0
    timeout_neuron_percentage: 0.3
    remaining_timeout_threshold: 1
    remove_unstable_neurons: true
    lp_solver: false
bab:
  initial_max_domains: 1
  backing_up_max_domain: null
  max_domains: .inf
  decision_thresh: 0
  timeout: 1200.0
  timeout_scale: 1
  max_iterations: -1
  override_timeout: null
  get_upper_bound: false
  pruning_in_iteration: true
  pruning_in_iteration_ratio: 0.2
  sort_targets: false
  batched_domain_list: true
  optimized_interm: ''
  interm_transfer: true
  recompute_interm: false
  sort_domain_interval: -1
  vanilla_crown: false
  tree_traversal: depth_first
  cut:
    enabled: false
    cuts_path: /tmp/abcrown_cuts
    implication: false
    bab_cut: false
    lp_cut: false
    method: null
    lr: 0.01
    lr_decay: 1.0
    iteration: 100
    bab_iteration: -1
    early_stop_patience: -1
    lr_beta: 0.02
    number_cuts: 50
    topk_cuts_in_filter: 1000
    batch_size_primal: 100
    max_num: 1000000000
    patches_cut: false
    cplex_cuts: false
    cplex_cuts_wait: 0
    cplex_cuts_revpickup: true
    cut_reference_bounds: true
    fix_intermediate_bounds: false
    _tmp_cuts: null
    fixed_cuts: false
    add_implied_cuts: false
    add_input_cuts: false
    biccos:
      enabled: false
      constraint_strengthening: true
      recursively_strengthening: false
      drop_ratio: 0.5
      verified_bonus: 0.3
      max_infer_iter: 20
      heuristic: neuron_influence_score
      save_biccos_cuts: false
      multi_tree_branching:
        enabled: false
        restore_best_tree: false
        keep_n_best_domains: 1
        k_splits: 1
        iterations: 1
  branching:
    method: sb
    candidates: 3
    reduceop: min
    enable_intermediate_bound_opt: false
    branching_input_and_activation: false
    branching_input_and_activation_order: [input, relu]
    branching_input_iterations: 30
    branching_relu_iterations: 50
    gnn_path: ''
    neural_heuristic:
      model_path: ''
    rl:
      experiment: general
      eval: false
      extras: []
      logging:
        color: true
        debug: true
        file: rl-experiment.log
      pnet:
        gH: 64
        tH: 64
        nheads: 64
        nlayers: 64
        useDynamicGraph: true
        bidirectional: false
        GAT: true
      training:
        gamma: 0.99
        lr: 0.001
        batchSize: 8
        loop: 8
        totalEpochs: 10
        updatePolicyFrequency: 10
        updateTargetFrequency: 10
        buffer: buffer.pkl
        preparedBuffer: 'False'
        TestingPreparedBuffer: false
        scriptTraining: false
        policynet: policy-checkpoint.pt
        targetnet: target-checkpoint.pt
        datasetShuffle: true
        targetedData: all
        splitRatio: 0.8
        maxInstances: -1
        trainingMode: full
        reward:
          norm: null
          bonus: 10.0
          penalty: -1.0
      egreedy:
        epsilon: 0.1
        epsilonDecay: 0.1
        minEpsilon: 0.1
        ePath: epsilon.pt
        enabled: true
      expert:
        useExpertUntilEpisode: 0.1
        enabled: true
        learnToImitateExpertEpochs: 10
    nonlinear_split:
      method: shortcut
      branching_point_method: uniform
      num_branches: 2
      filter: false
      filter_beta: false
      filter_clamp: false
      filter_batch_size: 10000
      filter_iterations: 25
      relu_only: false
      loose_tanh_threshold: null
      dynamic_bbps: false
      dynamic_options: [uniform, three_left, three_right]
      branching_point_node: ''
      branching_point_db: []
    input_split:
      enable_clip_domains: false
      split_hint: null
      reorder_bab: false
      enable: true
      enhanced_bound_prop_method: alpha-crown
      enhanced_branching_method: naive
      enhanced_bound_patience: 100000000.0
      attack_patience: 100000000.0
      adv_check: 0
      split_partitions: 2
      sb_margin_weight: 1.0
      sb_sum: false
      sb_primary_spec: null
      bf_backup_thresh: -1
      bf_rhs_offset: 0
      bf_iters: 1000000000.0
      bf_batch_size: 100000
      bf_zero_crossing_score: false
      touch_zero_score: 0
      ibp_enhancement: false
      catch_assertion: false
      compare_with_old_bounds: false
      update_rhs_with_attack: false
      sb_coeff_thresh: 0.001
      sort_index: null
      sort_descending: true
      show_progress: false
      presplit_domains: null
      skip_getting_worst_domain: false
  attack:
    enabled: false
    beam_candidates: 8
    beam_depth: 7
    max_dive_fix_ratio: 0.8
    min_local_free_ratio: 0.2
    mip_start_iteration: 5
    mip_timeout: 30.0
    adv_pool_threshold: null
    refined_mip_attacker: false
    refined_batch_size: null
attack:
  pgd_order: input_bab
  pgd_steps: 100
  pgd_restarts: 30
  pgd_batch_size: 100000000
  pgd_early_stop: true
  pgd_lr_decay: 0.99
  pgd_alpha: auto
  pgd_alpha_scale: false
  pgd_loss_mode: null
  pgd_restart_when_stuck: false
  enable_mip_attack: false
  adv_saver: default_adv_saver
  adv_verifier: default_adv_verifier
  early_stop_condition: default_early_stop_condition
  adv_example_finalizer: default_adv_example_finalizer
  pgd_loss: default_pgd_loss
  cex_path: ./test_cex.txt
  attack_mode: PGD
  attack_tolerance: 0.0
  attack_func: attack_with_general_specs
  gama_lambda: 10.0
  gama_decay: 0.9
  check_clean: true
  input_split:
    pgd_steps: 100
    pgd_restarts: 30
    pgd_alpha: auto
  input_split_enhanced:
    pgd_steps: 200
    pgd_restarts: 500000
    pgd_alpha: auto
  input_split_check_adv:
    enabled: auto
    pgd_steps: 5
    pgd_restarts: 5
    pgd_alpha: auto
    max_num_domains: 10
debug:
  sanity_check: Full+Graph
  view_model: false
  lp_test: null
  rescale_vnnlib_ptb: null
  test_optimized_bounds: false
  test_optimized_bounds_after_n_iterations: 0
  print_verbose_decisions: false

Experiments at Fri Feb 20 08:18:52 2026 on d1028
Internal results will be saved to results/vggnet16_all_p_1/result_61.rank0.txt.

[ZRL] %%%%%%%%%%%%%%%%%%%%%%%%%%%%%%%%%%% idx: 0, vnnlib ID: 0 %%%%%%%%%%%%%%%%%%%%%%%%%%%%%%%%%%%
Using onnx /projects/air/dlverifier/vggnet16_all/onnx/vgg16-7.onnx
Using vnnlib /projects/air/dlverifier/vggnet16_all/vnnlib/n01534433_junco_global_k50176_eps_0.0002.vnnlib
150528 inputs and 1000 outputs in vnnlib
Loading cached onnx model from /projects/air/dlverifier/vggnet16_all/onnx/vgg16-7.onnx.cached
Cannot read cached onnx file. Regenerating...
Loading onnx /projects/air/dlverifier/vggnet16_all/onnx/vgg16-7.onnx with quirks {}
Finished onnx model loading in 35.0950 seconds
Number of perturbed inputs: 150528
WARNING: prioritizing attack due to too many perturbed pixels on VGG
Setting arguments.Config["attack"]["pgd_order"] to "before"
Setting bound_prop_method to crown
Attack parameters: initialization=uniform, steps=100, restarts=30, alpha=5.000084638595581e-05, initialization=uniform, GAMA=False
Model output of first 5 examples:
 tensor([[-6.72295466e-02,  1.76149893e+00, -6.03722572e-01, -8.72324347e-01,
         -7.48180509e-01,  9.11615849e-01,  2.81771421e-01, -1.48009479e+00,
         -7.25929439e-01, -5.28592825e-01, -7.17152432e-02,  1.19658709e-01,
          5.12283891e-02,  5.73404282e-02,  1.88214302e-01,  8.19619477e-01,
         -6.11432791e-01, -1.14361274e+00, -2.84032941e-01, -4.37570840e-01,
         -1.80093393e-01,  3.08937758e-01,  6.82952553e-02, -5.41667998e-01,
          2.97549933e-01, -2.40255706e-02,  1.64712965e+00,  1.16617456e-01,
         -5.64214945e-01,  1.18243134e+00, -7.53575742e-01,  1.10709381e+00,
          2.61622578e-01, -3.45503420e-01, -5.50944805e-01, -2.10521847e-01,
          8.91408205e-01, -9.72051382e-01,  8.73237491e-01, -3.69117618e-01,
          1.03541946e+00,  1.17850661e-01,  6.81571215e-02,  4.94499505e-01,
          7.29024231e-01,  4.49662477e-01,  1.04532969e+00,  2.16463476e-01,
         -5.61851501e-01,  1.22458048e-01,  6.19783938e-01, -1.50057459e+00,
          8.14023674e-01,  8.88179123e-01,  1.46234512e-01,  7.75502175e-02,
          6.39245272e-01, -7.03324676e-01,  9.26333189e-01,  8.77104521e-01,
          1.05737019e+00, -1.21490061e-01,  1.72585294e-01,  1.09858370e+00,
          7.20604956e-01, -2.97130700e-02,  3.25838208e-01,  1.61204077e-02,
         -8.32862929e-02, -7.64697194e-01,  1.15483844e+00,  1.22258127e+00,
          8.23912501e-01,  1.90668297e+00,  1.56739533e+00,  2.24077892e+00,
          1.81021774e+00,  3.04361701e+00,  2.34926248e+00,  2.07996154e+00,
          1.07060874e+00, -1.05799150e+00,  2.81486392e-01, -3.57590437e-01,
         -5.69810033e-01, -2.42389470e-01, -7.39827693e-01,  1.32621154e-01,
          2.67382175e-01, -8.74615192e-01, -3.32455158e-01, -4.88846391e-01,
          7.65129626e-01,  4.47853595e-01,  9.28910136e-01, -4.41677064e-01,
          1.01566923e+00, -1.13830554e+00, -3.66403997e-01, -1.00432014e+00,
         -1.90263093e-01, -1.26984775e+00, -1.51476729e+00,  7.51115263e-01,
          1.57917440e-01, -1.09727275e+00,  8.13406706e-03, -1.02047205e+00,
         -8.16271424e-01, -1.53624368e+00,  1.10193826e-01,  2.74202967e+00,
          1.24457411e-01,  1.13285780e+00,  1.70222652e+00, -3.17994922e-01,
         -5.31212330e-01, -1.49732940e-02, -4.21288639e-01, -6.07406497e-01,
         -5.30206561e-01, -6.22442126e-01, -9.39501822e-01, -1.49438310e+00,
         -6.37368441e-01, -8.22901666e-01,  1.79160380e+00, -3.00402671e-01,
          7.77707696e-01,  2.55167782e-01, -2.24473596e-01, -8.60910058e-01,
          1.91612288e-01, -6.62497878e-02, -7.73736119e-01,  9.19337869e-02,
         -9.31964517e-01, -4.93737459e-01,  1.87004909e-01, -1.30769050e+00,
         -1.89474845e+00, -3.85648459e-01, -6.80461168e-01, -8.25630367e-01,
         -1.33984125e+00, -8.31351697e-01, -1.02949345e+00,  2.46498540e-01,
         -4.30745214e-01, -3.47360671e-01, -1.63231862e+00,  1.00156152e+00,
          1.11727960e-01,  9.58770752e-01,  1.48305678e+00,  4.89346713e-01,
         -3.31558317e-01,  9.18932557e-01, -3.77636790e-01, -1.05147970e+00,
         -3.16811740e-01,  2.33467296e-03,  7.64576674e-01, -3.80369723e-01,
         -5.82769215e-01, -5.78080177e-01, -7.42886841e-01, -6.67892516e-01,
         -4.97334674e-02,  7.90066719e-02, -2.67344862e-01, -5.48658490e-01,
         -1.47906935e+00, -4.73885864e-01,  4.97182459e-03, -2.15983480e-01,
         -1.11846220e+00, -3.69577855e-01, -6.98602676e-01, -1.24837792e+00,
         -1.41295660e+00,  2.94162296e-02,  8.71088088e-01, -3.00667584e-01,
          5.35925567e-01,  3.77881259e-01,  7.97451496e-01,  1.10649550e+00,
          3.48677099e-01,  5.40871859e-01, -8.97619575e-02,  1.26023781e+00,
          2.78100312e-01,  3.02862912e-01,  2.41999105e-01,  6.26797795e-01,
          2.90398717e-01, -5.56186259e-01, -7.38098502e-01,  1.16181457e+00,
          6.78319752e-01, -1.14983618e-01,  1.37017429e-01,  1.18052316e+00,
          7.28096724e-01, -8.42097580e-01, -9.01545346e-01,  7.76376277e-02,
         -6.81240380e-01, -3.77797186e-01, -1.96566451e+00, -4.87748921e-01,
         -5.10172434e-02, -2.96845585e-01, -2.12352008e-01, -5.40559113e-01,
         -9.77398008e-02, -1.68393672e-01, -5.06308794e-01,  2.72431850e-01,
         -3.48854989e-01,  1.37680903e-01, -1.14783198e-01,  4.92365301e-01,
          5.93258679e-01, -6.93346858e-01, -4.61659074e-01, -6.74931586e-01,
         -6.53616190e-01,  8.48008573e-01,  4.55409259e-01,  7.54811704e-01,
         -8.27034116e-01, -6.10943362e-02, -1.57814085e-01,  7.44625866e-01,
         -8.08711052e-01, -6.75469860e-02, -8.54292870e-01,  3.60880047e-01,
         -4.73865211e-01, -4.37625229e-01, -4.22729217e-02, -1.28037691e+00,
          4.28204298e-01,  2.74249673e-01, -1.14873731e+00,  1.66439772e-01,
          5.42576671e-01,  7.31226206e-01,  4.67371315e-01, -1.40364730e+00,
          1.41159654e+00, -2.41703361e-01,  8.59962642e-01, -9.14146602e-01,
         -3.33668262e-01,  6.20010734e-01,  8.52806389e-01,  2.53131795e+00,
          2.23165536e+00,  9.03937399e-01, -3.10032785e-01,  4.60486531e-01,
          1.75685808e-01,  1.53685057e+00,  4.62940902e-01,  5.92594445e-02,
         -1.30443633e+00,  1.53200018e+00,  1.09347665e+00,  1.75135696e+00,
          1.68254650e+00,  1.40062177e+00,  9.43090379e-01,  1.01127470e+00,
          8.65064204e-01,  1.85628879e+00,  1.19277740e+00,  1.56387448e+00,
          1.78647029e+00,  2.36418557e+00,  2.27830124e+00,  3.67971992e+00,
          2.38254547e+00,  1.36971080e+00,  1.99871451e-01,  1.40080714e+00,
          5.21683216e-01, -9.05485898e-02,  5.99366054e-03,  6.80565119e-01,
         -3.23240072e-01,  1.11052155e+00, -6.90004230e-01, -3.61742228e-01,
         -2.21509725e-01,  2.76388526e-01, -2.56878316e-01,  7.91763842e-01,
         -7.79576123e-01,  6.83581769e-01,  5.80764472e-01,  6.83963001e-01,
          6.28748983e-02, -6.92868829e-01,  7.11615920e-01,  1.08607757e+00,
          1.27107000e+00,  2.84954190e-01,  1.86073172e+00,  1.45859432e+00,
          6.85969770e-01,  2.05108905e+00,  2.06828094e+00,  1.04659104e+00,
          6.19504929e-01,  5.34448400e-03,  2.33531165e+00,  1.11526978e+00,
          8.67175996e-01, -1.28209281e+00, -1.06783223e+00, -9.01593328e-01,
         -1.20050430e+00, -1.40130591e+00, -1.44535720e+00,  7.98877627e-02,
         -1.40623820e+00, -7.35915184e-01,  7.58519173e-01,  1.33590829e+00,
          3.21934032e+00,  5.76626480e-01, -1.59266770e-01,  3.95212501e-01,
         -1.35699749e+00,  5.22417665e-01, -4.81834948e-01, -1.79900849e+00,
         -1.23241889e+00, -5.62457442e-01, -8.96558464e-01, -9.84511614e-01,
         -1.12775028e+00, -1.48178101e+00, -1.72330654e+00, -2.06592247e-01,
         -2.42617273e+00, -1.71155417e+00, -1.65130830e+00, -8.34203243e-01,
         -6.32891655e-01, -5.42234898e-01, -1.08194137e+00, -1.27266335e+00,
          6.64491415e-01,  7.68988848e-01,  8.33492517e-01,  1.07738721e+00,
         -3.87591898e-01,  1.38452053e+00,  1.20988297e+00,  2.67473936e-01,
         -6.92752719e-01,  5.51282585e-01,  2.71216363e-01,  2.03761846e-01,
          1.20730805e+00, -1.28978118e-01,  5.60778379e-01, -3.01064491e-01,
          2.65080690e-01,  4.07186836e-01,  2.49066085e-01, -8.10465872e-01,
          1.56779900e-01,  7.90145576e-01,  5.88041365e-01, -2.00762317e-01,
          1.44504237e+00,  3.28519344e-01,  6.00169122e-01,  1.56082973e-01,
          6.09728575e-01, -8.00399303e-01, -1.30762768e+00,  1.54226705e-01,
         -1.03676116e+00,  4.76753592e-01, -6.07738018e-01,  4.80563343e-02,
         -5.05582452e-01, -2.31582594e+00, -7.96118915e-01,  9.02946174e-01,
         -1.46557510e+00, -1.21136975e+00, -5.10099053e-01, -2.37139910e-02,
         -7.69616187e-01, -8.30482602e-01,  1.14971526e-01, -7.90395081e-01,
         -6.00103617e-01,  6.59527361e-01, -7.31351912e-01, -1.41480923e-01,
         -1.91320264e+00,  2.20093536e+00, -1.00971198e+00,  4.52238798e-01,
          2.32445076e-02,  7.09132552e-01,  2.23467782e-01, -1.95899582e+00,
          8.83413792e-01, -7.04148561e-02,  2.39923644e+00,  1.34819078e+00,
          5.56216180e-01,  6.31860420e-02, -4.08320010e-01, -1.13394058e+00,
         -8.41802120e-01, -5.26743531e-01,  7.51898825e-01, -9.68869209e-01,
         -1.86697200e-01, -7.92227983e-01, -1.10000515e+00, -8.13665390e-01,
          2.77971804e-01, -9.98268798e-02,  2.30730534e-01,  1.38520563e+00,
         -4.59105879e-01, -6.33757412e-01,  1.02651334e+00,  2.86364615e-01,
         -4.65736538e-01,  8.15124869e-01, -2.55961448e-01,  7.39981472e-01,
         -8.08685660e-01, -1.00080609e+00,  2.27202249e+00, -1.16299284e+00,
         -9.49700415e-01, -8.88188541e-01, -1.48626006e+00,  3.97458971e-01,
         -2.38608584e-01,  1.25111803e-01, -1.37457597e+00, -5.03331602e-01,
          2.97692239e-01,  9.63286698e-01, -5.95580339e-01,  2.12900862e-01,
         -1.61403894e+00,  2.77353525e-01,  1.87820041e+00, -7.77657449e-01,
          2.97889352e-01,  8.61854315e-01, -1.22087443e+00, -2.44208884e+00,
          1.88691050e-01,  1.39967382e+00,  1.71361053e+00, -8.20985317e-01,
         -1.23569477e+00, -8.71064793e-03, -1.56646466e+00,  8.32882226e-01,
         -1.04950869e+00, -8.79342735e-01, -3.62466991e-01, -1.21546006e+00,
          1.92778945e+00,  1.84669495e-01, -3.00854184e-02, -1.09096086e+00,
         -1.37301195e+00,  6.29052162e-01,  5.09695336e-02,  1.72922814e+00,
         -3.90682966e-01,  5.43765008e-01,  5.79591691e-01, -7.83820629e-01,
          1.29617751e-04,  6.93096340e-01,  5.30494213e-01,  1.78850368e-01,
          2.31574833e-01,  3.04615438e-01, -2.85522759e-01,  1.24505043e+00,
         -1.96369433e+00, -1.60839468e-01, -1.58988440e+00, -1.37635708e-01,
         -2.08432361e-01, -3.73805195e-01, -1.40433204e+00,  4.00677502e-01,
          6.34286344e-01, -2.96842408e+00, -1.39712143e+00, -1.06497252e+00,
          3.54857236e-01, -4.51302141e-01, -1.14819074e+00, -5.37658632e-01,
         -1.87428951e+00,  3.12830240e-01, -6.94621861e-01, -5.86278558e-01,
         -1.09971583e+00, -8.21639150e-02, -1.73580408e+00, -3.24792206e-01,
         -2.91869491e-01, -1.31160796e+00,  2.87747681e-01,  4.66287494e-01,
         -9.74455059e-01, -1.09985161e+00,  1.40117848e+00,  3.95377457e-01,
          3.83497536e-01, -3.38768333e-01,  1.85837150e+00, -2.07822633e+00,
         -1.66615379e+00, -1.15926850e+00, -3.86026621e-01,  1.80980086e+00,
          1.76810279e-01, -1.25247359e+00,  1.97439361e+00, -8.02054107e-01,
         -4.78052437e-01,  6.87030144e-03, -2.62276262e-01, -2.36728716e+00,
          8.27645004e-01,  1.63585460e+00, -1.64853156e+00, -9.16762114e-01,
          2.04640579e+00,  1.41559136e+00, -6.06908910e-02, -1.68918461e-01,
          5.05710602e+00,  1.01551020e+00,  9.46589530e-01, -7.97461420e-02,
         -1.69724429e+00, -7.79023170e-01,  1.88919806e+00,  1.22934330e+00,
         -6.41489804e-01,  3.98083813e-02, -8.36544633e-01,  5.23522496e-01,
          7.27993190e-01, -1.83336556e+00, -3.19609344e-01, -1.29672229e+00,
          5.11460960e-01, -1.29420853e+00, -4.28498268e-01, -9.94486809e-01,
         -2.25233197e+00,  1.05029857e+00, -2.66652614e-01,  2.58937955e-01,
          2.05455512e-01, -1.08017480e+00, -2.26525831e+00, -6.91799700e-01,
          1.38877976e+00,  1.34784758e-01, -4.35635954e-01,  9.35770988e-01,
          6.12227142e-01, -5.52154720e-01,  5.61450243e-01,  3.78164577e+00,
         -3.59879881e-01,  3.04841787e-01, -2.14145988e-01, -8.77252936e-01,
          1.38401330e+00, -2.49282569e-01,  6.31087005e-01,  1.66132629e+00,
          1.11666262e+00, -7.39473477e-02,  9.96214390e-01, -1.85065567e+00,
          6.21274292e-01,  1.00303841e+00, -1.73033461e-01,  2.63807982e-01,
          8.23128045e-01, -9.93647158e-01,  1.21814832e-02,  1.46682158e-01,
         -1.18194366e+00, -6.94084346e-01, -4.15385216e-01, -4.71820533e-01,
          1.36300778e+00, -5.63547373e-01,  2.15455794e+00,  2.04513359e+00,
          1.76941144e+00, -5.81498563e-01,  8.57282937e-01,  2.10604906e+00,
         -1.02049029e+00, -1.52750456e+00,  1.73498714e+00,  4.87864435e-01,
         -1.96981919e+00,  1.12775385e+00, -5.86987495e-01, -3.09066862e-01,
          2.66743112e+00,  6.48597598e-01, -2.02476096e+00, -1.60130509e-03,
          1.22133970e+00, -6.64194643e-01, -9.03599143e-01, -1.02828383e+00,
         -1.12671936e+00,  3.77956629e-01, -9.75269735e-01, -3.24605703e-01,
          2.28093195e+00, -2.09278226e+00, -3.46121848e-01,  2.58475661e-01,
          1.00554049e+00, -1.49149704e+00,  1.94356990e+00,  2.57515073e+00,
         -8.96218479e-01, -6.18667066e-01, -1.11986983e+00,  3.48068625e-01,
         -3.31725836e-01,  2.36445236e+00, -7.98076764e-02, -1.74754977e-01,
         -3.63984406e-01, -2.12691259e+00,  5.17611623e-01, -1.15156472e+00,
          2.42980385e+00, -6.80849195e-01, -3.21651936e-01, -5.01294911e-01,
         -8.11144412e-01,  1.76757061e+00, -4.32255000e-01, -6.96861386e-01,
         -6.27837121e-01,  8.76480579e-01,  4.05502796e-01, -9.16137755e-01,
         -7.34690130e-01,  1.46802533e+00, -4.22997564e-01, -3.24214369e-01,
          6.04353964e-01,  1.03308022e+00, -4.71185073e-02,  5.45858860e-01,
         -7.58165956e-01,  9.11544502e-01, -1.28996694e+00, -2.00095868e+00,
          2.30590749e+00, -3.49572539e-01, -3.00466132e+00, -9.05520618e-02,
          9.09618556e-01, -2.33729035e-01, -1.26029480e+00, -1.30622670e-01,
          6.50874674e-01, -7.34003305e-01, -8.39496791e-01,  1.25680547e-02,
          1.28087568e+00,  1.63374409e-01,  1.79186255e-01, -1.29079139e+00,
          1.12098074e+00, -1.70625210e+00, -1.04425168e+00,  5.54546356e-01,
         -4.78223741e-01,  4.65492338e-01, -5.14599264e-01,  5.78561962e-01,
          1.01193011e+00,  4.70990062e-01,  2.61349410e-01, -5.75908244e-01,
         -5.66910207e-01, -1.76701903e+00, -2.58311003e-01, -9.80037749e-01,
         -2.85517186e-01,  6.85992241e-02,  1.23265219e+00, -2.25214541e-01,
         -2.14715147e+00,  6.76387191e-01, -1.05720448e+00, -2.96094090e-01,
          2.24042818e-01, -1.55055153e+00, -1.42157996e+00,  1.84649038e+00,
         -6.96264505e-01,  1.21201813e+00, -1.18517876e+00, -2.62142032e-01,
         -1.87923610e-01, -3.67697209e-01,  4.65936661e-01, -2.37043428e+00,
         -1.04170442e+00,  1.80374265e+00, -8.06446970e-01, -6.44801736e-01,
          2.57821035e+00,  5.28781414e-01,  4.30494070e-01, -1.02439053e-01,
          8.56159866e-01,  1.62519920e+00,  3.24051380e-01, -5.58842540e-01,
          4.90204304e-01,  1.53669655e+00,  7.19251513e-01, -1.35055602e+00,
         -5.15726686e-01, -1.17477250e+00, -8.31388116e-01, -1.19480472e-02,
          1.35207999e+00,  1.76025236e+00, -1.39746499e+00,  7.52384067e-01,
          1.37510610e+00, -4.14463371e-01,  1.20450449e+00,  6.90854371e-01,
         -1.88602853e+00,  1.12484574e+00, -1.40032148e+00,  9.63999093e-01,
          1.32679021e+00,  4.72857833e-01, -1.16409552e+00, -4.61822510e-01,
          6.61443532e-01,  1.34678781e+00, -4.75642264e-01, -8.55463624e-01,
         -1.04681325e+00, -3.37793142e-01,  2.28723955e+00,  1.27509785e+00,
          1.94546914e+00, -4.03331846e-01, -1.28903770e+00,  5.35186946e-01,
         -1.73638558e+00,  2.60486484e+00, -1.13741601e+00,  2.68125981e-01,
          1.20477152e+00,  3.21715772e-01,  3.02123356e+00,  6.77754357e-02,
          2.48976573e-01, -1.19372457e-01,  3.88955206e-01,  1.93879390e+00,
         -8.85578811e-01, -1.36954272e+00, -2.79173315e-01,  7.27461815e-01,
          1.67840067e-02, -6.26680255e-01, -9.17207778e-01,  1.33201182e-01,
         -1.96275830e+00,  8.27840865e-01,  3.35105300e-01,  9.29664016e-01,
          9.42091823e-01,  1.16824424e+00, -4.60193098e-01,  1.37883461e+00,
          1.10670662e+00, -8.58005226e-01,  1.88882041e+00,  9.10865188e-01,
         -1.03558147e+00, -1.00053024e+00, -1.71531849e-02, -6.45025134e-01,
          2.75382131e-01, -1.38321972e+00,  4.09002095e-01,  9.21089828e-01,
          1.75321293e+00, -1.30253458e+00, -7.46701956e-01,  1.77251130e-01,
         -1.68899941e+00, -1.31619978e+00,  6.66572571e-01, -1.62092900e+00,
         -2.46889740e-01,  5.20455316e-02, -7.15842545e-01, -3.46022338e-01,
          1.16948473e+00, -1.46277332e+00, -6.12563670e-01, -2.03004807e-01,
          1.43881583e+00,  2.19612503e+00,  9.48597550e-01, -3.50433856e-01,
          5.17375827e-01, -6.86751604e-01,  3.39716114e-02,  2.88777852e+00,
          1.19876087e+00, -2.13374710e+00,  1.26411700e+00,  1.06328773e+00,
         -2.88198686e+00, -1.10120118e+00, -8.09122801e-01, -6.86908185e-01,
         -1.15540612e+00,  8.99309576e-01,  3.82808775e-01, -1.98538673e+00,
         -8.44210863e-01, -1.99703133e+00, -1.57048535e+00, -4.65442836e-01,
          1.20263600e+00, -7.21866548e-01, -7.65892267e-01, -5.83939731e-01,
          6.75539434e-01, -6.48916304e-01, -1.96145988e+00,  3.78786415e-01,
          1.71517909e+00,  9.73979414e-01, -1.47190654e+00,  6.31256044e-01,
          1.40828162e-01, -3.73504013e-02,  6.55714273e-01,  9.08931613e-01,
         -2.25644186e-02,  2.56552196e+00, -2.38418713e-01, -5.48674583e-01,
         -7.18010068e-01,  5.69549918e-01, -1.66096306e+00, -5.53448677e-01,
          3.16209483e+00,  2.86260098e-01,  1.83777964e+00, -4.06829834e-01,
          8.89411330e-01,  1.00786090e+00,  2.82689214e-01, -3.39042664e-01,
         -7.64665127e-01, -7.50580072e-01,  4.01410103e-01,  1.27032220e+00,
          6.51599646e+00,  2.82760882e+00,  1.03388488e+00, -2.80357689e-01,
          9.88952756e-01,  1.36586308e+00,  8.04427028e-01,  2.22861814e+00,
         -1.33009923e+00, -1.74711549e+00, -8.27753484e-01, -1.97744870e+00,
          2.63763636e-01, -6.42949879e-01,  2.52351671e-01, -6.00058213e-02,
          8.69316161e-01,  1.49013305e+00,  1.47666901e-01, -5.28156936e-01,
         -2.25950146e+00,  2.08763695e+00,  4.03101414e-01, -1.12939620e+00,
         -1.51001406e+00,  2.61796355e-01, -2.83081174e-01, -1.22606504e+00,
         -1.08037734e+00, -1.65822256e+00, -1.28557491e+00,  4.89604846e-02,
         -1.15433168e+00, -6.16088152e-01,  2.55321562e-02, -2.24165559e-01,
         -1.75753772e-01,  3.04583125e-02,  7.40792394e-01, -3.20472866e-01,
         -2.69884396e+00, -3.48649949e-01, -9.65713024e-01, -9.82573450e-01,
          1.35602713e+00,  1.19182825e+00,  7.78846443e-01, -3.04853678e-01,
         -2.78659135e-01,  6.29708469e-01, -1.19321756e-01, -1.41188443e+00,
         -7.91426778e-01,  2.02539176e-01, -9.60421622e-01, -1.11864245e+00,
         -1.51793206e+00, -8.27853560e-01, -5.35519361e-01, -4.35947001e-01,
         -4.61692959e-01, -1.32567799e+00,  9.56448197e-01, -6.45158410e-01,
          1.35535151e-01,  1.34617269e-01, -1.31224775e+00,  1.72143054e+00,
         -9.24882889e-01, -1.01780140e+00,  2.40735435e+00,  1.74526870e-01,
         -1.23902035e+00, -3.01663429e-01,  1.33277103e-03, -1.16643512e+00,
          2.27941203e+00, -3.66702616e-01, -6.17738664e-02, -1.06292796e+00,
         -1.01867390e+00,  3.30456287e-01, -1.07247329e+00,  5.58740534e-02,
         -3.11967611e-01,  1.13195407e+00, -7.04722881e-01, -1.00279379e+00,
         -1.22368288e+00, -1.75921488e+00, -1.52608597e+00, -1.00209451e+00,
         -8.91929030e-01, -2.25350213e+00,  3.94969285e-01,  1.39725789e-01]],
       device='cuda:0')
Adv example prediction (first 2 examples and 2 restarts):
 tensor([[[-7.46098161e-02,  1.77579570e+00, -6.04477882e-01, -8.61261010e-01,
          -7.50166774e-01,  9.28697109e-01,  2.74518967e-01, -1.47759926e+00,
          -7.33620286e-01, -5.20949960e-01, -1.82600822e-02,  1.33116364e-01,
           6.26640022e-02,  4.64477986e-02,  1.89056620e-01,  8.33933651e-01,
          -5.97714543e-01, -1.15261078e+00, -3.03325832e-01, -4.35496688e-01,
          -1.66535869e-01,  3.31728607e-01,  7.60346651e-02, -5.52989423e-01,
           2.97195315e-01, -1.30669884e-02,  1.67762268e+00,  1.34885132e-01,
          -5.51989913e-01,  1.19851816e+00, -7.47545421e-01,  1.10757840e+00,
           2.79478729e-01, -3.22365016e-01, -5.37558675e-01, -2.08422005e-01,
           8.90066445e-01, -9.82075274e-01,  9.03583109e-01, -3.68471444e-01,
           1.02572954e+00,  1.37468979e-01,  9.59683210e-02,  5.17062128e-01,
           7.35780776e-01,  4.62846100e-01,  1.03569424e+00,  2.28850946e-01,
          -5.85231602e-01,  1.26720965e-01,  6.10297084e-01, -1.48691416e+00,
           8.18047345e-01,  8.90733659e-01,  1.56567961e-01,  7.72671625e-02,
           6.39094532e-01, -6.86725438e-01,  9.29463029e-01,  9.05303538e-01,
           1.05210257e+00, -1.33201838e-01,  1.83211520e-01,  1.13282895e+00,
           7.37436056e-01, -1.89829748e-02,  3.59138966e-01,  1.06454454e-02,
          -5.47756217e-02, -7.36427009e-01,  1.17199910e+00,  1.22906685e+00,
           8.41260970e-01,  1.93587255e+00,  1.58016837e+00,  2.25317860e+00,
           1.80321050e+00,  3.03522801e+00,  2.37847304e+00,  2.09078598e+00,
           1.09809530e+00, -1.03627861e+00,  2.87361860e-01, -3.29870343e-01,
          -5.83347857e-01, -2.40561247e-01, -7.22550154e-01,  1.11190528e-01,
           2.63178498e-01, -8.85376573e-01, -3.29729557e-01, -4.60494787e-01,
           8.01633537e-01,  4.37555104e-01,  9.32466388e-01, -3.97159129e-01,
           9.97116566e-01, -1.15035021e+00, -3.45404059e-01, -9.94871080e-01,
          -1.99466884e-01, -1.27089036e+00, -1.50499558e+00,  7.61147857e-01,
           1.34301662e-01, -1.11551285e+00, -9.79362428e-03, -1.01053011e+00,
          -7.89079964e-01, -1.52234912e+00,  1.47130758e-01,  2.79188395e+00,
           1.61518365e-01,  1.16559696e+00,  1.72481406e+00, -2.80264825e-01,
          -4.92482126e-01,  2.40020044e-02, -4.37154442e-01, -5.89014590e-01,
          -5.20713151e-01, -6.15131378e-01, -9.45202827e-01, -1.49372387e+00,
          -6.33926988e-01, -8.08207214e-01,  1.83276200e+00, -3.07433397e-01,
           7.84924209e-01,  2.63163298e-01, -2.29806960e-01, -8.68943095e-01,
           1.89802811e-01, -4.98293415e-02, -7.75476813e-01,  1.12490833e-01,
          -9.30146813e-01, -4.99088973e-01,  1.90365478e-01, -1.29428935e+00,
          -1.86882973e+00, -3.81185085e-01, -6.44597888e-01, -8.32969308e-01,
          -1.33439863e+00, -8.29839766e-01, -1.00377154e+00,  2.71216869e-01,
          -4.31100965e-01, -3.28859270e-01, -1.62039816e+00,  9.83121395e-01,
           1.14647694e-01,  9.47004914e-01,  1.46806169e+00,  4.66597825e-01,
          -3.45112801e-01,  9.02735591e-01, -3.87388289e-01, -1.05877936e+00,
          -3.23533773e-01, -1.57160126e-02,  7.44790673e-01, -3.79150361e-01,
          -5.96931338e-01, -5.83876491e-01, -7.48142064e-01, -6.49912298e-01,
          -5.06312177e-02,  6.54931217e-02, -2.91600734e-01, -5.72070479e-01,
          -1.50391924e+00, -4.79676902e-01, -2.96021178e-02, -1.92891434e-01,
          -1.13024926e+00, -3.90256435e-01, -7.25070417e-01, -1.27277195e+00,
          -1.43962431e+00,  2.42739208e-02,  8.51891339e-01, -3.09566796e-01,
           5.27812779e-01,  3.78359675e-01,  7.92247415e-01,  1.10009694e+00,
           3.59281242e-01,  5.36225677e-01, -8.46467763e-02,  1.26374030e+00,
           2.48781100e-01,  2.94166595e-01,  2.43359059e-01,  5.90512395e-01,
           2.59723723e-01, -5.82946360e-01, -7.65738308e-01,  1.12447381e+00,
           6.60753012e-01, -1.44876078e-01,  1.24977976e-01,  1.14139271e+00,
           7.02573895e-01, -8.71322334e-01, -9.11549330e-01,  8.00160766e-02,
          -6.97508395e-01, -3.96154821e-01, -1.97058380e+00, -4.81806278e-01,
          -6.96857274e-02, -3.15404475e-01, -2.17942655e-01, -5.56205869e-01,
          -1.01947449e-01, -2.10420161e-01, -5.30499756e-01,  2.50413716e-01,
          -3.51559818e-01,  1.26350850e-01, -1.29869461e-01,  4.59258974e-01,
           5.62283337e-01, -7.02287674e-01, -4.88689661e-01, -7.05772758e-01,
          -6.53775513e-01,  8.26580763e-01,  4.36607808e-01,  7.43523896e-01,
          -8.61075640e-01, -9.22853872e-02, -1.74910933e-01,  7.21544683e-01,
          -8.17038953e-01, -8.49689916e-02, -8.72917414e-01,  3.44647974e-01,
          -4.79240000e-01, -4.48037177e-01, -6.87203705e-02, -1.28818786e+00,
           4.22157317e-01,  2.28757873e-01, -1.15667868e+00,  1.52718425e-01,
           5.24206996e-01,  7.04459965e-01,  4.40635294e-01, -1.41119361e+00,
           1.39940703e+00, -2.52869129e-01,  8.31014991e-01, -9.28140879e-01,
          -3.59301835e-01,  5.93837261e-01,  8.36811066e-01,  2.52259803e+00,
           2.22349072e+00,  8.71934533e-01, -2.99819469e-01,  4.29970682e-01,
           1.48884922e-01,  1.52073872e+00,  4.51018006e-01,  4.94177490e-02,
          -1.30192447e+00,  1.53102875e+00,  1.09153426e+00,  1.75282741e+00,
           1.67779446e+00,  1.39662671e+00,  9.47660506e-01,  1.02316463e+00,
           8.70286524e-01,  1.87321806e+00,  1.19769073e+00,  1.55831218e+00,
           1.78547299e+00,  2.33110404e+00,  2.26042128e+00,  3.65907741e+00,
           2.35176182e+00,  1.36573970e+00,  1.81764781e-01,  1.38336194e+00,
           5.42694271e-01, -9.03216600e-02,  1.42786764e-02,  6.94594085e-01,
          -3.19636971e-01,  1.12650454e+00, -6.89411044e-01, -3.86984438e-01,
          -2.24681333e-01,  2.59451300e-01, -2.40886748e-01,  8.18316638e-01,
          -7.71510839e-01,  7.05995142e-01,  5.90451002e-01,  6.90495670e-01,
           8.76217112e-02, -7.06313133e-01,  7.05501258e-01,  1.11441767e+00,
           1.27934992e+00,  3.00894886e-01,  1.87357914e+00,  1.45683575e+00,
           6.96329236e-01,  2.02542639e+00,  2.07037759e+00,  1.03118610e+00,
           6.16501212e-01,  2.07829513e-02,  2.35567546e+00,  1.13756514e+00,
           8.87807488e-01, -1.27158272e+00, -1.04670012e+00, -8.77212644e-01,
          -1.19491673e+00, -1.37948120e+00, -1.41058886e+00,  1.05043143e-01,
          -1.39651358e+00, -7.12373197e-01,  7.35153675e-01,  1.34426475e+00,
           3.20614433e+00,  5.63979447e-01, -1.67493522e-01,  4.16698754e-01,
          -1.35067403e+00,  5.17347097e-01, -4.86997426e-01, -1.80295908e+00,
          -1.24235427e+00, -5.73994696e-01, -9.13005769e-01, -1.00609899e+00,
          -1.15962076e+00, -1.49002028e+00, -1.73793161e+00, -2.17198759e-01,
          -2.43935370e+00, -1.71098554e+00, -1.63681710e+00, -8.02357316e-01,
          -6.12604022e-01, -5.22625625e-01, -1.08013749e+00, -1.29004455e+00,
           6.70572519e-01,  7.65110075e-01,  8.34608197e-01,  1.07007670e+00,
          -3.93182486e-01,  1.35513234e+00,  1.20095623e+00,  2.43434578e-01,
          -6.84933960e-01,  5.41437268e-01,  2.53521204e-01,  1.85192347e-01,
           1.20850360e+00, -1.35958910e-01,  5.54591477e-01, -2.84864128e-01,
           2.52984166e-01,  4.06022877e-01,  2.56309211e-01, -8.21310222e-01,
           1.90245613e-01,  8.03949237e-01,  5.74700415e-01, -2.11036831e-01,
           1.45557690e+00,  3.19890499e-01,  6.04974270e-01,  1.46127373e-01,
           6.26143932e-01, -8.05724859e-01, -1.30550981e+00,  1.54031500e-01,
          -1.05228496e+00,  4.86724734e-01, -5.98192990e-01,  2.49385554e-02,
          -4.87955689e-01, -2.30328584e+00, -8.10235679e-01,  9.10758734e-01,
          -1.46083868e+00, -1.19204533e+00, -5.07348835e-01, -1.87285170e-02,
          -7.75043011e-01, -8.44292223e-01,  1.26727223e-01, -7.78610647e-01,
          -5.87371469e-01,  6.69354022e-01, -7.37166703e-01, -1.58922642e-01,
          -1.92164600e+00,  2.20940638e+00, -1.02459812e+00,  4.36278939e-01,
          -1.18781701e-02,  7.02524900e-01,  1.91591516e-01, -1.95207775e+00,
           8.85170460e-01, -5.53060435e-02,  2.41944408e+00,  1.34836400e+00,
           5.53501546e-01,  5.30562699e-02, -4.11869168e-01, -1.15114117e+00,
          -8.71300340e-01, -5.39730310e-01,  7.63720334e-01, -9.52314317e-01,
          -2.08502233e-01, -7.86173999e-01, -1.11202133e+00, -8.38734150e-01,
           2.86359847e-01, -9.65177491e-02,  2.27210999e-01,  1.37978840e+00,
          -4.80710059e-01, -5.96140742e-01,  1.05486357e+00,  2.94263005e-01,
          -4.58655924e-01,  8.33418965e-01, -2.40195096e-01,  7.32953250e-01,
          -8.17844689e-01, -9.86603081e-01,  2.28288841e+00, -1.17268610e+00,
          -9.59373772e-01, -8.94087076e-01, -1.49323988e+00,  4.26561803e-01,
          -2.34789327e-01,  1.08565859e-01, -1.38905334e+00, -5.09935737e-01,
           3.01108390e-01,  9.53953743e-01, -6.03501379e-01,  2.18185470e-01,
          -1.60802364e+00,  2.87829995e-01,  1.87305105e+00, -7.94416904e-01,
           2.91901290e-01,  8.56558204e-01, -1.21275711e+00, -2.44503546e+00,
           1.71571702e-01,  1.40821743e+00,  1.74618673e+00, -8.15974951e-01,
          -1.24414921e+00, -1.66264456e-03, -1.57404160e+00,  8.05105209e-01,
          -1.05450952e+00, -8.89595330e-01, -3.76066685e-01, -1.23172498e+00,
           1.91416419e+00,  1.74436420e-01, -4.92937155e-02, -1.07248580e+00,
          -1.35304296e+00,  6.17006481e-01,  5.31128868e-02,  1.72808528e+00,
          -3.84173155e-01,  5.11717796e-01,  5.63036084e-01, -7.77950227e-01,
          -2.95729488e-02,  6.98484242e-01,  5.60465693e-01,  1.48834214e-01,
           2.15451226e-01,  3.18976879e-01, -3.10609519e-01,  1.26392806e+00,
          -1.94434249e+00, -1.70169398e-01, -1.58316445e+00, -1.22360051e-01,
          -1.91411451e-01, -3.70032340e-01, -1.37855363e+00,  4.02208894e-01,
           6.27720594e-01, -2.98118281e+00, -1.37651515e+00, -1.06960022e+00,
           3.61587495e-01, -4.43486214e-01, -1.14175081e+00, -5.51334620e-01,
          -1.89446592e+00,  3.25630993e-01, -7.10452616e-01, -5.97313285e-01,
          -1.11536419e+00, -6.70023412e-02, -1.73256803e+00, -3.43374074e-01,
          -2.85499603e-01, -1.32206762e+00,  2.71379232e-01,  4.61789548e-01,
          -9.80657220e-01, -1.10848427e+00,  1.40984845e+00,  4.00837362e-01,
           3.75554502e-01, -3.52494806e-01,  1.86329877e+00, -2.08615136e+00,
          -1.65407062e+00, -1.18245983e+00, -3.94555211e-01,  1.76405835e+00,
           2.26999074e-01, -1.23438549e+00,  1.98050356e+00, -8.05868089e-01,
          -4.77330089e-01, -1.65140461e-02, -2.52168894e-01, -2.37872529e+00,
           8.12207222e-01,  1.63968670e+00, -1.63214707e+00, -8.96453142e-01,
           2.03901649e+00,  1.40525115e+00, -5.03642671e-02, -1.93534181e-01,
           5.03805017e+00,  1.01573122e+00,  9.49941278e-01, -9.88721102e-02,
          -1.71169674e+00, -8.06921124e-01,  1.87315750e+00,  1.24274671e+00,
          -6.67733550e-01,  3.47574800e-03, -8.24740410e-01,  5.36437571e-01,
           7.25050151e-01, -1.86074674e+00, -3.28616112e-01, -1.29837084e+00,
           5.15181005e-01, -1.31829286e+00, -4.17815447e-01, -1.02026272e+00,
          -2.24862933e+00,  1.06104577e+00, -2.60306031e-01,  2.35800743e-01,
           1.72192171e-01, -1.10824358e+00, -2.26694894e+00, -6.91063106e-01,
           1.40327406e+00,  1.58164501e-01, -4.39683855e-01,  9.34592724e-01,
           5.78420758e-01, -5.58701456e-01,  5.87306559e-01,  3.77838302e+00,
          -3.60416383e-01,  3.11795771e-01, -2.06793025e-01, -8.94091964e-01,
           1.39545858e+00, -2.50751704e-01,  6.21031761e-01,  1.66885746e+00,
           1.12075365e+00, -6.69782013e-02,  9.86886621e-01, -1.87025249e+00,
           6.37046993e-01,  9.97904480e-01, -1.71290383e-01,  2.72992462e-01,
           8.03879082e-01, -1.02459490e+00,  2.35402063e-02,  1.38486937e-01,
          -1.19930398e+00, -6.91215098e-01, -4.28682029e-01, -4.86348450e-01,
           1.38014948e+00, -5.65684676e-01,  2.16693974e+00,  2.05385590e+00,
           1.75896919e+00, -6.09191060e-01,  8.41154218e-01,  2.12188148e+00,
          -1.04233146e+00, -1.51039469e+00,  1.74322867e+00,  4.73289251e-01,
          -1.95984340e+00,  1.14656711e+00, -6.00144804e-01, -2.78812617e-01,
           2.63091207e+00,  6.49488747e-01, -2.03560472e+00,  1.91533007e-02,
           1.21387434e+00, -6.86652303e-01, -8.93728197e-01, -1.02611613e+00,
          -1.14514577e+00,  4.18174148e-01, -9.86750305e-01, -3.15721482e-01,
           2.31156826e+00, -2.09928036e+00, -3.55270624e-01,  2.68545628e-01,
           1.00755191e+00, -1.46947384e+00,  1.95210624e+00,  2.55016708e+00,
          -9.12100136e-01, -5.95039368e-01, -1.14497292e+00,  3.34140599e-01,
          -3.50870013e-01,  2.39730573e+00, -7.56495595e-02, -1.60414413e-01,
          -3.82879764e-01, -2.15853357e+00,  5.24840176e-01, -1.13320196e+00,
           2.42622709e+00, -6.87299848e-01, -3.07483733e-01, -5.18624127e-01,
          -8.08088005e-01,  1.70973289e+00, -4.39198732e-01, -7.09958494e-01,
          -6.44406438e-01,  8.76931906e-01,  4.03745621e-01, -9.30513203e-01,
          -7.43671238e-01,  1.50435901e+00, -4.26744193e-01, -3.14827532e-01,
           6.26030028e-01,  1.03255403e+00, -2.57128179e-02,  5.64126015e-01,
          -7.14791834e-01,  9.15307403e-01, -1.25475860e+00, -2.01494551e+00,
           2.30058241e+00, -3.40001017e-01, -3.00175762e+00, -9.83273536e-02,
           9.12386179e-01, -2.29721159e-01, -1.27349997e+00, -1.43883273e-01,
           6.61468267e-01, -7.37903535e-01, -8.31379652e-01,  4.61181402e-02,
           1.27522552e+00,  1.82242662e-01,  1.73305929e-01, -1.32045901e+00,
           1.09685290e+00, -1.72103047e+00, -1.06887984e+00,  5.25511026e-01,
          -4.55870360e-01,  4.46225524e-01, -5.09891570e-01,  5.90610325e-01,
           1.03026748e+00,  4.69378114e-01,  2.87202448e-01, -5.51182806e-01,
          -5.86612105e-01, -1.78897309e+00, -2.51079708e-01, -9.62391317e-01,
          -2.58083135e-01,  4.93897498e-02,  1.22335255e+00, -2.30291426e-01,
          -2.12024903e+00,  6.83796585e-01, -1.04953861e+00, -3.20168912e-01,
           2.11651310e-01, -1.52520084e+00, -1.44341791e+00,  1.84863305e+00,
          -7.09816694e-01,  1.19655275e+00, -1.21455932e+00, -2.82420754e-01,
          -1.86423182e-01, -3.52387100e-01,  4.58529890e-01, -2.36749721e+00,
          -1.02965355e+00,  1.79080069e+00, -8.09069574e-01, -6.68017268e-01,
           2.62043571e+00,  5.29060006e-01,  3.99733633e-01, -8.95197466e-02,
           8.47470939e-01,  1.63069916e+00,  2.95903504e-01, -5.88989258e-01,
           4.77943778e-01,  1.51427901e+00,  7.08543181e-01, -1.34310317e+00,
          -5.39579809e-01, -1.19274342e+00, -8.30685854e-01, -2.56089550e-02,
           1.35834229e+00,  1.76938784e+00, -1.39209223e+00,  7.58621871e-01,
           1.35577738e+00, -4.28814322e-01,  1.21645641e+00,  7.10881352e-01,
          -1.89117754e+00,  1.14603543e+00, -1.41968715e+00,  9.62673128e-01,
           1.34392405e+00,  4.69089448e-01, -1.18263555e+00, -4.44891959e-01,
           6.64667547e-01,  1.34860623e+00, -4.82366264e-01, -8.70158434e-01,
          -1.02514935e+00, -3.42670798e-01,  2.28780556e+00,  1.29172814e+00,
           1.94946098e+00, -4.34579879e-01, -1.28908849e+00,  5.34542501e-01,
          -1.77303886e+00,  2.58789754e+00, -1.15254831e+00,  2.40485311e-01,
           1.17860651e+00,  3.11003357e-01,  3.00112820e+00,  6.03793934e-02,
           2.32565030e-01, -1.43823013e-01,  3.97897840e-01,  1.89868152e+00,
          -8.86212647e-01, -1.35961759e+00, -2.84820616e-01,  6.93378568e-01,
           2.30596941e-02, -6.46165431e-01, -9.18597758e-01,  1.12500317e-01,
          -1.96773326e+00,  8.40025842e-01,  3.40312064e-01,  9.08822536e-01,
           9.78253186e-01,  1.18145561e+00, -4.54375744e-01,  1.36805177e+00,
           1.09565926e+00, -8.61542404e-01,  1.89689183e+00,  9.02254045e-01,
          -1.04411948e+00, -9.85886216e-01, -2.24188082e-02, -6.42906368e-01,
           2.76340395e-01, -1.38990104e+00,  4.33504015e-01,  9.32451606e-01,
           1.73014951e+00, -1.31667709e+00, -7.71967292e-01,  1.65892169e-01,
          -1.68035090e+00, -1.29954636e+00,  6.57690525e-01, -1.61966133e+00,
          -2.56780863e-01,  3.62789854e-02, -6.88309073e-01, -3.48024160e-01,
           1.14873850e+00, -1.46357369e+00, -5.96345484e-01, -2.31255636e-01,
           1.45163345e+00,  2.19519854e+00,  9.82535958e-01, -3.51770371e-01,
           4.94477034e-01, -6.82664871e-01,  4.16235365e-02,  2.87320590e+00,
           1.20635676e+00, -2.14780593e+00,  1.25669956e+00,  1.09356427e+00,
          -2.86918354e+00, -1.09367585e+00, -8.26958477e-01, -6.87285781e-01,
          -1.15595400e+00,  9.12185967e-01,  4.08434302e-01, -1.98239684e+00,
          -8.64251852e-01, -2.00438547e+00, -1.59084463e+00, -4.71810699e-01,
           1.18783867e+00, -7.33138859e-01, -7.98062623e-01, -5.68255007e-01,
           6.64315164e-01, -6.45231009e-01, -1.97803557e+00,  3.82564098e-01,
           1.70536828e+00,  9.54678118e-01, -1.45309246e+00,  5.95431566e-01,
           1.28419012e-01, -4.94529642e-02,  6.35994494e-01,  9.33178544e-01,
          -2.92715505e-02,  2.58296800e+00, -2.33283371e-01, -5.32707214e-01,
          -7.26517916e-01,  5.65583348e-01, -1.66062844e+00, -5.54104447e-01,
           3.17129588e+00,  2.69531935e-01,  1.82063580e+00, -3.89135540e-01,
           8.89318466e-01,  9.98904407e-01,  2.71042615e-01, -3.34400266e-01,
          -7.55562603e-01, -7.02062607e-01,  4.17804211e-01,  1.26413906e+00,
           6.44668913e+00,  2.78481555e+00,  1.06270206e+00, -2.73969889e-01,
           9.83353615e-01,  1.37291217e+00,  8.08313549e-01,  2.21714115e+00,
          -1.33060372e+00, -1.72814631e+00, -8.08155417e-01, -2.00852132e+00,
           2.82450557e-01, -6.32609546e-01,  2.54939049e-01, -6.66044876e-02,
           8.64141405e-01,  1.49224603e+00,  1.52942523e-01, -4.98617738e-01,
          -2.23695898e+00,  2.12494016e+00,  4.24065888e-01, -1.11554992e+00,
          -1.48712373e+00,  2.63246506e-01, -2.39899233e-01, -1.21727610e+00,
          -1.06008184e+00, -1.63747239e+00, -1.26879990e+00,  7.94000551e-02,
          -1.13360846e+00, -6.08171821e-01,  4.58000153e-02, -2.21161991e-01,
          -1.42044246e-01,  5.06438278e-02,  7.68390238e-01, -3.01804870e-01,
          -2.67435074e+00, -3.30421865e-01, -9.41275358e-01, -9.51094151e-01,
           1.37823260e+00,  1.21064723e+00,  8.09206784e-01, -2.82515824e-01,
          -2.48430595e-01,  6.50424719e-01, -9.36179534e-02, -1.39971137e+00,
          -7.62446523e-01,  2.19968885e-01, -9.60663855e-01, -1.09084177e+00,
          -1.49898386e+00, -8.11575651e-01, -5.15477180e-01, -4.15932685e-01,
          -4.09619033e-01, -1.31126153e+00,  9.50690806e-01, -6.16570532e-01,
           1.39303595e-01,  1.66850775e-01, -1.30072522e+00,  1.70890677e+00,
          -9.01831090e-01, -1.00934947e+00,  2.44092965e+00,  1.84572965e-01,
          -1.21046078e+00, -3.04222286e-01,  2.10435428e-02, -1.16335940e+00,
           2.31802440e+00, -3.79053444e-01, -8.92749578e-02, -1.06471360e+00,
          -1.01146710e+00,  3.33264887e-01, -1.05569267e+00,  8.01555812e-02,
          -2.86153823e-01,  1.15660155e+00, -6.81192994e-01, -9.73406434e-01,
          -1.19705343e+00, -1.72242916e+00, -1.48882282e+00, -9.79165792e-01,
          -8.76729250e-01, -2.22754359e+00,  4.19471890e-01,  1.32378131e-01]]],
       device='cuda:0')
PGD attack margin (first 2 examples and 10 specs):
 tensor([[[0.06470788]]], device='cuda:0')
number of violation:  0
Attack finished in 8.3482 seconds.
PGD attack failed
verified_status unknown
verified_success False
Total VNNLIB file length: 1, max property batch size: 1, total number of batches: 1

Properties batch 0, size 1
Remaining timeout: 1154.3342115879059
Verifying property 0 with 1 instances.
torch allclose failed: norm 8.889588571037166e-06
Model: BoundedModule(
  (/input-1): BoundInput(name=/input-1, inputs=[], perturbed=True)
  (/33): BoundParams(name=/33, inputs=[], perturbed=False)
  (/34): BoundParams(name=/34, inputs=[], perturbed=False)
  (/35): BoundParams(name=/35, inputs=[], perturbed=False)
  (/36): BoundParams(name=/36, inputs=[], perturbed=False)
  (/37): BoundParams(name=/37, inputs=[], perturbed=False)
  (/38): BoundParams(name=/38, inputs=[], perturbed=False)
  (/39): BoundParams(name=/39, inputs=[], perturbed=False)
  (/40): BoundParams(name=/40, inputs=[], perturbed=False)
  (/41): BoundParams(name=/41, inputs=[], perturbed=False)
  (/42): BoundParams(name=/42, inputs=[], perturbed=False)
  (/43): BoundParams(name=/43, inputs=[], perturbed=False)
  (/44): BoundParams(name=/44, inputs=[], perturbed=False)
  (/45): BoundParams(name=/45, inputs=[], perturbed=False)
  (/46): BoundParams(name=/46, inputs=[], perturbed=False)
  (/47): BoundParams(name=/47, inputs=[], perturbed=False)
  (/48): BoundParams(name=/48, inputs=[], perturbed=False)
  (/49): BoundParams(name=/49, inputs=[], perturbed=False)
  (/50): BoundParams(name=/50, inputs=[], perturbed=False)
  (/51): BoundParams(name=/51, inputs=[], perturbed=False)
  (/52): BoundParams(name=/52, inputs=[], perturbed=False)
  (/53): BoundParams(name=/53, inputs=[], perturbed=False)
  (/54): BoundParams(name=/54, inputs=[], perturbed=False)
  (/55): BoundParams(name=/55, inputs=[], perturbed=False)
  (/56): BoundParams(name=/56, inputs=[], perturbed=False)
  (/57): BoundParams(name=/57, inputs=[], perturbed=False)
  (/58): BoundParams(name=/58, inputs=[], perturbed=False)
  (/59): BoundParams(name=/59, inputs=[], perturbed=False)
  (/60): BoundParams(name=/60, inputs=[], perturbed=False)
  (/61): BoundParams(name=/61, inputs=[], perturbed=False)
  (/62): BoundParams(name=/62, inputs=[], perturbed=False)
  (/63): BoundParams(name=/63, inputs=[], perturbed=False)
  (/64): BoundParams(name=/64, inputs=[], perturbed=False)
  (/input): BoundConv(name=/input, inputs=[/input-1, /33, /34], perturbed=True)
  (/66): BoundRelu(name=/66, inputs=[/input], perturbed=True)
  (/input-4): BoundConv(name=/input-4, inputs=[/66, /35, /36], perturbed=True)
  (/68): BoundRelu(name=/68, inputs=[/input-4], perturbed=True)
  (/input-12): BoundConv(name=/input-12, inputs=[/input-8/add_3_4, /37, /38], perturbed=True)
  (/71): BoundRelu(name=/71, inputs=[/input-12], perturbed=True)
  (/input-16): BoundConv(name=/input-16, inputs=[/71, /39, /40], perturbed=True)
  (/73): BoundRelu(name=/73, inputs=[/input-16], perturbed=True)
  (/input-24): BoundConv(name=/input-24, inputs=[/input-20/add_3_4, /41, /42], perturbed=True)
  (/76): BoundRelu(name=/76, inputs=[/input-24], perturbed=True)
  (/input-28): BoundConv(name=/input-28, inputs=[/76, /43, /44], perturbed=True)
  (/78): BoundRelu(name=/78, inputs=[/input-28], perturbed=True)
  (/input-32): BoundConv(name=/input-32, inputs=[/78, /45, /46], perturbed=True)
  (/80): BoundRelu(name=/80, inputs=[/input-32], perturbed=True)
  (/input-40): BoundConv(name=/input-40, inputs=[/input-36/add_3_4, /47, /48], perturbed=True)
  (/83): BoundRelu(name=/83, inputs=[/input-40], perturbed=True)
  (/input-44): BoundConv(name=/input-44, inputs=[/83, /49, /50], perturbed=True)
  (/85): BoundRelu(name=/85, inputs=[/input-44], perturbed=True)
  (/input-48): BoundConv(name=/input-48, inputs=[/85, /51, /52], perturbed=True)
  (/87): BoundRelu(name=/87, inputs=[/input-48], perturbed=True)
  (/input-56): BoundConv(name=/input-56, inputs=[/input-52/add_3_4, /53, /54], perturbed=True)
  (/90): BoundRelu(name=/90, inputs=[/input-56], perturbed=True)
  (/input-60): BoundConv(name=/input-60, inputs=[/90, /55, /56], perturbed=True)
  (/92): BoundRelu(name=/92, inputs=[/input-60], perturbed=True)
  (/input-64): BoundConv(name=/input-64, inputs=[/92, /57, /58], perturbed=True)
  (/94): BoundRelu(name=/94, inputs=[/input-64], perturbed=True)
  (/96): BoundFlatten(name=/96, inputs=[/95/add_3_4], perturbed=True)
  (/input-68): BoundLinear(name=/input-68, inputs=[/96, /59, /60], perturbed=True)
  (/98): BoundRelu(name=/98, inputs=[/input-68], perturbed=True)
  (/99): BoundFlatten(name=/99, inputs=[/98], perturbed=True)
  (/input-72): BoundLinear(name=/input-72, inputs=[/99, /61, /62], perturbed=True)
  (/101): BoundRelu(name=/101, inputs=[/input-72], perturbed=True)
  (/102): BoundFlatten(name=/102, inputs=[/101], perturbed=True)
  (/103): BoundLinear(name=/103, inputs=[/102, /63, /64], perturbed=True)
  (/input-8/conv_1): BoundConv(name=/input-8/conv_1, inputs=[/68, /input-8/conv_1_w], perturbed=True)
  (/input-8/conv_1_relu): BoundRelu(name=/input-8/conv_1_relu, inputs=[/input-8/conv_1], perturbed=True)
  (/input-8/conv_1_w): BoundParams(name=/input-8/conv_1_w, inputs=[], perturbed=False)
  (/input-8/conv_2): BoundConv(name=/input-8/conv_2, inputs=[/68, /input-8/conv_2_w], perturbed=True)
  (/input-8/conv_2_w): BoundParams(name=/input-8/conv_2_w, inputs=[], perturbed=False)
  (/input-8/conv_3): BoundConv(name=/input-8/conv_3, inputs=[/input-8/add_1_2, /input-8/conv_3_w], perturbed=True)
  (/input-8/conv_3_relu): BoundRelu(name=/input-8/conv_3_relu, inputs=[/input-8/conv_3], perturbed=True)
  (/input-8/conv_3_w): BoundParams(name=/input-8/conv_3_w, inputs=[], perturbed=False)
  (/input-8/conv_4): BoundConv(name=/input-8/conv_4, inputs=[/input-8/add_1_2, /input-8/conv_4_w], perturbed=True)
  (/input-8/conv_4_w): BoundParams(name=/input-8/conv_4_w, inputs=[], perturbed=False)
  (/input-8/add_1_2): BoundAdd(name=/input-8/add_1_2, inputs=[/input-8/conv_1_relu, /input-8/conv_2], perturbed=True)
  (/input-8/add_3_4): BoundAdd(name=/input-8/add_3_4, inputs=[/input-8/conv_3_relu, /input-8/conv_4], perturbed=True)
  (/input-20/conv_1): BoundConv(name=/input-20/conv_1, inputs=[/73, /input-20/conv_1_w], perturbed=True)
  (/input-20/conv_1_relu): BoundRelu(name=/input-20/conv_1_relu, inputs=[/input-20/conv_1], perturbed=True)
  (/input-20/conv_1_w): BoundParams(name=/input-20/conv_1_w, inputs=[], perturbed=False)
  (/input-20/conv_2): BoundConv(name=/input-20/conv_2, inputs=[/73, /input-20/conv_2_w], perturbed=True)
  (/input-20/conv_2_w): BoundParams(name=/input-20/conv_2_w, inputs=[], perturbed=False)
  (/input-20/conv_3): BoundConv(name=/input-20/conv_3, inputs=[/input-20/add_1_2, /input-20/conv_3_w], perturbed=True)
  (/input-20/conv_3_relu): BoundRelu(name=/input-20/conv_3_relu, inputs=[/input-20/conv_3], perturbed=True)
  (/input-20/conv_3_w): BoundParams(name=/input-20/conv_3_w, inputs=[], perturbed=False)
  (/input-20/conv_4): BoundConv(name=/input-20/conv_4, inputs=[/input-20/add_1_2, /input-20/conv_4_w], perturbed=True)
  (/input-20/conv_4_w): BoundParams(name=/input-20/conv_4_w, inputs=[], perturbed=False)
  (/input-20/add_1_2): BoundAdd(name=/input-20/add_1_2, inputs=[/input-20/conv_1_relu, /input-20/conv_2], perturbed=True)
  (/input-20/add_3_4): BoundAdd(name=/input-20/add_3_4, inputs=[/input-20/conv_3_relu, /input-20/conv_4], perturbed=True)
  (/input-36/conv_1): BoundConv(name=/input-36/conv_1, inputs=[/80, /input-36/conv_1_w], perturbed=True)
  (/input-36/conv_1_relu): BoundRelu(name=/input-36/conv_1_relu, inputs=[/input-36/conv_1], perturbed=True)
  (/input-36/conv_1_w): BoundParams(name=/input-36/conv_1_w, inputs=[], perturbed=False)
  (/input-36/conv_2): BoundConv(name=/input-36/conv_2, inputs=[/80, /input-36/conv_2_w], perturbed=True)
  (/input-36/conv_2_w): BoundParams(name=/input-36/conv_2_w, inputs=[], perturbed=False)
  (/input-36/conv_3): BoundConv(name=/input-36/conv_3, inputs=[/input-36/add_1_2, /input-36/conv_3_w], perturbed=True)
  (/input-36/conv_3_relu): BoundRelu(name=/input-36/conv_3_relu, inputs=[/input-36/conv_3], perturbed=True)
  (/input-36/conv_3_w): BoundParams(name=/input-36/conv_3_w, inputs=[], perturbed=False)
  (/input-36/conv_4): BoundConv(name=/input-36/conv_4, inputs=[/input-36/add_1_2, /input-36/conv_4_w], perturbed=True)
  (/input-36/conv_4_w): BoundParams(name=/input-36/conv_4_w, inputs=[], perturbed=False)
  (/input-36/add_1_2): BoundAdd(name=/input-36/add_1_2, inputs=[/input-36/conv_1_relu, /input-36/conv_2], perturbed=True)
  (/input-36/add_3_4): BoundAdd(name=/input-36/add_3_4, inputs=[/input-36/conv_3_relu, /input-36/conv_4], perturbed=True)
  (/input-52/conv_1): BoundConv(name=/input-52/conv_1, inputs=[/87, /input-52/conv_1_w], perturbed=True)
  (/input-52/conv_1_relu): BoundRelu(name=/input-52/conv_1_relu, inputs=[/input-52/conv_1], perturbed=True)
  (/input-52/conv_1_w): BoundParams(name=/input-52/conv_1_w, inputs=[], perturbed=False)
  (/input-52/conv_2): BoundConv(name=/input-52/conv_2, inputs=[/87, /input-52/conv_2_w], perturbed=True)
  (/input-52/conv_2_w): BoundParams(name=/input-52/conv_2_w, inputs=[], perturbed=False)
  (/input-52/conv_3): BoundConv(name=/input-52/conv_3, inputs=[/input-52/add_1_2, /input-52/conv_3_w], perturbed=True)
  (/input-52/conv_3_relu): BoundRelu(name=/input-52/conv_3_relu, inputs=[/input-52/conv_3], perturbed=True)
  (/input-52/conv_3_w): BoundParams(name=/input-52/conv_3_w, inputs=[], perturbed=False)
  (/input-52/conv_4): BoundConv(name=/input-52/conv_4, inputs=[/input-52/add_1_2, /input-52/conv_4_w], perturbed=True)
  (/input-52/conv_4_w): BoundParams(name=/input-52/conv_4_w, inputs=[], perturbed=False)
  (/input-52/add_1_2): BoundAdd(name=/input-52/add_1_2, inputs=[/input-52/conv_1_relu, /input-52/conv_2], perturbed=True)
  (/input-52/add_3_4): BoundAdd(name=/input-52/add_3_4, inputs=[/input-52/conv_3_relu, /input-52/conv_4], perturbed=True)
  (/95/conv_1): BoundConv(name=/95/conv_1, inputs=[/94, /95/conv_1_w], perturbed=True)
  (/95/conv_1_relu): BoundRelu(name=/95/conv_1_relu, inputs=[/95/conv_1], perturbed=True)
  (/95/conv_1_w): BoundParams(name=/95/conv_1_w, inputs=[], perturbed=False)
  (/95/conv_2): BoundConv(name=/95/conv_2, inputs=[/94, /95/conv_2_w], perturbed=True)
  (/95/conv_2_w): BoundParams(name=/95/conv_2_w, inputs=[], perturbed=False)
  (/95/conv_3): BoundConv(name=/95/conv_3, inputs=[/95/add_1_2, /95/conv_3_w], perturbed=True)
  (/95/conv_3_relu): BoundRelu(name=/95/conv_3_relu, inputs=[/95/conv_3], perturbed=True)
  (/95/conv_3_w): BoundParams(name=/95/conv_3_w, inputs=[], perturbed=False)
  (/95/conv_4): BoundConv(name=/95/conv_4, inputs=[/95/add_1_2, /95/conv_4_w], perturbed=True)
  (/95/conv_4_w): BoundParams(name=/95/conv_4_w, inputs=[], perturbed=False)
  (/95/add_1_2): BoundAdd(name=/95/add_1_2, inputs=[/95/conv_1_relu, /95/conv_2], perturbed=True)
  (/95/add_3_4): BoundAdd(name=/95/add_3_4, inputs=[/95/conv_3_relu, /95/conv_4], perturbed=True)
)
Model prediction is: tensor([-6.72293156e-02,  1.76149917e+00, -6.03722930e-01, -8.72324467e-01,
        -7.48180568e-01,  9.11615610e-01,  2.81771183e-01, -1.48009467e+00,
        -7.25929320e-01, -5.28592706e-01, -7.17150494e-02,  1.19659185e-01,
         5.12285382e-02,  5.73408008e-02,  1.88214600e-01,  8.19619596e-01,
        -6.11432493e-01, -1.14361238e+00, -2.84032822e-01, -4.37570602e-01,
        -1.80093199e-01,  3.08937728e-01,  6.82952404e-02, -5.41667998e-01,
         2.97550201e-01, -2.40249448e-02,  1.64712989e+00,  1.16617814e-01,
        -5.64214349e-01,  1.18243158e+00, -7.53575146e-01,  1.10709405e+00,
         2.61622965e-01, -3.45503092e-01, -5.50944626e-01, -2.10521415e-01,
         8.91408682e-01, -9.72050846e-01,  8.73237491e-01, -3.69117469e-01,
         1.03541958e+00,  1.17850751e-01,  6.81573302e-02,  4.94499505e-01,
         7.29024470e-01,  4.49662775e-01,  1.04532993e+00,  2.16463745e-01,
        -5.61851263e-01,  1.22458212e-01,  6.19783938e-01, -1.50057459e+00,
         8.14023912e-01,  8.88179302e-01,  1.46234736e-01,  7.75504336e-02,
         6.39245689e-01, -7.03324139e-01,  9.26333427e-01,  8.77104521e-01,
         1.05737031e+00, -1.21489465e-01,  1.72585681e-01,  1.09858370e+00,
         7.20605254e-01, -2.97129136e-02,  3.25838149e-01,  1.61206909e-02,
        -8.32861960e-02, -7.64696717e-01,  1.15483856e+00,  1.22258162e+00,
         8.23912859e-01,  1.90668321e+00,  1.56739557e+00,  2.24077940e+00,
         1.81021786e+00,  3.04361749e+00,  2.34926248e+00,  2.07996202e+00,
         1.07060885e+00, -1.05799139e+00,  2.81486809e-01, -3.57590169e-01,
        -5.69809794e-01, -2.42389023e-01, -7.39827394e-01,  1.32621363e-01,
         2.67382294e-01, -8.74615192e-01, -3.32454860e-01, -4.88845974e-01,
         7.65129685e-01,  4.47853923e-01,  9.28910196e-01, -4.41676915e-01,
         1.01566958e+00, -1.13830507e+00, -3.66403699e-01, -1.00431991e+00,
        -1.90262809e-01, -1.26984775e+00, -1.51476729e+00,  7.51115263e-01,
         1.57917500e-01, -1.09727275e+00,  8.13400745e-03, -1.02047193e+00,
        -8.16271305e-01, -1.53624332e+00,  1.10194065e-01,  2.74202943e+00,
         1.24457411e-01,  1.13285804e+00,  1.70222676e+00, -3.17994803e-01,
        -5.31212032e-01, -1.49733983e-02, -4.21288222e-01, -6.07406080e-01,
        -5.30206084e-01, -6.22441709e-01, -9.39501643e-01, -1.49438262e+00,
        -6.37368083e-01, -8.22901309e-01,  1.79160380e+00, -3.00402373e-01,
         7.77707696e-01,  2.55167603e-01, -2.24473521e-01, -8.60909700e-01,
         1.91612273e-01, -6.62496835e-02, -7.73735821e-01,  9.19338614e-02,
        -9.31964278e-01, -4.93737251e-01,  1.87005207e-01, -1.30768991e+00,
        -1.89474809e+00, -3.85648191e-01, -6.80460930e-01, -8.25630128e-01,
        -1.33984101e+00, -8.31351340e-01, -1.02949369e+00,  2.46498331e-01,
        -4.30745393e-01, -3.47361088e-01, -1.63231838e+00,  1.00156140e+00,
         1.11727752e-01,  9.58770335e-01,  1.48305643e+00,  4.89346534e-01,
        -3.31558317e-01,  9.18932438e-01, -3.77636403e-01, -1.05147946e+00,
        -3.16811711e-01,  2.33449414e-03,  7.64576495e-01, -3.80369782e-01,
        -5.82768977e-01, -5.78079820e-01, -7.42886841e-01, -6.67892575e-01,
        -4.97333780e-02,  7.90064335e-02, -2.67344713e-01, -5.48658550e-01,
        -1.47906935e+00, -4.73885983e-01,  4.97194380e-03, -2.15983525e-01,
        -1.11846209e+00, -3.69577676e-01, -6.98602796e-01, -1.24837768e+00,
        -1.41295660e+00,  2.94160526e-02,  8.71088326e-01, -3.00667375e-01,
         5.35925448e-01,  3.77881080e-01,  7.97451496e-01,  1.10649562e+00,
         3.48676980e-01,  5.40871799e-01, -8.97622034e-02,  1.26023805e+00,
         2.78100431e-01,  3.02863091e-01,  2.41999120e-01,  6.26797795e-01,
         2.90398777e-01, -5.56185901e-01, -7.38098204e-01,  1.16181457e+00,
         6.78319752e-01, -1.14983216e-01,  1.37017459e-01,  1.18052292e+00,
         7.28096664e-01, -8.42097104e-01, -9.01544988e-01,  7.76376575e-02,
        -6.81240141e-01, -3.77797186e-01, -1.96566403e+00, -4.87748832e-01,
        -5.10170348e-02, -2.96845436e-01, -2.12351501e-01, -5.40559113e-01,
        -9.77398828e-02, -1.68393612e-01, -5.06308854e-01,  2.72431910e-01,
        -3.48855138e-01,  1.37680829e-01, -1.14783391e-01,  4.92365450e-01,
         5.93258679e-01, -6.93346620e-01, -4.61658806e-01, -6.74931347e-01,
        -6.53616250e-01,  8.48008454e-01,  4.55409259e-01,  7.54811525e-01,
        -8.27034056e-01, -6.10942692e-02, -1.57813758e-01,  7.44626105e-01,
        -8.08710754e-01, -6.75466880e-02, -8.54292691e-01,  3.60880196e-01,
        -4.73865092e-01, -4.37625021e-01, -4.22729813e-02, -1.28037691e+00,
         4.28204387e-01,  2.74249673e-01, -1.14873719e+00,  1.66439593e-01,
         5.42576432e-01,  7.31226206e-01,  4.67371076e-01, -1.40364730e+00,
         1.41159642e+00, -2.41703555e-01,  8.59962881e-01, -9.14146304e-01,
        -3.33668023e-01,  6.20010614e-01,  8.52805972e-01,  2.53131771e+00,
         2.23165488e+00,  9.03937221e-01, -3.10032666e-01,  4.60486621e-01,
         1.75685778e-01,  1.53685045e+00,  4.62940663e-01,  5.92593253e-02,
        -1.30443645e+00,  1.53200006e+00,  1.09347641e+00,  1.75135672e+00,
         1.68254650e+00,  1.40062177e+00,  9.43090260e-01,  1.01127470e+00,
         8.65064323e-01,  1.85628843e+00,  1.19277728e+00,  1.56387424e+00,
         1.78647029e+00,  2.36418557e+00,  2.27830148e+00,  3.67971921e+00,
         2.38254499e+00,  1.36971056e+00,  1.99871451e-01,  1.40080690e+00,
         5.21683395e-01, -9.05485600e-02,  5.99372014e-03,  6.80564880e-01,
        -3.23239893e-01,  1.11052155e+00, -6.90004110e-01, -3.61742020e-01,
        -2.21509755e-01,  2.76388675e-01, -2.56878078e-01,  7.91763842e-01,
        -7.79575527e-01,  6.83582246e-01,  5.80765069e-01,  6.83963358e-01,
         6.28754795e-02, -6.92868054e-01,  7.11616337e-01,  1.08607817e+00,
         1.27107048e+00,  2.84954607e-01,  1.86073184e+00,  1.45859480e+00,
         6.85970128e-01,  2.05108905e+00,  2.06828141e+00,  1.04659128e+00,
         6.19505525e-01,  5.34519926e-03,  2.33531165e+00,  1.11527014e+00,
         8.67176354e-01, -1.28209233e+00, -1.06783211e+00, -9.01593089e-01,
        -1.20050418e+00, -1.40130568e+00, -1.44535697e+00,  7.98877180e-02,
        -1.40623784e+00, -7.35914648e-01,  7.58519173e-01,  1.33590782e+00,
         3.21933961e+00,  5.76626301e-01, -1.59266591e-01,  3.95212770e-01,
        -1.35699737e+00,  5.22417665e-01, -4.81835037e-01, -1.79900861e+00,
        -1.23241866e+00, -5.62457323e-01, -8.96558225e-01, -9.84511554e-01,
        -1.12774980e+00, -1.48178113e+00, -1.72330630e+00, -2.06592262e-01,
        -2.42617249e+00, -1.71155417e+00, -1.65130842e+00, -8.34203184e-01,
        -6.32891774e-01, -5.42234957e-01, -1.08194149e+00, -1.27266347e+00,
         6.64491296e-01,  7.68988788e-01,  8.33492219e-01,  1.07738698e+00,
        -3.87591720e-01,  1.38452029e+00,  1.20988309e+00,  2.67474115e-01,
        -6.92752779e-01,  5.51282525e-01,  2.71216393e-01,  2.03762084e-01,
         1.20730782e+00, -1.28977954e-01,  5.60778558e-01, -3.01064551e-01,
         2.65080631e-01,  4.07186717e-01,  2.49066055e-01, -8.10465634e-01,
         1.56779736e-01,  7.90145636e-01,  5.88041306e-01, -2.00762302e-01,
         1.44504237e+00,  3.28519523e-01,  6.00169420e-01,  1.56083077e-01,
         6.09728575e-01, -8.00399184e-01, -1.30762756e+00,  1.54226646e-01,
        -1.03676105e+00,  4.76753473e-01, -6.07737780e-01,  4.80563045e-02,
        -5.05582154e-01, -2.31582546e+00, -7.96118796e-01,  9.02946055e-01,
        -1.46557486e+00, -1.21136951e+00, -5.10098875e-01, -2.37141103e-02,
        -7.69616425e-01, -8.30482721e-01,  1.14971153e-01, -7.90395141e-01,
        -6.00103855e-01,  6.59527302e-01, -7.31351733e-01, -1.41480923e-01,
        -1.91320217e+00,  2.20093489e+00, -1.00971150e+00,  4.52238351e-01,
         2.32444182e-02,  7.09132314e-01,  2.23467454e-01, -1.95899558e+00,
         8.83413553e-01, -7.04150051e-02,  2.39923620e+00,  1.34819067e+00,
         5.56215942e-01,  6.31857961e-02, -4.08320010e-01, -1.13394034e+00,
        -8.41802359e-01, -5.26743650e-01,  7.51898706e-01, -9.68869388e-01,
        -1.86697230e-01, -7.92227685e-01, -1.10000479e+00, -8.13665509e-01,
         2.77971566e-01, -9.98269096e-02,  2.30730295e-01,  1.38520539e+00,
        -4.59105819e-01, -6.33757710e-01,  1.02651310e+00,  2.86364198e-01,
        -4.65736419e-01,  8.15124750e-01, -2.55961806e-01,  7.39981234e-01,
        -8.08685601e-01, -1.00080621e+00,  2.27202177e+00, -1.16299284e+00,
        -9.49700415e-01, -8.88188601e-01, -1.48626006e+00,  3.97458494e-01,
        -2.38608763e-01,  1.25111580e-01, -1.37457609e+00, -5.03331423e-01,
         2.97691971e-01,  9.63286340e-01, -5.95580697e-01,  2.12900400e-01,
        -1.61403871e+00,  2.77353078e-01,  1.87820005e+00, -7.77657390e-01,
         2.97889292e-01,  8.61853719e-01, -1.22087443e+00, -2.44208884e+00,
         1.88691050e-01,  1.39967370e+00,  1.71361017e+00, -8.20985377e-01,
        -1.23569489e+00, -8.71088635e-03, -1.56646502e+00,  8.32882166e-01,
        -1.04950845e+00, -8.79342794e-01, -3.62467229e-01, -1.21546006e+00,
         1.92778885e+00,  1.84669137e-01, -3.00854184e-02, -1.09096110e+00,
        -1.37301171e+00,  6.29051983e-01,  5.09691536e-02,  1.72922766e+00,
        -3.90682906e-01,  5.43765068e-01,  5.79591751e-01, -7.83820510e-01,
         1.29580498e-04,  6.93096042e-01,  5.30493855e-01,  1.78850219e-01,
         2.31574357e-01,  3.04615200e-01, -2.85523117e-01,  1.24504983e+00,
        -1.96369445e+00, -1.60839751e-01, -1.58988416e+00, -1.37635559e-01,
        -2.08432212e-01, -3.73805225e-01, -1.40433192e+00,  4.00677711e-01,
         6.34286225e-01, -2.96842360e+00, -1.39712167e+00, -1.06497252e+00,
         3.54857057e-01, -4.51302379e-01, -1.14819062e+00, -5.37658811e-01,
        -1.87428951e+00,  3.12830061e-01, -6.94621801e-01, -5.86278677e-01,
        -1.09971595e+00, -8.21639448e-02, -1.73580360e+00, -3.24792564e-01,
        -2.91870028e-01, -1.31160784e+00,  2.87747532e-01,  4.66287076e-01,
        -9.74455297e-01, -1.09985185e+00,  1.40117848e+00,  3.95377278e-01,
         3.83497477e-01, -3.38768214e-01,  1.85837102e+00, -2.07822633e+00,
        -1.66615355e+00, -1.15926814e+00, -3.86026591e-01,  1.80980074e+00,
         1.76810101e-01, -1.25247347e+00,  1.97439337e+00, -8.02054167e-01,
        -4.78052288e-01,  6.87048025e-03, -2.62276560e-01, -2.36728716e+00,
         8.27644825e-01,  1.63585436e+00, -1.64853156e+00, -9.16762173e-01,
         2.04640532e+00,  1.41559076e+00, -6.06908910e-02, -1.68918595e-01,
         5.05710602e+00,  1.01550972e+00,  9.46588933e-01, -7.97463655e-02,
        -1.69724417e+00, -7.79022992e-01,  1.88919806e+00,  1.22934294e+00,
        -6.41489625e-01,  3.98081578e-02, -8.36544752e-01,  5.23522735e-01,
         7.27992713e-01, -1.83336544e+00, -3.19609493e-01, -1.29672277e+00,
         5.11460960e-01, -1.29420829e+00, -4.28498209e-01, -9.94486570e-01,
        -2.25233197e+00,  1.05029833e+00, -2.66652972e-01,  2.58937746e-01,
         2.05455422e-01, -1.08017480e+00, -2.26525807e+00, -6.91799819e-01,
         1.38877976e+00,  1.34784415e-01, -4.35635924e-01,  9.35771048e-01,
         6.12227023e-01, -5.52154839e-01,  5.61449707e-01,  3.78164506e+00,
        -3.59879941e-01,  3.04841518e-01, -2.14146063e-01, -8.77252817e-01,
         1.38401270e+00, -2.49282807e-01,  6.31086648e-01,  1.66132653e+00,
         1.11666214e+00, -7.39475563e-02,  9.96214151e-01, -1.85065544e+00,
         6.21274531e-01,  1.00303817e+00, -1.73033699e-01,  2.63807744e-01,
         8.23127806e-01, -9.93646920e-01,  1.21811703e-02,  1.46682099e-01,
        -1.18194377e+00, -6.94084346e-01, -4.15385455e-01, -4.71820742e-01,
         1.36300790e+00, -5.63547790e-01,  2.15455747e+00,  2.04513311e+00,
         1.76941097e+00, -5.81498563e-01,  8.57283294e-01,  2.10604882e+00,
        -1.02049041e+00, -1.52750468e+00,  1.73498702e+00,  4.87864286e-01,
        -1.96981919e+00,  1.12775385e+00, -5.86987376e-01, -3.09066743e-01,
         2.66743064e+00,  6.48597598e-01, -2.02476096e+00, -1.60142430e-03,
         1.22133923e+00, -6.64195061e-01, -9.03599262e-01, -1.02828395e+00,
        -1.12671936e+00,  3.77956748e-01, -9.75269854e-01, -3.24605852e-01,
         2.28093195e+00, -2.09278202e+00, -3.46121728e-01,  2.58475363e-01,
         1.00554025e+00, -1.49149704e+00,  1.94356954e+00,  2.57515049e+00,
        -8.96218598e-01, -6.18667483e-01, -1.11986971e+00,  3.48068297e-01,
        -3.31725836e-01,  2.36445189e+00, -7.98076317e-02, -1.74754888e-01,
        -3.63984346e-01, -2.12691188e+00,  5.17611444e-01, -1.15156472e+00,
         2.42980337e+00, -6.80849135e-01, -3.21651846e-01, -5.01295149e-01,
        -8.11144471e-01,  1.76757073e+00, -4.32254881e-01, -6.96861088e-01,
        -6.27837062e-01,  8.76480341e-01,  4.05502796e-01, -9.16137755e-01,
        -7.34690487e-01,  1.46802497e+00, -4.22997832e-01, -3.24214429e-01,
         6.04353845e-01,  1.03307986e+00, -4.71187755e-02,  5.45858741e-01,
        -7.58166313e-01,  9.11544263e-01, -1.28996694e+00, -2.00095892e+00,
         2.30590725e+00, -3.49572808e-01, -3.00466132e+00, -9.05523598e-02,
         9.09618318e-01, -2.33728945e-01, -1.26029480e+00, -1.30622730e-01,
         6.50874674e-01, -7.34003484e-01, -8.39496493e-01,  1.25676673e-02,
         1.28087568e+00,  1.63374260e-01,  1.79186076e-01, -1.29079115e+00,
         1.12098038e+00, -1.70625234e+00, -1.04425144e+00,  5.54546237e-01,
        -4.78223920e-01,  4.65492100e-01, -5.14599204e-01,  5.78561723e-01,
         1.01193011e+00,  4.70989704e-01,  2.61349350e-01, -5.75908482e-01,
        -5.66910148e-01, -1.76701880e+00, -2.58311152e-01, -9.80037987e-01,
        -2.85517186e-01,  6.85991421e-02,  1.23265219e+00, -2.25214601e-01,
        -2.14715147e+00,  6.76387131e-01, -1.05720425e+00, -2.96094060e-01,
         2.24042699e-01, -1.55055153e+00, -1.42157960e+00,  1.84649026e+00,
        -6.96264505e-01,  1.21201789e+00, -1.18517852e+00, -2.62142152e-01,
        -1.87923804e-01, -3.67697209e-01,  4.65936840e-01, -2.37043381e+00,
        -1.04170430e+00,  1.80374253e+00, -8.06447148e-01, -6.44801676e-01,
         2.57820988e+00,  5.28781056e-01,  4.30494577e-01, -1.02439500e-01,
         8.56159687e-01,  1.62519872e+00,  3.24051321e-01, -5.58842182e-01,
         4.90204364e-01,  1.53669655e+00,  7.19251096e-01, -1.35055590e+00,
        -5.15726805e-01, -1.17477250e+00, -8.31387937e-01, -1.19479876e-02,
         1.35207951e+00,  1.76025212e+00, -1.39746487e+00,  7.52383769e-01,
         1.37510586e+00, -4.14463520e-01,  1.20450425e+00,  6.90854251e-01,
        -1.88602853e+00,  1.12484550e+00, -1.40032125e+00,  9.63998735e-01,
         1.32678986e+00,  4.72857833e-01, -1.16409516e+00, -4.61822808e-01,
         6.61443412e-01,  1.34678721e+00, -4.75642383e-01, -8.55463564e-01,
        -1.04681325e+00, -3.37793171e-01,  2.28723884e+00,  1.27509773e+00,
         1.94546890e+00, -4.03331965e-01, -1.28903770e+00,  5.35186589e-01,
        -1.73638535e+00,  2.60486436e+00, -1.13741624e+00,  2.68125892e-01,
         1.20477128e+00,  3.21715772e-01,  3.02123356e+00,  6.77757636e-02,
         2.48976633e-01, -1.19372487e-01,  3.88954937e-01,  1.93879390e+00,
        -8.85578930e-01, -1.36954272e+00, -2.79173046e-01,  7.27462173e-01,
         1.67838763e-02, -6.26680136e-01, -9.17207778e-01,  1.33201152e-01,
        -1.96275818e+00,  8.27841103e-01,  3.35105240e-01,  9.29663777e-01,
         9.42091525e-01,  1.16824424e+00, -4.60193068e-01,  1.37883508e+00,
         1.10670674e+00, -8.58005166e-01,  1.88882017e+00,  9.10864770e-01,
        -1.03558171e+00, -1.00053024e+00, -1.71532445e-02, -6.45025492e-01,
         2.75381982e-01, -1.38321936e+00,  4.09001946e-01,  9.21089649e-01,
         1.75321317e+00, -1.30253434e+00, -7.46701956e-01,  1.77250788e-01,
        -1.68899930e+00, -1.31620002e+00,  6.66572094e-01, -1.62092912e+00,
        -2.46889561e-01,  5.20457253e-02, -7.15842783e-01, -3.46022427e-01,
         1.16948473e+00, -1.46277380e+00, -6.12564147e-01, -2.03004599e-01,
         1.43881536e+00,  2.19612455e+00,  9.48597074e-01, -3.50433797e-01,
         5.17375588e-01, -6.86751604e-01,  3.39714028e-02,  2.88777804e+00,
         1.19876111e+00, -2.13374710e+00,  1.26411653e+00,  1.06328773e+00,
        -2.88198662e+00, -1.10120130e+00, -8.09123099e-01, -6.86908424e-01,
        -1.15540636e+00,  8.99309576e-01,  3.82808477e-01, -1.98538697e+00,
        -8.44210684e-01, -1.99703109e+00, -1.57048523e+00, -4.65442955e-01,
         1.20263565e+00, -7.21866906e-01, -7.65892088e-01, -5.83939672e-01,
         6.75539374e-01, -6.48916483e-01, -1.96145952e+00,  3.78785908e-01,
         1.71517885e+00,  9.73979175e-01, -1.47190654e+00,  6.31255805e-01,
         1.40828162e-01, -3.73508222e-02,  6.55714154e-01,  9.08931494e-01,
        -2.25644112e-02,  2.56552172e+00, -2.38418967e-01, -5.48675060e-01,
        -7.18010187e-01,  5.69549561e-01, -1.66096306e+00, -5.53448439e-01,
         3.16209435e+00,  2.86259800e-01,  1.83777928e+00, -4.06829953e-01,
         8.89411151e-01,  1.00786090e+00,  2.82689095e-01, -3.39042693e-01,
        -7.64665186e-01, -7.50580132e-01,  4.01409954e-01,  1.27032197e+00,
         6.51599550e+00,  2.82760811e+00,  1.03388464e+00, -2.80357689e-01,
         9.88952518e-01,  1.36586297e+00,  8.04427385e-01,  2.22861791e+00,
        -1.33009923e+00, -1.74711537e+00, -8.27753544e-01, -1.97744834e+00,
         2.63763338e-01, -6.42949939e-01,  2.52351582e-01, -6.00062087e-02,
         8.69315863e-01,  1.49013257e+00,  1.47666723e-01, -5.28156638e-01,
        -2.25950074e+00,  2.08763719e+00,  4.03101623e-01, -1.12939608e+00,
        -1.51001334e+00,  2.61796504e-01, -2.83080965e-01, -1.22606456e+00,
        -1.08037710e+00, -1.65822184e+00, -1.28557467e+00,  4.89604548e-02,
        -1.15433133e+00, -6.16087914e-01,  2.55319476e-02, -2.24164933e-01,
        -1.75753564e-01,  3.04587670e-02,  7.40792632e-01, -3.20472538e-01,
        -2.69884372e+00, -3.48649710e-01, -9.65712786e-01, -9.82573032e-01,
         1.35602748e+00,  1.19182837e+00,  7.78846741e-01, -3.04853320e-01,
        -2.78658748e-01,  6.29708588e-01, -1.19321607e-01, -1.41188395e+00,
        -7.91426539e-01,  2.02539176e-01, -9.60421622e-01, -1.11864209e+00,
        -1.51793146e+00, -8.27853560e-01, -5.35519123e-01, -4.35946852e-01,
        -4.61692929e-01, -1.32567787e+00,  9.56448376e-01, -6.45158052e-01,
         1.35535270e-01,  1.34617209e-01, -1.31224775e+00,  1.72143066e+00,
        -9.24882770e-01, -1.01780140e+00,  2.40735364e+00,  1.74526840e-01,
        -1.23902023e+00, -3.01663220e-01,  1.33264810e-03, -1.16643512e+00,
         2.27941155e+00, -3.66702348e-01, -6.17740154e-02, -1.06292772e+00,
        -1.01867378e+00,  3.30456376e-01, -1.07247293e+00,  5.58744706e-02,
        -3.11967254e-01,  1.13195431e+00, -7.04722762e-01, -1.00279367e+00,
        -1.22368264e+00, -1.75921476e+00, -1.52608562e+00, -1.00209439e+00,
        -8.91928852e-01, -2.25350189e+00,  3.94969821e-01,  1.39725700e-01],
       device='cuda:0')
Clean RHS: tensor([[0.12905586]], device='cuda:0')
Split layers:
Nonlinear functions:
   BoundRelu(name=/66, inputs=[/input], perturbed=True)
   BoundRelu(name=/68, inputs=[/input-4], perturbed=True)
   BoundRelu(name=/71, inputs=[/input-12], perturbed=True)
   BoundRelu(name=/73, inputs=[/input-16], perturbed=True)
   BoundRelu(name=/76, inputs=[/input-24], perturbed=True)
   BoundRelu(name=/78, inputs=[/input-28], perturbed=True)
   BoundRelu(name=/80, inputs=[/input-32], perturbed=True)
   BoundRelu(name=/83, inputs=[/input-40], perturbed=True)
   BoundRelu(name=/85, inputs=[/input-44], perturbed=True)
   BoundRelu(name=/87, inputs=[/input-48], perturbed=True)
   BoundRelu(name=/90, inputs=[/input-56], perturbed=True)
   BoundRelu(name=/92, inputs=[/input-60], perturbed=True)
   BoundRelu(name=/94, inputs=[/input-64], perturbed=True)
   BoundRelu(name=/98, inputs=[/input-68], perturbed=True)
   BoundRelu(name=/101, inputs=[/input-72], perturbed=True)
   BoundRelu(name=/input-8/conv_1_relu, inputs=[/input-8/conv_1], perturbed=True)
   BoundRelu(name=/input-8/conv_3_relu, inputs=[/input-8/conv_3], perturbed=True)
   BoundRelu(name=/input-20/conv_1_relu, inputs=[/input-20/conv_1], perturbed=True)
   BoundRelu(name=/input-20/conv_3_relu, inputs=[/input-20/conv_3], perturbed=True)
   BoundRelu(name=/input-36/conv_1_relu, inputs=[/input-36/conv_1], perturbed=True)
   BoundRelu(name=/input-36/conv_3_relu, inputs=[/input-36/conv_3], perturbed=True)
   BoundRelu(name=/input-52/conv_1_relu, inputs=[/input-52/conv_1], perturbed=True)
   BoundRelu(name=/input-52/conv_3_relu, inputs=[/input-52/conv_3], perturbed=True)
   BoundRelu(name=/95/conv_1_relu, inputs=[/95/conv_1], perturbed=True)
   BoundRelu(name=/95/conv_3_relu, inputs=[/95/conv_3], perturbed=True)
Batched CROWN: node BoundConv(name=/input-4, inputs=[/66, /35, /36], perturbed=True), unstable size 39889
Batched CROWN: node BoundConv(name=/input-8/conv_1, inputs=[/68, /input-8/conv_1_w], perturbed=True), unstable size 39282
Batched CROWN: node BoundConv(name=/input-8/conv_3, inputs=[/input-8/add_1_2, /input-8/conv_3_w], perturbed=True), unstable size 18492
Batched CROWN: node BoundConv(name=/input-12, inputs=[/input-8/add_3_4, /37, /38], perturbed=True), unstable size 409625
Batched CROWN: node BoundConv(name=/input-16, inputs=[/71, /39, /40], perturbed=True), unstable size 1560679
Batched CROWN: node BoundConv(name=/input-20/conv_1, inputs=[/73, /input-20/conv_1_w], perturbed=True), unstable size 18879
Batched CROWN: node BoundConv(name=/input-20/conv_3, inputs=[/input-20/add_1_2, /input-20/conv_3_w], perturbed=True), unstable size 11776
Batched CROWN: node BoundConv(name=/input-24, inputs=[/input-20/add_3_4, /41, /42], perturbed=True), unstable size 400490
Batched CROWN: node BoundConv(name=/input-28, inputs=[/76, /43, /44], perturbed=True), unstable size 798865
Batched CROWN: node BoundConv(name=/input-32, inputs=[/78, /45, /46], perturbed=True), unstable size 123147
Batched CROWN: node BoundConv(name=/input-36/conv_1, inputs=[/80, /input-36/conv_1_w], perturbed=True), unstable size 30793
Batched CROWN: node BoundConv(name=/input-36/conv_3, inputs=[/input-36/add_1_2, /input-36/conv_3_w], perturbed=True), unstable size 20242
Batched CROWN: node BoundConv(name=/input-40, inputs=[/input-36/add_3_4, /47, /48], perturbed=True), unstable size 347762
Batched CROWN: node BoundConv(name=/input-44, inputs=[/83, /49, /50], perturbed=True), unstable size 200036
Batched CROWN: node BoundConv(name=/input-48, inputs=[/85, /51, /52], perturbed=True), unstable size 302354
Batched CROWN: node BoundConv(name=/input-52/conv_1, inputs=[/87, /input-52/conv_1_w], perturbed=True), unstable size 5109
Batched CROWN: node BoundConv(name=/input-52/conv_3, inputs=[/input-52/add_1_2, /input-52/conv_3_w], perturbed=True), unstable size 4045
Batched CROWN: node BoundConv(name=/input-56, inputs=[/input-52/add_3_4, /53, /54], perturbed=True), unstable size 85213
Batched CROWN: node BoundConv(name=/input-60, inputs=[/90, /55, /56], perturbed=True), unstable size 99737
Batched CROWN: node BoundConv(name=/input-64, inputs=[/92, /57, /58], perturbed=True), unstable size 97636
