----- SLURM_JOB_ID=4501475
SLURM_JOB_NODELIST=d3233
SLURM_JOB_GPUS=1
SLURM_GPUS=<unset>
SLURM_STEP_GPUS=<unset>
CUDA_VISIBLE_DEVICES=0
SLURM_NTASKS=1
SLURM_CPUS_PER_TASK=4
SHELL=/bin/bash
PATH=/shared/EL9/explorer/cuda/12.8.0/bin:/shared/EL9/explorer/code-server/4.91.1/code-server-4.91.1-linux-amd64/lib/vscode/bin/remote-cli:/home/z.dehghanipour/.conda/envs/ab-crown-v1/bin:/shared/EL9/explorer/anaconda3/2024.06/condabin:/usr/share/Modules/bin:/usr/local/bin:/usr/bin:/usr/local/sbin:/usr/sbin:/home/z.dehghanipour/.local/bin:/home/z.dehghanipour/bin:/home/z.dehghanipour/.local/bin:/home/z.dehghanipour/bin
========== ENV CHECK ==========
/home/z.dehghanipour/.conda/envs/ab-crown-v1/bin/python
Python 3.11.9
PYTHON: /home/z.dehghanipour/.conda/envs/ab-crown-v1/bin/python
torch: 2.3.1
torch.version.cuda: 12.1
cuda available: True
CUDA_VISIBLE_DEVICES: 0
device[0]: NVIDIA A100 80GB PCIe
capability[0]: (8, 0)
matmul ok: -1362.818359375
Sat Feb 21 16:01:42 2026       
+---------------------------------------------------------------------------------------+
| NVIDIA-SMI 545.23.08              Driver Version: 545.23.08    CUDA Version: 12.3     |
|-----------------------------------------+----------------------+----------------------+
| GPU  Name                 Persistence-M | Bus-Id        Disp.A | Volatile Uncorr. ECC |
| Fan  Temp   Perf          Pwr:Usage/Cap |         Memory-Usage | GPU-Util  Compute M. |
|                                         |                      |               MIG M. |
|=========================================+======================+======================|
|   0  NVIDIA A100 80GB PCIe          On  | 00000000:40:00.0 Off |                    0 |
| N/A   40C    P0              77W / 300W |      4MiB / 81920MiB |      0%      Default |
|                                         |                      |             Disabled |
+-----------------------------------------+----------------------+----------------------+
                                                                                         
+---------------------------------------------------------------------------------------+
| Processes:                                                                            |
|  GPU   GI   CI        PID   Type   Process name                            GPU Memory |
|        ID   ID                                                             Usage      |
|=======================================================================================|
|  No running processes found                                                           |
+---------------------------------------------------------------------------------------+
================================
========== QUICK GPU CHECK ==========
Sat Feb 21 16:01:42 2026       
+---------------------------------------------------------------------------------------+
| NVIDIA-SMI 545.23.08              Driver Version: 545.23.08    CUDA Version: 12.3     |
|-----------------------------------------+----------------------+----------------------+
| GPU  Name                 Persistence-M | Bus-Id        Disp.A | Volatile Uncorr. ECC |
| Fan  Temp   Perf          Pwr:Usage/Cap |         Memory-Usage | GPU-Util  Compute M. |
|                                         |                      |               MIG M. |
|=========================================+======================+======================|
|   0  NVIDIA A100 80GB PCIe          On  | 00000000:40:00.0 Off |                    0 |
| N/A   40C    P0              80W / 300W |      4MiB / 81920MiB |      0%      Default |
|                                         |                      |             Disabled |
+-----------------------------------------+----------------------+----------------------+
                                                                                         
+---------------------------------------------------------------------------------------+
| Processes:                                                                            |
|  GPU   GI   CI        PID   Type   Process name                            GPU Memory |
|        ID   ID                                                             Usage      |
|=======================================================================================|
|  No running processes found                                                           |
+---------------------------------------------------------------------------------------+
=====================================
[rank 0/1] host=d3233 CUDA_VISIBLE_DEVICES=0
[rank 0] === Checking instance ID 1 ===
[rank 0] >>> ID 1 already done (results.csv / parts) — skipping
[rank 0] === Checking instance ID 2 ===
[rank 0] >>> ID 2 already done (results.csv / parts) — skipping
[rank 0] === Checking instance ID 3 ===
[rank 0] >>> ID 3 already done (results.csv / parts) — skipping
[rank 0] === Checking instance ID 4 ===
[rank 0] >>> ID 4 already done (results.csv / parts) — skipping
[rank 0] === Checking instance ID 5 ===
[rank 0] >>> ID 5 already done (results.csv / parts) — skipping
[rank 0] === Checking instance ID 6 ===
[rank 0] >>> ID 6 already done (results.csv / parts) — skipping
[rank 0] === Checking instance ID 7 ===
[rank 0] >>> ID 7 already done (results.csv / parts) — skipping
[rank 0] === Checking instance ID 8 ===
[rank 0] >>> ID 8 already done (results.csv / parts) — skipping
[rank 0] === Checking instance ID 9 ===
[rank 0] >>> ID 9 already done (results.csv / parts) — skipping
[rank 0] === Checking instance ID 10 ===
[rank 0] >>> ID 10 already done (results.csv / parts) — skipping
[rank 0] === Checking instance ID 11 ===
[rank 0] >>> ID 11 already done (results.csv / parts) — skipping
[rank 0] === Checking instance ID 12 ===
[rank 0] >>> ID 12 already done (results.csv / parts) — skipping
[rank 0] === Checking instance ID 13 ===
[rank 0] >>> ID 13 already done (results.csv / parts) — skipping
[rank 0] === Checking instance ID 14 ===
[rank 0] >>> ID 14 already done (results.csv / parts) — skipping
[rank 0] === Checking instance ID 15 ===
[rank 0] >>> ID 15 already done (results.csv / parts) — skipping
[rank 0] === Checking instance ID 16 ===
[rank 0] >>> ID 16 already done (results.csv / parts) — skipping
[rank 0] === Checking instance ID 17 ===
[rank 0] >>> ID 17 already done (results.csv / parts) — skipping
[rank 0] === Checking instance ID 18 ===
[rank 0] >>> ID 18 already done (results.csv / parts) — skipping
[rank 0] === Checking instance ID 19 ===
[rank 0] >>> ID 19 already done (results.csv / parts) — skipping
[rank 0] === Checking instance ID 20 ===
[rank 0] >>> ID 20 already done (results.csv / parts) — skipping
[rank 0] === Checking instance ID 21 ===
[rank 0] >>> ID 21 already done (results.csv / parts) — skipping
[rank 0] === Checking instance ID 22 ===
[rank 0] >>> ID 22 already done (results.csv / parts) — skipping
[rank 0] === Checking instance ID 23 ===
[rank 0] >>> ID 23 already done (results.csv / parts) — skipping
[rank 0] === Checking instance ID 24 ===
[rank 0] >>> ID 24 already done (results.csv / parts) — skipping
[rank 0] === Checking instance ID 25 ===
[rank 0] >>> ID 25 already done (results.csv / parts) — skipping
[rank 0] === Checking instance ID 26 ===
[rank 0] >>> ID 26 already done (results.csv / parts) — skipping
[rank 0] === Checking instance ID 27 ===
[rank 0] >>> ID 27 already done (results.csv / parts) — skipping
[rank 0] === Checking instance ID 28 ===
[rank 0] >>> ID 28 already done (results.csv / parts) — skipping
[rank 0] === Checking instance ID 29 ===
[rank 0] >>> ID 29 already done (results.csv / parts) — skipping
[rank 0] === Checking instance ID 30 ===
[rank 0] >>> ID 30 already done (results.csv / parts) — skipping
[rank 0] === Checking instance ID 31 ===
[rank 0] >>> ID 31 already done (results.csv / parts) — skipping
[rank 0] === Checking instance ID 32 ===
[rank 0] >>> ID 32 already done (results.csv / parts) — skipping
[rank 0] === Checking instance ID 33 ===
[rank 0] >>> ID 33 already done (results.csv / parts) — skipping
[rank 0] === Checking instance ID 34 ===
[rank 0] >>> ID 34 already done (results.csv / parts) — skipping
[rank 0] === Checking instance ID 35 ===
[rank 0] >>> ID 35 already done (results.csv / parts) — skipping
[rank 0] === Checking instance ID 36 ===
[rank 0] >>> ID 36 already done (results.csv / parts) — skipping
[rank 0] === Checking instance ID 37 ===
[rank 0] >>> ID 37 already done (results.csv / parts) — skipping
[rank 0] === Checking instance ID 38 ===
[rank 0] >>> ID 38 already done (results.csv / parts) — skipping
[rank 0] === Checking instance ID 39 ===
[rank 0] >>> ID 39 already done (results.csv / parts) — skipping
[rank 0] === Checking instance ID 40 ===
[rank 0] >>> ID 40 already done (results.csv / parts) — skipping
[rank 0] === Checking instance ID 41 ===
[rank 0] >>> ID 41 already done (results.csv / parts) — skipping
[rank 0] === Checking instance ID 42 ===
[rank 0] >>> ID 42 already done (results.csv / parts) — skipping
[rank 0] === Checking instance ID 43 ===
[rank 0] >>> ID 43 already done (results.csv / parts) — skipping
[rank 0] === Checking instance ID 44 ===
[rank 0] >>> ID 44 already done (results.csv / parts) — skipping
[rank 0] === Checking instance ID 45 ===
[rank 0] >>> ID 45 already done (results.csv / parts) — skipping
[rank 0] === Checking instance ID 46 ===
[rank 0] >>> ID 46 already done (results.csv / parts) — skipping
[rank 0] === Checking instance ID 47 ===
[rank 0] >>> ID 47 already done (results.csv / parts) — skipping
[rank 0] === Checking instance ID 48 ===
[rank 0] >>> ID 48 already done (results.csv / parts) — skipping
[rank 0] === Checking instance ID 49 ===
[rank 0] >>> ID 49 already done (results.csv / parts) — skipping
[rank 0] === Checking instance ID 50 ===
[rank 0] >>> ID 50 already done (results.csv / parts) — skipping
[rank 0] === Checking instance ID 51 ===
[rank 0] >>> ID 51 already done (results.csv / parts) — skipping
[rank 0] === Checking instance ID 52 ===
[rank 0] >>> ID 52 already done (results.csv / parts) — skipping
[rank 0] === Checking instance ID 53 ===
[rank 0] >>> ID 53 already done (results.csv / parts) — skipping
[rank 0] === Checking instance ID 54 ===
[rank 0] >>> ID 54 already done (results.csv / parts) — skipping
[rank 0] === Checking instance ID 55 ===
[rank 0] >>> ID 55 already done (results.csv / parts) — skipping
[rank 0] === Checking instance ID 56 ===
[rank 0] >>> ID 56 already done (results.csv / parts) — skipping
[rank 0] === Checking instance ID 57 ===
[rank 0] >>> ID 57 already done (results.csv / parts) — skipping
[rank 0] === Checking instance ID 58 ===
[rank 0] >>> ID 58 already done (results.csv / parts) — skipping
[rank 0] === Checking instance ID 59 ===
[rank 0] >>> ID 59 already done (results.csv / parts) — skipping
[rank 0] === Checking instance ID 60 ===
[rank 0] >>> ID 60 already done (results.csv / parts) — skipping
[rank 0] === Checking instance ID 61 ===
[rank 0] >>> ID 61 already done (results.csv / parts) — skipping
[rank 0] === Checking instance ID 62 ===
[rank 0] >>> ID 62 already done (results.csv / parts) — skipping
[rank 0] === Checking instance ID 63 ===
[rank 0] >>> ID 63 already done (results.csv / parts) — skipping
[rank 0] === Checking instance ID 64 ===
[rank 0] >>> ID 64 already done (results.csv / parts) — skipping
[rank 0] === Checking instance ID 65 ===
[rank 0] >>> ID 65 already done (results.csv / parts) — skipping
[rank 0] === Checking instance ID 66 ===
[rank 0] >>> ID 66 already done (results.csv / parts) — skipping
[rank 0] === Checking instance ID 67 ===
[rank 0] >>> ID 67 already done (results.csv / parts) — skipping
[rank 0] === Checking instance ID 68 ===
[rank 0] >>> ID 68 already done (results.csv / parts) — skipping
[rank 0] === Checking instance ID 69 ===
[rank 0] >>> ID 69 already done (results.csv / parts) — skipping
[rank 0] === Checking instance ID 70 ===
[rank 0] >>> ID 70 already done (results.csv / parts) — skipping
[rank 0] === Checking instance ID 71 ===
[rank 0] >>> ID 71 already done (results.csv / parts) — skipping
[rank 0] === Checking instance ID 72 ===
[rank 0] >>> ID 72 already done (results.csv / parts) — skipping
[rank 0] === Checking instance ID 73 ===
[rank 0] >>> ID 73 already done (results.csv / parts) — skipping
[rank 0] === Checking instance ID 74 ===
[rank 0] >>> ID 74 already done (results.csv / parts) — skipping
[rank 0] === Checking instance ID 75 ===
[rank 0] >>> ID 75 already done (results.csv / parts) — skipping
[rank 0] === Checking instance ID 76 ===
[rank 0] >>> ID 76 already done (results.csv / parts) — skipping
[rank 0] === Checking instance ID 77 ===
[rank 0] >>> ID 77 already done (results.csv / parts) — skipping
[rank 0] === Checking instance ID 78 ===
[rank 0] >>> ID 78 already done (results.csv / parts) — skipping
[rank 0] === Checking instance ID 79 ===
[rank 0] >>> Running ID=79 onnx=onnx/vgg16-7.onnx
Configurations:

general:
  device: cuda
  seed: 100
  conv_mode: patches
  deterministic: false
  double_fp: false
  loss_reduction_func: max
  sparse_alpha: true
  sparse_interm: true
  save_adv_example: false
  verify_onnxruntime_output: false
  eval_adv_example: false
  show_adv_example: false
  precompile_jit: false
  prepare_only: false
  complete_verifier: bab
  enable_incomplete_verification: false
  csv_name: instances.csv
  results_file: results/vggnet16_all_p_1/result_79.rank0.txt
  root_path: ../../vnncomp2023_benchmarks/benchmarks/vggnet16
  deterministic_opt: false
  graph_optimizer: 'Customized("custom_graph_optimizer", "maxpool_to_relu")'
  buffer_has_batchdim: false
  save_output: false
  output_file: out.pkl
  return_optimized_model: false
  output_additional_stats: true
  instance_id: 79
  dataset_output_dir: dataset
  min_stable_neurons_ratio_threshold: 0.0
model:
  name: null
  path: null
  onnx_path: /projects/air/dlverifier/vggnet16_all/onnx/vgg16-7.onnx
  onnx_path_prefix: ''
  cache_onnx_conversion: true
  debug_onnx: false
  onnx_quirks: null
  input_shape: null
  onnx_loader: default_onnx_and_vnnlib_loader
  onnx_optimization_flags: []
  onnx_vnnlib_joint_optimization_flags: none
  check_optimized: false
  flatten_final_output: false
  optimize_graph: null
  with_jacobian: false
data:
  start: 0
  end: 10000
  select_instance: null
  num_outputs: 1000
  mean: 0.0
  std: 1.0
  pkl_path: null
  dataset: null
  data_filter_path: null
  data_idx_file: null
specification:
  type: lp
  robustness_type: verified-acc
  norm: .inf
  epsilon: null
  epsilon_min: 0.0
  vnnlib_path: /projects/air/dlverifier/vggnet16_all/vnnlib/n01560419_bulbul_global_k50176_eps_0.0002.vnnlib
  vnnlib_path_prefix: ''
  rhs_offset: null
solver:
  batch_size: 1
  auto_enlarge_batch_size: false
  min_batch_size_ratio: 0.1
  use_float64_in_last_iteration: false
  early_stop_patience: 10
  start_save_best: 0.5
  bound_prop_method: forward+backward
  init_bound_prop_method: same
  prune_after_crown: false
  optimize_disjuncts_separately: false
  crown:
    batch_size: 16
    max_crown_size: 1000000000
    relu_option: adaptive
  alpha-crown:
    alpha: true
    lr_alpha: 0.1
    iteration: 100
    share_alphas: false
    lr_decay: 0.98
    full_conv_alpha: true
    max_coeff_mul: .inf
    matmul_share_alphas: false
    disable_optimization: []
    max_time: 1.0
  invprop:
    apply_output_constraints_to: []
    tighten_input_bounds: false
    best_of_oc_and_no_oc: false
    directly_optimize: []
    oc_lr: 0.1
    share_gammas: false
  beta-crown:
    lr_alpha: 0.01
    lr_beta: 0.05
    lr_decay: 0.98
    optimizer: adam
    iteration: 10
    beta: true
    beta_warmup: true
    enable_opt_interm_bounds: false
    all_node_split_LP: false
  forward:
    refine: false
    dynamic: true
    max_dim: 100
    reset_threshold: 1.0
  intermediate_refinement:
    enabled: false
    batch_size: 10
    opt_coeffs: false
    opt_bias: false
    lr: 0.05
    layers: [-1]
    max_domains: 1000
  multi_class:
    label_batch_size: 32
    skip_with_refined_bound: true
  mip:
    unstable_neuron_threshold: 0
    parallel_solvers: null
    solver_threads: 1
    refine_neuron_timeout: 15
    refine_neuron_time_percentage: 0.8
    early_stop: true
    adv_warmup: true
    mip_solver: gurobi
    skip_unsafe: false
    topk_filter: 1.0
    sliding_window: -1
    extra_constraint: false
    refine_neuron_timeout_increasement: 0
    timeout_neuron_percentage: 0.3
    remaining_timeout_threshold: 1
    remove_unstable_neurons: true
    lp_solver: false
bab:
  initial_max_domains: 1
  backing_up_max_domain: null
  max_domains: .inf
  decision_thresh: 0
  timeout: 1200.0
  timeout_scale: 1
  max_iterations: -1
  override_timeout: null
  get_upper_bound: false
  pruning_in_iteration: true
  pruning_in_iteration_ratio: 0.2
  sort_targets: false
  batched_domain_list: true
  optimized_interm: ''
  interm_transfer: true
  recompute_interm: false
  sort_domain_interval: -1
  vanilla_crown: false
  tree_traversal: depth_first
  cut:
    enabled: false
    cuts_path: /tmp/abcrown_cuts
    implication: false
    bab_cut: false
    lp_cut: false
    method: null
    lr: 0.01
    lr_decay: 1.0
    iteration: 100
    bab_iteration: -1
    early_stop_patience: -1
    lr_beta: 0.02
    number_cuts: 50
    topk_cuts_in_filter: 1000
    batch_size_primal: 100
    max_num: 1000000000
    patches_cut: false
    cplex_cuts: false
    cplex_cuts_wait: 0
    cplex_cuts_revpickup: true
    cut_reference_bounds: true
    fix_intermediate_bounds: false
    _tmp_cuts: null
    fixed_cuts: false
    add_implied_cuts: false
    add_input_cuts: false
    biccos:
      enabled: false
      constraint_strengthening: true
      recursively_strengthening: false
      drop_ratio: 0.5
      verified_bonus: 0.3
      max_infer_iter: 20
      heuristic: neuron_influence_score
      save_biccos_cuts: false
      multi_tree_branching:
        enabled: false
        restore_best_tree: false
        keep_n_best_domains: 1
        k_splits: 1
        iterations: 1
  branching:
    method: sb
    candidates: 3
    reduceop: min
    enable_intermediate_bound_opt: false
    branching_input_and_activation: false
    branching_input_and_activation_order: [input, relu]
    branching_input_iterations: 30
    branching_relu_iterations: 50
    gnn_path: ''
    neural_heuristic:
      model_path: ''
    rl:
      experiment: general
      eval: false
      extras: []
      logging:
        color: true
        debug: true
        file: rl-experiment.log
      pnet:
        gH: 64
        tH: 64
        nheads: 64
        nlayers: 64
        useDynamicGraph: true
        bidirectional: false
        GAT: true
      training:
        gamma: 0.99
        lr: 0.001
        batchSize: 8
        loop: 8
        totalEpochs: 10
        updatePolicyFrequency: 10
        updateTargetFrequency: 10
        buffer: buffer.pkl
        preparedBuffer: 'False'
        TestingPreparedBuffer: false
        scriptTraining: false
        policynet: policy-checkpoint.pt
        targetnet: target-checkpoint.pt
        datasetShuffle: true
        targetedData: all
        splitRatio: 0.8
        maxInstances: -1
        trainingMode: full
        reward:
          norm: null
          bonus: 10.0
          penalty: -1.0
      egreedy:
        epsilon: 0.1
        epsilonDecay: 0.1
        minEpsilon: 0.1
        ePath: epsilon.pt
        enabled: true
      expert:
        useExpertUntilEpisode: 0.1
        enabled: true
        learnToImitateExpertEpochs: 10
    nonlinear_split:
      method: shortcut
      branching_point_method: uniform
      num_branches: 2
      filter: false
      filter_beta: false
      filter_clamp: false
      filter_batch_size: 10000
      filter_iterations: 25
      relu_only: false
      loose_tanh_threshold: null
      dynamic_bbps: false
      dynamic_options: [uniform, three_left, three_right]
      branching_point_node: ''
      branching_point_db: []
    input_split:
      enable_clip_domains: false
      split_hint: null
      reorder_bab: false
      enable: true
      enhanced_bound_prop_method: alpha-crown
      enhanced_branching_method: naive
      enhanced_bound_patience: 100000000.0
      attack_patience: 100000000.0
      adv_check: 0
      split_partitions: 2
      sb_margin_weight: 1.0
      sb_sum: false
      sb_primary_spec: null
      bf_backup_thresh: -1
      bf_rhs_offset: 0
      bf_iters: 1000000000.0
      bf_batch_size: 100000
      bf_zero_crossing_score: false
      touch_zero_score: 0
      ibp_enhancement: false
      catch_assertion: false
      compare_with_old_bounds: false
      update_rhs_with_attack: false
      sb_coeff_thresh: 0.001
      sort_index: null
      sort_descending: true
      show_progress: false
      presplit_domains: null
      skip_getting_worst_domain: false
  attack:
    enabled: false
    beam_candidates: 8
    beam_depth: 7
    max_dive_fix_ratio: 0.8
    min_local_free_ratio: 0.2
    mip_start_iteration: 5
    mip_timeout: 30.0
    adv_pool_threshold: null
    refined_mip_attacker: false
    refined_batch_size: null
attack:
  pgd_order: input_bab
  pgd_steps: 100
  pgd_restarts: 30
  pgd_batch_size: 100000000
  pgd_early_stop: true
  pgd_lr_decay: 0.99
  pgd_alpha: auto
  pgd_alpha_scale: false
  pgd_loss_mode: null
  pgd_restart_when_stuck: false
  enable_mip_attack: false
  adv_saver: default_adv_saver
  adv_verifier: default_adv_verifier
  early_stop_condition: default_early_stop_condition
  adv_example_finalizer: default_adv_example_finalizer
  pgd_loss: default_pgd_loss
  cex_path: ./test_cex.txt
  attack_mode: PGD
  attack_tolerance: 0.0
  attack_func: attack_with_general_specs
  gama_lambda: 10.0
  gama_decay: 0.9
  check_clean: true
  input_split:
    pgd_steps: 100
    pgd_restarts: 30
    pgd_alpha: auto
  input_split_enhanced:
    pgd_steps: 200
    pgd_restarts: 500000
    pgd_alpha: auto
  input_split_check_adv:
    enabled: auto
    pgd_steps: 5
    pgd_restarts: 5
    pgd_alpha: auto
    max_num_domains: 10
debug:
  sanity_check: Full+Graph
  view_model: false
  lp_test: null
  rescale_vnnlib_ptb: null
  test_optimized_bounds: false
  test_optimized_bounds_after_n_iterations: 0
  print_verbose_decisions: false

Experiments at Sat Feb 21 16:02:35 2026 on d3233
Internal results will be saved to results/vggnet16_all_p_1/result_79.rank0.txt.

[ZRL] %%%%%%%%%%%%%%%%%%%%%%%%%%%%%%%%%%% idx: 0, vnnlib ID: 0 %%%%%%%%%%%%%%%%%%%%%%%%%%%%%%%%%%%
Using onnx /projects/air/dlverifier/vggnet16_all/onnx/vgg16-7.onnx
Using vnnlib /projects/air/dlverifier/vggnet16_all/vnnlib/n01560419_bulbul_global_k50176_eps_0.0002.vnnlib
Precompiled vnnlib file found at /projects/air/dlverifier/vggnet16_all/vnnlib/n01560419_bulbul_global_k50176_eps_0.0002.vnnlib.compiled
Loading cached onnx model from /projects/air/dlverifier/vggnet16_all/onnx/vgg16-7.onnx.cached
Cannot read cached onnx file. Regenerating...
Loading onnx /projects/air/dlverifier/vggnet16_all/onnx/vgg16-7.onnx with quirks {}
Finished onnx model loading in 48.8173 seconds
Number of perturbed inputs: 150528
WARNING: prioritizing attack due to too many perturbed pixels on VGG
Setting arguments.Config["attack"]["pgd_order"] to "before"
Setting bound_prop_method to crown
Attack parameters: initialization=uniform, steps=100, restarts=30, alpha=5.000084638595581e-05, initialization=uniform, GAMA=False
Model output of first 5 examples:
 tensor([[-9.94303823e-01,  8.84105563e-01, -1.27743506e+00, -8.73011947e-01,
         -1.31268394e+00, -3.81823368e-02, -7.47964263e-01, -1.64734745e+00,
         -1.54587412e+00, -6.21508718e-01,  3.09077889e-01,  7.45267034e-01,
          3.96626890e-01,  8.75860602e-02,  4.49778110e-01,  7.14499891e-01,
          9.73217189e-02, -9.77716208e-01, -3.78506452e-01,  2.50999480e-01,
         -9.13359821e-02,  9.15504277e-01,  5.62478721e-01, -5.13481200e-01,
          1.03542209e+00, -5.23034036e-01,  9.81022716e-01, -2.28862658e-01,
         -1.00349891e+00,  1.48159608e-01, -1.75211930e+00,  1.03665686e+00,
         -4.27556872e-01, -1.63044798e+00, -1.23263633e+00, -1.51584876e+00,
         -2.77012855e-01, -2.07432294e+00,  9.60505843e-01, -8.20846856e-01,
          1.24430597e+00, -3.30566615e-01,  8.74045640e-02,  1.41169891e-01,
          7.93278098e-01, -3.45190316e-01,  1.25334918e+00,  1.33665428e-01,
         -1.59013915e+00, -4.29955482e-01, -1.63220465e-01, -2.03933692e+00,
          4.42814857e-01,  2.90803701e-01, -6.17801309e-01, -2.99931765e-01,
         -3.07240576e-01, -1.47964621e+00, -3.29671353e-02,  7.44138777e-01,
          2.96157330e-01, -5.01317680e-01, -7.58008242e-01,  5.94624162e-01,
          6.47148132e-01, -3.58208567e-01, -1.09023564e-02, -3.74746680e-01,
         -3.11131001e-01, -7.09165394e-01,  1.30809140e+00,  9.12604749e-01,
          9.71296489e-01,  2.52749968e+00,  1.27285612e+00,  2.41797423e+00,
          7.91015625e-01,  2.67206788e+00,  2.25971174e+00,  1.81023443e+00,
          7.59570360e-01, -1.04994023e+00,  3.73879075e-02, -3.75820905e-01,
         -5.49202979e-01,  2.74831858e-02, -8.86178315e-01,  3.10369581e-01,
         -1.52911544e-01, -1.01441145e+00, -5.46589971e-01, -9.55224037e-01,
          1.10520887e+00, -5.87074935e-01,  8.08587611e-01, -2.80196935e-01,
          9.36977491e-02, -1.42890799e+00,  7.72351846e-02, -8.20926726e-01,
         -1.63105782e-02, -1.41953337e+00, -1.91641176e+00,  4.69848692e-01,
         -6.72331154e-01, -1.77937818e+00, -1.34318972e+00, -1.51371586e+00,
         -1.60253191e+00, -1.76293612e+00, -3.82489741e-01,  3.62812161e+00,
         -3.43486845e-01,  4.70768273e-01,  5.02703965e-01, -1.60478497e+00,
         -5.56283057e-01, -1.46114185e-01, -1.46585560e+00, -1.30373073e+00,
         -1.05213106e+00, -1.75721109e+00, -1.70501912e+00, -2.36697912e+00,
         -1.57486045e+00, -1.67530131e+00,  1.24777973e+00, -3.49743277e-01,
          1.04332650e+00,  8.98391455e-02, -8.42681408e-01, -7.70066381e-01,
          2.14445338e-01,  6.41976073e-02, -2.21900016e-01, -1.77483708e-01,
         -1.25040483e+00, -2.41798073e-01,  3.78988117e-01, -1.19545257e+00,
         -1.63500881e+00,  4.99250054e-01, -3.73546988e-01, -9.07610178e-01,
         -6.73400402e-01, -5.42973220e-01, -2.61461228e-01,  5.55007517e-01,
         -4.11265254e-01, -2.79636860e-01, -2.02112627e+00,  4.56528634e-01,
         -6.36087298e-01,  2.59451896e-01,  1.09462135e-01, -5.65217376e-01,
         -6.63523912e-01, -1.49068072e-01, -7.84163296e-01, -1.16623855e+00,
         -8.46984148e-01, -3.48669648e-01, -9.56394672e-02, -7.23517179e-01,
         -4.11879838e-01, -7.88147688e-01, -7.16663182e-01, -8.37626517e-01,
         -3.75868917e-01, -4.95845586e-01, -4.52628404e-01, -5.57609260e-01,
         -1.75500858e+00, -4.25981969e-01, -6.15638256e-01, -6.93689585e-01,
         -1.61870086e+00, -4.84016806e-01, -3.03649813e-01, -1.42427278e+00,
         -1.61952531e+00, -8.97254348e-02, -6.08793721e-02, -6.45528883e-02,
         -9.67265293e-02, -4.38781857e-01, -1.81161597e-01,  3.03665221e-01,
         -2.28622913e-01, -3.62878680e-01, -1.90265924e-02,  3.06024134e-01,
         -5.56460440e-01, -3.97304505e-01, -6.48236454e-01,  4.40470457e-01,
         -4.12466615e-01, -9.00170565e-01, -1.08893251e+00,  1.98122442e-01,
         -5.17672360e-01, -1.05832946e+00, -1.84896529e-01,  3.14176768e-01,
         -5.84669948e-01, -1.14799273e+00, -1.05482411e+00, -8.78476262e-01,
         -1.14692354e+00, -8.23820293e-01, -1.08283901e+00, -6.26137495e-01,
         -3.27125013e-01, -1.02835083e+00, -6.91829324e-01, -1.00849020e+00,
         -5.42416036e-01, -2.55861312e-01, -9.33448017e-01, -7.25544572e-01,
         -9.25039411e-01,  5.69971912e-02, -5.43081462e-01, -1.01651475e-02,
         -4.96510640e-02, -1.11252379e+00, -1.33056843e+00, -1.09828818e+00,
         -7.62310863e-01,  4.21512783e-01, -6.41074181e-01, -2.87227124e-01,
         -1.21842957e+00, -8.95573676e-01, -7.15945184e-01, -3.56777787e-01,
         -7.42016137e-01, -3.28396618e-01, -1.38409126e+00, -3.17341238e-01,
         -8.64710212e-01, -9.63301599e-01, -3.81685168e-01, -1.52399468e+00,
         -1.21593773e+00, -2.91099310e-01, -1.30235183e+00, -6.92674696e-01,
         -1.24483876e-01, -3.26535076e-01, -3.74854594e-01, -1.35513258e+00,
          2.29552135e-01, -4.35668796e-01,  5.28950810e-01, -1.48828483e+00,
         -9.62359607e-01, -3.51510569e-02,  3.53850812e-01,  5.00765860e-01,
          3.95506650e-01, -3.28727126e-01, -8.84576738e-01, -8.65059435e-01,
         -8.37038457e-01,  3.33000004e-01, -4.08722490e-01, -6.70384884e-01,
         -1.47293699e+00,  1.02975297e+00,  8.50905895e-01,  1.93253577e-01,
          9.73393261e-01,  3.77544314e-01,  6.71735108e-02,  2.95816630e-01,
          2.08797306e-02,  5.59622288e-01,  5.54270819e-02,  1.06578565e+00,
          6.29650295e-01,  1.65577400e+00,  1.66984582e+00,  2.57537699e+00,
          1.94923449e+00,  1.07288671e+00, -7.88642824e-01,  6.94469929e-01,
         -1.95580006e-01, -3.06490391e-01, -6.66498661e-01, -3.94056022e-01,
         -7.83520460e-01,  7.11773813e-01, -9.75622714e-01, -8.93018544e-01,
         -3.25859576e-01, -6.89185083e-01, -3.30036849e-01,  5.22301555e-01,
         -6.13848150e-01,  1.03828347e+00,  8.01321208e-01,  7.15594411e-01,
         -1.39483094e-01, -1.45816755e+00,  2.80830085e-01,  1.25970304e+00,
          1.38566661e+00, -3.01585495e-01,  1.59189379e+00,  1.46279562e+00,
          3.11948836e-01,  1.93510580e+00,  1.68600607e+00,  1.19285846e+00,
          1.02702951e+00, -3.03695321e-01,  2.67205787e+00,  1.82544243e+00,
          1.44964767e+00, -1.44876671e+00, -7.17807233e-01, -9.67839956e-01,
         -9.92843688e-01, -1.58242357e+00, -9.99803007e-01, -2.98572689e-01,
         -1.92788291e+00, -1.96787119e+00,  8.95341560e-02,  7.65466392e-01,
          1.66468525e+00, -8.09937060e-01, -9.23075438e-01,  2.04269677e-01,
         -1.47857130e+00, -5.30193262e-02, -9.86274958e-01, -2.21630144e+00,
         -1.39935482e+00, -1.44847059e+00, -1.66701245e+00, -1.68270206e+00,
         -1.82911158e+00, -1.59222531e+00, -2.23604798e+00, -7.78554022e-01,
         -2.57631350e+00, -1.43432343e+00, -1.24319911e+00, -7.82832503e-01,
         -1.08420026e+00, -8.19945276e-01, -1.13192928e+00, -1.57542264e+00,
          1.02043852e-01,  8.95311125e-03,  1.74066216e-01,  1.93837196e-01,
         -6.41729712e-01,  2.77761132e-01,  1.41801193e-01, -6.15116537e-01,
         -1.19470406e+00, -3.70273620e-01, -4.15447086e-01, -2.49518782e-01,
          1.76980704e-01, -5.13225675e-01, -8.21880810e-03, -9.24902141e-01,
         -5.75688422e-01, -8.82606357e-02, -7.97631443e-02, -1.00393105e+00,
         -2.88780004e-01,  4.69290525e-01, -6.34331107e-02, -9.21368420e-01,
          5.91749132e-01, -5.86292565e-01, -1.16521925e-01,  1.91671535e-01,
         -2.18984678e-01, -6.96670532e-01, -1.24828434e+00, -1.37340224e+00,
         -1.90197301e+00, -1.34517819e-01, -1.13388479e+00, -5.95766068e-01,
         -5.20459771e-01, -2.49865866e+00, -1.42018569e+00,  4.56390500e-01,
         -2.19580603e+00, -1.46133542e+00,  1.37563214e-01,  1.11425006e+00,
         -5.31353831e-01, -5.88147223e-01,  7.17482567e-01, -5.54377675e-01,
          7.03386068e-02,  1.34042740e+00, -6.04026675e-01, -7.88836539e-01,
         -2.23363066e+00,  2.99473786e+00, -1.23523009e+00,  8.13874900e-01,
          6.20918155e-01,  1.03228509e+00,  2.71838129e-01, -2.41517591e+00,
          1.52128518e+00,  2.64490157e-01,  2.96724319e+00,  1.62249041e+00,
          7.28463888e-01,  5.42341828e-01,  3.12382691e-02, -7.46013463e-01,
         -9.71989870e-01, -3.33860546e-01,  1.91414464e+00, -4.34240073e-01,
         -6.90658391e-01, -2.00422809e-01, -6.39568686e-01, -9.99790281e-02,
          1.06264448e+00, -1.40178099e-01,  1.37183201e+00,  1.70260823e+00,
         -1.39039660e+00,  3.86495292e-01,  1.89851105e+00,  4.21927452e-01,
         -4.51646149e-02,  1.69414663e+00,  2.52659768e-01,  1.56895232e+00,
         -8.06511581e-01, -7.91471601e-01,  3.59490156e+00, -4.05189008e-01,
         -5.46970904e-01, -5.85004270e-01, -1.18677676e+00,  1.39944577e+00,
         -3.59979570e-02,  8.26622546e-01, -1.65768075e+00, -5.52269854e-02,
          2.10311115e-01,  1.07527041e+00, -2.34807476e-01,  2.31150806e-01,
         -1.19702959e+00,  3.72365534e-01,  2.45805836e+00, -1.52040988e-01,
          1.09239781e+00,  1.54556227e+00, -9.00745511e-01, -2.39596558e+00,
         -5.31518459e-01,  1.16932258e-01,  2.00383925e+00, -1.00988615e+00,
         -1.50763977e+00,  1.56639123e+00, -6.25707746e-01,  6.28536791e-02,
         -1.86344731e+00, -3.40181440e-01,  3.66375685e-01, -1.53945184e+00,
          2.02769256e+00,  1.09737349e+00,  7.11217642e-01, -8.00440550e-01,
         -7.48936355e-01,  1.42355657e+00,  5.07792652e-01,  2.31009054e+00,
          4.77335304e-01,  3.54306221e-01,  1.25546491e+00, -4.69094962e-01,
          6.53208077e-01,  1.61009085e+00,  1.44408607e+00,  6.33250654e-01,
          2.03528717e-01,  3.19389671e-01, -3.26541901e-01,  2.77612066e+00,
         -2.29992843e+00,  6.01665139e-01, -1.22998130e+00,  1.09567595e+00,
          4.33344781e-01,  3.37619692e-01, -1.47726357e+00,  1.74419463e+00,
          1.11642313e+00, -3.03938746e+00, -7.57645905e-01, -1.06128085e+00,
          1.26144898e+00, -1.20814722e-02, -6.29020035e-02, -6.16536558e-01,
         -1.07913709e+00,  1.33086336e+00, -4.08726007e-01, -1.05212480e-01,
         -2.07797103e-02,  3.91180187e-01, -1.91813767e+00, -1.46114811e-01,
         -1.77165121e-01, -1.10640180e+00,  6.68052554e-01,  1.96571898e+00,
         -3.79325390e-01, -7.92939007e-01,  2.20406556e+00,  7.43461430e-01,
          3.96649212e-01,  1.78395331e-01,  3.67407107e+00, -1.91157484e+00,
         -1.21541858e+00, -8.90970170e-01, -4.39930171e-01,  1.98503947e+00,
          8.93881559e-01, -8.66052628e-01,  1.58061767e+00, -5.03635406e-01,
         -1.20934987e+00,  1.29551101e+00,  3.83976281e-01, -2.39698052e+00,
          1.13692617e+00,  3.00841022e+00, -2.99492180e-01, -1.34127364e-01,
          9.31424677e-01,  2.59992528e+00,  4.33143318e-01, -1.02481210e+00,
          5.28831196e+00,  1.05980337e+00,  8.76319408e-01,  7.14018822e-01,
         -1.36425042e+00, -5.53872108e-01,  1.62559748e+00,  1.37567139e+00,
         -2.75952406e-02, -7.90232718e-02, -9.92751122e-01,  3.67326498e-01,
          3.76509368e-01, -2.48265505e+00, -3.30902398e-01, -1.01476562e+00,
          1.19011533e+00, -1.84210551e+00,  1.89228222e-01, -1.52876687e+00,
         -1.87945962e+00,  1.03287828e+00,  3.56584847e-01,  6.07175007e-02,
         -5.32639682e-01, -1.22489560e+00, -2.80505991e+00,  7.63231933e-01,
          1.50744450e+00,  1.50754189e+00, -8.33670795e-01,  2.11669326e+00,
          1.80778015e+00,  2.72046715e-01,  1.07680619e+00,  3.60801220e+00,
          1.14095962e+00,  6.06352568e-01,  2.77683496e-01, -1.47861636e+00,
          2.22512364e+00,  3.11695278e-01,  1.50165474e+00,  1.78082764e+00,
          2.65549707e+00,  2.19395742e-01,  1.26916063e+00, -2.12820864e+00,
          1.90699470e+00,  1.90650654e+00,  1.09403908e+00, -4.79121178e-01,
          8.72882783e-01, -1.68436587e+00,  8.09220791e-01,  1.72928348e-01,
         -1.32380855e+00,  1.99415997e-01,  2.24911526e-01,  8.88949633e-01,
          1.80035627e+00,  3.35448474e-01,  2.32976913e+00,  3.60759234e+00,
          2.35964561e+00, -4.32059050e-01,  1.26782703e+00,  2.76269746e+00,
         -5.46690345e-01, -1.54385841e+00,  2.42656827e+00, -8.59260559e-03,
         -1.39271510e+00,  1.58636069e+00, -2.82418996e-01,  9.00641441e-01,
          4.09490204e+00,  8.98895144e-01, -2.25536084e+00,  4.48938042e-01,
          1.72139657e+00, -1.96606547e-01, -8.42433274e-01, -5.96972227e-01,
         -1.19341409e+00,  1.89542860e-01, -9.45081890e-01, -1.96907386e-01,
          2.57415271e+00, -1.80080175e+00, -4.83943760e-01,  1.08810151e+00,
          2.89821219e+00, -1.16412568e+00,  2.38817668e+00,  3.54766989e+00,
         -9.54020917e-01,  4.13098097e-01, -1.34007013e+00,  6.87385738e-01,
         -1.06233966e+00,  1.58144760e+00, -6.57625139e-01, -1.66640896e-02,
         -5.71174473e-02, -2.10923767e+00,  2.24636245e+00, -2.93154120e-01,
          3.14892673e+00, -5.99174023e-01, -7.89823830e-02, -2.88311511e-01,
         -6.86838984e-01,  1.79044294e+00, -5.00231028e-01, -1.36891258e+00,
         -1.06892192e+00,  1.51646590e+00,  6.70557439e-01, -4.25455272e-01,
         -6.66018724e-01,  2.22696424e+00,  1.32337600e-01,  2.57852405e-01,
          1.55006957e+00,  2.09512091e+00,  5.31399846e-01,  1.43076718e+00,
         -5.59789836e-01,  5.03433645e-01,  5.10097265e-01, -2.10829735e+00,
          2.50112176e+00,  2.45900184e-01, -3.55436206e+00, -2.12438345e-01,
          8.96433175e-01,  4.97080296e-01, -1.64440656e+00,  9.68546689e-01,
          1.48084736e+00, -1.61487445e-01, -8.81466150e-01,  8.99234891e-01,
          2.49080420e+00,  1.12715483e+00,  5.79223275e-01, -1.46893132e+00,
          1.02268386e+00, -1.55415583e+00, -7.86439002e-01,  8.69827509e-01,
          1.66127169e+00,  9.82180655e-01,  1.28086403e-01,  1.61349487e+00,
          7.53111899e-01,  1.32241774e+00,  8.62351239e-01, -5.81837595e-01,
         -1.95049271e-01, -2.06045461e+00,  6.59960508e-01, -4.80969213e-02,
          6.65001869e-01,  3.00306141e-01,  1.77158725e+00, -2.61945486e-01,
         -1.39323461e+00,  9.71629024e-01, -4.27928656e-01, -3.96382719e-01,
          9.92151722e-02,  6.39012396e-01, -1.75046360e+00,  2.23027492e+00,
         -5.67098297e-02,  1.70610797e+00, -1.53799558e+00,  8.45290124e-02,
          7.94733390e-02,  2.73665845e-01,  1.75189391e-01, -1.87049472e+00,
         -2.80908942e-01,  2.09876347e+00,  6.35421574e-02,  1.96865767e-01,
          1.88429821e+00,  1.24563372e+00,  6.06167436e-01,  1.37087429e+00,
          1.33508933e+00,  1.22921205e+00,  1.22686975e-01, -1.19236124e+00,
          4.06803429e-01,  3.53245926e+00,  1.87002730e+00, -8.05197179e-01,
         -1.66271508e-01, -9.13175464e-01, -6.70322627e-02,  9.98188794e-01,
          3.32827234e+00,  2.29955316e+00, -1.79863727e+00,  1.68013775e+00,
          1.11115789e+00,  2.55037069e-01,  1.16465497e+00,  1.06789410e+00,
         -1.17699695e+00,  2.20849681e+00, -1.07652605e+00,  2.67213821e+00,
          2.20965552e+00,  9.26213026e-01, -1.06064129e+00, -4.41564918e-01,
          7.57536352e-01,  1.66179943e+00,  1.02314794e+00, -1.14191902e+00,
         -2.71649629e-01,  3.16469163e-01,  3.27377963e+00,  2.05280590e+00,
          2.51771331e+00, -3.68190855e-01,  1.02581102e-02,  3.82253796e-01,
         -1.63871026e+00,  3.59707713e+00, -3.75652909e-01,  5.31256676e-01,
          1.17853999e+00,  2.27839366e-01,  3.77065611e+00,  5.40912271e-01,
          6.57026052e-01, -1.12591267e-01,  1.94857943e+00,  2.93393183e+00,
         -1.11876667e+00, -1.67306316e+00, -4.73528594e-01, -3.86193454e-01,
          1.86904299e+00, -7.36627877e-01, -1.35239586e-01,  8.35304737e-01,
         -1.80185938e+00, -6.11063838e-01,  1.06458509e+00,  2.40839028e+00,
          1.19333613e+00,  1.75242603e+00, -5.04494965e-01,  1.24314404e+00,
          2.91908652e-01, -7.86905944e-01,  2.59985375e+00,  2.08021253e-01,
         -1.50314164e+00, -6.79513395e-01, -5.51350594e-01,  1.69011757e-01,
          7.01887131e-01, -1.11567140e+00,  1.36566532e+00,  1.30822480e+00,
          2.24448419e+00, -1.75459719e+00, -4.45207357e-01,  1.09018779e+00,
         -1.53486836e+00, -7.05628276e-01,  1.14582503e+00, -1.07210088e+00,
         -2.60367692e-01, -1.86884299e-01,  4.15391535e-01, -1.52417377e-01,
          1.49643981e+00, -6.63436890e-01, -5.31895459e-01, -5.30446887e-01,
          3.56214738e+00,  2.46171522e+00,  2.92147136e+00, -1.09843469e+00,
          1.15170181e+00, -3.94499272e-01, -4.28726226e-01,  4.01283741e+00,
          1.32572877e+00, -1.60239434e+00,  1.56408572e+00,  1.64352036e+00,
         -2.73427844e+00, -3.09906363e-01, -2.80264884e-01,  4.52544451e-01,
         -7.25905418e-01,  1.59142733e+00,  2.11394802e-01, -1.05357146e+00,
         -1.50198972e+00, -2.38759303e+00, -1.88397825e+00, -4.23217714e-01,
          1.25136900e+00,  9.73740965e-03, -6.09239042e-01,  1.55387074e-01,
          1.51914215e+00, -2.97085494e-01, -2.20898819e+00,  5.07737219e-01,
          1.38943756e+00,  1.00430381e+00, -4.89919215e-01,  2.25555718e-01,
         -1.75909132e-01,  4.51348454e-01,  1.24283230e+00,  1.50965381e+00,
          6.27012029e-02,  2.80662274e+00,  8.08838084e-02, -1.01280011e-01,
         -5.46527207e-01,  4.62847948e-01, -1.08888340e+00, -5.25848679e-02,
          4.13399029e+00,  1.45745325e+00,  3.10063553e+00, -3.48561883e-01,
          1.78416502e+00,  2.16467023e+00,  1.07578313e+00,  8.67055655e-01,
          1.19169489e-01,  2.71309257e-01,  1.12745225e+00,  5.90396285e-01,
          6.07305908e+00,  4.31600332e+00,  1.87230563e+00, -1.10884964e-01,
          6.54764414e-01,  2.77511358e-01,  6.24958396e-01,  1.92025471e+00,
         -1.24092913e+00, -1.62802243e+00,  2.02013910e-01, -2.54581141e+00,
          1.10685062e+00, -9.05653119e-01,  1.20079055e-01,  7.24985361e-01,
          1.13838625e+00,  2.30605483e+00, -8.36244086e-04, -8.87446105e-01,
         -2.51081753e+00,  7.93615997e-01, -8.60457361e-01, -1.54374826e+00,
         -1.61030602e+00, -2.76448578e-01, -8.27188075e-01, -1.80031621e+00,
         -1.18802202e+00, -2.62169552e+00, -1.90332484e+00, -9.35859501e-01,
         -1.85337150e+00, -1.43353271e+00, -1.06159735e+00, -9.25852239e-01,
         -1.02064776e+00, -1.04009032e+00, -4.52267736e-01, -6.22074604e-01,
         -2.61391997e+00, -6.65726364e-01, -1.24479163e+00, -1.43476844e+00,
          6.09082520e-01,  7.17510939e-01, -1.22957334e-01, -5.14072835e-01,
         -4.37318176e-01, -2.86039431e-02, -1.97559312e-01, -1.48066032e+00,
         -1.27223539e+00, -1.76051661e-01, -9.76430893e-01, -1.58869922e+00,
         -1.31056070e+00, -1.51499450e+00, -9.99529719e-01, -1.54365754e+00,
         -1.54317820e+00, -2.09425879e+00,  1.20216167e+00, -4.64356184e-01,
          6.21704757e-01,  7.84496814e-02, -1.60654914e+00,  1.73404241e+00,
         -9.57430601e-01, -1.67712951e+00,  2.07772279e+00, -1.52202353e-01,
         -8.98081183e-01, -1.01454131e-01,  1.33215815e-01, -1.89711785e+00,
          2.38521621e-01, -5.33916354e-01, -4.57237422e-01, -1.39258432e+00,
         -4.88739312e-01,  2.66041514e-02, -1.27223372e+00, -3.81035000e-01,
         -7.48091519e-01,  3.43978614e-01, -1.28910422e+00, -1.26101077e+00,
         -1.71082056e+00, -2.42664647e+00, -1.92724478e+00, -1.31544995e+00,
         -1.11632383e+00, -2.46428823e+00,  3.30957696e-02,  1.15330648e+00]],
       device='cuda:0')
Adv example prediction (first 2 examples and 2 restarts):
 tensor([[[-9.75257456e-01,  8.96206677e-01, -1.27272820e+00, -8.72554541e-01,
          -1.30555069e+00, -2.50176676e-02, -7.42886782e-01, -1.64110959e+00,
          -1.53436184e+00, -5.99846900e-01,  3.24867010e-01,  7.50308871e-01,
           4.01769757e-01,  7.92897940e-02,  4.60429519e-01,  7.20626533e-01,
           9.57767218e-02, -9.74282682e-01, -3.73454690e-01,  2.44771287e-01,
          -9.03162211e-02,  9.31926608e-01,  5.62154830e-01, -5.05386353e-01,
           1.03358650e+00, -5.09883225e-01,  1.00111210e+00, -2.14500383e-01,
          -9.85117137e-01,  1.58430174e-01, -1.73654902e+00,  1.02747405e+00,
          -4.15040731e-01, -1.61133111e+00, -1.21379733e+00, -1.49561727e+00,
          -2.62202740e-01, -2.05795693e+00,  9.66931164e-01, -8.11210513e-01,
           1.23903072e+00, -3.08860004e-01,  1.07821643e-01,  1.54995486e-01,
           7.95471132e-01, -3.19940537e-01,  1.24446356e+00,  1.42407253e-01,
          -1.57147825e+00, -4.12093580e-01, -1.47833347e-01, -2.02372551e+00,
           4.38568622e-01,  2.90822983e-01, -6.07823610e-01, -2.96083719e-01,
          -2.92203546e-01, -1.46410894e+00, -1.60562322e-02,  7.52218664e-01,
           2.99372822e-01, -5.02929926e-01, -7.38681376e-01,  6.18615210e-01,
           6.50768995e-01, -3.49705487e-01,  6.53464347e-04, -3.74832988e-01,
          -2.96364456e-01, -7.06779599e-01,  1.30854774e+00,  9.22854900e-01,
           9.86391842e-01,  2.53124809e+00,  1.28953898e+00,  2.41652846e+00,
           8.00576627e-01,  2.68026495e+00,  2.26225877e+00,  1.80821395e+00,
           7.88263857e-01, -1.02911341e+00,  5.59673458e-02, -3.48646164e-01,
          -5.33616722e-01,  3.34574506e-02, -8.65658283e-01,  2.92180657e-01,
          -1.37246802e-01, -1.01498532e+00, -5.39008975e-01, -9.17892158e-01,
           1.12034917e+00, -5.68592548e-01,  8.11269343e-01, -2.66416043e-01,
           1.03534691e-01, -1.41494036e+00,  9.59326103e-02, -8.07538092e-01,
          -1.41195413e-02, -1.40605831e+00, -1.90059936e+00,  4.72069710e-01,
          -6.58559024e-01, -1.77241850e+00, -1.33348036e+00, -1.50600529e+00,
          -1.57742262e+00, -1.74427497e+00, -3.71768355e-01,  3.61919570e+00,
          -3.46728653e-01,  4.78899598e-01,  5.07836580e-01, -1.57348764e+00,
          -5.40355265e-01, -1.44622058e-01, -1.45620656e+00, -1.28283966e+00,
          -1.03346562e+00, -1.72972596e+00, -1.69234324e+00, -2.34559536e+00,
          -1.55636835e+00, -1.66527939e+00,  1.26864004e+00, -3.37640613e-01,
           1.06312764e+00,  1.02386214e-01, -8.22746754e-01, -7.54516125e-01,
           2.17877761e-01,  7.89318606e-02, -2.13253111e-01, -1.47345021e-01,
          -1.23030806e+00, -2.32478082e-01,  3.94440472e-01, -1.17952299e+00,
          -1.62083495e+00,  5.01219511e-01, -3.54054451e-01, -8.95409942e-01,
          -6.64913535e-01, -5.49850047e-01, -2.55408794e-01,  5.68570435e-01,
          -4.04029548e-01, -2.77666152e-01, -2.01052928e+00,  4.47927743e-01,
          -6.25393927e-01,  2.54570633e-01,  1.08951084e-01, -5.64174056e-01,
          -6.58900857e-01, -1.38915628e-01, -7.78620005e-01, -1.15786684e+00,
          -8.36065888e-01, -3.51005435e-01, -1.06175497e-01, -7.19050586e-01,
          -4.17286068e-01, -7.79461265e-01, -7.15179741e-01, -8.27552140e-01,
          -3.72071058e-01, -4.82538611e-01, -4.44485635e-01, -5.65387845e-01,
          -1.75541580e+00, -4.21441257e-01, -6.22087717e-01, -6.79239869e-01,
          -1.60373855e+00, -4.70841289e-01, -3.16305220e-01, -1.42544150e+00,
          -1.62283313e+00, -8.77748728e-02, -5.59616461e-02, -7.03076422e-02,
          -9.36909243e-02, -4.33039993e-01, -1.70354366e-01,  3.03775281e-01,
          -2.18733087e-01, -3.61824930e-01, -2.68098414e-02,  3.09113771e-01,
          -5.56227326e-01, -3.97604197e-01, -6.37523413e-01,  4.32493240e-01,
          -4.18696344e-01, -8.94952118e-01, -1.08604860e+00,  1.96545139e-01,
          -5.09498298e-01, -1.06110108e+00, -1.89574078e-01,  3.05976093e-01,
          -5.85322499e-01, -1.13890398e+00, -1.03925896e+00, -8.67849410e-01,
          -1.15341365e+00, -8.32997084e-01, -1.08423436e+00, -6.24275327e-01,
          -3.22393417e-01, -1.01294136e+00, -6.79363728e-01, -1.00471282e+00,
          -5.35510302e-01, -2.56449044e-01, -9.27368402e-01, -7.26601124e-01,
          -9.14641738e-01,  6.69878870e-02, -5.35568535e-01, -1.25515088e-02,
          -4.09736931e-02, -1.10413361e+00, -1.32549560e+00, -1.09878516e+00,
          -7.56485760e-01,  4.10230994e-01, -6.42026067e-01, -2.82388955e-01,
          -1.21631956e+00, -8.88019145e-01, -7.10173786e-01, -3.50806534e-01,
          -7.45387018e-01, -3.32737982e-01, -1.38215768e+00, -3.13014656e-01,
          -8.56956303e-01, -9.57592249e-01, -3.90993834e-01, -1.52541649e+00,
          -1.19440305e+00, -3.04635674e-01, -1.29642308e+00, -6.85188532e-01,
          -1.21751301e-01, -3.21245134e-01, -3.75588745e-01, -1.35019183e+00,
           2.48746410e-01, -4.41460371e-01,  5.19853592e-01, -1.47460353e+00,
          -9.55770195e-01, -3.25854048e-02,  3.46173882e-01,  5.11183918e-01,
           4.04620618e-01, -3.19362283e-01, -8.74073446e-01, -8.68808389e-01,
          -8.33756328e-01,  3.31659824e-01, -4.07727808e-01, -6.64897561e-01,
          -1.46728170e+00,  1.04441476e+00,  8.57003927e-01,  2.22959280e-01,
           9.87802088e-01,  3.97629619e-01,  8.96408409e-02,  3.26349586e-01,
           4.55327258e-02,  5.85540175e-01,  8.41553435e-02,  1.07682633e+00,
           6.53033793e-01,  1.64795268e+00,  1.66631746e+00,  2.57579708e+00,
           1.93643188e+00,  1.06792784e+00, -7.74467289e-01,  6.94830239e-01,
          -1.57404363e-01, -2.88166434e-01, -6.40545607e-01, -3.67470980e-01,
          -7.64496207e-01,  7.48858631e-01, -9.64511514e-01, -8.81395817e-01,
          -3.23441327e-01, -6.73930943e-01, -3.10658604e-01,  5.48444390e-01,
          -6.02624893e-01,  1.03939354e+00,  8.10890794e-01,  7.24653065e-01,
          -1.19760141e-01, -1.44034457e+00,  2.81160116e-01,  1.27297413e+00,
           1.38595617e+00, -2.79957622e-01,  1.59538150e+00,  1.46210206e+00,
           3.17329466e-01,  1.92530286e+00,  1.68521333e+00,  1.18709016e+00,
           1.01594090e+00, -2.98928052e-01,  2.66454864e+00,  1.83165145e+00,
           1.45902371e+00, -1.43544197e+00, -7.02302158e-01, -9.44570184e-01,
          -9.84133899e-01, -1.56007671e+00, -9.85163510e-01, -2.88570374e-01,
          -1.90558040e+00, -1.94053721e+00,  9.30028781e-02,  7.80885279e-01,
           1.66597307e+00, -8.07729781e-01, -8.99068296e-01,  2.13446185e-01,
          -1.45903993e+00, -3.63994949e-02, -9.86491144e-01, -2.20631146e+00,
          -1.37764108e+00, -1.43342388e+00, -1.64866126e+00, -1.66779411e+00,
          -1.81895816e+00, -1.58590865e+00, -2.21956086e+00, -7.67539144e-01,
          -2.56939554e+00, -1.42058647e+00, -1.23282027e+00, -7.59697556e-01,
          -1.05160010e+00, -7.93451607e-01, -1.11764538e+00, -1.56555676e+00,
           1.11041412e-01,  2.73435879e-02,  1.87461078e-01,  2.01622277e-01,
          -6.27346158e-01,  2.92815119e-01,  1.51157618e-01, -6.05079591e-01,
          -1.17756617e+00, -3.56727332e-01, -4.07135606e-01, -2.43483394e-01,
           1.96310818e-01, -4.98584449e-01,  1.00821443e-03, -9.03721750e-01,
          -5.60242891e-01, -8.16325620e-02, -6.27126843e-02, -9.91307557e-01,
          -2.69563049e-01,  4.74794954e-01, -5.36539257e-02, -9.05362070e-01,
           6.02702677e-01, -5.60135186e-01, -1.03964478e-01,  2.04927534e-01,
          -1.94652200e-01, -6.85056329e-01, -1.23351479e+00, -1.35022354e+00,
          -1.89187753e+00, -1.19635046e-01, -1.11598313e+00, -6.00462019e-01,
          -5.07128060e-01, -2.48896217e+00, -1.41131365e+00,  4.66553777e-01,
          -2.17534018e+00, -1.45491683e+00,  1.22373953e-01,  1.10578287e+00,
          -5.29977143e-01, -5.89682639e-01,  7.05690563e-01, -5.44798970e-01,
           8.18205327e-02,  1.34275961e+00, -6.00319982e-01, -7.75169373e-01,
          -2.21806240e+00,  2.97727108e+00, -1.21927357e+00,  8.02419186e-01,
           5.88369548e-01,  1.02987611e+00,  2.58764714e-01, -2.41485786e+00,
           1.51275206e+00,  2.67113030e-01,  2.94856739e+00,  1.60030496e+00,
           7.18868375e-01,  5.20196378e-01,  1.91633813e-02, -7.52191424e-01,
          -9.68121767e-01, -3.26614738e-01,  1.88889730e+00, -4.47144300e-01,
          -6.91612542e-01, -2.03268811e-01, -6.37195289e-01, -1.18825048e-01,
           1.05508363e+00, -1.41019091e-01,  1.34801841e+00,  1.68577826e+00,
          -1.37256300e+00,  3.93665493e-01,  1.88008535e+00,  4.14595187e-01,
          -5.84956408e-02,  1.66572416e+00,  2.66767889e-01,  1.54595912e+00,
          -8.00114393e-01, -7.88692653e-01,  3.56613851e+00, -4.21978861e-01,
          -5.58931768e-01, -5.77610552e-01, -1.18783224e+00,  1.38009071e+00,
          -5.13771474e-02,  8.11527193e-01, -1.65977669e+00, -8.11906159e-02,
           2.11378500e-01,  1.06293297e+00, -2.41148502e-01,  2.17632338e-01,
          -1.19633245e+00,  3.64190042e-01,  2.43934226e+00, -1.76956475e-01,
           1.06717718e+00,  1.53703070e+00, -8.98449659e-01, -2.38552141e+00,
          -5.19042611e-01,  1.15113497e-01,  1.99231172e+00, -1.00605607e+00,
          -1.50295365e+00,  1.53447890e+00, -6.47319376e-01,  5.10185547e-02,
          -1.83871984e+00, -3.53618205e-01,  3.41651142e-01, -1.53663564e+00,
           2.01017499e+00,  1.07879555e+00,  7.00106144e-01, -7.84299016e-01,
          -7.33974814e-01,  1.40161324e+00,  5.01976490e-01,  2.29331756e+00,
           4.55731541e-01,  3.53777736e-01,  1.24038661e+00, -4.64545280e-01,
           6.30053103e-01,  1.59831071e+00,  1.42632580e+00,  6.21116221e-01,
           1.82101056e-01,  3.39853793e-01, -3.23088527e-01,  2.74797344e+00,
          -2.27871895e+00,  5.99052668e-01, -1.23447943e+00,  1.07502985e+00,
           4.03813213e-01,  3.12756121e-01, -1.47315776e+00,  1.70806932e+00,
           1.10184515e+00, -3.03275847e+00, -7.51249611e-01, -1.04279602e+00,
           1.24388182e+00, -2.27991473e-02, -7.73828924e-02, -6.32681787e-01,
          -1.09043074e+00,  1.33373928e+00, -4.09374893e-01, -1.22239575e-01,
          -3.63850705e-02,  3.73802930e-01, -1.90524983e+00, -1.62185267e-01,
          -1.79064065e-01, -1.10840619e+00,  6.55511975e-01,  1.95070720e+00,
          -4.03176367e-01, -8.12406003e-01,  2.18594337e+00,  7.34298289e-01,
           3.96189153e-01,  1.59086138e-01,  3.63728261e+00, -1.90524673e+00,
          -1.20311463e+00, -8.85891855e-01, -4.29363906e-01,  1.96648705e+00,
           9.13932621e-01, -8.81887674e-01,  1.56804335e+00, -5.13472855e-01,
          -1.21054220e+00,  1.27262700e+00,  3.77779126e-01, -2.38420677e+00,
           1.13088405e+00,  2.97910619e+00, -3.20098430e-01, -1.55165434e-01,
           9.39200878e-01,  2.58043885e+00,  4.37837929e-01, -1.00417924e+00,
           5.27259350e+00,  1.07941902e+00,  8.67256701e-01,  6.98544621e-01,
          -1.36597025e+00, -5.52949011e-01,  1.62634933e+00,  1.36181796e+00,
          -3.94436754e-02, -8.39242786e-02, -9.95401323e-01,  3.49439144e-01,
           3.79174829e-01, -2.47132874e+00, -3.38955522e-01, -1.01613748e+00,
           1.16758633e+00, -1.82645500e+00,  1.74061388e-01, -1.51928830e+00,
          -1.86902690e+00,  1.02165604e+00,  3.49603355e-01,  5.89293614e-02,
          -5.23465693e-01, -1.22633779e+00, -2.79483724e+00,  7.50148237e-01,
           1.49682415e+00,  1.49557459e+00, -8.23347986e-01,  2.09680843e+00,
           1.77194321e+00,  2.48503208e-01,  1.07651055e+00,  3.59898424e+00,
           1.11221731e+00,  5.88867366e-01,  2.76465982e-01, -1.46243298e+00,
           2.20733547e+00,  2.89854378e-01,  1.48751009e+00,  1.77828062e+00,
           2.61594844e+00,  2.19187811e-01,  1.26638925e+00, -2.11684775e+00,
           1.88134098e+00,  1.86974585e+00,  1.07207453e+00, -4.71621484e-01,
           8.56055200e-01, -1.66813028e+00,  7.97105551e-01,  1.70507938e-01,
          -1.31492078e+00,  1.80664480e-01,  2.14496076e-01,  8.64726782e-01,
           1.78519630e+00,  3.24485928e-01,  2.31310582e+00,  3.57115889e+00,
           2.33599806e+00, -4.28724974e-01,  1.24549818e+00,  2.74173307e+00,
          -5.57982087e-01, -1.53218591e+00,  2.39718843e+00,  6.66435063e-03,
          -1.38867056e+00,  1.56472480e+00, -2.98151255e-01,  8.84322584e-01,
           4.05620909e+00,  8.73024583e-01, -2.24155951e+00,  4.41905230e-01,
           1.70482111e+00, -2.20078230e-01, -8.43190849e-01, -5.96183240e-01,
          -1.19679987e+00,  1.99920937e-01, -9.50637698e-01, -2.06185237e-01,
           2.56655860e+00, -1.78062963e+00, -4.75457072e-01,  1.06171739e+00,
           2.86926103e+00, -1.15490234e+00,  2.37647748e+00,  3.51663804e+00,
          -9.55400527e-01,  3.93025905e-01, -1.33474302e+00,  6.78537369e-01,
          -1.04635441e+00,  1.59584618e+00, -6.65711224e-01, -3.37263048e-02,
          -5.06347865e-02, -2.10677886e+00,  2.21754026e+00, -2.82647580e-01,
           3.12891769e+00, -5.95048904e-01, -1.00279421e-01, -2.96861410e-01,
          -6.63292646e-01,  1.77193332e+00, -4.94323373e-01, -1.35685837e+00,
          -1.05617726e+00,  1.49531841e+00,  6.50555193e-01, -4.19474930e-01,
          -6.67132497e-01,  2.21385717e+00,  1.13161385e-01,  2.28057504e-01,
           1.52417064e+00,  2.06911969e+00,  5.46394408e-01,  1.42117572e+00,
          -5.58651567e-01,  5.01390338e-01,  4.91051733e-01, -2.09801745e+00,
           2.49535131e+00,  2.45212227e-01, -3.52903438e+00, -2.18856126e-01,
           8.82806599e-01,  4.93993253e-01, -1.63628006e+00,  9.37821209e-01,
           1.46283650e+00, -1.64444566e-01, -8.60257804e-01,  8.85266840e-01,
           2.45348144e+00,  1.13555789e+00,  5.77861428e-01, -1.46346927e+00,
           1.01348245e+00, -1.54128611e+00, -7.90521860e-01,  8.51383984e-01,
           1.63420415e+00,  9.54353571e-01,  1.00891814e-01,  1.59212720e+00,
           7.54145384e-01,  1.30444646e+00,  8.39491487e-01, -5.70548236e-01,
          -2.03204393e-01, -2.04924297e+00,  6.61634028e-01, -6.45206422e-02,
           6.40673578e-01,  2.82511890e-01,  1.73909175e+00, -2.66054749e-01,
          -1.38067067e+00,  9.45915461e-01, -4.34435815e-01, -3.83097500e-01,
           9.79808494e-02,  6.16059542e-01, -1.74709237e+00,  2.21356249e+00,
          -8.10721815e-02,  1.70477307e+00, -1.53101969e+00,  7.04422146e-02,
           6.47555813e-02,  2.62549728e-01,  1.74239159e-01, -1.87872636e+00,
          -2.88717687e-01,  2.09918714e+00,  4.47918326e-02,  1.87020928e-01,
           1.89362359e+00,  1.23009694e+00,  5.90710700e-01,  1.34876299e+00,
           1.31014264e+00,  1.22989750e+00,  1.17270552e-01, -1.17532551e+00,
           4.02350456e-01,  3.49227452e+00,  1.84883773e+00, -8.03834617e-01,
          -1.82895392e-01, -9.13226485e-01, -6.85710609e-02,  9.75552678e-01,
           3.28503394e+00,  2.28215647e+00, -1.78377903e+00,  1.65972769e+00,
           1.10409307e+00,  2.43514135e-01,  1.16799736e+00,  1.04634643e+00,
          -1.17482126e+00,  2.19202805e+00, -1.08159304e+00,  2.63470149e+00,
           2.18165660e+00,  8.97834659e-01, -1.07068992e+00, -4.32449520e-01,
           7.49696553e-01,  1.65102994e+00,  9.84147549e-01, -1.12988901e+00,
          -2.65300065e-01,  3.30557317e-01,  3.25346470e+00,  2.03976226e+00,
           2.49625087e+00, -4.00735766e-01, -1.03003662e-02,  3.82014751e-01,
          -1.64197230e+00,  3.56935430e+00, -3.87704581e-01,  5.15918076e-01,
           1.15847135e+00,  2.12227941e-01,  3.74391890e+00,  5.38908482e-01,
           6.38837159e-01, -1.13409281e-01,  1.91853273e+00,  2.90257096e+00,
          -1.11619067e+00, -1.66884553e+00, -4.59553987e-01, -3.74554873e-01,
           1.83125210e+00, -7.30247915e-01, -1.50190935e-01,  8.33702385e-01,
          -1.80684221e+00, -6.13055527e-01,  1.05927181e+00,  2.37603235e+00,
           1.20039010e+00,  1.73580909e+00, -4.90870088e-01,  1.24959648e+00,
           2.86900312e-01, -7.73638964e-01,  2.57373667e+00,  2.23717242e-01,
          -1.48466468e+00, -6.58577263e-01, -5.48366904e-01,  1.45470247e-01,
           6.97422504e-01, -1.10545027e+00,  1.34272516e+00,  1.29604018e+00,
           2.21631789e+00, -1.74429762e+00, -4.47104454e-01,  1.07026482e+00,
          -1.52005851e+00, -7.05334127e-01,  1.13892376e+00, -1.07492685e+00,
          -2.69970685e-01, -2.04892755e-01,  3.97305101e-01, -1.46702319e-01,
           1.48003018e+00, -6.68494582e-01, -5.26928067e-01, -5.27071595e-01,
           3.51339173e+00,  2.44232607e+00,  2.88893580e+00, -1.07938135e+00,
           1.13621843e+00, -4.10567224e-01, -4.30388361e-01,  3.98387909e+00,
           1.31842732e+00, -1.60590708e+00,  1.55851686e+00,  1.62832856e+00,
          -2.71366549e+00, -3.11683565e-01, -2.83374310e-01,  4.32734877e-01,
          -7.33766377e-01,  1.57262099e+00,  2.21725389e-01, -1.04704285e+00,
          -1.48026597e+00, -2.37448549e+00, -1.87541533e+00, -4.11689132e-01,
           1.23318529e+00,  5.00993012e-03, -6.13619268e-01,  1.72476828e-01,
           1.50888610e+00, -2.89369732e-01, -2.19433308e+00,  5.00411689e-01,
           1.37910235e+00,  9.98195708e-01, -4.89467859e-01,  2.21330971e-01,
          -1.74901024e-01,  4.34769213e-01,  1.22566986e+00,  1.49650776e+00,
           6.75632209e-02,  2.80160141e+00,  6.50814623e-02, -1.01370551e-01,
          -5.37107229e-01,  4.60482687e-01, -1.08242571e+00, -6.16548844e-02,
           4.09632444e+00,  1.42356336e+00,  3.06706905e+00, -3.30514908e-01,
           1.76163495e+00,  2.13109708e+00,  1.04838479e+00,  8.36492002e-01,
           1.22007534e-01,  2.57174790e-01,  1.10824013e+00,  5.83715796e-01,
           6.04796410e+00,  4.27733421e+00,  1.87194300e+00, -1.21372104e-01,
           6.54384136e-01,  2.74061114e-01,  6.02269411e-01,  1.91209984e+00,
          -1.22941077e+00, -1.61274970e+00,  2.09243283e-01, -2.53412986e+00,
           1.10289121e+00, -8.96786153e-01,  1.15451172e-01,  7.13378489e-01,
           1.13598013e+00,  2.29443860e+00,  1.49467005e-03, -8.83577049e-01,
          -2.50394893e+00,  8.01265836e-01, -8.46092463e-01, -1.54346097e+00,
          -1.61533332e+00, -2.91505337e-01, -8.17094505e-01, -1.79801762e+00,
          -1.19711411e+00, -2.60721493e+00, -1.89733672e+00, -9.28647161e-01,
          -1.84067810e+00, -1.42805243e+00, -1.05064380e+00, -9.23752546e-01,
          -1.01178598e+00, -1.02919209e+00, -4.50523406e-01, -6.18409693e-01,
          -2.59967637e+00, -6.67927444e-01, -1.20624745e+00, -1.42429018e+00,
           6.11525118e-01,  7.19205499e-01, -1.21200234e-01, -5.26702285e-01,
          -4.33380395e-01, -2.06734929e-02, -2.07522720e-01, -1.48028183e+00,
          -1.25581634e+00, -1.80170178e-01, -9.71368015e-01, -1.58032274e+00,
          -1.31354225e+00, -1.52876818e+00, -9.91091371e-01, -1.53100002e+00,
          -1.52982807e+00, -2.09485674e+00,  1.19155908e+00, -4.78480637e-01,
           5.89982271e-01,  5.92932701e-02, -1.59286821e+00,  1.72155118e+00,
          -9.42569137e-01, -1.65581453e+00,  2.08811998e+00, -1.34095341e-01,
          -8.88838053e-01, -9.69386026e-02,  1.45870268e-01, -1.87619615e+00,
           2.71743983e-01, -5.17217040e-01, -4.49868143e-01, -1.38233447e+00,
          -4.78861749e-01,  3.63894925e-02, -1.25890708e+00, -3.81820351e-01,
          -7.45476663e-01,  3.52696389e-01, -1.28066993e+00, -1.24930036e+00,
          -1.68996429e+00, -2.40131402e+00, -1.90280795e+00, -1.29700077e+00,
          -1.10817349e+00, -2.45427966e+00,  4.47160639e-02,  1.11472595e+00]]],
       device='cuda:0')
PGD attack margin (first 2 examples and 10 specs):
 tensor([[[1.01366889]]], device='cuda:0')
number of violation:  0
Attack finished in 12.4226 seconds.
PGD attack failed
verified_status unknown
verified_success False
Total VNNLIB file length: 1, max property batch size: 1, total number of batches: 1

Properties batch 0, size 1
Remaining timeout: 1137.64892244339
Verifying property 0 with 1 instances.
torch allclose failed: norm 8.889588571037166e-06
Model: BoundedModule(
  (/input-1): BoundInput(name=/input-1, inputs=[], perturbed=True)
  (/33): BoundParams(name=/33, inputs=[], perturbed=False)
  (/34): BoundParams(name=/34, inputs=[], perturbed=False)
  (/35): BoundParams(name=/35, inputs=[], perturbed=False)
  (/36): BoundParams(name=/36, inputs=[], perturbed=False)
  (/37): BoundParams(name=/37, inputs=[], perturbed=False)
  (/38): BoundParams(name=/38, inputs=[], perturbed=False)
  (/39): BoundParams(name=/39, inputs=[], perturbed=False)
  (/40): BoundParams(name=/40, inputs=[], perturbed=False)
  (/41): BoundParams(name=/41, inputs=[], perturbed=False)
  (/42): BoundParams(name=/42, inputs=[], perturbed=False)
  (/43): BoundParams(name=/43, inputs=[], perturbed=False)
  (/44): BoundParams(name=/44, inputs=[], perturbed=False)
  (/45): BoundParams(name=/45, inputs=[], perturbed=False)
  (/46): BoundParams(name=/46, inputs=[], perturbed=False)
  (/47): BoundParams(name=/47, inputs=[], perturbed=False)
  (/48): BoundParams(name=/48, inputs=[], perturbed=False)
  (/49): BoundParams(name=/49, inputs=[], perturbed=False)
  (/50): BoundParams(name=/50, inputs=[], perturbed=False)
  (/51): BoundParams(name=/51, inputs=[], perturbed=False)
  (/52): BoundParams(name=/52, inputs=[], perturbed=False)
  (/53): BoundParams(name=/53, inputs=[], perturbed=False)
  (/54): BoundParams(name=/54, inputs=[], perturbed=False)
  (/55): BoundParams(name=/55, inputs=[], perturbed=False)
  (/56): BoundParams(name=/56, inputs=[], perturbed=False)
  (/57): BoundParams(name=/57, inputs=[], perturbed=False)
  (/58): BoundParams(name=/58, inputs=[], perturbed=False)
  (/59): BoundParams(name=/59, inputs=[], perturbed=False)
  (/60): BoundParams(name=/60, inputs=[], perturbed=False)
  (/61): BoundParams(name=/61, inputs=[], perturbed=False)
  (/62): BoundParams(name=/62, inputs=[], perturbed=False)
  (/63): BoundParams(name=/63, inputs=[], perturbed=False)
  (/64): BoundParams(name=/64, inputs=[], perturbed=False)
  (/input): BoundConv(name=/input, inputs=[/input-1, /33, /34], perturbed=True)
  (/66): BoundRelu(name=/66, inputs=[/input], perturbed=True)
  (/input-4): BoundConv(name=/input-4, inputs=[/66, /35, /36], perturbed=True)
  (/68): BoundRelu(name=/68, inputs=[/input-4], perturbed=True)
  (/input-12): BoundConv(name=/input-12, inputs=[/input-8/add_3_4, /37, /38], perturbed=True)
  (/71): BoundRelu(name=/71, inputs=[/input-12], perturbed=True)
  (/input-16): BoundConv(name=/input-16, inputs=[/71, /39, /40], perturbed=True)
  (/73): BoundRelu(name=/73, inputs=[/input-16], perturbed=True)
  (/input-24): BoundConv(name=/input-24, inputs=[/input-20/add_3_4, /41, /42], perturbed=True)
  (/76): BoundRelu(name=/76, inputs=[/input-24], perturbed=True)
  (/input-28): BoundConv(name=/input-28, inputs=[/76, /43, /44], perturbed=True)
  (/78): BoundRelu(name=/78, inputs=[/input-28], perturbed=True)
  (/input-32): BoundConv(name=/input-32, inputs=[/78, /45, /46], perturbed=True)
  (/80): BoundRelu(name=/80, inputs=[/input-32], perturbed=True)
  (/input-40): BoundConv(name=/input-40, inputs=[/input-36/add_3_4, /47, /48], perturbed=True)
  (/83): BoundRelu(name=/83, inputs=[/input-40], perturbed=True)
  (/input-44): BoundConv(name=/input-44, inputs=[/83, /49, /50], perturbed=True)
  (/85): BoundRelu(name=/85, inputs=[/input-44], perturbed=True)
  (/input-48): BoundConv(name=/input-48, inputs=[/85, /51, /52], perturbed=True)
  (/87): BoundRelu(name=/87, inputs=[/input-48], perturbed=True)
  (/input-56): BoundConv(name=/input-56, inputs=[/input-52/add_3_4, /53, /54], perturbed=True)
  (/90): BoundRelu(name=/90, inputs=[/input-56], perturbed=True)
  (/input-60): BoundConv(name=/input-60, inputs=[/90, /55, /56], perturbed=True)
  (/92): BoundRelu(name=/92, inputs=[/input-60], perturbed=True)
  (/input-64): BoundConv(name=/input-64, inputs=[/92, /57, /58], perturbed=True)
  (/94): BoundRelu(name=/94, inputs=[/input-64], perturbed=True)
  (/96): BoundFlatten(name=/96, inputs=[/95/add_3_4], perturbed=True)
  (/input-68): BoundLinear(name=/input-68, inputs=[/96, /59, /60], perturbed=True)
  (/98): BoundRelu(name=/98, inputs=[/input-68], perturbed=True)
  (/99): BoundFlatten(name=/99, inputs=[/98], perturbed=True)
  (/input-72): BoundLinear(name=/input-72, inputs=[/99, /61, /62], perturbed=True)
  (/101): BoundRelu(name=/101, inputs=[/input-72], perturbed=True)
  (/102): BoundFlatten(name=/102, inputs=[/101], perturbed=True)
  (/103): BoundLinear(name=/103, inputs=[/102, /63, /64], perturbed=True)
  (/input-8/conv_1): BoundConv(name=/input-8/conv_1, inputs=[/68, /input-8/conv_1_w], perturbed=True)
  (/input-8/conv_1_relu): BoundRelu(name=/input-8/conv_1_relu, inputs=[/input-8/conv_1], perturbed=True)
  (/input-8/conv_1_w): BoundParams(name=/input-8/conv_1_w, inputs=[], perturbed=False)
  (/input-8/conv_2): BoundConv(name=/input-8/conv_2, inputs=[/68, /input-8/conv_2_w], perturbed=True)
  (/input-8/conv_2_w): BoundParams(name=/input-8/conv_2_w, inputs=[], perturbed=False)
  (/input-8/conv_3): BoundConv(name=/input-8/conv_3, inputs=[/input-8/add_1_2, /input-8/conv_3_w], perturbed=True)
  (/input-8/conv_3_relu): BoundRelu(name=/input-8/conv_3_relu, inputs=[/input-8/conv_3], perturbed=True)
  (/input-8/conv_3_w): BoundParams(name=/input-8/conv_3_w, inputs=[], perturbed=False)
  (/input-8/conv_4): BoundConv(name=/input-8/conv_4, inputs=[/input-8/add_1_2, /input-8/conv_4_w], perturbed=True)
  (/input-8/conv_4_w): BoundParams(name=/input-8/conv_4_w, inputs=[], perturbed=False)
  (/input-8/add_1_2): BoundAdd(name=/input-8/add_1_2, inputs=[/input-8/conv_1_relu, /input-8/conv_2], perturbed=True)
  (/input-8/add_3_4): BoundAdd(name=/input-8/add_3_4, inputs=[/input-8/conv_3_relu, /input-8/conv_4], perturbed=True)
  (/input-20/conv_1): BoundConv(name=/input-20/conv_1, inputs=[/73, /input-20/conv_1_w], perturbed=True)
  (/input-20/conv_1_relu): BoundRelu(name=/input-20/conv_1_relu, inputs=[/input-20/conv_1], perturbed=True)
  (/input-20/conv_1_w): BoundParams(name=/input-20/conv_1_w, inputs=[], perturbed=False)
  (/input-20/conv_2): BoundConv(name=/input-20/conv_2, inputs=[/73, /input-20/conv_2_w], perturbed=True)
  (/input-20/conv_2_w): BoundParams(name=/input-20/conv_2_w, inputs=[], perturbed=False)
  (/input-20/conv_3): BoundConv(name=/input-20/conv_3, inputs=[/input-20/add_1_2, /input-20/conv_3_w], perturbed=True)
  (/input-20/conv_3_relu): BoundRelu(name=/input-20/conv_3_relu, inputs=[/input-20/conv_3], perturbed=True)
  (/input-20/conv_3_w): BoundParams(name=/input-20/conv_3_w, inputs=[], perturbed=False)
  (/input-20/conv_4): BoundConv(name=/input-20/conv_4, inputs=[/input-20/add_1_2, /input-20/conv_4_w], perturbed=True)
  (/input-20/conv_4_w): BoundParams(name=/input-20/conv_4_w, inputs=[], perturbed=False)
  (/input-20/add_1_2): BoundAdd(name=/input-20/add_1_2, inputs=[/input-20/conv_1_relu, /input-20/conv_2], perturbed=True)
  (/input-20/add_3_4): BoundAdd(name=/input-20/add_3_4, inputs=[/input-20/conv_3_relu, /input-20/conv_4], perturbed=True)
  (/input-36/conv_1): BoundConv(name=/input-36/conv_1, inputs=[/80, /input-36/conv_1_w], perturbed=True)
  (/input-36/conv_1_relu): BoundRelu(name=/input-36/conv_1_relu, inputs=[/input-36/conv_1], perturbed=True)
  (/input-36/conv_1_w): BoundParams(name=/input-36/conv_1_w, inputs=[], perturbed=False)
  (/input-36/conv_2): BoundConv(name=/input-36/conv_2, inputs=[/80, /input-36/conv_2_w], perturbed=True)
  (/input-36/conv_2_w): BoundParams(name=/input-36/conv_2_w, inputs=[], perturbed=False)
  (/input-36/conv_3): BoundConv(name=/input-36/conv_3, inputs=[/input-36/add_1_2, /input-36/conv_3_w], perturbed=True)
  (/input-36/conv_3_relu): BoundRelu(name=/input-36/conv_3_relu, inputs=[/input-36/conv_3], perturbed=True)
  (/input-36/conv_3_w): BoundParams(name=/input-36/conv_3_w, inputs=[], perturbed=False)
  (/input-36/conv_4): BoundConv(name=/input-36/conv_4, inputs=[/input-36/add_1_2, /input-36/conv_4_w], perturbed=True)
  (/input-36/conv_4_w): BoundParams(name=/input-36/conv_4_w, inputs=[], perturbed=False)
  (/input-36/add_1_2): BoundAdd(name=/input-36/add_1_2, inputs=[/input-36/conv_1_relu, /input-36/conv_2], perturbed=True)
  (/input-36/add_3_4): BoundAdd(name=/input-36/add_3_4, inputs=[/input-36/conv_3_relu, /input-36/conv_4], perturbed=True)
  (/input-52/conv_1): BoundConv(name=/input-52/conv_1, inputs=[/87, /input-52/conv_1_w], perturbed=True)
  (/input-52/conv_1_relu): BoundRelu(name=/input-52/conv_1_relu, inputs=[/input-52/conv_1], perturbed=True)
  (/input-52/conv_1_w): BoundParams(name=/input-52/conv_1_w, inputs=[], perturbed=False)
  (/input-52/conv_2): BoundConv(name=/input-52/conv_2, inputs=[/87, /input-52/conv_2_w], perturbed=True)
  (/input-52/conv_2_w): BoundParams(name=/input-52/conv_2_w, inputs=[], perturbed=False)
  (/input-52/conv_3): BoundConv(name=/input-52/conv_3, inputs=[/input-52/add_1_2, /input-52/conv_3_w], perturbed=True)
  (/input-52/conv_3_relu): BoundRelu(name=/input-52/conv_3_relu, inputs=[/input-52/conv_3], perturbed=True)
  (/input-52/conv_3_w): BoundParams(name=/input-52/conv_3_w, inputs=[], perturbed=False)
  (/input-52/conv_4): BoundConv(name=/input-52/conv_4, inputs=[/input-52/add_1_2, /input-52/conv_4_w], perturbed=True)
  (/input-52/conv_4_w): BoundParams(name=/input-52/conv_4_w, inputs=[], perturbed=False)
  (/input-52/add_1_2): BoundAdd(name=/input-52/add_1_2, inputs=[/input-52/conv_1_relu, /input-52/conv_2], perturbed=True)
  (/input-52/add_3_4): BoundAdd(name=/input-52/add_3_4, inputs=[/input-52/conv_3_relu, /input-52/conv_4], perturbed=True)
  (/95/conv_1): BoundConv(name=/95/conv_1, inputs=[/94, /95/conv_1_w], perturbed=True)
  (/95/conv_1_relu): BoundRelu(name=/95/conv_1_relu, inputs=[/95/conv_1], perturbed=True)
  (/95/conv_1_w): BoundParams(name=/95/conv_1_w, inputs=[], perturbed=False)
  (/95/conv_2): BoundConv(name=/95/conv_2, inputs=[/94, /95/conv_2_w], perturbed=True)
  (/95/conv_2_w): BoundParams(name=/95/conv_2_w, inputs=[], perturbed=False)
  (/95/conv_3): BoundConv(name=/95/conv_3, inputs=[/95/add_1_2, /95/conv_3_w], perturbed=True)
  (/95/conv_3_relu): BoundRelu(name=/95/conv_3_relu, inputs=[/95/conv_3], perturbed=True)
  (/95/conv_3_w): BoundParams(name=/95/conv_3_w, inputs=[], perturbed=False)
  (/95/conv_4): BoundConv(name=/95/conv_4, inputs=[/95/add_1_2, /95/conv_4_w], perturbed=True)
  (/95/conv_4_w): BoundParams(name=/95/conv_4_w, inputs=[], perturbed=False)
  (/95/add_1_2): BoundAdd(name=/95/add_1_2, inputs=[/95/conv_1_relu, /95/conv_2], perturbed=True)
  (/95/add_3_4): BoundAdd(name=/95/add_3_4, inputs=[/95/conv_3_relu, /95/conv_4], perturbed=True)
)
Model prediction is: tensor([-9.94303703e-01,  8.84105384e-01, -1.27743483e+00, -8.73011529e-01,
        -1.31268394e+00, -3.81820984e-02, -7.47964144e-01, -1.64734733e+00,
        -1.54587412e+00, -6.21508479e-01,  3.09078306e-01,  7.45267391e-01,
         3.96627247e-01,  8.75863060e-02,  4.49778497e-01,  7.14500189e-01,
         9.73222256e-02, -9.77715850e-01, -3.78506273e-01,  2.50999808e-01,
        -9.13358852e-02,  9.15504932e-01,  5.62478960e-01, -5.13480842e-01,
         1.03542233e+00, -5.23033857e-01,  9.81022835e-01, -2.28862390e-01,
        -1.00349867e+00,  1.48159519e-01, -1.75211895e+00,  1.03665698e+00,
        -4.27556634e-01, -1.63044751e+00, -1.23263586e+00, -1.51584852e+00,
        -2.77012914e-01, -2.07432270e+00,  9.60505962e-01, -8.20846498e-01,
         1.24430621e+00, -3.30566287e-01,  8.74051303e-02,  1.41170129e-01,
         7.93278277e-01, -3.45190167e-01,  1.25334942e+00,  1.33665636e-01,
        -1.59013879e+00, -4.29955482e-01, -1.63220465e-01, -2.03933644e+00,
         4.42814916e-01,  2.90803939e-01, -6.17801070e-01, -2.99931377e-01,
        -3.07240486e-01, -1.47964597e+00, -3.29668820e-02,  7.44139135e-01,
         2.96157449e-01, -5.01317680e-01, -7.58008122e-01,  5.94624519e-01,
         6.47148430e-01, -3.58208507e-01, -1.09022371e-02, -3.74746621e-01,
        -3.11130941e-01, -7.09164977e-01,  1.30809188e+00,  9.12604988e-01,
         9.71296728e-01,  2.52749991e+00,  1.27285635e+00,  2.41797423e+00,
         7.91015685e-01,  2.67206788e+00,  2.25971198e+00,  1.81023443e+00,
         7.59570658e-01, -1.04993999e+00,  3.73883322e-02, -3.75820637e-01,
        -5.49202681e-01,  2.74834018e-02, -8.86177897e-01,  3.10369521e-01,
        -1.52911365e-01, -1.01441145e+00, -5.46589494e-01, -9.55223560e-01,
         1.10520935e+00, -5.87074995e-01,  8.08588028e-01, -2.80196339e-01,
         9.36978087e-02, -1.42890787e+00,  7.72351548e-02, -8.20926726e-01,
        -1.63105186e-02, -1.41953313e+00, -1.91641176e+00,  4.69848633e-01,
        -6.72331095e-01, -1.77937818e+00, -1.34318995e+00, -1.51371562e+00,
        -1.60253167e+00, -1.76293576e+00, -3.82489681e-01,  3.62812185e+00,
        -3.43486726e-01,  4.70768481e-01,  5.02704203e-01, -1.60478461e+00,
        -5.56282759e-01, -1.46113873e-01, -1.46585560e+00, -1.30373013e+00,
        -1.05213094e+00, -1.75721121e+00, -1.70501912e+00, -2.36697865e+00,
        -1.57486033e+00, -1.67530084e+00,  1.24778008e+00, -3.49743068e-01,
         1.04332697e+00,  8.98393393e-02, -8.42681408e-01, -7.70066082e-01,
         2.14445293e-01,  6.41978830e-02, -2.21899867e-01, -1.77483484e-01,
        -1.25040436e+00, -2.41798088e-01,  3.78988385e-01, -1.19545245e+00,
        -1.63500857e+00,  4.99250144e-01, -3.73546839e-01, -9.07610178e-01,
        -6.73400342e-01, -5.42972982e-01, -2.61460960e-01,  5.55007935e-01,
        -4.11265194e-01, -2.79636323e-01, -2.02112603e+00,  4.56528574e-01,
        -6.36087298e-01,  2.59451628e-01,  1.09462000e-01, -5.65217495e-01,
        -6.63523972e-01, -1.49068236e-01, -7.84163237e-01, -1.16623867e+00,
        -8.46984148e-01, -3.48669767e-01, -9.56397504e-02, -7.23517179e-01,
        -4.11880046e-01, -7.88147449e-01, -7.16663420e-01, -8.37626457e-01,
        -3.75869185e-01, -4.95845795e-01, -4.52628523e-01, -5.57609320e-01,
        -1.75500882e+00, -4.25982058e-01, -6.15638614e-01, -6.93689525e-01,
        -1.61870074e+00, -4.84016865e-01, -3.03649932e-01, -1.42427266e+00,
        -1.61952555e+00, -8.97255167e-02, -6.08794838e-02, -6.45528808e-02,
        -9.67266932e-02, -4.38781947e-01, -1.81161687e-01,  3.03665012e-01,
        -2.28622973e-01, -3.62878770e-01, -1.90267265e-02,  3.06024045e-01,
        -5.56460738e-01, -3.97304684e-01, -6.48236692e-01,  4.40470278e-01,
        -4.12466854e-01, -9.00170624e-01, -1.08893251e+00,  1.98122144e-01,
        -5.17672658e-01, -1.05832958e+00, -1.84896812e-01,  3.14176261e-01,
        -5.84670365e-01, -1.14799273e+00, -1.05482399e+00, -8.78476381e-01,
        -1.14692366e+00, -8.23820531e-01, -1.08283889e+00, -6.26137674e-01,
        -3.27125192e-01, -1.02835083e+00, -6.91829264e-01, -1.00849032e+00,
        -5.42416215e-01, -2.55861491e-01, -9.33448195e-01, -7.25544810e-01,
        -9.25039709e-01,  5.69971316e-02, -5.43081522e-01, -1.01653785e-02,
        -4.96512428e-02, -1.11252379e+00, -1.33056855e+00, -1.09828818e+00,
        -7.62311041e-01,  4.21512544e-01, -6.41074300e-01, -2.87227213e-01,
        -1.21842980e+00, -8.95573795e-01, -7.15945184e-01, -3.56777936e-01,
        -7.42016017e-01, -3.28396738e-01, -1.38409150e+00, -3.17341357e-01,
        -8.64710152e-01, -9.63301539e-01, -3.81685495e-01, -1.52399468e+00,
        -1.21593785e+00, -2.91099578e-01, -1.30235183e+00, -6.92674875e-01,
        -1.24484129e-01, -3.26535404e-01, -3.74854773e-01, -1.35513258e+00,
         2.29552045e-01, -4.35668886e-01,  5.28950572e-01, -1.48828495e+00,
        -9.62359548e-01, -3.51513550e-02,  3.53850484e-01,  5.00765502e-01,
         3.95506203e-01, -3.28727335e-01, -8.84576738e-01, -8.65059674e-01,
        -8.37038636e-01,  3.32999647e-01, -4.08722669e-01, -6.70385003e-01,
        -1.47293675e+00,  1.02975297e+00,  8.50905776e-01,  1.93253696e-01,
         9.73393261e-01,  3.77544492e-01,  6.71733022e-02,  2.95816809e-01,
         2.08795965e-02,  5.59622049e-01,  5.54269627e-02,  1.06578541e+00,
         6.29650116e-01,  1.65577388e+00,  1.66984546e+00,  2.57537651e+00,
         1.94923401e+00,  1.07288647e+00, -7.88642883e-01,  6.94469690e-01,
        -1.95579618e-01, -3.06490272e-01, -6.66498482e-01, -3.94055963e-01,
        -7.83520341e-01,  7.11773813e-01, -9.75622773e-01, -8.93018544e-01,
        -3.25859666e-01, -6.89185083e-01, -3.30036610e-01,  5.22301674e-01,
        -6.13847554e-01,  1.03828371e+00,  8.01321626e-01,  7.15594709e-01,
        -1.39482602e-01, -1.45816708e+00,  2.80830383e-01,  1.25970364e+00,
         1.38566709e+00, -3.01585138e-01,  1.59189403e+00,  1.46279585e+00,
         3.11949193e-01,  1.93510580e+00,  1.68600631e+00,  1.19285870e+00,
         1.02702987e+00, -3.03695053e-01,  2.67205811e+00,  1.82544303e+00,
         1.44964802e+00, -1.44876623e+00, -7.17806816e-01, -9.67839479e-01,
        -9.92843270e-01, -1.58242297e+00, -9.99802351e-01, -2.98572451e-01,
        -1.92788267e+00, -1.96787107e+00,  8.95339027e-02,  7.65466392e-01,
         1.66468477e+00, -8.09937179e-01, -9.23075438e-01,  2.04269662e-01,
        -1.47857141e+00, -5.30196242e-02, -9.86274958e-01, -2.21630168e+00,
        -1.39935446e+00, -1.44847071e+00, -1.66701245e+00, -1.68270195e+00,
        -1.82911158e+00, -1.59222531e+00, -2.23604774e+00, -7.78553963e-01,
        -2.57631350e+00, -1.43432319e+00, -1.24319887e+00, -7.82832325e-01,
        -1.08420002e+00, -8.19945216e-01, -1.13192916e+00, -1.57542253e+00,
         1.02043748e-01,  8.95309635e-03,  1.74066141e-01,  1.93836972e-01,
        -6.41729772e-01,  2.77760893e-01,  1.41801119e-01, -6.15116477e-01,
        -1.19470382e+00, -3.70273352e-01, -4.15446877e-01, -2.49518603e-01,
         1.76980615e-01, -5.13225496e-01, -8.21871869e-03, -9.24901962e-01,
        -5.75688422e-01, -8.82604942e-02, -7.97630250e-02, -1.00393081e+00,
        -2.88779855e-01,  4.69290555e-01, -6.34330809e-02, -9.21367943e-01,
         5.91749132e-01, -5.86292267e-01, -1.16521835e-01,  1.91671625e-01,
        -2.18984455e-01, -6.96670413e-01, -1.24828410e+00, -1.37340236e+00,
        -1.90197301e+00, -1.34517699e-01, -1.13388455e+00, -5.95766008e-01,
        -5.20459533e-01, -2.49865866e+00, -1.42018592e+00,  4.56390619e-01,
        -2.19580603e+00, -1.46133518e+00,  1.37563214e-01,  1.11425006e+00,
        -5.31354070e-01, -5.88147283e-01,  7.17482269e-01, -5.54377615e-01,
         7.03384578e-02,  1.34042752e+00, -6.04027092e-01, -7.88836837e-01,
        -2.23363042e+00,  2.99473763e+00, -1.23523021e+00,  8.13874900e-01,
         6.20917797e-01,  1.03228498e+00,  2.71838039e-01, -2.41517591e+00,
         1.52128506e+00,  2.64490366e-01,  2.96724319e+00,  1.62249017e+00,
         7.28463590e-01,  5.42341530e-01,  3.12382542e-02, -7.46013582e-01,
        -9.71990108e-01, -3.33860517e-01,  1.91414464e+00, -4.34240252e-01,
        -6.90658391e-01, -2.00422481e-01, -6.39568627e-01, -9.99793708e-02,
         1.06264448e+00, -1.40177771e-01,  1.37183189e+00,  1.70260775e+00,
        -1.39039671e+00,  3.86495620e-01,  1.89851105e+00,  4.21927392e-01,
        -4.51646745e-02,  1.69414663e+00,  2.52659976e-01,  1.56895244e+00,
        -8.06511581e-01, -7.91471303e-01,  3.59490156e+00, -4.05189008e-01,
        -5.46970844e-01, -5.85004628e-01, -1.18677676e+00,  1.39944601e+00,
        -3.59977782e-02,  8.26622128e-01, -1.65768087e+00, -5.52268662e-02,
         2.10310951e-01,  1.07527030e+00, -2.34807432e-01,  2.31150895e-01,
        -1.19702959e+00,  3.72365564e-01,  2.45805836e+00, -1.52040958e-01,
         1.09239781e+00,  1.54556227e+00, -9.00745749e-01, -2.39596558e+00,
        -5.31518638e-01,  1.16932273e-01,  2.00383902e+00, -1.00988615e+00,
        -1.50763977e+00,  1.56639147e+00, -6.25707746e-01,  6.28536642e-02,
        -1.86344767e+00, -3.40181530e-01,  3.66375387e-01, -1.53945184e+00,
         2.02769256e+00,  1.09737349e+00,  7.11217582e-01, -8.00440371e-01,
        -7.48936117e-01,  1.42355621e+00,  5.07792354e-01,  2.31009054e+00,
         4.77335662e-01,  3.54306191e-01,  1.25546515e+00, -4.69094843e-01,
         6.53207600e-01,  1.61009037e+00,  1.44408596e+00,  6.33250177e-01,
         2.03528672e-01,  3.19389611e-01, -3.26542079e-01,  2.77612066e+00,
        -2.29992819e+00,  6.01664960e-01, -1.22998106e+00,  1.09567595e+00,
         4.33344752e-01,  3.37619573e-01, -1.47726309e+00,  1.74419439e+00,
         1.11642289e+00, -3.03938746e+00, -7.57645726e-01, -1.06128097e+00,
         1.26144910e+00, -1.20812561e-02, -6.29020184e-02, -6.16536498e-01,
        -1.07913733e+00,  1.33086383e+00, -4.08725917e-01, -1.05212957e-01,
        -2.07801275e-02,  3.91179800e-01, -1.91813743e+00, -1.46115229e-01,
        -1.77165106e-01, -1.10640180e+00,  6.68052077e-01,  1.96571875e+00,
        -3.79325479e-01, -7.92939007e-01,  2.20406556e+00,  7.43461370e-01,
         3.96648824e-01,  1.78395212e-01,  3.67407060e+00, -1.91157460e+00,
        -1.21541870e+00, -8.90970111e-01, -4.39930141e-01,  1.98503900e+00,
         8.93881857e-01, -8.66052628e-01,  1.58061743e+00, -5.03635347e-01,
        -1.20935011e+00,  1.29551089e+00,  3.83976161e-01, -2.39698052e+00,
         1.13692570e+00,  3.00841022e+00, -2.99492389e-01, -1.34127274e-01,
         9.31424677e-01,  2.59992456e+00,  4.33143526e-01, -1.02481234e+00,
         5.28831100e+00,  1.05980337e+00,  8.76319408e-01,  7.14018703e-01,
        -1.36425042e+00, -5.53872347e-01,  1.62559736e+00,  1.37567127e+00,
        -2.75957920e-02, -7.90235847e-02, -9.92751062e-01,  3.67326647e-01,
         3.76508951e-01, -2.48265505e+00, -3.30902547e-01, -1.01476574e+00,
         1.19011545e+00, -1.84210563e+00,  1.89228594e-01, -1.52876711e+00,
        -1.87945962e+00,  1.03287828e+00,  3.56584787e-01,  6.07172027e-02,
        -5.32639742e-01, -1.22489583e+00, -2.80505991e+00,  7.63231933e-01,
         1.50744474e+00,  1.50754201e+00, -8.33670914e-01,  2.11669302e+00,
         1.80777991e+00,  2.72046566e-01,  1.07680619e+00,  3.60801268e+00,
         1.14095962e+00,  6.06352389e-01,  2.77683467e-01, -1.47861624e+00,
         2.22512364e+00,  3.11695486e-01,  1.50165415e+00,  1.78082800e+00,
         2.65549707e+00,  2.19395891e-01,  1.26916039e+00, -2.12820864e+00,
         1.90699494e+00,  1.90650630e+00,  1.09403896e+00, -4.79121327e-01,
         8.72882783e-01, -1.68436587e+00,  8.09220791e-01,  1.72928229e-01,
        -1.32380855e+00,  1.99415863e-01,  2.24911317e-01,  8.88949752e-01,
         1.80035627e+00,  3.35448563e-01,  2.32976937e+00,  3.60759187e+00,
         2.35964537e+00, -4.32058811e-01,  1.26782680e+00,  2.76269722e+00,
        -5.46690583e-01, -1.54385853e+00,  2.42656827e+00, -8.59273970e-03,
        -1.39271522e+00,  1.58636045e+00, -2.82419115e-01,  9.00641501e-01,
         4.09490156e+00,  8.98895502e-01, -2.25536108e+00,  4.48938221e-01,
         1.72139645e+00, -1.96606636e-01, -8.42433155e-01, -5.96972167e-01,
        -1.19341421e+00,  1.89543083e-01, -9.45082188e-01, -1.96907058e-01,
         2.57415271e+00, -1.80080152e+00, -4.83944058e-01,  1.08810163e+00,
         2.89821172e+00, -1.16412544e+00,  2.38817644e+00,  3.54766917e+00,
        -9.54021037e-01,  4.13098186e-01, -1.34007001e+00,  6.87385738e-01,
        -1.06233990e+00,  1.58144748e+00, -6.57625258e-01, -1.66640002e-02,
        -5.71177453e-02, -2.10923767e+00,  2.24636245e+00, -2.93154031e-01,
         3.14892626e+00, -5.99174142e-01, -7.89822564e-02, -2.88311481e-01,
        -6.86838865e-01,  1.79044247e+00, -5.00230908e-01, -1.36891258e+00,
        -1.06892204e+00,  1.51646566e+00,  6.70557320e-01, -4.25455421e-01,
        -6.66018486e-01,  2.22696447e+00,  1.32337332e-01,  2.57852763e-01,
         1.55006933e+00,  2.09512091e+00,  5.31400144e-01,  1.43076730e+00,
        -5.59789777e-01,  5.03433645e-01,  5.10097265e-01, -2.10829759e+00,
         2.50112128e+00,  2.45900393e-01, -3.55436206e+00, -2.12438345e-01,
         8.96433175e-01,  4.97080415e-01, -1.64440656e+00,  9.68546450e-01,
         1.48084748e+00, -1.61487475e-01, -8.81466269e-01,  8.99234891e-01,
         2.49080396e+00,  1.12715507e+00,  5.79223156e-01, -1.46893132e+00,
         1.02268362e+00, -1.55415606e+00, -7.86439121e-01,  8.69826972e-01,
         1.66127157e+00,  9.82180476e-01,  1.28086433e-01,  1.61349475e+00,
         7.53111780e-01,  1.32241750e+00,  8.62351298e-01, -5.81837416e-01,
        -1.95049286e-01, -2.06045485e+00,  6.59960628e-01, -4.80966754e-02,
         6.65001929e-01,  3.00305992e-01,  1.77158725e+00, -2.61945516e-01,
        -1.39323437e+00,  9.71629083e-01, -4.27928776e-01, -3.96382838e-01,
         9.92150530e-02,  6.39012396e-01, -1.75046337e+00,  2.23027468e+00,
        -5.67099266e-02,  1.70610785e+00, -1.53799582e+00,  8.45290348e-02,
         7.94730410e-02,  2.73666024e-01,  1.75189346e-01, -1.87049484e+00,
        -2.80908704e-01,  2.09876323e+00,  6.35420680e-02,  1.96865425e-01,
         1.88429797e+00,  1.24563348e+00,  6.06167555e-01,  1.37087405e+00,
         1.33508933e+00,  1.22921216e+00,  1.22686528e-01, -1.19236147e+00,
         4.06803548e-01,  3.53245878e+00,  1.87002707e+00, -8.05196822e-01,
        -1.66271642e-01, -9.13175702e-01, -6.70323372e-02,  9.98188555e-01,
         3.32827234e+00,  2.29955292e+00, -1.79863751e+00,  1.68013775e+00,
         1.11115766e+00,  2.55036980e-01,  1.16465473e+00,  1.06789398e+00,
        -1.17699683e+00,  2.20849681e+00, -1.07652605e+00,  2.67213798e+00,
         2.20965552e+00,  9.26212907e-01, -1.06064129e+00, -4.41564798e-01,
         7.57536471e-01,  1.66179919e+00,  1.02314794e+00, -1.14191926e+00,
        -2.71649539e-01,  3.16469073e-01,  3.27377939e+00,  2.05280614e+00,
         2.51771331e+00, -3.68191004e-01,  1.02578420e-02,  3.82254004e-01,
        -1.63871050e+00,  3.59707665e+00, -3.75652939e-01,  5.31256378e-01,
         1.17853975e+00,  2.27839381e-01,  3.77065539e+00,  5.40912330e-01,
         6.57025933e-01, -1.12591371e-01,  1.94857943e+00,  2.93393087e+00,
        -1.11876690e+00, -1.67306280e+00, -4.73528475e-01, -3.86193693e-01,
         1.86904275e+00, -7.36627698e-01, -1.35239407e-01,  8.35304379e-01,
        -1.80185926e+00, -6.11063898e-01,  1.06458497e+00,  2.40838957e+00,
         1.19333613e+00,  1.75242615e+00, -5.04495025e-01,  1.24314404e+00,
         2.91908383e-01, -7.86906004e-01,  2.59985352e+00,  2.08020866e-01,
        -1.50314176e+00, -6.79513097e-01, -5.51350653e-01,  1.69011667e-01,
         7.01887071e-01, -1.11567152e+00,  1.36566544e+00,  1.30822420e+00,
         2.24448466e+00, -1.75459731e+00, -4.45207626e-01,  1.09018731e+00,
        -1.53486812e+00, -7.05628276e-01,  1.14582503e+00, -1.07210088e+00,
        -2.60367572e-01, -1.86884120e-01,  4.15391684e-01, -1.52417377e-01,
         1.49643970e+00, -6.63436770e-01, -5.31895459e-01, -5.30447006e-01,
         3.56214714e+00,  2.46171474e+00,  2.92147088e+00, -1.09843457e+00,
         1.15170157e+00, -3.94499391e-01, -4.28726226e-01,  4.01283741e+00,
         1.32572865e+00, -1.60239446e+00,  1.56408501e+00,  1.64352059e+00,
        -2.73427820e+00, -3.09906393e-01, -2.80264974e-01,  4.52544034e-01,
        -7.25905716e-01,  1.59142697e+00,  2.11394906e-01, -1.05357122e+00,
        -1.50198972e+00, -2.38759303e+00, -1.88397825e+00, -4.23218012e-01,
         1.25136876e+00,  9.73726436e-03, -6.09239340e-01,  1.55387223e-01,
         1.51914191e+00, -2.97085315e-01, -2.20898819e+00,  5.07737219e-01,
         1.38943684e+00,  1.00430357e+00, -4.89919454e-01,  2.25555629e-01,
        -1.75909400e-01,  4.51347917e-01,  1.24283206e+00,  1.50965416e+00,
         6.27011731e-02,  2.80662251e+00,  8.08836371e-02, -1.01280220e-01,
        -5.46527028e-01,  4.62847620e-01, -1.08888340e+00, -5.25848977e-02,
         4.13399029e+00,  1.45745337e+00,  3.10063457e+00, -3.48561645e-01,
         1.78416479e+00,  2.16466999e+00,  1.07578301e+00,  8.67055714e-01,
         1.19169787e-01,  2.71309525e-01,  1.12745237e+00,  5.90396404e-01,
         6.07305861e+00,  4.31600237e+00,  1.87230575e+00, -1.10884890e-01,
         6.54764295e-01,  2.77511239e-01,  6.24958396e-01,  1.92025447e+00,
        -1.24092901e+00, -1.62802219e+00,  2.02013880e-01, -2.54581165e+00,
         1.10685086e+00, -9.05653119e-01,  1.20078981e-01,  7.24985301e-01,
         1.13838625e+00,  2.30605459e+00, -8.36333493e-04, -8.87446046e-01,
        -2.51081753e+00,  7.93615997e-01, -8.60457480e-01, -1.54374850e+00,
        -1.61030579e+00, -2.76448637e-01, -8.27188134e-01, -1.80031621e+00,
        -1.18802190e+00, -2.62169528e+00, -1.90332484e+00, -9.35859442e-01,
        -1.85337126e+00, -1.43353248e+00, -1.06159723e+00, -9.25852120e-01,
        -1.02064753e+00, -1.04009032e+00, -4.52268034e-01, -6.22074425e-01,
        -2.61391950e+00, -6.65726125e-01, -1.24479115e+00, -1.43476820e+00,
         6.09082758e-01,  7.17511177e-01, -1.22957334e-01, -5.14072776e-01,
        -4.37317699e-01, -2.86038350e-02, -1.97559416e-01, -1.48065972e+00,
        -1.27223504e+00, -1.76051348e-01, -9.76430953e-01, -1.58869898e+00,
        -1.31056070e+00, -1.51499450e+00, -9.99529839e-01, -1.54365754e+00,
        -1.54317808e+00, -2.09425855e+00,  1.20216155e+00, -4.64356303e-01,
         6.21704817e-01,  7.84494728e-02, -1.60654926e+00,  1.73404253e+00,
        -9.57430243e-01, -1.67712939e+00,  2.07772279e+00, -1.52202234e-01,
        -8.98080945e-01, -1.01454087e-01,  1.33215755e-01, -1.89711773e+00,
         2.38521710e-01, -5.33916116e-01, -4.57237542e-01, -1.39258420e+00,
        -4.88739014e-01,  2.66042557e-02, -1.27223349e+00, -3.81035119e-01,
        -7.48091280e-01,  3.43978941e-01, -1.28910387e+00, -1.26101065e+00,
        -1.71082044e+00, -2.42664599e+00, -1.92724419e+00, -1.31544971e+00,
        -1.11632383e+00, -2.46428800e+00,  3.30958925e-02,  1.15330613e+00],
       device='cuda:0')
Clean RHS: tensor([[1.05254579]], device='cuda:0')
Split layers:
Nonlinear functions:
   BoundRelu(name=/66, inputs=[/input], perturbed=True)
   BoundRelu(name=/68, inputs=[/input-4], perturbed=True)
   BoundRelu(name=/71, inputs=[/input-12], perturbed=True)
   BoundRelu(name=/73, inputs=[/input-16], perturbed=True)
   BoundRelu(name=/76, inputs=[/input-24], perturbed=True)
   BoundRelu(name=/78, inputs=[/input-28], perturbed=True)
   BoundRelu(name=/80, inputs=[/input-32], perturbed=True)
   BoundRelu(name=/83, inputs=[/input-40], perturbed=True)
   BoundRelu(name=/85, inputs=[/input-44], perturbed=True)
   BoundRelu(name=/87, inputs=[/input-48], perturbed=True)
   BoundRelu(name=/90, inputs=[/input-56], perturbed=True)
   BoundRelu(name=/92, inputs=[/input-60], perturbed=True)
   BoundRelu(name=/94, inputs=[/input-64], perturbed=True)
   BoundRelu(name=/98, inputs=[/input-68], perturbed=True)
   BoundRelu(name=/101, inputs=[/input-72], perturbed=True)
   BoundRelu(name=/input-8/conv_1_relu, inputs=[/input-8/conv_1], perturbed=True)
   BoundRelu(name=/input-8/conv_3_relu, inputs=[/input-8/conv_3], perturbed=True)
   BoundRelu(name=/input-20/conv_1_relu, inputs=[/input-20/conv_1], perturbed=True)
   BoundRelu(name=/input-20/conv_3_relu, inputs=[/input-20/conv_3], perturbed=True)
   BoundRelu(name=/input-36/conv_1_relu, inputs=[/input-36/conv_1], perturbed=True)
   BoundRelu(name=/input-36/conv_3_relu, inputs=[/input-36/conv_3], perturbed=True)
   BoundRelu(name=/input-52/conv_1_relu, inputs=[/input-52/conv_1], perturbed=True)
   BoundRelu(name=/input-52/conv_3_relu, inputs=[/input-52/conv_3], perturbed=True)
   BoundRelu(name=/95/conv_1_relu, inputs=[/95/conv_1], perturbed=True)
   BoundRelu(name=/95/conv_3_relu, inputs=[/95/conv_3], perturbed=True)
Batched CROWN: node BoundConv(name=/input-4, inputs=[/66, /35, /36], perturbed=True), unstable size 39535
Batched CROWN: node BoundConv(name=/input-8/conv_1, inputs=[/68, /input-8/conv_1_w], perturbed=True), unstable size 39661
Batched CROWN: node BoundConv(name=/input-8/conv_3, inputs=[/input-8/add_1_2, /input-8/conv_3_w], perturbed=True), unstable size 18527
Batched CROWN: node BoundConv(name=/input-12, inputs=[/input-8/add_3_4, /37, /38], perturbed=True), unstable size 420845
Batched CROWN: node BoundConv(name=/input-16, inputs=[/71, /39, /40], perturbed=True), unstable size 1568470
Batched CROWN: node BoundConv(name=/input-20/conv_1, inputs=[/73, /input-20/conv_1_w], perturbed=True), unstable size 22717
Batched CROWN: node BoundConv(name=/input-20/conv_3, inputs=[/input-20/add_1_2, /input-20/conv_3_w], perturbed=True), unstable size 11817
Batched CROWN: node BoundConv(name=/input-24, inputs=[/input-20/add_3_4, /41, /42], perturbed=True), unstable size 395342
Batched CROWN: node BoundConv(name=/input-28, inputs=[/76, /43, /44], perturbed=True), unstable size 796001
Batched CROWN: node BoundConv(name=/input-32, inputs=[/78, /45, /46], perturbed=True), unstable size 111205
Batched CROWN: node BoundConv(name=/input-36/conv_1, inputs=[/80, /input-36/conv_1_w], perturbed=True), unstable size 31844
Batched CROWN: node BoundConv(name=/input-36/conv_3, inputs=[/input-36/add_1_2, /input-36/conv_3_w], perturbed=True), unstable size 18898
Batched CROWN: node BoundConv(name=/input-40, inputs=[/input-36/add_3_4, /47, /48], perturbed=True), unstable size 301585
Batched CROWN: node BoundConv(name=/input-44, inputs=[/83, /49, /50], perturbed=True), unstable size 296793
Batched CROWN: node BoundConv(name=/input-48, inputs=[/85, /51, /52], perturbed=True), unstable size 101818
Batched CROWN: node BoundConv(name=/input-52/conv_1, inputs=[/87, /input-52/conv_1_w], perturbed=True), unstable size 4358
Batched CROWN: node BoundConv(name=/input-52/conv_3, inputs=[/input-52/add_1_2, /input-52/conv_3_w], perturbed=True), unstable size 3057
Batched CROWN: node BoundConv(name=/input-56, inputs=[/input-52/add_3_4, /53, /54], perturbed=True), unstable size 85761
Batched CROWN: node BoundConv(name=/input-60, inputs=[/90, /55, /56], perturbed=True), unstable size 93527
Batched CROWN: node BoundConv(name=/input-64, inputs=[/92, /57, /58], perturbed=True), unstable size 92149
Batched CROWN: node BoundConv(name=/95/conv_1, inputs=[/94, /95/conv_1_w], perturbed=True), unstable size 23864
Batched CROWN: node BoundConv(name=/95/conv_3, inputs=[/95/add_1_2, /95/conv_3_w], perturbed=True), unstable size 13048
Batched CROWN: node BoundLinear(name=/input-68, inputs=[/96, /59, /60], perturbed=True), unstable size 4096
Batched CROWN: node BoundLinear(name=/input-72, inputs=[/99, /61, /62], perturbed=True), unstable size 4096
initial crown bounds: tensor([[-28429.41015625]], device='cuda:0')
Number of class (without rhs): 1 ; Worst class: (+ rhs) -28429.41015625
Iteration 1
Adv attack time: 1.5806s
Batch size: 1
Current pickout batch: 1, total pickout batch: 1
Batched CROWN: node BoundConv(name=/input-4, inputs=[/66, /35, /36], perturbed=True), unstable size 39535
Batched CROWN: node BoundConv(name=/input-8/conv_1, inputs=[/68, /input-8/conv_1_w], perturbed=True), unstable size 39661
Batched CROWN: node BoundConv(name=/input-8/conv_3, inputs=[/input-8/add_1_2, /input-8/conv_3_w], perturbed=True), unstable size 18527
Batched CROWN: node BoundConv(name=/input-12, inputs=[/input-8/add_3_4, /37, /38], perturbed=True), unstable size 420844
Batched CROWN: node BoundConv(name=/input-16, inputs=[/71, /39, /40], perturbed=True), unstable size 1568470
Batched CROWN: node BoundConv(name=/input-20/conv_1, inputs=[/73, /input-20/conv_1_w], perturbed=True), unstable size 22717
Batched CROWN: node BoundConv(name=/input-20/conv_3, inputs=[/input-20/add_1_2, /input-20/conv_3_w], perturbed=True), unstable size 11817
Batched CROWN: node BoundConv(name=/input-24, inputs=[/input-20/add_3_4, /41, /42], perturbed=True), unstable size 395341
Batched CROWN: node BoundConv(name=/input-28, inputs=[/76, /43, /44], perturbed=True), unstable size 796003
Batched CROWN: node BoundConv(name=/input-32, inputs=[/78, /45, /46], perturbed=True), unstable size 111208
Batched CROWN: node BoundConv(name=/input-36/conv_1, inputs=[/80, /input-36/conv_1_w], perturbed=True), unstable size 31846
Batched CROWN: node BoundConv(name=/input-36/conv_3, inputs=[/input-36/add_1_2, /input-36/conv_3_w], perturbed=True), unstable size 18898
Batched CROWN: node BoundConv(name=/input-40, inputs=[/input-36/add_3_4, /47, /48], perturbed=True), unstable size 301582
Batched CROWN: node BoundConv(name=/input-44, inputs=[/83, /49, /50], perturbed=True), unstable size 296789
Batched CROWN: node BoundConv(name=/input-48, inputs=[/85, /51, /52], perturbed=True), unstable size 101812
Batched CROWN: node BoundConv(name=/input-52/conv_1, inputs=[/87, /input-52/conv_1_w], perturbed=True), unstable size 4358
Batched CROWN: node BoundConv(name=/input-52/conv_3, inputs=[/input-52/add_1_2, /input-52/conv_3_w], perturbed=True), unstable size 3057
Batched CROWN: node BoundConv(name=/input-56, inputs=[/input-52/add_3_4, /53, /54], perturbed=True), unstable size 85761
Batched CROWN: node BoundConv(name=/input-60, inputs=[/90, /55, /56], perturbed=True), unstable size 93525
Batched CROWN: node BoundConv(name=/input-64, inputs=[/92, /57, /58], perturbed=True), unstable size 92143
Batched CROWN: node BoundConv(name=/95/conv_1, inputs=[/94, /95/conv_1_w], perturbed=True), unstable size 23864
Batched CROWN: node BoundConv(name=/95/conv_3, inputs=[/95/add_1_2, /95/conv_3_w], perturbed=True), unstable size 13048
Batched CROWN: node BoundLinear(name=/input-68, inputs=[/96, /59, /60], perturbed=True), unstable size 4096
Batched CROWN: node BoundLinear(name=/input-72, inputs=[/99, /61, /62], perturbed=True), unstable size 4096
Worst bound: tensor([-28429.50000000], device='cuda:0')
Current (lb-rhs): -28429.5
Total time: 2253.5999  pickout: 0.0004  split: 0.0054  decision: 0.0038  bounding: 2253.5850  clipping: 0.0000  add_domain: 0.0015  rest: 0.0036
Length of domains: 2
3 branch and bound domains visited
Time out!
Result: timeout
Time: 3454.1090445518494
[rank 0] === Checking instance ID 80 ===
[rank 0] >>> Running ID=80 onnx=onnx/vgg16-7.onnx
Configurations:

general:
  device: cuda
  seed: 100
  conv_mode: patches
  deterministic: false
  double_fp: false
  loss_reduction_func: max
  sparse_alpha: true
  sparse_interm: true
  save_adv_example: false
  verify_onnxruntime_output: false
  eval_adv_example: false
  show_adv_example: false
  precompile_jit: false
  prepare_only: false
  complete_verifier: bab
  enable_incomplete_verification: false
  csv_name: instances.csv
  results_file: results/vggnet16_all_p_1/result_80.rank0.txt
  root_path: ../../vnncomp2023_benchmarks/benchmarks/vggnet16
  deterministic_opt: false
  graph_optimizer: 'Customized("custom_graph_optimizer", "maxpool_to_relu")'
  buffer_has_batchdim: false
  save_output: false
  output_file: out.pkl
  return_optimized_model: false
  output_additional_stats: true
  instance_id: 80
  dataset_output_dir: dataset
  min_stable_neurons_ratio_threshold: 0.0
model:
  name: null
  path: null
  onnx_path: /projects/air/dlverifier/vggnet16_all/onnx/vgg16-7.onnx
  onnx_path_prefix: ''
  cache_onnx_conversion: true
  debug_onnx: false
  onnx_quirks: null
  input_shape: null
  onnx_loader: default_onnx_and_vnnlib_loader
  onnx_optimization_flags: []
  onnx_vnnlib_joint_optimization_flags: none
  check_optimized: false
  flatten_final_output: false
  optimize_graph: null
  with_jacobian: false
data:
  start: 0
  end: 10000
  select_instance: null
  num_outputs: 1000
  mean: 0.0
  std: 1.0
  pkl_path: null
  dataset: null
  data_filter_path: null
  data_idx_file: null
specification:
  type: lp
  robustness_type: verified-acc
  norm: .inf
  epsilon: null
  epsilon_min: 0.0
  vnnlib_path: /projects/air/dlverifier/vggnet16_all/vnnlib/n01560419_bulbul_fix_mask_seg0_k50176_eps_0.0002.vnnlib
  vnnlib_path_prefix: ''
  rhs_offset: null
solver:
  batch_size: 1
  auto_enlarge_batch_size: false
  min_batch_size_ratio: 0.1
  use_float64_in_last_iteration: false
  early_stop_patience: 10
  start_save_best: 0.5
  bound_prop_method: forward+backward
  init_bound_prop_method: same
  prune_after_crown: false
  optimize_disjuncts_separately: false
  crown:
    batch_size: 16
    max_crown_size: 1000000000
    relu_option: adaptive
  alpha-crown:
    alpha: true
    lr_alpha: 0.1
    iteration: 100
    share_alphas: false
    lr_decay: 0.98
    full_conv_alpha: true
    max_coeff_mul: .inf
    matmul_share_alphas: false
    disable_optimization: []
    max_time: 1.0
  invprop:
    apply_output_constraints_to: []
    tighten_input_bounds: false
    best_of_oc_and_no_oc: false
    directly_optimize: []
    oc_lr: 0.1
    share_gammas: false
  beta-crown:
    lr_alpha: 0.01
    lr_beta: 0.05
    lr_decay: 0.98
    optimizer: adam
    iteration: 10
    beta: true
    beta_warmup: true
    enable_opt_interm_bounds: false
    all_node_split_LP: false
  forward:
    refine: false
    dynamic: true
    max_dim: 100
    reset_threshold: 1.0
  intermediate_refinement:
    enabled: false
    batch_size: 10
    opt_coeffs: false
    opt_bias: false
    lr: 0.05
    layers: [-1]
    max_domains: 1000
  multi_class:
    label_batch_size: 32
    skip_with_refined_bound: true
  mip:
    unstable_neuron_threshold: 0
    parallel_solvers: null
    solver_threads: 1
    refine_neuron_timeout: 15
    refine_neuron_time_percentage: 0.8
    early_stop: true
    adv_warmup: true
    mip_solver: gurobi
    skip_unsafe: false
    topk_filter: 1.0
    sliding_window: -1
    extra_constraint: false
    refine_neuron_timeout_increasement: 0
    timeout_neuron_percentage: 0.3
    remaining_timeout_threshold: 1
    remove_unstable_neurons: true
    lp_solver: false
bab:
  initial_max_domains: 1
  backing_up_max_domain: null
  max_domains: .inf
  decision_thresh: 0
  timeout: 1200.0
  timeout_scale: 1
  max_iterations: -1
  override_timeout: null
  get_upper_bound: false
  pruning_in_iteration: true
  pruning_in_iteration_ratio: 0.2
  sort_targets: false
  batched_domain_list: true
  optimized_interm: ''
  interm_transfer: true
  recompute_interm: false
  sort_domain_interval: -1
  vanilla_crown: false
  tree_traversal: depth_first
  cut:
    enabled: false
    cuts_path: /tmp/abcrown_cuts
    implication: false
    bab_cut: false
    lp_cut: false
    method: null
    lr: 0.01
    lr_decay: 1.0
    iteration: 100
    bab_iteration: -1
    early_stop_patience: -1
    lr_beta: 0.02
    number_cuts: 50
    topk_cuts_in_filter: 1000
    batch_size_primal: 100
    max_num: 1000000000
    patches_cut: false
    cplex_cuts: false
    cplex_cuts_wait: 0
    cplex_cuts_revpickup: true
    cut_reference_bounds: true
    fix_intermediate_bounds: false
    _tmp_cuts: null
    fixed_cuts: false
    add_implied_cuts: false
    add_input_cuts: false
    biccos:
      enabled: false
      constraint_strengthening: true
      recursively_strengthening: false
      drop_ratio: 0.5
      verified_bonus: 0.3
      max_infer_iter: 20
      heuristic: neuron_influence_score
      save_biccos_cuts: false
      multi_tree_branching:
        enabled: false
        restore_best_tree: false
        keep_n_best_domains: 1
        k_splits: 1
        iterations: 1
  branching:
    method: sb
    candidates: 3
    reduceop: min
    enable_intermediate_bound_opt: false
    branching_input_and_activation: false
    branching_input_and_activation_order: [input, relu]
    branching_input_iterations: 30
    branching_relu_iterations: 50
    gnn_path: ''
    neural_heuristic:
      model_path: ''
    rl:
      experiment: general
      eval: false
      extras: []
      logging:
        color: true
        debug: true
        file: rl-experiment.log
      pnet:
        gH: 64
        tH: 64
        nheads: 64
        nlayers: 64
        useDynamicGraph: true
        bidirectional: false
        GAT: true
      training:
        gamma: 0.99
        lr: 0.001
        batchSize: 8
        loop: 8
        totalEpochs: 10
        updatePolicyFrequency: 10
        updateTargetFrequency: 10
        buffer: buffer.pkl
        preparedBuffer: 'False'
        TestingPreparedBuffer: false
        scriptTraining: false
        policynet: policy-checkpoint.pt
        targetnet: target-checkpoint.pt
        datasetShuffle: true
        targetedData: all
        splitRatio: 0.8
        maxInstances: -1
        trainingMode: full
        reward:
          norm: null
          bonus: 10.0
          penalty: -1.0
      egreedy:
        epsilon: 0.1
        epsilonDecay: 0.1
        minEpsilon: 0.1
        ePath: epsilon.pt
        enabled: true
      expert:
        useExpertUntilEpisode: 0.1
        enabled: true
        learnToImitateExpertEpochs: 10
    nonlinear_split:
      method: shortcut
      branching_point_method: uniform
      num_branches: 2
      filter: false
      filter_beta: false
      filter_clamp: false
      filter_batch_size: 10000
      filter_iterations: 25
      relu_only: false
      loose_tanh_threshold: null
      dynamic_bbps: false
      dynamic_options: [uniform, three_left, three_right]
      branching_point_node: ''
      branching_point_db: []
    input_split:
      enable_clip_domains: false
      split_hint: null
      reorder_bab: false
      enable: true
      enhanced_bound_prop_method: alpha-crown
      enhanced_branching_method: naive
      enhanced_bound_patience: 100000000.0
      attack_patience: 100000000.0
      adv_check: 0
      split_partitions: 2
      sb_margin_weight: 1.0
      sb_sum: false
      sb_primary_spec: null
      bf_backup_thresh: -1
      bf_rhs_offset: 0
      bf_iters: 1000000000.0
      bf_batch_size: 100000
      bf_zero_crossing_score: false
      touch_zero_score: 0
      ibp_enhancement: false
      catch_assertion: false
      compare_with_old_bounds: false
      update_rhs_with_attack: false
      sb_coeff_thresh: 0.001
      sort_index: null
      sort_descending: true
      show_progress: false
      presplit_domains: null
      skip_getting_worst_domain: false
  attack:
    enabled: false
    beam_candidates: 8
    beam_depth: 7
    max_dive_fix_ratio: 0.8
    min_local_free_ratio: 0.2
    mip_start_iteration: 5
    mip_timeout: 30.0
    adv_pool_threshold: null
    refined_mip_attacker: false
    refined_batch_size: null
attack:
  pgd_order: input_bab
  pgd_steps: 100
  pgd_restarts: 30
  pgd_batch_size: 100000000
  pgd_early_stop: true
  pgd_lr_decay: 0.99
  pgd_alpha: auto
  pgd_alpha_scale: false
  pgd_loss_mode: null
  pgd_restart_when_stuck: false
  enable_mip_attack: false
  adv_saver: default_adv_saver
  adv_verifier: default_adv_verifier
  early_stop_condition: default_early_stop_condition
  adv_example_finalizer: default_adv_example_finalizer
  pgd_loss: default_pgd_loss
  cex_path: ./test_cex.txt
  attack_mode: PGD
  attack_tolerance: 0.0
  attack_func: attack_with_general_specs
  gama_lambda: 10.0
  gama_decay: 0.9
  check_clean: true
  input_split:
    pgd_steps: 100
    pgd_restarts: 30
    pgd_alpha: auto
  input_split_enhanced:
    pgd_steps: 200
    pgd_restarts: 500000
    pgd_alpha: auto
  input_split_check_adv:
    enabled: auto
    pgd_steps: 5
    pgd_restarts: 5
    pgd_alpha: auto
    max_num_domains: 10
debug:
  sanity_check: Full+Graph
  view_model: false
  lp_test: null
  rescale_vnnlib_ptb: null
  test_optimized_bounds: false
  test_optimized_bounds_after_n_iterations: 0
  print_verbose_decisions: false

Experiments at Sat Feb 21 17:00:34 2026 on d3233
Internal results will be saved to results/vggnet16_all_p_1/result_80.rank0.txt.

[ZRL] %%%%%%%%%%%%%%%%%%%%%%%%%%%%%%%%%%% idx: 0, vnnlib ID: 0 %%%%%%%%%%%%%%%%%%%%%%%%%%%%%%%%%%%
Using onnx /projects/air/dlverifier/vggnet16_all/onnx/vgg16-7.onnx
Using vnnlib /projects/air/dlverifier/vggnet16_all/vnnlib/n01560419_bulbul_fix_mask_seg0_k50176_eps_0.0002.vnnlib
Precompiled vnnlib file found at /projects/air/dlverifier/vggnet16_all/vnnlib/n01560419_bulbul_fix_mask_seg0_k50176_eps_0.0002.vnnlib.compiled
Loading cached onnx model from /projects/air/dlverifier/vggnet16_all/onnx/vgg16-7.onnx.cached
Cannot read cached onnx file. Regenerating...
Loading onnx /projects/air/dlverifier/vggnet16_all/onnx/vgg16-7.onnx with quirks {}
Finished onnx model loading in 43.2389 seconds
Number of perturbed inputs: 52743
WARNING: prioritizing attack due to too many perturbed pixels on VGG
Setting arguments.Config["attack"]["pgd_order"] to "before"
Setting bound_prop_method to crown
Attack parameters: initialization=uniform, steps=100, restarts=30, alpha=5.000084638595581e-05, initialization=uniform, GAMA=False
Model output of first 5 examples:
 tensor([[-9.94303823e-01,  8.84105563e-01, -1.27743506e+00, -8.73011947e-01,
         -1.31268394e+00, -3.81823368e-02, -7.47964263e-01, -1.64734745e+00,
         -1.54587412e+00, -6.21508718e-01,  3.09077889e-01,  7.45267034e-01,
          3.96626890e-01,  8.75860602e-02,  4.49778110e-01,  7.14499891e-01,
          9.73217189e-02, -9.77716208e-01, -3.78506452e-01,  2.50999480e-01,
         -9.13359821e-02,  9.15504277e-01,  5.62478721e-01, -5.13481200e-01,
          1.03542209e+00, -5.23034036e-01,  9.81022716e-01, -2.28862658e-01,
         -1.00349891e+00,  1.48159608e-01, -1.75211930e+00,  1.03665686e+00,
         -4.27556872e-01, -1.63044798e+00, -1.23263633e+00, -1.51584876e+00,
         -2.77012855e-01, -2.07432294e+00,  9.60505843e-01, -8.20846856e-01,
          1.24430597e+00, -3.30566615e-01,  8.74045640e-02,  1.41169891e-01,
          7.93278098e-01, -3.45190316e-01,  1.25334918e+00,  1.33665428e-01,
         -1.59013915e+00, -4.29955482e-01, -1.63220465e-01, -2.03933692e+00,
          4.42814857e-01,  2.90803701e-01, -6.17801309e-01, -2.99931765e-01,
         -3.07240576e-01, -1.47964621e+00, -3.29671353e-02,  7.44138777e-01,
          2.96157330e-01, -5.01317680e-01, -7.58008242e-01,  5.94624162e-01,
          6.47148132e-01, -3.58208567e-01, -1.09023564e-02, -3.74746680e-01,
         -3.11131001e-01, -7.09165394e-01,  1.30809140e+00,  9.12604749e-01,
          9.71296489e-01,  2.52749968e+00,  1.27285612e+00,  2.41797423e+00,
          7.91015625e-01,  2.67206788e+00,  2.25971174e+00,  1.81023443e+00,
          7.59570360e-01, -1.04994023e+00,  3.73879075e-02, -3.75820905e-01,
         -5.49202979e-01,  2.74831858e-02, -8.86178315e-01,  3.10369581e-01,
         -1.52911544e-01, -1.01441145e+00, -5.46589971e-01, -9.55224037e-01,
          1.10520887e+00, -5.87074935e-01,  8.08587611e-01, -2.80196935e-01,
          9.36977491e-02, -1.42890799e+00,  7.72351846e-02, -8.20926726e-01,
         -1.63105782e-02, -1.41953337e+00, -1.91641176e+00,  4.69848692e-01,
         -6.72331154e-01, -1.77937818e+00, -1.34318972e+00, -1.51371586e+00,
         -1.60253191e+00, -1.76293612e+00, -3.82489741e-01,  3.62812161e+00,
         -3.43486845e-01,  4.70768273e-01,  5.02703965e-01, -1.60478497e+00,
         -5.56283057e-01, -1.46114185e-01, -1.46585560e+00, -1.30373073e+00,
         -1.05213106e+00, -1.75721109e+00, -1.70501912e+00, -2.36697912e+00,
         -1.57486045e+00, -1.67530131e+00,  1.24777973e+00, -3.49743277e-01,
          1.04332650e+00,  8.98391455e-02, -8.42681408e-01, -7.70066381e-01,
          2.14445338e-01,  6.41976073e-02, -2.21900016e-01, -1.77483708e-01,
         -1.25040483e+00, -2.41798073e-01,  3.78988117e-01, -1.19545257e+00,
         -1.63500881e+00,  4.99250054e-01, -3.73546988e-01, -9.07610178e-01,
         -6.73400402e-01, -5.42973220e-01, -2.61461228e-01,  5.55007517e-01,
         -4.11265254e-01, -2.79636860e-01, -2.02112627e+00,  4.56528634e-01,
         -6.36087298e-01,  2.59451896e-01,  1.09462135e-01, -5.65217376e-01,
         -6.63523912e-01, -1.49068072e-01, -7.84163296e-01, -1.16623855e+00,
         -8.46984148e-01, -3.48669648e-01, -9.56394672e-02, -7.23517179e-01,
         -4.11879838e-01, -7.88147688e-01, -7.16663182e-01, -8.37626517e-01,
         -3.75868917e-01, -4.95845586e-01, -4.52628404e-01, -5.57609260e-01,
         -1.75500858e+00, -4.25981969e-01, -6.15638256e-01, -6.93689585e-01,
         -1.61870086e+00, -4.84016806e-01, -3.03649813e-01, -1.42427278e+00,
         -1.61952531e+00, -8.97254348e-02, -6.08793721e-02, -6.45528883e-02,
         -9.67265293e-02, -4.38781857e-01, -1.81161597e-01,  3.03665221e-01,
         -2.28622913e-01, -3.62878680e-01, -1.90265924e-02,  3.06024134e-01,
         -5.56460440e-01, -3.97304505e-01, -6.48236454e-01,  4.40470457e-01,
         -4.12466615e-01, -9.00170565e-01, -1.08893251e+00,  1.98122442e-01,
         -5.17672360e-01, -1.05832946e+00, -1.84896529e-01,  3.14176768e-01,
         -5.84669948e-01, -1.14799273e+00, -1.05482411e+00, -8.78476262e-01,
         -1.14692354e+00, -8.23820293e-01, -1.08283901e+00, -6.26137495e-01,
         -3.27125013e-01, -1.02835083e+00, -6.91829324e-01, -1.00849020e+00,
         -5.42416036e-01, -2.55861312e-01, -9.33448017e-01, -7.25544572e-01,
         -9.25039411e-01,  5.69971912e-02, -5.43081462e-01, -1.01651475e-02,
         -4.96510640e-02, -1.11252379e+00, -1.33056843e+00, -1.09828818e+00,
         -7.62310863e-01,  4.21512783e-01, -6.41074181e-01, -2.87227124e-01,
         -1.21842957e+00, -8.95573676e-01, -7.15945184e-01, -3.56777787e-01,
         -7.42016137e-01, -3.28396618e-01, -1.38409126e+00, -3.17341238e-01,
         -8.64710212e-01, -9.63301599e-01, -3.81685168e-01, -1.52399468e+00,
         -1.21593773e+00, -2.91099310e-01, -1.30235183e+00, -6.92674696e-01,
         -1.24483876e-01, -3.26535076e-01, -3.74854594e-01, -1.35513258e+00,
          2.29552135e-01, -4.35668796e-01,  5.28950810e-01, -1.48828483e+00,
         -9.62359607e-01, -3.51510569e-02,  3.53850812e-01,  5.00765860e-01,
          3.95506650e-01, -3.28727126e-01, -8.84576738e-01, -8.65059435e-01,
         -8.37038457e-01,  3.33000004e-01, -4.08722490e-01, -6.70384884e-01,
         -1.47293699e+00,  1.02975297e+00,  8.50905895e-01,  1.93253577e-01,
          9.73393261e-01,  3.77544314e-01,  6.71735108e-02,  2.95816630e-01,
          2.08797306e-02,  5.59622288e-01,  5.54270819e-02,  1.06578565e+00,
          6.29650295e-01,  1.65577400e+00,  1.66984582e+00,  2.57537699e+00,
          1.94923449e+00,  1.07288671e+00, -7.88642824e-01,  6.94469929e-01,
         -1.95580006e-01, -3.06490391e-01, -6.66498661e-01, -3.94056022e-01,
         -7.83520460e-01,  7.11773813e-01, -9.75622714e-01, -8.93018544e-01,
         -3.25859576e-01, -6.89185083e-01, -3.30036849e-01,  5.22301555e-01,
         -6.13848150e-01,  1.03828347e+00,  8.01321208e-01,  7.15594411e-01,
         -1.39483094e-01, -1.45816755e+00,  2.80830085e-01,  1.25970304e+00,
          1.38566661e+00, -3.01585495e-01,  1.59189379e+00,  1.46279562e+00,
          3.11948836e-01,  1.93510580e+00,  1.68600607e+00,  1.19285846e+00,
          1.02702951e+00, -3.03695321e-01,  2.67205787e+00,  1.82544243e+00,
          1.44964767e+00, -1.44876671e+00, -7.17807233e-01, -9.67839956e-01,
         -9.92843688e-01, -1.58242357e+00, -9.99803007e-01, -2.98572689e-01,
         -1.92788291e+00, -1.96787119e+00,  8.95341560e-02,  7.65466392e-01,
          1.66468525e+00, -8.09937060e-01, -9.23075438e-01,  2.04269677e-01,
         -1.47857130e+00, -5.30193262e-02, -9.86274958e-01, -2.21630144e+00,
         -1.39935482e+00, -1.44847059e+00, -1.66701245e+00, -1.68270206e+00,
         -1.82911158e+00, -1.59222531e+00, -2.23604798e+00, -7.78554022e-01,
         -2.57631350e+00, -1.43432343e+00, -1.24319911e+00, -7.82832503e-01,
         -1.08420026e+00, -8.19945276e-01, -1.13192928e+00, -1.57542264e+00,
          1.02043852e-01,  8.95311125e-03,  1.74066216e-01,  1.93837196e-01,
         -6.41729712e-01,  2.77761132e-01,  1.41801193e-01, -6.15116537e-01,
         -1.19470406e+00, -3.70273620e-01, -4.15447086e-01, -2.49518782e-01,
          1.76980704e-01, -5.13225675e-01, -8.21880810e-03, -9.24902141e-01,
         -5.75688422e-01, -8.82606357e-02, -7.97631443e-02, -1.00393105e+00,
         -2.88780004e-01,  4.69290525e-01, -6.34331107e-02, -9.21368420e-01,
          5.91749132e-01, -5.86292565e-01, -1.16521925e-01,  1.91671535e-01,
         -2.18984678e-01, -6.96670532e-01, -1.24828434e+00, -1.37340224e+00,
         -1.90197301e+00, -1.34517819e-01, -1.13388479e+00, -5.95766068e-01,
         -5.20459771e-01, -2.49865866e+00, -1.42018569e+00,  4.56390500e-01,
         -2.19580603e+00, -1.46133542e+00,  1.37563214e-01,  1.11425006e+00,
         -5.31353831e-01, -5.88147223e-01,  7.17482567e-01, -5.54377675e-01,
          7.03386068e-02,  1.34042740e+00, -6.04026675e-01, -7.88836539e-01,
         -2.23363066e+00,  2.99473786e+00, -1.23523009e+00,  8.13874900e-01,
          6.20918155e-01,  1.03228509e+00,  2.71838129e-01, -2.41517591e+00,
          1.52128518e+00,  2.64490157e-01,  2.96724319e+00,  1.62249041e+00,
          7.28463888e-01,  5.42341828e-01,  3.12382691e-02, -7.46013463e-01,
         -9.71989870e-01, -3.33860546e-01,  1.91414464e+00, -4.34240073e-01,
         -6.90658391e-01, -2.00422809e-01, -6.39568686e-01, -9.99790281e-02,
          1.06264448e+00, -1.40178099e-01,  1.37183201e+00,  1.70260823e+00,
         -1.39039660e+00,  3.86495292e-01,  1.89851105e+00,  4.21927452e-01,
         -4.51646149e-02,  1.69414663e+00,  2.52659768e-01,  1.56895232e+00,
         -8.06511581e-01, -7.91471601e-01,  3.59490156e+00, -4.05189008e-01,
         -5.46970904e-01, -5.85004270e-01, -1.18677676e+00,  1.39944577e+00,
         -3.59979570e-02,  8.26622546e-01, -1.65768075e+00, -5.52269854e-02,
          2.10311115e-01,  1.07527041e+00, -2.34807476e-01,  2.31150806e-01,
         -1.19702959e+00,  3.72365534e-01,  2.45805836e+00, -1.52040988e-01,
          1.09239781e+00,  1.54556227e+00, -9.00745511e-01, -2.39596558e+00,
         -5.31518459e-01,  1.16932258e-01,  2.00383925e+00, -1.00988615e+00,
         -1.50763977e+00,  1.56639123e+00, -6.25707746e-01,  6.28536791e-02,
         -1.86344731e+00, -3.40181440e-01,  3.66375685e-01, -1.53945184e+00,
          2.02769256e+00,  1.09737349e+00,  7.11217642e-01, -8.00440550e-01,
         -7.48936355e-01,  1.42355657e+00,  5.07792652e-01,  2.31009054e+00,
          4.77335304e-01,  3.54306221e-01,  1.25546491e+00, -4.69094962e-01,
          6.53208077e-01,  1.61009085e+00,  1.44408607e+00,  6.33250654e-01,
          2.03528717e-01,  3.19389671e-01, -3.26541901e-01,  2.77612066e+00,
         -2.29992843e+00,  6.01665139e-01, -1.22998130e+00,  1.09567595e+00,
          4.33344781e-01,  3.37619692e-01, -1.47726357e+00,  1.74419463e+00,
          1.11642313e+00, -3.03938746e+00, -7.57645905e-01, -1.06128085e+00,
          1.26144898e+00, -1.20814722e-02, -6.29020035e-02, -6.16536558e-01,
         -1.07913709e+00,  1.33086336e+00, -4.08726007e-01, -1.05212480e-01,
         -2.07797103e-02,  3.91180187e-01, -1.91813767e+00, -1.46114811e-01,
         -1.77165121e-01, -1.10640180e+00,  6.68052554e-01,  1.96571898e+00,
         -3.79325390e-01, -7.92939007e-01,  2.20406556e+00,  7.43461430e-01,
          3.96649212e-01,  1.78395331e-01,  3.67407107e+00, -1.91157484e+00,
         -1.21541858e+00, -8.90970170e-01, -4.39930171e-01,  1.98503947e+00,
          8.93881559e-01, -8.66052628e-01,  1.58061767e+00, -5.03635406e-01,
         -1.20934987e+00,  1.29551101e+00,  3.83976281e-01, -2.39698052e+00,
          1.13692617e+00,  3.00841022e+00, -2.99492180e-01, -1.34127364e-01,
          9.31424677e-01,  2.59992528e+00,  4.33143318e-01, -1.02481210e+00,
          5.28831196e+00,  1.05980337e+00,  8.76319408e-01,  7.14018822e-01,
         -1.36425042e+00, -5.53872108e-01,  1.62559748e+00,  1.37567139e+00,
         -2.75952406e-02, -7.90232718e-02, -9.92751122e-01,  3.67326498e-01,
          3.76509368e-01, -2.48265505e+00, -3.30902398e-01, -1.01476562e+00,
          1.19011533e+00, -1.84210551e+00,  1.89228222e-01, -1.52876687e+00,
         -1.87945962e+00,  1.03287828e+00,  3.56584847e-01,  6.07175007e-02,
         -5.32639682e-01, -1.22489560e+00, -2.80505991e+00,  7.63231933e-01,
          1.50744450e+00,  1.50754189e+00, -8.33670795e-01,  2.11669326e+00,
          1.80778015e+00,  2.72046715e-01,  1.07680619e+00,  3.60801220e+00,
          1.14095962e+00,  6.06352568e-01,  2.77683496e-01, -1.47861636e+00,
          2.22512364e+00,  3.11695278e-01,  1.50165474e+00,  1.78082764e+00,
          2.65549707e+00,  2.19395742e-01,  1.26916063e+00, -2.12820864e+00,
          1.90699470e+00,  1.90650654e+00,  1.09403908e+00, -4.79121178e-01,
          8.72882783e-01, -1.68436587e+00,  8.09220791e-01,  1.72928348e-01,
         -1.32380855e+00,  1.99415997e-01,  2.24911526e-01,  8.88949633e-01,
          1.80035627e+00,  3.35448474e-01,  2.32976913e+00,  3.60759234e+00,
          2.35964561e+00, -4.32059050e-01,  1.26782703e+00,  2.76269746e+00,
         -5.46690345e-01, -1.54385841e+00,  2.42656827e+00, -8.59260559e-03,
         -1.39271510e+00,  1.58636069e+00, -2.82418996e-01,  9.00641441e-01,
          4.09490204e+00,  8.98895144e-01, -2.25536084e+00,  4.48938042e-01,
          1.72139657e+00, -1.96606547e-01, -8.42433274e-01, -5.96972227e-01,
         -1.19341409e+00,  1.89542860e-01, -9.45081890e-01, -1.96907386e-01,
          2.57415271e+00, -1.80080175e+00, -4.83943760e-01,  1.08810151e+00,
          2.89821219e+00, -1.16412568e+00,  2.38817668e+00,  3.54766989e+00,
         -9.54020917e-01,  4.13098097e-01, -1.34007013e+00,  6.87385738e-01,
         -1.06233966e+00,  1.58144760e+00, -6.57625139e-01, -1.66640896e-02,
         -5.71174473e-02, -2.10923767e+00,  2.24636245e+00, -2.93154120e-01,
          3.14892673e+00, -5.99174023e-01, -7.89823830e-02, -2.88311511e-01,
         -6.86838984e-01,  1.79044294e+00, -5.00231028e-01, -1.36891258e+00,
         -1.06892192e+00,  1.51646590e+00,  6.70557439e-01, -4.25455272e-01,
         -6.66018724e-01,  2.22696424e+00,  1.32337600e-01,  2.57852405e-01,
          1.55006957e+00,  2.09512091e+00,  5.31399846e-01,  1.43076718e+00,
         -5.59789836e-01,  5.03433645e-01,  5.10097265e-01, -2.10829735e+00,
          2.50112176e+00,  2.45900184e-01, -3.55436206e+00, -2.12438345e-01,
          8.96433175e-01,  4.97080296e-01, -1.64440656e+00,  9.68546689e-01,
          1.48084736e+00, -1.61487445e-01, -8.81466150e-01,  8.99234891e-01,
          2.49080420e+00,  1.12715483e+00,  5.79223275e-01, -1.46893132e+00,
          1.02268386e+00, -1.55415583e+00, -7.86439002e-01,  8.69827509e-01,
          1.66127169e+00,  9.82180655e-01,  1.28086403e-01,  1.61349487e+00,
          7.53111899e-01,  1.32241774e+00,  8.62351239e-01, -5.81837595e-01,
         -1.95049271e-01, -2.06045461e+00,  6.59960508e-01, -4.80969213e-02,
          6.65001869e-01,  3.00306141e-01,  1.77158725e+00, -2.61945486e-01,
         -1.39323461e+00,  9.71629024e-01, -4.27928656e-01, -3.96382719e-01,
          9.92151722e-02,  6.39012396e-01, -1.75046360e+00,  2.23027492e+00,
         -5.67098297e-02,  1.70610797e+00, -1.53799558e+00,  8.45290124e-02,
          7.94733390e-02,  2.73665845e-01,  1.75189391e-01, -1.87049472e+00,
         -2.80908942e-01,  2.09876347e+00,  6.35421574e-02,  1.96865767e-01,
          1.88429821e+00,  1.24563372e+00,  6.06167436e-01,  1.37087429e+00,
          1.33508933e+00,  1.22921205e+00,  1.22686975e-01, -1.19236124e+00,
          4.06803429e-01,  3.53245926e+00,  1.87002730e+00, -8.05197179e-01,
         -1.66271508e-01, -9.13175464e-01, -6.70322627e-02,  9.98188794e-01,
          3.32827234e+00,  2.29955316e+00, -1.79863727e+00,  1.68013775e+00,
          1.11115789e+00,  2.55037069e-01,  1.16465497e+00,  1.06789410e+00,
         -1.17699695e+00,  2.20849681e+00, -1.07652605e+00,  2.67213821e+00,
          2.20965552e+00,  9.26213026e-01, -1.06064129e+00, -4.41564918e-01,
          7.57536352e-01,  1.66179943e+00,  1.02314794e+00, -1.14191902e+00,
         -2.71649629e-01,  3.16469163e-01,  3.27377963e+00,  2.05280590e+00,
          2.51771331e+00, -3.68190855e-01,  1.02581102e-02,  3.82253796e-01,
         -1.63871026e+00,  3.59707713e+00, -3.75652909e-01,  5.31256676e-01,
          1.17853999e+00,  2.27839366e-01,  3.77065611e+00,  5.40912271e-01,
          6.57026052e-01, -1.12591267e-01,  1.94857943e+00,  2.93393183e+00,
         -1.11876667e+00, -1.67306316e+00, -4.73528594e-01, -3.86193454e-01,
          1.86904299e+00, -7.36627877e-01, -1.35239586e-01,  8.35304737e-01,
         -1.80185938e+00, -6.11063838e-01,  1.06458509e+00,  2.40839028e+00,
          1.19333613e+00,  1.75242603e+00, -5.04494965e-01,  1.24314404e+00,
          2.91908652e-01, -7.86905944e-01,  2.59985375e+00,  2.08021253e-01,
         -1.50314164e+00, -6.79513395e-01, -5.51350594e-01,  1.69011757e-01,
          7.01887131e-01, -1.11567140e+00,  1.36566532e+00,  1.30822480e+00,
          2.24448419e+00, -1.75459719e+00, -4.45207357e-01,  1.09018779e+00,
         -1.53486836e+00, -7.05628276e-01,  1.14582503e+00, -1.07210088e+00,
         -2.60367692e-01, -1.86884299e-01,  4.15391535e-01, -1.52417377e-01,
          1.49643981e+00, -6.63436890e-01, -5.31895459e-01, -5.30446887e-01,
          3.56214738e+00,  2.46171522e+00,  2.92147136e+00, -1.09843469e+00,
          1.15170181e+00, -3.94499272e-01, -4.28726226e-01,  4.01283741e+00,
          1.32572877e+00, -1.60239434e+00,  1.56408572e+00,  1.64352036e+00,
         -2.73427844e+00, -3.09906363e-01, -2.80264884e-01,  4.52544451e-01,
         -7.25905418e-01,  1.59142733e+00,  2.11394802e-01, -1.05357146e+00,
         -1.50198972e+00, -2.38759303e+00, -1.88397825e+00, -4.23217714e-01,
          1.25136900e+00,  9.73740965e-03, -6.09239042e-01,  1.55387074e-01,
          1.51914215e+00, -2.97085494e-01, -2.20898819e+00,  5.07737219e-01,
          1.38943756e+00,  1.00430381e+00, -4.89919215e-01,  2.25555718e-01,
         -1.75909132e-01,  4.51348454e-01,  1.24283230e+00,  1.50965381e+00,
          6.27012029e-02,  2.80662274e+00,  8.08838084e-02, -1.01280011e-01,
         -5.46527207e-01,  4.62847948e-01, -1.08888340e+00, -5.25848679e-02,
          4.13399029e+00,  1.45745325e+00,  3.10063553e+00, -3.48561883e-01,
          1.78416502e+00,  2.16467023e+00,  1.07578313e+00,  8.67055655e-01,
          1.19169489e-01,  2.71309257e-01,  1.12745225e+00,  5.90396285e-01,
          6.07305908e+00,  4.31600332e+00,  1.87230563e+00, -1.10884964e-01,
          6.54764414e-01,  2.77511358e-01,  6.24958396e-01,  1.92025471e+00,
         -1.24092913e+00, -1.62802243e+00,  2.02013910e-01, -2.54581141e+00,
          1.10685062e+00, -9.05653119e-01,  1.20079055e-01,  7.24985361e-01,
          1.13838625e+00,  2.30605483e+00, -8.36244086e-04, -8.87446105e-01,
         -2.51081753e+00,  7.93615997e-01, -8.60457361e-01, -1.54374826e+00,
         -1.61030602e+00, -2.76448578e-01, -8.27188075e-01, -1.80031621e+00,
         -1.18802202e+00, -2.62169552e+00, -1.90332484e+00, -9.35859501e-01,
         -1.85337150e+00, -1.43353271e+00, -1.06159735e+00, -9.25852239e-01,
         -1.02064776e+00, -1.04009032e+00, -4.52267736e-01, -6.22074604e-01,
         -2.61391997e+00, -6.65726364e-01, -1.24479163e+00, -1.43476844e+00,
          6.09082520e-01,  7.17510939e-01, -1.22957334e-01, -5.14072835e-01,
         -4.37318176e-01, -2.86039431e-02, -1.97559312e-01, -1.48066032e+00,
         -1.27223539e+00, -1.76051661e-01, -9.76430893e-01, -1.58869922e+00,
         -1.31056070e+00, -1.51499450e+00, -9.99529719e-01, -1.54365754e+00,
         -1.54317820e+00, -2.09425879e+00,  1.20216167e+00, -4.64356184e-01,
          6.21704757e-01,  7.84496814e-02, -1.60654914e+00,  1.73404241e+00,
         -9.57430601e-01, -1.67712951e+00,  2.07772279e+00, -1.52202353e-01,
         -8.98081183e-01, -1.01454131e-01,  1.33215815e-01, -1.89711785e+00,
          2.38521621e-01, -5.33916354e-01, -4.57237422e-01, -1.39258432e+00,
         -4.88739312e-01,  2.66041514e-02, -1.27223372e+00, -3.81035000e-01,
         -7.48091519e-01,  3.43978614e-01, -1.28910422e+00, -1.26101077e+00,
         -1.71082056e+00, -2.42664647e+00, -1.92724478e+00, -1.31544995e+00,
         -1.11632383e+00, -2.46428823e+00,  3.30957696e-02,  1.15330648e+00]],
       device='cuda:0')
