instance_id,onnx,vnnlib,timeout,result,lb_minus_rhs,domains_visited,bab_time,all_time,init_unstable,image,tag,segment_index,k,eps,model,is_global,score,bbox,num_changed,num_fixed,total,percent_changed,pattern
6,onnx/vgg16-7.onnx,vnnlib/n01443537_goldfish_global_k1568_eps_0.0001.vnnlib,1200,unsat False,1.8318383693695068,0.0,573.0279188156128,579.169224023819,0.0,n01443537_goldfish,global,-1,1568,0.0001,vgg16-7,True,,,4704,145824,150528,3.125,random
12,onnx/vgg16-7.onnx,vnnlib/n01443537_goldfish_seg0_fixmask_k1568_eps_0.0001.vnnlib,1200,unsat False,1.8330774307250977,0.0,583.5873215198517,588.6523382663727,0.0,n01443537_goldfish,fix_mask,0,1568,0.0001,vgg16-7,False,0.8230918645858765,"[0, 1, 223, 222]",4704,145824,150528,3.125,random
18,onnx/vgg16-7.onnx,vnnlib/n01443537_goldfish_seg0_fixnonmask_k1568_eps_0.0001.vnnlib,1200,unsat False,1.8321853876113887,0.0,579.4655191898346,584.483362197876,0.0,n01443537_goldfish,fix_nonmask,0,1568,0.0001,vgg16-7,False,0.8230918645858765,"[0, 1, 223, 222]",4704,145824,150528,3.125,random
24,onnx/vgg16-7.onnx,vnnlib/n01484850_great_white_shark_global_k1568_eps_0.0001.vnnlib,1200,sat False,-inf,,1.6820125579833984,6.717511415481567,0.0,n01484850_great_white_shark,global,-1,1568,0.0001,vgg16-7,True,,,4704,145824,150528,3.125,random
30,onnx/vgg16-7.onnx,vnnlib/n01484850_great_white_shark_seg0_fixmask_k1568_eps_0.0001.vnnlib,1200,sat False,-inf,,1.7406189441680908,6.98491096496582,0.0,n01484850_great_white_shark,fix_mask,0,1568,0.0001,vgg16-7,False,0.903913676738739,"[0, 0, 223, 223]",4704,145824,150528,3.125,random
36,onnx/vgg16-7.onnx,vnnlib/n01484850_great_white_shark_seg0_fixnonmask_k1568_eps_0.0001.vnnlib,1200,sat False,-inf,,1.2874877452850342,6.459707498550415,0.0,n01484850_great_white_shark,fix_nonmask,0,1568,0.0001,vgg16-7,False,0.903913676738739,"[0, 0, 223, 223]",4704,145824,150528,3.125,random
42,onnx/vgg16-7.onnx,vnnlib/n01491361_tiger_shark_global_k1568_eps_0.0001.vnnlib,1200,unsat False,0.5633188486099243,0.0,601.6587500572205,606.7666845321655,0.0,n01491361_tiger_shark,global,-1,1568,0.0001,vgg16-7,True,,,4704,145824,150528,3.125,random
48,onnx/vgg16-7.onnx,vnnlib/n01491361_tiger_shark_seg0_fixmask_k1568_eps_0.0001.vnnlib,1200,unsat False,0.5647774934768677,0.0,495.4242458343506,500.6145377159119,0.0,n01491361_tiger_shark,fix_mask,0,1568,0.0001,vgg16-7,False,0.9602170586586,"[0, 0, 223, 223]",3693,146835,150528,2.4533641581632653,random
54,onnx/vgg16-7.onnx,vnnlib/n01491361_tiger_shark_seg0_fixnonmask_k1568_eps_0.0001.vnnlib,1200,unsat False,0.5633621215820312,0.0,638.23974609375,643.3086216449738,0.0,n01491361_tiger_shark,fix_nonmask,0,1568,0.0001,vgg16-7,False,0.9602170586586,"[0, 0, 223, 223]",4704,145824,150528,3.125,random
60,onnx/vgg16-7.onnx,vnnlib/n01496331_electric_ray_global_k1568_eps_0.0001.vnnlib,1200,unsat False,0.0924932807683944,0.0,637.2061235904694,642.4873802661896,0.0,n01496331_electric_ray,global,-1,1568,0.0001,vgg16-7,True,,,4704,145824,150528,3.125,random
66,onnx/vgg16-7.onnx,vnnlib/n01496331_electric_ray_seg0_fixmask_k1568_eps_0.0001.vnnlib,1200,unsat False,0.0936664789915084,0.0,598.3625972270966,603.5693447589874,0.0,n01496331_electric_ray,fix_mask,0,1568,0.0001,vgg16-7,False,0.9159132838249208,"[0, 0, 223, 223]",4704,145824,150528,3.125,random
72,onnx/vgg16-7.onnx,vnnlib/n01496331_electric_ray_seg0_fixnonmask_k1568_eps_0.0001.vnnlib,1200,unsat False,0.09256312251091,0.0,641.4167907238007,646.6449856758118,0.0,n01496331_electric_ray,fix_nonmask,0,1568,0.0001,vgg16-7,False,0.9159132838249208,"[0, 0, 223, 223]",4704,145824,150528,3.125,random
78,onnx/vgg16-7.onnx,vnnlib/n01514668_cock_global_k1568_eps_0.0001.vnnlib,1200,sat False,-inf,,1.7481260299682615,7.000754833221436,0.0,n01514668_cock,global,-1,1568,0.0001,vgg16-7,True,,,4704,145824,150528,3.125,random
84,onnx/vgg16-7.onnx,vnnlib/n01514668_cock_seg0_fixmask_k1568_eps_0.0001.vnnlib,1200,sat False,-inf,,2.074924230575561,7.265196561813354,0.0,n01514668_cock,fix_mask,0,1568,0.0001,vgg16-7,False,0.9203580617904664,"[0, 0, 223, 223]",4704,145824,150528,3.125,random
90,onnx/vgg16-7.onnx,vnnlib/n01514668_cock_seg0_fixnonmask_k1568_eps_0.0001.vnnlib,1200,sat False,-inf,,1.2544667720794678,6.520087003707886,0.0,n01514668_cock,fix_nonmask,0,1568,0.0001,vgg16-7,False,0.9203580617904664,"[0, 0, 223, 223]",4704,145824,150528,3.125,random
96,onnx/vgg16-7.onnx,vnnlib/n01514859_hen_global_k1568_eps_0.0001.vnnlib,1200,sat False,-inf,,1.738327980041504,6.842462062835693,0.0,n01514859_hen,global,-1,1568,0.0001,vgg16-7,True,,,4704,145824,150528,3.125,random
102,onnx/vgg16-7.onnx,vnnlib/n01514859_hen_seg0_fixmask_k1568_eps_0.0001.vnnlib,1200,sat False,-inf,,1.906538009643555,6.9116504192352295,0.0,n01514859_hen,fix_mask,0,1568,0.0001,vgg16-7,False,0.7729083895683289,"[0, 0, 223, 223]",4704,145824,150528,3.125,random
108,onnx/vgg16-7.onnx,vnnlib/n01514859_hen_seg0_fixnonmask_k1568_eps_0.0001.vnnlib,1200,sat False,-inf,,1.4505677223205566,6.655939817428589,0.0,n01514859_hen,fix_nonmask,0,1568,0.0001,vgg16-7,False,0.7729083895683289,"[0, 0, 223, 223]",4704,145824,150528,3.125,random
114,onnx/vgg16-7.onnx,vnnlib/n01518878_ostrich_global_k1568_eps_0.0001.vnnlib,1200,sat False,-inf,,2.791776895523072,8.001070261001587,0.0,n01518878_ostrich,global,-1,1568,0.0001,vgg16-7,True,,,4704,145824,150528,3.125,random
120,onnx/vgg16-7.onnx,vnnlib/n01518878_ostrich_seg0_fixmask_k1568_eps_0.0001.vnnlib,1200,sat False,-inf,,1.810232162475586,7.003755807876587,0.0,n01518878_ostrich,fix_mask,0,1568,0.0001,vgg16-7,False,0.9037340879440308,"[0, 0, 223, 222]",4704,145824,150528,3.125,random
126,onnx/vgg16-7.onnx,vnnlib/n01518878_ostrich_seg0_fixnonmask_k1568_eps_0.0001.vnnlib,1200,sat False,-inf,,1.2871761322021484,6.444829940795898,0.0,n01518878_ostrich,fix_nonmask,0,1568,0.0001,vgg16-7,False,0.9037340879440308,"[0, 0, 223, 222]",4704,145824,150528,3.125,random
132,onnx/vgg16-7.onnx,vnnlib/n01530575_brambling_global_k1568_eps_0.0001.vnnlib,1200,sat False,-inf,,1.804393529891968,7.106373310089111,0.0,n01530575_brambling,global,-1,1568,0.0001,vgg16-7,True,,,4704,145824,150528,3.125,random
138,onnx/vgg16-7.onnx,vnnlib/n01530575_brambling_seg0_fixmask_k1568_eps_0.0001.vnnlib,1200,sat False,-inf,,1.7239816188812256,6.94473934173584,0.0,n01530575_brambling,fix_mask,0,1568,0.0001,vgg16-7,False,0.811788022518158,"[0, 0, 223, 223]",4704,145824,150528,3.125,random
144,onnx/vgg16-7.onnx,vnnlib/n01530575_brambling_seg0_fixnonmask_k1568_eps_0.0001.vnnlib,1200,sat False,-inf,,1.726876735687256,6.900540113449097,0.0,n01530575_brambling,fix_nonmask,0,1568,0.0001,vgg16-7,False,0.811788022518158,"[0, 0, 223, 223]",4704,145824,150528,3.125,random
3,onnx/vgg16-7.onnx,vnnlib/n01443537_goldfish_global_k12544_eps_0.0001.vnnlib,1200,unsat False,1.815691351890564,0.0,683.1038513183594,695.6067080497742,0.0,n01443537_goldfish,global,-1,12544,0.0001,vgg16-7,True,,,37632,112896,150528,25.0,random
9,onnx/vgg16-7.onnx,vnnlib/n01443537_goldfish_seg0_fixmask_k12544_eps_0.0001.vnnlib,1200,unsat False,1.8305037021636963,0.0,612.0742273330688,619.6856639385223,0.0,n01443537_goldfish,fix_mask,0,12544,0.0001,vgg16-7,False,0.8230918645858765,"[0, 1, 223, 222]",28149,122379,150528,18.70017538265306,random
15,onnx/vgg16-7.onnx,vnnlib/n01443537_goldfish_seg0_fixnonmask_k12544_eps_0.0001.vnnlib,1200,unsat False,1.8206899166107176,0.0,665.1900978088379,677.7817070484161,0.0,n01443537_goldfish,fix_nonmask,0,12544,0.0001,vgg16-7,False,0.8230918645858765,"[0, 1, 223, 222]",37632,112896,150528,25.0,random
21,onnx/vgg16-7.onnx,vnnlib/n01484850_great_white_shark_global_k12544_eps_0.0001.vnnlib,1200,sat True,,,,5.524754524230957,0.0,n01484850_great_white_shark,global,-1,12544,0.0001,vgg16-7,True,,,37632,112896,150528,25.0,random
27,onnx/vgg16-7.onnx,vnnlib/n01484850_great_white_shark_seg0_fixmask_k12544_eps_0.0001.vnnlib,1200,sat False,-inf,,1.6773786544799805,6.754077911376953,0.0,n01484850_great_white_shark,fix_mask,0,12544,0.0001,vgg16-7,False,0.903913676738739,"[0, 0, 223, 223]",14712,135816,150528,9.77359693877551,random
33,onnx/vgg16-7.onnx,vnnlib/n01484850_great_white_shark_seg0_fixnonmask_k12544_eps_0.0001.vnnlib,1200,sat True,,,,7.500551223754883,0.0,n01484850_great_white_shark,fix_nonmask,0,12544,0.0001,vgg16-7,False,0.903913676738739,"[0, 0, 223, 223]",37632,112896,150528,25.0,random
39,onnx/vgg16-7.onnx,vnnlib/n01491361_tiger_shark_global_k12544_eps_0.0001.vnnlib,1200,unsat False,0.5387461185455322,0.0,688.2320783138275,701.4362599849701,0.0,n01491361_tiger_shark,global,-1,12544,0.0001,vgg16-7,True,,,37632,112896,150528,25.0,random
45,onnx/vgg16-7.onnx,vnnlib/n01491361_tiger_shark_seg0_fixmask_k12544_eps_0.0001.vnnlib,1200,unsat False,0.5644792318344116,0.0,545.4099979400635,550.5693325996399,0.0,n01491361_tiger_shark,fix_mask,0,12544,0.0001,vgg16-7,False,0.9602170586586,"[0, 0, 223, 223]",3693,146835,150528,2.4533641581632653,random
51,onnx/vgg16-7.onnx,vnnlib/n01491361_tiger_shark_seg0_fixnonmask_k12544_eps_0.0001.vnnlib,1200,unsat False,0.5401151180267334,0.0,738.1009969711304,751.1394138336182,0.0,n01491361_tiger_shark,fix_nonmask,0,12544,0.0001,vgg16-7,False,0.9602170586586,"[0, 0, 223, 223]",37632,112896,150528,25.0,random
57,onnx/vgg16-7.onnx,vnnlib/n01496331_electric_ray_global_k12544_eps_0.0001.vnnlib,1200,unsat False,0.078924223780632,0.0,745.8106977939606,758.7397773265839,0.0,n01496331_electric_ray,global,-1,12544,0.0001,vgg16-7,True,,,37632,112896,150528,25.0,random
63,onnx/vgg16-7.onnx,vnnlib/n01496331_electric_ray_seg0_fixmask_k12544_eps_0.0001.vnnlib,1200,unsat False,0.093247503042221,0.0,641.485059261322,646.7089467048645,0.0,n01496331_electric_ray,fix_mask,0,12544,0.0001,vgg16-7,False,0.9159132838249208,"[0, 0, 223, 223]",9612,140916,150528,6.385522959183674,random
69,onnx/vgg16-7.onnx,vnnlib/n01496331_electric_ray_seg0_fixnonmask_k12544_eps_0.0001.vnnlib,1200,unsat False,0.0798510462045669,0.0,743.0266170501709,756.0495431423187,0.0,n01496331_electric_ray,fix_nonmask,0,12544,0.0001,vgg16-7,False,0.9159132838249208,"[0, 0, 223, 223]",37632,112896,150528,25.0,random
75,onnx/vgg16-7.onnx,vnnlib/n01514668_cock_global_k12544_eps_0.0001.vnnlib,1200,sat True,,,,5.396038293838501,0.0,n01514668_cock,global,-1,12544,0.0001,vgg16-7,True,,,37632,112896,150528,25.0,random
81,onnx/vgg16-7.onnx,vnnlib/n01514668_cock_seg0_fixmask_k12544_eps_0.0001.vnnlib,1200,sat False,-inf,,1.062882900238037,6.225748300552368,0.0,n01514668_cock,fix_mask,0,12544,0.0001,vgg16-7,False,0.9203580617904664,"[0, 0, 223, 223]",8310,142218,150528,5.520567602040816,random
87,onnx/vgg16-7.onnx,vnnlib/n01514668_cock_seg0_fixnonmask_k12544_eps_0.0001.vnnlib,1200,sat True,,,,5.474581241607666,0.0,n01514668_cock,fix_nonmask,0,12544,0.0001,vgg16-7,False,0.9203580617904664,"[0, 0, 223, 223]",37632,112896,150528,25.0,random
93,onnx/vgg16-7.onnx,vnnlib/n01514859_hen_global_k12544_eps_0.0001.vnnlib,1200,sat True,,,,7.864014387130737,0.0,n01514859_hen,global,-1,12544,0.0001,vgg16-7,True,,,37632,112896,150528,25.0,random
99,onnx/vgg16-7.onnx,vnnlib/n01514859_hen_seg0_fixmask_k12544_eps_0.0001.vnnlib,1200,sat True,,,,5.488534688949585,0.0,n01514859_hen,fix_mask,0,12544,0.0001,vgg16-7,False,0.7729083895683289,"[0, 0, 223, 223]",37632,112896,150528,25.0,random
105,onnx/vgg16-7.onnx,vnnlib/n01514859_hen_seg0_fixnonmask_k12544_eps_0.0001.vnnlib,1200,sat True,,,,5.532488822937012,0.0,n01514859_hen,fix_nonmask,0,12544,0.0001,vgg16-7,False,0.7729083895683289,"[0, 0, 223, 223]",37632,112896,150528,25.0,random
111,onnx/vgg16-7.onnx,vnnlib/n01518878_ostrich_global_k12544_eps_0.0001.vnnlib,1200,sat True,,,,5.537481307983398,0.0,n01518878_ostrich,global,-1,12544,0.0001,vgg16-7,True,,,37632,112896,150528,25.0,random
117,onnx/vgg16-7.onnx,vnnlib/n01518878_ostrich_seg0_fixmask_k12544_eps_0.0001.vnnlib,1200,sat False,-inf,,1.477886199951172,6.626713752746582,0.0,n01518878_ostrich,fix_mask,0,12544,0.0001,vgg16-7,False,0.9037340879440308,"[0, 0, 223, 222]",25761,124767,150528,17.113759566326532,random
123,onnx/vgg16-7.onnx,vnnlib/n01518878_ostrich_seg0_fixnonmask_k12544_eps_0.0001.vnnlib,1200,sat True,,,,5.483930349349976,0.0,n01518878_ostrich,fix_nonmask,0,12544,0.0001,vgg16-7,False,0.9037340879440308,"[0, 0, 223, 222]",37632,112896,150528,25.0,random
129,onnx/vgg16-7.onnx,vnnlib/n01530575_brambling_global_k12544_eps_0.0001.vnnlib,1200,sat True,,,,5.327740430831909,0.0,n01530575_brambling,global,-1,12544,0.0001,vgg16-7,True,,,37632,112896,150528,25.0,random
135,onnx/vgg16-7.onnx,vnnlib/n01530575_brambling_seg0_fixmask_k12544_eps_0.0001.vnnlib,1200,sat False,-inf,,1.6053013801574707,6.874038934707642,0.0,n01530575_brambling,fix_mask,0,12544,0.0001,vgg16-7,False,0.811788022518158,"[0, 0, 223, 223]",16947,133581,150528,11.258370535714286,random
141,onnx/vgg16-7.onnx,vnnlib/n01530575_brambling_seg0_fixnonmask_k12544_eps_0.0001.vnnlib,1200,sat True,,,,5.509783506393433,0.0,n01530575_brambling,fix_nonmask,0,12544,0.0001,vgg16-7,False,0.811788022518158,"[0, 0, 223, 223]",37632,112896,150528,25.0,random
5,onnx/vgg16-7.onnx,vnnlib/n01443537_goldfish_global_k3136_eps_0.0001.vnnlib,1200,unsat False,1.8301323652267456,0.0,616.5604863166809,621.7246763706207,0.0,n01443537_goldfish,global,-1,3136,0.0001,vgg16-7,True,,,9408,141120,150528,6.25,random
11,onnx/vgg16-7.onnx,vnnlib/n01443537_goldfish_seg0_fixmask_k3136_eps_0.0001.vnnlib,1200,unsat False,1.8327114582061768,0.0,586.9017376899719,592.1113560199738,0.0,n01443537_goldfish,fix_mask,0,3136,0.0001,vgg16-7,False,0.8230918645858765,"[0, 1, 223, 222]",9408,141120,150528,6.25,random
17,onnx/vgg16-7.onnx,vnnlib/n01443537_goldfish_seg0_fixnonmask_k3136_eps_0.0001.vnnlib,1200,unsat False,1.8309173583984373,0.0,596.4097142219543,601.578864812851,0.0,n01443537_goldfish,fix_nonmask,0,3136,0.0001,vgg16-7,False,0.8230918645858765,"[0, 1, 223, 222]",9408,141120,150528,6.25,random
23,onnx/vgg16-7.onnx,vnnlib/n01484850_great_white_shark_global_k3136_eps_0.0001.vnnlib,1200,sat False,-inf,,1.7523062229156494,6.837556600570679,0.0,n01484850_great_white_shark,global,-1,3136,0.0001,vgg16-7,True,,,9408,141120,150528,6.25,random
29,onnx/vgg16-7.onnx,vnnlib/n01484850_great_white_shark_seg0_fixmask_k3136_eps_0.0001.vnnlib,1200,sat False,-inf,,1.746678352355957,6.793469667434692,0.0,n01484850_great_white_shark,fix_mask,0,3136,0.0001,vgg16-7,False,0.903913676738739,"[0, 0, 223, 223]",9408,141120,150528,6.25,random
35,onnx/vgg16-7.onnx,vnnlib/n01484850_great_white_shark_seg0_fixnonmask_k3136_eps_0.0001.vnnlib,1200,sat False,-inf,,1.396486759185791,6.560077428817749,0.0,n01484850_great_white_shark,fix_nonmask,0,3136,0.0001,vgg16-7,False,0.903913676738739,"[0, 0, 223, 223]",9408,141120,150528,6.25,random
41,onnx/vgg16-7.onnx,vnnlib/n01491361_tiger_shark_global_k3136_eps_0.0001.vnnlib,1200,unsat False,0.5616589188575745,0.0,637.0945451259613,642.0762116909027,0.0,n01491361_tiger_shark,global,-1,3136,0.0001,vgg16-7,True,,,9408,141120,150528,6.25,random
47,onnx/vgg16-7.onnx,vnnlib/n01491361_tiger_shark_seg0_fixmask_k3136_eps_0.0001.vnnlib,1200,unsat False,0.5647112131118774,0.0,513.9443123340607,518.9891333580017,0.0,n01491361_tiger_shark,fix_mask,0,3136,0.0001,vgg16-7,False,0.9602170586586,"[0, 0, 223, 223]",3693,146835,150528,2.4533641581632653,random
53,onnx/vgg16-7.onnx,vnnlib/n01491361_tiger_shark_seg0_fixnonmask_k3136_eps_0.0001.vnnlib,1200,unsat False,0.5617905855178833,0.0,670.6998617649078,675.8946936130524,0.0,n01491361_tiger_shark,fix_nonmask,0,3136,0.0001,vgg16-7,False,0.9602170586586,"[0, 0, 223, 223]",9408,141120,150528,6.25,random
59,onnx/vgg16-7.onnx,vnnlib/n01496331_electric_ray_global_k3136_eps_0.0001.vnnlib,1200,unsat False,0.0910570919513702,0.0,667.6393234729767,672.6444511413574,0.0,n01496331_electric_ray,global,-1,3136,0.0001,vgg16-7,True,,,9408,141120,150528,6.25,random
65,onnx/vgg16-7.onnx,vnnlib/n01496331_electric_ray_seg0_fixmask_k3136_eps_0.0001.vnnlib,1200,unsat False,0.0935975611209869,0.0,594.7891066074371,599.931200504303,0.0,n01496331_electric_ray,fix_mask,0,3136,0.0001,vgg16-7,False,0.9159132838249208,"[0, 0, 223, 223]",9408,141120,150528,6.25,random
71,onnx/vgg16-7.onnx,vnnlib/n01496331_electric_ray_seg0_fixnonmask_k3136_eps_0.0001.vnnlib,1200,unsat False,0.0912112593650817,0.0,664.9469158649445,670.0215322971344,0.0,n01496331_electric_ray,fix_nonmask,0,3136,0.0001,vgg16-7,False,0.9159132838249208,"[0, 0, 223, 223]",9408,141120,150528,6.25,random
77,onnx/vgg16-7.onnx,vnnlib/n01514668_cock_global_k3136_eps_0.0001.vnnlib,1200,sat False,-inf,,1.7092320919036863,6.794767618179321,0.0,n01514668_cock,global,-1,3136,0.0001,vgg16-7,True,,,9408,141120,150528,6.25,random
83,onnx/vgg16-7.onnx,vnnlib/n01514668_cock_seg0_fixmask_k3136_eps_0.0001.vnnlib,1200,sat False,-inf,,1.7421300411224363,6.981032609939575,0.0,n01514668_cock,fix_mask,0,3136,0.0001,vgg16-7,False,0.9203580617904664,"[0, 0, 223, 223]",8310,142218,150528,5.520567602040816,random
89,onnx/vgg16-7.onnx,vnnlib/n01514668_cock_seg0_fixnonmask_k3136_eps_0.0001.vnnlib,1200,sat False,-inf,,2.338395595550537,7.550355911254883,0.0,n01514668_cock,fix_nonmask,0,3136,0.0001,vgg16-7,False,0.9203580617904664,"[0, 0, 223, 223]",9408,141120,150528,6.25,random
95,onnx/vgg16-7.onnx,vnnlib/n01514859_hen_global_k3136_eps_0.0001.vnnlib,1200,sat False,-inf,,1.791337966918945,6.984479904174805,0.0,n01514859_hen,global,-1,3136,0.0001,vgg16-7,True,,,9408,141120,150528,6.25,random
101,onnx/vgg16-7.onnx,vnnlib/n01514859_hen_seg0_fixmask_k3136_eps_0.0001.vnnlib,1200,sat False,-inf,,0.8586831092834473,6.024419069290161,0.0,n01514859_hen,fix_mask,0,3136,0.0001,vgg16-7,False,0.7729083895683289,"[0, 0, 223, 223]",9408,141120,150528,6.25,random
107,onnx/vgg16-7.onnx,vnnlib/n01514859_hen_seg0_fixnonmask_k3136_eps_0.0001.vnnlib,1200,sat False,-inf,,1.4969780445098877,6.784128904342651,0.0,n01514859_hen,fix_nonmask,0,3136,0.0001,vgg16-7,False,0.7729083895683289,"[0, 0, 223, 223]",9408,141120,150528,6.25,random
113,onnx/vgg16-7.onnx,vnnlib/n01518878_ostrich_global_k3136_eps_0.0001.vnnlib,1200,sat False,-inf,,1.7064650058746338,6.847575664520264,0.0,n01518878_ostrich,global,-1,3136,0.0001,vgg16-7,True,,,9408,141120,150528,6.25,random
119,onnx/vgg16-7.onnx,vnnlib/n01518878_ostrich_seg0_fixmask_k3136_eps_0.0001.vnnlib,1200,sat False,-inf,,2.0233912467956543,7.233953475952148,0.0,n01518878_ostrich,fix_mask,0,3136,0.0001,vgg16-7,False,0.9037340879440308,"[0, 0, 223, 222]",9408,141120,150528,6.25,random
125,onnx/vgg16-7.onnx,vnnlib/n01518878_ostrich_seg0_fixnonmask_k3136_eps_0.0001.vnnlib,1200,sat False,-inf,,2.141563653945923,7.375757455825806,0.0,n01518878_ostrich,fix_nonmask,0,3136,0.0001,vgg16-7,False,0.9037340879440308,"[0, 0, 223, 222]",9408,141120,150528,6.25,random
131,onnx/vgg16-7.onnx,vnnlib/n01530575_brambling_global_k3136_eps_0.0001.vnnlib,1200,sat False,-inf,,2.01349139213562,7.257054328918457,0.0,n01530575_brambling,global,-1,3136,0.0001,vgg16-7,True,,,9408,141120,150528,6.25,random
137,onnx/vgg16-7.onnx,vnnlib/n01530575_brambling_seg0_fixmask_k3136_eps_0.0001.vnnlib,1200,sat False,-inf,,1.7385094165802002,6.885532855987549,0.0,n01530575_brambling,fix_mask,0,3136,0.0001,vgg16-7,False,0.811788022518158,"[0, 0, 223, 223]",9408,141120,150528,6.25,random
143,onnx/vgg16-7.onnx,vnnlib/n01530575_brambling_seg0_fixnonmask_k3136_eps_0.0001.vnnlib,1200,sat False,-inf,,1.7381861209869385,6.871163606643677,0.0,n01530575_brambling,fix_nonmask,0,3136,0.0001,vgg16-7,False,0.811788022518158,"[0, 0, 223, 223]",9408,141120,150528,6.25,random
2,onnx/vgg16-7.onnx,vnnlib/n01443537_goldfish_global_k25088_eps_0.0001.vnnlib,1200,unsat False,1.772545337677002,0.0,693.5761139392853,706.9361367225647,0.0,n01443537_goldfish,global,-1,25088,0.0001,vgg16-7,True,,,75264,75264,150528,50.0,random
8,onnx/vgg16-7.onnx,vnnlib/n01443537_goldfish_seg0_fixmask_k25088_eps_0.0001.vnnlib,1200,unsat False,1.827362298965454,0.0,624.3532729148865,638.0305931568146,0.0,n01443537_goldfish,fix_mask,0,25088,0.0001,vgg16-7,False,0.8230918645858765,"[0, 1, 223, 222]",28149,122379,150528,18.70017538265306,random
14,onnx/vgg16-7.onnx,vnnlib/n01443537_goldfish_seg0_fixnonmask_k25088_eps_0.0001.vnnlib,1200,unsat False,1.7963032722473145,0.0,680.4702341556549,693.4899504184723,0.0,n01443537_goldfish,fix_nonmask,0,25088,0.0001,vgg16-7,False,0.8230918645858765,"[0, 1, 223, 222]",75264,75264,150528,50.0,random
20,onnx/vgg16-7.onnx,vnnlib/n01484850_great_white_shark_global_k25088_eps_0.0001.vnnlib,1200,sat True,,,,5.538731575012207,0.0,n01484850_great_white_shark,global,-1,25088,0.0001,vgg16-7,True,,,75264,75264,150528,50.0,random
26,onnx/vgg16-7.onnx,vnnlib/n01484850_great_white_shark_seg0_fixmask_k25088_eps_0.0001.vnnlib,1200,sat False,-inf,,1.6875295639038086,6.815135955810547,0.0,n01484850_great_white_shark,fix_mask,0,25088,0.0001,vgg16-7,False,0.903913676738739,"[0, 0, 223, 223]",14712,135816,150528,9.77359693877551,random
32,onnx/vgg16-7.onnx,vnnlib/n01484850_great_white_shark_seg0_fixnonmask_k25088_eps_0.0001.vnnlib,1200,sat True,,,,5.403491258621216,0.0,n01484850_great_white_shark,fix_nonmask,0,25088,0.0001,vgg16-7,False,0.903913676738739,"[0, 0, 223, 223]",75264,75264,150528,50.0,random
38,onnx/vgg16-7.onnx,vnnlib/n01491361_tiger_shark_global_k25088_eps_0.0001.vnnlib,1200,timeout False,-0.9213818907737732,3.0,2348.2661588191986,2360.98404455185,0.0,n01491361_tiger_shark,global,-1,25088,0.0001,vgg16-7,True,,,75264,75264,150528,50.0,random
44,onnx/vgg16-7.onnx,vnnlib/n01491361_tiger_shark_seg0_fixmask_k25088_eps_0.0001.vnnlib,1200,unsat False,0.5640005469322205,0.0,570.4224734306335,575.4224348068237,0.0,n01491361_tiger_shark,fix_mask,0,25088,0.0001,vgg16-7,False,0.9602170586586,"[0, 0, 223, 223]",3693,146835,150528,2.4533641581632653,random
50,onnx/vgg16-7.onnx,vnnlib/n01491361_tiger_shark_seg0_fixnonmask_k25088_eps_0.0001.vnnlib,1200,timeout False,-0.5574544668197632,3.0,2515.0893819332123,2528.365953922272,0.0,n01491361_tiger_shark,fix_nonmask,0,25088,0.0001,vgg16-7,False,0.9602170586586,"[0, 0, 223, 223]",75264,75264,150528,50.0,random
56,onnx/vgg16-7.onnx,vnnlib/n01496331_electric_ray_global_k25088_eps_0.0001.vnnlib,1200,unsat False,0.0365956127643585,0.0,767.0097026824951,779.9624676704407,0.0,n01496331_electric_ray,global,-1,25088,0.0001,vgg16-7,True,,,75264,75264,150528,50.0,random
62,onnx/vgg16-7.onnx,vnnlib/n01496331_electric_ray_seg0_fixmask_k25088_eps_0.0001.vnnlib,1200,unsat False,0.0926886051893234,0.0,642.2948775291443,647.537971496582,0.0,n01496331_electric_ray,fix_mask,0,25088,0.0001,vgg16-7,False,0.9159132838249208,"[0, 0, 223, 223]",9612,140916,150528,6.385522959183674,random
68,onnx/vgg16-7.onnx,vnnlib/n01496331_electric_ray_seg0_fixnonmask_k25088_eps_0.0001.vnnlib,1200,unsat False,0.042081207036972,0.0,760.8281419277191,773.5982098579407,0.0,n01496331_electric_ray,fix_nonmask,0,25088,0.0001,vgg16-7,False,0.9159132838249208,"[0, 0, 223, 223]",75264,75264,150528,50.0,random
74,onnx/vgg16-7.onnx,vnnlib/n01514668_cock_global_k25088_eps_0.0001.vnnlib,1200,sat True,,,,5.508981227874756,0.0,n01514668_cock,global,-1,25088,0.0001,vgg16-7,True,,,75264,75264,150528,50.0,random
80,onnx/vgg16-7.onnx,vnnlib/n01514668_cock_seg0_fixmask_k25088_eps_0.0001.vnnlib,1200,sat False,-inf,,1.7186214923858645,6.797613620758057,0.0,n01514668_cock,fix_mask,0,25088,0.0001,vgg16-7,False,0.9203580617904664,"[0, 0, 223, 223]",8310,142218,150528,5.520567602040816,random
86,onnx/vgg16-7.onnx,vnnlib/n01514668_cock_seg0_fixnonmask_k25088_eps_0.0001.vnnlib,1200,sat True,,,,5.574775695800781,0.0,n01514668_cock,fix_nonmask,0,25088,0.0001,vgg16-7,False,0.9203580617904664,"[0, 0, 223, 223]",75264,75264,150528,50.0,random
92,onnx/vgg16-7.onnx,vnnlib/n01514859_hen_global_k25088_eps_0.0001.vnnlib,1200,sat True,,,,5.310466766357422,0.0,n01514859_hen,global,-1,25088,0.0001,vgg16-7,True,,,75264,75264,150528,50.0,random
98,onnx/vgg16-7.onnx,vnnlib/n01514859_hen_seg0_fixmask_k25088_eps_0.0001.vnnlib,1200,sat True,,,,5.505154609680176,0.0,n01514859_hen,fix_mask,0,25088,0.0001,vgg16-7,False,0.7729083895683289,"[0, 0, 223, 223]",54453,96075,150528,36.17466517857143,random
104,onnx/vgg16-7.onnx,vnnlib/n01514859_hen_seg0_fixnonmask_k25088_eps_0.0001.vnnlib,1200,sat True,,,,5.499498605728149,0.0,n01514859_hen,fix_nonmask,0,25088,0.0001,vgg16-7,False,0.7729083895683289,"[0, 0, 223, 223]",75264,75264,150528,50.0,random
110,onnx/vgg16-7.onnx,vnnlib/n01518878_ostrich_global_k25088_eps_0.0001.vnnlib,1200,sat True,,,,5.381586313247681,0.0,n01518878_ostrich,global,-1,25088,0.0001,vgg16-7,True,,,75264,75264,150528,50.0,random
116,onnx/vgg16-7.onnx,vnnlib/n01518878_ostrich_seg0_fixmask_k25088_eps_0.0001.vnnlib,1200,sat True,,,,5.37790846824646,0.0,n01518878_ostrich,fix_mask,0,25088,0.0001,vgg16-7,False,0.9037340879440308,"[0, 0, 223, 222]",25761,124767,150528,17.113759566326532,random
122,onnx/vgg16-7.onnx,vnnlib/n01518878_ostrich_seg0_fixnonmask_k25088_eps_0.0001.vnnlib,1200,sat True,,,,5.618869781494141,0.0,n01518878_ostrich,fix_nonmask,0,25088,0.0001,vgg16-7,False,0.9037340879440308,"[0, 0, 223, 222]",75264,75264,150528,50.0,random
128,onnx/vgg16-7.onnx,vnnlib/n01530575_brambling_global_k25088_eps_0.0001.vnnlib,1200,sat True,,,,5.602414131164551,0.0,n01530575_brambling,global,-1,25088,0.0001,vgg16-7,True,,,75264,75264,150528,50.0,random
134,onnx/vgg16-7.onnx,vnnlib/n01530575_brambling_seg0_fixmask_k25088_eps_0.0001.vnnlib,1200,sat False,-inf,,1.7100350856781006,8.218834400177002,0.0,n01530575_brambling,fix_mask,0,25088,0.0001,vgg16-7,False,0.811788022518158,"[0, 0, 223, 223]",16947,133581,150528,11.258370535714286,random
140,onnx/vgg16-7.onnx,vnnlib/n01530575_brambling_seg0_fixnonmask_k25088_eps_0.0001.vnnlib,1200,sat True,,,,5.59463095664978,0.0,n01530575_brambling,fix_nonmask,0,25088,0.0001,vgg16-7,False,0.811788022518158,"[0, 0, 223, 223]",75264,75264,150528,50.0,random
1,onnx/vgg16-7.onnx,vnnlib/n01443537_goldfish_global_k50176_eps_0.0001.vnnlib,1200,timeout False,-0.4341198801994324,3.0,2339.243937253952,2354.814071655273,0.0,n01443537_goldfish,global,-1,50176,0.0001,vgg16-7,True,,,150528,0,150528,100.0,random
7,onnx/vgg16-7.onnx,vnnlib/n01443537_goldfish_seg0_fixmask_k50176_eps_0.0001.vnnlib,1200,unsat False,1.8189048767089844,0.0,660.304429769516,674.0476970672607,0.0,n01443537_goldfish,fix_mask,0,50176,0.0001,vgg16-7,False,0.8230918645858765,"[0, 1, 223, 222]",28149,122379,150528,18.70017538265306,random
13,onnx/vgg16-7.onnx,vnnlib/n01443537_goldfish_seg0_fixnonmask_k50176_eps_0.0001.vnnlib,1200,unsat False,1.4944889545440674,0.0,734.4480516910553,747.0506720542908,0.0,n01443537_goldfish,fix_nonmask,0,50176,0.0001,vgg16-7,False,0.8230918645858765,"[0, 1, 223, 222]",122379,28149,150528,81.29982461734694,random
19,onnx/vgg16-7.onnx,vnnlib/n01484850_great_white_shark_global_k50176_eps_0.0001.vnnlib,1200,sat True,,,,5.346689224243164,0.0,n01484850_great_white_shark,global,-1,50176,0.0001,vgg16-7,True,,,150528,0,150528,100.0,random
25,onnx/vgg16-7.onnx,vnnlib/n01484850_great_white_shark_seg0_fixmask_k50176_eps_0.0001.vnnlib,1200,sat True,,,,5.437159538269043,0.0,n01484850_great_white_shark,fix_mask,0,50176,0.0001,vgg16-7,False,0.903913676738739,"[0, 0, 223, 223]",14712,135816,150528,9.77359693877551,random
31,onnx/vgg16-7.onnx,vnnlib/n01484850_great_white_shark_seg0_fixnonmask_k50176_eps_0.0001.vnnlib,1200,sat True,,,,5.360863447189331,0.0,n01484850_great_white_shark,fix_nonmask,0,50176,0.0001,vgg16-7,False,0.903913676738739,"[0, 0, 223, 223]",135816,14712,150528,90.22640306122447,random
37,onnx/vgg16-7.onnx,vnnlib/n01491361_tiger_shark_global_k50176_eps_0.0001.vnnlib,1200,timeout False,-805926.75,3.0,4144.68217754364,4157.327424287796,0.0,n01491361_tiger_shark,global,-1,50176,0.0001,vgg16-7,True,,,150528,0,150528,100.0,random
43,onnx/vgg16-7.onnx,vnnlib/n01491361_tiger_shark_seg0_fixmask_k50176_eps_0.0001.vnnlib,1200,unsat False,0.5631434917449951,0.0,589.063716173172,594.2265615463257,0.0,n01491361_tiger_shark,fix_mask,0,50176,0.0001,vgg16-7,False,0.9602170586586,"[0, 0, 223, 223]",3693,146835,150528,2.4533641581632653,random
49,onnx/vgg16-7.onnx,vnnlib/n01491361_tiger_shark_seg0_fixnonmask_k50176_eps_0.0001.vnnlib,1200,timeout False,-700393.6875,3.0,4662.09986448288,4678.4971351623535,0.0,n01491361_tiger_shark,fix_nonmask,0,50176,0.0001,vgg16-7,False,0.9602170586586,"[0, 0, 223, 223]",146835,3693,150528,97.54663584183672,random
55,onnx/vgg16-7.onnx,vnnlib/n01496331_electric_ray_global_k50176_eps_0.0001.vnnlib,1200,timeout False,-203.9102325439453,3.0,2865.781301021576,2878.6892437934875,0.0,n01496331_electric_ray,global,-1,50176,0.0001,vgg16-7,True,,,150528,0,150528,100.0,random
61,onnx/vgg16-7.onnx,vnnlib/n01496331_electric_ray_seg0_fixmask_k50176_eps_0.0001.vnnlib,1200,unsat False,0.0915390998125076,0.0,650.6535122394562,655.8935127258301,0.0,n01496331_electric_ray,fix_mask,0,50176,0.0001,vgg16-7,False,0.9159132838249208,"[0, 0, 223, 223]",9612,140916,150528,6.385522959183674,random
67,onnx/vgg16-7.onnx,vnnlib/n01496331_electric_ray_seg0_fixnonmask_k50176_eps_0.0001.vnnlib,1200,timeout False,-127.32884216308594,3.0,2845.113416671753,2858.3406121730804,0.0,n01496331_electric_ray,fix_nonmask,0,50176,0.0001,vgg16-7,False,0.9159132838249208,"[0, 0, 223, 223]",140916,9612,150528,93.61447704081633,random
73,onnx/vgg16-7.onnx,vnnlib/n01514668_cock_global_k50176_eps_0.0001.vnnlib,1200,sat True,,,,5.533604383468628,0.0,n01514668_cock,global,-1,50176,0.0001,vgg16-7,True,,,150528,0,150528,100.0,random
79,onnx/vgg16-7.onnx,vnnlib/n01514668_cock_seg0_fixmask_k50176_eps_0.0001.vnnlib,1200,sat False,-inf,,1.755141258239746,6.992093086242676,0.0,n01514668_cock,fix_mask,0,50176,0.0001,vgg16-7,False,0.9203580617904664,"[0, 0, 223, 223]",8310,142218,150528,5.520567602040816,random
85,onnx/vgg16-7.onnx,vnnlib/n01514668_cock_seg0_fixnonmask_k50176_eps_0.0001.vnnlib,1200,sat True,,,,5.402166604995728,0.0,n01514668_cock,fix_nonmask,0,50176,0.0001,vgg16-7,False,0.9203580617904664,"[0, 0, 223, 223]",142218,8310,150528,94.4794323979592,random
91,onnx/vgg16-7.onnx,vnnlib/n01514859_hen_global_k50176_eps_0.0001.vnnlib,1200,sat True,,,,5.499092817306519,0.0,n01514859_hen,global,-1,50176,0.0001,vgg16-7,True,,,150528,0,150528,100.0,random
97,onnx/vgg16-7.onnx,vnnlib/n01514859_hen_seg0_fixmask_k50176_eps_0.0001.vnnlib,1200,sat True,,,,5.675272703170776,0.0,n01514859_hen,fix_mask,0,50176,0.0001,vgg16-7,False,0.7729083895683289,"[0, 0, 223, 223]",54453,96075,150528,36.17466517857143,random
103,onnx/vgg16-7.onnx,vnnlib/n01514859_hen_seg0_fixnonmask_k50176_eps_0.0001.vnnlib,1200,sat True,,,,5.472803115844727,0.0,n01514859_hen,fix_nonmask,0,50176,0.0001,vgg16-7,False,0.7729083895683289,"[0, 0, 223, 223]",96075,54453,150528,63.82533482142857,random
109,onnx/vgg16-7.onnx,vnnlib/n01518878_ostrich_global_k50176_eps_0.0001.vnnlib,1200,sat True,,,,5.51429009437561,0.0,n01518878_ostrich,global,-1,50176,0.0001,vgg16-7,True,,,150528,0,150528,100.0,random
115,onnx/vgg16-7.onnx,vnnlib/n01518878_ostrich_seg0_fixmask_k50176_eps_0.0001.vnnlib,1200,sat True,,,,5.510357856750488,0.0,n01518878_ostrich,fix_mask,0,50176,0.0001,vgg16-7,False,0.9037340879440308,"[0, 0, 223, 222]",25761,124767,150528,17.113759566326532,random
121,onnx/vgg16-7.onnx,vnnlib/n01518878_ostrich_seg0_fixnonmask_k50176_eps_0.0001.vnnlib,1200,sat True,,,,5.507107257843018,0.0,n01518878_ostrich,fix_nonmask,0,50176,0.0001,vgg16-7,False,0.9037340879440308,"[0, 0, 223, 222]",124767,25761,150528,82.88624043367346,random
127,onnx/vgg16-7.onnx,vnnlib/n01530575_brambling_global_k50176_eps_0.0001.vnnlib,1200,sat True,,,,5.385690212249756,0.0,n01530575_brambling,global,-1,50176,0.0001,vgg16-7,True,,,150528,0,150528,100.0,random
133,onnx/vgg16-7.onnx,vnnlib/n01530575_brambling_seg0_fixmask_k50176_eps_0.0001.vnnlib,1200,sat True,,,,5.37568736076355,0.0,n01530575_brambling,fix_mask,0,50176,0.0001,vgg16-7,False,0.811788022518158,"[0, 0, 223, 223]",16947,133581,150528,11.258370535714286,random
139,onnx/vgg16-7.onnx,vnnlib/n01530575_brambling_seg0_fixnonmask_k50176_eps_0.0001.vnnlib,1200,sat True,,,,5.404690265655518,0.0,n01530575_brambling,fix_nonmask,0,50176,0.0001,vgg16-7,False,0.811788022518158,"[0, 0, 223, 223]",133581,16947,150528,88.74162946428571,random
4,onnx/vgg16-7.onnx,vnnlib/n01443537_goldfish_global_k6272_eps_0.0001.vnnlib,1200,unsat False,1.826240062713623,0.0,641.8298645019531,654.4428906440735,0.0,n01443537_goldfish,global,-1,6272,0.0001,vgg16-7,True,,,18816,131712,150528,12.5,random
10,onnx/vgg16-7.onnx,vnnlib/n01443537_goldfish_seg0_fixmask_k6272_eps_0.0001.vnnlib,1200,unsat False,1.8320603370666504,0.0,578.4628577232361,583.648665189743,0.0,n01443537_goldfish,fix_mask,0,6272,0.0001,vgg16-7,False,0.8230918645858765,"[0, 1, 223, 222]",18816,131712,150528,12.5,random
16,onnx/vgg16-7.onnx,vnnlib/n01443537_goldfish_seg0_fixnonmask_k6272_eps_0.0001.vnnlib,1200,unsat False,1.8280067443847656,0.0,631.8853342533112,644.5929872989655,0.0,n01443537_goldfish,fix_nonmask,0,6272,0.0001,vgg16-7,False,0.8230918645858765,"[0, 1, 223, 222]",18816,131712,150528,12.5,random
22,onnx/vgg16-7.onnx,vnnlib/n01484850_great_white_shark_global_k6272_eps_0.0001.vnnlib,1200,sat True,,,,5.3457982540130615,0.0,n01484850_great_white_shark,global,-1,6272,0.0001,vgg16-7,True,,,18816,131712,150528,12.5,random
28,onnx/vgg16-7.onnx,vnnlib/n01484850_great_white_shark_seg0_fixmask_k6272_eps_0.0001.vnnlib,1200,sat False,-inf,,1.759626388549805,6.959851503372192,0.0,n01484850_great_white_shark,fix_mask,0,6272,0.0001,vgg16-7,False,0.903913676738739,"[0, 0, 223, 223]",14712,135816,150528,9.77359693877551,random
34,onnx/vgg16-7.onnx,vnnlib/n01484850_great_white_shark_seg0_fixnonmask_k6272_eps_0.0001.vnnlib,1200,sat True,,,,5.306325912475586,0.0,n01484850_great_white_shark,fix_nonmask,0,6272,0.0001,vgg16-7,False,0.903913676738739,"[0, 0, 223, 223]",18816,131712,150528,12.5,random
40,onnx/vgg16-7.onnx,vnnlib/n01491361_tiger_shark_global_k6272_eps_0.0001.vnnlib,1200,unsat False,0.5570738315582275,0.0,663.3336718082428,675.9456715583801,0.0,n01491361_tiger_shark,global,-1,6272,0.0001,vgg16-7,True,,,18816,131712,150528,12.5,random
46,onnx/vgg16-7.onnx,vnnlib/n01491361_tiger_shark_seg0_fixmask_k6272_eps_0.0001.vnnlib,1200,unsat False,0.5646010041236877,0.0,542.348685503006,547.8367233276367,0.0,n01491361_tiger_shark,fix_mask,0,6272,0.0001,vgg16-7,False,0.9602170586586,"[0, 0, 223, 223]",3693,146835,150528,2.4533641581632653,random
52,onnx/vgg16-7.onnx,vnnlib/n01491361_tiger_shark_seg0_fixnonmask_k6272_eps_0.0001.vnnlib,1200,unsat False,0.557437539100647,0.0,699.6074259281158,712.7973082065582,0.0,n01491361_tiger_shark,fix_nonmask,0,6272,0.0001,vgg16-7,False,0.9602170586586,"[0, 0, 223, 223]",18816,131712,150528,12.5,random
58,onnx/vgg16-7.onnx,vnnlib/n01496331_electric_ray_global_k6272_eps_0.0001.vnnlib,1200,unsat False,0.0878045409917831,0.0,723.2689809799194,736.3576769828796,0.0,n01496331_electric_ray,global,-1,6272,0.0001,vgg16-7,True,,,18816,131712,150528,12.5,random
64,onnx/vgg16-7.onnx,vnnlib/n01496331_electric_ray_seg0_fixmask_k6272_eps_0.0001.vnnlib,1200,unsat False,0.0934817641973495,0.0,633.0761733055115,638.4476289749146,0.0,n01496331_electric_ray,fix_mask,0,6272,0.0001,vgg16-7,False,0.9159132838249208,"[0, 0, 223, 223]",9612,140916,150528,6.385522959183674,random
70,onnx/vgg16-7.onnx,vnnlib/n01496331_electric_ray_seg0_fixnonmask_k6272_eps_0.0001.vnnlib,1200,unsat False,0.088140994310379,0.0,716.3388049602509,729.5290002822876,0.0,n01496331_electric_ray,fix_nonmask,0,6272,0.0001,vgg16-7,False,0.9159132838249208,"[0, 0, 223, 223]",18816,131712,150528,12.5,random
76,onnx/vgg16-7.onnx,vnnlib/n01514668_cock_global_k6272_eps_0.0001.vnnlib,1200,sat True,,,,5.533917427062988,0.0,n01514668_cock,global,-1,6272,0.0001,vgg16-7,True,,,18816,131712,150528,12.5,random
82,onnx/vgg16-7.onnx,vnnlib/n01514668_cock_seg0_fixmask_k6272_eps_0.0001.vnnlib,1200,sat False,-inf,,1.7242839336395264,6.975114583969116,0.0,n01514668_cock,fix_mask,0,6272,0.0001,vgg16-7,False,0.9203580617904664,"[0, 0, 223, 223]",8310,142218,150528,5.520567602040816,random
88,onnx/vgg16-7.onnx,vnnlib/n01514668_cock_seg0_fixnonmask_k6272_eps_0.0001.vnnlib,1200,sat True,,,,5.722748517990112,0.0,n01514668_cock,fix_nonmask,0,6272,0.0001,vgg16-7,False,0.9203580617904664,"[0, 0, 223, 223]",18816,131712,150528,12.5,random
94,onnx/vgg16-7.onnx,vnnlib/n01514859_hen_global_k6272_eps_0.0001.vnnlib,1200,sat True,,,,5.494465589523315,0.0,n01514859_hen,global,-1,6272,0.0001,vgg16-7,True,,,18816,131712,150528,12.5,random
100,onnx/vgg16-7.onnx,vnnlib/n01514859_hen_seg0_fixmask_k6272_eps_0.0001.vnnlib,1200,sat False,-inf,,1.7211573123931885,6.7323644161224365,0.0,n01514859_hen,fix_mask,0,6272,0.0001,vgg16-7,False,0.7729083895683289,"[0, 0, 223, 223]",18816,131712,150528,12.5,random
106,onnx/vgg16-7.onnx,vnnlib/n01514859_hen_seg0_fixnonmask_k6272_eps_0.0001.vnnlib,1200,sat True,,,,5.49936318397522,0.0,n01514859_hen,fix_nonmask,0,6272,0.0001,vgg16-7,False,0.7729083895683289,"[0, 0, 223, 223]",18816,131712,150528,12.5,random
112,onnx/vgg16-7.onnx,vnnlib/n01518878_ostrich_global_k6272_eps_0.0001.vnnlib,1200,sat True,,,,5.477126836776733,0.0,n01518878_ostrich,global,-1,6272,0.0001,vgg16-7,True,,,18816,131712,150528,12.5,random
118,onnx/vgg16-7.onnx,vnnlib/n01518878_ostrich_seg0_fixmask_k6272_eps_0.0001.vnnlib,1200,sat False,-inf,,0.8710827827453613,5.859720945358276,0.0,n01518878_ostrich,fix_mask,0,6272,0.0001,vgg16-7,False,0.9037340879440308,"[0, 0, 223, 222]",18816,131712,150528,12.5,random
124,onnx/vgg16-7.onnx,vnnlib/n01518878_ostrich_seg0_fixnonmask_k6272_eps_0.0001.vnnlib,1200,sat True,,,,5.491369962692261,0.0,n01518878_ostrich,fix_nonmask,0,6272,0.0001,vgg16-7,False,0.9037340879440308,"[0, 0, 223, 222]",18816,131712,150528,12.5,random
130,onnx/vgg16-7.onnx,vnnlib/n01530575_brambling_global_k6272_eps_0.0001.vnnlib,1200,sat True,,,,5.276431322097778,0.0,n01530575_brambling,global,-1,6272,0.0001,vgg16-7,True,,,18816,131712,150528,12.5,random
136,onnx/vgg16-7.onnx,vnnlib/n01530575_brambling_seg0_fixmask_k6272_eps_0.0001.vnnlib,1200,sat False,-inf,,2.0690715312957764,7.293892383575439,0.0,n01530575_brambling,fix_mask,0,6272,0.0001,vgg16-7,False,0.811788022518158,"[0, 0, 223, 223]",16947,133581,150528,11.258370535714286,random
142,onnx/vgg16-7.onnx,vnnlib/n01530575_brambling_seg0_fixnonmask_k6272_eps_0.0001.vnnlib,1200,sat True,,,,5.349819183349609,0.0,n01530575_brambling,fix_nonmask,0,6272,0.0001,vgg16-7,False,0.811788022518158,"[0, 0, 223, 223]",18816,131712,150528,12.5,random
4,onnx/vgg16-7.onnx,vnnlib/n01742172_boa_constrictor_global_k6272_eps_0.0001.vnnlib,1200,unsat False,0.2583107352256775,0.0,641.2591197490692,655.440657377243,0.0,n01742172_boa_constrictor,global,-1,6272,0.0001,vgg16-7,True,,,18816,131712,150528,12.5,random
10,onnx/vgg16-7.onnx,vnnlib/n01742172_boa_constrictor_seg0_fixmask_k6272_eps_0.0001.vnnlib,1200,unsat False,0.2621092200279236,0.0,557.2029738426208,562.5371749401093,0.0,n01742172_boa_constrictor,fix_mask,0,6272,0.0001,vgg16-7,False,0.875642716884613,"[0, 0, 223, 223]",18816,131712,150528,12.5,random
16,onnx/vgg16-7.onnx,vnnlib/n01742172_boa_constrictor_seg0_fixnonmask_k6272_eps_0.0001.vnnlib,1200,unsat False,0.2593956291675567,0.0,640.5495171546936,654.9104313850403,0.0,n01742172_boa_constrictor,fix_nonmask,0,6272,0.0001,vgg16-7,False,0.875642716884613,"[0, 0, 223, 223]",18816,131712,150528,12.5,random
22,onnx/vgg16-7.onnx,vnnlib/n01744401_rock_python_global_k6272_eps_0.0001.vnnlib,1200,sat True,,,,7.257211923599243,0.0,n01744401_rock_python,global,-1,6272,0.0001,vgg16-7,True,,,18816,131712,150528,12.5,random
28,onnx/vgg16-7.onnx,vnnlib/n01744401_rock_python_seg0_fixmask_k6272_eps_0.0001.vnnlib,1200,sat False,-inf,,2.77610445022583,9.747287511825562,0.0,n01744401_rock_python,fix_mask,0,6272,0.0001,vgg16-7,False,0.7290425300598145,"[0, 0, 223, 223]",18816,131712,150528,12.5,random
34,onnx/vgg16-7.onnx,vnnlib/n01744401_rock_python_seg0_fixnonmask_k6272_eps_0.0001.vnnlib,1200,sat False,-inf,,2.1769323348999023,9.03028392791748,0.0,n01744401_rock_python,fix_nonmask,0,6272,0.0001,vgg16-7,False,0.7290425300598145,"[0, 0, 223, 223]",18816,131712,150528,12.5,random
40,onnx/vgg16-7.onnx,vnnlib/n01748264_Indian_cobra_global_k6272_eps_0.0001.vnnlib,1200,sat True,,,,5.863138437271118,0.0,n01748264_Indian_cobra,global,-1,6272,0.0001,vgg16-7,True,,,18816,131712,150528,12.5,random
46,onnx/vgg16-7.onnx,vnnlib/n01748264_Indian_cobra_seg0_fixmask_k6272_eps_0.0001.vnnlib,1200,sat False,-inf,,0.8939943313598633,6.260589122772217,0.0,n01748264_Indian_cobra,fix_mask,0,6272,0.0001,vgg16-7,False,0.9479506015777588,"[4, 0, 220, 223]",18816,131712,150528,12.5,random
52,onnx/vgg16-7.onnx,vnnlib/n01748264_Indian_cobra_seg0_fixnonmask_k6272_eps_0.0001.vnnlib,1200,sat True,,,,5.951430797576904,0.0,n01748264_Indian_cobra,fix_nonmask,0,6272,0.0001,vgg16-7,False,0.9479506015777588,"[4, 0, 220, 223]",18816,131712,150528,12.5,random
58,onnx/vgg16-7.onnx,vnnlib/n01755581_diamondback_global_k6272_eps_0.0001.vnnlib,1200,unsat False,0.9572674632072448,0.0,663.0764563083649,677.494353055954,0.0,n01755581_diamondback,global,-1,6272,0.0001,vgg16-7,True,,,18816,131712,150528,12.5,random
64,onnx/vgg16-7.onnx,vnnlib/n01755581_diamondback_seg0_fixmask_k6272_eps_0.0001.vnnlib,1200,unsat False,0.9630879759788512,0.0,620.4349327087402,626.0569903850555,0.0,n01755581_diamondback,fix_mask,0,6272,0.0001,vgg16-7,False,0.898859977722168,"[0, 1, 223, 219]",16191,134337,150528,10.756138392857142,random
70,onnx/vgg16-7.onnx,vnnlib/n01755581_diamondback_seg0_fixnonmask_k6272_eps_0.0001.vnnlib,1200,unsat False,0.9580507874488832,0.0,667.6003561019897,680.5513989925385,0.0,n01755581_diamondback,fix_nonmask,0,6272,0.0001,vgg16-7,False,0.898859977722168,"[0, 1, 223, 219]",18816,131712,150528,12.5,random
76,onnx/vgg16-7.onnx,vnnlib/n01756291_sidewinder_global_k6272_eps_0.0001.vnnlib,1200,sat True,,,,5.618943452835083,0.0,n01756291_sidewinder,global,-1,6272,0.0001,vgg16-7,True,,,18816,131712,150528,12.5,random
82,onnx/vgg16-7.onnx,vnnlib/n01756291_sidewinder_seg0_fixmask_k6272_eps_0.0001.vnnlib,1200,sat False,-inf,,1.0128686428070068,6.348851680755615,0.0,n01756291_sidewinder,fix_mask,0,6272,0.0001,vgg16-7,False,0.9129076600074768,"[0, 0, 223, 223]",18816,131712,150528,12.5,random
88,onnx/vgg16-7.onnx,vnnlib/n01756291_sidewinder_seg0_fixnonmask_k6272_eps_0.0001.vnnlib,1200,sat True,,,,5.800173044204712,0.0,n01756291_sidewinder,fix_nonmask,0,6272,0.0001,vgg16-7,False,0.9129076600074768,"[0, 0, 223, 223]",18816,131712,150528,12.5,random
94,onnx/vgg16-7.onnx,vnnlib/n01768244_trilobite_global_k6272_eps_0.0001.vnnlib,1200,sat True,,,,5.802957057952881,0.0,n01768244_trilobite,global,-1,6272,0.0001,vgg16-7,True,,,18816,131712,150528,12.5,random
100,onnx/vgg16-7.onnx,vnnlib/n01768244_trilobite_seg0_fixmask_k6272_eps_0.0001.vnnlib,1200,sat False,-inf,,1.1517882347106934,6.6106767654418945,0.0,n01768244_trilobite,fix_mask,0,6272,0.0001,vgg16-7,False,0.8933569192886353,"[0, 0, 223, 223]",6378,144150,150528,4.237085459183674,random
106,onnx/vgg16-7.onnx,vnnlib/n01768244_trilobite_seg0_fixnonmask_k6272_eps_0.0001.vnnlib,1200,sat True,,,,5.89230751991272,0.0,n01768244_trilobite,fix_nonmask,0,6272,0.0001,vgg16-7,False,0.8933569192886353,"[0, 0, 223, 223]",18816,131712,150528,12.5,random
112,onnx/vgg16-7.onnx,vnnlib/n01770081_harvestman_global_k6272_eps_0.0001.vnnlib,1200,unsat False,2.2827701568603516,0.0,675.6644005775452,688.5098984241486,0.0,n01770081_harvestman,global,-1,6272,0.0001,vgg16-7,True,,,18816,131712,150528,12.5,random
118,onnx/vgg16-7.onnx,vnnlib/n01770081_harvestman_seg0_fixmask_k6272_eps_0.0001.vnnlib,1200,unsat False,2.294978380203247,0.0,620.1675262451172,625.6029920578003,0.0,n01770081_harvestman,fix_mask,0,6272,0.0001,vgg16-7,False,0.8417963981628418,"[0, 0, 223, 222]",17928,132600,150528,11.910076530612244,random
124,onnx/vgg16-7.onnx,vnnlib/n01770081_harvestman_fix_nonmask_seg0_k6272_eps_0.0001.vnnlib,1200,unsat False,2.2831599712371826,0.0,731.2594075202942,748.0247321128845,0.0,n01770081_harvestman,fix_nonmask,0,6272,0.0001,vgg16-7,False,0.8417963981628418,"[0, 0, 223, 222]",18816,131712,150528,12.5,random
1,onnx/vgg16-7.onnx,vnnlib/n01742172_boa_constrictor_global_k50176_eps_0.0001.vnnlib,1200,timeout False,-52.49078750610352,3.0,2526.8753249645233,2576.2641665935516,0.0,n01742172_boa_constrictor,global,-1,50176,0.0001,vgg16-7,True,,,150528,0,150528,100.0,random
7,onnx/vgg16-7.onnx,vnnlib/n01742172_boa_constrictor_seg0_fixmask_k50176_eps_0.0001.vnnlib,1200,unsat False,0.2544156908988952,0.0,659.5274696350098,672.3596248626709,0.0,n01742172_boa_constrictor,fix_mask,0,50176,0.0001,vgg16-7,False,0.875642716884613,"[0, 0, 223, 223]",29853,120675,150528,19.832190688775512,random
13,onnx/vgg16-7.onnx,vnnlib/n01742172_boa_constrictor_seg0_fixnonmask_k50176_eps_0.0001.vnnlib,1200,timeout False,-2.4536077976226807,3.0,2388.650715112686,2401.504204750061,0.0,n01742172_boa_constrictor,fix_nonmask,0,50176,0.0001,vgg16-7,False,0.875642716884613,"[0, 0, 223, 223]",120675,29853,150528,80.16780931122449,random
19,onnx/vgg16-7.onnx,vnnlib/n01744401_rock_python_global_k50176_eps_0.0001.vnnlib,1200,sat True,,,,7.336024522781372,0.0,n01744401_rock_python,global,-1,50176,0.0001,vgg16-7,True,,,150528,0,150528,100.0,random
25,onnx/vgg16-7.onnx,vnnlib/n01744401_rock_python_seg0_fixmask_k50176_eps_0.0001.vnnlib,1200,sat True,,,,7.273264408111572,0.0,n01744401_rock_python,fix_mask,0,50176,0.0001,vgg16-7,False,0.7290425300598145,"[0, 0, 223, 223]",74667,75861,150528,49.603396045918366,random
31,onnx/vgg16-7.onnx,vnnlib/n01744401_rock_python_seg0_fixnonmask_k50176_eps_0.0001.vnnlib,1200,sat True,,,,7.462365388870239,0.0,n01744401_rock_python,fix_nonmask,0,50176,0.0001,vgg16-7,False,0.7290425300598145,"[0, 0, 223, 223]",75861,74667,150528,50.396603954081634,random
37,onnx/vgg16-7.onnx,vnnlib/n01748264_Indian_cobra_global_k50176_eps_0.0001.vnnlib,1200,sat True,,,,7.023875951766968,0.0,n01748264_Indian_cobra,global,-1,50176,0.0001,vgg16-7,True,,,150528,0,150528,100.0,random
43,onnx/vgg16-7.onnx,vnnlib/n01748264_Indian_cobra_seg0_fixmask_k50176_eps_0.0001.vnnlib,1200,sat True,,,,5.730268955230713,0.0,n01748264_Indian_cobra,fix_mask,0,50176,0.0001,vgg16-7,False,0.9479506015777588,"[4, 0, 220, 223]",19236,131292,150528,12.779017857142858,random
49,onnx/vgg16-7.onnx,vnnlib/n01748264_Indian_cobra_seg0_fixnonmask_k50176_eps_0.0001.vnnlib,1200,sat True,,,,5.935701847076416,0.0,n01748264_Indian_cobra,fix_nonmask,0,50176,0.0001,vgg16-7,False,0.9479506015777588,"[4, 0, 220, 223]",131292,19236,150528,87.22098214285714,random
55,onnx/vgg16-7.onnx,vnnlib/n01755581_diamondback_global_k50176_eps_0.0001.vnnlib,1200,timeout False,-4.925873279571533,3.0,2550.398732662201,2563.6775603294373,0.0,n01755581_diamondback,global,-1,50176,0.0001,vgg16-7,True,,,150528,0,150528,100.0,random
61,onnx/vgg16-7.onnx,vnnlib/n01755581_diamondback_seg0_fixmask_k50176_eps_0.0001.vnnlib,1200,unsat False,0.9581313133239746,0.0,649.7407732009888,662.7472040653229,0.0,n01755581_diamondback,fix_mask,0,50176,0.0001,vgg16-7,False,0.898859977722168,"[0, 1, 223, 219]",16191,134337,150528,10.756138392857142,random
67,onnx/vgg16-7.onnx,vnnlib/n01755581_diamondback_seg0_fixnonmask_k50176_eps_0.0001.vnnlib,1200,timeout False,-2.0748980045318604,3.0,2573.4127867221832,2586.4226446151733,0.0,n01755581_diamondback,fix_nonmask,0,50176,0.0001,vgg16-7,False,0.898859977722168,"[0, 1, 223, 219]",134337,16191,150528,89.24386160714286,random
73,onnx/vgg16-7.onnx,vnnlib/n01756291_sidewinder_global_k50176_eps_0.0001.vnnlib,1200,sat True,,,,5.368512153625488,0.0,n01756291_sidewinder,global,-1,50176,0.0001,vgg16-7,True,,,150528,0,150528,100.0,random
79,onnx/vgg16-7.onnx,vnnlib/n01756291_sidewinder_seg0_fixmask_k50176_eps_0.0001.vnnlib,1200,sat True,,,,5.549224615097046,0.0,n01756291_sidewinder,fix_mask,0,50176,0.0001,vgg16-7,False,0.9129076600074768,"[0, 0, 223, 223]",33261,117267,150528,22.096221301020407,random
85,onnx/vgg16-7.onnx,vnnlib/n01756291_sidewinder_seg0_fixnonmask_k50176_eps_0.0001.vnnlib,1200,sat True,,,,5.961362361907959,0.0,n01756291_sidewinder,fix_nonmask,0,50176,0.0001,vgg16-7,False,0.9129076600074768,"[0, 0, 223, 223]",117267,33261,150528,77.9037786989796,random
91,onnx/vgg16-7.onnx,vnnlib/n01768244_trilobite_global_k50176_eps_0.0001.vnnlib,1200,sat True,,,,5.946553945541382,0.0,n01768244_trilobite,global,-1,50176,0.0001,vgg16-7,True,,,150528,0,150528,100.0,random
97,onnx/vgg16-7.onnx,vnnlib/n01768244_trilobite_seg0_fixmask_k50176_eps_0.0001.vnnlib,1200,sat False,-inf,,0.924670934677124,6.465303897857666,0.0,n01768244_trilobite,fix_mask,0,50176,0.0001,vgg16-7,False,0.8933569192886353,"[0, 0, 223, 223]",6378,144150,150528,4.237085459183674,random
103,onnx/vgg16-7.onnx,vnnlib/n01768244_trilobite_seg0_fixnonmask_k50176_eps_0.0001.vnnlib,1200,sat True,,,,5.909056901931763,0.0,n01768244_trilobite,fix_nonmask,0,50176,0.0001,vgg16-7,False,0.8933569192886353,"[0, 0, 223, 223]",144150,6378,150528,95.76291454081633,random
109,onnx/vgg16-7.onnx,vnnlib/n01770081_harvestman_global_k50176_eps_0.0001.vnnlib,1200,timeout False,-4812.29931640625,3.0,3184.6517548561096,3197.8220643997192,0.0,n01770081_harvestman,global,-1,50176,0.0001,vgg16-7,True,,,150528,0,150528,100.0,random
115,onnx/vgg16-7.onnx,vnnlib/n01770081_harvestman_seg0_fixmask_k50176_eps_0.0001.vnnlib,1200,unsat False,2.2795166969299316,0.0,669.1939914226532,682.4117357730865,0.0,n01770081_harvestman,fix_mask,0,50176,0.0001,vgg16-7,False,0.8417963981628418,"[0, 0, 223, 222]",17928,132600,150528,11.910076530612244,random
121,onnx/vgg16-7.onnx,vnnlib/n01770081_harvestman_seg0_fixnonmask_k50176_eps_0.0001.vnnlib,1200,timeout False,-1680.058837890625,3.0,2940.840550661087,2953.84597158432,0.0,n01770081_harvestman,fix_nonmask,0,50176,0.0001,vgg16-7,False,0.8417963981628418,"[0, 0, 223, 222]",132600,17928,150528,88.08992346938776,random
3,onnx/vgg16-7.onnx,vnnlib/n01742172_boa_constrictor_global_k12544_eps_0.0001.vnnlib,1200,unsat False,0.2508986294269562,0.0,669.265058517456,683.0001978874207,0.0,n01742172_boa_constrictor,global,-1,12544,0.0001,vgg16-7,True,,,37632,112896,150528,25.0,random
9,onnx/vgg16-7.onnx,vnnlib/n01742172_boa_constrictor_seg0_fixmask_k12544_eps_0.0001.vnnlib,1200,unsat False,0.2613053917884826,0.0,594.7168736457825,599.9876294136047,0.0,n01742172_boa_constrictor,fix_mask,0,12544,0.0001,vgg16-7,False,0.875642716884613,"[0, 0, 223, 223]",29853,120675,150528,19.832190688775512,random
15,onnx/vgg16-7.onnx,vnnlib/n01742172_boa_constrictor_seg0_fixnonmask_k12544_eps_0.0001.vnnlib,1200,unsat False,0.25421342253685,0.0,659.2761404514313,673.307605266571,0.0,n01742172_boa_constrictor,fix_nonmask,0,12544,0.0001,vgg16-7,False,0.875642716884613,"[0, 0, 223, 223]",37632,112896,150528,25.0,random
21,onnx/vgg16-7.onnx,vnnlib/n01744401_rock_python_global_k12544_eps_0.0001.vnnlib,1200,sat True,,,,7.544726610183716,0.0,n01744401_rock_python,global,-1,12544,0.0001,vgg16-7,True,,,37632,112896,150528,25.0,random
27,onnx/vgg16-7.onnx,vnnlib/n01744401_rock_python_seg0_fixmask_k12544_eps_0.0001.vnnlib,1200,sat True,,,,7.461630821228027,0.0,n01744401_rock_python,fix_mask,0,12544,0.0001,vgg16-7,False,0.7290425300598145,"[0, 0, 223, 223]",37632,112896,150528,25.0,random
33,onnx/vgg16-7.onnx,vnnlib/n01744401_rock_python_seg0_fixnonmask_k12544_eps_0.0001.vnnlib,1200,sat True,,,,7.209345579147339,0.0,n01744401_rock_python,fix_nonmask,0,12544,0.0001,vgg16-7,False,0.7290425300598145,"[0, 0, 223, 223]",37632,112896,150528,25.0,random
39,onnx/vgg16-7.onnx,vnnlib/n01748264_Indian_cobra_global_k12544_eps_0.0001.vnnlib,1200,sat True,,,,5.882014751434326,0.0,n01748264_Indian_cobra,global,-1,12544,0.0001,vgg16-7,True,,,37632,112896,150528,25.0,random
45,onnx/vgg16-7.onnx,vnnlib/n01748264_Indian_cobra_seg0_fixmask_k12544_eps_0.0001.vnnlib,1200,sat False,-inf,,0.8990705013275146,6.34733772277832,0.0,n01748264_Indian_cobra,fix_mask,0,12544,0.0001,vgg16-7,False,0.9479506015777588,"[4, 0, 220, 223]",19236,131292,150528,12.779017857142858,random
51,onnx/vgg16-7.onnx,vnnlib/n01748264_Indian_cobra_seg0_fixnonmask_k12544_eps_0.0001.vnnlib,1200,sat True,,,,5.967006206512451,0.0,n01748264_Indian_cobra,fix_nonmask,0,12544,0.0001,vgg16-7,False,0.9479506015777588,"[4, 0, 220, 223]",37632,112896,150528,25.0,random
57,onnx/vgg16-7.onnx,vnnlib/n01755581_diamondback_global_k12544_eps_0.0001.vnnlib,1200,unsat False,0.947796106338501,0.0,655.2052657604218,668.4455189704895,0.0,n01755581_diamondback,global,-1,12544,0.0001,vgg16-7,True,,,37632,112896,150528,25.0,random
63,onnx/vgg16-7.onnx,vnnlib/n01755581_diamondback_seg0_fixmask_k12544_eps_0.0001.vnnlib,1200,unsat False,0.9624693393707277,0.0,633.0157766342163,638.6770830154419,0.0,n01755581_diamondback,fix_mask,0,12544,0.0001,vgg16-7,False,0.898859977722168,"[0, 1, 223, 219]",16191,134337,150528,10.756138392857142,random
69,onnx/vgg16-7.onnx,vnnlib/n01755581_diamondback_seg0_fixnonmask_k12544_eps_0.0001.vnnlib,1200,unsat False,0.9497805833816528,0.0,662.0606853961945,674.915411233902,0.0,n01755581_diamondback,fix_nonmask,0,12544,0.0001,vgg16-7,False,0.898859977722168,"[0, 1, 223, 219]",37632,112896,150528,25.0,random
75,onnx/vgg16-7.onnx,vnnlib/n01756291_sidewinder_global_k12544_eps_0.0001.vnnlib,1200,sat True,,,,5.565067529678345,0.0,n01756291_sidewinder,global,-1,12544,0.0001,vgg16-7,True,,,37632,112896,150528,25.0,random
81,onnx/vgg16-7.onnx,vnnlib/n01756291_sidewinder_seg0_fixmask_k12544_eps_0.0001.vnnlib,1200,sat False,-inf,,1.1502041816711426,6.455249786376953,0.0,n01756291_sidewinder,fix_mask,0,12544,0.0001,vgg16-7,False,0.9129076600074768,"[0, 0, 223, 223]",33261,117267,150528,22.096221301020407,random
87,onnx/vgg16-7.onnx,vnnlib/n01756291_sidewinder_seg0_fixnonmask_k12544_eps_0.0001.vnnlib,1200,sat True,,,,5.711612224578857,0.0,n01756291_sidewinder,fix_nonmask,0,12544,0.0001,vgg16-7,False,0.9129076600074768,"[0, 0, 223, 223]",37632,112896,150528,25.0,random
93,onnx/vgg16-7.onnx,vnnlib/n01768244_trilobite_global_k12544_eps_0.0001.vnnlib,1200,sat True,,,,6.428919792175293,0.0,n01768244_trilobite,global,-1,12544,0.0001,vgg16-7,True,,,37632,112896,150528,25.0,random
99,onnx/vgg16-7.onnx,vnnlib/n01768244_trilobite_seg0_fixmask_k12544_eps_0.0001.vnnlib,1200,sat False,-inf,,1.5766487121582031,7.186658620834351,0.0,n01768244_trilobite,fix_mask,0,12544,0.0001,vgg16-7,False,0.8933569192886353,"[0, 0, 223, 223]",6378,144150,150528,4.237085459183674,random
105,onnx/vgg16-7.onnx,vnnlib/n01768244_trilobite_seg0_fixnonmask_k12544_eps_0.0001.vnnlib,1200,sat True,,,,5.878978490829468,0.0,n01768244_trilobite,fix_nonmask,0,12544,0.0001,vgg16-7,False,0.8933569192886353,"[0, 0, 223, 223]",37632,112896,150528,25.0,random
111,onnx/vgg16-7.onnx,vnnlib/n01770081_harvestman_global_k12544_eps_0.0001.vnnlib,1200,unsat False,2.2574357986450195,0.0,718.0617425441742,730.9158561229706,0.0,n01770081_harvestman,global,-1,12544,0.0001,vgg16-7,True,,,37632,112896,150528,25.0,random
117,onnx/vgg16-7.onnx,vnnlib/n01770081_harvestman_seg0_fixmask_k12544_eps_0.0001.vnnlib,1200,unsat False,2.293288469314575,0.0,645.2338242530823,650.8573603630066,0.0,n01770081_harvestman,fix_mask,0,12544,0.0001,vgg16-7,False,0.8417963981628418,"[0, 0, 223, 222]",17928,132600,150528,11.910076530612244,random
123,onnx/vgg16-7.onnx,vnnlib/n01770081_harvestman_seg0_fixnonmask_k12544_eps_0.0001.vnnlib,1200,unsat False,2.2655115127563477,0.0,720.345577955246,733.347817659378,0.0,n01770081_harvestman,fix_nonmask,0,12544,0.0001,vgg16-7,False,0.8417963981628418,"[0, 0, 223, 222]",37632,112896,150528,25.0,random
5,onnx/vgg16-7.onnx,vnnlib/n01742172_boa_constrictor_global_k3136_eps_0.0001.vnnlib,1200,unsat False,0.2608111202716827,0.0,614.8038952350616,621.7487905025482,0.0,n01742172_boa_constrictor,global,-1,3136,0.0001,vgg16-7,True,,,9408,141120,150528,6.25,random
11,onnx/vgg16-7.onnx,vnnlib/n01742172_boa_constrictor_seg0_fixmask_k3136_eps_0.0001.vnnlib,1200,unsat False,0.2625572681427002,0.0,561.2177848815918,566.5415651798248,0.0,n01742172_boa_constrictor,fix_mask,0,3136,0.0001,vgg16-7,False,0.875642716884613,"[0, 0, 223, 223]",9408,141120,150528,6.25,random
17,onnx/vgg16-7.onnx,vnnlib/n01742172_boa_constrictor_seg0_fixnonmask_k3136_eps_0.0001.vnnlib,1200,unsat False,0.2612388134002685,0.0,602.5449478626251,609.4276609420776,0.0,n01742172_boa_constrictor,fix_nonmask,0,3136,0.0001,vgg16-7,False,0.875642716884613,"[0, 0, 223, 223]",9408,141120,150528,6.25,random
23,onnx/vgg16-7.onnx,vnnlib/n01744401_rock_python_global_k3136_eps_0.0001.vnnlib,1200,sat False,-inf,,2.342681407928467,9.256011009216309,0.0,n01744401_rock_python,global,-1,3136,0.0001,vgg16-7,True,,,9408,141120,150528,6.25,random
29,onnx/vgg16-7.onnx,vnnlib/n01744401_rock_python_seg0_fixmask_k3136_eps_0.0001.vnnlib,1200,sat False,-inf,,3.692753791809082,10.576900005340576,0.0,n01744401_rock_python,fix_mask,0,3136,0.0001,vgg16-7,False,0.7290425300598145,"[0, 0, 223, 223]",9408,141120,150528,6.25,random
35,onnx/vgg16-7.onnx,vnnlib/n01744401_rock_python_seg0_fixnonmask_k3136_eps_0.0001.vnnlib,1200,sat False,-inf,,3.051109790802002,8.712894201278687,0.0,n01744401_rock_python,fix_nonmask,0,3136,0.0001,vgg16-7,False,0.7290425300598145,"[0, 0, 223, 223]",9408,141120,150528,6.25,random
41,onnx/vgg16-7.onnx,vnnlib/n01748264_Indian_cobra_global_k3136_eps_0.0001.vnnlib,1200,sat False,-inf,,1.5730478763580322,7.189110994338989,0.0,n01748264_Indian_cobra,global,-1,3136,0.0001,vgg16-7,True,,,9408,141120,150528,6.25,random
47,onnx/vgg16-7.onnx,vnnlib/n01748264_Indian_cobra_seg0_fixmask_k3136_eps_0.0001.vnnlib,1200,sat False,-inf,,0.897693395614624,6.414556503295898,0.0,n01748264_Indian_cobra,fix_mask,0,3136,0.0001,vgg16-7,False,0.9479506015777588,"[4, 0, 220, 223]",9408,141120,150528,6.25,random
53,onnx/vgg16-7.onnx,vnnlib/n01748264_Indian_cobra_seg0_fixnonmask_k3136_eps_0.0001.vnnlib,1200,sat False,-inf,,1.4434282779693604,7.061370134353638,0.0,n01748264_Indian_cobra,fix_nonmask,0,3136,0.0001,vgg16-7,False,0.9479506015777588,"[4, 0, 220, 223]",9408,141120,150528,6.25,random
59,onnx/vgg16-7.onnx,vnnlib/n01755581_diamondback_global_k3136_eps_0.0001.vnnlib,1200,unsat False,0.9608085751533508,0.0,658.6391186714172,663.9552764892578,0.0,n01755581_diamondback,global,-1,3136,0.0001,vgg16-7,True,,,9408,141120,150528,6.25,random
65,onnx/vgg16-7.onnx,vnnlib/n01755581_diamondback_seg0_fixmask_k3136_eps_0.0001.vnnlib,1200,unsat False,0.9634126424789428,0.0,586.3055200576782,591.9787392616272,0.0,n01755581_diamondback,fix_mask,0,3136,0.0001,vgg16-7,False,0.898859977722168,"[0, 1, 223, 219]",9408,141120,150528,6.25,random
71,onnx/vgg16-7.onnx,vnnlib/n01755581_diamondback_seg0_fixnonmask_k3136_eps_0.0001.vnnlib,1200,unsat False,0.9611488580703736,0.0,650.5351552963257,655.9448573589325,0.0,n01755581_diamondback,fix_nonmask,0,3136,0.0001,vgg16-7,False,0.898859977722168,"[0, 1, 223, 219]",9408,141120,150528,6.25,random
77,onnx/vgg16-7.onnx,vnnlib/n01756291_sidewinder_global_k3136_eps_0.0001.vnnlib,1200,sat False,-inf,,1.8191094398498535,7.194106340408325,0.0,n01756291_sidewinder,global,-1,3136,0.0001,vgg16-7,True,,,9408,141120,150528,6.25,random
83,onnx/vgg16-7.onnx,vnnlib/n01756291_sidewinder_seg0_fixmask_k3136_eps_0.0001.vnnlib,1200,sat False,-inf,,1.2813720703125,6.881675720214844,0.0,n01756291_sidewinder,fix_mask,0,3136,0.0001,vgg16-7,False,0.9129076600074768,"[0, 0, 223, 223]",9408,141120,150528,6.25,random
89,onnx/vgg16-7.onnx,vnnlib/n01756291_sidewinder_seg0_fixnonmask_k3136_eps_0.0001.vnnlib,1200,sat False,-inf,,2.110423803329468,12.19220757484436,0.0,n01756291_sidewinder,fix_nonmask,0,3136,0.0001,vgg16-7,False,0.9129076600074768,"[0, 0, 223, 223]",9408,141120,150528,6.25,random
95,onnx/vgg16-7.onnx,vnnlib/n01768244_trilobite_global_k3136_eps_0.0001.vnnlib,1200,sat False,-inf,,0.9417648315429688,6.48226261138916,0.0,n01768244_trilobite,global,-1,3136,0.0001,vgg16-7,True,,,9408,141120,150528,6.25,random
101,onnx/vgg16-7.onnx,vnnlib/n01768244_trilobite_seg0_fixmask_k3136_eps_0.0001.vnnlib,1200,sat False,-inf,,1.0138931274414062,6.528189420700073,0.0,n01768244_trilobite,fix_mask,0,3136,0.0001,vgg16-7,False,0.8933569192886353,"[0, 0, 223, 223]",6378,144150,150528,4.237085459183674,random
107,onnx/vgg16-7.onnx,vnnlib/n01768244_trilobite_seg0_fixnonmask_k3136_eps_0.0001.vnnlib,1200,sat False,-inf,,1.7635986804962158,7.20575737953186,0.0,n01768244_trilobite,fix_nonmask,0,3136,0.0001,vgg16-7,False,0.8933569192886353,"[0, 0, 223, 223]",9408,141120,150528,6.25,random
113,onnx/vgg16-7.onnx,vnnlib/n01770081_harvestman_global_k3136_eps_0.0001.vnnlib,1200,unsat False,2.2908148765563965,0.0,682.278254032135,687.517950296402,0.0,n01770081_harvestman,global,-1,3136,0.0001,vgg16-7,True,,,9408,141120,150528,6.25,random
119,onnx/vgg16-7.onnx,vnnlib/n01770081_harvestman_seg0_fixmask_k3136_eps_0.0001.vnnlib,1200,unsat False,2.295931816101074,0.0,616.8619379997253,622.1265006065369,0.0,n01770081_harvestman,fix_mask,0,3136,0.0001,vgg16-7,False,0.8417963981628418,"[0, 0, 223, 222]",9408,141120,150528,6.25,random
125,onnx/vgg16-7.onnx,vnnlib/n01770081_harvestman_fix_nonmask_seg0_k3136_eps_0.0001.vnnlib,1200,unsat False,2.2909789085388184,0.0,714.674113035202,720.0877859592438,0.0,n01770081_harvestman,fix_nonmask,0,3136,0.0001,vgg16-7,False,0.8417963981628418,"[0, 0, 223, 222]",9408,141120,150528,6.25,random
2,onnx/vgg16-7.onnx,vnnlib/n01742172_boa_constrictor_global_k25088_eps_0.0001.vnnlib,1200,unsat False,0.2092263996601104,0.0,706.7796905040741,725.046599149704,0.0,n01742172_boa_constrictor,global,-1,25088,0.0001,vgg16-7,True,,,75264,75264,150528,50.0,random
8,onnx/vgg16-7.onnx,vnnlib/n01742172_boa_constrictor_seg0_fixmask_k25088_eps_0.0001.vnnlib,1200,unsat False,0.2593491375446319,0.0,636.6893737316132,649.6964440345764,0.0,n01742172_boa_constrictor,fix_mask,0,25088,0.0001,vgg16-7,False,0.875642716884613,"[0, 0, 223, 223]",29853,120675,150528,19.832190688775512,random
14,onnx/vgg16-7.onnx,vnnlib/n01742172_boa_constrictor_seg0_fixnonmask_k25088_eps_0.0001.vnnlib,1200,unsat False,0.2323518395423889,0.0,689.9208483695984,702.7333753108978,0.0,n01742172_boa_constrictor,fix_nonmask,0,25088,0.0001,vgg16-7,False,0.875642716884613,"[0, 0, 223, 223]",75264,75264,150528,50.0,random
20,onnx/vgg16-7.onnx,vnnlib/n01744401_rock_python_global_k25088_eps_0.0001.vnnlib,1200,sat True,,,,7.377856254577637,0.0,n01744401_rock_python,global,-1,25088,0.0001,vgg16-7,True,,,75264,75264,150528,50.0,random
26,onnx/vgg16-7.onnx,vnnlib/n01744401_rock_python_seg0_fixmask_k25088_eps_0.0001.vnnlib,1200,sat True,,,,7.288622856140137,0.0,n01744401_rock_python,fix_mask,0,25088,0.0001,vgg16-7,False,0.7290425300598145,"[0, 0, 223, 223]",74667,75861,150528,49.603396045918366,random
32,onnx/vgg16-7.onnx,vnnlib/n01744401_rock_python_seg0_fixnonmask_k25088_eps_0.0001.vnnlib,1200,sat True,,,,7.45585823059082,0.0,n01744401_rock_python,fix_nonmask,0,25088,0.0001,vgg16-7,False,0.7290425300598145,"[0, 0, 223, 223]",75264,75264,150528,50.0,random
38,onnx/vgg16-7.onnx,vnnlib/n01748264_Indian_cobra_global_k25088_eps_0.0001.vnnlib,1200,sat True,,,,5.9827561378479,0.0,n01748264_Indian_cobra,global,-1,25088,0.0001,vgg16-7,True,,,75264,75264,150528,50.0,random
44,onnx/vgg16-7.onnx,vnnlib/n01748264_Indian_cobra_seg0_fixmask_k25088_eps_0.0001.vnnlib,1200,sat False,-inf,,0.985001802444458,6.611421346664429,0.0,n01748264_Indian_cobra,fix_mask,0,25088,0.0001,vgg16-7,False,0.9479506015777588,"[4, 0, 220, 223]",19236,131292,150528,12.779017857142858,random
50,onnx/vgg16-7.onnx,vnnlib/n01748264_Indian_cobra_seg0_fixnonmask_k25088_eps_0.0001.vnnlib,1200,sat True,,,,5.959860324859619,0.0,n01748264_Indian_cobra,fix_nonmask,0,25088,0.0001,vgg16-7,False,0.9479506015777588,"[4, 0, 220, 223]",75264,75264,150528,50.0,random
56,onnx/vgg16-7.onnx,vnnlib/n01755581_diamondback_global_k25088_eps_0.0001.vnnlib,1200,unsat False,0.9075093865394592,0.0,758.2217233181,771.7969098091125,0.0,n01755581_diamondback,global,-1,25088,0.0001,vgg16-7,True,,,75264,75264,150528,50.0,random
62,onnx/vgg16-7.onnx,vnnlib/n01755581_diamondback_seg0_fixmask_k25088_eps_0.0001.vnnlib,1200,unsat False,0.9611482620239258,0.0,641.0867228507996,646.7813677787781,0.0,n01755581_diamondback,fix_mask,0,25088,0.0001,vgg16-7,False,0.898859977722168,"[0, 1, 223, 219]",16191,134337,150528,10.756138392857142,random
68,onnx/vgg16-7.onnx,vnnlib/n01755581_diamondback_seg0_fixnonmask_k25088_eps_0.0001.vnnlib,1200,unsat False,0.9169272780418396,0.0,748.216819524765,760.8012909889221,0.0,n01755581_diamondback,fix_nonmask,0,25088,0.0001,vgg16-7,False,0.898859977722168,"[0, 1, 223, 219]",75264,75264,150528,50.0,random
74,onnx/vgg16-7.onnx,vnnlib/n01756291_sidewinder_global_k25088_eps_0.0001.vnnlib,1200,sat True,,,,5.510619163513184,0.0,n01756291_sidewinder,global,-1,25088,0.0001,vgg16-7,True,,,75264,75264,150528,50.0,random
80,onnx/vgg16-7.onnx,vnnlib/n01756291_sidewinder_seg0_fixmask_k25088_eps_0.0001.vnnlib,1200,sat True,,,,5.730179071426392,0.0,n01756291_sidewinder,fix_mask,0,25088,0.0001,vgg16-7,False,0.9129076600074768,"[0, 0, 223, 223]",33261,117267,150528,22.096221301020407,random
86,onnx/vgg16-7.onnx,vnnlib/n01756291_sidewinder_seg0_fixnonmask_k25088_eps_0.0001.vnnlib,1200,sat True,,,,6.037261009216309,0.0,n01756291_sidewinder,fix_nonmask,0,25088,0.0001,vgg16-7,False,0.9129076600074768,"[0, 0, 223, 223]",75264,75264,150528,50.0,random
92,onnx/vgg16-7.onnx,vnnlib/n01768244_trilobite_global_k25088_eps_0.0001.vnnlib,1200,sat True,,,,5.950187921524048,0.0,n01768244_trilobite,global,-1,25088,0.0001,vgg16-7,True,,,75264,75264,150528,50.0,random
98,onnx/vgg16-7.onnx,vnnlib/n01768244_trilobite_seg0_fixmask_k25088_eps_0.0001.vnnlib,1200,sat False,-inf,,0.9599742889404296,6.466481447219849,0.0,n01768244_trilobite,fix_mask,0,25088,0.0001,vgg16-7,False,0.8933569192886353,"[0, 0, 223, 223]",6378,144150,150528,4.237085459183674,random
104,onnx/vgg16-7.onnx,vnnlib/n01768244_trilobite_seg0_fixnonmask_k25088_eps_0.0001.vnnlib,1200,sat True,,,,5.7718024253845215,0.0,n01768244_trilobite,fix_nonmask,0,25088,0.0001,vgg16-7,False,0.8933569192886353,"[0, 0, 223, 223]",75264,75264,150528,50.0,random
110,onnx/vgg16-7.onnx,vnnlib/n01770081_harvestman_global_k25088_eps_0.0001.vnnlib,1200,unsat False,1.978567361831665,0.0,786.9089818000793,799.7744920253754,0.0,n01770081_harvestman,global,-1,25088,0.0001,vgg16-7,True,,,75264,75264,150528,50.0,random
116,onnx/vgg16-7.onnx,vnnlib/n01770081_harvestman_seg0_fixmask_k25088_eps_0.0001.vnnlib,1200,unsat False,2.289375066757202,0.0,651.1061296463013,656.3524353504181,0.0,n01770081_harvestman,fix_mask,0,25088,0.0001,vgg16-7,False,0.8417963981628418,"[0, 0, 223, 222]",17928,132600,150528,11.910076530612244,random
122,onnx/vgg16-7.onnx,vnnlib/n01770081_harvestman_seg0_fixnonmask_k25088_eps_0.0001.vnnlib,1200,unsat False,2.111551523208618,0.0,774.0296716690063,787.236517906189,0.0,n01770081_harvestman,fix_nonmask,0,25088,0.0001,vgg16-7,False,0.8417963981628418,"[0, 0, 223, 222]",75264,75264,150528,50.0,random
6,onnx/vgg16-7.onnx,vnnlib/n01742172_boa_constrictor_global_k1568_eps_0.0001.vnnlib,1200,unsat False,0.2619251906871795,0.0,570.3919887542725,576.7204449176788,0.0,n01742172_boa_constrictor,global,-1,1568,0.0001,vgg16-7,True,,,4704,145824,150528,3.125,random
12,onnx/vgg16-7.onnx,vnnlib/n01742172_boa_constrictor_seg0_fixmask_k1568_eps_0.0001.vnnlib,1200,unsat False,0.2627496421337127,0.0,581.092915058136,586.3507256507874,0.0,n01742172_boa_constrictor,fix_mask,0,1568,0.0001,vgg16-7,False,0.875642716884613,"[0, 0, 223, 223]",4704,145824,150528,3.125,random
18,onnx/vgg16-7.onnx,vnnlib/n01742172_boa_constrictor_seg0_fixnonmask_k1568_eps_0.0001.vnnlib,1200,unsat False,0.2621140480041504,0.0,568.7746524810791,575.8128921985626,0.0,n01742172_boa_constrictor,fix_nonmask,0,1568,0.0001,vgg16-7,False,0.875642716884613,"[0, 0, 223, 223]",4704,145824,150528,3.125,random
24,onnx/vgg16-7.onnx,vnnlib/n01744401_rock_python_global_k1568_eps_0.0001.vnnlib,1200,sat False,-inf,,1.2068023681640625,7.898718595504761,0.0,n01744401_rock_python,global,-1,1568,0.0001,vgg16-7,True,,,4704,145824,150528,3.125,random
30,onnx/vgg16-7.onnx,vnnlib/n01744401_rock_python_seg0_fixmask_k1568_eps_0.0001.vnnlib,1200,sat False,-inf,,3.7011678218841553,10.624336004257202,0.0,n01744401_rock_python,fix_mask,0,1568,0.0001,vgg16-7,False,0.7290425300598145,"[0, 0, 223, 223]",4704,145824,150528,3.125,random
36,onnx/vgg16-7.onnx,vnnlib/n01744401_rock_python_seg0_fixnonmask_k1568_eps_0.0001.vnnlib,1200,sat False,-inf,,0.9875054359436036,6.55525279045105,0.0,n01744401_rock_python,fix_nonmask,0,1568,0.0001,vgg16-7,False,0.7290425300598145,"[0, 0, 223, 223]",4704,145824,150528,3.125,random
42,onnx/vgg16-7.onnx,vnnlib/n01748264_Indian_cobra_global_k1568_eps_0.0001.vnnlib,1200,sat False,-inf,,3.4378366470336914,9.128390312194824,0.0,n01748264_Indian_cobra,global,-1,1568,0.0001,vgg16-7,True,,,4704,145824,150528,3.125,random
48,onnx/vgg16-7.onnx,vnnlib/n01748264_Indian_cobra_seg0_fixmask_k1568_eps_0.0001.vnnlib,1200,sat False,-inf,,1.1418254375457764,6.746918201446533,0.0,n01748264_Indian_cobra,fix_mask,0,1568,0.0001,vgg16-7,False,0.9479506015777588,"[4, 0, 220, 223]",4704,145824,150528,3.125,random
54,onnx/vgg16-7.onnx,vnnlib/n01748264_Indian_cobra_seg0_fixnonmask_k1568_eps_0.0001.vnnlib,1200,sat False,-inf,,1.2139501571655271,6.902303695678711,0.0,n01748264_Indian_cobra,fix_nonmask,0,1568,0.0001,vgg16-7,False,0.9479506015777588,"[4, 0, 220, 223]",4704,145824,150528,3.125,random
60,onnx/vgg16-7.onnx,vnnlib/n01755581_diamondback_global_k1568_eps_0.0001.vnnlib,1200,unsat False,0.9623329639434814,0.0,621.9593441486359,627.2685408592224,0.0,n01755581_diamondback,global,-1,1568,0.0001,vgg16-7,True,,,4704,145824,150528,3.125,random
66,onnx/vgg16-7.onnx,vnnlib/n01755581_diamondback_seg0_fixmask_k1568_eps_0.0001.vnnlib,1200,unsat False,0.9635721445083618,0.0,581.3695449829102,587.0415375232697,0.0,n01755581_diamondback,fix_mask,0,1568,0.0001,vgg16-7,False,0.898859977722168,"[0, 1, 223, 219]",4704,145824,150528,3.125,random
72,onnx/vgg16-7.onnx,vnnlib/n01755581_diamondback_seg0_fixnonmask_k1568_eps_0.0001.vnnlib,1200,unsat False,0.9624927043914796,0.0,625.8283717632294,631.1069202423096,0.0,n01755581_diamondback,fix_nonmask,0,1568,0.0001,vgg16-7,False,0.898859977722168,"[0, 1, 223, 219]",4704,145824,150528,3.125,random
78,onnx/vgg16-7.onnx,vnnlib/n01756291_sidewinder_global_k1568_eps_0.0001.vnnlib,1200,sat False,-inf,,1.4161715507507324,6.848238706588745,0.0,n01756291_sidewinder,global,-1,1568,0.0001,vgg16-7,True,,,4704,145824,150528,3.125,random
84,onnx/vgg16-7.onnx,vnnlib/n01756291_sidewinder_seg0_fixmask_k1568_eps_0.0001.vnnlib,1200,sat False,-inf,,3.805277585983277,9.442766666412354,0.0,n01756291_sidewinder,fix_mask,0,1568,0.0001,vgg16-7,False,0.9129076600074768,"[0, 0, 223, 223]",4704,145824,150528,3.125,random
90,onnx/vgg16-7.onnx,vnnlib/n01756291_sidewinder_seg0_fixnonmask_k1568_eps_0.0001.vnnlib,1200,sat False,-inf,,2.5203371047973633,7.948928117752075,0.0,n01756291_sidewinder,fix_nonmask,0,1568,0.0001,vgg16-7,False,0.9129076600074768,"[0, 0, 223, 223]",4704,145824,150528,3.125,random
96,onnx/vgg16-7.onnx,vnnlib/n01768244_trilobite_global_k1568_eps_0.0001.vnnlib,1200,sat False,-inf,,1.0754663944244385,6.446872234344482,0.0,n01768244_trilobite,global,-1,1568,0.0001,vgg16-7,True,,,4704,145824,150528,3.125,random
102,onnx/vgg16-7.onnx,vnnlib/n01768244_trilobite_seg0_fixmask_k1568_eps_0.0001.vnnlib,1200,sat False,-inf,,1.2398512363433838,6.7469727993011475,0.0,n01768244_trilobite,fix_mask,0,1568,0.0001,vgg16-7,False,0.8933569192886353,"[0, 0, 223, 223]",4704,145824,150528,3.125,random
108,onnx/vgg16-7.onnx,vnnlib/n01768244_trilobite_seg0_fixnonmask_k1568_eps_0.0001.vnnlib,1200,sat False,-inf,,1.1344645023345947,6.75645112991333,0.0,n01768244_trilobite,fix_nonmask,0,1568,0.0001,vgg16-7,False,0.8933569192886353,"[0, 0, 223, 223]",4704,145824,150528,3.125,random
114,onnx/vgg16-7.onnx,vnnlib/n01770081_harvestman_global_k1568_eps_0.0001.vnnlib,1200,unsat False,2.293850898742676,0.0,639.1814301013947,644.3897354602814,0.0,n01770081_harvestman,global,-1,1568,0.0001,vgg16-7,True,,,4704,145824,150528,3.125,random
120,onnx/vgg16-7.onnx,vnnlib/n01770081_harvestman_seg0_fixmask_k1568_eps_0.0001.vnnlib,1200,unsat False,2.2962257862091064,0.0,606.9648175239563,612.34836602211,0.0,n01770081_harvestman,fix_mask,0,1568,0.0001,vgg16-7,False,0.8417963981628418,"[0, 0, 223, 222]",4704,145824,150528,3.125,random
126,onnx/vgg16-7.onnx,vnnlib/n01770081_harvestman_fix_nonmask_seg0_k1568_eps_0.0001.vnnlib,1200,unsat False,2.294055700302124,0.0,684.3447463512421,689.9053497314453,0.0,n01770081_harvestman,fix_nonmask,0,1568,0.0001,vgg16-7,False,0.8417963981628418,"[0, 0, 223, 222]",4704,145824,150528,3.125,random
2,onnx/vgg16-7.onnx,vnnlib/n01704323_triceratops_global_k25088_eps_0.0001.vnnlib,1200,sat True,,,,9.193729162216188,0.0,n01704323_triceratops,global,-1,25088,0.0001,vgg16-7,True,,,75264,75264,150528,50.0,random
8,onnx/vgg16-7.onnx,vnnlib/n01704323_triceratops_seg0_fixmask_k25088_eps_0.0001.vnnlib,1200,sat False,-inf,,1.737393140792847,6.8750879764556885,0.0,n01704323_triceratops,fix_mask,0,25088,0.0001,vgg16-7,False,0.8741545081138611,"[0, 0, 223, 223]",3780,146748,150528,2.5111607142857144,random
14,onnx/vgg16-7.onnx,vnnlib/n01704323_triceratops_seg0_fixnonmask_k25088_eps_0.0001.vnnlib,1200,sat True,,,,5.2552876472473145,0.0,n01704323_triceratops,fix_nonmask,0,25088,0.0001,vgg16-7,False,0.8741545081138611,"[0, 0, 223, 223]",75264,75264,150528,50.0,random
20,onnx/vgg16-7.onnx,vnnlib/n01728920_ringneck_snake_global_k25088_eps_0.0001.vnnlib,1200,unsat False,0.079708456993103,0.0,846.4467086791992,859.464448928833,0.0,n01728920_ringneck_snake,global,-1,25088,0.0001,vgg16-7,True,,,75264,75264,150528,50.0,random
26,onnx/vgg16-7.onnx,vnnlib/n01728920_ringneck_snake_seg0_fixmask_k25088_eps_0.0001.vnnlib,1200,unsat False,0.2622787952423095,0.0,799.5275657176971,812.820006608963,0.0,n01728920_ringneck_snake,fix_mask,0,25088,0.0001,vgg16-7,False,0.8627620935440063,"[0, 0, 223, 223]",70479,80049,150528,46.82118941326531,random
32,onnx/vgg16-7.onnx,vnnlib/n01728920_ringneck_snake_seg0_fixnonmask_k25088_eps_0.0001.vnnlib,1200,unsat False,0.2442221641540527,0.0,802.9820294380188,816.1493253707886,0.0,n01728920_ringneck_snake,fix_nonmask,0,25088,0.0001,vgg16-7,False,0.8627620935440063,"[0, 0, 223, 223]",75264,75264,150528,50.0,random
38,onnx/vgg16-7.onnx,vnnlib/n01735189_garter_snake_global_k25088_eps_0.0001.vnnlib,1200,sat True,,,,5.4701149463653564,0.0,n01735189_garter_snake,global,-1,25088,0.0001,vgg16-7,True,,,75264,75264,150528,50.0,random
44,onnx/vgg16-7.onnx,vnnlib/n01735189_garter_snake_seg0_fixmask_k25088_eps_0.0001.vnnlib,1200,sat False,-inf,,1.255615234375,6.282317161560059,0.0,n01735189_garter_snake,fix_mask,0,25088,0.0001,vgg16-7,False,0.7749655246734619,"[0, 0, 223, 223]",15663,134865,150528,10.405373086734691,random
50,onnx/vgg16-7.onnx,vnnlib/n01735189_garter_snake_seg0_fixnonmask_k25088_eps_0.0001.vnnlib,1200,sat True,,,,5.5202507972717285,0.0,n01735189_garter_snake,fix_nonmask,0,25088,0.0001,vgg16-7,False,0.7749655246734619,"[0, 0, 223, 223]",75264,75264,150528,50.0,random
56,onnx/vgg16-7.onnx,vnnlib/n01737021_water_snake_global_k25088_eps_0.0001.vnnlib,1200,unsat False,0.9945814609527588,0.0,815.2656514644623,828.4748289585114,0.0,n01737021_water_snake,global,-1,25088,0.0001,vgg16-7,True,,,75264,75264,150528,50.0,random
62,onnx/vgg16-7.onnx,vnnlib/n01737021_water_snake_seg0_fixmask_k25088_eps_0.0001.vnnlib,1200,unsat False,1.6223547458648682,0.0,655.0333368778229,663.2088046073914,0.0,n01737021_water_snake,fix_mask,0,25088,0.0001,vgg16-7,False,0.850009024143219,"[0, 0, 223, 223]",11991,138537,150528,7.965959821428571,random
68,onnx/vgg16-7.onnx,vnnlib/n01737021_water_snake_seg0_fixnonmask_k25088_eps_0.0001.vnnlib,1200,unsat False,1.2050364017486572,0.0,809.9000895023346,822.9102299213409,0.0,n01737021_water_snake,fix_nonmask,0,25088,0.0001,vgg16-7,False,0.850009024143219,"[0, 0, 223, 223]",75264,75264,150528,50.0,random
74,onnx/vgg16-7.onnx,vnnlib/n01739381_vine_snake_global_k25088_eps_0.0001.vnnlib,1200,unsat False,0.7176602482795715,0.0,770.0380761623383,783.0735239982605,0.0,n01739381_vine_snake,global,-1,25088,0.0001,vgg16-7,True,,,75264,75264,150528,50.0,random
80,onnx/vgg16-7.onnx,vnnlib/n01739381_vine_snake_seg0_fixmask_k25088_eps_0.0001.vnnlib,1200,unsat False,0.7758489847183228,0.0,726.7665395736694,739.8509466648102,0.0,n01739381_vine_snake,fix_mask,0,25088,0.0001,vgg16-7,False,0.5680924654006958,"[0, 0, 223, 222]",65322,85206,150528,43.3952487244898,random
86,onnx/vgg16-7.onnx,vnnlib/n01739381_vine_snake_seg0_fixnonmask_k25088_eps_0.0001.vnnlib,1200,unsat False,0.7624265551567078,0.0,761.2962355613708,774.6063668727875,0.0,n01739381_vine_snake,fix_nonmask,0,25088,0.0001,vgg16-7,False,0.5680924654006958,"[0, 0, 223, 222]",75264,75264,150528,50.0,random
3,onnx/vgg16-7.onnx,vnnlib/n01704323_triceratops_global_k12544_eps_0.0001.vnnlib,1200,sat True,,,,5.593888282775879,0.0,n01704323_triceratops,global,-1,12544,0.0001,vgg16-7,True,,,37632,112896,150528,25.0,random
9,onnx/vgg16-7.onnx,vnnlib/n01704323_triceratops_seg0_fixmask_k12544_eps_0.0001.vnnlib,1200,sat False,-inf,,1.9614827632904053,7.197106599807739,0.0,n01704323_triceratops,fix_mask,0,12544,0.0001,vgg16-7,False,0.8741545081138611,"[0, 0, 223, 223]",3780,146748,150528,2.5111607142857144,random
15,onnx/vgg16-7.onnx,vnnlib/n01704323_triceratops_seg0_fixnonmask_k12544_eps_0.0001.vnnlib,1200,sat True,,,,5.4004669189453125,0.0,n01704323_triceratops,fix_nonmask,0,12544,0.0001,vgg16-7,False,0.8741545081138611,"[0, 0, 223, 223]",37632,112896,150528,25.0,random
21,onnx/vgg16-7.onnx,vnnlib/n01728920_ringneck_snake_global_k12544_eps_0.0001.vnnlib,1200,unsat False,0.2591752111911773,0.0,802.2217552661896,815.3496046066284,0.0,n01728920_ringneck_snake,global,-1,12544,0.0001,vgg16-7,True,,,37632,112896,150528,25.0,random
27,onnx/vgg16-7.onnx,vnnlib/n01728920_ringneck_snake_seg0_fixmask_k12544_eps_0.0001.vnnlib,1200,unsat False,0.2717901468276977,0.0,733.1684505939484,746.2324845790863,0.0,n01728920_ringneck_snake,fix_mask,0,12544,0.0001,vgg16-7,False,0.8627620935440063,"[0, 0, 223, 223]",37632,112896,150528,25.0,random
33,onnx/vgg16-7.onnx,vnnlib/n01728920_ringneck_snake_seg0_fixnonmask_k12544_eps_0.0001.vnnlib,1200,unsat False,0.2696661055088043,0.0,779.487256526947,792.7252018451691,0.0,n01728920_ringneck_snake,fix_nonmask,0,12544,0.0001,vgg16-7,False,0.8627620935440063,"[0, 0, 223, 223]",37632,112896,150528,25.0,random
39,onnx/vgg16-7.onnx,vnnlib/n01735189_garter_snake_global_k12544_eps_0.0001.vnnlib,1200,sat True,,,,5.513849258422852,0.0,n01735189_garter_snake,global,-1,12544,0.0001,vgg16-7,True,,,37632,112896,150528,25.0,random
45,onnx/vgg16-7.onnx,vnnlib/n01735189_garter_snake_seg0_fixmask_k12544_eps_0.0001.vnnlib,1200,sat False,-inf,,2.0357213020324707,7.22378945350647,0.0,n01735189_garter_snake,fix_mask,0,12544,0.0001,vgg16-7,False,0.7749655246734619,"[0, 0, 223, 223]",15663,134865,150528,10.405373086734691,random
51,onnx/vgg16-7.onnx,vnnlib/n01735189_garter_snake_seg0_fixnonmask_k12544_eps_0.0001.vnnlib,1200,sat True,,,,5.377081394195557,0.0,n01735189_garter_snake,fix_nonmask,0,12544,0.0001,vgg16-7,False,0.7749655246734619,"[0, 0, 223, 223]",37632,112896,150528,25.0,random
57,onnx/vgg16-7.onnx,vnnlib/n01737021_water_snake_global_k12544_eps_0.0001.vnnlib,1200,unsat False,1.5816880464553833,0.0,770.011604309082,783.108868598938,0.0,n01737021_water_snake,global,-1,12544,0.0001,vgg16-7,True,,,37632,112896,150528,25.0,random
63,onnx/vgg16-7.onnx,vnnlib/n01737021_water_snake_seg0_fixmask_k12544_eps_0.0001.vnnlib,1200,unsat False,1.6244940757751465,0.0,637.6294746398926,641.5402796268463,0.0,n01737021_water_snake,fix_mask,0,12544,0.0001,vgg16-7,False,0.850009024143219,"[0, 0, 223, 223]",11991,138537,150528,7.965959821428571,random
69,onnx/vgg16-7.onnx,vnnlib/n01737021_water_snake_seg0_fixnonmask_k12544_eps_0.0001.vnnlib,1200,unsat False,1.5877678394317627,0.0,767.4442183971405,780.6690900325775,0.0,n01737021_water_snake,fix_nonmask,0,12544,0.0001,vgg16-7,False,0.850009024143219,"[0, 0, 223, 223]",37632,112896,150528,25.0,random
75,onnx/vgg16-7.onnx,vnnlib/n01739381_vine_snake_global_k12544_eps_0.0001.vnnlib,1200,unsat False,0.7704695463180542,0.0,730.478021144867,743.6612288951874,0.0,n01739381_vine_snake,global,-1,12544,0.0001,vgg16-7,True,,,37632,112896,150528,25.0,random
81,onnx/vgg16-7.onnx,vnnlib/n01739381_vine_snake_seg0_fixmask_k12544_eps_0.0001.vnnlib,1200,unsat False,0.7807486057281494,0.0,698.4731595516205,711.4878878593445,0.0,n01739381_vine_snake,fix_mask,0,12544,0.0001,vgg16-7,False,0.5680924654006958,"[0, 0, 223, 222]",37632,112896,150528,25.0,random
87,onnx/vgg16-7.onnx,vnnlib/n01739381_vine_snake_seg0_fixnonmask_k12544_eps_0.0001.vnnlib,1200,unsat False,0.7769610285758972,0.0,716.1721305847168,729.1753408908844,0.0,n01739381_vine_snake,fix_nonmask,0,12544,0.0001,vgg16-7,False,0.5680924654006958,"[0, 0, 223, 222]",37632,112896,150528,25.0,random
5,onnx/vgg16-7.onnx,vnnlib/n01704323_triceratops_global_k3136_eps_0.0001.vnnlib,1200,sat False,-inf,,2.964320182800293,8.148545980453491,0.0,n01704323_triceratops,global,-1,3136,0.0001,vgg16-7,True,,,9408,141120,150528,6.25,random
11,onnx/vgg16-7.onnx,vnnlib/n01704323_triceratops_seg0_fixmask_k3136_eps_0.0001.vnnlib,1200,sat False,-inf,,1.8255994319915771,6.961300849914551,0.0,n01704323_triceratops,fix_mask,0,3136,0.0001,vgg16-7,False,0.8741545081138611,"[0, 0, 223, 223]",3780,146748,150528,2.5111607142857144,random
17,onnx/vgg16-7.onnx,vnnlib/n01704323_triceratops_seg0_fixnonmask_k3136_eps_0.0001.vnnlib,1200,sat False,-inf,,2.7170941829681396,7.960822343826294,0.0,n01704323_triceratops,fix_nonmask,0,3136,0.0001,vgg16-7,False,0.8741545081138611,"[0, 0, 223, 223]",9408,141120,150528,6.25,random
23,onnx/vgg16-7.onnx,vnnlib/n01728920_ringneck_snake_global_k3136_eps_0.0001.vnnlib,1200,unsat False,0.2743942141532898,0.0,730.3007478713989,735.2838308811188,0.0,n01728920_ringneck_snake,global,-1,3136,0.0001,vgg16-7,True,,,9408,141120,150528,6.25,random
29,onnx/vgg16-7.onnx,vnnlib/n01728920_ringneck_snake_seg0_fixmask_k3136_eps_0.0001.vnnlib,1200,unsat False,0.2757532596588135,0.0,689.109165430069,694.3206739425659,0.0,n01728920_ringneck_snake,fix_mask,0,3136,0.0001,vgg16-7,False,0.8627620935440063,"[0, 0, 223, 223]",9408,141120,150528,6.25,random
35,onnx/vgg16-7.onnx,vnnlib/n01728920_ringneck_snake_seg0_fixnonmask_k3136_eps_0.0001.vnnlib,1200,unsat False,0.2754974663257599,0.0,707.5252873897552,712.7494258880615,0.0,n01728920_ringneck_snake,fix_nonmask,0,3136,0.0001,vgg16-7,False,0.8627620935440063,"[0, 0, 223, 223]",9408,141120,150528,6.25,random
41,onnx/vgg16-7.onnx,vnnlib/n01735189_garter_snake_global_k3136_eps_0.0001.vnnlib,1200,sat False,-inf,,2.328369140625,7.610826730728149,0.0,n01735189_garter_snake,global,-1,3136,0.0001,vgg16-7,True,,,9408,141120,150528,6.25,random
47,onnx/vgg16-7.onnx,vnnlib/n01735189_garter_snake_seg0_fixmask_k3136_eps_0.0001.vnnlib,1200,sat False,-inf,,2.3337602615356445,7.523613929748535,0.0,n01735189_garter_snake,fix_mask,0,3136,0.0001,vgg16-7,False,0.7749655246734619,"[0, 0, 223, 223]",9408,141120,150528,6.25,random
53,onnx/vgg16-7.onnx,vnnlib/n01735189_garter_snake_seg0_fixnonmask_k3136_eps_0.0001.vnnlib,1200,sat False,-inf,,2.1333608627319336,7.335931777954102,0.0,n01735189_garter_snake,fix_nonmask,0,3136,0.0001,vgg16-7,False,0.7749655246734619,"[0, 0, 223, 223]",9408,141120,150528,6.25,random
59,onnx/vgg16-7.onnx,vnnlib/n01737021_water_snake_global_k3136_eps_0.0001.vnnlib,1200,unsat False,1.6205215454101562,0.0,707.562230348587,712.6368861198425,0.0,n01737021_water_snake,global,-1,3136,0.0001,vgg16-7,True,,,9408,141120,150528,6.25,random
65,onnx/vgg16-7.onnx,vnnlib/n01737021_water_snake_seg0_fixmask_k3136_eps_0.0001.vnnlib,1200,unsat False,1.6259299516677856,0.0,613.5583026409149,619.9894878864288,0.0,n01737021_water_snake,fix_mask,0,3136,0.0001,vgg16-7,False,0.850009024143219,"[0, 0, 223, 223]",9408,141120,150528,6.25,random
71,onnx/vgg16-7.onnx,vnnlib/n01737021_water_snake_seg0_fixnonmask_k3136_eps_0.0001.vnnlib,1200,unsat False,1.6210588216781616,0.0,705.1590962409973,710.20476770401,0.0,n01737021_water_snake,fix_nonmask,0,3136,0.0001,vgg16-7,False,0.850009024143219,"[0, 0, 223, 223]",9408,141120,150528,6.25,random
77,onnx/vgg16-7.onnx,vnnlib/n01739381_vine_snake_global_k3136_eps_0.0001.vnnlib,1200,unsat False,0.7818857431411743,0.0,649.8743367195129,654.994898557663,0.0,n01739381_vine_snake,global,-1,3136,0.0001,vgg16-7,True,,,9408,141120,150528,6.25,random
83,onnx/vgg16-7.onnx,vnnlib/n01739381_vine_snake_seg0_fixmask_k3136_eps_0.0001.vnnlib,1200,unsat False,0.7833811044692993,0.0,612.5556371212006,617.6684730052948,0.0,n01739381_vine_snake,fix_mask,0,3136,0.0001,vgg16-7,False,0.5680924654006958,"[0, 0, 223, 222]",9408,141120,150528,6.25,random
89,onnx/vgg16-7.onnx,vnnlib/n01739381_vine_snake_seg0_fixnonmask_k3136_eps_0.0001.vnnlib,1200,unsat False,0.7827707529067993,0.0,628.7723517417908,633.9726650714874,0.0,n01739381_vine_snake,fix_nonmask,0,3136,0.0001,vgg16-7,False,0.5680924654006958,"[0, 0, 223, 222]",9408,141120,150528,6.25,random
6,onnx/vgg16-7.onnx,vnnlib/n01704323_triceratops_global_k1568_eps_0.0001.vnnlib,1200,sat False,-inf,,1.40407133102417,6.5378217697143555,0.0,n01704323_triceratops,global,-1,1568,0.0001,vgg16-7,True,,,4704,145824,150528,3.125,random
12,onnx/vgg16-7.onnx,vnnlib/n01704323_triceratops_seg0_fixmask_k1568_eps_0.0001.vnnlib,1200,sat False,-inf,,1.774282455444336,6.827042102813721,0.0,n01704323_triceratops,fix_mask,0,1568,0.0001,vgg16-7,False,0.8741545081138611,"[0, 0, 223, 223]",3780,146748,150528,2.5111607142857144,random
18,onnx/vgg16-7.onnx,vnnlib/n01704323_triceratops_seg0_fixnonmask_k1568_eps_0.0001.vnnlib,1200,sat False,-inf,,0.9664313793182372,6.057760000228882,0.0,n01704323_triceratops,fix_nonmask,0,1568,0.0001,vgg16-7,False,0.8741545081138611,"[0, 0, 223, 223]",4704,145824,150528,3.125,random
24,onnx/vgg16-7.onnx,vnnlib/n01728920_ringneck_snake_global_k1568_eps_0.0001.vnnlib,1200,unsat False,0.2755927443504333,0.0,702.031215429306,707.245397567749,0.0,n01728920_ringneck_snake,global,-1,1568,0.0001,vgg16-7,True,,,4704,145824,150528,3.125,random
30,onnx/vgg16-7.onnx,vnnlib/n01728920_ringneck_snake_seg0_fixmask_k1568_eps_0.0001.vnnlib,1200,unsat False,0.2762096226215362,0.0,662.3407292366028,667.626336812973,0.0,n01728920_ringneck_snake,fix_mask,0,1568,0.0001,vgg16-7,False,0.8627620935440063,"[0, 0, 223, 223]",4704,145824,150528,3.125,random
36,onnx/vgg16-7.onnx,vnnlib/n01728920_ringneck_snake_seg0_fixnonmask_k1568_eps_0.0001.vnnlib,1200,unsat False,0.2761174142360687,0.0,684.7951781749725,689.7917461395264,0.0,n01728920_ringneck_snake,fix_nonmask,0,1568,0.0001,vgg16-7,False,0.8627620935440063,"[0, 0, 223, 223]",4704,145824,150528,3.125,random
42,onnx/vgg16-7.onnx,vnnlib/n01735189_garter_snake_global_k1568_eps_0.0001.vnnlib,1200,sat False,-inf,,1.1172432899475098,6.35141396522522,0.0,n01735189_garter_snake,global,-1,1568,0.0001,vgg16-7,True,,,4704,145824,150528,3.125,random
48,onnx/vgg16-7.onnx,vnnlib/n01735189_garter_snake_seg0_fixmask_k1568_eps_0.0001.vnnlib,1200,sat False,-inf,,1.7057292461395264,6.691147327423096,0.0,n01735189_garter_snake,fix_mask,0,1568,0.0001,vgg16-7,False,0.7749655246734619,"[0, 0, 223, 223]",4704,145824,150528,3.125,random
54,onnx/vgg16-7.onnx,vnnlib/n01735189_garter_snake_seg0_fixnonmask_k1568_eps_0.0001.vnnlib,1200,sat False,-inf,,0.9896421432495116,6.1717448234558105,0.0,n01735189_garter_snake,fix_nonmask,0,1568,0.0001,vgg16-7,False,0.7749655246734619,"[0, 0, 223, 223]",4704,145824,150528,3.125,random
60,onnx/vgg16-7.onnx,vnnlib/n01737021_water_snake_global_k1568_eps_0.0001.vnnlib,1200,unsat False,1.6237155199050903,0.0,681.8581573963165,686.9842178821564,0.0,n01737021_water_snake,global,-1,1568,0.0001,vgg16-7,True,,,4704,145824,150528,3.125,random
66,onnx/vgg16-7.onnx,vnnlib/n01737021_water_snake_seg0_fixmask_k1568_eps_0.0001.vnnlib,1200,unsat False,1.62612783908844,0.0,597.0347101688385,602.1417739391327,0.0,n01737021_water_snake,fix_mask,0,1568,0.0001,vgg16-7,False,0.850009024143219,"[0, 0, 223, 223]",4704,145824,150528,3.125,random
72,onnx/vgg16-7.onnx,vnnlib/n01737021_water_snake_seg0_fixnonmask_k1568_eps_0.0001.vnnlib,1200,unsat False,1.6239712238311768,0.0,682.7196497917175,688.0170111656189,0.0,n01737021_water_snake,fix_nonmask,0,1568,0.0001,vgg16-7,False,0.850009024143219,"[0, 0, 223, 223]",4704,145824,150528,3.125,random
78,onnx/vgg16-7.onnx,vnnlib/n01739381_vine_snake_global_k1568_eps_0.0001.vnnlib,1200,unsat False,0.7830612659454346,0.0,600.9081573486328,605.9774558544159,0.0,n01739381_vine_snake,global,-1,1568,0.0001,vgg16-7,True,,,4704,145824,150528,3.125,random
84,onnx/vgg16-7.onnx,vnnlib/n01739381_vine_snake_seg0_fixmask_k1568_eps_0.0001.vnnlib,1200,unsat False,0.7837735414505005,0.0,619.397675037384,624.5073666572571,0.0,n01739381_vine_snake,fix_mask,0,1568,0.0001,vgg16-7,False,0.5680924654006958,"[0, 0, 223, 222]",4704,145824,150528,3.125,random
90,onnx/vgg16-7.onnx,vnnlib/n01739381_vine_snake_seg0_fixnonmask_k1568_eps_0.0001.vnnlib,1200,unsat False,0.7834700345993042,0.0,617.989232301712,623.283038854599,0.0,n01739381_vine_snake,fix_nonmask,0,1568,0.0001,vgg16-7,False,0.5680924654006958,"[0, 0, 223, 222]",4704,145824,150528,3.125,random
4,onnx/vgg16-7.onnx,vnnlib/n01704323_triceratops_global_k6272_eps_0.0001.vnnlib,1200,sat True,,,,5.3420281410217285,0.0,n01704323_triceratops,global,-1,6272,0.0001,vgg16-7,True,,,18816,131712,150528,12.5,random
10,onnx/vgg16-7.onnx,vnnlib/n01704323_triceratops_seg0_fixmask_k6272_eps_0.0001.vnnlib,1200,sat False,-inf,,2.068650960922241,7.320164680480957,0.0,n01704323_triceratops,fix_mask,0,6272,0.0001,vgg16-7,False,0.8741545081138611,"[0, 0, 223, 223]",3780,146748,150528,2.5111607142857144,random
16,onnx/vgg16-7.onnx,vnnlib/n01704323_triceratops_seg0_fixnonmask_k6272_eps_0.0001.vnnlib,1200,sat True,,,,5.600298166275024,0.0,n01704323_triceratops,fix_nonmask,0,6272,0.0001,vgg16-7,False,0.8741545081138611,"[0, 0, 223, 223]",18816,131712,150528,12.5,random
22,onnx/vgg16-7.onnx,vnnlib/n01728920_ringneck_snake_global_k6272_eps_0.0001.vnnlib,1200,unsat False,0.2709787487983703,0.0,747.0546569824219,761.4821496009827,0.0,n01728920_ringneck_snake,global,-1,6272,0.0001,vgg16-7,True,,,18816,131712,150528,12.5,random
28,onnx/vgg16-7.onnx,vnnlib/n01728920_ringneck_snake_seg0_fixmask_k6272_eps_0.0001.vnnlib,1200,unsat False,0.2746008038520813,0.0,714.540132522583,719.7233688831329,0.0,n01728920_ringneck_snake,fix_mask,0,6272,0.0001,vgg16-7,False,0.8627620935440063,"[0, 0, 223, 223]",18816,131712,150528,12.5,random
34,onnx/vgg16-7.onnx,vnnlib/n01728920_ringneck_snake_seg0_fixnonmask_k6272_eps_0.0001.vnnlib,1200,unsat False,0.2739727199077606,0.0,729.5542192459106,742.7748982906342,0.0,n01728920_ringneck_snake,fix_nonmask,0,6272,0.0001,vgg16-7,False,0.8627620935440063,"[0, 0, 223, 223]",18816,131712,150528,12.5,random
40,onnx/vgg16-7.onnx,vnnlib/n01735189_garter_snake_global_k6272_eps_0.0001.vnnlib,1200,sat True,,,,5.511263132095337,0.0,n01735189_garter_snake,global,-1,6272,0.0001,vgg16-7,True,,,18816,131712,150528,12.5,random
46,onnx/vgg16-7.onnx,vnnlib/n01735189_garter_snake_seg0_fixmask_k6272_eps_0.0001.vnnlib,1200,sat False,-inf,,1.94661283493042,7.1366822719573975,0.0,n01735189_garter_snake,fix_mask,0,6272,0.0001,vgg16-7,False,0.7749655246734619,"[0, 0, 223, 223]",15663,134865,150528,10.405373086734691,random
52,onnx/vgg16-7.onnx,vnnlib/n01735189_garter_snake_seg0_fixnonmask_k6272_eps_0.0001.vnnlib,1200,sat True,,,,5.520832538604736,0.0,n01735189_garter_snake,fix_nonmask,0,6272,0.0001,vgg16-7,False,0.7749655246734619,"[0, 0, 223, 223]",18816,131712,150528,12.5,random
58,onnx/vgg16-7.onnx,vnnlib/n01737021_water_snake_global_k6272_eps_0.0001.vnnlib,1200,unsat False,1.6122210025787354,0.0,718.1933035850525,731.2345485687256,0.0,n01737021_water_snake,global,-1,6272,0.0001,vgg16-7,True,,,18816,131712,150528,12.5,random
64,onnx/vgg16-7.onnx,vnnlib/n01737021_water_snake_seg0_fixmask_k6272_eps_0.0001.vnnlib,1200,unsat False,1.625382423400879,0.0,604.9247298240662,610.0878767967224,0.0,n01737021_water_snake,fix_mask,0,6272,0.0001,vgg16-7,False,0.850009024143219,"[0, 0, 223, 223]",11991,138537,150528,7.965959821428571,random
70,onnx/vgg16-7.onnx,vnnlib/n01737021_water_snake_seg0_fixnonmask_k6272_eps_0.0001.vnnlib,1200,unsat False,1.6138123273849487,0.0,728.4957671165466,741.5615570545197,0.0,n01737021_water_snake,fix_nonmask,0,6272,0.0001,vgg16-7,False,0.850009024143219,"[0, 0, 223, 223]",18816,131712,150528,12.5,random
76,onnx/vgg16-7.onnx,vnnlib/n01739381_vine_snake_global_k6272_eps_0.0001.vnnlib,1200,unsat False,0.7790840864181519,0.0,705.4038138389587,718.4329533576965,0.0,n01739381_vine_snake,global,-1,6272,0.0001,vgg16-7,True,,,18816,131712,150528,12.5,random
82,onnx/vgg16-7.onnx,vnnlib/n01739381_vine_snake_seg0_fixmask_k6272_eps_0.0001.vnnlib,1200,unsat False,0.7826046347618103,0.0,629.5382528305054,634.8549184799194,0.0,n01739381_vine_snake,fix_mask,0,6272,0.0001,vgg16-7,False,0.5680924654006958,"[0, 0, 223, 222]",18816,131712,150528,12.5,random
88,onnx/vgg16-7.onnx,vnnlib/n01739381_vine_snake_seg0_fixnonmask_k6272_eps_0.0001.vnnlib,1200,unsat False,0.7811683416366577,0.0,654.9385278224945,667.9933865070343,0.0,n01739381_vine_snake,fix_nonmask,0,6272,0.0001,vgg16-7,False,0.5680924654006958,"[0, 0, 223, 222]",18816,131712,150528,12.5,random
1,onnx/vgg16-7.onnx,vnnlib/n01704323_triceratops_global_k50176_eps_0.0001.vnnlib,1200,sat True,,,,35.011595010757446,0.0,n01704323_triceratops,global,-1,50176,0.0001,vgg16-7,True,,,150528,0,150528,100.0,random
7,onnx/vgg16-7.onnx,vnnlib/n01704323_triceratops_seg0_fixmask_k50176_eps_0.0001.vnnlib,1200,sat False,-inf,,2.007359504699707,7.282433271408081,0.0,n01704323_triceratops,fix_mask,0,50176,0.0001,vgg16-7,False,0.8741545081138611,"[0, 0, 223, 223]",3780,146748,150528,2.5111607142857144,random
13,onnx/vgg16-7.onnx,vnnlib/n01704323_triceratops_seg0_fixnonmask_k50176_eps_0.0001.vnnlib,1200,sat True,,,,5.451301336288452,0.0,n01704323_triceratops,fix_nonmask,0,50176,0.0001,vgg16-7,False,0.8741545081138611,"[0, 0, 223, 223]",146748,3780,150528,97.48883928571428,random
19,onnx/vgg16-7.onnx,vnnlib/n01728920_ringneck_snake_global_k50176_eps_0.0001.vnnlib,1200,timeout False,-8685.1279296875,3.0,3547.7913279533386,3560.924423456192,0.0,n01728920_ringneck_snake,global,-1,50176,0.0001,vgg16-7,True,,,150528,0,150528,100.0,random
25,onnx/vgg16-7.onnx,vnnlib/n01728920_ringneck_snake_seg0_fixmask_k50176_eps_0.0001.vnnlib,1200,unsat False,0.1758965700864792,0.0,828.0147004127502,841.0718927383423,0.0,n01728920_ringneck_snake,fix_mask,0,50176,0.0001,vgg16-7,False,0.8627620935440063,"[0, 0, 223, 223]",70479,80049,150528,46.82118941326531,random
31,onnx/vgg16-7.onnx,vnnlib/n01728920_ringneck_snake_seg0_fixnonmask_k50176_eps_0.0001.vnnlib,1200,timeout False,-451.6752014160156,3.0,2848.8998413085938,2861.904150724411,0.0,n01728920_ringneck_snake,fix_nonmask,0,50176,0.0001,vgg16-7,False,0.8627620935440063,"[0, 0, 223, 223]",80049,70479,150528,53.17881058673469,random
37,onnx/vgg16-7.onnx,vnnlib/n01735189_garter_snake_global_k50176_eps_0.0001.vnnlib,1200,sat True,,,,5.349224090576172,0.0,n01735189_garter_snake,global,-1,50176,0.0001,vgg16-7,True,,,150528,0,150528,100.0,random
43,onnx/vgg16-7.onnx,vnnlib/n01735189_garter_snake_seg0_fixmask_k50176_eps_0.0001.vnnlib,1200,sat True,,,,5.50130820274353,0.0,n01735189_garter_snake,fix_mask,0,50176,0.0001,vgg16-7,False,0.7749655246734619,"[0, 0, 223, 223]",15663,134865,150528,10.405373086734691,random
49,onnx/vgg16-7.onnx,vnnlib/n01735189_garter_snake_seg0_fixnonmask_k50176_eps_0.0001.vnnlib,1200,sat True,,,,5.4913365840911865,0.0,n01735189_garter_snake,fix_nonmask,0,50176,0.0001,vgg16-7,False,0.7749655246734619,"[0, 0, 223, 223]",134865,15663,150528,89.5946269132653,random
55,onnx/vgg16-7.onnx,vnnlib/n01737021_water_snake_global_k50176_eps_0.0001.vnnlib,1200,timeout False,-53275.02734375,3.0,4383.976703166962,4397.092216491699,0.0,n01737021_water_snake,global,-1,50176,0.0001,vgg16-7,True,,,150528,0,150528,100.0,random
61,onnx/vgg16-7.onnx,vnnlib/n01737021_water_snake_seg0_fixmask_k50176_eps_0.0001.vnnlib,1200,unsat False,1.6176888942718506,0.0,668.0969316959381,681.1872224807739,0.0,n01737021_water_snake,fix_mask,0,50176,0.0001,vgg16-7,False,0.850009024143219,"[0, 0, 223, 223]",11991,138537,150528,7.965959821428571,random
67,onnx/vgg16-7.onnx,vnnlib/n01737021_water_snake_seg0_fixnonmask_k50176_eps_0.0001.vnnlib,1200,timeout False,-36973.28125,3.0,4037.995038986206,4051.1359894275665,0.0,n01737021_water_snake,fix_nonmask,0,50176,0.0001,vgg16-7,False,0.850009024143219,"[0, 0, 223, 223]",138537,11991,150528,92.03404017857144,random
73,onnx/vgg16-7.onnx,vnnlib/n01739381_vine_snake_global_k50176_eps_0.0001.vnnlib,1200,error,,,,,,n01739381_vine_snake,global,-1,50176,0.0001,vgg16-7,True,,,150528,0,150528,100.0,random
79,onnx/vgg16-7.onnx,vnnlib/n01739381_vine_snake_seg0_fixmask_k50176_eps_0.0001.vnnlib,1200,unsat False,0.7573482394218445,0.0,765.1746146678925,778.2112348079681,0.0,n01739381_vine_snake,fix_mask,0,50176,0.0001,vgg16-7,False,0.5680924654006958,"[0, 0, 223, 222]",65322,85206,150528,43.3952487244898,random
85,onnx/vgg16-7.onnx,vnnlib/n01739381_vine_snake_seg0_fixnonmask_k50176_eps_0.0001.vnnlib,1200,unsat False,0.534090518951416,0.0,790.4314842224121,803.5033142566681,0.0,n01739381_vine_snake,fix_nonmask,0,50176,0.0001,vgg16-7,False,0.5680924654006958,"[0, 0, 223, 222]",85206,65322,150528,56.6047512755102,random
166,onnx/vgg16-7.onnx,vnnlib/n01860187_black_swan_global_k6272_eps_0.0001.vnnlib,1200,unsat False,1.3893109560012815,0.0,536.8208613395691,580.1607096195221,0.0,n01860187_black_swan,global,-1,6272,0.0001,vgg16-7,True,,,18816,131712,150528,12.5,random
172,onnx/vgg16-7.onnx,vnnlib/n01860187_black_swan_fix_mask_seg0_k6272_eps_0.0001.vnnlib,1200,unsat False,1.3889753818511963,0.0,544.6321296691895,589.3942446708679,0.0,n01860187_black_swan,fix_mask,0,6272,0.0001,vgg16-7,False,0.9046238660812378,"[0, 0, 223, 223]",18816,131712,150528,12.5,random
178,onnx/vgg16-7.onnx,vnnlib/n01860187_black_swan_fix_nonmask_seg0_k6272_eps_0.0001.vnnlib,1200,unsat False,1.3893911838531494,0.0,533.9901983737946,577.0876197814941,0.0,n01860187_black_swan,fix_nonmask,0,6272,0.0001,vgg16-7,False,0.9046238660812378,"[0, 0, 223, 223]",18816,131712,150528,12.5,random
168,onnx/vgg16-7.onnx,vnnlib/n01860187_black_swan_global_k1568_eps_0.0001.vnnlib,1200,unsat False,1.3911597728729248,0.0,526.8200943470001,560.7332706451416,0.0,n01860187_black_swan,global,-1,1568,0.0001,vgg16-7,True,,,4704,145824,150528,3.125,random
174,onnx/vgg16-7.onnx,vnnlib/n01860187_black_swan_fix_mask_seg0_k1568_eps_0.0001.vnnlib,1200,unsat False,1.3910691738128662,0.0,533.4081518650055,568.0632996559143,0.0,n01860187_black_swan,fix_mask,0,1568,0.0001,vgg16-7,False,0.9046238660812378,"[0, 0, 223, 223]",4704,145824,150528,3.125,random
180,onnx/vgg16-7.onnx,vnnlib/n01860187_black_swan_fix_nonmask_seg0_k1568_eps_0.0001.vnnlib,1200,unsat False,1.3911668062210083,0.0,521.0411524772644,555.1004638671875,0.0,n01860187_black_swan,fix_nonmask,0,1568,0.0001,vgg16-7,False,0.9046238660812378,"[0, 0, 223, 223]",4704,145824,150528,3.125,random
165,onnx/vgg16-7.onnx,vnnlib/n01860187_black_swan_global_k12544_eps_0.0001.vnnlib,1200,unsat False,1.3863879442214966,0.0,576.5684032440186,620.9941930770874,0.0,n01860187_black_swan,global,-1,12544,0.0001,vgg16-7,True,,,37632,112896,150528,25.0,random
171,onnx/vgg16-7.onnx,vnnlib/n01860187_black_swan_fix_mask_seg0_k12544_eps_0.0001.vnnlib,1200,unsat False,1.3855406045913696,0.0,576.6776914596558,619.2660603523254,0.0,n01860187_black_swan,fix_mask,0,12544,0.0001,vgg16-7,False,0.9046238660812378,"[0, 0, 223, 223]",37632,112896,150528,25.0,random
177,onnx/vgg16-7.onnx,vnnlib/n01860187_black_swan_fix_nonmask_seg0_k12544_eps_0.0001.vnnlib,1200,unsat False,1.3866558074951172,0.0,587.6819381713867,633.4401187896729,0.0,n01860187_black_swan,fix_nonmask,0,12544,0.0001,vgg16-7,False,0.9046238660812378,"[0, 0, 223, 223]",37632,112896,150528,25.0,random
167,onnx/vgg16-7.onnx,vnnlib/n01860187_black_swan_global_k3136_eps_0.0001.vnnlib,1200,unsat False,1.3905566930770874,0.0,532.0390341281891,566.200160741806,0.0,n01860187_black_swan,global,-1,3136,0.0001,vgg16-7,True,,,9408,141120,150528,6.25,random
173,onnx/vgg16-7.onnx,vnnlib/n01860187_black_swan_fix_mask_seg0_k3136_eps_0.0001.vnnlib,1200,unsat False,1.3904123306274414,0.0,532.4933977127075,567.9999701976776,0.0,n01860187_black_swan,fix_mask,0,3136,0.0001,vgg16-7,False,0.9046238660812378,"[0, 0, 223, 223]",9408,141120,150528,6.25,random
179,onnx/vgg16-7.onnx,vnnlib/n01860187_black_swan_fix_nonmask_seg0_k3136_eps_0.0001.vnnlib,1200,unsat False,1.3906190395355225,0.0,529.2147192955017,565.1805415153503,0.0,n01860187_black_swan,fix_nonmask,0,3136,0.0001,vgg16-7,False,0.9046238660812378,"[0, 0, 223, 223]",9408,141120,150528,6.25,random
164,onnx/vgg16-7.onnx,vnnlib/n01860187_black_swan_global_k25088_eps_0.0001.vnnlib,1200,unsat False,1.378382921218872,0.0,624.5459470748901,666.4337859153748,0.0,n01860187_black_swan,global,-1,25088,0.0001,vgg16-7,True,,,75264,75264,150528,50.0,random
170,onnx/vgg16-7.onnx,vnnlib/n01860187_black_swan_fix_mask_seg0_k25088_eps_0.0001.vnnlib,1200,unsat False,1.3849444389343262,0.0,586.6177606582642,629.2132172584534,0.0,n01860187_black_swan,fix_mask,0,25088,0.0001,vgg16-7,False,0.9046238660812378,"[0, 0, 223, 223]",40461,110067,150528,26.879384566326532,random
176,onnx/vgg16-7.onnx,vnnlib/n01860187_black_swan_fix_nonmask_seg0_k25088_eps_0.0001.vnnlib,1200,unsat False,1.379086136817932,0.0,619.4599468708038,662.9428925514221,0.0,n01860187_black_swan,fix_nonmask,0,25088,0.0001,vgg16-7,False,0.9046238660812378,"[0, 0, 223, 223]",75264,75264,150528,50.0,random
6,onnx/vgg16-7.onnx,vnnlib/n01796340_ptarmigan_global_k1568_eps_0.0001.vnnlib,1200,sat False,-inf,,0.9106574058532716,6.380932569503784,0.0,n01796340_ptarmigan,global,-1,1568,0.0001,vgg16-7,True,,,4704,145824,150528,3.125,random
12,onnx/vgg16-7.onnx,vnnlib/n01796340_ptarmigan_fix_mask_seg0_k1568_eps_0.0001.vnnlib,1200,sat False,-inf,,1.8928301334381104,8.313651084899902,0.0,n01796340_ptarmigan,fix_mask,0,1568,0.0001,vgg16-7,False,0.8835958242416382,"[0, 0, 223, 223]",4704,145824,150528,3.125,random
18,onnx/vgg16-7.onnx,vnnlib/n01796340_ptarmigan_fix_nonmask_seg0_k1568_eps_0.0001.vnnlib,1200,sat False,-inf,,1.8586385250091553,7.219594478607178,0.0,n01796340_ptarmigan,fix_nonmask,0,1568,0.0001,vgg16-7,False,0.8835958242416382,"[0, 0, 223, 223]",4704,145824,150528,3.125,random
24,onnx/vgg16-7.onnx,vnnlib/n01797886_ruffed_grouse_global_k1568_eps_0.0001.vnnlib,1200,sat False,-inf,,1.1563453674316406,6.866167306900024,0.0,n01797886_ruffed_grouse,global,-1,1568,0.0001,vgg16-7,True,,,4704,145824,150528,3.125,random
30,onnx/vgg16-7.onnx,vnnlib/n01797886_ruffed_grouse_fix_mask_seg0_k1568_eps_0.0001.vnnlib,1200,sat False,-inf,,0.8059773445129395,6.524702548980713,0.0,n01797886_ruffed_grouse,fix_mask,0,1568,0.0001,vgg16-7,False,0.7455422878265381,"[0, 0, 223, 223]",4704,145824,150528,3.125,random
36,onnx/vgg16-7.onnx,vnnlib/n01797886_ruffed_grouse_fix_nonmask_seg0_k1568_eps_0.0001.vnnlib,1200,sat False,-inf,,0.8274483680725098,6.597889423370361,0.0,n01797886_ruffed_grouse,fix_nonmask,0,1568,0.0001,vgg16-7,False,0.7455422878265381,"[0, 0, 223, 223]",4704,145824,150528,3.125,random
42,onnx/vgg16-7.onnx,vnnlib/n01806143_peacock_global_k1568_eps_0.0001.vnnlib,1200,unsat False,0.4305285215377807,0.0,587.1495220661163,593.0121507644653,0.0,n01806143_peacock,global,-1,1568,0.0001,vgg16-7,True,,,4704,145824,150528,3.125,random
48,onnx/vgg16-7.onnx,vnnlib/n01806143_peacock_fix_mask_seg0_k1568_eps_0.0001.vnnlib,1200,unsat False,0.4303947687149048,0.0,584.2360935211182,590.8257846832275,0.0,n01806143_peacock,fix_mask,0,1568,0.0001,vgg16-7,False,0.6508326530456543,"[0, 0, 223, 223]",4704,145824,150528,3.125,random
54,onnx/vgg16-7.onnx,vnnlib/n01806143_peacock_fix_nonmask_seg0_k1568_eps_0.0001.vnnlib,1200,unsat False,0.4306248426437378,0.0,574.4179632663727,581.3001482486725,0.0,n01806143_peacock,fix_nonmask,0,1568,0.0001,vgg16-7,False,0.6508326530456543,"[0, 0, 223, 223]",4704,145824,150528,3.125,random
60,onnx/vgg16-7.onnx,vnnlib/n01806567_quail_global_k1568_eps_0.0001.vnnlib,1200,unsat False,0.3695839047431946,0.0,642.8416368961334,648.4353229999542,0.0,n01806567_quail,global,-1,1568,0.0001,vgg16-7,True,,,4704,145824,150528,3.125,random
66,onnx/vgg16-7.onnx,vnnlib/n01806567_quail_fix_mask_seg0_k1568_eps_0.0001.vnnlib,1200,unsat False,0.3696005344390869,0.0,639.0250144004822,644.8084154129028,0.0,n01806567_quail,fix_mask,0,1568,0.0001,vgg16-7,False,0.8315478563308716,"[0, 1, 223, 222]",4704,145824,150528,3.125,random
72,onnx/vgg16-7.onnx,vnnlib/n01806567_quail_fix_nonmask_seg0_k1568_eps_0.0001.vnnlib,1200,unsat False,0.3696897029876709,0.0,691.9413268566132,697.2966568470001,0.0,n01806567_quail,fix_nonmask,0,1568,0.0001,vgg16-7,False,0.8315478563308716,"[0, 1, 223, 222]",4704,145824,150528,3.125,random
78,onnx/vgg16-7.onnx,vnnlib/n01807496_partridge_global_k1568_eps_0.0001.vnnlib,1200,sat False,-inf,,1.9611759185791016,7.340528726577759,0.0,n01807496_partridge,global,-1,1568,0.0001,vgg16-7,True,,,4704,145824,150528,3.125,random
84,onnx/vgg16-7.onnx,vnnlib/n01807496_partridge_fix_mask_seg0_k1568_eps_0.0001.vnnlib,1200,sat False,-inf,,1.08099365234375,6.424525260925293,0.0,n01807496_partridge,fix_mask,0,1568,0.0001,vgg16-7,False,0.8426869511604309,"[0, 0, 223, 223]",4704,145824,150528,3.125,random
90,onnx/vgg16-7.onnx,vnnlib/n01807496_partridge_fix_nonmask_seg0_k1568_eps_0.0001.vnnlib,1200,sat False,-inf,,1.3408269882202148,6.674249887466431,0.0,n01807496_partridge,fix_nonmask,0,1568,0.0001,vgg16-7,False,0.8426869511604309,"[0, 0, 223, 223]",4704,145824,150528,3.125,random
96,onnx/vgg16-7.onnx,vnnlib/n01817953_African_grey_global_k1568_eps_0.0001.vnnlib,1200,unsat False,1.2018954753875732,0.0,620.3090922832489,625.6754298210144,0.0,n01817953_African_grey,global,-1,1568,0.0001,vgg16-7,True,,,4704,145824,150528,3.125,random
102,onnx/vgg16-7.onnx,vnnlib/n01817953_African_grey_fix_mask_seg0_k1568_eps_0.0001.vnnlib,1200,unsat False,1.2018694877624512,0.0,614.8594856262207,620.1148221492767,0.0,n01817953_African_grey,fix_mask,0,1568,0.0001,vgg16-7,False,0.9353117346763612,"[0, 7, 211, 223]",4704,145824,150528,3.125,random
108,onnx/vgg16-7.onnx,vnnlib/n01817953_African_grey_fix_nonmask_seg0_k1568_eps_0.0001.vnnlib,1200,unsat False,1.2018682956695557,0.0,636.9112839698792,642.2728672027588,0.0,n01817953_African_grey,fix_nonmask,0,1568,0.0001,vgg16-7,False,0.9353117346763612,"[0, 7, 211, 223]",4704,145824,150528,3.125,random
114,onnx/vgg16-7.onnx,vnnlib/n01818515_macaw_global_k1568_eps_0.0001.vnnlib,1200,sat False,-inf,,1.901867151260376,7.221582412719727,0.0,n01818515_macaw,global,-1,1568,0.0001,vgg16-7,True,,,4704,145824,150528,3.125,random
120,onnx/vgg16-7.onnx,vnnlib/n01818515_macaw_fix_mask_seg0_k1568_eps_0.0001.vnnlib,1200,sat False,-inf,,0.9229347705841064,6.006702661514282,0.0,n01818515_macaw,fix_mask,0,1568,0.0001,vgg16-7,False,0.6218724846839905,"[0, 0, 223, 223]",4704,145824,150528,3.125,random
126,onnx/vgg16-7.onnx,vnnlib/n01818515_macaw_fix_nonmask_seg0_k1568_eps_0.0001.vnnlib,1200,sat False,-inf,,2.057213306427002,7.423683404922485,0.0,n01818515_macaw,fix_nonmask,0,1568,0.0001,vgg16-7,False,0.6218724846839905,"[0, 0, 223, 223]",4704,145824,150528,3.125,random
132,onnx/vgg16-7.onnx,vnnlib/n01819313_sulphur-crested_cockatoo_global_k1568_eps_0.0001.vnnlib,1200,sat False,-inf,,1.7782957553863523,7.147097587585449,0.0,n01819313_sulphur-crested_cockatoo,global,-1,1568,0.0001,vgg16-7,True,,,4704,145824,150528,3.125,random
138,onnx/vgg16-7.onnx,vnnlib/n01819313_sulphur-crested_cockatoo_fix_mask_seg0_k1568_eps_0.0001.vnnlib,1200,sat False,-inf,,1.7718174457550049,7.109225034713745,0.0,n01819313_sulphur-crested_cockatoo,fix_mask,0,1568,0.0001,vgg16-7,False,0.9061771631240844,"[0, 0, 223, 223]",4704,145824,150528,3.125,random
144,onnx/vgg16-7.onnx,vnnlib/n01819313_sulphur-crested_cockatoo_fix_nonmask_seg0_k1568_eps_0.0001.vnnlib,1200,sat False,-inf,,3.179344415664673,8.525289297103882,0.0,n01819313_sulphur-crested_cockatoo,fix_nonmask,0,1568,0.0001,vgg16-7,False,0.9061771631240844,"[0, 0, 223, 223]",4704,145824,150528,3.125,random
150,onnx/vgg16-7.onnx,vnnlib/n01820546_lorikeet_global_k1568_eps_0.0001.vnnlib,1200,sat False,-inf,,1.7762067317962646,6.966230392456055,0.0,n01820546_lorikeet,global,-1,1568,0.0001,vgg16-7,True,,,4704,145824,150528,3.125,random
156,onnx/vgg16-7.onnx,vnnlib/n01820546_lorikeet_fix_mask_seg0_k1568_eps_0.0001.vnnlib,1200,sat False,-inf,,3.2570223808288574,8.57879900932312,0.0,n01820546_lorikeet,fix_mask,0,1568,0.0001,vgg16-7,False,0.890245795249939,"[0, 0, 223, 222]",4704,145824,150528,3.125,random
162,onnx/vgg16-7.onnx,vnnlib/n01820546_lorikeet_fix_nonmask_seg0_k1568_eps_0.0001.vnnlib,1200,sat False,-inf,,1.1015634536743164,6.455494403839111,0.0,n01820546_lorikeet,fix_nonmask,0,1568,0.0001,vgg16-7,False,0.890245795249939,"[0, 0, 223, 222]",4704,145824,150528,3.125,random
3,onnx/vgg16-7.onnx,vnnlib/n01796340_ptarmigan_global_k12544_eps_0.0001.vnnlib,1200,sat True,,,,6.5134735107421875,0.0,n01796340_ptarmigan,global,-1,12544,0.0001,vgg16-7,True,,,37632,112896,150528,25.0,random
9,onnx/vgg16-7.onnx,vnnlib/n01796340_ptarmigan_fix_mask_seg0_k12544_eps_0.0001.vnnlib,1200,sat True,,,,5.8677818775177,0.0,n01796340_ptarmigan,fix_mask,0,12544,0.0001,vgg16-7,False,0.8835958242416382,"[0, 0, 223, 223]",18756,131772,150528,12.46014030612245,random
15,onnx/vgg16-7.onnx,vnnlib/n01796340_ptarmigan_fix_nonmask_seg0_k12544_eps_0.0001.vnnlib,1200,sat True,,,,5.834611654281616,0.0,n01796340_ptarmigan,fix_nonmask,0,12544,0.0001,vgg16-7,False,0.8835958242416382,"[0, 0, 223, 223]",37632,112896,150528,25.0,random
21,onnx/vgg16-7.onnx,vnnlib/n01797886_ruffed_grouse_global_k12544_eps_0.0001.vnnlib,1200,sat True,,,,5.932226896286011,0.0,n01797886_ruffed_grouse,global,-1,12544,0.0001,vgg16-7,True,,,37632,112896,150528,25.0,random
27,onnx/vgg16-7.onnx,vnnlib/n01797886_ruffed_grouse_fix_mask_seg0_k12544_eps_0.0001.vnnlib,1200,sat True,,,,5.876533269882202,0.0,n01797886_ruffed_grouse,fix_mask,0,12544,0.0001,vgg16-7,False,0.7455422878265381,"[0, 0, 223, 223]",15657,134871,150528,10.40138711734694,random
33,onnx/vgg16-7.onnx,vnnlib/n01797886_ruffed_grouse_fix_nonmask_seg0_k12544_eps_0.0001.vnnlib,1200,sat True,,,,6.080259799957275,0.0,n01797886_ruffed_grouse,fix_nonmask,0,12544,0.0001,vgg16-7,False,0.7455422878265381,"[0, 0, 223, 223]",37632,112896,150528,25.0,random
39,onnx/vgg16-7.onnx,vnnlib/n01806143_peacock_global_k12544_eps_0.0001.vnnlib,1200,unsat False,0.416772723197937,0.0,669.3637619018555,682.8676824569702,0.0,n01806143_peacock,global,-1,12544,0.0001,vgg16-7,True,,,37632,112896,150528,25.0,random
45,onnx/vgg16-7.onnx,vnnlib/n01806143_peacock_fix_mask_seg0_k12544_eps_0.0001.vnnlib,1200,unsat False,0.4153428673744201,0.0,671.3018310070038,685.894291639328,0.0,n01806143_peacock,fix_mask,0,12544,0.0001,vgg16-7,False,0.6508326530456543,"[0, 0, 223, 223]",37632,112896,150528,25.0,random
51,onnx/vgg16-7.onnx,vnnlib/n01806143_peacock_fix_nonmask_seg0_k12544_eps_0.0001.vnnlib,1200,unsat False,0.4182884991168976,0.0,654.8992834091187,669.2329151630402,0.0,n01806143_peacock,fix_nonmask,0,12544,0.0001,vgg16-7,False,0.6508326530456543,"[0, 0, 223, 223]",37632,112896,150528,25.0,random
57,onnx/vgg16-7.onnx,vnnlib/n01806567_quail_global_k12544_eps_0.0001.vnnlib,1200,unsat False,0.3283589482307434,0.0,764.2895805835724,777.6649949550629,0.0,n01806567_quail,global,-1,12544,0.0001,vgg16-7,True,,,37632,112896,150528,25.0,random
63,onnx/vgg16-7.onnx,vnnlib/n01806567_quail_fix_mask_seg0_k12544_eps_0.0001.vnnlib,1200,unsat False,0.3483340740203857,0.0,705.7899925708771,719.0355887413025,0.0,n01806567_quail,fix_mask,0,12544,0.0001,vgg16-7,False,0.8315478563308716,"[0, 1, 223, 222]",29016,121512,150528,19.276147959183675,random
69,onnx/vgg16-7.onnx,vnnlib/n01806567_quail_fix_nonmask_seg0_k12544_eps_0.0001.vnnlib,1200,unsat False,0.3213392496109009,0.0,826.9744620323181,840.2228918075562,0.0,n01806567_quail,fix_nonmask,0,12544,0.0001,vgg16-7,False,0.8315478563308716,"[0, 1, 223, 222]",37632,112896,150528,25.0,random
75,onnx/vgg16-7.onnx,vnnlib/n01807496_partridge_global_k12544_eps_0.0001.vnnlib,1200,sat True,,,,5.662900924682617,0.0,n01807496_partridge,global,-1,12544,0.0001,vgg16-7,True,,,37632,112896,150528,25.0,random
81,onnx/vgg16-7.onnx,vnnlib/n01807496_partridge_fix_mask_seg0_k12544_eps_0.0001.vnnlib,1200,sat True,,,,5.482141733169556,0.0,n01807496_partridge,fix_mask,0,12544,0.0001,vgg16-7,False,0.8426869511604309,"[0, 0, 223, 223]",19206,131322,150528,12.75908801020408,random
87,onnx/vgg16-7.onnx,vnnlib/n01807496_partridge_fix_nonmask_seg0_k12544_eps_0.0001.vnnlib,1200,sat True,,,,5.604936599731445,0.0,n01807496_partridge,fix_nonmask,0,12544,0.0001,vgg16-7,False,0.8426869511604309,"[0, 0, 223, 223]",37632,112896,150528,25.0,random
93,onnx/vgg16-7.onnx,vnnlib/n01817953_African_grey_global_k12544_eps_0.0001.vnnlib,1200,unsat False,1.192380428314209,0.0,690.2547705173492,703.5548181533813,0.0,n01817953_African_grey,global,-1,12544,0.0001,vgg16-7,True,,,37632,112896,150528,25.0,random
99,onnx/vgg16-7.onnx,vnnlib/n01817953_African_grey_fix_mask_seg0_k12544_eps_0.0001.vnnlib,1200,unsat False,1.1925537586212158,0.0,697.3133435249329,710.5896620750427,0.0,n01817953_African_grey,fix_mask,0,12544,0.0001,vgg16-7,False,0.9353117346763612,"[0, 7, 211, 223]",37632,112896,150528,25.0,random
105,onnx/vgg16-7.onnx,vnnlib/n01817953_African_grey_fix_nonmask_seg0_k12544_eps_0.0001.vnnlib,1200,unsat False,1.1923986673355105,0.0,703.3856270313263,716.6517026424408,0.0,n01817953_African_grey,fix_nonmask,0,12544,0.0001,vgg16-7,False,0.9353117346763612,"[0, 7, 211, 223]",37632,112896,150528,25.0,random
111,onnx/vgg16-7.onnx,vnnlib/n01818515_macaw_global_k12544_eps_0.0001.vnnlib,1200,sat True,,,,5.679076910018921,0.0,n01818515_macaw,global,-1,12544,0.0001,vgg16-7,True,,,37632,112896,150528,25.0,random
117,onnx/vgg16-7.onnx,vnnlib/n01818515_macaw_fix_mask_seg0_k12544_eps_0.0001.vnnlib,1200,sat True,,,,5.646869897842407,0.0,n01818515_macaw,fix_mask,0,12544,0.0001,vgg16-7,False,0.6218724846839905,"[0, 0, 223, 223]",37632,112896,150528,25.0,random
123,onnx/vgg16-7.onnx,vnnlib/n01818515_macaw_fix_nonmask_seg0_k12544_eps_0.0001.vnnlib,1200,sat True,,,,5.66938853263855,0.0,n01818515_macaw,fix_nonmask,0,12544,0.0001,vgg16-7,False,0.6218724846839905,"[0, 0, 223, 223]",37632,112896,150528,25.0,random
129,onnx/vgg16-7.onnx,vnnlib/n01819313_sulphur-crested_cockatoo_global_k12544_eps_0.0001.vnnlib,1200,sat True,,,,5.558089733123779,0.0,n01819313_sulphur-crested_cockatoo,global,-1,12544,0.0001,vgg16-7,True,,,37632,112896,150528,25.0,random
135,onnx/vgg16-7.onnx,vnnlib/n01819313_sulphur-crested_cockatoo_fix_mask_seg0_k12544_eps_0.0001.vnnlib,1200,sat True,,,,5.631770372390747,0.0,n01819313_sulphur-crested_cockatoo,fix_mask,0,12544,0.0001,vgg16-7,False,0.9061771631240844,"[0, 0, 223, 223]",32874,117654,150528,21.839126275510203,random
141,onnx/vgg16-7.onnx,vnnlib/n01819313_sulphur-crested_cockatoo_fix_nonmask_seg0_k12544_eps_0.0001.vnnlib,1200,sat True,,,,5.660034418106079,0.0,n01819313_sulphur-crested_cockatoo,fix_nonmask,0,12544,0.0001,vgg16-7,False,0.9061771631240844,"[0, 0, 223, 223]",37632,112896,150528,25.0,random
147,onnx/vgg16-7.onnx,vnnlib/n01820546_lorikeet_global_k12544_eps_0.0001.vnnlib,1200,sat True,,,,5.347129583358765,0.0,n01820546_lorikeet,global,-1,12544,0.0001,vgg16-7,True,,,37632,112896,150528,25.0,random
153,onnx/vgg16-7.onnx,vnnlib/n01820546_lorikeet_fix_mask_seg0_k12544_eps_0.0001.vnnlib,1200,sat True,,,,5.580198287963867,0.0,n01820546_lorikeet,fix_mask,0,12544,0.0001,vgg16-7,False,0.890245795249939,"[0, 0, 223, 222]",37632,112896,150528,25.0,random
159,onnx/vgg16-7.onnx,vnnlib/n01820546_lorikeet_fix_nonmask_seg0_k12544_eps_0.0001.vnnlib,1200,sat True,,,,5.675417423248291,0.0,n01820546_lorikeet,fix_nonmask,0,12544,0.0001,vgg16-7,False,0.890245795249939,"[0, 0, 223, 222]",37632,112896,150528,25.0,random
5,onnx/vgg16-7.onnx,vnnlib/n01796340_ptarmigan_global_k3136_eps_0.0001.vnnlib,1200,sat False,-inf,,1.849815845489502,7.379534482955933,0.0,n01796340_ptarmigan,global,-1,3136,0.0001,vgg16-7,True,,,9408,141120,150528,6.25,random
11,onnx/vgg16-7.onnx,vnnlib/n01796340_ptarmigan_fix_mask_seg0_k3136_eps_0.0001.vnnlib,1200,sat False,-inf,,0.8516099452972412,6.664562225341797,0.0,n01796340_ptarmigan,fix_mask,0,3136,0.0001,vgg16-7,False,0.8835958242416382,"[0, 0, 223, 223]",9408,141120,150528,6.25,random
17,onnx/vgg16-7.onnx,vnnlib/n01796340_ptarmigan_fix_nonmask_seg0_k3136_eps_0.0001.vnnlib,1200,sat False,-inf,,2.1047873497009277,7.838359832763672,0.0,n01796340_ptarmigan,fix_nonmask,0,3136,0.0001,vgg16-7,False,0.8835958242416382,"[0, 0, 223, 223]",9408,141120,150528,6.25,random
23,onnx/vgg16-7.onnx,vnnlib/n01797886_ruffed_grouse_global_k3136_eps_0.0001.vnnlib,1200,sat False,-inf,,0.930016040802002,6.588969469070435,0.0,n01797886_ruffed_grouse,global,-1,3136,0.0001,vgg16-7,True,,,9408,141120,150528,6.25,random
29,onnx/vgg16-7.onnx,vnnlib/n01797886_ruffed_grouse_fix_mask_seg0_k3136_eps_0.0001.vnnlib,1200,sat False,-inf,,1.387099027633667,7.158068895339966,0.0,n01797886_ruffed_grouse,fix_mask,0,3136,0.0001,vgg16-7,False,0.7455422878265381,"[0, 0, 223, 223]",9408,141120,150528,6.25,random
35,onnx/vgg16-7.onnx,vnnlib/n01797886_ruffed_grouse_fix_nonmask_seg0_k3136_eps_0.0001.vnnlib,1200,sat False,-inf,,0.8173494338989258,6.567847967147827,0.0,n01797886_ruffed_grouse,fix_nonmask,0,3136,0.0001,vgg16-7,False,0.7455422878265381,"[0, 0, 223, 223]",9408,141120,150528,6.25,random
41,onnx/vgg16-7.onnx,vnnlib/n01806143_peacock_global_k3136_eps_0.0001.vnnlib,1200,unsat False,0.4289843440055847,0.0,628.9681923389435,634.9036412239075,0.0,n01806143_peacock,global,-1,3136,0.0001,vgg16-7,True,,,9408,141120,150528,6.25,random
47,onnx/vgg16-7.onnx,vnnlib/n01806143_peacock_fix_mask_seg0_k3136_eps_0.0001.vnnlib,1200,unsat False,0.4287761449813843,0.0,614.7988111972809,621.3207788467407,0.0,n01806143_peacock,fix_mask,0,3136,0.0001,vgg16-7,False,0.6508326530456543,"[0, 0, 223, 223]",9408,141120,150528,6.25,random
53,onnx/vgg16-7.onnx,vnnlib/n01806143_peacock_fix_nonmask_seg0_k3136_eps_0.0001.vnnlib,1200,unsat False,0.4292155802249908,0.0,605.8566966056824,612.6297607421875,0.0,n01806143_peacock,fix_nonmask,0,3136,0.0001,vgg16-7,False,0.6508326530456543,"[0, 0, 223, 223]",9408,141120,150528,6.25,random
59,onnx/vgg16-7.onnx,vnnlib/n01806567_quail_global_k3136_eps_0.0001.vnnlib,1200,unsat False,0.3668572306632995,0.0,658.321010351181,664.0068633556366,0.0,n01806567_quail,global,-1,3136,0.0001,vgg16-7,True,,,9408,141120,150528,6.25,random
65,onnx/vgg16-7.onnx,vnnlib/n01806567_quail_fix_mask_seg0_k3136_eps_0.0001.vnnlib,1200,unsat False,0.3668386340141296,0.0,649.9863419532776,655.6627116203308,0.0,n01806567_quail,fix_mask,0,3136,0.0001,vgg16-7,False,0.8315478563308716,"[0, 1, 223, 222]",9408,141120,150528,6.25,random
71,onnx/vgg16-7.onnx,vnnlib/n01806567_quail_fix_nonmask_seg0_k3136_eps_0.0001.vnnlib,1200,unsat False,0.3668192625045776,0.0,702.1930568218231,707.466451883316,0.0,n01806567_quail,fix_nonmask,0,3136,0.0001,vgg16-7,False,0.8315478563308716,"[0, 1, 223, 222]",9408,141120,150528,6.25,random
77,onnx/vgg16-7.onnx,vnnlib/n01807496_partridge_global_k3136_eps_0.0001.vnnlib,1200,sat False,-inf,,1.6753606796264648,7.047461986541748,0.0,n01807496_partridge,global,-1,3136,0.0001,vgg16-7,True,,,9408,141120,150528,6.25,random
83,onnx/vgg16-7.onnx,vnnlib/n01807496_partridge_fix_mask_seg0_k3136_eps_0.0001.vnnlib,1200,sat False,-inf,,1.140303134918213,6.501117467880249,0.0,n01807496_partridge,fix_mask,0,3136,0.0001,vgg16-7,False,0.8426869511604309,"[0, 0, 223, 223]",9408,141120,150528,6.25,random
89,onnx/vgg16-7.onnx,vnnlib/n01807496_partridge_fix_nonmask_seg0_k3136_eps_0.0001.vnnlib,1200,sat False,-inf,,0.9361672401428224,6.147469997406006,0.0,n01807496_partridge,fix_nonmask,0,3136,0.0001,vgg16-7,False,0.8426869511604309,"[0, 0, 223, 223]",9408,141120,150528,6.25,random
95,onnx/vgg16-7.onnx,vnnlib/n01817953_African_grey_global_k3136_eps_0.0001.vnnlib,1200,unsat False,1.2007486820220947,0.0,617.7935509681702,623.1422049999237,0.0,n01817953_African_grey,global,-1,3136,0.0001,vgg16-7,True,,,9408,141120,150528,6.25,random
101,onnx/vgg16-7.onnx,vnnlib/n01817953_African_grey_fix_mask_seg0_k3136_eps_0.0001.vnnlib,1200,unsat False,1.2007590532302856,0.0,636.9797079563141,642.2548592090607,0.0,n01817953_African_grey,fix_mask,0,3136,0.0001,vgg16-7,False,0.9353117346763612,"[0, 7, 211, 223]",9408,141120,150528,6.25,random
107,onnx/vgg16-7.onnx,vnnlib/n01817953_African_grey_fix_nonmask_seg0_k3136_eps_0.0001.vnnlib,1200,unsat False,1.2007114887237549,0.0,628.8484344482422,634.1452438831329,0.0,n01817953_African_grey,fix_nonmask,0,3136,0.0001,vgg16-7,False,0.9353117346763612,"[0, 7, 211, 223]",9408,141120,150528,6.25,random
113,onnx/vgg16-7.onnx,vnnlib/n01818515_macaw_global_k3136_eps_0.0001.vnnlib,1200,sat False,-inf,,2.9721639156341553,8.36089038848877,0.0,n01818515_macaw,global,-1,3136,0.0001,vgg16-7,True,,,9408,141120,150528,6.25,random
119,onnx/vgg16-7.onnx,vnnlib/n01818515_macaw_fix_mask_seg0_k3136_eps_0.0001.vnnlib,1200,sat False,-inf,,1.4152140617370603,6.786736965179443,0.0,n01818515_macaw,fix_mask,0,3136,0.0001,vgg16-7,False,0.6218724846839905,"[0, 0, 223, 223]",9408,141120,150528,6.25,random
125,onnx/vgg16-7.onnx,vnnlib/n01818515_macaw_fix_nonmask_seg0_k3136_eps_0.0001.vnnlib,1200,sat False,-inf,,1.9506535530090332,7.29125714302063,0.0,n01818515_macaw,fix_nonmask,0,3136,0.0001,vgg16-7,False,0.6218724846839905,"[0, 0, 223, 223]",9408,141120,150528,6.25,random
131,onnx/vgg16-7.onnx,vnnlib/n01819313_sulphur-crested_cockatoo_global_k3136_eps_0.0001.vnnlib,1200,sat False,-inf,,2.914902925491333,8.344868421554565,0.0,n01819313_sulphur-crested_cockatoo,global,-1,3136,0.0001,vgg16-7,True,,,9408,141120,150528,6.25,random
137,onnx/vgg16-7.onnx,vnnlib/n01819313_sulphur-crested_cockatoo_fix_mask_seg0_k3136_eps_0.0001.vnnlib,1200,sat False,-inf,,1.3903262615203855,6.669057130813599,0.0,n01819313_sulphur-crested_cockatoo,fix_mask,0,3136,0.0001,vgg16-7,False,0.9061771631240844,"[0, 0, 223, 223]",9408,141120,150528,6.25,random
143,onnx/vgg16-7.onnx,vnnlib/n01819313_sulphur-crested_cockatoo_fix_nonmask_seg0_k3136_eps_0.0001.vnnlib,1200,sat False,-inf,,3.439411163330078,8.802117586135864,0.0,n01819313_sulphur-crested_cockatoo,fix_nonmask,0,3136,0.0001,vgg16-7,False,0.9061771631240844,"[0, 0, 223, 223]",9408,141120,150528,6.25,random
149,onnx/vgg16-7.onnx,vnnlib/n01820546_lorikeet_global_k3136_eps_0.0001.vnnlib,1200,sat False,-inf,,0.973196268081665,6.2851080894470215,0.0,n01820546_lorikeet,global,-1,3136,0.0001,vgg16-7,True,,,9408,141120,150528,6.25,random
155,onnx/vgg16-7.onnx,vnnlib/n01820546_lorikeet_fix_mask_seg0_k3136_eps_0.0001.vnnlib,1200,sat False,-inf,,1.691272497177124,6.867670774459839,0.0,n01820546_lorikeet,fix_mask,0,3136,0.0001,vgg16-7,False,0.890245795249939,"[0, 0, 223, 222]",9408,141120,150528,6.25,random
161,onnx/vgg16-7.onnx,vnnlib/n01820546_lorikeet_fix_nonmask_seg0_k3136_eps_0.0001.vnnlib,1200,sat False,-inf,,1.087061643600464,6.502586364746094,0.0,n01820546_lorikeet,fix_nonmask,0,3136,0.0001,vgg16-7,False,0.890245795249939,"[0, 0, 223, 222]",9408,141120,150528,6.25,random
2,onnx/vgg16-7.onnx,vnnlib/n01796340_ptarmigan_global_k25088_eps_0.0001.vnnlib,1200,sat True,,,,10.096038818359377,0.0,n01796340_ptarmigan,global,-1,25088,0.0001,vgg16-7,True,,,75264,75264,150528,50.0,random
8,onnx/vgg16-7.onnx,vnnlib/n01796340_ptarmigan_fix_mask_seg0_k25088_eps_0.0001.vnnlib,1200,sat True,,,,6.300607681274414,0.0,n01796340_ptarmigan,fix_mask,0,25088,0.0001,vgg16-7,False,0.8835958242416382,"[0, 0, 223, 223]",18756,131772,150528,12.46014030612245,random
14,onnx/vgg16-7.onnx,vnnlib/n01796340_ptarmigan_fix_nonmask_seg0_k25088_eps_0.0001.vnnlib,1200,sat True,,,,6.168114423751831,0.0,n01796340_ptarmigan,fix_nonmask,0,25088,0.0001,vgg16-7,False,0.8835958242416382,"[0, 0, 223, 223]",75264,75264,150528,50.0,random
20,onnx/vgg16-7.onnx,vnnlib/n01797886_ruffed_grouse_global_k25088_eps_0.0001.vnnlib,1200,sat True,,,,8.713742017745972,0.0,n01797886_ruffed_grouse,global,-1,25088,0.0001,vgg16-7,True,,,75264,75264,150528,50.0,random
26,onnx/vgg16-7.onnx,vnnlib/n01797886_ruffed_grouse_fix_mask_seg0_k25088_eps_0.0001.vnnlib,1200,sat True,,,,5.921928405761719,0.0,n01797886_ruffed_grouse,fix_mask,0,25088,0.0001,vgg16-7,False,0.7455422878265381,"[0, 0, 223, 223]",15657,134871,150528,10.40138711734694,random
32,onnx/vgg16-7.onnx,vnnlib/n01797886_ruffed_grouse_fix_nonmask_seg0_k25088_eps_0.0001.vnnlib,1200,sat True,,,,5.936359882354736,0.0,n01797886_ruffed_grouse,fix_nonmask,0,25088,0.0001,vgg16-7,False,0.7455422878265381,"[0, 0, 223, 223]",75264,75264,150528,50.0,random
38,onnx/vgg16-7.onnx,vnnlib/n01806143_peacock_global_k25088_eps_0.0001.vnnlib,1200,unsat False,0.3852020502090454,0.0,715.5694341659546,729.7095696926117,0.0,n01806143_peacock,global,-1,25088,0.0001,vgg16-7,True,,,75264,75264,150528,50.0,random
44,onnx/vgg16-7.onnx,vnnlib/n01806143_peacock_fix_mask_seg0_k25088_eps_0.0001.vnnlib,1200,unsat False,0.3767180442810058,0.0,731.7236592769623,747.3668525218964,0.0,n01806143_peacock,fix_mask,0,25088,0.0001,vgg16-7,False,0.6508326530456543,"[0, 0, 223, 223]",75264,75264,150528,50.0,random
50,onnx/vgg16-7.onnx,vnnlib/n01806143_peacock_fix_nonmask_seg0_k25088_eps_0.0001.vnnlib,1200,unsat False,0.3998883962631225,0.0,700.7974472045898,714.9524400234222,0.0,n01806143_peacock,fix_nonmask,0,25088,0.0001,vgg16-7,False,0.6508326530456543,"[0, 0, 223, 223]",65850,84678,150528,43.74601403061224,random
56,onnx/vgg16-7.onnx,vnnlib/n01806567_quail_global_k25088_eps_0.0001.vnnlib,1200,timeout False,-2.12770938873291,3.0,2564.8918356895447,2578.0215017795563,0.0,n01806567_quail,global,-1,25088,0.0001,vgg16-7,True,,,75264,75264,150528,50.0,random
62,onnx/vgg16-7.onnx,vnnlib/n01806567_quail_fix_mask_seg0_k25088_eps_0.0001.vnnlib,1200,unsat False,0.3483339548110962,0.0,705.9107222557068,719.2071077823639,0.0,n01806567_quail,fix_mask,0,25088,0.0001,vgg16-7,False,0.8315478563308716,"[0, 1, 223, 222]",29016,121512,150528,19.276147959183675,random
68,onnx/vgg16-7.onnx,vnnlib/n01806567_quail_fix_nonmask_seg0_k25088_eps_0.0001.vnnlib,1200,timeout False,-16.199787139892578,3.0,2898.2073917388916,2911.6734189987183,0.0,n01806567_quail,fix_nonmask,0,25088,0.0001,vgg16-7,False,0.8315478563308716,"[0, 1, 223, 222]",75264,75264,150528,50.0,random
74,onnx/vgg16-7.onnx,vnnlib/n01807496_partridge_global_k25088_eps_0.0001.vnnlib,1200,sat True,,,,5.712655544281006,0.0,n01807496_partridge,global,-1,25088,0.0001,vgg16-7,True,,,75264,75264,150528,50.0,random
80,onnx/vgg16-7.onnx,vnnlib/n01807496_partridge_fix_mask_seg0_k25088_eps_0.0001.vnnlib,1200,sat True,,,,5.656991958618164,0.0,n01807496_partridge,fix_mask,0,25088,0.0001,vgg16-7,False,0.8426869511604309,"[0, 0, 223, 223]",19206,131322,150528,12.75908801020408,random
86,onnx/vgg16-7.onnx,vnnlib/n01807496_partridge_fix_nonmask_seg0_k25088_eps_0.0001.vnnlib,1200,sat True,,,,5.653462171554565,0.0,n01807496_partridge,fix_nonmask,0,25088,0.0001,vgg16-7,False,0.8426869511604309,"[0, 0, 223, 223]",75264,75264,150528,50.0,random
92,onnx/vgg16-7.onnx,vnnlib/n01817953_African_grey_global_k25088_eps_0.0001.vnnlib,1200,unsat False,1.1752475500106812,0.0,736.9129433631897,750.1938860416412,0.0,n01817953_African_grey,global,-1,25088,0.0001,vgg16-7,True,,,75264,75264,150528,50.0,random
98,onnx/vgg16-7.onnx,vnnlib/n01817953_African_grey_fix_mask_seg0_k25088_eps_0.0001.vnnlib,1200,unsat False,1.1861296892166138,0.0,725.6597883701324,738.7139196395874,0.0,n01817953_African_grey,fix_mask,0,25088,0.0001,vgg16-7,False,0.9353117346763612,"[0, 7, 211, 223]",54222,96306,150528,36.021205357142854,random
104,onnx/vgg16-7.onnx,vnnlib/n01817953_African_grey_fix_nonmask_seg0_k25088_eps_0.0001.vnnlib,1200,unsat False,1.173933744430542,0.0,1478.297559261322,1492.045245885849,0.0,n01817953_African_grey,fix_nonmask,0,25088,0.0001,vgg16-7,False,0.9353117346763612,"[0, 7, 211, 223]",75264,75264,150528,50.0,random
110,onnx/vgg16-7.onnx,vnnlib/n01818515_macaw_global_k25088_eps_0.0001.vnnlib,1200,sat True,,,,5.532806873321533,0.0,n01818515_macaw,global,-1,25088,0.0001,vgg16-7,True,,,75264,75264,150528,50.0,random
116,onnx/vgg16-7.onnx,vnnlib/n01818515_macaw_fix_mask_seg0_k25088_eps_0.0001.vnnlib,1200,sat True,,,,5.638702869415283,0.0,n01818515_macaw,fix_mask,0,25088,0.0001,vgg16-7,False,0.6218724846839905,"[0, 0, 223, 223]",75264,75264,150528,50.0,random
122,onnx/vgg16-7.onnx,vnnlib/n01818515_macaw_fix_nonmask_seg0_k25088_eps_0.0001.vnnlib,1200,sat True,,,,5.6732892990112305,0.0,n01818515_macaw,fix_nonmask,0,25088,0.0001,vgg16-7,False,0.6218724846839905,"[0, 0, 223, 223]",58092,92436,150528,38.592155612244895,random
128,onnx/vgg16-7.onnx,vnnlib/n01819313_sulphur-crested_cockatoo_global_k25088_eps_0.0001.vnnlib,1200,sat True,,,,5.475790739059448,0.0,n01819313_sulphur-crested_cockatoo,global,-1,25088,0.0001,vgg16-7,True,,,75264,75264,150528,50.0,random
134,onnx/vgg16-7.onnx,vnnlib/n01819313_sulphur-crested_cockatoo_fix_mask_seg0_k25088_eps_0.0001.vnnlib,1200,sat True,,,,5.587562561035156,0.0,n01819313_sulphur-crested_cockatoo,fix_mask,0,25088,0.0001,vgg16-7,False,0.9061771631240844,"[0, 0, 223, 223]",32874,117654,150528,21.839126275510203,random
140,onnx/vgg16-7.onnx,vnnlib/n01819313_sulphur-crested_cockatoo_fix_nonmask_seg0_k25088_eps_0.0001.vnnlib,1200,sat True,,,,5.600331544876099,0.0,n01819313_sulphur-crested_cockatoo,fix_nonmask,0,25088,0.0001,vgg16-7,False,0.9061771631240844,"[0, 0, 223, 223]",75264,75264,150528,50.0,random
146,onnx/vgg16-7.onnx,vnnlib/n01820546_lorikeet_global_k25088_eps_0.0001.vnnlib,1200,sat True,,,,5.627806663513184,0.0,n01820546_lorikeet,global,-1,25088,0.0001,vgg16-7,True,,,75264,75264,150528,50.0,random
152,onnx/vgg16-7.onnx,vnnlib/n01820546_lorikeet_fix_mask_seg0_k25088_eps_0.0001.vnnlib,1200,sat True,,,,5.636770248413086,0.0,n01820546_lorikeet,fix_mask,0,25088,0.0001,vgg16-7,False,0.890245795249939,"[0, 0, 223, 222]",46434,104094,150528,30.847417091836736,random
158,onnx/vgg16-7.onnx,vnnlib/n01820546_lorikeet_fix_nonmask_seg0_k25088_eps_0.0001.vnnlib,1200,sat True,,,,5.625638723373413,0.0,n01820546_lorikeet,fix_nonmask,0,25088,0.0001,vgg16-7,False,0.890245795249939,"[0, 0, 223, 222]",75264,75264,150528,50.0,random
1,onnx/vgg16-7.onnx,vnnlib/n01796340_ptarmigan_global_k50176_eps_0.0001.vnnlib,1200,sat True,,,,42.29047179222107,0.0,n01796340_ptarmigan,global,-1,50176,0.0001,vgg16-7,True,,,150528,0,150528,100.0,random
7,onnx/vgg16-7.onnx,vnnlib/n01796340_ptarmigan_fix_mask_seg0_k50176_eps_0.0001.vnnlib,1200,sat True,,,,5.7219579219818115,0.0,n01796340_ptarmigan,fix_mask,0,50176,0.0001,vgg16-7,False,0.8835958242416382,"[0, 0, 223, 223]",18756,131772,150528,12.46014030612245,random
13,onnx/vgg16-7.onnx,vnnlib/n01796340_ptarmigan_fix_nonmask_seg0_k50176_eps_0.0001.vnnlib,1200,sat True,,,,6.592387437820435,0.0,n01796340_ptarmigan,fix_nonmask,0,50176,0.0001,vgg16-7,False,0.8835958242416382,"[0, 0, 223, 223]",131772,18756,150528,87.53985969387755,random
19,onnx/vgg16-7.onnx,vnnlib/n01797886_ruffed_grouse_global_k50176_eps_0.0001.vnnlib,1200,sat True,,,,5.8837385177612305,0.0,n01797886_ruffed_grouse,global,-1,50176,0.0001,vgg16-7,True,,,150528,0,150528,100.0,random
25,onnx/vgg16-7.onnx,vnnlib/n01797886_ruffed_grouse_fix_mask_seg0_k50176_eps_0.0001.vnnlib,1200,sat True,,,,6.023904800415039,0.0,n01797886_ruffed_grouse,fix_mask,0,50176,0.0001,vgg16-7,False,0.7455422878265381,"[0, 0, 223, 223]",15657,134871,150528,10.40138711734694,random
31,onnx/vgg16-7.onnx,vnnlib/n01797886_ruffed_grouse_fix_nonmask_seg0_k50176_eps_0.0001.vnnlib,1200,sat True,,,,6.059703350067139,0.0,n01797886_ruffed_grouse,fix_nonmask,0,50176,0.0001,vgg16-7,False,0.7455422878265381,"[0, 0, 223, 223]",134871,15657,150528,89.59861288265306,random
37,onnx/vgg16-7.onnx,vnnlib/n01806143_peacock_global_k50176_eps_0.0001.vnnlib,1200,timeout False,-0.1141931116580963,3.0,2298.537537574768,2311.9651017189026,0.0,n01806143_peacock,global,-1,50176,0.0001,vgg16-7,True,,,150528,0,150528,100.0,random
43,onnx/vgg16-7.onnx,vnnlib/n01806143_peacock_fix_mask_seg0_k50176_eps_0.0001.vnnlib,1200,unsat False,0.3598036170005798,0.0,734.0487427711487,748.7462828159332,0.0,n01806143_peacock,fix_mask,0,50176,0.0001,vgg16-7,False,0.6508326530456543,"[0, 0, 223, 223]",84678,65850,150528,56.25398596938776,random
49,onnx/vgg16-7.onnx,vnnlib/n01806143_peacock_fix_nonmask_seg0_k50176_eps_0.0001.vnnlib,1200,unsat False,0.3998888731002807,0.0,704.1054165363312,718.421835899353,0.0,n01806143_peacock,fix_nonmask,0,50176,0.0001,vgg16-7,False,0.6508326530456543,"[0, 0, 223, 223]",65850,84678,150528,43.74601403061224,random
55,onnx/vgg16-7.onnx,vnnlib/n01806567_quail_global_k50176_eps_0.0001.vnnlib,1200,timeout False,-93856.1484375,3.0,3954.1777482032776,3968.5061638355255,0.0,n01806567_quail,global,-1,50176,0.0001,vgg16-7,True,,,150528,0,150528,100.0,random
61,onnx/vgg16-7.onnx,vnnlib/n01806567_quail_fix_mask_seg0_k50176_eps_0.0001.vnnlib,1200,unsat False,0.3483340144157409,0.0,713.4623720645905,726.9692106246948,0.0,n01806567_quail,fix_mask,0,50176,0.0001,vgg16-7,False,0.8315478563308716,"[0, 1, 223, 222]",29016,121512,150528,19.276147959183675,random
67,onnx/vgg16-7.onnx,vnnlib/n01806567_quail_fix_nonmask_seg0_k50176_eps_0.0001.vnnlib,1200,timeout False,-41856.390625,3.0,3835.91402554512,3853.968428850174,0.0,n01806567_quail,fix_nonmask,0,50176,0.0001,vgg16-7,False,0.8315478563308716,"[0, 1, 223, 222]",121512,29016,150528,80.72385204081633,random
73,onnx/vgg16-7.onnx,vnnlib/n01807496_partridge_global_k50176_eps_0.0001.vnnlib,1200,sat True,,,,5.6559178829193115,0.0,n01807496_partridge,global,-1,50176,0.0001,vgg16-7,True,,,150528,0,150528,100.0,random
79,onnx/vgg16-7.onnx,vnnlib/n01807496_partridge_fix_mask_seg0_k50176_eps_0.0001.vnnlib,1200,sat True,,,,5.703643560409546,0.0,n01807496_partridge,fix_mask,0,50176,0.0001,vgg16-7,False,0.8426869511604309,"[0, 0, 223, 223]",19206,131322,150528,12.75908801020408,random
85,onnx/vgg16-7.onnx,vnnlib/n01807496_partridge_fix_nonmask_seg0_k50176_eps_0.0001.vnnlib,1200,sat True,,,,5.635981321334839,0.0,n01807496_partridge,fix_nonmask,0,50176,0.0001,vgg16-7,False,0.8426869511604309,"[0, 0, 223, 223]",131322,19206,150528,87.24091198979592,random
91,onnx/vgg16-7.onnx,vnnlib/n01817953_African_grey_global_k50176_eps_0.0001.vnnlib,1200,unsat False,1.0521923303604126,0.0,839.3825998306274,852.6263477802277,0.0,n01817953_African_grey,global,-1,50176,0.0001,vgg16-7,True,,,150528,0,150528,100.0,random
97,onnx/vgg16-7.onnx,vnnlib/n01817953_African_grey_fix_mask_seg0_k50176_eps_0.0001.vnnlib,1200,unsat False,1.186128854751587,0.0,1437.8896548748016,1451.2301235198977,0.0,n01817953_African_grey,fix_mask,0,50176,0.0001,vgg16-7,False,0.9353117346763612,"[0, 7, 211, 223]",54222,96306,150528,36.021205357142854,random
103,onnx/vgg16-7.onnx,vnnlib/n01817953_African_grey_fix_nonmask_seg0_k50176_eps_0.0001.vnnlib,1200,unsat False,1.1555545330047607,0.0,772.5742225646973,785.6838648319244,0.0,n01817953_African_grey,fix_nonmask,0,50176,0.0001,vgg16-7,False,0.9353117346763612,"[0, 7, 211, 223]",96306,54222,150528,63.978794642857146,random
109,onnx/vgg16-7.onnx,vnnlib/n01818515_macaw_global_k50176_eps_0.0001.vnnlib,1200,sat True,,,,5.403079509735107,0.0,n01818515_macaw,global,-1,50176,0.0001,vgg16-7,True,,,150528,0,150528,100.0,random
115,onnx/vgg16-7.onnx,vnnlib/n01818515_macaw_fix_mask_seg0_k50176_eps_0.0001.vnnlib,1200,sat True,,,,5.624136209487915,0.0,n01818515_macaw,fix_mask,0,50176,0.0001,vgg16-7,False,0.6218724846839905,"[0, 0, 223, 223]",92436,58092,150528,61.407844387755105,random
121,onnx/vgg16-7.onnx,vnnlib/n01818515_macaw_fix_nonmask_seg0_k50176_eps_0.0001.vnnlib,1200,sat True,,,,5.707907676696777,0.0,n01818515_macaw,fix_nonmask,0,50176,0.0001,vgg16-7,False,0.6218724846839905,"[0, 0, 223, 223]",58092,92436,150528,38.592155612244895,random
127,onnx/vgg16-7.onnx,vnnlib/n01819313_sulphur-crested_cockatoo_global_k50176_eps_0.0001.vnnlib,1200,sat True,,,,6.38863730430603,0.0,n01819313_sulphur-crested_cockatoo,global,-1,50176,0.0001,vgg16-7,True,,,150528,0,150528,100.0,random
133,onnx/vgg16-7.onnx,vnnlib/n01819313_sulphur-crested_cockatoo_fix_mask_seg0_k50176_eps_0.0001.vnnlib,1200,sat True,,,,5.658007383346558,0.0,n01819313_sulphur-crested_cockatoo,fix_mask,0,50176,0.0001,vgg16-7,False,0.9061771631240844,"[0, 0, 223, 223]",32874,117654,150528,21.839126275510203,random
139,onnx/vgg16-7.onnx,vnnlib/n01819313_sulphur-crested_cockatoo_fix_nonmask_seg0_k50176_eps_0.0001.vnnlib,1200,sat True,,,,5.661935091018677,0.0,n01819313_sulphur-crested_cockatoo,fix_nonmask,0,50176,0.0001,vgg16-7,False,0.9061771631240844,"[0, 0, 223, 223]",117654,32874,150528,78.16087372448979,random
145,onnx/vgg16-7.onnx,vnnlib/n01820546_lorikeet_global_k50176_eps_0.0001.vnnlib,1200,sat True,,,,5.693421363830566,0.0,n01820546_lorikeet,global,-1,50176,0.0001,vgg16-7,True,,,150528,0,150528,100.0,random
151,onnx/vgg16-7.onnx,vnnlib/n01820546_lorikeet_fix_mask_seg0_k50176_eps_0.0001.vnnlib,1200,sat True,,,,5.633068799972534,0.0,n01820546_lorikeet,fix_mask,0,50176,0.0001,vgg16-7,False,0.890245795249939,"[0, 0, 223, 222]",46434,104094,150528,30.847417091836736,random
157,onnx/vgg16-7.onnx,vnnlib/n01820546_lorikeet_fix_nonmask_seg0_k50176_eps_0.0001.vnnlib,1200,sat True,,,,5.656579971313477,0.0,n01820546_lorikeet,fix_nonmask,0,50176,0.0001,vgg16-7,False,0.890245795249939,"[0, 0, 223, 222]",104094,46434,150528,69.15258290816327,random
4,onnx/vgg16-7.onnx,vnnlib/n01796340_ptarmigan_global_k6272_eps_0.0001.vnnlib,1200,sat True,,,,6.16139030456543,0.0,n01796340_ptarmigan,global,-1,6272,0.0001,vgg16-7,True,,,18816,131712,150528,12.5,random
10,onnx/vgg16-7.onnx,vnnlib/n01796340_ptarmigan_fix_mask_seg0_k6272_eps_0.0001.vnnlib,1200,sat True,,,,6.405208349227905,0.0,n01796340_ptarmigan,fix_mask,0,6272,0.0001,vgg16-7,False,0.8835958242416382,"[0, 0, 223, 223]",18756,131772,150528,12.46014030612245,random
16,onnx/vgg16-7.onnx,vnnlib/n01796340_ptarmigan_fix_nonmask_seg0_k6272_eps_0.0001.vnnlib,1200,sat True,,,,5.985949754714966,0.0,n01796340_ptarmigan,fix_nonmask,0,6272,0.0001,vgg16-7,False,0.8835958242416382,"[0, 0, 223, 223]",18816,131712,150528,12.5,random
22,onnx/vgg16-7.onnx,vnnlib/n01797886_ruffed_grouse_global_k6272_eps_0.0001.vnnlib,1200,sat True,,,,6.034867525100708,0.0,n01797886_ruffed_grouse,global,-1,6272,0.0001,vgg16-7,True,,,18816,131712,150528,12.5,random
28,onnx/vgg16-7.onnx,vnnlib/n01797886_ruffed_grouse_fix_mask_seg0_k6272_eps_0.0001.vnnlib,1200,sat True,,,,5.960892915725708,0.0,n01797886_ruffed_grouse,fix_mask,0,6272,0.0001,vgg16-7,False,0.7455422878265381,"[0, 0, 223, 223]",15657,134871,150528,10.40138711734694,random
34,onnx/vgg16-7.onnx,vnnlib/n01797886_ruffed_grouse_fix_nonmask_seg0_k6272_eps_0.0001.vnnlib,1200,sat True,,,,6.021040678024292,0.0,n01797886_ruffed_grouse,fix_nonmask,0,6272,0.0001,vgg16-7,False,0.7455422878265381,"[0, 0, 223, 223]",18816,131712,150528,12.5,random
40,onnx/vgg16-7.onnx,vnnlib/n01806143_peacock_global_k6272_eps_0.0001.vnnlib,1200,unsat False,0.4255235195159912,0.0,648.7505292892456,662.1156527996063,0.0,n01806143_peacock,global,-1,6272,0.0001,vgg16-7,True,,,18816,131712,150528,12.5,random
46,onnx/vgg16-7.onnx,vnnlib/n01806143_peacock_fix_mask_seg0_k6272_eps_0.0001.vnnlib,1200,unsat False,0.4251353144645691,0.0,656.8034906387329,671.1017391681671,0.0,n01806143_peacock,fix_mask,0,6272,0.0001,vgg16-7,False,0.6508326530456543,"[0, 0, 223, 223]",18816,131712,150528,12.5,random
52,onnx/vgg16-7.onnx,vnnlib/n01806143_peacock_fix_nonmask_seg0_k6272_eps_0.0001.vnnlib,1200,unsat False,0.4261254072189331,0.0,645.5240662097931,659.9958529472351,0.0,n01806143_peacock,fix_nonmask,0,6272,0.0001,vgg16-7,False,0.6508326530456543,"[0, 0, 223, 223]",18816,131712,150528,12.5,random
58,onnx/vgg16-7.onnx,vnnlib/n01806567_quail_global_k6272_eps_0.0001.vnnlib,1200,unsat False,0.3591671586036682,0.0,680.3391726016998,693.569586277008,0.0,n01806567_quail,global,-1,6272,0.0001,vgg16-7,True,,,18816,131712,150528,12.5,random
64,onnx/vgg16-7.onnx,vnnlib/n01806567_quail_fix_mask_seg0_k6272_eps_0.0001.vnnlib,1200,unsat False,0.3597753047943115,0.0,677.1628649234772,690.4888546466827,0.0,n01806567_quail,fix_mask,0,6272,0.0001,vgg16-7,False,0.8315478563308716,"[0, 1, 223, 222]",18816,131712,150528,12.5,random
70,onnx/vgg16-7.onnx,vnnlib/n01806567_quail_fix_nonmask_seg0_k6272_eps_0.0001.vnnlib,1200,unsat False,0.3588234186172485,0.0,752.0152888298035,767.6068563461304,0.0,n01806567_quail,fix_nonmask,0,6272,0.0001,vgg16-7,False,0.8315478563308716,"[0, 1, 223, 222]",18816,131712,150528,12.5,random
76,onnx/vgg16-7.onnx,vnnlib/n01807496_partridge_global_k6272_eps_0.0001.vnnlib,1200,sat True,,,,5.671087265014648,0.0,n01807496_partridge,global,-1,6272,0.0001,vgg16-7,True,,,18816,131712,150528,12.5,random
82,onnx/vgg16-7.onnx,vnnlib/n01807496_partridge_fix_mask_seg0_k6272_eps_0.0001.vnnlib,1200,sat True,,,,5.647542715072632,0.0,n01807496_partridge,fix_mask,0,6272,0.0001,vgg16-7,False,0.8426869511604309,"[0, 0, 223, 223]",18816,131712,150528,12.5,random
88,onnx/vgg16-7.onnx,vnnlib/n01807496_partridge_fix_nonmask_seg0_k6272_eps_0.0001.vnnlib,1200,sat True,,,,5.669463396072388,0.0,n01807496_partridge,fix_nonmask,0,6272,0.0001,vgg16-7,False,0.8426869511604309,"[0, 0, 223, 223]",18816,131712,150528,12.5,random
94,onnx/vgg16-7.onnx,vnnlib/n01817953_African_grey_global_k6272_eps_0.0001.vnnlib,1200,unsat False,1.1982282400131226,0.0,684.2654821872711,697.6524066925049,0.0,n01817953_African_grey,global,-1,6272,0.0001,vgg16-7,True,,,18816,131712,150528,12.5,random
100,onnx/vgg16-7.onnx,vnnlib/n01817953_African_grey_fix_mask_seg0_k6272_eps_0.0001.vnnlib,1200,unsat False,1.198331594467163,0.0,660.8739216327667,674.1716532707214,0.0,n01817953_African_grey,fix_mask,0,6272,0.0001,vgg16-7,False,0.9353117346763612,"[0, 7, 211, 223]",18816,131712,150528,12.5,random
106,onnx/vgg16-7.onnx,vnnlib/n01817953_African_grey_fix_nonmask_seg0_k6272_eps_0.0001.vnnlib,1200,unsat False,1.198293924331665,0.0,684.3104267120361,697.5472524166107,0.0,n01817953_African_grey,fix_nonmask,0,6272,0.0001,vgg16-7,False,0.9353117346763612,"[0, 7, 211, 223]",18816,131712,150528,12.5,random
112,onnx/vgg16-7.onnx,vnnlib/n01818515_macaw_global_k6272_eps_0.0001.vnnlib,1200,sat True,,,,5.44784140586853,0.0,n01818515_macaw,global,-1,6272,0.0001,vgg16-7,True,,,18816,131712,150528,12.5,random
118,onnx/vgg16-7.onnx,vnnlib/n01818515_macaw_fix_mask_seg0_k6272_eps_0.0001.vnnlib,1200,sat True,,,,5.466165781021118,0.0,n01818515_macaw,fix_mask,0,6272,0.0001,vgg16-7,False,0.6218724846839905,"[0, 0, 223, 223]",18816,131712,150528,12.5,random
124,onnx/vgg16-7.onnx,vnnlib/n01818515_macaw_fix_nonmask_seg0_k6272_eps_0.0001.vnnlib,1200,sat True,,,,5.655040502548218,0.0,n01818515_macaw,fix_nonmask,0,6272,0.0001,vgg16-7,False,0.6218724846839905,"[0, 0, 223, 223]",18816,131712,150528,12.5,random
130,onnx/vgg16-7.onnx,vnnlib/n01819313_sulphur-crested_cockatoo_global_k6272_eps_0.0001.vnnlib,1200,sat True,,,,5.6196863651275635,0.0,n01819313_sulphur-crested_cockatoo,global,-1,6272,0.0001,vgg16-7,True,,,18816,131712,150528,12.5,random
136,onnx/vgg16-7.onnx,vnnlib/n01819313_sulphur-crested_cockatoo_fix_mask_seg0_k6272_eps_0.0001.vnnlib,1200,sat True,,,,5.635220766067505,0.0,n01819313_sulphur-crested_cockatoo,fix_mask,0,6272,0.0001,vgg16-7,False,0.9061771631240844,"[0, 0, 223, 223]",18816,131712,150528,12.5,random
142,onnx/vgg16-7.onnx,vnnlib/n01819313_sulphur-crested_cockatoo_fix_nonmask_seg0_k6272_eps_0.0001.vnnlib,1200,sat True,,,,5.5044615268707275,0.0,n01819313_sulphur-crested_cockatoo,fix_nonmask,0,6272,0.0001,vgg16-7,False,0.9061771631240844,"[0, 0, 223, 223]",18816,131712,150528,12.5,random
148,onnx/vgg16-7.onnx,vnnlib/n01820546_lorikeet_global_k6272_eps_0.0001.vnnlib,1200,sat True,,,,5.632786512374878,0.0,n01820546_lorikeet,global,-1,6272,0.0001,vgg16-7,True,,,18816,131712,150528,12.5,random
154,onnx/vgg16-7.onnx,vnnlib/n01820546_lorikeet_fix_mask_seg0_k6272_eps_0.0001.vnnlib,1200,sat True,,,,5.670487642288208,0.0,n01820546_lorikeet,fix_mask,0,6272,0.0001,vgg16-7,False,0.890245795249939,"[0, 0, 223, 222]",18816,131712,150528,12.5,random
160,onnx/vgg16-7.onnx,vnnlib/n01820546_lorikeet_fix_nonmask_seg0_k6272_eps_0.0001.vnnlib,1200,sat True,,,,5.401143789291382,0.0,n01820546_lorikeet,fix_nonmask,0,6272,0.0001,vgg16-7,False,0.890245795249939,"[0, 0, 223, 222]",18816,131712,150528,12.5,random
6,onnx/vgg16-7.onnx,vnnlib/n01770393_scorpion_global_k1568_eps_0.0001.vnnlib,1200,sat False,-inf,,1.7151179313659668,6.969444513320923,0.0,n01770393_scorpion,global,-1,1568,0.0001,vgg16-7,True,,,4704,145824,150528,3.125,random
12,onnx/vgg16-7.onnx,vnnlib/n01770393_scorpion_fix_mask_seg0_k1568_eps_0.0001.vnnlib,1200,sat False,-inf,,1.713613986968994,7.013993740081787,0.0,n01770393_scorpion,fix_mask,0,1568,0.0001,vgg16-7,False,0.8547707200050354,"[0, 0, 223, 223]",4704,145824,150528,3.125,random
18,onnx/vgg16-7.onnx,vnnlib/n01770393_scorpion_fix_nonmask_seg0_k1568_eps_0.0001.vnnlib,1200,sat False,-inf,,0.922825574874878,6.1786394119262695,0.0,n01770393_scorpion,fix_nonmask,0,1568,0.0001,vgg16-7,False,0.8547707200050354,"[0, 0, 223, 223]",4704,145824,150528,3.125,random
24,onnx/vgg16-7.onnx,vnnlib/n01773157_black_and_gold_garden_spider_global_k1568_eps_0.0001.vnnlib,1200,sat False,-inf,,1.3015966415405271,6.6451263427734375,0.0,n01773157_black_and_gold_garden_spider,global,-1,1568,0.0001,vgg16-7,True,,,4704,145824,150528,3.125,random
30,onnx/vgg16-7.onnx,vnnlib/n01773157_black_and_gold_garden_spider_fix_mask_seg0_k1568_eps_0.0001.vnnlib,1200,sat False,-inf,,1.3566668033599854,6.622403383255005,0.0,n01773157_black_and_gold_garden_spider,fix_mask,0,1568,0.0001,vgg16-7,False,0.896748423576355,"[0, 0, 223, 223]",4704,145824,150528,3.125,random
36,onnx/vgg16-7.onnx,vnnlib/n01773157_black_and_gold_garden_spider_fix_nonmask_seg0_k1568_eps_0.0001.vnnlib,1200,sat False,-inf,,2.404181957244873,7.779159069061279,0.0,n01773157_black_and_gold_garden_spider,fix_nonmask,0,1568,0.0001,vgg16-7,False,0.896748423576355,"[0, 0, 223, 223]",4704,145824,150528,3.125,random
42,onnx/vgg16-7.onnx,vnnlib/n01773797_garden_spider_global_k1568_eps_0.0001.vnnlib,1200,unsat False,0.7679808139801025,0.0,643.6847126483917,648.8372910022736,0.0,n01773797_garden_spider,global,-1,1568,0.0001,vgg16-7,True,,,4704,145824,150528,3.125,random
48,onnx/vgg16-7.onnx,vnnlib/n01773797_garden_spider_fix_mask_seg0_k1568_eps_0.0001.vnnlib,1200,unsat False,0.7678216695785522,0.0,673.25155210495,678.5082676410675,0.0,n01773797_garden_spider,fix_mask,0,1568,0.0001,vgg16-7,False,0.806507408618927,"[0, 0, 223, 223]",4704,145824,150528,3.125,random
54,onnx/vgg16-7.onnx,vnnlib/n01773797_garden_spider_fix_nonmask_seg0_k1568_eps_0.0001.vnnlib,1200,unsat False,0.7679901123046875,0.0,636.7290287017822,646.0038249492645,0.0,n01773797_garden_spider,fix_nonmask,0,1568,0.0001,vgg16-7,False,0.806507408618927,"[0, 0, 223, 223]",4704,145824,150528,3.125,random
60,onnx/vgg16-7.onnx,vnnlib/n01774384_black_widow_global_k1568_eps_0.0001.vnnlib,1200,unsat False,0.2339052855968475,0.0,718.9866669178009,724.3944046497345,0.0,n01774384_black_widow,global,-1,1568,0.0001,vgg16-7,True,,,4704,145824,150528,3.125,random
66,onnx/vgg16-7.onnx,vnnlib/n01774384_black_widow_fix_mask_seg0_k1568_eps_0.0001.vnnlib,1200,unsat False,0.2331494092941284,0.0,704.7623755931854,709.9486992359161,0.0,n01774384_black_widow,fix_mask,0,1568,0.0001,vgg16-7,False,0.9165510535240172,"[0, 0, 223, 223]",4704,145824,150528,3.125,random
72,onnx/vgg16-7.onnx,vnnlib/n01774384_black_widow_fix_nonmask_seg0_k1568_eps_0.0001.vnnlib,1200,unsat False,0.2338363230228424,0.0,724.4230535030365,729.9582171440125,0.0,n01774384_black_widow,fix_nonmask,0,1568,0.0001,vgg16-7,False,0.9165510535240172,"[0, 0, 223, 223]",4704,145824,150528,3.125,random
78,onnx/vgg16-7.onnx,vnnlib/n01774750_tarantula_global_k1568_eps_0.0001.vnnlib,1200,sat False,-inf,,2.9981536865234375,8.582033157348633,0.0,n01774750_tarantula,global,-1,1568,0.0001,vgg16-7,True,,,4704,145824,150528,3.125,random
84,onnx/vgg16-7.onnx,vnnlib/n01774750_tarantula_fix_mask_seg0_k1568_eps_0.0001.vnnlib,1200,sat False,-inf,,2.6080334186553955,8.1065034866333,0.0,n01774750_tarantula,fix_mask,0,1568,0.0001,vgg16-7,False,0.6544653177261353,"[0, 0, 223, 223]",4704,145824,150528,3.125,random
90,onnx/vgg16-7.onnx,vnnlib/n01774750_tarantula_fix_nonmask_seg0_k1568_eps_0.0001.vnnlib,1200,sat False,-inf,,3.400442361831665,8.756948709487915,0.0,n01774750_tarantula,fix_nonmask,0,1568,0.0001,vgg16-7,False,0.6544653177261353,"[0, 0, 223, 223]",4704,145824,150528,3.125,random
96,onnx/vgg16-7.onnx,vnnlib/n01775062_wolf_spider_global_k1568_eps_0.0001.vnnlib,1200,sat False,-inf,,3.396007537841797,8.752599000930786,0.0,n01775062_wolf_spider,global,-1,1568,0.0001,vgg16-7,True,,,4704,145824,150528,3.125,random
102,onnx/vgg16-7.onnx,vnnlib/n01775062_wolf_spider_fix_mask_seg0_k1568_eps_0.0001.vnnlib,1200,sat False,-inf,,1.857105731964111,7.05893874168396,0.0,n01775062_wolf_spider,fix_mask,0,1568,0.0001,vgg16-7,False,0.8705556392669678,"[0, 0, 223, 223]",4704,145824,150528,3.125,random
108,onnx/vgg16-7.onnx,vnnlib/n01775062_wolf_spider_fix_nonmask_seg0_k1568_eps_0.0001.vnnlib,1200,sat False,-inf,,0.960792064666748,6.202822208404541,0.0,n01775062_wolf_spider,fix_nonmask,0,1568,0.0001,vgg16-7,False,0.8705556392669678,"[0, 0, 223, 223]",4704,145824,150528,3.125,random
114,onnx/vgg16-7.onnx,vnnlib/n01776313_tick_global_k1568_eps_0.0001.vnnlib,1200,unsat False,0.8680196404457092,0.0,603.4329288005829,608.8556697368622,0.0,n01776313_tick,global,-1,1568,0.0001,vgg16-7,True,,,4704,145824,150528,3.125,random
120,onnx/vgg16-7.onnx,vnnlib/n01776313_tick_fix_mask_seg0_k1568_eps_0.0001.vnnlib,1200,unsat False,0.8672958612442017,0.0,617.5413746833801,622.9248156547546,0.0,n01776313_tick,fix_mask,0,1568,0.0001,vgg16-7,False,0.9280468225479126,"[0, 0, 223, 223]",4704,145824,150528,3.125,random
126,onnx/vgg16-7.onnx,vnnlib/n01776313_tick_fix_nonmask_seg0_k1568_eps_0.0001.vnnlib,1200,unsat False,0.8680608868598938,0.0,605.763429403305,610.0080778598785,0.0,n01776313_tick,fix_nonmask,0,1568,0.0001,vgg16-7,False,0.9280468225479126,"[0, 0, 223, 223]",4704,145824,150528,3.125,random
132,onnx/vgg16-7.onnx,vnnlib/n01784675_centipede_global_k1568_eps_0.0001.vnnlib,1200,unsat False,0.20077645778656,0.0,606.6866722106934,612.268631696701,0.0,n01784675_centipede,global,-1,1568,0.0001,vgg16-7,True,,,4704,145824,150528,3.125,random
138,onnx/vgg16-7.onnx,vnnlib/n01784675_centipede_fix_mask_seg0_k1568_eps_0.0001.vnnlib,1200,unsat False,0.2007538974285125,0.0,604.50248503685,609.8694546222687,0.0,n01784675_centipede,fix_mask,0,1568,0.0001,vgg16-7,False,0.813295841217041,"[0, 0, 223, 223]",4704,145824,150528,3.125,random
144,onnx/vgg16-7.onnx,vnnlib/n01784675_centipede_fix_nonmask_seg0_k1568_eps_0.0001.vnnlib,1200,unsat False,0.2008123844861984,0.0,609.5021970272064,614.645717382431,0.0,n01784675_centipede,fix_nonmask,0,1568,0.0001,vgg16-7,False,0.813295841217041,"[0, 0, 223, 223]",4704,145824,150528,3.125,random
150,onnx/vgg16-7.onnx,vnnlib/n01795545_black_grouse_global_k1568_eps_0.0001.vnnlib,1200,unsat False,1.6430598497390747,0.0,671.4607112407684,676.8507039546967,0.0,n01795545_black_grouse,global,-1,1568,0.0001,vgg16-7,True,,,4704,145824,150528,3.125,random
156,onnx/vgg16-7.onnx,vnnlib/n01795545_black_grouse_fix_mask_seg0_k1568_eps_0.0001.vnnlib,1200,unsat False,1.6425856351852417,0.0,689.3722240924835,694.7071626186371,0.0,n01795545_black_grouse,fix_mask,0,1568,0.0001,vgg16-7,False,0.8694159984588623,"[0, 0, 223, 223]",4704,145824,150528,3.125,random
162,onnx/vgg16-7.onnx,vnnlib/n01795545_black_grouse_fix_nonmask_seg0_k1568_eps_0.0001.vnnlib,1200,unsat False,1.643176555633545,0.0,669.2685968875885,674.4631297588348,0.0,n01795545_black_grouse,fix_nonmask,0,1568,0.0001,vgg16-7,False,0.8694159984588623,"[0, 0, 223, 223]",4704,145824,150528,3.125,random
3,onnx/vgg16-7.onnx,vnnlib/n01770393_scorpion_global_k12544_eps_0.0001.vnnlib,1200,sat True,,,,5.767087697982788,0.0,n01770393_scorpion,global,-1,12544,0.0001,vgg16-7,True,,,37632,112896,150528,25.0,random
9,onnx/vgg16-7.onnx,vnnlib/n01770393_scorpion_fix_mask_seg0_k12544_eps_0.0001.vnnlib,1200,sat True,,,,5.874565124511719,0.0,n01770393_scorpion,fix_mask,0,12544,0.0001,vgg16-7,False,0.8547707200050354,"[0, 0, 223, 223]",22296,128232,150528,14.81186224489796,random
15,onnx/vgg16-7.onnx,vnnlib/n01770393_scorpion_fix_nonmask_seg0_k12544_eps_0.0001.vnnlib,1200,sat True,,,,5.638407945632935,0.0,n01770393_scorpion,fix_nonmask,0,12544,0.0001,vgg16-7,False,0.8547707200050354,"[0, 0, 223, 223]",37632,112896,150528,25.0,random
21,onnx/vgg16-7.onnx,vnnlib/n01773157_black_and_gold_garden_spider_global_k12544_eps_0.0001.vnnlib,1200,sat True,,,,5.678326845169067,0.0,n01773157_black_and_gold_garden_spider,global,-1,12544,0.0001,vgg16-7,True,,,37632,112896,150528,25.0,random
27,onnx/vgg16-7.onnx,vnnlib/n01773157_black_and_gold_garden_spider_fix_mask_seg0_k12544_eps_0.0001.vnnlib,1200,sat True,,,,5.411804676055908,0.0,n01773157_black_and_gold_garden_spider,fix_mask,0,12544,0.0001,vgg16-7,False,0.896748423576355,"[0, 0, 223, 223]",12864,137664,150528,8.545918367346939,random
33,onnx/vgg16-7.onnx,vnnlib/n01773157_black_and_gold_garden_spider_fix_nonmask_seg0_k12544_eps_0.0001.vnnlib,1200,sat True,,,,5.442519187927246,0.0,n01773157_black_and_gold_garden_spider,fix_nonmask,0,12544,0.0001,vgg16-7,False,0.896748423576355,"[0, 0, 223, 223]",37632,112896,150528,25.0,random
39,onnx/vgg16-7.onnx,vnnlib/n01773797_garden_spider_global_k12544_eps_0.0001.vnnlib,1200,unsat False,0.7607486844062805,0.0,715.8063354492188,728.8324477672577,0.0,n01773797_garden_spider,global,-1,12544,0.0001,vgg16-7,True,,,37632,112896,150528,25.0,random
45,onnx/vgg16-7.onnx,vnnlib/n01773797_garden_spider_fix_mask_seg0_k12544_eps_0.0001.vnnlib,1200,unsat False,0.764234185218811,0.0,678.2259356975555,691.2994680404663,0.0,n01773797_garden_spider,fix_mask,0,12544,0.0001,vgg16-7,False,0.806507408618927,"[0, 0, 223, 223]",21057,129471,150528,13.98875956632653,random
51,onnx/vgg16-7.onnx,vnnlib/n01773797_garden_spider_fix_nonmask_seg0_k12544_eps_0.0001.vnnlib,1200,unsat False,0.7609109282493591,0.0,715.0680150985718,728.3458683490753,0.0,n01773797_garden_spider,fix_nonmask,0,12544,0.0001,vgg16-7,False,0.806507408618927,"[0, 0, 223, 223]",37632,112896,150528,25.0,random
57,onnx/vgg16-7.onnx,vnnlib/n01774384_black_widow_global_k12544_eps_0.0001.vnnlib,1200,unsat False,0.1906972825527191,0.0,916.2923340797424,929.301946401596,0.0,n01774384_black_widow,global,-1,12544,0.0001,vgg16-7,True,,,37632,112896,150528,25.0,random
63,onnx/vgg16-7.onnx,vnnlib/n01774384_black_widow_fix_mask_seg0_k12544_eps_0.0001.vnnlib,1200,unsat False,0.2295712232589721,0.0,771.9433879852295,775.954288482666,0.0,n01774384_black_widow,fix_mask,0,12544,0.0001,vgg16-7,False,0.9165510535240172,"[0, 0, 223, 223]",8475,142053,150528,5.630181760204081,random
69,onnx/vgg16-7.onnx,vnnlib/n01774384_black_widow_fix_nonmask_seg0_k12544_eps_0.0001.vnnlib,1200,unsat False,0.1908599436283111,0.0,871.5611231327057,884.8004810810089,0.0,n01774384_black_widow,fix_nonmask,0,12544,0.0001,vgg16-7,False,0.9165510535240172,"[0, 0, 223, 223]",37632,112896,150528,25.0,random
75,onnx/vgg16-7.onnx,vnnlib/n01774750_tarantula_global_k12544_eps_0.0001.vnnlib,1200,sat True,,,,5.754728078842163,0.0,n01774750_tarantula,global,-1,12544,0.0001,vgg16-7,True,,,37632,112896,150528,25.0,random
81,onnx/vgg16-7.onnx,vnnlib/n01774750_tarantula_fix_mask_seg0_k12544_eps_0.0001.vnnlib,1200,sat True,,,,5.737863302230835,0.0,n01774750_tarantula,fix_mask,0,12544,0.0001,vgg16-7,False,0.6544653177261353,"[0, 0, 223, 223]",37632,112896,150528,25.0,random
87,onnx/vgg16-7.onnx,vnnlib/n01774750_tarantula_fix_nonmask_seg0_k12544_eps_0.0001.vnnlib,1200,sat True,,,,5.705539703369141,0.0,n01774750_tarantula,fix_nonmask,0,12544,0.0001,vgg16-7,False,0.6544653177261353,"[0, 0, 223, 223]",37632,112896,150528,25.0,random
93,onnx/vgg16-7.onnx,vnnlib/n01775062_wolf_spider_global_k12544_eps_0.0001.vnnlib,1200,sat True,,,,5.752810716629028,0.0,n01775062_wolf_spider,global,-1,12544,0.0001,vgg16-7,True,,,37632,112896,150528,25.0,random
99,onnx/vgg16-7.onnx,vnnlib/n01775062_wolf_spider_fix_mask_seg0_k12544_eps_0.0001.vnnlib,1200,sat True,,,,5.7858757972717285,0.0,n01775062_wolf_spider,fix_mask,0,12544,0.0001,vgg16-7,False,0.8705556392669678,"[0, 0, 223, 223]",23340,127188,150528,15.505420918367347,random
105,onnx/vgg16-7.onnx,vnnlib/n01775062_wolf_spider_fix_nonmask_seg0_k12544_eps_0.0001.vnnlib,1200,sat True,,,,5.587383985519409,0.0,n01775062_wolf_spider,fix_nonmask,0,12544,0.0001,vgg16-7,False,0.8705556392669678,"[0, 0, 223, 223]",37632,112896,150528,25.0,random
111,onnx/vgg16-7.onnx,vnnlib/n01776313_tick_global_k12544_eps_0.0001.vnnlib,1200,unsat False,0.849058985710144,0.0,709.3033375740051,722.4609808921814,0.0,n01776313_tick,global,-1,12544,0.0001,vgg16-7,True,,,37632,112896,150528,25.0,random
117,onnx/vgg16-7.onnx,vnnlib/n01776313_tick_fix_mask_seg0_k12544_eps_0.0001.vnnlib,1200,unsat False,0.8608900904655457,0.0,660.7788519859314,673.9400336742401,0.0,n01776313_tick,fix_mask,0,12544,0.0001,vgg16-7,False,0.9280468225479126,"[0, 0, 223, 223]",14370,136158,150528,9.54639668367347,random
123,onnx/vgg16-7.onnx,vnnlib/n01776313_tick_fix_nonmask_seg0_k12544_eps_0.0001.vnnlib,1200,unsat False,0.8502683043479919,0.0,704.4852023124695,717.7317538261414,0.0,n01776313_tick,fix_nonmask,0,12544,0.0001,vgg16-7,False,0.9280468225479126,"[0, 0, 223, 223]",37632,112896,150528,25.0,random
129,onnx/vgg16-7.onnx,vnnlib/n01784675_centipede_global_k12544_eps_0.0001.vnnlib,1200,unsat False,0.1919845640659332,0.0,717.5279767513275,730.8356094360352,0.0,n01784675_centipede,global,-1,12544,0.0001,vgg16-7,True,,,37632,112896,150528,25.0,random
135,onnx/vgg16-7.onnx,vnnlib/n01784675_centipede_fix_mask_seg0_k12544_eps_0.0001.vnnlib,1200,unsat False,0.191527634859085,0.0,716.042158126831,729.4318473339081,0.0,n01784675_centipede,fix_mask,0,12544,0.0001,vgg16-7,False,0.813295841217041,"[0, 0, 223, 223]",37632,112896,150528,25.0,random
141,onnx/vgg16-7.onnx,vnnlib/n01784675_centipede_fix_nonmask_seg0_k12544_eps_0.0001.vnnlib,1200,unsat False,0.1921535432338714,0.0,716.9895567893982,730.2873334884644,0.0,n01784675_centipede,fix_nonmask,0,12544,0.0001,vgg16-7,False,0.813295841217041,"[0, 0, 223, 223]",37632,112896,150528,25.0,random
147,onnx/vgg16-7.onnx,vnnlib/n01795545_black_grouse_global_k12544_eps_0.0001.vnnlib,1200,unsat False,1.617645502090454,0.0,791.105473279953,804.2040193080902,0.0,n01795545_black_grouse,global,-1,12544,0.0001,vgg16-7,True,,,37632,112896,150528,25.0,random
153,onnx/vgg16-7.onnx,vnnlib/n01795545_black_grouse_fix_mask_seg0_k12544_eps_0.0001.vnnlib,1200,unsat False,1.638062834739685,0.0,715.8885159492493,729.0844027996063,0.0,n01795545_black_grouse,fix_mask,0,12544,0.0001,vgg16-7,False,0.8694159984588623,"[0, 0, 223, 223]",12195,138333,150528,8.101482780612244,random
159,onnx/vgg16-7.onnx,vnnlib/n01795545_black_grouse_fix_nonmask_seg0_k12544_eps_0.0001.vnnlib,1200,unsat False,1.6183849573135376,0.0,791.272554397583,804.529394865036,0.0,n01795545_black_grouse,fix_nonmask,0,12544,0.0001,vgg16-7,False,0.8694159984588623,"[0, 0, 223, 223]",37632,112896,150528,25.0,random
5,onnx/vgg16-7.onnx,vnnlib/n01770393_scorpion_global_k3136_eps_0.0001.vnnlib,1200,sat False,-inf,,1.731504201889038,7.087520360946655,0.0,n01770393_scorpion,global,-1,3136,0.0001,vgg16-7,True,,,9408,141120,150528,6.25,random
11,onnx/vgg16-7.onnx,vnnlib/n01770393_scorpion_fix_mask_seg0_k3136_eps_0.0001.vnnlib,1200,sat False,-inf,,0.845858097076416,5.889287948608398,0.0,n01770393_scorpion,fix_mask,0,3136,0.0001,vgg16-7,False,0.8547707200050354,"[0, 0, 223, 223]",9408,141120,150528,6.25,random
17,onnx/vgg16-7.onnx,vnnlib/n01770393_scorpion_fix_nonmask_seg0_k3136_eps_0.0001.vnnlib,1200,sat False,-inf,,1.4174787998199463,6.782757520675659,0.0,n01770393_scorpion,fix_nonmask,0,3136,0.0001,vgg16-7,False,0.8547707200050354,"[0, 0, 223, 223]",9408,141120,150528,6.25,random
23,onnx/vgg16-7.onnx,vnnlib/n01773157_black_and_gold_garden_spider_global_k3136_eps_0.0001.vnnlib,1200,sat False,-inf,,1.217939376831055,6.510642766952515,0.0,n01773157_black_and_gold_garden_spider,global,-1,3136,0.0001,vgg16-7,True,,,9408,141120,150528,6.25,random
29,onnx/vgg16-7.onnx,vnnlib/n01773157_black_and_gold_garden_spider_fix_mask_seg0_k3136_eps_0.0001.vnnlib,1200,sat False,-inf,,3.137707233428955,8.271187782287598,0.0,n01773157_black_and_gold_garden_spider,fix_mask,0,3136,0.0001,vgg16-7,False,0.896748423576355,"[0, 0, 223, 223]",9408,141120,150528,6.25,random
35,onnx/vgg16-7.onnx,vnnlib/n01773157_black_and_gold_garden_spider_fix_nonmask_seg0_k3136_eps_0.0001.vnnlib,1200,sat False,-inf,,2.80507493019104,8.157498598098755,0.0,n01773157_black_and_gold_garden_spider,fix_nonmask,0,3136,0.0001,vgg16-7,False,0.896748423576355,"[0, 0, 223, 223]",9408,141120,150528,6.25,random
41,onnx/vgg16-7.onnx,vnnlib/n01773797_garden_spider_global_k3136_eps_0.0001.vnnlib,1200,unsat False,0.7672502398490906,0.0,694.7910397052765,700.1184902191162,0.0,n01773797_garden_spider,global,-1,3136,0.0001,vgg16-7,True,,,9408,141120,150528,6.25,random
47,onnx/vgg16-7.onnx,vnnlib/n01773797_garden_spider_fix_mask_seg0_k3136_eps_0.0001.vnnlib,1200,unsat False,0.7669678330421448,0.0,691.9487104415894,697.2610611915588,0.0,n01773797_garden_spider,fix_mask,0,3136,0.0001,vgg16-7,False,0.806507408618927,"[0, 0, 223, 223]",9408,141120,150528,6.25,random
53,onnx/vgg16-7.onnx,vnnlib/n01773797_garden_spider_fix_nonmask_seg0_k3136_eps_0.0001.vnnlib,1200,unsat False,0.7673156261444092,0.0,706.536562204361,714.7426006793976,0.0,n01773797_garden_spider,fix_nonmask,0,3136,0.0001,vgg16-7,False,0.806507408618927,"[0, 0, 223, 223]",9408,141120,150528,6.25,random
59,onnx/vgg16-7.onnx,vnnlib/n01774384_black_widow_global_k3136_eps_0.0001.vnnlib,1200,unsat False,0.2304955124855041,0.0,731.418865442276,736.6779923439026,0.0,n01774384_black_widow,global,-1,3136,0.0001,vgg16-7,True,,,9408,141120,150528,6.25,random
65,onnx/vgg16-7.onnx,vnnlib/n01774384_black_widow_fix_mask_seg0_k3136_eps_0.0001.vnnlib,1200,unsat False,0.2295717597007751,0.0,770.9055347442627,776.0671696662903,0.0,n01774384_black_widow,fix_mask,0,3136,0.0001,vgg16-7,False,0.9165510535240172,"[0, 0, 223, 223]",8475,142053,150528,5.630181760204081,random
71,onnx/vgg16-7.onnx,vnnlib/n01774384_black_widow_fix_nonmask_seg0_k3136_eps_0.0001.vnnlib,1200,unsat False,0.230484664440155,0.0,778.7322766780853,784.2883183956146,0.0,n01774384_black_widow,fix_nonmask,0,3136,0.0001,vgg16-7,False,0.9165510535240172,"[0, 0, 223, 223]",9408,141120,150528,6.25,random
77,onnx/vgg16-7.onnx,vnnlib/n01774750_tarantula_global_k3136_eps_0.0001.vnnlib,1200,sat False,-inf,,2.941822290420532,8.288658857345581,0.0,n01774750_tarantula,global,-1,3136,0.0001,vgg16-7,True,,,9408,141120,150528,6.25,random
83,onnx/vgg16-7.onnx,vnnlib/n01774750_tarantula_fix_mask_seg0_k3136_eps_0.0001.vnnlib,1200,sat False,-inf,,2.8578908443450928,8.46078085899353,0.0,n01774750_tarantula,fix_mask,0,3136,0.0001,vgg16-7,False,0.6544653177261353,"[0, 0, 223, 223]",9408,141120,150528,6.25,random
89,onnx/vgg16-7.onnx,vnnlib/n01774750_tarantula_fix_nonmask_seg0_k3136_eps_0.0001.vnnlib,1200,sat False,-inf,,2.268282413482666,7.7092835903167725,0.0,n01774750_tarantula,fix_nonmask,0,3136,0.0001,vgg16-7,False,0.6544653177261353,"[0, 0, 223, 223]",9408,141120,150528,6.25,random
95,onnx/vgg16-7.onnx,vnnlib/n01775062_wolf_spider_global_k3136_eps_0.0001.vnnlib,1200,sat False,-inf,,1.94641375541687,7.368743658065796,0.0,n01775062_wolf_spider,global,-1,3136,0.0001,vgg16-7,True,,,9408,141120,150528,6.25,random
101,onnx/vgg16-7.onnx,vnnlib/n01775062_wolf_spider_fix_mask_seg0_k3136_eps_0.0001.vnnlib,1200,sat False,-inf,,3.3664374351501465,8.804139852523804,0.0,n01775062_wolf_spider,fix_mask,0,3136,0.0001,vgg16-7,False,0.8705556392669678,"[0, 0, 223, 223]",9408,141120,150528,6.25,random
107,onnx/vgg16-7.onnx,vnnlib/n01775062_wolf_spider_fix_nonmask_seg0_k3136_eps_0.0001.vnnlib,1200,sat False,-inf,,3.3826215267181396,8.728983879089355,0.0,n01775062_wolf_spider,fix_nonmask,0,3136,0.0001,vgg16-7,False,0.8705556392669678,"[0, 0, 223, 223]",9408,141120,150528,6.25,random
113,onnx/vgg16-7.onnx,vnnlib/n01776313_tick_global_k3136_eps_0.0001.vnnlib,1200,unsat False,0.8659242987632751,0.0,632.5693035125732,637.9259507656097,0.0,n01776313_tick,global,-1,3136,0.0001,vgg16-7,True,,,9408,141120,150528,6.25,random
119,onnx/vgg16-7.onnx,vnnlib/n01776313_tick_fix_mask_seg0_k3136_eps_0.0001.vnnlib,1200,unsat False,0.8643419742584229,0.0,646.0335035324097,651.370245218277,0.0,n01776313_tick,fix_mask,0,3136,0.0001,vgg16-7,False,0.9280468225479126,"[0, 0, 223, 223]",9408,141120,150528,6.25,random
125,onnx/vgg16-7.onnx,vnnlib/n01776313_tick_fix_nonmask_seg0_k3136_eps_0.0001.vnnlib,1200,unsat False,0.8661004304885864,0.0,630.0467140674591,635.3933281898499,0.0,n01776313_tick,fix_nonmask,0,3136,0.0001,vgg16-7,False,0.9280468225479126,"[0, 0, 223, 223]",9408,141120,150528,6.25,random
131,onnx/vgg16-7.onnx,vnnlib/n01784675_centipede_global_k3136_eps_0.0001.vnnlib,1200,unsat False,0.1998358517885208,0.0,649.1363334655762,654.5791811943054,0.0,n01784675_centipede,global,-1,3136,0.0001,vgg16-7,True,,,9408,141120,150528,6.25,random
137,onnx/vgg16-7.onnx,vnnlib/n01784675_centipede_fix_mask_seg0_k3136_eps_0.0001.vnnlib,1200,unsat False,0.1997812390327453,0.0,640.6672234535217,646.1345462799072,0.0,n01784675_centipede,fix_mask,0,3136,0.0001,vgg16-7,False,0.813295841217041,"[0, 0, 223, 223]",9408,141120,150528,6.25,random
143,onnx/vgg16-7.onnx,vnnlib/n01784675_centipede_fix_nonmask_seg0_k3136_eps_0.0001.vnnlib,1200,unsat False,0.1999123245477676,0.0,653.8829829692841,659.1827046871185,0.0,n01784675_centipede,fix_nonmask,0,3136,0.0001,vgg16-7,False,0.813295841217041,"[0, 0, 223, 223]",9408,141120,150528,6.25,random
149,onnx/vgg16-7.onnx,vnnlib/n01795545_black_grouse_global_k3136_eps_0.0001.vnnlib,1200,unsat False,1.6410462856292725,0.0,699.2507290840149,704.6378703117371,0.0,n01795545_black_grouse,global,-1,3136,0.0001,vgg16-7,True,,,9408,141120,150528,6.25,random
155,onnx/vgg16-7.onnx,vnnlib/n01795545_black_grouse_fix_mask_seg0_k3136_eps_0.0001.vnnlib,1200,unsat False,1.6398918628692627,0.0,707.056102514267,712.389830827713,0.0,n01795545_black_grouse,fix_mask,0,3136,0.0001,vgg16-7,False,0.8694159984588623,"[0, 0, 223, 223]",9408,141120,150528,6.25,random
161,onnx/vgg16-7.onnx,vnnlib/n01795545_black_grouse_fix_nonmask_seg0_k3136_eps_0.0001.vnnlib,1200,unsat False,1.6411951780319214,0.0,716.8174571990967,722.2360081672668,0.0,n01795545_black_grouse,fix_nonmask,0,3136,0.0001,vgg16-7,False,0.8694159984588623,"[0, 0, 223, 223]",9408,141120,150528,6.25,random
2,onnx/vgg16-7.onnx,vnnlib/n01770393_scorpion_global_k25088_eps_0.0001.vnnlib,1200,sat True,,,,8.392935037612915,0.0,n01770393_scorpion,global,-1,25088,0.0001,vgg16-7,True,,,75264,75264,150528,50.0,random
8,onnx/vgg16-7.onnx,vnnlib/n01770393_scorpion_fix_mask_seg0_k25088_eps_0.0001.vnnlib,1200,sat True,,,,5.492586135864258,0.0,n01770393_scorpion,fix_mask,0,25088,0.0001,vgg16-7,False,0.8547707200050354,"[0, 0, 223, 223]",22296,128232,150528,14.81186224489796,random
14,onnx/vgg16-7.onnx,vnnlib/n01770393_scorpion_fix_nonmask_seg0_k25088_eps_0.0001.vnnlib,1200,sat True,,,,5.5099711418151855,0.0,n01770393_scorpion,fix_nonmask,0,25088,0.0001,vgg16-7,False,0.8547707200050354,"[0, 0, 223, 223]",75264,75264,150528,50.0,random
20,onnx/vgg16-7.onnx,vnnlib/n01773157_black_and_gold_garden_spider_global_k25088_eps_0.0001.vnnlib,1200,sat True,,,,5.609996795654297,0.0,n01773157_black_and_gold_garden_spider,global,-1,25088,0.0001,vgg16-7,True,,,75264,75264,150528,50.0,random
26,onnx/vgg16-7.onnx,vnnlib/n01773157_black_and_gold_garden_spider_fix_mask_seg0_k25088_eps_0.0001.vnnlib,1200,sat True,,,,5.682563543319702,0.0,n01773157_black_and_gold_garden_spider,fix_mask,0,25088,0.0001,vgg16-7,False,0.896748423576355,"[0, 0, 223, 223]",12864,137664,150528,8.545918367346939,random
32,onnx/vgg16-7.onnx,vnnlib/n01773157_black_and_gold_garden_spider_fix_nonmask_seg0_k25088_eps_0.0001.vnnlib,1200,sat True,,,,5.657480955123901,0.0,n01773157_black_and_gold_garden_spider,fix_nonmask,0,25088,0.0001,vgg16-7,False,0.896748423576355,"[0, 0, 223, 223]",75264,75264,150528,50.0,random
38,onnx/vgg16-7.onnx,vnnlib/n01773797_garden_spider_global_k25088_eps_0.0001.vnnlib,1200,unsat False,0.7356809377670288,0.0,797.5049910545349,810.7113964557648,0.0,n01773797_garden_spider,global,-1,25088,0.0001,vgg16-7,True,,,75264,75264,150528,50.0,random
44,onnx/vgg16-7.onnx,vnnlib/n01773797_garden_spider_fix_mask_seg0_k25088_eps_0.0001.vnnlib,1200,unsat False,0.7642337679862976,0.0,687.5760564804077,700.633142709732,0.0,n01773797_garden_spider,fix_mask,0,25088,0.0001,vgg16-7,False,0.806507408618927,"[0, 0, 223, 223]",21057,129471,150528,13.98875956632653,random
50,onnx/vgg16-7.onnx,vnnlib/n01773797_garden_spider_fix_nonmask_seg0_k25088_eps_0.0001.vnnlib,1200,unsat False,0.7359961867332458,0.0,777.2914555072784,790.3214311599731,0.0,n01773797_garden_spider,fix_nonmask,0,25088,0.0001,vgg16-7,False,0.806507408618927,"[0, 0, 223, 223]",75264,75264,150528,50.0,random
56,onnx/vgg16-7.onnx,vnnlib/n01774384_black_widow_global_k25088_eps_0.0001.vnnlib,1200,timeout False,-0.3436601459980011,3.0,2631.9703176021576,2645.2895135879517,0.0,n01774384_black_widow,global,-1,25088,0.0001,vgg16-7,True,,,75264,75264,150528,50.0,random
62,onnx/vgg16-7.onnx,vnnlib/n01774384_black_widow_fix_mask_seg0_k25088_eps_0.0001.vnnlib,1200,unsat False,0.2295716404914856,0.0,771.4254515171051,776.839203119278,0.0,n01774384_black_widow,fix_mask,0,25088,0.0001,vgg16-7,False,0.9165510535240172,"[0, 0, 223, 223]",8475,142053,150528,5.630181760204081,random
68,onnx/vgg16-7.onnx,vnnlib/n01774384_black_widow_fix_nonmask_seg0_k25088_eps_0.0001.vnnlib,1200,timeout False,-0.3833465874195099,3.0,2637.641221523285,2650.9065024852753,0.0,n01774384_black_widow,fix_nonmask,0,25088,0.0001,vgg16-7,False,0.9165510535240172,"[0, 0, 223, 223]",75264,75264,150528,50.0,random
74,onnx/vgg16-7.onnx,vnnlib/n01774750_tarantula_global_k25088_eps_0.0001.vnnlib,1200,sat True,,,,5.746217250823975,0.0,n01774750_tarantula,global,-1,25088,0.0001,vgg16-7,True,,,75264,75264,150528,50.0,random
80,onnx/vgg16-7.onnx,vnnlib/n01774750_tarantula_fix_mask_seg0_k25088_eps_0.0001.vnnlib,1200,sat True,,,,5.5774335861206055,0.0,n01774750_tarantula,fix_mask,0,25088,0.0001,vgg16-7,False,0.6544653177261353,"[0, 0, 223, 223]",75264,75264,150528,50.0,random
86,onnx/vgg16-7.onnx,vnnlib/n01774750_tarantula_fix_nonmask_seg0_k25088_eps_0.0001.vnnlib,1200,sat True,,,,5.638465881347656,0.0,n01774750_tarantula,fix_nonmask,0,25088,0.0001,vgg16-7,False,0.6544653177261353,"[0, 0, 223, 223]",72795,77733,150528,48.35977359693877,random
92,onnx/vgg16-7.onnx,vnnlib/n01775062_wolf_spider_global_k25088_eps_0.0001.vnnlib,1200,sat True,,,,5.732529401779175,0.0,n01775062_wolf_spider,global,-1,25088,0.0001,vgg16-7,True,,,75264,75264,150528,50.0,random
98,onnx/vgg16-7.onnx,vnnlib/n01775062_wolf_spider_fix_mask_seg0_k25088_eps_0.0001.vnnlib,1200,sat True,,,,5.826672792434692,0.0,n01775062_wolf_spider,fix_mask,0,25088,0.0001,vgg16-7,False,0.8705556392669678,"[0, 0, 223, 223]",23340,127188,150528,15.505420918367347,random
104,onnx/vgg16-7.onnx,vnnlib/n01775062_wolf_spider_fix_nonmask_seg0_k25088_eps_0.0001.vnnlib,1200,sat True,,,,5.732030391693115,0.0,n01775062_wolf_spider,fix_nonmask,0,25088,0.0001,vgg16-7,False,0.8705556392669678,"[0, 0, 223, 223]",75264,75264,150528,50.0,random
110,onnx/vgg16-7.onnx,vnnlib/n01776313_tick_global_k25088_eps_0.0001.vnnlib,1200,unsat False,0.7963055968284607,0.0,785.6574039459229,798.9414517879486,0.0,n01776313_tick,global,-1,25088,0.0001,vgg16-7,True,,,75264,75264,150528,50.0,random
116,onnx/vgg16-7.onnx,vnnlib/n01776313_tick_fix_mask_seg0_k25088_eps_0.0001.vnnlib,1200,unsat False,0.8608892560005188,0.0,665.7476346492767,678.7605924606323,0.0,n01776313_tick,fix_mask,0,25088,0.0001,vgg16-7,False,0.9280468225479126,"[0, 0, 223, 223]",14370,136158,150528,9.54639668367347,random
122,onnx/vgg16-7.onnx,vnnlib/n01776313_tick_fix_nonmask_seg0_k25088_eps_0.0001.vnnlib,1200,unsat False,0.8016116619110107,0.0,780.8268127441406,793.9151587486267,0.0,n01776313_tick,fix_nonmask,0,25088,0.0001,vgg16-7,False,0.9280468225479126,"[0, 0, 223, 223]",75264,75264,150528,50.0,random
128,onnx/vgg16-7.onnx,vnnlib/n01784675_centipede_global_k25088_eps_0.0001.vnnlib,1200,unsat False,0.1681530475616455,0.0,781.8943827152252,794.999064207077,0.0,n01784675_centipede,global,-1,25088,0.0001,vgg16-7,True,,,75264,75264,150528,50.0,random
134,onnx/vgg16-7.onnx,vnnlib/n01784675_centipede_fix_mask_seg0_k25088_eps_0.0001.vnnlib,1200,unsat False,0.1903816163539886,0.0,717.3721506595612,730.6452970504761,0.0,n01784675_centipede,fix_mask,0,25088,0.0001,vgg16-7,False,0.813295841217041,"[0, 0, 223, 223]",40389,110139,150528,26.831552933673468,random
140,onnx/vgg16-7.onnx,vnnlib/n01784675_centipede_fix_nonmask_seg0_k25088_eps_0.0001.vnnlib,1200,unsat False,0.167967215180397,0.0,777.0848958492279,790.7643442153931,0.0,n01784675_centipede,fix_nonmask,0,25088,0.0001,vgg16-7,False,0.813295841217041,"[0, 0, 223, 223]",75264,75264,150528,50.0,random
146,onnx/vgg16-7.onnx,vnnlib/n01795545_black_grouse_global_k25088_eps_0.0001.vnnlib,1200,unsat False,1.310715913772583,0.0,850.0670440196991,863.406721830368,0.0,n01795545_black_grouse,global,-1,25088,0.0001,vgg16-7,True,,,75264,75264,150528,50.0,random
152,onnx/vgg16-7.onnx,vnnlib/n01795545_black_grouse_fix_mask_seg0_k25088_eps_0.0001.vnnlib,1200,unsat False,1.6380623579025269,0.0,714.3688592910767,727.6422765254974,0.0,n01795545_black_grouse,fix_mask,0,25088,0.0001,vgg16-7,False,0.8694159984588623,"[0, 0, 223, 223]",12195,138333,150528,8.101482780612244,random
158,onnx/vgg16-7.onnx,vnnlib/n01795545_black_grouse_fix_nonmask_seg0_k25088_eps_0.0001.vnnlib,1200,unsat False,1.3125505447387695,0.0,838.943229675293,852.1440563201904,0.0,n01795545_black_grouse,fix_nonmask,0,25088,0.0001,vgg16-7,False,0.8694159984588623,"[0, 0, 223, 223]",75264,75264,150528,50.0,random
1,onnx/vgg16-7.onnx,vnnlib/n01770393_scorpion_global_k50176_eps_0.0001.vnnlib,1200,sat True,,,,34.09963250160217,0.0,n01770393_scorpion,global,-1,50176,0.0001,vgg16-7,True,,,150528,0,150528,100.0,random
7,onnx/vgg16-7.onnx,vnnlib/n01770393_scorpion_fix_mask_seg0_k50176_eps_0.0001.vnnlib,1200,sat True,,,,5.460262060165405,0.0,n01770393_scorpion,fix_mask,0,50176,0.0001,vgg16-7,False,0.8547707200050354,"[0, 0, 223, 223]",22296,128232,150528,14.81186224489796,random
13,onnx/vgg16-7.onnx,vnnlib/n01770393_scorpion_fix_nonmask_seg0_k50176_eps_0.0001.vnnlib,1200,sat True,,,,5.56960916519165,0.0,n01770393_scorpion,fix_nonmask,0,50176,0.0001,vgg16-7,False,0.8547707200050354,"[0, 0, 223, 223]",128232,22296,150528,85.18813775510205,random
19,onnx/vgg16-7.onnx,vnnlib/n01773157_black_and_gold_garden_spider_global_k50176_eps_0.0001.vnnlib,1200,sat True,,,,5.620443820953369,0.0,n01773157_black_and_gold_garden_spider,global,-1,50176,0.0001,vgg16-7,True,,,150528,0,150528,100.0,random
25,onnx/vgg16-7.onnx,vnnlib/n01773157_black_and_gold_garden_spider_fix_mask_seg0_k50176_eps_0.0001.vnnlib,1200,sat True,,,,5.43837308883667,0.0,n01773157_black_and_gold_garden_spider,fix_mask,0,50176,0.0001,vgg16-7,False,0.896748423576355,"[0, 0, 223, 223]",12864,137664,150528,8.545918367346939,random
31,onnx/vgg16-7.onnx,vnnlib/n01773157_black_and_gold_garden_spider_fix_nonmask_seg0_k50176_eps_0.0001.vnnlib,1200,sat True,,,,5.543105602264404,0.0,n01773157_black_and_gold_garden_spider,fix_nonmask,0,50176,0.0001,vgg16-7,False,0.896748423576355,"[0, 0, 223, 223]",137664,12864,150528,91.45408163265306,random
37,onnx/vgg16-7.onnx,vnnlib/n01773797_garden_spider_global_k50176_eps_0.0001.vnnlib,1200,timeout False,-6.366230487823486,3.0,2757.0870983600616,2770.200076341629,0.0,n01773797_garden_spider,global,-1,50176,0.0001,vgg16-7,True,,,150528,0,150528,100.0,random
43,onnx/vgg16-7.onnx,vnnlib/n01773797_garden_spider_fix_mask_seg0_k50176_eps_0.0001.vnnlib,1200,unsat False,0.7642338871955872,0.0,688.6783385276794,701.8246326446533,0.0,n01773797_garden_spider,fix_mask,0,50176,0.0001,vgg16-7,False,0.806507408618927,"[0, 0, 223, 223]",21057,129471,150528,13.98875956632653,random
49,onnx/vgg16-7.onnx,vnnlib/n01773797_garden_spider_fix_nonmask_seg0_k50176_eps_0.0001.vnnlib,1200,timeout False,-0.0606926679611206,3.0,2595.686622619629,2608.8694202899933,0.0,n01773797_garden_spider,fix_nonmask,0,50176,0.0001,vgg16-7,False,0.806507408618927,"[0, 0, 223, 223]",129471,21057,150528,86.01124043367346,random
55,onnx/vgg16-7.onnx,vnnlib/n01774384_black_widow_global_k50176_eps_0.0001.vnnlib,1200,timeout False,-4819.19970703125,3.0,3814.627884864807,3829.254695415497,0.0,n01774384_black_widow,global,-1,50176,0.0001,vgg16-7,True,,,150528,0,150528,100.0,random
61,onnx/vgg16-7.onnx,vnnlib/n01774384_black_widow_fix_mask_seg0_k50176_eps_0.0001.vnnlib,1200,unsat False,0.2295707762241363,0.0,774.9719030857086,780.3826377391815,0.0,n01774384_black_widow,fix_mask,0,50176,0.0001,vgg16-7,False,0.9165510535240172,"[0, 0, 223, 223]",8475,142053,150528,5.630181760204081,random
67,onnx/vgg16-7.onnx,vnnlib/n01774384_black_widow_fix_nonmask_seg0_k50176_eps_0.0001.vnnlib,1200,timeout False,-2999.9765625,3.0,3662.6369709968567,3676.448668479919,0.0,n01774384_black_widow,fix_nonmask,0,50176,0.0001,vgg16-7,False,0.9165510535240172,"[0, 0, 223, 223]",142053,8475,150528,94.36981823979592,random
73,onnx/vgg16-7.onnx,vnnlib/n01774750_tarantula_global_k50176_eps_0.0001.vnnlib,1200,sat True,,,,5.6325342655181885,0.0,n01774750_tarantula,global,-1,50176,0.0001,vgg16-7,True,,,150528,0,150528,100.0,random
79,onnx/vgg16-7.onnx,vnnlib/n01774750_tarantula_fix_mask_seg0_k50176_eps_0.0001.vnnlib,1200,sat True,,,,5.631279230117798,0.0,n01774750_tarantula,fix_mask,0,50176,0.0001,vgg16-7,False,0.6544653177261353,"[0, 0, 223, 223]",77733,72795,150528,51.64022640306123,random
85,onnx/vgg16-7.onnx,vnnlib/n01774750_tarantula_fix_nonmask_seg0_k50176_eps_0.0001.vnnlib,1200,sat True,,,,5.7599968910217285,0.0,n01774750_tarantula,fix_nonmask,0,50176,0.0001,vgg16-7,False,0.6544653177261353,"[0, 0, 223, 223]",72795,77733,150528,48.35977359693877,random
91,onnx/vgg16-7.onnx,vnnlib/n01775062_wolf_spider_global_k50176_eps_0.0001.vnnlib,1200,sat True,,,,5.734622240066528,0.0,n01775062_wolf_spider,global,-1,50176,0.0001,vgg16-7,True,,,150528,0,150528,100.0,random
97,onnx/vgg16-7.onnx,vnnlib/n01775062_wolf_spider_fix_mask_seg0_k50176_eps_0.0001.vnnlib,1200,sat True,,,,5.63577127456665,0.0,n01775062_wolf_spider,fix_mask,0,50176,0.0001,vgg16-7,False,0.8705556392669678,"[0, 0, 223, 223]",23340,127188,150528,15.505420918367347,random
103,onnx/vgg16-7.onnx,vnnlib/n01775062_wolf_spider_fix_nonmask_seg0_k50176_eps_0.0001.vnnlib,1200,sat True,,,,5.874680519104004,0.0,n01775062_wolf_spider,fix_nonmask,0,50176,0.0001,vgg16-7,False,0.8705556392669678,"[0, 0, 223, 223]",127188,23340,150528,84.49457908163265,random
109,onnx/vgg16-7.onnx,vnnlib/n01776313_tick_global_k50176_eps_0.0001.vnnlib,1200,timeout False,-2.727107524871826,3.0,2625.7886967658997,2639.1345460414886,0.0,n01776313_tick,global,-1,50176,0.0001,vgg16-7,True,,,150528,0,150528,100.0,random
115,onnx/vgg16-7.onnx,vnnlib/n01776313_tick_fix_mask_seg0_k50176_eps_0.0001.vnnlib,1200,unsat False,0.8608899712562561,0.0,660.728221654892,673.796674489975,0.0,n01776313_tick,fix_mask,0,50176,0.0001,vgg16-7,False,0.9280468225479126,"[0, 0, 223, 223]",14370,136158,150528,9.54639668367347,random
121,onnx/vgg16-7.onnx,vnnlib/n01776313_tick_fix_nonmask_seg0_k50176_eps_0.0001.vnnlib,1200,timeout False,-0.0306628346443176,3.0,2523.7679636478424,2536.797576189041,0.0,n01776313_tick,fix_nonmask,0,50176,0.0001,vgg16-7,False,0.9280468225479126,"[0, 0, 223, 223]",136158,14370,150528,90.45360331632654,random
127,onnx/vgg16-7.onnx,vnnlib/n01784675_centipede_global_k50176_eps_0.0001.vnnlib,1200,timeout False,-2.513043165206909,3.0,2598.618653535843,2611.910543680191,0.0,n01784675_centipede,global,-1,50176,0.0001,vgg16-7,True,,,150528,0,150528,100.0,random
133,onnx/vgg16-7.onnx,vnnlib/n01784675_centipede_fix_mask_seg0_k50176_eps_0.0001.vnnlib,1200,unsat False,0.1903815567493438,0.0,717.4458065032959,730.7261128425598,0.0,n01784675_centipede,fix_mask,0,50176,0.0001,vgg16-7,False,0.813295841217041,"[0, 0, 223, 223]",40389,110139,150528,26.831552933673468,random
139,onnx/vgg16-7.onnx,vnnlib/n01784675_centipede_fix_nonmask_seg0_k50176_eps_0.0001.vnnlib,1200,unsat False,0.0457067266106605,0.0,798.6536746025085,811.9682767391205,0.0,n01784675_centipede,fix_nonmask,0,50176,0.0001,vgg16-7,False,0.813295841217041,"[0, 0, 223, 223]",110139,40389,150528,73.16844706632654,random
145,onnx/vgg16-7.onnx,vnnlib/n01795545_black_grouse_global_k50176_eps_0.0001.vnnlib,1200,timeout False,-15452.0810546875,3.0,4100.86279129982,4114.169724941254,0.0,n01795545_black_grouse,global,-1,50176,0.0001,vgg16-7,True,,,150528,0,150528,100.0,random
151,onnx/vgg16-7.onnx,vnnlib/n01795545_black_grouse_fix_mask_seg0_k50176_eps_0.0001.vnnlib,1200,unsat False,1.6380627155303955,0.0,715.2964673042297,728.6059935092926,0.0,n01795545_black_grouse,fix_mask,0,50176,0.0001,vgg16-7,False,0.8694159984588623,"[0, 0, 223, 223]",12195,138333,150528,8.101482780612244,random
157,onnx/vgg16-7.onnx,vnnlib/n01795545_black_grouse_fix_nonmask_seg0_k50176_eps_0.0001.vnnlib,1200,timeout False,-6228.17041015625,3.0,3679.9811656475063,3692.0385930538177,0.0,n01795545_black_grouse,fix_nonmask,0,50176,0.0001,vgg16-7,False,0.8694159984588623,"[0, 0, 223, 223]",138333,12195,150528,91.89851721938776,random
4,onnx/vgg16-7.onnx,vnnlib/n01770393_scorpion_global_k6272_eps_0.0001.vnnlib,1200,sat True,,,,5.476520299911499,0.0,n01770393_scorpion,global,-1,6272,0.0001,vgg16-7,True,,,18816,131712,150528,12.5,random
10,onnx/vgg16-7.onnx,vnnlib/n01770393_scorpion_fix_mask_seg0_k6272_eps_0.0001.vnnlib,1200,sat True,,,,5.823896884918213,0.0,n01770393_scorpion,fix_mask,0,6272,0.0001,vgg16-7,False,0.8547707200050354,"[0, 0, 223, 223]",18816,131712,150528,12.5,random
16,onnx/vgg16-7.onnx,vnnlib/n01770393_scorpion_fix_nonmask_seg0_k6272_eps_0.0001.vnnlib,1200,sat True,,,,5.5090367794036865,0.0,n01770393_scorpion,fix_nonmask,0,6272,0.0001,vgg16-7,False,0.8547707200050354,"[0, 0, 223, 223]",18816,131712,150528,12.5,random
22,onnx/vgg16-7.onnx,vnnlib/n01773157_black_and_gold_garden_spider_global_k6272_eps_0.0001.vnnlib,1200,sat True,,,,5.591710567474365,0.0,n01773157_black_and_gold_garden_spider,global,-1,6272,0.0001,vgg16-7,True,,,18816,131712,150528,12.5,random
28,onnx/vgg16-7.onnx,vnnlib/n01773157_black_and_gold_garden_spider_fix_mask_seg0_k6272_eps_0.0001.vnnlib,1200,sat True,,,,5.4424755573272705,0.0,n01773157_black_and_gold_garden_spider,fix_mask,0,6272,0.0001,vgg16-7,False,0.896748423576355,"[0, 0, 223, 223]",12864,137664,150528,8.545918367346939,random
34,onnx/vgg16-7.onnx,vnnlib/n01773157_black_and_gold_garden_spider_fix_nonmask_seg0_k6272_eps_0.0001.vnnlib,1200,sat True,,,,5.6889872550964355,0.0,n01773157_black_and_gold_garden_spider,fix_nonmask,0,6272,0.0001,vgg16-7,False,0.896748423576355,"[0, 0, 223, 223]",18816,131712,150528,12.5,random
40,onnx/vgg16-7.onnx,vnnlib/n01773797_garden_spider_global_k6272_eps_0.0001.vnnlib,1200,unsat False,0.765541672706604,0.0,701.2991602420807,714.4982161521912,0.0,n01773797_garden_spider,global,-1,6272,0.0001,vgg16-7,True,,,18816,131712,150528,12.5,random
46,onnx/vgg16-7.onnx,vnnlib/n01773797_garden_spider_fix_mask_seg0_k6272_eps_0.0001.vnnlib,1200,unsat False,0.7648373246192932,0.0,682.9940769672394,695.9555630683899,0.0,n01773797_garden_spider,fix_mask,0,6272,0.0001,vgg16-7,False,0.806507408618927,"[0, 0, 223, 223]",18816,131712,150528,12.5,random
52,onnx/vgg16-7.onnx,vnnlib/n01773797_garden_spider_fix_nonmask_seg0_k6272_eps_0.0001.vnnlib,1200,unsat False,0.7656585574150085,0.0,704.0011024475098,717.2221429347992,0.0,n01773797_garden_spider,fix_nonmask,0,6272,0.0001,vgg16-7,False,0.806507408618927,"[0, 0, 223, 223]",18816,131712,150528,12.5,random
58,onnx/vgg16-7.onnx,vnnlib/n01774384_black_widow_global_k6272_eps_0.0001.vnnlib,1200,unsat False,0.2217638492584228,0.0,784.7984147071838,798.144478559494,0.0,n01774384_black_widow,global,-1,6272,0.0001,vgg16-7,True,,,18816,131712,150528,12.5,random
64,onnx/vgg16-7.onnx,vnnlib/n01774384_black_widow_fix_mask_seg0_k6272_eps_0.0001.vnnlib,1200,unsat False,0.2295704483985901,0.0,771.3804798126221,776.688854932785,0.0,n01774384_black_widow,fix_mask,0,6272,0.0001,vgg16-7,False,0.9165510535240172,"[0, 0, 223, 223]",8475,142053,150528,5.630181760204081,random
70,onnx/vgg16-7.onnx,vnnlib/n01774384_black_widow_fix_nonmask_seg0_k6272_eps_0.0001.vnnlib,1200,unsat False,0.2218979299068451,0.0,781.6388742923737,795.0808215141296,0.0,n01774384_black_widow,fix_nonmask,0,6272,0.0001,vgg16-7,False,0.9165510535240172,"[0, 0, 223, 223]",18816,131712,150528,12.5,random
76,onnx/vgg16-7.onnx,vnnlib/n01774750_tarantula_global_k6272_eps_0.0001.vnnlib,1200,sat True,,,,5.763340950012207,0.0,n01774750_tarantula,global,-1,6272,0.0001,vgg16-7,True,,,18816,131712,150528,12.5,random
82,onnx/vgg16-7.onnx,vnnlib/n01774750_tarantula_fix_mask_seg0_k6272_eps_0.0001.vnnlib,1200,sat True,,,,5.705458164215088,0.0,n01774750_tarantula,fix_mask,0,6272,0.0001,vgg16-7,False,0.6544653177261353,"[0, 0, 223, 223]",18816,131712,150528,12.5,random
88,onnx/vgg16-7.onnx,vnnlib/n01774750_tarantula_fix_nonmask_seg0_k6272_eps_0.0001.vnnlib,1200,sat True,,,,5.880519866943359,0.0,n01774750_tarantula,fix_nonmask,0,6272,0.0001,vgg16-7,False,0.6544653177261353,"[0, 0, 223, 223]",18816,131712,150528,12.5,random
94,onnx/vgg16-7.onnx,vnnlib/n01775062_wolf_spider_global_k6272_eps_0.0001.vnnlib,1200,sat True,,,,6.297724485397339,0.0,n01775062_wolf_spider,global,-1,6272,0.0001,vgg16-7,True,,,18816,131712,150528,12.5,random
100,onnx/vgg16-7.onnx,vnnlib/n01775062_wolf_spider_fix_mask_seg0_k6272_eps_0.0001.vnnlib,1200,sat True,,,,5.764296531677246,0.0,n01775062_wolf_spider,fix_mask,0,6272,0.0001,vgg16-7,False,0.8705556392669678,"[0, 0, 223, 223]",18816,131712,150528,12.5,random
106,onnx/vgg16-7.onnx,vnnlib/n01775062_wolf_spider_fix_nonmask_seg0_k6272_eps_0.0001.vnnlib,1200,sat True,,,,5.640484094619751,0.0,n01775062_wolf_spider,fix_nonmask,0,6272,0.0001,vgg16-7,False,0.8705556392669678,"[0, 0, 223, 223]",18816,131712,150528,12.5,random
112,onnx/vgg16-7.onnx,vnnlib/n01776313_tick_global_k6272_eps_0.0001.vnnlib,1200,unsat False,0.861202597618103,0.0,674.6704728603363,687.7166242599487,0.0,n01776313_tick,global,-1,6272,0.0001,vgg16-7,True,,,18816,131712,150528,12.5,random
118,onnx/vgg16-7.onnx,vnnlib/n01776313_tick_fix_mask_seg0_k6272_eps_0.0001.vnnlib,1200,unsat False,0.8608905673027039,0.0,661.7149200439453,674.7528800964355,0.0,n01776313_tick,fix_mask,0,6272,0.0001,vgg16-7,False,0.9280468225479126,"[0, 0, 223, 223]",14370,136158,150528,9.54639668367347,random
124,onnx/vgg16-7.onnx,vnnlib/n01776313_tick_fix_nonmask_seg0_k6272_eps_0.0001.vnnlib,1200,unsat False,0.8617546558380127,0.0,672.1717011928558,685.3562614917755,0.0,n01776313_tick,fix_nonmask,0,6272,0.0001,vgg16-7,False,0.9280468225479126,"[0, 0, 223, 223]",18816,131712,150528,12.5,random
130,onnx/vgg16-7.onnx,vnnlib/n01784675_centipede_global_k6272_eps_0.0001.vnnlib,1200,unsat False,0.1976669728755951,0.0,686.9370942115784,700.2519745826721,0.0,n01784675_centipede,global,-1,6272,0.0001,vgg16-7,True,,,18816,131712,150528,12.5,random
136,onnx/vgg16-7.onnx,vnnlib/n01784675_centipede_fix_mask_seg0_k6272_eps_0.0001.vnnlib,1200,unsat False,0.1975895315408706,0.0,696.931624174118,710.1816976070404,0.0,n01784675_centipede,fix_mask,0,6272,0.0001,vgg16-7,False,0.813295841217041,"[0, 0, 223, 223]",18816,131712,150528,12.5,random
142,onnx/vgg16-7.onnx,vnnlib/n01784675_centipede_fix_nonmask_seg0_k6272_eps_0.0001.vnnlib,1200,unsat False,0.1977696269750595,0.0,685.634804725647,698.8356928825378,0.0,n01784675_centipede,fix_nonmask,0,6272,0.0001,vgg16-7,False,0.813295841217041,"[0, 0, 223, 223]",18816,131712,150528,12.5,random
148,onnx/vgg16-7.onnx,vnnlib/n01795545_black_grouse_global_k6272_eps_0.0001.vnnlib,1200,unsat False,1.636033058166504,0.0,1433.8233060836792,1447.142919778824,0.0,n01795545_black_grouse,global,-1,6272,0.0001,vgg16-7,True,,,18816,131712,150528,12.5,random
154,onnx/vgg16-7.onnx,vnnlib/n01795545_black_grouse_fix_mask_seg0_k6272_eps_0.0001.vnnlib,1200,unsat False,1.6380633115768433,0.0,715.2695300579071,728.5658731460571,0.0,n01795545_black_grouse,fix_mask,0,6272,0.0001,vgg16-7,False,0.8694159984588623,"[0, 0, 223, 223]",12195,138333,150528,8.101482780612244,random
160,onnx/vgg16-7.onnx,vnnlib/n01795545_black_grouse_fix_nonmask_seg0_k6272_eps_0.0001.vnnlib,1200,unsat False,1.6362621784210205,0.0,716.2927083969116,729.628664970398,0.0,n01795545_black_grouse,fix_nonmask,0,6272,0.0001,vgg16-7,False,0.8694159984588623,"[0, 0, 223, 223]",18816,131712,150528,12.5,random
4,onnx/vgg16-7.onnx,vnnlib/n01614925_bald_eagle_global_k6272_eps_0.0001.vnnlib,1200,sat True,,,,4.368204832077026,0.0,n01614925_bald_eagle,global,-1,6272,0.0001,vgg16-7,True,,,18816,131712,150528,12.5,random
10,onnx/vgg16-7.onnx,vnnlib/n01614925_bald_eagle_seg0_fixmask_k6272_eps_0.0001.vnnlib,1200,sat False,-inf,,1.7148444652557373,6.826579809188843,0.0,n01614925_bald_eagle,fix_mask,0,6272,0.0001,vgg16-7,False,0.872333824634552,"[0, 0, 222, 223]",1497,149031,150528,0.994499362244898,random
16,onnx/vgg16-7.onnx,vnnlib/n01614925_bald_eagle_seg0_fixnonmask_k6272_eps_0.0001.vnnlib,1200,sat True,,,,5.479917764663696,0.0,n01614925_bald_eagle,fix_nonmask,0,6272,0.0001,vgg16-7,False,0.872333824634552,"[0, 0, 222, 223]",18816,131712,150528,12.5,random
22,onnx/vgg16-7.onnx,vnnlib/n01622779_great_grey_owl_global_k6272_eps_0.0001.vnnlib,1200,sat True,,,,5.580333948135376,0.0,n01622779_great_grey_owl,global,-1,6272,0.0001,vgg16-7,True,,,18816,131712,150528,12.5,random
28,onnx/vgg16-7.onnx,vnnlib/n01622779_great_grey_owl_seg0_fixmask_k6272_eps_0.0001.vnnlib,1200,sat False,-inf,,1.0897040367126465,6.352182626724243,0.0,n01622779_great_grey_owl,fix_mask,0,6272,0.0001,vgg16-7,False,0.880844235420227,"[0, 0, 223, 223]",18816,131712,150528,12.5,random
34,onnx/vgg16-7.onnx,vnnlib/n01622779_great_grey_owl_seg0_fixnonmask_k6272_eps_0.0001.vnnlib,1200,sat True,,,,5.53015661239624,0.0,n01622779_great_grey_owl,fix_nonmask,0,6272,0.0001,vgg16-7,False,0.880844235420227,"[0, 0, 223, 223]",18816,131712,150528,12.5,random
40,onnx/vgg16-7.onnx,vnnlib/n01629819_European_fire_salamander_global_k6272_eps_0.0001.vnnlib,1200,sat True,,,,5.345532417297363,0.0,n01629819_European_fire_salamander,global,-1,6272,0.0001,vgg16-7,True,,,18816,131712,150528,12.5,random
46,onnx/vgg16-7.onnx,vnnlib/n01629819_European_fire_salamander_seg0_fixmask_k6272_eps_0.0001.vnnlib,1200,sat False,-inf,,1.802290439605713,7.141428709030151,0.0,n01629819_European_fire_salamander,fix_mask,0,6272,0.0001,vgg16-7,False,0.7265642881393433,"[0, 0, 223, 223]",18816,131712,150528,12.5,random
52,onnx/vgg16-7.onnx,vnnlib/n01629819_European_fire_salamander_seg0_fixnonmask_k6272_eps_0.0001.vnnlib,1200,sat True,,,,5.597857475280762,0.0,n01629819_European_fire_salamander,fix_nonmask,0,6272,0.0001,vgg16-7,False,0.7265642881393433,"[0, 0, 223, 223]",18816,131712,150528,12.5,random
58,onnx/vgg16-7.onnx,vnnlib/n01631663_eft_global_k6272_eps_0.0001.vnnlib,1200,sat True,,,,5.388052940368652,0.0,n01631663_eft,global,-1,6272,0.0001,vgg16-7,True,,,18816,131712,150528,12.5,random
64,onnx/vgg16-7.onnx,vnnlib/n01631663_eft_seg0_fixmask_k6272_eps_0.0001.vnnlib,1200,sat False,-inf,,2.263964891433716,7.490332841873169,0.0,n01631663_eft,fix_mask,0,6272,0.0001,vgg16-7,False,0.8432294130325317,"[0, 0, 223, 223]",18816,131712,150528,12.5,random
70,onnx/vgg16-7.onnx,vnnlib/n01631663_eft_seg0_fixnonmask_k6272_eps_0.0001.vnnlib,1200,sat True,,,,5.431121587753296,0.0,n01631663_eft,fix_nonmask,0,6272,0.0001,vgg16-7,False,0.8432294130325317,"[0, 0, 223, 223]",18816,131712,150528,12.5,random
76,onnx/vgg16-7.onnx,vnnlib/n01632458_spotted_salamander_global_k6272_eps_0.0001.vnnlib,1200,sat True,,,,5.584629535675049,0.0,n01632458_spotted_salamander,global,-1,6272,0.0001,vgg16-7,True,,,18816,131712,150528,12.5,random
82,onnx/vgg16-7.onnx,vnnlib/n01632458_spotted_salamander_seg0_fixmask_k6272_eps_0.0001.vnnlib,1200,sat False,-inf,,1.9254984855651855,7.213739395141602,0.0,n01632458_spotted_salamander,fix_mask,0,6272,0.0001,vgg16-7,False,0.8267481327056885,"[0, 1, 223, 222]",18816,131712,150528,12.5,random
88,onnx/vgg16-7.onnx,vnnlib/n01632458_spotted_salamander_seg0_fixnonmask_k6272_eps_0.0001.vnnlib,1200,sat True,,,,5.423556327819824,0.0,n01632458_spotted_salamander,fix_nonmask,0,6272,0.0001,vgg16-7,False,0.8267481327056885,"[0, 1, 223, 222]",18816,131712,150528,12.5,random
94,onnx/vgg16-7.onnx,vnnlib/n01641577_bullfrog_global_k6272_eps_0.0001.vnnlib,1200,sat True,,,,5.475765228271484,0.0,n01641577_bullfrog,global,-1,6272,0.0001,vgg16-7,True,,,18816,131712,150528,12.5,random
100,onnx/vgg16-7.onnx,vnnlib/n01641577_bullfrog_seg0_fixmask_k6272_eps_0.0001.vnnlib,1200,sat False,-inf,,1.3259682655334473,6.518611669540405,0.0,n01641577_bullfrog,fix_mask,0,6272,0.0001,vgg16-7,False,0.7734976410865784,"[0, 0, 223, 223]",18816,131712,150528,12.5,random
106,onnx/vgg16-7.onnx,vnnlib/n01641577_bullfrog_seg0_fixnonmask_k6272_eps_0.0001.vnnlib,1200,sat True,,,,5.345939874649048,0.0,n01641577_bullfrog,fix_nonmask,0,6272,0.0001,vgg16-7,False,0.7734976410865784,"[0, 0, 223, 223]",18816,131712,150528,12.5,random
1,onnx/vgg16-7.onnx,vnnlib/n01614925_bald_eagle_global_k50176_eps_0.0001.vnnlib,1200,sat True,,,,7.771712303161621,0.0,n01614925_bald_eagle,global,-1,50176,0.0001,vgg16-7,True,,,150528,0,150528,100.0,random
7,onnx/vgg16-7.onnx,vnnlib/n01614925_bald_eagle_seg0_fixmask_k50176_eps_0.0001.vnnlib,1200,sat False,-inf,,1.4571270942687988,6.778164863586426,0.0,n01614925_bald_eagle,fix_mask,0,50176,0.0001,vgg16-7,False,0.872333824634552,"[0, 0, 222, 223]",1497,149031,150528,0.994499362244898,random
13,onnx/vgg16-7.onnx,vnnlib/n01614925_bald_eagle_seg0_fixnonmask_k50176_eps_0.0001.vnnlib,1200,sat True,,,,5.569931745529175,0.0,n01614925_bald_eagle,fix_nonmask,0,50176,0.0001,vgg16-7,False,0.872333824634552,"[0, 0, 222, 223]",149031,1497,150528,99.0055006377551,random
19,onnx/vgg16-7.onnx,vnnlib/n01622779_great_grey_owl_global_k50176_eps_0.0001.vnnlib,1200,sat True,,,,5.675845146179199,0.0,n01622779_great_grey_owl,global,-1,50176,0.0001,vgg16-7,True,,,150528,0,150528,100.0,random
25,onnx/vgg16-7.onnx,vnnlib/n01622779_great_grey_owl_seg0_fixmask_k50176_eps_0.0001.vnnlib,1200,sat True,,,,5.3881611824035645,0.0,n01622779_great_grey_owl,fix_mask,0,50176,0.0001,vgg16-7,False,0.880844235420227,"[0, 0, 223, 223]",26730,123798,150528,17.75749362244898,random
31,onnx/vgg16-7.onnx,vnnlib/n01622779_great_grey_owl_seg0_fixnonmask_k50176_eps_0.0001.vnnlib,1200,sat True,,,,5.39577317237854,0.0,n01622779_great_grey_owl,fix_nonmask,0,50176,0.0001,vgg16-7,False,0.880844235420227,"[0, 0, 223, 223]",123798,26730,150528,82.24250637755102,random
37,onnx/vgg16-7.onnx,vnnlib/n01629819_European_fire_salamander_global_k50176_eps_0.0001.vnnlib,1200,sat True,,,,5.5899786949157715,0.0,n01629819_European_fire_salamander,global,-1,50176,0.0001,vgg16-7,True,,,150528,0,150528,100.0,random
43,onnx/vgg16-7.onnx,vnnlib/n01629819_European_fire_salamander_seg0_fixmask_k50176_eps_0.0001.vnnlib,1200,sat True,,,,5.385877370834351,0.0,n01629819_European_fire_salamander,fix_mask,0,50176,0.0001,vgg16-7,False,0.7265642881393433,"[0, 0, 223, 223]",53901,96627,150528,35.80795599489796,random
49,onnx/vgg16-7.onnx,vnnlib/n01629819_European_fire_salamander_seg0_fixnonmask_k50176_eps_0.0001.vnnlib,1200,sat True,,,,5.5476720333099365,0.0,n01629819_European_fire_salamander,fix_nonmask,0,50176,0.0001,vgg16-7,False,0.7265642881393433,"[0, 0, 223, 223]",96627,53901,150528,64.19204400510205,random
55,onnx/vgg16-7.onnx,vnnlib/n01631663_eft_global_k50176_eps_0.0001.vnnlib,1200,sat True,,,,5.574079751968384,0.0,n01631663_eft,global,-1,50176,0.0001,vgg16-7,True,,,150528,0,150528,100.0,random
61,onnx/vgg16-7.onnx,vnnlib/n01631663_eft_seg0_fixmask_k50176_eps_0.0001.vnnlib,1200,sat True,,,,5.501441717147827,0.0,n01631663_eft,fix_mask,0,50176,0.0001,vgg16-7,False,0.8432294130325317,"[0, 0, 223, 223]",43320,107208,150528,28.778698979591837,random
67,onnx/vgg16-7.onnx,vnnlib/n01631663_eft_seg0_fixnonmask_k50176_eps_0.0001.vnnlib,1200,sat True,,,,5.524420976638794,0.0,n01631663_eft,fix_nonmask,0,50176,0.0001,vgg16-7,False,0.8432294130325317,"[0, 0, 223, 223]",107208,43320,150528,71.22130102040816,random
73,onnx/vgg16-7.onnx,vnnlib/n01632458_spotted_salamander_global_k50176_eps_0.0001.vnnlib,1200,sat True,,,,5.397895574569702,0.0,n01632458_spotted_salamander,global,-1,50176,0.0001,vgg16-7,True,,,150528,0,150528,100.0,random
79,onnx/vgg16-7.onnx,vnnlib/n01632458_spotted_salamander_seg0_fixmask_k50176_eps_0.0001.vnnlib,1200,sat True,,,,5.5715172290802,0.0,n01632458_spotted_salamander,fix_mask,0,50176,0.0001,vgg16-7,False,0.8267481327056885,"[0, 1, 223, 222]",43125,107403,150528,28.649154974489797,random
85,onnx/vgg16-7.onnx,vnnlib/n01632458_spotted_salamander_seg0_fixnonmask_k50176_eps_0.0001.vnnlib,1200,sat True,,,,5.4339988231658936,0.0,n01632458_spotted_salamander,fix_nonmask,0,50176,0.0001,vgg16-7,False,0.8267481327056885,"[0, 1, 223, 222]",107403,43125,150528,71.35084502551021,random
91,onnx/vgg16-7.onnx,vnnlib/n01641577_bullfrog_global_k50176_eps_0.0001.vnnlib,1200,sat True,,,,5.569190263748169,0.0,n01641577_bullfrog,global,-1,50176,0.0001,vgg16-7,True,,,150528,0,150528,100.0,random
97,onnx/vgg16-7.onnx,vnnlib/n01641577_bullfrog_seg0_fixmask_k50176_eps_0.0001.vnnlib,1200,sat True,,,,5.608020067214966,0.0,n01641577_bullfrog,fix_mask,0,50176,0.0001,vgg16-7,False,0.7734976410865784,"[0, 0, 223, 223]",21792,128736,150528,14.47704081632653,random
103,onnx/vgg16-7.onnx,vnnlib/n01641577_bullfrog_seg0_fixnonmask_k50176_eps_0.0001.vnnlib,1200,sat True,,,,5.461487770080566,0.0,n01641577_bullfrog,fix_nonmask,0,50176,0.0001,vgg16-7,False,0.7734976410865784,"[0, 0, 223, 223]",128736,21792,150528,85.52295918367346,random
3,onnx/vgg16-7.onnx,vnnlib/n01614925_bald_eagle_global_k12544_eps_0.0001.vnnlib,1200,sat True,,,,4.425958156585693,0.0,n01614925_bald_eagle,global,-1,12544,0.0001,vgg16-7,True,,,37632,112896,150528,25.0,random
9,onnx/vgg16-7.onnx,vnnlib/n01614925_bald_eagle_seg0_fixmask_k12544_eps_0.0001.vnnlib,1200,sat False,-inf,,1.9980401992797852,7.308262586593628,0.0,n01614925_bald_eagle,fix_mask,0,12544,0.0001,vgg16-7,False,0.872333824634552,"[0, 0, 222, 223]",1497,149031,150528,0.994499362244898,random
15,onnx/vgg16-7.onnx,vnnlib/n01614925_bald_eagle_seg0_fixnonmask_k12544_eps_0.0001.vnnlib,1200,sat True,,,,5.569955825805664,0.0,n01614925_bald_eagle,fix_nonmask,0,12544,0.0001,vgg16-7,False,0.872333824634552,"[0, 0, 222, 223]",37632,112896,150528,25.0,random
21,onnx/vgg16-7.onnx,vnnlib/n01622779_great_grey_owl_global_k12544_eps_0.0001.vnnlib,1200,sat True,,,,5.366364240646362,0.0,n01622779_great_grey_owl,global,-1,12544,0.0001,vgg16-7,True,,,37632,112896,150528,25.0,random
27,onnx/vgg16-7.onnx,vnnlib/n01622779_great_grey_owl_seg0_fixmask_k12544_eps_0.0001.vnnlib,1200,sat False,-inf,,2.1594324111938477,7.4589924812316895,0.0,n01622779_great_grey_owl,fix_mask,0,12544,0.0001,vgg16-7,False,0.880844235420227,"[0, 0, 223, 223]",26730,123798,150528,17.75749362244898,random
33,onnx/vgg16-7.onnx,vnnlib/n01622779_great_grey_owl_seg0_fixnonmask_k12544_eps_0.0001.vnnlib,1200,sat True,,,,5.4677064418792725,0.0,n01622779_great_grey_owl,fix_nonmask,0,12544,0.0001,vgg16-7,False,0.880844235420227,"[0, 0, 223, 223]",37632,112896,150528,25.0,random
39,onnx/vgg16-7.onnx,vnnlib/n01629819_European_fire_salamander_global_k12544_eps_0.0001.vnnlib,1200,sat True,,,,5.64506196975708,0.0,n01629819_European_fire_salamander,global,-1,12544,0.0001,vgg16-7,True,,,37632,112896,150528,25.0,random
45,onnx/vgg16-7.onnx,vnnlib/n01629819_European_fire_salamander_seg0_fixmask_k12544_eps_0.0001.vnnlib,1200,sat True,,,,5.517526388168335,0.0,n01629819_European_fire_salamander,fix_mask,0,12544,0.0001,vgg16-7,False,0.7265642881393433,"[0, 0, 223, 223]",37632,112896,150528,25.0,random
51,onnx/vgg16-7.onnx,vnnlib/n01629819_European_fire_salamander_seg0_fixnonmask_k12544_eps_0.0001.vnnlib,1200,sat True,,,,5.414797306060791,0.0,n01629819_European_fire_salamander,fix_nonmask,0,12544,0.0001,vgg16-7,False,0.7265642881393433,"[0, 0, 223, 223]",37632,112896,150528,25.0,random
57,onnx/vgg16-7.onnx,vnnlib/n01631663_eft_global_k12544_eps_0.0001.vnnlib,1200,sat True,,,,5.655414581298828,0.0,n01631663_eft,global,-1,12544,0.0001,vgg16-7,True,,,37632,112896,150528,25.0,random
63,onnx/vgg16-7.onnx,vnnlib/n01631663_eft_seg0_fixmask_k12544_eps_0.0001.vnnlib,1200,sat True,,,,5.598779201507568,0.0,n01631663_eft,fix_mask,0,12544,0.0001,vgg16-7,False,0.8432294130325317,"[0, 0, 223, 223]",37632,112896,150528,25.0,random
69,onnx/vgg16-7.onnx,vnnlib/n01631663_eft_seg0_fixnonmask_k12544_eps_0.0001.vnnlib,1200,sat True,,,,5.639031171798706,0.0,n01631663_eft,fix_nonmask,0,12544,0.0001,vgg16-7,False,0.8432294130325317,"[0, 0, 223, 223]",37632,112896,150528,25.0,random
75,onnx/vgg16-7.onnx,vnnlib/n01632458_spotted_salamander_global_k12544_eps_0.0001.vnnlib,1200,sat True,,,,5.60257887840271,0.0,n01632458_spotted_salamander,global,-1,12544,0.0001,vgg16-7,True,,,37632,112896,150528,25.0,random
81,onnx/vgg16-7.onnx,vnnlib/n01632458_spotted_salamander_seg0_fixmask_k12544_eps_0.0001.vnnlib,1200,sat True,,,,5.549942255020142,0.0,n01632458_spotted_salamander,fix_mask,0,12544,0.0001,vgg16-7,False,0.8267481327056885,"[0, 1, 223, 222]",37632,112896,150528,25.0,random
87,onnx/vgg16-7.onnx,vnnlib/n01632458_spotted_salamander_seg0_fixnonmask_k12544_eps_0.0001.vnnlib,1200,sat True,,,,5.559710502624512,0.0,n01632458_spotted_salamander,fix_nonmask,0,12544,0.0001,vgg16-7,False,0.8267481327056885,"[0, 1, 223, 222]",37632,112896,150528,25.0,random
93,onnx/vgg16-7.onnx,vnnlib/n01641577_bullfrog_global_k12544_eps_0.0001.vnnlib,1200,sat True,,,,5.583283424377441,0.0,n01641577_bullfrog,global,-1,12544,0.0001,vgg16-7,True,,,37632,112896,150528,25.0,random
99,onnx/vgg16-7.onnx,vnnlib/n01641577_bullfrog_seg0_fixmask_k12544_eps_0.0001.vnnlib,1200,sat False,-inf,,1.8034656047821045,7.100074529647827,0.0,n01641577_bullfrog,fix_mask,0,12544,0.0001,vgg16-7,False,0.7734976410865784,"[0, 0, 223, 223]",21792,128736,150528,14.47704081632653,random
105,onnx/vgg16-7.onnx,vnnlib/n01641577_bullfrog_seg0_fixnonmask_k12544_eps_0.0001.vnnlib,1200,sat True,,,,5.570572137832642,0.0,n01641577_bullfrog,fix_nonmask,0,12544,0.0001,vgg16-7,False,0.7734976410865784,"[0, 0, 223, 223]",37632,112896,150528,25.0,random
5,onnx/vgg16-7.onnx,vnnlib/n01614925_bald_eagle_global_k3136_eps_0.0001.vnnlib,1200,sat False,-inf,,1.7069344520568848,5.841251611709595,0.0,n01614925_bald_eagle,global,-1,3136,0.0001,vgg16-7,True,,,9408,141120,150528,6.25,random
11,onnx/vgg16-7.onnx,vnnlib/n01614925_bald_eagle_seg0_fixmask_k3136_eps_0.0001.vnnlib,1200,sat False,-inf,,1.7511637210845947,6.8897271156311035,0.0,n01614925_bald_eagle,fix_mask,0,3136,0.0001,vgg16-7,False,0.872333824634552,"[0, 0, 222, 223]",1497,149031,150528,0.994499362244898,random
17,onnx/vgg16-7.onnx,vnnlib/n01614925_bald_eagle_seg0_fixnonmask_k3136_eps_0.0001.vnnlib,1200,sat False,-inf,,1.9578824043273928,7.066730737686157,0.0,n01614925_bald_eagle,fix_nonmask,0,3136,0.0001,vgg16-7,False,0.872333824634552,"[0, 0, 222, 223]",9408,141120,150528,6.25,random
23,onnx/vgg16-7.onnx,vnnlib/n01622779_great_grey_owl_global_k3136_eps_0.0001.vnnlib,1200,sat False,-inf,,1.7505862712860107,6.891725301742554,0.0,n01622779_great_grey_owl,global,-1,3136,0.0001,vgg16-7,True,,,9408,141120,150528,6.25,random
29,onnx/vgg16-7.onnx,vnnlib/n01622779_great_grey_owl_seg0_fixmask_k3136_eps_0.0001.vnnlib,1200,sat False,-inf,,1.4505400657653809,6.673614978790283,0.0,n01622779_great_grey_owl,fix_mask,0,3136,0.0001,vgg16-7,False,0.880844235420227,"[0, 0, 223, 223]",9408,141120,150528,6.25,random
35,onnx/vgg16-7.onnx,vnnlib/n01622779_great_grey_owl_seg0_fixnonmask_k3136_eps_0.0001.vnnlib,1200,sat False,-inf,,2.592255115509033,7.86343240737915,0.0,n01622779_great_grey_owl,fix_nonmask,0,3136,0.0001,vgg16-7,False,0.880844235420227,"[0, 0, 223, 223]",9408,141120,150528,6.25,random
41,onnx/vgg16-7.onnx,vnnlib/n01629819_European_fire_salamander_global_k3136_eps_0.0001.vnnlib,1200,sat False,-inf,,1.156275987625122,6.5334742069244385,0.0,n01629819_European_fire_salamander,global,-1,3136,0.0001,vgg16-7,True,,,9408,141120,150528,6.25,random
47,onnx/vgg16-7.onnx,vnnlib/n01629819_European_fire_salamander_seg0_fixmask_k3136_eps_0.0001.vnnlib,1200,sat False,-inf,,1.7831037044525146,7.1171555519104,0.0,n01629819_European_fire_salamander,fix_mask,0,3136,0.0001,vgg16-7,False,0.7265642881393433,"[0, 0, 223, 223]",9408,141120,150528,6.25,random
53,onnx/vgg16-7.onnx,vnnlib/n01629819_European_fire_salamander_seg0_fixnonmask_k3136_eps_0.0001.vnnlib,1200,sat False,-inf,,1.2589027881622314,6.648482084274292,0.0,n01629819_European_fire_salamander,fix_nonmask,0,3136,0.0001,vgg16-7,False,0.7265642881393433,"[0, 0, 223, 223]",9408,141120,150528,6.25,random
59,onnx/vgg16-7.onnx,vnnlib/n01631663_eft_global_k3136_eps_0.0001.vnnlib,1200,sat False,-inf,,1.9810492992401123,7.265657424926758,0.0,n01631663_eft,global,-1,3136,0.0001,vgg16-7,True,,,9408,141120,150528,6.25,random
65,onnx/vgg16-7.onnx,vnnlib/n01631663_eft_seg0_fixmask_k3136_eps_0.0001.vnnlib,1200,sat False,-inf,,1.3214983940124512,6.6245667934417725,0.0,n01631663_eft,fix_mask,0,3136,0.0001,vgg16-7,False,0.8432294130325317,"[0, 0, 223, 223]",9408,141120,150528,6.25,random
71,onnx/vgg16-7.onnx,vnnlib/n01631663_eft_seg0_fixnonmask_k3136_eps_0.0001.vnnlib,1200,sat False,-inf,,1.3831455707550049,6.570950031280518,0.0,n01631663_eft,fix_nonmask,0,3136,0.0001,vgg16-7,False,0.8432294130325317,"[0, 0, 223, 223]",9408,141120,150528,6.25,random
77,onnx/vgg16-7.onnx,vnnlib/n01632458_spotted_salamander_global_k3136_eps_0.0001.vnnlib,1200,sat False,-inf,,2.105454921722412,7.380824089050293,0.0,n01632458_spotted_salamander,global,-1,3136,0.0001,vgg16-7,True,,,9408,141120,150528,6.25,random
83,onnx/vgg16-7.onnx,vnnlib/n01632458_spotted_salamander_seg0_fixmask_k3136_eps_0.0001.vnnlib,1200,sat False,-inf,,0.919001579284668,6.193359136581421,0.0,n01632458_spotted_salamander,fix_mask,0,3136,0.0001,vgg16-7,False,0.8267481327056885,"[0, 1, 223, 222]",9408,141120,150528,6.25,random
89,onnx/vgg16-7.onnx,vnnlib/n01632458_spotted_salamander_seg0_fixnonmask_k3136_eps_0.0001.vnnlib,1200,sat False,-inf,,1.174576997756958,6.2974913120269775,0.0,n01632458_spotted_salamander,fix_nonmask,0,3136,0.0001,vgg16-7,False,0.8267481327056885,"[0, 1, 223, 222]",9408,141120,150528,6.25,random
95,onnx/vgg16-7.onnx,vnnlib/n01641577_bullfrog_global_k3136_eps_0.0001.vnnlib,1200,sat False,-inf,,0.968022346496582,6.233196973800659,0.0,n01641577_bullfrog,global,-1,3136,0.0001,vgg16-7,True,,,9408,141120,150528,6.25,random
101,onnx/vgg16-7.onnx,vnnlib/n01641577_bullfrog_seg0_fixmask_k3136_eps_0.0001.vnnlib,1200,sat False,-inf,,2.1406781673431396,7.364768028259277,0.0,n01641577_bullfrog,fix_mask,0,3136,0.0001,vgg16-7,False,0.7734976410865784,"[0, 0, 223, 223]",9408,141120,150528,6.25,random
107,onnx/vgg16-7.onnx,vnnlib/n01641577_bullfrog_seg0_fixnonmask_k3136_eps_0.0001.vnnlib,1200,sat False,-inf,,1.1647047996520996,6.40901255607605,0.0,n01641577_bullfrog,fix_nonmask,0,3136,0.0001,vgg16-7,False,0.7734976410865784,"[0, 0, 223, 223]",9408,141120,150528,6.25,random
2,onnx/vgg16-7.onnx,vnnlib/n01614925_bald_eagle_global_k25088_eps_0.0001.vnnlib,1200,sat True,,,,4.312162399291992,0.0,n01614925_bald_eagle,global,-1,25088,0.0001,vgg16-7,True,,,75264,75264,150528,50.0,random
8,onnx/vgg16-7.onnx,vnnlib/n01614925_bald_eagle_seg0_fixmask_k25088_eps_0.0001.vnnlib,1200,sat False,-inf,,1.7489824295043943,6.913929224014282,0.0,n01614925_bald_eagle,fix_mask,0,25088,0.0001,vgg16-7,False,0.872333824634552,"[0, 0, 222, 223]",1497,149031,150528,0.994499362244898,random
14,onnx/vgg16-7.onnx,vnnlib/n01614925_bald_eagle_seg0_fixnonmask_k25088_eps_0.0001.vnnlib,1200,sat True,,,,5.3443992137908936,0.0,n01614925_bald_eagle,fix_nonmask,0,25088,0.0001,vgg16-7,False,0.872333824634552,"[0, 0, 222, 223]",75264,75264,150528,50.0,random
20,onnx/vgg16-7.onnx,vnnlib/n01622779_great_grey_owl_global_k25088_eps_0.0001.vnnlib,1200,sat True,,,,5.4611852169036865,0.0,n01622779_great_grey_owl,global,-1,25088,0.0001,vgg16-7,True,,,75264,75264,150528,50.0,random
26,onnx/vgg16-7.onnx,vnnlib/n01622779_great_grey_owl_seg0_fixmask_k25088_eps_0.0001.vnnlib,1200,sat True,,,,5.595105409622192,0.0,n01622779_great_grey_owl,fix_mask,0,25088,0.0001,vgg16-7,False,0.880844235420227,"[0, 0, 223, 223]",26730,123798,150528,17.75749362244898,random
32,onnx/vgg16-7.onnx,vnnlib/n01622779_great_grey_owl_seg0_fixnonmask_k25088_eps_0.0001.vnnlib,1200,sat True,,,,5.873017311096191,0.0,n01622779_great_grey_owl,fix_nonmask,0,25088,0.0001,vgg16-7,False,0.880844235420227,"[0, 0, 223, 223]",75264,75264,150528,50.0,random
38,onnx/vgg16-7.onnx,vnnlib/n01629819_European_fire_salamander_global_k25088_eps_0.0001.vnnlib,1200,sat True,,,,5.560711622238159,0.0,n01629819_European_fire_salamander,global,-1,25088,0.0001,vgg16-7,True,,,75264,75264,150528,50.0,random
44,onnx/vgg16-7.onnx,vnnlib/n01629819_European_fire_salamander_seg0_fixmask_k25088_eps_0.0001.vnnlib,1200,sat True,,,,5.519138336181641,0.0,n01629819_European_fire_salamander,fix_mask,0,25088,0.0001,vgg16-7,False,0.7265642881393433,"[0, 0, 223, 223]",53901,96627,150528,35.80795599489796,random
50,onnx/vgg16-7.onnx,vnnlib/n01629819_European_fire_salamander_seg0_fixnonmask_k25088_eps_0.0001.vnnlib,1200,sat True,,,,5.665360450744629,0.0,n01629819_European_fire_salamander,fix_nonmask,0,25088,0.0001,vgg16-7,False,0.7265642881393433,"[0, 0, 223, 223]",75264,75264,150528,50.0,random
56,onnx/vgg16-7.onnx,vnnlib/n01631663_eft_global_k25088_eps_0.0001.vnnlib,1200,sat True,,,,5.547967433929443,0.0,n01631663_eft,global,-1,25088,0.0001,vgg16-7,True,,,75264,75264,150528,50.0,random
62,onnx/vgg16-7.onnx,vnnlib/n01631663_eft_seg0_fixmask_k25088_eps_0.0001.vnnlib,1200,sat True,,,,5.689829587936401,0.0,n01631663_eft,fix_mask,0,25088,0.0001,vgg16-7,False,0.8432294130325317,"[0, 0, 223, 223]",43320,107208,150528,28.778698979591837,random
68,onnx/vgg16-7.onnx,vnnlib/n01631663_eft_seg0_fixnonmask_k25088_eps_0.0001.vnnlib,1200,sat True,,,,5.679307460784912,0.0,n01631663_eft,fix_nonmask,0,25088,0.0001,vgg16-7,False,0.8432294130325317,"[0, 0, 223, 223]",75264,75264,150528,50.0,random
74,onnx/vgg16-7.onnx,vnnlib/n01632458_spotted_salamander_global_k25088_eps_0.0001.vnnlib,1200,sat True,,,,5.698489427566528,0.0,n01632458_spotted_salamander,global,-1,25088,0.0001,vgg16-7,True,,,75264,75264,150528,50.0,random
80,onnx/vgg16-7.onnx,vnnlib/n01632458_spotted_salamander_seg0_fixmask_k25088_eps_0.0001.vnnlib,1200,sat True,,,,5.478105068206787,0.0,n01632458_spotted_salamander,fix_mask,0,25088,0.0001,vgg16-7,False,0.8267481327056885,"[0, 1, 223, 222]",43125,107403,150528,28.649154974489797,random
86,onnx/vgg16-7.onnx,vnnlib/n01632458_spotted_salamander_seg0_fixnonmask_k25088_eps_0.0001.vnnlib,1200,sat True,,,,5.444252252578735,0.0,n01632458_spotted_salamander,fix_nonmask,0,25088,0.0001,vgg16-7,False,0.8267481327056885,"[0, 1, 223, 222]",75264,75264,150528,50.0,random
92,onnx/vgg16-7.onnx,vnnlib/n01641577_bullfrog_global_k25088_eps_0.0001.vnnlib,1200,sat True,,,,5.686936616897583,0.0,n01641577_bullfrog,global,-1,25088,0.0001,vgg16-7,True,,,75264,75264,150528,50.0,random
98,onnx/vgg16-7.onnx,vnnlib/n01641577_bullfrog_seg0_fixmask_k25088_eps_0.0001.vnnlib,1200,sat True,,,,5.346405982971191,0.0,n01641577_bullfrog,fix_mask,0,25088,0.0001,vgg16-7,False,0.7734976410865784,"[0, 0, 223, 223]",21792,128736,150528,14.47704081632653,random
104,onnx/vgg16-7.onnx,vnnlib/n01641577_bullfrog_seg0_fixnonmask_k25088_eps_0.0001.vnnlib,1200,sat True,,,,5.455700635910034,0.0,n01641577_bullfrog,fix_nonmask,0,25088,0.0001,vgg16-7,False,0.7734976410865784,"[0, 0, 223, 223]",75264,75264,150528,50.0,random
6,onnx/vgg16-7.onnx,vnnlib/n01614925_bald_eagle_global_k1568_eps_0.0001.vnnlib,1200,sat False,-inf,,2.1826651096343994,7.400957345962524,0.0,n01614925_bald_eagle,global,-1,1568,0.0001,vgg16-7,True,,,4704,145824,150528,3.125,random
12,onnx/vgg16-7.onnx,vnnlib/n01614925_bald_eagle_seg0_fixmask_k1568_eps_0.0001.vnnlib,1200,sat False,-inf,,1.4739165306091309,6.7897584438323975,0.0,n01614925_bald_eagle,fix_mask,0,1568,0.0001,vgg16-7,False,0.872333824634552,"[0, 0, 222, 223]",1497,149031,150528,0.994499362244898,random
18,onnx/vgg16-7.onnx,vnnlib/n01614925_bald_eagle_seg0_fixnonmask_k1568_eps_0.0001.vnnlib,1200,sat False,-inf,,1.7277605533599854,6.963119268417358,0.0,n01614925_bald_eagle,fix_nonmask,0,1568,0.0001,vgg16-7,False,0.872333824634552,"[0, 0, 222, 223]",4704,145824,150528,3.125,random
24,onnx/vgg16-7.onnx,vnnlib/n01622779_great_grey_owl_global_k1568_eps_0.0001.vnnlib,1200,sat False,-inf,,1.3277413845062256,6.597940444946289,0.0,n01622779_great_grey_owl,global,-1,1568,0.0001,vgg16-7,True,,,4704,145824,150528,3.125,random
30,onnx/vgg16-7.onnx,vnnlib/n01622779_great_grey_owl_seg0_fixmask_k1568_eps_0.0001.vnnlib,1200,sat False,-inf,,0.9583652019500732,6.170091390609741,0.0,n01622779_great_grey_owl,fix_mask,0,1568,0.0001,vgg16-7,False,0.880844235420227,"[0, 0, 223, 223]",4704,145824,150528,3.125,random
36,onnx/vgg16-7.onnx,vnnlib/n01622779_great_grey_owl_seg0_fixnonmask_k1568_eps_0.0001.vnnlib,1200,sat False,-inf,,1.9413752555847168,7.325900077819824,0.0,n01622779_great_grey_owl,fix_nonmask,0,1568,0.0001,vgg16-7,False,0.880844235420227,"[0, 0, 223, 223]",4704,145824,150528,3.125,random
42,onnx/vgg16-7.onnx,vnnlib/n01629819_European_fire_salamander_global_k1568_eps_0.0001.vnnlib,1200,sat False,-inf,,1.2767434120178225,6.477281093597412,0.0,n01629819_European_fire_salamander,global,-1,1568,0.0001,vgg16-7,True,,,4704,145824,150528,3.125,random
48,onnx/vgg16-7.onnx,vnnlib/n01629819_European_fire_salamander_seg0_fixmask_k1568_eps_0.0001.vnnlib,1200,sat False,-inf,,1.1693365573883057,6.43955135345459,0.0,n01629819_European_fire_salamander,fix_mask,0,1568,0.0001,vgg16-7,False,0.7265642881393433,"[0, 0, 223, 223]",4704,145824,150528,3.125,random
54,onnx/vgg16-7.onnx,vnnlib/n01629819_European_fire_salamander_seg0_fixnonmask_k1568_eps_0.0001.vnnlib,1200,sat False,-inf,,2.009626626968384,7.256384134292603,0.0,n01629819_European_fire_salamander,fix_nonmask,0,1568,0.0001,vgg16-7,False,0.7265642881393433,"[0, 0, 223, 223]",4704,145824,150528,3.125,random
60,onnx/vgg16-7.onnx,vnnlib/n01631663_eft_global_k1568_eps_0.0001.vnnlib,1200,sat False,-inf,,1.7358787059783936,6.851142168045044,0.0,n01631663_eft,global,-1,1568,0.0001,vgg16-7,True,,,4704,145824,150528,3.125,random
66,onnx/vgg16-7.onnx,vnnlib/n01631663_eft_seg0_fixmask_k1568_eps_0.0001.vnnlib,1200,sat False,-inf,,1.7193636894226074,6.960250377655029,0.0,n01631663_eft,fix_mask,0,1568,0.0001,vgg16-7,False,0.8432294130325317,"[0, 0, 223, 223]",4704,145824,150528,3.125,random
72,onnx/vgg16-7.onnx,vnnlib/n01631663_eft_seg0_fixnonmask_k1568_eps_0.0001.vnnlib,1200,sat False,-inf,,0.8685531616210938,6.047455787658691,0.0,n01631663_eft,fix_nonmask,0,1568,0.0001,vgg16-7,False,0.8432294130325317,"[0, 0, 223, 223]",4704,145824,150528,3.125,random
78,onnx/vgg16-7.onnx,vnnlib/n01632458_spotted_salamander_global_k1568_eps_0.0001.vnnlib,1200,sat False,-inf,,1.4873530864715576,6.690385818481445,0.0,n01632458_spotted_salamander,global,-1,1568,0.0001,vgg16-7,True,,,4704,145824,150528,3.125,random
84,onnx/vgg16-7.onnx,vnnlib/n01632458_spotted_salamander_seg0_fixmask_k1568_eps_0.0001.vnnlib,1200,sat False,-inf,,1.82320237159729,7.032163858413696,0.0,n01632458_spotted_salamander,fix_mask,0,1568,0.0001,vgg16-7,False,0.8267481327056885,"[0, 1, 223, 222]",4704,145824,150528,3.125,random
90,onnx/vgg16-7.onnx,vnnlib/n01632458_spotted_salamander_seg0_fixnonmask_k1568_eps_0.0001.vnnlib,1200,sat False,-inf,,2.1925666332244873,7.407870531082153,0.0,n01632458_spotted_salamander,fix_nonmask,0,1568,0.0001,vgg16-7,False,0.8267481327056885,"[0, 1, 223, 222]",4704,145824,150528,3.125,random
96,onnx/vgg16-7.onnx,vnnlib/n01641577_bullfrog_global_k1568_eps_0.0001.vnnlib,1200,sat False,-inf,,1.9678821563720703,7.253652334213257,0.0,n01641577_bullfrog,global,-1,1568,0.0001,vgg16-7,True,,,4704,145824,150528,3.125,random
102,onnx/vgg16-7.onnx,vnnlib/n01641577_bullfrog_seg0_fixmask_k1568_eps_0.0001.vnnlib,1200,sat False,-inf,,1.4579997062683103,6.703596830368042,0.0,n01641577_bullfrog,fix_mask,0,1568,0.0001,vgg16-7,False,0.7734976410865784,"[0, 0, 223, 223]",4704,145824,150528,3.125,random
108,onnx/vgg16-7.onnx,vnnlib/n01641577_bullfrog_seg0_fixnonmask_k1568_eps_0.0001.vnnlib,1200,sat False,-inf,,1.5924923419952393,6.87002968788147,0.0,n01641577_bullfrog,fix_nonmask,0,1568,0.0001,vgg16-7,False,0.7734976410865784,"[0, 0, 223, 223]",4704,145824,150528,3.125,random
153,onnx/vgg16-7.onnx,vnnlib/n01592084_chickadee_seg0_fixmask_k12544_eps_0.0001.vnnlib,1200,unsat False,0.5504045486450195,0.0,704.4486875534058,719.2139973640442,0.0,n01592084_chickadee,fix_mask,0,12544,0.0001,vgg16-7,False,0.8566139340400696,"[0, 0, 223, 223]",37632,112896,150528,25.0,random
159,onnx/vgg16-7.onnx,vnnlib/n01592084_chickadee_seg0_fixnonmask_k12544_eps_0.0001.vnnlib,1200,unsat False,0.5441878437995911,0.0,736.0753378868103,749.4284977912903,0.0,n01592084_chickadee,fix_nonmask,0,12544,0.0001,vgg16-7,False,0.8566139340400696,"[0, 0, 223, 223]",37632,112896,150528,25.0,random
165,onnx/vgg16-7.onnx,vnnlib/n01601694_water_ouzel_global_k12544_eps_0.0001.vnnlib,1200,sat True,,,,5.550473213195801,0.0,n01601694_water_ouzel,global,-1,12544,0.0001,vgg16-7,True,,,37632,112896,150528,25.0,random
171,onnx/vgg16-7.onnx,vnnlib/n01601694_water_ouzel_seg0_fixmask_k12544_eps_0.0001.vnnlib,1200,sat True,,,,5.443689346313477,0.0,n01601694_water_ouzel,fix_mask,0,12544,0.0001,vgg16-7,False,0.882319986820221,"[0, 0, 223, 222]",37632,112896,150528,25.0,random
177,onnx/vgg16-7.onnx,vnnlib/n01601694_water_ouzel_seg0_fixnonmask_k12544_eps_0.0001.vnnlib,1200,sat True,,,,5.78180193901062,0.0,n01601694_water_ouzel,fix_nonmask,0,12544,0.0001,vgg16-7,False,0.882319986820221,"[0, 0, 223, 222]",37632,112896,150528,25.0,random
3,onnx/vgg16-7.onnx,vnnlib/n01531178_goldfinch_global_k12544_eps_0.0001.vnnlib,1200,sat True,,,,5.736666917800903,0.0,n01531178_goldfinch,global,-1,12544,0.0001,vgg16-7,True,,,37632,112896,150528,25.0,random
9,onnx/vgg16-7.onnx,vnnlib/n01531178_goldfinch_seg0_fixmask_k12544_eps_0.0001.vnnlib,1200,sat False,-inf,,2.0194573402404785,7.378084897994995,0.0,n01531178_goldfinch,fix_mask,0,12544,0.0001,vgg16-7,False,0.8897364735603333,"[0, 0, 223, 223]",33852,116676,150528,22.488839285714285,random
15,onnx/vgg16-7.onnx,vnnlib/n01531178_goldfinch_seg0_fixnonmask_k12544_eps_0.0001.vnnlib,1200,sat True,,,,5.697653770446777,0.0,n01531178_goldfinch,fix_nonmask,0,12544,0.0001,vgg16-7,False,0.8897364735603333,"[0, 0, 223, 223]",37632,112896,150528,25.0,random
21,onnx/vgg16-7.onnx,vnnlib/n01532829_house_finch_global_k12544_eps_0.0001.vnnlib,1200,unsat False,0.9696394205093384,0.0,782.4220275878906,795.7772016525269,0.0,n01532829_house_finch,global,-1,12544,0.0001,vgg16-7,True,,,37632,112896,150528,25.0,random
27,onnx/vgg16-7.onnx,vnnlib/n01532829_house_finch_seg0_fixmask_k12544_eps_0.0001.vnnlib,1200,unsat False,1.00343918800354,0.0,702.8163509368896,716.0041184425354,0.0,n01532829_house_finch,fix_mask,0,12544,0.0001,vgg16-7,False,0.7959659695625305,"[0, 1, 223, 219]",37632,112896,150528,25.0,random
33,onnx/vgg16-7.onnx,vnnlib/n01532829_house_finch_seg0_fixnonmask_k12544_eps_0.0001.vnnlib,1200,unsat False,0.9907013177871704,0.0,750.789555311203,763.9817464351654,0.0,n01532829_house_finch,fix_nonmask,0,12544,0.0001,vgg16-7,False,0.7959659695625305,"[0, 1, 223, 219]",37632,112896,150528,25.0,random
39,onnx/vgg16-7.onnx,vnnlib/n01534433_junco_global_k12544_eps_0.0001.vnnlib,1200,unsat False,0.1173095703125,0.0,726.5563633441925,739.9917702674866,0.0,n01534433_junco,global,-1,12544,0.0001,vgg16-7,True,,,37632,112896,150528,25.0,random
45,onnx/vgg16-7.onnx,vnnlib/n01534433_junco_seg0_fixmask_k12544_eps_0.0001.vnnlib,1200,unsat False,0.1245297491550445,0.0,713.3108811378479,726.4957501888275,0.0,n01534433_junco,fix_mask,0,12544,0.0001,vgg16-7,False,0.6341152787208557,"[0, 0, 223, 223]",37632,112896,150528,25.0,random
51,onnx/vgg16-7.onnx,vnnlib/n01534433_junco_seg0_fixnonmask_k12544_eps_0.0001.vnnlib,1200,unsat False,0.1240549087524414,0.0,724.3238637447357,737.5342123508453,0.0,n01534433_junco,fix_nonmask,0,12544,0.0001,vgg16-7,False,0.6341152787208557,"[0, 0, 223, 223]",37632,112896,150528,25.0,random
57,onnx/vgg16-7.onnx,vnnlib/n01537544_indigo_bunting_global_k12544_eps_0.0001.vnnlib,1200,unsat False,0.0417599081993103,0.0,774.6311855316162,787.8108260631561,0.0,n01537544_indigo_bunting,global,-1,12544,0.0001,vgg16-7,True,,,37632,112896,150528,25.0,random
63,onnx/vgg16-7.onnx,vnnlib/n01537544_indigo_bunting_seg0_fixmask_k12544_eps_0.0001.vnnlib,1200,unsat False,0.0602709650993347,0.0,691.4251410961151,696.9391367435455,0.0,n01537544_indigo_bunting,fix_mask,0,12544,0.0001,vgg16-7,False,0.8692007660865784,"[0, 0, 223, 223]",34812,115716,150528,23.1265943877551,random
69,onnx/vgg16-7.onnx,vnnlib/n01537544_indigo_bunting_seg0_fixnonmask_k12544_eps_0.0001.vnnlib,1200,unsat False,0.0483089685440063,0.0,731.9096357822418,745.3496861457825,0.0,n01537544_indigo_bunting,fix_nonmask,0,12544,0.0001,vgg16-7,False,0.8692007660865784,"[0, 0, 223, 223]",37632,112896,150528,25.0,random
75,onnx/vgg16-7.onnx,vnnlib/n01558993_robin_global_k12544_eps_0.0001.vnnlib,1200,unsat False,0.0297592878341674,0.0,703.304426908493,716.3005850315094,0.0,n01558993_robin,global,-1,12544,0.0001,vgg16-7,True,,,37632,112896,150528,25.0,random
81,onnx/vgg16-7.onnx,vnnlib/n01558993_robin_seg0_fixmask_k12544_eps_0.0001.vnnlib,1200,unsat False,0.0444234609603881,0.0,658.0637540817261,670.9910984039307,0.0,n01558993_robin,fix_mask,0,12544,0.0001,vgg16-7,False,0.7078351378440857,"[0, 0, 223, 223]",37632,112896,150528,25.0,random
87,onnx/vgg16-7.onnx,vnnlib/n01558993_robin_seg0_fixnonmask_k12544_eps_0.0001.vnnlib,1200,unsat False,0.0408345460891723,0.0,674.571300983429,687.8010046482086,0.0,n01558993_robin,fix_nonmask,0,12544,0.0001,vgg16-7,False,0.7078351378440857,"[0, 0, 223, 223]",37632,112896,150528,25.0,random
93,onnx/vgg16-7.onnx,vnnlib/n01560419_bulbul_global_k12544_eps_0.0001.vnnlib,1200,unsat False,1.0462545156478882,0.0,641.9379487037659,655.8426516056061,0.0,n01560419_bulbul,global,-1,12544,0.0001,vgg16-7,True,,,37632,112896,150528,25.0,random
99,onnx/vgg16-7.onnx,vnnlib/n01560419_bulbul_seg0_fixmask_k12544_eps_0.0001.vnnlib,1200,unsat False,1.050670862197876,0.0,619.3090674877167,633.110767364502,0.0,n01560419_bulbul,fix_mask,0,12544,0.0001,vgg16-7,False,0.7939819097518921,"[0, 0, 223, 223]",37632,112896,150528,25.0,random
123,onnx/vgg16-7.onnx,vnnlib/n01580077_jay_seg0_fixnonmask_k12544_eps_0.0001.vnnlib,1200,sat True,,,,5.638405084609985,0.0,n01580077_jay,fix_nonmask,0,12544,0.0001,vgg16-7,False,0.882800817489624,"[0, 0, 223, 222]",37632,112896,150528,25.0,random
129,onnx/vgg16-7.onnx,vnnlib/n01582220_magpie_global_k12544_eps_0.0001.vnnlib,1200,unsat False,1.0698060989379885,0.0,772.9556972980499,785.9702625274658,0.0,n01582220_magpie,global,-1,12544,0.0001,vgg16-7,True,,,37632,112896,150528,25.0,random
135,onnx/vgg16-7.onnx,vnnlib/n01582220_magpie_seg0_fixmask_k12544_eps_0.0001.vnnlib,1200,unsat False,1.1021451950073242,0.0,685.5938622951508,691.2778298854828,0.0,n01582220_magpie,fix_mask,0,12544,0.0001,vgg16-7,False,0.715852677822113,"[0, 0, 223, 223]",24207,126321,150528,16.08139349489796,random
141,onnx/vgg16-7.onnx,vnnlib/n01582220_magpie_seg0_fixnonmask_k12544_eps_0.0001.vnnlib,1200,unsat False,1.080801010131836,0.0,734.8878281116486,750.3445675373077,0.0,n01582220_magpie,fix_nonmask,0,12544,0.0001,vgg16-7,False,0.715852677822113,"[0, 0, 223, 223]",37632,112896,150528,25.0,random
147,onnx/vgg16-7.onnx,vnnlib/n01592084_chickadee_global_k12544_eps_0.0001.vnnlib,1200,unsat False,0.5334662795066833,0.0,744.3286278247833,762.554655790329,0.0,n01592084_chickadee,global,-1,12544,0.0001,vgg16-7,True,,,37632,112896,150528,25.0,random
105,onnx/vgg16-7.onnx,vnnlib/n01560419_bulbul_seg0_fixnonmask_k12544_eps_0.0001.vnnlib,1200,unsat False,1.0489064455032349,0.0,670.2902240753174,682.4104812145233,0.0,n01560419_bulbul,fix_nonmask,0,12544,0.0001,vgg16-7,False,0.7939819097518921,"[0, 0, 223, 223]",37632,112896,150528,25.0,random
111,onnx/vgg16-7.onnx,vnnlib/n01580077_jay_global_k12544_eps_0.0001.vnnlib,1200,sat True,,,,4.29181694984436,0.0,n01580077_jay,global,-1,12544,0.0001,vgg16-7,True,,,37632,112896,150528,25.0,random
117,onnx/vgg16-7.onnx,vnnlib/n01580077_jay_seg0_fixmask_k12544_eps_0.0001.vnnlib,1200,sat False,-inf,,2.175456285476685,6.256426572799683,0.0,n01580077_jay,fix_mask,0,12544,0.0001,vgg16-7,False,0.882800817489624,"[0, 0, 223, 222]",33411,117117,150528,22.195870535714285,random
154,onnx/vgg16-7.onnx,vnnlib/n01592084_chickadee_seg0_fixmask_k6272_eps_0.0001.vnnlib,1200,unsat False,0.5527924299240112,0.0,651.8582739830017,657.5921366214752,0.0,n01592084_chickadee,fix_mask,0,6272,0.0001,vgg16-7,False,0.8566139340400696,"[0, 0, 223, 223]",18816,131712,150528,12.5,random
160,onnx/vgg16-7.onnx,vnnlib/n01592084_chickadee_seg0_fixnonmask_k6272_eps_0.0001.vnnlib,1200,unsat False,0.5506764650344849,0.0,694.6233687400818,707.8412752151489,0.0,n01592084_chickadee,fix_nonmask,0,6272,0.0001,vgg16-7,False,0.8566139340400696,"[0, 0, 223, 223]",18816,131712,150528,12.5,random
166,onnx/vgg16-7.onnx,vnnlib/n01601694_water_ouzel_global_k6272_eps_0.0001.vnnlib,1200,sat True,,,,5.632516145706177,0.0,n01601694_water_ouzel,global,-1,6272,0.0001,vgg16-7,True,,,18816,131712,150528,12.5,random
172,onnx/vgg16-7.onnx,vnnlib/n01601694_water_ouzel_seg0_fixmask_k6272_eps_0.0001.vnnlib,1200,sat False,-inf,,1.979299783706665,7.338235378265381,0.0,n01601694_water_ouzel,fix_mask,0,6272,0.0001,vgg16-7,False,0.882319986820221,"[0, 0, 223, 222]",18816,131712,150528,12.5,random
178,onnx/vgg16-7.onnx,vnnlib/n01601694_water_ouzel_seg0_fixnonmask_k6272_eps_0.0001.vnnlib,1200,sat True,,,,5.6409595012664795,0.0,n01601694_water_ouzel,fix_nonmask,0,6272,0.0001,vgg16-7,False,0.882319986820221,"[0, 0, 223, 222]",18816,131712,150528,12.5,random
4,onnx/vgg16-7.onnx,vnnlib/n01531178_goldfinch_global_k6272_eps_0.0001.vnnlib,1200,sat True,,,,5.505194425582886,0.0,n01531178_goldfinch,global,-1,6272,0.0001,vgg16-7,True,,,18816,131712,150528,12.5,random
10,onnx/vgg16-7.onnx,vnnlib/n01531178_goldfinch_seg0_fixmask_k6272_eps_0.0001.vnnlib,1200,sat False,-inf,,2.288175582885742,7.63649845123291,0.0,n01531178_goldfinch,fix_mask,0,6272,0.0001,vgg16-7,False,0.8897364735603333,"[0, 0, 223, 223]",18816,131712,150528,12.5,random
16,onnx/vgg16-7.onnx,vnnlib/n01531178_goldfinch_seg0_fixnonmask_k6272_eps_0.0001.vnnlib,1200,sat True,,,,5.659579515457153,0.0,n01531178_goldfinch,fix_nonmask,0,6272,0.0001,vgg16-7,False,0.8897364735603333,"[0, 0, 223, 223]",18816,131712,150528,12.5,random
22,onnx/vgg16-7.onnx,vnnlib/n01532829_house_finch_global_k6272_eps_0.0001.vnnlib,1200,unsat False,0.9985933303833008,0.0,716.354278087616,729.6247980594635,0.0,n01532829_house_finch,global,-1,6272,0.0001,vgg16-7,True,,,18816,131712,150528,12.5,random
28,onnx/vgg16-7.onnx,vnnlib/n01532829_house_finch_seg0_fixmask_k6272_eps_0.0001.vnnlib,1200,unsat False,1.0071178674697876,0.0,676.2190892696381,681.5289514064789,0.0,n01532829_house_finch,fix_mask,0,6272,0.0001,vgg16-7,False,0.7959659695625305,"[0, 1, 223, 219]",18816,131712,150528,12.5,random
34,onnx/vgg16-7.onnx,vnnlib/n01532829_house_finch_seg0_fixnonmask_k6272_eps_0.0001.vnnlib,1200,unsat False,1.003288745880127,0.0,720.1377599239349,733.3756356239319,0.0,n01532829_house_finch,fix_nonmask,0,6272,0.0001,vgg16-7,False,0.7959659695625305,"[0, 1, 223, 219]",18816,131712,150528,12.5,random
40,onnx/vgg16-7.onnx,vnnlib/n01534433_junco_global_k6272_eps_0.0001.vnnlib,1200,unsat False,0.1242512464523315,0.0,711.2220175266266,724.6382954120636,0.0,n01534433_junco,global,-1,6272,0.0001,vgg16-7,True,,,18816,131712,150528,12.5,random
46,onnx/vgg16-7.onnx,vnnlib/n01534433_junco_seg0_fixmask_k6272_eps_0.0001.vnnlib,1200,unsat False,0.1269766092300415,0.0,699.5406031608582,704.6307513713837,0.0,n01534433_junco,fix_mask,0,6272,0.0001,vgg16-7,False,0.6341152787208557,"[0, 0, 223, 223]",18816,131712,150528,12.5,random
52,onnx/vgg16-7.onnx,vnnlib/n01534433_junco_seg0_fixnonmask_k6272_eps_0.0001.vnnlib,1200,unsat False,0.1268130838871002,0.0,703.9750623703003,709.2067985534668,0.0,n01534433_junco,fix_nonmask,0,6272,0.0001,vgg16-7,False,0.6341152787208557,"[0, 0, 223, 223]",18816,131712,150528,12.5,random
58,onnx/vgg16-7.onnx,vnnlib/n01537544_indigo_bunting_global_k6272_eps_0.0001.vnnlib,1200,unsat False,0.0555095672607421,0.0,708.1151697635651,721.2757935523987,0.0,n01537544_indigo_bunting,global,-1,6272,0.0001,vgg16-7,True,,,18816,131712,150528,12.5,random
64,onnx/vgg16-7.onnx,vnnlib/n01537544_indigo_bunting_seg0_fixmask_k6272_eps_0.0001.vnnlib,1200,unsat False,0.0615819096565246,0.0,648.9524862766266,654.3178081512451,0.0,n01537544_indigo_bunting,fix_mask,0,6272,0.0001,vgg16-7,False,0.8692007660865784,"[0, 0, 223, 223]",18816,131712,150528,12.5,random
70,onnx/vgg16-7.onnx,vnnlib/n01537544_indigo_bunting_seg0_fixnonmask_k6272_eps_0.0001.vnnlib,1200,unsat False,0.0573428869247436,0.0,711.1015481948853,724.3118250370026,0.0,n01537544_indigo_bunting,fix_nonmask,0,6272,0.0001,vgg16-7,False,0.8692007660865784,"[0, 0, 223, 223]",18816,131712,150528,12.5,random
76,onnx/vgg16-7.onnx,vnnlib/n01558993_robin_global_k6272_eps_0.0001.vnnlib,1200,unsat False,0.0425412058830261,0.0,672.2732772827148,685.4413456916809,0.0,n01558993_robin,global,-1,6272,0.0001,vgg16-7,True,,,18816,131712,150528,12.5,random
82,onnx/vgg16-7.onnx,vnnlib/n01558993_robin_seg0_fixmask_k6272_eps_0.0001.vnnlib,1200,unsat False,0.0478155612945556,0.0,638.1433284282684,643.5122923851013,0.0,n01558993_robin,fix_mask,0,6272,0.0001,vgg16-7,False,0.7078351378440857,"[0, 0, 223, 223]",18816,131712,150528,12.5,random
88,onnx/vgg16-7.onnx,vnnlib/n01558993_robin_seg0_fixnonmask_k6272_eps_0.0001.vnnlib,1200,unsat False,0.0464063882827758,0.0,664.5731899738312,677.7560994625092,0.0,n01558993_robin,fix_nonmask,0,6272,0.0001,vgg16-7,False,0.7078351378440857,"[0, 0, 223, 223]",18816,131712,150528,12.5,random
94,onnx/vgg16-7.onnx,vnnlib/n01560419_bulbul_global_k6272_eps_0.0001.vnnlib,1200,unsat False,1.0497928857803345,0.0,630.4217138290405,644.6480114459991,0.0,n01560419_bulbul,global,-1,6272,0.0001,vgg16-7,True,,,18816,131712,150528,12.5,random
100,onnx/vgg16-7.onnx,vnnlib/n01560419_bulbul_seg0_fixmask_k6272_eps_0.0001.vnnlib,1200,unsat False,1.05161452293396,0.0,570.0251550674438,575.6569945812225,0.0,n01560419_bulbul,fix_mask,0,6272,0.0001,vgg16-7,False,0.7939819097518921,"[0, 0, 223, 223]",18816,131712,150528,12.5,random
124,onnx/vgg16-7.onnx,vnnlib/n01580077_jay_seg0_fixnonmask_k6272_eps_0.0001.vnnlib,1200,sat True,,,,5.638402462005615,0.0,n01580077_jay,fix_nonmask,0,6272,0.0001,vgg16-7,False,0.882800817489624,"[0, 0, 223, 222]",18816,131712,150528,12.5,random
130,onnx/vgg16-7.onnx,vnnlib/n01582220_magpie_global_k6272_eps_0.0001.vnnlib,1200,unsat False,1.0935980081558228,0.0,698.3455052375793,711.3903579711914,0.0,n01582220_magpie,global,-1,6272,0.0001,vgg16-7,True,,,18816,131712,150528,12.5,random
136,onnx/vgg16-7.onnx,vnnlib/n01582220_magpie_seg0_fixmask_k6272_eps_0.0001.vnnlib,1200,unsat False,1.10393226146698,0.0,644.2057609558105,652.1524090766907,0.0,n01582220_magpie,fix_mask,0,6272,0.0001,vgg16-7,False,0.715852677822113,"[0, 0, 223, 223]",18816,131712,150528,12.5,random
142,onnx/vgg16-7.onnx,vnnlib/n01582220_magpie_seg0_fixnonmask_k6272_eps_0.0001.vnnlib,1200,unsat False,1.0965180397033691,0.0,699.309014081955,712.9929659366608,0.0,n01582220_magpie,fix_nonmask,0,6272,0.0001,vgg16-7,False,0.715852677822113,"[0, 0, 223, 223]",18816,131712,150528,12.5,random
148,onnx/vgg16-7.onnx,vnnlib/n01592084_chickadee_global_k6272_eps_0.0001.vnnlib,1200,unsat False,0.5475881695747375,0.0,693.8111939430237,706.9111931324005,0.0,n01592084_chickadee,global,-1,6272,0.0001,vgg16-7,True,,,18816,131712,150528,12.5,random
106,onnx/vgg16-7.onnx,vnnlib/n01560419_bulbul_seg0_fixnonmask_k6272_eps_0.0001.vnnlib,1200,unsat False,1.0508766174316406,0.0,647.4367706775665,659.7364885807037,0.0,n01560419_bulbul,fix_nonmask,0,6272,0.0001,vgg16-7,False,0.7939819097518921,"[0, 0, 223, 223]",18816,131712,150528,12.5,random
112,onnx/vgg16-7.onnx,vnnlib/n01580077_jay_global_k6272_eps_0.0001.vnnlib,1200,sat True,,,,4.39202356338501,0.0,n01580077_jay,global,-1,6272,0.0001,vgg16-7,True,,,18816,131712,150528,12.5,random
118,onnx/vgg16-7.onnx,vnnlib/n01580077_jay_seg0_fixmask_k6272_eps_0.0001.vnnlib,1200,sat False,-inf,,2.261630058288574,6.378659009933472,0.0,n01580077_jay,fix_mask,0,6272,0.0001,vgg16-7,False,0.882800817489624,"[0, 0, 223, 222]",18816,131712,150528,12.5,random
155,onnx/vgg16-7.onnx,vnnlib/n01592084_chickadee_seg0_fixmask_k3136_eps_0.0001.vnnlib,1200,unsat False,0.5539152026176453,0.0,623.7167534828186,628.8824505805969,0.0,n01592084_chickadee,fix_mask,0,3136,0.0001,vgg16-7,False,0.8566139340400696,"[0, 0, 223, 223]",9408,141120,150528,6.25,random
161,onnx/vgg16-7.onnx,vnnlib/n01592084_chickadee_seg0_fixnonmask_k3136_eps_0.0001.vnnlib,1200,unsat False,0.5530089735984802,0.0,658.9463067054749,664.1454169750214,0.0,n01592084_chickadee,fix_nonmask,0,3136,0.0001,vgg16-7,False,0.8566139340400696,"[0, 0, 223, 223]",9408,141120,150528,6.25,random
167,onnx/vgg16-7.onnx,vnnlib/n01601694_water_ouzel_global_k3136_eps_0.0001.vnnlib,1200,sat False,-inf,,1.6968519687652588,6.861550331115723,0.0,n01601694_water_ouzel,global,-1,3136,0.0001,vgg16-7,True,,,9408,141120,150528,6.25,random
173,onnx/vgg16-7.onnx,vnnlib/n01601694_water_ouzel_seg0_fixmask_k3136_eps_0.0001.vnnlib,1200,sat False,-inf,,1.7404396533966064,7.009194850921631,0.0,n01601694_water_ouzel,fix_mask,0,3136,0.0001,vgg16-7,False,0.882319986820221,"[0, 0, 223, 222]",9408,141120,150528,6.25,random
179,onnx/vgg16-7.onnx,vnnlib/n01601694_water_ouzel_seg0_fixnonmask_k3136_eps_0.0001.vnnlib,1200,sat False,-inf,,0.9117145538330078,6.283998012542725,0.0,n01601694_water_ouzel,fix_nonmask,0,3136,0.0001,vgg16-7,False,0.882319986820221,"[0, 0, 223, 222]",9408,141120,150528,6.25,random
5,onnx/vgg16-7.onnx,vnnlib/n01531178_goldfinch_global_k3136_eps_0.0001.vnnlib,1200,sat False,-inf,,1.7681961059570312,6.986567735671997,0.0,n01531178_goldfinch,global,-1,3136,0.0001,vgg16-7,True,,,9408,141120,150528,6.25,random
11,onnx/vgg16-7.onnx,vnnlib/n01531178_goldfinch_seg0_fixmask_k3136_eps_0.0001.vnnlib,1200,sat False,-inf,,1.9837653636932373,7.512181043624878,0.0,n01531178_goldfinch,fix_mask,0,3136,0.0001,vgg16-7,False,0.8897364735603333,"[0, 0, 223, 223]",9408,141120,150528,6.25,random
17,onnx/vgg16-7.onnx,vnnlib/n01531178_goldfinch_seg0_fixnonmask_k3136_eps_0.0001.vnnlib,1200,sat False,-inf,,1.9462511539459229,7.475342273712158,0.0,n01531178_goldfinch,fix_nonmask,0,3136,0.0001,vgg16-7,False,0.8897364735603333,"[0, 0, 223, 223]",9408,141120,150528,6.25,random
23,onnx/vgg16-7.onnx,vnnlib/n01532829_house_finch_global_k3136_eps_0.0001.vnnlib,1200,unsat False,1.005525827407837,0.0,709.810640335083,715.0323338508606,0.0,n01532829_house_finch,global,-1,3136,0.0001,vgg16-7,True,,,9408,141120,150528,6.25,random
29,onnx/vgg16-7.onnx,vnnlib/n01532829_house_finch_seg0_fixmask_k3136_eps_0.0001.vnnlib,1200,unsat False,1.0086734294891355,0.0,640.7620334625244,646.0925545692444,0.0,n01532829_house_finch,fix_mask,0,3136,0.0001,vgg16-7,False,0.7959659695625305,"[0, 1, 223, 219]",9408,141120,150528,6.25,random
35,onnx/vgg16-7.onnx,vnnlib/n01532829_house_finch_seg0_fixnonmask_k3136_eps_0.0001.vnnlib,1200,unsat False,1.0072320699691772,0.0,694.0682461261749,699.7518124580383,0.0,n01532829_house_finch,fix_nonmask,0,3136,0.0001,vgg16-7,False,0.7959659695625305,"[0, 1, 223, 219]",9408,141120,150528,6.25,random
41,onnx/vgg16-7.onnx,vnnlib/n01534433_junco_global_k3136_eps_0.0001.vnnlib,1200,unsat False,0.1269298195838928,0.0,697.9517533779144,703.0148959159851,0.0,n01534433_junco,global,-1,3136,0.0001,vgg16-7,True,,,9408,141120,150528,6.25,random
47,onnx/vgg16-7.onnx,vnnlib/n01534433_junco_seg0_fixmask_k3136_eps_0.0001.vnnlib,1200,unsat False,0.1280972957611084,0.0,665.2288489341736,672.5798878669739,0.0,n01534433_junco,fix_mask,0,3136,0.0001,vgg16-7,False,0.6341152787208557,"[0, 0, 223, 223]",9408,141120,150528,6.25,random
53,onnx/vgg16-7.onnx,vnnlib/n01534433_junco_seg0_fixnonmask_k3136_eps_0.0001.vnnlib,1200,unsat False,0.127992570400238,0.0,659.4010970592499,664.6681082248688,0.0,n01534433_junco,fix_nonmask,0,3136,0.0001,vgg16-7,False,0.6341152787208557,"[0, 0, 223, 223]",9408,141120,150528,6.25,random
59,onnx/vgg16-7.onnx,vnnlib/n01537544_indigo_bunting_global_k3136_eps_0.0001.vnnlib,1200,unsat False,0.0596827268600463,0.0,702.4752175807953,707.7138731479645,0.0,n01537544_indigo_bunting,global,-1,3136,0.0001,vgg16-7,True,,,9408,141120,150528,6.25,random
65,onnx/vgg16-7.onnx,vnnlib/n01537544_indigo_bunting_seg0_fixmask_k3136_eps_0.0001.vnnlib,1200,unsat False,0.0622373819351196,0.0,621.2129085063934,626.712682723999,0.0,n01537544_indigo_bunting,fix_mask,0,3136,0.0001,vgg16-7,False,0.8692007660865784,"[0, 0, 223, 223]",9408,141120,150528,6.25,random
71,onnx/vgg16-7.onnx,vnnlib/n01537544_indigo_bunting_seg0_fixnonmask_k3136_eps_0.0001.vnnlib,1200,unsat False,0.0603863000869751,0.0,687.900130033493,692.988353729248,0.0,n01537544_indigo_bunting,fix_nonmask,0,3136,0.0001,vgg16-7,False,0.8692007660865784,"[0, 0, 223, 223]",9408,141120,150528,6.25,random
77,onnx/vgg16-7.onnx,vnnlib/n01558993_robin_global_k3136_eps_0.0001.vnnlib,1200,unsat False,0.0469990968704223,0.0,656.0418047904968,661.4499282836914,0.0,n01558993_robin,global,-1,3136,0.0001,vgg16-7,True,,,9408,141120,150528,6.25,random
83,onnx/vgg16-7.onnx,vnnlib/n01558993_robin_seg0_fixmask_k3136_eps_0.0001.vnnlib,1200,unsat False,0.0493997335433959,0.0,605.895352602005,612.6508936882019,0.0,n01558993_robin,fix_mask,0,3136,0.0001,vgg16-7,False,0.7078351378440857,"[0, 0, 223, 223]",9408,141120,150528,6.25,random
89,onnx/vgg16-7.onnx,vnnlib/n01558993_robin_seg0_fixnonmask_k3136_eps_0.0001.vnnlib,1200,unsat False,0.0486888885498046,0.0,619.56432056427,624.9147164821625,0.0,n01558993_robin,fix_nonmask,0,3136,0.0001,vgg16-7,False,0.7078351378440857,"[0, 0, 223, 223]",9408,141120,150528,6.25,random
95,onnx/vgg16-7.onnx,vnnlib/n01560419_bulbul_global_k3136_eps_0.0001.vnnlib,1200,unsat False,1.0512863397598269,0.0,595.6475775241852,601.0888986587524,0.0,n01560419_bulbul,global,-1,3136,0.0001,vgg16-7,True,,,9408,141120,150528,6.25,random
101,onnx/vgg16-7.onnx,vnnlib/n01560419_bulbul_seg0_fixmask_k3136_eps_0.0001.vnnlib,1200,unsat False,1.0521080493927002,0.0,547.2588970661163,552.8088731765747,0.0,n01560419_bulbul,fix_mask,0,3136,0.0001,vgg16-7,False,0.7939819097518921,"[0, 0, 223, 223]",9408,141120,150528,6.25,random
125,onnx/vgg16-7.onnx,vnnlib/n01580077_jay_seg0_fixnonmask_k3136_eps_0.0001.vnnlib,1200,sat False,-inf,,1.1989457607269287,6.6308557987213135,0.0,n01580077_jay,fix_nonmask,0,3136,0.0001,vgg16-7,False,0.882800817489624,"[0, 0, 223, 222]",9408,141120,150528,6.25,random
131,onnx/vgg16-7.onnx,vnnlib/n01582220_magpie_global_k3136_eps_0.0001.vnnlib,1200,unsat False,1.1005995273590088,0.0,691.8738231658936,697.253466129303,0.0,n01582220_magpie,global,-1,3136,0.0001,vgg16-7,True,,,9408,141120,150528,6.25,random
137,onnx/vgg16-7.onnx,vnnlib/n01582220_magpie_seg0_fixmask_k3136_eps_0.0001.vnnlib,1200,unsat False,1.1049110889434814,0.0,607.533087015152,615.0876865386963,0.0,n01582220_magpie,fix_mask,0,3136,0.0001,vgg16-7,False,0.715852677822113,"[0, 0, 223, 223]",9408,141120,150528,6.25,random
143,onnx/vgg16-7.onnx,vnnlib/n01582220_magpie_seg0_fixnonmask_k3136_eps_0.0001.vnnlib,1200,unsat False,1.101623773574829,0.0,681.4182178974152,688.9299623966217,0.0,n01582220_magpie,fix_nonmask,0,3136,0.0001,vgg16-7,False,0.715852677822113,"[0, 0, 223, 223]",9408,141120,150528,6.25,random
149,onnx/vgg16-7.onnx,vnnlib/n01592084_chickadee_global_k3136_eps_0.0001.vnnlib,1200,unsat False,0.5518258810043335,0.0,638.4464178085327,642.7189607620239,0.0,n01592084_chickadee,global,-1,3136,0.0001,vgg16-7,True,,,9408,141120,150528,6.25,random
107,onnx/vgg16-7.onnx,vnnlib/n01560419_bulbul_seg0_fixnonmask_k3136_eps_0.0001.vnnlib,1200,unsat False,1.0517605543136597,0.0,594.4155440330505,598.7851622104645,0.0,n01560419_bulbul,fix_nonmask,0,3136,0.0001,vgg16-7,False,0.7939819097518921,"[0, 0, 223, 223]",9408,141120,150528,6.25,random
113,onnx/vgg16-7.onnx,vnnlib/n01580077_jay_global_k3136_eps_0.0001.vnnlib,1200,sat False,-inf,,1.9237773418426511,6.022359609603882,0.0,n01580077_jay,global,-1,3136,0.0001,vgg16-7,True,,,9408,141120,150528,6.25,random
119,onnx/vgg16-7.onnx,vnnlib/n01580077_jay_seg0_fixmask_k3136_eps_0.0001.vnnlib,1200,sat False,-inf,,1.7927632331848145,5.701122045516968,0.0,n01580077_jay,fix_mask,0,3136,0.0001,vgg16-7,False,0.882800817489624,"[0, 0, 223, 222]",9408,141120,150528,6.25,random
1,onnx/vgg16-7.onnx,vnnlib/n01531178_goldfinch_global_k50176_eps_0.0001.vnnlib,1200,sat True,,,,45.78622317314148,0.0,n01531178_goldfinch,global,-1,50176,0.0001,vgg16-7,True,,,150528,0,150528,100.0,random
151,onnx/vgg16-7.onnx,vnnlib/n01592084_chickadee_seg0_fixmask_k50176_eps_0.0001.vnnlib,1200,unsat False,0.5045148730278015,0.0,776.7354643344879,790.131511926651,0.0,n01592084_chickadee,fix_mask,0,50176,0.0001,vgg16-7,False,0.8566139340400696,"[0, 0, 223, 223]",50592,99936,150528,33.609693877551024,random
157,onnx/vgg16-7.onnx,vnnlib/n01592084_chickadee_seg0_fixnonmask_k50176_eps_0.0001.vnnlib,1200,timeout False,-10.383955001831056,3.0,2658.209468126297,2671.4047091007233,0.0,n01592084_chickadee,fix_nonmask,0,50176,0.0001,vgg16-7,False,0.8566139340400696,"[0, 0, 223, 223]",99936,50592,150528,66.39030612244898,random
163,onnx/vgg16-7.onnx,vnnlib/n01601694_water_ouzel_global_k50176_eps_0.0001.vnnlib,1200,sat True,,,,5.661073923110962,0.0,n01601694_water_ouzel,global,-1,50176,0.0001,vgg16-7,True,,,150528,0,150528,100.0,random
169,onnx/vgg16-7.onnx,vnnlib/n01601694_water_ouzel_seg0_fixmask_k50176_eps_0.0001.vnnlib,1200,sat True,,,,5.557185173034668,0.0,n01601694_water_ouzel,fix_mask,0,50176,0.0001,vgg16-7,False,0.882319986820221,"[0, 0, 223, 222]",42711,107817,150528,28.374123086734695,random
175,onnx/vgg16-7.onnx,vnnlib/n01601694_water_ouzel_seg0_fixnonmask_k50176_eps_0.0001.vnnlib,1200,sat True,,,,5.497887134552002,0.0,n01601694_water_ouzel,fix_nonmask,0,50176,0.0001,vgg16-7,False,0.882319986820221,"[0, 0, 223, 222]",107817,42711,150528,71.6258769132653,random
7,onnx/vgg16-7.onnx,vnnlib/n01531178_goldfinch_seg0_fixmask_k50176_eps_0.0001.vnnlib,1200,sat True,,,,5.767087459564209,0.0,n01531178_goldfinch,fix_mask,0,50176,0.0001,vgg16-7,False,0.8897364735603333,"[0, 0, 223, 223]",33852,116676,150528,22.488839285714285,random
13,onnx/vgg16-7.onnx,vnnlib/n01531178_goldfinch_seg0_fixnonmask_k50176_eps_0.0001.vnnlib,1200,sat True,,,,5.632990121841431,0.0,n01531178_goldfinch,fix_nonmask,0,50176,0.0001,vgg16-7,False,0.8897364735603333,"[0, 0, 223, 223]",116676,33852,150528,77.51116071428571,random
19,onnx/vgg16-7.onnx,vnnlib/n01532829_house_finch_global_k50176_eps_0.0001.vnnlib,1200,error,,,,,,n01532829_house_finch,global,-1,50176,0.0001,vgg16-7,True,,,150528,0,150528,100.0,random
25,onnx/vgg16-7.onnx,vnnlib/n01532829_house_finch_seg0_fixmask_k50176_eps_0.0001.vnnlib,1200,unsat False,0.9387835264205932,0.0,791.1375708580017,804.3687837123871,0.0,n01532829_house_finch,fix_mask,0,50176,0.0001,vgg16-7,False,0.7959659695625305,"[0, 1, 223, 219]",44424,106104,150528,29.512117346938776,random
31,onnx/vgg16-7.onnx,vnnlib/n01532829_house_finch_seg0_fixnonmask_k50176_eps_0.0001.vnnlib,1200,timeout False,-2776.471923828125,3.0,3314.7267594337463,3327.9835267066956,0.0,n01532829_house_finch,fix_nonmask,0,50176,0.0001,vgg16-7,False,0.7959659695625305,"[0, 1, 223, 219]",106104,44424,150528,70.48788265306122,random
37,onnx/vgg16-7.onnx,vnnlib/n01534433_junco_global_k50176_eps_0.0001.vnnlib,1200,timeout False,-1.3935189247131348,3.0,2585.1371178627014,2598.559081554413,0.0,n01534433_junco,global,-1,50176,0.0001,vgg16-7,True,,,150528,0,150528,100.0,random
43,onnx/vgg16-7.onnx,vnnlib/n01534433_junco_seg0_fixmask_k50176_eps_0.0001.vnnlib,1200,unsat False,0.0899064242839813,0.0,800.8882291316986,814.2384314537048,0.0,n01534433_junco,fix_mask,0,50176,0.0001,vgg16-7,False,0.6341152787208557,"[0, 0, 223, 223]",71646,78882,150528,47.596460459183675,random
49,onnx/vgg16-7.onnx,vnnlib/n01534433_junco_seg0_fixnonmask_k50176_eps_0.0001.vnnlib,1200,unsat False,0.0837563574314117,0.0,817.3394320011139,830.4407713413239,0.0,n01534433_junco,fix_nonmask,0,50176,0.0001,vgg16-7,False,0.6341152787208557,"[0, 0, 223, 223]",78882,71646,150528,52.403539540816325,random
61,onnx/vgg16-7.onnx,vnnlib/n01537544_indigo_bunting_seg0_fixmask_k50176_eps_0.0001.vnnlib,1200,unsat False,0.0476861596107482,0.0,740.4823081493378,753.8922603130341,0.0,n01537544_indigo_bunting,fix_mask,0,50176,0.0001,vgg16-7,False,0.8692007660865784,"[0, 0, 223, 223]",34812,115716,150528,23.1265943877551,random
67,onnx/vgg16-7.onnx,vnnlib/n01537544_indigo_bunting_seg0_fixnonmask_k50176_eps_0.0001.vnnlib,1200,timeout False,-735.902587890625,3.0,3051.362909078598,3064.606032371521,0.0,n01537544_indigo_bunting,fix_nonmask,0,50176,0.0001,vgg16-7,False,0.8692007660865784,"[0, 0, 223, 223]",115716,34812,150528,76.8734056122449,random
73,onnx/vgg16-7.onnx,vnnlib/n01558993_robin_global_k50176_eps_0.0001.vnnlib,1200,sat True,,,,5.919490814208984,0.0,n01558993_robin,global,-1,50176,0.0001,vgg16-7,True,,,150528,0,150528,100.0,random
55,onnx/vgg16-7.onnx,vnnlib/n01537544_indigo_bunting_global_k50176_eps_0.0001.vnnlib,1200,timeout False,-14280.4921875,3.0,3303.1372520923615,3320.4359905719757,0.0,n01537544_indigo_bunting,global,-1,50176,0.0001,vgg16-7,True,,,150528,0,150528,100.0,random
79,onnx/vgg16-7.onnx,vnnlib/n01558993_robin_seg0_fixmask_k50176_eps_0.0001.vnnlib,1200,timeout False,-0.0122466087341308,3.0,2146.871659040451,2159.7969975471497,0.0,n01558993_robin,fix_mask,0,50176,0.0001,vgg16-7,False,0.7078351378440857,"[0, 0, 223, 223]",60648,89880,150528,40.29017857142857,random
85,onnx/vgg16-7.onnx,vnnlib/n01558993_robin_seg0_fixnonmask_k50176_eps_0.0001.vnnlib,1200,timeout False,-0.2547976970672607,3.0,2241.825859308243,2256.8327662944794,0.0,n01558993_robin,fix_nonmask,0,50176,0.0001,vgg16-7,False,0.7078351378440857,"[0, 0, 223, 223]",89880,60648,150528,59.70982142857143,random
91,onnx/vgg16-7.onnx,vnnlib/n01560419_bulbul_global_k50176_eps_0.0001.vnnlib,1200,unsat False,0.7959496974945068,0.0,747.4919831752777,760.5601990222931,0.0,n01560419_bulbul,global,-1,50176,0.0001,vgg16-7,True,,,150528,0,150528,100.0,random
97,onnx/vgg16-7.onnx,vnnlib/n01560419_bulbul_seg0_fixmask_k50176_eps_0.0001.vnnlib,1200,unsat False,1.0414659976959229,0.0,662.4849622249603,675.2166385650635,0.0,n01560419_bulbul,fix_mask,0,50176,0.0001,vgg16-7,False,0.7939819097518921,"[0, 0, 223, 223]",52743,97785,150528,35.03866390306123,random
121,onnx/vgg16-7.onnx,vnnlib/n01580077_jay_seg0_fixnonmask_k50176_eps_0.0001.vnnlib,1200,sat True,,,,5.706465721130371,0.0,n01580077_jay,fix_nonmask,0,50176,0.0001,vgg16-7,False,0.882800817489624,"[0, 0, 223, 222]",117117,33411,150528,77.80412946428571,random
127,onnx/vgg16-7.onnx,vnnlib/n01582220_magpie_global_k50176_eps_0.0001.vnnlib,1200,timeout False,-1672.378173828125,3.0,3438.5020298957825,3451.5110642910004,0.0,n01582220_magpie,global,-1,50176,0.0001,vgg16-7,True,,,150528,0,150528,100.0,random
133,onnx/vgg16-7.onnx,vnnlib/n01582220_magpie_seg0_fixmask_k50176_eps_0.0001.vnnlib,1200,unsat False,1.082920789718628,0.0,732.0687773227692,744.9759788513184,0.0,n01582220_magpie,fix_mask,0,50176,0.0001,vgg16-7,False,0.715852677822113,"[0, 0, 223, 223]",24207,126321,150528,16.08139349489796,random
139,onnx/vgg16-7.onnx,vnnlib/n01582220_magpie_seg0_fixnonmask_k50176_eps_0.0001.vnnlib,1200,timeout False,-106.86164093017578,3.0,2940.4309055805206,2955.8710765838623,0.0,n01582220_magpie,fix_nonmask,0,50176,0.0001,vgg16-7,False,0.715852677822113,"[0, 0, 223, 223]",126321,24207,150528,83.91860650510205,random
145,onnx/vgg16-7.onnx,vnnlib/n01592084_chickadee_global_k50176_eps_0.0001.vnnlib,1200,error,,,,,,n01592084_chickadee,global,-1,50176,0.0001,vgg16-7,True,,,150528,0,150528,100.0,random
103,onnx/vgg16-7.onnx,vnnlib/n01560419_bulbul_seg0_fixnonmask_k50176_eps_0.0001.vnnlib,1200,unsat False,1.0189621448516846,0.0,734.6046755313873,746.4372336864471,0.0,n01560419_bulbul,fix_nonmask,0,50176,0.0001,vgg16-7,False,0.7939819097518921,"[0, 0, 223, 223]",97785,52743,150528,64.96133609693878,random
109,onnx/vgg16-7.onnx,vnnlib/n01580077_jay_global_k50176_eps_0.0001.vnnlib,1200,sat True,,,,4.328643560409546,0.0,n01580077_jay,global,-1,50176,0.0001,vgg16-7,True,,,150528,0,150528,100.0,random
115,onnx/vgg16-7.onnx,vnnlib/n01580077_jay_seg0_fixmask_k50176_eps_0.0001.vnnlib,1200,sat True,,,,4.627449989318848,0.0,n01580077_jay,fix_mask,0,50176,0.0001,vgg16-7,False,0.882800817489624,"[0, 0, 223, 222]",33411,117117,150528,22.195870535714285,random
150,onnx/vgg16-7.onnx,vnnlib/n01592084_chickadee_global_k1568_eps_0.0001.vnnlib,1200,unsat False,0.5534873008728027,0.0,648.483729839325,654.0119044780731,0.0,n01592084_chickadee,global,-1,1568,0.0001,vgg16-7,True,,,4704,145824,150528,3.125,random
156,onnx/vgg16-7.onnx,vnnlib/n01592084_chickadee_seg0_fixmask_k1568_eps_0.0001.vnnlib,1200,unsat False,0.5544155836105347,0.0,609.4124610424042,614.6872282028198,0.0,n01592084_chickadee,fix_mask,0,1568,0.0001,vgg16-7,False,0.8566139340400696,"[0, 0, 223, 223]",4704,145824,150528,3.125,random
162,onnx/vgg16-7.onnx,vnnlib/n01592084_chickadee_seg0_fixnonmask_k1568_eps_0.0001.vnnlib,1200,unsat False,0.5540124177932739,0.0,615.7068581581116,620.8600342273712,0.0,n01592084_chickadee,fix_nonmask,0,1568,0.0001,vgg16-7,False,0.8566139340400696,"[0, 0, 223, 223]",4704,145824,150528,3.125,random
168,onnx/vgg16-7.onnx,vnnlib/n01601694_water_ouzel_global_k1568_eps_0.0001.vnnlib,1200,sat False,-inf,,0.9466235637664796,6.284540176391602,0.0,n01601694_water_ouzel,global,-1,1568,0.0001,vgg16-7,True,,,4704,145824,150528,3.125,random
174,onnx/vgg16-7.onnx,vnnlib/n01601694_water_ouzel_seg0_fixmask_k1568_eps_0.0001.vnnlib,1200,sat False,-inf,,1.2642581462860107,6.612001180648804,0.0,n01601694_water_ouzel,fix_mask,0,1568,0.0001,vgg16-7,False,0.882319986820221,"[0, 0, 223, 222]",4704,145824,150528,3.125,random
180,onnx/vgg16-7.onnx,vnnlib/n01601694_water_ouzel_seg0_fixnonmask_k1568_eps_0.0001.vnnlib,1200,sat False,-inf,,0.8938257694244385,5.993468523025513,0.0,n01601694_water_ouzel,fix_nonmask,0,1568,0.0001,vgg16-7,False,0.882319986820221,"[0, 0, 223, 222]",4704,145824,150528,3.125,random
6,onnx/vgg16-7.onnx,vnnlib/n01531178_goldfinch_global_k1568_eps_0.0001.vnnlib,1200,sat False,-inf,,1.934056520462036,7.42842960357666,0.0,n01531178_goldfinch,global,-1,1568,0.0001,vgg16-7,True,,,4704,145824,150528,3.125,random
12,onnx/vgg16-7.onnx,vnnlib/n01531178_goldfinch_seg0_fixmask_k1568_eps_0.0001.vnnlib,1200,sat False,-inf,,1.9882421493530271,7.546809434890747,0.0,n01531178_goldfinch,fix_mask,0,1568,0.0001,vgg16-7,False,0.8897364735603333,"[0, 0, 223, 223]",4704,145824,150528,3.125,random
18,onnx/vgg16-7.onnx,vnnlib/n01531178_goldfinch_seg0_fixnonmask_k1568_eps_0.0001.vnnlib,1200,sat False,-inf,,1.7659668922424316,7.223196506500244,0.0,n01531178_goldfinch,fix_nonmask,0,1568,0.0001,vgg16-7,False,0.8897364735603333,"[0, 0, 223, 223]",4704,145824,150528,3.125,random
24,onnx/vgg16-7.onnx,vnnlib/n01532829_house_finch_global_k1568_eps_0.0001.vnnlib,1200,unsat False,1.0080567598342896,0.0,663.6546077728271,668.8599772453308,0.0,n01532829_house_finch,global,-1,1568,0.0001,vgg16-7,True,,,4704,145824,150528,3.125,random
30,onnx/vgg16-7.onnx,vnnlib/n01532829_house_finch_seg0_fixmask_k1568_eps_0.0001.vnnlib,1200,unsat False,1.0093879699707031,0.0,628.9671947956085,634.2215113639832,0.0,n01532829_house_finch,fix_mask,0,1568,0.0001,vgg16-7,False,0.7959659695625305,"[0, 1, 223, 219]",4704,145824,150528,3.125,random
36,onnx/vgg16-7.onnx,vnnlib/n01532829_house_finch_seg0_fixnonmask_k1568_eps_0.0001.vnnlib,1200,unsat False,1.0088067054748535,0.0,656.4953064918518,661.6844034194946,0.0,n01532829_house_finch,fix_nonmask,0,1568,0.0001,vgg16-7,False,0.7959659695625305,"[0, 1, 223, 219]",4704,145824,150528,3.125,random
42,onnx/vgg16-7.onnx,vnnlib/n01534433_junco_global_k1568_eps_0.0001.vnnlib,1200,unsat False,0.1280320584774017,0.0,661.8387281894684,667.0541770458221,0.0,n01534433_junco,global,-1,1568,0.0001,vgg16-7,True,,,4704,145824,150528,3.125,random
48,onnx/vgg16-7.onnx,vnnlib/n01534433_junco_seg0_fixmask_k1568_eps_0.0001.vnnlib,1200,unsat False,0.1285677254199981,0.0,664.9665422439575,670.3154418468475,0.0,n01534433_junco,fix_mask,0,1568,0.0001,vgg16-7,False,0.6341152787208557,"[0, 0, 223, 223]",4704,145824,150528,3.125,random
54,onnx/vgg16-7.onnx,vnnlib/n01534433_junco_seg0_fixnonmask_k1568_eps_0.0001.vnnlib,1200,unsat False,0.1285353302955627,0.0,663.0032176971436,668.0525012016296,0.0,n01534433_junco,fix_nonmask,0,1568,0.0001,vgg16-7,False,0.6341152787208557,"[0, 0, 223, 223]",4704,145824,150528,3.125,random
60,onnx/vgg16-7.onnx,vnnlib/n01537544_indigo_bunting_global_k1568_eps_0.0001.vnnlib,1200,unsat False,0.0613276362419128,0.0,655.0464115142822,660.2178840637207,0.0,n01537544_indigo_bunting,global,-1,1568,0.0001,vgg16-7,True,,,4704,145824,150528,3.125,random
66,onnx/vgg16-7.onnx,vnnlib/n01537544_indigo_bunting_seg0_fixmask_k1568_eps_0.0001.vnnlib,1200,unsat False,0.0625028610229492,0.0,641.853698015213,647.5572054386139,0.0,n01537544_indigo_bunting,fix_mask,0,1568,0.0001,vgg16-7,False,0.8692007660865784,"[0, 0, 223, 223]",4704,145824,150528,3.125,random
72,onnx/vgg16-7.onnx,vnnlib/n01537544_indigo_bunting_seg0_fixnonmask_k1568_eps_0.0001.vnnlib,1200,unsat False,0.0616743564605712,0.0,642.9839084148407,648.1666100025177,0.0,n01537544_indigo_bunting,fix_nonmask,0,1568,0.0001,vgg16-7,False,0.8692007660865784,"[0, 0, 223, 223]",4704,145824,150528,3.125,random
78,onnx/vgg16-7.onnx,vnnlib/n01558993_robin_global_k1568_eps_0.0001.vnnlib,1200,unsat False,0.0490931868553161,0.0,598.513530254364,603.7918288707733,0.0,n01558993_robin,global,-1,1568,0.0001,vgg16-7,True,,,4704,145824,150528,3.125,random
84,onnx/vgg16-7.onnx,vnnlib/n01558993_robin_seg0_fixmask_k1568_eps_0.0001.vnnlib,1200,unsat False,0.0501841306686401,0.0,584.7440695762634,591.4696214199066,0.0,n01558993_robin,fix_mask,0,1568,0.0001,vgg16-7,False,0.7078351378440857,"[0, 0, 223, 223]",4704,145824,150528,3.125,random
90,onnx/vgg16-7.onnx,vnnlib/n01558993_robin_seg0_fixnonmask_k1568_eps_0.0001.vnnlib,1200,unsat False,0.049878180027008,0.0,587.346301317215,592.7068574428558,0.0,n01558993_robin,fix_nonmask,0,1568,0.0001,vgg16-7,False,0.7078351378440857,"[0, 0, 223, 223]",4704,145824,150528,3.125,random
96,onnx/vgg16-7.onnx,vnnlib/n01560419_bulbul_global_k1568_eps_0.0001.vnnlib,1200,unsat False,1.0519150495529177,0.0,552.2438213825226,557.6158878803253,0.0,n01560419_bulbul,global,-1,1568,0.0001,vgg16-7,True,,,4704,145824,150528,3.125,random
126,onnx/vgg16-7.onnx,vnnlib/n01580077_jay_seg0_fixnonmask_k1568_eps_0.0001.vnnlib,1200,sat False,-inf,,1.7037208080291748,7.1418421268463135,0.0,n01580077_jay,fix_nonmask,0,1568,0.0001,vgg16-7,False,0.882800817489624,"[0, 0, 223, 222]",4704,145824,150528,3.125,random
132,onnx/vgg16-7.onnx,vnnlib/n01582220_magpie_global_k1568_eps_0.0001.vnnlib,1200,unsat False,1.1033226251602173,0.0,691.1783900260925,696.5719528198242,0.0,n01582220_magpie,global,-1,1568,0.0001,vgg16-7,True,,,4704,145824,150528,3.125,random
138,onnx/vgg16-7.onnx,vnnlib/n01582220_magpie_seg0_fixmask_k1568_eps_0.0001.vnnlib,1200,unsat False,1.1052801609039309,0.0,645.4306783676147,653.2785708904266,0.0,n01582220_magpie,fix_mask,0,1568,0.0001,vgg16-7,False,0.715852677822113,"[0, 0, 223, 223]",4704,145824,150528,3.125,random
144,onnx/vgg16-7.onnx,vnnlib/n01582220_magpie_seg0_fixnonmask_k1568_eps_0.0001.vnnlib,1200,unsat False,1.1037920713424685,0.0,652.9368238449097,660.501678943634,0.0,n01582220_magpie,fix_nonmask,0,1568,0.0001,vgg16-7,False,0.715852677822113,"[0, 0, 223, 223]",4704,145824,150528,3.125,random
102,onnx/vgg16-7.onnx,vnnlib/n01560419_bulbul_seg0_fixmask_k1568_eps_0.0001.vnnlib,1200,unsat False,1.0523062944412231,0.0,618.9273569583893,622.8522515296936,0.0,n01560419_bulbul,fix_mask,0,1568,0.0001,vgg16-7,False,0.7939819097518921,"[0, 0, 223, 223]",4704,145824,150528,3.125,random
108,onnx/vgg16-7.onnx,vnnlib/n01560419_bulbul_seg0_fixnonmask_k1568_eps_0.0001.vnnlib,1200,unsat False,1.0521632432937622,0.0,592.9695518016815,597.2478098869324,0.0,n01560419_bulbul,fix_nonmask,0,1568,0.0001,vgg16-7,False,0.7939819097518921,"[0, 0, 223, 223]",4704,145824,150528,3.125,random
114,onnx/vgg16-7.onnx,vnnlib/n01580077_jay_global_k1568_eps_0.0001.vnnlib,1200,sat False,-inf,,1.8082237243652344,5.885473966598511,0.0,n01580077_jay,global,-1,1568,0.0001,vgg16-7,True,,,4704,145824,150528,3.125,random
120,onnx/vgg16-7.onnx,vnnlib/n01580077_jay_seg0_fixmask_k1568_eps_0.0001.vnnlib,1200,sat False,-inf,,1.7513086795806885,5.750699996948242,0.0,n01580077_jay,fix_mask,0,1568,0.0001,vgg16-7,False,0.882800817489624,"[0, 0, 223, 222]",4704,145824,150528,3.125,random
152,onnx/vgg16-7.onnx,vnnlib/n01592084_chickadee_seg0_fixmask_k25088_eps_0.0001.vnnlib,1200,unsat False,0.5428194999694824,0.0,752.3392808437347,765.7872083187103,0.0,n01592084_chickadee,fix_mask,0,25088,0.0001,vgg16-7,False,0.8566139340400696,"[0, 0, 223, 223]",50592,99936,150528,33.609693877551024,random
158,onnx/vgg16-7.onnx,vnnlib/n01592084_chickadee_seg0_fixnonmask_k25088_eps_0.0001.vnnlib,1200,unsat False,0.512846052646637,0.0,760.9221742153168,774.094776391983,0.0,n01592084_chickadee,fix_nonmask,0,25088,0.0001,vgg16-7,False,0.8566139340400696,"[0, 0, 223, 223]",75264,75264,150528,50.0,random
164,onnx/vgg16-7.onnx,vnnlib/n01601694_water_ouzel_global_k25088_eps_0.0001.vnnlib,1200,sat True,,,,5.442984104156494,0.0,n01601694_water_ouzel,global,-1,25088,0.0001,vgg16-7,True,,,75264,75264,150528,50.0,random
170,onnx/vgg16-7.onnx,vnnlib/n01601694_water_ouzel_seg0_fixmask_k25088_eps_0.0001.vnnlib,1200,sat True,,,,5.483647584915161,0.0,n01601694_water_ouzel,fix_mask,0,25088,0.0001,vgg16-7,False,0.882319986820221,"[0, 0, 223, 222]",42711,107817,150528,28.374123086734695,random
176,onnx/vgg16-7.onnx,vnnlib/n01601694_water_ouzel_seg0_fixnonmask_k25088_eps_0.0001.vnnlib,1200,sat True,,,,5.627808094024658,0.0,n01601694_water_ouzel,fix_nonmask,0,25088,0.0001,vgg16-7,False,0.882319986820221,"[0, 0, 223, 222]",75264,75264,150528,50.0,random
2,onnx/vgg16-7.onnx,vnnlib/n01531178_goldfinch_global_k25088_eps_0.0001.vnnlib,1200,sat True,,,,4.249512434005737,0.0,n01531178_goldfinch,global,-1,25088,0.0001,vgg16-7,True,,,75264,75264,150528,50.0,random
8,onnx/vgg16-7.onnx,vnnlib/n01531178_goldfinch_seg0_fixmask_k25088_eps_0.0001.vnnlib,1200,sat True,,,,5.933544874191284,0.0,n01531178_goldfinch,fix_mask,0,25088,0.0001,vgg16-7,False,0.8897364735603333,"[0, 0, 223, 223]",33852,116676,150528,22.488839285714285,random
14,onnx/vgg16-7.onnx,vnnlib/n01531178_goldfinch_seg0_fixnonmask_k25088_eps_0.0001.vnnlib,1200,sat True,,,,5.499202728271484,0.0,n01531178_goldfinch,fix_nonmask,0,25088,0.0001,vgg16-7,False,0.8897364735603333,"[0, 0, 223, 223]",75264,75264,150528,50.0,random
20,onnx/vgg16-7.onnx,vnnlib/n01532829_house_finch_global_k25088_eps_0.0001.vnnlib,1200,timeout False,-1.5381512641906738,3.0,2636.1401495933533,2649.522576570511,0.0,n01532829_house_finch,global,-1,25088,0.0001,vgg16-7,True,,,75264,75264,150528,50.0,random
26,onnx/vgg16-7.onnx,vnnlib/n01532829_house_finch_seg0_fixmask_k25088_eps_0.0001.vnnlib,1200,unsat False,0.9930511713027954,0.0,736.978630065918,750.2294178009033,0.0,n01532829_house_finch,fix_mask,0,25088,0.0001,vgg16-7,False,0.7959659695625305,"[0, 1, 223, 219]",44424,106104,150528,29.512117346938776,random
32,onnx/vgg16-7.onnx,vnnlib/n01532829_house_finch_seg0_fixnonmask_k25088_eps_0.0001.vnnlib,1200,unsat False,0.8507107496261597,0.0,803.4071755409241,816.8670241832733,0.0,n01532829_house_finch,fix_nonmask,0,25088,0.0001,vgg16-7,False,0.7959659695625305,"[0, 1, 223, 219]",75264,75264,150528,50.0,random
38,onnx/vgg16-7.onnx,vnnlib/n01534433_junco_global_k25088_eps_0.0001.vnnlib,1200,unsat False,0.0881207585334777,0.0,798.9998302459717,812.2808179855347,0.0,n01534433_junco,global,-1,25088,0.0001,vgg16-7,True,,,75264,75264,150528,50.0,random
44,onnx/vgg16-7.onnx,vnnlib/n01534433_junco_seg0_fixmask_k25088_eps_0.0001.vnnlib,1200,unsat False,0.1178756058216095,0.0,730.1377081871033,744.0684158802032,0.0,n01534433_junco,fix_mask,0,25088,0.0001,vgg16-7,False,0.6341152787208557,"[0, 0, 223, 223]",71646,78882,150528,47.596460459183675,random
50,onnx/vgg16-7.onnx,vnnlib/n01534433_junco_seg0_fixnonmask_k25088_eps_0.0001.vnnlib,1200,unsat False,0.1165704727172851,0.0,731.0255615711212,744.1985149383545,0.0,n01534433_junco,fix_nonmask,0,25088,0.0001,vgg16-7,False,0.6341152787208557,"[0, 0, 223, 223]",75264,75264,150528,50.0,random
62,onnx/vgg16-7.onnx,vnnlib/n01537544_indigo_bunting_seg0_fixmask_k25088_eps_0.0001.vnnlib,1200,unsat False,0.0568843483924865,0.0,704.1046245098114,717.5799927711487,0.0,n01537544_indigo_bunting,fix_mask,0,25088,0.0001,vgg16-7,False,0.8692007660865784,"[0, 0, 223, 223]",34812,115716,150528,23.1265943877551,random
68,onnx/vgg16-7.onnx,vnnlib/n01537544_indigo_bunting_seg0_fixnonmask_k25088_eps_0.0001.vnnlib,1200,timeout False,-0.0129780769348144,3.0,3051.07508635521,3064.5033071041107,0.0,n01537544_indigo_bunting,fix_nonmask,0,25088,0.0001,vgg16-7,False,0.8692007660865784,"[0, 0, 223, 223]",75264,75264,150528,50.0,random
56,onnx/vgg16-7.onnx,vnnlib/n01537544_indigo_bunting_global_k25088_eps_0.0001.vnnlib,1200,timeout False,-0.1434876322746276,3.0,2226.9467372894287,2239.5730822086334,0.0,n01537544_indigo_bunting,global,-1,25088,0.0001,vgg16-7,True,,,75264,75264,150528,50.0,random
74,onnx/vgg16-7.onnx,vnnlib/n01558993_robin_global_k25088_eps_0.0001.vnnlib,1200,timeout False,-0.0632057189941406,3.0,2186.354517698288,2198.2590894699097,0.0,n01558993_robin,global,-1,25088,0.0001,vgg16-7,True,,,75264,75264,150528,50.0,random
80,onnx/vgg16-7.onnx,vnnlib/n01558993_robin_seg0_fixmask_k25088_eps_0.0001.vnnlib,1200,unsat False,0.0344256162643432,0.0,680.3367245197296,693.231107711792,0.0,n01558993_robin,fix_mask,0,25088,0.0001,vgg16-7,False,0.7078351378440857,"[0, 0, 223, 223]",60648,89880,150528,40.29017857142857,random
86,onnx/vgg16-7.onnx,vnnlib/n01558993_robin_seg0_fixnonmask_k25088_eps_0.0001.vnnlib,1200,unsat False,0.0220289230346679,0.0,704.406359910965,717.6245169639587,0.0,n01558993_robin,fix_nonmask,0,25088,0.0001,vgg16-7,False,0.7078351378440857,"[0, 0, 223, 223]",75264,75264,150528,50.0,random
92,onnx/vgg16-7.onnx,vnnlib/n01560419_bulbul_global_k25088_eps_0.0001.vnnlib,1200,unsat False,1.0334397554397583,0.0,672.7829983234406,687.2030069828033,0.0,n01560419_bulbul,global,-1,25088,0.0001,vgg16-7,True,,,75264,75264,150528,50.0,random
98,onnx/vgg16-7.onnx,vnnlib/n01560419_bulbul_seg0_fixmask_k25088_eps_0.0001.vnnlib,1200,unsat False,1.0482240915298462,0.0,643.0446698665619,655.8716907501221,0.0,n01560419_bulbul,fix_mask,0,25088,0.0001,vgg16-7,False,0.7939819097518921,"[0, 0, 223, 223]",52743,97785,150528,35.03866390306123,random
122,onnx/vgg16-7.onnx,vnnlib/n01580077_jay_seg0_fixnonmask_k25088_eps_0.0001.vnnlib,1200,sat True,,,,5.784434080123901,0.0,n01580077_jay,fix_nonmask,0,25088,0.0001,vgg16-7,False,0.882800817489624,"[0, 0, 223, 222]",75264,75264,150528,50.0,random
128,onnx/vgg16-7.onnx,vnnlib/n01582220_magpie_global_k25088_eps_0.0001.vnnlib,1200,unsat False,0.8092490434646606,0.0,805.0248777866364,818.0259144306183,0.0,n01582220_magpie,global,-1,25088,0.0001,vgg16-7,True,,,75264,75264,150528,50.0,random
134,onnx/vgg16-7.onnx,vnnlib/n01582220_magpie_seg0_fixmask_k25088_eps_0.0001.vnnlib,1200,unsat False,1.0976171493530271,0.0,683.0939874649048,696.0914933681488,0.0,n01582220_magpie,fix_mask,0,25088,0.0001,vgg16-7,False,0.715852677822113,"[0, 0, 223, 223]",24207,126321,150528,16.08139349489796,random
140,onnx/vgg16-7.onnx,vnnlib/n01582220_magpie_seg0_fixnonmask_k25088_eps_0.0001.vnnlib,1200,unsat False,0.9821087718009948,0.0,825.4644811153412,840.5221915245056,0.0,n01582220_magpie,fix_nonmask,0,25088,0.0001,vgg16-7,False,0.715852677822113,"[0, 0, 223, 223]",75264,75264,150528,50.0,random
146,onnx/vgg16-7.onnx,vnnlib/n01592084_chickadee_global_k25088_eps_0.0001.vnnlib,1200,unsat False,0.3111416697502136,0.0,744.1695857048035,759.1251380443573,0.0,n01592084_chickadee,global,-1,25088,0.0001,vgg16-7,True,,,75264,75264,150528,50.0,random
104,onnx/vgg16-7.onnx,vnnlib/n01560419_bulbul_seg0_fixnonmask_k25088_eps_0.0001.vnnlib,1200,unsat False,1.0435887575149536,0.0,698.5218670368195,710.4485766887665,0.0,n01560419_bulbul,fix_nonmask,0,25088,0.0001,vgg16-7,False,0.7939819097518921,"[0, 0, 223, 223]",75264,75264,150528,50.0,random
110,onnx/vgg16-7.onnx,vnnlib/n01580077_jay_global_k25088_eps_0.0001.vnnlib,1200,sat True,,,,4.414454698562622,0.0,n01580077_jay,global,-1,25088,0.0001,vgg16-7,True,,,75264,75264,150528,50.0,random
116,onnx/vgg16-7.onnx,vnnlib/n01580077_jay_seg0_fixmask_k25088_eps_0.0001.vnnlib,1200,sat True,,,,4.261873960494995,0.0,n01580077_jay,fix_mask,0,25088,0.0001,vgg16-7,False,0.882800817489624,"[0, 0, 223, 222]",33411,117117,150528,22.195870535714285,random
6,onnx/vgg16-7.onnx,vnnlib/n01644373_tree_frog_global_k1568_eps_0.0001.vnnlib,1200,unsat False,1.560504913330078,0.0,552.1877684593201,557.3837807178497,0.0,n01644373_tree_frog,global,-1,1568,0.0001,vgg16-7,True,,,4704,145824,150528,3.125,random
12,onnx/vgg16-7.onnx,vnnlib/n01644373_tree_frog_seg0_fixmask_k1568_eps_0.0001.vnnlib,1200,unsat False,1.561344861984253,0.0,487.8712377548218,493.108060836792,0.0,n01644373_tree_frog,fix_mask,0,1568,0.0001,vgg16-7,False,0.9081088304519652,"[0, 0, 223, 223]",4704,145824,150528,3.125,random
18,onnx/vgg16-7.onnx,vnnlib/n01644373_tree_frog_seg0_fixnonmask_k1568_eps_0.0001.vnnlib,1200,unsat False,1.560584545135498,0.0,546.4121165275574,551.6213340759277,0.0,n01644373_tree_frog,fix_nonmask,0,1568,0.0001,vgg16-7,False,0.9081088304519652,"[0, 0, 223, 223]",4704,145824,150528,3.125,random
24,onnx/vgg16-7.onnx,vnnlib/n01644900_tailed_frog_global_k1568_eps_0.0001.vnnlib,1200,unsat False,0.5779768824577332,0.0,642.0819544792175,647.3478436470032,0.0,n01644900_tailed_frog,global,-1,1568,0.0001,vgg16-7,True,,,4704,145824,150528,3.125,random
30,onnx/vgg16-7.onnx,vnnlib/n01644900_tailed_frog_seg0_fixmask_k1568_eps_0.0001.vnnlib,1200,unsat False,0.5793445706367493,0.0,596.6037266254425,601.7636439800262,0.0,n01644900_tailed_frog,fix_mask,0,1568,0.0001,vgg16-7,False,0.9068864583969116,"[0, 0, 223, 220]",4704,145824,150528,3.125,random
36,onnx/vgg16-7.onnx,vnnlib/n01644900_tailed_frog_seg0_fixnonmask_k1568_eps_0.0001.vnnlib,1200,unsat False,0.5789934992790222,0.0,605.6590220928192,611.0463662147522,0.0,n01644900_tailed_frog,fix_nonmask,0,1568,0.0001,vgg16-7,False,0.9068864583969116,"[0, 0, 223, 220]",4704,145824,150528,3.125,random
42,onnx/vgg16-7.onnx,vnnlib/n01665541_leatherback_turtle_global_k1568_eps_0.0001.vnnlib,1200,unsat False,0.4227472841739654,0.0,648.1573967933655,653.2589349746704,0.0,n01665541_leatherback_turtle,global,-1,1568,0.0001,vgg16-7,True,,,4704,145824,150528,3.125,random
48,onnx/vgg16-7.onnx,vnnlib/n01665541_leatherback_turtle_seg0_fixmask_k1568_eps_0.0001.vnnlib,1200,unsat False,0.4237507879734039,0.0,637.8791666030884,643.1495451927185,0.0,n01665541_leatherback_turtle,fix_mask,0,1568,0.0001,vgg16-7,False,0.8593950271606445,"[0, 0, 223, 223]",4704,145824,150528,3.125,random
54,onnx/vgg16-7.onnx,vnnlib/n01665541_leatherback_turtle_seg0_fixnonmask_k1568_eps_0.0001.vnnlib,1200,unsat False,0.4230665564537048,0.0,643.3069279193878,648.5547540187836,0.0,n01665541_leatherback_turtle,fix_nonmask,0,1568,0.0001,vgg16-7,False,0.8593950271606445,"[0, 0, 223, 223]",4704,145824,150528,3.125,random
60,onnx/vgg16-7.onnx,vnnlib/n01667114_mud_turtle_global_k1568_eps_0.0001.vnnlib,1200,sat False,-inf,,0.8960552215576172,6.662569522857666,0.0,n01667114_mud_turtle,global,-1,1568,0.0001,vgg16-7,True,,,4704,145824,150528,3.125,random
66,onnx/vgg16-7.onnx,vnnlib/n01667114_mud_turtle_seg0_fixmask_k1568_eps_0.0001.vnnlib,1200,sat False,-inf,,0.935631275177002,6.1667914390563965,0.0,n01667114_mud_turtle,fix_mask,0,1568,0.0001,vgg16-7,False,0.6734517812728882,"[0, 1, 223, 223]",4704,145824,150528,3.125,random
72,onnx/vgg16-7.onnx,vnnlib/n01667114_mud_turtle_seg0_fixnonmask_k1568_eps_0.0001.vnnlib,1200,sat False,-inf,,0.9000654220581055,6.075594425201416,0.0,n01667114_mud_turtle,fix_nonmask,0,1568,0.0001,vgg16-7,False,0.6734517812728882,"[0, 1, 223, 223]",4704,145824,150528,3.125,random
78,onnx/vgg16-7.onnx,vnnlib/n01667778_terrapin_global_k1568_eps_0.0001.vnnlib,1200,unsat False,1.1879982948303225,0.0,635.3564684391022,640.6430065631866,0.0,n01667778_terrapin,global,-1,1568,0.0001,vgg16-7,True,,,4704,145824,150528,3.125,random
84,onnx/vgg16-7.onnx,vnnlib/n01667778_terrapin_seg0_fixmask_k1568_eps_0.0001.vnnlib,1200,unsat False,1.188531517982483,0.0,621.6399619579315,626.9499771595001,0.0,n01667778_terrapin,fix_mask,0,1568,0.0001,vgg16-7,False,0.879705548286438,"[0, 0, 218, 223]",4704,145824,150528,3.125,random
90,onnx/vgg16-7.onnx,vnnlib/n01667778_terrapin_seg0_fixnonmask_k1568_eps_0.0001.vnnlib,1200,unsat False,1.1882086992263794,0.0,619.790670633316,625.404233455658,0.0,n01667778_terrapin,fix_nonmask,0,1568,0.0001,vgg16-7,False,0.879705548286438,"[0, 0, 218, 223]",4704,145824,150528,3.125,random
96,onnx/vgg16-7.onnx,vnnlib/n01669191_box_turtle_global_k1568_eps_0.0001.vnnlib,1200,sat False,-inf,,1.8868799209594729,7.2181291580200195,0.0,n01669191_box_turtle,global,-1,1568,0.0001,vgg16-7,True,,,4704,145824,150528,3.125,random
102,onnx/vgg16-7.onnx,vnnlib/n01669191_box_turtle_seg0_fixmask_k1568_eps_0.0001.vnnlib,1200,sat False,-inf,,1.1983296871185305,6.5014808177948,0.0,n01669191_box_turtle,fix_mask,0,1568,0.0001,vgg16-7,False,0.7978336215019226,"[0, 0, 223, 223]",4704,145824,150528,3.125,random
108,onnx/vgg16-7.onnx,vnnlib/n01669191_box_turtle_seg0_fixnonmask_k1568_eps_0.0001.vnnlib,1200,sat False,-inf,,0.918846845626831,6.1525866985321045,0.0,n01669191_box_turtle,fix_nonmask,0,1568,0.0001,vgg16-7,False,0.7978336215019226,"[0, 0, 223, 223]",4704,145824,150528,3.125,random
120,onnx/vgg16-7.onnx,vnnlib/n01675722_banded_gecko_seg0_fixmask_k1568_eps_0.0001.vnnlib,1200,unsat False,0.7581473588943481,0.0,615.6985967159271,620.8107342720032,0.0,n01675722_banded_gecko,fix_mask,0,1568,0.0001,vgg16-7,False,0.876944363117218,"[0, 0, 223, 222]",4704,145824,150528,3.125,random
126,onnx/vgg16-7.onnx,vnnlib/n01675722_banded_gecko_seg0_fixnonmask_k1568_eps_0.0001.vnnlib,1200,unsat False,0.756470799446106,0.0,689.1781759262085,694.4871025085449,0.0,n01675722_banded_gecko,fix_nonmask,0,1568,0.0001,vgg16-7,False,0.876944363117218,"[0, 0, 223, 222]",4704,145824,150528,3.125,random
114,onnx/vgg16-7.onnx,vnnlib/n01675722_banded_gecko_global_k1568_eps_0.0001.vnnlib,1200,unsat False,0.7562822103500366,0.0,649.4921190738678,654.9733603000641,0.0,n01675722_banded_gecko,global,-1,1568,0.0001,vgg16-7,True,,,4704,145824,150528,3.125,random
132,onnx/vgg16-7.onnx,vnnlib/n01677366_common_iguana_global_k1568_eps_0.0001.vnnlib,1200,unsat False,0.6596713066101074,0.0,582.3671662807465,586.4302697181702,0.0,n01677366_common_iguana,global,-1,1568,0.0001,vgg16-7,True,,,4704,145824,150528,3.125,random
138,onnx/vgg16-7.onnx,vnnlib/n01677366_common_iguana_seg0_fixmask_k1568_eps_0.0001.vnnlib,1200,unsat False,0.660524845123291,0.0,575.7581028938293,581.167023897171,0.0,n01677366_common_iguana,fix_mask,0,1568,0.0001,vgg16-7,False,0.88455730676651,"[0, 0, 223, 223]",4704,145824,150528,3.125,random
144,onnx/vgg16-7.onnx,vnnlib/n01677366_common_iguana_seg0_fixnonmask_k1568_eps_0.0001.vnnlib,1200,unsat False,0.6597901582717896,0.0,578.9164853096008,584.3152265548706,0.0,n01677366_common_iguana,fix_nonmask,0,1568,0.0001,vgg16-7,False,0.88455730676651,"[0, 0, 223, 223]",4704,145824,150528,3.125,random
150,onnx/vgg16-7.onnx,vnnlib/n01682714_American_chameleon_global_k1568_eps_0.0001.vnnlib,1200,unsat False,0.150556281208992,0.0,653.2080919742584,658.5940389633179,0.0,n01682714_American_chameleon,global,-1,1568,0.0001,vgg16-7,True,,,4704,145824,150528,3.125,random
156,onnx/vgg16-7.onnx,vnnlib/n01682714_American_chameleon_seg0_fixmask_k1568_eps_0.0001.vnnlib,1200,unsat False,0.1517442464828491,0.0,576.6971166133881,582.0987920761108,0.0,n01682714_American_chameleon,fix_mask,0,1568,0.0001,vgg16-7,False,0.9108943939208984,"[0, 0, 223, 223]",4704,145824,150528,3.125,random
162,onnx/vgg16-7.onnx,vnnlib/n01682714_American_chameleon_seg0_fixnonmask_k1568_eps_0.0001.vnnlib,1200,unsat False,0.1506451666355133,0.0,630.9948711395264,636.4779169559479,0.0,n01682714_American_chameleon,fix_nonmask,0,1568,0.0001,vgg16-7,False,0.9108943939208984,"[0, 0, 223, 223]",4704,145824,150528,3.125,random
3,onnx/vgg16-7.onnx,vnnlib/n01644373_tree_frog_global_k12544_eps_0.0001.vnnlib,1200,unsat False,1.552096605300903,0.0,641.4616963863373,654.4840877056122,0.0,n01644373_tree_frog,global,-1,12544,0.0001,vgg16-7,True,,,37632,112896,150528,25.0,random
9,onnx/vgg16-7.onnx,vnnlib/n01644373_tree_frog_seg0_fixmask_k12544_eps_0.0001.vnnlib,1200,unsat False,1.560926914215088,0.0,540.0724129676819,545.235524892807,0.0,n01644373_tree_frog,fix_mask,0,12544,0.0001,vgg16-7,False,0.9081088304519652,"[0, 0, 223, 223]",7407,143121,150528,4.920679209183674,random
15,onnx/vgg16-7.onnx,vnnlib/n01644373_tree_frog_seg0_fixnonmask_k12544_eps_0.0001.vnnlib,1200,unsat False,1.552891731262207,0.0,639.0789287090302,651.7270317077637,0.0,n01644373_tree_frog,fix_nonmask,0,12544,0.0001,vgg16-7,False,0.9081088304519652,"[0, 0, 223, 223]",37632,112896,150528,25.0,random
21,onnx/vgg16-7.onnx,vnnlib/n01644900_tailed_frog_global_k12544_eps_0.0001.vnnlib,1200,unsat False,0.5491085052490234,0.0,701.8792963027954,714.8015151023865,0.0,n01644900_tailed_frog,global,-1,12544,0.0001,vgg16-7,True,,,37632,112896,150528,25.0,random
27,onnx/vgg16-7.onnx,vnnlib/n01644900_tailed_frog_seg0_fixmask_k12544_eps_0.0001.vnnlib,1200,unsat False,0.570807933807373,0.0,665.4634931087494,678.5794258117676,0.0,n01644900_tailed_frog,fix_mask,0,12544,0.0001,vgg16-7,False,0.9068864583969116,"[0, 0, 223, 220]",37632,112896,150528,25.0,random
33,onnx/vgg16-7.onnx,vnnlib/n01644900_tailed_frog_seg0_fixnonmask_k12544_eps_0.0001.vnnlib,1200,unsat False,0.5673883557319641,0.0,673.0542757511139,686.0000925064087,0.0,n01644900_tailed_frog,fix_nonmask,0,12544,0.0001,vgg16-7,False,0.9068864583969116,"[0, 0, 223, 220]",37632,112896,150528,25.0,random
39,onnx/vgg16-7.onnx,vnnlib/n01665541_leatherback_turtle_global_k12544_eps_0.0001.vnnlib,1200,unsat False,0.4065498113632202,0.0,736.6102283000946,750.0552055835724,0.0,n01665541_leatherback_turtle,global,-1,12544,0.0001,vgg16-7,True,,,37632,112896,150528,25.0,random
45,onnx/vgg16-7.onnx,vnnlib/n01665541_leatherback_turtle_seg0_fixmask_k12544_eps_0.0001.vnnlib,1200,unsat False,0.4215194880962372,0.0,663.3811058998108,668.54065990448,0.0,n01665541_leatherback_turtle,fix_mask,0,12544,0.0001,vgg16-7,False,0.8593950271606445,"[0, 0, 223, 223]",27897,122631,150528,18.532764668367346,random
51,onnx/vgg16-7.onnx,vnnlib/n01665541_leatherback_turtle_seg0_fixnonmask_k12544_eps_0.0001.vnnlib,1200,unsat False,0.4120850563049316,0.0,722.2036027908325,735.5558969974518,0.0,n01665541_leatherback_turtle,fix_nonmask,0,12544,0.0001,vgg16-7,False,0.8593950271606445,"[0, 0, 223, 223]",37632,112896,150528,25.0,random
57,onnx/vgg16-7.onnx,vnnlib/n01667114_mud_turtle_global_k12544_eps_0.0001.vnnlib,1200,sat True,,,,5.435316324234009,0.0,n01667114_mud_turtle,global,-1,12544,0.0001,vgg16-7,True,,,37632,112896,150528,25.0,random
63,onnx/vgg16-7.onnx,vnnlib/n01667114_mud_turtle_seg0_fixmask_k12544_eps_0.0001.vnnlib,1200,sat True,,,,5.386923551559448,0.0,n01667114_mud_turtle,fix_mask,0,12544,0.0001,vgg16-7,False,0.6734517812728882,"[0, 1, 223, 223]",37632,112896,150528,25.0,random
69,onnx/vgg16-7.onnx,vnnlib/n01667114_mud_turtle_seg0_fixnonmask_k12544_eps_0.0001.vnnlib,1200,sat True,,,,5.40069580078125,0.0,n01667114_mud_turtle,fix_nonmask,0,12544,0.0001,vgg16-7,False,0.6734517812728882,"[0, 1, 223, 223]",37632,112896,150528,25.0,random
75,onnx/vgg16-7.onnx,vnnlib/n01667778_terrapin_global_k12544_eps_0.0001.vnnlib,1200,unsat False,1.179293870925903,0.0,733.4284174442291,746.8850555419922,0.0,n01667778_terrapin,global,-1,12544,0.0001,vgg16-7,True,,,37632,112896,150528,25.0,random
81,onnx/vgg16-7.onnx,vnnlib/n01667778_terrapin_seg0_fixmask_k12544_eps_0.0001.vnnlib,1200,unsat False,1.187004804611206,0.0,679.4005765914917,692.5878942012787,0.0,n01667778_terrapin,fix_mask,0,12544,0.0001,vgg16-7,False,0.879705548286438,"[0, 0, 218, 223]",37632,112896,150528,25.0,random
87,onnx/vgg16-7.onnx,vnnlib/n01667778_terrapin_seg0_fixnonmask_k12544_eps_0.0001.vnnlib,1200,unsat False,1.1828128099441528,0.0,714.5167908668518,727.8655679225922,0.0,n01667778_terrapin,fix_nonmask,0,12544,0.0001,vgg16-7,False,0.879705548286438,"[0, 0, 218, 223]",37632,112896,150528,25.0,random
93,onnx/vgg16-7.onnx,vnnlib/n01669191_box_turtle_global_k12544_eps_0.0001.vnnlib,1200,sat True,,,,5.49087929725647,0.0,n01669191_box_turtle,global,-1,12544,0.0001,vgg16-7,True,,,37632,112896,150528,25.0,random
99,onnx/vgg16-7.onnx,vnnlib/n01669191_box_turtle_seg0_fixmask_k12544_eps_0.0001.vnnlib,1200,sat False,-inf,,1.0432696342468262,7.147618770599365,0.0,n01669191_box_turtle,fix_mask,0,12544,0.0001,vgg16-7,False,0.7978336215019226,"[0, 0, 223, 223]",5364,145164,150528,3.563456632653061,random
105,onnx/vgg16-7.onnx,vnnlib/n01669191_box_turtle_seg0_fixnonmask_k12544_eps_0.0001.vnnlib,1200,sat True,,,,5.659860849380493,0.0,n01669191_box_turtle,fix_nonmask,0,12544,0.0001,vgg16-7,False,0.7978336215019226,"[0, 0, 223, 223]",37632,112896,150528,25.0,random
123,onnx/vgg16-7.onnx,vnnlib/n01675722_banded_gecko_seg0_fixnonmask_k12544_eps_0.0001.vnnlib,1200,unsat False,0.7327851057052612,0.0,771.9086232185364,785.1068484783173,0.0,n01675722_banded_gecko,fix_nonmask,0,12544,0.0001,vgg16-7,False,0.876944363117218,"[0, 0, 223, 222]",37632,112896,150528,25.0,random
129,onnx/vgg16-7.onnx,vnnlib/n01677366_common_iguana_global_k12544_eps_0.0001.vnnlib,1200,unsat False,0.6494920253753662,0.0,708.3306341171265,721.5145742893219,0.0,n01677366_common_iguana,global,-1,12544,0.0001,vgg16-7,True,,,37632,112896,150528,25.0,random
111,onnx/vgg16-7.onnx,vnnlib/n01675722_banded_gecko_global_k12544_eps_0.0001.vnnlib,1200,unsat False,0.7278594970703125,0.0,745.9249639511108,759.0846321582794,0.0,n01675722_banded_gecko,global,-1,12544,0.0001,vgg16-7,True,,,37632,112896,150528,25.0,random
117,onnx/vgg16-7.onnx,vnnlib/n01675722_banded_gecko_seg0_fixmask_k12544_eps_0.0001.vnnlib,1200,unsat False,0.756754994392395,0.0,628.4906516075134,632.6572930812836,0.0,n01675722_banded_gecko,fix_mask,0,12544,0.0001,vgg16-7,False,0.876944363117218,"[0, 0, 223, 222]",13068,137460,150528,8.681441326530612,random
135,onnx/vgg16-7.onnx,vnnlib/n01677366_common_iguana_seg0_fixmask_k12544_eps_0.0001.vnnlib,1200,unsat False,0.6596168279647827,0.0,583.6232280731201,588.9804856777191,0.0,n01677366_common_iguana,fix_mask,0,12544,0.0001,vgg16-7,False,0.88455730676651,"[0, 0, 223, 223]",17712,132816,150528,11.76658163265306,random
141,onnx/vgg16-7.onnx,vnnlib/n01677366_common_iguana_seg0_fixnonmask_k12544_eps_0.0001.vnnlib,1200,unsat False,0.6516243815422058,0.0,667.4172382354736,680.4388890266418,0.0,n01677366_common_iguana,fix_nonmask,0,12544,0.0001,vgg16-7,False,0.88455730676651,"[0, 0, 223, 223]",37632,112896,150528,25.0,random
147,onnx/vgg16-7.onnx,vnnlib/n01682714_American_chameleon_global_k12544_eps_0.0001.vnnlib,1200,unsat False,0.1310694962739944,0.0,738.3087131977081,751.4044342041016,0.0,n01682714_American_chameleon,global,-1,12544,0.0001,vgg16-7,True,,,37632,112896,150528,25.0,random
153,onnx/vgg16-7.onnx,vnnlib/n01682714_American_chameleon_seg0_fixmask_k12544_eps_0.0001.vnnlib,1200,unsat False,0.151134192943573,0.0,619.6845414638519,625.9867415428162,0.0,n01682714_American_chameleon,fix_mask,0,12544,0.0001,vgg16-7,False,0.9108943939208984,"[0, 0, 223, 223]",11517,139011,150528,7.651068239795919,random
159,onnx/vgg16-7.onnx,vnnlib/n01682714_American_chameleon_seg0_fixnonmask_k12544_eps_0.0001.vnnlib,1200,unsat False,0.133774995803833,0.0,736.3376870155334,749.2218916416168,0.0,n01682714_American_chameleon,fix_nonmask,0,12544,0.0001,vgg16-7,False,0.9108943939208984,"[0, 0, 223, 223]",37632,112896,150528,25.0,random
5,onnx/vgg16-7.onnx,vnnlib/n01644373_tree_frog_global_k3136_eps_0.0001.vnnlib,1200,unsat False,1.5595483779907229,0.0,577.4952268600464,582.837456703186,0.0,n01644373_tree_frog,global,-1,3136,0.0001,vgg16-7,True,,,9408,141120,150528,6.25,random
11,onnx/vgg16-7.onnx,vnnlib/n01644373_tree_frog_seg0_fixmask_k3136_eps_0.0001.vnnlib,1200,unsat False,1.5612900257110596,0.0,532.1232323646545,537.2684464454651,0.0,n01644373_tree_frog,fix_mask,0,3136,0.0001,vgg16-7,False,0.9081088304519652,"[0, 0, 223, 223]",7407,143121,150528,4.920679209183674,random
17,onnx/vgg16-7.onnx,vnnlib/n01644373_tree_frog_seg0_fixnonmask_k3136_eps_0.0001.vnnlib,1200,unsat False,1.5596946477890017,0.0,571.2019093036652,576.5891733169556,0.0,n01644373_tree_frog,fix_nonmask,0,3136,0.0001,vgg16-7,False,0.9081088304519652,"[0, 0, 223, 223]",9408,141120,150528,6.25,random
23,onnx/vgg16-7.onnx,vnnlib/n01644900_tailed_frog_global_k3136_eps_0.0001.vnnlib,1200,unsat False,0.5753576755523682,0.0,659.4999670982361,664.8020031452179,0.0,n01644900_tailed_frog,global,-1,3136,0.0001,vgg16-7,True,,,9408,141120,150528,6.25,random
29,onnx/vgg16-7.onnx,vnnlib/n01644900_tailed_frog_seg0_fixmask_k3136_eps_0.0001.vnnlib,1200,unsat False,0.578271210193634,0.0,642.0446741580963,647.2770359516144,0.0,n01644900_tailed_frog,fix_mask,0,3136,0.0001,vgg16-7,False,0.9068864583969116,"[0, 0, 223, 220]",9408,141120,150528,6.25,random
35,onnx/vgg16-7.onnx,vnnlib/n01644900_tailed_frog_seg0_fixnonmask_k3136_eps_0.0001.vnnlib,1200,unsat False,0.5776814818382263,0.0,641.0246169567108,646.2980437278748,0.0,n01644900_tailed_frog,fix_nonmask,0,3136,0.0001,vgg16-7,False,0.9068864583969116,"[0, 0, 223, 220]",9408,141120,150528,6.25,random
41,onnx/vgg16-7.onnx,vnnlib/n01665541_leatherback_turtle_global_k3136_eps_0.0001.vnnlib,1200,unsat False,0.4211623072624206,0.0,681.3882339000702,686.5932104587555,0.0,n01665541_leatherback_turtle,global,-1,3136,0.0001,vgg16-7,True,,,9408,141120,150528,6.25,random
47,onnx/vgg16-7.onnx,vnnlib/n01665541_leatherback_turtle_seg0_fixmask_k3136_eps_0.0001.vnnlib,1200,unsat False,0.4234043955802917,0.0,631.2003552913666,636.4163107872009,0.0,n01665541_leatherback_turtle,fix_mask,0,3136,0.0001,vgg16-7,False,0.8593950271606445,"[0, 0, 223, 223]",9408,141120,150528,6.25,random
53,onnx/vgg16-7.onnx,vnnlib/n01665541_leatherback_turtle_seg0_fixnonmask_k3136_eps_0.0001.vnnlib,1200,unsat False,0.4219385385513305,0.0,673.3319551944733,678.5594322681427,0.0,n01665541_leatherback_turtle,fix_nonmask,0,3136,0.0001,vgg16-7,False,0.8593950271606445,"[0, 0, 223, 223]",9408,141120,150528,6.25,random
59,onnx/vgg16-7.onnx,vnnlib/n01667114_mud_turtle_global_k3136_eps_0.0001.vnnlib,1200,sat False,-inf,,1.7723896503448486,7.2020745277404785,0.0,n01667114_mud_turtle,global,-1,3136,0.0001,vgg16-7,True,,,9408,141120,150528,6.25,random
65,onnx/vgg16-7.onnx,vnnlib/n01667114_mud_turtle_seg0_fixmask_k3136_eps_0.0001.vnnlib,1200,sat False,-inf,,1.5685303211212158,6.6376869678497314,0.0,n01667114_mud_turtle,fix_mask,0,3136,0.0001,vgg16-7,False,0.6734517812728882,"[0, 1, 223, 223]",9408,141120,150528,6.25,random
71,onnx/vgg16-7.onnx,vnnlib/n01667114_mud_turtle_seg0_fixnonmask_k3136_eps_0.0001.vnnlib,1200,sat False,-inf,,0.8936920166015625,6.16018009185791,0.0,n01667114_mud_turtle,fix_nonmask,0,3136,0.0001,vgg16-7,False,0.6734517812728882,"[0, 1, 223, 223]",9408,141120,150528,6.25,random
77,onnx/vgg16-7.onnx,vnnlib/n01667778_terrapin_global_k3136_eps_0.0001.vnnlib,1200,unsat False,1.1871929168701172,0.0,687.0112245082855,692.3861608505249,0.0,n01667778_terrapin,global,-1,3136,0.0001,vgg16-7,True,,,9408,141120,150528,6.25,random
83,onnx/vgg16-7.onnx,vnnlib/n01667778_terrapin_seg0_fixmask_k3136_eps_0.0001.vnnlib,1200,unsat False,1.1883302927017212,0.0,621.1710364818573,626.420802116394,0.0,n01667778_terrapin,fix_mask,0,3136,0.0001,vgg16-7,False,0.879705548286438,"[0, 0, 218, 223]",9408,141120,150528,6.25,random
89,onnx/vgg16-7.onnx,vnnlib/n01667778_terrapin_seg0_fixnonmask_k3136_eps_0.0001.vnnlib,1200,unsat False,1.1876499652862549,0.0,654.3140273094177,659.612699508667,0.0,n01667778_terrapin,fix_nonmask,0,3136,0.0001,vgg16-7,False,0.879705548286438,"[0, 0, 218, 223]",9408,141120,150528,6.25,random
95,onnx/vgg16-7.onnx,vnnlib/n01669191_box_turtle_global_k3136_eps_0.0001.vnnlib,1200,sat False,-inf,,1.1989595890045166,6.339758396148682,0.0,n01669191_box_turtle,global,-1,3136,0.0001,vgg16-7,True,,,9408,141120,150528,6.25,random
101,onnx/vgg16-7.onnx,vnnlib/n01669191_box_turtle_seg0_fixmask_k3136_eps_0.0001.vnnlib,1200,sat False,-inf,,1.1936790943145752,6.509342193603516,0.0,n01669191_box_turtle,fix_mask,0,3136,0.0001,vgg16-7,False,0.7978336215019226,"[0, 0, 223, 223]",5364,145164,150528,3.563456632653061,random
107,onnx/vgg16-7.onnx,vnnlib/n01669191_box_turtle_seg0_fixnonmask_k3136_eps_0.0001.vnnlib,1200,sat False,-inf,,1.7479281425476074,7.068980693817139,0.0,n01669191_box_turtle,fix_nonmask,0,3136,0.0001,vgg16-7,False,0.7978336215019226,"[0, 0, 223, 223]",9408,141120,150528,6.25,random
119,onnx/vgg16-7.onnx,vnnlib/n01675722_banded_gecko_seg0_fixmask_k3136_eps_0.0001.vnnlib,1200,unsat False,0.7578842043876648,0.0,626.8302111625671,631.9123318195343,0.0,n01675722_banded_gecko,fix_mask,0,3136,0.0001,vgg16-7,False,0.876944363117218,"[0, 0, 223, 222]",9408,141120,150528,6.25,random
125,onnx/vgg16-7.onnx,vnnlib/n01675722_banded_gecko_seg0_fixnonmask_k3136_eps_0.0001.vnnlib,1200,unsat False,0.7543435096740723,0.0,711.5301082134247,716.8183834552765,0.0,n01675722_banded_gecko,fix_nonmask,0,3136,0.0001,vgg16-7,False,0.876944363117218,"[0, 0, 223, 222]",9408,141120,150528,6.25,random
131,onnx/vgg16-7.onnx,vnnlib/n01677366_common_iguana_global_k3136_eps_0.0001.vnnlib,1200,unsat False,0.6586284637451172,0.0,650.945876121521,656.277508020401,0.0,n01677366_common_iguana,global,-1,3136,0.0001,vgg16-7,True,,,9408,141120,150528,6.25,random
113,onnx/vgg16-7.onnx,vnnlib/n01675722_banded_gecko_global_k3136_eps_0.0001.vnnlib,1200,unsat False,0.7538297772407532,0.0,674.7418961524963,680.2275817394257,0.0,n01675722_banded_gecko,global,-1,3136,0.0001,vgg16-7,True,,,9408,141120,150528,6.25,random
137,onnx/vgg16-7.onnx,vnnlib/n01677366_common_iguana_seg0_fixmask_k3136_eps_0.0001.vnnlib,1200,unsat False,0.6603944301605225,0.0,582.9809944629669,588.4817192554474,0.0,n01677366_common_iguana,fix_mask,0,3136,0.0001,vgg16-7,False,0.88455730676651,"[0, 0, 223, 223]",9408,141120,150528,6.25,random
143,onnx/vgg16-7.onnx,vnnlib/n01677366_common_iguana_seg0_fixnonmask_k3136_eps_0.0001.vnnlib,1200,unsat False,0.6589082479476929,0.0,609.2222740650177,614.6772336959839,0.0,n01677366_common_iguana,fix_nonmask,0,3136,0.0001,vgg16-7,False,0.88455730676651,"[0, 0, 223, 223]",9408,141120,150528,6.25,random
149,onnx/vgg16-7.onnx,vnnlib/n01682714_American_chameleon_global_k3136_eps_0.0001.vnnlib,1200,unsat False,0.1490553021430969,0.0,682.9818847179413,688.2327885627747,0.0,n01682714_American_chameleon,global,-1,3136,0.0001,vgg16-7,True,,,9408,141120,150528,6.25,random
155,onnx/vgg16-7.onnx,vnnlib/n01682714_American_chameleon_seg0_fixmask_k3136_eps_0.0001.vnnlib,1200,unsat False,0.1516586989164352,0.0,604.0880711078644,609.4667353630066,0.0,n01682714_American_chameleon,fix_mask,0,3136,0.0001,vgg16-7,False,0.9108943939208984,"[0, 0, 223, 223]",9408,141120,150528,6.25,random
161,onnx/vgg16-7.onnx,vnnlib/n01682714_American_chameleon_seg0_fixnonmask_k3136_eps_0.0001.vnnlib,1200,unsat False,0.149271011352539,0.0,670.2359209060669,675.5173659324646,0.0,n01682714_American_chameleon,fix_nonmask,0,3136,0.0001,vgg16-7,False,0.9108943939208984,"[0, 0, 223, 223]",9408,141120,150528,6.25,random
2,onnx/vgg16-7.onnx,vnnlib/n01644373_tree_frog_global_k25088_eps_0.0001.vnnlib,1200,unsat False,1.5337462425231934,0.0,665.0040056705475,682.3440957069397,0.0,n01644373_tree_frog,global,-1,25088,0.0001,vgg16-7,True,,,75264,75264,150528,50.0,random
8,onnx/vgg16-7.onnx,vnnlib/n01644373_tree_frog_seg0_fixmask_k25088_eps_0.0001.vnnlib,1200,unsat False,1.5604021549224854,0.0,555.3487040996552,560.6340243816376,0.0,n01644373_tree_frog,fix_mask,0,25088,0.0001,vgg16-7,False,0.9081088304519652,"[0, 0, 223, 223]",7407,143121,150528,4.920679209183674,random
14,onnx/vgg16-7.onnx,vnnlib/n01644373_tree_frog_seg0_fixnonmask_k25088_eps_0.0001.vnnlib,1200,unsat False,1.5369818210601809,0.0,663.0125360488892,675.7991211414337,0.0,n01644373_tree_frog,fix_nonmask,0,25088,0.0001,vgg16-7,False,0.9081088304519652,"[0, 0, 223, 223]",75264,75264,150528,50.0,random
20,onnx/vgg16-7.onnx,vnnlib/n01644900_tailed_frog_global_k25088_eps_0.0001.vnnlib,1200,unsat False,0.3242339491844177,0.0,782.4764349460602,795.5858166217804,0.0,n01644900_tailed_frog,global,-1,25088,0.0001,vgg16-7,True,,,75264,75264,150528,50.0,random
26,onnx/vgg16-7.onnx,vnnlib/n01644900_tailed_frog_seg0_fixmask_k25088_eps_0.0001.vnnlib,1200,unsat False,0.5539986491203308,0.0,696.1669397354126,709.3612244129181,0.0,n01644900_tailed_frog,fix_mask,0,25088,0.0001,vgg16-7,False,0.9068864583969116,"[0, 0, 223, 220]",75057,75471,150528,49.86248405612245,random
32,onnx/vgg16-7.onnx,vnnlib/n01644900_tailed_frog_seg0_fixnonmask_k25088_eps_0.0001.vnnlib,1200,unsat False,0.5417815446853638,0.0,734.0893077850342,747.0400886535645,0.0,n01644900_tailed_frog,fix_nonmask,0,25088,0.0001,vgg16-7,False,0.9068864583969116,"[0, 0, 223, 220]",75264,75264,150528,50.0,random
38,onnx/vgg16-7.onnx,vnnlib/n01665541_leatherback_turtle_global_k25088_eps_0.0001.vnnlib,1200,unsat False,0.3323289453983307,0.0,812.5482959747314,825.8948006629944,0.0,n01665541_leatherback_turtle,global,-1,25088,0.0001,vgg16-7,True,,,75264,75264,150528,50.0,random
44,onnx/vgg16-7.onnx,vnnlib/n01665541_leatherback_turtle_seg0_fixmask_k25088_eps_0.0001.vnnlib,1200,unsat False,0.4183830618858337,0.0,712.9731576442719,726.2487473487854,0.0,n01665541_leatherback_turtle,fix_mask,0,25088,0.0001,vgg16-7,False,0.8593950271606445,"[0, 0, 223, 223]",27897,122631,150528,18.532764668367346,random
50,onnx/vgg16-7.onnx,vnnlib/n01665541_leatherback_turtle_seg0_fixnonmask_k25088_eps_0.0001.vnnlib,1200,unsat False,0.3807045221328735,0.0,772.6840343475342,786.058358669281,0.0,n01665541_leatherback_turtle,fix_nonmask,0,25088,0.0001,vgg16-7,False,0.8593950271606445,"[0, 0, 223, 223]",75264,75264,150528,50.0,random
56,onnx/vgg16-7.onnx,vnnlib/n01667114_mud_turtle_global_k25088_eps_0.0001.vnnlib,1200,sat True,,,,5.443250894546509,0.0,n01667114_mud_turtle,global,-1,25088,0.0001,vgg16-7,True,,,75264,75264,150528,50.0,random
62,onnx/vgg16-7.onnx,vnnlib/n01667114_mud_turtle_seg0_fixmask_k25088_eps_0.0001.vnnlib,1200,sat True,,,,5.370001554489136,0.0,n01667114_mud_turtle,fix_mask,0,25088,0.0001,vgg16-7,False,0.6734517812728882,"[0, 1, 223, 223]",75264,75264,150528,50.0,random
68,onnx/vgg16-7.onnx,vnnlib/n01667114_mud_turtle_seg0_fixnonmask_k25088_eps_0.0001.vnnlib,1200,sat True,,,,5.390742301940918,0.0,n01667114_mud_turtle,fix_nonmask,0,25088,0.0001,vgg16-7,False,0.6734517812728882,"[0, 1, 223, 223]",73317,77211,150528,48.70655293367347,random
74,onnx/vgg16-7.onnx,vnnlib/n01667778_terrapin_global_k25088_eps_0.0001.vnnlib,1200,unsat False,1.1430050134658811,0.0,785.3905415534973,798.6191504001617,0.0,n01667778_terrapin,global,-1,25088,0.0001,vgg16-7,True,,,75264,75264,150528,50.0,random
80,onnx/vgg16-7.onnx,vnnlib/n01667778_terrapin_seg0_fixmask_k25088_eps_0.0001.vnnlib,1200,unsat False,1.1845942735671997,0.0,705.7949559688568,719.2321724891663,0.0,n01667778_terrapin,fix_mask,0,25088,0.0001,vgg16-7,False,0.879705548286438,"[0, 0, 218, 223]",48669,101859,150528,32.33219068877551,random
86,onnx/vgg16-7.onnx,vnnlib/n01667778_terrapin_seg0_fixnonmask_k25088_eps_0.0001.vnnlib,1200,unsat False,1.1685917377471924,0.0,772.4150068759918,788.0967671871185,0.0,n01667778_terrapin,fix_nonmask,0,25088,0.0001,vgg16-7,False,0.879705548286438,"[0, 0, 218, 223]",75264,75264,150528,50.0,random
92,onnx/vgg16-7.onnx,vnnlib/n01669191_box_turtle_global_k25088_eps_0.0001.vnnlib,1200,sat True,,,,5.587472915649414,0.0,n01669191_box_turtle,global,-1,25088,0.0001,vgg16-7,True,,,75264,75264,150528,50.0,random
98,onnx/vgg16-7.onnx,vnnlib/n01669191_box_turtle_seg0_fixmask_k25088_eps_0.0001.vnnlib,1200,sat False,-inf,,1.0321271419525146,6.325591564178467,0.0,n01669191_box_turtle,fix_mask,0,25088,0.0001,vgg16-7,False,0.7978336215019226,"[0, 0, 223, 223]",5364,145164,150528,3.563456632653061,random
104,onnx/vgg16-7.onnx,vnnlib/n01669191_box_turtle_seg0_fixnonmask_k25088_eps_0.0001.vnnlib,1200,sat True,,,,5.40749979019165,0.0,n01669191_box_turtle,fix_nonmask,0,25088,0.0001,vgg16-7,False,0.7978336215019226,"[0, 0, 223, 223]",75264,75264,150528,50.0,random
110,onnx/vgg16-7.onnx,vnnlib/n01675722_banded_gecko_global_k25088_eps_0.0001.vnnlib,1200,unsat False,0.5435906648635864,0.0,852.0686278343201,865.2746524810791,0.0,n01675722_banded_gecko,global,-1,25088,0.0001,vgg16-7,True,,,75264,75264,150528,50.0,random
122,onnx/vgg16-7.onnx,vnnlib/n01675722_banded_gecko_seg0_fixnonmask_k25088_eps_0.0001.vnnlib,1200,unsat False,0.6238372325897217,0.0,831.7602405548096,844.975129365921,0.0,n01675722_banded_gecko,fix_nonmask,0,25088,0.0001,vgg16-7,False,0.876944363117218,"[0, 0, 223, 222]",75264,75264,150528,50.0,random
128,onnx/vgg16-7.onnx,vnnlib/n01677366_common_iguana_global_k25088_eps_0.0001.vnnlib,1200,unsat False,0.6159234046936035,0.0,768.896163225174,782.0726985931396,0.0,n01677366_common_iguana,global,-1,25088,0.0001,vgg16-7,True,,,75264,75264,150528,50.0,random
116,onnx/vgg16-7.onnx,vnnlib/n01675722_banded_gecko_seg0_fixmask_k25088_eps_0.0001.vnnlib,1200,unsat False,0.7549235820770264,0.0,625.1383731365204,629.4895915985107,0.0,n01675722_banded_gecko,fix_mask,0,25088,0.0001,vgg16-7,False,0.876944363117218,"[0, 0, 223, 222]",13068,137460,150528,8.681441326530612,random
134,onnx/vgg16-7.onnx,vnnlib/n01677366_common_iguana_seg0_fixmask_k25088_eps_0.0001.vnnlib,1200,unsat False,0.6585264801979065,0.0,610.4680411815643,615.6454205513,0.0,n01677366_common_iguana,fix_mask,0,25088,0.0001,vgg16-7,False,0.88455730676651,"[0, 0, 223, 223]",17712,132816,150528,11.76658163265306,random
140,onnx/vgg16-7.onnx,vnnlib/n01677366_common_iguana_seg0_fixnonmask_k25088_eps_0.0001.vnnlib,1200,unsat False,0.6296452283859253,0.0,718.5602159500122,734.1885964870453,0.0,n01677366_common_iguana,fix_nonmask,0,25088,0.0001,vgg16-7,False,0.88455730676651,"[0, 0, 223, 223]",75264,75264,150528,50.0,random
146,onnx/vgg16-7.onnx,vnnlib/n01682714_American_chameleon_global_k25088_eps_0.0001.vnnlib,1200,timeout False,-0.2953516244888305,3.0,2426.9477548599243,2441.0749402046204,0.0,n01682714_American_chameleon,global,-1,25088,0.0001,vgg16-7,True,,,75264,75264,150528,50.0,random
152,onnx/vgg16-7.onnx,vnnlib/n01682714_American_chameleon_seg0_fixmask_k25088_eps_0.0001.vnnlib,1200,unsat False,0.1504280567169189,0.0,647.0075483322144,652.2866129875183,0.0,n01682714_American_chameleon,fix_mask,0,25088,0.0001,vgg16-7,False,0.9108943939208984,"[0, 0, 223, 223]",11517,139011,150528,7.651068239795919,random
158,onnx/vgg16-7.onnx,vnnlib/n01682714_American_chameleon_seg0_fixnonmask_k25088_eps_0.0001.vnnlib,1200,timeout False,-0.1285555064678192,3.0,2371.0282583236694,2383.917720556259,0.0,n01682714_American_chameleon,fix_nonmask,0,25088,0.0001,vgg16-7,False,0.9108943939208984,"[0, 0, 223, 223]",75264,75264,150528,50.0,random
1,onnx/vgg16-7.onnx,vnnlib/n01644373_tree_frog_global_k50176_eps_0.0001.vnnlib,1200,unsat False,1.1993319988250732,0.0,726.0878927707672,767.6810357570648,0.0,n01644373_tree_frog,global,-1,50176,0.0001,vgg16-7,True,,,150528,0,150528,100.0,random
7,onnx/vgg16-7.onnx,vnnlib/n01644373_tree_frog_seg0_fixmask_k50176_eps_0.0001.vnnlib,1200,unsat False,1.5592122077941897,0.0,571.6193940639496,576.7929754257202,0.0,n01644373_tree_frog,fix_mask,0,50176,0.0001,vgg16-7,False,0.9081088304519652,"[0, 0, 223, 223]",7407,143121,150528,4.920679209183674,random
13,onnx/vgg16-7.onnx,vnnlib/n01644373_tree_frog_seg0_fixnonmask_k50176_eps_0.0001.vnnlib,1200,unsat False,1.347673416137695,0.0,717.7648148536682,730.5319483280182,0.0,n01644373_tree_frog,fix_nonmask,0,50176,0.0001,vgg16-7,False,0.9081088304519652,"[0, 0, 223, 223]",143121,7407,150528,95.07932079081633,random
19,onnx/vgg16-7.onnx,vnnlib/n01644900_tailed_frog_global_k50176_eps_0.0001.vnnlib,1200,timeout False,-12770.9287109375,3.0,3776.1301445961,3789.082372903824,0.0,n01644900_tailed_frog,global,-1,50176,0.0001,vgg16-7,True,,,150528,0,150528,100.0,random
25,onnx/vgg16-7.onnx,vnnlib/n01644900_tailed_frog_seg0_fixmask_k50176_eps_0.0001.vnnlib,1200,unsat False,0.4061192870140075,0.0,762.131688117981,774.8519730567932,0.0,n01644900_tailed_frog,fix_mask,0,50176,0.0001,vgg16-7,False,0.9068864583969116,"[0, 0, 223, 220]",75057,75471,150528,49.86248405612245,random
31,onnx/vgg16-7.onnx,vnnlib/n01644900_tailed_frog_seg0_fixnonmask_k50176_eps_0.0001.vnnlib,1200,unsat False,0.0976808667182922,0.0,800.8936340808868,813.6942131519318,0.0,n01644900_tailed_frog,fix_nonmask,0,50176,0.0001,vgg16-7,False,0.9068864583969116,"[0, 0, 223, 220]",75471,75057,150528,50.13751594387755,random
37,onnx/vgg16-7.onnx,vnnlib/n01665541_leatherback_turtle_global_k50176_eps_0.0001.vnnlib,1200,timeout False,-126.30887603759766,3.0,2881.2313499450684,2896.858212709427,0.0,n01665541_leatherback_turtle,global,-1,50176,0.0001,vgg16-7,True,,,150528,0,150528,100.0,random
43,onnx/vgg16-7.onnx,vnnlib/n01665541_leatherback_turtle_seg0_fixmask_k50176_eps_0.0001.vnnlib,1200,unsat False,0.4093457460403442,0.0,716.7797358036041,730.0880372524261,0.0,n01665541_leatherback_turtle,fix_mask,0,50176,0.0001,vgg16-7,False,0.8593950271606445,"[0, 0, 223, 223]",27897,122631,150528,18.532764668367346,random
49,onnx/vgg16-7.onnx,vnnlib/n01665541_leatherback_turtle_seg0_fixnonmask_k50176_eps_0.0001.vnnlib,1200,timeout False,-4.010026454925537,3.0,2643.35164475441,2656.8093757629395,0.0,n01665541_leatherback_turtle,fix_nonmask,0,50176,0.0001,vgg16-7,False,0.8593950271606445,"[0, 0, 223, 223]",122631,27897,150528,81.46723533163265,random
55,onnx/vgg16-7.onnx,vnnlib/n01667114_mud_turtle_global_k50176_eps_0.0001.vnnlib,1200,sat True,,,,5.396489381790161,0.0,n01667114_mud_turtle,global,-1,50176,0.0001,vgg16-7,True,,,150528,0,150528,100.0,random
61,onnx/vgg16-7.onnx,vnnlib/n01667114_mud_turtle_seg0_fixmask_k50176_eps_0.0001.vnnlib,1200,sat True,,,,5.463675498962402,0.0,n01667114_mud_turtle,fix_mask,0,50176,0.0001,vgg16-7,False,0.6734517812728882,"[0, 1, 223, 223]",77211,73317,150528,51.29344706632653,random
67,onnx/vgg16-7.onnx,vnnlib/n01667114_mud_turtle_seg0_fixnonmask_k50176_eps_0.0001.vnnlib,1200,sat True,,,,5.453732013702393,0.0,n01667114_mud_turtle,fix_nonmask,0,50176,0.0001,vgg16-7,False,0.6734517812728882,"[0, 1, 223, 223]",73317,77211,150528,48.70655293367347,random
73,onnx/vgg16-7.onnx,vnnlib/n01667778_terrapin_global_k50176_eps_0.0001.vnnlib,1200,timeout False,-103.2802734375,3.0,2873.9506311416626,2887.307508468628,0.0,n01667778_terrapin,global,-1,50176,0.0001,vgg16-7,True,,,150528,0,150528,100.0,random
79,onnx/vgg16-7.onnx,vnnlib/n01667778_terrapin_seg0_fixmask_k50176_eps_0.0001.vnnlib,1200,unsat False,1.1770235300064087,0.0,745.7510397434235,759.1939008235931,0.0,n01667778_terrapin,fix_mask,0,50176,0.0001,vgg16-7,False,0.879705548286438,"[0, 0, 218, 223]",48669,101859,150528,32.33219068877551,random
85,onnx/vgg16-7.onnx,vnnlib/n01667778_terrapin_seg0_fixnonmask_k50176_eps_0.0001.vnnlib,1200,unsat False,0.1811274886131286,0.0,838.0197305679321,851.2986719608307,0.0,n01667778_terrapin,fix_nonmask,0,50176,0.0001,vgg16-7,False,0.879705548286438,"[0, 0, 218, 223]",101859,48669,150528,67.66780931122449,random
91,onnx/vgg16-7.onnx,vnnlib/n01669191_box_turtle_global_k50176_eps_0.0001.vnnlib,1200,sat True,,,,5.5833399295806885,0.0,n01669191_box_turtle,global,-1,50176,0.0001,vgg16-7,True,,,150528,0,150528,100.0,random
97,onnx/vgg16-7.onnx,vnnlib/n01669191_box_turtle_seg0_fixmask_k50176_eps_0.0001.vnnlib,1200,sat False,-inf,,1.6320717334747314,6.9289491176605225,0.0,n01669191_box_turtle,fix_mask,0,50176,0.0001,vgg16-7,False,0.7978336215019226,"[0, 0, 223, 223]",5364,145164,150528,3.563456632653061,random
103,onnx/vgg16-7.onnx,vnnlib/n01669191_box_turtle_seg0_fixnonmask_k50176_eps_0.0001.vnnlib,1200,sat True,,,,5.6693274974823,0.0,n01669191_box_turtle,fix_nonmask,0,50176,0.0001,vgg16-7,False,0.7978336215019226,"[0, 0, 223, 223]",145164,5364,150528,96.43654336734694,random
109,onnx/vgg16-7.onnx,vnnlib/n01675722_banded_gecko_global_k50176_eps_0.0001.vnnlib,1200,timeout False,-2420.204833984375,3.0,3835.000403404236,3848.2561094760895,0.0,n01675722_banded_gecko,global,-1,50176,0.0001,vgg16-7,True,,,150528,0,150528,100.0,random
121,onnx/vgg16-7.onnx,vnnlib/n01675722_banded_gecko_seg0_fixnonmask_k50176_eps_0.0001.vnnlib,1200,timeout False,-504.8829650878906,3.0,3429.942162513733,3443.32159614563,0.0,n01675722_banded_gecko,fix_nonmask,0,50176,0.0001,vgg16-7,False,0.876944363117218,"[0, 0, 223, 222]",137460,13068,150528,91.31855867346938,random
127,onnx/vgg16-7.onnx,vnnlib/n01677366_common_iguana_global_k50176_eps_0.0001.vnnlib,1200,timeout False,-7.857049465179443,3.0,2612.2936642169952,2625.4523346424103,0.0,n01677366_common_iguana,global,-1,50176,0.0001,vgg16-7,True,,,150528,0,150528,100.0,random
115,onnx/vgg16-7.onnx,vnnlib/n01675722_banded_gecko_seg0_fixmask_k50176_eps_0.0001.vnnlib,1200,unsat False,0.7494299411773682,0.0,655.2802469730377,669.1990807056427,0.0,n01675722_banded_gecko,fix_mask,0,50176,0.0001,vgg16-7,False,0.876944363117218,"[0, 0, 223, 222]",13068,137460,150528,8.681441326530612,random
133,onnx/vgg16-7.onnx,vnnlib/n01677366_common_iguana_seg0_fixmask_k50176_eps_0.0001.vnnlib,1200,unsat False,0.6558369398117065,0.0,642.957905292511,655.823949098587,0.0,n01677366_common_iguana,fix_mask,0,50176,0.0001,vgg16-7,False,0.88455730676651,"[0, 0, 223, 223]",17712,132816,150528,11.76658163265306,random
139,onnx/vgg16-7.onnx,vnnlib/n01677366_common_iguana_seg0_fixnonmask_k50176_eps_0.0001.vnnlib,1200,timeout False,-0.1724311113357544,3.0,2342.8665347099304,2355.822840452194,0.0,n01677366_common_iguana,fix_nonmask,0,50176,0.0001,vgg16-7,False,0.88455730676651,"[0, 0, 223, 223]",132816,17712,150528,88.23341836734694,random
145,onnx/vgg16-7.onnx,vnnlib/n01682714_American_chameleon_global_k50176_eps_0.0001.vnnlib,1200,timeout False,-9677.7451171875,3.0,3492.861339092254,3505.862937450409,0.0,n01682714_American_chameleon,global,-1,50176,0.0001,vgg16-7,True,,,150528,0,150528,100.0,random
151,onnx/vgg16-7.onnx,vnnlib/n01682714_American_chameleon_seg0_fixmask_k50176_eps_0.0001.vnnlib,1200,unsat False,0.1486429870128631,0.0,663.1446545124054,676.2320718765259,0.0,n01682714_American_chameleon,fix_mask,0,50176,0.0001,vgg16-7,False,0.9108943939208984,"[0, 0, 223, 223]",11517,139011,150528,7.651068239795919,random
157,onnx/vgg16-7.onnx,vnnlib/n01682714_American_chameleon_seg0_fixnonmask_k50176_eps_0.0001.vnnlib,1200,timeout False,-5175.47802734375,3.0,3609.748064994812,3621.485022068024,0.0,n01682714_American_chameleon,fix_nonmask,0,50176,0.0001,vgg16-7,False,0.9108943939208984,"[0, 0, 223, 223]",139011,11517,150528,92.34893176020408,random
4,onnx/vgg16-7.onnx,vnnlib/n01644373_tree_frog_global_k6272_eps_0.0001.vnnlib,1200,unsat False,1.5574023723602295,0.0,620.3307776451111,633.3360059261322,0.0,n01644373_tree_frog,global,-1,6272,0.0001,vgg16-7,True,,,18816,131712,150528,12.5,random
10,onnx/vgg16-7.onnx,vnnlib/n01644373_tree_frog_seg0_fixmask_k6272_eps_0.0001.vnnlib,1200,unsat False,1.5611872673034668,0.0,544.4632642269135,549.72105717659,0.0,n01644373_tree_frog,fix_mask,0,6272,0.0001,vgg16-7,False,0.9081088304519652,"[0, 0, 223, 223]",7407,143121,150528,4.920679209183674,random
16,onnx/vgg16-7.onnx,vnnlib/n01644373_tree_frog_seg0_fixnonmask_k6272_eps_0.0001.vnnlib,1200,unsat False,1.5576924085617063,0.0,615.324709892273,628.1620371341705,0.0,n01644373_tree_frog,fix_nonmask,0,6272,0.0001,vgg16-7,False,0.9081088304519652,"[0, 0, 223, 223]",18816,131712,150528,12.5,random
22,onnx/vgg16-7.onnx,vnnlib/n01644900_tailed_frog_global_k6272_eps_0.0001.vnnlib,1200,unsat False,0.5690677165985107,0.0,663.1424951553345,675.9226796627045,0.0,n01644900_tailed_frog,global,-1,6272,0.0001,vgg16-7,True,,,18816,131712,150528,12.5,random
28,onnx/vgg16-7.onnx,vnnlib/n01644900_tailed_frog_seg0_fixmask_k6272_eps_0.0001.vnnlib,1200,unsat False,0.5759755969047546,0.0,655.0060648918152,660.3949949741364,0.0,n01644900_tailed_frog,fix_mask,0,6272,0.0001,vgg16-7,False,0.9068864583969116,"[0, 0, 223, 220]",18816,131712,150528,12.5,random
34,onnx/vgg16-7.onnx,vnnlib/n01644900_tailed_frog_seg0_fixnonmask_k6272_eps_0.0001.vnnlib,1200,unsat False,0.5747697949409485,0.0,670.484302520752,675.8980576992035,0.0,n01644900_tailed_frog,fix_nonmask,0,6272,0.0001,vgg16-7,False,0.9068864583969116,"[0, 0, 223, 220]",18816,131712,150528,12.5,random
40,onnx/vgg16-7.onnx,vnnlib/n01665541_leatherback_turtle_global_k6272_eps_0.0001.vnnlib,1200,unsat False,0.4175202846527099,0.0,718.0462183952332,731.2468423843384,0.0,n01665541_leatherback_turtle,global,-1,6272,0.0001,vgg16-7,True,,,18816,131712,150528,12.5,random
46,onnx/vgg16-7.onnx,vnnlib/n01665541_leatherback_turtle_seg0_fixmask_k6272_eps_0.0001.vnnlib,1200,unsat False,0.4228089153766632,0.0,632.5093033313751,637.7642815113068,0.0,n01665541_leatherback_turtle,fix_mask,0,6272,0.0001,vgg16-7,False,0.8593950271606445,"[0, 0, 223, 223]",18816,131712,150528,12.5,random
52,onnx/vgg16-7.onnx,vnnlib/n01665541_leatherback_turtle_seg0_fixnonmask_k6272_eps_0.0001.vnnlib,1200,unsat False,0.4193034768104553,0.0,699.6599736213684,713.1837735176086,0.0,n01665541_leatherback_turtle,fix_nonmask,0,6272,0.0001,vgg16-7,False,0.8593950271606445,"[0, 0, 223, 223]",18816,131712,150528,12.5,random
58,onnx/vgg16-7.onnx,vnnlib/n01667114_mud_turtle_global_k6272_eps_0.0001.vnnlib,1200,sat True,,,,5.423645496368408,0.0,n01667114_mud_turtle,global,-1,6272,0.0001,vgg16-7,True,,,18816,131712,150528,12.5,random
64,onnx/vgg16-7.onnx,vnnlib/n01667114_mud_turtle_seg0_fixmask_k6272_eps_0.0001.vnnlib,1200,sat False,-inf,,0.9657588005065918,6.1319191455841064,0.0,n01667114_mud_turtle,fix_mask,0,6272,0.0001,vgg16-7,False,0.6734517812728882,"[0, 1, 223, 223]",18816,131712,150528,12.5,random
70,onnx/vgg16-7.onnx,vnnlib/n01667114_mud_turtle_seg0_fixnonmask_k6272_eps_0.0001.vnnlib,1200,sat False,-inf,,1.694308519363403,6.799668073654175,0.0,n01667114_mud_turtle,fix_nonmask,0,6272,0.0001,vgg16-7,False,0.6734517812728882,"[0, 1, 223, 223]",18816,131712,150528,12.5,random
76,onnx/vgg16-7.onnx,vnnlib/n01667778_terrapin_global_k6272_eps_0.0001.vnnlib,1200,unsat False,1.185190200805664,0.0,703.6476736068726,717.1231324672699,0.0,n01667778_terrapin,global,-1,6272,0.0001,vgg16-7,True,,,18816,131712,150528,12.5,random
82,onnx/vgg16-7.onnx,vnnlib/n01667778_terrapin_seg0_fixmask_k6272_eps_0.0001.vnnlib,1200,unsat False,1.1878949403762815,0.0,651.3507351875305,656.557386636734,0.0,n01667778_terrapin,fix_mask,0,6272,0.0001,vgg16-7,False,0.879705548286438,"[0, 0, 218, 223]",18816,131712,150528,12.5,random
88,onnx/vgg16-7.onnx,vnnlib/n01667778_terrapin_seg0_fixnonmask_k6272_eps_0.0001.vnnlib,1200,unsat False,1.1863274574279783,0.0,706.0644640922546,719.2970702648163,0.0,n01667778_terrapin,fix_nonmask,0,6272,0.0001,vgg16-7,False,0.879705548286438,"[0, 0, 218, 223]",18816,131712,150528,12.5,random
94,onnx/vgg16-7.onnx,vnnlib/n01669191_box_turtle_global_k6272_eps_0.0001.vnnlib,1200,sat True,,,,5.4073264598846436,0.0,n01669191_box_turtle,global,-1,6272,0.0001,vgg16-7,True,,,18816,131712,150528,12.5,random
100,onnx/vgg16-7.onnx,vnnlib/n01669191_box_turtle_seg0_fixmask_k6272_eps_0.0001.vnnlib,1200,sat False,-inf,,1.0706901550292969,6.420351028442383,0.0,n01669191_box_turtle,fix_mask,0,6272,0.0001,vgg16-7,False,0.7978336215019226,"[0, 0, 223, 223]",5364,145164,150528,3.563456632653061,random
106,onnx/vgg16-7.onnx,vnnlib/n01669191_box_turtle_seg0_fixnonmask_k6272_eps_0.0001.vnnlib,1200,sat True,,,,5.544771909713745,0.0,n01669191_box_turtle,fix_nonmask,0,6272,0.0001,vgg16-7,False,0.7978336215019226,"[0, 0, 223, 223]",18816,131712,150528,12.5,random
118,onnx/vgg16-7.onnx,vnnlib/n01675722_banded_gecko_seg0_fixmask_k6272_eps_0.0001.vnnlib,1200,unsat False,0.7575817108154297,0.0,623.3698987960815,628.5970091819763,0.0,n01675722_banded_gecko,fix_mask,0,6272,0.0001,vgg16-7,False,0.876944363117218,"[0, 0, 223, 222]",13068,137460,150528,8.681441326530612,random
124,onnx/vgg16-7.onnx,vnnlib/n01675722_banded_gecko_seg0_fixnonmask_k6272_eps_0.0001.vnnlib,1200,unsat False,0.7492954730987549,0.0,709.0025560855865,722.0020377635956,0.0,n01675722_banded_gecko,fix_nonmask,0,6272,0.0001,vgg16-7,False,0.876944363117218,"[0, 0, 223, 222]",18816,131712,150528,12.5,random
130,onnx/vgg16-7.onnx,vnnlib/n01677366_common_iguana_global_k6272_eps_0.0001.vnnlib,1200,unsat False,0.6562340259552002,0.0,695.5105421543121,708.7101263999939,0.0,n01677366_common_iguana,global,-1,6272,0.0001,vgg16-7,True,,,18816,131712,150528,12.5,random
112,onnx/vgg16-7.onnx,vnnlib/n01675722_banded_gecko_global_k6272_eps_0.0001.vnnlib,1200,unsat False,0.7480533123016357,0.0,678.1507947444916,692.2021670341492,0.0,n01675722_banded_gecko,global,-1,6272,0.0001,vgg16-7,True,,,18816,131712,150528,12.5,random
136,onnx/vgg16-7.onnx,vnnlib/n01677366_common_iguana_seg0_fixmask_k6272_eps_0.0001.vnnlib,1200,unsat False,0.6601528525352478,0.0,577.6654963493347,583.0688562393188,0.0,n01677366_common_iguana,fix_mask,0,6272,0.0001,vgg16-7,False,0.88455730676651,"[0, 0, 223, 223]",17712,132816,150528,11.76658163265306,random
142,onnx/vgg16-7.onnx,vnnlib/n01677366_common_iguana_seg0_fixnonmask_k6272_eps_0.0001.vnnlib,1200,unsat False,0.6569013595581055,0.0,650.0182571411133,663.4589483737946,0.0,n01677366_common_iguana,fix_nonmask,0,6272,0.0001,vgg16-7,False,0.88455730676651,"[0, 0, 223, 223]",18816,131712,150528,12.5,random
148,onnx/vgg16-7.onnx,vnnlib/n01682714_American_chameleon_global_k6272_eps_0.0001.vnnlib,1200,unsat False,0.1450885683298111,0.0,669.8310980796814,682.8686091899872,0.0,n01682714_American_chameleon,global,-1,6272,0.0001,vgg16-7,True,,,18816,131712,150528,12.5,random
154,onnx/vgg16-7.onnx,vnnlib/n01682714_American_chameleon_seg0_fixmask_k6272_eps_0.0001.vnnlib,1200,unsat False,0.1514953672885894,0.0,610.5982615947723,616.0446238517761,0.0,n01682714_American_chameleon,fix_mask,0,6272,0.0001,vgg16-7,False,0.9108943939208984,"[0, 0, 223, 223]",11517,139011,150528,7.651068239795919,random
160,onnx/vgg16-7.onnx,vnnlib/n01682714_American_chameleon_seg0_fixnonmask_k6272_eps_0.0001.vnnlib,1200,unsat False,0.1456734240055084,0.0,671.788893699646,684.5719621181488,0.0,n01682714_American_chameleon,fix_nonmask,0,6272,0.0001,vgg16-7,False,0.9108943939208984,"[0, 0, 223, 223]",18816,131712,150528,12.5,random
4,onnx/vgg16-7.onnx,vnnlib/n01685808_whiptail_global_k6272_eps_0.0001.vnnlib,1200,sat True,,,,6.017280578613281,0.0,n01685808_whiptail,global,-1,6272,0.0001,vgg16-7,True,,,18816,131712,150528,12.5,random
10,onnx/vgg16-7.onnx,vnnlib/n01685808_whiptail_seg0_fixmask_k6272_eps_0.0001.vnnlib,1200,sat True,,,,5.610432863235474,0.0,n01685808_whiptail,fix_mask,0,6272,0.0001,vgg16-7,False,0.5920042991638184,"[0, 0, 223, 223]",18816,131712,150528,12.5,random
16,onnx/vgg16-7.onnx,vnnlib/n01685808_whiptail_seg0_fixnonmask_k6272_eps_0.0001.vnnlib,1200,sat False,-inf,,1.2578930854797363,6.60340428352356,0.0,n01685808_whiptail,fix_nonmask,0,6272,0.0001,vgg16-7,False,0.5920042991638184,"[0, 0, 223, 223]",18816,131712,150528,12.5,random
22,onnx/vgg16-7.onnx,vnnlib/n01687978_agama_global_k6272_eps_0.0001.vnnlib,1200,sat True,,,,5.5843188762664795,0.0,n01687978_agama,global,-1,6272,0.0001,vgg16-7,True,,,18816,131712,150528,12.5,random
28,onnx/vgg16-7.onnx,vnnlib/n01687978_agama_seg0_fixmask_k6272_eps_0.0001.vnnlib,1200,sat False,-inf,,1.4436907768249512,6.715739965438843,0.0,n01687978_agama,fix_mask,0,6272,0.0001,vgg16-7,False,0.9029334783554076,"[0, 0, 223, 223]",7917,142611,150528,5.259486607142857,random
34,onnx/vgg16-7.onnx,vnnlib/n01687978_agama_seg0_fixnonmask_k6272_eps_0.0001.vnnlib,1200,sat True,,,,5.423870325088501,0.0,n01687978_agama,fix_nonmask,0,6272,0.0001,vgg16-7,False,0.9029334783554076,"[0, 0, 223, 223]",18816,131712,150528,12.5,random
40,onnx/vgg16-7.onnx,vnnlib/n01688243_frilled_lizard_global_k6272_eps_0.0001.vnnlib,1200,sat True,,,,5.561258554458618,0.0,n01688243_frilled_lizard,global,-1,6272,0.0001,vgg16-7,True,,,18816,131712,150528,12.5,random
46,onnx/vgg16-7.onnx,vnnlib/n01688243_frilled_lizard_seg0_fixmask_k6272_eps_0.0001.vnnlib,1200,sat False,-inf,,0.947418212890625,6.11833643913269,0.0,n01688243_frilled_lizard,fix_mask,0,6272,0.0001,vgg16-7,False,0.897576093673706,"[0, 0, 223, 223]",18816,131712,150528,12.5,random
52,onnx/vgg16-7.onnx,vnnlib/n01688243_frilled_lizard_seg0_fixnonmask_k6272_eps_0.0001.vnnlib,1200,sat True,,,,5.5738983154296875,0.0,n01688243_frilled_lizard,fix_nonmask,0,6272,0.0001,vgg16-7,False,0.897576093673706,"[0, 0, 223, 223]",18816,131712,150528,12.5,random
58,onnx/vgg16-7.onnx,vnnlib/n01692333_Gila_monster_global_k6272_eps_0.0001.vnnlib,1200,sat True,,,,5.639342546463013,0.0,n01692333_Gila_monster,global,-1,6272,0.0001,vgg16-7,True,,,18816,131712,150528,12.5,random
64,onnx/vgg16-7.onnx,vnnlib/n01692333_Gila_monster_seg0_fixmask_k6272_eps_0.0001.vnnlib,1200,sat False,-inf,,2.7628817558288574,8.073562860488892,0.0,n01692333_Gila_monster,fix_mask,0,6272,0.0001,vgg16-7,False,0.8040295243263245,"[0, 0, 223, 222]",18816,131712,150528,12.5,random
70,onnx/vgg16-7.onnx,vnnlib/n01692333_Gila_monster_seg0_fixnonmask_k6272_eps_0.0001.vnnlib,1200,sat True,,,,5.605818271636963,0.0,n01692333_Gila_monster,fix_nonmask,0,6272,0.0001,vgg16-7,False,0.8040295243263245,"[0, 0, 223, 222]",18816,131712,150528,12.5,random
76,onnx/vgg16-7.onnx,vnnlib/n01694178_African_chameleon_global_k6272_eps_0.0001.vnnlib,1200,unsat False,1.0348358154296875,0.0,680.8101139068604,694.4715692996979,0.0,n01694178_African_chameleon,global,-1,6272,0.0001,vgg16-7,True,,,18816,131712,150528,12.5,random
82,onnx/vgg16-7.onnx,vnnlib/n01694178_African_chameleon_seg0_fixmask_k6272_eps_0.0001.vnnlib,1200,unsat False,1.0405268669128418,0.0,609.2666471004486,614.5102050304413,0.0,n01694178_African_chameleon,fix_mask,0,6272,0.0001,vgg16-7,False,0.930943727493286,"[0, 0, 223, 223]",6762,143766,150528,4.4921875,random
88,onnx/vgg16-7.onnx,vnnlib/n01694178_African_chameleon_seg0_fixnonmask_k6272_eps_0.0001.vnnlib,1200,unsat False,1.0351487398147583,0.0,677.8703770637512,691.1052763462067,0.0,n01694178_African_chameleon,fix_nonmask,0,6272,0.0001,vgg16-7,False,0.930943727493286,"[0, 0, 223, 223]",18816,131712,150528,12.5,random
94,onnx/vgg16-7.onnx,vnnlib/n01695060_Komodo_dragon_global_k6272_eps_0.0001.vnnlib,1200,sat True,,,,5.576192140579224,0.0,n01695060_Komodo_dragon,global,-1,6272,0.0001,vgg16-7,True,,,18816,131712,150528,12.5,random
100,onnx/vgg16-7.onnx,vnnlib/n01695060_Komodo_dragon_seg0_fixmask_k6272_eps_0.0001.vnnlib,1200,sat False,-inf,,2.2751870155334473,7.571003437042236,0.0,n01695060_Komodo_dragon,fix_mask,0,6272,0.0001,vgg16-7,False,0.7323204278945923,"[0, 0, 223, 223]",18816,131712,150528,12.5,random
106,onnx/vgg16-7.onnx,vnnlib/n01695060_Komodo_dragon_seg0_fixnonmask_k6272_eps_0.0001.vnnlib,1200,sat True,,,,5.639695644378662,0.0,n01695060_Komodo_dragon,fix_nonmask,0,6272,0.0001,vgg16-7,False,0.7323204278945923,"[0, 0, 223, 223]",18816,131712,150528,12.5,random
112,onnx/vgg16-7.onnx,vnnlib/n01697457_African_crocodile_global_k6272_eps_0.0001.vnnlib,1200,sat True,,,,5.336579084396362,0.0,n01697457_African_crocodile,global,-1,6272,0.0001,vgg16-7,True,,,18816,131712,150528,12.5,random
118,onnx/vgg16-7.onnx,vnnlib/n01697457_African_crocodile_seg0_fixmask_k6272_eps_0.0001.vnnlib,1200,sat False,-inf,,1.740922212600708,6.77663779258728,0.0,n01697457_African_crocodile,fix_mask,0,6272,0.0001,vgg16-7,False,0.7119722366333008,"[0, 0, 223, 222]",18816,131712,150528,12.5,random
124,onnx/vgg16-7.onnx,vnnlib/n01697457_African_crocodile_seg0_fixnonmask_k6272_eps_0.0001.vnnlib,1200,sat True,,,,5.592400550842285,0.0,n01697457_African_crocodile,fix_nonmask,0,6272,0.0001,vgg16-7,False,0.7119722366333008,"[0, 0, 223, 222]",18816,131712,150528,12.5,random
1,onnx/vgg16-7.onnx,vnnlib/n01685808_whiptail_global_k50176_eps_0.0001.vnnlib,1200,sat True,,,,35.175864458084106,0.0,n01685808_whiptail,global,-1,50176,0.0001,vgg16-7,True,,,150528,0,150528,100.0,random
7,onnx/vgg16-7.onnx,vnnlib/n01685808_whiptail_seg0_fixmask_k50176_eps_0.0001.vnnlib,1200,sat True,,,,5.684858083724976,0.0,n01685808_whiptail,fix_mask,0,50176,0.0001,vgg16-7,False,0.5920042991638184,"[0, 0, 223, 223]",91572,58956,150528,60.833864795918366,random
13,onnx/vgg16-7.onnx,vnnlib/n01685808_whiptail_seg0_fixnonmask_k50176_eps_0.0001.vnnlib,1200,sat True,,,,5.559823989868164,0.0,n01685808_whiptail,fix_nonmask,0,50176,0.0001,vgg16-7,False,0.5920042991638184,"[0, 0, 223, 223]",58956,91572,150528,39.166135204081634,random
19,onnx/vgg16-7.onnx,vnnlib/n01687978_agama_global_k50176_eps_0.0001.vnnlib,1200,sat True,,,,5.546831130981445,0.0,n01687978_agama,global,-1,50176,0.0001,vgg16-7,True,,,150528,0,150528,100.0,random
25,onnx/vgg16-7.onnx,vnnlib/n01687978_agama_seg0_fixmask_k50176_eps_0.0001.vnnlib,1200,sat False,-inf,,3.0976035594940186,8.339577674865723,0.0,n01687978_agama,fix_mask,0,50176,0.0001,vgg16-7,False,0.9029334783554076,"[0, 0, 223, 223]",7917,142611,150528,5.259486607142857,random
31,onnx/vgg16-7.onnx,vnnlib/n01687978_agama_seg0_fixnonmask_k50176_eps_0.0001.vnnlib,1200,sat True,,,,5.600508689880371,0.0,n01687978_agama,fix_nonmask,0,50176,0.0001,vgg16-7,False,0.9029334783554076,"[0, 0, 223, 223]",142611,7917,150528,94.74051339285714,random
37,onnx/vgg16-7.onnx,vnnlib/n01688243_frilled_lizard_global_k50176_eps_0.0001.vnnlib,1200,sat True,,,,5.604595899581909,0.0,n01688243_frilled_lizard,global,-1,50176,0.0001,vgg16-7,True,,,150528,0,150528,100.0,random
43,onnx/vgg16-7.onnx,vnnlib/n01688243_frilled_lizard_seg0_fixmask_k50176_eps_0.0001.vnnlib,1200,sat True,,,,5.601608037948608,0.0,n01688243_frilled_lizard,fix_mask,0,50176,0.0001,vgg16-7,False,0.897576093673706,"[0, 0, 223, 223]",35361,115167,150528,23.491310586734695,random
49,onnx/vgg16-7.onnx,vnnlib/n01688243_frilled_lizard_seg0_fixnonmask_k50176_eps_0.0001.vnnlib,1200,sat True,,,,5.6062541007995605,0.0,n01688243_frilled_lizard,fix_nonmask,0,50176,0.0001,vgg16-7,False,0.897576093673706,"[0, 0, 223, 223]",115167,35361,150528,76.5086894132653,random
55,onnx/vgg16-7.onnx,vnnlib/n01692333_Gila_monster_global_k50176_eps_0.0001.vnnlib,1200,sat True,,,,5.591688632965088,0.0,n01692333_Gila_monster,global,-1,50176,0.0001,vgg16-7,True,,,150528,0,150528,100.0,random
61,onnx/vgg16-7.onnx,vnnlib/n01692333_Gila_monster_seg0_fixmask_k50176_eps_0.0001.vnnlib,1200,sat True,,,,5.634104490280151,0.0,n01692333_Gila_monster,fix_mask,0,50176,0.0001,vgg16-7,False,0.8040295243263245,"[0, 0, 223, 222]",38013,112515,150528,25.253109056122447,random
67,onnx/vgg16-7.onnx,vnnlib/n01692333_Gila_monster_seg0_fixnonmask_k50176_eps_0.0001.vnnlib,1200,sat True,,,,5.421239137649536,0.0,n01692333_Gila_monster,fix_nonmask,0,50176,0.0001,vgg16-7,False,0.8040295243263245,"[0, 0, 223, 222]",112515,38013,150528,74.74689094387755,random
73,onnx/vgg16-7.onnx,vnnlib/n01694178_African_chameleon_global_k50176_eps_0.0001.vnnlib,1200,timeout False,-2.2295188903808594,3.0,2554.094892024994,2567.3180935382843,0.0,n01694178_African_chameleon,global,-1,50176,0.0001,vgg16-7,True,,,150528,0,150528,100.0,random
79,onnx/vgg16-7.onnx,vnnlib/n01694178_African_chameleon_seg0_fixmask_k50176_eps_0.0001.vnnlib,1200,unsat False,1.03877854347229,0.0,649.4820423126221,654.7668514251709,0.0,n01694178_African_chameleon,fix_mask,0,50176,0.0001,vgg16-7,False,0.930943727493286,"[0, 0, 223, 223]",6762,143766,150528,4.4921875,random
85,onnx/vgg16-7.onnx,vnnlib/n01694178_African_chameleon_seg0_fixnonmask_k50176_eps_0.0001.vnnlib,1200,timeout False,-1.2202134132385254,3.0,2573.51153421402,2586.6796066761017,0.0,n01694178_African_chameleon,fix_nonmask,0,50176,0.0001,vgg16-7,False,0.930943727493286,"[0, 0, 223, 223]",143766,6762,150528,95.5078125,random
91,onnx/vgg16-7.onnx,vnnlib/n01695060_Komodo_dragon_global_k50176_eps_0.0001.vnnlib,1200,sat True,,,,5.544746160507202,0.0,n01695060_Komodo_dragon,global,-1,50176,0.0001,vgg16-7,True,,,150528,0,150528,100.0,random
97,onnx/vgg16-7.onnx,vnnlib/n01695060_Komodo_dragon_seg0_fixmask_k50176_eps_0.0001.vnnlib,1200,sat True,,,,5.625733852386475,0.0,n01695060_Komodo_dragon,fix_mask,0,50176,0.0001,vgg16-7,False,0.7323204278945923,"[0, 0, 223, 223]",48882,101646,150528,32.47369260204081,random
103,onnx/vgg16-7.onnx,vnnlib/n01695060_Komodo_dragon_seg0_fixnonmask_k50176_eps_0.0001.vnnlib,1200,sat True,,,,5.641792297363281,0.0,n01695060_Komodo_dragon,fix_nonmask,0,50176,0.0001,vgg16-7,False,0.7323204278945923,"[0, 0, 223, 223]",101646,48882,150528,67.52630739795919,random
109,onnx/vgg16-7.onnx,vnnlib/n01697457_African_crocodile_global_k50176_eps_0.0001.vnnlib,1200,sat True,,,,5.607071399688721,0.0,n01697457_African_crocodile,global,-1,50176,0.0001,vgg16-7,True,,,150528,0,150528,100.0,random
115,onnx/vgg16-7.onnx,vnnlib/n01697457_African_crocodile_seg0_fixmask_k50176_eps_0.0001.vnnlib,1200,sat True,,,,5.585139751434326,0.0,n01697457_African_crocodile,fix_mask,0,50176,0.0001,vgg16-7,False,0.7119722366333008,"[0, 0, 223, 222]",56268,94260,150528,37.38042091836735,random
121,onnx/vgg16-7.onnx,vnnlib/n01697457_African_crocodile_seg0_fixnonmask_k50176_eps_0.0001.vnnlib,1200,sat True,,,,5.6230316162109375,0.0,n01697457_African_crocodile,fix_nonmask,0,50176,0.0001,vgg16-7,False,0.7119722366333008,"[0, 0, 223, 222]",94260,56268,150528,62.61957908163265,random
3,onnx/vgg16-7.onnx,vnnlib/n01685808_whiptail_global_k12544_eps_0.0001.vnnlib,1200,sat True,,,,5.919053316116333,0.0,n01685808_whiptail,global,-1,12544,0.0001,vgg16-7,True,,,37632,112896,150528,25.0,random
9,onnx/vgg16-7.onnx,vnnlib/n01685808_whiptail_seg0_fixmask_k12544_eps_0.0001.vnnlib,1200,sat True,,,,5.350060224533081,0.0,n01685808_whiptail,fix_mask,0,12544,0.0001,vgg16-7,False,0.5920042991638184,"[0, 0, 223, 223]",37632,112896,150528,25.0,random
15,onnx/vgg16-7.onnx,vnnlib/n01685808_whiptail_seg0_fixnonmask_k12544_eps_0.0001.vnnlib,1200,sat True,,,,5.615752696990967,0.0,n01685808_whiptail,fix_nonmask,0,12544,0.0001,vgg16-7,False,0.5920042991638184,"[0, 0, 223, 223]",37632,112896,150528,25.0,random
21,onnx/vgg16-7.onnx,vnnlib/n01687978_agama_global_k12544_eps_0.0001.vnnlib,1200,sat True,,,,5.627322673797607,0.0,n01687978_agama,global,-1,12544,0.0001,vgg16-7,True,,,37632,112896,150528,25.0,random
27,onnx/vgg16-7.onnx,vnnlib/n01687978_agama_seg0_fixmask_k12544_eps_0.0001.vnnlib,1200,sat False,-inf,,3.4416699409484863,8.681750535964966,0.0,n01687978_agama,fix_mask,0,12544,0.0001,vgg16-7,False,0.9029334783554076,"[0, 0, 223, 223]",7917,142611,150528,5.259486607142857,random
33,onnx/vgg16-7.onnx,vnnlib/n01687978_agama_seg0_fixnonmask_k12544_eps_0.0001.vnnlib,1200,sat True,,,,5.628471851348877,0.0,n01687978_agama,fix_nonmask,0,12544,0.0001,vgg16-7,False,0.9029334783554076,"[0, 0, 223, 223]",37632,112896,150528,25.0,random
39,onnx/vgg16-7.onnx,vnnlib/n01688243_frilled_lizard_global_k12544_eps_0.0001.vnnlib,1200,sat True,,,,5.8454062938690186,0.0,n01688243_frilled_lizard,global,-1,12544,0.0001,vgg16-7,True,,,37632,112896,150528,25.0,random
45,onnx/vgg16-7.onnx,vnnlib/n01688243_frilled_lizard_seg0_fixmask_k12544_eps_0.0001.vnnlib,1200,sat False,-inf,,0.9565763473510742,6.268848896026611,0.0,n01688243_frilled_lizard,fix_mask,0,12544,0.0001,vgg16-7,False,0.897576093673706,"[0, 0, 223, 223]",35361,115167,150528,23.491310586734695,random
51,onnx/vgg16-7.onnx,vnnlib/n01688243_frilled_lizard_seg0_fixnonmask_k12544_eps_0.0001.vnnlib,1200,sat True,,,,5.599654912948608,0.0,n01688243_frilled_lizard,fix_nonmask,0,12544,0.0001,vgg16-7,False,0.897576093673706,"[0, 0, 223, 223]",37632,112896,150528,25.0,random
57,onnx/vgg16-7.onnx,vnnlib/n01692333_Gila_monster_global_k12544_eps_0.0001.vnnlib,1200,sat True,,,,5.3744964599609375,0.0,n01692333_Gila_monster,global,-1,12544,0.0001,vgg16-7,True,,,37632,112896,150528,25.0,random
63,onnx/vgg16-7.onnx,vnnlib/n01692333_Gila_monster_seg0_fixmask_k12544_eps_0.0001.vnnlib,1200,sat False,-inf,,1.7556500434875488,7.03823709487915,0.0,n01692333_Gila_monster,fix_mask,0,12544,0.0001,vgg16-7,False,0.8040295243263245,"[0, 0, 223, 222]",37632,112896,150528,25.0,random
69,onnx/vgg16-7.onnx,vnnlib/n01692333_Gila_monster_seg0_fixnonmask_k12544_eps_0.0001.vnnlib,1200,sat True,,,,5.597438097000122,0.0,n01692333_Gila_monster,fix_nonmask,0,12544,0.0001,vgg16-7,False,0.8040295243263245,"[0, 0, 223, 222]",37632,112896,150528,25.0,random
75,onnx/vgg16-7.onnx,vnnlib/n01694178_African_chameleon_global_k12544_eps_0.0001.vnnlib,1200,unsat False,1.0257519483566284,0.0,692.0992493629456,705.3650012016296,0.0,n01694178_African_chameleon,global,-1,12544,0.0001,vgg16-7,True,,,37632,112896,150528,25.0,random
81,onnx/vgg16-7.onnx,vnnlib/n01694178_African_chameleon_seg0_fixmask_k12544_eps_0.0001.vnnlib,1200,unsat False,1.0403046607971191,0.0,601.1951878070831,606.5016639232635,0.0,n01694178_African_chameleon,fix_mask,0,12544,0.0001,vgg16-7,False,0.930943727493286,"[0, 0, 223, 223]",6762,143766,150528,4.4921875,random
87,onnx/vgg16-7.onnx,vnnlib/n01694178_African_chameleon_seg0_fixnonmask_k12544_eps_0.0001.vnnlib,1200,unsat False,1.0266848802566528,0.0,696.7833020687103,709.9225881099701,0.0,n01694178_African_chameleon,fix_nonmask,0,12544,0.0001,vgg16-7,False,0.930943727493286,"[0, 0, 223, 223]",37632,112896,150528,25.0,random
93,onnx/vgg16-7.onnx,vnnlib/n01695060_Komodo_dragon_global_k12544_eps_0.0001.vnnlib,1200,sat True,,,,5.562448740005493,0.0,n01695060_Komodo_dragon,global,-1,12544,0.0001,vgg16-7,True,,,37632,112896,150528,25.0,random
99,onnx/vgg16-7.onnx,vnnlib/n01695060_Komodo_dragon_seg0_fixmask_k12544_eps_0.0001.vnnlib,1200,sat True,,,,5.587707757949829,0.0,n01695060_Komodo_dragon,fix_mask,0,12544,0.0001,vgg16-7,False,0.7323204278945923,"[0, 0, 223, 223]",37632,112896,150528,25.0,random
105,onnx/vgg16-7.onnx,vnnlib/n01695060_Komodo_dragon_seg0_fixnonmask_k12544_eps_0.0001.vnnlib,1200,sat True,,,,5.580584764480591,0.0,n01695060_Komodo_dragon,fix_nonmask,0,12544,0.0001,vgg16-7,False,0.7323204278945923,"[0, 0, 223, 223]",37632,112896,150528,25.0,random
111,onnx/vgg16-7.onnx,vnnlib/n01697457_African_crocodile_global_k12544_eps_0.0001.vnnlib,1200,sat True,,,,5.458154201507568,0.0,n01697457_African_crocodile,global,-1,12544,0.0001,vgg16-7,True,,,37632,112896,150528,25.0,random
117,onnx/vgg16-7.onnx,vnnlib/n01697457_African_crocodile_seg0_fixmask_k12544_eps_0.0001.vnnlib,1200,sat True,,,,5.607659578323364,0.0,n01697457_African_crocodile,fix_mask,0,12544,0.0001,vgg16-7,False,0.7119722366333008,"[0, 0, 223, 222]",37632,112896,150528,25.0,random
123,onnx/vgg16-7.onnx,vnnlib/n01697457_African_crocodile_seg0_fixnonmask_k12544_eps_0.0001.vnnlib,1200,sat True,,,,5.540209770202637,0.0,n01697457_African_crocodile,fix_nonmask,0,12544,0.0001,vgg16-7,False,0.7119722366333008,"[0, 0, 223, 222]",37632,112896,150528,25.0,random
5,onnx/vgg16-7.onnx,vnnlib/n01685808_whiptail_global_k3136_eps_0.0001.vnnlib,1200,sat False,-inf,,3.024456262588501,8.436167240142822,0.0,n01685808_whiptail,global,-1,3136,0.0001,vgg16-7,True,,,9408,141120,150528,6.25,random
11,onnx/vgg16-7.onnx,vnnlib/n01685808_whiptail_seg0_fixmask_k3136_eps_0.0001.vnnlib,1200,sat False,-inf,,2.0318186283111572,7.331583499908447,0.0,n01685808_whiptail,fix_mask,0,3136,0.0001,vgg16-7,False,0.5920042991638184,"[0, 0, 223, 223]",9408,141120,150528,6.25,random
17,onnx/vgg16-7.onnx,vnnlib/n01685808_whiptail_seg0_fixnonmask_k3136_eps_0.0001.vnnlib,1200,sat False,-inf,,1.728412628173828,7.03048300743103,0.0,n01685808_whiptail,fix_nonmask,0,3136,0.0001,vgg16-7,False,0.5920042991638184,"[0, 0, 223, 223]",9408,141120,150528,6.25,random
23,onnx/vgg16-7.onnx,vnnlib/n01687978_agama_global_k3136_eps_0.0001.vnnlib,1200,sat False,-inf,,3.5102427005767822,8.82998538017273,0.0,n01687978_agama,global,-1,3136,0.0001,vgg16-7,True,,,9408,141120,150528,6.25,random
29,onnx/vgg16-7.onnx,vnnlib/n01687978_agama_seg0_fixmask_k3136_eps_0.0001.vnnlib,1200,sat False,-inf,,2.045893669128418,7.307202339172363,0.0,n01687978_agama,fix_mask,0,3136,0.0001,vgg16-7,False,0.9029334783554076,"[0, 0, 223, 223]",7917,142611,150528,5.259486607142857,random
35,onnx/vgg16-7.onnx,vnnlib/n01687978_agama_seg0_fixnonmask_k3136_eps_0.0001.vnnlib,1200,sat False,-inf,,1.7609655857086182,7.120600461959839,0.0,n01687978_agama,fix_nonmask,0,3136,0.0001,vgg16-7,False,0.9029334783554076,"[0, 0, 223, 223]",9408,141120,150528,6.25,random
41,onnx/vgg16-7.onnx,vnnlib/n01688243_frilled_lizard_global_k3136_eps_0.0001.vnnlib,1200,sat False,-inf,,2.262938976287842,7.564058780670166,0.0,n01688243_frilled_lizard,global,-1,3136,0.0001,vgg16-7,True,,,9408,141120,150528,6.25,random
47,onnx/vgg16-7.onnx,vnnlib/n01688243_frilled_lizard_seg0_fixmask_k3136_eps_0.0001.vnnlib,1200,sat False,-inf,,1.9092442989349363,7.277506113052368,0.0,n01688243_frilled_lizard,fix_mask,0,3136,0.0001,vgg16-7,False,0.897576093673706,"[0, 0, 223, 223]",9408,141120,150528,6.25,random
53,onnx/vgg16-7.onnx,vnnlib/n01688243_frilled_lizard_seg0_fixnonmask_k3136_eps_0.0001.vnnlib,1200,sat False,-inf,,1.9321174621582031,7.230417013168335,0.0,n01688243_frilled_lizard,fix_nonmask,0,3136,0.0001,vgg16-7,False,0.897576093673706,"[0, 0, 223, 223]",9408,141120,150528,6.25,random
59,onnx/vgg16-7.onnx,vnnlib/n01692333_Gila_monster_global_k3136_eps_0.0001.vnnlib,1200,sat False,-inf,,3.4515366554260254,8.745595216751099,0.0,n01692333_Gila_monster,global,-1,3136,0.0001,vgg16-7,True,,,9408,141120,150528,6.25,random
65,onnx/vgg16-7.onnx,vnnlib/n01692333_Gila_monster_seg0_fixmask_k3136_eps_0.0001.vnnlib,1200,sat False,-inf,,3.438514232635498,8.716515302658081,0.0,n01692333_Gila_monster,fix_mask,0,3136,0.0001,vgg16-7,False,0.8040295243263245,"[0, 0, 223, 222]",9408,141120,150528,6.25,random
71,onnx/vgg16-7.onnx,vnnlib/n01692333_Gila_monster_seg0_fixnonmask_k3136_eps_0.0001.vnnlib,1200,sat False,-inf,,3.2574830055236816,8.578519344329834,0.0,n01692333_Gila_monster,fix_nonmask,0,3136,0.0001,vgg16-7,False,0.8040295243263245,"[0, 0, 223, 222]",9408,141120,150528,6.25,random
77,onnx/vgg16-7.onnx,vnnlib/n01694178_African_chameleon_global_k3136_eps_0.0001.vnnlib,1200,unsat False,1.0380351543426514,0.0,644.849240064621,650.1130704879761,0.0,n01694178_African_chameleon,global,-1,3136,0.0001,vgg16-7,True,,,9408,141120,150528,6.25,random
83,onnx/vgg16-7.onnx,vnnlib/n01694178_African_chameleon_seg0_fixmask_k3136_eps_0.0001.vnnlib,1200,unsat False,1.0406371355056765,0.0,601.2908401489258,606.525084733963,0.0,n01694178_African_chameleon,fix_mask,0,3136,0.0001,vgg16-7,False,0.930943727493286,"[0, 0, 223, 223]",6762,143766,150528,4.4921875,random
89,onnx/vgg16-7.onnx,vnnlib/n01694178_African_chameleon_seg0_fixnonmask_k3136_eps_0.0001.vnnlib,1200,unsat False,1.038175106048584,0.0,643.1925723552704,648.462319612503,0.0,n01694178_African_chameleon,fix_nonmask,0,3136,0.0001,vgg16-7,False,0.930943727493286,"[0, 0, 223, 223]",9408,141120,150528,6.25,random
95,onnx/vgg16-7.onnx,vnnlib/n01695060_Komodo_dragon_global_k3136_eps_0.0001.vnnlib,1200,sat False,-inf,,2.1305744647979736,7.359368085861206,0.0,n01695060_Komodo_dragon,global,-1,3136,0.0001,vgg16-7,True,,,9408,141120,150528,6.25,random
101,onnx/vgg16-7.onnx,vnnlib/n01695060_Komodo_dragon_seg0_fixmask_k3136_eps_0.0001.vnnlib,1200,sat False,-inf,,3.444234848022461,8.667856931686401,0.0,n01695060_Komodo_dragon,fix_mask,0,3136,0.0001,vgg16-7,False,0.7323204278945923,"[0, 0, 223, 223]",9408,141120,150528,6.25,random
107,onnx/vgg16-7.onnx,vnnlib/n01695060_Komodo_dragon_seg0_fixnonmask_k3136_eps_0.0001.vnnlib,1200,sat False,-inf,,2.5949063301086426,7.919982433319092,0.0,n01695060_Komodo_dragon,fix_nonmask,0,3136,0.0001,vgg16-7,False,0.7323204278945923,"[0, 0, 223, 223]",9408,141120,150528,6.25,random
113,onnx/vgg16-7.onnx,vnnlib/n01697457_African_crocodile_global_k3136_eps_0.0001.vnnlib,1200,sat False,-inf,,1.731861591339111,6.990826606750488,0.0,n01697457_African_crocodile,global,-1,3136,0.0001,vgg16-7,True,,,9408,141120,150528,6.25,random
119,onnx/vgg16-7.onnx,vnnlib/n01697457_African_crocodile_seg0_fixmask_k3136_eps_0.0001.vnnlib,1200,sat False,-inf,,1.7411832809448242,6.870737075805664,0.0,n01697457_African_crocodile,fix_mask,0,3136,0.0001,vgg16-7,False,0.7119722366333008,"[0, 0, 223, 222]",9408,141120,150528,6.25,random
125,onnx/vgg16-7.onnx,vnnlib/n01697457_African_crocodile_seg0_fixnonmask_k3136_eps_0.0001.vnnlib,1200,sat False,-inf,,1.7456371784210205,6.868602275848389,0.0,n01697457_African_crocodile,fix_nonmask,0,3136,0.0001,vgg16-7,False,0.7119722366333008,"[0, 0, 223, 222]",9408,141120,150528,6.25,random
2,onnx/vgg16-7.onnx,vnnlib/n01685808_whiptail_global_k25088_eps_0.0001.vnnlib,1200,sat True,,,,8.356899499893188,0.0,n01685808_whiptail,global,-1,25088,0.0001,vgg16-7,True,,,75264,75264,150528,50.0,random
8,onnx/vgg16-7.onnx,vnnlib/n01685808_whiptail_seg0_fixmask_k25088_eps_0.0001.vnnlib,1200,sat True,,,,5.84163761138916,0.0,n01685808_whiptail,fix_mask,0,25088,0.0001,vgg16-7,False,0.5920042991638184,"[0, 0, 223, 223]",75264,75264,150528,50.0,random
14,onnx/vgg16-7.onnx,vnnlib/n01685808_whiptail_seg0_fixnonmask_k25088_eps_0.0001.vnnlib,1200,sat True,,,,5.600483655929565,0.0,n01685808_whiptail,fix_nonmask,0,25088,0.0001,vgg16-7,False,0.5920042991638184,"[0, 0, 223, 223]",58956,91572,150528,39.166135204081634,random
20,onnx/vgg16-7.onnx,vnnlib/n01687978_agama_global_k25088_eps_0.0001.vnnlib,1200,sat True,,,,5.654914140701294,0.0,n01687978_agama,global,-1,25088,0.0001,vgg16-7,True,,,75264,75264,150528,50.0,random
26,onnx/vgg16-7.onnx,vnnlib/n01687978_agama_seg0_fixmask_k25088_eps_0.0001.vnnlib,1200,sat False,-inf,,0.9665324687957764,6.1186816692352295,0.0,n01687978_agama,fix_mask,0,25088,0.0001,vgg16-7,False,0.9029334783554076,"[0, 0, 223, 223]",7917,142611,150528,5.259486607142857,random
32,onnx/vgg16-7.onnx,vnnlib/n01687978_agama_seg0_fixnonmask_k25088_eps_0.0001.vnnlib,1200,sat True,,,,5.618316173553467,0.0,n01687978_agama,fix_nonmask,0,25088,0.0001,vgg16-7,False,0.9029334783554076,"[0, 0, 223, 223]",75264,75264,150528,50.0,random
38,onnx/vgg16-7.onnx,vnnlib/n01688243_frilled_lizard_global_k25088_eps_0.0001.vnnlib,1200,sat True,,,,5.672347545623779,0.0,n01688243_frilled_lizard,global,-1,25088,0.0001,vgg16-7,True,,,75264,75264,150528,50.0,random
44,onnx/vgg16-7.onnx,vnnlib/n01688243_frilled_lizard_seg0_fixmask_k25088_eps_0.0001.vnnlib,1200,sat True,,,,5.403844118118286,0.0,n01688243_frilled_lizard,fix_mask,0,25088,0.0001,vgg16-7,False,0.897576093673706,"[0, 0, 223, 223]",35361,115167,150528,23.491310586734695,random
50,onnx/vgg16-7.onnx,vnnlib/n01688243_frilled_lizard_seg0_fixnonmask_k25088_eps_0.0001.vnnlib,1200,sat True,,,,5.614853858947754,0.0,n01688243_frilled_lizard,fix_nonmask,0,25088,0.0001,vgg16-7,False,0.897576093673706,"[0, 0, 223, 223]",75264,75264,150528,50.0,random
56,onnx/vgg16-7.onnx,vnnlib/n01692333_Gila_monster_global_k25088_eps_0.0001.vnnlib,1200,sat True,,,,5.3523828983306885,0.0,n01692333_Gila_monster,global,-1,25088,0.0001,vgg16-7,True,,,75264,75264,150528,50.0,random
62,onnx/vgg16-7.onnx,vnnlib/n01692333_Gila_monster_seg0_fixmask_k25088_eps_0.0001.vnnlib,1200,sat True,,,,5.385185241699219,0.0,n01692333_Gila_monster,fix_mask,0,25088,0.0001,vgg16-7,False,0.8040295243263245,"[0, 0, 223, 222]",38013,112515,150528,25.253109056122447,random
68,onnx/vgg16-7.onnx,vnnlib/n01692333_Gila_monster_seg0_fixnonmask_k25088_eps_0.0001.vnnlib,1200,sat True,,,,6.0514678955078125,0.0,n01692333_Gila_monster,fix_nonmask,0,25088,0.0001,vgg16-7,False,0.8040295243263245,"[0, 0, 223, 222]",75264,75264,150528,50.0,random
74,onnx/vgg16-7.onnx,vnnlib/n01694178_African_chameleon_global_k25088_eps_0.0001.vnnlib,1200,unsat False,0.9853273630142212,0.0,772.629213809967,785.8662414550781,0.0,n01694178_African_chameleon,global,-1,25088,0.0001,vgg16-7,True,,,75264,75264,150528,50.0,random
80,onnx/vgg16-7.onnx,vnnlib/n01694178_African_chameleon_seg0_fixmask_k25088_eps_0.0001.vnnlib,1200,unsat False,1.0398236513137815,0.0,636.382416009903,641.820663690567,0.0,n01694178_African_chameleon,fix_mask,0,25088,0.0001,vgg16-7,False,0.930943727493286,"[0, 0, 223, 223]",6762,143766,150528,4.4921875,random
86,onnx/vgg16-7.onnx,vnnlib/n01694178_African_chameleon_seg0_fixnonmask_k25088_eps_0.0001.vnnlib,1200,unsat False,0.9901961088180542,0.0,756.0983259677887,769.0661525726318,0.0,n01694178_African_chameleon,fix_nonmask,0,25088,0.0001,vgg16-7,False,0.930943727493286,"[0, 0, 223, 223]",75264,75264,150528,50.0,random
92,onnx/vgg16-7.onnx,vnnlib/n01695060_Komodo_dragon_global_k25088_eps_0.0001.vnnlib,1200,sat True,,,,5.543017864227295,0.0,n01695060_Komodo_dragon,global,-1,25088,0.0001,vgg16-7,True,,,75264,75264,150528,50.0,random
98,onnx/vgg16-7.onnx,vnnlib/n01695060_Komodo_dragon_seg0_fixmask_k25088_eps_0.0001.vnnlib,1200,sat True,,,,5.661221027374268,0.0,n01695060_Komodo_dragon,fix_mask,0,25088,0.0001,vgg16-7,False,0.7323204278945923,"[0, 0, 223, 223]",48882,101646,150528,32.47369260204081,random
104,onnx/vgg16-7.onnx,vnnlib/n01695060_Komodo_dragon_seg0_fixnonmask_k25088_eps_0.0001.vnnlib,1200,sat True,,,,5.564612150192261,0.0,n01695060_Komodo_dragon,fix_nonmask,0,25088,0.0001,vgg16-7,False,0.7323204278945923,"[0, 0, 223, 223]",75264,75264,150528,50.0,random
110,onnx/vgg16-7.onnx,vnnlib/n01697457_African_crocodile_global_k25088_eps_0.0001.vnnlib,1200,sat True,,,,5.426461696624756,0.0,n01697457_African_crocodile,global,-1,25088,0.0001,vgg16-7,True,,,75264,75264,150528,50.0,random
116,onnx/vgg16-7.onnx,vnnlib/n01697457_African_crocodile_seg0_fixmask_k25088_eps_0.0001.vnnlib,1200,sat True,,,,5.53578519821167,0.0,n01697457_African_crocodile,fix_mask,0,25088,0.0001,vgg16-7,False,0.7119722366333008,"[0, 0, 223, 222]",56268,94260,150528,37.38042091836735,random
122,onnx/vgg16-7.onnx,vnnlib/n01697457_African_crocodile_seg0_fixnonmask_k25088_eps_0.0001.vnnlib,1200,sat True,,,,5.58582067489624,0.0,n01697457_African_crocodile,fix_nonmask,0,25088,0.0001,vgg16-7,False,0.7119722366333008,"[0, 0, 223, 222]",75264,75264,150528,50.0,random
6,onnx/vgg16-7.onnx,vnnlib/n01685808_whiptail_global_k1568_eps_0.0001.vnnlib,1200,sat False,-inf,,3.4488654136657715,8.89595341682434,0.0,n01685808_whiptail,global,-1,1568,0.0001,vgg16-7,True,,,4704,145824,150528,3.125,random
12,onnx/vgg16-7.onnx,vnnlib/n01685808_whiptail_seg0_fixmask_k1568_eps_0.0001.vnnlib,1200,sat False,-inf,,1.1898882389068604,6.35734748840332,0.0,n01685808_whiptail,fix_mask,0,1568,0.0001,vgg16-7,False,0.5920042991638184,"[0, 0, 223, 223]",4704,145824,150528,3.125,random
18,onnx/vgg16-7.onnx,vnnlib/n01685808_whiptail_seg0_fixnonmask_k1568_eps_0.0001.vnnlib,1200,sat False,-inf,,1.274747371673584,6.577116012573242,0.0,n01685808_whiptail,fix_nonmask,0,1568,0.0001,vgg16-7,False,0.5920042991638184,"[0, 0, 223, 223]",4704,145824,150528,3.125,random
24,onnx/vgg16-7.onnx,vnnlib/n01687978_agama_global_k1568_eps_0.0001.vnnlib,1200,sat False,-inf,,1.5086874961853027,6.788715600967407,0.0,n01687978_agama,global,-1,1568,0.0001,vgg16-7,True,,,4704,145824,150528,3.125,random
30,onnx/vgg16-7.onnx,vnnlib/n01687978_agama_seg0_fixmask_k1568_eps_0.0001.vnnlib,1200,sat False,-inf,,3.4229626655578613,8.715996742248535,0.0,n01687978_agama,fix_mask,0,1568,0.0001,vgg16-7,False,0.9029334783554076,"[0, 0, 223, 223]",4704,145824,150528,3.125,random
36,onnx/vgg16-7.onnx,vnnlib/n01687978_agama_seg0_fixnonmask_k1568_eps_0.0001.vnnlib,1200,sat False,-inf,,2.370105504989624,7.701833248138428,0.0,n01687978_agama,fix_nonmask,0,1568,0.0001,vgg16-7,False,0.9029334783554076,"[0, 0, 223, 223]",4704,145824,150528,3.125,random
42,onnx/vgg16-7.onnx,vnnlib/n01688243_frilled_lizard_global_k1568_eps_0.0001.vnnlib,1200,sat False,-inf,,0.9122529029846193,6.065445899963379,0.0,n01688243_frilled_lizard,global,-1,1568,0.0001,vgg16-7,True,,,4704,145824,150528,3.125,random
48,onnx/vgg16-7.onnx,vnnlib/n01688243_frilled_lizard_seg0_fixmask_k1568_eps_0.0001.vnnlib,1200,sat False,-inf,,3.1605417728424072,8.40621829032898,0.0,n01688243_frilled_lizard,fix_mask,0,1568,0.0001,vgg16-7,False,0.897576093673706,"[0, 0, 223, 223]",4704,145824,150528,3.125,random
54,onnx/vgg16-7.onnx,vnnlib/n01688243_frilled_lizard_seg0_fixnonmask_k1568_eps_0.0001.vnnlib,1200,sat False,-inf,,0.92677903175354,6.143064737319946,0.0,n01688243_frilled_lizard,fix_nonmask,0,1568,0.0001,vgg16-7,False,0.897576093673706,"[0, 0, 223, 223]",4704,145824,150528,3.125,random
60,onnx/vgg16-7.onnx,vnnlib/n01692333_Gila_monster_global_k1568_eps_0.0001.vnnlib,1200,sat False,-inf,,1.2484111785888672,6.52321195602417,0.0,n01692333_Gila_monster,global,-1,1568,0.0001,vgg16-7,True,,,4704,145824,150528,3.125,random
66,onnx/vgg16-7.onnx,vnnlib/n01692333_Gila_monster_seg0_fixmask_k1568_eps_0.0001.vnnlib,1200,sat False,-inf,,1.839081048965454,7.150743246078491,0.0,n01692333_Gila_monster,fix_mask,0,1568,0.0001,vgg16-7,False,0.8040295243263245,"[0, 0, 223, 222]",4704,145824,150528,3.125,random
72,onnx/vgg16-7.onnx,vnnlib/n01692333_Gila_monster_seg0_fixnonmask_k1568_eps_0.0001.vnnlib,1200,sat False,-inf,,0.9931864738464355,10.196801900863647,0.0,n01692333_Gila_monster,fix_nonmask,0,1568,0.0001,vgg16-7,False,0.8040295243263245,"[0, 0, 223, 222]",4704,145824,150528,3.125,random
78,onnx/vgg16-7.onnx,vnnlib/n01694178_African_chameleon_global_k1568_eps_0.0001.vnnlib,1200,unsat False,1.0394668579101562,0.0,609.452005147934,614.7691912651062,0.0,n01694178_African_chameleon,global,-1,1568,0.0001,vgg16-7,True,,,4704,145824,150528,3.125,random
84,onnx/vgg16-7.onnx,vnnlib/n01694178_African_chameleon_seg0_fixmask_k1568_eps_0.0001.vnnlib,1200,unsat False,1.0407108068466189,0.0,567.9202752113342,573.0638990402222,0.0,n01694178_African_chameleon,fix_mask,0,1568,0.0001,vgg16-7,False,0.930943727493286,"[0, 0, 223, 223]",4704,145824,150528,3.125,random
90,onnx/vgg16-7.onnx,vnnlib/n01694178_African_chameleon_seg0_fixnonmask_k1568_eps_0.0001.vnnlib,1200,unsat False,1.039520263671875,0.0,619.2648921012878,624.5346393585205,0.0,n01694178_African_chameleon,fix_nonmask,0,1568,0.0001,vgg16-7,False,0.930943727493286,"[0, 0, 223, 223]",4704,145824,150528,3.125,random
96,onnx/vgg16-7.onnx,vnnlib/n01695060_Komodo_dragon_global_k1568_eps_0.0001.vnnlib,1200,sat False,-inf,,1.7913014888763428,6.882213354110718,0.0,n01695060_Komodo_dragon,global,-1,1568,0.0001,vgg16-7,True,,,4704,145824,150528,3.125,random
102,onnx/vgg16-7.onnx,vnnlib/n01695060_Komodo_dragon_seg0_fixmask_k1568_eps_0.0001.vnnlib,1200,sat False,-inf,,2.1860251426696777,7.502214908599853,0.0,n01695060_Komodo_dragon,fix_mask,0,1568,0.0001,vgg16-7,False,0.7323204278945923,"[0, 0, 223, 223]",4704,145824,150528,3.125,random
108,onnx/vgg16-7.onnx,vnnlib/n01695060_Komodo_dragon_seg0_fixnonmask_k1568_eps_0.0001.vnnlib,1200,sat False,-inf,,1.8786108493804932,7.229068040847778,0.0,n01695060_Komodo_dragon,fix_nonmask,0,1568,0.0001,vgg16-7,False,0.7323204278945923,"[0, 0, 223, 223]",4704,145824,150528,3.125,random
114,onnx/vgg16-7.onnx,vnnlib/n01697457_African_crocodile_global_k1568_eps_0.0001.vnnlib,1200,sat False,-inf,,1.8797011375427248,7.248689889907837,0.0,n01697457_African_crocodile,global,-1,1568,0.0001,vgg16-7,True,,,4704,145824,150528,3.125,random
120,onnx/vgg16-7.onnx,vnnlib/n01697457_African_crocodile_seg0_fixmask_k1568_eps_0.0001.vnnlib,1200,sat False,-inf,,2.2990686893463135,7.600699186325073,0.0,n01697457_African_crocodile,fix_mask,0,1568,0.0001,vgg16-7,False,0.7119722366333008,"[0, 0, 223, 222]",4704,145824,150528,3.125,random
126,onnx/vgg16-7.onnx,vnnlib/n01697457_African_crocodile_seg0_fixnonmask_k1568_eps_0.0001.vnnlib,1200,sat False,-inf,,1.9615516662597656,7.280373573303223,0.0,n01697457_African_crocodile,fix_nonmask,0,1568,0.0001,vgg16-7,False,0.7119722366333008,"[0, 0, 223, 222]",4704,145824,150528,3.125,random
