path,name,entropy_bits,edge_density,edge_pixels,distinct_colors_q16,glcm_contrast,glcm_homogeneity,glcm_energy,glcm_correlation,complexity_score_simple,complexity_score_weighted,complexity_score_learned
../benchmarks/vggnet16_benchmark2022/segmented_outputs/object/n02094114_Norfolk_terrier.JPEG,n02094114_Norfolk_terrier.JPEG,7.229226358608392,0.07762675382653061,3895,274,9.04864739853933,0.582229834662622,0.11659670314258647,0.822576846059798,2.999680884240978,5.238825810880304,0.8027783531876928
../benchmarks/vggnet16_benchmark2022/segmented_outputs/object/n03633091_ladle.JPEG,n03633091_ladle.JPEG,7.403610606527294,0.06385522959183673,3204,274,5.591104354192868,0.631701100592168,0.12652811438070038,0.9216329202568806,2.409852808574924,4.356018184664423,0.7988992555549627
../benchmarks/vggnet16_benchmark2022/segmented_outputs/object/n02231487_walking_stick.JPEG,n02231487_walking_stick.JPEG,6.982333151833251,0.13936941964285715,6993,161,28.446422462061022,0.46809728736603806,0.13945361854838156,0.7829504252510343,4.5786175630889865,8.464290103783698,0.7668995724669087
../benchmarks/vggnet16_benchmark2022/segmented_outputs/object/n03271574_electric_fan.JPEG,n03271574_electric_fan.JPEG,7.581309310413239,0.14500956632653061,7276,422,25.447110363336236,0.46829148032524637,0.10051995407364193,0.7803387832347266,6.009627454990126,10.63276896612377,0.7618655810885874
../benchmarks/vggnet16_benchmark2022/segmented_outputs/object/n02037110_oystercatcher.JPEG,n02037110_oystercatcher.JPEG,5.739158906457629,0.027323820153061226,1371,238,3.542247016150573,0.6942049098129186,0.27887836661676674,0.7471590143009893,0.044221633464587295,-0.43601370567890485,0.7241736569008832
../benchmarks/vggnet16_benchmark2022/segmented_outputs/object/n02963159_cardigan.JPEG,n02963159_cardigan.JPEG,5.9195891148626485,0.06726323341836735,3375,209,10.111677979555086,0.6680288566113761,0.28094692132363797,0.8837684295376534,0.9465183529003609,1.8249591236019151,0.6596517645940532
../benchmarks/vggnet16_benchmark2022/segmented_outputs/object/n03325584_feather_boa.JPEG,n03325584_feather_boa.JPEG,6.986049077279283,0.12902582908163265,6474,551,8.822493121504365,0.5648822783698202,0.14068087442409974,0.8862406135903533,4.809182668209404,8.621108212662012,0.6313460658207818
../benchmarks/vggnet16_benchmark2022/segmented_outputs/object/n03690938_lotion.JPEG,n03690938_lotion.JPEG,6.907562597419382,0.07382015306122448,3704,556,12.13924110485258,0.6956759558154224,0.21939160237698216,0.9518549428855152,2.9565633777052716,5.016093649673914,0.6266587068701905
../benchmarks/vggnet16_benchmark2022/segmented_outputs/object/n03494278_harmonica.JPEG,n03494278_harmonica.JPEG,7.168260113805263,0.13522401147959184,6785,597,12.786313020166874,0.5784651759886459,0.16173780299703328,0.9527042551800207,5.11261758270462,9.266324533856412,0.615619486688589
../benchmarks/vggnet16_benchmark2022/segmented_outputs/object/n03223299_doormat.JPEG,n03223299_doormat.JPEG,6.58332807403149,0.14393335459183673,7222,230,6.898843228245944,0.513816981594424,0.14313296745070458,0.8486111226573999,3.825696846727496,7.43157662994034,0.6131868502399108
../benchmarks/vggnet16_benchmark2022/segmented_outputs/object/n01496331_electric_ray.JPEG,n01496331_electric_ray.JPEG,6.908682316160083,0.05805564413265306,2913,592,9.506188117905019,0.7362420604350906,0.2434639560817079,0.9659288641036468,2.4428147030375102,3.9761645042407707,0.6123272164366793
../benchmarks/vggnet16_benchmark2022/segmented_outputs/object/n02782093_balloon.JPEG,n02782093_balloon.JPEG,6.125206539423358,0.08689413265306123,4360,1412,13.568922702021872,0.738589719696519,0.38809674823685664,0.94199379115689,5.456526781333588,8.244605797915666,0.6051556162508063
../benchmarks/vggnet16_benchmark2022/segmented_outputs/object/n02992529_cellular_telephone.JPEG,n02992529_cellular_telephone.JPEG,7.494332912705105,0.11326132015306123,5683,611,7.211803614263704,0.6254188504914826,0.1336553742363011,0.9648673843021943,4.612728589763739,8.237297048371557,0.595076680062757
../benchmarks/vggnet16_benchmark2022/segmented_outputs/object/n03483316_hand_blower.JPEG,n03483316_hand_blower.JPEG,6.244576736654018,0.06297831632653061,3160,147,8.190052109157017,0.7106753591458009,0.28396182377101575,0.9686815810801723,0.4199963023001345,1.164639951426087,0.591687037809638
../benchmarks/vggnet16_benchmark2022/segmented_outputs/object/n02002556_white_stork.JPEG,n02002556_white_stork.JPEG,5.405841328463849,0.07547433035714286,3787,163,11.826085670409903,0.6860611816279985,0.3096447046454018,0.9301030788567125,0.5151829774168312,1.332051100322735,0.5814006785016977
../benchmarks/vggnet16_benchmark2022/segmented_outputs/object/n02114712_red_wolf.JPEG,n02114712_red_wolf.JPEG,6.880398302231283,0.08438297193877552,4234,513,10.877611220109092,0.6847955053545697,0.20031045807120418,0.9491576252834204,3.0325790736925047,5.308085143968583,0.5756860716108126
../benchmarks/vggnet16_benchmark2022/segmented_outputs/object/n07742313_Granny_Smith.JPEG,n07742313_Granny_Smith.JPEG,7.527602958592815,0.07118941326530612,3572,362,26.70803572063449,0.6842168403784454,0.14799986279974012,0.8530763295531325,3.151360723440475,5.219527249042322,0.5664224738750117
../benchmarks/vggnet16_benchmark2022/segmented_outputs/object/n01773549_barn_spider.JPEG,n01773549_barn_spider.JPEG,6.832933785817552,0.09191645408163265,4612,248,5.286712248111196,0.635910801650471,0.1540507545759267,0.870914062935284,2.3647445095360915,4.438305454756269,0.5585112648776863
../benchmarks/vggnet16_benchmark2022/segmented_outputs/object/n02097298_Scotch_terrier.JPEG,n02097298_Scotch_terrier.JPEG,6.798277336155662,0.06905691964285714,3465,484,11.221058333642606,0.7240770908952545,0.2510724773182671,0.9577282726319449,2.225058045023992,3.8129868403994855,0.557255850358277
../benchmarks/vggnet16_benchmark2022/segmented_outputs/object/n03794056_mousetrap.JPEG,n03794056_mousetrap.JPEG,7.227633207674522,0.10333625637755102,5185,615,19.960759435671612,0.6205200022225987,0.13301550871630308,0.7834508552436983,4.79553501469675,7.907180743451619,0.554821113882877
../benchmarks/vggnet16_benchmark2022/segmented_outputs/object/n02342885_hamster.JPEG,n02342885_hamster.JPEG,7.490172947742513,0.05961017219387755,2991,336,10.173607152402933,0.7163298852812137,0.15362329091048305,0.9133143479471931,2.138144478749581,3.6642588345903557,0.5519757232223176
../benchmarks/vggnet16_benchmark2022/segmented_outputs/object/n04560804_water_jug.JPEG,n04560804_water_jug.JPEG,7.763944966181335,0.1408641581632653,7068,996,18.81190647481648,0.5944820589925348,0.10932221548023237,0.8940795337927716,7.327706822719071,12.391403256802958,0.5485947372245408
../benchmarks/vggnet16_benchmark2022/segmented_outputs/object/n02951585_can_opener.JPEG,n02951585_can_opener.JPEG,6.334708962684722,0.07378029336734694,3702,194,6.933481940040543,0.7012680574686357,0.3143085826902008,0.9446979053067079,0.7113961978483743,1.6342004030503396,0.5480307247753216
../benchmarks/vggnet16_benchmark2022/segmented_outputs/object/n03527444_holster.JPEG,n03527444_holster.JPEG,6.322606928182913,0.10702327806122448,5370,854,11.164623010416589,0.6775114750196272,0.3367019123819378,0.9348548094617286,4.073267464092717,6.799034645154215,0.5455736114899935
../benchmarks/vggnet16_benchmark2022/segmented_outputs/object/n04350905_suit.JPEG,n04350905_suit.JPEG,6.807301652120858,0.05681999362244898,2851,334,14.829219144498637,0.7354726201203325,0.2069818973201678,0.9291558576016121,1.6432135965207517,2.8081947871311206,0.5401833926834545
../benchmarks/vggnet16_benchmark2022/segmented_outputs/object/n03447721_gong.JPEG,n03447721_gong.JPEG,6.68218525982614,0.0498046875,2499,319,6.4527908755096295,0.7253759043754406,0.21458748816182804,0.8421166906336248,1.2106715137864457,1.8548192299408348,0.5399096227427804
../benchmarks/vggnet16_benchmark2022/segmented_outputs/object/n03691459_loudspeaker.JPEG,n03691459_loudspeaker.JPEG,6.719182278549688,0.049724968112244895,2495,148,3.9078968608514835,0.7458080227632355,0.2043625528884953,0.9811383137479674,0.364647391719892,0.9997801673152984,0.5388898303482846
../benchmarks/vggnet16_benchmark2022/segmented_outputs/object/n02640242_sturgeon.JPEG,n02640242_sturgeon.JPEG,7.643188519080406,0.10883689413265306,5461,568,26.477628540416973,0.6170524192847281,0.11869168245238473,0.8004031185412116,5.119193418575935,8.561660583135419,0.5382787238439587
../benchmarks/vggnet16_benchmark2022/segmented_outputs/object/n04252225_snowplow.JPEG,n04252225_snowplow.JPEG,7.259795068488479,0.13857222576530612,6953,565,22.140747258270117,0.5858595692181925,0.1427591582074246,0.9031693877025089,5.376529001545123,9.594745394538254,0.5298213174870271
../benchmarks/vggnet16_benchmark2022/segmented_outputs/object/n03773504_missile.JPEG,n03773504_missile.JPEG,6.474841070442613,0.0498046875,2499,202,8.580402626518648,0.7386902198842088,0.29291523808236647,0.8750801291580518,0.33722141873851963,0.5571018132623073,0.5210803224224508
../benchmarks/vggnet16_benchmark2022/segmented_outputs/object/n03188531_diaper.JPEG,n03188531_diaper.JPEG,7.6921275173151935,0.23058832908163265,11570,1560,33.2607395834215,0.42339000185216336,0.07782670201878014,0.7080290737793944,12.554822036446476,20.934707999104553,0.5206371862896493
../benchmarks/vggnet16_benchmark2022/segmented_outputs/object/n01829413_hornbill.JPEG,n01829413_hornbill.JPEG,7.289662326683976,0.10853794642857142,5446,370,24.65343396948878,0.6291945183448029,0.14112613320206385,0.8724104072781712,3.9588749604452325,7.027875335262026,0.5199394436110932
../benchmarks/vggnet16_benchmark2022/segmented_outputs/object/n02480495_orangutan.JPEG,n02480495_orangutan.JPEG,6.1815860754338745,0.04494180484693878,2255,287,3.602680323302269,0.7796459492923544,0.3091837448106309,0.9870646636042584,0.029579574195639502,0.19490175466715676,0.5157102753982717
../benchmarks/vggnet16_benchmark2022/segmented_outputs/object/n02817516_bearskin.JPEG,n02817516_bearskin.JPEG,6.121162802396452,0.06606744260204081,3315,834,7.128577268308796,0.7699038084407519,0.31433972665593024,0.9733928083276481,2.6903645654131245,4.190474032974597,0.5144569661569341
../benchmarks/vggnet16_benchmark2022/segmented_outputs/object/n03000247_chain_mail.JPEG,n03000247_chain_mail.JPEG,6.596293564192305,0.17556202168367346,8809,225,18.07835518254557,0.4956438552753114,0.22667860053541783,0.8619603364843954,4.413689306225599,8.668244564553287,0.5124696672726473
../benchmarks/vggnet16_benchmark2022/segmented_outputs/object/n01768244_trilobite.JPEG,n01768244_trilobite.JPEG,6.9290274521047355,0.11204559948979592,5622,323,38.064618660636285,0.6350186062394909,0.21308799069324036,0.8787179556373601,3.7745544347153497,6.7218305456951555,0.5124018170364761
../benchmarks/vggnet16_benchmark2022/segmented_outputs/object/n01796340_ptarmigan.JPEG,n01796340_ptarmigan.JPEG,7.42251308639692,0.09624123086734694,4829,193,9.874322684777196,0.6496695869373004,0.13068553167845695,0.9244937392838678,2.5741622589356976,4.993084628337959,0.5114451003518374
../benchmarks/vggnet16_benchmark2022/segmented_outputs/object/n02104029_kuvasz.JPEG,n02104029_kuvasz.JPEG,7.381292614572637,0.10251913265306123,5144,242,28.85155977963712,0.6367411119745174,0.14615108154647394,0.8606809972719516,3.444545412008697,6.188644847120983,0.5061056202377152
../benchmarks/vggnet16_benchmark2022/segmented_outputs/object/n04125021_safe.JPEG,n04125021_safe.JPEG,7.234357430650393,0.10919563137755102,5479,465,7.8246933999029915,0.6542657204212692,0.2108527362005176,0.9448057531828833,3.40244039635557,6.226334570235402,0.49875988094361046
../benchmarks/vggnet16_benchmark2022/segmented_outputs/object/n03476991_hair_spray.JPEG,n03476991_hair_spray.JPEG,7.03286394821011,0.08667490433673469,4349,550,13.907075948851599,0.7098152506193587,0.24989707562296443,0.9472572549841353,3.020844858359891,5.19989110858581,0.4962284031459779
../benchmarks/vggnet16_benchmark2022/segmented_outputs/object/n02492035_capuchin.JPEG,n02492035_capuchin.JPEG,6.6968773755918996,0.08645567602040816,4338,189,7.410865663918234,0.6858088143583068,0.1956723966728764,0.9600852188834769,1.5849782204645704,3.318563179515402,0.4953992796576301
../benchmarks/vggnet16_benchmark2022/segmented_outputs/object/n04273569_speedboat.JPEG,n04273569_speedboat.JPEG,7.08794117692597,0.10309709821428571,5173,453,10.097491521404455,0.6294395376468309,0.1435394935096937,0.7988192931782333,3.687578830651036,6.314985181214155,0.4932097206635574
../benchmarks/vggnet16_benchmark2022/segmented_outputs/object/n03871628_packet.JPEG,n03871628_packet.JPEG,6.746698748806598,0.16631457270408162,8345,385,32.78594685824463,0.5401862111321024,0.22362796463029178,0.8872913877994464,5.159926452728377,9.605461229277456,0.4928312391228626
../benchmarks/vggnet16_benchmark2022/segmented_outputs/object/n02834397_bib.JPEG,n02834397_bib.JPEG,6.64097071027097,0.11545360331632654,5793,944,14.330687377013202,0.6795307525891146,0.2568849123637388,0.9461732612911983,5.075539003365593,8.497209514443417,0.49120866848656236
../benchmarks/vggnet16_benchmark2022/segmented_outputs/object/n02124075_Egyptian_cat.JPEG,n02124075_Egyptian_cat.JPEG,7.087843202358611,0.06212133290816327,3117,188,8.341400269710393,0.7108483755938244,0.15023648302782577,0.8741316529885294,1.4127020014890528,2.5605307746156427,0.4906897537657705
../benchmarks/vggnet16_benchmark2022/segmented_outputs/object/n02089078_black-and-tan_coonhound.JPEG,n02089078_black-and-tan_coonhound.JPEG,6.495274129862295,0.03756776147959184,1885,260,7.546052991625816,0.7906168682692771,0.24029937984740732,0.9648850215157865,0.24432545192781419,0.45129816169401327,0.49013389915945726
../benchmarks/vggnet16_benchmark2022/segmented_outputs/object/n01773157_black_and_gold_garden_spider.JPEG,n01773157_black_and_gold_garden_spider.JPEG,6.993388899114075,0.10801977040816327,5420,229,18.259753004159826,0.6195638630629832,0.16582633683155085,0.8257198430181865,3.037838582020053,5.551155623364382,0.4892041465069602
../benchmarks/vggnet16_benchmark2022/segmented_outputs/object/n01440764_tench.JPEG,n01440764_tench.JPEG,6.953811845167649,0.05833466198979592,2927,469,12.924716024054229,0.7276196386615862,0.2005853996201049,0.8106660642666368,2.286081271178652,3.4476487154510274,0.48489007515385363
../benchmarks/vggnet16_benchmark2022/segmented_outputs/object/n07716358_zucchini.JPEG,n07716358_zucchini.JPEG,6.7141511354902,0.1366390306122449,6856,376,25.990223260170723,0.5966350958432147,0.25690777590765385,0.8755951529462997,3.982686786461943,7.311760405513448,0.48334994276948107
../benchmarks/vggnet16_benchmark2022/segmented_outputs/object/n03980874_poncho.JPEG,n03980874_poncho.JPEG,6.304589724948947,0.17610012755102042,8836,190,5.170789722788685,0.5088726241721158,0.15387920854299292,0.9407302477522069,3.9754589195506584,8.289315260076656,0.48070076545133644
../benchmarks/vggnet16_benchmark2022/segmented_outputs/background/n02500267_indri.JPEG,n02500267_indri.JPEG,5.8247855232378365,0.1031967474489796,5178,299,19.73530039126418,0.6810136474185473,0.39675949944865063,0.9385684850409521,1.5785886365879378,3.1517280043109945,0.48037984327609246
../benchmarks/vggnet16_benchmark2022/segmented_outputs/object/n01687978_agama.JPEG,n01687978_agama.JPEG,6.797843075578995,0.10584741709183673,5311,387,14.255634998335136,0.619601383606212,0.179773575256154,0.7540503109594754,3.397433411741483,5.785770653775725,0.4769207472668274
../benchmarks/vggnet16_benchmark2022/segmented_outputs/object/n03649909_lawn_mower.JPEG,n03649909_lawn_mower.JPEG,6.581865051322266,0.1432158801020408,7186,909,29.583711864874967,0.6256497610633435,0.2841785607839541,0.894862993802979,6.017165543375478,10.186542362584646,0.4746523473005179
../benchmarks/vggnet16_benchmark2022/segmented_outputs/object/n02708093_analog_clock.JPEG,n02708093_analog_clock.JPEG,5.631870337150426,0.0684390943877551,3434,293,11.433986493211298,0.7456315800330668,0.3144467241934778,0.9573014462867164,0.6228254458360083,1.3207932554670332,0.46889146493820216
../benchmarks/vggnet16_benchmark2022/segmented_outputs/object/n03075370_combination_lock.JPEG,n03075370_combination_lock.JPEG,6.81058656239551,0.10891661352040816,5465,518,18.284988943939197,0.6659497981825799,0.22058161290141406,0.9162015600824205,3.656296208641553,6.456758975931789,0.46775448682149046
../benchmarks/vggnet16_benchmark2022/segmented_outputs/object/n02916936_bulletproof_vest.JPEG,n02916936_bulletproof_vest.JPEG,7.085202415739457,0.09600207270408163,4817,196,5.328981597947092,0.6740831686366956,0.17865117548163256,0.9643829358788854,1.9805673925854164,4.091220454196143,0.46768783708239137
../benchmarks/vggnet16_benchmark2022/segmented_outputs/object/n02484975_guenon.JPEG,n02484975_guenon.JPEG,7.678063121473711,0.1306202168367347,6554,260,4.570647285145611,0.6016679486597565,0.09802274280756254,0.9506537778039215,3.7229599389053067,7.307484256276743,0.4641906538558776
../benchmarks/vggnet16_benchmark2022/segmented_outputs/object/n02777292_balance_beam.JPEG,n02777292_balance_beam.JPEG,6.621530363028481,0.07973931760204081,4001,325,24.077830081126674,0.7153816863297894,0.24092416142840722,0.9099578410582033,2.1523745182567233,3.7902263180959497,0.4625152696101127
../benchmarks/vggnet16_benchmark2022/segmented_outputs/object/n07697313_cheeseburger.JPEG,n07697313_cheeseburger.JPEG,6.787015039939703,0.12091438137755102,6067,819,14.303187344846826,0.6639150841118047,0.29915893781435854,0.9063984865895051,4.640199707939045,7.840479366746587,0.46248460721588464
../benchmarks/vggnet16_benchmark2022/segmented_outputs/object/n04332243_strainer.JPEG,n04332243_strainer.JPEG,4.170699983096969,0.0509406887755102,2556,131,3.304792708714581,0.7873948061991987,0.5565813440134906,0.9485804261069803,-2.2897899616772377,-3.6275804336971946,0.4594700290712498
../benchmarks/vggnet16_benchmark2022/segmented_outputs/object/n03792782_mountain_bike.JPEG,n03792782_mountain_bike.JPEG,5.952403856472629,0.0205875318877551,1033,107,7.647496466876453,0.8309362145525181,0.32437929924046816,0.9662816779985128,-1.4093018437762412,-2.3594501875625538,0.45865706326622846
../benchmarks/vggnet16_benchmark2022/segmented_outputs/object/n04270147_spatula.JPEG,n04270147_spatula.JPEG,7.637653630893724,0.1611328125,8085,755,17.455683158120415,0.5500299992336691,0.09934605562614489,0.8228836598926662,6.878643832773377,11.958265891782183,0.4571150960417893
../benchmarks/vggnet16_benchmark2022/segmented_outputs/object/n03884397_panpipe.JPEG,n03884397_panpipe.JPEG,6.40579903461062,0.0645328443877551,3238,385,17.86675979058673,0.7592223434234822,0.2774046034461307,0.9484601469542648,1.4855198225050328,2.5539921985238725,0.45617235575520004
../benchmarks/vggnet16_benchmark2022/segmented_outputs/object/n02259212_leafhopper.JPEG,n02259212_leafhopper.JPEG,6.5439148504003555,0.060247927295918366,3023,599,9.668745470685199,0.7210443909370226,0.2402162449678975,0.7182836946104697,2.4763486560159707,3.407961284005545,0.4547596803556405
../benchmarks/vggnet16_benchmark2022/segmented_outputs/object/n02085782_Japanese_spaniel.JPEG,n02085782_Japanese_spaniel.JPEG,6.882059406975108,0.08956473214285714,4494,149,11.123695064324322,0.6933845560219243,0.23916363712091862,0.9568215176336132,1.4380746023393876,3.0858917040142826,0.453854717799779
../benchmarks/vggnet16_benchmark2022/segmented_outputs/object/n01855672_goose.JPEG,n01855672_goose.JPEG,7.295277507838026,0.15937898596938777,7997,223,16.994005438510676,0.5225340861736543,0.10992228361752501,0.8132674640492905,4.678443256857939,8.853421611328171,0.45264674828182044
../benchmarks/vggnet16_benchmark2022/segmented_outputs/object/n01729322_hognose_snake.JPEG,n01729322_hognose_snake.JPEG,7.555280832977836,0.14514907525510204,7283,354,18.50829832422667,0.5831268053513057,0.1562065200390028,0.9066496051058256,4.587579937182522,8.585958888980045,0.45202134803199867
../benchmarks/vggnet16_benchmark2022/segmented_outputs/object/n02364673_guinea_pig.JPEG,n02364673_guinea_pig.JPEG,5.515835156903176,0.028599330357142856,1435,233,4.8297720378181275,0.8337992659578484,0.4142781481687408,0.9783870101542851,-1.3924985081165855,-2.3826596684826202,0.4515131715528898
../benchmarks/vggnet16_benchmark2022/segmented_outputs/object/n04355338_sundial.JPEG,n04355338_sundial.JPEG,7.041254104732363,0.16296635841836735,8177,146,15.010061789615383,0.5176886600121916,0.1476327858611885,0.827706440003583,4.148080782321312,8.126534277335548,0.4494122762762691
../benchmarks/vggnet16_benchmark2022/segmented_outputs/object/n11939491_daisy.JPEG,n11939491_daisy.JPEG,6.866005554066154,0.11519451530612244,5780,481,25.575718211541066,0.65447827378697,0.21902646969479597,0.8918996699330957,3.9184774473207065,6.900792097897169,0.44891898616168335
../benchmarks/vggnet16_benchmark2022/segmented_outputs/object/n04259630_sombrero.JPEG,n04259630_sombrero.JPEG,7.937096796324902,0.20667251275510204,10370,194,15.074244378621184,0.44560020564275504,0.06811751569081198,0.897537605950359,6.096082800460696,11.998952025984625,0.4475189760633155
../benchmarks/vggnet16_benchmark2022/segmented_outputs/object/n01737021_water_snake.JPEG,n01737021_water_snake.JPEG,6.528660964502972,0.12201052295918367,6122,232,5.8916953936648655,0.6117630459751081,0.1689730918114116,0.8759054208732626,2.7451039099711814,5.405265082124213,0.44692519328237673
../benchmarks/vggnet16_benchmark2022/segmented_outputs/background/n03733131_maypole.JPEG,n03733131_maypole.JPEG,6.398928994803118,0.18690210459183673,9378,1281,32.45209926258535,0.5683449422848734,0.3313091183101927,0.858884712434127,8.373877451351595,14.04364088456678,0.44480537201856424
../benchmarks/vggnet16_benchmark2022/segmented_outputs/object/n07717410_acorn_squash.JPEG,n07717410_acorn_squash.JPEG,7.205914270648263,0.11409837372448979,5725,501,31.24398339921378,0.6574396889943318,0.20106019139734893,0.8815042298348432,4.334745594628449,7.504388625873601,0.4441351754477318
../benchmarks/vggnet16_benchmark2022/segmented_outputs/object/n04251144_snorkel.JPEG,n04251144_snorkel.JPEG,5.9187248280411815,0.10989317602040816,5514,763,23.311454398042123,0.7062639835137283,0.44201931834919156,0.9195236297726725,3.375391058687262,5.592335097958278,0.44330431902088646
../benchmarks/vggnet16_benchmark2022/segmented_outputs/object/n03131574_crib.JPEG,n03131574_crib.JPEG,6.901804542966614,0.1441326530612245,7232,399,35.29888408876645,0.5919190900306568,0.21124940354124838,0.859444753830211,4.745071888543828,8.56117708063709,0.44215366933775047
../benchmarks/vggnet16_benchmark2022/segmented_outputs/object/n02107312_miniature_pinscher.JPEG,n02107312_miniature_pinscher.JPEG,7.293897652172417,0.15858179209183673,7957,500,29.657384389977942,0.5524659351240683,0.1650978428089257,0.8079413800287127,5.774194958580106,10.241410692016359,0.4394368807287277
../benchmarks/vggnet16_benchmark2022/segmented_outputs/object/n02091635_otterhound.JPEG,n02091635_otterhound.JPEG,7.615790419468485,0.11094945790816327,5567,192,6.545052123862288,0.6444905994017477,0.1232928054225236,0.9448362044897053,2.8245100188545513,5.624912109030576,0.43878520160932893
../benchmarks/vggnet16_benchmark2022/segmented_outputs/object/n02105855_Shetland_sheepdog.JPEG,n02105855_Shetland_sheepdog.JPEG,5.459471928555091,0.09677933673469388,4856,95,13.454926734917407,0.6817230260064814,0.38421668542255377,0.9015537098082234,0.36881253190883645,1.2434890077609857,0.43868610904544914
../benchmarks/vggnet16_benchmark2022/segmented_outputs/object/n02100735_English_setter.JPEG,n02100735_English_setter.JPEG,6.649224143459409,0.0631576849489796,3169,197,11.76601235616687,0.7296243618117494,0.19863832606544957,0.8724269847039541,1.097437115341854,1.9842871541482294,0.4384888072787116
../benchmarks/vggnet16_benchmark2022/segmented_outputs/object/n03126707_crane.JPEG,n03126707_crane.JPEG,6.391725521954245,0.07230548469387756,3628,260,13.414209060374372,0.7400821313628736,0.2605584505536156,0.9513400480447352,1.1386273102924072,2.239740728829568,0.43636635453286704
../benchmarks/vggnet16_benchmark2022/segmented_outputs/object/n02606052_rock_beauty.JPEG,n02606052_rock_beauty.JPEG,7.3655225047168305,0.16376355229591838,8217,686,16.32180990946597,0.573481614433874,0.14958469566958651,0.9227718977734292,6.1607949856292885,11.095212855390182,0.43625140006295327
../benchmarks/vggnet16_benchmark2022/segmented_outputs/background/n07720875_bell_pepper.JPEG,n07720875_bell_pepper.JPEG,5.496822682320047,0.06158322704081633,3090,773,7.588925772379426,0.8056132662710577,0.47438738019322013,0.950706448525072,1.3143685062618724,1.7623812069436047,0.4355633230287858
../benchmarks/vggnet16_benchmark2022/segmented_outputs/object/n04429376_throne.JPEG,n04429376_throne.JPEG,6.757309547660305,0.10134327168367346,5085,372,32.036060236540024,0.6770211566357358,0.2566153440798229,0.8586707213204922,3.1372556054898846,5.42928061173529,0.4350861398374694
../benchmarks/vggnet16_benchmark2022/segmented_outputs/background/n12768682_buckeye.JPEG,n12768682_buckeye.JPEG,5.326387918813641,0.05815529336734694,2918,140,7.304307073484846,0.7595770927646649,0.42588498038983236,0.8950468481816619,-0.9077237587740065,-1.3678899788662755,0.4334990967070126
../benchmarks/vggnet16_benchmark2022/segmented_outputs/background/n02791270_barbershop.JPEG,n02791270_barbershop.JPEG,4.392362048485772,0.05759725765306122,2890,171,6.810221898739673,0.7719220214978118,0.5435676302379495,0.8924690638962416,-1.6909237584293404,-2.763006298194133,0.4328228598787478
../benchmarks/vggnet16_benchmark2022/segmented_outputs/object/n03450230_gown.JPEG,n03450230_gown.JPEG,6.303936759040754,0.057716836734693876,2896,368,2.3394156390882643,0.7654607030355793,0.2423115085056729,0.9327644642420351,0.903084467883877,1.5885914809923976,0.4318785791901532
../benchmarks/vggnet16_benchmark2022/segmented_outputs/object/n02106662_German_shepherd.JPEG,n02106662_German_shepherd.JPEG,6.507988459477493,0.12051578443877552,6047,256,6.960893772104364,0.6076357779458951,0.2017447298745912,0.8056139344273645,2.7445740186472154,5.158713900577299,0.4305406340045478
../benchmarks/vggnet16_benchmark2022/segmented_outputs/object/n01751748_sea_snake.JPEG,n01751748_sea_snake.JPEG,5.96191511958465,0.05683992346938776,2852,553,13.729561933864067,0.7793799557530935,0.38431932235318356,0.8660669226290906,1.2222377353953493,1.6015282864184484,0.43001331077183697
../benchmarks/vggnet16_benchmark2022/segmented_outputs/object/n07693725_bagel.JPEG,n07693725_bagel.JPEG,7.021853001212049,0.10028698979591837,5032,298,14.285143164578157,0.676776913863773,0.21386302387786083,0.9058468453301787,2.552710136153653,4.7553525942470305,0.4265172833999714
../benchmarks/vggnet16_benchmark2022/segmented_outputs/object/n02346627_porcupine.JPEG,n02346627_porcupine.JPEG,7.372380208108679,0.10487085459183673,5262,98,9.43844537257203,0.6443299636963026,0.126051435072843,0.893687119860525,2.336344178367675,4.709517078254848,0.4263354574227282
../benchmarks/vggnet16_benchmark2022/segmented_outputs/object/n02088094_Afghan_hound.JPEG,n02088094_Afghan_hound.JPEG,6.370986260898661,0.0938297193877551,4708,305,11.271304457905183,0.6963349128761114,0.3079675248104704,0.9055034639453585,1.6617473718359608,3.168139411381211,0.42610788692647833
../benchmarks/vggnet16_benchmark2022/segmented_outputs/object/n02786058_Band_Aid.JPEG,n02786058_Band_Aid.JPEG,6.775381165707904,0.11603156887755102,5822,833,31.19551081065662,0.6769145603816313,0.2705739152201607,0.8481704679277032,5.157258086175013,8.404847820632904,0.4241247764790121
../benchmarks/vggnet16_benchmark2022/segmented_outputs/object/n02441942_weasel.JPEG,n02441942_weasel.JPEG,6.934813872233673,0.09648038903061225,4841,225,17.204850838368685,0.6804957786594912,0.20695588138596693,0.901779933165165,2.2573677053272627,4.283216102972837,0.4239881362440089
../benchmarks/vggnet16_benchmark2022/segmented_outputs/object/n01950731_sea_slug.JPEG,n01950731_sea_slug.JPEG,7.262664115859376,0.09982860331632654,5009,906,22.09270570216649,0.6943571431027635,0.18508339880827762,0.8156897012944724,5.342403633003886,8.456736674851847,0.4227028731067332
../benchmarks/vggnet16_benchmark2022/segmented_outputs/object/n10565667_scuba_diver.JPEG,n10565667_scuba_diver.JPEG,7.163969174980771,0.17596061862244897,8829,1353,33.47950430759192,0.5807075736589723,0.19998433690093814,0.8195754126992258,9.25279677090766,15.254229022284054,0.42191784253721976
../benchmarks/vggnet16_benchmark2022/segmented_outputs/object/n04367480_swab.JPEG,n04367480_swab.JPEG,7.456502490760446,0.1372967155612245,6889,781,13.167968901692916,0.6224610039540172,0.1384884154113522,0.8809896369469727,5.82749810207673,10.053153917174116,0.4213848701220151
../benchmarks/vggnet16_benchmark2022/segmented_outputs/object/n02966193_carousel.JPEG,n02966193_carousel.JPEG,5.826312111995703,0.1468231823979592,7367,1509,34.425265069600385,0.675998260102088,0.42524926310351274,0.8649380773964166,7.50892964808633,11.858768433483235,0.4205804609081336
../benchmarks/vggnet16_benchmark2022/segmented_outputs/object/n03482405_hamper.JPEG,n03482405_hamper.JPEG,7.542249024870368,0.24724968112244897,12406,1394,23.8942343906604,0.44324636527600036,0.13948483513221563,0.8474948857896301,11.430480998205267,19.77303739991668,0.41997568965057347
../benchmarks/vggnet16_benchmark2022/segmented_outputs/object/n06874185_traffic_light.JPEG,n06874185_traffic_light.JPEG,5.831344698408219,0.10204081632653061,5120,819,14.247569406217089,0.7318752206530287,0.43500978911290883,0.9406720231638466,3.0458136797209288,4.994433063910849,0.41989319094161065
../benchmarks/vggnet16_benchmark2022/segmented_outputs/object/n03498962_hatchet.JPEG,n03498962_hatchet.JPEG,5.770500280398026,0.09060108418367346,4546,234,10.192340599587398,0.7169470240985323,0.4004786828886108,0.9451128195448261,0.5796222999196151,1.4727842118635115,0.4186880332180705
../benchmarks/vggnet16_benchmark2022/segmented_outputs/object/n03240683_drilling_platform.JPEG,n03240683_drilling_platform.JPEG,6.529500005180095,0.031349649234693876,1573,112,9.572717303662639,0.7936586483645677,0.22254923378729025,0.8741014789642064,-0.32625555119086314,-0.6448783130979039,0.4169236600516315
../benchmarks/vggnet16_benchmark2022/segmented_outputs/object/n03733281_maze.JPEG,n03733281_maze.JPEG,7.513990435436472,0.09341119260204081,4687,168,23.239982768926634,0.6460814448115488,0.12186727252982407,0.7505459999185585,2.9244024541599862,5.051418880192702,0.4162838016910671
../benchmarks/vggnet16_benchmark2022/segmented_outputs/background/n04366367_suspension_bridge.JPEG,n04366367_suspension_bridge.JPEG,5.6166260567949475,0.14295679209183673,7173,935,29.288298464097558,0.6506922004146771,0.4467816330754674,0.8636514559276873,4.960876999402618,8.23449646601134,0.41621879496502806
../benchmarks/vggnet16_benchmark2022/segmented_outputs/object/n02128925_jaguar.JPEG,n02128925_jaguar.JPEG,7.2493656064430745,0.12721221301020408,6383,371,5.194227740647346,0.6340042303550464,0.1558805633812601,0.9520859335788916,3.553886889645953,6.828431821798865,0.4160945372745079
../benchmarks/vggnet16_benchmark2022/segmented_outputs/background/n03888605_parallel_bars.JPEG,n03888605_parallel_bars.JPEG,6.570895208991752,0.14628507653061223,7340,682,50.71070903728115,0.6195249556530528,0.28113755056280165,0.8386299982372578,5.824034276211137,9.890382942769428,0.4153804766546051
../benchmarks/vggnet16_benchmark2022/segmented_outputs/object/n01943899_conch.JPEG,n01943899_conch.JPEG,7.837622180439992,0.14554767219387754,7303,592,22.138769720972313,0.6007926260569095,0.10717392328452999,0.8915650312631667,5.855173015303209,10.389474657224898,0.4151771610045699
../benchmarks/vggnet16_benchmark2022/segmented_outputs/object/n02978881_cassette.JPEG,n02978881_cassette.JPEG,7.781483915406094,0.19391741071428573,9730,841,22.682425409419594,0.49648373079923924,0.08086188182821487,0.7866013927312812,8.335533149676031,14.531346578402696,0.4139737357182311
../benchmarks/vggnet16_benchmark2022/segmented_outputs/object/n04286575_spotlight.JPEG,n04286575_spotlight.JPEG,6.343266204966457,0.11517458545918367,5779,677,19.08167487163876,0.6909633318716539,0.3367346705051627,0.9268440664262643,3.6393380116922867,6.271841879804526,0.4132716132494633
../benchmarks/vggnet16_benchmark2022/segmented_outputs/background/n02102040_English_springer.JPEG,n02102040_English_springer.JPEG,5.994867820866414,0.17482461734693877,8772,1221,20.154103030362705,0.6091148129885551,0.40235307997881486,0.9032005957547822,6.897735462932426,11.653927899364106,0.40921795775654335
../benchmarks/vggnet16_benchmark2022/segmented_outputs/object/n02086646_Blenheim_spaniel.JPEG,n02086646_Blenheim_spaniel.JPEG,6.18337875677746,0.06859853316326531,3442,476,20.681496420339236,0.7525112387709214,0.36828302388216216,0.8345227273824471,1.6088980931106391,2.3466253388503233,0.40905011415098746
../benchmarks/vggnet16_benchmark2022/segmented_outputs/object/n04592741_wing.JPEG,n04592741_wing.JPEG,7.290825188784377,0.028021364795918366,1406,181,2.683679364751873,0.820562317905529,0.16722200675109167,0.9711531540816085,0.03246976530437817,0.12653141734684237,0.40893100508478386
../benchmarks/vggnet16_benchmark2022/segmented_outputs/object/n02280649_cabbage_butterfly.JPEG,n02280649_cabbage_butterfly.JPEG,6.640791266476947,0.12268813775510204,6156,519,39.54822770034173,0.656273791185292,0.25823015394859056,0.8623935382888681,4.358328280956868,7.49914842909808,0.4087477506517705
../benchmarks/vggnet16_benchmark2022/segmented_outputs/object/n02096294_Australian_terrier.JPEG,n02096294_Australian_terrier.JPEG,7.145093525688349,0.12099410076530612,6071,135,7.2473146880885375,0.6322836075991254,0.13496488831263304,0.9440685472508559,2.6156167488420534,5.4442886483289,0.4075425653017696
../benchmarks/vggnet16_benchmark2022/segmented_outputs/object/n01484850_great_white_shark.JPEG,n01484850_great_white_shark.JPEG,7.555957571596769,0.0965999681122449,4847,248,11.059345251094033,0.6816685244013103,0.13115504624292895,0.9204792259111907,2.688466011832884,5.080566095096402,0.40673183851137307
../benchmarks/vggnet16_benchmark2022/segmented_outputs/object/n03908618_pencil_box.JPEG,n03908618_pencil_box.JPEG,4.904839743039813,0.07639110331632654,3833,569,10.32994663898875,0.780520115573016,0.5338152352571913,0.9519249996538148,0.49224459735512727,0.7484344990014536,0.40530710043718005
../benchmarks/vggnet16_benchmark2022/segmented_outputs/object/n03255030_dumbbell.JPEG,n03255030_dumbbell.JPEG,4.772816237528912,0.08579799107142858,4305,881,15.1777906543342,0.7792447571476047,0.5434554443923817,0.9318052625324589,1.9661421624205069,2.8778605939898223,0.40404555335154896
../benchmarks/vggnet16_benchmark2022/segmented_outputs/object/n02094433_Yorkshire_terrier.JPEG,n02094433_Yorkshire_terrier.JPEG,6.072409220478199,0.06808035714285714,3416,355,21.881499398888472,0.7599102677363182,0.3073803089053984,0.9033302185512868,1.2909438488681926,2.147962326270987,0.40307578861628235
../benchmarks/vggnet16_benchmark2022/segmented_outputs/background/n03944341_pinwheel.JPEG,n03944341_pinwheel.JPEG,4.4672126173909525,0.07170758928571429,3598,1002,12.66828460006898,0.8006059622651507,0.6165502073618907,0.8526117109901301,1.640489736265112,1.8247932922078713,0.4026384641041026
../benchmarks/vggnet16_benchmark2022/segmented_outputs/object/n07718747_artichoke.JPEG,n07718747_artichoke.JPEG,7.1244337011787255,0.13243383290816327,6645,675,28.607303547653903,0.6390181692816331,0.18937574239044458,0.8664109727699861,5.364377941876132,9.202240209146574,0.40138429419154714
../benchmarks/vggnet16_benchmark2022/segmented_outputs/object/n02105641_Old_English_sheepdog.JPEG,n02105641_Old_English_sheepdog.JPEG,6.434240878698683,0.11443718112244898,5742,332,16.48783369616135,0.6650257636082058,0.28751546343157436,0.9004838271064495,2.5347022011476903,4.784417773372509,0.4001709041128937
../benchmarks/vggnet16_benchmark2022/segmented_outputs/object/n03337140_file.JPEG,n03337140_file.JPEG,5.7375178209086855,0.043626434948979595,2189,299,8.819091700158774,0.7984539901388188,0.32063412534300706,0.8941405367361415,-0.11534252033425885,-0.3561174630577053,0.3997094330840703
../benchmarks/vggnet16_benchmark2022/segmented_outputs/object/n02807133_bathing_cap.JPEG,n02807133_bathing_cap.JPEG,7.4429542926872765,0.09520487882653061,4777,519,16.849052749306985,0.6894788118031346,0.1428228238689529,0.849520507642713,3.80556058033985,6.408012591863656,0.3994305994045697
../benchmarks/vggnet16_benchmark2022/segmented_outputs/object/n02892767_brassiere.JPEG,n02892767_brassiere.JPEG,6.473339866562359,0.07093032525510204,3559,464,2.9663338454008885,0.7680941823772063,0.2813026805091905,0.9767376399043485,1.4084732665699673,2.5398382661862278,0.3991092421206117
../benchmarks/vggnet16_benchmark2022/segmented_outputs/object/n04356056_sunglasses.JPEG,n04356056_sunglasses.JPEG,7.0838174691855915,0.13767538265306123,6908,16,38.18904564179708,0.5687250265822049,0.14164549343271993,0.7653478532430018,3.661793268641662,6.893987324737719,0.39857049276830925
../benchmarks/vggnet16_benchmark2022/segmented_outputs/object/n02093859_Kerry_blue_terrier.JPEG,n02093859_Kerry_blue_terrier.JPEG,6.035701293349657,0.11933992346938775,5988,857,17.932426994891077,0.6983038566383135,0.3900412774028632,0.9124922265023558,4.029862900606055,6.709372492122606,0.3984158832539142
../benchmarks/vggnet16_benchmark2022/segmented_outputs/object/n03961711_plate_rack.JPEG,n03961711_plate_rack.JPEG,6.886659164170021,0.09865274234693877,4950,483,8.844609007392615,0.6823364904525044,0.2009679103866851,0.848156673280301,3.0782671979748386,5.294509750313226,0.39840268959461267
../benchmarks/vggnet16_benchmark2022/segmented_outputs/object/n02504458_African_elephant.JPEG,n02504458_African_elephant.JPEG,6.031487352946507,0.09002311862244898,4517,287,15.285797575535964,0.7100669318079141,0.3198312915196051,0.8897025977356472,1.3916286023037,2.6302623273100663,0.39807499360061066
../benchmarks/vggnet16_benchmark2022/segmented_outputs/object/n02489166_proboscis_monkey.JPEG,n02489166_proboscis_monkey.JPEG,7.585187347606247,0.1984016262755102,9955,706,20.75791098317353,0.504174614197389,0.125238891693328,0.8587774578659609,7.503381623314868,13.511064133855513,0.3970100278563133
../benchmarks/vggnet16_benchmark2022/segmented_outputs/object/n02974003_car_wheel.JPEG,n02974003_car_wheel.JPEG,7.320128228558583,0.17426658163265307,8744,289,24.943131157183487,0.5303662797446766,0.14222882957968414,0.8589066102743665,5.24566969376292,9.926518703759346,0.3955023627789686
../benchmarks/vggnet16_benchmark2022/segmented_outputs/object/n02099712_Labrador_retriever.JPEG,n02099712_Labrador_retriever.JPEG,6.556945313719375,0.1158920599489796,5815,119,8.21179689509162,0.6567135987476902,0.21520348574382137,0.9651074078379807,1.8183032616378119,4.0893445431139686,0.39547152433769245
../benchmarks/vggnet16_benchmark2022/segmented_outputs/object/n01601694_water_ouzel.JPEG,n01601694_water_ouzel.JPEG,6.741532876257177,0.09458705357142858,4746,204,14.601735536524735,0.6366095472242319,0.18142139875088034,0.6748265175692572,2.362595819919057,3.9259807880091606,0.3940935090270325
../benchmarks/vggnet16_benchmark2022/segmented_outputs/object/n02988304_CD_player.JPEG,n02988304_CD_player.JPEG,7.2616459736251056,0.12314652423469388,6179,410,39.333422989708126,0.6422029852772132,0.16267043289229638,0.8488400149226473,4.608014435846545,8.047258397126315,0.3934530413047896
../benchmarks/vggnet16_benchmark2022/segmented_outputs/object/n02009229_little_blue_heron.JPEG,n02009229_little_blue_heron.JPEG,6.97669878684485,0.08163265306122448,4096,286,18.481012044661107,0.7062790185717822,0.16684568838638236,0.8462269351948141,2.3304005650466233,4.041699634458682,0.3929770434021457
../benchmarks/vggnet16_benchmark2022/segmented_outputs/object/n03372029_flute.JPEG,n03372029_flute.JPEG,7.523860297912787,0.14945392219387754,7499,502,25.887195694706918,0.5890766193988348,0.14626539971604322,0.8451976529233199,5.464231174278395,9.727705130252223,0.39174612699201733
../benchmarks/vggnet16_benchmark2022/segmented_outputs/background/n02823428_beer_bottle.JPEG,n02823428_beer_bottle.JPEG,5.199541776945633,0.10516980229591837,5277,697,17.83190636578967,0.7356567187848828,0.5535414723448033,0.9295974953488438,1.9854977388921944,3.293856724489473,0.39163388667698057
../benchmarks/vggnet16_benchmark2022/segmented_outputs/background/n02802426_basketball.JPEG,n02802426_basketball.JPEG,5.775433856922189,0.13950892857142858,7000,913,21.987969930347788,0.6653752937819049,0.42341640680580556,0.894847564139426,4.658822532744061,7.837722496776101,0.39080521307587485
../benchmarks/vggnet16_benchmark2022/segmented_outputs/object/n07684084_French_loaf.JPEG,n07684084_French_loaf.JPEG,7.039412473113861,0.041912468112244895,2103,192,6.535289694421843,0.776135213698923,0.1872493555300416,0.851978195649856,0.5048510837792074,0.7296805022377697,0.38947698272825265
../benchmarks/vggnet16_benchmark2022/segmented_outputs/object/n03710721_maillot.JPEG,n03710721_maillot.JPEG,6.334830547236421,0.08623644770408163,4327,489,11.146079196103809,0.7240811833092554,0.31702449939605715,0.866690501951771,2.0698401464493212,3.4475568325881083,0.3891230514945906
../benchmarks/vggnet16_benchmark2022/segmented_outputs/object/n04525305_vending_machine.JPEG,n04525305_vending_machine.JPEG,7.398625152970954,0.2085857780612245,10466,1422,36.56882796330278,0.5292870666715472,0.16184374187441847,0.8187371216776578,10.670751460838886,17.890482038329505,0.3884808998508897
../benchmarks/vggnet16_benchmark2022/segmented_outputs/object/n03259280_Dutch_oven.JPEG,n03259280_Dutch_oven.JPEG,6.501409170658051,0.08902662627551021,4467,386,17.034193895454486,0.7256092278087991,0.31061618761837895,0.9138419345286166,1.9498060013921426,3.4792961487361063,0.38831466908566015
../benchmarks/vggnet16_benchmark2022/segmented_outputs/object/n04372370_switch.JPEG,n04372370_switch.JPEG,7.007296895838239,0.07738759566326531,3883,16,14.647852445002993,0.7074601299481755,0.19424084240313322,0.8750012941367524,0.9546140678193313,2.0809615149570626,0.38710547197222595
../benchmarks/vggnet16_benchmark2022/segmented_outputs/object/n02132136_brown_bear.JPEG,n02132136_brown_bear.JPEG,7.919799748350627,0.16499920280612246,8279,406,8.247117476889645,0.5666027705496912,0.08657827560074963,0.9508351152770933,5.295921918059431,10.107706452862136,0.3863402109229011
../benchmarks/vggnet16_benchmark2022/segmented_outputs/background/n07754684_jackfruit.JPEG,n07754684_jackfruit.JPEG,7.107673167610182,0.16394292091836735,8226,870,24.32575320529137,0.5968395052821733,0.2459651938654546,0.8681366892236054,6.537951246589348,11.278406194053492,0.38611309697213625
../benchmarks/vggnet16_benchmark2022/segmented_outputs/object/n02002724_black_stork.JPEG,n02002724_black_stork.JPEG,6.7401906367903885,0.13349011479591838,6698,178,20.367254208689506,0.6028223294925057,0.17834615051282587,0.8412659761382444,3.2348366216616817,6.220932562981172,0.3856744082626361
../benchmarks/vggnet16_benchmark2022/segmented_outputs/object/n03868863_oxygen_mask.JPEG,n03868863_oxygen_mask.JPEG,7.526915135183478,0.14002710459183673,7026,363,17.346553820520782,0.5946831460804076,0.1318396640818346,0.8384244951058666,4.5229719265526125,8.247553856967963,0.38528443932531153
../benchmarks/vggnet16_benchmark2022/segmented_outputs/object/n02107574_Greater_Swiss_Mountain_dog.JPEG,n02107574_Greater_Swiss_Mountain_dog.JPEG,7.286943573101007,0.1542171556122449,7738,332,36.116304120393835,0.556648938974551,0.12159457018219055,0.7662041547508811,5.359590012664372,9.566140026656202,0.38484960368381266
../benchmarks/vggnet16_benchmark2022/segmented_outputs/object/n02356798_fox_squirrel.JPEG,n02356798_fox_squirrel.JPEG,6.700633565540352,0.1278698979591837,6416,246,28.893923098758762,0.6234947721422159,0.19578797742549792,0.8431532913973114,3.472980147111349,6.428072639247061,0.38438658310796786
../benchmarks/vggnet16_benchmark2022/segmented_outputs/object/n03384352_forklift.JPEG,n03384352_forklift.JPEG,7.184859107302321,0.12384406887755102,6214,576,25.57779490970203,0.6293600144065916,0.17241792769827857,0.7671896894872661,4.890941857908778,8.204836585537734,0.384149520218535
../benchmarks/vggnet16_benchmark2022/segmented_outputs/object/n02877765_bottlecap.JPEG,n02877765_bottlecap.JPEG,6.979814974683059,0.10463169642857142,5250,391,18.73686710735663,0.6912857063637008,0.23554504190868294,0.9131236502801743,2.9398419691364435,5.316046224726692,0.3840168652800991
../benchmarks/vggnet16_benchmark2022/segmented_outputs/object/n04033901_quill.JPEG,n04033901_quill.JPEG,7.477923205191785,0.061623086734693876,3092,267,6.16848547054977,0.7529950793101897,0.14593540130772142,0.9066484124136329,1.563758601837772,2.7768580028583063,0.38309868688212795
../benchmarks/vggnet16_benchmark2022/segmented_outputs/object/n02113023_Pembroke.JPEG,n02113023_Pembroke.JPEG,6.153703723076616,0.08693399234693877,4362,93,21.91730098440457,0.710324268222168,0.3262302005488173,0.8809094719763197,0.7784324540809977,1.7256436829239035,0.38281561153427396
../benchmarks/vggnet16_benchmark2022/segmented_outputs/object/n02172182_dung_beetle.JPEG,n02172182_dung_beetle.JPEG,7.02653444035907,0.09628109056122448,4831,360,8.688996470900847,0.6850796568770483,0.17076980452166565,0.8628437954828956,2.69100360492562,4.8092550918249835,0.3827083022031902
../benchmarks/vggnet16_benchmark2022/segmented_outputs/background/n07753113_fig.JPEG,n07753113_fig.JPEG,5.7676475950502955,0.1623485331632653,8146,1063,24.733809982266862,0.6323575301942785,0.4296304443773825,0.8874875167892465,5.87124944988627,9.903571720611257,0.3825955056231419
../benchmarks/vggnet16_benchmark2022/segmented_outputs/object/n03443371_goblet.JPEG,n03443371_goblet.JPEG,5.901586355021935,0.10628587372448979,5333,197,6.038283495985189,0.6948055861445817,0.34274133795574657,0.9711781520005116,0.948418199486599,2.411059871734512,0.3813935341124687
../benchmarks/vggnet16_benchmark2022/segmented_outputs/object/n03345487_fire_engine.JPEG,n03345487_fire_engine.JPEG,6.540925549077896,0.1403858418367347,7044,612,18.127344837750904,0.642378523025276,0.2703623861110341,0.9277583814560457,4.3568483407192415,7.853481023230311,0.38054416881547243
../benchmarks/vggnet16_benchmark2022/segmented_outputs/background/n02093859_Kerry_blue_terrier.JPEG,n02093859_Kerry_blue_terrier.JPEG,5.425764531997464,0.10078523596938775,5057,752,20.28117567284865,0.7407072526067257,0.4780652497387392,0.9085944463304421,2.56147604209278,4.113037130000057,0.38048192509677703
../benchmarks/vggnet16_benchmark2022/segmented_outputs/object/n03680355_Loafer.JPEG,n03680355_Loafer.JPEG,7.2241722276742655,0.1392498405612245,6987,338,15.25052730645055,0.6032677545335344,0.14589851140701604,0.8667258358339719,4.123321593721193,7.680546106800783,0.3798941833773431
../benchmarks/vggnet16_benchmark2022/segmented_outputs/object/n02814860_beacon.JPEG,n02814860_beacon.JPEG,7.751947409023259,0.08868781887755102,4450,227,11.591684468833316,0.7014541175761285,0.12672093799588915,0.9122645706476449,2.469648242160331,4.619864206080582,0.3790102178164504
../benchmarks/vggnet16_benchmark2022/segmented_outputs/object/n02930766_cab.JPEG,n02930766_cab.JPEG,6.960847169119139,0.12171157525510204,6107,840,26.739907665063082,0.6727099521359368,0.24694125289488708,0.8355323056336088,5.324203600393338,8.728881308798977,0.37809208337764594
../benchmarks/vggnet16_benchmark2022/segmented_outputs/object/n04149813_scoreboard.JPEG,n04149813_scoreboard.JPEG,6.012832200511521,0.0791812818877551,3973,390,14.157614715269467,0.7572655210451598,0.3778056804349851,0.9351341802365697,1.090051111218612,1.971769437520164,0.37756350293273827
../benchmarks/vggnet16_benchmark2022/segmented_outputs/background/n03476991_hair_spray.JPEG,n03476991_hair_spray.JPEG,3.7037495693447378,0.04743303571428571,2380,645,12.551847516515707,0.8496816813909261,0.6784732409583394,0.8973384205095898,-1.011144588241103,-2.3713289281068874,0.3775445888852245
../benchmarks/vggnet16_benchmark2022/segmented_outputs/object/n03180011_desktop_computer.JPEG,n03180011_desktop_computer.JPEG,6.221487284731267,0.13795440051020408,6922,635,17.645596959887147,0.6588391211065265,0.37017227998581625,0.9338356888071202,3.7918032992050685,6.825887190875033,0.3762896535026642
../benchmarks/vggnet16_benchmark2022/segmented_outputs/object/n02841315_binoculars.JPEG,n02841315_binoculars.JPEG,4.17967446842926,0.04751275510204082,2384,289,3.9234985631756496,0.8356638607612923,0.5954678523387016,0.9718360290474163,-2.127405851576869,-3.561797477059939,0.3761312785913405
../benchmarks/vggnet16_benchmark2022/segmented_outputs/object/n03014705_chest.JPEG,n03014705_chest.JPEG,6.150851785463201,0.060845822704081634,3053,246,5.4917000006812176,0.7776695754963048,0.32014939039542334,0.94010417868728,0.11660113697777463,0.39722564255432324,0.3755350811261544
../benchmarks/vggnet16_benchmark2022/segmented_outputs/background/n03476684_hair_slide.JPEG,n03476684_hair_slide.JPEG,5.243956005874703,0.14873644770408162,7463,1462,41.81442834709256,0.687281229721181,0.4951650392889375,0.8456578440997825,7.008120462047703,10.974355090809308,0.3754965286034447
../benchmarks/vggnet16_benchmark2022/segmented_outputs/object/n07248320_book_jacket.JPEG,n07248320_book_jacket.JPEG,6.902885503334287,0.10132334183673469,5084,640,16.769405849093594,0.6987992518616623,0.21371355347458437,0.8539638205644731,3.849241327013595,6.389881094936154,0.3747874585347764
../benchmarks/vggnet16_benchmark2022/segmented_outputs/object/n03085013_computer_keyboard.JPEG,n03085013_computer_keyboard.JPEG,7.4327965941970895,0.15009167729591838,7531,154,17.24388785021889,0.5648027178333336,0.11847188844513834,0.8366715432576532,4.023422325025147,7.766517983048675,0.37455988146211255
../benchmarks/vggnet16_benchmark2022/segmented_outputs/object/n03887697_paper_towel.JPEG,n03887697_paper_towel.JPEG,5.905267197816338,0.087890625,4410,499,14.027922437028671,0.7475057985644813,0.4208141189252158,0.919572623678572,1.5137217947301052,2.5904873829530946,0.37440171137798617
../benchmarks/vggnet16_benchmark2022/segmented_outputs/object/n03617480_kimono.JPEG,n03617480_kimono.JPEG,5.725641266743514,0.08681441326530612,4356,488,21.736540068557947,0.7532364729681831,0.37221413363017153,0.9387659725736388,1.7670902921876923,3.051571653782976,0.3740347498050938
../benchmarks/vggnet16_benchmark2022/segmented_outputs/object/n03706229_magnetic_compass.JPEG,n03706229_magnetic_compass.JPEG,6.821274540505408,0.18696189413265307,9381,706,20.544062251332825,0.5569763043225305,0.2793723259221723,0.9075733389413421,6.113305780918974,11.113849303034131,0.37279174637965984
../benchmarks/vggnet16_benchmark2022/segmented_outputs/object/n02107908_Appenzeller.JPEG,n02107908_Appenzeller.JPEG,7.4330052588969275,0.16396285076530612,8227,419,21.102730943646694,0.575377448706716,0.173317987556213,0.9044540644685314,5.1470656121224,9.608319504473837,0.37276721541614766
../benchmarks/vggnet16_benchmark2022/segmented_outputs/object/n03314780_face_powder.JPEG,n03314780_face_powder.JPEG,7.227848816540757,0.17313058035714285,8687,534,7.4758022349376905,0.5617613667450627,0.15022118098378184,0.9254606752952118,5.435132808842674,10.20363897337098,0.3727275519101932
../benchmarks/vggnet16_benchmark2022/segmented_outputs/object/n02906734_broom.JPEG,n02906734_broom.JPEG,6.1879206905827395,0.06210140306122449,3116,162,16.809197601371466,0.7662954107171813,0.33562187545374883,0.8924980637291952,0.16129879475075526,0.39140309452607625,0.3727160272459861
../benchmarks/vggnet16_benchmark2022/segmented_outputs/object/n02814533_beach_wagon.JPEG,n02814533_beach_wagon.JPEG,5.7127385045845305,0.11025191326530612,5532,470,16.124634461984986,0.7130387875700264,0.4536608646607361,0.9461923852034582,1.8089460319670567,3.4030486549342585,0.3721836808743126
../benchmarks/vggnet16_benchmark2022/segmented_outputs/object/n03692522_loupe.JPEG,n03692522_loupe.JPEG,7.111641068035123,0.07499601403061225,3763,16,11.693493718661065,0.726504003877423,0.17794986267917728,0.9300227096702095,0.8135269187660663,1.9744859006007554,0.371536182572351
../benchmarks/vggnet16_benchmark2022/segmented_outputs/object/n04523525_vault.JPEG,n04523525_vault.JPEG,6.765121710683395,0.10293765943877552,5165,196,12.992404872860076,0.670456259190555,0.18097326732728664,0.8692092346241884,2.2064436618093946,4.251240475986808,0.3709310896031767
../benchmarks/vggnet16_benchmark2022/segmented_outputs/object/n04536866_violin.JPEG,n04536866_violin.JPEG,6.17678254755257,0.07372050382653061,3699,192,20.175326492441357,0.7530980153343219,0.3257677727971225,0.9196650883347526,0.6741696690882317,1.3956247428304782,0.37080084822552634
../benchmarks/vggnet16_benchmark2022/segmented_outputs/object/n02676566_acoustic_guitar.JPEG,n02676566_acoustic_guitar.JPEG,6.91012736160622,0.14409279336734693,7230,16,40.230171802151844,0.5931032698256882,0.22874171727815956,0.8570147162441754,3.267085147288329,6.470712982930642,0.3707010368851108
../benchmarks/vggnet16_benchmark2022/segmented_outputs/object/n02099429_curly-coated_retriever.JPEG,n02099429_curly-coated_retriever.JPEG,6.547593481963364,0.13895089285714285,6972,243,13.162772886875466,0.6254480527299644,0.2101730948320543,0.9523555814577884,3.026515777548698,6.157275030380083,0.37039520571961626
../benchmarks/vggnet16_benchmark2022/segmented_outputs/object/n02086079_Pekinese.JPEG,n02086079_Pekinese.JPEG,6.550852799630345,0.1075015943877551,5394,144,15.387428942702897,0.6786101816481168,0.2273406612352981,0.9340920090116147,1.8252299567843415,3.851342747390169,0.369943036752819
../benchmarks/vggnet16_benchmark2022/segmented_outputs/object/n03100240_convertible.JPEG,n03100240_convertible.JPEG,6.594904576766212,0.13303172831632654,6675,343,27.330492722656217,0.6438971797524344,0.2555649176651098,0.914812379465462,3.5001249711927134,6.571288756105135,0.3695123072419476
../benchmarks/vggnet16_benchmark2022/segmented_outputs/object/n04487081_trolleybus.JPEG,n04487081_trolleybus.JPEG,7.227272115234571,0.1676299426020408,8411,809,25.449067479259973,0.5902323580176051,0.18300674835439917,0.8846465661443634,6.707663239162262,11.735213817038801,0.36949932791228873
../benchmarks/vggnet16_benchmark2022/segmented_outputs/object/n02895154_breastplate.JPEG,n02895154_breastplate.JPEG,7.161546837037296,0.12788982780612246,6417,326,46.591933430415594,0.6260722022096711,0.15945520608019162,0.7964967152689174,4.631280012251616,8.0635434250194,0.3693487562136699
../benchmarks/vggnet16_benchmark2022/segmented_outputs/object/n02317335_starfish.JPEG,n02317335_starfish.JPEG,6.981820550332127,0.21584024234693877,10830,183,14.23340435238628,0.42180502638071554,0.12089421599306496,0.7545937035978831,5.743308475298459,11.150206356043856,0.36882426595199236
../benchmarks/vggnet16_benchmark2022/segmented_outputs/object/n04037443_racer.JPEG,n04037443_racer.JPEG,7.367471300991142,0.16306600765306123,8182,939,32.51885444459887,0.586762745078439,0.1758693215944092,0.7868396424769124,7.482886477588171,12.550000549159707,0.368722339543423
../benchmarks/vggnet16_benchmark2022/segmented_outputs/object/n02120079_Arctic_fox.JPEG,n02120079_Arctic_fox.JPEG,5.854326648280027,0.08603714923469388,4317,117,11.814655058847617,0.7314957241812496,0.40068564270991935,0.9345829990474595,0.02592728249402032,0.5828086160646113,0.3686713761971337
../benchmarks/vggnet16_benchmark2022/segmented_outputs/background/n02981792_catamaran.JPEG,n02981792_catamaran.JPEG,4.4226633268624465,0.10239955357142858,5138,916,20.481779150158836,0.7629292277796015,0.6170480671001024,0.9104850098929633,2.2019956026288847,3.2918250892840635,0.3683082072213405
../benchmarks/vggnet16_benchmark2022/segmented_outputs/object/n02074367_dugong.JPEG,n02074367_dugong.JPEG,7.205438095326608,0.07591278698979592,3809,108,31.659445408571187,0.7149715916256352,0.17307048051083246,0.8233662780383026,1.9290459502990607,3.36786928714086,0.36741311104416985
../benchmarks/vggnet16_benchmark2022/segmented_outputs/object/n02747177_ashcan.JPEG,n02747177_ashcan.JPEG,6.606496253398453,0.05064174107142857,2541,458,7.619983558301951,0.8139084529327444,0.2677734275012187,0.9639836058322802,1.0381704444348763,1.6449423116044266,0.36734306493913627
../benchmarks/vggnet16_benchmark2022/segmented_outputs/object/n02095889_Sealyham_terrier.JPEG,n02095889_Sealyham_terrier.JPEG,7.511786823678944,0.17243303571428573,8652,243,22.764029307882296,0.535046060694469,0.10821531692766369,0.8548479550576004,5.140442811804235,9.79228893502977,0.36579455196582145
../benchmarks/vggnet16_benchmark2022/segmented_outputs/background/n07747607_orange.JPEG,n07747607_orange.JPEG,6.1314664639983585,0.06995376275510204,3510,577,10.394577225842054,0.7861045413208634,0.38737865755702217,0.9244182371419968,1.426720072207847,2.201451425837674,0.36491042791389616
../benchmarks/vggnet16_benchmark2022/segmented_outputs/object/n03764736_milk_can.JPEG,n03764736_milk_can.JPEG,5.256390332921925,0.10387436224489796,5212,16,13.32219722999689,0.6889155785176047,0.37087972197471897,0.9231748585216184,0.07880094085376099,0.977228078924685,0.3640614787690233
../benchmarks/vggnet16_benchmark2022/segmented_outputs/object/n02486261_patas.JPEG,n02486261_patas.JPEG,6.956751540192741,0.09384964923469388,4709,181,22.90584907391394,0.6825263657890096,0.16759406770341878,0.8268581013833682,2.3578502086833284,4.262914410145035,0.36372619240304244
../benchmarks/vggnet16_benchmark2022/segmented_outputs/object/n10148035_groom.JPEG,n10148035_groom.JPEG,6.130440027808977,0.13739636479591838,6894,974,29.066666233505345,0.6746900650185006,0.3818896069292182,0.8705946873428672,5.325339505151874,8.766738194948594,0.36368571911646
../benchmarks/vggnet16_benchmark2022/segmented_outputs/object/n03208938_disk_brake.JPEG,n03208938_disk_brake.JPEG,6.6096137074340255,0.11077008928571429,5558,277,21.894568408798946,0.6823665918924426,0.2342078779165127,0.9202384156528156,2.582987466653891,4.923526257345188,0.36216721234731875
../benchmarks/vggnet16_benchmark2022/segmented_outputs/background/n04019541_puck.JPEG,n04019541_puck.JPEG,5.008631852829012,0.11806441326530612,5924,489,16.44301001247384,0.7081167183528656,0.5355525549452165,0.9407927708531005,1.4596418131470177,2.838581543545449,0.36143323959008355
../benchmarks/vggnet16_benchmark2022/segmented_outputs/background/n02277742_ringlet.JPEG,n02277742_ringlet.JPEG,6.089319473751342,0.14335538903061223,7193,612,22.805503775281835,0.6478895411214823,0.39829094256575703,0.898947890758335,3.8446126514164627,6.869180731541257,0.3613843821956632
../benchmarks/vggnet16_benchmark2022/segmented_outputs/object/n03775071_mitten.JPEG,n03775071_mitten.JPEG,7.396423445750294,0.14108338647959184,7079,147,6.980636639226832,0.6077475833873583,0.12160125893956471,0.9505610005808902,3.257318637400581,6.730650723617948,0.3605403881558992
../benchmarks/vggnet16_benchmark2022/segmented_outputs/object/n02783161_ballpoint.JPEG,n02783161_ballpoint.JPEG,5.629788292108563,0.029356664540816327,1473,283,5.106012752578193,0.861235197923794,0.47453976102235734,0.9571855146715604,-1.528140868474844,-2.7700787588065943,0.36002683353349296
../benchmarks/vggnet16_benchmark2022/segmented_outputs/object/n01986214_hermit_crab.JPEG,n01986214_hermit_crab.JPEG,6.616979109631059,0.04739317602040816,2378,208,5.885129029154216,0.7977344097829143,0.2576774289598731,0.9257957795405811,0.06587148616523786,0.1895460858214426,0.35901177417301317
../benchmarks/vggnet16_benchmark2022/segmented_outputs/object/n01828970_bee_eater.JPEG,n01828970_bee_eater.JPEG,6.627759359374615,0.07826450892857142,3927,526,22.517589143283704,0.7448206046428041,0.2666959815048382,0.8394968348330053,2.6194109486424138,4.119294628180629,0.3587233278348769
../benchmarks/vggnet16_benchmark2022/segmented_outputs/object/n02102177_Welsh_springer_spaniel.JPEG,n02102177_Welsh_springer_spaniel.JPEG,7.713084279147874,0.16671316964285715,8365,340,32.58816680886359,0.5500206798162898,0.10710898123901241,0.8212637079218694,5.732793275075137,10.464432878272744,0.3586372809561695
../benchmarks/vggnet16_benchmark2022/segmented_outputs/object/n02096437_Dandie_Dinmont.JPEG,n02096437_Dandie_Dinmont.JPEG,7.187066789771161,0.15931919642857142,7994,192,12.749831935727347,0.5456336478811928,0.11958248217817066,0.808101667152699,4.201362698098268,8.077468391297336,0.35863658648839103
../benchmarks/vggnet16_benchmark2022/segmented_outputs/background/n02017213_European_gallinule.JPEG,n02017213_European_gallinule.JPEG,6.500943779334271,0.18556680484693877,9311,918,25.37602216451837,0.5740848572064202,0.3330944024790476,0.8701788447154584,6.663466941716792,11.630628259011631,0.3585443812633919
../benchmarks/vggnet16_benchmark2022/segmented_outputs/object/n01910747_jellyfish.JPEG,n01910747_jellyfish.JPEG,6.630466302102688,0.1421795280612245,7134,1049,34.470122647024525,0.6687497831844942,0.3171265574880685,0.8725169321093321,6.341060521275851,10.426992988676455,0.35781252049861656
../benchmarks/vggnet16_benchmark2022/segmented_outputs/object/n04310018_steam_locomotive.JPEG,n04310018_steam_locomotive.JPEG,6.831873942453138,0.12938456632653061,6492,419,14.358641022647124,0.6582810535373985,0.23486332714619051,0.9447281034192037,3.443560249319893,6.497657823833118,0.3572201874467159
../benchmarks/vggnet16_benchmark2022/segmented_outputs/object/n04275548_spider_web.JPEG,n04275548_spider_web.JPEG,7.478985186415579,0.0712093431122449,3573,520,24.26110666197133,0.7309666559596475,0.13945954329395926,0.7624722541233628,3.4421287241969596,5.270851413026071,0.3569949934946266
../benchmarks/vggnet16_benchmark2022/segmented_outputs/object/n02091831_Saluki.JPEG,n02091831_Saluki.JPEG,7.142347538284783,0.1493542729591837,7494,392,13.915637477720173,0.6116397611348633,0.20593314689045705,0.9276355325822581,4.139892693442857,7.878987787613741,0.3567094463409771
../benchmarks/vggnet16_benchmark2022/segmented_outputs/background/n02113712_miniature_poodle.JPEG,n02113712_miniature_poodle.JPEG,5.914709789344759,0.12069515306122448,6056,552,21.625498551267086,0.6908526556344732,0.4048213362162125,0.9039709625267798,2.8667374837352115,5.074309715427911,0.3565617666461572
../benchmarks/vggnet16_benchmark2022/segmented_outputs/object/n02687172_aircraft_carrier.JPEG,n02687172_aircraft_carrier.JPEG,6.849405679182974,0.05377072704081633,2698,148,9.1021524625989,0.7714134410262896,0.2369739858900412,0.8787947509734417,0.3471079281236277,0.6687457234391738,0.356543593843352
../benchmarks/vggnet16_benchmark2022/segmented_outputs/object/n03763968_military_uniform.JPEG,n03763968_military_uniform.JPEG,7.539797937173166,0.16356425382653061,8207,556,15.80977728893644,0.5797856348095456,0.1356111029558444,0.8880895225901541,5.695683548607137,10.366450938640556,0.35628898312165813
../benchmarks/vggnet16_benchmark2022/segmented_outputs/object/n03729826_matchstick.JPEG,n03729826_matchstick.JPEG,5.79271102066134,0.0545280612244898,2736,286,7.932819980881808,0.8114386039048824,0.42139874454381876,0.9593109185736961,-0.47767720461715635,-0.7281437969902722,0.3559487157441285
../benchmarks/vggnet16_benchmark2022/segmented_outputs/background/n04456115_torch.JPEG,n04456115_torch.JPEG,7.1325714391606105,0.22335379464285715,11207,1100,44.95135054882964,0.4984824173059738,0.21830366688228636,0.8131495467748412,9.710877975167568,16.725769340270478,0.3554860455686454
../benchmarks/vggnet16_benchmark2022/segmented_outputs/object/n03874293_paddlewheel.JPEG,n03874293_paddlewheel.JPEG,6.79444804294744,0.13600127551020408,6824,577,27.086378419384097,0.6459200664261031,0.24126300502626352,0.8772768274680007,4.605790115492906,8.090606999050006,0.35496787467301527
../benchmarks/vggnet16_benchmark2022/segmented_outputs/object/n02100583_vizsla.JPEG,n02100583_vizsla.JPEG,6.1419456688309735,0.1454280931122449,7297,771,25.512369962820316,0.6514423857508779,0.39682259372438167,0.8789919987067514,4.606339155733335,7.915911926812251,0.3548290828992366
../benchmarks/vggnet16_benchmark2022/segmented_outputs/object/n03998194_prayer_rug.JPEG,n03998194_prayer_rug.JPEG,7.097922459909763,0.25777264030612246,12934,1244,15.534095779558774,0.43146002382573684,0.12556184975687132,0.8595724763940887,10.683630327804714,18.892851815394803,0.35481185864224196
../benchmarks/vggnet16_benchmark2022/segmented_outputs/object/n04325704_stole.JPEG,n04325704_stole.JPEG,6.365366040436092,0.1319156568877551,6619,83,17.301277832595364,0.5992119935859777,0.27534866975830474,0.7688000713157371,2.2402983326294668,4.436534338035903,0.3544884162913578
../benchmarks/vggnet16_benchmark2022/segmented_outputs/object/n02133161_American_black_bear.JPEG,n02133161_American_black_bear.JPEG,5.952875748268495,0.1077407525510204,5406,334,11.167047713348556,0.7115406362694549,0.39301572479629576,0.9616103805817823,1.4036137810527132,2.9430262833526397,0.3543828199966046
../benchmarks/vggnet16_benchmark2022/segmented_outputs/object/n02666196_abacus.JPEG,n02666196_abacus.JPEG,5.509321267513757,0.07264429209183673,3645,398,4.753439637698373,0.7857165157016641,0.5182739632673967,0.9411033391739382,-0.16734466348467403,-0.2139204015731873,0.35415618126909576
../benchmarks/vggnet16_benchmark2022/segmented_outputs/object/n07745940_strawberry.JPEG,n07745940_strawberry.JPEG,6.3541340940855005,0.11298230229591837,5669,630,5.573170517603087,0.7167771406427239,0.37688507358373197,0.9708417947382327,2.6979709581999582,4.875891644178112,0.3539788843340187
../benchmarks/vggnet16_benchmark2022/segmented_outputs/object/n02109961_Eskimo_dog.JPEG,n02109961_Eskimo_dog.JPEG,7.642561836856317,0.12216996173469388,6130,297,31.8975763888729,0.632274772810526,0.1207808519325744,0.8053947290340144,4.278878879928913,7.553255030655995,0.35308965213217697
../benchmarks/vggnet16_benchmark2022/segmented_outputs/background/n04317175_stethoscope.JPEG,n04317175_stethoscope.JPEG,4.299947241693093,0.07348134566326531,3687,415,12.824382799439967,0.7991567337012254,0.6676325697341393,0.9289448964566049,-0.9620422016759274,-1.678453272836372,0.35222301450807075
../benchmarks/vggnet16_benchmark2022/segmented_outputs/object/n02100877_Irish_setter.JPEG,n02100877_Irish_setter.JPEG,6.270128865003546,0.13243383290816327,6645,550,13.487408241316192,0.6655292036815931,0.34572517943710773,0.924122503728794,3.30944122428561,6.062335663570565,0.35209191577418264
../benchmarks/vggnet16_benchmark2022/segmented_outputs/object/n04118776_rule.JPEG,n04118776_rule.JPEG,6.2227217467135,0.03176817602040816,1594,138,4.957015166355849,0.8102331676563128,0.3023175898494026,0.8395709336419059,-0.8801208730995315,-1.7077184859485723,0.3495600353661188
../benchmarks/vggnet16_benchmark2022/segmented_outputs/object/n04591157_Windsor_tie.JPEG,n04591157_Windsor_tie.JPEG,5.417699287827585,0.052056760204081634,2612,352,6.314487445559345,0.8204014611787369,0.3953633479775037,0.9623869167239807,-0.3952232102152077,-0.6538253139886347,0.3491861232824526
../benchmarks/vggnet16_benchmark2022/segmented_outputs/object/n02098105_soft-coated_wheaten_terrier.JPEG,n02098105_soft-coated_wheaten_terrier.JPEG,5.991179478816909,0.08629623724489796,4330,163,32.878875448655634,0.719456640765365,0.33871222951411417,0.8293113938548888,1.216464490849777,2.17145945192751,0.34868713046950306
../benchmarks/vggnet16_benchmark2022/segmented_outputs/object/n03063689_coffeepot.JPEG,n03063689_coffeepot.JPEG,6.461995893007448,0.12167171556122448,6105,251,28.174708879424244,0.6635631289382631,0.27772776045087544,0.8920505475929645,2.723689315170874,5.179969341635299,0.34825038944352
../benchmarks/vggnet16_benchmark2022/segmented_outputs/object/n04579432_whistle.JPEG,n04579432_whistle.JPEG,3.96691463362367,0.038564253826530615,1935,478,2.93496340951823,0.879378183539184,0.6959298092886366,0.9712727080609129,-2.2628235061260225,-4.155670001174243,0.34805771157436394
../benchmarks/vggnet16_benchmark2022/segmented_outputs/background/n03642806_laptop.JPEG,n03642806_laptop.JPEG,5.233200709732407,0.09984853316326531,5010,572,20.003927098702206,0.7442356014350608,0.49048723070371286,0.9163816542947641,1.6650230789364016,2.822714537721366,0.3478228759669106
../benchmarks/vggnet16_benchmark2022/segmented_outputs/object/n02837789_bikini.JPEG,n02837789_bikini.JPEG,6.732238250152694,0.11266342474489796,5653,605,19.52941121632549,0.6922204283973976,0.27763366435443604,0.8676743482278729,3.69067629488281,6.270812408054942,0.34719600659294614
../benchmarks/vggnet16_benchmark2022/segmented_outputs/object/n03720891_maraca.JPEG,n03720891_maraca.JPEG,5.953926110010606,0.16075414540816327,8066,883,12.575476996962855,0.6381541605369504,0.4062055022457966,0.9323168271129263,4.875216312932848,8.606230791123583,0.34709492892554555
../benchmarks/vggnet16_benchmark2022/segmented_outputs/object/n03825788_nipple.JPEG,n03825788_nipple.JPEG,5.533405092198743,0.01602359693877551,804,329,3.1162715606044555,0.8947463512923617,0.41649016206522915,0.9860168387071548,-1.6241326463076948,-3.0151022076489484,0.3470761450855973
../benchmarks/vggnet16_benchmark2022/segmented_outputs/background/n02906734_broom.JPEG,n02906734_broom.JPEG,5.007007899615337,0.10911591198979592,5475,482,21.513914274157752,0.7231978956304094,0.534798253512051,0.90468740641674,1.3584602468922684,2.458894638774038,0.34622987044927256
../benchmarks/vggnet16_benchmark2022/segmented_outputs/object/n02607072_anemone_fish.JPEG,n02607072_anemone_fish.JPEG,6.081507211513386,0.15399792729591838,7727,510,27.198411558904567,0.6161575820762627,0.3513901646730349,0.8637749515672166,4.096722167202523,7.435364982861303,0.34567044637313715
../benchmarks/vggnet16_benchmark2022/segmented_outputs/background/n02100583_vizsla.JPEG,n02100583_vizsla.JPEG,5.875312594281235,0.12222975127551021,6133,753,22.73699319661828,0.7006652074601928,0.44082578825876473,0.8802979821360943,3.5249325727129657,5.874027480479413,0.3453439228214504
../benchmarks/vggnet16_benchmark2022/segmented_outputs/object/n02641379_gar.JPEG,n02641379_gar.JPEG,6.7558612288725275,0.13209502551020408,6628,419,15.917764920774491,0.6461863496993543,0.23864675635024277,0.8953242118311624,3.562859162035818,6.592720118366499,0.34531937363595666
../benchmarks/vggnet16_benchmark2022/segmented_outputs/object/n01443537_goldfish.JPEG,n01443537_goldfish.JPEG,7.144434728764344,0.13661910076530612,6855,451,41.14355065085616,0.6244613215165404,0.16607168314962875,0.8090246166390452,5.083247986659404,8.823401278678702,0.34520127356992547
../benchmarks/vggnet16_benchmark2022/segmented_outputs/background/n02963159_cardigan.JPEG,n02963159_cardigan.JPEG,3.3106375953733767,0.026905293367346938,1350,116,12.055366944584897,0.8816557707699794,0.6806140366585602,0.9557954744511405,-3.838823403989075,-6.565340462427131,0.3449249238613546
../benchmarks/vggnet16_benchmark2022/segmented_outputs/object/n04347754_submarine.JPEG,n04347754_submarine.JPEG,6.871602321195574,0.08197146045918367,4113,135,4.7869168907969115,0.7312990413335501,0.2453518460111864,0.9353058365835241,0.8126327490570111,1.9267666954818905,0.34480284911905196
../benchmarks/vggnet16_benchmark2022/segmented_outputs/object/n02526121_eel.JPEG,n02526121_eel.JPEG,7.4955219194896365,0.06784119897959184,3404,191,13.332041799910996,0.748798313433189,0.15366763951017137,0.8959991192420265,1.5674763689789968,2.8589754917731267,0.34472856161921905
../benchmarks/vggnet16_benchmark2022/segmented_outputs/object/n02797295_barrow.JPEG,n02797295_barrow.JPEG,6.613101985825152,0.1184829400510204,5945,207,29.462430918845534,0.6428511226863738,0.2044929916908095,0.8027150112284052,3.0038121248513945,5.470438545739164,0.34334033282179105
../benchmarks/vggnet16_benchmark2022/segmented_outputs/object/n03134739_croquet_ball.JPEG,n03134739_croquet_ball.JPEG,5.96638893091162,0.13169642857142858,6608,246,55.971370334523016,0.6432824097591732,0.33725387390514905,0.8082011148961219,3.399636328940613,6.042919979052622,0.34320399309833916
../benchmarks/vggnet16_benchmark2022/segmented_outputs/object/n02123045_tabby.JPEG,n02123045_tabby.JPEG,7.324539814883144,0.08675462372448979,4353,165,19.547304131161592,0.6843410371974283,0.142846126266911,0.7690125055332007,2.30992355982662,3.997547045367882,0.3425623453173041
../benchmarks/vggnet16_benchmark2022/segmented_outputs/object/n02277742_ringlet.JPEG,n02277742_ringlet.JPEG,6.067466271201663,0.13050063775510204,6548,665,17.251259463033538,0.6821907444942337,0.40022304529393415,0.9128341754669218,3.4704673794304766,6.102381979156558,0.34236225677015253
../benchmarks/vggnet16_benchmark2022/segmented_outputs/object/n03584829_iron.JPEG,n03584829_iron.JPEG,5.3934967634904,0.04651626275510204,2334,154,1.6648040015437406,0.8295515356029977,0.4705933791585109,0.9803620641978341,-1.776721700996755,-2.7686547666962738,0.34202601515493364
../benchmarks/vggnet16_benchmark2022/segmented_outputs/object/n02106166_Border_collie.JPEG,n02106166_Border_collie.JPEG,6.3706196140195885,0.12820870535714285,6433,358,21.895585433348806,0.6652881758319962,0.33252428941300516,0.9115514454315071,2.8108267543298044,5.327744445952424,0.341108921276203
../benchmarks/vggnet16_benchmark2022/segmented_outputs/object/n01742172_boa_constrictor.JPEG,n01742172_boa_constrictor.JPEG,7.374088721483075,0.1184829400510204,5945,362,11.21627549690665,0.6723824593737545,0.18513250957566368,0.9336543547612988,3.2647644319267064,6.144166281660534,0.3408529850105743
../benchmarks/vggnet16_benchmark2022/segmented_outputs/object/n02102480_Sussex_spaniel.JPEG,n02102480_Sussex_spaniel.JPEG,6.374027884581347,0.12135283801020408,6089,323,14.936587521689829,0.6760485476769426,0.3240669842504047,0.9244803749782935,2.3230542721211664,4.552415841711584,0.34019787226354997
../benchmarks/vggnet16_benchmark2022/segmented_outputs/background/n02236044_mantis.JPEG,n02236044_mantis.JPEG,6.904554385652226,0.14588647959183673,7320,564,26.148096856505475,0.6271818373873179,0.2571356437838122,0.8594158691306861,4.7707632573171015,8.435078787043683,0.33928026804978184
../benchmarks/vggnet16_benchmark2022/segmented_outputs/background/n07717556_butternut_squash.JPEG,n07717556_butternut_squash.JPEG,6.566031806733447,0.16671316964285715,8365,881,21.252633510727975,0.6174595415923223,0.343111187932893,0.8904125906678124,5.823100272381773,10.123204012686466,0.3390626127299523
../benchmarks/vggnet16_benchmark2022/segmented_outputs/object/n04118538_rugby_ball.JPEG,n04118538_rugby_ball.JPEG,7.488526160453966,0.11754623724489796,5898,317,14.30556634868404,0.6580733026590511,0.14172531580433428,0.8817505617095445,3.460564425280583,6.387619259696091,0.339022581169144
../benchmarks/vggnet16_benchmark2022/segmented_outputs/object/n01514859_hen.JPEG,n01514859_hen.JPEG,6.688598817055177,0.15945870535714285,8001,703,27.738832086391916,0.6147583030038627,0.2538752134694563,0.8807944264488908,5.59327966726322,9.85060024319154,0.3388853617809468
../benchmarks/vggnet16_benchmark2022/segmented_outputs/object/n01833805_hummingbird.JPEG,n01833805_hummingbird.JPEG,6.222836470675476,0.06407445790816327,3215,503,17.604266618698695,0.7946127421351526,0.2857950334846019,0.9189460926713753,1.6270121460727744,2.551363108158967,0.3386815117756825
../benchmarks/vggnet16_benchmark2022/segmented_outputs/background/n04540053_volleyball.JPEG,n04540053_volleyball.JPEG,6.220024035438997,0.15529336734693877,7792,644,22.324376090023527,0.6342921557215586,0.39963586213135727,0.9044840811650277,4.2683092936452836,7.678295040141235,0.3384898296744369
../benchmarks/vggnet16_benchmark2022/segmented_outputs/object/n03938244_pillow.JPEG,n03938244_pillow.JPEG,6.036051143428834,0.06357621173469388,3190,433,9.18426134914266,0.8014825667147227,0.33410959270394563,0.9596937080678947,0.7820372320886431,1.3394078400355256,0.3374297749943663
../benchmarks/vggnet16_benchmark2022/segmented_outputs/object/n04418357_theater_curtain.JPEG,n04418357_theater_curtain.JPEG,6.5215372791206825,0.1558514030612245,7820,792,81.26088033553947,0.6135240276397771,0.21487511230420292,0.7319569799939893,7.607088269781096,12.436034837892294,0.33737738653633464
../benchmarks/vggnet16_benchmark2022/segmented_outputs/object/n04479046_trench_coat.JPEG,n04479046_trench_coat.JPEG,6.616500231210584,0.10297751913265306,5167,161,18.06865769415012,0.6954433048986998,0.20963476017610294,0.9252227808660998,1.8954885944656066,3.8634351289359143,0.33707303468169714
../benchmarks/vggnet16_benchmark2022/segmented_outputs/object/n02509815_lesser_panda.JPEG,n02509815_lesser_panda.JPEG,7.513457500297444,0.15908003826530612,7982,270,19.543396463204395,0.578269110941966,0.12893816297353955,0.886945379578648,4.605031575143805,8.799337642067227,0.33675096732325405
../benchmarks/vggnet16_benchmark2022/segmented_outputs/object/n01631663_eft.JPEG,n01631663_eft.JPEG,7.124803071015345,0.18915417729591838,9491,595,34.24991201811086,0.5464092021088828,0.19673125000133604,0.866184978896103,6.6075239442974105,11.94257612246526,0.3365938150814226
../benchmarks/vggnet16_benchmark2022/segmented_outputs/object/n03777568_Model_T.JPEG,n03777568_Model_T.JPEG,6.664643271861594,0.12123325892857142,6083,357,33.5263017429266,0.6685595736820327,0.21825808552484458,0.8792376685349481,3.5831956993941425,6.453604978840003,0.336372285152792
../benchmarks/vggnet16_benchmark2022/segmented_outputs/background/n02105641_Old_English_sheepdog.JPEG,n02105641_Old_English_sheepdog.JPEG,3.502672097541066,0.04966517857142857,2492,257,14.15414839533876,0.8461569138204804,0.6523133786865835,0.9524598227303549,-2.4593283773540726,-4.183482145909134,0.3362990447231223
../benchmarks/vggnet16_benchmark2022/segmented_outputs/object/n02281787_lycaenid.JPEG,n02281787_lycaenid.JPEG,7.5625844990625835,0.12404336734693877,6224,500,50.68560131733866,0.6430032744344665,0.13667759219384223,0.7536854781691543,5.538908078163014,9.204095313254557,0.33578305680338144
../benchmarks/vggnet16_benchmark2022/segmented_outputs/object/n09421951_sandbar.JPEG,n09421951_sandbar.JPEG,6.43619030796466,0.05100047831632653,2559,313,3.630891521664944,0.7964911245333941,0.24265736011503597,0.9015985875931043,0.474219968187946,0.7508064227168263,0.33428534228846324
../benchmarks/vggnet16_benchmark2022/segmented_outputs/object/n04254120_soap_dispenser.JPEG,n04254120_soap_dispenser.JPEG,6.942410134742474,0.09046157525510204,4539,138,12.185944403488335,0.6790769083472917,0.1976377267165469,0.7663878453424944,1.7102974330152299,3.0786500550206597,0.33345701673668127
../benchmarks/vggnet16_benchmark2022/segmented_outputs/object/n02965783_car_mirror.JPEG,n02965783_car_mirror.JPEG,7.673251683010544,0.08115433673469388,4072,116,8.163013975388257,0.7294760747374226,0.12676400222185005,0.9482953903697172,1.5980391065281216,3.3079108029589817,0.3333955962725956
../benchmarks/vggnet16_benchmark2022/segmented_outputs/background/n02110958_pug.JPEG,n02110958_pug.JPEG,3.630487601640738,0.03814572704081633,1914,210,5.410033324200256,0.8611326519099434,0.6625213841011568,0.9427533808314379,-3.16956921473582,-5.428386191372783,0.3333920040946566
../benchmarks/vggnet16_benchmark2022/segmented_outputs/background/n07697313_cheeseburger.JPEG,n07697313_cheeseburger.JPEG,4.280574836164737,0.04994419642857143,2506,631,12.234221498550223,0.8525468259456614,0.6339466655117553,0.8971047562355586,-0.6661847417689478,-1.7508214362552474,0.3329721679104244
../benchmarks/vggnet16_benchmark2022/segmented_outputs/object/n04133789_sandal.JPEG,n04133789_sandal.JPEG,7.0078412433403825,0.1304607780612245,6546,518,34.41022423713574,0.6370803475645648,0.17913228251363306,0.7873929849361867,4.879097229257525,8.314750051137043,0.3328252954284138
../benchmarks/vggnet16_benchmark2022/segmented_outputs/background/n03623198_knee_pad.JPEG,n03623198_knee_pad.JPEG,5.994044733699372,0.18126195790816327,9095,785,42.411904690006104,0.5935592167297905,0.35498693321561825,0.8781210671708155,6.173204308945972,10.83786136375411,0.3324312179119863
../benchmarks/vggnet16_benchmark2022/segmented_outputs/background/n03179701_desk.JPEG,n03179701_desk.JPEG,5.734439549160951,0.16521843112244897,8290,935,52.11819990132797,0.6286865355280288,0.42465359471810615,0.8152562912726571,6.249256508193054,10.375689868015984,0.3324025089368862
../benchmarks/vggnet16_benchmark2022/segmented_outputs/background/n03627232_knot.JPEG,n03627232_knot.JPEG,5.498265960592384,0.10720264668367346,5379,564,31.2624231347498,0.7197592422226982,0.49985423529907,0.8311374801258894,2.300112131594913,3.6845653768708346,0.3323792337443041
../benchmarks/vggnet16_benchmark2022/segmented_outputs/object/n03146219_cuirass.JPEG,n03146219_cuirass.JPEG,6.5487558035076825,0.11991788903061225,6017,305,27.02737297350562,0.6730230148183132,0.3027406335027808,0.8773582672093334,2.760490314926249,5.109969119290345,0.330915826823524
../benchmarks/vggnet16_benchmark2022/segmented_outputs/object/n04505470_typewriter_keyboard.JPEG,n04505470_typewriter_keyboard.JPEG,5.792758256560253,0.16649394132653061,8354,300,18.03540052178935,0.6007414947531273,0.3867586209981249,0.9404236936860051,3.004905704537941,6.213883338462284,0.3307578241123558
../benchmarks/vggnet16_benchmark2022/segmented_outputs/object/n03272562_electric_locomotive.JPEG,n03272562_electric_locomotive.JPEG,5.9308011550264315,0.1532405931122449,7689,842,23.3495110195599,0.6563823293655502,0.4346272202173015,0.9081607117067221,4.689718153122501,8.122645097424677,0.33040719743368635
../benchmarks/vggnet16_benchmark2022/segmented_outputs/object/n03891332_parking_meter.JPEG,n03891332_parking_meter.JPEG,6.539193595242892,0.16214923469387754,8136,681,37.22670371164496,0.6121584241279071,0.23617822698442423,0.8740394596339188,5.857027260026682,10.288846231267154,0.3300943592634444
../benchmarks/vggnet16_benchmark2022/segmented_outputs/object/n02669723_academic_gown.JPEG,n02669723_academic_gown.JPEG,4.809711375909042,0.07172751913265306,3599,317,13.653822520647987,0.795908986152027,0.47421383320608346,0.9628744635209094,-0.404227298396203,-0.4844962757373824,0.33000637668935723
../benchmarks/vggnet16_benchmark2022/segmented_outputs/object/n02110958_pug.JPEG,n02110958_pug.JPEG,6.783846613452437,0.15409757653061223,7732,373,10.492770621354698,0.6205597417062585,0.272094078618663,0.9601228126064951,3.5840648983858268,7.0898545110056945,0.3297293248010074
../benchmarks/vggnet16_benchmark2022/segmented_outputs/object/n03976657_pole.JPEG,n03976657_pole.JPEG,6.771692664159795,0.11110889668367346,5575,569,21.728432793795395,0.6764136572378543,0.22386814268103505,0.7861223227000407,3.907241464969597,6.467175808410282,0.3290373465134533
../benchmarks/vggnet16_benchmark2022/segmented_outputs/object/n01945685_slug.JPEG,n01945685_slug.JPEG,5.635370442324296,0.06132413903061224,3077,96,5.406299135967847,0.776623602362738,0.32304625424113087,0.9152243903443783,-0.6897967580715967,-0.8331896679845101,0.3282458201154805
../benchmarks/vggnet16_benchmark2022/segmented_outputs/object/n03272010_electric_guitar.JPEG,n03272010_electric_guitar.JPEG,6.517886135646265,0.06694435586734694,3359,606,11.252556982083325,0.7810151067408468,0.30679861011530424,0.8509119536446867,2.013874901782997,2.9554317332319746,0.3282364339904027
../benchmarks/vggnet16_benchmark2022/segmented_outputs/object/n02105412_kelpie.JPEG,n02105412_kelpie.JPEG,6.789873629845344,0.10666454081632654,5352,215,14.116476697694843,0.7018061103277087,0.28101811675493266,0.9423409023085946,1.8039055734004494,3.706572391195379,0.32722266934591504
../benchmarks/vggnet16_benchmark2022/segmented_outputs/object/n02017213_European_gallinule.JPEG,n02017213_European_gallinule.JPEG,5.033982125283883,0.11168686224489796,5604,654,23.187270062407396,0.7375919848005652,0.5306806834087191,0.920025870903609,2.0820425163002434,3.5249705448147735,0.327182302420107
../benchmarks/vggnet16_benchmark2022/segmented_outputs/object/n07697537_hotdog.JPEG,n07697537_hotdog.JPEG,7.216414721242085,0.18403220663265307,9234,631,29.675062827463844,0.5409188544244186,0.18074069515345587,0.7923082280098883,6.6697093927546325,11.795164828684904,0.32694169968611336
../benchmarks/vggnet16_benchmark2022/segmented_outputs/object/n03777754_modem.JPEG,n03777754_modem.JPEG,4.628164634357791,0.10534917091836735,5286,602,10.368211157639621,0.7471554713547499,0.5740911719659044,0.9277435477739601,1.0082561948368383,1.7967536672602356,0.3259925667210429
../benchmarks/vggnet16_benchmark2022/segmented_outputs/object/n01860187_black_swan.JPEG,n01860187_black_swan.JPEG,6.149979461167092,0.12121332908163265,6082,170,30.36566850035126,0.668186772098336,0.36801624377803055,0.8647275210015138,1.9596378916918487,3.8640402703212278,0.3256379984456595
../benchmarks/vggnet16_benchmark2022/segmented_outputs/object/n07716906_spaghetti_squash.JPEG,n07716906_spaghetti_squash.JPEG,3.621544868441632,0.0157047193877551,788,290,1.8046174168635252,0.9195264064088506,0.6746810611662101,0.9792912488746988,-3.7031993577686535,-6.5560683472019035,0.3240889259933091
../benchmarks/vggnet16_benchmark2022/segmented_outputs/object/n03670208_limousine.JPEG,n03670208_limousine.JPEG,6.957814713955914,0.13618064413265307,6833,312,33.26817299894132,0.6339457656715859,0.24684615772342822,0.8422676603425754,3.8348303160261055,6.972798615033122,0.3239472652809583
../benchmarks/vggnet16_benchmark2022/segmented_outputs/object/n02091032_Italian_greyhound.JPEG,n02091032_Italian_greyhound.JPEG,5.8764789945311,0.09044164540816327,4538,476,16.687472996740787,0.7495568948134009,0.386160014216409,0.8991009906307805,1.6477192320524834,2.81170904906952,0.3238475656634434
../benchmarks/vggnet16_benchmark2022/segmented_outputs/object/n04376876_syringe.JPEG,n04376876_syringe.JPEG,6.984200636445566,0.13060028698979592,6553,321,32.593319578463024,0.6541341571784879,0.26107629731748383,0.8773865345766594,3.5972849470966883,6.586533873663568,0.3236948071805296
../benchmarks/vggnet16_benchmark2022/segmented_outputs/object/n02229544_cricket.JPEG,n02229544_cricket.JPEG,6.073072017522248,0.06277901785714286,3150,79,3.7555243955499753,0.7732590068755082,0.3069850716033913,0.9217172095955302,-0.5365956218894248,-0.5202369556816091,0.3234549605520485
../benchmarks/vggnet16_benchmark2022/segmented_outputs/object/n04409515_tennis_ball.JPEG,n04409515_tennis_ball.JPEG,7.446996709942031,0.14498963647959184,7275,332,41.8081639884612,0.5996511726440206,0.14177642078667285,0.7816502227717759,5.109082686276631,9.023616443410498,0.3226789018677373
../benchmarks/vggnet16_benchmark2022/segmented_outputs/object/n03995372_power_drill.JPEG,n03995372_power_drill.JPEG,7.369410409195987,0.10126355229591837,5081,447,26.857272961540538,0.7044111020427872,0.20169978453333165,0.8489928679960985,3.5587347531276388,6.039700681226602,0.32265316283222617
../benchmarks/vggnet16_benchmark2022/segmented_outputs/background/n04542943_waffle_iron.JPEG,n04542943_waffle_iron.JPEG,6.042195849537906,0.13042091836734693,6544,480,18.31451932543483,0.6744725507413929,0.38679336431245803,0.9027898636416439,2.840199525578641,5.233256470920152,0.32234340782461085
../benchmarks/vggnet16_benchmark2022/segmented_outputs/object/n02087046_toy_terrier.JPEG,n02087046_toy_terrier.JPEG,6.45876893794571,0.11561304209183673,5801,376,39.19137365477705,0.6891569043124617,0.3085127464294228,0.8574192670089409,3.1938283094199593,5.586225748379521,0.3223058232456782
../benchmarks/vggnet16_benchmark2022/segmented_outputs/background/n02092339_Weimaraner.JPEG,n02092339_Weimaraner.JPEG,5.570165605211244,0.10138313137755102,5087,282,45.324504312539446,0.726250789002584,0.40711541347941405,0.8741508198714547,1.8346751915294064,3.2431245883837265,0.3221108520325001
../benchmarks/vggnet16_benchmark2022/segmented_outputs/background/n04599235_wool.JPEG,n04599235_wool.JPEG,3.317515407738995,0.03924186862244898,1969,172,8.892939927406472,0.8631363674025972,0.6956314456429138,0.9368667892745164,-3.461729413461085,-5.907575201340761,0.32193047209449394
../benchmarks/vggnet16_benchmark2022/segmented_outputs/background/n02120079_Arctic_fox.JPEG,n02120079_Arctic_fox.JPEG,4.6619531737518525,0.06361607142857142,3192,236,12.883542064357858,0.8119166479774282,0.5284970571859225,0.9568442041143587,-1.2420703631846217,-1.9195685653897918,0.3214852792759438
../benchmarks/vggnet16_benchmark2022/segmented_outputs/object/n07711569_mashed_potato.JPEG,n07711569_mashed_potato.JPEG,6.9445364349834495,0.16770966198979592,8415,561,26.381274706858022,0.5984597849088393,0.2039720601886869,0.9132653496918448,5.490262735359106,10.036706622735823,0.3209146758035362
../benchmarks/vggnet16_benchmark2022/segmented_outputs/object/n02066245_grey_whale.JPEG,n02066245_grey_whale.JPEG,7.333954275438615,0.16745057397959184,8402,336,26.634928131933833,0.5754252279111942,0.13543987007768707,0.8908461100520362,5.136024452009394,9.67060996578312,0.319938347051589
../benchmarks/vggnet16_benchmark2022/segmented_outputs/object/n03297495_espresso_maker.JPEG,n03297495_espresso_maker.JPEG,7.05772446322246,0.10809948979591837,5424,265,19.40738089462139,0.694446695592396,0.19727073449280053,0.9195154468803343,2.657307512807393,5.043036991129144,0.3196123893534135
../benchmarks/vggnet16_benchmark2022/segmented_outputs/object/n01847000_drake.JPEG,n01847000_drake.JPEG,6.831011526226531,0.1038345025510204,5210,359,11.268454377061275,0.669428199294859,0.20496983968287152,0.7621625926351608,2.769268577445525,4.73157261519755,0.319554121836114
../benchmarks/vggnet16_benchmark2022/segmented_outputs/background/n03527444_holster.JPEG,n03527444_holster.JPEG,3.706390954476581,0.022799744897959183,1144,83,10.757225857155756,0.8910295470676124,0.6035345673442102,0.9685287886543205,-3.6847142200155485,-6.2497211197315705,0.31919622397862174
../benchmarks/vggnet16_benchmark2022/segmented_outputs/object/n01630670_common_newt.JPEG,n01630670_common_newt.JPEG,7.85925525474192,0.17785395408163265,8924,586,28.447673495042718,0.5537211138822089,0.09134432360666747,0.8327752002621317,6.866719620381009,12.246333711146754,0.31880500623912367
../benchmarks/vggnet16_benchmark2022/segmented_outputs/object/n02089867_Walker_hound.JPEG,n02089867_Walker_hound.JPEG,7.3531153426215,0.0768295599489796,3855,442,8.322749124347034,0.7489266124535905,0.16205277387617598,0.8818461997883245,2.4824436464740995,4.184084230801348,0.31862442834425514
../benchmarks/vggnet16_benchmark2022/segmented_outputs/background/n03187595_dial_telephone.JPEG,n03187595_dial_telephone.JPEG,4.167711521526594,0.05560427295918367,2790,237,22.243805316637676,0.829442367765983,0.6150238120439606,0.9127056236080491,-1.7059546652503994,-2.9805600275592847,0.3184147050482226
../benchmarks/vggnet16_benchmark2022/segmented_outputs/object/n04532670_viaduct.JPEG,n04532670_viaduct.JPEG,5.386558561794,0.05259486607142857,2639,16,11.89937738468539,0.8087183822125255,0.39774653307478525,0.9511403389771863,-1.531092354918525,-2.2268586532448564,0.3183102599611905
../benchmarks/vggnet16_benchmark2022/segmented_outputs/object/n07714990_broccoli.JPEG,n07714990_broccoli.JPEG,5.9716946131592366,0.14213966836734693,7132,613,12.438405085694377,0.6667807597096852,0.41047810643425897,0.9315275863452893,3.3085032465693303,6.083062081809304,0.3180061350248467
../benchmarks/vggnet16_benchmark2022/segmented_outputs/object/n01978287_Dungeness_crab.JPEG,n01978287_Dungeness_crab.JPEG,6.2363646853744665,0.10291772959183673,5164,117,13.535428643663728,0.6897349784550671,0.23556886659905094,0.8844341626354117,1.3698708988317363,2.949722124398374,0.3174291450099892
../benchmarks/vggnet16_benchmark2022/segmented_outputs/object/n04501370_turnstile.JPEG,n04501370_turnstile.JPEG,4.14507491646856,0.04017857142857143,2016,728,3.5191358588097037,0.8887923269385793,0.6849965310621342,0.9274801536066457,-1.1546773912225643,-2.6905371726333502,0.3173287046838242
../benchmarks/vggnet16_benchmark2022/segmented_outputs/background/n04399382_teddy.JPEG,n04399382_teddy.JPEG,4.832047978860259,0.07114955357142858,3570,158,9.23968796181368,0.7834203576310563,0.5248292559812197,0.9187382031517007,-1.2990353629891798,-1.9207266902985893,0.3167511055210062
../benchmarks/vggnet16_benchmark2022/segmented_outputs/object/n02174001_rhinoceros_beetle.JPEG,n02174001_rhinoceros_beetle.JPEG,7.280320313621306,0.16330516581632654,8194,179,15.247817926924403,0.563418616550331,0.1411047087053952,0.858673071085224,4.125951531586247,8.097724281678111,0.31671907906100255
../benchmarks/vggnet16_benchmark2022/segmented_outputs/background/n03720891_maraca.JPEG,n03720891_maraca.JPEG,5.247485787963969,0.09197624362244898,4615,520,6.949104433948265,0.7616746154016374,0.4668519703748738,0.9322545328437313,0.9300121542421698,1.6844932744414374,0.31605563266411524
../benchmarks/vggnet16_benchmark2022/segmented_outputs/object/n03590841_jack-o'-lantern.JPEG,n03590841_jack-o'-lantern.JPEG,6.591853125909157,0.10287786989795919,5162,508,20.51388004054005,0.7136042215651004,0.2590382870915076,0.8667174817140401,3.064393103658527,5.227091685693464,0.3150620225523886
../benchmarks/vggnet16_benchmark2022/segmented_outputs/object/n03393912_freight_car.JPEG,n03393912_freight_car.JPEG,6.914618482361045,0.14873644770408162,7463,420,14.005305733224352,0.6209894492521602,0.18181109995758094,0.9107989471917736,4.19398352789494,7.898021632553203,0.3150025840477409
../benchmarks/vggnet16_benchmark2022/segmented_outputs/object/n04596742_wok.JPEG,n04596742_wok.JPEG,6.142678594589509,0.1512874681122449,7591,661,30.96759812004668,0.6414781452389742,0.36469253741221114,0.8618227849306842,4.597438717192068,8.027203819081553,0.3136786169702322
../benchmarks/vggnet16_benchmark2022/segmented_outputs/object/n04023962_punching_bag.JPEG,n04023962_punching_bag.JPEG,5.869564304319248,0.033302774234693876,1671,333,2.698167558453984,0.8679883374748134,0.40783104367512846,0.9761423024563195,-1.033217951323384,-1.8769487640361526,0.31274944751922407
../benchmarks/vggnet16_benchmark2022/segmented_outputs/object/n03908714_pencil_sharpener.JPEG,n03908714_pencil_sharpener.JPEG,5.496419429017405,0.06435347576530612,3229,16,18.54770159798203,0.7851823140239778,0.361256730889736,0.9406827346824849,-0.8261191298108612,-0.9663310023624083,0.31269123350573863
../benchmarks/vggnet16_benchmark2022/segmented_outputs/object/n03125729_cradle.JPEG,n03125729_cradle.JPEG,7.537763847362772,0.19405691964285715,9737,650,43.41182085326097,0.5231791734376283,0.12922261945730049,0.7690072928854563,7.742034947967399,13.558563992578659,0.3122022202915417
../benchmarks/vggnet16_benchmark2022/segmented_outputs/background/n01983481_American_lobster.JPEG,n01983481_American_lobster.JPEG,5.1538877277166115,0.10012755102040816,5024,488,15.530341498814083,0.7478835261219656,0.5075099775902552,0.913624597343493,1.0749911566128612,1.9383267186909905,0.312089659842077
../benchmarks/vggnet16_benchmark2022/segmented_outputs/background/n02883205_bow_tie.JPEG,n02883205_bow_tie.JPEG,6.255374620994749,0.15154655612244897,7604,571,44.85425515579963,0.6383337010028798,0.35717416319871764,0.8476721792196481,4.746126289214452,8.270995655407045,0.31180275133671803
../benchmarks/vggnet16_benchmark2022/segmented_outputs/object/n03584254_iPod.JPEG,n03584254_iPod.JPEG,6.435924827196019,0.07130899234693877,3578,423,11.807567748980368,0.7886827098457809,0.2985991830297062,0.9479663858371594,1.3052881271072472,2.269743253421375,0.3115019561939951
../benchmarks/vggnet16_benchmark2022/segmented_outputs/object/n04069434_reflex_camera.JPEG,n04069434_reflex_camera.JPEG,7.308698810119024,0.16019610969387754,8038,75,16.261211404739456,0.583418767591381,0.14991743958738965,0.934667727566346,3.540255012479828,7.3803016985832475,0.31131282492326323
../benchmarks/vggnet16_benchmark2022/segmented_outputs/object/n01871265_tusker.JPEG,n01871265_tusker.JPEG,6.225568599935363,0.09919084821428571,4977,210,19.211581408510913,0.7228385483481806,0.3382637497715809,0.9205540177148607,1.2586988488085566,2.616483897871733,0.31093131519497774
../benchmarks/vggnet16_benchmark2022/segmented_outputs/object/n02101556_clumber.JPEG,n02101556_clumber.JPEG,7.623248233817098,0.15495455994897958,7775,368,39.17538767048112,0.594095144870957,0.1383542737271317,0.8240380649394412,5.440248790955211,9.75910939031214,0.31059675342451154
../benchmarks/vggnet16_benchmark2022/segmented_outputs/object/n11879895_rapeseed.JPEG,n11879895_rapeseed.JPEG,6.930804587439193,0.09363042091836735,4698,178,7.624247185480922,0.7174204848814523,0.20523739690610815,0.9269884174186327,1.5101127990640029,3.1472853958536033,0.3100747108905943
../benchmarks/vggnet16_benchmark2022/segmented_outputs/background/n03000247_chain_mail.JPEG,n03000247_chain_mail.JPEG,3.699988889695309,0.051638233418367346,2591,559,13.076864776682221,0.8555653812576269,0.6807111305034259,0.8933646654007508,-1.328183069218564,-2.7859355736226843,0.3094678521147276
../benchmarks/vggnet16_benchmark2022/segmented_outputs/object/n03942813_ping-pong_ball.JPEG,n03942813_ping-pong_ball.JPEG,7.181605913269091,0.11926020408163265,5984,363,32.06405156823338,0.6605485704437176,0.17507970129541534,0.8119914237299087,3.9474021860111654,6.879046316407203,0.3092885718440371
../benchmarks/vggnet16_benchmark2022/segmented_outputs/object/n07831146_carbonara.JPEG,n07831146_carbonara.JPEG,7.353017655858582,0.18901466836734693,9484,604,23.764217815314908,0.5327988540756092,0.13466710737883034,0.8108157404711953,6.736021231950127,12.0879671636762,0.3092447874622828
../benchmarks/vggnet16_benchmark2022/segmented_outputs/object/n02966687_carpenter's_kit.JPEG,n02966687_carpenter's_kit.JPEG,6.869123018452321,0.16310586734693877,8184,266,37.90068025908643,0.565037798799292,0.21388476939946446,0.76345293923522,4.712396221802187,8.58341676361293,0.30917413163326346
../benchmarks/vggnet16_benchmark2022/segmented_outputs/object/n02115913_dhole.JPEG,n02115913_dhole.JPEG,7.093706729316358,0.12848772321428573,6447,278,22.220606717709387,0.621684867672233,0.15210467723552423,0.7671810514642934,3.7402696886740374,6.689587887865132,0.3090026543860491
../benchmarks/vggnet16_benchmark2022/segmented_outputs/background/n01985128_crayfish.JPEG,n01985128_crayfish.JPEG,4.696953232013873,0.08970424107142858,4501,205,26.604773201097025,0.7563905673806678,0.5365947912740913,0.8980632294676424,-0.2355543519241242,-0.1457274661162308,0.3089618035164518
../benchmarks/vggnet16_benchmark2022/segmented_outputs/object/n02099849_Chesapeake_Bay_retriever.JPEG,n02099849_Chesapeake_Bay_retriever.JPEG,6.473421834311344,0.14016661352040816,7033,357,19.153473578322846,0.6534548641774531,0.30569482617375743,0.9347583055253046,3.119017697852034,6.052366621522976,0.30849634017867683
../benchmarks/vggnet16_benchmark2022/segmented_outputs/object/n03110669_cornet.JPEG,n03110669_cornet.JPEG,6.637761151163821,0.14215959821428573,7133,211,35.767875810739994,0.6268384271694918,0.2722341417266323,0.8530730781987554,3.4140127398973994,6.454787875523448,0.3084263436074584
../benchmarks/vggnet16_benchmark2022/segmented_outputs/object/n02112350_keeshond.JPEG,n02112350_keeshond.JPEG,7.458820106307911,0.17051977040816327,8556,202,10.109157092853344,0.5691727825526363,0.14255275306513815,0.9377153691576994,4.199371544239014,8.489991543295844,0.30788757761347885
../benchmarks/vggnet16_benchmark2022/segmented_outputs/object/n04522168_vase.JPEG,n04522168_vase.JPEG,6.783874910094949,0.20372289540816327,10222,929,21.370175877518136,0.5534982757102161,0.2795842915690802,0.8932439510110635,7.300848413742503,12.971936647090125,0.30730138761749753
../benchmarks/vggnet16_benchmark2022/segmented_outputs/background/n04579145_whiskey_jug.JPEG,n04579145_whiskey_jug.JPEG,3.035111597425436,0.037228954081632654,1868,301,9.456802950094406,0.8880676633755653,0.7146496753662519,0.9681639782488745,-3.2875996257380207,-5.718717307583807,0.3067397509983366
../benchmarks/vggnet16_benchmark2022/segmented_outputs/background/n03843555_oil_filter.JPEG,n03843555_oil_filter.JPEG,5.658578283006362,0.11073022959183673,5556,366,11.066586074845734,0.7193209525575731,0.40826699860048243,0.9465738594500039,1.3555554979096018,2.8103064500082198,0.3066426051943441
../benchmarks/vggnet16_benchmark2022/segmented_outputs/object/n01843065_jacamar.JPEG,n01843065_jacamar.JPEG,6.019684836072846,0.0577766262755102,2899,162,18.49909428443382,0.799223682525517,0.2841110473959819,0.9303343883614135,0.0753418505177752,0.3027768665603616,0.30657214548789974
../benchmarks/vggnet16_benchmark2022/segmented_outputs/object/n01694178_African_chameleon.JPEG,n01694178_African_chameleon.JPEG,7.792116063078217,0.23158482142857142,11620,821,19.190785863393444,0.46373392290808824,0.07743836469774051,0.8387148737764301,8.934058595273305,16.09268905089899,0.30596489893485546
../benchmarks/vggnet16_benchmark2022/segmented_outputs/object/n03127747_crash_helmet.JPEG,n03127747_crash_helmet.JPEG,6.206867886813697,0.07993861607142858,4011,448,16.78839893014665,0.7345211016421145,0.2656869636290495,0.770221902817454,2.0619362044329126,3.154432159117779,0.3048671034239561
../benchmarks/vggnet16_benchmark2022/segmented_outputs/background/n04596742_wok.JPEG,n04596742_wok.JPEG,5.319480493810943,0.09195631377551021,4614,441,31.070686479440006,0.762122297361599,0.4900786702686465,0.8869700374406011,1.2718699972682401,2.083621917437462,0.3046930546503142
../benchmarks/vggnet16_benchmark2022/segmented_outputs/background/n03658185_letter_opener.JPEG,n03658185_letter_opener.JPEG,5.234188332322654,0.10263871173469388,5150,312,18.685780032313822,0.7301047160818095,0.5226306715157372,0.8815844221631499,0.5767899434713313,1.226057929077034,0.3043739198996682
../benchmarks/vggnet16_benchmark2022/segmented_outputs/object/n03124043_cowboy_boot.JPEG,n03124043_cowboy_boot.JPEG,5.751597232788001,0.11949936224489796,5996,289,9.002916247816314,0.7006509370275823,0.3874323087071554,0.9669134011599463,1.3438237521886292,3.0455881402237095,0.3043091338788353
../benchmarks/vggnet16_benchmark2022/segmented_outputs/object/n04192698_shield.JPEG,n04192698_shield.JPEG,7.273652929258889,0.14915497448979592,7484,512,26.89444696762848,0.6189257186857203,0.16324710222681182,0.8515626367648628,5.183791766307859,9.231465665883611,0.3037612813012457
../benchmarks/vggnet16_benchmark2022/segmented_outputs/object/n03452741_grand_piano.JPEG,n03452741_grand_piano.JPEG,7.244545897784497,0.16336495535714285,8197,312,32.316345497822645,0.5884076239217446,0.21268711430265647,0.8617313475365542,4.737476363613802,8.839493509649834,0.303633542657181
../benchmarks/vggnet16_benchmark2022/segmented_outputs/background/n03041632_cleaver.JPEG,n03041632_cleaver.JPEG,6.826498318406215,0.17408721301020408,8735,588,35.55632995220361,0.5891523691144968,0.2510330294689267,0.8636173299791063,5.804265740767538,10.399532436208005,0.30312875068093975
../benchmarks/vggnet16_benchmark2022/segmented_outputs/object/n04579145_whiskey_jug.JPEG,n04579145_whiskey_jug.JPEG,6.328772756405012,0.038185586734693876,1916,220,7.271508139178299,0.8383304810953968,0.2900475521290766,0.9373566263489674,-0.46884588112596437,-0.8209705129242106,0.3029299206597725
../benchmarks/vggnet16_benchmark2022/segmented_outputs/object/n03933933_pier.JPEG,n03933933_pier.JPEG,5.210084807530357,0.06337691326530612,3180,128,8.667762466746094,0.7907230494947433,0.4128327445887441,0.9154032895034304,-1.0257815757417514,-1.4709967877783896,0.302498945556872
../benchmarks/vggnet16_benchmark2022/segmented_outputs/object/n02109525_Saint_Bernard.JPEG,n02109525_Saint_Bernard.JPEG,7.309531165697565,0.17199457908163265,8630,317,19.18863420310396,0.5718759419098626,0.1404098141353554,0.9078536862661948,4.896152416084298,9.4182339374863,0.3016686364927793
../benchmarks/vggnet16_benchmark2022/segmented_outputs/object/n07583066_guacamole.JPEG,n07583066_guacamole.JPEG,7.74249025245458,0.18064413265306123,9064,663,42.10816974794942,0.5387407550139796,0.09158939905580106,0.7235243303921399,7.680497343314095,13.201194596177205,0.30165527689143407
../benchmarks/vggnet16_benchmark2022/segmented_outputs/background/n03970156_plunger.JPEG,n03970156_plunger.JPEG,5.55313977756343,0.10237962372448979,5137,140,27.87683791597695,0.7190077376907855,0.40923665898354455,0.8931968549518379,0.7776886277977074,1.7884335056557432,0.30141794034674013
../benchmarks/vggnet16_benchmark2022/segmented_outputs/background/n03100240_convertible.JPEG,n03100240_convertible.JPEG,3.7643705136493444,0.05717873086734694,2869,254,22.27801284560008,0.8336371268202322,0.6547114733411104,0.9033419610350399,-1.9451192169563605,-3.4212451718359187,0.3013835402213617
../benchmarks/vggnet16_benchmark2022/segmented_outputs/object/n02510455_giant_panda.JPEG,n02510455_giant_panda.JPEG,5.789789214647979,0.11144770408163265,5592,205,28.662658948817597,0.7056399528359638,0.4101044543037099,0.8940475469558875,1.3715724791530428,2.796761729013663,0.3013767125867007
../benchmarks/vggnet16_benchmark2022/segmented_outputs/object/n04243546_slot.JPEG,n04243546_slot.JPEG,7.526685697553922,0.2382015306122449,11952,1266,38.68671395679714,0.47844648181411864,0.1483815075510021,0.7781021938031544,10.96195506722664,18.752297666117933,0.30136099792095183
../benchmarks/vggnet16_benchmark2022/segmented_outputs/object/n13133613_ear.JPEG,n13133613_ear.JPEG,7.180925994805051,0.1708187181122449,8571,781,43.77972369477814,0.6053731365448972,0.20721396025423322,0.8562750714924634,6.989379625787046,12.073797329443739,0.3011246325914077
../benchmarks/vggnet16_benchmark2022/segmented_outputs/object/n03026506_Christmas_stocking.JPEG,n03026506_Christmas_stocking.JPEG,5.939538293215497,0.17701690051020408,8882,1096,18.242861115755687,0.624280265101628,0.38624616303050374,0.8930645986275745,6.311544292773862,10.81266955088416,0.3010710368150331
../benchmarks/vggnet16_benchmark2022/segmented_outputs/object/n01698640_American_alligator.JPEG,n01698640_American_alligator.JPEG,7.472746685497846,0.19587053571428573,9828,269,11.678330678473849,0.4988484079187858,0.09097867314241435,0.8323895952494824,5.539241046594838,10.686660873465492,0.3003931086544259
../benchmarks/vggnet16_benchmark2022/segmented_outputs/background/n02966193_carousel.JPEG,n02966193_carousel.JPEG,6.003625895223206,0.17799346301020408,8931,927,39.651046639373675,0.6066549017244065,0.395643877941716,0.8231825614900237,6.38375552335993,10.839613416498207,0.30035228169122935
../benchmarks/vggnet16_benchmark2022/segmented_outputs/background/n02113186_Cardigan.JPEG,n02113186_Cardigan.JPEG,2.2054591281636293,0.027642697704081634,1387,326,3.7949860856342554,0.915992963853058,0.8305670081535231,0.9623534159493209,-4.4363680945979995,-7.799552037443531,0.300035496739833
../benchmarks/vggnet16_benchmark2022/segmented_outputs/background/n04590129_window_shade.JPEG,n04590129_window_shade.JPEG,5.6095485257614355,0.1289859693877551,6472,586,14.803854535060555,0.6973254061876397,0.44914830503002323,0.9183926050876374,2.5960765556684926,4.717455859553615,0.29935678523123055
../benchmarks/vggnet16_benchmark2022/segmented_outputs/background/n03495258_harp.JPEG,n03495258_harp.JPEG,7.687619396757338,0.26241629464285715,13167,842,54.49176669415595,0.4013713135790714,0.0923729257889894,0.7405898205802679,10.836087268795282,19.140183489667592,0.2993388308627147
../benchmarks/vggnet16_benchmark2022/segmented_outputs/object/n06785654_crossword_puzzle.JPEG,n06785654_crossword_puzzle.JPEG,5.692579301589499,0.04583864795918367,2300,281,9.189209928304496,0.8355485853601823,0.5173073229375724,0.8867749585462434,-1.1463468737299876,-2.1856796597870245,0.2993361372380452
../benchmarks/vggnet16_benchmark2022/segmented_outputs/object/n03983396_pop_bottle.JPEG,n03983396_pop_bottle.JPEG,7.5830905425248165,0.16727120535714285,8393,485,30.120281476711856,0.5739881406940026,0.11460412381675467,0.8208687242369943,6.027523118536907,10.794893691790888,0.2991563763955946
../benchmarks/vggnet16_benchmark2022/segmented_outputs/object/n02454379_armadillo.JPEG,n02454379_armadillo.JPEG,4.815999843024757,0.11226482780612244,5633,300,39.5952046451059,0.7153770644509136,0.5022724038831738,0.8602456835922057,1.3120093293699389,2.4270493714220156,0.2990896960101396
../benchmarks/vggnet16_benchmark2022/segmented_outputs/object/n03788365_mosquito_net.JPEG,n03788365_mosquito_net.JPEG,6.997636871678067,0.11236447704081633,5638,399,29.059266427089476,0.6705483866181119,0.1859562818526416,0.7767149474886851,3.725302864879535,6.316451476155828,0.29902958706092125
../benchmarks/vggnet16_benchmark2022/segmented_outputs/object/n01748264_Indian_cobra.JPEG,n01748264_Indian_cobra.JPEG,7.609216155268882,0.19270169005102042,9669,448,8.545989478192599,0.5402767595227842,0.13729459597482802,0.9298807687711592,5.740670399108642,11.01258538183089,0.2986531507750964
../benchmarks/vggnet16_benchmark2022/segmented_outputs/object/n04467665_trailer_truck.JPEG,n04467665_trailer_truck.JPEG,6.306538992556339,0.12111367984693877,6077,324,15.619579239167434,0.6909314908816734,0.3394939451266866,0.9282716521929278,2.1664046468281044,4.276132923980203,0.2985401633998251
../benchmarks/vggnet16_benchmark2022/segmented_outputs/object/n02791124_barber_chair.JPEG,n02791124_barber_chair.JPEG,5.492996620147869,0.1136001275510204,5700,536,50.968934298143864,0.7231067233553798,0.42510157155326245,0.8517442911254383,3.139853530050767,5.16656288001243,0.29807360453294757
../benchmarks/vggnet16_benchmark2022/segmented_outputs/object/n02112137_chow.JPEG,n02112137_chow.JPEG,7.1939513070091525,0.14036591198979592,7043,222,31.39070484981464,0.5882910352033329,0.16391053221543242,0.7007130997830942,4.1683324363553975,7.372146114003212,0.29761617849730027
../benchmarks/vggnet16_benchmark2022/segmented_outputs/object/n02871525_bookshop.JPEG,n02871525_bookshop.JPEG,7.699286085869456,0.21105707908163265,10590,919,47.43412611711014,0.5134025443522479,0.10977470693919793,0.7827076186828861,9.407041161571819,16.233747995086468,0.2976088599124835
../benchmarks/vggnet16_benchmark2022/segmented_outputs/background/n03884397_panpipe.JPEG,n03884397_panpipe.JPEG,3.8512125433224083,0.06212133290816327,3117,460,16.21288439942382,0.8361366305645581,0.6707134859809138,0.9046723370616812,-1.2613540593715633,-2.436248904757919,0.2970729617884685
../benchmarks/vggnet16_benchmark2022/segmented_outputs/object/n02119789_kit_fox.JPEG,n02119789_kit_fox.JPEG,7.5821518003237065,0.18508848852040816,9287,384,29.863613420881798,0.5449013398423934,0.1416454562428432,0.8579883386634929,5.9536433887000015,11.060569505410488,0.2967102801917467
../benchmarks/vggnet16_benchmark2022/segmented_outputs/object/n02493793_spider_monkey.JPEG,n02493793_spider_monkey.JPEG,5.851657912565312,0.12836814413265307,6441,321,10.76996400288671,0.6874470880662921,0.40439313077706507,0.9573839607891592,1.7153079120826327,3.6796154272836756,0.29635967919483464
../benchmarks/vggnet16_benchmark2022/segmented_outputs/object/n03724870_mask.JPEG,n03724870_mask.JPEG,7.406681779275292,0.20738998724489796,10406,751,31.247741677807234,0.516028296273338,0.1377648689846235,0.8232585571859897,7.946519426893631,14.12704349577182,0.29570430240935636
../benchmarks/vggnet16_benchmark2022/segmented_outputs/background/n01531178_goldfinch.JPEG,n01531178_goldfinch.JPEG,3.828015764701501,0.07665019132653061,3846,506,15.288882253790687,0.8132320754745805,0.6634590124346458,0.9177574666794517,-0.7234029650899382,-1.3889058481349297,0.29569779205565255
../benchmarks/vggnet16_benchmark2022/segmented_outputs/object/n04277352_spindle.JPEG,n04277352_spindle.JPEG,6.623616527284344,0.036431760204081634,1828,118,12.788458169944157,0.8039774773969233,0.2255434714864854,0.8020746554054883,-0.1686275859457238,-0.5611347506015218,0.2956062488502011
../benchmarks/vggnet16_benchmark2022/segmented_outputs/object/n04099969_rocking_chair.JPEG,n04099969_rocking_chair.JPEG,6.58661347851912,0.15244339923469388,7649,133,40.6979158147399,0.5826709805105043,0.2418351725183875,0.7505448678548496,3.7720028801341297,6.988834284116861,0.2949341678022172
../benchmarks/vggnet16_benchmark2022/segmented_outputs/object/n03065424_coil.JPEG,n03065424_coil.JPEG,6.052790669204562,0.18415178571428573,9240,645,20.499506417345557,0.587378771787723,0.389748070665611,0.893958637476283,4.915386920114024,9.058611517785707,0.2948587582534424
../benchmarks/vggnet16_benchmark2022/segmented_outputs/background/n03721384_marimba.JPEG,n03721384_marimba.JPEG,6.587143070766158,0.1842315051020408,9244,923,44.26287624127692,0.5956736863991134,0.3476987254543586,0.8316533917608826,7.075614304947742,12.074300158564972,0.29447104462907486
../benchmarks/vggnet16_benchmark2022/segmented_outputs/background/n07695742_pretzel.JPEG,n07695742_pretzel.JPEG,5.506412090108075,0.09652024872448979,4843,262,18.107161217494923,0.7451121309444186,0.47912918034559915,0.9127388957555986,0.44232333121807704,1.086841186868956,0.29439055280558046
../benchmarks/vggnet16_benchmark2022/segmented_outputs/object/n04147183_schooner.JPEG,n04147183_schooner.JPEG,7.329907653517635,0.10134327168367346,5085,205,34.07397869326191,0.6975988950697618,0.18529139960051774,0.8374268409717547,2.8852641485583224,5.127949687961912,0.2941424109396705
../benchmarks/vggnet16_benchmark2022/segmented_outputs/object/n02088364_beagle.JPEG,n02088364_beagle.JPEG,7.670980941604228,0.2217594068877551,11127,638,17.734999755423118,0.49674960108199934,0.12067874739318207,0.9191148629173829,7.58238417729067,14.120055689441353,0.29395186088571296
../benchmarks/vggnet16_benchmark2022/segmented_outputs/background/n02086646_Blenheim_spaniel.JPEG,n02086646_Blenheim_spaniel.JPEG,5.39801680887781,0.13986766581632654,7018,945,23.725077458636953,0.6964725013651731,0.5006536382351979,0.8723962374526661,4.212066651289322,6.937649458687109,0.29321403520281775
../benchmarks/vggnet16_benchmark2022/segmented_outputs/background/n02730930_apron.JPEG,n02730930_apron.JPEG,6.496079262842228,0.18656329719387754,9361,1287,22.24839821843036,0.5735500604929096,0.28464651815056985,0.7229558036092202,8.269236931744626,13.565529994134643,0.293179933483565
../benchmarks/vggnet16_benchmark2022/segmented_outputs/background/n02948072_candle.JPEG,n02948072_candle.JPEG,4.600664898882258,0.07360092474489796,3693,481,33.98307322854447,0.8110852876352037,0.5564614877932855,0.8899523651801147,0.4124567047529704,0.37106143465412533,0.29292199478732595
../benchmarks/vggnet16_benchmark2022/segmented_outputs/background/n07715103_cauliflower.JPEG,n07715103_cauliflower.JPEG,7.735006152004994,0.25502232142857145,12796,1371,40.62481345431417,0.4431704152891178,0.0897948528479361,0.7454699526134845,12.222519998195889,20.85621558975881,0.292790379177522
../benchmarks/vggnet16_benchmark2022/segmented_outputs/object/n02093428_American_Staffordshire_terrier.JPEG,n02093428_American_Staffordshire_terrier.JPEG,7.527224622845293,0.13564253826530612,6806,195,43.01927432441362,0.6024448250763796,0.12645993809617923,0.7148023472822782,4.521586170569394,7.923365876262577,0.2920264642826378
../benchmarks/vggnet16_benchmark2022/segmented_outputs/object/n04127249_safety_pin.JPEG,n04127249_safety_pin.JPEG,5.937862487275062,0.15206473214285715,7630,381,35.885831038426346,0.6332320260573031,0.33727552155907253,0.8745671859569395,3.69866615480284,6.875081375135628,0.29141507119218973
../benchmarks/vggnet16_benchmark2022/segmented_outputs/object/n03042490_cliff_dwelling.JPEG,n03042490_cliff_dwelling.JPEG,7.040897887322108,0.15882095025510204,7969,247,15.538643018650879,0.6042973085576762,0.19548604476732812,0.9303078004179137,3.788788986902242,7.553508631055967,0.29131274638643634
../benchmarks/vggnet16_benchmark2022/segmented_outputs/object/n03388183_fountain_pen.JPEG,n03388183_fountain_pen.JPEG,6.432828203087153,0.11011240433673469,5525,153,7.958123591774203,0.7031896788550887,0.24246640487564114,0.9705588645871033,1.4205574537416732,3.3012784528490173,0.29089712240885335
../benchmarks/vggnet16_benchmark2022/segmented_outputs/object/n02129165_lion.JPEG,n02129165_lion.JPEG,7.097284958515946,0.08681441326530612,4356,171,31.18416911206768,0.7112904939874234,0.1633977214742775,0.7908710078866164,2.3521991694607056,4.03478992142648,0.29074657315381475
../benchmarks/vggnet16_benchmark2022/segmented_outputs/background/n04467665_trailer_truck.JPEG,n04467665_trailer_truck.JPEG,4.858391262274617,0.09070073341836735,4551,569,14.909361749146425,0.7775052952191033,0.5453812022211595,0.903114494476041,0.8010916964465907,1.2434817231292745,0.29061145147089856
../benchmarks/vggnet16_benchmark2022/segmented_outputs/object/n07695742_pretzel.JPEG,n07695742_pretzel.JPEG,6.257794287083554,0.12639508928571427,6342,254,15.552395049024868,0.6691561795630976,0.36520803223831405,0.8757776721208317,1.9776936306165669,3.9540626700482657,0.2897526898625716
../benchmarks/vggnet16_benchmark2022/segmented_outputs/background/n02951585_can_opener.JPEG,n02951585_can_opener.JPEG,4.017491779731003,0.05414939413265306,2717,171,7.931525551797938,0.8450492917470702,0.6361737750984531,0.9678460916631504,-2.662927692786527,-4.318920601024811,0.2891312414218877
../benchmarks/vggnet16_benchmark2022/segmented_outputs/object/n03496892_harvester.JPEG,n03496892_harvester.JPEG,6.817283604835568,0.16677295918367346,8368,885,18.503998403722306,0.583868285904027,0.18643070448516733,0.7396121345220448,6.663489115613759,11.233515392457143,0.2889512039138063
../benchmarks/vggnet16_benchmark2022/segmented_outputs/background/n07930864_cup.JPEG,n07930864_cup.JPEG,3.2695978628557274,0.03260522959183673,1636,158,14.706458529491826,0.8900656961433855,0.7020137728532491,0.947203818206406,-3.6532566617533258,-6.3005986501863855,0.28874409828584385
../benchmarks/vggnet16_benchmark2022/segmented_outputs/background/n02776631_bakery.JPEG,n02776631_bakery.JPEG,5.850852489109368,0.10582748724489796,5310,382,20.355796703960344,0.7296693269013286,0.44714921601811547,0.8942633341840892,1.4872806772522456,2.746582794315035,0.28866715068480964
../benchmarks/vggnet16_benchmark2022/segmented_outputs/background/n04389033_tank.JPEG,n04389033_tank.JPEG,5.4536493165695035,0.058693399234693876,2945,324,9.034274467187856,0.8176685039384645,0.4917656378193271,0.9003196398787084,-0.6662990675792981,-1.2394193639814945,0.2885410450912395
../benchmarks/vggnet16_benchmark2022/segmented_outputs/object/n02108422_bull_mastiff.JPEG,n02108422_bull_mastiff.JPEG,7.13158712918901,0.1412029655612245,7085,401,22.99538482042749,0.6436519050733241,0.20485353989858743,0.8940745554506908,4.128686352792035,7.612470877846929,0.2883331382433275
../benchmarks/vggnet16_benchmark2022/segmented_outputs/background/n02804610_bassoon.JPEG,n02804610_bassoon.JPEG,6.6381768969771375,0.17386798469387754,8724,738,34.637256500060246,0.5997873544049361,0.2930372069420642,0.8377141294867927,6.082800533335567,10.609379925299333,0.2878371673845712
../benchmarks/vggnet16_benchmark2022/segmented_outputs/background/n03617480_kimono.JPEG,n03617480_kimono.JPEG,4.704606890117716,0.08639588647959184,4335,331,20.529508383647613,0.7762719666030586,0.5382466865879552,0.9093205132746484,-0.08396928043487904,-0.01787265133628574,0.2877052104954561
../benchmarks/vggnet16_benchmark2022/segmented_outputs/object/n04116512_rubber_eraser.JPEG,n04116512_rubber_eraser.JPEG,7.158074926346062,0.10415338010204081,5226,223,24.109625472445636,0.6946105550841696,0.16849725149562572,0.8589529366314614,2.7172021567065974,4.977884617951748,0.28764559579881765
../benchmarks/vggnet16_benchmark2022/segmented_outputs/object/n02395406_hog.JPEG,n02395406_hog.JPEG,7.354161054575563,0.1861846301020408,9342,319,18.547236127092468,0.5030679308140634,0.10458656842129548,0.7221242197670292,5.680434274686873,10.440207980436,0.28733539205856434
../benchmarks/vggnet16_benchmark2022/segmented_outputs/object/n02123394_Persian_cat.JPEG,n02123394_Persian_cat.JPEG,7.054118191367639,0.15515385841836735,7785,446,13.650591868318845,0.5856004714684881,0.1412784344170943,0.7831399664547287,4.814180923059108,8.672432863142859,0.28651848108105415
../benchmarks/vggnet16_benchmark2022/segmented_outputs/object/n04264628_space_bar.JPEG,n04264628_space_bar.JPEG,6.896494571399125,0.1289660395408163,6471,181,17.487674389639658,0.6480100362057206,0.21302899636826267,0.8699872194647694,2.7378923744681645,5.378327672304493,0.28641363383546964
../benchmarks/vggnet16_benchmark2022/segmented_outputs/object/n03481172_hammer.JPEG,n03481172_hammer.JPEG,7.575210439643151,0.11098931760204081,5569,384,21.7603965589902,0.668743579561911,0.121715736993436,0.7829478379721861,3.9025550419352406,6.68793800333537,0.28607778312112847
../benchmarks/vggnet16_benchmark2022/segmented_outputs/background/n03127747_crash_helmet.JPEG,n03127747_crash_helmet.JPEG,4.064755461125753,0.11933992346938775,5988,919,23.2771837922249,0.7460859867477436,0.6436518517408392,0.8595709706750551,2.417825488874948,3.66864334398752,0.2856125091382754
../benchmarks/vggnet16_benchmark2022/segmented_outputs/background/n04370456_sweatshirt.JPEG,n04370456_sweatshirt.JPEG,6.374900936305002,0.15577168367346939,7816,653,39.38891394120171,0.6451454990246165,0.36574775846284446,0.8669402541963738,4.947978140921603,8.624414976300644,0.285237475182158
../benchmarks/vggnet16_benchmark2022/segmented_outputs/background/n02013706_limpkin.JPEG,n02013706_limpkin.JPEG,5.666160624467271,0.14518893494897958,7285,609,10.321191178339118,0.6581178286598844,0.3549627807996058,0.9005511940602192,3.42380612720605,6.279908494935736,0.28520047177106456
../benchmarks/vggnet16_benchmark2022/segmented_outputs/object/n02091467_Norwegian_elkhound.JPEG,n02091467_Norwegian_elkhound.JPEG,7.65457048935326,0.15571189413265307,7813,213,41.521189698046854,0.5789336128747753,0.11417594370480458,0.7756506441441475,5.092209878281717,9.2374109654349,0.2851736313541159
../benchmarks/vggnet16_benchmark2022/segmented_outputs/background/n04209133_shower_cap.JPEG,n04209133_shower_cap.JPEG,3.3605496826862264,0.03904257015306122,1959,187,10.272860612207996,0.8768429830955442,0.6693595033029978,0.9507522632060292,-3.3304406975709884,-5.67586883641152,0.28446073419718654
../benchmarks/vggnet16_benchmark2022/segmented_outputs/background/n01910747_jellyfish.JPEG,n01910747_jellyfish.JPEG,4.978991884065035,0.08988360969387756,4510,525,33.6330675708487,0.7822182495730787,0.5240633589026173,0.8918447044202942,1.2731782903140503,1.9499756728837216,0.2837648137425272
../benchmarks/vggnet16_benchmark2022/segmented_outputs/object/n04204238_shopping_basket.JPEG,n04204238_shopping_basket.JPEG,6.519552656365103,0.10044642857142858,5040,446,11.656944428013158,0.7177493240790569,0.23176640273014454,0.8662137668889935,2.5603508937441055,4.486586903875205,0.2835968789793695
../benchmarks/vggnet16_benchmark2022/segmented_outputs/object/n02165456_ladybug.JPEG,n02165456_ladybug.JPEG,7.276772235778763,0.14032605229591838,7041,643,18.88351292880482,0.6355327771720174,0.15953706774871834,0.8070464007036062,5.253926495526408,9.032473291717833,0.28318605908512245
../benchmarks/vggnet16_benchmark2022/segmented_outputs/object/n03903868_pedestal.JPEG,n03903868_pedestal.JPEG,6.167025012560188,0.06955516581632654,3490,194,5.004060731817675,0.7808790019125211,0.32248722129903606,0.9252122779666614,-0.00161547838178433,0.2975210118898135,0.28305138197614127
../benchmarks/vggnet16_benchmark2022/segmented_outputs/object/n01537544_indigo_bunting.JPEG,n01537544_indigo_bunting.JPEG,6.691824998485718,0.07065130739795919,3545,696,20.51930978087532,0.7766579897608678,0.26250878411338757,0.7819430475592377,2.9775794558461177,4.290739740222406,0.28301007922577986
../benchmarks/vggnet16_benchmark2022/segmented_outputs/object/n04355933_sunglass.JPEG,n04355933_sunglass.JPEG,5.195174578249491,0.09976881377551021,5006,783,18.80747494931215,0.7669186122910323,0.5517671407692083,0.8614515292798579,2.0935366436176013,3.118139969121391,0.282902371462214
../benchmarks/vggnet16_benchmark2022/segmented_outputs/object/n03977966_police_van.JPEG,n03977966_police_van.JPEG,6.4696799561016425,0.15559231505102042,7807,355,35.14515130547025,0.6240403148608444,0.277475933940469,0.8833914465901244,4.113795010220365,7.680401494178336,0.2823108557932018
../benchmarks/vggnet16_benchmark2022/segmented_outputs/object/n07747607_orange.JPEG,n07747607_orange.JPEG,5.427605743161685,0.08472177933673469,4251,548,10.060931763237903,0.7868376865470071,0.46824498378040585,0.9258795850722032,0.9357861605891022,1.5362047452774523,0.2820704282933171
../benchmarks/vggnet16_benchmark2022/segmented_outputs/object/n04465501_tractor.JPEG,n04465501_tractor.JPEG,7.170707466571665,0.2206234056122449,11070,791,38.55084282832508,0.5117960968488389,0.2179328481444438,0.8472246237199867,8.155770578425953,14.553683377323559,0.2820549619581338
../benchmarks/vggnet16_benchmark2022/segmented_outputs/object/n04344873_studio_couch.JPEG,n04344873_studio_couch.JPEG,6.200135469205156,0.07702885841836735,3865,337,31.485243771745616,0.7689109678207098,0.3428999992491818,0.8412771848247794,1.4979765083965004,2.3547802634517123,0.28164926717003785
../benchmarks/vggnet16_benchmark2022/segmented_outputs/object/n03796401_moving_van.JPEG,n03796401_moving_van.JPEG,6.472264845533061,0.1114078443877551,5590,343,16.732351990616124,0.7018775805427093,0.2764930557194096,0.8881044386192095,2.3685917789776356,4.406768696892982,0.28158666903006857
../benchmarks/vggnet16_benchmark2022/segmented_outputs/object/n04599235_wool.JPEG,n04599235_wool.JPEG,6.903519263056392,0.19716597576530612,9893,457,20.27916374761183,0.5404486636189327,0.21808131992063973,0.8916920904967733,5.616626233399519,10.6542728712436,0.28134182088448795
../benchmarks/vggnet16_benchmark2022/segmented_outputs/object/n02128385_leopard.JPEG,n02128385_leopard.JPEG,6.905626845145157,0.18191964285714285,9128,156,7.098633286559311,0.5444950780538386,0.11956723587365543,0.9144722614573908,4.122443627787314,8.519172956352172,0.28071340013299123
../benchmarks/vggnet16_benchmark2022/segmented_outputs/object/n02788148_bannister.JPEG,n02788148_bannister.JPEG,7.5558425559253095,0.26143973214285715,13118,450,45.635056487035705,0.39472171283015667,0.11536273884210005,0.7868648094575599,8.866004942678817,16.43678905538312,0.2798784750866491
../benchmarks/vggnet16_benchmark2022/segmented_outputs/object/n01614925_bald_eagle.JPEG,n01614925_bald_eagle.JPEG,5.720282981192588,0.036790497448979595,1846,171,5.413322385377329,0.858145502149641,0.40734424174895145,0.955769078045414,-1.5508128467048758,-2.586883934003903,0.2789656910502562
../benchmarks/vggnet16_benchmark2022/segmented_outputs/background/n03450230_gown.JPEG,n03450230_gown.JPEG,2.704373192615455,0.023377710459183673,1173,215,1.8508475085744982,0.9212492681589619,0.7828624390565246,0.9730451016597516,-4.6681812397073745,-8.060632722577147,0.2787955267542926
../benchmarks/vggnet16_benchmark2022/segmented_outputs/object/n07754684_jackfruit.JPEG,n07754684_jackfruit.JPEG,4.623402447611994,0.08597735969387756,4314,545,20.389118403331864,0.7829641705623892,0.5577460027503942,0.8627861296842164,0.6267259843090104,0.7942096279518618,0.27873123076811473
../benchmarks/vggnet16_benchmark2022/segmented_outputs/background/n02088094_Afghan_hound.JPEG,n02088094_Afghan_hound.JPEG,4.122788252085506,0.07539461096938775,3783,330,11.262164447483372,0.8104679358411211,0.6209447062596928,0.9416227856347935,-1.2849448803525816,-2.045846072390364,0.27855262177018986
../benchmarks/vggnet16_benchmark2022/segmented_outputs/object/n04399382_teddy.JPEG,n04399382_teddy.JPEG,6.050897657968276,0.09351084183673469,4692,255,10.99429426105766,0.7465553643688402,0.3594887838549782,0.9315350301543868,0.8126371480506569,1.8149588880671446,0.27832375025934486
../benchmarks/vggnet16_benchmark2022/segmented_outputs/background/n04228054_ski.JPEG,n04228054_ski.JPEG,1.908434621090584,0.03085140306122449,1548,647,7.090752528944169,0.927484700493383,0.892458598466164,0.9015282402661805,-3.4085156083241697,-6.615821183360465,0.27755833144852554
../benchmarks/vggnet16_benchmark2022/segmented_outputs/object/n02825657_bell_cote.JPEG,n02825657_bell_cote.JPEG,6.09612047448778,0.16605548469387754,8332,363,24.453114331454163,0.6065766874410341,0.32001103324499336,0.8900488485656453,3.7832405536668543,7.293758391388014,0.2764578747797144
../benchmarks/vggnet16_benchmark2022/segmented_outputs/background/n03379051_football_helmet.JPEG,n03379051_football_helmet.JPEG,7.484604900411484,0.26841517857142855,13468,1126,52.53952071065752,0.4180169460157067,0.12844062242348694,0.7534148102383997,11.700187026565622,20.346681908699814,0.27627209099165456
../benchmarks/vggnet16_benchmark2022/segmented_outputs/object/n12985857_coral_fungus.JPEG,n12985857_coral_fungus.JPEG,5.017145270761141,0.09809470663265306,4922,679,12.932086910906289,0.7588532092301769,0.5508604865768817,0.8407672773351258,1.4547215608860529,2.136259811574694,0.2762531433535518
../benchmarks/vggnet16_benchmark2022/segmented_outputs/background/n01494475_hammerhead.JPEG,n01494475_hammerhead.JPEG,4.238012415153852,0.08729272959183673,4380,335,9.547121423291197,0.7897550803343143,0.6274838076737101,0.9483749449887722,-0.9901503650010812,-1.4096257904169258,0.27583926617080007
../benchmarks/vggnet16_benchmark2022/segmented_outputs/background/n03649909_lawn_mower.JPEG,n03649909_lawn_mower.JPEG,4.473616369190749,0.12135283801020408,6089,664,25.72132279732047,0.7323843620591575,0.5858902129800935,0.8852672174237314,1.9498441188082434,3.270474259428463,0.2752725591294302
../benchmarks/vggnet16_benchmark2022/segmented_outputs/background/n03089624_confectionery.JPEG,n03089624_confectionery.JPEG,6.373267441148336,0.19806281887755103,9938,955,48.24864978067919,0.5801173962651286,0.33674667874558517,0.8425263747551505,7.589631730211906,13.060390285381436,0.2746812314851486
../benchmarks/vggnet16_benchmark2022/segmented_outputs/object/n12620546_hip.JPEG,n12620546_hip.JPEG,6.955338328065109,0.1594188456632653,7999,641,69.30058330854204,0.5992730844713492,0.1977436314340076,0.6897580092002831,7.007608386245563,11.591302361082331,0.2744002584208668
../benchmarks/vggnet16_benchmark2022/segmented_outputs/background/n02493793_spider_monkey.JPEG,n02493793_spider_monkey.JPEG,4.993942078861935,0.09181680484693877,4607,459,7.665111304695189,0.7722394625670129,0.5093573811816361,0.9225249601990682,0.37570043993076385,0.7716084186017382,0.2735597168981499
../benchmarks/vggnet16_benchmark2022/segmented_outputs/object/n01693334_green_lizard.JPEG,n01693334_green_lizard.JPEG,7.33116307905222,0.16388313137755103,8223,657,16.837085950864548,0.5991330610529941,0.15213629737617373,0.8375531139823935,5.877619630235895,10.404311323777522,0.27350561963929326
../benchmarks/vggnet16_benchmark2022/segmented_outputs/background/n02002556_white_stork.JPEG,n02002556_white_stork.JPEG,4.21897491820008,0.06831951530612244,3428,263,12.95585927364224,0.8175244284985674,0.6417165365813797,0.9134702782774426,-1.698501772639108,-2.832118163383385,0.27322464614203634
../benchmarks/vggnet16_benchmark2022/segmented_outputs/background/n01817953_African_grey.JPEG,n01817953_African_grey.JPEG,3.902931860160048,0.032525510204081634,1632,166,12.151988394567587,0.8890584736301844,0.6256622100917091,0.9540005793423078,-3.157425547367591,-5.42899638122961,0.27309193452489805
../benchmarks/vggnet16_benchmark2022/segmented_outputs/background/n02091032_Italian_greyhound.JPEG,n02091032_Italian_greyhound.JPEG,5.484401824217052,0.14694276147959184,7373,618,20.91643971622647,0.6702511190335835,0.4667840035918972,0.8924384501223783,3.2321205495490606,5.829873452187958,0.27306097445020416
../benchmarks/vggnet16_benchmark2022/segmented_outputs/background/n07584110_consomme.JPEG,n07584110_consomme.JPEG,5.223253921262502,0.08824936224489796,4428,265,11.309582343527218,0.7707700215968741,0.4974039906657961,0.9326117362085036,-0.21256251223392778,-0.022580389468922546,0.2728072404820279
../benchmarks/vggnet16_benchmark2022/segmented_outputs/object/n04004767_printer.JPEG,n04004767_printer.JPEG,7.137571615860024,0.15734614158163265,7895,521,33.939105304120716,0.6179709733826966,0.20555669190995587,0.8469874423288375,5.346905322181881,9.50627524758934,0.2725884758644708
../benchmarks/vggnet16_benchmark2022/segmented_outputs/object/n07717556_butternut_squash.JPEG,n07717556_butternut_squash.JPEG,5.735610691564433,0.12067522321428571,6055,662,15.50733274859512,0.7127696812141355,0.45080068206974866,0.8614650234673733,2.747158058880869,4.636050209052575,0.2723627825951927
../benchmarks/vggnet16_benchmark2022/segmented_outputs/background/n04509417_unicycle.JPEG,n04509417_unicycle.JPEG,6.585263174600545,0.19318000637755103,9693,641,44.25320056011503,0.559453862018088,0.27127524992237984,0.8181844555202368,6.582348099197951,11.675625242747618,0.2720648370713472
../benchmarks/vggnet16_benchmark2022/segmented_outputs/background/n04522168_vase.JPEG,n04522168_vase.JPEG,4.413088077172516,0.07774633290816327,3901,530,14.173972592861375,0.8065797455474465,0.614598769508971,0.8835413873664777,-0.19031894845144273,-0.5860673065116355,0.27200732700454255
../benchmarks/vggnet16_benchmark2022/segmented_outputs/object/n02058221_albatross.JPEG,n02058221_albatross.JPEG,7.43227665924909,0.12978316326530612,6512,152,44.50857286544962,0.6318154196200549,0.1433579397239697,0.7704784324762619,4.0200861476341405,7.188852304213302,0.27193987244718065
../benchmarks/vggnet16_benchmark2022/segmented_outputs/object/n01753488_horned_viper.JPEG,n01753488_horned_viper.JPEG,7.287687864103953,0.14520886479591838,7286,556,57.07005557608162,0.6273265776232511,0.15973574021416603,0.748143702352664,6.179429867954217,10.373033709896525,0.27174144326908967
../benchmarks/vggnet16_benchmark2022/segmented_outputs/object/n07753113_fig.JPEG,n07753113_fig.JPEG,5.274042007574852,0.059669961734693876,2994,232,16.833412602054413,0.8274387621237363,0.4780860953061355,0.9422215583324531,-0.8673157249452976,-1.3896316684700096,0.2714779132142576
../benchmarks/vggnet16_benchmark2022/segmented_outputs/object/n02027492_red-backed_sandpiper.JPEG,n02027492_red-backed_sandpiper.JPEG,6.7348322325131775,0.14879623724489796,7466,170,9.276807884955506,0.5884328977845256,0.1526965126777075,0.7950562715390349,3.2830456570325772,6.4127633168162,0.27065279218725213
../benchmarks/vggnet16_benchmark2022/segmented_outputs/object/n03944341_pinwheel.JPEG,n03944341_pinwheel.JPEG,5.7414484530665835,0.03218670280612245,1615,262,13.899716029988493,0.8696962891483997,0.3513851603041608,0.9365509264795806,-0.8438592703648641,-1.6261706872150303,0.2704646657721133
../benchmarks/vggnet16_benchmark2022/segmented_outputs/object/n04152593_screen.JPEG,n04152593_screen.JPEG,6.438143225413526,0.1578045280612245,7918,198,46.02118456389133,0.6049101361827469,0.2534207045566351,0.8308389123056672,4.036712993290646,7.577135747828663,0.2703310781909963
../benchmarks/vggnet16_benchmark2022/segmented_outputs/object/n03602883_joystick.JPEG,n03602883_joystick.JPEG,5.969363446951011,0.03810586734693878,1912,214,10.010694754905575,0.8555701444156004,0.37867298238407787,0.9360269585799796,-0.9966293034425654,-1.7626125632714782,0.27031694375166615
../benchmarks/vggnet16_benchmark2022/segmented_outputs/object/n07615774_ice_lolly.JPEG,n07615774_ice_lolly.JPEG,6.5244946262321655,0.03832509566326531,1923,395,6.0404972313294705,0.8548518394900188,0.2923102636837045,0.9274894039300531,0.16991342707426826,0.015510294561648763,0.2699762789386062
../benchmarks/vggnet16_benchmark2022/segmented_outputs/background/n02100877_Irish_setter.JPEG,n02100877_Irish_setter.JPEG,4.400737251622532,0.08599728954081633,4315,422,13.26576057782773,0.7963321057417874,0.6275217091639346,0.930443821478621,-0.5230578287043862,-0.813712326692889,0.2699266841382281
../benchmarks/vggnet16_benchmark2022/segmented_outputs/background/n01986214_hermit_crab.JPEG,n01986214_hermit_crab.JPEG,3.3249902180033755,0.03569435586734694,1791,196,7.200574940289538,0.8928126382027274,0.6985754208441939,0.9675084821131932,-3.6617312730481655,-6.236690894511925,0.26985770265277403
../benchmarks/vggnet16_benchmark2022/segmented_outputs/object/n02134084_ice_bear.JPEG,n02134084_ice_bear.JPEG,4.989675975066102,0.09404894770408163,4719,103,28.409309561830895,0.7447896606682138,0.4612158612493308,0.8841963926531959,-0.05686361766390646,0.2983484760470389,0.26976216534515607
../benchmarks/vggnet16_benchmark2022/segmented_outputs/object/n03832673_notebook.JPEG,n03832673_notebook.JPEG,7.064604778957575,0.047751913265306124,2396,117,22.561041168907707,0.764071147689225,0.1769073904918491,0.69091032604867,0.8953016690980402,1.0218092414532285,0.26951018519702663
../benchmarks/vggnet16_benchmark2022/segmented_outputs/background/n02930766_cab.JPEG,n02930766_cab.JPEG,3.961518988183234,0.06228077168367347,3125,421,23.639106455379363,0.8443743742890205,0.6428558964623673,0.9130969878538893,-1.0957336469800278,-2.1267610798891874,0.2693716892191743
../benchmarks/vggnet16_benchmark2022/segmented_outputs/background/n01860187_black_swan.JPEG,n01860187_black_swan.JPEG,3.4848496082073606,0.06979432397959184,3502,263,29.73574999879535,0.8238510176692954,0.6714265907027437,0.9035263280779658,-1.605157909460812,-2.7750623073749363,0.2693398041970117
../benchmarks/vggnet16_benchmark2022/segmented_outputs/object/n02112018_Pomeranian.JPEG,n02112018_Pomeranian.JPEG,7.173253723979402,0.1317761479591837,6612,419,36.72290275351006,0.6035982807273887,0.14980704538406678,0.6043130565036127,4.950989989754833,8.093185071606317,0.2692870964289541
../benchmarks/vggnet16_benchmark2022/segmented_outputs/object/n02398521_hippopotamus.JPEG,n02398521_hippopotamus.JPEG,5.80317006750704,0.09125876913265306,4579,162,15.102152191411811,0.7239221974040946,0.3352794624245532,0.8249924407484279,0.6641406498244432,1.3796793613373426,0.2690361344031642
../benchmarks/vggnet16_benchmark2022/segmented_outputs/background/n02102480_Sussex_spaniel.JPEG,n02102480_Sussex_spaniel.JPEG,5.025844042778717,0.11224489795918367,5632,538,16.956542540170773,0.7357747081071003,0.5374589474805327,0.8824120837464919,1.413901225823269,2.471564255356407,0.2686021666370375
../benchmarks/vggnet16_benchmark2022/segmented_outputs/object/n03492542_hard_disc.JPEG,n03492542_hard_disc.JPEG,6.879281429513618,0.15118781887755103,7586,267,15.013698471908222,0.6282259271097907,0.21589336174334273,0.930127444671365,3.4506955099697127,6.871995856884646,0.26844422109574073
../benchmarks/vggnet16_benchmark2022/segmented_outputs/background/n03837869_obelisk.JPEG,n03837869_obelisk.JPEG,3.518489022586234,0.06963488520408163,3494,342,3.4652380721621716,0.8271496916611878,0.6789010335133435,0.9422343780469337,-2.115030552454544,-3.484149349319844,0.26817380047327993
../benchmarks/vggnet16_benchmark2022/segmented_outputs/object/n02860847_bobsled.JPEG,n02860847_bobsled.JPEG,6.0272249172930845,0.13364955357142858,6706,563,50.588938301678276,0.659529355912434,0.3335635423826122,0.7326756627799837,4.4897092937787795,7.347623918698773,0.26797722920627054
../benchmarks/vggnet16_benchmark2022/segmented_outputs/object/n04328186_stopwatch.JPEG,n04328186_stopwatch.JPEG,7.154811157401758,0.13966836734693877,7008,341,18.754777658098682,0.6413906698837413,0.19373840180590324,0.8726704087977131,3.799915016988681,7.086144883668409,0.267801447627334
../benchmarks/vggnet16_benchmark2022/segmented_outputs/object/n02948072_candle.JPEG,n02948072_candle.JPEG,5.472467242778103,0.0637954400510204,3201,304,33.73477953724684,0.8165234884697409,0.3664279232141835,0.9126064048739481,0.5681782659555723,0.8612368527900258,0.2674676301456525
../benchmarks/vggnet16_benchmark2022/segmented_outputs/background/n01945685_slug.JPEG,n01945685_slug.JPEG,3.8626267201968316,0.06385522959183673,3204,192,7.721613615885376,0.8349070905590934,0.6641383287187892,0.9629688945004787,-2.5420723071993168,-4.062091024357899,0.2672985987071467
../benchmarks/vggnet16_benchmark2022/segmented_outputs/background/n04264628_space_bar.JPEG,n04264628_space_bar.JPEG,2.8590460544847405,0.04197225765306122,2106,132,16.06977234089866,0.878841906460029,0.7189226478551822,0.9455457127740776,-3.729678503868403,-6.3111412384955425,0.26638545142065156
../benchmarks/vggnet16_benchmark2022/segmented_outputs/object/n04366367_suspension_bridge.JPEG,n04366367_suspension_bridge.JPEG,4.781196411458983,0.06913663903061225,3469,147,24.915516512959453,0.8089352546653958,0.47097953578580853,0.9401628566184139,-0.8733479562738744,-1.2324428444178612,0.2655507384106614
../benchmarks/vggnet16_benchmark2022/segmented_outputs/object/n02802426_basketball.JPEG,n02802426_basketball.JPEG,5.333940020787329,0.06893734056122448,3459,247,16.424200902219336,0.801942927335945,0.4398837504622135,0.9113409862318358,-0.35183195763737074,-0.49997076622947767,0.2652831537052997
../benchmarks/vggnet16_benchmark2022/segmented_outputs/object/n07932039_eggnog.JPEG,n07932039_eggnog.JPEG,6.131916037584854,0.10114397321428571,5075,279,14.673464252725807,0.7321511201303041,0.32294284862186146,0.9155065015682027,1.396067722245991,2.8010790930073064,0.2646618731619424
../benchmarks/vggnet16_benchmark2022/segmented_outputs/object/n01784675_centipede.JPEG,n01784675_centipede.JPEG,6.443708110887506,0.15322066326530612,7688,614,14.379677118806331,0.6281961795935793,0.23793361224249118,0.8459816893825068,4.619507027433926,8.242427700373081,0.26463200287348854
../benchmarks/vggnet16_benchmark2022/segmented_outputs/object/n02699494_altar.JPEG,n02699494_altar.JPEG,5.60450176419908,0.12470105229591837,6257,457,28.819388800710858,0.615246453105996,0.3068641335760161,0.5337046274366158,3.4856038280924064,5.3443032673311235,0.2637817633727107
../benchmarks/vggnet16_benchmark2022/segmented_outputs/background/n03201208_dining_table.JPEG,n03201208_dining_table.JPEG,5.707323718839151,0.16115274234693877,8086,480,39.92961844373509,0.6358962937104952,0.40888287424806846,0.8692499721200676,3.9790702323672527,7.253977731504449,0.26294942729138043
../benchmarks/vggnet16_benchmark2022/segmented_outputs/object/n04404412_television.JPEG,n04404412_television.JPEG,7.364588649896856,0.14211973852040816,7131,491,31.617446441317917,0.6159195835364313,0.1287309042476803,0.7365034724503134,5.3214884678337855,9.104418952917033,0.2628710482892903
../benchmarks/vggnet16_benchmark2022/segmented_outputs/object/n03895866_passenger_car.JPEG,n03895866_passenger_car.JPEG,6.53137620439682,0.11475605867346939,5758,166,14.383779296453689,0.7106957209419045,0.38241683184074515,0.9446434282875353,1.191063381283799,2.7670946423166365,0.26220748638027863
../benchmarks/vggnet16_benchmark2022/segmented_outputs/object/n03459775_grille.JPEG,n03459775_grille.JPEG,6.271717228094435,0.11256377551020408,5648,298,30.051529216462185,0.7055800159552035,0.34627811998171076,0.8515152297120573,2.2373107258542895,4.049579004593964,0.26205820794508095
../benchmarks/vggnet16_benchmark2022/segmented_outputs/background/n02782093_balloon.JPEG,n02782093_balloon.JPEG,4.759230872489524,0.08246970663265306,4138,476,10.692912958681287,0.7988856071271305,0.5224145589352858,0.9293681030912418,0.09010868583738842,0.16883856872763123,0.26142144004060935
../benchmarks/vggnet16_benchmark2022/segmented_outputs/object/n03976467_Polaroid_camera.JPEG,n03976467_Polaroid_camera.JPEG,7.094385495830009,0.1682079081632653,8440,623,47.05757940724546,0.6002525762964063,0.2055596493985833,0.7961985289310745,6.412802650866251,11.089843941803412,0.26129279818126167
../benchmarks/vggnet16_benchmark2022/segmented_outputs/background/n04536866_violin.JPEG,n04536866_violin.JPEG,4.478152562107738,0.0908203125,4557,240,22.069590168730233,0.7686063381134554,0.5736879970598157,0.88724929349339,-0.5155824780829299,-0.6693091607356548,0.2612345510717183
../benchmarks/vggnet16_benchmark2022/segmented_outputs/object/n07802026_hay.JPEG,n07802026_hay.JPEG,6.95777143836756,0.17859135841836735,8961,238,35.98659707441071,0.5503404573524964,0.16824796832909977,0.7959789854856268,5.073243746330858,9.491495803351137,0.26102583074903324
../benchmarks/vggnet16_benchmark2022/segmented_outputs/background/n02114855_coyote.JPEG,n02114855_coyote.JPEG,5.085811927513262,0.1337093431122449,6709,209,14.691736444375195,0.6678724166677714,0.47150563647022553,0.8675147087766679,1.030134969075979,2.451809055682312,0.2609464470642041
../benchmarks/vggnet16_benchmark2022/segmented_outputs/object/n03759954_microphone.JPEG,n03759954_microphone.JPEG,6.181062330937538,0.1200374681122449,6023,307,37.77976696653357,0.6982514101859156,0.37004223540422065,0.8554839950070681,2.5384930968431063,4.580655136003362,0.26066934190925506
../benchmarks/vggnet16_benchmark2022/segmented_outputs/object/n02094258_Norwich_terrier.JPEG,n02094258_Norwich_terrier.JPEG,5.767018502101408,0.11688855229591837,5865,277,3.1005565053597577,0.7172592575068542,0.39103296447328073,0.9757245906719745,0.9667460631164623,2.4424763886317695,0.26056254610573826
../benchmarks/vggnet16_benchmark2022/segmented_outputs/object/n03902125_pay-phone.JPEG,n03902125_pay-phone.JPEG,7.416339862791515,0.12749123086734693,6397,426,18.09422287563678,0.6646725549168095,0.14948224741993438,0.8583375215169256,4.067581653682023,7.286535790234859,0.26049242766181185
../benchmarks/vggnet16_benchmark2022/segmented_outputs/background/n02865351_bolo_tie.JPEG,n02865351_bolo_tie.JPEG,3.7712692526946654,0.03262515943877551,1637,68,4.519765900232913,0.880593079573541,0.6193061370118987,0.942705884015141,-3.757152668507988,-6.29962684016122,0.2603314503209678
../benchmarks/vggnet16_benchmark2022/segmented_outputs/object/n04026417_purse.JPEG,n04026417_purse.JPEG,6.839872120411258,0.11858258928571429,5950,219,23.048213345622656,0.6729992128422269,0.18340934466818654,0.8482086230247613,2.840512097891386,5.319647240902238,0.2600962971232769
../benchmarks/vggnet16_benchmark2022/segmented_outputs/background/n07718747_artichoke.JPEG,n07718747_artichoke.JPEG,3.3816510041285994,0.0634765625,3185,346,28.337959623640856,0.8408566676540477,0.7013314974746441,0.8839399626907662,-1.6650174530421333,-3.0965190630660047,0.26004773189210095
../benchmarks/vggnet16_benchmark2022/segmented_outputs/background/n02105855_Shetland_sheepdog.JPEG,n02105855_Shetland_sheepdog.JPEG,3.6185800780463313,0.0709701849489796,3561,194,14.837471889276372,0.8186500138763946,0.6594187032406476,0.9292832695716888,-2.1870844350130922,-3.5085577144631674,0.25997100478901836
../benchmarks/vggnet16_benchmark2022/segmented_outputs/object/n01983481_American_lobster.JPEG,n01983481_American_lobster.JPEG,5.995374287044885,0.05357142857142857,2688,133,12.153299684210007,0.82488595791706,0.37620035612403935,0.9366100876340038,-0.8187877053887139,-1.215058109133349,0.25971999336761736
../benchmarks/vggnet16_benchmark2022/segmented_outputs/object/n03187595_dial_telephone.JPEG,n03187595_dial_telephone.JPEG,6.600436883097766,0.11429767219387756,5735,218,24.246104176777397,0.6945619114931662,0.2764849163845222,0.8712880706844319,2.225599660859802,4.2513939937649825,0.2596636076917241
../benchmarks/vggnet16_benchmark2022/segmented_outputs/background/n02107142_Doberman.JPEG,n02107142_Doberman.JPEG,3.423759657024105,0.05642139668367347,2831,159,12.111444310650466,0.849545514016938,0.7049581528570958,0.9388119067158607,-3.0707558063070337,-5.0862228652619095,0.2595197722060784
../benchmarks/vggnet16_benchmark2022/segmented_outputs/object/n02910353_buckle.JPEG,n02910353_buckle.JPEG,6.870244219034621,0.12436224489795919,6240,233,16.953335538793613,0.6577041200564568,0.21245475830737692,0.8276290983776887,2.7957261747673776,5.257482361194928,0.25941814438297534
../benchmarks/vggnet16_benchmark2022/segmented_outputs/background/n03976657_pole.JPEG,n03976657_pole.JPEG,4.509787631080478,0.09494579081632654,4764,403,29.277833045017132,0.7784141230963038,0.595413782338079,0.8999487110041953,0.29286988947733794,0.5183366677564558,0.259041810517416
../benchmarks/vggnet16_benchmark2022/segmented_outputs/object/n02909870_bucket.JPEG,n02909870_bucket.JPEG,7.255986974108265,0.15122767857142858,7588,619,22.22729599229953,0.6163498744878633,0.1777762553108988,0.778489752303045,5.462088868083965,9.42295067075799,0.2590097504048536
../benchmarks/vggnet16_benchmark2022/segmented_outputs/background/n04041544_radio.JPEG,n04041544_radio.JPEG,5.038882209516785,0.12623565051020408,6334,407,27.619075351403303,0.7087276919227035,0.49601999493943844,0.8973412099487303,1.7452388839298512,3.3277535217927405,0.259004375626336
../benchmarks/vggnet16_benchmark2022/segmented_outputs/background/n03630383_lab_coat.JPEG,n03630383_lab_coat.JPEG,6.962976291215882,0.18168048469387754,9116,699,43.251928050126246,0.5848306686054632,0.26650202596569394,0.806200605240487,6.6203935035519335,11.512051948991035,0.2589159217287016
../benchmarks/vggnet16_benchmark2022/segmented_outputs/object/n03347037_fire_screen.JPEG,n03347037_fire_screen.JPEG,6.323683691913812,0.11138791454081633,5589,320,22.128704260550204,0.7112806183940111,0.35124599672957557,0.8700732625341198,2.0355509599899326,3.759017845575978,0.25858425051020945
../benchmarks/vggnet16_benchmark2022/segmented_outputs/object/n03089624_confectionery.JPEG,n03089624_confectionery.JPEG,5.996326320135202,0.1486766581632653,7460,721,42.965463506937034,0.665734613033883,0.4125758741698326,0.8221463543548264,4.772850813836632,8.022943995009433,0.2585677605994714
../benchmarks/vggnet16_benchmark2022/segmented_outputs/object/n02447366_badger.JPEG,n02447366_badger.JPEG,7.2501540130897055,0.16402264030612246,8230,250,23.58994150453199,0.5603501048544133,0.13649261112003214,0.744929988733589,4.701612809610319,8.647693976558518,0.2575042426688938
../benchmarks/vggnet16_benchmark2022/segmented_outputs/background/n04286575_spotlight.JPEG,n04286575_spotlight.JPEG,3.164373764440089,0.04075653698979592,2045,143,12.309671254781914,0.8737852455324576,0.6151404282643536,0.9417009506052485,-3.27028822792182,-5.510835909143757,0.25669225471044926
../benchmarks/vggnet16_benchmark2022/segmented_outputs/object/n02869837_bonnet.JPEG,n02869837_bonnet.JPEG,5.8851927384114475,0.10660475127551021,5349,457,34.92704283633,0.7358452533181193,0.37174306308866534,0.8663297544328679,2.5063055677439583,4.25600612456628,0.25636733926561917
../benchmarks/vggnet16_benchmark2022/segmented_outputs/object/n03954731_plane.JPEG,n03954731_plane.JPEG,6.617250229340166,0.14668367346938777,7360,278,14.366367170761727,0.6468851785864334,0.30071962357251913,0.9265306898163919,2.8666505145480796,5.785491916933843,0.25581558424206513
../benchmarks/vggnet16_benchmark2022/segmented_outputs/background/n03290653_entertainment_center.JPEG,n03290653_entertainment_center.JPEG,4.611867091440217,0.09779575892857142,4907,359,19.575406740751895,0.7693302607643421,0.5870791213619898,0.9128703315576326,-0.007907344159959959,0.18406959555203756,0.25569563714442345
../benchmarks/vggnet16_benchmark2022/segmented_outputs/background/n02114712_red_wolf.JPEG,n02114712_red_wolf.JPEG,2.24001785167451,0.018116230867346938,909,81,8.835781706829708,0.9318340158335796,0.8009402400471818,0.9579097501546392,-5.393477059357219,-9.255875031592966,0.2551515005101914
../benchmarks/vggnet16_benchmark2022/segmented_outputs/object/n01985128_crayfish.JPEG,n01985128_crayfish.JPEG,6.141911941718897,0.17426658163265307,8744,583,28.2122884167747,0.6140077090039295,0.3291838376499974,0.8991095721964117,4.848611534082384,8.90227875262516,0.2550831037785529
../benchmarks/vggnet16_benchmark2022/segmented_outputs/object/n03743016_megalith.JPEG,n03743016_megalith.JPEG,7.062640184025536,0.17145647321428573,8603,194,36.36337948973704,0.5699891539534241,0.14286942257983745,0.8336458852000179,4.814227692244986,9.13228222305624,0.2550620265349778
../benchmarks/vggnet16_benchmark2022/segmented_outputs/object/n07873807_pizza.JPEG,n07873807_pizza.JPEG,7.4669773990370025,0.24982063137755103,12535,764,22.77052543331755,0.4520521889275516,0.14497903351052638,0.8611567788720471,8.772827224247052,16.08384014701763,0.25505460795034257
../benchmarks/vggnet16_benchmark2022/segmented_outputs/object/n02494079_squirrel_monkey.JPEG,n02494079_squirrel_monkey.JPEG,7.617631350541682,0.22722018494897958,11401,448,30.95615472574074,0.45312663988686724,0.08752209434318131,0.7594302356502358,7.669782491727192,14.08566077251997,0.25436781160779315
../benchmarks/vggnet16_benchmark2022/segmented_outputs/object/n03874599_padlock.JPEG,n03874599_padlock.JPEG,5.800903958830126,0.11435746173469388,5738,171,37.31016206268446,0.7076541086227999,0.37334735466214575,0.8729787013961253,1.6703555181988992,3.276346277073495,0.2541328927717756
../benchmarks/vggnet16_benchmark2022/segmented_outputs/object/n04548362_wallet.JPEG,n04548362_wallet.JPEG,6.422435862124502,0.15656887755102042,7856,452,6.647126578545255,0.6325162716325646,0.313875378119597,0.9090219402365578,3.452737463824854,6.669936378529819,0.2533397096254297
../benchmarks/vggnet16_benchmark2022/segmented_outputs/background/n02097298_Scotch_terrier.JPEG,n02097298_Scotch_terrier.JPEG,3.43376194151693,0.03810586734693878,1912,173,8.86893665479763,0.875263052900478,0.6935517828732936,0.8952234713448399,-3.4984504063548614,-6.103483348819067,0.25313243732845186
../benchmarks/vggnet16_benchmark2022/segmented_outputs/background/n03742115_medicine_chest.JPEG,n03742115_medicine_chest.JPEG,5.9530682572560885,0.14114317602040816,7082,479,30.584305368221965,0.6733309951409601,0.42953551336571594,0.8638729491679238,3.175590700692688,5.710960591740022,0.2530977789311793
../benchmarks/vggnet16_benchmark2022/segmented_outputs/object/n02165105_tiger_beetle.JPEG,n02165105_tiger_beetle.JPEG,7.489048249486895,0.1824577487244898,9155,304,7.421348399798513,0.5617550063077115,0.12586662791632253,0.9220983017285445,4.8328382916721235,9.53429597884511,0.25294570561923874
../benchmarks/vggnet16_benchmark2022/segmented_outputs/background/n02927161_butcher_shop.JPEG,n02927161_butcher_shop.JPEG,6.814299307857011,0.1895129145408163,9509,537,28.717371202512894,0.5723510616854448,0.2699511923157546,0.8763081085972655,5.649435421002881,10.415683750936125,0.25247974008546603
../benchmarks/vggnet16_benchmark2022/segmented_outputs/background/n02177972_weevil.JPEG,n02177972_weevil.JPEG,6.237564346437287,0.14391342474489796,7221,381,29.353010325597154,0.6515951903292982,0.343406111210936,0.848340437956822,3.35665154084571,6.164669478523604,0.25191587887472466
../benchmarks/vggnet16_benchmark2022/segmented_outputs/object/n02105056_groenendael.JPEG,n02105056_groenendael.JPEG,6.389504949531633,0.16336495535714285,8197,299,30.868229734688647,0.6135093153646507,0.2923130614792919,0.8815847718525898,3.8518965358899626,7.398081059764965,0.251742063388722
../benchmarks/vggnet16_benchmark2022/segmented_outputs/object/n01558993_robin.JPEG,n01558993_robin.JPEG,5.449902598941783,0.06853874362244898,3439,118,11.51869269714053,0.787003462928946,0.35412272643706943,0.8943755655762853,-0.5631106849884316,-0.6835283902159217,0.2494966025646404
../benchmarks/vggnet16_benchmark2022/segmented_outputs/object/n04209133_shower_cap.JPEG,n04209133_shower_cap.JPEG,6.223220054773619,0.1221500318877551,6129,234,10.206888043297637,0.6812483348970608,0.2788669015424121,0.8862608907081918,1.9142041469320117,3.919422961711945,0.2493813819414848
../benchmarks/vggnet16_benchmark2022/segmented_outputs/background/n02457408_three-toed_sloth.JPEG,n02457408_three-toed_sloth.JPEG,2.503666147805748,0.03455835459183673,1734,146,5.112717907914986,0.9033067727910558,0.7998933028923336,0.9566922544909158,-4.713011195954572,-8.00332870855407,0.24927824518609037
../benchmarks/vggnet16_benchmark2022/segmented_outputs/object/n02120505_grey_fox.JPEG,n02120505_grey_fox.JPEG,6.95532913982402,0.2054767219387755,10310,298,12.983580216434518,0.48009098018196805,0.12448076135362357,0.743577330034239,5.6303222024070125,10.666513894913857,0.24895739983202
../benchmarks/vggnet16_benchmark2022/segmented_outputs/object/n07768694_pomegranate.JPEG,n07768694_pomegranate.JPEG,7.584818023512738,0.15499441964285715,7777,475,41.97648422418265,0.5960136421997728,0.1308774823281571,0.7255213061613965,5.961630567389494,10.239173136833822,0.24893884283588202
../benchmarks/vggnet16_benchmark2022/segmented_outputs/object/n02110806_basenji.JPEG,n02110806_basenji.JPEG,6.554202953741128,0.15451610331632654,7753,622,33.97795694207615,0.6247351424726809,0.2943629802485571,0.7640457118509423,5.1097182820384415,8.717426303011287,0.24834482140907047
../benchmarks/vggnet16_benchmark2022/segmented_outputs/background/n06874185_traffic_light.JPEG,n06874185_traffic_light.JPEG,4.991838718841479,0.0703125,3528,470,8.067547892779475,0.8094896304933532,0.4602382371058719,0.885338097607627,0.0660346858283064,-0.0671600625671872,0.24833812711446895
../benchmarks/vggnet16_benchmark2022/segmented_outputs/object/n03532672_hook.JPEG,n03532672_hook.JPEG,7.014901482412689,0.06634646045918367,3329,15,8.879423423808813,0.7465168013027444,0.18394581661181458,0.7934220639483891,0.4104615718061342,0.8546303588612247,0.24826287581601036
../benchmarks/vggnet16_benchmark2022/segmented_outputs/object/n04141975_scale.JPEG,n04141975_scale.JPEG,6.913020935721668,0.15363919005102042,7709,77,35.214035840119834,0.5996104239482727,0.18212549884985052,0.8221906191827233,3.6456262803167405,7.076786015280987,0.24816244080468433
../benchmarks/vggnet16_benchmark2022/segmented_outputs/background/n01978287_Dungeness_crab.JPEG,n01978287_Dungeness_crab.JPEG,2.7951131388696346,0.05638153698979592,2829,304,14.283248287786265,0.8629583591385586,0.766090867818646,0.917979131409548,-2.9759716202995117,-5.178365481435532,0.24784480456587735
../benchmarks/vggnet16_benchmark2022/segmented_outputs/object/n02167151_ground_beetle.JPEG,n02167151_ground_beetle.JPEG,6.220026864519841,0.17546237244897958,8804,381,17.9008715621471,0.6011815369464628,0.3473925940962411,0.908859366506664,3.7757136762620513,7.421267107499489,0.24762415577473537
../benchmarks/vggnet16_benchmark2022/segmented_outputs/object/n09428293_seashore.JPEG,n09428293_seashore.JPEG,7.010870037387252,0.04807079081632653,2412,174,10.159345093456732,0.8281583619630615,0.24211090668407403,0.9316651344264651,0.08781813133914862,0.23614502164194962,0.24684058506591308
../benchmarks/vggnet16_benchmark2022/segmented_outputs/object/n01883070_wombat.JPEG,n01883070_wombat.JPEG,7.423415265931686,0.1978435905612245,9927,515,37.97127621435297,0.5213756842567072,0.1252531139202295,0.7559225364821816,7.069323566164237,12.618314932271039,0.24630233524936349
../benchmarks/vggnet16_benchmark2022/segmented_outputs/object/n04252077_snowmobile.JPEG,n04252077_snowmobile.JPEG,5.840305810258935,0.1387515943877551,6962,287,33.803885397820196,0.6721915423008287,0.38024732793849936,0.8888897316047621,2.6102459869324584,5.033420659332621,0.2462721130128559
../benchmarks/vggnet16_benchmark2022/segmented_outputs/object/n03769881_minibus.JPEG,n03769881_minibus.JPEG,6.998078794617511,0.10925542091836735,5482,334,14.481275658737351,0.7051314697953549,0.21759332870435658,0.8685996623915795,2.638905648403393,4.8199245046079,0.24609477693594015
../benchmarks/vggnet16_benchmark2022/segmented_outputs/object/n04476259_tray.JPEG,n04476259_tray.JPEG,7.4509284792341495,0.1493542729591837,7494,378,25.94966098740902,0.6129985416013237,0.15335299488230522,0.7951728316031788,4.7570852652885565,8.527134519000594,0.2460531236320106
../benchmarks/vggnet16_benchmark2022/segmented_outputs/object/n03657121_lens_cap.JPEG,n03657121_lens_cap.JPEG,6.7368474619112355,0.11814413265306123,5928,165,32.20178182158582,0.6282275492137924,0.20295157823858895,0.6208151925688619,3.0552423076663002,5.10958555132964,0.2459111898874938
../benchmarks/vggnet16_benchmark2022/segmented_outputs/background/n02165105_tiger_beetle.JPEG,n02165105_tiger_beetle.JPEG,2.703384639576781,0.05432876275510204,2726,269,9.642202413753635,0.8668792797721934,0.8118941014472596,0.9148863664886114,-3.523804824608365,-6.082239664937177,0.24405715692456137
../benchmarks/vggnet16_benchmark2022/segmented_outputs/object/n03958227_plastic_bag.JPEG,n03958227_plastic_bag.JPEG,6.986991257460825,0.06821986607142858,3423,328,12.435479884407389,0.7672008754092059,0.19717255147732266,0.803107560504216,1.626049518287856,2.544252466553585,0.24376647936954932
../benchmarks/vggnet16_benchmark2022/segmented_outputs/object/n09288635_geyser.JPEG,n09288635_geyser.JPEG,7.557773417296135,0.10943478954081633,5491,212,14.018083503307452,0.6944466432169653,0.1485820845495571,0.8781845785381034,2.677868128855403,5.076359125140635,0.24371126441051494
../benchmarks/vggnet16_benchmark2022/segmented_outputs/object/n02514041_barracouta.JPEG,n02514041_barracouta.JPEG,5.522886995058323,0.11706792091836735,5874,250,51.82795389256846,0.7144504750445007,0.3488968387951136,0.871873429722057,2.414102286272628,4.394162718246936,0.24370167544037533
../benchmarks/vggnet16_benchmark2022/segmented_outputs/object/n03220513_dome.JPEG,n03220513_dome.JPEG,7.047004771573839,0.19331951530612246,9700,430,14.437014911693728,0.5408079075087477,0.18868609900374225,0.8421680271695224,5.438755047008759,10.258999741830467,0.24366943298775617
../benchmarks/vggnet16_benchmark2022/segmented_outputs/background/n02437312_Arabian_camel.JPEG,n02437312_Arabian_camel.JPEG,6.292886373519116,0.22510762117346939,11295,786,24.16495014520489,0.5270346103744613,0.3753268799329049,0.8745503777906674,6.73443373029313,12.307129340102918,0.2434325979475432
../benchmarks/vggnet16_benchmark2022/segmented_outputs/background/n04254777_sock.JPEG,n04254777_sock.JPEG,5.959183380675246,0.13329081632653061,6688,393,33.62391098793837,0.6874778419348931,0.35314541120251286,0.8889753248563701,3.0075824400803097,5.5283888633809966,0.24329567751066003
../benchmarks/vggnet16_benchmark2022/segmented_outputs/object/n03642806_laptop.JPEG,n03642806_laptop.JPEG,5.9051447370589205,0.1373565051020408,6892,391,19.042445497505927,0.6839648049558176,0.4057225711079535,0.9178404976427654,2.420437972076676,4.718135713404767,0.2431861964690336
../benchmarks/vggnet16_benchmark2022/segmented_outputs/object/n03201208_dining_table.JPEG,n03201208_dining_table.JPEG,6.135310263768057,0.10951450892857142,5495,298,34.407001745288824,0.7098108897492497,0.36194227599466644,0.8062447657030121,2.1843070950222296,3.7817554014668096,0.24292126063706865
../benchmarks/vggnet16_benchmark2022/segmented_outputs/background/n01980166_fiddler_crab.JPEG,n01980166_fiddler_crab.JPEG,2.8240589883723457,0.06299824617346939,3161,274,13.536395450934567,0.845121784839633,0.7752512764944524,0.8955668703565905,-2.93413512120592,-5.060036399382765,0.24273125608617188
../benchmarks/vggnet16_benchmark2022/segmented_outputs/background/n03017168_chime.JPEG,n03017168_chime.JPEG,5.34822305500458,0.12388392857142858,6216,404,17.144576653442677,0.7178389533866912,0.5133203859874622,0.9130175779557201,1.3775503397591882,2.7659920265931515,0.2426472740073178
../benchmarks/vggnet16_benchmark2022/segmented_outputs/object/n04285008_sports_car.JPEG,n04285008_sports_car.JPEG,6.4036170094419935,0.13701769770408162,6875,578,25.788220088651094,0.6789301940455585,0.3170515454105418,0.8641977917432639,3.9400351293257927,6.905051305001174,0.24256306899230282
../benchmarks/vggnet16_benchmark2022/segmented_outputs/background/n02979186_cassette_player.JPEG,n02979186_cassette_player.JPEG,6.210835388121261,0.19040975765306123,9554,723,58.49537344649195,0.5870669002701301,0.3667654433214206,0.7966698471059102,6.621571380900818,11.43489658564776,0.24233369911984695
../benchmarks/vggnet16_benchmark2022/segmented_outputs/background/n02089078_black-and-tan_coonhound.JPEG,n02089078_black-and-tan_coonhound.JPEG,2.697390097365226,0.03497688137755102,1755,184,5.64548414747054,0.8889047772191704,0.7683938249485374,0.8889684963181135,-4.251742310983815,-7.431789866176676,0.24188013546559523
../benchmarks/vggnet16_benchmark2022/segmented_outputs/object/n07875152_potpie.JPEG,n07875152_potpie.JPEG,7.557283080408854,0.20479910714285715,10276,459,35.18102035975791,0.4730154708839307,0.09158586786096484,0.6291493532202714,7.3436270208386345,12.932112643955584,0.24171121835518433
../benchmarks/vggnet16_benchmark2022/segmented_outputs/background/n03764736_milk_can.JPEG,n03764736_milk_can.JPEG,4.044501896334114,0.09183673469387756,4608,16,15.707982946058612,0.769972165848809,0.5600110767586082,0.9477465297908344,-1.7236676932471897,-2.2205220374403214,0.2409359926534375
../benchmarks/vggnet16_benchmark2022/segmented_outputs/object/n01644373_tree_frog.JPEG,n01644373_tree_frog.JPEG,6.685218285360502,0.09755660076530612,4895,376,18.78507115083221,0.7385882144846598,0.29832430644839136,0.8620293801742027,2.1263015823197433,3.709036233810932,0.24075921130284844
../benchmarks/vggnet16_benchmark2022/segmented_outputs/background/n02085620_Chihuahua.JPEG,n02085620_Chihuahua.JPEG,7.102990951707907,0.19834183673469388,9952,482,27.764881934467464,0.553842764997783,0.23700245564326594,0.8818532116000095,5.881785184894015,10.99056265352718,0.2394895906226034
../benchmarks/vggnet16_benchmark2022/segmented_outputs/background/n02106550_Rottweiler.JPEG,n02106550_Rottweiler.JPEG,6.70062195558088,0.14909518494897958,7481,338,27.5378428697258,0.6507412879892629,0.309845283520374,0.9002769362742586,3.5162709452490484,6.6799518940332305,0.23928633407504618
../benchmarks/vggnet16_benchmark2022/segmented_outputs/background/n02108000_EntleBucher.JPEG,n02108000_EntleBucher.JPEG,3.287864033187966,0.07553411989795919,3790,577,11.522761623357757,0.8319528634084723,0.7457809295246647,0.8782199380703043,-1.2045072754445514,-2.4084790733479124,0.23916985695598794
../benchmarks/vggnet16_benchmark2022/segmented_outputs/object/n02134418_sloth_bear.JPEG,n02134418_sloth_bear.JPEG,6.311859296903684,0.1298828125,6517,168,16.679319808764504,0.6796784999558108,0.3061097958243083,0.9275736209568334,1.8964134551961445,4.097228729656374,0.2391459107457439
../benchmarks/vggnet16_benchmark2022/segmented_outputs/object/n02672831_accordion.JPEG,n02672831_accordion.JPEG,6.755966658655737,0.1551139987244898,7783,558,76.72979312983554,0.6187707965066254,0.19179007587206165,0.7025896540467109,6.655142933053776,11.041723389182854,0.23913593035539707
../benchmarks/vggnet16_benchmark2022/segmented_outputs/object/n04311174_steel_drum.JPEG,n04311174_steel_drum.JPEG,6.336214390452427,0.10269850127551021,5153,348,40.60905521167776,0.7413305271369514,0.3079420453046219,0.8761718203623565,2.559780274542367,4.440322475811273,0.23899745032774877
../benchmarks/vggnet16_benchmark2022/segmented_outputs/object/n02091134_whippet.JPEG,n02091134_whippet.JPEG,6.216948621368536,0.07479671556122448,3753,100,4.2869732711754605,0.7627747738240208,0.30329246478356603,0.8670972082865464,-0.12088103961393415,0.1224606675786244,0.23894983872496992
../benchmarks/vggnet16_benchmark2022/segmented_outputs/background/n02106166_Border_collie.JPEG,n02106166_Border_collie.JPEG,4.776940756770234,0.08209103954081633,4119,571,20.171440426242317,0.7955097177181444,0.5361784282811222,0.8367256392800531,0.7308684390145197,0.8311096017944197,0.23886491465004503
../benchmarks/vggnet16_benchmark2022/segmented_outputs/background/n02690373_airliner.JPEG,n02690373_airliner.JPEG,4.581460605691891,0.1258171237244898,6313,568,31.983651224741106,0.7213953704274191,0.5895418688581647,0.8410852339272337,1.911491423677646,3.208074422656951,0.23874119924041395
../benchmarks/vggnet16_benchmark2022/segmented_outputs/background/n02085782_Japanese_spaniel.JPEG,n02085782_Japanese_spaniel.JPEG,2.882953108942907,0.036053093112244895,1809,189,10.666678303550118,0.90134496916269,0.7556674642965404,0.9427032415461349,-4.021631905569659,-6.934054450924066,0.23865050056535947
../benchmarks/vggnet16_benchmark2022/segmented_outputs/object/n03787032_mortarboard.JPEG,n03787032_mortarboard.JPEG,7.311589917947487,0.2163982780612245,10858,689,17.436815055346536,0.5300031046131373,0.17560365009616077,0.9172818321069538,7.144802251558668,13.234823366141903,0.23857748066768353
../benchmarks/vggnet16_benchmark2022/segmented_outputs/background/n03769881_minibus.JPEG,n03769881_minibus.JPEG,2.566901286408063,0.02995455994897959,1503,116,9.432084025404844,0.9068600751800515,0.785757569599516,0.9243144723589034,-4.717229698534807,-8.126861647595186,0.23837963605373808
../benchmarks/vggnet16_benchmark2022/segmented_outputs/background/n02408429_water_buffalo.JPEG,n02408429_water_buffalo.JPEG,6.199457065996148,0.1754424426020408,8803,468,28.22622227852619,0.5992353070484662,0.35937354501893504,0.842939645966066,4.398153891707255,8.13274019283569,0.23835225882208938
../benchmarks/vggnet16_benchmark2022/segmented_outputs/object/n02444819_otter.JPEG,n02444819_otter.JPEG,6.348746792029445,0.15166613520408162,7610,89,17.447271877265276,0.5371295969056615,0.170148455955175,0.552054626952633,3.3483223688327994,5.991258065054911,0.23805872976902348
../benchmarks/vggnet16_benchmark2022/segmented_outputs/object/n01820546_lorikeet.JPEG,n01820546_lorikeet.JPEG,7.51624576028387,0.1750438456632653,8783,854,47.93259737600633,0.5997894294669188,0.1363987114752557,0.786946894909294,7.908815676483218,13.393826642120292,0.23750793790282623
../benchmarks/vggnet16_benchmark2022/segmented_outputs/background/n02128925_jaguar.JPEG,n02128925_jaguar.JPEG,2.2021985404669904,0.021942761479591837,1101,177,3.798508886330742,0.9372219553704785,0.8375572730238484,0.9641532596593119,-5.28674849766689,-9.125925453348392,0.2374379205381628
../benchmarks/vggnet16_benchmark2022/segmented_outputs/object/n02085936_Maltese_dog.JPEG,n02085936_Maltese_dog.JPEG,6.9297991637527305,0.14411272321428573,7231,168,9.95535739888,0.6238542621340886,0.17395110399537858,0.8612101042905846,2.997803909997187,6.022784569898446,0.23707155528130217
../benchmarks/vggnet16_benchmark2022/segmented_outputs/object/n03445777_golf_ball.JPEG,n03445777_golf_ball.JPEG,6.247128704979852,0.047971141581632654,2407,164,2.889784380760551,0.8410018140568976,0.4004821751623908,0.9339392932847272,-1.1530303499407015,-1.851576397036062,0.23694888649220094
../benchmarks/vggnet16_benchmark2022/segmented_outputs/object/n02102318_cocker_spaniel.JPEG,n02102318_cocker_spaniel.JPEG,7.142573690580097,0.20047433035714285,10059,338,43.757295548549536,0.5022500880109537,0.14869301929166936,0.7077177454310369,6.486305426821155,11.716689544704597,0.2369321784597027
../benchmarks/vggnet16_benchmark2022/segmented_outputs/object/n04389033_tank.JPEG,n04389033_tank.JPEG,4.927919020067233,0.09470663265306123,4752,249,13.547207639759957,0.7769136721979741,0.5150400069273003,0.961017049647218,-0.3324438984415936,-0.08596321718220279,0.23658599877655895
../benchmarks/vggnet16_benchmark2022/segmented_outputs/object/n09193705_alp.JPEG,n09193705_alp.JPEG,6.9964499125840955,0.1780731823979592,8935,260,18.241695513836387,0.5759847944078862,0.21308104977805342,0.8858425951189319,4.30310025388464,8.462662710116389,0.2364960808049767
../benchmarks/vggnet16_benchmark2022/segmented_outputs/object/n01677366_common_iguana.JPEG,n01677366_common_iguana.JPEG,7.646896495320721,0.22450972576530612,11265,352,29.31942038543979,0.45864766255810363,0.08317767715965203,0.7672873337196428,7.183632032143018,13.379694869697605,0.23640971463165
../benchmarks/vggnet16_benchmark2022/segmented_outputs/background/n02100735_English_setter.JPEG,n02100735_English_setter.JPEG,2.4375863535996283,0.0303531568877551,1523,242,12.206428530588266,0.9205411963789751,0.7821722454478575,0.9480027604592216,-4.2371766970207725,-7.4164247519716415,0.23619017062808292
../benchmarks/vggnet16_benchmark2022/segmented_outputs/background/n02093991_Irish_terrier.JPEG,n02093991_Irish_terrier.JPEG,5.492095213650375,0.1425183354591837,7151,185,31.593971413067642,0.665023498991188,0.4522369264398286,0.8808667598560946,1.821266778002106,3.8323495743950096,0.23611599890457705
../benchmarks/vggnet16_benchmark2022/segmented_outputs/object/n04009552_projector.JPEG,n04009552_projector.JPEG,6.91933994803658,0.09859295280612244,4947,289,40.64993130189427,0.6987233334555885,0.20858290209168284,0.7028350546225516,3.129761566075299,5.024311407977709,0.23590091788156342
../benchmarks/vggnet16_benchmark2022/segmented_outputs/object/n02328150_Angora.JPEG,n02328150_Angora.JPEG,6.602641441328909,0.10526945153061225,5282,211,14.29815141068534,0.7112671091138039,0.26156898740174894,0.8639692887788708,1.7161413621645314,3.348461479968992,0.23589896858956444
../benchmarks/vggnet16_benchmark2022/segmented_outputs/object/n02776631_bakery.JPEG,n02776631_bakery.JPEG,5.537286772018057,0.07366071428571429,3696,221,13.906534629029025,0.7988606392637607,0.43266380387134995,0.9155690578609907,-0.3378054730952747,-0.378703029124818,0.2358213235778428
../benchmarks/vggnet16_benchmark2022/segmented_outputs/object/n01756291_sidewinder.JPEG,n01756291_sidewinder.JPEG,7.660885284541792,0.24744897959183673,12416,208,10.033272672434551,0.4381368035344939,0.08799585129459822,0.9415038800278829,6.475706110077734,13.148596735663908,0.23574449525430666
../benchmarks/vggnet16_benchmark2022/segmented_outputs/background/n03938244_pillow.JPEG,n03938244_pillow.JPEG,3.5416472818562656,0.02951610331632653,1481,86,4.589936139323977,0.8978331151864513,0.6373638455953881,0.9489772435961548,-3.9930915290549893,-6.743135911581395,0.2356136485684431
../benchmarks/vggnet16_benchmark2022/segmented_outputs/background/n10148035_groom.JPEG,n10148035_groom.JPEG,5.7488722661048595,0.1617107780612245,8114,833,27.44777080131982,0.654456236840051,0.43454287793238683,0.8461718283203166,4.846109066002092,8.293795209463669,0.23554171471487914
../benchmarks/vggnet16_benchmark2022/segmented_outputs/background/n01644900_tailed_frog.JPEG,n01644900_tailed_frog.JPEG,4.804487296281157,0.08896683673469388,4464,196,10.249394298743336,0.7672463544551498,0.47701308421541494,0.9007165251004666,-0.57419380257408,-0.5994485702546559,0.2352959270407362
../benchmarks/vggnet16_benchmark2022/segmented_outputs/background/n01833805_hummingbird.JPEG,n01833805_hummingbird.JPEG,4.063313276981992,0.10558832908163265,5298,700,18.206257226324833,0.7733857204631397,0.6516423236239163,0.8621282952648107,0.9688598464150626,1.3660017891744687,0.23506730554872435
../benchmarks/vggnet16_benchmark2022/segmented_outputs/object/n02823750_beer_glass.JPEG,n02823750_beer_glass.JPEG,6.7369830094348915,0.11254384566326531,5647,16,21.02388505666932,0.6864813577926128,0.20285066750396816,0.8730104957731317,1.6671002470229013,3.584248360312353,0.2349094286101702
../benchmarks/vggnet16_benchmark2022/segmented_outputs/background/n03075370_combination_lock.JPEG,n03075370_combination_lock.JPEG,3.457928060474818,0.041095344387755105,2062,309,14.309225718848229,0.8844599725755815,0.7186315585784971,0.8846311962717964,-2.8818082302618047,-5.271276004303186,0.23488048672477396
../benchmarks/vggnet16_benchmark2022/segmented_outputs/object/n07579787_plate.JPEG,n07579787_plate.JPEG,6.100412005778727,0.10433274872448979,5235,350,27.419644081604375,0.7412972125417259,0.3399995681095589,0.897051040767732,1.9817887268751508,3.601907135865848,0.23483570202957335
../benchmarks/vggnet16_benchmark2022/segmented_outputs/background/n02106030_collie.JPEG,n02106030_collie.JPEG,4.028662155517939,0.09594228316326531,4814,254,12.115690527971692,0.7780211035828988,0.6316748441862698,0.9320299046056848,-1.135251243291992,-1.5253108335516017,0.23481826793663232
../benchmarks/vggnet16_benchmark2022/segmented_outputs/object/n03388549_four-poster.JPEG,n03388549_four-poster.JPEG,6.397611297026135,0.1145766900510204,5749,111,36.20326171191049,0.6799183797795602,0.27126284807651146,0.7840575861179192,2.189390941239137,4.0369596271438715,0.2348060858320621
../benchmarks/vggnet16_benchmark2022/segmented_outputs/object/n04590129_window_shade.JPEG,n04590129_window_shade.JPEG,5.363005342863797,0.048529177295918366,2435,124,9.298671489456366,0.8523507371555006,0.46501549464755193,0.9571040152536525,-1.7706322142151185,-2.822605997830821,0.23435692592387222
../benchmarks/vggnet16_benchmark2022/segmented_outputs/background/n04141327_scabbard.JPEG,n04141327_scabbard.JPEG,3.670221588343841,0.08049665178571429,4039,179,7.283880905865974,0.8089376417063737,0.6945977719165739,0.9414805507809795,-2.387640735370501,-3.6770569471400023,0.2342692571269911
../benchmarks/vggnet16_benchmark2022/segmented_outputs/object/n03662601_lifeboat.JPEG,n03662601_lifeboat.JPEG,7.058095224098974,0.22630341198979592,11355,875,44.81178346440032,0.5072554406084251,0.21676513189527338,0.7816952891155885,8.760126640781635,15.324974072098804,0.23385169858071453
../benchmarks/vggnet16_benchmark2022/segmented_outputs/background/n01773797_garden_spider.JPEG,n01773797_garden_spider.JPEG,2.7844257768285825,0.06447305484693877,3235,510,11.161605694834314,0.8551107899341329,0.8024758175309668,0.8754504299151621,-2.207374945040883,-4.153158247459345,0.2336392342084545
../benchmarks/vggnet16_benchmark2022/segmented_outputs/object/n02097474_Tibetan_terrier.JPEG,n02097474_Tibetan_terrier.JPEG,6.7148358685423,0.18516820790816327,9291,205,8.747666853369966,0.5774757171808589,0.25643823770433194,0.9643505206430651,3.6164710837706497,7.68581600120437,0.23352901661425263
../benchmarks/vggnet16_benchmark2022/segmented_outputs/background/n04265275_space_heater.JPEG,n04265275_space_heater.JPEG,4.574831318610214,0.10016741071428571,5026,417,9.517462384520984,0.771456945606679,0.594279671294078,0.9158165564859364,-0.09517708740064112,0.0521931262031721,0.23334681168028767
../benchmarks/vggnet16_benchmark2022/segmented_outputs/background/n02099712_Labrador_retriever.JPEG,n02099712_Labrador_retriever.JPEG,2.4829520687007767,0.037388392857142856,1876,283,6.857610493283182,0.902636623835799,0.804483570845168,0.9179060091027782,-4.083262064788474,-7.188638911606921,0.2332916870399053
../benchmarks/vggnet16_benchmark2022/segmented_outputs/background/n02099849_Chesapeake_Bay_retriever.JPEG,n02099849_Chesapeake_Bay_retriever.JPEG,4.233626384071635,0.11180644132653061,5610,347,21.415635703453912,0.7511802751992942,0.6053291935343118,0.9149582073853373,0.10676666476541499,0.5327100016046624,0.23302339057389806
../benchmarks/vggnet16_benchmark2022/segmented_outputs/background/n02791124_barber_chair.JPEG,n02791124_barber_chair.JPEG,5.41017894485149,0.10241948341836735,5139,273,51.801535710243286,0.7512803680916903,0.3929179103076233,0.8741095323418185,1.8460652454114053,3.239571898904191,0.2325031219347071
../benchmarks/vggnet16_benchmark2022/segmented_outputs/object/n03485407_hand-held_computer.JPEG,n03485407_hand-held_computer.JPEG,6.990198748807372,0.16770966198979592,8415,252,6.931067996842027,0.5910826347967456,0.16007707907171503,0.9004188290510844,3.8812922888150263,7.7804626739480724,0.23239645499291614
../benchmarks/vggnet16_benchmark2022/segmented_outputs/background/n03544143_hourglass.JPEG,n03544143_hourglass.JPEG,4.913211674835408,0.07631138392857142,3829,450,14.72462053714175,0.8139614569571891,0.5472346472895406,0.8983045862431629,-0.11615769358574235,-0.33735606803637325,0.23232090488600474
../benchmarks/vggnet16_benchmark2022/segmented_outputs/object/n03017168_chime.JPEG,n03017168_chime.JPEG,6.10480872386662,0.10102439413265306,5069,411,12.04016126104824,0.7187796535993408,0.3385931750822603,0.7817194810284283,1.863701200062536,3.0968728013333537,0.23227074789094276
../benchmarks/vggnet16_benchmark2022/segmented_outputs/background/n02999410_chain.JPEG,n02999410_chain.JPEG,3.9754593945249574,0.10166214923469388,5101,617,14.820236398531897,0.77426455125857,0.6750594742423919,0.8485488715766865,0.34220879601538223,0.3445827057630717,0.2322525983970123
../benchmarks/vggnet16_benchmark2022/segmented_outputs/object/n02667093_abaya.JPEG,n02667093_abaya.JPEG,4.2222058917588265,0.05353156887755102,2686,170,15.777990963707937,0.8559351001373726,0.5334595322940157,0.9590499500771267,-2.035417112035725,-3.3024851369828037,0.23155440277397746
../benchmarks/vggnet16_benchmark2022/segmented_outputs/object/n03207941_dishwasher.JPEG,n03207941_dishwasher.JPEG,6.27084613785701,0.1998565051020408,10028,962,54.93798751660606,0.5732941702262191,0.35540452898651165,0.7523711568296861,7.778291400590039,13.109087151102745,0.23122015064693222
../benchmarks/vggnet16_benchmark2022/segmented_outputs/background/n02134084_ice_bear.JPEG,n02134084_ice_bear.JPEG,5.871625423286764,0.13885124362244897,6967,253,30.574047123395445,0.6600690330720331,0.3862214583621326,0.8302325696786923,2.4409880004002136,4.655172897380921,0.2307093835232137
../benchmarks/vggnet16_benchmark2022/segmented_outputs/background/n03026506_Christmas_stocking.JPEG,n03026506_Christmas_stocking.JPEG,4.4829175711017974,0.0655094068877551,3287,89,11.142791575023729,0.8056835214209199,0.4990455051369239,0.8812800734909664,-1.7798143487278246,-2.80659271055849,0.23038300746958082
../benchmarks/vggnet16_benchmark2022/segmented_outputs/object/n04507155_umbrella.JPEG,n04507155_umbrella.JPEG,6.442895938286821,0.1996173469387755,10016,457,50.53737629316116,0.5233283856183373,0.2126256597603564,0.7164902900187027,6.516516605832186,11.587100676076767,0.2303781152173203
../benchmarks/vggnet16_benchmark2022/segmented_outputs/background/n03935335_piggy_bank.JPEG,n03935335_piggy_bank.JPEG,3.9982169043753237,0.09225526147959184,4629,678,12.783377144874901,0.8063636440993741,0.6805747396065334,0.8935875726053222,0.17523895609968254,0.011317916634006275,0.2303204024232146
../benchmarks/vggnet16_benchmark2022/segmented_outputs/object/n01843383_toucan.JPEG,n01843383_toucan.JPEG,7.2410420279203445,0.20495854591836735,10284,569,61.18809788535651,0.5255091121460604,0.17582127484416565,0.7385435521350439,7.805394947529924,13.66650018052537,0.23028618914768803
../benchmarks/vggnet16_benchmark2022/segmented_outputs/background/n03444034_go-kart.JPEG,n03444034_go-kart.JPEG,6.006514582664138,0.1545360331632653,7754,537,28.604462497112827,0.6575912743859681,0.38954390277388823,0.8817957126664053,3.8236288613950404,6.945044446016346,0.23000856119393673
../benchmarks/vggnet16_benchmark2022/segmented_outputs/background/n03065424_coil.JPEG,n03065424_coil.JPEG,4.957212396137244,0.1376155931122449,6905,376,14.805986466375069,0.6960967507572733,0.5053289764314732,0.9298189503663252,1.4152090505128552,3.077882652833241,0.22961574165857973
../benchmarks/vggnet16_benchmark2022/segmented_outputs/background/n04251144_snorkel.JPEG,n04251144_snorkel.JPEG,5.798156102058761,0.1219905931122449,6121,687,20.901200935479984,0.7152755382131012,0.39388060155061844,0.83285683134364,3.257440866062327,5.393985696304917,0.22957690023928623
../benchmarks/vggnet16_benchmark2022/segmented_outputs/background/n02172182_dung_beetle.JPEG,n02172182_dung_beetle.JPEG,2.9147205329641293,0.06263950892857142,3143,330,15.663773479812484,0.854530823480882,0.7737740214674677,0.8983454859469189,-2.6662783576579225,-4.690289276372754,0.22836796574481724
../benchmarks/vggnet16_benchmark2022/segmented_outputs/object/n02097658_silky_terrier.JPEG,n02097658_silky_terrier.JPEG,5.836534724669402,0.11148756377551021,5594,229,15.78204717476342,0.733099727009332,0.36751486194565836,0.9548471655153756,1.0913957510537828,2.5287237419494977,0.22776378569611205
../benchmarks/vggnet16_benchmark2022/segmented_outputs/background/n02111277_Newfoundland.JPEG,n02111277_Newfoundland.JPEG,2.4181339375571835,0.023158482142857144,1162,208,5.303133452616192,0.9254581163298522,0.8270914584732773,0.904542529665895,-4.901222814770378,-8.662258020761584,0.2275557732142754
../benchmarks/vggnet16_benchmark2022/segmented_outputs/object/n02840245_binder.JPEG,n02840245_binder.JPEG,6.867602506716384,0.13081951530612246,6564,471,33.322558410315864,0.6930117147694156,0.23680852965081234,0.8960777092119916,4.037591055657429,7.18931279135874,0.2269923499612401
../benchmarks/vggnet16_benchmark2022/segmented_outputs/object/n02093256_Staffordshire_bullterrier.JPEG,n02093256_Staffordshire_bullterrier.JPEG,7.811326668875721,0.23100685586734693,11591,551,16.6607782589777,0.4836965142726004,0.0923858510579201,0.8900871596577824,7.5787598240726775,14.245589977790523,0.2266021281897542
../benchmarks/vggnet16_benchmark2022/segmented_outputs/background/n03887697_paper_towel.JPEG,n03887697_paper_towel.JPEG,5.07208058677114,0.1590999681122449,7983,720,16.857555390238815,0.6730989162028174,0.5043301731995166,0.9161138607450349,3.3861742347367443,6.163910164205072,0.2264230946517308
../benchmarks/vggnet16_benchmark2022/segmented_outputs/background/n03404251_fur_coat.JPEG,n03404251_fur_coat.JPEG,3.3805134499750196,0.08009805484693877,4019,471,24.762946806332806,0.8237724281376075,0.7043265266624272,0.8808265727184936,-0.9220578318990301,-1.8136758683782372,0.226023747176681
../benchmarks/vggnet16_benchmark2022/segmented_outputs/object/n03814639_neck_brace.JPEG,n03814639_neck_brace.JPEG,4.610932417329251,0.05915178571428571,2968,310,1.9523824642553307,0.8444407691793487,0.49707837653054365,0.9538471569610243,-1.4397406893746418,-2.334172148236287,0.22597999255691215
../benchmarks/vggnet16_benchmark2022/segmented_outputs/object/n02013706_limpkin.JPEG,n02013706_limpkin.JPEG,4.808570201259567,0.13725685586734693,6887,385,17.296933406775466,0.6976785237715146,0.5528582779774875,0.9054398077499496,1.2724828402475072,2.727559009600887,0.2259213758512912
../benchmarks/vggnet16_benchmark2022/segmented_outputs/object/n03047690_clog.JPEG,n03047690_clog.JPEG,7.185717683912289,0.1756218112244898,8812,166,30.019038818766074,0.5590453765847077,0.13410026132965408,0.8068741768240189,4.720608657381511,9.0169865711777,0.22571909259325534
../benchmarks/vggnet16_benchmark2022/segmented_outputs/object/n01530575_brambling.JPEG,n01530575_brambling.JPEG,6.927570634615073,0.15154655612244897,7604,204,21.345476476277582,0.6084453780575376,0.17773377990676265,0.8104619270972147,3.6791864425564524,7.008347456540971,0.2256913361941446
../benchmarks/vggnet16_benchmark2022/segmented_outputs/background/n03584254_iPod.JPEG,n03584254_iPod.JPEG,3.45536601054694,0.03579400510204082,1796,73,10.597882008227913,0.8948480372932082,0.6450294876931941,0.9652165649378982,-3.8146511485584824,-6.35829188405643,0.22553972761257068
../benchmarks/vggnet16_benchmark2022/segmented_outputs/object/n02104365_schipperke.JPEG,n02104365_schipperke.JPEG,6.633909821848327,0.12892617984693877,6469,342,37.446157713598794,0.6817665066900855,0.2655564169568805,0.8432971129012661,3.4802293239685733,6.221297963442206,0.22541497790277376
../benchmarks/vggnet16_benchmark2022/segmented_outputs/object/n03803284_muzzle.JPEG,n03803284_muzzle.JPEG,5.44239926246382,0.08858816964285714,4445,164,4.392118884589758,0.7657571015968176,0.39109616427134086,0.9290388761530232,-0.3033523538137646,0.016778583802708358,0.22487047130550078
../benchmarks/vggnet16_benchmark2022/segmented_outputs/object/n03709823_mailbag.JPEG,n03709823_mailbag.JPEG,6.769534108272008,0.12041613520408163,6042,460,14.243873343554245,0.6926634338790116,0.24711096751891182,0.8389365851366339,3.18726874763649,5.626483462653717,0.22473020691226037
../benchmarks/vggnet16_benchmark2022/segmented_outputs/background/n03840681_ocarina.JPEG,n03840681_ocarina.JPEG,5.603289248658226,0.13653938137755103,6851,243,22.723679542232073,0.6577419073523008,0.3924040102397552,0.8070726708778814,2.017170221949069,3.921057589225307,0.2247045409759264
../benchmarks/vggnet16_benchmark2022/segmented_outputs/background/n01695060_Komodo_dragon.JPEG,n01695060_Komodo_dragon.JPEG,4.141480271470134,0.10879703443877552,5459,338,38.58492576615122,0.7532126299776513,0.598448598830037,0.85924735547492,0.5211390084330498,0.9739825665047861,0.22420772279235304
../benchmarks/vggnet16_benchmark2022/segmented_outputs/object/n04542943_waffle_iron.JPEG,n04542943_waffle_iron.JPEG,5.158939905661155,0.06465242346938775,3244,327,11.894510349233943,0.8184209784159313,0.4919517231487822,0.8656884445658745,-0.5970219279139743,-1.1705943984992349,0.22419113570104013
../benchmarks/vggnet16_benchmark2022/segmented_outputs/object/n01978455_rock_crab.JPEG,n01978455_rock_crab.JPEG,7.73888815875347,0.21857063137755103,10967,291,13.006131166896283,0.49329751295515967,0.08439834917191455,0.8994119607507691,6.170053940072252,12.102504957972394,0.2241624479421435
../benchmarks/vggnet16_benchmark2022/segmented_outputs/background/n02002724_black_stork.JPEG,n02002724_black_stork.JPEG,3.219201220791981,0.06758211096938775,3391,210,20.418270220025722,0.8359238323954609,0.7349903217798508,0.8893043719392071,-2.554903534056882,-4.348393976847042,0.22401279664569507
../benchmarks/vggnet16_benchmark2022/segmented_outputs/background/n03995372_power_drill.JPEG,n03995372_power_drill.JPEG,4.721373013092982,0.12599649234693877,6322,834,30.795287343360673,0.7313933332120097,0.6056938874298947,0.7972508108438439,2.8875774169157076,4.417628361473491,0.2235952349966905
../benchmarks/vggnet16_benchmark2022/segmented_outputs/object/n02865351_bolo_tie.JPEG,n02865351_bolo_tie.JPEG,6.50597753413826,0.2308673469387755,11584,434,21.453992413484947,0.48935298720396986,0.30681473491317224,0.8512075917658983,5.888988542753138,11.345977389646464,0.2227259686311802
../benchmarks/vggnet16_benchmark2022/segmented_outputs/background/n09421951_sandbar.JPEG,n09421951_sandbar.JPEG,3.4561871081719366,0.0651108099489796,3267,456,7.118566227226184,0.859603588622435,0.7753863329028026,0.9203827517285874,-2.2057382287444725,-3.95289696021655,0.22270099308216945
../benchmarks/vggnet16_benchmark2022/segmented_outputs/background/n01514859_hen.JPEG,n01514859_hen.JPEG,4.410912263155705,0.08494100765306123,4262,261,27.06021628873034,0.791936260849055,0.5714067727648151,0.8763764778218881,-0.5302644890197001,-0.8427889062388724,0.2221605551503602
../benchmarks/vggnet16_benchmark2022/segmented_outputs/background/n01740131_night_snake.JPEG,n01740131_night_snake.JPEG,6.889107974717111,0.21484375,10780,262,33.50225376073999,0.5065018163539696,0.2593467862130496,0.828869532217627,5.535983598709028,10.672117576009107,0.22198107568311695
../benchmarks/vggnet16_benchmark2022/segmented_outputs/background/n01560419_bulbul.JPEG,n01560419_bulbul.JPEG,4.972752505756995,0.12446189413265306,6245,482,15.209443733034172,0.7235566622528156,0.5633597595365281,0.8820126273996843,1.2732504555820734,2.419544641599627,0.22179226517039274
../benchmarks/vggnet16_benchmark2022/segmented_outputs/object/n01770393_scorpion.JPEG,n01770393_scorpion.JPEG,4.676170327402614,0.05707908163265306,2864,229,35.26689683037829,0.8359006684691813,0.5392286656594338,0.8378062954160712,-0.8787423949629752,-1.8239120768198438,0.2217760750464772
../benchmarks/vggnet16_benchmark2022/segmented_outputs/object/n03840681_ocarina.JPEG,n03840681_ocarina.JPEG,5.385343710862282,0.0856186224489796,4296,87,20.96998170444369,0.7599519017012069,0.4158370273224123,0.8544857652114435,-0.2411877026033551,-0.11276834396982238,0.22172290729313224
../benchmarks/vggnet16_benchmark2022/segmented_outputs/object/n03992509_potter's_wheel.JPEG,n03992509_potter's_wheel.JPEG,5.270235726884655,0.10074537627551021,5055,16,12.09929786271141,0.7499996681511366,0.45280312867675987,0.959974255223421,-0.6941995994252923,-0.3295026692775307,0.22150770311865017
../benchmarks/vggnet16_benchmark2022/segmented_outputs/object/n02692877_airship.JPEG,n02692877_airship.JPEG,7.095439500766567,0.09610172193877552,4822,16,9.890509553302795,0.7165346688363646,0.17207430428756088,0.8819406171576469,1.1534688841094667,2.6336968519972124,0.22150595979191717
../benchmarks/vggnet16_benchmark2022/segmented_outputs/object/n03888605_parallel_bars.JPEG,n03888605_parallel_bars.JPEG,5.139770792126402,0.12691326530612246,6368,836,44.66406384203501,0.722765027166085,0.5199419529169349,0.7685698518300497,3.870190809144778,5.956028595151042,0.2212905862782961
../benchmarks/vggnet16_benchmark2022/segmented_outputs/background/n02276258_admiral.JPEG,n02276258_admiral.JPEG,6.810832234287546,0.21486367984693877,10781,770,65.18571079700993,0.5273048464640293,0.2468833969717587,0.7340322981176309,8.441719371294552,14.544402710490882,0.2212451657161408
../benchmarks/vggnet16_benchmark2022/segmented_outputs/background/n02860847_bobsled.JPEG,n02860847_bobsled.JPEG,5.557633682948912,0.15718670280612246,7887,586,53.095107839450904,0.661257585363732,0.4383010383956386,0.8319597634491234,4.418749114691774,7.636619436526473,0.22117347827588243
../benchmarks/vggnet16_benchmark2022/segmented_outputs/object/n02791270_barbershop.JPEG,n02791270_barbershop.JPEG,6.181799898556212,0.12577726403061223,6311,200,10.916074304984456,0.70451622297744,0.3695255552920992,0.9596053145966734,1.3434999895384738,3.166760699821147,0.22106605793982095
../benchmarks/vggnet16_benchmark2022/segmented_outputs/background/n03063689_coffeepot.JPEG,n03063689_coffeepot.JPEG,4.284020375239319,0.06259964923469388,3141,173,22.158717850239512,0.8336998336489447,0.6075317754234453,0.8879283737539659,-1.8168943407153508,-3.0981664128001207,0.22106218111633427
../benchmarks/vggnet16_benchmark2022/segmented_outputs/background/n03393912_freight_car.JPEG,n03393912_freight_car.JPEG,2.1184384381178027,0.03394052933673469,1703,92,7.327109288470851,0.9104570078648451,0.8193295210552066,0.9484783041297811,-5.141344737949687,-8.703670514852714,0.22098945967318362
../benchmarks/vggnet16_benchmark2022/segmented_outputs/object/n03424325_gasmask.JPEG,n03424325_gasmask.JPEG,6.683393294107336,0.17225366709183673,8643,230,18.808193570247134,0.5657923076622444,0.18849647971625133,0.786159403012211,4.149115005301017,7.943821774519542,0.22090958622003776
../benchmarks/vggnet16_benchmark2022/segmented_outputs/object/n03935335_piggy_bank.JPEG,n03935335_piggy_bank.JPEG,5.046347819204081,0.08850845025510204,4441,574,10.665156959257622,0.7852349574488673,0.528776089743395,0.8443710494306922,0.7481350211457936,0.9910399737261111,0.22087482639496028
../benchmarks/vggnet16_benchmark2022/segmented_outputs/background/n04483307_trimaran.JPEG,n04483307_trimaran.JPEG,4.578839214922445,0.10224011479591837,5130,204,19.11183375533705,0.7500170301202957,0.5876111309658802,0.8617853532556278,-0.4789490346925672,-0.5082997888110292,0.22041396565509275
../benchmarks/vggnet16_benchmark2022/segmented_outputs/object/n02093754_Border_terrier.JPEG,n02093754_Border_terrier.JPEG,6.512212299905984,0.1727718431122449,8669,196,16.31545354976565,0.5982349835610203,0.2682042495467155,0.916866460640498,3.3704675528265846,6.985389130671491,0.22012090705262166
../benchmarks/vggnet16_benchmark2022/segmented_outputs/object/n02408429_water_buffalo.JPEG,n02408429_water_buffalo.JPEG,5.537469729052931,0.1241031568877551,6227,294,24.93796146960356,0.7055507459448427,0.4554860534496042,0.8663064943085111,1.5399412864633861,3.0290763591540077,0.21987172944919378
../benchmarks/vggnet16_benchmark2022/segmented_outputs/background/n02708093_analog_clock.JPEG,n02708093_analog_clock.JPEG,2.9614867027328784,0.022999043367346938,1154,56,2.1801168312283936,0.9017222751466722,0.6882620190641003,0.8834982212419533,-4.7266186000917125,-8.171824505831417,0.21973155235687178
../benchmarks/vggnet16_benchmark2022/segmented_outputs/object/n02795169_barrel.JPEG,n02795169_barrel.JPEG,6.868551159420406,0.17512356505102042,8787,544,35.19404383444848,0.5931220600043405,0.24376433110429885,0.7990398480845686,5.64947235735245,10.028034702980303,0.21907209941248712
../benchmarks/vggnet16_benchmark2022/segmented_outputs/object/n12768682_buckeye.JPEG,n12768682_buckeye.JPEG,5.47324516270171,0.13426737882653061,6737,412,11.911090790656788,0.7065833056552671,0.4780039115238873,0.9420962391207504,1.6610604165889846,3.456270775270057,0.2190271226284423
../benchmarks/vggnet16_benchmark2022/segmented_outputs/object/n01775062_wolf_spider.JPEG,n01775062_wolf_spider.JPEG,7.173269515761102,0.1758410395408163,8823,125,24.205110648142416,0.568299908837504,0.14829930850002235,0.8571124092674829,4.265343314742537,8.453159995176057,0.21889629524805512
../benchmarks/vggnet16_benchmark2022/segmented_outputs/background/n02281406_sulphur_butterfly.JPEG,n02281406_sulphur_butterfly.JPEG,6.382738661576546,0.16892538265306123,8476,411,34.52401517082265,0.5898922078618812,0.2798617610901849,0.7525250062931984,4.692260514196047,8.393938053828952,0.21842963604873378
../benchmarks/vggnet16_benchmark2022/segmented_outputs/background/n03787032_mortarboard.JPEG,n03787032_mortarboard.JPEG,2.9162097539427605,0.05739795918367347,2880,266,10.020452418681412,0.8616589938590697,0.7686385571812586,0.9005007424225618,-3.198795750737186,-5.5274556383740645,0.217639262484192
../benchmarks/vggnet16_benchmark2022/segmented_outputs/object/n01560419_bulbul.JPEG,n01560419_bulbul.JPEG,6.192013214878496,0.10086495535714286,5061,374,12.647636104827402,0.7317180958105354,0.3258430377926692,0.8314563194877321,1.7310850169703005,3.0374466159452806,0.21762052302049462
../benchmarks/vggnet16_benchmark2022/segmented_outputs/object/n01667778_terrapin.JPEG,n01667778_terrapin.JPEG,7.206503768921364,0.19385762117346939,9727,440,22.50836477320336,0.5462563874089448,0.15112769505144488,0.8329015227550689,5.90181202587589,10.97038322676625,0.21713094286175805
../benchmarks/vggnet16_benchmark2022/segmented_outputs/background/n06785654_crossword_puzzle.JPEG,n06785654_crossword_puzzle.JPEG,3.6619727274188927,0.0558235012755102,2801,418,10.156082309424686,0.8620865206407408,0.6956172236469984,0.8776862902486369,-2.0383117193499847,-3.8163575044897216,0.21711507988606515
../benchmarks/vggnet16_benchmark2022/segmented_outputs/background/n03680355_Loafer.JPEG,n03680355_Loafer.JPEG,1.8783620740319555,0.021484375,1078,76,12.489764586902876,0.9300041471666661,0.8487353611894092,0.9069481579334784,-5.563566193776081,-9.669881905255789,0.21680502377267183
../benchmarks/vggnet16_benchmark2022/segmented_outputs/background/n07693725_bagel.JPEG,n07693725_bagel.JPEG,3.3958497955161926,0.054368622448979595,2728,104,14.804322929513823,0.8612912363872378,0.7107335556295132,0.9261283935570592,-3.34959243969099,-5.570199845540284,0.21676995138427005
../benchmarks/vggnet16_benchmark2022/segmented_outputs/object/n01608432_kite.JPEG,n01608432_kite.JPEG,4.95240480056794,0.1546356823979592,7759,511,53.11129263861416,0.6564036802803145,0.5301906349147623,0.7687973218777147,3.522776377675982,6.004434050223078,0.21655808346048974
../benchmarks/vggnet16_benchmark2022/segmented_outputs/background/n02113023_Pembroke.JPEG,n02113023_Pembroke.JPEG,4.815529979653437,0.1324736926020408,6647,407,24.811247549111616,0.7047659663884033,0.5336907563109421,0.8707459184957032,1.5486891394195796,2.992257107736204,0.21628276683337327
../benchmarks/vggnet16_benchmark2022/segmented_outputs/background/n02007558_flamingo.JPEG,n02007558_flamingo.JPEG,4.650481354631166,0.14221938775510204,7136,838,47.55614143516701,0.7090454943833131,0.5739039004146719,0.8047098418310077,3.8857612270111743,6.203002148337447,0.2160985854325356
../benchmarks/vggnet16_benchmark2022/segmented_outputs/background/n01882714_koala.JPEG,n01882714_koala.JPEG,3.4304235935429754,0.09319196428571429,4676,443,10.164905005872654,0.8023018605692862,0.7099623075821992,0.9179358046184545,-1.1485004599902076,-1.8507309460672072,0.21606852207378663
../benchmarks/vggnet16_benchmark2022/segmented_outputs/background/n02091831_Saluki.JPEG,n02091831_Saluki.JPEG,3.426887232918459,0.041493941326530615,2082,189,10.798288620488197,0.8858787143282709,0.7129240645218359,0.9093645309091998,-3.4676691475402524,-6.0279342035631895,0.21596215371657237
../benchmarks/vggnet16_benchmark2022/segmented_outputs/object/n04311004_steel_arch_bridge.JPEG,n04311004_steel_arch_bridge.JPEG,7.394069571340941,0.16071428571428573,8064,577,28.816446521056267,0.6241000088233049,0.16666020779820084,0.8409140800540977,5.679392538307811,10.049506104449982,0.21589078790286595
../benchmarks/vggnet16_benchmark2022/segmented_outputs/background/n03770439_miniskirt.JPEG,n03770439_miniskirt.JPEG,5.89231777937037,0.14694276147959184,7373,284,23.203155716121444,0.6643737357283162,0.39623439823420176,0.9011783172957729,2.408471327110223,4.861020911771774,0.215717707356829
../benchmarks/vggnet16_benchmark2022/segmented_outputs/object/n04229816_ski_mask.JPEG,n04229816_ski_mask.JPEG,6.719479103131196,0.20294563137755103,10183,326,8.471958803292857,0.5495691910556391,0.20101742015682955,0.9580164822305337,4.753497848238116,9.65426228370448,0.21537141338541907
../benchmarks/vggnet16_benchmark2022/segmented_outputs/object/n03095699_container_ship.JPEG,n03095699_container_ship.JPEG,6.401092696839383,0.09600207270408163,4817,238,18.78019155090097,0.7384798135558271,0.2947854317982736,0.8514335449138732,1.4480754975222077,2.6942525208043984,0.21525454478759137
../benchmarks/vggnet16_benchmark2022/segmented_outputs/object/n04033995_quilt.JPEG,n04033995_quilt.JPEG,7.474155526179457,0.25143494897959184,12616,516,26.678065926574412,0.4115609044101966,0.09610905897115614,0.7202444411870117,8.350372445556827,15.326729134169256,0.21520060587213502
../benchmarks/vggnet16_benchmark2022/segmented_outputs/background/n02510455_giant_panda.JPEG,n02510455_giant_panda.JPEG,5.551508469570227,0.12135283801020408,6089,243,25.71113046592032,0.7089585202446891,0.445645366687721,0.8669943864163867,1.3369159853331067,2.7196312647212615,0.21517260877822852
../benchmarks/vggnet16_benchmark2022/segmented_outputs/object/n04254777_sock.JPEG,n04254777_sock.JPEG,4.8311081437765315,0.08609693877551021,4320,120,30.35163854515823,0.7774198754534261,0.48426695309121875,0.8746925513752903,-0.4007202712267774,-0.4384485654656882,0.21503122669428093
../benchmarks/vggnet16_benchmark2022/segmented_outputs/background/n03933933_pier.JPEG,n03933933_pier.JPEG,5.238036665745832,0.13926977040816327,6988,241,16.902527598928632,0.6839367017362318,0.49492663867084263,0.9075177663206226,1.1783412661272408,2.7831962572665274,0.21496354445882687
../benchmarks/vggnet16_benchmark2022/segmented_outputs/object/n03400231_frying_pan.JPEG,n03400231_frying_pan.JPEG,7.480828911827872,0.1993781887755102,10004,475,30.624907405200688,0.5433884393619267,0.13967978197798958,0.8444737434129284,6.5380068167472025,12.03644007172175,0.2144276762481958
../benchmarks/vggnet16_benchmark2022/segmented_outputs/object/n09332890_lakeside.JPEG,n09332890_lakeside.JPEG,6.945927278963711,0.19933832908163265,10002,274,23.985728982578934,0.5492180454615914,0.22630269355136048,0.9013580172421909,4.948064476440378,9.75327021185116,0.2143280636917184
../benchmarks/vggnet16_benchmark2022/segmented_outputs/object/n04326547_stone_wall.JPEG,n04326547_stone_wall.JPEG,7.261949496497538,0.18558673469387754,9312,316,44.17085020165606,0.5661402792451146,0.19756480875772628,0.8216295844245894,5.646978967957106,10.420962683103768,0.21416507890193698
../benchmarks/vggnet16_benchmark2022/segmented_outputs/object/n03018349_china_cabinet.JPEG,n03018349_china_cabinet.JPEG,7.075361167877575,0.20888472576530612,10481,519,23.123328564745087,0.5325913689861624,0.21825819369968452,0.8515060222112647,6.243532438250178,11.623718662893815,0.21396443390138759
../benchmarks/vggnet16_benchmark2022/segmented_outputs/background/n02492035_capuchin.JPEG,n02492035_capuchin.JPEG,2.1325167142535157,0.03575414540816327,1794,267,6.83580134694225,0.918474234939972,0.8199008759140152,0.9463124415999445,-4.465347374906399,-7.759879358361475,0.21394952657790778
../benchmarks/vggnet16_benchmark2022/segmented_outputs/object/n02169497_leaf_beetle.JPEG,n02169497_leaf_beetle.JPEG,6.9624441271247495,0.10706313775510204,5372,493,17.005334084887465,0.70007741570611,0.17360856955122939,0.757260032749876,3.5140777244329073,5.803782924982068,0.2138755168591957
../benchmarks/vggnet16_benchmark2022/segmented_outputs/object/n02012849_crane.JPEG,n02012849_crane.JPEG,7.113503249150473,0.1893734056122449,9502,227,23.03844578505947,0.5470292309090964,0.14539549629997908,0.8484842319032464,4.967534459034934,9.644866462234729,0.21347682375913105
../benchmarks/vggnet16_benchmark2022/segmented_outputs/object/n04515003_upright.JPEG,n04515003_upright.JPEG,6.37099953154791,0.15776466836734693,7916,460,60.74231392949661,0.643164004420534,0.2937431886891869,0.8179442032824628,5.124819786378909,8.947644939846574,0.21325479760992702
../benchmarks/vggnet16_benchmark2022/segmented_outputs/object/n04086273_revolver.JPEG,n04086273_revolver.JPEG,7.261712225150581,0.1953722895408163,9803,391,49.87266283924498,0.548062253688226,0.17234024203962262,0.802566782503868,6.47899401956636,11.767674073735048,0.21314925327171355
../benchmarks/vggnet16_benchmark2022/segmented_outputs/background/n02480495_orangutan.JPEG,n02480495_orangutan.JPEG,3.560258485038691,0.06913663903061225,3469,182,3.6898278190293787,0.8344235893766028,0.6722912835620606,0.9431838802380144,-2.7692259633431076,-4.408320476406552,0.21283702779548036
../benchmarks/vggnet16_benchmark2022/segmented_outputs/object/n01855032_red-breasted_merganser.JPEG,n01855032_red-breasted_merganser.JPEG,6.400618899514665,0.12920519770408162,6483,215,23.518289015257764,0.6177397428901138,0.2640763532959792,0.608365183902164,2.8642599966780136,4.838493859817784,0.21280963808434397
../benchmarks/vggnet16_benchmark2022/segmented_outputs/background/n04285008_sports_car.JPEG,n04285008_sports_car.JPEG,3.823683394577151,0.061045121173469385,3063,84,22.690394845872213,0.8378946294719692,0.5831288396068357,0.9102390356792998,-2.2943724068634297,-3.7348121895853783,0.21268699961334656
../benchmarks/vggnet16_benchmark2022/segmented_outputs/object/n03041632_cleaver.JPEG,n03041632_cleaver.JPEG,4.457736813590923,0.09339126275510204,4686,308,32.68093668390529,0.7835940178949617,0.5891766001701273,0.8709622305597977,-0.04177569166810595,-0.04544308191445226,0.21263070880818516
../benchmarks/vggnet16_benchmark2022/segmented_outputs/object/n02089973_English_foxhound.JPEG,n02089973_English_foxhound.JPEG,7.577956714147722,0.21791294642857142,10934,683,43.32880224162575,0.510580582074965,0.12171647599057056,0.7846760655426346,8.3531814986148,14.822986306991421,0.2124378842216166
../benchmarks/vggnet16_benchmark2022/segmented_outputs/background/n03146219_cuirass.JPEG,n03146219_cuirass.JPEG,4.517764525525227,0.07748724489795919,3888,251,24.083788961369695,0.8099981184370427,0.5771819052998232,0.8868267106291253,-0.8658707068250855,-1.4398334192361308,0.21231660891025433
../benchmarks/vggnet16_benchmark2022/segmented_outputs/object/n02951358_canoe.JPEG,n02951358_canoe.JPEG,5.991886334017548,0.09849330357142858,4942,216,20.568196492195312,0.7058011881532924,0.30007250175611044,0.7244575949287811,1.4765355744482898,2.476583882015902,0.21218284616242244
../benchmarks/vggnet16_benchmark2022/segmented_outputs/object/n04131690_saltshaker.JPEG,n04131690_saltshaker.JPEG,6.221239389161029,0.03639190051020408,1826,103,9.797479462641839,0.8570744315032148,0.300200820743005,0.9115683368180743,-1.0914128831794057,-1.8483674938962125,0.21218150362842794
../benchmarks/vggnet16_benchmark2022/segmented_outputs/background/n10565667_scuba_diver.JPEG,n10565667_scuba_diver.JPEG,4.360735416130094,0.09293287627551021,4663,732,30.487224955536753,0.8059410219884999,0.5927715970999335,0.8583087465149841,1.4162973692465484,1.8807065821849722,0.21171746873708053
../benchmarks/vggnet16_benchmark2022/segmented_outputs/object/n03841143_odometer.JPEG,n03841143_odometer.JPEG,7.337954409526723,0.13054049744897958,6550,289,19.257587702881413,0.6377018414732845,0.14027625561492746,0.7405121947243096,3.765436545420035,6.669384311734492,0.21162389275942387
../benchmarks/vggnet16_benchmark2022/segmented_outputs/object/n03355925_flagpole.JPEG,n03355925_flagpole.JPEG,6.605651687093965,0.08669483418367346,4350,288,18.106447811136533,0.7610284885344408,0.2717535075560593,0.86409248799589,1.517602743521626,2.692729119017821,0.21154887591736712
../benchmarks/vggnet16_benchmark2022/segmented_outputs/object/n02396427_wild_boar.JPEG,n02396427_wild_boar.JPEG,7.167682865895436,0.21570073341836735,10823,317,15.240460922576997,0.4961635138664233,0.12891297131059165,0.8431079582868287,5.892704037686406,11.413065520406576,0.21124421367307528
../benchmarks/vggnet16_benchmark2022/segmented_outputs/background/n03124170_cowboy_hat.JPEG,n03124170_cowboy_hat.JPEG,4.957472966383826,0.12788982780612246,6417,367,30.8196750509989,0.7150409375672847,0.5114983823457939,0.8775122190769428,1.574238183923221,3.021724214880122,0.21114982592469841
../benchmarks/vggnet16_benchmark2022/segmented_outputs/object/n02096177_cairn.JPEG,n02096177_cairn.JPEG,5.1706969480092395,0.12888632015306123,6467,379,17.428332427870714,0.715198509007222,0.488056170420021,0.9171540662059301,1.4047637606644985,2.9150637078724255,0.21073414734122747
../benchmarks/vggnet16_benchmark2022/segmented_outputs/object/n07613480_trifle.JPEG,n07613480_trifle.JPEG,6.252907396392008,0.12474091198979592,6259,471,10.576587829248817,0.6972004818602433,0.30836131235528697,0.8586193761755572,2.725153040749629,4.934381678953885,0.2106319803121828
../benchmarks/vggnet16_benchmark2022/segmented_outputs/object/n01682714_American_chameleon.JPEG,n01682714_American_chameleon.JPEG,7.28267333479382,0.18694196428571427,9380,554,22.697541340591943,0.5274843252516689,0.12283633209514529,0.6651673256282228,6.521387607638234,11.394128374968371,0.21062139632996693
../benchmarks/vggnet16_benchmark2022/segmented_outputs/background/n04532670_viaduct.JPEG,n04532670_viaduct.JPEG,4.221113046351762,0.052435427295918366,2631,16,9.104192331631463,0.8511384959101429,0.5564013872670284,0.9459997600108452,-2.936624323463575,-4.657144018528591,0.21008059647371902
../benchmarks/vggnet16_benchmark2022/segmented_outputs/object/n07734744_mushroom.JPEG,n07734744_mushroom.JPEG,6.8721736320553255,0.1328125,6664,147,40.51517202130749,0.6358761225080554,0.19193055506728413,0.72587771904884,3.498708544719076,6.241303912240152,0.20985090556451086
../benchmarks/vggnet16_benchmark2022/segmented_outputs/background/n07860988_dough.JPEG,n07860988_dough.JPEG,6.6795279957424665,0.2028858418367347,10180,929,39.57028615608184,0.5665788979867887,0.31314098682131647,0.7753030855798353,7.586828555416125,13.009488158420812,0.20982224824231605
../benchmarks/vggnet16_benchmark2022/segmented_outputs/background/n02326432_hare.JPEG,n02326432_hare.JPEG,4.567229533237848,0.11959901147959184,6001,399,14.079566224908273,0.735608135497014,0.5984649839425751,0.8881167357632335,0.4644823161405486,1.119706677139824,0.20979460352000132
../benchmarks/vggnet16_benchmark2022/segmented_outputs/background/n02090721_Irish_wolfhound.JPEG,n02090721_Irish_wolfhound.JPEG,1.6880446836827956,0.02196269132653061,1102,150,6.069500416719688,0.9459607898020985,0.8775909572514577,0.9543154187975118,-5.732461763518252,-9.891583909640014,0.2095987691109001
../benchmarks/vggnet16_benchmark2022/segmented_outputs/object/n02102040_English_springer.JPEG,n02102040_English_springer.JPEG,5.267193835576494,0.13243383290816327,6645,460,12.736430267657607,0.6917004150523102,0.45295951888026764,0.8428341880741583,1.9631502544842416,3.6521177330829513,0.2089887894825419
../benchmarks/vggnet16_benchmark2022/segmented_outputs/background/n04311174_steel_drum.JPEG,n04311174_steel_drum.JPEG,5.323720894913672,0.13922991071428573,6986,444,44.9116732698567,0.6946217805648284,0.49925777713638547,0.8406812721889034,2.795752148687612,4.926608802427362,0.20875698754117156
../benchmarks/vggnet16_benchmark2022/segmented_outputs/object/n02823428_beer_bottle.JPEG,n02823428_beer_bottle.JPEG,5.628890412548197,0.046177455357142856,2317,194,9.769989473395453,0.8508878256837893,0.3816623280394602,0.9092547163910465,-1.076990000468404,-1.8574852436136486,0.20857291456754634
../benchmarks/vggnet16_benchmark2022/segmented_outputs/object/n04330267_stove.JPEG,n04330267_stove.JPEG,7.505741801468993,0.15188536352040816,7621,400,32.74623770864633,0.6292258371370778,0.1527121820901582,0.8223581561722786,5.011488179411733,8.975075620682986,0.20845185596008675
../benchmarks/vggnet16_benchmark2022/segmented_outputs/background/n02641379_gar.JPEG,n02641379_gar.JPEG,3.43285013479647,0.08571827168367346,4301,496,15.925277522825203,0.8140023490762041,0.7265145191285044,0.8657246008258134,-1.0069774290085416,-1.9294163290669948,0.20769614389807312
../benchmarks/vggnet16_benchmark2022/segmented_outputs/object/n03891251_park_bench.JPEG,n03891251_park_bench.JPEG,6.563870442510886,0.19188456632653061,9628,262,36.41584771439163,0.5611512841243533,0.28623346523432003,0.8394604402436758,4.712056084734131,9.044049912610168,0.20723458348717624
../benchmarks/vggnet16_benchmark2022/segmented_outputs/background/n02096294_Australian_terrier.JPEG,n02096294_Australian_terrier.JPEG,1.5147770149669397,0.013253348214285714,665,114,4.969173674513257,0.957007927674306,0.8786037838994227,0.9357300979364848,-6.181200173960614,-10.73233859810755,0.20681437381411033
../benchmarks/vggnet16_benchmark2022/segmented_outputs/object/n02077923_sea_lion.JPEG,n02077923_sea_lion.JPEG,7.0982801483759035,0.14817841198979592,7435,242,23.985208839511518,0.5986458467294256,0.15603682806774727,0.709166028646129,4.072229604729847,7.321971528299896,0.20678408066501108
../benchmarks/vggnet16_benchmark2022/segmented_outputs/background/n02219486_ant.JPEG,n02219486_ant.JPEG,4.165925577997429,0.11037149234693877,5538,724,18.386351031013945,0.763391314161876,0.6219939753523833,0.8265056883455422,1.3585232874142668,1.959776431567584,0.2060379588405726
../benchmarks/vggnet16_benchmark2022/segmented_outputs/background/n02229544_cricket.JPEG,n02229544_cricket.JPEG,4.825210261191483,0.11493542729591837,5767,277,8.957927205408662,0.7478434984364735,0.5935840315535337,0.9407524821047974,-0.21365448877113438,0.2291141459763154,0.20581833591550325
../benchmarks/vggnet16_benchmark2022/segmented_outputs/object/n02110627_affenpinscher.JPEG,n02110627_affenpinscher.JPEG,5.972326510718522,0.10795998086734694,5417,204,15.070711907893266,0.7422087497204148,0.33058502143268387,0.9573326854304098,1.052489111842517,2.475544733520988,0.2051488473636283
../benchmarks/vggnet16_benchmark2022/segmented_outputs/object/n03742115_medicine_chest.JPEG,n03742115_medicine_chest.JPEG,6.122632929370528,0.10070551658163265,5053,401,28.68004696327243,0.7549433804329978,0.3781367292695434,0.8607961583191339,1.9498383903794836,3.3247059826133967,0.20505715780273723
../benchmarks/vggnet16_benchmark2022/segmented_outputs/background/n04208210_shovel.JPEG,n04208210_shovel.JPEG,7.117852635491018,0.22482860331632654,11281,991,32.5853120023381,0.5132262009715592,0.18917825356948345,0.7617180641735151,8.931847350031012,15.487410786472243,0.20446337235760886
../benchmarks/vggnet16_benchmark2022/segmented_outputs/object/n04357314_sunscreen.JPEG,n04357314_sunscreen.JPEG,6.916688258398586,0.19557158801020408,9813,391,26.445800064070067,0.5644846433569308,0.23122896137773216,0.8873522415405621,5.315604834972681,10.139334479709515,0.20411669609568428
../benchmarks/vggnet16_benchmark2022/segmented_outputs/object/n03028079_church.JPEG,n03028079_church.JPEG,7.409622050972982,0.19987643494897958,10029,92,38.404360122351434,0.5281381692427423,0.13059790502246116,0.8542443852869082,5.327718432808348,10.444716972403235,0.20391786317579289
../benchmarks/vggnet16_benchmark2022/segmented_outputs/background/n01776313_tick.JPEG,n01776313_tick.JPEG,3.0790268565913954,0.07081074617346939,3553,300,18.502410066360373,0.8421575673774673,0.7537972587377337,0.891432341319587,-2.3636041472606153,-4.092302322261849,0.2031836791632843
../benchmarks/vggnet16_benchmark2022/segmented_outputs/object/n04228054_ski.JPEG,n04228054_ski.JPEG,6.693037809592043,0.027642697704081634,1387,225,2.9462980230220714,0.8724441378367761,0.23670366585464275,0.8989116608539833,-0.6052481046204632,-1.2447711656382863,0.20294671539930037
../benchmarks/vggnet16_benchmark2022/segmented_outputs/object/n02655020_puffer.JPEG,n02655020_puffer.JPEG,7.826977545502861,0.2520727040816326,12648,435,54.472369064028,0.4114324233453573,0.0743122955224059,0.6866087468453015,9.088404489294721,16.423461621386924,0.20270719324271025
../benchmarks/vggnet16_benchmark2022/segmented_outputs/background/n01729977_green_snake.JPEG,n01729977_green_snake.JPEG,5.689123919126641,0.1640027104591837,8229,495,40.056375770893624,0.6322182969875593,0.4593304148411179,0.7803119082448418,3.909013188557075,6.888034310940669,0.20231360531185105
../benchmarks/vggnet16_benchmark2022/segmented_outputs/object/n03444034_go-kart.JPEG,n03444034_go-kart.JPEG,5.620513404563331,0.11298230229591837,5669,161,23.55233175976963,0.7193075951390199,0.4046291047700595,0.8638444094887071,0.9328611894441924,2.0686890877420083,0.20174757521870545
../benchmarks/vggnet16_benchmark2022/segmented_outputs/background/n03796401_moving_van.JPEG,n03796401_moving_van.JPEG,3.4329670696557972,0.05309311224489796,2664,321,14.95059381021053,0.8792491670598082,0.7314178309177307,0.9127883012164618,-2.660313135934483,-4.731131005488258,0.20170725742746867
../benchmarks/vggnet16_benchmark2022/segmented_outputs/object/n04540053_volleyball.JPEG,n04540053_volleyball.JPEG,5.691364475004777,0.10841836734693877,5440,357,16.020045481896382,0.7079839132132891,0.39225978407042755,0.7448321060201171,1.578287837820932,2.623507571832744,0.20166964916916677
../benchmarks/vggnet16_benchmark2022/segmented_outputs/background/n04131690_saltshaker.JPEG,n04131690_saltshaker.JPEG,3.4373667417857954,0.0457389987244898,2295,131,10.657310862234567,0.878383888738046,0.7022240871429317,0.9131590334677935,-3.552114914865667,-6.043405113344713,0.20166309746606442
../benchmarks/vggnet16_benchmark2022/segmented_outputs/object/n01641577_bullfrog.JPEG,n01641577_bullfrog.JPEG,7.648916442379819,0.21041932397959184,10558,498,27.868071757565033,0.5114266867539692,0.09706363095681678,0.7963364051436712,7.140398021769416,13.04976034881913,0.2015365677135764
../benchmarks/vggnet16_benchmark2022/segmented_outputs/object/n12998815_agaric.JPEG,n12998815_agaric.JPEG,5.7453364439404595,0.17534279336734693,8798,823,36.32845773150362,0.6248386042187517,0.4443150531346451,0.7712977453045136,5.422943751812062,9.170733615470297,0.20119892322490576
../benchmarks/vggnet16_benchmark2022/segmented_outputs/object/n01776313_tick.JPEG,n01776313_tick.JPEG,7.09518405602328,0.1621890943877551,8138,147,18.325674464690103,0.6080068067719133,0.176558943712048,0.8887489152276282,3.587483383347447,7.2386083844588835,0.2010717181246986
../benchmarks/vggnet16_benchmark2022/segmented_outputs/background/n01558993_robin.JPEG,n01558993_robin.JPEG,5.042151895964278,0.13839285714285715,6944,472,14.142922798238747,0.6999804463015301,0.5174827900406134,0.8907724850666352,1.7583220410928186,3.4408297458832013,0.2010295567832338
../benchmarks/vggnet16_benchmark2022/segmented_outputs/object/n02111277_Newfoundland.JPEG,n02111277_Newfoundland.JPEG,6.952606093972771,0.1835140306122449,9208,268,10.413099759221389,0.5877271082194797,0.20637371288381798,0.9532989800934466,4.116774510072931,8.408950421345917,0.2010162598903563
../benchmarks/vggnet16_benchmark2022/segmented_outputs/background/n07873807_pizza.JPEG,n07873807_pizza.JPEG,3.1397102103220584,0.054388552295918366,2729,361,13.209382701228288,0.8672523256050682,0.7662320042506605,0.8502575652743831,-2.702064075718722,-4.98999882456432,0.20080089445001628
../benchmarks/vggnet16_benchmark2022/segmented_outputs/background/n03208938_disk_brake.JPEG,n03208938_disk_brake.JPEG,2.446613629513293,0.03431919642857143,1722,79,16.592047297656393,0.9074148401261695,0.7716385883568015,0.915785273149581,-4.581707378228217,-7.868445977166255,0.2001837144845348
../benchmarks/vggnet16_benchmark2022/segmented_outputs/object/n02102973_Irish_water_spaniel.JPEG,n02102973_Irish_water_spaniel.JPEG,7.391180510408838,0.19056919642857142,9562,154,40.331813833113166,0.5451578297601828,0.14172358074941133,0.8216794153179611,5.3424650040182975,10.198124695521665,0.19971722936858527
../benchmarks/vggnet16_benchmark2022/segmented_outputs/object/n02088238_basset.JPEG,n02088238_basset.JPEG,7.15109340297581,0.19834183673469388,9952,738,73.8022466310822,0.5631198775611017,0.20829862894152365,0.7306734928707449,8.379371534632941,14.247569297087345,0.19969349736017628
../benchmarks/vggnet16_benchmark2022/segmented_outputs/background/n02094433_Yorkshire_terrier.JPEG,n02094433_Yorkshire_terrier.JPEG,4.637480801863822,0.12051578443877552,6047,524,22.752514195179096,0.7476946891837852,0.5816849379543092,0.8938046555333155,1.262991937427975,2.292257915923718,0.19966805193827036
../benchmarks/vggnet16_benchmark2022/segmented_outputs/background/n01871265_tusker.JPEG,n01871265_tusker.JPEG,4.990418627911334,0.10004783163265306,5020,208,18.363980910837338,0.7506635589628535,0.518953771623996,0.8455498832655488,-0.10125948289445072,0.08059713822524633,0.1996261996074667
../benchmarks/vggnet16_benchmark2022/segmented_outputs/background/n02087046_toy_terrier.JPEG,n02087046_toy_terrier.JPEG,4.661533554720497,0.13630022321428573,6839,480,41.557566502328584,0.7115123466274078,0.5464764355134143,0.8551841519333252,2.2570490585891316,3.9962845534095863,0.19860669599668423
../benchmarks/vggnet16_benchmark2022/segmented_outputs/background/n03673027_liner.JPEG,n03673027_liner.JPEG,4.135402664807489,0.07182716836734694,3604,257,29.509238192534657,0.8266325049387291,0.6025448332539474,0.8722893677179063,-1.1100151695528917,-1.9899046091652095,0.19843335810083962
../benchmarks/vggnet16_benchmark2022/segmented_outputs/object/n07590611_hot_pot.JPEG,n07590611_hot_pot.JPEG,7.186290383342764,0.17795360331632654,8929,308,41.337370176019434,0.5715555050763473,0.1677120184540264,0.7778722490099067,5.466561935575131,9.96687335334988,0.19807147219414634
../benchmarks/vggnet16_benchmark2022/segmented_outputs/object/n01632777_axolotl.JPEG,n01632777_axolotl.JPEG,7.289619883966419,0.24581473214285715,12334,796,34.19200813158774,0.46967570144165716,0.17429108253821454,0.7925631423956858,8.89695604420396,15.952809011839916,0.19794377291446613
../benchmarks/vggnet16_benchmark2022/segmented_outputs/background/n02091635_otterhound.JPEG,n02091635_otterhound.JPEG,1.7263337928306917,0.017119738520408163,859,97,5.275370448022943,0.9520136900255458,0.8792125038337633,0.9397859818015473,-6.073293067583066,-10.489736475788533,0.19780927510179086
../benchmarks/vggnet16_benchmark2022/segmented_outputs/background/n04204238_shopping_basket.JPEG,n04204238_shopping_basket.JPEG,3.3791976677438016,0.08023756377551021,4026,404,10.93906113444029,0.831091294082386,0.714335266230673,0.918204440706087,-1.6931209874932134,-2.8670140063801,0.19769178871816012
../benchmarks/vggnet16_benchmark2022/segmented_outputs/object/n12144580_corn.JPEG,n12144580_corn.JPEG,7.700711245187048,0.27608816964285715,13853,96,38.0529076141189,0.3682331451779316,0.10876019521808722,0.7987733443585596,7.665455807984741,15.049445863212462,0.19756853812417405
../benchmarks/vggnet16_benchmark2022/segmented_outputs/background/n03729826_matchstick.JPEG,n03729826_matchstick.JPEG,4.461283368776234,0.043845663265306124,2200,180,6.2930486482896395,0.8831976615409649,0.6337637521170802,0.936461668519426,-2.8884322153458784,-4.919380508748142,0.1973279044755439
../benchmarks/vggnet16_benchmark2022/segmented_outputs/background/n04592741_wing.JPEG,n04592741_wing.JPEG,1.5996403715648464,0.016561702806122448,831,85,2.161856212621006,0.9561941363483262,0.8831848048174411,0.959536959628764,-6.314015554336758,-10.817220451077215,0.19719711620273966
../benchmarks/vggnet16_benchmark2022/segmented_outputs/background/n04429376_throne.JPEG,n04429376_throne.JPEG,3.7656520551378696,0.0713687818877551,3581,302,31.787633393338595,0.8407773499843814,0.6459624555726896,0.8965403312871973,-1.261715386608102,-2.267102192560903,0.19719110354924999
../benchmarks/vggnet16_benchmark2022/segmented_outputs/background/n04604644_worm_fence.JPEG,n04604644_worm_fence.JPEG,6.346853332013637,0.20878507653061223,10476,925,34.197258377101534,0.5584492001147701,0.3821234877021876,0.7590954100207119,7.155719820240687,12.315005510156002,0.1963736191468053
../benchmarks/vggnet16_benchmark2022/segmented_outputs/background/n03492542_hard_disc.JPEG,n03492542_hard_disc.JPEG,2.72888399182091,0.03394052933673469,1703,94,6.234629160691231,0.8988433101854909,0.7338588776917214,0.8998977357537388,-4.53233671065206,-7.777081366842381,0.19615421132382196
../benchmarks/vggnet16_benchmark2022/segmented_outputs/background/n01773549_barn_spider.JPEG,n01773549_barn_spider.JPEG,1.3207876770756637,0.024693080357142856,1239,290,5.09865127831934,0.9418902058397813,0.9179918677638517,0.8931239152209397,-5.422713500678094,-9.667123678688277,0.19568420607636416
../benchmarks/vggnet16_benchmark2022/segmented_outputs/object/n01807496_partridge.JPEG,n01807496_partridge.JPEG,7.600708276447053,0.20364317602040816,10218,716,40.61118727249486,0.5155916237068667,0.10375629091350105,0.668229461329976,8.238008774411131,14.167765278474263,0.19563523713936004
../benchmarks/vggnet16_benchmark2022/segmented_outputs/object/n02808304_bath_towel.JPEG,n02808304_bath_towel.JPEG,6.95835222991687,0.1249202806122449,6268,256,40.811648282157016,0.6611674164337425,0.2016991136496299,0.7203897266102206,3.670006920859524,6.289679044166482,0.19522750262826533
../benchmarks/vggnet16_benchmark2022/segmented_outputs/object/n02219486_ant.JPEG,n02219486_ant.JPEG,6.678575612921627,0.1617107780612245,8114,440,20.87297915293516,0.6268783607237453,0.21900175822160828,0.8639585174023552,4.406686489868995,8.176625881674322,0.1949175933526546
../benchmarks/vggnet16_benchmark2022/segmented_outputs/object/n04154565_screwdriver.JPEG,n04154565_screwdriver.JPEG,7.169337833155415,0.24342315051020408,12214,438,14.272692448508513,0.42283520162727817,0.0948787236945848,0.7186244967159081,7.357594740463144,13.737652117417763,0.19483063945878715
../benchmarks/vggnet16_benchmark2022/segmented_outputs/background/n02099601_golden_retriever.JPEG,n02099601_golden_retriever.JPEG,3.9668699833024634,0.0957828443877551,4806,308,22.490415943581326,0.7885501020843133,0.6596135872732969,0.883434803739128,-0.8020628169432555,-1.2330600817243433,0.1946259391682259
../benchmarks/vggnet16_benchmark2022/segmented_outputs/background/n07716358_zucchini.JPEG,n07716358_zucchini.JPEG,3.6636090048010757,0.06325733418367346,3174,200,22.67233854609302,0.8383618567536095,0.6816913390460313,0.8447947246608538,-2.23292998709552,-3.9580332899898574,0.19440431594846808
../benchmarks/vggnet16_benchmark2022/segmented_outputs/background/n02137549_mongoose.JPEG,n02137549_mongoose.JPEG,5.018453603641929,0.11216517857142858,5628,258,16.338280678935075,0.7252910321224695,0.44731608649889276,0.8455348740396578,0.6654172163651294,1.4862263369119801,0.1943078672167034
../benchmarks/vggnet16_benchmark2022/segmented_outputs/object/n04153751_screw.JPEG,n04153751_screw.JPEG,5.68421370558354,0.06814014668367346,3419,222,6.8820615584663045,0.7985015128178541,0.4320924636644834,0.8289974697064171,-0.5673912250326117,-1.0133751979032448,0.1939275612687347
../benchmarks/vggnet16_benchmark2022/segmented_outputs/object/n02110341_dalmatian.JPEG,n02110341_dalmatian.JPEG,6.900582817556337,0.19383769132653061,9726,183,74.88162563221033,0.5469285357995333,0.21640902309539226,0.7496037318372851,6.065300899792495,11.009640881719701,0.19376997121150807
../benchmarks/vggnet16_benchmark2022/segmented_outputs/object/n01580077_jay.JPEG,n01580077_jay.JPEG,6.939532324302467,0.11118861607142858,5579,301,19.253506001502586,0.7268480782954635,0.24927220026616992,0.9025207319163,2.398557294306362,4.5070934099888476,0.19364396121110797
../benchmarks/vggnet16_benchmark2022/segmented_outputs/object/n12057211_yellow_lady's_slipper.JPEG,n12057211_yellow_lady's_slipper.JPEG,5.943982797676304,0.17568160076530612,8815,505,49.97837861526396,0.6230166912795636,0.39128006454099606,0.8294914880488666,4.839269725934302,8.655482989146613,0.19284280975280355
../benchmarks/vggnet16_benchmark2022/segmented_outputs/object/n01518878_ostrich.JPEG,n01518878_ostrich.JPEG,6.1674962215653855,0.0576171875,2891,141,14.237966661191138,0.7980741464495431,0.28999934278783046,0.7937047841322418,-0.09952200114838528,-0.3160381825008196,0.19273327743021185
../benchmarks/vggnet16_benchmark2022/segmented_outputs/object/n04584207_wig.JPEG,n04584207_wig.JPEG,5.781353380691833,0.14572704081632654,7312,360,10.178318272055941,0.6681647774718378,0.3434606815165334,0.900840685832264,2.44234758158298,4.914875744437223,0.1924682059234292
../benchmarks/vggnet16_benchmark2022/segmented_outputs/object/n02769748_backpack.JPEG,n02769748_backpack.JPEG,6.559433221008332,0.09755660076530612,4895,110,21.194738426538677,0.7506880222439867,0.24375685710866382,0.9349818945004607,1.204686738919732,2.6643580227278534,0.19235582233252357
../benchmarks/vggnet16_benchmark2022/segmented_outputs/object/n03838899_oboe.JPEG,n03838899_oboe.JPEG,7.493984488812551,0.24693080357142858,12390,410,62.394181085437474,0.43696676688920977,0.12890902431205087,0.7130340330347044,8.652821965874997,15.665843245813186,0.19215987458516254
../benchmarks/vggnet16_benchmark2022/segmented_outputs/object/n02101388_Brittany_spaniel.JPEG,n02101388_Brittany_spaniel.JPEG,6.798235930467311,0.1716358418367347,8612,328,29.538033833309797,0.5927556863995287,0.198108349168924,0.8146754479703257,4.700279263542223,8.742341059229238,0.19199318368449964
../benchmarks/vggnet16_benchmark2022/segmented_outputs/background/n04277352_spindle.JPEG,n04277352_spindle.JPEG,2.3274084517313525,0.04962531887755102,2490,227,14.27136088792133,0.8870799408169385,0.8243040108133519,0.8941379853004785,-3.9426174118962245,-6.871455974749413,0.19187852778986164
../benchmarks/vggnet16_benchmark2022/segmented_outputs/object/n02793495_barn.JPEG,n02793495_barn.JPEG,6.475923525577728,0.2049984056122449,10286,268,39.43052771228194,0.5336729579743509,0.22710222341790104,0.8227252505320308,5.3877126936529205,10.28348695191236,0.19164870709802248
../benchmarks/vggnet16_benchmark2022/segmented_outputs/object/n04483307_trimaran.JPEG,n04483307_trimaran.JPEG,6.467339002565865,0.16340481505102042,8199,112,13.299253325288198,0.613794256527802,0.2900440907146139,0.8895943263323018,2.6005195197460287,5.623812683032629,0.19154153000776794
../benchmarks/vggnet16_benchmark2022/segmented_outputs/object/n07930864_cup.JPEG,n07930864_cup.JPEG,6.396830046810726,0.07961973852040816,3995,443,13.403024603949055,0.773406559919543,0.2965549543362114,0.7931861756703065,1.6469865349868773,2.4905248293138564,0.19113445016241187
../benchmarks/vggnet16_benchmark2022/segmented_outputs/object/n03924679_photocopier.JPEG,n03924679_photocopier.JPEG,6.017463335208751,0.11079001913265306,5559,146,42.04152671865771,0.7249059672034526,0.3029408916190328,0.8611516571935316,1.9034322715011955,3.6188843280183516,0.1908408323877445
../benchmarks/vggnet16_benchmark2022/segmented_outputs/background/n02111889_Samoyed.JPEG,n02111889_Samoyed.JPEG,6.093839682557091,0.17574139030612246,8818,432,34.16547495718909,0.6187347313879933,0.3819424952289664,0.8604645475160836,4.187048849971066,7.814540177865693,0.1904186843254871
../benchmarks/vggnet16_benchmark2022/segmented_outputs/object/n02108551_Tibetan_mastiff.JPEG,n02108551_Tibetan_mastiff.JPEG,5.841014051290329,0.16075414540816327,8066,211,32.55199879109737,0.638209406670705,0.4077215080805908,0.868476932878753,2.69996355946856,5.439819167027666,0.19040120723222317
../benchmarks/vggnet16_benchmark2022/segmented_outputs/object/n02113799_standard_poodle.JPEG,n02113799_standard_poodle.JPEG,6.1748472242074595,0.14227917729591838,7139,274,27.822025096553,0.6640498592131732,0.3486737093045499,0.8396408652772436,2.7298589239327424,5.193423038767558,0.19013582712509972
../benchmarks/vggnet16_benchmark2022/segmented_outputs/object/n04041544_radio.JPEG,n04041544_radio.JPEG,6.126509388150805,0.14881616709183673,7467,510,24.488904059042806,0.651447757519,0.3689169201393754,0.7786277888861014,3.667675419474814,6.418407895942863,0.18979203017716104
../benchmarks/vggnet16_benchmark2022/segmented_outputs/background/n04310018_steam_locomotive.JPEG,n04310018_steam_locomotive.JPEG,3.1945577635204354,0.05235570790816327,2627,197,8.361637811463961,0.8720950038626634,0.7043671645574454,0.9121487335451517,-3.3164064545620775,-5.640120471175184,0.18968012808414764
../benchmarks/vggnet16_benchmark2022/segmented_outputs/background/n03868242_oxcart.JPEG,n03868242_oxcart.JPEG,5.93774196802383,0.16565688775510204,8312,344,33.41445874463355,0.6308446442137046,0.41570705996455,0.8388812380792394,3.3915819550356483,6.411357047873189,0.18948336353475556
../benchmarks/vggnet16_benchmark2022/segmented_outputs/object/n03485794_handkerchief.JPEG,n03485794_handkerchief.JPEG,6.911557006892593,0.20147082270408162,10109,663,33.89507328193517,0.5271886213134989,0.17832226212883187,0.6901896595919368,7.165832356133889,12.479719847635561,0.18912724390314953
../benchmarks/vggnet16_benchmark2022/segmented_outputs/background/n03924679_photocopier.JPEG,n03924679_photocopier.JPEG,4.04006585571594,0.09566326530612244,4800,202,42.33938413553863,0.7840466774634336,0.5802189001247853,0.8713456487996628,-0.27543272300931276,-0.3312199033300509,0.18829491434597273
../benchmarks/vggnet16_benchmark2022/segmented_outputs/background/n07613480_trifle.JPEG,n07613480_trifle.JPEG,3.9935626193267137,0.05211654974489796,2615,205,9.312133762206004,0.8730299249855235,0.6233680781173381,0.9390075768132389,-2.648133969728886,-4.4502307836362105,0.18776816152271264
../benchmarks/vggnet16_benchmark2022/segmented_outputs/background/n01728920_ringneck_snake.JPEG,n01728920_ringneck_snake.JPEG,5.447438034163527,0.17827248086734693,8945,856,45.36219134719106,0.6395419283996162,0.4657780211852769,0.8089677373180018,5.585057488615893,9.472413558650286,0.18750093649122412
../benchmarks/vggnet16_benchmark2022/segmented_outputs/object/n01817953_African_grey.JPEG,n01817953_African_grey.JPEG,5.843666528882352,0.18873565051020408,9470,249,47.82427854162411,0.5889112202564043,0.3843836066568071,0.8546267462208506,4.130971841113398,7.988082829693852,0.18735672780281598
../benchmarks/vggnet16_benchmark2022/segmented_outputs/object/n02927161_butcher_shop.JPEG,n02927161_butcher_shop.JPEG,5.054757108610319,0.10423309948979592,5230,386,24.638577090434328,0.771856420616477,0.5263631332700741,0.8985670826918057,0.7373028040544962,1.4119322714372848,0.18721574386185283
../benchmarks/vggnet16_benchmark2022/segmented_outputs/background/n03980874_poncho.JPEG,n03980874_poncho.JPEG,1.031121119395845,0.02158402423469388,1083,250,2.141100253186866,0.9525623899341189,0.926857417595139,0.9140007828110346,-5.9322139523352675,-10.437953287245332,0.18698992703728345
../benchmarks/vggnet16_benchmark2022/segmented_outputs/background/n01737021_water_snake.JPEG,n01737021_water_snake.JPEG,1.6406477922826983,0.032146843112244895,1613,183,5.841923994974822,0.921906996417329,0.8913043528349497,0.8938800567901772,-5.37379305376211,-9.378756730250764,0.1868335607717742
../benchmarks/vggnet16_benchmark2022/segmented_outputs/object/n03478589_half_track.JPEG,n03478589_half_track.JPEG,6.744852411177655,0.19642857142857142,9856,278,45.02531818033703,0.5212127193772398,0.19572482012989761,0.6888303925185237,5.769626663311853,10.46248477500843,0.18678574459018146
../benchmarks/vggnet16_benchmark2022/segmented_outputs/object/n09256479_coral_reef.JPEG,n09256479_coral_reef.JPEG,7.131083127178659,0.24778778698979592,12433,829,95.8583635929404,0.4444373731327879,0.1178932271086233,0.578549469310474,11.231953822609192,19.001050453430118,0.18670140775954377
../benchmarks/vggnet16_benchmark2022/segmented_outputs/object/n01774750_tarantula.JPEG,n01774750_tarantula.JPEG,5.883328618297238,0.17239317602040816,8650,536,19.337539809841083,0.642612080807649,0.4179325572029212,0.9201147028079777,3.744806045007574,7.1337818536848445,0.18657596062210138
../benchmarks/vggnet16_benchmark2022/segmented_outputs/object/n03290653_entertainment_center.JPEG,n03290653_entertainment_center.JPEG,6.428827724408268,0.0829280931122449,4161,199,12.756478878694185,0.7683909828559095,0.2896096339963581,0.8590384131882407,0.7566165757936132,1.4877425666507293,0.18652543335992333
../benchmarks/vggnet16_benchmark2022/segmented_outputs/object/n02028035_redshank.JPEG,n02028035_redshank.JPEG,6.889879110637628,0.07473692602040816,3750,235,6.111445462273123,0.7718085433272722,0.20285474242099225,0.8393899072688438,1.0677297268720076,1.900392067690879,0.186301127823274
../benchmarks/vggnet16_benchmark2022/segmented_outputs/background/n03347037_fire_screen.JPEG,n03347037_fire_screen.JPEG,3.5470995477536995,0.08250956632653061,4140,527,22.888037789679313,0.8224556495160972,0.7130244764905106,0.832610261259475,-0.6764707436851078,-1.568832680571839,0.18605947338761253
../benchmarks/vggnet16_benchmark2022/segmented_outputs/object/n02787622_banjo.JPEG,n02787622_banjo.JPEG,7.029731134522241,0.13747608418367346,6898,398,27.428420056079375,0.6260910844852464,0.1524519286526236,0.6675442415114289,4.465613859414826,7.559841993980227,0.18596846395174774
../benchmarks/vggnet16_benchmark2022/segmented_outputs/object/n01728920_ringneck_snake.JPEG,n01728920_ringneck_snake.JPEG,6.521410185119897,0.15220424107142858,7637,298,42.497256749483654,0.6394919620684982,0.2700182638681179,0.8044517725054348,4.005438960326974,7.271710360683256,0.1854031190077965
../benchmarks/vggnet16_benchmark2022/segmented_outputs/background/n01728572_thunder_snake.JPEG,n01728572_thunder_snake.JPEG,6.113014528435462,0.19355867346938777,9712,352,29.479558721522775,0.5834856034270203,0.3829842122324906,0.878388887033359,4.210666480631939,8.208960039383214,0.18465922637749166
../benchmarks/vggnet16_benchmark2022/segmented_outputs/background/n02100236_German_short-haired_pointer.JPEG,n02100236_German_short-haired_pointer.JPEG,5.963723637829161,0.20364317602040816,10218,750,66.09715944221574,0.5683050501101797,0.3662537846903546,0.7317188708919848,7.1825637523173995,12.27693111989592,0.18448810438792623
../benchmarks/vggnet16_benchmark2022/segmented_outputs/object/n02110063_malamute.JPEG,n02110063_malamute.JPEG,7.33676538691669,0.1962890625,9849,217,22.603594009494493,0.5184303512468602,0.11546051544409316,0.7601530591038133,5.395788602539733,10.23509755202119,0.1844873143309385
../benchmarks/vggnet16_benchmark2022/segmented_outputs/background/n04591157_Windsor_tie.JPEG,n04591157_Windsor_tie.JPEG,3.636820235223323,0.0301937181122449,1515,81,4.277359143570297,0.9000416301880831,0.5802036456321212,0.9217095908621195,-3.7708761048167916,-6.407103518759,0.18435298500259542
../benchmarks/vggnet16_benchmark2022/segmented_outputs/background/n06794110_street_sign.JPEG,n06794110_street_sign.JPEG,7.003390303972823,0.2534877232142857,12719,489,44.12561306900318,0.44612027970588375,0.17735214439236036,0.7928455640729155,8.090331004795898,14.989661539205793,0.1832619129695858
../benchmarks/vggnet16_benchmark2022/segmented_outputs/background/n04517823_vacuum.JPEG,n04517823_vacuum.JPEG,5.93840695578111,0.16671316964285715,8365,503,49.655780265432696,0.6304021724557132,0.38329274347673903,0.7779024501596089,4.669671791234216,8.152183613030871,0.1832050694517298
../benchmarks/vggnet16_benchmark2022/segmented_outputs/object/n02007558_flamingo.JPEG,n02007558_flamingo.JPEG,6.861695483725886,0.2130500637755102,10690,358,54.036952243737474,0.5236363182927202,0.21344028699418244,0.7921334330430486,6.576529824045585,12.094283421445397,0.1831215284453134
../benchmarks/vggnet16_benchmark2022/segmented_outputs/object/n02268853_damselfly.JPEG,n02268853_damselfly.JPEG,6.7863017992216434,0.1839923469387755,9232,664,91.36999864039893,0.5857113926823738,0.21725330358590256,0.667911748711348,8.078935883238424,13.421371668752414,0.18257401797883555
../benchmarks/vggnet16_benchmark2022/segmented_outputs/background/n03777568_Model_T.JPEG,n03777568_Model_T.JPEG,2.9654765256610736,0.06269929846938775,3146,256,28.648778181405156,0.8610703140404374,0.719313478110388,0.8824819766158272,-2.386935011828653,-4.230455796681568,0.1822059207195742
../benchmarks/vggnet16_benchmark2022/segmented_outputs/object/n02504013_Indian_elephant.JPEG,n02504013_Indian_elephant.JPEG,5.492022628718578,0.12976323341836735,6511,97,40.352563615345,0.6831481520683789,0.3806910677202,0.8149209055532531,1.6984314961535878,3.403726771573194,0.1821841785784023
../benchmarks/vggnet16_benchmark2022/segmented_outputs/background/n03384352_forklift.JPEG,n03384352_forklift.JPEG,3.7993548055231665,0.09723772321428571,4879,826,24.62111003593509,0.8012124907586377,0.6942341360183779,0.7874113363254654,1.1109972945034472,1.1178260423455564,0.18214678621156272
../benchmarks/vggnet16_benchmark2022/segmented_outputs/background/n03590841_jack-o'-lantern.JPEG,n03590841_jack-o'-lantern.JPEG,4.929099186897843,0.13099888392857142,6573,676,21.158122378018597,0.7198516081547752,0.537050610353679,0.8190125105402895,2.445143929209526,4.044478391938694,0.18177129398263467
../benchmarks/vggnet16_benchmark2022/segmented_outputs/object/n07920052_espresso.JPEG,n07920052_espresso.JPEG,7.596702873904236,0.2181122448979592,10944,550,60.80890669202344,0.49878380755368645,0.1206245434498073,0.6977790271525699,8.428020454861647,14.784029862425442,0.18175678237622603
../benchmarks/vggnet16_benchmark2022/segmented_outputs/object/n03032252_cinema.JPEG,n03032252_cinema.JPEG,7.500268501086894,0.26486766581632654,13290,935,57.07137217618913,0.43725925015928707,0.13977959563394637,0.725010320823356,10.850975631000331,18.9838123252324,0.18135308446036003
../benchmarks/vggnet16_benchmark2022/segmented_outputs/object/n06359193_web_site.JPEG,n06359193_web_site.JPEG,6.356534544268042,0.1592594068877551,7991,314,17.6236263686144,0.6504374587736093,0.3325186203076385,0.926812919677074,3.0552857403097358,6.151951358793204,0.18070255236917881
../benchmarks/vggnet16_benchmark2022/segmented_outputs/background/n07932039_eggnog.JPEG,n07932039_eggnog.JPEG,5.16177177888135,0.12085459183673469,6064,271,15.416094456182316,0.7244931050380289,0.4983401862717076,0.8797554056723427,0.6847315421689514,1.65347448186614,0.18032711444388466
../benchmarks/vggnet16_benchmark2022/segmented_outputs/background/n07742313_Granny_Smith.JPEG,n07742313_Granny_Smith.JPEG,3.1534776286984987,0.06782126913265306,3403,291,27.77113713622518,0.8475831488382901,0.7505381528939156,0.8468548066425359,-2.158284847468285,-3.9388209428911125,0.1797227013303394
../benchmarks/vggnet16_benchmark2022/segmented_outputs/object/n03991062_pot.JPEG,n03991062_pot.JPEG,6.984543957695362,0.2506576849489796,12577,538,35.89464902390208,0.46648031847539884,0.2152501363681127,0.8434900612922647,7.71944618207614,14.432190392335663,0.17955774205489256
../benchmarks/vggnet16_benchmark2022/segmented_outputs/background/n01631663_eft.JPEG,n01631663_eft.JPEG,4.943339731046715,0.13341039540816327,6694,687,29.101433018700828,0.6989476746975528,0.544611883728229,0.7250513583410836,2.8720435459485607,4.489712972498307,0.1795145874527743
../benchmarks/vggnet16_benchmark2022/segmented_outputs/object/n02808440_bathtub.JPEG,n02808440_bathtub.JPEG,5.745839761267489,0.03300382653061224,1656,87,3.1449515867131606,0.8707041533918572,0.3956521366120971,0.8834797626510442,-2.0405011152216233,-3.5343846074327754,0.1791387017873366
../benchmarks/vggnet16_benchmark2022/segmented_outputs/background/n07730033_cardoon.JPEG,n07730033_cardoon.JPEG,4.679950558915263,0.13968829719387754,7009,491,21.05179684425905,0.7090964067799266,0.5674076458561549,0.8774640479107939,1.6761811306187948,3.201618415324848,0.17890814430338217
../benchmarks/vggnet16_benchmark2022/segmented_outputs/object/n02917067_bullet_train.JPEG,n02917067_bullet_train.JPEG,7.225129359686514,0.21954719387755103,11016,475,40.108411388036,0.5129679526690523,0.20052830355032605,0.7975065482492038,6.984064767068809,12.798908891787455,0.17878671764401116
../benchmarks/vggnet16_benchmark2022/segmented_outputs/object/n04435653_tile_roof.JPEG,n04435653_tile_roof.JPEG,7.677022410897676,0.2755102040816326,13824,420,21.650685346030613,0.3825112189197821,0.08125149957560993,0.7896869018004654,8.485081593821826,16.120253313430656,0.17812899533399706
../benchmarks/vggnet16_benchmark2022/segmented_outputs/object/n02071294_killer_whale.JPEG,n02071294_killer_whale.JPEG,7.831067838021827,0.2516940369897959,12629,312,30.055644508141217,0.42449817537329765,0.07844414442706799,0.7853872928129464,7.751743367429304,14.698137390500355,0.1779810702766251
../benchmarks/vggnet16_benchmark2022/segmented_outputs/background/n01843065_jacamar.JPEG,n01843065_jacamar.JPEG,3.9834817317879847,0.10907605229591837,5473,464,20.653435438802173,0.7639196359808275,0.6357291452507627,0.8389289418742383,0.2261697032644937,0.36062648114275686,0.17787990905565804
../benchmarks/vggnet16_benchmark2022/segmented_outputs/object/n02206856_bee.JPEG,n02206856_bee.JPEG,6.987794856888918,0.20461973852040816,10267,662,66.43554604036055,0.5520347818420785,0.2145491156301252,0.7381883421996676,7.925300754013223,13.699784926290345,0.17787635321098488
../benchmarks/vggnet16_benchmark2022/segmented_outputs/object/n07730033_cardoon.JPEG,n07730033_cardoon.JPEG,6.521114166893999,0.23967633928571427,12026,711,24.53248183702968,0.4949584297301427,0.28500139200185814,0.8249923413430753,7.292584417641488,13.389698114968837,0.1778341635148221
../benchmarks/vggnet16_benchmark2022/segmented_outputs/object/n03733131_maypole.JPEG,n03733131_maypole.JPEG,5.091350397401044,0.12326610331632654,6185,433,26.037344683108046,0.7325508393327305,0.5122710484098032,0.8649729538768596,1.5680393520833797,2.8683635240686463,0.1770485812427537
../benchmarks/vggnet16_benchmark2022/segmented_outputs/object/n04428191_thresher.JPEG,n04428191_thresher.JPEG,7.47997147906818,0.19684709821428573,9877,644,46.11422909110754,0.5578960544671948,0.13661317530485118,0.7685878196433251,7.574113079408897,13.265797789681198,0.1770005841329332
../benchmarks/vggnet16_benchmark2022/segmented_outputs/background/n03992509_potter's_wheel.JPEG,n03992509_potter's_wheel.JPEG,4.964212564569043,0.09476642219387756,4755,16,11.994280656412332,0.7662992487428852,0.49893042334357907,0.9081034104550925,-1.1824390335468642,-1.3669347851767715,0.17681309027626724
../benchmarks/vggnet16_benchmark2022/segmented_outputs/object/n03947888_pirate.JPEG,n03947888_pirate.JPEG,6.564694149263654,0.12179129464285714,6111,458,11.098856974161286,0.6791090623941082,0.24130701953434955,0.7384209258385364,3.133161422842802,5.318845179359457,0.17647005432996823
../benchmarks/vggnet16_benchmark2022/segmented_outputs/background/n01795545_black_grouse.JPEG,n01795545_black_grouse.JPEG,1.6358285947834423,0.03326291454081633,1669,196,10.97682020715122,0.923988526911907,0.8699378139216141,0.8934599522854215,-5.082452718814022,-8.914287200957371,0.17638183497643398
../benchmarks/vggnet16_benchmark2022/segmented_outputs/background/n04254680_soccer_ball.JPEG,n04254680_soccer_ball.JPEG,4.939325763566023,0.12908561862244897,6477,16,35.374855383579664,0.6953585731346711,0.4706399481174065,0.8519576898308265,0.5768458378033461,1.6974068668874993,0.17606655908370505
../benchmarks/vggnet16_benchmark2022/segmented_outputs/object/n02111889_Samoyed.JPEG,n02111889_Samoyed.JPEG,5.99767399534575,0.11039142219387756,5539,489,27.722340046402117,0.7217058666317299,0.39801252753458666,0.7331170462545926,2.506204729897731,3.9336632410069545,0.17593546226881077
../benchmarks/vggnet16_benchmark2022/segmented_outputs/background/n07697537_hotdog.JPEG,n07697537_hotdog.JPEG,4.782491388222622,0.12904575892857142,6475,795,31.26536303660149,0.7348557222284235,0.5998376558555095,0.7894892494544908,2.81334618712997,4.3405363072442995,0.17575956091505063
../benchmarks/vggnet16_benchmark2022/segmented_outputs/background/n04152593_screen.JPEG,n04152593_screen.JPEG,4.606401520603427,0.13952885841836735,7001,386,50.753468778104036,0.7033642535232698,0.5426650288895668,0.8247005980985451,2.245223048187208,3.9916095373844827,0.17488705449856914
../benchmarks/vggnet16_benchmark2022/segmented_outputs/background/n03916031_perfume.JPEG,n03916031_perfume.JPEG,5.242582164714197,0.13538345025510204,6793,158,15.439255561990837,0.6857014364852884,0.4254525148007681,0.8791323094600317,0.9961748822711465,2.498217135071839,0.17457006272088624
../benchmarks/vggnet16_benchmark2022/segmented_outputs/object/n03594945_jeep.JPEG,n03594945_jeep.JPEG,7.054649215983842,0.20428093112244897,10250,518,34.45818781787601,0.5582046589438101,0.22094621201472664,0.8525827625759121,6.334413314934599,11.656435792623927,0.17413982464336183
../benchmarks/vggnet16_benchmark2022/segmented_outputs/background/n04392985_tape_player.JPEG,n04392985_tape_player.JPEG,3.05134461115466,0.05622209821428571,2821,341,11.676236749898589,0.871897324983698,0.7571721003922285,0.8626364653544893,-2.830093737743094,-5.12062690688207,0.1736813514925426
../benchmarks/vggnet16_benchmark2022/segmented_outputs/object/n04120489_running_shoe.JPEG,n04120489_running_shoe.JPEG,6.30952177886925,0.16384327168367346,8221,213,39.624085494332526,0.6193994103265904,0.33416625410167133,0.8045432927208269,3.546100184643066,6.7124757864316535,0.1736411129354989
../benchmarks/vggnet16_benchmark2022/segmented_outputs/object/n03467068_guillotine.JPEG,n03467068_guillotine.JPEG,5.956094504218638,0.12151227678571429,6097,168,43.53936577189084,0.7045477757868758,0.37275660011704126,0.8082651462594066,2.03408807586276,3.7487652425723654,0.173067372523071
../benchmarks/vggnet16_benchmark2022/segmented_outputs/object/n04258138_solar_dish.JPEG,n04258138_solar_dish.JPEG,6.821659374076922,0.11666932397959184,5854,261,17.89955958475602,0.7036339806014706,0.21139647133392736,0.8464191091357833,2.5220525392835995,4.707087937268787,0.17300265035011905
../benchmarks/vggnet16_benchmark2022/segmented_outputs/object/n03216828_dock.JPEG,n03216828_dock.JPEG,6.924711569090055,0.15126753826530612,7590,309,49.28739813299795,0.6269613647611316,0.21776354290063998,0.7302003157109301,4.673614051693116,8.159341693999885,0.17296105500313
../benchmarks/vggnet16_benchmark2022/segmented_outputs/object/n02092339_Weimaraner.JPEG,n02092339_Weimaraner.JPEG,5.754489962298015,0.1394092793367347,6995,261,45.75654375377485,0.6784343874724669,0.42044649381010446,0.7993596940132086,2.648973930742962,4.810124102737337,0.1723213626466996
../benchmarks/vggnet16_benchmark2022/segmented_outputs/object/n04317175_stethoscope.JPEG,n04317175_stethoscope.JPEG,5.535386594779631,0.04438376913265306,2227,245,4.299509952088647,0.8568249208521284,0.40701022284912003,0.8629799222318137,-1.2316654169919943,-2.2988459219933026,0.17220029311809112
../benchmarks/vggnet16_benchmark2022/segmented_outputs/object/n04209239_shower_curtain.JPEG,n04209239_shower_curtain.JPEG,6.779287843289089,0.10132334183673469,5084,293,13.600832059351456,0.7107538675437557,0.220714663128869,0.7437741257716113,2.19640928819493,3.7226650998300914,0.17210825692933318
../benchmarks/vggnet16_benchmark2022/segmented_outputs/object/n02690373_airliner.JPEG,n02690373_airliner.JPEG,6.32473992361596,0.09755660076530612,4895,223,27.652708088877787,0.7209109487657736,0.2744394822198495,0.7264353059814888,1.8360966098838338,3.0211233571844773,0.17129655995244777
../benchmarks/vggnet16_benchmark2022/segmented_outputs/object/n02979186_cassette_player.JPEG,n02979186_cassette_player.JPEG,6.193549585812093,0.16456074617346939,8257,520,52.34222166731975,0.6214566014661117,0.36157084366684233,0.7047875740887374,5.024185873434997,8.507875309757761,0.1711429520131766
../benchmarks/vggnet16_benchmark2022/segmented_outputs/object/n02804414_bassinet.JPEG,n02804414_bassinet.JPEG,6.693727415381267,0.17018096301020408,8539,231,36.14319560255003,0.5889538037263284,0.24377723632147041,0.7558213578413904,4.292436391888427,7.946252853231213,0.170915569096409
../benchmarks/vggnet16_benchmark2022/segmented_outputs/object/n02114855_coyote.JPEG,n02114855_coyote.JPEG,4.992626158164562,0.14357461734693877,7204,199,11.090173976068455,0.6822858983388593,0.48554849631304575,0.9043305492828003,0.8492860340722795,2.354176217083499,0.17032283780593468
../benchmarks/vggnet16_benchmark2022/segmented_outputs/object/n03888257_parachute.JPEG,n03888257_parachute.JPEG,6.362333901244709,0.1332110969387755,6684,405,27.73197187552384,0.6525674289805318,0.24924823559960693,0.6894401855626431,3.647699032318293,6.1510642503193225,0.17022398247880424
../benchmarks/vggnet16_benchmark2022/segmented_outputs/object/n04049303_rain_barrel.JPEG,n04049303_rain_barrel.JPEG,6.8066132261901044,0.08693399234693877,4362,180,13.533051056065105,0.7552267833514196,0.20818136062574358,0.8470009646450039,1.30170413229271,2.4616763707145646,0.16987374523056278
../benchmarks/vggnet16_benchmark2022/segmented_outputs/object/n03804744_nail.JPEG,n03804744_nail.JPEG,5.3692903419896485,0.09689891581632654,4862,16,27.853068967317185,0.7304815930347872,0.4323324896377003,0.7552018531693165,-0.03887562136685241,0.1254448899118752,0.1696446388207444
../benchmarks/vggnet16_benchmark2022/segmented_outputs/background/n03958227_plastic_bag.JPEG,n03958227_plastic_bag.JPEG,1.9601637903882991,0.02646683673469388,1328,71,11.371925650005664,0.9389329773371629,0.8438679316179682,0.9337236090035983,-5.548634031218068,-9.52239328524631,0.1691873320904155
../benchmarks/vggnet16_benchmark2022/segmented_outputs/background/n03991062_pot.JPEG,n03991062_pot.JPEG,4.057868744245554,0.09817442602040816,4926,172,27.18686457047083,0.7752850952529435,0.6194621653671433,0.8533855909386662,-0.9053889833336511,-1.3098489380097686,0.16912824381473718
../benchmarks/vggnet16_benchmark2022/segmented_outputs/background/n03977966_police_van.JPEG,n03977966_police_van.JPEG,3.9387054286991665,0.08627630739795919,4329,211,28.594402297872044,0.8003006647577645,0.6202097753757808,0.8486133766809065,-1.087082213821073,-1.8055744996161758,0.16884933384984885
../benchmarks/vggnet16_benchmark2022/segmented_outputs/object/n04553703_washbasin.JPEG,n04553703_washbasin.JPEG,5.517729654631327,0.05646125637755102,2833,77,15.974295873011947,0.8445563846667289,0.35399802110704304,0.945184145267076,-1.1081298480421578,-1.5984215992906725,0.16874460601061225
../benchmarks/vggnet16_benchmark2022/segmented_outputs/object/n13037406_gyromitra.JPEG,n13037406_gyromitra.JPEG,7.629019007150265,0.2443797831632653,12262,987,58.12526054761497,0.44686982234331374,0.0814289516092346,0.583543304921412,11.000325442974521,18.61843453731238,0.16866787409207745
../benchmarks/vggnet16_benchmark2022/segmented_outputs/background/n02112350_keeshond.JPEG,n02112350_keeshond.JPEG,2.203582272113035,0.033522002551020405,1682,82,7.171993988254096,0.9159044802650493,0.8109294015930146,0.9092590729163579,-5.162006676474772,-8.837412022304722,0.1685962423507398
../benchmarks/vggnet16_benchmark2022/segmented_outputs/object/n02093647_Bedlington_terrier.JPEG,n02093647_Bedlington_terrier.JPEG,7.369451789166961,0.18550701530612246,9308,364,50.06522423891096,0.5631410390344949,0.137626096387052,0.7478273093062202,6.307932521340785,11.273887182741591,0.16828521495873808
../benchmarks/vggnet16_benchmark2022/segmented_outputs/object/n02403003_ox.JPEG,n02403003_ox.JPEG,7.858404375672478,0.2589086415816326,12991,454,14.538947182097713,0.44634339822952174,0.07762656132636372,0.922760760740301,7.845938698374127,15.195473171519424,0.16813133172445743
../benchmarks/vggnet16_benchmark2022/segmented_outputs/object/n01981276_king_crab.JPEG,n01981276_king_crab.JPEG,6.774302424082832,0.1700813137755102,8534,340,58.07593076884622,0.6105177946988092,0.23016594268045404,0.7807097603056616,5.3432292146602425,9.521768643182359,0.16746586838872615
../benchmarks/vggnet16_benchmark2022/segmented_outputs/object/n03376595_folding_chair.JPEG,n03376595_folding_chair.JPEG,6.130356881945716,0.1504703443877551,7550,171,86.21205683527782,0.643115175482319,0.24133878745589807,0.7407103069270752,4.719177727873975,8.21444350734033,0.16737822114905557
../benchmarks/vggnet16_benchmark2022/segmented_outputs/object/n02361337_marmot.JPEG,n02361337_marmot.JPEG,7.532879748717047,0.22150031887755103,11114,336,20.435796196935023,0.49361173875540476,0.1019484467986607,0.8204900129012049,6.472384479398798,12.333788142206643,0.16605764035204704
../benchmarks/vggnet16_benchmark2022/segmented_outputs/background/n07579787_plate.JPEG,n07579787_plate.JPEG,5.213084962151111,0.13584183673469388,6816,541,33.019582039071864,0.7116630049655619,0.5123615165509242,0.8257996185129803,2.581569142886809,4.434567400856394,0.1659185837854816
../benchmarks/vggnet16_benchmark2022/segmented_outputs/background/n04336792_stretcher.JPEG,n04336792_stretcher.JPEG,7.090669110706963,0.2374641262755102,11915,954,58.487567643979226,0.499495596315631,0.19285636165443262,0.7189965520793067,9.812554512537154,16.88129352805763,0.16573714195524514
../benchmarks/vggnet16_benchmark2022/segmented_outputs/object/n04090263_rifle.JPEG,n04090263_rifle.JPEG,6.609682614547626,0.1542171556122449,7738,16,38.79208886620526,0.6317512613875471,0.26072144170527933,0.8450795556129351,2.8967747634546175,5.884123210512666,0.16568727749926035
../benchmarks/vggnet16_benchmark2022/segmented_outputs/background/n03018349_china_cabinet.JPEG,n03018349_china_cabinet.JPEG,4.176182957239617,0.07858338647959184,3943,380,17.321572369334,0.8136916962119694,0.6418364179977276,0.8097805790584607,-0.9313094779590936,-1.8769322866921323,0.16508710420593953
../benchmarks/vggnet16_benchmark2022/segmented_outputs/background/n02098105_soft-coated_wheaten_terrier.JPEG,n02098105_soft-coated_wheaten_terrier.JPEG,4.974870080864957,0.1171875,5880,263,34.53865616109027,0.7356077754019084,0.5000763410348794,0.8426213738326342,1.0262817642951534,1.996233619245929,0.16492663526303578
../benchmarks/vggnet16_benchmark2022/segmented_outputs/background/n02398521_hippopotamus.JPEG,n02398521_hippopotamus.JPEG,5.30540985417091,0.12868702168367346,6457,277,18.25580171177759,0.7164871000934043,0.49382595610206936,0.886569315438344,1.0341131200866969,2.3127046165174727,0.1646993856740721
../benchmarks/vggnet16_benchmark2022/segmented_outputs/object/n02095314_wire-haired_fox_terrier.JPEG,n02095314_wire-haired_fox_terrier.JPEG,6.790181788455487,0.15132732780612246,7593,372,27.61741798163487,0.6434148537508697,0.27482675317621674,0.7968371298169081,3.9042827503553887,7.056574451382273,0.16438658351504443
../benchmarks/vggnet16_benchmark2022/segmented_outputs/object/n04462240_toyshop.JPEG,n04462240_toyshop.JPEG,7.2797099241441465,0.32180723852040816,16147,1547,76.45870579523769,0.33973536180293396,0.16644968893956458,0.5556670499965459,15.192854674029748,25.621699048856595,0.16420822262271378
../benchmarks/vggnet16_benchmark2022/segmented_outputs/background/n02788148_bannister.JPEG,n02788148_bannister.JPEG,2.8263249965288066,0.05785634566326531,2903,289,10.321702763065264,0.8772349942835989,0.7883795066189199,0.8918335504005138,-3.2966368872146923,-5.756426636164053,0.16403700918675815
../benchmarks/vggnet16_benchmark2022/segmented_outputs/background/n02133161_American_black_bear.JPEG,n02133161_American_black_bear.JPEG,4.931406734485594,0.13570232780612246,6809,462,10.188357828322681,0.6998454314585241,0.5139260404409323,0.8317124798613426,1.5303100023189855,2.913339236798979,0.16387408595450856
../benchmarks/vggnet16_benchmark2022/segmented_outputs/object/n03124170_cowboy_hat.JPEG,n03124170_cowboy_hat.JPEG,6.796589102219732,0.1535594706632653,7705,460,30.053103869667673,0.6590477469597873,0.27409002273053024,0.8562380931304601,4.276217781692537,7.735677086044675,0.16361664325256534
../benchmarks/vggnet16_benchmark2022/segmented_outputs/background/n04120489_running_shoe.JPEG,n04120489_running_shoe.JPEG,4.939986875069814,0.13201530612244897,6624,129,31.88440202022292,0.6957004480828441,0.5005442210747828,0.8303374052565486,0.8577021753372842,2.0152662127371377,0.16355237720322846
../benchmarks/vggnet16_benchmark2022/segmented_outputs/object/n04254680_soccer_ball.JPEG,n04254680_soccer_ball.JPEG,6.135486135034906,0.16501913265306123,8280,16,36.079040711729846,0.6206047516359693,0.3382508064704002,0.8613040094859817,2.5672792610512967,5.475969227908777,0.163337397917631
../benchmarks/vggnet16_benchmark2022/segmented_outputs/object/n01644900_tailed_frog.JPEG,n01644900_tailed_frog.JPEG,5.434770232202082,0.14923469387755103,7488,220,12.332786017773852,0.6752545879559341,0.4306577196160396,0.9244178521898189,1.480280314915914,3.5066484622835903,0.16251505699041205
../benchmarks/vggnet16_benchmark2022/segmented_outputs/object/n04019541_puck.JPEG,n04019541_puck.JPEG,5.268359837555217,0.04982461734693878,2500,220,3.6081430792131917,0.8398660541406797,0.3958000322900509,0.8328160513777336,-1.2262234323864636,-2.261431842821531,0.1625112713814005
../benchmarks/vggnet16_benchmark2022/segmented_outputs/background/n02504458_African_elephant.JPEG,n02504458_African_elephant.JPEG,4.801015239789415,0.14540816326530612,7296,443,19.582069413277964,0.6981723083069962,0.5719724970013131,0.8712621478000393,1.6195681833935902,3.2079428069721283,0.16234839990999042
../benchmarks/vggnet16_benchmark2022/segmented_outputs/object/n04371774_swing.JPEG,n04371774_swing.JPEG,6.937747298250284,0.17731584821428573,8897,16,38.22646810626732,0.550729712852734,0.14843800892563794,0.7221763973057926,4.286294515770422,8.210492300390552,0.1623196714261052
../benchmarks/vggnet16_benchmark2022/segmented_outputs/background/n02096177_cairn.JPEG,n02096177_cairn.JPEG,5.516227484023918,0.15248325892857142,7651,436,21.10057435690115,0.6694023485760703,0.4655636858438839,0.8432986221288584,2.6039126719751144,4.90100863525492,0.16230320429157796
../benchmarks/vggnet16_benchmark2022/segmented_outputs/object/n04067472_reel.JPEG,n04067472_reel.JPEG,7.6478366059257485,0.2507174744897959,12580,600,48.06868032778405,0.430935145062317,0.08431849951882765,0.6756726515809469,9.316421556416293,16.598306762641684,0.1622503938009944
../benchmarks/vggnet16_benchmark2022/segmented_outputs/background/n03662601_lifeboat.JPEG,n03662601_lifeboat.JPEG,5.144777781196021,0.18249760841836735,9157,1073,44.97034993092623,0.638594197265479,0.516457922152129,0.7357559064341083,6.213099128862302,10.1137292730287,0.16202427125553642
../benchmarks/vggnet16_benchmark2022/segmented_outputs/object/n02730930_apron.JPEG,n02730930_apron.JPEG,5.724320166744134,0.15983737244897958,8020,638,19.552686661589203,0.6539530735409651,0.4279974337245408,0.8024071210832922,3.8073037900346325,6.683193994651698,0.16177683596794667
../benchmarks/vggnet16_benchmark2022/segmented_outputs/object/n01729977_green_snake.JPEG,n01729977_green_snake.JPEG,6.472111382872617,0.18704161352040816,9385,215,38.45345926738806,0.5820890110105321,0.3032187542946688,0.8346616418358573,4.27948735001635,8.281319850673249,0.16139552481266708
../benchmarks/vggnet16_benchmark2022/segmented_outputs/object/n02108915_French_bulldog.JPEG,n02108915_French_bulldog.JPEG,5.690555499335093,0.10267857142857142,5152,258,29.87155115927818,0.7674732508714186,0.3447020426835099,0.9204910377295039,1.319338146880931,2.618214758403079,0.16123810132361985
../benchmarks/vggnet16_benchmark2022/segmented_outputs/object/n04456115_torch.JPEG,n04456115_torch.JPEG,4.661237987600108,0.11519451530612244,5780,538,39.40419147415457,0.7614844858446301,0.5690126911207617,0.8304674757738949,1.7138737884635973,2.7200743472093167,0.16118929302149612
../benchmarks/vggnet16_benchmark2022/segmented_outputs/background/n02396427_wild_boar.JPEG,n02396427_wild_boar.JPEG,2.6022519263330954,0.05462771045918367,2741,211,12.51642259496439,0.8801433451047664,0.8065179614476328,0.8819643350770969,-3.7689251698461605,-6.53303259945173,0.16094138804289776
../benchmarks/vggnet16_benchmark2022/segmented_outputs/background/n03134739_croquet_ball.JPEG,n03134739_croquet_ball.JPEG,5.639172477898062,0.1673907844387755,8399,684,54.57934276861155,0.6464807458474902,0.4650370650999655,0.741745219850762,5.034857150875576,8.402706884702727,0.16086599106686794
../benchmarks/vggnet16_benchmark2022/segmented_outputs/object/n01491361_tiger_shark.JPEG,n01491361_tiger_shark.JPEG,6.128247558745617,0.0390625,1960,123,11.207792753980454,0.8175118834329188,0.3120940233193533,0.684874116934215,-0.7624491306410598,-1.8785897248156451,0.16070101686180435
../benchmarks/vggnet16_benchmark2022/segmented_outputs/background/n01532829_house_finch.JPEG,n01532829_house_finch.JPEG,3.8766886108264895,0.09937021683673469,4986,264,10.401025421776133,0.791824840287322,0.6688914284353666,0.9159040640858206,-1.381917655003627,-1.9757312205117494,0.16068714793378436
../benchmarks/vggnet16_benchmark2022/segmented_outputs/background/n04141975_scale.JPEG,n04141975_scale.JPEG,2.48279148306265,0.04693478954081633,2355,35,32.26187384885048,0.8904531499127734,0.7322868685754544,0.8935471148393083,-3.8288123685708424,-6.551134442087306,0.16061396675604603
../benchmarks/vggnet16_benchmark2022/segmented_outputs/object/n07753275_pineapple.JPEG,n07753275_pineapple.JPEG,7.563104193019831,0.19806281887755103,9938,898,34.236771295161205,0.5521696550963936,0.12023413325151072,0.6965287815778346,8.395709615508228,14.250291236982413,0.16011538491774657
../benchmarks/vggnet16_benchmark2022/segmented_outputs/background/n04133789_sandal.JPEG,n04133789_sandal.JPEG,4.317740416183413,0.1214126275510204,6092,1215,34.03246571739578,0.7643628354734991,0.632017908056153,0.7094800054473078,4.00228469719516,5.53883560320946,0.16006511284801783
../benchmarks/vggnet16_benchmark2022/segmented_outputs/object/n02114367_timber_wolf.JPEG,n02114367_timber_wolf.JPEG,7.429066693874853,0.2066326530612245,10368,386,37.2543815572727,0.5089576452481489,0.10657837909197068,0.7081629127031801,6.806688925344897,12.299560470228174,0.15995543748378216
../benchmarks/vggnet16_benchmark2022/segmented_outputs/object/n02098286_West_Highland_white_terrier.JPEG,n02098286_West_Highland_white_terrier.JPEG,6.620130287573913,0.1480389030612245,7428,335,27.488945686641156,0.673986510688882,0.30152445600091615,0.8963439155877113,3.3430346846637597,6.361220017321886,0.15954007587700228
../benchmarks/vggnet16_benchmark2022/segmented_outputs/background/n03141823_crutch.JPEG,n03141823_crutch.JPEG,5.940181866927212,0.19919882015306123,9995,59,38.28172121343431,0.563145731046231,0.34650145193601933,0.874104768615,3.5713236997768196,7.498347921088888,0.15888813910102045
../benchmarks/vggnet16_benchmark2022/segmented_outputs/background/n07749582_lemon.JPEG,n07749582_lemon.JPEG,6.781552720121347,0.20440051020408162,10256,733,23.0919833492118,0.5603995540873079,0.25543332154056164,0.7980113831899882,6.615905647174296,11.793149203819445,0.15884802496557232
../benchmarks/vggnet16_benchmark2022/segmented_outputs/background/n04606251_wreck.JPEG,n04606251_wreck.JPEG,2.5132429969368895,0.06204161352040816,3113,203,17.81797659848312,0.8651258279734915,0.8059010121299436,0.8678531392648542,-3.4688052409850396,-6.003084092968783,0.15867035361039009
../benchmarks/vggnet16_benchmark2022/segmented_outputs/background/n02951358_canoe.JPEG,n02951358_canoe.JPEG,4.185893913437283,0.11760602678571429,5901,546,21.754318399390243,0.7564622271878563,0.6158016906223654,0.8388022354775835,0.9202763795412437,1.5148933817773176,0.15853529859472562
../benchmarks/vggnet16_benchmark2022/segmented_outputs/background/n04258138_solar_dish.JPEG,n04258138_solar_dish.JPEG,3.797614787158653,0.10756138392857142,5397,385,19.200220080474956,0.7784924305619825,0.6926413921286905,0.868339973730655,-0.5411510634501611,-0.7978297997265267,0.15850732947189675
../benchmarks/vggnet16_benchmark2022/segmented_outputs/object/n01739381_vine_snake.JPEG,n01739381_vine_snake.JPEG,6.736487969364077,0.1783123405612245,8947,576,36.227705150240844,0.5968212700474781,0.26107674264607694,0.7495555493670378,5.718258368522934,9.992622756539488,0.15832513143281485
../benchmarks/vggnet16_benchmark2022/segmented_outputs/background/n09428293_seashore.JPEG,n09428293_seashore.JPEG,3.9139665173627822,0.09743702168367346,4889,232,13.465081823761496,0.786736483798469,0.6828196446503498,0.8721555095141009,-1.4557963082889813,-2.2183889092231595,0.15819524634398638
../benchmarks/vggnet16_benchmark2022/segmented_outputs/background/n02666196_abacus.JPEG,n02666196_abacus.JPEG,3.8272853470885595,0.05508609693877551,2764,284,3.098357771590246,0.8747925665588636,0.7705416656152051,0.8760749955942333,-3.109092562849824,-5.484828580692586,0.1580923776085257
../benchmarks/vggnet16_benchmark2022/segmented_outputs/background/n02786058_Band_Aid.JPEG,n02786058_Band_Aid.JPEG,3.7291440839473875,0.053411989795918366,2680,106,29.81143837000011,0.8747555705173888,0.6276714044863985,0.9036885313061388,-2.5412677490786653,-4.346676059310433,0.15774928527986318
../benchmarks/vggnet16_benchmark2022/segmented_outputs/object/n07584110_consomme.JPEG,n07584110_consomme.JPEG,5.831038912134019,0.06263950892857142,3143,131,10.05340396288174,0.8254394782770111,0.3841418039621701,0.8886581398536654,-0.851336654828514,-1.2987767864531803,0.1575656548578439
../benchmarks/vggnet16_benchmark2022/segmented_outputs/object/n02701002_ambulance.JPEG,n02701002_ambulance.JPEG,7.1324647676608395,0.20750956632653061,10412,847,34.67262747741813,0.5643144608955578,0.20521566643673347,0.8071512650942536,7.776812757412054,13.61368627544135,0.15733337702215142
../benchmarks/vggnet16_benchmark2022/segmented_outputs/background/n04525305_vending_machine.JPEG,n04525305_vending_machine.JPEG,2.3423002313529815,0.05494658801020408,2757,96,26.283432371255074,0.8781299866778074,0.7931987616847462,0.8777966713415704,-3.8520018870161743,-6.609132855978334,0.15731523671917835
../benchmarks/vggnet16_benchmark2022/segmented_outputs/background/n02086079_Pekinese.JPEG,n02086079_Pekinese.JPEG,2.3621675953869543,0.03942123724489796,1978,245,13.03668695628773,0.9041081271089615,0.8081839401046231,0.8422737461535383,-4.090466965348542,-7.37290646531072,0.15704482271940112
../benchmarks/vggnet16_benchmark2022/segmented_outputs/background/n01770393_scorpion.JPEG,n01770393_scorpion.JPEG,2.65259846324471,0.06186224489795918,3104,278,33.56495056336379,0.8560979502347752,0.7839759098512136,0.7840459362603849,-2.498691162746592,-4.756462920120669,0.15690385972478263
../benchmarks/vggnet16_benchmark2022/segmented_outputs/background/n03207941_dishwasher.JPEG,n03207941_dishwasher.JPEG,6.201775263912547,0.17608019770408162,8835,413,56.667092792125004,0.6060173332157315,0.33469280755236513,0.7445034810827812,5.094950421514842,8.961316194220966,0.15675105760424998
../benchmarks/vggnet16_benchmark2022/segmented_outputs/background/n12998815_agaric.JPEG,n12998815_agaric.JPEG,6.270252061730909,0.21683673469387754,10880,552,40.882668905851475,0.5542692502106297,0.3506858271159045,0.851145117300858,6.080736884131505,11.236729468227322,0.1565642822395478
../benchmarks/vggnet16_benchmark2022/segmented_outputs/background/n04461696_tow_truck.JPEG,n04461696_tow_truck.JPEG,5.393626089881824,0.16545758928571427,8302,404,35.44377687756797,0.64540650380104,0.4509435431787725,0.8256387655503291,3.259109311821677,6.062026241480748,0.156202580654535
../benchmarks/vggnet16_benchmark2022/segmented_outputs/background/n02777292_balance_beam.JPEG,n02777292_balance_beam.JPEG,3.8359870085837993,0.09889190051020408,4962,612,24.13457864506095,0.7845849627408555,0.6842063875134632,0.7536627471478763,0.40842236645695734,0.12470260585171133,0.1550367831841955
../benchmarks/vggnet16_benchmark2022/segmented_outputs/object/n04392985_tape_player.JPEG,n04392985_tape_player.JPEG,7.197254540890973,0.17857142857142858,8960,136,17.260760941793666,0.5837028313818091,0.17577976907018963,0.8686319782619465,3.9494188364553913,7.978728837987033,0.15502353378347938
../benchmarks/vggnet16_benchmark2022/segmented_outputs/background/n02514041_barracouta.JPEG,n02514041_barracouta.JPEG,5.084104984480408,0.12860730229591838,6453,330,49.27282169830035,0.7257629627871386,0.4758528832934529,0.8471893923109709,2.1093396229739567,3.7929614461566667,0.15491178423542828
../benchmarks/vggnet16_benchmark2022/segmented_outputs/object/n02123597_Siamese_cat.JPEG,n02123597_Siamese_cat.JPEG,7.360209144429202,0.1781329719387755,8938,152,30.643726138629106,0.5567257367238181,0.12590678687645934,0.7352586089709188,4.83288833234641,9.05071043753375,0.15486878629048498
../benchmarks/vggnet16_benchmark2022/segmented_outputs/background/n01806567_quail.JPEG,n01806567_quail.JPEG,3.1341333738787505,0.07009327168367346,3517,226,15.045210007776419,0.8337745112978374,0.7638241955509616,0.8105719025253614,-2.7440469384773456,-4.850792287654867,0.15485630419704252
../benchmarks/vggnet16_benchmark2022/segmented_outputs/object/n02859443_boathouse.JPEG,n02859443_boathouse.JPEG,6.768684089128692,0.18259725765306123,9162,312,35.564454061088355,0.5870252827539757,0.2588593967614493,0.8074201508852786,4.772548470386978,8.908857579031233,0.15461542133319114
../benchmarks/vggnet16_benchmark2022/segmented_outputs/object/n02442845_mink.JPEG,n02442845_mink.JPEG,7.40568693843842,0.18211894132653061,9138,475,40.511939867466154,0.5496145746029927,0.1072269678193343,0.6427018523826471,6.634551886686082,11.459616919931495,0.1540748731276808
../benchmarks/vggnet16_benchmark2022/segmented_outputs/object/n03857828_oscilloscope.JPEG,n03857828_oscilloscope.JPEG,6.121829906367209,0.11806441326530612,5924,231,4.339209460164293,0.7182106954525982,0.2878462130259588,0.9022589641400858,1.3604508847654606,3.000437218795767,0.15406341397396361
../benchmarks/vggnet16_benchmark2022/segmented_outputs/object/n03710193_mailbox.JPEG,n03710193_mailbox.JPEG,7.384239567701689,0.22423070790816327,11251,570,21.561401469397637,0.47542519023140223,0.09600252272163128,0.6884268342795995,7.576269352984472,13.61044622331628,0.15369262563779904
../benchmarks/vggnet16_benchmark2022/segmented_outputs/object/n03876231_paintbrush.JPEG,n03876231_paintbrush.JPEG,6.689929009955934,0.201171875,10094,509,43.94106439720821,0.5634065272202984,0.2861307791054495,0.7839046158253389,6.1152104762976265,11.012354758068858,0.15336261260585873
../benchmarks/vggnet16_benchmark2022/segmented_outputs/object/n03538406_horse_cart.JPEG,n03538406_horse_cart.JPEG,5.233170169001648,0.15989716198979592,8023,591,45.64061641486863,0.6706655217740057,0.48264806588117615,0.8069855681839071,3.902013752000913,6.744360652836214,0.15304505816425967
../benchmarks/vggnet16_benchmark2022/segmented_outputs/object/n03930630_pickup.JPEG,n03930630_pickup.JPEG,7.304553321885363,0.1732501594387755,8693,530,39.10345422970741,0.609689471664322,0.1810100043136551,0.7921090509329107,5.986776477976234,10.556667036558094,0.152881392894875
../benchmarks/vggnet16_benchmark2022/segmented_outputs/background/n03445924_golfcart.JPEG,n03445924_golfcart.JPEG,6.371598355312478,0.2038624043367347,10229,357,41.36764772143534,0.5647244313067485,0.3284256468263971,0.8392842766848729,5.168585195597201,9.770650647543732,0.1527646453236011
../benchmarks/vggnet16_benchmark2022/segmented_outputs/object/n02033041_dowitcher.JPEG,n02033041_dowitcher.JPEG,7.216756891495493,0.23726482780612246,11905,191,21.137901818996774,0.4631247464040107,0.11927092848108697,0.8317124993611591,6.143303377172029,12.142639532697348,0.15272726928189845
../benchmarks/vggnet16_benchmark2022/segmented_outputs/background/n03272562_electric_locomotive.JPEG,n03272562_electric_locomotive.JPEG,4.984092258906359,0.0918765943877551,4610,273,14.89319995999336,0.7619071682444418,0.46396425545129205,0.7755092879193464,0.0739991308152591,0.07455470461571412,0.15264974620982213
../benchmarks/vggnet16_benchmark2022/segmented_outputs/object/n01740131_night_snake.JPEG,n01740131_night_snake.JPEG,5.011438603109447,0.13169642857142858,6608,303,24.70954427621868,0.7161934184683472,0.5387769657480911,0.8602662153029355,1.0961516217050458,2.298726800996922,0.1526158041086984
../benchmarks/vggnet16_benchmark2022/segmented_outputs/object/n04200800_shoe_shop.JPEG,n04200800_shoe_shop.JPEG,7.10167922809913,0.18289620535714285,9177,190,36.82625041861787,0.5804851686412678,0.19704259461402068,0.8289275502491112,4.725052829856456,9.044110456740913,0.15189687223527829
../benchmarks/vggnet16_benchmark2022/segmented_outputs/object/n03627232_knot.JPEG,n03627232_knot.JPEG,6.158882199161988,0.14345503826530612,7198,293,27.41521805970698,0.6490136801770598,0.3762844888377368,0.721972208414462,2.794063082514315,4.9782022365779905,0.15130365141981442
../benchmarks/vggnet16_benchmark2022/segmented_outputs/object/n04442312_toaster.JPEG,n04442312_toaster.JPEG,4.545256455040764,0.031329719387755105,1572,79,2.326797874749805,0.8968912450139723,0.46624725027785235,0.9228696959434176,-3.0163641562870844,-5.086102798427598,0.15122109453906332
../benchmarks/vggnet16_benchmark2022/segmented_outputs/object/n02437616_llama.JPEG,n02437616_llama.JPEG,6.973493913383628,0.14845742984693877,7449,155,40.94692229227977,0.6226596900648811,0.2044086165541667,0.719001784507548,3.8516664567761563,6.950710780448407,0.150341792890507
../benchmarks/vggnet16_benchmark2022/segmented_outputs/object/n03710637_maillot.JPEG,n03710637_maillot.JPEG,7.093649423698194,0.16689253826530612,8374,181,30.701933862921777,0.6092627599204978,0.18650896643078524,0.8343333969778062,4.122401833197255,7.924606953450867,0.14973170330794316
../benchmarks/vggnet16_benchmark2022/segmented_outputs/object/n02107683_Bernese_mountain_dog.JPEG,n02107683_Bernese_mountain_dog.JPEG,6.915006199397695,0.1961296237244898,9841,347,53.11525964539145,0.5703222271321893,0.25159700160845033,0.803568824887011,5.8341464148312125,10.683974081184427,0.14972986559114992
../benchmarks/vggnet16_benchmark2022/segmented_outputs/background/n03891332_parking_meter.JPEG,n03891332_parking_meter.JPEG,4.059250845122601,0.10987324617346939,5513,228,32.88024984644176,0.7559431701060824,0.6154998003243213,0.819408201935998,-0.19512897615443683,-0.17692929924162565,0.14954096098894665
../benchmarks/vggnet16_benchmark2022/segmented_outputs/object/n04335435_streetcar.JPEG,n04335435_streetcar.JPEG,6.816091528038031,0.18036511479591838,9050,282,35.696344749443305,0.5817148816981157,0.24188051735687885,0.7711499702555895,4.7376623040289925,8.77657401560009,0.1485466418446306
../benchmarks/vggnet16_benchmark2022/segmented_outputs/object/n02704792_amphibian.JPEG,n02704792_amphibian.JPEG,7.255566388171525,0.13506457270408162,6777,238,38.62004961123937,0.6720855569641869,0.1813135483270663,0.8119383119432523,3.80665397024767,6.881842468778219,0.14845479060798536
../benchmarks/vggnet16_benchmark2022/segmented_outputs/background/n01955084_chiton.JPEG,n01955084_chiton.JPEG,2.1808715302251485,0.06401466836734694,3212,176,8.04147285892903,0.8760294951773773,0.8243095778107101,0.9365495154247406,-4.109399280300241,-6.8005693890039085,0.14826631907092946
../benchmarks/vggnet16_benchmark2022/segmented_outputs/background/n04235860_sleeping_bag.JPEG,n04235860_sleeping_bag.JPEG,6.057503979007876,0.17263233418367346,8662,490,42.79866660606677,0.6244927187527731,0.3739036333678454,0.7779484227138076,4.61721968431505,8.176177114400978,0.14804994156387646
../benchmarks/vggnet16_benchmark2022/segmented_outputs/object/n02977058_cash_machine.JPEG,n02977058_cash_machine.JPEG,6.576915641276647,0.1890545280612245,9486,751,58.59634455532094,0.5928194344437793,0.2695689913222937,0.7189784185228041,7.194949606514401,12.175329305191799,0.14761861649294916
../benchmarks/vggnet16_benchmark2022/segmented_outputs/background/n02966687_carpenter's_kit.JPEG,n02966687_carpenter's_kit.JPEG,4.421939604779242,0.1375358737244898,6901,608,38.65914275467351,0.7216046386903969,0.5851454342593139,0.8042761991866012,2.4049079698402784,3.972704832257064,0.14726927632882666
../benchmarks/vggnet16_benchmark2022/segmented_outputs/object/n01592084_chickadee.JPEG,n01592084_chickadee.JPEG,6.6108692079640505,0.10658482142857142,5348,234,16.88154193659374,0.7131917556269991,0.28324300380968365,0.7546155003141215,1.8151493137631471,3.1837052345851933,0.14722880791057485
../benchmarks/vggnet16_benchmark2022/segmented_outputs/object/n03445924_golfcart.JPEG,n03445924_golfcart.JPEG,5.2853941073149535,0.1451690051020408,7284,220,39.56867664717113,0.6807359053896047,0.481269822611918,0.8258960695642261,1.9550338655692052,3.8333333065432362,0.14718979156235734
../benchmarks/vggnet16_benchmark2022/segmented_outputs/object/n02109047_Great_Dane.JPEG,n02109047_Great_Dane.JPEG,7.574405862968884,0.22439014668367346,11259,341,49.16635249891819,0.4936179568907586,0.11081400876368334,0.7630483573990834,7.3838417011479285,13.571820795757054,0.14717837318904986
../benchmarks/vggnet16_benchmark2022/segmented_outputs/object/n01531178_goldfinch.JPEG,n01531178_goldfinch.JPEG,6.083653589268097,0.11397879464285714,5719,253,15.029940021053134,0.739277063452042,0.3135063162190368,0.9165990566949461,1.4666275359835184,3.0697318017504447,0.1471483786087327
../benchmarks/vggnet16_benchmark2022/segmented_outputs/background/n02110185_Siberian_husky.JPEG,n02110185_Siberian_husky.JPEG,4.8768398995202435,0.13731664540816327,6890,127,34.53403013777445,0.7009884512566267,0.5054227767001548,0.8710602079683543,0.932950200879631,2.283050018069969,0.14710085724723454
../benchmarks/vggnet16_benchmark2022/segmented_outputs/object/n04613696_yurt.JPEG,n04613696_yurt.JPEG,6.812981872456545,0.18664301658163265,9365,319,44.671777457514644,0.5866276560942789,0.23373312807187047,0.8200556303651741,5.251790499436876,9.738328433362868,0.1470959560787541
../benchmarks/vggnet16_benchmark2022/segmented_outputs/object/n02236044_mantis.JPEG,n02236044_mantis.JPEG,4.957568587881247,0.11658960459183673,5850,429,23.079496607617145,0.7406149469662857,0.5270181088383334,0.8073381838189269,1.2047057444306137,2.054275887305126,0.14698700931606298
../benchmarks/vggnet16_benchmark2022/segmented_outputs/masks/n03980874_poncho_mask.png,n03980874_poncho_mask.png,0.34656412216878846,0.005002391581632653,251,2,3.702374192669798,0.996151378178098,0.9369062115329072,0.9674085959110768,-7.712412211675872,-13.182999241716848,0.14660650311725731
../benchmarks/vggnet16_benchmark2022/segmented_outputs/background/n03873416_paddle.JPEG,n03873416_paddle.JPEG,0.7073292346113125,0.012635522959183673,634,16,5.358585641288478,0.969305400206578,0.9421550930655958,0.9077914010520207,-7.206070120917431,-12.438721733317433,0.14656582213793315
../benchmarks/vggnet16_benchmark2022/segmented_outputs/object/n09399592_promontory.JPEG,n09399592_promontory.JPEG,6.204091988352752,0.09925063775510204,4980,169,35.84939829105214,0.739035126558458,0.2870249773905781,0.7817341969076913,1.6819222854924196,2.9264876528898585,0.14609903663726762
../benchmarks/vggnet16_benchmark2022/segmented_outputs/object/n03404251_fur_coat.JPEG,n03404251_fur_coat.JPEG,7.176522564872762,0.2719228316326531,13644,703,40.8286693477668,0.4264854555503796,0.1936043232301007,0.7630375122641808,9.261946656133055,16.82611888096449,0.14595140169080686
../benchmarks/vggnet16_benchmark2022/segmented_outputs/background/n02607072_anemone_fish.JPEG,n02607072_anemone_fish.JPEG,5.210439452172032,0.16697225765306123,8378,674,28.449981950656323,0.6638081098084371,0.4943280041005208,0.8350305411262837,3.8159089463840083,6.739483572070151,0.14590961993823515
../benchmarks/vggnet16_benchmark2022/segmented_outputs/background/n03930313_picket_fence.JPEG,n03930313_picket_fence.JPEG,5.55237406073399,0.1780731823979592,8935,256,39.34241108233185,0.6217405053805947,0.4611633431952671,0.8424571901306206,3.13371298194962,6.168446545650751,0.14523704070162094
../benchmarks/vggnet16_benchmark2022/segmented_outputs/background/n02704792_amphibian.JPEG,n02704792_amphibian.JPEG,2.708156020338333,0.06750239158163265,3387,92,37.778300435597934,0.8553708739756579,0.7096627945059724,0.8778480634138782,-2.7316936957483042,-4.623970745073807,0.14490867955307937
../benchmarks/vggnet16_benchmark2022/segmented_outputs/object/n02794156_barometer.JPEG,n02794156_barometer.JPEG,6.960409856238295,0.2175342793367347,10915,395,26.95916661621625,0.5447552407357082,0.26537827852689294,0.8989490824618612,5.684783155579991,10.98462019758966,0.14490370494063717
../benchmarks/vggnet16_benchmark2022/segmented_outputs/background/n02108422_bull_mastiff.JPEG,n02108422_bull_mastiff.JPEG,3.859554324541255,0.08374521683673469,4202,330,20.076960782575505,0.8212393119066903,0.6624824511669813,0.8599511095006656,-1.221436822527488,-2.1462790582764746,0.14486362334960268
../benchmarks/vggnet16_benchmark2022/segmented_outputs/object/n03544143_hourglass.JPEG,n03544143_hourglass.JPEG,1.7267719626590659,0.020567602040816327,1032,229,2.396691574123254,0.9403906842753449,0.9065371680755436,0.8142426732347816,-5.604757663947399,-10.143543505090657,0.1445413948385734
../benchmarks/vggnet16_benchmark2022/segmented_outputs/background/n03124043_cowboy_boot.JPEG,n03124043_cowboy_boot.JPEG,4.02143900715335,0.02893813775510204,1452,56,3.4457841897934784,0.9034145699080851,0.6003350656600359,0.8790583143381119,-3.8670633358241195,-6.684671838996671,0.14453503851034563
../benchmarks/vggnet16_benchmark2022/segmented_outputs/background/n15075141_toilet_tissue.JPEG,n15075141_toilet_tissue.JPEG,3.5653733532296386,0.07724808673469388,3876,159,10.439603421842232,0.8043179961037619,0.6700936400120866,0.7883784780552413,-2.3397803516308837,-4.0113257687366985,0.14436476073482396
../benchmarks/vggnet16_benchmark2022/segmented_outputs/object/n03000134_chainlink_fence.JPEG,n03000134_chainlink_fence.JPEG,5.923143159617696,0.19379783163265307,9724,283,55.61311201904153,0.5823607263403464,0.3782268670408787,0.7936918144632965,4.6743914101520705,8.709967732967131,0.14408030406887873
../benchmarks/vggnet16_benchmark2022/segmented_outputs/object/n03770679_minivan.JPEG,n03770679_minivan.JPEG,7.074381332513709,0.20292570153061223,10182,405,53.277787053808716,0.5500799821348707,0.22040490906128654,0.7612300012210035,6.48294180869652,11.681947380153733,0.14377425470536873
../benchmarks/vggnet16_benchmark2022/segmented_outputs/background/n02488291_langur.JPEG,n02488291_langur.JPEG,1.6760841639280268,0.03734853316326531,1874,184,4.676828935675633,0.9237645183490378,0.88704628960602,0.8954332520768857,-5.308684748773504,-9.21230178734123,0.14373228052941922
../benchmarks/vggnet16_benchmark2022/segmented_outputs/object/n03179701_desk.JPEG,n03179701_desk.JPEG,5.75320128362433,0.08424346301020408,4227,173,46.58913287531087,0.7913535271938386,0.39658298497405264,0.8204239356850014,0.8786504855723538,1.4023591465054401,0.14367218001019277
../benchmarks/vggnet16_benchmark2022/segmented_outputs/object/n02098413_Lhasa.JPEG,n02098413_Lhasa.JPEG,6.729184759009811,0.17729591836734693,8896,471,65.27998935178034,0.6035479456628189,0.22914378553777937,0.734491893645175,6.230210331598521,10.774722113658802,0.14358764002994062
../benchmarks/vggnet16_benchmark2022/segmented_outputs/background/n01749939_green_mamba.JPEG,n01749939_green_mamba.JPEG,6.740340553660655,0.2423469387755102,12160,1161,48.12520039978297,0.5220876406603032,0.2895183326376565,0.7635906406671477,9.76812010898067,16.74112865351676,0.1433595972079642
../benchmarks/vggnet16_benchmark2022/segmented_outputs/object/n07892512_red_wine.JPEG,n07892512_red_wine.JPEG,4.868094889289452,0.11983816964285714,6013,132,17.580977198226243,0.74476767573495,0.5194306300839531,0.935417938486417,-0.14916322606632007,0.5218547414328956,0.14277171425347968
../benchmarks/vggnet16_benchmark2022/segmented_outputs/background/n02134418_sloth_bear.JPEG,n02134418_sloth_bear.JPEG,4.467038555631876,0.12099410076530612,6071,271,16.729033418773337,0.7376334237892122,0.5594783491992379,0.8649752339983039,0.14404225155114345,0.6832364120014717,0.1427635999822462
../benchmarks/vggnet16_benchmark2022/segmented_outputs/background/n12985857_coral_fungus.JPEG,n12985857_coral_fungus.JPEG,6.670020101866594,0.2177734375,10927,384,22.136136628271792,0.5420333656656728,0.2889362632545766,0.8889816103584338,5.313747147771438,10.375701656441684,0.1427516314939944
../benchmarks/vggnet16_benchmark2022/segmented_outputs/background/n03876231_paintbrush.JPEG,n03876231_paintbrush.JPEG,5.321665097114207,0.1535594706632653,7705,382,42.79301326527337,0.6727332515992862,0.4826613818075498,0.8083378253912624,2.8938579147803134,5.244207315707238,0.1425434954425342
../benchmarks/vggnet16_benchmark2022/segmented_outputs/background/n03710721_maillot.JPEG,n03710721_maillot.JPEG,4.6241923352997985,0.07483657525510204,3755,261,10.230980553849378,0.792911894597998,0.5433770344334221,0.7379405170137154,-1.0057041840384684,-2.007334884445095,0.1424055356166631
../benchmarks/vggnet16_benchmark2022/segmented_outputs/background/n03529860_home_theater.JPEG,n03529860_home_theater.JPEG,5.700346560029872,0.19029017857142858,9548,542,53.18818398081464,0.6119929337004755,0.4356685460166117,0.8094031275119815,5.110063455387033,9.128239598525592,0.1420538704199262
../benchmarks/vggnet16_benchmark2022/segmented_outputs/background/n02795169_barrel.JPEG,n02795169_barrel.JPEG,5.537200282012602,0.16735092474489796,8397,543,35.1460655533963,0.655085574873196,0.4622721574801457,0.8280010692970086,3.7940117777029494,6.81129764543882,0.14182294254063338
../benchmarks/vggnet16_benchmark2022/segmented_outputs/background/n02769748_backpack.JPEG,n02769748_backpack.JPEG,3.5332011396081526,0.078125,3920,85,17.076658547918445,0.8229585605375848,0.6657034865238278,0.8807919608265451,-2.5386423718674824,-4.053786445119849,0.14124233748030074
../benchmarks/vggnet16_benchmark2022/segmented_outputs/background/n09399592_promontory.JPEG,n09399592_promontory.JPEG,4.399036866309849,0.12818877551020408,6432,183,37.69007699644922,0.7289919495617478,0.5732375682589512,0.8636398407972767,0.5013591869467503,1.335239933749036,0.14107727782191115
../benchmarks/vggnet16_benchmark2022/segmented_outputs/background/n02093754_Border_terrier.JPEG,n02093754_Border_terrier.JPEG,3.9405731752580153,0.11471619897959184,5756,247,15.61527066802213,0.7604466084324703,0.6352456968737141,0.889633524203206,-0.7151477903232097,-0.7551788812127798,0.14095496554487746
../benchmarks/vggnet16_benchmark2022/segmented_outputs/object/n02389026_sorrel.JPEG,n02389026_sorrel.JPEG,7.315195748881331,0.23509247448979592,11796,510,34.71053869933333,0.5029117839762333,0.16900506680495747,0.8493042127770518,7.414072292112957,13.812385361564012,0.14077002572270203
../benchmarks/vggnet16_benchmark2022/segmented_outputs/background/n03345487_fire_engine.JPEG,n03345487_fire_engine.JPEG,4.064403225509562,0.11475605867346939,5758,323,12.361163368957168,0.7650217069394716,0.6350270730620711,0.8970249645340587,-0.484348721040354,-0.42321100508112636,0.1406220635970615
../benchmarks/vggnet16_benchmark2022/segmented_outputs/object/n02006656_spoonbill.JPEG,n02006656_spoonbill.JPEG,3.7993558268619356,0.03005420918367347,1508,359,6.6142347201732115,0.8968886485829619,0.6676440978907521,0.7485402916460722,-2.827230414323888,-5.656157443229334,0.14061126539091331
../benchmarks/vggnet16_benchmark2022/segmented_outputs/object/n04370456_sweatshirt.JPEG,n04370456_sweatshirt.JPEG,5.667173640109372,0.13380899234693877,6714,416,37.834701339494906,0.7076837851957178,0.4331541496719862,0.8110046223929163,2.6911962433938332,4.701893323749381,0.1405560352115112
../benchmarks/vggnet16_benchmark2022/segmented_outputs/object/n02804610_bassoon.JPEG,n02804610_bassoon.JPEG,5.336346877818599,0.15531329719387754,7793,398,37.071677308226285,0.676989011060457,0.4790208799959282,0.8470079568634885,2.8056606333160925,5.226279551831422,0.14039637506291064
../benchmarks/vggnet16_benchmark2022/segmented_outputs/object/n01667114_mud_turtle.JPEG,n01667114_mud_turtle.JPEG,5.8180696359774515,0.18004623724489796,9034,425,27.07114994915581,0.6270130192822121,0.42397546394133967,0.8697793905240816,3.690878256041867,7.075121216505119,0.14021259989300922
../benchmarks/vggnet16_benchmark2022/segmented_outputs/object/n04417672_thatch.JPEG,n04417672_thatch.JPEG,6.665521942466782,0.22556600765306123,11318,760,77.92760195638832,0.543025808645965,0.27919478294454403,0.7583687030215034,8.667900047858222,15.008625026139423,0.14017681406697544
../benchmarks/vggnet16_benchmark2022/segmented_outputs/background/n03388549_four-poster.JPEG,n03388549_four-poster.JPEG,4.433981917262557,0.10841836734693877,5440,147,39.19162137289177,0.7648083346201817,0.5513230467950063,0.8658331217850024,-0.021175036611457976,0.2947885616911553,0.13994504145051873
../benchmarks/vggnet16_benchmark2022/segmented_outputs/background/n02971356_carton.JPEG,n02971356_carton.JPEG,3.611649110296292,0.09331154336734694,4682,316,35.81810039177829,0.8048279808014505,0.6708167950378513,0.8322623072078539,-0.6852766154977596,-1.2840294649547572,0.13963004784989586
../benchmarks/vggnet16_benchmark2022/segmented_outputs/object/n04612504_yawl.JPEG,n04612504_yawl.JPEG,5.923417992365097,0.05000398596938776,2509,133,11.708102315288901,0.8348145733033006,0.3183953622072034,0.8188006583566986,-0.7534553476293865,-1.4286271134371509,0.13899302015065598
../benchmarks/vggnet16_benchmark2022/segmented_outputs/object/n04398044_teapot.JPEG,n04398044_teapot.JPEG,5.905012841335111,0.18181999362244897,9123,562,68.02012418195875,0.6189769474444844,0.403210393514315,0.7433951182762255,5.6708717500491455,9.716094688343968,0.1388661515976452
../benchmarks/vggnet16_benchmark2022/segmented_outputs/background/n06596364_comic_book.JPEG,n06596364_comic_book.JPEG,7.243257771666439,0.2625757334183674,13175,1104,53.09299949413486,0.4563042401758892,0.19303420903976315,0.6810437113804879,10.961568586246177,18.829783586059936,0.13875913897982478
../benchmarks/vggnet16_benchmark2022/segmented_outputs/background/n02328150_Angora.JPEG,n02328150_Angora.JPEG,4.856289368194485,0.11786511479591837,5914,369,15.58241227368279,0.7514106607587527,0.563760787451697,0.8709845616581218,0.5073400074849936,1.151189583033516,0.13839036801822743
../benchmarks/vggnet16_benchmark2022/segmented_outputs/background/n02009229_little_blue_heron.JPEG,n02009229_little_blue_heron.JPEG,2.847010309337014,0.06584821428571429,3304,187,19.025030679909236,0.857240297388692,0.7755007207227538,0.8536853730274649,-3.146889777439788,-5.443421330060357,0.13835664636470157
../benchmarks/vggnet16_benchmark2022/segmented_outputs/object/n03661043_library.JPEG,n03661043_library.JPEG,6.254734251915098,0.20274633290816327,10173,256,71.2595637226941,0.5611282649858531,0.27184816804370093,0.7835377917744717,5.837405359341101,10.720236307185017,0.13807060270657304
../benchmarks/vggnet16_benchmark2022/segmented_outputs/object/n01770081_harvestman.JPEG,n01770081_harvestman.JPEG,6.661212306595056,0.06538982780612244,3281,278,30.664198610143053,0.8079359058427116,0.23361319328589278,0.7893201004600741,1.4119025959064022,2.0421715528100064,0.1380165972329171
../benchmarks/vggnet16_benchmark2022/segmented_outputs/background/n03871628_packet.JPEG,n03871628_packet.JPEG,4.908432484267383,0.1258171237244898,6313,405,30.05448068352102,0.703551123375044,0.5190279734461687,0.7074457684338542,1.6983586466319314,2.725304942092517,0.1379773973909297
../benchmarks/vggnet16_benchmark2022/segmented_outputs/object/n03982430_pool_table.JPEG,n03982430_pool_table.JPEG,6.440501480791442,0.1470623405612245,7379,225,67.07582959402066,0.6683538503340735,0.28513209969221065,0.7944988954262402,4.1042570735790385,7.287053959958117,0.13795827719047035
../benchmarks/vggnet16_benchmark2022/segmented_outputs/object/n01675722_banded_gecko.JPEG,n01675722_banded_gecko.JPEG,7.057644552622214,0.20758928571428573,10416,191,10.354478026959047,0.5226289771574149,0.11904253093452107,0.8423793608856958,4.943315167997923,9.89874123899219,0.13777819076012282
../benchmarks/vggnet16_benchmark2022/segmented_outputs/background/n02808440_bathtub.JPEG,n02808440_bathtub.JPEG,1.5731154197451975,0.027403539540816327,1375,143,2.6112622157185257,0.9500880450023329,0.8817315980635569,0.9346590550804812,-5.869308538269191,-10.098143591137905,0.13775710294209395
../benchmarks/vggnet16_benchmark2022/segmented_outputs/background/n03014705_chest.JPEG,n03014705_chest.JPEG,1.2863711096222037,0.021245216836734693,1066,138,1.8774989502183241,0.9538834928392216,0.9129204445753114,0.8901374524343664,-6.256927098037574,-10.923883805678464,0.1377323991553245
../benchmarks/vggnet16_benchmark2022/segmented_outputs/background/n04008634_projectile.JPEG,n04008634_projectile.JPEG,7.026988811880991,0.2110172193877551,10588,16,40.57961523283946,0.5232767838093648,0.200900410945676,0.8335749013991799,4.865733187948483,9.774468604960719,0.13750610138851704
../benchmarks/vggnet16_benchmark2022/segmented_outputs/object/n02119022_red_fox.JPEG,n02119022_red_fox.JPEG,5.129540961154393,0.08298788265306123,4164,50,54.5185728750556,0.7774652248295463,0.36794193882472404,0.7642538437206026,0.556964884897672,0.8400177374219541,0.13736145396986305
../benchmarks/vggnet16_benchmark2022/segmented_outputs/background/n02536864_coho.JPEG,n02536864_coho.JPEG,6.043440726938041,0.1747448979591837,8768,218,42.13771067511002,0.6073056468084751,0.35289400388891956,0.7844682281902133,3.706955137999426,7.019616731801098,0.1372171339519997
../benchmarks/vggnet16_benchmark2022/segmented_outputs/background/n03240683_drilling_platform.JPEG,n03240683_drilling_platform.JPEG,2.055761682848095,0.04729352678571429,2373,141,10.391135736843147,0.9027401684504945,0.8591842553010534,0.8901358381745597,-4.7789271573670336,-8.209381085464253,0.13683494612591687
../benchmarks/vggnet16_benchmark2022/segmented_outputs/object/n03630383_lab_coat.JPEG,n03630383_lab_coat.JPEG,5.111151365098248,0.11324139030612244,5682,365,37.98447297476725,0.7497402282542814,0.5104427492751962,0.800567851422264,1.409579308840172,2.337321389908765,0.1367194180866082
../benchmarks/vggnet16_benchmark2022/segmented_outputs/background/n03599486_jinrikisha.JPEG,n03599486_jinrikisha.JPEG,5.65309508825041,0.20591517857142858,10332,765,55.05871971046679,0.5867071471200709,0.4275202385468496,0.7662344215167154,6.476237555642719,11.213804429917749,0.13661421651820632
../benchmarks/vggnet16_benchmark2022/segmented_outputs/object/n02226429_grasshopper.JPEG,n02226429_grasshopper.JPEG,6.7165075169554065,0.14652423469387754,7352,272,17.710298810311635,0.5751544922895282,0.15154660837453326,0.5084975071757255,3.9974480347916934,6.677399413033163,0.13632080413550685
../benchmarks/vggnet16_benchmark2022/segmented_outputs/background/n03461385_grocery_store.JPEG,n03461385_grocery_store.JPEG,7.04916621660245,0.22757892219387754,11419,696,23.777940876386424,0.527491460976398,0.2110211725619086,0.8456262789797075,7.311048904521494,13.3781339577907,0.13623373097780894
../benchmarks/vggnet16_benchmark2022/segmented_outputs/object/n07880968_burrito.JPEG,n07880968_burrito.JPEG,7.34682159446472,0.21580038265306123,10828,654,18.587075002589103,0.522647061532661,0.11568901114294389,0.779145672782091,7.317428190956521,13.216617426842612,0.1362323135713982
../benchmarks/vggnet16_benchmark2022/segmented_outputs/object/n02107142_Doberman.JPEG,n02107142_Doberman.JPEG,5.0027757046219365,0.05307318239795918,2663,108,8.430426885829473,0.8077645519646346,0.41128703350376894,0.6996998052182479,-1.4479983717826146,-2.8325226603901736,0.13590752331213218
../benchmarks/vggnet16_benchmark2022/segmented_outputs/object/n01704323_triceratops.JPEG,n01704323_triceratops.JPEG,5.9141223275290296,0.07326211734693877,3676,178,22.827036231223254,0.7670679779615608,0.35565248189192716,0.669605399392667,0.3881959654537259,0.22980557167183702,0.1353685719549126
../benchmarks/vggnet16_benchmark2022/segmented_outputs/object/n02749479_assault_rifle.JPEG,n02749479_assault_rifle.JPEG,4.604428852724933,0.044244260204081634,2220,16,8.490205910110593,0.8829757522389694,0.5588619006046169,0.9243786683531539,-3.13868019979906,-5.163581920114199,0.13513395381157223
../benchmarks/vggnet16_benchmark2022/segmented_outputs/object/n15075141_toilet_tissue.JPEG,n15075141_toilet_tissue.JPEG,6.537465972483784,0.07391980229591837,3709,155,10.471980352835491,0.7891743632128574,0.2587368649331311,0.8354860633376293,0.404778612746283,0.8080331234343032,0.13476679851781193
../benchmarks/vggnet16_benchmark2022/segmented_outputs/object/n04179913_sewing_machine.JPEG,n04179913_sewing_machine.JPEG,7.123000944409091,0.23164461096938777,11623,402,21.540490295814266,0.48936014428380525,0.20337808732958007,0.7927690798247828,6.406120151275801,12.130773599444069,0.1342557474298349
../benchmarks/vggnet16_benchmark2022/segmented_outputs/background/n04562935_water_tower.JPEG,n04562935_water_tower.JPEG,5.392933270271687,0.14148198341836735,7099,267,30.149534461811616,0.6675770824366112,0.3680446865600011,0.765178497679976,2.3639120017771384,4.3805052651447784,0.13393499892306107
../benchmarks/vggnet16_benchmark2022/segmented_outputs/object/n02488702_colobus.JPEG,n02488702_colobus.JPEG,6.890178959723632,0.23499282525510204,11791,329,48.635442750770984,0.48152796038594947,0.18860464869590982,0.7576875604057665,6.992845468964578,13.00978470069194,0.1339303497519282
../benchmarks/vggnet16_benchmark2022/segmented_outputs/object/n02992211_cello.JPEG,n02992211_cello.JPEG,7.3668607078593284,0.12824856505102042,6435,436,51.31400874635036,0.6549750195054321,0.1533993391892743,0.5964758817951314,5.147309105946741,8.22489027732854,0.1331751577787789
../benchmarks/vggnet16_benchmark2022/segmented_outputs/object/n04371430_swimming_trunks.JPEG,n04371430_swimming_trunks.JPEG,5.983761079565834,0.1825573979591837,9160,417,71.45184120281516,0.6121097944697542,0.36706534487631504,0.7551525596166311,5.408218543244209,9.478561356928854,0.1330035558761637
../benchmarks/vggnet16_benchmark2022/segmented_outputs/object/n09472597_volcano.JPEG,n09472597_volcano.JPEG,6.419739311150473,0.23503268494897958,11793,240,6.015694697004487,0.5033201687980855,0.1810857141990959,0.9546381166400013,5.060282797533331,10.62239384045495,0.13259621702537375
../benchmarks/vggnet16_benchmark2022/segmented_outputs/object/n03673027_liner.JPEG,n03673027_liner.JPEG,6.600111333012462,0.1935188137755102,9710,420,35.42037554604118,0.5893848461603289,0.2653704987791293,0.8517294802700662,5.2658451918379265,9.835464970490793,0.13235923269156205
../benchmarks/vggnet16_benchmark2022/segmented_outputs/object/n01755581_diamondback.JPEG,n01755581_diamondback.JPEG,7.640627858274145,0.30018335459183676,15062,527,29.74741480450086,0.3577855448778108,0.09201253588703685,0.7857249099145288,9.631627045204407,18.113921114967695,0.132021687470952
../benchmarks/vggnet16_benchmark2022/segmented_outputs/background/n02123394_Persian_cat.JPEG,n02123394_Persian_cat.JPEG,2.4389639576809756,0.0509406887755102,2556,278,11.928866118313167,0.8928163266847218,0.8198934660889312,0.8484467428971186,-3.7626089204899165,-6.729562526001816,0.13167923031239656
../benchmarks/vggnet16_benchmark2022/segmented_outputs/background/n03337140_file.JPEG,n03337140_file.JPEG,2.6622883864900513,0.05219626913265306,2619,313,9.480116473868001,0.8916226421752627,0.7915231348781995,0.859820596554812,-3.4738163393947072,-6.221823995307913,0.13142934714984594
../benchmarks/vggnet16_benchmark2022/segmented_outputs/object/n01968897_chambered_nautilus.JPEG,n01968897_chambered_nautilus.JPEG,7.624754105249808,0.13141741071428573,6594,279,67.99462068767616,0.6390862601750069,0.11780548477502556,0.5730194691484125,5.3944155442873996,8.715210553832467,0.131252599633383
../benchmarks/vggnet16_benchmark2022/segmented_outputs/background/n03782006_monitor.JPEG,n03782006_monitor.JPEG,2.9757691228390146,0.06720344387755102,3372,241,31.069618564167484,0.8602674264060889,0.7530503331504446,0.8411125684598474,-2.427818371308909,-4.3789321636868905,0.13121072138645765
../benchmarks/vggnet16_benchmark2022/segmented_outputs/object/n02391049_zebra.JPEG,n02391049_zebra.JPEG,7.09705951570149,0.25442442602040816,12766,287,58.62420939544546,0.45863916959991785,0.2090461690723321,0.8035322471268509,7.557753584272475,14.256239086545081,0.13081323238381135
../benchmarks/vggnet16_benchmark2022/segmented_outputs/background/n02088238_basset.JPEG,n02088238_basset.JPEG,4.675418189035234,0.13185586734693877,6616,455,71.29594812456142,0.7256510186098071,0.552745531329965,0.742045602372055,2.878647242575828,4.550953632826015,0.13011015530376516
../benchmarks/vggnet16_benchmark2022/segmented_outputs/masks/n02113186_Cardigan_mask.png,n02113186_Cardigan_mask.png,0.654782285622797,0.006676498724489796,335,2,6.0512721501515525,0.9937096963096137,0.8456661339110665,0.9773907474486474,-7.133545791076867,-12.146761044220153,0.12971247758263119
../benchmarks/vggnet16_benchmark2022/segmented_outputs/background/n02095314_wire-haired_fox_terrier.JPEG,n02095314_wire-haired_fox_terrier.JPEG,4.747782871801447,0.14522879464285715,7287,327,28.21678683137231,0.6930607561768134,0.5436329814274609,0.8288368908188807,1.5263390667735908,3.0400642108677287,0.1295360907056245
../benchmarks/vggnet16_benchmark2022/segmented_outputs/background/n03902125_pay-phone.JPEG,n03902125_pay-phone.JPEG,2.4790505505717984,0.05269451530612245,2644,196,15.094647384031415,0.8856460525481252,0.7959309161206758,0.8522887088634364,-3.8219347618775474,-6.711531996578056,0.12950328210778683
../benchmarks/vggnet16_benchmark2022/segmented_outputs/object/n02096585_Boston_bull.JPEG,n02096585_Boston_bull.JPEG,6.66742258940233,0.18317522321428573,9191,384,19.703239046178865,0.6188705026745618,0.3010914110820036,0.9161073532227499,4.196291422222151,8.199892187714783,0.12894521557525662
../benchmarks/vggnet16_benchmark2022/segmented_outputs/background/n07836838_chocolate_sauce.JPEG,n07836838_chocolate_sauce.JPEG,6.0553804189747655,0.17867107780612246,8965,467,46.234103716307864,0.6217402337205102,0.3496293300656659,0.8000263167621811,4.827158750076029,8.664544740342206,0.1286445647110794
../benchmarks/vggnet16_benchmark2022/segmented_outputs/object/n02091244_Ibizan_hound.JPEG,n02091244_Ibizan_hound.JPEG,6.950312716289249,0.18088329081632654,9076,179,43.247559347374676,0.5692364249643556,0.19755818170268646,0.7235252950671291,4.853958746641371,8.95152912925255,0.12858319338992566
../benchmarks/vggnet16_benchmark2022/segmented_outputs/background/n02835271_bicycle-built-for-two.JPEG,n02835271_bicycle-built-for-two.JPEG,6.2887269396663275,0.21554129464285715,10815,626,45.300623001386015,0.5582340330930592,0.3546551876085406,0.7940283105002132,6.462083569895877,11.599691409147292,0.12845524401210873
../benchmarks/vggnet16_benchmark2022/segmented_outputs/object/n03782006_monitor.JPEG,n03782006_monitor.JPEG,7.087204665118255,0.20665258290816327,10369,258,35.4993477639476,0.5393142866031022,0.15040686908758877,0.8206582716754045,5.746367275595704,10.94088774912628,0.1282973905508357
../benchmarks/vggnet16_benchmark2022/segmented_outputs/background/n02808304_bath_towel.JPEG,n02808304_bath_towel.JPEG,4.416864581107827,0.12320631377551021,6182,389,43.1212772686516,0.7434985209690295,0.5942668361619965,0.7991191897558163,1.2626038520966596,2.111239128490826,0.12799516433124042
../benchmarks/vggnet16_benchmark2022/segmented_outputs/background/n03792782_mountain_bike.JPEG,n03792782_mountain_bike.JPEG,1.277176325141548,0.022441007653061226,1126,189,7.799546774342638,0.9515504247179605,0.9310732475693184,0.8474322763847905,-5.91205346503246,-10.543652906373254,0.12785481729265086
../benchmarks/vggnet16_benchmark2022/segmented_outputs/background/n03478589_half_track.JPEG,n03478589_half_track.JPEG,4.046314984880871,0.1210140306122449,6072,278,46.979872117361225,0.741851137978788,0.6283295463699001,0.7809191698629685,0.6332514281961523,1.0872290483652245,0.12779801248865316
../benchmarks/vggnet16_benchmark2022/segmented_outputs/background/n02165456_ladybug.JPEG,n02165456_ladybug.JPEG,4.361699893900585,0.12246890943877552,6145,800,19.24309909044418,0.7627138209306552,0.6266560508690254,0.8058153988965718,1.9352632999842456,2.8871261380736013,0.12760587353568598
../benchmarks/vggnet16_benchmark2022/segmented_outputs/object/n04604644_worm_fence.JPEG,n04604644_worm_fence.JPEG,6.219461286333148,0.17402742346938777,8732,578,27.94088788822492,0.6169750003536811,0.36809350041561795,0.7392655855517902,4.678630852458308,8.173104293612212,0.1272436209605531
../benchmarks/vggnet16_benchmark2022/segmented_outputs/object/n02090721_Irish_wolfhound.JPEG,n02090721_Irish_wolfhound.JPEG,7.531659871838913,0.3002431441326531,15065,734,17.94229563145942,0.37423032535513695,0.09459269949239985,0.8201986124876336,9.962904088680585,18.58152708152633,0.12713911274518283
../benchmarks/vggnet16_benchmark2022/segmented_outputs/background/n03355925_flagpole.JPEG,n03355925_flagpole.JPEG,3.3459339898471083,0.10006776147959184,5021,709,20.69346525265962,0.8114133603261717,0.7344038008971887,0.8078768675103389,0.16877114148636574,-0.2422137713296738,0.1267067278393656
../benchmarks/vggnet16_benchmark2022/segmented_outputs/object/n01944390_snail.JPEG,n01944390_snail.JPEG,7.701386178675756,0.28928172831632654,14515,790,38.77178755529881,0.3937435920023178,0.09349808738164408,0.7598873625392508,10.601687810439973,19.196265534181897,0.12646175795742748
../benchmarks/vggnet16_benchmark2022/segmented_outputs/object/n03461385_grocery_store.JPEG,n03461385_grocery_store.JPEG,4.3525549077443255,0.10604671556122448,5321,330,19.433292536452107,0.7767328200981678,0.6180398833188958,0.8489187452104165,-0.27057019247271513,-0.3291988017634814,0.12636309773564552
../benchmarks/vggnet16_benchmark2022/segmented_outputs/background/n04553703_washbasin.JPEG,n04553703_washbasin.JPEG,4.0447514661453585,0.07013313137755102,3519,129,16.458303747756304,0.8248117930169145,0.5931892426380224,0.8195432337693839,-2.035901313228242,-3.4769555771317595,0.12620393187366924
../benchmarks/vggnet16_benchmark2022/segmented_outputs/object/n01632458_spotted_salamander.JPEG,n01632458_spotted_salamander.JPEG,7.371352286682502,0.1954719387755102,9808,540,34.396510231944056,0.5660918221182436,0.17040248528319915,0.765500098627532,6.555945602151747,11.69773619297431,0.12590793518288548
../benchmarks/vggnet16_benchmark2022/segmented_outputs/object/n03970156_plunger.JPEG,n03970156_plunger.JPEG,5.509051073980297,0.09327168367346939,4680,101,22.591572169372295,0.7572441988920846,0.42312840092571724,0.7784787500071773,0.015369338192481541,0.15683465559874665,0.12562219635594973
../benchmarks/vggnet16_benchmark2022/segmented_outputs/object/n02835271_bicycle-built-for-two.JPEG,n02835271_bicycle-built-for-two.JPEG,5.799694536867405,0.18096301020408162,9080,487,42.508183985378025,0.6200091148915261,0.4145527099516079,0.7864210563388492,4.4943251255868955,8.067136757676247,0.125213915064816
../benchmarks/vggnet16_benchmark2022/segmented_outputs/background/n01582220_magpie.JPEG,n01582220_magpie.JPEG,3.102193393713186,0.08480149872448979,4255,328,22.10381254433944,0.8222960066822643,0.7347893972657222,0.8169290882034153,-1.7265167211239265,-3.1192466620493757,0.12461240376428029
../benchmarks/vggnet16_benchmark2022/segmented_outputs/background/n02113799_standard_poodle.JPEG,n02113799_standard_poodle.JPEG,5.944260101208595,0.1748644770408163,8774,385,32.4241182823031,0.6340850907526678,0.4037483286063005,0.8446015315933343,3.694111318385515,6.981935141764411,0.12433821080707073
../benchmarks/vggnet16_benchmark2022/segmented_outputs/background/n03956157_planetarium.JPEG,n03956157_planetarium.JPEG,4.259718501290765,0.12378427933673469,6211,170,38.249898445613724,0.7408216102941639,0.5950210946256993,0.8513073788317964,0.1889705282386397,0.7338322998275603,0.12418501890289249
../benchmarks/vggnet16_benchmark2022/segmented_outputs/object/n02097047_miniature_schnauzer.JPEG,n02097047_miniature_schnauzer.JPEG,7.172233637854775,0.25099649234693877,12594,202,22.708678949332693,0.4180565580314404,0.1096080522808049,0.7122832104722976,6.741599403450656,12.975338684506557,0.12418416865057552
../benchmarks/vggnet16_benchmark2022/segmented_outputs/background/n04376876_syringe.JPEG,n04376876_syringe.JPEG,5.3970606974329325,0.15760522959183673,7908,671,34.58633769335019,0.671639208233167,0.5146809780537391,0.7460387733502661,3.793198603682071,6.3263962251698125,0.12389257103299978
../benchmarks/vggnet16_benchmark2022/segmented_outputs/background/n02108915_French_bulldog.JPEG,n02108915_French_bulldog.JPEG,4.956073436429007,0.13056042729591838,6551,326,29.4219450430018,0.7098741232958102,0.5366537949103665,0.7715796307708691,1.3408688245464626,2.418610726828717,0.12281270244815239
../benchmarks/vggnet16_benchmark2022/segmented_outputs/background/n04417672_thatch.JPEG,n04417672_thatch.JPEG,5.688535237439569,0.21287069515306123,10681,1040,77.5477112671037,0.5931174566697557,0.4404782987899028,0.7186892744504831,8.29854987418157,13.766657360176104,0.12244068347821092
../benchmarks/vggnet16_benchmark2022/segmented_outputs/background/n12267677_acorn.JPEG,n12267677_acorn.JPEG,3.673418651434509,0.10841836734693877,5440,179,14.595994251297803,0.7789485269187393,0.6864475556268994,0.8947398248773805,-1.5300487500151987,-2.1154112214084817,0.12231616895110413
../benchmarks/vggnet16_benchmark2022/segmented_outputs/object/n03599486_jinrikisha.JPEG,n03599486_jinrikisha.JPEG,6.702176134554939,0.20326450892857142,10199,472,50.77318071225654,0.547417768063393,0.2673529246020369,0.6956079035143022,6.378555978564066,11.264047852736624,0.12215559062619558
../benchmarks/vggnet16_benchmark2022/segmented_outputs/background/n03388183_fountain_pen.JPEG,n03388183_fountain_pen.JPEG,2.850509490376805,0.06132413903061224,3077,58,5.104125643919173,0.8509580043358114,0.6876178317440786,0.8561530442796211,-3.7805490009983522,-6.276194759933725,0.12195934231833294
../benchmarks/vggnet16_benchmark2022/segmented_outputs/background/n03372029_flute.JPEG,n03372029_flute.JPEG,3.7119506386895385,0.09765625,4900,447,26.44883651479584,0.7997274581751292,0.7009978867950766,0.7989307681231155,-0.41635843498406494,-0.9919869606288568,0.12169749720189285
../benchmarks/vggnet16_benchmark2022/segmented_outputs/object/n03920288_Petri_dish.JPEG,n03920288_Petri_dish.JPEG,7.279251279750915,0.1647999043367347,8269,354,57.906000761165075,0.6167775959558051,0.18855188544359403,0.7191026021131388,5.629838602155749,9.774053776130843,0.12141451107293882
../benchmarks/vggnet16_benchmark2022/segmented_outputs/object/n02128757_snow_leopard.JPEG,n02128757_snow_leopard.JPEG,7.212961149748342,0.2237125318877551,11225,263,17.250127459653744,0.4909506912669574,0.1454649111228699,0.7798530851098682,5.840348978264409,11.276219301616539,0.12123317342804625
../benchmarks/vggnet16_benchmark2022/segmented_outputs/object/n03761084_microwave.JPEG,n03761084_microwave.JPEG,6.17125634171024,0.12250876913265306,6147,176,40.61734025541989,0.7245133699492418,0.32591473949576455,0.8591714037975735,2.130966710568724,4.063238431228388,0.12122532846219447
../benchmarks/vggnet16_benchmark2022/segmented_outputs/background/n04127249_safety_pin.JPEG,n04127249_safety_pin.JPEG,4.51444886416441,0.13360969387755103,6704,552,32.65264369839569,0.7253892872354892,0.5907173991028247,0.7792599647200539,1.9282629365603496,3.1568480884829473,0.12122221894662087
../benchmarks/vggnet16_benchmark2022/segmented_outputs/background/n03937543_pill_bottle.JPEG,n03937543_pill_bottle.JPEG,5.197243474288751,0.13351004464285715,6699,190,19.34989877393962,0.709030350840409,0.48876766462715815,0.8613499320201021,0.8105075624622198,2.018748432959339,0.1211182810570269
../benchmarks/vggnet16_benchmark2022/segmented_outputs/background/n04239074_sliding_door.JPEG,n04239074_sliding_door.JPEG,7.372871942951093,0.22654257015306123,11367,336,48.314280324734185,0.5034476916936543,0.14198031031566846,0.7825991104783898,7.112161663976326,13.182278517613945,0.12085322054726716
../benchmarks/vggnet16_benchmark2022/segmented_outputs/object/n02105162_malinois.JPEG,n02105162_malinois.JPEG,7.219105992997848,0.21008051658163265,10541,526,28.13906388678968,0.5016758517797322,0.1203090467982956,0.6324148632201041,7.064168164340813,12.458104185691168,0.12074047292820099
../benchmarks/vggnet16_benchmark2022/segmented_outputs/background/n02342885_hamster.JPEG,n02342885_hamster.JPEG,2.3627335654685,0.03400031887755102,1706,292,9.932131755243574,0.9241782233328686,0.8512665128602719,0.8179250755899707,-4.3643490999196946,-8.01964532157341,0.1204710942364561
../benchmarks/vggnet16_benchmark2022/segmented_outputs/background/n02667093_abaya.JPEG,n02667093_abaya.JPEG,4.685319269406503,0.05650111607142857,2835,204,10.072300683248903,0.8465625102246329,0.537099747005886,0.807355638263924,-1.8030869939601954,-3.305494560296253,0.12046490699471828
../benchmarks/vggnet16_benchmark2022/segmented_outputs/object/n04146614_school_bus.JPEG,n04146614_school_bus.JPEG,7.341226902939328,0.2282764668367347,11454,125,39.818462368068026,0.5006837396274291,0.16076887120662975,0.8477714676182962,5.958544744119334,11.714328775443672,0.1204639560710904
../benchmarks/vggnet16_benchmark2022/segmented_outputs/background/n13040303_stinkhorn.JPEG,n13040303_stinkhorn.JPEG,5.81056164591349,0.16782924107142858,8421,244,40.02064723448696,0.6497784690969682,0.4064499317334973,0.8687590524875648,3.0860618276774985,6.06969850639182,0.12034259163880046
../benchmarks/vggnet16_benchmark2022/segmented_outputs/object/n03792972_mountain_tent.JPEG,n03792972_mountain_tent.JPEG,7.29243204498942,0.2749720982142857,13797,508,26.552991384545816,0.43103111935559957,0.15127960796014223,0.8674782040851297,8.26397359401556,15.767818222642134,0.12017268736283496
../benchmarks/vggnet16_benchmark2022/segmented_outputs/object/n02939185_caldron.JPEG,n02939185_caldron.JPEG,6.164268908635907,0.1104312818877551,5541,481,30.729614746805456,0.7403925518470147,0.32838574581785424,0.7657778774211628,2.7792404924514367,4.485513071837952,0.12017004258457865
../benchmarks/vggnet16_benchmark2022/segmented_outputs/background/n04116512_rubber_eraser.JPEG,n04116512_rubber_eraser.JPEG,2.8060850990559727,0.06483179209183673,3253,406,22.443624379687314,0.8579756846765829,0.7835526337325218,0.7606279092671145,-2.2211426121635736,-4.416111682597805,0.12014584525047392
../benchmarks/vggnet16_benchmark2022/segmented_outputs/background/n01632458_spotted_salamander.JPEG,n01632458_spotted_salamander.JPEG,4.013663246776333,0.11455676020408163,5748,519,35.069268442570205,0.7699937233149472,0.6472635216191214,0.7943653295450686,0.8955051247779244,1.265677621304696,0.12001171968909638
../benchmarks/vggnet16_benchmark2022/segmented_outputs/object/n04238763_slide_rule.JPEG,n04238763_slide_rule.JPEG,6.443070282829343,0.1594188456632653,7999,126,11.540567535156134,0.6061323637678293,0.21650098803644996,0.7568622590967149,2.865024096147298,5.711337687778174,0.11953458166493017
../benchmarks/vggnet16_benchmark2022/segmented_outputs/background/n01755581_diamondback.JPEG,n01755581_diamondback.JPEG,2.6333455300699242,0.050123565051020405,2515,253,16.31417298610139,0.9041271263331915,0.8145004176308801,0.876456126921958,-3.719479985158591,-6.597341203597261,0.11945644770654877
../benchmarks/vggnet16_benchmark2022/segmented_outputs/object/n02883205_bow_tie.JPEG,n02883205_bow_tie.JPEG,6.097695316482749,0.13171635841836735,6609,509,40.861423222353366,0.6788191383413185,0.34629979244792797,0.6425944391043141,3.806334431388579,6.033230577898053,0.11918427922515218
../benchmarks/vggnet16_benchmark2022/segmented_outputs/object/n03291819_envelope.JPEG,n03291819_envelope.JPEG,6.918955194296546,0.1492546237244898,7489,498,24.95857219386596,0.6523588468753515,0.2060391557918868,0.7582093063915263,4.561883893489014,7.931365557230316,0.11886754411151669
../benchmarks/vggnet16_benchmark2022/segmented_outputs/object/n03623198_knee_pad.JPEG,n03623198_knee_pad.JPEG,5.081465004759004,0.0869140625,4361,92,30.338164529426038,0.7807356862716255,0.47219225621379546,0.7880845218260557,-0.38103636747644104,-0.6013426713789851,0.11880215931505181
../benchmarks/vggnet16_benchmark2022/segmented_outputs/background/n03733805_measuring_cup.JPEG,n03733805_measuring_cup.JPEG,6.576521099782824,0.17998644770408162,9031,448,33.60074368940948,0.6001454806909721,0.232104160750269,0.7749387018512455,5.1735705662565525,9.336226947230948,0.11864794346488979
../benchmarks/vggnet16_benchmark2022/segmented_outputs/background/n02104365_schipperke.JPEG,n02104365_schipperke.JPEG,5.208615669725038,0.1359016262755102,6819,434,36.43464196263295,0.7128363018629282,0.5182016256606113,0.7907101177164761,2.2196277162634943,3.8331996766730665,0.11837621630727731
../benchmarks/vggnet16_benchmark2022/segmented_outputs/object/n04517823_vacuum.JPEG,n04517823_vacuum.JPEG,5.845367838653867,0.14690290178571427,7371,245,48.3618424311,0.6854545494879126,0.36491746996068175,0.8435022006176568,2.97861531459506,5.572668806252567,0.11808995279325352
../benchmarks/vggnet16_benchmark2022/segmented_outputs/object/n03788195_mosque.JPEG,n03788195_mosque.JPEG,6.999886661869493,0.18500876913265307,9283,312,27.515316338992275,0.5695241238538009,0.18228388762842884,0.7475412305772886,5.057142381375973,9.334642824421266,0.11799692160837823
../benchmarks/vggnet16_benchmark2022/segmented_outputs/object/n03868242_oxcart.JPEG,n03868242_oxcart.JPEG,5.844663245499921,0.14494977678571427,7273,199,28.744631954400536,0.6618087454950162,0.4132906775499744,0.7557758627453874,2.132972381774119,4.05421468069685,0.11767948666754816
../benchmarks/vggnet16_benchmark2022/segmented_outputs/object/n01819313_sulphur-crested_cockatoo.JPEG,n01819313_sulphur-crested_cockatoo.JPEG,7.250779285631339,0.2482860331632653,12458,435,26.117918663072796,0.4767005912376055,0.14678927782468085,0.8588531406783694,7.271842989537737,13.884971748279618,0.11712316037773908
../benchmarks/vggnet16_benchmark2022/segmented_outputs/object/n01532829_house_finch.JPEG,n01532829_house_finch.JPEG,5.703637388797214,0.035455197704081634,1779,93,8.263799887996718,0.8916838240006594,0.3401829795256809,0.9247052800531945,-1.759431938771505,-2.953032443398495,0.11660341571119573
../benchmarks/vggnet16_benchmark2022/segmented_outputs/background/n01580077_jay.JPEG,n01580077_jay.JPEG,4.974401829562238,0.1459064094387755,7321,408,20.88231658488381,0.7060804862022394,0.5471075249827544,0.8674569600212705,1.6365889299223495,3.263957238447747,0.11587651910269878
../benchmarks/vggnet16_benchmark2022/segmented_outputs/object/n02112706_Brabancon_griffon.JPEG,n02112706_Brabancon_griffon.JPEG,7.706705613975972,0.2749720982142857,13797,600,25.333105185676672,0.4260707088581177,0.08807277895075748,0.842589575210074,9.03255647217945,16.91483025930031,0.11586821817626076
../benchmarks/vggnet16_benchmark2022/segmented_outputs/object/n07720875_bell_pepper.JPEG,n07720875_bell_pepper.JPEG,5.321450528708388,0.04436383928571429,2226,408,7.368174568005033,0.8958924731302442,0.4461079943990873,0.9015064090930627,-0.9530007165200591,-1.9707487928469614,0.11584550079467104
../benchmarks/vggnet16_benchmark2022/segmented_outputs/object/n04548280_wall_clock.JPEG,n04548280_wall_clock.JPEG,6.822481953028088,0.05470742984693878,2745,420,10.992570861856423,0.8315646922685307,0.25422593098387514,0.7690780757284379,1.071068301900511,1.2297347302654313,0.11541202041622242
../benchmarks/vggnet16_benchmark2022/segmented_outputs/object/n04162706_seat_belt.JPEG,n04162706_seat_belt.JPEG,5.697837687128167,0.09821428571428571,4928,183,41.505199089871965,0.7807312982059533,0.4653218616038283,0.8398482409780237,0.7565796339902231,1.372922977217336,0.1152045540912479
../benchmarks/vggnet16_benchmark2022/segmented_outputs/object/n03814906_necklace.JPEG,n03814906_necklace.JPEG,6.539440380409075,0.08735251913265306,4383,519,25.94853023492707,0.7682339741738017,0.27822972658658635,0.7045598073203904,2.606494719488135,3.7914923766989665,0.11510948037816611
../benchmarks/vggnet16_benchmark2022/segmented_outputs/background/n04004767_printer.JPEG,n04004767_printer.JPEG,3.122362771995631,0.0647720025510204,3250,140,24.914897330747102,0.8557614915452545,0.7151109554398623,0.8314292618503982,-2.8300848102166323,-4.93858594670623,0.11504664733363532
../benchmarks/vggnet16_benchmark2022/segmented_outputs/background/n02112706_Brabancon_griffon.JPEG,n02112706_Brabancon_griffon.JPEG,2.7214039025772645,0.07457748724489796,3742,437,18.829035302596104,0.8481204035164043,0.778587267967726,0.7935188021240811,-2.0104035058501726,-3.887352339452943,0.1150380512229259
../benchmarks/vggnet16_benchmark2022/segmented_outputs/object/n03160309_dam.JPEG,n03160309_dam.JPEG,7.198096030482642,0.1679089604591837,8425,400,21.066335201508252,0.5946680610194994,0.14397198547963475,0.7129650526610369,5.030194216102377,8.966258949182512,0.11487773645791322
../benchmarks/vggnet16_benchmark2022/segmented_outputs/object/n01664065_loggerhead.JPEG,n01664065_loggerhead.JPEG,7.6407701134228105,0.2782007334183674,13959,653,24.258509657676854,0.39909315561573633,0.074604397285576,0.7434165413638967,9.458095030609485,17.369328196288894,0.11473159489674849
../benchmarks/vggnet16_benchmark2022/segmented_outputs/object/n01695060_Komodo_dragon.JPEG,n01695060_Komodo_dragon.JPEG,7.076320899636591,0.21631855867346939,10854,331,39.62549457803496,0.5311300345918998,0.23362851062350237,0.7949762876188596,6.039576951725389,11.317523654390865,0.11462980409502709
../benchmarks/vggnet16_benchmark2022/segmented_outputs/background/n11879895_rapeseed.JPEG,n11879895_rapeseed.JPEG,1.3772841081231504,0.03144929846938776,1578,132,7.0004050053667815,0.9361299925089015,0.900383391264807,0.8660472753343845,-5.780655803811775,-10.097999604788278,0.11448713736831459
../benchmarks/vggnet16_benchmark2022/segmented_outputs/object/n01728572_thunder_snake.JPEG,n01728572_thunder_snake.JPEG,5.581979150253305,0.17948820153061223,9006,487,23.028093079120417,0.6338052692165442,0.45735864280436167,0.8416329290640213,3.5516274511320183,6.699244896693087,0.11411681807508553
../benchmarks/vggnet16_benchmark2022/segmented_outputs/background/n12057211_yellow_lady's_slipper.JPEG,n12057211_yellow_lady's_slipper.JPEG,6.432612141527922,0.2462531887755102,12356,676,57.56253560598121,0.504564211914005,0.3324957243261299,0.7724728481600447,7.968750585374973,14.280950065092934,0.11378910855751827
../benchmarks/vggnet16_benchmark2022/segmented_outputs/object/n03062245_cocktail_shaker.JPEG,n03062245_cocktail_shaker.JPEG,7.141990674472895,0.16442123724489796,8250,577,20.631006352593076,0.6191070883076564,0.1559222161659266,0.7403817524029632,5.463839131092988,9.514620313668448,0.11370738088303954
../benchmarks/vggnet16_benchmark2022/segmented_outputs/object/n04443257_tobacco_shop.JPEG,n04443257_tobacco_shop.JPEG,6.742586235839426,0.21223294005102042,10649,410,67.67326839948443,0.5497780512110585,0.2571573828491116,0.7578854211789616,6.81035579730785,12.219146214086,0.11331707074988095
../benchmarks/vggnet16_benchmark2022/segmented_outputs/background/n03804744_nail.JPEG,n03804744_nail.JPEG,3.0684795862983307,0.054368622448979595,2728,16,28.78823851592808,0.8852728862524935,0.5823963354464905,0.9384477854329971,-3.06822420078743,-4.989379311629978,0.11297697072655358
../benchmarks/vggnet16_benchmark2022/segmented_outputs/object/n04141327_scabbard.JPEG,n04141327_scabbard.JPEG,5.031124312430654,0.07950015943877552,3989,69,3.1250172997148264,0.8029048547472295,0.4373701119383242,0.8831045137007085,-1.4295849078069753,-2.00364809955135,0.11252500604544033
../benchmarks/vggnet16_benchmark2022/segmented_outputs/object/n03866082_overskirt.JPEG,n03866082_overskirt.JPEG,7.058579086545054,0.13765545280612246,6907,58,64.19587880057699,0.6455696500010195,0.170820793385275,0.6728720809106199,4.015619412190405,6.982794985296177,0.11227589382235403
../benchmarks/vggnet16_benchmark2022/segmented_outputs/object/n03666591_lighter.JPEG,n03666591_lighter.JPEG,6.508046611413106,0.1104312818877551,5541,116,45.787767855280705,0.7051596137646325,0.23060626954163224,0.700382649967924,2.477426400245201,4.198123693177018,0.1118705487840717
../benchmarks/vggnet16_benchmark2022/segmented_outputs/object/n07753592_banana.JPEG,n07753592_banana.JPEG,7.288410874981285,0.2620376275510204,13148,642,67.4332654920979,0.4487111933746519,0.18745093758283599,0.70140948150783,9.596285145661508,17.039592188724942,0.11132894277567607
../benchmarks/vggnet16_benchmark2022/segmented_outputs/object/n03843555_oil_filter.JPEG,n03843555_oil_filter.JPEG,4.212837187560349,0.04707429846938776,2362,126,5.84209712976378,0.8815521380573481,0.5168302539152723,0.9013654918165628,-2.70963221624929,-4.556129325921844,0.11119923385260831
../benchmarks/vggnet16_benchmark2022/segmented_outputs/background/n01518878_ostrich.JPEG,n01518878_ostrich.JPEG,2.726986191973173,0.06845902423469388,3435,169,15.01659600316454,0.865544039150054,0.7938148593494366,0.883240645732827,-3.469630652263012,-5.8513695688592655,0.11111248896100416
../benchmarks/vggnet16_benchmark2022/segmented_outputs/object/n03141823_crutch.JPEG,n03141823_crutch.JPEG,4.7065209781206585,0.09217554209183673,4625,50,25.978242786872503,0.7753621677732505,0.4917705025854323,0.8096449605929934,-0.7894106569789574,-1.1032258402977861,0.1109519028702847
../benchmarks/vggnet16_benchmark2022/segmented_outputs/background/n02483362_gibbon.JPEG,n02483362_gibbon.JPEG,6.440830781833631,0.19650829081632654,9860,521,49.81623880377116,0.5957448037173055,0.30689715713538035,0.8100715932108344,5.894713448491947,10.596779976915228,0.11067408521029705
../benchmarks/vggnet16_benchmark2022/segmented_outputs/background/n02974003_car_wheel.JPEG,n02974003_car_wheel.JPEG,1.7507491737963194,0.04221141581632653,2118,151,11.387029445037337,0.9124270384605597,0.8534537368883947,0.8521789502631452,-4.939603094482665,-8.639672419848964,0.11007085950770601
../benchmarks/vggnet16_benchmark2022/segmented_outputs/background/n03000684_chain_saw.JPEG,n03000684_chain_saw.JPEG,5.26307695979272,0.17119738520408162,8590,340,50.44644744311875,0.6490715779927401,0.477563851296033,0.8105081068151532,3.362541959499989,6.229082995301552,0.10992430899989561
../benchmarks/vggnet16_benchmark2022/segmented_outputs/background/n04591713_wine_bottle.JPEG,n04591713_wine_bottle.JPEG,6.32963465994032,0.19423628826530612,9746,492,63.468660542832914,0.5911027337386552,0.3489552471965235,0.7363383377641595,5.979628070936377,10.468247509134578,0.10961364858707169
../benchmarks/vggnet16_benchmark2022/segmented_outputs/background/n07760859_custard_apple.JPEG,n07760859_custard_apple.JPEG,3.812770557811058,0.10867745535714286,5453,311,27.99079744443205,0.7847036689630902,0.6600529234847056,0.8565290674925943,-0.46786102623381004,-0.6495291939070745,0.1093009704281235
../benchmarks/vggnet16_benchmark2022/segmented_outputs/background/n07565083_menu.JPEG,n07565083_menu.JPEG,1.1180500101687585,0.02060746173469388,1034,73,11.03076211353827,0.9544675483294371,0.9250441137830396,0.8456316817023678,-6.369022320497394,-11.213382648220177,0.10890108443249272
../benchmarks/vggnet16_benchmark2022/segmented_outputs/object/n01795545_black_grouse.JPEG,n01795545_black_grouse.JPEG,6.729375754400811,0.17867107780612246,8965,211,14.492697927138913,0.6141701672542147,0.2648526555524251,0.8984727378750925,3.4614501464216394,7.119761278171179,0.10864925610930264
../benchmarks/vggnet16_benchmark2022/segmented_outputs/object/n04486054_triumphal_arch.JPEG,n04486054_triumphal_arch.JPEG,6.776493551130711,0.20264668367346939,10168,182,39.776216828155896,0.5576238225471292,0.277640748637743,0.8088224556528077,4.786012288173746,9.259265303227753,0.10827294367240195
../benchmarks/vggnet16_benchmark2022/segmented_outputs/background/n04147183_schooner.JPEG,n04147183_schooner.JPEG,3.7458502363899173,0.10499043367346939,5268,190,37.73267900884204,0.7861412221502075,0.6970884260565655,0.8297148591822674,-0.8971420399392254,-1.4077823499415025,0.10798966668452907
../benchmarks/vggnet16_benchmark2022/segmented_outputs/object/n04591713_wine_bottle.JPEG,n04591713_wine_bottle.JPEG,6.354352447154374,0.20454001913265307,10263,428,71.2717081447417,0.5691037247093234,0.3357616647860889,0.730695719136409,6.306337711672514,11.149853002981931,0.10760621161495376
../benchmarks/vggnet16_benchmark2022/segmented_outputs/object/n07749582_lemon.JPEG,n07749582_lemon.JPEG,6.089102395495381,0.16477997448979592,8268,621,19.337604982797785,0.6392821247156366,0.36525949876932073,0.7396757914708123,4.277403627308604,7.400754545386338,0.10751420811803825
../benchmarks/vggnet16_benchmark2022/segmented_outputs/background/n02797295_barrow.JPEG,n02797295_barrow.JPEG,4.141512606574151,0.12683354591836735,6364,281,31.2493997801094,0.7332727990594767,0.6183672309118192,0.7988440563957189,0.3864617961707544,0.864415196487136,0.10673466921226167
../benchmarks/vggnet16_benchmark2022/segmented_outputs/object/n04461696_tow_truck.JPEG,n04461696_tow_truck.JPEG,6.183446652745268,0.1917450573979592,9621,342,41.450400315563826,0.5998403770259647,0.3619109036073938,0.8241472902269111,4.509619041343697,8.491517929649365,0.10652245674592721
../benchmarks/vggnet16_benchmark2022/segmented_outputs/background/n01685808_whiptail.JPEG,n01685808_whiptail.JPEG,6.6169706533849055,0.21653778698979592,10865,141,35.71681665310715,0.5239254691227085,0.2293760029193198,0.8093032033667575,5.0389548341410615,9.935293737163889,0.1059102625847351
../benchmarks/vggnet16_benchmark2022/segmented_outputs/background/n01629819_European_fire_salamander.JPEG,n01629819_European_fire_salamander.JPEG,5.248617661282989,0.18712133290816327,9389,651,50.00646605713007,0.6308294848095808,0.49045939934409577,0.777320187433872,4.908794179592382,8.543114764300855,0.105775500305198
../benchmarks/vggnet16_benchmark2022/segmented_outputs/masks/n02992529_cellular_telephone_mask.png,n02992529_cellular_telephone_mask.png,0.4279752452522013,0.010762117346938776,540,2,8.64126171661902,0.991017399462974,0.9151303315343788,0.9406344552121346,-7.330699374114522,-12.575081002259882,0.10561110611183931
../benchmarks/vggnet16_benchmark2022/segmented_outputs/background/n04560804_water_jug.JPEG,n04560804_water_jug.JPEG,2.0935446180012014,0.04880819515306122,2449,260,13.763083452834799,0.9019062218576498,0.8429681033234099,0.8292514985022947,-4.089709370246233,-7.346357534889219,0.10559998827659843
../benchmarks/vggnet16_benchmark2022/segmented_outputs/object/n01494475_hammerhead.JPEG,n01494475_hammerhead.JPEG,6.535651200089175,0.1748644770408163,8774,206,9.36550826972094,0.6199790162075609,0.28577464107930384,0.8903939978984426,3.0390369054280204,6.378726189928786,0.10516976033277438
../benchmarks/vggnet16_benchmark2022/segmented_outputs/background/n03785016_moped.JPEG,n03785016_moped.JPEG,6.069779650546623,0.2179328762755102,10935,735,111.90983187444576,0.5699497110554771,0.2604254700151614,0.7132129911469085,9.1524774626781,15.48232856215463,0.10491860056013286
../benchmarks/vggnet16_benchmark2022/segmented_outputs/background/n04049303_rain_barrel.JPEG,n04049303_rain_barrel.JPEG,3.0727239168379277,0.08470184948979592,4250,136,15.367718574712756,0.8265568039299104,0.73624403242468,0.8708259702664068,-2.7538942135217592,-4.450671328532609,0.10489345742800396
../benchmarks/vggnet16_benchmark2022/segmented_outputs/object/n02870880_bookcase.JPEG,n02870880_bookcase.JPEG,7.677467600069697,0.2816685267857143,14133,652,75.58601180314139,0.3934358781726428,0.09972371991005799,0.6306706100267834,11.006121389212728,19.415871810717743,0.10471722064179678
../benchmarks/vggnet16_benchmark2022/segmented_outputs/masks/n02128385_leopard_mask.png,n02128385_leopard_mask.png,0.338223728085058,0.00994499362244898,499,2,7.156164106580009,0.99256115997237,0.9379652251762434,0.9338711986231791,-7.519220430066395,-12.91825428338752,0.10455182117918826
../benchmarks/vggnet16_benchmark2022/segmented_outputs/object/n02276258_admiral.JPEG,n02276258_admiral.JPEG,4.797022703249667,0.13498485331632654,6773,127,57.9803986458863,0.710040361461845,0.48006731988800627,0.80127553455474,1.615009291788478,3.1013946755320125,0.10425817575334871
../benchmarks/vggnet16_benchmark2022/segmented_outputs/masks/n02096294_Australian_terrier_mask.png,n02096294_Australian_terrier_mask.png,0.48313762170581964,0.011559311224489796,580,2,9.405390213064528,0.9902230870966064,0.8983626809131582,0.9465121821257757,-7.205384504487352,-12.339018603688864,0.10415532452991418
../benchmarks/vggnet16_benchmark2022/segmented_outputs/background/n02939185_caldron.JPEG,n02939185_caldron.JPEG,4.987738350213275,0.1394889987244898,6999,402,31.97822900212662,0.7141225959962805,0.548567361120989,0.8135385644029716,1.8000606859958512,3.2748530949612924,0.10376506472243568
../benchmarks/vggnet16_benchmark2022/segmented_outputs/object/n03109150_corkscrew.JPEG,n03109150_corkscrew.JPEG,6.13370973154778,0.07386001275510204,3706,199,9.883968607388644,0.7923347134051222,0.3823697703770801,0.7559226203033073,-0.08347016614653946,-0.3185285965004092,0.10328481855864105
../benchmarks/vggnet16_benchmark2022/segmented_outputs/object/n02085620_Chihuahua.JPEG,n02085620_Chihuahua.JPEG,5.075615006570409,0.14841757015306123,7447,563,26.451212274042447,0.6832597438164394,0.49575857520208655,0.7409652215569846,2.849043128845577,4.818207970348547,0.10313505155343305
../benchmarks/vggnet16_benchmark2022/segmented_outputs/background/n02486261_patas.JPEG,n02486261_patas.JPEG,2.989117999381762,0.06656568877551021,3340,108,22.344996685647867,0.8542365989581717,0.744691075875822,0.8267292020604257,-3.1655332361036628,-5.456089317881372,0.10260817955717155
../benchmarks/vggnet16_benchmark2022/segmented_outputs/background/n01742172_boa_constrictor.JPEG,n01742172_boa_constrictor.JPEG,2.7678874739055868,0.03411989795918367,1712,180,8.855193172453198,0.9223778430560405,0.7982081077017575,0.8387935385599026,-4.4798915715815895,-8.010539512137871,0.10249005626628158
../benchmarks/vggnet16_benchmark2022/segmented_outputs/background/n03485794_handkerchief.JPEG,n03485794_handkerchief.JPEG,2.1625401209294477,0.04669563137755102,2343,41,30.179477765568084,0.911428835110739,0.7501019634226684,0.905226856760035,-4.192464546764598,-7.142742428799419,0.10246115249956339
../benchmarks/vggnet16_benchmark2022/segmented_outputs/object/n03854065_organ.JPEG,n03854065_organ.JPEG,7.325441375501676,0.24631297831632654,12359,339,55.47652165806079,0.46176004474444854,0.13934750442469365,0.7305266203220893,7.887774402781336,14.521518609759486,0.10240782808517261
../benchmarks/vggnet16_benchmark2022/segmented_outputs/object/n03016953_chiffonier.JPEG,n03016953_chiffonier.JPEG,6.198613340600598,0.16755022321428573,8407,244,36.65475487725039,0.6410330693327404,0.3124706503835023,0.8451627311451415,3.543796475524727,6.829345809563901,0.10209293041207523
../benchmarks/vggnet16_benchmark2022/segmented_outputs/object/n03930313_picket_fence.JPEG,n03930313_picket_fence.JPEG,6.445589075852101,0.23240194515306123,11661,643,40.32001679839932,0.5071065224195053,0.31076066700033544,0.700428647595903,7.1801959513343725,12.774391811356994,0.10202419229590959
../benchmarks/vggnet16_benchmark2022/segmented_outputs/masks/n04592741_wing_mask.png,n04592741_wing_mask.png,0.4555477110091221,0.01167889030612245,586,2,7.372483359688857,0.9923362958838993,0.9066051619967495,0.9549777475930632,-7.320202398150368,-12.50173456834566,0.10199918564489695
../benchmarks/vggnet16_benchmark2022/segmented_outputs/object/n03937543_pill_bottle.JPEG,n03937543_pill_bottle.JPEG,5.612945285843773,0.10349569515306123,5193,122,17.223163550424967,0.752185906079242,0.3588106143509689,0.8384630865832341,0.4096550515543505,1.1094224544939966,0.10089964291030015
../benchmarks/vggnet16_benchmark2022/segmented_outputs/background/n03394916_French_horn.JPEG,n03394916_French_horn.JPEG,6.126618875083807,0.18993144132653061,9530,462,64.82815686152681,0.6110693324484814,0.34943086112637156,0.7801204117830038,5.630397066286639,9.976091680129997,0.10081078192747235
../benchmarks/vggnet16_benchmark2022/segmented_outputs/background/n01796340_ptarmigan.JPEG,n01796340_ptarmigan.JPEG,2.064755700868809,0.04510124362244898,2263,144,8.724353668163229,0.8986422739421984,0.8344341094936979,0.8193748218783568,-4.725952661027635,-8.309527177372319,0.10073660092093495
../benchmarks/vggnet16_benchmark2022/segmented_outputs/background/n04344873_studio_couch.JPEG,n04344873_studio_couch.JPEG,5.107993895902277,0.09123883928571429,4578,254,33.443106794371715,0.7789604199945942,0.5049406354580208,0.7363049964371664,0.33061871771158824,0.28081656732757265,0.10071392697343418
../benchmarks/vggnet16_benchmark2022/segmented_outputs/background/n04458633_totem_pole.JPEG,n04458633_totem_pole.JPEG,6.544849933850266,0.2080676020408163,10440,617,72.57877085443633,0.5643078846277405,0.31272160433222956,0.6888294317484631,7.356947158476994,12.62244064951184,0.10052688826673366
../benchmarks/vggnet16_benchmark2022/segmented_outputs/background/n03400231_frying_pan.JPEG,n03400231_frying_pan.JPEG,2.9386793073540725,0.06100526147959184,3061,189,27.011181477360523,0.8664762333277211,0.7556728486018423,0.7970149263848423,-2.9169517502819304,-5.299310902595495,0.10020099607703344
../benchmarks/vggnet16_benchmark2022/segmented_outputs/object/n03929660_pick.JPEG,n03929660_pick.JPEG,7.062471246352029,0.21010044642857142,10542,537,93.07923521282703,0.5072200173556365,0.1408895822974583,0.49822675893087603,8.893179308564662,14.799696920977018,0.10019036069132987
../benchmarks/vggnet16_benchmark2022/segmented_outputs/object/n04208210_shovel.JPEG,n04208210_shovel.JPEG,4.999384036236844,0.15336017219387754,7695,587,32.119744345049185,0.7004082954639949,0.5340797037866707,0.8235183208274811,2.9083699402172276,5.097628398078968,0.10001432058164358
../benchmarks/vggnet16_benchmark2022/segmented_outputs/masks/n04149813_scoreboard_mask.png,n04149813_scoreboard_mask.png,0.5211058842083673,0.012356505102040817,620,2,9.341009630435781,0.9902900107791728,0.885662850722019,0.9527935342116309,-7.13258823245487,-12.187604402049674,0.09992586384077352
../benchmarks/vggnet16_benchmark2022/segmented_outputs/object/n03676483_lipstick.JPEG,n03676483_lipstick.JPEG,3.847967913361694,0.08579799107142858,4305,276,25.725702166798197,0.8197948221072056,0.6489578431891185,0.821993678385358,-1.18325797112321,-2.1258769543015186,0.09969601884740728
../benchmarks/vggnet16_benchmark2022/segmented_outputs/background/n01770081_harvestman.JPEG,n01770081_harvestman.JPEG,2.806674678107375,0.07087053571428571,3556,272,31.491609066466864,0.8576212184496623,0.765967496568596,0.8068402062248963,-2.3321729870366266,-4.311879668627724,0.09938474236445105
../benchmarks/vggnet16_benchmark2022/segmented_outputs/background/n04326547_stone_wall.JPEG,n04326547_stone_wall.JPEG,4.31932068248545,0.12470105229591837,6257,335,43.04825889347934,0.752520710349996,0.5888011750817874,0.8304148698183809,0.990926696158061,1.812640379405245,0.09930962711641139
../benchmarks/vggnet16_benchmark2022/segmented_outputs/object/n04606251_wreck.JPEG,n04606251_wreck.JPEG,7.569077037390141,0.22863520408163265,11472,214,21.96490097558255,0.49473681329615316,0.11238356354968924,0.8265156762634733,6.096850433103095,11.908780111515318,0.09910323703046191
../benchmarks/vggnet16_benchmark2022/segmented_outputs/object/n01622779_great_grey_owl.JPEG,n01622779_great_grey_owl.JPEG,7.286777648427815,0.20872528698979592,10473,305,35.22734053143131,0.5393995840820599,0.1436526401746197,0.7936898690474862,6.061793564909298,11.363133008626166,0.099029690178428
../benchmarks/vggnet16_benchmark2022/segmented_outputs/object/n03595614_jersey.JPEG,n03595614_jersey.JPEG,7.004664029441464,0.15294164540816327,7674,214,23.41405078643609,0.6127026957216144,0.17378709985957935,0.6774944595339166,3.8211467413615283,6.879050353806029,0.0989102215796179
../benchmarks/vggnet16_benchmark2022/segmented_outputs/object/n03417042_garbage_truck.JPEG,n03417042_garbage_truck.JPEG,6.188041117854963,0.1637236926020408,8215,16,39.527751015697405,0.6381493542077771,0.3135233413871602,0.8482166346934692,2.6574438880873696,5.558475897698145,0.0987410505218058
../benchmarks/vggnet16_benchmark2022/segmented_outputs/background/n07248320_book_jacket.JPEG,n07248320_book_jacket.JPEG,2.0749015836162013,0.04332748724489796,2174,154,14.098586662901067,0.9086684462477549,0.8445509277005072,0.8294994039024839,-4.647269395071322,-8.219797655881896,0.09859930748235082
../benchmarks/vggnet16_benchmark2022/segmented_outputs/background/n04026417_purse.JPEG,n04026417_purse.JPEG,2.9919801215732424,0.07629145408163265,3828,87,21.226927243661777,0.8261581719658689,0.7190969684430872,0.7970507296977933,-2.864784379604084,-4.87708017294386,0.09852485972824311
../benchmarks/vggnet16_benchmark2022/segmented_outputs/object/n02892201_brass.JPEG,n02892201_brass.JPEG,6.864068985823188,0.2450374681122449,12295,195,16.163351157999653,0.47574660341745095,0.17774446776748315,0.8708899910263478,5.688034959215107,11.55125195485292,0.098024031579494
../benchmarks/vggnet16_benchmark2022/segmented_outputs/background/n03899768_patio.JPEG,n03899768_patio.JPEG,5.242179340008459,0.1431560905612245,7183,253,34.65316817474473,0.7029843519251294,0.5087482822040658,0.8357679175979136,1.6502003873942854,3.290059217570253,0.09783767708854052
../benchmarks/vggnet16_benchmark2022/segmented_outputs/background/n04252077_snowmobile.JPEG,n04252077_snowmobile.JPEG,4.27274793297894,0.10435267857142858,5236,339,30.32652230554337,0.7677640808447367,0.604254400058825,0.7412205732749249,0.14711815750723875,0.015896958483962664,0.09779870230490872
../benchmarks/vggnet16_benchmark2022/segmented_outputs/background/n02417914_ibex.JPEG,n02417914_ibex.JPEG,5.9715340962637224,0.20442044005102042,10257,216,36.17054695716188,0.5683280750697568,0.3579133397586223,0.8246978425268823,4.159153327884917,8.225574480272412,0.09776095052745921
../benchmarks/vggnet16_benchmark2022/segmented_outputs/object/n01773797_garden_spider.JPEG,n01773797_garden_spider.JPEG,7.431510008066848,0.2692123724489796,13508,606,13.028432413132622,0.44788463355838565,0.11881280858439203,0.8763648299606208,8.24065131757456,15.658938738525567,0.09752573545284843
../benchmarks/vggnet16_benchmark2022/segmented_outputs/background/n02105056_groenendael.JPEG,n02105056_groenendael.JPEG,4.73786715669536,0.10070551658163265,5053,226,25.688405598195036,0.7711502665205465,0.5495928940545471,0.7828449771818695,-0.13940003844603202,-0.22638289254817962,0.09745454071147575
../benchmarks/vggnet16_benchmark2022/segmented_outputs/background/n01697457_African_crocodile.JPEG,n01697457_African_crocodile.JPEG,4.370426736984779,0.1309390943877551,6570,204,26.87557098061422,0.7275225357536348,0.5934420609369608,0.8337662799120061,0.22253884535442417,0.8402041621337899,0.09728885855522024
../benchmarks/vggnet16_benchmark2022/segmented_outputs/background/n02747177_ashcan.JPEG,n02747177_ashcan.JPEG,3.027809761142981,0.10000797193877552,5018,397,10.10439503228396,0.796101714586874,0.7435013175635146,0.7982614257477052,-1.4792124146739052,-2.607903995094902,0.0972183295411475
../benchmarks/vggnet16_benchmark2022/segmented_outputs/background/n03930630_pickup.JPEG,n03930630_pickup.JPEG,3.2366320163505566,0.08611686862244898,4321,135,33.93240266544065,0.8197151050154506,0.698767656910301,0.8218532513994439,-1.928116086734978,-3.2630278967078126,0.09716996604888466
../benchmarks/vggnet16_benchmark2022/segmented_outputs/background/n03954731_plane.JPEG,n03954731_plane.JPEG,4.7938982709870865,0.09596221301020408,4815,110,9.981626841275162,0.770857506282518,0.5194707139146466,0.8104896967298363,-1.015992107587738,-1.439953191036115,0.09701074540439449
../benchmarks/vggnet16_benchmark2022/segmented_outputs/object/n07614500_ice_cream.JPEG,n07614500_ice_cream.JPEG,7.26843307079951,0.09315210459183673,4674,309,29.471982371043737,0.761849095473141,0.21606322471003458,0.7726442237585607,2.504324148407134,4.085741502316282,0.09598551105316443
../benchmarks/vggnet16_benchmark2022/segmented_outputs/background/n04487081_trolleybus.JPEG,n04487081_trolleybus.JPEG,1.760303790836883,0.0380859375,1911,178,10.928531781321292,0.9200153210703017,0.8773205320559749,0.8189615376108589,-5.040659323861626,-8.98141065919521,0.09597150266079564
../benchmarks/vggnet16_benchmark2022/segmented_outputs/background/n04243546_slot.JPEG,n04243546_slot.JPEG,3.827718104909257,0.10795998086734694,5417,482,32.49123729079481,0.7942372853500526,0.6749437861712326,0.8184890912099908,0.24048305533747316,0.19921566044506278,0.09587987928801871
../benchmarks/vggnet16_benchmark2022/segmented_outputs/masks/n02492035_capuchin_mask.png,n02492035_capuchin_mask.png,0.6459963254791026,0.013352997448979591,670,2,11.273682898744838,0.9882809949077497,0.8475640402556719,0.9564412493876613,-6.853024834977709,-11.69425650829836,0.09535377333908172
../benchmarks/vggnet16_benchmark2022/segmented_outputs/object/n04532106_vestment.JPEG,n04532106_vestment.JPEG,6.479465671432321,0.1581433354591837,7935,463,24.329098632188213,0.6377237347739093,0.2658644837088106,0.7276479856917013,4.227369505996487,7.410489920324662,0.09531687013527336
../benchmarks/vggnet16_benchmark2022/segmented_outputs/object/n02018795_bustard.JPEG,n02018795_bustard.JPEG,6.531634415267847,0.17257254464285715,8659,228,28.459673503870725,0.6105060373849523,0.2707020032553888,0.7808927752637569,3.7848606884316327,7.204109562092922,0.09531255581350136
../benchmarks/vggnet16_benchmark2022/segmented_outputs/object/n03786901_mortar.JPEG,n03786901_mortar.JPEG,7.028697646768453,0.20436065051020408,10254,352,46.334133958314446,0.5480394085587649,0.22365558656681267,0.7289934460240519,6.062713792319543,11.002702914469207,0.09527780145894407
../benchmarks/vggnet16_benchmark2022/segmented_outputs/background/n02454379_armadillo.JPEG,n02454379_armadillo.JPEG,5.955223511585154,0.19210379464285715,9639,170,41.02517463830287,0.5967610210223014,0.29945766187147865,0.8639934629947886,3.975078367582672,7.9388612819764095,0.0952777639601641
../benchmarks/vggnet16_benchmark2022/segmented_outputs/background/n02097658_silky_terrier.JPEG,n02097658_silky_terrier.JPEG,4.684821357278856,0.14441167091836735,7246,493,15.710279530652992,0.714265034280343,0.5388908857997051,0.8543103735084493,1.6729454513111162,3.214105780665033,0.09523527486162046
../benchmarks/vggnet16_benchmark2022/segmented_outputs/background/n02643566_lionfish.JPEG,n02643566_lionfish.JPEG,3.9061598604008605,0.10989317602040816,5514,251,19.360451394658735,0.7823405248122497,0.6784302161750346,0.8644206863065216,-0.9733240773292201,-1.360914493452039,0.09505694153416219
../benchmarks/vggnet16_benchmark2022/segmented_outputs/object/n01798484_prairie_chicken.JPEG,n01798484_prairie_chicken.JPEG,6.897112567525269,0.19981664540816327,10026,344,21.173394606117167,0.543722286710888,0.1415887567766487,0.7479265171633154,5.494870779926942,10.247646223541405,0.0950219063243802
../benchmarks/vggnet16_benchmark2022/segmented_outputs/background/n03791053_motor_scooter.JPEG,n03791053_motor_scooter.JPEG,5.944742079632061,0.2077686543367347,10425,599,62.052850983833835,0.581942410407351,0.3741149862501825,0.7567116588399532,6.3870340920534785,11.22568542130314,0.09454334634769525
../benchmarks/vggnet16_benchmark2022/segmented_outputs/background/n01665541_leatherback_turtle.JPEG,n01665541_leatherback_turtle.JPEG,3.474480757261685,0.10879703443877552,5459,315,35.137213359323894,0.7795254175243619,0.6929227766742433,0.7893419445268341,-0.45773571104167626,-0.8546923229442541,0.0945370913288545
../benchmarks/vggnet16_benchmark2022/segmented_outputs/object/n03770439_miniskirt.JPEG,n03770439_miniskirt.JPEG,5.363799560059943,0.10078523596938775,5057,109,18.034352058592738,0.7631031166889846,0.4158035417224891,0.8361617062062705,-0.04114987281307758,0.3044199925879423,0.09405045503850053
../benchmarks/vggnet16_benchmark2022/segmented_outputs/object/n04380533_table_lamp.JPEG,n04380533_table_lamp.JPEG,6.087685672780113,0.2040417729591837,10238,664,18.58397521893511,0.5816369104283762,0.33164186830835946,0.8035731572927971,5.504308171213991,10.010382557082636,0.09391532598477803
../benchmarks/vggnet16_benchmark2022/segmented_outputs/background/n03538406_horse_cart.JPEG,n03538406_horse_cart.JPEG,6.829075621762191,0.22712053571428573,11396,523,46.281445158214076,0.5143894116164832,0.243695757612153,0.7204682509103388,7.152297507784959,12.849636576146757,0.0933685706383749
../benchmarks/vggnet16_benchmark2022/segmented_outputs/background/n13133613_ear.JPEG,n13133613_ear.JPEG,4.261236731569295,0.13400829081632654,6724,387,43.59926478142403,0.725534793397062,0.6015474863801203,0.764498652576612,1.454953897497696,2.4568681361395415,0.09310964086246078
../benchmarks/vggnet16_benchmark2022/segmented_outputs/background/n03838899_oboe.JPEG,n03838899_oboe.JPEG,3.3531758584107694,0.09355070153061225,4694,182,52.4997901012889,0.8051847079880929,0.6956384827454457,0.7705927475552237,-0.9192162031655304,-1.7811642575550501,0.09305526644285161
../benchmarks/vggnet16_benchmark2022/segmented_outputs/background/n07831146_carbonara.JPEG,n07831146_carbonara.JPEG,3.6783938202445525,0.09153778698979592,4593,441,21.475685649254686,0.829954862581205,0.7209902668596857,0.8473796020562323,-0.9600132955129956,-1.8299266718211245,0.09295233588897302
../benchmarks/vggnet16_benchmark2022/segmented_outputs/object/n02443114_polecat.JPEG,n02443114_polecat.JPEG,6.806533339164418,0.17695711096938777,8879,360,34.44417672274724,0.610609044158207,0.27469985542713177,0.7684618196295065,4.656066248860428,8.482433354126483,0.09131719511911025
../benchmarks/vggnet16_benchmark2022/segmented_outputs/background/n02817516_bearskin.JPEG,n02817516_bearskin.JPEG,2.2879132034905876,0.02423469387755102,1216,119,3.029636126164898,0.9290615493251232,0.8297732533418547,0.7841097210093972,-5.397559639094432,-9.693560719820068,0.09116063267938229
../benchmarks/vggnet16_benchmark2022/segmented_outputs/background/n04328186_stopwatch.JPEG,n04328186_stopwatch.JPEG,2.9047339424659024,0.05269451530612245,2644,163,13.298824593350417,0.879718670656397,0.7374721524447606,0.8112295983613864,-3.5859557580553227,-6.35899820294859,0.09063270213048429
../benchmarks/vggnet16_benchmark2022/segmented_outputs/background/n03459775_grille.JPEG,n03459775_grille.JPEG,5.562872131119139,0.1822185905612245,9143,677,34.51498981410961,0.645325177999955,0.4675579799507764,0.8103524759771152,4.591855345037705,8.097776057866623,0.08920844369474787
../benchmarks/vggnet16_benchmark2022/segmented_outputs/background/n01632777_axolotl.JPEG,n01632777_axolotl.JPEG,4.63069606494133,0.14283721301020408,7167,641,26.677120138755022,0.7292215556689748,0.5967929473690802,0.8199807782068538,2.2449000855003396,3.804991326124384,0.08851307572944989
../benchmarks/vggnet16_benchmark2022/segmented_outputs/object/n02137549_mongoose.JPEG,n02137549_mongoose.JPEG,6.0235106861735215,0.1826769770408163,9166,315,18.04460718489404,0.6242207136510174,0.3634800177449501,0.880582954733933,3.339592752733316,6.735793608132157,0.0879274007960476
../benchmarks/vggnet16_benchmark2022/segmented_outputs/background/n13052670_hen-of-the-woods.JPEG,n13052670_hen-of-the-woods.JPEG,4.4247333194481016,0.15549266581632654,7802,399,24.46539347995866,0.6872942090277984,0.5800562591412657,0.8130797096519999,1.6317169343138689,3.206306685359502,0.0879058496634388
../benchmarks/vggnet16_benchmark2022/segmented_outputs/object/n02799071_baseball.JPEG,n02799071_baseball.JPEG,5.978719580808862,0.13767538265306123,6908,178,60.12494282243759,0.7045873090250103,0.3197433209722843,0.8220158241860902,3.028133567884706,5.527689950931337,0.08779059919359593
../benchmarks/vggnet16_benchmark2022/segmented_outputs/object/n03637318_lampshade.JPEG,n03637318_lampshade.JPEG,5.610826563549055,0.025729432397959183,1291,208,3.525178190980121,0.8955202851315222,0.4193112596442824,0.7759457648068109,-1.9437331462299587,-3.8908331880910785,0.0875501135094642
../benchmarks/vggnet16_benchmark2022/segmented_outputs/background/n02110341_dalmatian.JPEG,n02110341_dalmatian.JPEG,3.786419087892743,0.11846301020408163,5944,106,72.88418144578804,0.7595554882062157,0.5780939351555845,0.7965468785177463,0.6603536609034583,1.2235355197769875,0.08734616369693393
../benchmarks/vggnet16_benchmark2022/segmented_outputs/background/n02107312_miniature_pinscher.JPEG,n02107312_miniature_pinscher.JPEG,4.314339905810219,0.12015704719387756,6029,482,27.25373859329149,0.7594963969521152,0.6334332195488628,0.7850075746114538,0.8271305778796836,1.2672862860504157,0.0872896425863065
../benchmarks/vggnet16_benchmark2022/segmented_outputs/background/n03216828_dock.JPEG,n03216828_dock.JPEG,4.897583126893206,0.1551937181122449,7787,454,51.112036161500164,0.6865805298570473,0.5540519620896398,0.7534675436249294,2.9389846481620285,5.031760508644434,0.08727736803907517
../benchmarks/vggnet16_benchmark2022/segmented_outputs/object/n04552348_warplane.JPEG,n04552348_warplane.JPEG,6.185786343097755,0.01638233418367347,822,66,3.1245662349004997,0.9114478646625581,0.30276019689328737,0.8446956418450631,-2.1043899003144815,-3.8765572274823565,0.08699627114997165
../benchmarks/vggnet16_benchmark2022/segmented_outputs/background/n02356798_fox_squirrel.JPEG,n02356798_fox_squirrel.JPEG,3.7305396034969256,0.09221540178571429,4627,234,27.78244134770948,0.8045733867456574,0.6694510848468738,0.7923833421273205,-1.2244152113423745,-2.1722662794964362,0.08643522450831656
../benchmarks/vggnet16_benchmark2022/segmented_outputs/object/n03495258_harp.JPEG,n03495258_harp.JPEG,4.73058112230388,0.13464604591836735,6756,665,42.82856969295386,0.7188459906147977,0.5972698611843481,0.6659098508502695,2.80767961726439,4.153358097486015,0.08563934441742274
../benchmarks/vggnet16_benchmark2022/segmented_outputs/masks/n02091635_otterhound_mask.png,n02091635_otterhound_mask.png,0.4781146673053692,0.014449139030612245,725,2,12.381034894820079,0.9871299013567358,0.8993668816822264,0.9277124926611255,-7.058942254958572,-12.13043137113414,0.08522736351614066
../benchmarks/vggnet16_benchmark2022/segmented_outputs/masks/n03691459_loudspeaker_mask.png,n03691459_loudspeaker_mask.png,0.5074822244110926,0.014748086734693877,740,2,12.433821527194366,0.987075029597511,0.892834724982831,0.9317181404628891,-7.016247415299458,-12.043394303630102,0.08482298902058805
../benchmarks/vggnet16_benchmark2022/segmented_outputs/object/n07565083_menu.JPEG,n07565083_menu.JPEG,7.2534921500298,0.2218391262755102,11131,471,16.68661449942255,0.506823171293941,0.10724597542847734,0.7488616346911174,6.702829077118277,12.396298589602104,0.08464508378060609
../benchmarks/vggnet16_benchmark2022/segmented_outputs/background/n03125729_cradle.JPEG,n03125729_cradle.JPEG,4.841801414631184,0.13209502551020408,6628,586,45.75843636452427,0.7326440672482393,0.5885390967591042,0.7212586924636544,2.5272135439334265,3.870223611374974,0.0845448808374635
../benchmarks/vggnet16_benchmark2022/segmented_outputs/background/n04263257_soup_bowl.JPEG,n04263257_soup_bowl.JPEG,3.867740107993782,0.10108418367346939,5072,298,30.076851959414622,0.8046036786400044,0.6691874390196778,0.8448851198248299,-0.7093399144724996,-1.1740118155828854,0.08443682027600292
../benchmarks/vggnet16_benchmark2022/segmented_outputs/object/n09468604_valley.JPEG,n09468604_valley.JPEG,6.161236452544026,0.13739636479591838,6894,133,22.675517540692347,0.6444255813180609,0.21586558055093652,0.6704517232081302,2.555379524637277,4.66840185526617,0.08424659358976776
../benchmarks/vggnet16_benchmark2022/segmented_outputs/background/n02489166_proboscis_monkey.JPEG,n02489166_proboscis_monkey.JPEG,3.2297653300403164,0.08396444515306123,4213,347,17.276084878371716,0.829570973099789,0.7430997679377108,0.79275972949166,-1.835747971384614,-3.3835174956098983,0.08386053939852756
../benchmarks/vggnet16_benchmark2022/segmented_outputs/background/n02790996_barbell.JPEG,n02790996_barbell.JPEG,5.656356166300784,0.17468510841836735,8765,373,58.73816778789704,0.6449613648125676,0.42377489598447493,0.7849190684060913,4.181078404252477,7.501642980107693,0.0835724103631619
../benchmarks/vggnet16_benchmark2022/segmented_outputs/background/n03467068_guillotine.JPEG,n03467068_guillotine.JPEG,5.233202961498307,0.17051977040816327,8556,335,45.079969694896214,0.6569432533755926,0.4761496814160112,0.8178515821283066,3.1152717955869815,5.8574360629559585,0.08352566831079138
../benchmarks/vggnet16_benchmark2022/segmented_outputs/object/n07860988_dough.JPEG,n07860988_dough.JPEG,5.671432358117692,0.14213966836734693,7132,574,34.96047202471286,0.691785858832144,0.4600019829759685,0.696018389664284,3.3684143756181126,5.445839237893011,0.08290434096265593
../benchmarks/vggnet16_benchmark2022/segmented_outputs/background/n04200800_shoe_shop.JPEG,n04200800_shoe_shop.JPEG,3.357451965645606,0.10309709821428571,5173,728,23.479605596149113,0.8109602651643677,0.7198952708893778,0.7710541043954551,0.43806715252408523,0.11010911535526535,0.08256095112051698
../benchmarks/vggnet16_benchmark2022/segmented_outputs/object/n03535780_horizontal_bar.JPEG,n03535780_horizontal_bar.JPEG,6.164994554792539,0.21287069515306123,10681,276,68.74752616595275,0.5596017431177303,0.32955733251903696,0.7721640715754841,5.748325373151719,10.60245010418052,0.08222123683549533
../benchmarks/vggnet16_benchmark2022/segmented_outputs/object/n02105251_briard.JPEG,n02105251_briard.JPEG,7.389379327304384,0.25466358418367346,12778,322,23.580699584425766,0.47384870183219424,0.14425525627999605,0.8896113083889936,6.912658011689168,13.56395914036321,0.08074849333734624
../benchmarks/vggnet16_benchmark2022/segmented_outputs/background/n02423022_gazelle.JPEG,n02423022_gazelle.JPEG,5.578856909040649,0.1837531887755102,9220,189,46.186414397060915,0.6178948400253065,0.4601955035419122,0.797418221789725,3.1908443838512683,6.238613861299116,0.08074362258881171
../benchmarks/vggnet16_benchmark2022/segmented_outputs/object/n09835506_ballplayer.JPEG,n09835506_ballplayer.JPEG,6.82167159507377,0.23682637117346939,11883,460,50.795436651292505,0.4794739991574082,0.20829288805662305,0.6527702854204784,7.528279764088946,13.480635044863057,0.08024479799849972
../benchmarks/vggnet16_benchmark2022/segmented_outputs/background/n04149813_scoreboard.JPEG,n04149813_scoreboard.JPEG,1.4332515600022941,0.017418686224489797,874,90,3.0277590392970444,0.9576365005963818,0.8676764667897063,0.8280533846323703,-6.268074304540006,-11.081774132335324,0.08005155318266799
../benchmarks/vggnet16_benchmark2022/segmented_outputs/masks/n04579145_whiskey_jug_mask.png,n04579145_whiskey_jug_mask.png,0.8462416838469281,0.014170121173469387,711,2,11.230625574287833,0.9883257530412808,0.7712781524057342,0.9702802402369322,-6.473258171685082,-10.982627845379044,0.07946032243012195
../benchmarks/vggnet16_benchmark2022/segmented_outputs/background/n04086273_revolver.JPEG,n04086273_revolver.JPEG,4.117003655129134,0.12366470025510204,6205,377,47.39502925292841,0.7607721991915698,0.6411718248736826,0.7954577495625255,0.9472878517236368,1.541153433334745,0.0794478484276238
../benchmarks/vggnet16_benchmark2022/segmented_outputs/object/n01873310_platypus.JPEG,n01873310_platypus.JPEG,7.149056512429597,0.22588488520408162,11334,325,98.89194095133098,0.5047815728587111,0.17200454145325514,0.6273102260080703,8.37309367874898,14.610765442407732,0.0793636985759455
../benchmarks/vggnet16_benchmark2022/segmented_outputs/background/n03825788_nipple.JPEG,n03825788_nipple.JPEG,3.666658814527948,0.022759885204081634,1142,142,1.9136825715794665,0.9283776541380302,0.7313023428646368,0.7895821574930604,-4.4500352528463,-8.11735464158692,0.07913887998454634
../benchmarks/vggnet16_benchmark2022/segmented_outputs/background/n07718472_cucumber.JPEG,n07718472_cucumber.JPEG,7.0627609705470675,0.2605827487244898,13075,599,58.029453275952974,0.45356369006012187,0.19494404265608858,0.694784682237759,8.971097052905913,16.057858793148835,0.07887193228831871
../benchmarks/vggnet16_benchmark2022/segmented_outputs/object/n03967562_plow.JPEG,n03967562_plow.JPEG,6.537471485334756,0.2286750637755102,11474,412,43.74623984796631,0.5236743205655103,0.30305796106292726,0.7675659345514747,6.251441519699461,11.590772526358354,0.07885636199820618
../benchmarks/vggnet16_benchmark2022/segmented_outputs/object/n02443484_black-footed_ferret.JPEG,n02443484_black-footed_ferret.JPEG,6.199219904337416,0.16161112882653061,8109,287,75.18187482237832,0.6572207851464846,0.2554538928415017,0.7720225800465896,4.908714000030299,8.628540249562832,0.07861568734095595
../benchmarks/vggnet16_benchmark2022/segmented_outputs/object/n04005630_prison.JPEG,n04005630_prison.JPEG,7.57901721285203,0.30139907525510207,15123,1142,86.56504002139027,0.3659517543480672,0.07884629278430447,0.5051640311492877,13.835061083663533,23.43366936251856,0.0781629773168867
../benchmarks/vggnet16_benchmark2022/segmented_outputs/background/n02422106_hartebeest.JPEG,n02422106_hartebeest.JPEG,2.835012128784052,0.06861846301020408,3443,251,10.78393139923517,0.8668146527876291,0.8125456393650884,0.8303054841456448,-3.3002797989794526,-5.789592511089746,0.07815357451378994
../benchmarks/vggnet16_benchmark2022/segmented_outputs/masks/n02114712_red_wolf_mask.png,n02114712_red_wolf_mask.png,0.6716482560684416,0.01634247448979592,820,2,12.809190360954005,0.9866848333046216,0.837516893173045,0.9532722465503292,-6.703718065570538,-11.427432266733618,0.07777675219251486
../benchmarks/vggnet16_benchmark2022/segmented_outputs/object/n03899768_patio.JPEG,n03899768_patio.JPEG,6.652852300061544,0.13173628826530612,6610,209,32.25495509422332,0.6948931341510052,0.27210148865996325,0.7805875660513257,2.7262697163520695,4.979509289195345,0.07740814348644372
../benchmarks/vggnet16_benchmark2022/segmented_outputs/background/n03131574_crib.JPEG,n03131574_crib.JPEG,4.622215307905886,0.10817920918367346,5428,356,27.138209690807088,0.7684460428910359,0.5809499320701198,0.7616734080587861,0.3962401919208707,0.5219175128793386,0.07705783443460595
../benchmarks/vggnet16_benchmark2022/segmented_outputs/background/n04482393_tricycle.JPEG,n04482393_tricycle.JPEG,6.951283933534712,0.24246651785714285,12166,476,69.67708441080298,0.49097854848592404,0.22527099669951867,0.7015138391660432,8.159680550085174,14.582626457773557,0.07685990996750362
../benchmarks/vggnet16_benchmark2022/segmented_outputs/background/n02033041_dowitcher.JPEG,n02033041_dowitcher.JPEG,2.2167361600016804,0.06859853316326531,3442,144,12.98666790342541,0.8672543018384609,0.8125502640688361,0.8502693346849332,-3.908152150003567,-6.629502426887336,0.0766885041533198
../benchmarks/vggnet16_benchmark2022/segmented_outputs/background/n02124075_Egyptian_cat.JPEG,n02124075_Egyptian_cat.JPEG,0.9951272362953296,0.0235172193877551,1180,47,8.31836459169955,0.9525216377849948,0.925630929158059,0.8314758126103546,-6.549996847619241,-11.478930496504923,0.0760386685001904
../benchmarks/vggnet16_benchmark2022/segmented_outputs/masks/n03223299_doormat_mask.png,n03223299_doormat_mask.png,0.47154272514402956,0.01572464923469388,789,2,13.515521454145045,0.9859506013990176,0.9029728226834077,0.9173340159211136,-7.014648025730915,-12.078575969022399,0.07515594161750387
../benchmarks/vggnet16_benchmark2022/segmented_outputs/object/n03063599_coffee_mug.JPEG,n03063599_coffee_mug.JPEG,6.980518537138,0.18321508290816327,9193,355,58.729467995159574,0.5962369903739064,0.19664985357471274,0.7207442398587618,5.916819835309459,10.446609048730217,0.0751426287128865
../benchmarks/vggnet16_benchmark2022/segmented_outputs/object/n01930112_nematode.JPEG,n01930112_nematode.JPEG,5.546407754248279,0.04848931760204082,2433,343,5.072928997162288,0.8422780387920359,0.4470128726947947,0.6727498953076569,-0.8075488535795808,-2.178729821032875,0.07494431584184083
../benchmarks/vggnet16_benchmark2022/segmented_outputs/object/n02101006_Gordon_setter.JPEG,n02101006_Gordon_setter.JPEG,7.8586570300404475,0.29213169642857145,14658,469,59.72284788839256,0.37924338015250586,0.07760195972154729,0.7040475180465415,10.184285670755386,18.63716513999182,0.07476581889843208
../benchmarks/vggnet16_benchmark2022/segmented_outputs/background/n04044716_radio_telescope.JPEG,n04044716_radio_telescope.JPEG,4.298609548277948,0.12599649234693877,6322,325,12.592540457986843,0.7590489566533904,0.6357279307404116,0.8828545737513706,-0.17678948868404193,0.15345140504431176,0.07447837140813325
../benchmarks/vggnet16_benchmark2022/segmented_outputs/background/n02107908_Appenzeller.JPEG,n02107908_Appenzeller.JPEG,2.8505560490130444,0.06658561862244898,3341,243,17.700573180479914,0.8666241205202053,0.7748440590484669,0.8092021065592855,-3.0030374126692325,-5.376763811467221,0.0742590075224898
../benchmarks/vggnet16_benchmark2022/segmented_outputs/background/n03457902_greenhouse.JPEG,n03457902_greenhouse.JPEG,6.120781850017865,0.21580038265306123,10828,559,41.35329489184628,0.5707986439255941,0.37894047929120667,0.7986195007167918,5.8392801224966835,10.650178809386933,0.07415160606250357
../benchmarks/vggnet16_benchmark2022/segmented_outputs/object/n04039381_racket.JPEG,n04039381_racket.JPEG,7.405507718401218,0.251953125,12642,511,56.910605145064906,0.4536941969922659,0.10098448376206001,0.6738748390587921,8.941621098783715,16.011248300804525,0.07374097233377103
../benchmarks/vggnet16_benchmark2022/segmented_outputs/object/n02113712_miniature_poodle.JPEG,n02113712_miniature_poodle.JPEG,5.748588105594201,0.10784040178571429,5411,230,19.2959444190792,0.7490750661326839,0.40188307755192454,0.7822345993361488,0.8818298993296367,1.637467608678754,0.07361557930745274
../benchmarks/vggnet16_benchmark2022/segmented_outputs/background/n02018795_bustard.JPEG,n02018795_bustard.JPEG,5.490359317071961,0.16111288265306123,8084,262,29.909136986804462,0.6673390653065385,0.4681676990120842,0.8221583335348023,2.2851849516505984,4.5403937791091735,0.07323788190410216
../benchmarks/vggnet16_benchmark2022/segmented_outputs/masks/n03873416_paddle_mask.png,n03873416_paddle_mask.png,0.23557769227364225,0.010224011479591837,513,2,8.558682533723466,0.991103240609435,0.9574199216266996,0.880544653294982,-7.577576160220241,-13.168163086259483,0.07284543245919428
../benchmarks/vggnet16_benchmark2022/segmented_outputs/background/n02012849_crane.JPEG,n02012849_crane.JPEG,2.849736229330399,0.06377551020408163,3200,172,21.392933955325773,0.8570918083646604,0.763907400829775,0.7568090092510901,-3.1210190091053676,-5.667844234935795,0.07277154107733264
../benchmarks/vggnet16_benchmark2022/segmented_outputs/background/n02111129_Leonberg.JPEG,n02111129_Leonberg.JPEG,6.59097353197724,0.24451929209183673,12269,651,46.691299036421796,0.5109761115421267,0.29674336161409465,0.7729499177646169,7.671375249477836,13.860741543008825,0.07181647810183353
../benchmarks/vggnet16_benchmark2022/segmented_outputs/object/n03929855_pickelhaube.JPEG,n03929855_pickelhaube.JPEG,6.908037726329002,0.15832270408163265,7944,107,46.42342006995372,0.6025063511406165,0.14701721618969962,0.6366282386090563,4.290005630950397,7.6274148479937836,0.07171888545687885
../benchmarks/vggnet16_benchmark2022/segmented_outputs/background/n03325584_feather_boa.JPEG,n03325584_feather_boa.JPEG,1.9753037378704628,0.03716916454081633,1865,192,6.136408029436211,0.9246899501376707,0.8831159239333328,0.8055947616999988,-5.11097448178835,-9.146336828656649,0.07149678397000826
../benchmarks/vggnet16_benchmark2022/segmented_outputs/background/n04423845_thimble.JPEG,n04423845_thimble.JPEG,6.530416948113871,0.21755420918367346,10916,359,36.619575007283984,0.5545911899182668,0.29348197432393214,0.8292187255503334,5.4964053655707135,10.463871370589287,0.07113165190116283
../benchmarks/vggnet16_benchmark2022/segmented_outputs/masks/n02090721_Irish_wolfhound_mask.png,n02090721_Irish_wolfhound_mask.png,0.44480716701631395,0.016163105867346938,811,2,13.828948128556341,0.9856247940451597,0.9065200155334904,0.9121721250832601,-7.020446838047499,-12.100277521754641,0.07073894813059538
../benchmarks/vggnet16_benchmark2022/segmented_outputs/background/n01824575_coucal.JPEG,n01824575_coucal.JPEG,7.2086542251138805,0.2433235012755102,12209,622,59.47742647378125,0.47602968878763835,0.17419669819745334,0.636253285742888,8.845251206682208,15.484559615498796,0.07063685776242175
../benchmarks/vggnet16_benchmark2022/segmented_outputs/object/n02536864_coho.JPEG,n02536864_coho.JPEG,6.081077688814735,0.17516342474489796,8789,254,43.28478977170119,0.6426876984454988,0.352777376967502,0.8478324061905906,3.6883449844256417,7.086428873137146,0.07047054172178568
../benchmarks/vggnet16_benchmark2022/segmented_outputs/masks/n03450230_gown_mask.png,n03450230_gown_mask.png,0.7172318691746662,0.01686065051020408,846,2,11.751552607236272,0.9877842488490267,0.8208354279188157,0.9610570216882774,-6.65329144415483,-11.305965530497918,0.07043142637542105
../benchmarks/vggnet16_benchmark2022/segmented_outputs/background/n03344393_fireboat.JPEG,n03344393_fireboat.JPEG,6.246182803446686,0.22351323341836735,11215,588,47.858440334238296,0.5421887183504509,0.32608598216416773,0.732546852007812,6.697410017084675,11.960891254963952,0.07023142676912181
../benchmarks/vggnet16_benchmark2022/segmented_outputs/object/n04266014_space_shuttle.JPEG,n04266014_space_shuttle.JPEG,7.086883314606563,0.14748086734693877,7400,355,62.091103007457136,0.664457169403766,0.20689357250837734,0.7019268624427454,5.059785321153961,8.54785207994842,0.07011879271447885
../benchmarks/vggnet16_benchmark2022/segmented_outputs/object/n01735189_garter_snake.JPEG,n01735189_garter_snake.JPEG,7.859065912028448,0.30630181760204084,15369,401,39.19596220615238,0.3417735476505537,0.059453203636716925,0.7159114353494506,9.804747160138943,18.387659865910123,0.06995444930167843
../benchmarks/vggnet16_benchmark2022/segmented_outputs/object/n01818515_macaw.JPEG,n01818515_macaw.JPEG,5.684255004577343,0.20984135841836735,10529,764,72.02209623298722,0.5941046092565068,0.4275278881793535,0.7166009803792315,7.008077647644771,11.914039654775964,0.06991981474499245
../benchmarks/vggnet16_benchmark2022/segmented_outputs/background/n02111500_Great_Pyrenees.JPEG,n02111500_Great_Pyrenees.JPEG,5.554604227156108,0.17705676020408162,8884,536,29.089945959683533,0.6470539664345821,0.4606574773112977,0.7984929739553444,3.7911976860977865,6.865005342539033,0.06983962506206799
../benchmarks/vggnet16_benchmark2022/segmented_outputs/object/n02417914_ibex.JPEG,n02417914_ibex.JPEG,5.297895819779361,0.14134247448979592,7092,120,31.292662370097833,0.6763484216027305,0.4008541641405692,0.745733830831516,1.5827141019760542,3.1571206596867176,0.06977346301455836
../benchmarks/vggnet16_benchmark2022/segmented_outputs/background/n04033995_quilt.JPEG,n04033995_quilt.JPEG,2.9866287074985927,0.07449776785714286,3738,281,19.33917718328911,0.8622486944302475,0.7833005258408023,0.8361426468947986,-2.6339995196682193,-4.668430597356057,0.06971442209656391
../benchmarks/vggnet16_benchmark2022/segmented_outputs/object/n03793489_mouse.JPEG,n03793489_mouse.JPEG,6.639254452690035,0.19736527423469388,9903,335,57.56163048990781,0.5833943923046709,0.24325340795363937,0.7669459055274387,5.782849411896611,10.503674346563606,0.06959521867362388
../benchmarks/vggnet16_benchmark2022/segmented_outputs/background/n03877472_pajama.JPEG,n03877472_pajama.JPEG,5.703832386273458,0.1504504145408163,7549,246,23.452824138414,0.6817545219706634,0.4276951070098529,0.8211702963700096,2.013139884784672,4.036303913424907,0.06929989127394821
../benchmarks/vggnet16_benchmark2022/segmented_outputs/background/n04357314_sunscreen.JPEG,n04357314_sunscreen.JPEG,4.304849429493056,0.11852279974489796,5947,89,11.942580203117082,0.7420754204674068,0.5548442529368302,0.8274685925651103,-0.8480972875624393,-0.8698354870047501,0.06913849156738947
../benchmarks/vggnet16_benchmark2022/segmented_outputs/background/n02112137_chow.JPEG,n02112137_chow.JPEG,3.7994242712282635,0.11055086096938775,5547,281,32.38349498627808,0.7841158169757578,0.6762457267847402,0.8132494465972946,-0.492718329336234,-0.7855984806002134,0.06905520253351494
../benchmarks/vggnet16_benchmark2022/segmented_outputs/background/n03814906_necklace.JPEG,n03814906_necklace.JPEG,2.7458058314255407,0.07085060586734694,3555,123,25.308428533722605,0.8641599753861264,0.7737114783207879,0.8438512410746634,-3.2174606728151645,-5.504372044176314,0.06904730678412939
../benchmarks/vggnet16_benchmark2022/segmented_outputs/background/n02727426_apiary.JPEG,n02727426_apiary.JPEG,5.545679289302873,0.19088807397959184,9578,413,54.154458300369996,0.6167230011087333,0.45623965965636726,0.7670271401054105,4.456889187132532,8.056632996567776,0.06902249249603007
../benchmarks/vggnet16_benchmark2022/segmented_outputs/background/n02804414_bassinet.JPEG,n02804414_bassinet.JPEG,5.360828776244885,0.16603555484693877,8331,220,40.760515444076916,0.6632963753868433,0.46845129822121717,0.829932525331091,2.489930772547737,4.946488886738041,0.06881050961269461
../benchmarks/vggnet16_benchmark2022/segmented_outputs/background/n03443371_goblet.JPEG,n03443371_goblet.JPEG,3.5087888791949458,0.02903778698979592,1457,79,2.7735908295884384,0.9118991481903007,0.6223804057838749,0.8075866897219051,-4.1262139993217986,-7.3328917188503535,0.06864290995012891
../benchmarks/vggnet16_benchmark2022/segmented_outputs/masks/n03680355_Loafer_mask.png,n03680355_Loafer_mask.png,0.5325536538430197,0.018176020408163265,912,2,16.58893156911102,0.9827557883896975,0.879055157344684,0.9179634028506447,-6.7503652735851505,-11.615313289356349,0.06827891640275469
../benchmarks/vggnet16_benchmark2022/segmented_outputs/background/n02066245_grey_whale.JPEG,n02066245_grey_whale.JPEG,2.9086026013863533,0.07565369897959184,3796,515,24.34542510454525,0.8481805907003965,0.7776671092271723,0.7151123951485164,-1.4365115391969656,-3.246163162782837,0.06806663358185051
../benchmarks/vggnet16_benchmark2022/segmented_outputs/background/n03095699_container_ship.JPEG,n03095699_container_ship.JPEG,2.604993423227959,0.08079559948979592,4054,253,20.41339716477677,0.8507979761060442,0.7783309324370528,0.8415882691243252,-2.6768347894752527,-4.618902566729063,0.06767467882122474
../benchmarks/vggnet16_benchmark2022/segmented_outputs/object/n01685808_whiptail.JPEG,n01685808_whiptail.JPEG,4.820995809801333,0.146484375,7350,162,32.095697644543854,0.6817234740216904,0.5059816544005853,0.7595890908894987,1.2352355585131036,2.568140954523712,0.06723876372496422
../benchmarks/vggnet16_benchmark2022/segmented_outputs/background/n02129604_tiger.JPEG,n02129604_tiger.JPEG,2.5164050870171106,0.07417889030612244,3722,298,15.61862684282435,0.8541046196222848,0.8072736991277497,0.7867925019181696,-2.903184967392529,-5.244823445347483,0.06689354573103491
../benchmarks/vggnet16_benchmark2022/segmented_outputs/masks/n02747177_ashcan_mask.png,n02747177_ashcan_mask.png,0.7891502659512661,0.0176578443877551,886,2,13.773846941967452,0.9856820717858965,0.7929272050560465,0.9598405479951713,-6.432781768444541,-10.930122737694768,0.06670928643012233
../benchmarks/vggnet16_benchmark2022/segmented_outputs/background/n04612504_yawl.JPEG,n04612504_yawl.JPEG,2.5434375823704403,0.048927774234693876,2455,134,12.47485784758613,0.8991904238121046,0.8293642814147957,0.8105287650772217,-4.396842261842975,-7.766425417047564,0.06640953963856908
../benchmarks/vggnet16_benchmark2022/segmented_outputs/background/n02086910_papillon.JPEG,n02086910_papillon.JPEG,3.7761745943326317,0.11529416454081633,5785,272,23.62634245654605,0.7716792759240925,0.6667733681306248,0.8172308412582494,-0.6173440816658702,-0.8682341675663612,0.06621149634628723
../benchmarks/vggnet16_benchmark2022/segmented_outputs/masks/n02089078_black-and-tan_coonhound_mask.png,n02089078_black-and-tan_coonhound_mask.png,0.7278590415175982,0.018793845663265307,943,2,15.461745415339365,0.9839274995682543,0.8146555571337235,0.9497832523335354,-6.460734728155878,-11.009312241534984,0.06574761683745148
../benchmarks/vggnet16_benchmark2022/segmented_outputs/background/n02206856_bee.JPEG,n02206856_bee.JPEG,4.920969395045928,0.15284199617346939,7669,375,67.03866709870024,0.703772628894047,0.495299520199645,0.7913419075871382,3.1902026611402015,5.549772821584822,0.06552827656121696
../benchmarks/vggnet16_benchmark2022/segmented_outputs/object/n01616318_vulture.JPEG,n01616318_vulture.JPEG,7.264349277281484,0.22148038903061223,11113,227,41.201208009303144,0.4984496191276387,0.15203381639468827,0.686140017434396,6.330540980483621,11.730010326865782,0.06552096408655718
../benchmarks/vggnet16_benchmark2022/segmented_outputs/background/n03982430_pool_table.JPEG,n03982430_pool_table.JPEG,5.071142023394569,0.14668367346938777,7360,294,67.3254227243626,0.7046679840776301,0.49710629310207655,0.7634805402514191,2.8228859954828365,4.885689122131348,0.06549926004765197
../benchmarks/vggnet16_benchmark2022/segmented_outputs/background/n03717622_manhole_cover.JPEG,n03717622_manhole_cover.JPEG,3.6020434764564957,0.12187101403061225,6115,239,28.513641676080184,0.7639608013361967,0.6837941822403102,0.8302696538957202,-0.5894187364949497,-0.7112703114540784,0.06517915770649498
../benchmarks/vggnet16_benchmark2022/segmented_outputs/masks/n01737021_water_snake_mask.png,n01737021_water_snake_mask.png,0.3938323626030397,0.01602359693877551,804,2,13.629903121026807,0.9858317015373942,0.9181224929321512,0.90079118617224,-7.093823417305959,-12.258028898300902,0.06486438603932056
../benchmarks/vggnet16_benchmark2022/segmented_outputs/object/n03127925_crate.JPEG,n03127925_crate.JPEG,6.10268499616825,0.1580436862244898,7930,208,26.268824531676465,0.6609059561222321,0.331278713775556,0.8271318017972997,2.709657628169266,5.368426233385483,0.06480906027431553
../benchmarks/vggnet16_benchmark2022/segmented_outputs/object/n04070727_refrigerator.JPEG,n04070727_refrigerator.JPEG,6.303027777034631,0.07499601403061225,3763,89,41.71703220413585,0.8123737708901643,0.28004380319490674,0.8078550163644308,0.7787483436560939,1.2581702146591196,0.06478598443389078
../benchmarks/vggnet16_benchmark2022/segmented_outputs/background/n04229816_ski_mask.JPEG,n04229816_ski_mask.JPEG,2.944386743758671,0.05805564413265306,2913,101,4.627005132518217,0.8703804408577326,0.7554575504556076,0.8094822109545579,-4.014372560850591,-6.918633500933655,0.06473381770335085
../benchmarks/vggnet16_benchmark2022/segmented_outputs/background/n02110806_basenji.JPEG,n02110806_basenji.JPEG,5.814909788298301,0.17149633290816327,8605,502,34.998748675106754,0.6449152445027985,0.4407475495551882,0.741240527006215,3.9374259480952545,6.915840464511673,0.06463320251877495
../benchmarks/vggnet16_benchmark2022/segmented_outputs/background/n02895154_breastplate.JPEG,n02895154_breastplate.JPEG,3.2802099402014804,0.08812978316326531,4422,163,46.25183696664521,0.8229430471341397,0.7156820710324215,0.7762671988784136,-1.4812330434035683,-2.7252909876759883,0.06452113968196549
../benchmarks/vggnet16_benchmark2022/segmented_outputs/background/n04070727_refrigerator.JPEG,n04070727_refrigerator.JPEG,2.7552070814053122,0.0703922193877551,3532,55,42.853192330504086,0.869235726114534,0.6988611070108279,0.8657779760123036,-2.712637156909001,-4.589632625026631,0.06447799112201585
../benchmarks/vggnet16_benchmark2022/segmented_outputs/background/n03045698_cloak.JPEG,n03045698_cloak.JPEG,3.7671954818067745,0.09221540178571429,4627,42,10.678282492697049,0.7973983099409596,0.6082288630719973,0.8351613375662013,-2.2259985752716944,-3.3974612112680354,0.06436017094744788
../benchmarks/vggnet16_benchmark2022/segmented_outputs/background/n02346627_porcupine.JPEG,n02346627_porcupine.JPEG,0.7647112961044222,0.01588408801020408,797,81,7.185536906839688,0.9694191967834673,0.9499712239279738,0.8103182295449114,-6.847202095864526,-12.15472281357645,0.06417350596187182
../benchmarks/vggnet16_benchmark2022/segmented_outputs/object/n03457902_greenhouse.JPEG,n03457902_greenhouse.JPEG,5.767056199782971,0.22102200255102042,11090,581,42.5673472975296,0.578012083840991,0.393481502497989,0.8467453533668081,5.807144299138269,10.740080449268275,0.06385181510425558
../benchmarks/vggnet16_benchmark2022/segmented_outputs/object/n04235860_sleeping_bag.JPEG,n04235860_sleeping_bag.JPEG,5.783129041420459,0.17099808673469388,8580,378,42.39348876227079,0.655579564763759,0.3557306767960111,0.8282851400470124,3.896739458669819,7.207804156692077,0.06366818488700855
../benchmarks/vggnet16_benchmark2022/segmented_outputs/masks/n02480495_orangutan_mask.png,n02480495_orangutan_mask.png,0.8877978905109896,0.014847735969387755,745,2,8.709889793802098,0.9909460605054032,0.753120739758443,0.9786154434255045,-6.4699093980909606,-10.92970186543062,0.06358895724845778
../benchmarks/vggnet16_benchmark2022/segmented_outputs/object/n02025239_ruddy_turnstone.JPEG,n02025239_ruddy_turnstone.JPEG,6.297927718400825,0.12007732780612244,6025,118,25.907474025577653,0.7015729094552787,0.23248328823654046,0.740843186800233,1.9653140878873288,3.6489710266742517,0.06352947104843845
../benchmarks/vggnet16_benchmark2022/segmented_outputs/object/n04008634_projectile.JPEG,n04008634_projectile.JPEG,4.002727290734391,0.10106425382653061,5071,16,29.711934384624126,0.7822901239698288,0.6125894827208724,0.8131037620133345,-1.4577396757399543,-2.1551197006683642,0.06352279484292099
../benchmarks/vggnet16_benchmark2022/segmented_outputs/object/n02457408_three-toed_sloth.JPEG,n02457408_three-toed_sloth.JPEG,7.132534710595517,0.21253188775510204,10664,135,7.971984374289919,0.5598924876401659,0.18696495169697272,0.9499811002349778,4.254294902665574,9.089033152780873,0.06349255965275338
../benchmarks/vggnet16_benchmark2022/segmented_outputs/background/n03967562_plow.JPEG,n03967562_plow.JPEG,5.583948560946746,0.1988799426020408,9979,497,45.488071832450075,0.6036712223285977,0.4578658337210661,0.7649575828995087,4.746009790596528,8.570372526190845,0.0633653454366983
../benchmarks/vggnet16_benchmark2022/segmented_outputs/object/n01914609_sea_anemone.JPEG,n01914609_sea_anemone.JPEG,6.092896863075156,0.17701690051020408,8882,145,20.510368253881268,0.6086579795976947,0.23198359582519928,0.816927025413657,3.2666713745205054,6.6409458648197095,0.06310863787007717
../benchmarks/vggnet16_benchmark2022/segmented_outputs/background/n03874293_paddlewheel.JPEG,n03874293_paddlewheel.JPEG,4.838964681249668,0.11461654974489796,5751,353,18.346733961338643,0.7502706497765157,0.5736038856826151,0.7399118293326796,0.4398338253702238,0.6583169733416117,0.06306235448030006
../benchmarks/vggnet16_benchmark2022/segmented_outputs/background/n02025239_ruddy_turnstone.JPEG,n02025239_ruddy_turnstone.JPEG,3.1464714206177478,0.10979352678571429,5509,221,26.201911866185803,0.7907610371773116,0.7186818262416412,0.8363638761752679,-1.388147770291822,-2.138074985889525,0.06184393094936394
../benchmarks/vggnet16_benchmark2022/segmented_outputs/masks/n02128925_jaguar_mask.png,n02128925_jaguar_mask.png,0.6019340694434568,0.018893494897959183,948,2,13.305848966530917,0.9861685561678473,0.8605629018363099,0.9435511707681516,-6.762394830072118,-11.539022618307003,0.061824243162497204
../benchmarks/vggnet16_benchmark2022/segmented_outputs/background/n02950826_cannon.JPEG,n02950826_cannon.JPEG,5.873390379589484,0.19901945153061223,9986,447,35.13402737729705,0.59343263328298,0.4115708982351185,0.7680817088374066,4.585141608528071,8.442826199967305,0.06136461875011001
../benchmarks/vggnet16_benchmark2022/segmented_outputs/background/n03110669_cornet.JPEG,n03110669_cornet.JPEG,2.2999701976127107,0.05719866071428571,2870,84,29.067321254217063,0.8728085791208804,0.7794261406000853,0.7554338055454526,-3.7133661696441402,-6.671331023850918,0.06109857103180228
../benchmarks/vggnet16_benchmark2022/segmented_outputs/masks/n01882714_koala_mask.png,n01882714_koala_mask.png,0.8438985920393749,0.0186344068877551,935,2,15.290525334652944,0.9841054830201112,0.7691928425612324,0.9594346967253626,-6.250679279513712,-10.614022342670296,0.061017118690736984
../benchmarks/vggnet16_benchmark2022/segmented_outputs/object/n02096051_Airedale.JPEG,n02096051_Airedale.JPEG,6.747078409301216,0.1906688456632653,9567,16,49.57022689641923,0.5877146933277474,0.23613853738703122,0.8175051436106116,4.188420101115842,8.300354494163987,0.06093057186099488
../benchmarks/vggnet16_benchmark2022/segmented_outputs/background/n04418357_theater_curtain.JPEG,n04418357_theater_curtain.JPEG,4.1115678619899665,0.1353435905612245,6791,476,81.91292293204197,0.7456279881287423,0.5893429907614729,0.7316832753441058,2.8553725389309785,4.420628147588285,0.06087523823817974
../benchmarks/vggnet16_benchmark2022/segmented_outputs/background/n04311004_steel_arch_bridge.JPEG,n04311004_steel_arch_bridge.JPEG,3.8617156429286967,0.11415816326530612,5728,393,18.44287281333652,0.7902194295793559,0.6958673324135021,0.8514440414779898,-0.4936573679734496,-0.7190667250476888,0.06075515210907785
../benchmarks/vggnet16_benchmark2022/segmented_outputs/background/n03637318_lampshade.JPEG,n03637318_lampshade.JPEG,1.3082645541616769,0.028200733418367346,1415,224,5.659490482596015,0.9432396303792044,0.9237403518173477,0.7734550324350524,-5.656481800407166,-10.27756852504304,0.060702350642549474
../benchmarks/vggnet16_benchmark2022/segmented_outputs/masks/n02974003_car_wheel_mask.png,n02974003_car_wheel_mask.png,0.5408165819114821,0.019411670918367346,974,2,16.991533138427037,0.9823372836398887,0.8774221398701881,0.9168292653072591,-6.707705181891745,-11.536575749916382,0.06064779130571549
../benchmarks/vggnet16_benchmark2022/segmented_outputs/background/n09229709_bubble.JPEG,n09229709_bubble.JPEG,6.018748309888231,0.18682238520408162,9374,378,73.6591230010313,0.6204013861084455,0.3715602574880721,0.7410920871188721,5.324769753702269,9.363478048225813,0.06058931507156375
../benchmarks/vggnet16_benchmark2022/segmented_outputs/background/n02097474_Tibetan_terrier.JPEG,n02097474_Tibetan_terrier.JPEG,2.8353778978747175,0.022999043367346938,1154,121,1.8219323005241983,0.9287779623570709,0.7158167954784154,0.7762362106858607,-4.7960517264490505,-8.675349180721991,0.06008842697468811
../benchmarks/vggnet16_benchmark2022/segmented_outputs/object/n02486410_baboon.JPEG,n02486410_baboon.JPEG,6.892390484417032,0.23660714285714285,11872,217,26.05412046350262,0.4571235115964095,0.11861224700469775,0.6646593713865458,6.30285840568974,11.917825808999664,0.05826874480861898
../benchmarks/vggnet16_benchmark2022/segmented_outputs/object/n04141076_sax.JPEG,n04141076_sax.JPEG,5.903181913190413,0.14207987882653061,7129,207,36.975755025434516,0.6785021222844235,0.36980051454556473,0.7274469000888059,2.455713062450559,4.446257473225527,0.05824336867459011
../benchmarks/vggnet16_benchmark2022/segmented_outputs/object/n03530642_honeycomb.JPEG,n03530642_honeycomb.JPEG,7.807279309346092,0.29007892219387754,14555,481,27.27593618929237,0.4000000992191999,0.07841737287932755,0.8142130216788168,9.072094680195633,17.19136310539331,0.05820538577112004
../benchmarks/vggnet16_benchmark2022/segmented_outputs/background/n02443114_polecat.JPEG,n02443114_polecat.JPEG,4.884853091626162,0.13508450255102042,6778,472,33.54115398046095,0.7336115084843402,0.5629553998227217,0.778159437888392,1.8494292114854722,3.116541051886217,0.05795414620411605
../benchmarks/vggnet16_benchmark2022/segmented_outputs/background/n01984695_spiny_lobster.JPEG,n01984695_spiny_lobster.JPEG,6.696042657336454,0.24204799107142858,12145,417,61.31992744571379,0.5011896538724796,0.27691565519970707,0.7308248437364953,7.302640978299042,13.305882477603195,0.057750985678040934
../benchmarks/vggnet16_benchmark2022/segmented_outputs/object/n01697457_African_crocodile.JPEG,n01697457_African_crocodile.JPEG,6.8879368721887975,0.2516541772959184,12627,237,33.29892883064406,0.4857405103166497,0.239657724128103,0.8559851233836678,6.183633040327803,12.228128186517726,0.05754602785406959
../benchmarks/vggnet16_benchmark2022/segmented_outputs/object/n12267677_acorn.JPEG,n12267677_acorn.JPEG,7.065847498898948,0.23335857780612246,11709,382,16.207861925544115,0.5137387293112117,0.19687378355001206,0.8346354092977917,6.040978595088039,11.683012755971474,0.057505123175094534
../benchmarks/vggnet16_benchmark2022/segmented_outputs/masks/n02099712_Labrador_retriever_mask.png,n02099712_Labrador_retriever_mask.png,0.7146059392468838,0.020467952806122448,1027,2,16.571529811258085,0.9827738775350747,0.8203602845499208,0.9443397768176468,-6.421983965176824,-10.95056336211704,0.05739990411149748
../benchmarks/vggnet16_benchmark2022/segmented_outputs/background/n02168699_long-horned_beetle.JPEG,n02168699_long-horned_beetle.JPEG,1.5441769099691147,0.03451849489795918,1732,153,9.799157942948314,0.9253252635902691,0.8997347113804774,0.7635602493566351,-5.4313704687829345,-9.79168627039232,0.057233825581721645
../benchmarks/vggnet16_benchmark2022/segmented_outputs/background/n04557648_water_bottle.JPEG,n04557648_water_bottle.JPEG,4.993087564488146,0.15138711734693877,7596,335,28.547700515558844,0.7055577083131388,0.5296001813974689,0.8478665306014852,1.730844831498463,3.470200977960785,0.05709248127386116
../benchmarks/vggnet16_benchmark2022/segmented_outputs/background/n13054560_bolete.JPEG,n13054560_bolete.JPEG,5.040540637463408,0.17528300382653061,8795,713,73.85870025496371,0.657061068371026,0.503640649629398,0.6644355239872646,5.408619221722091,8.752903741093894,0.05657408708058047
../benchmarks/vggnet16_benchmark2022/segmented_outputs/background/n04532106_vestment.JPEG,n04532106_vestment.JPEG,4.472401250452599,0.14465082908163265,7258,561,27.599474586116997,0.7402276276107115,0.5791550093180404,0.86692306348649,1.9134745795863322,3.4808087770552194,0.05645883076292091
../benchmarks/vggnet16_benchmark2022/segmented_outputs/object/n02090379_redbone.JPEG,n02090379_redbone.JPEG,6.828809772221818,0.22311463647959184,11195,553,32.19614071580388,0.5264616055334237,0.19921106333782235,0.7267895522635888,6.884749577759911,12.433602169631495,0.05620409313042475
../benchmarks/vggnet16_benchmark2022/segmented_outputs/object/n02281406_sulphur_butterfly.JPEG,n02281406_sulphur_butterfly.JPEG,5.906783054620938,0.20527742346938777,10300,618,38.24147623134405,0.5801246825892467,0.39686110652913875,0.7120380024130459,5.618734492399959,9.892410474887397,0.056158446792650786
../benchmarks/vggnet16_benchmark2022/segmented_outputs/background/n04552348_warplane.JPEG,n04552348_warplane.JPEG,0.999215293019528,0.01767777423469388,887,79,3.676874373490581,0.9690979478311922,0.957810029281298,0.8194788490439873,-6.8724515352140045,-12.145323574568154,0.05605082798542453
../benchmarks/vggnet16_benchmark2022/segmented_outputs/object/n02111500_Great_Pyrenees.JPEG,n02111500_Great_Pyrenees.JPEG,6.331020770014272,0.16452088647959184,8255,249,28.129446491999175,0.6462171909804125,0.29785070484686477,0.8049026445424889,3.3362396196122903,6.384595667237952,0.055948364236943895
../benchmarks/vggnet16_benchmark2022/segmented_outputs/background/n02988304_CD_player.JPEG,n02988304_CD_player.JPEG,2.534642522352422,0.07099011479591837,3562,130,38.341732272724116,0.8593293895305195,0.7698355014833212,0.7812170219165235,-2.830029690438587,-5.08594616266021,0.05571176245996321
../benchmarks/vggnet16_benchmark2022/segmented_outputs/object/n03916031_perfume.JPEG,n03916031_perfume.JPEG,4.509430235262265,0.057338169642857144,2877,40,10.748601048181062,0.8803136255727526,0.48540501759192733,0.9372283471164415,-2.5154620241902097,-3.9616763187714024,0.05544666892040897
../benchmarks/vggnet16_benchmark2022/segmented_outputs/background/n03042490_cliff_dwelling.JPEG,n03042490_cliff_dwelling.JPEG,3.3901577262987703,0.11098931760204081,5569,225,15.89648908329326,0.7849169105753168,0.691281330634592,0.8416729946841295,-1.4298601238755433,-2.122032708072132,0.0554224300537585
../benchmarks/vggnet16_benchmark2022/segmented_outputs/background/n04371430_swimming_trunks.JPEG,n04371430_swimming_trunks.JPEG,6.263241449108768,0.21025988520408162,10550,305,72.43844373963657,0.570636757030314,0.33671585419970784,0.748464020763016,5.879674980952819,10.668178548482533,0.05534221442782216
../benchmarks/vggnet16_benchmark2022/segmented_outputs/masks/n01955084_chiton_mask.png,n01955084_chiton_mask.png,0.6220038964808474,0.02072704081632653,1040,2,16.58560716626547,0.9827592441099111,0.8524964474818556,0.9325171111314675,-6.57624331805874,-11.25083649208365,0.055250891284850084
../benchmarks/vggnet16_benchmark2022/segmented_outputs/object/n03045698_cloak.JPEG,n03045698_cloak.JPEG,6.566846777425744,0.1924625318877551,9657,182,12.995490455257114,0.5762604369775511,0.23191012607482875,0.8025775449848243,3.8052058634497428,7.6592002896468845,0.055007360912482664
../benchmarks/vggnet16_benchmark2022/segmented_outputs/object/n02492660_howler_monkey.JPEG,n02492660_howler_monkey.JPEG,5.564126751264041,0.18235809948979592,9150,482,53.07726654438345,0.6334067459002433,0.47150380567668565,0.72982051099586,4.421476913213303,7.726176708612556,0.054909351079427134
../benchmarks/vggnet16_benchmark2022/segmented_outputs/background/n02483708_siamang.JPEG,n02483708_siamang.JPEG,7.4912843023784665,0.25996492346938777,13044,426,58.36963526520834,0.4585694992423615,0.14836826957226046,0.7410818623152399,8.581300915799563,15.72001533827048,0.05384615906579679
../benchmarks/vggnet16_benchmark2022/segmented_outputs/background/n03961711_plate_rack.JPEG,n03961711_plate_rack.JPEG,3.794173768304028,0.08902662627551021,4467,612,9.819320994282254,0.8283633990103609,0.7536859806918277,0.7384505060376243,-0.7258294497834661,-1.8986622432241582,0.05378424112681145
../benchmarks/vggnet16_benchmark2022/segmented_outputs/background/n04507155_umbrella.JPEG,n04507155_umbrella.JPEG,3.8308417370820678,0.13865194515306123,6957,66,44.83306707961841,0.7105755206097324,0.5828841889950188,0.772371740107618,0.25840527197770796,0.9018726697022703,0.053674330991246966
../benchmarks/vggnet16_benchmark2022/segmented_outputs/background/n02480855_gorilla.JPEG,n02480855_gorilla.JPEG,6.398518682591726,0.21803252551020408,10940,261,59.87795279064407,0.5534084719336352,0.32569300629187037,0.7756546069844703,5.640184614694119,10.542397557340653,0.05351602652102255
../benchmarks/vggnet16_benchmark2022/segmented_outputs/object/n02088466_bloodhound.JPEG,n02088466_bloodhound.JPEG,6.190800245532316,0.1815609056122449,9110,138,38.95679418167799,0.6053400952441395,0.3542291008901054,0.7549811286148529,3.451895544578852,6.680295827485752,0.053355980986822704
../benchmarks/vggnet16_benchmark2022/segmented_outputs/object/n02894605_breakwater.JPEG,n02894605_breakwater.JPEG,6.294372533455316,0.12258848852040816,6151,508,20.958921850780495,0.7327663632832115,0.3078066054409966,0.7702664122804661,2.95250526727353,4.93486767464623,0.05323064986164936
../benchmarks/vggnet16_benchmark2022/segmented_outputs/background/n02823750_beer_glass.JPEG,n02823750_beer_glass.JPEG,2.171145935953577,0.049705038265306124,2494,16,18.2165213624572,0.907702817724604,0.8385650426447835,0.8506241012664069,-4.922083220612036,-8.430961064255605,0.0521318558089439
../benchmarks/vggnet16_benchmark2022/segmented_outputs/object/n04485082_tripod.JPEG,n04485082_tripod.JPEG,6.370267228145325,0.2020687181122449,10139,450,60.86846310000527,0.599508794827595,0.3043509073776778,0.7974561083150244,5.982125666404461,10.782856127237313,0.05183955493975835
../benchmarks/vggnet16_benchmark2022/segmented_outputs/background/n02268853_damselfly.JPEG,n02268853_damselfly.JPEG,4.9665854216321215,0.15772480867346939,7914,172,91.96838266062525,0.6783118944517847,0.4728602341024851,0.7151800733796597,3.4527753011016156,5.956638258342015,0.05075568338530368
../benchmarks/vggnet16_benchmark2022/segmented_outputs/background/n03976467_Polaroid_camera.JPEG,n03976467_Polaroid_camera.JPEG,4.842031757296493,0.15003188775510204,7528,458,46.394262628541284,0.7131261030162065,0.5368648659417139,0.793324549943722,2.614964349045092,4.556558109558779,0.05058950084328893
../benchmarks/vggnet16_benchmark2022/segmented_outputs/background/n03594734_jean.JPEG,n03594734_jean.JPEG,5.823616864540133,0.17815290178571427,8939,422,50.83599116729451,0.6410062598425803,0.397782819639226,0.7675555663447741,4.382041830965478,7.822122138465174,0.05055591639321594
../benchmarks/vggnet16_benchmark2022/segmented_outputs/object/n01824575_coucal.JPEG,n01824575_coucal.JPEG,4.850630576496269,0.15896045918367346,7976,270,60.45254469231885,0.6804458602818229,0.5248874004580921,0.750967639071008,2.661981420436289,4.772589542380238,0.05040124771882104
../benchmarks/vggnet16_benchmark2022/segmented_outputs/background/n02441942_weasel.JPEG,n02441942_weasel.JPEG,2.523880464537603,0.07282366071428571,3654,218,18.577840168124048,0.857748461007479,0.8070963933306572,0.7852936562996632,-3.178189272034351,-5.651395120107059,0.05025329039098905
../benchmarks/vggnet16_benchmark2022/segmented_outputs/object/n02177972_weevil.JPEG,n02177972_weevil.JPEG,5.955224809031779,0.1404655612244898,7048,471,27.97378352810263,0.691965646144307,0.4021073828449696,0.7019162316596742,3.044135405537221,5.074019710804448,0.05020988993304653
../benchmarks/vggnet16_benchmark2022/segmented_outputs/masks/n02708093_analog_clock_mask.png,n02708093_analog_clock_mask.png,0.8836701161480882,0.019551179846938774,981,2,14.544442229441488,0.9848810371835327,0.7536298716167901,0.9637033619312183,-6.189392033296922,-10.481767854181271,0.05009783102221862
../benchmarks/vggnet16_benchmark2022/segmented_outputs/object/n03197337_digital_watch.JPEG,n03197337_digital_watch.JPEG,6.805694515346291,0.20505819515306123,10289,202,57.2703901490695,0.5586431572798003,0.169370742578407,0.758999712736796,5.850455679755938,10.86759819095996,0.049900250225338505
../benchmarks/vggnet16_benchmark2022/segmented_outputs/masks/n01773549_barn_spider_mask.png,n01773549_barn_spider_mask.png,0.30794829164089926,0.015306122448979591,768,2,12.77664101936518,0.9867186683790383,0.939125937515024,0.8733205544327763,-7.249213913306803,-12.6020253206749,0.04931361430506748
../benchmarks/vggnet16_benchmark2022/segmented_outputs/background/n03530642_honeycomb.JPEG,n03530642_honeycomb.JPEG,2.2395560006618904,0.05933115433673469,2977,189,19.492277959270506,0.8831721361456595,0.8342351038771819,0.7756414201858639,-3.841623688928453,-6.911660810472,0.04855379006779989
../benchmarks/vggnet16_benchmark2022/segmented_outputs/masks/n03393912_freight_car_mask.png,n03393912_freight_car_mask.png,0.6240002335270058,0.02032844387755102,1020,2,11.093961951241138,0.9884678150194999,0.8533579049789076,0.9556447214546459,-6.7858491922945205,-11.519957415189094,0.048456915694903915
../benchmarks/vggnet16_benchmark2022/segmented_outputs/object/n04554684_washer.JPEG,n04554684_washer.JPEG,5.727795659840257,0.1490154655612245,7477,16,50.975265810838366,0.6728697182237457,0.3746833358566763,0.7680426459977434,2.1553192031431703,4.26263883428906,0.0479628996503963
../benchmarks/vggnet16_benchmark2022/segmented_outputs/background/n04090263_rifle.JPEG,n04090263_rifle.JPEG,4.542680159843467,0.1386120854591837,6955,16,35.47239496257258,0.7084782111315971,0.5360529089434232,0.8049908763820612,0.23793463675659704,1.0629715507734403,0.04779489489299782
../benchmarks/vggnet16_benchmark2022/segmented_outputs/masks/n03207743_dishrag_mask.png,n03207743_dishrag_mask.png,0.15957743863498242,0.007912149234693877,397,2,6.038600247568009,0.9937228687655217,0.9765889972523807,0.8387891592945536,-7.8070488395292,-13.681197394412983,0.04752163834583755
../benchmarks/vggnet16_benchmark2022/segmented_outputs/masks/n02097474_Tibetan_terrier_mask.png,n02097474_Tibetan_terrier_mask.png,0.8453406813475057,0.020926339285714284,1050,2,15.830730426056506,0.9835439392660535,0.7686581326448537,0.9580696702857854,-6.193995085958944,-10.503474688883164,0.0471151585108639
../benchmarks/vggnet16_benchmark2022/segmented_outputs/object/n03534580_hoopskirt.JPEG,n03534580_hoopskirt.JPEG,7.340504253704715,0.19068877551020408,9568,384,46.25017190087517,0.5624855478309655,0.14652819472957695,0.6358533553061185,6.310546694112579,11.023149630131465,0.04694766865256157
../benchmarks/vggnet16_benchmark2022/segmented_outputs/background/n02107683_Bernese_mountain_dog.JPEG,n02107683_Bernese_mountain_dog.JPEG,5.196739609727413,0.13919005102040816,6984,251,49.416018062448856,0.7024142157918711,0.48690784339508886,0.7159167250712822,2.097584572526649,3.619449972340699,0.046857968527377405
../benchmarks/vggnet16_benchmark2022/segmented_outputs/background/n04479046_trench_coat.JPEG,n04479046_trench_coat.JPEG,3.366499562944944,0.07894212372448979,3961,170,11.804091536255614,0.832408970509295,0.7035482200284643,0.785736107302865,-2.608087938365655,-4.503610499298297,0.046854787532827
../benchmarks/vggnet16_benchmark2022/segmented_outputs/masks/n02124075_Egyptian_cat_mask.png,n02124075_Egyptian_cat_mask.png,0.29939373496160077,0.01407047193877551,706,2,12.130495719321647,0.9873903370901023,0.9459108680194714,0.8614834123492767,-7.3206516863910345,-12.764911923616486,0.04670559521462049
../benchmarks/vggnet16_benchmark2022/segmented_outputs/object/n03425413_gas_pump.JPEG,n03425413_gas_pump.JPEG,5.08042012687905,0.14598612882653061,7325,134,35.860325065145005,0.6966761574665874,0.4433256854826703,0.8165492767441602,1.4739637627637574,3.1374940415675505,0.046153082096353416
../benchmarks/vggnet16_benchmark2022/segmented_outputs/background/n04065272_recreational_vehicle.JPEG,n04065272_recreational_vehicle.JPEG,6.0116805976239025,0.2127311862244898,10674,662,53.75204904834932,0.5835853682360463,0.3912567946462059,0.7393786796946806,6.4165400993809465,11.237364949033953,0.046150546208740845
../benchmarks/vggnet16_benchmark2022/segmented_outputs/object/n02092002_Scottish_deerhound.JPEG,n02092002_Scottish_deerhound.JPEG,7.146899593716891,0.23198341836734693,11640,166,12.86609024759112,0.5162541502709506,0.1573673581325442,0.8944359630636898,5.209616904701756,10.710417233886915,0.04601744360971054
../benchmarks/vggnet16_benchmark2022/segmented_outputs/masks/n02951585_can_opener_mask.png,n02951585_can_opener_mask.png,0.9196187639451858,0.02090640943877551,1049,2,17.156314067888236,0.9821659936924239,0.7324735402738803,0.9599706124742065,-5.978600073519346,-10.128523908465267,0.045581946419070464
../benchmarks/vggnet16_benchmark2022/segmented_outputs/background/n03697007_lumbermill.JPEG,n03697007_lumbermill.JPEG,4.79970051155181,0.1815609056122449,9110,16,51.65367954181359,0.6297002582183417,0.5117742736556594,0.7984326942335433,2.0508043473189153,4.464015150602375,0.04507598022690938
../benchmarks/vggnet16_benchmark2022/segmented_outputs/masks/n02105641_Old_English_sheepdog_mask.png,n02105641_Old_English_sheepdog_mask.png,0.9019524858798251,0.02321827168367347,1165,2,21.23963644849793,0.9779213758331623,0.7397456976208346,0.9487144168275823,-5.829112928991275,-9.907722005415176,0.04399551141651959
../benchmarks/vggnet16_benchmark2022/segmented_outputs/background/n02090379_redbone.JPEG,n02090379_redbone.JPEG,5.042520214247028,0.1545360331632653,7754,565,30.681000257894343,0.6972360394326127,0.5373423020151813,0.7568904088904038,2.8170741989333123,4.80993261482355,0.043963087133301534
../benchmarks/vggnet16_benchmark2022/segmented_outputs/object/n02087394_Rhodesian_ridgeback.JPEG,n02087394_Rhodesian_ridgeback.JPEG,7.265948083584346,0.2598453443877551,13038,470,66.76393925688365,0.45582006742044057,0.17835986956981997,0.6771014390832532,8.827011527700355,15.860772649284918,0.04357715808868453
../benchmarks/vggnet16_benchmark2022/segmented_outputs/object/n04111531_rotisserie.JPEG,n04111531_rotisserie.JPEG,7.024498198437628,0.19670758928571427,9870,338,33.61169492053465,0.5834793353664502,0.20345068366985994,0.7884643572662339,5.362875289082384,9.982345360028512,0.04329219785474181
../benchmarks/vggnet16_benchmark2022/segmented_outputs/background/n02280649_cabbage_butterfly.JPEG,n02280649_cabbage_butterfly.JPEG,5.335864420539076,0.1509685905612245,7575,701,39.50219959206535,0.6832551176688324,0.4995356005484645,0.627611262491263,3.9260760281893403,6.111776728392564,0.043027517126777694
../benchmarks/vggnet16_benchmark2022/segmented_outputs/masks/n02457408_three-toed_sloth_mask.png,n02457408_three-toed_sloth_mask.png,0.7201227740413048,0.02391581632653061,1200,2,20.07520675272857,0.9791318017123404,0.814478173364473,0.9338647179974274,-6.2174209968081975,-10.616576989202912,0.04219342776924873
../benchmarks/vggnet16_benchmark2022/segmented_outputs/object/n09229709_bubble.JPEG,n09229709_bubble.JPEG,6.379442795857699,0.20216836734693877,10144,346,71.0754540001961,0.5821047071965513,0.30857622847294763,0.7159673181831969,5.964856389560321,10.611187334227719,0.04210730691774943
../benchmarks/vggnet16_benchmark2022/segmented_outputs/object/n07871810_meat_loaf.JPEG,n07871810_meat_loaf.JPEG,5.931745411857704,0.1686065051020408,8460,331,47.175522211782706,0.6597321895131929,0.39946019241563613,0.7882274078046997,3.6777362964351,6.710621386304738,0.04208477787687613
../benchmarks/vggnet16_benchmark2022/segmented_outputs/masks/n03958227_plastic_bag_mask.png,n03958227_plastic_bag_mask.png,0.5726057414932926,0.022620376275510203,1135,2,17.932306646303857,0.9813593486005157,0.8685637264675963,0.9176534093118105,-6.579102069599469,-11.289826325387084,0.04202935827469048
../benchmarks/vggnet16_benchmark2022/segmented_outputs/background/n04201297_shoji.JPEG,n04201297_shoji.JPEG,4.147861171361898,0.11664939413265306,5853,246,28.997173381869395,0.7768935781157701,0.6289726794596733,0.8319871383482383,-0.28593138235095095,-0.25704431312426385,0.04194140125550655
../benchmarks/vggnet16_benchmark2022/segmented_outputs/object/n04081281_restaurant.JPEG,n04081281_restaurant.JPEG,6.372481448878231,0.20290577168367346,10181,551,71.74168887119316,0.5843620224737236,0.28609053591409045,0.6858525645387381,6.897632267339222,11.877061412467025,0.041792087264162545
../benchmarks/vggnet16_benchmark2022/segmented_outputs/background/n02112018_Pomeranian.JPEG,n02112018_Pomeranian.JPEG,3.748572833056869,0.11025191326530612,5532,375,38.034551857113705,0.7774743790887221,0.6770265975601428,0.7125936884198554,0.07365051610199841,-0.23650531409193343,0.041756023514905344
../benchmarks/vggnet16_benchmark2022/segmented_outputs/background/n03207743_dishrag.JPEG,n03207743_dishrag.JPEG,0.8505237982203605,0.00817123724489796,410,148,2.261889970101918,0.9808329268917197,0.9628989380178501,0.7554095265497814,-6.926850715742535,-12.573004111023241,0.04170263029354505
../benchmarks/vggnet16_benchmark2022/segmented_outputs/background/n03781244_monastery.JPEG,n03781244_monastery.JPEG,4.688926814086262,0.15900031887755103,7978,252,41.5674275208394,0.6876967472916724,0.5575457136865865,0.8002560479099867,1.7879492893754807,3.5433979540631464,0.0415108925300207
../benchmarks/vggnet16_benchmark2022/segmented_outputs/object/n07714571_head_cabbage.JPEG,n07714571_head_cabbage.JPEG,6.764911600073116,0.20334422831632654,10203,480,61.09380316616708,0.5763224536199567,0.2450385889678971,0.7074516714552775,6.6527849403895996,11.678699871594649,0.041185169551112996
../benchmarks/vggnet16_benchmark2022/segmented_outputs/background/n03127925_crate.JPEG,n03127925_crate.JPEG,5.956478284344854,0.1940967793367347,9739,390,30.15290916195277,0.6259372072249028,0.39378557354960975,0.8732017145778848,4.027404848989769,7.813488912498105,0.04098978821712785
../benchmarks/vggnet16_benchmark2022/segmented_outputs/background/n02672831_accordion.JPEG,n02672831_accordion.JPEG,3.870910169129339,0.12107382015306123,6075,338,72.57060870783343,0.7705952761234118,0.6458356363852955,0.727839150622777,1.3357061350235753,1.895210082475177,0.040772870026343576
../benchmarks/vggnet16_benchmark2022/segmented_outputs/masks/n03998194_prayer_rug_mask.png,n03998194_prayer_rug_mask.png,0.43913576272802446,0.020268654336734693,1017,2,15.359282867153807,0.9840340094936032,0.9083729605655189,0.8987097834222944,-6.912239445775107,-11.92407033611244,0.040701307511146215
../benchmarks/vggnet16_benchmark2022/segmented_outputs/background/n02676566_acoustic_guitar.JPEG,n02676566_acoustic_guitar.JPEG,2.3004658685542614,0.048349808673469385,2426,16,21.56877543089976,0.8828065958553462,0.797851154156134,0.723803014925959,-4.480598724789793,-8.024683337636437,0.040350774210824336
../benchmarks/vggnet16_benchmark2022/segmented_outputs/background/n03942813_ping-pong_ball.JPEG,n03942813_ping-pong_ball.JPEG,3.7755064222117465,0.09115911989795919,4574,498,31.830113047579566,0.8239992953423063,0.678884068311425,0.7323614745499387,-0.18647096881596026,-0.9405869995936065,0.039816987613097383
../benchmarks/vggnet16_benchmark2022/segmented_outputs/background/n02412080_ram.JPEG,n02412080_ram.JPEG,1.2033959182554868,0.02379623724489796,1194,183,5.576404051238279,0.9527901095503925,0.9284381861038854,0.7601075310597254,-6.009028343255523,-10.905324867697608,0.03958248594940117
../benchmarks/vggnet16_benchmark2022/segmented_outputs/object/n03598930_jigsaw_puzzle.JPEG,n03598930_jigsaw_puzzle.JPEG,7.666896866095459,0.27455357142857145,13776,663,48.568193826373104,0.41505977266855426,0.07907385730679155,0.638434892948399,10.070267763617945,17.926058226745262,0.03940325056710375
../benchmarks/vggnet16_benchmark2022/segmented_outputs/background/n02132136_brown_bear.JPEG,n02132136_brown_bear.JPEG,1.182222851839282,0.021185427295918366,1063,132,5.083758703460971,0.9560186211825763,0.9221568254932215,0.7665140401528219,-6.274136042173268,-11.296087466738483,0.038324215487686095
../benchmarks/vggnet16_benchmark2022/segmented_outputs/masks/n02111277_Newfoundland_mask.png,n02111277_Newfoundland_mask.png,0.6920623575822954,0.02365672831632653,1187,2,17.25166716318623,0.9820668740507419,0.8279866983872463,0.9394764469073469,-6.387223848651633,-10.881520370726504,0.0376608840211507
../benchmarks/vggnet16_benchmark2022/segmented_outputs/masks/n02085782_Japanese_spaniel_mask.png,n02085782_Japanese_spaniel_mask.png,0.7684952165539894,0.02481265943877551,1245,2,20.85472585915946,0.9783214907908945,0.7972754083903755,0.9367052814297268,-6.090984466550567,-10.385464235326832,0.037626246967186694
../benchmarks/vggnet16_benchmark2022/segmented_outputs/background/n01675722_banded_gecko.JPEG,n01675722_banded_gecko.JPEG,1.5835387636673728,0.04380580357142857,2198,284,9.193853632462972,0.9157980721262013,0.8861777037547691,0.7479894495585134,-4.652425254270184,-8.571853657450088,0.03736961840454081
../benchmarks/vggnet16_benchmark2022/segmented_outputs/background/n04111531_rotisserie.JPEG,n04111531_rotisserie.JPEG,4.549811157923033,0.13789461096938777,6919,183,35.42905230662855,0.724955042032975,0.5673042787524232,0.8046978030146199,0.6841112775854299,1.5886094531919657,0.03709033417078346
../benchmarks/vggnet16_benchmark2022/segmented_outputs/masks/n02488291_langur_mask.png,n02488291_langur_mask.png,0.4071400042438851,0.0204280931122449,1025,2,14.638776975290291,0.9847829761171618,0.9143479205365093,0.8977566434574293,-6.971397142664735,-12.022934855692114,0.0368919059730533
../benchmarks/vggnet16_benchmark2022/segmented_outputs/object/n02100236_German_short-haired_pointer.JPEG,n02100236_German_short-haired_pointer.JPEG,5.950550898342467,0.1891143176020408,9489,395,59.076918004567695,0.6152722299652247,0.37920691097986475,0.7279489605015999,4.965054307303677,8.807593862859154,0.03632751769838716
../benchmarks/vggnet16_benchmark2022/segmented_outputs/background/n03903868_pedestal.JPEG,n03903868_pedestal.JPEG,4.5223947400281945,0.15184550382653061,7619,257,10.879678471456213,0.7127169426380303,0.5928418502956337,0.886521883718639,0.4211704365192823,1.541739000732682,0.03624621721235005
../benchmarks/vggnet16_benchmark2022/segmented_outputs/object/n02980441_castle.JPEG,n02980441_castle.JPEG,7.583864228800821,0.28164859693877553,14132,583,54.60550541222082,0.43542243794898383,0.1294645383011949,0.7743434019763016,9.681838089161785,17.723899899284184,0.03594743247939091
../benchmarks/vggnet16_benchmark2022/segmented_outputs/object/n02190166_fly.JPEG,n02190166_fly.JPEG,6.876360543370019,0.16741071428571427,8400,315,24.53681415673409,0.6221984234786901,0.21778436881984342,0.718644553310157,4.2045804398070965,7.62285430182275,0.03572963886015437
../benchmarks/vggnet16_benchmark2022/segmented_outputs/background/n03250847_drumstick.JPEG,n03250847_drumstick.JPEG,3.0520501381162672,0.08826929209183673,4429,139,29.933216787603044,0.8272593137737392,0.7429621256670753,0.7865010125111738,-2.287326724764209,-3.9439188597942527,0.03543195209233367
../benchmarks/vggnet16_benchmark2022/segmented_outputs/masks/n02100735_English_setter_mask.png,n02100735_English_setter_mask.png,0.6747430680879801,0.026327327806122448,1321,2,24.795031105169006,0.9742255393917162,0.8292815622621605,0.9101018869901554,-6.082617638260003,-10.458428259841869,0.03533008862936178
../benchmarks/vggnet16_benchmark2022/segmented_outputs/background/n03761084_microwave.JPEG,n03761084_microwave.JPEG,4.932626590755617,0.1437938456632653,7215,326,40.49699274007577,0.7073020463796567,0.5229399044714704,0.7457191404042155,1.9323587440905514,3.4150318359088003,0.03509027557722247
../benchmarks/vggnet16_benchmark2022/segmented_outputs/masks/n03527444_holster_mask.png,n03527444_holster_mask.png,0.9528633699671778,0.02116549744897959,1062,2,15.123744964165315,0.9842788513886015,0.7200702636004785,0.9662206572349779,-5.98887788324174,-10.11259298831309,0.03494388844811947
../benchmarks/vggnet16_benchmark2022/segmented_outputs/object/n02422106_hartebeest.JPEG,n02422106_hartebeest.JPEG,6.461415834241121,0.18706154336734693,9386,262,9.948509055796137,0.58521052776355,0.2242504376516476,0.758422837031182,3.890499501025416,7.560350193790411,0.034838533652897685
../benchmarks/vggnet16_benchmark2022/segmented_outputs/masks/n02963159_cardigan_mask.png,n02963159_cardigan_mask.png,0.872601343600915,0.023716517857142856,1190,2,18.602040162531303,0.9806631599142087,0.7549461816976913,0.9528931037633164,-5.987752427438733,-10.152306638445108,0.03463040377531281
../benchmarks/vggnet16_benchmark2022/segmented_outputs/object/n04263257_soup_bowl.JPEG,n04263257_soup_bowl.JPEG,7.389600452637994,0.21643813775510204,10860,462,34.83904042290369,0.5521015692608766,0.15956566083128515,0.7895150055995199,6.702110759096016,12.302985476091576,0.03458687519144145
../benchmarks/vggnet16_benchmark2022/segmented_outputs/background/n04099969_rocking_chair.JPEG,n04099969_rocking_chair.JPEG,5.150879070301102,0.16850685586734693,8455,134,46.71603534028677,0.6575254401158531,0.5055762330552209,0.7797682528678496,2.170543872795805,4.358253243823739,0.034476288697559275
../benchmarks/vggnet16_benchmark2022/segmented_outputs/background/n03000134_chainlink_fence.JPEG,n03000134_chainlink_fence.JPEG,5.621005553400996,0.18176020408163265,9120,287,44.58401050712441,0.6185828625138039,0.4465498196603438,0.7085286515892999,3.5747132740710788,6.5298647672268775,0.03434005358646195
../benchmarks/vggnet16_benchmark2022/segmented_outputs/background/n07892512_red_wine.JPEG,n07892512_red_wine.JPEG,6.352585316038383,0.18746014030612246,9406,131,16.13350714678254,0.613211233902819,0.3111675508739138,0.8744635329923638,3.001790394027107,6.438080186353821,0.03371210266081886
../benchmarks/vggnet16_benchmark2022/segmented_outputs/background/n03733281_maze.JPEG,n03733281_maze.JPEG,1.85990307838179,0.05331234056122449,2675,61,23.658571230067523,0.8992479639956044,0.8428747089139033,0.796382037853131,-4.604448051755312,-8.07524051135661,0.033650624536786924
../benchmarks/vggnet16_benchmark2022/segmented_outputs/object/n03956157_planetarium.JPEG,n03956157_planetarium.JPEG,6.233783730015985,0.11138791454081633,5589,255,31.74232406835572,0.7629264408803326,0.29929090829595034,0.8285876426122429,1.9043791724884784,3.4378321446225226,0.03290696269487082
../benchmarks/vggnet16_benchmark2022/segmented_outputs/object/n02093991_Irish_terrier.JPEG,n02093991_Irish_terrier.JPEG,5.6120776477041785,0.08111447704081633,4070,84,24.858408629509718,0.7828228471856036,0.39721566775464423,0.6808285238857044,-0.18783580078537643,-0.5609704355223446,0.032779698715580646
../benchmarks/vggnet16_benchmark2022/segmented_outputs/object/n02110185_Siberian_husky.JPEG,n02110185_Siberian_husky.JPEG,6.273767760666398,0.12131297831632654,6087,96,31.945272086450473,0.7011942311805341,0.2812103124581692,0.6888164809219859,1.882826540130169,3.3540420216662596,0.03272836274560517
../benchmarks/vggnet16_benchmark2022/segmented_outputs/object/n01872401_echidna.JPEG,n01872401_echidna.JPEG,7.489733544845394,0.31800063775510207,15956,482,69.51698783995892,0.3462092632300602,0.13045130688371998,0.682761783442349,10.78135616150988,19.76731578690541,0.031788183609290165
../benchmarks/vggnet16_benchmark2022/segmented_outputs/background/n02980441_castle.JPEG,n02980441_castle.JPEG,4.373597693207281,0.12834821428571427,6440,503,40.90650267080507,0.7539110111038452,0.647223248922398,0.7247993626436342,1.4511445387911484,2.1292231926304144,0.03178327446345616
../benchmarks/vggnet16_benchmark2022/segmented_outputs/object/n02971356_carton.JPEG,n02971356_carton.JPEG,6.892789755387216,0.11615114795918367,5828,375,35.09935154678767,0.7290511164909539,0.20863764037145435,0.7159487973615952,3.3749905668025906,5.54464106496925,0.03152773288644234
../benchmarks/vggnet16_benchmark2022/segmented_outputs/background/n01622779_great_grey_owl.JPEG,n01622779_great_grey_owl.JPEG,3.3618078948753967,0.09943000637755102,4989,303,31.617905417617695,0.799995779327587,0.694637736110319,0.7289015136829049,-0.9299965479590087,-1.8760094028249412,0.031015528791940885
../benchmarks/vggnet16_benchmark2022/segmented_outputs/background/n12620546_hip.JPEG,n12620546_hip.JPEG,5.309950040785469,0.1691844706632653,8489,573,71.11756609897186,0.6805718499631717,0.47792201821793934,0.7339500932920512,4.72168674784958,7.887557056627826,0.03071509639266847
../benchmarks/vggnet16_benchmark2022/segmented_outputs/object/n03775546_mixing_bowl.JPEG,n03775546_mixing_bowl.JPEG,6.711733189521013,0.10497050382653061,5267,170,26.45031140542116,0.748936824859071,0.2340124515711566,0.766228745894042,1.824233519606937,3.2285980170362363,0.03049941516156606
../benchmarks/vggnet16_benchmark2022/segmented_outputs/background/n03775546_mixing_bowl.JPEG,n03775546_mixing_bowl.JPEG,4.037243273414417,0.10281808035714286,5159,178,26.864720923000313,0.7835781301345695,0.6156292575643372,0.7555854618579989,-0.8661289970575373,-1.4703616424988144,0.03049868535989242
../benchmarks/vggnet16_benchmark2022/segmented_outputs/masks/n03769881_minibus_mask.png,n03769881_minibus_mask.png,0.701994813979347,0.02549027423469388,1279,2,19.39529795137085,0.9798385676181176,0.8213550598762477,0.9339483261579438,-6.2520602470677895,-10.659386280702135,0.030080921247678145
../benchmarks/vggnet16_benchmark2022/segmented_outputs/object/n13054560_bolete.JPEG,n13054560_bolete.JPEG,7.17286389424482,0.26403061224489793,13248,434,74.96269335739022,0.46029819766349667,0.17205099352455733,0.7102719165408184,8.951260300797971,16.195599279786176,0.03000374308717775
../benchmarks/vggnet16_benchmark2022/segmented_outputs/background/n02097047_miniature_schnauzer.JPEG,n02097047_miniature_schnauzer.JPEG,2.5967825232840718,0.08510044642857142,4270,190,17.207146248543477,0.8400862289715973,0.7759415170906665,0.8065219873744214,-2.892050396403137,-4.9356221965735605,0.029790166266627456
../benchmarks/vggnet16_benchmark2022/segmented_outputs/object/n01877812_wallaby.JPEG,n01877812_wallaby.JPEG,7.591344086328577,0.31216119260204084,15663,564,35.04276537575215,0.3285943646219551,0.06715492982242657,0.6197932780392508,10.378985582745008,19.00232580454202,0.029538819500030924
../benchmarks/vggnet16_benchmark2022/segmented_outputs/background/n03724870_mask.JPEG,n03724870_mask.JPEG,4.352026531386601,0.1279296875,6419,499,28.704841540770936,0.7502607911350818,0.6392960216313779,0.7285514741136929,1.105714015704713,1.6328037476613628,0.029092618024877233
../benchmarks/vggnet16_benchmark2022/segmented_outputs/object/n02437312_Arabian_camel.JPEG,n02437312_Arabian_camel.JPEG,5.1137978647178866,0.07403938137755102,3715,272,9.867391713487272,0.8369062198165266,0.484000727876546,0.8014252969664268,-0.8429118140345995,-1.6031452085607139,0.02890976041728162
../benchmarks/vggnet16_benchmark2022/segmented_outputs/object/n02490219_marmoset.JPEG,n02490219_marmoset.JPEG,5.867541095382322,0.1923828125,9653,166,74.11367292650844,0.609970540360708,0.3339842886550821,0.7674851499076158,4.712166438357828,8.72446944449308,0.028794272042802327
../benchmarks/vggnet16_benchmark2022/segmented_outputs/background/n04335435_streetcar.JPEG,n04335435_streetcar.JPEG,4.7021229337912125,0.1542370854591837,7739,228,33.75180633003492,0.6974745285905712,0.5390899788052488,0.8137294654457232,1.398523692971688,2.951338294761317,0.028592389868278854
../benchmarks/vggnet16_benchmark2022/segmented_outputs/masks/n03485407_hand-held_computer_mask.png,n03485407_hand-held_computer_mask.png,0.5554189585766821,0.02499202806122449,1254,2,20.80469611500494,0.9783734967619491,0.8714178063307492,0.9009733359213149,-6.455946075039948,-11.11951641300052,0.028298753297895704
../benchmarks/vggnet16_benchmark2022/segmented_outputs/background/n01530575_brambling.JPEG,n01530575_brambling.JPEG,2.6480407194700337,0.06955516581632654,3490,117,17.487649494411485,0.8564171980461903,0.7850490000433292,0.7600871769745412,-3.5296112631028906,-6.211247459607862,0.028219387719626662
../benchmarks/vggnet16_benchmark2022/segmented_outputs/masks/n03938244_pillow_mask.png,n03938244_pillow_mask.png,0.9339327098974672,0.02423469387755102,1216,2,18.937826709178726,0.9803141094499181,0.7270019577276505,0.956405664094855,-5.837095747732992,-9.875620153980849,0.02794077728519864
../benchmarks/vggnet16_benchmark2022/segmented_outputs/object/n02493509_titi.JPEG,n02493509_titi.JPEG,6.57698437339663,0.23082748724489796,11582,517,52.57773865892718,0.5384227499566494,0.323679747414759,0.735728560951375,6.8203092702713075,12.29259117084229,0.027446778643842117
../benchmarks/vggnet16_benchmark2022/segmented_outputs/background/n03180011_desktop_computer.JPEG,n03180011_desktop_computer.JPEG,3.604407017037721,0.054767219387755105,2748,196,7.6347352633678875,0.8691813796700452,0.6925301233276165,0.7243581168888107,-3.0857589102387424,-5.730654617099846,0.02739926322442399
../benchmarks/vggnet16_benchmark2022/segmented_outputs/background/n03425413_gas_pump.JPEG,n03425413_gas_pump.JPEG,6.377631755097372,0.1934191645408163,9705,230,37.64203691946522,0.5856699685032452,0.28442922508197244,0.739929979053064,4.424880716672503,8.328468877538413,0.027343466741112217
../benchmarks/vggnet16_benchmark2022/segmented_outputs/object/n03658185_letter_opener.JPEG,n03658185_letter_opener.JPEG,6.522327538146392,0.2541454081632653,12752,184,32.16472872364534,0.4786031165394367,0.32064848534647644,0.7943824937793034,5.565549093242907,11.09435076962167,0.027078019796265805
../benchmarks/vggnet16_benchmark2022/segmented_outputs/object/n02279972_monarch.JPEG,n02279972_monarch.JPEG,6.53760722207368,0.2556002869897959,12825,885,42.493251651408,0.5128391894954252,0.308505299309747,0.7625735855010857,8.583458089862186,15.219830073469453,0.02692337186241938
../benchmarks/vggnet16_benchmark2022/segmented_outputs/object/n02481823_chimpanzee.JPEG,n02481823_chimpanzee.JPEG,6.935660540753615,0.21803252551020408,10940,159,23.3168562156094,0.5359201600942325,0.16903846363925873,0.8151229005749934,5.03924495109815,10.020999322978298,0.026200168434937252
../benchmarks/vggnet16_benchmark2022/segmented_outputs/object/n03791053_motor_scooter.JPEG,n03791053_motor_scooter.JPEG,6.346551260354153,0.1997967155612245,10025,714,61.86751752842795,0.6059704150019232,0.32367279494922063,0.6980134940002122,6.9265440286427555,11.76484944727782,0.025443803822333036
../benchmarks/vggnet16_benchmark2022/segmented_outputs/masks/n01742172_boa_constrictor_mask.png,n01742172_boa_constrictor_mask.png,0.6057153460529638,0.027463329081632654,1378,2,26.145841969517658,0.9728213700940564,0.8515969875078884,0.8903916207539349,-6.128128628738287,-10.59131047002633,0.025106126694958684
../benchmarks/vggnet16_benchmark2022/segmented_outputs/masks/n04487081_trolleybus_mask.png,n04487081_trolleybus_mask.png,0.6931668893046794,0.026965082908163265,1353,2,21.566160163557036,0.9775819540919365,0.8242576817923228,0.9247938200378516,-6.164999822698663,-10.534997025028698,0.02478694914508102
../benchmarks/vggnet16_benchmark2022/segmented_outputs/masks/n01986214_hermit_crab_mask.png,n01986214_hermit_crab_mask.png,0.8439552863438238,0.02658641581632653,1334,2,21.37466723437686,0.9777810111908765,0.7651225728713555,0.9433780105849338,-5.893249579268498,-10.008966352235094,0.024770034288582814
../benchmarks/vggnet16_benchmark2022/segmented_outputs/background/n02125311_cougar.JPEG,n02125311_cougar.JPEG,5.65849759637713,0.19090800382653061,9579,419,41.30971292327318,0.6223300415949771,0.46354380579461474,0.756826471677999,4.074650112227725,7.43933003338047,0.024553802521378836
../benchmarks/vggnet16_benchmark2022/segmented_outputs/masks/n03208938_disk_brake_mask.png,n03208938_disk_brake_mask.png,0.7113529561453431,0.026566485969387755,1333,2,20.1126684985865,0.9790928601885796,0.8175146115294689,0.9327394707347092,-6.191378744755627,-10.552532732264796,0.0244834021041319
../benchmarks/vggnet16_benchmark2022/segmented_outputs/background/n02098286_West_Highland_white_terrier.JPEG,n02098286_West_Highland_white_terrier.JPEG,4.999374080140726,0.1474609375,7399,418,27.669956581286996,0.7229088359091802,0.5401907319457186,0.8258044936982685,1.836273106111507,3.444468305104084,0.023691384118081565
../benchmarks/vggnet16_benchmark2022/segmented_outputs/background/n03197337_digital_watch.JPEG,n03197337_digital_watch.JPEG,4.046621685653019,0.13636001275510204,6842,263,57.24583990265254,0.7341258797455503,0.6107250743234409,0.7358794290322749,1.2271964745331003,2.0826100766985585,0.0230940431269804
../benchmarks/vggnet16_benchmark2022/segmented_outputs/background/n01667114_mud_turtle.JPEG,n01667114_mud_turtle.JPEG,6.1333417693060674,0.2314453125,11613,548,31.328599320737965,0.5451766917620475,0.36504268164429576,0.7809235159225663,5.944312139097905,11.016688347993188,0.022923319847982945
../benchmarks/vggnet16_benchmark2022/segmented_outputs/background/n04515003_upright.JPEG,n04515003_upright.JPEG,5.280895214636249,0.16290656887755103,8174,574,56.427121821126036,0.6962800775496041,0.5074097218590725,0.7572650147332893,3.9669485528248867,6.677642764622087,0.022912585712504874
../benchmarks/vggnet16_benchmark2022/segmented_outputs/object/n02113186_Cardigan.JPEG,n02113186_Cardigan.JPEG,7.102410033869245,0.28549505739795916,14325,385,15.096936903911262,0.43943399732356103,0.1679784497444996,0.9173566787020284,7.3876585939095705,14.72002186181312,0.022846939099282523
../benchmarks/vggnet16_benchmark2022/segmented_outputs/object/n04044716_radio_telescope.JPEG,n04044716_radio_telescope.JPEG,6.176667147024349,0.11674904336734694,5858,201,11.996370540685728,0.7231975018919272,0.3082884551164353,0.7351145931222193,1.3613693253908603,2.52200763965827,0.02259463326572123
../benchmarks/vggnet16_benchmark2022/segmented_outputs/object/n02090622_borzoi.JPEG,n02090622_borzoi.JPEG,7.533084790446527,0.2512954400510204,12609,479,47.18000216195115,0.4756620946641055,0.11515792766151228,0.7224576413013561,8.366231802043966,15.230300267496478,0.02252062791482419
../benchmarks/vggnet16_benchmark2022/segmented_outputs/background/n07871810_meat_loaf.JPEG,n07871810_meat_loaf.JPEG,6.4722441648395845,0.2005341198979592,10062,559,46.659155324208015,0.5972476436646341,0.3152380640021044,0.7332341296005085,5.984758699376121,10.54861933066516,0.021949705073397805
../benchmarks/vggnet16_benchmark2022/segmented_outputs/background/n03452741_grand_piano.JPEG,n03452741_grand_piano.JPEG,4.261347261192267,0.1485969387755102,7456,457,28.39613071634459,0.7219506518511372,0.6155324479294813,0.7888341257768559,1.4679484652724477,2.678091410124677,0.021874632747272665
../benchmarks/vggnet16_benchmark2022/segmented_outputs/background/n01774384_black_widow.JPEG,n01774384_black_widow.JPEG,1.4959116159668335,0.03302375637755102,1657,119,10.594128585223016,0.9275569148614923,0.9080768988455633,0.7200908818216598,-5.6321707587715455,-10.22845728225035,0.021474279567567464
../benchmarks/vggnet16_benchmark2022/segmented_outputs/masks/n03787032_mortarboard_mask.png,n03787032_mortarboard_mask.png,0.7086926958538156,0.027283960459183673,1369,2,20.833103469337836,0.9783439672875907,0.8178877398139424,0.9300200473102944,-6.156708408109981,-10.49831684942193,0.021286228839384427
../benchmarks/vggnet16_benchmark2022/segmented_outputs/background/n02085936_Maltese_dog.JPEG,n02085936_Maltese_dog.JPEG,3.9552474420911876,0.12015704719387756,6029,169,9.894886370184558,0.7709821513333753,0.6334262730906415,0.8627089192077833,-1.1758438903167499,-1.4382231621686095,0.021025106379709186
../benchmarks/vggnet16_benchmark2022/segmented_outputs/background/n01774750_tarantula.JPEG,n01774750_tarantula.JPEG,5.992185048971126,0.2099609375,10535,218,19.506991708050315,0.5788389545818026,0.38701565220447554,0.8424374833085311,3.5787693783411867,7.415482239080092,0.020979617457930987
../benchmarks/vggnet16_benchmark2022/segmented_outputs/object/n13040303_stinkhorn.JPEG,n13040303_stinkhorn.JPEG,6.16326594122586,0.19290098852040816,9679,445,37.552920940449965,0.6081644868487839,0.3678363484364654,0.7422740191088911,4.745258085211357,8.575629537506359,0.02092469579788604
../benchmarks/vggnet16_benchmark2022/segmented_outputs/background/n01829413_hornbill.JPEG,n01829413_hornbill.JPEG,3.4451795163491097,0.09713807397959184,4874,440,21.862297856845505,0.8016026573346975,0.7164517536046864,0.6806508203282615,-0.7638940347568453,-1.8634133990934112,0.020899340528415397
../benchmarks/vggnet16_benchmark2022/segmented_outputs/object/n01514668_cock.JPEG,n01514668_cock.JPEG,6.379343971194256,0.24980070153061223,12534,1137,35.31775625151194,0.5527964173861227,0.33299319936083294,0.8210067770892503,8.899918193170889,15.569623587066062,0.02079732021792205
../benchmarks/vggnet16_benchmark2022/segmented_outputs/background/n03594945_jeep.JPEG,n03594945_jeep.JPEG,4.031115309322116,0.12547831632653061,6296,200,26.242203533602176,0.7599525734748286,0.6363232450933043,0.8195895386527703,-0.39092457772897127,-0.30445966975071226,0.020611234238112806
../benchmarks/vggnet16_benchmark2022/segmented_outputs/masks/n04209133_shower_cap_mask.png,n04209133_shower_cap_mask.png,0.8860660024936727,0.027104591836734693,1360,2,21.842966624540175,0.977294213488004,0.7466182689620376,0.9459166923931845,-5.78128670195604,-9.804250220877785,0.020588489887552037
../benchmarks/vggnet16_benchmark2022/segmented_outputs/background/n03788365_mosquito_net.JPEG,n03788365_mosquito_net.JPEG,2.523691748786611,0.06863839285714286,3444,136,28.655115411572805,0.8779252191761489,0.7846929474823615,0.8089957610341517,-3.3098612537506518,-5.814507077640301,0.019523901915530217
../benchmarks/vggnet16_benchmark2022/segmented_outputs/masks/n07930864_cup_mask.png,n07930864_cup_mask.png,0.828014060448323,0.02871890943877551,1441,2,24.36725710718164,0.9746702109072956,0.7703695547762296,0.9335618905295306,-5.77796590342023,-9.837503239481412,0.0193930404960933
../benchmarks/vggnet16_benchmark2022/segmented_outputs/masks/n02112350_keeshond_mask.png,n02112350_keeshond_mask.png,0.6467885151974438,0.028519610969387755,1431,2,24.901274428699402,0.9741150993464663,0.8380318241675241,0.9048772291433789,-6.090167025793587,-10.46835775416125,0.019388780574372044
../benchmarks/vggnet16_benchmark2022/segmented_outputs/background/n02834397_bib.JPEG,n02834397_bib.JPEG,3.384379346534283,0.0478515625,2401,170,6.580840504765639,0.8838381957886827,0.7065521344125273,0.722536014876718,-3.555927286964664,-6.564955925621042,0.01911400723120012
../benchmarks/vggnet16_benchmark2022/segmented_outputs/background/n09332890_lakeside.JPEG,n09332890_lakeside.JPEG,4.56781290915421,0.1192203443877551,5982,162,19.60673762269503,0.7491336022470388,0.5566701965568439,0.7692322927083117,-0.2605349591605068,-0.17021902294909677,0.019096829224851945
../benchmarks/vggnet16_benchmark2022/segmented_outputs/object/n03721384_marimba.JPEG,n03721384_marimba.JPEG,5.764915706325867,0.1376155931122449,6905,448,37.227299114211434,0.7086483597968055,0.40583453223053845,0.6976397933324128,2.9959089260349514,4.922737387399277,0.01878059966851599
../benchmarks/vggnet16_benchmark2022/segmented_outputs/object/n01734418_king_snake.JPEG,n01734418_king_snake.JPEG,7.457161107006486,0.31393494897959184,15752,289,62.489199651309406,0.34388407233892704,0.1250314518834018,0.6856909581289646,9.747969996380492,18.264047490204145,0.01852816259968519
../benchmarks/vggnet16_benchmark2022/segmented_outputs/object/n02086910_papillon.JPEG,n02086910_papillon.JPEG,6.9350434399990455,0.2325813137755102,11670,276,26.9390700784081,0.5146451594445943,0.16698732643315506,0.7992343647790572,5.981308423517504,11.560535557917373,0.018409520277582622
../benchmarks/vggnet16_benchmark2022/segmented_outputs/background/n01514668_cock.JPEG,n01514668_cock.JPEG,4.941356172491655,0.15116788903061223,7585,167,27.436355950605652,0.6795793858508798,0.40637821973776983,0.7698652332857892,1.6264268235607937,3.3595146112733643,0.018202705658982785
../benchmarks/vggnet16_benchmark2022/segmented_outputs/background/n04372370_switch.JPEG,n04372370_switch.JPEG,2.132570390199234,0.05020328443877551,2519,16,13.507952153469038,0.891119561838335,0.7974125246597035,0.7623431610202225,-4.810269191371215,-8.415738856705559,0.018057029589531856
../benchmarks/vggnet16_benchmark2022/segmented_outputs/masks/n06359193_web_site_mask.png,n06359193_web_site_mask.png,0.5231929091561636,0.026247608418367346,1317,2,22.879269753277775,0.9762169753084431,0.8799354059568141,0.8819280576485022,-6.4061781760543495,-11.0875938357893,0.017674081049573853
../benchmarks/vggnet16_benchmark2022/segmented_outputs/background/n03535780_horizontal_bar.JPEG,n03535780_horizontal_bar.JPEG,6.062237860864638,0.21171476403061223,10623,378,67.0947791578599,0.5716725145012937,0.3847657334407206,0.6925757593069399,5.769089392749158,10.276229404675293,0.01766652067681107
../benchmarks/vggnet16_benchmark2022/segmented_outputs/background/n04443257_tobacco_shop.JPEG,n04443257_tobacco_shop.JPEG,5.133423258885767,0.1883171237244898,9449,273,64.72266427718853,0.6353262370862125,0.48520457587926125,0.7661642790634378,3.7837779029164014,6.986845733673267,0.01759766966550904
../benchmarks/vggnet16_benchmark2022/segmented_outputs/background/n04270147_spatula.JPEG,n04270147_spatula.JPEG,2.6875703690631387,0.053989955357142856,2709,507,13.475892830029213,0.8922889587783924,0.8249843523181931,0.6675561312519842,-2.661706290082196,-5.612158894285471,0.017565890995827216
../benchmarks/vggnet16_benchmark2022/segmented_outputs/background/n02799071_baseball.JPEG,n02799071_baseball.JPEG,5.701545318355807,0.17426658163265307,8744,281,61.6602538660319,0.6538597105627764,0.44012749842905435,0.7501240809619967,3.788606981966354,6.818823368572886,0.017464323292641845
../benchmarks/vggnet16_benchmark2022/segmented_outputs/masks/n03492542_hard_disc_mask.png,n03492542_hard_disc_mask.png,0.7978053036786731,0.027881855867346938,1399,2,21.295830257399384,0.9778629623103956,0.7849752727211863,0.9387587143237603,-5.9705244577555625,-10.146431346004551,0.017450942017677426
../benchmarks/vggnet16_benchmark2022/segmented_outputs/background/n02101556_clumber.JPEG,n02101556_clumber.JPEG,2.2294595265936428,0.0677016900510204,3397,54,38.543856747672294,0.8712039896970425,0.8015197158163401,0.764289001402968,-3.4940155463169984,-6.205884388092592,0.017437077572961514
../benchmarks/vggnet16_benchmark2022/segmented_outputs/masks/n02097298_Scotch_terrier_mask.png,n02097298_Scotch_terrier_mask.png,0.8272944344524791,0.02744339923469388,1377,2,20.503800278170488,0.9786862782971201,0.7728309799319373,0.9440842580461375,-5.948244303383119,-10.090510177554584,0.017224294529428488
../benchmarks/vggnet16_benchmark2022/segmented_outputs/masks/n03764736_milk_can_mask.png,n03764736_milk_can_mask.png,0.9790016811740938,0.027503188775510203,1380,2,23.513307847949495,0.9755578920499486,0.7013163546211107,0.9494711535291088,-5.504909046630395,-9.316538680420454,0.016811212358399594
../benchmarks/vggnet16_benchmark2022/segmented_outputs/background/n03775071_mitten.JPEG,n03775071_mitten.JPEG,1.0155345466319445,0.027283960459183673,1369,70,4.5441767424303805,0.9526414604889737,0.9255301954405545,0.7901332286688508,-6.506564968713621,-11.487544359584453,0.016069881065062245
../benchmarks/vggnet16_benchmark2022/segmented_outputs/masks/n04264628_space_bar_mask.png,n04264628_space_bar_mask.png,0.8179063697696032,0.02774234693877551,1392,2,20.588397603892602,0.9785983392890929,0.7772650902414715,0.9428323812019046,-5.9612648429757105,-10.11509271331763,0.015870030583917664
../benchmarks/vggnet16_benchmark2022/segmented_outputs/background/n04428191_thresher.JPEG,n04428191_thresher.JPEG,3.9671724716019443,0.12109375,6076,479,38.83398547536761,0.7703295605518249,0.6870289166925745,0.7093568317568468,0.7721099091488239,0.9003677452084007,0.015244200975943357
../benchmarks/vggnet16_benchmark2022/segmented_outputs/background/n02128757_snow_leopard.JPEG,n02128757_snow_leopard.JPEG,3.066538062177414,0.08005819515306123,4017,163,12.120055910816959,0.839276488936798,0.7401224735008914,0.7728337846039135,-2.908165456828891,-5.03829793202289,0.015076980127496338
../benchmarks/vggnet16_benchmark2022/segmented_outputs/masks/n02364673_guinea_pig_mask.png,n02364673_guinea_pig_mask.png,0.98116581412827,0.02369658801020408,1189,2,14.91550075974402,0.9844953214555675,0.7059570042325538,0.9680776798547349,-5.893686229874868,-9.917643978480848,0.014418879541488834
../benchmarks/vggnet16_benchmark2022/segmented_outputs/background/n02088466_bloodhound.JPEG,n02088466_bloodhound.JPEG,5.687708729214524,0.2041613520408163,10244,120,41.21417500479491,0.586102494431615,0.4021466932070407,0.7943133110011715,3.5285700662349364,7.139620067323372,0.014261849865789674
../benchmarks/vggnet16_benchmark2022/segmented_outputs/masks/n03126707_crane_mask.png,n03126707_crane_mask.png,0.7409124495135715,0.028439891581632654,1427,2,21.11524514100134,0.9780506807266098,0.8064423585023887,0.9330259400596523,-6.0728642842239,-10.335755791884312,0.014159437001090108
../benchmarks/vggnet16_benchmark2022/segmented_outputs/masks/n02346627_porcupine_mask.png,n02346627_porcupine_mask.png,0.21876709015248091,0.013352997448979591,670,2,11.438525519858414,0.988109640831748,0.9613685576207543,0.8134618699809489,-7.446864677045066,-13.113027008401644,0.01404174936409386
../benchmarks/vggnet16_benchmark2022/segmented_outputs/background/n02977058_cash_machine.JPEG,n02977058_cash_machine.JPEG,4.68951487573211,0.1561902104591837,7837,362,56.833891809568726,0.7159554554845057,0.4805852880487588,0.833933554383872,2.7717615897927987,5.066280538851162,0.013448306725305755
../benchmarks/vggnet16_benchmark2022/segmented_outputs/object/n03594734_jean.JPEG,n03594734_jean.JPEG,6.471036297149522,0.21243223852040816,10659,359,51.50755907770603,0.5855261939070074,0.28830440052033235,0.8222369269211924,5.672870463122223,10.594491557293601,0.013379942366039734
../benchmarks/vggnet16_benchmark2022/segmented_outputs/background/n03218198_dogsled.JPEG,n03218198_dogsled.JPEG,7.2909776711435565,0.2880261479591837,14452,320,56.41360095376653,0.416107997528676,0.17248361475450624,0.7628271745863608,8.607382881486343,16.240056948004224,0.013188709214699662
../benchmarks/vggnet16_benchmark2022/segmented_outputs/masks/n03584254_iPod_mask.png,n03584254_iPod_mask.png,0.9156966457493558,0.03037308673469388,1524,2,27.110993686761574,0.9718180938807053,0.729701976281766,0.9358902027473706,-5.463266080468634,-9.283988933169827,0.012954223705714907
../benchmarks/vggnet16_benchmark2022/segmented_outputs/object/n02130308_cheetah.JPEG,n02130308_cheetah.JPEG,7.6553206288083295,0.3142139668367347,15766,652,23.22443725960157,0.357528597825956,0.06771129552052779,0.7425312505742192,10.252796848256594,19.076770216456648,0.012854803809955129
../benchmarks/vggnet16_benchmark2022/segmented_outputs/masks/n01795545_black_grouse_mask.png,n01795545_black_grouse_mask.png,0.39638880817329736,0.02321827168367347,1165,2,19.593242127226205,0.9796328044415528,0.9138625113047958,0.8592888177640223,-6.750466643419257,-11.750893691231871,0.012689814517011108
../benchmarks/vggnet16_benchmark2022/segmented_outputs/object/n03207743_dishrag.JPEG,n03207743_dishrag.JPEG,7.515577970768632,0.3532764668367347,17726,998,17.48071235178284,0.3043708001366761,0.06374686253306897,0.762372322429457,12.361725638398353,22.718831163403507,0.012178960475723612
../benchmarks/vggnet16_benchmark2022/segmented_outputs/background/n01630670_common_newt.JPEG,n01630670_common_newt.JPEG,2.904648346824485,0.08101482780612244,4065,432,25.22915529288274,0.8428822251626936,0.7819974319173733,0.684853845917571,-1.6516812940025427,-3.5469169833585292,0.011915829466749538
../benchmarks/vggnet16_benchmark2022/segmented_outputs/background/n02701002_ambulance.JPEG,n02701002_ambulance.JPEG,4.428194914277818,0.14598612882653061,7325,336,28.56032863236988,0.7231840254653321,0.5797042501032346,0.8023895142276432,1.1361847198565942,2.2797242545627743,0.011427914103310385
../benchmarks/vggnet16_benchmark2022/segmented_outputs/background/n06359193_web_site.JPEG,n06359193_web_site.JPEG,1.5485857532003824,0.027543048469387755,1382,93,4.045596568427422,0.9472490081155391,0.8575679164067915,0.783225841942075,-5.9260487332781135,-10.532766139676326,0.01125718482007575
../benchmarks/vggnet16_benchmark2022/segmented_outputs/background/n02113624_toy_poodle.JPEG,n02113624_toy_poodle.JPEG,4.797142820142232,0.15158641581632654,7606,184,69.11176550105796,0.7108256113265597,0.5001250077378995,0.785767595628218,2.348657180594553,4.311625174272073,0.011042262546623903
../benchmarks/vggnet16_benchmark2022/segmented_outputs/masks/n02088094_Afghan_hound_mask.png,n02088094_Afghan_hound_mask.png,0.9319031538155711,0.03001434948979592,1506,2,25.983097107465483,0.9729905435473333,0.7223684874002547,0.9401646003423704,-5.475620454295237,-9.28856028764768,0.010967451915056093
../benchmarks/vggnet16_benchmark2022/segmented_outputs/masks/n04599235_wool_mask.png,n04599235_wool_mask.png,0.8266633557736925,0.03142936862244898,1577,2,27.65587660842689,0.9712516875172277,0.7682919352859822,0.9245843049907727,-5.609527451204157,-9.567596520615536,0.010292969058872265
../benchmarks/vggnet16_benchmark2022/segmented_outputs/object/n03877472_pajama.JPEG,n03877472_pajama.JPEG,6.590053366618043,0.21171476403061223,10623,448,26.36451084924329,0.580324690188278,0.30557257008191785,0.8088677195642671,5.277355863676761,9.915290722140899,0.010018495032919414
../benchmarks/vggnet16_benchmark2022/segmented_outputs/masks/n01978287_Dungeness_crab_mask.png,n01978287_Dungeness_crab_mask.png,0.6929122245970364,0.029974489795918366,1504,2,23.912330669938193,0.9751431074117067,0.8212121441304642,0.9173988157085501,-6.022469915619782,-10.296831991227705,0.009836459450472516
../benchmarks/vggnet16_benchmark2022/segmented_outputs/background/n01914609_sea_anemone.JPEG,n01914609_sea_anemone.JPEG,4.128939343519307,0.13966836734693877,7008,462,19.14220924438287,0.7215712840327535,0.5604365166422265,0.7306729478541711,1.2385103311932877,2.1289760305059877,0.009612610480443247
../benchmarks/vggnet16_benchmark2022/segmented_outputs/object/n03837869_obelisk.JPEG,n03837869_obelisk.JPEG,5.055342676680248,0.0428093112244898,2148,43,1.805572693248938,0.8851275948954364,0.375082043389606,0.8342163332702911,-2.3882837673174926,-4.081867344404753,0.009561091720850387
../benchmarks/vggnet16_benchmark2022/segmented_outputs/masks/n01817953_African_grey_mask.png,n01817953_African_grey_mask.png,0.9371165988159926,0.02796157525510204,1403,2,21.14174894353757,0.9780231299963227,0.7233337645235028,0.9516723804399851,-5.685333700099068,-9.607351079195977,0.009376278443303784
../benchmarks/vggnet16_benchmark2022/segmented_outputs/masks/n02808440_bathtub_mask.png,n02808440_bathtub_mask.png,0.45133839954175164,0.025271045918367346,1268,2,16.42196116890362,0.982929354294279,0.9044932212449233,0.8957660015572373,-6.778915234117784,-11.665046071375086,0.009027143927742108
../benchmarks/vggnet16_benchmark2022/segmented_outputs/masks/n02817516_bearskin_mask.png,n02817516_bearskin_mask.png,0.7585732801522211,0.030512595663265307,1531,2,24.599513888633453,0.9744287797415452,0.7982212104561233,0.9241667919435509,-5.875974372688855,-10.022318731543946,0.008732316869022037
../benchmarks/vggnet16_benchmark2022/segmented_outputs/background/n04266014_space_shuttle.JPEG,n04266014_space_shuttle.JPEG,4.4976529028930035,0.1560905612244898,7832,264,62.443540384273724,0.6981990626436463,0.5837055289421288,0.7274359551605716,2.18340505844394,3.8457372985371108,0.007883583572329536
../benchmarks/vggnet16_benchmark2022/segmented_outputs/object/n03476684_hair_slide.JPEG,n03476684_hair_slide.JPEG,6.868730732686908,0.22831632653061223,11456,615,42.38794397213701,0.5317084231305144,0.26357533051420334,0.6763988975877394,7.25738813486578,12.813064241884952,0.007634189904987501
../benchmarks/vggnet16_benchmark2022/segmented_outputs/object/n02412080_ram.JPEG,n02412080_ram.JPEG,7.610724047709006,0.3067602040816326,15392,353,16.335291773752058,0.3687699249461105,0.06897956176506208,0.8104252017935485,8.6278048395905,16.828208794476268,0.007556606083277849
../benchmarks/vggnet16_benchmark2022/segmented_outputs/background/n02840245_binder.JPEG,n02840245_binder.JPEG,4.325989847829443,0.10877710459183673,5458,247,24.655524943514724,0.7780473290288148,0.6245250376611298,0.737650393157816,-0.4524593481989383,-0.8431582773221193,0.007281103691750175
../benchmarks/vggnet16_benchmark2022/segmented_outputs/object/n03000684_chain_saw.JPEG,n03000684_chain_saw.JPEG,7.063226500493249,0.2587093431122449,12981,436,50.9763153562054,0.4647265063404265,0.22191536019970548,0.6834138858707692,7.896000039822809,14.40678367592147,0.006966048588576962
../benchmarks/vggnet16_benchmark2022/segmented_outputs/object/n09246464_cliff.JPEG,n09246464_cliff.JPEG,7.339786880416406,0.23670679209183673,11877,255,32.18969793592849,0.501548075857817,0.14016201122663896,0.7683651220447767,6.455542025991092,12.318356173612385,0.006544421871312883
../benchmarks/vggnet16_benchmark2022/segmented_outputs/background/n03891251_park_bench.JPEG,n03891251_park_bench.JPEG,5.459489101816919,0.19935825892857142,10003,316,41.89567619924018,0.6082259866063215,0.46226357834629367,0.7677842027409625,3.8171961427191285,7.245551430981729,0.006015567572648219
../benchmarks/vggnet16_benchmark2022/segmented_outputs/background/n03063599_coffee_mug.JPEG,n03063599_coffee_mug.JPEG,5.147929216410253,0.17141661352040816,8601,400,61.85233635626206,0.6630611804706665,0.5008273180447289,0.697889348359003,3.7327558777244905,6.4051833866465,0.0056339355243471756
../benchmarks/vggnet16_benchmark2022/segmented_outputs/object/n02097209_standard_schnauzer.JPEG,n02097209_standard_schnauzer.JPEG,7.212604339263461,0.2516541772959184,12627,612,24.163158755380152,0.449513054318066,0.09799301571536492,0.6031090789129563,8.32367425157112,14.854993031326805,0.004838623985406194
../benchmarks/vggnet16_benchmark2022/segmented_outputs/masks/n04310018_steam_locomotive_mask.png,n04310018_steam_locomotive_mask.png,0.8233057989789803,0.03162866709183673,1587,2,26.05722074504901,0.9729134919490134,0.7705662248964729,0.9285908031367691,-5.675091048405971,-9.658726968211498,0.004569744613954908
../benchmarks/vggnet16_benchmark2022/segmented_outputs/object/n01806567_quail.JPEG,n01806567_quail.JPEG,6.286838997278476,0.2650868941326531,13301,214,14.179797557833052,0.45936298660318,0.17764304042003967,0.8474889154584162,5.886774981685016,12.02794445890198,0.004506648664273506
../benchmarks/vggnet16_benchmark2022/segmented_outputs/background/n04136333_sarong.JPEG,n04136333_sarong.JPEG,2.4994388052094205,0.07178730867346939,3602,290,13.390467305942115,0.8683830663919154,0.8235364519639469,0.7513483102002594,-3.1964164207378865,-5.850570040225209,0.00428320357450241
../benchmarks/vggnet16_benchmark2022/segmented_outputs/masks/n02086079_Pekinese_mask.png,n02086079_Pekinese_mask.png,0.6481835699856029,0.031010841836734693,1556,2,25.622101457188016,0.9733657989010519,0.8375665128902039,0.9021103463978337,-6.024169896946826,-10.344921793620905,0.003969838416574343
../benchmarks/vggnet16_benchmark2022/segmented_outputs/masks/n03014705_chest_mask.png,n03014705_chest_mask.png,0.8520263833551394,0.031947544642857144,1603,2,26.829661001538003,0.9721105394994407,0.7582067180694155,0.929828492087061,-5.5836557623922,-9.497643929129474,0.003951603744594802
../benchmarks/vggnet16_benchmark2022/segmented_outputs/background/n04141076_sax.JPEG,n04141076_sax.JPEG,5.444092738954755,0.17321029974489796,8691,191,38.10160293301037,0.6441598523907135,0.48591618325657304,0.732648884221734,2.4836191579884015,4.79426844067801,0.003946902978945355
../benchmarks/vggnet16_benchmark2022/segmented_outputs/masks/n01675722_banded_gecko_mask.png,n01675722_banded_gecko_mask.png,0.4104756699498049,0.02459343112244898,1234,2,21.882039105438444,0.9772535976034943,0.9107022133282168,0.8460548557144404,-6.628561360882898,-11.578224895081878,0.003695855925290535
../benchmarks/vggnet16_benchmark2022/segmented_outputs/masks/n02002556_white_stork_mask.png,n02002556_white_stork_mask.png,0.9026321828493002,0.030293367346938774,1520,2,23.669019084412824,0.975396030057783,0.736113302921886,0.9432756337770002,-5.620083288070905,-9.515044788160804,0.0034951403001531565
../benchmarks/vggnet16_benchmark2022/segmented_outputs/masks/n03240683_drilling_platform_mask.png,n03240683_drilling_platform_mask.png,0.4634368082647744,0.026925223214285716,1351,2,23.169045305450165,0.9759157533207379,0.8949225285451194,0.8626151217403407,-6.465762847186511,-11.239295124750576,0.0034054655988302266
../benchmarks/vggnet16_benchmark2022/segmented_outputs/masks/n03944341_pinwheel_mask.png,n03944341_pinwheel_mask.png,0.905411832993948,0.03180803571428571,1596,2,27.057172237638767,0.9718740413330158,0.7316635271896008,0.9356321774068295,-5.455220783983802,-9.258183095148494,0.0033736342790633683
../benchmarks/vggnet16_benchmark2022/segmented_outputs/background/n07753592_banana.JPEG,n07753592_banana.JPEG,5.459935572273842,0.20818718112244897,10446,564,67.94320945766816,0.6009917820006445,0.46299767678401527,0.6948543408627232,5.783668500020323,10.018594025002125,0.0032733230203153135
../benchmarks/vggnet16_benchmark2022/segmented_outputs/masks/n02892767_brassiere_mask.png,n02892767_brassiere_mask.png,0.8273844813936039,0.03196747448979592,1604,2,26.427136959684344,0.9725289636593718,0.76813223134917,0.9282125276291707,-5.645582328228962,-9.607741923123037,0.0032161061443248765
../benchmarks/vggnet16_benchmark2022/segmented_outputs/masks/n03075370_combination_lock_mask.png,n03075370_combination_lock_mask.png,0.7824153881551065,0.03198740433673469,1605,2,26.284283235098844,0.972677460254575,0.7872187581010153,0.922637519095195,-5.740901035314671,-9.789289097667826,0.003183931786215467
../benchmarks/vggnet16_benchmark2022/segmented_outputs/background/n01924916_flatworm.JPEG,n01924916_flatworm.JPEG,3.36908669244,0.1006656568877551,5051,286,44.824725638362175,0.8108032733625857,0.7259925578112035,0.7199092786392841,-0.7671576953933311,-1.6900023517806997,0.002632834503899304
../benchmarks/vggnet16_benchmark2022/segmented_outputs/masks/n02132136_brown_bear_mask.png,n02132136_brown_bear_mask.png,0.2712360732239685,0.017916932397959183,899,2,15.136860560884946,0.9842652177121778,0.9474091034420268,0.8187815595061381,-7.1695239241160715,-12.602947180416269,0.002601310684976885
../benchmarks/vggnet16_benchmark2022/segmented_outputs/masks/n03443371_goblet_mask.png,n03443371_goblet_mask.png,0.9495620677534791,0.029635682397959183,1487,2,22.798606946270407,0.9763008243801763,0.7165382661074804,0.9488011495874583,-5.568790996300097,-9.40863661472738,0.0024417868085470466
../benchmarks/vggnet16_benchmark2022/segmented_outputs/object/n03250847_drumstick.JPEG,n03250847_drumstick.JPEG,6.032334380926997,0.10118383290816327,5077,198,30.40960345337785,0.7343122521555927,0.3393997388589528,0.5820151840757397,1.4274852152061055,1.9658915974037963,0.002257039678086147
../benchmarks/vggnet16_benchmark2022/segmented_outputs/masks/n04591157_Windsor_tie_mask.png,n04591157_Windsor_tie_mask.png,0.9764569139257239,0.028380102040816327,1424,2,20.493912174968465,0.9786965569906774,0.7046845766843688,0.9558007243671546,-5.616240829322226,-9.466004132968374,0.0013782174803225033
../benchmarks/vggnet16_benchmark2022/segmented_outputs/background/n02099429_curly-coated_retriever.JPEG,n02099429_curly-coated_retriever.JPEG,3.2507935741001925,0.09490593112244898,4762,229,9.20916092785842,0.8069759461745634,0.6714106797026024,0.7515770278292229,-1.9705612597607711,-3.3911315961537554,0.0006589833498139063
../benchmarks/vggnet16_benchmark2022/segmented_outputs/background/n04548362_wallet.JPEG,n04548362_wallet.JPEG,3.5468800277833217,0.06740274234693877,3382,139,3.3723798564959524,0.8552176031716896,0.6431308217114797,0.7751079251561583,-3.0022175708806356,-5.214953536574297,0.0005815863950750629
../benchmarks/vggnet16_benchmark2022/segmented_outputs/background/n02793495_barn.JPEG,n02793495_barn.JPEG,4.159132064243737,0.11134805484693877,5587,419,32.04968739240879,0.7817350880569556,0.6355430642977291,0.7041314177559735,0.3780066229683893,0.2482003891230271,-5.159877492240199e-05
../benchmarks/vggnet16_benchmark2022/segmented_outputs/object/n03877845_palace.JPEG,n03877845_palace.JPEG,6.479872509118908,0.18534757653061223,9300,622,29.10036439070916,0.6205369316238394,0.25775821544908334,0.7152563756013197,5.562093131076299,9.682163817789544,-0.0005419618851717194
../benchmarks/vggnet16_benchmark2022/segmented_outputs/masks/n07565083_menu_mask.png,n07565083_menu_mask.png,0.29390121302780453,0.018674266581632654,937,2,17.099747340234572,0.982224794864621,0.9425728782073548,0.8100451187927212,-7.059089519069713,-12.441271265136578,-0.0007914009596790787
../benchmarks/vggnet16_benchmark2022/segmented_outputs/background/n02129165_lion.JPEG,n02129165_lion.JPEG,2.7133767781888904,0.07270408163265306,3648,95,31.335446922796145,0.8822597181316183,0.7639488969950925,0.849206687978145,-3.2094944248868322,-5.4684397252287615,-0.001401631745220588
../benchmarks/vggnet16_benchmark2022/segmented_outputs/background/n03676483_lipstick.JPEG,n03676483_lipstick.JPEG,2.490232931662276,0.07302295918367346,3664,180,25.313401452141104,0.8718896347532349,0.7941172810620192,0.7851744689204692,-3.177689005166248,-5.645947439729897,-0.0014411594706147885
../benchmarks/vggnet16_benchmark2022/segmented_outputs/background/n03874599_padlock.JPEG,n03874599_padlock.JPEG,4.746940817979297,0.13576211734693877,6812,261,32.52049224436413,0.7213270013115476,0.5631481534015199,0.7107269075566134,0.9952184448039277,1.7667152052837767,-0.0014527527871928585
../benchmarks/vggnet16_benchmark2022/segmented_outputs/object/n03873416_paddle.JPEG,n03873416_paddle.JPEG,7.810599110404214,0.35501036352040816,17813,16,50.43385325709556,0.22908416118666367,0.05497991030749774,0.6225661865248522,10.010246737229046,19.40048502957562,-0.0017375215956224217
../benchmarks/vggnet16_benchmark2022/segmented_outputs/masks/n04238763_slide_rule_mask.png,n04238763_slide_rule_mask.png,0.5620723593076549,0.03130978954081633,1571,2,30.193443766149628,0.9686138838189713,0.8637341785579393,0.8589341046202408,-5.98558232451655,-10.423050853354036,-0.001747082992084056
../benchmarks/vggnet16_benchmark2022/segmented_outputs/object/n04487394_trombone.JPEG,n04487394_trombone.JPEG,7.38287430166858,0.1888751594387755,9477,16,55.504590993676885,0.5625940052958853,0.1287256122078226,0.6413527699182091,5.152251148064442,9.449933151484606,-0.002505809394515203
../benchmarks/vggnet16_benchmark2022/segmented_outputs/masks/n04131690_saltshaker_mask.png,n04131690_saltshaker_mask.png,0.8044480308650779,0.033282844387755105,1670,2,27.28060754998535,0.9716417800935703,0.7764826369576332,0.9231677483668239,-5.635436835389027,-9.59904447334847,-0.0029658957860933532
../benchmarks/vggnet16_benchmark2022/segmented_outputs/masks/n02865351_bolo_tie_mask.png,n02865351_bolo_tie_mask.png,0.9436162122738808,0.029854910714285716,1498,2,21.364404269378447,0.9777916795536606,0.7208919730633425,0.9515117785195651,-5.636996050017254,-9.509115422007337,-0.003039681322583195
../benchmarks/vggnet16_benchmark2022/segmented_outputs/background/n02894605_breakwater.JPEG,n02894605_breakwater.JPEG,3.200994311496028,0.10084502551020408,5060,285,20.439510357507555,0.813978250259064,0.7416970347137417,0.7671966495449284,-1.647946354116757,-2.9130238203383234,-0.003938652619073943
../benchmarks/vggnet16_benchmark2022/segmented_outputs/background/n02101388_Brittany_spaniel.JPEG,n02101388_Brittany_spaniel.JPEG,4.632454324417592,0.14090401785714285,7070,364,27.795308152888566,0.7336720000318706,0.6057231159929448,0.7723378803500924,1.0639021370441513,1.9772892248249283,-0.004242710342360113
../benchmarks/vggnet16_benchmark2022/segmented_outputs/masks/n04532670_viaduct_mask.png,n04532670_viaduct_mask.png,0.9840213546868017,0.031050701530612245,1558,2,24.52205428709157,0.9745092990778674,0.6978255117240251,0.9477321247440234,-5.399575091104928,-9.114534189784232,-0.004246776696696156
../benchmarks/vggnet16_benchmark2022/segmented_outputs/masks/n02110958_pug_mask.png,n02110958_pug_mask.png,0.896264801899944,0.03218670280612245,1615,2,25.077396858401347,0.9739320198977117,0.7400022842804679,0.9388725322348956,-5.557519656974179,-9.412246976617968,-0.004477574329969335
../benchmarks/vggnet16_benchmark2022/segmented_outputs/background/n03028079_church.JPEG,n03028079_church.JPEG,3.05834228188632,0.09091996173469388,4562,90,32.01507689852875,0.8200015072924787,0.7337831704174764,0.7385925505922741,-2.3010056891862876,-4.016144459012431,-0.004698708766134454
../benchmarks/vggnet16_benchmark2022/segmented_outputs/background/n02415577_bighorn.JPEG,n02415577_bighorn.JPEG,3.629496149620341,0.1112484056122449,5582,319,21.166177054110456,0.7887324603684118,0.7067742092903024,0.7474189866309986,-0.8770179135360653,-1.5948326560649608,-0.004741692689574109
../benchmarks/vggnet16_benchmark2022/segmented_outputs/object/n01582220_magpie.JPEG,n01582220_magpie.JPEG,6.716321709606474,0.20717075892857142,10395,331,23.512409476827425,0.5633464676877888,0.1754018791460834,0.757260426503316,5.301523357543544,9.993338017680236,-0.00486234287097408
../benchmarks/vggnet16_benchmark2022/segmented_outputs/background/n01739381_vine_snake.JPEG,n01739381_vine_snake.JPEG,5.60531099375657,0.15525350765306123,7790,287,35.45755092115637,0.684764378852117,0.46091018442909304,0.7370460854749056,2.429510260769555,4.429899136434197,-0.005112139771889415
../benchmarks/vggnet16_benchmark2022/segmented_outputs/object/n02321529_sea_cucumber.JPEG,n02321529_sea_cucumber.JPEG,7.647774887400706,0.3225845025510204,16186,607,36.77471846546598,0.3535588858870966,0.07274428996686347,0.7572526377612779,10.606386168147424,19.766220029038788,-0.00522587763469322
../benchmarks/vggnet16_benchmark2022/segmented_outputs/masks/n11879895_rapeseed_mask.png,n11879895_rapeseed_mask.png,0.32866523088504007,0.02206234056122449,1107,2,18.709913117206582,0.9805510258656897,0.932130711594231,0.8261315078716325,-6.8960788329024245,-12.09684689093877,-0.005413232060280245
../benchmarks/vggnet16_benchmark2022/segmented_outputs/background/n03661043_library.JPEG,n03661043_library.JPEG,5.407056582131126,0.17914939413265307,8989,273,66.25379223238039,0.6500872246144911,0.42446023682964407,0.7433553603148156,3.9384151153717983,7.100987208496179,-0.005444528188257931
../benchmarks/vggnet16_benchmark2022/segmented_outputs/masks/n02013706_limpkin_mask.png,n02013706_limpkin_mask.png,0.9648170378225032,0.03461814413265306,1737,2,31.18357462774614,0.9675846417590996,0.701594043741928,0.9318897474723611,-5.1240439117594985,-8.692878466303489,-0.005653292736820283
../benchmarks/vggnet16_benchmark2022/segmented_outputs/background/n04380533_table_lamp.JPEG,n04380533_table_lamp.JPEG,4.8808795910064005,0.11752630739795919,5897,51,13.751563660296613,0.7377615514534736,0.4991519793383974,0.7341915379929136,-0.5017327218695657,-0.501244656728303,-0.005821543151562418
../benchmarks/vggnet16_benchmark2022/segmented_outputs/object/n07836838_chocolate_sauce.JPEG,n07836838_chocolate_sauce.JPEG,5.665879521182848,0.16701211734693877,8380,311,44.18552353814995,0.6597565314385061,0.4225828507732641,0.7163527482701356,3.2919297404677192,5.892546613665058,-0.006078991109547705
../benchmarks/vggnet16_benchmark2022/segmented_outputs/object/n04296562_stage.JPEG,n04296562_stage.JPEG,7.21323558734826,0.2138671875,10731,443,84.59244983832926,0.5361003441437293,0.15300534747769462,0.559217315242466,8.14350594263341,13.858868210766104,-0.0063745206950058895
../benchmarks/vggnet16_benchmark2022/segmented_outputs/object/n02397096_warthog.JPEG,n02397096_warthog.JPEG,7.621614587669862,0.3119618941326531,15653,400,33.966308403906424,0.33384833266374037,0.06853888486174929,0.6393736816548892,9.65134923991253,18.016998602591364,-0.006449370229841359
../benchmarks/vggnet16_benchmark2022/segmented_outputs/masks/n02120079_Arctic_fox_mask.png,n02120079_Arctic_fox_mask.png,0.9886270321961868,0.030113998724489797,1511,2,22.00247413212559,0.9771284052680607,0.6974134686856363,0.9533901368715296,-5.502516383522672,-9.269325211681608,-0.006478523209642741
../benchmarks/vggnet16_benchmark2022/segmented_outputs/masks/n01776313_tick_mask.png,n01776313_tick_mask.png,0.7169498115535019,0.034658003826530615,1739,2,30.19041621187706,0.9686170309647848,0.8092504041285569,0.900161960462825,-5.667418062382442,-9.727250241839563,-0.006556185423476697
../benchmarks/vggnet16_benchmark2022/segmented_outputs/background/n03877845_palace.JPEG,n03877845_palace.JPEG,5.2248135241475,0.17217394770408162,8639,420,28.35228803370383,0.6808126728224994,0.5339750244665895,0.8136618706581246,2.607279288636651,4.958145878355348,-0.006661303032749658
../benchmarks/vggnet16_benchmark2022/segmented_outputs/background/n03133878_Crock_Pot.JPEG,n03133878_Crock_Pot.JPEG,1.486058219258073,0.03910235969387755,1962,137,15.13607250776364,0.9213425964017283,0.889538835225146,0.7015992027888939,-5.22521988188538,-9.569295030281433,-0.007002494950118529
../benchmarks/vggnet16_benchmark2022/segmented_outputs/object/n07760859_custard_apple.JPEG,n07760859_custard_apple.JPEG,7.252129403968941,0.2873684630102041,14419,484,33.015585435243345,0.4248624090345525,0.17861820028744774,0.7701697064016341,8.46507247939225,15.946805703850805,-0.007238473776715626
../benchmarks/vggnet16_benchmark2022/segmented_outputs/masks/n01532829_house_finch_mask.png,n01532829_house_finch_mask.png,0.876990623824826,0.0343391262755102,1723,2,28.69981993256693,0.9701665073466039,0.7464529616285169,0.9278133982049619,-5.4247638665896005,-9.21793824658765,-0.007413302855797015
../benchmarks/vggnet16_benchmark2022/segmented_outputs/object/n02018207_American_coot.JPEG,n02018207_American_coot.JPEG,7.494122352631623,0.3317920918367347,16648,608,28.43655706836458,0.30323876208216105,0.06755829171980732,0.6286434357055073,10.771455798387985,19.874995280558856,-0.007661712639141321
../benchmarks/vggnet16_benchmark2022/segmented_outputs/masks/n04228054_ski_mask.png,n04228054_ski_mask.png,0.403226067426406,0.026128029336734693,1311,2,21.379161446964602,0.9777763394522198,0.9125048782575479,0.8470564987337669,-6.633697423369841,-11.568214078191971,-0.007908362538553912
../benchmarks/vggnet16_benchmark2022/segmented_outputs/background/n02437616_llama.JPEG,n02437616_llama.JPEG,4.150644760400476,0.13797433035714285,6923,201,41.076174635244904,0.735798473358392,0.6095135302620841,0.7644721087213666,0.5463342638731931,1.1842761404059123,-0.00842832909358352
../benchmarks/vggnet16_benchmark2022/segmented_outputs/background/n02110627_affenpinscher.JPEG,n02110627_affenpinscher.JPEG,4.765081657608835,0.16356425382653061,8207,254,14.801636012568995,0.6834581028293811,0.5241458249566393,0.8190017098247889,1.2411745932359184,2.8762775229495032,-0.00863313578716719
../benchmarks/vggnet16_benchmark2022/segmented_outputs/object/n03196217_digital_clock.JPEG,n03196217_digital_clock.JPEG,5.97199024653981,0.051857461734693876,2602,182,31.183366899947124,0.841021783678419,0.3266467464104096,0.6247719443564839,0.008545319977083854,-0.8197257436000414,-0.008972206982384526
../benchmarks/vggnet16_benchmark2022/segmented_outputs/background/n03032252_cinema.JPEG,n03032252_cinema.JPEG,3.9356451521155082,0.12368463010204081,6206,399,47.60483378747885,0.7708493647567023,0.6663675265584906,0.7135087101422111,0.8143815373890951,1.059916265605483,-0.009139820460492436
../benchmarks/vggnet16_benchmark2022/segmented_outputs/background/n02105251_briard.JPEG,n02105251_briard.JPEG,3.5815265875027187,0.11778539540816327,5910,348,20.121705556024462,0.7757200728913729,0.6927025241511757,0.7391509175360647,-0.5763074910071914,-1.0606472313782997,-0.0092527917201574
../benchmarks/vggnet16_benchmark2022/segmented_outputs/object/n02127052_lynx.JPEG,n02127052_lynx.JPEG,6.471204884881863,0.15168606505102042,7611,251,22.706686836322437,0.6506766561532112,0.27885896764857665,0.6514299863348403,3.087531550597822,5.466861665443454,-0.009296294661684537
../benchmarks/vggnet16_benchmark2022/segmented_outputs/object/n01534433_junco.JPEG,n01534433_junco.JPEG,6.689941838023072,0.24256616709183673,12171,471,33.66497511241263,0.5345324638999904,0.2892169734273554,0.8307353819982024,6.438766930596287,12.183952959559969,-0.009583849827099642
../benchmarks/vggnet16_benchmark2022/segmented_outputs/background/n01944390_snail.JPEG,n01944390_snail.JPEG,2.6523917855854013,0.08581792091836735,4306,163,36.84348022894045,0.8515173483991209,0.7675342221288886,0.7854973002059175,-2.416718944512831,-4.268683600582784,-0.01009362886777446
../benchmarks/vggnet16_benchmark2022/segmented_outputs/background/n03666591_lighter.JPEG,n03666591_lighter.JPEG,2.5396349685642794,0.07310267857142858,3668,47,46.14338499542239,0.8623415708790995,0.7482719397984722,0.7433211416414289,-2.8343909219672976,-5.115153094066826,-0.010221632071347674
../benchmarks/vggnet16_benchmark2022/segmented_outputs/object/n03388043_fountain.JPEG,n03388043_fountain.JPEG,6.9252454712552085,0.24563536352040816,12325,16,48.4848084532218,0.44029067138576455,0.12878608235320732,0.5869010625557938,6.376606261695179,12.031898974753375,-0.010363422162027985
../benchmarks/vggnet16_benchmark2022/segmented_outputs/background/n02058221_albatross.JPEG,n02058221_albatross.JPEG,2.6355732428252407,0.08876753826530612,4454,84,44.3785724621052,0.8303810758191368,0.744061897741138,0.7313940290850137,-2.2509255007833064,-4.030961868805945,-0.010382886933998053
../benchmarks/vggnet16_benchmark2022/segmented_outputs/object/n04336792_stretcher.JPEG,n04336792_stretcher.JPEG,5.07841843554485,0.17412707270408162,8737,551,57.133639702377934,0.6702648540844067,0.5038065402304095,0.7013221760645223,4.161139207076491,7.008506392262292,-0.01040669790216349
../benchmarks/vggnet16_benchmark2022/segmented_outputs/object/n01924916_flatworm.JPEG,n01924916_flatworm.JPEG,7.751608497148928,0.3111049107142857,15610,591,55.70333145501421,0.373792334736742,0.09406626671412754,0.7039203669241436,10.772179157602533,19.683451625976904,-0.010558009779127417
../benchmarks/vggnet16_benchmark2022/segmented_outputs/masks/n02093754_Border_terrier_mask.png,n02093754_Border_terrier_mask.png,0.9064859233329419,0.03473772321428571,1743,2,28.825993497327907,0.9700353497948775,0.7323849182076252,0.9309524586339801,-5.348956110189687,-9.073535515309393,-0.01082738311209695
../benchmarks/vggnet16_benchmark2022/segmented_outputs/masks/n01796340_ptarmigan_mask.png,n01796340_ptarmigan_mask.png,0.5211058842083673,0.03067203443877551,1539,2,22.02740518613499,0.9771024894115021,0.8779430948631559,0.8892148340207944,-6.3643224266326355,-10.951861019847254,-0.011195664195711271
../benchmarks/vggnet16_benchmark2022/segmented_outputs/object/n04589890_window_screen.JPEG,n04589890_window_screen.JPEG,7.354231261581423,0.2940051020408163,14752,373,38.850620297511654,0.40097604075321,0.1291224947283686,0.751076500606676,8.667333623580154,16.429299163234948,-0.011262636131366787
../benchmarks/vggnet16_benchmark2022/segmented_outputs/background/n03950228_pitcher.JPEG,n03950228_pitcher.JPEG,4.433684763686593,0.1322345344387755,6635,230,23.652378076574472,0.7411449314500946,0.5811022906151669,0.7720738373133786,0.23696974093623463,0.6935184209991918,-0.01143154927749979
../benchmarks/vggnet16_benchmark2022/segmented_outputs/object/n06794110_street_sign.JPEG,n06794110_street_sign.JPEG,4.205745802927401,0.13255341198979592,6651,123,33.32570744503421,0.7296756402403143,0.6114717240831932,0.7215234030338631,-0.033305320106802705,0.17840715945631552,-0.012099077704745265
../benchmarks/vggnet16_benchmark2022/segmented_outputs/masks/n07693725_bagel_mask.png,n07693725_bagel_mask.png,0.8092502224094487,0.033900669642857144,1701,2,25.335009637622413,0.9736642311459226,0.7779223408288933,0.9285717647353526,-5.701117159791227,-9.681016116460537,-0.012426650222258454
../benchmarks/vggnet16_benchmark2022/segmented_outputs/background/n01753488_horned_viper.JPEG,n01753488_horned_viper.JPEG,4.502007901163979,0.15280213647959184,7667,576,58.014047641646435,0.7183357996870928,0.5967561337637695,0.6867809345076252,3.0934210823602872,4.883890852038321,-0.012603615878574337
../benchmarks/vggnet16_benchmark2022/segmented_outputs/masks/n04277352_spindle_mask.png,n04277352_spindle_mask.png,0.586341510336847,0.033083545918367346,1660,2,27.169143363923958,0.9717576472308482,0.8564004547719892,0.8816740780744967,-6.032379421567907,-10.407912369868052,-0.013097022454380396
../benchmarks/vggnet16_benchmark2022/segmented_outputs/masks/n02165105_tiger_beetle_mask.png,n02165105_tiger_beetle_mask.png,0.5828466602519199,0.03366151147959184,1689,2,29.266774913050774,0.9695771570550407,0.8539803646507398,0.8737698422602305,-5.9389773554743,-10.275232899679793,-0.013176028160071978
../benchmarks/vggnet16_benchmark2022/segmented_outputs/masks/n01773797_garden_spider_mask.png,n01773797_garden_spider_mask.png,0.5783292967167245,0.03326291454081633,1669,2,28.08456004823775,0.9708060706359275,0.8572086263578393,0.876653063695902,-6.002339639715588,-10.373545872191784,-0.01337243679994047
../benchmarks/vggnet16_benchmark2022/segmented_outputs/object/n01984695_spiny_lobster.JPEG,n01984695_spiny_lobster.JPEG,6.247548165102387,0.2394172512755102,12013,567,59.368752443089974,0.5300076625030943,0.34913546228182757,0.6842688163484562,7.185198410466125,12.759143791721359,-0.013711299290207443
../benchmarks/vggnet16_benchmark2022/segmented_outputs/masks/n03337140_file_mask.png,n03337140_file_mask.png,0.7420172558103466,0.03555484693877551,1784,2,29.268867377316813,0.9695749819362611,0.8023723858046092,0.9066975931410107,-5.65177702630872,-9.668552369355451,-0.01404280318939106
../benchmarks/vggnet16_benchmark2022/segmented_outputs/background/n02115913_dhole.JPEG,n02115913_dhole.JPEG,2.988890063138344,0.09163743622448979,4598,170,20.466943475660695,0.8282333057159479,0.7423621907859288,0.7669740815623547,-2.4243816057057614,-4.177358602217991,-0.014157348874913078
../benchmarks/vggnet16_benchmark2022/segmented_outputs/object/n01629819_European_fire_salamander.JPEG,n01629819_European_fire_salamander.JPEG,7.053872987611051,0.2749123086734694,13794,507,53.08831828846574,0.4525236162009289,0.20763445665055139,0.7228118715031285,8.61756312061867,15.798180026198459,-0.014271698980797163
../benchmarks/vggnet16_benchmark2022/segmented_outputs/masks/n02091831_Saluki_mask.png,n02091831_Saluki_mask.png,0.8027670625040502,0.03489716198979592,1751,2,27.094839703298135,0.9718348859633076,0.7793816589288258,0.92277300592956,-5.629836496194114,-9.576127799297824,-0.014322627853154328
../benchmarks/vggnet16_benchmark2022/segmented_outputs/background/n01819313_sulphur-crested_cockatoo.JPEG,n01819313_sulphur-crested_cockatoo.JPEG,3.727832819284183,0.1162109375,5831,249,22.871617688625278,0.768052574879725,0.6643475456933874,0.7162032862074029,-0.7063657813867342,-1.243018039037501,-0.014364007303702535
../benchmarks/vggnet16_benchmark2022/segmented_outputs/object/n02981792_catamaran.JPEG,n02981792_catamaran.JPEG,5.957270300366752,0.06572863520408163,3298,267,15.950288909983989,0.8486271584704901,0.34651241157714907,0.7682566329732958,-0.027148704706283278,-0.396877897268082,-0.014509180247420775
../benchmarks/vggnet16_benchmark2022/segmented_outputs/object/n02106550_Rottweiler.JPEG,n02106550_Rottweiler.JPEG,4.896614345706418,0.10833864795918367,5436,260,22.802994377814436,0.7470124784721304,0.49419194761950225,0.6177661887243001,0.44944475457379796,0.4093707958741561,-0.01465008503952876
../benchmarks/vggnet16_benchmark2022/segmented_outputs/background/n03271574_electric_fan.JPEG,n03271574_electric_fan.JPEG,2.102858619647857,0.054209183673469385,2720,172,19.905862754986984,0.9056692075489929,0.8415206332503744,0.7514630128241722,-4.1952867528811195,-7.6166886695118174,-0.015132374796500496
../benchmarks/vggnet16_benchmark2022/segmented_outputs/masks/n04435653_tile_roof_mask.png,n04435653_tile_roof_mask.png,0.2802014036937613,0.02010921556122449,1009,2,17.865911806936893,0.9814283661050552,0.9430870214402567,0.7986618267559249,-7.016776676859463,-12.390590773677822,-0.015433341402219919
../benchmarks/vggnet16_benchmark2022/segmented_outputs/masks/n09421951_sandbar_mask.png,n09421951_sandbar_mask.png,0.7051904708768459,0.03569435586734694,1791,2,29.6065689397215,0.9692239408111003,0.8140005672361625,0.899797773111561,-5.6960011413241975,-9.7657351112096,-0.015504717390275492
../benchmarks/vggnet16_benchmark2022/segmented_outputs/masks/n02342885_hamster_mask.png,n02342885_hamster_mask.png,0.47154272514402956,0.030113998724489797,1511,2,26.05751875944849,0.9729131821627355,0.8922841057002611,0.8471436579238414,-6.299047281391893,-10.983325432632832,-0.01634962512367215
../benchmarks/vggnet16_benchmark2022/segmented_outputs/background/n01667778_terrapin.JPEG,n01667778_terrapin.JPEG,3.9636218169424224,0.10060586734693877,5048,397,20.80604946472973,0.8040245292028372,0.6737905078692396,0.7034985930430268,-0.5713609384205842,-1.3903513594600692,-0.016387677708185503
../benchmarks/vggnet16_benchmark2022/segmented_outputs/masks/n03792782_mountain_bike_mask.png,n03792782_mountain_bike_mask.png,0.2878513378460413,0.020368303571428572,1022,2,16.49514009841198,0.9828532847209855,0.944960598466654,0.8077222050222667,-7.067347771281462,-12.443720677850617,-0.01649767989545954
../benchmarks/vggnet16_benchmark2022/segmented_outputs/object/n02326432_hare.JPEG,n02326432_hare.JPEG,6.354570833550823,0.24326371173469388,12206,398,14.695789129543526,0.5222086827166789,0.23071785620665833,0.8464831451043974,5.753616534815376,11.31364496573492,-0.016506530982138903
../benchmarks/vggnet16_benchmark2022/segmented_outputs/background/n02481823_chimpanzee.JPEG,n02481823_chimpanzee.JPEG,3.2382445436620926,0.09789540816326531,4912,246,21.987090895093104,0.8112554673885033,0.7135868658456962,0.7311329046809695,-1.6647797188876376,-3.0150402731432875,-0.016680213964081925
../benchmarks/vggnet16_benchmark2022/segmented_outputs/masks/n03476991_hair_spray_mask.png,n03476991_hair_spray_mask.png,0.8423349556954869,0.03766741071428571,1890,2,32.9946228519665,0.9657020552474361,0.7587272111104504,0.9122239927858806,-5.27800239661475,-9.006597499589706,-0.016816777087025385
../benchmarks/vggnet16_benchmark2022/segmented_outputs/object/n04509417_unicycle.JPEG,n04509417_unicycle.JPEG,5.074402861749748,0.1543765943877551,7746,160,39.48664503600956,0.7002112189932284,0.5006060293765534,0.7912066437459618,1.5704987156074353,3.2319415960220383,-0.016816829702642856
../benchmarks/vggnet16_benchmark2022/segmented_outputs/background/n01806143_peacock.JPEG,n01806143_peacock.JPEG,6.122074713915202,0.23164461096938777,11623,719,46.93646269065542,0.5544394096243066,0.3697399483147583,0.698622533490725,7.031905286694707,12.338532430181212,-0.017012893344339555
../benchmarks/vggnet16_benchmark2022/segmented_outputs/background/n01534433_junco.JPEG,n01534433_junco.JPEG,5.778159780492668,0.2206433354591837,11071,458,30.031710031579006,0.5648596125424326,0.39975764892066,0.7378300418640865,4.98644190801919,9.281913583097413,-0.01701527233133221
../benchmarks/vggnet16_benchmark2022/segmented_outputs/object/n03379051_football_helmet.JPEG,n03379051_football_helmet.JPEG,4.981203980197976,0.1729312818877551,8677,875,44.23115923334038,0.6803314018799983,0.5412599604801253,0.6554292069624792,4.826085330414293,7.672147871096003,-0.017435582245403987
../benchmarks/vggnet16_benchmark2022/segmented_outputs/object/n04597913_wooden_spoon.JPEG,n04597913_wooden_spoon.JPEG,7.443715931532175,0.2510562818877551,12597,511,43.212291075772995,0.47617504967848456,0.13276732347243717,0.6653617951867843,8.26803025051804,14.890328203430993,-0.017731470375017863
../benchmarks/vggnet16_benchmark2022/segmented_outputs/masks/n02493793_spider_monkey_mask.png,n02493793_spider_monkey_mask.png,0.9911244698722965,0.03298389668367347,1655,2,24.529335893692544,0.9745017298402365,0.6941346577940977,0.948256250126545,-5.353509004577513,-9.01636263459566,-0.017826868973543894
../benchmarks/vggnet16_benchmark2022/segmented_outputs/masks/n03992509_potter's_wheel_mask.png,n03992509_potter's_wheel_mask.png,0.9956510827466217,0.03754783163265306,1884,2,33.99609433943387,0.964661024595183,0.6849165259377568,0.9287882294200343,-4.901468355594245,-8.306382842312164,-0.01801610971943656
../benchmarks/vggnet16_benchmark2022/segmented_outputs/background/n02391049_zebra.JPEG,n02391049_zebra.JPEG,4.170436217132635,0.14580676020408162,7316,299,32.233699239869686,0.7202881998239132,0.622248528254974,0.7381954002602993,0.8502537047492219,1.6392130147652684,-0.018162471659250588
../benchmarks/vggnet16_benchmark2022/segmented_outputs/background/n04613696_yurt.JPEG,n04613696_yurt.JPEG,4.316471464437763,0.1443718112244898,7244,263,42.26942477082568,0.7229123678062122,0.588172967800443,0.739263767215809,1.1553474167144144,2.137008511864967,-0.018684960655400023
../benchmarks/vggnet16_benchmark2022/segmented_outputs/object/n03776460_mobile_home.JPEG,n03776460_mobile_home.JPEG,6.3855678713865345,0.10588727678571429,5313,123,9.52026500509572,0.7487434066479508,0.2510642165930166,0.7479940647802432,0.9477335952186775,1.8635597738229701,-0.01881196073969348
../benchmarks/vggnet16_benchmark2022/segmented_outputs/background/n02859443_boathouse.JPEG,n02859443_boathouse.JPEG,5.159124104214195,0.16350446428571427,8204,311,34.583353069536614,0.6779313402432388,0.5024279482960372,0.7388470858622173,2.336581242341596,4.3322857162526525,-0.018993080705700507
../benchmarks/vggnet16_benchmark2022/segmented_outputs/masks/n03100240_convertible_mask.png,n03100240_convertible_mask.png,0.8696708705406366,0.03794642857142857,1904,2,32.818830691197235,0.9658847913812918,0.7460309670243567,0.9167919531242162,-5.221127502574825,-8.89046399614306,-0.019456981181595695
../benchmarks/vggnet16_benchmark2022/segmented_outputs/masks/n07697313_cheeseburger_mask.png,n07697313_cheeseburger_mask.png,0.8970105895699046,0.03671077806122449,1842,2,30.11478224606065,0.9686956525508725,0.7359753624141834,0.9267713034254548,-5.289625049402803,-8.97404868211346,-0.019841682978397085
../benchmarks/vggnet16_benchmark2022/segmented_outputs/object/n03950228_pitcher.JPEG,n03950228_pitcher.JPEG,6.4928680274901645,0.15880102040816327,7968,403,23.859253034955756,0.6620191567612843,0.22307894534667874,0.7254224554561259,3.9972314927830963,7.095881197504488,-0.020082139005562258
../benchmarks/vggnet16_benchmark2022/segmented_outputs/object/n04065272_recreational_vehicle.JPEG,n04065272_recreational_vehicle.JPEG,6.687321492145265,0.22923309948979592,11502,409,55.03396907149522,0.5523956716164296,0.2925361018193284,0.7569719055243447,6.506638307594904,11.91738174544938,-0.02058224072456235
../benchmarks/vggnet16_benchmark2022/segmented_outputs/background/n04554684_washer.JPEG,n04554684_washer.JPEG,5.727244668968384,0.21334901147959184,10705,16,56.339016694715205,0.5800507612558429,0.3650190048838212,0.8121325031159687,3.8949498945963574,7.944422968031532,-0.020675047869648855
../benchmarks/vggnet16_benchmark2022/segmented_outputs/background/n01990800_isopod.JPEG,n01990800_isopod.JPEG,4.908163762006586,0.1898517219387755,9526,180,52.84883732009769,0.6343513747462171,0.510541535999828,0.7629949811421733,2.8939618668970124,5.663858485135989,-0.020981064163348495
../benchmarks/vggnet16_benchmark2022/segmented_outputs/masks/n01531178_goldfinch_mask.png,n01531178_goldfinch_mask.png,0.8562024780735884,0.037428252551020405,1878,2,30.6770990343838,0.9681111236648817,0.7515080713016312,0.9210521813146343,-5.333465529150657,-9.064795189502426,-0.022035675611247467
../benchmarks/vggnet16_benchmark2022/segmented_outputs/masks/n01806567_quail_mask.png,n01806567_quail_mask.png,0.7123312997913039,0.03842474489795918,1928,2,34.69716444623182,0.9639322614904036,0.8091318255620668,0.8835459961738794,-5.447324937796882,-9.387585754891564,-0.02208533848514485
../benchmarks/vggnet16_benchmark2022/segmented_outputs/background/n02877765_bottlecap.JPEG,n02877765_bottlecap.JPEG,3.908100493559737,0.09825414540816327,4930,170,18.331387782566182,0.7904764164736912,0.6484796342919344,0.6876665241253487,-1.4424963112429636,-2.622955427564943,-0.02232101345817251
../benchmarks/vggnet16_benchmark2022/segmented_outputs/background/n04259630_sombrero.JPEG,n04259630_sombrero.JPEG,0.8090238538810457,0.020886479591836735,1048,84,7.095416906354609,0.9603778547133961,0.9388780328023618,0.7075381080631289,-6.647046600529567,-12.03841499640567,-0.022826452905369974
../benchmarks/vggnet16_benchmark2022/segmented_outputs/masks/n04204238_shopping_basket_mask.png,n04204238_shopping_basket_mask.png,0.7469718537159066,0.038564253826530615,1935,2,33.60991761393851,0.9650624557027666,0.7950438372036954,0.8953138549670072,-5.417782419825347,-9.294821132146142,-0.023109796844473087
../benchmarks/vggnet16_benchmark2022/segmented_outputs/masks/n03642806_laptop_mask.png,n03642806_laptop_mask.png,0.9963329592654435,0.03944116709183673,1979,2,36.266314552407835,0.9623011283239004,0.6830323136517426,0.9240916103207775,-4.782514955493037,-8.111199425476128,-0.02337466942417053
../benchmarks/vggnet16_benchmark2022/segmented_outputs/masks/n03692522_loupe_mask.png,n03692522_loupe_mask.png,0.6055645862312916,0.035235969387755105,1768,2,28.183167596791193,0.9707035679867035,0.8493076554309946,0.8827584258178528,-5.928483074533437,-10.212545124308388,-0.02349591900879998
../benchmarks/vggnet16_benchmark2022/segmented_outputs/masks/n03124043_cowboy_boot_mask.png,n03124043_cowboy_boot_mask.png,0.9811845161290407,0.03382095025510204,1697,2,24.179258548635726,0.9748656356043287,0.6998258312130279,0.9481940825598416,-5.3794240183483195,-9.052984629086223,-0.02374598716469735
../benchmarks/vggnet16_benchmark2022/segmented_outputs/object/n02268443_dragonfly.JPEG,n02268443_dragonfly.JPEG,6.524722856866542,0.203125,10192,371,70.72349794322119,0.5821990619029382,0.27509739803487754,0.6479693474011645,6.2534422612305995,10.908013846679514,-0.0240326638259875
../benchmarks/vggnet16_benchmark2022/segmented_outputs/object/n04458633_totem_pole.JPEG,n04458633_totem_pole.JPEG,6.258201703543716,0.2508968431122449,12589,843,76.4705183567649,0.5164195714454201,0.36706243195048105,0.6001635070492067,9.01295265446908,15.307187880442209,-0.024295769381505544
../benchmarks/vggnet16_benchmark2022/segmented_outputs/masks/n03065424_coil_mask.png,n03065424_coil_mask.png,0.9960952130769971,0.03732860331632653,1873,2,31.6215723412397,0.967129342680624,0.6866561857530722,0.9337497938134509,-4.998201973510501,-8.447480596691864,-0.024298546329959578
../benchmarks/vggnet16_benchmark2022/segmented_outputs/object/n02415577_bighorn.JPEG,n02415577_bighorn.JPEG,7.463351122623462,0.2631935586734694,13206,279,23.668669805795453,0.4544357138996409,0.11325359764882462,0.7667002303723535,7.136530702741709,13.766508832725368,-0.024439861342441832
../benchmarks/vggnet16_benchmark2022/segmented_outputs/background/n04037443_racer.JPEG,n04037443_racer.JPEG,3.6689991723840394,0.11443718112244898,5742,394,31.45332065610649,0.7889545178487187,0.698425646723979,0.7151015999868093,-0.16899781537784708,-0.6005127246615958,-0.024496980068544342
../benchmarks/vggnet16_benchmark2022/segmented_outputs/background/n04081281_restaurant.JPEG,n04081281_restaurant.JPEG,5.9374234995901025,0.2316844706632653,11625,632,74.88113411472281,0.5671911449175797,0.3816822999356446,0.70892337531598,7.325696132222024,12.797827738002864,-0.02516873792777696
../benchmarks/vggnet16_benchmark2022/segmented_outputs/background/n04476259_tray.JPEG,n04476259_tray.JPEG,2.4519889335016654,0.07493622448979592,3760,301,22.28951433495535,0.8541750726757826,0.799986671904548,0.6670544282684285,-2.675775779614204,-5.209232674189999,-0.025243730134842803
../benchmarks/vggnet16_benchmark2022/segmented_outputs/background/n03417042_garbage_truck.JPEG,n03417042_garbage_truck.JPEG,5.46689774876841,0.20539700255102042,10306,16,41.23465492503236,0.5863009655968456,0.4231960251395443,0.7742940825589886,2.958983366346795,6.255858565842107,-0.025345002866321385
../benchmarks/vggnet16_benchmark2022/segmented_outputs/background/n04493381_tub.JPEG,n04493381_tub.JPEG,6.23189166289067,0.22801737882653061,11441,391,45.43578132567162,0.5572373564478648,0.34758673923937033,0.7634557260632315,5.71041349149275,10.643278898600595,-0.025708211598675826
../benchmarks/vggnet16_benchmark2022/segmented_outputs/background/n04146614_school_bus.JPEG,n04146614_school_bus.JPEG,3.3622823018025922,0.10377471301020408,5207,125,26.870343889322566,0.7989874805748631,0.7106690763008896,0.7386254622867088,-1.7856600160086356,-3.0258417840779934,-0.0259355289473739
../benchmarks/vggnet16_benchmark2022/segmented_outputs/object/n06596364_comic_book.JPEG,n06596364_comic_book.JPEG,5.762234824957963,0.21027981505102042,10551,839,47.559594415270496,0.6050231003447382,0.43928461840356914,0.6713629083715651,6.4985077975742005,10.972968235059776,-0.02609337017316798
../benchmarks/vggnet16_benchmark2022/segmented_outputs/object/n04074963_remote_control.JPEG,n04074963_remote_control.JPEG,6.804337050662807,0.26038345025510207,13065,314,16.223311059019043,0.42650140938011866,0.1290683243998461,0.6156974928709886,6.873116296547898,12.929834309226678,-0.02614105122565659
../benchmarks/vggnet16_benchmark2022/segmented_outputs/masks/n03000247_chain_mail_mask.png,n03000247_chain_mail_mask.png,0.8529053332386929,0.03802614795918367,1908,2,30.36601737140446,0.9684344933769184,0.7559212568476109,0.920539388578294,-5.3540883999269875,-9.09574356747102,-0.02687265296642447
../benchmarks/vggnet16_benchmark2022/segmented_outputs/background/n03794056_mousetrap.JPEG,n03794056_mousetrap.JPEG,2.4205681845806213,0.06951530612244898,3488,272,20.518194059588932,0.869647930674651,0.8173033419850657,0.6910680872516152,-3.102841138480033,-5.888991667916487,-0.02731238773990123
../benchmarks/vggnet16_benchmark2022/segmented_outputs/background/n04275548_spider_web.JPEG,n04275548_spider_web.JPEG,2.409803996929461,0.06263950892857142,3143,506,23.364114923665312,0.8814181765856008,0.8323922405890604,0.6143278723768937,-2.305326588472462,-5.114341956561029,-0.02756469621154692
../benchmarks/vggnet16_benchmark2022/segmented_outputs/object/n02106030_collie.JPEG,n02106030_collie.JPEG,6.335194882445962,0.23826132015306123,11955,185,16.28574453391791,0.5249990821158319,0.2627132807688286,0.8425945344456178,4.714553731535144,9.728513051479968,-0.02784237866371337
../benchmarks/vggnet16_benchmark2022/segmented_outputs/masks/n07873807_pizza_mask.png,n07873807_pizza_mask.png,0.6958326575138358,0.038783482142857144,1946,2,33.75418582610324,0.9649124887462543,0.8159077715098416,0.882981070749403,-5.508780608732094,-9.487236081277869,-0.02791315884023967
../benchmarks/vggnet16_benchmark2022/segmented_outputs/background/n02167151_ground_beetle.JPEG,n02167151_ground_beetle.JPEG,2.922628737530223,0.05141900510204082,2580,91,9.544784723225629,0.8746491834376826,0.7838400405031611,0.6393027126499555,-4.14977524448473,-7.692184638565125,-0.028465697857389456
../benchmarks/vggnet16_benchmark2022/segmented_outputs/masks/n07720875_bell_pepper_mask.png,n07720875_bell_pepper_mask.png,0.9999997066051705,0.0372688137755102,1870,2,30.211639014665245,0.9685949698392253,0.6852477475367834,0.9371238241230787,-5.04383405897757,-8.508621789310578,-0.028829682325503828
../benchmarks/vggnet16_benchmark2022/segmented_outputs/masks/n04286575_spotlight_mask.png,n04286575_spotlight_mask.png,0.9618628983749371,0.03611288265306122,1812,2,26.815926788130938,0.9721248162285541,0.707818346645779,0.9408569074622755,-5.286606713691512,-8.910682959158708,-0.029292256789200558
../benchmarks/vggnet16_benchmark2022/segmented_outputs/object/n03717622_manhole_cover.JPEG,n03717622_manhole_cover.JPEG,6.991983118033023,0.23610889668367346,11847,220,29.335263113951694,0.4942292327821627,0.16740232598632218,0.6900217782962347,6.026424345076475,11.441944999538002,-0.029302289370786327
../benchmarks/vggnet16_benchmark2022/segmented_outputs/object/n03785016_moped.JPEG,n03785016_moped.JPEG,5.117223863238265,0.1893734056122449,9502,370,112.95177970450648,0.6555736682846809,0.42825729984448324,0.7077669645956233,5.733046607549202,9.755380731610177,-0.0297002709321069
../benchmarks/vggnet16_benchmark2022/segmented_outputs/masks/n03345487_fire_engine_mask.png,n03345487_fire_engine_mask.png,0.9017326870632684,0.0390625,1960,2,32.00387832844517,0.9667319352095165,0.7315867259170211,0.9230132022043852,-5.166621148445211,-8.762505896802516,-0.030180990542254267
../benchmarks/vggnet16_benchmark2022/segmented_outputs/masks/n04350905_suit_mask.png,n04350905_suit_mask.png,0.3786373058921981,0.027861926020408163,1398,2,18.96880893706882,0.9802819033918204,0.9228601182289033,0.8455503953392619,-6.745126830488179,-11.736146641375644,-0.030292209527478804
../benchmarks/vggnet16_benchmark2022/segmented_outputs/object/n01774384_black_widow.JPEG,n01774384_black_widow.JPEG,6.254507622423424,0.036810427295918366,1847,146,10.511484323237397,0.8440845156904071,0.2861673915486912,0.5477624396130993,-0.7415959857693026,-2.2640904459907616,-0.03030969857960503
../benchmarks/vggnet16_benchmark2022/segmented_outputs/masks/n02791270_barbershop_mask.png,n02791270_barbershop_mask.png,0.9820985050190392,0.03677056760204082,1845,2,28.25421306380154,0.9706297161498945,0.6959327516438776,0.9396454837204513,-5.170784687927357,-8.715067592504342,-0.03057221258988744
../benchmarks/vggnet16_benchmark2022/segmented_outputs/masks/n02114855_coyote_mask.png,n02114855_coyote_mask.png,0.9925347720383775,0.035435267857142856,1778,2,25.73158679849118,0.9732519887749572,0.6918241162739625,0.9459460920487051,-5.263400051055111,-8.852960921749226,-0.03063559215344268
../benchmarks/vggnet16_benchmark2022/segmented_outputs/object/n02727426_apiary.JPEG,n02727426_apiary.JPEG,6.240146071863673,0.21813217474489796,10945,287,52.26847522990842,0.5522019546587161,0.28114156811674573,0.6874814454846191,5.635466877763541,10.33835912351504,-0.0309890644608892
../benchmarks/vggnet16_benchmark2022/segmented_outputs/object/n04201297_shoji.JPEG,n04201297_shoji.JPEG,6.601703539783506,0.1500518176020408,7529,214,28.523476047843026,0.691275525154562,0.2277139051098942,0.8035749300235051,3.081276305972247,5.846385970049496,-0.03125631536150766
../benchmarks/vggnet16_benchmark2022/segmented_outputs/masks/n02108000_EntleBucher_mask.png,n02108000_EntleBucher_mask.png,0.7218802606759669,0.039740114795918366,1994,2,34.110018370837636,0.9645426004461147,0.8058286059990685,0.8877052009803161,-5.432821673424798,-9.335973340098175,-0.03155527017981742
../benchmarks/vggnet16_benchmark2022/segmented_outputs/masks/n04141975_scale_mask.png,n04141975_scale_mask.png,0.7641965019140996,0.041015625,2058,2,36.57331616266414,0.9619819998309105,0.7885043328444206,0.8885620908501197,-5.240912641646532,-9.004226177188396,-0.0316233056306035
../benchmarks/vggnet16_benchmark2022/segmented_outputs/masks/n02105855_Shetland_sheepdog_mask.png,n02105855_Shetland_sheepdog_mask.png,0.8871116057897839,0.04037786989795918,2026,2,34.34384372327132,0.9642995387491982,0.7361666793767359,0.9156215630048348,-5.084402735999086,-8.644411863067544,-0.031651138718676586
../benchmarks/vggnet16_benchmark2022/segmented_outputs/object/n02108000_EntleBucher.JPEG,n02108000_EntleBucher.JPEG,6.854855982486612,0.3075573979591837,15432,502,20.93112823318264,0.38799197122341833,0.16134364118784097,0.7708219798180389,8.619779854077882,16.488573553123995,-0.03170209394262094
../benchmarks/vggnet16_benchmark2022/segmented_outputs/object/n02114548_white_wolf.JPEG,n02114548_white_wolf.JPEG,7.634018447827047,0.2987085459183674,14988,354,43.635800323113735,0.3959770534800745,0.08087664406432771,0.7564066419571347,9.128086402612292,17.274200562823477,-0.03189444596903088
../benchmarks/vggnet16_benchmark2022/segmented_outputs/background/n01950731_sea_slug.JPEG,n01950731_sea_slug.JPEG,2.523800475300309,0.06552933673469388,3288,447,20.69441168971046,0.874483904664018,0.8226534125783062,0.6268145383402892,-2.4578590411315755,-5.222781608715705,-0.031895202370973784
../benchmarks/vggnet16_benchmark2022/segmented_outputs/masks/n03297495_espresso_maker_mask.png,n03297495_espresso_maker_mask.png,0.7086105960528988,0.038783482142857144,1946,2,31.37129353365997,0.9673895077612682,0.8129383462494558,0.893743825980319,-5.579765063846436,-9.565751555170815,-0.03238692632081406
../benchmarks/vggnet16_benchmark2022/segmented_outputs/background/n03376595_folding_chair.JPEG,n03376595_folding_chair.JPEG,4.85523889662471,0.17912946428571427,8988,355,86.63763020624077,0.6602091498357017,0.50569271942114,0.6641885911455072,4.299606306579365,7.264765738717734,-0.03265685267040146
../benchmarks/vggnet16_benchmark2022/segmented_outputs/background/n02104029_kuvasz.JPEG,n02104029_kuvasz.JPEG,3.203012883631618,0.09388950892857142,4711,375,27.589519483577618,0.8234688358766802,0.7514290333660074,0.6744741443457487,-1.2668234013675168,-2.737147582243242,-0.03270760069176665
../benchmarks/vggnet16_benchmark2022/segmented_outputs/background/n04330267_stove.JPEG,n04330267_stove.JPEG,3.661908344307359,0.11358019770408163,5699,319,28.766016703146907,0.7869152572026601,0.6962092210456492,0.713368225666831,-0.5488047778026734,-1.1485682137081754,-0.032837129604321384
../benchmarks/vggnet16_benchmark2022/segmented_outputs/masks/n04392985_tape_player_mask.png,n04392985_tape_player_mask.png,0.7288018498386284,0.0382453762755102,1919,2,29.172674109719967,0.969674974937921,0.807499768889956,0.9046212793714667,-5.6397503238364175,-9.630423606999571,-0.032889918661766285
../benchmarks/vggnet16_benchmark2022/segmented_outputs/object/n01688243_frilled_lizard.JPEG,n01688243_frilled_lizard.JPEG,7.08436377185984,0.20081313775510204,10076,178,74.90716135893692,0.5566002009845286,0.14613927432287854,0.5925875303186257,6.429649906932742,11.292958171251012,-0.03304164678801612
../benchmarks/vggnet16_benchmark2022/segmented_outputs/object/n03733805_measuring_cup.JPEG,n03733805_measuring_cup.JPEG,4.18991849437133,0.134765625,6762,282,31.80327480847292,0.7541473423053144,0.5910717786119825,0.7895632110457782,0.5190272190094282,1.1273083897044902,-0.0334124928046987
../benchmarks/vggnet16_benchmark2022/segmented_outputs/object/n02086240_Shih-Tzu.JPEG,n02086240_Shih-Tzu.JPEG,7.583859019805185,0.2794563137755102,14022,351,35.943958958599325,0.4320815543709741,0.08888493553386882,0.7619384992760418,8.321063406060903,15.770514976949777,-0.03365496305951435
../benchmarks/vggnet16_benchmark2022/segmented_outputs/object/n02480855_gorilla.JPEG,n02480855_gorilla.JPEG,4.861487204189103,0.13954878826530612,7002,161,56.35268089231503,0.7312500502119872,0.5546245866252506,0.728817390849557,1.3790322368595784,2.4722262509294417,-0.034216905387133165
../benchmarks/vggnet16_benchmark2022/segmented_outputs/object/n02497673_Madagascar_cat.JPEG,n02497673_Madagascar_cat.JPEG,7.414843362863741,0.28944116709183676,14523,523,50.337998538559475,0.4130779538731117,0.15183848657734594,0.6695846005729471,9.414967298922265,17.171584672137104,-0.0342939704887489
../benchmarks/vggnet16_benchmark2022/segmented_outputs/background/n01798484_prairie_chicken.JPEG,n01798484_prairie_chicken.JPEG,2.814454367742636,0.09468670280612244,4751,263,19.28443104455137,0.8321146942918077,0.7637486475754081,0.7548232042493673,-2.209837789468945,-3.9277063676262705,-0.034450816299512174
../benchmarks/vggnet16_benchmark2022/segmented_outputs/object/n02488291_langur.JPEG,n02488291_langur.JPEG,7.030659387267831,0.26329320790816324,13211,237,8.48282460037328,0.46874027978947386,0.11532117172451196,0.8538504042908297,6.246968787093596,12.637009508709593,-0.0345353640311323
../benchmarks/vggnet16_benchmark2022/segmented_outputs/object/n02099601_golden_retriever.JPEG,n02099601_golden_retriever.JPEG,6.941460722072547,0.2762077487244898,13859,399,27.526495168626564,0.4568970652064833,0.19807049165524931,0.8056888943965923,7.394358988407544,14.242144794978987,-0.034567541418780795
../benchmarks/vggnet16_benchmark2022/segmented_outputs/background/n04486054_triumphal_arch.JPEG,n04486054_triumphal_arch.JPEG,3.576965704992851,0.11985809948979592,6014,257,36.29435804371679,0.778663550456171,0.6939009483937307,0.729267565373148,-0.45189326906208166,-0.8456671373600952,-0.035142024025238035
../benchmarks/vggnet16_benchmark2022/segmented_outputs/background/n01981276_king_crab.JPEG,n01981276_king_crab.JPEG,5.298242557704649,0.18722098214285715,9394,420,58.48152254671133,0.6395407760000151,0.48595759037453823,0.6842976765300286,4.209987918677277,7.332723377155575,-0.03518678884177177
../benchmarks/vggnet16_benchmark2022/segmented_outputs/object/n01749939_green_mamba.JPEG,n01749939_green_mamba.JPEG,6.213410556665146,0.1839923469387755,9232,711,42.12072028710446,0.6385563294069687,0.3596025854492517,0.6562911078969955,5.6908592998845435,9.50478916017337,-0.03540393928193329
../benchmarks/vggnet16_benchmark2022/segmented_outputs/masks/n02823428_beer_bottle_mask.png,n02823428_beer_bottle_mask.png,0.9681644479698335,0.04021843112244898,2018,2,33.680589044946245,0.9649889926767711,0.6992951969833305,0.9265504387019423,-4.938698474254707,-8.35441928774489,-0.035447223031728585
../benchmarks/vggnet16_benchmark2022/segmented_outputs/background/n03857828_oscilloscope.JPEG,n03857828_oscilloscope.JPEG,0.7219981325261083,0.007513552295918368,377,11,0.21765358379765493,0.9812617989392833,0.9706888016911824,0.6895695961875351,-7.636232524258515,-13.779509415909418,-0.03631818113504568
../benchmarks/vggnet16_benchmark2022/segmented_outputs/masks/n12144580_corn_mask.png,n12144580_corn_mask.png,0.4714798021771245,0.03262515943877551,1637,2,20.6309731991239,0.9785540819135925,0.8963347184979953,0.876778338160805,-6.475736146131472,-11.154509558743756,-0.03633828066221689
../benchmarks/vggnet16_benchmark2022/segmented_outputs/object/n02319095_sea_urchin.JPEG,n02319095_sea_urchin.JPEG,7.145595994296141,0.31784119897959184,15948,436,14.305711172197295,0.345181758454859,0.08878337006181267,0.7191879768824521,8.962285351146447,17.18921754489634,-0.036835781561785644
../benchmarks/vggnet16_benchmark2022/segmented_outputs/background/n02815834_beaker.JPEG,n02815834_beaker.JPEG,4.871921869314439,0.16759008290816327,8409,15,29.03529515278877,0.6704279018416086,0.477258598130594,0.8107016303680915,1.0620794611094404,2.81309823630422,-0.0369652526449034
../benchmarks/vggnet16_benchmark2022/segmented_outputs/background/n03786901_mortar.JPEG,n03786901_mortar.JPEG,5.32311950703566,0.18215880102040816,9140,341,51.18262530787287,0.6526724351593117,0.49094966239134213,0.7281964083008158,3.502091834183173,6.330017945120553,-0.037603923181753346
../benchmarks/vggnet16_benchmark2022/segmented_outputs/masks/n03777568_Model_T_mask.png,n03777568_Model_T_mask.png,0.7740829856630648,0.04205197704081633,2110,2,36.71022873824505,0.9618396790662733,0.7839676751348474,0.8904134477531614,-5.199212981397452,-8.918472907473152,-0.037674382133461096
../benchmarks/vggnet16_benchmark2022/segmented_outputs/masks/n03884397_panpipe_mask.png,n03884397_panpipe_mask.png,0.8558502362468964,0.04021843112244898,2018,2,31.63569671791598,0.9671146603763867,0.7534964270904008,0.9177658320794599,-5.264361675236941,-8.93693103360115,-0.03799744946215679
../benchmarks/vggnet16_benchmark2022/segmented_outputs/background/n02493509_titi.JPEG,n02493509_titi.JPEG,6.454847962484404,0.21950733418367346,11014,399,48.194849791630006,0.5564425795305015,0.3349222972538365,0.670739326220924,5.837603033708458,10.50639101272673,-0.03823273601658169
../benchmarks/vggnet16_benchmark2022/segmented_outputs/background/n02087394_Rhodesian_ridgeback.JPEG,n02087394_Rhodesian_ridgeback.JPEG,5.151414838868375,0.18160076530612246,9112,399,67.54642409557269,0.6588587094664485,0.5063780459924113,0.6978738908523805,4.058988127114875,7.01843150316342,-0.03844519646520313
../benchmarks/vggnet16_benchmark2022/segmented_outputs/masks/n07613480_trifle_mask.png,n07613480_trifle_mask.png,0.9354557645575772,0.040716677295918366,2043,2,33.180236032337824,0.9655091101534949,0.7162471954445848,0.9238738141911577,-5.0270721586041045,-8.509867381501753,-0.03883814903138831
../benchmarks/vggnet16_benchmark2022/segmented_outputs/masks/n02667093_abaya_mask.png,n02667093_abaya_mask.png,0.9917280299470831,0.04274952168367347,2145,2,37.95316621073347,0.9605476442715868,0.6844066260270528,0.9199958511144497,-4.678263201211108,-7.924608787559635,-0.03988277252656453
../benchmarks/vggnet16_benchmark2022/segmented_outputs/object/n04550184_wardrobe.JPEG,n04550184_wardrobe.JPEG,6.038494343808109,0.16206951530612246,8132,96,22.767980094992122,0.6514222937888172,0.25949977585593653,0.7471070777494101,2.519345663715896,5.061131572559837,-0.0402248423577746
../benchmarks/vggnet16_benchmark2022/segmented_outputs/object/n02950826_cannon.JPEG,n02950826_cannon.JPEG,5.812898110610173,0.1295440051020408,6500,375,31.322106110222798,0.7216590865293115,0.378498809911893,0.6515069327367652,2.4428609492103646,3.912151592385218,-0.040383466876201035
../benchmarks/vggnet16_benchmark2022/segmented_outputs/background/n03447447_gondola.JPEG,n03447447_gondola.JPEG,6.190305581645207,0.2488639987244898,12487,607,83.01813065543945,0.5291068505552361,0.3341537910014978,0.676567071948375,8.242927392903997,14.438789748926883,-0.04038393563021001
../benchmarks/vggnet16_benchmark2022/segmented_outputs/masks/n09428293_seashore_mask.png,n09428293_seashore_mask.png,0.8267235150800787,0.04388552295918367,2202,2,39.536059808352476,0.9589022247314424,0.7599127490512154,0.89255441765084,-4.95592298271844,-8.49071108822193,-0.04045785812225582
../benchmarks/vggnet16_benchmark2022/segmented_outputs/masks/n03485794_handkerchief_mask.png,n03485794_handkerchief_mask.png,0.775624560340749,0.041713169642857144,2093,2,34.6892446467734,0.9639404941301732,0.7856344100445375,0.8962093740479983,-5.284089718838783,-9.040180220574367,-0.04069297054470204
../benchmarks/vggnet16_benchmark2022/segmented_outputs/background/n02105412_kelpie.JPEG,n02105412_kelpie.JPEG,3.0137070512420596,0.06626674107142858,3325,113,11.66951901577707,0.8572230935274903,0.7580767382367802,0.6722682105367894,-3.5319967357634896,-6.443129811318982,-0.040887529402641606
../benchmarks/vggnet16_benchmark2022/segmented_outputs/object/n04493381_tub.JPEG,n04493381_tub.JPEG,6.170865114544508,0.1884765625,9457,241,43.172504255915825,0.6176723619904188,0.31958551003133845,0.7260435256847897,4.14891007237688,7.705692236404372,-0.04134550163714268
../benchmarks/vggnet16_benchmark2022/segmented_outputs/masks/n02099849_Chesapeake_Bay_retriever_mask.png,n02099849_Chesapeake_Bay_retriever_mask.png,0.9317038646140061,0.04374601403061224,2195,2,38.83184493314245,0.9596342568262552,0.7133281133053541,0.9106733390164738,-4.765023623775526,-8.101516512881688,-0.04154692304577711
../benchmarks/vggnet16_benchmark2022/segmented_outputs/background/n01537544_indigo_bunting.JPEG,n01537544_indigo_bunting.JPEG,2.6793705688526366,0.06367586096938775,3195,404,21.188589347545165,0.8729052349161153,0.8187236629246265,0.6037109855804402,-2.5607664711428333,-5.430028863354452,-0.04201237511641913
../benchmarks/vggnet16_benchmark2022/segmented_outputs/background/n02088364_beagle.JPEG,n02088364_beagle.JPEG,2.9002471511515493,0.09767617984693877,4901,156,11.216689881050407,0.820287241250949,0.7362989448368336,0.7702423579564881,-2.63087837849529,-4.3819812266269444,-0.042556563030681
../benchmarks/vggnet16_benchmark2022/segmented_outputs/background/n02843684_birdhouse.JPEG,n02843684_birdhouse.JPEG,6.157207727583462,0.23122608418367346,11602,235,54.22081418453198,0.525671454422304,0.30990183801294463,0.666332426815087,5.702473466442643,10.573716010983906,-0.043087878732621265
../benchmarks/vggnet16_benchmark2022/segmented_outputs/background/n02119022_red_fox.JPEG,n02119022_red_fox.JPEG,2.9535998454234664,0.09034199617346939,4533,100,54.14026076034693,0.8342529734383402,0.7344690991915406,0.70276314490306,-1.733691751051186,-3.303093619575799,-0.04322220531164768
../benchmarks/vggnet16_benchmark2022/segmented_outputs/masks/n04505470_typewriter_keyboard_mask.png,n04505470_typewriter_keyboard_mask.png,0.9780419682022858,0.037966358418367346,1905,2,26.636230225831568,0.972311610991859,0.6998993188630186,0.9426315858924126,-5.228897317977144,-8.787821246724487,-0.04346472713915672
../benchmarks/vggnet16_benchmark2022/segmented_outputs/background/n01744401_rock_python.JPEG,n01744401_rock_python.JPEG,5.775187357657708,0.24605389030612246,12346,152,122.4327088990076,0.5136644750207375,0.3710906390273425,0.6081675316583914,7.337482153528114,13.019861873742105,-0.04372091006114388
../benchmarks/vggnet16_benchmark2022/segmented_outputs/object/n02106382_Bouvier_des_Flandres.JPEG,n02106382_Bouvier_des_Flandres.JPEG,7.485000627482296,0.22146045918367346,11112,225,69.05368070883301,0.538383603122701,0.139846002239364,0.67618926445536,7.04410315557714,12.722225541104873,-0.044184126844833624
../benchmarks/vggnet16_benchmark2022/segmented_outputs/object/n04562935_water_tower.JPEG,n04562935_water_tower.JPEG,6.250743683172124,0.1861846301020408,9342,240,33.541031219496475,0.6254811899644117,0.3586513360343114,0.7418172218650197,3.6524332137120243,6.919527799254912,-0.045087482679805266
../benchmarks/vggnet16_benchmark2022/segmented_outputs/background/n02056570_king_penguin.JPEG,n02056570_king_penguin.JPEG,4.878600041145397,0.16695232780612246,8377,291,33.912741968817,0.6823601911324063,0.5216178652261331,0.7525903575453299,2.0781635296647196,3.9895976997918217,-0.0455231981860855
../benchmarks/vggnet16_benchmark2022/segmented_outputs/background/n02108551_Tibetan_mastiff.JPEG,n02108551_Tibetan_mastiff.JPEG,4.718237910799619,0.16145169005102042,8101,223,32.2000885049947,0.6856228509781483,0.5438860179477761,0.7326212733427668,1.5010579662380823,2.994614078595898,-0.04562569207828472
../benchmarks/vggnet16_benchmark2022/segmented_outputs/masks/n02107908_Appenzeller_mask.png,n02107908_Appenzeller_mask.png,0.6412649266986362,0.04029815051020408,2022,2,32.20841263005771,0.9665193215903766,0.835069455642951,0.8759581324981729,-5.63706959930532,-9.707382482716493,-0.0463153755823644
../benchmarks/vggnet16_benchmark2022/segmented_outputs/background/n02361337_marmot.JPEG,n02361337_marmot.JPEG,2.3965740685318293,0.06885762117346939,3455,172,16.339102096005135,0.8696017628261652,0.81029932766044,0.6960471375534727,-3.6266631634428927,-6.621511219872495,-0.04712420096709974
../benchmarks/vggnet16_benchmark2022/segmented_outputs/background/n02130308_cheetah.JPEG,n02130308_cheetah.JPEG,1.4127078042226393,0.03059231505102041,1535,178,13.2645995526772,0.943653467021907,0.9201499308201766,0.6594681958786256,-5.526994427853991,-10.332497530446574,-0.04723286385631055
../benchmarks/vggnet16_benchmark2022/segmented_outputs/object/n03447447_gondola.JPEG,n03447447_gondola.JPEG,6.652839763872487,0.25175382653061223,12632,509,83.02530868787886,0.5038008095695243,0.2636936330738675,0.6323918888868211,8.49349559163604,14.917322133085808,-0.04742840097076345
../benchmarks/vggnet16_benchmark2022/segmented_outputs/object/n04204347_shopping_cart.JPEG,n04204347_shopping_cart.JPEG,6.37896770531672,0.22502790178571427,11291,285,30.990180359433616,0.5447222368363489,0.2750168857758015,0.7355528189930339,5.212413980891283,9.941622689161706,-0.04754126607589782
../benchmarks/vggnet16_benchmark2022/segmented_outputs/masks/n02123394_Persian_cat_mask.png,n02123394_Persian_cat_mask.png,0.5955746638387918,0.04067681760204082,2041,2,37.69873230034966,0.960812128585915,0.8490343813626771,0.8374520797017089,-5.50137847778804,-9.609087677207649,-0.0475455201995811
../benchmarks/vggnet16_benchmark2022/segmented_outputs/object/n13044778_earthstar.JPEG,n13044778_earthstar.JPEG,7.6147914099593,0.27772241709183676,13935,347,92.84149006190628,0.4002107955057913,0.09742122754536418,0.481833310767726,10.171647499642743,17.831600546901697,-0.04763999310511446
../benchmarks/vggnet16_benchmark2022/segmented_outputs/background/n01443537_goldfish.JPEG,n01443537_goldfish.JPEG,3.8528922844269733,0.12153220663265306,6098,459,41.392980021344556,0.7710247908973447,0.6679448884660324,0.6435469742610487,0.7996570048497317,0.7959133858919156,-0.04764311490877637
../benchmarks/vggnet16_benchmark2022/segmented_outputs/masks/n04612504_yawl_mask.png,n04612504_yawl_mask.png,0.5565695817816699,0.03846460459183673,1930,2,32.14108100052057,0.9665893128892717,0.8636797481885687,0.8488747063957923,-5.809083884669376,-10.095819117790658,-0.04796877645950903
../benchmarks/vggnet16_benchmark2022/segmented_outputs/masks/n02412080_ram_mask.png,n02412080_ram_mask.png,0.21233764388758367,0.01739875637755102,873,2,15.005619391201826,0.9844016430444887,0.9607709743754509,0.7460126111929337,-7.255863625028492,-12.95049661629607,-0.048960052122769264
../benchmarks/vggnet16_benchmark2022/segmented_outputs/masks/n04429376_throne_mask.png,n04429376_throne_mask.png,0.8703621897133973,0.04649633290816327,2333,2,42.38455590578283,0.9559412100771489,0.7401277034555116,0.8924279680485641,-4.719985780348146,-8.07592713116367,-0.04899238399649295
../benchmarks/vggnet16_benchmark2022/segmented_outputs/masks/n04192698_shield_mask.png,n04192698_shield_mask.png,0.6692476174166141,0.04300860969387755,2158,2,38.46478722793694,0.9600158136923733,0.822725353929413,0.8593377152813915,-5.309363719083123,-9.200250237865468,-0.049156767566512743
../benchmarks/vggnet16_benchmark2022/segmented_outputs/masks/n03729826_matchstick_mask.png,n03729826_matchstick_mask.png,0.9829361171889853,0.04017857142857143,2016,2,29.588164376772735,0.9692430723734171,0.6950378798360911,0.9367848525133984,-5.067182058781313,-8.522833330227954,-0.04920532347344073
../benchmarks/vggnet16_benchmark2022/segmented_outputs/masks/n01494475_hammerhead_mask.png,n01494475_hammerhead_mask.png,0.9064645058750731,0.043068399234693876,2161,2,34.60970987405858,0.9640231706090867,0.7264109438203472,0.9177164905915778,-4.989593979186302,-8.451926571380719,-0.049422009598756866
../benchmarks/vggnet16_benchmark2022/segmented_outputs/masks/n02786058_Band_Aid_mask.png,n02786058_Band_Aid_mask.png,0.905605654052466,0.04563934948979592,2290,2,40.25906222051706,0.9581506629724356,0.7249313923294186,0.9035402657106096,-4.738897578623265,-8.070241569002324,-0.04946044728771286
../benchmarks/vggnet16_benchmark2022/segmented_outputs/background/n04192698_shield.JPEG,n04192698_shield.JPEG,2.070190841438197,0.05317283163265306,2668,184,21.433416079335167,0.9021985350922614,0.8484909045947865,0.6760790409295961,-4.133643517415771,-7.745211998839444,-0.04958879403217332
../benchmarks/vggnet16_benchmark2022/segmented_outputs/masks/n02107142_Doberman_mask.png,n02107142_Doberman_mask.png,0.801240513068072,0.04571906887755102,2294,2,40.90383349687619,0.9574804225604198,0.7684513664114471,0.8845949940373076,-4.920885935012659,-8.445555893738044,-0.04975933989273518
../benchmarks/vggnet16_benchmark2022/segmented_outputs/background/n07802026_hay.JPEG,n07802026_hay.JPEG,4.2705877454399435,0.14118303571428573,7084,228,35.39907379510382,0.7405806501927577,0.6241954351012584,0.7600424410412052,0.4927106755942506,1.0982619576919486,-0.04986153788505091
../benchmarks/vggnet16_benchmark2022/segmented_outputs/background/n02231487_walking_stick.JPEG,n02231487_walking_stick.JPEG,2.973262345398954,0.08125398596938775,4077,230,22.448961759915,0.8326389936606813,0.7732149322230599,0.6244072680258738,-2.4281571007824683,-4.7560062451415765,-0.05009903383895494
../benchmarks/vggnet16_benchmark2022/segmented_outputs/background/n03743016_megalith.JPEG,n03743016_megalith.JPEG,3.2716843439331855,0.09624123086734694,4829,181,32.72667915255734,0.8131130771055697,0.7324526950239896,0.6734454968161565,-1.7007583250605518,-3.2400723228363653,-0.050223622422552905
../benchmarks/vggnet16_benchmark2022/segmented_outputs/masks/n03902125_pay-phone_mask.png,n03902125_pay-phone_mask.png,0.6118615086062066,0.04063695790816327,2039,2,33.61008903901035,0.9650622775062263,0.8448178666558003,0.8614621227749917,-5.62929955961553,-9.739921643111801,-0.05026370710317653
../benchmarks/vggnet16_benchmark2022/segmented_outputs/background/n03062245_cocktail_shaker.JPEG,n03062245_cocktail_shaker.JPEG,3.4876596485424165,0.10098453443877552,5067,149,19.158217040512177,0.8192215073854845,0.727956431096273,0.7760111967824833,-2.1067622818663096,-3.5038925439984885,-0.050445500134876815
../benchmarks/vggnet16_benchmark2022/segmented_outputs/background/n04069434_reflex_camera.JPEG,n04069434_reflex_camera.JPEG,2.257702939228741,0.06407445790816327,3215,49,3.8872765649735506,0.8785777397678513,0.8027668173440847,0.747181611749604,-4.6531545912532835,-8.045723688540223,-0.05056473969713042
../benchmarks/vggnet16_benchmark2022/segmented_outputs/masks/n01945685_slug_mask.png,n01945685_slug_mask.png,0.8618792114694527,0.0421516262755102,2115,2,31.829071096765396,0.9669136475085598,0.7497689511911017,0.9183296426143818,-5.2117519951406726,-8.828475755184671,-0.05059608050383343
../benchmarks/vggnet16_benchmark2022/segmented_outputs/background/n02871525_bookshop.JPEG,n02871525_bookshop.JPEG,2.850091360729973,0.09671954719387756,4853,303,33.44162984464525,0.8223631035607359,0.7631960879457012,0.672695204938041,-1.513764635361216,-3.074173810898075,-0.05061584465110848
../benchmarks/vggnet16_benchmark2022/segmented_outputs/background/n04153751_screw.JPEG,n04153751_screw.JPEG,1.2355781499258236,0.03200733418367347,1606,62,4.792425759028026,0.9411476412353841,0.9157469281695338,0.7021139739780596,-6.2674624593442045,-11.262537384753896,-0.05073507262378561
../benchmarks/vggnet16_benchmark2022/segmented_outputs/background/n02102973_Irish_water_spaniel.JPEG,n02102973_Irish_water_spaniel.JPEG,3.295859162839295,0.11862244897959184,5952,119,40.49658291212795,0.7850260593652854,0.6954490262363389,0.7523415979929438,-1.0571931302207698,-1.6753289102536248,-0.050755297387686436
../benchmarks/vggnet16_benchmark2022/segmented_outputs/background/n02917067_bullet_train.JPEG,n02917067_bullet_train.JPEG,3.711670536045423,0.12575733418367346,6310,133,34.0498693488407,0.7598748707876541,0.6655546369789516,0.7232984147911062,-0.6573218865656134,-0.9758780094311108,-0.0507588228310726
../benchmarks/vggnet16_benchmark2022/segmented_outputs/masks/n01644900_tailed_frog_mask.png,n01644900_tailed_frog_mask.png,0.9998989036433787,0.040338010204081634,2024,2,29.818938566947185,0.9690031823628408,0.6856289507766353,0.9379241424350058,-5.013782361612793,-8.42587061499081,-0.0507727198067987
../benchmarks/vggnet16_benchmark2022/segmented_outputs/masks/n03404251_fur_coat_mask.png,n03404251_fur_coat_mask.png,0.796817492324405,0.044443558673469385,2230,2,37.39914452085007,0.9611235503941267,0.7723200784941794,0.8937148519118836,-5.084839141722558,-8.693876328552339,-0.0508158015163437
../benchmarks/vggnet16_benchmark2022/segmented_outputs/background/n04462240_toyshop.JPEG,n04462240_toyshop.JPEG,5.736770612032103,0.23728475765306123,11906,1108,66.52162818250949,0.5684236345257025,0.43930708868976803,0.6039719604310603,8.784435653688679,14.503759706692023,-0.05085856682245023
../benchmarks/vggnet16_benchmark2022/segmented_outputs/background/n03983396_pop_bottle.JPEG,n03983396_pop_bottle.JPEG,2.3494085071190995,0.07146843112244898,3586,104,24.017296525077743,0.8728442823816837,0.7944953918057202,0.7353111603325272,-3.609888895890924,-6.422526978286026,-0.050913893428320055
../benchmarks/vggnet16_benchmark2022/segmented_outputs/masks/n02033041_dowitcher_mask.png,n02033041_dowitcher_mask.png,0.5299838347733821,0.038384885204081634,1926,2,32.475139257955405,0.9662420589834143,0.869338186114212,0.8402905434385748,-5.829917015170334,-10.157779673185074,-0.050960835478894934
../benchmarks/vggnet16_benchmark2022/segmented_outputs/masks/n03658185_letter_opener_mask.png,n03658185_letter_opener_mask.png,0.9700292494214555,0.045798788265306124,2298,2,40.56416329069516,0.9578335100928326,0.6925173601687384,0.912092399308852,-4.576415837266562,-7.7614811589946395,-0.05107308214928144
../benchmarks/vggnet16_benchmark2022/segmented_outputs/object/n01955084_chiton.JPEG,n01955084_chiton.JPEG,7.222322875529047,0.3087531887755102,15492,296,16.27243402489767,0.3936063221720665,0.13667126964339146,0.852184623167183,7.861343070666186,15.69767980622874,-0.05114713634856787
../benchmarks/vggnet16_benchmark2022/segmented_outputs/background/n03255030_dumbbell.JPEG,n03255030_dumbbell.JPEG,2.5728305593924654,0.061623086734693876,3092,474,10.313039408572752,0.8725409238230685,0.8057360547885724,0.5793915314912614,-2.623903620720978,-5.631015201021352,-0.051622679867048056
../benchmarks/vggnet16_benchmark2022/segmented_outputs/masks/n04525305_vending_machine_mask.png,n04525305_vending_machine_mask.png,0.6760635234848827,0.04257015306122449,2136,2,34.91149693667744,0.9637094626437864,0.8219812536630523,0.8743531804409568,-5.440583379171594,-9.368094114317897,-0.0526663256304732
../benchmarks/vggnet16_benchmark2022/segmented_outputs/masks/n02106030_collie_mask.png,n02106030_collie_mask.png,0.9120692920322813,0.04173309948979592,2094,2,30.507533018622695,0.9682873877145294,0.7275253988511894,0.927848626975504,-5.161923367717452,-8.70843863312297,-0.05311141690352475
../benchmarks/vggnet16_benchmark2022/segmented_outputs/background/n02268443_dragonfly.JPEG,n02268443_dragonfly.JPEG,5.830428612490758,0.20428093112244897,10250,280,72.26911609313723,0.6036362070613437,0.3652662871843345,0.7009436746717835,5.202758745084049,9.353614806603339,-0.05354504426100592
../benchmarks/vggnet16_benchmark2022/segmented_outputs/object/n01806143_peacock.JPEG,n01806143_peacock.JPEG,5.9956396823309355,0.20994100765306123,10534,307,44.97292034816928,0.5908695390208112,0.3949504701206087,0.728033183105385,4.603336713866729,8.579549381268441,-0.05378275682320098
../benchmarks/vggnet16_benchmark2022/segmented_outputs/object/n02125311_cougar.JPEG,n02125311_cougar.JPEG,6.884840607388299,0.2298907844387755,11535,386,38.46647210355799,0.5402441949920256,0.2593023183972275,0.7162780880970039,6.202481615114445,11.438387688773425,-0.05446374617556354
../benchmarks/vggnet16_benchmark2022/segmented_outputs/masks/n02930766_cab_mask.png,n02930766_cab_mask.png,0.8620115659296609,0.046775350765306124,2347,2,41.1638427781997,0.9572101426422042,0.7437680941757308,0.8944429757478682,-4.77766513418795,-8.1606127344898,-0.054518819953585304
../benchmarks/vggnet16_benchmark2022/segmented_outputs/background/n02492660_howler_monkey.JPEG,n02492660_howler_monkey.JPEG,7.16968687871003,0.29549984056122447,14827,603,58.499895436978676,0.4058225208753933,0.19169126971036077,0.6127565968228714,9.874960917189792,17.708509087696562,-0.05504991021505307
../benchmarks/vggnet16_benchmark2022/segmented_outputs/background/n03483316_hand_blower.JPEG,n03483316_hand_blower.JPEG,2.2854035456284367,0.018753985969387755,941,48,0.45572978061605485,0.9372321844386949,0.8605419475516699,0.6030818998551548,-6.015200278931596,-11.190081891548717,-0.055218803921292366
../benchmarks/vggnet16_benchmark2022/segmented_outputs/masks/n02172182_dung_beetle_mask.png,n02172182_dung_beetle_mask.png,0.6539562977963582,0.0437858737244898,2197,2,39.144700303991826,0.9593090433430439,0.827578738656632,0.8520970804655605,-5.297294087231098,-9.196985002361632,-0.05532942751676065
../benchmarks/vggnet16_benchmark2022/segmented_outputs/masks/n04019541_puck_mask.png,n04019541_puck_mask.png,0.979531957693782,0.04701450892857143,2359,2,41.64366228293903,0.9567113697682547,0.6871939016047337,0.9108989721204386,-4.4946456111311806,-7.618868639523174,-0.05613700485563462
../benchmarks/vggnet16_benchmark2022/segmented_outputs/masks/n03843555_oil_filter_mask.png,n03843555_oil_filter_mask.png,0.9921004379135283,0.04332748724489796,2174,2,34.03115637716648,0.964624577570513,0.6866313010500529,0.9283754405661424,-4.821621777190217,-8.12055651068766,-0.056615472604268136
../benchmarks/vggnet16_benchmark2022/segmented_outputs/background/n04238763_slide_rule.JPEG,n04238763_slide_rule.JPEG,1.6996621416290911,0.03411989795918367,1712,29,6.834041774465788,0.9249633003553446,0.8687477682201508,0.6644387162801287,-5.84950187629831,-10.595253172052292,-0.056626715740654476
../benchmarks/vggnet16_benchmark2022/segmented_outputs/background/n04505470_typewriter_keyboard.JPEG,n04505470_typewriter_keyboard.JPEG,1.8620505512342833,0.022480867346938774,1128,38,1.389544995595885,0.9435151378061257,0.8681715937384681,0.6560396607715513,-6.202440708865101,-11.317843767503021,-0.05684716652093387
../benchmarks/vggnet16_benchmark2022/segmented_outputs/object/n01692333_Gila_monster.JPEG,n01692333_Gila_monster.JPEG,7.074110040017789,0.24272560586734693,12179,219,55.78287329941906,0.46123613441802436,0.12849076077447374,0.5311592330058341,7.304779680472915,13.125228913430329,-0.056870029309903744
../benchmarks/vggnet16_benchmark2022/segmented_outputs/background/n07590611_hot_pot.JPEG,n07590611_hot_pot.JPEG,4.400905403785146,0.13255341198979592,6651,443,39.490434394564986,0.7479839370795449,0.6109421435146012,0.6535927535428537,1.41427947939215,2.012678595481978,-0.05694634682540459
../benchmarks/vggnet16_benchmark2022/segmented_outputs/object/n03133878_Crock_Pot.JPEG,n03133878_Crock_Pot.JPEG,7.437891424339589,0.2963966836734694,14872,593,24.957941867860633,0.40052675382889613,0.07985088656020853,0.6991933898062108,9.40115881024173,17.391772675734163,-0.05711242508303513
../benchmarks/vggnet16_benchmark2022/segmented_outputs/object/n02264363_lacewing.JPEG,n02264363_lacewing.JPEG,6.959182239121062,0.11935985331632654,5989,449,36.429557713849164,0.6910005625093867,0.17687794064219603,0.4556517302199122,4.1477645663653,6.12856566517179,-0.057205225794452794
../benchmarks/vggnet16_benchmark2022/segmented_outputs/object/n04423845_thimble.JPEG,n04423845_thimble.JPEG,5.462551451698886,0.1669323979591837,8376,223,29.6931584384537,0.6594661627439765,0.4195591823021779,0.7001398287138616,2.432165118580191,4.590685479572485,-0.05722966586615004
../benchmarks/vggnet16_benchmark2022/segmented_outputs/background/n01693334_green_lizard.JPEG,n01693334_green_lizard.JPEG,4.259422925673003,0.10552853954081633,5295,332,15.571330727983662,0.7954662244972275,0.6486933205724721,0.6925606703184153,-0.6565124966425211,-1.405721426830791,-0.057373627378279855
../benchmarks/vggnet16_benchmark2022/segmented_outputs/background/n04525038_velvet.JPEG,n04525038_velvet.JPEG,2.303911908131781,0.06403459821428571,3213,243,16.25532862176908,0.8787189589155537,0.8319104624906446,0.65647525177174,-3.5882813388137924,-6.801422651316076,-0.0576598411073022
../benchmarks/vggnet16_benchmark2022/segmented_outputs/masks/n02782093_balloon_mask.png,n02782093_balloon_mask.png,0.9919610347741742,0.042311065051020405,2123,2,31.375023012638735,0.967385630963993,0.6889946552918974,0.9338699767507126,-4.943212566306039,-8.308350499462227,-0.05837931334111269
../benchmarks/vggnet16_benchmark2022/segmented_outputs/background/n01644373_tree_frog.JPEG,n01644373_tree_frog.JPEG,1.5614824074349138,0.03884327168367347,1949,123,18.089317951177865,0.9227376356205121,0.8843024172853327,0.6409200956056413,-5.156638630740126,-9.619274048840838,-0.05873049970623201
../benchmarks/vggnet16_benchmark2022/segmented_outputs/masks/n04372370_switch_mask.png,n04372370_switch_mask.png,0.5858732928619205,0.04241071428571429,2128,2,37.97534780866705,0.9605245864774772,0.849430437838234,0.8356964020549733,-5.47053462571948,-9.547032167035608,-0.05906267352002181
../benchmarks/vggnet16_benchmark2022/segmented_outputs/background/n02814533_beach_wagon.JPEG,n02814533_beach_wagon.JPEG,2.375285438776068,0.022022480867346938,1105,65,8.46373966650695,0.9414583950358192,0.8862809698264432,0.6165050088704118,-5.746447837506021,-10.7529985236475,-0.05916155640830942
../benchmarks/vggnet16_benchmark2022/segmented_outputs/masks/n03617480_kimono_mask.png,n03617480_kimono_mask.png,0.9836752184159807,0.043666294642857144,2191,2,33.77608767425252,0.9648897217523362,0.6916024800153155,0.92793991405545,-4.848174084283647,-8.164024253160736,-0.05918889891121834
../benchmarks/vggnet16_benchmark2022/segmented_outputs/masks/n12768682_buckeye_mask.png,n12768682_buckeye_mask.png,0.9934105646281401,0.0439453125,2205,2,34.4205750718585,0.9642197764325795,0.6851468595816063,0.9277975175913288,-4.791923452660337,-8.067638745012655,-0.059642284158218636
../benchmarks/vggnet16_benchmark2022/segmented_outputs/object/n02500267_indri.JPEG,n02500267_indri.JPEG,4.273959973116939,0.04456313775510204,2236,76,3.9072525811200607,0.8797343534492885,0.5240762753512624,0.6724282869587255,-3.001544372139354,-5.616571607409399,-0.05996578032052967
../benchmarks/vggnet16_benchmark2022/segmented_outputs/masks/n02834397_bib_mask.png,n02834397_bib_mask.png,0.7785501129115104,0.043466996173469385,2181,2,31.742022815127992,0.9670041342878087,0.7868280371937256,0.9052897214200911,-5.369224220346707,-9.129668626291311,-0.06006579994113781
../benchmarks/vggnet16_benchmark2022/segmented_outputs/masks/n01985128_crayfish_mask.png,n01985128_crayfish_mask.png,0.9710391279217405,0.04705436862244898,2361,2,40.31848740902444,0.9580888904272095,0.6933330735379506,0.9124279246689697,-4.569361840058679,-7.736350190801248,-0.06030682749232157
../benchmarks/vggnet16_benchmark2022/segmented_outputs/masks/n01980166_fiddler_crab_mask.png,n01980166_fiddler_crab_mask.png,0.6594833795518801,0.04532047193877551,2274,2,40.60591139199081,0.9577901128981385,0.8221188194072901,0.8510690942821096,-5.197773342493586,-9.022741686619737,-0.06047012951213837
../benchmarks/vggnet16_benchmark2022/segmented_outputs/masks/n04141327_scabbard_mask.png,n04141327_scabbard_mask.png,0.8143278130054594,0.04452327806122449,2234,2,33.90303364764695,0.9647577612810323,0.7676779097089124,0.9063771176965849,-5.187171966316789,-8.813455200068322,-0.0604899824036729
../benchmarks/vggnet16_benchmark2022/segmented_outputs/background/n02444819_otter.JPEG,n02444819_otter.JPEG,0.8603822312105892,0.02379623724489796,1194,84,14.350982603522393,0.9570918531290873,0.9399199543220251,0.6566851059814649,-6.348641414092592,-11.684603456594148,-0.060601903881525525
../benchmarks/vggnet16_benchmark2022/segmented_outputs/background/n02490219_marmoset.JPEG,n02490219_marmoset.JPEG,5.877692676604795,0.1770966198979592,8886,182,73.6452837513271,0.6574805169087392,0.3596763252530445,0.7224090174886496,4.143621013751374,7.444034815320168,-0.06068221284953698
../benchmarks/vggnet16_benchmark2022/segmented_outputs/masks/n03796401_moving_van_mask.png,n03796401_moving_van_mask.png,0.893160574831154,0.04518096301020408,2267,2,35.43714765573003,0.9631630481749168,0.7347052216197629,0.9131512756835998,-4.964566273519006,-8.409700269200382,-0.06077484601544915
../benchmarks/vggnet16_benchmark2022/segmented_outputs/masks/n02093859_Kerry_blue_terrier_mask.png,n02093859_Kerry_blue_terrier_mask.png,0.9948478094392507,0.04745296556122449,2381,2,41.26381531528216,0.9571062210859853,0.6805258758367835,0.913395902127651,-4.470567998695036,-7.5633312062675895,-0.06089116881986261
../benchmarks/vggnet16_benchmark2022/segmented_outputs/masks/n04328186_stopwatch_mask.png,n04328186_stopwatch_mask.png,0.7811429352928383,0.04633689413265306,2325,2,38.817353369694246,0.9596493208215237,0.7809498280812848,0.8849677559138596,-5.043652331357329,-8.640511201725145,-0.060903955636873584
../benchmarks/vggnet16_benchmark2022/segmented_outputs/masks/n04366367_suspension_bridge_mask.png,n04366367_suspension_bridge_mask.png,0.9996608090169131,0.047971141581632654,2407,2,42.33992180098235,0.955987607275486,0.6768502153745726,0.9118470130547951,-4.4074736858824455,-7.460112366117571,-0.06109905391187577
../benchmarks/vggnet16_benchmark2022/segmented_outputs/object/n04447861_toilet_seat.JPEG,n04447861_toilet_seat.JPEG,6.853080601068633,0.16145169005102042,8101,135,47.15789871791449,0.6627945782161844,0.2070046178907019,0.7285880277482053,3.846010288509902,7.048850352914306,-0.06308319212289096
../benchmarks/vggnet16_benchmark2022/segmented_outputs/background/n03160309_dam.JPEG,n03160309_dam.JPEG,3.2615376922602297,0.09984853316326531,5010,235,18.131515408783862,0.8259667944477509,0.7529774700811452,0.7504897061751754,-2.030148624742843,-3.555552659703558,-0.06325045030748111
../benchmarks/vggnet16_benchmark2022/segmented_outputs/masks/n02676566_acoustic_guitar_mask.png,n02676566_acoustic_guitar_mask.png,0.5444589755334299,0.040896045918367346,2052,2,34.00784494762449,0.9646488098257542,0.8650912934143185,0.837275180683226,-5.714385172645153,-9.954038266441698,-0.06360908054602646
../benchmarks/vggnet16_benchmark2022/segmented_outputs/masks/n03482405_hamper_mask.png,n03482405_hamper_mask.png,0.6145383859291068,0.04201211734693878,2108,2,30.64826241301778,0.9681410993627674,0.8461370444340358,0.8738367247497223,-5.721212336991019,-9.835512723130014,-0.06449258115277377
../benchmarks/vggnet16_benchmark2022/segmented_outputs/background/n03496892_harvester.JPEG,n03496892_harvester.JPEG,4.028186888461757,0.12635522959183673,6340,654,17.318800264207272,0.7721274519359905,0.6747789668414701,0.66181103010113,0.9718594574258275,1.0782764959753248,-0.06490764136804625
../benchmarks/vggnet16_benchmark2022/segmented_outputs/background/n04162706_seat_belt.JPEG,n04162706_seat_belt.JPEG,3.1015838971240752,0.09885204081632654,4960,140,40.498623440703625,0.8239467443961429,0.7326319243977518,0.7184430450914159,-1.7272069793135552,-3.1388790056477234,-0.06553486059985034
../benchmarks/vggnet16_benchmark2022/segmented_outputs/masks/n03400231_frying_pan_mask.png,n03400231_frying_pan_mask.png,0.6498990051866089,0.04609773596938776,2313,2,42.21745828475844,0.9561149082279019,0.827679778147399,0.8389323296562614,-5.152113352975723,-8.980925960827042,-0.06560667165554775
../benchmarks/vggnet16_benchmark2022/segmented_outputs/background/n09468604_valley.JPEG,n09468604_valley.JPEG,3.106757379956054,0.10194116709183673,5115,99,21.95648370510672,0.8096915001928437,0.713548866874847,0.7334643674441972,-2.242383553193503,-3.769189095295424,-0.06599505845986944
../benchmarks/vggnet16_benchmark2022/segmented_outputs/background/n02825657_bell_cote.JPEG,n02825657_bell_cote.JPEG,3.464203524937659,0.11332110969387756,5686,329,19.391982149427506,0.7933794946611841,0.7187212501568654,0.7044094601096231,-0.9969504847543131,-1.8973705680264834,-0.06611190439879079
../benchmarks/vggnet16_benchmark2022/segmented_outputs/masks/n04590129_window_shade_mask.png,n04590129_window_shade_mask.png,0.9999513646794844,0.04689492984693878,2353,2,38.59099809914598,0.9598846173605551,0.6793549969103914,0.9196779476634837,-4.570354502134045,-7.706599258965647,-0.06616631239923565
../benchmarks/vggnet16_benchmark2022/segmented_outputs/masks/n04467665_trailer_truck_mask.png,n04467665_trailer_truck_mask.png,0.9763415473608303,0.04904735331632653,2461,2,42.69662453804803,0.9556168144095134,0.6895473337462222,0.9078308976002745,-4.435906614290007,-7.515382265681958,-0.06623067146705561
../benchmarks/vggnet16_benchmark2022/segmented_outputs/background/n01807496_partridge.JPEG,n01807496_partridge.JPEG,3.4433183979300415,0.11475605867346939,5758,451,36.558371690531615,0.797803236357809,0.7311000649861084,0.6674584274638524,-0.04578038942261231,-0.6247553482663604,-0.06672125629519786
../benchmarks/vggnet16_benchmark2022/segmented_outputs/masks/n02097658_silky_terrier_mask.png,n02097658_silky_terrier_mask.png,0.9807330695367054,0.04751275510204082,2384,2,39.29968756219763,0.9591479339270295,0.689475665976089,0.9157472933070563,-4.581311133767441,-7.737111205632593,-0.06704242473867017
../benchmarks/vggnet16_benchmark2022/segmented_outputs/masks/n03837869_obelisk_mask.png,n03837869_obelisk_mask.png,0.8723479744903206,0.045001594387755105,2258,2,32.80924167106899,0.965894759177683,0.744692963682407,0.9172229898917159,-5.109740294076705,-8.636144406059453,-0.0670437035141416
../benchmarks/vggnet16_benchmark2022/segmented_outputs/masks/n01833805_hummingbird_mask.png,n01833805_hummingbird_mask.png,0.8048025482638739,0.05201690051020408,2610,2,50.01493524338045,0.9480094228239289,0.7613428836339774,0.8597320921159177,-4.464376575450778,-7.725647650883795,-0.06719564601739603
../benchmarks/vggnet16_benchmark2022/segmented_outputs/masks/n07753113_fig_mask.png,n07753113_fig_mask.png,0.997700836882234,0.04709422831632653,2363,2,38.62850128042082,0.9598456327646352,0.6804435699285458,0.9193576220303434,-4.571033184080062,-7.707350100036237,-0.0672713780664852
../benchmarks/vggnet16_benchmark2022/segmented_outputs/object/n02108089_boxer.JPEG,n02108089_boxer.JPEG,7.414232599590779,0.31845902423469385,15979,641,67.72654199148221,0.3676722173041188,0.12241280507346408,0.6215352775535452,11.247868685905907,20.211063883130606,-0.06743925963039799
../benchmarks/vggnet16_benchmark2022/segmented_outputs/background/n04409515_tennis_ball.JPEG,n04409515_tennis_ball.JPEG,3.798859111027636,0.12617586096938777,6331,290,42.60498201915426,0.7670761122441252,0.6598045971832994,0.6826473506529522,0.2547330838027321,0.2216197931617233,-0.06832559483721447
../benchmarks/vggnet16_benchmark2022/segmented_outputs/masks/n02396427_wild_boar_mask.png,n02396427_wild_boar_mask.png,0.5844141582066398,0.044025031887755105,2209,2,39.40180181971582,0.9590417860501914,0.849848603899747,0.8279066033158681,-5.396300739780017,-9.434882200533298,-0.0687216951009379
../benchmarks/vggnet16_benchmark2022/segmented_outputs/masks/n07718747_artichoke_mask.png,n07718747_artichoke_mask.png,0.7711224497910314,0.048907844387755105,2454,2,42.594863671688145,0.9557225949358751,0.781079715361596,0.8724626873544408,-4.871181181518924,-8.3775485217724,-0.06874959474509842
../benchmarks/vggnet16_benchmark2022/segmented_outputs/object/n02111129_Leonberg.JPEG,n02111129_Leonberg.JPEG,5.957551833083993,0.2484454719387755,12466,484,48.121686103038606,0.5453560219685863,0.38635544393805876,0.7865530612187684,6.294962731365418,11.755606253074234,-0.06897706254963662
../benchmarks/vggnet16_benchmark2022/segmented_outputs/masks/n04552348_warplane_mask.png,n04552348_warplane_mask.png,0.17883260060363404,0.01558514030612245,782,2,12.124112819225132,0.9873969721213876,0.9701050551667683,0.7202094572923572,-7.4371384806119245,-13.330514324812768,-0.06954062882599205
../benchmarks/vggnet16_benchmark2022/segmented_outputs/masks/n02002724_black_stork_mask.png,n02002724_black_stork_mask.png,0.7211221980094586,0.04721380739795918,2369,2,39.363678127285475,0.9590814156681025,0.8028470908811649,0.8702578332286358,-5.1174477250332595,-8.80633119366325,-0.06966178900696882
../benchmarks/vggnet16_benchmark2022/segmented_outputs/object/n04557648_water_bottle.JPEG,n04557648_water_bottle.JPEG,6.090204739425465,0.13938934948979592,6994,186,25.815571104443357,0.6795634475142552,0.27151523577276027,0.6093161373860917,2.4355575828775016,4.195668432899823,-0.06997108634727321
../benchmarks/vggnet16_benchmark2022/segmented_outputs/object/n01882714_koala.JPEG,n01882714_koala.JPEG,6.472984993946895,0.25338807397959184,12714,200,11.339963445059166,0.5213425446236584,0.2437069073299729,0.9132807144615207,5.001164441237683,10.555820942901752,-0.07046909312264421
../benchmarks/vggnet16_benchmark2022/segmented_outputs/masks/n03187595_dial_telephone_mask.png,n03187595_dial_telephone_mask.png,0.9222820979227365,0.04759247448979592,2388,2,37.64397143794706,0.9608690525593067,0.7200392733362145,0.9117360529919446,-4.780292430236448,-8.085921977171672,-0.07086309036246358
../benchmarks/vggnet16_benchmark2022/segmented_outputs/masks/n04522168_vase_mask.png,n04522168_vase_mask.png,0.9244015743953717,0.047931281887755105,2405,2,38.3950344682125,0.9600883217586149,0.7179575261365545,0.9104398518682566,-4.73892684861677,-8.019337807110354,-0.070891821552884
../benchmarks/vggnet16_benchmark2022/segmented_outputs/background/n11939491_daisy.JPEG,n11939491_daisy.JPEG,4.348014344838892,0.11300223214285714,5670,479,24.79716048499965,0.7658957159853442,0.6555827514434622,0.5525334225816698,0.521955247100133,0.0692974816615225,-0.07124489684477885
../benchmarks/vggnet16_benchmark2022/segmented_outputs/masks/n04265275_space_heater_mask.png,n04265275_space_heater_mask.png,0.9535780073460955,0.048927774234693876,2455,2,40.676682404012226,0.9577165463575756,0.6999896632808529,0.9098564638217644,-4.560412087686479,-7.714977756675837,-0.07128747579619496
../benchmarks/vggnet16_benchmark2022/segmented_outputs/background/n02105162_malinois.JPEG,n02105162_malinois.JPEG,3.329663447247258,0.10020727040816327,5028,333,25.81226472318085,0.8162133328590658,0.7472598575675101,0.663197485225635,-1.2866418263754238,-2.6810353784860217,-0.07176282817513382
../benchmarks/vggnet16_benchmark2022/segmented_outputs/object/n02113624_toy_poodle.JPEG,n02113624_toy_poodle.JPEG,6.587093327157589,0.23435507015306123,11759,254,71.09256690552743,0.544269018061418,0.24130831413577447,0.7259288774338777,6.646718152485246,12.23926202748462,-0.07216274562525521
../benchmarks/vggnet16_benchmark2022/segmented_outputs/masks/n02823750_beer_glass_mask.png,n02823750_beer_glass_mask.png,0.7064708378225334,0.04761240433673469,2389,2,39.886942788098025,0.9585374815092536,0.8078782796664747,0.8650151073097013,-5.117217865858154,-8.820518230467147,-0.07244575136966541
../benchmarks/vggnet16_benchmark2022/segmented_outputs/masks/n03804744_nail_mask.png,n03804744_nail_mask.png,0.997746099403338,0.04709422831632653,2363,2,36.870829208175756,0.961672734710836,0.681520164548491,0.9230621581958511,-4.639508211707205,-7.804840020074823,-0.07304470059726346
../benchmarks/vggnet16_benchmark2022/segmented_outputs/masks/n02017213_European_gallinule_mask.png,n02017213_European_gallinule_mask.png,0.9602099306208617,0.050283003826530615,2523,2,43.023686379189854,0.9552768332856654,0.6954470869967981,0.9054785073178436,-4.434231017504595,-7.51111189063631,-0.07310919903452935
../benchmarks/vggnet16_benchmark2022/segmented_outputs/masks/n02981792_catamaran_mask.png,n02981792_catamaran_mask.png,0.9205641897229597,0.05080117984693878,2549,2,43.68368053224644,0.9545907686774986,0.7154364659808434,0.897786115852501,-4.494114431569777,-7.638458917328244,-0.07384607645704448
../benchmarks/vggnet16_benchmark2022/segmented_outputs/object/n02051845_pelican.JPEG,n02051845_pelican.JPEG,7.082836026928339,0.283203125,14210,731,86.16541097538328,0.4251965231147003,0.14338986297933237,0.5012740276879526,11.075629211328106,19.029180978496974,-0.07393280540729012
../benchmarks/vggnet16_benchmark2022/segmented_outputs/masks/n03063689_coffeepot_mask.png,n03063689_coffeepot_mask.png,0.9063359459974052,0.04825015943877551,2421,2,37.85722592748749,0.9606473742957511,0.7267749379352917,0.9092009133972496,-4.794567024811687,-8.114158889221692,-0.07435618558261496
../benchmarks/vggnet16_benchmark2022/segmented_outputs/background/n02088632_bluetick.JPEG,n02088632_bluetick.JPEG,6.341540362635807,0.24639269770408162,12363,327,65.80425259267972,0.5254177579468831,0.32255018385421186,0.702977903516905,6.675797250703858,12.268601845661768,-0.07621997330411126
../benchmarks/vggnet16_benchmark2022/segmented_outputs/background/n02787622_banjo.JPEG,n02787622_banjo.JPEG,3.4545588101066675,0.10560825892857142,5299,285,26.237967672645713,0.8130108711692077,0.7155558842612413,0.7115498560370768,-1.1985179232769307,-2.2885943114172957,-0.07638398101789948
../benchmarks/vggnet16_benchmark2022/segmented_outputs/background/n04589890_window_screen.JPEG,n04589890_window_screen.JPEG,3.5204450955986926,0.12450175382653061,6247,406,29.285165670478662,0.7790282454285946,0.6983682329797973,0.6916142131643933,-0.02985557427151031,-0.32584751228629105,-0.07670110704986306
../benchmarks/vggnet16_benchmark2022/segmented_outputs/background/n03788195_mosque.JPEG,n03788195_mosque.JPEG,4.393370830384377,0.14756058673469388,7404,259,25.173185941016616,0.7398159285761757,0.623225029627728,0.7889824958365861,0.4612796806959127,1.1992719079360736,-0.07685194530644608
../benchmarks/vggnet16_benchmark2022/segmented_outputs/masks/n07584110_consomme_mask.png,n07584110_consomme_mask.png,0.9902797542673941,0.053013392857142856,2660,2,47.77672882044612,0.950336040727187,0.6781823862899403,0.8991224422063361,-4.141618411813735,-7.02620501630474,-0.07692383527867223
../benchmarks/vggnet16_benchmark2022/segmented_outputs/background/n03888257_parachute.JPEG,n03888257_parachute.JPEG,2.6973613490513966,0.08356584821428571,4193,259,25.735788588693826,0.847285177070596,0.795668643226261,0.6515915382449979,-2.459771350631403,-4.778829988519843,-0.07711335824101272
../benchmarks/vggnet16_benchmark2022/segmented_outputs/masks/n04596742_wok_mask.png,n04596742_wok_mask.png,0.9907951308070211,0.053053252551020405,2662,2,47.7941666217684,0.9503179141145859,0.6782794218057535,0.8990529535085976,-4.140557832719304,-7.024380103800826,-0.07713424390327055
../benchmarks/vggnet16_benchmark2022/segmented_outputs/masks/n03825788_nipple_mask.png,n03825788_nipple_mask.png,0.9714335106060046,0.05215640943877551,2617,2,45.63644662600696,0.9525608662931321,0.6899976044511252,0.9007855988134837,-4.285328067353452,-7.266063729427796,-0.07756888907721685
../benchmarks/vggnet16_benchmark2022/segmented_outputs/masks/n03649909_lawn_mower_mask.png,n03649909_lawn_mower_mask.png,0.9346079826941329,0.05080117984693878,2549,2,42.49248559734785,0.9558290170505739,0.7102246654124692,0.9024529382410872,-4.512379064079806,-7.649200318686741,-0.07768239328630672
../benchmarks/vggnet16_benchmark2022/segmented_outputs/background/n07614500_ice_cream.JPEG,n07614500_ice_cream.JPEG,3.1331450818154485,0.08703364158163265,4367,301,30.610996850931173,0.8446127517501564,0.7803400650461283,0.6556920823836312,-1.8480772058951591,-3.7865756107665574,-0.07777310250985726
../benchmarks/vggnet16_benchmark2022/segmented_outputs/masks/n01755581_diamondback_mask.png,n01755581_diamondback_mask.png,0.48873280119722645,0.040338010204081634,2024,2,35.81037948093605,0.9627750733046403,0.8831357135606501,0.7969337374053801,-5.747239878305106,-10.136909996391765,-0.07779948161166739
../benchmarks/vggnet16_benchmark2022/segmented_outputs/masks/n01518878_ostrich_mask.png,n01518878_ostrich_mask.png,0.6304258851734696,0.047572544642857144,2387,2,42.661153732398276,0.9556536863488583,0.8338689966243433,0.8305821073597127,-5.14497709284541,-8.981822272962285,-0.07820254147900937
../benchmarks/vggnet16_benchmark2022/segmented_outputs/object/n02423022_gazelle.JPEG,n02423022_gazelle.JPEG,6.747729119064626,0.23182397959183673,11632,193,46.02912309047408,0.5177492437206446,0.24340078737969087,0.6440290397371844,5.824474845507015,10.835378293834498,-0.07828259316088375
../benchmarks/vggnet16_benchmark2022/segmented_outputs/background/n02093428_American_Staffordshire_terrier.JPEG,n02093428_American_Staffordshire_terrier.JPEG,3.4520028889517427,0.12123325892857142,6083,164,45.3962446223554,0.7766741331022138,0.6871770450628573,0.6862290316105009,-0.5441919037711316,-1.0379498556646012,-0.07836047498405772
../benchmarks/vggnet16_benchmark2022/segmented_outputs/object/n04482393_tricycle.JPEG,n04482393_tricycle.JPEG,5.659510764473817,0.2074298469387755,10408,458,69.84927290349026,0.6022699726686345,0.4169965972717966,0.6313334314869791,5.6442915597988454,9.73233541439382,-0.07862919599979538
../benchmarks/vggnet16_benchmark2022/segmented_outputs/object/n02643566_lionfish.JPEG,n02643566_lionfish.JPEG,6.932324202799394,0.2727200255102041,13684,235,21.781392684142794,0.4529214787157999,0.16299746753951738,0.7680004904038349,6.658934722927989,13.110784603977448,-0.0786667085614652
../benchmarks/vggnet16_benchmark2022/segmented_outputs/background/n09835506_ballplayer.JPEG,n09835506_ballplayer.JPEG,5.581451055520624,0.22600446428571427,11340,497,49.527488223168895,0.5762002419072576,0.44174186720770126,0.6932706622854867,5.505714714046902,9.913395171366439,-0.07900312264521564
../benchmarks/vggnet16_benchmark2022/segmented_outputs/background/n01917289_brain_coral.JPEG,n01917289_brain_coral.JPEG,2.6900283151649544,0.08848852040816327,4440,188,29.072721966968636,0.8379266545635378,0.7791445212685437,0.6669285213078323,-2.4549024990540733,-4.606674781316406,-0.0791346653200168
../benchmarks/vggnet16_benchmark2022/segmented_outputs/background/n02109525_Saint_Bernard.JPEG,n02109525_Saint_Bernard.JPEG,2.7910193858120493,0.08715322066326531,4373,104,15.431589051937173,0.8402378586719956,0.7399792125303148,0.7258672208810732,-3.052661838766289,-5.283519115332142,-0.07958209612789341
../benchmarks/vggnet16_benchmark2022/segmented_outputs/masks/n04317175_stethoscope_mask.png,n04317175_stethoscope_mask.png,0.8753951896473406,0.05060188137755102,2539,2,41.18773211765378,0.9571853096490086,0.7369170649680346,0.8969704441659928,-4.688137185669848,-7.965334062313825,-0.08003432781842917
../benchmarks/vggnet16_benchmark2022/segmented_outputs/background/n02074367_dugong.JPEG,n02074367_dugong.JPEG,2.015121423201082,0.06540975765306123,3282,96,31.21626776415698,0.8815022994671546,0.8183463252202698,0.6641502955511808,-3.789461899784743,-7.007265392471722,-0.0803176037354137
../benchmarks/vggnet16_benchmark2022/segmented_outputs/masks/n04116512_rubber_eraser_mask.png,n04116512_rubber_eraser_mask.png,0.5658022511765062,0.04583864795918367,2300,2,42.70404866693882,0.9556090970198141,0.8536733457018162,0.8057397947968794,-5.2700212138155855,-9.28152800874647,-0.08060867790403925
../benchmarks/vggnet16_benchmark2022/segmented_outputs/background/n02096585_Boston_bull.JPEG,n02096585_Boston_bull.JPEG,4.699154774418595,0.17769451530612246,8916,209,16.251872012105558,0.6615258188592531,0.5035932084269567,0.7674540642170633,1.5038563227039552,3.382449783453816,-0.0806953435361186
../benchmarks/vggnet16_benchmark2022/segmented_outputs/object/n02815834_beaker.JPEG,n02815834_beaker.JPEG,6.28422760065391,0.24139030612244897,12112,14,29.764023595059484,0.5073426577051194,0.2432890405725729,0.7500076204065369,4.638421245498511,9.527798103078894,-0.08075366795683096
../benchmarks/vggnet16_benchmark2022/segmented_outputs/masks/n02948072_candle_mask.png,n02948072_candle_mask.png,0.9611492337927873,0.054009885204081634,2710,2,48.40757308484048,0.9496802774585859,0.6925435284892103,0.8934124856275698,-4.169809743557388,-7.088185167637283,-0.08099678490965533
../benchmarks/vggnet16_benchmark2022/segmented_outputs/background/n03759954_microphone.JPEG,n03759954_microphone.JPEG,3.542369091398186,0.1110092474489796,5570,176,35.08651280656658,0.7992946119580147,0.7037294059650732,0.7064574307295491,-1.1290232026597173,-2.0464120491439424,-0.08126753738840088
../benchmarks/vggnet16_benchmark2022/segmented_outputs/object/n02233338_cockroach.JPEG,n02233338_cockroach.JPEG,5.813443539912576,0.20920360331632654,10497,181,51.02034144144075,0.5900747782120043,0.3761764253879261,0.7098659277747523,4.2702079088239495,8.089848756463914,-0.08137057733139963
../benchmarks/vggnet16_benchmark2022/segmented_outputs/background/n02837789_bikini.JPEG,n02837789_bikini.JPEG,4.616267673938133,0.12356505102040816,6200,360,15.902710151820498,0.7546533862091719,0.559696679105933,0.6597459711924671,0.4691885972899724,0.5922355988251712,-0.08173734762699152
../benchmarks/vggnet16_benchmark2022/segmented_outputs/background/n01883070_wombat.JPEG,n01883070_wombat.JPEG,3.784741682689191,0.1233657525510204,6190,254,36.45571665505953,0.7794680101797401,0.6637674964379223,0.7145137606345349,-0.21663055957958752,-0.44777889171408064,-0.08261557031275084
../benchmarks/vggnet16_benchmark2022/segmented_outputs/object/n03394916_French_horn.JPEG,n03394916_French_horn.JPEG,5.498751811882623,0.12685347576530612,6365,225,59.86491888998482,0.753993357721428,0.4252325077763504,0.6838225285721782,2.153093529477018,3.466101934655203,-0.08293097726367255
../benchmarks/vggnet16_benchmark2022/segmented_outputs/background/n02916936_bulletproof_vest.JPEG,n02916936_bulletproof_vest.JPEG,2.5395693797379297,0.061025191326530615,3062,54,2.7143181408319164,0.8712104385195565,0.7464701321855316,0.6698684362094361,-4.344180850052086,-7.737567299766912,-0.08308270324917223
../benchmarks/vggnet16_benchmark2022/segmented_outputs/masks/n02500267_indri_mask.png,n02500267_indri_mask.png,0.9908406916888631,0.05430883290816327,2725,2,48.42333889665497,0.9496638888808161,0.6771733807857738,0.8979267817217205,-4.094470264757523,-6.9407220279563955,-0.08355708243504338
../benchmarks/vggnet16_benchmark2022/segmented_outputs/masks/n07716358_zucchini_mask.png,n07716358_zucchini_mask.png,0.8971909496816124,0.05217633928571429,2618,2,43.5161063796395,0.954764962183327,0.7267150253812965,0.8943654410687494,-4.531855714586747,-7.701914683251043,-0.08358697943068374
../benchmarks/vggnet16_benchmark2022/segmented_outputs/background/n03854065_organ.JPEG,n03854065_organ.JPEG,3.8208583924044914,0.13480548469387754,6764,152,42.56067139542036,0.749738227702085,0.6448800619083356,0.7003674069183283,-0.0040073504399950055,0.09049244268968959,-0.08394249900298208
../benchmarks/vggnet16_benchmark2022/segmented_outputs/masks/n02906734_broom_mask.png,n02906734_broom_mask.png,0.9656223233833434,0.05237563775510204,2628,2,44.06390158448204,0.9541955284984595,0.6930947475704762,0.9036555560293863,-4.353731171406247,-7.3652336520795885,-0.0839708997283443
../benchmarks/vggnet16_benchmark2022/segmented_outputs/masks/n07730033_cardoon_mask.png,n07730033_cardoon_mask.png,0.9440581744392904,0.056142378826530615,2817,2,51.84595699014025,0.946106073814823,0.69921544663672,0.8827289761161413,-4.0441034322186855,-6.904216444625574,-0.08439183405390605
../benchmarks/vggnet16_benchmark2022/segmented_outputs/masks/n01983481_American_lobster_mask.png,n01983481_American_lobster_mask.png,0.9805813818725737,0.047731983418367346,2395,2,34.409493210894894,0.9642312960385707,0.6921531170001164,0.926385438664467,-4.76742947565412,-7.997895502621093,-0.08440058327366809
../benchmarks/vggnet16_benchmark2022/segmented_outputs/masks/n02510455_giant_panda_mask.png,n02510455_giant_panda_mask.png,0.9992367454912912,0.05897241709183673,2959,2,57.75203725350505,0.9399666972416787,0.6664610743125284,0.8796530379085237,-3.6387845624542154,-6.219300231085205,-0.08458699123910321
../benchmarks/vggnet16_benchmark2022/segmented_outputs/masks/n01860187_black_swan_mask.png,n01860187_black_swan_mask.png,0.8532067970643565,0.05233577806122449,2626,2,43.612890721272684,0.9546643547595919,0.7440382694001635,0.8874295815523794,-4.609175063435275,-7.855888825550726,-0.08489337740100683
../benchmarks/vggnet16_benchmark2022/segmented_outputs/object/n02095570_Lakeland_terrier.JPEG,n02095570_Lakeland_terrier.JPEG,7.391591272512768,0.24352279974489796,12219,266,48.64996306707745,0.5023687243686943,0.14502280745913404,0.6796989565226256,7.094463571281618,13.112405484266338,-0.08497452552300383
../benchmarks/vggnet16_benchmark2022/segmented_outputs/background/n03016953_chiffonier.JPEG,n03016953_chiffonier.JPEG,5.606727006951404,0.19208386479591838,9638,271,36.78483299351578,0.6259956791259615,0.4460687752325453,0.6970411734382188,3.379355934695928,6.322454097397018,-0.0853117127705973
../benchmarks/vggnet16_benchmark2022/segmented_outputs/masks/n03388183_fountain_pen_mask.png,n03388183_fountain_pen_mask.png,0.8436716989761641,0.0525749362244898,2638,2,44.00290058715325,0.9542589390985933,0.7496683336863024,0.8838599446787747,-4.6165466610788375,-7.87967901231536,-0.08580882759358952
../benchmarks/vggnet16_benchmark2022/segmented_outputs/masks/n01770393_scorpion_mask.png,n01770393_scorpion_mask.png,0.5749444008687854,0.04745296556122449,2381,2,44.03359407867977,0.9542270331822456,0.8488368913897371,0.8056484124763985,-5.175133927243457,-9.111618281729578,-0.08605988027247541
../benchmarks/vggnet16_benchmark2022/segmented_outputs/object/n02843684_birdhouse.JPEG,n02843684_birdhouse.JPEG,6.125977199927849,0.232421875,11662,258,56.07211493206794,0.5549978957725554,0.3185199413932911,0.7376937935084262,5.641818381562449,10.611996793643039,-0.08651462690916983
../benchmarks/vggnet16_benchmark2022/segmented_outputs/object/n02105505_komondor.JPEG,n02105505_komondor.JPEG,7.721025332375758,0.33834901147959184,16977,337,29.107458922493436,0.3414920721930139,0.07162348978410125,0.8191971876537691,9.622668214178788,18.780748167961406,-0.08669583802890563
../benchmarks/vggnet16_benchmark2022/segmented_outputs/background/n02018207_American_coot.JPEG,n02018207_American_coot.JPEG,1.0784867414202004,0.029735331632653062,1492,154,10.33725916536686,0.9461362356309466,0.9233787761683877,0.6225552655902447,-5.881364189102705,-10.984114886569776,-0.08677773638743755
../benchmarks/vggnet16_benchmark2022/segmented_outputs/masks/n03916031_perfume_mask.png,n03916031_perfume_mask.png,0.9972198462274866,0.05104033801020408,2561,2,40.75454761602448,0.957635605388748,0.6793329314963306,0.9148255247133826,-4.430049175365464,-7.455319808040487,-0.08685096220062198
../benchmarks/vggnet16_benchmark2022/segmented_outputs/background/n01843383_toucan.JPEG,n01843383_toucan.JPEG,5.066297353455287,0.19987643494897958,10029,677,60.08278695704675,0.6398651785164322,0.4993236209999183,0.6537291210023043,5.3488404771639715,8.981849564206255,-0.08693713085038539
../benchmarks/vggnet16_benchmark2022/segmented_outputs/masks/n01843065_jacamar_mask.png,n01843065_jacamar_mask.png,0.8652714968510422,0.05171795280612245,2595,2,41.41674979589908,0.9569472455344084,0.74110826342049,0.8947663085967452,-4.682991099641165,-7.95489011994615,-0.08697382328970771
../benchmarks/vggnet16_benchmark2022/segmented_outputs/masks/n07248320_book_jacket_mask.png,n07248320_book_jacket_mask.png,0.44638083844946264,0.03908242984693878,1961,2,29.158175599888864,0.9696900461539617,0.8993804466097197,0.8115302783248852,-6.088123688694061,-10.657590144949328,-0.08730493219782863
../benchmarks/vggnet16_benchmark2022/segmented_outputs/masks/n03782006_monitor_mask.png,n03782006_monitor_mask.png,0.6636010410035849,0.049326371173469385,2475,2,40.52845004170918,0.9578706340522773,0.8227436654290039,0.8507303301593026,-5.141477284891742,-8.891951547714887,-0.0879645012968126
../benchmarks/vggnet16_benchmark2022/segmented_outputs/masks/n07695742_pretzel_mask.png,n07695742_pretzel_mask.png,0.9925640692320392,0.05317283163265306,2668,2,44.737502632976486,0.9534953195083404,0.6791723551343077,0.9058327823479018,-4.2534479578379045,-7.181110876068387,-0.08797896318494887
../benchmarks/vggnet16_benchmark2022/segmented_outputs/background/n01872401_echidna.JPEG,n01872401_echidna.JPEG,4.013756704628573,0.1566485969387755,7860,200,50.755219014516086,0.6981497384355113,0.6282077808270796,0.6328943860485527,1.2239869884301982,2.1176609353190035,-0.0881126615628762
../benchmarks/vggnet16_benchmark2022/segmented_outputs/masks/n04285008_sports_car_mask.png,n04285008_sports_car_mask.png,0.9661538747503169,0.04878826530612245,2448,2,35.22065629748387,0.9633880911668566,0.6994414280046233,0.9229092482975512,-4.755380070214678,-7.983798082966927,-0.0881182600064765
../benchmarks/vggnet16_benchmark2022/segmented_outputs/background/n03920288_Petri_dish.JPEG,n03920288_Petri_dish.JPEG,4.879578211598435,0.16063456632653061,8060,442,58.08851353786735,0.7066819280419929,0.5410405978058231,0.6614710245134111,3.099715946671579,5.07435751232131,-0.08840845597912544
../benchmarks/vggnet16_benchmark2022/segmented_outputs/background/n07714571_head_cabbage.JPEG,n07714571_head_cabbage.JPEG,5.5778053835169175,0.20934311224489796,10504,425,61.0819284371337,0.6256148442315687,0.4581019773197578,0.7471495613739103,4.9403726583886165,8.927424326869874,-0.08892994241746871
../benchmarks/vggnet16_benchmark2022/segmented_outputs/masks/n02086646_Blenheim_spaniel_mask.png,n02086646_Blenheim_spaniel_mask.png,0.9933719465381105,0.05552455357142857,2786,2,49.17398791278403,0.9488835884482494,0.6754347861670148,0.8966772556688621,-4.041153952792075,-6.845968207361975,-0.08936568047377451
../benchmarks/vggnet16_benchmark2022/segmented_outputs/background/n03598930_jigsaw_puzzle.JPEG,n03598930_jigsaw_puzzle.JPEG,2.6736265905956955,0.08693399234693877,4362,211,39.79281709843545,0.8461260538132953,0.7870074632881203,0.6479360589313576,-2.1491726842936707,-4.25164785789454,-0.08946441227772309
../benchmarks/vggnet16_benchmark2022/segmented_outputs/masks/n02009229_little_blue_heron_mask.png,n02009229_little_blue_heron_mask.png,0.6429562599195673,0.04884805484693878,2451,2,39.539903732632816,0.9588982289681571,0.829855582099948,0.8486555431540617,-5.220004645543691,-9.031889083652835,-0.08949044915166368
../benchmarks/vggnet16_benchmark2022/segmented_outputs/masks/n02133161_American_black_bear_mask.png,n02133161_American_black_bear_mask.png,0.9915167139046324,0.05524553571428571,2772,2,48.49192111799565,0.9495925975904411,0.6773775156685405,0.89769808146043,-4.07846403495867,-6.906183249722156,-0.08964386956379822
../benchmarks/vggnet16_benchmark2022/segmented_outputs/masks/n02607072_anemone_fish_mask.png,n02607072_anemone_fish_mask.png,0.9808370051159409,0.05548469387755102,2784,2,48.864853665823475,0.9492049338193104,0.6827476466053664,0.8952859426663146,-4.08590314144544,-6.926767610071694,-0.08978679087966925
../benchmarks/vggnet16_benchmark2022/segmented_outputs/background/n04501370_turnstile.JPEG,n04501370_turnstile.JPEG,1.0688264654568371,0.01207748724489796,606,72,0.7584655218632154,0.975377681839364,0.9309275699258258,0.6336022926462634,-6.982069078069811,-12.847555761036428,-0.09007621558340247
../benchmarks/vggnet16_benchmark2022/segmented_outputs/background/n02169497_leaf_beetle.JPEG,n02169497_leaf_beetle.JPEG,3.8613996368469423,0.11987802933673469,6015,461,18.03256325861743,0.7992886480593697,0.7057605920844152,0.730363752807088,-0.23892774339139833,-0.6471672499343317,-0.0903891291321462
../benchmarks/vggnet16_benchmark2022/segmented_outputs/background/n03776460_mobile_home.JPEG,n03776460_mobile_home.JPEG,2.407780386189199,0.07810507015306123,3919,100,8.86228600088938,0.8591584884280352,0.8002641610207173,0.7095322554968612,-3.898101620382331,-6.821292851839256,-0.09079736745781831
../benchmarks/vggnet16_benchmark2022/segmented_outputs/masks/n02788148_bannister_mask.png,n02788148_bannister_mask.png,0.6193143220187012,0.048529177295918366,2435,2,40.62586626130625,0.9577693697907419,0.8394876153824472,0.8338952197981851,-5.230985454986539,-9.10139202501859,-0.0908952015763838
../benchmarks/vggnet16_benchmark2022/segmented_outputs/masks/n04399382_teddy_mask.png,n04399382_teddy_mask.png,0.9862757172988963,0.05319276147959184,2669,2,43.80469628625972,0.9544649726754058,0.6833969664262793,0.9068737136392526,-4.305910914949105,-7.263703494733336,-0.09091244514787211
../benchmarks/vggnet16_benchmark2022/segmented_outputs/masks/n06874185_traffic_light_mask.png,n06874185_traffic_light_mask.png,0.9997521760722428,0.05295360331632653,2657,2,43.46460861703889,0.9548184941610822,0.6760033185899033,0.9095230152706629,-4.288441474440427,-7.224943679849428,-0.0909648969917762
../benchmarks/vggnet16_benchmark2022/segmented_outputs/masks/n04259630_sombrero_mask.png,n04259630_sombrero_mask.png,0.15623537621708133,0.01584422831632653,795,2,12.604742961991946,0.9868973565883661,0.9718572037746485,0.6918027578748303,-7.431032922992781,-13.3959164468307,-0.09097585447348237
../benchmarks/vggnet16_benchmark2022/segmented_outputs/object/n03218198_dogsled.JPEG,n03218198_dogsled.JPEG,5.006694957867824,0.1905094068877551,9559,247,47.26102306765182,0.6410742566311117,0.49393027816659063,0.7097380751978445,3.0668861615947405,5.772277435865094,-0.09111028103214824
../benchmarks/vggnet16_benchmark2022/segmented_outputs/background/n02226429_grasshopper.JPEG,n02226429_grasshopper.JPEG,1.7075051676670063,0.05464764030612245,2742,212,15.937314245887265,0.9067936692584377,0.8756588418885828,0.6488523593640398,-4.435276937716415,-8.317665883513435,-0.09124681396325904
../benchmarks/vggnet16_benchmark2022/segmented_outputs/background/n01818515_macaw.JPEG,n01818515_macaw.JPEG,7.000578181263458,0.30546476403061223,15327,697,72.51183751463219,0.4199169546321595,0.20533833935257673,0.6571326762191221,10.623137757154453,18.98168327044807,-0.09134568121073935
../benchmarks/vggnet16_benchmark2022/segmented_outputs/masks/n03544143_hourglass_mask.png,n03544143_hourglass_mask.png,0.9843126218503774,0.05502630739795918,2761,2,47.30038964784693,0.9508311957922589,0.6822336637116002,0.8990870805066558,-4.146752096776244,-7.015713088766766,-0.09184381280196119
../benchmarks/vggnet16_benchmark2022/segmented_outputs/masks/n02802426_basketball_mask.png,n02802426_basketball_mask.png,0.9980830890553742,0.05544483418367347,2782,2,48.294990579707374,0.9497973070897013,0.6733669530522344,0.8992621370575293,-4.064804998390049,-6.874659073839633,-0.0918477003512015
../benchmarks/vggnet16_benchmark2022/segmented_outputs/masks/n04606251_wreck_mask.png,n04606251_wreck_mask.png,0.5668251614237417,0.046755420918367346,2346,2,38.736313563541906,0.95973356178426,0.8560006103459408,0.8235882249083171,-5.410127853157427,-9.443484933854089,-0.09226126595198397
../benchmarks/vggnet16_benchmark2022/segmented_outputs/object/n02129604_tiger.JPEG,n02129604_tiger.JPEG,7.084253651277139,0.2855747767857143,14329,484,20.761833154914154,0.42239910076245113,0.11077159353120133,0.6824261074230525,8.279961566501065,15.489981913734578,-0.09275516013305163
../benchmarks/vggnet16_benchmark2022/segmented_outputs/background/n02504013_Indian_elephant.JPEG,n02504013_Indian_elephant.JPEG,5.608869548370323,0.19060905612244897,9564,151,40.46047934454038,0.61755342301054,0.40505120683593276,0.6753414831405868,3.1915814497295667,6.077039792159859,-0.09310536085041678
../benchmarks/vggnet16_benchmark2022/segmented_outputs/background/n03085013_computer_keyboard.JPEG,n03085013_computer_keyboard.JPEG,1.4330626623710128,0.03920200892857143,1967,71,10.396106696547783,0.9230950648111618,0.8836092865596981,0.6290826457387728,-5.643025866688206,-10.359792757317866,-0.09370269885265509
../benchmarks/vggnet16_benchmark2022/segmented_outputs/background/n04550184_wardrobe.JPEG,n04550184_wardrobe.JPEG,4.966532425818423,0.17512356505102042,8787,107,23.050275374608884,0.6633727807009454,0.4521053522925069,0.7687500701060113,1.544505976823539,3.52350172064236,-0.09408586774371243
../benchmarks/vggnet16_benchmark2022/segmented_outputs/object/n02009912_American_egret.JPEG,n02009912_American_egret.JPEG,6.820976592780147,0.292789381377551,14691,132,13.743083826780833,0.3860235326585493,0.11231147429282234,0.6834751938967778,6.867306179503783,13.659204530447642,-0.09418424360462588
../benchmarks/vggnet16_benchmark2022/segmented_outputs/background/n01855672_goose.JPEG,n01855672_goose.JPEG,1.7242538002579932,0.04683514030612245,2350,68,15.03650865251601,0.9079237592584081,0.8677881696217115,0.6245521324787935,-5.134375486135829,-9.4585817359256,-0.09477003724747872
../benchmarks/vggnet16_benchmark2022/segmented_outputs/masks/n04560804_water_jug_mask.png,n04560804_water_jug_mask.png,0.4709761907211076,0.04205197704081633,2110,2,33.45879803372802,0.9652195446634844,0.88841556974593,0.8032475525162812,-5.834744050856313,-10.242137797657275,-0.09488231398118024
../benchmarks/vggnet16_benchmark2022/segmented_outputs/masks/n02012849_crane_mask.png,n02012849_crane_mask.png,0.6342542446885843,0.050302933673469385,2524,2,42.2503681581929,0.9560806983802568,0.8303238118478458,0.8363156012553346,-5.104102986491855,-8.869114477465105,-0.09508059009255737
../benchmarks/vggnet16_benchmark2022/segmented_outputs/masks/n03637318_lampshade_mask.png,n03637318_lampshade_mask.png,0.2571679211948015,0.02529097576530612,1269,2,23.367574143296096,0.9757093823874261,0.9452401545915179,0.7064740624857935,-6.754835250142767,-12.174027803048816,-0.09513294916296758
../benchmarks/vggnet16_benchmark2022/segmented_outputs/masks/n02113023_Pembroke_mask.png,n02113023_Pembroke_mask.png,0.9711205499104778,0.0564811862244898,2834,2,49.13232666556274,0.948926895358043,0.6872074099997032,0.8933161581406148,-4.082011803505302,-6.919231299656698,-0.09546565285625588
../benchmarks/vggnet16_benchmark2022/segmented_outputs/masks/n04041544_radio_mask.png,n04041544_radio_mask.png,0.9887355090132941,0.059271364795918366,2974,2,54.98512676333422,0.9428429035724176,0.6738671286664746,0.8837053875819638,-3.7680449616601495,-6.413105338032834,-0.09553842275218845
../benchmarks/vggnet16_benchmark2022/segmented_outputs/masks/n06785654_crossword_puzzle_mask.png,n06785654_crossword_puzzle_mask.png,0.8583058627599564,0.05408960459183673,2714,2,43.719666098872764,0.9545533616435834,0.7439097137403141,0.8871490222745644,-4.576571956929575,-7.78618380219855,-0.09643465569556628
../benchmarks/vggnet16_benchmark2022/segmented_outputs/object/n01980166_fiddler_crab.JPEG,n01980166_fiddler_crab.JPEG,6.884809867225159,0.2575135522959184,12921,166,14.052922412846764,0.48623431393635913,0.1448219451754978,0.8004630182806893,5.762197086176678,11.65496753690622,-0.0968852595292608
../benchmarks/vggnet16_benchmark2022/segmented_outputs/background/n04485082_tripod.JPEG,n04485082_tripod.JPEG,6.163850650593728,0.24220742984693877,12153,651,61.8194775821091,0.5331712320666113,0.3679240955087598,0.5840975577078902,7.518035394818489,12.959981037134495,-0.09753428981296126
../benchmarks/vggnet16_benchmark2022/segmented_outputs/masks/n04553703_washbasin_mask.png,n04553703_washbasin_mask.png,0.9234997685946231,0.0528938137755102,2654,2,40.50968106082644,0.9578901444274153,0.7156585827900196,0.9057954457574144,-4.578755409134903,-7.725328519034229,-0.09778204270962912
../benchmarks/vggnet16_benchmark2022/segmented_outputs/masks/n15075141_toilet_tissue_mask.png,n15075141_toilet_tissue_mask.png,0.8580102755862852,0.05492665816326531,2756,2,45.180020935882396,0.9530353212724715,0.7440129902750845,0.8829271137705157,-4.511076081653165,-7.68646411239207,-0.09792111816106361
../benchmarks/vggnet16_benchmark2022/segmented_outputs/masks/n04004767_printer_mask.png,n04004767_printer_mask.png,0.7732746533048052,0.0545280612244898,2736,2,45.977219218297506,0.9522066328292125,0.7794049600384088,0.8620768838156339,-4.655966405039798,-8.006540914724464,-0.09799549559936299
../benchmarks/vggnet16_benchmark2022/segmented_outputs/masks/n02129604_tiger_mask.png,n02129604_tiger_mask.png,0.5515672976027717,0.04954559948979592,2486,2,50.25795391499727,0.947756804662165,0.8520072493292147,0.7671103767187494,-4.9369884640156325,-8.824513076423079,-0.0980713523938286
../benchmarks/vggnet16_benchmark2022/segmented_outputs/background/n03259280_Dutch_oven.JPEG,n03259280_Dutch_oven.JPEG,2.477836296741146,0.06166294642857143,3094,225,13.96197876453135,0.8804814668639532,0.7923120336891667,0.6166052495862446,-3.55854805327861,-6.835277716384205,-0.09811986803804759
../benchmarks/vggnet16_benchmark2022/segmented_outputs/masks/n12985857_coral_fungus_mask.png,n12985857_coral_fungus_mask.png,0.9303735548810872,0.05580357142857143,2800,2,46.722195614126164,0.951432229091345,0.7069223613838761,0.8929378972276085,-4.271588456258981,-7.241631533693941,-0.09813300492147181
../benchmarks/vggnet16_benchmark2022/segmented_outputs/masks/n04229816_ski_mask_mask.png,n04229816_ski_mask_mask.png,0.7868174612704801,0.05666055484693878,2843,2,50.92972136128516,0.9470585017034459,0.7714628699462635,0.8505054379232244,-4.407062318544408,-7.619221946942682,-0.09836522441213671
../benchmarks/vggnet16_benchmark2022/segmented_outputs/masks/n03977966_police_van_mask.png,n03977966_police_van_mask.png,0.9012040909461791,0.0545280612244898,2736,2,43.64667899640003,0.9546292318124739,0.7252655405269787,0.8945239527337707,-4.484786172630233,-7.600657857272943,-0.09903176320358287
../benchmarks/vggnet16_benchmark2022/segmented_outputs/masks/n03530642_honeycomb_mask.png,n03530642_honeycomb_mask.png,0.4547727210920287,0.042291135204081634,2122,2,39.04946291697412,0.959408042705848,0.8887342171935954,0.7625949095536801,-5.6338639340831795,-10.03643481734117,-0.10014862972822434
../benchmarks/vggnet16_benchmark2022/segmented_outputs/masks/n02509815_lesser_panda_mask.png,n02509815_lesser_panda_mask.png,0.5061149530557455,0.04514110331632653,2265,2,39.12828488393539,0.9593261071892564,0.8753469997314738,0.7907055870452134,-5.517344768832034,-9.735094259128172,-0.1002475973949408
../benchmarks/vggnet16_benchmark2022/segmented_outputs/masks/n03720891_maraca_mask.png,n03720891_maraca_mask.png,0.9996756093869197,0.0548469387755102,2752,2,44.468050205565746,0.95377541558673,0.6754116765768579,0.9073993198715468,-4.22112235965911,-7.1043305940177905,-0.10042026883339275
../benchmarks/vggnet16_benchmark2022/segmented_outputs/masks/n02704792_amphibian_mask.png,n02704792_amphibian_mask.png,0.8131050966877187,0.054807079081632654,2750,2,44.60252421213793,0.9536356297171124,0.7632284767802218,0.8756352619109598,-4.6248690115666085,-7.9029593746953966,-0.10058379661874572
../benchmarks/vggnet16_benchmark2022/segmented_outputs/object/n03529860_home_theater.JPEG,n03529860_home_theater.JPEG,6.446431954468055,0.1521045918367347,7632,244,43.318593561965564,0.6810097840882607,0.3030133521352155,0.6270446433654592,3.3956098960502143,5.78641047599562,-0.10123312545127772
../benchmarks/vggnet16_benchmark2022/segmented_outputs/masks/n02776631_bakery_mask.png,n02776631_bakery_mask.png,0.998205649834951,0.057338169642857144,2877,2,49.13222368422176,0.948927002407254,0.6729763880004088,0.8974717604151268,-4.004266872098646,-6.763875582259841,-0.10183670240866241
../benchmarks/vggnet16_benchmark2022/segmented_outputs/background/n02096437_Dandie_Dinmont.JPEG,n02096437_Dandie_Dinmont.JPEG,2.1623533089329507,0.05604272959183673,2812,117,10.850069395003647,0.8934324922994562,0.8505185944437612,0.6333320936305276,-4.599543358525375,-8.478857376804953,-0.10186997465934775
../benchmarks/vggnet16_benchmark2022/segmented_outputs/background/n04355933_sunglass.JPEG,n04355933_sunglass.JPEG,3.0823319709965156,0.07079081632653061,3552,366,15.8638404684742,0.8690401009222795,0.8082574304635757,0.596973164394274,-2.550488724236107,-5.2972655459416185,-0.10191945287985367
../benchmarks/vggnet16_benchmark2022/segmented_outputs/masks/n02099601_golden_retriever_mask.png,n02099601_golden_retriever_mask.png,0.8162932048214091,0.05903220663265306,2962,2,54.06137937429628,0.9438031399435589,0.7534839414880485,0.8516764464482136,-4.176683236949797,-7.214249411490142,-0.10225899192478612
../benchmarks/vggnet16_benchmark2022/segmented_outputs/object/n02879718_bow.JPEG,n02879718_bow.JPEG,6.6559422639200285,0.22847576530612246,11464,232,81.62757653232256,0.5685501792465838,0.2351832721571932,0.7327484446247376,6.68553998369718,12.218506803370989,-0.10233295122596398
../benchmarks/vggnet16_benchmark2022/segmented_outputs/object/n02410509_bison.JPEG,n02410509_bison.JPEG,6.826788824884305,0.1683075573979592,8445,72,50.66099008561937,0.6313051627914743,0.19923440511466067,0.6115828932183496,4.014370997395192,7.1639685934030135,-0.10243235982928076
../benchmarks/vggnet16_benchmark2022/segmented_outputs/background/n07880968_burrito.JPEG,n07880968_burrito.JPEG,3.901259106894245,0.12167171556122448,6105,480,18.47272479988053,0.7842139803840543,0.6793574633921768,0.6678681334761112,0.08871418010436549,-0.24845370065105443,-0.10255984663161248
../benchmarks/vggnet16_benchmark2022/segmented_outputs/object/n02056570_king_penguin.JPEG,n02056570_king_penguin.JPEG,6.95143585471673,0.24629304846938777,12358,213,34.17504718838453,0.5112549527226019,0.19706741328998978,0.7409737220161551,6.060981361324184,11.686869075744152,-0.10256319402239081
../benchmarks/vggnet16_benchmark2022/segmented_outputs/masks/n02094433_Yorkshire_terrier_mask.png,n02094433_Yorkshire_terrier_mask.png,0.9002088639952615,0.05855389030612245,2938,2,51.13448537929463,0.9468456492938726,0.7189429546982866,0.8770753270431497,-4.126481537422545,-7.039728352702071,-0.10334466973206574
../benchmarks/vggnet16_benchmark2022/segmented_outputs/masks/n03272562_electric_locomotive_mask.png,n03272562_electric_locomotive_mask.png,0.9999075603234365,0.05580357142857143,2800,2,45.52309462680667,0.9526786958141303,0.674496821437612,0.9052553123975364,-4.164574729663361,-7.010659719661885,-0.10340663672949146
../benchmarks/vggnet16_benchmark2022/segmented_outputs/background/n02102177_Welsh_springer_spaniel.JPEG,n02102177_Welsh_springer_spaniel.JPEG,2.787699888804719,0.08916613520408163,4474,134,28.572270063066547,0.8404562069723515,0.7637758877470715,0.6734717903343321,-2.598497928404052,-4.757907529606271,-0.10350477212510532
../benchmarks/vggnet16_benchmark2022/segmented_outputs/background/n02098413_Lhasa.JPEG,n02098413_Lhasa.JPEG,5.325115993819711,0.1882374043367347,9445,413,65.33316506029968,0.6505914689392869,0.48038163592634214,0.6463594915379403,4.366124562960685,7.4676027875912485,-0.10362008726715935
../benchmarks/vggnet16_benchmark2022/segmented_outputs/masks/n07742313_Granny_Smith_mask.png,n07742313_Granny_Smith_mask.png,0.6566130780882562,0.053830516581632654,2701,2,48.340819899552564,0.9497496674640825,0.8208027361511473,0.819362735342435,-4.783219591673176,-8.367103186691008,-0.10376361112236318
../benchmarks/vggnet16_benchmark2022/segmented_outputs/masks/n03933933_pier_mask.png,n03933933_pier_mask.png,0.9967474556450011,0.053631218112244895,2691,2,40.65339637977275,0.9577407522039785,0.6797542706745907,0.9149588890662397,-4.396775419562915,-7.374733748576165,-0.10459703280519768
../benchmarks/vggnet16_benchmark2022/segmented_outputs/masks/n03146219_cuirass_mask.png,n03146219_cuirass_mask.png,0.9334685852654176,0.06028778698979592,3025,2,54.27841182176751,0.9435775344888071,0.7032011936376058,0.8750905290346012,-3.912323102565372,-6.677537553979085,-0.10481819976351973
../benchmarks/vggnet16_benchmark2022/segmented_outputs/masks/n02106166_Border_collie_mask.png,n02106166_Border_collie_mask.png,0.9667061896531643,0.05781648596938776,2901,2,48.94994229026383,0.9491164841057549,0.6895345285414866,0.89303565130362,-4.079318180206749,-6.903151229885943,-0.104977603966702
../benchmarks/vggnet16_benchmark2022/segmented_outputs/masks/n02168699_long-horned_beetle_mask.png,n02168699_long-horned_beetle_mask.png,0.3037683940914858,0.03063217474489796,1537,2,29.40461747814726,0.9694338695653355,0.9312127640725902,0.7035453409418959,-6.382206780632567,-11.529298578018437,-0.10639183521252878
../benchmarks/vggnet16_benchmark2022/segmented_outputs/background/n01664065_loggerhead.JPEG,n01664065_loggerhead.JPEG,2.28858405994614,0.059650031887755105,2993,215,16.17500089510445,0.8908326039994183,0.8436832521052458,0.6145907120901841,-3.896460948907767,-7.453227201799164,-0.10647823777079225
../benchmarks/vggnet16_benchmark2022/segmented_outputs/background/n02486410_baboon.JPEG,n02486410_baboon.JPEG,2.166437785587301,0.07922114158163265,3975,108,21.831247509537,0.8630009243046836,0.8069400034322867,0.6862072233561882,-3.5999817547413833,-6.450273849291444,-0.10648628843942304
../benchmarks/vggnet16_benchmark2022/segmented_outputs/background/n02395406_hog.JPEG,n02395406_hog.JPEG,3.537081526446249,0.10660475127551021,5349,217,19.252502882608148,0.8052217844963294,0.7287763296802092,0.6744600029257424,-1.6407449101860507,-3.008741181978724,-0.10667435911683383
../benchmarks/vggnet16_benchmark2022/segmented_outputs/background/n04465501_tractor.JPEG,n04465501_tractor.JPEG,4.732336844227079,0.16468032525510204,8263,541,34.28874436675308,0.6847677580252097,0.5474370673417085,0.593599834850991,2.90037878267644,4.630661613801118,-0.10695743326122494
../benchmarks/vggnet16_benchmark2022/segmented_outputs/background/n02389026_sorrel.JPEG,n02389026_sorrel.JPEG,4.587972820213116,0.16597576530612246,8328,334,27.14150029711877,0.6984684364776006,0.592566601879372,0.714155694424932,1.5503554988130275,2.9434656066974174,-0.10721292354769395
../benchmarks/vggnet16_benchmark2022/segmented_outputs/masks/n07747607_orange_mask.png,n07747607_orange_mask.png,0.9926457933564994,0.05978954081632653,3000,2,52.48483268188057,0.9454419618691471,0.6730246549168019,0.889763161629721,-3.8471235169366205,-6.513112514457012,-0.10726217432357738
../benchmarks/vggnet16_benchmark2022/segmented_outputs/masks/n04483307_trimaran_mask.png,n04483307_trimaran_mask.png,0.9337722441602203,0.05845424107142857,2933,2,49.241717623495376,0.9488131833435599,0.704572182163087,0.8873869508794081,-4.1293449479505275,-7.00359867273748,-0.10813042629348774
../benchmarks/vggnet16_benchmark2022/segmented_outputs/masks/n02087046_toy_terrier_mask.png,n02087046_toy_terrier_mask.png,0.9541692297845694,0.06028778698979592,3025,2,53.07937422626404,0.9448239353157338,0.692614093568348,0.8820078849874546,-3.9077211945851804,-6.64155965644902,-0.10836295413339495
../benchmarks/vggnet16_benchmark2022/segmented_outputs/object/n02088632_bluetick.JPEG,n02088632_bluetick.JPEG,5.441375168360629,0.20115194515306123,10093,202,61.82644400890033,0.6269765797953237,0.44133683738724466,0.7195306867565325,3.9384706637581988,7.354921276741932,-0.10872003472172496
../benchmarks/vggnet16_benchmark2022/segmented_outputs/object/n02115641_dingo.JPEG,n02115641_dingo.JPEG,5.81743942440489,0.22967155612244897,11524,260,40.81924049943159,0.5678859684388169,0.4020744942963108,0.741306957969118,4.6302477812321925,8.938541492668122,-0.10905474133190857
../benchmarks/vggnet16_benchmark2022/segmented_outputs/background/n01484850_great_white_shark.JPEG,n01484850_great_white_shark.JPEG,2.020696808085367,0.04595822704081633,2306,145,9.824309156347326,0.9082220050455931,0.855332020651367,0.5962560949526111,-4.832581191571814,-9.097946298009301,-0.10923553387563992
../benchmarks/vggnet16_benchmark2022/segmented_outputs/masks/n02229544_cricket_mask.png,n02229544_cricket_mask.png,0.9340751747913,0.05743781887755102,2882,2,46.68173623687588,0.9514742866560542,0.7065652880628819,0.8931514034797794,-4.245826043981561,-7.1823791549314695,-0.10928580685934738
../benchmarks/vggnet16_benchmark2022/segmented_outputs/object/n03249569_drum.JPEG,n03249569_drum.JPEG,6.495427195720995,0.2692323022959184,13509,590,59.01908090528478,0.5066953408846626,0.2931531253819142,0.7288929829537636,8.169016563141131,14.81888079316446,-0.10930438363746142
../benchmarks/vggnet16_benchmark2022/segmented_outputs/masks/n03042490_cliff_dwelling_mask.png,n03042490_cliff_dwelling_mask.png,0.8137640576412745,0.05915178571428571,2968,2,51.89602676100466,0.9460540262359618,0.7573528770869679,0.85611780647379,-4.269987225234821,-7.349688881791123,-0.10958247126351497
../benchmarks/vggnet16_benchmark2022/segmented_outputs/masks/n01774384_black_widow_mask.png,n01774384_black_widow_mask.png,0.29615423055151463,0.029157366071428572,1463,2,31.138653049560794,0.9676313377863194,0.9321813638797538,0.6751107744801643,-6.347407334992569,-11.568582654511665,-0.11000483018997882
../benchmarks/vggnet16_benchmark2022/segmented_outputs/masks/n04542943_waffle_iron_mask.png,n04542943_waffle_iron_mask.png,0.9866320024861615,0.05737802933673469,2879,2,46.609126133548116,0.9515497649339417,0.6807080210510694,0.901118435164165,-4.130135021194974,-6.956717239801936,-0.1100244467032129
../benchmarks/vggnet16_benchmark2022/segmented_outputs/background/n02095889_Sealyham_terrier.JPEG,n02095889_Sealyham_terrier.JPEG,2.4052051798346517,0.06951530612244898,3488,152,20.99134925234604,0.8676702481260632,0.8109085344540317,0.6102562117085999,-3.544772196611855,-6.7081100399078695,-0.11033203960204704
../benchmarks/vggnet16_benchmark2022/segmented_outputs/background/n07714990_broccoli.JPEG,n07714990_broccoli.JPEG,1.817983631868986,0.033522002551020405,1682,152,6.978038380647795,0.9284839349051306,0.8901827771163299,0.5678772294947181,-5.413559803938939,-10.282503980830128,-0.11161654422273908
../benchmarks/vggnet16_benchmark2022/segmented_outputs/masks/n01770081_harvestman_mask.png,n01770081_harvestman_mask.png,0.6104683661685443,0.055584343112244895,2789,2,57.74771509747851,0.9399711901273611,0.8325389316627418,0.7596326448317849,-4.475155250998116,-8.040199969109926,-0.11171377796568376
../benchmarks/vggnet16_benchmark2022/segmented_outputs/object/n01917289_brain_coral.JPEG,n01917289_brain_coral.JPEG,7.802846048597985,0.28031329719387754,14065,347,31.679691308952975,0.45584676349255127,0.08429408055750512,0.7866419187877768,8.142522358182916,15.549677608473333,-0.11190457814804938
../benchmarks/vggnet16_benchmark2022/segmented_outputs/background/n02487347_macaque.JPEG,n02487347_macaque.JPEG,5.52930953342052,0.21301020408163265,10688,172,51.88016534545242,0.5961853494774759,0.387818266702448,0.7256043011628289,4.125016162023173,7.92754473822665,-0.11206126155961954
../benchmarks/vggnet16_benchmark2022/segmented_outputs/masks/n09472597_volcano_mask.png,n09472597_volcano_mask.png,0.4402608979506775,0.04292889030612245,2154,2,46.29154765950783,0.9518798880878296,0.8888724639435938,0.7063471512026325,-5.365204293487968,-9.762376863291232,-0.1121457028137802
../benchmarks/vggnet16_benchmark2022/segmented_outputs/object/n07715103_cauliflower.JPEG,n07715103_cauliflower.JPEG,4.3154745585834275,0.14885602678571427,7469,852,32.725642565232555,0.7436689112887337,0.629255861848897,0.6053294396101553,3.0386509569005105,4.333475215514779,-0.11220989423680647
../benchmarks/vggnet16_benchmark2022/segmented_outputs/background/n03249569_drum.JPEG,n03249569_drum.JPEG,5.426823557514491,0.20400191326530612,10236,107,51.36123642883328,0.6009774619729398,0.41310933967126373,0.6788258599324908,3.5446319966017183,6.8088541588840865,-0.11231817778754394
../benchmarks/vggnet16_benchmark2022/segmented_outputs/background/n04252225_snowplow.JPEG,n04252225_snowplow.JPEG,2.5257174067721833,0.07762675382653061,3895,423,18.169691249355473,0.863511059962799,0.8095091489110954,0.5954027908202577,-2.330860038568603,-4.925731568864856,-0.11240658458200738
../benchmarks/vggnet16_benchmark2022/segmented_outputs/object/n04040759_radiator.JPEG,n04040759_radiator.JPEG,6.59272173416856,0.18425143494897958,9245,168,26.828762707551334,0.5906447204522545,0.2326972818599878,0.5640002719504804,3.9597351707300223,7.135660525704457,-0.11253866680868718
../benchmarks/vggnet16_benchmark2022/segmented_outputs/object/n03781244_monastery.JPEG,n03781244_monastery.JPEG,6.354742274951965,0.15569196428571427,7812,265,39.97287781263759,0.6755962986388805,0.2913645021886266,0.6237556233341485,3.47695336330895,5.954085349123531,-0.11268759547864131
../benchmarks/vggnet16_benchmark2022/segmented_outputs/masks/n02134418_sloth_bear_mask.png,n02134418_sloth_bear_mask.png,0.9543605343044682,0.06291852678571429,3157,2,57.2734114093751,0.9404642293041838,0.690778748998149,0.8723160533037068,-3.7076574347353493,-6.325533412000495,-0.11278958427135022
../benchmarks/vggnet16_benchmark2022/segmented_outputs/background/n02233338_cockroach.JPEG,n02233338_cockroach.JPEG,6.427962514729677,0.2456951530612245,12328,246,52.33283918939998,0.5260943620651551,0.27796451274915435,0.7148399125524935,6.1302568907160495,11.559754661897855,-0.1134364349938808
../benchmarks/vggnet16_benchmark2022/segmented_outputs/masks/n01484850_great_white_shark_mask.png,n01484850_great_white_shark_mask.png,0.4263550426374991,0.041513871173469385,2083,2,38.942134694731735,0.9595196105044368,0.8983898619001375,0.7366927481629382,-5.697322873148267,-10.222369378159916,-0.11347766746255868
../benchmarks/vggnet16_benchmark2022/segmented_outputs/masks/n03095699_container_ship_mask.png,n03095699_container_ship_mask.png,0.655561169731113,0.054767219387755105,2748,2,46.97520410730729,0.9511692264996806,0.8226944295517766,0.8230516284446776,-4.826863912459001,-8.416391672596458,-0.11362184949168833
../benchmarks/vggnet16_benchmark2022/segmented_outputs/masks/n02441942_weasel_mask.png,n02441942_weasel_mask.png,0.5708989564684932,0.05199697066326531,2609,2,47.80945735928347,0.9503020193770442,0.8493712415086188,0.7847633825156347,-4.972456731676939,-8.802299831510114,-0.1138166859727317
../benchmarks/vggnet16_benchmark2022/segmented_outputs/background/n02110063_malamute.JPEG,n02110063_malamute.JPEG,2.0807648168922515,0.06722337372448979,3373,75,19.669238057453665,0.8766007772933564,0.8198477044873477,0.6410664662585676,-4.145700368774721,-7.562962605114869,-0.11540148322436564
../benchmarks/vggnet16_benchmark2022/segmented_outputs/masks/n02128757_snow_leopard_mask.png,n02128757_snow_leopard_mask.png,0.7296251363230215,0.06126434948979592,3074,2,59.18961460951044,0.9384723340857479,0.7886988598066105,0.8074923629531381,-4.123662721546357,-7.25961312290545,-0.11651205812167062
../benchmarks/vggnet16_benchmark2022/segmented_outputs/masks/n02486261_patas_mask.png,n02486261_patas_mask.png,0.660663261248593,0.05600286989795918,2810,2,48.70090887684448,0.9493753545978748,0.8193534618765741,0.8193386130790097,-4.730416148903441,-8.259432638900575,-0.11696817896854915
../benchmarks/vggnet16_benchmark2022/segmented_outputs/masks/n02965783_car_mirror_mask.png,n02965783_car_mirror_mask.png,0.3173497846014591,0.035275829081632654,1770,2,23.85387039716533,0.9752038769260235,0.9329267142756097,0.7640449399414072,-6.517346737611022,-11.527391944691463,-0.11737823293301271
../benchmarks/vggnet16_benchmark2022/segmented_outputs/masks/n02112706_Brabancon_griffon_mask.png,n02112706_Brabancon_griffon_mask.png,0.6175466666062583,0.05737802933673469,2879,2,59.84525741230185,0.937790792710705,0.8287594992642073,0.7553647831060245,-4.354301862391629,-7.840127957964805,-0.11747798351356034
../benchmarks/vggnet16_benchmark2022/segmented_outputs/background/n02410509_bison.JPEG,n02410509_bison.JPEG,3.313392097335996,0.13002232142857142,6524,76,51.108091556798946,0.7672283569170082,0.6740097327862745,0.6850897970749734,-0.5414975398784491,-0.8685070617016415,-0.11775797102754797
../benchmarks/vggnet16_benchmark2022/segmented_outputs/masks/n02437312_Arabian_camel_mask.png,n02437312_Arabian_camel_mask.png,0.9892489065388557,0.06132413903061224,3077,2,52.41037105176377,0.9455193648110564,0.6751432892669412,0.8892950660786152,-3.8363062763212654,-6.48247252171743,-0.11777203712532362
../benchmarks/vggnet16_benchmark2022/segmented_outputs/masks/n04049303_rain_barrel_mask.png,n04049303_rain_barrel_mask.png,0.7058930469667555,0.05678013392857143,2849,2,46.692048263739565,0.95146356729341,0.8018178388427382,0.8437203517960492,-4.707807345231327,-8.133232466271606,-0.11789856305955147
../benchmarks/vggnet16_benchmark2022/segmented_outputs/masks/n02102480_Sussex_spaniel_mask.png,n02102480_Sussex_spaniel_mask.png,0.9673776749197952,0.060068558673469385,3014,2,49.64347562018524,0.948395555488373,0.68888203188028,0.8915757930631577,-4.017459363991635,-6.785167774382224,-0.11792839196273507
../benchmarks/vggnet16_benchmark2022/segmented_outputs/masks/n04070727_refrigerator_mask.png,n04070727_refrigerator_mask.png,0.7856283590194163,0.059669961734693876,2994,2,51.08305338873915,0.9468991129015185,0.7705918397653806,0.8506080688168398,-4.353526810845381,-7.501361271493042,-0.11799187435048201
../benchmarks/vggnet16_benchmark2022/segmented_outputs/masks/n03673027_liner_mask.png,n03673027_liner_mask.png,0.9205052741680367,0.05817522321428571,2919,2,45.40127416105062,0.9528053283149163,0.7150589720343236,0.8935103310064372,-4.319435581213983,-7.295783065306179,-0.11820805806461657
../benchmarks/vggnet16_benchmark2022/segmented_outputs/background/n02509815_lesser_panda.JPEG,n02509815_lesser_panda.JPEG,2.3937604226948435,0.05990911989795918,3006,258,16.685112210762384,0.8845475027599949,0.8068636990529676,0.5756231790568602,-3.4820662705011163,-6.891737634975332,-0.11823760184017688
../benchmarks/vggnet16_benchmark2022/segmented_outputs/background/n03763968_military_uniform.JPEG,n03763968_military_uniform.JPEG,3.1465004537858445,0.09161750637755102,4597,120,11.95239581853911,0.8262858505493688,0.736144010485541,0.6596840042628485,-2.787964615941953,-4.971819131786065,-0.1182736460840933
../benchmarks/vggnet16_benchmark2022/segmented_outputs/background/n02443484_black-footed_ferret.JPEG,n02443484_black-footed_ferret.JPEG,4.998304436679264,0.18987165178571427,9527,294,74.27371048562492,0.666815932939878,0.4946465576339309,0.7193411171708584,3.896032211949347,6.965615236204577,-0.11847879977810206
../benchmarks/vggnet16_benchmark2022/segmented_outputs/masks/n01665541_leatherback_turtle_mask.png,n01665541_leatherback_turtle_mask.png,0.7777861061536255,0.06429368622448979,3226,2,62.741571486708686,0.9347800712196376,0.7641642892926915,0.8161155880270482,-3.8357639618745445,-6.731552859495428,-0.11854863863818108
../benchmarks/vggnet16_benchmark2022/segmented_outputs/background/n03291819_envelope.JPEG,n03291819_envelope.JPEG,3.119556053713076,0.10369499362244898,5203,141,22.86929560086851,0.8237708625226936,0.7445805521520092,0.7207399054898469,-2.2198897189815914,-3.8269277138564193,-0.11892927295982178
../benchmarks/vggnet16_benchmark2022/segmented_outputs/masks/n02481823_chimpanzee_mask.png,n02481823_chimpanzee_mask.png,0.7364640856724645,0.059291294642857144,2975,2,51.64562636743604,0.946314317705368,0.788888188304979,0.8355698636400393,-4.427556374527772,-7.678851684735416,-0.11948085994143935
../benchmarks/vggnet16_benchmark2022/segmented_outputs/object/n02363005_beaver.JPEG,n02363005_beaver.JPEG,7.09121242460749,0.30636160714285715,15372,297,67.14524813478158,0.3988759802001924,0.19145255038787132,0.65386664580239,9.070032977428639,16.875208646759237,-0.11993175738830714
../benchmarks/vggnet16_benchmark2022/segmented_outputs/masks/n03127747_crash_helmet_mask.png,n03127747_crash_helmet_mask.png,0.8543546671562043,0.061423788265306124,3082,2,52.64071315749105,0.945279923952712,0.7385950273111057,0.8639773572195726,-4.121266627205782,-7.053885910701174,-0.11996360298990326
../benchmarks/vggnet16_benchmark2022/segmented_outputs/masks/n01728572_thunder_snake_mask.png,n01728572_thunder_snake_mask.png,0.9942469437361944,0.059689891581632654,2995,2,48.314579476653506,0.9497769444109632,0.6751312978967263,0.8987375388669229,-4.008790474775147,-6.743349694573076,-0.1202667903640054
../benchmarks/vggnet16_benchmark2022/segmented_outputs/background/n02488702_colobus.JPEG,n02488702_colobus.JPEG,5.480598446003645,0.20912388392857142,10493,341,42.60965186994419,0.594104215319676,0.4366037661319379,0.6305698981570709,4.280783836301533,7.738680341445586,-0.12101214419164527
../benchmarks/vggnet16_benchmark2022/segmented_outputs/object/n03344393_fireboat.JPEG,n03344393_fireboat.JPEG,5.78511493101295,0.1706592793367347,8563,220,41.15788525368997,0.6669952276121015,0.3885709330610015,0.6751642975446657,3.0167751736299553,5.480784542723916,-0.12145007485247361
../benchmarks/vggnet16_benchmark2022/segmented_outputs/object/n02116738_African_hunting_dog.JPEG,n02116738_African_hunting_dog.JPEG,7.499600549787171,0.30098054846938777,15102,339,38.301865073668765,0.39018501176463716,0.07677795629007358,0.6526331569497095,8.940721779370369,16.760234813486786,-0.12163392647733333
../benchmarks/vggnet16_benchmark2022/segmented_outputs/background/n07717410_acorn_squash.JPEG,n07717410_acorn_squash.JPEG,1.5096104778728012,0.04585857780612245,2301,62,29.79320393199215,0.9138185728483512,0.8722798308692902,0.5795605607284351,-4.864706641856634,-9.207662254280216,-0.12168810501070575
../benchmarks/vggnet16_benchmark2022/segmented_outputs/masks/n03017168_chime_mask.png,n03017168_chime_mask.png,0.9797945163289352,0.06698421556122448,3361,2,62.683908833567365,0.9348400116075184,0.6736980817539074,0.8655594220192109,-3.373466725133485,-5.7624520242164365,-0.12247442971599248
../benchmarks/vggnet16_benchmark2022/segmented_outputs/masks/n03857828_oscilloscope_mask.png,n03857828_oscilloscope_mask.png,0.5735104335930052,0.05430883290816327,2725,2,54.14350038737669,0.9437177750650971,0.8475377705331393,0.7530271682458181,-4.697878446514116,-8.432828361508244,-0.12274463824410685
../benchmarks/vggnet16_benchmark2022/segmented_outputs/masks/n04258138_solar_dish_mask.png,n04258138_solar_dish_mask.png,0.7864102092076535,0.06050701530612245,3036,2,51.255736970293974,0.9467196081389876,0.769259535967108,0.8509145793926304,-4.3292699526270875,-7.452239937182366,-0.12285777861954778
../benchmarks/vggnet16_benchmark2022/segmented_outputs/object/n02790996_barbell.JPEG,n02790996_barbell.JPEG,5.879522611679997,0.13424744897959184,6736,303,55.00295616408003,0.7367013795376056,0.3466091553896607,0.6375051315293072,2.9888077967688482,4.790396148061022,-0.12347626347183824
../benchmarks/vggnet16_benchmark2022/segmented_outputs/background/n02127052_lynx.JPEG,n02127052_lynx.JPEG,3.8023015064075514,0.13422751913265307,6735,323,22.905892488314265,0.758635975512105,0.6732704908853981,0.668084103129393,-0.08230297042707257,-0.2393261851526156,-0.12413631932191108
../benchmarks/vggnet16_benchmark2022/segmented_outputs/background/n03793489_mouse.JPEG,n03793489_mouse.JPEG,5.3175623761458946,0.20186941964285715,10129,296,59.07763628890711,0.64634542690085,0.4652829469983533,0.7633021102493219,3.988047000487817,7.44790185638975,-0.12429727775972149
../benchmarks/vggnet16_benchmark2022/segmented_outputs/background/n01677366_common_iguana.JPEG,n01677366_common_iguana.JPEG,2.1228199327593242,0.06419403698979592,3221,169,22.832561850425968,0.8876579749779208,0.839672177114228,0.6161246193238925,-3.8428616034737977,-7.291466687195613,-0.12452036860171406
../benchmarks/vggnet16_benchmark2022/segmented_outputs/background/n02101006_Gordon_setter.JPEG,n02101006_Gordon_setter.JPEG,3.2889041106443457,0.11886160714285714,5964,331,49.48280348609481,0.7873852152494828,0.7082920538004198,0.5972887172957346,0.011284052465147743,-0.588537361039815,-0.12453485743852748
../benchmarks/vggnet16_benchmark2022/segmented_outputs/masks/n03110669_cornet_mask.png,n03110669_cornet_mask.png,0.49971394062165775,0.04811065051020408,2414,2,39.298624619884755,0.9591490388566686,0.8785126872301705,0.7831264373758516,-5.481252359265562,-9.669159089262541,-0.12455798062381256
../benchmarks/vggnet16_benchmark2022/segmented_outputs/masks/n02444819_otter_mask.png,n02444819_otter_mask.png,0.20377225995104098,0.02068718112244898,1038,2,20.32793039563446,0.9788690952228332,0.9589354616492675,0.6453346682370431,-7.007993827874549,-12.795546470330489,-0.12474444481097982
../benchmarks/vggnet16_benchmark2022/segmented_outputs/masks/n03026506_Christmas_stocking_mask.png,n03026506_Christmas_stocking_mask.png,0.9990381664062381,0.05510602678571429,2765,2,37.40926574077632,0.9611130293754924,0.68079707185038,0.9220059585615166,-4.496623406472555,-7.495480238952125,-0.1252791119207327
../benchmarks/vggnet16_benchmark2022/segmented_outputs/masks/n02971356_carton_mask.png,n02971356_carton_mask.png,0.824580555074769,0.07037228954081633,3531,2,73.11016993566278,0.9240019023537809,0.7412504689167002,0.799899516507405,-3.2593425665304543,-5.789079601660372,-0.1255444429476288
../benchmarks/vggnet16_benchmark2022/segmented_outputs/masks/n04536866_violin_mask.png,n04536866_violin_mask.png,0.9354909630672339,0.059689891581632654,2995,2,46.087110412951546,0.9520924008181377,0.7060133251619503,0.8948078226447215,-4.231239693821037,-7.12958828013637,-0.12633429341367097
../benchmarks/vggnet16_benchmark2022/segmented_outputs/masks/n02489166_proboscis_monkey_mask.png,n02489166_proboscis_monkey_mask.png,0.6487405476136991,0.05689971301020408,2855,2,48.20552884290714,0.9498903026581007,0.8238705987846855,0.8166465410082189,-4.757016779595146,-8.302385289498801,-0.1264463166572314
../benchmarks/vggnet16_benchmark2022/segmented_outputs/masks/n02769748_backpack_mask.png,n02769748_backpack_mask.png,0.8602854675179618,0.05897241709183673,2959,2,44.70742761240909,0.9535265825234833,0.7433871749142259,0.8845469635801455,-4.4645651744427,-7.564054154326203,-0.12647496487671026
../benchmarks/vggnet16_benchmark2022/segmented_outputs/background/n02027492_red-backed_sandpiper.JPEG,n02027492_red-backed_sandpiper.JPEG,0.8356879214820654,0.02086654974489796,1047,61,6.706664700580946,0.9592927891794549,0.9401750379561042,0.5790332482336112,-6.7404282703684455,-12.510350537049813,-0.12667055105329952
../benchmarks/vggnet16_benchmark2022/segmented_outputs/masks/n02100583_vizsla_mask.png,n02100583_vizsla_mask.png,0.998056298606125,0.06301817602040816,3162,2,53.11496229462941,0.9447869414816743,0.6704031422847632,0.8890990540568774,-3.763609083480622,-6.3465102804518905,-0.1270252960186744
../benchmarks/vggnet16_benchmark2022/segmented_outputs/masks/n12267677_acorn_mask.png,n12267677_acorn_mask.png,0.7988230857265621,0.06271922831632654,3147,2,54.35806725752525,0.9434947325805351,0.760759026989435,0.8462548291011824,-4.145218318696958,-7.145818799724834,-0.12788227485502848
../benchmarks/vggnet16_benchmark2022/segmented_outputs/masks/n04026417_purse_mask.png,n04026417_purse_mask.png,0.7356151503094406,0.06337691326530612,3180,2,59.96063178044976,0.9376708609350835,0.7864885963174229,0.8067161029847794,-4.053045925192261,-7.126195294647845,-0.12801722533006668
../benchmarks/vggnet16_benchmark2022/segmented_outputs/object/n02999410_chain.JPEG,n02999410_chain.JPEG,6.362195877811724,0.2573939732142857,12915,191,18.550311231709774,0.5131803213011591,0.2274763551773582,0.8327976079023096,5.312549227808493,10.889667299181447,-0.1282134334509065
../benchmarks/vggnet16_benchmark2022/segmented_outputs/object/n01669191_box_turtle.JPEG,n01669191_box_turtle.JPEG,7.564582687251333,0.3460220025510204,17362,295,33.608039194437595,0.2757233490863773,0.05879002182490978,0.5504375012958764,10.10171143067256,19.023570843658423,-0.1283804947524352
../benchmarks/vggnet16_benchmark2022/segmented_outputs/object/n02113978_Mexican_hairless.JPEG,n02113978_Mexican_hairless.JPEG,7.1543946583270515,0.2875478316326531,14428,412,36.20896300540633,0.41614743439460344,0.1010834902290186,0.6193188139588823,8.585783471165975,15.85887118938414,-0.12889265972889719
../benchmarks/vggnet16_benchmark2022/segmented_outputs/background/n02102318_cocker_spaniel.JPEG,n02102318_cocker_spaniel.JPEG,4.134149375195852,0.15652901785714285,7854,306,41.75097101605418,0.7225608401897635,0.6085753127544813,0.6845514480061294,1.3503624915500916,2.382006941468006,-0.12896112470204146
../benchmarks/vggnet16_benchmark2022/segmented_outputs/background/n02119789_kit_fox.JPEG,n02119789_kit_fox.JPEG,4.81309008472365,0.15734614158163265,7895,371,29.28469271250008,0.7022593850517083,0.5689046509828963,0.6261528740738022,1.7893261070485933,2.9777658655610466,-0.12916465804290506
../benchmarks/vggnet16_benchmark2022/segmented_outputs/masks/n03903868_pedestal_mask.png,n03903868_pedestal_mask.png,0.9462408662417243,0.06662547831632654,3343,2,59.970493652555504,0.937660609508778,0.6925450859134383,0.8648964874462428,-3.563294988544431,-6.081486398128009,-0.12933445080199063
../benchmarks/vggnet16_benchmark2022/segmented_outputs/background/n03868863_oxygen_mask.JPEG,n03868863_oxygen_mask.JPEG,2.1517679210545957,0.05590322066326531,2805,200,15.094296831567618,0.9028686088587564,0.8570758362646791,0.6074969897628795,-4.224740830277053,-8.046463279855804,-0.12947005815920906
../benchmarks/vggnet16_benchmark2022/segmented_outputs/masks/n03930630_pickup_mask.png,n03930630_pickup_mask.png,0.7876305891654878,0.06365593112244898,3194,2,56.81063750249243,0.9409452832614424,0.7669584126961015,0.8339670857708865,-4.069437204325505,-7.0564765110633445,-0.12971783338969803
../benchmarks/vggnet16_benchmark2022/segmented_outputs/background/n01694178_African_chameleon.JPEG,n01694178_African_chameleon.JPEG,1.5261988971030997,0.03665098852040816,1839,101,13.046628270189045,0.9323375530956166,0.9043172258579756,0.5836741104379486,-5.580806839825621,-10.467738278366198,-0.12979851985163013
../benchmarks/vggnet16_benchmark2022/segmented_outputs/background/n02113978_Mexican_hairless.JPEG,n02113978_Mexican_hairless.JPEG,3.2070697664890613,0.10933514030612244,5486,247,30.674307686144278,0.8039225968268526,0.7290487125034633,0.6314616560889628,-1.2531784476159942,-2.5320160218678582,-0.1302706426669586
../benchmarks/vggnet16_benchmark2022/segmented_outputs/background/n01689811_alligator_lizard.JPEG,n01689811_alligator_lizard.JPEG,7.222569002312449,0.32704878826530615,16410,288,57.26143524666283,0.35037045270551115,0.1476886097113208,0.6396999327600001,9.565458570167605,17.977940382078398,-0.13029904724495636
../benchmarks/vggnet16_benchmark2022/segmented_outputs/background/n02640242_sturgeon.JPEG,n02640242_sturgeon.JPEG,2.7512865792671706,0.08424346301020408,4227,251,25.051122577603813,0.8466729353328417,0.7851963421056544,0.5950427964299689,-2.43813179501047,-4.870484215666712,-0.13043047023589704
../benchmarks/vggnet16_benchmark2022/segmented_outputs/masks/n02641379_gar_mask.png,n02641379_gar_mask.png,0.7464451647642473,0.061204559948979595,3071,2,51.71977147565764,0.9462372437882978,0.78489837971135,0.8383542471132981,-4.377091639280989,-7.56771228736745,-0.130867319769363
../benchmarks/vggnet16_benchmark2022/segmented_outputs/masks/n03733131_maypole_mask.png,n03733131_maypole_mask.png,0.961203332478886,0.06333705357142858,3178,2,52.35269902343433,0.945579314944455,0.6893550925421374,0.8848967419195861,-3.8735116740739692,-6.543433236293404,-0.1312204624766154
../benchmarks/vggnet16_benchmark2022/segmented_outputs/masks/n04044716_radio_telescope_mask.png,n04044716_radio_telescope_mask.png,0.8939183504139083,0.06606744260204081,3315,2,58.79727381926814,0.9388801727450435,0.7189511789166666,0.8562561367232102,-3.735868143244386,-6.4047059065628265,-0.13122347336636087
../benchmarks/vggnet16_benchmark2022/segmented_outputs/background/n02120505_grey_fox.JPEG,n02120505_grey_fox.JPEG,1.6562568983944328,0.04119499362244898,2067,143,8.483298870462695,0.9234030837894074,0.8915542979389313,0.5827559132023001,-5.325444928260241,-10.013431076332202,-0.13223512738057688
../benchmarks/vggnet16_benchmark2022/segmented_outputs/masks/n03924679_photocopier_mask.png,n03924679_photocopier_mask.png,0.9191636466342941,0.06612723214285714,3318,2,58.16325063746042,0.9395392405016004,0.7071074266493012,0.8634123758339971,-3.703122969107272,-6.322443570475731,-0.1324335438857229
../benchmarks/vggnet16_benchmark2022/segmented_outputs/masks/n04479046_trench_coat_mask.png,n04479046_trench_coat_mask.png,0.7835123427341529,0.0660873724489796,3316,2,62.20746527092017,0.9353352751861538,0.7652324402915023,0.8169343756631413,-3.8303801009535614,-6.701866619155795,-0.1324510170245224
../benchmarks/vggnet16_benchmark2022/segmented_outputs/object/n04346328_stupa.JPEG,n04346328_stupa.JPEG,6.851615823775207,0.30626195790816324,15367,741,48.913240151390944,0.42841944338347726,0.1984720631521058,0.6824571222498664,10.018632525761069,18.120404294900293,-0.13403877567808695
../benchmarks/vggnet16_benchmark2022/segmented_outputs/background/n04009552_projector.JPEG,n04009552_projector.JPEG,2.2743667693828638,0.06851881377551021,3438,315,40.051367137412555,0.8837669853353589,0.8354555370684451,0.5562464492604688,-2.5679630585109656,-5.528283058215507,-0.13407521822943338
../benchmarks/vggnet16_benchmark2022/segmented_outputs/masks/n03041632_cleaver_mask.png,n03041632_cleaver_mask.png,0.8984934673640409,0.06525031887755102,3274,2,55.75266335925287,0.9420450484831051,0.7166730626520952,0.8656360694278697,-3.849105419896472,-6.562464296413342,-0.13448056592155455
../benchmarks/vggnet16_benchmark2022/segmented_outputs/background/n02123597_Siamese_cat.JPEG,n02123597_Siamese_cat.JPEG,3.4470567539332713,0.1275908801020408,6402,132,29.626255811384333,0.7835051870089479,0.6855526798491987,0.7371035126495191,-1.09253726453075,-1.6468498651338837,-0.13501018038245627
../benchmarks/vggnet16_benchmark2022/segmented_outputs/masks/n01558993_robin_mask.png,n01558993_robin_mask.png,0.9675136007882413,0.06313775510204081,3168,2,50.57844175764852,0.9474236572165816,0.6873295016359904,0.8898315711711415,-3.931285930560584,-6.620203836277696,-0.13560934272892014
../benchmarks/vggnet16_benchmark2022/segmented_outputs/masks/n02356798_fox_squirrel_mask.png,n02356798_fox_squirrel_mask.png,0.7971470757507539,0.06728316326530612,3376,2,63.08817491167111,0.9344197765990945,0.7580562917260213,0.8195941114938359,-3.747503494953426,-6.545660387287287,-0.13583318570099073
../benchmarks/vggnet16_benchmark2022/segmented_outputs/masks/n02326432_hare_mask.png,n02326432_hare_mask.png,0.8867557387060732,0.06499123086734694,3261,2,54.83967183694302,0.9429941041196019,0.7231384206950655,0.8651852243457876,-3.9156947671763698,-6.676310133321988,-0.1360040425794074
../benchmarks/vggnet16_benchmark2022/segmented_outputs/masks/n02091032_Italian_greyhound_mask.png,n02091032_Italian_greyhound_mask.png,0.9947696153803605,0.06678491709183673,3351,2,58.06699038341584,0.9396393031357424,0.6685108993266439,0.8782755751309088,-3.5199011685125234,-5.9530284167635905,-0.13611746248348355
../benchmarks/vggnet16_benchmark2022/segmented_outputs/masks/n04344873_studio_couch_mask.png,n04344873_studio_couch_mask.png,0.9759725643059338,0.06576849489795919,3300,2,55.88181769949804,0.9419107924121641,0.680369940319479,0.8794373763362411,-3.6677899224915924,-6.202536701188462,-0.13630858280857822
../benchmarks/vggnet16_benchmark2022/segmented_outputs/masks/n03290653_entertainment_center_mask.png,n03290653_entertainment_center_mask.png,0.9074256939060507,0.06664540816326531,3344,2,58.1074277071148,0.9395972684957227,0.7109412260538146,0.8619034914868913,-3.716603990509335,-6.345449731386559,-0.13634272314120927
../benchmarks/vggnet16_benchmark2022/segmented_outputs/masks/n04525038_velvet_mask.png,n04525038_velvet_mask.png,0.4647102813957833,0.048947704081632654,2456,2,49.813681528967436,0.9482186262692647,0.8799170407985677,0.7064870873945686,-5.1024571656324165,-9.277745187305353,-0.13698054341271348
../benchmarks/vggnet16_benchmark2022/segmented_outputs/masks/n02025239_ruddy_turnstone_mask.png,n02025239_ruddy_turnstone_mask.png,0.7470470402641995,0.06425382653061225,3224,2,57.46006994750956,0.9402701975597614,0.7813884520150617,0.8205039857155091,-4.107564495282229,-7.159280004498258,-0.13714826061903945
../benchmarks/vggnet16_benchmark2022/segmented_outputs/background/n03770679_minivan.JPEG,n03770679_minivan.JPEG,4.148799953900696,0.1519451530612245,7624,284,49.25066001656954,0.7300280090350184,0.6212997569730612,0.6552973746572233,1.328829150476619,2.1977549296534207,-0.1373424883519483
../benchmarks/vggnet16_benchmark2022/segmented_outputs/masks/n02093991_Irish_terrier_mask.png,n02093991_Irish_terrier_mask.png,0.9989588752876384,0.06879783163265306,3452,2,61.79948122637437,0.935759375024559,0.6638020484529632,0.8711874401589653,-3.3334395172333435,-5.655301644478307,-0.13745736070031864
../benchmarks/vggnet16_benchmark2022/segmented_outputs/background/n03494278_harmonica.JPEG,n03494278_harmonica.JPEG,2.9331565020426056,0.05737802933673469,2879,64,3.3223111908516487,0.8649423317188745,0.7511183324148053,0.5404225832159821,-4.167829028419269,-7.844343271083427,-0.13747284936801307
../benchmarks/vggnet16_benchmark2022/segmented_outputs/background/n02397096_warthog.JPEG,n02397096_warthog.JPEG,2.044834872915649,0.06927614795918367,3476,124,19.61648981915704,0.8745244181242686,0.8276314868376362,0.6060975735387233,-3.9483151146595596,-7.36185233890007,-0.1378505671757631
../benchmarks/vggnet16_benchmark2022/segmented_outputs/background/n09246464_cliff.JPEG,n09246464_cliff.JPEG,4.241913882361811,0.15385841836734693,7720,263,28.521723227445055,0.7318003682562599,0.6288740919205087,0.7206165437440071,0.6429738526221939,1.3660506812667046,-0.13800910411599326
../benchmarks/vggnet16_benchmark2022/segmented_outputs/background/n02096051_Airedale.JPEG,n02096051_Airedale.JPEG,4.743097300462527,0.17940848214285715,9002,16,49.30108024633443,0.6574229630700944,0.5194651907072502,0.6738328555401784,1.7237812740812297,3.5527674856991647,-0.1380581290854025
../benchmarks/vggnet16_benchmark2022/segmented_outputs/background/n03908714_pencil_sharpener.JPEG,n03908714_pencil_sharpener.JPEG,1.4798764452287125,0.04749282525510204,2383,16,15.018736443839817,0.913129617354324,0.8772028276580748,0.6071009189382975,-5.498301373753781,-10.051920241135548,-0.13843742075076906
../benchmarks/vggnet16_benchmark2022/segmented_outputs/background/n01641577_bullfrog.JPEG,n01641577_bullfrog.JPEG,2.7383546631624,0.08476163903061225,4253,161,24.197499119768636,0.8488277187917087,0.7707023927591008,0.6280173034532304,-2.7842885506595323,-5.246945391685006,-0.1384651033581874
../benchmarks/vggnet16_benchmark2022/segmented_outputs/object/n02487347_macaque.JPEG,n02487347_macaque.JPEG,5.821328522772877,0.20165019132653061,10118,189,50.75599229681173,0.6008143609428143,0.36259318672306295,0.6238637107743785,4.169844618427691,7.612238265698701,-0.1391941288483628
../benchmarks/vggnet16_benchmark2022/segmented_outputs/background/n07734744_mushroom.JPEG,n07734744_mushroom.JPEG,2.2157074179186935,0.07882254464285714,3955,83,38.98373192966697,0.8606919740434411,0.8066244623909633,0.6051210458589835,-3.1559377512317113,-5.988393819705556,-0.14008056100592986
../benchmarks/vggnet16_benchmark2022/segmented_outputs/background/n02497673_Madagascar_cat.JPEG,n02497673_Madagascar_cat.JPEG,4.83611223227884,0.1834343112244898,9204,287,48.75529216042393,0.6654796360285367,0.5382642039089833,0.6667144824209916,2.781082805587077,5.024818525964943,-0.1401020807181642
../benchmarks/vggnet16_benchmark2022/segmented_outputs/masks/n02102040_English_springer_mask.png,n02102040_English_springer_mask.png,0.9932107496600437,0.06939572704081633,3482,2,62.20266643758277,0.9353402635783963,0.6664859510786587,0.8693151489009651,-3.322216536317779,-5.638822386111946,-0.14016883108769312
../benchmarks/vggnet16_benchmark2022/segmented_outputs/masks/n04125021_safe_mask.png,n04125021_safe_mask.png,0.48763004852839487,0.050103635204081634,2514,2,40.10947735374378,0.95830615659694,0.880469101922859,0.773820835830696,-5.43386099244083,-9.600151600926107,-0.14068640031734747
../benchmarks/vggnet16_benchmark2022/segmented_outputs/masks/n01695060_Komodo_dragon_mask.png,n01695060_Komodo_dragon_mask.png,0.900917131711379,0.06758211096938775,3391,2,58.777482408543456,0.9389007459370651,0.7140023475625354,0.858680490437893,-3.692275044493843,-6.308799744370564,-0.14094166034113714
../benchmarks/vggnet16_benchmark2022/segmented_outputs/background/n02117135_hyena.JPEG,n02117135_hyena.JPEG,4.910163712279258,0.18518813775510204,9292,223,40.53654009909868,0.6538512857375484,0.5063253517043921,0.6718795049674209,2.5230260925584664,4.759778416226904,-0.1414396941705563
../benchmarks/vggnet16_benchmark2022/segmented_outputs/masks/n04120489_running_shoe_mask.png,n04120489_running_shoe_mask.png,0.9876422754386871,0.07015306122448979,3520,2,63.0991395584952,0.9344083788373232,0.6692898820949398,0.8662066953899608,-3.2909345766625204,-5.592813332865131,-0.1423783468311182
../benchmarks/vggnet16_benchmark2022/segmented_outputs/background/n01784675_centipede.JPEG,n01784675_centipede.JPEG,4.638687809785578,0.15373883928571427,7714,560,12.073794006003697,0.7068767661987885,0.5655183227786666,0.5835954659184672,1.9012028611601546,2.900816682845892,-0.14282993077221626
../benchmarks/vggnet16_benchmark2022/segmented_outputs/masks/n01582220_magpie_mask.png,n01582220_magpie_mask.png,0.6503616656589548,0.06114477040816327,3068,2,53.621261119548436,0.9442606433268727,0.8187174338875791,0.7985891716988462,-4.47479056283979,-7.85984195974273,-0.14305709595523983
../benchmarks/vggnet16_benchmark2022/segmented_outputs/background/n03929855_pickelhaube.JPEG,n03929855_pickelhaube.JPEG,2.9842956459444383,0.11625079719387756,5833,62,45.314299368235034,0.8012645591737768,0.7089627671294245,0.6869030328981995,-1.4511871601162432,-2.503824701644656,-0.14325892156055522
../benchmarks/vggnet16_benchmark2022/segmented_outputs/masks/n02877765_bottlecap_mask.png,n02877765_bottlecap_mask.png,0.8510340662036064,0.06686463647959184,3355,2,57.44831885355791,0.9402824128341394,0.7391382429247042,0.849591632962328,-3.86714173176564,-6.63731282789427,-0.14326638462620908
../benchmarks/vggnet16_benchmark2022/segmented_outputs/masks/n02098105_soft-coated_wheaten_terrier_mask.png,n02098105_soft-coated_wheaten_terrier_mask.png,0.9731629261669527,0.0674625318877551,3385,2,57.188924108529065,0.940552053941238,0.6805540588585443,0.8762487189132256,-3.5963537227266715,-6.081379353219059,-0.1434956596251736
../benchmarks/vggnet16_benchmark2022/segmented_outputs/masks/n04389033_tank_mask.png,n04389033_tank_mask.png,0.9910217977227505,0.06327726403061225,3175,2,48.53528694929066,0.9495475187637311,0.6766007456093917,0.8978244899361476,-3.953889202258213,-6.621866357148861,-0.14361620712492768
../benchmarks/vggnet16_benchmark2022/segmented_outputs/masks/n02793495_barn_mask.png,n02793495_barn_mask.png,0.8546544693940408,0.06845902423469388,3435,2,60.75677042372709,0.9368432739878096,0.7357693960903875,0.8417077303845282,-3.707826007316456,-6.389823388453948,-0.1442394259554514
../benchmarks/vggnet16_benchmark2022/segmented_outputs/masks/n03887697_paper_towel_mask.png,n03887697_paper_towel_mask.png,0.9962959180879764,0.06786112882653061,3405,2,57.50594687193691,0.94022250844913,0.6682947085688975,0.8796342620333237,-3.5229270971336586,-5.941844059698812,-0.1452231197932351
../benchmarks/vggnet16_benchmark2022/segmented_outputs/masks/n02130308_cheetah_mask.png,n02130308_cheetah_mask.png,0.2252145691063637,0.025450414540816327,1277,2,23.728559495439463,0.9753341377386284,0.9525576178458051,0.6398591454616775,-6.7795184681343095,-12.395637604097782,-0.14553458471915484
../benchmarks/vggnet16_benchmark2022/segmented_outputs/object/n04136333_sarong.JPEG,n04136333_sarong.JPEG,6.123532258045732,0.07922114158163265,3975,413,11.771336006492636,0.8106629380000123,0.3109852674490249,0.535521750457515,1.0779107005485313,0.8608296341733318,-0.1458423088590144
../benchmarks/vggnet16_benchmark2022/segmented_outputs/masks/n03733281_maze_mask.png,n03733281_maze_mask.png,0.45528948698466,0.04759247448979592,2388,2,40.44385499906396,0.9579585706870436,0.8933527845243994,0.7389573324532785,-5.5209692911681145,-9.869208841193753,-0.1463553043259861
../benchmarks/vggnet16_benchmark2022/segmented_outputs/background/n07615774_ice_lolly.JPEG,n07615774_ice_lolly.JPEG,2.0843359767560687,0.034080038265306124,1710,281,6.00548643885946,0.9408814445387098,0.9106972103780102,0.5465393993042471,-4.964691989652139,-9.748323557623182,-0.14649265186501137
../benchmarks/vggnet16_benchmark2022/segmented_outputs/background/n03866082_overskirt.JPEG,n03866082_overskirt.JPEG,1.8225553049465706,0.08314732142857142,4172,9,63.647120496018346,0.8756696402481843,0.7856898288350909,0.6762310082591322,-2.8118770793104324,-5.219930829184129,-0.14656459806154784
../benchmarks/vggnet16_benchmark2022/segmented_outputs/masks/n03355925_flagpole_mask.png,n03355925_flagpole_mask.png,0.6851654600669526,0.06246014030612245,3134,2,52.62284613771175,0.9452984967383454,0.807929610767536,0.8146325590879302,-4.436984751582869,-7.73282444373031,-0.1472406164410832
../benchmarks/vggnet16_benchmark2022/segmented_outputs/background/n02606052_rock_beauty.JPEG,n02606052_rock_beauty.JPEG,2.293479844462234,0.04811065051020408,2414,363,9.71031222277552,0.906407763913955,0.8664754588137966,0.5012525346219725,-3.8457431448496253,-7.932614571096508,-0.1473461424510329
../benchmarks/vggnet16_benchmark2022/segmented_outputs/masks/n01748264_Indian_cobra_mask.png,n01748264_Indian_cobra_mask.png,0.49784696470465123,0.052455357142857144,2632,2,49.441480051508364,0.9486055300919871,0.8728792213545562,0.7271840888795666,-5.023923323513791,-9.05414410509368,-0.1479791392262442
../benchmarks/vggnet16_benchmark2022/segmented_outputs/masks/n04501370_turnstile_mask.png,n04501370_turnstile_mask.png,0.6007186378932641,0.058713329081632654,2946,2,50.59033925997835,0.9474112897505422,0.8413813030611608,0.7825327968221295,-4.728058553544419,-8.345503523428942,-0.14881192561632248
../benchmarks/vggnet16_benchmark2022/segmented_outputs/masks/n01514859_hen_mask.png,n01514859_hen_mask.png,0.9207996206705704,0.07009327168367346,3517,2,61.285074369593005,0.9362941014869096,0.7041734368458701,0.8565148016830919,-3.517575535436016,-6.005521879158892,-0.14942364928704205
../benchmarks/vggnet16_benchmark2022/segmented_outputs/background/n03895866_passenger_car.JPEG,n03895866_passenger_car.JPEG,1.8072120251494683,0.05235570790816327,2627,84,9.047999792229344,0.9151927017752212,0.8821661507943486,0.6371467249848808,-5.235939753501171,-9.544701717100436,-0.1494782412759674
../benchmarks/vggnet16_benchmark2022/segmented_outputs/background/n07745940_strawberry.JPEG,n07745940_strawberry.JPEG,1.4082440723470964,0.013452646683673469,675,139,2.3406585839211704,0.9664641927604338,0.9471038029817107,0.5078944224805908,-6.518253220114069,-12.48656875287707,-0.1497312545068245
../benchmarks/vggnet16_benchmark2022/segmented_outputs/object/n03697007_lumbermill.JPEG,n03697007_lumbermill.JPEG,5.778341960153588,0.1392498405612245,6987,16,44.914485412763185,0.7146462173421817,0.34013587735223244,0.6440862966546501,1.7179660305603415,3.1228678565647945,-0.14975492413125047
../benchmarks/vggnet16_benchmark2022/segmented_outputs/background/n02092002_Scottish_deerhound.JPEG,n02092002_Scottish_deerhound.JPEG,2.472151412195568,0.06873804209183673,3449,81,9.006792412830407,0.8657732557766182,0.7855475727430319,0.5955238003512475,-4.071206180164893,-7.482239012689961,-0.14979385615550256
../benchmarks/vggnet16_benchmark2022/segmented_outputs/background/n01873310_platypus.JPEG,n01873310_platypus.JPEG,4.386351448450481,0.18054448341836735,9059,124,98.86057726373565,0.6769747197357585,0.5350788702550082,0.6261366089568716,3.3547512692964303,5.773682716839504,-0.14989738077767106
../benchmarks/vggnet16_benchmark2022/segmented_outputs/masks/n13052670_hen-of-the-woods_mask.png,n13052670_hen-of-the-woods_mask.png,0.9407245269021465,0.07186702806122448,3606,2,64.71894424325453,0.9327245901837271,0.6928030580613471,0.8527024425896554,-3.3140667365953957,-5.668673668165495,-0.14991437321409587
../benchmarks/vggnet16_benchmark2022/segmented_outputs/object/n02325366_wood_rabbit.JPEG,n02325366_wood_rabbit.JPEG,7.456140980436101,0.29318797831632654,14711,193,70.14840142544406,0.4014821277178755,0.08960607957836622,0.5726057339346351,9.055153675614724,16.64701604310745,-0.1505938397674951
../benchmarks/vggnet16_benchmark2022/segmented_outputs/masks/n09399592_promontory_mask.png,n09399592_promontory_mask.png,0.9243441810483428,0.07087053571428571,3556,2,62.37614316976753,0.935159934334961,0.7016033193030139,0.8548119250212259,-3.4547794001193797,-5.9013496281911015,-0.1511211819135925
../benchmarks/vggnet16_benchmark2022/segmented_outputs/masks/n03133878_Crock_Pot_mask.png,n03133878_Crock_Pot_mask.png,0.27711348707562833,0.03298389668367347,1655,2,28.75950388598158,0.970104465814988,0.9383886111740116,0.6689936462054838,-6.408352052633594,-11.642981650731018,-0.15114258790532295
../benchmarks/vggnet16_benchmark2022/segmented_outputs/masks/n02999410_chain_mask.png,n02999410_chain_mask.png,0.8556603687443761,0.07208625637755102,3617,2,66.65727852217503,0.9307096896858887,0.731420656264183,0.8267503172303905,-3.4204124892009737,-5.938639909543079,-0.15150353025637103
../benchmarks/vggnet16_benchmark2022/segmented_outputs/background/n03388043_fountain.JPEG,n03388043_fountain.JPEG,3.4361817684584937,0.1414421237244898,7097,16,44.00418889322178,0.7579355121108161,0.6498666346770459,0.7356724873614149,-0.6308179171285464,-0.6567471510812104,-0.15162576290142687
../benchmarks/vggnet16_benchmark2022/segmented_outputs/masks/n03045698_cloak_mask.png,n03045698_cloak_mask.png,0.9029820012076986,0.07882254464285714,3955,2,79.95593846815967,0.9168857188480668,0.7003279428498881,0.8079759492225049,-2.6952981105595244,-4.756953557076266,-0.15212714841089325
../benchmarks/vggnet16_benchmark2022/segmented_outputs/background/n02892201_brass.JPEG,n02892201_brass.JPEG,3.6612905450446736,0.13548309948979592,6798,158,11.677119545681723,0.756805869843961,0.6765837417210216,0.6945554736512098,-1.1271163364823693,-1.6597653217052188,-0.1540244412198511
../benchmarks/vggnet16_benchmark2022/segmented_outputs/masks/n02101556_clumber_mask.png,n02101556_clumber_mask.png,0.5426685696310709,0.056540975765306124,2837,2,49.8401845057099,0.9481910763973909,0.859493174819896,0.7553247415360871,-4.879700318992219,-8.696003751005552,-0.15470796975728474
../benchmarks/vggnet16_benchmark2022/segmented_outputs/masks/n10148035_groom_mask.png,n10148035_groom_mask.png,0.9987191714700817,0.07567362882653061,3797,2,70.61667850042235,0.9265938892927004,0.6580247089250144,0.8527345278000884,-2.885602007568969,-4.926643615096026,-0.15479761249645776
../benchmarks/vggnet16_benchmark2022/segmented_outputs/background/n03196217_digital_clock.JPEG,n03196217_digital_clock.JPEG,1.5154500304172556,0.04645647321428571,2331,142,31.34233290937851,0.9263538874377524,0.8846137790869283,0.5704858181895731,-4.607446053532169,-8.908667883353601,-0.15484982547718348
../benchmarks/vggnet16_benchmark2022/segmented_outputs/object/n01498041_stingray.JPEG,n01498041_stingray.JPEG,6.939302747080607,0.31875797193877553,15994,580,13.65105358883995,0.3453859879930413,0.09174034688813816,0.5427175135866208,9.449210254370719,17.390071180053898,-0.155007291344507
../benchmarks/vggnet16_benchmark2022/segmented_outputs/background/n02422699_impala.JPEG,n02422699_impala.JPEG,4.0080122112394285,0.1641222895408163,8235,195,56.39129711045256,0.7121480167588545,0.6050743413870197,0.6711167096615804,1.4846758232175286,2.7022959425875963,-0.15542922350291738
../benchmarks/vggnet16_benchmark2022/segmented_outputs/background/n02077923_sea_lion.JPEG,n02077923_sea_lion.JPEG,2.531307553853387,0.09378985969387756,4706,99,22.56040260755929,0.8450812119369252,0.7840810084955819,0.678917128532702,-3.05746504331401,-5.404094576503602,-0.1561613103975238
../benchmarks/vggnet16_benchmark2022/segmented_outputs/masks/n02099429_curly-coated_retriever_mask.png,n02099429_curly-coated_retriever_mask.png,0.8183392861305322,0.07573341836734694,3800,2,75.23184859943022,0.9217964151773075,0.7426708482141207,0.7919226125553244,-3.1092500789049424,-5.518766839404306,-0.15672926496026743
../benchmarks/vggnet16_benchmark2022/segmented_outputs/masks/n03814906_necklace_mask.png,n03814906_necklace_mask.png,0.5987887995563552,0.06034757653061224,3028,2,51.45153481098369,0.9465160760800586,0.8393546688137435,0.7811567059366189,-4.665035435804932,-8.231140940395939,-0.15703291622950535
../benchmarks/vggnet16_benchmark2022/segmented_outputs/masks/n02777292_balance_beam_mask.png,n02777292_balance_beam_mask.png,0.8007192708492102,0.06825972576530612,3425,2,57.33988751656444,0.9403951273216586,0.7601385049508563,0.8369481867521649,-3.9500031195536005,-6.804888919541172,-0.15750096914592965
../benchmarks/vggnet16_benchmark2022/segmented_outputs/masks/n03788365_mosquito_net_mask.png,n03788365_mosquito_net_mask.png,0.5468564078553142,0.05747767857142857,2884,2,49.36390333297916,0.9486861711715393,0.8567260424536195,0.7635621396780763,-4.870912689763918,-8.647234650612837,-0.1576331640317828
../benchmarks/vggnet16_benchmark2022/segmented_outputs/background/n02105505_komondor.JPEG,n02105505_komondor.JPEG,1.7881557050354342,0.05309311224489796,2664,151,14.471046767879438,0.9121586895113971,0.8809028666065679,0.5916627304026467,-4.773003093965602,-8.98350704847687,-0.15872133138967373
../benchmarks/vggnet16_benchmark2022/segmented_outputs/object/n02483708_siamang.JPEG,n02483708_siamang.JPEG,4.8606399425821465,0.17948820153061223,9006,238,51.98260789064533,0.6862637713265791,0.5335731403523085,0.7089296041225548,2.518267522118486,4.683247373818298,-0.1587258089726134
../benchmarks/vggnet16_benchmark2022/segmented_outputs/masks/n01773157_black_and_gold_garden_spider_mask.png,n01773157_black_and_gold_garden_spider_mask.png,0.4484077081007848,0.05006377551020408,2512,2,50.02063312325504,0.9480034998718763,0.8862640194820097,0.684787904292715,-5.108749271753532,-9.339179564507614,-0.15901999233839934
../benchmarks/vggnet16_benchmark2022/segmented_outputs/masks/n02097047_miniature_schnauzer_mask.png,n02097047_miniature_schnauzer_mask.png,0.5641834771172807,0.059091996173469385,2965,2,50.98140823065956,0.9470047731490026,0.8495145410870809,0.7674242177117031,-4.753241307310521,-8.429006989489634,-0.15911323887361736
../benchmarks/vggnet16_benchmark2022/segmented_outputs/background/n01687978_agama.JPEG,n01687978_agama.JPEG,1.88040995621474,0.04721380739795918,2369,176,12.381043647314105,0.9112920483291631,0.8766135947371786,0.5370875571160447,-4.765319972801415,-9.187900213973077,-0.15932289422637688
../benchmarks/vggnet16_benchmark2022/segmented_outputs/masks/n02408429_water_buffalo_mask.png,n02408429_water_buffalo_mask.png,0.9919427613618078,0.07674984056122448,3851,2,71.45167627834812,0.9257259082345654,0.6605215649982147,0.8497734296101958,-2.8510848022622013,-4.871383810375978,-0.15943016667128995
../benchmarks/vggnet16_benchmark2022/segmented_outputs/object/n02117135_hyena.JPEG,n02117135_hyena.JPEG,7.041575352007788,0.2790377869897959,14001,315,44.17191525478001,0.468772018282817,0.19035674013751427,0.7181672361499857,7.591383503126015,14.362890054352345,-0.1594615125795541
../benchmarks/vggnet16_benchmark2022/segmented_outputs/background/n02093256_Staffordshire_bullterrier.JPEG,n02093256_Staffordshire_bullterrier.JPEG,2.769807791807214,0.07397959183673469,3712,314,10.307660684419053,0.8665913526569489,0.7996952472381336,0.5660199692076443,-2.9529851863384966,-5.921775693255949,-0.1596298261437831
../benchmarks/vggnet16_benchmark2022/segmented_outputs/background/n03126707_crane.JPEG,n03126707_crane.JPEG,2.3104229874650675,0.01747847576530612,877,68,3.6639983099891125,0.9520483975339522,0.7996984451539566,0.5356811955811731,-5.705909105416349,-10.885958418514122,-0.15974749700444008
../benchmarks/vggnet16_benchmark2022/segmented_outputs/background/n02095570_Lakeland_terrier.JPEG,n02095570_Lakeland_terrier.JPEG,4.649696497654676,0.1609733737244898,8077,185,47.29624715031445,0.7093694418157989,0.5749315884342702,0.6593535656037605,1.5014668946703198,2.726924680537171,-0.16021707541150562
../benchmarks/vggnet16_benchmark2022/segmented_outputs/background/n02403003_ox.JPEG,n02403003_ox.JPEG,2.1405425385336083,0.057736766581632654,2897,268,7.793948888403883,0.8990185299027111,0.8566401468061786,0.5639458598970996,-4.119949162358672,-8.003742946495285,-0.16048310991043044
../benchmarks/vggnet16_benchmark2022/segmented_outputs/background/n01592084_chickadee.JPEG,n01592084_chickadee.JPEG,2.277178631075936,0.06538982780612244,3281,83,14.572207962889642,0.8847428726259738,0.8301753958972805,0.609687751475662,-4.30938069362313,-7.9368914132544255,-0.16059394862185958
../benchmarks/vggnet16_benchmark2022/segmented_outputs/masks/n02825657_bell_cote_mask.png,n02825657_bell_cote_mask.png,0.9469107224577393,0.06847895408163265,3436,2,53.99043543134378,0.9438768862460043,0.6954558229320561,0.8787515693186856,-3.7654461370890395,-6.34053399007732,-0.16066221881009266
../benchmarks/vggnet16_benchmark2022/segmented_outputs/background/n03792972_mountain_tent.JPEG,n03792972_mountain_tent.JPEG,2.9419422265523734,0.10971380739795919,5505,213,17.360612300249166,0.8143326416310399,0.7487146619672557,0.6677787725755716,-2.0286560117563748,-3.6323252141962756,-0.1607783747458607
../benchmarks/vggnet16_benchmark2022/segmented_outputs/masks/n04153751_screw_mask.png,n04153751_screw_mask.png,0.24547768095874767,0.03125,1568,2,24.994971224571284,0.9740177014297595,0.9473382703528512,0.6631307783722173,-6.618580625218772,-12.013528368142357,-0.1609592028503319
../benchmarks/vggnet16_benchmark2022/segmented_outputs/background/n04039381_racket.JPEG,n04039381_racket.JPEG,2.869171011043262,0.10730229591836735,5384,135,48.70293932918945,0.8175029982541291,0.7371326429614977,0.624884810002687,-1.439872757517335,-2.8560837307416467,-0.16132270765628443
../benchmarks/vggnet16_benchmark2022/segmented_outputs/masks/n04136333_sarong_mask.png,n04136333_sarong_mask.png,0.5302127063790515,0.058474170918367346,2934,2,56.92778110950881,0.940823512360178,0.8570160842137198,0.7178229349801974,-4.586498837990837,-8.31687166000247,-0.16194218348338676
../benchmarks/vggnet16_benchmark2022/segmented_outputs/masks/n07760859_custard_apple_mask.png,n07760859_custard_apple_mask.png,0.7915349156941056,0.06758211096938775,3391,2,54.17930437652539,0.9436805567811587,0.7669370045873949,0.8427575580740505,-4.105461294513122,-7.045015154556976,-0.16266005212841517
../benchmarks/vggnet16_benchmark2022/segmented_outputs/masks/n02916936_bulletproof_vest_mask.png,n02916936_bulletproof_vest_mask.png,0.7077887896405908,0.06833944515306123,3429,2,61.780912816226014,0.93577867690621,0.7958705766198553,0.7900892325989819,-3.9587415220460027,-6.977960245051374,-0.16276300267587243
../benchmarks/vggnet16_benchmark2022/segmented_outputs/background/n07711569_mashed_potato.JPEG,n07711569_mashed_potato.JPEG,3.3914279939243652,0.06630660076530612,3327,344,21.38474813062693,0.8631798639197065,0.7308620053469604,0.48000241838252977,-2.0889107437411307,-4.849638370699742,-0.16290055217132782
../benchmarks/vggnet16_benchmark2022/segmented_outputs/background/n01820546_lorikeet.JPEG,n01820546_lorikeet.JPEG,4.493340606875854,0.15987723214285715,8022,659,46.08238630184445,0.7293550705791529,0.611116107309232,0.6030190152401178,3.049566638918612,4.608418160433927,-0.16292740264671876
../benchmarks/vggnet16_benchmark2022/segmented_outputs/masks/n01697457_African_crocodile_mask.png,n01697457_African_crocodile_mask.png,0.9075321647732908,0.06963488520408163,3494,2,55.99551726072413,0.9417926016000788,0.7138032650573908,0.866226125745263,-3.7601323181448665,-6.370819908112439,-0.1630942959621512
../benchmarks/vggnet16_benchmark2022/segmented_outputs/background/n03447721_gong.JPEG,n03447721_gong.JPEG,0.8727261025440819,0.01725924744897959,866,109,4.806840038450406,0.9681325534623941,0.9496808379358392,0.5299253673586872,-6.734149121391988,-12.720534324016162,-0.16320101181264499
../benchmarks/vggnet16_benchmark2022/segmented_outputs/background/n03692522_loupe.JPEG,n03692522_loupe.JPEG,1.9921136123411496,0.041095344387755105,2062,16,9.244630153243087,0.9258785922095064,0.8026668917898901,0.6157161508085681,-5.365604607036267,-9.825003985873016,-0.1636124193222654
../benchmarks/vggnet16_benchmark2022/segmented_outputs/masks/n01774750_tarantula_mask.png,n01774750_tarantula_mask.png,0.9992828047496425,0.07380022321428571,3703,2,64.07133510230987,0.9333977805589295,0.662029489483851,0.8665426726108565,-3.1684627418542988,-5.353860973586784,-0.16367263048242656
../benchmarks/vggnet16_benchmark2022/segmented_outputs/background/n02109961_Eskimo_dog.JPEG,n02109961_Eskimo_dog.JPEG,2.952330761563785,0.09815449617346939,4925,139,30.872051029176678,0.8197984715745279,0.740298113781068,0.5867492535075346,-2.0925921390009288,-4.052700323210704,-0.16375177256151818
../benchmarks/vggnet16_benchmark2022/segmented_outputs/masks/n03325584_feather_boa_mask.png,n03325584_feather_boa_mask.png,0.33876771557548757,0.03997927295918367,2006,2,36.834728856215115,0.9617102610642254,0.9210261792344026,0.6661577731592564,-5.917779969894602,-10.792913039356526,-0.16395530697918986
../benchmarks/vggnet16_benchmark2022/segmented_outputs/masks/n04270147_spatula_mask.png,n04270147_spatula_mask.png,0.39004980992594124,0.04583864795918367,2300,2,39.409815322479304,0.9590334560057387,0.9067913268637059,0.7035067019888688,-5.661584575257763,-10.215581626488323,-0.16434478333828584
../benchmarks/vggnet16_benchmark2022/segmented_outputs/object/n02123159_tiger_cat.JPEG,n02123159_tiger_cat.JPEG,7.27618200041332,0.30416932397959184,15262,186,12.06174582924216,0.4085320796382884,0.08534316959071078,0.7903941465594477,7.343648504161385,14.779401195481505,-0.16441763505168316
../benchmarks/vggnet16_benchmark2022/segmented_outputs/background/n02279972_monarch.JPEG,n02279972_monarch.JPEG,5.5682008673336325,0.17287149234693877,8674,265,24.209416282986005,0.6666617611268222,0.39074944984514415,0.6570653770300625,2.6323160498406732,4.853881128648399,-0.16465151830408473
../benchmarks/vggnet16_benchmark2022/segmented_outputs/background/n01698640_American_alligator.JPEG,n01698640_American_alligator.JPEG,1.3119639908511198,0.02423469387755102,1216,116,5.309719225176002,0.9513130074045975,0.9300217691393489,0.5193944813230031,-6.237769783397289,-11.85249145606393,-0.16468914856936034
../benchmarks/vggnet16_benchmark2022/segmented_outputs/background/n02870880_bookcase.JPEG,n02870880_bookcase.JPEG,3.7518184373688412,0.15053013392857142,7553,278,68.63716403355028,0.7434782082581739,0.6471192633756409,0.6219494629259661,1.5328173852592197,2.3303066336676217,-0.1649608711064584
../benchmarks/vggnet16_benchmark2022/segmented_outputs/masks/n03666591_lighter_mask.png,n03666591_lighter_mask.png,0.5841010016490417,0.06206154336734694,3114,2,56.87424674516203,0.9408791613875654,0.8412440913192816,0.7498716590526674,-4.45367466672726,-7.9691659006199185,-0.16518738530399169
../benchmarks/vggnet16_benchmark2022/segmented_outputs/background/n07768694_pomegranate.JPEG,n07768694_pomegranate.JPEG,3.377930686819049,0.10074537627551021,5055,195,42.493141446532434,0.8180051554613044,0.7428482055256298,0.563868564416462,-1.3117552388139355,-2.9174224557157755,-0.1653034900693538
../benchmarks/vggnet16_benchmark2022/segmented_outputs/masks/n04147183_schooner_mask.png,n04147183_schooner_mask.png,0.7756944823241243,0.0702327806122449,3524,2,60.34954499220112,0.9372665852471922,0.7683470275001107,0.8209788578755677,-3.851311859605141,-6.680344494192584,-0.16580745062729926
../benchmarks/vggnet16_benchmark2022/segmented_outputs/masks/n07579787_plate_mask.png,n07579787_plate_mask.png,0.978011626312145,0.07549426020408163,3788,2,66.81439035345178,0.9305463717739586,0.6719780349692765,0.8562757205038746,-3.088941715558261,-5.248588283373867,-0.16645660219454658
../benchmarks/vggnet16_benchmark2022/segmented_outputs/masks/n02951358_canoe_mask.png,n02951358_canoe_mask.png,0.857821996325443,0.07659040178571429,3843,2,71.74360200319839,0.9254224511401264,0.7260017849638853,0.8151440469488753,-3.1451462828901002,-5.486553611282593,-0.1664652816993055
../benchmarks/vggnet16_benchmark2022/segmented_outputs/masks/n01910747_jellyfish_mask.png,n01910747_jellyfish_mask.png,0.9792676795229485,0.07471699617346939,3749,2,65.01947250470823,0.9324121907435465,0.6726510789747606,0.8603496419286863,-3.1684021962739797,-5.37043948689157,-0.16700422568384787
../benchmarks/vggnet16_benchmark2022/segmented_outputs/background/n02879718_bow.JPEG,n02879718_bow.JPEG,5.1475781562114,0.20818718112244897,10446,385,81.40683820511452,0.6322802757716827,0.4862908094083206,0.6290192276782476,5.058958091252382,8.73147948544414,-0.16713756588321116
../benchmarks/vggnet16_benchmark2022/segmented_outputs/masks/n02398521_hippopotamus_mask.png,n02398521_hippopotamus_mask.png,0.9774515870697712,0.07657047193877552,3842,2,68.71524292173554,0.9285704335532894,0.6699849683527415,0.8524998493842637,-2.995801702153138,-5.100093819362242,-0.16749686133344946
../benchmarks/vggnet16_benchmark2022/segmented_outputs/background/n04204347_shopping_cart.JPEG,n04204347_shopping_cart.JPEG,5.663082199181587,0.2344547193877551,11764,539,31.054812593830633,0.5799967609400964,0.4134080884552579,0.7042577732403051,5.3620749006215425,9.839952472993224,-0.16760367842805474
../benchmarks/vggnet16_benchmark2022/segmented_outputs/masks/n02092339_Weimaraner_mask.png,n02092339_Weimaraner_mask.png,0.9986751632550583,0.07346141581632654,3686,2,62.10308556962876,0.9354437779941489,0.6635526895583578,0.870565087264771,-3.251681482438581,-5.477623258836583,-0.16786889417710318
../benchmarks/vggnet16_benchmark2022/segmented_outputs/masks/n01944390_snail_mask.png,n01944390_snail_mask.png,0.5995005648609775,0.06255978954081633,3139,2,55.62880196847738,0.9421738025275703,0.8400848419310278,0.7583766138786343,-4.481483587032374,-7.982741820956182,-0.16850643732315715
../benchmarks/vggnet16_benchmark2022/segmented_outputs/background/n02692877_airship.JPEG,n02692877_airship.JPEG,2.0535116906202506,0.08085538903061225,4057,16,8.84589597658199,0.8547724873585756,0.8039540855880085,0.6346828972003594,-4.320961882586581,-7.597676132462087,-0.16859460199800058
../benchmarks/vggnet16_benchmark2022/segmented_outputs/masks/n03594945_jeep_mask.png,n03594945_jeep_mask.png,0.8893513150686626,0.07533482142857142,3780,2,67.12341068944792,0.9302251448134637,0.7164006091256931,0.8343956966191137,-3.284247932483903,-5.6556537324479255,-0.16903339157423292
../benchmarks/vggnet16_benchmark2022/segmented_outputs/masks/n02892201_brass_mask.png,n02892201_brass_mask.png,0.7934711125347347,0.07776626275510204,3902,2,77.42987320897386,0.919511566310838,0.7525154994463008,0.775925458684392,-3.0455972705395657,-5.449590887383258,-0.16918934815971928
../benchmarks/vggnet16_benchmark2022/segmented_outputs/background/n04356056_sunglasses.JPEG,n04356056_sunglasses.JPEG,3.424176869610192,0.12944435586734693,6495,16,34.043516675768416,0.7493845783131416,0.6559746170555725,0.5919624901525751,-1.0853471428963202,-1.8567307269741922,-0.16923248336070545
../benchmarks/vggnet16_benchmark2022/segmented_outputs/masks/n02219486_ant_mask.png,n02219486_ant_mask.png,0.8747187341842118,0.07260443239795919,3643,2,60.97050115339345,0.9366211006721481,0.7250454086088969,0.8470787310451784,-3.5891695841766014,-6.134376719887865,-0.1697187135290109
../benchmarks/vggnet16_benchmark2022/segmented_outputs/background/n03534580_hoopskirt.JPEG,n03534580_hoopskirt.JPEG,3.8406036940385,0.1249202806122449,6268,334,42.73866618175932,0.7767283501858242,0.6881215720322253,0.5664921863648557,0.26590176519837705,-0.15312886578383078,-0.16985923784186568
../benchmarks/vggnet16_benchmark2022/segmented_outputs/masks/n10565667_scuba_diver_mask.png,n10565667_scuba_diver_mask.png,0.8593243488423433,0.07475685586734694,3751,2,66.33877593632779,0.9310407734549607,0.7294750195641655,0.828963876181918,-3.3832478526421417,-5.843260570729871,-0.1698899520422509
../benchmarks/vggnet16_benchmark2022/segmented_outputs/masks/n07754684_jackfruit_mask.png,n07754684_jackfruit_mask.png,0.9219128679283304,0.07069116709183673,3547,2,55.89619083440412,0.9418958515234885,0.7050860833603683,0.8702047097600651,-3.709039760603895,-6.260548376053521,-0.16993040403703194
../benchmarks/vggnet16_benchmark2022/segmented_outputs/background/n07583066_guacamole.JPEG,n07583066_guacamole.JPEG,3.142809953236702,0.09789540816326531,4912,600,41.15666210217893,0.8373077449193205,0.7656635370290263,0.5091639275978407,-0.04837771968368376,-1.4380219580104296,-0.16999162207964383
../benchmarks/vggnet16_benchmark2022/segmented_outputs/masks/n03976657_pole_mask.png,n03976657_pole_mask.png,0.8590031626566601,0.0787826849489796,3953,2,75.25159808897695,0.921775885562394,0.7235671846738453,0.8064057873560762,-2.97409084688776,-5.217353583089098,-0.17086348948775784
../benchmarks/vggnet16_benchmark2022/segmented_outputs/background/n04447861_toilet_seat.JPEG,n04447861_toilet_seat.JPEG,4.6977618019500476,0.16761001275510204,8410,136,48.25512747828152,0.6920862775200785,0.536837563272454,0.6499952727126846,1.7028902437239695,3.1814162750251627,-0.17099543612103993
../benchmarks/vggnet16_benchmark2022/segmented_outputs/masks/n01740131_night_snake_mask.png,n01740131_night_snake_mask.png,0.9181695599707136,0.0760921556122449,3818,2,67.24733770654022,0.930096322550374,0.6996582285062303,0.8429111324879297,-3.1931623102437947,-5.466664006118921,-0.17129078796692715
../benchmarks/vggnet16_benchmark2022/segmented_outputs/object/n04239074_sliding_door.JPEG,n04239074_sliding_door.JPEG,4.285005501015247,0.1506297831632653,7558,118,42.71840481921429,0.7299658258995807,0.5947104483149912,0.6654024611998014,0.592844092430818,1.2082606770900806,-0.17138196811966283
../benchmarks/vggnet16_benchmark2022/segmented_outputs/masks/n03018349_china_cabinet_mask.png,n03018349_china_cabinet_mask.png,0.8568244999646082,0.07304288903061225,3665,2,61.97957907587082,0.9355721631227955,0.7341248227518914,0.8390295881527257,-3.5873119973564007,-6.15696057647003,-0.17142231841833025
../benchmarks/vggnet16_benchmark2022/segmented_outputs/masks/n07717556_butternut_squash_mask.png,n07717556_butternut_squash_mask.png,0.9871228576084166,0.07334183673469388,3680,2,60.74970949836766,0.9368506138270607,0.6703646975674369,0.8713635500381806,-3.3335675257876387,-5.610661159094961,-0.17150163863848697
../benchmarks/vggnet16_benchmark2022/segmented_outputs/masks/n07892512_red_wine_mask.png,n07892512_red_wine_mask.png,0.9685055729856284,0.07481664540816327,3754,2,63.77627515006214,0.9337044956860062,0.6775706784082598,0.8614625951206787,-3.2354162834895637,-5.47528605970684,-0.171806987080864
../benchmarks/vggnet16_benchmark2022/segmented_outputs/masks/n03840681_ocarina_mask.png,n03840681_ocarina_mask.png,0.9991163298604988,0.07643096301020408,3835,2,66.9747098106195,0.9303797195315806,0.6601233267281821,0.8604748542136705,-3.0155285022255067,-5.101309604289797,-0.17184556675959983
../benchmarks/vggnet16_benchmark2022/segmented_outputs/masks/n04069434_reflex_camera_mask.png,n04069434_reflex_camera_mask.png,0.5652631573877543,0.060646524234693876,3043,2,49.55426244731038,0.9484882926743136,0.8508333991647155,0.7729597924104107,-4.786880522942287,-8.450347965950847,-0.1721333283208706
../benchmarks/vggnet16_benchmark2022/segmented_outputs/background/n02089973_English_foxhound.JPEG,n02089973_English_foxhound.JPEG,3.7699595026202575,0.13564253826530612,6806,284,39.099673425601026,0.7649131348113978,0.677973194482267,0.624775815671035,0.19915482383984778,0.08181892649433475,-0.1723225755538795
../benchmarks/vggnet16_benchmark2022/segmented_outputs/masks/n01729322_hognose_snake_mask.png,n01729322_hognose_snake_mask.png,0.5782765600901739,0.06365593112244898,3194,2,61.97330362611688,0.9355786864593381,0.8412191551375108,0.7215104624747453,-4.2452225586169225,-7.70328022545713,-0.17240787470694585
../benchmarks/vggnet16_benchmark2022/segmented_outputs/background/n02321529_sea_cucumber.JPEG,n02321529_sea_cucumber.JPEG,2.6063573637424584,0.09837372448979592,4936,135,28.887246655387322,0.8268200295099454,0.7683633362105131,0.6016353570583792,-2.449235297931043,-4.602389525129242,-0.17277241703743537
../benchmarks/vggnet16_benchmark2022/segmented_outputs/background/n02669723_academic_gown.JPEG,n02669723_academic_gown.JPEG,1.2142201897061238,0.024792729591836735,1244,163,5.119257901970009,0.9513908950299275,0.9283617283025121,0.502822045895237,-6.07592767911413,-11.668280525507244,-0.17278891812790811
../benchmarks/vggnet16_benchmark2022/segmented_outputs/object/n04525038_velvet.JPEG,n04525038_velvet.JPEG,7.2156655426124505,0.30831473214285715,15470,377,23.41572274394733,0.40201486291294064,0.09528692515785787,0.7124302585374522,8.502607765831328,16.280556811296478,-0.17315632638254883
../benchmarks/vggnet16_benchmark2022/segmented_outputs/background/n02687172_aircraft_carrier.JPEG,n02687172_aircraft_carrier.JPEG,1.1546327885258556,0.028280452806122448,1419,76,7.190464750879467,0.9512038271899589,0.9284573114168113,0.5483970827011839,-6.336504978489086,-11.862638413386057,-0.1734645874608383
../benchmarks/vggnet16_benchmark2022/segmented_outputs/background/n04332243_strainer.JPEG,n04332243_strainer.JPEG,0.47214093624999476,0.0029296875,147,78,0.5004899493539249,0.9911391099536219,0.9858928240275358,0.4976114524878179,-7.639853778189742,-14.42418686770854,-0.17434500330593095
../benchmarks/vggnet16_benchmark2022/segmented_outputs/masks/n02988304_CD_player_mask.png,n02988304_CD_player_mask.png,0.5681683712312297,0.06287866709183673,3155,2,57.18470075629854,0.9405564441202718,0.8447217801588813,0.7418475419171593,-4.44951065256789,-7.978530712145077,-0.17451851195245688
../benchmarks/vggnet16_benchmark2022/segmented_outputs/masks/n01644373_tree_frog_mask.png,n01644373_tree_frog_mask.png,0.2699315927006608,0.03356186224489796,1684,2,29.807604450274283,0.9690149641889041,0.9404471106264967,0.6371537976047074,-6.371962658496232,-11.666950191239222,-0.17453386819867628
../benchmarks/vggnet16_benchmark2022/segmented_outputs/object/n01744401_rock_python.JPEG,n01744401_rock_python.JPEG,6.8816614775099705,0.3117625956632653,15643,182,122.89422774291197,0.385141402454885,0.22568688331186731,0.4821232782877815,10.238540390513664,18.25982813114776,-0.17504397687565468
../benchmarks/vggnet16_benchmark2022/segmented_outputs/masks/n04033995_quilt_mask.png,n04033995_quilt_mask.png,0.5126855909058666,0.05853396045918367,2937,2,51.98176698530723,0.9459648991836723,0.8647908709635338,0.7310001392333831,-4.803241684409539,-8.625369457743739,-0.17504865964781566
../benchmarks/vggnet16_benchmark2022/segmented_outputs/masks/n03970156_plunger_mask.png,n03970156_plunger_mask.png,0.9995678917415302,0.07549426020408163,3788,2,63.99471679031722,0.9334774253738907,0.6619043630953255,0.8667501911375202,-3.1453275290466967,-5.298317384113025,-0.17534319763473805
../benchmarks/vggnet16_benchmark2022/segmented_outputs/masks/n04476259_tray_mask.png,n04476259_tray_mask.png,0.5146255185911143,0.05781648596938776,2901,2,49.125469856993305,0.9489340230176785,0.8681739152523427,0.7411428523408974,-4.930800501164372,-8.807628841088489,-0.17587100751596565
../benchmarks/vggnet16_benchmark2022/segmented_outputs/masks/n03179701_desk_mask.png,n03179701_desk_mask.png,0.9997920051742246,0.07732780612244898,3880,2,67.58811214472271,0.9297420871676478,0.6593650302957155,0.8593046879473536,-2.9764786508327155,-5.033026697017905,-0.17587775018568497
../benchmarks/vggnet16_benchmark2022/segmented_outputs/masks/n03991062_pot_mask.png,n03991062_pot_mask.png,0.8726519842260942,0.07513552295918367,3770,2,64.78586623050464,0.9326550247084151,0.724918527533749,0.8362203107581387,-3.4118776457746263,-5.85959756142371,-0.17588422327544467
../benchmarks/vggnet16_benchmark2022/segmented_outputs/background/n02093647_Bedlington_terrier.JPEG,n02093647_Bedlington_terrier.JPEG,4.007863268983362,0.15832270408163265,7944,228,47.730318722626315,0.7246661784540124,0.6217000606212405,0.6524921049418009,1.12899660964062,1.9937801551308423,-0.1768372353862812
../benchmarks/vggnet16_benchmark2022/segmented_outputs/background/n01748264_Indian_cobra.JPEG,n01748264_Indian_cobra.JPEG,2.0043302212005636,0.03382095025510204,1697,163,12.234346647932504,0.9379334555342627,0.8974754437599025,0.5156237790276436,-5.221436526504679,-10.15339362892084,-0.1769869616391483
../benchmarks/vggnet16_benchmark2022/segmented_outputs/masks/n03717622_manhole_cover_mask.png,n03717622_manhole_cover_mask.png,0.7824840440782674,0.07963966836734694,3996,2,79.8442508805949,0.9170018182114398,0.7550192825643074,0.7650690726720164,-2.9429524801429654,-5.300740056876547,-0.1773770155392286
../benchmarks/vggnet16_benchmark2022/segmented_outputs/masks/n02504458_African_elephant_mask.png,n02504458_African_elephant_mask.png,0.9551798925909089,0.07417889030612244,3722,2,60.76838550458689,0.9368312000991821,0.6874675301244753,0.8649261333432754,-3.3981488221175864,-5.735524026193202,-0.17747914488582847
../benchmarks/vggnet16_benchmark2022/segmented_outputs/background/n04040759_radiator.JPEG,n04040759_radiator.JPEG,5.367309441801199,0.19768415178571427,9919,292,28.631605583724948,0.6325038869691078,0.4594073839813053,0.661481272028267,3.119261216565741,5.859378897795171,-0.17769961839921772
../benchmarks/vggnet16_benchmark2022/segmented_outputs/masks/n02361337_marmot_mask.png,n02361337_marmot_mask.png,0.4892222859598204,0.057517538265306124,2886,2,52.87303449658539,0.9450384256792252,0.8705077935525938,0.7108186808305074,-4.816716166143295,-8.717283254511255,-0.17814145113071297
../benchmarks/vggnet16_benchmark2022/segmented_outputs/masks/n03775546_mixing_bowl_mask.png,n03775546_mixing_bowl_mask.png,0.8668334223439143,0.0836654974489796,4198,2,83.73863839824955,0.9129535983386179,0.7157450348108668,0.7865147007440798,-2.557240490143599,-4.560851498802531,-0.1782066757276699
../benchmarks/vggnet16_benchmark2022/segmented_outputs/masks/n03874293_paddlewheel_mask.png,n03874293_paddlewheel_mask.png,0.9040056868509123,0.07712850765306123,3870,2,67.2940845804183,0.9300477291263843,0.7088082778512813,0.8381152540793821,-3.2164391017039993,-5.512928055946192,-0.1793556611601996
../benchmarks/vggnet16_benchmark2022/segmented_outputs/masks/n01871265_tusker_mask.png,n01871265_tusker_mask.png,0.9797848225914588,0.07965959821428571,3997,2,71.41169615294223,0.9257674676164842,0.667999215380862,0.8467836602155655,-2.842322264982517,-4.84051420367369,-0.1795689310182455
../benchmarks/vggnet16_benchmark2022/segmented_outputs/masks/n02105056_groenendael_mask.png,n02105056_groenendael_mask.png,0.9521430865729765,0.07445790816326531,3736,2,60.68043701058579,0.9369226226501187,0.6892327842969614,0.8644412688427265,-3.4051234282056138,-5.746254887728562,-0.17971217065898482
../benchmarks/vggnet16_benchmark2022/segmented_outputs/masks/n03461385_grocery_store_mask.png,n03461385_grocery_store_mask.png,0.8477554290566829,0.07360092474489796,3693,2,60.4526100783836,0.9371594489829693,0.7367185359646329,0.8420527076622459,-3.6482940341936523,-6.23999165881711,-0.17987214861709072
../benchmarks/vggnet16_benchmark2022/segmented_outputs/masks/n04146614_school_bus_mask.png,n04146614_school_bus_mask.png,0.7613404760004341,0.07053172831632654,3539,2,56.25069982602641,0.9415273390581845,0.7764584565817089,0.8288182792093265,-4.033527171967155,-6.947034575830383,-0.18036505244123338
../benchmarks/vggnet16_benchmark2022/segmented_outputs/background/n02190166_fly.JPEG,n02190166_fly.JPEG,5.065265707448359,0.19365832270408162,9717,360,25.852122632422716,0.6574314572243092,0.5094958873545843,0.7026130182222805,2.7882641034100466,5.28094993329014,-0.18046612112740998
../benchmarks/vggnet16_benchmark2022/segmented_outputs/masks/n02109525_Saint_Bernard_mask.png,n02109525_Saint_Bernard_mask.png,0.6802217732506719,0.07266422193877552,3646,2,70.02583291750571,0.9272080738903268,0.800956433844131,0.749461339351939,-3.62214540372364,-6.520462331348302,-0.18057392845008116
../benchmarks/vggnet16_benchmark2022/segmented_outputs/background/n04273569_speedboat.JPEG,n04273569_speedboat.JPEG,1.242215089996824,0.029296875,1470,132,6.9780732644574215,0.9526876032118178,0.9308657791160838,0.540065596937082,-6.085289058723158,-11.520773705928564,-0.18079172011458422
../benchmarks/vggnet16_benchmark2022/segmented_outputs/background/n02992529_cellular_telephone.JPEG,n02992529_cellular_telephone.JPEG,0.8526430137351954,0.018395248724489797,923,12,0.889787351333384,0.9719040888897377,0.9591404202454444,0.5618220365623743,-7.296444930269537,-13.444678835197598,-0.18148293455739
../benchmarks/vggnet16_benchmark2022/segmented_outputs/masks/n02108422_bull_mastiff_mask.png,n02108422_bull_mastiff_mask.png,0.8072737143392821,0.07387994260204081,3707,2,62.187129224914806,0.9353564145271156,0.7555609289328318,0.8244157964487218,-3.668331403812807,-6.33356447219964,-0.18173802981424134
../benchmarks/vggnet16_benchmark2022/segmented_outputs/masks/n03271574_electric_fan_mask.png,n03271574_electric_fan_mask.png,0.3822712097640535,0.04787149234693878,2402,2,36.187291237494506,0.9623832731418975,0.9113485153703154,0.7170193954156474,-5.769618074668063,-10.329076709052352,-0.1825224046174969
../benchmarks/vggnet16_benchmark2022/segmented_outputs/masks/n03891332_parking_meter_mask.png,n03891332_parking_meter_mask.png,0.8745430288529162,0.07667012117346939,3847,2,65.75327829103084,0.9316493988658723,0.7229934609339554,0.8345356347878516,-3.345381823541205,-5.741805512280407,-0.18312292765480148
../benchmarks/vggnet16_benchmark2022/segmented_outputs/masks/n04254777_sock_mask.png,n04254777_sock_mask.png,0.9919610347741742,0.07451769770408163,3739,2,59.54671989675191,0.9381011227684491,0.6687252380054061,0.8747504650823676,-3.351886022105516,-5.615300376590166,-0.18334701023557426
../benchmarks/vggnet16_benchmark2022/segmented_outputs/background/n02109047_Great_Dane.JPEG,n02109047_Great_Dane.JPEG,3.9380481393274973,0.13966836734693877,7008,184,45.41456990708011,0.7551805552639196,0.6469452874810809,0.6268346436785508,0.287764257207837,0.36932552982489497,-0.18357809595647706
../benchmarks/vggnet16_benchmark2022/segmented_outputs/masks/n02643566_lionfish_mask.png,n02643566_lionfish_mask.png,0.7503417345201637,0.0703125,3528,2,54.72322656000114,0.9431151491060279,0.780159437036827,0.8313585218162769,-4.11114322803363,-7.066957641853573,-0.1836646355260081
../benchmarks/vggnet16_benchmark2022/segmented_outputs/masks/n04254680_soccer_ball_mask.png,n04254680_soccer_ball_mask.png,0.9920278588095528,0.08274872448979592,4152,2,76.05465566966103,0.9209411063724937,0.6579938831926264,0.8398651636552277,-2.58302653531949,-4.412031212412993,-0.1847983364755928
../benchmarks/vggnet16_benchmark2022/segmented_outputs/background/n02259212_leafhopper.JPEG,n02259212_leafhopper.JPEG,1.6126069357014807,0.022500797193877552,1129,182,9.698474633939698,0.9457882508814318,0.9138291154676309,0.43735512036685303,-5.65184106944089,-11.199355600534826,-0.18482137155295889
../benchmarks/vggnet16_benchmark2022/segmented_outputs/masks/n02129165_lion_mask.png,n02129165_lion_mask.png,0.6151314832899464,0.06566884566326531,3295,2,53.62326192070579,0.9442585634919898,0.8340016767073517,0.778219917902429,-4.4790928517369295,-7.885345083785753,-0.18556602478358192
../benchmarks/vggnet16_benchmark2022/segmented_outputs/masks/n03888605_parallel_bars_mask.png,n03888605_parallel_bars_mask.png,0.9359826867442984,0.08221061862244898,4125,2,75.43565425947924,0.9215845589818303,0.6858918839340951,0.8283587172555413,-2.742150591180725,-4.723259094046849,-0.18585335106760867
../benchmarks/vggnet16_benchmark2022/segmented_outputs/masks/n03384352_forklift_mask.png,n03384352_forklift_mask.png,0.7259673006647499,0.07354113520408163,3690,2,64.48954616553695,0.932963049723974,0.7846495810234695,0.791454628810076,-3.731731581157032,-6.552666635439332,-0.1858755667158794
../benchmarks/vggnet16_benchmark2022/segmented_outputs/masks/n04523525_vault_mask.png,n04523525_vault_mask.png,0.6593016166664305,0.06718351403061225,3371,2,51.297833459409205,0.9466758487947929,0.8167601502372057,0.8110127290482547,-4.458574292898085,-7.732026607110054,-0.18627908865130408
../benchmarks/vggnet16_benchmark2022/segmented_outputs/object/n13052670_hen-of-the-woods.JPEG,n13052670_hen-of-the-woods.JPEG,6.739236255463498,0.27519132653061223,13808,351,26.840280370626342,0.4697128734072784,0.24397165248704794,0.6602368192899196,6.830346508246061,12.931267187355042,-0.18643366519335886
../benchmarks/vggnet16_benchmark2022/segmented_outputs/background/n04597913_wooden_spoon.JPEG,n04597913_wooden_spoon.JPEG,4.368787848869014,0.1509685905612245,7575,251,41.76857890309238,0.7383638197777993,0.6089196789121314,0.6496474183937128,1.0345043411717565,1.7499943665263014,-0.18650853240741808
../benchmarks/vggnet16_benchmark2022/segmented_outputs/masks/n01630670_common_newt_mask.png,n01630670_common_newt_mask.png,0.530613023243889,0.06337691326530612,3180,2,62.75669594821897,0.9347643493261757,0.8526878537207248,0.6918249432378267,-4.282928979462104,-7.8557964142994345,-0.18698427990117752
../benchmarks/vggnet16_benchmark2022/segmented_outputs/masks/n03961711_plate_rack_mask.png,n03961711_plate_rack_mask.png,0.6279227114599938,0.06786112882653061,3405,2,58.15454706256017,0.9395482878767565,0.8255409572694558,0.7685894423555677,-4.2430188926436845,-7.511632846914349,-0.1870852460520383
../benchmarks/vggnet16_benchmark2022/segmented_outputs/masks/n03250847_drumstick_mask.png,n03250847_drumstick_mask.png,0.6208807805439269,0.07089046556122448,3557,2,70.31560089180584,0.9269068597798276,0.8210176323154998,0.7165540262146454,-3.737706449633973,-6.827530591020618,-0.18784443974507253
../benchmarks/vggnet16_benchmark2022/segmented_outputs/masks/n02895154_breastplate_mask.png,n02895154_breastplate_mask.png,0.6648163598939312,0.06953523596938775,3489,2,57.731622659939134,0.9399879182329116,0.8118464702413697,0.7887952742475445,-4.166828101790833,-7.307107572258153,-0.18818948560938142
../benchmarks/vggnet16_benchmark2022/segmented_outputs/background/n02091244_Ibizan_hound.JPEG,n02091244_Ibizan_hound.JPEG,5.15325406457951,0.19569116709183673,9819,234,44.14607017333259,0.6451755715523024,0.48571822876974535,0.6621555757847255,3.0598318485887264,5.709575235562683,-0.1884636257784046
../benchmarks/vggnet16_benchmark2022/segmented_outputs/masks/n02105251_briard_mask.png,n02105251_briard_mask.png,0.7440667526918192,0.07702885841836735,3865,2,71.62098814393187,0.9255499083742913,0.7749078044332056,0.7745300150860677,-3.3741094712204656,-5.993835850418735,-0.18896580008553857
../benchmarks/vggnet16_benchmark2022/segmented_outputs/background/n02094114_Norfolk_terrier.JPEG,n02094114_Norfolk_terrier.JPEG,1.2981669889243137,0.02716438137755102,1363,101,6.785803388897667,0.9513510581307392,0.9288134520306115,0.5143047593134683,-6.211215512620376,-11.784271786654289,-0.18971303731324243
../benchmarks/vggnet16_benchmark2022/segmented_outputs/object/n02483362_gibbon.JPEG,n02483362_gibbon.JPEG,6.3526709739847576,0.22217793367346939,11148,355,49.589717198026946,0.5811360749353749,0.3259530163760011,0.6224727146087543,5.58237523342328,10.004975736671485,-0.18981824087429777
../benchmarks/vggnet16_benchmark2022/segmented_outputs/masks/n03388549_four-poster_mask.png,n03388549_four-poster_mask.png,0.922805201476945,0.07880261479591837,3954,2,67.09090088880792,0.930258938785023,0.6990088055490036,0.8436259692671779,-3.1540625266459785,-5.37303785555573,-0.1899679148804312
../benchmarks/vggnet16_benchmark2022/segmented_outputs/masks/n03935335_piggy_bank_mask.png,n03935335_piggy_bank_mask.png,0.7861724334756381,0.07848373724489796,3938,2,71.52351018410633,0.9256512368148583,0.756851958807957,0.7922831437497804,-3.270567932930302,-5.751599448091913,-0.19007415618269732
../benchmarks/vggnet16_benchmark2022/segmented_outputs/masks/n01530575_brambling_mask.png,n01530575_brambling_mask.png,0.5022344191542079,0.060267857142857144,3024,2,52.19988739178502,0.9457381627944024,0.8670715934501059,0.7241024328569918,-4.782051121660839,-8.593809128607107,-0.19046928988446063
../benchmarks/vggnet16_benchmark2022/segmented_outputs/masks/n12998815_agaric_mask.png,n12998815_agaric_mask.png,0.9876724935467903,0.07852359693877552,3940,2,65.58939344496447,0.9318197573337168,0.6666419477588825,0.8612879374559252,-3.0643111656208175,-5.157888469068859,-0.19060785627239113
../benchmarks/vggnet16_benchmark2022/segmented_outputs/masks/n03794056_mousetrap_mask.png,n03794056_mousetrap_mask.png,0.44237338114750735,0.054209183673469385,2720,2,48.02337748718024,0.9500796491817254,0.8889380988063589,0.6915855681033676,-5.132411770673739,-9.314111033749468,-0.19101531221997334
../benchmarks/vggnet16_benchmark2022/segmented_outputs/masks/n02105505_komondor_mask.png,n02105505_komondor_mask.png,0.33619901461775414,0.04157366071428571,2086,2,40.07903252329484,0.958337804029839,0.9213010191968364,0.6246880833440882,-5.777150571643992,-10.667524989463507,-0.19111242251186464
../benchmarks/vggnet16_benchmark2022/segmented_outputs/background/n02091467_Norwegian_elkhound.JPEG,n02091467_Norwegian_elkhound.JPEG,3.6458065251033687,0.12354512117346939,6199,182,41.24686574429601,0.7875002199774217,0.6966553141295854,0.6128874333087916,-0.5911411864998811,-1.307200050552532,-0.19114971891902105
../benchmarks/vggnet16_benchmark2022/segmented_outputs/background/n02089867_Walker_hound.JPEG,n02089867_Walker_hound.JPEG,2.7552083455296708,0.057696906887755105,2895,354,6.90249361162865,0.8990440586238253,0.8566099858332782,0.508156802859522,-3.5628790249484528,-7.32869490300657,-0.19116449714726297
../benchmarks/vggnet16_benchmark2022/segmented_outputs/masks/n02927161_butcher_shop_mask.png,n02927161_butcher_shop_mask.png,0.9349972687584966,0.08248963647959184,4139,2,74.38219584804159,0.9226796300955908,0.6876950478580645,0.830140547219687,-2.7838415349490035,-4.781863827657993,-0.19122868532808956
../benchmarks/vggnet16_benchmark2022/segmented_outputs/background/n03314780_face_powder.JPEG,n03314780_face_powder.JPEG,3.5242266461806127,0.09919084821428571,4977,283,3.9159074743224433,0.8119787385286028,0.7144961304753934,0.5520235541903031,-1.9383495386653025,-3.8937497879289586,-0.19172596907334855
../benchmarks/vggnet16_benchmark2022/segmented_outputs/background/n01440764_tench.JPEG,n01440764_tench.JPEG,1.4741176987139692,0.035833864795918366,1798,104,12.506201657900164,0.932114473513828,0.9044086312826536,0.4980030328745215,-5.616058415189876,-10.761649149188596,-0.19200362494595627
../benchmarks/vggnet16_benchmark2022/segmented_outputs/background/n02494079_squirrel_monkey.JPEG,n02494079_squirrel_monkey.JPEG,3.265643484682337,0.11543367346938775,5792,297,27.30121215512451,0.794508482152726,0.710480986561689,0.5639568661498258,-0.908344146717313,-2.1007845229628392,-0.1926129822160709
../benchmarks/vggnet16_benchmark2022/segmented_outputs/object/n02011460_bittern.JPEG,n02011460_bittern.JPEG,7.523533051403128,0.3475366709183674,17438,356,38.1309980289437,0.30770542156202996,0.0674708993509607,0.5950931000220723,10.260073274886583,19.302174153496633,-0.19278133522574445
../benchmarks/vggnet16_benchmark2022/segmented_outputs/background/n04487394_trombone.JPEG,n04487394_trombone.JPEG,3.5352591619795,0.14604591836734693,7328,16,55.4172195750999,0.7492133051157611,0.6404046595642663,0.6669269381660432,-0.08932874770081295,0.05834894252189626,-0.19288404781653443
../benchmarks/vggnet16_benchmark2022/segmented_outputs/background/n02909870_bucket.JPEG,n02909870_bucket.JPEG,3.328058723010348,0.10086495535714286,5061,584,20.168765837821773,0.830897101873215,0.7553300972083841,0.5246627411639699,-0.5510115413969576,-2.077652057893231,-0.19359025223534843
../benchmarks/vggnet16_benchmark2022/segmented_outputs/masks/n03874599_padlock_mask.png,n03874599_padlock_mask.png,0.9942417967729404,0.07940051020408163,3984,2,66.43038736004485,0.9309455432847766,0.6629324235790122,0.8607125148344617,-3.003655363454127,-5.05178836540545,-0.19367617341865967
../benchmarks/vggnet16_benchmark2022/segmented_outputs/masks/n02018207_American_coot_mask.png,n02018207_American_coot_mask.png,0.1765585231269085,0.02419483418367347,1214,2,20.2738193357782,0.9789253437258023,0.9634327848285125,0.5873167766266467,-6.985144763066887,-12.880239036289371,-0.19372619355437107
../benchmarks/vggnet16_benchmark2022/segmented_outputs/background/n01608432_kite.JPEG,n01608432_kite.JPEG,6.989024335347063,0.29789142219387754,14947,535,37.387704503771204,0.4139447287907673,0.18202427468066879,0.5542184671182879,8.915559392122134,16.158628925234545,-0.19382816173966264
../benchmarks/vggnet16_benchmark2022/segmented_outputs/background/n01729322_hognose_snake.JPEG,n01729322_hognose_snake.JPEG,2.612015358661,0.06297831632653061,3160,263,16.032099636298852,0.8924650561264075,0.845560780986038,0.52950429442199,-3.54957187375571,-7.132143386895184,-0.1938336065335003
../benchmarks/vggnet16_benchmark2022/segmented_outputs/masks/n01537544_indigo_bunting_mask.png,n01537544_indigo_bunting_mask.png,0.3997109270703945,0.0509406887755102,2556,2,46.45636594399318,0.9517085593097784,0.899436793948773,0.6667758025773304,-5.295294954247378,-9.680447694170486,-0.19390723872797155
../benchmarks/vggnet16_benchmark2022/segmented_outputs/masks/n04201297_shoji_mask.png,n04201297_shoji_mask.png,0.8186481496480913,0.07762675382653061,3895,2,66.26489522784155,0.9311175725282312,0.7481930136108836,0.8166176844660736,-3.430332427877207,-5.935661349384894,-0.1942908118995348
../benchmarks/vggnet16_benchmark2022/segmented_outputs/background/n04584207_wig.JPEG,n04584207_wig.JPEG,1.5291392630224927,0.0476921237244898,2393,125,6.881398555098249,0.9259670083048638,0.8943486015656024,0.5769445510186686,-5.424950763708102,-10.105961389466998,-0.19441416033483966
../benchmarks/vggnet16_benchmark2022/segmented_outputs/masks/n04311004_steel_arch_bridge_mask.png,n04311004_steel_arch_bridge_mask.png,0.6838693525907553,0.07282366071428571,3654,2,63.057087079330415,0.9344520924331285,0.8025671671226058,0.7772466376194742,-3.8797306850127207,-6.846125080148501,-0.19479060691958935
../benchmarks/vggnet16_benchmark2022/segmented_outputs/object/n02168699_long-horned_beetle.JPEG,n02168699_long-horned_beetle.JPEG,4.43555363112036,0.03555484693877551,1784,95,7.111904063156965,0.8624024343196643,0.6747414157507869,0.29122811100119506,-3.370239469088212,-7.435900766490509,-0.19514953790771106
../benchmarks/vggnet16_benchmark2022/segmented_outputs/background/n02807133_bathing_cap.JPEG,n02807133_bathing_cap.JPEG,3.3730654813240184,0.08095503826530612,4062,314,15.925655690829508,0.8566074062458618,0.7645191046182389,0.5404774488161113,-2.2511194880318985,-4.771324877129776,-0.19547597110778028
../benchmarks/vggnet16_benchmark2022/segmented_outputs/masks/n04584207_wig_mask.png,n04584207_wig_mask.png,0.9206819514471063,0.07898198341836735,3963,2,65.69755032696901,0.931707328142444,0.7015979394532069,0.8460344072322189,-3.2131401031879836,-5.458853220516017,-0.1957009444325366
../benchmarks/vggnet16_benchmark2022/segmented_outputs/background/n02006656_spoonbill.JPEG,n02006656_spoonbill.JPEG,0.812979153165754,0.021524234693877552,1080,170,5.766374606019385,0.9615262762915384,0.946914505654567,0.4797074299111938,-6.364889427443496,-12.260956650312766,-0.19571392461806117
../benchmarks/vggnet16_benchmark2022/segmented_outputs/background/n09256479_coral_reef.JPEG,n09256479_coral_reef.JPEG,4.58942497816455,0.19033003826530612,9550,440,94.20507912260466,0.6705375590740519,0.553657668513288,0.5462015803427545,4.690361910559759,7.551361997983695,-0.19592460770454656
../benchmarks/vggnet16_benchmark2022/segmented_outputs/masks/n02791124_barber_chair_mask.png,n02791124_barber_chair_mask.png,0.9991815200932752,0.07860331632653061,3944,2,63.824484261829916,0.93365438226421,0.6621485134571676,0.8670617415517499,-3.10611662753215,-5.202074029871126,-0.19683898330108565
../benchmarks/vggnet16_benchmark2022/segmented_outputs/masks/n01729977_green_snake_mask.png,n01729977_green_snake_mask.png,0.9850289428682311,0.08643574617346939,4337,2,80.03104421741862,0.9168076463436396,0.659057647996895,0.829822660740615,-2.388991989827023,-4.097369284067636,-0.19693093027985303
../benchmarks/vggnet16_benchmark2022/segmented_outputs/object/n02097130_giant_schnauzer.JPEG,n02097130_giant_schnauzer.JPEG,7.476213401887662,0.3167051977040816,15891,291,46.95302842418421,0.3916737459523013,0.11102473313157835,0.6816504695172148,9.092460619547506,17.229874821159584,-0.19694869443480467
../benchmarks/vggnet16_benchmark2022/segmented_outputs/masks/n02137549_mongoose_mask.png,n02137549_mongoose_mask.png,0.9983490243244422,0.08071588010204081,4050,2,68.06324434685999,0.9292481867496258,0.6599761987247577,0.8579674261245078,-2.9112704695215847,-4.898050209548936,-0.19715505005585116
../benchmarks/vggnet16_benchmark2022/segmented_outputs/masks/n02837789_bikini_mask.png,n02837789_bikini_mask.png,0.9350855730500494,0.08671476403061225,4351,2,81.5848201323325,0.915192494664935,0.6844053816304229,0.8129871306065382,-2.4442078204401803,-4.2497679632432455,-0.1973022742449227
../benchmarks/vggnet16_benchmark2022/segmented_outputs/masks/n03372029_flute_mask.png,n03372029_flute_mask.png,0.707871036458484,0.07284359056122448,3655,2,59.54601233721762,0.9381018582773206,0.7958922883403983,0.799112664418445,-3.9732281591023284,-6.9260778318291365,-0.19734966139245627
../benchmarks/vggnet16_benchmark2022/segmented_outputs/background/n04523525_vault.JPEG,n04523525_vault.JPEG,2.7388184929471286,0.08131377551020408,4080,101,13.24427768568787,0.8475159286334037,0.7720412231655478,0.5544636513456207,-3.4064022014712614,-6.392159190833511,-0.19781306702942897
../benchmarks/vggnet16_benchmark2022/segmented_outputs/masks/n02096437_Dandie_Dinmont_mask.png,n02096437_Dandie_Dinmont_mask.png,0.3726320044710864,0.04761240433673469,2389,2,45.35966770767492,0.9528485782664502,0.9081344819730806,0.637494518586406,-5.428977139715592,-10.01203535342217,-0.19810029835357873
../benchmarks/vggnet16_benchmark2022/segmented_outputs/background/n04347754_submarine.JPEG,n04347754_submarine.JPEG,1.0113348798985016,0.03324298469387755,1668,77,2.33027404435758,0.954852105481304,0.9345728364021807,0.5809864913338174,-6.505745595319396,-11.989968442277885,-0.19848727199855712
../benchmarks/vggnet16_benchmark2022/segmented_outputs/object/n02445715_skunk.JPEG,n02445715_skunk.JPEG,7.498620914102705,0.35640545280612246,17883,175,25.81823419862542,0.29054697589826817,0.06720218169743647,0.6565066623583276,9.385280048087484,18.364763118515334,-0.19880279597397368
../benchmarks/vggnet16_benchmark2022/segmented_outputs/masks/n03085013_computer_keyboard_mask.png,n03085013_computer_keyboard_mask.png,0.24018287371985736,0.03374123086734694,1693,2,26.615161895054854,0.972333511543602,0.9481696298310403,0.6260294752441928,-6.52718179138437,-11.943505334484716,-0.19884178978868866
../benchmarks/vggnet16_benchmark2022/segmented_outputs/masks/n03937543_pill_bottle_mask.png,n03937543_pill_bottle_mask.png,0.9860033863090603,0.08703364158163265,4367,2,80.63758702269057,0.9161771444670577,0.6578850746816893,0.8288698728336086,-2.352964856474637,-4.036145678459467,-0.19892355191074462
../benchmarks/vggnet16_benchmark2022/segmented_outputs/masks/n02096177_cairn_mask.png,n02096177_cairn_mask.png,0.9884888760260673,0.08555883290816327,4293,2,77.42239482057462,0.9195193401033528,0.6582042710629354,0.8364903971097921,-2.49304746659569,-4.250133881693943,-0.19932925267702023
../benchmarks/vggnet16_benchmark2022/segmented_outputs/masks/n02074367_dugong_mask.png,n02074367_dugong_mask.png,0.41282785374561615,0.052236128826530615,2621,2,42.87234602058561,0.955434151745753,0.9007605020572729,0.693177752851084,-5.407203470914881,-9.770412269779577,-0.19961585561836323
../benchmarks/vggnet16_benchmark2022/segmented_outputs/masks/n03761084_microwave_mask.png,n03761084_microwave_mask.png,0.9737972724267018,0.09311224489795919,4672,2,93.06592790234849,0.9032578712033799,0.6573373574491822,0.798434135886151,-1.8094474108050886,-3.204906644949939,-0.20048751768922546
../benchmarks/vggnet16_benchmark2022/segmented_outputs/masks/n03775071_mitten_mask.png,n03775071_mitten_mask.png,0.16766972010487685,0.023397640306122448,1174,2,18.508553264005826,0.9807603396424056,0.9668926230253787,0.5819844291445432,-7.078385751472172,-13.051606841789201,-0.20072226900088377
../benchmarks/vggnet16_benchmark2022/segmented_outputs/masks/n02966193_carousel_mask.png,n02966193_carousel_mask.png,0.9951641135159429,0.07834422831632654,3931,2,62.1085729692437,0.935438073836545,0.6651943653607875,0.869985300029273,-3.1860442878341537,-5.324265394107257,-0.20073362527925984
../benchmarks/vggnet16_benchmark2022/segmented_outputs/background/n02128385_leopard.JPEG,n02128385_leopard.JPEG,1.139649777557502,0.015365911989795918,771,89,3.1931956992573842,0.9643782136546185,0.9258611675122919,0.46803190656323734,-6.675368815027732,-12.767251435629065,-0.20074739075444942
../benchmarks/vggnet16_benchmark2022/segmented_outputs/object/n02256656_cicada.JPEG,n02256656_cicada.JPEG,6.773728676637141,0.2705875318877551,13577,501,160.88013374379,0.5034893606954469,0.18096332257871345,0.4810044406662202,11.455010600221042,19.285161305512762,-0.20117591267829932
../benchmarks/vggnet16_benchmark2022/segmented_outputs/background/n02325366_wood_rabbit.JPEG,n02325366_wood_rabbit.JPEG,2.9568623349422944,0.1301219706632653,6529,77,67.66978658842667,0.7762301936897276,0.6931524253502996,0.581231709928266,-0.30276791172395423,-0.8389476490797872,-0.20122029459074006
../benchmarks/vggnet16_benchmark2022/segmented_outputs/masks/n02939185_caldron_mask.png,n02939185_caldron_mask.png,0.9453732087003415,0.08057637117346939,4043,2,66.7404437757682,0.9306232393183282,0.6883806664384831,0.8495188413064495,-3.0909678696506275,-5.22904779151547,-0.2019385820132804
../benchmarks/vggnet16_benchmark2022/segmented_outputs/background/n01734418_king_snake.JPEG,n01734418_king_snake.JPEG,4.7130084316094925,0.1923230229591837,9650,275,46.26288126033593,0.6453424449441892,0.5432611469199246,0.5812731943834687,2.849422956823552,5.0380617774609355,-0.20240057189045807
../benchmarks/vggnet16_benchmark2022/segmented_outputs/masks/n02277742_ringlet_mask.png,n02277742_ringlet_mask.png,0.998726433840341,0.08270886479591837,4150,2,70.52273406357106,0.9266915446324626,0.6578148607654016,0.8530257401497894,-2.7829491425202972,-4.687600297450842,-0.20248209832989134
../benchmarks/vggnet16_benchmark2022/segmented_outputs/masks/n02454379_armadillo_mask.png,n02454379_armadillo_mask.png,0.9639110632348329,0.07997847576530612,4013,2,64.95753719459059,0.9324765725627957,0.6789120204331062,0.8580298445437142,-3.1218105668541942,-5.251650780865475,-0.20287182318480626
../benchmarks/vggnet16_benchmark2022/segmented_outputs/masks/n03028079_church_mask.png,n03028079_church_mask.png,0.6399928542680038,0.07192681760204081,3609,2,61.38093090763529,0.9361944585159716,0.8182222230194811,0.7640951277715862,-4.031347270262146,-7.142281204951258,-0.20350434426491637
../benchmarks/vggnet16_benchmark2022/segmented_outputs/masks/n03459775_grille_mask.png,n03459775_grille_mask.png,0.9821713564137069,0.08119419642857142,4074,2,67.16569458517327,0.9301811906599031,0.6692763948932259,0.8565102006994099,-2.978825540262726,-5.010598429093899,-0.20359238228747323
../benchmarks/vggnet16_benchmark2022/segmented_outputs/object/n02138441_meerkat.JPEG,n02138441_meerkat.JPEG,7.357150358768122,0.32288345025510207,16201,243,46.91887888887297,0.3512023786201772,0.09669858527505895,0.5651468141506792,9.25050548273802,17.337428222141913,-0.2036835343387773
../benchmarks/vggnet16_benchmark2022/segmented_outputs/background/n01847000_drake.JPEG,n01847000_drake.JPEG,1.3531767222200601,0.02911750637755102,1461,181,8.20258976917441,0.9577455724529722,0.9415768496313204,0.5137716850737213,-5.88221074792883,-11.325800304496397,-0.20401730428761058
../benchmarks/vggnet16_benchmark2022/segmented_outputs/masks/n02111889_Samoyed_mask.png,n02111889_Samoyed_mask.png,0.998984935628108,0.08490114795918367,4260,2,74.53450923458976,0.9225213001719441,0.6550269370212942,0.844710317666315,-2.592444524791777,-4.386749636212504,-0.20404695342108767
../benchmarks/vggnet16_benchmark2022/segmented_outputs/masks/n02391049_zebra_mask.png,n02391049_zebra_mask.png,0.8609773350777539,0.09213568239795919,4623,2,94.53964155663165,0.9017259443278258,0.7119982911474353,0.7567294325091064,-2.02283021575629,-3.712146626549109,-0.20459433293149318
../benchmarks/vggnet16_benchmark2022/segmented_outputs/masks/n01667778_terrapin_mask.png,n01667778_terrapin_mask.png,0.7475729632501653,0.08412388392857142,4221,2,84.47819204925801,0.9121848315496278,0.7674598364204339,0.7341990310457163,-2.7672079873075655,-5.072356866188007,-0.20499708127554156
../benchmarks/vggnet16_benchmark2022/segmented_outputs/background/n01930112_nematode.JPEG,n01930112_nematode.JPEG,1.1556427036372114,0.018016581632653062,904,101,4.559946144478962,0.968575735850036,0.9548579568299403,0.4877555591316153,-6.676960800829253,-12.730781213832175,-0.20525833206855373
../benchmarks/vggnet16_benchmark2022/segmented_outputs/masks/n03838899_oboe_mask.png,n03838899_oboe_mask.png,0.7154559905601809,0.07752710459183673,3890,2,68.83190581962441,0.9284491623496627,0.7872195916635045,0.7717309811843094,-3.5269402970443133,-6.245250287762977,-0.20546614584591588
../benchmarks/vggnet16_benchmark2022/segmented_outputs/masks/n04347754_submarine_mask.png,n04347754_submarine_mask.png,0.26292447633965027,0.03609295280612245,1811,2,27.364182202985,0.9715549041549012,0.9454226142205684,0.6322876881841284,-6.445316902171719,-11.770386049434482,-0.20665373878701282
../benchmarks/vggnet16_benchmark2022/segmented_outputs/masks/n02840245_binder_mask.png,n02840245_binder_mask.png,0.8495386323144571,0.08404416454081633,4217,2,75.57680602310064,0.9214378315768185,0.7285336057213666,0.8017686216633386,-2.9061030373734376,-5.07018083324453,-0.20696634737190295
../benchmarks/vggnet16_benchmark2022/segmented_outputs/masks/n02687172_aircraft_carrier_mask.png,n02687172_aircraft_carrier_mask.png,0.15558567605678864,0.023297991071428572,1169,2,17.451688696139204,0.9818589514593148,0.9690192008891374,0.5789700475971883,-7.1313596314624235,-13.14525713723571,-0.207270848794588
../benchmarks/vggnet16_benchmark2022/segmented_outputs/masks/n01632458_spotted_salamander_mask.png,n01632458_spotted_salamander_mask.png,0.8262419069403014,0.08946508290816327,4489,2,89.73676066391936,0.9067185440083999,0.7304866505621124,0.7553037875131825,-2.322850708660578,-4.229873701936262,-0.20731449459186385
../benchmarks/vggnet16_benchmark2022/segmented_outputs/masks/n02692877_airship_mask.png,n02692877_airship_mask.png,0.5408727870128468,0.06851881377551021,3438,2,73.07835049861619,0.9240349786916671,0.8456399448650659,0.6456075536493462,-3.7970548784828995,-7.160059943119996,-0.2075057691322742
../benchmarks/vggnet16_benchmark2022/segmented_outputs/background/n04346328_stupa.JPEG,n04346328_stupa.JPEG,5.052794263781639,0.2010921556122449,10090,270,42.692105149542115,0.6220317244143634,0.41301334498743975,0.5994534823201532,3.6273764680024474,6.566830088199823,-0.20822745483176175
../benchmarks/vggnet16_benchmark2022/segmented_outputs/background/n04125021_safe.JPEG,n04125021_safe.JPEG,1.5011262495362216,0.0272640306122449,1368,96,3.3218012378984394,0.9472567396207489,0.9208839670589382,0.48528030680701295,-6.200784015152556,-11.818217868732747,-0.20844752229247007
../benchmarks/vggnet16_benchmark2022/segmented_outputs/masks/n02669723_academic_gown_mask.png,n02669723_academic_gown_mask.png,0.9734643695060912,0.08920599489795919,4476,2,82.31196642622108,0.9144366253365686,0.6642590857523303,0.8217268899413288,-2.2883740104862955,-3.936846580192569,-0.20891007590097588
../benchmarks/vggnet16_benchmark2022/segmented_outputs/masks/n03445924_golfcart_mask.png,n03445924_golfcart_mask.png,0.9761943025303826,0.08460220025510204,4245,2,72.57916394399876,0.924553883634097,0.6675107512581624,0.8441664888057492,-2.7251042587698824,-4.609795555177796,-0.2090708463646272
../benchmarks/vggnet16_benchmark2022/segmented_outputs/background/n13044778_earthstar.JPEG,n13044778_earthstar.JPEG,4.375805226456657,0.17986686862244897,9025,148,100.7993338873165,0.6836851698296861,0.5764411393683024,0.5518452489321067,3.2960848061274324,5.4092995495757075,-0.20922182858612565
../benchmarks/vggnet16_benchmark2022/segmented_outputs/masks/n01694178_African_chameleon_mask.png,n01694178_African_chameleon_mask.png,0.24064130190403094,0.03144929846938776,1578,2,29.651128188745353,0.9691776214254206,0.947352153586465,0.5740743201354471,-6.446995992318861,-11.982292293721471,-0.20958532370074281
../benchmarks/vggnet16_benchmark2022/segmented_outputs/object/n02099267_flat-coated_retriever.JPEG,n02099267_flat-coated_retriever.JPEG,6.945715636215004,0.299007493622449,15003,497,55.41994792771435,0.44338434675157345,0.21634981721793323,0.6362518568872036,8.989953380319,16.421501947377173,-0.20962985776726062
../benchmarks/vggnet16_benchmark2022/segmented_outputs/masks/n04376876_syringe_mask.png,n04376876_syringe_mask.png,0.9287890228897395,0.08416374362244898,4223,2,72.22736540184059,0.9249195785843654,0.6923019427764354,0.8334406601091757,-2.857733868448319,-4.873585339991117,-0.20966756024523842
../benchmarks/vggnet16_benchmark2022/segmented_outputs/masks/n02108915_French_bulldog_mask.png,n02108915_French_bulldog_mask.png,0.9546686917898091,0.08695392219387756,4363,2,77.58621268019327,0.9193490512679904,0.6761013671193912,0.8277373685438056,-2.547725938333493,-4.360336777674854,-0.20995097546240069
../benchmarks/vggnet16_benchmark2022/segmented_outputs/background/n01682714_American_chameleon.JPEG,n01682714_American_chameleon.JPEG,2.0366232317985213,0.05038265306122449,2528,165,19.626731226019714,0.9053322743218696,0.865157795090332,0.4679969698378445,-4.403258864679591,-8.75626240264534,-0.21009959277001097
../benchmarks/vggnet16_benchmark2022/segmented_outputs/masks/n03590841_jack-o'-lantern_mask.png,n03590841_jack-o'-lantern_mask.png,0.9448718456452299,0.08422353316326531,4226,2,71.7066798407063,0.9254608317664175,0.6850574006306488,0.8383804681238297,-2.8419770892553973,-4.8281327556275935,-0.2107989263764976
../benchmarks/vggnet16_benchmark2022/segmented_outputs/masks/n02231487_walking_stick_mask.png,n02231487_walking_stick_mask.png,0.5092018499191477,0.06483179209183673,3253,2,58.86203543285851,0.9388128529803966,0.8610483770059358,0.6954909906709562,-4.4440261675035915,-8.088253852263481,-0.21152142493704448
../benchmarks/vggnet16_benchmark2022/segmented_outputs/masks/n03706229_magnetic_compass_mask.png,n03706229_magnetic_compass_mask.png,0.9351561712117603,0.08753188775510204,4392,2,78.78620882796162,0.918101654024988,0.6864536791536566,0.8192266579974745,-2.5422881004319273,-4.37826501178479,-0.2116352355543319
../benchmarks/vggnet16_benchmark2022/segmented_outputs/background/n02071294_killer_whale.JPEG,n02071294_killer_whale.JPEG,1.9636701482051164,0.056919642857142856,2856,133,16.006908128996102,0.8982223091800676,0.8575422481139965,0.5072415335311287,-4.498901582824912,-8.684616472761256,-0.21164826593836258
../benchmarks/vggnet16_benchmark2022/segmented_outputs/masks/n02113712_miniature_poodle_mask.png,n02113712_miniature_poodle_mask.png,0.9999800307236332,0.0862563775510204,4328,2,74.9900239284555,0.9220477921741628,0.6542942681773558,0.8439315445478943,-2.5522923784574427,-4.310606084941502,-0.21165814065974536
../benchmarks/vggnet16_benchmark2022/segmented_outputs/masks/n02119022_red_fox_mask.png,n02119022_red_fox_mask.png,0.6348737695846736,0.07246492346938775,3636,2,60.130407110644015,0.9374943793028648,0.8216354284098313,0.7648875225594575,-4.084132173390368,-7.219454890790704,-0.21197962766383466
../benchmarks/vggnet16_benchmark2022/segmented_outputs/masks/n01798484_prairie_chicken_mask.png,n01798484_prairie_chicken_mask.png,0.5433965691583067,0.06548947704081633,3286,2,48.87812679484914,0.9491911363878907,0.857464806811868,0.7649944958082142,-4.772958120875133,-8.40249032532585,-0.2127257483277424
../benchmarks/vggnet16_benchmark2022/segmented_outputs/masks/n03888257_parachute_mask.png,n03888257_parachute_mask.png,0.5223241856433205,0.06620695153061225,3322,2,65.4739335828731,0.9319397779803814,0.8565675103206113,0.6636810512752016,-4.1591171242486356,-7.710710552169704,-0.213524145459352
../benchmarks/vggnet16_benchmark2022/segmented_outputs/masks/n02027492_red-backed_sandpiper_mask.png,n02027492_red-backed_sandpiper_mask.png,0.12761745373992006,0.01767777423469388,887,2,15.174698382941868,0.9842258852568172,0.9748937937117592,0.5363243400973006,-7.332083605033315,-13.639550416413163,-0.21352940123204397
../benchmarks/vggnet16_benchmark2022/segmented_outputs/masks/n02690373_airliner_mask.png,n02690373_airliner_mask.png,0.9089103274103589,0.08129384566326531,4079,2,65.11227831767621,0.9323157190044946,0.7071915843397509,0.8448448725127494,-3.2259244764866404,-5.4615421561456525,-0.2136803005355106
../benchmarks/vggnet16_benchmark2022/segmented_outputs/background/n03670208_limousine.JPEG,n03670208_limousine.JPEG,2.0934565395465388,0.076171875,3822,129,26.55895243362849,0.8763080514456072,0.8258871734927404,0.5635365437218618,-3.6013544815070584,-6.873791349010192,-0.21372222680418865
../benchmarks/vggnet16_benchmark2022/segmented_outputs/masks/n07932039_eggnog_mask.png,n07932039_eggnog_mask.png,0.9688327359289586,0.08697385204081633,4364,2,76.12471100993875,0.9208682837734525,0.6700702105781899,0.8343098288011471,-2.572404233232143,-4.374959170704221,-0.21400582641220728
../benchmarks/vggnet16_benchmark2022/segmented_outputs/masks/n04442312_toaster_mask.png,n04442312_toaster_mask.png,0.8417070433716112,0.08557876275510204,4294,2,77.00996475093649,0.9199480615894631,0.7329334954926119,0.7940097112463569,-2.850519846275143,-4.99168871345712,-0.21493662239075306
../benchmarks/vggnet16_benchmark2022/segmented_outputs/masks/n02894605_breakwater_mask.png,n02894605_breakwater_mask.png,0.6573891914099314,0.07427853954081633,3727,2,61.64527818079534,0.9359196692507326,0.8133017277072794,0.7695534763057099,-3.960947679512675,-6.987139056977556,-0.21500699295644463
../benchmarks/vggnet16_benchmark2022/segmented_outputs/masks/n03866082_overskirt_mask.png,n03866082_overskirt_mask.png,0.5377736545431246,0.06833944515306123,3429,2,67.56635145873234,0.9297647074233552,0.8499917268372021,0.6683902585560708,-4.019455693749391,-7.4509161990243635,-0.21520041552630773
../benchmarks/vggnet16_benchmark2022/segmented_outputs/masks/n01819313_sulphur-crested_cockatoo_mask.png,n01819313_sulphur-crested_cockatoo_mask.png,0.7649162599767529,0.08974410076530612,4503,2,92.43664511682476,0.903912011313072,0.752546117997971,0.7226489220866237,-2.3278524205384077,-4.343544246687118,-0.21528971201983582
../benchmarks/vggnet16_benchmark2022/segmented_outputs/background/n03498962_hatchet.JPEG,n03498962_hatchet.JPEG,1.836121547747424,0.05104033801020408,2561,45,4.451059410400446,0.8994762684131433,0.8566007446548789,0.5022766501362859,-5.345518802546387,-10.00858888984452,-0.21544187021901276
../benchmarks/vggnet16_benchmark2022/segmented_outputs/masks/n04548362_wallet_mask.png,n04548362_wallet_mask.png,0.8961062313458219,0.08571827168367346,4301,2,74.7170601773501,0.9223315382771828,0.7083826022951845,0.8176884058825336,-2.817454753030802,-4.851447228565071,-0.21550997482364287
../benchmarks/vggnet16_benchmark2022/segmented_outputs/masks/n01580077_jay_mask.png,n01580077_jay_mask.png,0.9224954396752627,0.09610172193877552,4822,2,96.29147730710507,0.8999049092441735,0.6802096509484623,0.7759289306816048,-1.7539116197923452,-3.167796358595611,-0.21572177749721572
../benchmarks/vggnet16_benchmark2022/segmented_outputs/masks/n02058221_albatross_mask.png,n02058221_albatross_mask.png,0.6110658574564707,0.07399952168367346,3713,2,68.63281762793821,0.928656114731873,0.825370410532819,0.7171329909609971,-3.7732453011210865,-6.850723811415539,-0.21575363429201233
../benchmarks/vggnet16_benchmark2022/segmented_outputs/masks/n07711569_mashed_potato_mask.png,n07711569_mashed_potato_mask.png,0.7310328636898816,0.07836415816326531,3932,2,65.49428667909105,0.9319186209157058,0.7846306796688072,0.7875536330638815,-3.6207461158565044,-6.336674933045316,-0.2163414042656298
../benchmarks/vggnet16_benchmark2022/segmented_outputs/masks/n03141823_crutch_mask.png,n03141823_crutch_mask.png,0.9690619150951777,0.08806999362244898,4419,2,77.61074312707105,0.9193235518429614,0.6682753922260971,0.8314737415464745,-2.4946141984131196,-4.247749905136947,-0.21650843296068295
../benchmarks/vggnet16_benchmark2022/segmented_outputs/masks/n04275548_spider_web_mask.png,n04275548_spider_web_mask.png,0.3980873871885733,0.053591358418367346,2689,2,50.14039707106217,0.947879005123636,0.8982969245953301,0.6367175536450786,-5.116970292983803,-9.452936796490519,-0.21717853050420846
../benchmarks/vggnet16_benchmark2022/segmented_outputs/masks/n04311174_steel_drum_mask.png,n04311174_steel_drum_mask.png,0.9646754523907743,0.08828922193877552,4430,2,77.94572705074818,0.918975335706083,0.6708408257270058,0.8294163508396024,-2.4905799772429993,-4.247024843654319,-0.21720494883756147
../benchmarks/vggnet16_benchmark2022/segmented_outputs/background/n03710193_mailbox.JPEG,n03710193_mailbox.JPEG,2.571880562175936,0.07431839923469388,3729,293,18.475826821927456,0.8720191071392156,0.8123887647438897,0.5052782221173898,-2.945246196538423,-6.09181239789295,-0.21720872563679477
../benchmarks/vggnet16_benchmark2022/segmented_outputs/masks/n03956157_planetarium_mask.png,n03956157_planetarium_mask.png,0.8866369810776917,0.09115911989795919,4574,2,86.45312623679513,0.9101318854087368,0.7036179049222312,0.7873643243332566,-2.291620447227573,-4.050461920623151,-0.21738594070024955
../benchmarks/vggnet16_benchmark2022/segmented_outputs/masks/n04540053_volleyball_mask.png,n04540053_volleyball_mask.png,0.9997811244255468,0.08785076530612244,4408,2,76.41378672617742,0.9205677892659279,0.653475716849154,0.8409155607683111,-2.473232172511823,-4.177265861895301,-0.21771614786394725
../benchmarks/vggnet16_benchmark2022/segmented_outputs/masks/n04355933_sunglass_mask.png,n04355933_sunglass_mask.png,0.5066503344840896,0.06345663265306123,3184,2,57.665705712285636,0.940056438968518,0.8690602022959097,0.6809750852686115,-4.540102564683742,-8.299158583156203,-0.2178505007666567
../benchmarks/vggnet16_benchmark2022/segmented_outputs/background/n04350905_suit.JPEG,n04350905_suit.JPEG,1.5383410547413146,0.0489875637755102,2458,55,15.712391542327532,0.919452767377814,0.8850610260857051,0.5342060380856591,-5.343824288266881,-10.031052654723894,-0.21800932544805438
../benchmarks/vggnet16_benchmark2022/segmented_outputs/masks/n02110627_affenpinscher_mask.png,n02110627_affenpinscher_mask.png,0.9762995248021673,0.08657525510204081,4344,2,73.92858630898397,0.923151157682969,0.6685558651364273,0.8404069926931554,-2.6501264165097616,-4.482302932953775,-0.21815631389831902
../benchmarks/vggnet16_benchmark2022/segmented_outputs/background/n02814860_beacon.JPEG,n02814860_beacon.JPEG,2.110396766286677,0.05580357142857143,2800,117,8.154682215839829,0.9178310456159608,0.8809709649898592,0.5868968955632607,-4.973019297146646,-9.248318227193288,-0.21821496519470154
../benchmarks/vggnet16_benchmark2022/segmented_outputs/masks/n04243546_slot_mask.png,n04243546_slot_mask.png,0.7668887703013011,0.0829280931122449,4161,2,74.33264438420937,0.9227311388937534,0.7664970590278657,0.7731428183446709,-3.145542671173831,-5.56824025146048,-0.21822525742506407
../benchmarks/vggnet16_benchmark2022/segmented_outputs/masks/n03347037_fire_screen_mask.png,n03347037_fire_screen_mask.png,0.9420633965146703,0.08882732780612244,4457,2,78.99311019455742,0.9178865798393374,0.682861731670657,0.8206258630413826,-2.4989104492851193,-4.289162486065559,-0.2191684617353056
../benchmarks/vggnet16_benchmark2022/segmented_outputs/masks/n01622779_great_grey_owl_mask.png,n01622779_great_grey_owl_mask.png,0.6888618268125748,0.07842394770408163,3935,2,68.5396779999819,0.9287529334719523,0.7977985458642672,0.7600841272066416,-3.5749568831008363,-6.3513329552961,-0.2193790763476122
../benchmarks/vggnet16_benchmark2022/segmented_outputs/masks/n01855672_goose_mask.png,n01855672_goose_mask.png,0.2846334012461533,0.039162149234693876,1965,2,36.43108178340764,0.9621298526160005,0.9335641666123746,0.5879909162303112,-6.01358607338679,-11.172028316145472,-0.21945761783330514
../benchmarks/vggnet16_benchmark2022/segmented_outputs/background/n02051845_pelican.JPEG,n02051845_pelican.JPEG,5.42016285598301,0.22580516581632654,11330,610,83.46683814401464,0.6136039330994084,0.45789187349937366,0.5799891556195936,6.627748605954601,11.151578755136162,-0.2197149190307663
../benchmarks/vggnet16_benchmark2022/segmented_outputs/masks/n02086910_papillon_mask.png,n02086910_papillon_mask.png,0.8134190551021857,0.08882732780612244,4457,2,84.34744893037161,0.9123207391576178,0.7379738013620989,0.7661695976216226,-2.5633615819469315,-4.588886067359625,-0.21994279890866247
../benchmarks/vggnet16_benchmark2022/segmented_outputs/masks/n02134084_ice_bear_mask.png,n02134084_ice_bear_mask.png,0.9828470259813542,0.08282844387755102,4156,2,65.48355961799278,0.9319297717068682,0.6694865084056696,0.8604576365084279,-3.0165143066821543,-5.040528340302457,-0.2200243679155241
../benchmarks/vggnet16_benchmark2022/segmented_outputs/background/n02992211_cello.JPEG,n02992211_cello.JPEG,3.9049900762667744,0.12159199617346939,6101,458,50.505375742258245,0.7902174182273833,0.7017730145711222,0.4841032331616226,0.8418754856029632,0.3625992238786634,-0.2201010155321766
../benchmarks/vggnet16_benchmark2022/segmented_outputs/masks/n03770439_miniskirt_mask.png,n03770439_miniskirt_mask.png,0.9999435161777035,0.08246970663265306,4138,2,64.66371024959665,0.9327820059775502,0.6612736078639176,0.8654175063451092,-3.0138762888278503,-5.019140142963035,-0.22012080502908934
../benchmarks/vggnet16_benchmark2022/segmented_outputs/masks/n03942813_ping-pong_ball_mask.png,n03942813_ping-pong_ball_mask.png,0.7286055995082876,0.07659040178571429,3843,2,58.6087358230847,0.9390761581880617,0.7882901109349068,0.8101818507652998,-3.914395908581251,-6.755752129369846,-0.22066264652751508
../benchmarks/vggnet16_benchmark2022/segmented_outputs/masks/n03868863_oxygen_mask_mask.png,n03868863_oxygen_mask_mask.png,0.39872318126453726,0.05331234056122449,2675,2,46.18271153783776,0.951993023349441,0.9029468417040454,0.6536061503777477,-5.283655633643658,-9.674302778293384,-0.22086931764363002
../benchmarks/vggnet16_benchmark2022/segmented_outputs/masks/n02966687_carpenter's_kit_mask.png,n02966687_carpenter's_kit_mask.png,0.8752200051714958,0.08657525510204081,4344,2,75.4236785981977,0.9215970076941811,0.7157192342850234,0.8110794300592907,-2.814875751687037,-4.862797810447135,-0.22088958429151398
../benchmarks/vggnet16_benchmark2022/segmented_outputs/background/n02123159_tiger_cat.JPEG,n02123159_tiger_cat.JPEG,1.195239738038005,0.04107541454081633,2061,47,6.300618174963336,0.9318222348357057,0.9041709067428747,0.5289251085489967,-6.0601621946057005,-11.269354677189494,-0.2214748077734173
../benchmarks/vggnet16_benchmark2022/segmented_outputs/masks/n02514041_barracouta_mask.png,n02514041_barracouta_mask.png,0.979149670440574,0.09287308673469388,4660,2,85.79315268000673,0.9108179286070616,0.6589715435876408,0.8157265693595639,-2.0835682469279386,-3.588665207757412,-0.22197141075238924
../benchmarks/vggnet16_benchmark2022/segmented_outputs/masks/n02007558_flamingo_mask.png,n02007558_flamingo_mask.png,0.902369375502099,0.08751195790816327,4391,2,76.17087749652345,0.9208202936626575,0.702715782366653,0.8170473349423679,-2.7132523579555707,-4.665796488983424,-0.22218240800565403
../benchmarks/vggnet16_benchmark2022/segmented_outputs/background/n01491361_tiger_shark.JPEG,n01491361_tiger_shark.JPEG,1.296104298779992,0.03278459821428571,1645,69,10.512270403946456,0.9413325781166428,0.9133145404581531,0.48309663697711774,-6.023643314158042,-11.469348077221657,-0.22258986109355106
../benchmarks/vggnet16_benchmark2022/segmented_outputs/background/n02655020_puffer.JPEG,n02655020_puffer.JPEG,2.7232951061005854,0.10020727040816327,5028,125,44.447584115617474,0.8336201326214925,0.7690769980183043,0.5577997113746722,-1.9936648910952857,-4.018914898857082,-0.22273414966123883
../benchmarks/vggnet16_benchmark2022/segmented_outputs/background/n04067472_reel.JPEG,n04067472_reel.JPEG,3.5471405716416085,0.12593670280612246,6319,172,37.5812674676436,0.7821799209486093,0.6864808503164485,0.5823860811298998,-0.6720850410772394,-1.4593573201413204,-0.22298804439865696
../benchmarks/vggnet16_benchmark2022/segmented_outputs/masks/n03954731_plane_mask.png,n03954731_plane_mask.png,0.9735533529396503,0.08872767857142858,4452,2,76.91546984967201,0.920046289137555,0.6674397390165924,0.833574153009873,-2.505308793070072,-4.250537221654207,-0.22306915744525946
../benchmarks/vggnet16_benchmark2022/segmented_outputs/masks/n13133613_ear_mask.png,n13133613_ear_mask.png,0.8722719098013656,0.09767617984693877,4901,2,99.90583529068445,0.8961477803631139,0.7032802405339149,0.7478546340965166,-1.7056612042086656,-3.1728305402434764,-0.22383450633783578
../benchmarks/vggnet16_benchmark2022/segmented_outputs/masks/n02115913_dhole_mask.png,n02115913_dhole_mask.png,0.5998561094446393,0.07336176658163265,3681,2,63.5694229910599,0.933919518720312,0.8315307994169213,0.7319681379402374,-3.9961176745220524,-7.1704777459230895,-0.22389679115622885
../benchmarks/vggnet16_benchmark2022/segmented_outputs/masks/n02437616_llama_mask.png,n02437616_llama_mask.png,0.8711789106926722,0.09313217474489796,4673,2,89.50270792674173,0.906961842071994,0.7093216413202836,0.7741924222034531,-2.1782014896082904,-3.893045302900371,-0.22395925846603454
../benchmarks/vggnet16_benchmark2022/segmented_outputs/masks/n04532106_vestment_mask.png,n04532106_vestment_mask.png,0.9086567297670862,0.08711336096938775,4371,2,74.34101438700185,0.9227224382671498,0.7024550549249153,0.8222339843409399,-2.782819046603224,-4.76410896927734,-0.2248396243092453
../benchmarks/vggnet16_benchmark2022/segmented_outputs/background/n02009912_American_egret.JPEG,n02009912_American_egret.JPEG,1.0151621252741208,0.026885363520408163,1349,113,4.063925386874209,0.9537847405093555,0.9361452483804225,0.4765892638237813,-6.400401086379183,-12.20061095822215,-0.22509921930375731
../benchmarks/vggnet16_benchmark2022/segmented_outputs/masks/n01698640_American_alligator_mask.png,n01698640_American_alligator_mask.png,0.16257525521610952,0.020786830357142856,1043,2,19.931250302000823,0.9792814445925146,0.9676202757565788,0.5200590800379896,-7.0700995484094085,-13.233759859337164,-0.22513777081715478
../benchmarks/vggnet16_benchmark2022/segmented_outputs/masks/n07697537_hotdog_mask.png,n07697537_hotdog_mask.png,0.8332391382345902,0.08569834183673469,4300,2,73.73185799301763,0.9233556569719152,0.7370289384305045,0.8012263287942585,-2.987715958567512,-5.188219258083124,-0.2256705213701234
../benchmarks/vggnet16_benchmark2022/segmented_outputs/masks/n04127249_safety_pin_mask.png,n04127249_safety_pin_mask.png,0.9813524105786413,0.08753188775510204,4392,2,73.50537793045757,0.9235910832323726,0.6656813766191457,0.8426950921461599,-2.638354130550066,-4.444415913221158,-0.22573257297019178
../benchmarks/vggnet16_benchmark2022/segmented_outputs/masks/n03584829_iron_mask.png,n03584829_iron_mask.png,0.9067427280992584,0.09369021045918367,4701,2,88.66730400400843,0.9078302453180785,0.6951124821304158,0.7869380459334301,-2.1323549125354573,-3.767543608421181,-0.22576346627169191
../benchmarks/vggnet16_benchmark2022/segmented_outputs/masks/n03776460_mobile_home_mask.png,n03776460_mobile_home_mask.png,0.6778624516413884,0.08506058673469388,4268,2,88.31025457928683,0.90820139856623,0.791694270378245,0.6828075234824778,-2.7324556025458357,-5.169085543110538,-0.22595525007405592
../benchmarks/vggnet16_benchmark2022/segmented_outputs/masks/n02092002_Scottish_deerhound_mask.png,n02092002_Scottish_deerhound_mask.png,0.5985852722995864,0.07290338010204081,3658,2,60.20854721483013,0.9374131525833367,0.8339022001387246,0.7451953989581419,-4.135629021238289,-7.3592825254834935,-0.22684722637258903
../benchmarks/vggnet16_benchmark2022/segmented_outputs/masks/n02486410_baboon_mask.png,n02486410_baboon_mask.png,0.47116509247561544,0.06409438775510204,3216,2,61.77618801287146,0.9357835883442085,0.870548105126735,0.6469242577175236,-4.399329494138562,-8.166206652979549,-0.22773415495335453
../benchmarks/vggnet16_benchmark2022/segmented_outputs/masks/n04008634_projectile_mask.png,n04008634_projectile_mask.png,0.8332685646550333,0.08456234056122448,4243,2,69.97148432049974,0.9272645693134098,0.7366253068026616,0.8132954920413702,-3.1408628583556224,-5.406212281163567,-0.22778427715313682
../benchmarks/vggnet16_benchmark2022/segmented_outputs/background/n02114548_white_wolf.JPEG,n02114548_white_wolf.JPEG,3.382256287516234,0.12143255739795919,6093,202,36.532887026136464,0.7893979505211435,0.7166278571567446,0.5530185273928507,-0.8729988256894361,-1.9595836975843641,-0.22809375443946386
../benchmarks/vggnet16_benchmark2022/segmented_outputs/masks/n02797295_barrow_mask.png,n02797295_barrow_mask.png,0.841163623545133,0.08663504464285714,4347,2,74.39735790745655,0.922663869119068,0.730801977828385,0.8038156057680859,-2.9224234074778463,-5.063407211571699,-0.22819258567524403
../benchmarks/vggnet16_benchmark2022/segmented_outputs/background/n03706229_magnetic_compass.JPEG,n03706229_magnetic_compass.JPEG,3.9766392352695354,0.0830875318877551,4169,272,8.19583414629816,0.8449252282982913,0.5904472925520377,0.5525173395825184,-1.6514807521129942,-3.5520696716257336,-0.22864063651409552
../benchmarks/vggnet16_benchmark2022/segmented_outputs/masks/n02088238_basset_mask.png,n02088238_basset_mask.png,0.9282318642565792,0.09861288265306123,4948,2,97.37350215961698,0.8987801432852215,0.6781795960580508,0.7743689606374877,-1.6667284353528202,-3.006458325753132,-0.2288918624163347
../benchmarks/vggnet16_benchmark2022/segmented_outputs/masks/n04090263_rifle_mask.png,n04090263_rifle_mask.png,0.9447907575549417,0.09030213647959184,4531,2,78.9656382216877,0.9179151369836926,0.6813365980926729,0.821506730691709,-2.470954530834939,-4.225418840279672,-0.22895687834216605
../benchmarks/vggnet16_benchmark2022/segmented_outputs/masks/n03623198_knee_pad_mask.png,n03623198_knee_pad_mask.png,0.9793657608621036,0.08522002551020408,4276,2,67.50019439939561,0.929833477755306,0.6700419611121,0.8554021470982132,-2.9103367578827073,-4.862957633955062,-0.22965674231393124
../benchmarks/vggnet16_benchmark2022/segmented_outputs/masks/n09468604_valley_mask.png,n09468604_valley_mask.png,0.7107812840513832,0.08446269132653061,4238,2,79.49415473658576,0.9173657435170626,0.7848009271786562,0.7316224634708317,-3.0252152540696944,-5.493213439335545,-0.23013439724627308
../benchmarks/vggnet16_benchmark2022/segmented_outputs/background/n02123045_tabby.JPEG,n02123045_tabby.JPEG,1.628711203293258,0.0519172512755102,2605,50,18.096234498144923,0.9101794361941047,0.8730419980954606,0.5042078965438446,-5.109953673301095,-9.68848258474961,-0.23036286540032078
../benchmarks/vggnet16_benchmark2022/segmented_outputs/background/n01855032_red-breasted_merganser.JPEG,n01855032_red-breasted_merganser.JPEG,2.5083860455707527,0.07724808673469388,3876,110,17.33062635905729,0.8701352226178487,0.8198494038753961,0.5510169071847364,-3.7199953571196143,-7.030148615985126,-0.23041706245287008
../benchmarks/vggnet16_benchmark2022/segmented_outputs/masks/n03447721_gong_mask.png,n03447721_gong_mask.png,0.09185581542044553,0.014787946428571428,742,2,9.785177043504365,0.9898282982915754,0.9841770464237662,0.521926393799786,-7.621977360781951,-14.169882889606347,-0.23062401014463246
../benchmarks/vggnet16_benchmark2022/segmented_outputs/background/n13037406_gyromitra.JPEG,n13037406_gyromitra.JPEG,3.5522994770892122,0.12320631377551021,6182,374,55.32568071543889,0.7936554843587953,0.7112754148114648,0.5067887806906978,0.47738201730191565,-0.10111131060001455,-0.2307132407235112
../benchmarks/vggnet16_benchmark2022/segmented_outputs/masks/n03814639_neck_brace_mask.png,n03814639_neck_brace_mask.png,0.9397268844831401,0.10036670918367346,5036,2,100.13171786716241,0.8959129751900599,0.6714338124027441,0.7714298916019265,-1.5092157468892227,-2.743468831843147,-0.23074588688957234
../benchmarks/vggnet16_benchmark2022/segmented_outputs/masks/n03995372_power_drill_mask.png,n03995372_power_drill_mask.png,0.8317049005094223,0.08575813137755102,4303,2,71.81985473143055,0.9253431863498642,0.7375706629861558,0.8068355229526899,-3.0595026896750492,-5.284629523792535,-0.23125331099708893
../benchmarks/vggnet16_benchmark2022/segmented_outputs/masks/n04507155_umbrella_mask.png,n04507155_umbrella_mask.png,0.9273169200879764,0.09554368622448979,4794,2,89.94246671831824,0.9065047123510206,0.683329067792618,0.791207354080731,-2.004872779570748,-3.525934605993076,-0.2315253100933157
../benchmarks/vggnet16_benchmark2022/segmented_outputs/masks/n04086273_revolver_mask.png,n04086273_revolver_mask.png,0.8060885525047135,0.08856823979591837,4444,2,79.87069542028397,0.9169743290849439,0.7436028100966534,0.7758810266548992,-2.7555614406103013,-4.869855009384473,-0.23187864036416017
../benchmarks/vggnet16_benchmark2022/segmented_outputs/masks/n07831146_carbonara_mask.png,n07831146_carbonara_mask.png,0.6244860324136896,0.07493622448979592,3760,2,60.70427830827278,0.93689783959639,0.8261867309533256,0.7552801721125633,-4.0475573129004,-7.165129226225948,-0.2320975184779068
../benchmarks/vggnet16_benchmark2022/segmented_outputs/background/n02442845_mink.JPEG,n02442845_mink.JPEG,2.643934098308866,0.09805484693877552,4920,221,36.09293810789019,0.8366345128511639,0.779124539817112,0.5285140964573443,-1.975692915033253,-4.154984950276512,-0.2322802360370606
../benchmarks/vggnet16_benchmark2022/segmented_outputs/background/n04074963_remote_control.JPEG,n04074963_remote_control.JPEG,0.7511229412137819,0.021922831632653062,1100,16,8.054671434906766,0.9612518744347373,0.9414075602469183,0.47225013018888473,-6.9159913909422635,-13.035721844608958,-0.2324539769820882
../benchmarks/vggnet16_benchmark2022/segmented_outputs/masks/n02100877_Irish_setter_mask.png,n02100877_Irish_setter_mask.png,0.9264901324499458,0.09536431760204081,4785,2,89.23080799231909,0.9072444823364666,0.6837451758464854,0.7928506576552552,-2.03552965995675,-3.5715802658340325,-0.23254231733615807
../benchmarks/vggnet16_benchmark2022/segmented_outputs/masks/n04133789_sandal_mask.png,n04133789_sandal_mask.png,0.7621379098596149,0.08278858418367346,4154,2,68.14804510930662,0.9291600362689121,0.7693715509200444,0.7927486142768552,-3.3869477506911743,-5.895264920266838,-0.23257199600979472
../benchmarks/vggnet16_benchmark2022/segmented_outputs/masks/n02095314_wire-haired_fox_terrier_mask.png,n02095314_wire-haired_fox_terrier_mask.png,0.9497167456810955,0.09498565051020408,4766,2,87.49666681645496,0.909047123891419,0.6728327076518505,0.8040203457039025,-2.0539753551029944,-3.5639419134363957,-0.23298097808124013
../benchmarks/vggnet16_benchmark2022/segmented_outputs/masks/n02167151_ground_beetle_mask.png,n02167151_ground_beetle_mask.png,0.9604560785154623,0.09542410714285714,4788,2,87.84891240450041,0.908680964236486,0.6675411382205867,0.8060565198689049,-2.0101177384943214,-3.480298189760143,-0.23395800681926035
../benchmarks/vggnet16_benchmark2022/segmented_outputs/background/n03424325_gasmask.JPEG,n03424325_gasmask.JPEG,4.698233983940959,0.14435188137755103,7243,208,17.168184012958747,0.7318326451167197,0.548582524403409,0.5848542517483453,0.41756361421395544,0.684330837247145,-0.23422558904643934
../benchmarks/vggnet16_benchmark2022/segmented_outputs/object/n01665541_leatherback_turtle.JPEG,n01665541_leatherback_turtle.JPEG,7.069041308996774,0.31150350765306123,15630,189,43.429563888372435,0.38762535670547604,0.1623076095364203,0.5867835944957244,8.167014772997412,15.500975236188937,-0.2343446286523193
../benchmarks/vggnet16_benchmark2022/segmented_outputs/background/n02115641_dingo.JPEG,n02115641_dingo.JPEG,6.536218283471169,0.28256536989795916,14178,281,40.82968786619612,0.47514891315873814,0.2783662490398421,0.6646753099314427,6.834742136485488,13.008903877987994,-0.23463050355148302
../benchmarks/vggnet16_benchmark2022/segmented_outputs/background/n04398044_teapot.JPEG,n04398044_teapot.JPEG,2.0744636864703745,0.09034199617346939,4533,23,62.53552272455819,0.855105628504282,0.7730491281795113,0.5407882938382603,-2.4077972321325474,-4.831744097420738,-0.23475830347404492
../benchmarks/vggnet16_benchmark2022/segmented_outputs/masks/n03983396_pop_bottle_mask.png,n03983396_pop_bottle_mask.png,0.4701569575493604,0.0633968431122449,3181,2,45.783794757484614,0.9524076977572926,0.8819820089662557,0.7304525621585027,-5.03962087757265,-8.956617788991963,-0.2352817073592898
../benchmarks/vggnet16_benchmark2022/segmented_outputs/masks/n02236044_mantis_mask.png,n02236044_mantis_mask.png,0.9310677274039911,0.09273357780612244,4653,2,82.20790654999996,0.9145447956860707,0.6841179899609582,0.8115018554364894,-2.331753343335856,-4.011598128193424,-0.2358862072370891
../benchmarks/vggnet16_benchmark2022/segmented_outputs/masks/n02120505_grey_fox_mask.png,n02120505_grey_fox_mask.png,0.23687099904414868,0.03461814413265306,1737,2,31.499741868806183,0.9672559855833616,0.9457305000052587,0.5563226241672689,-6.327105012192527,-11.806520524038355,-0.2360500827885848
../benchmarks/vggnet16_benchmark2022/segmented_outputs/masks/n07717410_acorn_squash_mask.png,n07717410_acorn_squash_mask.png,0.27080157052992276,0.038982780612244895,1956,2,35.77610092718865,0.9628107058968933,0.9370064300589365,0.5679838040641298,-6.05874865068371,-11.30100785580089,-0.236634098384691
../benchmarks/vggnet16_benchmark2022/segmented_outputs/masks/n02096585_Boston_bull_mask.png,n02096585_Boston_bull_mask.png,0.9806193603099318,0.09893176020408163,4964,2,93.59802977092406,0.9027047507578752,0.652779263128874,0.7996121720009144,-1.6827851631801862,-2.9355630158711565,-0.23725416367030056
../benchmarks/vggnet16_benchmark2022/segmented_outputs/masks/n01592084_chickadee_mask.png,n01592084_chickadee_mask.png,0.39354767458619666,0.05540497448979592,2780,2,49.01780451658753,0.9490459412509485,0.9014838234504364,0.6324647971771198,-5.144892313649244,-9.490461666738263,-0.23768406691385174
../benchmarks/vggnet16_benchmark2022/segmented_outputs/masks/n03763968_military_uniform_mask.png,n03763968_military_uniform_mask.png,0.6863720392443837,0.08227040816326531,4128,2,72.36197765600542,0.9247796490062313,0.7970829137486652,0.7446946977094933,-3.375631162980727,-6.039157737090271,-0.23814678250395516
../benchmarks/vggnet16_benchmark2022/segmented_outputs/masks/n02066245_grey_whale_mask.png,n02066245_grey_whale_mask.png,0.5376041497302108,0.07049186862244898,3537,2,59.56716310164323,0.9380798720357139,0.8545955404125949,0.7068210245578079,-4.297884395050578,-7.7611987922488925,-0.2387992280391678
../benchmarks/vggnet16_benchmark2022/segmented_outputs/masks/n02110341_dalmatian_mask.png,n02110341_dalmatian_mask.png,0.9032657311449223,0.09394929846938775,4714,2,84.65519365787051,0.9120008381934819,0.6980308019638837,0.796294276865888,-2.287918494936129,-3.9841335752503673,-0.23982947805658666
../benchmarks/vggnet16_benchmark2022/segmented_outputs/background/n03929660_pick.JPEG,n03929660_pick.JPEG,3.5542088300603054,0.15623007015306123,7839,91,93.21399291522098,0.7349719521006608,0.6367604058451182,0.5428129522089749,1.6168163541612306,2.409769941195578,-0.23988428433620543
../benchmarks/vggnet16_benchmark2022/segmented_outputs/masks/n02093256_Staffordshire_bullterrier_mask.png,n02093256_Staffordshire_bullterrier_mask.png,0.4949449943070284,0.06654575892857142,3339,2,53.20509443024419,0.9446932490330102,0.8709010215498602,0.7073505722460045,-4.6687591842789145,-8.396089875223723,-0.23992659850199013
../benchmarks/vggnet16_benchmark2022/segmented_outputs/background/n04209239_shower_curtain.JPEG,n04209239_shower_curtain.JPEG,2.1984310224868455,0.06034757653061224,3028,160,12.34515274348464,0.9039117263592309,0.8631807661744766,0.5244882208302865,-4.415501234547451,-8.491591845404146,-0.24021931150005704
../benchmarks/vggnet16_benchmark2022/segmented_outputs/background/n01968897_chambered_nautilus.JPEG,n01968897_chambered_nautilus.JPEG,2.4396013197185082,0.10558832908163265,5298,46,68.72019916065649,0.8295070887931406,0.7599711574471844,0.5392667965885256,-1.5503326528790637,-3.2995285669266603,-0.24024992654715585
../benchmarks/vggnet16_benchmark2022/segmented_outputs/masks/n01641577_bullfrog_mask.png,n01641577_bullfrog_mask.png,0.5290101627299096,0.07081074617346939,3553,2,63.93065549842163,0.9335440171534078,0.8548016547226301,0.6789101252728363,-4.1374038121111845,-7.58314214464731,-0.2407736840844533
../benchmarks/vggnet16_benchmark2022/segmented_outputs/background/n02526121_eel.JPEG,n02526121_eel.JPEG,1.4031317350709172,0.036053093112244895,1809,77,9.705977805402279,0.9343766522676138,0.9092242220960545,0.4584789535133777,-5.86653797091439,-11.241616715336482,-0.2411144700044259
../benchmarks/vggnet16_benchmark2022/segmented_outputs/object/n07718472_cucumber.JPEG,n07718472_cucumber.JPEG,5.522500775601717,0.2322624362244898,11654,497,55.87011173648776,0.5912045717624328,0.4491329728074955,0.5939301872891907,5.646152982937289,9.895387541507002,-0.24116794644225703
../benchmarks/vggnet16_benchmark2022/segmented_outputs/masks/n02871525_bookshop_mask.png,n02871525_bookshop_mask.png,0.6031468666384531,0.07969945790816327,3999,2,78.28017211970104,0.9186276797092505,0.8227499900159647,0.6718843791854225,-3.327647193884089,-6.213235891401752,-0.24146295776920806
../benchmarks/vggnet16_benchmark2022/segmented_outputs/masks/n01491361_tiger_shark_mask.png,n01491361_tiger_shark_mask.png,0.18171160317103588,0.027483258928571428,1379,2,23.337531425838016,0.9757406118234533,0.961196593771993,0.5363423066355459,-6.813193597248489,-12.710088505026901,-0.24152256093044056
../benchmarks/vggnet16_benchmark2022/segmented_outputs/masks/n02640242_sturgeon_mask.png,n02640242_sturgeon_mask.png,0.5076009739600457,0.06907684948979592,3466,2,66.85053903863616,0.930508795178133,0.8607543181489383,0.6418605483923676,-4.087444707575992,-7.629706756273238,-0.24205212311425617
../benchmarks/vggnet16_benchmark2022/segmented_outputs/masks/n02403003_ox_mask.png,n02403003_ox_mask.png,0.3439504861075248,0.051259566326530615,2572,2,40.67470025607891,0.9577186068024128,0.9175824379727089,0.6397052572695814,-5.5931598617600375,-10.229817752556945,-0.24230302187008257
../benchmarks/vggnet16_benchmark2022/segmented_outputs/masks/n03062245_cocktail_shaker_mask.png,n03062245_cocktail_shaker_mask.png,0.651331911092564,0.08392458545918367,4211,2,82.06905243610888,0.9146891346817996,0.8053330429920486,0.6874814309235637,-3.0404495152791498,-5.661045892881622,-0.2428500517045309
../benchmarks/vggnet16_benchmark2022/segmented_outputs/background/n07920052_espresso.JPEG,n07920052_espresso.JPEG,4.171854045429442,0.16384327168367346,8221,155,56.41521159352493,0.7205864066872524,0.6024899291956174,0.6069322894789079,1.338932361704765,2.318974697262137,-0.24372128806608515
../benchmarks/vggnet16_benchmark2022/segmented_outputs/masks/n04548280_wall_clock_mask.png,n04548280_wall_clock_mask.png,0.28810464507770117,0.0441047512755102,2213,2,34.37823531361327,0.9642637886552877,0.9344477451366435,0.6120655901930812,-6.016849503041642,-11.058451310199684,-0.24380871644993227
../benchmarks/vggnet16_benchmark2022/segmented_outputs/background/n04179913_sewing_machine.JPEG,n04179913_sewing_machine.JPEG,1.7865118680580199,0.04372608418367347,2194,151,4.246357261313285,0.9304901974370008,0.9008680756825281,0.4986857407708152,-5.412764606054517,-10.360405050834036,-0.24399589253846984
../benchmarks/vggnet16_benchmark2022/segmented_outputs/masks/n01924916_flatworm_mask.png,n01924916_flatworm_mask.png,0.6398513234545198,0.08280851403061225,4155,2,79.85605506822847,0.9169895477461243,0.8104092208280829,0.6887612935596577,-3.1620468607148253,-5.863969543942902,-0.24426648897810233
../benchmarks/vggnet16_benchmark2022/segmented_outputs/masks/n03134739_croquet_ball_mask.png,n03134739_croquet_ball_mask.png,0.9930306188671676,0.10546875,5292,2,104.50178761418258,0.8913702831453403,0.6387227343643771,0.7803944253387738,-1.1270278570823844,-2.037060978686543,-0.24448133235582598
../benchmarks/vggnet16_benchmark2022/segmented_outputs/masks/n03452741_grand_piano_mask.png,n03452741_grand_piano_mask.png,0.8171318311250605,0.09141820790816327,4587,2,81.23555293954212,0.9155555582749043,0.7380726789119012,0.7763028281363177,-2.6375017204274154,-4.648085953083531,-0.24525306075832373
../benchmarks/vggnet16_benchmark2022/segmented_outputs/background/n01616318_vulture.JPEG,n01616318_vulture.JPEG,2.9327708548467273,0.10813934948979592,5426,112,26.314313713653284,0.8178066760607101,0.7437449550261898,0.5741799866612649,-2.198448759062148,-4.115473837836327,-0.24544527141891562
../benchmarks/vggnet16_benchmark2022/segmented_outputs/masks/n04461696_tow_truck_mask.png,n04461696_tow_truck_mask.png,0.9960952130769971,0.09424824617346939,4729,2,81.0691476737314,0.915728536721693,0.6526207214026728,0.8302212002836906,-2.205146517455752,-3.717161398620111,-0.2456650589152474
../benchmarks/vggnet16_benchmark2022/segmented_outputs/background/n01773157_black_and_gold_garden_spider.JPEG,n01773157_black_and_gold_garden_spider.JPEG,1.898734339492162,0.05357142857142857,2688,69,10.665832761746765,0.9002700765679631,0.8365379677985695,0.4780578944000082,-4.926938931812503,-9.400726762847388,-0.2460081139944952
../benchmarks/vggnet16_benchmark2022/segmented_outputs/masks/n02226429_grasshopper_mask.png,n02226429_grasshopper_mask.png,0.3269257122511176,0.04661591198979592,2339,2,43.79265708743384,0.9544774874350999,0.9214840335225666,0.5743677835478394,-5.569952016349345,-10.423833871571743,-0.24615566262815394
../benchmarks/vggnet16_benchmark2022/segmented_outputs/masks/n13040303_stinkhorn_mask.png,n13040303_stinkhorn_mask.png,0.9999687979246965,0.0934311224489796,4688,2,78.98502018442977,0.9178949894132746,0.6516787189394524,0.8355981789766141,-2.2886011170228207,-3.840612328998967,-0.24683051526361488
../benchmarks/vggnet16_benchmark2022/segmented_outputs/background/n01601694_water_ouzel.JPEG,n01601694_water_ouzel.JPEG,1.4403314494617327,0.04587850765306122,2302,80,12.685191067926095,0.9187392427497809,0.8860517215352405,0.4673241329737535,-5.417010381285669,-10.370031900226113,-0.246909096081844
../benchmarks/vggnet16_benchmark2022/segmented_outputs/masks/n03089624_confectionery_mask.png,n03089624_confectionery_mask.png,0.9939920250032421,0.09950972576530612,4993,2,91.36799773481044,0.9050228713775359,0.6464638898276586,0.8083477853507831,-1.7264694041576238,-2.967444377728958,-0.2473564062428985
../benchmarks/vggnet16_benchmark2022/segmented_outputs/background/n02106662_German_shepherd.JPEG,n02106662_German_shepherd.JPEG,1.662427814429573,0.0390625,1960,214,3.95013252884568,0.9395398646578852,0.9164640069071315,0.4732850059478365,-5.399436483284514,-10.529129003364142,-0.24747560618247597
../benchmarks/vggnet16_benchmark2022/segmented_outputs/masks/n04326547_stone_wall_mask.png,n04326547_stone_wall_mask.png,0.8641721564977328,0.09219547193877552,4626,2,79.88862082854055,0.9169556956044277,0.7197999199450695,0.7950350944981817,-2.587134137440727,-4.493102666034991,-0.2475071499115982
../benchmarks/vggnet16_benchmark2022/segmented_outputs/background/n02090622_borzoi.JPEG,n02090622_borzoi.JPEG,4.064381530468769,0.15654894770408162,7855,365,44.38009869196082,0.7326906179776552,0.6386179225604363,0.5499040533348163,1.4644253548819706,2.1143429290956472,-0.24784196252156787
../benchmarks/vggnet16_benchmark2022/segmented_outputs/masks/n03630383_lab_coat_mask.png,n03630383_lab_coat_mask.png,0.9461287993222014,0.09564333545918367,4799,2,83.95633687268595,0.9127273005481434,0.6755711121370938,0.8117037613802662,-2.1856500641976973,-3.7432658215386327,-0.24869459057307577
../benchmarks/vggnet16_benchmark2022/segmented_outputs/background/n03297495_espresso_maker.JPEG,n03297495_espresso_maker.JPEG,1.3725520044306614,0.042669802295918366,2141,115,8.525507426419555,0.9319485582333712,0.9039310121312446,0.4879591863921826,-5.625133100428459,-10.727686406690964,-0.2489983892093965
../benchmarks/vggnet16_benchmark2022/segmented_outputs/masks/n01917289_brain_coral_mask.png,n01917289_brain_coral_mask.png,0.5192447238484844,0.0719467474489796,3610,2,67.5294320650782,0.9298030851714364,0.855232608697789,0.6542258134473203,-3.994008923701948,-7.414120194603036,-0.24953237923338673
../benchmarks/vggnet16_benchmark2022/segmented_outputs/object/n01797886_ruffed_grouse.JPEG,n01797886_ruffed_grouse.JPEG,6.708489217916828,0.31674505739795916,15893,199,74.21118175106497,0.38787053573975316,0.18282356475927264,0.5435552939559805,8.99561843237648,16.649492016191985,-0.2497576132521777
../benchmarks/vggnet16_benchmark2022/segmented_outputs/masks/n01677366_common_iguana_mask.png,n01677366_common_iguana_mask.png,0.36827542317922835,0.0538703762755102,2703,2,49.06872189189474,0.9489930125863879,0.9073174821046959,0.6020144305514508,-5.1980355082202,-9.67728970454407,-0.2497747818468831
../benchmarks/vggnet16_benchmark2022/segmented_outputs/masks/n01950731_sea_slug_mask.png,n01950731_sea_slug_mask.png,0.3818362442634483,0.055982940051020405,2809,2,53.39642273500712,0.9444943630613232,0.9003349799792335,0.5943884658464503,-4.975981060694694,-9.322284214500758,-0.24980584386764185
../benchmarks/vggnet16_benchmark2022/segmented_outputs/masks/n02804610_bassoon_mask.png,n02804610_bassoon_mask.png,0.9673776749197952,0.09669961734693877,4852,2,85.31867484656962,0.9113111488081397,0.663866665603085,0.8144628247987293,-2.0669502357923126,-3.5282956236949308,-0.2498291968927268
../benchmarks/vggnet16_benchmark2022/segmented_outputs/background/n03657121_lens_cap.JPEG,n03657121_lens_cap.JPEG,1.957000512008009,0.07427853954081633,3727,116,30.398992644753704,0.8805490174053756,0.833730511264245,0.513604836367361,-3.675473676708326,-7.157623334353694,-0.24991999136511742
../benchmarks/vggnet16_benchmark2022/segmented_outputs/masks/n03476684_hair_slide_mask.png,n03476684_hair_slide_mask.png,0.9713178020895021,0.10006776147959184,5021,2,92.26276724317123,0.9040927575434811,0.6580359912850204,0.8000793126490818,-1.7383938443713758,-3.0131258101495675,-0.24994045120601155
../benchmarks/vggnet16_benchmark2022/segmented_outputs/masks/n03444034_go-kart_mask.png,n03444034_go-kart_mask.png,0.9996852928455892,0.09948979591836735,4992,2,90.28128975724141,0.9061525054498529,0.6443098900355682,0.8120550691096733,-1.7561255020027782,-3.0017022118707724,-0.25043688717048607
../benchmarks/vggnet16_benchmark2022/segmented_outputs/masks/n02807133_bathing_cap_mask.png,n02807133_bathing_cap_mask.png,0.5556931198971553,0.07354113520408163,3690,2,60.555366609151996,0.93705263346242,0.8490954999375484,0.7133171547375028,-4.188051411330611,-7.533689676621011,-0.2506113649794979
../benchmarks/vggnet16_benchmark2022/segmented_outputs/masks/n03483316_hand_blower_mask.png,n03483316_hand_blower_mask.png,0.5342608058979988,0.07106983418367346,3566,2,60.02329150600987,0.9376057260852287,0.8591579923934141,0.6923150478858258,-4.291300221418359,-7.7875556096383445,-0.2507120618343602
../benchmarks/vggnet16_benchmark2022/segmented_outputs/masks/n03467068_guillotine_mask.png,n03467068_guillotine_mask.png,0.9812405656540661,0.09638073979591837,4836,2,84.05109733951227,0.912628796944374,0.6583463342287641,0.8203341493049099,-2.0916708497441463,-3.5491287910467997,-0.25102914002471594
../benchmarks/vggnet16_benchmark2022/segmented_outputs/masks/n03180011_desktop_computer_mask.png,n03180011_desktop_computer_mask.png,0.95921748034898,0.09663982780612244,4849,2,85.0704364782483,0.9115691928500538,0.6696292498610273,0.8120255123871232,-2.102149580938181,-3.5957283130126747,-0.2510725625755484
../benchmarks/vggnet16_benchmark2022/segmented_outputs/background/n02264363_lacewing.JPEG,n02264363_lacewing.JPEG,2.7917723832450676,0.0934311224489796,4688,177,35.20375375847826,0.8481398342183106,0.7899461984427684,0.525902698034584,-2.306844502753675,-4.7244547970545545,-0.25130853651016827
../benchmarks/vggnet16_benchmark2022/segmented_outputs/masks/n04152593_screen_mask.png,n04152593_screen_mask.png,0.9386348637714668,0.09458705357142858,4746,2,81.06890595903673,0.9157287879843694,0.6829743676207256,0.8151304461354154,-2.338442874971817,-3.990378337823844,-0.2516505965296627
../benchmarks/vggnet16_benchmark2022/segmented_outputs/masks/n02504013_Indian_elephant_mask.png,n02504013_Indian_elephant_mask.png,0.9991502248075728,0.10106425382653061,5071,2,93.09251549866453,0.9032302333693716,0.6428989588893435,0.8059640647655524,-1.6244129893726704,-2.794454122112211,-0.2518536736888616
../benchmarks/vggnet16_benchmark2022/segmented_outputs/masks/n02102973_Irish_water_spaniel_mask.png,n02102973_Irish_water_spaniel_mask.png,0.6883906140008311,0.08643574617346939,4337,2,77.18741904026436,0.9197635976712428,0.7904867165840462,0.7334089363182301,-3.1105309359454556,-5.604681034780979,-0.25222531952440447
../benchmarks/vggnet16_benchmark2022/segmented_outputs/masks/n02112137_chow_mask.png,n02112137_chow_mask.png,0.7350740390192267,0.09091996173469388,4562,2,84.8400001348788,0.9118087316685252,0.7706793752601027,0.7288754677541496,-2.669380375875482,-4.861917472814584,-0.2522527002596228
../benchmarks/vggnet16_benchmark2022/segmented_outputs/masks/n03196217_digital_clock_mask.png,n03196217_digital_clock_mask.png,0.2673138315403506,0.04021843112244898,2018,2,34.44080366752131,0.9641987487863604,0.9394197744426442,0.5662670447164602,-6.099741409046219,-11.357782461498422,-0.25252313923985115
../benchmarks/vggnet16_benchmark2022/segmented_outputs/background/n01828970_bee_eater.JPEG,n01828970_bee_eater.JPEG,2.4688847247445613,0.06702407525510204,3363,260,19.920148887209184,0.8835429660403176,0.8351904515424957,0.44663772269972474,-3.3434945215839753,-6.971126885896035,-0.25319399767830525
../benchmarks/vggnet16_benchmark2022/segmented_outputs/masks/n02808304_bath_towel_mask.png,n02808304_bath_towel_mask.png,0.874291786823626,0.09693877551020408,4864,2,88.0733800076381,0.9084476299296902,0.7098779597435658,0.7780481244867777,-2.174515475600759,-3.834962753499762,-0.2537127562662946
../benchmarks/vggnet16_benchmark2022/segmented_outputs/masks/n01560419_bulbul_mask.png,n01560419_bulbul_mask.png,0.9422296343479957,0.09265385841836735,4649,2,75.96888906853387,0.9210302608435199,0.6833912760652827,0.8282307951216495,-2.5543571374346477,-4.3127281818098515,-0.2542426060167237
../benchmarks/vggnet16_benchmark2022/segmented_outputs/background/n02086240_Shih-Tzu.JPEG,n02086240_Shih-Tzu.JPEG,3.5795606956999837,0.1298030931122449,6513,156,33.22270517801564,0.768091924649551,0.6863281340668199,0.5265660998069113,-0.7097711389105602,-1.584133690540361,-0.2544868187190984
../benchmarks/vggnet16_benchmark2022/segmented_outputs/masks/n04263257_soup_bowl_mask.png,n04263257_soup_bowl_mask.png,0.7659934141718231,0.08516023596938775,4273,2,64.73706113851401,0.9327057576522724,0.7713268505707997,0.8031284557069969,-3.4823823632301996,-5.991084283360143,-0.2572466986991784
../benchmarks/vggnet16_benchmark2022/segmented_outputs/masks/n06794110_street_sign_mask.png,n06794110_street_sign_mask.png,0.8217813418759148,0.09239477040816327,4636,2,78.73044953231255,0.918159615870777,0.735965561500642,0.7862196313989169,-2.704765808553566,-4.713124300514443,-0.257344870288625
../benchmarks/vggnet16_benchmark2022/segmented_outputs/masks/n03478589_half_track_mask.png,n03478589_half_track_mask.png,0.8481185951221728,0.09923070790816327,4979,2,93.52607325907877,0.9027795496267372,0.7177192271059646,0.7549141167495698,-1.980620581462891,-3.5777667260490054,-0.25744686110750525
../benchmarks/vggnet16_benchmark2022/segmented_outputs/masks/n03201208_dining_table_mask.png,n03201208_dining_table_mask.png,0.9971334203402473,0.09357063137755102,4695,2,76.00379367111265,0.9209939774728559,0.6551433742699208,0.8411981529872941,-2.410051745419054,-4.016077101061956,-0.25765792135409027
../benchmarks/vggnet16_benchmark2022/segmented_outputs/masks/n04357314_sunscreen_mask.png,n04357314_sunscreen_mask.png,0.9248026840172198,0.1005062181122449,5043,2,92.29382092651065,0.9040604772073693,0.6824981583869555,0.7853516026001355,-1.8422778288753139,-3.232808729774365,-0.2577687805723729
../benchmarks/vggnet16_benchmark2022/segmented_outputs/masks/n02088364_beagle_mask.png,n02088364_beagle_mask.png,0.6612974514489526,0.08480149872448979,4255,2,75.60574557723154,0.9214077488802167,0.8055371224570469,0.7175560098810336,-3.2609763092558812,-5.913587460949291,-0.25787457635606614
../benchmarks/vggnet16_benchmark2022/segmented_outputs/masks/n02112018_Pomeranian_mask.png,n02112018_Pomeranian_mask.png,0.7159814114266538,0.09034199617346939,4533,2,83.83556968259803,0.9128528381677775,0.7803087679036355,0.719911705529249,-2.7590356781585474,-5.040968253607107,-0.25802819737717947
../benchmarks/vggnet16_benchmark2022/segmented_outputs/masks/n02950826_cannon_mask.png,n02950826_cannon_mask.png,0.9997134626607428,0.10389429209183673,5213,2,96.96623364108655,0.89920349933359,0.6399512787373685,0.7980946806526855,-1.428690580353686,-2.477025299742338,-0.25810966191413054
../benchmarks/vggnet16_benchmark2022/segmented_outputs/background/n02094258_Norwich_terrier.JPEG,n02094258_Norwich_terrier.JPEG,0.6997282182185852,0.00546077806122449,274,17,0.12436706741400681,0.9824533603361201,0.9701422475355772,0.39876919104093045,-7.659268606762942,-14.61863334554916,-0.2581671700552918
../benchmarks/vggnet16_benchmark2022/segmented_outputs/background/n02447366_badger.JPEG,n02447366_badger.JPEG,1.703298948693996,0.046376753826530615,2327,72,20.27329012985541,0.9186281038715045,0.8798340560548842,0.4478881142983754,-5.088040934114252,-9.901738978422287,-0.25828133045261026
../benchmarks/vggnet16_benchmark2022/segmented_outputs/background/n02108089_boxer.JPEG,n02108089_boxer.JPEG,4.824806287937944,0.2108777104591837,10581,416,60.59953444127919,0.630900173907265,0.521048792254373,0.5497961774658897,4.349599098437275,7.426152525511821,-0.2582952629215482
../benchmarks/vggnet16_benchmark2022/segmented_outputs/background/n01692333_Gila_monster.JPEG,n01692333_Gila_monster.JPEG,4.709864945200615,0.18714126275510204,9390,116,57.12351542205603,0.6653242892094982,0.5338901762250046,0.5777614987247606,2.363996583872532,4.276374865468805,-0.2584402873519393
../benchmarks/vggnet16_benchmark2022/segmented_outputs/masks/n01775062_wolf_spider_mask.png,n01775062_wolf_spider_mask.png,0.5746260482145058,0.07963966836734694,3996,2,76.40730541089373,0.9205745265999026,0.8333536438237565,0.6578022574494033,-3.4486958264228273,-6.449984342774384,-0.258982088803091
../benchmarks/vggnet16_benchmark2022/segmented_outputs/masks/n04252077_snowmobile_mask.png,n04252077_snowmobile_mask.png,0.9942777769947466,0.10174186862244898,5105,2,92.16982017089211,0.9041893761217338,0.6462817450098031,0.8064991575886302,-1.6628939496825224,-2.848506032489916,-0.2598001897280786
../benchmarks/vggnet16_benchmark2022/segmented_outputs/masks/n04200800_shoe_shop_mask.png,n04200800_shoe_shop_mask.png,0.6642315710583943,0.08256935586734694,4143,2,66.17344167646326,0.9312126385899551,0.8086865798368097,0.755659166496347,-3.650739346730412,-6.445232000836155,-0.259967588152288
../benchmarks/vggnet16_benchmark2022/segmented_outputs/background/n02484975_guenon.JPEG,n02484975_guenon.JPEG,0.5011935936412689,0.007752710459183673,389,56,2.2357281731625056,0.9892096821386993,0.9841064213752845,0.4251493337603157,-7.574680374201625,-14.446120958995678,-0.2604767818812821
../benchmarks/vggnet16_benchmark2022/segmented_outputs/masks/n04613696_yurt_mask.png,n04613696_yurt_mask.png,0.8718912126774907,0.1012436224489796,5080,2,95.43674966437865,0.9007933995172779,0.704625469482677,0.760192631418749,-1.8212321095644164,-3.2808352434912296,-0.2605764272743431
../benchmarks/vggnet16_benchmark2022/segmented_outputs/masks/n07614500_ice_cream_mask.png,n07614500_ice_cream_mask.png,0.5339766161457913,0.07597257653061225,3812,2,76.4352628533492,0.9205454648094084,0.8470334350322701,0.6198287838545073,-3.570558729110517,-6.795131295864756,-0.26068099816195883
../benchmarks/vggnet16_benchmark2022/segmented_outputs/masks/n03131574_crib_mask.png,n03131574_crib_mask.png,0.8599655010651632,0.09386957908163265,4710,2,78.75967481108856,0.9181292361631096,0.722095425626312,0.7968182291899709,-2.613832324966804,-4.5133484208285894,-0.2625197756185138
../benchmarks/vggnet16_benchmark2022/segmented_outputs/masks/n02110063_malamute_mask.png,n02110063_malamute_mask.png,0.3763737293189432,0.057338169642857144,2877,2,48.85341010718773,0.9492168294104077,0.9050685638412865,0.616447159731216,-5.142300452512753,-9.511222046872826,-0.26332768074742857
../benchmarks/vggnet16_benchmark2022/segmented_outputs/background/n02097130_giant_schnauzer.JPEG,n02097130_giant_schnauzer.JPEG,4.115178525220818,0.16454081632653061,8256,205,42.212663493043976,0.7225803047169794,0.6245523521229674,0.6027568248437509,1.0055397488357647,1.764542201753613,-0.26383472516106365
../benchmarks/vggnet16_benchmark2022/segmented_outputs/masks/n02397096_warthog_mask.png,n02397096_warthog_mask.png,0.36938589101136465,0.05642139668367347,2831,2,51.90459558579177,0.9460451189336884,0.9042665981352656,0.5884075169843253,-5.043889278641384,-9.442735565031462,-0.26409790628815916
../benchmarks/vggnet16_benchmark2022/segmented_outputs/masks/n02484975_guenon_mask.png,n02484975_guenon_mask.png,0.060850779510000494,0.007035235969387755,353,2,5.203521784733082,0.9945909336957037,0.992053809049741,0.4411366900188777,-7.947849473201904,-14.985996051191282,-0.26430605478319125
../benchmarks/vggnet16_benchmark2022/segmented_outputs/masks/n01687978_agama_mask.png,n01687978_agama_mask.png,0.25618799620131527,0.03946109693877551,1980,2,37.07818500422669,0.9614571881452946,0.9387856833324599,0.5270586892017413,-6.016326239697383,-11.340806046598075,-0.265361561981317
../benchmarks/vggnet16_benchmark2022/segmented_outputs/background/n02363005_beaver.JPEG,n02363005_beaver.JPEG,5.45689969016108,0.24822624362244897,12455,252,63.103666131513116,0.5581213492079649,0.4351024806479543,0.6050186510926017,5.343301879479228,9.836710807951059,-0.2667145889675769
../benchmarks/vggnet16_benchmark2022/segmented_outputs/masks/n02415577_bighorn_mask.png,n02415577_bighorn_mask.png,0.6605725980840874,0.08679448341836735,4355,2,76.52213329786899,0.9204551628920281,0.8032114300964117,0.717193445976158,-3.188955474520343,-5.7782345833693824,-0.2675025230357355
../benchmarks/vggnet16_benchmark2022/segmented_outputs/masks/n01693334_green_lizard_mask.png,n01693334_green_lizard_mask.png,0.7609774730204563,0.09163743622448979,4598,2,77.67002885358318,0.9192619242686245,0.7646751048307527,0.7630034798892275,-2.888269052639815,-5.096730151539189,-0.26831724665155793
../benchmarks/vggnet16_benchmark2022/segmented_outputs/masks/n02104029_kuvasz_mask.png,n02104029_kuvasz_mask.png,0.5600080416978567,0.07784598214285714,3906,2,66.30916015424984,0.9310715590912164,0.8437096419616693,0.6918026086850482,-3.890626802065246,-7.0758201199867266,-0.2687263216134868
../benchmarks/vggnet16_benchmark2022/segmented_outputs/masks/n01685808_whiptail_mask.png,n01685808_whiptail_mask.png,0.9105913606428464,0.10036670918367346,5036,2,88.60523185500516,0.9078947693814915,0.690119802293532,0.7905220392840151,-2.0140993234158433,-3.494905608488587,-0.2695334145336814
../benchmarks/vggnet16_benchmark2022/segmented_outputs/masks/n03803284_muzzle_mask.png,n03803284_muzzle_mask.png,0.7280556280449955,0.09052136479591837,4542,2,77.86469632832734,0.9190595672262709,0.7804900427522644,0.7437811342354825,-2.97107354129366,-5.3046032250647235,-0.2708028598714901
../benchmarks/vggnet16_benchmark2022/segmented_outputs/masks/n01829413_hornbill_mask.png,n01829413_hornbill_mask.png,0.6567957987458517,0.08844866071428571,4438,2,80.83067480252501,0.9159764295192048,0.8019199396001514,0.6995020393978278,-3.002918031228467,-5.516816761774803,-0.2710001666574645
../benchmarks/vggnet16_benchmark2022/segmented_outputs/masks/n03598930_jigsaw_puzzle_mask.png,n03598930_jigsaw_puzzle_mask.png,0.4785503495698318,0.0712890625,3577,2,65.9066707957346,0.9314899471977811,0.8670825818832286,0.627959482331079,-4.124287092161038,-7.7057607687311975,-0.2711026776638659
../benchmarks/vggnet16_benchmark2022/segmented_outputs/background/n09193705_alp.JPEG,n09193705_alp.JPEG,2.6621374815437875,0.08099489795918367,4064,171,15.70561889314765,0.8615962881774784,0.7962186632171158,0.4900376822174899,-3.2625947273715674,-6.437463407608427,-0.27161316485226944
../benchmarks/vggnet16_benchmark2022/segmented_outputs/masks/n02006656_spoonbill_mask.png,n02006656_spoonbill_mask.png,0.12167364621575306,0.016940369897959183,850,2,17.51900750158483,0.9817889734910761,0.9743869737701053,0.44232263408040573,-7.257605178204986,-13.782305153318969,-0.2718066422402071
../benchmarks/vggnet16_benchmark2022/segmented_outputs/background/n01768244_trilobite.JPEG,n01768244_trilobite.JPEG,1.7892228384156526,0.05951052295918367,2986,54,39.524311737543044,0.8888193562477615,0.8398346356633035,0.3925742465837736,-4.012309591855235,-8.166020002217094,-0.2726521534976148
../benchmarks/vggnet16_benchmark2022/segmented_outputs/masks/n04456115_torch_mask.png,n04456115_torch_mask.png,0.8783527090071013,0.10204081632653061,5120,2,92.47833988155799,0.9038686695617901,0.7028622169323776,0.7703884357345535,-1.9084044881393498,-3.37834665264264,-0.273479233277992
../benchmarks/vggnet16_benchmark2022/segmented_outputs/masks/n01667114_mud_turtle_mask.png,n01667114_mud_turtle_mask.png,0.9944610299696575,0.10642538265306123,5340,2,97.54217107188505,0.8986048117755873,0.6421528606829503,0.7955513440539926,-1.380171526906544,-2.3823362515910587,-0.2736211547237033
../benchmarks/vggnet16_benchmark2022/segmented_outputs/masks/n02106550_Rottweiler_mask.png,n02106550_Rottweiler_mask.png,0.9600728423561184,0.09799505739795919,4917,2,80.77178637996941,0.9160376440956659,0.6707530410741769,0.8223891278947738,-2.2432637951904772,-3.773162922008308,-0.2736842357575893
../benchmarks/vggnet16_benchmark2022/segmented_outputs/masks/n02606052_rock_beauty_mask.png,n02606052_rock_beauty_mask.png,0.3259748091266719,0.05032286352040816,2525,2,46.59650387574309,0.9515628857840508,0.9192563269533792,0.553551317754508,-5.403624417805267,-10.177472656788654,-0.2739640022375299
../benchmarks/vggnet16_benchmark2022/segmented_outputs/background/n01688243_frilled_lizard.JPEG,n01688243_frilled_lizard.JPEG,3.0127858108397882,0.1317562181122449,6611,59,70.43128007723192,0.7831360686350932,0.7034599081289303,0.530277283311616,-0.32925713112235644,-1.0102425050330308,-0.2740069956960105
../benchmarks/vggnet16_benchmark2022/segmented_outputs/masks/n09332890_lakeside_mask.png,n09332890_lakeside_mask.png,0.9203873736622934,0.10600685586734694,5319,2,99.09877071573811,0.896986724827715,0.6797750136973273,0.7685253282013984,-1.5020149471706103,-2.6852228820537873,-0.2740431685478887
../benchmarks/vggnet16_benchmark2022/segmented_outputs/masks/n02787622_banjo_mask.png,n02787622_banjo_mask.png,0.6338249207417559,0.08619658801020408,4325,2,77.18111794232736,0.9197701476690984,0.81357469440443,0.6960287247196292,-3.223740369962197,-5.905644056720401,-0.2741334578565524
../benchmarks/vggnet16_benchmark2022/segmented_outputs/masks/n03770679_minivan_mask.png,n03770679_minivan_mask.png,0.8574989090433345,0.10999282525510204,5519,2,112.06799286617056,0.8835052049208206,0.703708618066848,0.7097454334729962,-1.0832605238652397,-2.170773192539454,-0.2746392799317932
../benchmarks/vggnet16_benchmark2022/segmented_outputs/masks/n07615774_ice_lolly_mask.png,n07615774_ice_lolly_mask.png,0.20758557859909332,0.02969547193877551,1490,2,28.558528658374158,0.9703133797729998,0.9557811693191023,0.4817062722213943,-6.558225233305172,-12.429415299964738,-0.2748555293229397
../benchmarks/vggnet16_benchmark2022/segmented_outputs/background/n02281787_lycaenid.JPEG,n02281787_lycaenid.JPEG,2.901124218014755,0.10795998086734694,5417,159,50.36434817504794,0.8166703266196915,0.7380543696164588,0.47511801057978587,-1.2686262576446659,-2.9985537187333966,-0.2751036449962221
../benchmarks/vggnet16_benchmark2022/segmented_outputs/masks/n03876231_paintbrush_mask.png,n03876231_paintbrush_mask.png,0.9698512975190483,0.10265864158163265,5151,2,89.79863287367759,0.90665422778204,0.6613831689130136,0.8044590793069565,-1.8032478982195896,-3.076406979202627,-0.27563419208102824
../benchmarks/vggnet16_benchmark2022/segmented_outputs/object/n04265275_space_heater.JPEG,n04265275_space_heater.JPEG,1.6543284839288765,0.02196269132653061,1102,95,1.174698083347102,0.9572325481480994,0.9334518230704882,0.4009291604033904,-6.400543011833794,-12.432981757857595,-0.2756567950543964
../benchmarks/vggnet16_benchmark2022/segmented_outputs/masks/n03662601_lifeboat_mask.png,n03662601_lifeboat_mask.png,0.9237497693829786,0.10875717474489796,5457,2,104.33833310382363,0.8915401942787696,0.6746411028908409,0.7577581414945007,-1.248016353292644,-2.28378295897212,-0.2756642309093684
../benchmarks/vggnet16_benchmark2022/segmented_outputs/background/n07875152_potpie.JPEG,n07875152_potpie.JPEG,4.038136667098875,0.1402861926020408,7039,390,33.21095680270831,0.7658473704297207,0.6717187039075256,0.5262039315530473,0.6423393018447197,0.5121439111063063,-0.275740830907578
../benchmarks/vggnet16_benchmark2022/segmented_outputs/background/n02099267_flat-coated_retriever.JPEG,n02099267_flat-coated_retriever.JPEG,5.8851475663401835,0.25882892219387754,12987,354,53.626964742574344,0.5400696474715776,0.3870572251305246,0.6124404566885568,6.091076726063006,11.169083423943931,-0.2773078040577504
../benchmarks/vggnet16_benchmark2022/segmented_outputs/masks/n03908618_pencil_box_mask.png,n03908618_pencil_box_mask.png,0.9966657663646109,0.10957429846938775,5498,2,102.68795568773292,0.893255763318365,0.6383566905765214,0.7850554875209468,-1.1292129198758971,-1.981725773662815,-0.2778277073334105
../benchmarks/vggnet16_benchmark2022/segmented_outputs/masks/n03457902_greenhouse_mask.png,n03457902_greenhouse_mask.png,0.9982682306011932,0.09793526785714286,4914,2,78.45056878684457,0.9184505521966273,0.6527070228374963,0.8364119926206854,-2.2453587487757507,-3.7219401921847073,-0.2789744284222939
../benchmarks/vggnet16_benchmark2022/segmented_outputs/masks/n03160309_dam_mask.png,n03160309_dam_mask.png,0.5468564078553142,0.07716836734693877,3872,2,59.28497601132226,0.9383732058094363,0.8516638057522401,0.7153481436500586,-4.193519058356614,-7.498811256643885,-0.27921436298428953
../benchmarks/vggnet16_benchmark2022/segmented_outputs/masks/n04273569_speedboat_mask.png,n04273569_speedboat_mask.png,0.16481093200772878,0.02513153698979592,1261,2,20.72239371875132,0.9784590501884083,0.9676669371055627,0.4834223087136749,-6.9754295972772065,-13.135821484511604,-0.27962700231465154
../benchmarks/vggnet16_benchmark2022/segmented_outputs/masks/n02280649_cabbage_butterfly_mask.png,n02280649_cabbage_butterfly_mask.png,0.9450500212854436,0.10287786989795919,5162,2,89.48905400963497,0.9069760353330198,0.6735254405314515,0.7984069232677098,-1.8673461641138203,-3.2015753321752176,-0.280186564307976
../benchmarks/vggnet16_benchmark2022/segmented_outputs/object/n01990800_isopod.JPEG,n01990800_isopod.JPEG,6.919503650004031,0.30189732142857145,15148,256,51.262011635349296,0.4363770542599108,0.20778738516813822,0.6130830279399688,7.995964410568477,15.023136560132972,-0.28054850949943405
../benchmarks/vggnet16_benchmark2022/segmented_outputs/masks/n02105162_malinois_mask.png,n02105162_malinois_mask.png,0.5612583634825928,0.0821109693877551,4120,2,76.90458715073576,0.9200576017144119,0.836580865903646,0.6467272185341257,-3.410991968224262,-6.396617591073243,-0.28101065937726444
../benchmarks/vggnet16_benchmark2022/segmented_outputs/masks/n02672831_accordion_mask.png,n02672831_accordion_mask.png,0.7857304352209196,0.10020727040816327,5028,2,92.64499390559848,0.9036954325305628,0.7459484858715142,0.7295516856027611,-2.1303736589098516,-3.8948690679333193,-0.2810143796398979
../benchmarks/vggnet16_benchmark2022/segmented_outputs/masks/n03899768_patio_mask.png,n03899768_patio_mask.png,0.9541102837002902,0.10357541454081633,5197,2,90.23252877235342,0.9062031925443312,0.6685226965998192,0.7993736969816536,-1.807034677895535,-3.0926355558775254,-0.281670957831774
../benchmarks/vggnet16_benchmark2022/segmented_outputs/masks/n02102177_Welsh_springer_spaniel_mask.png,n02102177_Welsh_springer_spaniel_mask.png,0.4947025480702657,0.07358099489795919,3692,2,59.2004468864505,0.9384610739226087,0.8668369427901109,0.6770627270285312,-4.328439250322907,-7.865797654122918,-0.28183235577960425
../benchmarks/vggnet16_benchmark2022/segmented_outputs/masks/n02107312_miniature_pinscher_mask.png,n02107312_miniature_pinscher_mask.png,0.7985607196715419,0.09857302295918367,4946,2,86.78152732113071,0.9097905121401968,0.7436490677219761,0.7524766764902588,-2.355821812079161,-4.199759934438794,-0.2824475179698951
../benchmarks/vggnet16_benchmark2022/segmented_outputs/masks/n02980441_castle_mask.png,n02980441_castle_mask.png,0.7807637893784329,0.10235969387755102,5136,2,98.4241182860436,0.8976880267296844,0.7460628136538728,0.7086009255461557,-1.8888714652288123,-3.551781158998649,-0.2825416823992514
../benchmarks/vggnet16_benchmark2022/segmented_outputs/masks/n03216828_dock_mask.png,n03216828_dock_mask.png,0.917590035901473,0.11057079081632654,5548,2,106.31363326373005,0.8894868677092204,0.676774407970094,0.7506347990279447,-1.1590760321575977,-2.1464967438114586,-0.28283641870899695
../benchmarks/vggnet16_benchmark2022/segmented_outputs/masks/n01631663_eft_mask.png,n01631663_eft_mask.png,0.9076811139133228,0.10393415178571429,5215,2,92.21260823800334,0.9041448978814934,0.689396330247447,0.7809422513220817,-1.82695073270183,-3.1892761637288025,-0.2828804912404597
../benchmarks/vggnet16_benchmark2022/segmented_outputs/masks/n03498962_hatchet_mask.png,n03498962_hatchet_mask.png,0.87938726183815,0.11110889668367346,5575,2,110.01495320920964,0.8856393417783683,0.6941868203576499,0.7253114370207981,-1.0968578367643855,-2.1285186535312177,-0.2828878554591241
../benchmarks/vggnet16_benchmark2022/segmented_outputs/background/n07753275_pineapple.JPEG,n07753275_pineapple.JPEG,3.6254546790054865,0.12916533801020408,6481,406,26.50892546195134,0.7945977535524571,0.7192522090805553,0.5394648455684719,-0.18057920866158816,-0.9507357310953215,-0.2830792520623233
../benchmarks/vggnet16_benchmark2022/segmented_outputs/masks/n01847000_drake_mask.png,n01847000_drake_mask.png,0.16417326384717865,0.024752869897959183,1242,2,20.86715779578808,0.978308567779846,0.9678094982284828,0.4746146513848874,-6.976586018199453,-13.165472863936484,-0.2833357666007039
../benchmarks/vggnet16_benchmark2022/segmented_outputs/masks/n02841315_binoculars_mask.png,n02841315_binoculars_mask.png,0.8772637051004955,0.11328125,5684,2,114.7478772254075,0.8807194623436513,0.6937653733830518,0.7112971935192274,-0.89022636652145,-1.8203173194962448,-0.28452881222665055
../benchmarks/vggnet16_benchmark2022/segmented_outputs/masks/n02328150_Angora_mask.png,n02328150_Angora_mask.png,0.9183091200460824,0.09584263392857142,4809,2,73.73061002432371,0.9233569542366697,0.697557544702681,0.8266441863869869,-2.6520640038008905,-4.446895483370569,-0.2845852396369949
../benchmarks/vggnet16_benchmark2022/segmented_outputs/masks/n02123159_tiger_cat_mask.png,n02123159_tiger_cat_mask.png,0.2136875508001133,0.03455835459183673,1734,2,30.09167794502712,0.9687196694958138,0.9522514745099333,0.5013196704939308,-6.413438989846041,-12.094465927553303,-0.28502006990832174
../benchmarks/vggnet16_benchmark2022/segmented_outputs/masks/n03627232_knot_mask.png,n03627232_knot_mask.png,0.9951735415490159,0.1077407525510204,5406,2,96.72379079060931,0.8994555189286806,0.6429070699091609,0.7971761056313617,-1.3930732843033031,-2.3840402034993566,-0.285182392171092
../benchmarks/vggnet16_benchmark2022/segmented_outputs/background/n03584829_iron.JPEG,n03584829_iron.JPEG,1.8391204231121732,0.011798469387755101,592,9,0.2012314799017949,0.9738564634805851,0.9558058482275636,0.39292111464569324,-7.049591961661043,-13.564378548871005,-0.28524726818504226
../benchmarks/vggnet16_benchmark2022/segmented_outputs/masks/n02009912_American_egret_mask.png,n02009912_American_egret_mask.png,0.1632151193114067,0.024852519132653062,1247,2,23.542550468394715,0.975527494315598,0.9648829446362113,0.4566447454417789,-6.866271623348445,-13.038178561089211,-0.2854215941771821
../benchmarks/vggnet16_benchmark2022/segmented_outputs/background/n03691459_loudspeaker.JPEG,n03691459_loudspeaker.JPEG,1.0902426837024652,0.01056281887755102,530,36,0.782275696875602,0.9771344788964285,0.9646298201751929,0.38209945982682164,-7.282085650336997,-14.012679479244973,-0.2854244297386133
../benchmarks/vggnet16_benchmark2022/segmented_outputs/masks/n02417914_ibex_mask.png,n02417914_ibex_mask.png,0.9946363225743393,0.10843829719387756,5441,2,98.0645077348023,0.8980618422715153,0.6418102600841349,0.7944669977741129,-1.3295389579879107,-2.2837625772288686,-0.2854549766470046
../benchmarks/vggnet16_benchmark2022/segmented_outputs/masks/n02790996_barbell_mask.png,n02790996_barbell_mask.png,0.9947794219605506,0.11481584821428571,5761,2,111.13504895192659,0.8844750010894734,0.6337069284450279,0.76692083174261,-0.7243387599170117,-1.3383091977978254,-0.28549900081804064
../benchmarks/vggnet16_benchmark2022/segmented_outputs/masks/n01728920_ringneck_snake_mask.png,n01728920_ringneck_snake_mask.png,0.9697680691686544,0.11268335459183673,5654,2,107.60397309604713,0.8881455581122172,0.6497438480096167,0.7659828879540794,-0.9566113846433117,-1.7410094760297512,-0.28561833638528594
../benchmarks/vggnet16_benchmark2022/segmented_outputs/masks/n02110185_Siberian_husky_mask.png,n02110185_Siberian_husky_mask.png,0.9664431651609726,0.10345583545918367,5191,2,88.33725861854447,0.9081733278393509,0.6631391236741904,0.8072040550764712,-1.8528690256732467,-3.138967110261151,-0.28582672915481594
../benchmarks/vggnet16_benchmark2022/segmented_outputs/masks/n03742115_medicine_chest_mask.png,n03742115_medicine_chest_mask.png,0.9968471879260028,0.1057876275510204,5308,2,91.97359058578795,0.9043933569794305,0.6448686740959189,0.807684833970941,-1.6031323543570988,-2.705923761389413,-0.28749466068467233
../benchmarks/vggnet16_benchmark2022/segmented_outputs/masks/n02085620_Chihuahua_mask.png,n02085620_Chihuahua_mask.png,0.9564950183292579,0.10772082270408163,5405,2,96.91981684183672,0.8992517496446604,0.6623786515706147,0.7856975262220645,-1.4756449437696761,-2.5622228610479816,-0.2878476855466398
../benchmarks/vggnet16_benchmark2022/segmented_outputs/masks/n02088466_bloodhound_mask.png,n02088466_bloodhound_mask.png,0.9995873742090271,0.1084781568877551,5443,2,97.2544193459434,0.8989039299938217,0.6399732499732436,0.7974196404200917,-1.3496698506173952,-2.304883665341958,-0.2880334218676337
../benchmarks/vggnet16_benchmark2022/segmented_outputs/masks/n02977058_cash_machine_mask.png,n02977058_cash_machine_mask.png,0.9830160985673407,0.11529416454081633,5785,2,111.61849646016293,0.8839724569021176,0.6404005589057502,0.7616552227078384,-0.7296398094784374,-1.3617775465210549,-0.2886075701135571
../benchmarks/vggnet16_benchmark2022/segmented_outputs/background/n03908618_pencil_box.JPEG,n03908618_pencil_box.JPEG,0.7819553218144824,0.01518654336734694,762,43,3.483239426605087,0.9704797609053862,0.9546419503371855,0.3828587022551686,-7.141406632397034,-13.735007118563496,-0.2887431718367524
../benchmarks/vggnet16_benchmark2022/segmented_outputs/masks/n03967562_plow_mask.png,n03967562_plow_mask.png,0.9846180703272709,0.1092952806122449,5484,2,98.88679805243623,0.8972070706315631,0.6470574272137897,0.7896047379181048,-1.3105518475811362,-2.262801486905352,-0.28944624302710076
../benchmarks/vggnet16_benchmark2022/segmented_outputs/masks/n02101388_Brittany_spaniel_mask.png,n02101388_Brittany_spaniel_mask.png,0.8166351339059665,0.1092952806122449,5484,2,108.86082742809455,0.8868390567275524,0.7234503597487288,0.698882896698484,-1.302470168574043,-2.5673905038304277,-0.2896404235834699
../benchmarks/vggnet16_benchmark2022/segmented_outputs/masks/n02094114_Norfolk_terrier_mask.png,n02094114_Norfolk_terrier_mask.png,0.14793540382076456,0.022839604591836735,1146,2,20.123529143971425,0.9790815705364122,0.9699628692445725,0.4545227850976286,-7.046924861382464,-13.35198395006974,-0.2896948640086514
../benchmarks/vggnet16_benchmark2022/segmented_outputs/masks/n02701002_ambulance_mask.png,n02701002_ambulance_mask.png,0.8977310077991731,0.1087173150510204,5455,2,101.2895908089582,0.894709365063453,0.6913528524585,0.7535981491540868,-1.4342811776863134,-2.6008831452971766,-0.2897914852472764
../benchmarks/vggnet16_benchmark2022/segmented_outputs/masks/n02443114_polecat_mask.png,n02443114_polecat_mask.png,0.9032002945813358,0.10076530612244898,5056,2,83.22869374240324,0.9134836863384581,0.6996163535555076,0.7992580078963971,-2.244254189805902,-3.833730978082444,-0.2902601716130828
../benchmarks/vggnet16_benchmark2022/segmented_outputs/masks/n03710721_maillot_mask.png,n03710721_maillot_mask.png,0.9555577048749406,0.11680883290816327,5861,2,115.45987088364535,0.8799793441957949,0.6529643958948663,0.7432703544218534,-0.6249774521456182,-1.2436882524937212,-0.290310469689007
../benchmarks/vggnet16_benchmark2022/segmented_outputs/background/n03602883_joystick.JPEG,n03602883_joystick.JPEG,1.179142100416048,0.027981505102040817,1404,97,7.132592426389417,0.9538722218717712,0.9351905124815544,0.40384423350562604,-6.290519263709048,-12.202849676243286,-0.2904622556396161
../benchmarks/vggnet16_benchmark2022/segmented_outputs/masks/n03950228_pitcher_mask.png,n03950228_pitcher_mask.png,0.8956751667283724,0.10879703443877552,5459,2,101.16998235326072,0.8948336981774836,0.6912798082076106,0.7540323272419848,-1.4379757429314788,-2.604540459247063,-0.29060699209236757
../benchmarks/vggnet16_benchmark2022/segmented_outputs/masks/n07590611_hot_pot_mask.png,n07590611_hot_pot_mask.png,0.8053497034969143,0.10269850127551021,5153,2,93.3899959981863,0.9029210020808874,0.7373859480052278,0.7362755237213215,-2.0254731242403303,-3.677725068530737,-0.2909625664602802
../benchmarks/vggnet16_benchmark2022/segmented_outputs/masks/n04009552_projector_mask.png,n04009552_projector_mask.png,0.37196938700156573,0.0587531887755102,2948,2,52.731438601642964,0.9451856147592069,0.9058766031493222,0.5683834528454698,-4.983895422948748,-9.37834593604286,-0.29114581894926156
../benchmarks/vggnet16_benchmark2022/segmented_outputs/masks/n03908714_pencil_sharpener_mask.png,n03908714_pencil_sharpener_mask.png,0.3235114846802237,0.05375079719387755,2697,2,44.673150224488204,0.9535622139038584,0.920222326185331,0.5728229479986898,-5.427402936487131,-10.125675158992912,-0.29124553955515214
../benchmarks/vggnet16_benchmark2022/segmented_outputs/masks/n04509417_unicycle_mask.png,n04509417_unicycle_mask.png,0.9315224272104996,0.10158242984693877,5097,2,83.51873340285437,0.9131821898099226,0.6831885500657291,0.8085541196113719,-2.1475865905655187,-3.6336296026468364,-0.2913568083756854
../benchmarks/vggnet16_benchmark2022/segmented_outputs/masks/n04517823_vacuum_mask.png,n04517823_vacuum_mask.png,0.9997720156391597,0.10473134566326531,5255,2,88.5707162984452,0.9079306483384145,0.6453769800306703,0.8156278021263199,-1.7443809529601282,-2.9163560295420923,-0.29137563058779475
../benchmarks/vggnet16_benchmark2022/segmented_outputs/background/n03109150_corkscrew.JPEG,n03109150_corkscrew.JPEG,0.9955017680039149,0.03150908801020408,1581,64,5.908673048109381,0.9508032805614987,0.9300154606573998,0.43048622144383264,-6.4399737525989975,-12.295736590190604,-0.2914347079412319
../benchmarks/vggnet16_benchmark2022/segmented_outputs/background/n02116738_African_hunting_dog.JPEG,n02116738_African_hunting_dog.JPEG,3.529720236934946,0.12615593112244897,6330,252,31.22772223568498,0.790125699885386,0.7083071629937145,0.5171406753201165,-0.6754000655672467,-1.7087058643202915,-0.2917757194453257
../benchmarks/vggnet16_benchmark2022/segmented_outputs/masks/n03032252_cinema_mask.png,n03032252_cinema_mask.png,0.7540168111388829,0.0967594068877551,4855,2,82.90881635565391,0.913816199214497,0.7655679532787232,0.7425007566298238,-2.6258610632174944,-4.687558211651206,-0.29204233325698836
../benchmarks/vggnet16_benchmark2022/segmented_outputs/masks/n03854065_organ_mask.png,n03854065_organ_mask.png,0.7915014398533484,0.10491071428571429,5264,2,100.10225213667044,0.895943604847536,0.7407040598838749,0.7090351867478157,-1.7645874820325247,-3.3238216830440415,-0.2922373014188278
../benchmarks/vggnet16_benchmark2022/segmented_outputs/background/n01735189_garter_snake.JPEG,n01735189_garter_snake.JPEG,2.8999625810355636,0.09763632015306123,4899,153,27.015892534132504,0.8362052478177724,0.7727975688853994,0.48557397359454124,-2.4066088814478674,-4.875332834712118,-0.2924611286181141
../benchmarks/vggnet16_benchmark2022/segmented_outputs/masks/n02259212_leafhopper_mask.png,n02259212_leafhopper_mask.png,0.12319721205093231,0.01725924744897959,866,2,18.628786262675458,0.9806353573153062,0.9736669473867923,0.4121251528062714,-7.208849518995269,-13.782800227090835,-0.2926020095079788
../benchmarks/vggnet16_benchmark2022/segmented_outputs/masks/n03743016_megalith_mask.png,n03743016_megalith_mask.png,0.6379606173053622,0.09436782525510204,4735,2,96.07128440114008,0.9001337999988148,0.8024941665582732,0.6241913458347144,-2.365641579250615,-4.662538384484377,-0.29260838781806187
../benchmarks/vggnet16_benchmark2022/segmented_outputs/masks/n03291819_envelope_mask.png,n03291819_envelope_mask.png,0.6447824148348796,0.0905014349489796,4541,2,81.75868785358026,0.9150117589879623,0.809462976853419,0.6810859481257872,-2.9717281513828624,-5.501872720629695,-0.29271601242123163
../benchmarks/vggnet16_benchmark2022/segmented_outputs/background/n04325704_stole.JPEG,n04325704_stole.JPEG,0.8483759266184561,0.02672592474489796,1341,11,15.462099477767882,0.9507267841348523,0.9271993419367714,0.38345883116433244,-6.483831109752101,-12.524875741670595,-0.2931112722191486
../benchmarks/vggnet16_benchmark2022/segmented_outputs/masks/n04562935_water_tower_mask.png,n04562935_water_tower_mask.png,0.9943136440044628,0.11639030612244898,5840,2,111.7181158003915,0.8838689024943955,0.6332196173167094,0.7658603623118776,-0.6777348883089518,-1.2507044638936267,-0.2940855212975837
../benchmarks/vggnet16_benchmark2022/segmented_outputs/masks/n03895866_passenger_car_mask.png,n03895866_passenger_car_mask.png,0.45908759196685545,0.07087053571428571,3556,2,57.77401968941127,0.9399438464767035,0.8801699705805086,0.6425243391354674,-4.48598731493171,-8.246097560389504,-0.29480634966005026
../benchmarks/vggnet16_benchmark2022/segmented_outputs/background/n03947888_pirate.JPEG,n03947888_pirate.JPEG,2.0089684920013267,0.055783641581632654,2799,138,5.866384600181307,0.9177178111697488,0.8835888534897611,0.48787713167016056,-5.00522728784547,-9.576007294696964,-0.29495981100309654
../benchmarks/vggnet16_benchmark2022/segmented_outputs/masks/n04428191_thresher_mask.png,n04428191_thresher_mask.png,0.6876185414660081,0.09554368622448979,4794,2,86.46876492494485,0.9101156289761488,0.7882531283756339,0.696813289059176,-2.6260784106739536,-4.84592787540737,-0.295769403345841
../benchmarks/vggnet16_benchmark2022/segmented_outputs/masks/n01807496_partridge_mask.png,n01807496_partridge_mask.png,0.6038531179260405,0.08814971301020408,4423,2,78.21843091969592,0.9186918597508359,0.8211673375585753,0.6756539186204269,-3.1971087921739048,-5.904483916412887,-0.29610118465841456
../benchmarks/vggnet16_benchmark2022/segmented_outputs/masks/n04330267_stove_mask.png,n04330267_stove_mask.png,0.6481835699856029,0.08962452168367346,4497,2,73.55303206023446,0.923541546714933,0.80860123683628,0.7222548460330418,-3.2807358223436243,-5.880973486924125,-0.296264521399557
../benchmarks/vggnet16_benchmark2022/segmented_outputs/masks/n07734744_mushroom_mask.png,n07734744_mushroom_mask.png,0.4207878681262978,0.06744260204081633,3384,2,60.14533901647711,0.9374788575712296,0.8874276207035914,0.5928813176367178,-4.492941093379337,-8.43509358944165,-0.297147970159602
../benchmarks/vggnet16_benchmark2022/segmented_outputs/masks/n03781244_monastery_mask.png,n03781244_monastery_mask.png,0.915229888770855,0.10873724489795919,5456,2,97.84096939253863,0.8982942106106667,0.6839792448020949,0.7690022073496272,-1.5253044283387247,-2.6936727092873247,-0.29735961800899186
../benchmarks/vggnet16_benchmark2022/segmented_outputs/masks/n04443257_tobacco_shop_mask.png,n04443257_tobacco_shop_mask.png,0.9625697682561061,0.1103515625,5537,2,99.28381468132001,0.8967943714331392,0.6583348917883791,0.782081536913956,-1.3318783028832775,-2.315238653435842,-0.2974267999485068
../benchmarks/vggnet16_benchmark2022/segmented_outputs/masks/n02095889_Sealyham_terrier_mask.png,n02095889_Sealyham_terrier_mask.png,0.38854478295866873,0.06371572066326531,3197,2,59.08655782984178,0.9385794617153411,0.8951021126922765,0.5643915203880696,-4.62925629125429,-8.77224085930836,-0.298083870482289
../benchmarks/vggnet16_benchmark2022/segmented_outputs/masks/n03788195_mosque_mask.png,n03788195_mosque_mask.png,0.7848789217950602,0.10608657525510204,5323,2,101.17933670222942,0.8948239743220069,0.7420570747528041,0.7036075462596364,-1.7152704571993578,-3.2499518820056927,-0.29857782527764837
../benchmarks/vggnet16_benchmark2022/segmented_outputs/background/n03773504_missile.JPEG,n03773504_missile.JPEG,0.9640368366048727,0.02303890306122449,1156,54,6.590697387584839,0.9640930837602071,0.9494139466996525,0.4022233122170036,-6.755985448715069,-12.990789280621593,-0.2990398187383419
../benchmarks/vggnet16_benchmark2022/segmented_outputs/background/n04435653_tile_roof.JPEG,n04435653_tile_roof.JPEG,0.9511720782478043,0.02098612882653061,1053,78,4.333603325891843,0.958141171875618,0.9402107490643965,0.3598074208641743,-6.689880474483037,-13.017792021729868,-0.29931510908101183
../benchmarks/vggnet16_benchmark2022/segmented_outputs/masks/n04162706_seat_belt_mask.png,n04162706_seat_belt_mask.png,0.5910026501490573,0.08729272959183673,4380,2,76.90856718526018,0.9200534644643865,0.8266293759177283,0.6707514141469052,-3.283759880311777,-6.067106214028094,-0.2994603733213604
../benchmarks/vggnet16_benchmark2022/segmented_outputs/masks/n03724870_mask_mask.png,n03724870_mask_mask.png,0.7683170519012259,0.10353555484693877,5195,2,95.96851616353057,0.9002406276886377,0.7513270152341059,0.7111237672327444,-1.9861438164448917,-3.6881889060825466,-0.29959061651456453
../benchmarks/vggnet16_benchmark2022/segmented_outputs/masks/n02085936_Maltese_dog_mask.png,n02085936_Maltese_dog_mask.png,0.8129794280198009,0.11053093112244898,5546,2,108.74404483868486,0.8869604523506396,0.7256428372455648,0.6967008346199678,-1.2980588141864515,-2.5546839691558376,-0.2997040407893335
../benchmarks/vggnet16_benchmark2022/segmented_outputs/masks/n02100236_German_short-haired_pointer_mask.png,n02100236_German_short-haired_pointer_mask.png,0.9934984089207282,0.11722735969387756,5882,2,111.5323688414291,0.8840619866513211,0.6337652186774928,0.765922867110334,-0.6744135792743267,-1.2365538850027158,-0.30047681420534794
../benchmarks/vggnet16_benchmark2022/segmented_outputs/masks/n01440764_tench_mask.png,n01440764_tench_mask.png,0.20758557859909332,0.03268494897959184,1640,2,29.806465437782173,0.9690161481935736,0.9546731219722,0.46654835914872134,-6.4635396775788285,-12.288298944592258,-0.3009989137882259
../benchmarks/vggnet16_benchmark2022/segmented_outputs/background/n01943899_conch.JPEG,n01943899_conch.JPEG,3.3001821436444425,0.10841836734693877,5440,119,20.72073897244632,0.8186117816388742,0.7339352542651564,0.523631710649693,-2.1611333109553956,-4.169884336982846,-0.3016022842456476
../benchmarks/vggnet16_benchmark2022/segmented_outputs/masks/n02077923_sea_lion_mask.png,n02077923_sea_lion_mask.png,0.49573228951671966,0.07670998086734694,3849,2,65.62179108337978,0.9317860799549067,0.8645040266864552,0.6380851020603399,-4.037126860619568,-7.480060134338004,-0.3017333624757377
../benchmarks/vggnet16_benchmark2022/segmented_outputs/masks/n02526121_eel_mask.png,n02526121_eel_mask.png,0.20022722726168066,0.03130978954081633,1571,2,29.796187414191447,0.9690268322097801,0.9553669604182902,0.45376518059940585,-6.489974330739129,-12.379587158920236,-0.30179810682778
../benchmarks/vggnet16_benchmark2022/segmented_outputs/masks/n01443537_goldfish_mask.png,n01443537_goldfish_mask.png,0.7094309333316109,0.09751674107142858,4893,2,86.34915316607227,0.9102399655238333,0.7807123200428374,0.7088736912623761,-2.5636708974941405,-4.687273922728807,-0.3021340529076252
../benchmarks/vggnet16_benchmark2022/segmented_outputs/object/n02422699_impala.JPEG,n02422699_impala.JPEG,7.296636459651051,0.3325892857142857,16688,185,60.128079371530234,0.36603670090559026,0.12193139317018085,0.5686366090362784,9.34614252635383,17.570870743145942,-0.3028794678797735
../benchmarks/vggnet16_benchmark2022/segmented_outputs/masks/n04370456_sweatshirt_mask.png,n04370456_sweatshirt_mask.png,0.9890720109072955,0.10397401147959184,5217,2,83.59016611856768,0.9131079354276843,0.6541817090699386,0.8234433591611227,-1.975949692929062,-3.272156575809899,-0.3031936367457095
../benchmarks/vggnet16_benchmark2022/segmented_outputs/background/n04548280_wall_clock.JPEG,n04548280_wall_clock.JPEG,1.6840729527738942,0.051658163265306124,2592,118,10.400389588777182,0.9204873171456636,0.8830418681845698,0.4500121040327516,-5.151107787646376,-9.954020970348823,-0.3032464286198247
../benchmarks/vggnet16_benchmark2022/segmented_outputs/masks/n01930112_nematode_mask.png,n01930112_nematode_mask.png,0.10572719224926923,0.016183035714285716,812,2,15.167602045602449,0.9842332619068581,0.9786390686064627,0.4095659833007229,-7.377454348920251,-14.068525620900589,-0.30377010088545137
../benchmarks/vggnet16_benchmark2022/segmented_outputs/masks/n04266014_space_shuttle_mask.png,n04266014_space_shuttle_mask.png,0.8829460534647934,0.11204559948979592,5622,2,104.79481674524054,0.8910656790590015,0.6957236942357026,0.7396326560929126,-1.2785279897608768,-2.363411224011658,-0.3041469881140267
../benchmarks/vggnet16_benchmark2022/segmented_outputs/masks/n01664065_loggerhead_mask.png,n01664065_loggerhead_mask.png,0.3001388420943208,0.05080117984693878,2549,2,43.18698063698093,0.9551070887349471,0.9271620209225773,0.5385089517889831,-5.561522351639961,-10.465392660014533,-0.3044985315753214
../benchmarks/vggnet16_benchmark2022/segmented_outputs/masks/n02860847_bobsled_mask.png,n02860847_bobsled_mask.png,0.9903332637738255,0.10795998086734694,5417,2,91.35583495837538,0.9050355145962834,0.6488817844479877,0.8071607101919345,-1.6111217760160683,-2.6993611675688127,-0.3046134108808255
../benchmarks/vggnet16_benchmark2022/segmented_outputs/masks/n04335435_streetcar_mask.png,n04335435_streetcar_mask.png,0.9013584222091799,0.10694355867346939,5366,2,92.15909330409826,0.9042005267109166,0.6941268075956508,0.7777677738572559,-1.8044272137679704,-3.1337081362886154,-0.304666982283899
../benchmarks/vggnet16_benchmark2022/segmented_outputs/masks/n02089867_Walker_hound_mask.png,n02089867_Walker_hound_mask.png,0.3155778474892498,0.051100127551020405,2564,2,48.9186157063708,0.9491490481222757,0.9213363269694064,0.5054095188072018,-5.318912293687729,-10.167694973297198,-0.30517379729618355
../benchmarks/vggnet16_benchmark2022/segmented_outputs/background/n09288635_geyser.JPEG,n09288635_geyser.JPEG,2.2710796285772137,0.0654296875,3283,119,12.621265088736807,0.8953491469912317,0.8502560267569678,0.4629311170457536,-4.366840022219804,-8.471535767416562,-0.3054425910548499
../benchmarks/vggnet16_benchmark2022/segmented_outputs/masks/n01806143_peacock_mask.png,n01806143_peacock_mask.png,0.9995231522433807,0.10853794642857142,5446,2,92.0494105980836,0.9043145419978341,0.6432444390463716,0.8083100180403264,-1.5519450520324298,-2.592430913178884,-0.305573502147555
../benchmarks/vggnet16_benchmark2022/segmented_outputs/masks/n03394916_French_horn_mask.png,n03394916_French_horn_mask.png,0.9920460348733695,0.11447704081632654,5744,2,104.26313437990116,0.8916183634304562,0.6390907800558632,0.7807803605869003,-1.0027414537725639,-1.7426763424956473,-0.30596169150450936
../benchmarks/vggnet16_benchmark2022/segmented_outputs/masks/n02727426_apiary_mask.png,n02727426_apiary_mask.png,0.9810534044357493,0.11387914540816327,5714,2,103.12682456507983,0.8927995586641582,0.6460401102217515,0.7795891399465673,-1.0841487704907404,-1.8857407925588332,-0.3068150606637161
../benchmarks/vggnet16_benchmark2022/segmented_outputs/masks/n02666196_abacus_mask.png,n02666196_abacus_mask.png,0.999260875276606,0.11411830357142858,5726,2,103.06617545305012,0.8928626034791578,0.6363607127796016,0.7852497429137681,-1.038714399918908,-1.7879279915639632,-0.3068775313794749
../benchmarks/vggnet16_benchmark2022/segmented_outputs/masks/n03697007_lumbermill_mask.png,n03697007_lumbermill_mask.png,0.9704776536925113,0.10967394770408163,5503,2,94.61198896038772,0.9016507391264161,0.657257361658997,0.7945745967242663,-1.505941373675046,-2.5586823647753096,-0.30717917449575916
../benchmarks/vggnet16_benchmark2022/segmented_outputs/masks/n01753488_horned_viper_mask.png,n01753488_horned_viper_mask.png,0.8123818357994095,0.10895647321428571,5467,2,102.14715733636834,0.8938179237667689,0.7297942463268154,0.7145603748170377,-1.579340046653757,-2.9654675208380032,-0.3075735626909963
../benchmarks/vggnet16_benchmark2022/segmented_outputs/masks/n07880968_burrito_mask.png,n07880968_burrito_mask.png,0.6790435304729134,0.09996811224489796,5016,2,97.15171022545276,0.899010696231338,0.7870530431786871,0.6509474020046555,-2.16734124816602,-4.205293772330497,-0.30768186715372325
../benchmarks/vggnet16_benchmark2022/segmented_outputs/masks/n01914609_sea_anemone_mask.png,n01914609_sea_anemone_mask.png,0.9091635484359355,0.11252391581632654,5646,2,103.14111662646793,0.8927847020514886,0.6846851763900306,0.7535178119613316,-1.279573858422044,-2.3117592838603445,-0.30781790714007273
../benchmarks/vggnet16_benchmark2022/segmented_outputs/masks/n12057211_yellow_lady's_slipper_mask.png,n12057211_yellow_lady's_slipper_mask.png,0.9940810947884866,0.11134805484693877,5587,2,96.9160670580464,0.8992556475488083,0.6426474129511718,0.796845230124384,-1.3314702112771188,-2.248699053610395,-0.3088185859334731
../benchmarks/vggnet16_benchmark2022/segmented_outputs/masks/n01872401_echidna_mask.png,n01872401_echidna_mask.png,0.8007518718153852,0.11377949617346939,5709,2,114.62925224151638,0.8808427731377169,0.7273689346530858,0.6740329878309365,-1.0452269688651334,-2.1879802859841466,-0.3089813950482751
../benchmarks/vggnet16_benchmark2022/segmented_outputs/masks/n03930313_picket_fence_mask.png,n03930313_picket_fence_mask.png,0.977039791276327,0.11471619897959184,5756,2,104.19018662407287,0.891694192698469,0.6483994773707243,0.775599812140435,-1.0432626621971408,-1.825823936642478,-0.3095342108605456
../benchmarks/vggnet16_benchmark2022/segmented_outputs/masks/n04252225_snowplow_mask.png,n04252225_snowplow_mask.png,0.4168203603988787,0.06919642857142858,3472,2,60.606551298760806,0.9369994269243651,0.8874815634192299,0.588575001082738,-4.451531240843855,-8.362777263623684,-0.3100048982906052
../benchmarks/vggnet16_benchmark2022/segmented_outputs/masks/n01601694_water_ouzel_mask.png,n01601694_water_ouzel_mask.png,0.24438629971837442,0.03964046556122449,1989,2,37.19887136367715,0.9613317345491921,0.943140857920415,0.46989468651457195,-6.0304368037782154,-11.517416191964555,-0.31044597361546733
../benchmarks/vggnet16_benchmark2022/segmented_outputs/background/n01669191_box_turtle.JPEG,n01669191_box_turtle.JPEG,1.4667845240154795,0.042889030612244895,2152,151,10.278728234126385,0.9273101367410177,0.8956073658706799,0.38210325287538444,-5.325958501892568,-10.551213192416949,-0.3115802555777836
../benchmarks/vggnet16_benchmark2022/segmented_outputs/masks/n01632777_axolotl_mask.png,n01632777_axolotl_mask.png,0.8391236484259585,0.10505022321428571,5271,2,88.82910809264988,0.9076620497997403,0.7242610392187463,0.7639446936825142,-2.094051512860187,-3.6711627530179753,-0.31174270715426305
../benchmarks/vggnet16_benchmark2022/segmented_outputs/masks/n02107683_Bernese_mountain_dog_mask.png,n02107683_Bernese_mountain_dog_mask.png,0.9561789274939689,0.11302216198979592,5671,2,100.6056105042718,0.8954203633011728,0.6615046335416068,0.7766434877208779,-1.2581052545465339,-2.1884216326291273,-0.31209897865773595
../benchmarks/vggnet16_benchmark2022/segmented_outputs/masks/n03259280_Dutch_oven_mask.png,n03259280_Dutch_oven_mask.png,0.6786501529742612,0.09622130102040816,4828,2,83.74818102819825,0.9129436787648667,0.7954443446429786,0.6970382553332654,-2.746564710487891,-5.031844082115178,-0.3121571038714241
../benchmarks/vggnet16_benchmark2022/segmented_outputs/masks/n07802026_hay_mask.png,n07802026_hay_mask.png,0.8071777771718396,0.10395408163265306,5216,2,88.40868045321045,0.9080990847679725,0.739405731436864,0.7511856634675986,-2.1961395132356416,-3.8908820924790404,-0.31253590143901416
../benchmarks/vggnet16_benchmark2022/segmented_outputs/masks/n02123045_tabby_mask.png,n02123045_tabby_mask.png,0.26547435344226555,0.04432397959183673,2224,2,41.50167675906454,0.9568589638679162,0.9355887890336982,0.4815791659249891,-5.765751762981721,-11.015318937476625,-0.31265939480664245
../benchmarks/vggnet16_benchmark2022/segmented_outputs/masks/n04557648_water_bottle_mask.png,n04557648_water_bottle_mask.png,0.9221461735061882,0.11340082908163265,5690,2,102.68722053697141,0.8932565275083457,0.6775705608100737,0.7601320437285152,-1.250828193301705,-2.232715768859525,-0.3127236185734568
../benchmarks/vggnet16_benchmark2022/segmented_outputs/masks/n04356056_sunglasses_mask.png,n04356056_sunglasses_mask.png,0.694014788254816,0.10012755102040816,5024,2,90.65159739812466,0.9057675702722197,0.7817731645982715,0.6891691285920201,-2.3770155293888373,-4.422004608334037,-0.31303945420227597
../benchmarks/vggnet16_benchmark2022/segmented_outputs/masks/n01990800_isopod_mask.png,n01990800_isopod_mask.png,0.9338614169883608,0.11981823979591837,6012,2,115.71974201452845,0.8797092078851056,0.6635572015892564,0.734687816699076,-0.6193374651850001,-1.2345814121258436,-0.3131805734548351
../benchmarks/vggnet16_benchmark2022/segmented_outputs/masks/n03929855_pickelhaube_mask.png,n03929855_pickelhaube_mask.png,0.6668801862199001,0.09801498724489796,4918,2,90.01663232565582,0.9064276171250979,0.7949062042719115,0.6692045826109139,-2.492617360016754,-4.691288793492394,-0.31440895063414814
../benchmarks/vggnet16_benchmark2022/segmented_outputs/masks/n04589890_window_screen_mask.png,n04589890_window_screen_mask.png,0.7170304175170166,0.0989516900510204,4965,2,83.95512606471178,0.9127285591842913,0.7787555390337598,0.7215681211153726,-2.6194535764093896,-4.72204265674482,-0.31449247007078596
../benchmarks/vggnet16_benchmark2022/segmented_outputs/masks/n02113978_Mexican_hairless_mask.png,n02113978_Mexican_hairless_mask.png,0.5517880685791776,0.08657525510204081,4344,2,76.63018807290243,0.9203428398410578,0.838461753795903,0.6434733170402559,-3.3650673956767134,-6.286014270316755,-0.3145451046942211
../benchmarks/vggnet16_benchmark2022/segmented_outputs/masks/n02321529_sea_cucumber_mask.png,n02321529_sea_cucumber_mask.png,0.504326975740103,0.08191167091836735,4110,2,82.2761398491839,0.9144738671006405,0.8519075348119292,0.5631334985858123,-3.297825419816658,-6.461434174976505,-0.3146031294555218
../benchmarks/vggnet16_benchmark2022/segmented_outputs/masks/n01496331_electric_ray_mask.png,n01496331_electric_ray_mask.png,0.23963226188391626,0.0457389987244898,2295,2,30.93339734422426,0.9678447013053801,0.9468213975405988,0.5547306635078302,-6.184538784145728,-11.466020029240735,-0.31484188181086475
../benchmarks/vggnet16_benchmark2022/segmented_outputs/masks/n04251144_snorkel_mask.png,n04251144_snorkel_mask.png,0.9970787310446652,0.10405373086734694,5221,2,80.05891432003867,0.9167786753429952,0.6522432391642514,0.8327938948766158,-2.0935733108511396,-3.4270401373003554,-0.31493454453913317
../benchmarks/vggnet16_benchmark2022/segmented_outputs/background/n03832673_notebook.JPEG,n03832673_notebook.JPEG,1.6475374316119535,0.04982461734693878,2500,39,22.97872685548498,0.9284566780311567,0.8955277780778453,0.44587776421845177,-5.231610859606349,-10.106330927229688,-0.3155988995396868
../benchmarks/vggnet16_benchmark2022/segmented_outputs/masks/n02127052_lynx_mask.png,n02127052_lynx_mask.png,0.7102907088315019,0.10584741709183673,5311,2,103.2950734397746,0.8926246637840181,0.7690993360882878,0.6561160640466368,-1.7735980980273007,-3.496733817904077,-0.316538532034099
../benchmarks/vggnet16_benchmark2022/segmented_outputs/masks/n02109961_Eskimo_dog_mask.png,n02109961_Eskimo_dog_mask.png,0.5548702540161362,0.0852798150510204,4279,2,70.5376138472443,0.9266760770818665,0.8433251393415151,0.6674242532321537,-3.625024483071544,-6.6449327814501,-0.31665664189205583
../benchmarks/vggnet16_benchmark2022/segmented_outputs/background/n04371774_swing.JPEG,n04371774_swing.JPEG,3.229199031425371,0.1354033801020408,6794,16,34.86215099738189,0.7695816073396486,0.6740826496014698,0.5366629879858893,-1.2414338057541752,-2.232957850639763,-0.31721517156385126
../benchmarks/vggnet16_benchmark2022/segmented_outputs/masks/n04099969_rocking_chair_mask.png,n04099969_rocking_chair_mask.png,0.9380850114438541,0.11549346301020408,5795,2,104.71431423937716,0.891149361497529,0.667378981802359,0.761873700652403,-1.1001085405469917,-1.9606714203525124,-0.31781180909539547
../benchmarks/vggnet16_benchmark2022/segmented_outputs/masks/n04515003_upright_mask.png,n04515003_upright_mask.png,0.9634929682931725,0.11916055484693877,5979,2,111.2720911285536,0.8843325456044142,0.6513342974505325,0.7554083456364462,-0.7338507187455285,-1.3524481990922896,-0.3184109581949795
../benchmarks/vggnet16_benchmark2022/segmented_outputs/masks/n01616318_vulture_mask.png,n01616318_vulture_mask.png,0.5479126738503834,0.08888711734693877,4460,2,90.62844738697706,0.905791634732872,0.8339485937838805,0.5697250289199585,-2.802040020531522,-5.578124036380627,-0.31841146620323185
../benchmarks/vggnet16_benchmark2022/segmented_outputs/masks/n02106662_German_shepherd_mask.png,n02106662_German_shepherd_mask.png,0.21204792958130445,0.034837372448979595,1748,2,31.477728247041043,0.9672788687660696,0.9530823456343702,0.4519384554843967,-6.36231918747814,-12.144392479153176,-0.3190401431408302
../benchmarks/vggnet16_benchmark2022/segmented_outputs/masks/n03733805_measuring_cup_mask.png,n03733805_measuring_cup_mask.png,0.8428761127509163,0.10634566326530612,5336,2,88.72310837828223,0.9077722366130122,0.7209182738711989,0.7671659806927987,-2.064295893359649,-3.5986520346161806,-0.31934650479647897
../benchmarks/vggnet16_benchmark2022/segmented_outputs/masks/n03657121_lens_cap_mask.png,n03657121_lens_cap_mask.png,0.3820537644692721,0.06295838647959184,3159,2,59.140023847609896,0.9385238837342933,0.9006932797884147,0.529092239973959,-4.662549909377162,-8.931909944630107,-0.3194103007586897
../benchmarks/vggnet16_benchmark2022/segmented_outputs/masks/n03676483_lipstick_mask.png,n03676483_lipstick_mask.png,0.582218458729825,0.08860809948979592,4446,2,71.78699100529512,0.925377348227344,0.8319943494027873,0.6871375548443377,-3.475555306824596,-6.311832530893956,-0.32003803116313567
../benchmarks/vggnet16_benchmark2022/segmented_outputs/background/n03709823_mailbag.JPEG,n03709823_mailbag.JPEG,1.625826729044507,0.029257015306122448,1468,202,5.9849859779560415,0.9516863761670286,0.9274720468463259,0.34765468604622474,-5.665455484884717,-11.412304088168248,-0.32055511222816185
../benchmarks/vggnet16_benchmark2022/segmented_outputs/masks/n07871810_meat_loaf_mask.png,n07871810_meat_loaf_mask.png,0.9931490969843833,0.12723214285714285,6384,2,125.90479575078174,0.8691218339388964,0.625167493067524,0.7355385997483984,0.03445133402409961,-0.09666213812172314,-0.32066440703110566
../benchmarks/vggnet16_benchmark2022/segmented_outputs/masks/n01688243_frilled_lizard_mask.png,n01688243_frilled_lizard_mask.png,0.6280192030689516,0.10451211734693877,5244,2,118.16189307374597,0.8771705893204303,0.7924040151656683,0.5350239647202822,-1.3700038890876693,-3.2311533049086147,-0.32147695285548533
../benchmarks/vggnet16_benchmark2022/segmented_outputs/background/n02869837_bonnet.JPEG,n02869837_bonnet.JPEG,1.6653336097614846,0.06403459821428571,3213,135,33.232484803498096,0.9041635204012782,0.858214570482053,0.4210124348624649,-4.018953536335878,-8.133467064972962,-0.32155442016568714
../benchmarks/vggnet16_benchmark2022/segmented_outputs/masks/n03197337_digital_watch_mask.png,n03197337_digital_watch_mask.png,0.8060243695388705,0.11214524872448979,5627,2,105.041912020677,0.8908088232633296,0.7300010267795123,0.7043819097319303,-1.4288407553088085,-2.7235277430710267,-0.32224517585420887
../benchmarks/vggnet16_benchmark2022/segmented_outputs/masks/n03207941_dishwasher_mask.png,n03207941_dishwasher_mask.png,0.9996456784224674,0.123046875,6174,2,116.56034824372091,0.8788353968360489,0.6274947953486009,0.7573346321788084,-0.37680791289665105,-0.7261473862154691,-0.32242690294355825
../benchmarks/vggnet16_benchmark2022/segmented_outputs/masks/n03534580_hoopskirt_mask.png,n03534580_hoopskirt_mask.png,0.6308099555268742,0.09638073979591837,4836,2,87.28304275991349,0.9092691863202563,0.8078774243582079,0.6569640690964755,-2.6807150781305875,-5.047236402511162,-0.3236072872458082
../benchmarks/vggnet16_benchmark2022/segmented_outputs/masks/n04418357_theater_curtain_mask.png,n04418357_theater_curtain_mask.png,0.8127593905172004,0.10941485969387756,5490,2,97.11313385230704,0.8990507964113232,0.7319526877787013,0.7293768844027642,-1.7649541517273328,-3.211157444292548,-0.32408093086189965
../benchmarks/vggnet16_benchmark2022/segmented_outputs/masks/n02835271_bicycle-built-for-two_mask.png,n02835271_bicycle-built-for-two_mask.png,0.9923696376600212,0.11511479591836735,5776,2,100.0198405413345,0.8960292717865546,0.6415166511456718,0.7898499839777238,-1.157760517681565,-1.9544172445141723,-0.32414064316646996
../benchmarks/vggnet16_benchmark2022/segmented_outputs/masks/n02859443_boathouse_mask.png,n02859443_boathouse_mask.png,0.9511130087031896,0.11615114795918367,5828,2,103.55396532497238,0.8923555454002365,0.6617228820961683,0.7687749903235828,-1.1060871127529293,-1.9386219307529124,-0.32424750542239494
../benchmarks/vggnet16_benchmark2022/segmented_outputs/masks/n04380533_table_lamp_mask.png,n04380533_table_lamp_mask.png,0.9923221228357728,0.1426578443877551,7158,2,156.46258444101974,0.8373569808305408,0.6083333617271074,0.6703010303883623,1.4485365917683999,2.1139649607198567,-0.32433776058303304
../benchmarks/vggnet16_benchmark2022/segmented_outputs/masks/n02536864_coho_mask.png,n02536864_coho_mask.png,0.9952626475201849,0.1267139668367347,6358,2,123.30872751635859,0.8718204495671948,0.6254403906435169,0.7418434975588429,-0.06860753802621106,-0.24592623724160756,-0.3253968300851774
../benchmarks/vggnet16_benchmark2022/segmented_outputs/masks/n03877845_palace_mask.png,n03877845_palace_mask.png,0.9211520734996325,0.10981345663265306,5510,2,90.37142514745517,0.90605880961803,0.6856644302849875,0.7885588371276552,-1.7869229403823863,-3.0373137468484557,-0.3268900900346995
../benchmarks/vggnet16_benchmark2022/segmented_outputs/background/n02256656_cicada.JPEG,n02256656_cicada.JPEG,3.2080854863608854,0.19256218112244897,9662,37,159.8740480884574,0.7130678085194886,0.5550872018514694,0.5579382266040596,4.267609208955997,7.004780490962181,-0.3271211074104305
../benchmarks/vggnet16_benchmark2022/segmented_outputs/masks/n01883070_wombat_mask.png,n01883070_wombat_mask.png,0.7063883405448648,0.10409359056122448,5223,2,95.62564542356978,0.9005970421792413,0.7777128028530893,0.6743502300158863,-2.115209149128084,-4.006502610840274,-0.32719730309342604
../benchmarks/vggnet16_benchmark2022/segmented_outputs/background/n03633091_ladle.JPEG,n03633091_ladle.JPEG,0.782239492618041,0.020966198979591837,1052,54,2.8908887427700822,0.9635696542132473,0.947862143196879,0.35371757267541354,-6.958960271313079,-13.453556354703258,-0.32733743807621324
../benchmarks/vggnet16_benchmark2022/segmented_outputs/background/n02106382_Bouvier_des_Flandres.JPEG,n02106382_Bouvier_des_Flandres.JPEG,2.504836606306593,0.11804448341836735,5923,94,66.08650401621237,0.8277471644137491,0.7440503954078233,0.5259811362148477,-1.1514700557457558,-2.582905856524434,-0.32736663692930384
../benchmarks/vggnet16_benchmark2022/segmented_outputs/masks/n02090379_redbone_mask.png,n02090379_redbone_mask.png,0.8906601655984474,0.11599170918367346,5820,2,105.41122832042504,0.8904249185858367,0.6919127718787087,0.7410644833176459,-1.1793370380900576,-2.1576884587780185,-0.32746435426096104
../benchmarks/vggnet16_benchmark2022/segmented_outputs/masks/n03877472_pajama_mask.png,n03877472_pajama_mask.png,0.9974983611927358,0.12617586096938777,6331,2,121.31205770810087,0.8738959899084191,0.6260033192739087,0.7464815660320439,-0.15107966815704837,-0.3681557913361797,-0.3281730885163953
../benchmarks/vggnet16_benchmark2022/segmented_outputs/masks/n02113799_standard_poodle_mask.png,n02113799_standard_poodle_mask.png,0.9976780366122484,0.1104312818877551,5541,2,88.9261302143133,0.9075611952034166,0.6465544282126258,0.8141911959987881,-1.6513785675264472,-2.713183181951114,-0.3287617933845096
../benchmarks/vggnet16_benchmark2022/segmented_outputs/background/n02445715_skunk.JPEG,n02445715_skunk.JPEG,0.8823915209993745,0.02311862244897959,1160,46,7.566166876916178,0.958973605820354,0.9406652699442769,0.3457206997459713,-6.723708996703152,-13.072273764309486,-0.32908285854190883
../benchmarks/vggnet16_benchmark2022/segmented_outputs/masks/n02814533_beach_wagon_mask.png,n02814533_beach_wagon_mask.png,0.9313770952504488,0.1266143176020408,6353,2,125.39494989873145,0.8696518192320879,0.6597751753394656,0.7108714037566695,-0.1497806926962394,-0.4893081490058384,-0.3293235812764602
../benchmarks/vggnet16_benchmark2022/segmented_outputs/background/n04118538_rugby_ball.JPEG,n04118538_rugby_ball.JPEG,1.7641572627436604,0.05522560586734694,2771,38,3.400267405216259,0.9132013930246554,0.875652959135846,0.4515812665394345,-5.529088167436626,-10.4164385419744,-0.3296719108569559
../benchmarks/vggnet16_benchmark2022/segmented_outputs/masks/n03000134_chainlink_fence_mask.png,n03000134_chainlink_fence_mask.png,0.9949012250212942,0.12904575892857142,6475,2,126.62496734189591,0.868373214821314,0.6242034146044397,0.7347182112735803,0.09233217687307743,0.012260875262150805,-0.33010205337212006
../benchmarks/vggnet16_benchmark2022/segmented_outputs/masks/n02098286_West_Highland_white_terrier_mask.png,n02098286_West_Highland_white_terrier_mask.png,0.9653804656489899,0.11397879464285714,5719,2,96.65241345165484,0.8995297157467206,0.6592349725910774,0.7882489897523377,-1.3763298280886729,-2.328090681002008,-0.3302021093240753
../benchmarks/vggnet16_benchmark2022/segmented_outputs/masks/n02389026_sorrel_mask.png,n02389026_sorrel_mask.png,0.8064413384126952,0.11866230867346939,5954,2,118.3144546356107,0.8770120014182842,0.7233812486801916,0.6662196200044275,-0.8197370541090985,-1.8001482457057392,-0.33028352893029006
../benchmarks/vggnet16_benchmark2022/segmented_outputs/background/n01775062_wolf_spider.JPEG,n01775062_wolf_spider.JPEG,2.2597856347956977,0.06873804209183673,3449,100,20.560481821689134,0.8901113009737882,0.842826950266796,0.42851983907395474,-4.098362633705045,-8.095317288538721,-0.3308037563075414
../benchmarks/vggnet16_benchmark2022/segmented_outputs/masks/n02395406_hog_mask.png,n02395406_hog_mask.png,0.5865494838143117,0.09339126275510204,4686,2,85.74056030347329,0.910872598437138,0.8246674765172847,0.626404439430563,-2.8632514637288304,-5.462286193628644,-0.33115589261817124
../benchmarks/vggnet16_benchmark2022/segmented_outputs/background/n04033901_quill.JPEG,n04033901_quill.JPEG,0.7671272582501187,0.022122130102040817,1110,80,3.8374302263959224,0.9643041644193299,0.9484624826959582,0.35273976498004134,-6.820248892406092,-13.247453229443108,-0.3315438723937312
../benchmarks/vggnet16_benchmark2022/segmented_outputs/masks/n02110806_basenji_mask.png,n02110806_basenji_mask.png,0.9833341230671957,0.11411830357142858,5726,2,95.88653878999038,0.9003258432536482,0.6496264402220786,0.7956204360316061,-1.3585808962066002,-2.269900474800844,-0.33182624811235806
../benchmarks/vggnet16_benchmark2022/segmented_outputs/masks/n04037443_racer_mask.png,n04037443_racer_mask.png,0.6192652976261281,0.0947265625,4753,2,79.419225707194,0.9174436323210041,0.8162853626574575,0.6796003892175687,-3.030093099772352,-5.556163143751915,-0.33244097037907994
../benchmarks/vggnet16_benchmark2022/segmented_outputs/background/n02794156_barometer.JPEG,n02794156_barometer.JPEG,3.922505871983591,0.14449139030612246,7250,272,15.944426930425271,0.7630940490159839,0.668912573773759,0.5412546588695726,-0.31059963653133077,-0.7749554155706615,-0.3327031001768836
../benchmarks/vggnet16_benchmark2022/segmented_outputs/masks/n02104365_schipperke_mask.png,n02104365_schipperke_mask.png,0.937290106054803,0.11274314413265306,5657,2,94.07641875796976,0.9022074649085553,0.6751973549378187,0.7852301603954064,-1.5610995518308706,-2.6525221153116796,-0.33312976874540845
../benchmarks/vggnet16_benchmark2022/segmented_outputs/masks/n04409515_tennis_ball_mask.png,n04409515_tennis_ball_mask.png,0.6966758051328793,0.10142299107142858,5089,2,85.89130482758299,0.9107158993476268,0.7855128472884376,0.7036152409708538,-2.5452649026566343,-4.633812075744083,-0.33365921521489866
../benchmarks/vggnet16_benchmark2022/segmented_outputs/masks/n02165456_ladybug_mask.png,n02165456_ladybug_mask.png,0.7774383125695881,0.10461176658163265,5249,2,84.40432950823475,0.9122616117378017,0.7531459590481291,0.7509580808223342,-2.3969948804027323,-4.209617636569358,-0.3339056375280156
../benchmarks/vggnet16_benchmark2022/segmented_outputs/background/n04404412_television.JPEG,n04404412_television.JPEG,3.2470303737496518,0.12107382015306123,6075,299,29.88678946801251,0.8058357132668239,0.7262624415228807,0.47306954190620265,-0.8760786770347067,-2.267958480370796,-0.33418723041131904
../benchmarks/vggnet16_benchmark2022/segmented_outputs/masks/n02917067_bullet_train_mask.png,n02917067_bullet_train_mask.png,0.7524617420196192,0.10704320790816327,5371,2,93.53043345019492,0.9027750172035396,0.7589914243102311,0.7104001713604116,-2.0583839250326434,-3.770640777201523,-0.3341918940402179
../benchmarks/vggnet16_benchmark2022/segmented_outputs/masks/n03124170_cowboy_hat_mask.png,n03124170_cowboy_hat_mask.png,0.9635977236422713,0.10271843112244898,5154,2,71.74546159362072,0.9254205180939494,0.6757221617986096,0.8426072761458983,-2.5208155154982337,-4.102168194271735,-0.334350029435373
../benchmarks/vggnet16_benchmark2022/segmented_outputs/masks/n03417042_garbage_truck_mask.png,n03417042_garbage_truck_mask.png,0.992985215876691,0.11758609693877552,5900,2,101.94258082212122,0.8940305812659862,0.6405265829329841,0.785665276099995,-1.0463349134974385,-1.7639473187647905,-0.33452603634354017
../benchmarks/vggnet16_benchmark2022/segmented_outputs/masks/n02169497_leaf_beetle_mask.png,n02169497_leaf_beetle_mask.png,0.6259892441148551,0.09422831632653061,4728,2,75.00588465797767,0.9220313049293372,0.8168436778880481,0.7006261716023001,-3.1987299230500046,-5.768000882365653,-0.3348077440232428
../benchmarks/vggnet16_benchmark2022/segmented_outputs/masks/n03016953_chiffonier_mask.png,n03016953_chiffonier_mask.png,0.9907559880761518,0.12422273596938775,6233,2,115.59476104170253,0.879839125736276,0.6337345256017287,0.7557977001417355,-0.421892702609761,-0.7931851041352478,-0.3348239701690888
../benchmarks/vggnet16_benchmark2022/segmented_outputs/masks/n01514668_cock_mask.png,n01514668_cock_mask.png,0.9997292850962523,0.12392378826530612,6218,2,114.56466006137758,0.8809099167761147,0.6286861261027274,0.7614936860782513,-0.44130069837567654,-0.8065466399844712,-0.33493372588619463
../benchmarks/vggnet16_benchmark2022/segmented_outputs/masks/n03538406_horse_cart_mask.png,n03538406_horse_cart_mask.png,0.9362627874790388,0.12314652423469388,6179,2,115.64982657343091,0.8797818850588036,0.6612221368649026,0.7366849798656949,-0.5622179838048855,-1.1010900532464882,-0.33499255268210604
../benchmarks/vggnet16_benchmark2022/segmented_outputs/masks/n04604644_worm_fence_mask.png,n04604644_worm_fence_mask.png,0.9997929805762846,0.12145248724489796,6094,2,109.21419337540809,0.8864717324579958,0.6330500268286656,0.7726304428572753,-0.6909210305039566,-1.1962924016666847,-0.33568532011680385
../benchmarks/vggnet16_benchmark2022/segmented_outputs/masks/n04235860_sleeping_bag_mask.png,n04235860_sleeping_bag_mask.png,0.9997543034271978,0.11993781887755102,6018,2,105.81769955935664,0.8900023913104401,0.634208783630694,0.7797043977141334,-0.8424244074489173,-1.4307602026411668,-0.33695554469827954
../benchmarks/vggnet16_benchmark2022/segmented_outputs/masks/n02177972_weevil_mask.png,n02177972_weevil_mask.png,0.9977717613584647,0.11935985331632654,5989,2,104.66371324023683,0.8912019612887351,0.6359311909066911,0.7815668686901497,-0.900694304317916,-1.524419252848599,-0.33702903478149016
../benchmarks/vggnet16_benchmark2022/segmented_outputs/masks/n04074963_remote_control_mask.png,n04074963_remote_control_mask.png,0.09729619782944404,0.018435108418367346,925,2,13.917454324810162,0.9855327917621516,0.9807267444053579,0.39404059904659117,-7.400762992144697,-14.123060246412852,-0.33717722920389154
../benchmarks/vggnet16_benchmark2022/segmented_outputs/masks/n03891251_park_bench_mask.png,n03891251_park_bench_mask.png,0.9777782983000477,0.12047592474489796,6045,2,107.44628078032477,0.8883094794383318,0.645278502198217,0.7691612827289567,-0.8255818906749346,-1.437562400274068,-0.33759416307754553
../benchmarks/vggnet16_benchmark2022/segmented_outputs/background/n03595614_jersey.JPEG,n03595614_jersey.JPEG,2.228043458654299,0.08071588010204081,4050,90,11.804222608535936,0.8699357261162108,0.8201225062530968,0.4591531151713638,-4.02306657767468,-7.690654569011375,-0.33777291424735373
../benchmarks/vggnet16_benchmark2022/segmented_outputs/masks/n02422106_hartebeest_mask.png,n02422106_hartebeest_mask.png,0.601124074888402,0.09369021045918367,4701,2,78.12133452516913,0.9187927915538783,0.8243622799222409,0.6691486408593343,-3.1310397533480563,-5.760353618817565,-0.3382461850472041
../benchmarks/vggnet16_benchmark2022/segmented_outputs/background/n01797886_ruffed_grouse.JPEG,n01797886_ruffed_grouse.JPEG,5.519147639422874,0.255859375,12838,162,68.51357106765451,0.5446231005501938,0.38018541798785316,0.5506438592414027,5.573698444749639,10.256062115493723,-0.339588438473465
../benchmarks/vggnet16_benchmark2022/segmented_outputs/masks/n02018795_bustard_mask.png,n02018795_bustard_mask.png,0.968542010664615,0.1184829400510204,5945,2,102.09728167561644,0.8938697695679663,0.6539109345687265,0.7774892025715582,-1.087914210134804,-1.8533980999687292,-0.34262453228268497
../benchmarks/vggnet16_benchmark2022/segmented_outputs/masks/n02268853_damselfly_mask.png,n02268853_damselfly_mask.png,0.9433205649857098,0.1307796556122449,6562,2,128.84649622811534,0.8660639332348073,0.6515365491769486,0.7082312543501575,0.07510510215078481,-0.09250963077249053,-0.3440214277245581
../benchmarks/vggnet16_benchmark2022/segmented_outputs/background/n02107574_Greater_Swiss_Mountain_dog.JPEG,n02107574_Greater_Swiss_Mountain_dog.JPEG,2.986821154199717,0.10979352678571429,5509,155,33.81040981547473,0.8282443242096942,0.7577574261491397,0.4808491352991401,-1.8712185857954364,-3.9045989222752935,-0.34405611597420177
../benchmarks/vggnet16_benchmark2022/segmented_outputs/masks/n02125311_cougar_mask.png,n02125311_cougar_mask.png,0.9722481823837907,0.12248883928571429,6146,2,109.7968712264303,0.8858660382261639,0.646746811004034,0.7622653748415849,-0.7171257379059524,-1.2664921264007263,-0.3441806798770722
../benchmarks/vggnet16_benchmark2022/segmented_outputs/masks/n01981276_king_crab_mask.png,n01981276_king_crab_mask.png,0.9385834239827593,0.1249202806122449,6268,2,116.37165067503506,0.8790315481548492,0.6602138392873792,0.7354762610530212,-0.5044858731812015,-0.9938265819214971,-0.3444778416945908
../benchmarks/vggnet16_benchmark2022/segmented_outputs/background/n04005630_prison.JPEG,n04005630_prison.JPEG,3.474597707486874,0.15581154336734693,7818,268,86.35832986075346,0.7411122005873847,0.6432760239755666,0.40066939625500875,2.028707361165527,2.5498501826704087,-0.34450478628362796
../benchmarks/vggnet16_benchmark2022/segmented_outputs/masks/n01682714_American_chameleon_mask.png,n01682714_American_chameleon_mask.png,0.24465934383444618,0.04334741709183673,2175,2,38.32150112744763,0.9601647597427779,0.9426931784653352,0.4512347075089209,-5.932029209723716,-11.372453738857967,-0.3446887364434478
../benchmarks/vggnet16_benchmark2022/segmented_outputs/masks/n03424325_gasmask_mask.png,n03424325_gasmask_mask.png,0.8805881388489988,0.13283242984693877,6665,2,138.44384035758924,0.85608748403577,0.6790943863309225,0.653369719014641,0.32761845941199946,0.149164175165443,-0.34480534559930714
../benchmarks/vggnet16_benchmark2022/segmented_outputs/masks/n02979186_cassette_player_mask.png,n02979186_cassette_player_mask.png,0.9998796864463204,0.12466119260204081,6255,2,112.97579097144829,0.8825615478467275,0.6297193198063669,0.7648174148630864,-0.49235190795807177,-0.8697054030524389,-0.345122967549813
../benchmarks/vggnet16_benchmark2022/segmented_outputs/background/n02174001_rhinoceros_beetle.JPEG,n02174001_rhinoceros_beetle.JPEG,1.624244858371684,0.049326371173469385,2475,63,9.783767662229046,0.922347365840201,0.8927855122949604,0.39634699239917115,-5.4997203844310185,-10.642542835282258,-0.3461946819088463
../benchmarks/vggnet16_benchmark2022/segmented_outputs/background/n02097209_standard_schnauzer.JPEG,n02097209_standard_schnauzer.JPEG,3.2410320834782906,0.10086495535714286,5061,260,21.912664208482465,0.8382563107547143,0.7674070307786081,0.44030703753956746,-1.9392114784521959,-4.284244240235233,-0.3462833899413775
../benchmarks/vggnet16_benchmark2022/segmented_outputs/masks/n01669191_box_turtle_mask.png,n01669191_box_turtle_mask.png,0.177800250518525,0.03575414540816327,1794,2,27.875526239242113,0.9710233614976693,0.9589016033580611,0.44591099050934363,-6.515936208639962,-12.394910630665109,-0.3468357454582138
../benchmarks/vggnet16_benchmark2022/segmented_outputs/background/n04367480_swab.JPEG,n04367480_swab.JPEG,1.321537207493094,0.02596859056122449,1303,74,5.377501035856863,0.9592561143926229,0.9413976454383478,0.3468637696373769,-6.469706194649199,-12.650016138782046,-0.34744870338775563
../benchmarks/vggnet16_benchmark2022/segmented_outputs/background/n03690938_lotion.JPEG,n03690938_lotion.JPEG,1.5738806255009232,0.027861926020408163,1398,22,4.087560693977043,0.9290937360606695,0.8865785015381028,0.2660684489532952,-6.196624619358074,-12.282885958048038,-0.34773604911407296
../benchmarks/vggnet16_benchmark2022/segmented_outputs/background/n01704323_triceratops.JPEG,n01704323_triceratops.JPEG,1.1820857223376817,0.037986288265306124,1906,12,22.003273109663958,0.9279280348451635,0.8898660117995086,0.3112574522817412,-5.701094737772378,-11.310480848235063,-0.348361842814705
../benchmarks/vggnet16_benchmark2022/segmented_outputs/masks/n02089973_English_foxhound_mask.png,n02089973_English_foxhound_mask.png,0.6779938228814739,0.10921556122448979,5480,2,106.00430456662426,0.8898084152114093,0.7805551893331963,0.623075511882113,-1.6802630407097943,-3.413619560293185,-0.34853411592405087
../benchmarks/vggnet16_benchmark2022/segmented_outputs/masks/n03602883_joystick_mask.png,n03602883_joystick_mask.png,0.13676889346377719,0.024254623724489797,1217,2,21.588276669510943,0.9775589639610074,0.9703811578920342,0.38299325178511523,-6.977990392955839,-13.420360020059036,-0.3487458551420094
../benchmarks/vggnet16_benchmark2022/segmented_outputs/masks/n02071294_killer_whale_mask.png,n02071294_killer_whale_mask.png,0.2802014036937613,0.05129942602040816,2574,2,44.69907388261154,0.9535352662342915,0.931014431770232,0.4757264438137173,-5.521097073351607,-10.568386918399248,-0.34918308051855207
../benchmarks/vggnet16_benchmark2022/segmented_outputs/masks/n02410509_bison_mask.png,n02410509_bison_mask.png,0.694988004196773,0.10732222576530612,5385,2,96.54096976470943,0.8996455615751462,0.7800464472143365,0.6663960482783678,-2.0466839705932545,-3.8876031788668612,-0.34993158470979757
../benchmarks/vggnet16_benchmark2022/segmented_outputs/masks/n04367480_swab_mask.png,n04367480_swab_mask.png,0.1510113043395777,0.02529097576530612,1269,2,19.809530680237174,0.9794079722658657,0.9719296851135267,0.4011065571523026,-7.0280979651458715,-13.439525453842613,-0.35001280146934666
../benchmarks/vggnet16_benchmark2022/segmented_outputs/background/n03445777_golf_ball.JPEG,n03445777_golf_ball.JPEG,0.33313473477708855,0.008450255102040817,424,16,1.5118901453499425,0.9851193900287734,0.9778470953767762,0.3133887102435293,-7.763341816460313,-14.994007420919774,-0.35051477167314415
../benchmarks/vggnet16_benchmark2022/segmented_outputs/masks/n02699494_altar_mask.png,n02699494_altar_mask.png,0.34202166792234123,0.06174266581632653,3098,2,49.93541402339871,0.9480920852147622,0.9159876553531842,0.5332616364750967,-5.091774585055639,-9.616194709995913,-0.35089047088457714
../benchmarks/vggnet16_benchmark2022/segmented_outputs/background/n04118776_rule.JPEG,n04118776_rule.JPEG,1.3074789031709078,0.020448022959183673,1026,97,4.449281821800091,0.9688394683042689,0.9536814284667252,0.329013264977815,-6.599115882358664,-12.99971846874595,-0.3513635852115603
../benchmarks/vggnet16_benchmark2022/segmented_outputs/masks/n04209239_shower_curtain_mask.png,n04209239_shower_curtain_mask.png,0.28565147668488966,0.052056760204081634,2612,2,46.07866982907963,0.9521011748138466,0.9293418615612306,0.47104569736380775,-5.450743737765612,-10.461453225993129,-0.35141269696786115
../benchmarks/vggnet16_benchmark2022/segmented_outputs/masks/n04554684_washer_mask.png,n04554684_washer_mask.png,0.9997890652111838,0.11752630739795919,5897,2,96.36081090362605,0.8998328368985176,0.6403158770630635,0.7993822915323084,-1.2482194493353531,-2.041271153963273,-0.3518954737614721
../benchmarks/vggnet16_benchmark2022/segmented_outputs/masks/n04325704_stole_mask.png,n04325704_stole_mask.png,0.12167364621575306,0.02281967474489796,1145,2,19.28324414855625,0.9799550476626234,0.9736493266069582,0.379994779149827,-7.102184758838241,-13.640638755699527,-0.3523796773609648
../benchmarks/vggnet16_benchmark2022/segmented_outputs/masks/n02281406_sulphur_butterfly_mask.png,n02281406_sulphur_butterfly_mask.png,0.9835531843987362,0.12771045918367346,6408,2,117.51511472991206,0.8778429160811725,0.6353740499702419,0.7500307985291974,-0.308417529797703,-0.5950169377477993,-0.3525963581166226
../benchmarks/vggnet16_benchmark2022/segmented_outputs/masks/n02113624_toy_poodle_mask.png,n02113624_toy_poodle_mask.png,0.9412787431458398,0.12159199617346939,6101,2,106.65914552366306,0.8891277073558597,0.6659063807726335,0.7576473704121052,-0.9307533657235105,-1.6392947919390153,-0.3526839470374794
../benchmarks/vggnet16_benchmark2022/segmented_outputs/masks/n02264363_lacewing_mask.png,n02264363_lacewing_mask.png,0.43814133067958827,0.07730787627551021,3879,2,79.31614347364672,0.9175507864099306,0.873613076874441,0.48736665772540755,-3.583670282586069,-7.180516798877029,-0.3533039533171181
../benchmarks/vggnet16_benchmark2022/segmented_outputs/masks/n03494278_harmonica_mask.png,n03494278_harmonica_mask.png,0.6781251590355131,0.10564811862244898,5301,2,93.42241360138044,0.9028873039486689,0.7888879468478835,0.6645480721815766,-2.226288455424837,-4.198851098694725,-0.353709471504085
../benchmarks/vggnet16_benchmark2022/segmented_outputs/masks/n09246464_cliff_mask.png,n09246464_cliff_mask.png,0.761159016178774,0.11545360331632654,5793,2,107.24648430046273,0.8885171680868371,0.7487520882310701,0.6720572201352312,-1.3876584171100188,-2.7273011856778275,-0.3538511720629158
../benchmarks/vggnet16_benchmark2022/segmented_outputs/masks/n03710193_mailbox_mask.png,n03710193_mailbox_mask.png,0.3717483594773231,0.06859853316326531,3442,2,58.56589495374817,0.9391206913162702,0.9006601779847813,0.5370260364315691,-4.6029875724846,-8.75536562937101,-0.3539668082160566
../benchmarks/vggnet16_benchmark2022/segmented_outputs/masks/n04336792_stretcher_mask.png,n04336792_stretcher_mask.png,0.8988735450225136,0.12460140306122448,6252,2,114.73220171657078,0.8807357570513819,0.6803572150213959,0.7236794768740777,-0.6617164161051903,-1.2928033031767205,-0.3546238336773835
../benchmarks/vggnet16_benchmark2022/segmented_outputs/masks/n09193705_alp_mask.png,n09193705_alp_mask.png,0.3906222126787963,0.07146843112244898,3586,2,57.20022941957216,0.9405403020586569,0.8975726552667561,0.5698496867262053,-4.590983925861182,-8.613891904276493,-0.3549597690308156
../benchmarks/vggnet16_benchmark2022/segmented_outputs/masks/n04111531_rotisserie_mask.png,n04111531_rotisserie_mask.png,0.8843677175637641,0.12083466198979592,6063,2,107.51539131537513,0.8882376389653066,0.6942719093266494,0.7327544811317814,-1.041258636647887,-1.9136039720848101,-0.35526373535693856
../benchmarks/vggnet16_benchmark2022/segmented_outputs/masks/n03125729_cradle_mask.png,n03125729_cradle_mask.png,0.7615581178200337,0.11084980867346939,5562,2,94.60202736153997,0.9016610942187734,0.7564044910590036,0.7096859966550837,-1.9487741456476988,-3.5571501018632947,-0.3556256218618902
../benchmarks/vggnet16_benchmark2022/segmented_outputs/masks/n07860988_dough_mask.png,n07860988_dough_mask.png,0.9694459476254362,0.12902582908163265,6474,2,119.68510670119088,0.8755872071713193,0.6415094330222678,0.7402590134154049,-0.2381886878508554,-0.5033505376483884,-0.3564270408894347
../benchmarks/vggnet16_benchmark2022/segmented_outputs/masks/n01608432_kite_mask.png,n01608432_kite_mask.png,0.8753951896473406,0.12240911989795919,6142,2,110.81443753166616,0.8848082769941101,0.6941170893557593,0.7232742026583096,-0.8997290766409417,-1.701483915336563,-0.3565167507234247
../benchmarks/vggnet16_benchmark2022/segmented_outputs/masks/n04398044_teapot_mask.png,n04398044_teapot_mask.png,0.42140129524314157,0.07529496173469388,3778,2,67.90866119326532,0.9294088760984768,0.884363638905589,0.535650814303742,-4.079155164874652,-7.854314906298739,-0.3567585057043849
../benchmarks/vggnet16_benchmark2022/segmented_outputs/masks/n01855032_red-breasted_merganser_mask.png,n01855032_red-breasted_merganser_mask.png,0.3673856350757968,0.06642617984693877,3333,2,58.425920869197846,0.9392661945226635,0.9040686756838003,0.5146502543625318,-4.655359916134827,-8.923931905410681,-0.3570167967954289
../benchmarks/vggnet16_benchmark2022/segmented_outputs/masks/n03773504_missile_mask.png,n03773504_missile_mask.png,0.11528027591751826,0.020926339285714284,1050,2,16.117430625069765,0.9832459141111541,0.9778199191182264,0.37581934345171564,-7.264886367628841,-13.929680365230258,-0.35807826750853056
../benchmarks/vggnet16_benchmark2022/segmented_outputs/background/n02011460_bittern.JPEG,n02011460_bittern.JPEG,2.777903310637144,0.1063655931122449,5337,139,26.105850353209345,0.8290154251667139,0.7570751745354176,0.4550716330663941,-2.301930692687396,-4.662580344020615,-0.3585159542046132
../benchmarks/vggnet16_benchmark2022/segmented_outputs/masks/n04423845_thimble_mask.png,n04423845_thimble_mask.png,0.9839179076593688,0.1280094068877551,6423,2,116.29694694161475,0.8791092027633942,0.6358283454638081,0.7527495061104499,-0.35015439782472507,-0.6496720223083893,-0.35856949958810025
../benchmarks/vggnet16_benchmark2022/segmented_outputs/masks/n04371430_swimming_trunks_mask.png,n04371430_swimming_trunks_mask.png,0.9986077558773512,0.12649473852040816,6347,2,112.62732115540894,0.882923782582735,0.6303989913129026,0.7652363475028278,-0.48076530811425067,-0.8307642813705669,-0.35873784427796096
../benchmarks/vggnet16_benchmark2022/segmented_outputs/masks/n02098413_Lhasa_mask.png,n02098413_Lhasa_mask.png,0.937912656853882,0.13538345025510204,6793,2,134.2091096604055,0.8604894909974995,0.650724613692278,0.6940914491358093,0.34142211260569805,0.3355423062284226,-0.35899652334020055
../benchmarks/vggnet16_benchmark2022/segmented_outputs/masks/n04208210_shovel_mask.png,n04208210_shovel_mask.png,0.8688231735354925,0.11931999362244898,5987,2,103.36884587212451,0.8925479772639038,0.7008866201632831,0.7395937816758843,-1.2470815379064635,-2.238501749178702,-0.3590492215840021
../benchmarks/vggnet16_benchmark2022/segmented_outputs/masks/n02442845_mink_mask.png,n02442845_mink_mask.png,0.45211762235683617,0.0809749681122449,4063,2,74.62931186547456,0.922422752738592,0.8710886735607941,0.5420342957493651,-3.6853915188204343,-7.14915103712164,-0.35908028624105637
../benchmarks/vggnet16_benchmark2022/segmented_outputs/masks/n03633091_ladle_mask.png,n03633091_ladle_mask.png,0.09804839058950655,0.01686065051020408,846,2,15.802087429041968,0.9835737136912246,0.9792189920896229,0.3417184048714541,-7.349243123401191,-14.1986666226632,-0.35914359820175434
../benchmarks/vggnet16_benchmark2022/segmented_outputs/masks/n02815834_beaker_mask.png,n02815834_beaker_mask.png,0.9467675490508294,0.12577726403061223,6311,2,113.14732004473376,0.8823832431967424,0.6591895866386143,0.745017194160525,-0.6026741730002388,-1.1101920499097868,-0.35948056149624186
../benchmarks/vggnet16_benchmark2022/segmented_outputs/masks/n04033901_quill_mask.png,n04033901_quill_mask.png,0.0935099545341721,0.01975047831632653,991,2,13.596213552543265,0.9858667218788532,0.9814864127449965,0.37833319536877824,-7.3972038400974345,-14.145482988905162,-0.3600266050795631
../benchmarks/vggnet16_benchmark2022/segmented_outputs/background/n01756291_sidewinder.JPEG,n01756291_sidewinder.JPEG,3.1386592664234922,0.10634566326530612,5336,72,4.751726197862184,0.8109132606580417,0.7233543595151972,0.4433479269650317,-2.8376542790575217,-5.384021567648626,-0.36080657976028513
../benchmarks/vggnet16_benchmark2022/segmented_outputs/masks/n03535780_horizontal_bar_mask.png,n03535780_horizontal_bar_mask.png,0.9976320980355651,0.12944435586734693,6495,2,118.04467038483192,0.8772924424274097,0.6278580346889333,0.7534124549440755,-0.22887423597315698,-0.43571850957849123,-0.36092091543943255
../benchmarks/vggnet16_benchmark2022/segmented_outputs/masks/n03495258_harp_mask.png,n03495258_harp_mask.png,0.7004514020998251,0.11158721301020408,5599,2,101.88181658472448,0.8940937457539246,0.7726284302130563,0.6563774964403084,-1.7567486717906342,-3.4092247324608946,-0.36125541455111787
../benchmarks/vggnet16_benchmark2022/segmented_outputs/background/n02978881_cassette.JPEG,n02978881_cassette.JPEG,1.429114096715854,0.04474250637755102,2245,106,13.709373147354906,0.9357486977122059,0.9085202586126775,0.3725256867347274,-5.49399345947793,-10.820400780560966,-0.36151945823519904
../benchmarks/vggnet16_benchmark2022/segmented_outputs/background/n01751748_sea_snake.JPEG,n01751748_sea_snake.JPEG,0.949411256544433,0.02684550382653061,1347,33,13.080476631379401,0.948458600386379,0.9226127673946765,0.28914966761757027,-6.394104351243272,-12.635774214648919,-0.36215610981053575
../benchmarks/vggnet16_benchmark2022/segmented_outputs/background/n02114367_timber_wolf.JPEG,n02114367_timber_wolf.JPEG,3.902295800060178,0.1490154655612245,7477,212,33.26551841022786,0.7547826396192727,0.6486159791708438,0.4946297801656565,0.15748588406997427,-0.08047987664104439,-0.36289393410016213
../benchmarks/vggnet16_benchmark2022/segmented_outputs/masks/n02799071_baseball_mask.png,n02799071_baseball_mask.png,0.9882321765871599,0.12023676658163265,6033,2,98.64986528661463,0.8974533624879266,0.64512889038503,0.7912485169504431,-1.1467066670525699,-1.8797606188529712,-0.3635648525510932
../benchmarks/vggnet16_benchmark2022/segmented_outputs/masks/n02111500_Great_Pyrenees_mask.png,n02111500_Great_Pyrenees_mask.png,0.9800746091669801,0.13026147959183673,6536,2,119.65388271002999,0.8756196645425884,0.6368293325535881,0.7435387462466065,-0.19882943497182742,-0.4150478954096677,-0.36358270164824635
../benchmarks/vggnet16_benchmark2022/segmented_outputs/background/n03482405_hamper.JPEG,n03482405_hamper.JPEG,1.666689190807941,0.03814572704081633,1914,166,7.936741824114552,0.9396296989949002,0.9128890689208984,0.3248419722698653,-5.473069473565421,-11.0226257981669,-0.365023969142993
../benchmarks/vggnet16_benchmark2022/segmented_outputs/masks/n03109150_corkscrew_mask.png,n03109150_corkscrew_mask.png,0.14848624629104507,0.027861926020408163,1398,2,21.90177135046817,0.9772330859142743,0.9695055906659378,0.3910834509986585,-6.904680409199061,-13.243578308257991,-0.36524030244039773
../benchmarks/vggnet16_benchmark2022/segmented_outputs/masks/n03982430_pool_table_mask.png,n03982430_pool_table_mask.png,0.9449042635266018,0.1279296875,6419,2,115.80868286976295,0.8796167537736352,0.6581855855003835,0.7385100395603658,-0.46986864791253935,-0.8963040194297611,-0.3657775679148319
../benchmarks/vggnet16_benchmark2022/segmented_outputs/masks/n03947888_pirate_mask.png,n03947888_pirate_mask.png,0.2730574621292612,0.05022321428571429,2520,2,43.66658213216446,0.9546085424821575,0.9346313811837306,0.4511779496841566,-5.591613397156514,-10.758917357858447,-0.36586816328945676
../benchmarks/vggnet16_benchmark2022/segmented_outputs/masks/n03388043_fountain_mask.png,n03388043_fountain_mask.png,0.6905287729723388,0.1094547193877551,5492,2,95.76037717495105,0.9004569883836268,0.780830009068177,0.6686193062617871,-2.04806693707918,-3.8608091992246005,-0.366295458108232
../benchmarks/vggnet16_benchmark2022/segmented_outputs/background/n02699494_altar.JPEG,n02699494_altar.JPEG,1.9348790071520974,0.07613201530612244,3820,51,26.171360936881584,0.8805961914788443,0.8258514838189912,0.4106846854499765,-4.017605174076199,-7.888444101938227,-0.3664588570611437
../benchmarks/vggnet16_benchmark2022/segmented_outputs/masks/n04118538_rugby_ball_mask.png,n04118538_rugby_ball_mask.png,0.29731913947658295,0.05482700892857143,2751,2,47.38442587098903,0.950743840050947,0.9274536516695252,0.4676201093855079,-5.349761746561443,-10.280788904077724,-0.36665538263573894
../benchmarks/vggnet16_benchmark2022/segmented_outputs/background/n02783161_ballpoint.JPEG,n02783161_ballpoint.JPEG,0.606058633293098,0.0015744579081632653,79,14,0.09901803179846738,0.9879082251128439,0.9784768753888473,0.2515116600904187,-7.832189339769705,-15.339197249332877,-0.3668311196063675
../benchmarks/vggnet16_benchmark2022/segmented_outputs/masks/n02655020_puffer_mask.png,n02655020_puffer_mask.png,0.4712909953340598,0.08470184948979592,4250,2,77.85449976686343,0.9190701665625121,0.8645700367609565,0.5450255256967982,-3.479179850630758,-6.772743797836616,-0.3670507283891204
../benchmarks/vggnet16_benchmark2022/segmented_outputs/masks/n02091467_Norwegian_elkhound_mask.png,n02091467_Norwegian_elkhound_mask.png,0.598279843171308,0.09948979591836735,4992,2,84.35996927550994,0.9123077242458317,0.8210779299604909,0.6428870073830912,-2.804288400805111,-5.255000012821934,-0.3671427693874845
../benchmarks/vggnet16_benchmark2022/segmented_outputs/masks/n02447366_badger_mask.png,n02447366_badger_mask.png,0.20377225995104098,0.039720184948979595,1993,2,31.881367207639116,0.9668592856469448,0.9536583816905543,0.43007432526096057,-6.279842305839652,-12.020690315770661,-0.3671478729148899
../benchmarks/vggnet16_benchmark2022/segmented_outputs/background/n02028035_redshank.JPEG,n02028035_redshank.JPEG,1.2959904422958393,0.030612244897959183,1536,54,4.195439855273223,0.9559689305830247,0.9376144451290691,0.35499588498461865,-6.4918362259790925,-12.588304668119005,-0.36750719546518235
../benchmarks/vggnet16_benchmark2022/segmented_outputs/masks/n02123597_Siamese_cat_mask.png,n02123597_Siamese_cat_mask.png,0.659165251999801,0.10401387117346939,5219,2,84.27614562139999,0.9123948590214137,0.7989402941850782,0.6887012172486873,-2.6314750788757166,-4.791876024814751,-0.36757923019441957
../benchmarks/vggnet16_benchmark2022/segmented_outputs/masks/n03529860_home_theater_mask.png,n03529860_home_theater_mask.png,0.9866477276072825,0.12264827806122448,6154,2,102.35482863421626,0.8936020492367814,0.6438366658402386,0.7827915057146222,-0.9705956402156164,-1.6006397165376596,-0.3678861777627214
../benchmarks/vggnet16_benchmark2022/segmented_outputs/masks/n03791053_motor_scooter_mask.png,n03791053_motor_scooter_mask.png,0.9995551299195099,0.13512436224489796,6780,2,127.43117522866797,0.8675351608849605,0.620772869629837,0.7346137761140544,0.2277570397917794,0.29358498177874176,-0.36792086275587177
../benchmarks/vggnet16_benchmark2022/segmented_outputs/masks/n03599486_jinrikisha_mask.png,n03599486_jinrikisha_mask.png,0.9749996134636358,0.1299426020408163,6520,2,117.55954690384723,0.8777967287901796,0.6402894475144392,0.7465915269486132,-0.29550275601448733,-0.5639813268779801,-0.3687990701458922
../benchmarks/vggnet16_benchmark2022/segmented_outputs/masks/n04346328_stupa_mask.png,n04346328_stupa_mask.png,0.9668310670515885,0.16462053571428573,8260,2,189.93543821338878,0.802561914539097,0.6041574204870231,0.5855288193303588,3.0092332872318233,4.560868329717689,-0.36919740048612765
../benchmarks/vggnet16_benchmark2022/segmented_outputs/masks/n02093428_American_Staffordshire_terrier_mask.png,n02093428_American_Staffordshire_terrier_mask.png,0.6430969591572062,0.10674426020408163,5356,2,96.40031031990445,0.8997917772142365,0.7990549752697031,0.6303360698293716,-2.153222790033664,-4.174565260922831,-0.370296971620044
../benchmarks/vggnet16_benchmark2022/segmented_outputs/masks/n02276258_admiral_mask.png,n02276258_admiral_mask.png,0.9579451229555456,0.12244897959183673,6144,2,102.0038857115581,0.8939668547696902,0.6584531197141148,0.7749227248436876,-1.0534502306564797,-1.766870308520411,-0.3706061832735334
../benchmarks/vggnet16_benchmark2022/segmented_outputs/masks/n03595614_jersey_mask.png,n03595614_jersey_mask.png,0.3859563716605914,0.07144850127551021,3585,2,62.80739803423221,0.93471164445506,0.8967803362325508,0.5141883711734381,-4.3846986969659945,-8.441436042192741,-0.37074013967741526
../benchmarks/vggnet16_benchmark2022/segmented_outputs/masks/n02494079_squirrel_monkey_mask.png,n02494079_squirrel_monkey_mask.png,0.538394763148905,0.0947265625,4753,2,85.31067047611373,0.9113194693595491,0.8397243353402207,0.5853816992559296,-2.9351707113163394,-5.683515167459496,-0.3709340510538299
../benchmarks/vggnet16_benchmark2022/segmented_outputs/masks/n02087394_Rhodesian_ridgeback_mask.png,n02087394_Rhodesian_ridgeback_mask.png,0.8824135174931911,0.12976323341836735,6511,2,122.00294631202719,0.8731778104864583,0.6853279602728717,0.6974284587725157,-0.3435715217043691,-0.815975287348738,-0.37165081099673175
../benchmarks/vggnet16_benchmark2022/segmented_outputs/masks/n03832673_notebook_mask.png,n03832673_notebook_mask.png,0.22840975387727003,0.041892538265306124,2102,2,34.999930025894386,0.9636175363556192,0.9491352285356575,0.4238485479909153,-6.106355135032498,-11.73884097023561,-0.3720524873033371
../benchmarks/vggnet16_benchmark2022/segmented_outputs/background/n04579432_whistle.JPEG,n04579432_whistle.JPEG,0.8560494702371866,0.0007772640306122449,39,8,0.04191367615670305,0.9903216802133823,0.9816289182680151,0.250017105403015,-7.801552641144352,-15.302893802890413,-0.3724944598106992
../benchmarks/vggnet16_benchmark2022/segmented_outputs/masks/n03344393_fireboat_mask.png,n03344393_fireboat_mask.png,0.9938916859268443,0.1367984693877551,6864,2,129.6028285512877,0.8652777249986614,0.6223930625872165,0.7281334751255344,0.323956856082009,0.44279472788336216,-0.37277079398456653
../benchmarks/vggnet16_benchmark2022/segmented_outputs/masks/n02094258_Norwich_terrier_mask.png,n02094258_Norwich_terrier_mask.png,0.5748383027729562,0.09765625,4900,2,83.7530838143987,0.9129385823135148,0.8308859591572458,0.6208649574071707,-2.9005267394771406,-5.49336306760085,-0.3727986618512382
../benchmarks/vggnet16_benchmark2022/segmented_outputs/masks/n02028035_redshank_mask.png,n02028035_redshank_mask.png,0.15839434847435363,0.026407047193877552,1325,2,23.367915681884973,0.9757090273577079,0.968183933692794,0.3595985214802485,-6.863901902832757,-13.279001399903876,-0.37348370140826426
../benchmarks/vggnet16_benchmark2022/segmented_outputs/masks/n02279972_monarch_mask.png,n02279972_monarch_mask.png,0.9978885338605519,0.142578125,7154,2,140.8698266494482,0.8535656687635673,0.613761168518181,0.7058541307871069,0.8576659622086353,1.285142532751045,-0.37399316268289057
../benchmarks/vggnet16_benchmark2022/segmented_outputs/masks/n04039381_racket_mask.png,n04039381_racket_mask.png,0.5294685566300978,0.09217554209183673,4625,2,81.50509518416959,0.9152753688314246,0.8482594835771339,0.5815760249755513,-3.1488426451091582,-6.062259737665395,-0.3740117076363551
../benchmarks/vggnet16_benchmark2022/segmented_outputs/masks/n04487394_trombone_mask.png,n04487394_trombone_mask.png,0.734106064598878,0.11714764030612244,5878,2,107.62881287555666,0.888119737135596,0.7604466215794103,0.6524658900628688,-1.4034941993293018,-2.7967333637421827,-0.37572100940894804
../benchmarks/vggnet16_benchmark2022/segmented_outputs/masks/n01534433_junco_mask.png,n01534433_junco_mask.png,0.9978289627419512,0.13636001275510204,6842,2,127.55170007257183,0.8674098751844368,0.6218445107461847,0.7336857583587457,0.245893918252855,0.3320462376364099,-0.3760714523395539
../benchmarks/vggnet16_benchmark2022/segmented_outputs/object/n01689811_alligator_lizard.JPEG,n01689811_alligator_lizard.JPEG,5.237503135576549,0.22688137755102042,11384,215,41.830828493527775,0.5993749738284309,0.4532386852713336,0.5107005314955209,3.821832068100077,6.9562071381613855,-0.3761954803534691
../benchmarks/vggnet16_benchmark2022/segmented_outputs/masks/n02090622_borzoi_mask.png,n02090622_borzoi_mask.png,0.7135106627327528,0.12569754464285715,6307,2,135.10871997185774,0.859554345143599,0.7530864920016416,0.5495984948816004,-0.2489073762230281,-1.175605192466679,-0.3763639894630208
../benchmarks/vggnet16_benchmark2022/segmented_outputs/masks/n01968897_chambered_nautilus_mask.png,n01968897_chambered_nautilus_mask.png,0.4960953190501136,0.0899234693877551,4512,2,86.91682498412632,0.9096498700788708,0.8533485398716391,0.522797502002058,-3.016660079775451,-6.044233183155087,-0.37656775921377317
../benchmarks/vggnet16_benchmark2022/segmented_outputs/masks/n02497673_Madagascar_cat_mask.png,n02497673_Madagascar_cat_mask.png,0.8462697925518223,0.1318957270408163,6618,2,128.7172918059067,0.8661982413660014,0.699126388850525,0.6612574904229922,-0.13251456697649466,-0.5744746828292079,-0.3766217156945899
../benchmarks/vggnet16_benchmark2022/segmented_outputs/masks/n02101006_Gordon_setter_mask.png,n02101006_Gordon_setter_mask.png,0.555034918881144,0.09821428571428571,4928,2,89.42430478295118,0.9070433422214644,0.832065091677011,0.5834104092216034,-2.6966017971519145,-5.271721701555262,-0.3769969120992243
../benchmarks/vggnet16_benchmark2022/segmented_outputs/background/n02037110_oystercatcher.JPEG,n02037110_oystercatcher.JPEG,0.24948380235399342,0.005440848214285714,273,40,0.7399987902962855,0.9907021842320767,0.9854739363561311,0.27149211451659366,-7.8302813650639,-15.27427167731846,-0.3771543683109534
../benchmarks/vggnet16_benchmark2022/segmented_outputs/masks/n04458633_totem_pole_mask.png,n04458633_totem_pole_mask.png,0.996539334662006,0.14700255102040816,7376,2,148.76421094439934,0.845359448082745,0.6096563962235952,0.6890730993074462,1.228188107322313,1.869176057100463,-0.3777727100577127
../benchmarks/vggnet16_benchmark2022/segmented_outputs/background/n04296562_stage.JPEG,n04296562_stage.JPEG,3.062522088095816,0.1307796556122449,6562,138,80.50615594434873,0.8092572527534995,0.7226077913708026,0.45986398704836184,0.06342015583807048,-0.7216092295494985,-0.3787110187380663
../benchmarks/vggnet16_benchmark2022/segmented_outputs/background/n03532672_hook.JPEG,n03532672_hook.JPEG,0.8349631831733147,0.028041294642857144,1407,15,6.6764440117512205,0.9545015364581231,0.9327956365030226,0.31639671788015167,-6.76284223624672,-13.12202176559434,-0.3796416853935904
../benchmarks/vggnet16_benchmark2022/segmented_outputs/masks/n04447861_toilet_seat_mask.png,n04447861_toilet_seat_mask.png,0.885875329670462,0.1356624681122449,6807,2,132.29070387397581,0.8624836758066781,0.6786656721201594,0.672813914972282,0.14831295978890752,-0.04534515111040538,-0.38004287789217883
../benchmarks/vggnet16_benchmark2022/segmented_outputs/masks/n03976467_Polaroid_camera_mask.png,n03976467_Polaroid_camera_mask.png,0.8953569237313654,0.11768574617346939,5905,2,91.48252590722257,0.9049038192232614,0.6983922274351878,0.7765888803520182,-1.6870891037121152,-2.8386826390631317,-0.38025893181676584
../benchmarks/vggnet16_benchmark2022/segmented_outputs/background/n02319095_sea_urchin.JPEG,n02319095_sea_urchin.JPEG,0.10084999910781,0.0013950892857142857,70,20,0.5253592963445206,0.9972608962708979,0.9956781787320417,0.26314424792302293,-8.115405252889898,-15.794214032121083,-0.38054402342141713
../benchmarks/vggnet16_benchmark2022/segmented_outputs/masks/n01739381_vine_snake_mask.png,n01739381_vine_snake_mask.png,0.9653294375319474,0.13337053571428573,6692,2,121.54880573899807,0.8736498900842016,0.6436015058657496,0.7339167492264851,-0.11451535015789827,-0.2816707903416771,-0.3806121204899112
../benchmarks/vggnet16_benchmark2022/segmented_outputs/masks/n03721384_marimba_mask.png,n03721384_marimba_mask.png,0.9984732169492179,0.12781010841836735,6413,2,108.64382757518926,0.887064628300219,0.6330145291744024,0.7734765646832338,-0.6170321587993006,-1.0082057340389168,-0.38075688308528954
../benchmarks/vggnet16_benchmark2022/segmented_outputs/background/n04254120_soap_dispenser.JPEG,n04254120_soap_dispenser.JPEG,1.8908054840758775,0.054986447704081634,2759,108,10.404691083480955,0.9153937369293812,0.8779589916909551,0.3629317740883864,-5.011350137538878,-9.90929779807433,-0.3816987589643773
../benchmarks/vggnet16_benchmark2022/segmented_outputs/masks/n02105412_kelpie_mask.png,n02105412_kelpie_mask.png,0.7678177530441832,0.11698820153061225,5870,2,99.41712737896825,0.8966557927453552,0.750331465163026,0.6995243573018293,-1.6549055149404237,-3.0533615305947492,-0.3820217556615791
../benchmarks/vggnet16_benchmark2022/segmented_outputs/background/n01496331_electric_ray.JPEG,n01496331_electric_ray.JPEG,1.743156586296736,0.032525510204081634,1632,129,4.927761392665234,0.9404936259890391,0.9032854767830032,0.27769670060158935,-5.737360185546219,-11.584633582612327,-0.3828025266028808
../benchmarks/vggnet16_benchmark2022/segmented_outputs/masks/n02804414_bassinet_mask.png,n02804414_bassinet_mask.png,0.9551216211075634,0.12438217474489796,6241,2,102.19861162335565,0.8937644369819588,0.6606160173374895,0.7730600227748256,-1.0267601759003453,-1.7108720237863069,-0.383523809686134
../benchmarks/vggnet16_benchmark2022/segmented_outputs/masks/n07768694_pomegranate_mask.png,n07768694_pomegranate_mask.png,0.49300276215128674,0.09111926020408163,4572,2,88.67634858316042,0.9078208434686482,0.8526303603998447,0.5124102776694148,-2.932762773468938,-5.927630798111515,-0.38407377741172766
../benchmarks/vggnet16_benchmark2022/segmented_outputs/masks/n04179913_sewing_machine_mask.png,n04179913_sewing_machine_mask.png,0.3369785334210229,0.06652582908163265,3338,2,52.97539260614684,0.9449320243179347,0.913456209102102,0.5129435742185448,-4.90109718549072,-9.31844415374038,-0.38440147515062184
../benchmarks/vggnet16_benchmark2022/segmented_outputs/masks/n12620546_hip_mask.png,n12620546_hip_mask.png,0.8988735450225136,0.12920519770408162,6483,2,115.14294784697952,0.8803087860218508,0.6804397415149459,0.7223612890896576,-0.578093085783879,-1.1150600781078222,-0.3845510729655635
../benchmarks/vggnet16_benchmark2022/segmented_outputs/background/n02364673_guinea_pig.JPEG,n02364673_guinea_pig.JPEG,1.9628153831222206,0.021025988520408163,1055,52,2.242186848443306,0.9619142082711136,0.6808070962682312,0.3715446331148381,-5.49954606739666,-10.859982682407107,-0.38526904163284337
../benchmarks/vggnet16_benchmark2022/segmented_outputs/masks/n02325366_wood_rabbit_mask.png,n02325366_wood_rabbit_mask.png,0.5981779965802857,0.10580755739795919,5309,2,98.64876770953943,0.8974545034204371,0.8136903681534469,0.5825042946904223,-2.158207942121876,-4.334930585276529,-0.38659333240505483
../benchmarks/vggnet16_benchmark2022/segmented_outputs/masks/n02102318_cocker_spaniel_mask.png,n02102318_cocker_spaniel_mask.png,0.7748895945227822,0.12005739795918367,6024,2,104.40326298503908,0.8914726995997515,0.7434822745472056,0.6899553685440618,-1.397419504957485,-2.6380569585064,-0.3866077693222793
../benchmarks/vggnet16_benchmark2022/segmented_outputs/masks/n13054560_bolete_mask.png,n13054560_bolete_mask.png,0.8901469810932834,0.13791454081632654,6920,2,134.26006745103143,0.8604365203211731,0.6742722682175297,0.6714401984740845,0.27261066387498967,0.17344487774106943,-0.387391926011889
../benchmarks/vggnet16_benchmark2022/segmented_outputs/background/n02138441_meerkat.JPEG,n02138441_meerkat.JPEG,4.380876044977294,0.19889987244897958,9980,150,40.54030373632897,0.6791567876984818,0.5804907695264625,0.5808228740883629,1.787290599145253,3.454407089242149,-0.3877737269029076
../benchmarks/vggnet16_benchmark2022/segmented_outputs/masks/n03871628_packet_mask.png,n03871628_packet_mask.png,0.91013074268616,0.13602120535714285,6825,2,127.90385035430077,0.8670438146005188,0.6675149267650524,0.6968893028233569,0.0450683110547474,-0.12651858671326632,-0.3888152941949392
../benchmarks/vggnet16_benchmark2022/segmented_outputs/masks/n03786901_mortar_mask.png,n03786901_mortar_mask.png,0.9435013339718026,0.14287707270408162,7169,2,140.0971429295248,0.8543688742936333,0.6442373051178911,0.683390395086457,0.6961940815417222,0.9480089566535714,-0.3895506817784286
../benchmarks/vggnet16_benchmark2022/segmented_outputs/masks/n01828970_bee_eater_mask.png,n01828970_bee_eater_mask.png,0.32541943641183824,0.06210140306122449,3116,2,54.25892104855194,0.9435977951678254,0.9176212776613509,0.4594388467477019,-4.940701170676209,-9.576172088140893,-0.38963731489581066
../benchmarks/vggnet16_benchmark2022/segmented_outputs/background/n01978455_rock_crab.JPEG,n01978455_rock_crab.JPEG,1.7828308721879906,0.051259566326530615,2572,72,7.7052996350681635,0.9153979520224858,0.8784436059021499,0.334728989645961,-5.3378813447139715,-10.508973784047289,-0.3899984000977013
../benchmarks/vggnet16_benchmark2022/segmented_outputs/background/n02091134_whippet.JPEG,n02091134_whippet.JPEG,1.0086835063353545,0.03278459821428571,1645,12,2.279580770888739,0.954503350566539,0.9338973136169526,0.3527825575332233,-6.77425566634279,-12.978767108513356,-0.39010218618753745
../benchmarks/vggnet16_benchmark2022/segmented_outputs/masks/n04417672_thatch_mask.png,n04417672_thatch_mask.png,0.9752151333654087,0.1385124362244898,6950,2,128.68879468293318,0.8662278641549551,0.633731829969457,0.7224314866648422,0.265519134179518,0.3449302479315306,-0.39045190629724214
../benchmarks/vggnet16_benchmark2022/segmented_outputs/masks/n01629819_European_fire_salamander_mask.png,n01629819_European_fire_salamander_mask.png,0.9276724189871206,0.1296436543367347,6505,2,112.24082431338667,0.8833255464517811,0.6680889489332649,0.7407686869304271,-0.6194337533612908,-1.1130917644214997,-0.3911091089183757
../benchmarks/vggnet16_benchmark2022/segmented_outputs/masks/n04371774_swing_mask.png,n04371774_swing_mask.png,0.6565673877490771,0.11005261479591837,5522,2,94.62231041101562,0.9016400099677592,0.7966965877327186,0.6438298273385437,-2.1546217578187616,-4.101314997875518,-0.39160007859767254
../benchmarks/vggnet16_benchmark2022/segmented_outputs/masks/n02445715_skunk_mask.png,n02445715_skunk_mask.png,0.1170668972596918,0.020467952806122448,1027,2,17.289421871528805,0.9820276279921738,0.9774148387155659,0.322389390498053,-7.226591081309703,-14.017327243625807,-0.39181355001709345
../benchmarks/vggnet16_benchmark2022/segmented_outputs/masks/n03929660_pick_mask.png,n03929660_pick_mask.png,0.717916129337728,0.12836814413265307,6441,2,135.36596342695833,0.8592869403046172,0.7526054044599284,0.5493970314239839,-0.19598859772625754,-1.063568671133949,-0.39333541030893876
../benchmarks/vggnet16_benchmark2022/segmented_outputs/background/n02317335_starfish.JPEG,n02317335_starfish.JPEG,0.9224301337801055,0.03067203443877551,1539,37,4.950260260646893,0.9496053353419611,0.9263521954230087,0.2992223990761023,-6.5974834602795465,-12.877282887672065,-0.3942074801143782
../benchmarks/vggnet16_benchmark2022/segmented_outputs/masks/n02319095_sea_urchin_mask.png,n02319095_sea_urchin_mask.png,0.009149518333271694,0.001136001275510204,57,2,0.7456130828268753,0.999224934425336,0.9990787728816721,0.25436433418282267,-8.246114997396877,-16.020570015032472,-0.39473074335759045
../benchmarks/vggnet16_benchmark2022/segmented_outputs/masks/n02206856_bee_mask.png,n02206856_bee_mask.png,0.918329046884634,0.13179607780612246,6613,2,116.40826967406062,0.8789934826672966,0.6715884037133218,0.726276575577078,-0.4516029560979765,-0.870487780114317,-0.39482156824427705
../benchmarks/vggnet16_benchmark2022/segmented_outputs/background/n02749479_assault_rifle.JPEG,n02749479_assault_rifle.JPEG,0.7997141748714971,0.02792171556122449,1401,16,6.126358355439231,0.9586053255476634,0.9409759615300339,0.3116647211323646,-6.847581677258243,-13.282009145200545,-0.3952354590327656
../benchmarks/vggnet16_benchmark2022/segmented_outputs/masks/n04118776_rule_mask.png,n04118776_rule_mask.png,0.10950543549320575,0.018255739795918366,916,2,14.063279838300566,0.9853812059892926,0.9814040887424822,0.318304771063003,-7.396026456764492,-14.319998616091574,-0.3956459662375547
../benchmarks/vggnet16_benchmark2022/segmented_outputs/masks/n03868242_oxcart_mask.png,n03868242_oxcart_mask.png,0.9998456310037788,0.13277264030612246,6662,2,114.11044123224453,0.8813820777211596,0.6289478566934461,0.7624533089459636,-0.32646511998727357,-0.5269724216897982,-0.3960211133820049
../benchmarks/vggnet16_benchmark2022/segmented_outputs/masks/n02095570_Lakeland_terrier_mask.png,n02095570_Lakeland_terrier_mask.png,0.8419069861632272,0.1335499043367347,6701,2,126.20864788074385,0.8688059793339461,0.7030059593348107,0.6647224449763396,-0.21616697531039153,-0.6804159766575829,-0.396813333415045
../benchmarks/vggnet16_benchmark2022/segmented_outputs/masks/n04550184_wardrobe_mask.png,n04550184_wardrobe_mask.png,0.9616347276113622,0.13944913903061223,6997,2,129.32449218590168,0.8655670559398112,0.6412426093084065,0.7151705506315158,0.2688252225376035,0.33382879144351163,-0.39723509301088167
../benchmarks/vggnet16_benchmark2022/segmented_outputs/masks/n01873310_platypus_mask.png,n01873310_platypus_mask.png,0.873309305887034,0.14064492984693877,7057,2,139.0592791962864,0.8554477347231949,0.6818947848383871,0.6482262544269854,0.4535515458472544,0.41558561233093494,-0.3975922956164758
../benchmarks/vggnet16_benchmark2022/segmented_outputs/masks/n03445777_golf_ball_mask.png,n03445777_golf_ball_mask.png,0.03687450625387198,0.00839046556122449,421,2,5.337829369572158,0.9944513208216506,0.9933344151198027,0.28439538488257154,-7.936742722274792,-15.373022199090922,-0.3976422847072663
../benchmarks/vggnet16_benchmark2022/segmented_outputs/background/n03803284_muzzle.JPEG,n03803284_muzzle.JPEG,1.3697490884638825,0.02951610331632653,1481,10,1.000933600827958,0.9468578313566188,0.9210517846250118,0.2907045348254949,-6.634641980731843,-12.930236605312814,-0.3982156137355998
../benchmarks/vggnet16_benchmark2022/segmented_outputs/masks/n02117135_hyena_mask.png,n02117135_hyena_mask.png,0.9291222212712102,0.14205994897959184,7128,2,136.57506404821515,0.8580300789519593,0.6541389541356118,0.6843986329388241,0.5115257161758877,0.6451303897807578,-0.3986128399359713
../benchmarks/vggnet16_benchmark2022/segmented_outputs/masks/n02443484_black-footed_ferret_mask.png,n02443484_black-footed_ferret_mask.png,0.9263581435182173,0.13815369897959184,6932,2,128.25211173027685,0.8666817965381738,0.6606206585097936,0.7021481355706067,0.12237769664568643,0.03821969673541803,-0.3990953676529866
../benchmarks/vggnet16_benchmark2022/segmented_outputs/masks/n02869837_bonnet_mask.png,n02869837_bonnet_mask.png,0.2616011436360963,0.05395009566326531,2707,2,41.184203598018236,0.9571889775488376,0.9382058494148202,0.4550383659927769,-5.644832752968797,-10.793209584283707,-0.39962198892416406
../benchmarks/vggnet16_benchmark2022/segmented_outputs/masks/n02114548_white_wolf_mask.png,n02114548_white_wolf_mask.png,0.5366427180758164,0.09982860331632654,5009,2,92.53026088775479,0.9038146976218766,0.8369144321660648,0.5470314319733134,-2.5843361716665214,-5.181207041950789,-0.3996398738998013
../benchmarks/vggnet16_benchmark2022/segmented_outputs/background/n03272010_electric_guitar.JPEG,n03272010_electric_guitar.JPEG,0.971677576790483,0.015744579081632654,790,64,6.8887528495460515,0.9720793477199393,0.9565699392369118,0.24433931811259252,-6.88983205890782,-13.726640921191574,-0.39966068890395245
../benchmarks/vggnet16_benchmark2022/segmented_outputs/masks/n03759954_microphone_mask.png,n03759954_microphone_mask.png,0.8521639120916021,0.12452168367346939,6248,2,102.87525533329108,0.893061065142109,0.7118158377531862,0.7308475520354019,-1.2355844941157026,-2.196456619472908,-0.40061157592340296
../benchmarks/vggnet16_benchmark2022/segmented_outputs/background/n03188531_diaper.JPEG,n03188531_diaper.JPEG,2.1495965575306366,0.0663265306122449,3328,79,20.98377881763787,0.8971776134215806,0.8552189630236824,0.3513184562848837,-4.340680698790747,-8.716594513846003,-0.40082921977671204
../benchmarks/vggnet16_benchmark2022/segmented_outputs/background/n04442312_toaster.JPEG,n04442312_toaster.JPEG,0.37319554824908036,0.00023915816326530612,12,4,0.015737738314023655,0.996601177488661,0.993586790052705,0.230120033954971,-8.096562671726835,-15.847246722581062,-0.4024846628903888
../benchmarks/vggnet16_benchmark2022/segmented_outputs/background/n03481172_hammer.JPEG,n03481172_hammer.JPEG,2.392114376005084,0.08759167729591837,4395,183,18.307478266741626,0.8679630222109247,0.8104877280719209,0.3930081961574933,-3.234530747867189,-6.618536807033596,-0.4046213574339967
../benchmarks/vggnet16_benchmark2022/segmented_outputs/masks/n03376595_folding_chair_mask.png,n03376595_folding_chair_mask.png,0.9049155447739123,0.1310985331632653,6578,2,112.3472275008761,0.8832149402277795,0.6795794421849546,0.731251071562316,-0.6465252097196903,-1.1755570066709975,-0.4048009945519367
../benchmarks/vggnet16_benchmark2022/segmented_outputs/background/n02841315_binoculars.JPEG,n02841315_binoculars.JPEG,0.5211644240427777,0.005899234693877551,296,8,0.1697668463599576,0.9862470493457036,0.9771590408304368,0.23458128180995744,-7.806810425602043,-15.290673294742259,-0.40483761728586665
../benchmarks/vggnet16_benchmark2022/segmented_outputs/masks/n07583066_guacamole_mask.png,n07583066_guacamole_mask.png,0.4295913127172727,0.08348612882653061,4189,2,68.76822725885407,0.9285153562797774,0.8820144642140576,0.5397220196816248,-3.9129510439794033,-7.491403918712942,-0.4049148393293248
../benchmarks/vggnet16_benchmark2022/segmented_outputs/masks/n02992211_cello_mask.png,n02992211_cello_mask.png,0.5444589755334299,0.10194116709183673,5115,2,94.83106111847579,0.9014230133903578,0.8338309373297008,0.5432982498117385,-2.453652188261169,-4.961523308835425,-0.40589654121266405
../benchmarks/vggnet16_benchmark2022/segmented_outputs/masks/n03127925_crate_mask.png,n03127925_crate_mask.png,0.99354210901808,0.13434709821428573,6741,2,114.57159944932422,0.8809027032751308,0.6323256479870376,0.7592360213117805,-0.301376860890279,-0.4822949535583192,-0.40589877102024163
../benchmarks/vggnet16_benchmark2022/segmented_outputs/masks/n02814860_beacon_mask.png,n02814860_beacon_mask.png,0.2709754104415785,0.05514588647959184,2767,2,40.78182557593391,0.9576072499210666,0.9383228806124972,0.45984560301463046,-5.638529701520678,-10.757182510129407,-0.40590143250774247
../benchmarks/vggnet16_benchmark2022/segmented_outputs/masks/n02483362_gibbon_mask.png,n02483362_gibbon_mask.png,0.9922086808605048,0.14734135841836735,7393,2,141.1619041746242,0.853262053872532,0.6163030282433473,0.7032442139161721,0.9277272490161659,1.4377323890377531,-0.40595468346490465
../benchmarks/vggnet16_benchmark2022/segmented_outputs/masks/n07714571_head_cabbage_mask.png,n07714571_head_cabbage_mask.png,0.9566096679010958,0.14287707270408162,7169,2,134.05380000259586,0.8606509355482371,0.6412295636031557,0.7024495509810025,0.4914377762991555,0.6838933210135788,-0.4061954962655632
../benchmarks/vggnet16_benchmark2022/segmented_outputs/background/n09472597_volcano.JPEG,n09472597_volcano.JPEG,0.6383131546132392,0.004384566326530612,220,14,0.1908312053703984,0.9916917488238255,0.9865884081098342,0.2393996969081148,-7.829677197319593,-15.34923293967983,-0.4064511467171368
../benchmarks/vggnet16_benchmark2022/segmented_outputs/masks/n03314780_face_powder_mask.png,n03314780_face_powder_mask.png,0.6244374721247605,0.11367984693877552,5704,2,109.45476021673976,0.886221662976362,0.8008852503805453,0.5578727682029068,-1.5855391322311987,-3.4106030133455434,-0.4073612847916704
../benchmarks/vggnet16_benchmark2022/segmented_outputs/background/n03485407_hand-held_computer.JPEG,n03485407_hand-held_computer.JPEG,0.9514900976213015,0.016362404336734693,821,25,0.39758822152658463,0.9789326450672873,0.9686762375733647,0.28763513030116683,-7.331408712730138,-14.277880212779113,-0.407487314830204
../benchmarks/vggnet16_benchmark2022/segmented_outputs/masks/n03000684_chain_saw_mask.png,n03000684_chain_saw_mask.png,0.9415464769490995,0.1309191645408163,6569,2,108.75487172367734,0.8869491977924353,0.6643431025778604,0.7530680435396822,-0.7083275386581922,-1.2003131235785485,-0.40881993729496807
../benchmarks/vggnet16_benchmark2022/segmented_outputs/masks/n03425413_gas_pump_mask.png,n03425413_gas_pump_mask.png,0.9769984034295898,0.13717713647959184,6883,2,119.84573082768433,0.8754202382248604,0.6372787057308744,0.7427561190232277,-0.0912084531857974,-0.1731671371475828,-0.4096645466558613
../benchmarks/vggnet16_benchmark2022/segmented_outputs/masks/n07836838_chocolate_sauce_mask.png,n07836838_chocolate_sauce_mask.png,0.9916971221820929,0.13221460459183673,6634,2,108.80997320172285,0.8868919197487289,0.6365289834958758,0.7710087010736741,-0.5610990966489033,-0.8821296174450934,-0.41057030675716616
../benchmarks/vggnet16_benchmark2022/segmented_outputs/masks/n02281787_lycaenid_mask.png,n02281787_lycaenid_mask.png,0.4472316087044831,0.08747209821428571,4389,2,83.01954815979175,0.9137010933889899,0.8690473660452286,0.47913070361090765,-3.2749564154024644,-6.604913648587857,-0.41058622972729725
../benchmarks/vggnet16_benchmark2022/segmented_outputs/background/n02892767_brassiere.JPEG,n02892767_brassiere.JPEG,1.0163661155594321,0.012555803571428572,630,31,0.6845957348622813,0.9793065318570364,0.9690786834242487,0.24956926372377877,-7.334387949975795,-14.430496971014447,-0.4120849924161845
../benchmarks/vggnet16_benchmark2022/segmented_outputs/masks/n02109047_Great_Dane_mask.png,n02109047_Great_Dane_mask.png,0.6948188926323416,0.1194595025510204,5994,2,105.04954080069494,0.8908008931385708,0.7761004698682579,0.6360614174542727,-1.5384001597887962,-3.039655732334504,-0.41329956702806914
../benchmarks/vggnet16_benchmark2022/segmented_outputs/masks/n02174001_rhinoceros_beetle_mask.png,n02174001_rhinoceros_beetle_mask.png,0.22332623196755685,0.04336734693877551,2176,2,38.47585495325421,0.960004308780401,0.9477448286093946,0.3619608700625184,-5.9536138095712445,-11.648870622035535,-0.41397903768038535
../benchmarks/vggnet16_benchmark2022/segmented_outputs/masks/n07716906_spaghetti_squash_mask.png,n07716906_spaghetti_squash_mask.png,0.050988510181007245,0.00922751913265306,463,2,6.820039907432049,0.9929105614267857,0.9915476152403924,0.26016581155542307,-7.857681834953446,-15.303515965446433,-0.41557751987661445
../benchmarks/vggnet16_benchmark2022/segmented_outputs/masks/n02423022_gazelle_mask.png,n02423022_gazelle_mask.png,0.9666186325481028,0.13743622448979592,6896,2,118.84177224368013,0.8764638542165487,0.6443878947466526,0.740440613016269,-0.15532185311771118,-0.2829304222475325,-0.4164682017751634
../benchmarks/vggnet16_benchmark2022/segmented_outputs/masks/n02056570_king_penguin_mask.png,n02056570_king_penguin_mask.png,0.9077236472267186,0.14064492984693877,7057,2,129.34283496004588,0.865547988607021,0.6689607511259219,0.6913284475511603,0.1604962229869331,0.08819968431084813,-0.4166150973645135
../benchmarks/vggnet16_benchmark2022/segmented_outputs/background/n02965783_car_mirror.JPEG,n02965783_car_mirror.JPEG,1.3203131494824256,0.03115035076530612,1563,39,4.652443341931932,0.9442007123892149,0.914807524819516,0.25576299612483816,-6.360838488227486,-12.594618658245452,-0.41798665679382285
../benchmarks/vggnet16_benchmark2022/segmented_outputs/masks/n09229709_bubble_mask.png,n09229709_bubble_mask.png,0.9929453667428414,0.14548788265306123,7300,2,133.7025923887457,0.861016016227915,0.6210074577040096,0.7187533261724572,0.6090798762690159,0.9590336702845548,-0.4181092244508393
../benchmarks/vggnet16_benchmark2022/segmented_outputs/masks/n02111129_Leonberg_mask.png,n02111129_Leonberg_mask.png,0.9834569780368407,0.14162149234693877,7106,2,125.6743934106852,0.8693613374109301,0.6307283469481418,0.7323223264897716,0.21633041689469645,0.3326456052348337,-0.4197948298570271
../benchmarks/vggnet16_benchmark2022/segmented_outputs/masks/n01824575_coucal_mask.png,n01824575_coucal_mask.png,0.8728544360997186,0.13578204719387754,6813,2,119.84497483777412,0.8754210240771578,0.6895924844931356,0.6998569747357436,-0.352529388682545,-0.7603424071343092,-0.4201411475603962
../benchmarks/vggnet16_benchmark2022/segmented_outputs/masks/n01768244_trilobite_mask.png,n01768244_trilobite_mask.png,0.2652110936581592,0.05490672831632653,2755,2,49.2963604459647,0.9487563820728018,0.9314431752290963,0.38722275867157785,-5.306145599642411,-10.430805581105904,-0.4204703805505238
../benchmarks/vggnet16_benchmark2022/segmented_outputs/masks/n04254120_soap_dispenser_mask.png,n04254120_soap_dispenser_mask.png,0.2206714278897277,0.04701450892857143,2359,2,37.44744004950728,0.9610733471418843,0.9478940300281248,0.39034461034913126,-5.9382814507562625,-11.508823671809727,-0.4210743016802555
../benchmarks/vggnet16_benchmark2022/segmented_outputs/masks/n02037110_oystercatcher_mask.png,n02037110_oystercatcher_mask.png,0.018767036371704876,0.004743303571428571,238,2,2.5868333826708843,0.9973109840096976,0.9968808630065686,0.24059443145976744,-8.11259569387714,-15.807332090617642,-0.42120819589740266
../benchmarks/vggnet16_benchmark2022/segmented_outputs/masks/n02492660_howler_monkey_mask.png,n02492660_howler_monkey_mask.png,0.9203480529297476,0.1454480229591837,7298,2,136.8878740004071,0.8577049126814896,0.6568235302954957,0.6811896972385976,0.5600338573742576,0.7470875476672363,-0.4216357720569481
../benchmarks/vggnet16_benchmark2022/segmented_outputs/masks/n04065272_recreational_vehicle_mask.png,n04065272_recreational_vehicle_mask.png,0.9910153609860038,0.1502311862244898,7538,2,142.29800894970958,0.8520810717778486,0.6170245680058228,0.699836612719481,1.0093562396902305,1.5870235154978247,-0.4221098209918358
../benchmarks/vggnet16_benchmark2022/segmented_outputs/masks/n04239074_sliding_door_mask.png,n04239074_sliding_door_mask.png,0.7870548130530421,0.13283242984693877,6665,2,121.2105928645202,0.874001462718794,0.7273582251077404,0.6504762442007404,-0.5242879122044831,-1.22897508249723,-0.4222900846014853
../benchmarks/vggnet16_benchmark2022/segmented_outputs/background/n07684084_French_loaf.JPEG,n07684084_French_loaf.JPEG,1.1568227897612373,0.02987484056122449,1499,47,4.1814406333372585,0.9535067403636188,0.9310163225709472,0.2725321631713137,-6.544389900372784,-12.886064082778173,-0.4225693359193696
../benchmarks/vggnet16_benchmark2022/segmented_outputs/background/n04023962_punching_bag.JPEG,n04023962_punching_bag.JPEG,0.47627945509741637,0.012276785714285714,616,12,0.5415214903321691,0.9835933479874613,0.9761861502083526,0.25279914673929416,-7.680853748117458,-14.974089422720478,-0.42267717145543154
../benchmarks/vggnet16_benchmark2022/segmented_outputs/masks/n01751748_sea_snake_mask.png,n01751748_sea_snake_mask.png,0.11908170938568746,0.022321428571428572,1120,2,19.466311746761235,0.9797647487039904,0.9754540523503031,0.2860451719452151,-7.110847824586366,-13.911832667671078,-0.42271475752810633
../benchmarks/vggnet16_benchmark2022/segmented_outputs/masks/n02091134_whippet_mask.png,n02091134_whippet_mask.png,0.14969568125818422,0.03067203443877551,1539,2,22.01811641490702,0.9771121450988492,0.9705798426837795,0.34032373053129306,-6.862019466436428,-13.282202026233316,-0.42387279855333043
../benchmarks/vggnet16_benchmark2022/segmented_outputs/masks/n03777754_modem_mask.png,n03777754_modem_mask.png,0.5436203907340187,0.10212053571428571,5124,2,88.91977373961748,0.9075678027654703,0.8406548317561311,0.5576164719452812,-2.693915923725803,-5.300972354403479,-0.424170913300177
../benchmarks/vggnet16_benchmark2022/segmented_outputs/masks/n03920288_Petri_dish_mask.png,n03920288_Petri_dish_mask.png,0.8627778355379769,0.1332110969387755,6684,2,113.47718166679539,0.8820403516977178,0.6988322654486031,0.7102392278930882,-0.6634692712948738,-1.2532436039043315,-0.4247010424146849
../benchmarks/vggnet16_benchmark2022/segmented_outputs/masks/n02093647_Bedlington_terrier_mask.png,n02093647_Bedlington_terrier_mask.png,0.7258883006030961,0.1275908801020408,6402,2,116.75844276261888,0.878629477377735,0.7570139501134765,0.6205664538412985,-0.9028701763265778,-1.9844199982333173,-0.42557458160490436
../benchmarks/vggnet16_benchmark2022/segmented_outputs/masks/n02422699_impala_mask.png,n02422699_impala_mask.png,0.7634032362300318,0.13024154974489796,6535,2,116.75380151016361,0.8786343019644869,0.7411420384716139,0.646878404987034,-0.7881630120627533,-1.690812581576425,-0.4268119076705875
../benchmarks/vggnet16_benchmark2022/segmented_outputs/masks/n02749479_assault_rifle_mask.png,n02749479_assault_rifle_mask.png,0.12296320069415187,0.029496173469387755,1480,2,21.00074917454631,0.9781696994027586,0.9725981761335563,0.33112020896287414,-6.9348495633258045,-13.435378092472828,-0.42789278811474335
../benchmarks/vggnet16_benchmark2022/segmented_outputs/background/n07716906_spaghetti_squash.JPEG,n07716906_spaghetti_squash.JPEG,0.29006627533955454,0.004544005102040816,228,21,0.1569452144304563,0.9928076679657889,0.988974749745563,0.21410900450019954,-7.949400304971768,-15.615331168090252,-0.42829759952704116
../benchmarks/vggnet16_benchmark2022/segmented_outputs/masks/n01749939_green_mamba_mask.png,n01749939_green_mamba_mask.png,0.9902395245560315,0.14967315051020408,7510,2,139.14235317537972,0.8553613792355721,0.6185925797219971,0.7066486681259897,0.8791377572810276,1.3952073086627466,-0.42868274971286613
../benchmarks/vggnet16_benchmark2022/segmented_outputs/masks/n01704323_triceratops_mask.png,n01704323_triceratops_mask.png,0.14461571461074926,0.031349649234693876,1573,2,26.240177881192963,0.9727233078158077,0.9662800395563125,0.3129729441093111,-6.68273194380965,-13.065105886588652,-0.42976387246439135
../benchmarks/vggnet16_benchmark2022/segmented_outputs/background/n01498041_stingray.JPEG,n01498041_stingray.JPEG,0.6647068680915243,0.013831313775510204,694,55,1.8091231335970948,0.978589108110562,0.9676980135415059,0.2240138765686151,-7.308923610435693,-14.465430720565008,-0.43106347866208417
../benchmarks/vggnet16_benchmark2022/segmented_outputs/masks/n02119789_kit_fox_mask.png,n02119789_kit_fox_mask.png,0.806152723138246,0.13562260841836735,6805,2,122.75197580084105,0.8723991935542192,0.7198996717995663,0.6551897292412813,-0.390181416060044,-0.9695434825999609,-0.43147206557768353
../benchmarks/vggnet16_benchmark2022/segmented_outputs/masks/n03532672_hook_mask.png,n03532672_hook_mask.png,0.10400783219651241,0.024274553571428572,1218,2,17.450826858897862,0.9818598473400231,0.9778167500264647,0.30224801012597907,-7.170255819357694,-13.941584200063915,-0.43256806879461807
../benchmarks/vggnet16_benchmark2022/segmented_outputs/masks/n02870880_bookcase_mask.png,n02870880_bookcase_mask.png,0.6820055484354313,0.12256855867346939,6150,2,108.87767400965218,0.8868215446885113,0.7797345169841086,0.6115127335254902,-1.3705235830397444,-2.813281875429136,-0.4331886479646321
../benchmarks/vggnet16_benchmark2022/segmented_outputs/masks/n03496892_harvester_mask.png,n03496892_harvester_mask.png,0.6200491598551878,0.11375956632653061,5708,2,95.48670484421316,0.9007414710559115,0.8084081158234732,0.6133469055854576,-2.126371076664748,-4.108994153747114,-0.43321921372867983
../benchmarks/vggnet16_benchmark2022/segmented_outputs/masks/n11939491_daisy_mask.png,n11939491_daisy_mask.png,0.7918026086529955,0.14008689413265307,7029,2,135.2275731662866,0.8594307971244423,0.7201159092560206,0.60967573005243,0.12715788385801474,-0.23795765302297256,-0.4337655944482495
../benchmarks/vggnet16_benchmark2022/segmented_outputs/masks/n02490219_marmoset_mask.png,n02490219_marmoset_mask.png,0.9981623434802698,0.14628507653061223,7340,2,130.30563272785463,0.8645471593265543,0.6198636633829351,0.7280363231487926,0.5029967076233332,0.8291109335963918,-0.43382256675914255
../benchmarks/vggnet16_benchmark2022/segmented_outputs/masks/n04591713_wine_bottle_mask.png,n04591713_wine_bottle_mask.png,0.9998759443051346,0.14620535714285715,7336,2,129.9664909811116,0.864899697524832,0.6192946554656373,0.7294208917560558,0.49222179287160306,0.8157455610948494,-0.43407902112022523
../benchmarks/vggnet16_benchmark2022/segmented_outputs/masks/n02096051_Airedale_mask.png,n02096051_Airedale_mask.png,0.9084027553614379,0.13863201530612246,6956,2,119.02572004089384,0.8762726402901311,0.6744829886178629,0.7163182141630369,-0.2683463945737755,-0.5389263489144979,-0.4345678320092514
../benchmarks/vggnet16_benchmark2022/segmented_outputs/masks/n04067472_reel_mask.png,n04067472_reel_mask.png,0.5420518770044332,0.10433274872448979,5235,2,86.53276321363325,0.9100491026885309,0.8393849432164855,0.5781393560120108,-2.743954398367288,-5.298080359332488,-0.4352485184949082
../benchmarks/vggnet16_benchmark2022/segmented_outputs/masks/n04597913_wooden_spoon_mask.png,n04597913_wooden_spoon_mask.png,0.7621379098596149,0.12641501913265307,6343,2,103.65261110291986,0.8922530030115179,0.7499119970878064,0.684207889960848,-1.3592933289492082,-2.5294117004096295,-0.4360988868666869
../benchmarks/vggnet16_benchmark2022/segmented_outputs/background/n12144580_corn.JPEG,n12144580_corn.JPEG,1.0527188319061143,0.03366151147959184,1689,32,9.384467989403145,0.9520317677526546,0.9284890733162865,0.2748967247554651,-6.4127806786810595,-12.62924760726053,-0.4365155168942554
../benchmarks/vggnet16_benchmark2022/segmented_outputs/background/n03223299_doormat.JPEG,n03223299_doormat.JPEG,0.9225793880291737,0.026526626275510203,1331,42,1.916257417032281,0.969841175873533,0.9589581760647508,0.29301680678066244,-6.98168530320469,-13.597100109379337,-0.43666980211782536
../benchmarks/vggnet16_benchmark2022/segmented_outputs/background/n04154565_screwdriver.JPEG,n04154565_screwdriver.JPEG,0.9503104964084732,0.026207748724489797,1315,35,7.154697746140986,0.9637067630567813,0.9476933770506204,0.2588898883172402,-6.7649483513860815,-13.338450931185854,-0.43706114855537676
../benchmarks/vggnet16_benchmark2022/segmented_outputs/background/n04355338_sundial.JPEG,n04355338_sundial.JPEG,1.5165148931080226,0.04532047193877551,2274,59,9.850291587260262,0.9340539475217939,0.903772141535921,0.2955655538259341,-5.730225252344501,-11.34190436712682,-0.43800259531914887
../benchmarks/vggnet16_benchmark2022/segmented_outputs/masks/n04485082_tripod_mask.png,n04485082_tripod_mask.png,0.9983654990327444,0.16288663903061223,8173,2,162.4324641225022,0.8311512846959437,0.6007430059026655,0.6610956548160533,2.0012964333646526,3.181315668569465,-0.43933823410116885
../benchmarks/vggnet16_benchmark2022/segmented_outputs/masks/n02978881_cassette_mask.png,n02978881_cassette_mask.png,0.17635125841524193,0.04009885204081633,2012,2,29.25113928519563,0.9695934103064494,0.9605157409993651,0.356659621681448,-6.407282727825844,-12.417044954409556,-0.439961515791896
../benchmarks/vggnet16_benchmark2022/segmented_outputs/background/n03841143_odometer.JPEG,n03841143_odometer.JPEG,1.3281221255544458,0.05464764030612245,2742,63,15.422519820336458,0.9247534221799769,0.8902908472929462,0.3224240929625086,-5.3689824476497385,-10.592735672672317,-0.4405732010856599
../benchmarks/vggnet16_benchmark2022/segmented_outputs/masks/n02190166_fly_mask.png,n02190166_fly_mask.png,0.9091002784795498,0.14261798469387754,7156,2,125.58131829179533,0.8694580890937679,0.6702174935422361,0.7011375045800197,0.0479879289283458,-0.03949654164515681,-0.4410395132120999
../benchmarks/vggnet16_benchmark2022/segmented_outputs/masks/n02108551_Tibetan_mastiff_mask.png,n02108551_Tibetan_mastiff_mask.png,0.9078086824128955,0.13881138392857142,6965,2,117.36303766611098,0.878001000347078,0.6758705289732072,0.7199150841606434,-0.3320953421145088,-0.6276641276052126,-0.44106162576451025
../benchmarks/vggnet16_benchmark2022/segmented_outputs/masks/n01734418_king_snake_mask.png,n01734418_king_snake_mask.png,0.8231841182370401,0.14775988520408162,7414,2,146.51336856519862,0.8476992010756772,0.7005701735973179,0.5990634420303051,0.74221350655649,0.7938108194809279,-0.44134602325619393
../benchmarks/vggnet16_benchmark2022/segmented_outputs/masks/n07715103_cauliflower_mask.png,n07715103_cauliflower_mask.png,0.656978454303121,0.12139269770408163,6091,2,104.94686505198791,0.8909076246860834,0.7878935611262441,0.612740039529525,-1.5729278031127167,-3.1456735186759213,-0.4421850010636216
../benchmarks/vggnet16_benchmark2022/segmented_outputs/masks/n02106382_Bouvier_des_Flandres_mask.png,n02106382_Bouvier_des_Flandres_mask.png,0.47686818349374743,0.09719786352040816,4877,2,85.0940370327627,0.9115446600491033,0.8591273357517648,0.5111929195205793,-3.004060979513139,-5.980096984215512,-0.44257078076777406
../benchmarks/vggnet16_benchmark2022/segmented_outputs/masks/n03709823_mailbag_mask.png,n03709823_mailbag_mask.png,0.11192249426431077,0.024473852040816327,1228,2,18.998045291196593,0.9802515121713133,0.9762163280668106,0.2820144714336786,-7.101447887466606,-13.88476723801219,-0.44260549839923397
../benchmarks/vggnet16_benchmark2022/segmented_outputs/masks/n09288635_geyser_mask.png,n09288635_geyser_mask.png,0.30524694874273645,0.06463249362244898,3243,2,49.70317570086651,0.9483334971924464,0.9263259793802779,0.4404915592008771,-5.110745878085321,-9.87107286381995,-0.4428109540296027
../benchmarks/vggnet16_benchmark2022/segmented_outputs/masks/n03249569_drum_mask.png,n03249569_drum_mask.png,0.9894522836585227,0.1676299426020408,8411,2,171.7245406629127,0.8214921614730637,0.6011564497392486,0.6368570628351404,2.4075580513925403,3.800129117935799,-0.4428112068414214
../benchmarks/vggnet16_benchmark2022/segmented_outputs/masks/n02317335_starfish_mask.png,n02317335_starfish_mask.png,0.11083677172197404,0.024952168367346938,1252,2,19.75239925537177,0.9794673604414015,0.9753536129628956,0.2806808336169959,-7.063774381169918,-13.823668869905003,-0.4432474301415266
../benchmarks/vggnet16_benchmark2022/segmented_outputs/background/n03998194_prayer_rug.JPEG,n03998194_prayer_rug.JPEG,0.9204212140456759,0.018255739795918366,916,38,0.8091646064191242,0.9834123274296758,0.9784683622772079,0.27032041910744836,-7.3152411317673876,-14.303213184987376,-0.4437085458857769
../benchmarks/vggnet16_benchmark2022/segmented_outputs/masks/n04404412_television_mask.png,n04404412_television_mask.png,0.4739291234809583,0.09815449617346939,4925,2,94.79668167215989,0.9014587508605406,0.8542920883009073,0.45594879763767604,-2.617026981927554,-5.511041227096706,-0.44465854519103437
../benchmarks/vggnet16_benchmark2022/segmented_outputs/masks/n02493509_titi_mask.png,n02493509_titi_mask.png,0.9999858791826421,0.15017139668367346,7535,2,134.76173396149835,0.85991503746206,0.6161035020546463,0.7195377419297991,0.7394507765625942,1.2207205843342315,-0.44492794036547206
../benchmarks/vggnet16_benchmark2022/segmented_outputs/masks/n04493381_tub_mask.png,n04493381_tub_mask.png,0.9999283692222907,0.15415736607142858,7735,2,142.89191283557275,0.8514637080711301,0.6112358695252285,0.7025377483029712,1.1154648377010137,1.8085438365059643,-0.4449288102816494
../benchmarks/vggnet16_benchmark2022/segmented_outputs/masks/n03792972_mountain_tent_mask.png,n03792972_mountain_tent_mask.png,0.5664485081043746,0.1094547193877551,5492,2,90.69260257648216,0.9057249453466922,0.8286173517628248,0.5858567636674845,-2.464350409538298,-4.775382707930582,-0.445196348619472
../benchmarks/vggnet16_benchmark2022/segmented_outputs/masks/n04023962_punching_bag_mask.png,n04023962_punching_bag_mask.png,0.0674420983150571,0.014269770408163265,716,2,8.859193890692897,0.9907908587414834,0.9890842662308832,0.2530372669280453,-7.691803306647122,-15.005905680669162,-0.44548918340252674
../benchmarks/vggnet16_benchmark2022/segmented_outputs/background/n01614925_bald_eagle.JPEG,n01614925_bald_eagle.JPEG,0.7223330999605427,0.02060746173469388,1034,11,0.8955482619635293,0.9764162694186711,0.9652803993027935,0.26635573374286914,-7.368791332967408,-14.33433560129032,-0.4464353977810059
../benchmarks/vggnet16_benchmark2022/segmented_outputs/masks/n03255030_dumbbell_mask.png,n03255030_dumbbell_mask.png,0.5301554966019684,0.10730229591836735,5384,2,103.31090031175212,0.8926082117341454,0.8347944894996591,0.4810589279351089,-2.072061984617918,-4.476025357086727,-0.4479185787779064
../benchmarks/vggnet16_benchmark2022/segmented_outputs/masks/n01784675_centipede_mask.png,n01784675_centipede_mask.png,0.849621931311357,0.15451610331632654,7753,2,155.79956569683293,0.8380461895043316,0.6828441771136678,0.5928571791021339,1.2614551726590324,1.6764590132437256,-0.44898844664386556
../benchmarks/vggnet16_benchmark2022/segmented_outputs/masks/n02909870_bucket_mask.png,n02909870_bucket_mask.png,0.40560526870807734,0.08621651785714286,4326,2,70.92661401022225,0.9262717110080849,0.8870522135460974,0.4898256793709817,-3.82154774462227,-7.457122270314205,-0.45067584406884537
../benchmarks/vggnet16_benchmark2022/segmented_outputs/masks/n02086240_Shih-Tzu_mask.png,n02086240_Shih-Tzu_mask.png,0.5891945178545939,0.11836336096938775,5939,2,114.03874503974185,0.8814566059877943,0.8081423544329318,0.5107800406322521,-1.3889002583368564,-3.185881745381642,-0.45094160551832657
../benchmarks/vggnet16_benchmark2022/segmented_outputs/masks/n01943899_conch_mask.png,n01943899_conch_mask.png,0.5906930930229619,0.11553332270408163,5797,2,104.67289844721057,0.8911924132565379,0.8151165830905895,0.5431264908646918,-1.800387824719303,-3.776939373953727,-0.4522383775048471
../benchmarks/vggnet16_benchmark2022/segmented_outputs/masks/n03594734_jean_mask.png,n03594734_jean_mask.png,0.9876120200188563,0.1464046556122449,7346,2,125.3497139845756,0.8696988420118756,0.6292227884347033,0.7341706091950344,0.28338575506010655,0.4966806339330669,-0.45261587913444745
../benchmarks/vggnet16_benchmark2022/segmented_outputs/masks/n09835506_ballplayer_mask.png,n09835506_ballplayer_mask.png,0.9340573754961233,0.15479512117346939,7767,2,145.71114882516036,0.8485331093293551,0.6468090932052017,0.6654637200413138,1.0666626548206544,1.6062068166707881,-0.4545975273043741
../benchmarks/vggnet16_benchmark2022/segmented_outputs/masks/n03272010_electric_guitar_mask.png,n03272010_electric_guitar_mask.png,0.060139388066327744,0.013253348214285714,665,2,10.321784734356577,0.9892704940391304,0.9876999286151957,0.22370155683342122,-7.650945961160711,-15.030826683525929,-0.45493592126456756
../benchmarks/vggnet16_benchmark2022/segmented_outputs/masks/n07920052_espresso_mask.png,n07920052_espresso_mask.png,0.7345709651773061,0.1382732780612245,6938,2,132.26766281902997,0.8625076270072454,0.7456580492323457,0.5770142119370941,-0.12820309127327212,-0.7670839970786278,-0.45579313532091886
../benchmarks/vggnet16_benchmark2022/segmented_outputs/masks/n04486054_triumphal_arch_mask.png,n04486054_triumphal_arch_mask.png,0.7632949391814701,0.13508450255102042,6778,2,118.48622556931915,0.8768334453541381,0.7412004941844756,0.6400646490372364,-0.6525100828462175,-1.4442180194418524,-0.4559644267196836
../benchmarks/vggnet16_benchmark2022/segmented_outputs/masks/n07753275_pineapple_mask.png,n07753275_pineapple_mask.png,0.5015153325846313,0.10375478316326531,5206,2,96.43004297608918,0.8997608700872254,0.8464621156792553,0.4807165558106998,-2.432822205191443,-5.088434354858826,-0.4563891685247223
../benchmarks/vggnet16_benchmark2022/segmented_outputs/masks/n13037406_gyromitra_mask.png,n13037406_gyromitra_mask.png,0.5019948167913393,0.10349569515306123,5193,2,94.77802907962291,0.9014781402498722,0.8475109837269734,0.488615015069539,-2.5010328133936772,-5.177197166601759,-0.45653072733322697
../benchmarks/vggnet16_benchmark2022/segmented_outputs/masks/n04579432_whistle_mask.png,n04579432_whistle_mask.png,0.8580102755862852,0.14528858418367346,7290,2,131.3539381375789,0.8634574447634314,0.6942916104203266,0.6583007363629125,0.18749950466458876,0.06914277080386444,-0.4569851042141929
../benchmarks/vggnet16_benchmark2022/segmented_outputs/masks/n03661043_library_mask.png,n03661043_library_mask.png,0.9750643691266979,0.13781489158163265,6915,2,106.64084039599965,0.8891467355550939,0.6479155201385025,0.7695740216381944,-0.6067377701727475,-0.9053080875299854,-0.45745048055421456
../benchmarks/vggnet16_benchmark2022/segmented_outputs/masks/n04081281_restaurant_mask.png,n04081281_restaurant_mask.png,0.9904132492516688,0.1595782844387755,8007,2,150.21191267777775,0.8438545606260106,0.6124269718016151,0.6830218903610856,1.4564387303134159,2.3453772865689997,-0.45910284102941573
../benchmarks/vggnet16_benchmark2022/segmented_outputs/masks/n02256656_cicada_mask.png,n02256656_cicada_mask.png,0.844295208977145,0.16103316326530612,8080,2,168.3983125702464,0.8249497790330078,0.6801846834211593,0.5541427507104317,1.8285044126198078,2.5292019165802584,-0.459843118850365
../benchmarks/vggnet16_benchmark2022/segmented_outputs/masks/n07749582_lemon_mask.png,n07749582_lemon_mask.png,0.990077769197867,0.14439174107142858,7245,2,118.7188097051374,0.8765916739031836,0.6310684697663103,0.749685118528123,0.0043085051488257475,0.08040580324805702,-0.46021280855617974
../benchmarks/vggnet16_benchmark2022/segmented_outputs/masks/n03379051_football_helmet_mask.png,n03379051_football_helmet_mask.png,0.8070178203424958,0.14490991709183673,7271,2,133.90835872608994,0.8608021219063513,0.7116517214246453,0.6270766202238776,0.18929946682063115,-0.032868771483156145,-0.46143440715780776
../benchmarks/vggnet16_benchmark2022/segmented_outputs/masks/n01735189_garter_snake_mask.png,n01735189_garter_snake_mask.png,0.3808201578482246,0.08466198979591837,4248,2,69.43791404486925,0.9278192161695746,0.8929678941077253,0.46715749062074824,-3.931497591701581,-7.711723352437089,-0.46429408445700926
../benchmarks/vggnet16_benchmark2022/segmented_outputs/masks/n02480855_gorilla_mask.png,n02480855_gorilla_mask.png,0.954419314090987,0.15256297831632654,7655,2,135.20892552851222,0.8594501813632931,0.6402282322540516,0.7002102431874203,0.6816920158921058,1.082581694546564,-0.4675453036380928
../benchmarks/vggnet16_benchmark2022/segmented_outputs/masks/n01614925_bald_eagle_mask.png,n01614925_bald_eagle_mask.png,0.10215638635870981,0.0194515306122449,976,2,13.172897917978716,0.98630675892102,0.9833471014313326,0.2430744806288881,-7.420999362046879,-14.547907746763782,-0.46787704085525095
../benchmarks/vggnet16_benchmark2022/segmented_outputs/masks/n03670208_limousine_mask.png,n03670208_limousine_mask.png,0.37454232647115926,0.08388472576530612,4209,2,65.46092791387736,0.9319532973868219,0.89747842903631,0.4799941654369799,-4.108460407899715,-7.965412904775455,-0.4679794709478075
../benchmarks/vggnet16_benchmark2022/segmented_outputs/masks/n07714990_broccoli_mask.png,n07714990_broccoli_mask.png,0.473302005579995,0.09962930484693877,4999,2,86.71072279159739,0.909864113522248,0.861132216918971,0.4882060194529351,-2.9175212236343704,-5.881747599453439,-0.46847421514467635
../benchmarks/vggnet16_benchmark2022/segmented_outputs/masks/n07753592_banana_mask.png,n07753592_banana_mask.png,0.9222626878395083,0.1573062818877551,7893,2,147.4149779290684,0.8467619772047106,0.6506497217138414,0.6567211406184352,1.1473980318030144,1.7325143497291586,-0.4686762108281594
../benchmarks/vggnet16_benchmark2022/segmented_outputs/masks/n01818515_macaw_mask.png,n01818515_macaw_mask.png,0.9521280205888437,0.15475526147959184,7765,2,139.32184591234574,0.8551747963489129,0.6387317062328803,0.6903525184382866,0.869973836085466,1.3746011417734214,-0.46946785847491274
../benchmarks/vggnet16_benchmark2022/segmented_outputs/masks/n07684084_French_loaf_mask.png,n07684084_French_loaf_mask.png,0.12401516243307772,0.02658641581632653,1334,2,19.717615024379285,0.9795035186856764,0.9754716623350435,0.26090842896210176,-7.03599499613027,-13.814834188189742,-0.4702611767060025
../benchmarks/vggnet16_benchmark2022/segmented_outputs/masks/n01498041_stingray_mask.png,n01498041_stingray_mask.png,0.046495440787491016,0.01056281887755102,530,2,7.784848725956169,0.9919076416570103,0.9908951376314711,0.19684144395658087,-7.801587406746885,-15.369720798011512,-0.4704102294418084
../benchmarks/vggnet16_benchmark2022/segmented_outputs/masks/n03188531_diaper_mask.png,n03188531_diaper_mask.png,0.2544914311102579,0.05707908163265306,2864,2,46.11426931282949,0.9520641691134828,0.9374893807835827,0.36054891751175583,-5.417444713609466,-10.656389193308854,-0.47110335377999984
../benchmarks/vggnet16_benchmark2022/segmented_outputs/masks/n02091244_Ibizan_hound_mask.png,n02091244_Ibizan_hound_mask.png,0.8990967615725478,0.1452686543367347,7289,2,122.3963756441893,0.8727688402867055,0.6774489779196673,0.7037595071281317,-0.06052622353470777,-0.1784314210987724,-0.4711673321674362
../benchmarks/vggnet16_benchmark2022/segmented_outputs/masks/n02794156_barometer_mask.png,n02794156_barometer_mask.png,0.6101693782135519,0.12406329719387756,6225,2,118.61866783175559,0.8766957714846616,0.8012046596573313,0.5062157944721654,-1.1012541977313526,-2.680655978154043,-0.4714049577090186
../benchmarks/vggnet16_benchmark2022/segmented_outputs/masks/n02114367_timber_wolf_mask.png,n02114367_timber_wolf_mask.png,0.602641854166078,0.12242904974489796,6143,2,112.81670845619884,0.8827269142866957,0.805890962463961,0.5246226924124204,-1.3590249759496016,-3.054766682176923,-0.4741827534914865
../benchmarks/vggnet16_benchmark2022/segmented_outputs/masks/n01756291_sidewinder_mask.png,n01756291_sidewinder_mask.png,0.5721795153376853,0.11997767857142858,6020,2,118.92034860985837,0.8763821740022262,0.8134661092589452,0.4616289261648385,-1.2129014995570988,-3.0308530811276886,-0.47455894256615416
../benchmarks/vggnet16_benchmark2022/segmented_outputs/masks/n01744401_rock_python_mask.png,n01744401_rock_python_mask.png,0.9864187990004418,0.1809032206632653,9077,2,189.41638257485602,0.8031014734149107,0.5932076086807057,0.5979937122107339,3.2833788578779064,5.212587026190934,-0.4745635659374416
../benchmarks/vggnet16_benchmark2022/segmented_outputs/masks/n03690938_lotion_mask.png,n03690938_lotion_mask.png,0.316947522496662,0.07124920280612244,3575,2,59.94470095560918,0.9376874210440653,0.9156345615985427,0.3943433020361359,-4.591217218312528,-9.102924066629281,-0.47460375530207943
../benchmarks/vggnet16_benchmark2022/segmented_outputs/background/n01877812_wallaby.JPEG,n01877812_wallaby.JPEG,1.8959686923078225,0.07531489158163265,3779,75,19.735340374806515,0.8809756578712906,0.8246969954554987,0.27534661732054233,-4.139251071559471,-8.452043975123292,-0.4754892074392471
../benchmarks/vggnet16_benchmark2022/segmented_outputs/masks/n02879718_bow_mask.png,n02879718_bow_mask.png,0.9180298735168044,0.14973294005102042,7513,2,129.05090058864906,0.865851454689554,0.6637831791243957,0.6969758906744764,0.30960624199888553,0.44150425536370663,-0.4762298493092075
../benchmarks/vggnet16_benchmark2022/segmented_outputs/masks/n03785016_moped_mask.png,n03785016_moped_mask.png,0.9580014737515201,0.15385841836734693,7720,2,134.37420900622993,0.860317870055894,0.6388194448278435,0.7036077494388007,0.6772838800907472,1.1006701113820196,-0.4782300148944851
../benchmarks/vggnet16_benchmark2022/segmented_outputs/background/n03047690_clog.JPEG,n03047690_clog.JPEG,3.313980568662839,0.1580436862244898,7930,150,27.92123541304376,0.7634003752697436,0.67726370362741,0.4765669726083615,-0.5090560085560102,-1.0667667153670857,-0.478906043627383
../benchmarks/vggnet16_benchmark2022/segmented_outputs/masks/n04141076_sax_mask.png,n04141076_sax_mask.png,0.9904265476423239,0.1680484693877551,8432,2,161.08317276727013,0.8325538744622971,0.606685630299898,0.6597034218839357,2.003315564142498,3.2326737012594284,-0.48051641969656417
../benchmarks/vggnet16_benchmark2022/segmented_outputs/masks/n04154565_screwdriver_mask.png,n04154565_screwdriver_mask.png,0.11420425383509086,0.02415497448979592,1212,2,16.626711634180005,0.9827165159727859,0.9791269609962342,0.24576488898291682,-7.2033404744001555,-14.145911465890132,-0.48084684960334223
../benchmarks/vggnet16_benchmark2022/segmented_outputs/masks/n07718472_cucumber_mask.png,n07718472_cucumber_mask.png,0.907787427546217,0.14987244897959184,7520,2,128.18754004925404,0.8667489188677193,0.6684716724097459,0.6951828897672405,0.2581831612987355,0.35379952447635266,-0.48173855989290126
../benchmarks/vggnet16_benchmark2022/segmented_outputs/masks/n07745940_strawberry_mask.png,n07745940_strawberry_mask.png,0.2736633329423194,0.06307796556122448,3165,2,49.108166125718725,0.9489520102643256,0.9321507778885627,0.3787420034846075,-5.190224864763565,-10.182555377908924,-0.48308963094595514
../benchmarks/vggnet16_benchmark2022/segmented_outputs/masks/n03218198_dogsled_mask.png,n03218198_dogsled_mask.png,0.8728797301401894,0.15341996173469388,7698,2,137.93721359539052,0.8566141230817146,0.679245437853304,0.6548492708288487,0.6136370852238311,0.8271648465033256,-0.4847997307198648
../benchmarks/vggnet16_benchmark2022/segmented_outputs/masks/n02097130_giant_schnauzer_mask.png,n02097130_giant_schnauzer_mask.png,0.7263226250233152,0.13755580357142858,6902,2,119.23345992820097,0.8760566944613295,0.7549157796354201,0.6140602111100122,-0.6548963476145981,-1.5032584532024003,-0.4857431327869501
../benchmarks/vggnet16_benchmark2022/segmented_outputs/masks/n02115641_dingo_mask.png,n02115641_dingo_mask.png,0.9851453026963688,0.1520049426020408,7627,2,126.62396876292115,0.8683742528451963,0.6287644029135403,0.731248732666492,0.4146720936132059,0.7557796481454622,-0.4862385812328713
../benchmarks/vggnet16_benchmark2022/segmented_outputs/masks/n02883205_bow_tie_mask.png,n02883205_bow_tie_mask.png,0.9999513646794844,0.15262276785714285,7658,2,127.20125675514572,0.8677741613771874,0.6206857101309001,0.7352692110661704,0.481696061000316,0.8854073744052992,-0.4864448453098767
../benchmarks/vggnet16_benchmark2022/segmented_outputs/masks/n01820546_lorikeet_mask.png,n01820546_lorikeet_mask.png,0.7483231205222411,0.14012675382653061,7031,2,122.72946903446571,0.8724225893612623,0.746712308293537,0.6141806101671483,-0.44852533350045376,-1.145531527674626,-0.4872970055077064
../benchmarks/vggnet16_benchmark2022/segmented_outputs/masks/n01692333_Gila_monster_mask.png,n01692333_Gila_monster_mask.png,0.8072097593048346,0.15668845663265307,7862,2,154.02655809990472,0.8398892327443819,0.7044871243374891,0.5660369031391335,1.1298332154564275,1.4035898917982108,-0.4881977855182864
../benchmarks/vggnet16_benchmark2022/segmented_outputs/masks/n04465501_tractor_mask.png,n04465501_tractor_mask.png,0.890869729485829,0.14700255102040816,7376,2,121.13994776176096,0.8740748983765478,0.6818549812895535,0.7033624951211986,-0.10062769883557665,-0.22670588578632855,-0.4883987581611731
../benchmarks/vggnet16_benchmark2022/segmented_outputs/masks/n03841143_odometer_mask.png,n03841143_odometer_mask.png,0.18528677259172707,0.04611766581632653,2314,2,32.466315700077686,0.9662512310810003,0.9575852794486468,0.3256780598606895,-6.184813153308269,-12.083900390947088,-0.4895819101034672
../benchmarks/vggnet16_benchmark2022/segmented_outputs/masks/n02097209_standard_schnauzer_mask.png,n02097209_standard_schnauzer_mask.png,0.38400808194616626,0.08633609693877552,4332,2,72.66830891602328,0.9244612173430111,0.8931236198924495,0.4286891159156525,-3.7875227066599377,-7.572032404177304,-0.4897135610074199
../benchmarks/vggnet16_benchmark2022/segmented_outputs/masks/n02116738_African_hunting_dog_mask.png,n02116738_African_hunting_dog_mask.png,0.49154208338307503,0.10638552295918367,5338,2,89.83201612124782,0.9066195258614888,0.8534893756021897,0.49957979824175747,-2.6658269786271376,-5.377449887604935,-0.4909742491992205
../benchmarks/vggnet16_benchmark2022/segmented_outputs/masks/n04355338_sundial_mask.png,n04355338_sundial_mask.png,0.16406690084726608,0.039162149234693876,1965,2,28.36621187846615,0.9705132932656277,0.9640148952058936,0.28898894565249655,-6.471825087851887,-12.711657693553612,-0.49132203798157237
../benchmarks/vggnet16_benchmark2022/segmented_outputs/masks/n07875152_potpie_mask.png,n07875152_potpie_mask.png,0.5609324489631107,0.11890146683673469,5966,2,105.38436126578134,0.8904528469170672,0.8232780640617583,0.5116278266097468,-1.76661182676123,-3.779050341908146,-0.4941516234828435
../benchmarks/vggnet16_benchmark2022/segmented_outputs/masks/n04040759_radiator_mask.png,n04040759_radiator_mask.png,0.9527137767220738,0.16611527423469388,8335,2,155.32676951954835,0.8385376616220911,0.6305383977713044,0.6539098052289694,1.6577103657528751,2.635620206356857,-0.4951402077519892
../benchmarks/vggnet16_benchmark2022/segmented_outputs/masks/n02795169_barrel_mask.png,n02795169_barrel_mask.png,0.9562940061600327,0.15676817602040816,7866,2,135.1503601370498,0.8595110601485969,0.6401736859195237,0.700353684054633,0.7434075518661722,1.2259044470572213,-0.4960729449778249
../benchmarks/vggnet16_benchmark2022/segmented_outputs/masks/n02363005_beaver_mask.png,n02363005_beaver_mask.png,0.9456954051648783,0.17434630102040816,8748,2,172.9399730336283,0.8202287182602617,0.6254119837420857,0.6099501107158246,2.442846584041244,3.8345484173803372,-0.4966419672430638
../benchmarks/vggnet16_benchmark2022/segmented_outputs/masks/n13044778_earthstar_mask.png,n13044778_earthstar_mask.png,0.7374651978210953,0.15021125637755103,7537,2,147.91972081279272,0.8462372964523984,0.7371086752155886,0.5286538125491691,0.657510222162987,0.4658664689834784,-0.4968035455518495
../benchmarks/vggnet16_benchmark2022/segmented_outputs/masks/n04296562_stage_mask.png,n04296562_stage_mask.png,0.4658542029663564,0.10313695790816327,5175,2,90.98491676443798,0.9054210844444512,0.8609250637998813,0.45312210246145423,-2.710565916330056,-5.614575015907937,-0.4982329145044918
../benchmarks/vggnet16_benchmark2022/segmented_outputs/masks/n04482393_tricycle_mask.png,n04482393_tricycle_mask.png,0.9499020342486555,0.16555723852040816,8307,2,152.65485873351722,0.8413151156616245,0.6326324538947474,0.6593535867513451,1.542410323611016,2.462791690221655,-0.5001746530839556
../benchmarks/vggnet16_benchmark2022/segmented_outputs/masks/n01978455_rock_crab_mask.png,n01978455_rock_crab_mask.png,0.21175805636319672,0.05139907525510204,2579,2,39.01330519663439,0.9594456286937272,0.9494017286986648,0.315644644961236,-5.824515867490781,-11.483820882119954,-0.5018559921301076
../benchmarks/vggnet16_benchmark2022/segmented_outputs/background/n02910353_buckle.JPEG,n02910353_buckle.JPEG,1.043090855974113,0.03509646045918367,1761,30,2.6280836921749744,0.9520128854038642,0.9278462190529365,0.21384392181375728,-6.604189101240583,-13.060694258695076,-0.5056571369842408
../benchmarks/vggnet16_benchmark2022/segmented_outputs/masks/n02107574_Greater_Swiss_Mountain_dog_mask.png,n02107574_Greater_Swiss_Mountain_dog_mask.png,0.4145518472653368,0.09524473852040816,4779,2,76.70568719145348,0.9202643584288426,0.8822975842519728,0.46092637405088016,-3.4531549023351893,-6.856432968858659,-0.5062239186556194
../benchmarks/vggnet16_benchmark2022/segmented_outputs/masks/n02783161_ballpoint_mask.png,n02783161_ballpoint_mask.png,0.09414396962182742,0.024394132653061226,1224,2,14.76890730662176,0.9846477055024723,0.98224508595533,0.22627093554853056,-7.287430367741732,-14.329106452898655,-0.5066702152948903
../benchmarks/vggnet16_benchmark2022/segmented_outputs/masks/n01843383_toucan_mask.png,n01843383_toucan_mask.png,0.8759698458476417,0.15613042091836735,7834,2,136.5518907691136,0.858054167599674,0.6808057322882115,0.6573176442336511,0.5986732458262156,0.8393814899026264,-0.5077852279966233
../benchmarks/vggnet16_benchmark2022/segmented_outputs/masks/n02268443_dragonfly_mask.png,n02268443_dragonfly_mask.png,0.9940182913363182,0.16551737882653061,8305,2,147.28575456217914,0.8468963050289198,0.612208281105993,0.6906752155285942,1.4403840366646812,2.407503739636904,-0.5080757733169791
../benchmarks/vggnet16_benchmark2022/segmented_outputs/masks/n02843684_birdhouse_mask.png,n02843684_birdhouse_mask.png,0.9956644877761112,0.17225366709183673,8643,2,160.22187651800073,0.8334491928087311,0.6033197316459717,0.6647432190103355,2.049616065265213,3.368301580176899,-0.5101515532434876
../benchmarks/vggnet16_benchmark2022/segmented_outputs/masks/n03481172_hammer_mask.png,n03481172_hammer_mask.png,0.31452837231185793,0.07708864795918367,3868,2,56.039297251883845,0.941747092253759,0.918698456298606,0.4218810187787535,-4.659513028299558,-9.073260238847723,-0.5111293371824873
../benchmarks/vggnet16_benchmark2022/segmented_outputs/background/n03814639_neck_brace.JPEG,n03814639_neck_brace.JPEG,0.500561043289885,0.00015943877551020407,8,3,0.027656354972910704,0.9972373597107805,0.9943751255535695,0.08604224152517059,-8.059651132972501,-16.173672510219923,-0.5198373708407714
../benchmarks/vggnet16_benchmark2022/segmented_outputs/masks/n01984695_spiny_lobster_mask.png,n01984695_spiny_lobster_mask.png,0.9908016464693894,0.18006616709183673,9035,2,173.42880777755266,0.819720574035808,0.5988408705838452,0.6345057658075098,2.6654752671081723,4.33565530038414,-0.5203193222012534
../benchmarks/vggnet16_benchmark2022/segmented_outputs/masks/n02011460_bittern_mask.png,n02011460_bittern_mask.png,0.37255841472750584,0.09084024234693877,4558,2,69.69860018562918,0.9275482326552711,0.8957453338913741,0.4438003256853906,-3.8433013974297667,-7.57072088441031,-0.5224631445915174
../benchmarks/vggnet16_benchmark2022/segmented_outputs/masks/n04462240_toyshop_mask.png,n04462240_toyshop_mask.png,0.9207407976204055,0.17329001913265307,8695,2,164.50177478276166,0.8290002341135534,0.6442833098047289,0.6138166379711494,2.036139147512589,3.183094709168375,-0.5246011594101483
../benchmarks/vggnet16_benchmark2022/segmented_outputs/masks/n06596364_comic_book_mask.png,n06596364_comic_book_mask.png,0.9393526572406109,0.1676299426020408,8411,2,149.2968808133617,0.8448057372002478,0.6396710989596085,0.6621095594253381,1.4194401374810817,2.2954748205636433,-0.5272410955852187
../benchmarks/vggnet16_benchmark2022/segmented_outputs/masks/n04204347_shopping_cart_mask.png,n04204347_shopping_cart_mask.png,0.978011626312145,0.16420200892857142,8239,2,139.6356758655744,0.8548485697863053,0.6259219145879997,0.6998537480832434,1.0818573640165703,1.847183013418176,-0.5274142988582948
../benchmarks/vggnet16_benchmark2022/segmented_outputs/masks/n04332243_strainer_mask.png,n04332243_strainer_mask.png,0.35901959795590566,0.08591757015306123,4311,2,76.40982131306039,0.920571911316985,0.8967941555972733,0.35092401606085166,-3.6804141317234755,-7.621565060278259,-0.5287877364550694
../benchmarks/vggnet16_benchmark2022/segmented_outputs/masks/n02730930_apron_mask.png,n02730930_apron_mask.png,0.9861559042804211,0.17580117984693877,8821,2,160.57062758968362,0.8330866657071896,0.6081078857365041,0.6598036392843986,2.0934820434391916,3.458214247051606,-0.5348803341373408
../benchmarks/vggnet16_benchmark2022/segmented_outputs/background/n03710637_maillot.JPEG,n03710637_maillot.JPEG,3.006489523745035,0.14696269132653061,7374,59,27.376602643302654,0.7773210012633439,0.6989205720348453,0.388554978985852,-1.3482613794473288,-2.7185919281649373,-0.5355331904203272
../benchmarks/vggnet16_benchmark2022/segmented_outputs/masks/n02233338_cockroach_mask.png,n02233338_cockroach_mask.png,0.9914728748570905,0.16432158801020408,8245,2,136.41231734027102,0.8581992543240426,0.6194748001383927,0.7129460407160149,0.9954765302886951,1.7556059360971576,-0.5360814631546053
../benchmarks/vggnet16_benchmark2022/segmented_outputs/masks/n02108089_boxer_mask.png,n02108089_boxer_mask.png,0.8243078373089074,0.1717155612244898,8616,2,169.1398450660131,0.8241789552328347,0.6888288668481066,0.5375607070342556,1.9747368481389482,2.8229817222473534,-0.5388399079171939
../benchmarks/vggnet16_benchmark2022/segmented_outputs/background/n03220513_dome.JPEG,n03220513_dome.JPEG,2.6795011593728217,0.10036670918367346,5036,139,6.856249441592157,0.8577907134828198,0.8018899586674721,0.3229305034509168,-3.3607115414076416,-6.783874581588737,-0.5407944729381938
../benchmarks/vggnet16_benchmark2022/segmented_outputs/masks/n02487347_macaque_mask.png,n02487347_macaque_mask.png,0.9962254422347698,0.1686065051020408,8460,2,143.45065160521014,0.8508828985392826,0.6130211310559918,0.6998362387386079,1.3439032129321948,2.315882775287331,-0.5410346297667029
../benchmarks/vggnet16_benchmark2022/segmented_outputs/background/n03777754_modem.JPEG,n03777754_modem.JPEG,0.3289755016662264,0.0013352997448979591,67,10,0.13817890644658917,0.9951690158332522,0.9916525395171856,0.05601110685166542,-8.052712551307467,-16.23165008551839,-0.5430387385592419
../benchmarks/vggnet16_benchmark2022/segmented_outputs/masks/n03063599_coffee_mug_mask.png,n03063599_coffee_mug_mask.png,0.9047209661860875,0.17295121173469388,8678,2,159.28649830944522,0.8344215194288511,0.6542544765801399,0.6178579849539116,1.7957293518832371,2.8069823232412054,-0.5431274710976394
../benchmarks/vggnet16_benchmark2022/segmented_outputs/masks/n09256479_coral_reef_mask.png,n09256479_coral_reef_mask.png,0.7337182623312566,0.15427694515306123,7741,2,139.42185857329025,0.8550708330838979,0.7424402463375698,0.5534243374158658,0.385293214036326,0.14945467661701506,-0.5465616267039642
../benchmarks/vggnet16_benchmark2022/segmented_outputs/masks/n03220513_dome_mask.png,n03220513_dome_mask.png,0.3355746926204503,0.08270886479591837,4150,2,74.76234092725016,0.9222844688905925,0.9033531488370905,0.3064084962904156,-3.8228865594602954,-8.00398377909216,-0.5493833843450604
../benchmarks/vggnet16_benchmark2022/segmented_outputs/masks/n03793489_mouse_mask.png,n03793489_mouse_mask.png,0.919539710929742,0.16663345025510204,8361,2,141.090098685887,0.8533366957527162,0.6562775783832302,0.6693872595029653,1.032752771567249,1.687110241882535,-0.5523145187538953
../benchmarks/vggnet16_benchmark2022/segmented_outputs/masks/n02138441_meerkat_mask.png,n02138441_meerkat_mask.png,0.7178356822969798,0.15969786352040816,8013,2,153.73063349300156,0.8401968466808716,0.7429977896546605,0.49010148577672014,0.9821844883679622,0.9674643958015681,-0.5600286449382451
../benchmarks/vggnet16_benchmark2022/segmented_outputs/masks/n02483708_siamang_mask.png,n02483708_siamang_mask.png,0.8485649015022765,0.16185028698979592,8121,2,133.9091330777676,0.8608013169669777,0.6929157013130887,0.6516477899202486,0.5305805602897613,0.7705003071772712,-0.5610535808453049
../benchmarks/vggnet16_benchmark2022/segmented_outputs/masks/n02051845_pelican_mask.png,n02051845_pelican_mask.png,0.8335038699553001,0.17958785076530612,9011,2,178.37806809707195,0.8145758127889065,0.6804252156999326,0.5191968393501604,2.4665866111008317,3.6340254517462185,-0.5613990010453345
../benchmarks/vggnet16_benchmark2022/segmented_outputs/masks/n03710637_maillot_mask.png,n03710637_maillot_mask.png,0.506055437448461,0.12213010204081633,6128,2,119.96950191548206,0.8752915780504344,0.8353003888869193,0.35343573251435834,-1.2512913129814727,-3.376650386117872,-0.5640702527752552
../benchmarks/vggnet16_benchmark2022/segmented_outputs/masks/n02088632_bluetick_mask.png,n02088632_bluetick_mask.png,0.9946164323231397,0.18078364158163265,9071,2,157.88917509664972,0.835874038361071,0.6052767524563636,0.6690193426824667,2.0839455120644255,3.5264946848892884,-0.5756247000231325
../benchmarks/vggnet16_benchmark2022/segmented_outputs/masks/n02910353_buckle_mask.png,n02910353_buckle_mask.png,0.10400783219651241,0.033083545918367346,1660,2,19.015790627834782,0.9802330658754316,0.9779153078134396,0.1827778339800851,-6.9814936496747695,-13.868486841816926,-0.5793622853623972
../benchmarks/vggnet16_benchmark2022/segmented_outputs/masks/n04005630_prison_mask.png,n04005630_prison_mask.png,0.5524498886531874,0.1337890625,6713,2,122.29970788520629,0.8728693265226546,0.8182209138415946,0.4208612571077201,-0.9082384173354465,-2.516822878841817,-0.5814686980404289
../benchmarks/vggnet16_benchmark2022/segmented_outputs/masks/n03447447_gondola_mask.png,n03447447_gondola_mask.png,0.9959022297563205,0.18680245535714285,9373,2,167.6072009708442,0.8257721403629478,0.5993736536892516,0.6489638540720726,2.5530124785484376,4.274418617685227,-0.5838896164945095
../benchmarks/vggnet16_benchmark2022/segmented_outputs/masks/n01877812_wallaby_mask.png,n01877812_wallaby_mask.png,0.2076829905548892,0.062201052295918366,3121,2,43.41353725548125,0.9548715828945101,0.945861021771701,0.2739280398942049,-5.489712098163505,-10.951016447410469,-0.5863021175423603
../benchmarks/vggnet16_benchmark2022/segmented_outputs/masks/n02488702_colobus_mask.png,n02488702_colobus_mask.png,0.9258289391272974,0.193359375,9702,2,185.306043282321,0.8073741753822027,0.6296430340286887,0.5695782078448289,3.156403134472699,5.043309319850913,-0.5922663034410777
../benchmarks/vggnet16_benchmark2022/segmented_outputs/masks/n02099267_flat-coated_retriever_mask.png,n02099267_flat-coated_retriever_mask.png,0.9695773928474456,0.1919842155612245,9633,2,176.76298675838407,0.8162546915193513,0.6098172688805595,0.6152389947134,2.915729011922503,4.795413336630375,-0.5958426688096659
../benchmarks/vggnet16_benchmark2022/segmented_outputs/masks/n03047690_clog_mask.png,n03047690_clog_mask.png,0.5535512818719601,0.13424744897959184,6736,2,111.65240602982257,0.8839372078692073,0.8241442003493369,0.4670845922908785,-1.313563603308941,-3.023575489301465,-0.6006747102865666
../benchmarks/vggnet16_benchmark2022/segmented_outputs/masks/n01689811_alligator_lizard_mask.png,n01689811_alligator_lizard_mask.png,0.872398670446672,0.1854870854591837,9307,2,171.06176955970528,0.822181112723799,0.6624535595092627,0.5710244854077079,2.370735155807673,3.7069585071476565,-0.6022189690719908
../benchmarks/vggnet16_benchmark2022/segmented_outputs/masks/n01797886_ruffed_grouse_mask.png,n01797886_ruffed_grouse_mask.png,0.9495930230356251,0.20455994897959184,10264,2,202.64581132274736,0.7893494684794727,0.6080256862496749,0.545852992407731,4.050969159869036,6.515479253945799,-0.60353291773132
