path,name,entropy_bits,edge_density,edge_pixels,distinct_colors_q16,glcm_contrast,glcm_homogeneity,glcm_energy,glcm_correlation,complexity_score
../benchmarks/vggnet16_benchmark2022/segmented_outputs/object/n04462240_toyshop.JPEG,n04462240_toyshop.JPEG,7.2797099241441465,0.32180723852040816,16147,1547,76.45870579523769,0.33973536180293396,0.16644968893956458,0.5556670499965459,14.08727484092068
../benchmarks/vggnet16_benchmark2022/segmented_outputs/object/n04005630_prison.JPEG,n04005630_prison.JPEG,7.57901721285203,0.30139907525510207,15123,1142,86.56504002139027,0.3659517543480672,0.07884629278430447,0.5051640311492877,13.381475357211809
../benchmarks/vggnet16_benchmark2022/segmented_outputs/object/n02256656_cicada.JPEG,n02256656_cicada.JPEG,6.773728676637141,0.2705875318877551,13577,501,160.88013374379,0.5034893606954469,0.18096332257871345,0.4810044406662202,11.190035752935724
../benchmarks/vggnet16_benchmark2022/segmented_outputs/object/n03188531_diaper.JPEG,n03188531_diaper.JPEG,7.6921275173151935,0.23058832908163265,11570,1560,33.2607395834215,0.42339000185216336,0.07782670201878014,0.7080290737793944,11.03783677121936
../benchmarks/vggnet16_benchmark2022/segmented_outputs/object/n03207743_dishrag.JPEG,n03207743_dishrag.JPEG,7.515577970768632,0.3532764668367347,17726,998,17.48071235178284,0.3043708001366761,0.06374686253306897,0.762372322429457,10.380928648309528
../benchmarks/vggnet16_benchmark2022/segmented_outputs/object/n09256479_coral_reef.JPEG,n09256479_coral_reef.JPEG,7.131083127178659,0.24778778698979592,12433,829,95.8583635929404,0.4444373731327879,0.1178932271086233,0.578549469310474,10.250939238173263
../benchmarks/vggnet16_benchmark2022/segmented_outputs/object/n02870880_bookcase.JPEG,n02870880_bookcase.JPEG,7.677467600069697,0.2816685267857143,14133,652,75.58601180314139,0.3934358781726428,0.09972371991005799,0.6306706100267834,10.10602235192956
../benchmarks/vggnet16_benchmark2022/segmented_outputs/object/n02108089_boxer.JPEG,n02108089_boxer.JPEG,7.414232599590779,0.31845902423469385,15979,641,67.72654199148221,0.3676722173041188,0.12241280507346408,0.6215352775535452,9.88929729034292
../benchmarks/vggnet16_benchmark2022/segmented_outputs/object/n13037406_gyromitra.JPEG,n13037406_gyromitra.JPEG,7.629019007150265,0.2443797831632653,12262,987,58.12526054761497,0.44686982234331374,0.0814289516092346,0.583543304921412,9.753293287917982
../benchmarks/vggnet16_benchmark2022/segmented_outputs/object/n02051845_pelican.JPEG,n02051845_pelican.JPEG,7.082836026928339,0.283203125,14210,731,86.16541097538328,0.4251965231147003,0.14338986297933237,0.5012740276879526,9.72056588774694
../benchmarks/vggnet16_benchmark2022/segmented_outputs/object/n13044778_earthstar.JPEG,n13044778_earthstar.JPEG,7.6147914099593,0.27772241709183676,13935,347,92.84149006190628,0.4002107955057913,0.09742122754536418,0.481833310767726,9.517755089382133
../benchmarks/vggnet16_benchmark2022/segmented_outputs/object/n01924916_flatworm.JPEG,n01924916_flatworm.JPEG,7.751608497148928,0.3111049107142857,15610,591,55.70333145501421,0.373792334736742,0.09406626671412754,0.7039203669241436,9.50254016289798
../benchmarks/vggnet16_benchmark2022/segmented_outputs/object/n01872401_echidna.JPEG,n01872401_echidna.JPEG,7.489733544845394,0.31800063775510207,15956,482,69.51698783995892,0.3462092632300602,0.13045130688371998,0.682761783442349,9.487578209788554
../benchmarks/vggnet16_benchmark2022/segmented_outputs/object/n03032252_cinema.JPEG,n03032252_cinema.JPEG,7.500268501086894,0.26486766581632654,13290,935,57.07137217618913,0.43725925015928707,0.13977959563394637,0.725010320823356,9.237725408031377
../benchmarks/vggnet16_benchmark2022/segmented_outputs/object/n03482405_hamper.JPEG,n03482405_hamper.JPEG,7.542249024870368,0.24724968112244897,12406,1394,23.8942343906604,0.44324636527600036,0.13948483513221563,0.8474948857896301,9.235602529149187
../benchmarks/vggnet16_benchmark2022/segmented_outputs/object/n01744401_rock_python.JPEG,n01744401_rock_python.JPEG,6.8816614775099705,0.3117625956632653,15643,182,122.89422774291197,0.385141402454885,0.22568688331186731,0.4821232782877815,9.129334382756634
../benchmarks/vggnet16_benchmark2022/segmented_outputs/object/n02101006_Gordon_setter.JPEG,n02101006_Gordon_setter.JPEG,7.8586570300404475,0.29213169642857145,14658,469,59.72284788839256,0.37924338015250586,0.07760195972154729,0.7040475180465415,9.121045735867403
../benchmarks/vggnet16_benchmark2022/segmented_outputs/object/n04243546_slot.JPEG,n04243546_slot.JPEG,7.526685697553922,0.2382015306122449,11952,1266,38.68671395679714,0.47844648181411864,0.1483815075510021,0.7781021938031544,8.954018357797256
../benchmarks/vggnet16_benchmark2022/segmented_outputs/object/n01944390_snail.JPEG,n01944390_snail.JPEG,7.701386178675756,0.28928172831632654,14515,790,38.77178755529881,0.3937435920023178,0.09349808738164408,0.7598873625392508,8.941369366785757
../benchmarks/vggnet16_benchmark2022/segmented_outputs/object/n02321529_sea_cucumber.JPEG,n02321529_sea_cucumber.JPEG,7.647774887400706,0.3225845025510204,16186,607,36.77471846546598,0.3535588858870966,0.07274428996686347,0.7572526377612779,8.939757685426335
../benchmarks/vggnet16_benchmark2022/segmented_outputs/object/n02018207_American_coot.JPEG,n02018207_American_coot.JPEG,7.494122352631623,0.3317920918367347,16648,608,28.43655706836458,0.30323876208216105,0.06755829171980732,0.6286434357055073,8.902438619599275
../benchmarks/vggnet16_benchmark2022/segmented_outputs/object/n03873416_paddle.JPEG,n03873416_paddle.JPEG,7.810599110404214,0.35501036352040816,17813,16,50.43385325709556,0.22908416118666367,0.05497991030749774,0.6225661865248522,8.901302759747175
../benchmarks/vggnet16_benchmark2022/segmented_outputs/object/n01877812_wallaby.JPEG,n01877812_wallaby.JPEG,7.591344086328577,0.31216119260204084,15663,564,35.04276537575215,0.3285943646219551,0.06715492982242657,0.6197932780392508,8.690314009291745
../benchmarks/vggnet16_benchmark2022/segmented_outputs/object/n03598930_jigsaw_puzzle.JPEG,n03598930_jigsaw_puzzle.JPEG,7.666896866095459,0.27455357142857145,13776,663,48.568193826373104,0.41505977266855426,0.07907385730679155,0.638434892948399,8.588970427336369
../benchmarks/vggnet16_benchmark2022/segmented_outputs/object/n02011460_bittern.JPEG,n02011460_bittern.JPEG,7.523533051403128,0.3475366709183674,17438,356,38.1309980289437,0.30770542156202996,0.0674708993509607,0.5950931000220723,8.540626250411886
../benchmarks/vggnet16_benchmark2022/segmented_outputs/object/n04525305_vending_machine.JPEG,n04525305_vending_machine.JPEG,7.398625152970954,0.2085857780612245,10466,1422,36.56882796330278,0.5292870666715472,0.16184374187441847,0.8187371216776578,8.422694626461215
../benchmarks/vggnet16_benchmark2022/segmented_outputs/object/n01669191_box_turtle.JPEG,n01669191_box_turtle.JPEG,7.564582687251333,0.3460220025510204,17362,295,33.608039194437595,0.2757233490863773,0.05879002182490978,0.5504375012958764,8.391367636311752
../benchmarks/vggnet16_benchmark2022/segmented_outputs/object/n01735189_garter_snake.JPEG,n01735189_garter_snake.JPEG,7.859065912028448,0.30630181760204084,15369,401,39.19596220615238,0.3417735476505537,0.059453203636716925,0.7159114353494506,8.387450897893807
../benchmarks/vggnet16_benchmark2022/segmented_outputs/object/n02130308_cheetah.JPEG,n02130308_cheetah.JPEG,7.6553206288083295,0.3142139668367347,15766,652,23.22443725960157,0.357528597825956,0.06771129552052779,0.7425312505742192,8.313221842812448
../benchmarks/vggnet16_benchmark2022/segmented_outputs/object/n01734418_king_snake.JPEG,n01734418_king_snake.JPEG,7.457161107006486,0.31393494897959184,15752,289,62.489199651309406,0.34388407233892704,0.1250314518834018,0.6856909581289646,8.234805668319618
../benchmarks/vggnet16_benchmark2022/segmented_outputs/object/n02980441_castle.JPEG,n02980441_castle.JPEG,7.583864228800821,0.28164859693877553,14132,583,54.60550541222082,0.43542243794898383,0.1294645383011949,0.7743434019763016,8.005053173178073
../benchmarks/vggnet16_benchmark2022/segmented_outputs/object/n03998194_prayer_rug.JPEG,n03998194_prayer_rug.JPEG,7.097922459909763,0.25777264030612246,12934,1244,15.534095779558774,0.43146002382573684,0.12556184975687132,0.8595724763940887,7.957502060808815
../benchmarks/vggnet16_benchmark2022/segmented_outputs/object/n02397096_warthog.JPEG,n02397096_warthog.JPEG,7.621614587669862,0.3119618941326531,15653,400,33.966308403906424,0.33384833266374037,0.06853888486174929,0.6393736816548892,7.896232057900184
../benchmarks/vggnet16_benchmark2022/segmented_outputs/object/n02655020_puffer.JPEG,n02655020_puffer.JPEG,7.826977545502861,0.2520727040816326,12648,435,54.472369064028,0.4114324233453573,0.0743122955224059,0.6866087468453015,7.841610041736876
../benchmarks/vggnet16_benchmark2022/segmented_outputs/object/n02105505_komondor.JPEG,n02105505_komondor.JPEG,7.721025332375758,0.33834901147959184,16977,337,29.107458922493436,0.3414920721930139,0.07162348978410125,0.8191971876537691,7.775607157028572
../benchmarks/vggnet16_benchmark2022/segmented_outputs/object/n04067472_reel.JPEG,n04067472_reel.JPEG,7.6478366059257485,0.2507174744897959,12580,600,48.06868032778405,0.430935145062317,0.08431849951882765,0.6756726515809469,7.750890770192213
../benchmarks/vggnet16_benchmark2022/segmented_outputs/object/n07753592_banana.JPEG,n07753592_banana.JPEG,7.288410874981285,0.2620376275510204,13148,642,67.4332654920979,0.4487111933746519,0.18745093758283599,0.70140948150783,7.7485467212203485
../benchmarks/vggnet16_benchmark2022/segmented_outputs/object/n02871525_bookshop.JPEG,n02871525_bookshop.JPEG,7.699286085869456,0.21105707908163265,10590,919,47.43412611711014,0.5134025443522479,0.10977470693919793,0.7827076186828861,7.730179434686304
../benchmarks/vggnet16_benchmark2022/segmented_outputs/object/n02325366_wood_rabbit.JPEG,n02325366_wood_rabbit.JPEG,7.456140980436101,0.29318797831632654,14711,193,70.14840142544406,0.4014821277178755,0.08960607957836622,0.5726057339346351,7.722917090955153
../benchmarks/vggnet16_benchmark2022/segmented_outputs/object/n01755581_diamondback.JPEG,n01755581_diamondback.JPEG,7.640627858274145,0.30018335459183676,15062,527,29.74741480450086,0.3577855448778108,0.09201253588703685,0.7857249099145288,7.703545115632437
../benchmarks/vggnet16_benchmark2022/segmented_outputs/object/n02090721_Irish_wolfhound.JPEG,n02090721_Irish_wolfhound.JPEG,7.531659871838913,0.3002431441326531,15065,734,17.94229563145942,0.37423032535513695,0.09459269949239985,0.8201986124876336,7.697307710876056
../benchmarks/vggnet16_benchmark2022/segmented_outputs/object/n02422699_impala.JPEG,n02422699_impala.JPEG,7.296636459651051,0.3325892857142857,16688,185,60.128079371530234,0.36603670090559026,0.12193139317018085,0.5686366090362784,7.572130351724494
../benchmarks/vggnet16_benchmark2022/segmented_outputs/object/n03929660_pick.JPEG,n03929660_pick.JPEG,7.062471246352029,0.21010044642857142,10542,537,93.07923521282703,0.5072200173556365,0.1408895822974583,0.49822675893087603,7.510436140101611
../benchmarks/vggnet16_benchmark2022/segmented_outputs/object/n01664065_loggerhead.JPEG,n01664065_loggerhead.JPEG,7.6407701134228105,0.2782007334183674,13959,653,24.258509657676854,0.39909315561573633,0.074604397285576,0.7434165413638967,7.443079843488437
../benchmarks/vggnet16_benchmark2022/segmented_outputs/object/n02497673_Madagascar_cat.JPEG,n02497673_Madagascar_cat.JPEG,7.414843362863741,0.28944116709183676,14523,523,50.337998538559475,0.4130779538731117,0.15183848657734594,0.6695846005729471,7.435646094475473
../benchmarks/vggnet16_benchmark2022/segmented_outputs/object/n02114548_white_wolf.JPEG,n02114548_white_wolf.JPEG,7.634018447827047,0.2987085459183674,14988,354,43.635800323113735,0.3959770534800745,0.08087664406432771,0.7564066419571347,7.427161572031608
../benchmarks/vggnet16_benchmark2022/segmented_outputs/object/n04346328_stupa.JPEG,n04346328_stupa.JPEG,6.851615823775207,0.30626195790816324,15367,741,48.913240151390944,0.42841944338347726,0.1984720631521058,0.6824571222498664,7.390624635425918
../benchmarks/vggnet16_benchmark2022/segmented_outputs/object/n02138441_meerkat.JPEG,n02138441_meerkat.JPEG,7.357150358768122,0.32288345025510207,16201,243,46.91887888887297,0.3512023786201772,0.09669858527505895,0.5651468141506792,7.37538559668403
../benchmarks/vggnet16_benchmark2022/segmented_outputs/object/n02445715_skunk.JPEG,n02445715_skunk.JPEG,7.498620914102705,0.35640545280612246,17883,175,25.81823419862542,0.29054697589826817,0.06720218169743647,0.6565066623583276,7.337152287934512
../benchmarks/vggnet16_benchmark2022/segmented_outputs/object/n04039381_racket.JPEG,n04039381_racket.JPEG,7.405507718401218,0.251953125,12642,511,56.910605145064906,0.4536941969922659,0.10098448376206001,0.6738748390587921,7.241226439313181
../benchmarks/vggnet16_benchmark2022/segmented_outputs/object/n02097130_giant_schnauzer.JPEG,n02097130_giant_schnauzer.JPEG,7.476213401887662,0.3167051977040816,15891,291,46.95302842418421,0.3916737459523013,0.11102473313157835,0.6816504695172148,7.198769523343797
../benchmarks/vggnet16_benchmark2022/segmented_outputs/object/n03530642_honeycomb.JPEG,n03530642_honeycomb.JPEG,7.807279309346092,0.29007892219387754,14555,481,27.27593618929237,0.4000000992191999,0.07841737287932755,0.8142130216788168,7.185496495015724
../benchmarks/vggnet16_benchmark2022/segmented_outputs/object/n03133878_Crock_Pot.JPEG,n03133878_Crock_Pot.JPEG,7.437891424339589,0.2963966836734694,14872,593,24.957941867860633,0.40052675382889613,0.07985088656020853,0.6991933898062108,7.182922061269232
../benchmarks/vggnet16_benchmark2022/segmented_outputs/object/n13054560_bolete.JPEG,n13054560_bolete.JPEG,7.17286389424482,0.26403061224489793,13248,434,74.96269335739022,0.46029819766349667,0.17205099352455733,0.7102719165408184,7.1520432657654
../benchmarks/vggnet16_benchmark2022/segmented_outputs/object/n02788148_bannister.JPEG,n02788148_bannister.JPEG,7.5558425559253095,0.26143973214285715,13118,450,45.635056487035705,0.39472171283015667,0.11536273884210005,0.7868648094575599,7.0669760069817045
../benchmarks/vggnet16_benchmark2022/segmented_outputs/object/n03838899_oboe.JPEG,n03838899_oboe.JPEG,7.493984488812551,0.24693080357142858,12390,410,62.394181085437474,0.43696676688920977,0.12890902431205087,0.7130340330347044,7.046347154414153
../benchmarks/vggnet16_benchmark2022/segmented_outputs/object/n02116738_African_hunting_dog.JPEG,n02116738_African_hunting_dog.JPEG,7.499600549787171,0.30098054846938777,15102,339,38.301865073668765,0.39018501176463716,0.07677795629007358,0.6526331569497095,7.028891294258193
../benchmarks/vggnet16_benchmark2022/segmented_outputs/object/n02363005_beaver.JPEG,n02363005_beaver.JPEG,7.09121242460749,0.30636160714285715,15372,297,67.14524813478158,0.3988759802001924,0.19145255038787132,0.65386664580239,7.003001384741298
../benchmarks/vggnet16_benchmark2022/segmented_outputs/object/n01873310_platypus.JPEG,n01873310_platypus.JPEG,7.149056512429597,0.22588488520408162,11334,325,98.89194095133098,0.5047815728587111,0.17200454145325514,0.6273102260080703,7.002696708831893
../benchmarks/vggnet16_benchmark2022/segmented_outputs/object/n02112706_Brabancon_griffon.JPEG,n02112706_Brabancon_griffon.JPEG,7.706705613975972,0.2749720982142857,13797,600,25.333105185676672,0.4260707088581177,0.08807277895075748,0.842589575210074,6.975970325029794
../benchmarks/vggnet16_benchmark2022/segmented_outputs/object/n02087394_Rhodesian_ridgeback.JPEG,n02087394_Rhodesian_ridgeback.JPEG,7.265948083584346,0.2598453443877551,13038,470,66.76393925688365,0.45582006742044057,0.17835986956981997,0.6771014390832532,6.914666588770704
../benchmarks/vggnet16_benchmark2022/segmented_outputs/object/n01694178_African_chameleon.JPEG,n01694178_African_chameleon.JPEG,7.792116063078217,0.23158482142857142,11620,821,19.190785863393444,0.46373392290808824,0.07743836469774051,0.8387148737764301,6.868695590274728
../benchmarks/vggnet16_benchmark2022/segmented_outputs/object/n07920052_espresso.JPEG,n07920052_espresso.JPEG,7.596702873904236,0.2181122448979592,10944,550,60.80890669202344,0.49878380755368645,0.1206245434498073,0.6977790271525699,6.840473279940029
../benchmarks/vggnet16_benchmark2022/segmented_outputs/object/n01797886_ruffed_grouse.JPEG,n01797886_ruffed_grouse.JPEG,6.708489217916828,0.31674505739795916,15893,199,74.21118175106497,0.38787053573975316,0.18282356475927264,0.5435552939559805,6.794768728893853
../benchmarks/vggnet16_benchmark2022/segmented_outputs/object/n03404251_fur_coat.JPEG,n03404251_fur_coat.JPEG,7.176522564872762,0.2719228316326531,13644,703,40.8286693477668,0.4264854555503796,0.1936043232301007,0.7630375122641808,6.747035965304567
../benchmarks/vggnet16_benchmark2022/segmented_outputs/object/n01498041_stingray.JPEG,n01498041_stingray.JPEG,6.939302747080607,0.31875797193877553,15994,580,13.65105358883995,0.3453859879930413,0.09174034688813816,0.5427175135866208,6.608543682301281
../benchmarks/vggnet16_benchmark2022/segmented_outputs/object/n04296562_stage.JPEG,n04296562_stage.JPEG,7.21323558734826,0.2138671875,10731,443,84.59244983832926,0.5361003441437293,0.15300534747769462,0.559217315242466,6.554733945403185
../benchmarks/vggnet16_benchmark2022/segmented_outputs/object/n10565667_scuba_diver.JPEG,n10565667_scuba_diver.JPEG,7.163969174980771,0.17596061862244897,8829,1353,33.47950430759192,0.5807075736589723,0.19998433690093814,0.8195754126992258,6.489541295583008
../benchmarks/vggnet16_benchmark2022/segmented_outputs/object/n02090622_borzoi.JPEG,n02090622_borzoi.JPEG,7.533084790446527,0.2512954400510204,12609,479,47.18000216195115,0.4756620946641055,0.11515792766151228,0.7224576413013561,6.439902812905842
../benchmarks/vggnet16_benchmark2022/segmented_outputs/object/n04589890_window_screen.JPEG,n04589890_window_screen.JPEG,7.354231261581423,0.2940051020408163,14752,373,38.850620297511654,0.40097604075321,0.1291224947283686,0.751076500606676,6.438491630999098
../benchmarks/vggnet16_benchmark2022/segmented_outputs/object/n02099267_flat-coated_retriever.JPEG,n02099267_flat-coated_retriever.JPEG,6.945715636215004,0.299007493622449,15003,497,55.41994792771435,0.44338434675157345,0.21634981721793323,0.6362518568872036,6.417234657381755
../benchmarks/vggnet16_benchmark2022/segmented_outputs/object/n02412080_ram.JPEG,n02412080_ram.JPEG,7.610724047709006,0.3067602040816326,15392,353,16.335291773752058,0.3687699249461105,0.06897956176506208,0.8104252017935485,6.378369668380358
../benchmarks/vggnet16_benchmark2022/segmented_outputs/object/n04435653_tile_roof.JPEG,n04435653_tile_roof.JPEG,7.677022410897676,0.2755102040816326,13824,420,21.650685346030613,0.3825112189197821,0.08125149957560993,0.7896869018004654,6.376156139818818
../benchmarks/vggnet16_benchmark2022/segmented_outputs/object/n02089973_English_foxhound.JPEG,n02089973_English_foxhound.JPEG,7.577956714147722,0.21791294642857142,10934,683,43.32880224162575,0.510580582074965,0.12171647599057056,0.7846760655426346,6.364473681483213
../benchmarks/vggnet16_benchmark2022/segmented_outputs/object/n01632777_axolotl.JPEG,n01632777_axolotl.JPEG,7.289619883966419,0.24581473214285715,12334,796,34.19200813158774,0.46967570144165716,0.17429108253821454,0.7925631423956858,6.357434173502386
../benchmarks/vggnet16_benchmark2022/segmented_outputs/object/n02088238_basset.JPEG,n02088238_basset.JPEG,7.15109340297581,0.19834183673469388,9952,738,73.8022466310822,0.5631198775611017,0.20829862894152365,0.7306734928707449,6.325356621088204
../benchmarks/vggnet16_benchmark2022/segmented_outputs/object/n02086240_Shih-Tzu.JPEG,n02086240_Shih-Tzu.JPEG,7.583859019805185,0.2794563137755102,14022,351,35.943958958599325,0.4320815543709741,0.08888493553386882,0.7619384992760418,6.3111555540043565
../benchmarks/vggnet16_benchmark2022/segmented_outputs/object/n02978881_cassette.JPEG,n02978881_cassette.JPEG,7.781483915406094,0.19391741071428573,9730,841,22.682425409419594,0.49648373079923924,0.08086188182821487,0.7866013927312812,6.291947643261782
../benchmarks/vggnet16_benchmark2022/segmented_outputs/object/n01807496_partridge.JPEG,n01807496_partridge.JPEG,7.600708276447053,0.20364317602040816,10218,716,40.61118727249486,0.5155916237068667,0.10375629091350105,0.668229461329976,6.2845822338263595
../benchmarks/vggnet16_benchmark2022/segmented_outputs/object/n02319095_sea_urchin.JPEG,n02319095_sea_urchin.JPEG,7.145595994296141,0.31784119897959184,15948,436,14.305711172197295,0.345181758454859,0.08878337006181267,0.7191879768824521,6.27351478210594
../benchmarks/vggnet16_benchmark2022/segmented_outputs/object/n07873807_pizza.JPEG,n07873807_pizza.JPEG,7.4669773990370025,0.24982063137755103,12535,764,22.77052543331755,0.4520521889275516,0.14497903351052638,0.8611567788720471,6.254173653779863
../benchmarks/vggnet16_benchmark2022/segmented_outputs/object/n02113978_Mexican_hairless.JPEG,n02113978_Mexican_hairless.JPEG,7.1543946583270515,0.2875478316326531,14428,412,36.20896300540633,0.41614743439460344,0.1010834902290186,0.6193188139588823,6.22769456114559
../benchmarks/vggnet16_benchmark2022/segmented_outputs/object/n07753275_pineapple.JPEG,n07753275_pineapple.JPEG,7.563104193019831,0.19806281887755103,9938,898,34.236771295161205,0.5521696550963936,0.12023413325151072,0.6965287815778346,6.1892580593674404
../benchmarks/vggnet16_benchmark2022/segmented_outputs/object/n01917289_brain_coral.JPEG,n01917289_brain_coral.JPEG,7.802846048597985,0.28031329719387754,14065,347,31.679691308952975,0.45584676349255127,0.08429408055750512,0.7866419187877768,6.183974988354478
../benchmarks/vggnet16_benchmark2022/segmented_outputs/object/n04033995_quilt.JPEG,n04033995_quilt.JPEG,7.474155526179457,0.25143494897959184,12616,516,26.678065926574412,0.4115609044101966,0.09610905897115614,0.7202444411870117,6.118973239783493
../benchmarks/vggnet16_benchmark2022/segmented_outputs/object/n04597913_wooden_spoon.JPEG,n04597913_wooden_spoon.JPEG,7.443715931532175,0.2510562818877551,12597,511,43.212291075772995,0.47617504967848456,0.13276732347243717,0.6653617951867843,6.118193907517022
../benchmarks/vggnet16_benchmark2022/segmented_outputs/object/n01629819_European_fire_salamander.JPEG,n01629819_European_fire_salamander.JPEG,7.053872987611051,0.2749123086734694,13794,507,53.08831828846574,0.4525236162009289,0.20763445665055139,0.7228118715031285,6.11359529981114
../benchmarks/vggnet16_benchmark2022/segmented_outputs/object/n03662601_lifeboat.JPEG,n03662601_lifeboat.JPEG,7.058095224098974,0.22630341198979592,11355,875,44.81178346440032,0.5072554406084251,0.21676513189527338,0.7816952891155885,6.070184323125275
../benchmarks/vggnet16_benchmark2022/segmented_outputs/object/n04417672_thatch.JPEG,n04417672_thatch.JPEG,6.665521942466782,0.22556600765306123,11318,760,77.92760195638832,0.543025808645965,0.27919478294454403,0.7583687030215034,6.064211618024886
../benchmarks/vggnet16_benchmark2022/segmented_outputs/object/n03447447_gondola.JPEG,n03447447_gondola.JPEG,6.652839763872487,0.25175382653061223,12632,509,83.02530868787886,0.5038008095695243,0.2636936330738675,0.6323918888868211,6.0400665864713
../benchmarks/vggnet16_benchmark2022/segmented_outputs/object/n02268853_damselfly.JPEG,n02268853_damselfly.JPEG,6.7863017992216434,0.1839923469387755,9232,664,91.36999864039893,0.5857113926823738,0.21725330358590256,0.667911748711348,6.033396492679637
../benchmarks/vggnet16_benchmark2022/segmented_outputs/object/n04525038_velvet.JPEG,n04525038_velvet.JPEG,7.2156655426124505,0.30831473214285715,15470,377,23.41572274394733,0.40201486291294064,0.09528692515785787,0.7124302585374522,5.929449901621473
../benchmarks/vggnet16_benchmark2022/segmented_outputs/object/n07583066_guacamole.JPEG,n07583066_guacamole.JPEG,7.74249025245458,0.18064413265306123,9064,663,42.10816974794942,0.5387407550139796,0.09158939905580106,0.7235243303921399,5.876481224565865
../benchmarks/vggnet16_benchmark2022/segmented_outputs/object/n03854065_organ.JPEG,n03854065_organ.JPEG,7.325441375501676,0.24631297831632654,12359,339,55.47652165806079,0.46176004474444854,0.13934750442469365,0.7305266203220893,5.873510253327607
../benchmarks/vggnet16_benchmark2022/segmented_outputs/object/n02071294_killer_whale.JPEG,n02071294_killer_whale.JPEG,7.831067838021827,0.2516940369897959,12629,312,30.055644508141217,0.42449817537329765,0.07844414442706799,0.7853872928129464,5.87001934087022
../benchmarks/vggnet16_benchmark2022/segmented_outputs/object/n01820546_lorikeet.JPEG,n01820546_lorikeet.JPEG,7.51624576028387,0.1750438456632653,8783,854,47.93259737600633,0.5997894294669188,0.1363987114752557,0.786946894909294,5.820193073773009
../benchmarks/vggnet16_benchmark2022/segmented_outputs/object/n07760859_custard_apple.JPEG,n07760859_custard_apple.JPEG,7.252129403968941,0.2873684630102041,14419,484,33.015585435243345,0.4248624090345525,0.17861820028744774,0.7701697064016341,5.817722764008942
../benchmarks/vggnet16_benchmark2022/segmented_outputs/object/n12144580_corn.JPEG,n12144580_corn.JPEG,7.700711245187048,0.27608816964285715,13853,96,38.0529076141189,0.3682331451779316,0.10876019521808722,0.7987733443585596,5.771043059971424
../benchmarks/vggnet16_benchmark2022/segmented_outputs/object/n02097209_standard_schnauzer.JPEG,n02097209_standard_schnauzer.JPEG,7.212604339263461,0.2516541772959184,12627,612,24.163158755380152,0.449513054318066,0.09799301571536492,0.6031090789129563,5.76762152612119
../benchmarks/vggnet16_benchmark2022/segmented_outputs/object/n04458633_totem_pole.JPEG,n04458633_totem_pole.JPEG,6.258201703543716,0.2508968431122449,12589,843,76.4705183567649,0.5164195714454201,0.36706243195048105,0.6001635070492067,5.76305810075885
../benchmarks/vggnet16_benchmark2022/segmented_outputs/object/n01843383_toucan.JPEG,n01843383_toucan.JPEG,7.2410420279203445,0.20495854591836735,10284,569,61.18809788535651,0.5255091121460604,0.17582127484416565,0.7385435521350439,5.680853854137283
../benchmarks/vggnet16_benchmark2022/segmented_outputs/object/n03125729_cradle.JPEG,n03125729_cradle.JPEG,7.537763847362772,0.19405691964285715,9737,650,43.41182085326097,0.5231791734376283,0.12922261945730049,0.7690072928854563,5.672089910866282
../benchmarks/vggnet16_benchmark2022/segmented_outputs/object/n01665541_leatherback_turtle.JPEG,n01665541_leatherback_turtle.JPEG,7.069041308996774,0.31150350765306123,15630,189,43.429563888372435,0.38762535670547604,0.1623076095364203,0.5867835944957244,5.638428393221091
../benchmarks/vggnet16_benchmark2022/segmented_outputs/object/n02403003_ox.JPEG,n02403003_ox.JPEG,7.858404375672478,0.2589086415816326,12991,454,14.538947182097713,0.44634339822952174,0.07762656132636372,0.922760760740301,5.63174491028113
../benchmarks/vggnet16_benchmark2022/segmented_outputs/object/n03792972_mountain_tent.JPEG,n03792972_mountain_tent.JPEG,7.29243204498942,0.2749720982142857,13797,508,26.552991384545816,0.43103111935559957,0.15127960796014223,0.8674782040851297,5.610961741295708
../benchmarks/vggnet16_benchmark2022/segmented_outputs/object/n02494079_squirrel_monkey.JPEG,n02494079_squirrel_monkey.JPEG,7.617631350541682,0.22722018494897958,11401,448,30.95615472574074,0.45312663988686724,0.08752209434318131,0.7594302356502358,5.598544300886799
../benchmarks/vggnet16_benchmark2022/segmented_outputs/object/n02206856_bee.JPEG,n02206856_bee.JPEG,6.987794856888918,0.20461973852040816,10267,662,66.43554604036055,0.5520347818420785,0.2145491156301252,0.7381883421996676,5.539009809921157
../benchmarks/vggnet16_benchmark2022/segmented_outputs/object/n01773797_garden_spider.JPEG,n01773797_garden_spider.JPEG,7.431510008066848,0.2692123724489796,13508,606,13.028432413132622,0.44788463355838565,0.11881280858439203,0.8763648299606208,5.519467516145759
../benchmarks/vggnet16_benchmark2022/segmented_outputs/object/n02108000_EntleBucher.JPEG,n02108000_EntleBucher.JPEG,6.854855982486612,0.3075573979591837,15432,502,20.93112823318264,0.38799197122341833,0.16134364118784097,0.7708219798180389,5.503710213968135
../benchmarks/vggnet16_benchmark2022/segmented_outputs/object/n03724870_mask.JPEG,n03724870_mask.JPEG,7.406681779275292,0.20738998724489796,10406,751,31.247741677807234,0.516028296273338,0.1377648689846235,0.8232585571859897,5.4952123482388355
../benchmarks/vggnet16_benchmark2022/segmented_outputs/object/n02109047_Great_Dane.JPEG,n02109047_Great_Dane.JPEG,7.574405862968884,0.22439014668367346,11259,341,49.16635249891819,0.4936179568907586,0.11081400876368334,0.7630483573990834,5.491369843998518
../benchmarks/vggnet16_benchmark2022/segmented_outputs/object/n02129604_tiger.JPEG,n02129604_tiger.JPEG,7.084253651277139,0.2855747767857143,14329,484,20.761833154914154,0.42239910076245113,0.11077159353120133,0.6824261074230525,5.48460285581762
../benchmarks/vggnet16_benchmark2022/segmented_outputs/object/n04428191_thresher.JPEG,n04428191_thresher.JPEG,7.47997147906818,0.19684709821428573,9877,644,46.11422909110754,0.5578960544671948,0.13661317530485118,0.7685878196433251,5.417710399777634
../benchmarks/vggnet16_benchmark2022/segmented_outputs/object/n04465501_tractor.JPEG,n04465501_tractor.JPEG,7.170707466571665,0.2206234056122449,11070,791,38.55084282832508,0.5117960968488389,0.2179328481444438,0.8472246237199867,5.378791164476633
../benchmarks/vggnet16_benchmark2022/segmented_outputs/object/n02106382_Bouvier_des_Flandres.JPEG,n02106382_Bouvier_des_Flandres.JPEG,7.485000627482296,0.22146045918367346,11112,225,69.05368070883301,0.538383603122701,0.139846002239364,0.67618926445536,5.297339561404007
../benchmarks/vggnet16_benchmark2022/segmented_outputs/object/n02093256_Staffordshire_bullterrier.JPEG,n02093256_Staffordshire_bullterrier.JPEG,7.811326668875721,0.23100685586734693,11591,551,16.6607782589777,0.4836965142726004,0.0923858510579201,0.8900871596577824,5.290055994282952
../benchmarks/vggnet16_benchmark2022/segmented_outputs/object/n07875152_potpie.JPEG,n07875152_potpie.JPEG,7.557283080408854,0.20479910714285715,10276,459,35.18102035975791,0.4730154708839307,0.09158586786096484,0.6291493532202714,5.281167310280086
../benchmarks/vggnet16_benchmark2022/segmented_outputs/object/n01990800_isopod.JPEG,n01990800_isopod.JPEG,6.919503650004031,0.30189732142857145,15148,256,51.262011635349296,0.4363770542599108,0.20778738516813822,0.6130830279399688,5.277106417992084
../benchmarks/vggnet16_benchmark2022/segmented_outputs/object/n03000684_chain_saw.JPEG,n03000684_chain_saw.JPEG,7.063226500493249,0.2587093431122449,12981,436,50.9763153562054,0.4647265063404265,0.22191536019970548,0.6834138858707692,5.259292987277291
../benchmarks/vggnet16_benchmark2022/segmented_outputs/object/n02391049_zebra.JPEG,n02391049_zebra.JPEG,7.09705951570149,0.25442442602040816,12766,287,58.62420939544546,0.45863916959991785,0.2090461690723321,0.8035322471268509,5.141992100286388
../benchmarks/vggnet16_benchmark2022/segmented_outputs/object/n04418357_theater_curtain.JPEG,n04418357_theater_curtain.JPEG,6.5215372791206825,0.1558514030612245,7820,792,81.26088033553947,0.6135240276397771,0.21487511230420292,0.7319569799939893,5.124034958961301
../benchmarks/vggnet16_benchmark2022/segmented_outputs/object/n02088364_beagle.JPEG,n02088364_beagle.JPEG,7.670980941604228,0.2217594068877551,11127,638,17.734999755423118,0.49674960108199934,0.12067874739318207,0.9191148629173829,5.09978192674383
../benchmarks/vggnet16_benchmark2022/segmented_outputs/object/n01692333_Gila_monster.JPEG,n01692333_Gila_monster.JPEG,7.074110040017789,0.24272560586734693,12179,219,55.78287329941906,0.46123613441802436,0.12849076077447374,0.5311592330058341,5.09937533082933
../benchmarks/vggnet16_benchmark2022/segmented_outputs/object/n01677366_common_iguana.JPEG,n01677366_common_iguana.JPEG,7.646896495320721,0.22450972576530612,11265,352,29.31942038543979,0.45864766255810363,0.08317767715965203,0.7672873337196428,5.076727695135963
../benchmarks/vggnet16_benchmark2022/segmented_outputs/object/n03710193_mailbox.JPEG,n03710193_mailbox.JPEG,7.384239567701689,0.22423070790816327,11251,570,21.561401469397637,0.47542519023140223,0.09600252272163128,0.6884268342795995,5.061390733432319
../benchmarks/vggnet16_benchmark2022/segmented_outputs/object/n02279972_monarch.JPEG,n02279972_monarch.JPEG,6.53760722207368,0.2556002869897959,12825,885,42.493251651408,0.5128391894954252,0.308505299309747,0.7625735855010857,5.031049302943648
../benchmarks/vggnet16_benchmark2022/segmented_outputs/object/n02489166_proboscis_monkey.JPEG,n02489166_proboscis_monkey.JPEG,7.585187347606247,0.1984016262755102,9955,706,20.75791098317353,0.504174614197389,0.125238891693328,0.8587774578659609,5.0221623736852905
../benchmarks/vggnet16_benchmark2022/segmented_outputs/object/n01514668_cock.JPEG,n01514668_cock.JPEG,6.379343971194256,0.24980070153061223,12534,1137,35.31775625151194,0.5527964173861227,0.33299319936083294,0.8210067770892503,4.9612253017324335
../benchmarks/vggnet16_benchmark2022/segmented_outputs/object/n01955084_chiton.JPEG,n01955084_chiton.JPEG,7.222322875529047,0.3087531887755102,15492,296,16.27243402489767,0.3936063221720665,0.13667126964339146,0.852184623167183,4.960383841181254
../benchmarks/vggnet16_benchmark2022/segmented_outputs/object/n04560804_water_jug.JPEG,n04560804_water_jug.JPEG,7.763944966181335,0.1408641581632653,7068,996,18.81190647481648,0.5944820589925348,0.10932221548023237,0.8940795337927716,4.95677022608386
../benchmarks/vggnet16_benchmark2022/segmented_outputs/object/n03249569_drum.JPEG,n03249569_drum.JPEG,6.495427195720995,0.2692323022959184,13509,590,59.01908090528478,0.5066953408846626,0.2931531253819142,0.7288929829537636,4.931887740234205
../benchmarks/vggnet16_benchmark2022/segmented_outputs/object/n01641577_bullfrog.JPEG,n01641577_bullfrog.JPEG,7.648916442379819,0.21041932397959184,10558,498,27.868071757565033,0.5114266867539692,0.09706363095681678,0.7963364051436712,4.897525262367894
../benchmarks/vggnet16_benchmark2022/segmented_outputs/object/n02095570_Lakeland_terrier.JPEG,n02095570_Lakeland_terrier.JPEG,7.391591272512768,0.24352279974489796,12219,266,48.64996306707745,0.5023687243686943,0.14502280745913404,0.6796989565226256,4.855049419926121
../benchmarks/vggnet16_benchmark2022/segmented_outputs/object/n02701002_ambulance.JPEG,n02701002_ambulance.JPEG,7.1324647676608395,0.20750956632653061,10412,847,34.67262747741813,0.5643144608955578,0.20521566643673347,0.8071512650942536,4.850788707967014
../benchmarks/vggnet16_benchmark2022/segmented_outputs/object/n02117135_hyena.JPEG,n02117135_hyena.JPEG,7.041575352007788,0.2790377869897959,14001,315,44.17191525478001,0.468772018282817,0.19035674013751427,0.7181672361499857,4.84638558850059
../benchmarks/vggnet16_benchmark2022/segmented_outputs/object/n04037443_racer.JPEG,n04037443_racer.JPEG,7.367471300991142,0.16306600765306123,8182,939,32.51885444459887,0.586762745078439,0.1758693215944092,0.7868396424769124,4.825398270413151
../benchmarks/vggnet16_benchmark2022/segmented_outputs/object/n01630670_common_newt.JPEG,n01630670_common_newt.JPEG,7.85925525474192,0.17785395408163265,8924,586,28.447673495042718,0.5537211138822089,0.09134432360666747,0.8327752002621317,4.795203386047078
../benchmarks/vggnet16_benchmark2022/segmented_outputs/object/n02389026_sorrel.JPEG,n02389026_sorrel.JPEG,7.315195748881331,0.23509247448979592,11796,510,34.71053869933333,0.5029117839762333,0.16900506680495747,0.8493042127770518,4.779738029129042
../benchmarks/vggnet16_benchmark2022/segmented_outputs/object/n01883070_wombat.JPEG,n01883070_wombat.JPEG,7.423415265931686,0.1978435905612245,9927,515,37.97127621435297,0.5213756842567072,0.1252531139202295,0.7559225364821816,4.7558868179257
../benchmarks/vggnet16_benchmark2022/segmented_outputs/object/n09835506_ballplayer.JPEG,n09835506_ballplayer.JPEG,6.82167159507377,0.23682637117346939,11883,460,50.795436651292505,0.4794739991574082,0.20829288805662305,0.6527702854204784,4.733615082639454
../benchmarks/vggnet16_benchmark2022/segmented_outputs/object/n03991062_pot.JPEG,n03991062_pot.JPEG,6.984543957695362,0.2506576849489796,12577,538,35.89464902390208,0.46648031847539884,0.2152501363681127,0.8434900612922647,4.732290736430442
../benchmarks/vggnet16_benchmark2022/segmented_outputs/object/n12620546_hip.JPEG,n12620546_hip.JPEG,6.955338328065109,0.1594188456632653,7999,641,69.30058330854204,0.5992730844713492,0.1977436314340076,0.6897580092002831,4.652700274412778
../benchmarks/vggnet16_benchmark2022/segmented_outputs/object/n02415577_bighorn.JPEG,n02415577_bighorn.JPEG,7.463351122623462,0.2631935586734694,13206,279,23.668669805795453,0.4544357138996409,0.11325359764882462,0.7667002303723535,4.595335442065117
../benchmarks/vggnet16_benchmark2022/segmented_outputs/object/n07880968_burrito.JPEG,n07880968_burrito.JPEG,7.34682159446472,0.21580038265306123,10828,654,18.587075002589103,0.522647061532661,0.11568901114294389,0.779145672782091,4.565133085319427
../benchmarks/vggnet16_benchmark2022/segmented_outputs/object/n04154565_screwdriver.JPEG,n04154565_screwdriver.JPEG,7.169337833155415,0.24342315051020408,12214,438,14.272692448508513,0.42283520162727817,0.0948787236945848,0.7186244967159081,4.555418417076076
../benchmarks/vggnet16_benchmark2022/segmented_outputs/object/n02114367_timber_wolf.JPEG,n02114367_timber_wolf.JPEG,7.429066693874853,0.2066326530612245,10368,386,37.2543815572727,0.5089576452481489,0.10657837909197068,0.7081629127031801,4.533320763780644
../benchmarks/vggnet16_benchmark2022/segmented_outputs/object/n02123159_tiger_cat.JPEG,n02123159_tiger_cat.JPEG,7.27618200041332,0.30416932397959184,15262,186,12.06174582924216,0.4085320796382884,0.08534316959071078,0.7903941465594477,4.52937191616161
../benchmarks/vggnet16_benchmark2022/segmented_outputs/object/n01819313_sulphur-crested_cockatoo.JPEG,n01819313_sulphur-crested_cockatoo.JPEG,7.250779285631339,0.2482860331632653,12458,435,26.117918663072796,0.4767005912376055,0.14678927782468085,0.8588531406783694,4.495174926819642
../benchmarks/vggnet16_benchmark2022/segmented_outputs/object/n01688243_frilled_lizard.JPEG,n01688243_frilled_lizard.JPEG,7.08436377185984,0.20081313775510204,10076,178,74.90716135893692,0.5566002009845286,0.14613927432287854,0.5925875303186257,4.425210029078276
../benchmarks/vggnet16_benchmark2022/segmented_outputs/object/n04270147_spatula.JPEG,n04270147_spatula.JPEG,7.637653630893724,0.1611328125,8085,755,17.455683158120415,0.5500299992336691,0.09934605562614489,0.8228836598926662,4.412610072865709
../benchmarks/vggnet16_benchmark2022/segmented_outputs/object/n02105162_malinois.JPEG,n02105162_malinois.JPEG,7.219105992997848,0.21008051658163265,10541,526,28.13906388678968,0.5016758517797322,0.1203090467982956,0.6324148632201041,4.412518870178479
../benchmarks/vggnet16_benchmark2022/segmented_outputs/object/n02442845_mink.JPEG,n02442845_mink.JPEG,7.40568693843842,0.18211894132653061,9138,475,40.511939867466154,0.5496145746029927,0.1072269678193343,0.6427018523826471,4.375974772444205
../benchmarks/vggnet16_benchmark2022/segmented_outputs/object/n02672831_accordion.JPEG,n02672831_accordion.JPEG,6.755966658655737,0.1551139987244898,7783,558,76.72979312983554,0.6187707965066254,0.19179007587206165,0.7025896540467109,4.267942192526027
../benchmarks/vggnet16_benchmark2022/segmented_outputs/object/n02917067_bullet_train.JPEG,n02917067_bullet_train.JPEG,7.225129359686514,0.21954719387755103,11016,475,40.108411388036,0.5129679526690523,0.20052830355032605,0.7975065482492038,4.255097888002655
../benchmarks/vggnet16_benchmark2022/segmented_outputs/object/n02488702_colobus.JPEG,n02488702_colobus.JPEG,6.890178959723632,0.23499282525510204,11791,329,48.635442750770984,0.48152796038594947,0.18860464869590982,0.7576875604057665,4.237894037757101
../benchmarks/vggnet16_benchmark2022/segmented_outputs/object/n13133613_ear.JPEG,n13133613_ear.JPEG,7.180925994805051,0.1708187181122449,8571,781,43.77972369477814,0.6053731365448972,0.20721396025423322,0.8562750714924634,4.223838489077107
../benchmarks/vggnet16_benchmark2022/segmented_outputs/object/n02099601_golden_retriever.JPEG,n02099601_golden_retriever.JPEG,6.941460722072547,0.2762077487244898,13859,399,27.526495168626564,0.4568970652064833,0.19807049165524931,0.8056888943965923,4.207811257842262
../benchmarks/vggnet16_benchmark2022/segmented_outputs/object/n02113186_Cardigan.JPEG,n02113186_Cardigan.JPEG,7.102410033869245,0.28549505739795916,14325,385,15.096936903911262,0.43943399732356103,0.1679784497444996,0.9173566787020284,4.190638553680326
../benchmarks/vggnet16_benchmark2022/segmented_outputs/object/n02105251_briard.JPEG,n02105251_briard.JPEG,7.389379327304384,0.25466358418367346,12778,322,23.580699584425766,0.47384870183219424,0.14425525627999605,0.8896113083889936,4.168234252143444
../benchmarks/vggnet16_benchmark2022/segmented_outputs/object/n03485794_handkerchief.JPEG,n03485794_handkerchief.JPEG,6.911557006892593,0.20147082270408162,10109,663,33.89507328193517,0.5271886213134989,0.17832226212883187,0.6901896595919368,4.165068094643723
../benchmarks/vggnet16_benchmark2022/segmented_outputs/object/n02879718_bow.JPEG,n02879718_bow.JPEG,6.6559422639200285,0.22847576530612246,11464,232,81.62757653232256,0.5685501792465838,0.2351832721571932,0.7327484446247376,4.113466984810295
../benchmarks/vggnet16_benchmark2022/segmented_outputs/object/n03787032_mortarboard.JPEG,n03787032_mortarboard.JPEG,7.311589917947487,0.2163982780612245,10858,689,17.436815055346536,0.5300031046131373,0.17560365009616077,0.9172818321069538,4.1001417943366025
../benchmarks/vggnet16_benchmark2022/segmented_outputs/object/n04263257_soup_bowl.JPEG,n04263257_soup_bowl.JPEG,7.389600452637994,0.21643813775510204,10860,462,34.83904042290369,0.5521015692608766,0.15956566083128515,0.7895150055995199,4.067545765324912
../benchmarks/vggnet16_benchmark2022/segmented_outputs/object/n02093647_Bedlington_terrier.JPEG,n02093647_Bedlington_terrier.JPEG,7.369451789166961,0.18550701530612246,9308,364,50.06522423891096,0.5631410390344949,0.137626096387052,0.7478273093062202,4.056528057659703
../benchmarks/vggnet16_benchmark2022/segmented_outputs/object/n03207941_dishwasher.JPEG,n03207941_dishwasher.JPEG,6.27084613785701,0.1998565051020408,10028,962,54.93798751660606,0.5732941702262191,0.35540452898651165,0.7523711568296861,4.0468368538717945
../benchmarks/vggnet16_benchmark2022/segmented_outputs/object/n03476684_hair_slide.JPEG,n03476684_hair_slide.JPEG,6.868730732686908,0.22831632653061223,11456,615,42.38794397213701,0.5317084231305144,0.26357533051420334,0.6763988975877394,4.044095165819085
../benchmarks/vggnet16_benchmark2022/segmented_outputs/object/n02977058_cash_machine.JPEG,n02977058_cash_machine.JPEG,6.576915641276647,0.1890545280612245,9486,751,58.59634455532094,0.5928194344437793,0.2695689913222937,0.7189784185228041,4.034559967717155
../benchmarks/vggnet16_benchmark2022/segmented_outputs/object/n04086273_revolver.JPEG,n04086273_revolver.JPEG,7.261712225150581,0.1953722895408163,9803,391,49.87266283924498,0.548062253688226,0.17234024203962262,0.802566782503868,4.031990435979292
../benchmarks/vggnet16_benchmark2022/segmented_outputs/object/n07831146_carbonara.JPEG,n07831146_carbonara.JPEG,7.353017655858582,0.18901466836734693,9484,604,23.764217815314908,0.5327988540756092,0.13466710737883034,0.8108157404711953,4.013687601078378
../benchmarks/vggnet16_benchmark2022/segmented_outputs/object/n02097047_miniature_schnauzer.JPEG,n02097047_miniature_schnauzer.JPEG,7.172233637854775,0.25099649234693877,12594,202,22.708678949332693,0.4180565580314404,0.1096080522808049,0.7122832104722976,4.008893702264064
../benchmarks/vggnet16_benchmark2022/segmented_outputs/object/n04443257_tobacco_shop.JPEG,n04443257_tobacco_shop.JPEG,6.742586235839426,0.21223294005102042,10649,410,67.67326839948443,0.5497780512110585,0.2571573828491116,0.7578854211789616,4.006870030393819
../benchmarks/vggnet16_benchmark2022/segmented_outputs/object/n03400231_frying_pan.JPEG,n03400231_frying_pan.JPEG,7.480828911827872,0.1993781887755102,10004,475,30.624907405200688,0.5433884393619267,0.13967978197798958,0.8444737434129284,3.990718574790952
../benchmarks/vggnet16_benchmark2022/segmented_outputs/object/n02102318_cocker_spaniel.JPEG,n02102318_cocker_spaniel.JPEG,7.142573690580097,0.20047433035714285,10059,338,43.757295548549536,0.5022500880109537,0.14869301929166936,0.7077177454310369,3.9646487806580044
../benchmarks/vggnet16_benchmark2022/segmented_outputs/object/n04259630_sombrero.JPEG,n04259630_sombrero.JPEG,7.937096796324902,0.20667251275510204,10370,194,15.074244378621184,0.44560020564275504,0.06811751569081198,0.897537605950359,3.9473661120417542
../benchmarks/vggnet16_benchmark2022/segmented_outputs/object/n02361337_marmot.JPEG,n02361337_marmot.JPEG,7.532879748717047,0.22150031887755103,11114,336,20.435796196935023,0.49361173875540476,0.1019484467986607,0.8204900129012049,3.9235026506655277
../benchmarks/vggnet16_benchmark2022/segmented_outputs/object/n03534580_hoopskirt.JPEG,n03534580_hoopskirt.JPEG,7.340504253704715,0.19068877551020408,9568,384,46.25017190087517,0.5624855478309655,0.14652819472957695,0.6358533553061185,3.917936439555435
../benchmarks/vggnet16_benchmark2022/segmented_outputs/object/n01756291_sidewinder.JPEG,n01756291_sidewinder.JPEG,7.660885284541792,0.24744897959183673,12416,208,10.033272672434551,0.4381368035344939,0.08799585129459822,0.9415038800278829,3.902534188834836
../benchmarks/vggnet16_benchmark2022/segmented_outputs/object/n01753488_horned_viper.JPEG,n01753488_horned_viper.JPEG,7.287687864103953,0.14520886479591838,7286,556,57.07005557608162,0.6273265776232511,0.15973574021416603,0.748143702352664,3.8920704993510222
../benchmarks/vggnet16_benchmark2022/segmented_outputs/object/n01632458_spotted_salamander.JPEG,n01632458_spotted_salamander.JPEG,7.371352286682502,0.1954719387755102,9808,540,34.396510231944056,0.5660918221182436,0.17040248528319915,0.765500098627532,3.8632386881361693
../benchmarks/vggnet16_benchmark2022/segmented_outputs/object/n03388043_fountain.JPEG,n03388043_fountain.JPEG,6.9252454712552085,0.24563536352040816,12325,16,48.4848084532218,0.44029067138576455,0.12878608235320732,0.5869010625557938,3.8574731391377597
../benchmarks/vggnet16_benchmark2022/segmented_outputs/object/n07565083_menu.JPEG,n07565083_menu.JPEG,7.2534921500298,0.2218391262755102,11131,471,16.68661449942255,0.506823171293941,0.10724597542847734,0.7488616346911174,3.8340612768128324
../benchmarks/vggnet16_benchmark2022/segmented_outputs/object/n09246464_cliff.JPEG,n09246464_cliff.JPEG,7.339786880416406,0.23670679209183673,11877,255,32.18969793592849,0.501548075857817,0.14016201122663896,0.7683651220447767,3.8183755030602993
../benchmarks/vggnet16_benchmark2022/segmented_outputs/object/n02113624_toy_poodle.JPEG,n02113624_toy_poodle.JPEG,6.587093327157589,0.23435507015306123,11759,254,71.09256690552743,0.544269018061418,0.24130831413577447,0.7259288774338777,3.804688000232844
../benchmarks/vggnet16_benchmark2022/segmented_outputs/object/n01616318_vulture.JPEG,n01616318_vulture.JPEG,7.264349277281484,0.22148038903061223,11113,227,41.201208009303144,0.4984496191276387,0.15203381639468827,0.686140017434396,3.797818732697414
../benchmarks/vggnet16_benchmark2022/segmented_outputs/object/n07697537_hotdog.JPEG,n07697537_hotdog.JPEG,7.216414721242085,0.18403220663265307,9234,631,29.675062827463844,0.5409188544244186,0.18074069515345587,0.7923082280098883,3.786491822963887
../benchmarks/vggnet16_benchmark2022/segmented_outputs/object/n03770679_minivan.JPEG,n03770679_minivan.JPEG,7.074381332513709,0.20292570153061223,10182,405,53.277787053808716,0.5500799821348707,0.22040490906128654,0.7612300012210035,3.7689234095815727
../benchmarks/vggnet16_benchmark2022/segmented_outputs/object/n02007558_flamingo.JPEG,n02007558_flamingo.JPEG,6.861695483725886,0.2130500637755102,10690,358,54.036952243737474,0.5236363182927202,0.21344028699418244,0.7921334330430486,3.7640201301928875
../benchmarks/vggnet16_benchmark2022/segmented_outputs/object/n01682714_American_chameleon.JPEG,n01682714_American_chameleon.JPEG,7.28267333479382,0.18694196428571427,9380,554,22.697541340591943,0.5274843252516689,0.12283633209514529,0.6651673256282228,3.759150714766199
../benchmarks/vggnet16_benchmark2022/segmented_outputs/object/n04081281_restaurant.JPEG,n04081281_restaurant.JPEG,6.372481448878231,0.20290577168367346,10181,551,71.74168887119316,0.5843620224737236,0.28609053591409045,0.6858525645387381,3.752037483800966
../benchmarks/vggnet16_benchmark2022/segmented_outputs/object/n03271574_electric_fan.JPEG,n03271574_electric_fan.JPEG,7.581309310413239,0.14500956632653061,7276,422,25.447110363336236,0.46829148032524637,0.10051995407364193,0.7803387832347266,3.7429178033371033
../benchmarks/vggnet16_benchmark2022/segmented_outputs/object/n07714571_head_cabbage.JPEG,n07714571_head_cabbage.JPEG,6.764911600073116,0.20334422831632654,10203,480,61.09380316616708,0.5763224536199567,0.2450385889678971,0.7074516714552775,3.7389781364139387
../benchmarks/vggnet16_benchmark2022/segmented_outputs/object/n07768694_pomegranate.JPEG,n07768694_pomegranate.JPEG,7.584818023512738,0.15499441964285715,7777,475,41.97648422418265,0.5960136421997728,0.1308774823281571,0.7255213061613965,3.7160224070273786
../benchmarks/vggnet16_benchmark2022/segmented_outputs/object/n04487081_trolleybus.JPEG,n04487081_trolleybus.JPEG,7.227272115234571,0.1676299426020408,8411,809,25.449067479259973,0.5902323580176051,0.18300674835439917,0.8846465661443634,3.6956722817035947
../benchmarks/vggnet16_benchmark2022/segmented_outputs/object/n01968897_chambered_nautilus.JPEG,n01968897_chambered_nautilus.JPEG,7.624754105249808,0.13141741071428573,6594,279,67.99462068767616,0.6390862601750069,0.11780548477502556,0.5730194691484125,3.6954364506360764
../benchmarks/vggnet16_benchmark2022/segmented_outputs/object/n01978455_rock_crab.JPEG,n01978455_rock_crab.JPEG,7.73888815875347,0.21857063137755103,10967,291,13.006131166896283,0.49329751295515967,0.08439834917191455,0.8994119607507691,3.6769690834837636
../benchmarks/vggnet16_benchmark2022/segmented_outputs/object/n01631663_eft.JPEG,n01631663_eft.JPEG,7.124803071015345,0.18915417729591838,9491,595,34.24991201811086,0.5464092021088828,0.19673125000133604,0.866184978896103,3.666435003569954
../benchmarks/vggnet16_benchmark2022/segmented_outputs/object/n02110341_dalmatian.JPEG,n02110341_dalmatian.JPEG,6.900582817556337,0.19383769132653061,9726,183,74.88162563221033,0.5469285357995333,0.21640902309539226,0.7496037318372851,3.6608207982514607
../benchmarks/vggnet16_benchmark2022/segmented_outputs/object/n02090379_redbone.JPEG,n02090379_redbone.JPEG,6.828809772221818,0.22311463647959184,11195,553,32.19614071580388,0.5264616055334237,0.19921106333782235,0.7267895522635888,3.65027507133248
../benchmarks/vggnet16_benchmark2022/segmented_outputs/object/n02009912_American_egret.JPEG,n02009912_American_egret.JPEG,6.820976592780147,0.292789381377551,14691,132,13.743083826780833,0.3860235326585493,0.11231147429282234,0.6834751938967778,3.6474269434711566
../benchmarks/vggnet16_benchmark2022/segmented_outputs/object/n04074963_remote_control.JPEG,n04074963_remote_control.JPEG,6.804337050662807,0.26038345025510207,13065,314,16.223311059019043,0.42650140938011866,0.1290683243998461,0.6156974928709886,3.627082684360322
../benchmarks/vggnet16_benchmark2022/segmented_outputs/object/n03976467_Polaroid_camera.JPEG,n03976467_Polaroid_camera.JPEG,7.094385495830009,0.1682079081632653,8440,623,47.05757940724546,0.6002525762964063,0.2055596493985833,0.7961985289310745,3.6201518707807185
../benchmarks/vggnet16_benchmark2022/segmented_outputs/object/n03983396_pop_bottle.JPEG,n03983396_pop_bottle.JPEG,7.5830905425248165,0.16727120535714285,8393,485,30.120281476711856,0.5739881406940026,0.11460412381675467,0.8208687242369943,3.611990767734076
../benchmarks/vggnet16_benchmark2022/segmented_outputs/object/n04522168_vase.JPEG,n04522168_vase.JPEG,6.783874910094949,0.20372289540816327,10222,929,21.370175877518136,0.5534982757102161,0.2795842915690802,0.8932439510110635,3.5443017054018093
../benchmarks/vggnet16_benchmark2022/segmented_outputs/object/n04606251_wreck.JPEG,n04606251_wreck.JPEG,7.569077037390141,0.22863520408163265,11472,214,21.96490097558255,0.49473681329615316,0.11238356354968924,0.8265156762634733,3.527602419253376
../benchmarks/vggnet16_benchmark2022/segmented_outputs/object/n02102177_Welsh_springer_spaniel.JPEG,n02102177_Welsh_springer_spaniel.JPEG,7.713084279147874,0.16671316964285715,8365,340,32.58816680886359,0.5500206798162898,0.10710898123901241,0.8212637079218694,3.512070349556881
../benchmarks/vggnet16_benchmark2022/segmented_outputs/object/n01984695_spiny_lobster.JPEG,n01984695_spiny_lobster.JPEG,6.247548165102387,0.2394172512755102,12013,567,59.368752443089974,0.5300076625030943,0.34913546228182757,0.6842688163484562,3.4993702500349055
../benchmarks/vggnet16_benchmark2022/segmented_outputs/object/n01943899_conch.JPEG,n01943899_conch.JPEG,7.837622180439992,0.14554767219387754,7303,592,22.138769720972313,0.6007926260569095,0.10717392328452999,0.8915650312631667,3.488184373525638
../benchmarks/vggnet16_benchmark2022/segmented_outputs/object/n03930313_picket_fence.JPEG,n03930313_picket_fence.JPEG,6.445589075852101,0.23240194515306123,11661,643,40.32001679839932,0.5071065224195053,0.31076066700033544,0.700428647595903,3.443637761663326
../benchmarks/vggnet16_benchmark2022/segmented_outputs/object/n02119789_kit_fox.JPEG,n02119789_kit_fox.JPEG,7.5821518003237065,0.18508848852040816,9287,384,29.863613420881798,0.5449013398423934,0.1416454562428432,0.8579883386634929,3.4416401079990697
../benchmarks/vggnet16_benchmark2022/segmented_outputs/object/n02643566_lionfish.JPEG,n02643566_lionfish.JPEG,6.932324202799394,0.2727200255102041,13684,235,21.781392684142794,0.4529214787157999,0.16299746753951738,0.7680004904038349,3.4288982752726165
../benchmarks/vggnet16_benchmark2022/segmented_outputs/object/n02098413_Lhasa.JPEG,n02098413_Lhasa.JPEG,6.729184759009811,0.17729591836734693,8896,471,65.27998935178034,0.6035479456628189,0.22914378553777937,0.734491893645175,3.4036206036394177
../benchmarks/vggnet16_benchmark2022/segmented_outputs/object/n07730033_cardoon.JPEG,n07730033_cardoon.JPEG,6.521114166893999,0.23967633928571427,12026,711,24.53248183702968,0.4949584297301427,0.28500139200185814,0.8249923413430753,3.3980247430658554
../benchmarks/vggnet16_benchmark2022/segmented_outputs/object/n03791053_motor_scooter.JPEG,n03791053_motor_scooter.JPEG,6.346551260354153,0.1997967155612245,10025,714,61.86751752842795,0.6059704150019232,0.32367279494922063,0.6980134940002122,3.397515798899189
../benchmarks/vggnet16_benchmark2022/segmented_outputs/object/n01622779_great_grey_owl.JPEG,n01622779_great_grey_owl.JPEG,7.286777648427815,0.20872528698979592,10473,305,35.22734053143131,0.5393995840820599,0.1436526401746197,0.7936898690474862,3.3944854506951563
../benchmarks/vggnet16_benchmark2022/segmented_outputs/object/n02281787_lycaenid.JPEG,n02281787_lycaenid.JPEG,7.5625844990625835,0.12404336734693877,6224,500,50.68560131733866,0.6430032744344665,0.13667759219384223,0.7536854781691543,3.3850655692164797
../benchmarks/vggnet16_benchmark2022/segmented_outputs/object/n04146614_school_bus.JPEG,n04146614_school_bus.JPEG,7.341226902939328,0.2282764668367347,11454,125,39.818462368068026,0.5006837396274291,0.16076887120662975,0.8477714676182962,3.383098369383407
../benchmarks/vggnet16_benchmark2022/segmented_outputs/object/n04507155_umbrella.JPEG,n04507155_umbrella.JPEG,6.442895938286821,0.1996173469387755,10016,457,50.53737629316116,0.5233283856183373,0.2126256597603564,0.7164902900187027,3.322909723544441
../benchmarks/vggnet16_benchmark2022/segmented_outputs/object/n02493509_titi.JPEG,n02493509_titi.JPEG,6.57698437339663,0.23082748724489796,11582,517,52.57773865892718,0.5384227499566494,0.323679747414759,0.735728560951375,3.3215032976616663
../benchmarks/vggnet16_benchmark2022/segmented_outputs/object/n02486410_baboon.JPEG,n02486410_baboon.JPEG,6.892390484417032,0.23660714285714285,11872,217,26.05412046350262,0.4571235115964095,0.11861224700469775,0.6646593713865458,3.318087071734885
../benchmarks/vggnet16_benchmark2022/segmented_outputs/object/n02033041_dowitcher.JPEG,n02033041_dowitcher.JPEG,7.216756891495493,0.23726482780612246,11905,191,21.137901818996774,0.4631247464040107,0.11927092848108697,0.8317124993611591,3.2893711115038036
../benchmarks/vggnet16_benchmark2022/segmented_outputs/object/n03063599_coffee_mug.JPEG,n03063599_coffee_mug.JPEG,6.980518537138,0.18321508290816327,9193,355,58.729467995159574,0.5962369903739064,0.19664985357471274,0.7207442398587618,3.2479354422517543
../benchmarks/vggnet16_benchmark2022/segmented_outputs/object/n13052670_hen-of-the-woods.JPEG,n13052670_hen-of-the-woods.JPEG,6.739236255463498,0.27519132653061223,13808,351,26.840280370626342,0.4697128734072784,0.24397165248704794,0.6602368192899196,3.243910834110384
../benchmarks/vggnet16_benchmark2022/segmented_outputs/object/n03930630_pickup.JPEG,n03930630_pickup.JPEG,7.304553321885363,0.1732501594387755,8693,530,39.10345422970741,0.609689471664322,0.1810100043136551,0.7921090509329107,3.22964913211703
../benchmarks/vggnet16_benchmark2022/segmented_outputs/object/n04065272_recreational_vehicle.JPEG,n04065272_recreational_vehicle.JPEG,6.687321492145265,0.22923309948979592,11502,409,55.03396907149522,0.5523956716164296,0.2925361018193284,0.7569719055243447,3.215492801038524
../benchmarks/vggnet16_benchmark2022/segmented_outputs/object/n02268443_dragonfly.JPEG,n02268443_dragonfly.JPEG,6.524722856866542,0.203125,10192,371,70.72349794322119,0.5821990619029382,0.27509739803487754,0.6479693474011645,3.20040030147452
../benchmarks/vggnet16_benchmark2022/segmented_outputs/object/n03594945_jeep.JPEG,n03594945_jeep.JPEG,7.054649215983842,0.20428093112244897,10250,518,34.45818781787601,0.5582046589438101,0.22094621201472664,0.8525827625759121,3.19003885161164
../benchmarks/vggnet16_benchmark2022/segmented_outputs/object/n03920288_Petri_dish.JPEG,n03920288_Petri_dish.JPEG,7.279251279750915,0.1647999043367347,8269,354,57.906000761165075,0.6167775959558051,0.18855188544359403,0.7191026021131388,3.1888524710611748
../benchmarks/vggnet16_benchmark2022/segmented_outputs/object/n02606052_rock_beauty.JPEG,n02606052_rock_beauty.JPEG,7.3655225047168305,0.16376355229591838,8217,686,16.32180990946597,0.573481614433874,0.14958469566958651,0.9227718977734292,3.1806905772188694
../benchmarks/vggnet16_benchmark2022/segmented_outputs/object/n03496892_harvester.JPEG,n03496892_harvester.JPEG,6.817283604835568,0.16677295918367346,8368,885,18.503998403722306,0.583868285904027,0.18643070448516733,0.7396121345220448,3.1796612050769038
../benchmarks/vggnet16_benchmark2022/segmented_outputs/object/n04179913_sewing_machine.JPEG,n04179913_sewing_machine.JPEG,7.123000944409091,0.23164461096938777,11623,402,21.540490295814266,0.48936014428380525,0.20337808732958007,0.7927690798247828,3.174348996570178
../benchmarks/vggnet16_benchmark2022/segmented_outputs/object/n03599486_jinrikisha.JPEG,n03599486_jinrikisha.JPEG,6.702176134554939,0.20326450892857142,10199,472,50.77318071225654,0.547417768063393,0.2673529246020369,0.6956079035143022,3.1450507300187422
../benchmarks/vggnet16_benchmark2022/segmented_outputs/object/n03786901_mortar.JPEG,n03786901_mortar.JPEG,7.028697646768453,0.20436065051020408,10254,352,46.334133958314446,0.5480394085587649,0.22365558656681267,0.7289934460240519,3.1264562464561756
../benchmarks/vggnet16_benchmark2022/segmented_outputs/object/n03197337_digital_watch.JPEG,n03197337_digital_watch.JPEG,6.805694515346291,0.20505819515306123,10289,202,57.2703901490695,0.5586431572798003,0.169370742578407,0.758999712736796,3.12453605842657
../benchmarks/vggnet16_benchmark2022/segmented_outputs/object/n02101556_clumber.JPEG,n02101556_clumber.JPEG,7.623248233817098,0.15495455994897958,7775,368,39.17538767048112,0.594095144870957,0.1383542737271317,0.8240380649394412,3.1035422117842706
../benchmarks/vggnet16_benchmark2022/segmented_outputs/object/n01695060_Komodo_dragon.JPEG,n01695060_Komodo_dragon.JPEG,7.076320899636591,0.21631855867346939,10854,331,39.62549457803496,0.5311300345918998,0.23362851062350237,0.7949762876188596,2.969908551960829
../benchmarks/vggnet16_benchmark2022/segmented_outputs/object/n02107312_miniature_pinscher.JPEG,n02107312_miniature_pinscher.JPEG,7.293897652172417,0.15858179209183673,7957,500,29.657384389977942,0.5524659351240683,0.1650978428089257,0.8079413800287127,2.966615111115176
../benchmarks/vggnet16_benchmark2022/segmented_outputs/object/n04487394_trombone.JPEG,n04487394_trombone.JPEG,7.38287430166858,0.1888751594387755,9477,16,55.504590993676885,0.5625940052958853,0.1287256122078226,0.6413527699182091,2.961685085640955
../benchmarks/vggnet16_benchmark2022/segmented_outputs/object/n02488291_langur.JPEG,n02488291_langur.JPEG,7.030659387267831,0.26329320790816324,13211,237,8.48282460037328,0.46874027978947386,0.11532117172451196,0.8538504042908297,2.95404214295673
../benchmarks/vggnet16_benchmark2022/segmented_outputs/object/n03717622_manhole_cover.JPEG,n03717622_manhole_cover.JPEG,6.991983118033023,0.23610889668367346,11847,220,29.335263113951694,0.4942292327821627,0.16740232598632218,0.6900217782962347,2.9365031389529754
../benchmarks/vggnet16_benchmark2022/segmented_outputs/object/n04591713_wine_bottle.JPEG,n04591713_wine_bottle.JPEG,6.354352447154374,0.20454001913265307,10263,428,71.2717081447417,0.5691037247093234,0.3357616647860889,0.730695719136409,2.9327057524378013
../benchmarks/vggnet16_benchmark2022/segmented_outputs/object/n02395406_hog.JPEG,n02395406_hog.JPEG,7.354161054575563,0.1861846301020408,9342,319,18.547236127092468,0.5030679308140634,0.10458656842129548,0.7221242197670292,2.928509511426258
../benchmarks/vggnet16_benchmark2022/segmented_outputs/object/n04326547_stone_wall.JPEG,n04326547_stone_wall.JPEG,7.261949496497538,0.18558673469387754,9312,316,44.17085020165606,0.5661402792451146,0.19756480875772628,0.8216295844245894,2.9184116570781873
../benchmarks/vggnet16_benchmark2022/segmented_outputs/object/n03018349_china_cabinet.JPEG,n03018349_china_cabinet.JPEG,7.075361167877575,0.20888472576530612,10481,519,23.123328564745087,0.5325913689861624,0.21825819369968452,0.8515060222112647,2.91555056442483
../benchmarks/vggnet16_benchmark2022/segmented_outputs/object/n02091467_Norwegian_elkhound.JPEG,n02091467_Norwegian_elkhound.JPEG,7.65457048935326,0.15571189413265307,7813,213,41.521189698046854,0.5789336128747753,0.11417594370480458,0.7756506441441475,2.9101990546641576
../benchmarks/vggnet16_benchmark2022/segmented_outputs/object/n02056570_king_penguin.JPEG,n02056570_king_penguin.JPEG,6.95143585471673,0.24629304846938777,12358,213,34.17504718838453,0.5112549527226019,0.19706741328998978,0.7409737220161551,2.8911667027684986
../benchmarks/vggnet16_benchmark2022/segmented_outputs/object/n01667778_terrapin.JPEG,n01667778_terrapin.JPEG,7.206503768921364,0.19385762117346939,9727,440,22.50836477320336,0.5462563874089448,0.15112769505144488,0.8329015227550689,2.8860006263737965
../benchmarks/vggnet16_benchmark2022/segmented_outputs/object/n03782006_monitor.JPEG,n03782006_monitor.JPEG,7.087204665118255,0.20665258290816327,10369,258,35.4993477639476,0.5393142866031022,0.15040686908758877,0.8206582716754045,2.8820149142430713
../benchmarks/vggnet16_benchmark2022/segmented_outputs/object/n03763968_military_uniform.JPEG,n03763968_military_uniform.JPEG,7.539797937173166,0.16356425382653061,8207,556,15.80977728893644,0.5797856348095456,0.1356111029558444,0.8880895225901541,2.84847359346961
../benchmarks/vggnet16_benchmark2022/segmented_outputs/object/n03028079_church.JPEG,n03028079_church.JPEG,7.409622050972982,0.19987643494897958,10029,92,38.404360122351434,0.5281381692427423,0.13059790502246116,0.8542443852869082,2.845894829076455
../benchmarks/vggnet16_benchmark2022/segmented_outputs/object/n04367480_swab.JPEG,n04367480_swab.JPEG,7.456502490760446,0.1372967155612245,6889,781,13.167968901692916,0.6224610039540172,0.1384884154113522,0.8809896369469727,2.8417082504169104
../benchmarks/vggnet16_benchmark2022/segmented_outputs/object/n02125311_cougar.JPEG,n02125311_cougar.JPEG,6.884840607388299,0.2298907844387755,11535,386,38.46647210355799,0.5402441949920256,0.2593023183972275,0.7162780880970039,2.8403186056623695
../benchmarks/vggnet16_benchmark2022/segmented_outputs/object/n02102973_Irish_water_spaniel.JPEG,n02102973_Irish_water_spaniel.JPEG,7.391180510408838,0.19056919642857142,9562,154,40.331813833113166,0.5451578297601828,0.14172358074941133,0.8216794153179611,2.8375152720995067
../benchmarks/vggnet16_benchmark2022/segmented_outputs/object/n01697457_African_crocodile.JPEG,n01697457_African_crocodile.JPEG,6.8879368721887975,0.2516541772959184,12627,237,33.29892883064406,0.4857405103166497,0.239657724128103,0.8559851233836678,2.8305904261167862
../benchmarks/vggnet16_benchmark2022/segmented_outputs/object/n02396427_wild_boar.JPEG,n02396427_wild_boar.JPEG,7.167682865895436,0.21570073341836735,10823,317,15.240460922576997,0.4961635138664233,0.12891297131059165,0.8431079582868287,2.812921826085068
../benchmarks/vggnet16_benchmark2022/segmented_outputs/object/n01693334_green_lizard.JPEG,n01693334_green_lizard.JPEG,7.33116307905222,0.16388313137755103,8223,657,16.837085950864548,0.5991330610529941,0.15213629737617373,0.8375531139823935,2.8114335019761203
../benchmarks/vggnet16_benchmark2022/segmented_outputs/object/n02107683_Bernese_mountain_dog.JPEG,n02107683_Bernese_mountain_dog.JPEG,6.915006199397695,0.1961296237244898,9841,347,53.11525964539145,0.5703222271321893,0.25159700160845033,0.803568824887011,2.810282072537922
../benchmarks/vggnet16_benchmark2022/segmented_outputs/object/n04311004_steel_arch_bridge.JPEG,n04311004_steel_arch_bridge.JPEG,7.394069571340941,0.16071428571428573,8064,577,28.816446521056267,0.6241000088233049,0.16666020779820084,0.8409140800540977,2.809947220555631
../benchmarks/vggnet16_benchmark2022/segmented_outputs/object/n02107574_Greater_Swiss_Mountain_dog.JPEG,n02107574_Greater_Swiss_Mountain_dog.JPEG,7.286943573101007,0.1542171556122449,7738,332,36.116304120393835,0.556648938974551,0.12159457018219055,0.7662041547508811,2.8053704505212926
../benchmarks/vggnet16_benchmark2022/segmented_outputs/object/n01748264_Indian_cobra.JPEG,n01748264_Indian_cobra.JPEG,7.609216155268882,0.19270169005102042,9669,448,8.545989478192599,0.5402767595227842,0.13729459597482802,0.9298807687711592,2.804825493177731
../benchmarks/vggnet16_benchmark2022/segmented_outputs/object/n01818515_macaw.JPEG,n01818515_macaw.JPEG,5.684255004577343,0.20984135841836735,10529,764,72.02209623298722,0.5941046092565068,0.4275278881793535,0.7166009803792315,2.796670240148228
../benchmarks/vggnet16_benchmark2022/segmented_outputs/object/n02086910_papillon.JPEG,n02086910_papillon.JPEG,6.9350434399990455,0.2325813137755102,11670,276,26.9390700784081,0.5146451594445943,0.16698732643315506,0.7992343647790572,2.7706969347444375
../benchmarks/vggnet16_benchmark2022/segmented_outputs/object/n02128757_snow_leopard.JPEG,n02128757_snow_leopard.JPEG,7.212961149748342,0.2237125318877551,11225,263,17.250127459653744,0.4909506912669574,0.1454649111228699,0.7798530851098682,2.767986832644435
../benchmarks/vggnet16_benchmark2022/segmented_outputs/object/n01698640_American_alligator.JPEG,n01698640_American_alligator.JPEG,7.472746685497846,0.19587053571428573,9828,269,11.678330678473849,0.4988484079187858,0.09097867314241435,0.8323895952494824,2.7675081132374517
../benchmarks/vggnet16_benchmark2022/segmented_outputs/object/n03372029_flute.JPEG,n03372029_flute.JPEG,7.523860297912787,0.14945392219387754,7499,502,25.887195694706918,0.5890766193988348,0.14626539971604322,0.8451976529233199,2.7661849206117983
../benchmarks/vggnet16_benchmark2022/segmented_outputs/object/n02132136_brown_bear.JPEG,n02132136_brown_bear.JPEG,7.919799748350627,0.16499920280612246,8279,406,8.247117476889645,0.5666027705496912,0.08657827560074963,0.9508351152770933,2.756895646687833
../benchmarks/vggnet16_benchmark2022/segmented_outputs/object/n02992211_cello.JPEG,n02992211_cello.JPEG,7.3668607078593284,0.12824856505102042,6435,436,51.31400874635036,0.6549750195054321,0.1533993391892743,0.5964758817951314,2.7361099469079586
../benchmarks/vggnet16_benchmark2022/segmented_outputs/object/n01534433_junco.JPEG,n01534433_junco.JPEG,6.689941838023072,0.24256616709183673,12171,471,33.66497511241263,0.5345324638999904,0.2892169734273554,0.8307353819982024,2.720645309508663
../benchmarks/vggnet16_benchmark2022/segmented_outputs/object/n07590611_hot_pot.JPEG,n07590611_hot_pot.JPEG,7.186290383342764,0.17795360331632654,8929,308,41.337370176019434,0.5715555050763473,0.1677120184540264,0.7778722490099067,2.718652286441853
../benchmarks/vggnet16_benchmark2022/segmented_outputs/object/n03478589_half_track.JPEG,n03478589_half_track.JPEG,6.744852411177655,0.19642857142857142,9856,278,45.02531818033703,0.5212127193772398,0.19572482012989761,0.6888303925185237,2.713890534707707
../benchmarks/vggnet16_benchmark2022/segmented_outputs/object/n02966193_carousel.JPEG,n02966193_carousel.JPEG,5.826312111995703,0.1468231823979592,7367,1509,34.425265069600385,0.675998260102088,0.42524926310351274,0.8649380773964166,2.670792311116821
../benchmarks/vggnet16_benchmark2022/segmented_outputs/object/n09229709_bubble.JPEG,n09229709_bubble.JPEG,6.379442795857699,0.20216836734693877,10144,346,71.0754540001961,0.5821047071965513,0.30857622847294763,0.7159673181831969,2.663346401992187
../benchmarks/vggnet16_benchmark2022/segmented_outputs/object/n04409515_tennis_ball.JPEG,n04409515_tennis_ball.JPEG,7.446996709942031,0.14498963647959184,7275,332,41.8081639884612,0.5996511726440206,0.14177642078667285,0.7816502227717759,2.6584024750095634
../benchmarks/vggnet16_benchmark2022/segmented_outputs/object/n04404412_television.JPEG,n04404412_television.JPEG,7.364588649896856,0.14211973852040816,7131,491,31.617446441317917,0.6159195835364313,0.1287309042476803,0.7365034724503134,2.639971315891107
../benchmarks/vggnet16_benchmark2022/segmented_outputs/object/n03793489_mouse.JPEG,n03793489_mouse.JPEG,6.639254452690035,0.19736527423469388,9903,335,57.56163048990781,0.5833943923046709,0.24325340795363937,0.7669459055274387,2.636588582214459
../benchmarks/vggnet16_benchmark2022/segmented_outputs/object/n02640242_sturgeon.JPEG,n02640242_sturgeon.JPEG,7.643188519080406,0.10883689413265306,5461,568,26.477628540416973,0.6170524192847281,0.11869168245238473,0.8004031185412116,2.629339465880408
../benchmarks/vggnet16_benchmark2022/segmented_outputs/object/n02317335_starfish.JPEG,n02317335_starfish.JPEG,6.981820550332127,0.21584024234693877,10830,183,14.23340435238628,0.42180502638071554,0.12089421599306496,0.7545937035978831,2.6242365072884715
../benchmarks/vggnet16_benchmark2022/segmented_outputs/object/n03876231_paintbrush.JPEG,n03876231_paintbrush.JPEG,6.689929009955934,0.201171875,10094,509,43.94106439720821,0.5634065272202984,0.2861307791054495,0.7839046158253389,2.623531469019955
../benchmarks/vggnet16_benchmark2022/segmented_outputs/object/n02110063_malamute.JPEG,n02110063_malamute.JPEG,7.33676538691669,0.1962890625,9849,217,22.603594009494493,0.5184303512468602,0.11546051544409316,0.7601530591038133,2.6119523037682826
../benchmarks/vggnet16_benchmark2022/segmented_outputs/object/n12267677_acorn.JPEG,n12267677_acorn.JPEG,7.065847498898948,0.23335857780612246,11709,382,16.207861925544115,0.5137387293112117,0.19687378355001206,0.8346354092977917,2.610297912628041
../benchmarks/vggnet16_benchmark2022/segmented_outputs/object/n03967562_plow.JPEG,n03967562_plow.JPEG,6.537471485334756,0.2286750637755102,11474,412,43.74623984796631,0.5236743205655103,0.30305796106292726,0.7675659345514747,2.596236660604786
../benchmarks/vggnet16_benchmark2022/segmented_outputs/object/n03661043_library.JPEG,n03661043_library.JPEG,6.254734251915098,0.20274633290816327,10173,256,71.2595637226941,0.5611282649858531,0.27184816804370093,0.7835377917744717,2.593777130439137
../benchmarks/vggnet16_benchmark2022/segmented_outputs/object/n02423022_gazelle.JPEG,n02423022_gazelle.JPEG,6.747729119064626,0.23182397959183673,11632,193,46.02912309047408,0.5177492437206446,0.24340078737969087,0.6440290397371844,2.56784643781858
../benchmarks/vggnet16_benchmark2022/segmented_outputs/object/n02095889_Sealyham_terrier.JPEG,n02095889_Sealyham_terrier.JPEG,7.511786823678944,0.17243303571428573,8652,243,22.764029307882296,0.535046060694469,0.10821531692766369,0.8548479550576004,2.521563873454816
../benchmarks/vggnet16_benchmark2022/segmented_outputs/object/n01910747_jellyfish.JPEG,n01910747_jellyfish.JPEG,6.630466302102688,0.1421795280612245,7134,1049,34.470122647024525,0.6687497831844942,0.3171265574880685,0.8725169321093321,2.4585123844617778
../benchmarks/vggnet16_benchmark2022/segmented_outputs/object/n04485082_tripod.JPEG,n04485082_tripod.JPEG,6.370267228145325,0.2020687181122449,10139,450,60.86846310000527,0.599508794827595,0.3043509073776778,0.7974561083150244,2.4541691712539193
../benchmarks/vggnet16_benchmark2022/segmented_outputs/object/n04252225_snowplow.JPEG,n04252225_snowplow.JPEG,7.259795068488479,0.13857222576530612,6953,565,22.140747258270117,0.5858595692181925,0.1427591582074246,0.9031693877025089,2.42220583755336
../benchmarks/vggnet16_benchmark2022/segmented_outputs/object/n02974003_car_wheel.JPEG,n02974003_car_wheel.JPEG,7.320128228558583,0.17426658163265307,8744,289,24.943131157183487,0.5303662797446766,0.14222882957968414,0.8589066102743665,2.4094535762362996
../benchmarks/vggnet16_benchmark2022/segmented_outputs/object/n04266014_space_shuttle.JPEG,n04266014_space_shuttle.JPEG,7.086883314606563,0.14748086734693877,7400,355,62.091103007457136,0.664457169403766,0.20689357250837734,0.7019268624427454,2.401757264440346
../benchmarks/vggnet16_benchmark2022/segmented_outputs/object/n02120505_grey_fox.JPEG,n02120505_grey_fox.JPEG,6.95532913982402,0.2054767219387755,10310,298,12.983580216434518,0.48009098018196805,0.12448076135362357,0.743577330034239,2.3738397287737074
../benchmarks/vggnet16_benchmark2022/segmented_outputs/object/n01981276_king_crab.JPEG,n01981276_king_crab.JPEG,6.774302424082832,0.1700813137755102,8534,340,58.07593076884622,0.6105177946988092,0.23016594268045404,0.7807097603056616,2.334712728917335
../benchmarks/vggnet16_benchmark2022/segmented_outputs/object/n02909870_bucket.JPEG,n02909870_bucket.JPEG,7.255986974108265,0.15122767857142858,7588,619,22.22729599229953,0.6163498744878633,0.1777762553108988,0.778489752303045,2.319416481772086
../benchmarks/vggnet16_benchmark2022/segmented_outputs/object/n04330267_stove.JPEG,n04330267_stove.JPEG,7.505741801468993,0.15188536352040816,7621,400,32.74623770864633,0.6292258371370778,0.1527121820901582,0.8223581561722786,2.3178839549549872
../benchmarks/vggnet16_benchmark2022/segmented_outputs/object/n01980166_fiddler_crab.JPEG,n01980166_fiddler_crab.JPEG,6.884809867225159,0.2575135522959184,12921,166,14.052922412846764,0.48623431393635913,0.1448219451754978,0.8004630182806893,2.3089755384322443
../benchmarks/vggnet16_benchmark2022/segmented_outputs/object/n02066245_grey_whale.JPEG,n02066245_grey_whale.JPEG,7.333954275438615,0.16745057397959184,8402,336,26.634928131933833,0.5754252279111942,0.13543987007768707,0.8908461100520362,2.3059739261473187
../benchmarks/vggnet16_benchmark2022/segmented_outputs/object/n03706229_magnetic_compass.JPEG,n03706229_magnetic_compass.JPEG,6.821274540505408,0.18696189413265307,9381,706,20.544062251332825,0.5569763043225305,0.2793723259221723,0.9075733389413421,2.303104891311096
../benchmarks/vggnet16_benchmark2022/segmented_outputs/object/n01443537_goldfish.JPEG,n01443537_goldfish.JPEG,7.144434728764344,0.13661910076530612,6855,451,41.14355065085616,0.6244613215165404,0.16607168314962875,0.8090246166390452,2.2675774776449646
../benchmarks/vggnet16_benchmark2022/segmented_outputs/object/n03891332_parking_meter.JPEG,n03891332_parking_meter.JPEG,6.539193595242892,0.16214923469387754,8136,681,37.22670371164496,0.6121584241279071,0.23617822698442423,0.8740394596339188,2.2629931816451103
../benchmarks/vggnet16_benchmark2022/segmented_outputs/object/n03062245_cocktail_shaker.JPEG,n03062245_cocktail_shaker.JPEG,7.141990674472895,0.16442123724489796,8250,577,20.631006352593076,0.6191070883076564,0.1559222161659266,0.7403817524029632,2.2498060222686362
../benchmarks/vggnet16_benchmark2022/segmented_outputs/object/n02795169_barrel.JPEG,n02795169_barrel.JPEG,6.868551159420406,0.17512356505102042,8787,544,35.19404383444848,0.5931220600043405,0.24376433110429885,0.7990398480845686,2.2369251115965856
../benchmarks/vggnet16_benchmark2022/segmented_outputs/object/n04004767_printer.JPEG,n04004767_printer.JPEG,7.137571615860024,0.15734614158163265,7895,521,33.939105304120716,0.6179709733826966,0.20555669190995587,0.8469874423288375,2.2294516977168195
../benchmarks/vggnet16_benchmark2022/segmented_outputs/object/n01798484_prairie_chicken.JPEG,n01798484_prairie_chicken.JPEG,6.897112567525269,0.19981664540816327,10026,344,21.173394606117167,0.543722286710888,0.1415887567766487,0.7479265171633154,2.203371005371779
../benchmarks/vggnet16_benchmark2022/segmented_outputs/object/n07718747_artichoke.JPEG,n07718747_artichoke.JPEG,7.1244337011787255,0.13243383290816327,6645,675,28.607303547653903,0.6390181692816331,0.18937574239044458,0.8664109727699861,2.198369912435129
../benchmarks/vggnet16_benchmark2022/segmented_outputs/object/n04192698_shield.JPEG,n04192698_shield.JPEG,7.273652929258889,0.14915497448979592,7484,512,26.89444696762848,0.6189257186857203,0.16324710222681182,0.8515626367648628,2.1817411020688233
../benchmarks/vggnet16_benchmark2022/segmented_outputs/object/n02093428_American_Staffordshire_terrier.JPEG,n02093428_American_Staffordshire_terrier.JPEG,7.527224622845293,0.13564253826530612,6806,195,43.01927432441362,0.6024448250763796,0.12645993809617923,0.7148023472822782,2.1814586167148002
../benchmarks/vggnet16_benchmark2022/segmented_outputs/object/n02892201_brass.JPEG,n02892201_brass.JPEG,6.864068985823188,0.2450374681122449,12295,195,16.163351157999653,0.47574660341745095,0.17774446776748315,0.8708899910263478,2.1750916981992203
../benchmarks/vggnet16_benchmark2022/segmented_outputs/object/n02112018_Pomeranian.JPEG,n02112018_Pomeranian.JPEG,7.173253723979402,0.1317761479591837,6612,419,36.72290275351006,0.6035982807273887,0.14980704538406678,0.6043130565036127,2.155288978293956
../benchmarks/vggnet16_benchmark2022/segmented_outputs/object/n01739381_vine_snake.JPEG,n01739381_vine_snake.JPEG,6.736487969364077,0.1783123405612245,8947,576,36.227705150240844,0.5968212700474781,0.26107674264607694,0.7495555493670378,2.1543675137825344
../benchmarks/vggnet16_benchmark2022/segmented_outputs/object/n02107908_Appenzeller.JPEG,n02107908_Appenzeller.JPEG,7.4330052588969275,0.16396285076530612,8227,419,21.102730943646694,0.575377448706716,0.173317987556213,0.9044540644685314,2.1523693172229845
../benchmarks/vggnet16_benchmark2022/segmented_outputs/object/n03535780_horizontal_bar.JPEG,n03535780_horizontal_bar.JPEG,6.164994554792539,0.21287069515306123,10681,276,68.74752616595275,0.5596017431177303,0.32955733251903696,0.7721640715754841,2.152248533376695
../benchmarks/vggnet16_benchmark2022/segmented_outputs/object/n03649909_lawn_mower.JPEG,n03649909_lawn_mower.JPEG,6.581865051322266,0.1432158801020408,7186,909,29.583711864874967,0.6256497610633435,0.2841785607839541,0.894862993802979,2.152137552653374
../benchmarks/vggnet16_benchmark2022/segmented_outputs/object/n04111531_rotisserie.JPEG,n04111531_rotisserie.JPEG,7.024498198437628,0.19670758928571427,9870,338,33.61169492053465,0.5834793353664502,0.20345068366985994,0.7884643572662339,2.1410865784396047
../benchmarks/vggnet16_benchmark2022/segmented_outputs/object/n01950731_sea_slug.JPEG,n01950731_sea_slug.JPEG,7.262664115859376,0.09982860331632654,5009,906,22.09270570216649,0.6943571431027635,0.18508339880827762,0.8156897012944724,2.139560329187051
../benchmarks/vggnet16_benchmark2022/segmented_outputs/object/n02123597_Siamese_cat.JPEG,n02123597_Siamese_cat.JPEG,7.360209144429202,0.1781329719387755,8938,152,30.643726138629106,0.5567257367238181,0.12590678687645934,0.7352586089709188,2.1264678641643373
../benchmarks/vggnet16_benchmark2022/segmented_outputs/object/n03314780_face_powder.JPEG,n03314780_face_powder.JPEG,7.227848816540757,0.17313058035714285,8687,534,7.4758022349376905,0.5617613667450627,0.15022118098378184,0.9254606752952118,2.1075661775824046
../benchmarks/vggnet16_benchmark2022/segmented_outputs/object/n02794156_barometer.JPEG,n02794156_barometer.JPEG,6.960409856238295,0.2175342793367347,10915,395,26.95916661621625,0.5447552407357082,0.26537827852689294,0.8989490824618612,2.0990802020236465
../benchmarks/vggnet16_benchmark2022/segmented_outputs/object/n02165456_ladybug.JPEG,n02165456_ladybug.JPEG,7.276772235778763,0.14032605229591838,7041,643,18.88351292880482,0.6355327771720174,0.15953706774871834,0.8070464007036062,2.098901844890844
../benchmarks/vggnet16_benchmark2022/segmented_outputs/object/n07711569_mashed_potato.JPEG,n07711569_mashed_potato.JPEG,6.9445364349834495,0.16770966198979592,8415,561,26.381274706858022,0.5984597849088393,0.2039720601886869,0.9132653496918448,2.0925502649234526
../benchmarks/vggnet16_benchmark2022/segmented_outputs/object/n03594734_jean.JPEG,n03594734_jean.JPEG,6.471036297149522,0.21243223852040816,10659,359,51.50755907770603,0.5855261939070074,0.28830440052033235,0.8222369269211924,2.0691061613716117
../benchmarks/vggnet16_benchmark2022/segmented_outputs/object/n04599235_wool.JPEG,n04599235_wool.JPEG,6.903519263056392,0.19716597576530612,9893,457,20.27916374761183,0.5404486636189327,0.21808131992063973,0.8916920904967733,2.0554580490272762
../benchmarks/vggnet16_benchmark2022/segmented_outputs/object/n07802026_hay.JPEG,n07802026_hay.JPEG,6.95777143836756,0.17859135841836735,8961,238,35.98659707441071,0.5503404573524964,0.16824796832909977,0.7959789854856268,2.033105496370755
../benchmarks/vggnet16_benchmark2022/segmented_outputs/object/n04613696_yurt.JPEG,n04613696_yurt.JPEG,6.812981872456545,0.18664301658163265,9365,319,44.671777457514644,0.5866276560942789,0.23373312807187047,0.8200556303651741,1.985382306122617
../benchmarks/vggnet16_benchmark2022/segmented_outputs/object/n03220513_dome.JPEG,n03220513_dome.JPEG,7.047004771573839,0.19331951530612246,9700,430,14.437014911693728,0.5408079075087477,0.18868609900374225,0.8421680271695224,1.9692968822013939
../benchmarks/vggnet16_benchmark2022/segmented_outputs/object/n02895154_breastplate.JPEG,n02895154_breastplate.JPEG,7.161546837037296,0.12788982780612246,6417,326,46.591933430415594,0.6260722022096711,0.15945520608019162,0.7964967152689174,1.9431158530596067
../benchmarks/vggnet16_benchmark2022/segmented_outputs/object/n02727426_apiary.JPEG,n02727426_apiary.JPEG,6.240146071863673,0.21813217474489796,10945,287,52.26847522990842,0.5522019546587161,0.28114156811674573,0.6874814454846191,1.9275253708266242
../benchmarks/vggnet16_benchmark2022/segmented_outputs/object/n03743016_megalith.JPEG,n03743016_megalith.JPEG,7.062640184025536,0.17145647321428573,8603,194,36.36337948973704,0.5699891539534241,0.14286942257983745,0.8336458852000179,1.9192781877204794
../benchmarks/vggnet16_benchmark2022/segmented_outputs/object/n03160309_dam.JPEG,n03160309_dam.JPEG,7.198096030482642,0.1679089604591837,8425,400,21.066335201508252,0.5946680610194994,0.14397198547963475,0.7129650526610369,1.9097652225849473
../benchmarks/vggnet16_benchmark2022/segmented_outputs/object/n02111129_Leonberg.JPEG,n02111129_Leonberg.JPEG,5.957551833083993,0.2484454719387755,12466,484,48.121686103038606,0.5453560219685863,0.38635544393805876,0.7865530612187684,1.9076343033945076
../benchmarks/vggnet16_benchmark2022/segmented_outputs/object/n04476259_tray.JPEG,n04476259_tray.JPEG,7.4509284792341495,0.1493542729591837,7494,378,25.94966098740902,0.6129985416013237,0.15335299488230522,0.7951728316031788,1.8872872120571809
../benchmarks/vggnet16_benchmark2022/segmented_outputs/object/n01806567_quail.JPEG,n01806567_quail.JPEG,6.286838997278476,0.2650868941326531,13301,214,14.179797557833052,0.45936298660318,0.17764304042003967,0.8474889154584162,1.8815512634812772
../benchmarks/vggnet16_benchmark2022/segmented_outputs/object/n02109525_Saint_Bernard.JPEG,n02109525_Saint_Bernard.JPEG,7.309531165697565,0.17199457908163265,8630,317,19.18863420310396,0.5718759419098626,0.1404098141353554,0.9078536862661948,1.8548301172547568
../benchmarks/vggnet16_benchmark2022/segmented_outputs/object/n02092002_Scottish_deerhound.JPEG,n02092002_Scottish_deerhound.JPEG,7.146899593716891,0.23198341836734693,11640,166,12.86609024759112,0.5162541502709506,0.1573673581325442,0.8944359630636898,1.8514111124414643
../benchmarks/vggnet16_benchmark2022/segmented_outputs/object/n02012849_crane.JPEG,n02012849_crane.JPEG,7.113503249150473,0.1893734056122449,9502,227,23.03844578505947,0.5470292309090964,0.14539549629997908,0.8484842319032464,1.8447117675582074
../benchmarks/vggnet16_benchmark2022/segmented_outputs/object/n01514859_hen.JPEG,n01514859_hen.JPEG,6.688598817055177,0.15945870535714285,8001,703,27.738832086391916,0.6147583030038627,0.2538752134694563,0.8807944264488908,1.8393136079329142
../benchmarks/vggnet16_benchmark2022/segmented_outputs/object/n02793495_barn.JPEG,n02793495_barn.JPEG,6.475923525577728,0.2049984056122449,10286,268,39.43052771228194,0.5336729579743509,0.22710222341790104,0.8227252505320308,1.828444976372609
../benchmarks/vggnet16_benchmark2022/segmented_outputs/object/n03047690_clog.JPEG,n03047690_clog.JPEG,7.185717683912289,0.1756218112244898,8812,166,30.019038818766074,0.5590453765847077,0.13410026132965408,0.8068741768240189,1.8261096906363057
../benchmarks/vggnet16_benchmark2022/segmented_outputs/object/n03494278_harmonica.JPEG,n03494278_harmonica.JPEG,7.168260113805263,0.13522401147959184,6785,597,12.786313020166874,0.5784651759886459,0.16173780299703328,0.9527042551800207,1.8219601404224106
../benchmarks/vggnet16_benchmark2022/segmented_outputs/object/n02988304_CD_player.JPEG,n02988304_CD_player.JPEG,7.2616459736251056,0.12314652423469388,6179,410,39.333422989708126,0.6422029852772132,0.16267043289229638,0.8488400149226473,1.820594365888104
../benchmarks/vggnet16_benchmark2022/segmented_outputs/object/n02091244_Ibizan_hound.JPEG,n02091244_Ibizan_hound.JPEG,6.950312716289249,0.18088329081632654,9076,179,43.247559347374676,0.5692364249643556,0.19755818170268646,0.7235252950671291,1.8026516426155008
../benchmarks/vggnet16_benchmark2022/segmented_outputs/object/n04357314_sunscreen.JPEG,n04357314_sunscreen.JPEG,6.916688258398586,0.19557158801020408,9813,391,26.445800064070067,0.5644846433569308,0.23122896137773216,0.8873522415405621,1.7880525209835305
../benchmarks/vggnet16_benchmark2022/segmented_outputs/object/n03788195_mosque.JPEG,n03788195_mosque.JPEG,6.999886661869493,0.18500876913265307,9283,312,27.515316338992275,0.5695241238538009,0.18228388762842884,0.7475412305772886,1.7845451649685569
../benchmarks/vggnet16_benchmark2022/segmented_outputs/object/n02109961_Eskimo_dog.JPEG,n02109961_Eskimo_dog.JPEG,7.642561836856317,0.12216996173469388,6130,297,31.8975763888729,0.632274772810526,0.1207808519325744,0.8053947290340144,1.7820151934431996
../benchmarks/vggnet16_benchmark2022/segmented_outputs/object/n03794056_mousetrap.JPEG,n03794056_mousetrap.JPEG,7.227633207674522,0.10333625637755102,5185,615,19.960759435671612,0.6205200022225987,0.13301550871630308,0.7834508552436983,1.770979353502533
../benchmarks/vggnet16_benchmark2022/segmented_outputs/object/n01855672_goose.JPEG,n01855672_goose.JPEG,7.295277507838026,0.15937898596938777,7997,223,16.994005438510676,0.5225340861736543,0.10992228361752501,0.8132674640492905,1.7695672674206455
../benchmarks/vggnet16_benchmark2022/segmented_outputs/object/n03384352_forklift.JPEG,n03384352_forklift.JPEG,7.184859107302321,0.12384406887755102,6214,576,25.57779490970203,0.6293600144065916,0.17241792769827857,0.7671896894872661,1.7646081763518087
../benchmarks/vggnet16_benchmark2022/segmented_outputs/object/n02509815_lesser_panda.JPEG,n02509815_lesser_panda.JPEG,7.513457500297444,0.15908003826530612,7982,270,19.543396463204395,0.578269110941966,0.12893816297353955,0.886945379578648,1.7642349631543577
../benchmarks/vggnet16_benchmark2022/segmented_outputs/object/n02843684_birdhouse.JPEG,n02843684_birdhouse.JPEG,6.125977199927849,0.232421875,11662,258,56.07211493206794,0.5549978957725554,0.3185199413932911,0.7376937935084262,1.7586699049903451
../benchmarks/vggnet16_benchmark2022/segmented_outputs/object/n03785016_moped.JPEG,n03785016_moped.JPEG,5.117223863238265,0.1893734056122449,9502,370,112.95177970450648,0.6555736682846809,0.42825729984448324,0.7077669645956233,1.7577356402229438
../benchmarks/vggnet16_benchmark2022/segmented_outputs/object/n02865351_bolo_tie.JPEG,n02865351_bolo_tie.JPEG,6.50597753413826,0.2308673469387755,11584,434,21.453992413484947,0.48935298720396986,0.30681473491317224,0.8512075917658983,1.7568467811321522
../benchmarks/vggnet16_benchmark2022/segmented_outputs/object/n02930766_cab.JPEG,n02930766_cab.JPEG,6.960847169119139,0.12171157525510204,6107,840,26.739907665063082,0.6727099521359368,0.24694125289488708,0.8355323056336088,1.7484376853749488
../benchmarks/vggnet16_benchmark2022/segmented_outputs/object/n06596364_comic_book.JPEG,n06596364_comic_book.JPEG,5.762234824957963,0.21027981505102042,10551,839,47.559594415270496,0.6050231003447382,0.43928461840356914,0.6713629083715651,1.7474394430543125
../benchmarks/vggnet16_benchmark2022/segmented_outputs/object/n04133789_sandal.JPEG,n04133789_sandal.JPEG,7.0078412433403825,0.1304607780612245,6546,518,34.41022423713574,0.6370803475645648,0.17913228251363306,0.7873929849361867,1.7461366302452426
../benchmarks/vggnet16_benchmark2022/segmented_outputs/object/n01582220_magpie.JPEG,n01582220_magpie.JPEG,6.716321709606474,0.20717075892857142,10395,331,23.512409476827425,0.5633464676877888,0.1754018791460834,0.757260426503316,1.736410708766682
../benchmarks/vggnet16_benchmark2022/segmented_outputs/object/n02165105_tiger_beetle.JPEG,n02165105_tiger_beetle.JPEG,7.489048249486895,0.1824577487244898,9155,304,7.421348399798513,0.5617550063077115,0.12586662791632253,0.9220983017285445,1.7360294819765487
../benchmarks/vggnet16_benchmark2022/segmented_outputs/object/n02447366_badger.JPEG,n02447366_badger.JPEG,7.2501540130897055,0.16402264030612246,8230,250,23.58994150453199,0.5603501048544133,0.13649261112003214,0.744929988733589,1.7341181376673234
../benchmarks/vggnet16_benchmark2022/segmented_outputs/object/n03871628_packet.JPEG,n03871628_packet.JPEG,6.746698748806598,0.16631457270408162,8345,385,32.78594685824463,0.5401862111321024,0.22362796463029178,0.8872913877994464,1.7309788770268235
../benchmarks/vggnet16_benchmark2022/segmented_outputs/object/n02483362_gibbon.JPEG,n02483362_gibbon.JPEG,6.3526709739847576,0.22217793367346939,11148,355,49.589717198026946,0.5811360749353749,0.3259530163760011,0.6224727146087543,1.6927408876270085
../benchmarks/vggnet16_benchmark2022/segmented_outputs/object/n03376595_folding_chair.JPEG,n03376595_folding_chair.JPEG,6.130356881945716,0.1504703443877551,7550,171,86.21205683527782,0.643115175482319,0.24133878745589807,0.7407103069270752,1.6769421301927734
../benchmarks/vggnet16_benchmark2022/segmented_outputs/object/n01729322_hognose_snake.JPEG,n01729322_hognose_snake.JPEG,7.555280832977836,0.14514907525510204,7283,354,18.50829832422667,0.5831268053513057,0.1562065200390028,0.9066496051058256,1.676149169121087
../benchmarks/vggnet16_benchmark2022/segmented_outputs/object/n02481823_chimpanzee.JPEG,n02481823_chimpanzee.JPEG,6.935660540753615,0.21803252551020408,10940,159,23.3168562156094,0.5359201600942325,0.16903846363925873,0.8151229005749934,1.6685735486352562
../benchmarks/vggnet16_benchmark2022/segmented_outputs/object/n02231487_walking_stick.JPEG,n02231487_walking_stick.JPEG,6.982333151833251,0.13936941964285715,6993,161,28.446422462061022,0.46809728736603806,0.13945361854838156,0.7829504252510343,1.660030267497635
../benchmarks/vggnet16_benchmark2022/segmented_outputs/object/n03868863_oxygen_mask.JPEG,n03868863_oxygen_mask.JPEG,7.526915135183478,0.14002710459183673,7026,363,17.346553820520782,0.5946831460804076,0.1318396640818346,0.8384244951058666,1.639555154862728
../benchmarks/vggnet16_benchmark2022/segmented_outputs/object/n04200800_shoe_shop.JPEG,n04200800_shoe_shop.JPEG,7.10167922809913,0.18289620535714285,9177,190,36.82625041861787,0.5804851686412678,0.19704259461402068,0.8289275502491112,1.6331263205564739
../benchmarks/vggnet16_benchmark2022/segmented_outputs/object/n03452741_grand_piano.JPEG,n03452741_grand_piano.JPEG,7.244545897784497,0.16336495535714285,8197,312,32.316345497822645,0.5884076239217446,0.21268711430265647,0.8617313475365542,1.632703924902882
../benchmarks/vggnet16_benchmark2022/segmented_outputs/object/n02443484_black-footed_ferret.JPEG,n02443484_black-footed_ferret.JPEG,6.199219904337416,0.16161112882653061,8109,287,75.18187482237832,0.6572207851464846,0.2554538928415017,0.7720225800465896,1.6174248914656046
../benchmarks/vggnet16_benchmark2022/segmented_outputs/object/n01675722_banded_gecko.JPEG,n01675722_banded_gecko.JPEG,7.057644552622214,0.20758928571428573,10416,191,10.354478026959047,0.5226289771574149,0.11904253093452107,0.8423793608856958,1.6132891114553352
../benchmarks/vggnet16_benchmark2022/segmented_outputs/object/n03216828_dock.JPEG,n03216828_dock.JPEG,6.924711569090055,0.15126753826530612,7590,309,49.28739813299795,0.6269613647611316,0.21776354290063998,0.7302003157109301,1.6048872646150008
../benchmarks/vggnet16_benchmark2022/segmented_outputs/object/n03877845_palace.JPEG,n03877845_palace.JPEG,6.479872509118908,0.18534757653061223,9300,622,29.10036439070916,0.6205369316238394,0.25775821544908334,0.7152563756013197,1.6008629219061161
../benchmarks/vggnet16_benchmark2022/segmented_outputs/object/n04515003_upright.JPEG,n04515003_upright.JPEG,6.37099953154791,0.15776466836734693,7916,460,60.74231392949661,0.643164004420534,0.2937431886891869,0.8179442032824628,1.5791434575517795
../benchmarks/vggnet16_benchmark2022/segmented_outputs/object/n03658185_letter_opener.JPEG,n03658185_letter_opener.JPEG,6.522327538146392,0.2541454081632653,12752,184,32.16472872364534,0.4786031165394367,0.32064848534647644,0.7943824937793034,1.567509493339788
../benchmarks/vggnet16_benchmark2022/segmented_outputs/object/n02326432_hare.JPEG,n02326432_hare.JPEG,6.354570833550823,0.24326371173469388,12206,398,14.695789129543526,0.5222086827166789,0.23071785620665833,0.8464831451043974,1.555376438855295
../benchmarks/vggnet16_benchmark2022/segmented_outputs/object/n04398044_teapot.JPEG,n04398044_teapot.JPEG,5.905012841335111,0.18181999362244897,9123,562,68.02012418195875,0.6189769474444844,0.403210393514315,0.7433951182762255,1.5484393910262664
../benchmarks/vggnet16_benchmark2022/segmented_outputs/object/n04371430_swimming_trunks.JPEG,n04371430_swimming_trunks.JPEG,5.983761079565834,0.1825573979591837,9160,417,71.45184120281516,0.6121097944697542,0.36706534487631504,0.7551525596166311,1.5375454504944384
../benchmarks/vggnet16_benchmark2022/segmented_outputs/object/n03673027_liner.JPEG,n03673027_liner.JPEG,6.600111333012462,0.1935188137755102,9710,420,35.42037554604118,0.5893848461603289,0.2653704987791293,0.8517294802700662,1.5119750693458776
../benchmarks/vggnet16_benchmark2022/segmented_outputs/object/n02058221_albatross.JPEG,n02058221_albatross.JPEG,7.43227665924909,0.12978316326530612,6512,152,44.50857286544962,0.6318154196200549,0.1433579397239697,0.7704784324762619,1.5024645263497778
../benchmarks/vggnet16_benchmark2022/segmented_outputs/object/n02992529_cellular_telephone.JPEG,n02992529_cellular_telephone.JPEG,7.494332912705105,0.11326132015306123,5683,611,7.211803614263704,0.6254188504914826,0.1336553742363011,0.9648673843021943,1.4961534148707332
../benchmarks/vggnet16_benchmark2022/segmented_outputs/object/n03866082_overskirt.JPEG,n03866082_overskirt.JPEG,7.058579086545054,0.13765545280612246,6907,58,64.19587880057699,0.6455696500010195,0.170820793385275,0.6728720809106199,1.473610795328078
../benchmarks/vggnet16_benchmark2022/segmented_outputs/object/n03131574_crib.JPEG,n03131574_crib.JPEG,6.901804542966614,0.1441326530612245,7232,399,35.29888408876645,0.5919190900306568,0.21124940354124838,0.859444753830211,1.464446572250815
../benchmarks/vggnet16_benchmark2022/segmented_outputs/object/n02123394_Persian_cat.JPEG,n02123394_Persian_cat.JPEG,7.054118191367639,0.15515385841836735,7785,446,13.650591868318845,0.5856004714684881,0.1412784344170943,0.7831399664547287,1.4563169419357473
../benchmarks/vggnet16_benchmark2022/segmented_outputs/object/n02966687_carpenter's_kit.JPEG,n02966687_carpenter's_kit.JPEG,6.869123018452321,0.16310586734693877,8184,266,37.90068025908643,0.565037798799292,0.21388476939946446,0.76345293923522,1.4545996037616498
../benchmarks/vggnet16_benchmark2022/segmented_outputs/object/n02786058_Band_Aid.JPEG,n02786058_Band_Aid.JPEG,6.775381165707904,0.11603156887755102,5822,833,31.19551081065662,0.6769145603816313,0.2705739152201607,0.8481704679277032,1.4321328499032675
../benchmarks/vggnet16_benchmark2022/segmented_outputs/object/n01749939_green_mamba.JPEG,n01749939_green_mamba.JPEG,6.213410556665146,0.1839923469387755,9232,711,42.12072028710446,0.6385563294069687,0.3596025854492517,0.6562911078969955,1.4053212367684782
../benchmarks/vggnet16_benchmark2022/segmented_outputs/object/n09332890_lakeside.JPEG,n09332890_lakeside.JPEG,6.945927278963711,0.19933832908163265,10002,274,23.985728982578934,0.5492180454615914,0.22630269355136048,0.9013580172421909,1.398916302483069
../benchmarks/vggnet16_benchmark2022/segmented_outputs/object/n03929855_pickelhaube.JPEG,n03929855_pickelhaube.JPEG,6.908037726329002,0.15832270408163265,7944,107,46.42342006995372,0.6025063511406165,0.14701721618969962,0.6366282386090563,1.3986542244375102
../benchmarks/vggnet16_benchmark2022/segmented_outputs/object/n03325584_feather_boa.JPEG,n03325584_feather_boa.JPEG,6.986049077279283,0.12902582908163265,6474,551,8.822493121504365,0.5648822783698202,0.14068087442409974,0.8862406135903533,1.3765077173704585
../benchmarks/vggnet16_benchmark2022/segmented_outputs/object/n03026506_Christmas_stocking.JPEG,n03026506_Christmas_stocking.JPEG,5.939538293215497,0.17701690051020408,8882,1096,18.242861115755687,0.624280265101628,0.38624616303050374,0.8930645986275745,1.3036820231837718
../benchmarks/vggnet16_benchmark2022/segmented_outputs/object/n04482393_tricycle.JPEG,n04482393_tricycle.JPEG,5.659510764473817,0.2074298469387755,10408,458,69.84927290349026,0.6022699726686345,0.4169965972717966,0.6313334314869791,1.2939803037663316
../benchmarks/vggnet16_benchmark2022/segmented_outputs/object/n04371774_swing.JPEG,n04371774_swing.JPEG,6.937747298250284,0.17731584821428573,8897,16,38.22646810626732,0.550729712852734,0.14843800892563794,0.7221763973057926,1.2889570026350716
../benchmarks/vggnet16_benchmark2022/segmented_outputs/object/n02787622_banjo.JPEG,n02787622_banjo.JPEG,7.029731134522241,0.13747608418367346,6898,398,27.428420056079375,0.6260910844852464,0.1524519286526236,0.6675442415114289,1.2749688420105485
../benchmarks/vggnet16_benchmark2022/segmented_outputs/object/n04335435_streetcar.JPEG,n04335435_streetcar.JPEG,6.816091528038031,0.18036511479591838,9050,282,35.696344749443305,0.5817148816981157,0.24188051735687885,0.7711499702555895,1.2387728284525936
../benchmarks/vggnet16_benchmark2022/segmented_outputs/object/n02101388_Brittany_spaniel.JPEG,n02101388_Brittany_spaniel.JPEG,6.798235930467311,0.1716358418367347,8612,328,29.538033833309797,0.5927556863995287,0.198108349168924,0.8146754479703257,1.21395968396231
../benchmarks/vggnet16_benchmark2022/segmented_outputs/object/n04486054_triumphal_arch.JPEG,n04486054_triumphal_arch.JPEG,6.776493551130711,0.20264668367346939,10168,182,39.776216828155896,0.5576238225471292,0.277640748637743,0.8088224556528077,1.2119588542071476
../benchmarks/vggnet16_benchmark2022/segmented_outputs/object/n02110806_basenji.JPEG,n02110806_basenji.JPEG,6.554202953741128,0.15451610331632654,7753,622,33.97795694207615,0.6247351424726809,0.2943629802485571,0.7640457118509423,1.1886312140980546
../benchmarks/vggnet16_benchmark2022/segmented_outputs/object/n02112137_chow.JPEG,n02112137_chow.JPEG,7.1939513070091525,0.14036591198979592,7043,222,31.39070484981464,0.5882910352033329,0.16391053221543242,0.7007130997830942,1.1766101912457423
../benchmarks/vggnet16_benchmark2022/segmented_outputs/object/n07717410_acorn_squash.JPEG,n07717410_acorn_squash.JPEG,7.205914270648263,0.11409837372448979,5725,501,31.24398339921378,0.6574396889943318,0.20106019139734893,0.8815042298348432,1.1708230364877177
../benchmarks/vggnet16_benchmark2022/segmented_outputs/object/n03877472_pajama.JPEG,n03877472_pajama.JPEG,6.590053366618043,0.21171476403061223,10623,448,26.36451084924329,0.580324690188278,0.30557257008191785,0.8088677195642671,1.1674647720670666
../benchmarks/vggnet16_benchmark2022/segmented_outputs/object/n02999410_chain.JPEG,n02999410_chain.JPEG,6.362195877811724,0.2573939732142857,12915,191,18.550311231709774,0.5131803213011591,0.2274763551773582,0.8327976079023096,1.166337064723393
../benchmarks/vggnet16_benchmark2022/segmented_outputs/object/n04204347_shopping_cart.JPEG,n04204347_shopping_cart.JPEG,6.37896770531672,0.22502790178571427,11291,285,30.990180359433616,0.5447222368363489,0.2750168857758015,0.7355528189930339,1.165664337257643
../benchmarks/vggnet16_benchmark2022/segmented_outputs/object/n02859443_boathouse.JPEG,n02859443_boathouse.JPEG,6.768684089128692,0.18259725765306123,9162,312,35.564454061088355,0.5870252827539757,0.2588593967614493,0.8074201508852786,1.1631890500991566
../benchmarks/vggnet16_benchmark2022/segmented_outputs/object/n01775062_wolf_spider.JPEG,n01775062_wolf_spider.JPEG,7.173269515761102,0.1758410395408163,8823,125,24.205110648142416,0.568299908837504,0.14829930850002235,0.8571124092674829,1.1412602463289703
../benchmarks/vggnet16_benchmark2022/segmented_outputs/object/n03085013_computer_keyboard.JPEG,n03085013_computer_keyboard.JPEG,7.4327965941970895,0.15009167729591838,7531,154,17.24388785021889,0.5648027178333336,0.11847188844513834,0.8366715432576532,1.1004310113464295
../benchmarks/vggnet16_benchmark2022/segmented_outputs/object/n03457902_greenhouse.JPEG,n03457902_greenhouse.JPEG,5.767056199782971,0.22102200255102042,11090,581,42.5673472975296,0.578012083840991,0.393481502497989,0.8467453533668081,1.090780249174058
../benchmarks/vggnet16_benchmark2022/segmented_outputs/object/n03481172_hammer.JPEG,n03481172_hammer.JPEG,7.575210439643151,0.11098931760204081,5569,384,21.7603965589902,0.668743579561911,0.121715736993436,0.7829478379721861,1.0766871332544485
../benchmarks/vggnet16_benchmark2022/segmented_outputs/object/n02112350_keeshond.JPEG,n02112350_keeshond.JPEG,7.458820106307911,0.17051977040816327,8556,202,10.109157092853344,0.5691727825526363,0.14255275306513815,0.9377153691576994,1.0350119537430087
../benchmarks/vggnet16_benchmark2022/segmented_outputs/object/n02096437_Dandie_Dinmont.JPEG,n02096437_Dandie_Dinmont.JPEG,7.187066789771161,0.15931919642857142,7994,192,12.749831935727347,0.5456336478811928,0.11958248217817066,0.808101667152699,1.0138266313684885
../benchmarks/vggnet16_benchmark2022/segmented_outputs/object/n03291819_envelope.JPEG,n03291819_envelope.JPEG,6.918955194296546,0.1492546237244898,7489,498,24.95857219386596,0.6523588468753515,0.2060391557918868,0.7582093063915263,0.9875624078493217
../benchmarks/vggnet16_benchmark2022/segmented_outputs/object/n01829413_hornbill.JPEG,n01829413_hornbill.JPEG,7.289662326683976,0.10853794642857142,5446,370,24.65343396948878,0.6291945183448029,0.14112613320206385,0.8724104072781712,0.9645146333028203
../benchmarks/vggnet16_benchmark2022/segmented_outputs/object/n02443114_polecat.JPEG,n02443114_polecat.JPEG,6.806533339164418,0.17695711096938777,8879,360,34.44417672274724,0.610609044158207,0.27469985542713177,0.7684618196295065,0.9622271485735048
../benchmarks/vggnet16_benchmark2022/segmented_outputs/object/n02174001_rhinoceros_beetle.JPEG,n02174001_rhinoceros_beetle.JPEG,7.280320313621306,0.16330516581632654,8194,179,15.247817926924403,0.563418616550331,0.1411047087053952,0.858673071085224,0.9467704591681729
../benchmarks/vggnet16_benchmark2022/segmented_outputs/object/n02834397_bib.JPEG,n02834397_bib.JPEG,6.64097071027097,0.11545360331632654,5793,944,14.330687377013202,0.6795307525891146,0.2568849123637388,0.9461732612911983,0.9374437136528243
../benchmarks/vggnet16_benchmark2022/segmented_outputs/object/n02979186_cassette_player.JPEG,n02979186_cassette_player.JPEG,6.193549585812093,0.16456074617346939,8257,520,52.34222166731975,0.6214566014661117,0.36157084366684233,0.7047875740887374,0.9343380431394408
../benchmarks/vggnet16_benchmark2022/segmented_outputs/object/n03902125_pay-phone.JPEG,n03902125_pay-phone.JPEG,7.416339862791515,0.12749123086734693,6397,426,18.09422287563678,0.6646725549168095,0.14948224741993438,0.8583375215169256,0.9307444384858223
../benchmarks/vggnet16_benchmark2022/segmented_outputs/object/n02281406_sulphur_butterfly.JPEG,n02281406_sulphur_butterfly.JPEG,5.906783054620938,0.20527742346938777,10300,618,38.24147623134405,0.5801246825892467,0.39686110652913875,0.7120380024130459,0.9216574061567047
../benchmarks/vggnet16_benchmark2022/segmented_outputs/object/n02264363_lacewing.JPEG,n02264363_lacewing.JPEG,6.959182239121062,0.11935985331632654,5989,449,36.429557713849164,0.6910005625093867,0.17687794064219603,0.4556517302199122,0.9085031995264166
../benchmarks/vggnet16_benchmark2022/segmented_outputs/object/n09472597_volcano.JPEG,n09472597_volcano.JPEG,6.419739311150473,0.23503268494897958,11793,240,6.015694697004487,0.5033201687980855,0.1810857141990959,0.9546381166400013,0.9031994099842326
../benchmarks/vggnet16_benchmark2022/segmented_outputs/object/n03874293_paddlewheel.JPEG,n03874293_paddlewheel.JPEG,6.79444804294744,0.13600127551020408,6824,577,27.086378419384097,0.6459200664261031,0.24126300502626352,0.8772768274680007,0.8860686659840131
../benchmarks/vggnet16_benchmark2022/segmented_outputs/object/n03891251_park_bench.JPEG,n03891251_park_bench.JPEG,6.563870442510886,0.19188456632653061,9628,262,36.41584771439163,0.5611512841243533,0.28623346523432003,0.8394604402436758,0.8775827185683236
../benchmarks/vggnet16_benchmark2022/segmented_outputs/object/n02410509_bison.JPEG,n02410509_bison.JPEG,6.826788824884305,0.1683075573979592,8445,72,50.66099008561937,0.6313051627914743,0.19923440511466067,0.6115828932183496,0.876355437825689
../benchmarks/vggnet16_benchmark2022/segmented_outputs/object/n03710637_maillot.JPEG,n03710637_maillot.JPEG,7.093649423698194,0.16689253826530612,8374,181,30.701933862921777,0.6092627599204978,0.18650896643078524,0.8343333969778062,0.8747314223230908
../benchmarks/vggnet16_benchmark2022/segmented_outputs/object/n02096051_Airedale.JPEG,n02096051_Airedale.JPEG,6.747078409301216,0.1906688456632653,9567,16,49.57022689641923,0.5877146933277474,0.23613853738703122,0.8175051436106116,0.87177577097064
../benchmarks/vggnet16_benchmark2022/segmented_outputs/object/n03680355_Loafer.JPEG,n03680355_Loafer.JPEG,7.2241722276742655,0.1392498405612245,6987,338,15.25052730645055,0.6032677545335344,0.14589851140701604,0.8667258358339719,0.8645818423710894
../benchmarks/vggnet16_benchmark2022/segmented_outputs/object/n02490219_marmoset.JPEG,n02490219_marmoset.JPEG,5.867541095382322,0.1923828125,9653,166,74.11367292650844,0.609970540360708,0.3339842886550821,0.7674851499076158,0.8560185898007369
../benchmarks/vggnet16_benchmark2022/segmented_outputs/object/n02077923_sea_lion.JPEG,n02077923_sea_lion.JPEG,7.0982801483759035,0.14817841198979592,7435,242,23.985208839511518,0.5986458467294256,0.15603682806774727,0.709166028646129,0.8444242182951365
../benchmarks/vggnet16_benchmark2022/segmented_outputs/object/n03942813_ping-pong_ball.JPEG,n03942813_ping-pong_ball.JPEG,7.181605913269091,0.11926020408163265,5984,363,32.06405156823338,0.6605485704437176,0.17507970129541534,0.8119914237299087,0.8312443201210857
../benchmarks/vggnet16_benchmark2022/segmented_outputs/object/n04355338_sundial.JPEG,n04355338_sundial.JPEG,7.041254104732363,0.16296635841836735,8177,146,15.010061789615383,0.5176886600121916,0.1476327858611885,0.827706440003583,0.8221198755761329
../benchmarks/vggnet16_benchmark2022/segmented_outputs/object/n02704792_amphibian.JPEG,n02704792_amphibian.JPEG,7.255566388171525,0.13506457270408162,6777,238,38.62004961123937,0.6720855569641869,0.1813135483270663,0.8119383119432523,0.8057703419183583
../benchmarks/vggnet16_benchmark2022/segmented_outputs/object/n04356056_sunglasses.JPEG,n04356056_sunglasses.JPEG,7.0838174691855915,0.13767538265306123,6908,16,38.18904564179708,0.5687250265822049,0.14164549343271993,0.7653478532430018,0.7979516180561355
../benchmarks/vggnet16_benchmark2022/segmented_outputs/object/n04229816_ski_mask.JPEG,n04229816_ski_mask.JPEG,6.719479103131196,0.20294563137755103,10183,326,8.471958803292857,0.5495691910556391,0.20101742015682955,0.9580164822305337,0.7755064962574528
../benchmarks/vggnet16_benchmark2022/segmented_outputs/object/n04380533_table_lamp.JPEG,n04380533_table_lamp.JPEG,6.087685672780113,0.2040417729591837,10238,664,18.58397521893511,0.5816369104283762,0.33164186830835946,0.8035731572927971,0.7720067439397137
../benchmarks/vggnet16_benchmark2022/segmented_outputs/object/n02484975_guenon.JPEG,n02484975_guenon.JPEG,7.678063121473711,0.1306202168367347,6554,260,4.570647285145611,0.6016679486597565,0.09802274280756254,0.9506537778039215,0.7627670036142054
../benchmarks/vggnet16_benchmark2022/segmented_outputs/object/n07718472_cucumber.JPEG,n07718472_cucumber.JPEG,5.522500775601717,0.2322624362244898,11654,497,55.87011173648776,0.5912045717624328,0.4491329728074955,0.5939301872891907,0.7578846457651522
../benchmarks/vggnet16_benchmark2022/segmented_outputs/object/n02100236_German_short-haired_pointer.JPEG,n02100236_German_short-haired_pointer.JPEG,5.950550898342467,0.1891143176020408,9489,395,59.076918004567695,0.6152722299652247,0.37920691097986475,0.7279489605015999,0.7198985928401082
../benchmarks/vggnet16_benchmark2022/segmented_outputs/object/n01882714_koala.JPEG,n01882714_koala.JPEG,6.472984993946895,0.25338807397959184,12714,200,11.339963445059166,0.5213425446236584,0.2437069073299729,0.9132807144615207,0.7068788532076946
../benchmarks/vggnet16_benchmark2022/segmented_outputs/object/n02280649_cabbage_butterfly.JPEG,n02280649_cabbage_butterfly.JPEG,6.640791266476947,0.12268813775510204,6156,519,39.54822770034173,0.656273791185292,0.25823015394859056,0.8623935382888681,0.7009090186458703
../benchmarks/vggnet16_benchmark2022/segmented_outputs/object/n02807133_bathing_cap.JPEG,n02807133_bathing_cap.JPEG,7.4429542926872765,0.09520487882653061,4777,519,16.849052749306985,0.6894788118031346,0.1428228238689529,0.849520507642713,0.6871746081703678
../benchmarks/vggnet16_benchmark2022/segmented_outputs/object/n02108422_bull_mastiff.JPEG,n02108422_bull_mastiff.JPEG,7.13158712918901,0.1412029655612245,7085,401,22.99538482042749,0.6436519050733241,0.20485353989858743,0.8940745554506908,0.6803615930547148
../benchmarks/vggnet16_benchmark2022/segmented_outputs/object/n03982430_pool_table.JPEG,n03982430_pool_table.JPEG,6.440501480791442,0.1470623405612245,7379,225,67.07582959402066,0.6683538503340735,0.28513209969221065,0.7944988954262402,0.6774721994695423
../benchmarks/vggnet16_benchmark2022/segmented_outputs/object/n02804414_bassinet.JPEG,n02804414_bassinet.JPEG,6.693727415381267,0.17018096301020408,8539,231,36.14319560255003,0.5889538037263284,0.24377723632147041,0.7558213578413904,0.6718792576966892
../benchmarks/vggnet16_benchmark2022/segmented_outputs/object/n09193705_alp.JPEG,n09193705_alp.JPEG,6.9964499125840955,0.1780731823979592,8935,260,18.241695513836387,0.5759847944078862,0.21308104977805342,0.8858425951189319,0.6709560338872198
../benchmarks/vggnet16_benchmark2022/segmented_outputs/object/n02437616_llama.JPEG,n02437616_llama.JPEG,6.973493913383628,0.14845742984693877,7449,155,40.94692229227977,0.6226596900648811,0.2044086165541667,0.719001784507548,0.6464592747873361
../benchmarks/vggnet16_benchmark2022/segmented_outputs/object/n03841143_odometer.JPEG,n03841143_odometer.JPEG,7.337954409526723,0.13054049744897958,6550,289,19.257587702881413,0.6377018414732845,0.14027625561492746,0.7405121947243096,0.635522285680036
../benchmarks/vggnet16_benchmark2022/segmented_outputs/object/n10148035_groom.JPEG,n10148035_groom.JPEG,6.130440027808977,0.13739636479591838,6894,974,29.066666233505345,0.6746900650185006,0.3818896069292182,0.8705946873428672,0.6246836365488992
../benchmarks/vggnet16_benchmark2022/segmented_outputs/object/n02815834_beaker.JPEG,n02815834_beaker.JPEG,6.28422760065391,0.24139030612244897,12112,14,29.764023595059484,0.5073426577051194,0.2432890405725729,0.7500076204065369,0.589112444636304
../benchmarks/vggnet16_benchmark2022/segmented_outputs/object/n04447861_toilet_seat.JPEG,n04447861_toilet_seat.JPEG,6.853080601068633,0.16145169005102042,8101,135,47.15789871791449,0.6627945782161844,0.2070046178907019,0.7285880277482053,0.5807282524870907
../benchmarks/vggnet16_benchmark2022/segmented_outputs/object/n02457408_three-toed_sloth.JPEG,n02457408_three-toed_sloth.JPEG,7.132534710595517,0.21253188775510204,10664,135,7.971984374289919,0.5598924876401659,0.18696495169697272,0.9499811002349778,0.5729713687616781
../benchmarks/vggnet16_benchmark2022/segmented_outputs/object/n02128385_leopard.JPEG,n02128385_leopard.JPEG,6.905626845145157,0.18191964285714285,9128,156,7.098633286559311,0.5444950780538386,0.11956723587365543,0.9144722614573908,0.5523970701959457
../benchmarks/vggnet16_benchmark2022/segmented_outputs/object/n02104029_kuvasz.JPEG,n02104029_kuvasz.JPEG,7.381292614572637,0.10251913265306123,5144,242,28.85155977963712,0.6367411119745174,0.14615108154647394,0.8606809972719516,0.55067619750423
../benchmarks/vggnet16_benchmark2022/segmented_outputs/object/n04392985_tape_player.JPEG,n04392985_tape_player.JPEG,7.197254540890973,0.17857142857142858,8960,136,17.260760941793666,0.5837028313818091,0.17577976907018963,0.8686319782619465,0.5506555145058282
../benchmarks/vggnet16_benchmark2022/segmented_outputs/object/n03000247_chain_mail.JPEG,n03000247_chain_mail.JPEG,6.596293564192305,0.17556202168367346,8809,225,18.07835518254557,0.4956438552753114,0.22667860053541783,0.8619603364843954,0.5457826762130074
../benchmarks/vggnet16_benchmark2022/segmented_outputs/object/n02091831_Saluki.JPEG,n02091831_Saluki.JPEG,7.142347538284783,0.1493542729591837,7494,392,13.915637477720173,0.6116397611348633,0.20593314689045705,0.9276355325822581,0.5441146252323996
../benchmarks/vggnet16_benchmark2022/segmented_outputs/object/n02190166_fly.JPEG,n02190166_fly.JPEG,6.876360543370019,0.16741071428571427,8400,315,24.53681415673409,0.6221984234786901,0.21778436881984342,0.718644553310157,0.5317629623536395
../benchmarks/vggnet16_benchmark2022/segmented_outputs/object/n02219486_ant.JPEG,n02219486_ant.JPEG,6.678575612921627,0.1617107780612245,8114,440,20.87297915293516,0.6268783607237453,0.21900175822160828,0.8639585174023552,0.5160992268230014
../benchmarks/vggnet16_benchmark2022/segmented_outputs/object/n03393912_freight_car.JPEG,n03393912_freight_car.JPEG,6.914618482361045,0.14873644770408162,7463,420,14.005305733224352,0.6209894492521602,0.18181109995758094,0.9107989471917736,0.4978855499924342
../benchmarks/vggnet16_benchmark2022/segmented_outputs/object/n01768244_trilobite.JPEG,n01768244_trilobite.JPEG,6.9290274521047355,0.11204559948979592,5622,323,38.064618660636285,0.6350186062394909,0.21308799069324036,0.8787179556373601,0.4827107527604962
../benchmarks/vggnet16_benchmark2022/segmented_outputs/object/n04275548_spider_web.JPEG,n04275548_spider_web.JPEG,7.478985186415579,0.0712093431122449,3573,520,24.26110666197133,0.7309666559596475,0.13945954329395926,0.7624722541233628,0.4685717071127607
../benchmarks/vggnet16_benchmark2022/segmented_outputs/object/n02115913_dhole.JPEG,n02115913_dhole.JPEG,7.093706729316358,0.12848772321428573,6447,278,22.220606717709387,0.621684867672233,0.15210467723552423,0.7671810514642934,0.4610909369593991
../benchmarks/vggnet16_benchmark2022/segmented_outputs/object/n07697313_cheeseburger.JPEG,n07697313_cheeseburger.JPEG,6.787015039939703,0.12091438137755102,6067,819,14.303187344846826,0.6639150841118047,0.29915893781435854,0.9063984865895051,0.44548978198114725
../benchmarks/vggnet16_benchmark2022/segmented_outputs/object/n02808304_bath_towel.JPEG,n02808304_bath_towel.JPEG,6.95835222991687,0.1249202806122449,6268,256,40.811648282157016,0.6611674164337425,0.2016991136496299,0.7203897266102206,0.42922704498913183
../benchmarks/vggnet16_benchmark2022/segmented_outputs/object/n03124170_cowboy_hat.JPEG,n03124170_cowboy_hat.JPEG,6.796589102219732,0.1535594706632653,7705,460,30.053103869667673,0.6590477469597873,0.27409002273053024,0.8562380931304601,0.42557518201444466
../benchmarks/vggnet16_benchmark2022/segmented_outputs/object/n02840245_binder.JPEG,n02840245_binder.JPEG,6.867602506716384,0.13081951530612246,6564,471,33.322558410315864,0.6930117147694156,0.23680852965081234,0.8960777092119916,0.41496335189048295
../benchmarks/vggnet16_benchmark2022/segmented_outputs/object/n02782093_balloon.JPEG,n02782093_balloon.JPEG,6.125206539423358,0.08689413265306123,4360,1412,13.568922702021872,0.738589719696519,0.38809674823685664,0.94199379115689,0.41318423834029216
../benchmarks/vggnet16_benchmark2022/segmented_outputs/object/n03595614_jersey.JPEG,n03595614_jersey.JPEG,7.004664029441464,0.15294164540816327,7674,214,23.41405078643609,0.6127026957216144,0.17378709985957935,0.6774944595339166,0.3950861267729617
../benchmarks/vggnet16_benchmark2022/segmented_outputs/object/n02226429_grasshopper.JPEG,n02226429_grasshopper.JPEG,6.7165075169554065,0.14652423469387754,7352,272,17.710298810311635,0.5751544922895282,0.15154660837453326,0.5084975071757255,0.38706117826157094
../benchmarks/vggnet16_benchmark2022/segmented_outputs/object/n03424325_gasmask.JPEG,n03424325_gasmask.JPEG,6.683393294107336,0.17225366709183673,8643,230,18.808193570247134,0.5657923076622444,0.18849647971625133,0.786159403012211,0.3829750334022626
../benchmarks/vggnet16_benchmark2022/segmented_outputs/object/n01784675_centipede.JPEG,n01784675_centipede.JPEG,6.443708110887506,0.15322066326530612,7688,614,14.379677118806331,0.6281961795935793,0.23793361224249118,0.8459816893825068,0.37062522137392906
../benchmarks/vggnet16_benchmark2022/segmented_outputs/object/n04141975_scale.JPEG,n04141975_scale.JPEG,6.913020935721668,0.15363919005102042,7709,77,35.214035840119834,0.5996104239482727,0.18212549884985052,0.8221906191827233,0.3645715191341439
../benchmarks/vggnet16_benchmark2022/segmented_outputs/object/n12057211_yellow_lady's_slipper.JPEG,n12057211_yellow_lady's_slipper.JPEG,5.943982797676304,0.17568160076530612,8815,505,49.97837861526396,0.6230166912795636,0.39128006454099606,0.8294914880488666,0.36060324629238893
../benchmarks/vggnet16_benchmark2022/segmented_outputs/object/n04152593_screen.JPEG,n04152593_screen.JPEG,6.438143225413526,0.1578045280612245,7918,198,46.02118456389133,0.6049101361827469,0.2534207045566351,0.8308389123056672,0.3603934453119644
../benchmarks/vggnet16_benchmark2022/segmented_outputs/object/n03000134_chainlink_fence.JPEG,n03000134_chainlink_fence.JPEG,5.923143159617696,0.19379783163265307,9724,283,55.61311201904153,0.5823607263403464,0.3782268670408787,0.7936918144632965,0.358697391263879
../benchmarks/vggnet16_benchmark2022/segmented_outputs/object/n12998815_agaric.JPEG,n12998815_agaric.JPEG,5.7453364439404595,0.17534279336734693,8798,823,36.32845773150362,0.6248386042187517,0.4443150531346451,0.7712977453045136,0.3582881418748609
../benchmarks/vggnet16_benchmark2022/segmented_outputs/object/n02106030_collie.JPEG,n02106030_collie.JPEG,6.335194882445962,0.23826132015306123,11955,185,16.28574453391791,0.5249990821158319,0.2627132807688286,0.8425945344456178,0.34345725651905584
../benchmarks/vggnet16_benchmark2022/segmented_outputs/object/n03788365_mosquito_net.JPEG,n03788365_mosquito_net.JPEG,6.997636871678067,0.11236447704081633,5638,399,29.059266427089476,0.6705483866181119,0.1859562818526416,0.7767149474886851,0.34271020436865074
../benchmarks/vggnet16_benchmark2022/segmented_outputs/object/n03995372_power_drill.JPEG,n03995372_power_drill.JPEG,7.369410409195987,0.10126355229591837,5081,447,26.857272961540538,0.7044111020427872,0.20169978453333165,0.8489928679960985,0.32425734329501604
../benchmarks/vggnet16_benchmark2022/segmented_outputs/object/n01985128_crayfish.JPEG,n01985128_crayfish.JPEG,6.141911941718897,0.17426658163265307,8744,583,28.2122884167747,0.6140077090039295,0.3291838376499974,0.8991095721964117,0.3191557700770039
../benchmarks/vggnet16_benchmark2022/segmented_outputs/object/n04118538_rugby_ball.JPEG,n04118538_rugby_ball.JPEG,7.488526160453966,0.11754623724489796,5898,317,14.30556634868404,0.6580733026590511,0.14172531580433428,0.8817505617095445,0.31154130776133326
../benchmarks/vggnet16_benchmark2022/segmented_outputs/object/n03670208_limousine.JPEG,n03670208_limousine.JPEG,6.957814713955914,0.13618064413265307,6833,312,33.26817299894132,0.6339457656715859,0.24684615772342822,0.8422676603425754,0.30988195899981147
../benchmarks/vggnet16_benchmark2022/segmented_outputs/object/n04328186_stopwatch.JPEG,n04328186_stopwatch.JPEG,7.154811157401758,0.13966836734693877,7008,341,18.754777658098682,0.6413906698837413,0.19373840180590324,0.8726704087977131,0.30363705682797815
../benchmarks/vggnet16_benchmark2022/segmented_outputs/object/n04069434_reflex_camera.JPEG,n04069434_reflex_camera.JPEG,7.308698810119024,0.16019610969387754,8038,75,16.261211404739456,0.583418767591381,0.14991743958738965,0.934667727566346,0.30324141704849417
../benchmarks/vggnet16_benchmark2022/segmented_outputs/object/n01729977_green_snake.JPEG,n01729977_green_snake.JPEG,6.472111382872617,0.18704161352040816,9385,215,38.45345926738806,0.5820890110105321,0.3032187542946688,0.8346616418358573,0.2971366473944944
../benchmarks/vggnet16_benchmark2022/segmented_outputs/object/n02860847_bobsled.JPEG,n02860847_bobsled.JPEG,6.0272249172930845,0.13364955357142858,6706,563,50.588938301678276,0.659529355912434,0.3335635423826122,0.7326756627799837,0.2888851166932478
../benchmarks/vggnet16_benchmark2022/segmented_outputs/object/n07742313_Granny_Smith.JPEG,n07742313_Granny_Smith.JPEG,7.527602958592815,0.07118941326530612,3572,362,26.70803572063449,0.6842168403784454,0.14799986279974012,0.8530763295531325,0.28357609591547794
../benchmarks/vggnet16_benchmark2022/segmented_outputs/object/n11939491_daisy.JPEG,n11939491_daisy.JPEG,6.866005554066154,0.11519451530612244,5780,481,25.575718211541066,0.65447827378697,0.21902646969479597,0.8918996699330957,0.27507726480860273
../benchmarks/vggnet16_benchmark2022/segmented_outputs/object/n02111277_Newfoundland.JPEG,n02111277_Newfoundland.JPEG,6.952606093972771,0.1835140306122449,9208,268,10.413099759221389,0.5877271082194797,0.20637371288381798,0.9532989800934466,0.2717975962289162
../benchmarks/vggnet16_benchmark2022/segmented_outputs/object/n13040303_stinkhorn.JPEG,n13040303_stinkhorn.JPEG,6.16326594122586,0.19290098852040816,9679,445,37.552920940449965,0.6081644868487839,0.3678363484364654,0.7422740191088911,0.25401805921670495
../benchmarks/vggnet16_benchmark2022/segmented_outputs/object/n07734744_mushroom.JPEG,n07734744_mushroom.JPEG,6.8721736320553255,0.1328125,6664,147,40.51517202130749,0.6358761225080554,0.19193055506728413,0.72587771904884,0.22977606944816875
../benchmarks/vggnet16_benchmark2022/segmented_outputs/object/n01728920_ringneck_snake.JPEG,n01728920_ringneck_snake.JPEG,6.521410185119897,0.15220424107142858,7637,298,42.497256749483654,0.6394919620684982,0.2700182638681179,0.8044517725054348,0.21843391713340937
../benchmarks/vggnet16_benchmark2022/segmented_outputs/object/n04273569_speedboat.JPEG,n04273569_speedboat.JPEG,7.08794117692597,0.10309709821428571,5173,453,10.097491521404455,0.6294395376468309,0.1435394935096937,0.7988192931782333,0.21401746270729072
../benchmarks/vggnet16_benchmark2022/segmented_outputs/object/n04099969_rocking_chair.JPEG,n04099969_rocking_chair.JPEG,6.58661347851912,0.15244339923469388,7649,133,40.6979158147399,0.5826709805105043,0.2418351725183875,0.7505448678548496,0.16773973064148026
../benchmarks/vggnet16_benchmark2022/segmented_outputs/object/n03485407_hand-held_computer.JPEG,n03485407_hand-held_computer.JPEG,6.990198748807372,0.16770966198979592,8415,252,6.931067996842027,0.5910826347967456,0.16007707907171503,0.9004188290510844,0.16550312740381912
../benchmarks/vggnet16_benchmark2022/segmented_outputs/object/n03042490_cliff_dwelling.JPEG,n03042490_cliff_dwelling.JPEG,7.040897887322108,0.15882095025510204,7969,247,15.538643018650879,0.6042973085576762,0.19548604476732812,0.9303078004179137,0.1512859671155829
../benchmarks/vggnet16_benchmark2022/segmented_outputs/object/n07716358_zucchini.JPEG,n07716358_zucchini.JPEG,6.7141511354902,0.1366390306122449,6856,376,25.990223260170723,0.5966350958432147,0.25690777590765385,0.8755951529462997,0.14552166700019423
../benchmarks/vggnet16_benchmark2022/segmented_outputs/object/n03977966_police_van.JPEG,n03977966_police_van.JPEG,6.4696799561016425,0.15559231505102042,7807,355,35.14515130547025,0.6240403148608444,0.277475933940469,0.8833914465901244,0.13341937517678648
../benchmarks/vggnet16_benchmark2022/segmented_outputs/object/n01530575_brambling.JPEG,n01530575_brambling.JPEG,6.927570634615073,0.15154655612244897,7604,204,21.345476476277582,0.6084453780575376,0.17773377990676265,0.8104619270972147,0.13332894585176158
../benchmarks/vggnet16_benchmark2022/segmented_outputs/object/n04461696_tow_truck.JPEG,n04461696_tow_truck.JPEG,6.183446652745268,0.1917450573979592,9621,342,41.450400315563826,0.5998403770259647,0.3619109036073938,0.8241472902269111,0.132201865175951
../benchmarks/vggnet16_benchmark2022/segmented_outputs/object/n03345487_fire_engine.JPEG,n03345487_fire_engine.JPEG,6.540925549077896,0.1403858418367347,7044,612,18.127344837750904,0.642378523025276,0.2703623861110341,0.9277583814560457,0.126255088253573
../benchmarks/vggnet16_benchmark2022/segmented_outputs/object/n03089624_confectionery.JPEG,n03089624_confectionery.JPEG,5.996326320135202,0.1486766581632653,7460,721,42.965463506937034,0.665734613033883,0.4125758741698326,0.8221463543548264,0.09282121754808004
../benchmarks/vggnet16_benchmark2022/segmented_outputs/object/n01776313_tick.JPEG,n01776313_tick.JPEG,7.09518405602328,0.1621890943877551,8138,147,18.325674464690103,0.6080068067719133,0.176558943712048,0.8887489152276282,0.09147221575516917
../benchmarks/vggnet16_benchmark2022/segmented_outputs/object/n03733281_maze.JPEG,n03733281_maze.JPEG,7.513990435436472,0.09341119260204081,4687,168,23.239982768926634,0.6460814448115488,0.12186727252982407,0.7505459999185585,0.06954794956396726
../benchmarks/vggnet16_benchmark2022/segmented_outputs/object/n03976657_pole.JPEG,n03976657_pole.JPEG,6.771692664159795,0.11110889668367346,5575,569,21.728432793795395,0.6764136572378543,0.22386814268103505,0.7861223227000407,0.06613259300225094
../benchmarks/vggnet16_benchmark2022/segmented_outputs/object/n04532106_vestment.JPEG,n04532106_vestment.JPEG,6.479465671432321,0.1581433354591837,7935,463,24.329098632188213,0.6377237347739093,0.2658644837088106,0.7276479856917013,0.05793476675208188
../benchmarks/vggnet16_benchmark2022/segmented_outputs/object/n04040759_radiator.JPEG,n04040759_radiator.JPEG,6.59272173416856,0.18425143494897958,9245,168,26.828762707551334,0.5906447204522545,0.2326972818599878,0.5640002719504804,0.05509895033849169
../benchmarks/vggnet16_benchmark2022/segmented_outputs/object/n04604644_worm_fence.JPEG,n04604644_worm_fence.JPEG,6.219461286333148,0.17402742346938777,8732,578,27.94088788822492,0.6169750003536811,0.36809350041561795,0.7392655855517902,0.047909782200416307
../benchmarks/vggnet16_benchmark2022/segmented_outputs/object/n07248320_book_jacket.JPEG,n07248320_book_jacket.JPEG,6.902885503334287,0.10132334183673469,5084,640,16.769405849093594,0.6987992518616623,0.21371355347458437,0.8539638205644731,0.025610875594396343
../benchmarks/vggnet16_benchmark2022/segmented_outputs/object/n01806143_peacock.JPEG,n01806143_peacock.JPEG,5.9956396823309355,0.20994100765306123,10534,307,44.97292034816928,0.5908695390208112,0.3949504701206087,0.728033183105385,0.019786702754013064
../benchmarks/vggnet16_benchmark2022/segmented_outputs/object/n02128925_jaguar.JPEG,n02128925_jaguar.JPEG,7.2493656064430745,0.12721221301020408,6383,371,5.194227740647346,0.6340042303550464,0.1558805633812601,0.9520859335788916,0.003748892743736576
../benchmarks/vggnet16_benchmark2022/segmented_outputs/object/n03223299_doormat.JPEG,n03223299_doormat.JPEG,6.58332807403149,0.14393335459183673,7222,230,6.898843228245944,0.513816981594424,0.14313296745070458,0.8486111226573999,0.0011177991833685175
../benchmarks/vggnet16_benchmark2022/segmented_outputs/object/n02095314_wire-haired_fox_terrier.JPEG,n02095314_wire-haired_fox_terrier.JPEG,6.790181788455487,0.15132732780612246,7593,372,27.61741798163487,0.6434148537508697,0.27482675317621674,0.7968371298169081,-0.005368944249613025
../benchmarks/vggnet16_benchmark2022/segmented_outputs/object/n04376876_syringe.JPEG,n04376876_syringe.JPEG,6.984200636445566,0.13060028698979592,6553,321,32.593319578463024,0.6541341571784879,0.26107629731748383,0.8773865345766594,-0.010562507718873338
../benchmarks/vggnet16_benchmark2022/segmented_outputs/object/n04596742_wok.JPEG,n04596742_wok.JPEG,6.142678594589509,0.1512874681122449,7591,661,30.96759812004668,0.6414781452389742,0.36469253741221114,0.8618227849306842,-0.022858223960075086
../benchmarks/vggnet16_benchmark2022/segmented_outputs/object/n03775071_mitten.JPEG,n03775071_mitten.JPEG,7.396423445750294,0.14108338647959184,7079,147,6.980636639226832,0.6077475833873583,0.12160125893956471,0.9505610005808902,-0.024007348876044388
../benchmarks/vggnet16_benchmark2022/segmented_outputs/object/n03065424_coil.JPEG,n03065424_coil.JPEG,6.052790669204562,0.18415178571428573,9240,645,20.499506417345557,0.587378771787723,0.389748070665611,0.893958637476283,-0.03327800458335528
../benchmarks/vggnet16_benchmark2022/segmented_outputs/object/n02096585_Boston_bull.JPEG,n02096585_Boston_bull.JPEG,6.66742258940233,0.18317522321428573,9191,384,19.703239046178865,0.6188705026745618,0.3010914110820036,0.9161073532227499,-0.06404134249272986
../benchmarks/vggnet16_benchmark2022/segmented_outputs/object/n03950228_pitcher.JPEG,n03950228_pitcher.JPEG,6.4928680274901645,0.15880102040816327,7968,403,23.859253034955756,0.6620191567612843,0.22307894534667874,0.7254224554561259,-0.0724778489507309
../benchmarks/vggnet16_benchmark2022/segmented_outputs/object/n02676566_acoustic_guitar.JPEG,n02676566_acoustic_guitar.JPEG,6.91012736160622,0.14409279336734693,7230,16,40.230171802151844,0.5931032698256882,0.22874171727815956,0.8570147162441754,-0.0834940992083893
../benchmarks/vggnet16_benchmark2022/segmented_outputs/object/n04493381_tub.JPEG,n04493381_tub.JPEG,6.170865114544508,0.1884765625,9457,241,43.172504255915825,0.6176723619904188,0.31958551003133845,0.7260435256847897,-0.09942575359709382
../benchmarks/vggnet16_benchmark2022/segmented_outputs/object/n03777568_Model_T.JPEG,n03777568_Model_T.JPEG,6.664643271861594,0.12123325892857142,6083,357,33.5263017429266,0.6685595736820327,0.21825808552484458,0.8792376685349481,-0.11060422369327577
../benchmarks/vggnet16_benchmark2022/segmented_outputs/object/n02169497_leaf_beetle.JPEG,n02169497_leaf_beetle.JPEG,6.9624441271247495,0.10706313775510204,5372,493,17.005334084887465,0.70007741570611,0.17360856955122939,0.757260032749876,-0.15089275099136046
../benchmarks/vggnet16_benchmark2022/segmented_outputs/object/n02356798_fox_squirrel.JPEG,n02356798_fox_squirrel.JPEG,6.700633565540352,0.1278698979591837,6416,246,28.893923098758762,0.6234947721422159,0.19578797742549792,0.8431532913973114,-0.15928528355210447
../benchmarks/vggnet16_benchmark2022/segmented_outputs/object/n02971356_carton.JPEG,n02971356_carton.JPEG,6.892789755387216,0.11615114795918367,5828,375,35.09935154678767,0.7290511164909539,0.20863764037145435,0.7159487973615952,-0.16900683782830117
../benchmarks/vggnet16_benchmark2022/segmented_outputs/object/n03980874_poncho.JPEG,n03980874_poncho.JPEG,6.304589724948947,0.17610012755102042,8836,190,5.170789722788685,0.5088726241721158,0.15387920854299292,0.9407302477522069,-0.18100154927721834
../benchmarks/vggnet16_benchmark2022/segmented_outputs/object/n02115641_dingo.JPEG,n02115641_dingo.JPEG,5.81743942440489,0.22967155612244897,11524,260,40.81924049943159,0.5678859684388169,0.4020744942963108,0.741306957969118,-0.20321982385063442
../benchmarks/vggnet16_benchmark2022/segmented_outputs/object/n03075370_combination_lock.JPEG,n03075370_combination_lock.JPEG,6.81058656239551,0.10891661352040816,5465,518,18.284988943939197,0.6659497981825799,0.22058161290141406,0.9162015600824205,-0.21275653165041836
../benchmarks/vggnet16_benchmark2022/segmented_outputs/object/n04147183_schooner.JPEG,n04147183_schooner.JPEG,7.329907653517635,0.10134327168367346,5085,205,34.07397869326191,0.6975988950697618,0.18529139960051774,0.8374268409717547,-0.21463257670744929
../benchmarks/vggnet16_benchmark2022/segmented_outputs/object/n04009552_projector.JPEG,n04009552_projector.JPEG,6.91933994803658,0.09859295280612244,4947,289,40.64993130189427,0.6987233334555885,0.20858290209168284,0.7028350546225516,-0.22173294158584278
../benchmarks/vggnet16_benchmark2022/segmented_outputs/object/n02094114_Norfolk_terrier.JPEG,n02094114_Norfolk_terrier.JPEG,7.229226358608392,0.07762675382653061,3895,274,9.04864739853933,0.582229834662622,0.11659670314258647,0.822576846059798,-0.22440624313807644
../benchmarks/vggnet16_benchmark2022/segmented_outputs/object/n01742172_boa_constrictor.JPEG,n01742172_boa_constrictor.JPEG,7.374088721483075,0.1184829400510204,5945,362,11.21627549690665,0.6723824593737545,0.18513250957566368,0.9336543547612988,-0.2325370131984178
../benchmarks/vggnet16_benchmark2022/segmented_outputs/object/n02100583_vizsla.JPEG,n02100583_vizsla.JPEG,6.1419456688309735,0.1454280931122449,7297,771,25.512369962820316,0.6514423857508779,0.39682259372438167,0.8789919987067514,-0.24630778790309515
../benchmarks/vggnet16_benchmark2022/segmented_outputs/object/n02233338_cockroach.JPEG,n02233338_cockroach.JPEG,5.813443539912576,0.20920360331632654,10497,181,51.02034144144075,0.5900747782120043,0.3761764253879261,0.7098659277747523,-0.28868393166244677
../benchmarks/vggnet16_benchmark2022/segmented_outputs/object/n02018795_bustard.JPEG,n02018795_bustard.JPEG,6.531634415267847,0.17257254464285715,8659,228,28.459673503870725,0.6105060373849523,0.2707020032553888,0.7808927752637569,-0.29409885716021456
../benchmarks/vggnet16_benchmark2022/segmented_outputs/object/n04125021_safe.JPEG,n04125021_safe.JPEG,7.234357430650393,0.10919563137755102,5479,465,7.8246933999029915,0.6542657204212692,0.2108527362005176,0.9448057531828833,-0.31382250720078503
../benchmarks/vggnet16_benchmark2022/segmented_outputs/object/n02091635_otterhound.JPEG,n02091635_otterhound.JPEG,7.615790419468485,0.11094945790816327,5567,192,6.545052123862288,0.6444905994017477,0.1232928054225236,0.9448362044897053,-0.3339715521748332
../benchmarks/vggnet16_benchmark2022/segmented_outputs/object/n02487347_macaque.JPEG,n02487347_macaque.JPEG,5.821328522772877,0.20165019132653061,10118,189,50.75599229681173,0.6008143609428143,0.36259318672306295,0.6238637107743785,-0.34998273266912133
../benchmarks/vggnet16_benchmark2022/segmented_outputs/object/n02105056_groenendael.JPEG,n02105056_groenendael.JPEG,6.389504949531633,0.16336495535714285,8197,299,30.868229734688647,0.6135093153646507,0.2923130614792919,0.8815847718525898,-0.3510675185496439
../benchmarks/vggnet16_benchmark2022/segmented_outputs/object/n01687978_agama.JPEG,n01687978_agama.JPEG,6.797843075578995,0.10584741709183673,5311,387,14.255634998335136,0.619601383606212,0.179773575256154,0.7540503109594754,-0.3628316827964414
../benchmarks/vggnet16_benchmark2022/segmented_outputs/object/n02835271_bicycle-built-for-two.JPEG,n02835271_bicycle-built-for-two.JPEG,5.799694536867405,0.18096301020408162,9080,487,42.508183985378025,0.6200091148915261,0.4145527099516079,0.7864210563388492,-0.3669378631353388
../benchmarks/vggnet16_benchmark2022/segmented_outputs/object/n02104365_schipperke.JPEG,n02104365_schipperke.JPEG,6.633909821848327,0.12892617984693877,6469,342,37.446157713598794,0.6817665066900855,0.2655564169568805,0.8432971129012661,-0.3685356788398596
../benchmarks/vggnet16_benchmark2022/segmented_outputs/object/n03045698_cloak.JPEG,n03045698_cloak.JPEG,6.566846777425744,0.1924625318877551,9657,182,12.995490455257114,0.5762604369775511,0.23191012607482875,0.8025775449848243,-0.4060690537894406
../benchmarks/vggnet16_benchmark2022/segmented_outputs/object/n03720891_maraca.JPEG,n03720891_maraca.JPEG,5.953926110010606,0.16075414540816327,8066,883,12.575476996962855,0.6381541605369504,0.4062055022457966,0.9323168271129263,-0.4121023575787294
../benchmarks/vggnet16_benchmark2022/segmented_outputs/object/n03110669_cornet.JPEG,n03110669_cornet.JPEG,6.637761151163821,0.14215959821428573,7133,211,35.767875810739994,0.6268384271694918,0.2722341417266323,0.8530730781987554,-0.4361394631338621
../benchmarks/vggnet16_benchmark2022/segmented_outputs/object/n02422106_hartebeest.JPEG,n02422106_hartebeest.JPEG,6.461415834241121,0.18706154336734693,9386,262,9.948509055796137,0.58521052776355,0.2242504376516476,0.758422837031182,-0.43672297498604684
../benchmarks/vggnet16_benchmark2022/segmented_outputs/object/n03492542_hard_disc.JPEG,n03492542_hard_disc.JPEG,6.879281429513618,0.15118781887755103,7586,267,15.013698471908222,0.6282259271097907,0.21589336174334273,0.930127444671365,-0.4473224412439278
../benchmarks/vggnet16_benchmark2022/segmented_outputs/object/n02837789_bikini.JPEG,n02837789_bikini.JPEG,6.732238250152694,0.11266342474489796,5653,605,19.52941121632549,0.6922204283973976,0.27763366435443604,0.8676743482278729,-0.4632602195022434
../benchmarks/vggnet16_benchmark2022/segmented_outputs/object/n01773157_black_and_gold_garden_spider.JPEG,n01773157_black_and_gold_garden_spider.JPEG,6.993388899114075,0.10801977040816327,5420,229,18.259753004159826,0.6195638630629832,0.16582633683155085,0.8257198430181865,-0.46650771638990085
../benchmarks/vggnet16_benchmark2022/segmented_outputs/object/n01817953_African_grey.JPEG,n01817953_African_grey.JPEG,5.843666528882352,0.18873565051020408,9470,249,47.82427854162411,0.5889112202564043,0.3843836066568071,0.8546267462208506,-0.47251109875403974
../benchmarks/vggnet16_benchmark2022/segmented_outputs/object/n02002724_black_stork.JPEG,n02002724_black_stork.JPEG,6.7401906367903885,0.13349011479591838,6698,178,20.367254208689506,0.6028223294925057,0.17834615051282587,0.8412659761382444,-0.47576847609175277
../benchmarks/vggnet16_benchmark2022/segmented_outputs/object/n02641379_gar.JPEG,n02641379_gar.JPEG,6.7558612288725275,0.13209502551020408,6628,419,15.917764920774491,0.6461863496993543,0.23864675635024277,0.8953242118311624,-0.48110881845616116
../benchmarks/vggnet16_benchmark2022/segmented_outputs/object/n04285008_sports_car.JPEG,n04285008_sports_car.JPEG,6.4036170094419935,0.13701769770408162,6875,578,25.788220088651094,0.6789301940455585,0.3170515454105418,0.8641977917432639,-0.49047407257177533
../benchmarks/vggnet16_benchmark2022/segmented_outputs/object/n01484850_great_white_shark.JPEG,n01484850_great_white_shark.JPEG,7.555957571596769,0.0965999681122449,4847,248,11.059345251094033,0.6816685244013103,0.13115504624292895,0.9204792259111907,-0.49391676889001035
../benchmarks/vggnet16_benchmark2022/segmented_outputs/object/n03100240_convertible.JPEG,n03100240_convertible.JPEG,6.594904576766212,0.13303172831632654,6675,343,27.330492722656217,0.6438971797524344,0.2555649176651098,0.914812379465462,-0.5004498466192322
../benchmarks/vggnet16_benchmark2022/segmented_outputs/object/n03888257_parachute.JPEG,n03888257_parachute.JPEG,6.362333901244709,0.1332110969387755,6684,405,27.73197187552384,0.6525674289805318,0.24924823559960693,0.6894401855626431,-0.5078829190954356
../benchmarks/vggnet16_benchmark2022/segmented_outputs/object/n03272562_electric_locomotive.JPEG,n03272562_electric_locomotive.JPEG,5.9308011550264315,0.1532405931122449,7689,842,23.3495110195599,0.6563823293655502,0.4346272202173015,0.9081607117067221,-0.525074536340839
../benchmarks/vggnet16_benchmark2022/segmented_outputs/object/n03657121_lens_cap.JPEG,n03657121_lens_cap.JPEG,6.7368474619112355,0.11814413265306123,5928,165,32.20178182158582,0.6282275492137924,0.20295157823858895,0.6208151925688619,-0.5282996490222089
../benchmarks/vggnet16_benchmark2022/segmented_outputs/object/n09288635_geyser.JPEG,n09288635_geyser.JPEG,7.557773417296135,0.10943478954081633,5491,212,14.018083503307452,0.6944466432169653,0.1485820845495571,0.8781845785381034,-0.5472518750603482
../benchmarks/vggnet16_benchmark2022/segmented_outputs/object/n02814860_beacon.JPEG,n02814860_beacon.JPEG,7.751947409023259,0.08868781887755102,4450,227,11.591684468833316,0.7014541175761285,0.12672093799588915,0.9122645706476449,-0.5633777443806021
../benchmarks/vggnet16_benchmark2022/segmented_outputs/object/n02027492_red-backed_sandpiper.JPEG,n02027492_red-backed_sandpiper.JPEG,6.7348322325131775,0.14879623724489796,7466,170,9.276807884955506,0.5884328977845256,0.1526965126777075,0.7950562715390349,-0.5689436848286608
../benchmarks/vggnet16_benchmark2022/segmented_outputs/object/n04310018_steam_locomotive.JPEG,n04310018_steam_locomotive.JPEG,6.831873942453138,0.12938456632653061,6492,419,14.358641022647124,0.6582810535373985,0.23486332714619051,0.9447281034192037,-0.5812340388644208
../benchmarks/vggnet16_benchmark2022/segmented_outputs/object/n02607072_anemone_fish.JPEG,n02607072_anemone_fish.JPEG,6.081507211513386,0.15399792729591838,7727,510,27.198411558904567,0.6161575820762627,0.3513901646730349,0.8637749515672166,-0.606796102694256
../benchmarks/vggnet16_benchmark2022/segmented_outputs/object/n02444819_otter.JPEG,n02444819_otter.JPEG,6.348746792029445,0.15166613520408162,7610,89,17.447271877265276,0.5371295969056615,0.170148455955175,0.552054626952633,-0.6271534438031698
../benchmarks/vggnet16_benchmark2022/segmented_outputs/object/n02492660_howler_monkey.JPEG,n02492660_howler_monkey.JPEG,5.564126751264041,0.18235809948979592,9150,482,53.07726654438345,0.6334067459002433,0.47150380567668565,0.72982051099586,-0.6418530426868528
../benchmarks/vggnet16_benchmark2022/segmented_outputs/object/n02097474_Tibetan_terrier.JPEG,n02097474_Tibetan_terrier.JPEG,6.7148358685423,0.18516820790816327,9291,205,8.747666853369966,0.5774757171808589,0.25643823770433194,0.9643505206430651,-0.6568666894424104
../benchmarks/vggnet16_benchmark2022/segmented_outputs/object/n03529860_home_theater.JPEG,n03529860_home_theater.JPEG,6.446431954468055,0.1521045918367347,7632,244,43.318593561965564,0.6810097840882607,0.3030133521352155,0.6270446433654592,-0.6612556658098676
../benchmarks/vggnet16_benchmark2022/segmented_outputs/object/n02883205_bow_tie.JPEG,n02883205_bow_tie.JPEG,6.097695316482749,0.13171635841836735,6609,509,40.861423222353366,0.6788191383413185,0.34629979244792797,0.6425944391043141,-0.6624171699337877
../benchmarks/vggnet16_benchmark2022/segmented_outputs/object/n04429376_throne.JPEG,n04429376_throne.JPEG,6.757309547660305,0.10134327168367346,5085,372,32.036060236540024,0.6770211566357358,0.2566153440798229,0.8586707213204922,-0.6640586783540041
../benchmarks/vggnet16_benchmark2022/segmented_outputs/object/n02110958_pug.JPEG,n02110958_pug.JPEG,6.783846613452437,0.15409757653061223,7732,373,10.492770621354698,0.6205597417062585,0.272094078618663,0.9601228126064951,-0.6679699509403106
../benchmarks/vggnet16_benchmark2022/segmented_outputs/object/n07749582_lemon.JPEG,n07749582_lemon.JPEG,6.089102395495381,0.16477997448979592,8268,621,19.337604982797785,0.6392821247156366,0.36525949876932073,0.7396757914708123,-0.671156837679663
../benchmarks/vggnet16_benchmark2022/segmented_outputs/object/n03781244_monastery.JPEG,n03781244_monastery.JPEG,6.354742274951965,0.15569196428571427,7812,265,39.97287781263759,0.6755962986388805,0.2913645021886266,0.6237556233341485,-0.6712380417981694
../benchmarks/vggnet16_benchmark2022/segmented_outputs/object/n04116512_rubber_eraser.JPEG,n04116512_rubber_eraser.JPEG,7.158074926346062,0.10415338010204081,5226,223,24.109625472445636,0.6946105550841696,0.16849725149562572,0.8589529366314614,-0.6763729723630644
../benchmarks/vggnet16_benchmark2022/segmented_outputs/object/n01796340_ptarmigan.JPEG,n01796340_ptarmigan.JPEG,7.42251308639692,0.09624123086734694,4829,193,9.874322684777196,0.6496695869373004,0.13068553167845695,0.9244937392838678,-0.6967081364839522
../benchmarks/vggnet16_benchmark2022/segmented_outputs/object/n04120489_running_shoe.JPEG,n04120489_running_shoe.JPEG,6.30952177886925,0.16384327168367346,8221,213,39.624085494332526,0.6193994103265904,0.33416625410167133,0.8045432927208269,-0.7238104420076734
../benchmarks/vggnet16_benchmark2022/segmented_outputs/object/n03527444_holster.JPEG,n03527444_holster.JPEG,6.322606928182913,0.10702327806122448,5370,854,11.164623010416589,0.6775114750196272,0.3367019123819378,0.9348548094617286,-0.7280724533294813
../benchmarks/vggnet16_benchmark2022/segmented_outputs/object/n02797295_barrow.JPEG,n02797295_barrow.JPEG,6.613101985825152,0.1184829400510204,5945,207,29.462430918845534,0.6428511226863738,0.2044929916908095,0.8027150112284052,-0.7659183667900971
../benchmarks/vggnet16_benchmark2022/segmented_outputs/object/n01795545_black_grouse.JPEG,n01795545_black_grouse.JPEG,6.729375754400811,0.17867107780612246,8965,211,14.492697927138913,0.6141701672542147,0.2648526555524251,0.8984727378750925,-0.7680424646573426
../benchmarks/vggnet16_benchmark2022/segmented_outputs/object/n02536864_coho.JPEG,n02536864_coho.JPEG,6.081077688814735,0.17516342474489796,8789,254,43.28478977170119,0.6426876984454988,0.352777376967502,0.8478324061905906,-0.7976896693830051
../benchmarks/vggnet16_benchmark2022/segmented_outputs/object/n03134739_croquet_ball.JPEG,n03134739_croquet_ball.JPEG,5.96638893091162,0.13169642857142858,6608,246,55.971370334523016,0.6432824097591732,0.33725387390514905,0.8082011148961219,-0.807770742040154
../benchmarks/vggnet16_benchmark2022/segmented_outputs/object/n02085936_Maltese_dog.JPEG,n02085936_Maltese_dog.JPEG,6.9297991637527305,0.14411272321428573,7231,168,9.95535739888,0.6238542621340886,0.17395110399537858,0.8612101042905846,-0.8291757959518531
../benchmarks/vggnet16_benchmark2022/segmented_outputs/object/n03016953_chiffonier.JPEG,n03016953_chiffonier.JPEG,6.198613340600598,0.16755022321428573,8407,244,36.65475487725039,0.6410330693327404,0.3124706503835023,0.8451627311451415,-0.8358683870371206
../benchmarks/vggnet16_benchmark2022/segmented_outputs/object/n04235860_sleeping_bag.JPEG,n04235860_sleeping_bag.JPEG,5.783129041420459,0.17099808673469388,8580,378,42.39348876227079,0.655579564763759,0.3557306767960111,0.8282851400470124,-0.8500452011745807
../benchmarks/vggnet16_benchmark2022/segmented_outputs/object/n04026417_purse.JPEG,n04026417_purse.JPEG,6.839872120411258,0.11858258928571429,5950,219,23.048213345622656,0.6729992128422269,0.18340934466818654,0.8482086230247613,-0.8636278736105618
../benchmarks/vggnet16_benchmark2022/segmented_outputs/object/n03633091_ladle.JPEG,n03633091_ladle.JPEG,7.403610606527294,0.06385522959183673,3204,274,5.591104354192868,0.631701100592168,0.12652811438070038,0.9216329202568806,-0.8783433788403539
../benchmarks/vggnet16_benchmark2022/segmented_outputs/object/n02098286_West_Highland_white_terrier.JPEG,n02098286_West_Highland_white_terrier.JPEG,6.620130287573913,0.1480389030612245,7428,335,27.488945686641156,0.673986510688882,0.30152445600091615,0.8963439155877113,-0.882903139883112
../benchmarks/vggnet16_benchmark2022/segmented_outputs/object/n02825657_bell_cote.JPEG,n02825657_bell_cote.JPEG,6.09612047448778,0.16605548469387754,8332,363,24.453114331454163,0.6065766874410341,0.32001103324499336,0.8900488485656453,-0.8829488366833429
../benchmarks/vggnet16_benchmark2022/segmented_outputs/object/n02114712_red_wolf.JPEG,n02114712_red_wolf.JPEG,6.880398302231283,0.08438297193877552,4234,513,10.877611220109092,0.6847955053545697,0.20031045807120418,0.9491576252834204,-0.8938607660823299
../benchmarks/vggnet16_benchmark2022/segmented_outputs/object/n03961711_plate_rack.JPEG,n03961711_plate_rack.JPEG,6.886659164170021,0.09865274234693877,4950,483,8.844609007392615,0.6823364904525044,0.2009679103866851,0.848156673280301,-0.9050563010483759
../benchmarks/vggnet16_benchmark2022/segmented_outputs/object/n04562935_water_tower.JPEG,n04562935_water_tower.JPEG,6.250743683172124,0.1861846301020408,9342,240,33.541031219496475,0.6254811899644117,0.3586513360343114,0.7418172218650197,-0.9170046734716442
../benchmarks/vggnet16_benchmark2022/segmented_outputs/object/n04201297_shoji.JPEG,n04201297_shoji.JPEG,6.601703539783506,0.1500518176020408,7529,214,28.523476047843026,0.691275525154562,0.2277139051098942,0.8035749300235051,-0.9218673252464468
../benchmarks/vggnet16_benchmark2022/segmented_outputs/object/n02087046_toy_terrier.JPEG,n02087046_toy_terrier.JPEG,6.45876893794571,0.11561304209183673,5801,376,39.19137365477705,0.6891569043124617,0.3085127464294228,0.8574192670089409,-0.9219952234248066
../benchmarks/vggnet16_benchmark2022/segmented_outputs/object/n02877765_bottlecap.JPEG,n02877765_bottlecap.JPEG,6.979814974683059,0.10463169642857142,5250,391,18.73686710735663,0.6912857063637008,0.23554504190868294,0.9131236502801743,-0.9252378446739293
../benchmarks/vggnet16_benchmark2022/segmented_outputs/object/n02123045_tabby.JPEG,n02123045_tabby.JPEG,7.324539814883144,0.08675462372448979,4353,165,19.547304131161592,0.6843410371974283,0.142846126266911,0.7690125055332007,-0.9389826051818073
../benchmarks/vggnet16_benchmark2022/segmented_outputs/object/n04090263_rifle.JPEG,n04090263_rifle.JPEG,6.609682614547626,0.1542171556122449,7738,16,38.79208886620526,0.6317512613875471,0.26072144170527933,0.8450795556129351,-0.9400047203250445
../benchmarks/vggnet16_benchmark2022/segmented_outputs/object/n04127249_safety_pin.JPEG,n04127249_safety_pin.JPEG,5.937862487275062,0.15206473214285715,7630,381,35.885831038426346,0.6332320260573031,0.33727552155907253,0.8745671859569395,-0.9418251769817434
../benchmarks/vggnet16_benchmark2022/segmented_outputs/object/n03476991_hair_spray.JPEG,n03476991_hair_spray.JPEG,7.03286394821011,0.08667490433673469,4349,550,13.907075948851599,0.7098152506193587,0.24989707562296443,0.9472572549841353,-0.943433980333094
../benchmarks/vggnet16_benchmark2022/segmented_outputs/object/n02129165_lion.JPEG,n02129165_lion.JPEG,7.097284958515946,0.08681441326530612,4356,171,31.18416911206768,0.7112904939874234,0.1633977214742775,0.7908710078866164,-0.9484240285315167
../benchmarks/vggnet16_benchmark2022/segmented_outputs/object/n02096294_Australian_terrier.JPEG,n02096294_Australian_terrier.JPEG,7.145093525688349,0.12099410076530612,6071,135,7.2473146880885375,0.6322836075991254,0.13496488831263304,0.9440685472508559,-0.9580666023933374
../benchmarks/vggnet16_benchmark2022/segmented_outputs/object/n07614500_ice_cream.JPEG,n07614500_ice_cream.JPEG,7.26843307079951,0.09315210459183673,4674,309,29.471982371043737,0.761849095473141,0.21606322471003458,0.7726442237585607,-0.9606309805136067
../benchmarks/vggnet16_benchmark2022/segmented_outputs/object/n02093754_Border_terrier.JPEG,n02093754_Border_terrier.JPEG,6.512212299905984,0.1727718431122449,8669,196,16.31545354976565,0.5982349835610203,0.2682042495467155,0.916866460640498,-0.9782700870419165
../benchmarks/vggnet16_benchmark2022/segmented_outputs/object/n03709823_mailbag.JPEG,n03709823_mailbag.JPEG,6.769534108272008,0.12041613520408163,6042,460,14.243873343554245,0.6926634338790116,0.24711096751891182,0.8389365851366339,-0.9887576520726711
../benchmarks/vggnet16_benchmark2022/segmented_outputs/object/n02346627_porcupine.JPEG,n02346627_porcupine.JPEG,7.372380208108679,0.10487085459183673,5262,98,9.43844537257203,0.6443299636963026,0.126051435072843,0.893687119860525,-0.9917473680460271
../benchmarks/vggnet16_benchmark2022/segmented_outputs/object/n02088632_bluetick.JPEG,n02088632_bluetick.JPEG,5.441375168360629,0.20115194515306123,10093,202,61.82644400890033,0.6269765797953237,0.44133683738724466,0.7195306867565325,-0.9937161379462026
../benchmarks/vggnet16_benchmark2022/segmented_outputs/object/n03690938_lotion.JPEG,n03690938_lotion.JPEG,6.907562597419382,0.07382015306122448,3704,556,12.13924110485258,0.6956759558154224,0.21939160237698216,0.9518549428855152,-0.9948090154355351
../benchmarks/vggnet16_benchmark2022/segmented_outputs/object/n02088466_bloodhound.JPEG,n02088466_bloodhound.JPEG,6.190800245532316,0.1815609056122449,9110,138,38.95679418167799,0.6053400952441395,0.3542291008901054,0.7549811286148529,-1.0148873353794055
../benchmarks/vggnet16_benchmark2022/segmented_outputs/object/n03297495_espresso_maker.JPEG,n03297495_espresso_maker.JPEG,7.05772446322246,0.10809948979591837,5424,265,19.40738089462139,0.694446695592396,0.19727073449280053,0.9195154468803343,-1.0270721685093298
../benchmarks/vggnet16_benchmark2022/segmented_outputs/object/n07871810_meat_loaf.JPEG,n07871810_meat_loaf.JPEG,5.931745411857704,0.1686065051020408,8460,331,47.175522211782706,0.6597321895131929,0.39946019241563613,0.7882274078046997,-1.0293214487317819
../benchmarks/vggnet16_benchmark2022/segmented_outputs/object/n02167151_ground_beetle.JPEG,n02167151_ground_beetle.JPEG,6.220026864519841,0.17546237244897958,8804,381,17.9008715621471,0.6011815369464628,0.3473925940962411,0.908859366506664,-1.034544971629292
../benchmarks/vggnet16_benchmark2022/segmented_outputs/object/n04286575_spotlight.JPEG,n04286575_spotlight.JPEG,6.343266204966457,0.11517458545918367,5779,677,19.08167487163876,0.6909633318716539,0.3367346705051627,0.9268440664262643,-1.0506122720159663
../benchmarks/vggnet16_benchmark2022/segmented_outputs/object/n02111500_Great_Pyrenees.JPEG,n02111500_Great_Pyrenees.JPEG,6.331020770014272,0.16452088647959184,8255,249,28.129446491999175,0.6462171909804125,0.29785070484686477,0.8049026445424889,-1.0797194427212085
../benchmarks/vggnet16_benchmark2022/segmented_outputs/object/n02910353_buckle.JPEG,n02910353_buckle.JPEG,6.870244219034621,0.12436224489795919,6240,233,16.953335538793613,0.6577041200564568,0.21245475830737692,0.8276290983776887,-1.1047867901323296
../benchmarks/vggnet16_benchmark2022/segmented_outputs/object/n02172182_dung_beetle.JPEG,n02172182_dung_beetle.JPEG,7.02653444035907,0.09628109056122448,4831,360,8.688996470900847,0.6850796568770483,0.17076980452166565,0.8628437954828956,-1.1058613172147393
../benchmarks/vggnet16_benchmark2022/segmented_outputs/object/n02093859_Kerry_blue_terrier.JPEG,n02093859_Kerry_blue_terrier.JPEG,6.035701293349657,0.11933992346938775,5988,857,17.932426994891077,0.6983038566383135,0.3900412774028632,0.9124922265023558,-1.1071532662994357
../benchmarks/vggnet16_benchmark2022/segmented_outputs/object/n02089867_Walker_hound.JPEG,n02089867_Walker_hound.JPEG,7.3531153426215,0.0768295599489796,3855,442,8.322749124347034,0.7489266124535905,0.16205277387617598,0.8818461997883245,-1.1098730319646468
../benchmarks/vggnet16_benchmark2022/segmented_outputs/object/n03180011_desktop_computer.JPEG,n03180011_desktop_computer.JPEG,6.221487284731267,0.13795440051020408,6922,635,17.645596959887147,0.6588391211065265,0.37017227998581625,0.9338356888071202,-1.1242341963271056
../benchmarks/vggnet16_benchmark2022/segmented_outputs/object/n04264628_space_bar.JPEG,n04264628_space_bar.JPEG,6.896494571399125,0.1289660395408163,6471,181,17.487674389639658,0.6480100362057206,0.21302899636826267,0.8699872194647694,-1.1308748588595072
../benchmarks/vggnet16_benchmark2022/segmented_outputs/object/n02799071_baseball.JPEG,n02799071_baseball.JPEG,5.978719580808862,0.13767538265306123,6908,178,60.12494282243759,0.7045873090250103,0.3197433209722843,0.8220158241860902,-1.1517877582962808
../benchmarks/vggnet16_benchmark2022/segmented_outputs/object/n03379051_football_helmet.JPEG,n03379051_football_helmet.JPEG,4.981203980197976,0.1729312818877551,8677,875,44.23115923334038,0.6803314018799983,0.5412599604801253,0.6554292069624792,-1.1540767491555755
../benchmarks/vggnet16_benchmark2022/segmented_outputs/object/n02099429_curly-coated_retriever.JPEG,n02099429_curly-coated_retriever.JPEG,6.547593481963364,0.13895089285714285,6972,243,13.162772886875466,0.6254480527299644,0.2101730948320543,0.9523555814577884,-1.1584330160345755
../benchmarks/vggnet16_benchmark2022/segmented_outputs/object/n03590841_jack-o'-lantern.JPEG,n03590841_jack-o'-lantern.JPEG,6.591853125909157,0.10287786989795919,5162,508,20.51388004054005,0.7136042215651004,0.2590382870915076,0.8667174817140401,-1.1764355426489386
../benchmarks/vggnet16_benchmark2022/segmented_outputs/object/n04041544_radio.JPEG,n04041544_radio.JPEG,6.126509388150805,0.14881616709183673,7467,510,24.488904059042806,0.651447757519,0.3689169201393754,0.7786277888861014,-1.195679499016201
../benchmarks/vggnet16_benchmark2022/segmented_outputs/object/n02486261_patas.JPEG,n02486261_patas.JPEG,6.956751540192741,0.09384964923469388,4709,181,22.90584907391394,0.6825263657890096,0.16759406770341878,0.8268581013833682,-1.2080087695875035
../benchmarks/vggnet16_benchmark2022/segmented_outputs/object/n02342885_hamster.JPEG,n02342885_hamster.JPEG,7.490172947742513,0.05961017219387755,2991,336,10.173607152402933,0.7163298852812137,0.15362329091048305,0.9133143479471931,-1.2249522262686598
../benchmarks/vggnet16_benchmark2022/segmented_outputs/object/n01914609_sea_anemone.JPEG,n01914609_sea_anemone.JPEG,6.092896863075156,0.17701690051020408,8882,145,20.510368253881268,0.6086579795976947,0.23198359582519928,0.816927025413657,-1.228222862858114
../benchmarks/vggnet16_benchmark2022/segmented_outputs/object/n03947888_pirate.JPEG,n03947888_pirate.JPEG,6.564694149263654,0.12179129464285714,6111,458,11.098856974161286,0.6791090623941082,0.24130701953434955,0.7384209258385364,-1.2349575724990816
../benchmarks/vggnet16_benchmark2022/segmented_outputs/object/n01847000_drake.JPEG,n01847000_drake.JPEG,6.831011526226531,0.1038345025510204,5210,359,11.268454377061275,0.669428199294859,0.20496983968287152,0.7621625926351608,-1.236039328625552
../benchmarks/vggnet16_benchmark2022/segmented_outputs/object/n01537544_indigo_bunting.JPEG,n01537544_indigo_bunting.JPEG,6.691824998485718,0.07065130739795919,3545,696,20.51930978087532,0.7766579897608678,0.26250878411338757,0.7819430475592377,-1.2414230662620298
../benchmarks/vggnet16_benchmark2022/segmented_outputs/object/n03666591_lighter.JPEG,n03666591_lighter.JPEG,6.508046611413106,0.1104312818877551,5541,116,45.787767855280705,0.7051596137646325,0.23060626954163224,0.700382649967924,-1.2533459776328084
../benchmarks/vggnet16_benchmark2022/segmented_outputs/object/n02127052_lynx.JPEG,n02127052_lynx.JPEG,6.471204884881863,0.15168606505102042,7611,251,22.706686836322437,0.6506766561532112,0.27885896764857665,0.6514299863348403,-1.2640449405080583
../benchmarks/vggnet16_benchmark2022/segmented_outputs/object/n03769881_minibus.JPEG,n03769881_minibus.JPEG,6.998078794617511,0.10925542091836735,5482,334,14.481275658737351,0.7051314697953549,0.21759332870435658,0.8685996623915795,-1.2864695010578813
../benchmarks/vggnet16_benchmark2022/segmented_outputs/object/n07693725_bagel.JPEG,n07693725_bagel.JPEG,7.021853001212049,0.10028698979591837,5032,298,14.285143164578157,0.676776913863773,0.21386302387786083,0.9058468453301787,-1.2930040550229507
../benchmarks/vggnet16_benchmark2022/segmented_outputs/object/n03899768_patio.JPEG,n03899768_patio.JPEG,6.652852300061544,0.13173628826530612,6610,209,32.25495509422332,0.6948931341510052,0.27210148865996325,0.7805875660513257,-1.3201073524069828
../benchmarks/vggnet16_benchmark2022/segmented_outputs/object/n02009229_little_blue_heron.JPEG,n02009229_little_blue_heron.JPEG,6.97669878684485,0.08163265306122448,4096,286,18.481012044661107,0.7062790185717822,0.16684568838638236,0.8462269351948141,-1.3243244063195858
../benchmarks/vggnet16_benchmark2022/segmented_outputs/object/n02074367_dugong.JPEG,n02074367_dugong.JPEG,7.205438095326608,0.07591278698979592,3809,108,31.659445408571187,0.7149715916256352,0.17307048051083246,0.8233662780383026,-1.329987959178135
../benchmarks/vggnet16_benchmark2022/segmented_outputs/object/n04548362_wallet.JPEG,n04548362_wallet.JPEG,6.422435862124502,0.15656887755102042,7856,452,6.647126578545255,0.6325162716325646,0.313875378119597,0.9090219402365578,-1.3468869472810776
../benchmarks/vggnet16_benchmark2022/segmented_outputs/object/n04336792_stretcher.JPEG,n04336792_stretcher.JPEG,5.07841843554485,0.17412707270408162,8737,551,57.133639702377934,0.6702648540844067,0.5038065402304095,0.7013221760645223,-1.3800905152040246
../benchmarks/vggnet16_benchmark2022/segmented_outputs/object/n02099849_Chesapeake_Bay_retriever.JPEG,n02099849_Chesapeake_Bay_retriever.JPEG,6.473421834311344,0.14016661352040816,7033,357,19.153473578322846,0.6534548641774531,0.30569482617375743,0.9347583055253046,-1.3820775112072314
../benchmarks/vggnet16_benchmark2022/segmented_outputs/object/n02699494_altar.JPEG,n02699494_altar.JPEG,5.60450176419908,0.12470105229591837,6257,457,28.819388800710858,0.615246453105996,0.3068641335760161,0.5337046274366158,-1.3962293907068135
../benchmarks/vggnet16_benchmark2022/segmented_outputs/object/n01855032_red-breasted_merganser.JPEG,n01855032_red-breasted_merganser.JPEG,6.400618899514665,0.12920519770408162,6483,215,23.518289015257764,0.6177397428901138,0.2640763532959792,0.608365183902164,-1.4019369147835976
../benchmarks/vggnet16_benchmark2022/segmented_outputs/object/n01737021_water_snake.JPEG,n01737021_water_snake.JPEG,6.528660964502972,0.12201052295918367,6122,232,5.8916953936648655,0.6117630459751081,0.1689730918114116,0.8759054208732626,-1.427643063435085
../benchmarks/vggnet16_benchmark2022/segmented_outputs/object/n04258138_solar_dish.JPEG,n04258138_solar_dish.JPEG,6.821659374076922,0.11666932397959184,5854,261,17.89955958475602,0.7036339806014706,0.21139647133392736,0.8464191091357833,-1.469966174392146
../benchmarks/vggnet16_benchmark2022/segmented_outputs/object/n04238763_slide_rule.JPEG,n04238763_slide_rule.JPEG,6.443070282829343,0.1594188456632653,7999,126,11.540567535156134,0.6061323637678293,0.21650098803644996,0.7568622590967149,-1.4778593089181256
../benchmarks/vggnet16_benchmark2022/segmented_outputs/object/n03063689_coffeepot.JPEG,n03063689_coffeepot.JPEG,6.461995893007448,0.12167171556122448,6105,251,28.174708879424244,0.6635631289382631,0.27772776045087544,0.8920505475929645,-1.5135788760853368
../benchmarks/vggnet16_benchmark2022/segmented_outputs/object/n02790996_barbell.JPEG,n02790996_barbell.JPEG,5.879522611679997,0.13424744897959184,6736,303,55.00295616408003,0.7367013795376056,0.3466091553896607,0.6375051315293072,-1.516665033808283
../benchmarks/vggnet16_benchmark2022/segmented_outputs/object/n01601694_water_ouzel.JPEG,n01601694_water_ouzel.JPEG,6.741532876257177,0.09458705357142858,4746,204,14.601735536524735,0.6366095472242319,0.18142139875088034,0.6748265175692572,-1.5261906978251654
../benchmarks/vggnet16_benchmark2022/segmented_outputs/object/n03208938_disk_brake.JPEG,n03208938_disk_brake.JPEG,6.6096137074340255,0.11077008928571429,5558,277,21.894568408798946,0.6823665918924426,0.2342078779165127,0.9202384156528156,-1.529957216527147
../benchmarks/vggnet16_benchmark2022/segmented_outputs/object/n03146219_cuirass.JPEG,n03146219_cuirass.JPEG,6.5487558035076825,0.11991788903061225,6017,305,27.02737297350562,0.6730230148183132,0.3027406335027808,0.8773582672093334,-1.5299970643893523
../benchmarks/vggnet16_benchmark2022/segmented_outputs/object/n02106662_German_shepherd.JPEG,n02106662_German_shepherd.JPEG,6.507988459477493,0.12051578443877552,6047,256,6.960893772104364,0.6076357779458951,0.2017447298745912,0.8056139344273645,-1.531712044455673
../benchmarks/vggnet16_benchmark2022/segmented_outputs/object/n01773549_barn_spider.JPEG,n01773549_barn_spider.JPEG,6.832933785817552,0.09191645408163265,4612,248,5.286712248111196,0.635910801650471,0.1540507545759267,0.870914062935284,-1.5388866743853615
../benchmarks/vggnet16_benchmark2022/segmented_outputs/object/n01494475_hammerhead.JPEG,n01494475_hammerhead.JPEG,6.535651200089175,0.1748644770408163,8774,206,9.36550826972094,0.6199790162075609,0.28577464107930384,0.8903939978984426,-1.558843253065432
../benchmarks/vggnet16_benchmark2022/segmented_outputs/object/n01667114_mud_turtle.JPEG,n01667114_mud_turtle.JPEG,5.8180696359774515,0.18004623724489796,9034,425,27.07114994915581,0.6270130192822121,0.42397546394133967,0.8697793905240816,-1.5775658957919356
../benchmarks/vggnet16_benchmark2022/segmented_outputs/object/n02441942_weasel.JPEG,n02441942_weasel.JPEG,6.934813872233673,0.09648038903061225,4841,225,17.204850838368685,0.6804957786594912,0.20695588138596693,0.901779933165165,-1.593908485596383
../benchmarks/vggnet16_benchmark2022/segmented_outputs/object/n02100877_Irish_setter.JPEG,n02100877_Irish_setter.JPEG,6.270128865003546,0.13243383290816327,6645,550,13.487408241316192,0.6655292036815931,0.34572517943710773,0.924122503728794,-1.603006497553944
../benchmarks/vggnet16_benchmark2022/segmented_outputs/object/n01774750_tarantula.JPEG,n01774750_tarantula.JPEG,5.883328618297238,0.17239317602040816,8650,536,19.337539809841083,0.642612080807649,0.4179325572029212,0.9201147028079777,-1.61513562052436
../benchmarks/vggnet16_benchmark2022/segmented_outputs/object/n01440764_tench.JPEG,n01440764_tench.JPEG,6.953811845167649,0.05833466198979592,2927,469,12.924716024054229,0.7276196386615862,0.2005853996201049,0.8106660642666368,-1.6171179692549724
../benchmarks/vggnet16_benchmark2022/segmented_outputs/object/n01828970_bee_eater.JPEG,n01828970_bee_eater.JPEG,6.627759359374615,0.07826450892857142,3927,526,22.517589143283704,0.7448206046428041,0.2666959815048382,0.8394968348330053,-1.6173208131651542
../benchmarks/vggnet16_benchmark2022/segmented_outputs/object/n03954731_plane.JPEG,n03954731_plane.JPEG,6.617250229340166,0.14668367346938777,7360,278,14.366367170761727,0.6468851785864334,0.30071962357251913,0.9265306898163919,-1.6220246572581054
../benchmarks/vggnet16_benchmark2022/segmented_outputs/object/n01580077_jay.JPEG,n01580077_jay.JPEG,6.939532324302467,0.11118861607142858,5579,301,19.253506001502586,0.7268480782954635,0.24927220026616992,0.9025207319163,-1.6433030351940174
../benchmarks/vggnet16_benchmark2022/segmented_outputs/object/n02965783_car_mirror.JPEG,n02965783_car_mirror.JPEG,7.673251683010544,0.08115433673469388,4072,116,8.163013975388257,0.7294760747374226,0.12676400222185005,0.9482953903697172,-1.6635159553313883
../benchmarks/vggnet16_benchmark2022/segmented_outputs/object/n03538406_horse_cart.JPEG,n03538406_horse_cart.JPEG,5.233170169001648,0.15989716198979592,8023,591,45.64061641486863,0.6706655217740057,0.48264806588117615,0.8069855681839071,-1.6725959934478718
../benchmarks/vggnet16_benchmark2022/segmented_outputs/object/n06359193_web_site.JPEG,n06359193_web_site.JPEG,6.356534544268042,0.1592594068877551,7991,314,17.6236263686144,0.6504374587736093,0.3325186203076385,0.926812919677074,-1.6998761857025986
../benchmarks/vggnet16_benchmark2022/segmented_outputs/object/n02730930_apron.JPEG,n02730930_apron.JPEG,5.724320166744134,0.15983737244897958,8020,638,19.552686661589203,0.6539530735409651,0.4279974337245408,0.8024071210832922,-1.7005433046654428
../benchmarks/vggnet16_benchmark2022/segmented_outputs/object/n04517823_vacuum.JPEG,n04517823_vacuum.JPEG,5.845367838653867,0.14690290178571427,7371,245,48.3618424311,0.6854545494879126,0.36491746996068175,0.8435022006176568,-1.7023936577292837
../benchmarks/vggnet16_benchmark2022/segmented_outputs/object/n01496331_electric_ray.JPEG,n01496331_electric_ray.JPEG,6.908682316160083,0.05805564413265306,2913,592,9.506188117905019,0.7362420604350906,0.2434639560817079,0.9659288641036468,-1.7210439516026528
../benchmarks/vggnet16_benchmark2022/segmented_outputs/object/n03814906_necklace.JPEG,n03814906_necklace.JPEG,6.539440380409075,0.08735251913265306,4383,519,25.94853023492707,0.7682339741738017,0.27822972658658635,0.7045598073203904,-1.722947409402147
../benchmarks/vggnet16_benchmark2022/segmented_outputs/object/n04311174_steel_drum.JPEG,n04311174_steel_drum.JPEG,6.336214390452427,0.10269850127551021,5153,348,40.60905521167776,0.7413305271369514,0.3079420453046219,0.8761718203623565,-1.726004684616687
../benchmarks/vggnet16_benchmark2022/segmented_outputs/object/n02277742_ringlet.JPEG,n02277742_ringlet.JPEG,6.067466271201663,0.13050063775510204,6548,665,17.251259463033538,0.6821907444942337,0.40022304529393415,0.9128341754669218,-1.7302501330381581
../benchmarks/vggnet16_benchmark2022/segmented_outputs/object/n03417042_garbage_truck.JPEG,n03417042_garbage_truck.JPEG,6.188041117854963,0.1637236926020408,8215,16,39.527751015697405,0.6381493542077771,0.3135233413871602,0.8482166346934692,-1.7322607130402352
../benchmarks/vggnet16_benchmark2022/segmented_outputs/object/n01689811_alligator_lizard.JPEG,n01689811_alligator_lizard.JPEG,5.237503135576549,0.22688137755102042,11384,215,41.830828493527775,0.5993749738284309,0.4532386852713336,0.5107005314955209,-1.7379892724032953
../benchmarks/vggnet16_benchmark2022/segmented_outputs/object/n02137549_mongoose.JPEG,n02137549_mongoose.JPEG,6.0235106861735215,0.1826769770408163,9166,315,18.04460718489404,0.6242207136510174,0.3634800177449501,0.880582954733933,-1.7615532929853424
../benchmarks/vggnet16_benchmark2022/segmented_outputs/object/n02894605_breakwater.JPEG,n02894605_breakwater.JPEG,6.294372533455316,0.12258848852040816,6151,508,20.958921850780495,0.7327663632832115,0.3078066054409966,0.7702664122804661,-1.7615930069564216
../benchmarks/vggnet16_benchmark2022/segmented_outputs/object/n04523525_vault.JPEG,n04523525_vault.JPEG,6.765121710683395,0.10293765943877552,5165,196,12.992404872860076,0.670456259190555,0.18097326732728664,0.8692092346241884,-1.7723335675254182
../benchmarks/vggnet16_benchmark2022/segmented_outputs/object/n07836838_chocolate_sauce.JPEG,n07836838_chocolate_sauce.JPEG,5.665879521182848,0.16701211734693877,8380,311,44.18552353814995,0.6597565314385061,0.4225828507732641,0.7163527482701356,-1.7969636760132064
../benchmarks/vggnet16_benchmark2022/segmented_outputs/object/n09468604_valley.JPEG,n09468604_valley.JPEG,6.161236452544026,0.13739636479591838,6894,133,22.675517540692347,0.6444255813180609,0.21586558055093652,0.6704517232081302,-1.8219770587991937
../benchmarks/vggnet16_benchmark2022/segmented_outputs/object/n02106166_Border_collie.JPEG,n02106166_Border_collie.JPEG,6.3706196140195885,0.12820870535714285,6433,358,21.895585433348806,0.6652881758319962,0.33252428941300516,0.9115514454315071,-1.8322604750818894
../benchmarks/vggnet16_benchmark2022/segmented_outputs/object/n02526121_eel.JPEG,n02526121_eel.JPEG,7.4955219194896365,0.06784119897959184,3404,191,13.332041799910996,0.748798313433189,0.15366763951017137,0.8959991192420265,-1.8332976904429756
../benchmarks/vggnet16_benchmark2022/segmented_outputs/object/n04204238_shopping_basket.JPEG,n04204238_shopping_basket.JPEG,6.519552656365103,0.10044642857142858,5040,446,11.656944428013158,0.7177493240790569,0.23176640273014454,0.8662137668889935,-1.862242323026785
../benchmarks/vggnet16_benchmark2022/segmented_outputs/object/n02916936_bulletproof_vest.JPEG,n02916936_bulletproof_vest.JPEG,7.085202415739457,0.09600207270408163,4817,196,5.328981597947092,0.6740831686366956,0.17865117548163256,0.9643829358788854,-1.9048141420535902
../benchmarks/vggnet16_benchmark2022/segmented_outputs/object/n02939185_caldron.JPEG,n02939185_caldron.JPEG,6.164268908635907,0.1104312818877551,5541,481,30.729614746805456,0.7403925518470147,0.32838574581785424,0.7657778774211628,-1.9144844047256098
../benchmarks/vggnet16_benchmark2022/segmented_outputs/object/n02259212_leafhopper.JPEG,n02259212_leafhopper.JPEG,6.5439148504003555,0.060247927295918366,3023,599,9.668745470685199,0.7210443909370226,0.2402162449678975,0.7182836946104697,-1.9395815457658265
../benchmarks/vggnet16_benchmark2022/segmented_outputs/object/n03888605_parallel_bars.JPEG,n03888605_parallel_bars.JPEG,5.139770792126402,0.12691326530612246,6368,836,44.66406384203501,0.722765027166085,0.5199419529169349,0.7685698518300497,-1.9555302275040751
../benchmarks/vggnet16_benchmark2022/segmented_outputs/object/n03344393_fireboat.JPEG,n03344393_fireboat.JPEG,5.78511493101295,0.1706592793367347,8563,220,41.15788525368997,0.6669952276121015,0.3885709330610015,0.6751642975446657,-1.9559336543098864
../benchmarks/vggnet16_benchmark2022/segmented_outputs/object/n02777292_balance_beam.JPEG,n02777292_balance_beam.JPEG,6.621530363028481,0.07973931760204081,4001,325,24.077830081126674,0.7153816863297894,0.24092416142840722,0.9099578410582033,-1.958786258116707
../benchmarks/vggnet16_benchmark2022/segmented_outputs/object/n04209239_shower_curtain.JPEG,n04209239_shower_curtain.JPEG,6.779287843289089,0.10132334183673469,5084,293,13.600832059351456,0.7107538675437557,0.220714663128869,0.7437741257716113,-1.9599116208679348
../benchmarks/vggnet16_benchmark2022/segmented_outputs/object/n03388549_four-poster.JPEG,n03388549_four-poster.JPEG,6.397611297026135,0.1145766900510204,5749,111,36.20326171191049,0.6799183797795602,0.27126284807651146,0.7840575861179192,-1.9635806957017479
../benchmarks/vggnet16_benchmark2022/segmented_outputs/object/n04033901_quill.JPEG,n04033901_quill.JPEG,7.477923205191785,0.061623086734693876,3092,267,6.16848547054977,0.7529950793101897,0.14593540130772142,0.9066484124136329,-1.9661216468357918
../benchmarks/vggnet16_benchmark2022/segmented_outputs/object/n02791124_barber_chair.JPEG,n02791124_barber_chair.JPEG,5.492996620147869,0.1136001275510204,5700,536,50.968934298143864,0.7231067233553798,0.42510157155326245,0.8517442911254383,-1.9688645228021089
../benchmarks/vggnet16_benchmark2022/segmented_outputs/object/n04251144_snorkel.JPEG,n04251144_snorkel.JPEG,5.9187248280411815,0.10989317602040816,5514,763,23.311454398042123,0.7062639835137283,0.44201931834919156,0.9195236297726725,-1.976218869796718
../benchmarks/vggnet16_benchmark2022/segmented_outputs/object/n04483307_trimaran.JPEG,n04483307_trimaran.JPEG,6.467339002565865,0.16340481505102042,8199,112,13.299253325288198,0.613794256527802,0.2900440907146139,0.8895943263323018,-1.9902864919390733
../benchmarks/vggnet16_benchmark2022/segmented_outputs/object/n02105641_Old_English_sheepdog.JPEG,n02105641_Old_English_sheepdog.JPEG,6.434240878698683,0.11443718112244898,5742,332,16.48783369616135,0.6650257636082058,0.28751546343157436,0.9004838271064495,-2.00406652572874
../benchmarks/vggnet16_benchmark2022/segmented_outputs/object/n04254680_soccer_ball.JPEG,n04254680_soccer_ball.JPEG,6.135486135034906,0.16501913265306123,8280,16,36.079040711729846,0.6206047516359693,0.3382508064704002,0.8613040094859817,-2.0067728743888757
../benchmarks/vggnet16_benchmark2022/segmented_outputs/object/n02113799_standard_poodle.JPEG,n02113799_standard_poodle.JPEG,6.1748472242074595,0.14227917729591838,7139,274,27.822025096553,0.6640498592131732,0.3486737093045499,0.8396408652772436,-2.033252954472535
../benchmarks/vggnet16_benchmark2022/segmented_outputs/object/n02097298_Scotch_terrier.JPEG,n02097298_Scotch_terrier.JPEG,6.798277336155662,0.06905691964285714,3465,484,11.221058333642606,0.7240770908952545,0.2510724773182671,0.9577282726319449,-2.035917025410097
../benchmarks/vggnet16_benchmark2022/segmented_outputs/object/n07860988_dough.JPEG,n07860988_dough.JPEG,5.671432358117692,0.14213966836734693,7132,574,34.96047202471286,0.691785858832144,0.4600019829759685,0.696018389664284,-2.0391098098294353
../benchmarks/vggnet16_benchmark2022/segmented_outputs/object/n03187595_dial_telephone.JPEG,n03187595_dial_telephone.JPEG,6.600436883097766,0.11429767219387756,5735,218,24.246104176777397,0.6945619114931662,0.2764849163845222,0.8712880706844319,-2.0501593850126034
../benchmarks/vggnet16_benchmark2022/segmented_outputs/object/n03627232_knot.JPEG,n03627232_knot.JPEG,6.158882199161988,0.14345503826530612,7198,293,27.41521805970698,0.6490136801770598,0.3762844888377368,0.721972208414462,-2.064000691127331
../benchmarks/vggnet16_benchmark2022/segmented_outputs/object/n02177972_weevil.JPEG,n02177972_weevil.JPEG,5.955224809031779,0.1404655612244898,7048,471,27.97378352810263,0.691965646144307,0.4021073828449696,0.7019162316596742,-2.096401892368199
../benchmarks/vggnet16_benchmark2022/segmented_outputs/object/n03127925_crate.JPEG,n03127925_crate.JPEG,6.10268499616825,0.1580436862244898,7930,208,26.268824531676465,0.6609059561222321,0.331278713775556,0.8271318017972997,-2.1042014001521174
../benchmarks/vggnet16_benchmark2022/segmented_outputs/object/n07714990_broccoli.JPEG,n07714990_broccoli.JPEG,5.9716946131592366,0.14213966836734693,7132,613,12.438405085694377,0.6667807597096852,0.41047810643425897,0.9315275863452893,-2.11344796758151
../benchmarks/vggnet16_benchmark2022/segmented_outputs/object/n03759954_microphone.JPEG,n03759954_microphone.JPEG,6.181062330937538,0.1200374681122449,6023,307,37.77976696653357,0.6982514101859156,0.37004223540422065,0.8554839950070681,-2.1189862708498683
../benchmarks/vggnet16_benchmark2022/segmented_outputs/object/n01728572_thunder_snake.JPEG,n01728572_thunder_snake.JPEG,5.581979150253305,0.17948820153061223,9006,487,23.028093079120417,0.6338052692165442,0.45735864280436167,0.8416329290640213,-2.1266977522557853
../benchmarks/vggnet16_benchmark2022/segmented_outputs/object/n03721384_marimba.JPEG,n03721384_marimba.JPEG,5.764915706325867,0.1376155931122449,6905,448,37.227299114211434,0.7086483597968055,0.40583453223053845,0.6976397933324128,-2.1420789713024053
../benchmarks/vggnet16_benchmark2022/segmented_outputs/object/n03796401_moving_van.JPEG,n03796401_moving_van.JPEG,6.472264845533061,0.1114078443877551,5590,343,16.732351990616124,0.7018775805427093,0.2764930557194096,0.8881044386192095,-2.1580275760354404
../benchmarks/vggnet16_benchmark2022/segmented_outputs/object/n04550184_wardrobe.JPEG,n04550184_wardrobe.JPEG,6.038494343808109,0.16206951530612246,8132,96,22.767980094992122,0.6514222937888172,0.25949977585593653,0.7471070777494101,-2.1664282086746316
../benchmarks/vggnet16_benchmark2022/segmented_outputs/object/n04557648_water_bottle.JPEG,n04557648_water_bottle.JPEG,6.090204739425465,0.13938934948979592,6994,186,25.815571104443357,0.6795634475142552,0.27151523577276027,0.6093161373860917,-2.1989150570308795
../benchmarks/vggnet16_benchmark2022/segmented_outputs/object/n07613480_trifle.JPEG,n07613480_trifle.JPEG,6.252907396392008,0.12474091198979592,6259,471,10.576587829248817,0.6972004818602433,0.30836131235528697,0.8586193761755572,-2.205121822222857
../benchmarks/vggnet16_benchmark2022/segmented_outputs/object/n04254120_soap_dispenser.JPEG,n04254120_soap_dispenser.JPEG,6.942410134742474,0.09046157525510204,4539,138,12.185944403488335,0.6790769083472917,0.1976377267165469,0.7663878453424944,-2.23394167609316
../benchmarks/vggnet16_benchmark2022/segmented_outputs/object/n04325704_stole.JPEG,n04325704_stole.JPEG,6.365366040436092,0.1319156568877551,6619,83,17.301277832595364,0.5992119935859777,0.27534866975830474,0.7688000713157371,-2.2469642259942137
../benchmarks/vggnet16_benchmark2022/segmented_outputs/object/n04479046_trench_coat.JPEG,n04479046_trench_coat.JPEG,6.616500231210584,0.10297751913265306,5167,161,18.06865769415012,0.6954433048986998,0.20963476017610294,0.9252227808660998,-2.2609424574771153
../benchmarks/vggnet16_benchmark2022/segmented_outputs/object/n03775546_mixing_bowl.JPEG,n03775546_mixing_bowl.JPEG,6.711733189521013,0.10497050382653061,5267,170,26.45031140542116,0.748936824859071,0.2340124515711566,0.766228745894042,-2.2612562444371007
../benchmarks/vggnet16_benchmark2022/segmented_outputs/object/n01608432_kite.JPEG,n01608432_kite.JPEG,4.95240480056794,0.1546356823979592,7759,511,53.11129263861416,0.6564036802803145,0.5301906349147623,0.7687973218777147,-2.2899888201592735
../benchmarks/vggnet16_benchmark2022/segmented_outputs/object/n01644373_tree_frog.JPEG,n01644373_tree_frog.JPEG,6.685218285360502,0.09755660076530612,4895,376,18.78507115083221,0.7385882144846598,0.29832430644839136,0.8620293801742027,-2.3175684838552106
../benchmarks/vggnet16_benchmark2022/segmented_outputs/object/n04505470_typewriter_keyboard.JPEG,n04505470_typewriter_keyboard.JPEG,5.792758256560253,0.16649394132653061,8354,300,18.03540052178935,0.6007414947531273,0.3867586209981249,0.9404236936860051,-2.325060644098982
../benchmarks/vggnet16_benchmark2022/segmented_outputs/object/n02823750_beer_glass.JPEG,n02823750_beer_glass.JPEG,6.7369830094348915,0.11254384566326531,5647,16,21.02388505666932,0.6864813577926128,0.20285066750396816,0.8730104957731317,-2.3296013912207107
../benchmarks/vggnet16_benchmark2022/segmented_outputs/object/n02124075_Egyptian_cat.JPEG,n02124075_Egyptian_cat.JPEG,7.087843202358611,0.06212133290816327,3117,188,8.341400269710393,0.7108483755938244,0.15023648302782577,0.8741316529885294,-2.3459631684139803
../benchmarks/vggnet16_benchmark2022/segmented_outputs/object/n02092339_Weimaraner.JPEG,n02092339_Weimaraner.JPEG,5.754489962298015,0.1394092793367347,6995,261,45.75654375377485,0.6784343874724669,0.42044649381010446,0.7993596940132086,-2.3589783289943975
../benchmarks/vggnet16_benchmark2022/segmented_outputs/object/n03958227_plastic_bag.JPEG,n03958227_plastic_bag.JPEG,6.986991257460825,0.06821986607142858,3423,328,12.435479884407389,0.7672008754092059,0.19717255147732266,0.803107560504216,-2.3757362658956924
../benchmarks/vggnet16_benchmark2022/segmented_outputs/object/n03761084_microwave.JPEG,n03761084_microwave.JPEG,6.17125634171024,0.12250876913265306,6147,176,40.61734025541989,0.7245133699492418,0.32591473949576455,0.8591714037975735,-2.392027000960016
../benchmarks/vggnet16_benchmark2022/segmented_outputs/object/n02025239_ruddy_turnstone.JPEG,n02025239_ruddy_turnstone.JPEG,6.297927718400825,0.12007732780612244,6025,118,25.907474025577653,0.7015729094552787,0.23248328823654046,0.740843186800233,-2.3978361619495607
../benchmarks/vggnet16_benchmark2022/segmented_outputs/object/n04350905_suit.JPEG,n04350905_suit.JPEG,6.807301652120858,0.05681999362244898,2851,334,14.829219144498637,0.7354726201203325,0.2069818973201678,0.9291558576016121,-2.418151286231518
../benchmarks/vggnet16_benchmark2022/segmented_outputs/object/n04252077_snowmobile.JPEG,n04252077_snowmobile.JPEG,5.840305810258935,0.1387515943877551,6962,287,33.803885397820196,0.6721915423008287,0.38024732793849936,0.8888897316047621,-2.4233802730452547
../benchmarks/vggnet16_benchmark2022/segmented_outputs/object/n02514041_barracouta.JPEG,n02514041_barracouta.JPEG,5.522886995058323,0.11706792091836735,5874,250,51.82795389256846,0.7144504750445007,0.3488968387951136,0.871873429722057,-2.42784727247826
../benchmarks/vggnet16_benchmark2022/segmented_outputs/object/n02108551_Tibetan_mastiff.JPEG,n02108551_Tibetan_mastiff.JPEG,5.841014051290329,0.16075414540816327,8066,211,32.55199879109737,0.638209406670705,0.4077215080805908,0.868476932878753,-2.438272211455279
../benchmarks/vggnet16_benchmark2022/segmented_outputs/object/n03459775_grille.JPEG,n03459775_grille.JPEG,6.271717228094435,0.11256377551020408,5648,298,30.051529216462185,0.7055800159552035,0.34627811998171076,0.8515152297120573,-2.442855103596468
../benchmarks/vggnet16_benchmark2022/segmented_outputs/object/n02817516_bearskin.JPEG,n02817516_bearskin.JPEG,6.121162802396452,0.06606744260204081,3315,834,7.128577268308796,0.7699038084407519,0.31433972665593024,0.9733928083276481,-2.445815031242831
../benchmarks/vggnet16_benchmark2022/segmented_outputs/object/n04141076_sax.JPEG,n04141076_sax.JPEG,5.903181913190413,0.14207987882653061,7129,207,36.975755025434516,0.6785021222844235,0.36980051454556473,0.7274469000888059,-2.452463254647443
../benchmarks/vggnet16_benchmark2022/segmented_outputs/object/n02102480_Sussex_spaniel.JPEG,n02102480_Sussex_spaniel.JPEG,6.374027884581347,0.12135283801020408,6089,323,14.936587521689829,0.6760485476769426,0.3240669842504047,0.9244803749782935,-2.471518713642887
../benchmarks/vggnet16_benchmark2022/segmented_outputs/object/n02869837_bonnet.JPEG,n02869837_bonnet.JPEG,5.8851927384114475,0.10660475127551021,5349,457,34.92704283633,0.7358452533181193,0.37174306308866534,0.8663297544328679,-2.48536584247812
../benchmarks/vggnet16_benchmark2022/segmented_outputs/object/n02086079_Pekinese.JPEG,n02086079_Pekinese.JPEG,6.550852799630345,0.1075015943877551,5394,144,15.387428942702897,0.6786101816481168,0.2273406612352981,0.9340920090116147,-2.4900315019755235
../benchmarks/vggnet16_benchmark2022/segmented_outputs/object/n07745940_strawberry.JPEG,n07745940_strawberry.JPEG,6.3541340940855005,0.11298230229591837,5669,630,5.573170517603087,0.7167771406427239,0.37688507358373197,0.9708417947382327,-2.512510544852433
../benchmarks/vggnet16_benchmark2022/segmented_outputs/object/n02110185_Siberian_husky.JPEG,n02110185_Siberian_husky.JPEG,6.273767760666398,0.12131297831632654,6087,96,31.945272086450473,0.7011942311805341,0.2812103124581692,0.6888164809219859,-2.5585321179635017
../benchmarks/vggnet16_benchmark2022/segmented_outputs/object/n03201208_dining_table.JPEG,n03201208_dining_table.JPEG,6.135310263768057,0.10951450892857142,5495,298,34.407001745288824,0.7098108897492497,0.36194227599466644,0.8062447657030121,-2.5756823508114293
../benchmarks/vggnet16_benchmark2022/segmented_outputs/object/n02105412_kelpie.JPEG,n02105412_kelpie.JPEG,6.789873629845344,0.10666454081632654,5352,215,14.116476697694843,0.7018061103277087,0.28101811675493266,0.9423409023085946,-2.576392679336046
../benchmarks/vggnet16_benchmark2022/segmented_outputs/object/n02099712_Labrador_retriever.JPEG,n02099712_Labrador_retriever.JPEG,6.556945313719375,0.1158920599489796,5815,119,8.21179689509162,0.6567135987476902,0.21520348574382137,0.9651074078379807,-2.5783575763847804
../benchmarks/vggnet16_benchmark2022/segmented_outputs/object/n06874185_traffic_light.JPEG,n06874185_traffic_light.JPEG,5.831344698408219,0.10204081632653061,5120,819,14.247569406217089,0.7318752206530287,0.43500978911290883,0.9406720231638466,-2.585962758667489
../benchmarks/vggnet16_benchmark2022/segmented_outputs/object/n02690373_airliner.JPEG,n02690373_airliner.JPEG,6.32473992361596,0.09755660076530612,4895,223,27.652708088877787,0.7209109487657736,0.2744394822198495,0.7264353059814888,-2.620527629008928
../benchmarks/vggnet16_benchmark2022/segmented_outputs/object/n02111889_Samoyed.JPEG,n02111889_Samoyed.JPEG,5.99767399534575,0.11039142219387756,5539,489,27.722340046402117,0.7217058666317299,0.39801252753458666,0.7331170462545926,-2.624537543138959
../benchmarks/vggnet16_benchmark2022/segmented_outputs/object/n04370456_sweatshirt.JPEG,n04370456_sweatshirt.JPEG,5.667173640109372,0.13380899234693877,6714,416,37.834701339494906,0.7076837851957178,0.4331541496719862,0.8110046223929163,-2.625205669606041
../benchmarks/vggnet16_benchmark2022/segmented_outputs/object/n03924679_photocopier.JPEG,n03924679_photocopier.JPEG,6.017463335208751,0.11079001913265306,5559,146,42.04152671865771,0.7249059672034526,0.3029408916190328,0.8611516571935316,-2.6269176945446766
../benchmarks/vggnet16_benchmark2022/segmented_outputs/object/n11879895_rapeseed.JPEG,n11879895_rapeseed.JPEG,6.930804587439193,0.09363042091836735,4698,178,7.624247185480922,0.7174204848814523,0.20523739690610815,0.9269884174186327,-2.6426895181985066
../benchmarks/vggnet16_benchmark2022/segmented_outputs/object/n04554684_washer.JPEG,n04554684_washer.JPEG,5.727795659840257,0.1490154655612245,7477,16,50.975265810838366,0.6728697182237457,0.3746833358566763,0.7680426459977434,-2.6480628932602754
../benchmarks/vggnet16_benchmark2022/segmented_outputs/object/n03127747_crash_helmet.JPEG,n03127747_crash_helmet.JPEG,6.206867886813697,0.07993861607142858,4011,448,16.78839893014665,0.7345211016421145,0.2656869636290495,0.770221902817454,-2.6521739743320123
../benchmarks/vggnet16_benchmark2022/segmented_outputs/object/n02492035_capuchin.JPEG,n02492035_capuchin.JPEG,6.6968773755918996,0.08645567602040816,4338,189,7.410865663918234,0.6858088143583068,0.1956723966728764,0.9600852188834769,-2.6573200722836194
../benchmarks/vggnet16_benchmark2022/segmented_outputs/object/n01592084_chickadee.JPEG,n01592084_chickadee.JPEG,6.6108692079640505,0.10658482142857142,5348,234,16.88154193659374,0.7131917556269991,0.28324300380968365,0.7546155003141215,-2.6739780420999213
../benchmarks/vggnet16_benchmark2022/segmented_outputs/object/n01770081_harvestman.JPEG,n01770081_harvestman.JPEG,6.661212306595056,0.06538982780612244,3281,278,30.664198610143053,0.8079359058427116,0.23361319328589278,0.7893201004600741,-2.676456583041212
../benchmarks/vggnet16_benchmark2022/segmented_outputs/object/n03259280_Dutch_oven.JPEG,n03259280_Dutch_oven.JPEG,6.501409170658051,0.08902662627551021,4467,386,17.034193895454486,0.7256092278087991,0.31061618761837895,0.9138419345286166,-2.698947050548791
../benchmarks/vggnet16_benchmark2022/segmented_outputs/object/n03956157_planetarium.JPEG,n03956157_planetarium.JPEG,6.233783730015985,0.11138791454081633,5589,255,31.74232406835572,0.7629264408803326,0.29929090829595034,0.8285876426122429,-2.71130116039554
../benchmarks/vggnet16_benchmark2022/segmented_outputs/object/n02950826_cannon.JPEG,n02950826_cannon.JPEG,5.812898110610173,0.1295440051020408,6500,375,31.322106110222798,0.7216590865293115,0.378498809911893,0.6515069327367652,-2.7280154545837365
../benchmarks/vggnet16_benchmark2022/segmented_outputs/object/n02692877_airship.JPEG,n02692877_airship.JPEG,7.095439500766567,0.09610172193877552,4822,16,9.890509553302795,0.7165346688363646,0.17207430428756088,0.8819406171576469,-2.733487696273377
../benchmarks/vggnet16_benchmark2022/segmented_outputs/object/n03467068_guillotine.JPEG,n03467068_guillotine.JPEG,5.956094504218638,0.12151227678571429,6097,168,43.53936577189084,0.7045477757868758,0.37275660011704126,0.8082651462594066,-2.7433972150752624
../benchmarks/vggnet16_benchmark2022/segmented_outputs/object/n04467665_trailer_truck.JPEG,n04467665_trailer_truck.JPEG,6.306538992556339,0.12111367984693877,6077,324,15.619579239167434,0.6909314908816734,0.3394939451266866,0.9282716521929278,-2.7568946037663737
../benchmarks/vggnet16_benchmark2022/segmented_outputs/object/n02328150_Angora.JPEG,n02328150_Angora.JPEG,6.602641441328909,0.10526945153061225,5282,211,14.29815141068534,0.7112671091138039,0.26156898740174894,0.8639692887788708,-2.75704182957495
../benchmarks/vggnet16_benchmark2022/segmented_outputs/object/n02085782_Japanese_spaniel.JPEG,n02085782_Japanese_spaniel.JPEG,6.882059406975108,0.08956473214285714,4494,149,11.123695064324322,0.6933845560219243,0.23916363712091862,0.9568215176336132,-2.7658709833471113
../benchmarks/vggnet16_benchmark2022/segmented_outputs/object/n03272010_electric_guitar.JPEG,n03272010_electric_guitar.JPEG,6.517886135646265,0.06694435586734694,3359,606,11.252556982083325,0.7810151067408468,0.30679861011530424,0.8509119536446867,-2.7665210991716345
../benchmarks/vggnet16_benchmark2022/segmented_outputs/object/n03218198_dogsled.JPEG,n03218198_dogsled.JPEG,5.006694957867824,0.1905094068877551,9559,247,47.26102306765182,0.6410742566311117,0.49393027816659063,0.7097380751978445,-2.767229729854903
../benchmarks/vggnet16_benchmark2022/segmented_outputs/object/n03832673_notebook.JPEG,n03832673_notebook.JPEG,7.064604778957575,0.047751913265306124,2396,117,22.561041168907707,0.764071147689225,0.1769073904918491,0.69091032604867,-2.7796720730577573
../benchmarks/vggnet16_benchmark2022/segmented_outputs/object/n09399592_promontory.JPEG,n09399592_promontory.JPEG,6.204091988352752,0.09925063775510204,4980,169,35.84939829105214,0.739035126558458,0.2870249773905781,0.7817341969076913,-2.788828595062092
../benchmarks/vggnet16_benchmark2022/segmented_outputs/object/n03347037_fire_screen.JPEG,n03347037_fire_screen.JPEG,6.323683691913812,0.11138791454081633,5589,320,22.128704260550204,0.7112806183940111,0.35124599672957557,0.8700732625341198,-2.806197634362431
../benchmarks/vggnet16_benchmark2022/segmented_outputs/object/n03710721_maillot.JPEG,n03710721_maillot.JPEG,6.334830547236421,0.08623644770408163,4327,489,11.146079196103809,0.7240811833092554,0.31702449939605715,0.866690501951771,-2.8384617249485746
../benchmarks/vggnet16_benchmark2022/segmented_outputs/object/n01860187_black_swan.JPEG,n01860187_black_swan.JPEG,6.149979461167092,0.12121332908163265,6082,170,30.36566850035126,0.668186772098336,0.36801624377803055,0.8647275210015138,-2.868972582043629
../benchmarks/vggnet16_benchmark2022/segmented_outputs/object/n04049303_rain_barrel.JPEG,n04049303_rain_barrel.JPEG,6.8066132261901044,0.08693399234693877,4362,180,13.533051056065105,0.7552267833514196,0.20818136062574358,0.8470009646450039,-2.899375662635356
../benchmarks/vggnet16_benchmark2022/segmented_outputs/object/n02134418_sloth_bear.JPEG,n02134418_sloth_bear.JPEG,6.311859296903684,0.1298828125,6517,168,16.679319808764504,0.6796784999558108,0.3061097958243083,0.9275736209568334,-2.8999071874183686
../benchmarks/vggnet16_benchmark2022/segmented_outputs/object/n03394916_French_horn.JPEG,n03394916_French_horn.JPEG,5.498751811882623,0.12685347576530612,6365,225,59.86491888998482,0.753993357721428,0.4252325077763504,0.6838225285721782,-2.913613246465844
../benchmarks/vggnet16_benchmark2022/segmented_outputs/object/n07579787_plate.JPEG,n07579787_plate.JPEG,6.100412005778727,0.10433274872448979,5235,350,27.419644081604375,0.7412972125417259,0.3399995681095589,0.897051040767732,-2.9241379308617717
../benchmarks/vggnet16_benchmark2022/segmented_outputs/object/n02804610_bassoon.JPEG,n02804610_bassoon.JPEG,5.336346877818599,0.15531329719387754,7793,398,37.071677308226285,0.676989011060457,0.4790208799959282,0.8470079568634885,-2.9359348141042827
../benchmarks/vggnet16_benchmark2022/segmented_outputs/object/n04372370_switch.JPEG,n04372370_switch.JPEG,7.007296895838239,0.07738759566326531,3883,16,14.647852445002993,0.7074601299481755,0.19424084240313322,0.8750012941367524,-2.953083499738729
../benchmarks/vggnet16_benchmark2022/segmented_outputs/object/n03355925_flagpole.JPEG,n03355925_flagpole.JPEG,6.605651687093965,0.08669483418367346,4350,288,18.106447811136533,0.7610284885344408,0.2717535075560593,0.86409248799589,-2.9688952675920186
../benchmarks/vggnet16_benchmark2022/segmented_outputs/object/n04209133_shower_cap.JPEG,n04209133_shower_cap.JPEG,6.223220054773619,0.1221500318877551,6129,234,10.206888043297637,0.6812483348970608,0.2788669015424121,0.8862608907081918,-2.9748060820089997
../benchmarks/vggnet16_benchmark2022/segmented_outputs/object/n03642806_laptop.JPEG,n03642806_laptop.JPEG,5.9051447370589205,0.1373565051020408,6892,391,19.042445497505927,0.6839648049558176,0.4057225711079535,0.9178404976427654,-2.9867470176247766
../benchmarks/vggnet16_benchmark2022/segmented_outputs/object/n04584207_wig.JPEG,n04584207_wig.JPEG,5.781353380691833,0.14572704081632654,7312,360,10.178318272055941,0.6681647774718378,0.3434606815165334,0.900840685832264,-3.0102538354495563
../benchmarks/vggnet16_benchmark2022/segmented_outputs/object/n07717556_butternut_squash.JPEG,n07717556_butternut_squash.JPEG,5.735610691564433,0.12067522321428571,6055,662,15.50733274859512,0.7127696812141355,0.45080068206974866,0.8614650234673733,-3.0180309585766403
../benchmarks/vggnet16_benchmark2022/segmented_outputs/object/n03692522_loupe.JPEG,n03692522_loupe.JPEG,7.111641068035123,0.07499601403061225,3763,16,11.693493718661065,0.726504003877423,0.17794986267917728,0.9300227096702095,-3.048892814284832
../benchmarks/vggnet16_benchmark2022/segmented_outputs/object/n03742115_medicine_chest.JPEG,n03742115_medicine_chest.JPEG,6.122632929370528,0.10070551658163265,5053,401,28.68004696327243,0.7549433804329978,0.3781367292695434,0.8607961583191339,-3.0663622776769612
../benchmarks/vggnet16_benchmark2022/segmented_outputs/object/n07695742_pretzel.JPEG,n07695742_pretzel.JPEG,6.257794287083554,0.12639508928571427,6342,254,15.552395049024868,0.6691561795630976,0.36520803223831405,0.8757776721208317,-3.069135548564235
../benchmarks/vggnet16_benchmark2022/segmented_outputs/object/n03697007_lumbermill.JPEG,n03697007_lumbermill.JPEG,5.778341960153588,0.1392498405612245,6987,16,44.914485412763185,0.7146462173421817,0.34013587735223244,0.6440862966546501,-3.124769527259587
../benchmarks/vggnet16_benchmark2022/segmented_outputs/object/n03884397_panpipe.JPEG,n03884397_panpipe.JPEG,6.40579903461062,0.0645328443877551,3238,385,17.86675979058673,0.7592223434234822,0.2774046034461307,0.9484601469542648,-3.1455028478270752
../benchmarks/vggnet16_benchmark2022/segmented_outputs/object/n03868242_oxcart.JPEG,n03868242_oxcart.JPEG,5.844663245499921,0.14494977678571427,7273,199,28.744631954400536,0.6618087454950162,0.4132906775499744,0.7557758627453874,-3.1519327386680684
../benchmarks/vggnet16_benchmark2022/segmented_outputs/object/n03447721_gong.JPEG,n03447721_gong.JPEG,6.68218525982614,0.0498046875,2499,319,6.4527908755096295,0.7253759043754406,0.21458748816182804,0.8421166906336248,-3.155063948788967
../benchmarks/vggnet16_benchmark2022/segmented_outputs/object/n02100735_English_setter.JPEG,n02100735_English_setter.JPEG,6.649224143459409,0.0631576849489796,3169,197,11.76601235616687,0.7296243618117494,0.19863832606544957,0.8724269847039541,-3.166068133756845
../benchmarks/vggnet16_benchmark2022/segmented_outputs/object/n04423845_thimble.JPEG,n04423845_thimble.JPEG,5.462551451698886,0.1669323979591837,8376,223,29.6931584384537,0.6594661627439765,0.4195591823021779,0.7001398287138616,-3.1699734751179434
../benchmarks/vggnet16_benchmark2022/segmented_outputs/object/n01824575_coucal.JPEG,n01824575_coucal.JPEG,4.850630576496269,0.15896045918367346,7976,270,60.45254469231885,0.6804458602818229,0.5248874004580921,0.750967639071008,-3.1708039994394905
../benchmarks/vggnet16_benchmark2022/segmented_outputs/object/n02769748_backpack.JPEG,n02769748_backpack.JPEG,6.559433221008332,0.09755660076530612,4895,110,21.194738426538677,0.7506880222439867,0.24375685710866382,0.9349818945004607,-3.1815914335618842
../benchmarks/vggnet16_benchmark2022/segmented_outputs/object/n02088094_Afghan_hound.JPEG,n02088094_Afghan_hound.JPEG,6.370986260898661,0.0938297193877551,4708,305,11.271304457905183,0.6963349128761114,0.3079675248104704,0.9055034639453585,-3.185762089159623
../benchmarks/vggnet16_benchmark2022/segmented_outputs/object/n07930864_cup.JPEG,n07930864_cup.JPEG,6.396830046810726,0.07961973852040816,3995,443,13.403024603949055,0.773406559919543,0.2965549543362114,0.7931861756703065,-3.186936785169898
../benchmarks/vggnet16_benchmark2022/segmented_outputs/object/n02028035_redshank.JPEG,n02028035_redshank.JPEG,6.889879110637628,0.07473692602040816,3750,235,6.111445462273123,0.7718085433272722,0.20285474242099225,0.8393899072688438,-3.2223842514344225
../benchmarks/vggnet16_benchmark2022/segmented_outputs/object/n01833805_hummingbird.JPEG,n01833805_hummingbird.JPEG,6.222836470675476,0.06407445790816327,3215,503,17.604266618698695,0.7946127421351526,0.2857950334846019,0.9189460926713753,-3.225684105046443
../benchmarks/vggnet16_benchmark2022/segmented_outputs/object/n03095699_container_ship.JPEG,n03095699_container_ship.JPEG,6.401092696839383,0.09600207270408163,4817,238,18.78019155090097,0.7384798135558271,0.2947854317982736,0.8514335449138732,-3.2570698710757258
../benchmarks/vggnet16_benchmark2022/segmented_outputs/object/n03388183_fountain_pen.JPEG,n03388183_fountain_pen.JPEG,6.432828203087153,0.11011240433673469,5525,153,7.958123591774203,0.7031896788550887,0.24246640487564114,0.9705588645871033,-3.2675902522532594
../benchmarks/vggnet16_benchmark2022/segmented_outputs/object/n04344873_studio_couch.JPEG,n04344873_studio_couch.JPEG,6.200135469205156,0.07702885841836735,3865,337,31.485243771745616,0.7689109678207098,0.3428999992491818,0.8412771848247794,-3.28675437885389
../benchmarks/vggnet16_benchmark2022/segmented_outputs/object/n01978287_Dungeness_crab.JPEG,n01978287_Dungeness_crab.JPEG,6.2363646853744665,0.10291772959183673,5164,117,13.535428643663728,0.6897349784550671,0.23556886659905094,0.8844341626354117,-3.3054525489017395
../benchmarks/vggnet16_benchmark2022/segmented_outputs/object/n03017168_chime.JPEG,n03017168_chime.JPEG,6.10480872386662,0.10102439413265306,5069,411,12.04016126104824,0.7187796535993408,0.3385931750822603,0.7817194810284283,-3.3194358914318327
../benchmarks/vggnet16_benchmark2022/segmented_outputs/object/n01560419_bulbul.JPEG,n01560419_bulbul.JPEG,6.192013214878496,0.10086495535714286,5061,374,12.647636104827402,0.7317180958105354,0.3258430377926692,0.8314563194877321,-3.353950750924477
../benchmarks/vggnet16_benchmark2022/segmented_outputs/object/n02085620_Chihuahua.JPEG,n02085620_Chihuahua.JPEG,5.075615006570409,0.14841757015306123,7447,563,26.451212274042447,0.6832597438164394,0.49575857520208655,0.7409652215569846,-3.371439885978408
../benchmarks/vggnet16_benchmark2022/segmented_outputs/object/n03874599_padlock.JPEG,n03874599_padlock.JPEG,5.800903958830126,0.11435746173469388,5738,171,37.31016206268446,0.7076541086227999,0.37334735466214575,0.8729787013961253,-3.380161317989913
../benchmarks/vggnet16_benchmark2022/segmented_outputs/object/n04548280_wall_clock.JPEG,n04548280_wall_clock.JPEG,6.822481953028088,0.05470742984693878,2745,420,10.992570861856423,0.8315646922685307,0.25422593098387514,0.7690780757284379,-3.4111455244562685
../benchmarks/vggnet16_benchmark2022/segmented_outputs/object/n04208210_shovel.JPEG,n04208210_shovel.JPEG,4.999384036236844,0.15336017219387754,7695,587,32.119744345049185,0.7004082954639949,0.5340797037866707,0.8235183208274811,-3.423498012052989
../benchmarks/vggnet16_benchmark2022/segmented_outputs/object/n02086646_Blenheim_spaniel.JPEG,n02086646_Blenheim_spaniel.JPEG,6.18337875677746,0.06859853316326531,3442,476,20.681496420339236,0.7525112387709214,0.36828302388216216,0.8345227273824471,-3.4547772886861883
../benchmarks/vggnet16_benchmark2022/segmented_outputs/object/n02951358_canoe.JPEG,n02951358_canoe.JPEG,5.991886334017548,0.09849330357142858,4942,216,20.568196492195312,0.7058011881532924,0.30007250175611044,0.7244575949287811,-3.4878736122237317
../benchmarks/vggnet16_benchmark2022/segmented_outputs/object/n03250847_drumstick.JPEG,n03250847_drumstick.JPEG,6.032334380926997,0.10118383290816327,5077,198,30.40960345337785,0.7343122521555927,0.3393997388589528,0.5820151840757397,-3.495220433795694
../benchmarks/vggnet16_benchmark2022/segmented_outputs/object/n02892767_brassiere.JPEG,n02892767_brassiere.JPEG,6.473339866562359,0.07093032525510204,3559,464,2.9663338454008885,0.7680941823772063,0.2813026805091905,0.9767376399043485,-3.519787958012141
../benchmarks/vggnet16_benchmark2022/segmented_outputs/object/n03126707_crane.JPEG,n03126707_crane.JPEG,6.391725521954245,0.07230548469387756,3628,260,13.414209060374372,0.7400821313628736,0.2605584505536156,0.9513400480447352,-3.545933235955334
../benchmarks/vggnet16_benchmark2022/segmented_outputs/object/n02504013_Indian_elephant.JPEG,n02504013_Indian_elephant.JPEG,5.492022628718578,0.12976323341836735,6511,97,40.352563615345,0.6831481520683789,0.3806910677202,0.8149209055532531,-3.5483477207580507
../benchmarks/vggnet16_benchmark2022/segmented_outputs/object/n02483708_siamang.JPEG,n02483708_siamang.JPEG,4.8606399425821465,0.17948820153061223,9006,238,51.98260789064533,0.6862637713265791,0.5335731403523085,0.7089296041225548,-3.5674580048443905
../benchmarks/vggnet16_benchmark2022/segmented_outputs/object/n03584254_iPod.JPEG,n03584254_iPod.JPEG,6.435924827196019,0.07130899234693877,3578,423,11.807567748980368,0.7886827098457809,0.2985991830297062,0.9479663858371594,-3.572435254658277
../benchmarks/vggnet16_benchmark2022/segmented_outputs/object/n07684084_French_loaf.JPEG,n07684084_French_loaf.JPEG,7.039412473113861,0.041912468112244895,2103,192,6.535289694421843,0.776135213698923,0.1872493555300416,0.851978195649856,-3.594528421963975
../benchmarks/vggnet16_benchmark2022/segmented_outputs/object/n04070727_refrigerator.JPEG,n04070727_refrigerator.JPEG,6.303027777034631,0.07499601403061225,3763,89,41.71703220413585,0.8123737708901643,0.28004380319490674,0.8078550163644308,-3.6047320774337015
../benchmarks/vggnet16_benchmark2022/segmented_outputs/object/n04347754_submarine.JPEG,n04347754_submarine.JPEG,6.871602321195574,0.08197146045918367,4113,135,4.7869168907969115,0.7312990413335501,0.2453518460111864,0.9353058365835241,-3.6435827145979265
../benchmarks/vggnet16_benchmark2022/segmented_outputs/object/n02094433_Yorkshire_terrier.JPEG,n02094433_Yorkshire_terrier.JPEG,6.072409220478199,0.06808035714285714,3416,355,21.881499398888472,0.7599102677363182,0.3073803089053984,0.9033302185512868,-3.6512866891400737
../benchmarks/vggnet16_benchmark2022/segmented_outputs/object/n02098105_soft-coated_wheaten_terrier.JPEG,n02098105_soft-coated_wheaten_terrier.JPEG,5.991179478816909,0.08629623724489796,4330,163,32.878875448655634,0.719456640765365,0.33871222951411417,0.8293113938548888,-3.6535651402307208
../benchmarks/vggnet16_benchmark2022/segmented_outputs/object/n03532672_hook.JPEG,n03532672_hook.JPEG,7.014901482412689,0.06634646045918367,3329,15,8.879423423808813,0.7465168013027444,0.18394581661181458,0.7934220639483891,-3.6537012512560465
../benchmarks/vggnet16_benchmark2022/segmented_outputs/object/n01531178_goldfinch.JPEG,n01531178_goldfinch.JPEG,6.083653589268097,0.11397879464285714,5719,253,15.029940021053134,0.739277063452042,0.3135063162190368,0.9165990566949461,-3.6652114408723215
../benchmarks/vggnet16_benchmark2022/segmented_outputs/object/n03617480_kimono.JPEG,n03617480_kimono.JPEG,5.725641266743514,0.08681441326530612,4356,488,21.736540068557947,0.7532364729681831,0.37221413363017153,0.9387659725736388,-3.6718900149174383
../benchmarks/vggnet16_benchmark2022/segmented_outputs/object/n02747177_ashcan.JPEG,n02747177_ashcan.JPEG,6.606496253398453,0.05064174107142857,2541,458,7.619983558301951,0.8139084529327444,0.2677734275012187,0.9639836058322802,-3.702010466652184
../benchmarks/vggnet16_benchmark2022/segmented_outputs/object/n07932039_eggnog.JPEG,n07932039_eggnog.JPEG,6.131916037584854,0.10114397321428571,5075,279,14.673464252725807,0.7321511201303041,0.32294284862186146,0.9155065015682027,-3.711246424865795
../benchmarks/vggnet16_benchmark2022/segmented_outputs/object/n02504458_African_elephant.JPEG,n02504458_African_elephant.JPEG,6.031487352946507,0.09002311862244898,4517,287,15.285797575535964,0.7100669318079141,0.3198312915196051,0.8897025977356472,-3.719267984186278
../benchmarks/vggnet16_benchmark2022/segmented_outputs/object/n04044716_radio_telescope.JPEG,n04044716_radio_telescope.JPEG,6.176667147024349,0.11674904336734694,5858,201,11.996370540685728,0.7231975018919272,0.3082884551164353,0.7351145931222193,-3.7292935737670074
../benchmarks/vggnet16_benchmark2022/segmented_outputs/object/n01871265_tusker.JPEG,n01871265_tusker.JPEG,6.225568599935363,0.09919084821428571,4977,210,19.211581408510913,0.7228385483481806,0.3382637497715809,0.9205540177148607,-3.7295320598756136
../benchmarks/vggnet16_benchmark2022/segmented_outputs/object/n03495258_harp.JPEG,n03495258_harp.JPEG,4.73058112230388,0.13464604591836735,6756,665,42.82856969295386,0.7188459906147977,0.5972698611843481,0.6659098508502695,-3.746769275406123
../benchmarks/vggnet16_benchmark2022/segmented_outputs/object/n03895866_passenger_car.JPEG,n03895866_passenger_car.JPEG,6.53137620439682,0.11475605867346939,5758,166,14.383779296453689,0.7106957209419045,0.38241683184074515,0.9446434282875353,-3.82744406631912
../benchmarks/vggnet16_benchmark2022/segmented_outputs/object/n02091032_Italian_greyhound.JPEG,n02091032_Italian_greyhound.JPEG,5.8764789945311,0.09044164540816327,4538,476,16.687472996740787,0.7495568948134009,0.386160014216409,0.8991009906307805,-3.83585305249611
../benchmarks/vggnet16_benchmark2022/segmented_outputs/object/n03445924_golfcart.JPEG,n03445924_golfcart.JPEG,5.2853941073149535,0.1451690051020408,7284,220,39.56867664717113,0.6807359053896047,0.481269822611918,0.8258960695642261,-3.8367639941052225
../benchmarks/vggnet16_benchmark2022/segmented_outputs/object/n03857828_oscilloscope.JPEG,n03857828_oscilloscope.JPEG,6.121829906367209,0.11806441326530612,5924,231,4.339209460164293,0.7182106954525982,0.2878462130259588,0.9022589641400858,-3.852363349798244
../benchmarks/vggnet16_benchmark2022/segmented_outputs/object/n03776460_mobile_home.JPEG,n03776460_mobile_home.JPEG,6.3855678713865345,0.10588727678571429,5313,123,9.52026500509572,0.7487434066479508,0.2510642165930166,0.7479940647802432,-3.8736926571616572
../benchmarks/vggnet16_benchmark2022/segmented_outputs/object/n02493793_spider_monkey.JPEG,n02493793_spider_monkey.JPEG,5.851657912565312,0.12836814413265307,6441,321,10.76996400288671,0.6874470880662921,0.40439313077706507,0.9573839607891592,-3.943073563762896
../benchmarks/vggnet16_benchmark2022/segmented_outputs/object/n04592741_wing.JPEG,n04592741_wing.JPEG,7.290825188784377,0.028021364795918366,1406,181,2.683679364751873,0.820562317905529,0.16722200675109167,0.9711531540816085,-3.953630468342613
../benchmarks/vggnet16_benchmark2022/segmented_outputs/object/n02108915_French_bulldog.JPEG,n02108915_French_bulldog.JPEG,5.690555499335093,0.10267857142857142,5152,258,29.87155115927818,0.7674732508714186,0.3447020426835099,0.9204910377295039,-3.964447346995514
../benchmarks/vggnet16_benchmark2022/segmented_outputs/object/n02791270_barbershop.JPEG,n02791270_barbershop.JPEG,6.181799898556212,0.12577726403061223,6311,200,10.916074304984456,0.70451622297744,0.3695255552920992,0.9596053145966734,-3.974762512313125
../benchmarks/vggnet16_benchmark2022/segmented_outputs/object/n02510455_giant_panda.JPEG,n02510455_giant_panda.JPEG,5.789789214647979,0.11144770408163265,5592,205,28.662658948817597,0.7056399528359638,0.4101044543037099,0.8940475469558875,-4.0125718211634345
../benchmarks/vggnet16_benchmark2022/segmented_outputs/object/n02814533_beach_wagon.JPEG,n02814533_beach_wagon.JPEG,5.7127385045845305,0.11025191326530612,5532,470,16.124634461984986,0.7130387875700264,0.4536608646607361,0.9461923852034582,-4.026090923496328
../benchmarks/vggnet16_benchmark2022/segmented_outputs/object/n03450230_gown.JPEG,n03450230_gown.JPEG,6.303936759040754,0.057716836734693876,2896,368,2.3394156390882643,0.7654607030355793,0.2423115085056729,0.9327644642420351,-4.043584809055844
../benchmarks/vggnet16_benchmark2022/segmented_outputs/object/n02687172_aircraft_carrier.JPEG,n02687172_aircraft_carrier.JPEG,6.849405679182974,0.05377072704081633,2698,148,9.1021524625989,0.7714134410262896,0.2369739858900412,0.8787947509734417,-4.054412495112231
../benchmarks/vggnet16_benchmark2022/segmented_outputs/object/n04540053_volleyball.JPEG,n04540053_volleyball.JPEG,5.691364475004777,0.10841836734693877,5440,357,16.020045481896382,0.7079839132132891,0.39225978407042755,0.7448321060201171,-4.061819578059021
../benchmarks/vggnet16_benchmark2022/segmented_outputs/object/n03691459_loudspeaker.JPEG,n03691459_loudspeaker.JPEG,6.719182278549688,0.049724968112244895,2495,148,3.9078968608514835,0.7458080227632355,0.2043625528884953,0.9811383137479674,-4.082635699686258
../benchmarks/vggnet16_benchmark2022/segmented_outputs/object/n02417914_ibex.JPEG,n02417914_ibex.JPEG,5.297895819779361,0.14134247448979592,7092,120,31.292662370097833,0.6763484216027305,0.4008541641405692,0.745733830831516,-4.09531302750518
../benchmarks/vggnet16_benchmark2022/segmented_outputs/object/n03290653_entertainment_center.JPEG,n03290653_entertainment_center.JPEG,6.428827724408268,0.0829280931122449,4161,199,12.756478878694185,0.7683909828559095,0.2896096339963581,0.8590384131882407,-4.106791696032648
../benchmarks/vggnet16_benchmark2022/segmented_outputs/object/n03887697_paper_towel.JPEG,n03887697_paper_towel.JPEG,5.905267197816338,0.087890625,4410,499,14.027922437028671,0.7475057985644813,0.4208141189252158,0.919572623678572,-4.129181818797435
../benchmarks/vggnet16_benchmark2022/segmented_outputs/object/n02133161_American_black_bear.JPEG,n02133161_American_black_bear.JPEG,5.952875748268495,0.1077407525510204,5406,334,11.167047713348556,0.7115406362694549,0.39301572479629576,0.9616103805817823,-4.14960805561358
../benchmarks/vggnet16_benchmark2022/segmented_outputs/object/n02963159_cardigan.JPEG,n02963159_cardigan.JPEG,5.9195891148626485,0.06726323341836735,3375,209,10.111677979555086,0.6680288566113761,0.28094692132363797,0.8837684295376534,-4.15091758701176
../benchmarks/vggnet16_benchmark2022/segmented_outputs/object/n04136333_sarong.JPEG,n04136333_sarong.JPEG,6.123532258045732,0.07922114158163265,3975,413,11.771336006492636,0.8106629380000123,0.3109852674490249,0.535521750457515,-4.156393971122968
../benchmarks/vggnet16_benchmark2022/segmented_outputs/object/n02113023_Pembroke.JPEG,n02113023_Pembroke.JPEG,6.153703723076616,0.08693399234693877,4362,93,21.91730098440457,0.710324268222168,0.3262302005488173,0.8809094719763197,-4.164462196416574
../benchmarks/vggnet16_benchmark2022/segmented_outputs/object/n07715103_cauliflower.JPEG,n07715103_cauliflower.JPEG,4.3154745585834275,0.14885602678571427,7469,852,32.725642565232555,0.7436689112887337,0.629255861848897,0.6053294396101553,-4.211208149454643
../benchmarks/vggnet16_benchmark2022/segmented_outputs/object/n02276258_admiral.JPEG,n02276258_admiral.JPEG,4.797022703249667,0.13498485331632654,6773,127,57.9803986458863,0.710040361461845,0.48006731988800627,0.80127553455474,-4.23253355821193
../benchmarks/vggnet16_benchmark2022/segmented_outputs/object/n03179701_desk.JPEG,n03179701_desk.JPEG,5.75320128362433,0.08424346301020408,4227,173,46.58913287531087,0.7913535271938386,0.39658298497405264,0.8204239356850014,-4.235955635339323
../benchmarks/vggnet16_benchmark2022/segmented_outputs/object/n02110627_affenpinscher.JPEG,n02110627_affenpinscher.JPEG,5.972326510718522,0.10795998086734694,5417,204,15.070711907893266,0.7422087497204148,0.33058502143268387,0.9573326854304098,-4.253681332321324
../benchmarks/vggnet16_benchmark2022/segmented_outputs/object/n01751748_sea_snake.JPEG,n01751748_sea_snake.JPEG,5.96191511958465,0.05683992346938776,2852,553,13.729561933864067,0.7793799557530935,0.38431932235318356,0.8660669226290906,-4.266637847338384
../benchmarks/vggnet16_benchmark2022/segmented_outputs/object/n09428293_seashore.JPEG,n09428293_seashore.JPEG,7.010870037387252,0.04807079081632653,2412,174,10.159345093456732,0.8281583619630615,0.24211090668407403,0.9316651344264651,-4.277586995743676
../benchmarks/vggnet16_benchmark2022/segmented_outputs/object/n02102040_English_springer.JPEG,n02102040_English_springer.JPEG,5.267193835576494,0.13243383290816327,6645,460,12.736430267657607,0.6917004150523102,0.45295951888026764,0.8428341880741583,-4.2864096903408795
../benchmarks/vggnet16_benchmark2022/segmented_outputs/object/n02408429_water_buffalo.JPEG,n02408429_water_buffalo.JPEG,5.537469729052931,0.1241031568877551,6227,294,24.93796146960356,0.7055507459448427,0.4554860534496042,0.8663064943085111,-4.292689183763546
../benchmarks/vggnet16_benchmark2022/segmented_outputs/object/n02951585_can_opener.JPEG,n02951585_can_opener.JPEG,6.334708962684722,0.07378029336734694,3702,194,6.933481940040543,0.7012680574686357,0.3143085826902008,0.9446979053067079,-4.322098896956433
../benchmarks/vggnet16_benchmark2022/segmented_outputs/object/n04536866_violin.JPEG,n04536866_violin.JPEG,6.17678254755257,0.07372050382653061,3699,192,20.175326492441357,0.7530980153343219,0.3257677727971225,0.9196650883347526,-4.333612374081203
../benchmarks/vggnet16_benchmark2022/segmented_outputs/object/n04149813_scoreboard.JPEG,n04149813_scoreboard.JPEG,6.012832200511521,0.0791812818877551,3973,390,14.157614715269467,0.7572655210451598,0.3778056804349851,0.9351341802365697,-4.342255455601517
../benchmarks/vggnet16_benchmark2022/segmented_outputs/object/n15075141_toilet_tissue.JPEG,n15075141_toilet_tissue.JPEG,6.537465972483784,0.07391980229591837,3709,155,10.471980352835491,0.7891743632128574,0.2587368649331311,0.8354860633376293,-4.350950621727788
../benchmarks/vggnet16_benchmark2022/segmented_outputs/object/n03124043_cowboy_boot.JPEG,n03124043_cowboy_boot.JPEG,5.751597232788001,0.11949936224489796,5996,289,9.002916247816314,0.7006509370275823,0.3874323087071554,0.9669134011599463,-4.401815505681149
../benchmarks/vggnet16_benchmark2022/segmented_outputs/object/n09421951_sandbar.JPEG,n09421951_sandbar.JPEG,6.43619030796466,0.05100047831632653,2559,313,3.630891521664944,0.7964911245333941,0.24265736011503597,0.9015985875931043,-4.410125315806748
../benchmarks/vggnet16_benchmark2022/segmented_outputs/object/n02097658_silky_terrier.JPEG,n02097658_silky_terrier.JPEG,5.836534724669402,0.11148756377551021,5594,229,15.78204717476342,0.733099727009332,0.36751486194565836,0.9548471655153756,-4.429981489062471
../benchmarks/vggnet16_benchmark2022/segmented_outputs/object/n02017213_European_gallinule.JPEG,n02017213_European_gallinule.JPEG,5.033982125283883,0.11168686224489796,5604,654,23.187270062407396,0.7375919848005652,0.5306806834087191,0.920025870903609,-4.440247041443297
../benchmarks/vggnet16_benchmark2022/segmented_outputs/object/n03425413_gas_pump.JPEG,n03425413_gas_pump.JPEG,5.08042012687905,0.14598612882653061,7325,134,35.860325065145005,0.6966761574665874,0.4433256854826703,0.8165492767441602,-4.48188286395554
../benchmarks/vggnet16_benchmark2022/segmented_outputs/object/n04355933_sunglass.JPEG,n04355933_sunglass.JPEG,5.195174578249491,0.09976881377551021,5006,783,18.80747494931215,0.7669186122910323,0.5517671407692083,0.8614515292798579,-4.4893787629594595
../benchmarks/vggnet16_benchmark2022/segmented_outputs/object/n02089078_black-and-tan_coonhound.JPEG,n02089078_black-and-tan_coonhound.JPEG,6.495274129862295,0.03756776147959184,1885,260,7.546052991625816,0.7906168682692771,0.24029937984740732,0.9648850215157865,-4.489727640898935
../benchmarks/vggnet16_benchmark2022/segmented_outputs/object/n03773504_missile.JPEG,n03773504_missile.JPEG,6.474841070442613,0.0498046875,2499,202,8.580402626518648,0.7386902198842088,0.29291523808236647,0.8750801291580518,-4.517503893790345
../benchmarks/vggnet16_benchmark2022/segmented_outputs/object/n04509417_unicycle.JPEG,n04509417_unicycle.JPEG,5.074402861749748,0.1543765943877551,7746,160,39.48664503600956,0.7002112189932284,0.5006060293765534,0.7912066437459618,-4.534152292898187
../benchmarks/vggnet16_benchmark2022/segmented_outputs/object/n03483316_hand_blower.JPEG,n03483316_hand_blower.JPEG,6.244576736654018,0.06297831632653061,3160,147,8.190052109157017,0.7106753591458009,0.28396182377101575,0.9686815810801723,-4.5673935737203895
../benchmarks/vggnet16_benchmark2022/segmented_outputs/object/n03443371_goblet.JPEG,n03443371_goblet.JPEG,5.901586355021935,0.10628587372448979,5333,197,6.038283495985189,0.6948055861445817,0.34274133795574657,0.9711781520005116,-4.577245188414918
../benchmarks/vggnet16_benchmark2022/segmented_outputs/object/n12768682_buckeye.JPEG,n12768682_buckeye.JPEG,5.47324516270171,0.13426737882653061,6737,412,11.911090790656788,0.7065833056552671,0.4780039115238873,0.9420962391207504,-4.581172510937482
../benchmarks/vggnet16_benchmark2022/segmented_outputs/object/n01644900_tailed_frog.JPEG,n01644900_tailed_frog.JPEG,5.434770232202082,0.14923469387755103,7488,220,12.332786017773852,0.6752545879559341,0.4306577196160396,0.9244178521898189,-4.606417701188352
../benchmarks/vggnet16_benchmark2022/segmented_outputs/object/n04399382_teddy.JPEG,n04399382_teddy.JPEG,6.050897657968276,0.09351084183673469,4692,255,10.99429426105766,0.7465553643688402,0.3594887838549782,0.9315350301543868,-4.618877741697957
../benchmarks/vggnet16_benchmark2022/segmented_outputs/object/n03938244_pillow.JPEG,n03938244_pillow.JPEG,6.036051143428834,0.06357621173469388,3190,433,9.18426134914266,0.8014825667147227,0.33410959270394563,0.9596937080678947,-4.639540761875782
../benchmarks/vggnet16_benchmark2022/segmented_outputs/object/n04277352_spindle.JPEG,n04277352_spindle.JPEG,6.623616527284344,0.036431760204081634,1828,118,12.788458169944157,0.8039774773969233,0.2255434714864854,0.8020746554054883,-4.689947958272938
../benchmarks/vggnet16_benchmark2022/segmented_outputs/object/n01986214_hermit_crab.JPEG,n01986214_hermit_crab.JPEG,6.616979109631059,0.04739317602040816,2378,208,5.885129029154216,0.7977344097829143,0.2576774289598731,0.9257957795405811,-4.710007244294543
../benchmarks/vggnet16_benchmark2022/segmented_outputs/object/n03444034_go-kart.JPEG,n03444034_go-kart.JPEG,5.620513404563331,0.11298230229591837,5669,161,23.55233175976963,0.7193075951390199,0.4046291047700595,0.8638444094887071,-4.727326888466488
../benchmarks/vggnet16_benchmark2022/segmented_outputs/object/n03630383_lab_coat.JPEG,n03630383_lab_coat.JPEG,5.111151365098248,0.11324139030612244,5682,365,37.98447297476725,0.7497402282542814,0.5104427492751962,0.800567851422264,-4.74707830173217
../benchmarks/vggnet16_benchmark2022/segmented_outputs/object/n02398521_hippopotamus.JPEG,n02398521_hippopotamus.JPEG,5.80317006750704,0.09125876913265306,4579,162,15.102152191411811,0.7239221974040946,0.3352794624245532,0.8249924407484279,-4.765401884877108
../benchmarks/vggnet16_benchmark2022/segmented_outputs/object/n04162706_seat_belt.JPEG,n04162706_seat_belt.JPEG,5.697837687128167,0.09821428571428571,4928,183,41.505199089871965,0.7807312982059533,0.4653218616038283,0.8398482409780237,-4.7714466614700966
../benchmarks/vggnet16_benchmark2022/segmented_outputs/object/n02480855_gorilla.JPEG,n02480855_gorilla.JPEG,4.861487204189103,0.13954878826530612,7002,161,56.35268089231503,0.7312500502119872,0.5546245866252506,0.728817390849557,-4.776997087443677
../benchmarks/vggnet16_benchmark2022/segmented_outputs/object/n02119022_red_fox.JPEG,n02119022_red_fox.JPEG,5.129540961154393,0.08298788265306123,4164,50,54.5185728750556,0.7774652248295463,0.36794193882472404,0.7642538437206026,-4.786693418453935
../benchmarks/vggnet16_benchmark2022/segmented_outputs/object/n02113712_miniature_poodle.JPEG,n02113712_miniature_poodle.JPEG,5.748588105594201,0.10784040178571429,5411,230,19.2959444190792,0.7490750661326839,0.40188307755192454,0.7822345993361488,-4.794162370640529
../benchmarks/vggnet16_benchmark2022/segmented_outputs/object/n03733131_maypole.JPEG,n03733131_maypole.JPEG,5.091350397401044,0.12326610331632654,6185,433,26.037344683108046,0.7325508393327305,0.5122710484098032,0.8649729538768596,-4.836058051031995
../benchmarks/vggnet16_benchmark2022/segmented_outputs/object/n07615774_ice_lolly.JPEG,n07615774_ice_lolly.JPEG,6.5244946262321655,0.03832509566326531,1923,395,6.0404972313294705,0.8548518394900188,0.2923102636837045,0.9274894039300531,-4.862272526599067
../benchmarks/vggnet16_benchmark2022/segmented_outputs/object/n01704323_triceratops.JPEG,n01704323_triceratops.JPEG,5.9141223275290296,0.07326211734693877,3676,178,22.827036231223254,0.7670679779615608,0.35565248189192716,0.669605399392667,-4.922435499344481
../benchmarks/vggnet16_benchmark2022/segmented_outputs/object/n02708093_analog_clock.JPEG,n02708093_analog_clock.JPEG,5.631870337150426,0.0684390943877551,3434,293,11.433986493211298,0.7456315800330668,0.3144467241934778,0.9573014462867164,-4.9386124586398825
../benchmarks/vggnet16_benchmark2022/segmented_outputs/object/n02948072_candle.JPEG,n02948072_candle.JPEG,5.472467242778103,0.0637954400510204,3201,304,33.73477953724684,0.8165234884697409,0.3664279232141835,0.9126064048739481,-4.9501555096799486
../benchmarks/vggnet16_benchmark2022/segmented_outputs/object/n02094258_Norwich_terrier.JPEG,n02094258_Norwich_terrier.JPEG,5.767018502101408,0.11688855229591837,5865,277,3.1005565053597577,0.7172592575068542,0.39103296447328073,0.9757245906719745,-4.950199612470775
../benchmarks/vggnet16_benchmark2022/segmented_outputs/object/n03240683_drilling_platform.JPEG,n03240683_drilling_platform.JPEG,6.529500005180095,0.031349649234693876,1573,112,9.572717303662639,0.7936586483645677,0.22254923378729025,0.8741014789642064,-4.965156435219612
../benchmarks/vggnet16_benchmark2022/segmented_outputs/object/n02454379_armadillo.JPEG,n02454379_armadillo.JPEG,4.815999843024757,0.11226482780612244,5633,300,39.5952046451059,0.7153770644509136,0.5022724038831738,0.8602456835922057,-4.969997483922197
../benchmarks/vggnet16_benchmark2022/segmented_outputs/object/n04456115_torch.JPEG,n04456115_torch.JPEG,4.661237987600108,0.11519451530612244,5780,538,39.40419147415457,0.7614844858446301,0.5690126911207617,0.8304674757738949,-4.977944570915568
../benchmarks/vggnet16_benchmark2022/segmented_outputs/object/n02906734_broom.JPEG,n02906734_broom.JPEG,6.1879206905827395,0.06210140306122449,3116,162,16.809197601371466,0.7662954107171813,0.33562187545374883,0.8924980637291952,-4.981145496707598
../benchmarks/vggnet16_benchmark2022/segmented_outputs/object/n03255030_dumbbell.JPEG,n03255030_dumbbell.JPEG,4.772816237528912,0.08579799107142858,4305,881,15.1777906543342,0.7792447571476047,0.5434554443923817,0.9318052625324589,-4.999526971246001
../benchmarks/vggnet16_benchmark2022/segmented_outputs/object/n02096177_cairn.JPEG,n02096177_cairn.JPEG,5.1706969480092395,0.12888632015306123,6467,379,17.428332427870714,0.715198509007222,0.488056170420021,0.9171540662059301,-5.022749048951771
../benchmarks/vggnet16_benchmark2022/segmented_outputs/object/n01843065_jacamar.JPEG,n01843065_jacamar.JPEG,6.019684836072846,0.0577766262755102,2899,162,18.49909428443382,0.799223682525517,0.2841110473959819,0.9303343883614135,-5.028486777291683
../benchmarks/vggnet16_benchmark2022/segmented_outputs/object/n03196217_digital_clock.JPEG,n03196217_digital_clock.JPEG,5.97199024653981,0.051857461734693876,2602,182,31.183366899947124,0.841021783678419,0.3266467464104096,0.6247719443564839,-5.082667202353219
../benchmarks/vggnet16_benchmark2022/segmented_outputs/object/n02002556_white_stork.JPEG,n02002556_white_stork.JPEG,5.405841328463849,0.07547433035714286,3787,163,11.826085670409903,0.6860611816279985,0.3096447046454018,0.9301030788567125,-5.131083313510202
../benchmarks/vggnet16_benchmark2022/segmented_outputs/object/n03498962_hatchet.JPEG,n03498962_hatchet.JPEG,5.770500280398026,0.09060108418367346,4546,234,10.192340599587398,0.7169470240985323,0.4004786828886108,0.9451128195448261,-5.206166774645403
../benchmarks/vggnet16_benchmark2022/segmented_outputs/object/n01518878_ostrich.JPEG,n01518878_ostrich.JPEG,6.1674962215653855,0.0576171875,2891,141,14.237966661191138,0.7980741464495431,0.28999934278783046,0.7937047841322418,-5.20659262869574
../benchmarks/vggnet16_benchmark2022/segmented_outputs/object/n01685808_whiptail.JPEG,n01685808_whiptail.JPEG,4.820995809801333,0.146484375,7350,162,32.095697644543854,0.6817234740216904,0.5059816544005853,0.7595890908894987,-5.225461134960323
../benchmarks/vggnet16_benchmark2022/segmented_outputs/object/n03014705_chest.JPEG,n03014705_chest.JPEG,6.150851785463201,0.060845822704081634,3053,246,5.4917000006812176,0.7776695754963048,0.32014939039542334,0.94010417868728,-5.250432453916418
../benchmarks/vggnet16_benchmark2022/segmented_outputs/object/n02480495_orangutan.JPEG,n02480495_orangutan.JPEG,6.1815860754338745,0.04494180484693878,2255,287,3.602680323302269,0.7796459492923544,0.3091837448106309,0.9870646636042584,-5.294440295189049
../benchmarks/vggnet16_benchmark2022/segmented_outputs/object/n03937543_pill_bottle.JPEG,n03937543_pill_bottle.JPEG,5.612945285843773,0.10349569515306123,5193,122,17.223163550424967,0.752185906079242,0.3588106143509689,0.8384630865832341,-5.294578822415495
../benchmarks/vggnet16_benchmark2022/segmented_outputs/object/n02037110_oystercatcher.JPEG,n02037110_oystercatcher.JPEG,5.739158906457629,0.027323820153061226,1371,238,3.542247016150573,0.6942049098129186,0.27887836661676674,0.7471590143009893,-5.362336518027394
../benchmarks/vggnet16_benchmark2022/segmented_outputs/object/n03903868_pedestal.JPEG,n03903868_pedestal.JPEG,6.167025012560188,0.06955516581632654,3490,194,5.004060731817675,0.7808790019125211,0.32248722129903606,0.9252122779666614,-5.403326811618596
../benchmarks/vggnet16_benchmark2022/segmented_outputs/object/n02091134_whippet.JPEG,n02091134_whippet.JPEG,6.216948621368536,0.07479671556122448,3753,100,4.2869732711754605,0.7627747738240208,0.30329246478356603,0.8670972082865464,-5.4199489243440775
../benchmarks/vggnet16_benchmark2022/segmented_outputs/object/n12985857_coral_fungus.JPEG,n12985857_coral_fungus.JPEG,5.017145270761141,0.09809470663265306,4922,679,12.932086910906289,0.7588532092301769,0.5508604865768817,0.8407672773351258,-5.420542621812807
../benchmarks/vggnet16_benchmark2022/segmented_outputs/object/n04228054_ski.JPEG,n04228054_ski.JPEG,6.693037809592043,0.027642697704081634,1387,225,2.9462980230220714,0.8724441378367761,0.23670366585464275,0.8989116608539833,-5.434769639156784
../benchmarks/vggnet16_benchmark2022/segmented_outputs/object/n07747607_orange.JPEG,n07747607_orange.JPEG,5.427605743161685,0.08472177933673469,4251,548,10.060931763237903,0.7868376865470071,0.46824498378040585,0.9258795850722032,-5.434885496181078
../benchmarks/vggnet16_benchmark2022/segmented_outputs/object/n02236044_mantis.JPEG,n02236044_mantis.JPEG,4.957568587881247,0.11658960459183673,5850,429,23.079496607617145,0.7406149469662857,0.5270181088383334,0.8073381838189269,-5.447388418387156
../benchmarks/vggnet16_benchmark2022/segmented_outputs/object/n02105855_Shetland_sheepdog.JPEG,n02105855_Shetland_sheepdog.JPEG,5.459471928555091,0.09677933673469388,4856,95,13.454926734917407,0.6817230260064814,0.38421668542255377,0.9015537098082234,-5.51167209401875
../benchmarks/vggnet16_benchmark2022/segmented_outputs/object/n01740131_night_snake.JPEG,n01740131_night_snake.JPEG,5.011438603109447,0.13169642857142858,6608,303,24.70954427621868,0.7161934184683472,0.5387769657480911,0.8602662153029355,-5.520198784914887
../benchmarks/vggnet16_benchmark2022/segmented_outputs/object/n02981792_catamaran.JPEG,n02981792_catamaran.JPEG,5.957270300366752,0.06572863520408163,3298,267,15.950288909983989,0.8486271584704901,0.34651241157714907,0.7682566329732958,-5.552925016184574
../benchmarks/vggnet16_benchmark2022/segmented_outputs/object/n04579145_whiskey_jug.JPEG,n04579145_whiskey_jug.JPEG,6.328772756405012,0.038185586734693876,1916,220,7.271508139178299,0.8383304810953968,0.2900475521290766,0.9373566263489674,-5.64641919964341
../benchmarks/vggnet16_benchmark2022/segmented_outputs/object/n03109150_corkscrew.JPEG,n03109150_corkscrew.JPEG,6.13370973154778,0.07386001275510204,3706,199,9.883968607388644,0.7923347134051222,0.3823697703770801,0.7559226203033073,-5.657585932799003
../benchmarks/vggnet16_benchmark2022/segmented_outputs/object/n02013706_limpkin.JPEG,n02013706_limpkin.JPEG,4.808570201259567,0.13725685586734693,6887,385,17.296933406775466,0.6976785237715146,0.5528582779774875,0.9054398077499496,-5.675879953703361
../benchmarks/vggnet16_benchmark2022/segmented_outputs/object/n02120079_Arctic_fox.JPEG,n02120079_Arctic_fox.JPEG,5.854326648280027,0.08603714923469388,4317,117,11.814655058847617,0.7314957241812496,0.40068564270991935,0.9345829990474595,-5.717197306842451
../benchmarks/vggnet16_benchmark2022/segmented_outputs/object/n03337140_file.JPEG,n03337140_file.JPEG,5.7375178209086855,0.043626434948979595,2189,299,8.819091700158774,0.7984539901388188,0.32063412534300706,0.8941405367361415,-5.761629991312995
../benchmarks/vggnet16_benchmark2022/segmented_outputs/object/n02114855_coyote.JPEG,n02114855_coyote.JPEG,4.992626158164562,0.14357461734693877,7204,199,11.090173976068455,0.6822858983388593,0.48554849631304575,0.9043305492828003,-5.859286471993036
../benchmarks/vggnet16_benchmark2022/segmented_outputs/object/n02927161_butcher_shop.JPEG,n02927161_butcher_shop.JPEG,5.054757108610319,0.10423309948979592,5230,386,24.638577090434328,0.771856420616477,0.5263631332700741,0.8985670826918057,-5.8645517269444944
../benchmarks/vggnet16_benchmark2022/segmented_outputs/object/n03970156_plunger.JPEG,n03970156_plunger.JPEG,5.509051073980297,0.09327168367346939,4680,101,22.591572169372295,0.7572441988920846,0.42312840092571724,0.7784787500071773,-5.9120823068370765
../benchmarks/vggnet16_benchmark2022/segmented_outputs/object/n01774384_black_widow.JPEG,n01774384_black_widow.JPEG,6.254507622423424,0.036810427295918366,1847,146,10.511484323237397,0.8440845156904071,0.2861673915486912,0.5477624396130993,-5.9244820071321165
../benchmarks/vggnet16_benchmark2022/segmented_outputs/object/n02093991_Irish_terrier.JPEG,n02093991_Irish_terrier.JPEG,5.6120776477041785,0.08111447704081633,4070,84,24.858408629509718,0.7828228471856036,0.39721566775464423,0.6808285238857044,-5.926628228152461
../benchmarks/vggnet16_benchmark2022/segmented_outputs/object/n03764736_milk_can.JPEG,n03764736_milk_can.JPEG,5.256390332921925,0.10387436224489796,5212,16,13.32219722999689,0.6889155785176047,0.37087972197471897,0.9231748585216184,-5.96245871195411
../benchmarks/vggnet16_benchmark2022/segmented_outputs/object/n03804744_nail.JPEG,n03804744_nail.JPEG,5.3692903419896485,0.09689891581632654,4862,16,27.853068967317185,0.7304815930347872,0.4323324896377003,0.7552018531693165,-5.972268727195129
../benchmarks/vggnet16_benchmark2022/segmented_outputs/object/n02229544_cricket.JPEG,n02229544_cricket.JPEG,6.073072017522248,0.06277901785714286,3150,79,3.7555243955499753,0.7732590068755082,0.3069850716033913,0.9217172095955302,-6.000326189672121
../benchmarks/vggnet16_benchmark2022/segmented_outputs/object/n01491361_tiger_shark.JPEG,n01491361_tiger_shark.JPEG,6.128247558745617,0.0390625,1960,123,11.207792753980454,0.8175118834329188,0.3120940233193533,0.684874116934215,-6.089938921936945
../benchmarks/vggnet16_benchmark2022/segmented_outputs/object/n03935335_piggy_bank.JPEG,n03935335_piggy_bank.JPEG,5.046347819204081,0.08850845025510204,4441,574,10.665156959257622,0.7852349574488673,0.528776089743395,0.8443710494306922,-6.148118574184108
../benchmarks/vggnet16_benchmark2022/segmented_outputs/object/n03770439_miniskirt.JPEG,n03770439_miniskirt.JPEG,5.363799560059943,0.10078523596938775,5057,109,18.034352058592738,0.7631031166889846,0.4158035417224891,0.8361617062062705,-6.177047516583218
../benchmarks/vggnet16_benchmark2022/segmented_outputs/object/n02106550_Rottweiler.JPEG,n02106550_Rottweiler.JPEG,4.896614345706418,0.10833864795918367,5436,260,22.802994377814436,0.7470124784721304,0.49419194761950225,0.6177661887243001,-6.191546347596574
../benchmarks/vggnet16_benchmark2022/segmented_outputs/object/n04118776_rule.JPEG,n04118776_rule.JPEG,6.2227217467135,0.03176817602040816,1594,138,4.957015166355849,0.8102331676563128,0.3023175898494026,0.8395709336419059,-6.211608344359202
../benchmarks/vggnet16_benchmark2022/segmented_outputs/object/n03840681_ocarina.JPEG,n03840681_ocarina.JPEG,5.385343710862282,0.0856186224489796,4296,87,20.96998170444369,0.7599519017012069,0.4158370273224123,0.8544857652114435,-6.284002071649219
../benchmarks/vggnet16_benchmark2022/segmented_outputs/object/n04612504_yawl.JPEG,n04612504_yawl.JPEG,5.923417992365097,0.05000398596938776,2509,133,11.708102315288901,0.8348145733033006,0.3183953622072034,0.8188006583566986,-6.299661863386097
../benchmarks/vggnet16_benchmark2022/segmented_outputs/object/n03777754_modem.JPEG,n03777754_modem.JPEG,4.628164634357791,0.10534917091836735,5286,602,10.368211157639621,0.7471554713547499,0.5740911719659044,0.9277435477739601,-6.340397016630815
../benchmarks/vggnet16_benchmark2022/segmented_outputs/object/n02134084_ice_bear.JPEG,n02134084_ice_bear.JPEG,4.989675975066102,0.09404894770408163,4719,103,28.409309561830895,0.7447896606682138,0.4612158612493308,0.8841963926531959,-6.40091426665319
../benchmarks/vggnet16_benchmark2022/segmented_outputs/object/n04131690_saltshaker.JPEG,n04131690_saltshaker.JPEG,6.221239389161029,0.03639190051020408,1826,103,9.797479462641839,0.8570744315032148,0.300200820743005,0.9115683368180743,-6.411314802442792
../benchmarks/vggnet16_benchmark2022/segmented_outputs/object/n01983481_American_lobster.JPEG,n01983481_American_lobster.JPEG,5.995374287044885,0.05357142857142857,2688,133,12.153299684210007,0.82488595791706,0.37620035612403935,0.9366100876340038,-6.5032413800771
../benchmarks/vggnet16_benchmark2022/segmented_outputs/object/n07754684_jackfruit.JPEG,n07754684_jackfruit.JPEG,4.623402447611994,0.08597735969387756,4314,545,20.389118403331864,0.7829641705623892,0.5577460027503942,0.8627861296842164,-6.509975957822959
../benchmarks/vggnet16_benchmark2022/segmented_outputs/object/n02776631_bakery.JPEG,n02776631_bakery.JPEG,5.537286772018057,0.07366071428571429,3696,221,13.906534629029025,0.7988606392637607,0.43266380387134995,0.9155690578609907,-6.51096853802934
../benchmarks/vggnet16_benchmark2022/segmented_outputs/object/n04239074_sliding_door.JPEG,n04239074_sliding_door.JPEG,4.285005501015247,0.1506297831632653,7558,118,42.71840481921429,0.7299658258995807,0.5947104483149912,0.6654024611998014,-6.521439114832109
../benchmarks/vggnet16_benchmark2022/segmented_outputs/object/n03729826_matchstick.JPEG,n03729826_matchstick.JPEG,5.79271102066134,0.0545280612244898,2736,286,7.932819980881808,0.8114386039048824,0.42139874454381876,0.9593109185736961,-6.52724603134675
../benchmarks/vggnet16_benchmark2022/segmented_outputs/object/n03908618_pencil_box.JPEG,n03908618_pencil_box.JPEG,4.904839743039813,0.07639110331632654,3833,569,10.32994663898875,0.780520115573016,0.5338152352571913,0.9519249996538148,-6.5324332482288945
../benchmarks/vggnet16_benchmark2022/segmented_outputs/object/n01945685_slug.JPEG,n01945685_slug.JPEG,5.635370442324296,0.06132413903061224,3077,96,5.406299135967847,0.776623602362738,0.32304625424113087,0.9152243903443783,-6.537922156928546
../benchmarks/vggnet16_benchmark2022/segmented_outputs/object/n01558993_robin.JPEG,n01558993_robin.JPEG,5.449902598941783,0.06853874362244898,3439,118,11.51869269714053,0.787003462928946,0.35412272643706943,0.8943755655762853,-6.562521390207528
../benchmarks/vggnet16_benchmark2022/segmented_outputs/object/n03803284_muzzle.JPEG,n03803284_muzzle.JPEG,5.44239926246382,0.08858816964285714,4445,164,4.392118884589758,0.7657571015968176,0.39109616427134086,0.9290388761530232,-6.571445621014716
../benchmarks/vggnet16_benchmark2022/segmented_outputs/object/n03944341_pinwheel.JPEG,n03944341_pinwheel.JPEG,5.7414484530665835,0.03218670280612245,1615,262,13.899716029988493,0.8696962891483997,0.3513851603041608,0.9365509264795806,-6.635775742466822
../benchmarks/vggnet16_benchmark2022/segmented_outputs/object/n02802426_basketball.JPEG,n02802426_basketball.JPEG,5.333940020787329,0.06893734056122448,3459,247,16.424200902219336,0.801942927335945,0.4398837504622135,0.9113409862318358,-6.6575579404582825
../benchmarks/vggnet16_benchmark2022/segmented_outputs/object/n03908714_pencil_sharpener.JPEG,n03908714_pencil_sharpener.JPEG,5.496419429017405,0.06435347576530612,3229,16,18.54770159798203,0.7851823140239778,0.361256730889736,0.9406827346824849,-6.680032360982057
../benchmarks/vggnet16_benchmark2022/segmented_outputs/object/n04591157_Windsor_tie.JPEG,n04591157_Windsor_tie.JPEG,5.417699287827585,0.052056760204081634,2612,352,6.314487445559345,0.8204014611787369,0.3953633479775037,0.9623869167239807,-6.683886699454146
../benchmarks/vggnet16_benchmark2022/segmented_outputs/object/n03623198_knee_pad.JPEG,n03623198_knee_pad.JPEG,5.081465004759004,0.0869140625,4361,92,30.338164529426038,0.7807356862716255,0.47219225621379546,0.7880845218260557,-6.718526314501745
../benchmarks/vggnet16_benchmark2022/segmented_outputs/object/n07584110_consomme.JPEG,n07584110_consomme.JPEG,5.831038912134019,0.06263950892857142,3143,131,10.05340396288174,0.8254394782770111,0.3841418039621701,0.8886581398536654,-6.756672203872914
../benchmarks/vggnet16_benchmark2022/segmented_outputs/object/n04153751_screw.JPEG,n04153751_screw.JPEG,5.68421370558354,0.06814014668367346,3419,222,6.8820615584663045,0.7985015128178541,0.4320924636644834,0.8289974697064171,-6.774101338057202
../benchmarks/vggnet16_benchmark2022/segmented_outputs/object/n03602883_joystick.JPEG,n03602883_joystick.JPEG,5.969363446951011,0.03810586734693878,1912,214,10.010694754905575,0.8555701444156004,0.37867298238407787,0.9360269585799796,-6.7872240193918225
../benchmarks/vggnet16_benchmark2022/segmented_outputs/object/n02666196_abacus.JPEG,n02666196_abacus.JPEG,5.509321267513757,0.07264429209183673,3645,398,4.753439637698373,0.7857165157016641,0.5182739632673967,0.9411033391739382,-6.824297257649044
../benchmarks/vggnet16_benchmark2022/segmented_outputs/object/n03733805_measuring_cup.JPEG,n03733805_measuring_cup.JPEG,4.18991849437133,0.134765625,6762,282,31.80327480847292,0.7541473423053144,0.5910717786119825,0.7895632110457782,-6.896004744210218
../benchmarks/vggnet16_benchmark2022/segmented_outputs/object/n03445777_golf_ball.JPEG,n03445777_golf_ball.JPEG,6.247128704979852,0.047971141581632654,2407,164,2.889784380760551,0.8410018140568976,0.4004821751623908,0.9339392932847272,-6.956083399543252
../benchmarks/vggnet16_benchmark2022/segmented_outputs/object/n04254777_sock.JPEG,n04254777_sock.JPEG,4.8311081437765315,0.08609693877551021,4320,120,30.35163854515823,0.7774198754534261,0.48426695309121875,0.8746925513752903,-6.9745754691825015
../benchmarks/vggnet16_benchmark2022/segmented_outputs/object/n03792782_mountain_bike.JPEG,n03792782_mountain_bike.JPEG,5.952403856472629,0.0205875318877551,1033,107,7.647496466876453,0.8309362145525181,0.32437929924046816,0.9662816779985128,-7.030794042060895
../benchmarks/vggnet16_benchmark2022/segmented_outputs/object/n04553703_washbasin.JPEG,n04553703_washbasin.JPEG,5.517729654631327,0.05646125637755102,2833,77,15.974295873011947,0.8445563846667289,0.35399802110704304,0.945184145267076,-7.0687136437548554
../benchmarks/vggnet16_benchmark2022/segmented_outputs/object/n07892512_red_wine.JPEG,n07892512_red_wine.JPEG,4.868094889289452,0.11983816964285714,6013,132,17.580977198226243,0.74476767573495,0.5194306300839531,0.935417938486417,-7.073428624437019
../benchmarks/vggnet16_benchmark2022/segmented_outputs/object/n02823428_beer_bottle.JPEG,n02823428_beer_bottle.JPEG,5.628890412548197,0.046177455357142856,2317,194,9.769989473395453,0.8508878256837893,0.3816623280394602,0.9092547163910465,-7.165877285523915
../benchmarks/vggnet16_benchmark2022/segmented_outputs/object/n04023962_punching_bag.JPEG,n04023962_punching_bag.JPEG,5.869564304319248,0.033302774234693876,1671,333,2.698167558453984,0.8679883374748134,0.40783104367512846,0.9761423024563195,-7.171031779713338
../benchmarks/vggnet16_benchmark2022/segmented_outputs/object/n03992509_potter's_wheel.JPEG,n03992509_potter's_wheel.JPEG,5.270235726884655,0.10074537627551021,5055,16,12.09929786271141,0.7499996681511366,0.45280312867675987,0.959974255223421,-7.189620025439191
../benchmarks/vggnet16_benchmark2022/segmented_outputs/object/n03041632_cleaver.JPEG,n03041632_cleaver.JPEG,4.457736813590923,0.09339126275510204,4686,308,32.68093668390529,0.7835940178949617,0.5891766001701273,0.8709622305597977,-7.235032822081665
../benchmarks/vggnet16_benchmark2022/segmented_outputs/object/n01930112_nematode.JPEG,n01930112_nematode.JPEG,5.546407754248279,0.04848931760204082,2433,343,5.072928997162288,0.8422780387920359,0.4470128726947947,0.6727498953076569,-7.263862332963987
../benchmarks/vggnet16_benchmark2022/segmented_outputs/object/n04389033_tank.JPEG,n04389033_tank.JPEG,4.927919020067233,0.09470663265306123,4752,249,13.547207639759957,0.7769136721979741,0.5150400069273003,0.961017049647218,-7.294890107845214
../benchmarks/vggnet16_benchmark2022/segmented_outputs/object/n02669723_academic_gown.JPEG,n02669723_academic_gown.JPEG,4.809711375909042,0.07172751913265306,3599,317,13.653822520647987,0.795908986152027,0.47421383320608346,0.9628744635209094,-7.305024561985845
../benchmarks/vggnet16_benchmark2022/segmented_outputs/object/n04542943_waffle_iron.JPEG,n04542943_waffle_iron.JPEG,5.158939905661155,0.06465242346938775,3244,327,11.894510349233943,0.8184209784159313,0.4919517231487822,0.8656884445658745,-7.357648755550554
../benchmarks/vggnet16_benchmark2022/segmented_outputs/object/n07753113_fig.JPEG,n07753113_fig.JPEG,5.274042007574852,0.059669961734693876,2994,232,16.833412602054413,0.8274387621237363,0.4780860953061355,0.9422215583324531,-7.410991795371793
../benchmarks/vggnet16_benchmark2022/segmented_outputs/object/n06794110_street_sign.JPEG,n06794110_street_sign.JPEG,4.205745802927401,0.13255341198979592,6651,123,33.32570744503421,0.7296756402403143,0.6114717240831932,0.7215234030338631,-7.479758584652615
../benchmarks/vggnet16_benchmark2022/segmented_outputs/object/n03933933_pier.JPEG,n03933933_pier.JPEG,5.210084807530357,0.06337691326530612,3180,128,8.667762466746094,0.7907230494947433,0.4128327445887441,0.9154032895034304,-7.516803418074664
../benchmarks/vggnet16_benchmark2022/segmented_outputs/object/n04366367_suspension_bridge.JPEG,n04366367_suspension_bridge.JPEG,4.781196411458983,0.06913663903061225,3469,147,24.915516512959453,0.8089352546653958,0.47097953578580853,0.9401628566184139,-7.604494181947197
../benchmarks/vggnet16_benchmark2022/segmented_outputs/object/n04317175_stethoscope.JPEG,n04317175_stethoscope.JPEG,5.535386594779631,0.04438376913265306,2227,245,4.299509952088647,0.8568249208521284,0.40701022284912003,0.8629799222318137,-7.615806273960687
../benchmarks/vggnet16_benchmark2022/segmented_outputs/object/n03141823_crutch.JPEG,n03141823_crutch.JPEG,4.7065209781206585,0.09217554209183673,4625,50,25.978242786872503,0.7753621677732505,0.4917705025854323,0.8096449605929934,-7.616041430990546
../benchmarks/vggnet16_benchmark2022/segmented_outputs/object/n07720875_bell_pepper.JPEG,n07720875_bell_pepper.JPEG,5.321450528708388,0.04436383928571429,2226,408,7.368174568005033,0.8958924731302442,0.4461079943990873,0.9015064090930627,-7.621072804403139
../benchmarks/vggnet16_benchmark2022/segmented_outputs/object/n06785654_crossword_puzzle.JPEG,n06785654_crossword_puzzle.JPEG,5.692579301589499,0.04583864795918367,2300,281,9.189209928304496,0.8355485853601823,0.5173073229375724,0.8867749585462434,-7.666569784393396
../benchmarks/vggnet16_benchmark2022/segmented_outputs/object/n02437312_Arabian_camel.JPEG,n02437312_Arabian_camel.JPEG,5.1137978647178866,0.07403938137755102,3715,272,9.867391713487272,0.8369062198165266,0.484000727876546,0.8014252969664268,-7.7151918546675375
../benchmarks/vggnet16_benchmark2022/segmented_outputs/object/n04552348_warplane.JPEG,n04552348_warplane.JPEG,6.185786343097755,0.01638233418367347,822,66,3.1245662349004997,0.9114478646625581,0.30276019689328737,0.8446956418450631,-7.722901076010114
../benchmarks/vggnet16_benchmark2022/segmented_outputs/object/n01770393_scorpion.JPEG,n01770393_scorpion.JPEG,4.676170327402614,0.05707908163265306,2864,229,35.26689683037829,0.8359006684691813,0.5392286656594338,0.8378062954160712,-7.745499515188634
../benchmarks/vggnet16_benchmark2022/segmented_outputs/object/n02364673_guinea_pig.JPEG,n02364673_guinea_pig.JPEG,5.515835156903176,0.028599330357142856,1435,233,4.8297720378181275,0.8337992659578484,0.4142781481687408,0.9783870101542851,-7.757715952613742
../benchmarks/vggnet16_benchmark2022/segmented_outputs/object/n01532829_house_finch.JPEG,n01532829_house_finch.JPEG,5.703637388797214,0.035455197704081634,1779,93,8.263799887996718,0.8916838240006594,0.3401829795256809,0.9247052800531945,-7.765603748378407
../benchmarks/vggnet16_benchmark2022/segmented_outputs/object/n04019541_puck.JPEG,n04019541_puck.JPEG,5.268359837555217,0.04982461734693878,2500,220,3.6081430792131917,0.8398660541406797,0.3958000322900509,0.8328160513777336,-7.779188696962448
../benchmarks/vggnet16_benchmark2022/segmented_outputs/object/n01614925_bald_eagle.JPEG,n01614925_bald_eagle.JPEG,5.720282981192588,0.036790497448979595,1846,171,5.413322385377329,0.858145502149641,0.40734424174895145,0.955769078045414,-7.780179458779697
../benchmarks/vggnet16_benchmark2022/segmented_outputs/object/n04532670_viaduct.JPEG,n04532670_viaduct.JPEG,5.386558561794,0.05259486607142857,2639,16,11.89937738468539,0.8087183822125255,0.39774653307478525,0.9511403389771863,-7.808661219653016
../benchmarks/vggnet16_benchmark2022/segmented_outputs/object/n03461385_grocery_store.JPEG,n03461385_grocery_store.JPEG,4.3525549077443255,0.10604671556122448,5321,330,19.433292536452107,0.7767328200981678,0.6180398833188958,0.8489187452104165,-7.952545311619583
../benchmarks/vggnet16_benchmark2022/segmented_outputs/object/n02783161_ballpoint.JPEG,n02783161_ballpoint.JPEG,5.629788292108563,0.029356664540816327,1473,283,5.106012752578193,0.861235197923794,0.47453976102235734,0.9571855146715604,-8.067114556261942
../benchmarks/vggnet16_benchmark2022/segmented_outputs/object/n03825788_nipple.JPEG,n03825788_nipple.JPEG,5.533405092198743,0.01602359693877551,804,329,3.1162715606044555,0.8947463512923617,0.41649016206522915,0.9860168387071548,-8.105709916250103
../benchmarks/vggnet16_benchmark2022/segmented_outputs/object/n02107142_Doberman.JPEG,n02107142_Doberman.JPEG,5.0027757046219365,0.05307318239795918,2663,108,8.430426885829473,0.8077645519646346,0.41128703350376894,0.6996998052182479,-8.14227704735189
../benchmarks/vggnet16_benchmark2022/segmented_outputs/object/n02808440_bathtub.JPEG,n02808440_bathtub.JPEG,5.745839761267489,0.03300382653061224,1656,87,3.1449515867131606,0.8707041533918572,0.3956521366120971,0.8834797626510442,-8.30394845376118
../benchmarks/vggnet16_benchmark2022/segmented_outputs/object/n04141327_scabbard.JPEG,n04141327_scabbard.JPEG,5.031124312430654,0.07950015943877552,3989,69,3.1250172997148264,0.8029048547472295,0.4373701119383242,0.8831045137007085,-8.34169801693426
../benchmarks/vggnet16_benchmark2022/segmented_outputs/object/n03637318_lampshade.JPEG,n03637318_lampshade.JPEG,5.610826563549055,0.025729432397959183,1291,208,3.525178190980121,0.8955202851315222,0.4193112596442824,0.7759457648068109,-8.408362330196942
../benchmarks/vggnet16_benchmark2022/segmented_outputs/object/n04590129_window_shade.JPEG,n04590129_window_shade.JPEG,5.363005342863797,0.048529177295918366,2435,124,9.298671489456366,0.8523507371555006,0.46501549464755193,0.9571040152536525,-8.438910130888132
../benchmarks/vggnet16_benchmark2022/segmented_outputs/object/n03584829_iron.JPEG,n03584829_iron.JPEG,5.3934967634904,0.04651626275510204,2334,154,1.6648040015437406,0.8295515356029977,0.4705933791585109,0.9803620641978341,-8.560710556779911
../benchmarks/vggnet16_benchmark2022/segmented_outputs/object/n03814639_neck_brace.JPEG,n03814639_neck_brace.JPEG,4.610932417329251,0.05915178571428571,2968,310,1.9523824642553307,0.8444407691793487,0.49707837653054365,0.9538471569610243,-8.950731188474041
../benchmarks/vggnet16_benchmark2022/segmented_outputs/object/n03837869_obelisk.JPEG,n03837869_obelisk.JPEG,5.055342676680248,0.0428093112244898,2148,43,1.805572693248938,0.8851275948954364,0.375082043389606,0.8342163332702911,-9.216898399838177
../benchmarks/vggnet16_benchmark2022/segmented_outputs/object/n04008634_projectile.JPEG,n04008634_projectile.JPEG,4.002727290734391,0.10106425382653061,5071,16,29.711934384624126,0.7822901239698288,0.6125894827208724,0.8131037620133345,-9.276204810096385
../benchmarks/vggnet16_benchmark2022/segmented_outputs/object/n03676483_lipstick.JPEG,n03676483_lipstick.JPEG,3.847967913361694,0.08579799107142858,4305,276,25.725702166798197,0.8197948221072056,0.6489578431891185,0.821993678385358,-9.345467672462826
../benchmarks/vggnet16_benchmark2022/segmented_outputs/object/n04501370_turnstile.JPEG,n04501370_turnstile.JPEG,4.14507491646856,0.04017857142857143,2016,728,3.5191358588097037,0.8887923269385793,0.6849965310621342,0.9274801536066457,-9.689614885860589
../benchmarks/vggnet16_benchmark2022/segmented_outputs/object/n02667093_abaya.JPEG,n02667093_abaya.JPEG,4.2222058917588265,0.05353156887755102,2686,170,15.777990963707937,0.8559351001373726,0.5334595322940157,0.9590499500771267,-9.753698719805097
../benchmarks/vggnet16_benchmark2022/segmented_outputs/object/n03916031_perfume.JPEG,n03916031_perfume.JPEG,4.509430235262265,0.057338169642857144,2877,40,10.748601048181062,0.8803136255727526,0.48540501759192733,0.9372283471164415,-10.016916369382352
../benchmarks/vggnet16_benchmark2022/segmented_outputs/object/n04332243_strainer.JPEG,n04332243_strainer.JPEG,4.170699983096969,0.0509406887755102,2556,131,3.304792708714581,0.7873948061991987,0.5565813440134906,0.9485804261069803,-10.30081507812879
../benchmarks/vggnet16_benchmark2022/segmented_outputs/object/n02841315_binoculars.JPEG,n02841315_binoculars.JPEG,4.17967446842926,0.04751275510204082,2384,289,3.9234985631756496,0.8356638607612923,0.5954678523387016,0.9718360290474163,-10.312353297188965
../benchmarks/vggnet16_benchmark2022/segmented_outputs/object/n04442312_toaster.JPEG,n04442312_toaster.JPEG,4.545256455040764,0.031329719387755105,1572,79,2.326797874749805,0.8968912450139723,0.46624725027785235,0.9228696959434176,-10.611577026725339
../benchmarks/vggnet16_benchmark2022/segmented_outputs/object/n03843555_oil_filter.JPEG,n03843555_oil_filter.JPEG,4.212837187560349,0.04707429846938776,2362,126,5.84209712976378,0.8815521380573481,0.5168302539152723,0.9013654918165628,-10.658529238691951
../benchmarks/vggnet16_benchmark2022/segmented_outputs/object/n02749479_assault_rifle.JPEG,n02749479_assault_rifle.JPEG,4.604428852724933,0.044244260204081634,2220,16,8.490205910110593,0.8829757522389694,0.5588619006046169,0.9243786683531539,-10.90462200872567
../benchmarks/vggnet16_benchmark2022/segmented_outputs/object/n02500267_indri.JPEG,n02500267_indri.JPEG,4.273959973116939,0.04456313775510204,2236,76,3.9072525811200607,0.8797343534492885,0.5240762753512624,0.6724282869587255,-10.983205183504314
../benchmarks/vggnet16_benchmark2022/segmented_outputs/object/n04579432_whistle.JPEG,n04579432_whistle.JPEG,3.96691463362367,0.038564253826530615,1935,478,2.93496340951823,0.879378183539184,0.6959298092886366,0.9712727080609129,-11.05809160864074
../benchmarks/vggnet16_benchmark2022/segmented_outputs/object/n02006656_spoonbill.JPEG,n02006656_spoonbill.JPEG,3.7993558268619356,0.03005420918367347,1508,359,6.6142347201732115,0.8968886485829619,0.6676440978907521,0.7485402916460722,-11.632308695754428
../benchmarks/vggnet16_benchmark2022/segmented_outputs/object/n02168699_long-horned_beetle.JPEG,n02168699_long-horned_beetle.JPEG,4.43555363112036,0.03555484693877551,1784,95,7.111904063156965,0.8624024343196643,0.6747414157507869,0.29122811100119506,-11.68685009591058
../benchmarks/vggnet16_benchmark2022/segmented_outputs/object/n07716906_spaghetti_squash.JPEG,n07716906_spaghetti_squash.JPEG,3.621544868441632,0.0157047193877551,788,290,1.8046174168635252,0.9195264064088506,0.6746810611662101,0.9792912488746988,-12.84917683100998
../benchmarks/vggnet16_benchmark2022/segmented_outputs/object/n03544143_hourglass.JPEG,n03544143_hourglass.JPEG,1.7267719626590659,0.020567602040816327,1032,229,2.396691574123254,0.9403906842753449,0.9065371680755436,0.8142426732347816,-17.257293641072643
../benchmarks/vggnet16_benchmark2022/segmented_outputs/object/n04265275_space_heater.JPEG,n04265275_space_heater.JPEG,1.6543284839288765,0.02196269132653061,1102,95,1.174698083347102,0.9572325481480994,0.9334518230704882,0.4009291604033904,-18.32098315790722
