----- SLURM_JOB_ID=4505362
SLURM_JOB_NODELIST=d3233
SLURM_JOB_GPUS=2
SLURM_GPUS=<unset>
SLURM_STEP_GPUS=<unset>
CUDA_VISIBLE_DEVICES=0
SLURM_NTASKS=1
SLURM_CPUS_PER_TASK=4
SHELL=/bin/bash
PATH=/shared/EL9/explorer/cuda/12.8.0/bin:/shared/EL9/explorer/code-server/4.91.1/code-server-4.91.1-linux-amd64/lib/vscode/bin/remote-cli:/home/z.dehghanipour/.conda/envs/ab-crown-v1/bin:/shared/EL9/explorer/anaconda3/2024.06/condabin:/usr/share/Modules/bin:/usr/local/bin:/usr/bin:/usr/local/sbin:/usr/sbin:/home/z.dehghanipour/.local/bin:/home/z.dehghanipour/bin:/home/z.dehghanipour/.local/bin:/home/z.dehghanipour/bin
========== ENV CHECK ==========
/home/z.dehghanipour/.conda/envs/ab-crown-v1/bin/python
Python 3.11.9
PYTHON: /home/z.dehghanipour/.conda/envs/ab-crown-v1/bin/python
torch: 2.3.1
torch.version.cuda: 12.1
cuda available: True
CUDA_VISIBLE_DEVICES: 0
device[0]: NVIDIA A100 80GB PCIe
capability[0]: (8, 0)
matmul ok: -44146.7578125
Sat Feb 21 19:07:13 2026       
+---------------------------------------------------------------------------------------+
| NVIDIA-SMI 545.23.08              Driver Version: 545.23.08    CUDA Version: 12.3     |
|-----------------------------------------+----------------------+----------------------+
| GPU  Name                 Persistence-M | Bus-Id        Disp.A | Volatile Uncorr. ECC |
| Fan  Temp   Perf          Pwr:Usage/Cap |         Memory-Usage | GPU-Util  Compute M. |
|                                         |                      |               MIG M. |
|=========================================+======================+======================|
|   0  NVIDIA A100 80GB PCIe          On  | 00000000:41:00.0 Off |                    0 |
| N/A   48C    P0              72W / 300W |      4MiB / 81920MiB |      7%      Default |
|                                         |                      |             Disabled |
+-----------------------------------------+----------------------+----------------------+
                                                                                         
+---------------------------------------------------------------------------------------+
| Processes:                                                                            |
|  GPU   GI   CI        PID   Type   Process name                            GPU Memory |
|        ID   ID                                                             Usage      |
|=======================================================================================|
|  No running processes found                                                           |
+---------------------------------------------------------------------------------------+
================================
========== QUICK GPU CHECK ==========
Sat Feb 21 19:07:13 2026       
+---------------------------------------------------------------------------------------+
| NVIDIA-SMI 545.23.08              Driver Version: 545.23.08    CUDA Version: 12.3     |
|-----------------------------------------+----------------------+----------------------+
| GPU  Name                 Persistence-M | Bus-Id        Disp.A | Volatile Uncorr. ECC |
| Fan  Temp   Perf          Pwr:Usage/Cap |         Memory-Usage | GPU-Util  Compute M. |
|                                         |                      |               MIG M. |
|=========================================+======================+======================|
|   0  NVIDIA A100 80GB PCIe          On  | 00000000:41:00.0 Off |                    0 |
| N/A   48C    P0              71W / 300W |      4MiB / 81920MiB |      0%      Default |
|                                         |                      |             Disabled |
+-----------------------------------------+----------------------+----------------------+
                                                                                         
+---------------------------------------------------------------------------------------+
| Processes:                                                                            |
|  GPU   GI   CI        PID   Type   Process name                            GPU Memory |
|        ID   ID                                                             Usage      |
|=======================================================================================|
|  No running processes found                                                           |
+---------------------------------------------------------------------------------------+
=====================================
[rank 0/1] host=d3233 CUDA_VISIBLE_DEVICES=0
[rank 0] === Checking instance ID 900 ===
[rank 0] >>> Running ID=900 onnx=onnx/vgg16-7.onnx
Configurations:

general:
  device: cuda
  seed: 100
  conv_mode: patches
  deterministic: false
  double_fp: false
  loss_reduction_func: max
  sparse_alpha: true
  sparse_interm: true
  save_adv_example: false
  verify_onnxruntime_output: false
  eval_adv_example: false
  show_adv_example: false
  precompile_jit: false
  prepare_only: false
  complete_verifier: bab
  enable_incomplete_verification: false
  csv_name: instances.csv
  results_file: results/vggnet16_all_p_4/result_900.rank0.txt
  root_path: ../../vnncomp2023_benchmarks/benchmarks/vggnet16
  deterministic_opt: false
  graph_optimizer: 'Customized("custom_graph_optimizer", "maxpool_to_relu")'
  buffer_has_batchdim: false
  save_output: false
  output_file: out.pkl
  return_optimized_model: false
  output_additional_stats: true
  instance_id: 900
  dataset_output_dir: dataset
  min_stable_neurons_ratio_threshold: 0.0
model:
  name: null
  path: null
  onnx_path: /projects/air/dlverifier/vggnet16_all/onnx/vgg16-7.onnx
  onnx_path_prefix: ''
  cache_onnx_conversion: true
  debug_onnx: false
  onnx_quirks: null
  input_shape: null
  onnx_loader: default_onnx_and_vnnlib_loader
  onnx_optimization_flags: []
  onnx_vnnlib_joint_optimization_flags: none
  check_optimized: false
  flatten_final_output: false
  optimize_graph: null
  with_jacobian: false
data:
  start: 0
  end: 10000
  select_instance: null
  num_outputs: 1000
  mean: 0.0
  std: 1.0
  pkl_path: null
  dataset: null
  data_filter_path: null
  data_idx_file: null
specification:
  type: lp
  robustness_type: verified-acc
  norm: .inf
  epsilon: null
  epsilon_min: 0.0
  vnnlib_path: /projects/air/dlverifier/vggnet16_all/vnnlib/n02102480_Sussex_spaniel_fix_nonmask_seg0_k50176_eps_0.0003.vnnlib
  vnnlib_path_prefix: ''
  rhs_offset: null
solver:
  batch_size: 1
  auto_enlarge_batch_size: false
  min_batch_size_ratio: 0.1
  use_float64_in_last_iteration: false
  early_stop_patience: 10
  start_save_best: 0.5
  bound_prop_method: forward+backward
  init_bound_prop_method: same
  prune_after_crown: false
  optimize_disjuncts_separately: false
  crown:
    batch_size: 16
    max_crown_size: 1000000000
    relu_option: adaptive
  alpha-crown:
    alpha: true
    lr_alpha: 0.1
    iteration: 100
    share_alphas: false
    lr_decay: 0.98
    full_conv_alpha: true
    max_coeff_mul: .inf
    matmul_share_alphas: false
    disable_optimization: []
    max_time: 1.0
  invprop:
    apply_output_constraints_to: []
    tighten_input_bounds: false
    best_of_oc_and_no_oc: false
    directly_optimize: []
    oc_lr: 0.1
    share_gammas: false
  beta-crown:
    lr_alpha: 0.01
    lr_beta: 0.05
    lr_decay: 0.98
    optimizer: adam
    iteration: 10
    beta: true
    beta_warmup: true
    enable_opt_interm_bounds: false
    all_node_split_LP: false
  forward:
    refine: false
    dynamic: true
    max_dim: 100
    reset_threshold: 1.0
  intermediate_refinement:
    enabled: false
    batch_size: 10
    opt_coeffs: false
    opt_bias: false
    lr: 0.05
    layers: [-1]
    max_domains: 1000
  multi_class:
    label_batch_size: 32
    skip_with_refined_bound: true
  mip:
    unstable_neuron_threshold: 0
    parallel_solvers: null
    solver_threads: 1
    refine_neuron_timeout: 15
    refine_neuron_time_percentage: 0.8
    early_stop: true
    adv_warmup: true
    mip_solver: gurobi
    skip_unsafe: false
    topk_filter: 1.0
    sliding_window: -1
    extra_constraint: false
    refine_neuron_timeout_increasement: 0
    timeout_neuron_percentage: 0.3
    remaining_timeout_threshold: 1
    remove_unstable_neurons: true
    lp_solver: false
bab:
  initial_max_domains: 1
  backing_up_max_domain: null
  max_domains: .inf
  decision_thresh: 0
  timeout: 1200.0
  timeout_scale: 1
  max_iterations: -1
  override_timeout: null
  get_upper_bound: false
  pruning_in_iteration: true
  pruning_in_iteration_ratio: 0.2
  sort_targets: false
  batched_domain_list: true
  optimized_interm: ''
  interm_transfer: true
  recompute_interm: false
  sort_domain_interval: -1
  vanilla_crown: false
  tree_traversal: depth_first
  cut:
    enabled: false
    cuts_path: /tmp/abcrown_cuts
    implication: false
    bab_cut: false
    lp_cut: false
    method: null
    lr: 0.01
    lr_decay: 1.0
    iteration: 100
    bab_iteration: -1
    early_stop_patience: -1
    lr_beta: 0.02
    number_cuts: 50
    topk_cuts_in_filter: 1000
    batch_size_primal: 100
    max_num: 1000000000
    patches_cut: false
    cplex_cuts: false
    cplex_cuts_wait: 0
    cplex_cuts_revpickup: true
    cut_reference_bounds: true
    fix_intermediate_bounds: false
    _tmp_cuts: null
    fixed_cuts: false
    add_implied_cuts: false
    add_input_cuts: false
    biccos:
      enabled: false
      constraint_strengthening: true
      recursively_strengthening: false
      drop_ratio: 0.5
      verified_bonus: 0.3
      max_infer_iter: 20
      heuristic: neuron_influence_score
      save_biccos_cuts: false
      multi_tree_branching:
        enabled: false
        restore_best_tree: false
        keep_n_best_domains: 1
        k_splits: 1
        iterations: 1
  branching:
    method: sb
    candidates: 3
    reduceop: min
    enable_intermediate_bound_opt: false
    branching_input_and_activation: false
    branching_input_and_activation_order: [input, relu]
    branching_input_iterations: 30
    branching_relu_iterations: 50
    gnn_path: ''
    neural_heuristic:
      model_path: ''
    rl:
      experiment: general
      eval: false
      extras: []
      logging:
        color: true
        debug: true
        file: rl-experiment.log
      pnet:
        gH: 64
        tH: 64
        nheads: 64
        nlayers: 64
        useDynamicGraph: true
        bidirectional: false
        GAT: true
      training:
        gamma: 0.99
        lr: 0.001
        batchSize: 8
        loop: 8
        totalEpochs: 10
        updatePolicyFrequency: 10
        updateTargetFrequency: 10
        buffer: buffer.pkl
        preparedBuffer: 'False'
        TestingPreparedBuffer: false
        scriptTraining: false
        policynet: policy-checkpoint.pt
        targetnet: target-checkpoint.pt
        datasetShuffle: true
        targetedData: all
        splitRatio: 0.8
        maxInstances: -1
        trainingMode: full
        reward:
          norm: null
          bonus: 10.0
          penalty: -1.0
      egreedy:
        epsilon: 0.1
        epsilonDecay: 0.1
        minEpsilon: 0.1
        ePath: epsilon.pt
        enabled: true
      expert:
        useExpertUntilEpisode: 0.1
        enabled: true
        learnToImitateExpertEpochs: 10
    nonlinear_split:
      method: shortcut
      branching_point_method: uniform
      num_branches: 2
      filter: false
      filter_beta: false
      filter_clamp: false
      filter_batch_size: 10000
      filter_iterations: 25
      relu_only: false
      loose_tanh_threshold: null
      dynamic_bbps: false
      dynamic_options: [uniform, three_left, three_right]
      branching_point_node: ''
      branching_point_db: []
    input_split:
      enable_clip_domains: false
      split_hint: null
      reorder_bab: false
      enable: true
      enhanced_bound_prop_method: alpha-crown
      enhanced_branching_method: naive
      enhanced_bound_patience: 100000000.0
      attack_patience: 100000000.0
      adv_check: 0
      split_partitions: 2
      sb_margin_weight: 1.0
      sb_sum: false
      sb_primary_spec: null
      bf_backup_thresh: -1
      bf_rhs_offset: 0
      bf_iters: 1000000000.0
      bf_batch_size: 100000
      bf_zero_crossing_score: false
      touch_zero_score: 0
      ibp_enhancement: false
      catch_assertion: false
      compare_with_old_bounds: false
      update_rhs_with_attack: false
      sb_coeff_thresh: 0.001
      sort_index: null
      sort_descending: true
      show_progress: false
      presplit_domains: null
      skip_getting_worst_domain: false
  attack:
    enabled: false
    beam_candidates: 8
    beam_depth: 7
    max_dive_fix_ratio: 0.8
    min_local_free_ratio: 0.2
    mip_start_iteration: 5
    mip_timeout: 30.0
    adv_pool_threshold: null
    refined_mip_attacker: false
    refined_batch_size: null
attack:
  pgd_order: input_bab
  pgd_steps: 100
  pgd_restarts: 30
  pgd_batch_size: 100000000
  pgd_early_stop: true
  pgd_lr_decay: 0.99
  pgd_alpha: auto
  pgd_alpha_scale: false
  pgd_loss_mode: null
  pgd_restart_when_stuck: false
  enable_mip_attack: false
  adv_saver: default_adv_saver
  adv_verifier: default_adv_verifier
  early_stop_condition: default_early_stop_condition
  adv_example_finalizer: default_adv_example_finalizer
  pgd_loss: default_pgd_loss
  cex_path: ./test_cex.txt
  attack_mode: PGD
  attack_tolerance: 0.0
  attack_func: attack_with_general_specs
  gama_lambda: 10.0
  gama_decay: 0.9
  check_clean: true
  input_split:
    pgd_steps: 100
    pgd_restarts: 30
    pgd_alpha: auto
  input_split_enhanced:
    pgd_steps: 200
    pgd_restarts: 500000
    pgd_alpha: auto
  input_split_check_adv:
    enabled: auto
    pgd_steps: 5
    pgd_restarts: 5
    pgd_alpha: auto
    max_num_domains: 10
debug:
  sanity_check: Full+Graph
  view_model: false
  lp_test: null
  rescale_vnnlib_ptb: null
  test_optimized_bounds: false
  test_optimized_bounds_after_n_iterations: 0
  print_verbose_decisions: false

Experiments at Sat Feb 21 19:07:33 2026 on d3233
Internal results will be saved to results/vggnet16_all_p_4/result_900.rank0.txt.

[ZRL] %%%%%%%%%%%%%%%%%%%%%%%%%%%%%%%%%%% idx: 0, vnnlib ID: 0 %%%%%%%%%%%%%%%%%%%%%%%%%%%%%%%%%%%
Using onnx /projects/air/dlverifier/vggnet16_all/onnx/vgg16-7.onnx
Using vnnlib /projects/air/dlverifier/vggnet16_all/vnnlib/n02102480_Sussex_spaniel_fix_nonmask_seg0_k50176_eps_0.0003.vnnlib
150528 inputs and 1000 outputs in vnnlib
Loading cached onnx model from /projects/air/dlverifier/vggnet16_all/onnx/vgg16-7.onnx.cached
Cannot read cached onnx file. Regenerating...
Loading onnx /projects/air/dlverifier/vggnet16_all/onnx/vgg16-7.onnx with quirks {}
Finished onnx model loading in 43.0346 seconds
Number of perturbed inputs: 89742
WARNING: prioritizing attack due to too many perturbed pixels on VGG
Setting arguments.Config["attack"]["pgd_order"] to "before"
Setting bound_prop_method to crown
Attack parameters: initialization=uniform, steps=100, restarts=30, alpha=7.500499486923218e-05, initialization=uniform, GAMA=False
Model output of first 5 examples:
 tensor([[-5.12754798e-01,  1.92342401e+00, -2.12612614e-01, -5.16479373e-01,
         -3.49694967e-01,  3.27447474e-01, -1.36217996e-01, -1.34023440e+00,
         -1.11877251e+00, -6.13500953e-01, -1.55249506e-01,  3.19716096e-01,
          3.46288919e-01,  4.85172961e-03,  5.56997180e-01,  8.06436121e-01,
         -2.14269996e-01, -7.48982072e-01, -4.96367440e-02, -2.22738624e-01,
         -1.67164415e-01,  5.68312168e-01,  5.50917566e-01, -1.77596241e-01,
          4.95221108e-01, -4.50475007e-01,  9.00156438e-01, -2.96327710e-01,
         -7.20342278e-01,  7.56844223e-01, -1.09505868e+00,  8.90682161e-01,
         -4.29088950e-01, -8.09995532e-01, -7.58132875e-01, -6.05117083e-01,
          8.42520833e-01, -1.26452327e+00,  2.41483778e-01, -7.34040439e-01,
          9.83879030e-01, -7.84816980e-01, -6.25380337e-01, -3.87286633e-01,
          1.03036858e-01, -1.64907277e-01,  1.03504908e+00, -3.85343730e-01,
         -1.29332650e+00, -6.29669130e-02,  7.24694610e-01, -1.89565575e+00,
          2.60347545e-01,  5.47724068e-01, -5.38937569e-01, -1.73921332e-01,
         -8.18917304e-02, -1.07439923e+00,  3.51839483e-01,  4.54401016e-01,
          1.62252456e-01, -6.67095602e-01, -7.72211671e-01,  2.77631789e-01,
          3.54814380e-01, -4.06913608e-01, -7.28793263e-01, -4.20676798e-01,
         -1.07633328e+00, -1.32318401e+00,  6.37908220e-01,  9.77571666e-01,
          9.71349239e-01,  1.92207670e+00,  1.54726148e+00,  1.98659849e+00,
          1.00639331e+00,  2.28391552e+00,  1.65298188e+00,  1.43690658e+00,
          8.62709284e-01, -1.31841910e+00, -9.58854184e-02, -7.90574670e-01,
         -3.56865972e-01, -2.33188301e-01, -9.62940395e-01,  2.36432478e-01,
          3.42691123e-01, -7.06938446e-01,  3.93230505e-02, -6.08189940e-01,
          6.93560839e-01,  5.13829112e-01,  9.19924498e-01, -4.23909813e-01,
          9.27272916e-01, -9.61949944e-01,  9.38340835e-03, -4.56446439e-01,
          6.91496193e-01, -1.49803317e+00, -1.82430410e+00,  7.46930957e-01,
         -4.95841026e-01, -1.25933766e+00, -9.92239118e-01, -3.45934063e-01,
         -8.01904559e-01, -1.26766980e+00, -1.57574981e-01,  2.49373841e+00,
         -2.95158565e-01,  7.32824981e-01,  7.54926026e-01, -8.38431656e-01,
         -9.57154989e-01, -8.28059167e-02, -7.02438176e-01, -1.17037404e+00,
         -9.91652548e-01, -1.17884696e+00, -1.16544569e+00, -2.02655315e+00,
         -1.02320874e+00, -1.18023276e+00,  1.08969223e+00, -3.69609799e-03,
          1.06347668e+00,  5.95538378e-01,  9.70422029e-02, -2.94571668e-01,
          6.53967500e-01,  7.29151908e-03, -5.92522956e-02, -3.71548869e-02,
         -6.00853026e-01,  1.60972551e-01, -1.94677308e-01, -1.32665360e+00,
         -1.81205308e+00,  1.74631290e-02, -5.79040587e-01, -6.39407277e-01,
         -6.61532044e-01, -5.02520561e-01, -7.75740981e-01,  8.21507514e-01,
          7.66238645e-02, -1.70169935e-01, -1.06209862e+00,  5.34658551e-01,
         -3.98707151e-01,  3.77255350e-01,  4.52481925e-01, -2.11230889e-01,
         -5.88550389e-01,  1.83055371e-01, -7.87520170e-01, -1.08866370e+00,
         -8.35212350e-01, -3.16359758e-01,  1.62177995e-01, -5.88613391e-01,
         -5.69987953e-01, -6.10853374e-01, -9.10397053e-01, -9.37221646e-01,
         -2.80397892e-01, -3.44511688e-01, -5.56984186e-01, -5.85969687e-01,
         -1.37100434e+00, -5.30906677e-01, -4.63513017e-01, -7.45726705e-01,
         -1.50876164e+00, -4.84146446e-01, -3.69803846e-01, -1.33272183e+00,
         -1.50450349e+00, -3.90819192e-01,  1.32423744e-01, -1.28596053e-01,
          1.18896149e-01, -3.46084684e-01, -7.58897364e-02,  6.26173377e-01,
         -4.58457291e-01, -2.22962514e-01, -4.12514359e-01,  7.14870870e-01,
         -3.74210447e-01, -2.10660949e-01, -4.59183246e-01,  5.65980077e-01,
         -2.53589541e-01, -7.99251735e-01, -1.14980054e+00,  5.02436757e-01,
          2.58382298e-02, -6.84240282e-01, -3.37066412e-01,  7.66973853e-01,
          4.58629057e-02, -6.22920096e-01, -8.61370683e-01, -5.70530415e-01,
         -7.33630121e-01, -6.26522839e-01, -1.74310338e+00, -5.90473294e-01,
         -1.93596572e-01, -5.55530667e-01, -3.59395266e-01, -7.09974110e-01,
         -5.26013434e-01, -2.05694646e-01, -9.08120155e-01, -4.76392567e-01,
         -7.21560359e-01, -1.54373094e-01, -4.30079490e-01,  3.28888208e-01,
          3.90525699e-01, -1.00134706e+00, -7.63134658e-01, -8.84604931e-01,
         -9.24468458e-01,  4.75035876e-01, -3.71263325e-01,  4.74438369e-02,
         -7.70217121e-01, -2.95814723e-01, -2.35510647e-01,  8.01355690e-02,
         -6.24717832e-01, -7.38900676e-02, -8.92112255e-01,  5.30007482e-02,
         -4.17596638e-01, -4.66221869e-01, -2.12966979e-01, -1.52901971e+00,
         -4.32336807e-01,  6.92802370e-02, -1.15937233e+00, -3.03171575e-01,
          6.40146956e-02,  1.83585450e-01, -4.65721637e-02, -1.16450119e+00,
          6.72909617e-01, -3.45110834e-01,  6.90988004e-01, -1.23194385e+00,
         -6.64589167e-01,  2.08188713e-01,  3.02294463e-01,  1.14753711e+00,
          7.96180129e-01,  4.23167720e-02, -7.48250306e-01, -2.91282386e-01,
         -3.32304120e-01,  7.25635529e-01, -1.47080183e-01, -2.99953938e-01,
         -1.61370087e+00,  8.99723113e-01,  7.52442002e-01,  5.05779386e-01,
          8.45321834e-01,  5.33149481e-01,  6.54611588e-02,  2.52659619e-01,
          1.46925837e-01,  1.03389192e+00,  2.62522936e-01,  1.04655480e+00,
          7.42613673e-01,  1.74542296e+00,  1.75791144e+00,  2.72599101e+00,
          2.01873565e+00,  9.58775640e-01, -4.66138601e-01,  7.09811866e-01,
         -4.14988436e-02, -3.15715402e-01, -4.39407766e-01, -2.04255313e-01,
         -4.21383917e-01,  3.13529402e-01, -7.59829044e-01, -3.01724762e-01,
          1.92438006e-01, -6.87706992e-02, -7.38698721e-01,  2.07159445e-01,
         -1.05799735e+00,  7.83362925e-01,  3.26181769e-01,  3.08152288e-01,
         -1.01303607e-01, -1.21550691e+00,  3.83382201e-01,  8.79899859e-01,
          1.02893007e+00,  9.55555737e-02,  1.56060410e+00,  1.33712208e+00,
          3.43951404e-01,  1.63121235e+00,  1.50757051e+00,  9.32372212e-01,
          3.44901443e-01, -1.36780247e-01,  1.65212154e+00,  9.35246825e-01,
          7.52860665e-01, -1.34847152e+00, -1.26291633e+00, -8.68170023e-01,
         -1.01399016e+00, -1.59118605e+00, -1.14106929e+00, -1.39045507e-01,
         -1.51752114e+00, -1.21072769e+00,  9.69482809e-02,  6.69407785e-01,
          2.04601383e+00,  1.84393898e-01, -6.54439867e-01, -1.60565466e-01,
         -1.43032479e+00,  5.08317590e-01, -5.57720780e-01, -1.94524658e+00,
         -1.09909308e+00, -1.02200019e+00, -1.18605566e+00, -1.49942362e+00,
         -8.22016180e-01, -1.62709415e+00, -1.69963586e+00, -4.14288074e-01,
         -2.27001810e+00, -1.41983473e+00, -1.64725590e+00, -1.18686926e+00,
         -1.02196658e+00, -1.24177432e+00, -1.34591162e+00, -1.57669878e+00,
         -2.72899121e-02,  1.44360095e-01,  1.16666131e-01,  1.21947795e-01,
         -2.64449447e-01,  6.25814080e-01,  8.25821906e-02, -6.41037345e-01,
         -1.04630089e+00, -1.12334713e-01, -6.92388341e-02,  1.27057508e-01,
          5.00686884e-01, -2.68103510e-01,  1.87307015e-01, -9.79344487e-01,
         -3.01906615e-01,  1.02043174e-01,  2.60098457e-01, -6.24339044e-01,
         -8.90035927e-02,  3.56071472e-01,  4.69312251e-01, -4.92455661e-01,
          6.50928676e-01, -1.06711082e-01,  2.04818577e-01, -3.89932320e-02,
          1.73891149e-02, -9.88628507e-01, -1.32091546e+00, -4.98859018e-01,
         -1.09299207e+00,  1.97300971e-01, -9.02931452e-01, -5.46979904e-02,
         -5.51654518e-01, -1.66389215e+00, -6.91576242e-01,  5.22493482e-01,
         -1.47316873e+00, -1.11136913e+00, -1.78665683e-01,  7.55630016e-01,
         -3.40952128e-01, -4.02709216e-01,  2.59223968e-01, -7.49153793e-01,
          1.15375578e-01,  1.01507759e+00, -4.20223325e-01, -2.32062876e-01,
         -1.72696054e+00,  2.37651682e+00, -1.04335320e+00,  6.23482287e-01,
          2.22683877e-01,  7.81814277e-01,  2.41242290e-01, -1.70904076e+00,
          1.51722348e+00,  6.45127773e-01,  2.32170987e+00,  9.32383716e-01,
          3.67188275e-01,  5.15829444e-01, -9.00954604e-02, -4.96066391e-01,
         -3.49907964e-01, -1.53899148e-01,  9.42740977e-01, -7.84158051e-01,
         -1.24717638e-01, -4.98661101e-01, -9.66968000e-01, -3.62861007e-01,
          4.11692560e-01,  2.27624640e-01,  2.82347351e-01,  1.72029591e+00,
         -5.78905761e-01, -6.23668395e-02,  1.51043391e+00,  1.33432984e-01,
          3.34749222e-02,  1.12897444e+00,  6.55484349e-02,  8.58407795e-01,
         -8.13500404e-01, -8.33440900e-01,  2.35211825e+00, -5.29881358e-01,
         -5.24183035e-01, -2.10223272e-01, -7.88511217e-01,  1.12410158e-01,
         -3.59670103e-01,  4.84691590e-01, -1.06135511e+00, -3.20119977e-01,
         -2.49853153e-02,  9.09184694e-01, -5.07350385e-01,  1.86970994e-01,
         -1.16667712e+00, -7.10028037e-02,  1.65268469e+00, -1.69932157e-01,
         -6.13339022e-02,  7.73480237e-01, -6.29078746e-01, -2.06449962e+00,
          1.85594678e-01,  5.60916543e-01,  1.86582661e+00, -5.67331016e-01,
         -7.17277229e-01,  3.43988270e-01, -1.37855506e+00,  1.17678380e+00,
         -9.43364203e-01, -7.07937300e-01, -2.42338672e-01, -1.00672221e+00,
          2.23072672e+00,  5.75667560e-01,  2.04510555e-01, -7.74247229e-01,
         -1.03817284e+00,  9.97889578e-01,  4.87759948e-01,  1.99475920e+00,
         -2.52436429e-01,  2.92654425e-01,  2.24619031e-01, -6.14989758e-01,
         -6.21248633e-02,  7.93624103e-01,  9.35466886e-01,  5.68612099e-01,
          1.24564543e-01,  4.34428334e-01,  7.27886409e-02,  1.51015925e+00,
         -2.05577826e+00,  3.60231668e-01, -1.30878353e+00,  4.76862818e-01,
          3.30809921e-01,  5.95581569e-02, -1.57493377e+00,  1.02570355e+00,
          1.27899182e+00, -2.29109836e+00, -8.60088050e-01, -8.15405488e-01,
          3.17479461e-01, -3.57730806e-01, -8.36727858e-01, -5.29152811e-01,
         -1.48421407e+00,  6.10196412e-01, -2.67320335e-01, -6.95356488e-01,
         -3.51317585e-01,  4.69388515e-01, -1.54242480e+00, -1.71571925e-01,
         -6.05140388e-01, -1.11959839e+00,  7.48706460e-01,  1.63029802e+00,
         -3.76448601e-01, -8.44466507e-01,  2.10000610e+00,  7.22128391e-01,
          5.83666384e-01, -2.49214917e-01,  2.42554355e+00, -1.89570999e+00,
         -1.20155656e+00, -7.73550630e-01, -1.56687543e-01,  1.48632812e+00,
          3.29170108e-01, -1.29843235e+00,  1.65039968e+00, -2.59885281e-01,
         -7.83901989e-01,  6.31349683e-01,  1.28341138e-01, -2.12948680e+00,
          1.17943048e+00,  1.95274580e+00, -8.64177167e-01, -6.59325123e-01,
          1.51160324e+00,  1.58777285e+00,  2.70732194e-01, -4.60415572e-01,
          4.11176157e+00,  1.49444807e+00,  7.23201632e-01,  2.65857875e-01,
         -1.08561790e+00, -3.61759156e-01,  2.36498117e+00,  9.37946439e-01,
         -1.09965637e-01,  5.44709146e-01, -6.62923217e-01,  4.44677562e-01,
          5.14116824e-01, -1.75204527e+00, -3.25493440e-02, -7.78215408e-01,
          7.61540174e-01, -1.16180289e+00, -1.31148562e-01, -7.45245218e-01,
         -1.40652835e+00,  6.93520725e-01,  4.76391435e-01,  9.13174331e-01,
          4.32329029e-01, -6.76426232e-01, -2.21928120e+00, -2.39544436e-01,
          7.94764340e-01,  8.63715351e-01, -6.56701028e-01,  1.17345774e+00,
          6.23423517e-01,  2.59447157e-01,  9.95363593e-01,  3.19039750e+00,
          2.08475828e-01,  5.82795322e-01, -1.22767612e-01, -1.15816724e+00,
          1.11651731e+00, -4.34743732e-01,  1.62835574e+00,  1.41054773e+00,
          1.36211419e+00,  1.02913015e-01,  1.35400021e+00, -1.89619029e+00,
          1.06694508e+00,  1.66545987e+00,  4.08694267e-01,  2.20881358e-01,
          5.15727103e-01, -9.15687561e-01,  4.69286770e-01,  4.60685611e-01,
         -8.91585827e-01,  1.19464444e-02, -5.09478226e-02,  5.84197268e-02,
          1.01260674e+00,  7.76849985e-02,  1.43981218e+00,  2.56160259e+00,
          2.38458180e+00, -2.94404179e-01,  1.01906872e+00,  1.63544261e+00,
         -5.80526233e-01, -1.28761840e+00,  1.57091916e+00,  3.64677846e-01,
         -1.41545367e+00,  1.36600769e+00, -5.44727564e-01,  2.92477787e-01,
          3.06321883e+00,  5.45862556e-01, -1.94737256e+00, -2.23270766e-02,
          8.16419601e-01, -1.34844989e-01, -5.43846071e-01, -5.55230498e-01,
         -1.39205754e+00,  3.20094615e-01, -3.48863006e-01, -2.91295767e-01,
          2.37616968e+00, -1.81767464e+00, -1.61198407e-01,  6.38725102e-01,
          1.59816599e+00, -1.40528929e+00,  2.00342178e+00,  3.05022836e+00,
         -8.75255406e-01, -2.21854061e-01, -9.45891261e-01,  4.04336691e-01,
         -3.17527682e-01,  1.93156934e+00, -4.57909554e-01, -4.02230211e-03,
          9.12624896e-02, -1.89875877e+00,  1.20540953e+00, -1.08779061e+00,
          3.16168213e+00, -3.51977915e-01, -3.88836890e-01, -1.68716177e-01,
         -3.45762610e-01,  1.92829943e+00, -1.24192044e-01, -8.61633480e-01,
         -5.17044842e-01,  1.37962234e+00, -2.35715106e-01, -5.31683266e-01,
         -1.07583880e+00,  1.27367032e+00, -1.33020043e-01, -5.26621103e-01,
          8.36781383e-01,  2.01785636e+00,  2.51665354e-01,  6.87305570e-01,
         -6.39537334e-01,  9.15331423e-01, -6.50499523e-01, -1.22158420e+00,
          2.54389310e+00, -1.29985482e-01, -3.10915256e+00, -7.97097683e-02,
          8.92617404e-01,  3.65072817e-01, -8.47224057e-01,  4.54640210e-01,
          1.02287388e+00, -2.04524651e-01, -7.74318457e-01,  3.04727376e-01,
          1.29844749e+00,  7.88480759e-01,  5.22634625e-01, -6.82328463e-01,
          1.33252549e+00, -1.21369016e+00, -6.32017076e-01,  9.11284328e-01,
          2.17161417e-01,  7.24735498e-01, -2.26308718e-01,  1.04712546e+00,
          8.14255118e-01,  9.73352134e-01,  4.98603135e-01, -8.43495905e-01,
          4.17380333e-02, -1.34413981e+00,  2.31330216e-01, -3.11079621e-01,
          3.75357181e-01,  2.77847946e-01,  1.62341809e+00, -3.49413604e-02,
         -1.73009467e+00,  7.77410328e-01, -1.17175865e+00,  3.00076306e-01,
          5.50452590e-01, -6.16432011e-01, -1.71788549e+00,  1.86576343e+00,
         -1.59603223e-01,  1.42070639e+00, -1.05684352e+00, -1.69578180e-01,
          3.59533072e-01,  4.23860028e-02,  2.10683420e-01, -1.90664482e+00,
         -4.39274043e-01,  1.47332108e+00, -3.81023437e-02, -7.27975816e-02,
          2.01981616e+00,  1.56973910e+00,  3.59981984e-01,  7.24227548e-01,
          4.68457401e-01,  1.03811300e+00,  3.78040701e-01, -6.73134089e-01,
          5.07704139e-01,  2.36643720e+00,  1.06203556e+00, -1.12702203e+00,
          7.45162070e-02, -7.86824346e-01, -5.44093072e-01,  5.82553267e-01,
          1.95584178e+00,  1.96083868e+00, -9.46185291e-01,  8.28542173e-01,
          1.04906678e+00, -1.07293531e-01,  1.16293001e+00,  9.20874059e-01,
         -1.59217036e+00,  1.28804886e+00, -1.02669108e+00,  1.64699686e+00,
          1.18312013e+00,  5.97376585e-01, -1.11595643e+00, -1.96230754e-01,
          5.78301489e-01,  6.83281004e-01, -5.79816848e-02, -5.35283387e-01,
         -9.10008430e-01,  1.78433061e-01,  3.14009285e+00,  1.23292637e+00,
          2.11859918e+00, -1.77148223e-01, -4.66232806e-01, -7.63389170e-02,
         -1.29773688e+00,  2.85538316e+00, -6.33654237e-01,  5.64923346e-01,
          9.26527083e-01,  5.08883178e-01,  3.87621689e+00,  3.43706429e-01,
          5.29789269e-01,  3.00721347e-01,  7.18527436e-01,  2.58493996e+00,
         -6.71407163e-01, -7.53376782e-01,  1.73260465e-01,  3.86233866e-01,
          5.94947934e-01, -4.95490789e-01, -5.46721458e-01,  7.34635532e-01,
         -1.94503593e+00,  2.31595144e-01,  9.64113176e-01,  1.42431152e+00,
          1.46872342e+00,  1.03644919e+00, -1.32820427e-01,  1.84181833e+00,
          5.03027737e-01, -5.48611045e-01,  2.24229789e+00,  1.31904328e+00,
         -1.03641355e+00, -8.22204769e-01, -1.82067215e-01, -2.60978639e-01,
          2.82933295e-01, -1.33149183e+00,  7.41360664e-01,  1.36594033e+00,
          1.32920027e+00, -1.21831203e+00, -6.02261364e-01,  8.92518044e-01,
         -1.36361945e+00, -7.27293789e-01,  7.47755885e-01, -1.53809643e+00,
          9.27219987e-02,  2.47866347e-01, -9.73655432e-02, -7.74605349e-02,
          1.23054683e+00, -9.84307170e-01, -3.69093746e-01, -3.62000763e-02,
          2.24525571e+00,  2.18130422e+00,  1.51825666e+00, -6.49468243e-01,
          6.83192432e-01, -3.82550210e-01, -7.59001970e-02,  3.49506187e+00,
          1.00872350e+00, -1.82775235e+00,  1.94562495e+00,  6.76229775e-01,
         -2.68137193e+00, -7.31908083e-01, -4.29357409e-01,  3.50029320e-01,
         -7.68710792e-01,  1.05672395e+00,  5.11808813e-01, -1.24089003e+00,
         -1.09994483e+00, -1.91218889e+00, -1.40769911e+00, -1.61237344e-01,
          1.24602091e+00, -4.48838949e-01, -4.63464290e-01, -2.82106996e-01,
          9.94264662e-01, -4.49351370e-01, -1.81686473e+00,  1.57415330e-01,
          1.62694275e+00,  8.95165503e-01, -6.32065833e-01,  8.64222109e-01,
          3.10615838e-01,  2.26579696e-01,  8.54938924e-01,  9.86552596e-01,
         -1.96371362e-01,  2.39934373e+00,  2.79182911e-01, -1.47708416e-01,
         -6.02474332e-01,  6.95141137e-01, -1.32709050e+00, -3.02413046e-01,
          3.43958998e+00,  1.20973036e-01,  2.20539999e+00, -1.16585486e-01,
          1.28649735e+00,  1.50203073e+00,  1.03321052e+00,  4.36531723e-01,
         -1.04210526e-02, -6.37577176e-01,  6.53672516e-01,  9.32583928e-01,
          6.12408876e+00,  4.31079102e+00,  1.09421384e+00,  4.86192033e-02,
          1.04699910e+00,  8.48475516e-01,  4.03097004e-01,  1.50875950e+00,
         -1.43634236e+00, -1.26860881e+00, -6.05774522e-01, -1.65335310e+00,
          1.18351734e+00, -5.89741707e-01,  1.26996368e-01,  3.37836206e-01,
          1.38694704e+00,  1.64876366e+00,  5.89643359e-01, -6.14787698e-01,
         -2.24045849e+00,  1.14659894e+00, -2.38033414e-01, -1.24594748e+00,
         -1.20663381e+00,  6.08730912e-01, -8.57756257e-01, -1.36639178e+00,
         -1.31195331e+00, -1.91928208e+00, -1.31631422e+00, -5.26582718e-01,
         -1.18360460e+00, -8.66044939e-01, -5.11628866e-01, -3.93297017e-01,
         -7.75885105e-01, -4.47045803e-01,  3.31513323e-02, -2.91297823e-01,
         -2.65516758e+00, -1.01595104e-01, -9.42072630e-01, -9.25166249e-01,
          9.63035047e-01,  1.08199143e+00,  4.78898853e-01, -1.29429147e-01,
         -4.06137675e-01,  1.50932118e-01, -4.70758229e-02, -1.41811883e+00,
         -1.17575014e+00, -6.50440007e-02, -7.83743024e-01, -1.37469041e+00,
         -1.22896671e+00, -1.05954242e+00, -7.75879800e-01, -1.10366869e+00,
         -1.20475912e+00, -1.53246653e+00,  1.29468036e+00, -5.70574105e-01,
          5.75157225e-01, -1.24745101e-01, -1.18185830e+00,  2.08278441e+00,
         -9.74193454e-01, -8.94082010e-01,  2.17986226e+00,  5.36111414e-01,
         -1.17714107e+00, -2.17635557e-01, -1.89572200e-01, -1.43372631e+00,
          1.39354742e+00, -2.76189506e-01,  1.16683669e-01, -6.02726676e-02,
         -5.41369319e-01,  6.89985156e-01, -8.20529640e-01, -8.32478404e-02,
         -7.24695623e-01,  9.18066621e-01, -1.00685573e+00, -1.15442586e+00,
         -1.22437477e+00, -2.05108023e+00, -1.74476075e+00, -1.22537208e+00,
         -1.36867511e+00, -2.43055964e+00,  1.26872569e-01,  7.34333098e-01]],
       device='cuda:0')
Clean prediction incorrect, attack skipped.
Adv example prediction (first 2 examples and 2 restarts):
 tensor([[[-5.12754798e-01,  1.92342401e+00, -2.12612614e-01, -5.16479373e-01,
          -3.49694967e-01,  3.27447474e-01, -1.36217996e-01, -1.34023440e+00,
          -1.11877251e+00, -6.13500953e-01, -1.55249506e-01,  3.19716096e-01,
           3.46288919e-01,  4.85172961e-03,  5.56997180e-01,  8.06436121e-01,
          -2.14269996e-01, -7.48982072e-01, -4.96367440e-02, -2.22738624e-01,
          -1.67164415e-01,  5.68312168e-01,  5.50917566e-01, -1.77596241e-01,
           4.95221108e-01, -4.50475007e-01,  9.00156438e-01, -2.96327710e-01,
          -7.20342278e-01,  7.56844223e-01, -1.09505868e+00,  8.90682161e-01,
          -4.29088950e-01, -8.09995532e-01, -7.58132875e-01, -6.05117083e-01,
           8.42520833e-01, -1.26452327e+00,  2.41483778e-01, -7.34040439e-01,
           9.83879030e-01, -7.84816980e-01, -6.25380337e-01, -3.87286633e-01,
           1.03036858e-01, -1.64907277e-01,  1.03504908e+00, -3.85343730e-01,
          -1.29332650e+00, -6.29669130e-02,  7.24694610e-01, -1.89565575e+00,
           2.60347545e-01,  5.47724068e-01, -5.38937569e-01, -1.73921332e-01,
          -8.18917304e-02, -1.07439923e+00,  3.51839483e-01,  4.54401016e-01,
           1.62252456e-01, -6.67095602e-01, -7.72211671e-01,  2.77631789e-01,
           3.54814380e-01, -4.06913608e-01, -7.28793263e-01, -4.20676798e-01,
          -1.07633328e+00, -1.32318401e+00,  6.37908220e-01,  9.77571666e-01,
           9.71349239e-01,  1.92207670e+00,  1.54726148e+00,  1.98659849e+00,
           1.00639331e+00,  2.28391552e+00,  1.65298188e+00,  1.43690658e+00,
           8.62709284e-01, -1.31841910e+00, -9.58854184e-02, -7.90574670e-01,
          -3.56865972e-01, -2.33188301e-01, -9.62940395e-01,  2.36432478e-01,
           3.42691123e-01, -7.06938446e-01,  3.93230505e-02, -6.08189940e-01,
           6.93560839e-01,  5.13829112e-01,  9.19924498e-01, -4.23909813e-01,
           9.27272916e-01, -9.61949944e-01,  9.38340835e-03, -4.56446439e-01,
           6.91496193e-01, -1.49803317e+00, -1.82430410e+00,  7.46930957e-01,
          -4.95841026e-01, -1.25933766e+00, -9.92239118e-01, -3.45934063e-01,
          -8.01904559e-01, -1.26766980e+00, -1.57574981e-01,  2.49373841e+00,
          -2.95158565e-01,  7.32824981e-01,  7.54926026e-01, -8.38431656e-01,
          -9.57154989e-01, -8.28059167e-02, -7.02438176e-01, -1.17037404e+00,
          -9.91652548e-01, -1.17884696e+00, -1.16544569e+00, -2.02655315e+00,
          -1.02320874e+00, -1.18023276e+00,  1.08969223e+00, -3.69609799e-03,
           1.06347668e+00,  5.95538378e-01,  9.70422029e-02, -2.94571668e-01,
           6.53967500e-01,  7.29151908e-03, -5.92522956e-02, -3.71548869e-02,
          -6.00853026e-01,  1.60972551e-01, -1.94677308e-01, -1.32665360e+00,
          -1.81205308e+00,  1.74631290e-02, -5.79040587e-01, -6.39407277e-01,
          -6.61532044e-01, -5.02520561e-01, -7.75740981e-01,  8.21507514e-01,
           7.66238645e-02, -1.70169935e-01, -1.06209862e+00,  5.34658551e-01,
          -3.98707151e-01,  3.77255350e-01,  4.52481925e-01, -2.11230889e-01,
          -5.88550389e-01,  1.83055371e-01, -7.87520170e-01, -1.08866370e+00,
          -8.35212350e-01, -3.16359758e-01,  1.62177995e-01, -5.88613391e-01,
          -5.69987953e-01, -6.10853374e-01, -9.10397053e-01, -9.37221646e-01,
          -2.80397892e-01, -3.44511688e-01, -5.56984186e-01, -5.85969687e-01,
          -1.37100434e+00, -5.30906677e-01, -4.63513017e-01, -7.45726705e-01,
          -1.50876164e+00, -4.84146446e-01, -3.69803846e-01, -1.33272183e+00,
          -1.50450349e+00, -3.90819192e-01,  1.32423744e-01, -1.28596053e-01,
           1.18896149e-01, -3.46084684e-01, -7.58897364e-02,  6.26173377e-01,
          -4.58457291e-01, -2.22962514e-01, -4.12514359e-01,  7.14870870e-01,
          -3.74210447e-01, -2.10660949e-01, -4.59183246e-01,  5.65980077e-01,
          -2.53589541e-01, -7.99251735e-01, -1.14980054e+00,  5.02436757e-01,
           2.58382298e-02, -6.84240282e-01, -3.37066412e-01,  7.66973853e-01,
           4.58629057e-02, -6.22920096e-01, -8.61370683e-01, -5.70530415e-01,
          -7.33630121e-01, -6.26522839e-01, -1.74310338e+00, -5.90473294e-01,
          -1.93596572e-01, -5.55530667e-01, -3.59395266e-01, -7.09974110e-01,
          -5.26013434e-01, -2.05694646e-01, -9.08120155e-01, -4.76392567e-01,
          -7.21560359e-01, -1.54373094e-01, -4.30079490e-01,  3.28888208e-01,
           3.90525699e-01, -1.00134706e+00, -7.63134658e-01, -8.84604931e-01,
          -9.24468458e-01,  4.75035876e-01, -3.71263325e-01,  4.74438369e-02,
          -7.70217121e-01, -2.95814723e-01, -2.35510647e-01,  8.01355690e-02,
          -6.24717832e-01, -7.38900676e-02, -8.92112255e-01,  5.30007482e-02,
          -4.17596638e-01, -4.66221869e-01, -2.12966979e-01, -1.52901971e+00,
          -4.32336807e-01,  6.92802370e-02, -1.15937233e+00, -3.03171575e-01,
           6.40146956e-02,  1.83585450e-01, -4.65721637e-02, -1.16450119e+00,
           6.72909617e-01, -3.45110834e-01,  6.90988004e-01, -1.23194385e+00,
          -6.64589167e-01,  2.08188713e-01,  3.02294463e-01,  1.14753711e+00,
           7.96180129e-01,  4.23167720e-02, -7.48250306e-01, -2.91282386e-01,
          -3.32304120e-01,  7.25635529e-01, -1.47080183e-01, -2.99953938e-01,
          -1.61370087e+00,  8.99723113e-01,  7.52442002e-01,  5.05779386e-01,
           8.45321834e-01,  5.33149481e-01,  6.54611588e-02,  2.52659619e-01,
           1.46925837e-01,  1.03389192e+00,  2.62522936e-01,  1.04655480e+00,
           7.42613673e-01,  1.74542296e+00,  1.75791144e+00,  2.72599101e+00,
           2.01873565e+00,  9.58775640e-01, -4.66138601e-01,  7.09811866e-01,
          -4.14988436e-02, -3.15715402e-01, -4.39407766e-01, -2.04255313e-01,
          -4.21383917e-01,  3.13529402e-01, -7.59829044e-01, -3.01724762e-01,
           1.92438006e-01, -6.87706992e-02, -7.38698721e-01,  2.07159445e-01,
          -1.05799735e+00,  7.83362925e-01,  3.26181769e-01,  3.08152288e-01,
          -1.01303607e-01, -1.21550691e+00,  3.83382201e-01,  8.79899859e-01,
           1.02893007e+00,  9.55555737e-02,  1.56060410e+00,  1.33712208e+00,
           3.43951404e-01,  1.63121235e+00,  1.50757051e+00,  9.32372212e-01,
           3.44901443e-01, -1.36780247e-01,  1.65212154e+00,  9.35246825e-01,
           7.52860665e-01, -1.34847152e+00, -1.26291633e+00, -8.68170023e-01,
          -1.01399016e+00, -1.59118605e+00, -1.14106929e+00, -1.39045507e-01,
          -1.51752114e+00, -1.21072769e+00,  9.69482809e-02,  6.69407785e-01,
           2.04601383e+00,  1.84393898e-01, -6.54439867e-01, -1.60565466e-01,
          -1.43032479e+00,  5.08317590e-01, -5.57720780e-01, -1.94524658e+00,
          -1.09909308e+00, -1.02200019e+00, -1.18605566e+00, -1.49942362e+00,
          -8.22016180e-01, -1.62709415e+00, -1.69963586e+00, -4.14288074e-01,
          -2.27001810e+00, -1.41983473e+00, -1.64725590e+00, -1.18686926e+00,
          -1.02196658e+00, -1.24177432e+00, -1.34591162e+00, -1.57669878e+00,
          -2.72899121e-02,  1.44360095e-01,  1.16666131e-01,  1.21947795e-01,
          -2.64449447e-01,  6.25814080e-01,  8.25821906e-02, -6.41037345e-01,
          -1.04630089e+00, -1.12334713e-01, -6.92388341e-02,  1.27057508e-01,
           5.00686884e-01, -2.68103510e-01,  1.87307015e-01, -9.79344487e-01,
          -3.01906615e-01,  1.02043174e-01,  2.60098457e-01, -6.24339044e-01,
          -8.90035927e-02,  3.56071472e-01,  4.69312251e-01, -4.92455661e-01,
           6.50928676e-01, -1.06711082e-01,  2.04818577e-01, -3.89932320e-02,
           1.73891149e-02, -9.88628507e-01, -1.32091546e+00, -4.98859018e-01,
          -1.09299207e+00,  1.97300971e-01, -9.02931452e-01, -5.46979904e-02,
          -5.51654518e-01, -1.66389215e+00, -6.91576242e-01,  5.22493482e-01,
          -1.47316873e+00, -1.11136913e+00, -1.78665683e-01,  7.55630016e-01,
          -3.40952128e-01, -4.02709216e-01,  2.59223968e-01, -7.49153793e-01,
           1.15375578e-01,  1.01507759e+00, -4.20223325e-01, -2.32062876e-01,
          -1.72696054e+00,  2.37651682e+00, -1.04335320e+00,  6.23482287e-01,
           2.22683877e-01,  7.81814277e-01,  2.41242290e-01, -1.70904076e+00,
           1.51722348e+00,  6.45127773e-01,  2.32170987e+00,  9.32383716e-01,
           3.67188275e-01,  5.15829444e-01, -9.00954604e-02, -4.96066391e-01,
          -3.49907964e-01, -1.53899148e-01,  9.42740977e-01, -7.84158051e-01,
          -1.24717638e-01, -4.98661101e-01, -9.66968000e-01, -3.62861007e-01,
           4.11692560e-01,  2.27624640e-01,  2.82347351e-01,  1.72029591e+00,
          -5.78905761e-01, -6.23668395e-02,  1.51043391e+00,  1.33432984e-01,
           3.34749222e-02,  1.12897444e+00,  6.55484349e-02,  8.58407795e-01,
          -8.13500404e-01, -8.33440900e-01,  2.35211825e+00, -5.29881358e-01,
          -5.24183035e-01, -2.10223272e-01, -7.88511217e-01,  1.12410158e-01,
          -3.59670103e-01,  4.84691590e-01, -1.06135511e+00, -3.20119977e-01,
          -2.49853153e-02,  9.09184694e-01, -5.07350385e-01,  1.86970994e-01,
          -1.16667712e+00, -7.10028037e-02,  1.65268469e+00, -1.69932157e-01,
          -6.13339022e-02,  7.73480237e-01, -6.29078746e-01, -2.06449962e+00,
           1.85594678e-01,  5.60916543e-01,  1.86582661e+00, -5.67331016e-01,
          -7.17277229e-01,  3.43988270e-01, -1.37855506e+00,  1.17678380e+00,
          -9.43364203e-01, -7.07937300e-01, -2.42338672e-01, -1.00672221e+00,
           2.23072672e+00,  5.75667560e-01,  2.04510555e-01, -7.74247229e-01,
          -1.03817284e+00,  9.97889578e-01,  4.87759948e-01,  1.99475920e+00,
          -2.52436429e-01,  2.92654425e-01,  2.24619031e-01, -6.14989758e-01,
          -6.21248633e-02,  7.93624103e-01,  9.35466886e-01,  5.68612099e-01,
           1.24564543e-01,  4.34428334e-01,  7.27886409e-02,  1.51015925e+00,
          -2.05577826e+00,  3.60231668e-01, -1.30878353e+00,  4.76862818e-01,
           3.30809921e-01,  5.95581569e-02, -1.57493377e+00,  1.02570355e+00,
           1.27899182e+00, -2.29109836e+00, -8.60088050e-01, -8.15405488e-01,
           3.17479461e-01, -3.57730806e-01, -8.36727858e-01, -5.29152811e-01,
          -1.48421407e+00,  6.10196412e-01, -2.67320335e-01, -6.95356488e-01,
          -3.51317585e-01,  4.69388515e-01, -1.54242480e+00, -1.71571925e-01,
          -6.05140388e-01, -1.11959839e+00,  7.48706460e-01,  1.63029802e+00,
          -3.76448601e-01, -8.44466507e-01,  2.10000610e+00,  7.22128391e-01,
           5.83666384e-01, -2.49214917e-01,  2.42554355e+00, -1.89570999e+00,
          -1.20155656e+00, -7.73550630e-01, -1.56687543e-01,  1.48632812e+00,
           3.29170108e-01, -1.29843235e+00,  1.65039968e+00, -2.59885281e-01,
          -7.83901989e-01,  6.31349683e-01,  1.28341138e-01, -2.12948680e+00,
           1.17943048e+00,  1.95274580e+00, -8.64177167e-01, -6.59325123e-01,
           1.51160324e+00,  1.58777285e+00,  2.70732194e-01, -4.60415572e-01,
           4.11176157e+00,  1.49444807e+00,  7.23201632e-01,  2.65857875e-01,
          -1.08561790e+00, -3.61759156e-01,  2.36498117e+00,  9.37946439e-01,
          -1.09965637e-01,  5.44709146e-01, -6.62923217e-01,  4.44677562e-01,
           5.14116824e-01, -1.75204527e+00, -3.25493440e-02, -7.78215408e-01,
           7.61540174e-01, -1.16180289e+00, -1.31148562e-01, -7.45245218e-01,
          -1.40652835e+00,  6.93520725e-01,  4.76391435e-01,  9.13174331e-01,
           4.32329029e-01, -6.76426232e-01, -2.21928120e+00, -2.39544436e-01,
           7.94764340e-01,  8.63715351e-01, -6.56701028e-01,  1.17345774e+00,
           6.23423517e-01,  2.59447157e-01,  9.95363593e-01,  3.19039750e+00,
           2.08475828e-01,  5.82795322e-01, -1.22767612e-01, -1.15816724e+00,
           1.11651731e+00, -4.34743732e-01,  1.62835574e+00,  1.41054773e+00,
           1.36211419e+00,  1.02913015e-01,  1.35400021e+00, -1.89619029e+00,
           1.06694508e+00,  1.66545987e+00,  4.08694267e-01,  2.20881358e-01,
           5.15727103e-01, -9.15687561e-01,  4.69286770e-01,  4.60685611e-01,
          -8.91585827e-01,  1.19464444e-02, -5.09478226e-02,  5.84197268e-02,
           1.01260674e+00,  7.76849985e-02,  1.43981218e+00,  2.56160259e+00,
           2.38458180e+00, -2.94404179e-01,  1.01906872e+00,  1.63544261e+00,
          -5.80526233e-01, -1.28761840e+00,  1.57091916e+00,  3.64677846e-01,
          -1.41545367e+00,  1.36600769e+00, -5.44727564e-01,  2.92477787e-01,
           3.06321883e+00,  5.45862556e-01, -1.94737256e+00, -2.23270766e-02,
           8.16419601e-01, -1.34844989e-01, -5.43846071e-01, -5.55230498e-01,
          -1.39205754e+00,  3.20094615e-01, -3.48863006e-01, -2.91295767e-01,
           2.37616968e+00, -1.81767464e+00, -1.61198407e-01,  6.38725102e-01,
           1.59816599e+00, -1.40528929e+00,  2.00342178e+00,  3.05022836e+00,
          -8.75255406e-01, -2.21854061e-01, -9.45891261e-01,  4.04336691e-01,
          -3.17527682e-01,  1.93156934e+00, -4.57909554e-01, -4.02230211e-03,
           9.12624896e-02, -1.89875877e+00,  1.20540953e+00, -1.08779061e+00,
           3.16168213e+00, -3.51977915e-01, -3.88836890e-01, -1.68716177e-01,
          -3.45762610e-01,  1.92829943e+00, -1.24192044e-01, -8.61633480e-01,
          -5.17044842e-01,  1.37962234e+00, -2.35715106e-01, -5.31683266e-01,
          -1.07583880e+00,  1.27367032e+00, -1.33020043e-01, -5.26621103e-01,
           8.36781383e-01,  2.01785636e+00,  2.51665354e-01,  6.87305570e-01,
          -6.39537334e-01,  9.15331423e-01, -6.50499523e-01, -1.22158420e+00,
           2.54389310e+00, -1.29985482e-01, -3.10915256e+00, -7.97097683e-02,
           8.92617404e-01,  3.65072817e-01, -8.47224057e-01,  4.54640210e-01,
           1.02287388e+00, -2.04524651e-01, -7.74318457e-01,  3.04727376e-01,
           1.29844749e+00,  7.88480759e-01,  5.22634625e-01, -6.82328463e-01,
           1.33252549e+00, -1.21369016e+00, -6.32017076e-01,  9.11284328e-01,
           2.17161417e-01,  7.24735498e-01, -2.26308718e-01,  1.04712546e+00,
           8.14255118e-01,  9.73352134e-01,  4.98603135e-01, -8.43495905e-01,
           4.17380333e-02, -1.34413981e+00,  2.31330216e-01, -3.11079621e-01,
           3.75357181e-01,  2.77847946e-01,  1.62341809e+00, -3.49413604e-02,
          -1.73009467e+00,  7.77410328e-01, -1.17175865e+00,  3.00076306e-01,
           5.50452590e-01, -6.16432011e-01, -1.71788549e+00,  1.86576343e+00,
          -1.59603223e-01,  1.42070639e+00, -1.05684352e+00, -1.69578180e-01,
           3.59533072e-01,  4.23860028e-02,  2.10683420e-01, -1.90664482e+00,
          -4.39274043e-01,  1.47332108e+00, -3.81023437e-02, -7.27975816e-02,
           2.01981616e+00,  1.56973910e+00,  3.59981984e-01,  7.24227548e-01,
           4.68457401e-01,  1.03811300e+00,  3.78040701e-01, -6.73134089e-01,
           5.07704139e-01,  2.36643720e+00,  1.06203556e+00, -1.12702203e+00,
           7.45162070e-02, -7.86824346e-01, -5.44093072e-01,  5.82553267e-01,
           1.95584178e+00,  1.96083868e+00, -9.46185291e-01,  8.28542173e-01,
           1.04906678e+00, -1.07293531e-01,  1.16293001e+00,  9.20874059e-01,
          -1.59217036e+00,  1.28804886e+00, -1.02669108e+00,  1.64699686e+00,
           1.18312013e+00,  5.97376585e-01, -1.11595643e+00, -1.96230754e-01,
           5.78301489e-01,  6.83281004e-01, -5.79816848e-02, -5.35283387e-01,
          -9.10008430e-01,  1.78433061e-01,  3.14009285e+00,  1.23292637e+00,
           2.11859918e+00, -1.77148223e-01, -4.66232806e-01, -7.63389170e-02,
          -1.29773688e+00,  2.85538316e+00, -6.33654237e-01,  5.64923346e-01,
           9.26527083e-01,  5.08883178e-01,  3.87621689e+00,  3.43706429e-01,
           5.29789269e-01,  3.00721347e-01,  7.18527436e-01,  2.58493996e+00,
          -6.71407163e-01, -7.53376782e-01,  1.73260465e-01,  3.86233866e-01,
           5.94947934e-01, -4.95490789e-01, -5.46721458e-01,  7.34635532e-01,
          -1.94503593e+00,  2.31595144e-01,  9.64113176e-01,  1.42431152e+00,
           1.46872342e+00,  1.03644919e+00, -1.32820427e-01,  1.84181833e+00,
           5.03027737e-01, -5.48611045e-01,  2.24229789e+00,  1.31904328e+00,
          -1.03641355e+00, -8.22204769e-01, -1.82067215e-01, -2.60978639e-01,
           2.82933295e-01, -1.33149183e+00,  7.41360664e-01,  1.36594033e+00,
           1.32920027e+00, -1.21831203e+00, -6.02261364e-01,  8.92518044e-01,
          -1.36361945e+00, -7.27293789e-01,  7.47755885e-01, -1.53809643e+00,
           9.27219987e-02,  2.47866347e-01, -9.73655432e-02, -7.74605349e-02,
           1.23054683e+00, -9.84307170e-01, -3.69093746e-01, -3.62000763e-02,
           2.24525571e+00,  2.18130422e+00,  1.51825666e+00, -6.49468243e-01,
           6.83192432e-01, -3.82550210e-01, -7.59001970e-02,  3.49506187e+00,
           1.00872350e+00, -1.82775235e+00,  1.94562495e+00,  6.76229775e-01,
          -2.68137193e+00, -7.31908083e-01, -4.29357409e-01,  3.50029320e-01,
          -7.68710792e-01,  1.05672395e+00,  5.11808813e-01, -1.24089003e+00,
          -1.09994483e+00, -1.91218889e+00, -1.40769911e+00, -1.61237344e-01,
           1.24602091e+00, -4.48838949e-01, -4.63464290e-01, -2.82106996e-01,
           9.94264662e-01, -4.49351370e-01, -1.81686473e+00,  1.57415330e-01,
           1.62694275e+00,  8.95165503e-01, -6.32065833e-01,  8.64222109e-01,
           3.10615838e-01,  2.26579696e-01,  8.54938924e-01,  9.86552596e-01,
          -1.96371362e-01,  2.39934373e+00,  2.79182911e-01, -1.47708416e-01,
          -6.02474332e-01,  6.95141137e-01, -1.32709050e+00, -3.02413046e-01,
           3.43958998e+00,  1.20973036e-01,  2.20539999e+00, -1.16585486e-01,
           1.28649735e+00,  1.50203073e+00,  1.03321052e+00,  4.36531723e-01,
          -1.04210526e-02, -6.37577176e-01,  6.53672516e-01,  9.32583928e-01,
           6.12408876e+00,  4.31079102e+00,  1.09421384e+00,  4.86192033e-02,
           1.04699910e+00,  8.48475516e-01,  4.03097004e-01,  1.50875950e+00,
          -1.43634236e+00, -1.26860881e+00, -6.05774522e-01, -1.65335310e+00,
           1.18351734e+00, -5.89741707e-01,  1.26996368e-01,  3.37836206e-01,
           1.38694704e+00,  1.64876366e+00,  5.89643359e-01, -6.14787698e-01,
          -2.24045849e+00,  1.14659894e+00, -2.38033414e-01, -1.24594748e+00,
          -1.20663381e+00,  6.08730912e-01, -8.57756257e-01, -1.36639178e+00,
          -1.31195331e+00, -1.91928208e+00, -1.31631422e+00, -5.26582718e-01,
          -1.18360460e+00, -8.66044939e-01, -5.11628866e-01, -3.93297017e-01,
          -7.75885105e-01, -4.47045803e-01,  3.31513323e-02, -2.91297823e-01,
          -2.65516758e+00, -1.01595104e-01, -9.42072630e-01, -9.25166249e-01,
           9.63035047e-01,  1.08199143e+00,  4.78898853e-01, -1.29429147e-01,
          -4.06137675e-01,  1.50932118e-01, -4.70758229e-02, -1.41811883e+00,
          -1.17575014e+00, -6.50440007e-02, -7.83743024e-01, -1.37469041e+00,
          -1.22896671e+00, -1.05954242e+00, -7.75879800e-01, -1.10366869e+00,
          -1.20475912e+00, -1.53246653e+00,  1.29468036e+00, -5.70574105e-01,
           5.75157225e-01, -1.24745101e-01, -1.18185830e+00,  2.08278441e+00,
          -9.74193454e-01, -8.94082010e-01,  2.17986226e+00,  5.36111414e-01,
          -1.17714107e+00, -2.17635557e-01, -1.89572200e-01, -1.43372631e+00,
           1.39354742e+00, -2.76189506e-01,  1.16683669e-01, -6.02726676e-02,
          -5.41369319e-01,  6.89985156e-01, -8.20529640e-01, -8.32478404e-02,
          -7.24695623e-01,  9.18066621e-01, -1.00685573e+00, -1.15442586e+00,
          -1.22437477e+00, -2.05108023e+00, -1.74476075e+00, -1.22537208e+00,
          -1.36867511e+00, -2.43055964e+00,  1.26872569e-01,  7.34333098e-01]]],
       device='cuda:0')
PGD attack margin (first 2 examples and 10 specs):
 tensor([[[-0.16602969]]], device='cuda:0')
number of violation:  1
clean attack image tensor([[[[[0.29019609, 0.17647059, 0.13725491,  ..., 0.22745098,
            0.45490196, 0.34509805],
           [0.23921569, 0.41176471, 0.37647060,  ..., 0.53333336,
            0.52549022, 0.54901963],
           [0.54117650, 0.58039218, 0.61568630,  ..., 0.43529412,
            0.52549022, 0.31764707],
           ...,
           [0.32549021, 0.21176471, 0.46666667,  ..., 0.97254902,
            0.87450981, 0.79607844],
           [0.67843139, 0.58823532, 0.36862746,  ..., 0.22745098,
            0.41568628, 0.30980393],
           [0.21568628, 0.39215687, 0.28627452,  ..., 0.30588236,
            0.18823530, 0.43921569]],

          [[0.30980393, 0.20000000, 0.45882353,  ..., 0.97647059,
            0.86274511, 0.78431374],
           [0.72549021, 0.63137257, 0.42352942,  ..., 0.23529412,
            0.43921569, 0.32549021],
           [0.23137255, 0.41568628, 0.30196080,  ..., 0.31372550,
            0.20392157, 0.43529412],
           ...,
           [0.04313726, 0.12156863, 0.09411765,  ..., 0.62745100,
            0.51764709, 0.72549021],
           [0.68235296, 0.57647061, 0.77647060,  ..., 0.35294119,
            0.37647060, 0.33725491],
           [0.56078434, 0.53725493, 0.43921569,  ..., 0.02745098,
            0.06666667, 0.05882353]],

          [[0.03529412, 0.09411765, 0.07058824,  ..., 0.61568630,
            0.50588238, 0.72156864],
           [0.67450982, 0.56862748, 0.76862746,  ..., 0.21176471,
            0.23529412, 0.20392157],
           [0.56470591, 0.54117650, 0.46274510,  ..., 0.02745098,
            0.06666667, 0.06666667],
           ...,
           [0.83921570, 0.76862746, 0.75686276,  ..., 0.74117649,
            0.82352942, 0.75686276],
           [0.72941178, 0.82745099, 0.76078433,  ..., 0.87450981,
            0.85882354, 0.87058824],
           [0.86666667, 0.85098040, 0.87058824,  ..., 0.87450981,
            0.87058824, 0.85490197]]]]], device='cuda:0') torch.Size([1, 1, 3, 224, 224])

Checking and Saving Counterexample in check_and_save_cex

verified_status unsafe-pgd
verified_success True
Result: sat
Time: 46.03935146331787
[rank 0] === Checking instance ID 901 ===
[rank 0] >>> Running ID=901 onnx=onnx/vgg16-7.onnx
Configurations:

general:
  device: cuda
  seed: 100
  conv_mode: patches
  deterministic: false
  double_fp: false
  loss_reduction_func: max
  sparse_alpha: true
  sparse_interm: true
  save_adv_example: false
  verify_onnxruntime_output: false
  eval_adv_example: false
  show_adv_example: false
  precompile_jit: false
  prepare_only: false
  complete_verifier: bab
  enable_incomplete_verification: false
  csv_name: instances.csv
  results_file: results/vggnet16_all_p_4/result_901.rank0.txt
  root_path: ../../vnncomp2023_benchmarks/benchmarks/vggnet16
  deterministic_opt: false
  graph_optimizer: 'Customized("custom_graph_optimizer", "maxpool_to_relu")'
  buffer_has_batchdim: false
  save_output: false
  output_file: out.pkl
  return_optimized_model: false
  output_additional_stats: true
  instance_id: 901
  dataset_output_dir: dataset
  min_stable_neurons_ratio_threshold: 0.0
model:
  name: null
  path: null
  onnx_path: /projects/air/dlverifier/vggnet16_all/onnx/vgg16-7.onnx
  onnx_path_prefix: ''
  cache_onnx_conversion: true
  debug_onnx: false
  onnx_quirks: null
  input_shape: null
  onnx_loader: default_onnx_and_vnnlib_loader
  onnx_optimization_flags: []
  onnx_vnnlib_joint_optimization_flags: none
  check_optimized: false
  flatten_final_output: false
  optimize_graph: null
  with_jacobian: false
data:
  start: 0
  end: 10000
  select_instance: null
  num_outputs: 1000
  mean: 0.0
  std: 1.0
  pkl_path: null
  dataset: null
  data_filter_path: null
  data_idx_file: null
specification:
  type: lp
  robustness_type: verified-acc
  norm: .inf
  epsilon: null
  epsilon_min: 0.0
  vnnlib_path: /projects/air/dlverifier/vggnet16_all/vnnlib/n02102973_Irish_water_spaniel_global_k50176_eps_0.0002.vnnlib
  vnnlib_path_prefix: ''
  rhs_offset: null
solver:
  batch_size: 1
  auto_enlarge_batch_size: false
  min_batch_size_ratio: 0.1
  use_float64_in_last_iteration: false
  early_stop_patience: 10
  start_save_best: 0.5
  bound_prop_method: forward+backward
  init_bound_prop_method: same
  prune_after_crown: false
  optimize_disjuncts_separately: false
  crown:
    batch_size: 16
    max_crown_size: 1000000000
    relu_option: adaptive
  alpha-crown:
    alpha: true
    lr_alpha: 0.1
    iteration: 100
    share_alphas: false
    lr_decay: 0.98
    full_conv_alpha: true
    max_coeff_mul: .inf
    matmul_share_alphas: false
    disable_optimization: []
    max_time: 1.0
  invprop:
    apply_output_constraints_to: []
    tighten_input_bounds: false
    best_of_oc_and_no_oc: false
    directly_optimize: []
    oc_lr: 0.1
    share_gammas: false
  beta-crown:
    lr_alpha: 0.01
    lr_beta: 0.05
    lr_decay: 0.98
    optimizer: adam
    iteration: 10
    beta: true
    beta_warmup: true
    enable_opt_interm_bounds: false
    all_node_split_LP: false
  forward:
    refine: false
    dynamic: true
    max_dim: 100
    reset_threshold: 1.0
  intermediate_refinement:
    enabled: false
    batch_size: 10
    opt_coeffs: false
    opt_bias: false
    lr: 0.05
    layers: [-1]
    max_domains: 1000
  multi_class:
    label_batch_size: 32
    skip_with_refined_bound: true
  mip:
    unstable_neuron_threshold: 0
    parallel_solvers: null
    solver_threads: 1
    refine_neuron_timeout: 15
    refine_neuron_time_percentage: 0.8
    early_stop: true
    adv_warmup: true
    mip_solver: gurobi
    skip_unsafe: false
    topk_filter: 1.0
    sliding_window: -1
    extra_constraint: false
    refine_neuron_timeout_increasement: 0
    timeout_neuron_percentage: 0.3
    remaining_timeout_threshold: 1
    remove_unstable_neurons: true
    lp_solver: false
bab:
  initial_max_domains: 1
  backing_up_max_domain: null
  max_domains: .inf
  decision_thresh: 0
  timeout: 1200.0
  timeout_scale: 1
  max_iterations: -1
  override_timeout: null
  get_upper_bound: false
  pruning_in_iteration: true
  pruning_in_iteration_ratio: 0.2
  sort_targets: false
  batched_domain_list: true
  optimized_interm: ''
  interm_transfer: true
  recompute_interm: false
  sort_domain_interval: -1
  vanilla_crown: false
  tree_traversal: depth_first
  cut:
    enabled: false
    cuts_path: /tmp/abcrown_cuts
    implication: false
    bab_cut: false
    lp_cut: false
    method: null
    lr: 0.01
    lr_decay: 1.0
    iteration: 100
    bab_iteration: -1
    early_stop_patience: -1
    lr_beta: 0.02
    number_cuts: 50
    topk_cuts_in_filter: 1000
    batch_size_primal: 100
    max_num: 1000000000
    patches_cut: false
    cplex_cuts: false
    cplex_cuts_wait: 0
    cplex_cuts_revpickup: true
    cut_reference_bounds: true
    fix_intermediate_bounds: false
    _tmp_cuts: null
    fixed_cuts: false
    add_implied_cuts: false
    add_input_cuts: false
    biccos:
      enabled: false
      constraint_strengthening: true
      recursively_strengthening: false
      drop_ratio: 0.5
      verified_bonus: 0.3
      max_infer_iter: 20
      heuristic: neuron_influence_score
      save_biccos_cuts: false
      multi_tree_branching:
        enabled: false
        restore_best_tree: false
        keep_n_best_domains: 1
        k_splits: 1
        iterations: 1
  branching:
    method: sb
    candidates: 3
    reduceop: min
    enable_intermediate_bound_opt: false
    branching_input_and_activation: false
    branching_input_and_activation_order: [input, relu]
    branching_input_iterations: 30
    branching_relu_iterations: 50
    gnn_path: ''
    neural_heuristic:
      model_path: ''
    rl:
      experiment: general
      eval: false
      extras: []
      logging:
        color: true
        debug: true
        file: rl-experiment.log
      pnet:
        gH: 64
        tH: 64
        nheads: 64
        nlayers: 64
        useDynamicGraph: true
        bidirectional: false
        GAT: true
      training:
        gamma: 0.99
        lr: 0.001
        batchSize: 8
        loop: 8
        totalEpochs: 10
        updatePolicyFrequency: 10
        updateTargetFrequency: 10
        buffer: buffer.pkl
        preparedBuffer: 'False'
        TestingPreparedBuffer: false
        scriptTraining: false
        policynet: policy-checkpoint.pt
        targetnet: target-checkpoint.pt
        datasetShuffle: true
        targetedData: all
        splitRatio: 0.8
        maxInstances: -1
        trainingMode: full
        reward:
          norm: null
          bonus: 10.0
          penalty: -1.0
      egreedy:
        epsilon: 0.1
        epsilonDecay: 0.1
        minEpsilon: 0.1
        ePath: epsilon.pt
        enabled: true
      expert:
        useExpertUntilEpisode: 0.1
        enabled: true
        learnToImitateExpertEpochs: 10
    nonlinear_split:
      method: shortcut
      branching_point_method: uniform
      num_branches: 2
      filter: false
      filter_beta: false
      filter_clamp: false
      filter_batch_size: 10000
      filter_iterations: 25
      relu_only: false
      loose_tanh_threshold: null
      dynamic_bbps: false
      dynamic_options: [uniform, three_left, three_right]
      branching_point_node: ''
      branching_point_db: []
    input_split:
      enable_clip_domains: false
      split_hint: null
      reorder_bab: false
      enable: true
      enhanced_bound_prop_method: alpha-crown
      enhanced_branching_method: naive
      enhanced_bound_patience: 100000000.0
      attack_patience: 100000000.0
      adv_check: 0
      split_partitions: 2
      sb_margin_weight: 1.0
      sb_sum: false
      sb_primary_spec: null
      bf_backup_thresh: -1
      bf_rhs_offset: 0
      bf_iters: 1000000000.0
      bf_batch_size: 100000
      bf_zero_crossing_score: false
      touch_zero_score: 0
      ibp_enhancement: false
      catch_assertion: false
      compare_with_old_bounds: false
      update_rhs_with_attack: false
      sb_coeff_thresh: 0.001
      sort_index: null
      sort_descending: true
      show_progress: false
      presplit_domains: null
      skip_getting_worst_domain: false
  attack:
    enabled: false
    beam_candidates: 8
    beam_depth: 7
    max_dive_fix_ratio: 0.8
    min_local_free_ratio: 0.2
    mip_start_iteration: 5
    mip_timeout: 30.0
    adv_pool_threshold: null
    refined_mip_attacker: false
    refined_batch_size: null
attack:
  pgd_order: input_bab
  pgd_steps: 100
  pgd_restarts: 30
  pgd_batch_size: 100000000
  pgd_early_stop: true
  pgd_lr_decay: 0.99
  pgd_alpha: auto
  pgd_alpha_scale: false
  pgd_loss_mode: null
  pgd_restart_when_stuck: false
  enable_mip_attack: false
  adv_saver: default_adv_saver
  adv_verifier: default_adv_verifier
  early_stop_condition: default_early_stop_condition
  adv_example_finalizer: default_adv_example_finalizer
  pgd_loss: default_pgd_loss
  cex_path: ./test_cex.txt
  attack_mode: PGD
  attack_tolerance: 0.0
  attack_func: attack_with_general_specs
  gama_lambda: 10.0
  gama_decay: 0.9
  check_clean: true
  input_split:
    pgd_steps: 100
    pgd_restarts: 30
    pgd_alpha: auto
  input_split_enhanced:
    pgd_steps: 200
    pgd_restarts: 500000
    pgd_alpha: auto
  input_split_check_adv:
    enabled: auto
    pgd_steps: 5
    pgd_restarts: 5
    pgd_alpha: auto
    max_num_domains: 10
debug:
  sanity_check: Full+Graph
  view_model: false
  lp_test: null
  rescale_vnnlib_ptb: null
  test_optimized_bounds: false
  test_optimized_bounds_after_n_iterations: 0
  print_verbose_decisions: false

Experiments at Sat Feb 21 19:08:35 2026 on d3233
Internal results will be saved to results/vggnet16_all_p_4/result_901.rank0.txt.

[ZRL] %%%%%%%%%%%%%%%%%%%%%%%%%%%%%%%%%%% idx: 0, vnnlib ID: 0 %%%%%%%%%%%%%%%%%%%%%%%%%%%%%%%%%%%
Using onnx /projects/air/dlverifier/vggnet16_all/onnx/vgg16-7.onnx
Using vnnlib /projects/air/dlverifier/vggnet16_all/vnnlib/n02102973_Irish_water_spaniel_global_k50176_eps_0.0002.vnnlib
150528 inputs and 1000 outputs in vnnlib
Loading cached onnx model from /projects/air/dlverifier/vggnet16_all/onnx/vgg16-7.onnx.cached
Cannot read cached onnx file. Regenerating...
Loading onnx /projects/air/dlverifier/vggnet16_all/onnx/vgg16-7.onnx with quirks {}
Finished onnx model loading in 33.1165 seconds
Number of perturbed inputs: 150528
WARNING: prioritizing attack due to too many perturbed pixels on VGG
Setting arguments.Config["attack"]["pgd_order"] to "before"
Setting bound_prop_method to crown
Attack parameters: initialization=uniform, steps=100, restarts=30, alpha=5.000084638595581e-05, initialization=uniform, GAMA=False
Model output of first 5 examples:
 tensor([[-1.22951698e+00,  1.03622222e+00, -1.99162185e+00, -2.39252687e+00,
         -1.96720481e+00, -6.12600803e-01, -9.81215477e-01, -1.69354713e+00,
         -1.59883714e+00, -2.46321940e+00, -2.16601562e+00, -9.96288836e-01,
         -8.88890684e-01, -2.05972290e+00, -8.85085940e-01, -1.01151955e+00,
         -1.18808889e+00, -1.55950594e+00, -1.48256421e+00, -1.13997102e+00,
         -2.95277286e+00, -1.96537519e+00, -1.70694649e+00, -2.13789892e+00,
         -1.50454330e+00, -2.43537998e+00, -1.88136446e+00, -1.64887261e+00,
         -1.65051556e+00, -1.34201419e+00, -2.87470007e+00, -8.45870674e-01,
         -1.98620570e+00, -2.64770889e+00, -1.53741801e+00, -2.60829449e+00,
         -4.49695557e-01, -2.69332910e+00, -1.39529407e+00, -2.19026375e+00,
         -7.71017253e-01, -2.80097985e+00, -2.81640244e+00, -2.06154847e+00,
         -2.54469228e+00, -1.87669563e+00, -5.99514186e-01, -2.35129356e+00,
         -3.19554281e+00, -1.86740470e+00, -1.12022960e+00, -3.14271498e+00,
         -1.78390312e+00, -1.10212111e+00, -1.60529196e+00, -2.22978759e+00,
         -1.29194546e+00, -2.60906100e+00, -1.57885480e+00, -1.13562012e+00,
         -9.84940708e-01, -1.85851812e+00, -2.34963369e+00, -1.05099726e+00,
         -2.13089013e+00, -1.90079272e+00, -2.20220399e+00, -1.42535579e+00,
         -2.99779129e+00, -2.64853740e+00, -7.46784329e-01, -3.25442165e-01,
         -2.75962234e-01, -2.93713398e-02,  7.72975832e-02, -3.94351661e-01,
         -6.30425870e-01, -2.08100528e-01, -1.03100583e-01,  1.87164117e-02,
         -1.17544651e+00, -3.59539676e+00, -2.37428427e+00, -2.23403668e+00,
         -1.89680433e+00, -1.87833321e+00, -2.36178231e+00, -5.57411373e-01,
          4.91138607e-01, -1.89971292e+00, -7.74944007e-01, -1.80296803e+00,
         -1.49108696e+00, -1.39098203e+00, -4.26074564e-01, -2.96709085e+00,
         -4.70710367e-01, -2.38765383e+00, -2.08308625e+00, -1.57493186e+00,
         -7.45107651e-01, -1.70901072e+00, -2.54535580e+00, -1.62276471e+00,
         -2.20622897e+00, -2.34930038e+00, -1.53919268e+00,  6.00282550e-01,
          1.20826602e-01, -1.40041232e+00, -4.28142548e-01, -1.73397750e-01,
          5.43236971e-01, -1.37569094e+00, -1.69249320e+00, -8.56705308e-01,
         -1.85749078e+00, -5.48781872e-01, -1.12919545e+00, -2.31870747e+00,
         -1.94785523e+00, -1.81354058e+00, -5.23623228e-01, -2.59907222e+00,
         -1.41279244e+00, -2.13808107e+00, -7.83514977e-01, -1.88077927e+00,
         -1.72214174e+00, -5.01993358e-01, -5.91350019e-01, -1.71431601e+00,
         -8.66099775e-01, -1.87164390e+00, -1.80978441e+00, -2.26611781e+00,
         -1.50472367e+00, -9.84037817e-01, -2.14438462e+00, -3.12986588e+00,
         -2.90981483e+00, -1.42797089e+00, -2.48862171e+00, -2.26257062e+00,
         -2.11304641e+00, -1.75147378e+00, -3.12389994e+00, -1.52035022e+00,
         -1.20853472e+00, -2.29181433e+00, -1.47538328e+00,  5.28851390e-01,
         -8.26945841e-01,  1.35343349e+00, -1.74837857e-01,  7.02507123e-02,
         -7.23070562e-01,  3.42692107e-01, -9.00992274e-01, -8.51857901e-01,
         -3.65188062e-01, -4.24660921e-01, -2.00449243e-01, -9.77070034e-01,
         -1.22428834e+00, -8.42437744e-01, -1.66947567e+00, -1.90986192e+00,
         -2.73765445e-01, -2.97337353e-01, -4.86915618e-01, -1.00156099e-01,
         -5.97470760e-01, -8.49119484e-01, -1.32480562e+00, -1.14578366e+00,
         -1.56316280e+00, -4.78560179e-01,  1.44505769e-01, -1.99141049e+00,
         -1.59844005e+00, -5.79435706e-01, -2.04932421e-01,  3.97187889e-01,
          4.29962352e-02,  1.19098991e-01, -2.72726975e-02,  7.71624625e-01,
         -1.15128314e+00, -4.23237413e-01, -9.14376020e-01,  6.26992881e-01,
          1.99640170e-01, -5.18900335e-01, -1.26322305e+00,  5.11850119e-01,
         -2.16217548e-01, -8.51888955e-01, -9.44502771e-01,  4.03731227e-01,
         -3.50849926e-01, -4.74855840e-01,  7.84474462e-02,  1.56361401e+00,
          5.32825232e-01, -1.12882388e+00, -1.26973021e+00, -7.78282285e-01,
         -7.70801485e-01, -1.50259924e+00, -2.29363823e+00, -5.69681168e-01,
         -7.54973471e-01, -1.43162143e+00, -1.06659055e+00, -5.28778970e-01,
         -6.52553558e-01, -2.82360166e-01, -8.40434492e-01, -3.36090505e-01,
         -5.92368543e-01, -1.10041547e+00, -4.24507052e-01,  7.27047801e-01,
         -2.75728125e-02, -1.42318654e+00, -4.52780932e-01, -1.31471753e+00,
         -3.58205438e-01,  5.92804253e-01, -4.12074775e-01, -6.00302577e-01,
         -7.63694644e-01,  3.50658745e-01, -8.74798954e-01, -1.49606347e+00,
         -9.58927512e-01,  1.10919721e-01, -1.21533811e+00, -5.42626500e-01,
         -8.94401252e-01, -1.74877977e+00, -2.56025344e-01, -1.69556236e+00,
         -9.95347559e-01, -7.00061679e-01, -1.31541395e+00, -9.37083364e-01,
         -9.66225147e-01, -5.82889438e-01, -8.72878075e-01, -4.18497175e-01,
          6.85362965e-02,  3.16157848e-01,  2.01732844e-01, -8.17189515e-01,
         -1.00021315e+00,  2.42047668e-01,  1.78898185e-01,  1.15863132e+00,
          2.56189644e-01, -2.90303946e-01, -1.18053830e+00, -2.96284139e-01,
         -7.27920055e-01,  1.10854042e+00,  3.43377084e-01,  6.97696358e-02,
         -1.58428538e+00, -9.50311244e-01, -7.06173420e-01, -1.21115196e+00,
         -1.67706776e+00, -1.18706691e+00, -1.75728643e+00, -2.29317045e+00,
         -1.59325004e+00, -8.92412543e-01, -9.91442442e-01, -6.21460557e-01,
         -8.30698013e-01,  3.79755408e-01,  3.28952879e-01,  2.04265809e+00,
          1.08818233e+00,  6.78036213e-01, -1.37371182e+00, -8.22227061e-01,
         -1.63443625e+00, -1.99750996e+00, -2.04860425e+00, -1.72263694e+00,
         -1.49308825e+00, -1.08113670e+00, -2.12258267e+00, -1.58558953e+00,
         -7.66824067e-01, -1.95630026e+00, -2.51593518e+00, -9.53253448e-01,
         -2.38191772e+00, -7.42885470e-02, -1.48573017e+00, -1.22020888e+00,
         -1.60320842e+00, -3.24218369e+00, -1.63857412e+00, -1.54886353e+00,
         -1.31538832e+00, -5.23886383e-01,  6.33986652e-01, -6.35483563e-01,
         -1.57169425e+00, -1.54757857e-01,  4.94742841e-02, -4.59828675e-01,
         -2.15729833e+00, -1.87731040e+00, -6.08986378e-01, -1.16415396e-02,
         -4.95019227e-01, -2.62022448e+00, -2.04962730e+00, -7.61591434e-01,
         -1.49231803e+00, -1.47513628e+00, -2.29266882e+00, -9.19867456e-01,
         -1.56716990e+00, -2.08826089e+00, -1.27704203e+00, -1.19501948e+00,
          9.60499406e-01,  1.12726498e+00, -1.55655527e+00, -2.15044880e+00,
         -2.33000755e+00, -8.82381797e-01,  4.42480296e-02, -1.99782050e+00,
         -1.44618642e+00, -1.58582520e+00, -2.73463678e+00, -2.81974411e+00,
         -2.48152113e+00, -2.55403209e+00, -2.18181705e+00, -2.13740396e+00,
         -3.07879186e+00, -2.98614693e+00, -2.95676184e+00, -2.68241739e+00,
         -1.62217391e+00, -2.81454706e+00, -1.55120182e+00, -2.05728102e+00,
         -6.92861915e-01, -1.68784451e+00, -2.05294415e-01, -2.76424468e-01,
         -1.74938238e+00, -9.72963810e-01, -1.14925098e+00, -1.75152552e+00,
         -2.26469660e+00, -2.21499205e+00, -2.38399410e+00, -2.42859149e+00,
         -1.79172075e+00, -2.42025137e+00, -2.03235650e+00, -2.18533874e+00,
         -2.01695013e+00, -1.98679101e+00, -2.06327319e+00, -2.21079755e+00,
         -2.02262974e+00, -2.05710077e+00, -3.47162187e-01, -2.36175036e+00,
         -1.29779828e+00, -1.86520576e+00, -1.52120686e+00, -1.60060298e+00,
         -1.54003394e+00, -9.13379729e-01, -1.98132324e+00, -2.70940876e+00,
         -2.11729360e+00, -1.17356265e+00, -2.75162339e+00, -7.74044514e-01,
         -1.30908096e+00, -1.07788384e+00, -1.68870616e+00, -9.35705245e-01,
         -1.34173286e+00, -1.97270155e+00,  3.55061173e-01,  4.07299900e+00,
          2.04722357e+00,  2.26268482e+00,  2.01913953e+00, -2.02654076e+00,
         -8.72261643e-01,  3.93018872e-01,  8.85005057e-01, -4.94767994e-01,
         -2.10249853e+00,  2.33761883e+00, -2.27068424e+00,  6.23217583e+00,
          1.13935006e+00,  6.93367124e-02,  4.06334448e+00,  1.03533402e-01,
          2.08413172e+00,  2.68061996e+00,  2.15776443e+00,  2.30894995e+00,
          1.21944189e+00,  4.43822265e-01,  4.95396316e-01,  9.43720877e-01,
          1.14629757e+00,  5.16328335e-01,  5.58470905e-01, -1.08042084e-01,
         -6.41978025e-01, -1.10465348e+00, -1.09408462e+00,  2.79205608e+00,
          9.61292267e-01,  2.09878087e+00,  3.81180263e+00,  3.36522174e+00,
         -7.44371235e-01,  9.44217324e-01,  1.62886965e+00,  9.65322018e-01,
          2.28818923e-01,  1.59423065e+00,  1.27950907e+00,  4.17445517e+00,
         -1.24738038e+00,  9.23814774e-01,  4.38348532e+00,  1.68142855e+00,
          3.42672497e-01,  2.78451443e-01, -1.32703173e+00,  2.25860453e+00,
          2.34163117e+00,  9.72923577e-01, -7.34492123e-01,  3.13612401e-01,
          1.58884633e+00,  4.02976656e+00, -1.07733965e+00,  2.56207871e+00,
         -1.82972348e+00,  2.08402491e+00,  2.29139566e+00,  1.54296196e+00,
          2.07748127e+00,  2.73720384e+00, -2.83791274e-01, -1.51697481e+00,
         -1.91040903e-01, -6.04531944e-01,  2.10507751e+00, -1.49766445e+00,
         -6.69900417e-01,  1.06664658e+00,  2.65755773e+00, -4.13616627e-01,
          2.26151839e-01,  5.90149581e-01,  1.51234937e+00, -5.06491840e-01,
          1.83853281e+00,  6.10674024e-01,  3.01465422e-01, -8.74254823e-01,
         -2.04422161e-01,  3.24971884e-01,  2.04181147e+00,  2.75459003e+00,
         -1.16931722e-02,  1.46346495e-01,  1.46901298e+00, -1.26657665e+00,
          8.17795694e-02,  1.16989958e+00,  1.31502414e+00,  7.20961630e-01,
          2.53277755e+00,  1.11291480e+00,  1.50935316e+00,  2.89512682e+00,
         -1.91332126e+00,  3.87726164e+00,  1.00334537e+00,  2.31295013e+00,
          1.32993519e+00,  1.84185195e+00, -1.18075347e+00,  9.14071620e-01,
          1.01384795e+00, -1.77295536e-01, -1.09004486e+00, -4.80379432e-01,
          5.71021616e-01,  1.13834512e+00,  1.46451008e+00,  7.89970696e-01,
          1.63496327e+00,  4.46539074e-01,  2.46948287e-01, -1.44069821e-01,
          2.71153593e+00,  3.59711289e-01, -5.31669557e-01,  1.20007527e+00,
          1.70558715e+00, -1.34090042e+00,  1.25858772e+00,  1.99778843e+00,
          5.78141153e-01,  2.37858319e+00,  1.67789900e+00,  2.03940821e+00,
          1.39847171e+00,  2.02862239e+00,  2.09359288e+00, -1.40517116e+00,
         -1.14876950e+00, -2.13849759e+00,  6.04405224e-01,  2.41467381e+00,
         -8.12141120e-01,  4.89970446e-01,  2.17397881e+00,  1.58713865e+00,
         -7.00814188e-01,  1.63605654e+00,  1.35009134e+00, -1.68577194e+00,
         -6.77223206e-02,  4.45164108e+00,  8.13030124e-01,  8.26334953e-01,
          3.28315067e+00,  1.29209077e+00, -7.85960972e-01, -1.92705214e-01,
          2.78546882e+00,  3.40408683e+00,  1.44191515e+00,  2.05535579e+00,
         -2.69544989e-01, -5.95195413e-01,  1.54955304e+00,  1.23229229e+00,
          2.12146425e+00,  9.03391957e-01, -6.13150895e-02, -9.99833345e-02,
          2.44392014e+00, -2.02664447e+00,  1.97360861e+00, -7.43640602e-01,
          1.45964587e+00, -1.90297377e+00, -6.70930684e-01, -1.12782264e+00,
         -1.70890164e+00,  6.67741239e-01,  4.04922199e+00,  2.33463097e+00,
          6.03559673e-01,  9.49266255e-01, -1.30116928e+00, -5.39537609e-01,
          1.92186010e+00,  2.39692307e+00, -1.73454082e+00,  1.22082508e+00,
          3.94972420e+00,  2.93179250e+00,  6.17639661e-01,  6.38202000e+00,
         -2.62585938e-01,  1.07680595e+00,  1.49066794e+00, -1.19044542e+00,
          8.58490884e-01,  5.58502674e-01,  2.57976460e+00,  6.31787121e-01,
          2.71125984e+00,  3.37732792e+00,  1.69087899e+00, -3.13106918e+00,
          8.07063520e-01,  2.24017882e+00,  3.03757739e+00,  9.90552545e-01,
          3.47302365e+00, -1.70885992e+00,  4.92399788e+00,  8.52211237e-01,
         -3.34201127e-01,  4.70566630e-01,  4.61737680e+00,  2.22600698e+00,
          9.36396241e-01,  3.06608534e+00,  1.07039738e+00,  4.96875191e+00,
          2.91266084e+00, -5.00983655e-01,  1.03428161e+00,  6.28066123e-01,
         -3.22641999e-01, -6.54362082e-01,  2.25367093e+00, -1.58513598e-02,
         -1.54701495e+00,  2.24776316e+00, -1.68612488e-02,  1.71124744e+00,
          2.38454580e+00, -4.90412682e-01, -1.68067372e+00,  1.61839321e-01,
          4.07236719e+00, -9.04035866e-02,  3.47651124e+00,  2.65287805e+00,
         -1.90127182e+00,  1.23143589e+00,  9.52281773e-01,  1.65628302e+00,
          1.56047583e+00, -8.95911396e-01,  9.36185002e-01,  1.52169943e+00,
          2.12528181e+00, -1.14384723e+00,  2.60271454e+00,  2.65570903e+00,
          1.20950377e+00, -8.06941185e-03, -7.83875227e-01,  4.85676289e+00,
         -5.45918107e-01,  7.71805942e-01,  9.88596141e-01,  4.16013092e-01,
         -9.92299542e-02, -2.31607246e+00,  1.19236124e+00, -1.12544978e+00,
          2.90345240e+00, -2.07756132e-01, -1.72306716e+00,  1.64951789e+00,
         -2.12230474e-01,  3.87650847e+00, -1.61363080e-01, -8.50177824e-01,
          1.31272542e+00,  1.94854903e+00, -3.21475565e-01, -8.37979019e-01,
         -6.93705022e-01,  1.82460502e-01,  1.60925066e+00,  1.17162275e+00,
          2.21190333e+00,  2.45873642e+00, -3.41959685e-01,  1.68316078e+00,
          2.93236613e-01, -1.35598028e+00,  5.34036219e-01,  7.75429368e-01,
          1.50638068e+00,  3.75521231e+00, -3.21313262e+00,  9.71422911e-01,
          3.06727958e+00,  2.31694311e-01, -7.67110944e-01,  1.52737212e+00,
          2.64723563e+00,  5.09853888e+00, -9.68767941e-01,  2.02453327e+00,
          1.52740526e+00,  2.33257008e+00,  7.03289747e-01, -1.03912950e+00,
          5.94960630e-01, -9.88117099e-01, -1.97983652e-01,  1.11503577e+00,
          1.11164302e-01,  4.14153862e+00,  5.66479683e-01,  2.72030997e+00,
          1.38697326e+00,  1.31118655e+00,  5.64932644e-01, -6.73532546e-01,
          1.31629586e+00, -1.58831358e+00,  5.36994100e-01,  7.29775846e-01,
          7.32366979e-01,  3.96443820e+00,  1.36550963e+00,  1.28358054e+00,
         -1.02459729e+00,  2.35514879e+00, -2.66497374e+00,  1.01941812e+00,
          3.00704861e+00,  7.10839272e-01, -2.72078276e+00,  1.92561495e+00,
          5.02782226e-01,  1.91387880e+00, -1.67131519e+00,  3.99117136e+00,
          7.33585775e-01,  6.94265723e-01,  3.31971608e-03, -1.22380936e+00,
          4.34249699e-01,  3.91201472e+00,  9.29896533e-02,  2.45015264e-01,
          4.42947000e-01,  1.70558500e+00, -1.05437160e+00,  3.29779124e+00,
          3.02858925e+00,  2.41387057e+00,  4.10037422e+00, -1.20714116e+00,
          9.13602710e-01,  3.24476433e+00,  6.72710657e-01, -8.08089137e-01,
          1.29463744e+00, -2.43272126e-01,  4.45410788e-01,  1.29620838e+00,
          3.34431314e+00,  1.81675029e+00,  7.27537215e-01,  7.99863577e-01,
          9.84064996e-01,  1.18365192e+00,  4.31433737e-01,  1.57759643e+00,
         -1.54661238e+00,  1.39386678e+00, -1.00989960e-01,  1.67030537e+00,
          3.74411154e+00,  1.37002254e+00,  1.17419851e+00,  5.01878548e+00,
          1.42855585e+00,  1.00440991e+00,  5.50909579e-01, -1.25726295e+00,
          1.92410022e-01, -2.24395916e-01,  2.85025358e+00,  1.75995886e-01,
          1.43345594e+00,  6.27971530e-01,  1.11156678e+00,  7.52673805e-01,
         -6.57704651e-01,  3.15430665e+00,  1.92410779e+00,  8.41271579e-01,
          1.07191432e+00,  3.13264108e+00,  8.26679516e+00,  4.10384536e-01,
          1.70922315e+00,  4.45778799e+00,  6.93697810e-01,  3.64860463e+00,
          5.30237854e-01, -1.11829162e-01, -1.07773864e+00, -1.73102140e+00,
          1.90490854e+00, -3.54766250e-01,  1.57237399e+00,  1.08388329e+00,
          5.11230290e-01,  1.13117903e-01,  7.61389315e-01,  3.05242658e+00,
          9.59012926e-01,  1.80830550e+00, -1.03447676e+00,  1.42441630e+00,
         -3.56567889e-01, -3.93745542e-01,  3.16537118e+00,  3.05054331e+00,
         -1.75435543e+00, -5.95619380e-01,  6.45442605e-01,  2.55768442e+00,
          4.26230192e+00, -1.71577466e+00,  5.45797110e-01,  1.71592283e+00,
          1.05041087e+00, -1.13425481e+00,  1.47909307e+00,  3.40228033e+00,
         -1.64002526e+00, -1.66554856e+00,  3.99839330e+00, -1.73057866e+00,
          1.15836716e+00,  2.14923882e+00,  1.00364566e+00, -2.84386314e-02,
          2.77634811e+00,  3.75485945e+00,  4.74705458e+00,  1.12284017e+00,
          2.07628083e+00,  2.05610967e+00,  3.65566516e+00, -1.82525754e+00,
          5.06674230e-01,  5.73837399e-01,  1.09510791e+00,  3.31884646e+00,
          3.57888967e-01, -1.45006394e+00,  6.01031494e+00,  3.94662559e-01,
         -3.12241030e+00,  1.57302999e+00,  8.06495368e-01,  2.24637890e+00,
         -3.70086074e-01,  2.53411746e+00,  1.57578719e+00, -1.12346745e+00,
         -2.07730770e+00, -3.14174742e-01, -1.32650876e+00, -2.41946191e-01,
          2.93668222e+00,  3.32375097e+00,  4.98212427e-02,  1.76989794e-01,
          2.09906149e+00, -5.58722811e-03, -2.66115165e+00,  8.58586669e-01,
          2.75770593e+00,  5.90124190e-01, -2.51720160e-01,  4.19533443e+00,
          1.27618980e+00,  8.35377276e-01,  2.29761791e+00,  2.17969751e+00,
          8.99430513e-01,  5.34105444e+00,  8.45500052e-01,  3.95406103e+00,
         -1.19996917e+00,  2.31887794e+00, -1.28986979e+00, -5.93313277e-01,
          4.09983063e+00,  2.32330894e+00,  4.71008968e+00, -1.47177339e+00,
          2.37521100e+00,  1.76633251e+00,  2.67416596e+00,  2.37888193e+00,
          2.87010431e-01, -1.45337677e+00,  1.74223888e+00,  2.66910410e+00,
          4.55909300e+00,  7.65250015e+00,  4.41845465e+00,  8.36489797e-01,
         -8.02098155e-01, -2.38511890e-01,  7.80366808e-02,  3.36172748e+00,
         -1.60343254e+00, -1.98254609e+00, -3.37620288e-01,  6.58569217e-01,
          2.12183619e+00,  1.62010550e+00,  7.17502832e-01, -1.57337099e-01,
          8.17242384e-01,  2.79246783e+00,  1.30520320e+00,  5.11286557e-02,
         -1.75825620e+00, -1.53755806e-02, -1.92122054e+00, -7.50539124e-01,
         -9.79335010e-01,  2.03778958e+00, -1.11554265e+00, -9.37162757e-01,
         -1.25812685e+00, -1.64201534e+00, -3.79815251e-01, -1.12448037e+00,
         -1.16946316e+00, -9.08614635e-01, -9.37823534e-01, -8.22630644e-01,
         -1.78955865e+00, -1.97425580e+00, -1.25459328e-01, -1.08322430e+00,
         -2.95919204e+00, -2.19821125e-01, -1.96722651e+00, -4.20525581e-01,
         -5.56073844e-01,  4.48109061e-01,  6.79482996e-01, -5.22934496e-01,
         -2.30547619e+00, -5.40753782e-01,  5.47444299e-02, -1.75419354e+00,
         -2.39587975e+00, -1.08804846e+00, -6.95542753e-01, -1.94963312e+00,
         -1.80500174e+00, -6.17919207e-01, -9.85309362e-01, -5.92488587e-01,
         -8.34638596e-01, -3.83003712e-01,  2.45691824e+00, -6.52932405e-01,
          1.25622272e+00,  4.66256857e-01, -1.29581916e+00,  2.15548825e+00,
         -1.42794633e+00, -8.77458155e-01,  3.43974918e-01, -4.12735254e-01,
         -2.06293440e+00, -1.99120507e-01, -2.55908459e-01, -1.79915583e+00,
          5.96983135e-01, -6.21661901e-01,  2.98562288e+00, -1.29123673e-01,
         -7.82929063e-01,  6.20838225e-01, -2.03674245e+00, -2.14035541e-01,
         -2.61281610e+00, -1.02016795e+00, -2.31180692e+00, -1.17084408e+00,
          6.50148392e-02, -2.47345304e+00, -2.36989260e+00, -1.91945958e+00,
         -2.04782629e+00, -3.01218319e+00, -3.22754592e-01,  2.18197799e+00]],
       device='cuda:0')
Adv example prediction (first 2 examples and 2 restarts):
 tensor([[[-1.19980133e+00,  1.03075099e+00, -1.98587561e+00, -2.38050365e+00,
          -1.95997298e+00, -5.97180665e-01, -9.71495926e-01, -1.68798375e+00,
          -1.58815479e+00, -2.46557760e+00, -2.16097760e+00, -9.97228384e-01,
          -8.92203867e-01, -2.05698133e+00, -8.74393821e-01, -1.01685107e+00,
          -1.18233562e+00, -1.54789054e+00, -1.48428452e+00, -1.13726318e+00,
          -2.94560409e+00, -1.95756650e+00, -1.70235217e+00, -2.13045263e+00,
          -1.51330900e+00, -2.43075466e+00, -1.86993313e+00, -1.62866926e+00,
          -1.64569604e+00, -1.33049023e+00, -2.86341572e+00, -8.47100616e-01,
          -1.97133577e+00, -2.64262676e+00, -1.54885626e+00, -2.60324836e+00,
          -4.51787263e-01, -2.68327045e+00, -1.38733304e+00, -2.18212628e+00,
          -7.64863253e-01, -2.79562449e+00, -2.80538845e+00, -2.05550122e+00,
          -2.53765893e+00, -1.87811530e+00, -5.98045468e-01, -2.32854891e+00,
          -3.18717122e+00, -1.86647797e+00, -1.10172808e+00, -3.11880016e+00,
          -1.77110612e+00, -1.08348334e+00, -1.59493923e+00, -2.21854496e+00,
          -1.27196217e+00, -2.59731889e+00, -1.56476641e+00, -1.12536585e+00,
          -9.80355203e-01, -1.83707738e+00, -2.32915688e+00, -1.03215885e+00,
          -2.11936069e+00, -1.89754617e+00, -2.19471812e+00, -1.41243172e+00,
          -2.98827100e+00, -2.64809322e+00, -7.48554528e-01, -3.33110482e-01,
          -2.83149004e-01, -5.29380031e-02,  6.81233108e-02, -4.13974762e-01,
          -6.48576081e-01, -2.34829515e-01, -1.10040739e-01, -8.23866576e-05,
          -1.16463268e+00, -3.57504034e+00, -2.36199570e+00, -2.23390651e+00,
          -1.89529467e+00, -1.86981821e+00, -2.35528660e+00, -5.41903317e-01,
           5.06378412e-01, -1.88102961e+00, -7.59495676e-01, -1.78876185e+00,
          -1.48358285e+00, -1.37925220e+00, -4.30780083e-01, -2.94347024e+00,
          -4.49151188e-01, -2.36696529e+00, -2.05096769e+00, -1.56251061e+00,
          -7.31317639e-01, -1.68820322e+00, -2.54559064e+00, -1.61927021e+00,
          -2.19577193e+00, -2.33436370e+00, -1.53175521e+00,  5.66080868e-01,
           1.00842506e-01, -1.39893377e+00, -4.46025491e-01, -1.95913285e-01,
           5.44631064e-01, -1.38251448e+00, -1.69459462e+00, -8.56486380e-01,
          -1.85177171e+00, -5.50045311e-01, -1.12741041e+00, -2.30297065e+00,
          -1.92807198e+00, -1.81349981e+00, -5.01262128e-01, -2.58605671e+00,
          -1.39727056e+00, -2.13753009e+00, -7.93568254e-01, -1.87428570e+00,
          -1.70487452e+00, -4.79460061e-01, -5.76479316e-01, -1.69611597e+00,
          -8.58748257e-01, -1.86214948e+00, -1.78499985e+00, -2.26157117e+00,
          -1.47098756e+00, -9.66739237e-01, -2.13315988e+00, -3.12266541e+00,
          -2.89220905e+00, -1.41495752e+00, -2.47380257e+00, -2.23881745e+00,
          -2.10576463e+00, -1.74570823e+00, -3.09800982e+00, -1.52501655e+00,
          -1.19589269e+00, -2.28373480e+00, -1.47557032e+00,  5.39510965e-01,
          -8.32266033e-01,  1.34241974e+00, -1.92443103e-01,  4.40458693e-02,
          -7.28707731e-01,  3.38081270e-01, -8.83441985e-01, -8.42735052e-01,
          -3.84674132e-01, -4.28730130e-01, -1.97378114e-01, -9.74818587e-01,
          -1.21573210e+00, -8.18867683e-01, -1.65782702e+00, -1.89282680e+00,
          -2.54932046e-01, -2.95174062e-01, -4.90498990e-01, -8.69083703e-02,
          -5.86847961e-01, -8.30762625e-01, -1.31371891e+00, -1.15646970e+00,
          -1.54701018e+00, -4.90250707e-01,  1.44232407e-01, -1.97466040e+00,
          -1.57970083e+00, -5.74448824e-01, -2.10570395e-01,  3.98858279e-01,
           3.25061157e-02,  1.09994993e-01, -3.34303342e-02,  7.57977962e-01,
          -1.15538681e+00, -4.25684661e-01, -9.25257504e-01,  6.24533117e-01,
           1.89139023e-01, -5.32433689e-01, -1.27649212e+00,  5.15981555e-01,
          -2.29101568e-01, -8.45708847e-01, -9.45084929e-01,  4.01392668e-01,
          -3.79020721e-01, -4.90464389e-01,  5.76363467e-02,  1.53381002e+00,
           5.07241130e-01, -1.10320842e+00, -1.23853707e+00, -7.75666237e-01,
          -7.50432193e-01, -1.49635458e+00, -2.27804446e+00, -5.54207504e-01,
          -7.57345617e-01, -1.43697464e+00, -1.05710840e+00, -5.21791577e-01,
          -6.49510801e-01, -2.85122484e-01, -8.39087725e-01, -3.54196310e-01,
          -5.95071614e-01, -1.12160969e+00, -4.08962637e-01,  7.45871246e-01,
          -2.30241287e-02, -1.40475011e+00, -4.60779309e-01, -1.28992617e+00,
          -3.74773532e-01,  5.77063084e-01, -4.13751692e-01, -6.08078361e-01,
          -7.69500375e-01,  3.45413715e-01, -8.47525537e-01, -1.48396397e+00,
          -9.34208035e-01,  1.39606655e-01, -1.18702710e+00, -5.31882882e-01,
          -8.77544284e-01, -1.73582876e+00, -2.55460680e-01, -1.69286084e+00,
          -9.89580631e-01, -6.98311269e-01, -1.28436124e+00, -9.31673825e-01,
          -9.58178103e-01, -5.76275349e-01, -8.65431666e-01, -4.14123386e-01,
           5.69638424e-02,  3.39608729e-01,  1.96900100e-01, -8.01746190e-01,
          -9.98191059e-01,  2.43502676e-01,  1.81702837e-01,  1.15231383e+00,
           2.51304477e-01, -2.89926708e-01, -1.17844522e+00, -2.90000051e-01,
          -7.14519739e-01,  1.10271704e+00,  3.37049931e-01,  7.44879395e-02,
          -1.56859982e+00, -9.53512013e-01, -7.01727748e-01, -1.21209717e+00,
          -1.67363369e+00, -1.16989970e+00, -1.73862565e+00, -2.29154372e+00,
          -1.60238850e+00, -8.94266963e-01, -9.91884649e-01, -6.14923835e-01,
          -8.40871036e-01,  3.67205322e-01,  3.11936051e-01,  2.01456022e+00,
           1.08047414e+00,  6.74192488e-01, -1.37079751e+00, -8.24695587e-01,
          -1.63904548e+00, -1.99443161e+00, -2.04507375e+00, -1.73655677e+00,
          -1.50345182e+00, -1.08360064e+00, -2.14585137e+00, -1.58268774e+00,
          -7.76195645e-01, -1.96263731e+00, -2.51916718e+00, -9.59597528e-01,
          -2.37547040e+00, -6.67802170e-02, -1.47741377e+00, -1.22540855e+00,
          -1.59446752e+00, -3.23341560e+00, -1.62990701e+00, -1.54912388e+00,
          -1.31827688e+00, -5.35867214e-01,  6.22651815e-01, -6.39093339e-01,
          -1.56311476e+00, -1.55061141e-01,  4.51403558e-02, -4.69190747e-01,
          -2.16270065e+00, -1.87675834e+00, -6.19241774e-01,  1.67182460e-03,
          -4.89863604e-01, -2.61200953e+00, -2.03970981e+00, -7.59766102e-01,
          -1.49692762e+00, -1.46830463e+00, -2.28788495e+00, -9.09261048e-01,
          -1.58451498e+00, -2.08637285e+00, -1.27330172e+00, -1.19558764e+00,
           9.54722822e-01,  1.10866344e+00, -1.57224989e+00, -2.15167308e+00,
          -2.33180928e+00, -8.79320323e-01,  4.58824486e-02, -1.98916614e+00,
          -1.44381547e+00, -1.56102657e+00, -2.72806597e+00, -2.82185745e+00,
          -2.47052860e+00, -2.55005479e+00, -2.16204000e+00, -2.13708186e+00,
          -3.08398056e+00, -2.98411655e+00, -2.95269465e+00, -2.67712927e+00,
          -1.61354876e+00, -2.80592132e+00, -1.54237223e+00, -2.05852079e+00,
          -7.02726722e-01, -1.68440831e+00, -1.99331686e-01, -2.81818509e-01,
          -1.76454711e+00, -9.92969751e-01, -1.17161286e+00, -1.74617326e+00,
          -2.26056981e+00, -2.20651817e+00, -2.38375282e+00, -2.42048717e+00,
          -1.79030323e+00, -2.39599848e+00, -2.02354026e+00, -2.17666101e+00,
          -2.01971436e+00, -1.98100865e+00, -2.06604409e+00, -2.20368242e+00,
          -2.01981640e+00, -2.05264950e+00, -3.36523175e-01, -2.34537625e+00,
          -1.29635167e+00, -1.84858072e+00, -1.51580524e+00, -1.60273468e+00,
          -1.52747238e+00, -8.96217585e-01, -1.96586657e+00, -2.71217561e+00,
          -2.11369348e+00, -1.15436840e+00, -2.74537683e+00, -7.65543461e-01,
          -1.31520438e+00, -1.08048856e+00, -1.66671765e+00, -9.17136490e-01,
          -1.35971189e+00, -1.98124814e+00,  3.61732751e-01,  4.07988024e+00,
           2.04538751e+00,  2.22931266e+00,  1.99560332e+00, -2.01916361e+00,
          -8.69793594e-01,  3.95613730e-01,  8.70889723e-01, -4.99006480e-01,
          -2.08884573e+00,  2.29820347e+00, -2.27633452e+00,  6.29035902e+00,
           1.08936989e+00,  7.27598518e-02,  4.09980536e+00,  1.15126908e-01,
           2.09816980e+00,  2.69009519e+00,  2.13508987e+00,  2.31754136e+00,
           1.20592177e+00,  4.32723999e-01,  5.06419837e-01,  9.53810990e-01,
           1.13726521e+00,  5.17388165e-01,  5.26968777e-01, -1.36859804e-01,
          -6.43513381e-01, -1.08818245e+00, -1.09572136e+00,  2.82710195e+00,
           9.44714785e-01,  2.12735796e+00,  3.82187080e+00,  3.34595656e+00,
          -7.52416253e-01,  9.38856959e-01,  1.61708915e+00,  9.89952981e-01,
           2.09747538e-01,  1.56703866e+00,  1.27761364e+00,  4.21028376e+00,
          -1.24260938e+00,  9.66125727e-01,  4.33989286e+00,  1.68077397e+00,
           3.45239311e-01,  2.92639822e-01, -1.30508733e+00,  2.27343988e+00,
           2.39264846e+00,  9.66564000e-01, -7.39402413e-01,  2.99435854e-01,
           1.60825002e+00,  4.06159687e+00, -1.07971597e+00,  2.59213400e+00,
          -1.82323158e+00,  2.07408214e+00,  2.29395890e+00,  1.52025247e+00,
           2.08823752e+00,  2.77361512e+00, -2.70949870e-01, -1.51807392e+00,
          -2.00869262e-01, -6.14219308e-01,  2.07831120e+00, -1.49717712e+00,
          -6.54862761e-01,  1.06426728e+00,  2.69554210e+00, -4.25096154e-01,
           2.31668875e-01,  5.81101835e-01,  1.50659287e+00, -5.17548621e-01,
           1.81551135e+00,  5.91510296e-01,  2.76914120e-01, -8.82118046e-01,
          -1.78693682e-01,  2.92445302e-01,  2.02146554e+00,  2.73719788e+00,
          -2.58393511e-02,  1.34681940e-01,  1.47469699e+00, -1.27077079e+00,
           7.08473325e-02,  1.15034723e+00,  1.29860139e+00,  7.04481423e-01,
           2.57058024e+00,  1.08018613e+00,  1.44916129e+00,  2.91282845e+00,
          -1.90076315e+00,  3.87452435e+00,  1.04049075e+00,  2.28487730e+00,
           1.30657005e+00,  1.81426656e+00, -1.19410408e+00,  8.71851683e-01,
           9.94358718e-01, -1.66784406e-01, -1.08262944e+00, -4.87925500e-01,
           5.53150296e-01,  1.12437379e+00,  1.48525119e+00,  8.04670572e-01,
           1.67618680e+00,  4.37430859e-01,  2.56454498e-01, -1.55333981e-01,
           2.74775481e+00,  3.32935303e-01, -5.03638923e-01,  1.20782697e+00,
           1.71667814e+00, -1.34118640e+00,  1.25425005e+00,  1.95346165e+00,
           5.57928562e-01,  2.43221974e+00,  1.62434661e+00,  2.01275945e+00,
           1.40706801e+00,  2.02881145e+00,  2.03922439e+00, -1.41017461e+00,
          -1.15049803e+00, -2.12731767e+00,  5.95898330e-01,  2.39544559e+00,
          -8.09563756e-01,  4.71552700e-01,  2.15311289e+00,  1.60350966e+00,
          -7.04197705e-01,  1.61734879e+00,  1.33277488e+00, -1.69768548e+00,
          -9.32294428e-02,  4.45319557e+00,  7.87350893e-01,  8.28405619e-01,
           3.26850152e+00,  1.26186633e+00, -7.80251086e-01, -2.13601261e-01,
           2.75295568e+00,  3.42785954e+00,  1.43883169e+00,  2.05152702e+00,
          -2.57042766e-01, -6.12393379e-01,  1.50475836e+00,  1.22392750e+00,
           2.14674926e+00,  8.74108076e-01, -6.83989972e-02, -9.57089886e-02,
           2.44673276e+00, -2.03755474e+00,  1.97998691e+00, -7.65221179e-01,
           1.45611823e+00, -1.88979971e+00, -6.54174924e-01, -1.12214184e+00,
          -1.69170094e+00,  6.56807363e-01,  4.05877686e+00,  2.31958199e+00,
           5.95950782e-01,  9.23024237e-01, -1.29251742e+00, -5.47935426e-01,
           1.93610919e+00,  2.37907457e+00, -1.72397542e+00,  1.22046041e+00,
           3.95090151e+00,  2.93132091e+00,  6.04755759e-01,  6.41547823e+00,
          -3.05519938e-01,  1.07212210e+00,  1.47242999e+00, -1.20322609e+00,
           8.73427331e-01,  5.80943465e-01,  2.53688407e+00,  6.08550251e-01,
           2.71535206e+00,  3.41827726e+00,  1.70292652e+00, -3.11669350e+00,
           8.05182517e-01,  2.21356010e+00,  3.03901744e+00,  9.74358737e-01,
           3.51266909e+00, -1.72019041e+00,  4.94153070e+00,  8.43616605e-01,
          -3.09376270e-01,  4.49125707e-01,  4.64896679e+00,  2.25625515e+00,
           9.49140608e-01,  3.09875059e+00,  1.07698810e+00,  4.95310879e+00,
           2.86299539e+00, -4.89351243e-01,  1.02955663e+00,  6.26735866e-01,
          -3.35599273e-01, -6.54071152e-01,  2.20235014e+00, -3.12622003e-02,
          -1.55985856e+00,  2.22360635e+00,  1.86547078e-02,  1.71536779e+00,
           2.32845330e+00, -4.99015957e-01, -1.66609752e+00,  1.47421226e-01,
           4.08790159e+00, -1.19587123e-01,  3.51057267e+00,  2.69100928e+00,
          -1.91458416e+00,  1.25086033e+00,  9.47662413e-01,  1.66871595e+00,
           1.54945731e+00, -8.82222414e-01,  9.09029245e-01,  1.50909841e+00,
           2.08981824e+00, -1.13905740e+00,  2.57223868e+00,  2.60999727e+00,
           1.25999188e+00, -3.04058045e-02, -7.87861347e-01,  4.88947105e+00,
          -5.32233000e-01,  7.74136782e-01,  1.02313197e+00,  4.20729637e-01,
          -1.00499615e-01, -2.32038426e+00,  1.15859699e+00, -1.13828099e+00,
           2.86446571e+00, -2.11279213e-01, -1.72031713e+00,  1.64493632e+00,
          -2.11321861e-01,  3.89482379e+00, -1.57725051e-01, -8.53454471e-01,
           1.32935083e+00,  1.92377019e+00, -3.32436770e-01, -8.36489022e-01,
          -6.58982098e-01,  1.64886296e-01,  1.61913013e+00,  1.17788434e+00,
           2.21588826e+00,  2.42604566e+00, -3.55103821e-01,  1.68007016e+00,
           3.21523458e-01, -1.37563097e+00,  5.13681769e-01,  7.42851019e-01,
           1.45066798e+00,  3.78771973e+00, -3.18718338e+00,  9.76907730e-01,
           3.07428527e+00,  2.62456685e-01, -7.55244195e-01,  1.49678457e+00,
           2.62921858e+00,  5.14396572e+00, -9.85602856e-01,  2.01722932e+00,
           1.53923166e+00,  2.35499954e+00,  7.19590187e-01, -1.03731918e+00,
           5.76111019e-01, -1.00011969e+00, -1.86127126e-01,  1.08502078e+00,
           9.25150812e-02,  4.13556671e+00,  5.39514124e-01,  2.69361711e+00,
           1.37560141e+00,  1.30508327e+00,  5.55170476e-01, -6.46884859e-01,
           1.31233513e+00, -1.60792053e+00,  5.36787748e-01,  7.42455900e-01,
           7.08742857e-01,  4.00351620e+00,  1.36554146e+00,  1.30806410e+00,
          -1.00657547e+00,  2.32299185e+00, -2.65960598e+00,  9.99823332e-01,
           3.02292585e+00,  6.98616207e-01, -2.72035122e+00,  1.92422211e+00,
           4.75368619e-01,  1.90195107e+00, -1.67965794e+00,  4.00790358e+00,
           7.18961179e-01,  6.77580357e-01,  8.96616839e-03, -1.21883643e+00,
           4.36127126e-01,  3.89735293e+00,  8.43078047e-02,  2.51717567e-01,
           4.41336662e-01,  1.66700101e+00, -1.03939641e+00,  3.31125760e+00,
           3.05018306e+00,  2.42757916e+00,  4.13673544e+00, -1.21232069e+00,
           9.32801545e-01,  3.20608592e+00,  6.35839581e-01, -8.22450101e-01,
           1.28179359e+00, -2.51243293e-01,  4.45838869e-01,  1.27235472e+00,
           3.29308820e+00,  1.80563772e+00,  7.29558408e-01,  7.88089156e-01,
           9.91364956e-01,  1.21793532e+00,  3.97174448e-01,  1.56186020e+00,
          -1.51855516e+00,  1.38055587e+00, -7.46572092e-02,  1.63109469e+00,
           3.72904372e+00,  1.34884405e+00,  1.22353804e+00,  5.04232693e+00,
           1.40047014e+00,  1.01808202e+00,  5.37630200e-01, -1.26758683e+00,
           2.08776265e-01, -2.38745078e-01,  2.81274867e+00,  1.51760906e-01,
           1.40748370e+00,  6.38902307e-01,  1.11568069e+00,  7.31525123e-01,
          -6.39993668e-01,  3.15351653e+00,  1.93883526e+00,  8.29684436e-01,
           1.06955886e+00,  3.14636111e+00,  8.23708820e+00,  4.19335186e-01,
           1.73453176e+00,  4.50592470e+00,  6.93023086e-01,  3.63030124e+00,
           4.96608585e-01, -1.17757499e-01, -1.07311153e+00, -1.73027158e+00,
           1.88344932e+00, -3.35288256e-01,  1.61237156e+00,  1.04436541e+00,
           5.38090765e-01,  1.10838816e-01,  7.43860185e-01,  3.00221252e+00,
           9.63719189e-01,  1.81738317e+00, -1.02673447e+00,  1.38872647e+00,
          -3.35996449e-01, -3.94918621e-01,  3.12693477e+00,  3.00463247e+00,
          -1.76236641e+00, -5.96820712e-01,  6.29680037e-01,  2.57084084e+00,
           4.28360510e+00, -1.70039475e+00,  5.22992849e-01,  1.65214312e+00,
           1.03717756e+00, -1.16190314e+00,  1.49904966e+00,  3.42000794e+00,
          -1.61403763e+00, -1.65955186e+00,  4.00981808e+00, -1.75612950e+00,
           1.16669822e+00,  2.15651178e+00,  1.00675714e+00, -4.74412926e-02,
           2.76961923e+00,  3.78183985e+00,  4.77884531e+00,  1.15205443e+00,
           2.03909039e+00,  2.03553867e+00,  3.64407516e+00, -1.82042277e+00,
           4.71379340e-01,  5.67433596e-01,  1.11579120e+00,  3.27286863e+00,
           3.41692239e-01, -1.43690443e+00,  5.95449114e+00,  3.96112233e-01,
          -3.11481571e+00,  1.56909490e+00,  7.93152153e-01,  2.20428324e+00,
          -3.85857463e-01,  2.51957226e+00,  1.58684611e+00, -1.10538077e+00,
          -2.08699679e+00, -2.98983812e-01, -1.33630466e+00, -2.77357221e-01,
           2.91203284e+00,  3.34633398e+00,  6.04340583e-02,  2.04529881e-01,
           2.09426045e+00, -1.71231627e-02, -2.66029239e+00,  8.48887503e-01,
           2.73988414e+00,  5.70597112e-01, -2.66110986e-01,  4.21363926e+00,
           1.27218032e+00,  8.00941050e-01,  2.28262782e+00,  2.17252350e+00,
           8.84995282e-01,  5.34576511e+00,  8.12356770e-01,  3.96573067e+00,
          -1.20736420e+00,  2.29775190e+00, -1.27156734e+00, -5.90297937e-01,
           4.07210445e+00,  2.31367183e+00,  4.67398214e+00, -1.46522605e+00,
           2.34942269e+00,  1.73454320e+00,  2.65426731e+00,  2.35422230e+00,
           2.91862190e-01, -1.47306275e+00,  1.74515009e+00,  2.66869688e+00,
           4.55763388e+00,  7.66293049e+00,  4.44888783e+00,  8.34028542e-01,
          -8.27747941e-01, -2.34901682e-01,  9.14177299e-02,  3.37642288e+00,
          -1.58961356e+00, -1.98443580e+00, -3.06353837e-01,  6.67196333e-01,
           2.11377096e+00,  1.61212170e+00,  7.17003584e-01, -1.75232649e-01,
           7.83287168e-01,  2.76547408e+00,  1.29765737e+00,  6.05766326e-02,
          -1.74508119e+00, -2.91663297e-02, -1.92923057e+00, -7.42360532e-01,
          -9.73385215e-01,  2.04129148e+00, -1.10802615e+00, -9.10898447e-01,
          -1.24896550e+00, -1.61398017e+00, -3.52953792e-01, -1.13068795e+00,
          -1.15938938e+00, -9.07102704e-01, -9.30174947e-01, -7.95041919e-01,
          -1.79114950e+00, -1.97254848e+00, -1.28951073e-01, -1.07074559e+00,
          -2.95491862e+00, -2.16091543e-01, -1.97596228e+00, -4.06671792e-01,
          -5.56676447e-01,  4.53169197e-01,  6.80553436e-01, -5.28340101e-01,
          -2.30075693e+00, -5.26645005e-01,  5.61674908e-02, -1.73085546e+00,
          -2.36346841e+00, -1.08811629e+00, -7.09932745e-01, -1.95700598e+00,
          -1.82401824e+00, -6.15996599e-01, -1.00562549e+00, -5.86656690e-01,
          -8.31113160e-01, -3.70319545e-01,  2.44969559e+00, -6.63505614e-01,
           1.22761047e+00,  4.59548295e-01, -1.29278052e+00,  2.14247060e+00,
          -1.41439784e+00, -8.80629539e-01,  3.25028986e-01, -3.96455020e-01,
          -2.06015491e+00, -1.84728190e-01, -2.61069417e-01, -1.79156423e+00,
           5.67969620e-01, -5.94339848e-01,  2.99044609e+00, -1.44568160e-01,
          -7.89600432e-01,  6.20193601e-01, -2.02546978e+00, -2.10880116e-01,
          -2.59532881e+00, -1.01014590e+00, -2.30445838e+00, -1.17774534e+00,
           8.28688592e-02, -2.46501303e+00, -2.34914756e+00, -1.91086400e+00,
          -2.04488325e+00, -2.99404955e+00, -3.15907031e-01,  2.18180275e+00]]],
       device='cuda:0')
PGD attack margin (first 2 examples and 10 specs):
 tensor([[[0.11692739]]], device='cuda:0')
number of violation:  0
Attack finished in 8.1207 seconds.
PGD attack failed
verified_status unknown
verified_success False
Total VNNLIB file length: 1, max property batch size: 1, total number of batches: 1

Properties batch 0, size 1
Remaining timeout: 1156.4410746097565
Verifying property 0 with 1 instances.
torch allclose failed: norm 8.889588571037166e-06
Model: BoundedModule(
  (/input-1): BoundInput(name=/input-1, inputs=[], perturbed=True)
  (/33): BoundParams(name=/33, inputs=[], perturbed=False)
  (/34): BoundParams(name=/34, inputs=[], perturbed=False)
  (/35): BoundParams(name=/35, inputs=[], perturbed=False)
  (/36): BoundParams(name=/36, inputs=[], perturbed=False)
  (/37): BoundParams(name=/37, inputs=[], perturbed=False)
  (/38): BoundParams(name=/38, inputs=[], perturbed=False)
  (/39): BoundParams(name=/39, inputs=[], perturbed=False)
  (/40): BoundParams(name=/40, inputs=[], perturbed=False)
  (/41): BoundParams(name=/41, inputs=[], perturbed=False)
  (/42): BoundParams(name=/42, inputs=[], perturbed=False)
  (/43): BoundParams(name=/43, inputs=[], perturbed=False)
  (/44): BoundParams(name=/44, inputs=[], perturbed=False)
  (/45): BoundParams(name=/45, inputs=[], perturbed=False)
  (/46): BoundParams(name=/46, inputs=[], perturbed=False)
  (/47): BoundParams(name=/47, inputs=[], perturbed=False)
  (/48): BoundParams(name=/48, inputs=[], perturbed=False)
  (/49): BoundParams(name=/49, inputs=[], perturbed=False)
  (/50): BoundParams(name=/50, inputs=[], perturbed=False)
  (/51): BoundParams(name=/51, inputs=[], perturbed=False)
  (/52): BoundParams(name=/52, inputs=[], perturbed=False)
  (/53): BoundParams(name=/53, inputs=[], perturbed=False)
  (/54): BoundParams(name=/54, inputs=[], perturbed=False)
  (/55): BoundParams(name=/55, inputs=[], perturbed=False)
  (/56): BoundParams(name=/56, inputs=[], perturbed=False)
  (/57): BoundParams(name=/57, inputs=[], perturbed=False)
  (/58): BoundParams(name=/58, inputs=[], perturbed=False)
  (/59): BoundParams(name=/59, inputs=[], perturbed=False)
  (/60): BoundParams(name=/60, inputs=[], perturbed=False)
  (/61): BoundParams(name=/61, inputs=[], perturbed=False)
  (/62): BoundParams(name=/62, inputs=[], perturbed=False)
  (/63): BoundParams(name=/63, inputs=[], perturbed=False)
  (/64): BoundParams(name=/64, inputs=[], perturbed=False)
  (/input): BoundConv(name=/input, inputs=[/input-1, /33, /34], perturbed=True)
  (/66): BoundRelu(name=/66, inputs=[/input], perturbed=True)
  (/input-4): BoundConv(name=/input-4, inputs=[/66, /35, /36], perturbed=True)
  (/68): BoundRelu(name=/68, inputs=[/input-4], perturbed=True)
  (/input-12): BoundConv(name=/input-12, inputs=[/input-8/add_3_4, /37, /38], perturbed=True)
  (/71): BoundRelu(name=/71, inputs=[/input-12], perturbed=True)
  (/input-16): BoundConv(name=/input-16, inputs=[/71, /39, /40], perturbed=True)
  (/73): BoundRelu(name=/73, inputs=[/input-16], perturbed=True)
  (/input-24): BoundConv(name=/input-24, inputs=[/input-20/add_3_4, /41, /42], perturbed=True)
  (/76): BoundRelu(name=/76, inputs=[/input-24], perturbed=True)
  (/input-28): BoundConv(name=/input-28, inputs=[/76, /43, /44], perturbed=True)
  (/78): BoundRelu(name=/78, inputs=[/input-28], perturbed=True)
  (/input-32): BoundConv(name=/input-32, inputs=[/78, /45, /46], perturbed=True)
  (/80): BoundRelu(name=/80, inputs=[/input-32], perturbed=True)
  (/input-40): BoundConv(name=/input-40, inputs=[/input-36/add_3_4, /47, /48], perturbed=True)
  (/83): BoundRelu(name=/83, inputs=[/input-40], perturbed=True)
  (/input-44): BoundConv(name=/input-44, inputs=[/83, /49, /50], perturbed=True)
  (/85): BoundRelu(name=/85, inputs=[/input-44], perturbed=True)
  (/input-48): BoundConv(name=/input-48, inputs=[/85, /51, /52], perturbed=True)
  (/87): BoundRelu(name=/87, inputs=[/input-48], perturbed=True)
  (/input-56): BoundConv(name=/input-56, inputs=[/input-52/add_3_4, /53, /54], perturbed=True)
  (/90): BoundRelu(name=/90, inputs=[/input-56], perturbed=True)
  (/input-60): BoundConv(name=/input-60, inputs=[/90, /55, /56], perturbed=True)
  (/92): BoundRelu(name=/92, inputs=[/input-60], perturbed=True)
  (/input-64): BoundConv(name=/input-64, inputs=[/92, /57, /58], perturbed=True)
  (/94): BoundRelu(name=/94, inputs=[/input-64], perturbed=True)
  (/96): BoundFlatten(name=/96, inputs=[/95/add_3_4], perturbed=True)
  (/input-68): BoundLinear(name=/input-68, inputs=[/96, /59, /60], perturbed=True)
  (/98): BoundRelu(name=/98, inputs=[/input-68], perturbed=True)
  (/99): BoundFlatten(name=/99, inputs=[/98], perturbed=True)
  (/input-72): BoundLinear(name=/input-72, inputs=[/99, /61, /62], perturbed=True)
  (/101): BoundRelu(name=/101, inputs=[/input-72], perturbed=True)
  (/102): BoundFlatten(name=/102, inputs=[/101], perturbed=True)
  (/103): BoundLinear(name=/103, inputs=[/102, /63, /64], perturbed=True)
  (/input-8/conv_1): BoundConv(name=/input-8/conv_1, inputs=[/68, /input-8/conv_1_w], perturbed=True)
  (/input-8/conv_1_relu): BoundRelu(name=/input-8/conv_1_relu, inputs=[/input-8/conv_1], perturbed=True)
  (/input-8/conv_1_w): BoundParams(name=/input-8/conv_1_w, inputs=[], perturbed=False)
  (/input-8/conv_2): BoundConv(name=/input-8/conv_2, inputs=[/68, /input-8/conv_2_w], perturbed=True)
  (/input-8/conv_2_w): BoundParams(name=/input-8/conv_2_w, inputs=[], perturbed=False)
  (/input-8/conv_3): BoundConv(name=/input-8/conv_3, inputs=[/input-8/add_1_2, /input-8/conv_3_w], perturbed=True)
  (/input-8/conv_3_relu): BoundRelu(name=/input-8/conv_3_relu, inputs=[/input-8/conv_3], perturbed=True)
  (/input-8/conv_3_w): BoundParams(name=/input-8/conv_3_w, inputs=[], perturbed=False)
  (/input-8/conv_4): BoundConv(name=/input-8/conv_4, inputs=[/input-8/add_1_2, /input-8/conv_4_w], perturbed=True)
  (/input-8/conv_4_w): BoundParams(name=/input-8/conv_4_w, inputs=[], perturbed=False)
  (/input-8/add_1_2): BoundAdd(name=/input-8/add_1_2, inputs=[/input-8/conv_1_relu, /input-8/conv_2], perturbed=True)
  (/input-8/add_3_4): BoundAdd(name=/input-8/add_3_4, inputs=[/input-8/conv_3_relu, /input-8/conv_4], perturbed=True)
  (/input-20/conv_1): BoundConv(name=/input-20/conv_1, inputs=[/73, /input-20/conv_1_w], perturbed=True)
  (/input-20/conv_1_relu): BoundRelu(name=/input-20/conv_1_relu, inputs=[/input-20/conv_1], perturbed=True)
  (/input-20/conv_1_w): BoundParams(name=/input-20/conv_1_w, inputs=[], perturbed=False)
  (/input-20/conv_2): BoundConv(name=/input-20/conv_2, inputs=[/73, /input-20/conv_2_w], perturbed=True)
  (/input-20/conv_2_w): BoundParams(name=/input-20/conv_2_w, inputs=[], perturbed=False)
  (/input-20/conv_3): BoundConv(name=/input-20/conv_3, inputs=[/input-20/add_1_2, /input-20/conv_3_w], perturbed=True)
  (/input-20/conv_3_relu): BoundRelu(name=/input-20/conv_3_relu, inputs=[/input-20/conv_3], perturbed=True)
  (/input-20/conv_3_w): BoundParams(name=/input-20/conv_3_w, inputs=[], perturbed=False)
  (/input-20/conv_4): BoundConv(name=/input-20/conv_4, inputs=[/input-20/add_1_2, /input-20/conv_4_w], perturbed=True)
  (/input-20/conv_4_w): BoundParams(name=/input-20/conv_4_w, inputs=[], perturbed=False)
  (/input-20/add_1_2): BoundAdd(name=/input-20/add_1_2, inputs=[/input-20/conv_1_relu, /input-20/conv_2], perturbed=True)
  (/input-20/add_3_4): BoundAdd(name=/input-20/add_3_4, inputs=[/input-20/conv_3_relu, /input-20/conv_4], perturbed=True)
  (/input-36/conv_1): BoundConv(name=/input-36/conv_1, inputs=[/80, /input-36/conv_1_w], perturbed=True)
  (/input-36/conv_1_relu): BoundRelu(name=/input-36/conv_1_relu, inputs=[/input-36/conv_1], perturbed=True)
  (/input-36/conv_1_w): BoundParams(name=/input-36/conv_1_w, inputs=[], perturbed=False)
  (/input-36/conv_2): BoundConv(name=/input-36/conv_2, inputs=[/80, /input-36/conv_2_w], perturbed=True)
  (/input-36/conv_2_w): BoundParams(name=/input-36/conv_2_w, inputs=[], perturbed=False)
  (/input-36/conv_3): BoundConv(name=/input-36/conv_3, inputs=[/input-36/add_1_2, /input-36/conv_3_w], perturbed=True)
  (/input-36/conv_3_relu): BoundRelu(name=/input-36/conv_3_relu, inputs=[/input-36/conv_3], perturbed=True)
  (/input-36/conv_3_w): BoundParams(name=/input-36/conv_3_w, inputs=[], perturbed=False)
  (/input-36/conv_4): BoundConv(name=/input-36/conv_4, inputs=[/input-36/add_1_2, /input-36/conv_4_w], perturbed=True)
  (/input-36/conv_4_w): BoundParams(name=/input-36/conv_4_w, inputs=[], perturbed=False)
  (/input-36/add_1_2): BoundAdd(name=/input-36/add_1_2, inputs=[/input-36/conv_1_relu, /input-36/conv_2], perturbed=True)
  (/input-36/add_3_4): BoundAdd(name=/input-36/add_3_4, inputs=[/input-36/conv_3_relu, /input-36/conv_4], perturbed=True)
  (/input-52/conv_1): BoundConv(name=/input-52/conv_1, inputs=[/87, /input-52/conv_1_w], perturbed=True)
  (/input-52/conv_1_relu): BoundRelu(name=/input-52/conv_1_relu, inputs=[/input-52/conv_1], perturbed=True)
  (/input-52/conv_1_w): BoundParams(name=/input-52/conv_1_w, inputs=[], perturbed=False)
  (/input-52/conv_2): BoundConv(name=/input-52/conv_2, inputs=[/87, /input-52/conv_2_w], perturbed=True)
  (/input-52/conv_2_w): BoundParams(name=/input-52/conv_2_w, inputs=[], perturbed=False)
  (/input-52/conv_3): BoundConv(name=/input-52/conv_3, inputs=[/input-52/add_1_2, /input-52/conv_3_w], perturbed=True)
  (/input-52/conv_3_relu): BoundRelu(name=/input-52/conv_3_relu, inputs=[/input-52/conv_3], perturbed=True)
  (/input-52/conv_3_w): BoundParams(name=/input-52/conv_3_w, inputs=[], perturbed=False)
  (/input-52/conv_4): BoundConv(name=/input-52/conv_4, inputs=[/input-52/add_1_2, /input-52/conv_4_w], perturbed=True)
  (/input-52/conv_4_w): BoundParams(name=/input-52/conv_4_w, inputs=[], perturbed=False)
  (/input-52/add_1_2): BoundAdd(name=/input-52/add_1_2, inputs=[/input-52/conv_1_relu, /input-52/conv_2], perturbed=True)
  (/input-52/add_3_4): BoundAdd(name=/input-52/add_3_4, inputs=[/input-52/conv_3_relu, /input-52/conv_4], perturbed=True)
  (/95/conv_1): BoundConv(name=/95/conv_1, inputs=[/94, /95/conv_1_w], perturbed=True)
  (/95/conv_1_relu): BoundRelu(name=/95/conv_1_relu, inputs=[/95/conv_1], perturbed=True)
  (/95/conv_1_w): BoundParams(name=/95/conv_1_w, inputs=[], perturbed=False)
  (/95/conv_2): BoundConv(name=/95/conv_2, inputs=[/94, /95/conv_2_w], perturbed=True)
  (/95/conv_2_w): BoundParams(name=/95/conv_2_w, inputs=[], perturbed=False)
  (/95/conv_3): BoundConv(name=/95/conv_3, inputs=[/95/add_1_2, /95/conv_3_w], perturbed=True)
  (/95/conv_3_relu): BoundRelu(name=/95/conv_3_relu, inputs=[/95/conv_3], perturbed=True)
  (/95/conv_3_w): BoundParams(name=/95/conv_3_w, inputs=[], perturbed=False)
  (/95/conv_4): BoundConv(name=/95/conv_4, inputs=[/95/add_1_2, /95/conv_4_w], perturbed=True)
  (/95/conv_4_w): BoundParams(name=/95/conv_4_w, inputs=[], perturbed=False)
  (/95/add_1_2): BoundAdd(name=/95/add_1_2, inputs=[/95/conv_1_relu, /95/conv_2], perturbed=True)
  (/95/add_3_4): BoundAdd(name=/95/add_3_4, inputs=[/95/conv_3_relu, /95/conv_4], perturbed=True)
)
Model prediction is: tensor([-1.22951639e+00,  1.03622198e+00, -1.99162138e+00, -2.39252639e+00,
        -1.96720469e+00, -6.12600505e-01, -9.81215179e-01, -1.69354737e+00,
        -1.59883714e+00, -2.46321917e+00, -2.16601539e+00, -9.96288478e-01,
        -8.88890564e-01, -2.05972266e+00, -8.85085464e-01, -1.01151955e+00,
        -1.18808901e+00, -1.55950546e+00, -1.48256397e+00, -1.13997066e+00,
        -2.95277286e+00, -1.96537495e+00, -1.70694637e+00, -2.13789892e+00,
        -1.50454307e+00, -2.43537951e+00, -1.88136423e+00, -1.64887226e+00,
        -1.65051532e+00, -1.34201396e+00, -2.87469983e+00, -8.45870495e-01,
        -1.98620534e+00, -2.64770865e+00, -1.53741765e+00, -2.60829449e+00,
        -4.49695379e-01, -2.69332886e+00, -1.39529359e+00, -2.19026327e+00,
        -7.71017015e-01, -2.80097961e+00, -2.81640220e+00, -2.06154823e+00,
        -2.54469204e+00, -1.87669551e+00, -5.99514067e-01, -2.35129309e+00,
        -3.19554257e+00, -1.86740446e+00, -1.12022924e+00, -3.14271498e+00,
        -1.78390276e+00, -1.10212100e+00, -1.60529184e+00, -2.22978711e+00,
        -1.29194546e+00, -2.60906053e+00, -1.57885456e+00, -1.13562000e+00,
        -9.84940529e-01, -1.85851812e+00, -2.34963369e+00, -1.05099726e+00,
        -2.13089013e+00, -1.90079236e+00, -2.20220399e+00, -1.42535567e+00,
        -2.99779129e+00, -2.64853692e+00, -7.46784627e-01, -3.25442165e-01,
        -2.75962412e-01, -2.93718316e-02,  7.72972703e-02, -3.94351989e-01,
        -6.30425870e-01, -2.08100677e-01, -1.03100426e-01,  1.87162403e-02,
        -1.17544627e+00, -3.59539652e+00, -2.37428379e+00, -2.23403668e+00,
        -1.89680409e+00, -1.87833285e+00, -2.36178207e+00, -5.57410955e-01,
         4.91138786e-01, -1.89971256e+00, -7.74943769e-01, -1.80296791e+00,
        -1.49108696e+00, -1.39098179e+00, -4.26074684e-01, -2.96709061e+00,
        -4.70710188e-01, -2.38765383e+00, -2.08308578e+00, -1.57493174e+00,
        -7.45107412e-01, -1.70901072e+00, -2.54535556e+00, -1.62276471e+00,
        -2.20622826e+00, -2.34930015e+00, -1.53919256e+00,  6.00282252e-01,
         1.20826438e-01, -1.40041208e+00, -4.28142220e-01, -1.73397601e-01,
         5.43236613e-01, -1.37569118e+00, -1.69249272e+00, -8.56705070e-01,
        -1.85749066e+00, -5.48782051e-01, -1.12919545e+00, -2.31870723e+00,
        -1.94785500e+00, -1.81354058e+00, -5.23623168e-01, -2.59907198e+00,
        -1.41279244e+00, -2.13808131e+00, -7.83514977e-01, -1.88077903e+00,
        -1.72214115e+00, -5.01993179e-01, -5.91349840e-01, -1.71431553e+00,
        -8.66099656e-01, -1.87164354e+00, -1.80978394e+00, -2.26611781e+00,
        -1.50472331e+00, -9.84037697e-01, -2.14438415e+00, -3.12986565e+00,
        -2.90981460e+00, -1.42797089e+00, -2.48862171e+00, -2.26257062e+00,
        -2.11304641e+00, -1.75147355e+00, -3.12389994e+00, -1.52034986e+00,
        -1.20853448e+00, -2.29181361e+00, -1.47538328e+00,  5.28851509e-01,
        -8.26945841e-01,  1.35343337e+00, -1.74838066e-01,  7.02507198e-02,
        -7.23070621e-01,  3.42692077e-01, -9.00992155e-01, -8.51857722e-01,
        -3.65187883e-01, -4.24660981e-01, -2.00449288e-01, -9.77070153e-01,
        -1.22428834e+00, -8.42437625e-01, -1.66947567e+00, -1.90986192e+00,
        -2.73765504e-01, -2.97337264e-01, -4.86915559e-01, -1.00155979e-01,
        -5.97470641e-01, -8.49119246e-01, -1.32480538e+00, -1.14578354e+00,
        -1.56316280e+00, -4.78559881e-01,  1.44505545e-01, -1.99141014e+00,
        -1.59843969e+00, -5.79435229e-01, -2.04932302e-01,  3.97188365e-01,
         4.29963693e-02,  1.19098976e-01, -2.72724070e-02,  7.71624565e-01,
        -1.15128291e+00, -4.23237115e-01, -9.14375901e-01,  6.26993179e-01,
         1.99640319e-01, -5.18900216e-01, -1.26322305e+00,  5.11850119e-01,
        -2.16217458e-01, -8.51888597e-01, -9.44502354e-01,  4.03731316e-01,
        -3.50849748e-01, -4.74855870e-01,  7.84476995e-02,  1.56361413e+00,
         5.32825112e-01, -1.12882388e+00, -1.26972985e+00, -7.78282404e-01,
        -7.70801365e-01, -1.50259948e+00, -2.29363799e+00, -5.69681048e-01,
        -7.54973352e-01, -1.43162131e+00, -1.06659031e+00, -5.28779030e-01,
        -6.52553499e-01, -2.82359987e-01, -8.40434372e-01, -3.36090356e-01,
        -5.92368603e-01, -1.10041499e+00, -4.24506724e-01,  7.27047920e-01,
        -2.75725294e-02, -1.42318630e+00, -4.52780604e-01, -1.31471717e+00,
        -3.58205020e-01,  5.92804790e-01, -4.12074655e-01, -6.00302458e-01,
        -7.63694644e-01,  3.50659251e-01, -8.74798715e-01, -1.49606311e+00,
        -9.58927393e-01,  1.10919803e-01, -1.21533787e+00, -5.42626500e-01,
        -8.94401193e-01, -1.74877989e+00, -2.56025225e-01, -1.69556212e+00,
        -9.95347500e-01, -7.00061381e-01, -1.31541371e+00, -9.37083304e-01,
        -9.66224849e-01, -5.82888961e-01, -8.72877836e-01, -4.18497205e-01,
         6.85364157e-02,  3.16158056e-01,  2.01732814e-01, -8.17189157e-01,
        -1.00021291e+00,  2.42048025e-01,  1.78898245e-01,  1.15863144e+00,
         2.56189823e-01, -2.90303737e-01, -1.18053830e+00, -2.96284080e-01,
        -7.27919936e-01,  1.10854065e+00,  3.43377233e-01,  6.97698742e-02,
        -1.58428526e+00, -9.50311005e-01, -7.06173062e-01, -1.21115172e+00,
        -1.67706728e+00, -1.18706667e+00, -1.75728631e+00, -2.29317045e+00,
        -1.59325004e+00, -8.92412424e-01, -9.91442382e-01, -6.21460438e-01,
        -8.30697715e-01,  3.79755497e-01,  3.28953028e-01,  2.04265809e+00,
         1.08818233e+00,  6.78036451e-01, -1.37371147e+00, -8.22226763e-01,
        -1.63443613e+00, -1.99750960e+00, -2.04860377e+00, -1.72263706e+00,
        -1.49308777e+00, -1.08113647e+00, -2.12258267e+00, -1.58558917e+00,
        -7.66824126e-01, -1.95630014e+00, -2.51593471e+00, -9.53253448e-01,
        -2.38191772e+00, -7.42884725e-02, -1.48573005e+00, -1.22020864e+00,
        -1.60320830e+00, -3.24218345e+00, -1.63857388e+00, -1.54886329e+00,
        -1.31538832e+00, -5.23886561e-01,  6.33986473e-01, -6.35483623e-01,
        -1.57169425e+00, -1.54757604e-01,  4.94741648e-02, -4.59828615e-01,
        -2.15729809e+00, -1.87731016e+00, -6.08986199e-01, -1.16413049e-02,
        -4.95019108e-01, -2.62022448e+00, -2.04962707e+00, -7.61591434e-01,
        -1.49231803e+00, -1.47513616e+00, -2.29266858e+00, -9.19867218e-01,
        -1.56716967e+00, -2.08826041e+00, -1.27704179e+00, -1.19501925e+00,
         9.60499406e-01,  1.12726486e+00, -1.55655515e+00, -2.15044856e+00,
        -2.33000755e+00, -8.82381499e-01,  4.42477763e-02, -1.99782073e+00,
        -1.44618618e+00, -1.58582485e+00, -2.73463631e+00, -2.81974411e+00,
        -2.48152089e+00, -2.55403209e+00, -2.18181682e+00, -2.13740420e+00,
        -3.07879162e+00, -2.98614693e+00, -2.95676160e+00, -2.68241739e+00,
        -1.62217391e+00, -2.81454682e+00, -1.55120218e+00, -2.05728102e+00,
        -6.92861915e-01, -1.68784428e+00, -2.05294222e-01, -2.76424468e-01,
        -1.74938238e+00, -9.72963512e-01, -1.14925075e+00, -1.75152516e+00,
        -2.26469612e+00, -2.21499181e+00, -2.38399363e+00, -2.42859125e+00,
        -1.79172039e+00, -2.42025089e+00, -2.03235626e+00, -2.18533850e+00,
        -2.01695013e+00, -1.98679078e+00, -2.06327295e+00, -2.21079731e+00,
        -2.02262950e+00, -2.05710077e+00, -3.47161949e-01, -2.36174989e+00,
        -1.29779840e+00, -1.86520541e+00, -1.52120674e+00, -1.60060275e+00,
        -1.54003358e+00, -9.13379610e-01, -1.98132300e+00, -2.70940876e+00,
        -2.11729360e+00, -1.17356217e+00, -2.75162292e+00, -7.74044216e-01,
        -1.30908072e+00, -1.07788396e+00, -1.68870580e+00, -9.35704648e-01,
        -1.34173274e+00, -1.97270155e+00,  3.55061024e-01,  4.07299900e+00,
         2.04722357e+00,  2.26268458e+00,  2.01913929e+00, -2.02654076e+00,
        -8.72262001e-01,  3.93018663e-01,  8.85004580e-01, -4.94767994e-01,
        -2.10249853e+00,  2.33761883e+00, -2.27068424e+00,  6.23217583e+00,
         1.13934982e+00,  6.93370178e-02,  4.06334448e+00,  1.03533089e-01,
         2.08413172e+00,  2.68061948e+00,  2.15776443e+00,  2.30895019e+00,
         1.21944189e+00,  4.43821907e-01,  4.95395958e-01,  9.43720758e-01,
         1.14629757e+00,  5.16328335e-01,  5.58470905e-01, -1.08042575e-01,
        -6.41977966e-01, -1.10465348e+00, -1.09408486e+00,  2.79205632e+00,
         9.61292386e-01,  2.09878111e+00,  3.81180263e+00,  3.36522126e+00,
        -7.44371057e-01,  9.44216967e-01,  1.62886918e+00,  9.65322196e-01,
         2.28818327e-01,  1.59423018e+00,  1.27950919e+00,  4.17445517e+00,
        -1.24737990e+00,  9.23814952e-01,  4.38348484e+00,  1.68142819e+00,
         3.42672467e-01,  2.78451324e-01, -1.32703173e+00,  2.25860453e+00,
         2.34163141e+00,  9.72923279e-01, -7.34492242e-01,  3.13612014e-01,
         1.58884633e+00,  4.02976704e+00, -1.07733917e+00,  2.56207871e+00,
        -1.82972360e+00,  2.08402467e+00,  2.29139590e+00,  1.54296148e+00,
         2.07748127e+00,  2.73720407e+00, -2.83791602e-01, -1.51697481e+00,
        -1.91040874e-01, -6.04532182e-01,  2.10507703e+00, -1.49766433e+00,
        -6.69900179e-01,  1.06664634e+00,  2.65755820e+00, -4.13616776e-01,
         2.26151839e-01,  5.90149581e-01,  1.51234889e+00, -5.06491721e-01,
         1.83853257e+00,  6.10673845e-01,  3.01465273e-01, -8.74254942e-01,
        -2.04422146e-01,  3.24971557e-01,  2.04181123e+00,  2.75459003e+00,
        -1.16935000e-02,  1.46346360e-01,  1.46901357e+00, -1.26657665e+00,
         8.17793012e-02,  1.16989934e+00,  1.31502390e+00,  7.20961154e-01,
         2.53277755e+00,  1.11291468e+00,  1.50935280e+00,  2.89512682e+00,
        -1.91332150e+00,  3.87726164e+00,  1.00334549e+00,  2.31294942e+00,
         1.32993460e+00,  1.84185112e+00, -1.18075407e+00,  9.14071083e-01,
         1.01384747e+00, -1.77295864e-01, -1.09004533e+00, -4.80379552e-01,
         5.71021616e-01,  1.13834524e+00,  1.46451008e+00,  7.89970934e-01,
         1.63496304e+00,  4.46539015e-01,  2.46948376e-01, -1.44070044e-01,
         2.71153569e+00,  3.59710902e-01, -5.31669199e-01,  1.20007527e+00,
         1.70558703e+00, -1.34090066e+00,  1.25858736e+00,  1.99778819e+00,
         5.78140557e-01,  2.37858343e+00,  1.67789853e+00,  2.03940773e+00,
         1.39847124e+00,  2.02862215e+00,  2.09359288e+00, -1.40517139e+00,
        -1.14876974e+00, -2.13849711e+00,  6.04405046e-01,  2.41467452e+00,
        -8.12141120e-01,  4.89970088e-01,  2.17397928e+00,  1.58713818e+00,
        -7.00814188e-01,  1.63605630e+00,  1.35009122e+00, -1.68577218e+00,
        -6.77223802e-02,  4.45164108e+00,  8.13029289e-01,  8.26334655e-01,
         3.28315091e+00,  1.29209054e+00, -7.85961330e-01, -1.92705274e-01,
         2.78546882e+00,  3.40408731e+00,  1.44191527e+00,  2.05535555e+00,
        -2.69544810e-01, -5.95195532e-01,  1.54955280e+00,  1.23229206e+00,
         2.12146401e+00,  9.03391957e-01, -6.13150001e-02, -9.99833196e-02,
         2.44392037e+00, -2.02664471e+00,  1.97360849e+00, -7.43640780e-01,
         1.45964539e+00, -1.90297377e+00, -6.70930386e-01, -1.12782240e+00,
        -1.70890152e+00,  6.67741179e-01,  4.04922199e+00,  2.33463073e+00,
         6.03559673e-01,  9.49266076e-01, -1.30116951e+00, -5.39537609e-01,
         1.92186022e+00,  2.39692307e+00, -1.73454070e+00,  1.22082531e+00,
         3.94972372e+00,  2.93179202e+00,  6.17639840e-01,  6.38202047e+00,
        -2.62586147e-01,  1.07680571e+00,  1.49066746e+00, -1.19044554e+00,
         8.58491302e-01,  5.58503032e-01,  2.57976413e+00,  6.31786764e-01,
         2.71125984e+00,  3.37732792e+00,  1.69087899e+00, -3.13106918e+00,
         8.07063043e-01,  2.24017835e+00,  3.03757715e+00,  9.90552068e-01,
         3.47302437e+00, -1.70885992e+00,  4.92399740e+00,  8.52211237e-01,
        -3.34201038e-01,  4.70566213e-01,  4.61737680e+00,  2.22600722e+00,
         9.36396301e-01,  3.06608534e+00,  1.07039750e+00,  4.96875143e+00,
         2.91266060e+00, -5.00983298e-01,  1.03428149e+00,  6.28066361e-01,
        -3.22642297e-01, -6.54362261e-01,  2.25367045e+00, -1.58513486e-02,
        -1.54701543e+00,  2.24776244e+00, -1.68608464e-02,  1.71124721e+00,
         2.38454556e+00, -4.90413159e-01, -1.68067372e+00,  1.61839217e-01,
         4.07236719e+00, -9.04037654e-02,  3.47651124e+00,  2.65287828e+00,
        -1.90127134e+00,  1.23143566e+00,  9.52281654e-01,  1.65628290e+00,
         1.56047547e+00, -8.95911157e-01,  9.36184883e-01,  1.52169895e+00,
         2.12528110e+00, -1.14384699e+00,  2.60271406e+00,  2.65570807e+00,
         1.20950460e+00, -8.06988869e-03, -7.83875108e-01,  4.85676384e+00,
        -5.45917809e-01,  7.71806121e-01,  9.88596380e-01,  4.16012555e-01,
        -9.92298201e-02, -2.31607223e+00,  1.19236088e+00, -1.12544978e+00,
         2.90345240e+00, -2.07756221e-01, -1.72306776e+00,  1.64951813e+00,
        -2.12230220e-01,  3.87650800e+00, -1.61363021e-01, -8.50177586e-01,
         1.31272578e+00,  1.94854844e+00, -3.21475804e-01, -8.37979019e-01,
        -6.93704665e-01,  1.82460412e-01,  1.60925078e+00,  1.17162251e+00,
         2.21190286e+00,  2.45873594e+00, -3.41959655e-01,  1.68316066e+00,
         2.93236643e-01, -1.35598040e+00,  5.34035802e-01,  7.75429189e-01,
         1.50637996e+00,  3.75521231e+00, -3.21313262e+00,  9.71422553e-01,
         3.06727958e+00,  2.31694728e-01, -7.67111301e-01,  1.52737176e+00,
         2.64723539e+00,  5.09853935e+00, -9.68768060e-01,  2.02453327e+00,
         1.52740514e+00,  2.33257008e+00,  7.03289628e-01, -1.03912950e+00,
         5.94960690e-01, -9.88117158e-01, -1.97983623e-01,  1.11503553e+00,
         1.11164182e-01,  4.14153862e+00,  5.66479087e-01,  2.72030926e+00,
         1.38697290e+00,  1.31118608e+00,  5.64932227e-01, -6.73532307e-01,
         1.31629574e+00, -1.58831382e+00,  5.36993980e-01,  7.29775488e-01,
         7.32366085e-01,  3.96443820e+00,  1.36550939e+00,  1.28358042e+00,
        -1.02459729e+00,  2.35514832e+00, -2.66497374e+00,  1.01941800e+00,
         3.00704813e+00,  7.10838974e-01, -2.72078276e+00,  1.92561531e+00,
         5.02781868e-01,  1.91387880e+00, -1.67131519e+00,  3.99117136e+00,
         7.33585656e-01,  6.94264889e-01,  3.31980549e-03, -1.22380948e+00,
         4.34249699e-01,  3.91201496e+00,  9.29892212e-02,  2.45015398e-01,
         4.42946792e-01,  1.70558429e+00, -1.05437160e+00,  3.29779077e+00,
         3.02858925e+00,  2.41387105e+00,  4.10037470e+00, -1.20714092e+00,
         9.13603127e-01,  3.24476385e+00,  6.72710419e-01, -8.08089375e-01,
         1.29463756e+00, -2.43272245e-01,  4.45410818e-01,  1.29620802e+00,
         3.34431267e+00,  1.81675017e+00,  7.27536738e-01,  7.99863756e-01,
         9.84065413e-01,  1.18365169e+00,  4.31433082e-01,  1.57759619e+00,
        -1.54661202e+00,  1.39386702e+00, -1.00989632e-01,  1.67030501e+00,
         3.74411130e+00,  1.37002230e+00,  1.17419899e+00,  5.01878548e+00,
         1.42855561e+00,  1.00441039e+00,  5.50909400e-01, -1.25726295e+00,
         1.92409843e-01, -2.24395707e-01,  2.85025311e+00,  1.75995618e-01,
         1.43345594e+00,  6.27971649e-01,  1.11156607e+00,  7.52673924e-01,
        -6.57704592e-01,  3.15430689e+00,  1.92410767e+00,  8.41271579e-01,
         1.07191455e+00,  3.13264084e+00,  8.26679420e+00,  4.10384953e-01,
         1.70922327e+00,  4.45778894e+00,  6.93697691e-01,  3.64860439e+00,
         5.30237615e-01, -1.11829057e-01, -1.07773840e+00, -1.73102117e+00,
         1.90490794e+00, -3.54766250e-01,  1.57237422e+00,  1.08388329e+00,
         5.11230350e-01,  1.13117844e-01,  7.61389077e-01,  3.05242610e+00,
         9.59012687e-01,  1.80830538e+00, -1.03447652e+00,  1.42441583e+00,
        -3.56567591e-01, -3.93745631e-01,  3.16537070e+00,  3.05054307e+00,
        -1.75435531e+00, -5.95619380e-01,  6.45442605e-01,  2.55768418e+00,
         4.26230240e+00, -1.71577466e+00,  5.45796812e-01,  1.71592212e+00,
         1.05041063e+00, -1.13425505e+00,  1.47909331e+00,  3.40228009e+00,
        -1.64002526e+00, -1.66554880e+00,  3.99839377e+00, -1.73057866e+00,
         1.15836692e+00,  2.14923882e+00,  1.00364542e+00, -2.84388997e-02,
         2.77634811e+00,  3.75485945e+00,  4.74705458e+00,  1.12284040e+00,
         2.07627988e+00,  2.05610943e+00,  3.65566421e+00, -1.82525742e+00,
         5.06673992e-01,  5.73836982e-01,  1.09510803e+00,  3.31884623e+00,
         3.57888848e-01, -1.45006371e+00,  6.01031446e+00,  3.94662321e-01,
        -3.12241054e+00,  1.57302999e+00,  8.06495368e-01,  2.24637771e+00,
        -3.70086133e-01,  2.53411674e+00,  1.57578695e+00, -1.12346709e+00,
        -2.07730770e+00, -3.14174652e-01, -1.32650864e+00, -2.41946712e-01,
         2.93668222e+00,  3.32375097e+00,  4.98213023e-02,  1.76989600e-01,
         2.09906125e+00, -5.58718340e-03, -2.66115141e+00,  8.58586490e-01,
         2.75770569e+00,  5.90124071e-01, -2.51720965e-01,  4.19533443e+00,
         1.27618980e+00,  8.35376859e-01,  2.29761767e+00,  2.17969728e+00,
         8.99430513e-01,  5.34105444e+00,  8.45499754e-01,  3.95406103e+00,
        -1.19996893e+00,  2.31887746e+00, -1.28986990e+00, -5.93313277e-01,
         4.09983063e+00,  2.32330894e+00,  4.71008968e+00, -1.47177339e+00,
         2.37521029e+00,  1.76633203e+00,  2.67416525e+00,  2.37888098e+00,
         2.87010252e-01, -1.45337713e+00,  1.74223876e+00,  2.66910410e+00,
         4.55909348e+00,  7.65250015e+00,  4.41845512e+00,  8.36489379e-01,
        -8.02098513e-01, -2.38511980e-01,  7.80368596e-02,  3.36172819e+00,
        -1.60343230e+00, -1.98254609e+00, -3.37620229e-01,  6.58569396e-01,
         2.12183595e+00,  1.62010574e+00,  7.17502654e-01, -1.57336950e-01,
         8.17242086e-01,  2.79246831e+00,  1.30520296e+00,  5.11284545e-02,
        -1.75825644e+00, -1.53759904e-02, -1.92122054e+00, -7.50539482e-01,
        -9.79335189e-01,  2.03778958e+00, -1.11554301e+00, -9.37162995e-01,
        -1.25812685e+00, -1.64201546e+00, -3.79815370e-01, -1.12448049e+00,
        -1.16946328e+00, -9.08614635e-01, -9.37823594e-01, -8.22630286e-01,
        -1.78955865e+00, -1.97425604e+00, -1.25459626e-01, -1.08322442e+00,
        -2.95919228e+00, -2.19821572e-01, -1.96722639e+00, -4.20525670e-01,
        -5.56073785e-01,  4.48109090e-01,  6.79482639e-01, -5.22934735e-01,
        -2.30547595e+00, -5.40753424e-01,  5.47443703e-02, -1.75419354e+00,
        -2.39587927e+00, -1.08804858e+00, -6.95542693e-01, -1.94963312e+00,
        -1.80500209e+00, -6.17919326e-01, -9.85309362e-01, -5.92488706e-01,
        -8.34638774e-01, -3.83003652e-01,  2.45691776e+00, -6.52932882e-01,
         1.25622189e+00,  4.66256350e-01, -1.29581904e+00,  2.15548778e+00,
        -1.42794621e+00, -8.77457798e-01,  3.43974948e-01, -4.12735015e-01,
        -2.06293440e+00, -1.99120209e-01, -2.55908817e-01, -1.79915583e+00,
         5.96982896e-01, -6.21661186e-01,  2.98562288e+00, -1.29123449e-01,
        -7.82929063e-01,  6.20838284e-01, -2.03674221e+00, -2.14035720e-01,
        -2.61281562e+00, -1.02016795e+00, -2.31180668e+00, -1.17084408e+00,
         6.50147945e-02, -2.47345281e+00, -2.36989212e+00, -1.91945934e+00,
        -2.04782629e+00, -3.01218319e+00, -3.22754532e-01,  2.18197751e+00],
       device='cuda:0')
Clean RHS: tensor([[0.16931486]], device='cuda:0')
Split layers:
Nonlinear functions:
   BoundRelu(name=/66, inputs=[/input], perturbed=True)
   BoundRelu(name=/68, inputs=[/input-4], perturbed=True)
   BoundRelu(name=/71, inputs=[/input-12], perturbed=True)
   BoundRelu(name=/73, inputs=[/input-16], perturbed=True)
   BoundRelu(name=/76, inputs=[/input-24], perturbed=True)
   BoundRelu(name=/78, inputs=[/input-28], perturbed=True)
   BoundRelu(name=/80, inputs=[/input-32], perturbed=True)
   BoundRelu(name=/83, inputs=[/input-40], perturbed=True)
   BoundRelu(name=/85, inputs=[/input-44], perturbed=True)
   BoundRelu(name=/87, inputs=[/input-48], perturbed=True)
   BoundRelu(name=/90, inputs=[/input-56], perturbed=True)
   BoundRelu(name=/92, inputs=[/input-60], perturbed=True)
   BoundRelu(name=/94, inputs=[/input-64], perturbed=True)
   BoundRelu(name=/98, inputs=[/input-68], perturbed=True)
   BoundRelu(name=/101, inputs=[/input-72], perturbed=True)
   BoundRelu(name=/input-8/conv_1_relu, inputs=[/input-8/conv_1], perturbed=True)
   BoundRelu(name=/input-8/conv_3_relu, inputs=[/input-8/conv_3], perturbed=True)
   BoundRelu(name=/input-20/conv_1_relu, inputs=[/input-20/conv_1], perturbed=True)
   BoundRelu(name=/input-20/conv_3_relu, inputs=[/input-20/conv_3], perturbed=True)
   BoundRelu(name=/input-36/conv_1_relu, inputs=[/input-36/conv_1], perturbed=True)
   BoundRelu(name=/input-36/conv_3_relu, inputs=[/input-36/conv_3], perturbed=True)
   BoundRelu(name=/input-52/conv_1_relu, inputs=[/input-52/conv_1], perturbed=True)
   BoundRelu(name=/input-52/conv_3_relu, inputs=[/input-52/conv_3], perturbed=True)
   BoundRelu(name=/95/conv_1_relu, inputs=[/95/conv_1], perturbed=True)
   BoundRelu(name=/95/conv_3_relu, inputs=[/95/conv_3], perturbed=True)
Batched CROWN: node BoundConv(name=/input-4, inputs=[/66, /35, /36], perturbed=True), unstable size 44647
Batched CROWN: node BoundConv(name=/input-8/conv_1, inputs=[/68, /input-8/conv_1_w], perturbed=True), unstable size 141610
Batched CROWN: node BoundConv(name=/input-8/conv_3, inputs=[/input-8/add_1_2, /input-8/conv_3_w], perturbed=True), unstable size 13974
Batched CROWN: node BoundConv(name=/input-12, inputs=[/input-8/add_3_4, /37, /38], perturbed=True), unstable size 270253
Batched CROWN: node BoundConv(name=/input-16, inputs=[/71, /39, /40], perturbed=True), unstable size 1481082
Batched CROWN: node BoundConv(name=/input-20/conv_1, inputs=[/73, /input-20/conv_1_w], perturbed=True), unstable size 39556
Batched CROWN: node BoundConv(name=/input-20/conv_3, inputs=[/input-20/add_1_2, /input-20/conv_3_w], perturbed=True), unstable size 15484
Batched CROWN: node BoundConv(name=/input-24, inputs=[/input-20/add_3_4, /41, /42], perturbed=True), unstable size 550037
Batched CROWN: node BoundConv(name=/input-28, inputs=[/76, /43, /44], perturbed=True), unstable size 752335
Batched CROWN: node BoundConv(name=/input-32, inputs=[/78, /45, /46], perturbed=True), unstable size 162157
Batched CROWN: node BoundConv(name=/input-36/conv_1, inputs=[/80, /input-36/conv_1_w], perturbed=True), unstable size 29769
Batched CROWN: node BoundConv(name=/input-36/conv_3, inputs=[/input-36/add_1_2, /input-36/conv_3_w], perturbed=True), unstable size 17631
Batched CROWN: node BoundConv(name=/input-40, inputs=[/input-36/add_3_4, /47, /48], perturbed=True), unstable size 307884
Batched CROWN: node BoundConv(name=/input-44, inputs=[/83, /49, /50], perturbed=True), unstable size 271013
Batched CROWN: node BoundConv(name=/input-48, inputs=[/85, /51, /52], perturbed=True), unstable size 115990
Batched CROWN: node BoundConv(name=/input-52/conv_1, inputs=[/87, /input-52/conv_1_w], perturbed=True), unstable size 3826
Batched CROWN: node BoundConv(name=/input-52/conv_3, inputs=[/input-52/add_1_2, /input-52/conv_3_w], perturbed=True), unstable size 3192
Batched CROWN: node BoundConv(name=/input-56, inputs=[/input-52/add_3_4, /53, /54], perturbed=True), unstable size 84698
Batched CROWN: node BoundConv(name=/input-60, inputs=[/90, /55, /56], perturbed=True), unstable size 86312
Batched CROWN: node BoundConv(name=/input-64, inputs=[/92, /57, /58], perturbed=True), unstable size 86969
Batched CROWN: node BoundConv(name=/95/conv_1, inputs=[/94, /95/conv_1_w], perturbed=True), unstable size 17691
Batched CROWN: node BoundConv(name=/95/conv_3, inputs=[/95/add_1_2, /95/conv_3_w], perturbed=True), unstable size 10178
Batched CROWN: node BoundLinear(name=/input-68, inputs=[/96, /59, /60], perturbed=True), unstable size 4096
Batched CROWN: node BoundLinear(name=/input-72, inputs=[/99, /61, /62], perturbed=True), unstable size 4096
initial crown bounds: tensor([[-15231.94042969]], device='cuda:0')
Number of class (without rhs): 1 ; Worst class: (+ rhs) -15231.9404296875
Iteration 1
Adv attack time: 1.5641s
Batch size: 1
Current pickout batch: 1, total pickout batch: 1
Batched CROWN: node BoundConv(name=/input-4, inputs=[/66, /35, /36], perturbed=True), unstable size 44647
Batched CROWN: node BoundConv(name=/input-8/conv_1, inputs=[/68, /input-8/conv_1_w], perturbed=True), unstable size 141610
Batched CROWN: node BoundConv(name=/input-8/conv_3, inputs=[/input-8/add_1_2, /input-8/conv_3_w], perturbed=True), unstable size 13974
Batched CROWN: node BoundConv(name=/input-12, inputs=[/input-8/add_3_4, /37, /38], perturbed=True), unstable size 270252
Batched CROWN: node BoundConv(name=/input-16, inputs=[/71, /39, /40], perturbed=True), unstable size 1481082
Batched CROWN: node BoundConv(name=/input-20/conv_1, inputs=[/73, /input-20/conv_1_w], perturbed=True), unstable size 39556
Batched CROWN: node BoundConv(name=/input-20/conv_3, inputs=[/input-20/add_1_2, /input-20/conv_3_w], perturbed=True), unstable size 15484
Batched CROWN: node BoundConv(name=/input-24, inputs=[/input-20/add_3_4, /41, /42], perturbed=True), unstable size 550037
Batched CROWN: node BoundConv(name=/input-28, inputs=[/76, /43, /44], perturbed=True), unstable size 752335
Batched CROWN: node BoundConv(name=/input-32, inputs=[/78, /45, /46], perturbed=True), unstable size 162157
Batched CROWN: node BoundConv(name=/input-36/conv_1, inputs=[/80, /input-36/conv_1_w], perturbed=True), unstable size 29769
Batched CROWN: node BoundConv(name=/input-36/conv_3, inputs=[/input-36/add_1_2, /input-36/conv_3_w], perturbed=True), unstable size 17631
Batched CROWN: node BoundConv(name=/input-40, inputs=[/input-36/add_3_4, /47, /48], perturbed=True), unstable size 307884
Batched CROWN: node BoundConv(name=/input-44, inputs=[/83, /49, /50], perturbed=True), unstable size 271013
Batched CROWN: node BoundConv(name=/input-48, inputs=[/85, /51, /52], perturbed=True), unstable size 115990
Batched CROWN: node BoundConv(name=/input-52/conv_1, inputs=[/87, /input-52/conv_1_w], perturbed=True), unstable size 3826
Batched CROWN: node BoundConv(name=/input-52/conv_3, inputs=[/input-52/add_1_2, /input-52/conv_3_w], perturbed=True), unstable size 3192
Batched CROWN: node BoundConv(name=/input-56, inputs=[/input-52/add_3_4, /53, /54], perturbed=True), unstable size 84698
Batched CROWN: node BoundConv(name=/input-60, inputs=[/90, /55, /56], perturbed=True), unstable size 86311
Batched CROWN: node BoundConv(name=/input-64, inputs=[/92, /57, /58], perturbed=True), unstable size 86969
Batched CROWN: node BoundConv(name=/95/conv_1, inputs=[/94, /95/conv_1_w], perturbed=True), unstable size 17691
Batched CROWN: node BoundConv(name=/95/conv_3, inputs=[/95/add_1_2, /95/conv_3_w], perturbed=True), unstable size 10178
Batched CROWN: node BoundLinear(name=/input-68, inputs=[/96, /59, /60], perturbed=True), unstable size 4096
Batched CROWN: node BoundLinear(name=/input-72, inputs=[/99, /61, /62], perturbed=True), unstable size 4096
Worst bound: tensor([-15231.91796875], device='cuda:0')
Current (lb-rhs): -15231.91796875
Total time: 2107.1036  pickout: 0.0005  split: 0.0010  decision: 0.0003  bounding: 2107.0865  clipping: 0.0000  add_domain: 0.0151  rest: 0.0001
Length of domains: 2
3 branch and bound domains visited
Time out!
Result: timeout
Time: 3214.2705841064453
[rank 0] === Checking instance ID 902 ===
[rank 0] >>> Running ID=902 onnx=onnx/vgg16-7.onnx
Configurations:

general:
  device: cuda
  seed: 100
  conv_mode: patches
  deterministic: false
  double_fp: false
  loss_reduction_func: max
  sparse_alpha: true
  sparse_interm: true
  save_adv_example: false
  verify_onnxruntime_output: false
  eval_adv_example: false
  show_adv_example: false
  precompile_jit: false
  prepare_only: false
  complete_verifier: bab
  enable_incomplete_verification: false
  csv_name: instances.csv
  results_file: results/vggnet16_all_p_4/result_902.rank0.txt
  root_path: ../../vnncomp2023_benchmarks/benchmarks/vggnet16
  deterministic_opt: false
  graph_optimizer: 'Customized("custom_graph_optimizer", "maxpool_to_relu")'
  buffer_has_batchdim: false
  save_output: false
  output_file: out.pkl
  return_optimized_model: false
  output_additional_stats: true
  instance_id: 902
  dataset_output_dir: dataset
  min_stable_neurons_ratio_threshold: 0.0
model:
  name: null
  path: null
  onnx_path: /projects/air/dlverifier/vggnet16_all/onnx/vgg16-7.onnx
  onnx_path_prefix: ''
  cache_onnx_conversion: true
  debug_onnx: false
  onnx_quirks: null
  input_shape: null
  onnx_loader: default_onnx_and_vnnlib_loader
  onnx_optimization_flags: []
  onnx_vnnlib_joint_optimization_flags: none
  check_optimized: false
  flatten_final_output: false
  optimize_graph: null
  with_jacobian: false
data:
  start: 0
  end: 10000
  select_instance: null
  num_outputs: 1000
  mean: 0.0
  std: 1.0
  pkl_path: null
  dataset: null
  data_filter_path: null
  data_idx_file: null
specification:
  type: lp
  robustness_type: verified-acc
  norm: .inf
  epsilon: null
  epsilon_min: 0.0
  vnnlib_path: /projects/air/dlverifier/vggnet16_all/vnnlib/n02102973_Irish_water_spaniel_fix_mask_seg0_k50176_eps_0.0002.vnnlib
  vnnlib_path_prefix: ''
  rhs_offset: null
solver:
  batch_size: 1
  auto_enlarge_batch_size: false
  min_batch_size_ratio: 0.1
  use_float64_in_last_iteration: false
  early_stop_patience: 10
  start_save_best: 0.5
  bound_prop_method: forward+backward
  init_bound_prop_method: same
  prune_after_crown: false
  optimize_disjuncts_separately: false
  crown:
    batch_size: 16
    max_crown_size: 1000000000
    relu_option: adaptive
  alpha-crown:
    alpha: true
    lr_alpha: 0.1
    iteration: 100
    share_alphas: false
    lr_decay: 0.98
    full_conv_alpha: true
    max_coeff_mul: .inf
    matmul_share_alphas: false
    disable_optimization: []
    max_time: 1.0
  invprop:
    apply_output_constraints_to: []
    tighten_input_bounds: false
    best_of_oc_and_no_oc: false
    directly_optimize: []
    oc_lr: 0.1
    share_gammas: false
  beta-crown:
    lr_alpha: 0.01
    lr_beta: 0.05
    lr_decay: 0.98
    optimizer: adam
    iteration: 10
    beta: true
    beta_warmup: true
    enable_opt_interm_bounds: false
    all_node_split_LP: false
  forward:
    refine: false
    dynamic: true
    max_dim: 100
    reset_threshold: 1.0
  intermediate_refinement:
    enabled: false
    batch_size: 10
    opt_coeffs: false
    opt_bias: false
    lr: 0.05
    layers: [-1]
    max_domains: 1000
  multi_class:
    label_batch_size: 32
    skip_with_refined_bound: true
  mip:
    unstable_neuron_threshold: 0
    parallel_solvers: null
    solver_threads: 1
    refine_neuron_timeout: 15
    refine_neuron_time_percentage: 0.8
    early_stop: true
    adv_warmup: true
    mip_solver: gurobi
    skip_unsafe: false
    topk_filter: 1.0
    sliding_window: -1
    extra_constraint: false
    refine_neuron_timeout_increasement: 0
    timeout_neuron_percentage: 0.3
    remaining_timeout_threshold: 1
    remove_unstable_neurons: true
    lp_solver: false
bab:
  initial_max_domains: 1
  backing_up_max_domain: null
  max_domains: .inf
  decision_thresh: 0
  timeout: 1200.0
  timeout_scale: 1
  max_iterations: -1
  override_timeout: null
  get_upper_bound: false
  pruning_in_iteration: true
  pruning_in_iteration_ratio: 0.2
  sort_targets: false
  batched_domain_list: true
  optimized_interm: ''
  interm_transfer: true
  recompute_interm: false
  sort_domain_interval: -1
  vanilla_crown: false
  tree_traversal: depth_first
  cut:
    enabled: false
    cuts_path: /tmp/abcrown_cuts
    implication: false
    bab_cut: false
    lp_cut: false
    method: null
    lr: 0.01
    lr_decay: 1.0
    iteration: 100
    bab_iteration: -1
    early_stop_patience: -1
    lr_beta: 0.02
    number_cuts: 50
    topk_cuts_in_filter: 1000
    batch_size_primal: 100
    max_num: 1000000000
    patches_cut: false
    cplex_cuts: false
    cplex_cuts_wait: 0
    cplex_cuts_revpickup: true
    cut_reference_bounds: true
    fix_intermediate_bounds: false
    _tmp_cuts: null
    fixed_cuts: false
    add_implied_cuts: false
    add_input_cuts: false
    biccos:
      enabled: false
      constraint_strengthening: true
      recursively_strengthening: false
      drop_ratio: 0.5
      verified_bonus: 0.3
      max_infer_iter: 20
      heuristic: neuron_influence_score
      save_biccos_cuts: false
      multi_tree_branching:
        enabled: false
        restore_best_tree: false
        keep_n_best_domains: 1
        k_splits: 1
        iterations: 1
  branching:
    method: sb
    candidates: 3
    reduceop: min
    enable_intermediate_bound_opt: false
    branching_input_and_activation: false
    branching_input_and_activation_order: [input, relu]
    branching_input_iterations: 30
    branching_relu_iterations: 50
    gnn_path: ''
    neural_heuristic:
      model_path: ''
    rl:
      experiment: general
      eval: false
      extras: []
      logging:
        color: true
        debug: true
        file: rl-experiment.log
      pnet:
        gH: 64
        tH: 64
        nheads: 64
        nlayers: 64
        useDynamicGraph: true
        bidirectional: false
        GAT: true
      training:
        gamma: 0.99
        lr: 0.001
        batchSize: 8
        loop: 8
        totalEpochs: 10
        updatePolicyFrequency: 10
        updateTargetFrequency: 10
        buffer: buffer.pkl
        preparedBuffer: 'False'
        TestingPreparedBuffer: false
        scriptTraining: false
        policynet: policy-checkpoint.pt
        targetnet: target-checkpoint.pt
        datasetShuffle: true
        targetedData: all
        splitRatio: 0.8
        maxInstances: -1
        trainingMode: full
        reward:
          norm: null
          bonus: 10.0
          penalty: -1.0
      egreedy:
        epsilon: 0.1
        epsilonDecay: 0.1
        minEpsilon: 0.1
        ePath: epsilon.pt
        enabled: true
      expert:
        useExpertUntilEpisode: 0.1
        enabled: true
        learnToImitateExpertEpochs: 10
    nonlinear_split:
      method: shortcut
      branching_point_method: uniform
      num_branches: 2
      filter: false
      filter_beta: false
      filter_clamp: false
      filter_batch_size: 10000
      filter_iterations: 25
      relu_only: false
      loose_tanh_threshold: null
      dynamic_bbps: false
      dynamic_options: [uniform, three_left, three_right]
      branching_point_node: ''
      branching_point_db: []
    input_split:
      enable_clip_domains: false
      split_hint: null
      reorder_bab: false
      enable: true
      enhanced_bound_prop_method: alpha-crown
      enhanced_branching_method: naive
      enhanced_bound_patience: 100000000.0
      attack_patience: 100000000.0
      adv_check: 0
      split_partitions: 2
      sb_margin_weight: 1.0
      sb_sum: false
      sb_primary_spec: null
      bf_backup_thresh: -1
      bf_rhs_offset: 0
      bf_iters: 1000000000.0
      bf_batch_size: 100000
      bf_zero_crossing_score: false
      touch_zero_score: 0
      ibp_enhancement: false
      catch_assertion: false
      compare_with_old_bounds: false
      update_rhs_with_attack: false
      sb_coeff_thresh: 0.001
      sort_index: null
      sort_descending: true
      show_progress: false
      presplit_domains: null
      skip_getting_worst_domain: false
  attack:
    enabled: false
    beam_candidates: 8
    beam_depth: 7
    max_dive_fix_ratio: 0.8
    min_local_free_ratio: 0.2
    mip_start_iteration: 5
    mip_timeout: 30.0
    adv_pool_threshold: null
    refined_mip_attacker: false
    refined_batch_size: null
attack:
  pgd_order: input_bab
  pgd_steps: 100
  pgd_restarts: 30
  pgd_batch_size: 100000000
  pgd_early_stop: true
  pgd_lr_decay: 0.99
  pgd_alpha: auto
  pgd_alpha_scale: false
  pgd_loss_mode: null
  pgd_restart_when_stuck: false
  enable_mip_attack: false
  adv_saver: default_adv_saver
  adv_verifier: default_adv_verifier
  early_stop_condition: default_early_stop_condition
  adv_example_finalizer: default_adv_example_finalizer
  pgd_loss: default_pgd_loss
  cex_path: ./test_cex.txt
  attack_mode: PGD
  attack_tolerance: 0.0
  attack_func: attack_with_general_specs
  gama_lambda: 10.0
  gama_decay: 0.9
  check_clean: true
  input_split:
    pgd_steps: 100
    pgd_restarts: 30
    pgd_alpha: auto
  input_split_enhanced:
    pgd_steps: 200
    pgd_restarts: 500000
    pgd_alpha: auto
  input_split_check_adv:
    enabled: auto
    pgd_steps: 5
    pgd_restarts: 5
    pgd_alpha: auto
    max_num_domains: 10
debug:
  sanity_check: Full+Graph
  view_model: false
  lp_test: null
  rescale_vnnlib_ptb: null
  test_optimized_bounds: false
  test_optimized_bounds_after_n_iterations: 0
  print_verbose_decisions: false

Experiments at Sat Feb 21 20:02:29 2026 on d3233
Internal results will be saved to results/vggnet16_all_p_4/result_902.rank0.txt.

[ZRL] %%%%%%%%%%%%%%%%%%%%%%%%%%%%%%%%%%% idx: 0, vnnlib ID: 0 %%%%%%%%%%%%%%%%%%%%%%%%%%%%%%%%%%%
Using onnx /projects/air/dlverifier/vggnet16_all/onnx/vgg16-7.onnx
Using vnnlib /projects/air/dlverifier/vggnet16_all/vnnlib/n02102973_Irish_water_spaniel_fix_mask_seg0_k50176_eps_0.0002.vnnlib
150528 inputs and 1000 outputs in vnnlib
Loading cached onnx model from /projects/air/dlverifier/vggnet16_all/onnx/vgg16-7.onnx.cached
Cannot read cached onnx file. Regenerating...
Loading onnx /projects/air/dlverifier/vggnet16_all/onnx/vgg16-7.onnx with quirks {}
Finished onnx model loading in 37.2207 seconds
Number of perturbed inputs: 27033
WARNING: prioritizing attack due to too many perturbed pixels on VGG
Setting arguments.Config["attack"]["pgd_order"] to "before"
Setting bound_prop_method to crown
Attack parameters: initialization=uniform, steps=100, restarts=30, alpha=5.000084638595581e-05, initialization=uniform, GAMA=False
Model output of first 5 examples:
 tensor([[-1.22951698e+00,  1.03622222e+00, -1.99162185e+00, -2.39252687e+00,
         -1.96720481e+00, -6.12600803e-01, -9.81215477e-01, -1.69354713e+00,
         -1.59883714e+00, -2.46321940e+00, -2.16601562e+00, -9.96288836e-01,
         -8.88890684e-01, -2.05972290e+00, -8.85085940e-01, -1.01151955e+00,
         -1.18808889e+00, -1.55950594e+00, -1.48256421e+00, -1.13997102e+00,
         -2.95277286e+00, -1.96537519e+00, -1.70694649e+00, -2.13789892e+00,
         -1.50454330e+00, -2.43537998e+00, -1.88136446e+00, -1.64887261e+00,
         -1.65051556e+00, -1.34201419e+00, -2.87470007e+00, -8.45870674e-01,
         -1.98620570e+00, -2.64770889e+00, -1.53741801e+00, -2.60829449e+00,
         -4.49695557e-01, -2.69332910e+00, -1.39529407e+00, -2.19026375e+00,
         -7.71017253e-01, -2.80097985e+00, -2.81640244e+00, -2.06154847e+00,
         -2.54469228e+00, -1.87669563e+00, -5.99514186e-01, -2.35129356e+00,
         -3.19554281e+00, -1.86740470e+00, -1.12022960e+00, -3.14271498e+00,
         -1.78390312e+00, -1.10212111e+00, -1.60529196e+00, -2.22978759e+00,
         -1.29194546e+00, -2.60906100e+00, -1.57885480e+00, -1.13562012e+00,
         -9.84940708e-01, -1.85851812e+00, -2.34963369e+00, -1.05099726e+00,
         -2.13089013e+00, -1.90079272e+00, -2.20220399e+00, -1.42535579e+00,
         -2.99779129e+00, -2.64853740e+00, -7.46784329e-01, -3.25442165e-01,
         -2.75962234e-01, -2.93713398e-02,  7.72975832e-02, -3.94351661e-01,
         -6.30425870e-01, -2.08100528e-01, -1.03100583e-01,  1.87164117e-02,
         -1.17544651e+00, -3.59539676e+00, -2.37428427e+00, -2.23403668e+00,
         -1.89680433e+00, -1.87833321e+00, -2.36178231e+00, -5.57411373e-01,
          4.91138607e-01, -1.89971292e+00, -7.74944007e-01, -1.80296803e+00,
         -1.49108696e+00, -1.39098203e+00, -4.26074564e-01, -2.96709085e+00,
         -4.70710367e-01, -2.38765383e+00, -2.08308625e+00, -1.57493186e+00,
         -7.45107651e-01, -1.70901072e+00, -2.54535580e+00, -1.62276471e+00,
         -2.20622897e+00, -2.34930038e+00, -1.53919268e+00,  6.00282550e-01,
          1.20826602e-01, -1.40041232e+00, -4.28142548e-01, -1.73397750e-01,
          5.43236971e-01, -1.37569094e+00, -1.69249320e+00, -8.56705308e-01,
         -1.85749078e+00, -5.48781872e-01, -1.12919545e+00, -2.31870747e+00,
         -1.94785523e+00, -1.81354058e+00, -5.23623228e-01, -2.59907222e+00,
         -1.41279244e+00, -2.13808107e+00, -7.83514977e-01, -1.88077927e+00,
         -1.72214174e+00, -5.01993358e-01, -5.91350019e-01, -1.71431601e+00,
         -8.66099775e-01, -1.87164390e+00, -1.80978441e+00, -2.26611781e+00,
         -1.50472367e+00, -9.84037817e-01, -2.14438462e+00, -3.12986588e+00,
         -2.90981483e+00, -1.42797089e+00, -2.48862171e+00, -2.26257062e+00,
         -2.11304641e+00, -1.75147378e+00, -3.12389994e+00, -1.52035022e+00,
         -1.20853472e+00, -2.29181433e+00, -1.47538328e+00,  5.28851390e-01,
         -8.26945841e-01,  1.35343349e+00, -1.74837857e-01,  7.02507123e-02,
         -7.23070562e-01,  3.42692107e-01, -9.00992274e-01, -8.51857901e-01,
         -3.65188062e-01, -4.24660921e-01, -2.00449243e-01, -9.77070034e-01,
         -1.22428834e+00, -8.42437744e-01, -1.66947567e+00, -1.90986192e+00,
         -2.73765445e-01, -2.97337353e-01, -4.86915618e-01, -1.00156099e-01,
         -5.97470760e-01, -8.49119484e-01, -1.32480562e+00, -1.14578366e+00,
         -1.56316280e+00, -4.78560179e-01,  1.44505769e-01, -1.99141049e+00,
         -1.59844005e+00, -5.79435706e-01, -2.04932421e-01,  3.97187889e-01,
          4.29962352e-02,  1.19098991e-01, -2.72726975e-02,  7.71624625e-01,
         -1.15128314e+00, -4.23237413e-01, -9.14376020e-01,  6.26992881e-01,
          1.99640170e-01, -5.18900335e-01, -1.26322305e+00,  5.11850119e-01,
         -2.16217548e-01, -8.51888955e-01, -9.44502771e-01,  4.03731227e-01,
         -3.50849926e-01, -4.74855840e-01,  7.84474462e-02,  1.56361401e+00,
          5.32825232e-01, -1.12882388e+00, -1.26973021e+00, -7.78282285e-01,
         -7.70801485e-01, -1.50259924e+00, -2.29363823e+00, -5.69681168e-01,
         -7.54973471e-01, -1.43162143e+00, -1.06659055e+00, -5.28778970e-01,
         -6.52553558e-01, -2.82360166e-01, -8.40434492e-01, -3.36090505e-01,
         -5.92368543e-01, -1.10041547e+00, -4.24507052e-01,  7.27047801e-01,
         -2.75728125e-02, -1.42318654e+00, -4.52780932e-01, -1.31471753e+00,
         -3.58205438e-01,  5.92804253e-01, -4.12074775e-01, -6.00302577e-01,
         -7.63694644e-01,  3.50658745e-01, -8.74798954e-01, -1.49606347e+00,
         -9.58927512e-01,  1.10919721e-01, -1.21533811e+00, -5.42626500e-01,
         -8.94401252e-01, -1.74877977e+00, -2.56025344e-01, -1.69556236e+00,
         -9.95347559e-01, -7.00061679e-01, -1.31541395e+00, -9.37083364e-01,
         -9.66225147e-01, -5.82889438e-01, -8.72878075e-01, -4.18497175e-01,
          6.85362965e-02,  3.16157848e-01,  2.01732844e-01, -8.17189515e-01,
         -1.00021315e+00,  2.42047668e-01,  1.78898185e-01,  1.15863132e+00,
          2.56189644e-01, -2.90303946e-01, -1.18053830e+00, -2.96284139e-01,
         -7.27920055e-01,  1.10854042e+00,  3.43377084e-01,  6.97696358e-02,
         -1.58428538e+00, -9.50311244e-01, -7.06173420e-01, -1.21115196e+00,
         -1.67706776e+00, -1.18706691e+00, -1.75728643e+00, -2.29317045e+00,
         -1.59325004e+00, -8.92412543e-01, -9.91442442e-01, -6.21460557e-01,
         -8.30698013e-01,  3.79755408e-01,  3.28952879e-01,  2.04265809e+00,
          1.08818233e+00,  6.78036213e-01, -1.37371182e+00, -8.22227061e-01,
         -1.63443625e+00, -1.99750996e+00, -2.04860425e+00, -1.72263694e+00,
         -1.49308825e+00, -1.08113670e+00, -2.12258267e+00, -1.58558953e+00,
         -7.66824067e-01, -1.95630026e+00, -2.51593518e+00, -9.53253448e-01,
         -2.38191772e+00, -7.42885470e-02, -1.48573017e+00, -1.22020888e+00,
         -1.60320842e+00, -3.24218369e+00, -1.63857412e+00, -1.54886353e+00,
         -1.31538832e+00, -5.23886383e-01,  6.33986652e-01, -6.35483563e-01,
         -1.57169425e+00, -1.54757857e-01,  4.94742841e-02, -4.59828675e-01,
         -2.15729833e+00, -1.87731040e+00, -6.08986378e-01, -1.16415396e-02,
         -4.95019227e-01, -2.62022448e+00, -2.04962730e+00, -7.61591434e-01,
         -1.49231803e+00, -1.47513628e+00, -2.29266882e+00, -9.19867456e-01,
         -1.56716990e+00, -2.08826089e+00, -1.27704203e+00, -1.19501948e+00,
          9.60499406e-01,  1.12726498e+00, -1.55655527e+00, -2.15044880e+00,
         -2.33000755e+00, -8.82381797e-01,  4.42480296e-02, -1.99782050e+00,
         -1.44618642e+00, -1.58582520e+00, -2.73463678e+00, -2.81974411e+00,
         -2.48152113e+00, -2.55403209e+00, -2.18181705e+00, -2.13740396e+00,
         -3.07879186e+00, -2.98614693e+00, -2.95676184e+00, -2.68241739e+00,
         -1.62217391e+00, -2.81454706e+00, -1.55120182e+00, -2.05728102e+00,
         -6.92861915e-01, -1.68784451e+00, -2.05294415e-01, -2.76424468e-01,
         -1.74938238e+00, -9.72963810e-01, -1.14925098e+00, -1.75152552e+00,
         -2.26469660e+00, -2.21499205e+00, -2.38399410e+00, -2.42859149e+00,
         -1.79172075e+00, -2.42025137e+00, -2.03235650e+00, -2.18533874e+00,
         -2.01695013e+00, -1.98679101e+00, -2.06327319e+00, -2.21079755e+00,
         -2.02262974e+00, -2.05710077e+00, -3.47162187e-01, -2.36175036e+00,
         -1.29779828e+00, -1.86520576e+00, -1.52120686e+00, -1.60060298e+00,
         -1.54003394e+00, -9.13379729e-01, -1.98132324e+00, -2.70940876e+00,
         -2.11729360e+00, -1.17356265e+00, -2.75162339e+00, -7.74044514e-01,
         -1.30908096e+00, -1.07788384e+00, -1.68870616e+00, -9.35705245e-01,
         -1.34173286e+00, -1.97270155e+00,  3.55061173e-01,  4.07299900e+00,
          2.04722357e+00,  2.26268482e+00,  2.01913953e+00, -2.02654076e+00,
         -8.72261643e-01,  3.93018872e-01,  8.85005057e-01, -4.94767994e-01,
         -2.10249853e+00,  2.33761883e+00, -2.27068424e+00,  6.23217583e+00,
          1.13935006e+00,  6.93367124e-02,  4.06334448e+00,  1.03533402e-01,
          2.08413172e+00,  2.68061996e+00,  2.15776443e+00,  2.30894995e+00,
          1.21944189e+00,  4.43822265e-01,  4.95396316e-01,  9.43720877e-01,
          1.14629757e+00,  5.16328335e-01,  5.58470905e-01, -1.08042084e-01,
         -6.41978025e-01, -1.10465348e+00, -1.09408462e+00,  2.79205608e+00,
          9.61292267e-01,  2.09878087e+00,  3.81180263e+00,  3.36522174e+00,
         -7.44371235e-01,  9.44217324e-01,  1.62886965e+00,  9.65322018e-01,
          2.28818923e-01,  1.59423065e+00,  1.27950907e+00,  4.17445517e+00,
         -1.24738038e+00,  9.23814774e-01,  4.38348532e+00,  1.68142855e+00,
          3.42672497e-01,  2.78451443e-01, -1.32703173e+00,  2.25860453e+00,
          2.34163117e+00,  9.72923577e-01, -7.34492123e-01,  3.13612401e-01,
          1.58884633e+00,  4.02976656e+00, -1.07733965e+00,  2.56207871e+00,
         -1.82972348e+00,  2.08402491e+00,  2.29139566e+00,  1.54296196e+00,
          2.07748127e+00,  2.73720384e+00, -2.83791274e-01, -1.51697481e+00,
         -1.91040903e-01, -6.04531944e-01,  2.10507751e+00, -1.49766445e+00,
         -6.69900417e-01,  1.06664658e+00,  2.65755773e+00, -4.13616627e-01,
          2.26151839e-01,  5.90149581e-01,  1.51234937e+00, -5.06491840e-01,
          1.83853281e+00,  6.10674024e-01,  3.01465422e-01, -8.74254823e-01,
         -2.04422161e-01,  3.24971884e-01,  2.04181147e+00,  2.75459003e+00,
         -1.16931722e-02,  1.46346495e-01,  1.46901298e+00, -1.26657665e+00,
          8.17795694e-02,  1.16989958e+00,  1.31502414e+00,  7.20961630e-01,
          2.53277755e+00,  1.11291480e+00,  1.50935316e+00,  2.89512682e+00,
         -1.91332126e+00,  3.87726164e+00,  1.00334537e+00,  2.31295013e+00,
          1.32993519e+00,  1.84185195e+00, -1.18075347e+00,  9.14071620e-01,
          1.01384795e+00, -1.77295536e-01, -1.09004486e+00, -4.80379432e-01,
          5.71021616e-01,  1.13834512e+00,  1.46451008e+00,  7.89970696e-01,
          1.63496327e+00,  4.46539074e-01,  2.46948287e-01, -1.44069821e-01,
          2.71153593e+00,  3.59711289e-01, -5.31669557e-01,  1.20007527e+00,
          1.70558715e+00, -1.34090042e+00,  1.25858772e+00,  1.99778843e+00,
          5.78141153e-01,  2.37858319e+00,  1.67789900e+00,  2.03940821e+00,
          1.39847171e+00,  2.02862239e+00,  2.09359288e+00, -1.40517116e+00,
         -1.14876950e+00, -2.13849759e+00,  6.04405224e-01,  2.41467381e+00,
         -8.12141120e-01,  4.89970446e-01,  2.17397881e+00,  1.58713865e+00,
         -7.00814188e-01,  1.63605654e+00,  1.35009134e+00, -1.68577194e+00,
         -6.77223206e-02,  4.45164108e+00,  8.13030124e-01,  8.26334953e-01,
          3.28315067e+00,  1.29209077e+00, -7.85960972e-01, -1.92705214e-01,
          2.78546882e+00,  3.40408683e+00,  1.44191515e+00,  2.05535579e+00,
         -2.69544989e-01, -5.95195413e-01,  1.54955304e+00,  1.23229229e+00,
          2.12146425e+00,  9.03391957e-01, -6.13150895e-02, -9.99833345e-02,
          2.44392014e+00, -2.02664447e+00,  1.97360861e+00, -7.43640602e-01,
          1.45964587e+00, -1.90297377e+00, -6.70930684e-01, -1.12782264e+00,
         -1.70890164e+00,  6.67741239e-01,  4.04922199e+00,  2.33463097e+00,
          6.03559673e-01,  9.49266255e-01, -1.30116928e+00, -5.39537609e-01,
          1.92186010e+00,  2.39692307e+00, -1.73454082e+00,  1.22082508e+00,
          3.94972420e+00,  2.93179250e+00,  6.17639661e-01,  6.38202000e+00,
         -2.62585938e-01,  1.07680595e+00,  1.49066794e+00, -1.19044542e+00,
          8.58490884e-01,  5.58502674e-01,  2.57976460e+00,  6.31787121e-01,
          2.71125984e+00,  3.37732792e+00,  1.69087899e+00, -3.13106918e+00,
          8.07063520e-01,  2.24017882e+00,  3.03757739e+00,  9.90552545e-01,
          3.47302365e+00, -1.70885992e+00,  4.92399788e+00,  8.52211237e-01,
         -3.34201127e-01,  4.70566630e-01,  4.61737680e+00,  2.22600698e+00,
          9.36396241e-01,  3.06608534e+00,  1.07039738e+00,  4.96875191e+00,
          2.91266084e+00, -5.00983655e-01,  1.03428161e+00,  6.28066123e-01,
         -3.22641999e-01, -6.54362082e-01,  2.25367093e+00, -1.58513598e-02,
         -1.54701495e+00,  2.24776316e+00, -1.68612488e-02,  1.71124744e+00,
          2.38454580e+00, -4.90412682e-01, -1.68067372e+00,  1.61839321e-01,
          4.07236719e+00, -9.04035866e-02,  3.47651124e+00,  2.65287805e+00,
         -1.90127182e+00,  1.23143589e+00,  9.52281773e-01,  1.65628302e+00,
          1.56047583e+00, -8.95911396e-01,  9.36185002e-01,  1.52169943e+00,
          2.12528181e+00, -1.14384723e+00,  2.60271454e+00,  2.65570903e+00,
          1.20950377e+00, -8.06941185e-03, -7.83875227e-01,  4.85676289e+00,
         -5.45918107e-01,  7.71805942e-01,  9.88596141e-01,  4.16013092e-01,
         -9.92299542e-02, -2.31607246e+00,  1.19236124e+00, -1.12544978e+00,
          2.90345240e+00, -2.07756132e-01, -1.72306716e+00,  1.64951789e+00,
         -2.12230474e-01,  3.87650847e+00, -1.61363080e-01, -8.50177824e-01,
          1.31272542e+00,  1.94854903e+00, -3.21475565e-01, -8.37979019e-01,
         -6.93705022e-01,  1.82460502e-01,  1.60925066e+00,  1.17162275e+00,
          2.21190333e+00,  2.45873642e+00, -3.41959685e-01,  1.68316078e+00,
          2.93236613e-01, -1.35598028e+00,  5.34036219e-01,  7.75429368e-01,
          1.50638068e+00,  3.75521231e+00, -3.21313262e+00,  9.71422911e-01,
          3.06727958e+00,  2.31694311e-01, -7.67110944e-01,  1.52737212e+00,
          2.64723563e+00,  5.09853888e+00, -9.68767941e-01,  2.02453327e+00,
          1.52740526e+00,  2.33257008e+00,  7.03289747e-01, -1.03912950e+00,
          5.94960630e-01, -9.88117099e-01, -1.97983652e-01,  1.11503577e+00,
          1.11164302e-01,  4.14153862e+00,  5.66479683e-01,  2.72030997e+00,
          1.38697326e+00,  1.31118655e+00,  5.64932644e-01, -6.73532546e-01,
          1.31629586e+00, -1.58831358e+00,  5.36994100e-01,  7.29775846e-01,
          7.32366979e-01,  3.96443820e+00,  1.36550963e+00,  1.28358054e+00,
         -1.02459729e+00,  2.35514879e+00, -2.66497374e+00,  1.01941812e+00,
          3.00704861e+00,  7.10839272e-01, -2.72078276e+00,  1.92561495e+00,
          5.02782226e-01,  1.91387880e+00, -1.67131519e+00,  3.99117136e+00,
          7.33585775e-01,  6.94265723e-01,  3.31971608e-03, -1.22380936e+00,
          4.34249699e-01,  3.91201472e+00,  9.29896533e-02,  2.45015264e-01,
          4.42947000e-01,  1.70558500e+00, -1.05437160e+00,  3.29779124e+00,
          3.02858925e+00,  2.41387057e+00,  4.10037422e+00, -1.20714116e+00,
          9.13602710e-01,  3.24476433e+00,  6.72710657e-01, -8.08089137e-01,
          1.29463744e+00, -2.43272126e-01,  4.45410788e-01,  1.29620838e+00,
          3.34431314e+00,  1.81675029e+00,  7.27537215e-01,  7.99863577e-01,
          9.84064996e-01,  1.18365192e+00,  4.31433737e-01,  1.57759643e+00,
         -1.54661238e+00,  1.39386678e+00, -1.00989960e-01,  1.67030537e+00,
          3.74411154e+00,  1.37002254e+00,  1.17419851e+00,  5.01878548e+00,
          1.42855585e+00,  1.00440991e+00,  5.50909579e-01, -1.25726295e+00,
          1.92410022e-01, -2.24395916e-01,  2.85025358e+00,  1.75995886e-01,
          1.43345594e+00,  6.27971530e-01,  1.11156678e+00,  7.52673805e-01,
         -6.57704651e-01,  3.15430665e+00,  1.92410779e+00,  8.41271579e-01,
          1.07191432e+00,  3.13264108e+00,  8.26679516e+00,  4.10384536e-01,
          1.70922315e+00,  4.45778799e+00,  6.93697810e-01,  3.64860463e+00,
          5.30237854e-01, -1.11829162e-01, -1.07773864e+00, -1.73102140e+00,
          1.90490854e+00, -3.54766250e-01,  1.57237399e+00,  1.08388329e+00,
          5.11230290e-01,  1.13117903e-01,  7.61389315e-01,  3.05242658e+00,
          9.59012926e-01,  1.80830550e+00, -1.03447676e+00,  1.42441630e+00,
         -3.56567889e-01, -3.93745542e-01,  3.16537118e+00,  3.05054331e+00,
         -1.75435543e+00, -5.95619380e-01,  6.45442605e-01,  2.55768442e+00,
          4.26230192e+00, -1.71577466e+00,  5.45797110e-01,  1.71592283e+00,
          1.05041087e+00, -1.13425481e+00,  1.47909307e+00,  3.40228033e+00,
         -1.64002526e+00, -1.66554856e+00,  3.99839330e+00, -1.73057866e+00,
          1.15836716e+00,  2.14923882e+00,  1.00364566e+00, -2.84386314e-02,
          2.77634811e+00,  3.75485945e+00,  4.74705458e+00,  1.12284017e+00,
          2.07628083e+00,  2.05610967e+00,  3.65566516e+00, -1.82525754e+00,
          5.06674230e-01,  5.73837399e-01,  1.09510791e+00,  3.31884646e+00,
          3.57888967e-01, -1.45006394e+00,  6.01031494e+00,  3.94662559e-01,
         -3.12241030e+00,  1.57302999e+00,  8.06495368e-01,  2.24637890e+00,
         -3.70086074e-01,  2.53411746e+00,  1.57578719e+00, -1.12346745e+00,
         -2.07730770e+00, -3.14174742e-01, -1.32650876e+00, -2.41946191e-01,
          2.93668222e+00,  3.32375097e+00,  4.98212427e-02,  1.76989794e-01,
          2.09906149e+00, -5.58722811e-03, -2.66115165e+00,  8.58586669e-01,
          2.75770593e+00,  5.90124190e-01, -2.51720160e-01,  4.19533443e+00,
          1.27618980e+00,  8.35377276e-01,  2.29761791e+00,  2.17969751e+00,
          8.99430513e-01,  5.34105444e+00,  8.45500052e-01,  3.95406103e+00,
         -1.19996917e+00,  2.31887794e+00, -1.28986979e+00, -5.93313277e-01,
          4.09983063e+00,  2.32330894e+00,  4.71008968e+00, -1.47177339e+00,
          2.37521100e+00,  1.76633251e+00,  2.67416596e+00,  2.37888193e+00,
          2.87010431e-01, -1.45337677e+00,  1.74223888e+00,  2.66910410e+00,
          4.55909300e+00,  7.65250015e+00,  4.41845465e+00,  8.36489797e-01,
         -8.02098155e-01, -2.38511890e-01,  7.80366808e-02,  3.36172748e+00,
         -1.60343254e+00, -1.98254609e+00, -3.37620288e-01,  6.58569217e-01,
          2.12183619e+00,  1.62010550e+00,  7.17502832e-01, -1.57337099e-01,
          8.17242384e-01,  2.79246783e+00,  1.30520320e+00,  5.11286557e-02,
         -1.75825620e+00, -1.53755806e-02, -1.92122054e+00, -7.50539124e-01,
         -9.79335010e-01,  2.03778958e+00, -1.11554265e+00, -9.37162757e-01,
         -1.25812685e+00, -1.64201534e+00, -3.79815251e-01, -1.12448037e+00,
         -1.16946316e+00, -9.08614635e-01, -9.37823534e-01, -8.22630644e-01,
         -1.78955865e+00, -1.97425580e+00, -1.25459328e-01, -1.08322430e+00,
         -2.95919204e+00, -2.19821125e-01, -1.96722651e+00, -4.20525581e-01,
         -5.56073844e-01,  4.48109061e-01,  6.79482996e-01, -5.22934496e-01,
         -2.30547619e+00, -5.40753782e-01,  5.47444299e-02, -1.75419354e+00,
         -2.39587975e+00, -1.08804846e+00, -6.95542753e-01, -1.94963312e+00,
         -1.80500174e+00, -6.17919207e-01, -9.85309362e-01, -5.92488587e-01,
         -8.34638596e-01, -3.83003712e-01,  2.45691824e+00, -6.52932405e-01,
          1.25622272e+00,  4.66256857e-01, -1.29581916e+00,  2.15548825e+00,
         -1.42794633e+00, -8.77458155e-01,  3.43974918e-01, -4.12735254e-01,
         -2.06293440e+00, -1.99120507e-01, -2.55908459e-01, -1.79915583e+00,
          5.96983135e-01, -6.21661901e-01,  2.98562288e+00, -1.29123673e-01,
         -7.82929063e-01,  6.20838225e-01, -2.03674245e+00, -2.14035541e-01,
         -2.61281610e+00, -1.02016795e+00, -2.31180692e+00, -1.17084408e+00,
          6.50148392e-02, -2.47345304e+00, -2.36989260e+00, -1.91945958e+00,
         -2.04782629e+00, -3.01218319e+00, -3.22754592e-01,  2.18197799e+00]],
       device='cuda:0')
Adv example prediction (first 2 examples and 2 restarts):
 tensor([[[-1.22337091e+00,  1.03483820e+00, -1.99046957e+00, -2.38993931e+00,
          -1.96568596e+00, -6.09251380e-01, -9.78556275e-01, -1.69214773e+00,
          -1.59644246e+00, -2.46353245e+00, -2.16481352e+00, -9.95743513e-01,
          -8.89192760e-01, -2.05896592e+00, -8.82404208e-01, -1.01245105e+00,
          -1.18709695e+00, -1.55711317e+00, -1.48248708e+00, -1.13926685e+00,
          -2.95144463e+00, -1.96296203e+00, -1.70530879e+00, -2.13596535e+00,
          -1.50549972e+00, -2.43437314e+00, -1.87903225e+00, -1.64532101e+00,
          -1.64995646e+00, -1.34037006e+00, -2.87352800e+00, -8.45864594e-01,
          -1.98376477e+00, -2.64699244e+00, -1.53990960e+00, -2.60741186e+00,
          -4.50969279e-01, -2.69188643e+00, -1.39335346e+00, -2.18932486e+00,
          -7.69885004e-01, -2.80015349e+00, -2.81390595e+00, -2.06026578e+00,
          -2.54345393e+00, -1.87706053e+00, -5.99087298e-01, -2.34715247e+00,
          -3.19453669e+00, -1.86721337e+00, -1.11704433e+00, -3.13895345e+00,
          -1.78163397e+00, -1.09916794e+00, -1.60343921e+00, -2.22778583e+00,
          -1.28887534e+00, -2.60698628e+00, -1.57656944e+00, -1.13384664e+00,
          -9.84533966e-01, -1.85509157e+00, -2.34606934e+00, -1.04714382e+00,
          -2.12840581e+00, -1.89982545e+00, -2.20051169e+00, -1.42304623e+00,
          -2.99616289e+00, -2.64752269e+00, -7.46777296e-01, -3.27137828e-01,
          -2.77059168e-01, -3.35704871e-02,  7.57165253e-02, -3.97703022e-01,
          -6.33901656e-01, -2.12686047e-01, -1.03543103e-01,  1.53448526e-02,
          -1.17317092e+00, -3.59122801e+00, -2.37158346e+00, -2.23338723e+00,
          -1.89579499e+00, -1.87634110e+00, -2.36008000e+00, -5.54253459e-01,
           4.94474500e-01, -1.89573967e+00, -7.72086501e-01, -1.80027008e+00,
          -1.48904383e+00, -1.38863695e+00, -4.27562267e-01, -2.96221471e+00,
          -4.66725379e-01, -2.38360929e+00, -2.07765007e+00, -1.57243001e+00,
          -7.42403746e-01, -1.70520413e+00, -2.54510713e+00, -1.62183475e+00,
          -2.20428157e+00, -2.34711576e+00, -1.53783989e+00,  5.94840467e-01,
           1.16786540e-01, -1.39926720e+00, -4.30733204e-01, -1.76680356e-01,
           5.43176651e-01, -1.37718916e+00, -1.69259131e+00, -8.56382132e-01,
          -1.85562289e+00, -5.48587680e-01, -1.12945032e+00, -2.31638098e+00,
          -1.94475973e+00, -1.81397438e+00, -5.20496428e-01, -2.59728789e+00,
          -1.41080832e+00, -2.13882947e+00, -7.85184383e-01, -1.87862873e+00,
          -1.71824777e+00, -4.97582048e-01, -5.88635087e-01, -1.71052432e+00,
          -8.64524007e-01, -1.86981225e+00, -1.80472445e+00, -2.26530004e+00,
          -1.49795091e+00, -9.80879605e-01, -2.14171672e+00, -3.12880802e+00,
          -2.90642524e+00, -1.42567909e+00, -2.48609257e+00, -2.25811195e+00,
          -2.11170793e+00, -1.74989140e+00, -3.11876249e+00, -1.52141964e+00,
          -1.20594537e+00, -2.28947973e+00, -1.47507310e+00,  5.30483007e-01,
          -8.28443646e-01,  1.35178399e+00, -1.78183064e-01,  6.52085766e-02,
          -7.23957360e-01,  3.41135770e-01, -8.97479296e-01, -8.49871337e-01,
          -3.68791819e-01, -4.25432116e-01, -2.00022101e-01, -9.76028025e-01,
          -1.22287917e+00, -8.37927878e-01, -1.66734838e+00, -1.90650725e+00,
          -2.70272434e-01, -2.97371596e-01, -4.87068206e-01, -9.79799628e-02,
          -5.95778286e-01, -8.45513761e-01, -1.32305086e+00, -1.14700294e+00,
          -1.56068206e+00, -4.80695963e-01,  1.44362181e-01, -1.98814297e+00,
          -1.59506488e+00, -5.78313112e-01, -2.05584496e-01,  3.97302151e-01,
           4.13966998e-02,  1.17898077e-01, -2.76948176e-02,  7.69377410e-01,
          -1.15142977e+00, -4.23273623e-01, -9.15877461e-01,  6.26971900e-01,
           1.97836593e-01, -5.20760119e-01, -1.26511073e+00,  5.12635827e-01,
          -2.18682021e-01, -8.51203799e-01, -9.44800198e-01,  4.03515875e-01,
          -3.55847001e-01, -4.77621198e-01,  7.53245503e-02,  1.55857444e+00,
           5.27824461e-01, -1.12441957e+00, -1.26420438e+00, -7.77606189e-01,
          -7.66833961e-01, -1.50186801e+00, -2.29082727e+00, -5.66352963e-01,
          -7.55775571e-01, -1.43254995e+00, -1.06447613e+00, -5.28047621e-01,
          -6.51760519e-01, -2.83059329e-01, -8.40368629e-01, -3.39240223e-01,
          -5.93025744e-01, -1.10440826e+00, -4.21467394e-01,  7.30312288e-01,
          -2.66952086e-02, -1.41918826e+00, -4.53802615e-01, -1.30978429e+00,
          -3.60047698e-01,  5.90725243e-01, -4.12281245e-01, -6.01323485e-01,
          -7.65077055e-01,  3.49954396e-01, -8.69472563e-01, -1.49344897e+00,
          -9.54108775e-01,  1.16521247e-01, -1.21019232e+00, -5.40544271e-01,
          -8.90891612e-01, -1.74640477e+00, -2.56120622e-01, -1.69500947e+00,
          -9.94078636e-01, -7.00010240e-01, -1.30982590e+00, -9.36373115e-01,
          -9.64789033e-01, -5.82019687e-01, -8.71931434e-01, -4.18498307e-01,
           6.61072880e-02,  3.20245743e-01,  2.00379431e-01, -8.14459085e-01,
          -9.99825358e-01,  2.42804974e-01,  1.79792553e-01,  1.15750468e+00,
           2.55598813e-01, -2.90601850e-01, -1.18010092e+00, -2.95100063e-01,
          -7.25699425e-01,  1.10737646e+00,  3.42168868e-01,  7.08608478e-02,
          -1.58149326e+00, -9.50916886e-01, -7.04683304e-01, -1.21118796e+00,
          -1.67639911e+00, -1.18414795e+00, -1.75369489e+00, -2.29290891e+00,
          -1.59502256e+00, -8.92438591e-01, -9.91517961e-01, -6.19928718e-01,
          -8.32497656e-01,  3.77012908e-01,  3.26257557e-01,  2.03764677e+00,
           1.08673811e+00,  6.77408457e-01, -1.37322843e+00, -8.22502732e-01,
          -1.63537765e+00, -1.99692786e+00, -2.04816937e+00, -1.72506976e+00,
          -1.49513316e+00, -1.08141708e+00, -2.12625623e+00, -1.58444917e+00,
          -7.68161356e-01, -1.95722640e+00, -2.51622987e+00, -9.54098642e-01,
          -2.38094497e+00, -7.24461004e-02, -1.48417234e+00, -1.22112453e+00,
          -1.60117733e+00, -3.24032283e+00, -1.63751411e+00, -1.54866612e+00,
          -1.31545210e+00, -5.26075542e-01,  6.31975651e-01, -6.36451900e-01,
          -1.57059789e+00, -1.54946357e-01,  4.88763303e-02, -4.62054014e-01,
          -2.15778565e+00, -1.87735140e+00, -6.10505044e-01, -9.07340273e-03,
          -4.93686080e-01, -2.61898589e+00, -2.04725504e+00, -7.61324763e-01,
          -1.49272966e+00, -1.47359180e+00, -2.29189706e+00, -9.17906225e-01,
          -1.57014227e+00, -2.08784175e+00, -1.27590811e+00, -1.19448757e+00,
           9.59969521e-01,  1.12383854e+00, -1.55870342e+00, -2.15017080e+00,
          -2.32990766e+00, -8.81339848e-01,  4.44387496e-02, -1.99633253e+00,
          -1.44625044e+00, -1.58108592e+00, -2.73340654e+00, -2.82037258e+00,
          -2.47952461e+00, -2.55351329e+00, -2.17832494e+00, -2.13738155e+00,
          -3.07934904e+00, -2.98552823e+00, -2.95570135e+00, -2.68100691e+00,
          -1.62042618e+00, -2.81287742e+00, -1.54951417e+00, -2.05780935e+00,
          -6.94823623e-01, -1.68703485e+00, -2.04029918e-01, -2.77178764e-01,
          -1.75193346e+00, -9.76945281e-01, -1.15318477e+00, -1.75008881e+00,
          -2.26371813e+00, -2.21337414e+00, -2.38363576e+00, -2.42692280e+00,
          -1.79127955e+00, -2.41578364e+00, -2.03037429e+00, -2.18296266e+00,
          -2.01691890e+00, -1.98531830e+00, -2.06346107e+00, -2.20918846e+00,
          -2.02163029e+00, -2.05594587e+00, -3.44588578e-01, -2.35850787e+00,
          -1.29698420e+00, -1.86233568e+00, -1.51977682e+00, -1.60128272e+00,
          -1.53804660e+00, -9.10438240e-01, -1.97846520e+00, -2.71013379e+00,
          -2.11625075e+00, -1.16981530e+00, -2.75057912e+00, -7.72547603e-01,
          -1.30984998e+00, -1.07846117e+00, -1.68458903e+00, -9.32299316e-01,
          -1.34546697e+00, -1.97434127e+00,  3.55848879e-01,  4.07526016e+00,
           2.04778767e+00,  2.25555563e+00,  2.01487446e+00, -2.02498841e+00,
          -8.72176230e-01,  3.94147843e-01,  8.82131696e-01, -4.96377110e-01,
          -2.10075903e+00,  2.33101821e+00, -2.27228761e+00,  6.24308586e+00,
           1.12970841e+00,  6.99121654e-02,  4.07041311e+00,  1.04799509e-01,
           2.08623409e+00,  2.68209267e+00,  2.15382433e+00,  2.31081200e+00,
           1.21742368e+00,  4.41374242e-01,  4.97212946e-01,  9.44867611e-01,
           1.14401710e+00,  5.17034590e-01,  5.53032577e-01, -1.13316126e-01,
          -6.42457306e-01, -1.10162663e+00, -1.09454501e+00,  2.79905772e+00,
           9.57967162e-01,  2.10502815e+00,  3.81422615e+00,  3.36147094e+00,
          -7.46115386e-01,  9.44199085e-01,  1.62555599e+00,  9.70443606e-01,
           2.24617615e-01,  1.58796883e+00,  1.27950084e+00,  4.18231869e+00,
          -1.24673283e+00,  9.31554258e-01,  4.37571239e+00,  1.68060744e+00,
           3.43586415e-01,  2.81172723e-01, -1.32332850e+00,  2.26237202e+00,
           2.35191536e+00,  9.71232891e-01, -7.35747576e-01,  3.10811579e-01,
           1.59258306e+00,  4.03608227e+00, -1.07706904e+00,  2.56744885e+00,
          -1.82824087e+00,  2.08265400e+00,  2.29313111e+00,  1.53805470e+00,
           2.07945395e+00,  2.74500346e+00, -2.81758994e-01, -1.51724792e+00,
          -1.93096161e-01, -6.06899261e-01,  2.09978509e+00, -1.49802577e+00,
          -6.67287648e-01,  1.06621063e+00,  2.66512561e+00, -4.16263789e-01,
           2.25837991e-01,  5.88869750e-01,  1.51108503e+00, -5.09226501e-01,
           1.83432043e+00,  6.07221842e-01,  2.96640158e-01, -8.75789702e-01,
          -1.99481338e-01,  3.18825245e-01,  2.03808022e+00,  2.75166607e+00,
          -1.37933120e-02,  1.44365713e-01,  1.47109807e+00, -1.26785529e+00,
           7.95320719e-02,  1.16579425e+00,  1.31257558e+00,  7.16501415e-01,
           2.54012704e+00,  1.10747993e+00,  1.49755239e+00,  2.89852571e+00,
          -1.91079199e+00,  3.87792444e+00,  1.01032329e+00,  2.30662179e+00,
           1.32390535e+00,  1.83531582e+00, -1.18346250e+00,  9.06472743e-01,
           1.01017177e+00, -1.76716298e-01, -1.08909929e+00, -4.82184350e-01,
           5.67542315e-01,  1.13539422e+00,  1.46840489e+00,  7.93083727e-01,
           1.64206767e+00,  4.45259005e-01,  2.49168918e-01, -1.45802632e-01,
           2.71800733e+00,  3.53528142e-01, -5.26085794e-01,  1.20173466e+00,
           1.70848668e+00, -1.34102535e+00,  1.25688219e+00,  1.98913586e+00,
           5.74084938e-01,  2.38805461e+00,  1.66763544e+00,  2.03414083e+00,
           1.39889371e+00,  2.02929068e+00,  2.08309436e+00, -1.40636635e+00,
          -1.14896643e+00, -2.13641620e+00,  6.03968501e-01,  2.41155028e+00,
          -8.11769247e-01,  4.86343980e-01,  2.17045021e+00,  1.58987546e+00,
          -7.02533603e-01,  1.63296902e+00,  1.34706080e+00, -1.68842995e+00,
          -7.30641782e-02,  4.45235300e+00,  8.07149887e-01,  8.26629519e-01,
           3.28087544e+00,  1.28658855e+00, -7.84985483e-01, -1.97662890e-01,
           2.77934337e+00,  3.40854573e+00,  1.44134951e+00,  2.05425262e+00,
          -2.67615318e-01, -5.99283576e-01,  1.54080391e+00,  1.23074746e+00,
           2.12513518e+00,  8.96892667e-01, -6.32808954e-02, -9.93981063e-02,
           2.44608402e+00, -2.02954435e+00,  1.97438979e+00, -7.48148680e-01,
           1.45790255e+00, -1.90112984e+00, -6.67042613e-01, -1.12790990e+00,
          -1.70567346e+00,  6.65822089e-01,  4.05133772e+00,  2.33061957e+00,
           6.01682723e-01,  9.44419444e-01, -1.30050910e+00, -5.41076362e-01,
           1.92416835e+00,  2.39336562e+00, -1.73310578e+00,  1.22157586e+00,
           3.95055509e+00,  2.93195415e+00,  6.15352392e-01,  6.38836813e+00,
          -2.70180911e-01,  1.07549953e+00,  1.48700595e+00, -1.19305134e+00,
           8.61901224e-01,  5.62873363e-01,  2.57104158e+00,  6.27234519e-01,
           2.71239710e+00,  3.38626075e+00,  1.69245422e+00, -3.12875319e+00,
           8.06424856e-01,  2.23513532e+00,  3.03772569e+00,  9.87397373e-01,
           3.48039150e+00, -1.71132040e+00,  4.92763519e+00,  8.50473583e-01,
          -3.30470473e-01,  4.66490120e-01,  4.62323475e+00,  2.23200464e+00,
           9.39266860e-01,  3.07282996e+00,  1.07140207e+00,  4.96637869e+00,
           2.90287256e+00, -4.98419732e-01,  1.03304780e+00,  6.28320158e-01,
          -3.25513929e-01, -6.54471457e-01,  2.24353480e+00, -1.88106298e-02,
          -1.55002117e+00,  2.24305177e+00, -1.02297850e-02,  1.71158803e+00,
           2.37440276e+00, -4.92787898e-01, -1.67773211e+00,  1.59063235e-01,
           4.07631016e+00, -9.59983766e-02,  3.48302913e+00,  2.66024065e+00,
          -1.90242577e+00,  1.23519135e+00,  9.50637877e-01,  1.65951335e+00,
           1.55882871e+00, -8.93742323e-01,  9.30754840e-01,  1.51823437e+00,
           2.11915493e+00, -1.14191675e+00,  2.59693933e+00,  2.64610600e+00,
           1.21960855e+00, -1.27828876e-02, -7.85157323e-01,  4.86323547e+00,
          -5.43762684e-01,  7.72774935e-01,  9.95228052e-01,  4.15451586e-01,
          -9.98910591e-02, -2.31742430e+00,  1.18693173e+00, -1.12718213e+00,
           2.89605999e+00, -2.09033877e-01, -1.72359395e+00,  1.64956701e+00,
          -2.11399153e-01,  3.88004756e+00, -1.61202550e-01, -8.51276338e-01,
           1.31625366e+00,  1.94442606e+00, -3.23646158e-01, -8.38142812e-01,
          -6.87348366e-01,  1.80154413e-01,  1.61095560e+00,  1.17315984e+00,
           2.21224570e+00,  2.45224714e+00, -3.43809813e-01,  1.68317735e+00,
           2.98595279e-01, -1.36015308e+00,  5.31115294e-01,  7.68661439e-01,
           1.49610841e+00,  3.76225805e+00, -3.20900154e+00,  9.72051263e-01,
           3.06818414e+00,  2.37992227e-01, -7.66157269e-01,  1.52202845e+00,
           2.64415312e+00,  5.10712814e+00, -9.72117007e-01,  2.02391148e+00,
           1.52969205e+00,  2.33745670e+00,  7.05951929e-01, -1.03979623e+00,
           5.91614246e-01, -9.91402745e-01, -1.96289957e-01,  1.10906100e+00,
           1.08181000e-01,  4.14023066e+00,  5.61781764e-01,  2.71514773e+00,
           1.38473773e+00,  1.30970359e+00,  5.63082278e-01, -6.67351782e-01,
           1.31541061e+00, -1.59289491e+00,  5.36736846e-01,  7.32173860e-01,
           7.27105021e-01,  3.97162652e+00,  1.36500454e+00,  1.28754818e+00,
          -1.02140558e+00,  2.34764433e+00, -2.66357088e+00,  1.01612830e+00,
           3.01079369e+00,  7.08173394e-01, -2.72098279e+00,  1.92548585e+00,
           4.97316062e-01,  1.91152728e+00, -1.67308795e+00,  3.99563646e+00,
           7.30548203e-01,  6.90742612e-01,  3.54193710e-03, -1.22333252e+00,
           4.34377968e-01,  3.91021919e+00,  9.09733325e-02,  2.46908143e-01,
           4.43049967e-01,  1.69717669e+00, -1.05172384e+00,  3.30095649e+00,
           3.03322268e+00,  2.41720128e+00,  4.10713530e+00, -1.20870841e+00,
           9.17849839e-01,  3.23801565e+00,  6.66190922e-01, -8.10087264e-01,
           1.29205918e+00, -2.44926751e-01,  4.44921225e-01,  1.29061842e+00,
           3.33476925e+00,  1.81487119e+00,  7.26375401e-01,  7.97727048e-01,
           9.85986471e-01,  1.18933797e+00,  4.24417198e-01,  1.57436502e+00,
          -1.54065621e+00,  1.39162707e+00, -9.67222974e-02,  1.66297626e+00,
           3.74162269e+00,  1.36550999e+00,  1.18330991e+00,  5.02326298e+00,
           1.42303705e+00,  1.00711298e+00,  5.49082279e-01, -1.25936985e+00,
           1.95392296e-01, -2.27306113e-01,  2.84319162e+00,  1.72112077e-01,
           1.42906666e+00,  6.29475176e-01,  1.11135340e+00,  7.49238551e-01,
          -6.55244827e-01,  3.15429997e+00,  1.92679894e+00,  8.38932455e-01,
           1.07256746e+00,  3.13575840e+00,  8.26105404e+00,  4.12152767e-01,
           1.71470964e+00,  4.46804380e+00,  6.93670869e-01,  3.64490747e+00,
           5.23409724e-01, -1.12818331e-01, -1.07697129e+00, -1.73147070e+00,
           1.90115321e+00, -3.50809336e-01,  1.57942605e+00,  1.07795382e+00,
           5.16751170e-01,  1.11487255e-01,  7.58123934e-01,  3.04360247e+00,
           9.59974587e-01,  1.81000650e+00, -1.03326583e+00,  1.41742158e+00,
          -3.52082193e-01, -3.94673854e-01,  3.15771842e+00,  3.04112744e+00,
          -1.75581276e+00, -5.96296489e-01,  6.41910672e-01,  2.55995822e+00,
           4.26728487e+00, -1.71231437e+00,  5.41403949e-01,  1.70308757e+00,
           1.04779899e+00, -1.14007461e+00,  1.48310101e+00,  3.40511417e+00,
          -1.63527763e+00, -1.66369867e+00,  4.00141144e+00, -1.73489690e+00,
           1.15930247e+00,  2.14997816e+00,  1.00412261e+00, -3.20603289e-02,
           2.77607250e+00,  3.76003957e+00,  4.75335264e+00,  1.12824047e+00,
           2.07014537e+00,  2.05185127e+00,  3.65408349e+00, -1.82460487e+00,
           5.00372469e-01,  5.71562767e-01,  1.09922063e+00,  3.30986834e+00,
           3.55171233e-01, -1.44671404e+00,  5.99908829e+00,  3.94993365e-01,
          -3.12163568e+00,  1.57188296e+00,  8.04643035e-01,  2.23777342e+00,
          -3.72912139e-01,  2.53167915e+00,  1.57714534e+00, -1.11997247e+00,
          -2.07986307e+00, -3.12007159e-01, -1.32889950e+00, -2.49486372e-01,
           2.93158770e+00,  3.32932210e+00,  5.13235778e-02,  1.81713551e-01,
           2.09794164e+00, -8.02733749e-03, -2.66115236e+00,  8.56508076e-01,
           2.75405836e+00,  5.85762203e-01, -2.54696995e-01,  4.19966745e+00,
           1.27552080e+00,  8.28298271e-01,  2.29491329e+00,  2.17834067e+00,
           8.97321582e-01,  5.34237432e+00,  8.39249671e-01,  3.95676088e+00,
          -1.20094812e+00,  2.31445765e+00, -1.28676796e+00, -5.92997551e-01,
           4.09498882e+00,  2.32154942e+00,  4.70329046e+00, -1.47006679e+00,
           2.37008905e+00,  1.75995147e+00,  2.67001867e+00,  2.37284493e+00,
           2.88166702e-01, -1.45706904e+00,  1.74270964e+00,  2.66960478e+00,
           4.55871725e+00,  7.65406370e+00,  4.42544556e+00,  8.35666239e-01,
          -8.07096362e-01, -2.38210872e-01,  8.05877298e-02,  3.36632085e+00,
          -1.60076451e+00, -1.98300314e+00, -3.31544310e-01,  6.59808338e-01,
           2.12030220e+00,  1.61866164e+00,  7.17070580e-01, -1.60566956e-01,
           8.11080456e-01,  2.78810000e+00,  1.30257714e+00,  5.26705235e-02,
          -1.75633430e+00, -1.88595094e-02, -1.92382467e+00, -7.49858141e-01,
          -9.78992999e-01,  2.03820443e+00, -1.11375093e+00, -9.32671726e-01,
          -1.25704288e+00, -1.63724434e+00, -3.75484228e-01, -1.12570202e+00,
          -1.16735160e+00, -9.08334017e-01, -9.36637998e-01, -8.17796469e-01,
          -1.78934038e+00, -1.97367167e+00, -1.26033992e-01, -1.08113766e+00,
          -2.95824790e+00, -2.19095379e-01, -1.96863651e+00, -4.17438626e-01,
          -5.56147635e-01,  4.48737264e-01,  6.79384172e-01, -5.24446547e-01,
          -2.30451131e+00, -5.37576139e-01,  5.46468869e-02, -1.74926865e+00,
          -2.38895011e+00, -1.08821833e+00, -6.97683454e-01, -1.95140386e+00,
          -1.80931449e+00, -6.17351830e-01, -9.89399016e-01, -5.91421664e-01,
          -8.33808303e-01, -3.80875856e-01,  2.45471406e+00, -6.55707419e-01,
           1.24855757e+00,  4.63368922e-01, -1.29492807e+00,  2.15283775e+00,
          -1.42498314e+00, -8.77875090e-01,  3.40587199e-01, -4.10017729e-01,
          -2.06244659e+00, -1.95887402e-01, -2.56776392e-01, -1.79761362e+00,
           5.91288865e-01, -6.16014600e-01,  2.98609352e+00, -1.31860122e-01,
          -7.84441054e-01,  6.20187640e-01, -2.03484273e+00, -2.13530332e-01,
          -2.60898662e+00, -1.01824701e+00, -2.31011224e+00, -1.17158616e+00,
           6.86546415e-02, -2.47116613e+00, -2.36522698e+00, -1.91780150e+00,
          -2.04691148e+00, -3.00818014e+00, -3.21107388e-01,  2.18180871e+00]]],
       device='cuda:0')
PGD attack margin (first 2 examples and 10 specs):
 tensor([[[0.15979612]]], device='cuda:0')
number of violation:  0
Attack finished in 8.1682 seconds.
PGD attack failed
verified_status unknown
verified_success False
Total VNNLIB file length: 1, max property batch size: 1, total number of batches: 1

Properties batch 0, size 1
Remaining timeout: 1152.367966890335
Verifying property 0 with 1 instances.
torch allclose failed: norm 8.889588571037166e-06
Model: BoundedModule(
  (/input-1): BoundInput(name=/input-1, inputs=[], perturbed=True)
  (/33): BoundParams(name=/33, inputs=[], perturbed=False)
  (/34): BoundParams(name=/34, inputs=[], perturbed=False)
  (/35): BoundParams(name=/35, inputs=[], perturbed=False)
  (/36): BoundParams(name=/36, inputs=[], perturbed=False)
  (/37): BoundParams(name=/37, inputs=[], perturbed=False)
  (/38): BoundParams(name=/38, inputs=[], perturbed=False)
  (/39): BoundParams(name=/39, inputs=[], perturbed=False)
  (/40): BoundParams(name=/40, inputs=[], perturbed=False)
  (/41): BoundParams(name=/41, inputs=[], perturbed=False)
  (/42): BoundParams(name=/42, inputs=[], perturbed=False)
  (/43): BoundParams(name=/43, inputs=[], perturbed=False)
  (/44): BoundParams(name=/44, inputs=[], perturbed=False)
  (/45): BoundParams(name=/45, inputs=[], perturbed=False)
  (/46): BoundParams(name=/46, inputs=[], perturbed=False)
  (/47): BoundParams(name=/47, inputs=[], perturbed=False)
  (/48): BoundParams(name=/48, inputs=[], perturbed=False)
  (/49): BoundParams(name=/49, inputs=[], perturbed=False)
  (/50): BoundParams(name=/50, inputs=[], perturbed=False)
  (/51): BoundParams(name=/51, inputs=[], perturbed=False)
  (/52): BoundParams(name=/52, inputs=[], perturbed=False)
  (/53): BoundParams(name=/53, inputs=[], perturbed=False)
  (/54): BoundParams(name=/54, inputs=[], perturbed=False)
  (/55): BoundParams(name=/55, inputs=[], perturbed=False)
  (/56): BoundParams(name=/56, inputs=[], perturbed=False)
  (/57): BoundParams(name=/57, inputs=[], perturbed=False)
  (/58): BoundParams(name=/58, inputs=[], perturbed=False)
  (/59): BoundParams(name=/59, inputs=[], perturbed=False)
  (/60): BoundParams(name=/60, inputs=[], perturbed=False)
  (/61): BoundParams(name=/61, inputs=[], perturbed=False)
  (/62): BoundParams(name=/62, inputs=[], perturbed=False)
  (/63): BoundParams(name=/63, inputs=[], perturbed=False)
  (/64): BoundParams(name=/64, inputs=[], perturbed=False)
  (/input): BoundConv(name=/input, inputs=[/input-1, /33, /34], perturbed=True)
  (/66): BoundRelu(name=/66, inputs=[/input], perturbed=True)
  (/input-4): BoundConv(name=/input-4, inputs=[/66, /35, /36], perturbed=True)
  (/68): BoundRelu(name=/68, inputs=[/input-4], perturbed=True)
  (/input-12): BoundConv(name=/input-12, inputs=[/input-8/add_3_4, /37, /38], perturbed=True)
  (/71): BoundRelu(name=/71, inputs=[/input-12], perturbed=True)
  (/input-16): BoundConv(name=/input-16, inputs=[/71, /39, /40], perturbed=True)
  (/73): BoundRelu(name=/73, inputs=[/input-16], perturbed=True)
  (/input-24): BoundConv(name=/input-24, inputs=[/input-20/add_3_4, /41, /42], perturbed=True)
  (/76): BoundRelu(name=/76, inputs=[/input-24], perturbed=True)
  (/input-28): BoundConv(name=/input-28, inputs=[/76, /43, /44], perturbed=True)
  (/78): BoundRelu(name=/78, inputs=[/input-28], perturbed=True)
  (/input-32): BoundConv(name=/input-32, inputs=[/78, /45, /46], perturbed=True)
  (/80): BoundRelu(name=/80, inputs=[/input-32], perturbed=True)
  (/input-40): BoundConv(name=/input-40, inputs=[/input-36/add_3_4, /47, /48], perturbed=True)
  (/83): BoundRelu(name=/83, inputs=[/input-40], perturbed=True)
  (/input-44): BoundConv(name=/input-44, inputs=[/83, /49, /50], perturbed=True)
  (/85): BoundRelu(name=/85, inputs=[/input-44], perturbed=True)
  (/input-48): BoundConv(name=/input-48, inputs=[/85, /51, /52], perturbed=True)
  (/87): BoundRelu(name=/87, inputs=[/input-48], perturbed=True)
  (/input-56): BoundConv(name=/input-56, inputs=[/input-52/add_3_4, /53, /54], perturbed=True)
  (/90): BoundRelu(name=/90, inputs=[/input-56], perturbed=True)
  (/input-60): BoundConv(name=/input-60, inputs=[/90, /55, /56], perturbed=True)
  (/92): BoundRelu(name=/92, inputs=[/input-60], perturbed=True)
  (/input-64): BoundConv(name=/input-64, inputs=[/92, /57, /58], perturbed=True)
  (/94): BoundRelu(name=/94, inputs=[/input-64], perturbed=True)
  (/96): BoundFlatten(name=/96, inputs=[/95/add_3_4], perturbed=True)
  (/input-68): BoundLinear(name=/input-68, inputs=[/96, /59, /60], perturbed=True)
  (/98): BoundRelu(name=/98, inputs=[/input-68], perturbed=True)
  (/99): BoundFlatten(name=/99, inputs=[/98], perturbed=True)
  (/input-72): BoundLinear(name=/input-72, inputs=[/99, /61, /62], perturbed=True)
  (/101): BoundRelu(name=/101, inputs=[/input-72], perturbed=True)
  (/102): BoundFlatten(name=/102, inputs=[/101], perturbed=True)
  (/103): BoundLinear(name=/103, inputs=[/102, /63, /64], perturbed=True)
  (/input-8/conv_1): BoundConv(name=/input-8/conv_1, inputs=[/68, /input-8/conv_1_w], perturbed=True)
  (/input-8/conv_1_relu): BoundRelu(name=/input-8/conv_1_relu, inputs=[/input-8/conv_1], perturbed=True)
  (/input-8/conv_1_w): BoundParams(name=/input-8/conv_1_w, inputs=[], perturbed=False)
  (/input-8/conv_2): BoundConv(name=/input-8/conv_2, inputs=[/68, /input-8/conv_2_w], perturbed=True)
  (/input-8/conv_2_w): BoundParams(name=/input-8/conv_2_w, inputs=[], perturbed=False)
  (/input-8/conv_3): BoundConv(name=/input-8/conv_3, inputs=[/input-8/add_1_2, /input-8/conv_3_w], perturbed=True)
  (/input-8/conv_3_relu): BoundRelu(name=/input-8/conv_3_relu, inputs=[/input-8/conv_3], perturbed=True)
  (/input-8/conv_3_w): BoundParams(name=/input-8/conv_3_w, inputs=[], perturbed=False)
  (/input-8/conv_4): BoundConv(name=/input-8/conv_4, inputs=[/input-8/add_1_2, /input-8/conv_4_w], perturbed=True)
  (/input-8/conv_4_w): BoundParams(name=/input-8/conv_4_w, inputs=[], perturbed=False)
  (/input-8/add_1_2): BoundAdd(name=/input-8/add_1_2, inputs=[/input-8/conv_1_relu, /input-8/conv_2], perturbed=True)
  (/input-8/add_3_4): BoundAdd(name=/input-8/add_3_4, inputs=[/input-8/conv_3_relu, /input-8/conv_4], perturbed=True)
  (/input-20/conv_1): BoundConv(name=/input-20/conv_1, inputs=[/73, /input-20/conv_1_w], perturbed=True)
  (/input-20/conv_1_relu): BoundRelu(name=/input-20/conv_1_relu, inputs=[/input-20/conv_1], perturbed=True)
  (/input-20/conv_1_w): BoundParams(name=/input-20/conv_1_w, inputs=[], perturbed=False)
  (/input-20/conv_2): BoundConv(name=/input-20/conv_2, inputs=[/73, /input-20/conv_2_w], perturbed=True)
  (/input-20/conv_2_w): BoundParams(name=/input-20/conv_2_w, inputs=[], perturbed=False)
  (/input-20/conv_3): BoundConv(name=/input-20/conv_3, inputs=[/input-20/add_1_2, /input-20/conv_3_w], perturbed=True)
  (/input-20/conv_3_relu): BoundRelu(name=/input-20/conv_3_relu, inputs=[/input-20/conv_3], perturbed=True)
  (/input-20/conv_3_w): BoundParams(name=/input-20/conv_3_w, inputs=[], perturbed=False)
  (/input-20/conv_4): BoundConv(name=/input-20/conv_4, inputs=[/input-20/add_1_2, /input-20/conv_4_w], perturbed=True)
  (/input-20/conv_4_w): BoundParams(name=/input-20/conv_4_w, inputs=[], perturbed=False)
  (/input-20/add_1_2): BoundAdd(name=/input-20/add_1_2, inputs=[/input-20/conv_1_relu, /input-20/conv_2], perturbed=True)
  (/input-20/add_3_4): BoundAdd(name=/input-20/add_3_4, inputs=[/input-20/conv_3_relu, /input-20/conv_4], perturbed=True)
  (/input-36/conv_1): BoundConv(name=/input-36/conv_1, inputs=[/80, /input-36/conv_1_w], perturbed=True)
  (/input-36/conv_1_relu): BoundRelu(name=/input-36/conv_1_relu, inputs=[/input-36/conv_1], perturbed=True)
  (/input-36/conv_1_w): BoundParams(name=/input-36/conv_1_w, inputs=[], perturbed=False)
  (/input-36/conv_2): BoundConv(name=/input-36/conv_2, inputs=[/80, /input-36/conv_2_w], perturbed=True)
  (/input-36/conv_2_w): BoundParams(name=/input-36/conv_2_w, inputs=[], perturbed=False)
  (/input-36/conv_3): BoundConv(name=/input-36/conv_3, inputs=[/input-36/add_1_2, /input-36/conv_3_w], perturbed=True)
  (/input-36/conv_3_relu): BoundRelu(name=/input-36/conv_3_relu, inputs=[/input-36/conv_3], perturbed=True)
  (/input-36/conv_3_w): BoundParams(name=/input-36/conv_3_w, inputs=[], perturbed=False)
  (/input-36/conv_4): BoundConv(name=/input-36/conv_4, inputs=[/input-36/add_1_2, /input-36/conv_4_w], perturbed=True)
  (/input-36/conv_4_w): BoundParams(name=/input-36/conv_4_w, inputs=[], perturbed=False)
  (/input-36/add_1_2): BoundAdd(name=/input-36/add_1_2, inputs=[/input-36/conv_1_relu, /input-36/conv_2], perturbed=True)
  (/input-36/add_3_4): BoundAdd(name=/input-36/add_3_4, inputs=[/input-36/conv_3_relu, /input-36/conv_4], perturbed=True)
  (/input-52/conv_1): BoundConv(name=/input-52/conv_1, inputs=[/87, /input-52/conv_1_w], perturbed=True)
  (/input-52/conv_1_relu): BoundRelu(name=/input-52/conv_1_relu, inputs=[/input-52/conv_1], perturbed=True)
  (/input-52/conv_1_w): BoundParams(name=/input-52/conv_1_w, inputs=[], perturbed=False)
  (/input-52/conv_2): BoundConv(name=/input-52/conv_2, inputs=[/87, /input-52/conv_2_w], perturbed=True)
  (/input-52/conv_2_w): BoundParams(name=/input-52/conv_2_w, inputs=[], perturbed=False)
  (/input-52/conv_3): BoundConv(name=/input-52/conv_3, inputs=[/input-52/add_1_2, /input-52/conv_3_w], perturbed=True)
  (/input-52/conv_3_relu): BoundRelu(name=/input-52/conv_3_relu, inputs=[/input-52/conv_3], perturbed=True)
  (/input-52/conv_3_w): BoundParams(name=/input-52/conv_3_w, inputs=[], perturbed=False)
  (/input-52/conv_4): BoundConv(name=/input-52/conv_4, inputs=[/input-52/add_1_2, /input-52/conv_4_w], perturbed=True)
  (/input-52/conv_4_w): BoundParams(name=/input-52/conv_4_w, inputs=[], perturbed=False)
  (/input-52/add_1_2): BoundAdd(name=/input-52/add_1_2, inputs=[/input-52/conv_1_relu, /input-52/conv_2], perturbed=True)
  (/input-52/add_3_4): BoundAdd(name=/input-52/add_3_4, inputs=[/input-52/conv_3_relu, /input-52/conv_4], perturbed=True)
  (/95/conv_1): BoundConv(name=/95/conv_1, inputs=[/94, /95/conv_1_w], perturbed=True)
  (/95/conv_1_relu): BoundRelu(name=/95/conv_1_relu, inputs=[/95/conv_1], perturbed=True)
  (/95/conv_1_w): BoundParams(name=/95/conv_1_w, inputs=[], perturbed=False)
  (/95/conv_2): BoundConv(name=/95/conv_2, inputs=[/94, /95/conv_2_w], perturbed=True)
  (/95/conv_2_w): BoundParams(name=/95/conv_2_w, inputs=[], perturbed=False)
  (/95/conv_3): BoundConv(name=/95/conv_3, inputs=[/95/add_1_2, /95/conv_3_w], perturbed=True)
  (/95/conv_3_relu): BoundRelu(name=/95/conv_3_relu, inputs=[/95/conv_3], perturbed=True)
  (/95/conv_3_w): BoundParams(name=/95/conv_3_w, inputs=[], perturbed=False)
  (/95/conv_4): BoundConv(name=/95/conv_4, inputs=[/95/add_1_2, /95/conv_4_w], perturbed=True)
  (/95/conv_4_w): BoundParams(name=/95/conv_4_w, inputs=[], perturbed=False)
  (/95/add_1_2): BoundAdd(name=/95/add_1_2, inputs=[/95/conv_1_relu, /95/conv_2], perturbed=True)
  (/95/add_3_4): BoundAdd(name=/95/add_3_4, inputs=[/95/conv_3_relu, /95/conv_4], perturbed=True)
)
Model prediction is: tensor([-1.22951639e+00,  1.03622198e+00, -1.99162138e+00, -2.39252639e+00,
        -1.96720469e+00, -6.12600505e-01, -9.81215179e-01, -1.69354737e+00,
        -1.59883714e+00, -2.46321917e+00, -2.16601539e+00, -9.96288478e-01,
        -8.88890564e-01, -2.05972266e+00, -8.85085464e-01, -1.01151955e+00,
        -1.18808901e+00, -1.55950546e+00, -1.48256397e+00, -1.13997066e+00,
        -2.95277286e+00, -1.96537495e+00, -1.70694637e+00, -2.13789892e+00,
        -1.50454307e+00, -2.43537951e+00, -1.88136423e+00, -1.64887226e+00,
        -1.65051532e+00, -1.34201396e+00, -2.87469983e+00, -8.45870495e-01,
        -1.98620534e+00, -2.64770865e+00, -1.53741765e+00, -2.60829449e+00,
        -4.49695379e-01, -2.69332886e+00, -1.39529359e+00, -2.19026327e+00,
        -7.71017015e-01, -2.80097961e+00, -2.81640220e+00, -2.06154823e+00,
        -2.54469204e+00, -1.87669551e+00, -5.99514067e-01, -2.35129309e+00,
        -3.19554257e+00, -1.86740446e+00, -1.12022924e+00, -3.14271498e+00,
        -1.78390276e+00, -1.10212100e+00, -1.60529184e+00, -2.22978711e+00,
        -1.29194546e+00, -2.60906053e+00, -1.57885456e+00, -1.13562000e+00,
        -9.84940529e-01, -1.85851812e+00, -2.34963369e+00, -1.05099726e+00,
        -2.13089013e+00, -1.90079236e+00, -2.20220399e+00, -1.42535567e+00,
        -2.99779129e+00, -2.64853692e+00, -7.46784627e-01, -3.25442165e-01,
        -2.75962412e-01, -2.93718316e-02,  7.72972703e-02, -3.94351989e-01,
        -6.30425870e-01, -2.08100677e-01, -1.03100426e-01,  1.87162403e-02,
        -1.17544627e+00, -3.59539652e+00, -2.37428379e+00, -2.23403668e+00,
        -1.89680409e+00, -1.87833285e+00, -2.36178207e+00, -5.57410955e-01,
         4.91138786e-01, -1.89971256e+00, -7.74943769e-01, -1.80296791e+00,
        -1.49108696e+00, -1.39098179e+00, -4.26074684e-01, -2.96709061e+00,
        -4.70710188e-01, -2.38765383e+00, -2.08308578e+00, -1.57493174e+00,
        -7.45107412e-01, -1.70901072e+00, -2.54535556e+00, -1.62276471e+00,
        -2.20622826e+00, -2.34930015e+00, -1.53919256e+00,  6.00282252e-01,
         1.20826438e-01, -1.40041208e+00, -4.28142220e-01, -1.73397601e-01,
         5.43236613e-01, -1.37569118e+00, -1.69249272e+00, -8.56705070e-01,
        -1.85749066e+00, -5.48782051e-01, -1.12919545e+00, -2.31870723e+00,
        -1.94785500e+00, -1.81354058e+00, -5.23623168e-01, -2.59907198e+00,
        -1.41279244e+00, -2.13808131e+00, -7.83514977e-01, -1.88077903e+00,
        -1.72214115e+00, -5.01993179e-01, -5.91349840e-01, -1.71431553e+00,
        -8.66099656e-01, -1.87164354e+00, -1.80978394e+00, -2.26611781e+00,
        -1.50472331e+00, -9.84037697e-01, -2.14438415e+00, -3.12986565e+00,
        -2.90981460e+00, -1.42797089e+00, -2.48862171e+00, -2.26257062e+00,
        -2.11304641e+00, -1.75147355e+00, -3.12389994e+00, -1.52034986e+00,
        -1.20853448e+00, -2.29181361e+00, -1.47538328e+00,  5.28851509e-01,
        -8.26945841e-01,  1.35343337e+00, -1.74838066e-01,  7.02507198e-02,
        -7.23070621e-01,  3.42692077e-01, -9.00992155e-01, -8.51857722e-01,
        -3.65187883e-01, -4.24660981e-01, -2.00449288e-01, -9.77070153e-01,
        -1.22428834e+00, -8.42437625e-01, -1.66947567e+00, -1.90986192e+00,
        -2.73765504e-01, -2.97337264e-01, -4.86915559e-01, -1.00155979e-01,
        -5.97470641e-01, -8.49119246e-01, -1.32480538e+00, -1.14578354e+00,
        -1.56316280e+00, -4.78559881e-01,  1.44505545e-01, -1.99141014e+00,
        -1.59843969e+00, -5.79435229e-01, -2.04932302e-01,  3.97188365e-01,
         4.29963693e-02,  1.19098976e-01, -2.72724070e-02,  7.71624565e-01,
        -1.15128291e+00, -4.23237115e-01, -9.14375901e-01,  6.26993179e-01,
         1.99640319e-01, -5.18900216e-01, -1.26322305e+00,  5.11850119e-01,
        -2.16217458e-01, -8.51888597e-01, -9.44502354e-01,  4.03731316e-01,
        -3.50849748e-01, -4.74855870e-01,  7.84476995e-02,  1.56361413e+00,
         5.32825112e-01, -1.12882388e+00, -1.26972985e+00, -7.78282404e-01,
        -7.70801365e-01, -1.50259948e+00, -2.29363799e+00, -5.69681048e-01,
        -7.54973352e-01, -1.43162131e+00, -1.06659031e+00, -5.28779030e-01,
        -6.52553499e-01, -2.82359987e-01, -8.40434372e-01, -3.36090356e-01,
        -5.92368603e-01, -1.10041499e+00, -4.24506724e-01,  7.27047920e-01,
        -2.75725294e-02, -1.42318630e+00, -4.52780604e-01, -1.31471717e+00,
        -3.58205020e-01,  5.92804790e-01, -4.12074655e-01, -6.00302458e-01,
        -7.63694644e-01,  3.50659251e-01, -8.74798715e-01, -1.49606311e+00,
        -9.58927393e-01,  1.10919803e-01, -1.21533787e+00, -5.42626500e-01,
        -8.94401193e-01, -1.74877989e+00, -2.56025225e-01, -1.69556212e+00,
        -9.95347500e-01, -7.00061381e-01, -1.31541371e+00, -9.37083304e-01,
        -9.66224849e-01, -5.82888961e-01, -8.72877836e-01, -4.18497205e-01,
         6.85364157e-02,  3.16158056e-01,  2.01732814e-01, -8.17189157e-01,
        -1.00021291e+00,  2.42048025e-01,  1.78898245e-01,  1.15863144e+00,
         2.56189823e-01, -2.90303737e-01, -1.18053830e+00, -2.96284080e-01,
        -7.27919936e-01,  1.10854065e+00,  3.43377233e-01,  6.97698742e-02,
        -1.58428526e+00, -9.50311005e-01, -7.06173062e-01, -1.21115172e+00,
        -1.67706728e+00, -1.18706667e+00, -1.75728631e+00, -2.29317045e+00,
        -1.59325004e+00, -8.92412424e-01, -9.91442382e-01, -6.21460438e-01,
        -8.30697715e-01,  3.79755497e-01,  3.28953028e-01,  2.04265809e+00,
         1.08818233e+00,  6.78036451e-01, -1.37371147e+00, -8.22226763e-01,
        -1.63443613e+00, -1.99750960e+00, -2.04860377e+00, -1.72263706e+00,
        -1.49308777e+00, -1.08113647e+00, -2.12258267e+00, -1.58558917e+00,
        -7.66824126e-01, -1.95630014e+00, -2.51593471e+00, -9.53253448e-01,
        -2.38191772e+00, -7.42884725e-02, -1.48573005e+00, -1.22020864e+00,
        -1.60320830e+00, -3.24218345e+00, -1.63857388e+00, -1.54886329e+00,
        -1.31538832e+00, -5.23886561e-01,  6.33986473e-01, -6.35483623e-01,
        -1.57169425e+00, -1.54757604e-01,  4.94741648e-02, -4.59828615e-01,
        -2.15729809e+00, -1.87731016e+00, -6.08986199e-01, -1.16413049e-02,
        -4.95019108e-01, -2.62022448e+00, -2.04962707e+00, -7.61591434e-01,
        -1.49231803e+00, -1.47513616e+00, -2.29266858e+00, -9.19867218e-01,
        -1.56716967e+00, -2.08826041e+00, -1.27704179e+00, -1.19501925e+00,
         9.60499406e-01,  1.12726486e+00, -1.55655515e+00, -2.15044856e+00,
        -2.33000755e+00, -8.82381499e-01,  4.42477763e-02, -1.99782073e+00,
        -1.44618618e+00, -1.58582485e+00, -2.73463631e+00, -2.81974411e+00,
        -2.48152089e+00, -2.55403209e+00, -2.18181682e+00, -2.13740420e+00,
        -3.07879162e+00, -2.98614693e+00, -2.95676160e+00, -2.68241739e+00,
        -1.62217391e+00, -2.81454682e+00, -1.55120218e+00, -2.05728102e+00,
        -6.92861915e-01, -1.68784428e+00, -2.05294222e-01, -2.76424468e-01,
        -1.74938238e+00, -9.72963512e-01, -1.14925075e+00, -1.75152516e+00,
        -2.26469612e+00, -2.21499181e+00, -2.38399363e+00, -2.42859125e+00,
        -1.79172039e+00, -2.42025089e+00, -2.03235626e+00, -2.18533850e+00,
        -2.01695013e+00, -1.98679078e+00, -2.06327295e+00, -2.21079731e+00,
        -2.02262950e+00, -2.05710077e+00, -3.47161949e-01, -2.36174989e+00,
        -1.29779840e+00, -1.86520541e+00, -1.52120674e+00, -1.60060275e+00,
        -1.54003358e+00, -9.13379610e-01, -1.98132300e+00, -2.70940876e+00,
        -2.11729360e+00, -1.17356217e+00, -2.75162292e+00, -7.74044216e-01,
        -1.30908072e+00, -1.07788396e+00, -1.68870580e+00, -9.35704648e-01,
        -1.34173274e+00, -1.97270155e+00,  3.55061024e-01,  4.07299900e+00,
         2.04722357e+00,  2.26268458e+00,  2.01913929e+00, -2.02654076e+00,
        -8.72262001e-01,  3.93018663e-01,  8.85004580e-01, -4.94767994e-01,
        -2.10249853e+00,  2.33761883e+00, -2.27068424e+00,  6.23217583e+00,
         1.13934982e+00,  6.93370178e-02,  4.06334448e+00,  1.03533089e-01,
         2.08413172e+00,  2.68061948e+00,  2.15776443e+00,  2.30895019e+00,
         1.21944189e+00,  4.43821907e-01,  4.95395958e-01,  9.43720758e-01,
         1.14629757e+00,  5.16328335e-01,  5.58470905e-01, -1.08042575e-01,
        -6.41977966e-01, -1.10465348e+00, -1.09408486e+00,  2.79205632e+00,
         9.61292386e-01,  2.09878111e+00,  3.81180263e+00,  3.36522126e+00,
        -7.44371057e-01,  9.44216967e-01,  1.62886918e+00,  9.65322196e-01,
         2.28818327e-01,  1.59423018e+00,  1.27950919e+00,  4.17445517e+00,
        -1.24737990e+00,  9.23814952e-01,  4.38348484e+00,  1.68142819e+00,
         3.42672467e-01,  2.78451324e-01, -1.32703173e+00,  2.25860453e+00,
         2.34163141e+00,  9.72923279e-01, -7.34492242e-01,  3.13612014e-01,
         1.58884633e+00,  4.02976704e+00, -1.07733917e+00,  2.56207871e+00,
        -1.82972360e+00,  2.08402467e+00,  2.29139590e+00,  1.54296148e+00,
         2.07748127e+00,  2.73720407e+00, -2.83791602e-01, -1.51697481e+00,
        -1.91040874e-01, -6.04532182e-01,  2.10507703e+00, -1.49766433e+00,
        -6.69900179e-01,  1.06664634e+00,  2.65755820e+00, -4.13616776e-01,
         2.26151839e-01,  5.90149581e-01,  1.51234889e+00, -5.06491721e-01,
         1.83853257e+00,  6.10673845e-01,  3.01465273e-01, -8.74254942e-01,
        -2.04422146e-01,  3.24971557e-01,  2.04181123e+00,  2.75459003e+00,
        -1.16935000e-02,  1.46346360e-01,  1.46901357e+00, -1.26657665e+00,
         8.17793012e-02,  1.16989934e+00,  1.31502390e+00,  7.20961154e-01,
         2.53277755e+00,  1.11291468e+00,  1.50935280e+00,  2.89512682e+00,
        -1.91332150e+00,  3.87726164e+00,  1.00334549e+00,  2.31294942e+00,
         1.32993460e+00,  1.84185112e+00, -1.18075407e+00,  9.14071083e-01,
         1.01384747e+00, -1.77295864e-01, -1.09004533e+00, -4.80379552e-01,
         5.71021616e-01,  1.13834524e+00,  1.46451008e+00,  7.89970934e-01,
         1.63496304e+00,  4.46539015e-01,  2.46948376e-01, -1.44070044e-01,
         2.71153569e+00,  3.59710902e-01, -5.31669199e-01,  1.20007527e+00,
         1.70558703e+00, -1.34090066e+00,  1.25858736e+00,  1.99778819e+00,
         5.78140557e-01,  2.37858343e+00,  1.67789853e+00,  2.03940773e+00,
         1.39847124e+00,  2.02862215e+00,  2.09359288e+00, -1.40517139e+00,
        -1.14876974e+00, -2.13849711e+00,  6.04405046e-01,  2.41467452e+00,
        -8.12141120e-01,  4.89970088e-01,  2.17397928e+00,  1.58713818e+00,
        -7.00814188e-01,  1.63605630e+00,  1.35009122e+00, -1.68577218e+00,
        -6.77223802e-02,  4.45164108e+00,  8.13029289e-01,  8.26334655e-01,
         3.28315091e+00,  1.29209054e+00, -7.85961330e-01, -1.92705274e-01,
         2.78546882e+00,  3.40408731e+00,  1.44191527e+00,  2.05535555e+00,
        -2.69544810e-01, -5.95195532e-01,  1.54955280e+00,  1.23229206e+00,
         2.12146401e+00,  9.03391957e-01, -6.13150001e-02, -9.99833196e-02,
         2.44392037e+00, -2.02664471e+00,  1.97360849e+00, -7.43640780e-01,
         1.45964539e+00, -1.90297377e+00, -6.70930386e-01, -1.12782240e+00,
        -1.70890152e+00,  6.67741179e-01,  4.04922199e+00,  2.33463073e+00,
         6.03559673e-01,  9.49266076e-01, -1.30116951e+00, -5.39537609e-01,
         1.92186022e+00,  2.39692307e+00, -1.73454070e+00,  1.22082531e+00,
         3.94972372e+00,  2.93179202e+00,  6.17639840e-01,  6.38202047e+00,
        -2.62586147e-01,  1.07680571e+00,  1.49066746e+00, -1.19044554e+00,
         8.58491302e-01,  5.58503032e-01,  2.57976413e+00,  6.31786764e-01,
         2.71125984e+00,  3.37732792e+00,  1.69087899e+00, -3.13106918e+00,
         8.07063043e-01,  2.24017835e+00,  3.03757715e+00,  9.90552068e-01,
         3.47302437e+00, -1.70885992e+00,  4.92399740e+00,  8.52211237e-01,
        -3.34201038e-01,  4.70566213e-01,  4.61737680e+00,  2.22600722e+00,
         9.36396301e-01,  3.06608534e+00,  1.07039750e+00,  4.96875143e+00,
         2.91266060e+00, -5.00983298e-01,  1.03428149e+00,  6.28066361e-01,
        -3.22642297e-01, -6.54362261e-01,  2.25367045e+00, -1.58513486e-02,
        -1.54701543e+00,  2.24776244e+00, -1.68608464e-02,  1.71124721e+00,
         2.38454556e+00, -4.90413159e-01, -1.68067372e+00,  1.61839217e-01,
         4.07236719e+00, -9.04037654e-02,  3.47651124e+00,  2.65287828e+00,
        -1.90127134e+00,  1.23143566e+00,  9.52281654e-01,  1.65628290e+00,
         1.56047547e+00, -8.95911157e-01,  9.36184883e-01,  1.52169895e+00,
         2.12528110e+00, -1.14384699e+00,  2.60271406e+00,  2.65570807e+00,
         1.20950460e+00, -8.06988869e-03, -7.83875108e-01,  4.85676384e+00,
        -5.45917809e-01,  7.71806121e-01,  9.88596380e-01,  4.16012555e-01,
        -9.92298201e-02, -2.31607223e+00,  1.19236088e+00, -1.12544978e+00,
         2.90345240e+00, -2.07756221e-01, -1.72306776e+00,  1.64951813e+00,
        -2.12230220e-01,  3.87650800e+00, -1.61363021e-01, -8.50177586e-01,
         1.31272578e+00,  1.94854844e+00, -3.21475804e-01, -8.37979019e-01,
        -6.93704665e-01,  1.82460412e-01,  1.60925078e+00,  1.17162251e+00,
         2.21190286e+00,  2.45873594e+00, -3.41959655e-01,  1.68316066e+00,
         2.93236643e-01, -1.35598040e+00,  5.34035802e-01,  7.75429189e-01,
         1.50637996e+00,  3.75521231e+00, -3.21313262e+00,  9.71422553e-01,
         3.06727958e+00,  2.31694728e-01, -7.67111301e-01,  1.52737176e+00,
         2.64723539e+00,  5.09853935e+00, -9.68768060e-01,  2.02453327e+00,
         1.52740514e+00,  2.33257008e+00,  7.03289628e-01, -1.03912950e+00,
         5.94960690e-01, -9.88117158e-01, -1.97983623e-01,  1.11503553e+00,
         1.11164182e-01,  4.14153862e+00,  5.66479087e-01,  2.72030926e+00,
         1.38697290e+00,  1.31118608e+00,  5.64932227e-01, -6.73532307e-01,
         1.31629574e+00, -1.58831382e+00,  5.36993980e-01,  7.29775488e-01,
         7.32366085e-01,  3.96443820e+00,  1.36550939e+00,  1.28358042e+00,
        -1.02459729e+00,  2.35514832e+00, -2.66497374e+00,  1.01941800e+00,
         3.00704813e+00,  7.10838974e-01, -2.72078276e+00,  1.92561531e+00,
         5.02781868e-01,  1.91387880e+00, -1.67131519e+00,  3.99117136e+00,
         7.33585656e-01,  6.94264889e-01,  3.31980549e-03, -1.22380948e+00,
         4.34249699e-01,  3.91201496e+00,  9.29892212e-02,  2.45015398e-01,
         4.42946792e-01,  1.70558429e+00, -1.05437160e+00,  3.29779077e+00,
         3.02858925e+00,  2.41387105e+00,  4.10037470e+00, -1.20714092e+00,
         9.13603127e-01,  3.24476385e+00,  6.72710419e-01, -8.08089375e-01,
         1.29463756e+00, -2.43272245e-01,  4.45410818e-01,  1.29620802e+00,
         3.34431267e+00,  1.81675017e+00,  7.27536738e-01,  7.99863756e-01,
         9.84065413e-01,  1.18365169e+00,  4.31433082e-01,  1.57759619e+00,
        -1.54661202e+00,  1.39386702e+00, -1.00989632e-01,  1.67030501e+00,
         3.74411130e+00,  1.37002230e+00,  1.17419899e+00,  5.01878548e+00,
         1.42855561e+00,  1.00441039e+00,  5.50909400e-01, -1.25726295e+00,
         1.92409843e-01, -2.24395707e-01,  2.85025311e+00,  1.75995618e-01,
         1.43345594e+00,  6.27971649e-01,  1.11156607e+00,  7.52673924e-01,
        -6.57704592e-01,  3.15430689e+00,  1.92410767e+00,  8.41271579e-01,
         1.07191455e+00,  3.13264084e+00,  8.26679420e+00,  4.10384953e-01,
         1.70922327e+00,  4.45778894e+00,  6.93697691e-01,  3.64860439e+00,
         5.30237615e-01, -1.11829057e-01, -1.07773840e+00, -1.73102117e+00,
         1.90490794e+00, -3.54766250e-01,  1.57237422e+00,  1.08388329e+00,
         5.11230350e-01,  1.13117844e-01,  7.61389077e-01,  3.05242610e+00,
         9.59012687e-01,  1.80830538e+00, -1.03447652e+00,  1.42441583e+00,
        -3.56567591e-01, -3.93745631e-01,  3.16537070e+00,  3.05054307e+00,
        -1.75435531e+00, -5.95619380e-01,  6.45442605e-01,  2.55768418e+00,
         4.26230240e+00, -1.71577466e+00,  5.45796812e-01,  1.71592212e+00,
         1.05041063e+00, -1.13425505e+00,  1.47909331e+00,  3.40228009e+00,
        -1.64002526e+00, -1.66554880e+00,  3.99839377e+00, -1.73057866e+00,
         1.15836692e+00,  2.14923882e+00,  1.00364542e+00, -2.84388997e-02,
         2.77634811e+00,  3.75485945e+00,  4.74705458e+00,  1.12284040e+00,
         2.07627988e+00,  2.05610943e+00,  3.65566421e+00, -1.82525742e+00,
         5.06673992e-01,  5.73836982e-01,  1.09510803e+00,  3.31884623e+00,
         3.57888848e-01, -1.45006371e+00,  6.01031446e+00,  3.94662321e-01,
        -3.12241054e+00,  1.57302999e+00,  8.06495368e-01,  2.24637771e+00,
        -3.70086133e-01,  2.53411674e+00,  1.57578695e+00, -1.12346709e+00,
        -2.07730770e+00, -3.14174652e-01, -1.32650864e+00, -2.41946712e-01,
         2.93668222e+00,  3.32375097e+00,  4.98213023e-02,  1.76989600e-01,
         2.09906125e+00, -5.58718340e-03, -2.66115141e+00,  8.58586490e-01,
         2.75770569e+00,  5.90124071e-01, -2.51720965e-01,  4.19533443e+00,
         1.27618980e+00,  8.35376859e-01,  2.29761767e+00,  2.17969728e+00,
         8.99430513e-01,  5.34105444e+00,  8.45499754e-01,  3.95406103e+00,
        -1.19996893e+00,  2.31887746e+00, -1.28986990e+00, -5.93313277e-01,
         4.09983063e+00,  2.32330894e+00,  4.71008968e+00, -1.47177339e+00,
         2.37521029e+00,  1.76633203e+00,  2.67416525e+00,  2.37888098e+00,
         2.87010252e-01, -1.45337713e+00,  1.74223876e+00,  2.66910410e+00,
         4.55909348e+00,  7.65250015e+00,  4.41845512e+00,  8.36489379e-01,
        -8.02098513e-01, -2.38511980e-01,  7.80368596e-02,  3.36172819e+00,
        -1.60343230e+00, -1.98254609e+00, -3.37620229e-01,  6.58569396e-01,
         2.12183595e+00,  1.62010574e+00,  7.17502654e-01, -1.57336950e-01,
         8.17242086e-01,  2.79246831e+00,  1.30520296e+00,  5.11284545e-02,
        -1.75825644e+00, -1.53759904e-02, -1.92122054e+00, -7.50539482e-01,
        -9.79335189e-01,  2.03778958e+00, -1.11554301e+00, -9.37162995e-01,
        -1.25812685e+00, -1.64201546e+00, -3.79815370e-01, -1.12448049e+00,
        -1.16946328e+00, -9.08614635e-01, -9.37823594e-01, -8.22630286e-01,
        -1.78955865e+00, -1.97425604e+00, -1.25459626e-01, -1.08322442e+00,
        -2.95919228e+00, -2.19821572e-01, -1.96722639e+00, -4.20525670e-01,
        -5.56073785e-01,  4.48109090e-01,  6.79482639e-01, -5.22934735e-01,
        -2.30547595e+00, -5.40753424e-01,  5.47443703e-02, -1.75419354e+00,
        -2.39587927e+00, -1.08804858e+00, -6.95542693e-01, -1.94963312e+00,
        -1.80500209e+00, -6.17919326e-01, -9.85309362e-01, -5.92488706e-01,
        -8.34638774e-01, -3.83003652e-01,  2.45691776e+00, -6.52932882e-01,
         1.25622189e+00,  4.66256350e-01, -1.29581904e+00,  2.15548778e+00,
        -1.42794621e+00, -8.77457798e-01,  3.43974948e-01, -4.12735015e-01,
        -2.06293440e+00, -1.99120209e-01, -2.55908817e-01, -1.79915583e+00,
         5.96982896e-01, -6.21661186e-01,  2.98562288e+00, -1.29123449e-01,
        -7.82929063e-01,  6.20838284e-01, -2.03674221e+00, -2.14035720e-01,
        -2.61281562e+00, -1.02016795e+00, -2.31180668e+00, -1.17084408e+00,
         6.50147945e-02, -2.47345281e+00, -2.36989212e+00, -1.91945934e+00,
        -2.04782629e+00, -3.01218319e+00, -3.22754532e-01,  2.18197751e+00],
       device='cuda:0')
Clean RHS: tensor([[0.16931486]], device='cuda:0')
Split layers:
Nonlinear functions:
   BoundRelu(name=/66, inputs=[/input], perturbed=True)
   BoundRelu(name=/68, inputs=[/input-4], perturbed=True)
   BoundRelu(name=/71, inputs=[/input-12], perturbed=True)
   BoundRelu(name=/73, inputs=[/input-16], perturbed=True)
   BoundRelu(name=/76, inputs=[/input-24], perturbed=True)
   BoundRelu(name=/78, inputs=[/input-28], perturbed=True)
   BoundRelu(name=/80, inputs=[/input-32], perturbed=True)
   BoundRelu(name=/83, inputs=[/input-40], perturbed=True)
   BoundRelu(name=/85, inputs=[/input-44], perturbed=True)
   BoundRelu(name=/87, inputs=[/input-48], perturbed=True)
   BoundRelu(name=/90, inputs=[/input-56], perturbed=True)
   BoundRelu(name=/92, inputs=[/input-60], perturbed=True)
   BoundRelu(name=/94, inputs=[/input-64], perturbed=True)
   BoundRelu(name=/98, inputs=[/input-68], perturbed=True)
   BoundRelu(name=/101, inputs=[/input-72], perturbed=True)
   BoundRelu(name=/input-8/conv_1_relu, inputs=[/input-8/conv_1], perturbed=True)
   BoundRelu(name=/input-8/conv_3_relu, inputs=[/input-8/conv_3], perturbed=True)
   BoundRelu(name=/input-20/conv_1_relu, inputs=[/input-20/conv_1], perturbed=True)
   BoundRelu(name=/input-20/conv_3_relu, inputs=[/input-20/conv_3], perturbed=True)
   BoundRelu(name=/input-36/conv_1_relu, inputs=[/input-36/conv_1], perturbed=True)
   BoundRelu(name=/input-36/conv_3_relu, inputs=[/input-36/conv_3], perturbed=True)
   BoundRelu(name=/input-52/conv_1_relu, inputs=[/input-52/conv_1], perturbed=True)
   BoundRelu(name=/input-52/conv_3_relu, inputs=[/input-52/conv_3], perturbed=True)
   BoundRelu(name=/95/conv_1_relu, inputs=[/95/conv_1], perturbed=True)
   BoundRelu(name=/95/conv_3_relu, inputs=[/95/conv_3], perturbed=True)
Batched CROWN: node BoundConv(name=/input-4, inputs=[/66, /35, /36], perturbed=True), unstable size 8521
Batched CROWN: node BoundConv(name=/input-8/conv_1, inputs=[/68, /input-8/conv_1_w], perturbed=True), unstable size 26095
Batched CROWN: node BoundConv(name=/input-8/conv_3, inputs=[/input-8/add_1_2, /input-8/conv_3_w], perturbed=True), unstable size 3132
Batched CROWN: node BoundConv(name=/input-12, inputs=[/input-8/add_3_4, /37, /38], perturbed=True), unstable size 57062
Batched CROWN: node BoundConv(name=/input-16, inputs=[/71, /39, /40], perturbed=True), unstable size 634659
Batched CROWN: node BoundConv(name=/input-20/conv_1, inputs=[/73, /input-20/conv_1_w], perturbed=True), unstable size 89320
Batched CROWN: node BoundConv(name=/input-20/conv_3, inputs=[/input-20/add_1_2, /input-20/conv_3_w], perturbed=True), unstable size 30467
Batched CROWN: node BoundConv(name=/input-24, inputs=[/input-20/add_3_4, /41, /42], perturbed=True), unstable size 621841
Batched CROWN: node BoundConv(name=/input-28, inputs=[/76, /43, /44], perturbed=True), unstable size 680031
Batched CROWN: node BoundConv(name=/input-32, inputs=[/78, /45, /46], perturbed=True), unstable size 252875
Batched CROWN: node BoundConv(name=/input-36/conv_1, inputs=[/80, /input-36/conv_1_w], perturbed=True), unstable size 19005
Batched CROWN: node BoundConv(name=/input-36/conv_3, inputs=[/input-36/add_1_2, /input-36/conv_3_w], perturbed=True), unstable size 10104
Batched CROWN: node BoundConv(name=/input-40, inputs=[/input-36/add_3_4, /47, /48], perturbed=True), unstable size 237591
Batched CROWN: node BoundConv(name=/input-44, inputs=[/83, /49, /50], perturbed=True), unstable size 330844
