----- SLURM_JOB_ID=4435594
SLURM_JOB_NODELIST=d1026
SLURM_JOB_GPUS=2
SLURM_GPUS=<unset>
SLURM_STEP_GPUS=<unset>
CUDA_VISIBLE_DEVICES=0
SLURM_NTASKS=1
SLURM_CPUS_PER_TASK=4
SHELL=/bin/bash
PATH=/shared/EL9/explorer/cuda/12.8.0/bin:/shared/EL9/explorer/code-server/4.91.1/code-server-4.91.1-linux-amd64/lib/vscode/bin/remote-cli:/home/z.dehghanipour/.conda/envs/ab-crown-v1/bin:/shared/EL9/explorer/anaconda3/2024.06/condabin:/usr/share/Modules/bin:/usr/local/bin:/usr/bin:/usr/local/sbin:/usr/sbin:/home/z.dehghanipour/.local/bin:/home/z.dehghanipour/bin:/home/z.dehghanipour/.local/bin:/home/z.dehghanipour/bin
========== ENV CHECK ==========
/home/z.dehghanipour/.conda/envs/ab-crown-v1/bin/python
Python 3.11.9
PYTHON: /home/z.dehghanipour/.conda/envs/ab-crown-v1/bin/python
torch: 2.3.1
torch.version.cuda: 12.1
cuda available: True
CUDA_VISIBLE_DEVICES: 0
device[0]: NVIDIA A100-SXM4-40GB
capability[0]: (8, 0)
matmul ok: 29118.021484375
Thu Feb 19 03:30:34 2026       
+-----------------------------------------------------------------------------------------+
| NVIDIA-SMI 570.86.15              Driver Version: 570.86.15      CUDA Version: 12.8     |
|-----------------------------------------+------------------------+----------------------+
| GPU  Name                 Persistence-M | Bus-Id          Disp.A | Volatile Uncorr. ECC |
| Fan  Temp   Perf          Pwr:Usage/Cap |           Memory-Usage | GPU-Util  Compute M. |
|                                         |                        |               MIG M. |
|=========================================+========================+======================|
|   0  NVIDIA A100-SXM4-40GB          On  |   00000000:81:00.0 Off |                    0 |
| N/A   42C    P0             63W /  400W |       1MiB /  40960MiB |      9%      Default |
|                                         |                        |             Disabled |
+-----------------------------------------+------------------------+----------------------+
|   1  NVIDIA A100-SXM4-40GB          On  |   00000000:C1:00.0 Off |                    0 |
| N/A   31C    P0             48W /  400W |       1MiB /  40960MiB |      0%      Default |
|                                         |                        |             Disabled |
+-----------------------------------------+------------------------+----------------------+
                                                                                         
+-----------------------------------------------------------------------------------------+
| Processes:                                                                              |
|  GPU   GI   CI              PID   Type   Process name                        GPU Memory |
|        ID   ID                                                               Usage      |
|=========================================================================================|
|  No running processes found                                                             |
+-----------------------------------------------------------------------------------------+
================================
========== QUICK GPU CHECK ==========
Thu Feb 19 03:30:34 2026       
+-----------------------------------------------------------------------------------------+
| NVIDIA-SMI 570.86.15              Driver Version: 570.86.15      CUDA Version: 12.8     |
|-----------------------------------------+------------------------+----------------------+
| GPU  Name                 Persistence-M | Bus-Id          Disp.A | Volatile Uncorr. ECC |
| Fan  Temp   Perf          Pwr:Usage/Cap |           Memory-Usage | GPU-Util  Compute M. |
|                                         |                        |               MIG M. |
|=========================================+========================+======================|
|   0  NVIDIA A100-SXM4-40GB          On  |   00000000:81:00.0 Off |                    0 |
| N/A   43C    P0             79W /  400W |       1MiB /  40960MiB |      0%      Default |
|                                         |                        |             Disabled |
+-----------------------------------------+------------------------+----------------------+
|   1  NVIDIA A100-SXM4-40GB          On  |   00000000:C1:00.0 Off |                    0 |
| N/A   31C    P0             55W /  400W |       1MiB /  40960MiB |      0%      Default |
|                                         |                        |             Disabled |
+-----------------------------------------+------------------------+----------------------+
                                                                                         
+-----------------------------------------------------------------------------------------+
| Processes:                                                                              |
|  GPU   GI   CI              PID   Type   Process name                        GPU Memory |
|        ID   ID                                                               Usage      |
|=========================================================================================|
|  No running processes found                                                             |
+-----------------------------------------------------------------------------------------+
=====================================
[rank 0/1] host=d1026 CUDA_VISIBLE_DEVICES=0
[rank 0] === Checking instance ID 751 ===
[rank 0] >>> ID 751 already done (results.csv / parts) — skipping
[rank 0] === Checking instance ID 752 ===
[rank 0] >>> ID 752 already done (results.csv / parts) — skipping
[rank 0] === Checking instance ID 753 ===
[rank 0] >>> ID 753 already done (results.csv / parts) — skipping
[rank 0] === Checking instance ID 754 ===
[rank 0] >>> ID 754 already done (results.csv / parts) — skipping
[rank 0] === Checking instance ID 755 ===
[rank 0] >>> ID 755 already done (results.csv / parts) — skipping
[rank 0] === Checking instance ID 756 ===
[rank 0] >>> ID 756 already done (results.csv / parts) — skipping
[rank 0] === Checking instance ID 757 ===
[rank 0] >>> ID 757 already done (results.csv / parts) — skipping
[rank 0] === Checking instance ID 758 ===
[rank 0] >>> ID 758 already done (results.csv / parts) — skipping
[rank 0] === Checking instance ID 759 ===
[rank 0] >>> ID 759 already done (results.csv / parts) — skipping
[rank 0] === Checking instance ID 760 ===
[rank 0] >>> ID 760 already done (results.csv / parts) — skipping
[rank 0] === Checking instance ID 761 ===
[rank 0] >>> ID 761 already done (results.csv / parts) — skipping
[rank 0] === Checking instance ID 762 ===
[rank 0] >>> ID 762 already done (results.csv / parts) — skipping
[rank 0] === Checking instance ID 763 ===
[rank 0] >>> ID 763 already done (results.csv / parts) — skipping
[rank 0] === Checking instance ID 764 ===
[rank 0] >>> ID 764 already done (results.csv / parts) — skipping
[rank 0] === Checking instance ID 765 ===
[rank 0] >>> ID 765 already done (results.csv / parts) — skipping
[rank 0] === Checking instance ID 766 ===
[rank 0] >>> ID 766 already done (results.csv / parts) — skipping
[rank 0] === Checking instance ID 767 ===
[rank 0] >>> ID 767 already done (results.csv / parts) — skipping
[rank 0] === Checking instance ID 768 ===
[rank 0] >>> ID 768 already done (results.csv / parts) — skipping
[rank 0] === Checking instance ID 769 ===
[rank 0] >>> ID 769 already done (results.csv / parts) — skipping
[rank 0] === Checking instance ID 770 ===
[rank 0] >>> ID 770 already done (results.csv / parts) — skipping
[rank 0] === Checking instance ID 771 ===
[rank 0] >>> Running ID=771 onnx=onnx/vgg16-7.onnx
Configurations:

general:
  device: cuda
  seed: 100
  conv_mode: patches
  deterministic: false
  double_fp: false
  loss_reduction_func: max
  sparse_alpha: true
  sparse_interm: true
  save_adv_example: false
  verify_onnxruntime_output: false
  eval_adv_example: false
  show_adv_example: false
  precompile_jit: false
  prepare_only: false
  complete_verifier: bab
  enable_incomplete_verification: false
  csv_name: instances.csv
  results_file: results/vggnet16_all_p_4/result_771.rank0.txt
  root_path: ../../vnncomp2023_benchmarks/benchmarks/vggnet16
  deterministic_opt: false
  graph_optimizer: 'Customized("custom_graph_optimizer", "maxpool_to_relu")'
  buffer_has_batchdim: false
  save_output: false
  output_file: out.pkl
  return_optimized_model: false
  output_additional_stats: true
  instance_id: 771
  dataset_output_dir: dataset
  min_stable_neurons_ratio_threshold: 0.0
model:
  name: null
  path: null
  onnx_path: /projects/air/dlverifier/vggnet16_all/onnx/vgg16-7.onnx
  onnx_path_prefix: ''
  cache_onnx_conversion: true
  debug_onnx: false
  onnx_quirks: null
  input_shape: null
  onnx_loader: default_onnx_and_vnnlib_loader
  onnx_optimization_flags: []
  onnx_vnnlib_joint_optimization_flags: none
  check_optimized: false
  flatten_final_output: false
  optimize_graph: null
  with_jacobian: false
data:
  start: 0
  end: 10000
  select_instance: null
  num_outputs: 1000
  mean: 0.0
  std: 1.0
  pkl_path: null
  dataset: null
  data_filter_path: null
  data_idx_file: null
specification:
  type: lp
  robustness_type: verified-acc
  norm: .inf
  epsilon: null
  epsilon_min: 0.0
  vnnlib_path: /projects/air/dlverifier/vggnet16_all/vnnlib/n02090622_borzoi_fix_nonmask_seg0_k50176_eps_0.0002.vnnlib
  vnnlib_path_prefix: ''
  rhs_offset: null
solver:
  batch_size: 1
  auto_enlarge_batch_size: false
  min_batch_size_ratio: 0.1
  use_float64_in_last_iteration: false
  early_stop_patience: 10
  start_save_best: 0.5
  bound_prop_method: forward+backward
  init_bound_prop_method: same
  prune_after_crown: false
  optimize_disjuncts_separately: false
  crown:
    batch_size: 16
    max_crown_size: 1000000000
    relu_option: adaptive
  alpha-crown:
    alpha: true
    lr_alpha: 0.1
    iteration: 100
    share_alphas: false
    lr_decay: 0.98
    full_conv_alpha: true
    max_coeff_mul: .inf
    matmul_share_alphas: false
    disable_optimization: []
    max_time: 1.0
  invprop:
    apply_output_constraints_to: []
    tighten_input_bounds: false
    best_of_oc_and_no_oc: false
    directly_optimize: []
    oc_lr: 0.1
    share_gammas: false
  beta-crown:
    lr_alpha: 0.01
    lr_beta: 0.05
    lr_decay: 0.98
    optimizer: adam
    iteration: 10
    beta: true
    beta_warmup: true
    enable_opt_interm_bounds: false
    all_node_split_LP: false
  forward:
    refine: false
    dynamic: true
    max_dim: 100
    reset_threshold: 1.0
  intermediate_refinement:
    enabled: false
    batch_size: 10
    opt_coeffs: false
    opt_bias: false
    lr: 0.05
    layers: [-1]
    max_domains: 1000
  multi_class:
    label_batch_size: 32
    skip_with_refined_bound: true
  mip:
    unstable_neuron_threshold: 0
    parallel_solvers: null
    solver_threads: 1
    refine_neuron_timeout: 15
    refine_neuron_time_percentage: 0.8
    early_stop: true
    adv_warmup: true
    mip_solver: gurobi
    skip_unsafe: false
    topk_filter: 1.0
    sliding_window: -1
    extra_constraint: false
    refine_neuron_timeout_increasement: 0
    timeout_neuron_percentage: 0.3
    remaining_timeout_threshold: 1
    remove_unstable_neurons: true
    lp_solver: false
bab:
  initial_max_domains: 1
  backing_up_max_domain: null
  max_domains: .inf
  decision_thresh: 0
  timeout: 1200.0
  timeout_scale: 1
  max_iterations: -1
  override_timeout: null
  get_upper_bound: false
  pruning_in_iteration: true
  pruning_in_iteration_ratio: 0.2
  sort_targets: false
  batched_domain_list: true
  optimized_interm: ''
  interm_transfer: true
  recompute_interm: false
  sort_domain_interval: -1
  vanilla_crown: false
  tree_traversal: depth_first
  cut:
    enabled: false
    cuts_path: /tmp/abcrown_cuts
    implication: false
    bab_cut: false
    lp_cut: false
    method: null
    lr: 0.01
    lr_decay: 1.0
    iteration: 100
    bab_iteration: -1
    early_stop_patience: -1
    lr_beta: 0.02
    number_cuts: 50
    topk_cuts_in_filter: 1000
    batch_size_primal: 100
    max_num: 1000000000
    patches_cut: false
    cplex_cuts: false
    cplex_cuts_wait: 0
    cplex_cuts_revpickup: true
    cut_reference_bounds: true
    fix_intermediate_bounds: false
    _tmp_cuts: null
    fixed_cuts: false
    add_implied_cuts: false
    add_input_cuts: false
    biccos:
      enabled: false
      constraint_strengthening: true
      recursively_strengthening: false
      drop_ratio: 0.5
      verified_bonus: 0.3
      max_infer_iter: 20
      heuristic: neuron_influence_score
      save_biccos_cuts: false
      multi_tree_branching:
        enabled: false
        restore_best_tree: false
        keep_n_best_domains: 1
        k_splits: 1
        iterations: 1
  branching:
    method: sb
    candidates: 3
    reduceop: min
    enable_intermediate_bound_opt: false
    branching_input_and_activation: false
    branching_input_and_activation_order: [input, relu]
    branching_input_iterations: 30
    branching_relu_iterations: 50
    gnn_path: ''
    neural_heuristic:
      model_path: ''
    rl:
      experiment: general
      eval: false
      extras: []
      logging:
        color: true
        debug: true
        file: rl-experiment.log
      pnet:
        gH: 64
        tH: 64
        nheads: 64
        nlayers: 64
        useDynamicGraph: true
        bidirectional: false
        GAT: true
      training:
        gamma: 0.99
        lr: 0.001
        batchSize: 8
        loop: 8
        totalEpochs: 10
        updatePolicyFrequency: 10
        updateTargetFrequency: 10
        buffer: buffer.pkl
        preparedBuffer: 'False'
        TestingPreparedBuffer: false
        scriptTraining: false
        policynet: policy-checkpoint.pt
        targetnet: target-checkpoint.pt
        datasetShuffle: true
        targetedData: all
        splitRatio: 0.8
        maxInstances: -1
        trainingMode: full
        reward:
          norm: null
          bonus: 10.0
          penalty: -1.0
      egreedy:
        epsilon: 0.1
        epsilonDecay: 0.1
        minEpsilon: 0.1
        ePath: epsilon.pt
        enabled: true
      expert:
        useExpertUntilEpisode: 0.1
        enabled: true
        learnToImitateExpertEpochs: 10
    nonlinear_split:
      method: shortcut
      branching_point_method: uniform
      num_branches: 2
      filter: false
      filter_beta: false
      filter_clamp: false
      filter_batch_size: 10000
      filter_iterations: 25
      relu_only: false
      loose_tanh_threshold: null
      dynamic_bbps: false
      dynamic_options: [uniform, three_left, three_right]
      branching_point_node: ''
      branching_point_db: []
    input_split:
      enable_clip_domains: false
      split_hint: null
      reorder_bab: false
      enable: true
      enhanced_bound_prop_method: alpha-crown
      enhanced_branching_method: naive
      enhanced_bound_patience: 100000000.0
      attack_patience: 100000000.0
      adv_check: 0
      split_partitions: 2
      sb_margin_weight: 1.0
      sb_sum: false
      sb_primary_spec: null
      bf_backup_thresh: -1
      bf_rhs_offset: 0
      bf_iters: 1000000000.0
      bf_batch_size: 100000
      bf_zero_crossing_score: false
      touch_zero_score: 0
      ibp_enhancement: false
      catch_assertion: false
      compare_with_old_bounds: false
      update_rhs_with_attack: false
      sb_coeff_thresh: 0.001
      sort_index: null
      sort_descending: true
      show_progress: false
      presplit_domains: null
      skip_getting_worst_domain: false
  attack:
    enabled: false
    beam_candidates: 8
    beam_depth: 7
    max_dive_fix_ratio: 0.8
    min_local_free_ratio: 0.2
    mip_start_iteration: 5
    mip_timeout: 30.0
    adv_pool_threshold: null
    refined_mip_attacker: false
    refined_batch_size: null
attack:
  pgd_order: input_bab
  pgd_steps: 100
  pgd_restarts: 30
  pgd_batch_size: 100000000
  pgd_early_stop: true
  pgd_lr_decay: 0.99
  pgd_alpha: auto
  pgd_alpha_scale: false
  pgd_loss_mode: null
  pgd_restart_when_stuck: false
  enable_mip_attack: false
  adv_saver: default_adv_saver
  adv_verifier: default_adv_verifier
  early_stop_condition: default_early_stop_condition
  adv_example_finalizer: default_adv_example_finalizer
  pgd_loss: default_pgd_loss
  cex_path: ./test_cex.txt
  attack_mode: PGD
  attack_tolerance: 0.0
  attack_func: attack_with_general_specs
  gama_lambda: 10.0
  gama_decay: 0.9
  check_clean: true
  input_split:
    pgd_steps: 100
    pgd_restarts: 30
    pgd_alpha: auto
  input_split_enhanced:
    pgd_steps: 200
    pgd_restarts: 500000
    pgd_alpha: auto
  input_split_check_adv:
    enabled: auto
    pgd_steps: 5
    pgd_restarts: 5
    pgd_alpha: auto
    max_num_domains: 10
debug:
  sanity_check: Full+Graph
  view_model: false
  lp_test: null
  rescale_vnnlib_ptb: null
  test_optimized_bounds: false
  test_optimized_bounds_after_n_iterations: 0
  print_verbose_decisions: false

Experiments at Thu Feb 19 03:31:17 2026 on d1026
Internal results will be saved to results/vggnet16_all_p_4/result_771.rank0.txt.

[ZRL] %%%%%%%%%%%%%%%%%%%%%%%%%%%%%%%%%%% idx: 0, vnnlib ID: 0 %%%%%%%%%%%%%%%%%%%%%%%%%%%%%%%%%%%
Using onnx /projects/air/dlverifier/vggnet16_all/onnx/vgg16-7.onnx
Using vnnlib /projects/air/dlverifier/vggnet16_all/vnnlib/n02090622_borzoi_fix_nonmask_seg0_k50176_eps_0.0002.vnnlib
Precompiled vnnlib file found at /projects/air/dlverifier/vggnet16_all/vnnlib/n02090622_borzoi_fix_nonmask_seg0_k50176_eps_0.0002.vnnlib.compiled
Loading cached onnx model from /projects/air/dlverifier/vggnet16_all/onnx/vgg16-7.onnx.cached
Cannot read cached onnx file. Regenerating...
Loading onnx /projects/air/dlverifier/vggnet16_all/onnx/vgg16-7.onnx with quirks {}
Finished onnx model loading in 36.7423 seconds
Number of perturbed inputs: 123894
WARNING: prioritizing attack due to too many perturbed pixels on VGG
Setting arguments.Config["attack"]["pgd_order"] to "before"
Setting bound_prop_method to crown
Attack parameters: initialization=uniform, steps=100, restarts=30, alpha=5.000084638595581e-05, initialization=uniform, GAMA=False
Model output of first 5 examples:
 tensor([[ 6.15508437e-01,  2.60938787e+00, -5.34326255e-01, -7.72019029e-01,
         -8.86855483e-01,  8.06697011e-01,  2.86759913e-01, -1.45188439e+00,
         -1.13544869e+00, -4.81047332e-01,  7.61094153e-01,  1.38279784e+00,
          7.83644736e-01,  3.88173312e-01,  8.68814826e-01,  1.11864781e+00,
          2.80711591e-01, -1.03557980e+00, -1.05052873e-01,  4.20052767e-01,
         -1.05319962e-01,  1.22818184e+00,  7.92437017e-01, -3.49502683e-01,
          7.36697197e-01,  2.67844319e-01,  2.53293228e+00,  1.35632324e+00,
         -7.97598585e-02,  1.35946262e+00, -8.52422893e-01,  1.92750025e+00,
          5.82750440e-01, -4.27284569e-01, -8.86632264e-01, -1.81441113e-01,
          1.10102046e+00, -9.05870497e-01,  2.03741813e+00, -6.83555529e-02,
          2.20901012e+00,  7.55215645e-01,  1.16103625e+00,  4.90480661e-01,
          1.53496265e+00,  5.23080111e-01,  1.98689592e+00,  1.07773662e+00,
         -7.16526747e-01, -1.09429516e-01,  2.42321059e-01, -1.71343577e+00,
          1.58794487e+00,  1.59926939e+00,  1.04974777e-01,  5.22659063e-01,
          1.04706669e+00, -6.33332253e-01,  1.48318052e+00,  9.86242950e-01,
          1.07703733e+00,  3.30532163e-01,  2.18549296e-01,  1.32056093e+00,
          1.34895933e+00,  1.23590022e-01,  2.53481030e-01, -2.78037697e-01,
         -2.06807598e-01, -2.44469702e-01,  2.24259591e+00,  1.75470746e+00,
          1.56317008e+00,  2.85159802e+00,  2.10906577e+00,  3.17239833e+00,
          1.66371012e+00,  3.67408013e+00,  3.77313685e+00,  3.09279585e+00,
          9.04269040e-01, -6.46287918e-01,  3.36269975e-01,  7.00256675e-02,
         -4.78711754e-01,  1.67606205e-01, -1.89650670e-01,  7.38837779e-01,
          7.95844913e-01, -4.56786484e-01,  3.26438189e-01, -1.38169140e-01,
          1.79213166e+00,  5.06129265e-01,  1.15446484e+00,  2.06832498e-01,
          1.58299506e+00, -7.35450089e-01,  1.56125143e-01, -8.08135211e-01,
          6.97875395e-04, -1.54509544e+00, -1.86021018e+00,  6.98857725e-01,
         -7.95626700e-01, -1.81920087e+00, -1.12693906e+00, -4.98668671e-01,
         -7.89008379e-01, -1.23546851e+00,  5.69107115e-01,  3.34296632e+00,
          4.71829027e-01,  1.16549456e+00,  1.48567843e+00, -2.32636154e-01,
         -1.11373439e-01,  2.79020339e-01,  1.88701376e-02,  1.75441101e-01,
          3.84168357e-01, -7.77608156e-01, -9.74373877e-01, -1.41554713e+00,
         -3.66790026e-01, -3.56509328e-01,  2.37805104e+00,  2.59121805e-02,
          1.21782529e+00,  4.61890519e-01, -2.15242505e-01, -6.87280297e-01,
          3.10979158e-01,  2.80335635e-01, -2.86699712e-01, -3.16827714e-01,
         -7.10407615e-01, -5.79367988e-02,  8.80452991e-01, -6.75333321e-01,
         -1.27891040e+00,  5.58030665e-01, -4.50250208e-01, -5.36324680e-01,
         -6.56437993e-01, -3.46262753e-01, -4.30804104e-01,  3.19775909e-01,
         -7.41272449e-01,  3.18299085e-02, -1.39850259e+00,  8.07271123e-01,
         -5.55475354e-01,  7.85192013e-01,  5.28717160e-01,  3.42267863e-02,
         -3.38502884e-01,  5.05134225e-01, -4.95286882e-01, -7.27859974e-01,
         -8.67426872e-01, -2.52030551e-01,  5.09188652e-01, -4.93818671e-01,
         -7.60992289e-01, -4.88414139e-01, -5.13793886e-01, -5.85401356e-01,
         -5.33054844e-02, -1.31667271e-01, -4.88954335e-01, -5.22823095e-01,
         -1.32884705e+00, -1.14028260e-01, -9.00289655e-01, -6.17935479e-01,
         -1.05478120e+00, -4.80354786e-01, -2.01375812e-01, -1.15752113e+00,
         -1.50503826e+00, -2.47028753e-01,  4.87291574e-01, -6.19443834e-01,
         -4.87312451e-02, -7.17604607e-02,  1.30614251e-01,  8.86794448e-01,
         -2.69528806e-01, -4.00729984e-01, -1.75113618e-01,  6.01176560e-01,
         -4.03233856e-01, -1.02392934e-01, -4.22549069e-01,  7.25747466e-01,
         -1.27743483e-02, -9.88353968e-01, -9.28397834e-01,  3.89271945e-01,
         -1.63150340e-01, -3.82692307e-01, -2.42633373e-01,  4.23824728e-01,
         -1.07681014e-01, -1.03405821e+00, -9.72113013e-01, -5.48960507e-01,
         -1.01199198e+00, -6.34235024e-01, -1.53702581e+00, -1.90784737e-01,
         -1.75362140e-01, -5.23464680e-01, -1.69181615e-01, -4.44764882e-01,
         -1.04386866e-01, -2.69309342e-01, -6.06167018e-01, -6.53153956e-01,
         -8.79106879e-01, -3.67365301e-01, -4.26201016e-01, -1.07824929e-01,
         -4.82718796e-01, -9.54379559e-01, -1.10898507e+00, -1.10857117e+00,
         -9.53574836e-01,  7.17445850e-01, -2.67406970e-01, -1.44360527e-01,
         -1.26191425e+00, -8.36569369e-01, -2.40067184e-01, -8.58800560e-02,
         -4.89319563e-01,  2.45879963e-02, -8.53273630e-01, -4.91510630e-02,
         -5.28646886e-01, -5.50060868e-01,  2.04915144e-02, -1.42621946e+00,
         -9.60586905e-01, -1.93419293e-01, -1.31677365e+00, -4.86355066e-01,
         -4.59990263e-01, -3.90830219e-01, -5.44142604e-01, -1.42095387e+00,
          4.82103288e-01, -4.13391113e-01,  7.25880086e-01, -1.43723595e+00,
         -1.19344234e+00,  3.08467522e-02,  2.20003515e-01,  1.19309723e+00,
          4.87366885e-01, -3.03287923e-01, -6.45075917e-01, -4.79625016e-01,
         -6.85087323e-01,  5.93906760e-01, -3.61327678e-01, -8.35069180e-01,
         -1.43947864e+00,  4.49585080e-01,  5.20647049e-01,  3.07362199e-01,
          7.59509742e-01,  6.50734127e-01, -1.73185498e-01,  2.62054443e-01,
         -8.25416744e-02,  3.95393908e-01, -2.25308239e-01,  9.58331823e-01,
          3.18931878e-01,  1.24809182e+00,  1.70932686e+00,  2.34111881e+00,
          1.50829899e+00,  3.84910226e-01, -7.81156003e-01,  3.12522650e-02,
         -8.08196962e-02, -5.97329140e-01, -8.12950253e-01, -5.50573707e-01,
         -7.37443984e-01,  4.57627237e-01, -1.18421853e+00, -9.84118760e-01,
         -2.71473289e-01, -5.85357249e-01, -1.38869703e-01,  3.21188033e-01,
          3.45547765e-01,  2.65510440e+00,  1.86016774e+00,  1.81783152e+00,
          1.42140198e+00, -4.72984314e-01,  9.70781207e-01,  2.55684423e+00,
          2.56629848e+00,  9.03847396e-01,  2.46477318e+00,  2.21710253e+00,
          1.52889299e+00,  2.23237777e+00,  2.89697289e+00,  2.07731104e+00,
          2.01850867e+00,  1.37337732e+00,  3.65125775e+00,  2.54437232e+00,
          2.29750156e+00, -7.83411384e-01, -3.47016156e-01, -3.95979136e-01,
         -8.59643817e-01, -7.19841361e-01, -8.78162146e-01,  2.23411769e-01,
         -1.51305783e+00, -8.28869283e-01, -4.30957526e-02,  5.67004621e-01,
          2.03598809e+00,  2.90962815e-01, -6.96293831e-01,  4.19850945e-02,
         -1.47526312e+00, -2.29824916e-01, -7.35365987e-01, -2.13008976e+00,
         -1.59351599e+00, -1.36996233e+00, -1.68547153e+00, -1.61810565e+00,
         -1.04459941e+00, -1.65575552e+00, -1.80010855e+00, -9.93713379e-01,
         -2.57822132e+00, -1.68319631e+00, -1.43365669e+00, -6.93444610e-01,
         -8.91756356e-01, -6.89553440e-01, -1.46077418e+00, -1.88592339e+00,
          2.48595923e-01,  1.79596245e-01,  5.02690434e-01,  5.33382833e-01,
         -6.59850478e-01,  1.52234703e-01,  1.18444502e-01, -2.51565605e-01,
         -1.09401476e+00,  3.39916945e-01, -5.04323840e-01,  4.76780236e-02,
          3.24172884e-01, -5.95516741e-01,  3.91722381e-01, -4.13930446e-01,
         -2.48063028e-01, -1.83431238e-01,  1.44741997e-01, -7.09630191e-01,
         -1.79292291e-01,  1.09007382e+00,  1.65392682e-01, -4.42966968e-01,
          1.18856096e+00, -1.67034566e-04,  8.55176210e-01,  7.10506067e-02,
         -5.12860157e-02, -7.43086815e-01, -1.16008067e+00, -6.81170285e-01,
         -1.73999512e+00,  8.04940522e-01, -3.84560347e-01,  5.52083492e-01,
          1.51626632e-01, -1.90715528e+00, -6.68133080e-01,  1.38101995e+00,
         -1.31129777e+00, -5.61006069e-01, -3.89692128e-01,  2.62168527e-01,
         -1.01814318e+00, -1.05827057e+00,  1.16275258e-01, -9.33934748e-01,
         -6.73443913e-01,  1.03424382e+00, -1.26629519e+00, -7.48186886e-01,
         -2.48470402e+00,  1.88357627e+00, -5.29483676e-01,  1.02845323e+00,
         -1.07035451e-01,  4.86368477e-01,  4.34006244e-01, -2.30514240e+00,
          1.00373197e+00,  5.14231324e-01,  2.81010723e+00,  1.95439744e+00,
          2.48716637e-01, -3.44209462e-01, -2.27415144e-01, -1.19810379e+00,
         -1.54407644e+00, -7.60331929e-01,  7.56836772e-01, -5.79453290e-01,
         -9.24983621e-01,  2.23284051e-01, -3.75458419e-01, -3.93437564e-01,
          5.91524601e-01,  1.46920681e-01,  9.71452177e-01,  1.19158447e+00,
         -1.27097654e+00, -5.27961433e-01,  1.30804574e+00,  7.86729902e-02,
         -8.90521109e-02,  1.55260086e+00, -6.72234893e-01,  1.79864979e+00,
         -1.52591860e+00, -5.10369599e-01,  2.61442351e+00, -9.78308558e-01,
         -1.01514959e+00, -1.60201037e+00, -1.17735350e+00,  9.22505617e-01,
          3.74514729e-01, -5.61385274e-01, -2.13278747e+00,  9.30466950e-02,
         -5.68697453e-02,  1.02183294e+00, -7.94044316e-01,  2.45209098e-01,
         -1.53105593e+00,  2.72893488e-01,  1.94909823e+00, -2.46450037e-01,
          8.15694928e-01,  5.88491082e-01, -1.32665026e+00, -2.46245289e+00,
         -5.46988845e-01,  9.29620802e-01,  1.76896632e+00, -1.13971698e+00,
         -1.49374390e+00,  5.42293906e-01, -9.60999072e-01,  1.37008488e-01,
         -1.64565551e+00, -1.22454357e+00, -5.39095998e-01, -1.66824293e+00,
          1.34020329e+00,  3.77171099e-01, -1.74555659e-01, -1.46961081e+00,
         -1.43476081e+00,  4.93579477e-01, -1.16897553e-01,  1.82988214e+00,
          1.03369080e-01,  3.20770770e-01,  1.21779108e+00, -7.57955909e-01,
          5.40775508e-02,  2.99693495e-01,  8.32060337e-01, -5.30677021e-01,
          4.82625455e-01, -2.22756296e-01, -1.48584461e+00,  2.01082587e+00,
         -2.16589808e+00, -2.98191339e-01, -1.32952511e+00,  5.94465733e-01,
          6.60629392e-01,  2.12530166e-01, -1.10815978e+00,  9.69228923e-01,
          2.58834422e-01, -2.80024910e+00, -1.12493765e+00, -1.64551461e+00,
          4.74070281e-01, -7.46557593e-01, -6.90888762e-01, -4.33478177e-01,
         -1.35818410e+00,  6.32077336e-01, -4.93017435e-01, -9.42621052e-01,
         -4.62519288e-01, -5.65789267e-03, -1.21637702e+00, -8.97527516e-01,
         -7.10937530e-02, -1.21428823e+00, -3.95507216e-01, -1.12806439e-01,
         -8.83775890e-01, -5.95722377e-01,  1.24824440e+00,  1.76578671e-01,
         -2.03227460e-01, -3.82440351e-02,  1.45237195e+00, -1.99246550e+00,
         -1.87804544e+00, -1.03091192e+00, -4.27233964e-01,  1.26096523e+00,
          4.08007711e-01, -8.24797392e-01,  1.41928291e+00, -8.08849871e-01,
         -8.60239565e-01,  5.66776395e-01, -5.44463515e-01, -2.70877028e+00,
         -1.07793227e-01,  2.78425312e+00, -1.53585827e+00, -3.92622977e-01,
          1.36440778e+00,  7.72954464e-01,  8.09586883e-01, -9.99704897e-01,
          4.91694069e+00,  5.14596701e-01,  7.98760176e-01, -1.69313759e-01,
         -1.39308929e+00, -1.09502387e+00,  1.31619155e+00,  1.52104557e+00,
         -8.45870852e-01, -9.78296041e-01, -1.13488853e+00,  2.91993111e-01,
         -2.88023561e-01, -2.56559610e+00, -2.89319634e-01, -1.42538249e+00,
          1.05569887e+00, -1.73689258e+00,  5.17031550e-01, -1.73951232e+00,
         -2.07242918e+00,  1.09619606e+00,  4.04861644e-02, -6.92353249e-01,
         -6.31373465e-01, -1.32713926e+00, -2.70468712e+00, -5.55648148e-01,
          1.85427701e+00,  6.02472484e-01, -1.08340096e+00,  1.74550021e+00,
          1.31161082e+00, -1.14177063e-01,  1.40608281e-01,  4.00517607e+00,
          1.36452010e-02,  8.40566605e-02, -2.84083456e-01, -1.15802526e+00,
          1.84205449e+00,  5.96444368e-01,  2.04069868e-01,  2.74077749e+00,
          1.69215930e+00,  4.35843468e-01,  4.46262002e-01, -2.22910833e+00,
          1.69340563e+00,  1.35241985e+00,  1.38929129e-01, -4.60082710e-01,
          1.11384869e+00, -1.60424924e+00,  1.12776709e+00, -4.78037298e-02,
         -1.79417777e+00, -5.99607766e-01, -2.05092266e-01,  1.95304930e-01,
          2.07221651e+00,  1.15255311e-01,  2.67614770e+00,  2.63433361e+00,
          1.37249088e+00, -7.31413126e-01,  1.19537628e+00,  2.55153060e+00,
         -1.57675469e+00, -1.48009610e+00,  1.91503501e+00, -4.68175620e-01,
         -1.78207290e+00,  1.48068750e+00, -4.15441602e-01,  5.78003943e-01,
          2.65531564e+00,  9.83107328e-01, -2.71121812e+00,  1.06405437e-01,
          1.48864853e+00, -9.82976496e-01, -5.14528215e-01, -7.72172570e-01,
         -1.57916701e+00,  7.75378585e-01, -1.52017283e+00,  1.13342889e-02,
          2.72260809e+00, -1.89882600e+00, -8.84673297e-01,  5.65044582e-01,
          1.07090485e+00, -1.65063715e+00,  2.00585175e+00,  2.58599782e+00,
         -1.31262207e+00, -1.99365810e-01, -1.49148202e+00,  6.65217936e-01,
         -1.31769764e+00,  1.77323258e+00, -1.16833352e-01,  7.48944759e-01,
         -1.06088567e+00, -2.51631165e+00,  7.71765709e-01, -1.12606609e+00,
          1.67446399e+00, -1.43537080e+00,  5.00248313e-01, -4.43397164e-01,
         -9.20398414e-01,  2.55405664e+00, -9.53826725e-01, -1.35428917e+00,
         -8.47136736e-01,  7.05176651e-01,  2.67361045e-01, -1.46827292e+00,
         -7.39862144e-01,  2.01411724e+00, -3.58187824e-01,  6.44763172e-01,
          1.16500378e+00,  8.97371590e-01, -6.44529402e-01,  9.96783197e-01,
         -3.13606590e-01,  2.40370050e-01, -1.84221372e-01, -2.81166482e+00,
          1.43375134e+00,  1.15864009e-01, -3.44094872e+00, -1.87948197e-01,
          1.21059108e+00,  6.23780370e-01, -1.59210706e+00,  3.35764855e-01,
          1.25338817e+00, -6.97132528e-01, -1.31774926e+00,  7.19567537e-02,
          2.29460573e+00,  1.32492244e+00, -2.32041225e-01, -2.13848257e+00,
          2.32670918e-01, -1.96173227e+00, -1.75391054e+00, -1.09069645e-01,
         -1.43958479e-01,  1.28014195e+00,  1.58768997e-01,  1.00103080e+00,
          1.20436752e+00,  2.72951834e-03,  7.34232605e-01, -4.31397378e-01,
         -1.03422546e+00, -2.44779658e+00, -4.04726535e-01, -1.28997624e-01,
          4.09102589e-01,  1.10335696e+00,  1.69486427e+00, -2.22665489e-01,
         -1.95734620e+00,  1.09918141e+00, -7.84007728e-01, -1.99144617e-01,
          5.42705536e-01, -1.04003155e+00, -1.59508991e+00,  1.90993094e+00,
         -5.02428770e-01,  1.05383933e+00, -1.63681841e+00,  2.44667307e-01,
         -3.60374749e-01,  2.05371588e-01,  3.89663398e-01, -1.99262953e+00,
         -6.28403604e-01,  1.51273990e+00, -1.31503141e+00, -9.54600334e-01,
          1.94943678e+00,  3.00916806e-02,  1.16043365e+00,  2.17132375e-01,
          1.60312021e+00,  1.67377627e+00,  3.91881555e-01, -8.71520698e-01,
          9.34181690e-01,  1.83737767e+00,  6.60481215e-01, -1.18108320e+00,
         -2.76049614e-01, -1.57299519e+00, -2.77146578e-01, -1.97662041e-04,
          1.52782726e+00,  1.55458605e+00, -1.83778369e+00,  1.06804907e+00,
          1.14807892e+00, -2.93120444e-01,  2.15755567e-01,  1.08574009e+00,
         -1.09001267e+00,  1.16644490e+00, -1.32960021e+00,  9.57290471e-01,
          1.49831283e+00,  8.16044569e-01, -8.36899042e-01, -2.40904570e-01,
          5.63510001e-01,  1.75914133e+00, -1.56206027e-01, -1.15523303e+00,
         -8.64265323e-01, -3.07253569e-01,  1.93172860e+00,  1.66484511e+00,
          2.46076655e+00, -4.89342123e-01, -1.08972442e+00,  6.95864379e-01,
         -2.36467099e+00,  2.06558418e+00, -8.04295361e-01, -4.89849389e-01,
          9.18467343e-01,  4.70587969e-01,  3.72124553e+00,  3.46396744e-01,
          4.52307522e-01, -3.00055832e-01,  7.11089611e-01,  1.22423077e+00,
         -1.42029190e+00, -1.19639254e+00, -4.10638720e-01,  3.15369934e-01,
          1.00949061e+00, -3.96876872e-01, -4.70390052e-01, -1.70430720e-01,
         -1.29303432e+00,  7.91026831e-01, -2.12403014e-03,  1.09459937e+00,
          1.09897149e+00,  1.55957365e+00, -5.68711281e-01,  1.63718486e+00,
          1.34950542e+00, -1.15837753e+00,  1.67329967e+00,  1.17753580e-01,
         -1.71204460e+00, -1.41630745e+00, -2.57582277e-01, -6.10350311e-01,
          3.77462506e-01, -1.66952431e+00,  7.20791578e-01,  9.22764838e-02,
          3.11885262e+00, -2.08512664e+00, -1.07297873e+00,  1.35625139e-01,
         -1.45897067e+00, -1.10566521e+00,  6.43475413e-01, -2.15747452e+00,
         -1.32663518e-01, -1.92125455e-01,  3.22933160e-02, -8.16583693e-01,
          1.35001433e+00, -7.95701265e-01, -2.86948562e-01, -8.16659927e-01,
          2.32662582e+00,  2.03652906e+00,  1.59510231e+00, -1.10293269e+00,
          1.46166846e-01, -1.16013274e-01,  6.80190697e-03,  2.66355777e+00,
          1.53136504e+00, -2.23790264e+00,  6.13758087e-01,  2.08819389e+00,
         -3.08750081e+00, -8.47686291e-01, -1.01105440e+00, -7.58765697e-01,
         -1.74168277e+00,  1.01979399e+00,  7.46462405e-01, -1.72563946e+00,
         -1.16869903e+00, -2.60570836e+00, -1.85510552e+00, -7.88810670e-01,
          1.21881366e+00, -7.53552020e-01, -1.20148182e+00, -5.36900043e-01,
          7.28396893e-01, -1.09728301e+00, -2.60933733e+00, -2.04598736e-02,
          1.21031094e+00, -1.88352615e-02, -1.71311295e+00,  4.06365782e-01,
         -5.55602372e-01, -7.86562085e-01,  6.86979055e-01,  1.35306513e+00,
         -1.92089155e-01,  3.00496507e+00, -5.56384861e-01, -2.81123400e-01,
         -1.25634968e+00,  2.21765339e-02, -7.73429513e-01, -5.20111680e-01,
          3.20922565e+00,  1.15593338e+00,  1.26886368e+00, -3.55620056e-01,
          1.04659879e+00,  1.27338374e+00,  6.14537179e-01,  4.58474189e-01,
         -5.34510732e-01,  1.11494780e-01,  1.00939369e+00,  7.46946990e-01,
          6.13672781e+00,  2.23941708e+00,  1.62968183e+00, -7.46067986e-02,
          1.56653076e-01,  8.89856935e-01,  1.37554348e+00,  2.41789532e+00,
         -1.46588600e+00, -1.55801988e+00, -6.68448269e-01, -2.00823379e+00,
          4.05857742e-01, -7.73729861e-01, -1.73033297e-01, -4.18440372e-01,
          5.96361637e-01,  1.76910138e+00, -1.34922341e-01, -1.64655447e-01,
         -1.94608462e+00,  2.52750206e+00, -7.13451952e-03, -9.46531177e-01,
         -7.26504207e-01,  1.90914154e-01, -3.38504612e-01, -9.18070793e-01,
         -5.85708737e-01, -1.46935225e+00, -8.26438189e-01, -1.51404113e-01,
         -1.12138844e+00, -1.37235808e+00, -5.19838452e-01, -1.05275735e-01,
         -2.69439593e-02,  2.64188908e-02,  5.86719036e-01, -1.15036126e-03,
         -2.54624939e+00,  1.03007659e-01, -1.19041991e+00, -8.00779700e-01,
          1.92368948e+00,  1.58145237e+00,  9.80001271e-01,  3.29579890e-01,
          7.66624808e-01,  4.25192684e-01,  2.55076736e-01, -1.00966179e+00,
         -8.52201760e-01,  5.75200319e-01, -1.25232220e+00, -1.03755569e+00,
         -9.74274695e-01, -6.92897499e-01, -8.71327519e-01, -7.67226696e-01,
         -6.52971506e-01, -1.24806213e+00,  1.54679990e+00,  6.32992387e-02,
          8.43437076e-01,  3.47761750e-01, -1.42793572e+00,  1.98927391e+00,
         -8.49626184e-01, -9.87339795e-01,  1.80645871e+00, -2.34536558e-01,
         -1.09001815e+00,  2.51729518e-01, -1.82594150e-01, -1.88012671e+00,
          1.34460390e+00,  1.01322144e-01, -4.56630290e-01, -8.76584768e-01,
         -5.02626121e-01,  3.91034365e-01, -5.59494257e-01,  4.68694031e-01,
          3.19078416e-02,  1.44295752e+00, -7.14276254e-01, -1.21411455e+00,
         -9.89762425e-01, -2.14256597e+00, -1.28355241e+00, -1.05516648e+00,
         -1.13572907e+00, -1.79808319e+00,  6.79978311e-01,  9.16900933e-01]],
       device='cuda:0')
Adv example prediction (first 2 examples and 2 restarts):
 tensor([[[ 5.96070647e-01,  2.56333089e+00, -5.53257823e-01, -7.61615455e-01,
          -8.86931837e-01,  8.18447292e-01,  2.90020466e-01, -1.44929230e+00,
          -1.14067626e+00, -4.65854108e-01,  7.43619680e-01,  1.36910248e+00,
           7.66171098e-01,  3.67347687e-01,  8.86804223e-01,  1.09676838e+00,
           2.81642944e-01, -1.02488637e+00, -9.96606350e-02,  4.13713723e-01,
          -1.05862789e-01,  1.22448087e+00,  7.95984924e-01, -3.48275810e-01,
           7.41910517e-01,  2.63179421e-01,  2.51681685e+00,  1.33801961e+00,
          -8.99068490e-02,  1.33693993e+00, -8.51479173e-01,  1.92016184e+00,
           5.86133003e-01, -4.38291878e-01, -8.89068305e-01, -1.93947047e-01,
           1.08466029e+00, -9.12022114e-01,  2.02408528e+00, -7.21838102e-02,
           2.20589876e+00,  7.60129571e-01,  1.15514791e+00,  4.88649607e-01,
           1.52867770e+00,  5.10634720e-01,  2.00212169e+00,  1.08330584e+00,
          -7.20050514e-01, -1.06579393e-01,  2.43312225e-01, -1.72608292e+00,
           1.59286702e+00,  1.58777773e+00,  9.95065272e-02,  5.31403959e-01,
           1.01098847e+00, -6.31282210e-01,  1.46847916e+00,  1.00264728e+00,
           1.07331514e+00,  3.14082861e-01,  1.97982684e-01,  1.32301843e+00,
           1.36724126e+00,  1.38220325e-01,  2.57989496e-01, -2.72835463e-01,
          -1.95427001e-01, -2.28197783e-01,  2.24485469e+00,  1.74422312e+00,
           1.56247222e+00,  2.84391332e+00,  2.09764552e+00,  3.15160561e+00,
           1.64332581e+00,  3.65634847e+00,  3.77141547e+00,  3.07717967e+00,
           8.91283929e-01, -6.41991556e-01,  3.30088854e-01,  5.50330244e-02,
          -4.61080939e-01,  1.70572639e-01, -1.88079551e-01,  7.39710271e-01,
           7.88495600e-01, -4.51136708e-01,  3.18430781e-01, -1.44689053e-01,
           1.79471254e+00,  4.90972608e-01,  1.14010394e+00,  2.07240537e-01,
           1.55757558e+00, -7.55457520e-01,  1.42099515e-01, -8.06788623e-01,
           2.82729045e-04, -1.52342916e+00, -1.85101223e+00,  6.97838366e-01,
          -7.98235893e-01, -1.81711948e+00, -1.13601851e+00, -5.03749549e-01,
          -7.96244383e-01, -1.22198617e+00,  5.63737452e-01,  3.38104558e+00,
           4.68468994e-01,  1.17323649e+00,  1.47969627e+00, -2.59883016e-01,
          -1.09433368e-01,  2.80586898e-01, -1.80461183e-02,  1.48518190e-01,
           3.63926470e-01, -8.13703716e-01, -1.00183761e+00, -1.42965889e+00,
          -3.79162282e-01, -3.60755652e-01,  2.37248254e+00,  5.13698682e-02,
           1.23009133e+00,  4.76902485e-01, -2.17897311e-01, -6.62899613e-01,
           3.29746366e-01,  2.84725904e-01, -2.71154583e-01, -2.92822123e-01,
          -7.06891358e-01, -6.65040910e-02,  8.88335109e-01, -6.87709689e-01,
          -1.27808833e+00,  5.58842719e-01, -4.35704350e-01, -5.43862998e-01,
          -6.45908237e-01, -3.67062628e-01, -4.28475767e-01,  3.33212107e-01,
          -7.38520026e-01,  6.64423555e-02, -1.39548576e+00,  7.89394855e-01,
          -5.55289149e-01,  7.88142681e-01,  5.33080339e-01,  2.90385596e-02,
          -3.51077944e-01,  4.84174818e-01, -5.11874557e-01, -7.21420169e-01,
          -8.64074588e-01, -2.62033910e-01,  4.90006089e-01, -4.94695634e-01,
          -7.64064074e-01, -4.96591568e-01, -5.21233380e-01, -5.96314669e-01,
          -5.82957864e-02, -1.48908004e-01, -4.86269504e-01, -5.35566866e-01,
          -1.33638465e+00, -1.28931150e-01, -9.01726663e-01, -6.08509421e-01,
          -1.05635452e+00, -4.78659183e-01, -1.87946901e-01, -1.16544473e+00,
          -1.50925386e+00, -2.41016343e-01,  4.72361922e-01, -6.08277202e-01,
          -6.05177358e-02, -7.56623223e-02,  1.13780946e-01,  8.68216515e-01,
          -2.78898954e-01, -4.08449352e-01, -1.59581676e-01,  5.86985052e-01,
          -4.07324284e-01, -1.16234139e-01, -4.29347068e-01,  7.08495736e-01,
          -3.67201120e-02, -9.94006932e-01, -9.39738691e-01,  3.73722762e-01,
          -1.63598284e-01, -3.97884130e-01, -2.38886207e-01,  4.20476407e-01,
          -1.16611965e-01, -1.03135705e+00, -9.71218884e-01, -5.44130683e-01,
          -1.00894856e+00, -6.34969175e-01, -1.53001046e+00, -1.83295637e-01,
          -1.78675100e-01, -5.29721737e-01, -1.84023902e-01, -4.60662454e-01,
          -9.83675867e-02, -2.78987765e-01, -6.32706881e-01, -6.63418293e-01,
          -8.80702794e-01, -3.60932469e-01, -4.07191545e-01, -1.18404426e-01,
          -4.82845426e-01, -9.63696361e-01, -1.10927320e+00, -1.12511539e+00,
          -9.28004980e-01,  7.15292156e-01, -2.89769381e-01, -1.56829596e-01,
          -1.26688552e+00, -8.38190138e-01, -2.59648830e-01, -1.00955158e-01,
          -5.06371200e-01,  4.37311083e-03, -8.75440836e-01, -7.06530213e-02,
          -5.40949285e-01, -5.74511111e-01,  3.29694524e-03, -1.42360926e+00,
          -9.63739991e-01, -2.07573473e-01, -1.31024790e+00, -5.07269859e-01,
          -4.64422733e-01, -3.99243355e-01, -5.52190185e-01, -1.42661822e+00,
           4.75225419e-01, -4.28630829e-01,  7.28632271e-01, -1.44291592e+00,
          -1.18622959e+00,  4.09816578e-02,  2.24036276e-01,  1.17433238e+00,
           4.81853694e-01, -3.05847585e-01, -6.54679775e-01, -5.07216752e-01,
          -7.10038781e-01,  5.88974833e-01, -3.58460695e-01, -8.21938515e-01,
          -1.44050884e+00,  4.43677872e-01,  5.30064464e-01,  2.89888591e-01,
           7.55748630e-01,  6.33920789e-01, -1.83144048e-01,  2.47413442e-01,
          -8.10424089e-02,  3.81956637e-01, -2.36068994e-01,  9.54518795e-01,
           2.93878198e-01,  1.22016108e+00,  1.68363476e+00,  2.31918097e+00,
           1.49754262e+00,  3.69868696e-01, -7.89547622e-01,  2.92376280e-02,
          -8.16335380e-02, -5.91648459e-01, -8.11110198e-01, -5.33162594e-01,
          -7.39464223e-01,  4.70586449e-01, -1.17487812e+00, -9.87446010e-01,
          -2.62469351e-01, -5.80531836e-01, -1.34909153e-01,  3.27561140e-01,
           3.52393895e-01,  2.64096045e+00,  1.86050129e+00,  1.81137419e+00,
           1.42391205e+00, -4.63184774e-01,  9.68113124e-01,  2.56181908e+00,
           2.55744934e+00,  8.85657907e-01,  2.46975613e+00,  2.22745967e+00,
           1.53550148e+00,  2.23638916e+00,  2.88092780e+00,  2.07357335e+00,
           2.01888132e+00,  1.37269354e+00,  3.65839458e+00,  2.54552221e+00,
           2.29529285e+00, -7.95583010e-01, -3.37517351e-01, -3.97001177e-01,
          -8.46234202e-01, -7.13938892e-01, -8.61795187e-01,  2.24017173e-01,
          -1.50604510e+00, -8.38905513e-01, -5.20668775e-02,  5.70462763e-01,
           2.02066708e+00,  2.48243406e-01, -6.86791480e-01,  3.15174013e-02,
          -1.47615576e+00, -2.25545153e-01, -7.51402795e-01, -2.12342048e+00,
          -1.58532715e+00, -1.36251104e+00, -1.67667460e+00, -1.59769297e+00,
          -1.04553032e+00, -1.64531481e+00, -1.79268277e+00, -9.82066274e-01,
          -2.56292677e+00, -1.67222941e+00, -1.42372727e+00, -6.85359716e-01,
          -8.92211556e-01, -6.82085693e-01, -1.44691002e+00, -1.87492526e+00,
           2.31910139e-01,  1.64044246e-01,  4.89289165e-01,  5.17146826e-01,
          -6.61733031e-01,  1.43968716e-01,  1.18103206e-01, -2.52047092e-01,
          -1.07818222e+00,  3.38627756e-01, -4.87705201e-01,  4.46191579e-02,
           3.29009861e-01, -5.91015697e-01,  3.82566303e-01, -4.18016553e-01,
          -2.45300144e-01, -1.72858581e-01,  1.40489444e-01, -7.03189373e-01,
          -1.71622708e-01,  1.08354592e+00,  1.70197025e-01, -4.37357634e-01,
           1.17969155e+00, -9.00594145e-03,  8.34595203e-01,  6.36383072e-02,
          -4.82833423e-02, -7.28772163e-01, -1.14179718e+00, -7.09431231e-01,
          -1.73228419e+00,  7.99436271e-01, -3.79160970e-01,  5.31541109e-01,
           1.41333029e-01, -1.92825580e+00, -6.85719967e-01,  1.37058198e+00,
          -1.32418168e+00, -5.67423105e-01, -3.70929509e-01,  2.61977524e-01,
          -1.01638913e+00, -1.05915380e+00,  1.11830749e-01, -9.34747875e-01,
          -6.82231963e-01,  1.03678787e+00, -1.26875460e+00, -7.68413603e-01,
          -2.48913097e+00,  1.91149855e+00, -5.52743852e-01,  1.02257848e+00,
          -1.05801843e-01,  4.85978723e-01,  4.32025701e-01, -2.31700182e+00,
           9.97509718e-01,  5.07214248e-01,  2.81972623e+00,  1.96477413e+00,
           2.44261488e-01, -3.34140807e-01, -2.27439225e-01, -1.19123268e+00,
          -1.54476202e+00, -7.53443241e-01,  7.83827066e-01, -5.77639878e-01,
          -9.24354255e-01,  2.30060473e-01, -4.08720493e-01, -3.93080801e-01,
           6.05900466e-01,  1.51398957e-01,  1.00073910e+00,  1.18444467e+00,
          -1.26870525e+00, -5.21776080e-01,  1.32633984e+00,  8.08183849e-02,
          -9.46594477e-02,  1.55155265e+00, -6.64379776e-01,  1.80350840e+00,
          -1.51275694e+00, -4.99904394e-01,  2.62934637e+00, -9.69258726e-01,
          -9.99405444e-01, -1.59408355e+00, -1.19141138e+00,  9.41626728e-01,
           3.86615127e-01, -5.46787500e-01, -2.12819910e+00,  8.84600878e-02,
          -5.29315025e-02,  1.01357353e+00, -7.73172379e-01,  2.47669622e-01,
          -1.53393316e+00,  2.66506255e-01,  1.96839762e+00, -2.52726793e-01,
           8.21834981e-01,  5.88293314e-01, -1.33042324e+00, -2.46535325e+00,
          -5.53747058e-01,  9.05095518e-01,  1.76734233e+00, -1.14423609e+00,
          -1.49228668e+00,  5.55569887e-01, -9.39565659e-01,  1.37324959e-01,
          -1.67091739e+00, -1.21642900e+00, -5.23291469e-01, -1.67184639e+00,
           1.35898066e+00,  3.90022516e-01, -1.63876340e-01, -1.46169806e+00,
          -1.42547882e+00,  5.01804233e-01, -1.25200585e-01,  1.83925426e+00,
           1.16460823e-01,  3.18059891e-01,  1.20778120e+00, -7.64761448e-01,
           5.65683097e-02,  3.03687125e-01,  8.46333981e-01, -5.33698380e-01,
           4.82762367e-01, -2.24685937e-01, -1.48445845e+00,  2.01648450e+00,
          -2.16076970e+00, -2.90646791e-01, -1.32602036e+00,  5.89846134e-01,
           6.59511805e-01,  2.12106436e-01, -1.10318077e+00,  9.91349757e-01,
           2.59373307e-01, -2.81201720e+00, -1.12282443e+00, -1.64179480e+00,
           4.85259801e-01, -7.35871434e-01, -6.89901590e-01, -4.39029038e-01,
          -1.35883248e+00,  6.43606782e-01, -4.98166144e-01, -9.32131886e-01,
          -4.58081245e-01, -8.71435180e-03, -1.20969462e+00, -8.93236458e-01,
          -7.59851635e-02, -1.21343637e+00, -3.86675686e-01, -1.00872368e-01,
          -8.57628167e-01, -5.77451229e-01,  1.26903498e+00,  1.88972682e-01,
          -2.10668281e-01, -3.54333557e-02,  1.46327865e+00, -1.99284875e+00,
          -1.87576342e+00, -1.03545594e+00, -4.13275063e-01,  1.26791763e+00,
           4.09580112e-01, -8.32373440e-01,  1.42752934e+00, -8.12877238e-01,
          -8.83875310e-01,  5.69562852e-01, -5.47462285e-01, -2.70610285e+00,
          -1.05038196e-01,  2.80602288e+00, -1.53232479e+00, -3.65346789e-01,
           1.35692227e+00,  7.92518854e-01,  8.06669235e-01, -1.01325703e+00,
           4.88390636e+00,  5.05436063e-01,  8.05148304e-01, -1.60671026e-01,
          -1.39815104e+00, -1.09594679e+00,  1.30362928e+00,  1.52271068e+00,
          -8.45804572e-01, -9.76580560e-01, -1.12485206e+00,  2.70519733e-01,
          -2.77068466e-01, -2.56701779e+00, -2.77124375e-01, -1.40858459e+00,
           1.05551660e+00, -1.74445713e+00,  5.42471647e-01, -1.73782384e+00,
          -2.06488013e+00,  1.09679472e+00,  5.20139560e-02, -7.02742994e-01,
          -6.32518232e-01, -1.33500171e+00, -2.70884752e+00, -5.42922258e-01,
           1.85251284e+00,  6.19703710e-01, -1.08034956e+00,  1.76249790e+00,
           1.29632390e+00, -9.85202342e-02,  1.62925512e-01,  4.01481628e+00,
           2.91624367e-02,  1.03605509e-01, -2.86444128e-01, -1.16031706e+00,
           1.85469174e+00,  6.00388646e-01,  2.02227369e-01,  2.72314334e+00,
           1.72491229e+00,  4.42996919e-01,  4.34899926e-01, -2.22180843e+00,
           1.70055389e+00,  1.36539114e+00,  1.51846588e-01, -4.77111280e-01,
           1.09420395e+00, -1.60580742e+00,  1.12357092e+00, -4.99703959e-02,
          -1.78354192e+00, -5.88611901e-01, -2.05461979e-01,  2.01570183e-01,
           2.08350825e+00,  1.26733556e-01,  2.66706300e+00,  2.63819909e+00,
           1.36147964e+00, -7.19737709e-01,  1.19183338e+00,  2.56066513e+00,
          -1.55858564e+00, -1.49786806e+00,  1.91045666e+00, -4.75651026e-01,
          -1.78732097e+00,  1.49054801e+00, -4.15257633e-01,  5.99583507e-01,
           2.65239596e+00,  9.94355440e-01, -2.71235514e+00,  1.23558849e-01,
           1.49903464e+00, -9.63030338e-01, -5.20083487e-01, -7.71543562e-01,
          -1.56278396e+00,  7.70321369e-01, -1.51741374e+00,  1.90129764e-02,
           2.70774460e+00, -1.89645433e+00, -8.71660352e-01,  5.82155824e-01,
           1.08366251e+00, -1.64174175e+00,  2.01035857e+00,  2.56196833e+00,
          -1.31297970e+00, -1.99297234e-01, -1.48769355e+00,  6.59912050e-01,
          -1.32601440e+00,  1.75043690e+00, -1.11740194e-01,  7.44827390e-01,
          -1.06187785e+00, -2.51409626e+00,  7.88954735e-01, -1.10670912e+00,
           1.67723107e+00, -1.43379045e+00,  4.92006421e-01, -4.50058788e-01,
          -9.02775407e-01,  2.53378415e+00, -9.59475338e-01, -1.34920657e+00,
          -8.53544831e-01,  7.14121342e-01,  2.65576988e-01, -1.46243298e+00,
          -7.34257877e-01,  2.03171062e+00, -3.47039759e-01,  6.48243904e-01,
           1.17828047e+00,  8.96744251e-01, -6.32838428e-01,  1.01134443e+00,
          -3.00403386e-01,  2.40888059e-01, -1.55841246e-01, -2.81488991e+00,
           1.45142758e+00,  1.24076262e-01, -3.43670535e+00, -1.80850059e-01,
           1.21425962e+00,  6.26204908e-01, -1.59622908e+00,  3.54964793e-01,
           1.26744437e+00, -6.84209049e-01, -1.31532359e+00,  9.15850550e-02,
           2.31487131e+00,  1.32948327e+00, -2.36627221e-01, -2.12139535e+00,
           2.48638049e-01, -1.95834863e+00, -1.74590230e+00, -9.10932720e-02,
          -1.25180393e-01,  1.28748882e+00,  1.70086205e-01,  1.01519561e+00,
           1.21152353e+00,  1.54300835e-02,  7.40240812e-01, -4.29806054e-01,
          -1.02299321e+00, -2.44284964e+00, -3.99814159e-01, -1.17196754e-01,
           4.07228947e-01,  1.09973645e+00,  1.67403364e+00, -2.15717256e-01,
          -1.94940078e+00,  1.08553934e+00, -7.76426017e-01, -1.98565990e-01,
           5.42628109e-01, -1.01326704e+00, -1.59200680e+00,  1.91217029e+00,
          -4.88735557e-01,  1.05648983e+00, -1.64344001e+00,  2.54098535e-01,
          -3.50060046e-01,  2.11858287e-01,  3.89683604e-01, -1.99122810e+00,
          -6.21537805e-01,  1.53257513e+00, -1.30685174e+00, -9.46832418e-01,
           1.93057716e+00,  3.67836878e-02,  1.15148342e+00,  2.24905744e-01,
           1.61262691e+00,  1.68541884e+00,  3.89834225e-01, -8.92585576e-01,
           9.29978251e-01,  1.85020196e+00,  6.73915267e-01, -1.18112540e+00,
          -2.73939461e-01, -1.58218288e+00, -2.72163630e-01,  1.01012308e-02,
           1.52494442e+00,  1.56280363e+00, -1.84646964e+00,  1.07270789e+00,
           1.14628112e+00, -2.87577897e-01,  1.93113104e-01,  1.10545719e+00,
          -1.09035480e+00,  1.19678032e+00, -1.32528484e+00,  9.87288296e-01,
           1.51711357e+00,  8.16933453e-01, -8.38482618e-01, -2.41431743e-01,
           5.65758526e-01,  1.75340104e+00, -1.27359882e-01, -1.16187704e+00,
          -8.54690075e-01, -3.04188937e-01,  1.93514681e+00,  1.67982578e+00,
           2.47054625e+00, -5.00027359e-01, -1.08116543e+00,  6.85050130e-01,
          -2.37169313e+00,  2.08796930e+00, -8.00094485e-01, -4.82366443e-01,
           9.24818873e-01,  4.79074240e-01,  3.70248699e+00,  3.45875800e-01,
           4.55715388e-01, -2.98356712e-01,  7.49585629e-01,  1.23343515e+00,
          -1.41252935e+00, -1.20132577e+00, -4.15788442e-01,  2.90382147e-01,
           1.02833307e+00, -3.98351878e-01, -4.61199194e-01, -1.75745279e-01,
          -1.29414701e+00,  7.73931086e-01,  1.47193260e-02,  1.07993197e+00,
           1.08180046e+00,  1.56212652e+00, -5.75239301e-01,  1.61219752e+00,
           1.34473228e+00, -1.16197670e+00,  1.67761791e+00,  1.05697259e-01,
          -1.71187103e+00, -1.40919960e+00, -2.75728822e-01, -5.92163980e-01,
           3.86418641e-01, -1.66404188e+00,  7.48563290e-01,  6.86954707e-02,
           3.09678149e+00, -2.08486342e+00, -1.08108640e+00,  1.55253425e-01,
          -1.45826852e+00, -1.09047914e+00,  6.31559372e-01, -2.13214087e+00,
          -1.42073512e-01, -2.05199599e-01,  5.24069481e-02, -8.27478230e-01,
           1.37158334e+00, -7.83973932e-01, -2.92651325e-01, -8.14151764e-01,
           2.36783195e+00,  2.03645372e+00,  1.60705829e+00, -1.11215007e+00,
           1.54889792e-01, -1.22094259e-01,  3.79373506e-03,  2.65888786e+00,
           1.53234148e+00, -2.22312307e+00,  6.01746321e-01,  2.09540796e+00,
          -3.06948781e+00, -8.44591260e-01, -1.00537670e+00, -7.55376756e-01,
          -1.72845876e+00,  1.01837206e+00,  7.21285045e-01, -1.71435583e+00,
          -1.18448985e+00, -2.61759806e+00, -1.85238647e+00, -7.99830198e-01,
           1.22736001e+00, -7.42027342e-01, -1.19228363e+00, -5.38530231e-01,
           7.41139233e-01, -1.08699000e+00, -2.59812021e+00, -1.23874675e-02,
           1.19624817e+00, -1.92671120e-02, -1.69356775e+00,  4.08499837e-01,
          -5.57383358e-01, -7.84582675e-01,  6.79757655e-01,  1.35208905e+00,
          -1.89255252e-01,  3.02027154e+00, -5.52573383e-01, -2.68921316e-01,
          -1.25508833e+00,  1.19024431e-02, -7.86869287e-01, -5.20873725e-01,
           3.23759985e+00,  1.17255640e+00,  1.28077388e+00, -3.71211439e-01,
           1.04921997e+00,  1.26992428e+00,  6.25548244e-01,  4.52454835e-01,
          -5.19084990e-01,  1.29234329e-01,  1.03318965e+00,  7.49764085e-01,
           6.11122513e+00,  2.25403547e+00,  1.62751150e+00, -7.50482604e-02,
           1.36031300e-01,  8.47466171e-01,  1.36353290e+00,  2.42060065e+00,
          -1.46935928e+00, -1.54526639e+00, -6.67223096e-01, -2.01029444e+00,
           4.31771815e-01, -7.75684893e-01, -1.58519775e-01, -3.95757467e-01,
           5.89663744e-01,  1.78453100e+00, -1.33669570e-01, -1.76613510e-01,
          -1.94307637e+00,  2.49747133e+00, -4.30506468e-02, -9.68948901e-01,
          -7.28842914e-01,  1.90230444e-01, -3.46410573e-01, -9.33272243e-01,
          -5.98955035e-01, -1.48683167e+00, -8.47143531e-01, -1.66308045e-01,
          -1.10676396e+00, -1.37053061e+00, -5.17299592e-01, -1.11081287e-01,
          -3.33998203e-02,  6.37708977e-03,  5.64635038e-01,  1.01090753e-02,
          -2.52827287e+00,  1.02936633e-01, -1.17720580e+00, -7.97643900e-01,
           1.94281983e+00,  1.58092165e+00,  9.55725968e-01,  3.34631234e-01,
           7.55524218e-01,  4.06834185e-01,  2.60663122e-01, -1.00028193e+00,
          -8.26371551e-01,  5.69718003e-01, -1.24472642e+00, -1.05078816e+00,
          -9.80981827e-01, -6.83375120e-01, -8.89454186e-01, -8.03487718e-01,
          -6.67604744e-01, -1.25877488e+00,  1.53028893e+00,  5.04133441e-02,
           8.46839845e-01,  3.43862206e-01, -1.43815422e+00,  1.99449015e+00,
          -8.45798612e-01, -9.91432548e-01,  1.79358363e+00, -2.21674949e-01,
          -1.08728683e+00,  2.66024619e-01, -1.72569752e-01, -1.88026500e+00,
           1.30186665e+00,  9.85517949e-02, -4.61784005e-01, -8.74680817e-01,
          -4.82388735e-01,  3.79959166e-01, -5.56260884e-01,  4.50731099e-01,
           2.61883717e-02,  1.42314208e+00, -7.07396090e-01, -1.21409595e+00,
          -9.98438120e-01, -2.13867736e+00, -1.28104329e+00, -1.04864824e+00,
          -1.14352071e+00, -1.78416777e+00,  6.68847680e-01,  9.40599024e-01]]],
       device='cuda:0')
PGD attack margin (first 2 examples and 10 specs):
 tensor([[[0.25828356]]], device='cuda:0')
number of violation:  0
Attack finished in 7.9517 seconds.
PGD attack failed
verified_status unknown
verified_success False
Total VNNLIB file length: 1, max property batch size: 1, total number of batches: 1

Properties batch 0, size 1
Remaining timeout: 1154.5139133930206
Verifying property 0 with 1 instances.
torch allclose failed: norm 8.889588571037166e-06
Model: BoundedModule(
  (/input-1): BoundInput(name=/input-1, inputs=[], perturbed=True)
  (/33): BoundParams(name=/33, inputs=[], perturbed=False)
  (/34): BoundParams(name=/34, inputs=[], perturbed=False)
  (/35): BoundParams(name=/35, inputs=[], perturbed=False)
  (/36): BoundParams(name=/36, inputs=[], perturbed=False)
  (/37): BoundParams(name=/37, inputs=[], perturbed=False)
  (/38): BoundParams(name=/38, inputs=[], perturbed=False)
  (/39): BoundParams(name=/39, inputs=[], perturbed=False)
  (/40): BoundParams(name=/40, inputs=[], perturbed=False)
  (/41): BoundParams(name=/41, inputs=[], perturbed=False)
  (/42): BoundParams(name=/42, inputs=[], perturbed=False)
  (/43): BoundParams(name=/43, inputs=[], perturbed=False)
  (/44): BoundParams(name=/44, inputs=[], perturbed=False)
  (/45): BoundParams(name=/45, inputs=[], perturbed=False)
  (/46): BoundParams(name=/46, inputs=[], perturbed=False)
  (/47): BoundParams(name=/47, inputs=[], perturbed=False)
  (/48): BoundParams(name=/48, inputs=[], perturbed=False)
  (/49): BoundParams(name=/49, inputs=[], perturbed=False)
  (/50): BoundParams(name=/50, inputs=[], perturbed=False)
  (/51): BoundParams(name=/51, inputs=[], perturbed=False)
  (/52): BoundParams(name=/52, inputs=[], perturbed=False)
  (/53): BoundParams(name=/53, inputs=[], perturbed=False)
  (/54): BoundParams(name=/54, inputs=[], perturbed=False)
  (/55): BoundParams(name=/55, inputs=[], perturbed=False)
  (/56): BoundParams(name=/56, inputs=[], perturbed=False)
  (/57): BoundParams(name=/57, inputs=[], perturbed=False)
  (/58): BoundParams(name=/58, inputs=[], perturbed=False)
  (/59): BoundParams(name=/59, inputs=[], perturbed=False)
  (/60): BoundParams(name=/60, inputs=[], perturbed=False)
  (/61): BoundParams(name=/61, inputs=[], perturbed=False)
  (/62): BoundParams(name=/62, inputs=[], perturbed=False)
  (/63): BoundParams(name=/63, inputs=[], perturbed=False)
  (/64): BoundParams(name=/64, inputs=[], perturbed=False)
  (/input): BoundConv(name=/input, inputs=[/input-1, /33, /34], perturbed=True)
  (/66): BoundRelu(name=/66, inputs=[/input], perturbed=True)
  (/input-4): BoundConv(name=/input-4, inputs=[/66, /35, /36], perturbed=True)
  (/68): BoundRelu(name=/68, inputs=[/input-4], perturbed=True)
  (/input-12): BoundConv(name=/input-12, inputs=[/input-8/add_3_4, /37, /38], perturbed=True)
  (/71): BoundRelu(name=/71, inputs=[/input-12], perturbed=True)
  (/input-16): BoundConv(name=/input-16, inputs=[/71, /39, /40], perturbed=True)
  (/73): BoundRelu(name=/73, inputs=[/input-16], perturbed=True)
  (/input-24): BoundConv(name=/input-24, inputs=[/input-20/add_3_4, /41, /42], perturbed=True)
  (/76): BoundRelu(name=/76, inputs=[/input-24], perturbed=True)
  (/input-28): BoundConv(name=/input-28, inputs=[/76, /43, /44], perturbed=True)
  (/78): BoundRelu(name=/78, inputs=[/input-28], perturbed=True)
  (/input-32): BoundConv(name=/input-32, inputs=[/78, /45, /46], perturbed=True)
  (/80): BoundRelu(name=/80, inputs=[/input-32], perturbed=True)
  (/input-40): BoundConv(name=/input-40, inputs=[/input-36/add_3_4, /47, /48], perturbed=True)
  (/83): BoundRelu(name=/83, inputs=[/input-40], perturbed=True)
  (/input-44): BoundConv(name=/input-44, inputs=[/83, /49, /50], perturbed=True)
  (/85): BoundRelu(name=/85, inputs=[/input-44], perturbed=True)
  (/input-48): BoundConv(name=/input-48, inputs=[/85, /51, /52], perturbed=True)
  (/87): BoundRelu(name=/87, inputs=[/input-48], perturbed=True)
  (/input-56): BoundConv(name=/input-56, inputs=[/input-52/add_3_4, /53, /54], perturbed=True)
  (/90): BoundRelu(name=/90, inputs=[/input-56], perturbed=True)
  (/input-60): BoundConv(name=/input-60, inputs=[/90, /55, /56], perturbed=True)
  (/92): BoundRelu(name=/92, inputs=[/input-60], perturbed=True)
  (/input-64): BoundConv(name=/input-64, inputs=[/92, /57, /58], perturbed=True)
  (/94): BoundRelu(name=/94, inputs=[/input-64], perturbed=True)
  (/96): BoundFlatten(name=/96, inputs=[/95/add_3_4], perturbed=True)
  (/input-68): BoundLinear(name=/input-68, inputs=[/96, /59, /60], perturbed=True)
  (/98): BoundRelu(name=/98, inputs=[/input-68], perturbed=True)
  (/99): BoundFlatten(name=/99, inputs=[/98], perturbed=True)
  (/input-72): BoundLinear(name=/input-72, inputs=[/99, /61, /62], perturbed=True)
  (/101): BoundRelu(name=/101, inputs=[/input-72], perturbed=True)
  (/102): BoundFlatten(name=/102, inputs=[/101], perturbed=True)
  (/103): BoundLinear(name=/103, inputs=[/102, /63, /64], perturbed=True)
  (/input-8/conv_1): BoundConv(name=/input-8/conv_1, inputs=[/68, /input-8/conv_1_w], perturbed=True)
  (/input-8/conv_1_relu): BoundRelu(name=/input-8/conv_1_relu, inputs=[/input-8/conv_1], perturbed=True)
  (/input-8/conv_1_w): BoundParams(name=/input-8/conv_1_w, inputs=[], perturbed=False)
  (/input-8/conv_2): BoundConv(name=/input-8/conv_2, inputs=[/68, /input-8/conv_2_w], perturbed=True)
  (/input-8/conv_2_w): BoundParams(name=/input-8/conv_2_w, inputs=[], perturbed=False)
  (/input-8/conv_3): BoundConv(name=/input-8/conv_3, inputs=[/input-8/add_1_2, /input-8/conv_3_w], perturbed=True)
  (/input-8/conv_3_relu): BoundRelu(name=/input-8/conv_3_relu, inputs=[/input-8/conv_3], perturbed=True)
  (/input-8/conv_3_w): BoundParams(name=/input-8/conv_3_w, inputs=[], perturbed=False)
  (/input-8/conv_4): BoundConv(name=/input-8/conv_4, inputs=[/input-8/add_1_2, /input-8/conv_4_w], perturbed=True)
  (/input-8/conv_4_w): BoundParams(name=/input-8/conv_4_w, inputs=[], perturbed=False)
  (/input-8/add_1_2): BoundAdd(name=/input-8/add_1_2, inputs=[/input-8/conv_1_relu, /input-8/conv_2], perturbed=True)
  (/input-8/add_3_4): BoundAdd(name=/input-8/add_3_4, inputs=[/input-8/conv_3_relu, /input-8/conv_4], perturbed=True)
  (/input-20/conv_1): BoundConv(name=/input-20/conv_1, inputs=[/73, /input-20/conv_1_w], perturbed=True)
  (/input-20/conv_1_relu): BoundRelu(name=/input-20/conv_1_relu, inputs=[/input-20/conv_1], perturbed=True)
  (/input-20/conv_1_w): BoundParams(name=/input-20/conv_1_w, inputs=[], perturbed=False)
  (/input-20/conv_2): BoundConv(name=/input-20/conv_2, inputs=[/73, /input-20/conv_2_w], perturbed=True)
  (/input-20/conv_2_w): BoundParams(name=/input-20/conv_2_w, inputs=[], perturbed=False)
  (/input-20/conv_3): BoundConv(name=/input-20/conv_3, inputs=[/input-20/add_1_2, /input-20/conv_3_w], perturbed=True)
  (/input-20/conv_3_relu): BoundRelu(name=/input-20/conv_3_relu, inputs=[/input-20/conv_3], perturbed=True)
  (/input-20/conv_3_w): BoundParams(name=/input-20/conv_3_w, inputs=[], perturbed=False)
  (/input-20/conv_4): BoundConv(name=/input-20/conv_4, inputs=[/input-20/add_1_2, /input-20/conv_4_w], perturbed=True)
  (/input-20/conv_4_w): BoundParams(name=/input-20/conv_4_w, inputs=[], perturbed=False)
  (/input-20/add_1_2): BoundAdd(name=/input-20/add_1_2, inputs=[/input-20/conv_1_relu, /input-20/conv_2], perturbed=True)
  (/input-20/add_3_4): BoundAdd(name=/input-20/add_3_4, inputs=[/input-20/conv_3_relu, /input-20/conv_4], perturbed=True)
  (/input-36/conv_1): BoundConv(name=/input-36/conv_1, inputs=[/80, /input-36/conv_1_w], perturbed=True)
  (/input-36/conv_1_relu): BoundRelu(name=/input-36/conv_1_relu, inputs=[/input-36/conv_1], perturbed=True)
  (/input-36/conv_1_w): BoundParams(name=/input-36/conv_1_w, inputs=[], perturbed=False)
  (/input-36/conv_2): BoundConv(name=/input-36/conv_2, inputs=[/80, /input-36/conv_2_w], perturbed=True)
  (/input-36/conv_2_w): BoundParams(name=/input-36/conv_2_w, inputs=[], perturbed=False)
  (/input-36/conv_3): BoundConv(name=/input-36/conv_3, inputs=[/input-36/add_1_2, /input-36/conv_3_w], perturbed=True)
  (/input-36/conv_3_relu): BoundRelu(name=/input-36/conv_3_relu, inputs=[/input-36/conv_3], perturbed=True)
  (/input-36/conv_3_w): BoundParams(name=/input-36/conv_3_w, inputs=[], perturbed=False)
  (/input-36/conv_4): BoundConv(name=/input-36/conv_4, inputs=[/input-36/add_1_2, /input-36/conv_4_w], perturbed=True)
  (/input-36/conv_4_w): BoundParams(name=/input-36/conv_4_w, inputs=[], perturbed=False)
  (/input-36/add_1_2): BoundAdd(name=/input-36/add_1_2, inputs=[/input-36/conv_1_relu, /input-36/conv_2], perturbed=True)
  (/input-36/add_3_4): BoundAdd(name=/input-36/add_3_4, inputs=[/input-36/conv_3_relu, /input-36/conv_4], perturbed=True)
  (/input-52/conv_1): BoundConv(name=/input-52/conv_1, inputs=[/87, /input-52/conv_1_w], perturbed=True)
  (/input-52/conv_1_relu): BoundRelu(name=/input-52/conv_1_relu, inputs=[/input-52/conv_1], perturbed=True)
  (/input-52/conv_1_w): BoundParams(name=/input-52/conv_1_w, inputs=[], perturbed=False)
  (/input-52/conv_2): BoundConv(name=/input-52/conv_2, inputs=[/87, /input-52/conv_2_w], perturbed=True)
  (/input-52/conv_2_w): BoundParams(name=/input-52/conv_2_w, inputs=[], perturbed=False)
  (/input-52/conv_3): BoundConv(name=/input-52/conv_3, inputs=[/input-52/add_1_2, /input-52/conv_3_w], perturbed=True)
  (/input-52/conv_3_relu): BoundRelu(name=/input-52/conv_3_relu, inputs=[/input-52/conv_3], perturbed=True)
  (/input-52/conv_3_w): BoundParams(name=/input-52/conv_3_w, inputs=[], perturbed=False)
  (/input-52/conv_4): BoundConv(name=/input-52/conv_4, inputs=[/input-52/add_1_2, /input-52/conv_4_w], perturbed=True)
  (/input-52/conv_4_w): BoundParams(name=/input-52/conv_4_w, inputs=[], perturbed=False)
  (/input-52/add_1_2): BoundAdd(name=/input-52/add_1_2, inputs=[/input-52/conv_1_relu, /input-52/conv_2], perturbed=True)
  (/input-52/add_3_4): BoundAdd(name=/input-52/add_3_4, inputs=[/input-52/conv_3_relu, /input-52/conv_4], perturbed=True)
  (/95/conv_1): BoundConv(name=/95/conv_1, inputs=[/94, /95/conv_1_w], perturbed=True)
  (/95/conv_1_relu): BoundRelu(name=/95/conv_1_relu, inputs=[/95/conv_1], perturbed=True)
  (/95/conv_1_w): BoundParams(name=/95/conv_1_w, inputs=[], perturbed=False)
  (/95/conv_2): BoundConv(name=/95/conv_2, inputs=[/94, /95/conv_2_w], perturbed=True)
  (/95/conv_2_w): BoundParams(name=/95/conv_2_w, inputs=[], perturbed=False)
  (/95/conv_3): BoundConv(name=/95/conv_3, inputs=[/95/add_1_2, /95/conv_3_w], perturbed=True)
  (/95/conv_3_relu): BoundRelu(name=/95/conv_3_relu, inputs=[/95/conv_3], perturbed=True)
  (/95/conv_3_w): BoundParams(name=/95/conv_3_w, inputs=[], perturbed=False)
  (/95/conv_4): BoundConv(name=/95/conv_4, inputs=[/95/add_1_2, /95/conv_4_w], perturbed=True)
  (/95/conv_4_w): BoundParams(name=/95/conv_4_w, inputs=[], perturbed=False)
  (/95/add_1_2): BoundAdd(name=/95/add_1_2, inputs=[/95/conv_1_relu, /95/conv_2], perturbed=True)
  (/95/add_3_4): BoundAdd(name=/95/add_3_4, inputs=[/95/conv_3_relu, /95/conv_4], perturbed=True)
)
Model prediction is: tensor([ 6.15508139e-01,  2.60938811e+00, -5.34326136e-01, -7.72018790e-01,
        -8.86855483e-01,  8.06697249e-01,  2.86759824e-01, -1.45188391e+00,
        -1.13544822e+00, -4.81046736e-01,  7.61094987e-01,  1.38279843e+00,
         7.83645093e-01,  3.88173729e-01,  8.68815482e-01,  1.11864841e+00,
         2.80712426e-01, -1.03557909e+00, -1.05052233e-01,  4.20053214e-01,
        -1.05319120e-01,  1.22818244e+00,  7.92437315e-01, -3.49502355e-01,
         7.36697733e-01,  2.67844498e-01,  2.53293252e+00,  1.35632324e+00,
        -7.97599331e-02,  1.35946250e+00, -8.52422774e-01,  1.92750013e+00,
         5.82750678e-01, -4.27284300e-01, -8.86631787e-01, -1.81440875e-01,
         1.10102057e+00, -9.05870616e-01,  2.03741813e+00, -6.83556423e-02,
         2.20901012e+00,  7.55216062e-01,  1.16103661e+00,  4.90480959e-01,
         1.53496265e+00,  5.23080111e-01,  1.98689592e+00,  1.07773697e+00,
        -7.16526926e-01, -1.09428972e-01,  2.42321506e-01, -1.71343613e+00,
         1.58794487e+00,  1.59926927e+00,  1.04974926e-01,  5.22659004e-01,
         1.04706669e+00, -6.33331835e-01,  1.48318076e+00,  9.86243308e-01,
         1.07703733e+00,  3.30531925e-01,  2.18549207e-01,  1.32056117e+00,
         1.34895957e+00,  1.23590529e-01,  2.53481150e-01, -2.78037608e-01,
        -2.06807330e-01, -2.44469613e-01,  2.24259591e+00,  1.75470757e+00,
         1.56317055e+00,  2.85159826e+00,  2.10906577e+00,  3.17239881e+00,
         1.66371000e+00,  3.67407990e+00,  3.77313685e+00,  3.09279585e+00,
         9.04269814e-01, -6.46287262e-01,  3.36270511e-01,  7.00261891e-02,
        -4.78711188e-01,  1.67606890e-01, -1.89649910e-01,  7.38837779e-01,
         7.95845270e-01, -4.56786275e-01,  3.26438487e-01, -1.38168454e-01,
         1.79213238e+00,  5.06129622e-01,  1.15446544e+00,  2.06833139e-01,
         1.58299518e+00, -7.35449791e-01,  1.56125888e-01, -8.08134437e-01,
         6.98411837e-04, -1.54509544e+00, -1.86021030e+00,  6.98858202e-01,
        -7.95626521e-01, -1.81920087e+00, -1.12693906e+00, -4.98668343e-01,
        -7.89008081e-01, -1.23546839e+00,  5.69107652e-01,  3.34296703e+00,
         4.71829146e-01,  1.16549504e+00,  1.48567855e+00, -2.32635692e-01,
        -1.11373231e-01,  2.79020429e-01,  1.88697204e-02,  1.75441056e-01,
         3.84168297e-01, -7.77608395e-01, -9.74374115e-01, -1.41554737e+00,
        -3.66789997e-01, -3.56509238e-01,  2.37805152e+00,  2.59127989e-02,
         1.21782625e+00,  4.61891353e-01, -2.15241864e-01, -6.87279344e-01,
         3.10979992e-01,  2.80336410e-01, -2.86698699e-01, -3.16826761e-01,
        -7.10406780e-01, -5.79361804e-02,  8.80453646e-01, -6.75332487e-01,
        -1.27890968e+00,  5.58031797e-01, -4.50249285e-01, -5.36323845e-01,
        -6.56437457e-01, -3.46262664e-01, -4.30803746e-01,  3.19776446e-01,
        -7.41272092e-01,  3.18300873e-02, -1.39850223e+00,  8.07270885e-01,
        -5.55475235e-01,  7.85191774e-01,  5.28716862e-01,  3.42266373e-02,
        -3.38503122e-01,  5.05134106e-01, -4.95286882e-01, -7.27859974e-01,
        -8.67426872e-01, -2.52030790e-01,  5.09188354e-01, -4.93818611e-01,
        -7.60992348e-01, -4.88414258e-01, -5.13793886e-01, -5.85401177e-01,
        -5.33056855e-02, -1.31667197e-01, -4.88954276e-01, -5.22823095e-01,
        -1.32884693e+00, -1.14028290e-01, -9.00289774e-01, -6.17935240e-01,
        -1.05478096e+00, -4.80354697e-01, -2.01375887e-01, -1.15752137e+00,
        -1.50503838e+00, -2.47028515e-01,  4.87291455e-01, -6.19443774e-01,
        -4.87313196e-02, -7.17604607e-02,  1.30614117e-01,  8.86794329e-01,
        -2.69528389e-01, -4.00729716e-01, -1.75113440e-01,  6.01176620e-01,
        -4.03234035e-01, -1.02393188e-01, -4.22548920e-01,  7.25747228e-01,
        -1.27745792e-02, -9.88354146e-01, -9.28397775e-01,  3.89271587e-01,
        -1.63150355e-01, -3.82692516e-01, -2.42633581e-01,  4.23824340e-01,
        -1.07681327e-01, -1.03405809e+00, -9.72112775e-01, -5.48960507e-01,
        -1.01199198e+00, -6.34235203e-01, -1.53702581e+00, -1.90784782e-01,
        -1.75362185e-01, -5.23464739e-01, -1.69181794e-01, -4.44764972e-01,
        -1.04386851e-01, -2.69309431e-01, -6.06167018e-01, -6.53154016e-01,
        -8.79106879e-01, -3.67365181e-01, -4.26200956e-01, -1.07825167e-01,
        -4.82718796e-01, -9.54379439e-01, -1.10898530e+00, -1.10857129e+00,
        -9.53574717e-01,  7.17445552e-01, -2.67407387e-01, -1.44360498e-01,
        -1.26191425e+00, -8.36569488e-01, -2.40067482e-01, -8.58801007e-02,
        -4.89319742e-01,  2.45876834e-02, -8.53273869e-01, -4.91512269e-02,
        -5.28646648e-01, -5.50060928e-01,  2.04915144e-02, -1.42621946e+00,
        -9.60586846e-01, -1.93419605e-01, -1.31677365e+00, -4.86355126e-01,
        -4.59990293e-01, -3.90830338e-01, -5.44142723e-01, -1.42095399e+00,
         4.82103199e-01, -4.13391113e-01,  7.25879908e-01, -1.43723595e+00,
        -1.19344223e+00,  3.08464244e-02,  2.20003247e-01,  1.19309700e+00,
         4.87366736e-01, -3.03288132e-01, -6.45075738e-01, -4.79625195e-01,
        -6.85087323e-01,  5.93906641e-01, -3.61327678e-01, -8.35068941e-01,
        -1.43947875e+00,  4.49585378e-01,  5.20647287e-01,  3.07362705e-01,
         7.59510159e-01,  6.50734603e-01, -1.73185050e-01,  2.62054831e-01,
        -8.25414881e-02,  3.95394355e-01, -2.25307748e-01,  9.58331943e-01,
         3.18932325e-01,  1.24809134e+00,  1.70932651e+00,  2.34111881e+00,
         1.50829887e+00,  3.84910226e-01, -7.81155825e-01,  3.12520862e-02,
        -8.08193088e-02, -5.97329021e-01, -8.12949896e-01, -5.50573468e-01,
        -7.37443864e-01,  4.57627684e-01, -1.18421853e+00, -9.84118581e-01,
        -2.71473110e-01, -5.85357368e-01, -1.38869435e-01,  3.21188331e-01,
         3.45547825e-01,  2.65510464e+00,  1.86016798e+00,  1.81783152e+00,
         1.42140222e+00, -4.72984284e-01,  9.70781147e-01,  2.55684471e+00,
         2.56629872e+00,  9.03847873e-01,  2.46477365e+00,  2.21710253e+00,
         1.52889299e+00,  2.23237777e+00,  2.89697242e+00,  2.07731080e+00,
         2.01850843e+00,  1.37337756e+00,  3.65125799e+00,  2.54437280e+00,
         2.29750228e+00, -7.83411145e-01, -3.47015530e-01, -3.95978659e-01,
        -8.59643459e-01, -7.19840944e-01, -8.78161490e-01,  2.23412126e-01,
        -1.51305759e+00, -8.28868926e-01, -4.30956334e-02,  5.67005336e-01,
         2.03598833e+00,  2.90962666e-01, -6.96293652e-01,  4.19853926e-02,
        -1.47526288e+00, -2.29824573e-01, -7.35365927e-01, -2.13008952e+00,
        -1.59351575e+00, -1.36996233e+00, -1.68547130e+00, -1.61810541e+00,
        -1.04459953e+00, -1.65575528e+00, -1.80010843e+00, -9.93713140e-01,
        -2.57822108e+00, -1.68319583e+00, -1.43365645e+00, -6.93444431e-01,
        -8.91755700e-01, -6.89552963e-01, -1.46077406e+00, -1.88592315e+00,
         2.48596102e-01,  1.79596409e-01,  5.02690554e-01,  5.33382773e-01,
        -6.59850061e-01,  1.52234867e-01,  1.18444756e-01, -2.51565486e-01,
        -1.09401453e+00,  3.39916766e-01, -5.04323661e-01,  4.76778597e-02,
         3.24173182e-01, -5.95516682e-01,  3.91722351e-01, -4.13930178e-01,
        -2.48063058e-01, -1.83430970e-01,  1.44742116e-01, -7.09630072e-01,
        -1.79291844e-01,  1.09007382e+00,  1.65392697e-01, -4.42966640e-01,
         1.18856120e+00, -1.66974962e-04,  8.55176210e-01,  7.10510164e-02,
        -5.12855388e-02, -7.43086815e-01, -1.16008067e+00, -6.81170046e-01,
        -1.73999512e+00,  8.04940701e-01, -3.84560138e-01,  5.52083373e-01,
         1.51626766e-01, -1.90715516e+00, -6.68133020e-01,  1.38102043e+00,
        -1.31129754e+00, -5.61006069e-01, -3.89692217e-01,  2.62168169e-01,
        -1.01814342e+00, -1.05827105e+00,  1.16275229e-01, -9.33934629e-01,
        -6.73443735e-01,  1.03424382e+00, -1.26629531e+00, -7.48187244e-01,
        -2.48470402e+00,  1.88357592e+00, -5.29483676e-01,  1.02845323e+00,
        -1.07035942e-01,  4.86368358e-01,  4.34005857e-01, -2.30514240e+00,
         1.00373197e+00,  5.14231443e-01,  2.81010723e+00,  1.95439696e+00,
         2.48716459e-01, -3.44209671e-01, -2.27415130e-01, -1.19810390e+00,
        -1.54407692e+00, -7.60331869e-01,  7.56836474e-01, -5.79453290e-01,
        -9.24983501e-01,  2.23284408e-01, -3.75458419e-01, -3.93437952e-01,
         5.91524601e-01,  1.46920711e-01,  9.71452177e-01,  1.19158375e+00,
        -1.27097678e+00, -5.27961195e-01,  1.30804586e+00,  7.86732882e-02,
        -8.90522599e-02,  1.55260062e+00, -6.72234714e-01,  1.79864967e+00,
        -1.52591836e+00, -5.10369539e-01,  2.61442351e+00, -9.78308797e-01,
        -1.01514959e+00, -1.60201025e+00, -1.17735398e+00,  9.22505379e-01,
         3.74514788e-01, -5.61385691e-01, -2.13278747e+00,  9.30463374e-02,
        -5.68695366e-02,  1.02183223e+00, -7.94044256e-01,  2.45209306e-01,
        -1.53105569e+00,  2.72893280e-01,  1.94909799e+00, -2.46450245e-01,
         8.15694511e-01,  5.88490844e-01, -1.32665062e+00, -2.46245337e+00,
        -5.46988964e-01,  9.29620802e-01,  1.76896632e+00, -1.13971686e+00,
        -1.49374354e+00,  5.42293787e-01, -9.60999250e-01,  1.37007937e-01,
        -1.64565563e+00, -1.22454381e+00, -5.39096117e-01, -1.66824317e+00,
         1.34020281e+00,  3.77170593e-01, -1.74556196e-01, -1.46961057e+00,
        -1.43476045e+00,  4.93579119e-01, -1.16897598e-01,  1.82988179e+00,
         1.03369333e-01,  3.20770621e-01,  1.21779084e+00, -7.57955909e-01,
         5.40771708e-02,  2.99693167e-01,  8.32060575e-01, -5.30677557e-01,
         4.82625306e-01, -2.22756252e-01, -1.48584509e+00,  2.01082587e+00,
        -2.16589808e+00, -2.98191398e-01, -1.32952511e+00,  5.94465613e-01,
         6.60629094e-01,  2.12530047e-01, -1.10815954e+00,  9.69228864e-01,
         2.58834064e-01, -2.80024934e+00, -1.12493730e+00, -1.64551485e+00,
         4.74070221e-01, -7.46557713e-01, -6.90889001e-01, -4.33478504e-01,
        -1.35818458e+00,  6.32077575e-01, -4.93017703e-01, -9.42621231e-01,
        -4.62519646e-01, -5.65816090e-03, -1.21637642e+00, -8.97527695e-01,
        -7.10939318e-02, -1.21428835e+00, -3.95507425e-01, -1.12806708e-01,
        -8.83776248e-01, -5.95722616e-01,  1.24824405e+00,  1.76578373e-01,
        -2.03227758e-01, -3.82439457e-02,  1.45237184e+00, -1.99246573e+00,
        -1.87804520e+00, -1.03091216e+00, -4.27233994e-01,  1.26096511e+00,
         4.08008039e-01, -8.24797451e-01,  1.41928279e+00, -8.08850050e-01,
        -8.60239565e-01,  5.66775918e-01, -5.44463456e-01, -2.70877051e+00,
        -1.07793480e-01,  2.78425288e+00, -1.53585851e+00, -3.92623097e-01,
         1.36440778e+00,  7.72954345e-01,  8.09586942e-01, -9.99705136e-01,
         4.91693974e+00,  5.14596879e-01,  7.98760116e-01, -1.69314027e-01,
        -1.39308941e+00, -1.09502411e+00,  1.31619155e+00,  1.52104580e+00,
        -8.45871449e-01, -9.78296340e-01, -1.13488841e+00,  2.91992813e-01,
        -2.88023651e-01, -2.56559634e+00, -2.89319843e-01, -1.42538273e+00,
         1.05569899e+00, -1.73689282e+00,  5.17031789e-01, -1.73951244e+00,
        -2.07242918e+00,  1.09619594e+00,  4.04863656e-02, -6.92353547e-01,
        -6.31373644e-01, -1.32713962e+00, -2.70468712e+00, -5.55648386e-01,
         1.85427701e+00,  6.02472365e-01, -1.08340132e+00,  1.74550045e+00,
         1.31161010e+00, -1.14177391e-01,  1.40608072e-01,  4.00517607e+00,
         1.36450222e-02,  8.40564668e-02, -2.84083545e-01, -1.15802515e+00,
         1.84205449e+00,  5.96444130e-01,  2.04069421e-01,  2.74077773e+00,
         1.69215930e+00,  4.35843498e-01,  4.46262091e-01, -2.22910833e+00,
         1.69340539e+00,  1.35241938e+00,  1.38928905e-01, -4.60082918e-01,
         1.11384845e+00, -1.60424936e+00,  1.12776697e+00, -4.78037149e-02,
        -1.79417777e+00, -5.99608064e-01, -2.05092549e-01,  1.95304692e-01,
         2.07221651e+00,  1.15255132e-01,  2.67614770e+00,  2.63433313e+00,
         1.37249053e+00, -7.31413186e-01,  1.19537592e+00,  2.55153060e+00,
        -1.57675493e+00, -1.48009586e+00,  1.91503453e+00, -4.68176126e-01,
        -1.78207278e+00,  1.48068726e+00, -4.15442020e-01,  5.78003645e-01,
         2.65531468e+00,  9.83106852e-01, -2.71121836e+00,  1.06405288e-01,
         1.48864841e+00, -9.82976615e-01, -5.14528036e-01, -7.72172570e-01,
        -1.57916725e+00,  7.75378823e-01, -1.52017295e+00,  1.13339908e-02,
         2.72260833e+00, -1.89882576e+00, -8.84673238e-01,  5.65044761e-01,
         1.07090461e+00, -1.65063703e+00,  2.00585175e+00,  2.58599687e+00,
        -1.31262243e+00, -1.99365899e-01, -1.49148226e+00,  6.65217519e-01,
        -1.31769788e+00,  1.77323306e+00, -1.16833203e-01,  7.48944879e-01,
        -1.06088591e+00, -2.51631212e+00,  7.71765351e-01, -1.12606609e+00,
         1.67446387e+00, -1.43537092e+00,  5.00247955e-01, -4.43397462e-01,
        -9.20398235e-01,  2.55405593e+00, -9.53826606e-01, -1.35428917e+00,
        -8.47136855e-01,  7.05176115e-01,  2.67360687e-01, -1.46827292e+00,
        -7.39862144e-01,  2.01411748e+00, -3.58188272e-01,  6.44763052e-01,
         1.16500342e+00,  8.97371292e-01, -6.44529104e-01,  9.96783257e-01,
        -3.13606471e-01,  2.40369752e-01, -1.84221685e-01, -2.81166530e+00,
         1.43375123e+00,  1.15863934e-01, -3.44094872e+00, -1.87948704e-01,
         1.21059072e+00,  6.23780787e-01, -1.59210694e+00,  3.35764796e-01,
         1.25338817e+00, -6.97132587e-01, -1.31774902e+00,  7.19567835e-02,
         2.29460549e+00,  1.32492280e+00, -2.32041121e-01, -2.13848257e+00,
         2.32670829e-01, -1.96173251e+00, -1.75391078e+00, -1.09070182e-01,
        -1.43958539e-01,  1.28014171e+00,  1.58768803e-01,  1.00103056e+00,
         1.20436776e+00,  2.72933953e-03,  7.34232366e-01, -4.31397200e-01,
        -1.03422558e+00, -2.44779682e+00, -4.04726475e-01, -1.28997803e-01,
         4.09102350e-01,  1.10335672e+00,  1.69486427e+00, -2.22665519e-01,
        -1.95734632e+00,  1.09918118e+00, -7.84007609e-01, -1.99144840e-01,
         5.42705595e-01, -1.04003155e+00, -1.59509003e+00,  1.90993071e+00,
        -5.02428889e-01,  1.05383945e+00, -1.63681877e+00,  2.44666979e-01,
        -3.60374868e-01,  2.05371454e-01,  3.89663458e-01, -1.99263000e+00,
        -6.28403723e-01,  1.51274002e+00, -1.31503141e+00, -9.54600751e-01,
         1.94943702e+00,  3.00911665e-02,  1.16043329e+00,  2.17132151e-01,
         1.60311997e+00,  1.67377639e+00,  3.91881049e-01, -8.71520996e-01,
         9.34181929e-01,  1.83737719e+00,  6.60480738e-01, -1.18108320e+00,
        -2.76049972e-01, -1.57299566e+00, -2.77146727e-01, -1.98034570e-04,
         1.52782691e+00,  1.55458570e+00, -1.83778393e+00,  1.06804931e+00,
         1.14807880e+00, -2.93120712e-01,  2.15755105e-01,  1.08573985e+00,
        -1.09001279e+00,  1.16644502e+00, -1.32960033e+00,  9.57290232e-01,
         1.49831271e+00,  8.16044152e-01, -8.36899161e-01, -2.40904391e-01,
         5.63509881e-01,  1.75914109e+00, -1.56206205e-01, -1.15523326e+00,
        -8.64265323e-01, -3.07253510e-01,  1.93172848e+00,  1.66484523e+00,
         2.46076655e+00, -4.89342898e-01, -1.08972466e+00,  6.95864320e-01,
        -2.36467147e+00,  2.06558371e+00, -8.04295540e-01, -4.89849418e-01,
         9.18467045e-01,  4.70587909e-01,  3.72124481e+00,  3.46396923e-01,
         4.52307403e-01, -3.00056398e-01,  7.11089730e-01,  1.22423017e+00,
        -1.42029190e+00, -1.19639266e+00, -4.10638571e-01,  3.15369546e-01,
         1.00949025e+00, -3.96876723e-01, -4.70390141e-01, -1.70430720e-01,
        -1.29303432e+00,  7.91026711e-01, -2.12431327e-03,  1.09459853e+00,
         1.09897196e+00,  1.55957353e+00, -5.68711042e-01,  1.63718522e+00,
         1.34950519e+00, -1.15837777e+00,  1.67329931e+00,  1.17753670e-01,
        -1.71204460e+00, -1.41630709e+00, -2.57582545e-01, -6.10350668e-01,
         3.77462745e-01, -1.66952431e+00,  7.20791459e-01,  9.22762454e-02,
         3.11885214e+00, -2.08512664e+00, -1.07297909e+00,  1.35624602e-01,
        -1.45897067e+00, -1.10566509e+00,  6.43474817e-01, -2.15747428e+00,
        -1.32663846e-01, -1.92125827e-01,  3.22931074e-02, -8.16583693e-01,
         1.35001457e+00, -7.95701325e-01, -2.86948383e-01, -8.16659987e-01,
         2.32662535e+00,  2.03652906e+00,  1.59510231e+00, -1.10293281e+00,
         1.46166220e-01, -1.16013527e-01,  6.80189207e-03,  2.66355705e+00,
         1.53136551e+00, -2.23790288e+00,  6.13757968e-01,  2.08819366e+00,
        -3.08750081e+00, -8.47686231e-01, -1.01105464e+00, -7.58766115e-01,
        -1.74168289e+00,  1.01979375e+00,  7.46462405e-01, -1.72563946e+00,
        -1.16869938e+00, -2.60570836e+00, -1.85510564e+00, -7.88810968e-01,
         1.21881378e+00, -7.53552496e-01, -1.20148206e+00, -5.36900043e-01,
         7.28396833e-01, -1.09728301e+00, -2.60933733e+00, -2.04599034e-02,
         1.21031046e+00, -1.88356265e-02, -1.71311307e+00,  4.06365514e-01,
        -5.55602312e-01, -7.86562443e-01,  6.86978519e-01,  1.35306537e+00,
        -1.92089349e-01,  3.00496531e+00, -5.56385100e-01, -2.81123430e-01,
        -1.25634968e+00,  2.21762955e-02, -7.73429513e-01, -5.20111918e-01,
         3.20922565e+00,  1.15593302e+00,  1.26886332e+00, -3.55619639e-01,
         1.04659855e+00,  1.27338326e+00,  6.14536941e-01,  4.58473951e-01,
        -5.34510791e-01,  1.11494809e-01,  1.00939369e+00,  7.46946633e-01,
         6.13672781e+00,  2.23941660e+00,  1.62968147e+00, -7.46067986e-02,
         1.56653017e-01,  8.89856756e-01,  1.37554324e+00,  2.41789532e+00,
        -1.46588612e+00, -1.55801988e+00, -6.68448567e-01, -2.00823402e+00,
         4.05857980e-01, -7.73729801e-01, -1.73033506e-01, -4.18440342e-01,
         5.96361518e-01,  1.76910126e+00, -1.34922221e-01, -1.64655536e-01,
        -1.94608462e+00,  2.52750206e+00, -7.13475794e-03, -9.46531236e-01,
        -7.26504266e-01,  1.90913990e-01, -3.38504553e-01, -9.18071151e-01,
        -5.85709095e-01, -1.46935260e+00, -8.26438546e-01, -1.51404113e-01,
        -1.12138832e+00, -1.37235856e+00, -5.19838274e-01, -1.05275929e-01,
        -2.69437209e-02,  2.64186300e-02,  5.86719155e-01, -1.15033146e-03,
        -2.54624915e+00,  1.03007786e-01, -1.19041955e+00, -8.00779402e-01,
         1.92368948e+00,  1.58145285e+00,  9.80001390e-01,  3.29580247e-01,
         7.66624868e-01,  4.25192595e-01,  2.55076766e-01, -1.00966191e+00,
        -8.52201641e-01,  5.75200438e-01, -1.25232184e+00, -1.03755569e+00,
        -9.74274874e-01, -6.92897379e-01, -8.71327519e-01, -7.67226875e-01,
        -6.52971506e-01, -1.24806249e+00,  1.54679966e+00,  6.32989705e-02,
         8.43436897e-01,  3.47761720e-01, -1.42793560e+00,  1.98927426e+00,
        -8.49625766e-01, -9.87339497e-01,  1.80645895e+00, -2.34536082e-01,
        -1.09001780e+00,  2.51729727e-01, -1.82593793e-01, -1.88012671e+00,
         1.34460437e+00,  1.01322472e-01, -4.56630468e-01, -8.76584709e-01,
        -5.02625585e-01,  3.91034722e-01, -5.59493959e-01,  4.68694031e-01,
         3.19081247e-02,  1.44295812e+00, -7.14276075e-01, -1.21411395e+00,
        -9.89762068e-01, -2.14256549e+00, -1.28355193e+00, -1.05516613e+00,
        -1.13572896e+00, -1.79808307e+00,  6.79978669e-01,  9.16900635e-01],
       device='cuda:0')
Clean RHS: tensor([[0.29453376]], device='cuda:0')
Split layers:
Nonlinear functions:
   BoundRelu(name=/66, inputs=[/input], perturbed=True)
   BoundRelu(name=/68, inputs=[/input-4], perturbed=True)
   BoundRelu(name=/71, inputs=[/input-12], perturbed=True)
   BoundRelu(name=/73, inputs=[/input-16], perturbed=True)
   BoundRelu(name=/76, inputs=[/input-24], perturbed=True)
   BoundRelu(name=/78, inputs=[/input-28], perturbed=True)
   BoundRelu(name=/80, inputs=[/input-32], perturbed=True)
   BoundRelu(name=/83, inputs=[/input-40], perturbed=True)
   BoundRelu(name=/85, inputs=[/input-44], perturbed=True)
   BoundRelu(name=/87, inputs=[/input-48], perturbed=True)
   BoundRelu(name=/90, inputs=[/input-56], perturbed=True)
   BoundRelu(name=/92, inputs=[/input-60], perturbed=True)
   BoundRelu(name=/94, inputs=[/input-64], perturbed=True)
   BoundRelu(name=/98, inputs=[/input-68], perturbed=True)
   BoundRelu(name=/101, inputs=[/input-72], perturbed=True)
   BoundRelu(name=/input-8/conv_1_relu, inputs=[/input-8/conv_1], perturbed=True)
   BoundRelu(name=/input-8/conv_3_relu, inputs=[/input-8/conv_3], perturbed=True)
   BoundRelu(name=/input-20/conv_1_relu, inputs=[/input-20/conv_1], perturbed=True)
   BoundRelu(name=/input-20/conv_3_relu, inputs=[/input-20/conv_3], perturbed=True)
   BoundRelu(name=/input-36/conv_1_relu, inputs=[/input-36/conv_1], perturbed=True)
   BoundRelu(name=/input-36/conv_3_relu, inputs=[/input-36/conv_3], perturbed=True)
   BoundRelu(name=/input-52/conv_1_relu, inputs=[/input-52/conv_1], perturbed=True)
   BoundRelu(name=/input-52/conv_3_relu, inputs=[/input-52/conv_3], perturbed=True)
   BoundRelu(name=/95/conv_1_relu, inputs=[/95/conv_1], perturbed=True)
   BoundRelu(name=/95/conv_3_relu, inputs=[/95/conv_3], perturbed=True)
Batched CROWN: node BoundConv(name=/input-4, inputs=[/66, /35, /36], perturbed=True), unstable size 39604
Batched CROWN: node BoundConv(name=/input-8/conv_1, inputs=[/68, /input-8/conv_1_w], perturbed=True), unstable size 38242
Batched CROWN: node BoundConv(name=/input-8/conv_3, inputs=[/input-8/add_1_2, /input-8/conv_3_w], perturbed=True), unstable size 19335
Batched CROWN: node BoundConv(name=/input-12, inputs=[/input-8/add_3_4, /37, /38], perturbed=True), unstable size 388186
Batched CROWN: node BoundConv(name=/input-16, inputs=[/71, /39, /40], perturbed=True), unstable size 1544905
Batched CROWN: node BoundConv(name=/input-20/conv_1, inputs=[/73, /input-20/conv_1_w], perturbed=True), unstable size 19637
Batched CROWN: node BoundConv(name=/input-20/conv_3, inputs=[/input-20/add_1_2, /input-20/conv_3_w], perturbed=True), unstable size 11589
Batched CROWN: node BoundConv(name=/input-24, inputs=[/input-20/add_3_4, /41, /42], perturbed=True), unstable size 411453
Batched CROWN: node BoundConv(name=/input-28, inputs=[/76, /43, /44], perturbed=True), unstable size 796250
Batched CROWN: node BoundConv(name=/input-32, inputs=[/78, /45, /46], perturbed=True), unstable size 118638
Batched CROWN: node BoundConv(name=/input-36/conv_1, inputs=[/80, /input-36/conv_1_w], perturbed=True), unstable size 35587
Batched CROWN: node BoundConv(name=/input-36/conv_3, inputs=[/input-36/add_1_2, /input-36/conv_3_w], perturbed=True), unstable size 21102
Batched CROWN: node BoundConv(name=/input-40, inputs=[/input-36/add_3_4, /47, /48], perturbed=True), unstable size 336842
Batched CROWN: node BoundConv(name=/input-44, inputs=[/83, /49, /50], perturbed=True), unstable size 218692
Batched CROWN: node BoundConv(name=/input-48, inputs=[/85, /51, /52], perturbed=True), unstable size 245685
Batched CROWN: node BoundConv(name=/input-52/conv_1, inputs=[/87, /input-52/conv_1_w], perturbed=True), unstable size 5228
Batched CROWN: node BoundConv(name=/input-52/conv_3, inputs=[/input-52/add_1_2, /input-52/conv_3_w], perturbed=True), unstable size 3676
Batched CROWN: node BoundConv(name=/input-56, inputs=[/input-52/add_3_4, /53, /54], perturbed=True), unstable size 81985
Batched CROWN: node BoundConv(name=/input-60, inputs=[/90, /55, /56], perturbed=True), unstable size 96988
Batched CROWN: node BoundConv(name=/input-64, inputs=[/92, /57, /58], perturbed=True), unstable size 85478
Batched CROWN: node BoundConv(name=/95/conv_1, inputs=[/94, /95/conv_1_w], perturbed=True), unstable size 21445
Batched CROWN: node BoundConv(name=/95/conv_3, inputs=[/95/add_1_2, /95/conv_3_w], perturbed=True), unstable size 11635
Batched CROWN: node BoundLinear(name=/input-68, inputs=[/96, /59, /60], perturbed=True), unstable size 4096
Batched CROWN: node BoundLinear(name=/input-72, inputs=[/99, /61, /62], perturbed=True), unstable size 4096
initial crown bounds: tensor([[-27507.48632812]], device='cuda:0')
Number of class (without rhs): 1 ; Worst class: (+ rhs) -27507.486328125
Iteration 1
Adv attack time: 1.5351s
Batch size: 1
Current pickout batch: 1, total pickout batch: 1
Batched CROWN: node BoundConv(name=/input-4, inputs=[/66, /35, /36], perturbed=True), unstable size 39604
Batched CROWN: node BoundConv(name=/input-8/conv_1, inputs=[/68, /input-8/conv_1_w], perturbed=True), unstable size 38242
Batched CROWN: node BoundConv(name=/input-8/conv_3, inputs=[/input-8/add_1_2, /input-8/conv_3_w], perturbed=True), unstable size 19335
Batched CROWN: node BoundConv(name=/input-12, inputs=[/input-8/add_3_4, /37, /38], perturbed=True), unstable size 388186
Batched CROWN: node BoundConv(name=/input-16, inputs=[/71, /39, /40], perturbed=True), unstable size 1544905
Batched CROWN: node BoundConv(name=/input-20/conv_1, inputs=[/73, /input-20/conv_1_w], perturbed=True), unstable size 19637
Batched CROWN: node BoundConv(name=/input-20/conv_3, inputs=[/input-20/add_1_2, /input-20/conv_3_w], perturbed=True), unstable size 11589
Batched CROWN: node BoundConv(name=/input-24, inputs=[/input-20/add_3_4, /41, /42], perturbed=True), unstable size 411453
Batched CROWN: node BoundConv(name=/input-28, inputs=[/76, /43, /44], perturbed=True), unstable size 796250
Batched CROWN: node BoundConv(name=/input-32, inputs=[/78, /45, /46], perturbed=True), unstable size 118638
Batched CROWN: node BoundConv(name=/input-36/conv_1, inputs=[/80, /input-36/conv_1_w], perturbed=True), unstable size 35587
Batched CROWN: node BoundConv(name=/input-36/conv_3, inputs=[/input-36/add_1_2, /input-36/conv_3_w], perturbed=True), unstable size 21102
Batched CROWN: node BoundConv(name=/input-40, inputs=[/input-36/add_3_4, /47, /48], perturbed=True), unstable size 336842
Batched CROWN: node BoundConv(name=/input-44, inputs=[/83, /49, /50], perturbed=True), unstable size 218692
Batched CROWN: node BoundConv(name=/input-48, inputs=[/85, /51, /52], perturbed=True), unstable size 245685
Batched CROWN: node BoundConv(name=/input-52/conv_1, inputs=[/87, /input-52/conv_1_w], perturbed=True), unstable size 5228
Batched CROWN: node BoundConv(name=/input-52/conv_3, inputs=[/input-52/add_1_2, /input-52/conv_3_w], perturbed=True), unstable size 3676
Batched CROWN: node BoundConv(name=/input-56, inputs=[/input-52/add_3_4, /53, /54], perturbed=True), unstable size 81985
Batched CROWN: node BoundConv(name=/input-60, inputs=[/90, /55, /56], perturbed=True), unstable size 96988
Batched CROWN: node BoundConv(name=/input-64, inputs=[/92, /57, /58], perturbed=True), unstable size 85478
Batched CROWN: node BoundConv(name=/95/conv_1, inputs=[/94, /95/conv_1_w], perturbed=True), unstable size 21445
Batched CROWN: node BoundConv(name=/95/conv_3, inputs=[/95/add_1_2, /95/conv_3_w], perturbed=True), unstable size 11635
Batched CROWN: node BoundLinear(name=/input-68, inputs=[/96, /59, /60], perturbed=True), unstable size 4096
Batched CROWN: node BoundLinear(name=/input-72, inputs=[/99, /61, /62], perturbed=True), unstable size 4096
Worst bound: tensor([-27507.42578125], device='cuda:0')
Current (lb-rhs): -27507.42578125
Total time: 2458.1397  pickout: 0.0004  split: 0.0011  decision: 0.0003  bounding: 2458.1084  clipping: 0.0000  add_domain: 0.0234  rest: 0.0061
Length of domains: 2
3 branch and bound domains visited
Time out!
Result: timeout
Time: 3739.132280111313
[rank 0] === Checking instance ID 772 ===
[rank 0] >>> Running ID=772 onnx=onnx/vgg16-7.onnx
Configurations:

general:
  device: cuda
  seed: 100
  conv_mode: patches
  deterministic: false
  double_fp: false
  loss_reduction_func: max
  sparse_alpha: true
  sparse_interm: true
  save_adv_example: false
  verify_onnxruntime_output: false
  eval_adv_example: false
  show_adv_example: false
  precompile_jit: false
  prepare_only: false
  complete_verifier: bab
  enable_incomplete_verification: false
  csv_name: instances.csv
  results_file: results/vggnet16_all_p_4/result_772.rank0.txt
  root_path: ../../vnncomp2023_benchmarks/benchmarks/vggnet16
  deterministic_opt: false
  graph_optimizer: 'Customized("custom_graph_optimizer", "maxpool_to_relu")'
  buffer_has_batchdim: false
  save_output: false
  output_file: out.pkl
  return_optimized_model: false
  output_additional_stats: true
  instance_id: 772
  dataset_output_dir: dataset
  min_stable_neurons_ratio_threshold: 0.0
model:
  name: null
  path: null
  onnx_path: /projects/air/dlverifier/vggnet16_all/onnx/vgg16-7.onnx
  onnx_path_prefix: ''
  cache_onnx_conversion: true
  debug_onnx: false
  onnx_quirks: null
  input_shape: null
  onnx_loader: default_onnx_and_vnnlib_loader
  onnx_optimization_flags: []
  onnx_vnnlib_joint_optimization_flags: none
  check_optimized: false
  flatten_final_output: false
  optimize_graph: null
  with_jacobian: false
data:
  start: 0
  end: 10000
  select_instance: null
  num_outputs: 1000
  mean: 0.0
  std: 1.0
  pkl_path: null
  dataset: null
  data_filter_path: null
  data_idx_file: null
specification:
  type: lp
  robustness_type: verified-acc
  norm: .inf
  epsilon: null
  epsilon_min: 0.0
  vnnlib_path: /projects/air/dlverifier/vggnet16_all/vnnlib/n02090622_borzoi_global_k50176_eps_0.0003.vnnlib
  vnnlib_path_prefix: ''
  rhs_offset: null
solver:
  batch_size: 1
  auto_enlarge_batch_size: false
  min_batch_size_ratio: 0.1
  use_float64_in_last_iteration: false
  early_stop_patience: 10
  start_save_best: 0.5
  bound_prop_method: forward+backward
  init_bound_prop_method: same
  prune_after_crown: false
  optimize_disjuncts_separately: false
  crown:
    batch_size: 16
    max_crown_size: 1000000000
    relu_option: adaptive
  alpha-crown:
    alpha: true
    lr_alpha: 0.1
    iteration: 100
    share_alphas: false
    lr_decay: 0.98
    full_conv_alpha: true
    max_coeff_mul: .inf
    matmul_share_alphas: false
    disable_optimization: []
    max_time: 1.0
  invprop:
    apply_output_constraints_to: []
    tighten_input_bounds: false
    best_of_oc_and_no_oc: false
    directly_optimize: []
    oc_lr: 0.1
    share_gammas: false
  beta-crown:
    lr_alpha: 0.01
    lr_beta: 0.05
    lr_decay: 0.98
    optimizer: adam
    iteration: 10
    beta: true
    beta_warmup: true
    enable_opt_interm_bounds: false
    all_node_split_LP: false
  forward:
    refine: false
    dynamic: true
    max_dim: 100
    reset_threshold: 1.0
  intermediate_refinement:
    enabled: false
    batch_size: 10
    opt_coeffs: false
    opt_bias: false
    lr: 0.05
    layers: [-1]
    max_domains: 1000
  multi_class:
    label_batch_size: 32
    skip_with_refined_bound: true
  mip:
    unstable_neuron_threshold: 0
    parallel_solvers: null
    solver_threads: 1
    refine_neuron_timeout: 15
    refine_neuron_time_percentage: 0.8
    early_stop: true
    adv_warmup: true
    mip_solver: gurobi
    skip_unsafe: false
    topk_filter: 1.0
    sliding_window: -1
    extra_constraint: false
    refine_neuron_timeout_increasement: 0
    timeout_neuron_percentage: 0.3
    remaining_timeout_threshold: 1
    remove_unstable_neurons: true
    lp_solver: false
bab:
  initial_max_domains: 1
  backing_up_max_domain: null
  max_domains: .inf
  decision_thresh: 0
  timeout: 1200.0
  timeout_scale: 1
  max_iterations: -1
  override_timeout: null
  get_upper_bound: false
  pruning_in_iteration: true
  pruning_in_iteration_ratio: 0.2
  sort_targets: false
  batched_domain_list: true
  optimized_interm: ''
  interm_transfer: true
  recompute_interm: false
  sort_domain_interval: -1
  vanilla_crown: false
  tree_traversal: depth_first
  cut:
    enabled: false
    cuts_path: /tmp/abcrown_cuts
    implication: false
    bab_cut: false
    lp_cut: false
    method: null
    lr: 0.01
    lr_decay: 1.0
    iteration: 100
    bab_iteration: -1
    early_stop_patience: -1
    lr_beta: 0.02
    number_cuts: 50
    topk_cuts_in_filter: 1000
    batch_size_primal: 100
    max_num: 1000000000
    patches_cut: false
    cplex_cuts: false
    cplex_cuts_wait: 0
    cplex_cuts_revpickup: true
    cut_reference_bounds: true
    fix_intermediate_bounds: false
    _tmp_cuts: null
    fixed_cuts: false
    add_implied_cuts: false
    add_input_cuts: false
    biccos:
      enabled: false
      constraint_strengthening: true
      recursively_strengthening: false
      drop_ratio: 0.5
      verified_bonus: 0.3
      max_infer_iter: 20
      heuristic: neuron_influence_score
      save_biccos_cuts: false
      multi_tree_branching:
        enabled: false
        restore_best_tree: false
        keep_n_best_domains: 1
        k_splits: 1
        iterations: 1
  branching:
    method: sb
    candidates: 3
    reduceop: min
    enable_intermediate_bound_opt: false
    branching_input_and_activation: false
    branching_input_and_activation_order: [input, relu]
    branching_input_iterations: 30
    branching_relu_iterations: 50
    gnn_path: ''
    neural_heuristic:
      model_path: ''
    rl:
      experiment: general
      eval: false
      extras: []
      logging:
        color: true
        debug: true
        file: rl-experiment.log
      pnet:
        gH: 64
        tH: 64
        nheads: 64
        nlayers: 64
        useDynamicGraph: true
        bidirectional: false
        GAT: true
      training:
        gamma: 0.99
        lr: 0.001
        batchSize: 8
        loop: 8
        totalEpochs: 10
        updatePolicyFrequency: 10
        updateTargetFrequency: 10
        buffer: buffer.pkl
        preparedBuffer: 'False'
        TestingPreparedBuffer: false
        scriptTraining: false
        policynet: policy-checkpoint.pt
        targetnet: target-checkpoint.pt
        datasetShuffle: true
        targetedData: all
        splitRatio: 0.8
        maxInstances: -1
        trainingMode: full
        reward:
          norm: null
          bonus: 10.0
          penalty: -1.0
      egreedy:
        epsilon: 0.1
        epsilonDecay: 0.1
        minEpsilon: 0.1
        ePath: epsilon.pt
        enabled: true
      expert:
        useExpertUntilEpisode: 0.1
        enabled: true
        learnToImitateExpertEpochs: 10
    nonlinear_split:
      method: shortcut
      branching_point_method: uniform
      num_branches: 2
      filter: false
      filter_beta: false
      filter_clamp: false
      filter_batch_size: 10000
      filter_iterations: 25
      relu_only: false
      loose_tanh_threshold: null
      dynamic_bbps: false
      dynamic_options: [uniform, three_left, three_right]
      branching_point_node: ''
      branching_point_db: []
    input_split:
      enable_clip_domains: false
      split_hint: null
      reorder_bab: false
      enable: true
      enhanced_bound_prop_method: alpha-crown
      enhanced_branching_method: naive
      enhanced_bound_patience: 100000000.0
      attack_patience: 100000000.0
      adv_check: 0
      split_partitions: 2
      sb_margin_weight: 1.0
      sb_sum: false
      sb_primary_spec: null
      bf_backup_thresh: -1
      bf_rhs_offset: 0
      bf_iters: 1000000000.0
      bf_batch_size: 100000
      bf_zero_crossing_score: false
      touch_zero_score: 0
      ibp_enhancement: false
      catch_assertion: false
      compare_with_old_bounds: false
      update_rhs_with_attack: false
      sb_coeff_thresh: 0.001
      sort_index: null
      sort_descending: true
      show_progress: false
      presplit_domains: null
      skip_getting_worst_domain: false
  attack:
    enabled: false
    beam_candidates: 8
    beam_depth: 7
    max_dive_fix_ratio: 0.8
    min_local_free_ratio: 0.2
    mip_start_iteration: 5
    mip_timeout: 30.0
    adv_pool_threshold: null
    refined_mip_attacker: false
    refined_batch_size: null
attack:
  pgd_order: input_bab
  pgd_steps: 100
  pgd_restarts: 30
  pgd_batch_size: 100000000
  pgd_early_stop: true
  pgd_lr_decay: 0.99
  pgd_alpha: auto
  pgd_alpha_scale: false
  pgd_loss_mode: null
  pgd_restart_when_stuck: false
  enable_mip_attack: false
  adv_saver: default_adv_saver
  adv_verifier: default_adv_verifier
  early_stop_condition: default_early_stop_condition
  adv_example_finalizer: default_adv_example_finalizer
  pgd_loss: default_pgd_loss
  cex_path: ./test_cex.txt
  attack_mode: PGD
  attack_tolerance: 0.0
  attack_func: attack_with_general_specs
  gama_lambda: 10.0
  gama_decay: 0.9
  check_clean: true
  input_split:
    pgd_steps: 100
    pgd_restarts: 30
    pgd_alpha: auto
  input_split_enhanced:
    pgd_steps: 200
    pgd_restarts: 500000
    pgd_alpha: auto
  input_split_check_adv:
    enabled: auto
    pgd_steps: 5
    pgd_restarts: 5
    pgd_alpha: auto
    max_num_domains: 10
debug:
  sanity_check: Full+Graph
  view_model: false
  lp_test: null
  rescale_vnnlib_ptb: null
  test_optimized_bounds: false
  test_optimized_bounds_after_n_iterations: 0
  print_verbose_decisions: false

Experiments at Thu Feb 19 04:34:08 2026 on d1026
Internal results will be saved to results/vggnet16_all_p_4/result_772.rank0.txt.

[ZRL] %%%%%%%%%%%%%%%%%%%%%%%%%%%%%%%%%%% idx: 0, vnnlib ID: 0 %%%%%%%%%%%%%%%%%%%%%%%%%%%%%%%%%%%
Using onnx /projects/air/dlverifier/vggnet16_all/onnx/vgg16-7.onnx
Using vnnlib /projects/air/dlverifier/vggnet16_all/vnnlib/n02090622_borzoi_global_k50176_eps_0.0003.vnnlib
150528 inputs and 1000 outputs in vnnlib
Loading cached onnx model from /projects/air/dlverifier/vggnet16_all/onnx/vgg16-7.onnx.cached
Cannot read cached onnx file. Regenerating...
Loading onnx /projects/air/dlverifier/vggnet16_all/onnx/vgg16-7.onnx with quirks {}
Finished onnx model loading in 37.0351 seconds
Number of perturbed inputs: 150528
WARNING: prioritizing attack due to too many perturbed pixels on VGG
Setting arguments.Config["attack"]["pgd_order"] to "before"
Setting bound_prop_method to crown
Attack parameters: initialization=uniform, steps=100, restarts=30, alpha=7.500499486923218e-05, initialization=uniform, GAMA=False
Model output of first 5 examples:
 tensor([[ 6.15508437e-01,  2.60938787e+00, -5.34326255e-01, -7.72019029e-01,
         -8.86855483e-01,  8.06697011e-01,  2.86759913e-01, -1.45188439e+00,
         -1.13544869e+00, -4.81047332e-01,  7.61094153e-01,  1.38279784e+00,
          7.83644736e-01,  3.88173312e-01,  8.68814826e-01,  1.11864781e+00,
          2.80711591e-01, -1.03557980e+00, -1.05052873e-01,  4.20052767e-01,
         -1.05319962e-01,  1.22818184e+00,  7.92437017e-01, -3.49502683e-01,
          7.36697197e-01,  2.67844319e-01,  2.53293228e+00,  1.35632324e+00,
         -7.97598585e-02,  1.35946262e+00, -8.52422893e-01,  1.92750025e+00,
          5.82750440e-01, -4.27284569e-01, -8.86632264e-01, -1.81441113e-01,
          1.10102046e+00, -9.05870497e-01,  2.03741813e+00, -6.83555529e-02,
          2.20901012e+00,  7.55215645e-01,  1.16103625e+00,  4.90480661e-01,
          1.53496265e+00,  5.23080111e-01,  1.98689592e+00,  1.07773662e+00,
         -7.16526747e-01, -1.09429516e-01,  2.42321059e-01, -1.71343577e+00,
          1.58794487e+00,  1.59926939e+00,  1.04974777e-01,  5.22659063e-01,
          1.04706669e+00, -6.33332253e-01,  1.48318052e+00,  9.86242950e-01,
          1.07703733e+00,  3.30532163e-01,  2.18549296e-01,  1.32056093e+00,
          1.34895933e+00,  1.23590022e-01,  2.53481030e-01, -2.78037697e-01,
         -2.06807598e-01, -2.44469702e-01,  2.24259591e+00,  1.75470746e+00,
          1.56317008e+00,  2.85159802e+00,  2.10906577e+00,  3.17239833e+00,
          1.66371012e+00,  3.67408013e+00,  3.77313685e+00,  3.09279585e+00,
          9.04269040e-01, -6.46287918e-01,  3.36269975e-01,  7.00256675e-02,
         -4.78711754e-01,  1.67606205e-01, -1.89650670e-01,  7.38837779e-01,
          7.95844913e-01, -4.56786484e-01,  3.26438189e-01, -1.38169140e-01,
          1.79213166e+00,  5.06129265e-01,  1.15446484e+00,  2.06832498e-01,
          1.58299506e+00, -7.35450089e-01,  1.56125143e-01, -8.08135211e-01,
          6.97875395e-04, -1.54509544e+00, -1.86021018e+00,  6.98857725e-01,
         -7.95626700e-01, -1.81920087e+00, -1.12693906e+00, -4.98668671e-01,
         -7.89008379e-01, -1.23546851e+00,  5.69107115e-01,  3.34296632e+00,
          4.71829027e-01,  1.16549456e+00,  1.48567843e+00, -2.32636154e-01,
         -1.11373439e-01,  2.79020339e-01,  1.88701376e-02,  1.75441101e-01,
          3.84168357e-01, -7.77608156e-01, -9.74373877e-01, -1.41554713e+00,
         -3.66790026e-01, -3.56509328e-01,  2.37805104e+00,  2.59121805e-02,
          1.21782529e+00,  4.61890519e-01, -2.15242505e-01, -6.87280297e-01,
          3.10979158e-01,  2.80335635e-01, -2.86699712e-01, -3.16827714e-01,
         -7.10407615e-01, -5.79367988e-02,  8.80452991e-01, -6.75333321e-01,
         -1.27891040e+00,  5.58030665e-01, -4.50250208e-01, -5.36324680e-01,
         -6.56437993e-01, -3.46262753e-01, -4.30804104e-01,  3.19775909e-01,
         -7.41272449e-01,  3.18299085e-02, -1.39850259e+00,  8.07271123e-01,
         -5.55475354e-01,  7.85192013e-01,  5.28717160e-01,  3.42267863e-02,
         -3.38502884e-01,  5.05134225e-01, -4.95286882e-01, -7.27859974e-01,
         -8.67426872e-01, -2.52030551e-01,  5.09188652e-01, -4.93818671e-01,
         -7.60992289e-01, -4.88414139e-01, -5.13793886e-01, -5.85401356e-01,
         -5.33054844e-02, -1.31667271e-01, -4.88954335e-01, -5.22823095e-01,
         -1.32884705e+00, -1.14028260e-01, -9.00289655e-01, -6.17935479e-01,
         -1.05478120e+00, -4.80354786e-01, -2.01375812e-01, -1.15752113e+00,
         -1.50503826e+00, -2.47028753e-01,  4.87291574e-01, -6.19443834e-01,
         -4.87312451e-02, -7.17604607e-02,  1.30614251e-01,  8.86794448e-01,
         -2.69528806e-01, -4.00729984e-01, -1.75113618e-01,  6.01176560e-01,
         -4.03233856e-01, -1.02392934e-01, -4.22549069e-01,  7.25747466e-01,
         -1.27743483e-02, -9.88353968e-01, -9.28397834e-01,  3.89271945e-01,
         -1.63150340e-01, -3.82692307e-01, -2.42633373e-01,  4.23824728e-01,
         -1.07681014e-01, -1.03405821e+00, -9.72113013e-01, -5.48960507e-01,
         -1.01199198e+00, -6.34235024e-01, -1.53702581e+00, -1.90784737e-01,
         -1.75362140e-01, -5.23464680e-01, -1.69181615e-01, -4.44764882e-01,
         -1.04386866e-01, -2.69309342e-01, -6.06167018e-01, -6.53153956e-01,
         -8.79106879e-01, -3.67365301e-01, -4.26201016e-01, -1.07824929e-01,
         -4.82718796e-01, -9.54379559e-01, -1.10898507e+00, -1.10857117e+00,
         -9.53574836e-01,  7.17445850e-01, -2.67406970e-01, -1.44360527e-01,
         -1.26191425e+00, -8.36569369e-01, -2.40067184e-01, -8.58800560e-02,
         -4.89319563e-01,  2.45879963e-02, -8.53273630e-01, -4.91510630e-02,
         -5.28646886e-01, -5.50060868e-01,  2.04915144e-02, -1.42621946e+00,
         -9.60586905e-01, -1.93419293e-01, -1.31677365e+00, -4.86355066e-01,
         -4.59990263e-01, -3.90830219e-01, -5.44142604e-01, -1.42095387e+00,
          4.82103288e-01, -4.13391113e-01,  7.25880086e-01, -1.43723595e+00,
         -1.19344234e+00,  3.08467522e-02,  2.20003515e-01,  1.19309723e+00,
          4.87366885e-01, -3.03287923e-01, -6.45075917e-01, -4.79625016e-01,
         -6.85087323e-01,  5.93906760e-01, -3.61327678e-01, -8.35069180e-01,
         -1.43947864e+00,  4.49585080e-01,  5.20647049e-01,  3.07362199e-01,
          7.59509742e-01,  6.50734127e-01, -1.73185498e-01,  2.62054443e-01,
         -8.25416744e-02,  3.95393908e-01, -2.25308239e-01,  9.58331823e-01,
          3.18931878e-01,  1.24809182e+00,  1.70932686e+00,  2.34111881e+00,
          1.50829899e+00,  3.84910226e-01, -7.81156003e-01,  3.12522650e-02,
         -8.08196962e-02, -5.97329140e-01, -8.12950253e-01, -5.50573707e-01,
         -7.37443984e-01,  4.57627237e-01, -1.18421853e+00, -9.84118760e-01,
         -2.71473289e-01, -5.85357249e-01, -1.38869703e-01,  3.21188033e-01,
          3.45547765e-01,  2.65510440e+00,  1.86016774e+00,  1.81783152e+00,
          1.42140198e+00, -4.72984314e-01,  9.70781207e-01,  2.55684423e+00,
          2.56629848e+00,  9.03847396e-01,  2.46477318e+00,  2.21710253e+00,
          1.52889299e+00,  2.23237777e+00,  2.89697289e+00,  2.07731104e+00,
          2.01850867e+00,  1.37337732e+00,  3.65125775e+00,  2.54437232e+00,
          2.29750156e+00, -7.83411384e-01, -3.47016156e-01, -3.95979136e-01,
         -8.59643817e-01, -7.19841361e-01, -8.78162146e-01,  2.23411769e-01,
         -1.51305783e+00, -8.28869283e-01, -4.30957526e-02,  5.67004621e-01,
          2.03598809e+00,  2.90962815e-01, -6.96293831e-01,  4.19850945e-02,
         -1.47526312e+00, -2.29824916e-01, -7.35365987e-01, -2.13008976e+00,
         -1.59351599e+00, -1.36996233e+00, -1.68547153e+00, -1.61810565e+00,
         -1.04459941e+00, -1.65575552e+00, -1.80010855e+00, -9.93713379e-01,
         -2.57822132e+00, -1.68319631e+00, -1.43365669e+00, -6.93444610e-01,
         -8.91756356e-01, -6.89553440e-01, -1.46077418e+00, -1.88592339e+00,
          2.48595923e-01,  1.79596245e-01,  5.02690434e-01,  5.33382833e-01,
         -6.59850478e-01,  1.52234703e-01,  1.18444502e-01, -2.51565605e-01,
         -1.09401476e+00,  3.39916945e-01, -5.04323840e-01,  4.76780236e-02,
          3.24172884e-01, -5.95516741e-01,  3.91722381e-01, -4.13930446e-01,
         -2.48063028e-01, -1.83431238e-01,  1.44741997e-01, -7.09630191e-01,
         -1.79292291e-01,  1.09007382e+00,  1.65392682e-01, -4.42966968e-01,
          1.18856096e+00, -1.67034566e-04,  8.55176210e-01,  7.10506067e-02,
         -5.12860157e-02, -7.43086815e-01, -1.16008067e+00, -6.81170285e-01,
         -1.73999512e+00,  8.04940522e-01, -3.84560347e-01,  5.52083492e-01,
          1.51626632e-01, -1.90715528e+00, -6.68133080e-01,  1.38101995e+00,
         -1.31129777e+00, -5.61006069e-01, -3.89692128e-01,  2.62168527e-01,
         -1.01814318e+00, -1.05827057e+00,  1.16275258e-01, -9.33934748e-01,
         -6.73443913e-01,  1.03424382e+00, -1.26629519e+00, -7.48186886e-01,
         -2.48470402e+00,  1.88357627e+00, -5.29483676e-01,  1.02845323e+00,
         -1.07035451e-01,  4.86368477e-01,  4.34006244e-01, -2.30514240e+00,
          1.00373197e+00,  5.14231324e-01,  2.81010723e+00,  1.95439744e+00,
          2.48716637e-01, -3.44209462e-01, -2.27415144e-01, -1.19810379e+00,
         -1.54407644e+00, -7.60331929e-01,  7.56836772e-01, -5.79453290e-01,
         -9.24983621e-01,  2.23284051e-01, -3.75458419e-01, -3.93437564e-01,
          5.91524601e-01,  1.46920681e-01,  9.71452177e-01,  1.19158447e+00,
         -1.27097654e+00, -5.27961433e-01,  1.30804574e+00,  7.86729902e-02,
         -8.90521109e-02,  1.55260086e+00, -6.72234893e-01,  1.79864979e+00,
         -1.52591860e+00, -5.10369599e-01,  2.61442351e+00, -9.78308558e-01,
         -1.01514959e+00, -1.60201037e+00, -1.17735350e+00,  9.22505617e-01,
          3.74514729e-01, -5.61385274e-01, -2.13278747e+00,  9.30466950e-02,
         -5.68697453e-02,  1.02183294e+00, -7.94044316e-01,  2.45209098e-01,
         -1.53105593e+00,  2.72893488e-01,  1.94909823e+00, -2.46450037e-01,
          8.15694928e-01,  5.88491082e-01, -1.32665026e+00, -2.46245289e+00,
         -5.46988845e-01,  9.29620802e-01,  1.76896632e+00, -1.13971698e+00,
         -1.49374390e+00,  5.42293906e-01, -9.60999072e-01,  1.37008488e-01,
         -1.64565551e+00, -1.22454357e+00, -5.39095998e-01, -1.66824293e+00,
          1.34020329e+00,  3.77171099e-01, -1.74555659e-01, -1.46961081e+00,
         -1.43476081e+00,  4.93579477e-01, -1.16897553e-01,  1.82988214e+00,
          1.03369080e-01,  3.20770770e-01,  1.21779108e+00, -7.57955909e-01,
          5.40775508e-02,  2.99693495e-01,  8.32060337e-01, -5.30677021e-01,
          4.82625455e-01, -2.22756296e-01, -1.48584461e+00,  2.01082587e+00,
         -2.16589808e+00, -2.98191339e-01, -1.32952511e+00,  5.94465733e-01,
          6.60629392e-01,  2.12530166e-01, -1.10815978e+00,  9.69228923e-01,
          2.58834422e-01, -2.80024910e+00, -1.12493765e+00, -1.64551461e+00,
          4.74070281e-01, -7.46557593e-01, -6.90888762e-01, -4.33478177e-01,
         -1.35818410e+00,  6.32077336e-01, -4.93017435e-01, -9.42621052e-01,
         -4.62519288e-01, -5.65789267e-03, -1.21637702e+00, -8.97527516e-01,
         -7.10937530e-02, -1.21428823e+00, -3.95507216e-01, -1.12806439e-01,
         -8.83775890e-01, -5.95722377e-01,  1.24824440e+00,  1.76578671e-01,
         -2.03227460e-01, -3.82440351e-02,  1.45237195e+00, -1.99246550e+00,
         -1.87804544e+00, -1.03091192e+00, -4.27233964e-01,  1.26096523e+00,
          4.08007711e-01, -8.24797392e-01,  1.41928291e+00, -8.08849871e-01,
         -8.60239565e-01,  5.66776395e-01, -5.44463515e-01, -2.70877028e+00,
         -1.07793227e-01,  2.78425312e+00, -1.53585827e+00, -3.92622977e-01,
          1.36440778e+00,  7.72954464e-01,  8.09586883e-01, -9.99704897e-01,
          4.91694069e+00,  5.14596701e-01,  7.98760176e-01, -1.69313759e-01,
         -1.39308929e+00, -1.09502387e+00,  1.31619155e+00,  1.52104557e+00,
         -8.45870852e-01, -9.78296041e-01, -1.13488853e+00,  2.91993111e-01,
         -2.88023561e-01, -2.56559610e+00, -2.89319634e-01, -1.42538249e+00,
          1.05569887e+00, -1.73689258e+00,  5.17031550e-01, -1.73951232e+00,
         -2.07242918e+00,  1.09619606e+00,  4.04861644e-02, -6.92353249e-01,
         -6.31373465e-01, -1.32713926e+00, -2.70468712e+00, -5.55648148e-01,
          1.85427701e+00,  6.02472484e-01, -1.08340096e+00,  1.74550021e+00,
          1.31161082e+00, -1.14177063e-01,  1.40608281e-01,  4.00517607e+00,
          1.36452010e-02,  8.40566605e-02, -2.84083456e-01, -1.15802526e+00,
          1.84205449e+00,  5.96444368e-01,  2.04069868e-01,  2.74077749e+00,
          1.69215930e+00,  4.35843468e-01,  4.46262002e-01, -2.22910833e+00,
          1.69340563e+00,  1.35241985e+00,  1.38929129e-01, -4.60082710e-01,
          1.11384869e+00, -1.60424924e+00,  1.12776709e+00, -4.78037298e-02,
         -1.79417777e+00, -5.99607766e-01, -2.05092266e-01,  1.95304930e-01,
          2.07221651e+00,  1.15255311e-01,  2.67614770e+00,  2.63433361e+00,
          1.37249088e+00, -7.31413126e-01,  1.19537628e+00,  2.55153060e+00,
         -1.57675469e+00, -1.48009610e+00,  1.91503501e+00, -4.68175620e-01,
         -1.78207290e+00,  1.48068750e+00, -4.15441602e-01,  5.78003943e-01,
          2.65531564e+00,  9.83107328e-01, -2.71121812e+00,  1.06405437e-01,
          1.48864853e+00, -9.82976496e-01, -5.14528215e-01, -7.72172570e-01,
         -1.57916701e+00,  7.75378585e-01, -1.52017283e+00,  1.13342889e-02,
          2.72260809e+00, -1.89882600e+00, -8.84673297e-01,  5.65044582e-01,
          1.07090485e+00, -1.65063715e+00,  2.00585175e+00,  2.58599782e+00,
         -1.31262207e+00, -1.99365810e-01, -1.49148202e+00,  6.65217936e-01,
         -1.31769764e+00,  1.77323258e+00, -1.16833352e-01,  7.48944759e-01,
         -1.06088567e+00, -2.51631165e+00,  7.71765709e-01, -1.12606609e+00,
          1.67446399e+00, -1.43537080e+00,  5.00248313e-01, -4.43397164e-01,
         -9.20398414e-01,  2.55405664e+00, -9.53826725e-01, -1.35428917e+00,
         -8.47136736e-01,  7.05176651e-01,  2.67361045e-01, -1.46827292e+00,
         -7.39862144e-01,  2.01411724e+00, -3.58187824e-01,  6.44763172e-01,
          1.16500378e+00,  8.97371590e-01, -6.44529402e-01,  9.96783197e-01,
         -3.13606590e-01,  2.40370050e-01, -1.84221372e-01, -2.81166482e+00,
          1.43375134e+00,  1.15864009e-01, -3.44094872e+00, -1.87948197e-01,
          1.21059108e+00,  6.23780370e-01, -1.59210706e+00,  3.35764855e-01,
          1.25338817e+00, -6.97132528e-01, -1.31774926e+00,  7.19567537e-02,
          2.29460573e+00,  1.32492244e+00, -2.32041225e-01, -2.13848257e+00,
          2.32670918e-01, -1.96173227e+00, -1.75391054e+00, -1.09069645e-01,
         -1.43958479e-01,  1.28014195e+00,  1.58768997e-01,  1.00103080e+00,
          1.20436752e+00,  2.72951834e-03,  7.34232605e-01, -4.31397378e-01,
         -1.03422546e+00, -2.44779658e+00, -4.04726535e-01, -1.28997624e-01,
          4.09102589e-01,  1.10335696e+00,  1.69486427e+00, -2.22665489e-01,
         -1.95734620e+00,  1.09918141e+00, -7.84007728e-01, -1.99144617e-01,
          5.42705536e-01, -1.04003155e+00, -1.59508991e+00,  1.90993094e+00,
         -5.02428770e-01,  1.05383933e+00, -1.63681841e+00,  2.44667307e-01,
         -3.60374749e-01,  2.05371588e-01,  3.89663398e-01, -1.99262953e+00,
         -6.28403604e-01,  1.51273990e+00, -1.31503141e+00, -9.54600334e-01,
          1.94943678e+00,  3.00916806e-02,  1.16043365e+00,  2.17132375e-01,
          1.60312021e+00,  1.67377627e+00,  3.91881555e-01, -8.71520698e-01,
          9.34181690e-01,  1.83737767e+00,  6.60481215e-01, -1.18108320e+00,
         -2.76049614e-01, -1.57299519e+00, -2.77146578e-01, -1.97662041e-04,
          1.52782726e+00,  1.55458605e+00, -1.83778369e+00,  1.06804907e+00,
          1.14807892e+00, -2.93120444e-01,  2.15755567e-01,  1.08574009e+00,
         -1.09001267e+00,  1.16644490e+00, -1.32960021e+00,  9.57290471e-01,
          1.49831283e+00,  8.16044569e-01, -8.36899042e-01, -2.40904570e-01,
          5.63510001e-01,  1.75914133e+00, -1.56206027e-01, -1.15523303e+00,
         -8.64265323e-01, -3.07253569e-01,  1.93172860e+00,  1.66484511e+00,
          2.46076655e+00, -4.89342123e-01, -1.08972442e+00,  6.95864379e-01,
         -2.36467099e+00,  2.06558418e+00, -8.04295361e-01, -4.89849389e-01,
          9.18467343e-01,  4.70587969e-01,  3.72124553e+00,  3.46396744e-01,
          4.52307522e-01, -3.00055832e-01,  7.11089611e-01,  1.22423077e+00,
         -1.42029190e+00, -1.19639254e+00, -4.10638720e-01,  3.15369934e-01,
          1.00949061e+00, -3.96876872e-01, -4.70390052e-01, -1.70430720e-01,
         -1.29303432e+00,  7.91026831e-01, -2.12403014e-03,  1.09459937e+00,
          1.09897149e+00,  1.55957365e+00, -5.68711281e-01,  1.63718486e+00,
          1.34950542e+00, -1.15837753e+00,  1.67329967e+00,  1.17753580e-01,
         -1.71204460e+00, -1.41630745e+00, -2.57582277e-01, -6.10350311e-01,
          3.77462506e-01, -1.66952431e+00,  7.20791578e-01,  9.22764838e-02,
          3.11885262e+00, -2.08512664e+00, -1.07297873e+00,  1.35625139e-01,
         -1.45897067e+00, -1.10566521e+00,  6.43475413e-01, -2.15747452e+00,
         -1.32663518e-01, -1.92125455e-01,  3.22933160e-02, -8.16583693e-01,
          1.35001433e+00, -7.95701265e-01, -2.86948562e-01, -8.16659927e-01,
          2.32662582e+00,  2.03652906e+00,  1.59510231e+00, -1.10293269e+00,
          1.46166846e-01, -1.16013274e-01,  6.80190697e-03,  2.66355777e+00,
          1.53136504e+00, -2.23790264e+00,  6.13758087e-01,  2.08819389e+00,
         -3.08750081e+00, -8.47686291e-01, -1.01105440e+00, -7.58765697e-01,
         -1.74168277e+00,  1.01979399e+00,  7.46462405e-01, -1.72563946e+00,
         -1.16869903e+00, -2.60570836e+00, -1.85510552e+00, -7.88810670e-01,
          1.21881366e+00, -7.53552020e-01, -1.20148182e+00, -5.36900043e-01,
          7.28396893e-01, -1.09728301e+00, -2.60933733e+00, -2.04598736e-02,
          1.21031094e+00, -1.88352615e-02, -1.71311295e+00,  4.06365782e-01,
         -5.55602372e-01, -7.86562085e-01,  6.86979055e-01,  1.35306513e+00,
         -1.92089155e-01,  3.00496507e+00, -5.56384861e-01, -2.81123400e-01,
         -1.25634968e+00,  2.21765339e-02, -7.73429513e-01, -5.20111680e-01,
          3.20922565e+00,  1.15593338e+00,  1.26886368e+00, -3.55620056e-01,
          1.04659879e+00,  1.27338374e+00,  6.14537179e-01,  4.58474189e-01,
         -5.34510732e-01,  1.11494780e-01,  1.00939369e+00,  7.46946990e-01,
          6.13672781e+00,  2.23941708e+00,  1.62968183e+00, -7.46067986e-02,
          1.56653076e-01,  8.89856935e-01,  1.37554348e+00,  2.41789532e+00,
         -1.46588600e+00, -1.55801988e+00, -6.68448269e-01, -2.00823379e+00,
          4.05857742e-01, -7.73729861e-01, -1.73033297e-01, -4.18440372e-01,
          5.96361637e-01,  1.76910138e+00, -1.34922341e-01, -1.64655447e-01,
         -1.94608462e+00,  2.52750206e+00, -7.13451952e-03, -9.46531177e-01,
         -7.26504207e-01,  1.90914154e-01, -3.38504612e-01, -9.18070793e-01,
         -5.85708737e-01, -1.46935225e+00, -8.26438189e-01, -1.51404113e-01,
         -1.12138844e+00, -1.37235808e+00, -5.19838452e-01, -1.05275735e-01,
         -2.69439593e-02,  2.64188908e-02,  5.86719036e-01, -1.15036126e-03,
         -2.54624939e+00,  1.03007659e-01, -1.19041991e+00, -8.00779700e-01,
          1.92368948e+00,  1.58145237e+00,  9.80001271e-01,  3.29579890e-01,
          7.66624808e-01,  4.25192684e-01,  2.55076736e-01, -1.00966179e+00,
         -8.52201760e-01,  5.75200319e-01, -1.25232220e+00, -1.03755569e+00,
         -9.74274695e-01, -6.92897499e-01, -8.71327519e-01, -7.67226696e-01,
         -6.52971506e-01, -1.24806213e+00,  1.54679990e+00,  6.32992387e-02,
          8.43437076e-01,  3.47761750e-01, -1.42793572e+00,  1.98927391e+00,
         -8.49626184e-01, -9.87339795e-01,  1.80645871e+00, -2.34536558e-01,
         -1.09001815e+00,  2.51729518e-01, -1.82594150e-01, -1.88012671e+00,
          1.34460390e+00,  1.01322144e-01, -4.56630290e-01, -8.76584768e-01,
         -5.02626121e-01,  3.91034365e-01, -5.59494257e-01,  4.68694031e-01,
          3.19078416e-02,  1.44295752e+00, -7.14276254e-01, -1.21411455e+00,
         -9.89762425e-01, -2.14256597e+00, -1.28355241e+00, -1.05516648e+00,
         -1.13572907e+00, -1.79808319e+00,  6.79978311e-01,  9.16900933e-01]],
       device='cuda:0')
Adv example prediction (first 2 examples and 2 restarts):
 tensor([[[ 5.73715389e-01,  2.51809287e+00, -5.72564542e-01, -7.53783107e-01,
          -8.88689816e-01,  8.25719476e-01,  2.89834440e-01, -1.44813883e+00,
          -1.14784455e+00, -4.51657593e-01,  7.29868650e-01,  1.35579920e+00,
           7.52171814e-01,  3.49925280e-01,  9.00923491e-01,  1.07627583e+00,
           2.83763707e-01, -1.01628220e+00, -9.75840837e-02,  4.08777237e-01,
          -1.06302179e-01,  1.22114372e+00,  7.96854079e-01, -3.50308299e-01,
           7.47160792e-01,  2.59260744e-01,  2.50381088e+00,  1.31989479e+00,
          -1.00051694e-01,  1.31649780e+00, -8.51543546e-01,  1.91252899e+00,
           5.89048982e-01, -4.46849644e-01, -8.91544759e-01, -2.07855374e-01,
           1.06797612e+00, -9.16902840e-01,  2.01151228e+00, -7.63656422e-02,
           2.19902468e+00,  7.63140619e-01,  1.14978778e+00,  4.90163624e-01,
           1.52395582e+00,  4.98127609e-01,  2.01342392e+00,  1.08776081e+00,
          -7.27661312e-01, -1.02472849e-01,  2.45981649e-01, -1.73892272e+00,
           1.59452045e+00,  1.57443273e+00,  9.24551338e-02,  5.35918295e-01,
           9.76398826e-01, -6.29180253e-01,  1.45406425e+00,  1.01561272e+00,
           1.06684077e+00,  2.98367411e-01,  1.78513393e-01,  1.32206607e+00,
           1.38097715e+00,  1.48528516e-01,  2.61837184e-01, -2.67280400e-01,
          -1.85227320e-01, -2.15731084e-01,  2.25049710e+00,  1.73886180e+00,
           1.56522119e+00,  2.84317708e+00,  2.09309936e+00,  3.13370919e+00,
           1.62824297e+00,  3.64479232e+00,  3.77080107e+00,  3.06480169e+00,
           8.78269732e-01, -6.41408145e-01,  3.24719906e-01,  4.18372564e-02,
          -4.46066231e-01,  1.73277929e-01, -1.88609570e-01,  7.35381901e-01,
           7.77307391e-01, -4.50933814e-01,  3.06645513e-01, -1.50219917e-01,
           1.79565501e+00,  4.73699123e-01,  1.12784326e+00,  2.07497597e-01,
           1.52988255e+00, -7.77479708e-01,  1.27227858e-01, -8.07800114e-01,
          -2.64171325e-03, -1.50482380e+00, -1.84087157e+00,  6.98768198e-01,
          -7.99419940e-01, -1.81327713e+00, -1.14414573e+00, -5.13157725e-01,
          -8.02408159e-01, -1.21372414e+00,  5.54632485e-01,  3.41733623e+00,
           4.65414971e-01,  1.18094802e+00,  1.47333980e+00, -2.85868675e-01,
          -1.07581362e-01,  2.81213641e-01, -5.15689924e-02,  1.25699714e-01,
           3.45426500e-01, -8.43951523e-01, -1.02437460e+00, -1.44074655e+00,
          -3.88616830e-01, -3.62998426e-01,  2.36977029e+00,  7.15319216e-02,
           1.23961401e+00,  4.86735821e-01, -2.24866644e-01, -6.44242883e-01,
           3.42224866e-01,  2.88769484e-01, -2.60967076e-01, -2.69325286e-01,
          -7.07058787e-01, -7.44270235e-02,  8.92125964e-01, -6.98526800e-01,
          -1.27669978e+00,  5.61030746e-01, -4.19084966e-01, -5.54574251e-01,
          -6.37759387e-01, -3.91497314e-01, -4.26386207e-01,  3.42536151e-01,
          -7.39981055e-01,  9.13674682e-02, -1.39331591e+00,  7.73493052e-01,
          -5.57613790e-01,  7.87035704e-01,  5.34648955e-01,  2.17861347e-02,
          -3.63265723e-01,  4.63633657e-01, -5.26475549e-01, -7.16233134e-01,
          -8.61782730e-01, -2.73219645e-01,  4.68758941e-01, -4.96643454e-01,
          -7.68352211e-01, -5.06310344e-01, -5.30403554e-01, -6.09964311e-01,
          -6.33821413e-02, -1.66288078e-01, -4.82641309e-01, -5.46317697e-01,
          -1.34538686e+00, -1.43928811e-01, -9.02269125e-01, -5.99283457e-01,
          -1.06098795e+00, -4.76371676e-01, -1.79517373e-01, -1.17410934e+00,
          -1.51472342e+00, -2.38087460e-01,  4.58508134e-01, -5.97148538e-01,
          -6.90186098e-02, -7.79686272e-02,  1.00015283e-01,  8.52891922e-01,
          -2.86102951e-01, -4.13697153e-01, -1.48338363e-01,  5.76976717e-01,
          -4.09011394e-01, -1.27639875e-01, -4.37526762e-01,  6.89236760e-01,
          -5.81596643e-02, -9.98126328e-01, -9.48836148e-01,  3.60901088e-01,
          -1.66871935e-01, -4.11310941e-01, -2.35203117e-01,  4.15337145e-01,
          -1.25810951e-01, -1.03258193e+00, -9.71972644e-01, -5.40058017e-01,
          -1.00956321e+00, -6.36538088e-01, -1.52447999e+00, -1.77366629e-01,
          -1.84218749e-01, -5.36417723e-01, -1.98940009e-01, -4.78391051e-01,
          -9.66281593e-02, -2.89735824e-01, -6.57625437e-01, -6.73020601e-01,
          -8.83336484e-01, -3.54170591e-01, -3.93945485e-01, -1.29345834e-01,
          -4.83197272e-01, -9.71641541e-01, -1.10762215e+00, -1.14059865e+00,
          -9.04989183e-01,  7.11101711e-01, -3.07348102e-01, -1.68124288e-01,
          -1.27435613e+00, -8.38112593e-01, -2.78389484e-01, -1.14843860e-01,
          -5.22239566e-01, -1.43587813e-02, -8.99839699e-01, -9.11462307e-02,
          -5.53221405e-01, -6.00801945e-01, -1.49754547e-02, -1.42218661e+00,
          -9.67216134e-01, -2.22066507e-01, -1.30568159e+00, -5.28512716e-01,
          -4.68055218e-01, -4.06115800e-01, -5.60200453e-01, -1.43293762e+00,
           4.69212115e-01, -4.42858160e-01,  7.28421628e-01, -1.44872868e+00,
          -1.18122029e+00,  4.71840873e-02,  2.24970579e-01,  1.15842140e+00,
           4.76929247e-01, -3.07888418e-01, -6.62478864e-01, -5.31765640e-01,
          -7.31743932e-01,  5.85626483e-01, -3.55082244e-01, -8.09371114e-01,
          -1.44242907e+00,  4.39733684e-01,  5.37243724e-01,  2.76647598e-01,
           7.56451428e-01,  6.18614674e-01, -1.90018877e-01,  2.36179635e-01,
          -7.86978975e-02,  3.72644424e-01, -2.43627250e-01,  9.49466407e-01,
           2.73664802e-01,  1.19760203e+00,  1.66174388e+00,  2.30004382e+00,
           1.48766696e+00,  3.58167291e-01, -7.96470106e-01,  3.15056145e-02,
          -8.16943794e-02, -5.86956859e-01, -8.09251130e-01, -5.16109228e-01,
          -7.41338849e-01,  4.84881550e-01, -1.16611588e+00, -9.90572035e-01,
          -2.59043574e-01, -5.76443374e-01, -1.30573928e-01,  3.35511565e-01,
           3.57640952e-01,  2.62555528e+00,  1.85982180e+00,  1.80539441e+00,
           1.42367089e+00, -4.55686092e-01,  9.64118898e-01,  2.56830907e+00,
           2.54972291e+00,  8.73020947e-01,  2.47425270e+00,  2.23932457e+00,
           1.54303288e+00,  2.24297714e+00,  2.86779785e+00,  2.07142234e+00,
           2.01997757e+00,  1.37202728e+00,  3.66842675e+00,  2.55050445e+00,
           2.29646707e+00, -8.04644883e-01, -3.24877024e-01, -3.96093160e-01,
          -8.30987513e-01, -7.06118703e-01, -8.46912384e-01,  2.26412088e-01,
          -1.49785316e+00, -8.47884297e-01, -5.71862906e-02,  5.77212334e-01,
           2.00496221e+00,  2.10866168e-01, -6.77508593e-01,  2.55792867e-02,
          -1.47446322e+00, -2.20024422e-01, -7.66882360e-01, -2.11818671e+00,
          -1.57779062e+00, -1.35601199e+00, -1.66772246e+00, -1.58022606e+00,
          -1.04854965e+00, -1.63724196e+00, -1.78605413e+00, -9.70659792e-01,
          -2.54854035e+00, -1.66061151e+00, -1.41194367e+00, -6.75395727e-01,
          -8.90878737e-01, -6.73984945e-01, -1.43134296e+00, -1.86694694e+00,
           2.20069587e-01,  1.53107852e-01,  4.78714108e-01,  5.04011691e-01,
          -6.61905706e-01,  1.34589076e-01,  1.17308542e-01, -2.51706779e-01,
          -1.06004608e+00,  3.37251127e-01, -4.73215610e-01,  4.25847769e-02,
           3.33198100e-01, -5.86042166e-01,  3.74309093e-01, -4.22583878e-01,
          -2.43439749e-01, -1.62773460e-01,  1.35288492e-01, -7.00229764e-01,
          -1.63683459e-01,  1.07981324e+00,  1.75705642e-01, -4.32651728e-01,
           1.17220140e+00, -1.49501786e-02,  8.16736460e-01,  5.73233292e-02,
          -4.42425050e-02, -7.16490269e-01, -1.12559724e+00, -7.36140132e-01,
          -1.72686017e+00,  7.92271376e-01, -3.78314257e-01,  5.08069694e-01,
           1.25775859e-01, -1.94895279e+00, -7.04453409e-01,  1.36076725e+00,
          -1.33531821e+00, -5.73808074e-01, -3.52624565e-01,  2.62343019e-01,
          -1.01511467e+00, -1.05857408e+00,  1.10643514e-01, -9.32069600e-01,
          -6.88245893e-01,  1.03931618e+00, -1.26867366e+00, -7.88824797e-01,
          -2.49300861e+00,  1.93821514e+00, -5.72830379e-01,  1.01590264e+00,
          -1.07164912e-01,  4.89120811e-01,  4.27658528e-01, -2.32770824e+00,
           9.94512558e-01,  4.99143630e-01,  2.83049989e+00,  1.97266316e+00,
           2.44463071e-01, -3.23967993e-01, -2.26144463e-01, -1.18589485e+00,
          -1.54688287e+00, -7.48871088e-01,  8.12044680e-01, -5.79064786e-01,
          -9.24264550e-01,  2.34845951e-01, -4.40025508e-01, -3.91566068e-01,
           6.22226357e-01,  1.52416825e-01,  1.02697325e+00,  1.18136001e+00,
          -1.26742339e+00, -5.14799774e-01,  1.34173107e+00,  7.92196840e-02,
          -1.01495028e-01,  1.54807162e+00, -6.54519498e-01,  1.80659115e+00,
          -1.49870646e+00, -4.89883125e-01,  2.64437056e+00, -9.60067332e-01,
          -9.84520376e-01, -1.58633649e+00, -1.20445192e+00,  9.61402953e-01,
           3.95727575e-01, -5.28047979e-01, -2.12104392e+00,  8.23003948e-02,
          -4.64119166e-02,  1.00641143e+00, -7.54325390e-01,  2.51338482e-01,
          -1.53621912e+00,  2.59131849e-01,  1.98824322e+00, -2.60618210e-01,
           8.25795352e-01,  5.89086771e-01, -1.33407688e+00, -2.46731472e+00,
          -5.61784685e-01,  8.78279507e-01,  1.76617050e+00, -1.14670706e+00,
          -1.49288833e+00,  5.69931507e-01, -9.18431461e-01,  1.36029363e-01,
          -1.69237459e+00, -1.20985699e+00, -5.07717729e-01, -1.67889357e+00,
           1.37592614e+00,  4.03459936e-01, -1.55178040e-01, -1.45428419e+00,
          -1.41719234e+00,  5.07852614e-01, -1.30946636e-01,  1.84853506e+00,
           1.29665226e-01,  3.14202785e-01,  1.19751012e+00, -7.68943906e-01,
           6.04860336e-02,  3.11303794e-01,  8.61707807e-01, -5.31347096e-01,
           4.81775165e-01, -2.26209641e-01, -1.48084438e+00,  2.02144909e+00,
          -2.15585589e+00, -2.83294052e-01, -1.32302201e+00,  5.84492505e-01,
           6.54039145e-01,  2.10557878e-01, -1.09985340e+00,  1.01190293e+00,
           2.61228085e-01, -2.82211804e+00, -1.11822724e+00, -1.63799226e+00,
           4.96826559e-01, -7.22163379e-01, -6.88746572e-01, -4.44122523e-01,
          -1.35728741e+00,  6.59679770e-01, -5.06637216e-01, -9.21620011e-01,
          -4.51072514e-01, -1.18668191e-02, -1.20620418e+00, -8.87807190e-01,
          -8.13608915e-02, -1.21174169e+00, -3.74694973e-01, -8.84568393e-02,
          -8.33601058e-01, -5.62307656e-01,  1.28611243e+00,  1.98915556e-01,
          -2.13127851e-01, -3.30123194e-02,  1.47857630e+00, -1.99437499e+00,
          -1.87133408e+00, -1.03811777e+00, -4.02748764e-01,  1.27083349e+00,
           4.14716721e-01, -8.41119885e-01,  1.43668032e+00, -8.14722776e-01,
          -9.09056723e-01,  5.75453579e-01, -5.47367573e-01, -2.70372915e+00,
          -9.89231765e-02,  2.82668185e+00, -1.52966869e+00, -3.40700656e-01,
           1.35127389e+00,  8.16443682e-01,  8.03436100e-01, -1.02402675e+00,
           4.85246181e+00,  4.97298449e-01,  8.13548148e-01, -1.52245715e-01,
          -1.40616834e+00, -1.09494352e+00,  1.29172444e+00,  1.52336085e+00,
          -8.42913389e-01, -9.74204779e-01, -1.11395001e+00,  2.49680459e-01,
          -2.64691919e-01, -2.56758595e+00, -2.67116129e-01, -1.39636552e+00,
           1.05209196e+00, -1.75168240e+00,  5.60832977e-01, -1.73611641e+00,
          -2.05721307e+00,  1.09607840e+00,  6.47185296e-02, -7.09804118e-01,
          -6.32520914e-01, -1.34493494e+00, -2.71221066e+00, -5.27576029e-01,
           1.85278499e+00,  6.36556864e-01, -1.07400322e+00,  1.77783573e+00,
           1.28217971e+00, -8.48520547e-02,  1.82750016e-01,  4.02241325e+00,
           4.46218252e-02,  1.23148456e-01, -2.82181144e-01, -1.16307867e+00,
           1.86667359e+00,  6.02691531e-01,  2.04646543e-01,  2.70485544e+00,
           1.75755584e+00,  4.50937361e-01,  4.26562071e-01, -2.21422291e+00,
           1.70730627e+00,  1.37599754e+00,  1.63675591e-01, -4.94007468e-01,
           1.07876468e+00, -1.60898197e+00,  1.11833835e+00, -5.14625534e-02,
          -1.77432644e+00, -5.81434071e-01, -2.03963369e-01,  2.05173433e-01,
           2.09442663e+00,  1.39239430e-01,  2.65912628e+00,  2.64212155e+00,
           1.35359156e+00, -7.11069286e-01,  1.18772686e+00,  2.57161474e+00,
          -1.54004264e+00, -1.51460981e+00,  1.90635705e+00, -4.81001109e-01,
          -1.79039764e+00,  1.49863482e+00, -4.13680524e-01,  6.19236588e-01,
           2.64886189e+00,  1.00423372e+00, -2.71467400e+00,  1.40563235e-01,
           1.50622463e+00, -9.46512520e-01, -5.25554895e-01, -7.69533634e-01,
          -1.55064023e+00,  7.65989780e-01, -1.51355827e+00,  2.34989189e-02,
           2.69445324e+00, -1.89190066e+00, -8.61253738e-01,  5.96952617e-01,
           1.10241425e+00, -1.63342929e+00,  2.01416087e+00,  2.54063821e+00,
          -1.31013322e+00, -2.01012537e-01, -1.48653197e+00,  6.56704843e-01,
          -1.33275104e+00,  1.73019683e+00, -1.07151151e-01,  7.38982618e-01,
          -1.06074369e+00, -2.51230383e+00,  8.05796564e-01, -1.08890116e+00,
           1.68206370e+00, -1.42998052e+00,  4.83016729e-01, -4.56568778e-01,
          -8.86844873e-01,  2.51545095e+00, -9.63849604e-01, -1.34617889e+00,
          -8.62032950e-01,  7.20530689e-01,  2.67223895e-01, -1.45794284e+00,
          -7.29656756e-01,  2.04839659e+00, -3.36567193e-01,  6.53844476e-01,
           1.18995738e+00,  8.99459243e-01, -6.18925631e-01,  1.02709103e+00,
          -2.91430861e-01,  2.40324840e-01, -1.35629475e-01, -2.81435990e+00,
           1.46602857e+00,  1.32756993e-01, -3.43188596e+00, -1.74574152e-01,
           1.21438670e+00,  6.26616061e-01, -1.59958339e+00,  3.71764213e-01,
           1.28377891e+00, -6.67919874e-01, -1.31128263e+00,  1.11381069e-01,
           2.33098292e+00,  1.33353782e+00, -2.39565730e-01, -2.10650015e+00,
           2.62462795e-01, -1.95731997e+00, -1.73750782e+00, -7.55303800e-02,
          -1.06233627e-01,  1.29221761e+00,  1.80146679e-01,  1.02897120e+00,
           1.21704662e+00,  3.07371449e-02,  7.42497027e-01, -4.27652299e-01,
          -1.01137972e+00, -2.44109297e+00, -3.93132061e-01, -1.08751833e-01,
           4.04443353e-01,  1.09278286e+00,  1.65386808e+00, -2.07759112e-01,
          -1.93945158e+00,  1.07246447e+00, -7.68358886e-01, -2.00534880e-01,
           5.39139569e-01, -9.85480726e-01, -1.58949053e+00,  1.91565990e+00,
          -4.78325129e-01,  1.06050801e+00, -1.65063238e+00,  2.63960004e-01,
          -3.40819240e-01,  2.15237722e-01,  3.89698207e-01, -1.99209547e+00,
          -6.14928901e-01,  1.54699814e+00, -1.29501569e+00, -9.41477537e-01,
           1.91363347e+00,  4.58611175e-02,  1.13911104e+00,  2.30001062e-01,
           1.61941886e+00,  1.69334769e+00,  3.85698855e-01, -9.12882268e-01,
           9.25991058e-01,  1.86262500e+00,  6.85611069e-01, -1.17811131e+00,
          -2.76115507e-01, -1.58973265e+00, -2.67164946e-01,  2.15624589e-02,
           1.52812541e+00,  1.57006776e+00, -1.85338986e+00,  1.07820868e+00,
           1.14772654e+00, -2.80953944e-01,  1.75527886e-01,  1.12381804e+00,
          -1.09266162e+00,  1.22833586e+00, -1.32113528e+00,  1.01692188e+00,
           1.53935361e+00,  8.14868450e-01, -8.37542057e-01, -2.42217600e-01,
           5.71236670e-01,  1.75013661e+00, -1.01273313e-01, -1.16802013e+00,
          -8.42587948e-01, -3.02731663e-01,  1.93786633e+00,  1.69721103e+00,
           2.47984505e+00, -5.11279821e-01, -1.07045293e+00,  6.72371924e-01,
          -2.37478709e+00,  2.11152864e+00, -7.97291696e-01, -4.75578666e-01,
           9.28313136e-01,  4.87851411e-01,  3.68897128e+00,  3.44693244e-01,
           4.56987619e-01, -2.98377514e-01,  7.87989974e-01,  1.24595523e+00,
          -1.40457368e+00, -1.20478594e+00, -4.21551973e-01,  2.66430229e-01,
           1.04357255e+00, -4.00870562e-01, -4.50285912e-01, -1.79021239e-01,
          -1.29660690e+00,  7.55521834e-01,  3.02489810e-02,  1.06707108e+00,
           1.06968915e+00,  1.56565833e+00, -5.82801342e-01,  1.59321046e+00,
           1.34022260e+00, -1.16674209e+00,  1.68352938e+00,  9.42689329e-02,
          -1.71311390e+00, -1.40098000e+00, -2.94206202e-01, -5.74254811e-01,
           3.96721601e-01, -1.65921915e+00,  7.74427593e-01,  4.86503951e-02,
           3.07388282e+00, -2.08339953e+00, -1.08797109e+00,  1.72860309e-01,
          -1.45657551e+00, -1.07690835e+00,  6.24453902e-01, -2.10598087e+00,
          -1.51631892e-01, -2.17572197e-01,  7.03462064e-02, -8.34584177e-01,
           1.39095676e+00, -7.75525331e-01, -2.97513157e-01, -8.10365498e-01,
           2.40632749e+00,  2.03868318e+00,  1.62138367e+00, -1.11879969e+00,
           1.62247598e-01, -1.29093185e-01,  2.45112553e-03,  2.65566206e+00,
           1.53169990e+00, -2.20596004e+00,  5.91300130e-01,  2.09807754e+00,
          -3.05212569e+00, -8.41235220e-01, -9.99213934e-01, -7.50743330e-01,
          -1.71644282e+00,  1.02082312e+00,  6.96910322e-01, -1.70111895e+00,
          -1.19815195e+00, -2.62565207e+00, -1.85157752e+00, -8.09269249e-01,
           1.23292029e+00, -7.29196012e-01, -1.18183184e+00, -5.39182305e-01,
           7.54982889e-01, -1.07560349e+00, -2.58662462e+00, -1.14588253e-03,
           1.18659651e+00, -1.73875652e-02, -1.67354119e+00,  4.08610255e-01,
          -5.57498932e-01, -7.80720651e-01,  6.74760640e-01,  1.35229385e+00,
          -1.85933575e-01,  3.02934933e+00, -5.48862994e-01, -2.55895913e-01,
          -1.25511634e+00,  5.76200988e-03, -7.96072245e-01, -5.23036242e-01,
           3.26756120e+00,  1.18396306e+00,  1.29750538e+00, -3.81919384e-01,
           1.05305517e+00,  1.26995790e+00,  6.31797016e-01,  4.46434349e-01,
          -5.04538298e-01,  1.41033620e-01,  1.05326998e+00,  7.53896952e-01,
           6.08659983e+00,  2.27046347e+00,  1.62634647e+00, -7.75975585e-02,
           1.19044706e-01,  8.09180200e-01,  1.35355651e+00,  2.42125297e+00,
          -1.47164154e+00, -1.53164077e+00, -6.64008260e-01, -2.01543498e+00,
           4.57012802e-01, -7.76893497e-01, -1.44144803e-01, -3.74522597e-01,
           5.83528876e-01,  1.79771376e+00, -1.30569234e-01, -1.86001658e-01,
          -1.94202602e+00,  2.46999168e+00, -7.68057182e-02, -9.92597520e-01,
          -7.33741820e-01,  1.88077673e-01, -3.54394376e-01, -9.50948417e-01,
          -6.11107588e-01, -1.50628495e+00, -8.69436622e-01, -1.82101667e-01,
          -1.09694600e+00, -1.36756241e+00, -5.17723382e-01, -1.18690118e-01,
          -4.00563851e-02, -1.27356388e-02,  5.45143068e-01,  1.94899216e-02,
          -2.50923300e+00,  9.86663029e-02, -1.16158330e+00, -7.95841515e-01,
           1.95725596e+00,  1.57673478e+00,  9.31253970e-01,  3.35733324e-01,
           7.45864868e-01,  3.92820716e-01,  2.66976416e-01, -9.91112471e-01,
          -8.03326190e-01,  5.64639688e-01, -1.23552847e+00, -1.05947399e+00,
          -9.89876926e-01, -6.78655744e-01, -9.06670332e-01, -8.36639404e-01,
          -6.81923091e-01, -1.26954150e+00,  1.51106334e+00,  3.54688726e-02,
           8.45271528e-01,  3.39144111e-01, -1.44791460e+00,  1.99683213e+00,
          -8.41382861e-01, -9.97183979e-01,  1.78011823e+00, -2.11708128e-01,
          -1.08292353e+00,  2.75969505e-01, -1.63636357e-01, -1.88185453e+00,
           1.26074350e+00,  9.29371119e-02, -4.64006543e-01, -8.74072492e-01,
          -4.62972641e-01,  3.71850908e-01, -5.52873552e-01,  4.33167636e-01,
           2.12413501e-02,  1.40520418e+00, -7.01663852e-01, -1.21447074e+00,
          -1.00943255e+00, -2.13419604e+00, -1.28078628e+00, -1.04173183e+00,
          -1.14716601e+00, -1.77513659e+00,  6.60271227e-01,  9.61513162e-01]]],
       device='cuda:0')
PGD attack margin (first 2 examples and 10 specs):
 tensor([[[0.22765741]]], device='cuda:0')
number of violation:  0
Attack finished in 7.9540 seconds.
PGD attack failed
verified_status unknown
verified_success False
Total VNNLIB file length: 1, max property batch size: 1, total number of batches: 1

Properties batch 0, size 1
Remaining timeout: 1152.8934614658356
Verifying property 0 with 1 instances.
torch allclose failed: norm 8.889588571037166e-06
Model: BoundedModule(
  (/input-1): BoundInput(name=/input-1, inputs=[], perturbed=True)
  (/33): BoundParams(name=/33, inputs=[], perturbed=False)
  (/34): BoundParams(name=/34, inputs=[], perturbed=False)
  (/35): BoundParams(name=/35, inputs=[], perturbed=False)
  (/36): BoundParams(name=/36, inputs=[], perturbed=False)
  (/37): BoundParams(name=/37, inputs=[], perturbed=False)
  (/38): BoundParams(name=/38, inputs=[], perturbed=False)
  (/39): BoundParams(name=/39, inputs=[], perturbed=False)
  (/40): BoundParams(name=/40, inputs=[], perturbed=False)
  (/41): BoundParams(name=/41, inputs=[], perturbed=False)
  (/42): BoundParams(name=/42, inputs=[], perturbed=False)
  (/43): BoundParams(name=/43, inputs=[], perturbed=False)
  (/44): BoundParams(name=/44, inputs=[], perturbed=False)
  (/45): BoundParams(name=/45, inputs=[], perturbed=False)
  (/46): BoundParams(name=/46, inputs=[], perturbed=False)
  (/47): BoundParams(name=/47, inputs=[], perturbed=False)
  (/48): BoundParams(name=/48, inputs=[], perturbed=False)
  (/49): BoundParams(name=/49, inputs=[], perturbed=False)
  (/50): BoundParams(name=/50, inputs=[], perturbed=False)
  (/51): BoundParams(name=/51, inputs=[], perturbed=False)
  (/52): BoundParams(name=/52, inputs=[], perturbed=False)
  (/53): BoundParams(name=/53, inputs=[], perturbed=False)
  (/54): BoundParams(name=/54, inputs=[], perturbed=False)
  (/55): BoundParams(name=/55, inputs=[], perturbed=False)
  (/56): BoundParams(name=/56, inputs=[], perturbed=False)
  (/57): BoundParams(name=/57, inputs=[], perturbed=False)
  (/58): BoundParams(name=/58, inputs=[], perturbed=False)
  (/59): BoundParams(name=/59, inputs=[], perturbed=False)
  (/60): BoundParams(name=/60, inputs=[], perturbed=False)
  (/61): BoundParams(name=/61, inputs=[], perturbed=False)
  (/62): BoundParams(name=/62, inputs=[], perturbed=False)
  (/63): BoundParams(name=/63, inputs=[], perturbed=False)
  (/64): BoundParams(name=/64, inputs=[], perturbed=False)
  (/input): BoundConv(name=/input, inputs=[/input-1, /33, /34], perturbed=True)
  (/66): BoundRelu(name=/66, inputs=[/input], perturbed=True)
  (/input-4): BoundConv(name=/input-4, inputs=[/66, /35, /36], perturbed=True)
  (/68): BoundRelu(name=/68, inputs=[/input-4], perturbed=True)
  (/input-12): BoundConv(name=/input-12, inputs=[/input-8/add_3_4, /37, /38], perturbed=True)
  (/71): BoundRelu(name=/71, inputs=[/input-12], perturbed=True)
  (/input-16): BoundConv(name=/input-16, inputs=[/71, /39, /40], perturbed=True)
  (/73): BoundRelu(name=/73, inputs=[/input-16], perturbed=True)
  (/input-24): BoundConv(name=/input-24, inputs=[/input-20/add_3_4, /41, /42], perturbed=True)
  (/76): BoundRelu(name=/76, inputs=[/input-24], perturbed=True)
  (/input-28): BoundConv(name=/input-28, inputs=[/76, /43, /44], perturbed=True)
  (/78): BoundRelu(name=/78, inputs=[/input-28], perturbed=True)
  (/input-32): BoundConv(name=/input-32, inputs=[/78, /45, /46], perturbed=True)
  (/80): BoundRelu(name=/80, inputs=[/input-32], perturbed=True)
  (/input-40): BoundConv(name=/input-40, inputs=[/input-36/add_3_4, /47, /48], perturbed=True)
  (/83): BoundRelu(name=/83, inputs=[/input-40], perturbed=True)
  (/input-44): BoundConv(name=/input-44, inputs=[/83, /49, /50], perturbed=True)
  (/85): BoundRelu(name=/85, inputs=[/input-44], perturbed=True)
  (/input-48): BoundConv(name=/input-48, inputs=[/85, /51, /52], perturbed=True)
  (/87): BoundRelu(name=/87, inputs=[/input-48], perturbed=True)
  (/input-56): BoundConv(name=/input-56, inputs=[/input-52/add_3_4, /53, /54], perturbed=True)
  (/90): BoundRelu(name=/90, inputs=[/input-56], perturbed=True)
  (/input-60): BoundConv(name=/input-60, inputs=[/90, /55, /56], perturbed=True)
  (/92): BoundRelu(name=/92, inputs=[/input-60], perturbed=True)
  (/input-64): BoundConv(name=/input-64, inputs=[/92, /57, /58], perturbed=True)
  (/94): BoundRelu(name=/94, inputs=[/input-64], perturbed=True)
  (/96): BoundFlatten(name=/96, inputs=[/95/add_3_4], perturbed=True)
  (/input-68): BoundLinear(name=/input-68, inputs=[/96, /59, /60], perturbed=True)
  (/98): BoundRelu(name=/98, inputs=[/input-68], perturbed=True)
  (/99): BoundFlatten(name=/99, inputs=[/98], perturbed=True)
  (/input-72): BoundLinear(name=/input-72, inputs=[/99, /61, /62], perturbed=True)
  (/101): BoundRelu(name=/101, inputs=[/input-72], perturbed=True)
  (/102): BoundFlatten(name=/102, inputs=[/101], perturbed=True)
  (/103): BoundLinear(name=/103, inputs=[/102, /63, /64], perturbed=True)
  (/input-8/conv_1): BoundConv(name=/input-8/conv_1, inputs=[/68, /input-8/conv_1_w], perturbed=True)
  (/input-8/conv_1_relu): BoundRelu(name=/input-8/conv_1_relu, inputs=[/input-8/conv_1], perturbed=True)
  (/input-8/conv_1_w): BoundParams(name=/input-8/conv_1_w, inputs=[], perturbed=False)
  (/input-8/conv_2): BoundConv(name=/input-8/conv_2, inputs=[/68, /input-8/conv_2_w], perturbed=True)
  (/input-8/conv_2_w): BoundParams(name=/input-8/conv_2_w, inputs=[], perturbed=False)
  (/input-8/conv_3): BoundConv(name=/input-8/conv_3, inputs=[/input-8/add_1_2, /input-8/conv_3_w], perturbed=True)
  (/input-8/conv_3_relu): BoundRelu(name=/input-8/conv_3_relu, inputs=[/input-8/conv_3], perturbed=True)
  (/input-8/conv_3_w): BoundParams(name=/input-8/conv_3_w, inputs=[], perturbed=False)
  (/input-8/conv_4): BoundConv(name=/input-8/conv_4, inputs=[/input-8/add_1_2, /input-8/conv_4_w], perturbed=True)
  (/input-8/conv_4_w): BoundParams(name=/input-8/conv_4_w, inputs=[], perturbed=False)
  (/input-8/add_1_2): BoundAdd(name=/input-8/add_1_2, inputs=[/input-8/conv_1_relu, /input-8/conv_2], perturbed=True)
  (/input-8/add_3_4): BoundAdd(name=/input-8/add_3_4, inputs=[/input-8/conv_3_relu, /input-8/conv_4], perturbed=True)
  (/input-20/conv_1): BoundConv(name=/input-20/conv_1, inputs=[/73, /input-20/conv_1_w], perturbed=True)
  (/input-20/conv_1_relu): BoundRelu(name=/input-20/conv_1_relu, inputs=[/input-20/conv_1], perturbed=True)
  (/input-20/conv_1_w): BoundParams(name=/input-20/conv_1_w, inputs=[], perturbed=False)
  (/input-20/conv_2): BoundConv(name=/input-20/conv_2, inputs=[/73, /input-20/conv_2_w], perturbed=True)
  (/input-20/conv_2_w): BoundParams(name=/input-20/conv_2_w, inputs=[], perturbed=False)
  (/input-20/conv_3): BoundConv(name=/input-20/conv_3, inputs=[/input-20/add_1_2, /input-20/conv_3_w], perturbed=True)
  (/input-20/conv_3_relu): BoundRelu(name=/input-20/conv_3_relu, inputs=[/input-20/conv_3], perturbed=True)
  (/input-20/conv_3_w): BoundParams(name=/input-20/conv_3_w, inputs=[], perturbed=False)
  (/input-20/conv_4): BoundConv(name=/input-20/conv_4, inputs=[/input-20/add_1_2, /input-20/conv_4_w], perturbed=True)
  (/input-20/conv_4_w): BoundParams(name=/input-20/conv_4_w, inputs=[], perturbed=False)
  (/input-20/add_1_2): BoundAdd(name=/input-20/add_1_2, inputs=[/input-20/conv_1_relu, /input-20/conv_2], perturbed=True)
  (/input-20/add_3_4): BoundAdd(name=/input-20/add_3_4, inputs=[/input-20/conv_3_relu, /input-20/conv_4], perturbed=True)
  (/input-36/conv_1): BoundConv(name=/input-36/conv_1, inputs=[/80, /input-36/conv_1_w], perturbed=True)
  (/input-36/conv_1_relu): BoundRelu(name=/input-36/conv_1_relu, inputs=[/input-36/conv_1], perturbed=True)
  (/input-36/conv_1_w): BoundParams(name=/input-36/conv_1_w, inputs=[], perturbed=False)
  (/input-36/conv_2): BoundConv(name=/input-36/conv_2, inputs=[/80, /input-36/conv_2_w], perturbed=True)
  (/input-36/conv_2_w): BoundParams(name=/input-36/conv_2_w, inputs=[], perturbed=False)
  (/input-36/conv_3): BoundConv(name=/input-36/conv_3, inputs=[/input-36/add_1_2, /input-36/conv_3_w], perturbed=True)
  (/input-36/conv_3_relu): BoundRelu(name=/input-36/conv_3_relu, inputs=[/input-36/conv_3], perturbed=True)
  (/input-36/conv_3_w): BoundParams(name=/input-36/conv_3_w, inputs=[], perturbed=False)
  (/input-36/conv_4): BoundConv(name=/input-36/conv_4, inputs=[/input-36/add_1_2, /input-36/conv_4_w], perturbed=True)
  (/input-36/conv_4_w): BoundParams(name=/input-36/conv_4_w, inputs=[], perturbed=False)
  (/input-36/add_1_2): BoundAdd(name=/input-36/add_1_2, inputs=[/input-36/conv_1_relu, /input-36/conv_2], perturbed=True)
  (/input-36/add_3_4): BoundAdd(name=/input-36/add_3_4, inputs=[/input-36/conv_3_relu, /input-36/conv_4], perturbed=True)
  (/input-52/conv_1): BoundConv(name=/input-52/conv_1, inputs=[/87, /input-52/conv_1_w], perturbed=True)
  (/input-52/conv_1_relu): BoundRelu(name=/input-52/conv_1_relu, inputs=[/input-52/conv_1], perturbed=True)
  (/input-52/conv_1_w): BoundParams(name=/input-52/conv_1_w, inputs=[], perturbed=False)
  (/input-52/conv_2): BoundConv(name=/input-52/conv_2, inputs=[/87, /input-52/conv_2_w], perturbed=True)
  (/input-52/conv_2_w): BoundParams(name=/input-52/conv_2_w, inputs=[], perturbed=False)
  (/input-52/conv_3): BoundConv(name=/input-52/conv_3, inputs=[/input-52/add_1_2, /input-52/conv_3_w], perturbed=True)
  (/input-52/conv_3_relu): BoundRelu(name=/input-52/conv_3_relu, inputs=[/input-52/conv_3], perturbed=True)
  (/input-52/conv_3_w): BoundParams(name=/input-52/conv_3_w, inputs=[], perturbed=False)
  (/input-52/conv_4): BoundConv(name=/input-52/conv_4, inputs=[/input-52/add_1_2, /input-52/conv_4_w], perturbed=True)
  (/input-52/conv_4_w): BoundParams(name=/input-52/conv_4_w, inputs=[], perturbed=False)
  (/input-52/add_1_2): BoundAdd(name=/input-52/add_1_2, inputs=[/input-52/conv_1_relu, /input-52/conv_2], perturbed=True)
  (/input-52/add_3_4): BoundAdd(name=/input-52/add_3_4, inputs=[/input-52/conv_3_relu, /input-52/conv_4], perturbed=True)
  (/95/conv_1): BoundConv(name=/95/conv_1, inputs=[/94, /95/conv_1_w], perturbed=True)
  (/95/conv_1_relu): BoundRelu(name=/95/conv_1_relu, inputs=[/95/conv_1], perturbed=True)
  (/95/conv_1_w): BoundParams(name=/95/conv_1_w, inputs=[], perturbed=False)
  (/95/conv_2): BoundConv(name=/95/conv_2, inputs=[/94, /95/conv_2_w], perturbed=True)
  (/95/conv_2_w): BoundParams(name=/95/conv_2_w, inputs=[], perturbed=False)
  (/95/conv_3): BoundConv(name=/95/conv_3, inputs=[/95/add_1_2, /95/conv_3_w], perturbed=True)
  (/95/conv_3_relu): BoundRelu(name=/95/conv_3_relu, inputs=[/95/conv_3], perturbed=True)
  (/95/conv_3_w): BoundParams(name=/95/conv_3_w, inputs=[], perturbed=False)
  (/95/conv_4): BoundConv(name=/95/conv_4, inputs=[/95/add_1_2, /95/conv_4_w], perturbed=True)
  (/95/conv_4_w): BoundParams(name=/95/conv_4_w, inputs=[], perturbed=False)
  (/95/add_1_2): BoundAdd(name=/95/add_1_2, inputs=[/95/conv_1_relu, /95/conv_2], perturbed=True)
  (/95/add_3_4): BoundAdd(name=/95/add_3_4, inputs=[/95/conv_3_relu, /95/conv_4], perturbed=True)
)
Model prediction is: tensor([ 6.15508139e-01,  2.60938811e+00, -5.34326136e-01, -7.72018790e-01,
        -8.86855483e-01,  8.06697249e-01,  2.86759824e-01, -1.45188391e+00,
        -1.13544822e+00, -4.81046736e-01,  7.61094987e-01,  1.38279843e+00,
         7.83645093e-01,  3.88173729e-01,  8.68815482e-01,  1.11864841e+00,
         2.80712426e-01, -1.03557909e+00, -1.05052233e-01,  4.20053214e-01,
        -1.05319120e-01,  1.22818244e+00,  7.92437315e-01, -3.49502355e-01,
         7.36697733e-01,  2.67844498e-01,  2.53293252e+00,  1.35632324e+00,
        -7.97599331e-02,  1.35946250e+00, -8.52422774e-01,  1.92750013e+00,
         5.82750678e-01, -4.27284300e-01, -8.86631787e-01, -1.81440875e-01,
         1.10102057e+00, -9.05870616e-01,  2.03741813e+00, -6.83556423e-02,
         2.20901012e+00,  7.55216062e-01,  1.16103661e+00,  4.90480959e-01,
         1.53496265e+00,  5.23080111e-01,  1.98689592e+00,  1.07773697e+00,
        -7.16526926e-01, -1.09428972e-01,  2.42321506e-01, -1.71343613e+00,
         1.58794487e+00,  1.59926927e+00,  1.04974926e-01,  5.22659004e-01,
         1.04706669e+00, -6.33331835e-01,  1.48318076e+00,  9.86243308e-01,
         1.07703733e+00,  3.30531925e-01,  2.18549207e-01,  1.32056117e+00,
         1.34895957e+00,  1.23590529e-01,  2.53481150e-01, -2.78037608e-01,
        -2.06807330e-01, -2.44469613e-01,  2.24259591e+00,  1.75470757e+00,
         1.56317055e+00,  2.85159826e+00,  2.10906577e+00,  3.17239881e+00,
         1.66371000e+00,  3.67407990e+00,  3.77313685e+00,  3.09279585e+00,
         9.04269814e-01, -6.46287262e-01,  3.36270511e-01,  7.00261891e-02,
        -4.78711188e-01,  1.67606890e-01, -1.89649910e-01,  7.38837779e-01,
         7.95845270e-01, -4.56786275e-01,  3.26438487e-01, -1.38168454e-01,
         1.79213238e+00,  5.06129622e-01,  1.15446544e+00,  2.06833139e-01,
         1.58299518e+00, -7.35449791e-01,  1.56125888e-01, -8.08134437e-01,
         6.98411837e-04, -1.54509544e+00, -1.86021030e+00,  6.98858202e-01,
        -7.95626521e-01, -1.81920087e+00, -1.12693906e+00, -4.98668343e-01,
        -7.89008081e-01, -1.23546839e+00,  5.69107652e-01,  3.34296703e+00,
         4.71829146e-01,  1.16549504e+00,  1.48567855e+00, -2.32635692e-01,
        -1.11373231e-01,  2.79020429e-01,  1.88697204e-02,  1.75441056e-01,
         3.84168297e-01, -7.77608395e-01, -9.74374115e-01, -1.41554737e+00,
        -3.66789997e-01, -3.56509238e-01,  2.37805152e+00,  2.59127989e-02,
         1.21782625e+00,  4.61891353e-01, -2.15241864e-01, -6.87279344e-01,
         3.10979992e-01,  2.80336410e-01, -2.86698699e-01, -3.16826761e-01,
        -7.10406780e-01, -5.79361804e-02,  8.80453646e-01, -6.75332487e-01,
        -1.27890968e+00,  5.58031797e-01, -4.50249285e-01, -5.36323845e-01,
        -6.56437457e-01, -3.46262664e-01, -4.30803746e-01,  3.19776446e-01,
        -7.41272092e-01,  3.18300873e-02, -1.39850223e+00,  8.07270885e-01,
        -5.55475235e-01,  7.85191774e-01,  5.28716862e-01,  3.42266373e-02,
        -3.38503122e-01,  5.05134106e-01, -4.95286882e-01, -7.27859974e-01,
        -8.67426872e-01, -2.52030790e-01,  5.09188354e-01, -4.93818611e-01,
        -7.60992348e-01, -4.88414258e-01, -5.13793886e-01, -5.85401177e-01,
        -5.33056855e-02, -1.31667197e-01, -4.88954276e-01, -5.22823095e-01,
        -1.32884693e+00, -1.14028290e-01, -9.00289774e-01, -6.17935240e-01,
        -1.05478096e+00, -4.80354697e-01, -2.01375887e-01, -1.15752137e+00,
        -1.50503838e+00, -2.47028515e-01,  4.87291455e-01, -6.19443774e-01,
        -4.87313196e-02, -7.17604607e-02,  1.30614117e-01,  8.86794329e-01,
        -2.69528389e-01, -4.00729716e-01, -1.75113440e-01,  6.01176620e-01,
        -4.03234035e-01, -1.02393188e-01, -4.22548920e-01,  7.25747228e-01,
        -1.27745792e-02, -9.88354146e-01, -9.28397775e-01,  3.89271587e-01,
        -1.63150355e-01, -3.82692516e-01, -2.42633581e-01,  4.23824340e-01,
        -1.07681327e-01, -1.03405809e+00, -9.72112775e-01, -5.48960507e-01,
        -1.01199198e+00, -6.34235203e-01, -1.53702581e+00, -1.90784782e-01,
        -1.75362185e-01, -5.23464739e-01, -1.69181794e-01, -4.44764972e-01,
        -1.04386851e-01, -2.69309431e-01, -6.06167018e-01, -6.53154016e-01,
        -8.79106879e-01, -3.67365181e-01, -4.26200956e-01, -1.07825167e-01,
        -4.82718796e-01, -9.54379439e-01, -1.10898530e+00, -1.10857129e+00,
        -9.53574717e-01,  7.17445552e-01, -2.67407387e-01, -1.44360498e-01,
        -1.26191425e+00, -8.36569488e-01, -2.40067482e-01, -8.58801007e-02,
        -4.89319742e-01,  2.45876834e-02, -8.53273869e-01, -4.91512269e-02,
        -5.28646648e-01, -5.50060928e-01,  2.04915144e-02, -1.42621946e+00,
        -9.60586846e-01, -1.93419605e-01, -1.31677365e+00, -4.86355126e-01,
        -4.59990293e-01, -3.90830338e-01, -5.44142723e-01, -1.42095399e+00,
         4.82103199e-01, -4.13391113e-01,  7.25879908e-01, -1.43723595e+00,
        -1.19344223e+00,  3.08464244e-02,  2.20003247e-01,  1.19309700e+00,
         4.87366736e-01, -3.03288132e-01, -6.45075738e-01, -4.79625195e-01,
        -6.85087323e-01,  5.93906641e-01, -3.61327678e-01, -8.35068941e-01,
        -1.43947875e+00,  4.49585378e-01,  5.20647287e-01,  3.07362705e-01,
         7.59510159e-01,  6.50734603e-01, -1.73185050e-01,  2.62054831e-01,
        -8.25414881e-02,  3.95394355e-01, -2.25307748e-01,  9.58331943e-01,
         3.18932325e-01,  1.24809134e+00,  1.70932651e+00,  2.34111881e+00,
         1.50829887e+00,  3.84910226e-01, -7.81155825e-01,  3.12520862e-02,
        -8.08193088e-02, -5.97329021e-01, -8.12949896e-01, -5.50573468e-01,
        -7.37443864e-01,  4.57627684e-01, -1.18421853e+00, -9.84118581e-01,
        -2.71473110e-01, -5.85357368e-01, -1.38869435e-01,  3.21188331e-01,
         3.45547825e-01,  2.65510464e+00,  1.86016798e+00,  1.81783152e+00,
         1.42140222e+00, -4.72984284e-01,  9.70781147e-01,  2.55684471e+00,
         2.56629872e+00,  9.03847873e-01,  2.46477365e+00,  2.21710253e+00,
         1.52889299e+00,  2.23237777e+00,  2.89697242e+00,  2.07731080e+00,
         2.01850843e+00,  1.37337756e+00,  3.65125799e+00,  2.54437280e+00,
         2.29750228e+00, -7.83411145e-01, -3.47015530e-01, -3.95978659e-01,
        -8.59643459e-01, -7.19840944e-01, -8.78161490e-01,  2.23412126e-01,
        -1.51305759e+00, -8.28868926e-01, -4.30956334e-02,  5.67005336e-01,
         2.03598833e+00,  2.90962666e-01, -6.96293652e-01,  4.19853926e-02,
        -1.47526288e+00, -2.29824573e-01, -7.35365927e-01, -2.13008952e+00,
        -1.59351575e+00, -1.36996233e+00, -1.68547130e+00, -1.61810541e+00,
        -1.04459953e+00, -1.65575528e+00, -1.80010843e+00, -9.93713140e-01,
        -2.57822108e+00, -1.68319583e+00, -1.43365645e+00, -6.93444431e-01,
        -8.91755700e-01, -6.89552963e-01, -1.46077406e+00, -1.88592315e+00,
         2.48596102e-01,  1.79596409e-01,  5.02690554e-01,  5.33382773e-01,
        -6.59850061e-01,  1.52234867e-01,  1.18444756e-01, -2.51565486e-01,
        -1.09401453e+00,  3.39916766e-01, -5.04323661e-01,  4.76778597e-02,
         3.24173182e-01, -5.95516682e-01,  3.91722351e-01, -4.13930178e-01,
        -2.48063058e-01, -1.83430970e-01,  1.44742116e-01, -7.09630072e-01,
        -1.79291844e-01,  1.09007382e+00,  1.65392697e-01, -4.42966640e-01,
         1.18856120e+00, -1.66974962e-04,  8.55176210e-01,  7.10510164e-02,
        -5.12855388e-02, -7.43086815e-01, -1.16008067e+00, -6.81170046e-01,
        -1.73999512e+00,  8.04940701e-01, -3.84560138e-01,  5.52083373e-01,
         1.51626766e-01, -1.90715516e+00, -6.68133020e-01,  1.38102043e+00,
        -1.31129754e+00, -5.61006069e-01, -3.89692217e-01,  2.62168169e-01,
        -1.01814342e+00, -1.05827105e+00,  1.16275229e-01, -9.33934629e-01,
        -6.73443735e-01,  1.03424382e+00, -1.26629531e+00, -7.48187244e-01,
        -2.48470402e+00,  1.88357592e+00, -5.29483676e-01,  1.02845323e+00,
        -1.07035942e-01,  4.86368358e-01,  4.34005857e-01, -2.30514240e+00,
         1.00373197e+00,  5.14231443e-01,  2.81010723e+00,  1.95439696e+00,
         2.48716459e-01, -3.44209671e-01, -2.27415130e-01, -1.19810390e+00,
        -1.54407692e+00, -7.60331869e-01,  7.56836474e-01, -5.79453290e-01,
        -9.24983501e-01,  2.23284408e-01, -3.75458419e-01, -3.93437952e-01,
         5.91524601e-01,  1.46920711e-01,  9.71452177e-01,  1.19158375e+00,
        -1.27097678e+00, -5.27961195e-01,  1.30804586e+00,  7.86732882e-02,
        -8.90522599e-02,  1.55260062e+00, -6.72234714e-01,  1.79864967e+00,
        -1.52591836e+00, -5.10369539e-01,  2.61442351e+00, -9.78308797e-01,
        -1.01514959e+00, -1.60201025e+00, -1.17735398e+00,  9.22505379e-01,
         3.74514788e-01, -5.61385691e-01, -2.13278747e+00,  9.30463374e-02,
        -5.68695366e-02,  1.02183223e+00, -7.94044256e-01,  2.45209306e-01,
        -1.53105569e+00,  2.72893280e-01,  1.94909799e+00, -2.46450245e-01,
         8.15694511e-01,  5.88490844e-01, -1.32665062e+00, -2.46245337e+00,
        -5.46988964e-01,  9.29620802e-01,  1.76896632e+00, -1.13971686e+00,
        -1.49374354e+00,  5.42293787e-01, -9.60999250e-01,  1.37007937e-01,
        -1.64565563e+00, -1.22454381e+00, -5.39096117e-01, -1.66824317e+00,
         1.34020281e+00,  3.77170593e-01, -1.74556196e-01, -1.46961057e+00,
        -1.43476045e+00,  4.93579119e-01, -1.16897598e-01,  1.82988179e+00,
         1.03369333e-01,  3.20770621e-01,  1.21779084e+00, -7.57955909e-01,
         5.40771708e-02,  2.99693167e-01,  8.32060575e-01, -5.30677557e-01,
         4.82625306e-01, -2.22756252e-01, -1.48584509e+00,  2.01082587e+00,
        -2.16589808e+00, -2.98191398e-01, -1.32952511e+00,  5.94465613e-01,
         6.60629094e-01,  2.12530047e-01, -1.10815954e+00,  9.69228864e-01,
         2.58834064e-01, -2.80024934e+00, -1.12493730e+00, -1.64551485e+00,
         4.74070221e-01, -7.46557713e-01, -6.90889001e-01, -4.33478504e-01,
        -1.35818458e+00,  6.32077575e-01, -4.93017703e-01, -9.42621231e-01,
        -4.62519646e-01, -5.65816090e-03, -1.21637642e+00, -8.97527695e-01,
        -7.10939318e-02, -1.21428835e+00, -3.95507425e-01, -1.12806708e-01,
        -8.83776248e-01, -5.95722616e-01,  1.24824405e+00,  1.76578373e-01,
        -2.03227758e-01, -3.82439457e-02,  1.45237184e+00, -1.99246573e+00,
        -1.87804520e+00, -1.03091216e+00, -4.27233994e-01,  1.26096511e+00,
         4.08008039e-01, -8.24797451e-01,  1.41928279e+00, -8.08850050e-01,
        -8.60239565e-01,  5.66775918e-01, -5.44463456e-01, -2.70877051e+00,
        -1.07793480e-01,  2.78425288e+00, -1.53585851e+00, -3.92623097e-01,
         1.36440778e+00,  7.72954345e-01,  8.09586942e-01, -9.99705136e-01,
         4.91693974e+00,  5.14596879e-01,  7.98760116e-01, -1.69314027e-01,
        -1.39308941e+00, -1.09502411e+00,  1.31619155e+00,  1.52104580e+00,
        -8.45871449e-01, -9.78296340e-01, -1.13488841e+00,  2.91992813e-01,
        -2.88023651e-01, -2.56559634e+00, -2.89319843e-01, -1.42538273e+00,
         1.05569899e+00, -1.73689282e+00,  5.17031789e-01, -1.73951244e+00,
        -2.07242918e+00,  1.09619594e+00,  4.04863656e-02, -6.92353547e-01,
        -6.31373644e-01, -1.32713962e+00, -2.70468712e+00, -5.55648386e-01,
         1.85427701e+00,  6.02472365e-01, -1.08340132e+00,  1.74550045e+00,
         1.31161010e+00, -1.14177391e-01,  1.40608072e-01,  4.00517607e+00,
         1.36450222e-02,  8.40564668e-02, -2.84083545e-01, -1.15802515e+00,
         1.84205449e+00,  5.96444130e-01,  2.04069421e-01,  2.74077773e+00,
         1.69215930e+00,  4.35843498e-01,  4.46262091e-01, -2.22910833e+00,
         1.69340539e+00,  1.35241938e+00,  1.38928905e-01, -4.60082918e-01,
         1.11384845e+00, -1.60424936e+00,  1.12776697e+00, -4.78037149e-02,
        -1.79417777e+00, -5.99608064e-01, -2.05092549e-01,  1.95304692e-01,
         2.07221651e+00,  1.15255132e-01,  2.67614770e+00,  2.63433313e+00,
         1.37249053e+00, -7.31413186e-01,  1.19537592e+00,  2.55153060e+00,
        -1.57675493e+00, -1.48009586e+00,  1.91503453e+00, -4.68176126e-01,
        -1.78207278e+00,  1.48068726e+00, -4.15442020e-01,  5.78003645e-01,
         2.65531468e+00,  9.83106852e-01, -2.71121836e+00,  1.06405288e-01,
         1.48864841e+00, -9.82976615e-01, -5.14528036e-01, -7.72172570e-01,
        -1.57916725e+00,  7.75378823e-01, -1.52017295e+00,  1.13339908e-02,
         2.72260833e+00, -1.89882576e+00, -8.84673238e-01,  5.65044761e-01,
         1.07090461e+00, -1.65063703e+00,  2.00585175e+00,  2.58599687e+00,
        -1.31262243e+00, -1.99365899e-01, -1.49148226e+00,  6.65217519e-01,
        -1.31769788e+00,  1.77323306e+00, -1.16833203e-01,  7.48944879e-01,
        -1.06088591e+00, -2.51631212e+00,  7.71765351e-01, -1.12606609e+00,
         1.67446387e+00, -1.43537092e+00,  5.00247955e-01, -4.43397462e-01,
        -9.20398235e-01,  2.55405593e+00, -9.53826606e-01, -1.35428917e+00,
        -8.47136855e-01,  7.05176115e-01,  2.67360687e-01, -1.46827292e+00,
        -7.39862144e-01,  2.01411748e+00, -3.58188272e-01,  6.44763052e-01,
         1.16500342e+00,  8.97371292e-01, -6.44529104e-01,  9.96783257e-01,
        -3.13606471e-01,  2.40369752e-01, -1.84221685e-01, -2.81166530e+00,
         1.43375123e+00,  1.15863934e-01, -3.44094872e+00, -1.87948704e-01,
         1.21059072e+00,  6.23780787e-01, -1.59210694e+00,  3.35764796e-01,
         1.25338817e+00, -6.97132587e-01, -1.31774902e+00,  7.19567835e-02,
         2.29460549e+00,  1.32492280e+00, -2.32041121e-01, -2.13848257e+00,
         2.32670829e-01, -1.96173251e+00, -1.75391078e+00, -1.09070182e-01,
        -1.43958539e-01,  1.28014171e+00,  1.58768803e-01,  1.00103056e+00,
         1.20436776e+00,  2.72933953e-03,  7.34232366e-01, -4.31397200e-01,
        -1.03422558e+00, -2.44779682e+00, -4.04726475e-01, -1.28997803e-01,
         4.09102350e-01,  1.10335672e+00,  1.69486427e+00, -2.22665519e-01,
        -1.95734632e+00,  1.09918118e+00, -7.84007609e-01, -1.99144840e-01,
         5.42705595e-01, -1.04003155e+00, -1.59509003e+00,  1.90993071e+00,
        -5.02428889e-01,  1.05383945e+00, -1.63681877e+00,  2.44666979e-01,
        -3.60374868e-01,  2.05371454e-01,  3.89663458e-01, -1.99263000e+00,
        -6.28403723e-01,  1.51274002e+00, -1.31503141e+00, -9.54600751e-01,
         1.94943702e+00,  3.00911665e-02,  1.16043329e+00,  2.17132151e-01,
         1.60311997e+00,  1.67377639e+00,  3.91881049e-01, -8.71520996e-01,
         9.34181929e-01,  1.83737719e+00,  6.60480738e-01, -1.18108320e+00,
        -2.76049972e-01, -1.57299566e+00, -2.77146727e-01, -1.98034570e-04,
         1.52782691e+00,  1.55458570e+00, -1.83778393e+00,  1.06804931e+00,
         1.14807880e+00, -2.93120712e-01,  2.15755105e-01,  1.08573985e+00,
        -1.09001279e+00,  1.16644502e+00, -1.32960033e+00,  9.57290232e-01,
         1.49831271e+00,  8.16044152e-01, -8.36899161e-01, -2.40904391e-01,
         5.63509881e-01,  1.75914109e+00, -1.56206205e-01, -1.15523326e+00,
        -8.64265323e-01, -3.07253510e-01,  1.93172848e+00,  1.66484523e+00,
         2.46076655e+00, -4.89342898e-01, -1.08972466e+00,  6.95864320e-01,
        -2.36467147e+00,  2.06558371e+00, -8.04295540e-01, -4.89849418e-01,
         9.18467045e-01,  4.70587909e-01,  3.72124481e+00,  3.46396923e-01,
         4.52307403e-01, -3.00056398e-01,  7.11089730e-01,  1.22423017e+00,
        -1.42029190e+00, -1.19639266e+00, -4.10638571e-01,  3.15369546e-01,
         1.00949025e+00, -3.96876723e-01, -4.70390141e-01, -1.70430720e-01,
        -1.29303432e+00,  7.91026711e-01, -2.12431327e-03,  1.09459853e+00,
         1.09897196e+00,  1.55957353e+00, -5.68711042e-01,  1.63718522e+00,
         1.34950519e+00, -1.15837777e+00,  1.67329931e+00,  1.17753670e-01,
        -1.71204460e+00, -1.41630709e+00, -2.57582545e-01, -6.10350668e-01,
         3.77462745e-01, -1.66952431e+00,  7.20791459e-01,  9.22762454e-02,
         3.11885214e+00, -2.08512664e+00, -1.07297909e+00,  1.35624602e-01,
        -1.45897067e+00, -1.10566509e+00,  6.43474817e-01, -2.15747428e+00,
        -1.32663846e-01, -1.92125827e-01,  3.22931074e-02, -8.16583693e-01,
         1.35001457e+00, -7.95701325e-01, -2.86948383e-01, -8.16659987e-01,
         2.32662535e+00,  2.03652906e+00,  1.59510231e+00, -1.10293281e+00,
         1.46166220e-01, -1.16013527e-01,  6.80189207e-03,  2.66355705e+00,
         1.53136551e+00, -2.23790288e+00,  6.13757968e-01,  2.08819366e+00,
        -3.08750081e+00, -8.47686231e-01, -1.01105464e+00, -7.58766115e-01,
        -1.74168289e+00,  1.01979375e+00,  7.46462405e-01, -1.72563946e+00,
        -1.16869938e+00, -2.60570836e+00, -1.85510564e+00, -7.88810968e-01,
         1.21881378e+00, -7.53552496e-01, -1.20148206e+00, -5.36900043e-01,
         7.28396833e-01, -1.09728301e+00, -2.60933733e+00, -2.04599034e-02,
         1.21031046e+00, -1.88356265e-02, -1.71311307e+00,  4.06365514e-01,
        -5.55602312e-01, -7.86562443e-01,  6.86978519e-01,  1.35306537e+00,
        -1.92089349e-01,  3.00496531e+00, -5.56385100e-01, -2.81123430e-01,
        -1.25634968e+00,  2.21762955e-02, -7.73429513e-01, -5.20111918e-01,
         3.20922565e+00,  1.15593302e+00,  1.26886332e+00, -3.55619639e-01,
         1.04659855e+00,  1.27338326e+00,  6.14536941e-01,  4.58473951e-01,
        -5.34510791e-01,  1.11494809e-01,  1.00939369e+00,  7.46946633e-01,
         6.13672781e+00,  2.23941660e+00,  1.62968147e+00, -7.46067986e-02,
         1.56653017e-01,  8.89856756e-01,  1.37554324e+00,  2.41789532e+00,
        -1.46588612e+00, -1.55801988e+00, -6.68448567e-01, -2.00823402e+00,
         4.05857980e-01, -7.73729801e-01, -1.73033506e-01, -4.18440342e-01,
         5.96361518e-01,  1.76910126e+00, -1.34922221e-01, -1.64655536e-01,
        -1.94608462e+00,  2.52750206e+00, -7.13475794e-03, -9.46531236e-01,
        -7.26504266e-01,  1.90913990e-01, -3.38504553e-01, -9.18071151e-01,
        -5.85709095e-01, -1.46935260e+00, -8.26438546e-01, -1.51404113e-01,
        -1.12138832e+00, -1.37235856e+00, -5.19838274e-01, -1.05275929e-01,
        -2.69437209e-02,  2.64186300e-02,  5.86719155e-01, -1.15033146e-03,
        -2.54624915e+00,  1.03007786e-01, -1.19041955e+00, -8.00779402e-01,
         1.92368948e+00,  1.58145285e+00,  9.80001390e-01,  3.29580247e-01,
         7.66624868e-01,  4.25192595e-01,  2.55076766e-01, -1.00966191e+00,
        -8.52201641e-01,  5.75200438e-01, -1.25232184e+00, -1.03755569e+00,
        -9.74274874e-01, -6.92897379e-01, -8.71327519e-01, -7.67226875e-01,
        -6.52971506e-01, -1.24806249e+00,  1.54679966e+00,  6.32989705e-02,
         8.43436897e-01,  3.47761720e-01, -1.42793560e+00,  1.98927426e+00,
        -8.49625766e-01, -9.87339497e-01,  1.80645895e+00, -2.34536082e-01,
        -1.09001780e+00,  2.51729727e-01, -1.82593793e-01, -1.88012671e+00,
         1.34460437e+00,  1.01322472e-01, -4.56630468e-01, -8.76584709e-01,
        -5.02625585e-01,  3.91034722e-01, -5.59493959e-01,  4.68694031e-01,
         3.19081247e-02,  1.44295812e+00, -7.14276075e-01, -1.21411395e+00,
        -9.89762068e-01, -2.14256549e+00, -1.28355193e+00, -1.05516613e+00,
        -1.13572896e+00, -1.79808307e+00,  6.79978669e-01,  9.16900635e-01],
       device='cuda:0')
Clean RHS: tensor([[0.29453376]], device='cuda:0')
Split layers:
Nonlinear functions:
   BoundRelu(name=/66, inputs=[/input], perturbed=True)
   BoundRelu(name=/68, inputs=[/input-4], perturbed=True)
   BoundRelu(name=/71, inputs=[/input-12], perturbed=True)
   BoundRelu(name=/73, inputs=[/input-16], perturbed=True)
   BoundRelu(name=/76, inputs=[/input-24], perturbed=True)
   BoundRelu(name=/78, inputs=[/input-28], perturbed=True)
   BoundRelu(name=/80, inputs=[/input-32], perturbed=True)
   BoundRelu(name=/83, inputs=[/input-40], perturbed=True)
   BoundRelu(name=/85, inputs=[/input-44], perturbed=True)
   BoundRelu(name=/87, inputs=[/input-48], perturbed=True)
   BoundRelu(name=/90, inputs=[/input-56], perturbed=True)
   BoundRelu(name=/92, inputs=[/input-60], perturbed=True)
   BoundRelu(name=/94, inputs=[/input-64], perturbed=True)
   BoundRelu(name=/98, inputs=[/input-68], perturbed=True)
   BoundRelu(name=/101, inputs=[/input-72], perturbed=True)
   BoundRelu(name=/input-8/conv_1_relu, inputs=[/input-8/conv_1], perturbed=True)
   BoundRelu(name=/input-8/conv_3_relu, inputs=[/input-8/conv_3], perturbed=True)
   BoundRelu(name=/input-20/conv_1_relu, inputs=[/input-20/conv_1], perturbed=True)
   BoundRelu(name=/input-20/conv_3_relu, inputs=[/input-20/conv_3], perturbed=True)
   BoundRelu(name=/input-36/conv_1_relu, inputs=[/input-36/conv_1], perturbed=True)
   BoundRelu(name=/input-36/conv_3_relu, inputs=[/input-36/conv_3], perturbed=True)
   BoundRelu(name=/input-52/conv_1_relu, inputs=[/input-52/conv_1], perturbed=True)
   BoundRelu(name=/input-52/conv_3_relu, inputs=[/input-52/conv_3], perturbed=True)
   BoundRelu(name=/95/conv_1_relu, inputs=[/95/conv_1], perturbed=True)
   BoundRelu(name=/95/conv_3_relu, inputs=[/95/conv_3], perturbed=True)
Batched CROWN: node BoundConv(name=/input-4, inputs=[/66, /35, /36], perturbed=True), unstable size 72555
Batched CROWN: node BoundConv(name=/input-8/conv_1, inputs=[/68, /input-8/conv_1_w], perturbed=True), unstable size 68984
Batched CROWN: node BoundConv(name=/input-8/conv_3, inputs=[/input-8/add_1_2, /input-8/conv_3_w], perturbed=True), unstable size 33907
Batched CROWN: node BoundConv(name=/input-12, inputs=[/input-8/add_3_4, /37, /38], perturbed=True), unstable size 647457
Batched CROWN: node BoundConv(name=/input-16, inputs=[/71, /39, /40], perturbed=True), unstable size 1585810
Batched CROWN: node BoundConv(name=/input-20/conv_1, inputs=[/73, /input-20/conv_1_w], perturbed=True), unstable size 24536
Batched CROWN: node BoundConv(name=/input-20/conv_3, inputs=[/input-20/add_1_2, /input-20/conv_3_w], perturbed=True), unstable size 14752
Batched CROWN: node BoundConv(name=/input-24, inputs=[/input-20/add_3_4, /41, /42], perturbed=True), unstable size 392610
Batched CROWN: node BoundConv(name=/input-28, inputs=[/76, /43, /44], perturbed=True), unstable size 800490
Batched CROWN: node BoundConv(name=/input-32, inputs=[/78, /45, /46], perturbed=True), unstable size 234138
Batched CROWN: node BoundConv(name=/input-36/conv_1, inputs=[/80, /input-36/conv_1_w], perturbed=True), unstable size 38888
Batched CROWN: node BoundConv(name=/input-36/conv_3, inputs=[/input-36/add_1_2, /input-36/conv_3_w], perturbed=True), unstable size 23917
Batched CROWN: node BoundConv(name=/input-40, inputs=[/input-36/add_3_4, /47, /48], perturbed=True), unstable size 370954
Batched CROWN: node BoundConv(name=/input-44, inputs=[/83, /49, /50], perturbed=True), unstable size 298902
Batched CROWN: node BoundConv(name=/input-48, inputs=[/85, /51, /52], perturbed=True), unstable size 371172
Batched CROWN: node BoundConv(name=/input-52/conv_1, inputs=[/87, /input-52/conv_1_w], perturbed=True), unstable size 26579
Batched CROWN: node BoundConv(name=/input-52/conv_3, inputs=[/input-52/add_1_2, /input-52/conv_3_w], perturbed=True), unstable size 15981
Batched CROWN: node BoundConv(name=/input-56, inputs=[/input-52/add_3_4, /53, /54], perturbed=True), unstable size 100098
Batched CROWN: node BoundConv(name=/input-60, inputs=[/90, /55, /56], perturbed=True), unstable size 100352
Batched CROWN: node BoundConv(name=/input-64, inputs=[/92, /57, /58], perturbed=True), unstable size 100352
Batched CROWN: node BoundConv(name=/95/conv_1, inputs=[/94, /95/conv_1_w], perturbed=True), unstable size 50176
Batched CROWN: node BoundConv(name=/95/conv_3, inputs=[/95/add_1_2, /95/conv_3_w], perturbed=True), unstable size 25088
Batched CROWN: node BoundLinear(name=/input-68, inputs=[/96, /59, /60], perturbed=True), unstable size 4096
Batched CROWN: node BoundLinear(name=/input-72, inputs=[/99, /61, /62], perturbed=True), unstable size 4096
initial crown bounds: tensor([[-26590280.]], device='cuda:0')
Number of class (without rhs): 1 ; Worst class: (+ rhs) -26590280.0
Iteration 1
Adv attack time: 1.4705s
Batch size: 1
Current pickout batch: 1, total pickout batch: 1
Batched CROWN: node BoundConv(name=/input-4, inputs=[/66, /35, /36], perturbed=True), unstable size 72555
Batched CROWN: node BoundConv(name=/input-8/conv_1, inputs=[/68, /input-8/conv_1_w], perturbed=True), unstable size 68984
Batched CROWN: node BoundConv(name=/input-8/conv_3, inputs=[/input-8/add_1_2, /input-8/conv_3_w], perturbed=True), unstable size 33907
Batched CROWN: node BoundConv(name=/input-12, inputs=[/input-8/add_3_4, /37, /38], perturbed=True), unstable size 647457
Batched CROWN: node BoundConv(name=/input-16, inputs=[/71, /39, /40], perturbed=True), unstable size 1585809
Batched CROWN: node BoundConv(name=/input-20/conv_1, inputs=[/73, /input-20/conv_1_w], perturbed=True), unstable size 24535
Batched CROWN: node BoundConv(name=/input-20/conv_3, inputs=[/input-20/add_1_2, /input-20/conv_3_w], perturbed=True), unstable size 14752
Batched CROWN: node BoundConv(name=/input-24, inputs=[/input-20/add_3_4, /41, /42], perturbed=True), unstable size 392611
Batched CROWN: node BoundConv(name=/input-28, inputs=[/76, /43, /44], perturbed=True), unstable size 800490
Batched CROWN: node BoundConv(name=/input-32, inputs=[/78, /45, /46], perturbed=True), unstable size 234138
Batched CROWN: node BoundConv(name=/input-36/conv_1, inputs=[/80, /input-36/conv_1_w], perturbed=True), unstable size 38888
Batched CROWN: node BoundConv(name=/input-36/conv_3, inputs=[/input-36/add_1_2, /input-36/conv_3_w], perturbed=True), unstable size 23916
Batched CROWN: node BoundConv(name=/input-40, inputs=[/input-36/add_3_4, /47, /48], perturbed=True), unstable size 370954
Batched CROWN: node BoundConv(name=/input-44, inputs=[/83, /49, /50], perturbed=True), unstable size 298900
Batched CROWN: node BoundConv(name=/input-48, inputs=[/85, /51, /52], perturbed=True), unstable size 371172
Batched CROWN: node BoundConv(name=/input-52/conv_1, inputs=[/87, /input-52/conv_1_w], perturbed=True), unstable size 26579
Batched CROWN: node BoundConv(name=/input-52/conv_3, inputs=[/input-52/add_1_2, /input-52/conv_3_w], perturbed=True), unstable size 15981
Batched CROWN: node BoundConv(name=/input-56, inputs=[/input-52/add_3_4, /53, /54], perturbed=True), unstable size 100098
Batched CROWN: node BoundConv(name=/input-60, inputs=[/90, /55, /56], perturbed=True), unstable size 100352
Batched CROWN: node BoundConv(name=/input-64, inputs=[/92, /57, /58], perturbed=True), unstable size 100352
Batched CROWN: node BoundConv(name=/95/conv_1, inputs=[/94, /95/conv_1_w], perturbed=True), unstable size 50176
Batched CROWN: node BoundConv(name=/95/conv_3, inputs=[/95/add_1_2, /95/conv_3_w], perturbed=True), unstable size 25088
Batched CROWN: node BoundLinear(name=/input-68, inputs=[/96, /59, /60], perturbed=True), unstable size 4096
Batched CROWN: node BoundLinear(name=/input-72, inputs=[/99, /61, /62], perturbed=True), unstable size 4096
Worst bound: tensor([-26590266.], device='cuda:0')
Current (lb-rhs): -26590266.0
Total time: 3310.2383  pickout: 0.0003  split: 0.0010  decision: 0.0003  bounding: 3310.2346  clipping: 0.0000  add_domain: 0.0018  rest: 0.0001
Length of domains: 2
3 branch and bound domains visited
Time out!
Result: timeout
Time: 5020.826012134552
[rank 0] === Checking instance ID 773 ===
[rank 0] >>> Running ID=773 onnx=onnx/vgg16-7.onnx
Configurations:

general:
  device: cuda
  seed: 100
  conv_mode: patches
  deterministic: false
  double_fp: false
  loss_reduction_func: max
  sparse_alpha: true
  sparse_interm: true
  save_adv_example: false
  verify_onnxruntime_output: false
  eval_adv_example: false
  show_adv_example: false
  precompile_jit: false
  prepare_only: false
  complete_verifier: bab
  enable_incomplete_verification: false
  csv_name: instances.csv
  results_file: results/vggnet16_all_p_4/result_773.rank0.txt
  root_path: ../../vnncomp2023_benchmarks/benchmarks/vggnet16
  deterministic_opt: false
  graph_optimizer: 'Customized("custom_graph_optimizer", "maxpool_to_relu")'
  buffer_has_batchdim: false
  save_output: false
  output_file: out.pkl
  return_optimized_model: false
  output_additional_stats: true
  instance_id: 773
  dataset_output_dir: dataset
  min_stable_neurons_ratio_threshold: 0.0
model:
  name: null
  path: null
  onnx_path: /projects/air/dlverifier/vggnet16_all/onnx/vgg16-7.onnx
  onnx_path_prefix: ''
  cache_onnx_conversion: true
  debug_onnx: false
  onnx_quirks: null
  input_shape: null
  onnx_loader: default_onnx_and_vnnlib_loader
  onnx_optimization_flags: []
  onnx_vnnlib_joint_optimization_flags: none
  check_optimized: false
  flatten_final_output: false
  optimize_graph: null
  with_jacobian: false
data:
  start: 0
  end: 10000
  select_instance: null
  num_outputs: 1000
  mean: 0.0
  std: 1.0
  pkl_path: null
  dataset: null
  data_filter_path: null
  data_idx_file: null
specification:
  type: lp
  robustness_type: verified-acc
  norm: .inf
  epsilon: null
  epsilon_min: 0.0
  vnnlib_path: /projects/air/dlverifier/vggnet16_all/vnnlib/n02090622_borzoi_fix_mask_seg0_k50176_eps_0.0003.vnnlib
  vnnlib_path_prefix: ''
  rhs_offset: null
solver:
  batch_size: 1
  auto_enlarge_batch_size: false
  min_batch_size_ratio: 0.1
  use_float64_in_last_iteration: false
  early_stop_patience: 10
  start_save_best: 0.5
  bound_prop_method: forward+backward
  init_bound_prop_method: same
  prune_after_crown: false
  optimize_disjuncts_separately: false
  crown:
    batch_size: 16
    max_crown_size: 1000000000
    relu_option: adaptive
  alpha-crown:
    alpha: true
    lr_alpha: 0.1
    iteration: 100
    share_alphas: false
    lr_decay: 0.98
    full_conv_alpha: true
    max_coeff_mul: .inf
    matmul_share_alphas: false
    disable_optimization: []
    max_time: 1.0
  invprop:
    apply_output_constraints_to: []
    tighten_input_bounds: false
    best_of_oc_and_no_oc: false
    directly_optimize: []
    oc_lr: 0.1
    share_gammas: false
  beta-crown:
    lr_alpha: 0.01
    lr_beta: 0.05
    lr_decay: 0.98
    optimizer: adam
    iteration: 10
    beta: true
    beta_warmup: true
    enable_opt_interm_bounds: false
    all_node_split_LP: false
  forward:
    refine: false
    dynamic: true
    max_dim: 100
    reset_threshold: 1.0
  intermediate_refinement:
    enabled: false
    batch_size: 10
    opt_coeffs: false
    opt_bias: false
    lr: 0.05
    layers: [-1]
    max_domains: 1000
  multi_class:
    label_batch_size: 32
    skip_with_refined_bound: true
  mip:
    unstable_neuron_threshold: 0
    parallel_solvers: null
    solver_threads: 1
    refine_neuron_timeout: 15
    refine_neuron_time_percentage: 0.8
    early_stop: true
    adv_warmup: true
    mip_solver: gurobi
    skip_unsafe: false
    topk_filter: 1.0
    sliding_window: -1
    extra_constraint: false
    refine_neuron_timeout_increasement: 0
    timeout_neuron_percentage: 0.3
    remaining_timeout_threshold: 1
    remove_unstable_neurons: true
    lp_solver: false
bab:
  initial_max_domains: 1
  backing_up_max_domain: null
  max_domains: .inf
  decision_thresh: 0
  timeout: 1200.0
  timeout_scale: 1
  max_iterations: -1
  override_timeout: null
  get_upper_bound: false
  pruning_in_iteration: true
  pruning_in_iteration_ratio: 0.2
  sort_targets: false
  batched_domain_list: true
  optimized_interm: ''
  interm_transfer: true
  recompute_interm: false
  sort_domain_interval: -1
  vanilla_crown: false
  tree_traversal: depth_first
  cut:
    enabled: false
    cuts_path: /tmp/abcrown_cuts
    implication: false
    bab_cut: false
    lp_cut: false
    method: null
    lr: 0.01
    lr_decay: 1.0
    iteration: 100
    bab_iteration: -1
    early_stop_patience: -1
    lr_beta: 0.02
    number_cuts: 50
    topk_cuts_in_filter: 1000
    batch_size_primal: 100
    max_num: 1000000000
    patches_cut: false
    cplex_cuts: false
    cplex_cuts_wait: 0
    cplex_cuts_revpickup: true
    cut_reference_bounds: true
    fix_intermediate_bounds: false
    _tmp_cuts: null
    fixed_cuts: false
    add_implied_cuts: false
    add_input_cuts: false
    biccos:
      enabled: false
      constraint_strengthening: true
      recursively_strengthening: false
      drop_ratio: 0.5
      verified_bonus: 0.3
      max_infer_iter: 20
      heuristic: neuron_influence_score
      save_biccos_cuts: false
      multi_tree_branching:
        enabled: false
        restore_best_tree: false
        keep_n_best_domains: 1
        k_splits: 1
        iterations: 1
  branching:
    method: sb
    candidates: 3
    reduceop: min
    enable_intermediate_bound_opt: false
    branching_input_and_activation: false
    branching_input_and_activation_order: [input, relu]
    branching_input_iterations: 30
    branching_relu_iterations: 50
    gnn_path: ''
    neural_heuristic:
      model_path: ''
    rl:
      experiment: general
      eval: false
      extras: []
      logging:
        color: true
        debug: true
        file: rl-experiment.log
      pnet:
        gH: 64
        tH: 64
        nheads: 64
        nlayers: 64
        useDynamicGraph: true
        bidirectional: false
        GAT: true
      training:
        gamma: 0.99
        lr: 0.001
        batchSize: 8
        loop: 8
        totalEpochs: 10
        updatePolicyFrequency: 10
        updateTargetFrequency: 10
        buffer: buffer.pkl
        preparedBuffer: 'False'
        TestingPreparedBuffer: false
        scriptTraining: false
        policynet: policy-checkpoint.pt
        targetnet: target-checkpoint.pt
        datasetShuffle: true
        targetedData: all
        splitRatio: 0.8
        maxInstances: -1
        trainingMode: full
        reward:
          norm: null
          bonus: 10.0
          penalty: -1.0
      egreedy:
        epsilon: 0.1
        epsilonDecay: 0.1
        minEpsilon: 0.1
        ePath: epsilon.pt
        enabled: true
      expert:
        useExpertUntilEpisode: 0.1
        enabled: true
        learnToImitateExpertEpochs: 10
    nonlinear_split:
      method: shortcut
      branching_point_method: uniform
      num_branches: 2
      filter: false
      filter_beta: false
      filter_clamp: false
      filter_batch_size: 10000
      filter_iterations: 25
      relu_only: false
      loose_tanh_threshold: null
      dynamic_bbps: false
      dynamic_options: [uniform, three_left, three_right]
      branching_point_node: ''
      branching_point_db: []
    input_split:
      enable_clip_domains: false
      split_hint: null
      reorder_bab: false
      enable: true
      enhanced_bound_prop_method: alpha-crown
      enhanced_branching_method: naive
      enhanced_bound_patience: 100000000.0
      attack_patience: 100000000.0
      adv_check: 0
      split_partitions: 2
      sb_margin_weight: 1.0
      sb_sum: false
      sb_primary_spec: null
      bf_backup_thresh: -1
      bf_rhs_offset: 0
      bf_iters: 1000000000.0
      bf_batch_size: 100000
      bf_zero_crossing_score: false
      touch_zero_score: 0
      ibp_enhancement: false
      catch_assertion: false
      compare_with_old_bounds: false
      update_rhs_with_attack: false
      sb_coeff_thresh: 0.001
      sort_index: null
      sort_descending: true
      show_progress: false
      presplit_domains: null
      skip_getting_worst_domain: false
  attack:
    enabled: false
    beam_candidates: 8
    beam_depth: 7
    max_dive_fix_ratio: 0.8
    min_local_free_ratio: 0.2
    mip_start_iteration: 5
    mip_timeout: 30.0
    adv_pool_threshold: null
    refined_mip_attacker: false
    refined_batch_size: null
attack:
  pgd_order: input_bab
  pgd_steps: 100
  pgd_restarts: 30
  pgd_batch_size: 100000000
  pgd_early_stop: true
  pgd_lr_decay: 0.99
  pgd_alpha: auto
  pgd_alpha_scale: false
  pgd_loss_mode: null
  pgd_restart_when_stuck: false
  enable_mip_attack: false
  adv_saver: default_adv_saver
  adv_verifier: default_adv_verifier
  early_stop_condition: default_early_stop_condition
  adv_example_finalizer: default_adv_example_finalizer
  pgd_loss: default_pgd_loss
  cex_path: ./test_cex.txt
  attack_mode: PGD
  attack_tolerance: 0.0
  attack_func: attack_with_general_specs
  gama_lambda: 10.0
  gama_decay: 0.9
  check_clean: true
  input_split:
    pgd_steps: 100
    pgd_restarts: 30
    pgd_alpha: auto
  input_split_enhanced:
    pgd_steps: 200
    pgd_restarts: 500000
    pgd_alpha: auto
  input_split_check_adv:
    enabled: auto
    pgd_steps: 5
    pgd_restarts: 5
    pgd_alpha: auto
    max_num_domains: 10
debug:
  sanity_check: Full+Graph
  view_model: false
  lp_test: null
  rescale_vnnlib_ptb: null
  test_optimized_bounds: false
  test_optimized_bounds_after_n_iterations: 0
  print_verbose_decisions: false

Experiments at Thu Feb 19 05:58:18 2026 on d1026
Internal results will be saved to results/vggnet16_all_p_4/result_773.rank0.txt.

[ZRL] %%%%%%%%%%%%%%%%%%%%%%%%%%%%%%%%%%% idx: 0, vnnlib ID: 0 %%%%%%%%%%%%%%%%%%%%%%%%%%%%%%%%%%%
Using onnx /projects/air/dlverifier/vggnet16_all/onnx/vgg16-7.onnx
Using vnnlib /projects/air/dlverifier/vggnet16_all/vnnlib/n02090622_borzoi_fix_mask_seg0_k50176_eps_0.0003.vnnlib
150528 inputs and 1000 outputs in vnnlib
Loading cached onnx model from /projects/air/dlverifier/vggnet16_all/onnx/vgg16-7.onnx.cached
Cannot read cached onnx file. Regenerating...
Loading onnx /projects/air/dlverifier/vggnet16_all/onnx/vgg16-7.onnx with quirks {}
Finished onnx model loading in 34.8335 seconds
Number of perturbed inputs: 26634
WARNING: prioritizing attack due to too many perturbed pixels on VGG
Setting arguments.Config["attack"]["pgd_order"] to "before"
Setting bound_prop_method to crown
Attack parameters: initialization=uniform, steps=100, restarts=30, alpha=7.500499486923218e-05, initialization=uniform, GAMA=False
Model output of first 5 examples:
 tensor([[ 6.15508437e-01,  2.60938787e+00, -5.34326255e-01, -7.72019029e-01,
         -8.86855483e-01,  8.06697011e-01,  2.86759913e-01, -1.45188439e+00,
         -1.13544869e+00, -4.81047332e-01,  7.61094153e-01,  1.38279784e+00,
          7.83644736e-01,  3.88173312e-01,  8.68814826e-01,  1.11864781e+00,
          2.80711591e-01, -1.03557980e+00, -1.05052873e-01,  4.20052767e-01,
         -1.05319962e-01,  1.22818184e+00,  7.92437017e-01, -3.49502683e-01,
          7.36697197e-01,  2.67844319e-01,  2.53293228e+00,  1.35632324e+00,
         -7.97598585e-02,  1.35946262e+00, -8.52422893e-01,  1.92750025e+00,
          5.82750440e-01, -4.27284569e-01, -8.86632264e-01, -1.81441113e-01,
          1.10102046e+00, -9.05870497e-01,  2.03741813e+00, -6.83555529e-02,
          2.20901012e+00,  7.55215645e-01,  1.16103625e+00,  4.90480661e-01,
          1.53496265e+00,  5.23080111e-01,  1.98689592e+00,  1.07773662e+00,
         -7.16526747e-01, -1.09429516e-01,  2.42321059e-01, -1.71343577e+00,
          1.58794487e+00,  1.59926939e+00,  1.04974777e-01,  5.22659063e-01,
          1.04706669e+00, -6.33332253e-01,  1.48318052e+00,  9.86242950e-01,
          1.07703733e+00,  3.30532163e-01,  2.18549296e-01,  1.32056093e+00,
          1.34895933e+00,  1.23590022e-01,  2.53481030e-01, -2.78037697e-01,
         -2.06807598e-01, -2.44469702e-01,  2.24259591e+00,  1.75470746e+00,
          1.56317008e+00,  2.85159802e+00,  2.10906577e+00,  3.17239833e+00,
          1.66371012e+00,  3.67408013e+00,  3.77313685e+00,  3.09279585e+00,
          9.04269040e-01, -6.46287918e-01,  3.36269975e-01,  7.00256675e-02,
         -4.78711754e-01,  1.67606205e-01, -1.89650670e-01,  7.38837779e-01,
          7.95844913e-01, -4.56786484e-01,  3.26438189e-01, -1.38169140e-01,
          1.79213166e+00,  5.06129265e-01,  1.15446484e+00,  2.06832498e-01,
          1.58299506e+00, -7.35450089e-01,  1.56125143e-01, -8.08135211e-01,
          6.97875395e-04, -1.54509544e+00, -1.86021018e+00,  6.98857725e-01,
         -7.95626700e-01, -1.81920087e+00, -1.12693906e+00, -4.98668671e-01,
         -7.89008379e-01, -1.23546851e+00,  5.69107115e-01,  3.34296632e+00,
          4.71829027e-01,  1.16549456e+00,  1.48567843e+00, -2.32636154e-01,
         -1.11373439e-01,  2.79020339e-01,  1.88701376e-02,  1.75441101e-01,
          3.84168357e-01, -7.77608156e-01, -9.74373877e-01, -1.41554713e+00,
         -3.66790026e-01, -3.56509328e-01,  2.37805104e+00,  2.59121805e-02,
          1.21782529e+00,  4.61890519e-01, -2.15242505e-01, -6.87280297e-01,
          3.10979158e-01,  2.80335635e-01, -2.86699712e-01, -3.16827714e-01,
         -7.10407615e-01, -5.79367988e-02,  8.80452991e-01, -6.75333321e-01,
         -1.27891040e+00,  5.58030665e-01, -4.50250208e-01, -5.36324680e-01,
         -6.56437993e-01, -3.46262753e-01, -4.30804104e-01,  3.19775909e-01,
         -7.41272449e-01,  3.18299085e-02, -1.39850259e+00,  8.07271123e-01,
         -5.55475354e-01,  7.85192013e-01,  5.28717160e-01,  3.42267863e-02,
         -3.38502884e-01,  5.05134225e-01, -4.95286882e-01, -7.27859974e-01,
         -8.67426872e-01, -2.52030551e-01,  5.09188652e-01, -4.93818671e-01,
         -7.60992289e-01, -4.88414139e-01, -5.13793886e-01, -5.85401356e-01,
         -5.33054844e-02, -1.31667271e-01, -4.88954335e-01, -5.22823095e-01,
         -1.32884705e+00, -1.14028260e-01, -9.00289655e-01, -6.17935479e-01,
         -1.05478120e+00, -4.80354786e-01, -2.01375812e-01, -1.15752113e+00,
         -1.50503826e+00, -2.47028753e-01,  4.87291574e-01, -6.19443834e-01,
         -4.87312451e-02, -7.17604607e-02,  1.30614251e-01,  8.86794448e-01,
         -2.69528806e-01, -4.00729984e-01, -1.75113618e-01,  6.01176560e-01,
         -4.03233856e-01, -1.02392934e-01, -4.22549069e-01,  7.25747466e-01,
         -1.27743483e-02, -9.88353968e-01, -9.28397834e-01,  3.89271945e-01,
         -1.63150340e-01, -3.82692307e-01, -2.42633373e-01,  4.23824728e-01,
         -1.07681014e-01, -1.03405821e+00, -9.72113013e-01, -5.48960507e-01,
         -1.01199198e+00, -6.34235024e-01, -1.53702581e+00, -1.90784737e-01,
         -1.75362140e-01, -5.23464680e-01, -1.69181615e-01, -4.44764882e-01,
         -1.04386866e-01, -2.69309342e-01, -6.06167018e-01, -6.53153956e-01,
         -8.79106879e-01, -3.67365301e-01, -4.26201016e-01, -1.07824929e-01,
         -4.82718796e-01, -9.54379559e-01, -1.10898507e+00, -1.10857117e+00,
         -9.53574836e-01,  7.17445850e-01, -2.67406970e-01, -1.44360527e-01,
         -1.26191425e+00, -8.36569369e-01, -2.40067184e-01, -8.58800560e-02,
         -4.89319563e-01,  2.45879963e-02, -8.53273630e-01, -4.91510630e-02,
         -5.28646886e-01, -5.50060868e-01,  2.04915144e-02, -1.42621946e+00,
         -9.60586905e-01, -1.93419293e-01, -1.31677365e+00, -4.86355066e-01,
         -4.59990263e-01, -3.90830219e-01, -5.44142604e-01, -1.42095387e+00,
          4.82103288e-01, -4.13391113e-01,  7.25880086e-01, -1.43723595e+00,
         -1.19344234e+00,  3.08467522e-02,  2.20003515e-01,  1.19309723e+00,
          4.87366885e-01, -3.03287923e-01, -6.45075917e-01, -4.79625016e-01,
         -6.85087323e-01,  5.93906760e-01, -3.61327678e-01, -8.35069180e-01,
         -1.43947864e+00,  4.49585080e-01,  5.20647049e-01,  3.07362199e-01,
          7.59509742e-01,  6.50734127e-01, -1.73185498e-01,  2.62054443e-01,
         -8.25416744e-02,  3.95393908e-01, -2.25308239e-01,  9.58331823e-01,
          3.18931878e-01,  1.24809182e+00,  1.70932686e+00,  2.34111881e+00,
          1.50829899e+00,  3.84910226e-01, -7.81156003e-01,  3.12522650e-02,
         -8.08196962e-02, -5.97329140e-01, -8.12950253e-01, -5.50573707e-01,
         -7.37443984e-01,  4.57627237e-01, -1.18421853e+00, -9.84118760e-01,
         -2.71473289e-01, -5.85357249e-01, -1.38869703e-01,  3.21188033e-01,
          3.45547765e-01,  2.65510440e+00,  1.86016774e+00,  1.81783152e+00,
          1.42140198e+00, -4.72984314e-01,  9.70781207e-01,  2.55684423e+00,
          2.56629848e+00,  9.03847396e-01,  2.46477318e+00,  2.21710253e+00,
          1.52889299e+00,  2.23237777e+00,  2.89697289e+00,  2.07731104e+00,
          2.01850867e+00,  1.37337732e+00,  3.65125775e+00,  2.54437232e+00,
          2.29750156e+00, -7.83411384e-01, -3.47016156e-01, -3.95979136e-01,
         -8.59643817e-01, -7.19841361e-01, -8.78162146e-01,  2.23411769e-01,
         -1.51305783e+00, -8.28869283e-01, -4.30957526e-02,  5.67004621e-01,
          2.03598809e+00,  2.90962815e-01, -6.96293831e-01,  4.19850945e-02,
         -1.47526312e+00, -2.29824916e-01, -7.35365987e-01, -2.13008976e+00,
         -1.59351599e+00, -1.36996233e+00, -1.68547153e+00, -1.61810565e+00,
         -1.04459941e+00, -1.65575552e+00, -1.80010855e+00, -9.93713379e-01,
         -2.57822132e+00, -1.68319631e+00, -1.43365669e+00, -6.93444610e-01,
         -8.91756356e-01, -6.89553440e-01, -1.46077418e+00, -1.88592339e+00,
          2.48595923e-01,  1.79596245e-01,  5.02690434e-01,  5.33382833e-01,
         -6.59850478e-01,  1.52234703e-01,  1.18444502e-01, -2.51565605e-01,
         -1.09401476e+00,  3.39916945e-01, -5.04323840e-01,  4.76780236e-02,
          3.24172884e-01, -5.95516741e-01,  3.91722381e-01, -4.13930446e-01,
         -2.48063028e-01, -1.83431238e-01,  1.44741997e-01, -7.09630191e-01,
         -1.79292291e-01,  1.09007382e+00,  1.65392682e-01, -4.42966968e-01,
          1.18856096e+00, -1.67034566e-04,  8.55176210e-01,  7.10506067e-02,
         -5.12860157e-02, -7.43086815e-01, -1.16008067e+00, -6.81170285e-01,
         -1.73999512e+00,  8.04940522e-01, -3.84560347e-01,  5.52083492e-01,
          1.51626632e-01, -1.90715528e+00, -6.68133080e-01,  1.38101995e+00,
         -1.31129777e+00, -5.61006069e-01, -3.89692128e-01,  2.62168527e-01,
         -1.01814318e+00, -1.05827057e+00,  1.16275258e-01, -9.33934748e-01,
         -6.73443913e-01,  1.03424382e+00, -1.26629519e+00, -7.48186886e-01,
         -2.48470402e+00,  1.88357627e+00, -5.29483676e-01,  1.02845323e+00,
         -1.07035451e-01,  4.86368477e-01,  4.34006244e-01, -2.30514240e+00,
          1.00373197e+00,  5.14231324e-01,  2.81010723e+00,  1.95439744e+00,
          2.48716637e-01, -3.44209462e-01, -2.27415144e-01, -1.19810379e+00,
         -1.54407644e+00, -7.60331929e-01,  7.56836772e-01, -5.79453290e-01,
         -9.24983621e-01,  2.23284051e-01, -3.75458419e-01, -3.93437564e-01,
          5.91524601e-01,  1.46920681e-01,  9.71452177e-01,  1.19158447e+00,
         -1.27097654e+00, -5.27961433e-01,  1.30804574e+00,  7.86729902e-02,
         -8.90521109e-02,  1.55260086e+00, -6.72234893e-01,  1.79864979e+00,
         -1.52591860e+00, -5.10369599e-01,  2.61442351e+00, -9.78308558e-01,
         -1.01514959e+00, -1.60201037e+00, -1.17735350e+00,  9.22505617e-01,
          3.74514729e-01, -5.61385274e-01, -2.13278747e+00,  9.30466950e-02,
         -5.68697453e-02,  1.02183294e+00, -7.94044316e-01,  2.45209098e-01,
         -1.53105593e+00,  2.72893488e-01,  1.94909823e+00, -2.46450037e-01,
          8.15694928e-01,  5.88491082e-01, -1.32665026e+00, -2.46245289e+00,
         -5.46988845e-01,  9.29620802e-01,  1.76896632e+00, -1.13971698e+00,
         -1.49374390e+00,  5.42293906e-01, -9.60999072e-01,  1.37008488e-01,
         -1.64565551e+00, -1.22454357e+00, -5.39095998e-01, -1.66824293e+00,
          1.34020329e+00,  3.77171099e-01, -1.74555659e-01, -1.46961081e+00,
         -1.43476081e+00,  4.93579477e-01, -1.16897553e-01,  1.82988214e+00,
          1.03369080e-01,  3.20770770e-01,  1.21779108e+00, -7.57955909e-01,
          5.40775508e-02,  2.99693495e-01,  8.32060337e-01, -5.30677021e-01,
          4.82625455e-01, -2.22756296e-01, -1.48584461e+00,  2.01082587e+00,
         -2.16589808e+00, -2.98191339e-01, -1.32952511e+00,  5.94465733e-01,
          6.60629392e-01,  2.12530166e-01, -1.10815978e+00,  9.69228923e-01,
          2.58834422e-01, -2.80024910e+00, -1.12493765e+00, -1.64551461e+00,
          4.74070281e-01, -7.46557593e-01, -6.90888762e-01, -4.33478177e-01,
         -1.35818410e+00,  6.32077336e-01, -4.93017435e-01, -9.42621052e-01,
         -4.62519288e-01, -5.65789267e-03, -1.21637702e+00, -8.97527516e-01,
         -7.10937530e-02, -1.21428823e+00, -3.95507216e-01, -1.12806439e-01,
         -8.83775890e-01, -5.95722377e-01,  1.24824440e+00,  1.76578671e-01,
         -2.03227460e-01, -3.82440351e-02,  1.45237195e+00, -1.99246550e+00,
         -1.87804544e+00, -1.03091192e+00, -4.27233964e-01,  1.26096523e+00,
          4.08007711e-01, -8.24797392e-01,  1.41928291e+00, -8.08849871e-01,
         -8.60239565e-01,  5.66776395e-01, -5.44463515e-01, -2.70877028e+00,
         -1.07793227e-01,  2.78425312e+00, -1.53585827e+00, -3.92622977e-01,
          1.36440778e+00,  7.72954464e-01,  8.09586883e-01, -9.99704897e-01,
          4.91694069e+00,  5.14596701e-01,  7.98760176e-01, -1.69313759e-01,
         -1.39308929e+00, -1.09502387e+00,  1.31619155e+00,  1.52104557e+00,
         -8.45870852e-01, -9.78296041e-01, -1.13488853e+00,  2.91993111e-01,
         -2.88023561e-01, -2.56559610e+00, -2.89319634e-01, -1.42538249e+00,
          1.05569887e+00, -1.73689258e+00,  5.17031550e-01, -1.73951232e+00,
         -2.07242918e+00,  1.09619606e+00,  4.04861644e-02, -6.92353249e-01,
         -6.31373465e-01, -1.32713926e+00, -2.70468712e+00, -5.55648148e-01,
          1.85427701e+00,  6.02472484e-01, -1.08340096e+00,  1.74550021e+00,
          1.31161082e+00, -1.14177063e-01,  1.40608281e-01,  4.00517607e+00,
          1.36452010e-02,  8.40566605e-02, -2.84083456e-01, -1.15802526e+00,
          1.84205449e+00,  5.96444368e-01,  2.04069868e-01,  2.74077749e+00,
          1.69215930e+00,  4.35843468e-01,  4.46262002e-01, -2.22910833e+00,
          1.69340563e+00,  1.35241985e+00,  1.38929129e-01, -4.60082710e-01,
          1.11384869e+00, -1.60424924e+00,  1.12776709e+00, -4.78037298e-02,
         -1.79417777e+00, -5.99607766e-01, -2.05092266e-01,  1.95304930e-01,
          2.07221651e+00,  1.15255311e-01,  2.67614770e+00,  2.63433361e+00,
          1.37249088e+00, -7.31413126e-01,  1.19537628e+00,  2.55153060e+00,
         -1.57675469e+00, -1.48009610e+00,  1.91503501e+00, -4.68175620e-01,
         -1.78207290e+00,  1.48068750e+00, -4.15441602e-01,  5.78003943e-01,
          2.65531564e+00,  9.83107328e-01, -2.71121812e+00,  1.06405437e-01,
          1.48864853e+00, -9.82976496e-01, -5.14528215e-01, -7.72172570e-01,
         -1.57916701e+00,  7.75378585e-01, -1.52017283e+00,  1.13342889e-02,
          2.72260809e+00, -1.89882600e+00, -8.84673297e-01,  5.65044582e-01,
          1.07090485e+00, -1.65063715e+00,  2.00585175e+00,  2.58599782e+00,
         -1.31262207e+00, -1.99365810e-01, -1.49148202e+00,  6.65217936e-01,
         -1.31769764e+00,  1.77323258e+00, -1.16833352e-01,  7.48944759e-01,
         -1.06088567e+00, -2.51631165e+00,  7.71765709e-01, -1.12606609e+00,
          1.67446399e+00, -1.43537080e+00,  5.00248313e-01, -4.43397164e-01,
         -9.20398414e-01,  2.55405664e+00, -9.53826725e-01, -1.35428917e+00,
         -8.47136736e-01,  7.05176651e-01,  2.67361045e-01, -1.46827292e+00,
         -7.39862144e-01,  2.01411724e+00, -3.58187824e-01,  6.44763172e-01,
          1.16500378e+00,  8.97371590e-01, -6.44529402e-01,  9.96783197e-01,
         -3.13606590e-01,  2.40370050e-01, -1.84221372e-01, -2.81166482e+00,
          1.43375134e+00,  1.15864009e-01, -3.44094872e+00, -1.87948197e-01,
          1.21059108e+00,  6.23780370e-01, -1.59210706e+00,  3.35764855e-01,
          1.25338817e+00, -6.97132528e-01, -1.31774926e+00,  7.19567537e-02,
          2.29460573e+00,  1.32492244e+00, -2.32041225e-01, -2.13848257e+00,
          2.32670918e-01, -1.96173227e+00, -1.75391054e+00, -1.09069645e-01,
         -1.43958479e-01,  1.28014195e+00,  1.58768997e-01,  1.00103080e+00,
          1.20436752e+00,  2.72951834e-03,  7.34232605e-01, -4.31397378e-01,
         -1.03422546e+00, -2.44779658e+00, -4.04726535e-01, -1.28997624e-01,
          4.09102589e-01,  1.10335696e+00,  1.69486427e+00, -2.22665489e-01,
         -1.95734620e+00,  1.09918141e+00, -7.84007728e-01, -1.99144617e-01,
          5.42705536e-01, -1.04003155e+00, -1.59508991e+00,  1.90993094e+00,
         -5.02428770e-01,  1.05383933e+00, -1.63681841e+00,  2.44667307e-01,
         -3.60374749e-01,  2.05371588e-01,  3.89663398e-01, -1.99262953e+00,
         -6.28403604e-01,  1.51273990e+00, -1.31503141e+00, -9.54600334e-01,
          1.94943678e+00,  3.00916806e-02,  1.16043365e+00,  2.17132375e-01,
          1.60312021e+00,  1.67377627e+00,  3.91881555e-01, -8.71520698e-01,
          9.34181690e-01,  1.83737767e+00,  6.60481215e-01, -1.18108320e+00,
         -2.76049614e-01, -1.57299519e+00, -2.77146578e-01, -1.97662041e-04,
          1.52782726e+00,  1.55458605e+00, -1.83778369e+00,  1.06804907e+00,
          1.14807892e+00, -2.93120444e-01,  2.15755567e-01,  1.08574009e+00,
         -1.09001267e+00,  1.16644490e+00, -1.32960021e+00,  9.57290471e-01,
          1.49831283e+00,  8.16044569e-01, -8.36899042e-01, -2.40904570e-01,
          5.63510001e-01,  1.75914133e+00, -1.56206027e-01, -1.15523303e+00,
         -8.64265323e-01, -3.07253569e-01,  1.93172860e+00,  1.66484511e+00,
          2.46076655e+00, -4.89342123e-01, -1.08972442e+00,  6.95864379e-01,
         -2.36467099e+00,  2.06558418e+00, -8.04295361e-01, -4.89849389e-01,
          9.18467343e-01,  4.70587969e-01,  3.72124553e+00,  3.46396744e-01,
          4.52307522e-01, -3.00055832e-01,  7.11089611e-01,  1.22423077e+00,
         -1.42029190e+00, -1.19639254e+00, -4.10638720e-01,  3.15369934e-01,
          1.00949061e+00, -3.96876872e-01, -4.70390052e-01, -1.70430720e-01,
         -1.29303432e+00,  7.91026831e-01, -2.12403014e-03,  1.09459937e+00,
          1.09897149e+00,  1.55957365e+00, -5.68711281e-01,  1.63718486e+00,
          1.34950542e+00, -1.15837753e+00,  1.67329967e+00,  1.17753580e-01,
         -1.71204460e+00, -1.41630745e+00, -2.57582277e-01, -6.10350311e-01,
          3.77462506e-01, -1.66952431e+00,  7.20791578e-01,  9.22764838e-02,
          3.11885262e+00, -2.08512664e+00, -1.07297873e+00,  1.35625139e-01,
         -1.45897067e+00, -1.10566521e+00,  6.43475413e-01, -2.15747452e+00,
         -1.32663518e-01, -1.92125455e-01,  3.22933160e-02, -8.16583693e-01,
          1.35001433e+00, -7.95701265e-01, -2.86948562e-01, -8.16659927e-01,
          2.32662582e+00,  2.03652906e+00,  1.59510231e+00, -1.10293269e+00,
          1.46166846e-01, -1.16013274e-01,  6.80190697e-03,  2.66355777e+00,
          1.53136504e+00, -2.23790264e+00,  6.13758087e-01,  2.08819389e+00,
         -3.08750081e+00, -8.47686291e-01, -1.01105440e+00, -7.58765697e-01,
         -1.74168277e+00,  1.01979399e+00,  7.46462405e-01, -1.72563946e+00,
         -1.16869903e+00, -2.60570836e+00, -1.85510552e+00, -7.88810670e-01,
          1.21881366e+00, -7.53552020e-01, -1.20148182e+00, -5.36900043e-01,
          7.28396893e-01, -1.09728301e+00, -2.60933733e+00, -2.04598736e-02,
          1.21031094e+00, -1.88352615e-02, -1.71311295e+00,  4.06365782e-01,
         -5.55602372e-01, -7.86562085e-01,  6.86979055e-01,  1.35306513e+00,
         -1.92089155e-01,  3.00496507e+00, -5.56384861e-01, -2.81123400e-01,
         -1.25634968e+00,  2.21765339e-02, -7.73429513e-01, -5.20111680e-01,
          3.20922565e+00,  1.15593338e+00,  1.26886368e+00, -3.55620056e-01,
          1.04659879e+00,  1.27338374e+00,  6.14537179e-01,  4.58474189e-01,
         -5.34510732e-01,  1.11494780e-01,  1.00939369e+00,  7.46946990e-01,
          6.13672781e+00,  2.23941708e+00,  1.62968183e+00, -7.46067986e-02,
          1.56653076e-01,  8.89856935e-01,  1.37554348e+00,  2.41789532e+00,
         -1.46588600e+00, -1.55801988e+00, -6.68448269e-01, -2.00823379e+00,
          4.05857742e-01, -7.73729861e-01, -1.73033297e-01, -4.18440372e-01,
          5.96361637e-01,  1.76910138e+00, -1.34922341e-01, -1.64655447e-01,
         -1.94608462e+00,  2.52750206e+00, -7.13451952e-03, -9.46531177e-01,
         -7.26504207e-01,  1.90914154e-01, -3.38504612e-01, -9.18070793e-01,
         -5.85708737e-01, -1.46935225e+00, -8.26438189e-01, -1.51404113e-01,
         -1.12138844e+00, -1.37235808e+00, -5.19838452e-01, -1.05275735e-01,
         -2.69439593e-02,  2.64188908e-02,  5.86719036e-01, -1.15036126e-03,
         -2.54624939e+00,  1.03007659e-01, -1.19041991e+00, -8.00779700e-01,
          1.92368948e+00,  1.58145237e+00,  9.80001271e-01,  3.29579890e-01,
          7.66624808e-01,  4.25192684e-01,  2.55076736e-01, -1.00966179e+00,
         -8.52201760e-01,  5.75200319e-01, -1.25232220e+00, -1.03755569e+00,
         -9.74274695e-01, -6.92897499e-01, -8.71327519e-01, -7.67226696e-01,
         -6.52971506e-01, -1.24806213e+00,  1.54679990e+00,  6.32992387e-02,
          8.43437076e-01,  3.47761750e-01, -1.42793572e+00,  1.98927391e+00,
         -8.49626184e-01, -9.87339795e-01,  1.80645871e+00, -2.34536558e-01,
         -1.09001815e+00,  2.51729518e-01, -1.82594150e-01, -1.88012671e+00,
          1.34460390e+00,  1.01322144e-01, -4.56630290e-01, -8.76584768e-01,
         -5.02626121e-01,  3.91034365e-01, -5.59494257e-01,  4.68694031e-01,
          3.19078416e-02,  1.44295752e+00, -7.14276254e-01, -1.21411455e+00,
         -9.89762425e-01, -2.14256597e+00, -1.28355241e+00, -1.05516648e+00,
         -1.13572907e+00, -1.79808319e+00,  6.79978311e-01,  9.16900933e-01]],
       device='cuda:0')
Adv example prediction (first 2 examples and 2 restarts):
 tensor([[[ 6.09641910e-01,  2.59147000e+00, -5.41005373e-01, -7.68309116e-01,
          -8.85594010e-01,  8.11361551e-01,  2.88232028e-01, -1.45358026e+00,
          -1.13944650e+00, -4.77024525e-01,  7.52092719e-01,  1.37433004e+00,
           7.73578465e-01,  3.77326846e-01,  8.71576786e-01,  1.10784292e+00,
           2.77735412e-01, -1.03460157e+00, -1.05696991e-01,  4.14873511e-01,
          -1.08458355e-01,  1.22563648e+00,  7.92820990e-01, -3.50618333e-01,
           7.37412095e-01,  2.65824795e-01,  2.52733660e+00,  1.34903598e+00,
          -8.29706118e-02,  1.35214221e+00, -8.53287578e-01,  1.92282271e+00,
           5.82945287e-01, -4.29749399e-01, -8.87053847e-01, -1.85998306e-01,
           1.09486139e+00, -9.08193052e-01,  2.03204942e+00, -7.05066249e-02,
           2.20547724e+00,  7.55828500e-01,  1.15677679e+00,  4.89569008e-01,
           1.53250742e+00,  5.18799245e-01,  1.99051583e+00,  1.07987678e+00,
          -7.17960060e-01, -1.08676702e-01,  2.42934287e-01, -1.71647310e+00,
           1.58838665e+00,  1.59386969e+00,  1.01821706e-01,  5.24247825e-01,
           1.03356957e+00, -6.33470058e-01,  1.47761083e+00,  9.90197182e-01,
           1.07466984e+00,  3.23761880e-01,  2.11275592e-01,  1.32079959e+00,
           1.35463548e+00,  1.28243759e-01,  2.54914582e-01, -2.76594460e-01,
          -2.02856407e-01, -2.39641696e-01,  2.24328208e+00,  1.75118625e+00,
           1.56334972e+00,  2.84860539e+00,  2.10552931e+00,  3.16373181e+00,
           1.65727520e+00,  3.66798353e+00,  3.77079940e+00,  3.08707690e+00,
           8.97736132e-01, -6.46637082e-01,  3.31952840e-01,  6.30898029e-02,
          -4.73040223e-01,  1.65711582e-01, -1.91940010e-01,  7.36738026e-01,
           7.91049480e-01, -4.55329418e-01,  3.20105851e-01, -1.42029494e-01,
           1.78956652e+00,  4.98992532e-01,  1.14626336e+00,  2.04135999e-01,
           1.57204521e+00, -7.44815528e-01,  1.48467332e-01, -8.10336530e-01,
          -2.90525518e-03, -1.53691971e+00, -1.85624337e+00,  6.97796106e-01,
          -7.96726584e-01, -1.81776369e+00, -1.13017857e+00, -4.99458402e-01,
          -7.89856195e-01, -1.23059201e+00,  5.66318214e-01,  3.35745144e+00,
           4.71455038e-01,  1.16741633e+00,  1.48195148e+00, -2.42477566e-01,
          -1.10688657e-01,  2.80564636e-01,  5.68240043e-03,  1.65451631e-01,
           3.75725120e-01, -7.89343476e-01, -9.84196484e-01, -1.41979361e+00,
          -3.71620864e-01, -3.58717114e-01,  2.37664819e+00,  3.40216681e-02,
           1.21981132e+00,  4.65152532e-01, -2.18291700e-01, -6.80992842e-01,
           3.16496223e-01,  2.80346811e-01, -2.84325987e-01, -3.09120953e-01,
          -7.12888360e-01, -6.33440018e-02,  8.82090807e-01, -6.82412684e-01,
          -1.28095675e+00,  5.55008650e-01, -4.46403354e-01, -5.41632354e-01,
          -6.54556751e-01, -3.56645733e-01, -4.30160493e-01,  3.23912054e-01,
          -7.40607738e-01,  4.41527814e-02, -1.39781344e+00,  8.01069379e-01,
          -5.54852366e-01,  7.87117183e-01,  5.31643748e-01,  3.27869616e-02,
          -3.43074471e-01,  4.98470753e-01, -5.01514971e-01, -7.25596964e-01,
          -8.65217447e-01, -2.55899400e-01,  5.02366662e-01, -4.94231910e-01,
          -7.62739182e-01, -4.92085129e-01, -5.16922235e-01, -5.89920104e-01,
          -5.49259633e-02, -1.37211666e-01, -4.88055378e-01, -5.27912021e-01,
          -1.33253849e+00, -1.19567871e-01, -9.01133716e-01, -6.13541186e-01,
          -1.05548275e+00, -4.79541153e-01, -1.97175339e-01, -1.16109800e+00,
          -1.50713933e+00, -2.45611414e-01,  4.82949138e-01, -6.16375625e-01,
          -5.21488115e-02, -7.28265643e-02,  1.24578148e-01,  8.80598545e-01,
          -2.72697330e-01, -4.03385848e-01, -1.69257000e-01,  5.96915960e-01,
          -4.03650254e-01, -1.06351174e-01, -4.24605161e-01,  7.18844652e-01,
          -2.10899413e-02, -9.89778042e-01, -9.32946503e-01,  3.85276467e-01,
          -1.62868768e-01, -3.88069779e-01, -2.41052985e-01,  4.23530489e-01,
          -1.09877385e-01, -1.03367960e+00, -9.72123206e-01, -5.46244681e-01,
          -1.01135337e+00, -6.33974969e-01, -1.53582823e+00, -1.88132033e-01,
          -1.76064834e-01, -5.25756359e-01, -1.74681917e-01, -4.50809658e-01,
          -1.01695508e-01, -2.72942930e-01, -6.15470648e-01, -6.56153560e-01,
          -8.79217565e-01, -3.65115821e-01, -4.19303685e-01, -1.11255966e-01,
          -4.82771575e-01, -9.58113313e-01, -1.10757875e+00, -1.11515462e+00,
          -9.44619238e-01,  7.16936171e-01, -2.73953617e-01, -1.48134977e-01,
          -1.26450086e+00, -8.36806357e-01, -2.47144431e-01, -9.11891162e-02,
          -4.96387184e-01,  1.69870034e-02, -8.61768842e-01, -5.63286245e-02,
          -5.33486664e-01, -5.60042560e-01,  1.36414804e-02, -1.42555201e+00,
          -9.61134255e-01, -1.98690340e-01, -1.31521678e+00, -4.93973851e-01,
          -4.61743385e-01, -3.93805563e-01, -5.47032595e-01, -1.42343020e+00,
           4.80775207e-01, -4.19389486e-01,  7.26263702e-01, -1.43930602e+00,
          -1.19055879e+00,  3.57298627e-02,  2.21866533e-01,  1.18877125e+00,
           4.86590654e-01, -3.02909553e-01, -6.48386896e-01, -4.88963217e-01,
          -6.93721771e-01,  5.93723297e-01, -3.59099358e-01, -8.29432607e-01,
          -1.44050872e+00,  4.47254837e-01,  5.23817778e-01,  3.01468104e-01,
           7.58148432e-01,  6.44996941e-01, -1.77113414e-01,  2.56795466e-01,
          -8.10417905e-02,  3.91224712e-01, -2.28787780e-01,  9.57799435e-01,
           3.10674280e-01,  1.23863208e+00,  1.70016861e+00,  2.33481455e+00,
           1.50498033e+00,  3.79018188e-01, -7.84071565e-01,  3.12543809e-02,
          -8.10494721e-02, -5.95989466e-01, -8.13117266e-01, -5.43884635e-01,
          -7.38981485e-01,  4.62513119e-01, -1.18089044e+00, -9.85310495e-01,
          -2.68764436e-01, -5.82884371e-01, -1.37852728e-01,  3.23415160e-01,
           3.46160710e-01,  2.64755392e+00,  1.85827899e+00,  1.81423903e+00,
           1.41957390e+00, -4.70734179e-01,  9.67606127e-01,  2.55712247e+00,
           2.56011939e+00,  8.96477997e-01,  2.46444106e+00,  2.21997285e+00,
           1.53066039e+00,  2.23433614e+00,  2.89036727e+00,  2.07552743e+00,
           2.01684904e+00,  1.37110984e+00,  3.65412951e+00,  2.54415727e+00,
           2.29597044e+00, -7.89180398e-01, -3.43915880e-01, -3.97077799e-01,
          -8.54902029e-01, -7.18232930e-01, -8.74558866e-01,  2.24721402e-01,
          -1.50869358e+00, -8.31898332e-01, -4.64364141e-02,  5.68187416e-01,
           2.03238869e+00,  2.75790066e-01, -6.91673338e-01,  3.82236838e-02,
          -1.47601962e+00, -2.29243323e-01, -7.41302252e-01, -2.12829995e+00,
          -1.59068096e+00, -1.36683214e+00, -1.68235707e+00, -1.61052728e+00,
          -1.04618335e+00, -1.65212882e+00, -1.79830945e+00, -9.89259124e-01,
          -2.57317352e+00, -1.67981541e+00, -1.42900062e+00, -6.90212548e-01,
          -8.91765416e-01, -6.86834097e-01, -1.45469189e+00, -1.88225019e+00,
           2.42544800e-01,  1.73438996e-01,  4.98557657e-01,  5.28574705e-01,
          -6.61221504e-01,  1.50131300e-01,  1.18523583e-01, -2.51137435e-01,
          -1.08726025e+00,  3.41054559e-01, -4.97934967e-01,  4.67491597e-02,
           3.27579737e-01, -5.93269825e-01,  3.88521075e-01, -4.15571153e-01,
          -2.47238085e-01, -1.80682480e-01,  1.42901719e-01, -7.07439244e-01,
          -1.76884919e-01,  1.08807337e+00,  1.67845368e-01, -4.40568388e-01,
           1.18586135e+00, -2.16733664e-03,  8.48047137e-01,  6.89193010e-02,
          -4.95906509e-02, -7.37699866e-01, -1.15237761e+00, -6.90947533e-01,
          -1.73632765e+00,  8.02960694e-01, -3.82859111e-01,  5.43686152e-01,
           1.47309169e-01, -1.91489983e+00, -6.73956871e-01,  1.37829101e+00,
          -1.31589472e+00, -5.63741744e-01, -3.83990854e-01,  2.62569577e-01,
          -1.01735783e+00, -1.05831814e+00,  1.16116218e-01, -9.33030307e-01,
          -6.75157905e-01,  1.03617036e+00, -1.26641893e+00, -7.55140126e-01,
          -2.48543286e+00,  1.89570510e+00, -5.37802100e-01,  1.02719831e+00,
          -1.07562654e-01,  4.87352163e-01,  4.33977395e-01, -2.30929732e+00,
           1.00129235e+00,  5.11947393e-01,  2.81266904e+00,  1.95859241e+00,
           2.48954043e-01, -3.40914786e-01, -2.26894543e-01, -1.19592524e+00,
          -1.54504728e+00, -7.58054554e-01,  7.67013609e-01, -5.80336988e-01,
          -9.25075650e-01,  2.24372089e-01, -3.87405217e-01, -3.92226189e-01,
           5.97431064e-01,  1.46693677e-01,  9.81912673e-01,  1.19067478e+00,
          -1.26904607e+00, -5.26846945e-01,  1.31417239e+00,  7.80742913e-02,
          -9.33403075e-02,  1.55182362e+00, -6.68541908e-01,  1.80037475e+00,
          -1.52098811e+00, -5.06572664e-01,  2.62003493e+00, -9.75283206e-01,
          -1.01038396e+00, -1.59903669e+00, -1.18211663e+00,  9.29884374e-01,
           3.79188031e-01, -5.54991782e-01, -2.13075972e+00,  8.99598002e-02,
          -5.39206415e-02,  1.01971948e+00, -7.88170934e-01,  2.46721745e-01,
          -1.53295648e+00,  2.70714700e-01,  1.95651686e+00, -2.49689668e-01,
           8.18093359e-01,  5.89580536e-01, -1.32690084e+00, -2.46411180e+00,
          -5.48890650e-01,  9.21514094e-01,  1.76715612e+00, -1.14158320e+00,
          -1.49355435e+00,  5.45717597e-01, -9.52898920e-01,  1.38135687e-01,
          -1.65351713e+00, -1.22190094e+00, -5.33345103e-01, -1.66919351e+00,
           1.34771740e+00,  3.82448018e-01, -1.68914363e-01, -1.46706426e+00,
          -1.43111134e+00,  4.98078465e-01, -1.20337695e-01,  1.83367801e+00,
           1.05505146e-01,  3.19171011e-01,  1.21369028e+00, -7.60215819e-01,
           5.56496605e-02,  3.01779956e-01,  8.36259246e-01, -5.30250967e-01,
           4.82051432e-01, -2.22837314e-01, -1.48355091e+00,  2.01267099e+00,
          -2.16338420e+00, -2.95799941e-01, -1.32760060e+00,  5.91443300e-01,
           6.59229755e-01,  2.12073267e-01, -1.10554063e+00,  9.76888359e-01,
           2.59140790e-01, -2.80537915e+00, -1.12418580e+00, -1.64383781e+00,
           4.77078050e-01, -7.42196500e-01, -6.91323996e-01, -4.35449481e-01,
          -1.35650671e+00,  6.37097716e-01, -4.94642049e-01, -9.38337684e-01,
          -4.59983528e-01, -8.14441219e-03, -1.21506417e+00, -8.95338655e-01,
          -7.27578253e-02, -1.21251440e+00, -3.91261220e-01, -1.07622623e-01,
          -8.74665082e-01, -5.87598979e-01,  1.25677454e+00,  1.81719244e-01,
          -2.04064205e-01, -3.76650579e-02,  1.45709765e+00, -1.99189067e+00,
          -1.87686896e+00, -1.03306043e+00, -4.20753002e-01,  1.26409936e+00,
           4.09569144e-01, -8.27982903e-01,  1.42380321e+00, -8.09548855e-01,
          -8.69087517e-01,  5.69867849e-01, -5.44447601e-01, -2.70721292e+00,
          -1.05031013e-01,  2.79214406e+00, -1.53469610e+00, -3.82231295e-01,
           1.36290169e+00,  7.81201661e-01,  8.10264111e-01, -1.00328910e+00,
           4.90618706e+00,  5.10676503e-01,  8.02778661e-01, -1.66097403e-01,
          -1.39577222e+00, -1.09441173e+00,  1.31275415e+00,  1.52089679e+00,
          -8.44294012e-01, -9.77613211e-01, -1.13022804e+00,  2.85722524e-01,
          -2.83999711e-01, -2.56524944e+00, -2.83748716e-01, -1.42027676e+00,
           1.05507612e+00, -1.73907924e+00,  5.25059581e-01, -1.73792231e+00,
          -2.07107282e+00,  1.09791923e+00,  4.47911769e-02, -6.94272757e-01,
          -6.30528927e-01, -1.33021355e+00, -2.70591307e+00, -5.50947070e-01,
           1.85438240e+00,  6.08024776e-01, -1.08079123e+00,  1.75082827e+00,
           1.30645430e+00, -1.07514799e-01,  1.49861664e-01,  4.01053810e+00,
           1.89087093e-02,  9.12420154e-02, -2.83187807e-01, -1.15759492e+00,
           1.84671628e+00,  5.97492337e-01,  2.04679415e-01,  2.73409271e+00,
           1.70345879e+00,  4.40171570e-01,  4.41747814e-01, -2.22644186e+00,
           1.69578993e+00,  1.35731208e+00,  1.44430012e-01, -4.65505868e-01,
           1.10739541e+00, -1.60366213e+00,  1.12718248e+00, -4.83538955e-02,
          -1.79098964e+00, -5.95709801e-01, -2.05605522e-01,  1.98611557e-01,
           2.07561445e+00,  1.20641991e-01,  2.67327571e+00,  2.63597608e+00,
           1.36961317e+00, -7.27993667e-01,  1.19291306e+00,  2.55563450e+00,
          -1.57023776e+00, -1.48693752e+00,  1.91259599e+00, -4.68848854e-01,
          -1.78339887e+00,  1.48213542e+00, -4.15186316e-01,  5.85697412e-01,
           2.65539813e+00,  9.87310052e-01, -2.71013355e+00,  1.13900095e-01,
           1.49192321e+00, -9.77585912e-01, -5.16775072e-01, -7.71774828e-01,
          -1.57264996e+00,  7.74696231e-01, -1.51900887e+00,  1.34962238e-02,
           2.71717358e+00, -1.89742124e+00, -8.78724098e-01,  5.70664763e-01,
           1.07625234e+00, -1.64718986e+00,  2.00796080e+00,  2.57925320e+00,
          -1.31287420e+00, -2.01429278e-01, -1.48917925e+00,  6.65284812e-01,
          -1.32007277e+00,  1.76628542e+00, -1.14710696e-01,  7.47965932e-01,
          -1.06095970e+00, -2.51494956e+00,  7.78254211e-01, -1.11894190e+00,
           1.67651486e+00, -1.43477368e+00,  4.98011440e-01, -4.45595115e-01,
          -9.12645459e-01,  2.54977775e+00, -9.56046224e-01, -1.35217416e+00,
          -8.48440468e-01,  7.08389044e-01,  2.66814440e-01, -1.46582162e+00,
          -7.37194479e-01,  2.01882720e+00, -3.53209525e-01,  6.45658374e-01,
           1.17034900e+00,  8.97910833e-01, -6.40592158e-01,  1.00233340e+00,
          -3.09122890e-01,  2.42150754e-01, -1.76455513e-01, -2.81071115e+00,
           1.44160986e+00,  1.19736552e-01, -3.43854213e+00, -1.82934269e-01,
           1.21136117e+00,  6.23620152e-01, -1.59268427e+00,  3.39796156e-01,
           1.25863349e+00, -6.91119730e-01, -1.31619120e+00,  7.89999962e-02,
           2.30046892e+00,  1.32678056e+00, -2.34353751e-01, -2.13272142e+00,
           2.37003475e-01, -1.96086049e+00, -1.75082636e+00, -1.03174388e-01,
          -1.37810260e-01,  1.28227627e+00,  1.62242427e-01,  1.00461411e+00,
           1.20966744e+00,  8.32744502e-03,  7.35901713e-01, -4.31207269e-01,
          -1.03183079e+00, -2.44580603e+00, -4.01861280e-01, -1.25531256e-01,
           4.06776100e-01,  1.10193169e+00,  1.68700731e+00, -2.20314503e-01,
          -1.95391214e+00,  1.09351563e+00, -7.81570673e-01, -1.97381407e-01,
           5.42368352e-01, -1.02993715e+00, -1.59371626e+00,  1.91017723e+00,
          -4.97498810e-01,  1.05401278e+00, -1.63883066e+00,  2.49341592e-01,
          -3.56692195e-01,  2.05520049e-01,  3.89929414e-01, -1.99216413e+00,
          -6.26385987e-01,  1.51905763e+00, -1.31086195e+00, -9.52669859e-01,
           1.94389188e+00,  3.47324684e-02,  1.15771282e+00,  2.17676520e-01,
           1.60642946e+00,  1.67861092e+00,  3.92430425e-01, -8.77971172e-01,
           9.33898628e-01,  1.84104145e+00,  6.66141689e-01, -1.17865658e+00,
          -2.76586413e-01, -1.57497609e+00, -2.74464071e-01,  3.89702804e-03,
           1.52689004e+00,  1.55830991e+00, -1.84006417e+00,  1.07011688e+00,
           1.14835024e+00, -2.89340436e-01,  2.09021166e-01,  1.09177744e+00,
          -1.08980215e+00,  1.17729259e+00, -1.32761478e+00,  9.68232334e-01,
           1.50460684e+00,  8.14410686e-01, -8.36975157e-01, -2.41041809e-01,
           5.66064179e-01,  1.75772178e+00, -1.45540670e-01, -1.15735209e+00,
          -8.59453917e-01, -3.05652440e-01,  1.93401194e+00,  1.66957617e+00,
           2.46327090e+00, -4.92955714e-01, -1.08628333e+00,  6.92678094e-01,
          -2.36700940e+00,  2.07428169e+00, -8.02542806e-01, -4.87419426e-01,
           9.20087278e-01,  4.74985421e-01,  3.71570206e+00,  3.45427930e-01,
           4.53086227e-01, -2.99624622e-01,  7.24396408e-01,  1.22713447e+00,
          -1.41686702e+00, -1.19719470e+00, -4.13100213e-01,  3.07422727e-01,
           1.01534009e+00, -3.96704525e-01, -4.66765434e-01, -1.70493424e-01,
          -1.29365611e+00,  7.86010027e-01,  4.05840203e-03,  1.08992016e+00,
           1.09408152e+00,  1.56123710e+00, -5.70990622e-01,  1.62924922e+00,
           1.34841692e+00, -1.15953684e+00,  1.67614365e+00,  1.13487542e-01,
          -1.71131456e+00, -1.41138732e+00, -2.64306724e-01, -6.02637112e-01,
           3.81359816e-01, -1.66828048e+00,  7.30660319e-01,  8.46032500e-02,
           3.11208224e+00, -2.08387923e+00, -1.07555115e+00,  1.43117681e-01,
          -1.45767462e+00, -1.10037732e+00,  6.40105188e-01, -2.14748573e+00,
          -1.36487842e-01, -1.97318971e-01,  3.90587263e-02, -8.18290055e-01,
           1.35758018e+00, -7.91653872e-01, -2.87177861e-01, -8.15707147e-01,
           2.34060407e+00,  2.03625131e+00,  1.59910417e+00, -1.10515845e+00,
           1.50449798e-01, -1.18893281e-01,  6.29134849e-03,  2.66358757e+00,
           1.53244424e+00, -2.23098803e+00,  6.10028267e-01,  2.08941627e+00,
          -3.08056736e+00, -8.46955061e-01, -1.01016235e+00, -7.57632077e-01,
          -1.73723757e+00,  1.02161086e+00,  7.37625062e-01, -1.72121501e+00,
          -1.17340815e+00, -2.60900259e+00, -1.85373771e+00, -7.91755080e-01,
           1.22252500e+00, -7.48853266e-01, -1.19829559e+00, -5.36601841e-01,
           7.33507454e-01, -1.09256494e+00, -2.60402822e+00, -1.70645844e-02,
           1.20689261e+00, -1.74972266e-02, -1.70569944e+00,  4.07527953e-01,
          -5.55158317e-01, -7.85111725e-01,  6.84750617e-01,  1.35228467e+00,
          -1.88659474e-01,  3.01043534e+00, -5.55138826e-01, -2.76658595e-01,
          -1.25542128e+00,  1.91512778e-02, -7.75837600e-01, -5.19879043e-01,
           3.22030854e+00,  1.16105008e+00,  1.27336347e+00, -3.60876739e-01,
           1.04884338e+00,  1.27325344e+00,  6.16755664e-01,  4.55613345e-01,
          -5.28937995e-01,  1.15915582e-01,  1.01693392e+00,  7.49250174e-01,
           6.12770271e+00,  2.24515939e+00,  1.62930572e+00, -7.63180703e-02,
           1.51093587e-01,  8.76274288e-01,  1.37153172e+00,  2.41863513e+00,
          -1.46821988e+00, -1.55181861e+00, -6.67176962e-01, -2.00744486e+00,
           4.14811313e-01, -7.74376214e-01, -1.68009073e-01, -4.10807610e-01,
           5.94293475e-01,  1.77354026e+00, -1.34978637e-01, -1.67240471e-01,
          -1.94504142e+00,  2.51915598e+00, -1.94531977e-02, -9.55660045e-01,
          -7.27848649e-01,  1.88947111e-01, -3.40544760e-01, -9.23138201e-01,
          -5.90324998e-01, -1.47540700e+00, -8.33863854e-01, -1.55880570e-01,
          -1.11485398e+00, -1.36920857e+00, -5.17196059e-01, -1.07067212e-01,
          -2.82343253e-02,  1.92682259e-02,  5.79558790e-01,  2.56887916e-03,
          -2.53961158e+00,  1.00829378e-01, -1.18588078e+00, -8.00156236e-01,
           1.93024480e+00,  1.57905841e+00,  9.70217407e-01,  3.31220746e-01,
           7.61273324e-01,  4.18248981e-01,  2.57481843e-01, -1.00536823e+00,
          -8.43035698e-01,  5.71293712e-01, -1.24907303e+00, -1.04104376e+00,
          -9.77982342e-01, -6.89829946e-01, -8.78277361e-01, -7.80201435e-01,
          -6.57394648e-01, -1.25220644e+00,  1.53922391e+00,  5.84650226e-02,
           8.43712747e-01,  3.46337438e-01, -1.43081582e+00,  1.99046028e+00,
          -8.48264813e-01, -9.88395512e-01,  1.80177999e+00, -2.30265975e-01,
          -1.08802629e+00,  2.57351816e-01, -1.78632870e-01, -1.87870908e+00,
           1.32949769e+00,  9.96614248e-02, -4.56774235e-01, -8.75735044e-01,
          -4.95407641e-01,  3.87816489e-01, -5.59097230e-01,  4.62803483e-01,
           2.85298806e-02,  1.43234599e+00, -7.12681592e-01, -1.21386468e+00,
          -9.94556427e-01, -2.14221263e+00, -1.28427958e+00, -1.05228782e+00,
          -1.13817537e+00, -1.79340649e+00,  6.76770151e-01,  9.24516857e-01]]],
       device='cuda:0')
PGD attack margin (first 2 examples and 10 specs):
 tensor([[[0.28209203]]], device='cuda:0')
number of violation:  0
Attack finished in 7.9628 seconds.
PGD attack failed
verified_status unknown
verified_success False
Total VNNLIB file length: 1, max property batch size: 1, total number of batches: 1

Properties batch 0, size 1
Remaining timeout: 1154.9759373664856
Verifying property 0 with 1 instances.
torch allclose failed: norm 8.889588571037166e-06
Model: BoundedModule(
  (/input-1): BoundInput(name=/input-1, inputs=[], perturbed=True)
  (/33): BoundParams(name=/33, inputs=[], perturbed=False)
  (/34): BoundParams(name=/34, inputs=[], perturbed=False)
  (/35): BoundParams(name=/35, inputs=[], perturbed=False)
  (/36): BoundParams(name=/36, inputs=[], perturbed=False)
  (/37): BoundParams(name=/37, inputs=[], perturbed=False)
  (/38): BoundParams(name=/38, inputs=[], perturbed=False)
  (/39): BoundParams(name=/39, inputs=[], perturbed=False)
  (/40): BoundParams(name=/40, inputs=[], perturbed=False)
  (/41): BoundParams(name=/41, inputs=[], perturbed=False)
  (/42): BoundParams(name=/42, inputs=[], perturbed=False)
  (/43): BoundParams(name=/43, inputs=[], perturbed=False)
  (/44): BoundParams(name=/44, inputs=[], perturbed=False)
  (/45): BoundParams(name=/45, inputs=[], perturbed=False)
  (/46): BoundParams(name=/46, inputs=[], perturbed=False)
  (/47): BoundParams(name=/47, inputs=[], perturbed=False)
  (/48): BoundParams(name=/48, inputs=[], perturbed=False)
  (/49): BoundParams(name=/49, inputs=[], perturbed=False)
  (/50): BoundParams(name=/50, inputs=[], perturbed=False)
  (/51): BoundParams(name=/51, inputs=[], perturbed=False)
  (/52): BoundParams(name=/52, inputs=[], perturbed=False)
  (/53): BoundParams(name=/53, inputs=[], perturbed=False)
  (/54): BoundParams(name=/54, inputs=[], perturbed=False)
  (/55): BoundParams(name=/55, inputs=[], perturbed=False)
  (/56): BoundParams(name=/56, inputs=[], perturbed=False)
  (/57): BoundParams(name=/57, inputs=[], perturbed=False)
  (/58): BoundParams(name=/58, inputs=[], perturbed=False)
  (/59): BoundParams(name=/59, inputs=[], perturbed=False)
  (/60): BoundParams(name=/60, inputs=[], perturbed=False)
  (/61): BoundParams(name=/61, inputs=[], perturbed=False)
  (/62): BoundParams(name=/62, inputs=[], perturbed=False)
  (/63): BoundParams(name=/63, inputs=[], perturbed=False)
  (/64): BoundParams(name=/64, inputs=[], perturbed=False)
  (/input): BoundConv(name=/input, inputs=[/input-1, /33, /34], perturbed=True)
  (/66): BoundRelu(name=/66, inputs=[/input], perturbed=True)
  (/input-4): BoundConv(name=/input-4, inputs=[/66, /35, /36], perturbed=True)
  (/68): BoundRelu(name=/68, inputs=[/input-4], perturbed=True)
  (/input-12): BoundConv(name=/input-12, inputs=[/input-8/add_3_4, /37, /38], perturbed=True)
  (/71): BoundRelu(name=/71, inputs=[/input-12], perturbed=True)
  (/input-16): BoundConv(name=/input-16, inputs=[/71, /39, /40], perturbed=True)
  (/73): BoundRelu(name=/73, inputs=[/input-16], perturbed=True)
  (/input-24): BoundConv(name=/input-24, inputs=[/input-20/add_3_4, /41, /42], perturbed=True)
  (/76): BoundRelu(name=/76, inputs=[/input-24], perturbed=True)
  (/input-28): BoundConv(name=/input-28, inputs=[/76, /43, /44], perturbed=True)
  (/78): BoundRelu(name=/78, inputs=[/input-28], perturbed=True)
  (/input-32): BoundConv(name=/input-32, inputs=[/78, /45, /46], perturbed=True)
  (/80): BoundRelu(name=/80, inputs=[/input-32], perturbed=True)
  (/input-40): BoundConv(name=/input-40, inputs=[/input-36/add_3_4, /47, /48], perturbed=True)
  (/83): BoundRelu(name=/83, inputs=[/input-40], perturbed=True)
  (/input-44): BoundConv(name=/input-44, inputs=[/83, /49, /50], perturbed=True)
  (/85): BoundRelu(name=/85, inputs=[/input-44], perturbed=True)
  (/input-48): BoundConv(name=/input-48, inputs=[/85, /51, /52], perturbed=True)
  (/87): BoundRelu(name=/87, inputs=[/input-48], perturbed=True)
  (/input-56): BoundConv(name=/input-56, inputs=[/input-52/add_3_4, /53, /54], perturbed=True)
  (/90): BoundRelu(name=/90, inputs=[/input-56], perturbed=True)
  (/input-60): BoundConv(name=/input-60, inputs=[/90, /55, /56], perturbed=True)
  (/92): BoundRelu(name=/92, inputs=[/input-60], perturbed=True)
  (/input-64): BoundConv(name=/input-64, inputs=[/92, /57, /58], perturbed=True)
  (/94): BoundRelu(name=/94, inputs=[/input-64], perturbed=True)
  (/96): BoundFlatten(name=/96, inputs=[/95/add_3_4], perturbed=True)
  (/input-68): BoundLinear(name=/input-68, inputs=[/96, /59, /60], perturbed=True)
  (/98): BoundRelu(name=/98, inputs=[/input-68], perturbed=True)
  (/99): BoundFlatten(name=/99, inputs=[/98], perturbed=True)
  (/input-72): BoundLinear(name=/input-72, inputs=[/99, /61, /62], perturbed=True)
  (/101): BoundRelu(name=/101, inputs=[/input-72], perturbed=True)
  (/102): BoundFlatten(name=/102, inputs=[/101], perturbed=True)
  (/103): BoundLinear(name=/103, inputs=[/102, /63, /64], perturbed=True)
  (/input-8/conv_1): BoundConv(name=/input-8/conv_1, inputs=[/68, /input-8/conv_1_w], perturbed=True)
  (/input-8/conv_1_relu): BoundRelu(name=/input-8/conv_1_relu, inputs=[/input-8/conv_1], perturbed=True)
  (/input-8/conv_1_w): BoundParams(name=/input-8/conv_1_w, inputs=[], perturbed=False)
  (/input-8/conv_2): BoundConv(name=/input-8/conv_2, inputs=[/68, /input-8/conv_2_w], perturbed=True)
  (/input-8/conv_2_w): BoundParams(name=/input-8/conv_2_w, inputs=[], perturbed=False)
  (/input-8/conv_3): BoundConv(name=/input-8/conv_3, inputs=[/input-8/add_1_2, /input-8/conv_3_w], perturbed=True)
  (/input-8/conv_3_relu): BoundRelu(name=/input-8/conv_3_relu, inputs=[/input-8/conv_3], perturbed=True)
  (/input-8/conv_3_w): BoundParams(name=/input-8/conv_3_w, inputs=[], perturbed=False)
  (/input-8/conv_4): BoundConv(name=/input-8/conv_4, inputs=[/input-8/add_1_2, /input-8/conv_4_w], perturbed=True)
  (/input-8/conv_4_w): BoundParams(name=/input-8/conv_4_w, inputs=[], perturbed=False)
  (/input-8/add_1_2): BoundAdd(name=/input-8/add_1_2, inputs=[/input-8/conv_1_relu, /input-8/conv_2], perturbed=True)
  (/input-8/add_3_4): BoundAdd(name=/input-8/add_3_4, inputs=[/input-8/conv_3_relu, /input-8/conv_4], perturbed=True)
  (/input-20/conv_1): BoundConv(name=/input-20/conv_1, inputs=[/73, /input-20/conv_1_w], perturbed=True)
  (/input-20/conv_1_relu): BoundRelu(name=/input-20/conv_1_relu, inputs=[/input-20/conv_1], perturbed=True)
  (/input-20/conv_1_w): BoundParams(name=/input-20/conv_1_w, inputs=[], perturbed=False)
  (/input-20/conv_2): BoundConv(name=/input-20/conv_2, inputs=[/73, /input-20/conv_2_w], perturbed=True)
  (/input-20/conv_2_w): BoundParams(name=/input-20/conv_2_w, inputs=[], perturbed=False)
  (/input-20/conv_3): BoundConv(name=/input-20/conv_3, inputs=[/input-20/add_1_2, /input-20/conv_3_w], perturbed=True)
  (/input-20/conv_3_relu): BoundRelu(name=/input-20/conv_3_relu, inputs=[/input-20/conv_3], perturbed=True)
  (/input-20/conv_3_w): BoundParams(name=/input-20/conv_3_w, inputs=[], perturbed=False)
  (/input-20/conv_4): BoundConv(name=/input-20/conv_4, inputs=[/input-20/add_1_2, /input-20/conv_4_w], perturbed=True)
  (/input-20/conv_4_w): BoundParams(name=/input-20/conv_4_w, inputs=[], perturbed=False)
  (/input-20/add_1_2): BoundAdd(name=/input-20/add_1_2, inputs=[/input-20/conv_1_relu, /input-20/conv_2], perturbed=True)
  (/input-20/add_3_4): BoundAdd(name=/input-20/add_3_4, inputs=[/input-20/conv_3_relu, /input-20/conv_4], perturbed=True)
  (/input-36/conv_1): BoundConv(name=/input-36/conv_1, inputs=[/80, /input-36/conv_1_w], perturbed=True)
  (/input-36/conv_1_relu): BoundRelu(name=/input-36/conv_1_relu, inputs=[/input-36/conv_1], perturbed=True)
  (/input-36/conv_1_w): BoundParams(name=/input-36/conv_1_w, inputs=[], perturbed=False)
  (/input-36/conv_2): BoundConv(name=/input-36/conv_2, inputs=[/80, /input-36/conv_2_w], perturbed=True)
  (/input-36/conv_2_w): BoundParams(name=/input-36/conv_2_w, inputs=[], perturbed=False)
  (/input-36/conv_3): BoundConv(name=/input-36/conv_3, inputs=[/input-36/add_1_2, /input-36/conv_3_w], perturbed=True)
  (/input-36/conv_3_relu): BoundRelu(name=/input-36/conv_3_relu, inputs=[/input-36/conv_3], perturbed=True)
  (/input-36/conv_3_w): BoundParams(name=/input-36/conv_3_w, inputs=[], perturbed=False)
  (/input-36/conv_4): BoundConv(name=/input-36/conv_4, inputs=[/input-36/add_1_2, /input-36/conv_4_w], perturbed=True)
  (/input-36/conv_4_w): BoundParams(name=/input-36/conv_4_w, inputs=[], perturbed=False)
  (/input-36/add_1_2): BoundAdd(name=/input-36/add_1_2, inputs=[/input-36/conv_1_relu, /input-36/conv_2], perturbed=True)
  (/input-36/add_3_4): BoundAdd(name=/input-36/add_3_4, inputs=[/input-36/conv_3_relu, /input-36/conv_4], perturbed=True)
  (/input-52/conv_1): BoundConv(name=/input-52/conv_1, inputs=[/87, /input-52/conv_1_w], perturbed=True)
  (/input-52/conv_1_relu): BoundRelu(name=/input-52/conv_1_relu, inputs=[/input-52/conv_1], perturbed=True)
  (/input-52/conv_1_w): BoundParams(name=/input-52/conv_1_w, inputs=[], perturbed=False)
  (/input-52/conv_2): BoundConv(name=/input-52/conv_2, inputs=[/87, /input-52/conv_2_w], perturbed=True)
  (/input-52/conv_2_w): BoundParams(name=/input-52/conv_2_w, inputs=[], perturbed=False)
  (/input-52/conv_3): BoundConv(name=/input-52/conv_3, inputs=[/input-52/add_1_2, /input-52/conv_3_w], perturbed=True)
  (/input-52/conv_3_relu): BoundRelu(name=/input-52/conv_3_relu, inputs=[/input-52/conv_3], perturbed=True)
  (/input-52/conv_3_w): BoundParams(name=/input-52/conv_3_w, inputs=[], perturbed=False)
  (/input-52/conv_4): BoundConv(name=/input-52/conv_4, inputs=[/input-52/add_1_2, /input-52/conv_4_w], perturbed=True)
  (/input-52/conv_4_w): BoundParams(name=/input-52/conv_4_w, inputs=[], perturbed=False)
  (/input-52/add_1_2): BoundAdd(name=/input-52/add_1_2, inputs=[/input-52/conv_1_relu, /input-52/conv_2], perturbed=True)
  (/input-52/add_3_4): BoundAdd(name=/input-52/add_3_4, inputs=[/input-52/conv_3_relu, /input-52/conv_4], perturbed=True)
  (/95/conv_1): BoundConv(name=/95/conv_1, inputs=[/94, /95/conv_1_w], perturbed=True)
  (/95/conv_1_relu): BoundRelu(name=/95/conv_1_relu, inputs=[/95/conv_1], perturbed=True)
  (/95/conv_1_w): BoundParams(name=/95/conv_1_w, inputs=[], perturbed=False)
  (/95/conv_2): BoundConv(name=/95/conv_2, inputs=[/94, /95/conv_2_w], perturbed=True)
  (/95/conv_2_w): BoundParams(name=/95/conv_2_w, inputs=[], perturbed=False)
  (/95/conv_3): BoundConv(name=/95/conv_3, inputs=[/95/add_1_2, /95/conv_3_w], perturbed=True)
  (/95/conv_3_relu): BoundRelu(name=/95/conv_3_relu, inputs=[/95/conv_3], perturbed=True)
  (/95/conv_3_w): BoundParams(name=/95/conv_3_w, inputs=[], perturbed=False)
  (/95/conv_4): BoundConv(name=/95/conv_4, inputs=[/95/add_1_2, /95/conv_4_w], perturbed=True)
  (/95/conv_4_w): BoundParams(name=/95/conv_4_w, inputs=[], perturbed=False)
  (/95/add_1_2): BoundAdd(name=/95/add_1_2, inputs=[/95/conv_1_relu, /95/conv_2], perturbed=True)
  (/95/add_3_4): BoundAdd(name=/95/add_3_4, inputs=[/95/conv_3_relu, /95/conv_4], perturbed=True)
)
Model prediction is: tensor([ 6.15508139e-01,  2.60938811e+00, -5.34326136e-01, -7.72018790e-01,
        -8.86855483e-01,  8.06697249e-01,  2.86759824e-01, -1.45188391e+00,
        -1.13544822e+00, -4.81046736e-01,  7.61094987e-01,  1.38279843e+00,
         7.83645093e-01,  3.88173729e-01,  8.68815482e-01,  1.11864841e+00,
         2.80712426e-01, -1.03557909e+00, -1.05052233e-01,  4.20053214e-01,
        -1.05319120e-01,  1.22818244e+00,  7.92437315e-01, -3.49502355e-01,
         7.36697733e-01,  2.67844498e-01,  2.53293252e+00,  1.35632324e+00,
        -7.97599331e-02,  1.35946250e+00, -8.52422774e-01,  1.92750013e+00,
         5.82750678e-01, -4.27284300e-01, -8.86631787e-01, -1.81440875e-01,
         1.10102057e+00, -9.05870616e-01,  2.03741813e+00, -6.83556423e-02,
         2.20901012e+00,  7.55216062e-01,  1.16103661e+00,  4.90480959e-01,
         1.53496265e+00,  5.23080111e-01,  1.98689592e+00,  1.07773697e+00,
        -7.16526926e-01, -1.09428972e-01,  2.42321506e-01, -1.71343613e+00,
         1.58794487e+00,  1.59926927e+00,  1.04974926e-01,  5.22659004e-01,
         1.04706669e+00, -6.33331835e-01,  1.48318076e+00,  9.86243308e-01,
         1.07703733e+00,  3.30531925e-01,  2.18549207e-01,  1.32056117e+00,
         1.34895957e+00,  1.23590529e-01,  2.53481150e-01, -2.78037608e-01,
        -2.06807330e-01, -2.44469613e-01,  2.24259591e+00,  1.75470757e+00,
         1.56317055e+00,  2.85159826e+00,  2.10906577e+00,  3.17239881e+00,
         1.66371000e+00,  3.67407990e+00,  3.77313685e+00,  3.09279585e+00,
         9.04269814e-01, -6.46287262e-01,  3.36270511e-01,  7.00261891e-02,
        -4.78711188e-01,  1.67606890e-01, -1.89649910e-01,  7.38837779e-01,
         7.95845270e-01, -4.56786275e-01,  3.26438487e-01, -1.38168454e-01,
         1.79213238e+00,  5.06129622e-01,  1.15446544e+00,  2.06833139e-01,
         1.58299518e+00, -7.35449791e-01,  1.56125888e-01, -8.08134437e-01,
         6.98411837e-04, -1.54509544e+00, -1.86021030e+00,  6.98858202e-01,
        -7.95626521e-01, -1.81920087e+00, -1.12693906e+00, -4.98668343e-01,
        -7.89008081e-01, -1.23546839e+00,  5.69107652e-01,  3.34296703e+00,
         4.71829146e-01,  1.16549504e+00,  1.48567855e+00, -2.32635692e-01,
        -1.11373231e-01,  2.79020429e-01,  1.88697204e-02,  1.75441056e-01,
         3.84168297e-01, -7.77608395e-01, -9.74374115e-01, -1.41554737e+00,
        -3.66789997e-01, -3.56509238e-01,  2.37805152e+00,  2.59127989e-02,
         1.21782625e+00,  4.61891353e-01, -2.15241864e-01, -6.87279344e-01,
         3.10979992e-01,  2.80336410e-01, -2.86698699e-01, -3.16826761e-01,
        -7.10406780e-01, -5.79361804e-02,  8.80453646e-01, -6.75332487e-01,
        -1.27890968e+00,  5.58031797e-01, -4.50249285e-01, -5.36323845e-01,
        -6.56437457e-01, -3.46262664e-01, -4.30803746e-01,  3.19776446e-01,
        -7.41272092e-01,  3.18300873e-02, -1.39850223e+00,  8.07270885e-01,
        -5.55475235e-01,  7.85191774e-01,  5.28716862e-01,  3.42266373e-02,
        -3.38503122e-01,  5.05134106e-01, -4.95286882e-01, -7.27859974e-01,
        -8.67426872e-01, -2.52030790e-01,  5.09188354e-01, -4.93818611e-01,
        -7.60992348e-01, -4.88414258e-01, -5.13793886e-01, -5.85401177e-01,
        -5.33056855e-02, -1.31667197e-01, -4.88954276e-01, -5.22823095e-01,
        -1.32884693e+00, -1.14028290e-01, -9.00289774e-01, -6.17935240e-01,
        -1.05478096e+00, -4.80354697e-01, -2.01375887e-01, -1.15752137e+00,
        -1.50503838e+00, -2.47028515e-01,  4.87291455e-01, -6.19443774e-01,
        -4.87313196e-02, -7.17604607e-02,  1.30614117e-01,  8.86794329e-01,
        -2.69528389e-01, -4.00729716e-01, -1.75113440e-01,  6.01176620e-01,
        -4.03234035e-01, -1.02393188e-01, -4.22548920e-01,  7.25747228e-01,
        -1.27745792e-02, -9.88354146e-01, -9.28397775e-01,  3.89271587e-01,
        -1.63150355e-01, -3.82692516e-01, -2.42633581e-01,  4.23824340e-01,
        -1.07681327e-01, -1.03405809e+00, -9.72112775e-01, -5.48960507e-01,
        -1.01199198e+00, -6.34235203e-01, -1.53702581e+00, -1.90784782e-01,
        -1.75362185e-01, -5.23464739e-01, -1.69181794e-01, -4.44764972e-01,
        -1.04386851e-01, -2.69309431e-01, -6.06167018e-01, -6.53154016e-01,
        -8.79106879e-01, -3.67365181e-01, -4.26200956e-01, -1.07825167e-01,
        -4.82718796e-01, -9.54379439e-01, -1.10898530e+00, -1.10857129e+00,
        -9.53574717e-01,  7.17445552e-01, -2.67407387e-01, -1.44360498e-01,
        -1.26191425e+00, -8.36569488e-01, -2.40067482e-01, -8.58801007e-02,
        -4.89319742e-01,  2.45876834e-02, -8.53273869e-01, -4.91512269e-02,
        -5.28646648e-01, -5.50060928e-01,  2.04915144e-02, -1.42621946e+00,
        -9.60586846e-01, -1.93419605e-01, -1.31677365e+00, -4.86355126e-01,
        -4.59990293e-01, -3.90830338e-01, -5.44142723e-01, -1.42095399e+00,
         4.82103199e-01, -4.13391113e-01,  7.25879908e-01, -1.43723595e+00,
        -1.19344223e+00,  3.08464244e-02,  2.20003247e-01,  1.19309700e+00,
         4.87366736e-01, -3.03288132e-01, -6.45075738e-01, -4.79625195e-01,
        -6.85087323e-01,  5.93906641e-01, -3.61327678e-01, -8.35068941e-01,
        -1.43947875e+00,  4.49585378e-01,  5.20647287e-01,  3.07362705e-01,
         7.59510159e-01,  6.50734603e-01, -1.73185050e-01,  2.62054831e-01,
        -8.25414881e-02,  3.95394355e-01, -2.25307748e-01,  9.58331943e-01,
         3.18932325e-01,  1.24809134e+00,  1.70932651e+00,  2.34111881e+00,
         1.50829887e+00,  3.84910226e-01, -7.81155825e-01,  3.12520862e-02,
        -8.08193088e-02, -5.97329021e-01, -8.12949896e-01, -5.50573468e-01,
        -7.37443864e-01,  4.57627684e-01, -1.18421853e+00, -9.84118581e-01,
        -2.71473110e-01, -5.85357368e-01, -1.38869435e-01,  3.21188331e-01,
         3.45547825e-01,  2.65510464e+00,  1.86016798e+00,  1.81783152e+00,
         1.42140222e+00, -4.72984284e-01,  9.70781147e-01,  2.55684471e+00,
         2.56629872e+00,  9.03847873e-01,  2.46477365e+00,  2.21710253e+00,
         1.52889299e+00,  2.23237777e+00,  2.89697242e+00,  2.07731080e+00,
         2.01850843e+00,  1.37337756e+00,  3.65125799e+00,  2.54437280e+00,
         2.29750228e+00, -7.83411145e-01, -3.47015530e-01, -3.95978659e-01,
        -8.59643459e-01, -7.19840944e-01, -8.78161490e-01,  2.23412126e-01,
        -1.51305759e+00, -8.28868926e-01, -4.30956334e-02,  5.67005336e-01,
         2.03598833e+00,  2.90962666e-01, -6.96293652e-01,  4.19853926e-02,
        -1.47526288e+00, -2.29824573e-01, -7.35365927e-01, -2.13008952e+00,
        -1.59351575e+00, -1.36996233e+00, -1.68547130e+00, -1.61810541e+00,
        -1.04459953e+00, -1.65575528e+00, -1.80010843e+00, -9.93713140e-01,
        -2.57822108e+00, -1.68319583e+00, -1.43365645e+00, -6.93444431e-01,
        -8.91755700e-01, -6.89552963e-01, -1.46077406e+00, -1.88592315e+00,
         2.48596102e-01,  1.79596409e-01,  5.02690554e-01,  5.33382773e-01,
        -6.59850061e-01,  1.52234867e-01,  1.18444756e-01, -2.51565486e-01,
        -1.09401453e+00,  3.39916766e-01, -5.04323661e-01,  4.76778597e-02,
         3.24173182e-01, -5.95516682e-01,  3.91722351e-01, -4.13930178e-01,
        -2.48063058e-01, -1.83430970e-01,  1.44742116e-01, -7.09630072e-01,
        -1.79291844e-01,  1.09007382e+00,  1.65392697e-01, -4.42966640e-01,
         1.18856120e+00, -1.66974962e-04,  8.55176210e-01,  7.10510164e-02,
        -5.12855388e-02, -7.43086815e-01, -1.16008067e+00, -6.81170046e-01,
        -1.73999512e+00,  8.04940701e-01, -3.84560138e-01,  5.52083373e-01,
         1.51626766e-01, -1.90715516e+00, -6.68133020e-01,  1.38102043e+00,
        -1.31129754e+00, -5.61006069e-01, -3.89692217e-01,  2.62168169e-01,
        -1.01814342e+00, -1.05827105e+00,  1.16275229e-01, -9.33934629e-01,
        -6.73443735e-01,  1.03424382e+00, -1.26629531e+00, -7.48187244e-01,
        -2.48470402e+00,  1.88357592e+00, -5.29483676e-01,  1.02845323e+00,
        -1.07035942e-01,  4.86368358e-01,  4.34005857e-01, -2.30514240e+00,
         1.00373197e+00,  5.14231443e-01,  2.81010723e+00,  1.95439696e+00,
         2.48716459e-01, -3.44209671e-01, -2.27415130e-01, -1.19810390e+00,
        -1.54407692e+00, -7.60331869e-01,  7.56836474e-01, -5.79453290e-01,
        -9.24983501e-01,  2.23284408e-01, -3.75458419e-01, -3.93437952e-01,
         5.91524601e-01,  1.46920711e-01,  9.71452177e-01,  1.19158375e+00,
        -1.27097678e+00, -5.27961195e-01,  1.30804586e+00,  7.86732882e-02,
        -8.90522599e-02,  1.55260062e+00, -6.72234714e-01,  1.79864967e+00,
        -1.52591836e+00, -5.10369539e-01,  2.61442351e+00, -9.78308797e-01,
        -1.01514959e+00, -1.60201025e+00, -1.17735398e+00,  9.22505379e-01,
         3.74514788e-01, -5.61385691e-01, -2.13278747e+00,  9.30463374e-02,
        -5.68695366e-02,  1.02183223e+00, -7.94044256e-01,  2.45209306e-01,
        -1.53105569e+00,  2.72893280e-01,  1.94909799e+00, -2.46450245e-01,
         8.15694511e-01,  5.88490844e-01, -1.32665062e+00, -2.46245337e+00,
        -5.46988964e-01,  9.29620802e-01,  1.76896632e+00, -1.13971686e+00,
        -1.49374354e+00,  5.42293787e-01, -9.60999250e-01,  1.37007937e-01,
        -1.64565563e+00, -1.22454381e+00, -5.39096117e-01, -1.66824317e+00,
         1.34020281e+00,  3.77170593e-01, -1.74556196e-01, -1.46961057e+00,
        -1.43476045e+00,  4.93579119e-01, -1.16897598e-01,  1.82988179e+00,
         1.03369333e-01,  3.20770621e-01,  1.21779084e+00, -7.57955909e-01,
         5.40771708e-02,  2.99693167e-01,  8.32060575e-01, -5.30677557e-01,
         4.82625306e-01, -2.22756252e-01, -1.48584509e+00,  2.01082587e+00,
        -2.16589808e+00, -2.98191398e-01, -1.32952511e+00,  5.94465613e-01,
         6.60629094e-01,  2.12530047e-01, -1.10815954e+00,  9.69228864e-01,
         2.58834064e-01, -2.80024934e+00, -1.12493730e+00, -1.64551485e+00,
         4.74070221e-01, -7.46557713e-01, -6.90889001e-01, -4.33478504e-01,
        -1.35818458e+00,  6.32077575e-01, -4.93017703e-01, -9.42621231e-01,
        -4.62519646e-01, -5.65816090e-03, -1.21637642e+00, -8.97527695e-01,
        -7.10939318e-02, -1.21428835e+00, -3.95507425e-01, -1.12806708e-01,
        -8.83776248e-01, -5.95722616e-01,  1.24824405e+00,  1.76578373e-01,
        -2.03227758e-01, -3.82439457e-02,  1.45237184e+00, -1.99246573e+00,
        -1.87804520e+00, -1.03091216e+00, -4.27233994e-01,  1.26096511e+00,
         4.08008039e-01, -8.24797451e-01,  1.41928279e+00, -8.08850050e-01,
        -8.60239565e-01,  5.66775918e-01, -5.44463456e-01, -2.70877051e+00,
        -1.07793480e-01,  2.78425288e+00, -1.53585851e+00, -3.92623097e-01,
         1.36440778e+00,  7.72954345e-01,  8.09586942e-01, -9.99705136e-01,
         4.91693974e+00,  5.14596879e-01,  7.98760116e-01, -1.69314027e-01,
        -1.39308941e+00, -1.09502411e+00,  1.31619155e+00,  1.52104580e+00,
        -8.45871449e-01, -9.78296340e-01, -1.13488841e+00,  2.91992813e-01,
        -2.88023651e-01, -2.56559634e+00, -2.89319843e-01, -1.42538273e+00,
         1.05569899e+00, -1.73689282e+00,  5.17031789e-01, -1.73951244e+00,
        -2.07242918e+00,  1.09619594e+00,  4.04863656e-02, -6.92353547e-01,
        -6.31373644e-01, -1.32713962e+00, -2.70468712e+00, -5.55648386e-01,
         1.85427701e+00,  6.02472365e-01, -1.08340132e+00,  1.74550045e+00,
         1.31161010e+00, -1.14177391e-01,  1.40608072e-01,  4.00517607e+00,
         1.36450222e-02,  8.40564668e-02, -2.84083545e-01, -1.15802515e+00,
         1.84205449e+00,  5.96444130e-01,  2.04069421e-01,  2.74077773e+00,
         1.69215930e+00,  4.35843498e-01,  4.46262091e-01, -2.22910833e+00,
         1.69340539e+00,  1.35241938e+00,  1.38928905e-01, -4.60082918e-01,
         1.11384845e+00, -1.60424936e+00,  1.12776697e+00, -4.78037149e-02,
        -1.79417777e+00, -5.99608064e-01, -2.05092549e-01,  1.95304692e-01,
         2.07221651e+00,  1.15255132e-01,  2.67614770e+00,  2.63433313e+00,
         1.37249053e+00, -7.31413186e-01,  1.19537592e+00,  2.55153060e+00,
        -1.57675493e+00, -1.48009586e+00,  1.91503453e+00, -4.68176126e-01,
        -1.78207278e+00,  1.48068726e+00, -4.15442020e-01,  5.78003645e-01,
         2.65531468e+00,  9.83106852e-01, -2.71121836e+00,  1.06405288e-01,
         1.48864841e+00, -9.82976615e-01, -5.14528036e-01, -7.72172570e-01,
        -1.57916725e+00,  7.75378823e-01, -1.52017295e+00,  1.13339908e-02,
         2.72260833e+00, -1.89882576e+00, -8.84673238e-01,  5.65044761e-01,
         1.07090461e+00, -1.65063703e+00,  2.00585175e+00,  2.58599687e+00,
        -1.31262243e+00, -1.99365899e-01, -1.49148226e+00,  6.65217519e-01,
        -1.31769788e+00,  1.77323306e+00, -1.16833203e-01,  7.48944879e-01,
        -1.06088591e+00, -2.51631212e+00,  7.71765351e-01, -1.12606609e+00,
         1.67446387e+00, -1.43537092e+00,  5.00247955e-01, -4.43397462e-01,
        -9.20398235e-01,  2.55405593e+00, -9.53826606e-01, -1.35428917e+00,
        -8.47136855e-01,  7.05176115e-01,  2.67360687e-01, -1.46827292e+00,
        -7.39862144e-01,  2.01411748e+00, -3.58188272e-01,  6.44763052e-01,
         1.16500342e+00,  8.97371292e-01, -6.44529104e-01,  9.96783257e-01,
        -3.13606471e-01,  2.40369752e-01, -1.84221685e-01, -2.81166530e+00,
         1.43375123e+00,  1.15863934e-01, -3.44094872e+00, -1.87948704e-01,
         1.21059072e+00,  6.23780787e-01, -1.59210694e+00,  3.35764796e-01,
         1.25338817e+00, -6.97132587e-01, -1.31774902e+00,  7.19567835e-02,
         2.29460549e+00,  1.32492280e+00, -2.32041121e-01, -2.13848257e+00,
         2.32670829e-01, -1.96173251e+00, -1.75391078e+00, -1.09070182e-01,
        -1.43958539e-01,  1.28014171e+00,  1.58768803e-01,  1.00103056e+00,
         1.20436776e+00,  2.72933953e-03,  7.34232366e-01, -4.31397200e-01,
        -1.03422558e+00, -2.44779682e+00, -4.04726475e-01, -1.28997803e-01,
         4.09102350e-01,  1.10335672e+00,  1.69486427e+00, -2.22665519e-01,
        -1.95734632e+00,  1.09918118e+00, -7.84007609e-01, -1.99144840e-01,
         5.42705595e-01, -1.04003155e+00, -1.59509003e+00,  1.90993071e+00,
        -5.02428889e-01,  1.05383945e+00, -1.63681877e+00,  2.44666979e-01,
        -3.60374868e-01,  2.05371454e-01,  3.89663458e-01, -1.99263000e+00,
        -6.28403723e-01,  1.51274002e+00, -1.31503141e+00, -9.54600751e-01,
         1.94943702e+00,  3.00911665e-02,  1.16043329e+00,  2.17132151e-01,
         1.60311997e+00,  1.67377639e+00,  3.91881049e-01, -8.71520996e-01,
         9.34181929e-01,  1.83737719e+00,  6.60480738e-01, -1.18108320e+00,
        -2.76049972e-01, -1.57299566e+00, -2.77146727e-01, -1.98034570e-04,
         1.52782691e+00,  1.55458570e+00, -1.83778393e+00,  1.06804931e+00,
         1.14807880e+00, -2.93120712e-01,  2.15755105e-01,  1.08573985e+00,
        -1.09001279e+00,  1.16644502e+00, -1.32960033e+00,  9.57290232e-01,
         1.49831271e+00,  8.16044152e-01, -8.36899161e-01, -2.40904391e-01,
         5.63509881e-01,  1.75914109e+00, -1.56206205e-01, -1.15523326e+00,
        -8.64265323e-01, -3.07253510e-01,  1.93172848e+00,  1.66484523e+00,
         2.46076655e+00, -4.89342898e-01, -1.08972466e+00,  6.95864320e-01,
        -2.36467147e+00,  2.06558371e+00, -8.04295540e-01, -4.89849418e-01,
         9.18467045e-01,  4.70587909e-01,  3.72124481e+00,  3.46396923e-01,
         4.52307403e-01, -3.00056398e-01,  7.11089730e-01,  1.22423017e+00,
        -1.42029190e+00, -1.19639266e+00, -4.10638571e-01,  3.15369546e-01,
         1.00949025e+00, -3.96876723e-01, -4.70390141e-01, -1.70430720e-01,
        -1.29303432e+00,  7.91026711e-01, -2.12431327e-03,  1.09459853e+00,
         1.09897196e+00,  1.55957353e+00, -5.68711042e-01,  1.63718522e+00,
         1.34950519e+00, -1.15837777e+00,  1.67329931e+00,  1.17753670e-01,
        -1.71204460e+00, -1.41630709e+00, -2.57582545e-01, -6.10350668e-01,
         3.77462745e-01, -1.66952431e+00,  7.20791459e-01,  9.22762454e-02,
         3.11885214e+00, -2.08512664e+00, -1.07297909e+00,  1.35624602e-01,
        -1.45897067e+00, -1.10566509e+00,  6.43474817e-01, -2.15747428e+00,
        -1.32663846e-01, -1.92125827e-01,  3.22931074e-02, -8.16583693e-01,
         1.35001457e+00, -7.95701325e-01, -2.86948383e-01, -8.16659987e-01,
         2.32662535e+00,  2.03652906e+00,  1.59510231e+00, -1.10293281e+00,
         1.46166220e-01, -1.16013527e-01,  6.80189207e-03,  2.66355705e+00,
         1.53136551e+00, -2.23790288e+00,  6.13757968e-01,  2.08819366e+00,
        -3.08750081e+00, -8.47686231e-01, -1.01105464e+00, -7.58766115e-01,
        -1.74168289e+00,  1.01979375e+00,  7.46462405e-01, -1.72563946e+00,
        -1.16869938e+00, -2.60570836e+00, -1.85510564e+00, -7.88810968e-01,
         1.21881378e+00, -7.53552496e-01, -1.20148206e+00, -5.36900043e-01,
         7.28396833e-01, -1.09728301e+00, -2.60933733e+00, -2.04599034e-02,
         1.21031046e+00, -1.88356265e-02, -1.71311307e+00,  4.06365514e-01,
        -5.55602312e-01, -7.86562443e-01,  6.86978519e-01,  1.35306537e+00,
        -1.92089349e-01,  3.00496531e+00, -5.56385100e-01, -2.81123430e-01,
        -1.25634968e+00,  2.21762955e-02, -7.73429513e-01, -5.20111918e-01,
         3.20922565e+00,  1.15593302e+00,  1.26886332e+00, -3.55619639e-01,
         1.04659855e+00,  1.27338326e+00,  6.14536941e-01,  4.58473951e-01,
        -5.34510791e-01,  1.11494809e-01,  1.00939369e+00,  7.46946633e-01,
         6.13672781e+00,  2.23941660e+00,  1.62968147e+00, -7.46067986e-02,
         1.56653017e-01,  8.89856756e-01,  1.37554324e+00,  2.41789532e+00,
        -1.46588612e+00, -1.55801988e+00, -6.68448567e-01, -2.00823402e+00,
         4.05857980e-01, -7.73729801e-01, -1.73033506e-01, -4.18440342e-01,
         5.96361518e-01,  1.76910126e+00, -1.34922221e-01, -1.64655536e-01,
        -1.94608462e+00,  2.52750206e+00, -7.13475794e-03, -9.46531236e-01,
        -7.26504266e-01,  1.90913990e-01, -3.38504553e-01, -9.18071151e-01,
        -5.85709095e-01, -1.46935260e+00, -8.26438546e-01, -1.51404113e-01,
        -1.12138832e+00, -1.37235856e+00, -5.19838274e-01, -1.05275929e-01,
        -2.69437209e-02,  2.64186300e-02,  5.86719155e-01, -1.15033146e-03,
        -2.54624915e+00,  1.03007786e-01, -1.19041955e+00, -8.00779402e-01,
         1.92368948e+00,  1.58145285e+00,  9.80001390e-01,  3.29580247e-01,
         7.66624868e-01,  4.25192595e-01,  2.55076766e-01, -1.00966191e+00,
        -8.52201641e-01,  5.75200438e-01, -1.25232184e+00, -1.03755569e+00,
        -9.74274874e-01, -6.92897379e-01, -8.71327519e-01, -7.67226875e-01,
        -6.52971506e-01, -1.24806249e+00,  1.54679966e+00,  6.32989705e-02,
         8.43436897e-01,  3.47761720e-01, -1.42793560e+00,  1.98927426e+00,
        -8.49625766e-01, -9.87339497e-01,  1.80645895e+00, -2.34536082e-01,
        -1.09001780e+00,  2.51729727e-01, -1.82593793e-01, -1.88012671e+00,
         1.34460437e+00,  1.01322472e-01, -4.56630468e-01, -8.76584709e-01,
        -5.02625585e-01,  3.91034722e-01, -5.59493959e-01,  4.68694031e-01,
         3.19081247e-02,  1.44295812e+00, -7.14276075e-01, -1.21411395e+00,
        -9.89762068e-01, -2.14256549e+00, -1.28355193e+00, -1.05516613e+00,
        -1.13572896e+00, -1.79808307e+00,  6.79978669e-01,  9.16900635e-01],
       device='cuda:0')
Clean RHS: tensor([[0.29453376]], device='cuda:0')
Split layers:
Nonlinear functions:
   BoundRelu(name=/66, inputs=[/input], perturbed=True)
   BoundRelu(name=/68, inputs=[/input-4], perturbed=True)
   BoundRelu(name=/71, inputs=[/input-12], perturbed=True)
   BoundRelu(name=/73, inputs=[/input-16], perturbed=True)
   BoundRelu(name=/76, inputs=[/input-24], perturbed=True)
   BoundRelu(name=/78, inputs=[/input-28], perturbed=True)
   BoundRelu(name=/80, inputs=[/input-32], perturbed=True)
   BoundRelu(name=/83, inputs=[/input-40], perturbed=True)
   BoundRelu(name=/85, inputs=[/input-44], perturbed=True)
   BoundRelu(name=/87, inputs=[/input-48], perturbed=True)
   BoundRelu(name=/90, inputs=[/input-56], perturbed=True)
   BoundRelu(name=/92, inputs=[/input-60], perturbed=True)
   BoundRelu(name=/94, inputs=[/input-64], perturbed=True)
   BoundRelu(name=/98, inputs=[/input-68], perturbed=True)
   BoundRelu(name=/101, inputs=[/input-72], perturbed=True)
   BoundRelu(name=/input-8/conv_1_relu, inputs=[/input-8/conv_1], perturbed=True)
   BoundRelu(name=/input-8/conv_3_relu, inputs=[/input-8/conv_3], perturbed=True)
   BoundRelu(name=/input-20/conv_1_relu, inputs=[/input-20/conv_1], perturbed=True)
   BoundRelu(name=/input-20/conv_3_relu, inputs=[/input-20/conv_3], perturbed=True)
   BoundRelu(name=/input-36/conv_1_relu, inputs=[/input-36/conv_1], perturbed=True)
   BoundRelu(name=/input-36/conv_3_relu, inputs=[/input-36/conv_3], perturbed=True)
   BoundRelu(name=/input-52/conv_1_relu, inputs=[/input-52/conv_1], perturbed=True)
   BoundRelu(name=/input-52/conv_3_relu, inputs=[/input-52/conv_3], perturbed=True)
   BoundRelu(name=/95/conv_1_relu, inputs=[/95/conv_1], perturbed=True)
   BoundRelu(name=/95/conv_3_relu, inputs=[/95/conv_3], perturbed=True)
Batched CROWN: node BoundConv(name=/input-4, inputs=[/66, /35, /36], perturbed=True), unstable size 13590
Batched CROWN: node BoundConv(name=/input-8/conv_1, inputs=[/68, /input-8/conv_1_w], perturbed=True), unstable size 12801
Batched CROWN: node BoundConv(name=/input-8/conv_3, inputs=[/input-8/add_1_2, /input-8/conv_3_w], perturbed=True), unstable size 6460
Batched CROWN: node BoundConv(name=/input-12, inputs=[/input-8/add_3_4, /37, /38], perturbed=True), unstable size 128982
Batched CROWN: node BoundConv(name=/input-16, inputs=[/71, /39, /40], perturbed=True), unstable size 1013481
Batched CROWN: node BoundConv(name=/input-20/conv_1, inputs=[/73, /input-20/conv_1_w], perturbed=True), unstable size 53133
Batched CROWN: node BoundConv(name=/input-20/conv_3, inputs=[/input-20/add_1_2, /input-20/conv_3_w], perturbed=True), unstable size 23453
Batched CROWN: node BoundConv(name=/input-24, inputs=[/input-20/add_3_4, /41, /42], perturbed=True), unstable size 637524
Batched CROWN: node BoundConv(name=/input-28, inputs=[/76, /43, /44], perturbed=True), unstable size 679057
Batched CROWN: node BoundConv(name=/input-32, inputs=[/78, /45, /46], perturbed=True), unstable size 371193
Batched CROWN: node BoundConv(name=/input-36/conv_1, inputs=[/80, /input-36/conv_1_w], perturbed=True), unstable size 18341
Batched CROWN: node BoundConv(name=/input-36/conv_3, inputs=[/input-36/add_1_2, /input-36/conv_3_w], perturbed=True), unstable size 10875
Batched CROWN: node BoundConv(name=/input-40, inputs=[/input-36/add_3_4, /47, /48], perturbed=True), unstable size 272536
Batched CROWN: node BoundConv(name=/input-44, inputs=[/83, /49, /50], perturbed=True), unstable size 275837
Batched CROWN: node BoundConv(name=/input-48, inputs=[/85, /51, /52], perturbed=True), unstable size 95794
Batched CROWN: node BoundConv(name=/input-52/conv_1, inputs=[/87, /input-52/conv_1_w], perturbed=True), unstable size 3368
Batched CROWN: node BoundConv(name=/input-52/conv_3, inputs=[/input-52/add_1_2, /input-52/conv_3_w], perturbed=True), unstable size 2439
Batched CROWN: node BoundConv(name=/input-56, inputs=[/input-52/add_3_4, /53, /54], perturbed=True), unstable size 62699
Batched CROWN: node BoundConv(name=/input-60, inputs=[/90, /55, /56], perturbed=True), unstable size 77996
Batched CROWN: node BoundConv(name=/input-64, inputs=[/92, /57, /58], perturbed=True), unstable size 21488
Batched CROWN: node BoundConv(name=/95/conv_1, inputs=[/94, /95/conv_1_w], perturbed=True), unstable size 751
Batched CROWN: node BoundConv(name=/95/conv_3, inputs=[/95/add_1_2, /95/conv_3_w], perturbed=True), unstable size 449
Batched CROWN: node BoundLinear(name=/input-68, inputs=[/96, /59, /60], perturbed=True), unstable size 3784
Batched CROWN: node BoundLinear(name=/input-72, inputs=[/99, /61, /62], perturbed=True), unstable size 3746
initial crown bounds: tensor([[0.22755368]], device='cuda:0')
Number of class (without rhs): 0 ; Worst class: (+ rhs) 0.22755368053913116
Verified by initial bound!
Result: unsat
Time: 762.5329525470734
[rank 0] === Checking instance ID 774 ===
[rank 0] >>> Running ID=774 onnx=onnx/vgg16-7.onnx
Configurations:

general:
  device: cuda
  seed: 100
  conv_mode: patches
  deterministic: false
  double_fp: false
  loss_reduction_func: max
  sparse_alpha: true
  sparse_interm: true
  save_adv_example: false
  verify_onnxruntime_output: false
  eval_adv_example: false
  show_adv_example: false
  precompile_jit: false
  prepare_only: false
  complete_verifier: bab
  enable_incomplete_verification: false
  csv_name: instances.csv
  results_file: results/vggnet16_all_p_4/result_774.rank0.txt
  root_path: ../../vnncomp2023_benchmarks/benchmarks/vggnet16
  deterministic_opt: false
  graph_optimizer: 'Customized("custom_graph_optimizer", "maxpool_to_relu")'
  buffer_has_batchdim: false
  save_output: false
  output_file: out.pkl
  return_optimized_model: false
  output_additional_stats: true
  instance_id: 774
  dataset_output_dir: dataset
  min_stable_neurons_ratio_threshold: 0.0
model:
  name: null
  path: null
  onnx_path: /projects/air/dlverifier/vggnet16_all/onnx/vgg16-7.onnx
  onnx_path_prefix: ''
  cache_onnx_conversion: true
  debug_onnx: false
  onnx_quirks: null
  input_shape: null
  onnx_loader: default_onnx_and_vnnlib_loader
  onnx_optimization_flags: []
  onnx_vnnlib_joint_optimization_flags: none
  check_optimized: false
  flatten_final_output: false
  optimize_graph: null
  with_jacobian: false
data:
  start: 0
  end: 10000
  select_instance: null
  num_outputs: 1000
  mean: 0.0
  std: 1.0
  pkl_path: null
  dataset: null
  data_filter_path: null
  data_idx_file: null
specification:
  type: lp
  robustness_type: verified-acc
  norm: .inf
  epsilon: null
  epsilon_min: 0.0
  vnnlib_path: /projects/air/dlverifier/vggnet16_all/vnnlib/n02090622_borzoi_fix_nonmask_seg0_k50176_eps_0.0003.vnnlib
  vnnlib_path_prefix: ''
  rhs_offset: null
solver:
  batch_size: 1
  auto_enlarge_batch_size: false
  min_batch_size_ratio: 0.1
  use_float64_in_last_iteration: false
  early_stop_patience: 10
  start_save_best: 0.5
  bound_prop_method: forward+backward
  init_bound_prop_method: same
  prune_after_crown: false
  optimize_disjuncts_separately: false
  crown:
    batch_size: 16
    max_crown_size: 1000000000
    relu_option: adaptive
  alpha-crown:
    alpha: true
    lr_alpha: 0.1
    iteration: 100
    share_alphas: false
    lr_decay: 0.98
    full_conv_alpha: true
    max_coeff_mul: .inf
    matmul_share_alphas: false
    disable_optimization: []
    max_time: 1.0
  invprop:
    apply_output_constraints_to: []
    tighten_input_bounds: false
    best_of_oc_and_no_oc: false
    directly_optimize: []
    oc_lr: 0.1
    share_gammas: false
  beta-crown:
    lr_alpha: 0.01
    lr_beta: 0.05
    lr_decay: 0.98
    optimizer: adam
    iteration: 10
    beta: true
    beta_warmup: true
    enable_opt_interm_bounds: false
    all_node_split_LP: false
  forward:
    refine: false
    dynamic: true
    max_dim: 100
    reset_threshold: 1.0
  intermediate_refinement:
    enabled: false
    batch_size: 10
    opt_coeffs: false
    opt_bias: false
    lr: 0.05
    layers: [-1]
    max_domains: 1000
  multi_class:
    label_batch_size: 32
    skip_with_refined_bound: true
  mip:
    unstable_neuron_threshold: 0
    parallel_solvers: null
    solver_threads: 1
    refine_neuron_timeout: 15
    refine_neuron_time_percentage: 0.8
    early_stop: true
    adv_warmup: true
    mip_solver: gurobi
    skip_unsafe: false
    topk_filter: 1.0
    sliding_window: -1
    extra_constraint: false
    refine_neuron_timeout_increasement: 0
    timeout_neuron_percentage: 0.3
    remaining_timeout_threshold: 1
    remove_unstable_neurons: true
    lp_solver: false
bab:
  initial_max_domains: 1
  backing_up_max_domain: null
  max_domains: .inf
  decision_thresh: 0
  timeout: 1200.0
  timeout_scale: 1
  max_iterations: -1
  override_timeout: null
  get_upper_bound: false
  pruning_in_iteration: true
  pruning_in_iteration_ratio: 0.2
  sort_targets: false
  batched_domain_list: true
  optimized_interm: ''
  interm_transfer: true
  recompute_interm: false
  sort_domain_interval: -1
  vanilla_crown: false
  tree_traversal: depth_first
  cut:
    enabled: false
    cuts_path: /tmp/abcrown_cuts
    implication: false
    bab_cut: false
    lp_cut: false
    method: null
    lr: 0.01
    lr_decay: 1.0
    iteration: 100
    bab_iteration: -1
    early_stop_patience: -1
    lr_beta: 0.02
    number_cuts: 50
    topk_cuts_in_filter: 1000
    batch_size_primal: 100
    max_num: 1000000000
    patches_cut: false
    cplex_cuts: false
    cplex_cuts_wait: 0
    cplex_cuts_revpickup: true
    cut_reference_bounds: true
    fix_intermediate_bounds: false
    _tmp_cuts: null
    fixed_cuts: false
    add_implied_cuts: false
    add_input_cuts: false
    biccos:
      enabled: false
      constraint_strengthening: true
      recursively_strengthening: false
      drop_ratio: 0.5
      verified_bonus: 0.3
      max_infer_iter: 20
      heuristic: neuron_influence_score
      save_biccos_cuts: false
      multi_tree_branching:
        enabled: false
        restore_best_tree: false
        keep_n_best_domains: 1
        k_splits: 1
        iterations: 1
  branching:
    method: sb
    candidates: 3
    reduceop: min
    enable_intermediate_bound_opt: false
    branching_input_and_activation: false
    branching_input_and_activation_order: [input, relu]
    branching_input_iterations: 30
    branching_relu_iterations: 50
    gnn_path: ''
    neural_heuristic:
      model_path: ''
    rl:
      experiment: general
      eval: false
      extras: []
      logging:
        color: true
        debug: true
        file: rl-experiment.log
      pnet:
        gH: 64
        tH: 64
        nheads: 64
        nlayers: 64
        useDynamicGraph: true
        bidirectional: false
        GAT: true
      training:
        gamma: 0.99
        lr: 0.001
        batchSize: 8
        loop: 8
        totalEpochs: 10
        updatePolicyFrequency: 10
        updateTargetFrequency: 10
        buffer: buffer.pkl
        preparedBuffer: 'False'
        TestingPreparedBuffer: false
        scriptTraining: false
        policynet: policy-checkpoint.pt
        targetnet: target-checkpoint.pt
        datasetShuffle: true
        targetedData: all
        splitRatio: 0.8
        maxInstances: -1
        trainingMode: full
        reward:
          norm: null
          bonus: 10.0
          penalty: -1.0
      egreedy:
        epsilon: 0.1
        epsilonDecay: 0.1
        minEpsilon: 0.1
        ePath: epsilon.pt
        enabled: true
      expert:
        useExpertUntilEpisode: 0.1
        enabled: true
        learnToImitateExpertEpochs: 10
    nonlinear_split:
      method: shortcut
      branching_point_method: uniform
      num_branches: 2
      filter: false
      filter_beta: false
      filter_clamp: false
      filter_batch_size: 10000
      filter_iterations: 25
      relu_only: false
      loose_tanh_threshold: null
      dynamic_bbps: false
      dynamic_options: [uniform, three_left, three_right]
      branching_point_node: ''
      branching_point_db: []
    input_split:
      enable_clip_domains: false
      split_hint: null
      reorder_bab: false
      enable: true
      enhanced_bound_prop_method: alpha-crown
      enhanced_branching_method: naive
      enhanced_bound_patience: 100000000.0
      attack_patience: 100000000.0
      adv_check: 0
      split_partitions: 2
      sb_margin_weight: 1.0
      sb_sum: false
      sb_primary_spec: null
      bf_backup_thresh: -1
      bf_rhs_offset: 0
      bf_iters: 1000000000.0
      bf_batch_size: 100000
      bf_zero_crossing_score: false
      touch_zero_score: 0
      ibp_enhancement: false
      catch_assertion: false
      compare_with_old_bounds: false
      update_rhs_with_attack: false
      sb_coeff_thresh: 0.001
      sort_index: null
      sort_descending: true
      show_progress: false
      presplit_domains: null
      skip_getting_worst_domain: false
  attack:
    enabled: false
    beam_candidates: 8
    beam_depth: 7
    max_dive_fix_ratio: 0.8
    min_local_free_ratio: 0.2
    mip_start_iteration: 5
    mip_timeout: 30.0
    adv_pool_threshold: null
    refined_mip_attacker: false
    refined_batch_size: null
attack:
  pgd_order: input_bab
  pgd_steps: 100
  pgd_restarts: 30
  pgd_batch_size: 100000000
  pgd_early_stop: true
  pgd_lr_decay: 0.99
  pgd_alpha: auto
  pgd_alpha_scale: false
  pgd_loss_mode: null
  pgd_restart_when_stuck: false
  enable_mip_attack: false
  adv_saver: default_adv_saver
  adv_verifier: default_adv_verifier
  early_stop_condition: default_early_stop_condition
  adv_example_finalizer: default_adv_example_finalizer
  pgd_loss: default_pgd_loss
  cex_path: ./test_cex.txt
  attack_mode: PGD
  attack_tolerance: 0.0
  attack_func: attack_with_general_specs
  gama_lambda: 10.0
  gama_decay: 0.9
  check_clean: true
  input_split:
    pgd_steps: 100
    pgd_restarts: 30
    pgd_alpha: auto
  input_split_enhanced:
    pgd_steps: 200
    pgd_restarts: 500000
    pgd_alpha: auto
  input_split_check_adv:
    enabled: auto
    pgd_steps: 5
    pgd_restarts: 5
    pgd_alpha: auto
    max_num_domains: 10
debug:
  sanity_check: Full+Graph
  view_model: false
  lp_test: null
  rescale_vnnlib_ptb: null
  test_optimized_bounds: false
  test_optimized_bounds_after_n_iterations: 0
  print_verbose_decisions: false

Experiments at Thu Feb 19 06:11:30 2026 on d1026
Internal results will be saved to results/vggnet16_all_p_4/result_774.rank0.txt.

[ZRL] %%%%%%%%%%%%%%%%%%%%%%%%%%%%%%%%%%% idx: 0, vnnlib ID: 0 %%%%%%%%%%%%%%%%%%%%%%%%%%%%%%%%%%%
Using onnx /projects/air/dlverifier/vggnet16_all/onnx/vgg16-7.onnx
Using vnnlib /projects/air/dlverifier/vggnet16_all/vnnlib/n02090622_borzoi_fix_nonmask_seg0_k50176_eps_0.0003.vnnlib
150528 inputs and 1000 outputs in vnnlib
Loading cached onnx model from /projects/air/dlverifier/vggnet16_all/onnx/vgg16-7.onnx.cached
Cannot read cached onnx file. Regenerating...
Loading onnx /projects/air/dlverifier/vggnet16_all/onnx/vgg16-7.onnx with quirks {}
Finished onnx model loading in 38.2577 seconds
Number of perturbed inputs: 123894
WARNING: prioritizing attack due to too many perturbed pixels on VGG
Setting arguments.Config["attack"]["pgd_order"] to "before"
Setting bound_prop_method to crown
Attack parameters: initialization=uniform, steps=100, restarts=30, alpha=7.500499486923218e-05, initialization=uniform, GAMA=False
Model output of first 5 examples:
 tensor([[ 6.15508437e-01,  2.60938787e+00, -5.34326255e-01, -7.72019029e-01,
         -8.86855483e-01,  8.06697011e-01,  2.86759913e-01, -1.45188439e+00,
         -1.13544869e+00, -4.81047332e-01,  7.61094153e-01,  1.38279784e+00,
          7.83644736e-01,  3.88173312e-01,  8.68814826e-01,  1.11864781e+00,
          2.80711591e-01, -1.03557980e+00, -1.05052873e-01,  4.20052767e-01,
         -1.05319962e-01,  1.22818184e+00,  7.92437017e-01, -3.49502683e-01,
          7.36697197e-01,  2.67844319e-01,  2.53293228e+00,  1.35632324e+00,
         -7.97598585e-02,  1.35946262e+00, -8.52422893e-01,  1.92750025e+00,
          5.82750440e-01, -4.27284569e-01, -8.86632264e-01, -1.81441113e-01,
          1.10102046e+00, -9.05870497e-01,  2.03741813e+00, -6.83555529e-02,
          2.20901012e+00,  7.55215645e-01,  1.16103625e+00,  4.90480661e-01,
          1.53496265e+00,  5.23080111e-01,  1.98689592e+00,  1.07773662e+00,
         -7.16526747e-01, -1.09429516e-01,  2.42321059e-01, -1.71343577e+00,
          1.58794487e+00,  1.59926939e+00,  1.04974777e-01,  5.22659063e-01,
          1.04706669e+00, -6.33332253e-01,  1.48318052e+00,  9.86242950e-01,
          1.07703733e+00,  3.30532163e-01,  2.18549296e-01,  1.32056093e+00,
          1.34895933e+00,  1.23590022e-01,  2.53481030e-01, -2.78037697e-01,
         -2.06807598e-01, -2.44469702e-01,  2.24259591e+00,  1.75470746e+00,
          1.56317008e+00,  2.85159802e+00,  2.10906577e+00,  3.17239833e+00,
          1.66371012e+00,  3.67408013e+00,  3.77313685e+00,  3.09279585e+00,
          9.04269040e-01, -6.46287918e-01,  3.36269975e-01,  7.00256675e-02,
         -4.78711754e-01,  1.67606205e-01, -1.89650670e-01,  7.38837779e-01,
          7.95844913e-01, -4.56786484e-01,  3.26438189e-01, -1.38169140e-01,
          1.79213166e+00,  5.06129265e-01,  1.15446484e+00,  2.06832498e-01,
          1.58299506e+00, -7.35450089e-01,  1.56125143e-01, -8.08135211e-01,
          6.97875395e-04, -1.54509544e+00, -1.86021018e+00,  6.98857725e-01,
         -7.95626700e-01, -1.81920087e+00, -1.12693906e+00, -4.98668671e-01,
         -7.89008379e-01, -1.23546851e+00,  5.69107115e-01,  3.34296632e+00,
          4.71829027e-01,  1.16549456e+00,  1.48567843e+00, -2.32636154e-01,
         -1.11373439e-01,  2.79020339e-01,  1.88701376e-02,  1.75441101e-01,
          3.84168357e-01, -7.77608156e-01, -9.74373877e-01, -1.41554713e+00,
         -3.66790026e-01, -3.56509328e-01,  2.37805104e+00,  2.59121805e-02,
          1.21782529e+00,  4.61890519e-01, -2.15242505e-01, -6.87280297e-01,
          3.10979158e-01,  2.80335635e-01, -2.86699712e-01, -3.16827714e-01,
         -7.10407615e-01, -5.79367988e-02,  8.80452991e-01, -6.75333321e-01,
         -1.27891040e+00,  5.58030665e-01, -4.50250208e-01, -5.36324680e-01,
         -6.56437993e-01, -3.46262753e-01, -4.30804104e-01,  3.19775909e-01,
         -7.41272449e-01,  3.18299085e-02, -1.39850259e+00,  8.07271123e-01,
         -5.55475354e-01,  7.85192013e-01,  5.28717160e-01,  3.42267863e-02,
         -3.38502884e-01,  5.05134225e-01, -4.95286882e-01, -7.27859974e-01,
         -8.67426872e-01, -2.52030551e-01,  5.09188652e-01, -4.93818671e-01,
         -7.60992289e-01, -4.88414139e-01, -5.13793886e-01, -5.85401356e-01,
         -5.33054844e-02, -1.31667271e-01, -4.88954335e-01, -5.22823095e-01,
         -1.32884705e+00, -1.14028260e-01, -9.00289655e-01, -6.17935479e-01,
         -1.05478120e+00, -4.80354786e-01, -2.01375812e-01, -1.15752113e+00,
         -1.50503826e+00, -2.47028753e-01,  4.87291574e-01, -6.19443834e-01,
         -4.87312451e-02, -7.17604607e-02,  1.30614251e-01,  8.86794448e-01,
         -2.69528806e-01, -4.00729984e-01, -1.75113618e-01,  6.01176560e-01,
         -4.03233856e-01, -1.02392934e-01, -4.22549069e-01,  7.25747466e-01,
         -1.27743483e-02, -9.88353968e-01, -9.28397834e-01,  3.89271945e-01,
         -1.63150340e-01, -3.82692307e-01, -2.42633373e-01,  4.23824728e-01,
         -1.07681014e-01, -1.03405821e+00, -9.72113013e-01, -5.48960507e-01,
         -1.01199198e+00, -6.34235024e-01, -1.53702581e+00, -1.90784737e-01,
         -1.75362140e-01, -5.23464680e-01, -1.69181615e-01, -4.44764882e-01,
         -1.04386866e-01, -2.69309342e-01, -6.06167018e-01, -6.53153956e-01,
         -8.79106879e-01, -3.67365301e-01, -4.26201016e-01, -1.07824929e-01,
         -4.82718796e-01, -9.54379559e-01, -1.10898507e+00, -1.10857117e+00,
         -9.53574836e-01,  7.17445850e-01, -2.67406970e-01, -1.44360527e-01,
         -1.26191425e+00, -8.36569369e-01, -2.40067184e-01, -8.58800560e-02,
         -4.89319563e-01,  2.45879963e-02, -8.53273630e-01, -4.91510630e-02,
         -5.28646886e-01, -5.50060868e-01,  2.04915144e-02, -1.42621946e+00,
         -9.60586905e-01, -1.93419293e-01, -1.31677365e+00, -4.86355066e-01,
         -4.59990263e-01, -3.90830219e-01, -5.44142604e-01, -1.42095387e+00,
          4.82103288e-01, -4.13391113e-01,  7.25880086e-01, -1.43723595e+00,
         -1.19344234e+00,  3.08467522e-02,  2.20003515e-01,  1.19309723e+00,
          4.87366885e-01, -3.03287923e-01, -6.45075917e-01, -4.79625016e-01,
         -6.85087323e-01,  5.93906760e-01, -3.61327678e-01, -8.35069180e-01,
         -1.43947864e+00,  4.49585080e-01,  5.20647049e-01,  3.07362199e-01,
          7.59509742e-01,  6.50734127e-01, -1.73185498e-01,  2.62054443e-01,
         -8.25416744e-02,  3.95393908e-01, -2.25308239e-01,  9.58331823e-01,
          3.18931878e-01,  1.24809182e+00,  1.70932686e+00,  2.34111881e+00,
          1.50829899e+00,  3.84910226e-01, -7.81156003e-01,  3.12522650e-02,
         -8.08196962e-02, -5.97329140e-01, -8.12950253e-01, -5.50573707e-01,
         -7.37443984e-01,  4.57627237e-01, -1.18421853e+00, -9.84118760e-01,
         -2.71473289e-01, -5.85357249e-01, -1.38869703e-01,  3.21188033e-01,
          3.45547765e-01,  2.65510440e+00,  1.86016774e+00,  1.81783152e+00,
          1.42140198e+00, -4.72984314e-01,  9.70781207e-01,  2.55684423e+00,
          2.56629848e+00,  9.03847396e-01,  2.46477318e+00,  2.21710253e+00,
          1.52889299e+00,  2.23237777e+00,  2.89697289e+00,  2.07731104e+00,
          2.01850867e+00,  1.37337732e+00,  3.65125775e+00,  2.54437232e+00,
          2.29750156e+00, -7.83411384e-01, -3.47016156e-01, -3.95979136e-01,
         -8.59643817e-01, -7.19841361e-01, -8.78162146e-01,  2.23411769e-01,
         -1.51305783e+00, -8.28869283e-01, -4.30957526e-02,  5.67004621e-01,
          2.03598809e+00,  2.90962815e-01, -6.96293831e-01,  4.19850945e-02,
         -1.47526312e+00, -2.29824916e-01, -7.35365987e-01, -2.13008976e+00,
         -1.59351599e+00, -1.36996233e+00, -1.68547153e+00, -1.61810565e+00,
         -1.04459941e+00, -1.65575552e+00, -1.80010855e+00, -9.93713379e-01,
         -2.57822132e+00, -1.68319631e+00, -1.43365669e+00, -6.93444610e-01,
         -8.91756356e-01, -6.89553440e-01, -1.46077418e+00, -1.88592339e+00,
          2.48595923e-01,  1.79596245e-01,  5.02690434e-01,  5.33382833e-01,
         -6.59850478e-01,  1.52234703e-01,  1.18444502e-01, -2.51565605e-01,
         -1.09401476e+00,  3.39916945e-01, -5.04323840e-01,  4.76780236e-02,
          3.24172884e-01, -5.95516741e-01,  3.91722381e-01, -4.13930446e-01,
         -2.48063028e-01, -1.83431238e-01,  1.44741997e-01, -7.09630191e-01,
         -1.79292291e-01,  1.09007382e+00,  1.65392682e-01, -4.42966968e-01,
          1.18856096e+00, -1.67034566e-04,  8.55176210e-01,  7.10506067e-02,
         -5.12860157e-02, -7.43086815e-01, -1.16008067e+00, -6.81170285e-01,
         -1.73999512e+00,  8.04940522e-01, -3.84560347e-01,  5.52083492e-01,
          1.51626632e-01, -1.90715528e+00, -6.68133080e-01,  1.38101995e+00,
         -1.31129777e+00, -5.61006069e-01, -3.89692128e-01,  2.62168527e-01,
         -1.01814318e+00, -1.05827057e+00,  1.16275258e-01, -9.33934748e-01,
         -6.73443913e-01,  1.03424382e+00, -1.26629519e+00, -7.48186886e-01,
         -2.48470402e+00,  1.88357627e+00, -5.29483676e-01,  1.02845323e+00,
         -1.07035451e-01,  4.86368477e-01,  4.34006244e-01, -2.30514240e+00,
          1.00373197e+00,  5.14231324e-01,  2.81010723e+00,  1.95439744e+00,
          2.48716637e-01, -3.44209462e-01, -2.27415144e-01, -1.19810379e+00,
         -1.54407644e+00, -7.60331929e-01,  7.56836772e-01, -5.79453290e-01,
         -9.24983621e-01,  2.23284051e-01, -3.75458419e-01, -3.93437564e-01,
          5.91524601e-01,  1.46920681e-01,  9.71452177e-01,  1.19158447e+00,
         -1.27097654e+00, -5.27961433e-01,  1.30804574e+00,  7.86729902e-02,
         -8.90521109e-02,  1.55260086e+00, -6.72234893e-01,  1.79864979e+00,
         -1.52591860e+00, -5.10369599e-01,  2.61442351e+00, -9.78308558e-01,
         -1.01514959e+00, -1.60201037e+00, -1.17735350e+00,  9.22505617e-01,
          3.74514729e-01, -5.61385274e-01, -2.13278747e+00,  9.30466950e-02,
         -5.68697453e-02,  1.02183294e+00, -7.94044316e-01,  2.45209098e-01,
         -1.53105593e+00,  2.72893488e-01,  1.94909823e+00, -2.46450037e-01,
          8.15694928e-01,  5.88491082e-01, -1.32665026e+00, -2.46245289e+00,
         -5.46988845e-01,  9.29620802e-01,  1.76896632e+00, -1.13971698e+00,
         -1.49374390e+00,  5.42293906e-01, -9.60999072e-01,  1.37008488e-01,
         -1.64565551e+00, -1.22454357e+00, -5.39095998e-01, -1.66824293e+00,
          1.34020329e+00,  3.77171099e-01, -1.74555659e-01, -1.46961081e+00,
         -1.43476081e+00,  4.93579477e-01, -1.16897553e-01,  1.82988214e+00,
          1.03369080e-01,  3.20770770e-01,  1.21779108e+00, -7.57955909e-01,
          5.40775508e-02,  2.99693495e-01,  8.32060337e-01, -5.30677021e-01,
          4.82625455e-01, -2.22756296e-01, -1.48584461e+00,  2.01082587e+00,
         -2.16589808e+00, -2.98191339e-01, -1.32952511e+00,  5.94465733e-01,
          6.60629392e-01,  2.12530166e-01, -1.10815978e+00,  9.69228923e-01,
          2.58834422e-01, -2.80024910e+00, -1.12493765e+00, -1.64551461e+00,
          4.74070281e-01, -7.46557593e-01, -6.90888762e-01, -4.33478177e-01,
         -1.35818410e+00,  6.32077336e-01, -4.93017435e-01, -9.42621052e-01,
         -4.62519288e-01, -5.65789267e-03, -1.21637702e+00, -8.97527516e-01,
         -7.10937530e-02, -1.21428823e+00, -3.95507216e-01, -1.12806439e-01,
         -8.83775890e-01, -5.95722377e-01,  1.24824440e+00,  1.76578671e-01,
         -2.03227460e-01, -3.82440351e-02,  1.45237195e+00, -1.99246550e+00,
         -1.87804544e+00, -1.03091192e+00, -4.27233964e-01,  1.26096523e+00,
          4.08007711e-01, -8.24797392e-01,  1.41928291e+00, -8.08849871e-01,
         -8.60239565e-01,  5.66776395e-01, -5.44463515e-01, -2.70877028e+00,
         -1.07793227e-01,  2.78425312e+00, -1.53585827e+00, -3.92622977e-01,
          1.36440778e+00,  7.72954464e-01,  8.09586883e-01, -9.99704897e-01,
          4.91694069e+00,  5.14596701e-01,  7.98760176e-01, -1.69313759e-01,
         -1.39308929e+00, -1.09502387e+00,  1.31619155e+00,  1.52104557e+00,
         -8.45870852e-01, -9.78296041e-01, -1.13488853e+00,  2.91993111e-01,
         -2.88023561e-01, -2.56559610e+00, -2.89319634e-01, -1.42538249e+00,
          1.05569887e+00, -1.73689258e+00,  5.17031550e-01, -1.73951232e+00,
         -2.07242918e+00,  1.09619606e+00,  4.04861644e-02, -6.92353249e-01,
         -6.31373465e-01, -1.32713926e+00, -2.70468712e+00, -5.55648148e-01,
          1.85427701e+00,  6.02472484e-01, -1.08340096e+00,  1.74550021e+00,
          1.31161082e+00, -1.14177063e-01,  1.40608281e-01,  4.00517607e+00,
          1.36452010e-02,  8.40566605e-02, -2.84083456e-01, -1.15802526e+00,
          1.84205449e+00,  5.96444368e-01,  2.04069868e-01,  2.74077749e+00,
          1.69215930e+00,  4.35843468e-01,  4.46262002e-01, -2.22910833e+00,
          1.69340563e+00,  1.35241985e+00,  1.38929129e-01, -4.60082710e-01,
          1.11384869e+00, -1.60424924e+00,  1.12776709e+00, -4.78037298e-02,
         -1.79417777e+00, -5.99607766e-01, -2.05092266e-01,  1.95304930e-01,
          2.07221651e+00,  1.15255311e-01,  2.67614770e+00,  2.63433361e+00,
          1.37249088e+00, -7.31413126e-01,  1.19537628e+00,  2.55153060e+00,
         -1.57675469e+00, -1.48009610e+00,  1.91503501e+00, -4.68175620e-01,
         -1.78207290e+00,  1.48068750e+00, -4.15441602e-01,  5.78003943e-01,
          2.65531564e+00,  9.83107328e-01, -2.71121812e+00,  1.06405437e-01,
          1.48864853e+00, -9.82976496e-01, -5.14528215e-01, -7.72172570e-01,
         -1.57916701e+00,  7.75378585e-01, -1.52017283e+00,  1.13342889e-02,
          2.72260809e+00, -1.89882600e+00, -8.84673297e-01,  5.65044582e-01,
          1.07090485e+00, -1.65063715e+00,  2.00585175e+00,  2.58599782e+00,
         -1.31262207e+00, -1.99365810e-01, -1.49148202e+00,  6.65217936e-01,
         -1.31769764e+00,  1.77323258e+00, -1.16833352e-01,  7.48944759e-01,
         -1.06088567e+00, -2.51631165e+00,  7.71765709e-01, -1.12606609e+00,
          1.67446399e+00, -1.43537080e+00,  5.00248313e-01, -4.43397164e-01,
         -9.20398414e-01,  2.55405664e+00, -9.53826725e-01, -1.35428917e+00,
         -8.47136736e-01,  7.05176651e-01,  2.67361045e-01, -1.46827292e+00,
         -7.39862144e-01,  2.01411724e+00, -3.58187824e-01,  6.44763172e-01,
          1.16500378e+00,  8.97371590e-01, -6.44529402e-01,  9.96783197e-01,
         -3.13606590e-01,  2.40370050e-01, -1.84221372e-01, -2.81166482e+00,
          1.43375134e+00,  1.15864009e-01, -3.44094872e+00, -1.87948197e-01,
          1.21059108e+00,  6.23780370e-01, -1.59210706e+00,  3.35764855e-01,
          1.25338817e+00, -6.97132528e-01, -1.31774926e+00,  7.19567537e-02,
          2.29460573e+00,  1.32492244e+00, -2.32041225e-01, -2.13848257e+00,
          2.32670918e-01, -1.96173227e+00, -1.75391054e+00, -1.09069645e-01,
         -1.43958479e-01,  1.28014195e+00,  1.58768997e-01,  1.00103080e+00,
          1.20436752e+00,  2.72951834e-03,  7.34232605e-01, -4.31397378e-01,
         -1.03422546e+00, -2.44779658e+00, -4.04726535e-01, -1.28997624e-01,
          4.09102589e-01,  1.10335696e+00,  1.69486427e+00, -2.22665489e-01,
         -1.95734620e+00,  1.09918141e+00, -7.84007728e-01, -1.99144617e-01,
          5.42705536e-01, -1.04003155e+00, -1.59508991e+00,  1.90993094e+00,
         -5.02428770e-01,  1.05383933e+00, -1.63681841e+00,  2.44667307e-01,
         -3.60374749e-01,  2.05371588e-01,  3.89663398e-01, -1.99262953e+00,
         -6.28403604e-01,  1.51273990e+00, -1.31503141e+00, -9.54600334e-01,
          1.94943678e+00,  3.00916806e-02,  1.16043365e+00,  2.17132375e-01,
          1.60312021e+00,  1.67377627e+00,  3.91881555e-01, -8.71520698e-01,
          9.34181690e-01,  1.83737767e+00,  6.60481215e-01, -1.18108320e+00,
         -2.76049614e-01, -1.57299519e+00, -2.77146578e-01, -1.97662041e-04,
          1.52782726e+00,  1.55458605e+00, -1.83778369e+00,  1.06804907e+00,
          1.14807892e+00, -2.93120444e-01,  2.15755567e-01,  1.08574009e+00,
         -1.09001267e+00,  1.16644490e+00, -1.32960021e+00,  9.57290471e-01,
          1.49831283e+00,  8.16044569e-01, -8.36899042e-01, -2.40904570e-01,
          5.63510001e-01,  1.75914133e+00, -1.56206027e-01, -1.15523303e+00,
         -8.64265323e-01, -3.07253569e-01,  1.93172860e+00,  1.66484511e+00,
          2.46076655e+00, -4.89342123e-01, -1.08972442e+00,  6.95864379e-01,
         -2.36467099e+00,  2.06558418e+00, -8.04295361e-01, -4.89849389e-01,
          9.18467343e-01,  4.70587969e-01,  3.72124553e+00,  3.46396744e-01,
          4.52307522e-01, -3.00055832e-01,  7.11089611e-01,  1.22423077e+00,
         -1.42029190e+00, -1.19639254e+00, -4.10638720e-01,  3.15369934e-01,
          1.00949061e+00, -3.96876872e-01, -4.70390052e-01, -1.70430720e-01,
         -1.29303432e+00,  7.91026831e-01, -2.12403014e-03,  1.09459937e+00,
          1.09897149e+00,  1.55957365e+00, -5.68711281e-01,  1.63718486e+00,
          1.34950542e+00, -1.15837753e+00,  1.67329967e+00,  1.17753580e-01,
         -1.71204460e+00, -1.41630745e+00, -2.57582277e-01, -6.10350311e-01,
          3.77462506e-01, -1.66952431e+00,  7.20791578e-01,  9.22764838e-02,
          3.11885262e+00, -2.08512664e+00, -1.07297873e+00,  1.35625139e-01,
         -1.45897067e+00, -1.10566521e+00,  6.43475413e-01, -2.15747452e+00,
         -1.32663518e-01, -1.92125455e-01,  3.22933160e-02, -8.16583693e-01,
          1.35001433e+00, -7.95701265e-01, -2.86948562e-01, -8.16659927e-01,
          2.32662582e+00,  2.03652906e+00,  1.59510231e+00, -1.10293269e+00,
          1.46166846e-01, -1.16013274e-01,  6.80190697e-03,  2.66355777e+00,
          1.53136504e+00, -2.23790264e+00,  6.13758087e-01,  2.08819389e+00,
         -3.08750081e+00, -8.47686291e-01, -1.01105440e+00, -7.58765697e-01,
         -1.74168277e+00,  1.01979399e+00,  7.46462405e-01, -1.72563946e+00,
         -1.16869903e+00, -2.60570836e+00, -1.85510552e+00, -7.88810670e-01,
          1.21881366e+00, -7.53552020e-01, -1.20148182e+00, -5.36900043e-01,
          7.28396893e-01, -1.09728301e+00, -2.60933733e+00, -2.04598736e-02,
          1.21031094e+00, -1.88352615e-02, -1.71311295e+00,  4.06365782e-01,
         -5.55602372e-01, -7.86562085e-01,  6.86979055e-01,  1.35306513e+00,
         -1.92089155e-01,  3.00496507e+00, -5.56384861e-01, -2.81123400e-01,
         -1.25634968e+00,  2.21765339e-02, -7.73429513e-01, -5.20111680e-01,
          3.20922565e+00,  1.15593338e+00,  1.26886368e+00, -3.55620056e-01,
          1.04659879e+00,  1.27338374e+00,  6.14537179e-01,  4.58474189e-01,
         -5.34510732e-01,  1.11494780e-01,  1.00939369e+00,  7.46946990e-01,
          6.13672781e+00,  2.23941708e+00,  1.62968183e+00, -7.46067986e-02,
          1.56653076e-01,  8.89856935e-01,  1.37554348e+00,  2.41789532e+00,
         -1.46588600e+00, -1.55801988e+00, -6.68448269e-01, -2.00823379e+00,
          4.05857742e-01, -7.73729861e-01, -1.73033297e-01, -4.18440372e-01,
          5.96361637e-01,  1.76910138e+00, -1.34922341e-01, -1.64655447e-01,
         -1.94608462e+00,  2.52750206e+00, -7.13451952e-03, -9.46531177e-01,
         -7.26504207e-01,  1.90914154e-01, -3.38504612e-01, -9.18070793e-01,
         -5.85708737e-01, -1.46935225e+00, -8.26438189e-01, -1.51404113e-01,
         -1.12138844e+00, -1.37235808e+00, -5.19838452e-01, -1.05275735e-01,
         -2.69439593e-02,  2.64188908e-02,  5.86719036e-01, -1.15036126e-03,
         -2.54624939e+00,  1.03007659e-01, -1.19041991e+00, -8.00779700e-01,
          1.92368948e+00,  1.58145237e+00,  9.80001271e-01,  3.29579890e-01,
          7.66624808e-01,  4.25192684e-01,  2.55076736e-01, -1.00966179e+00,
         -8.52201760e-01,  5.75200319e-01, -1.25232220e+00, -1.03755569e+00,
         -9.74274695e-01, -6.92897499e-01, -8.71327519e-01, -7.67226696e-01,
         -6.52971506e-01, -1.24806213e+00,  1.54679990e+00,  6.32992387e-02,
          8.43437076e-01,  3.47761750e-01, -1.42793572e+00,  1.98927391e+00,
         -8.49626184e-01, -9.87339795e-01,  1.80645871e+00, -2.34536558e-01,
         -1.09001815e+00,  2.51729518e-01, -1.82594150e-01, -1.88012671e+00,
          1.34460390e+00,  1.01322144e-01, -4.56630290e-01, -8.76584768e-01,
         -5.02626121e-01,  3.91034365e-01, -5.59494257e-01,  4.68694031e-01,
          3.19078416e-02,  1.44295752e+00, -7.14276254e-01, -1.21411455e+00,
         -9.89762425e-01, -2.14256597e+00, -1.28355241e+00, -1.05516648e+00,
         -1.13572907e+00, -1.79808319e+00,  6.79978311e-01,  9.16900933e-01]],
       device='cuda:0')
Adv example prediction (first 2 examples and 2 restarts):
 tensor([[[ 5.83306134e-01,  2.53906059e+00, -5.64429641e-01, -7.56728232e-01,
          -8.88742447e-01,  8.23325634e-01,  2.89656162e-01, -1.44685388e+00,
          -1.14343190e+00, -4.56585914e-01,  7.37157762e-01,  1.36378407e+00,
           7.60312140e-01,  3.58959943e-01,  8.97688568e-01,  1.08694053e+00,
           2.85165519e-01, -1.01817799e+00, -9.66231972e-02,  4.12548572e-01,
          -1.04313694e-01,  1.22380209e+00,  7.97390282e-01, -3.47824901e-01,
           7.45916426e-01,  2.61167347e-01,  2.50956392e+00,  1.32858348e+00,
          -9.55485180e-02,  1.32493794e+00, -8.51345897e-01,  1.91611671e+00,
           5.88300884e-01, -4.44404155e-01, -8.90476346e-01, -2.01464444e-01,
           1.07548368e+00, -9.15164053e-01,  2.01760387e+00, -7.43336305e-02,
           2.20372081e+00,  7.62986183e-01,  1.15356863e+00,  4.89438474e-01,
           1.52588391e+00,  5.04041135e-01,  2.00942206e+00,  1.08596623e+00,
          -7.23763764e-01, -1.04357861e-01,  2.44354755e-01, -1.73426962e+00,
           1.59480202e+00,  1.58104348e+00,  9.61179584e-02,  5.34735382e-01,
           9.91343617e-01, -6.30253673e-01,  1.46036530e+00,  1.01138508e+00,
           1.07023525e+00,  3.05031687e-01,  1.86083004e-01,  1.32399309e+00,
           1.37615192e+00,  1.45137668e-01,  2.60837078e-01, -2.69848257e-01,
          -1.89328656e-01, -2.19973624e-01,  2.24791574e+00,  1.74048686e+00,
           1.56363666e+00,  2.84397006e+00,  2.09415174e+00,  3.14249921e+00,
           1.63337290e+00,  3.64896369e+00,  3.77288127e+00,  3.07010722e+00,
           8.86517525e-01, -6.39199913e-01,  3.28657568e-01,  4.96768914e-02,
          -4.52397287e-01,  1.74507618e-01, -1.85740814e-01,  7.39331186e-01,
           7.83995330e-01, -4.50322598e-01,  3.14087600e-01, -1.46223500e-01,
           1.79794610e+00,  4.81968969e-01,  1.13472784e+00,  2.09225342e-01,
           1.54278839e+00, -7.66836882e-01,  1.36191830e-01, -8.05324137e-01,
           9.49019566e-04, -1.51199293e+00, -1.84549558e+00,  6.99142635e-01,
          -7.99381316e-01, -1.81648922e+00, -1.14069986e+00, -5.08985698e-01,
          -8.00705373e-01, -1.21713603e+00,  5.59567928e-01,  3.40259743e+00,
           4.65776831e-01,  1.17802238e+00,  1.47658730e+00, -2.74696857e-01,
          -1.08039767e-01,  2.80561268e-01, -3.79810408e-02,  1.35320202e-01,
           3.53940308e-01, -8.32203090e-01, -1.01546729e+00, -1.43662846e+00,
          -3.84354502e-01, -3.62107277e-01,  2.37136030e+00,  6.45385087e-02,
           1.23800504e+00,  4.84785199e-01, -2.19687015e-01, -6.49532139e-01,
           3.38578224e-01,  2.88396716e-01, -2.62255073e-01, -2.78454214e-01,
          -7.03884959e-01, -6.90610856e-02,  8.92512560e-01, -6.92412853e-01,
          -1.27612042e+00,  5.62929511e-01, -4.25254405e-01, -5.47659039e-01,
          -6.39833212e-01, -3.78504872e-01, -4.27009463e-01,  3.40115041e-01,
          -7.38489509e-01,  8.26508850e-02, -1.39392209e+00,  7.79646516e-01,
          -5.56383908e-01,  7.87581623e-01,  5.33578873e-01,  2.47986279e-02,
          -3.58170420e-01,  4.71977949e-01, -5.20132005e-01, -7.18087673e-01,
          -8.63033950e-01, -2.68436313e-01,  4.77721512e-01, -4.95310754e-01,
          -7.66268015e-01, -5.00850439e-01, -5.26014745e-01, -6.03193879e-01,
          -6.14078641e-02, -1.58875361e-01, -4.84020203e-01, -5.41999757e-01,
          -1.34087729e+00, -1.37428835e-01, -9.02721763e-01, -6.03395283e-01,
          -1.05824065e+00, -4.77093071e-01, -1.81701794e-01, -1.16980505e+00,
          -1.51250994e+00, -2.37965867e-01,  4.63813007e-01, -6.01195574e-01,
          -6.60748407e-02, -7.72957802e-02,  1.05862513e-01,  8.58759403e-01,
          -2.83105403e-01, -4.12152946e-01, -1.52247384e-01,  5.80218375e-01,
          -4.09529924e-01, -1.23674355e-01, -4.33552921e-01,  6.98115706e-01,
          -4.94663641e-02, -9.96410549e-01, -9.44502771e-01,  3.65082443e-01,
          -1.65323079e-01, -4.06243116e-01, -2.36706734e-01,  4.17084366e-01,
          -1.22667499e-01, -1.03060412e+00, -9.70760345e-01, -5.42501748e-01,
          -1.00847673e+00, -6.35993302e-01, -1.52508497e+00, -1.79176256e-01,
          -1.81595668e-01, -5.33189833e-01, -1.91670865e-01, -4.70160544e-01,
          -9.67502743e-02, -2.84765810e-01, -6.47305250e-01, -6.69531345e-01,
          -8.81604612e-01, -3.56324673e-01, -3.99009407e-01, -1.24723352e-01,
          -4.82624739e-01, -9.68039513e-01, -1.10943437e+00, -1.13396609e+00,
          -9.14396822e-01,  7.12817430e-01, -3.02285075e-01, -1.64424449e-01,
          -1.27040195e+00, -8.38629663e-01, -2.70262212e-01, -1.09326810e-01,
          -5.14684081e-01, -6.55358285e-03, -8.88735652e-01, -8.27868581e-02,
          -5.47526062e-01, -5.88703454e-01, -6.71320781e-03, -1.42247510e+00,
          -9.66231465e-01, -2.16317192e-01, -1.30669796e+00, -5.19589901e-01,
          -4.67006475e-01, -4.03844923e-01, -5.57330012e-01, -1.42955613e+00,
           4.71769750e-01, -4.37017441e-01,  7.29269803e-01, -1.44641054e+00,
          -1.18318343e+00,  4.39648405e-02,  2.24185631e-01,  1.16306388e+00,
           4.77720320e-01, -3.08350086e-01, -6.58751547e-01, -5.22960007e-01,
          -7.23428130e-01,  5.85434079e-01, -3.57623339e-01, -8.15506279e-01,
          -1.44062626e+00,  4.41316307e-01,  5.34357548e-01,  2.81612962e-01,
           7.55822659e-01,  6.24926209e-01, -1.86916500e-01,  2.41392240e-01,
          -7.99363106e-02,  3.75902891e-01, -2.41193756e-01,  9.51134026e-01,
           2.81464010e-01,  1.20571554e+00,  1.67047632e+00,  2.30702066e+00,
           1.49109674e+00,  3.62878799e-01, -7.94160128e-01,  2.91267633e-02,
          -8.14582109e-02, -5.88969588e-01, -8.09377909e-01, -5.23636580e-01,
          -7.40307271e-01,  4.79037315e-01, -1.16960037e+00, -9.88997757e-01,
          -2.59511530e-01, -5.78254044e-01, -1.31634951e-01,  3.32359672e-01,
           3.56972963e-01,  2.63407493e+00,  1.86225390e+00,  1.80906856e+00,
           1.42583513e+00, -4.57874477e-01,  9.67196584e-01,  2.56664228e+00,
           2.55474949e+00,  8.77997637e-01,  2.47367334e+00,  2.23402786e+00,
           1.53978658e+00,  2.23941731e+00,  2.87394500e+00,  2.07223630e+00,
           2.02008629e+00,  1.37324631e+00,  3.66373181e+00,  2.54911256e+00,
           2.29629827e+00, -8.00046086e-01, -3.29864562e-01, -3.95929784e-01,
          -8.37754548e-01, -7.08970129e-01, -8.51621866e-01,  2.24170357e-01,
          -1.50227153e+00, -8.44618142e-01, -5.52614927e-02,  5.74561775e-01,
           2.01088119e+00,  2.25402847e-01, -6.81882858e-01,  2.78392863e-02,
          -1.47528052e+00, -2.21712664e-01, -7.60118961e-01, -2.12009692e+00,
          -1.58059847e+00, -1.35869336e+00, -1.67126942e+00, -1.58727503e+00,
          -1.04612005e+00, -1.64001799e+00, -1.78798604e+00, -9.75676656e-01,
          -2.55501127e+00, -1.66546929e+00, -1.41788483e+00, -6.79505110e-01,
          -8.91281366e-01, -6.76995456e-01, -1.43837082e+00, -1.86996126e+00,
           2.24859089e-01,  1.58143580e-01,  4.82793093e-01,  5.08980811e-01,
          -6.61293924e-01,  1.38473630e-01,  1.18048057e-01, -2.51819104e-01,
          -1.06910121e+00,  3.36421490e-01, -4.79789168e-01,  4.31520194e-02,
           3.29977423e-01, -5.88805676e-01,  3.77159804e-01, -4.20212388e-01,
          -2.43954331e-01, -1.66718021e-01,  1.37772962e-01, -7.01487958e-01,
          -1.66870624e-01,  1.08091331e+00,  1.72178283e-01, -4.35362995e-01,
           1.17479491e+00, -1.38270482e-02,  8.23345304e-01,  5.93838245e-02,
          -4.66690101e-02, -7.20945776e-01, -1.13224077e+00, -7.25321293e-01,
          -1.73015773e+00,  7.96054542e-01, -3.77731472e-01,  5.19154608e-01,
           1.34286672e-01, -1.94020951e+00, -6.96198106e-01,  1.36523807e+00,
          -1.33084202e+00, -5.71063161e-01, -3.60108703e-01,  2.62244433e-01,
          -1.01597202e+00, -1.05935657e+00,  1.10031046e-01, -9.34729159e-01,
          -6.86649680e-01,  1.03828692e+00, -1.26931167e+00, -7.80054390e-01,
          -2.49268532e+00,  1.92595828e+00, -5.65151811e-01,  1.01852882e+00,
          -1.05077691e-01,  4.86510187e-01,  4.28787619e-01, -2.32416344e+00,
           9.96194482e-01,  5.02527297e-01,  2.82617140e+00,  1.96971416e+00,
           2.42716551e-01, -3.28609765e-01, -2.27158487e-01, -1.18815994e+00,
          -1.54625034e+00, -7.49949217e-01,  7.99175024e-01, -5.76190412e-01,
          -9.24769580e-01,  2.34145358e-01, -4.26257610e-01, -3.93303722e-01,
           6.14909291e-01,  1.53561920e-01,  1.01584184e+00,  1.18101478e+00,
          -1.26888740e+00, -5.16876817e-01,  1.33686578e+00,  8.13723356e-02,
          -9.72743034e-02,  1.55079567e+00, -6.59419179e-01,  1.80493701e+00,
          -1.50502551e+00, -4.93918598e-01,  2.63821173e+00, -9.63961720e-01,
          -9.90964115e-01, -1.58991957e+00, -1.19961059e+00,  9.51826155e-01,
           3.90830040e-01, -5.36994457e-01, -2.12522912e+00,  8.55605900e-02,
          -5.00781983e-02,  1.00861800e+00, -7.61389434e-01,  2.49491438e-01,
          -1.53538692e+00,  2.62839675e-01,  1.97917044e+00, -2.56013036e-01,
           8.24224293e-01,  5.88453591e-01, -1.33341372e+00, -2.46649790e+00,
          -5.58844805e-01,  8.90330613e-01,  1.76798749e+00, -1.14577520e+00,
          -1.49258184e+00,  5.63722432e-01, -9.28273737e-01,  1.35476753e-01,
          -1.68452263e+00, -1.21244931e+00, -5.14267027e-01, -1.67631209e+00,
           1.36852181e+00,  3.97477150e-01, -1.59071088e-01, -1.45729458e+00,
          -1.42105186e+00,  5.05204499e-01, -1.28686532e-01,  1.84427702e+00,
           1.25347704e-01,  3.15851182e-01,  1.20209110e+00, -7.67337084e-01,
           5.81661090e-02,  3.07791024e-01,  8.56001854e-01, -5.34214199e-01,
           4.82081622e-01, -2.25886360e-01, -1.48384047e+00,  2.02001953e+00,
          -2.15876842e+00, -2.86826313e-01, -1.32515335e+00,  5.88161349e-01,
           6.58116460e-01,  2.11951435e-01, -1.10149324e+00,  1.00339389e+00,
           2.59914994e-01, -2.81782556e+00, -1.12040234e+00, -1.63998091e+00,
           4.91926223e-01, -7.29155123e-01, -6.88756764e-01, -4.42212850e-01,
          -1.35910749e+00,  6.51914597e-01, -5.02521753e-01, -9.26357925e-01,
          -4.54864830e-01, -9.31105390e-03, -1.20598853e+00, -8.91061068e-01,
          -7.86451399e-02, -1.21427643e+00, -3.81011933e-01, -9.39223468e-02,
          -8.44068468e-01, -5.69699585e-01,  1.27925587e+00,  1.94332689e-01,
          -2.13790834e-01, -3.48375626e-02,  1.47139812e+00, -1.99417281e+00,
          -1.87399602e+00, -1.03705442e+00, -4.08013165e-01,  1.26981187e+00,
           4.12274361e-01, -8.36569548e-01,  1.43137002e+00, -8.15020382e-01,
          -8.97427619e-01,  5.71504116e-01, -5.48391163e-01, -2.70515823e+00,
          -1.02812424e-01,  2.81815410e+00, -1.53032887e+00, -3.51356775e-01,
           1.35293734e+00,  8.05552602e-01,  8.04039598e-01, -1.02054572e+00,
           4.86606312e+00,  5.00930429e-01,  8.08346927e-01, -1.55905053e-01,
          -1.40197563e+00, -1.09654903e+00,  1.29595912e+00,  1.52341115e+00,
          -8.45516086e-01, -9.75632727e-01, -1.11965322e+00,  2.57778913e-01,
          -2.71013469e-01, -2.56810141e+00, -2.71816194e-01, -1.40037930e+00,
           1.05507600e+00, -1.74915147e+00,  5.54798365e-01, -1.73796844e+00,
          -2.06030774e+00,  1.09625089e+00,  5.91224581e-02, -7.08605468e-01,
          -6.34087861e-01, -1.34105170e+00, -2.71167135e+00, -5.34594178e-01,
           1.85190141e+00,  6.30418718e-01, -1.07826734e+00,  1.77164161e+00,
           1.28806221e+00, -9.13772881e-02,  1.73783630e-01,  4.01755714e+00,
           3.81653607e-02,  1.14305332e-01, -2.86610126e-01, -1.16238606e+00,
           1.86163664e+00,  6.02085114e-01,  2.02689290e-01,  2.71290874e+00,
           1.74361956e+00,  4.46516454e-01,  4.30405647e-01, -2.21782160e+00,
           1.70503068e+00,  1.37136340e+00,  1.57902926e-01, -4.87083137e-01,
           1.08378267e+00, -1.60831916e+00,  1.12072718e+00, -5.14292270e-02,
          -1.77806330e+00, -5.84006131e-01, -2.04691127e-01,  2.03740835e-01,
           2.09025574e+00,  1.32897392e-01,  2.66237760e+00,  2.64065218e+00,
           1.35577464e+00, -7.14425802e-01,  1.19021082e+00,  2.56567001e+00,
          -1.54853594e+00, -1.50738096e+00,  1.90860653e+00, -4.80383515e-01,
          -1.78920984e+00,  1.49670804e+00, -4.14913982e-01,  6.11278057e-01,
           2.65024114e+00,  9.99681771e-01, -2.71475291e+00,  1.32498473e-01,
           1.50376403e+00, -9.52462077e-01, -5.22542655e-01, -7.70518422e-01,
          -1.55644810e+00,  7.67626524e-01, -1.51584113e+00,  2.21972726e-02,
           2.70040870e+00, -1.89493847e+00, -8.66035581e-01,  5.92190564e-01,
           1.09365249e+00, -1.63712716e+00,  2.01272535e+00,  2.54906464e+00,
          -1.31257391e+00, -1.97963327e-01, -1.48757541e+00,  6.57145202e-01,
          -1.33090913e+00,  1.73796976e+00, -1.10102572e-01,  7.41920769e-01,
          -1.06175983e+00, -2.51370811e+00,  7.98957288e-01, -1.09644938e+00,
           1.67928898e+00, -1.43238163e+00,  4.86870259e-01, -4.54123795e-01,
          -8.94520164e-01,  2.52085710e+00, -9.62630987e-01, -1.34757042e+00,
          -8.58990371e-01,  7.17990994e-01,  2.66405642e-01, -1.45980012e+00,
          -7.31479704e-01,  2.04241109e+00, -3.41308534e-01,  6.50404334e-01,
           1.18518770e+00,  8.97198796e-01, -6.25251949e-01,  1.02022469e+00,
          -2.94105023e-01,  2.39859536e-01, -1.40971527e-01, -2.81654072e+00,
           1.45948708e+00,  1.28324151e-01, -3.43475103e+00, -1.78695634e-01,
           1.21504748e+00,  6.27381742e-01, -1.59908557e+00,  3.65968376e-01,
           1.27650213e+00, -6.76638663e-01, -1.31377864e+00,  1.02896005e-01,
           2.32553244e+00,  1.33208334e+00, -2.37965822e-01, -2.11298180e+00,
           2.57025570e-01, -1.95698833e+00, -1.74207544e+00, -8.22650790e-02,
          -1.13374308e-01,  1.29031968e+00,  1.76252142e-01,  1.02416158e+00,
           1.21391022e+00,  2.32222509e-02,  7.42182434e-01, -4.27957177e-01,
          -1.01569605e+00, -2.44175887e+00, -3.96588504e-01, -1.11190498e-01,
           4.06695336e-01,  1.09598815e+00,  1.66260266e+00, -2.12120473e-01,
          -1.94404006e+00,  1.07854831e+00, -7.71807969e-01, -1.99844345e-01,
           5.41280091e-01, -9.97201979e-01, -1.59082627e+00,  1.91436803e+00,
          -4.82374489e-01,  1.05932939e+00, -1.64791214e+00,  2.58064091e-01,
          -3.45047474e-01,  2.15648606e-01,  3.89703900e-01, -1.99108410e+00,
          -6.17372990e-01,  1.54204631e+00, -1.30154967e+00, -9.43203807e-01,
           1.92025399e+00,  4.09204662e-02,  1.14465642e+00,  2.30198041e-01,
           1.61669898e+00,  1.69015694e+00,  3.86774689e-01, -9.04852509e-01,
           9.27072227e-01,  1.85807598e+00,  6.80716276e-01, -1.18113315e+00,
          -2.74113894e-01, -1.58770490e+00, -2.69770384e-01,  1.64265055e-02,
           1.52635217e+00,  1.56628811e+00, -1.85146034e+00,  1.07520235e+00,
           1.14576101e+00, -2.84952074e-01,  1.82219565e-01,  1.11651421e+00,
          -1.09123719e+00,  1.21498048e+00, -1.32351673e+00,  1.00428343e+00,
           1.52906287e+00,  8.17081571e-01, -8.39381218e-01, -2.41648495e-01,
           5.67511141e-01,  1.75096262e+00, -1.12409845e-01, -1.16577327e+00,
          -8.49152684e-01, -3.02650958e-01,  1.93684089e+00,  1.68949199e+00,
           2.47634530e+00, -5.07726550e-01, -1.07565391e+00,  6.77933931e-01,
          -2.37468219e+00,  2.10057449e+00, -7.98458755e-01, -4.78343308e-01,
           9.27114308e-01,  4.82895702e-01,  3.69287992e+00,  3.46018791e-01,
           4.57059801e-01, -2.98441857e-01,  7.71823406e-01,  1.23973179e+00,
          -1.40845406e+00, -1.20468831e+00, -4.18392450e-01,  2.75528133e-01,
           1.03815854e+00, -4.00350541e-01, -4.55579728e-01, -1.79725170e-01,
          -1.29515076e+00,  7.62455702e-01,  2.36335658e-02,  1.07223511e+00,
           1.07340443e+00,  1.56388450e+00, -5.79808354e-01,  1.60049605e+00,
           1.34038758e+00, -1.16449356e+00,  1.68009889e+00,  9.94878709e-02,
          -1.71259773e+00, -1.40581393e+00, -2.85773188e-01, -5.83419561e-01,
           3.91047120e-01, -1.66108620e+00,  7.63083041e-01,  5.71874417e-02,
           3.08317399e+00, -2.08523393e+00, -1.08552420e+00,  1.65382385e-01,
          -1.45802009e+00, -1.08189070e+00,  6.26315236e-01, -2.11842370e+00,
          -1.47175923e-01, -2.12555632e-01,  6.38035387e-02, -8.33284140e-01,
           1.38252795e+00, -7.78560519e-01, -2.96329439e-01, -8.13040137e-01,
           2.39018035e+00,  2.03742218e+00,  1.61592698e+00, -1.11721420e+00,
           1.59095466e-01, -1.25384465e-01,  2.15399638e-03,  2.65635109e+00,
           1.53230798e+00, -2.21534967e+00,  5.95456123e-01,  2.09891891e+00,
          -3.05929971e+00, -8.42095852e-01, -1.00204241e+00, -7.52516925e-01,
          -1.72147858e+00,  1.01810145e+00,  7.07829416e-01, -1.70736229e+00,
          -1.19304359e+00, -2.62370515e+00, -1.85187531e+00, -8.05387437e-01,
           1.23089194e+00, -7.35684812e-01, -1.18662810e+00, -5.39581001e-01,
           7.48203814e-01, -1.08130026e+00, -2.59266877e+00, -6.71195798e-03,
           1.18917048e+00, -1.95229053e-02, -1.68240154e+00,  4.07907277e-01,
          -5.58464348e-01, -7.82871902e-01,  6.75803006e-01,  1.35271418e+00,
          -1.88835859e-01,  3.02633429e+00, -5.50336659e-01, -2.62454301e-01,
          -1.25529659e+00,  7.07847532e-03, -7.93709755e-01, -5.22352695e-01,
           3.25407696e+00,  1.18044782e+00,  1.28984416e+00, -3.78259152e-01,
           1.05080473e+00,  1.26900446e+00,  6.30723655e-01,  4.50017899e-01,
          -5.10082364e-01,  1.38897121e-01,  1.04552066e+00,  7.50809550e-01,
           6.09614134e+00,  2.26206756e+00,  1.62647235e+00, -7.51800239e-02,
           1.24641582e-01,  8.24111640e-01,  1.35706663e+00,  2.42076063e+00,
          -1.47027683e+00, -1.53843689e+00, -6.66196704e-01, -2.01374817e+00,
           4.46888506e-01, -7.76403368e-01, -1.50772154e-01, -3.83637071e-01,
           5.86040676e-01,  1.79358029e+00, -1.31271034e-01, -1.83546811e-01,
          -1.94258356e+00,  2.48041224e+00, -6.26334026e-02, -9.82096732e-01,
          -7.31600940e-01,  1.89418554e-01, -3.51855606e-01, -9.43848491e-01,
          -6.06958628e-01, -1.49832356e+00, -8.59971762e-01, -1.76524699e-01,
          -1.10141587e+00, -1.37162483e+00, -5.18696308e-01, -1.16010681e-01,
          -3.74693573e-02, -4.97184321e-03,  5.52737653e-01,  1.55534828e-02,
          -2.51767993e+00,  1.01694964e-01, -1.16804814e+00, -7.96593845e-01,
           1.95184052e+00,  1.58038914e+00,  9.42035437e-01,  3.35673600e-01,
           7.50789344e-01,  3.98048371e-01,  2.63319612e-01, -9.96504188e-01,
          -8.13705921e-01,  5.67776680e-01, -1.23970509e+00, -1.05738032e+00,
          -9.84833181e-01, -6.80491328e-01, -8.99438262e-01, -8.23707521e-01,
          -6.76809609e-01, -1.26560271e+00,  1.52146482e+00,  4.21297364e-02,
           8.47451150e-01,  3.41239035e-01, -1.44439864e+00,  1.99624646e+00,
          -8.43599379e-01, -9.95036900e-01,  1.78618574e+00, -2.15497196e-01,
          -1.08551979e+00,  2.71467507e-01, -1.67708501e-01, -1.88211858e+00,
           1.27865946e+00,  9.61870849e-02, -4.64677811e-01, -8.74529183e-01,
          -4.70584840e-01,  3.74498248e-01, -5.53921938e-01,  4.40345913e-01,
           2.38503944e-02,  1.41495645e+00, -7.03970194e-01, -1.21484733e+00,
          -1.00329340e+00, -2.13605571e+00, -1.27966380e+00, -1.04473305e+00,
          -1.14687431e+00, -1.77846515e+00,  6.63250625e-01,  9.53273237e-01]]],
       device='cuda:0')
PGD attack margin (first 2 examples and 10 specs):
 tensor([[[0.24013405]]], device='cuda:0')
number of violation:  0
Attack finished in 8.0064 seconds.
PGD attack failed
verified_status unknown
verified_success False
Total VNNLIB file length: 1, max property batch size: 1, total number of batches: 1

Properties batch 0, size 1
Remaining timeout: 1151.559775352478
Verifying property 0 with 1 instances.
torch allclose failed: norm 8.889588571037166e-06
Model: BoundedModule(
  (/input-1): BoundInput(name=/input-1, inputs=[], perturbed=True)
  (/33): BoundParams(name=/33, inputs=[], perturbed=False)
  (/34): BoundParams(name=/34, inputs=[], perturbed=False)
  (/35): BoundParams(name=/35, inputs=[], perturbed=False)
  (/36): BoundParams(name=/36, inputs=[], perturbed=False)
  (/37): BoundParams(name=/37, inputs=[], perturbed=False)
  (/38): BoundParams(name=/38, inputs=[], perturbed=False)
  (/39): BoundParams(name=/39, inputs=[], perturbed=False)
  (/40): BoundParams(name=/40, inputs=[], perturbed=False)
  (/41): BoundParams(name=/41, inputs=[], perturbed=False)
  (/42): BoundParams(name=/42, inputs=[], perturbed=False)
  (/43): BoundParams(name=/43, inputs=[], perturbed=False)
  (/44): BoundParams(name=/44, inputs=[], perturbed=False)
  (/45): BoundParams(name=/45, inputs=[], perturbed=False)
  (/46): BoundParams(name=/46, inputs=[], perturbed=False)
  (/47): BoundParams(name=/47, inputs=[], perturbed=False)
  (/48): BoundParams(name=/48, inputs=[], perturbed=False)
  (/49): BoundParams(name=/49, inputs=[], perturbed=False)
  (/50): BoundParams(name=/50, inputs=[], perturbed=False)
  (/51): BoundParams(name=/51, inputs=[], perturbed=False)
  (/52): BoundParams(name=/52, inputs=[], perturbed=False)
  (/53): BoundParams(name=/53, inputs=[], perturbed=False)
  (/54): BoundParams(name=/54, inputs=[], perturbed=False)
  (/55): BoundParams(name=/55, inputs=[], perturbed=False)
  (/56): BoundParams(name=/56, inputs=[], perturbed=False)
  (/57): BoundParams(name=/57, inputs=[], perturbed=False)
  (/58): BoundParams(name=/58, inputs=[], perturbed=False)
  (/59): BoundParams(name=/59, inputs=[], perturbed=False)
  (/60): BoundParams(name=/60, inputs=[], perturbed=False)
  (/61): BoundParams(name=/61, inputs=[], perturbed=False)
  (/62): BoundParams(name=/62, inputs=[], perturbed=False)
  (/63): BoundParams(name=/63, inputs=[], perturbed=False)
  (/64): BoundParams(name=/64, inputs=[], perturbed=False)
  (/input): BoundConv(name=/input, inputs=[/input-1, /33, /34], perturbed=True)
  (/66): BoundRelu(name=/66, inputs=[/input], perturbed=True)
  (/input-4): BoundConv(name=/input-4, inputs=[/66, /35, /36], perturbed=True)
  (/68): BoundRelu(name=/68, inputs=[/input-4], perturbed=True)
  (/input-12): BoundConv(name=/input-12, inputs=[/input-8/add_3_4, /37, /38], perturbed=True)
  (/71): BoundRelu(name=/71, inputs=[/input-12], perturbed=True)
  (/input-16): BoundConv(name=/input-16, inputs=[/71, /39, /40], perturbed=True)
  (/73): BoundRelu(name=/73, inputs=[/input-16], perturbed=True)
  (/input-24): BoundConv(name=/input-24, inputs=[/input-20/add_3_4, /41, /42], perturbed=True)
  (/76): BoundRelu(name=/76, inputs=[/input-24], perturbed=True)
  (/input-28): BoundConv(name=/input-28, inputs=[/76, /43, /44], perturbed=True)
  (/78): BoundRelu(name=/78, inputs=[/input-28], perturbed=True)
  (/input-32): BoundConv(name=/input-32, inputs=[/78, /45, /46], perturbed=True)
  (/80): BoundRelu(name=/80, inputs=[/input-32], perturbed=True)
  (/input-40): BoundConv(name=/input-40, inputs=[/input-36/add_3_4, /47, /48], perturbed=True)
  (/83): BoundRelu(name=/83, inputs=[/input-40], perturbed=True)
  (/input-44): BoundConv(name=/input-44, inputs=[/83, /49, /50], perturbed=True)
  (/85): BoundRelu(name=/85, inputs=[/input-44], perturbed=True)
  (/input-48): BoundConv(name=/input-48, inputs=[/85, /51, /52], perturbed=True)
  (/87): BoundRelu(name=/87, inputs=[/input-48], perturbed=True)
  (/input-56): BoundConv(name=/input-56, inputs=[/input-52/add_3_4, /53, /54], perturbed=True)
  (/90): BoundRelu(name=/90, inputs=[/input-56], perturbed=True)
  (/input-60): BoundConv(name=/input-60, inputs=[/90, /55, /56], perturbed=True)
  (/92): BoundRelu(name=/92, inputs=[/input-60], perturbed=True)
  (/input-64): BoundConv(name=/input-64, inputs=[/92, /57, /58], perturbed=True)
  (/94): BoundRelu(name=/94, inputs=[/input-64], perturbed=True)
  (/96): BoundFlatten(name=/96, inputs=[/95/add_3_4], perturbed=True)
  (/input-68): BoundLinear(name=/input-68, inputs=[/96, /59, /60], perturbed=True)
  (/98): BoundRelu(name=/98, inputs=[/input-68], perturbed=True)
  (/99): BoundFlatten(name=/99, inputs=[/98], perturbed=True)
  (/input-72): BoundLinear(name=/input-72, inputs=[/99, /61, /62], perturbed=True)
  (/101): BoundRelu(name=/101, inputs=[/input-72], perturbed=True)
  (/102): BoundFlatten(name=/102, inputs=[/101], perturbed=True)
  (/103): BoundLinear(name=/103, inputs=[/102, /63, /64], perturbed=True)
  (/input-8/conv_1): BoundConv(name=/input-8/conv_1, inputs=[/68, /input-8/conv_1_w], perturbed=True)
  (/input-8/conv_1_relu): BoundRelu(name=/input-8/conv_1_relu, inputs=[/input-8/conv_1], perturbed=True)
  (/input-8/conv_1_w): BoundParams(name=/input-8/conv_1_w, inputs=[], perturbed=False)
  (/input-8/conv_2): BoundConv(name=/input-8/conv_2, inputs=[/68, /input-8/conv_2_w], perturbed=True)
  (/input-8/conv_2_w): BoundParams(name=/input-8/conv_2_w, inputs=[], perturbed=False)
  (/input-8/conv_3): BoundConv(name=/input-8/conv_3, inputs=[/input-8/add_1_2, /input-8/conv_3_w], perturbed=True)
  (/input-8/conv_3_relu): BoundRelu(name=/input-8/conv_3_relu, inputs=[/input-8/conv_3], perturbed=True)
  (/input-8/conv_3_w): BoundParams(name=/input-8/conv_3_w, inputs=[], perturbed=False)
  (/input-8/conv_4): BoundConv(name=/input-8/conv_4, inputs=[/input-8/add_1_2, /input-8/conv_4_w], perturbed=True)
  (/input-8/conv_4_w): BoundParams(name=/input-8/conv_4_w, inputs=[], perturbed=False)
  (/input-8/add_1_2): BoundAdd(name=/input-8/add_1_2, inputs=[/input-8/conv_1_relu, /input-8/conv_2], perturbed=True)
  (/input-8/add_3_4): BoundAdd(name=/input-8/add_3_4, inputs=[/input-8/conv_3_relu, /input-8/conv_4], perturbed=True)
  (/input-20/conv_1): BoundConv(name=/input-20/conv_1, inputs=[/73, /input-20/conv_1_w], perturbed=True)
  (/input-20/conv_1_relu): BoundRelu(name=/input-20/conv_1_relu, inputs=[/input-20/conv_1], perturbed=True)
  (/input-20/conv_1_w): BoundParams(name=/input-20/conv_1_w, inputs=[], perturbed=False)
  (/input-20/conv_2): BoundConv(name=/input-20/conv_2, inputs=[/73, /input-20/conv_2_w], perturbed=True)
  (/input-20/conv_2_w): BoundParams(name=/input-20/conv_2_w, inputs=[], perturbed=False)
  (/input-20/conv_3): BoundConv(name=/input-20/conv_3, inputs=[/input-20/add_1_2, /input-20/conv_3_w], perturbed=True)
  (/input-20/conv_3_relu): BoundRelu(name=/input-20/conv_3_relu, inputs=[/input-20/conv_3], perturbed=True)
  (/input-20/conv_3_w): BoundParams(name=/input-20/conv_3_w, inputs=[], perturbed=False)
  (/input-20/conv_4): BoundConv(name=/input-20/conv_4, inputs=[/input-20/add_1_2, /input-20/conv_4_w], perturbed=True)
  (/input-20/conv_4_w): BoundParams(name=/input-20/conv_4_w, inputs=[], perturbed=False)
  (/input-20/add_1_2): BoundAdd(name=/input-20/add_1_2, inputs=[/input-20/conv_1_relu, /input-20/conv_2], perturbed=True)
  (/input-20/add_3_4): BoundAdd(name=/input-20/add_3_4, inputs=[/input-20/conv_3_relu, /input-20/conv_4], perturbed=True)
  (/input-36/conv_1): BoundConv(name=/input-36/conv_1, inputs=[/80, /input-36/conv_1_w], perturbed=True)
  (/input-36/conv_1_relu): BoundRelu(name=/input-36/conv_1_relu, inputs=[/input-36/conv_1], perturbed=True)
  (/input-36/conv_1_w): BoundParams(name=/input-36/conv_1_w, inputs=[], perturbed=False)
  (/input-36/conv_2): BoundConv(name=/input-36/conv_2, inputs=[/80, /input-36/conv_2_w], perturbed=True)
  (/input-36/conv_2_w): BoundParams(name=/input-36/conv_2_w, inputs=[], perturbed=False)
  (/input-36/conv_3): BoundConv(name=/input-36/conv_3, inputs=[/input-36/add_1_2, /input-36/conv_3_w], perturbed=True)
  (/input-36/conv_3_relu): BoundRelu(name=/input-36/conv_3_relu, inputs=[/input-36/conv_3], perturbed=True)
  (/input-36/conv_3_w): BoundParams(name=/input-36/conv_3_w, inputs=[], perturbed=False)
  (/input-36/conv_4): BoundConv(name=/input-36/conv_4, inputs=[/input-36/add_1_2, /input-36/conv_4_w], perturbed=True)
  (/input-36/conv_4_w): BoundParams(name=/input-36/conv_4_w, inputs=[], perturbed=False)
  (/input-36/add_1_2): BoundAdd(name=/input-36/add_1_2, inputs=[/input-36/conv_1_relu, /input-36/conv_2], perturbed=True)
  (/input-36/add_3_4): BoundAdd(name=/input-36/add_3_4, inputs=[/input-36/conv_3_relu, /input-36/conv_4], perturbed=True)
  (/input-52/conv_1): BoundConv(name=/input-52/conv_1, inputs=[/87, /input-52/conv_1_w], perturbed=True)
  (/input-52/conv_1_relu): BoundRelu(name=/input-52/conv_1_relu, inputs=[/input-52/conv_1], perturbed=True)
  (/input-52/conv_1_w): BoundParams(name=/input-52/conv_1_w, inputs=[], perturbed=False)
  (/input-52/conv_2): BoundConv(name=/input-52/conv_2, inputs=[/87, /input-52/conv_2_w], perturbed=True)
  (/input-52/conv_2_w): BoundParams(name=/input-52/conv_2_w, inputs=[], perturbed=False)
  (/input-52/conv_3): BoundConv(name=/input-52/conv_3, inputs=[/input-52/add_1_2, /input-52/conv_3_w], perturbed=True)
  (/input-52/conv_3_relu): BoundRelu(name=/input-52/conv_3_relu, inputs=[/input-52/conv_3], perturbed=True)
  (/input-52/conv_3_w): BoundParams(name=/input-52/conv_3_w, inputs=[], perturbed=False)
  (/input-52/conv_4): BoundConv(name=/input-52/conv_4, inputs=[/input-52/add_1_2, /input-52/conv_4_w], perturbed=True)
  (/input-52/conv_4_w): BoundParams(name=/input-52/conv_4_w, inputs=[], perturbed=False)
  (/input-52/add_1_2): BoundAdd(name=/input-52/add_1_2, inputs=[/input-52/conv_1_relu, /input-52/conv_2], perturbed=True)
  (/input-52/add_3_4): BoundAdd(name=/input-52/add_3_4, inputs=[/input-52/conv_3_relu, /input-52/conv_4], perturbed=True)
  (/95/conv_1): BoundConv(name=/95/conv_1, inputs=[/94, /95/conv_1_w], perturbed=True)
  (/95/conv_1_relu): BoundRelu(name=/95/conv_1_relu, inputs=[/95/conv_1], perturbed=True)
  (/95/conv_1_w): BoundParams(name=/95/conv_1_w, inputs=[], perturbed=False)
  (/95/conv_2): BoundConv(name=/95/conv_2, inputs=[/94, /95/conv_2_w], perturbed=True)
  (/95/conv_2_w): BoundParams(name=/95/conv_2_w, inputs=[], perturbed=False)
  (/95/conv_3): BoundConv(name=/95/conv_3, inputs=[/95/add_1_2, /95/conv_3_w], perturbed=True)
  (/95/conv_3_relu): BoundRelu(name=/95/conv_3_relu, inputs=[/95/conv_3], perturbed=True)
  (/95/conv_3_w): BoundParams(name=/95/conv_3_w, inputs=[], perturbed=False)
  (/95/conv_4): BoundConv(name=/95/conv_4, inputs=[/95/add_1_2, /95/conv_4_w], perturbed=True)
  (/95/conv_4_w): BoundParams(name=/95/conv_4_w, inputs=[], perturbed=False)
  (/95/add_1_2): BoundAdd(name=/95/add_1_2, inputs=[/95/conv_1_relu, /95/conv_2], perturbed=True)
  (/95/add_3_4): BoundAdd(name=/95/add_3_4, inputs=[/95/conv_3_relu, /95/conv_4], perturbed=True)
)
Model prediction is: tensor([ 6.15508139e-01,  2.60938811e+00, -5.34326136e-01, -7.72018790e-01,
        -8.86855483e-01,  8.06697249e-01,  2.86759824e-01, -1.45188391e+00,
        -1.13544822e+00, -4.81046736e-01,  7.61094987e-01,  1.38279843e+00,
         7.83645093e-01,  3.88173729e-01,  8.68815482e-01,  1.11864841e+00,
         2.80712426e-01, -1.03557909e+00, -1.05052233e-01,  4.20053214e-01,
        -1.05319120e-01,  1.22818244e+00,  7.92437315e-01, -3.49502355e-01,
         7.36697733e-01,  2.67844498e-01,  2.53293252e+00,  1.35632324e+00,
        -7.97599331e-02,  1.35946250e+00, -8.52422774e-01,  1.92750013e+00,
         5.82750678e-01, -4.27284300e-01, -8.86631787e-01, -1.81440875e-01,
         1.10102057e+00, -9.05870616e-01,  2.03741813e+00, -6.83556423e-02,
         2.20901012e+00,  7.55216062e-01,  1.16103661e+00,  4.90480959e-01,
         1.53496265e+00,  5.23080111e-01,  1.98689592e+00,  1.07773697e+00,
        -7.16526926e-01, -1.09428972e-01,  2.42321506e-01, -1.71343613e+00,
         1.58794487e+00,  1.59926927e+00,  1.04974926e-01,  5.22659004e-01,
         1.04706669e+00, -6.33331835e-01,  1.48318076e+00,  9.86243308e-01,
         1.07703733e+00,  3.30531925e-01,  2.18549207e-01,  1.32056117e+00,
         1.34895957e+00,  1.23590529e-01,  2.53481150e-01, -2.78037608e-01,
        -2.06807330e-01, -2.44469613e-01,  2.24259591e+00,  1.75470757e+00,
         1.56317055e+00,  2.85159826e+00,  2.10906577e+00,  3.17239881e+00,
         1.66371000e+00,  3.67407990e+00,  3.77313685e+00,  3.09279585e+00,
         9.04269814e-01, -6.46287262e-01,  3.36270511e-01,  7.00261891e-02,
        -4.78711188e-01,  1.67606890e-01, -1.89649910e-01,  7.38837779e-01,
         7.95845270e-01, -4.56786275e-01,  3.26438487e-01, -1.38168454e-01,
         1.79213238e+00,  5.06129622e-01,  1.15446544e+00,  2.06833139e-01,
         1.58299518e+00, -7.35449791e-01,  1.56125888e-01, -8.08134437e-01,
         6.98411837e-04, -1.54509544e+00, -1.86021030e+00,  6.98858202e-01,
        -7.95626521e-01, -1.81920087e+00, -1.12693906e+00, -4.98668343e-01,
        -7.89008081e-01, -1.23546839e+00,  5.69107652e-01,  3.34296703e+00,
         4.71829146e-01,  1.16549504e+00,  1.48567855e+00, -2.32635692e-01,
        -1.11373231e-01,  2.79020429e-01,  1.88697204e-02,  1.75441056e-01,
         3.84168297e-01, -7.77608395e-01, -9.74374115e-01, -1.41554737e+00,
        -3.66789997e-01, -3.56509238e-01,  2.37805152e+00,  2.59127989e-02,
         1.21782625e+00,  4.61891353e-01, -2.15241864e-01, -6.87279344e-01,
         3.10979992e-01,  2.80336410e-01, -2.86698699e-01, -3.16826761e-01,
        -7.10406780e-01, -5.79361804e-02,  8.80453646e-01, -6.75332487e-01,
        -1.27890968e+00,  5.58031797e-01, -4.50249285e-01, -5.36323845e-01,
        -6.56437457e-01, -3.46262664e-01, -4.30803746e-01,  3.19776446e-01,
        -7.41272092e-01,  3.18300873e-02, -1.39850223e+00,  8.07270885e-01,
        -5.55475235e-01,  7.85191774e-01,  5.28716862e-01,  3.42266373e-02,
        -3.38503122e-01,  5.05134106e-01, -4.95286882e-01, -7.27859974e-01,
        -8.67426872e-01, -2.52030790e-01,  5.09188354e-01, -4.93818611e-01,
        -7.60992348e-01, -4.88414258e-01, -5.13793886e-01, -5.85401177e-01,
        -5.33056855e-02, -1.31667197e-01, -4.88954276e-01, -5.22823095e-01,
        -1.32884693e+00, -1.14028290e-01, -9.00289774e-01, -6.17935240e-01,
        -1.05478096e+00, -4.80354697e-01, -2.01375887e-01, -1.15752137e+00,
        -1.50503838e+00, -2.47028515e-01,  4.87291455e-01, -6.19443774e-01,
        -4.87313196e-02, -7.17604607e-02,  1.30614117e-01,  8.86794329e-01,
        -2.69528389e-01, -4.00729716e-01, -1.75113440e-01,  6.01176620e-01,
        -4.03234035e-01, -1.02393188e-01, -4.22548920e-01,  7.25747228e-01,
        -1.27745792e-02, -9.88354146e-01, -9.28397775e-01,  3.89271587e-01,
        -1.63150355e-01, -3.82692516e-01, -2.42633581e-01,  4.23824340e-01,
        -1.07681327e-01, -1.03405809e+00, -9.72112775e-01, -5.48960507e-01,
        -1.01199198e+00, -6.34235203e-01, -1.53702581e+00, -1.90784782e-01,
        -1.75362185e-01, -5.23464739e-01, -1.69181794e-01, -4.44764972e-01,
        -1.04386851e-01, -2.69309431e-01, -6.06167018e-01, -6.53154016e-01,
        -8.79106879e-01, -3.67365181e-01, -4.26200956e-01, -1.07825167e-01,
        -4.82718796e-01, -9.54379439e-01, -1.10898530e+00, -1.10857129e+00,
        -9.53574717e-01,  7.17445552e-01, -2.67407387e-01, -1.44360498e-01,
        -1.26191425e+00, -8.36569488e-01, -2.40067482e-01, -8.58801007e-02,
        -4.89319742e-01,  2.45876834e-02, -8.53273869e-01, -4.91512269e-02,
        -5.28646648e-01, -5.50060928e-01,  2.04915144e-02, -1.42621946e+00,
        -9.60586846e-01, -1.93419605e-01, -1.31677365e+00, -4.86355126e-01,
        -4.59990293e-01, -3.90830338e-01, -5.44142723e-01, -1.42095399e+00,
         4.82103199e-01, -4.13391113e-01,  7.25879908e-01, -1.43723595e+00,
        -1.19344223e+00,  3.08464244e-02,  2.20003247e-01,  1.19309700e+00,
         4.87366736e-01, -3.03288132e-01, -6.45075738e-01, -4.79625195e-01,
        -6.85087323e-01,  5.93906641e-01, -3.61327678e-01, -8.35068941e-01,
        -1.43947875e+00,  4.49585378e-01,  5.20647287e-01,  3.07362705e-01,
         7.59510159e-01,  6.50734603e-01, -1.73185050e-01,  2.62054831e-01,
        -8.25414881e-02,  3.95394355e-01, -2.25307748e-01,  9.58331943e-01,
         3.18932325e-01,  1.24809134e+00,  1.70932651e+00,  2.34111881e+00,
         1.50829887e+00,  3.84910226e-01, -7.81155825e-01,  3.12520862e-02,
        -8.08193088e-02, -5.97329021e-01, -8.12949896e-01, -5.50573468e-01,
        -7.37443864e-01,  4.57627684e-01, -1.18421853e+00, -9.84118581e-01,
        -2.71473110e-01, -5.85357368e-01, -1.38869435e-01,  3.21188331e-01,
         3.45547825e-01,  2.65510464e+00,  1.86016798e+00,  1.81783152e+00,
         1.42140222e+00, -4.72984284e-01,  9.70781147e-01,  2.55684471e+00,
         2.56629872e+00,  9.03847873e-01,  2.46477365e+00,  2.21710253e+00,
         1.52889299e+00,  2.23237777e+00,  2.89697242e+00,  2.07731080e+00,
         2.01850843e+00,  1.37337756e+00,  3.65125799e+00,  2.54437280e+00,
         2.29750228e+00, -7.83411145e-01, -3.47015530e-01, -3.95978659e-01,
        -8.59643459e-01, -7.19840944e-01, -8.78161490e-01,  2.23412126e-01,
        -1.51305759e+00, -8.28868926e-01, -4.30956334e-02,  5.67005336e-01,
         2.03598833e+00,  2.90962666e-01, -6.96293652e-01,  4.19853926e-02,
        -1.47526288e+00, -2.29824573e-01, -7.35365927e-01, -2.13008952e+00,
        -1.59351575e+00, -1.36996233e+00, -1.68547130e+00, -1.61810541e+00,
        -1.04459953e+00, -1.65575528e+00, -1.80010843e+00, -9.93713140e-01,
        -2.57822108e+00, -1.68319583e+00, -1.43365645e+00, -6.93444431e-01,
        -8.91755700e-01, -6.89552963e-01, -1.46077406e+00, -1.88592315e+00,
         2.48596102e-01,  1.79596409e-01,  5.02690554e-01,  5.33382773e-01,
        -6.59850061e-01,  1.52234867e-01,  1.18444756e-01, -2.51565486e-01,
        -1.09401453e+00,  3.39916766e-01, -5.04323661e-01,  4.76778597e-02,
         3.24173182e-01, -5.95516682e-01,  3.91722351e-01, -4.13930178e-01,
        -2.48063058e-01, -1.83430970e-01,  1.44742116e-01, -7.09630072e-01,
        -1.79291844e-01,  1.09007382e+00,  1.65392697e-01, -4.42966640e-01,
         1.18856120e+00, -1.66974962e-04,  8.55176210e-01,  7.10510164e-02,
        -5.12855388e-02, -7.43086815e-01, -1.16008067e+00, -6.81170046e-01,
        -1.73999512e+00,  8.04940701e-01, -3.84560138e-01,  5.52083373e-01,
         1.51626766e-01, -1.90715516e+00, -6.68133020e-01,  1.38102043e+00,
        -1.31129754e+00, -5.61006069e-01, -3.89692217e-01,  2.62168169e-01,
        -1.01814342e+00, -1.05827105e+00,  1.16275229e-01, -9.33934629e-01,
        -6.73443735e-01,  1.03424382e+00, -1.26629531e+00, -7.48187244e-01,
        -2.48470402e+00,  1.88357592e+00, -5.29483676e-01,  1.02845323e+00,
        -1.07035942e-01,  4.86368358e-01,  4.34005857e-01, -2.30514240e+00,
         1.00373197e+00,  5.14231443e-01,  2.81010723e+00,  1.95439696e+00,
         2.48716459e-01, -3.44209671e-01, -2.27415130e-01, -1.19810390e+00,
        -1.54407692e+00, -7.60331869e-01,  7.56836474e-01, -5.79453290e-01,
        -9.24983501e-01,  2.23284408e-01, -3.75458419e-01, -3.93437952e-01,
         5.91524601e-01,  1.46920711e-01,  9.71452177e-01,  1.19158375e+00,
        -1.27097678e+00, -5.27961195e-01,  1.30804586e+00,  7.86732882e-02,
        -8.90522599e-02,  1.55260062e+00, -6.72234714e-01,  1.79864967e+00,
        -1.52591836e+00, -5.10369539e-01,  2.61442351e+00, -9.78308797e-01,
        -1.01514959e+00, -1.60201025e+00, -1.17735398e+00,  9.22505379e-01,
         3.74514788e-01, -5.61385691e-01, -2.13278747e+00,  9.30463374e-02,
        -5.68695366e-02,  1.02183223e+00, -7.94044256e-01,  2.45209306e-01,
        -1.53105569e+00,  2.72893280e-01,  1.94909799e+00, -2.46450245e-01,
         8.15694511e-01,  5.88490844e-01, -1.32665062e+00, -2.46245337e+00,
        -5.46988964e-01,  9.29620802e-01,  1.76896632e+00, -1.13971686e+00,
        -1.49374354e+00,  5.42293787e-01, -9.60999250e-01,  1.37007937e-01,
        -1.64565563e+00, -1.22454381e+00, -5.39096117e-01, -1.66824317e+00,
         1.34020281e+00,  3.77170593e-01, -1.74556196e-01, -1.46961057e+00,
        -1.43476045e+00,  4.93579119e-01, -1.16897598e-01,  1.82988179e+00,
         1.03369333e-01,  3.20770621e-01,  1.21779084e+00, -7.57955909e-01,
         5.40771708e-02,  2.99693167e-01,  8.32060575e-01, -5.30677557e-01,
         4.82625306e-01, -2.22756252e-01, -1.48584509e+00,  2.01082587e+00,
        -2.16589808e+00, -2.98191398e-01, -1.32952511e+00,  5.94465613e-01,
         6.60629094e-01,  2.12530047e-01, -1.10815954e+00,  9.69228864e-01,
         2.58834064e-01, -2.80024934e+00, -1.12493730e+00, -1.64551485e+00,
         4.74070221e-01, -7.46557713e-01, -6.90889001e-01, -4.33478504e-01,
        -1.35818458e+00,  6.32077575e-01, -4.93017703e-01, -9.42621231e-01,
        -4.62519646e-01, -5.65816090e-03, -1.21637642e+00, -8.97527695e-01,
        -7.10939318e-02, -1.21428835e+00, -3.95507425e-01, -1.12806708e-01,
        -8.83776248e-01, -5.95722616e-01,  1.24824405e+00,  1.76578373e-01,
        -2.03227758e-01, -3.82439457e-02,  1.45237184e+00, -1.99246573e+00,
        -1.87804520e+00, -1.03091216e+00, -4.27233994e-01,  1.26096511e+00,
         4.08008039e-01, -8.24797451e-01,  1.41928279e+00, -8.08850050e-01,
        -8.60239565e-01,  5.66775918e-01, -5.44463456e-01, -2.70877051e+00,
        -1.07793480e-01,  2.78425288e+00, -1.53585851e+00, -3.92623097e-01,
         1.36440778e+00,  7.72954345e-01,  8.09586942e-01, -9.99705136e-01,
         4.91693974e+00,  5.14596879e-01,  7.98760116e-01, -1.69314027e-01,
        -1.39308941e+00, -1.09502411e+00,  1.31619155e+00,  1.52104580e+00,
        -8.45871449e-01, -9.78296340e-01, -1.13488841e+00,  2.91992813e-01,
        -2.88023651e-01, -2.56559634e+00, -2.89319843e-01, -1.42538273e+00,
         1.05569899e+00, -1.73689282e+00,  5.17031789e-01, -1.73951244e+00,
        -2.07242918e+00,  1.09619594e+00,  4.04863656e-02, -6.92353547e-01,
        -6.31373644e-01, -1.32713962e+00, -2.70468712e+00, -5.55648386e-01,
         1.85427701e+00,  6.02472365e-01, -1.08340132e+00,  1.74550045e+00,
         1.31161010e+00, -1.14177391e-01,  1.40608072e-01,  4.00517607e+00,
         1.36450222e-02,  8.40564668e-02, -2.84083545e-01, -1.15802515e+00,
         1.84205449e+00,  5.96444130e-01,  2.04069421e-01,  2.74077773e+00,
         1.69215930e+00,  4.35843498e-01,  4.46262091e-01, -2.22910833e+00,
         1.69340539e+00,  1.35241938e+00,  1.38928905e-01, -4.60082918e-01,
         1.11384845e+00, -1.60424936e+00,  1.12776697e+00, -4.78037149e-02,
        -1.79417777e+00, -5.99608064e-01, -2.05092549e-01,  1.95304692e-01,
         2.07221651e+00,  1.15255132e-01,  2.67614770e+00,  2.63433313e+00,
         1.37249053e+00, -7.31413186e-01,  1.19537592e+00,  2.55153060e+00,
        -1.57675493e+00, -1.48009586e+00,  1.91503453e+00, -4.68176126e-01,
        -1.78207278e+00,  1.48068726e+00, -4.15442020e-01,  5.78003645e-01,
         2.65531468e+00,  9.83106852e-01, -2.71121836e+00,  1.06405288e-01,
         1.48864841e+00, -9.82976615e-01, -5.14528036e-01, -7.72172570e-01,
        -1.57916725e+00,  7.75378823e-01, -1.52017295e+00,  1.13339908e-02,
         2.72260833e+00, -1.89882576e+00, -8.84673238e-01,  5.65044761e-01,
         1.07090461e+00, -1.65063703e+00,  2.00585175e+00,  2.58599687e+00,
        -1.31262243e+00, -1.99365899e-01, -1.49148226e+00,  6.65217519e-01,
        -1.31769788e+00,  1.77323306e+00, -1.16833203e-01,  7.48944879e-01,
        -1.06088591e+00, -2.51631212e+00,  7.71765351e-01, -1.12606609e+00,
         1.67446387e+00, -1.43537092e+00,  5.00247955e-01, -4.43397462e-01,
        -9.20398235e-01,  2.55405593e+00, -9.53826606e-01, -1.35428917e+00,
        -8.47136855e-01,  7.05176115e-01,  2.67360687e-01, -1.46827292e+00,
        -7.39862144e-01,  2.01411748e+00, -3.58188272e-01,  6.44763052e-01,
         1.16500342e+00,  8.97371292e-01, -6.44529104e-01,  9.96783257e-01,
        -3.13606471e-01,  2.40369752e-01, -1.84221685e-01, -2.81166530e+00,
         1.43375123e+00,  1.15863934e-01, -3.44094872e+00, -1.87948704e-01,
         1.21059072e+00,  6.23780787e-01, -1.59210694e+00,  3.35764796e-01,
         1.25338817e+00, -6.97132587e-01, -1.31774902e+00,  7.19567835e-02,
         2.29460549e+00,  1.32492280e+00, -2.32041121e-01, -2.13848257e+00,
         2.32670829e-01, -1.96173251e+00, -1.75391078e+00, -1.09070182e-01,
        -1.43958539e-01,  1.28014171e+00,  1.58768803e-01,  1.00103056e+00,
         1.20436776e+00,  2.72933953e-03,  7.34232366e-01, -4.31397200e-01,
        -1.03422558e+00, -2.44779682e+00, -4.04726475e-01, -1.28997803e-01,
         4.09102350e-01,  1.10335672e+00,  1.69486427e+00, -2.22665519e-01,
        -1.95734632e+00,  1.09918118e+00, -7.84007609e-01, -1.99144840e-01,
         5.42705595e-01, -1.04003155e+00, -1.59509003e+00,  1.90993071e+00,
        -5.02428889e-01,  1.05383945e+00, -1.63681877e+00,  2.44666979e-01,
        -3.60374868e-01,  2.05371454e-01,  3.89663458e-01, -1.99263000e+00,
        -6.28403723e-01,  1.51274002e+00, -1.31503141e+00, -9.54600751e-01,
         1.94943702e+00,  3.00911665e-02,  1.16043329e+00,  2.17132151e-01,
         1.60311997e+00,  1.67377639e+00,  3.91881049e-01, -8.71520996e-01,
         9.34181929e-01,  1.83737719e+00,  6.60480738e-01, -1.18108320e+00,
        -2.76049972e-01, -1.57299566e+00, -2.77146727e-01, -1.98034570e-04,
         1.52782691e+00,  1.55458570e+00, -1.83778393e+00,  1.06804931e+00,
         1.14807880e+00, -2.93120712e-01,  2.15755105e-01,  1.08573985e+00,
        -1.09001279e+00,  1.16644502e+00, -1.32960033e+00,  9.57290232e-01,
         1.49831271e+00,  8.16044152e-01, -8.36899161e-01, -2.40904391e-01,
         5.63509881e-01,  1.75914109e+00, -1.56206205e-01, -1.15523326e+00,
        -8.64265323e-01, -3.07253510e-01,  1.93172848e+00,  1.66484523e+00,
         2.46076655e+00, -4.89342898e-01, -1.08972466e+00,  6.95864320e-01,
        -2.36467147e+00,  2.06558371e+00, -8.04295540e-01, -4.89849418e-01,
         9.18467045e-01,  4.70587909e-01,  3.72124481e+00,  3.46396923e-01,
         4.52307403e-01, -3.00056398e-01,  7.11089730e-01,  1.22423017e+00,
        -1.42029190e+00, -1.19639266e+00, -4.10638571e-01,  3.15369546e-01,
         1.00949025e+00, -3.96876723e-01, -4.70390141e-01, -1.70430720e-01,
        -1.29303432e+00,  7.91026711e-01, -2.12431327e-03,  1.09459853e+00,
         1.09897196e+00,  1.55957353e+00, -5.68711042e-01,  1.63718522e+00,
         1.34950519e+00, -1.15837777e+00,  1.67329931e+00,  1.17753670e-01,
        -1.71204460e+00, -1.41630709e+00, -2.57582545e-01, -6.10350668e-01,
         3.77462745e-01, -1.66952431e+00,  7.20791459e-01,  9.22762454e-02,
         3.11885214e+00, -2.08512664e+00, -1.07297909e+00,  1.35624602e-01,
        -1.45897067e+00, -1.10566509e+00,  6.43474817e-01, -2.15747428e+00,
        -1.32663846e-01, -1.92125827e-01,  3.22931074e-02, -8.16583693e-01,
         1.35001457e+00, -7.95701325e-01, -2.86948383e-01, -8.16659987e-01,
         2.32662535e+00,  2.03652906e+00,  1.59510231e+00, -1.10293281e+00,
         1.46166220e-01, -1.16013527e-01,  6.80189207e-03,  2.66355705e+00,
         1.53136551e+00, -2.23790288e+00,  6.13757968e-01,  2.08819366e+00,
        -3.08750081e+00, -8.47686231e-01, -1.01105464e+00, -7.58766115e-01,
        -1.74168289e+00,  1.01979375e+00,  7.46462405e-01, -1.72563946e+00,
        -1.16869938e+00, -2.60570836e+00, -1.85510564e+00, -7.88810968e-01,
         1.21881378e+00, -7.53552496e-01, -1.20148206e+00, -5.36900043e-01,
         7.28396833e-01, -1.09728301e+00, -2.60933733e+00, -2.04599034e-02,
         1.21031046e+00, -1.88356265e-02, -1.71311307e+00,  4.06365514e-01,
        -5.55602312e-01, -7.86562443e-01,  6.86978519e-01,  1.35306537e+00,
        -1.92089349e-01,  3.00496531e+00, -5.56385100e-01, -2.81123430e-01,
        -1.25634968e+00,  2.21762955e-02, -7.73429513e-01, -5.20111918e-01,
         3.20922565e+00,  1.15593302e+00,  1.26886332e+00, -3.55619639e-01,
         1.04659855e+00,  1.27338326e+00,  6.14536941e-01,  4.58473951e-01,
        -5.34510791e-01,  1.11494809e-01,  1.00939369e+00,  7.46946633e-01,
         6.13672781e+00,  2.23941660e+00,  1.62968147e+00, -7.46067986e-02,
         1.56653017e-01,  8.89856756e-01,  1.37554324e+00,  2.41789532e+00,
        -1.46588612e+00, -1.55801988e+00, -6.68448567e-01, -2.00823402e+00,
         4.05857980e-01, -7.73729801e-01, -1.73033506e-01, -4.18440342e-01,
         5.96361518e-01,  1.76910126e+00, -1.34922221e-01, -1.64655536e-01,
        -1.94608462e+00,  2.52750206e+00, -7.13475794e-03, -9.46531236e-01,
        -7.26504266e-01,  1.90913990e-01, -3.38504553e-01, -9.18071151e-01,
        -5.85709095e-01, -1.46935260e+00, -8.26438546e-01, -1.51404113e-01,
        -1.12138832e+00, -1.37235856e+00, -5.19838274e-01, -1.05275929e-01,
        -2.69437209e-02,  2.64186300e-02,  5.86719155e-01, -1.15033146e-03,
        -2.54624915e+00,  1.03007786e-01, -1.19041955e+00, -8.00779402e-01,
         1.92368948e+00,  1.58145285e+00,  9.80001390e-01,  3.29580247e-01,
         7.66624868e-01,  4.25192595e-01,  2.55076766e-01, -1.00966191e+00,
        -8.52201641e-01,  5.75200438e-01, -1.25232184e+00, -1.03755569e+00,
        -9.74274874e-01, -6.92897379e-01, -8.71327519e-01, -7.67226875e-01,
        -6.52971506e-01, -1.24806249e+00,  1.54679966e+00,  6.32989705e-02,
         8.43436897e-01,  3.47761720e-01, -1.42793560e+00,  1.98927426e+00,
        -8.49625766e-01, -9.87339497e-01,  1.80645895e+00, -2.34536082e-01,
        -1.09001780e+00,  2.51729727e-01, -1.82593793e-01, -1.88012671e+00,
         1.34460437e+00,  1.01322472e-01, -4.56630468e-01, -8.76584709e-01,
        -5.02625585e-01,  3.91034722e-01, -5.59493959e-01,  4.68694031e-01,
         3.19081247e-02,  1.44295812e+00, -7.14276075e-01, -1.21411395e+00,
        -9.89762068e-01, -2.14256549e+00, -1.28355193e+00, -1.05516613e+00,
        -1.13572896e+00, -1.79808307e+00,  6.79978669e-01,  9.16900635e-01],
       device='cuda:0')
Clean RHS: tensor([[0.29453376]], device='cuda:0')
Split layers:
Nonlinear functions:
   BoundRelu(name=/66, inputs=[/input], perturbed=True)
   BoundRelu(name=/68, inputs=[/input-4], perturbed=True)
   BoundRelu(name=/71, inputs=[/input-12], perturbed=True)
   BoundRelu(name=/73, inputs=[/input-16], perturbed=True)
   BoundRelu(name=/76, inputs=[/input-24], perturbed=True)
   BoundRelu(name=/78, inputs=[/input-28], perturbed=True)
   BoundRelu(name=/80, inputs=[/input-32], perturbed=True)
   BoundRelu(name=/83, inputs=[/input-40], perturbed=True)
   BoundRelu(name=/85, inputs=[/input-44], perturbed=True)
   BoundRelu(name=/87, inputs=[/input-48], perturbed=True)
   BoundRelu(name=/90, inputs=[/input-56], perturbed=True)
   BoundRelu(name=/92, inputs=[/input-60], perturbed=True)
   BoundRelu(name=/94, inputs=[/input-64], perturbed=True)
   BoundRelu(name=/98, inputs=[/input-68], perturbed=True)
   BoundRelu(name=/101, inputs=[/input-72], perturbed=True)
   BoundRelu(name=/input-8/conv_1_relu, inputs=[/input-8/conv_1], perturbed=True)
   BoundRelu(name=/input-8/conv_3_relu, inputs=[/input-8/conv_3], perturbed=True)
   BoundRelu(name=/input-20/conv_1_relu, inputs=[/input-20/conv_1], perturbed=True)
   BoundRelu(name=/input-20/conv_3_relu, inputs=[/input-20/conv_3], perturbed=True)
   BoundRelu(name=/input-36/conv_1_relu, inputs=[/input-36/conv_1], perturbed=True)
   BoundRelu(name=/input-36/conv_3_relu, inputs=[/input-36/conv_3], perturbed=True)
   BoundRelu(name=/input-52/conv_1_relu, inputs=[/input-52/conv_1], perturbed=True)
   BoundRelu(name=/input-52/conv_3_relu, inputs=[/input-52/conv_3], perturbed=True)
   BoundRelu(name=/95/conv_1_relu, inputs=[/95/conv_1], perturbed=True)
   BoundRelu(name=/95/conv_3_relu, inputs=[/95/conv_3], perturbed=True)
Batched CROWN: node BoundConv(name=/input-4, inputs=[/66, /35, /36], perturbed=True), unstable size 59354
Batched CROWN: node BoundConv(name=/input-8/conv_1, inputs=[/68, /input-8/conv_1_w], perturbed=True), unstable size 56847
Batched CROWN: node BoundConv(name=/input-8/conv_3, inputs=[/input-8/add_1_2, /input-8/conv_3_w], perturbed=True), unstable size 28200
Batched CROWN: node BoundConv(name=/input-12, inputs=[/input-8/add_3_4, /37, /38], perturbed=True), unstable size 551375
Batched CROWN: node BoundConv(name=/input-16, inputs=[/71, /39, /40], perturbed=True), unstable size 1575880
Batched CROWN: node BoundConv(name=/input-20/conv_1, inputs=[/73, /input-20/conv_1_w], perturbed=True), unstable size 21854
Batched CROWN: node BoundConv(name=/input-20/conv_3, inputs=[/input-20/add_1_2, /input-20/conv_3_w], perturbed=True), unstable size 13122
Batched CROWN: node BoundConv(name=/input-24, inputs=[/input-20/add_3_4, /41, /42], perturbed=True), unstable size 388804
Batched CROWN: node BoundConv(name=/input-28, inputs=[/76, /43, /44], perturbed=True), unstable size 800281
Batched CROWN: node BoundConv(name=/input-32, inputs=[/78, /45, /46], perturbed=True), unstable size 182845
Batched CROWN: node BoundConv(name=/input-36/conv_1, inputs=[/80, /input-36/conv_1_w], perturbed=True), unstable size 37739
Batched CROWN: node BoundConv(name=/input-36/conv_3, inputs=[/input-36/add_1_2, /input-36/conv_3_w], perturbed=True), unstable size 22814
Batched CROWN: node BoundConv(name=/input-40, inputs=[/input-36/add_3_4, /47, /48], perturbed=True), unstable size 359788
Batched CROWN: node BoundConv(name=/input-44, inputs=[/83, /49, /50], perturbed=True), unstable size 253272
Batched CROWN: node BoundConv(name=/input-48, inputs=[/85, /51, /52], perturbed=True), unstable size 334030
Batched CROWN: node BoundConv(name=/input-52/conv_1, inputs=[/87, /input-52/conv_1_w], perturbed=True), unstable size 13419
Batched CROWN: node BoundConv(name=/input-52/conv_3, inputs=[/input-52/add_1_2, /input-52/conv_3_w], perturbed=True), unstable size 8304
Batched CROWN: node BoundConv(name=/input-56, inputs=[/input-52/add_3_4, /53, /54], perturbed=True), unstable size 98381
Batched CROWN: node BoundConv(name=/input-60, inputs=[/90, /55, /56], perturbed=True), unstable size 100335
Batched CROWN: node BoundConv(name=/input-64, inputs=[/92, /57, /58], perturbed=True), unstable size 100352
Batched CROWN: node BoundConv(name=/95/conv_1, inputs=[/94, /95/conv_1_w], perturbed=True), unstable size 49567
Batched CROWN: node BoundConv(name=/95/conv_3, inputs=[/95/add_1_2, /95/conv_3_w], perturbed=True), unstable size 24869
Batched CROWN: node BoundLinear(name=/input-68, inputs=[/96, /59, /60], perturbed=True), unstable size 4096
Batched CROWN: node BoundLinear(name=/input-72, inputs=[/99, /61, /62], perturbed=True), unstable size 4096
initial crown bounds: tensor([[-5308986.]], device='cuda:0')
Number of class (without rhs): 1 ; Worst class: (+ rhs) -5308986.0
Iteration 1
Adv attack time: 1.4708s
Batch size: 1
Current pickout batch: 1, total pickout batch: 1
Batched CROWN: node BoundConv(name=/input-4, inputs=[/66, /35, /36], perturbed=True), unstable size 59354
Batched CROWN: node BoundConv(name=/input-8/conv_1, inputs=[/68, /input-8/conv_1_w], perturbed=True), unstable size 56847
Batched CROWN: node BoundConv(name=/input-8/conv_3, inputs=[/input-8/add_1_2, /input-8/conv_3_w], perturbed=True), unstable size 28200
Batched CROWN: node BoundConv(name=/input-12, inputs=[/input-8/add_3_4, /37, /38], perturbed=True), unstable size 551375
Batched CROWN: node BoundConv(name=/input-16, inputs=[/71, /39, /40], perturbed=True), unstable size 1575880
Batched CROWN: node BoundConv(name=/input-20/conv_1, inputs=[/73, /input-20/conv_1_w], perturbed=True), unstable size 21854
Batched CROWN: node BoundConv(name=/input-20/conv_3, inputs=[/input-20/add_1_2, /input-20/conv_3_w], perturbed=True), unstable size 13122
Batched CROWN: node BoundConv(name=/input-24, inputs=[/input-20/add_3_4, /41, /42], perturbed=True), unstable size 388804
Batched CROWN: node BoundConv(name=/input-28, inputs=[/76, /43, /44], perturbed=True), unstable size 800281
Batched CROWN: node BoundConv(name=/input-32, inputs=[/78, /45, /46], perturbed=True), unstable size 182846
Batched CROWN: node BoundConv(name=/input-36/conv_1, inputs=[/80, /input-36/conv_1_w], perturbed=True), unstable size 37739
Batched CROWN: node BoundConv(name=/input-36/conv_3, inputs=[/input-36/add_1_2, /input-36/conv_3_w], perturbed=True), unstable size 22814
Batched CROWN: node BoundConv(name=/input-40, inputs=[/input-36/add_3_4, /47, /48], perturbed=True), unstable size 359788
Batched CROWN: node BoundConv(name=/input-44, inputs=[/83, /49, /50], perturbed=True), unstable size 253270
Batched CROWN: node BoundConv(name=/input-48, inputs=[/85, /51, /52], perturbed=True), unstable size 334029
Batched CROWN: node BoundConv(name=/input-52/conv_1, inputs=[/87, /input-52/conv_1_w], perturbed=True), unstable size 13419
Batched CROWN: node BoundConv(name=/input-52/conv_3, inputs=[/input-52/add_1_2, /input-52/conv_3_w], perturbed=True), unstable size 8304
Batched CROWN: node BoundConv(name=/input-56, inputs=[/input-52/add_3_4, /53, /54], perturbed=True), unstable size 98381
Batched CROWN: node BoundConv(name=/input-60, inputs=[/90, /55, /56], perturbed=True), unstable size 100335
Batched CROWN: node BoundConv(name=/input-64, inputs=[/92, /57, /58], perturbed=True), unstable size 100352
Batched CROWN: node BoundConv(name=/95/conv_1, inputs=[/94, /95/conv_1_w], perturbed=True), unstable size 49567
Batched CROWN: node BoundConv(name=/95/conv_3, inputs=[/95/add_1_2, /95/conv_3_w], perturbed=True), unstable size 24869
Batched CROWN: node BoundLinear(name=/input-68, inputs=[/96, /59, /60], perturbed=True), unstable size 4096
Batched CROWN: node BoundLinear(name=/input-72, inputs=[/99, /61, /62], perturbed=True), unstable size 4096
Worst bound: tensor([-5309029.], device='cuda:0')
Current (lb-rhs): -5309029.0
Total time: 3195.8548  pickout: 0.0003  split: 0.0010  decision: 0.0003  bounding: 3195.8513  clipping: 0.0000  add_domain: 0.0017  rest: 0.0001
Length of domains: 2
3 branch and bound domains visited
Time out!
Result: timeout
Time: 4832.756726741791
[rank 0] === Checking instance ID 775 ===
[rank 0] >>> Running ID=775 onnx=onnx/vgg16-7.onnx
Configurations:

general:
  device: cuda
  seed: 100
  conv_mode: patches
  deterministic: false
  double_fp: false
  loss_reduction_func: max
  sparse_alpha: true
  sparse_interm: true
  save_adv_example: false
  verify_onnxruntime_output: false
  eval_adv_example: false
  show_adv_example: false
  precompile_jit: false
  prepare_only: false
  complete_verifier: bab
  enable_incomplete_verification: false
  csv_name: instances.csv
  results_file: results/vggnet16_all_p_4/result_775.rank0.txt
  root_path: ../../vnncomp2023_benchmarks/benchmarks/vggnet16
  deterministic_opt: false
  graph_optimizer: 'Customized("custom_graph_optimizer", "maxpool_to_relu")'
  buffer_has_batchdim: false
  save_output: false
  output_file: out.pkl
  return_optimized_model: false
  output_additional_stats: true
  instance_id: 775
  dataset_output_dir: dataset
  min_stable_neurons_ratio_threshold: 0.0
model:
  name: null
  path: null
  onnx_path: /projects/air/dlverifier/vggnet16_all/onnx/vgg16-7.onnx
  onnx_path_prefix: ''
  cache_onnx_conversion: true
  debug_onnx: false
  onnx_quirks: null
  input_shape: null
  onnx_loader: default_onnx_and_vnnlib_loader
  onnx_optimization_flags: []
  onnx_vnnlib_joint_optimization_flags: none
  check_optimized: false
  flatten_final_output: false
  optimize_graph: null
  with_jacobian: false
data:
  start: 0
  end: 10000
  select_instance: null
  num_outputs: 1000
  mean: 0.0
  std: 1.0
  pkl_path: null
  dataset: null
  data_filter_path: null
  data_idx_file: null
specification:
  type: lp
  robustness_type: verified-acc
  norm: .inf
  epsilon: null
  epsilon_min: 0.0
  vnnlib_path: /projects/air/dlverifier/vggnet16_all/vnnlib/n02090721_Irish_wolfhound_global_k50176_eps_0.0002.vnnlib
  vnnlib_path_prefix: ''
  rhs_offset: null
solver:
  batch_size: 1
  auto_enlarge_batch_size: false
  min_batch_size_ratio: 0.1
  use_float64_in_last_iteration: false
  early_stop_patience: 10
  start_save_best: 0.5
  bound_prop_method: forward+backward
  init_bound_prop_method: same
  prune_after_crown: false
  optimize_disjuncts_separately: false
  crown:
    batch_size: 16
    max_crown_size: 1000000000
    relu_option: adaptive
  alpha-crown:
    alpha: true
    lr_alpha: 0.1
    iteration: 100
    share_alphas: false
    lr_decay: 0.98
    full_conv_alpha: true
    max_coeff_mul: .inf
    matmul_share_alphas: false
    disable_optimization: []
    max_time: 1.0
  invprop:
    apply_output_constraints_to: []
    tighten_input_bounds: false
    best_of_oc_and_no_oc: false
    directly_optimize: []
    oc_lr: 0.1
    share_gammas: false
  beta-crown:
    lr_alpha: 0.01
    lr_beta: 0.05
    lr_decay: 0.98
    optimizer: adam
    iteration: 10
    beta: true
    beta_warmup: true
    enable_opt_interm_bounds: false
    all_node_split_LP: false
  forward:
    refine: false
    dynamic: true
    max_dim: 100
    reset_threshold: 1.0
  intermediate_refinement:
    enabled: false
    batch_size: 10
    opt_coeffs: false
    opt_bias: false
    lr: 0.05
    layers: [-1]
    max_domains: 1000
  multi_class:
    label_batch_size: 32
    skip_with_refined_bound: true
  mip:
    unstable_neuron_threshold: 0
    parallel_solvers: null
    solver_threads: 1
    refine_neuron_timeout: 15
    refine_neuron_time_percentage: 0.8
    early_stop: true
    adv_warmup: true
    mip_solver: gurobi
    skip_unsafe: false
    topk_filter: 1.0
    sliding_window: -1
    extra_constraint: false
    refine_neuron_timeout_increasement: 0
    timeout_neuron_percentage: 0.3
    remaining_timeout_threshold: 1
    remove_unstable_neurons: true
    lp_solver: false
bab:
  initial_max_domains: 1
  backing_up_max_domain: null
  max_domains: .inf
  decision_thresh: 0
  timeout: 1200.0
  timeout_scale: 1
  max_iterations: -1
  override_timeout: null
  get_upper_bound: false
  pruning_in_iteration: true
  pruning_in_iteration_ratio: 0.2
  sort_targets: false
  batched_domain_list: true
  optimized_interm: ''
  interm_transfer: true
  recompute_interm: false
  sort_domain_interval: -1
  vanilla_crown: false
  tree_traversal: depth_first
  cut:
    enabled: false
    cuts_path: /tmp/abcrown_cuts
    implication: false
    bab_cut: false
    lp_cut: false
    method: null
    lr: 0.01
    lr_decay: 1.0
    iteration: 100
    bab_iteration: -1
    early_stop_patience: -1
    lr_beta: 0.02
    number_cuts: 50
    topk_cuts_in_filter: 1000
    batch_size_primal: 100
    max_num: 1000000000
    patches_cut: false
    cplex_cuts: false
    cplex_cuts_wait: 0
    cplex_cuts_revpickup: true
    cut_reference_bounds: true
    fix_intermediate_bounds: false
    _tmp_cuts: null
    fixed_cuts: false
    add_implied_cuts: false
    add_input_cuts: false
    biccos:
      enabled: false
      constraint_strengthening: true
      recursively_strengthening: false
      drop_ratio: 0.5
      verified_bonus: 0.3
      max_infer_iter: 20
      heuristic: neuron_influence_score
      save_biccos_cuts: false
      multi_tree_branching:
        enabled: false
        restore_best_tree: false
        keep_n_best_domains: 1
        k_splits: 1
        iterations: 1
  branching:
    method: sb
    candidates: 3
    reduceop: min
    enable_intermediate_bound_opt: false
    branching_input_and_activation: false
    branching_input_and_activation_order: [input, relu]
    branching_input_iterations: 30
    branching_relu_iterations: 50
    gnn_path: ''
    neural_heuristic:
      model_path: ''
    rl:
      experiment: general
      eval: false
      extras: []
      logging:
        color: true
        debug: true
        file: rl-experiment.log
      pnet:
        gH: 64
        tH: 64
        nheads: 64
        nlayers: 64
        useDynamicGraph: true
        bidirectional: false
        GAT: true
      training:
        gamma: 0.99
        lr: 0.001
        batchSize: 8
        loop: 8
        totalEpochs: 10
        updatePolicyFrequency: 10
        updateTargetFrequency: 10
        buffer: buffer.pkl
        preparedBuffer: 'False'
        TestingPreparedBuffer: false
        scriptTraining: false
        policynet: policy-checkpoint.pt
        targetnet: target-checkpoint.pt
        datasetShuffle: true
        targetedData: all
        splitRatio: 0.8
        maxInstances: -1
        trainingMode: full
        reward:
          norm: null
          bonus: 10.0
          penalty: -1.0
      egreedy:
        epsilon: 0.1
        epsilonDecay: 0.1
        minEpsilon: 0.1
        ePath: epsilon.pt
        enabled: true
      expert:
        useExpertUntilEpisode: 0.1
        enabled: true
        learnToImitateExpertEpochs: 10
    nonlinear_split:
      method: shortcut
      branching_point_method: uniform
      num_branches: 2
      filter: false
      filter_beta: false
      filter_clamp: false
      filter_batch_size: 10000
      filter_iterations: 25
      relu_only: false
      loose_tanh_threshold: null
      dynamic_bbps: false
      dynamic_options: [uniform, three_left, three_right]
      branching_point_node: ''
      branching_point_db: []
    input_split:
      enable_clip_domains: false
      split_hint: null
      reorder_bab: false
      enable: true
      enhanced_bound_prop_method: alpha-crown
      enhanced_branching_method: naive
      enhanced_bound_patience: 100000000.0
      attack_patience: 100000000.0
      adv_check: 0
      split_partitions: 2
      sb_margin_weight: 1.0
      sb_sum: false
      sb_primary_spec: null
      bf_backup_thresh: -1
      bf_rhs_offset: 0
      bf_iters: 1000000000.0
      bf_batch_size: 100000
      bf_zero_crossing_score: false
      touch_zero_score: 0
      ibp_enhancement: false
      catch_assertion: false
      compare_with_old_bounds: false
      update_rhs_with_attack: false
      sb_coeff_thresh: 0.001
      sort_index: null
      sort_descending: true
      show_progress: false
      presplit_domains: null
      skip_getting_worst_domain: false
  attack:
    enabled: false
    beam_candidates: 8
    beam_depth: 7
    max_dive_fix_ratio: 0.8
    min_local_free_ratio: 0.2
    mip_start_iteration: 5
    mip_timeout: 30.0
    adv_pool_threshold: null
    refined_mip_attacker: false
    refined_batch_size: null
attack:
  pgd_order: input_bab
  pgd_steps: 100
  pgd_restarts: 30
  pgd_batch_size: 100000000
  pgd_early_stop: true
  pgd_lr_decay: 0.99
  pgd_alpha: auto
  pgd_alpha_scale: false
  pgd_loss_mode: null
  pgd_restart_when_stuck: false
  enable_mip_attack: false
  adv_saver: default_adv_saver
  adv_verifier: default_adv_verifier
  early_stop_condition: default_early_stop_condition
  adv_example_finalizer: default_adv_example_finalizer
  pgd_loss: default_pgd_loss
  cex_path: ./test_cex.txt
  attack_mode: PGD
  attack_tolerance: 0.0
  attack_func: attack_with_general_specs
  gama_lambda: 10.0
  gama_decay: 0.9
  check_clean: true
  input_split:
    pgd_steps: 100
    pgd_restarts: 30
    pgd_alpha: auto
  input_split_enhanced:
    pgd_steps: 200
    pgd_restarts: 500000
    pgd_alpha: auto
  input_split_check_adv:
    enabled: auto
    pgd_steps: 5
    pgd_restarts: 5
    pgd_alpha: auto
    max_num_domains: 10
debug:
  sanity_check: Full+Graph
  view_model: false
  lp_test: null
  rescale_vnnlib_ptb: null
  test_optimized_bounds: false
  test_optimized_bounds_after_n_iterations: 0
  print_verbose_decisions: false

Experiments at Thu Feb 19 07:32:31 2026 on d1026
Internal results will be saved to results/vggnet16_all_p_4/result_775.rank0.txt.

[ZRL] %%%%%%%%%%%%%%%%%%%%%%%%%%%%%%%%%%% idx: 0, vnnlib ID: 0 %%%%%%%%%%%%%%%%%%%%%%%%%%%%%%%%%%%
Using onnx /projects/air/dlverifier/vggnet16_all/onnx/vgg16-7.onnx
Using vnnlib /projects/air/dlverifier/vggnet16_all/vnnlib/n02090721_Irish_wolfhound_global_k50176_eps_0.0002.vnnlib
150528 inputs and 1000 outputs in vnnlib
Loading cached onnx model from /projects/air/dlverifier/vggnet16_all/onnx/vgg16-7.onnx.cached
Cannot read cached onnx file. Regenerating...
Loading onnx /projects/air/dlverifier/vggnet16_all/onnx/vgg16-7.onnx with quirks {}
Finished onnx model loading in 34.0156 seconds
Number of perturbed inputs: 150528
WARNING: prioritizing attack due to too many perturbed pixels on VGG
Setting arguments.Config["attack"]["pgd_order"] to "before"
Setting bound_prop_method to crown
Attack parameters: initialization=uniform, steps=100, restarts=30, alpha=5.000084638595581e-05, initialization=uniform, GAMA=False
Model output of first 5 examples:
 tensor([[ 1.04841626e+00,  2.06702948e+00,  1.09783721e+00,  1.12288201e+00,
          1.32237649e+00,  1.78087616e+00,  2.02228856e+00, -1.33932936e+00,
         -9.34227884e-01, -5.16535878e-01, -1.10908437e+00,  3.98890167e-01,
         -1.86851010e-01, -4.28034902e-01,  6.12776577e-01,  3.99405211e-01,
         -6.88385785e-01, -7.47176349e-01, -8.81155133e-02, -6.38609409e-01,
         -1.45150453e-01,  8.04878235e-01,  1.29130948e+00, -4.18406129e-02,
          5.27139425e-01, -1.40129519e+00, -2.91991606e-02, -7.69551635e-01,
         -1.72836423e+00,  6.30796134e-01, -1.19846606e+00,  8.31612587e-01,
         -9.04494464e-01, -2.44698510e-01, -3.72476667e-01, -8.30604136e-01,
          8.32296789e-01, -1.54462540e+00, -1.87428474e-01, -1.07655621e+00,
          9.79077280e-01, -1.29397106e+00, -1.74308062e+00, -1.25649440e+00,
         -5.64032674e-01, -1.05319524e+00,  1.38925374e+00, -8.50888073e-01,
         -8.57981205e-01,  2.63409257e-01,  1.57935929e+00, -2.08044982e+00,
         -1.60624072e-01,  1.42617181e-01, -1.00066388e+00,  9.73762646e-02,
         -1.13942766e+00, -1.49697948e+00,  6.67936921e-01,  2.43450195e-01,
          3.12171787e-01, -8.48199487e-01, -1.42098188e+00,  1.30401149e-01,
          8.15625548e-01,  8.57550144e-01, -7.91928589e-01,  1.73909873e-01,
         -1.30269384e+00, -1.15134585e+00,  2.96281695e-01,  2.64549524e-01,
         -3.43469083e-01,  3.86803269e-01,  1.65325120e-01,  6.03511810e-01,
          2.17951506e-01,  1.20489383e+00,  8.82493496e-01,  1.08442569e+00,
         -1.50570810e-01, -1.32069433e+00, -3.95295799e-01, -9.65249181e-01,
         -4.79075797e-02, -3.23501319e-01, -8.13810706e-01,  3.84021312e-01,
          2.24855557e-01,  1.52900100e-01, -2.40801215e-01, -1.61370683e+00,
          4.24468726e-01,  3.85346681e-01,  8.39882493e-01, -1.58088267e+00,
          9.90889013e-01,  1.21901751e-01,  4.78408873e-01,  1.02759504e+00,
          1.85437775e+00, -8.44623864e-01, -2.03725338e+00,  1.64002359e+00,
          4.05474380e-02, -1.37157083e+00, -4.43854928e-02,  1.08433914e+00,
         -7.90048540e-01, -6.76596403e-01,  2.04628348e-01,  2.93847299e+00,
          1.33996099e-01,  5.67879200e-01,  4.04879689e-01, -1.25103486e+00,
         -1.29150772e+00,  3.41551185e-01, -1.24708724e+00, -2.03626680e+00,
         -2.12764144e+00, -2.44092846e+00, -2.09984899e+00, -2.15008307e+00,
         -1.42314458e+00, -1.67757034e+00,  6.58292413e-01,  1.06489539e+00,
          1.14384890e+00,  1.91552961e+00,  1.23588824e+00,  7.70718575e-01,
          2.42401004e+00,  5.11511564e-01,  1.03597951e+00, -1.43982425e-01,
         -1.67312562e-01,  1.00781727e+00,  4.00927216e-01, -1.64655936e+00,
         -1.67302322e+00,  4.18755978e-01, -3.82861674e-01, -1.03638142e-01,
          1.69835508e-01,  4.38501358e-01, -9.24252868e-02,  1.33709037e+00,
          8.51669967e-01,  2.43681073e+00,  1.49818435e-01,  1.15314150e+00,
         -4.80549753e-01,  1.71431780e+00,  7.82583356e-01,  4.00974989e-01,
         -1.28886029e-01,  4.22330916e-01, -5.26456714e-01, -3.58639091e-01,
          7.96238855e-02,  4.40726995e-01,  1.15307498e+00,  1.27229616e-01,
         -5.25594771e-01, -7.44796276e-01, -8.90048146e-01, -9.10658121e-01,
          2.47757360e-02,  3.31844300e-01,  2.18917832e-01,  7.19394088e-02,
         -4.21575189e-01,  4.94391888e-01,  2.67710596e-01,  1.54672995e-01,
         -4.37967211e-01, -3.37538809e-01,  1.46655333e+00, -7.20633268e-01,
         -4.13566321e-01,  6.18215621e-01,  5.72065413e-01,  1.58946842e-01,
          6.68413758e-01,  2.93850392e-01,  7.60282993e-01,  1.23892784e+00,
          1.79418042e-01,  3.22540194e-01,  9.52509761e-01,  1.26236451e+00,
          6.94086850e-01,  6.18317604e-01,  4.51832503e-01,  1.17565620e+00,
          8.24497759e-01, -4.97575045e-01, -3.89265954e-01,  1.24394083e+00,
          5.99547982e-01,  4.21265662e-01,  6.87902451e-01,  2.19907856e+00,
          1.04659963e+00, -1.54591084e-01, -9.46084738e-01,  8.48017573e-01,
          7.10781395e-01,  8.09923232e-01, -1.37656200e+00,  3.03806782e-01,
          8.86848032e-01,  1.12304986e-01, -3.31060410e-01, -1.01086348e-01,
          6.71431363e-01,  2.01851934e-01,  7.40691349e-02,  8.16995263e-01,
          4.14990574e-01, -2.25701943e-01,  5.85538328e-01,  6.35855734e-01,
          7.61703730e-01,  1.54794827e-02,  1.38550028e-01, -1.82953700e-01,
         -5.84819674e-01,  1.59754622e+00, -7.11412206e-02,  5.76572597e-01,
         -3.02324176e-01,  1.09036854e-02,  2.65468135e-02,  8.40097129e-01,
         -3.09533238e-01,  1.95857555e-01, -3.43779564e-01,  1.50321960e-01,
         -2.27521986e-01, -4.11995202e-01,  5.85869372e-01, -6.90313935e-01,
         -5.79296172e-01,  1.07357538e+00, -5.62276661e-01, -3.27507965e-02,
          7.89481282e-01,  7.20355511e-01,  6.62498713e-01, -7.16749668e-01,
          1.85846016e-01,  4.06942159e-01,  1.47081137e+00, -7.33713865e-01,
         -5.13374627e-01,  1.18795764e+00,  1.21086466e+00,  1.60866928e+00,
          1.40116215e+00,  3.32886964e-01, -8.18780124e-01,  8.42941701e-01,
          2.11467624e-01,  1.37608588e+00,  3.78790557e-01,  1.44554138e-01,
         -1.50065005e+00,  1.22280824e+00,  1.93047059e+00,  8.80282760e-01,
          1.20015097e+00,  1.34700382e+00,  2.20987737e-01, -8.41701627e-02,
          4.01400685e-01,  1.31880844e+00,  7.22867027e-02,  1.76156175e+00,
          8.43605161e-01,  2.32194471e+00,  2.71703315e+00,  3.00831747e+00,
          2.83558226e+00,  1.54919708e+00,  5.06905735e-01,  1.34696674e+00,
         -3.55551928e-01, -1.28219783e-01, -5.10631740e-01,  2.36697972e-01,
          2.48533651e-01,  2.77225226e-01,  3.42863321e-01,  8.73809755e-02,
          2.60158467e+00, -1.04291588e-01, -5.34663737e-01, -9.82420519e-02,
         -1.99863458e+00,  3.91385555e-01, -1.34293985e+00, -1.04272747e+00,
         -1.18944776e+00, -2.17410374e+00, -8.51742625e-01, -5.33351541e-01,
          3.93786728e-01, -1.16877830e+00,  1.24519837e+00,  3.83961499e-01,
         -4.91794467e-01,  1.08729434e+00,  5.48384666e-01,  2.92870402e-01,
          8.84554237e-02, -5.25283813e-01,  1.54183698e+00,  7.34130502e-01,
          3.01174652e-02, -2.35572004e+00, -1.60914826e+00, -2.02347875e+00,
         -1.32123375e+00, -1.70693171e+00, -1.76612580e+00,  6.83341734e-03,
         -1.79345965e+00, -1.58196092e+00,  1.27147555e+00,  1.90809536e+00,
          2.71118498e+00,  8.01773310e-01, -4.54504788e-01, -2.54682332e-01,
         -1.64157915e+00,  1.22681844e+00,  5.49645185e-01, -1.79095495e+00,
         -7.14995503e-01,  1.47073388e-01, -4.11438346e-01, -1.03831136e+00,
          5.33989608e-01, -9.38632429e-01, -1.04771316e+00, -2.42222399e-01,
         -1.81428719e+00, -1.19797075e+00, -1.33277404e+00, -9.00407851e-01,
         -5.55333555e-01, -5.47250688e-01, -1.38589954e+00, -8.29122901e-01,
          7.19512582e-01,  1.84106380e-01,  4.91237700e-01,  7.69635856e-01,
          6.76950812e-01,  6.15933597e-01,  1.01987958e+00, -5.84591143e-02,
         -8.62446308e-01,  2.29518548e-01,  5.04971981e-01,  3.04453094e-02,
          4.59638804e-01, -4.50593114e-01,  4.86010164e-02, -6.20909572e-01,
          8.01815033e-01,  8.24344993e-01,  4.37255025e-01, -8.81389320e-01,
          3.97642702e-01,  2.38435835e-01,  6.33179009e-01, -4.68650073e-01,
          6.56517029e-01, -1.68257266e-01,  3.69544804e-01,  3.66162555e-03,
         -2.67624825e-01, -2.07889527e-01, -6.88671529e-01, -1.35016191e+00,
         -9.81783032e-01,  1.06632829e+00,  2.15414420e-01,  1.28481257e+00,
          5.57055585e-02, -1.24558878e+00,  5.30804515e-01,  1.42353094e+00,
         -1.16923344e+00, -7.67111033e-02, -9.76107359e-01,  4.41777945e-01,
         -1.07663774e+00, -1.45843792e+00,  1.64022982e-01, -7.67997086e-01,
         -5.89534879e-01,  6.72314823e-01, -1.39469647e+00, -6.32172048e-01,
         -1.58997023e+00,  1.91664267e+00, -1.32918227e+00,  1.76874912e+00,
          5.54747999e-01,  5.89504242e-01,  1.02466011e+00, -2.27278137e+00,
          1.40740478e+00,  1.11452651e+00,  1.52110624e+00,  1.73824036e+00,
         -1.10867880e-02,  1.07768528e-01, -5.11149943e-01, -1.59498918e+00,
         -6.89404249e-01,  5.29212892e-01,  2.27858186e-01, -9.85763371e-01,
         -6.36488676e-01, -2.75341958e-01, -1.16411519e+00, -4.37912256e-01,
         -3.52207392e-01,  1.35431945e+00,  1.50891972e+00,  7.14855492e-01,
         -7.50615537e-01,  2.45650560e-01,  1.46836913e+00,  5.54061159e-02,
         -5.67764044e-03,  1.50114250e+00, -3.02488476e-01,  2.21989346e+00,
         -1.55274856e+00, -4.24734503e-01,  2.85933137e+00, -4.63554859e-01,
         -1.76030487e-01,  1.20500520e-01, -1.38093042e+00, -6.14423491e-02,
          2.16950551e-01, -5.22946477e-01, -1.82890296e+00, -2.60300815e-01,
         -2.40734026e-01,  7.08655059e-01, -3.46421182e-01,  5.25474072e-01,
         -7.88560212e-01, -5.67533225e-02,  1.87900448e+00,  7.15582818e-03,
          7.62693644e-01,  1.80764747e+00, -1.44002008e+00, -2.61006784e+00,
          3.85600746e-01, -1.96035132e-01,  4.88402188e-01, -1.33931708e+00,
          3.27845663e-02,  1.86983377e-01, -5.67984581e-01,  1.11009789e+00,
         -1.38532782e+00, -8.36416960e-01,  1.02084987e-02, -1.30918384e+00,
          2.75290155e+00,  5.72420657e-01, -3.30075175e-01, -3.50017160e-01,
         -2.14953288e-01,  4.61244613e-01, -3.88132155e-01,  1.55814254e+00,
         -8.31475258e-01,  2.00047269e-01,  1.40770733e-01, -1.43300498e+00,
          1.09113157e-01, -7.22552359e-01,  1.43722028e-01, -7.54250824e-01,
          8.42961550e-01,  4.90809202e-01, -3.17792237e-01,  2.07362223e+00,
         -2.78901219e+00,  6.69061124e-01, -1.19025230e+00, -5.20393364e-02,
         -8.35775211e-03, -3.91590804e-01, -1.87840617e+00,  5.65754712e-01,
          1.07106698e+00, -3.09532571e+00, -5.25867462e-01, -1.53705442e+00,
         -5.57725906e-01, -5.46876788e-01, -8.55974197e-01, -4.20363277e-01,
         -1.76320744e+00,  1.46180674e-01, -8.23091626e-01, -7.02823639e-01,
         -9.30623412e-01, -1.00141060e+00, -1.04329658e+00, -4.72974211e-01,
         -5.50800323e-01, -2.80056834e-01, -7.50897765e-01,  4.92082775e-01,
         -8.68337333e-01,  1.01035750e+00,  1.68683755e+00,  4.69805807e-01,
         -1.07297146e+00,  4.07973714e-02,  1.94954562e+00, -2.40225005e+00,
         -1.47549450e+00, -6.97730422e-01,  3.06994796e-01,  2.89269328e+00,
         -1.06392950e-01, -2.09698939e+00,  9.95441318e-01, -4.85253930e-01,
         -1.38592815e+00,  7.43109174e-03, -2.80966848e-01, -2.55018425e+00,
          7.08571263e-03,  3.02224755e+00, -2.13346386e+00, -1.13677967e+00,
          1.16311526e+00,  9.36393142e-01,  6.03251636e-01, -8.51636469e-01,
          3.19944334e+00,  1.75723064e+00,  3.39062989e-01,  8.17548931e-02,
         -1.16471004e+00, -7.95847237e-01,  2.36208558e+00,  5.94763935e-01,
         -1.03791118e+00,  2.03666419e-01, -7.25238502e-01, -3.18259388e-01,
          6.86454296e-01, -1.79575658e+00,  3.30527872e-02, -8.53463709e-01,
          7.82638848e-01, -7.85489619e-01,  1.17524707e+00, -6.24635577e-01,
         -1.52390146e+00,  4.09631908e-01,  5.81755519e-01, -7.02004433e-01,
          3.28681141e-01, -9.20316160e-01, -2.68573070e+00, -6.78230941e-01,
          3.91243279e-01,  1.81456685e-01, -1.15457511e+00,  8.82711291e-01,
          1.13791239e+00, -1.57491073e-01,  2.95813620e-01,  3.77371216e+00,
         -4.42217469e-01,  4.38274950e-01, -1.30766809e+00, -8.64969373e-01,
          1.34236491e+00,  8.94526690e-02,  7.49941409e-01,  4.78882849e-01,
          1.31621563e+00,  4.75350171e-02,  1.46231651e+00, -2.31004381e+00,
          5.94180584e-01,  1.68168688e+00,  3.83145779e-01, -2.98140675e-01,
          1.48487842e+00, -7.57960081e-01,  1.84373808e+00,  6.53121114e-01,
         -1.54382300e+00, -3.14526230e-01, -2.81331539e-01,  9.70178843e-01,
          1.13533056e+00,  3.43515813e-01,  1.32070327e+00,  2.62677836e+00,
          2.30786824e+00,  5.22880018e-01,  6.57614470e-01,  1.39442980e+00,
         -1.40541685e+00, -1.07891834e+00,  1.34710312e+00, -4.29136246e-01,
         -1.36749268e+00,  5.15277803e-01, -5.84046304e-01,  1.32766992e-01,
          2.54015183e+00, -2.67650276e-01, -2.74039006e+00, -6.48670793e-01,
          2.08544779e+00,  2.97090441e-01,  2.24555060e-02, -1.30440786e-01,
         -9.21662033e-01, -4.53841418e-01, -1.50388706e+00,  1.78592280e-03,
          1.32890451e+00, -2.42185545e+00,  1.55281976e-01,  7.45318770e-01,
          3.71039689e-01, -6.81816041e-01,  1.34435177e+00,  2.22543287e+00,
         -4.86287713e-01, -6.18137002e-01, -5.54649234e-01,  8.29997897e-01,
         -8.10872555e-01,  1.70605171e+00, -2.50777841e-01,  3.14876646e-01,
         -3.54706585e-01, -2.42215872e+00,  7.54794359e-01, -1.40446579e+00,
          2.61598992e+00, -1.50631678e+00, -1.18655205e+00, -3.56235266e-01,
         -5.25972009e-01,  2.47226954e+00, -1.33334112e+00, -1.36612618e+00,
          6.26171291e-01,  8.89700949e-01,  6.20564483e-02, -9.28200483e-01,
         -6.78319275e-01,  5.24208486e-01,  1.37414813e-01, -1.09349203e+00,
          1.29369044e+00,  1.47101367e+00, -3.79718021e-02,  2.85918087e-01,
         -3.77980292e-01,  2.87253439e-01, -1.17059124e+00, -2.85190368e+00,
          1.80322111e+00, -6.05828524e-01, -3.66633105e+00, -1.32588789e-01,
          1.53144526e+00,  9.48167980e-01, -6.29361749e-01,  6.06424391e-01,
          1.15528023e+00, -2.25137427e-01, -1.28718519e+00, -4.27497447e-01,
          1.79428363e+00,  1.56320107e+00,  1.72906831e-01, -6.74252272e-01,
          1.14254224e+00, -1.71023881e+00, -1.43833923e+00,  5.88367879e-01,
         -5.05832970e-01,  1.46473765e+00, -3.49838763e-01,  8.87373030e-01,
          1.25048316e+00,  1.80366248e-01,  2.39207581e-01, -7.21500874e-01,
         -3.21448565e-01, -1.73615789e+00,  3.36573333e-01, -2.03148723e-01,
         -7.06064887e-03,  1.92746270e+00,  1.83949077e+00, -1.59359872e-01,
         -1.42888939e+00,  1.11630177e+00, -1.46335816e+00,  8.55573773e-01,
          1.82782638e+00, -1.63358438e+00, -1.89241648e+00,  1.31034327e+00,
         -1.53194860e-01,  1.04757798e+00, -1.41244173e+00,  2.59592474e-01,
          3.37670624e-01,  7.07880676e-01, -4.44732279e-01, -2.47290874e+00,
         -9.42436278e-01,  2.57812524e+00, -7.23102450e-01, -6.26467705e-01,
          1.63321269e+00,  2.77062297e-01, -4.67318296e-02,  1.00447488e+00,
          1.06214333e+00,  1.30927467e+00,  1.17091584e+00, -6.50851369e-01,
          1.52833283e+00,  1.72929990e+00,  6.86531216e-02, -1.10813594e+00,
          1.71117522e-02, -1.21571088e+00, -5.14708638e-01, -1.17759153e-01,
          9.94503796e-01,  1.54129088e+00, -2.47067690e+00,  1.09869206e+00,
          1.10898972e+00, -9.61047292e-01, -8.69057655e-01,  9.61420000e-01,
         -1.20284474e+00,  1.38544106e+00, -1.05966389e+00,  7.13298142e-01,
          1.23635077e+00,  1.06939459e+00, -9.24543500e-01,  1.00538313e-01,
          5.79850435e-01,  5.51445901e-01,  1.81172386e-01, -7.66403615e-01,
         -5.63002110e-01,  4.59514290e-01,  2.81899023e+00,  6.64983928e-01,
          1.70195568e+00,  3.87714505e-01, -1.72605538e+00, -2.02688873e-01,
         -1.63234341e+00,  1.47802341e+00, -2.00984746e-01,  5.30160546e-01,
          1.21125722e+00,  8.75342488e-01,  3.61300325e+00,  2.14021862e-01,
          7.80163527e-01,  1.48970759e+00,  6.12404704e-01,  2.07825994e+00,
         -6.13948345e-01,  5.25730811e-02, -2.45627418e-01,  3.69700074e-01,
          4.37349260e-01,  1.47272617e-01, -2.14829534e-01, -4.26680565e-01,
         -1.40270638e+00, -2.70480871e-01,  3.43917787e-01,  6.44929826e-01,
          1.04456377e+00,  5.39657950e-01,  1.44628197e-01,  9.14965987e-01,
          4.92621154e-01, -1.34628999e+00,  1.70891762e+00,  1.02090526e+00,
         -1.31511986e+00, -1.56319559e+00, -1.29017556e+00, -1.03639448e+00,
          3.62201452e-01, -1.14990377e+00,  3.46798211e-01, -2.76596874e-01,
          1.37380004e+00, -1.42272305e+00, -9.71728384e-01,  6.64395690e-01,
         -9.16896522e-01, -1.17274821e-01,  6.67325675e-01, -2.06561899e+00,
         -6.06588125e-01,  6.29915670e-02,  5.13806902e-02, -2.28989452e-01,
          1.22160184e+00,  2.73767114e-01,  1.09542596e+00,  3.75983506e-01,
          2.34306359e+00,  1.89809275e+00,  1.06277537e+00, -1.17925489e+00,
         -8.40982199e-02, -6.62880301e-01,  1.40607283e-01,  3.47466850e+00,
          2.10112500e+00, -1.34189701e+00,  1.13812113e+00,  1.10648227e+00,
         -3.63545561e+00, -1.20997000e+00, -1.04253685e+00, -5.73133767e-01,
         -1.73959637e+00,  1.98713392e-01, -6.03435159e-01, -9.46853459e-01,
         -1.99606812e+00, -2.63290882e+00, -9.90055561e-01, -5.99220932e-01,
          2.21691465e+00, -5.90447299e-02, -5.72024167e-01,  2.33345091e-01,
          5.83248913e-01, -5.18829823e-01, -2.14904881e+00,  3.90974656e-02,
          5.62728226e-01,  2.39013582e-01, -1.72165716e+00,  2.29543471e+00,
          6.98514283e-03, -1.06996429e+00,  2.84058630e-01,  9.31049943e-01,
         -5.50327241e-01,  3.28833985e+00,  2.79638529e-01, -1.55958042e-01,
         -1.28267616e-01, -1.85274661e-01, -1.32364047e+00, -1.54350412e+00,
          2.83442044e+00,  1.18707681e+00,  1.26440406e+00, -6.97093964e-01,
          3.75954181e-01,  6.14008307e-01,  1.60837173e+00,  1.08660482e-01,
         -3.09056699e-01, -9.66506660e-01,  5.50431311e-01,  1.12896597e+00,
          6.63082409e+00,  4.18809175e+00,  6.50262654e-01, -3.16665113e-01,
          8.74588251e-01, -4.74742919e-01, -1.74215347e-01,  2.66379261e+00,
         -1.93805420e+00, -7.29469001e-01, -4.29369926e-01, -8.85204375e-01,
          9.66211677e-01, -5.79840720e-01, -2.95080602e-01,  8.03693354e-01,
          7.17203021e-01,  2.40803170e+00, -4.41462517e-01, -1.88410866e+00,
         -2.34742022e+00,  3.05526070e-02, -2.22861052e+00, -2.11232924e+00,
         -1.78212380e+00,  6.99273527e-01, -1.56846523e+00, -1.11022985e+00,
         -1.33467090e+00, -2.23262978e+00, -1.93704355e+00, -1.44952929e+00,
         -1.30301404e+00, -9.64474320e-01, -1.17588055e+00, -2.48749897e-01,
         -1.39149308e+00, -1.34120476e+00, -6.44618034e-01, -7.32957646e-02,
         -2.79017329e+00,  1.01956554e-01, -2.44572568e+00, -9.02442455e-01,
          1.83908808e+00,  4.50429261e-01,  3.91124159e-01,  6.84253156e-01,
         -1.00123775e+00, -1.73094615e-01,  1.60719156e-01, -9.10165548e-01,
         -1.20803332e+00, -5.03071845e-01, -4.37042087e-01, -2.63745856e+00,
         -2.74437475e+00, -4.95257080e-01, -2.43530560e+00, -1.97620308e+00,
         -1.99989450e+00, -1.69417608e+00,  4.94258821e-01, -1.08773506e+00,
          4.77776855e-01, -6.01479650e-01, -1.50586271e+00,  2.47382188e+00,
         -7.87939250e-01,  7.37080202e-02,  2.20494056e+00,  1.88721752e+00,
         -1.02795351e+00,  1.17253864e+00,  2.96779312e-02, -1.23573303e+00,
          8.85840774e-01,  6.69486046e-01, -3.14771891e-01,  6.96070269e-02,
          1.39914244e-01,  6.09132797e-02, -8.50316226e-01,  6.49076998e-02,
         -7.14467883e-01,  4.22704667e-02, -1.33177245e+00, -1.64320648e+00,
         -1.14763331e+00, -2.93333983e+00, -2.78259563e+00, -1.75456023e+00,
         -1.88460636e+00, -2.05292487e+00,  1.23471834e-01,  1.47609639e+00]],
       device='cuda:0')
Adv example prediction (first 2 examples and 2 restarts):
 tensor([[[ 9.88202810e-01,  2.06564951e+00,  1.05399168e+00,  1.09593749e+00,
           1.30109751e+00,  1.63325548e+00,  1.90817606e+00, -1.40204799e+00,
          -1.04456091e+00, -5.18951654e-01, -1.07891047e+00,  4.42706913e-01,
          -1.75691903e-01, -4.10060793e-01,  6.89695239e-01,  4.22012329e-01,
          -6.37209058e-01, -7.38172531e-01, -9.48699936e-03, -6.03638709e-01,
          -1.01941213e-01,  8.08988571e-01,  1.30089283e+00, -4.44003344e-02,
           5.35567641e-01, -1.31711686e+00,  2.12129578e-02, -7.21095741e-01,
          -1.65299892e+00,  5.78498006e-01, -1.13828051e+00,  8.79277706e-01,
          -8.53659034e-01, -2.73907602e-01, -3.41770321e-01, -7.62396276e-01,
           8.86296153e-01, -1.51230550e+00, -1.96292594e-01, -1.06458032e+00,
           1.00938880e+00, -1.29420757e+00, -1.71685135e+00, -1.24590755e+00,
          -5.31788230e-01, -1.02639699e+00,  1.40736926e+00, -8.22101474e-01,
          -9.00102735e-01,  3.55244756e-01,  1.65505481e+00, -2.11265731e+00,
          -1.59368619e-01,  2.05487296e-01, -9.70285296e-01,  1.11490168e-01,
          -1.09531224e+00, -1.42186022e+00,  7.31176138e-01,  2.94617087e-01,
           3.32625866e-01, -8.45874965e-01, -1.39281487e+00,  1.02534950e-01,
           8.16792727e-01,  8.81546199e-01, -8.34679067e-01,  1.89394712e-01,
          -1.30332422e+00, -1.16750479e+00,  2.91425616e-01,  3.19041342e-01,
          -2.41238713e-01,  4.47967440e-01,  2.26690233e-01,  6.32031143e-01,
           2.29615167e-01,  1.23897421e+00,  8.31712842e-01,  1.10210085e+00,
          -1.14474930e-01, -1.37122023e+00, -4.21290487e-01, -1.01729715e+00,
          -7.35290498e-02, -3.16974103e-01, -8.46028864e-01,  3.60462755e-01,
           2.52083927e-01,  7.89000988e-02, -2.16546938e-01, -1.54032266e+00,
           4.89171505e-01,  4.34158146e-01,  8.46275747e-01, -1.49957204e+00,
           1.01820576e+00,  1.26943350e-01,  5.47432542e-01,  9.91800725e-01,
           1.90629387e+00, -8.28053236e-01, -2.07868743e+00,  1.66972935e+00,
          -8.34587142e-02, -1.42310607e+00, -1.95906490e-01,  1.03912711e+00,
          -8.08248580e-01, -6.99380219e-01,  1.47570342e-01,  2.97821403e+00,
           3.57408449e-02,  5.46370685e-01,  3.78973365e-01, -1.28896487e+00,
          -1.30325925e+00,  2.76359856e-01, -1.19408488e+00, -1.97842550e+00,
          -2.06239152e+00, -2.35766268e+00, -2.04119444e+00, -2.12923408e+00,
          -1.40357697e+00, -1.69054461e+00,  6.10670686e-01,  1.06828725e+00,
           1.22336948e+00,  1.92376745e+00,  1.24643850e+00,  8.29624414e-01,
           2.44400644e+00,  5.44694185e-01,  1.07104325e+00, -4.95406128e-02,
          -1.06474757e-01,  1.06582642e+00,  3.68839920e-01, -1.57386518e+00,
          -1.64367127e+00,  4.92515832e-01, -3.17317426e-01, -4.48278338e-02,
           2.35031694e-01,  4.24654305e-01, -8.40061232e-02,  1.43219733e+00,
           9.15224314e-01,  2.31160569e+00,  8.07079226e-02,  9.56312180e-01,
          -5.78918099e-01,  1.54283619e+00,  6.13884926e-01,  2.91303039e-01,
          -2.32604250e-01,  2.98980772e-01, -6.35731936e-01, -4.26905811e-01,
          -4.96790968e-02,  3.51799190e-01,  1.03634036e+00,  2.53245924e-02,
          -5.47421277e-01, -7.45798349e-01, -9.41661477e-01, -9.79145288e-01,
          -5.89742064e-02,  2.28465810e-01,  1.11036375e-01, -1.51440352e-02,
          -4.99412656e-01,  3.76109302e-01,  1.48269415e-01,  5.57654649e-02,
          -5.45743883e-01, -3.46042961e-01,  1.38200915e+00, -8.34917188e-01,
          -5.42273879e-01,  5.01443028e-01,  4.28440839e-01,  1.00554399e-01,
           5.51127553e-01,  1.40166998e-01,  5.69324195e-01,  1.11910772e+00,
           3.21754627e-02,  1.67413443e-01,  7.60042846e-01,  1.14930594e+00,
           5.20931959e-01,  4.61475968e-01,  2.76760906e-01,  1.11170685e+00,
           6.82912588e-01, -5.54769516e-01, -4.93155807e-01,  1.08097613e+00,
           4.88325804e-01,  2.71832734e-01,  5.00544846e-01,  2.03418136e+00,
           8.99454713e-01, -1.62019849e-01, -9.29979742e-01,  6.66880965e-01,
           5.56161463e-01,  6.95956349e-01, -1.41789544e+00,  2.18757316e-01,
           7.71506250e-01,  3.87884639e-02, -3.62803996e-01, -2.06453770e-01,
           5.00218749e-01,  1.45692050e-01, -3.13041098e-02,  6.45509601e-01,
           3.04204136e-01, -2.14611068e-01,  4.49895650e-01,  5.70165038e-01,
           7.30733216e-01, -1.09582186e-01,  1.34339808e-02, -3.05085719e-01,
          -6.85576677e-01,  1.48702419e+00, -1.91844851e-01,  4.52725679e-01,
          -3.25606942e-01, -6.46875575e-02, -1.13377944e-02,  7.11756170e-01,
          -3.61086667e-01,  1.18792579e-01, -4.13370699e-01,  1.13689423e-01,
          -2.47786194e-01, -4.18274701e-01,  4.94839489e-01, -8.14592957e-01,
          -6.41147733e-01,  9.16370153e-01, -6.73367679e-01, -1.30824268e-01,
           6.46809697e-01,  6.22400284e-01,  5.17967403e-01, -7.63083279e-01,
           1.40477672e-01,  2.97251582e-01,  1.33855474e+00, -8.25083613e-01,
          -5.35910130e-01,  1.03588068e+00,  1.04486597e+00,  1.42202640e+00,
           1.20033419e+00,  2.21167624e-01, -9.23461437e-01,  6.68264210e-01,
           1.06399499e-01,  1.22791958e+00,  2.46192411e-01,  6.85496628e-02,
          -1.60439348e+00,  1.11920452e+00,  1.75638139e+00,  7.76123285e-01,
           1.10230184e+00,  1.21841705e+00,  1.14086300e-01, -1.30406722e-01,
           2.91772872e-01,  1.21038795e+00, -1.77716538e-02,  1.61539543e+00,
           7.31898963e-01,  2.14900374e+00,  2.53209424e+00,  2.79843640e+00,
           2.63033748e+00,  1.36266434e+00,  3.39844257e-01,  1.15834856e+00,
          -3.93663138e-01, -1.94204941e-01, -5.62191188e-01,  1.26573265e-01,
           1.70213982e-01,  2.09525973e-01,  2.66877681e-01,  7.53746927e-02,
           2.44761443e+00, -9.97223333e-02, -6.21341467e-01, -1.89645201e-01,
          -1.95323837e+00,  4.39069539e-01, -1.26450753e+00, -9.55961406e-01,
          -1.12138581e+00, -2.12849784e+00, -8.19719136e-01, -4.48833436e-01,
           4.23474640e-01, -1.12699962e+00,  1.26207435e+00,  4.66864765e-01,
          -4.44491386e-01,  1.13379371e+00,  5.39929092e-01,  3.42766047e-01,
           9.55840796e-02, -4.80697066e-01,  1.52823567e+00,  8.24993968e-01,
           1.53026283e-01, -2.30623198e+00, -1.59949219e+00, -1.94423711e+00,
          -1.33044195e+00, -1.71603441e+00, -1.69991672e+00, -1.10227447e-02,
          -1.78854227e+00, -1.58551896e+00,  1.10403025e+00,  1.78730989e+00,
           2.49197793e+00,  6.36544049e-01, -5.25698066e-01, -3.47017318e-01,
          -1.68897104e+00,  1.23109484e+00,  4.01249290e-01, -1.82047319e+00,
          -7.08566129e-01,  9.20176134e-03, -4.57836002e-01, -1.06041169e+00,
           5.21079481e-01, -9.68442798e-01, -1.02185297e+00, -2.40030080e-01,
          -1.86142612e+00, -1.21096122e+00, -1.36521387e+00, -9.09959137e-01,
          -5.75714409e-01, -6.00343108e-01, -1.43401134e+00, -9.31905508e-01,
           5.81867695e-01,  1.05509609e-01,  3.80923837e-01,  6.16388381e-01,
           6.35153890e-01,  6.06276155e-01,  9.44705248e-01, -1.31019533e-01,
          -9.17704701e-01,  1.78233191e-01,  4.98857111e-01,  2.67715473e-02,
           4.04173523e-01, -4.35720176e-01,  1.16815139e-02, -7.20295489e-01,
           7.18358338e-01,  7.26823032e-01,  4.08018559e-01, -8.69359732e-01,
           3.41600835e-01,  1.67524219e-01,  5.66815615e-01, -4.85956132e-01,
           5.85642636e-01, -1.87764943e-01,  3.14797282e-01, -2.15855939e-03,
          -2.80820519e-01, -2.34533116e-01, -6.88469529e-01, -1.38673258e+00,
          -1.02087605e+00,  1.07233584e+00,  2.24770352e-01,  1.26844370e+00,
           4.88162674e-02, -1.21260083e+00,  5.28063536e-01,  1.45176315e+00,
          -1.14611471e+00, -1.58655956e-01, -9.13691700e-01,  4.71110165e-01,
          -1.02780282e+00, -1.38887382e+00,  1.90585524e-01, -6.80832505e-01,
          -5.01023054e-01,  7.24006057e-01, -1.30550897e+00, -5.80037892e-01,
          -1.53608596e+00,  1.96002996e+00, -1.29013968e+00,  1.70254171e+00,
           5.10299683e-01,  6.58352196e-01,  1.01717687e+00, -2.23985696e+00,
           1.42048144e+00,  1.14087021e+00,  1.60387003e+00,  1.65988266e+00,
           7.50334933e-03,  1.65284097e-01, -4.57945585e-01, -1.51304460e+00,
          -6.43158078e-01,  5.79817832e-01,  2.60453731e-01, -9.62879002e-01,
          -6.07955515e-01, -2.71594524e-01, -1.16274869e+00, -4.79247719e-01,
          -2.74140894e-01,  1.29722536e+00,  1.45733869e+00,  7.26644397e-01,
          -7.19416380e-01,  3.32501650e-01,  1.51916015e+00,  7.19203353e-02,
           4.04325724e-02,  1.51752698e+00, -2.52134860e-01,  2.12791896e+00,
          -1.48589385e+00, -4.16770339e-01,  2.88164759e+00, -3.95006925e-01,
          -1.30229801e-01,  2.65486687e-01, -1.33536661e+00, -4.29011621e-02,
           1.52667657e-01, -4.54432964e-01, -1.76460826e+00, -2.64586866e-01,
          -1.92804724e-01,  6.71845734e-01, -3.37608457e-01,  4.87825423e-01,
          -7.27630556e-01, -1.08986855e-01,  1.86578143e+00, -2.62686461e-02,
           7.70194054e-01,  1.74426258e+00, -1.38492215e+00, -2.60436249e+00,
           4.10302550e-01, -2.00032309e-01,  5.40764093e-01, -1.25399303e+00,
           1.16986200e-01,  2.54220903e-01, -6.00735247e-01,  1.14241934e+00,
          -1.33218527e+00, -7.56962359e-01, -2.29716785e-02, -1.26027751e+00,
           2.75417614e+00,  6.13485396e-01, -2.93367505e-01, -2.46176243e-01,
          -1.83890641e-01,  4.96888667e-01, -2.97945470e-01,  1.56416142e+00,
          -7.41258502e-01,  1.86483935e-01,  1.36671543e-01, -1.39285147e+00,
           1.19921371e-01, -6.49802506e-01,  2.28209347e-01, -6.42591298e-01,
           7.28793561e-01,  5.50287664e-01, -2.54942417e-01,  2.09574103e+00,
          -2.71850801e+00,  6.82496250e-01, -1.20595419e+00,  6.87982515e-03,
           2.09440105e-02, -3.33643496e-01, -1.83150041e+00,  6.29905760e-01,
           1.05630171e+00, -2.99998379e+00, -4.32381272e-01, -1.45888209e+00,
          -4.51334029e-01, -4.87013221e-01, -8.82805407e-01, -4.83024031e-01,
          -1.76042449e+00,  2.52375722e-01, -7.48653471e-01, -7.14563012e-01,
          -9.12998676e-01, -9.46352065e-01, -1.01011872e+00, -4.32281256e-01,
          -5.91646016e-01, -2.39702746e-01, -6.61120415e-01,  5.60057700e-01,
          -8.05913031e-01,  9.33077157e-01,  1.75516641e+00,  4.81981784e-01,
          -9.85928178e-01,  3.44416834e-02,  1.95195758e+00, -2.35432339e+00,
          -1.35320246e+00, -6.96326971e-01,  3.35571468e-01,  2.78799129e+00,
           7.20822625e-03, -2.06886506e+00,  1.02470124e+00, -4.91030097e-01,
          -1.32884908e+00, -5.60965948e-03, -2.46253341e-01, -2.50144672e+00,
           7.10045099e-02,  3.00501227e+00, -2.03893399e+00, -1.12659085e+00,
           1.09631562e+00,  9.89009738e-01,  6.36790514e-01, -7.93379009e-01,
           3.20705628e+00,  1.80345869e+00,  4.20723200e-01,  1.19829446e-01,
          -1.12055540e+00, -7.05518842e-01,  2.42243576e+00,  6.60158277e-01,
          -1.00556338e+00,  2.78078854e-01, -6.90286279e-01, -3.06055099e-01,
           5.92832446e-01, -1.75415957e+00,  4.40109074e-02, -7.94902980e-01,
           8.10716033e-01, -7.33652711e-01,  1.17773986e+00, -5.50521016e-01,
          -1.40109992e+00,  3.96687508e-01,  5.60670137e-01, -5.94877064e-01,
           3.98823857e-01, -8.65636647e-01, -2.62320995e+00, -6.10433936e-01,
           4.37402546e-01,  2.22186729e-01, -1.10666800e+00,  9.39636648e-01,
           1.07208443e+00, -1.44936278e-01,  3.32824200e-01,  3.74716139e+00,
          -3.75605553e-01,  4.91387427e-01, -1.24713004e+00, -8.22490931e-01,
           1.33812034e+00,  7.29867965e-02,  8.42173576e-01,  5.06419837e-01,
           1.35326278e+00, -3.88018973e-03,  1.44062710e+00, -2.27476454e+00,
           6.63857281e-01,  1.71920419e+00,  4.09148842e-01, -2.47974679e-01,
           1.44496369e+00, -7.04887092e-01,  1.77135015e+00,  6.63215458e-01,
          -1.46143651e+00, -2.81370968e-01, -2.78598726e-01,  9.40568328e-01,
           1.14921975e+00,  3.17532241e-01,  1.34887981e+00,  2.66369724e+00,
           2.29116297e+00,  5.35846710e-01,  6.82754159e-01,  1.45876825e+00,
          -1.32549226e+00, -1.01309860e+00,  1.38440013e+00, -3.83723766e-01,
          -1.30123305e+00,  5.55366278e-01, -5.98813355e-01,  1.40789807e-01,
           2.56940007e+00, -2.29777619e-01, -2.68612099e+00, -6.07598424e-01,
           2.02989292e+00,  3.25394809e-01, -2.48993188e-03, -1.46610484e-01,
          -9.54994202e-01, -4.37015235e-01, -1.42303908e+00, -4.76130433e-02,
           1.40769529e+00, -2.32963061e+00,  1.83247775e-01,  7.59380519e-01,
           4.75836664e-01, -6.77385628e-01,  1.38472819e+00,  2.23592997e+00,
          -4.76374298e-01, -6.08748555e-01, -5.25261104e-01,  8.12134326e-01,
          -7.58059621e-01,  1.73949802e+00, -3.19115937e-01,  3.34370255e-01,
          -2.70427406e-01, -2.34496641e+00,  7.65081644e-01, -1.33610630e+00,
           2.67134953e+00, -1.40592551e+00, -1.15403581e+00, -3.81559998e-01,
          -4.58540738e-01,  2.41498542e+00, -1.26344681e+00, -1.27957630e+00,
           6.32054150e-01,  8.81026983e-01,  6.56476989e-03, -8.84929180e-01,
          -7.78632522e-01,  5.60117602e-01,  9.18689966e-02, -1.07903159e+00,
           1.26282895e+00,  1.49351442e+00,  2.96376199e-02,  3.63301605e-01,
          -3.37886542e-01,  3.42191666e-01, -1.15059483e+00, -2.71268606e+00,
           1.84654772e+00, -6.31555080e-01, -3.62640309e+00, -1.40667796e-01,
           1.52379179e+00,  1.03106070e+00, -5.55381119e-01,  6.53168142e-01,
           1.20553970e+00, -2.67970324e-01, -1.17985702e+00, -3.46671313e-01,
           1.73880482e+00,  1.57012272e+00,  1.75879538e-01, -6.10608041e-01,
           1.17316592e+00, -1.64335060e+00, -1.37270856e+00,  6.37302876e-01,
          -4.76027042e-01,  1.48263443e+00, -3.10941130e-01,  9.28374469e-01,
           1.22596967e+00,  2.15347409e-01,  2.52614141e-01, -7.27415442e-01,
          -2.70200908e-01, -1.66670632e+00,  4.13236052e-01, -2.13121921e-01,
           2.75017750e-02,  1.84638870e+00,  1.83507645e+00, -1.45076841e-01,
          -1.35853195e+00,  1.10680449e+00, -1.41584063e+00,  8.82292151e-01,
           1.74302292e+00, -1.55138612e+00, -1.87252009e+00,  1.29522681e+00,
          -1.00416467e-01,  1.12192512e+00, -1.36144829e+00,  1.97691843e-01,
           4.24951434e-01,  7.12015569e-01, -4.45764720e-01, -2.45950794e+00,
          -8.98280978e-01,  2.55220437e+00, -7.26723671e-01, -5.62586784e-01,
           1.67946422e+00,  3.51571798e-01,  1.83273875e-03,  1.00241828e+00,
           1.02782559e+00,  1.29553556e+00,  1.09416819e+00, -6.20026410e-01,
           1.53457153e+00,  1.75723112e+00,  8.60006809e-02, -1.06996024e+00,
           1.02411620e-02, -1.17280865e+00, -4.57149386e-01, -4.16245908e-02,
           1.01129067e+00,  1.51656151e+00, -2.34998751e+00,  1.15411389e+00,
           1.17326260e+00, -9.23303485e-01, -8.27237546e-01,  9.93789196e-01,
          -1.19546449e+00,  1.41652322e+00, -1.03036594e+00,  7.95165837e-01,
           1.26891899e+00,  1.08783436e+00, -9.23111916e-01,  7.71867782e-02,
           6.17649853e-01,  6.00387156e-01,  1.83894470e-01, -6.89886630e-01,
          -4.90797728e-01,  4.92975146e-01,  2.82769179e+00,  7.11373210e-01,
           1.76062107e+00,  3.41459632e-01, -1.66692674e+00, -2.05236003e-01,
          -1.58718491e+00,  1.55366170e+00, -2.26483762e-01,  5.73473632e-01,
           1.18451118e+00,  8.17236781e-01,  3.62400723e+00,  2.81352282e-01,
           7.48915315e-01,  1.40821958e+00,  6.75403714e-01,  2.10241461e+00,
          -5.65441012e-01,  8.12171102e-02, -1.75913915e-01,  3.65444332e-01,
           4.60445166e-01,  1.28826767e-01, -2.58650154e-01, -3.60612273e-01,
          -1.44440198e+00, -2.50799239e-01,  3.67174059e-01,  6.21670723e-01,
           1.11725128e+00,  5.41504204e-01,  2.35596359e-01,  9.77937639e-01,
           4.55885172e-01, -1.26215541e+00,  1.72508574e+00,  1.04912794e+00,
          -1.29799664e+00, -1.43365717e+00, -1.26096213e+00, -1.00427663e+00,
           3.39257360e-01, -1.10955310e+00,  3.94254982e-01, -2.37700313e-01,
           1.36497235e+00, -1.37384987e+00, -9.26833987e-01,  6.60365760e-01,
          -9.01648641e-01, -5.11456989e-02,  6.47120714e-01, -2.04724407e+00,
          -5.92075944e-01,  5.74186146e-02,  3.21225040e-02, -1.44737422e-01,
           1.22673726e+00,  2.14838862e-01,  1.04128289e+00,  3.85540694e-01,
           2.39487767e+00,  1.90404010e+00,  1.11134458e+00, -1.13109839e+00,
          -5.32465689e-02, -6.35358810e-01,  6.65664673e-02,  3.48085856e+00,
           2.05712199e+00, -1.27840304e+00,  1.21540070e+00,  1.08731985e+00,
          -3.55119967e+00, -1.17337394e+00, -9.75545168e-01, -4.85318720e-01,
          -1.62988269e+00,  2.05574542e-01, -5.47745287e-01, -8.44958663e-01,
          -1.93001521e+00, -2.58273792e+00, -9.51261222e-01, -5.57996631e-01,
           2.25853109e+00, -6.76932782e-02, -5.49636662e-01,  2.89265335e-01,
           6.85198367e-01, -4.59726244e-01, -2.09622002e+00,  9.19935480e-02,
           5.43255806e-01,  2.84782559e-01, -1.64337838e+00,  2.26074100e+00,
           6.10832125e-02, -9.62995350e-01,  2.97863990e-01,  9.41061854e-01,
          -5.18996477e-01,  3.26377964e+00,  3.13567400e-01, -1.11021318e-01,
          -7.91713446e-02, -1.17264189e-01, -1.29390109e+00, -1.48282719e+00,
           2.89365554e+00,  1.18310261e+00,  1.32087898e+00, -6.32876992e-01,
           4.20554757e-01,  6.26742840e-01,  1.59275854e+00,  1.46285385e-01,
          -2.32666865e-01, -9.55442846e-01,  6.15398049e-01,  1.05146646e+00,
           6.56811094e+00,  4.24892664e+00,  5.83079517e-01, -2.57304043e-01,
           9.32597876e-01, -4.56440657e-01, -1.58458009e-01,  2.57368660e+00,
          -1.90121949e+00, -6.60218835e-01, -3.79536718e-01, -8.53522480e-01,
           1.01167512e+00, -5.52364230e-01, -3.16184640e-01,  8.18563640e-01,
           7.88408160e-01,  2.41756558e+00, -3.42758238e-01, -1.84700525e+00,
          -2.32326984e+00,  5.65808527e-02, -2.16142154e+00, -2.10111952e+00,
          -1.77947140e+00,  6.73565328e-01, -1.57067657e+00, -1.15691864e+00,
          -1.33901966e+00, -2.22990227e+00, -1.91798234e+00, -1.44695508e+00,
          -1.29247308e+00, -9.97174680e-01, -1.16577852e+00, -2.39195392e-01,
          -1.37266040e+00, -1.31761265e+00, -6.80956304e-01, -6.09474406e-02,
          -2.74747825e+00,  1.20242216e-01, -2.36827469e+00, -9.39282358e-01,
           1.84002364e+00,  4.68416065e-01,  4.26836401e-01,  7.25594401e-01,
          -9.86418366e-01, -1.65959030e-01,  1.73317418e-01, -9.62346852e-01,
          -1.21709681e+00, -5.20183206e-01, -4.16245461e-01, -2.60861635e+00,
          -2.66683817e+00, -5.60511410e-01, -2.38722682e+00, -1.99657273e+00,
          -2.02618194e+00, -1.72299039e+00,  5.76913536e-01, -1.07613182e+00,
           5.13392746e-01, -6.01324320e-01, -1.43242979e+00,  2.46713614e+00,
          -7.23537207e-01,  1.07993357e-01,  2.18172073e+00,  1.94562137e+00,
          -9.49164331e-01,  1.18295622e+00,  9.00745392e-02, -1.16761899e+00,
           9.30319130e-01,  6.82732344e-01, -2.99823105e-01,  1.70052782e-01,
           2.38081232e-01,  1.27024472e-01, -8.14779997e-01,  5.65255024e-02,
          -7.10803092e-01,  6.20461255e-02, -1.31120956e+00, -1.62778866e+00,
          -1.17868876e+00, -2.95718932e+00, -2.78568411e+00, -1.74462247e+00,
          -1.91142118e+00, -2.09863186e+00,  1.44325435e-01,  1.46209645e+00]]],
       device='cuda:0')
PGD attack margin (first 2 examples and 10 specs):
 tensor([[[0.45707935]]], device='cuda:0')
number of violation:  0
Attack finished in 7.9831 seconds.
PGD attack failed
verified_status unknown
verified_success False
Total VNNLIB file length: 1, max property batch size: 1, total number of batches: 1

Properties batch 0, size 1
Remaining timeout: 1155.7806742191315
Verifying property 0 with 1 instances.
torch allclose failed: norm 8.889588571037166e-06
Model: BoundedModule(
  (/input-1): BoundInput(name=/input-1, inputs=[], perturbed=True)
  (/33): BoundParams(name=/33, inputs=[], perturbed=False)
  (/34): BoundParams(name=/34, inputs=[], perturbed=False)
  (/35): BoundParams(name=/35, inputs=[], perturbed=False)
  (/36): BoundParams(name=/36, inputs=[], perturbed=False)
  (/37): BoundParams(name=/37, inputs=[], perturbed=False)
  (/38): BoundParams(name=/38, inputs=[], perturbed=False)
  (/39): BoundParams(name=/39, inputs=[], perturbed=False)
  (/40): BoundParams(name=/40, inputs=[], perturbed=False)
  (/41): BoundParams(name=/41, inputs=[], perturbed=False)
  (/42): BoundParams(name=/42, inputs=[], perturbed=False)
  (/43): BoundParams(name=/43, inputs=[], perturbed=False)
  (/44): BoundParams(name=/44, inputs=[], perturbed=False)
  (/45): BoundParams(name=/45, inputs=[], perturbed=False)
  (/46): BoundParams(name=/46, inputs=[], perturbed=False)
  (/47): BoundParams(name=/47, inputs=[], perturbed=False)
  (/48): BoundParams(name=/48, inputs=[], perturbed=False)
  (/49): BoundParams(name=/49, inputs=[], perturbed=False)
  (/50): BoundParams(name=/50, inputs=[], perturbed=False)
  (/51): BoundParams(name=/51, inputs=[], perturbed=False)
  (/52): BoundParams(name=/52, inputs=[], perturbed=False)
  (/53): BoundParams(name=/53, inputs=[], perturbed=False)
  (/54): BoundParams(name=/54, inputs=[], perturbed=False)
  (/55): BoundParams(name=/55, inputs=[], perturbed=False)
  (/56): BoundParams(name=/56, inputs=[], perturbed=False)
  (/57): BoundParams(name=/57, inputs=[], perturbed=False)
  (/58): BoundParams(name=/58, inputs=[], perturbed=False)
  (/59): BoundParams(name=/59, inputs=[], perturbed=False)
  (/60): BoundParams(name=/60, inputs=[], perturbed=False)
  (/61): BoundParams(name=/61, inputs=[], perturbed=False)
  (/62): BoundParams(name=/62, inputs=[], perturbed=False)
  (/63): BoundParams(name=/63, inputs=[], perturbed=False)
  (/64): BoundParams(name=/64, inputs=[], perturbed=False)
  (/input): BoundConv(name=/input, inputs=[/input-1, /33, /34], perturbed=True)
  (/66): BoundRelu(name=/66, inputs=[/input], perturbed=True)
  (/input-4): BoundConv(name=/input-4, inputs=[/66, /35, /36], perturbed=True)
  (/68): BoundRelu(name=/68, inputs=[/input-4], perturbed=True)
  (/input-12): BoundConv(name=/input-12, inputs=[/input-8/add_3_4, /37, /38], perturbed=True)
  (/71): BoundRelu(name=/71, inputs=[/input-12], perturbed=True)
  (/input-16): BoundConv(name=/input-16, inputs=[/71, /39, /40], perturbed=True)
  (/73): BoundRelu(name=/73, inputs=[/input-16], perturbed=True)
  (/input-24): BoundConv(name=/input-24, inputs=[/input-20/add_3_4, /41, /42], perturbed=True)
  (/76): BoundRelu(name=/76, inputs=[/input-24], perturbed=True)
  (/input-28): BoundConv(name=/input-28, inputs=[/76, /43, /44], perturbed=True)
  (/78): BoundRelu(name=/78, inputs=[/input-28], perturbed=True)
  (/input-32): BoundConv(name=/input-32, inputs=[/78, /45, /46], perturbed=True)
  (/80): BoundRelu(name=/80, inputs=[/input-32], perturbed=True)
  (/input-40): BoundConv(name=/input-40, inputs=[/input-36/add_3_4, /47, /48], perturbed=True)
  (/83): BoundRelu(name=/83, inputs=[/input-40], perturbed=True)
  (/input-44): BoundConv(name=/input-44, inputs=[/83, /49, /50], perturbed=True)
  (/85): BoundRelu(name=/85, inputs=[/input-44], perturbed=True)
  (/input-48): BoundConv(name=/input-48, inputs=[/85, /51, /52], perturbed=True)
  (/87): BoundRelu(name=/87, inputs=[/input-48], perturbed=True)
  (/input-56): BoundConv(name=/input-56, inputs=[/input-52/add_3_4, /53, /54], perturbed=True)
  (/90): BoundRelu(name=/90, inputs=[/input-56], perturbed=True)
  (/input-60): BoundConv(name=/input-60, inputs=[/90, /55, /56], perturbed=True)
  (/92): BoundRelu(name=/92, inputs=[/input-60], perturbed=True)
  (/input-64): BoundConv(name=/input-64, inputs=[/92, /57, /58], perturbed=True)
  (/94): BoundRelu(name=/94, inputs=[/input-64], perturbed=True)
  (/96): BoundFlatten(name=/96, inputs=[/95/add_3_4], perturbed=True)
  (/input-68): BoundLinear(name=/input-68, inputs=[/96, /59, /60], perturbed=True)
  (/98): BoundRelu(name=/98, inputs=[/input-68], perturbed=True)
  (/99): BoundFlatten(name=/99, inputs=[/98], perturbed=True)
  (/input-72): BoundLinear(name=/input-72, inputs=[/99, /61, /62], perturbed=True)
  (/101): BoundRelu(name=/101, inputs=[/input-72], perturbed=True)
  (/102): BoundFlatten(name=/102, inputs=[/101], perturbed=True)
  (/103): BoundLinear(name=/103, inputs=[/102, /63, /64], perturbed=True)
  (/input-8/conv_1): BoundConv(name=/input-8/conv_1, inputs=[/68, /input-8/conv_1_w], perturbed=True)
  (/input-8/conv_1_relu): BoundRelu(name=/input-8/conv_1_relu, inputs=[/input-8/conv_1], perturbed=True)
  (/input-8/conv_1_w): BoundParams(name=/input-8/conv_1_w, inputs=[], perturbed=False)
  (/input-8/conv_2): BoundConv(name=/input-8/conv_2, inputs=[/68, /input-8/conv_2_w], perturbed=True)
  (/input-8/conv_2_w): BoundParams(name=/input-8/conv_2_w, inputs=[], perturbed=False)
  (/input-8/conv_3): BoundConv(name=/input-8/conv_3, inputs=[/input-8/add_1_2, /input-8/conv_3_w], perturbed=True)
  (/input-8/conv_3_relu): BoundRelu(name=/input-8/conv_3_relu, inputs=[/input-8/conv_3], perturbed=True)
  (/input-8/conv_3_w): BoundParams(name=/input-8/conv_3_w, inputs=[], perturbed=False)
  (/input-8/conv_4): BoundConv(name=/input-8/conv_4, inputs=[/input-8/add_1_2, /input-8/conv_4_w], perturbed=True)
  (/input-8/conv_4_w): BoundParams(name=/input-8/conv_4_w, inputs=[], perturbed=False)
  (/input-8/add_1_2): BoundAdd(name=/input-8/add_1_2, inputs=[/input-8/conv_1_relu, /input-8/conv_2], perturbed=True)
  (/input-8/add_3_4): BoundAdd(name=/input-8/add_3_4, inputs=[/input-8/conv_3_relu, /input-8/conv_4], perturbed=True)
  (/input-20/conv_1): BoundConv(name=/input-20/conv_1, inputs=[/73, /input-20/conv_1_w], perturbed=True)
  (/input-20/conv_1_relu): BoundRelu(name=/input-20/conv_1_relu, inputs=[/input-20/conv_1], perturbed=True)
  (/input-20/conv_1_w): BoundParams(name=/input-20/conv_1_w, inputs=[], perturbed=False)
  (/input-20/conv_2): BoundConv(name=/input-20/conv_2, inputs=[/73, /input-20/conv_2_w], perturbed=True)
  (/input-20/conv_2_w): BoundParams(name=/input-20/conv_2_w, inputs=[], perturbed=False)
  (/input-20/conv_3): BoundConv(name=/input-20/conv_3, inputs=[/input-20/add_1_2, /input-20/conv_3_w], perturbed=True)
  (/input-20/conv_3_relu): BoundRelu(name=/input-20/conv_3_relu, inputs=[/input-20/conv_3], perturbed=True)
  (/input-20/conv_3_w): BoundParams(name=/input-20/conv_3_w, inputs=[], perturbed=False)
  (/input-20/conv_4): BoundConv(name=/input-20/conv_4, inputs=[/input-20/add_1_2, /input-20/conv_4_w], perturbed=True)
  (/input-20/conv_4_w): BoundParams(name=/input-20/conv_4_w, inputs=[], perturbed=False)
  (/input-20/add_1_2): BoundAdd(name=/input-20/add_1_2, inputs=[/input-20/conv_1_relu, /input-20/conv_2], perturbed=True)
  (/input-20/add_3_4): BoundAdd(name=/input-20/add_3_4, inputs=[/input-20/conv_3_relu, /input-20/conv_4], perturbed=True)
  (/input-36/conv_1): BoundConv(name=/input-36/conv_1, inputs=[/80, /input-36/conv_1_w], perturbed=True)
  (/input-36/conv_1_relu): BoundRelu(name=/input-36/conv_1_relu, inputs=[/input-36/conv_1], perturbed=True)
  (/input-36/conv_1_w): BoundParams(name=/input-36/conv_1_w, inputs=[], perturbed=False)
  (/input-36/conv_2): BoundConv(name=/input-36/conv_2, inputs=[/80, /input-36/conv_2_w], perturbed=True)
  (/input-36/conv_2_w): BoundParams(name=/input-36/conv_2_w, inputs=[], perturbed=False)
  (/input-36/conv_3): BoundConv(name=/input-36/conv_3, inputs=[/input-36/add_1_2, /input-36/conv_3_w], perturbed=True)
  (/input-36/conv_3_relu): BoundRelu(name=/input-36/conv_3_relu, inputs=[/input-36/conv_3], perturbed=True)
  (/input-36/conv_3_w): BoundParams(name=/input-36/conv_3_w, inputs=[], perturbed=False)
  (/input-36/conv_4): BoundConv(name=/input-36/conv_4, inputs=[/input-36/add_1_2, /input-36/conv_4_w], perturbed=True)
  (/input-36/conv_4_w): BoundParams(name=/input-36/conv_4_w, inputs=[], perturbed=False)
  (/input-36/add_1_2): BoundAdd(name=/input-36/add_1_2, inputs=[/input-36/conv_1_relu, /input-36/conv_2], perturbed=True)
  (/input-36/add_3_4): BoundAdd(name=/input-36/add_3_4, inputs=[/input-36/conv_3_relu, /input-36/conv_4], perturbed=True)
  (/input-52/conv_1): BoundConv(name=/input-52/conv_1, inputs=[/87, /input-52/conv_1_w], perturbed=True)
  (/input-52/conv_1_relu): BoundRelu(name=/input-52/conv_1_relu, inputs=[/input-52/conv_1], perturbed=True)
  (/input-52/conv_1_w): BoundParams(name=/input-52/conv_1_w, inputs=[], perturbed=False)
  (/input-52/conv_2): BoundConv(name=/input-52/conv_2, inputs=[/87, /input-52/conv_2_w], perturbed=True)
  (/input-52/conv_2_w): BoundParams(name=/input-52/conv_2_w, inputs=[], perturbed=False)
  (/input-52/conv_3): BoundConv(name=/input-52/conv_3, inputs=[/input-52/add_1_2, /input-52/conv_3_w], perturbed=True)
  (/input-52/conv_3_relu): BoundRelu(name=/input-52/conv_3_relu, inputs=[/input-52/conv_3], perturbed=True)
  (/input-52/conv_3_w): BoundParams(name=/input-52/conv_3_w, inputs=[], perturbed=False)
  (/input-52/conv_4): BoundConv(name=/input-52/conv_4, inputs=[/input-52/add_1_2, /input-52/conv_4_w], perturbed=True)
  (/input-52/conv_4_w): BoundParams(name=/input-52/conv_4_w, inputs=[], perturbed=False)
  (/input-52/add_1_2): BoundAdd(name=/input-52/add_1_2, inputs=[/input-52/conv_1_relu, /input-52/conv_2], perturbed=True)
  (/input-52/add_3_4): BoundAdd(name=/input-52/add_3_4, inputs=[/input-52/conv_3_relu, /input-52/conv_4], perturbed=True)
  (/95/conv_1): BoundConv(name=/95/conv_1, inputs=[/94, /95/conv_1_w], perturbed=True)
  (/95/conv_1_relu): BoundRelu(name=/95/conv_1_relu, inputs=[/95/conv_1], perturbed=True)
  (/95/conv_1_w): BoundParams(name=/95/conv_1_w, inputs=[], perturbed=False)
  (/95/conv_2): BoundConv(name=/95/conv_2, inputs=[/94, /95/conv_2_w], perturbed=True)
  (/95/conv_2_w): BoundParams(name=/95/conv_2_w, inputs=[], perturbed=False)
  (/95/conv_3): BoundConv(name=/95/conv_3, inputs=[/95/add_1_2, /95/conv_3_w], perturbed=True)
  (/95/conv_3_relu): BoundRelu(name=/95/conv_3_relu, inputs=[/95/conv_3], perturbed=True)
  (/95/conv_3_w): BoundParams(name=/95/conv_3_w, inputs=[], perturbed=False)
  (/95/conv_4): BoundConv(name=/95/conv_4, inputs=[/95/add_1_2, /95/conv_4_w], perturbed=True)
  (/95/conv_4_w): BoundParams(name=/95/conv_4_w, inputs=[], perturbed=False)
  (/95/add_1_2): BoundAdd(name=/95/add_1_2, inputs=[/95/conv_1_relu, /95/conv_2], perturbed=True)
  (/95/add_3_4): BoundAdd(name=/95/add_3_4, inputs=[/95/conv_3_relu, /95/conv_4], perturbed=True)
)
Model prediction is: tensor([ 1.04841650e+00,  2.06702995e+00,  1.09783649e+00,  1.12288153e+00,
         1.32237637e+00,  1.78087604e+00,  2.02228904e+00, -1.33932900e+00,
        -9.34227407e-01, -5.16536057e-01, -1.10908449e+00,  3.98890108e-01,
        -1.86850846e-01, -4.28034723e-01,  6.12776399e-01,  3.99405390e-01,
        -6.88385963e-01, -7.47176349e-01, -8.81156027e-02, -6.38609469e-01,
        -1.45150617e-01,  8.04878235e-01,  1.29130936e+00, -4.18406799e-02,
         5.27139127e-01, -1.40129530e+00, -2.91995183e-02, -7.69551635e-01,
        -1.72836447e+00,  6.30796015e-01, -1.19846594e+00,  8.31612527e-01,
        -9.04494464e-01, -2.44698480e-01, -3.72476935e-01, -8.30604076e-01,
         8.32296968e-01, -1.54462528e+00, -1.87428832e-01, -1.07655621e+00,
         9.79077399e-01, -1.29397130e+00, -1.74308026e+00, -1.25649440e+00,
        -5.64032972e-01, -1.05319536e+00,  1.38925362e+00, -8.50888312e-01,
        -8.57981026e-01,  2.63409197e-01,  1.57935965e+00, -2.08044934e+00,
        -1.60624281e-01,  1.42617330e-01, -1.00066423e+00,  9.73762646e-02,
        -1.13942754e+00, -1.49697971e+00,  6.67937160e-01,  2.43449777e-01,
         3.12171727e-01, -8.48199189e-01, -1.42098188e+00,  1.30400881e-01,
         8.15625310e-01,  8.57549906e-01, -7.91928589e-01,  1.73910037e-01,
        -1.30269408e+00, -1.15134597e+00,  2.96281934e-01,  2.64549166e-01,
        -3.43469292e-01,  3.86802971e-01,  1.65325075e-01,  6.03511989e-01,
         2.17951566e-01,  1.20489371e+00,  8.82493794e-01,  1.08442569e+00,
        -1.50570601e-01, -1.32069409e+00, -3.95295560e-01, -9.65248823e-01,
        -4.79073711e-02, -3.23501110e-01, -8.13810527e-01,  3.84021431e-01,
         2.24855810e-01,  1.52900100e-01, -2.40801111e-01, -1.61370707e+00,
         4.24468964e-01,  3.85346502e-01,  8.39882851e-01, -1.58088291e+00,
         9.90889132e-01,  1.21902205e-01,  4.78408933e-01,  1.02759564e+00,
         1.85437810e+00, -8.44623804e-01, -2.03725338e+00,  1.64002359e+00,
         4.05476764e-02, -1.37157130e+00, -4.43853736e-02,  1.08433938e+00,
        -7.90048480e-01, -6.76596582e-01,  2.04628199e-01,  2.93847203e+00,
         1.33996546e-01,  5.67879438e-01,  4.04879928e-01, -1.25103474e+00,
        -1.29150796e+00,  3.41551125e-01, -1.24708724e+00, -2.03626704e+00,
        -2.12764144e+00, -2.44092917e+00, -2.09984899e+00, -2.15008354e+00,
        -1.42314446e+00, -1.67757010e+00,  6.58292294e-01,  1.06489539e+00,
         1.14384878e+00,  1.91552973e+00,  1.23588860e+00,  7.70718694e-01,
         2.42401004e+00,  5.11511683e-01,  1.03597975e+00, -1.43982440e-01,
        -1.67312384e-01,  1.00781727e+00,  4.00927484e-01, -1.64655912e+00,
        -1.67302310e+00,  4.18756455e-01, -3.82861435e-01, -1.03637993e-01,
         1.69835329e-01,  4.38501477e-01, -9.24257413e-02,  1.33708906e+00,
         8.51669192e-01,  2.43681049e+00,  1.49818376e-01,  1.15314233e+00,
        -4.80549932e-01,  1.71431828e+00,  7.82583773e-01,  4.00975347e-01,
        -1.28885642e-01,  4.22331244e-01, -5.26456296e-01, -3.58638525e-01,
         7.96238706e-02,  4.40727502e-01,  1.15307581e+00,  1.27230406e-01,
        -5.25594473e-01, -7.44795918e-01, -8.90047848e-01, -9.10658062e-01,
         2.47765407e-02,  3.31844240e-01,  2.18917921e-01,  7.19399303e-02,
        -4.21575040e-01,  4.94392127e-01,  2.67711133e-01,  1.54672965e-01,
        -4.37967151e-01, -3.37538928e-01,  1.46655393e+00, -7.20633090e-01,
        -4.13565814e-01,  6.18215799e-01,  5.72066188e-01,  1.58946961e-01,
         6.68414533e-01,  2.93851197e-01,  7.60283947e-01,  1.23892844e+00,
         1.79418460e-01,  3.22540879e-01,  9.52509701e-01,  1.26236522e+00,
         6.94087684e-01,  6.18318141e-01,  4.51832801e-01,  1.17565668e+00,
         8.24498415e-01, -4.97574866e-01, -3.89265805e-01,  1.24394143e+00,
         5.99548161e-01,  4.21266526e-01,  6.87903106e-01,  2.19907928e+00,
         1.04660010e+00, -1.54591039e-01, -9.46084917e-01,  8.48018527e-01,
         7.10782230e-01,  8.09923828e-01, -1.37656188e+00,  3.03807378e-01,
         8.86848450e-01,  1.12305403e-01, -3.31060141e-01, -1.01085722e-01,
         6.71431661e-01,  2.01852143e-01,  7.40695149e-02,  8.16995978e-01,
         4.14990902e-01, -2.25701943e-01,  5.85538387e-01,  6.35856092e-01,
         7.61703789e-01,  1.54800266e-02,  1.38550401e-01, -1.82953194e-01,
        -5.84819734e-01,  1.59754634e+00, -7.11406991e-02,  5.76573074e-01,
        -3.02324265e-01,  1.09034916e-02,  2.65473947e-02,  8.40097487e-01,
        -3.09532940e-01,  1.95858419e-01, -3.43779117e-01,  1.50322154e-01,
        -2.27521896e-01, -4.11994934e-01,  5.85869908e-01, -6.90313339e-01,
        -5.79296172e-01,  1.07357609e+00, -5.62276304e-01, -3.27504836e-02,
         7.89481640e-01,  7.20355988e-01,  6.62498951e-01, -7.16749549e-01,
         1.85845912e-01,  4.06942785e-01,  1.47081161e+00, -7.33713746e-01,
        -5.13374507e-01,  1.18795800e+00,  1.21086490e+00,  1.60867012e+00,
         1.40116274e+00,  3.32887113e-01, -8.18779945e-01,  8.42942655e-01,
         2.11468190e-01,  1.37608612e+00,  3.78790826e-01,  1.44554317e-01,
        -1.50064981e+00,  1.22280812e+00,  1.93047071e+00,  8.80283117e-01,
         1.20015132e+00,  1.34700453e+00,  2.20988214e-01, -8.41698200e-02,
         4.01401311e-01,  1.31880879e+00,  7.22870007e-02,  1.76156187e+00,
         8.43605518e-01,  2.32194519e+00,  2.71703386e+00,  3.00831747e+00,
         2.83558273e+00,  1.54919732e+00,  5.06906271e-01,  1.34696722e+00,
        -3.55551988e-01, -1.28220037e-01, -5.10631740e-01,  2.36698389e-01,
         2.48533905e-01,  2.77225345e-01,  3.42863679e-01,  8.73810649e-02,
         2.60158515e+00, -1.04291789e-01, -5.34663439e-01, -9.82418284e-02,
        -1.99863493e+00,  3.91385645e-01, -1.34294009e+00, -1.04272783e+00,
        -1.18944776e+00, -2.17410326e+00, -8.51742446e-01, -5.33351898e-01,
         3.93786728e-01, -1.16877854e+00,  1.24519837e+00,  3.83961201e-01,
        -4.91794765e-01,  1.08729410e+00,  5.48384786e-01,  2.92869955e-01,
         8.84553641e-02, -5.25284171e-01,  1.54183710e+00,  7.34130383e-01,
         3.01170442e-02, -2.35572004e+00, -1.60914850e+00, -2.02347898e+00,
        -1.32123399e+00, -1.70693207e+00, -1.76612628e+00,  6.83347695e-03,
        -1.79346001e+00, -1.58196104e+00,  1.27147567e+00,  1.90809536e+00,
         2.71118474e+00,  8.01773250e-01, -4.54504699e-01, -2.54682511e-01,
        -1.64157915e+00,  1.22681844e+00,  5.49645066e-01, -1.79095483e+00,
        -7.14995205e-01,  1.47073537e-01, -4.11438227e-01, -1.03831100e+00,
         5.33989847e-01, -9.38632727e-01, -1.04771292e+00, -2.42222279e-01,
        -1.81428754e+00, -1.19797075e+00, -1.33277452e+00, -9.00407493e-01,
        -5.55333376e-01, -5.47250450e-01, -1.38589942e+00, -8.29123139e-01,
         7.19512939e-01,  1.84106112e-01,  4.91237402e-01,  7.69636095e-01,
         6.76950872e-01,  6.15933299e-01,  1.01987958e+00, -5.84590696e-02,
        -8.62446249e-01,  2.29518697e-01,  5.04971802e-01,  3.04449666e-02,
         4.59638685e-01, -4.50593561e-01,  4.86008227e-02, -6.20909393e-01,
         8.01815391e-01,  8.24345291e-01,  4.37255174e-01, -8.81389797e-01,
         3.97642672e-01,  2.38435894e-01,  6.33178890e-01, -4.68650043e-01,
         6.56516969e-01, -1.68256968e-01,  3.69545013e-01,  3.66144674e-03,
        -2.67625242e-01, -2.07889095e-01, -6.88671231e-01, -1.35016215e+00,
        -9.81783092e-01,  1.06632793e+00,  2.15414360e-01,  1.28481269e+00,
         5.57049476e-02, -1.24558902e+00,  5.30804217e-01,  1.42353070e+00,
        -1.16923356e+00, -7.67111927e-02, -9.76107776e-01,  4.41777557e-01,
        -1.07663822e+00, -1.45843840e+00,  1.64022803e-01, -7.67997622e-01,
        -5.89535117e-01,  6.72314346e-01, -1.39469647e+00, -6.32172048e-01,
        -1.58997035e+00,  1.91664219e+00, -1.32918286e+00,  1.76874936e+00,
         5.54748416e-01,  5.89504302e-01,  1.02466035e+00, -2.27278137e+00,
         1.40740430e+00,  1.11452639e+00,  1.52110600e+00,  1.73824096e+00,
        -1.10869072e-02,  1.07768424e-01, -5.11150539e-01, -1.59498942e+00,
        -6.89404607e-01,  5.29212654e-01,  2.27858037e-01, -9.85763550e-01,
        -6.36488676e-01, -2.75342196e-01, -1.16411495e+00, -4.37912047e-01,
        -3.52207601e-01,  1.35432017e+00,  1.50891984e+00,  7.14855790e-01,
        -7.50615358e-01,  2.45649964e-01,  1.46836865e+00,  5.54058775e-02,
        -5.67734241e-03,  1.50114262e+00, -3.02489042e-01,  2.21989417e+00,
        -1.55274868e+00, -4.24734473e-01,  2.85933113e+00, -4.63555127e-01,
        -1.76030457e-01,  1.20500401e-01, -1.38093090e+00, -6.14425130e-02,
         2.16950849e-01, -5.22946656e-01, -1.82890320e+00, -2.60300249e-01,
        -2.40734532e-01,  7.08655357e-01, -3.46421003e-01,  5.25474191e-01,
        -7.88560271e-01, -5.67538366e-02,  1.87900460e+00,  7.15591758e-03,
         7.62693524e-01,  1.80764735e+00, -1.44002020e+00, -2.61006832e+00,
         3.85600835e-01, -1.96035400e-01,  4.88402128e-01, -1.33931732e+00,
         3.27844024e-02,  1.86983243e-01, -5.67984521e-01,  1.11009812e+00,
        -1.38532794e+00, -8.36417377e-01,  1.02085285e-02, -1.30918384e+00,
         2.75290155e+00,  5.72420478e-01, -3.30075204e-01, -3.50017607e-01,
        -2.14953944e-01,  4.61244673e-01, -3.88132155e-01,  1.55814266e+00,
        -8.31475496e-01,  2.00047389e-01,  1.40770659e-01, -1.43300521e+00,
         1.09113157e-01, -7.22552598e-01,  1.43721998e-01, -7.54250705e-01,
         8.42961967e-01,  4.90808904e-01, -3.17792952e-01,  2.07362199e+00,
        -2.78901267e+00,  6.69060946e-01, -1.19025218e+00, -5.20396791e-02,
        -8.35754350e-03, -3.91590565e-01, -1.87840629e+00,  5.65754652e-01,
         1.07106721e+00, -3.09532619e+00, -5.25868177e-01, -1.53705466e+00,
        -5.57726204e-01, -5.46876907e-01, -8.55973840e-01, -4.20362979e-01,
        -1.76320720e+00,  1.46180287e-01, -8.23091447e-01, -7.02823997e-01,
        -9.30623412e-01, -1.00141048e+00, -1.04329681e+00, -4.72974330e-01,
        -5.50800443e-01, -2.80057251e-01, -7.50897884e-01,  4.92082477e-01,
        -8.68337572e-01,  1.01035798e+00,  1.68683732e+00,  4.69805747e-01,
        -1.07297099e+00,  4.07973565e-02,  1.94954538e+00, -2.40225029e+00,
        -1.47549474e+00, -6.97730660e-01,  3.06994736e-01,  2.89269400e+00,
        -1.06393650e-01, -2.09698939e+00,  9.95440960e-01, -4.85253960e-01,
        -1.38592839e+00,  7.43101723e-03, -2.80966967e-01, -2.55018425e+00,
         7.08586164e-03,  3.02224755e+00, -2.13346410e+00, -1.13677955e+00,
         1.16311538e+00,  9.36392903e-01,  6.03251696e-01, -8.51636529e-01,
         3.19944382e+00,  1.75723040e+00,  3.39062750e-01,  8.17548335e-02,
        -1.16471028e+00, -7.95847535e-01,  2.36208558e+00,  5.94763756e-01,
        -1.03791130e+00,  2.03666240e-01, -7.25238442e-01, -3.18259269e-01,
         6.86454117e-01, -1.79575706e+00,  3.30526829e-02, -8.53464007e-01,
         7.82639146e-01, -7.85489798e-01,  1.17524683e+00, -6.24635577e-01,
        -1.52390206e+00,  4.09632057e-01,  5.81755519e-01, -7.02004731e-01,
         3.28680933e-01, -9.20316160e-01, -2.68573117e+00, -6.78231776e-01,
         3.91243100e-01,  1.81456432e-01, -1.15457535e+00,  8.82711172e-01,
         1.13791251e+00, -1.57490909e-01,  2.95813024e-01,  3.77371216e+00,
        -4.42217797e-01,  4.38274831e-01, -1.30766833e+00, -8.64969671e-01,
         1.34236491e+00,  8.94525945e-02,  7.49941468e-01,  4.78882730e-01,
         1.31621587e+00,  4.75348905e-02,  1.46231616e+00, -2.31004381e+00,
         5.94180763e-01,  1.68168700e+00,  3.83145571e-01, -2.98140913e-01,
         1.48487830e+00, -7.57959902e-01,  1.84373879e+00,  6.53121233e-01,
        -1.54382324e+00, -3.14526170e-01, -2.81331539e-01,  9.70178723e-01,
         1.13533044e+00,  3.43515784e-01,  1.32070339e+00,  2.62677860e+00,
         2.30786896e+00,  5.22880018e-01,  6.57614946e-01,  1.39442933e+00,
        -1.40541708e+00, -1.07891870e+00,  1.34710288e+00, -4.29136395e-01,
        -1.36749339e+00,  5.15277803e-01, -5.84046125e-01,  1.32767066e-01,
         2.54015160e+00, -2.67650276e-01, -2.74039078e+00, -6.48671389e-01,
         2.08544731e+00,  2.97090471e-01,  2.24559680e-02, -1.30440384e-01,
        -9.21661794e-01, -4.53841507e-01, -1.50388730e+00,  1.78613141e-03,
         1.32890391e+00, -2.42185593e+00,  1.55281588e-01,  7.45318592e-01,
         3.71039242e-01, -6.81815982e-01,  1.34435153e+00,  2.22543311e+00,
        -4.86287385e-01, -6.18137002e-01, -5.54648995e-01,  8.29998076e-01,
        -8.10872138e-01,  1.70605123e+00, -2.50777662e-01,  3.14876497e-01,
        -3.54706883e-01, -2.42215872e+00,  7.54794300e-01, -1.40446627e+00,
         2.61598969e+00, -1.50631690e+00, -1.18655205e+00, -3.56235147e-01,
        -5.25972426e-01,  2.47227049e+00, -1.33334112e+00, -1.36612630e+00,
         6.26171291e-01,  8.89700890e-01,  6.20562695e-02, -9.28200662e-01,
        -6.78319156e-01,  5.24207950e-01,  1.37414932e-01, -1.09349179e+00,
         1.29369068e+00,  1.47101378e+00, -3.79719064e-02,  2.85917878e-01,
        -3.77980500e-01,  2.87252933e-01, -1.17059183e+00, -2.85190415e+00,
         1.80322027e+00, -6.05828881e-01, -3.66633153e+00, -1.32589012e-01,
         1.53144503e+00,  9.48168397e-01, -6.29362345e-01,  6.06424272e-01,
         1.15528047e+00, -2.25137159e-01, -1.28718579e+00, -4.27498162e-01,
         1.79428363e+00,  1.56320095e+00,  1.72906578e-01, -6.74252152e-01,
         1.14254224e+00, -1.71023893e+00, -1.43833899e+00,  5.88367343e-01,
        -5.05833089e-01,  1.46473753e+00, -3.49838614e-01,  8.87373269e-01,
         1.25048280e+00,  1.80366054e-01,  2.39207491e-01, -7.21500993e-01,
        -3.21448475e-01, -1.73615837e+00,  3.36573154e-01, -2.03148276e-01,
        -7.06114061e-03,  1.92746317e+00,  1.83949065e+00, -1.59359694e-01,
        -1.42888975e+00,  1.11630213e+00, -1.46335864e+00,  8.55573475e-01,
         1.82782674e+00, -1.63358486e+00, -1.89241624e+00,  1.31034350e+00,
        -1.53195128e-01,  1.04757786e+00, -1.41244197e+00,  2.59592652e-01,
         3.37670118e-01,  7.07881212e-01, -4.44732100e-01, -2.47290850e+00,
        -9.42436397e-01,  2.57812500e+00, -7.23102570e-01, -6.26467943e-01,
         1.63321197e+00,  2.77062058e-01, -4.67318073e-02,  1.00447464e+00,
         1.06214333e+00,  1.30927432e+00,  1.17091608e+00, -6.50851488e-01,
         1.52833259e+00,  1.72929966e+00,  6.86529726e-02, -1.10813618e+00,
         1.71118043e-02, -1.21571076e+00, -5.14708519e-01, -1.17759451e-01,
         9.94503915e-01,  1.54129112e+00, -2.47067738e+00,  1.09869194e+00,
         1.10898995e+00, -9.61047471e-01, -8.69057834e-01,  9.61420000e-01,
        -1.20284498e+00,  1.38544047e+00, -1.05966353e+00,  7.13297784e-01,
         1.23635042e+00,  1.06939483e+00, -9.24543083e-01,  1.00538224e-01,
         5.79850256e-01,  5.51445365e-01,  1.81172505e-01, -7.66403973e-01,
        -5.63002586e-01,  4.59513515e-01,  2.81899023e+00,  6.64983690e-01,
         1.70195568e+00,  3.87714922e-01, -1.72605562e+00, -2.02689394e-01,
        -1.63234353e+00,  1.47802305e+00, -2.00984716e-01,  5.30160844e-01,
         1.21125758e+00,  8.75343204e-01,  3.61300421e+00,  2.14021876e-01,
         7.80163944e-01,  1.48970783e+00,  6.12403929e-01,  2.07826042e+00,
        -6.13948584e-01,  5.25733195e-02, -2.45627508e-01,  3.69700223e-01,
         4.37349737e-01,  1.47272974e-01, -2.14829102e-01, -4.26681280e-01,
        -1.40270615e+00, -2.70480722e-01,  3.43917489e-01,  6.44929826e-01,
         1.04456317e+00,  5.39658487e-01,  1.44627452e-01,  9.14966106e-01,
         4.92621243e-01, -1.34629047e+00,  1.70891762e+00,  1.02090490e+00,
        -1.31512010e+00, -1.56319654e+00, -1.29017591e+00, -1.03639472e+00,
         3.62201542e-01, -1.14990366e+00,  3.46797884e-01, -2.76597112e-01,
         1.37380028e+00, -1.42272305e+00, -9.71728742e-01,  6.64395690e-01,
        -9.16896403e-01, -1.17275566e-01,  6.67325616e-01, -2.06561947e+00,
        -6.06587589e-01,  6.29920140e-02,  5.13808094e-02, -2.28990018e-01,
         1.22160172e+00,  2.73767114e-01,  1.09542644e+00,  3.75983626e-01,
         2.34306335e+00,  1.89809287e+00,  1.06277561e+00, -1.17925513e+00,
        -8.40982944e-02, -6.62880123e-01,  1.40607610e-01,  3.47466850e+00,
         2.10112500e+00, -1.34189737e+00,  1.13812065e+00,  1.10648227e+00,
        -3.63545609e+00, -1.20997024e+00, -1.04253709e+00, -5.73133945e-01,
        -1.73959708e+00,  1.98713779e-01, -6.03434920e-01, -9.46853340e-01,
        -1.99606812e+00, -2.63290906e+00, -9.90055740e-01, -5.99221289e-01,
         2.21691489e+00, -5.90447597e-02, -5.72023749e-01,  2.33344406e-01,
         5.83249152e-01, -5.18830121e-01, -2.14904928e+00,  3.90971974e-02,
         5.62728584e-01,  2.39013523e-01, -1.72165775e+00,  2.29543543e+00,
         6.98503852e-03, -1.06996465e+00,  2.84058958e-01,  9.31050181e-01,
        -5.50327182e-01,  3.28833914e+00,  2.79638588e-01, -1.55958548e-01,
        -1.28267616e-01, -1.85274720e-01, -1.32364106e+00, -1.54350436e+00,
         2.83442020e+00,  1.18707657e+00,  1.26440406e+00, -6.97094202e-01,
         3.75954509e-01,  6.14008009e-01,  1.60837257e+00,  1.08660929e-01,
        -3.09056818e-01, -9.66506958e-01,  5.50431132e-01,  1.12896609e+00,
         6.63082457e+00,  4.18809175e+00,  6.50262594e-01, -3.16664755e-01,
         8.74588013e-01, -4.74742830e-01, -1.74215108e-01,  2.66379237e+00,
        -1.93805420e+00, -7.29469597e-01, -4.29370552e-01, -8.85204554e-01,
         9.66211557e-01, -5.79840899e-01, -2.95080841e-01,  8.03692997e-01,
         7.17202663e-01,  2.40803218e+00, -4.41462576e-01, -1.88410842e+00,
        -2.34742022e+00,  3.05527113e-02, -2.22861099e+00, -2.11232901e+00,
        -1.78212380e+00,  6.99273646e-01, -1.56846511e+00, -1.11022937e+00,
        -1.33467054e+00, -2.23262978e+00, -1.93704367e+00, -1.44952941e+00,
        -1.30301440e+00, -9.64474201e-01, -1.17588079e+00, -2.48749837e-01,
        -1.39149368e+00, -1.34120464e+00, -6.44617915e-01, -7.32958242e-02,
        -2.79017377e+00,  1.01956569e-01, -2.44572616e+00, -9.02442098e-01,
         1.83908808e+00,  4.50429469e-01,  3.91124368e-01,  6.84253454e-01,
        -1.00123775e+00, -1.73094705e-01,  1.60719112e-01, -9.10165191e-01,
        -1.20803332e+00, -5.03071725e-01, -4.37042117e-01, -2.63745880e+00,
        -2.74437475e+00, -4.95256901e-01, -2.43530607e+00, -1.97620308e+00,
        -1.99989450e+00, -1.69417584e+00,  4.94259000e-01, -1.08773482e+00,
         4.77777034e-01, -6.01479471e-01, -1.50586307e+00,  2.47382259e+00,
        -7.87939429e-01,  7.37075880e-02,  2.20494056e+00,  1.88721764e+00,
        -1.02795398e+00,  1.17253935e+00,  2.96779983e-02, -1.23573303e+00,
         8.85840714e-01,  6.69486046e-01, -3.14771503e-01,  6.96067736e-02,
         1.39913931e-01,  6.09131455e-02, -8.50316465e-01,  6.49076700e-02,
        -7.14467943e-01,  4.22707051e-02, -1.33177292e+00, -1.64320683e+00,
        -1.14763308e+00, -2.93333983e+00, -2.78259563e+00, -1.75456047e+00,
        -1.88460636e+00, -2.05292439e+00,  1.23471521e-01,  1.47609663e+00],
       device='cuda:0')
Clean RHS: tensor([[0.55645686]], device='cuda:0')
Split layers:
Nonlinear functions:
   BoundRelu(name=/66, inputs=[/input], perturbed=True)
   BoundRelu(name=/68, inputs=[/input-4], perturbed=True)
   BoundRelu(name=/71, inputs=[/input-12], perturbed=True)
   BoundRelu(name=/73, inputs=[/input-16], perturbed=True)
   BoundRelu(name=/76, inputs=[/input-24], perturbed=True)
   BoundRelu(name=/78, inputs=[/input-28], perturbed=True)
   BoundRelu(name=/80, inputs=[/input-32], perturbed=True)
   BoundRelu(name=/83, inputs=[/input-40], perturbed=True)
   BoundRelu(name=/85, inputs=[/input-44], perturbed=True)
   BoundRelu(name=/87, inputs=[/input-48], perturbed=True)
   BoundRelu(name=/90, inputs=[/input-56], perturbed=True)
   BoundRelu(name=/92, inputs=[/input-60], perturbed=True)
   BoundRelu(name=/94, inputs=[/input-64], perturbed=True)
   BoundRelu(name=/98, inputs=[/input-68], perturbed=True)
   BoundRelu(name=/101, inputs=[/input-72], perturbed=True)
   BoundRelu(name=/input-8/conv_1_relu, inputs=[/input-8/conv_1], perturbed=True)
   BoundRelu(name=/input-8/conv_3_relu, inputs=[/input-8/conv_3], perturbed=True)
   BoundRelu(name=/input-20/conv_1_relu, inputs=[/input-20/conv_1], perturbed=True)
   BoundRelu(name=/input-20/conv_3_relu, inputs=[/input-20/conv_3], perturbed=True)
   BoundRelu(name=/input-36/conv_1_relu, inputs=[/input-36/conv_1], perturbed=True)
   BoundRelu(name=/input-36/conv_3_relu, inputs=[/input-36/conv_3], perturbed=True)
   BoundRelu(name=/input-52/conv_1_relu, inputs=[/input-52/conv_1], perturbed=True)
   BoundRelu(name=/input-52/conv_3_relu, inputs=[/input-52/conv_3], perturbed=True)
   BoundRelu(name=/95/conv_1_relu, inputs=[/95/conv_1], perturbed=True)
   BoundRelu(name=/95/conv_3_relu, inputs=[/95/conv_3], perturbed=True)
Batched CROWN: node BoundConv(name=/input-4, inputs=[/66, /35, /36], perturbed=True), unstable size 41460
Batched CROWN: node BoundConv(name=/input-8/conv_1, inputs=[/68, /input-8/conv_1_w], perturbed=True), unstable size 52793
Batched CROWN: node BoundConv(name=/input-8/conv_3, inputs=[/input-8/add_1_2, /input-8/conv_3_w], perturbed=True), unstable size 17246
Batched CROWN: node BoundConv(name=/input-12, inputs=[/input-8/add_3_4, /37, /38], perturbed=True), unstable size 362392
Batched CROWN: node BoundConv(name=/input-16, inputs=[/71, /39, /40], perturbed=True), unstable size 1552928
Batched CROWN: node BoundConv(name=/input-20/conv_1, inputs=[/73, /input-20/conv_1_w], perturbed=True), unstable size 20216
Batched CROWN: node BoundConv(name=/input-20/conv_3, inputs=[/input-20/add_1_2, /input-20/conv_3_w], perturbed=True), unstable size 11933
Batched CROWN: node BoundConv(name=/input-24, inputs=[/input-20/add_3_4, /41, /42], perturbed=True), unstable size 415852
Batched CROWN: node BoundConv(name=/input-28, inputs=[/76, /43, /44], perturbed=True), unstable size 794158
Batched CROWN: node BoundConv(name=/input-32, inputs=[/78, /45, /46], perturbed=True), unstable size 148046
Batched CROWN: node BoundConv(name=/input-36/conv_1, inputs=[/80, /input-36/conv_1_w], perturbed=True), unstable size 29754
Batched CROWN: node BoundConv(name=/input-36/conv_3, inputs=[/input-36/add_1_2, /input-36/conv_3_w], perturbed=True), unstable size 17991
Batched CROWN: node BoundConv(name=/input-40, inputs=[/input-36/add_3_4, /47, /48], perturbed=True), unstable size 345883
Batched CROWN: node BoundConv(name=/input-44, inputs=[/83, /49, /50], perturbed=True), unstable size 228358
Batched CROWN: node BoundConv(name=/input-48, inputs=[/85, /51, /52], perturbed=True), unstable size 262366
Batched CROWN: node BoundConv(name=/input-52/conv_1, inputs=[/87, /input-52/conv_1_w], perturbed=True), unstable size 6184
Batched CROWN: node BoundConv(name=/input-52/conv_3, inputs=[/input-52/add_1_2, /input-52/conv_3_w], perturbed=True), unstable size 4349
Batched CROWN: node BoundConv(name=/input-56, inputs=[/input-52/add_3_4, /53, /54], perturbed=True), unstable size 89636
Batched CROWN: node BoundConv(name=/input-60, inputs=[/90, /55, /56], perturbed=True), unstable size 99604
Batched CROWN: node BoundConv(name=/input-64, inputs=[/92, /57, /58], perturbed=True), unstable size 98538
Batched CROWN: node BoundConv(name=/95/conv_1, inputs=[/94, /95/conv_1_w], perturbed=True), unstable size 40029
Batched CROWN: node BoundConv(name=/95/conv_3, inputs=[/95/add_1_2, /95/conv_3_w], perturbed=True), unstable size 22351
Batched CROWN: node BoundLinear(name=/input-68, inputs=[/96, /59, /60], perturbed=True), unstable size 4096
Batched CROWN: node BoundLinear(name=/input-72, inputs=[/99, /61, /62], perturbed=True), unstable size 4096
initial crown bounds: tensor([[-279320.56250000]], device='cuda:0')
Number of class (without rhs): 1 ; Worst class: (+ rhs) -279320.5625
Iteration 1
Adv attack time: 1.5335s
Batch size: 1
Current pickout batch: 1, total pickout batch: 1
Batched CROWN: node BoundConv(name=/input-4, inputs=[/66, /35, /36], perturbed=True), unstable size 41460
Batched CROWN: node BoundConv(name=/input-8/conv_1, inputs=[/68, /input-8/conv_1_w], perturbed=True), unstable size 52793
Batched CROWN: node BoundConv(name=/input-8/conv_3, inputs=[/input-8/add_1_2, /input-8/conv_3_w], perturbed=True), unstable size 17246
Batched CROWN: node BoundConv(name=/input-12, inputs=[/input-8/add_3_4, /37, /38], perturbed=True), unstable size 362393
Batched CROWN: node BoundConv(name=/input-16, inputs=[/71, /39, /40], perturbed=True), unstable size 1552926
Batched CROWN: node BoundConv(name=/input-20/conv_1, inputs=[/73, /input-20/conv_1_w], perturbed=True), unstable size 20216
Batched CROWN: node BoundConv(name=/input-20/conv_3, inputs=[/input-20/add_1_2, /input-20/conv_3_w], perturbed=True), unstable size 11933
Batched CROWN: node BoundConv(name=/input-24, inputs=[/input-20/add_3_4, /41, /42], perturbed=True), unstable size 415890
Batched CROWN: node BoundConv(name=/input-28, inputs=[/76, /43, /44], perturbed=True), unstable size 794157
Batched CROWN: node BoundConv(name=/input-32, inputs=[/78, /45, /46], perturbed=True), unstable size 148046
Batched CROWN: node BoundConv(name=/input-36/conv_1, inputs=[/80, /input-36/conv_1_w], perturbed=True), unstable size 29754
Batched CROWN: node BoundConv(name=/input-36/conv_3, inputs=[/input-36/add_1_2, /input-36/conv_3_w], perturbed=True), unstable size 17991
Batched CROWN: node BoundConv(name=/input-40, inputs=[/input-36/add_3_4, /47, /48], perturbed=True), unstable size 345883
Batched CROWN: node BoundConv(name=/input-44, inputs=[/83, /49, /50], perturbed=True), unstable size 228358
Batched CROWN: node BoundConv(name=/input-48, inputs=[/85, /51, /52], perturbed=True), unstable size 262368
Batched CROWN: node BoundConv(name=/input-52/conv_1, inputs=[/87, /input-52/conv_1_w], perturbed=True), unstable size 6184
Batched CROWN: node BoundConv(name=/input-52/conv_3, inputs=[/input-52/add_1_2, /input-52/conv_3_w], perturbed=True), unstable size 4349
Batched CROWN: node BoundConv(name=/input-56, inputs=[/input-52/add_3_4, /53, /54], perturbed=True), unstable size 89636
Batched CROWN: node BoundConv(name=/input-60, inputs=[/90, /55, /56], perturbed=True), unstable size 99604
Batched CROWN: node BoundConv(name=/input-64, inputs=[/92, /57, /58], perturbed=True), unstable size 98538
Batched CROWN: node BoundConv(name=/95/conv_1, inputs=[/94, /95/conv_1_w], perturbed=True), unstable size 40029
Batched CROWN: node BoundConv(name=/95/conv_3, inputs=[/95/add_1_2, /95/conv_3_w], perturbed=True), unstable size 22351
Batched CROWN: node BoundLinear(name=/input-68, inputs=[/96, /59, /60], perturbed=True), unstable size 4096
Batched CROWN: node BoundLinear(name=/input-72, inputs=[/99, /61, /62], perturbed=True), unstable size 4096
Worst bound: tensor([-279320.90625000], device='cuda:0')
Current (lb-rhs): -279320.90625
Total time: 2908.8125  pickout: 0.0003  split: 0.0012  decision: 0.0003  bounding: 2908.7781  clipping: 0.0000  add_domain: 0.0231  rest: 0.0095
Length of domains: 2
3 branch and bound domains visited
Time out!
Result: timeout
Time: 4396.887828350067
[rank 0] === Checking instance ID 776 ===
[rank 0] >>> Running ID=776 onnx=onnx/vgg16-7.onnx
Configurations:

general:
  device: cuda
  seed: 100
  conv_mode: patches
  deterministic: false
  double_fp: false
  loss_reduction_func: max
  sparse_alpha: true
  sparse_interm: true
  save_adv_example: false
  verify_onnxruntime_output: false
  eval_adv_example: false
  show_adv_example: false
  precompile_jit: false
  prepare_only: false
  complete_verifier: bab
  enable_incomplete_verification: false
  csv_name: instances.csv
  results_file: results/vggnet16_all_p_4/result_776.rank0.txt
  root_path: ../../vnncomp2023_benchmarks/benchmarks/vggnet16
  deterministic_opt: false
  graph_optimizer: 'Customized("custom_graph_optimizer", "maxpool_to_relu")'
  buffer_has_batchdim: false
  save_output: false
  output_file: out.pkl
  return_optimized_model: false
  output_additional_stats: true
  instance_id: 776
  dataset_output_dir: dataset
  min_stable_neurons_ratio_threshold: 0.0
model:
  name: null
  path: null
  onnx_path: /projects/air/dlverifier/vggnet16_all/onnx/vgg16-7.onnx
  onnx_path_prefix: ''
  cache_onnx_conversion: true
  debug_onnx: false
  onnx_quirks: null
  input_shape: null
  onnx_loader: default_onnx_and_vnnlib_loader
  onnx_optimization_flags: []
  onnx_vnnlib_joint_optimization_flags: none
  check_optimized: false
  flatten_final_output: false
  optimize_graph: null
  with_jacobian: false
data:
  start: 0
  end: 10000
  select_instance: null
  num_outputs: 1000
  mean: 0.0
  std: 1.0
  pkl_path: null
  dataset: null
  data_filter_path: null
  data_idx_file: null
specification:
  type: lp
  robustness_type: verified-acc
  norm: .inf
  epsilon: null
  epsilon_min: 0.0
  vnnlib_path: /projects/air/dlverifier/vggnet16_all/vnnlib/n02090721_Irish_wolfhound_fix_mask_seg0_k50176_eps_0.0002.vnnlib
  vnnlib_path_prefix: ''
  rhs_offset: null
solver:
  batch_size: 1
  auto_enlarge_batch_size: false
  min_batch_size_ratio: 0.1
  use_float64_in_last_iteration: false
  early_stop_patience: 10
  start_save_best: 0.5
  bound_prop_method: forward+backward
  init_bound_prop_method: same
  prune_after_crown: false
  optimize_disjuncts_separately: false
  crown:
    batch_size: 16
    max_crown_size: 1000000000
    relu_option: adaptive
  alpha-crown:
    alpha: true
    lr_alpha: 0.1
    iteration: 100
    share_alphas: false
    lr_decay: 0.98
    full_conv_alpha: true
    max_coeff_mul: .inf
    matmul_share_alphas: false
    disable_optimization: []
    max_time: 1.0
  invprop:
    apply_output_constraints_to: []
    tighten_input_bounds: false
    best_of_oc_and_no_oc: false
    directly_optimize: []
    oc_lr: 0.1
    share_gammas: false
  beta-crown:
    lr_alpha: 0.01
    lr_beta: 0.05
    lr_decay: 0.98
    optimizer: adam
    iteration: 10
    beta: true
    beta_warmup: true
    enable_opt_interm_bounds: false
    all_node_split_LP: false
  forward:
    refine: false
    dynamic: true
    max_dim: 100
    reset_threshold: 1.0
  intermediate_refinement:
    enabled: false
    batch_size: 10
    opt_coeffs: false
    opt_bias: false
    lr: 0.05
    layers: [-1]
    max_domains: 1000
  multi_class:
    label_batch_size: 32
    skip_with_refined_bound: true
  mip:
    unstable_neuron_threshold: 0
    parallel_solvers: null
    solver_threads: 1
    refine_neuron_timeout: 15
    refine_neuron_time_percentage: 0.8
    early_stop: true
    adv_warmup: true
    mip_solver: gurobi
    skip_unsafe: false
    topk_filter: 1.0
    sliding_window: -1
    extra_constraint: false
    refine_neuron_timeout_increasement: 0
    timeout_neuron_percentage: 0.3
    remaining_timeout_threshold: 1
    remove_unstable_neurons: true
    lp_solver: false
bab:
  initial_max_domains: 1
  backing_up_max_domain: null
  max_domains: .inf
  decision_thresh: 0
  timeout: 1200.0
  timeout_scale: 1
  max_iterations: -1
  override_timeout: null
  get_upper_bound: false
  pruning_in_iteration: true
  pruning_in_iteration_ratio: 0.2
  sort_targets: false
  batched_domain_list: true
  optimized_interm: ''
  interm_transfer: true
  recompute_interm: false
  sort_domain_interval: -1
  vanilla_crown: false
  tree_traversal: depth_first
  cut:
    enabled: false
    cuts_path: /tmp/abcrown_cuts
    implication: false
    bab_cut: false
    lp_cut: false
    method: null
    lr: 0.01
    lr_decay: 1.0
    iteration: 100
    bab_iteration: -1
    early_stop_patience: -1
    lr_beta: 0.02
    number_cuts: 50
    topk_cuts_in_filter: 1000
    batch_size_primal: 100
    max_num: 1000000000
    patches_cut: false
    cplex_cuts: false
    cplex_cuts_wait: 0
    cplex_cuts_revpickup: true
    cut_reference_bounds: true
    fix_intermediate_bounds: false
    _tmp_cuts: null
    fixed_cuts: false
    add_implied_cuts: false
    add_input_cuts: false
    biccos:
      enabled: false
      constraint_strengthening: true
      recursively_strengthening: false
      drop_ratio: 0.5
      verified_bonus: 0.3
      max_infer_iter: 20
      heuristic: neuron_influence_score
      save_biccos_cuts: false
      multi_tree_branching:
        enabled: false
        restore_best_tree: false
        keep_n_best_domains: 1
        k_splits: 1
        iterations: 1
  branching:
    method: sb
    candidates: 3
    reduceop: min
    enable_intermediate_bound_opt: false
    branching_input_and_activation: false
    branching_input_and_activation_order: [input, relu]
    branching_input_iterations: 30
    branching_relu_iterations: 50
    gnn_path: ''
    neural_heuristic:
      model_path: ''
    rl:
      experiment: general
      eval: false
      extras: []
      logging:
        color: true
        debug: true
        file: rl-experiment.log
      pnet:
        gH: 64
        tH: 64
        nheads: 64
        nlayers: 64
        useDynamicGraph: true
        bidirectional: false
        GAT: true
      training:
        gamma: 0.99
        lr: 0.001
        batchSize: 8
        loop: 8
        totalEpochs: 10
        updatePolicyFrequency: 10
        updateTargetFrequency: 10
        buffer: buffer.pkl
        preparedBuffer: 'False'
        TestingPreparedBuffer: false
        scriptTraining: false
        policynet: policy-checkpoint.pt
        targetnet: target-checkpoint.pt
        datasetShuffle: true
        targetedData: all
        splitRatio: 0.8
        maxInstances: -1
        trainingMode: full
        reward:
          norm: null
          bonus: 10.0
          penalty: -1.0
      egreedy:
        epsilon: 0.1
        epsilonDecay: 0.1
        minEpsilon: 0.1
        ePath: epsilon.pt
        enabled: true
      expert:
        useExpertUntilEpisode: 0.1
        enabled: true
        learnToImitateExpertEpochs: 10
    nonlinear_split:
      method: shortcut
      branching_point_method: uniform
      num_branches: 2
      filter: false
      filter_beta: false
      filter_clamp: false
      filter_batch_size: 10000
      filter_iterations: 25
      relu_only: false
      loose_tanh_threshold: null
      dynamic_bbps: false
      dynamic_options: [uniform, three_left, three_right]
      branching_point_node: ''
      branching_point_db: []
    input_split:
      enable_clip_domains: false
      split_hint: null
      reorder_bab: false
      enable: true
      enhanced_bound_prop_method: alpha-crown
      enhanced_branching_method: naive
      enhanced_bound_patience: 100000000.0
      attack_patience: 100000000.0
      adv_check: 0
      split_partitions: 2
      sb_margin_weight: 1.0
      sb_sum: false
      sb_primary_spec: null
      bf_backup_thresh: -1
      bf_rhs_offset: 0
      bf_iters: 1000000000.0
      bf_batch_size: 100000
      bf_zero_crossing_score: false
      touch_zero_score: 0
      ibp_enhancement: false
      catch_assertion: false
      compare_with_old_bounds: false
      update_rhs_with_attack: false
      sb_coeff_thresh: 0.001
      sort_index: null
      sort_descending: true
      show_progress: false
      presplit_domains: null
      skip_getting_worst_domain: false
  attack:
    enabled: false
    beam_candidates: 8
    beam_depth: 7
    max_dive_fix_ratio: 0.8
    min_local_free_ratio: 0.2
    mip_start_iteration: 5
    mip_timeout: 30.0
    adv_pool_threshold: null
    refined_mip_attacker: false
    refined_batch_size: null
attack:
  pgd_order: input_bab
  pgd_steps: 100
  pgd_restarts: 30
  pgd_batch_size: 100000000
  pgd_early_stop: true
  pgd_lr_decay: 0.99
  pgd_alpha: auto
  pgd_alpha_scale: false
  pgd_loss_mode: null
  pgd_restart_when_stuck: false
  enable_mip_attack: false
  adv_saver: default_adv_saver
  adv_verifier: default_adv_verifier
  early_stop_condition: default_early_stop_condition
  adv_example_finalizer: default_adv_example_finalizer
  pgd_loss: default_pgd_loss
  cex_path: ./test_cex.txt
  attack_mode: PGD
  attack_tolerance: 0.0
  attack_func: attack_with_general_specs
  gama_lambda: 10.0
  gama_decay: 0.9
  check_clean: true
  input_split:
    pgd_steps: 100
    pgd_restarts: 30
    pgd_alpha: auto
  input_split_enhanced:
    pgd_steps: 200
    pgd_restarts: 500000
    pgd_alpha: auto
  input_split_check_adv:
    enabled: auto
    pgd_steps: 5
    pgd_restarts: 5
    pgd_alpha: auto
    max_num_domains: 10
debug:
  sanity_check: Full+Graph
  view_model: false
  lp_test: null
  rescale_vnnlib_ptb: null
  test_optimized_bounds: false
  test_optimized_bounds_after_n_iterations: 0
  print_verbose_decisions: false

Experiments at Thu Feb 19 08:46:21 2026 on d1026
Internal results will be saved to results/vggnet16_all_p_4/result_776.rank0.txt.

[ZRL] %%%%%%%%%%%%%%%%%%%%%%%%%%%%%%%%%%% idx: 0, vnnlib ID: 0 %%%%%%%%%%%%%%%%%%%%%%%%%%%%%%%%%%%
Using onnx /projects/air/dlverifier/vggnet16_all/onnx/vgg16-7.onnx
Using vnnlib /projects/air/dlverifier/vggnet16_all/vnnlib/n02090721_Irish_wolfhound_fix_mask_seg0_k50176_eps_0.0002.vnnlib
150528 inputs and 1000 outputs in vnnlib
Loading cached onnx model from /projects/air/dlverifier/vggnet16_all/onnx/vgg16-7.onnx.cached
Cannot read cached onnx file. Regenerating...
Loading onnx /projects/air/dlverifier/vggnet16_all/onnx/vgg16-7.onnx with quirks {}
Finished onnx model loading in 36.8209 seconds
Number of perturbed inputs: 12792
WARNING: prioritizing attack due to too many perturbed pixels on VGG
Setting arguments.Config["attack"]["pgd_order"] to "before"
Setting bound_prop_method to crown
Attack parameters: initialization=uniform, steps=100, restarts=30, alpha=5.000084638595581e-05, initialization=uniform, GAMA=False
Model output of first 5 examples:
 tensor([[ 1.04841626e+00,  2.06702948e+00,  1.09783721e+00,  1.12288201e+00,
          1.32237649e+00,  1.78087616e+00,  2.02228856e+00, -1.33932936e+00,
         -9.34227884e-01, -5.16535878e-01, -1.10908437e+00,  3.98890167e-01,
         -1.86851010e-01, -4.28034902e-01,  6.12776577e-01,  3.99405211e-01,
         -6.88385785e-01, -7.47176349e-01, -8.81155133e-02, -6.38609409e-01,
         -1.45150453e-01,  8.04878235e-01,  1.29130948e+00, -4.18406129e-02,
          5.27139425e-01, -1.40129519e+00, -2.91991606e-02, -7.69551635e-01,
         -1.72836423e+00,  6.30796134e-01, -1.19846606e+00,  8.31612587e-01,
         -9.04494464e-01, -2.44698510e-01, -3.72476667e-01, -8.30604136e-01,
          8.32296789e-01, -1.54462540e+00, -1.87428474e-01, -1.07655621e+00,
          9.79077280e-01, -1.29397106e+00, -1.74308062e+00, -1.25649440e+00,
         -5.64032674e-01, -1.05319524e+00,  1.38925374e+00, -8.50888073e-01,
         -8.57981205e-01,  2.63409257e-01,  1.57935929e+00, -2.08044982e+00,
         -1.60624072e-01,  1.42617181e-01, -1.00066388e+00,  9.73762646e-02,
         -1.13942766e+00, -1.49697948e+00,  6.67936921e-01,  2.43450195e-01,
          3.12171787e-01, -8.48199487e-01, -1.42098188e+00,  1.30401149e-01,
          8.15625548e-01,  8.57550144e-01, -7.91928589e-01,  1.73909873e-01,
         -1.30269384e+00, -1.15134585e+00,  2.96281695e-01,  2.64549524e-01,
         -3.43469083e-01,  3.86803269e-01,  1.65325120e-01,  6.03511810e-01,
          2.17951506e-01,  1.20489383e+00,  8.82493496e-01,  1.08442569e+00,
         -1.50570810e-01, -1.32069433e+00, -3.95295799e-01, -9.65249181e-01,
         -4.79075797e-02, -3.23501319e-01, -8.13810706e-01,  3.84021312e-01,
          2.24855557e-01,  1.52900100e-01, -2.40801215e-01, -1.61370683e+00,
          4.24468726e-01,  3.85346681e-01,  8.39882493e-01, -1.58088267e+00,
          9.90889013e-01,  1.21901751e-01,  4.78408873e-01,  1.02759504e+00,
          1.85437775e+00, -8.44623864e-01, -2.03725338e+00,  1.64002359e+00,
          4.05474380e-02, -1.37157083e+00, -4.43854928e-02,  1.08433914e+00,
         -7.90048540e-01, -6.76596403e-01,  2.04628348e-01,  2.93847299e+00,
          1.33996099e-01,  5.67879200e-01,  4.04879689e-01, -1.25103486e+00,
         -1.29150772e+00,  3.41551185e-01, -1.24708724e+00, -2.03626680e+00,
         -2.12764144e+00, -2.44092846e+00, -2.09984899e+00, -2.15008307e+00,
         -1.42314458e+00, -1.67757034e+00,  6.58292413e-01,  1.06489539e+00,
          1.14384890e+00,  1.91552961e+00,  1.23588824e+00,  7.70718575e-01,
          2.42401004e+00,  5.11511564e-01,  1.03597951e+00, -1.43982425e-01,
         -1.67312562e-01,  1.00781727e+00,  4.00927216e-01, -1.64655936e+00,
         -1.67302322e+00,  4.18755978e-01, -3.82861674e-01, -1.03638142e-01,
          1.69835508e-01,  4.38501358e-01, -9.24252868e-02,  1.33709037e+00,
          8.51669967e-01,  2.43681073e+00,  1.49818435e-01,  1.15314150e+00,
         -4.80549753e-01,  1.71431780e+00,  7.82583356e-01,  4.00974989e-01,
         -1.28886029e-01,  4.22330916e-01, -5.26456714e-01, -3.58639091e-01,
          7.96238855e-02,  4.40726995e-01,  1.15307498e+00,  1.27229616e-01,
         -5.25594771e-01, -7.44796276e-01, -8.90048146e-01, -9.10658121e-01,
          2.47757360e-02,  3.31844300e-01,  2.18917832e-01,  7.19394088e-02,
         -4.21575189e-01,  4.94391888e-01,  2.67710596e-01,  1.54672995e-01,
         -4.37967211e-01, -3.37538809e-01,  1.46655333e+00, -7.20633268e-01,
         -4.13566321e-01,  6.18215621e-01,  5.72065413e-01,  1.58946842e-01,
          6.68413758e-01,  2.93850392e-01,  7.60282993e-01,  1.23892784e+00,
          1.79418042e-01,  3.22540194e-01,  9.52509761e-01,  1.26236451e+00,
          6.94086850e-01,  6.18317604e-01,  4.51832503e-01,  1.17565620e+00,
          8.24497759e-01, -4.97575045e-01, -3.89265954e-01,  1.24394083e+00,
          5.99547982e-01,  4.21265662e-01,  6.87902451e-01,  2.19907856e+00,
          1.04659963e+00, -1.54591084e-01, -9.46084738e-01,  8.48017573e-01,
          7.10781395e-01,  8.09923232e-01, -1.37656200e+00,  3.03806782e-01,
          8.86848032e-01,  1.12304986e-01, -3.31060410e-01, -1.01086348e-01,
          6.71431363e-01,  2.01851934e-01,  7.40691349e-02,  8.16995263e-01,
          4.14990574e-01, -2.25701943e-01,  5.85538328e-01,  6.35855734e-01,
          7.61703730e-01,  1.54794827e-02,  1.38550028e-01, -1.82953700e-01,
         -5.84819674e-01,  1.59754622e+00, -7.11412206e-02,  5.76572597e-01,
         -3.02324176e-01,  1.09036854e-02,  2.65468135e-02,  8.40097129e-01,
         -3.09533238e-01,  1.95857555e-01, -3.43779564e-01,  1.50321960e-01,
         -2.27521986e-01, -4.11995202e-01,  5.85869372e-01, -6.90313935e-01,
         -5.79296172e-01,  1.07357538e+00, -5.62276661e-01, -3.27507965e-02,
          7.89481282e-01,  7.20355511e-01,  6.62498713e-01, -7.16749668e-01,
          1.85846016e-01,  4.06942159e-01,  1.47081137e+00, -7.33713865e-01,
         -5.13374627e-01,  1.18795764e+00,  1.21086466e+00,  1.60866928e+00,
          1.40116215e+00,  3.32886964e-01, -8.18780124e-01,  8.42941701e-01,
          2.11467624e-01,  1.37608588e+00,  3.78790557e-01,  1.44554138e-01,
         -1.50065005e+00,  1.22280824e+00,  1.93047059e+00,  8.80282760e-01,
          1.20015097e+00,  1.34700382e+00,  2.20987737e-01, -8.41701627e-02,
          4.01400685e-01,  1.31880844e+00,  7.22867027e-02,  1.76156175e+00,
          8.43605161e-01,  2.32194471e+00,  2.71703315e+00,  3.00831747e+00,
          2.83558226e+00,  1.54919708e+00,  5.06905735e-01,  1.34696674e+00,
         -3.55551928e-01, -1.28219783e-01, -5.10631740e-01,  2.36697972e-01,
          2.48533651e-01,  2.77225226e-01,  3.42863321e-01,  8.73809755e-02,
          2.60158467e+00, -1.04291588e-01, -5.34663737e-01, -9.82420519e-02,
         -1.99863458e+00,  3.91385555e-01, -1.34293985e+00, -1.04272747e+00,
         -1.18944776e+00, -2.17410374e+00, -8.51742625e-01, -5.33351541e-01,
          3.93786728e-01, -1.16877830e+00,  1.24519837e+00,  3.83961499e-01,
         -4.91794467e-01,  1.08729434e+00,  5.48384666e-01,  2.92870402e-01,
          8.84554237e-02, -5.25283813e-01,  1.54183698e+00,  7.34130502e-01,
          3.01174652e-02, -2.35572004e+00, -1.60914826e+00, -2.02347875e+00,
         -1.32123375e+00, -1.70693171e+00, -1.76612580e+00,  6.83341734e-03,
         -1.79345965e+00, -1.58196092e+00,  1.27147555e+00,  1.90809536e+00,
          2.71118498e+00,  8.01773310e-01, -4.54504788e-01, -2.54682332e-01,
         -1.64157915e+00,  1.22681844e+00,  5.49645185e-01, -1.79095495e+00,
         -7.14995503e-01,  1.47073388e-01, -4.11438346e-01, -1.03831136e+00,
          5.33989608e-01, -9.38632429e-01, -1.04771316e+00, -2.42222399e-01,
         -1.81428719e+00, -1.19797075e+00, -1.33277404e+00, -9.00407851e-01,
         -5.55333555e-01, -5.47250688e-01, -1.38589954e+00, -8.29122901e-01,
          7.19512582e-01,  1.84106380e-01,  4.91237700e-01,  7.69635856e-01,
          6.76950812e-01,  6.15933597e-01,  1.01987958e+00, -5.84591143e-02,
         -8.62446308e-01,  2.29518548e-01,  5.04971981e-01,  3.04453094e-02,
          4.59638804e-01, -4.50593114e-01,  4.86010164e-02, -6.20909572e-01,
          8.01815033e-01,  8.24344993e-01,  4.37255025e-01, -8.81389320e-01,
          3.97642702e-01,  2.38435835e-01,  6.33179009e-01, -4.68650073e-01,
          6.56517029e-01, -1.68257266e-01,  3.69544804e-01,  3.66162555e-03,
         -2.67624825e-01, -2.07889527e-01, -6.88671529e-01, -1.35016191e+00,
         -9.81783032e-01,  1.06632829e+00,  2.15414420e-01,  1.28481257e+00,
          5.57055585e-02, -1.24558878e+00,  5.30804515e-01,  1.42353094e+00,
         -1.16923344e+00, -7.67111033e-02, -9.76107359e-01,  4.41777945e-01,
         -1.07663774e+00, -1.45843792e+00,  1.64022982e-01, -7.67997086e-01,
         -5.89534879e-01,  6.72314823e-01, -1.39469647e+00, -6.32172048e-01,
         -1.58997023e+00,  1.91664267e+00, -1.32918227e+00,  1.76874912e+00,
          5.54747999e-01,  5.89504242e-01,  1.02466011e+00, -2.27278137e+00,
          1.40740478e+00,  1.11452651e+00,  1.52110624e+00,  1.73824036e+00,
         -1.10867880e-02,  1.07768528e-01, -5.11149943e-01, -1.59498918e+00,
         -6.89404249e-01,  5.29212892e-01,  2.27858186e-01, -9.85763371e-01,
         -6.36488676e-01, -2.75341958e-01, -1.16411519e+00, -4.37912256e-01,
         -3.52207392e-01,  1.35431945e+00,  1.50891972e+00,  7.14855492e-01,
         -7.50615537e-01,  2.45650560e-01,  1.46836913e+00,  5.54061159e-02,
         -5.67764044e-03,  1.50114250e+00, -3.02488476e-01,  2.21989346e+00,
         -1.55274856e+00, -4.24734503e-01,  2.85933137e+00, -4.63554859e-01,
         -1.76030487e-01,  1.20500520e-01, -1.38093042e+00, -6.14423491e-02,
          2.16950551e-01, -5.22946477e-01, -1.82890296e+00, -2.60300815e-01,
         -2.40734026e-01,  7.08655059e-01, -3.46421182e-01,  5.25474072e-01,
         -7.88560212e-01, -5.67533225e-02,  1.87900448e+00,  7.15582818e-03,
          7.62693644e-01,  1.80764747e+00, -1.44002008e+00, -2.61006784e+00,
          3.85600746e-01, -1.96035132e-01,  4.88402188e-01, -1.33931708e+00,
          3.27845663e-02,  1.86983377e-01, -5.67984581e-01,  1.11009789e+00,
         -1.38532782e+00, -8.36416960e-01,  1.02084987e-02, -1.30918384e+00,
          2.75290155e+00,  5.72420657e-01, -3.30075175e-01, -3.50017160e-01,
         -2.14953288e-01,  4.61244613e-01, -3.88132155e-01,  1.55814254e+00,
         -8.31475258e-01,  2.00047269e-01,  1.40770733e-01, -1.43300498e+00,
          1.09113157e-01, -7.22552359e-01,  1.43722028e-01, -7.54250824e-01,
          8.42961550e-01,  4.90809202e-01, -3.17792237e-01,  2.07362223e+00,
         -2.78901219e+00,  6.69061124e-01, -1.19025230e+00, -5.20393364e-02,
         -8.35775211e-03, -3.91590804e-01, -1.87840617e+00,  5.65754712e-01,
          1.07106698e+00, -3.09532571e+00, -5.25867462e-01, -1.53705442e+00,
         -5.57725906e-01, -5.46876788e-01, -8.55974197e-01, -4.20363277e-01,
         -1.76320744e+00,  1.46180674e-01, -8.23091626e-01, -7.02823639e-01,
         -9.30623412e-01, -1.00141060e+00, -1.04329658e+00, -4.72974211e-01,
         -5.50800323e-01, -2.80056834e-01, -7.50897765e-01,  4.92082775e-01,
         -8.68337333e-01,  1.01035750e+00,  1.68683755e+00,  4.69805807e-01,
         -1.07297146e+00,  4.07973714e-02,  1.94954562e+00, -2.40225005e+00,
         -1.47549450e+00, -6.97730422e-01,  3.06994796e-01,  2.89269328e+00,
         -1.06392950e-01, -2.09698939e+00,  9.95441318e-01, -4.85253930e-01,
         -1.38592815e+00,  7.43109174e-03, -2.80966848e-01, -2.55018425e+00,
          7.08571263e-03,  3.02224755e+00, -2.13346386e+00, -1.13677967e+00,
          1.16311526e+00,  9.36393142e-01,  6.03251636e-01, -8.51636469e-01,
          3.19944334e+00,  1.75723064e+00,  3.39062989e-01,  8.17548931e-02,
         -1.16471004e+00, -7.95847237e-01,  2.36208558e+00,  5.94763935e-01,
         -1.03791118e+00,  2.03666419e-01, -7.25238502e-01, -3.18259388e-01,
          6.86454296e-01, -1.79575658e+00,  3.30527872e-02, -8.53463709e-01,
          7.82638848e-01, -7.85489619e-01,  1.17524707e+00, -6.24635577e-01,
         -1.52390146e+00,  4.09631908e-01,  5.81755519e-01, -7.02004433e-01,
          3.28681141e-01, -9.20316160e-01, -2.68573070e+00, -6.78230941e-01,
          3.91243279e-01,  1.81456685e-01, -1.15457511e+00,  8.82711291e-01,
          1.13791239e+00, -1.57491073e-01,  2.95813620e-01,  3.77371216e+00,
         -4.42217469e-01,  4.38274950e-01, -1.30766809e+00, -8.64969373e-01,
          1.34236491e+00,  8.94526690e-02,  7.49941409e-01,  4.78882849e-01,
          1.31621563e+00,  4.75350171e-02,  1.46231651e+00, -2.31004381e+00,
          5.94180584e-01,  1.68168688e+00,  3.83145779e-01, -2.98140675e-01,
          1.48487842e+00, -7.57960081e-01,  1.84373808e+00,  6.53121114e-01,
         -1.54382300e+00, -3.14526230e-01, -2.81331539e-01,  9.70178843e-01,
          1.13533056e+00,  3.43515813e-01,  1.32070327e+00,  2.62677836e+00,
          2.30786824e+00,  5.22880018e-01,  6.57614470e-01,  1.39442980e+00,
         -1.40541685e+00, -1.07891834e+00,  1.34710312e+00, -4.29136246e-01,
         -1.36749268e+00,  5.15277803e-01, -5.84046304e-01,  1.32766992e-01,
          2.54015183e+00, -2.67650276e-01, -2.74039006e+00, -6.48670793e-01,
          2.08544779e+00,  2.97090441e-01,  2.24555060e-02, -1.30440786e-01,
         -9.21662033e-01, -4.53841418e-01, -1.50388706e+00,  1.78592280e-03,
          1.32890451e+00, -2.42185545e+00,  1.55281976e-01,  7.45318770e-01,
          3.71039689e-01, -6.81816041e-01,  1.34435177e+00,  2.22543287e+00,
         -4.86287713e-01, -6.18137002e-01, -5.54649234e-01,  8.29997897e-01,
         -8.10872555e-01,  1.70605171e+00, -2.50777841e-01,  3.14876646e-01,
         -3.54706585e-01, -2.42215872e+00,  7.54794359e-01, -1.40446579e+00,
          2.61598992e+00, -1.50631678e+00, -1.18655205e+00, -3.56235266e-01,
         -5.25972009e-01,  2.47226954e+00, -1.33334112e+00, -1.36612618e+00,
          6.26171291e-01,  8.89700949e-01,  6.20564483e-02, -9.28200483e-01,
         -6.78319275e-01,  5.24208486e-01,  1.37414813e-01, -1.09349203e+00,
          1.29369044e+00,  1.47101367e+00, -3.79718021e-02,  2.85918087e-01,
         -3.77980292e-01,  2.87253439e-01, -1.17059124e+00, -2.85190368e+00,
          1.80322111e+00, -6.05828524e-01, -3.66633105e+00, -1.32588789e-01,
          1.53144526e+00,  9.48167980e-01, -6.29361749e-01,  6.06424391e-01,
          1.15528023e+00, -2.25137427e-01, -1.28718519e+00, -4.27497447e-01,
          1.79428363e+00,  1.56320107e+00,  1.72906831e-01, -6.74252272e-01,
          1.14254224e+00, -1.71023881e+00, -1.43833923e+00,  5.88367879e-01,
         -5.05832970e-01,  1.46473765e+00, -3.49838763e-01,  8.87373030e-01,
          1.25048316e+00,  1.80366248e-01,  2.39207581e-01, -7.21500874e-01,
         -3.21448565e-01, -1.73615789e+00,  3.36573333e-01, -2.03148723e-01,
         -7.06064887e-03,  1.92746270e+00,  1.83949077e+00, -1.59359872e-01,
         -1.42888939e+00,  1.11630177e+00, -1.46335816e+00,  8.55573773e-01,
          1.82782638e+00, -1.63358438e+00, -1.89241648e+00,  1.31034327e+00,
         -1.53194860e-01,  1.04757798e+00, -1.41244173e+00,  2.59592474e-01,
          3.37670624e-01,  7.07880676e-01, -4.44732279e-01, -2.47290874e+00,
         -9.42436278e-01,  2.57812524e+00, -7.23102450e-01, -6.26467705e-01,
          1.63321269e+00,  2.77062297e-01, -4.67318296e-02,  1.00447488e+00,
          1.06214333e+00,  1.30927467e+00,  1.17091584e+00, -6.50851369e-01,
          1.52833283e+00,  1.72929990e+00,  6.86531216e-02, -1.10813594e+00,
          1.71117522e-02, -1.21571088e+00, -5.14708638e-01, -1.17759153e-01,
          9.94503796e-01,  1.54129088e+00, -2.47067690e+00,  1.09869206e+00,
          1.10898972e+00, -9.61047292e-01, -8.69057655e-01,  9.61420000e-01,
         -1.20284474e+00,  1.38544106e+00, -1.05966389e+00,  7.13298142e-01,
          1.23635077e+00,  1.06939459e+00, -9.24543500e-01,  1.00538313e-01,
          5.79850435e-01,  5.51445901e-01,  1.81172386e-01, -7.66403615e-01,
         -5.63002110e-01,  4.59514290e-01,  2.81899023e+00,  6.64983928e-01,
          1.70195568e+00,  3.87714505e-01, -1.72605538e+00, -2.02688873e-01,
         -1.63234341e+00,  1.47802341e+00, -2.00984746e-01,  5.30160546e-01,
          1.21125722e+00,  8.75342488e-01,  3.61300325e+00,  2.14021862e-01,
          7.80163527e-01,  1.48970759e+00,  6.12404704e-01,  2.07825994e+00,
         -6.13948345e-01,  5.25730811e-02, -2.45627418e-01,  3.69700074e-01,
          4.37349260e-01,  1.47272617e-01, -2.14829534e-01, -4.26680565e-01,
         -1.40270638e+00, -2.70480871e-01,  3.43917787e-01,  6.44929826e-01,
          1.04456377e+00,  5.39657950e-01,  1.44628197e-01,  9.14965987e-01,
          4.92621154e-01, -1.34628999e+00,  1.70891762e+00,  1.02090526e+00,
         -1.31511986e+00, -1.56319559e+00, -1.29017556e+00, -1.03639448e+00,
          3.62201452e-01, -1.14990377e+00,  3.46798211e-01, -2.76596874e-01,
          1.37380004e+00, -1.42272305e+00, -9.71728384e-01,  6.64395690e-01,
         -9.16896522e-01, -1.17274821e-01,  6.67325675e-01, -2.06561899e+00,
         -6.06588125e-01,  6.29915670e-02,  5.13806902e-02, -2.28989452e-01,
          1.22160184e+00,  2.73767114e-01,  1.09542596e+00,  3.75983506e-01,
          2.34306359e+00,  1.89809275e+00,  1.06277537e+00, -1.17925489e+00,
         -8.40982199e-02, -6.62880301e-01,  1.40607283e-01,  3.47466850e+00,
          2.10112500e+00, -1.34189701e+00,  1.13812113e+00,  1.10648227e+00,
         -3.63545561e+00, -1.20997000e+00, -1.04253685e+00, -5.73133767e-01,
         -1.73959637e+00,  1.98713392e-01, -6.03435159e-01, -9.46853459e-01,
         -1.99606812e+00, -2.63290882e+00, -9.90055561e-01, -5.99220932e-01,
          2.21691465e+00, -5.90447299e-02, -5.72024167e-01,  2.33345091e-01,
          5.83248913e-01, -5.18829823e-01, -2.14904881e+00,  3.90974656e-02,
          5.62728226e-01,  2.39013582e-01, -1.72165716e+00,  2.29543471e+00,
          6.98514283e-03, -1.06996429e+00,  2.84058630e-01,  9.31049943e-01,
         -5.50327241e-01,  3.28833985e+00,  2.79638529e-01, -1.55958042e-01,
         -1.28267616e-01, -1.85274661e-01, -1.32364047e+00, -1.54350412e+00,
          2.83442044e+00,  1.18707681e+00,  1.26440406e+00, -6.97093964e-01,
          3.75954181e-01,  6.14008307e-01,  1.60837173e+00,  1.08660482e-01,
         -3.09056699e-01, -9.66506660e-01,  5.50431311e-01,  1.12896597e+00,
          6.63082409e+00,  4.18809175e+00,  6.50262654e-01, -3.16665113e-01,
          8.74588251e-01, -4.74742919e-01, -1.74215347e-01,  2.66379261e+00,
         -1.93805420e+00, -7.29469001e-01, -4.29369926e-01, -8.85204375e-01,
          9.66211677e-01, -5.79840720e-01, -2.95080602e-01,  8.03693354e-01,
          7.17203021e-01,  2.40803170e+00, -4.41462517e-01, -1.88410866e+00,
         -2.34742022e+00,  3.05526070e-02, -2.22861052e+00, -2.11232924e+00,
         -1.78212380e+00,  6.99273527e-01, -1.56846523e+00, -1.11022985e+00,
         -1.33467090e+00, -2.23262978e+00, -1.93704355e+00, -1.44952929e+00,
         -1.30301404e+00, -9.64474320e-01, -1.17588055e+00, -2.48749897e-01,
         -1.39149308e+00, -1.34120476e+00, -6.44618034e-01, -7.32957646e-02,
         -2.79017329e+00,  1.01956554e-01, -2.44572568e+00, -9.02442455e-01,
          1.83908808e+00,  4.50429261e-01,  3.91124159e-01,  6.84253156e-01,
         -1.00123775e+00, -1.73094615e-01,  1.60719156e-01, -9.10165548e-01,
         -1.20803332e+00, -5.03071845e-01, -4.37042087e-01, -2.63745856e+00,
         -2.74437475e+00, -4.95257080e-01, -2.43530560e+00, -1.97620308e+00,
         -1.99989450e+00, -1.69417608e+00,  4.94258821e-01, -1.08773506e+00,
          4.77776855e-01, -6.01479650e-01, -1.50586271e+00,  2.47382188e+00,
         -7.87939250e-01,  7.37080202e-02,  2.20494056e+00,  1.88721752e+00,
         -1.02795351e+00,  1.17253864e+00,  2.96779312e-02, -1.23573303e+00,
          8.85840774e-01,  6.69486046e-01, -3.14771891e-01,  6.96070269e-02,
          1.39914244e-01,  6.09132797e-02, -8.50316226e-01,  6.49076998e-02,
         -7.14467883e-01,  4.22704667e-02, -1.33177245e+00, -1.64320648e+00,
         -1.14763331e+00, -2.93333983e+00, -2.78259563e+00, -1.75456023e+00,
         -1.88460636e+00, -2.05292487e+00,  1.23471834e-01,  1.47609639e+00]],
       device='cuda:0')
Adv example prediction (first 2 examples and 2 restarts):
 tensor([[[ 1.04375112e+00,  2.06660914e+00,  1.09508145e+00,  1.12049627e+00,
           1.32043111e+00,  1.77069592e+00,  2.01432300e+00, -1.34303272e+00,
          -9.39839303e-01, -5.15629768e-01, -1.10607946e+00,  4.01922494e-01,
          -1.85062394e-01, -4.24620897e-01,  6.18038058e-01,  4.01864976e-01,
          -6.83772624e-01, -7.45188951e-01, -8.32685083e-02, -6.35663033e-01,
          -1.40747368e-01,  8.05881262e-01,  1.29188550e+00, -4.14478704e-02,
           5.29234409e-01, -1.39551914e+00, -2.58147791e-02, -7.67452776e-01,
          -1.72357941e+00,  6.27938807e-01, -1.19424534e+00,  8.34123969e-01,
          -9.01088893e-01, -2.46223718e-01, -3.70960444e-01, -8.26004684e-01,
           8.36757004e-01, -1.54214621e+00, -1.87935397e-01, -1.07461321e+00,
           9.80204105e-01, -1.29431760e+00, -1.74171126e+00, -1.25434577e+00,
          -5.61804354e-01, -1.05087459e+00,  1.38952243e+00, -8.50381434e-01,
          -8.59296203e-01,  2.70596147e-01,  1.58618152e+00, -2.08298254e+00,
          -1.61599323e-01,  1.45610079e-01, -9.98755634e-01,  9.82951894e-02,
          -1.13658822e+00, -1.49203539e+00,  6.72470093e-01,  2.45908678e-01,
           3.13683540e-01, -8.47131371e-01, -1.41867292e+00,  1.27886668e-01,
           8.15799356e-01,  8.58438492e-01, -7.94369042e-01,  1.76176995e-01,
          -1.30287504e+00, -1.15456378e+00,  2.94519067e-01,  2.66983658e-01,
          -3.37153077e-01,  3.90627682e-01,  1.69509664e-01,  6.05511069e-01,
           2.19883740e-01,  1.20703185e+00,  8.77563894e-01,  1.08475578e+00,
          -1.46697640e-01, -1.32331264e+00, -3.95256281e-01, -9.67065275e-01,
          -4.84557934e-02, -3.22002888e-01, -8.15242410e-01,  3.82594913e-01,
           2.26597801e-01,  1.48308396e-01, -2.38675132e-01, -1.60903549e+00,
           4.28550243e-01,  3.87949169e-01,  8.41924191e-01, -1.57592404e+00,
           9.92552876e-01,  1.22566767e-01,  4.84317899e-01,  1.02651846e+00,
           1.85877740e+00, -8.43287170e-01, -2.04002380e+00,  1.64312804e+00,
           3.45582440e-02, -1.37300217e+00, -5.28250039e-02,  1.07908690e+00,
          -7.92241573e-01, -6.79577351e-01,  1.99547052e-01,  2.93865275e+00,
           1.27269432e-01,  5.66153586e-01,  4.02147859e-01, -1.25393450e+00,
          -1.29322219e+00,  3.35524589e-01, -1.24465978e+00, -2.03340816e+00,
          -2.12408257e+00, -2.43647981e+00, -2.09655023e+00, -2.15002084e+00,
          -1.42193985e+00, -1.67884314e+00,  6.55017376e-01,  1.06507516e+00,
           1.14954400e+00,  1.91621566e+00,  1.23631907e+00,  7.75240064e-01,
           2.42623019e+00,  5.14757514e-01,  1.03916192e+00, -1.37066498e-01,
          -1.63297236e-01,  1.01341820e+00,  3.99931282e-01, -1.64078259e+00,
          -1.67042112e+00,  4.25246030e-01, -3.77274364e-01, -9.87839103e-02,
           1.73194259e-01,  4.37316626e-01, -9.24078673e-02,  1.34291995e+00,
           8.54943871e-01,  2.42726016e+00,  1.45546049e-01,  1.14168525e+00,
          -4.84863728e-01,  1.70485258e+00,  7.73839712e-01,  3.95399541e-01,
          -1.34143725e-01,  4.16170388e-01, -5.32404006e-01, -3.63093048e-01,
           7.35725090e-02,  4.35678840e-01,  1.14626217e+00,  1.22092478e-01,
          -5.25034547e-01, -7.43784666e-01, -8.92398000e-01, -9.14081395e-01,
           2.05788538e-02,  3.27474594e-01,  2.13570610e-01,  6.64797872e-02,
          -4.25668597e-01,  4.87117261e-01,  2.63167799e-01,  1.50139272e-01,
          -4.43671972e-01, -3.35823476e-01,  1.46208346e+00, -7.27792561e-01,
          -4.21381503e-01,  6.12312853e-01,  5.64279616e-01,  1.57074526e-01,
           6.62715614e-01,  2.85525590e-01,  7.49937773e-01,  1.23252416e+00,
           1.72492266e-01,  3.15414637e-01,  9.41639245e-01,  1.25783455e+00,
           6.85669363e-01,  6.09542847e-01,  4.42702025e-01,  1.17238700e+00,
           8.17692220e-01, -4.99098539e-01, -3.94264847e-01,  1.23510635e+00,
           5.94581068e-01,  4.13285851e-01,  6.77785575e-01,  2.19043565e+00,
           1.03920078e+00, -1.53593287e-01, -9.43962872e-01,  8.38748217e-01,
           7.02568114e-01,  8.05277705e-01, -1.37759447e+00,  2.99163699e-01,
           8.82709920e-01,  1.09079540e-01, -3.31288606e-01, -1.05704725e-01,
           6.62523866e-01,  2.00493991e-01,  6.90724030e-02,  8.07628274e-01,
           4.09675866e-01, -2.22996473e-01,  5.79532623e-01,  6.33110344e-01,
           7.61421382e-01,  9.09332186e-03,  1.33224532e-01, -1.88681677e-01,
          -5.89915097e-01,  1.59243798e+00, -7.68301636e-02,  5.71306646e-01,
          -3.02228600e-01,  9.03910305e-03,  2.54602507e-02,  8.34939778e-01,
          -3.11742067e-01,  1.91689610e-01, -3.47700953e-01,  1.49410293e-01,
          -2.28374600e-01, -4.11719114e-01,  5.80483317e-01, -6.97041333e-01,
          -5.81158757e-01,  1.06469691e+00, -5.67574561e-01, -3.65214460e-02,
           7.83096671e-01,  7.17875719e-01,  6.56310439e-01, -7.19446957e-01,
           1.84879020e-01,  4.00390953e-01,  1.46383834e+00, -7.37521946e-01,
          -5.13068974e-01,  1.18051708e+00,  1.20205379e+00,  1.59897363e+00,
           1.39135969e+00,  3.28246891e-01, -8.23913634e-01,  8.33731890e-01,
           2.06583351e-01,  1.36863017e+00,  3.71951133e-01,  1.41620860e-01,
          -1.50649011e+00,  1.21976614e+00,  1.92173469e+00,  8.76030266e-01,
           1.19757164e+00,  1.34113920e+00,  2.16681570e-01, -8.48199427e-02,
           3.96702081e-01,  1.31415629e+00,  6.85176626e-02,  1.75442362e+00,
           8.39388609e-01,  2.31394696e+00,  2.70774555e+00,  2.99792695e+00,
           2.82508326e+00,  1.54023135e+00,  4.98929113e-01,  1.33894956e+00,
          -3.56808633e-01, -1.29674256e-01, -5.11984289e-01,  2.31871337e-01,
           2.46065363e-01,  2.75016516e-01,  3.39247495e-01,  8.78579617e-02,
           2.59283519e+00, -1.02435037e-01, -5.39363503e-01, -1.02508649e-01,
          -1.99635792e+00,  3.92438561e-01, -1.33905292e+00, -1.03883481e+00,
          -1.18708611e+00, -2.17235327e+00, -8.49367738e-01, -5.28805733e-01,
           3.94775808e-01, -1.16654527e+00,  1.24505293e+00,  3.89107704e-01,
          -4.90155399e-01,  1.08911312e+00,  5.47145247e-01,  2.93894380e-01,
           8.79927725e-02, -5.23936152e-01,  1.53939664e+00,  7.38424420e-01,
           3.61430198e-02, -2.35292101e+00, -1.60960317e+00, -2.01943421e+00,
          -1.32247806e+00, -1.70908237e+00, -1.76322567e+00,  5.83036058e-03,
          -1.79430866e+00, -1.58234799e+00,  1.26329339e+00,  1.90233696e+00,
           2.69951820e+00,  7.91521966e-01, -4.58694726e-01, -2.58693546e-01,
          -1.64347696e+00,  1.22913873e+00,  5.39381802e-01, -1.79305351e+00,
          -7.13743806e-01,  1.39069825e-01, -4.13034379e-01, -1.03818476e+00,
           5.33664525e-01, -9.39933419e-01, -1.04529595e+00, -2.40787581e-01,
          -1.81655180e+00, -1.19752872e+00, -1.33486271e+00, -8.99723470e-01,
          -5.55877805e-01, -5.50563514e-01, -1.38742268e+00, -8.34047496e-01,
           7.12091684e-01,  1.81415617e-01,  4.84699517e-01,  7.60780334e-01,
           6.76029742e-01,  6.16373003e-01,  1.01556933e+00, -6.19121157e-02,
          -8.64660501e-01,  2.26572305e-01,  5.04639626e-01,  3.06939650e-02,
           4.57341909e-01, -4.48468864e-01,  4.67350632e-02, -6.26732826e-01,
           7.97043979e-01,  8.20782721e-01,  4.35800523e-01, -8.79921973e-01,
           3.94708753e-01,  2.34538108e-01,  6.30127847e-01, -4.69743282e-01,
           6.52910292e-01, -1.68445736e-01,  3.66444647e-01,  4.58414154e-03,
          -2.67345726e-01, -2.09331527e-01, -6.88331306e-01, -1.35260534e+00,
          -9.83727694e-01,  1.06728768e+00,  2.14875445e-01,  1.28415203e+00,
           5.36114685e-02, -1.24555564e+00,  5.31536520e-01,  1.42541432e+00,
          -1.16926694e+00, -8.22873265e-02, -9.72598970e-01,  4.42739755e-01,
          -1.07516384e+00, -1.45505047e+00,  1.63507342e-01, -7.62593567e-01,
          -5.83399296e-01,  6.75045609e-01, -1.38744593e+00, -6.27522171e-01,
          -1.58512509e+00,  1.91900289e+00, -1.32621193e+00,  1.76346385e+00,
           5.52560151e-01,  5.93153834e-01,  1.02154231e+00, -2.27136755e+00,
           1.40811598e+00,  1.11553919e+00,  1.52468693e+00,  1.73166144e+00,
          -1.01764314e-02,  1.10860728e-01, -5.08571744e-01, -1.59011936e+00,
          -6.86657131e-01,  5.31347871e-01,  2.30001897e-01, -9.84137654e-01,
          -6.33515954e-01, -2.77212799e-01, -1.16621673e+00, -4.39692229e-01,
          -3.48886251e-01,  1.34933996e+00,  1.50396740e+00,  7.17211187e-01,
          -7.48801291e-01,  2.50954151e-01,  1.47246337e+00,  5.56182787e-02,
          -3.45927477e-03,  1.50224960e+00, -2.98690319e-01,  2.21249485e+00,
          -1.54749048e+00, -4.24305141e-01,  2.85852766e+00, -4.59320456e-01,
          -1.73318624e-01,  1.30772248e-01, -1.37719452e+00, -6.22082986e-02,
           2.11186722e-01, -5.16984820e-01, -1.82477880e+00, -2.61419356e-01,
          -2.39930674e-01,  7.05512226e-01, -3.45729828e-01,  5.21501422e-01,
          -7.83448637e-01, -6.11012951e-02,  1.87780488e+00,  5.12276590e-03,
           7.60457575e-01,  1.80276418e+00, -1.43649900e+00, -2.60953999e+00,
           3.87244672e-01, -1.96568385e-01,  4.91688430e-01, -1.33372831e+00,
           3.80055606e-02,  1.89359635e-01, -5.72127283e-01,  1.11241055e+00,
          -1.38036978e+00, -8.33451927e-01,  7.51639530e-03, -1.30743837e+00,
           2.75242472e+00,  5.73465228e-01, -3.29327941e-01, -3.42956483e-01,
          -2.13305607e-01,  4.62580830e-01, -3.84065926e-01,  1.55761540e+00,
          -8.26510310e-01,  1.99466929e-01,  1.39009833e-01, -1.43009365e+00,
           1.08729273e-01, -7.16856718e-01,  1.49052829e-01, -7.45230138e-01,
           8.36022854e-01,  4.94166553e-01, -3.14162135e-01,  2.07235575e+00,
          -2.78410840e+00,  6.69048965e-01, -1.19256520e+00, -4.90594320e-02,
          -6.69528916e-03, -3.88447732e-01, -1.87826729e+00,  5.68073452e-01,
           1.06967390e+00, -3.08928180e+00, -5.19511223e-01, -1.53245890e+00,
          -5.52131832e-01, -5.44203401e-01, -8.57980907e-01, -4.24918592e-01,
          -1.76303434e+00,  1.53112561e-01, -8.19679439e-01, -7.02960610e-01,
          -9.28474486e-01, -9.96976912e-01, -1.04361212e+00, -4.70758379e-01,
          -5.54456174e-01, -2.76738077e-01, -7.43712425e-01,  4.96818781e-01,
          -8.65862310e-01,  1.00435102e+00,  1.68972898e+00,  4.69410211e-01,
          -1.06560242e+00,  3.85286845e-02,  1.95174396e+00, -2.40106249e+00,
          -1.46701348e+00, -6.94679797e-01,  3.06900471e-01,  2.88652992e+00,
          -9.89133567e-02, -2.09681320e+00,  9.94968235e-01, -4.86430764e-01,
          -1.38301635e+00,  6.43174537e-03, -2.79409677e-01, -2.54671669e+00,
           1.35189909e-02,  3.01930737e+00, -2.12783098e+00, -1.13788915e+00,
           1.15934956e+00,  9.40447450e-01,  6.05780363e-01, -8.46659362e-01,
           3.19983244e+00,  1.76062155e+00,  3.42252195e-01,  8.32628012e-02,
          -1.16361177e+00, -7.89120674e-01,  2.36705232e+00,  5.95427692e-01,
          -1.03416967e+00,  2.10094512e-01, -7.24939644e-01, -3.18797469e-01,
           6.82285011e-01, -1.79256403e+00,  3.25128585e-02, -8.50213170e-01,
           7.84891665e-01, -7.81271875e-01,  1.17323959e+00, -6.18587971e-01,
          -1.51624870e+00,  4.07906979e-01,  5.80902100e-01, -6.94566607e-01,
           3.33686650e-01, -9.18347538e-01, -2.68282914e+00, -6.73946679e-01,
           3.92253458e-01,  1.83274299e-01, -1.14996541e+00,  8.84533048e-01,
           1.13307631e+00, -1.58454522e-01,  2.96999931e-01,  3.77021408e+00,
          -4.39882964e-01,  4.38795894e-01, -1.30452907e+00, -8.61917138e-01,
           1.34054399e+00,  8.52646679e-02,  7.56180823e-01,  4.79676783e-01,
           1.31717503e+00,  4.36382517e-02,  1.46178436e+00, -2.30617332e+00,
           5.97281992e-01,  1.68204117e+00,  3.82473528e-01, -2.96221226e-01,
           1.48107290e+00, -7.53781140e-01,  1.83680236e+00,  6.54925346e-01,
          -1.53809619e+00, -3.14293057e-01, -2.81093985e-01,  9.66488361e-01,
           1.13492656e+00,  3.42126369e-01,  1.32050955e+00,  2.62831044e+00,
           2.30734801e+00,  5.23224056e-01,  6.58175051e-01,  1.39502788e+00,
          -1.39966404e+00, -1.07518184e+00,  1.34731889e+00, -4.26398873e-01,
          -1.36362851e+00,  5.16483784e-01, -5.86637974e-01,  1.32303104e-01,
           2.54112792e+00, -2.66685635e-01, -2.73605704e+00, -6.48533046e-01,
           2.07869101e+00,  2.98250049e-01,  2.01954320e-02, -1.31640121e-01,
          -9.25180376e-01, -4.54343379e-01, -1.49911106e+00, -3.25340405e-03,
           1.33109939e+00, -2.41732550e+00,  1.56153604e-01,  7.47008204e-01,
           3.79095614e-01, -6.81179464e-01,  1.34474921e+00,  2.22643447e+00,
          -4.84421968e-01, -6.16606116e-01, -5.52696407e-01,  8.28252792e-01,
          -8.07127774e-01,  1.70819795e+00, -2.56222248e-01,  3.15356106e-01,
          -3.47461939e-01, -2.41689038e+00,  7.54891813e-01, -1.40034997e+00,
           2.62016582e+00, -1.49913001e+00, -1.18650031e+00, -3.58998150e-01,
          -5.22041321e-01,  2.46946192e+00, -1.32795501e+00, -1.35925639e+00,
           6.25445068e-01,  8.87801051e-01,  5.80089726e-02, -9.24838126e-01,
          -6.85045660e-01,  5.24741888e-01,  1.33949071e-01, -1.09444439e+00,
           1.29147041e+00,  1.47200346e+00, -3.31565961e-02,  2.89534450e-01,
          -3.79159480e-01,  2.89412200e-01, -1.17108452e+00, -2.84390664e+00,
           1.80562198e+00, -6.07579112e-01, -3.66294074e+00, -1.34096205e-01,
           1.52911532e+00,  9.51513350e-01, -6.24409080e-01,  6.08975410e-01,
           1.15617514e+00, -2.26332113e-01, -1.27979398e+00, -4.23503995e-01,
           1.78980386e+00,  1.56231880e+00,  1.73774838e-01, -6.68758988e-01,
           1.14503181e+00, -1.70598292e+00, -1.43232036e+00,  5.91536701e-01,
          -5.03121853e-01,  1.46315765e+00, -3.48741800e-01,  8.89313340e-01,
           1.24677205e+00,  1.83341786e-01,  2.37453029e-01, -7.22457469e-01,
          -3.17336619e-01, -1.73161066e+00,  3.42352629e-01, -2.06255287e-01,
          -5.93586452e-03,  1.92018211e+00,  1.83860743e+00, -1.58673406e-01,
          -1.42426968e+00,  1.11537468e+00, -1.46203125e+00,  8.55632544e-01,
           1.82186842e+00, -1.62922728e+00, -1.89134777e+00,  1.30901551e+00,
          -1.52100667e-01,  1.05236745e+00, -1.40825725e+00,  2.54717112e-01,
           3.41537058e-01,  7.07430661e-01, -4.43534911e-01, -2.47293735e+00,
          -9.40802932e-01,  2.57663417e+00, -7.22834587e-01, -6.21809840e-01,
           1.63568723e+00,  2.82223016e-01, -4.42858860e-02,  1.00292993e+00,
           1.05750096e+00,  1.30505443e+00,  1.16644406e+00, -6.48149133e-01,
           1.52685654e+00,  1.73208892e+00,  6.83749467e-02, -1.10658550e+00,
           1.69503205e-02, -1.21208739e+00, -5.12470603e-01, -1.14053339e-01,
           9.97233033e-01,  1.53875124e+00, -2.46312261e+00,  1.09997702e+00,
           1.11195266e+00, -9.58712339e-01, -8.65906894e-01,  9.61260855e-01,
          -1.20419514e+00,  1.38660407e+00, -1.05822277e+00,  7.17773914e-01,
           1.23676109e+00,  1.06969631e+00, -9.25612807e-01,  9.83248651e-02,
           5.81235707e-01,  5.51721394e-01,  1.79804727e-01, -7.62070954e-01,
          -5.57996869e-01,  4.60891813e-01,  2.81961846e+00,  6.66847169e-01,
           1.70363021e+00,  3.82566750e-01, -1.72228789e+00, -2.04866856e-01,
          -1.62817001e+00,  1.48436213e+00, -2.04071105e-01,  5.34609020e-01,
           1.20904970e+00,  8.72226655e-01,  3.61562490e+00,  2.17909411e-01,
           7.77157545e-01,  1.48462999e+00,  6.14559650e-01,  2.08275723e+00,
          -6.11439764e-01,  5.42069636e-02, -2.38565192e-01,  3.71523708e-01,
           4.38048184e-01,  1.45203859e-01, -2.17936248e-01, -4.22446549e-01,
          -1.40694165e+00, -2.70707756e-01,  3.44437212e-01,  6.44123614e-01,
           1.04891586e+00,  5.38495004e-01,  1.50709033e-01,  9.18847322e-01,
           4.88917053e-01, -1.34147382e+00,  1.70942700e+00,  1.02315438e+00,
          -1.31279707e+00, -1.55531323e+00, -1.28760278e+00, -1.03599679e+00,
           3.60073566e-01, -1.14561737e+00,  3.47652435e-01, -2.73705661e-01,
           1.37116885e+00, -1.41891503e+00, -9.69351411e-01,  6.64050639e-01,
          -9.16398108e-01, -1.13872677e-01,  6.64923191e-01, -2.06543326e+00,
          -6.06395781e-01,  6.24904856e-02,  4.87915985e-02, -2.23509744e-01,
           1.22136199e+00,  2.67701685e-01,  1.09079885e+00,  3.77244860e-01,
           2.34449625e+00,  1.89775956e+00,  1.06546986e+00, -1.17436564e+00,
          -8.32642764e-02, -6.62443697e-01,  1.36287764e-01,  3.47541094e+00,
           2.09749913e+00, -1.33853805e+00,  1.14244699e+00,  1.10384512e+00,
          -3.62985992e+00, -1.20784354e+00, -1.03898609e+00, -5.68731010e-01,
          -1.73369968e+00,  1.99559182e-01, -6.01438344e-01, -9.40665066e-01,
          -1.99175227e+00, -2.62881422e+00, -9.87119377e-01, -5.96392035e-01,
           2.21708179e+00, -6.00332357e-02, -5.68966985e-01,  2.37303078e-01,
           5.89144647e-01, -5.14193654e-01, -2.14513636e+00,  4.12275791e-02,
           5.63602626e-01,  2.42512017e-01, -1.71772718e+00,  2.29170346e+00,
           1.04850382e-02, -1.06325746e+00,  2.84515768e-01,  9.31810975e-01,
          -5.49182057e-01,  3.28339481e+00,  2.81283557e-01, -1.53960019e-01,
          -1.24759510e-01, -1.82396114e-01, -1.32389283e+00, -1.54056561e+00,
           2.83835030e+00,  1.18312359e+00,  1.27028954e+00, -6.92662895e-01,
           3.79174978e-01,  6.16091192e-01,  1.60704505e+00,  1.11076646e-01,
          -3.03684711e-01, -9.67134595e-01,  5.52209318e-01,  1.12430799e+00,
           6.62876415e+00,  4.19411516e+00,  6.43108666e-01, -3.13283235e-01,
           8.78797412e-01, -4.74341244e-01, -1.74926475e-01,  2.65660143e+00,
          -1.93429244e+00, -7.25557506e-01, -4.26159739e-01, -8.83778036e-01,
           9.69377935e-01, -5.79181373e-01, -2.96519935e-01,  8.04543495e-01,
           7.20261097e-01,  2.40717101e+00, -4.35539275e-01, -1.88271403e+00,
          -2.34724331e+00,  3.15044485e-02, -2.22376180e+00, -2.11102057e+00,
          -1.78319907e+00,  6.96734965e-01, -1.57069945e+00, -1.11487746e+00,
          -1.33673656e+00, -2.23401499e+00, -1.93746066e+00, -1.44984984e+00,
          -1.30349255e+00, -9.66785073e-01, -1.17580914e+00, -2.49667093e-01,
          -1.39214146e+00, -1.34162664e+00, -6.47553384e-01, -7.40362629e-02,
          -2.78941369e+00,  1.00599334e-01, -2.44093275e+00, -9.05549049e-01,
           1.83711898e+00,  4.50584561e-01,  3.91262293e-01,  6.84554696e-01,
          -1.00201690e+00, -1.73244938e-01,  1.59971505e-01, -9.14766788e-01,
          -1.20979071e+00, -5.05927801e-01, -4.35882598e-01, -2.63626075e+00,
          -2.74069285e+00, -5.00201225e-01, -2.43233681e+00, -1.97787261e+00,
          -2.00271225e+00, -1.69599009e+00,  4.99018073e-01, -1.08899283e+00,
           4.79604989e-01, -6.01421356e-01, -1.50090754e+00,  2.47310019e+00,
          -7.82671213e-01,  7.52650723e-02,  2.20714259e+00,  1.89314163e+00,
          -1.02146542e+00,  1.17283452e+00,  3.46330665e-02, -1.23044729e+00,
           8.88153434e-01,  6.68544590e-01, -3.12980831e-01,  7.49954209e-02,
           1.45671993e-01,  6.49098232e-02, -8.49026799e-01,  6.36891723e-02,
          -7.15266645e-01,  4.38818783e-02, -1.33239293e+00, -1.64269006e+00,
          -1.15015423e+00, -2.93486142e+00, -2.78351259e+00, -1.75379407e+00,
          -1.88496101e+00, -2.05722666e+00,  1.24052577e-01,  1.47375917e+00]]],
       device='cuda:0')
PGD attack margin (first 2 examples and 10 specs):
 tensor([[[0.54939407]]], device='cuda:0')
number of violation:  0
Attack finished in 7.9094 seconds.
PGD attack failed
verified_status unknown
verified_success False
Total VNNLIB file length: 1, max property batch size: 1, total number of batches: 1

Properties batch 0, size 1
Remaining timeout: 1150.9981441497803
Verifying property 0 with 1 instances.
torch allclose failed: norm 8.889588571037166e-06
Model: BoundedModule(
  (/input-1): BoundInput(name=/input-1, inputs=[], perturbed=True)
  (/33): BoundParams(name=/33, inputs=[], perturbed=False)
  (/34): BoundParams(name=/34, inputs=[], perturbed=False)
  (/35): BoundParams(name=/35, inputs=[], perturbed=False)
  (/36): BoundParams(name=/36, inputs=[], perturbed=False)
  (/37): BoundParams(name=/37, inputs=[], perturbed=False)
  (/38): BoundParams(name=/38, inputs=[], perturbed=False)
  (/39): BoundParams(name=/39, inputs=[], perturbed=False)
  (/40): BoundParams(name=/40, inputs=[], perturbed=False)
  (/41): BoundParams(name=/41, inputs=[], perturbed=False)
  (/42): BoundParams(name=/42, inputs=[], perturbed=False)
  (/43): BoundParams(name=/43, inputs=[], perturbed=False)
  (/44): BoundParams(name=/44, inputs=[], perturbed=False)
  (/45): BoundParams(name=/45, inputs=[], perturbed=False)
  (/46): BoundParams(name=/46, inputs=[], perturbed=False)
  (/47): BoundParams(name=/47, inputs=[], perturbed=False)
  (/48): BoundParams(name=/48, inputs=[], perturbed=False)
  (/49): BoundParams(name=/49, inputs=[], perturbed=False)
  (/50): BoundParams(name=/50, inputs=[], perturbed=False)
  (/51): BoundParams(name=/51, inputs=[], perturbed=False)
  (/52): BoundParams(name=/52, inputs=[], perturbed=False)
  (/53): BoundParams(name=/53, inputs=[], perturbed=False)
  (/54): BoundParams(name=/54, inputs=[], perturbed=False)
  (/55): BoundParams(name=/55, inputs=[], perturbed=False)
  (/56): BoundParams(name=/56, inputs=[], perturbed=False)
  (/57): BoundParams(name=/57, inputs=[], perturbed=False)
  (/58): BoundParams(name=/58, inputs=[], perturbed=False)
  (/59): BoundParams(name=/59, inputs=[], perturbed=False)
  (/60): BoundParams(name=/60, inputs=[], perturbed=False)
  (/61): BoundParams(name=/61, inputs=[], perturbed=False)
  (/62): BoundParams(name=/62, inputs=[], perturbed=False)
  (/63): BoundParams(name=/63, inputs=[], perturbed=False)
  (/64): BoundParams(name=/64, inputs=[], perturbed=False)
  (/input): BoundConv(name=/input, inputs=[/input-1, /33, /34], perturbed=True)
  (/66): BoundRelu(name=/66, inputs=[/input], perturbed=True)
  (/input-4): BoundConv(name=/input-4, inputs=[/66, /35, /36], perturbed=True)
  (/68): BoundRelu(name=/68, inputs=[/input-4], perturbed=True)
  (/input-12): BoundConv(name=/input-12, inputs=[/input-8/add_3_4, /37, /38], perturbed=True)
  (/71): BoundRelu(name=/71, inputs=[/input-12], perturbed=True)
  (/input-16): BoundConv(name=/input-16, inputs=[/71, /39, /40], perturbed=True)
  (/73): BoundRelu(name=/73, inputs=[/input-16], perturbed=True)
  (/input-24): BoundConv(name=/input-24, inputs=[/input-20/add_3_4, /41, /42], perturbed=True)
  (/76): BoundRelu(name=/76, inputs=[/input-24], perturbed=True)
  (/input-28): BoundConv(name=/input-28, inputs=[/76, /43, /44], perturbed=True)
  (/78): BoundRelu(name=/78, inputs=[/input-28], perturbed=True)
  (/input-32): BoundConv(name=/input-32, inputs=[/78, /45, /46], perturbed=True)
  (/80): BoundRelu(name=/80, inputs=[/input-32], perturbed=True)
  (/input-40): BoundConv(name=/input-40, inputs=[/input-36/add_3_4, /47, /48], perturbed=True)
  (/83): BoundRelu(name=/83, inputs=[/input-40], perturbed=True)
  (/input-44): BoundConv(name=/input-44, inputs=[/83, /49, /50], perturbed=True)
  (/85): BoundRelu(name=/85, inputs=[/input-44], perturbed=True)
  (/input-48): BoundConv(name=/input-48, inputs=[/85, /51, /52], perturbed=True)
  (/87): BoundRelu(name=/87, inputs=[/input-48], perturbed=True)
  (/input-56): BoundConv(name=/input-56, inputs=[/input-52/add_3_4, /53, /54], perturbed=True)
  (/90): BoundRelu(name=/90, inputs=[/input-56], perturbed=True)
  (/input-60): BoundConv(name=/input-60, inputs=[/90, /55, /56], perturbed=True)
  (/92): BoundRelu(name=/92, inputs=[/input-60], perturbed=True)
  (/input-64): BoundConv(name=/input-64, inputs=[/92, /57, /58], perturbed=True)
  (/94): BoundRelu(name=/94, inputs=[/input-64], perturbed=True)
  (/96): BoundFlatten(name=/96, inputs=[/95/add_3_4], perturbed=True)
  (/input-68): BoundLinear(name=/input-68, inputs=[/96, /59, /60], perturbed=True)
  (/98): BoundRelu(name=/98, inputs=[/input-68], perturbed=True)
  (/99): BoundFlatten(name=/99, inputs=[/98], perturbed=True)
  (/input-72): BoundLinear(name=/input-72, inputs=[/99, /61, /62], perturbed=True)
  (/101): BoundRelu(name=/101, inputs=[/input-72], perturbed=True)
  (/102): BoundFlatten(name=/102, inputs=[/101], perturbed=True)
  (/103): BoundLinear(name=/103, inputs=[/102, /63, /64], perturbed=True)
  (/input-8/conv_1): BoundConv(name=/input-8/conv_1, inputs=[/68, /input-8/conv_1_w], perturbed=True)
  (/input-8/conv_1_relu): BoundRelu(name=/input-8/conv_1_relu, inputs=[/input-8/conv_1], perturbed=True)
  (/input-8/conv_1_w): BoundParams(name=/input-8/conv_1_w, inputs=[], perturbed=False)
  (/input-8/conv_2): BoundConv(name=/input-8/conv_2, inputs=[/68, /input-8/conv_2_w], perturbed=True)
  (/input-8/conv_2_w): BoundParams(name=/input-8/conv_2_w, inputs=[], perturbed=False)
  (/input-8/conv_3): BoundConv(name=/input-8/conv_3, inputs=[/input-8/add_1_2, /input-8/conv_3_w], perturbed=True)
  (/input-8/conv_3_relu): BoundRelu(name=/input-8/conv_3_relu, inputs=[/input-8/conv_3], perturbed=True)
  (/input-8/conv_3_w): BoundParams(name=/input-8/conv_3_w, inputs=[], perturbed=False)
  (/input-8/conv_4): BoundConv(name=/input-8/conv_4, inputs=[/input-8/add_1_2, /input-8/conv_4_w], perturbed=True)
  (/input-8/conv_4_w): BoundParams(name=/input-8/conv_4_w, inputs=[], perturbed=False)
  (/input-8/add_1_2): BoundAdd(name=/input-8/add_1_2, inputs=[/input-8/conv_1_relu, /input-8/conv_2], perturbed=True)
  (/input-8/add_3_4): BoundAdd(name=/input-8/add_3_4, inputs=[/input-8/conv_3_relu, /input-8/conv_4], perturbed=True)
  (/input-20/conv_1): BoundConv(name=/input-20/conv_1, inputs=[/73, /input-20/conv_1_w], perturbed=True)
  (/input-20/conv_1_relu): BoundRelu(name=/input-20/conv_1_relu, inputs=[/input-20/conv_1], perturbed=True)
  (/input-20/conv_1_w): BoundParams(name=/input-20/conv_1_w, inputs=[], perturbed=False)
  (/input-20/conv_2): BoundConv(name=/input-20/conv_2, inputs=[/73, /input-20/conv_2_w], perturbed=True)
  (/input-20/conv_2_w): BoundParams(name=/input-20/conv_2_w, inputs=[], perturbed=False)
  (/input-20/conv_3): BoundConv(name=/input-20/conv_3, inputs=[/input-20/add_1_2, /input-20/conv_3_w], perturbed=True)
  (/input-20/conv_3_relu): BoundRelu(name=/input-20/conv_3_relu, inputs=[/input-20/conv_3], perturbed=True)
  (/input-20/conv_3_w): BoundParams(name=/input-20/conv_3_w, inputs=[], perturbed=False)
  (/input-20/conv_4): BoundConv(name=/input-20/conv_4, inputs=[/input-20/add_1_2, /input-20/conv_4_w], perturbed=True)
  (/input-20/conv_4_w): BoundParams(name=/input-20/conv_4_w, inputs=[], perturbed=False)
  (/input-20/add_1_2): BoundAdd(name=/input-20/add_1_2, inputs=[/input-20/conv_1_relu, /input-20/conv_2], perturbed=True)
  (/input-20/add_3_4): BoundAdd(name=/input-20/add_3_4, inputs=[/input-20/conv_3_relu, /input-20/conv_4], perturbed=True)
  (/input-36/conv_1): BoundConv(name=/input-36/conv_1, inputs=[/80, /input-36/conv_1_w], perturbed=True)
  (/input-36/conv_1_relu): BoundRelu(name=/input-36/conv_1_relu, inputs=[/input-36/conv_1], perturbed=True)
  (/input-36/conv_1_w): BoundParams(name=/input-36/conv_1_w, inputs=[], perturbed=False)
  (/input-36/conv_2): BoundConv(name=/input-36/conv_2, inputs=[/80, /input-36/conv_2_w], perturbed=True)
  (/input-36/conv_2_w): BoundParams(name=/input-36/conv_2_w, inputs=[], perturbed=False)
  (/input-36/conv_3): BoundConv(name=/input-36/conv_3, inputs=[/input-36/add_1_2, /input-36/conv_3_w], perturbed=True)
  (/input-36/conv_3_relu): BoundRelu(name=/input-36/conv_3_relu, inputs=[/input-36/conv_3], perturbed=True)
  (/input-36/conv_3_w): BoundParams(name=/input-36/conv_3_w, inputs=[], perturbed=False)
  (/input-36/conv_4): BoundConv(name=/input-36/conv_4, inputs=[/input-36/add_1_2, /input-36/conv_4_w], perturbed=True)
  (/input-36/conv_4_w): BoundParams(name=/input-36/conv_4_w, inputs=[], perturbed=False)
  (/input-36/add_1_2): BoundAdd(name=/input-36/add_1_2, inputs=[/input-36/conv_1_relu, /input-36/conv_2], perturbed=True)
  (/input-36/add_3_4): BoundAdd(name=/input-36/add_3_4, inputs=[/input-36/conv_3_relu, /input-36/conv_4], perturbed=True)
  (/input-52/conv_1): BoundConv(name=/input-52/conv_1, inputs=[/87, /input-52/conv_1_w], perturbed=True)
  (/input-52/conv_1_relu): BoundRelu(name=/input-52/conv_1_relu, inputs=[/input-52/conv_1], perturbed=True)
  (/input-52/conv_1_w): BoundParams(name=/input-52/conv_1_w, inputs=[], perturbed=False)
  (/input-52/conv_2): BoundConv(name=/input-52/conv_2, inputs=[/87, /input-52/conv_2_w], perturbed=True)
  (/input-52/conv_2_w): BoundParams(name=/input-52/conv_2_w, inputs=[], perturbed=False)
  (/input-52/conv_3): BoundConv(name=/input-52/conv_3, inputs=[/input-52/add_1_2, /input-52/conv_3_w], perturbed=True)
  (/input-52/conv_3_relu): BoundRelu(name=/input-52/conv_3_relu, inputs=[/input-52/conv_3], perturbed=True)
  (/input-52/conv_3_w): BoundParams(name=/input-52/conv_3_w, inputs=[], perturbed=False)
  (/input-52/conv_4): BoundConv(name=/input-52/conv_4, inputs=[/input-52/add_1_2, /input-52/conv_4_w], perturbed=True)
  (/input-52/conv_4_w): BoundParams(name=/input-52/conv_4_w, inputs=[], perturbed=False)
  (/input-52/add_1_2): BoundAdd(name=/input-52/add_1_2, inputs=[/input-52/conv_1_relu, /input-52/conv_2], perturbed=True)
  (/input-52/add_3_4): BoundAdd(name=/input-52/add_3_4, inputs=[/input-52/conv_3_relu, /input-52/conv_4], perturbed=True)
  (/95/conv_1): BoundConv(name=/95/conv_1, inputs=[/94, /95/conv_1_w], perturbed=True)
  (/95/conv_1_relu): BoundRelu(name=/95/conv_1_relu, inputs=[/95/conv_1], perturbed=True)
  (/95/conv_1_w): BoundParams(name=/95/conv_1_w, inputs=[], perturbed=False)
  (/95/conv_2): BoundConv(name=/95/conv_2, inputs=[/94, /95/conv_2_w], perturbed=True)
  (/95/conv_2_w): BoundParams(name=/95/conv_2_w, inputs=[], perturbed=False)
  (/95/conv_3): BoundConv(name=/95/conv_3, inputs=[/95/add_1_2, /95/conv_3_w], perturbed=True)
  (/95/conv_3_relu): BoundRelu(name=/95/conv_3_relu, inputs=[/95/conv_3], perturbed=True)
  (/95/conv_3_w): BoundParams(name=/95/conv_3_w, inputs=[], perturbed=False)
  (/95/conv_4): BoundConv(name=/95/conv_4, inputs=[/95/add_1_2, /95/conv_4_w], perturbed=True)
  (/95/conv_4_w): BoundParams(name=/95/conv_4_w, inputs=[], perturbed=False)
  (/95/add_1_2): BoundAdd(name=/95/add_1_2, inputs=[/95/conv_1_relu, /95/conv_2], perturbed=True)
  (/95/add_3_4): BoundAdd(name=/95/add_3_4, inputs=[/95/conv_3_relu, /95/conv_4], perturbed=True)
)
Model prediction is: tensor([ 1.04841650e+00,  2.06702995e+00,  1.09783649e+00,  1.12288153e+00,
         1.32237637e+00,  1.78087604e+00,  2.02228904e+00, -1.33932900e+00,
        -9.34227407e-01, -5.16536057e-01, -1.10908449e+00,  3.98890108e-01,
        -1.86850846e-01, -4.28034723e-01,  6.12776399e-01,  3.99405390e-01,
        -6.88385963e-01, -7.47176349e-01, -8.81156027e-02, -6.38609469e-01,
        -1.45150617e-01,  8.04878235e-01,  1.29130936e+00, -4.18406799e-02,
         5.27139127e-01, -1.40129530e+00, -2.91995183e-02, -7.69551635e-01,
        -1.72836447e+00,  6.30796015e-01, -1.19846594e+00,  8.31612527e-01,
        -9.04494464e-01, -2.44698480e-01, -3.72476935e-01, -8.30604076e-01,
         8.32296968e-01, -1.54462528e+00, -1.87428832e-01, -1.07655621e+00,
         9.79077399e-01, -1.29397130e+00, -1.74308026e+00, -1.25649440e+00,
        -5.64032972e-01, -1.05319536e+00,  1.38925362e+00, -8.50888312e-01,
        -8.57981026e-01,  2.63409197e-01,  1.57935965e+00, -2.08044934e+00,
        -1.60624281e-01,  1.42617330e-01, -1.00066423e+00,  9.73762646e-02,
        -1.13942754e+00, -1.49697971e+00,  6.67937160e-01,  2.43449777e-01,
         3.12171727e-01, -8.48199189e-01, -1.42098188e+00,  1.30400881e-01,
         8.15625310e-01,  8.57549906e-01, -7.91928589e-01,  1.73910037e-01,
        -1.30269408e+00, -1.15134597e+00,  2.96281934e-01,  2.64549166e-01,
        -3.43469292e-01,  3.86802971e-01,  1.65325075e-01,  6.03511989e-01,
         2.17951566e-01,  1.20489371e+00,  8.82493794e-01,  1.08442569e+00,
        -1.50570601e-01, -1.32069409e+00, -3.95295560e-01, -9.65248823e-01,
        -4.79073711e-02, -3.23501110e-01, -8.13810527e-01,  3.84021431e-01,
         2.24855810e-01,  1.52900100e-01, -2.40801111e-01, -1.61370707e+00,
         4.24468964e-01,  3.85346502e-01,  8.39882851e-01, -1.58088291e+00,
         9.90889132e-01,  1.21902205e-01,  4.78408933e-01,  1.02759564e+00,
         1.85437810e+00, -8.44623804e-01, -2.03725338e+00,  1.64002359e+00,
         4.05476764e-02, -1.37157130e+00, -4.43853736e-02,  1.08433938e+00,
        -7.90048480e-01, -6.76596582e-01,  2.04628199e-01,  2.93847203e+00,
         1.33996546e-01,  5.67879438e-01,  4.04879928e-01, -1.25103474e+00,
        -1.29150796e+00,  3.41551125e-01, -1.24708724e+00, -2.03626704e+00,
        -2.12764144e+00, -2.44092917e+00, -2.09984899e+00, -2.15008354e+00,
        -1.42314446e+00, -1.67757010e+00,  6.58292294e-01,  1.06489539e+00,
         1.14384878e+00,  1.91552973e+00,  1.23588860e+00,  7.70718694e-01,
         2.42401004e+00,  5.11511683e-01,  1.03597975e+00, -1.43982440e-01,
        -1.67312384e-01,  1.00781727e+00,  4.00927484e-01, -1.64655912e+00,
        -1.67302310e+00,  4.18756455e-01, -3.82861435e-01, -1.03637993e-01,
         1.69835329e-01,  4.38501477e-01, -9.24257413e-02,  1.33708906e+00,
         8.51669192e-01,  2.43681049e+00,  1.49818376e-01,  1.15314233e+00,
        -4.80549932e-01,  1.71431828e+00,  7.82583773e-01,  4.00975347e-01,
        -1.28885642e-01,  4.22331244e-01, -5.26456296e-01, -3.58638525e-01,
         7.96238706e-02,  4.40727502e-01,  1.15307581e+00,  1.27230406e-01,
        -5.25594473e-01, -7.44795918e-01, -8.90047848e-01, -9.10658062e-01,
         2.47765407e-02,  3.31844240e-01,  2.18917921e-01,  7.19399303e-02,
        -4.21575040e-01,  4.94392127e-01,  2.67711133e-01,  1.54672965e-01,
        -4.37967151e-01, -3.37538928e-01,  1.46655393e+00, -7.20633090e-01,
        -4.13565814e-01,  6.18215799e-01,  5.72066188e-01,  1.58946961e-01,
         6.68414533e-01,  2.93851197e-01,  7.60283947e-01,  1.23892844e+00,
         1.79418460e-01,  3.22540879e-01,  9.52509701e-01,  1.26236522e+00,
         6.94087684e-01,  6.18318141e-01,  4.51832801e-01,  1.17565668e+00,
         8.24498415e-01, -4.97574866e-01, -3.89265805e-01,  1.24394143e+00,
         5.99548161e-01,  4.21266526e-01,  6.87903106e-01,  2.19907928e+00,
         1.04660010e+00, -1.54591039e-01, -9.46084917e-01,  8.48018527e-01,
         7.10782230e-01,  8.09923828e-01, -1.37656188e+00,  3.03807378e-01,
         8.86848450e-01,  1.12305403e-01, -3.31060141e-01, -1.01085722e-01,
         6.71431661e-01,  2.01852143e-01,  7.40695149e-02,  8.16995978e-01,
         4.14990902e-01, -2.25701943e-01,  5.85538387e-01,  6.35856092e-01,
         7.61703789e-01,  1.54800266e-02,  1.38550401e-01, -1.82953194e-01,
        -5.84819734e-01,  1.59754634e+00, -7.11406991e-02,  5.76573074e-01,
        -3.02324265e-01,  1.09034916e-02,  2.65473947e-02,  8.40097487e-01,
        -3.09532940e-01,  1.95858419e-01, -3.43779117e-01,  1.50322154e-01,
        -2.27521896e-01, -4.11994934e-01,  5.85869908e-01, -6.90313339e-01,
        -5.79296172e-01,  1.07357609e+00, -5.62276304e-01, -3.27504836e-02,
         7.89481640e-01,  7.20355988e-01,  6.62498951e-01, -7.16749549e-01,
         1.85845912e-01,  4.06942785e-01,  1.47081161e+00, -7.33713746e-01,
        -5.13374507e-01,  1.18795800e+00,  1.21086490e+00,  1.60867012e+00,
         1.40116274e+00,  3.32887113e-01, -8.18779945e-01,  8.42942655e-01,
         2.11468190e-01,  1.37608612e+00,  3.78790826e-01,  1.44554317e-01,
        -1.50064981e+00,  1.22280812e+00,  1.93047071e+00,  8.80283117e-01,
         1.20015132e+00,  1.34700453e+00,  2.20988214e-01, -8.41698200e-02,
         4.01401311e-01,  1.31880879e+00,  7.22870007e-02,  1.76156187e+00,
         8.43605518e-01,  2.32194519e+00,  2.71703386e+00,  3.00831747e+00,
         2.83558273e+00,  1.54919732e+00,  5.06906271e-01,  1.34696722e+00,
        -3.55551988e-01, -1.28220037e-01, -5.10631740e-01,  2.36698389e-01,
         2.48533905e-01,  2.77225345e-01,  3.42863679e-01,  8.73810649e-02,
         2.60158515e+00, -1.04291789e-01, -5.34663439e-01, -9.82418284e-02,
        -1.99863493e+00,  3.91385645e-01, -1.34294009e+00, -1.04272783e+00,
        -1.18944776e+00, -2.17410326e+00, -8.51742446e-01, -5.33351898e-01,
         3.93786728e-01, -1.16877854e+00,  1.24519837e+00,  3.83961201e-01,
        -4.91794765e-01,  1.08729410e+00,  5.48384786e-01,  2.92869955e-01,
         8.84553641e-02, -5.25284171e-01,  1.54183710e+00,  7.34130383e-01,
         3.01170442e-02, -2.35572004e+00, -1.60914850e+00, -2.02347898e+00,
        -1.32123399e+00, -1.70693207e+00, -1.76612628e+00,  6.83347695e-03,
        -1.79346001e+00, -1.58196104e+00,  1.27147567e+00,  1.90809536e+00,
         2.71118474e+00,  8.01773250e-01, -4.54504699e-01, -2.54682511e-01,
        -1.64157915e+00,  1.22681844e+00,  5.49645066e-01, -1.79095483e+00,
        -7.14995205e-01,  1.47073537e-01, -4.11438227e-01, -1.03831100e+00,
         5.33989847e-01, -9.38632727e-01, -1.04771292e+00, -2.42222279e-01,
        -1.81428754e+00, -1.19797075e+00, -1.33277452e+00, -9.00407493e-01,
        -5.55333376e-01, -5.47250450e-01, -1.38589942e+00, -8.29123139e-01,
         7.19512939e-01,  1.84106112e-01,  4.91237402e-01,  7.69636095e-01,
         6.76950872e-01,  6.15933299e-01,  1.01987958e+00, -5.84590696e-02,
        -8.62446249e-01,  2.29518697e-01,  5.04971802e-01,  3.04449666e-02,
         4.59638685e-01, -4.50593561e-01,  4.86008227e-02, -6.20909393e-01,
         8.01815391e-01,  8.24345291e-01,  4.37255174e-01, -8.81389797e-01,
         3.97642672e-01,  2.38435894e-01,  6.33178890e-01, -4.68650043e-01,
         6.56516969e-01, -1.68256968e-01,  3.69545013e-01,  3.66144674e-03,
        -2.67625242e-01, -2.07889095e-01, -6.88671231e-01, -1.35016215e+00,
        -9.81783092e-01,  1.06632793e+00,  2.15414360e-01,  1.28481269e+00,
         5.57049476e-02, -1.24558902e+00,  5.30804217e-01,  1.42353070e+00,
        -1.16923356e+00, -7.67111927e-02, -9.76107776e-01,  4.41777557e-01,
        -1.07663822e+00, -1.45843840e+00,  1.64022803e-01, -7.67997622e-01,
        -5.89535117e-01,  6.72314346e-01, -1.39469647e+00, -6.32172048e-01,
        -1.58997035e+00,  1.91664219e+00, -1.32918286e+00,  1.76874936e+00,
         5.54748416e-01,  5.89504302e-01,  1.02466035e+00, -2.27278137e+00,
         1.40740430e+00,  1.11452639e+00,  1.52110600e+00,  1.73824096e+00,
        -1.10869072e-02,  1.07768424e-01, -5.11150539e-01, -1.59498942e+00,
        -6.89404607e-01,  5.29212654e-01,  2.27858037e-01, -9.85763550e-01,
        -6.36488676e-01, -2.75342196e-01, -1.16411495e+00, -4.37912047e-01,
        -3.52207601e-01,  1.35432017e+00,  1.50891984e+00,  7.14855790e-01,
        -7.50615358e-01,  2.45649964e-01,  1.46836865e+00,  5.54058775e-02,
        -5.67734241e-03,  1.50114262e+00, -3.02489042e-01,  2.21989417e+00,
        -1.55274868e+00, -4.24734473e-01,  2.85933113e+00, -4.63555127e-01,
        -1.76030457e-01,  1.20500401e-01, -1.38093090e+00, -6.14425130e-02,
         2.16950849e-01, -5.22946656e-01, -1.82890320e+00, -2.60300249e-01,
        -2.40734532e-01,  7.08655357e-01, -3.46421003e-01,  5.25474191e-01,
        -7.88560271e-01, -5.67538366e-02,  1.87900460e+00,  7.15591758e-03,
         7.62693524e-01,  1.80764735e+00, -1.44002020e+00, -2.61006832e+00,
         3.85600835e-01, -1.96035400e-01,  4.88402128e-01, -1.33931732e+00,
         3.27844024e-02,  1.86983243e-01, -5.67984521e-01,  1.11009812e+00,
        -1.38532794e+00, -8.36417377e-01,  1.02085285e-02, -1.30918384e+00,
         2.75290155e+00,  5.72420478e-01, -3.30075204e-01, -3.50017607e-01,
        -2.14953944e-01,  4.61244673e-01, -3.88132155e-01,  1.55814266e+00,
        -8.31475496e-01,  2.00047389e-01,  1.40770659e-01, -1.43300521e+00,
         1.09113157e-01, -7.22552598e-01,  1.43721998e-01, -7.54250705e-01,
         8.42961967e-01,  4.90808904e-01, -3.17792952e-01,  2.07362199e+00,
        -2.78901267e+00,  6.69060946e-01, -1.19025218e+00, -5.20396791e-02,
        -8.35754350e-03, -3.91590565e-01, -1.87840629e+00,  5.65754652e-01,
         1.07106721e+00, -3.09532619e+00, -5.25868177e-01, -1.53705466e+00,
        -5.57726204e-01, -5.46876907e-01, -8.55973840e-01, -4.20362979e-01,
        -1.76320720e+00,  1.46180287e-01, -8.23091447e-01, -7.02823997e-01,
        -9.30623412e-01, -1.00141048e+00, -1.04329681e+00, -4.72974330e-01,
        -5.50800443e-01, -2.80057251e-01, -7.50897884e-01,  4.92082477e-01,
        -8.68337572e-01,  1.01035798e+00,  1.68683732e+00,  4.69805747e-01,
        -1.07297099e+00,  4.07973565e-02,  1.94954538e+00, -2.40225029e+00,
        -1.47549474e+00, -6.97730660e-01,  3.06994736e-01,  2.89269400e+00,
        -1.06393650e-01, -2.09698939e+00,  9.95440960e-01, -4.85253960e-01,
        -1.38592839e+00,  7.43101723e-03, -2.80966967e-01, -2.55018425e+00,
         7.08586164e-03,  3.02224755e+00, -2.13346410e+00, -1.13677955e+00,
         1.16311538e+00,  9.36392903e-01,  6.03251696e-01, -8.51636529e-01,
         3.19944382e+00,  1.75723040e+00,  3.39062750e-01,  8.17548335e-02,
        -1.16471028e+00, -7.95847535e-01,  2.36208558e+00,  5.94763756e-01,
        -1.03791130e+00,  2.03666240e-01, -7.25238442e-01, -3.18259269e-01,
         6.86454117e-01, -1.79575706e+00,  3.30526829e-02, -8.53464007e-01,
         7.82639146e-01, -7.85489798e-01,  1.17524683e+00, -6.24635577e-01,
        -1.52390206e+00,  4.09632057e-01,  5.81755519e-01, -7.02004731e-01,
         3.28680933e-01, -9.20316160e-01, -2.68573117e+00, -6.78231776e-01,
         3.91243100e-01,  1.81456432e-01, -1.15457535e+00,  8.82711172e-01,
         1.13791251e+00, -1.57490909e-01,  2.95813024e-01,  3.77371216e+00,
        -4.42217797e-01,  4.38274831e-01, -1.30766833e+00, -8.64969671e-01,
         1.34236491e+00,  8.94525945e-02,  7.49941468e-01,  4.78882730e-01,
         1.31621587e+00,  4.75348905e-02,  1.46231616e+00, -2.31004381e+00,
         5.94180763e-01,  1.68168700e+00,  3.83145571e-01, -2.98140913e-01,
         1.48487830e+00, -7.57959902e-01,  1.84373879e+00,  6.53121233e-01,
        -1.54382324e+00, -3.14526170e-01, -2.81331539e-01,  9.70178723e-01,
         1.13533044e+00,  3.43515784e-01,  1.32070339e+00,  2.62677860e+00,
         2.30786896e+00,  5.22880018e-01,  6.57614946e-01,  1.39442933e+00,
        -1.40541708e+00, -1.07891870e+00,  1.34710288e+00, -4.29136395e-01,
        -1.36749339e+00,  5.15277803e-01, -5.84046125e-01,  1.32767066e-01,
         2.54015160e+00, -2.67650276e-01, -2.74039078e+00, -6.48671389e-01,
         2.08544731e+00,  2.97090471e-01,  2.24559680e-02, -1.30440384e-01,
        -9.21661794e-01, -4.53841507e-01, -1.50388730e+00,  1.78613141e-03,
         1.32890391e+00, -2.42185593e+00,  1.55281588e-01,  7.45318592e-01,
         3.71039242e-01, -6.81815982e-01,  1.34435153e+00,  2.22543311e+00,
        -4.86287385e-01, -6.18137002e-01, -5.54648995e-01,  8.29998076e-01,
        -8.10872138e-01,  1.70605123e+00, -2.50777662e-01,  3.14876497e-01,
        -3.54706883e-01, -2.42215872e+00,  7.54794300e-01, -1.40446627e+00,
         2.61598969e+00, -1.50631690e+00, -1.18655205e+00, -3.56235147e-01,
        -5.25972426e-01,  2.47227049e+00, -1.33334112e+00, -1.36612630e+00,
         6.26171291e-01,  8.89700890e-01,  6.20562695e-02, -9.28200662e-01,
        -6.78319156e-01,  5.24207950e-01,  1.37414932e-01, -1.09349179e+00,
         1.29369068e+00,  1.47101378e+00, -3.79719064e-02,  2.85917878e-01,
        -3.77980500e-01,  2.87252933e-01, -1.17059183e+00, -2.85190415e+00,
         1.80322027e+00, -6.05828881e-01, -3.66633153e+00, -1.32589012e-01,
         1.53144503e+00,  9.48168397e-01, -6.29362345e-01,  6.06424272e-01,
         1.15528047e+00, -2.25137159e-01, -1.28718579e+00, -4.27498162e-01,
         1.79428363e+00,  1.56320095e+00,  1.72906578e-01, -6.74252152e-01,
         1.14254224e+00, -1.71023893e+00, -1.43833899e+00,  5.88367343e-01,
        -5.05833089e-01,  1.46473753e+00, -3.49838614e-01,  8.87373269e-01,
         1.25048280e+00,  1.80366054e-01,  2.39207491e-01, -7.21500993e-01,
        -3.21448475e-01, -1.73615837e+00,  3.36573154e-01, -2.03148276e-01,
        -7.06114061e-03,  1.92746317e+00,  1.83949065e+00, -1.59359694e-01,
        -1.42888975e+00,  1.11630213e+00, -1.46335864e+00,  8.55573475e-01,
         1.82782674e+00, -1.63358486e+00, -1.89241624e+00,  1.31034350e+00,
        -1.53195128e-01,  1.04757786e+00, -1.41244197e+00,  2.59592652e-01,
         3.37670118e-01,  7.07881212e-01, -4.44732100e-01, -2.47290850e+00,
        -9.42436397e-01,  2.57812500e+00, -7.23102570e-01, -6.26467943e-01,
         1.63321197e+00,  2.77062058e-01, -4.67318073e-02,  1.00447464e+00,
         1.06214333e+00,  1.30927432e+00,  1.17091608e+00, -6.50851488e-01,
         1.52833259e+00,  1.72929966e+00,  6.86529726e-02, -1.10813618e+00,
         1.71118043e-02, -1.21571076e+00, -5.14708519e-01, -1.17759451e-01,
         9.94503915e-01,  1.54129112e+00, -2.47067738e+00,  1.09869194e+00,
         1.10898995e+00, -9.61047471e-01, -8.69057834e-01,  9.61420000e-01,
        -1.20284498e+00,  1.38544047e+00, -1.05966353e+00,  7.13297784e-01,
         1.23635042e+00,  1.06939483e+00, -9.24543083e-01,  1.00538224e-01,
         5.79850256e-01,  5.51445365e-01,  1.81172505e-01, -7.66403973e-01,
        -5.63002586e-01,  4.59513515e-01,  2.81899023e+00,  6.64983690e-01,
         1.70195568e+00,  3.87714922e-01, -1.72605562e+00, -2.02689394e-01,
        -1.63234353e+00,  1.47802305e+00, -2.00984716e-01,  5.30160844e-01,
         1.21125758e+00,  8.75343204e-01,  3.61300421e+00,  2.14021876e-01,
         7.80163944e-01,  1.48970783e+00,  6.12403929e-01,  2.07826042e+00,
        -6.13948584e-01,  5.25733195e-02, -2.45627508e-01,  3.69700223e-01,
         4.37349737e-01,  1.47272974e-01, -2.14829102e-01, -4.26681280e-01,
        -1.40270615e+00, -2.70480722e-01,  3.43917489e-01,  6.44929826e-01,
         1.04456317e+00,  5.39658487e-01,  1.44627452e-01,  9.14966106e-01,
         4.92621243e-01, -1.34629047e+00,  1.70891762e+00,  1.02090490e+00,
        -1.31512010e+00, -1.56319654e+00, -1.29017591e+00, -1.03639472e+00,
         3.62201542e-01, -1.14990366e+00,  3.46797884e-01, -2.76597112e-01,
         1.37380028e+00, -1.42272305e+00, -9.71728742e-01,  6.64395690e-01,
        -9.16896403e-01, -1.17275566e-01,  6.67325616e-01, -2.06561947e+00,
        -6.06587589e-01,  6.29920140e-02,  5.13808094e-02, -2.28990018e-01,
         1.22160172e+00,  2.73767114e-01,  1.09542644e+00,  3.75983626e-01,
         2.34306335e+00,  1.89809287e+00,  1.06277561e+00, -1.17925513e+00,
        -8.40982944e-02, -6.62880123e-01,  1.40607610e-01,  3.47466850e+00,
         2.10112500e+00, -1.34189737e+00,  1.13812065e+00,  1.10648227e+00,
        -3.63545609e+00, -1.20997024e+00, -1.04253709e+00, -5.73133945e-01,
        -1.73959708e+00,  1.98713779e-01, -6.03434920e-01, -9.46853340e-01,
        -1.99606812e+00, -2.63290906e+00, -9.90055740e-01, -5.99221289e-01,
         2.21691489e+00, -5.90447597e-02, -5.72023749e-01,  2.33344406e-01,
         5.83249152e-01, -5.18830121e-01, -2.14904928e+00,  3.90971974e-02,
         5.62728584e-01,  2.39013523e-01, -1.72165775e+00,  2.29543543e+00,
         6.98503852e-03, -1.06996465e+00,  2.84058958e-01,  9.31050181e-01,
        -5.50327182e-01,  3.28833914e+00,  2.79638588e-01, -1.55958548e-01,
        -1.28267616e-01, -1.85274720e-01, -1.32364106e+00, -1.54350436e+00,
         2.83442020e+00,  1.18707657e+00,  1.26440406e+00, -6.97094202e-01,
         3.75954509e-01,  6.14008009e-01,  1.60837257e+00,  1.08660929e-01,
        -3.09056818e-01, -9.66506958e-01,  5.50431132e-01,  1.12896609e+00,
         6.63082457e+00,  4.18809175e+00,  6.50262594e-01, -3.16664755e-01,
         8.74588013e-01, -4.74742830e-01, -1.74215108e-01,  2.66379237e+00,
        -1.93805420e+00, -7.29469597e-01, -4.29370552e-01, -8.85204554e-01,
         9.66211557e-01, -5.79840899e-01, -2.95080841e-01,  8.03692997e-01,
         7.17202663e-01,  2.40803218e+00, -4.41462576e-01, -1.88410842e+00,
        -2.34742022e+00,  3.05527113e-02, -2.22861099e+00, -2.11232901e+00,
        -1.78212380e+00,  6.99273646e-01, -1.56846511e+00, -1.11022937e+00,
        -1.33467054e+00, -2.23262978e+00, -1.93704367e+00, -1.44952941e+00,
        -1.30301440e+00, -9.64474201e-01, -1.17588079e+00, -2.48749837e-01,
        -1.39149368e+00, -1.34120464e+00, -6.44617915e-01, -7.32958242e-02,
        -2.79017377e+00,  1.01956569e-01, -2.44572616e+00, -9.02442098e-01,
         1.83908808e+00,  4.50429469e-01,  3.91124368e-01,  6.84253454e-01,
        -1.00123775e+00, -1.73094705e-01,  1.60719112e-01, -9.10165191e-01,
        -1.20803332e+00, -5.03071725e-01, -4.37042117e-01, -2.63745880e+00,
        -2.74437475e+00, -4.95256901e-01, -2.43530607e+00, -1.97620308e+00,
        -1.99989450e+00, -1.69417584e+00,  4.94259000e-01, -1.08773482e+00,
         4.77777034e-01, -6.01479471e-01, -1.50586307e+00,  2.47382259e+00,
        -7.87939429e-01,  7.37075880e-02,  2.20494056e+00,  1.88721764e+00,
        -1.02795398e+00,  1.17253935e+00,  2.96779983e-02, -1.23573303e+00,
         8.85840714e-01,  6.69486046e-01, -3.14771503e-01,  6.96067736e-02,
         1.39913931e-01,  6.09131455e-02, -8.50316465e-01,  6.49076700e-02,
        -7.14467943e-01,  4.22707051e-02, -1.33177292e+00, -1.64320683e+00,
        -1.14763308e+00, -2.93333983e+00, -2.78259563e+00, -1.75456047e+00,
        -1.88460636e+00, -2.05292439e+00,  1.23471521e-01,  1.47609663e+00],
       device='cuda:0')
Clean RHS: tensor([[0.55645686]], device='cuda:0')
Split layers:
Nonlinear functions:
   BoundRelu(name=/66, inputs=[/input], perturbed=True)
   BoundRelu(name=/68, inputs=[/input-4], perturbed=True)
   BoundRelu(name=/71, inputs=[/input-12], perturbed=True)
   BoundRelu(name=/73, inputs=[/input-16], perturbed=True)
   BoundRelu(name=/76, inputs=[/input-24], perturbed=True)
   BoundRelu(name=/78, inputs=[/input-28], perturbed=True)
   BoundRelu(name=/80, inputs=[/input-32], perturbed=True)
   BoundRelu(name=/83, inputs=[/input-40], perturbed=True)
   BoundRelu(name=/85, inputs=[/input-44], perturbed=True)
   BoundRelu(name=/87, inputs=[/input-48], perturbed=True)
   BoundRelu(name=/90, inputs=[/input-56], perturbed=True)
   BoundRelu(name=/92, inputs=[/input-60], perturbed=True)
   BoundRelu(name=/94, inputs=[/input-64], perturbed=True)
   BoundRelu(name=/98, inputs=[/input-68], perturbed=True)
   BoundRelu(name=/101, inputs=[/input-72], perturbed=True)
   BoundRelu(name=/input-8/conv_1_relu, inputs=[/input-8/conv_1], perturbed=True)
   BoundRelu(name=/input-8/conv_3_relu, inputs=[/input-8/conv_3], perturbed=True)
   BoundRelu(name=/input-20/conv_1_relu, inputs=[/input-20/conv_1], perturbed=True)
   BoundRelu(name=/input-20/conv_3_relu, inputs=[/input-20/conv_3], perturbed=True)
   BoundRelu(name=/input-36/conv_1_relu, inputs=[/input-36/conv_1], perturbed=True)
   BoundRelu(name=/input-36/conv_3_relu, inputs=[/input-36/conv_3], perturbed=True)
   BoundRelu(name=/input-52/conv_1_relu, inputs=[/input-52/conv_1], perturbed=True)
   BoundRelu(name=/input-52/conv_3_relu, inputs=[/input-52/conv_3], perturbed=True)
   BoundRelu(name=/95/conv_1_relu, inputs=[/95/conv_1], perturbed=True)
   BoundRelu(name=/95/conv_3_relu, inputs=[/95/conv_3], perturbed=True)
Batched CROWN: node BoundConv(name=/input-4, inputs=[/66, /35, /36], perturbed=True), unstable size 3381
Batched CROWN: node BoundConv(name=/input-8/conv_1, inputs=[/68, /input-8/conv_1_w], perturbed=True), unstable size 4818
Batched CROWN: node BoundConv(name=/input-8/conv_3, inputs=[/input-8/add_1_2, /input-8/conv_3_w], perturbed=True), unstable size 1402
Batched CROWN: node BoundConv(name=/input-12, inputs=[/input-8/add_3_4, /37, /38], perturbed=True), unstable size 30278
Batched CROWN: node BoundConv(name=/input-16, inputs=[/71, /39, /40], perturbed=True), unstable size 332440
Batched CROWN: node BoundConv(name=/input-20/conv_1, inputs=[/73, /input-20/conv_1_w], perturbed=True), unstable size 54551
Batched CROWN: node BoundConv(name=/input-20/conv_3, inputs=[/input-20/add_1_2, /input-20/conv_3_w], perturbed=True), unstable size 22737
Batched CROWN: node BoundConv(name=/input-24, inputs=[/input-20/add_3_4, /41, /42], perturbed=True), unstable size 419216
Batched CROWN: node BoundConv(name=/input-28, inputs=[/76, /43, /44], perturbed=True), unstable size 292322
Batched CROWN: node BoundConv(name=/input-32, inputs=[/78, /45, /46], perturbed=True), unstable size 432524
Batched CROWN: node BoundConv(name=/input-36/conv_1, inputs=[/80, /input-36/conv_1_w], perturbed=True), unstable size 6397
Batched CROWN: node BoundConv(name=/input-36/conv_3, inputs=[/input-36/add_1_2, /input-36/conv_3_w], perturbed=True), unstable size 3653
Batched CROWN: node BoundConv(name=/input-40, inputs=[/input-36/add_3_4, /47, /48], perturbed=True), unstable size 150573
Batched CROWN: node BoundConv(name=/input-44, inputs=[/83, /49, /50], perturbed=True), unstable size 287145
Batched CROWN: node BoundConv(name=/input-48, inputs=[/85, /51, /52], perturbed=True), unstable size 23221
Batched CROWN: node BoundConv(name=/input-52/conv_1, inputs=[/87, /input-52/conv_1_w], perturbed=True), unstable size 2450
Batched CROWN: node BoundConv(name=/input-52/conv_3, inputs=[/input-52/add_1_2, /input-52/conv_3_w], perturbed=True), unstable size 1770
Batched CROWN: node BoundConv(name=/input-56, inputs=[/input-52/add_3_4, /53, /54], perturbed=True), unstable size 49508
Batched CROWN: node BoundConv(name=/input-60, inputs=[/90, /55, /56], perturbed=True), unstable size 71672
Batched CROWN: node BoundConv(name=/input-64, inputs=[/92, /57, /58], perturbed=True), unstable size 23976
Batched CROWN: node BoundConv(name=/95/conv_1, inputs=[/94, /95/conv_1_w], perturbed=True), unstable size 773
Batched CROWN: node BoundConv(name=/95/conv_3, inputs=[/95/add_1_2, /95/conv_3_w], perturbed=True), unstable size 455
Batched CROWN: node BoundLinear(name=/input-68, inputs=[/96, /59, /60], perturbed=True), unstable size 3558
Batched CROWN: node BoundLinear(name=/input-72, inputs=[/99, /61, /62], perturbed=True), unstable size 4050
initial crown bounds: tensor([[0.54483593]], device='cuda:0')
Number of class (without rhs): 0 ; Worst class: (+ rhs) 0.5448359251022339
Verified by initial bound!
Result: unsat
Time: 643.61363530159
[rank 0] === Checking instance ID 777 ===
[rank 0] >>> Running ID=777 onnx=onnx/vgg16-7.onnx
Configurations:

general:
  device: cuda
  seed: 100
  conv_mode: patches
  deterministic: false
  double_fp: false
  loss_reduction_func: max
  sparse_alpha: true
  sparse_interm: true
  save_adv_example: false
  verify_onnxruntime_output: false
  eval_adv_example: false
  show_adv_example: false
  precompile_jit: false
  prepare_only: false
  complete_verifier: bab
  enable_incomplete_verification: false
  csv_name: instances.csv
  results_file: results/vggnet16_all_p_4/result_777.rank0.txt
  root_path: ../../vnncomp2023_benchmarks/benchmarks/vggnet16
  deterministic_opt: false
  graph_optimizer: 'Customized("custom_graph_optimizer", "maxpool_to_relu")'
  buffer_has_batchdim: false
  save_output: false
  output_file: out.pkl
  return_optimized_model: false
  output_additional_stats: true
  instance_id: 777
  dataset_output_dir: dataset
  min_stable_neurons_ratio_threshold: 0.0
model:
  name: null
  path: null
  onnx_path: /projects/air/dlverifier/vggnet16_all/onnx/vgg16-7.onnx
  onnx_path_prefix: ''
  cache_onnx_conversion: true
  debug_onnx: false
  onnx_quirks: null
  input_shape: null
  onnx_loader: default_onnx_and_vnnlib_loader
  onnx_optimization_flags: []
  onnx_vnnlib_joint_optimization_flags: none
  check_optimized: false
  flatten_final_output: false
  optimize_graph: null
  with_jacobian: false
data:
  start: 0
  end: 10000
  select_instance: null
  num_outputs: 1000
  mean: 0.0
  std: 1.0
  pkl_path: null
  dataset: null
  data_filter_path: null
  data_idx_file: null
specification:
  type: lp
  robustness_type: verified-acc
  norm: .inf
  epsilon: null
  epsilon_min: 0.0
  vnnlib_path: /projects/air/dlverifier/vggnet16_all/vnnlib/n02090721_Irish_wolfhound_fix_nonmask_seg0_k50176_eps_0.0002.vnnlib
  vnnlib_path_prefix: ''
  rhs_offset: null
solver:
  batch_size: 1
  auto_enlarge_batch_size: false
  min_batch_size_ratio: 0.1
  use_float64_in_last_iteration: false
  early_stop_patience: 10
  start_save_best: 0.5
  bound_prop_method: forward+backward
  init_bound_prop_method: same
  prune_after_crown: false
  optimize_disjuncts_separately: false
  crown:
    batch_size: 16
    max_crown_size: 1000000000
    relu_option: adaptive
  alpha-crown:
    alpha: true
    lr_alpha: 0.1
    iteration: 100
    share_alphas: false
    lr_decay: 0.98
    full_conv_alpha: true
    max_coeff_mul: .inf
    matmul_share_alphas: false
    disable_optimization: []
    max_time: 1.0
  invprop:
    apply_output_constraints_to: []
    tighten_input_bounds: false
    best_of_oc_and_no_oc: false
    directly_optimize: []
    oc_lr: 0.1
    share_gammas: false
  beta-crown:
    lr_alpha: 0.01
    lr_beta: 0.05
    lr_decay: 0.98
    optimizer: adam
    iteration: 10
    beta: true
    beta_warmup: true
    enable_opt_interm_bounds: false
    all_node_split_LP: false
  forward:
    refine: false
    dynamic: true
    max_dim: 100
    reset_threshold: 1.0
  intermediate_refinement:
    enabled: false
    batch_size: 10
    opt_coeffs: false
    opt_bias: false
    lr: 0.05
    layers: [-1]
    max_domains: 1000
  multi_class:
    label_batch_size: 32
    skip_with_refined_bound: true
  mip:
    unstable_neuron_threshold: 0
    parallel_solvers: null
    solver_threads: 1
    refine_neuron_timeout: 15
    refine_neuron_time_percentage: 0.8
    early_stop: true
    adv_warmup: true
    mip_solver: gurobi
    skip_unsafe: false
    topk_filter: 1.0
    sliding_window: -1
    extra_constraint: false
    refine_neuron_timeout_increasement: 0
    timeout_neuron_percentage: 0.3
    remaining_timeout_threshold: 1
    remove_unstable_neurons: true
    lp_solver: false
bab:
  initial_max_domains: 1
  backing_up_max_domain: null
  max_domains: .inf
  decision_thresh: 0
  timeout: 1200.0
  timeout_scale: 1
  max_iterations: -1
  override_timeout: null
  get_upper_bound: false
  pruning_in_iteration: true
  pruning_in_iteration_ratio: 0.2
  sort_targets: false
  batched_domain_list: true
  optimized_interm: ''
  interm_transfer: true
  recompute_interm: false
  sort_domain_interval: -1
  vanilla_crown: false
  tree_traversal: depth_first
  cut:
    enabled: false
    cuts_path: /tmp/abcrown_cuts
    implication: false
    bab_cut: false
    lp_cut: false
    method: null
    lr: 0.01
    lr_decay: 1.0
    iteration: 100
    bab_iteration: -1
    early_stop_patience: -1
    lr_beta: 0.02
    number_cuts: 50
    topk_cuts_in_filter: 1000
    batch_size_primal: 100
    max_num: 1000000000
    patches_cut: false
    cplex_cuts: false
    cplex_cuts_wait: 0
    cplex_cuts_revpickup: true
    cut_reference_bounds: true
    fix_intermediate_bounds: false
    _tmp_cuts: null
    fixed_cuts: false
    add_implied_cuts: false
    add_input_cuts: false
    biccos:
      enabled: false
      constraint_strengthening: true
      recursively_strengthening: false
      drop_ratio: 0.5
      verified_bonus: 0.3
      max_infer_iter: 20
      heuristic: neuron_influence_score
      save_biccos_cuts: false
      multi_tree_branching:
        enabled: false
        restore_best_tree: false
        keep_n_best_domains: 1
        k_splits: 1
        iterations: 1
  branching:
    method: sb
    candidates: 3
    reduceop: min
    enable_intermediate_bound_opt: false
    branching_input_and_activation: false
    branching_input_and_activation_order: [input, relu]
    branching_input_iterations: 30
    branching_relu_iterations: 50
    gnn_path: ''
    neural_heuristic:
      model_path: ''
    rl:
      experiment: general
      eval: false
      extras: []
      logging:
        color: true
        debug: true
        file: rl-experiment.log
      pnet:
        gH: 64
        tH: 64
        nheads: 64
        nlayers: 64
        useDynamicGraph: true
        bidirectional: false
        GAT: true
      training:
        gamma: 0.99
        lr: 0.001
        batchSize: 8
        loop: 8
        totalEpochs: 10
        updatePolicyFrequency: 10
        updateTargetFrequency: 10
        buffer: buffer.pkl
        preparedBuffer: 'False'
        TestingPreparedBuffer: false
        scriptTraining: false
        policynet: policy-checkpoint.pt
        targetnet: target-checkpoint.pt
        datasetShuffle: true
        targetedData: all
        splitRatio: 0.8
        maxInstances: -1
        trainingMode: full
        reward:
          norm: null
          bonus: 10.0
          penalty: -1.0
      egreedy:
        epsilon: 0.1
        epsilonDecay: 0.1
        minEpsilon: 0.1
        ePath: epsilon.pt
        enabled: true
      expert:
        useExpertUntilEpisode: 0.1
        enabled: true
        learnToImitateExpertEpochs: 10
    nonlinear_split:
      method: shortcut
      branching_point_method: uniform
      num_branches: 2
      filter: false
      filter_beta: false
      filter_clamp: false
      filter_batch_size: 10000
      filter_iterations: 25
      relu_only: false
      loose_tanh_threshold: null
      dynamic_bbps: false
      dynamic_options: [uniform, three_left, three_right]
      branching_point_node: ''
      branching_point_db: []
    input_split:
      enable_clip_domains: false
      split_hint: null
      reorder_bab: false
      enable: true
      enhanced_bound_prop_method: alpha-crown
      enhanced_branching_method: naive
      enhanced_bound_patience: 100000000.0
      attack_patience: 100000000.0
      adv_check: 0
      split_partitions: 2
      sb_margin_weight: 1.0
      sb_sum: false
      sb_primary_spec: null
      bf_backup_thresh: -1
      bf_rhs_offset: 0
      bf_iters: 1000000000.0
      bf_batch_size: 100000
      bf_zero_crossing_score: false
      touch_zero_score: 0
      ibp_enhancement: false
      catch_assertion: false
      compare_with_old_bounds: false
      update_rhs_with_attack: false
      sb_coeff_thresh: 0.001
      sort_index: null
      sort_descending: true
      show_progress: false
      presplit_domains: null
      skip_getting_worst_domain: false
  attack:
    enabled: false
    beam_candidates: 8
    beam_depth: 7
    max_dive_fix_ratio: 0.8
    min_local_free_ratio: 0.2
    mip_start_iteration: 5
    mip_timeout: 30.0
    adv_pool_threshold: null
    refined_mip_attacker: false
    refined_batch_size: null
attack:
  pgd_order: input_bab
  pgd_steps: 100
  pgd_restarts: 30
  pgd_batch_size: 100000000
  pgd_early_stop: true
  pgd_lr_decay: 0.99
  pgd_alpha: auto
  pgd_alpha_scale: false
  pgd_loss_mode: null
  pgd_restart_when_stuck: false
  enable_mip_attack: false
  adv_saver: default_adv_saver
  adv_verifier: default_adv_verifier
  early_stop_condition: default_early_stop_condition
  adv_example_finalizer: default_adv_example_finalizer
  pgd_loss: default_pgd_loss
  cex_path: ./test_cex.txt
  attack_mode: PGD
  attack_tolerance: 0.0
  attack_func: attack_with_general_specs
  gama_lambda: 10.0
  gama_decay: 0.9
  check_clean: true
  input_split:
    pgd_steps: 100
    pgd_restarts: 30
    pgd_alpha: auto
  input_split_enhanced:
    pgd_steps: 200
    pgd_restarts: 500000
    pgd_alpha: auto
  input_split_check_adv:
    enabled: auto
    pgd_steps: 5
    pgd_restarts: 5
    pgd_alpha: auto
    max_num_domains: 10
debug:
  sanity_check: Full+Graph
  view_model: false
  lp_test: null
  rescale_vnnlib_ptb: null
  test_optimized_bounds: false
  test_optimized_bounds_after_n_iterations: 0
  print_verbose_decisions: false

Experiments at Thu Feb 19 08:57:39 2026 on d1026
Internal results will be saved to results/vggnet16_all_p_4/result_777.rank0.txt.

[ZRL] %%%%%%%%%%%%%%%%%%%%%%%%%%%%%%%%%%% idx: 0, vnnlib ID: 0 %%%%%%%%%%%%%%%%%%%%%%%%%%%%%%%%%%%
Using onnx /projects/air/dlverifier/vggnet16_all/onnx/vgg16-7.onnx
Using vnnlib /projects/air/dlverifier/vggnet16_all/vnnlib/n02090721_Irish_wolfhound_fix_nonmask_seg0_k50176_eps_0.0002.vnnlib
150528 inputs and 1000 outputs in vnnlib
Loading cached onnx model from /projects/air/dlverifier/vggnet16_all/onnx/vgg16-7.onnx.cached
Cannot read cached onnx file. Regenerating...
Loading onnx /projects/air/dlverifier/vggnet16_all/onnx/vgg16-7.onnx with quirks {}
Finished onnx model loading in 38.0457 seconds
Number of perturbed inputs: 137736
WARNING: prioritizing attack due to too many perturbed pixels on VGG
Setting arguments.Config["attack"]["pgd_order"] to "before"
Setting bound_prop_method to crown
Attack parameters: initialization=uniform, steps=100, restarts=30, alpha=5.000084638595581e-05, initialization=uniform, GAMA=False
Model output of first 5 examples:
 tensor([[ 1.04841626e+00,  2.06702948e+00,  1.09783721e+00,  1.12288201e+00,
          1.32237649e+00,  1.78087616e+00,  2.02228856e+00, -1.33932936e+00,
         -9.34227884e-01, -5.16535878e-01, -1.10908437e+00,  3.98890167e-01,
         -1.86851010e-01, -4.28034902e-01,  6.12776577e-01,  3.99405211e-01,
         -6.88385785e-01, -7.47176349e-01, -8.81155133e-02, -6.38609409e-01,
         -1.45150453e-01,  8.04878235e-01,  1.29130948e+00, -4.18406129e-02,
          5.27139425e-01, -1.40129519e+00, -2.91991606e-02, -7.69551635e-01,
         -1.72836423e+00,  6.30796134e-01, -1.19846606e+00,  8.31612587e-01,
         -9.04494464e-01, -2.44698510e-01, -3.72476667e-01, -8.30604136e-01,
          8.32296789e-01, -1.54462540e+00, -1.87428474e-01, -1.07655621e+00,
          9.79077280e-01, -1.29397106e+00, -1.74308062e+00, -1.25649440e+00,
         -5.64032674e-01, -1.05319524e+00,  1.38925374e+00, -8.50888073e-01,
         -8.57981205e-01,  2.63409257e-01,  1.57935929e+00, -2.08044982e+00,
         -1.60624072e-01,  1.42617181e-01, -1.00066388e+00,  9.73762646e-02,
         -1.13942766e+00, -1.49697948e+00,  6.67936921e-01,  2.43450195e-01,
          3.12171787e-01, -8.48199487e-01, -1.42098188e+00,  1.30401149e-01,
          8.15625548e-01,  8.57550144e-01, -7.91928589e-01,  1.73909873e-01,
         -1.30269384e+00, -1.15134585e+00,  2.96281695e-01,  2.64549524e-01,
         -3.43469083e-01,  3.86803269e-01,  1.65325120e-01,  6.03511810e-01,
          2.17951506e-01,  1.20489383e+00,  8.82493496e-01,  1.08442569e+00,
         -1.50570810e-01, -1.32069433e+00, -3.95295799e-01, -9.65249181e-01,
         -4.79075797e-02, -3.23501319e-01, -8.13810706e-01,  3.84021312e-01,
          2.24855557e-01,  1.52900100e-01, -2.40801215e-01, -1.61370683e+00,
          4.24468726e-01,  3.85346681e-01,  8.39882493e-01, -1.58088267e+00,
          9.90889013e-01,  1.21901751e-01,  4.78408873e-01,  1.02759504e+00,
          1.85437775e+00, -8.44623864e-01, -2.03725338e+00,  1.64002359e+00,
          4.05474380e-02, -1.37157083e+00, -4.43854928e-02,  1.08433914e+00,
         -7.90048540e-01, -6.76596403e-01,  2.04628348e-01,  2.93847299e+00,
          1.33996099e-01,  5.67879200e-01,  4.04879689e-01, -1.25103486e+00,
         -1.29150772e+00,  3.41551185e-01, -1.24708724e+00, -2.03626680e+00,
         -2.12764144e+00, -2.44092846e+00, -2.09984899e+00, -2.15008307e+00,
         -1.42314458e+00, -1.67757034e+00,  6.58292413e-01,  1.06489539e+00,
          1.14384890e+00,  1.91552961e+00,  1.23588824e+00,  7.70718575e-01,
          2.42401004e+00,  5.11511564e-01,  1.03597951e+00, -1.43982425e-01,
         -1.67312562e-01,  1.00781727e+00,  4.00927216e-01, -1.64655936e+00,
         -1.67302322e+00,  4.18755978e-01, -3.82861674e-01, -1.03638142e-01,
          1.69835508e-01,  4.38501358e-01, -9.24252868e-02,  1.33709037e+00,
          8.51669967e-01,  2.43681073e+00,  1.49818435e-01,  1.15314150e+00,
         -4.80549753e-01,  1.71431780e+00,  7.82583356e-01,  4.00974989e-01,
         -1.28886029e-01,  4.22330916e-01, -5.26456714e-01, -3.58639091e-01,
          7.96238855e-02,  4.40726995e-01,  1.15307498e+00,  1.27229616e-01,
         -5.25594771e-01, -7.44796276e-01, -8.90048146e-01, -9.10658121e-01,
          2.47757360e-02,  3.31844300e-01,  2.18917832e-01,  7.19394088e-02,
         -4.21575189e-01,  4.94391888e-01,  2.67710596e-01,  1.54672995e-01,
         -4.37967211e-01, -3.37538809e-01,  1.46655333e+00, -7.20633268e-01,
         -4.13566321e-01,  6.18215621e-01,  5.72065413e-01,  1.58946842e-01,
          6.68413758e-01,  2.93850392e-01,  7.60282993e-01,  1.23892784e+00,
          1.79418042e-01,  3.22540194e-01,  9.52509761e-01,  1.26236451e+00,
          6.94086850e-01,  6.18317604e-01,  4.51832503e-01,  1.17565620e+00,
          8.24497759e-01, -4.97575045e-01, -3.89265954e-01,  1.24394083e+00,
          5.99547982e-01,  4.21265662e-01,  6.87902451e-01,  2.19907856e+00,
          1.04659963e+00, -1.54591084e-01, -9.46084738e-01,  8.48017573e-01,
          7.10781395e-01,  8.09923232e-01, -1.37656200e+00,  3.03806782e-01,
          8.86848032e-01,  1.12304986e-01, -3.31060410e-01, -1.01086348e-01,
          6.71431363e-01,  2.01851934e-01,  7.40691349e-02,  8.16995263e-01,
          4.14990574e-01, -2.25701943e-01,  5.85538328e-01,  6.35855734e-01,
          7.61703730e-01,  1.54794827e-02,  1.38550028e-01, -1.82953700e-01,
         -5.84819674e-01,  1.59754622e+00, -7.11412206e-02,  5.76572597e-01,
         -3.02324176e-01,  1.09036854e-02,  2.65468135e-02,  8.40097129e-01,
         -3.09533238e-01,  1.95857555e-01, -3.43779564e-01,  1.50321960e-01,
         -2.27521986e-01, -4.11995202e-01,  5.85869372e-01, -6.90313935e-01,
         -5.79296172e-01,  1.07357538e+00, -5.62276661e-01, -3.27507965e-02,
          7.89481282e-01,  7.20355511e-01,  6.62498713e-01, -7.16749668e-01,
          1.85846016e-01,  4.06942159e-01,  1.47081137e+00, -7.33713865e-01,
         -5.13374627e-01,  1.18795764e+00,  1.21086466e+00,  1.60866928e+00,
          1.40116215e+00,  3.32886964e-01, -8.18780124e-01,  8.42941701e-01,
          2.11467624e-01,  1.37608588e+00,  3.78790557e-01,  1.44554138e-01,
         -1.50065005e+00,  1.22280824e+00,  1.93047059e+00,  8.80282760e-01,
          1.20015097e+00,  1.34700382e+00,  2.20987737e-01, -8.41701627e-02,
          4.01400685e-01,  1.31880844e+00,  7.22867027e-02,  1.76156175e+00,
          8.43605161e-01,  2.32194471e+00,  2.71703315e+00,  3.00831747e+00,
          2.83558226e+00,  1.54919708e+00,  5.06905735e-01,  1.34696674e+00,
         -3.55551928e-01, -1.28219783e-01, -5.10631740e-01,  2.36697972e-01,
          2.48533651e-01,  2.77225226e-01,  3.42863321e-01,  8.73809755e-02,
          2.60158467e+00, -1.04291588e-01, -5.34663737e-01, -9.82420519e-02,
         -1.99863458e+00,  3.91385555e-01, -1.34293985e+00, -1.04272747e+00,
         -1.18944776e+00, -2.17410374e+00, -8.51742625e-01, -5.33351541e-01,
          3.93786728e-01, -1.16877830e+00,  1.24519837e+00,  3.83961499e-01,
         -4.91794467e-01,  1.08729434e+00,  5.48384666e-01,  2.92870402e-01,
          8.84554237e-02, -5.25283813e-01,  1.54183698e+00,  7.34130502e-01,
          3.01174652e-02, -2.35572004e+00, -1.60914826e+00, -2.02347875e+00,
         -1.32123375e+00, -1.70693171e+00, -1.76612580e+00,  6.83341734e-03,
         -1.79345965e+00, -1.58196092e+00,  1.27147555e+00,  1.90809536e+00,
          2.71118498e+00,  8.01773310e-01, -4.54504788e-01, -2.54682332e-01,
         -1.64157915e+00,  1.22681844e+00,  5.49645185e-01, -1.79095495e+00,
         -7.14995503e-01,  1.47073388e-01, -4.11438346e-01, -1.03831136e+00,
          5.33989608e-01, -9.38632429e-01, -1.04771316e+00, -2.42222399e-01,
         -1.81428719e+00, -1.19797075e+00, -1.33277404e+00, -9.00407851e-01,
         -5.55333555e-01, -5.47250688e-01, -1.38589954e+00, -8.29122901e-01,
          7.19512582e-01,  1.84106380e-01,  4.91237700e-01,  7.69635856e-01,
          6.76950812e-01,  6.15933597e-01,  1.01987958e+00, -5.84591143e-02,
         -8.62446308e-01,  2.29518548e-01,  5.04971981e-01,  3.04453094e-02,
          4.59638804e-01, -4.50593114e-01,  4.86010164e-02, -6.20909572e-01,
          8.01815033e-01,  8.24344993e-01,  4.37255025e-01, -8.81389320e-01,
          3.97642702e-01,  2.38435835e-01,  6.33179009e-01, -4.68650073e-01,
          6.56517029e-01, -1.68257266e-01,  3.69544804e-01,  3.66162555e-03,
         -2.67624825e-01, -2.07889527e-01, -6.88671529e-01, -1.35016191e+00,
         -9.81783032e-01,  1.06632829e+00,  2.15414420e-01,  1.28481257e+00,
          5.57055585e-02, -1.24558878e+00,  5.30804515e-01,  1.42353094e+00,
         -1.16923344e+00, -7.67111033e-02, -9.76107359e-01,  4.41777945e-01,
         -1.07663774e+00, -1.45843792e+00,  1.64022982e-01, -7.67997086e-01,
         -5.89534879e-01,  6.72314823e-01, -1.39469647e+00, -6.32172048e-01,
         -1.58997023e+00,  1.91664267e+00, -1.32918227e+00,  1.76874912e+00,
          5.54747999e-01,  5.89504242e-01,  1.02466011e+00, -2.27278137e+00,
          1.40740478e+00,  1.11452651e+00,  1.52110624e+00,  1.73824036e+00,
         -1.10867880e-02,  1.07768528e-01, -5.11149943e-01, -1.59498918e+00,
         -6.89404249e-01,  5.29212892e-01,  2.27858186e-01, -9.85763371e-01,
         -6.36488676e-01, -2.75341958e-01, -1.16411519e+00, -4.37912256e-01,
         -3.52207392e-01,  1.35431945e+00,  1.50891972e+00,  7.14855492e-01,
         -7.50615537e-01,  2.45650560e-01,  1.46836913e+00,  5.54061159e-02,
         -5.67764044e-03,  1.50114250e+00, -3.02488476e-01,  2.21989346e+00,
         -1.55274856e+00, -4.24734503e-01,  2.85933137e+00, -4.63554859e-01,
         -1.76030487e-01,  1.20500520e-01, -1.38093042e+00, -6.14423491e-02,
          2.16950551e-01, -5.22946477e-01, -1.82890296e+00, -2.60300815e-01,
         -2.40734026e-01,  7.08655059e-01, -3.46421182e-01,  5.25474072e-01,
         -7.88560212e-01, -5.67533225e-02,  1.87900448e+00,  7.15582818e-03,
          7.62693644e-01,  1.80764747e+00, -1.44002008e+00, -2.61006784e+00,
          3.85600746e-01, -1.96035132e-01,  4.88402188e-01, -1.33931708e+00,
          3.27845663e-02,  1.86983377e-01, -5.67984581e-01,  1.11009789e+00,
         -1.38532782e+00, -8.36416960e-01,  1.02084987e-02, -1.30918384e+00,
          2.75290155e+00,  5.72420657e-01, -3.30075175e-01, -3.50017160e-01,
         -2.14953288e-01,  4.61244613e-01, -3.88132155e-01,  1.55814254e+00,
         -8.31475258e-01,  2.00047269e-01,  1.40770733e-01, -1.43300498e+00,
          1.09113157e-01, -7.22552359e-01,  1.43722028e-01, -7.54250824e-01,
          8.42961550e-01,  4.90809202e-01, -3.17792237e-01,  2.07362223e+00,
         -2.78901219e+00,  6.69061124e-01, -1.19025230e+00, -5.20393364e-02,
         -8.35775211e-03, -3.91590804e-01, -1.87840617e+00,  5.65754712e-01,
          1.07106698e+00, -3.09532571e+00, -5.25867462e-01, -1.53705442e+00,
         -5.57725906e-01, -5.46876788e-01, -8.55974197e-01, -4.20363277e-01,
         -1.76320744e+00,  1.46180674e-01, -8.23091626e-01, -7.02823639e-01,
         -9.30623412e-01, -1.00141060e+00, -1.04329658e+00, -4.72974211e-01,
         -5.50800323e-01, -2.80056834e-01, -7.50897765e-01,  4.92082775e-01,
         -8.68337333e-01,  1.01035750e+00,  1.68683755e+00,  4.69805807e-01,
         -1.07297146e+00,  4.07973714e-02,  1.94954562e+00, -2.40225005e+00,
         -1.47549450e+00, -6.97730422e-01,  3.06994796e-01,  2.89269328e+00,
         -1.06392950e-01, -2.09698939e+00,  9.95441318e-01, -4.85253930e-01,
         -1.38592815e+00,  7.43109174e-03, -2.80966848e-01, -2.55018425e+00,
          7.08571263e-03,  3.02224755e+00, -2.13346386e+00, -1.13677967e+00,
          1.16311526e+00,  9.36393142e-01,  6.03251636e-01, -8.51636469e-01,
          3.19944334e+00,  1.75723064e+00,  3.39062989e-01,  8.17548931e-02,
         -1.16471004e+00, -7.95847237e-01,  2.36208558e+00,  5.94763935e-01,
         -1.03791118e+00,  2.03666419e-01, -7.25238502e-01, -3.18259388e-01,
          6.86454296e-01, -1.79575658e+00,  3.30527872e-02, -8.53463709e-01,
          7.82638848e-01, -7.85489619e-01,  1.17524707e+00, -6.24635577e-01,
         -1.52390146e+00,  4.09631908e-01,  5.81755519e-01, -7.02004433e-01,
          3.28681141e-01, -9.20316160e-01, -2.68573070e+00, -6.78230941e-01,
          3.91243279e-01,  1.81456685e-01, -1.15457511e+00,  8.82711291e-01,
          1.13791239e+00, -1.57491073e-01,  2.95813620e-01,  3.77371216e+00,
         -4.42217469e-01,  4.38274950e-01, -1.30766809e+00, -8.64969373e-01,
          1.34236491e+00,  8.94526690e-02,  7.49941409e-01,  4.78882849e-01,
          1.31621563e+00,  4.75350171e-02,  1.46231651e+00, -2.31004381e+00,
          5.94180584e-01,  1.68168688e+00,  3.83145779e-01, -2.98140675e-01,
          1.48487842e+00, -7.57960081e-01,  1.84373808e+00,  6.53121114e-01,
         -1.54382300e+00, -3.14526230e-01, -2.81331539e-01,  9.70178843e-01,
          1.13533056e+00,  3.43515813e-01,  1.32070327e+00,  2.62677836e+00,
          2.30786824e+00,  5.22880018e-01,  6.57614470e-01,  1.39442980e+00,
         -1.40541685e+00, -1.07891834e+00,  1.34710312e+00, -4.29136246e-01,
         -1.36749268e+00,  5.15277803e-01, -5.84046304e-01,  1.32766992e-01,
          2.54015183e+00, -2.67650276e-01, -2.74039006e+00, -6.48670793e-01,
          2.08544779e+00,  2.97090441e-01,  2.24555060e-02, -1.30440786e-01,
         -9.21662033e-01, -4.53841418e-01, -1.50388706e+00,  1.78592280e-03,
          1.32890451e+00, -2.42185545e+00,  1.55281976e-01,  7.45318770e-01,
          3.71039689e-01, -6.81816041e-01,  1.34435177e+00,  2.22543287e+00,
         -4.86287713e-01, -6.18137002e-01, -5.54649234e-01,  8.29997897e-01,
         -8.10872555e-01,  1.70605171e+00, -2.50777841e-01,  3.14876646e-01,
         -3.54706585e-01, -2.42215872e+00,  7.54794359e-01, -1.40446579e+00,
          2.61598992e+00, -1.50631678e+00, -1.18655205e+00, -3.56235266e-01,
         -5.25972009e-01,  2.47226954e+00, -1.33334112e+00, -1.36612618e+00,
          6.26171291e-01,  8.89700949e-01,  6.20564483e-02, -9.28200483e-01,
         -6.78319275e-01,  5.24208486e-01,  1.37414813e-01, -1.09349203e+00,
          1.29369044e+00,  1.47101367e+00, -3.79718021e-02,  2.85918087e-01,
         -3.77980292e-01,  2.87253439e-01, -1.17059124e+00, -2.85190368e+00,
          1.80322111e+00, -6.05828524e-01, -3.66633105e+00, -1.32588789e-01,
          1.53144526e+00,  9.48167980e-01, -6.29361749e-01,  6.06424391e-01,
          1.15528023e+00, -2.25137427e-01, -1.28718519e+00, -4.27497447e-01,
          1.79428363e+00,  1.56320107e+00,  1.72906831e-01, -6.74252272e-01,
          1.14254224e+00, -1.71023881e+00, -1.43833923e+00,  5.88367879e-01,
         -5.05832970e-01,  1.46473765e+00, -3.49838763e-01,  8.87373030e-01,
          1.25048316e+00,  1.80366248e-01,  2.39207581e-01, -7.21500874e-01,
         -3.21448565e-01, -1.73615789e+00,  3.36573333e-01, -2.03148723e-01,
         -7.06064887e-03,  1.92746270e+00,  1.83949077e+00, -1.59359872e-01,
         -1.42888939e+00,  1.11630177e+00, -1.46335816e+00,  8.55573773e-01,
          1.82782638e+00, -1.63358438e+00, -1.89241648e+00,  1.31034327e+00,
         -1.53194860e-01,  1.04757798e+00, -1.41244173e+00,  2.59592474e-01,
          3.37670624e-01,  7.07880676e-01, -4.44732279e-01, -2.47290874e+00,
         -9.42436278e-01,  2.57812524e+00, -7.23102450e-01, -6.26467705e-01,
          1.63321269e+00,  2.77062297e-01, -4.67318296e-02,  1.00447488e+00,
          1.06214333e+00,  1.30927467e+00,  1.17091584e+00, -6.50851369e-01,
          1.52833283e+00,  1.72929990e+00,  6.86531216e-02, -1.10813594e+00,
          1.71117522e-02, -1.21571088e+00, -5.14708638e-01, -1.17759153e-01,
          9.94503796e-01,  1.54129088e+00, -2.47067690e+00,  1.09869206e+00,
          1.10898972e+00, -9.61047292e-01, -8.69057655e-01,  9.61420000e-01,
         -1.20284474e+00,  1.38544106e+00, -1.05966389e+00,  7.13298142e-01,
          1.23635077e+00,  1.06939459e+00, -9.24543500e-01,  1.00538313e-01,
          5.79850435e-01,  5.51445901e-01,  1.81172386e-01, -7.66403615e-01,
         -5.63002110e-01,  4.59514290e-01,  2.81899023e+00,  6.64983928e-01,
          1.70195568e+00,  3.87714505e-01, -1.72605538e+00, -2.02688873e-01,
         -1.63234341e+00,  1.47802341e+00, -2.00984746e-01,  5.30160546e-01,
          1.21125722e+00,  8.75342488e-01,  3.61300325e+00,  2.14021862e-01,
          7.80163527e-01,  1.48970759e+00,  6.12404704e-01,  2.07825994e+00,
         -6.13948345e-01,  5.25730811e-02, -2.45627418e-01,  3.69700074e-01,
          4.37349260e-01,  1.47272617e-01, -2.14829534e-01, -4.26680565e-01,
         -1.40270638e+00, -2.70480871e-01,  3.43917787e-01,  6.44929826e-01,
          1.04456377e+00,  5.39657950e-01,  1.44628197e-01,  9.14965987e-01,
          4.92621154e-01, -1.34628999e+00,  1.70891762e+00,  1.02090526e+00,
         -1.31511986e+00, -1.56319559e+00, -1.29017556e+00, -1.03639448e+00,
          3.62201452e-01, -1.14990377e+00,  3.46798211e-01, -2.76596874e-01,
          1.37380004e+00, -1.42272305e+00, -9.71728384e-01,  6.64395690e-01,
         -9.16896522e-01, -1.17274821e-01,  6.67325675e-01, -2.06561899e+00,
         -6.06588125e-01,  6.29915670e-02,  5.13806902e-02, -2.28989452e-01,
          1.22160184e+00,  2.73767114e-01,  1.09542596e+00,  3.75983506e-01,
          2.34306359e+00,  1.89809275e+00,  1.06277537e+00, -1.17925489e+00,
         -8.40982199e-02, -6.62880301e-01,  1.40607283e-01,  3.47466850e+00,
          2.10112500e+00, -1.34189701e+00,  1.13812113e+00,  1.10648227e+00,
         -3.63545561e+00, -1.20997000e+00, -1.04253685e+00, -5.73133767e-01,
         -1.73959637e+00,  1.98713392e-01, -6.03435159e-01, -9.46853459e-01,
         -1.99606812e+00, -2.63290882e+00, -9.90055561e-01, -5.99220932e-01,
          2.21691465e+00, -5.90447299e-02, -5.72024167e-01,  2.33345091e-01,
          5.83248913e-01, -5.18829823e-01, -2.14904881e+00,  3.90974656e-02,
          5.62728226e-01,  2.39013582e-01, -1.72165716e+00,  2.29543471e+00,
          6.98514283e-03, -1.06996429e+00,  2.84058630e-01,  9.31049943e-01,
         -5.50327241e-01,  3.28833985e+00,  2.79638529e-01, -1.55958042e-01,
         -1.28267616e-01, -1.85274661e-01, -1.32364047e+00, -1.54350412e+00,
          2.83442044e+00,  1.18707681e+00,  1.26440406e+00, -6.97093964e-01,
          3.75954181e-01,  6.14008307e-01,  1.60837173e+00,  1.08660482e-01,
         -3.09056699e-01, -9.66506660e-01,  5.50431311e-01,  1.12896597e+00,
          6.63082409e+00,  4.18809175e+00,  6.50262654e-01, -3.16665113e-01,
          8.74588251e-01, -4.74742919e-01, -1.74215347e-01,  2.66379261e+00,
         -1.93805420e+00, -7.29469001e-01, -4.29369926e-01, -8.85204375e-01,
          9.66211677e-01, -5.79840720e-01, -2.95080602e-01,  8.03693354e-01,
          7.17203021e-01,  2.40803170e+00, -4.41462517e-01, -1.88410866e+00,
         -2.34742022e+00,  3.05526070e-02, -2.22861052e+00, -2.11232924e+00,
         -1.78212380e+00,  6.99273527e-01, -1.56846523e+00, -1.11022985e+00,
         -1.33467090e+00, -2.23262978e+00, -1.93704355e+00, -1.44952929e+00,
         -1.30301404e+00, -9.64474320e-01, -1.17588055e+00, -2.48749897e-01,
         -1.39149308e+00, -1.34120476e+00, -6.44618034e-01, -7.32957646e-02,
         -2.79017329e+00,  1.01956554e-01, -2.44572568e+00, -9.02442455e-01,
          1.83908808e+00,  4.50429261e-01,  3.91124159e-01,  6.84253156e-01,
         -1.00123775e+00, -1.73094615e-01,  1.60719156e-01, -9.10165548e-01,
         -1.20803332e+00, -5.03071845e-01, -4.37042087e-01, -2.63745856e+00,
         -2.74437475e+00, -4.95257080e-01, -2.43530560e+00, -1.97620308e+00,
         -1.99989450e+00, -1.69417608e+00,  4.94258821e-01, -1.08773506e+00,
          4.77776855e-01, -6.01479650e-01, -1.50586271e+00,  2.47382188e+00,
         -7.87939250e-01,  7.37080202e-02,  2.20494056e+00,  1.88721752e+00,
         -1.02795351e+00,  1.17253864e+00,  2.96779312e-02, -1.23573303e+00,
          8.85840774e-01,  6.69486046e-01, -3.14771891e-01,  6.96070269e-02,
          1.39914244e-01,  6.09132797e-02, -8.50316226e-01,  6.49076998e-02,
         -7.14467883e-01,  4.22704667e-02, -1.33177245e+00, -1.64320648e+00,
         -1.14763331e+00, -2.93333983e+00, -2.78259563e+00, -1.75456023e+00,
         -1.88460636e+00, -2.05292487e+00,  1.23471834e-01,  1.47609639e+00]],
       device='cuda:0')
Adv example prediction (first 2 examples and 2 restarts):
 tensor([[[ 9.92071986e-01,  2.06454325e+00,  1.05686927e+00,  1.09869754e+00,
           1.30363214e+00,  1.64331770e+00,  1.91604531e+00, -1.39909363e+00,
          -1.04070377e+00, -5.22084594e-01, -1.08215714e+00,  4.38226819e-01,
          -1.78974241e-01, -4.14722323e-01,  6.82812572e-01,  4.18558806e-01,
          -6.42148316e-01, -7.41441607e-01, -1.50842257e-02, -6.07182860e-01,
          -1.07768014e-01,  8.07322145e-01,  1.29877889e+00, -4.56759632e-02,
           5.32447219e-01, -1.32299805e+00,  1.69944018e-02, -7.23713160e-01,
          -1.65708935e+00,  5.79623640e-01, -1.14369345e+00,  8.75579119e-01,
          -8.57608259e-01, -2.72715837e-01, -3.42873156e-01, -7.67478108e-01,
           8.80391777e-01, -1.51532567e+00, -1.95707306e-01, -1.06806588e+00,
           1.00683355e+00, -1.29421043e+00, -1.71850097e+00, -1.24902368e+00,
          -5.34774482e-01, -1.02894175e+00,  1.40576339e+00, -8.22834074e-01,
          -9.00572419e-01,  3.46135348e-01,  1.64592540e+00, -2.10958433e+00,
          -1.58635020e-01,  2.02974588e-01, -9.72290158e-01,  1.09036840e-01,
          -1.09798646e+00, -1.42590654e+00,  7.26423144e-01,  2.91545182e-01,
           3.30069482e-01, -8.48132432e-01, -1.39572668e+00,  1.05321288e-01,
           8.16233814e-01,  8.80494297e-01, -8.32310975e-01,  1.85956344e-01,
          -1.30246615e+00, -1.16243219e+00,  2.92868674e-01,  3.16313088e-01,
          -2.47380316e-01,  4.43487465e-01,  2.21768826e-01,  6.31086409e-01,
           2.26680264e-01,  1.23637950e+00,  8.36853445e-01,  1.10111821e+00,
          -1.18160777e-01, -1.36802900e+00, -4.22901690e-01, -1.01613474e+00,
          -7.41389096e-02, -3.19477588e-01, -8.45580876e-01,  3.61635655e-01,
           2.49538973e-01,  8.37927759e-02, -2.19737813e-01, -1.54521227e+00,
           4.84554529e-01,  4.30148154e-01,  8.41665089e-01, -1.50449157e+00,
           1.01543522e+00,  1.24449328e-01,  5.40557802e-01,  9.91369426e-01,
           1.90033054e+00, -8.28877151e-01, -2.07636905e+00,  1.66500843e+00,
          -7.93180987e-02, -1.42283785e+00, -1.88721746e-01,  1.04411936e+00,
          -8.06443572e-01, -6.95880771e-01,  1.52494848e-01,  2.97971988e+00,
           4.21830490e-02,  5.47187209e-01,  3.80362928e-01, -1.28660822e+00,
          -1.30138505e+00,  2.83516616e-01, -1.19736552e+00, -1.98146760e+00,
          -2.06588221e+00, -2.36298561e+00, -2.04407692e+00, -2.12997842e+00,
          -1.40584517e+00, -1.69009662e+00,  6.12764716e-01,  1.06657481e+00,
           1.21644878e+00,  1.92201710e+00,  1.24448562e+00,  8.24345767e-01,
           2.44013047e+00,  5.39269090e-01,  1.06571341e+00, -5.78627475e-02,
          -1.11891091e-01,  1.05949903e+00,  3.68608117e-01, -1.58023047e+00,
          -1.64661753e+00,  4.84260082e-01, -3.23672891e-01, -5.05780727e-02,
           2.30436862e-01,  4.25704569e-01, -8.31121057e-02,  1.42635751e+00,
           9.12471950e-01,  2.32177019e+00,  8.50583017e-02,  9.66179609e-01,
          -5.74888289e-01,  1.55280328e+00,  6.22695088e-01,  2.96577275e-01,
          -2.27797166e-01,  3.04856390e-01, -6.29855514e-01, -4.23237145e-01,
          -4.39639054e-02,  3.56470346e-01,  1.04236901e+00,  2.98223998e-02,
          -5.48759282e-01, -7.46371686e-01, -9.40071404e-01, -9.76065159e-01,
          -5.58323339e-02,  2.31390134e-01,  1.14396170e-01, -1.00224614e-02,
          -4.96095300e-01,  3.82188678e-01,  1.51314229e-01,  5.89803234e-02,
          -5.41193962e-01, -3.48939031e-01,  1.38597643e+00, -8.27952504e-01,
          -5.34345269e-01,  5.06342113e-01,  4.34298515e-01,  1.01975650e-01,
           5.54993987e-01,  1.46811396e-01,  5.77415347e-01,  1.12506437e+00,
           3.72773223e-02,  1.72271341e-01,  7.70895064e-01,  1.15209615e+00,
           5.27737916e-01,  4.68620628e-01,  2.84396499e-01,  1.11514521e+00,
           6.88952804e-01, -5.53091288e-01, -4.88953441e-01,  1.08890820e+00,
           4.92326647e-01,  2.78174579e-01,  5.09756446e-01,  2.04147124e+00,
           9.06117320e-01, -1.64396524e-01, -9.32995915e-01,  6.73241377e-01,
           5.62384903e-01,  6.98803484e-01, -1.41723907e+00,  2.22169533e-01,
           7.73299634e-01,  4.00201939e-02, -3.62887532e-01, -2.03701377e-01,
           5.08050501e-01,  1.45854592e-01, -2.75988244e-02,  6.53027475e-01,
           3.08313191e-01, -2.18847826e-01,  4.54599500e-01,  5.72424293e-01,
           7.30040133e-01, -1.04488969e-01,  1.73698999e-02, -3.01196128e-01,
          -6.81194723e-01,  1.49150598e+00, -1.87810779e-01,  4.55984205e-01,
          -3.27333391e-01, -6.33873492e-02, -1.02783516e-02,  7.14421451e-01,
          -3.59024346e-01,  1.23379909e-01, -4.09450680e-01,  1.13835290e-01,
          -2.47976780e-01, -4.18931097e-01,  5.00249743e-01, -8.07572365e-01,
          -6.39830709e-01,  9.24419463e-01, -6.68087780e-01, -1.28213823e-01,
           6.51059866e-01,  6.23034239e-01,  5.22160053e-01, -7.61171877e-01,
           1.41422942e-01,  3.02842140e-01,  1.34531260e+00, -8.22274804e-01,
          -5.37005961e-01,  1.04218590e+00,  1.05262053e+00,  1.42996955e+00,
           1.20827091e+00,  2.24919572e-01, -9.18377221e-01,  6.75157845e-01,
           1.09464899e-01,  1.23435128e+00,  2.52767265e-01,  7.03092813e-02,
          -1.59794009e+00,  1.11937559e+00,  1.76292098e+00,  7.77104616e-01,
           1.10133111e+00,  1.22190940e+00,  1.15472719e-01, -1.32228389e-01,
           2.94091254e-01,  1.21236181e+00, -1.64254233e-02,  1.62051296e+00,
           7.33590305e-01,  2.15468574e+00,  2.53844452e+00,  2.80758047e+00,
           2.63970137e+00,  1.37026083e+00,  3.45730990e-01,  1.16399777e+00,
          -3.93357277e-01, -1.94635585e-01, -5.62196434e-01,  1.30005270e-01,
           1.70646027e-01,  2.09807456e-01,  2.67802238e-01,  7.32398033e-02,
           2.45462489e+00, -1.03347972e-01, -6.18565202e-01, -1.87073529e-01,
          -1.95469558e+00,  4.38095570e-01, -1.26748729e+00, -9.59874213e-01,
          -1.12334216e+00, -2.12968588e+00, -8.21965873e-01, -4.53905135e-01,
           4.21871573e-01, -1.13039958e+00,  1.26145613e+00,  4.61011648e-01,
          -4.46510881e-01,  1.13162196e+00,  5.40848374e-01,  3.41693997e-01,
           9.53736454e-02, -4.83873099e-01,  1.52986479e+00,  8.21323633e-01,
           1.47594228e-01, -2.30920935e+00, -1.59883916e+00, -1.94799197e+00,
          -1.32935810e+00, -1.71382976e+00, -1.70257986e+00, -1.08451787e-02,
          -1.78809285e+00, -1.58662379e+00,  1.11025441e+00,  1.79117131e+00,
           2.50310349e+00,  6.45440757e-01, -5.22751808e-01, -3.44432086e-01,
          -1.68872929e+00,  1.22674310e+00,  4.10940945e-01, -1.81875551e+00,
          -7.10445821e-01,  1.58348046e-02, -4.57660615e-01, -1.06122804e+00,
           5.19102156e-01, -9.68100429e-01, -1.02500474e+00, -2.42756158e-01,
          -1.85985637e+00, -1.21171129e+00, -1.36252379e+00, -9.10215616e-01,
          -5.75325012e-01, -5.98013461e-01, -1.43268287e+00, -9.28538859e-01,
           5.87415218e-01,  1.06829375e-01,  3.86641711e-01,  6.24628723e-01,
           6.33740485e-01,  6.04415536e-01,  9.47323442e-01, -1.28667533e-01,
          -9.16149497e-01,  1.80722818e-01,  4.98851627e-01,  2.54588593e-02,
           4.05286878e-01, -4.38239396e-01,  1.26617122e-02, -7.15214014e-01,
           7.22000480e-01,  7.28236854e-01,  4.08431411e-01, -8.71161580e-01,
           3.43786120e-01,  1.70271367e-01,  5.68674266e-01, -4.85312074e-01,
           5.88082135e-01, -1.88943207e-01,  3.16394538e-01, -3.45817907e-03,
          -2.81587720e-01, -2.32755527e-01, -6.88354850e-01, -1.38605368e+00,
          -1.01992846e+00,  1.07005191e+00,  2.24936202e-01,  1.26809454e+00,
           5.13236783e-02, -1.21252346e+00,  5.26504934e-01,  1.44920528e+00,
          -1.14661705e+00, -1.54824272e-01, -9.16602790e-01,  4.72383082e-01,
          -1.02817094e+00, -1.39178395e+00,  1.93572611e-01, -6.85626388e-01,
          -5.06600201e-01,  7.22500682e-01, -1.31136978e+00, -5.84718287e-01,
          -1.54116547e+00,  1.95856774e+00, -1.29523730e+00,  1.71011794e+00,
           5.11279643e-01,  6.55527651e-01,  1.02241969e+00, -2.24125266e+00,
           1.42002749e+00,  1.14024389e+00,  1.60115635e+00,  1.66717947e+00,
           8.26962665e-03,  1.62477434e-01, -4.58608806e-01, -1.51634789e+00,
          -6.45931542e-01,  5.76726675e-01,  2.59350836e-01, -9.64262307e-01,
          -6.12819195e-01, -2.69731551e-01, -1.16052604e+00, -4.75662082e-01,
          -2.76493967e-01,  1.30249667e+00,  1.46409988e+00,  7.24570096e-01,
          -7.21689045e-01,  3.28126907e-01,  1.51583982e+00,  7.22718760e-02,
           3.75796258e-02,  1.51624584e+00, -2.54730910e-01,  2.13711596e+00,
          -1.49070275e+00, -4.16340351e-01,  2.88579893e+00, -3.99116576e-01,
          -1.33610696e-01,  2.54309118e-01, -1.33758295e+00, -3.87571938e-02,
           1.59576818e-01, -4.59756792e-01, -1.76889253e+00, -2.63639212e-01,
          -1.92044720e-01,  6.76788568e-01, -3.37890029e-01,  4.93232459e-01,
          -7.33025134e-01, -1.02187663e-01,  1.86694443e+00, -2.52417549e-02,
           7.74001479e-01,  1.75180364e+00, -1.38644862e+00, -2.60489559e+00,
           4.08398896e-01, -1.99104205e-01,  5.37890851e-01, -1.25907123e+00,
           1.10012621e-01,  2.53715873e-01, -5.94669938e-01,  1.13789904e+00,
          -1.33717406e+00, -7.58368134e-01, -2.00222321e-02, -1.26159716e+00,
           2.75439835e+00,  6.13240719e-01, -2.93773413e-01, -2.53446937e-01,
          -1.84995413e-01,  4.96646106e-01, -3.00663650e-01,  1.56522846e+00,
          -7.45963633e-01,  1.85539067e-01,  1.38967618e-01, -1.39560676e+00,
           1.20746031e-01, -6.54376209e-01,  2.24195093e-01, -6.51367605e-01,
           7.36550689e-01,  5.47907114e-01, -2.58087605e-01,  2.09870744e+00,
          -2.72263598e+00,  6.83848977e-01, -1.20251608e+00,  4.88077477e-03,
           1.95983313e-02, -3.35710078e-01, -1.83067274e+00,  6.28805757e-01,
           1.05678165e+00, -3.00608945e+00, -4.38264281e-01, -1.46292341e+00,
          -4.55551565e-01, -4.88044143e-01, -8.79253864e-01, -4.79421377e-01,
          -1.75834417e+00,  2.45766595e-01, -7.51533031e-01, -7.14442134e-01,
          -9.12492275e-01, -9.50517356e-01, -1.00999951e+00, -4.34149146e-01,
          -5.85848212e-01, -2.42926791e-01, -6.67445421e-01,  5.56110382e-01,
          -8.07878256e-01,  9.41008508e-01,  1.75162518e+00,  4.82925415e-01,
          -9.92299139e-01,  3.64860035e-02,  1.95058608e+00, -2.35411859e+00,
          -1.36131978e+00, -7.00369239e-01,  3.37267160e-01,  2.79256797e+00,
           1.14658289e-03, -2.06731534e+00,  1.02634168e+00, -4.88574505e-01,
          -1.33107162e+00, -3.01648490e-03, -2.46052831e-01, -2.50472760e+00,
           6.36755973e-02,  3.01057887e+00, -2.04320288e+00, -1.12404454e+00,
           1.09947824e+00,  9.85600233e-01,  6.35152400e-01, -7.98191130e-01,
           3.20786357e+00,  1.80073535e+00,  4.18658018e-01,  1.19258434e-01,
          -1.12104225e+00, -7.11741984e-01,  2.41569328e+00,  6.60403669e-01,
          -1.00775242e+00,  2.70393550e-01, -6.89528883e-01, -3.04153383e-01,
           5.96786797e-01, -1.75782430e+00,  4.64904308e-02, -7.98156202e-01,
           8.09353232e-01, -7.38365352e-01,  1.17996824e+00, -5.57295442e-01,
          -1.40745342e+00,  3.99596721e-01,  5.62578082e-01, -6.01927519e-01,
           3.92828137e-01, -8.67618501e-01, -2.62580204e+00, -6.14478648e-01,
           4.38094795e-01,  2.21558914e-01, -1.11118722e+00,  9.38575506e-01,
           1.07740533e+00, -1.41888782e-01,  3.32601368e-01,  3.75289202e+00,
          -3.76214832e-01,  4.91158336e-01, -1.24987209e+00, -8.25976133e-01,
           1.34085202e+00,  7.97988176e-02,  8.36103320e-01,  5.04679143e-01,
           1.35413718e+00,  2.30545364e-03,  1.44114006e+00, -2.27907085e+00,
           6.61623418e-01,  1.71941090e+00,  4.12246078e-01, -2.49831945e-01,
           1.45066452e+00, -7.10200489e-01,  1.78156829e+00,  6.59935236e-01,
          -1.46686625e+00, -2.79995710e-01, -2.77728707e-01,  9.46894884e-01,
           1.15035546e+00,  3.21090460e-01,  1.35119438e+00,  2.66292024e+00,
           2.29178071e+00,  5.34529030e-01,  6.82786644e-01,  1.46027887e+00,
          -1.33019292e+00, -1.01626837e+00,  1.38442910e+00, -3.85395259e-01,
          -1.30435514e+00,  5.54135859e-01, -5.94765902e-01,  1.42488346e-01,
           2.56910539e+00, -2.29817122e-01, -2.69034243e+00, -6.05795324e-01,
           2.03947902e+00,  3.23093176e-01,  1.28161162e-03, -1.44210517e-01,
          -9.50771451e-01, -4.34994251e-01, -1.42698371e+00, -4.10432853e-02,
           1.40593362e+00, -2.33372545e+00,  1.83078125e-01,  7.57952034e-01,
           4.68525797e-01, -6.77163243e-01,  1.38515258e+00,  2.23420358e+00,
          -4.76548165e-01, -6.10451698e-01, -5.27115345e-01,  8.15828979e-01,
          -7.62667656e-01,  1.73817635e+00, -3.13587785e-01,  3.34799170e-01,
          -2.78591216e-01, -2.35013962e+00,  7.66382635e-01, -1.33858860e+00,
           2.66626334e+00, -1.41299033e+00, -1.15395737e+00, -3.78340453e-01,
          -4.61294651e-01,  2.41850734e+00, -1.26838970e+00, -1.28648973e+00,
           6.33095741e-01,  8.84314895e-01,  1.09571628e-02, -8.88508022e-01,
          -7.71946788e-01,  5.60469806e-01,  9.64916646e-02, -1.07695699e+00,
           1.26605630e+00,  1.49315631e+00,  2.51976177e-02,  3.60664219e-01,
          -3.35171729e-01,  3.39884728e-01, -1.14827394e+00, -2.71968603e+00,
           1.84381473e+00, -6.27835274e-01, -3.62984776e+00, -1.36847973e-01,
           1.52741456e+00,  1.02708697e+00, -5.60832024e-01,  6.50542319e-01,
           1.20526552e+00, -2.64921457e-01, -1.18732798e+00, -3.48913878e-01,
           1.74435294e+00,  1.57206035e+00,  1.76045567e-01, -6.17436469e-01,
           1.17082250e+00, -1.64796841e+00, -1.37840104e+00,  6.33753479e-01,
          -4.77619141e-01,  1.48592913e+00, -3.11846077e-01,  9.26802337e-01,
           1.23115098e+00,  2.13194460e-01,  2.56157577e-01, -7.24564016e-01,
          -2.74888426e-01, -1.67179728e+00,  4.07652199e-01, -2.08923787e-01,
           2.65443306e-02,  1.85586607e+00,  1.83574116e+00, -1.45285994e-01,
          -1.36186945e+00,  1.10798585e+00, -1.41607857e+00,  8.82965028e-01,
           1.74938679e+00, -1.55283487e+00, -1.87375784e+00,  1.29721856e+00,
          -1.00216597e-01,  1.11676848e+00, -1.36530185e+00,  2.03444824e-01,
           4.22185719e-01,  7.12172747e-01, -4.47976649e-01, -2.45839310e+00,
          -8.98472846e-01,  2.55488157e+00, -7.26783633e-01, -5.66012621e-01,
           1.67799044e+00,  3.47925127e-01,  3.99276847e-04,  1.00595689e+00,
           1.03423738e+00,  1.30118656e+00,  1.10104001e+00, -6.23127103e-01,
           1.53660142e+00,  1.75533640e+00,  8.64115357e-02, -1.07096124e+00,
           1.05901919e-02, -1.17635417e+00, -4.59339619e-01, -4.41838950e-02,
           1.00943518e+00,  1.51956236e+00, -2.35711336e+00,  1.15482223e+00,
           1.17165053e+00, -9.24406826e-01, -8.30507338e-01,  9.94187772e-01,
          -1.19349873e+00,  1.41643000e+00, -1.03127420e+00,  7.92381704e-01,
           1.26974416e+00,  1.08776486e+00, -9.20660675e-01,  8.15222412e-02,
           6.16996706e-01,  6.02771819e-01,  1.85776874e-01, -6.94373786e-01,
          -4.94614452e-01,  4.91768032e-01,  2.82620525e+00,  7.10427880e-01,
           1.75952291e+00,  3.46715420e-01, -1.66936600e+00, -2.00657815e-01,
          -1.59126782e+00,  1.54779220e+00, -2.22986102e-01,  5.68144560e-01,
           1.18671560e+00,  8.20894003e-01,  3.62252188e+00,  2.78502107e-01,
           7.52577305e-01,  1.41496789e+00,  6.74571157e-01,  2.09702826e+00,
          -5.67961097e-01,  7.95836449e-02, -1.82539076e-01,  3.63205045e-01,
           4.60837305e-01,  1.29929513e-01, -2.54272610e-01, -3.64365578e-01,
          -1.44011331e+00, -2.50297070e-01,  3.67018878e-01,  6.23526871e-01,
           1.11409450e+00,  5.43423533e-01,  2.29596391e-01,  9.72672105e-01,
           4.59655970e-01, -1.26639569e+00,  1.72543859e+00,  1.04657018e+00,
          -1.29982209e+00, -1.44028509e+00, -1.26225984e+00, -1.00220978e+00,
           3.41969967e-01, -1.11427176e+00,  3.94489259e-01, -2.40199029e-01,
           1.36803246e+00, -1.37770176e+00, -9.27130342e-01,  6.62583470e-01,
          -9.01135981e-01, -5.34246378e-02,  6.51479483e-01, -2.04640770e+00,
          -5.91507554e-01,  5.76435253e-02,  3.50221805e-02, -1.50252506e-01,
           1.22714663e+00,  2.23905236e-01,  1.04808176e+00,  3.83072406e-01,
           2.39488673e+00,  1.90462804e+00,  1.10992610e+00, -1.13590598e+00,
          -5.42957224e-02, -6.34919405e-01,  7.10716695e-02,  3.47942829e+00,
           2.06008649e+00, -1.28207469e+00,  1.21157670e+00,  1.09064746e+00,
          -3.55635214e+00, -1.17414188e+00, -9.79495525e-01, -4.89154637e-01,
          -1.63549590e+00,  2.06360489e-01, -5.48929155e-01, -8.50485086e-01,
          -1.93444228e+00, -2.58653975e+00, -9.54830587e-01, -5.61395109e-01,
           2.25931954e+00, -6.46311864e-02, -5.53428292e-01,  2.86041766e-01,
           6.80195212e-01, -4.63216871e-01, -2.10006571e+00,  9.15295929e-02,
           5.41943789e-01,  2.82001466e-01, -1.64661205e+00,  2.26432252e+00,
           5.80777824e-02, -9.69023526e-01,  2.98703820e-01,  9.40884352e-01,
          -5.17903030e-01,  3.27122545e+00,  3.11386615e-01, -1.11236848e-01,
          -8.28911811e-02, -1.19558685e-01, -1.29232323e+00, -1.48457265e+00,
           2.89139605e+00,  1.18863750e+00,  1.31633162e+00, -6.36252582e-01,
           4.18723494e-01,  6.26146615e-01,  1.59329307e+00,  1.44289255e-01,
          -2.37366632e-01, -9.53273892e-01,  6.14672303e-01,  1.05579901e+00,
           6.56681824e+00,  4.24250269e+00,  5.93420982e-01, -2.60886222e-01,
           9.28156257e-01, -4.56113279e-01, -1.57309845e-01,  2.58156705e+00,
          -1.90538752e+00, -6.64033532e-01, -3.81478190e-01, -8.54466438e-01,
           1.00866485e+00, -5.50990820e-01, -3.14290643e-01,  8.17940474e-01,
           7.86168218e-01,  2.41965055e+00, -3.47732157e-01, -1.84715605e+00,
          -2.32340193e+00,  5.66971563e-02, -2.16597199e+00, -2.10244894e+00,
          -1.77785635e+00,  6.74703658e-01, -1.56761813e+00, -1.15218735e+00,
          -1.33645535e+00, -2.22800064e+00, -1.91731119e+00, -1.44595885e+00,
          -1.29151475e+00, -9.95706797e-01, -1.16500008e+00, -2.39049211e-01,
          -1.37127972e+00, -1.31621659e+00, -6.77786469e-01, -6.12377748e-02,
          -2.74721789e+00,  1.21998578e-01, -2.37350583e+00, -9.37375546e-01,
           1.84165180e+00,  4.67726260e-01,  4.26769525e-01,  7.25623548e-01,
          -9.85154092e-01, -1.66403726e-01,  1.74363896e-01, -9.59067881e-01,
          -1.21423650e+00, -5.17292500e-01, -4.18582290e-01, -2.60935760e+00,
          -2.66904736e+00, -5.55063248e-01, -2.39002967e+00, -1.99503565e+00,
          -2.02187228e+00, -1.72098708e+00,  5.72370768e-01, -1.07437265e+00,
           5.11928976e-01, -6.00969136e-01, -1.43716955e+00,  2.46715999e+00,
          -7.27945685e-01,  1.05838485e-01,  2.17897296e+00,  1.93771803e+00,
          -9.55545545e-01,  1.18277574e+00,  8.57038796e-02, -1.17311060e+00,
           9.27615225e-01,  6.83779597e-01, -3.01393032e-01,  1.64800227e-01,
           2.31994912e-01,  1.22022107e-01, -8.16885531e-01,  5.62808253e-02,
          -7.10682809e-01,  5.89466542e-02, -1.31139529e+00, -1.62892187e+00,
          -1.17686093e+00, -2.95573211e+00, -2.78529596e+00, -1.74543667e+00,
          -1.91185331e+00, -2.09535336e+00,  1.42382354e-01,  1.46542060e+00]]],
       device='cuda:0')
PGD attack margin (first 2 examples and 10 specs):
 tensor([[[0.46333522]]], device='cuda:0')
number of violation:  0
Attack finished in 7.9308 seconds.
PGD attack failed
verified_status unknown
verified_success False
Total VNNLIB file length: 1, max property batch size: 1, total number of batches: 1

Properties batch 0, size 1
Remaining timeout: 1151.7700579166412
Verifying property 0 with 1 instances.
torch allclose failed: norm 8.889588571037166e-06
Model: BoundedModule(
  (/input-1): BoundInput(name=/input-1, inputs=[], perturbed=True)
  (/33): BoundParams(name=/33, inputs=[], perturbed=False)
  (/34): BoundParams(name=/34, inputs=[], perturbed=False)
  (/35): BoundParams(name=/35, inputs=[], perturbed=False)
  (/36): BoundParams(name=/36, inputs=[], perturbed=False)
  (/37): BoundParams(name=/37, inputs=[], perturbed=False)
  (/38): BoundParams(name=/38, inputs=[], perturbed=False)
  (/39): BoundParams(name=/39, inputs=[], perturbed=False)
  (/40): BoundParams(name=/40, inputs=[], perturbed=False)
  (/41): BoundParams(name=/41, inputs=[], perturbed=False)
  (/42): BoundParams(name=/42, inputs=[], perturbed=False)
  (/43): BoundParams(name=/43, inputs=[], perturbed=False)
  (/44): BoundParams(name=/44, inputs=[], perturbed=False)
  (/45): BoundParams(name=/45, inputs=[], perturbed=False)
  (/46): BoundParams(name=/46, inputs=[], perturbed=False)
  (/47): BoundParams(name=/47, inputs=[], perturbed=False)
  (/48): BoundParams(name=/48, inputs=[], perturbed=False)
  (/49): BoundParams(name=/49, inputs=[], perturbed=False)
  (/50): BoundParams(name=/50, inputs=[], perturbed=False)
  (/51): BoundParams(name=/51, inputs=[], perturbed=False)
  (/52): BoundParams(name=/52, inputs=[], perturbed=False)
  (/53): BoundParams(name=/53, inputs=[], perturbed=False)
  (/54): BoundParams(name=/54, inputs=[], perturbed=False)
  (/55): BoundParams(name=/55, inputs=[], perturbed=False)
  (/56): BoundParams(name=/56, inputs=[], perturbed=False)
  (/57): BoundParams(name=/57, inputs=[], perturbed=False)
  (/58): BoundParams(name=/58, inputs=[], perturbed=False)
  (/59): BoundParams(name=/59, inputs=[], perturbed=False)
  (/60): BoundParams(name=/60, inputs=[], perturbed=False)
  (/61): BoundParams(name=/61, inputs=[], perturbed=False)
  (/62): BoundParams(name=/62, inputs=[], perturbed=False)
  (/63): BoundParams(name=/63, inputs=[], perturbed=False)
  (/64): BoundParams(name=/64, inputs=[], perturbed=False)
  (/input): BoundConv(name=/input, inputs=[/input-1, /33, /34], perturbed=True)
  (/66): BoundRelu(name=/66, inputs=[/input], perturbed=True)
  (/input-4): BoundConv(name=/input-4, inputs=[/66, /35, /36], perturbed=True)
  (/68): BoundRelu(name=/68, inputs=[/input-4], perturbed=True)
  (/input-12): BoundConv(name=/input-12, inputs=[/input-8/add_3_4, /37, /38], perturbed=True)
  (/71): BoundRelu(name=/71, inputs=[/input-12], perturbed=True)
  (/input-16): BoundConv(name=/input-16, inputs=[/71, /39, /40], perturbed=True)
  (/73): BoundRelu(name=/73, inputs=[/input-16], perturbed=True)
  (/input-24): BoundConv(name=/input-24, inputs=[/input-20/add_3_4, /41, /42], perturbed=True)
  (/76): BoundRelu(name=/76, inputs=[/input-24], perturbed=True)
  (/input-28): BoundConv(name=/input-28, inputs=[/76, /43, /44], perturbed=True)
  (/78): BoundRelu(name=/78, inputs=[/input-28], perturbed=True)
  (/input-32): BoundConv(name=/input-32, inputs=[/78, /45, /46], perturbed=True)
  (/80): BoundRelu(name=/80, inputs=[/input-32], perturbed=True)
  (/input-40): BoundConv(name=/input-40, inputs=[/input-36/add_3_4, /47, /48], perturbed=True)
  (/83): BoundRelu(name=/83, inputs=[/input-40], perturbed=True)
  (/input-44): BoundConv(name=/input-44, inputs=[/83, /49, /50], perturbed=True)
  (/85): BoundRelu(name=/85, inputs=[/input-44], perturbed=True)
  (/input-48): BoundConv(name=/input-48, inputs=[/85, /51, /52], perturbed=True)
  (/87): BoundRelu(name=/87, inputs=[/input-48], perturbed=True)
  (/input-56): BoundConv(name=/input-56, inputs=[/input-52/add_3_4, /53, /54], perturbed=True)
  (/90): BoundRelu(name=/90, inputs=[/input-56], perturbed=True)
  (/input-60): BoundConv(name=/input-60, inputs=[/90, /55, /56], perturbed=True)
  (/92): BoundRelu(name=/92, inputs=[/input-60], perturbed=True)
  (/input-64): BoundConv(name=/input-64, inputs=[/92, /57, /58], perturbed=True)
  (/94): BoundRelu(name=/94, inputs=[/input-64], perturbed=True)
  (/96): BoundFlatten(name=/96, inputs=[/95/add_3_4], perturbed=True)
  (/input-68): BoundLinear(name=/input-68, inputs=[/96, /59, /60], perturbed=True)
  (/98): BoundRelu(name=/98, inputs=[/input-68], perturbed=True)
  (/99): BoundFlatten(name=/99, inputs=[/98], perturbed=True)
  (/input-72): BoundLinear(name=/input-72, inputs=[/99, /61, /62], perturbed=True)
  (/101): BoundRelu(name=/101, inputs=[/input-72], perturbed=True)
  (/102): BoundFlatten(name=/102, inputs=[/101], perturbed=True)
  (/103): BoundLinear(name=/103, inputs=[/102, /63, /64], perturbed=True)
  (/input-8/conv_1): BoundConv(name=/input-8/conv_1, inputs=[/68, /input-8/conv_1_w], perturbed=True)
  (/input-8/conv_1_relu): BoundRelu(name=/input-8/conv_1_relu, inputs=[/input-8/conv_1], perturbed=True)
  (/input-8/conv_1_w): BoundParams(name=/input-8/conv_1_w, inputs=[], perturbed=False)
  (/input-8/conv_2): BoundConv(name=/input-8/conv_2, inputs=[/68, /input-8/conv_2_w], perturbed=True)
  (/input-8/conv_2_w): BoundParams(name=/input-8/conv_2_w, inputs=[], perturbed=False)
  (/input-8/conv_3): BoundConv(name=/input-8/conv_3, inputs=[/input-8/add_1_2, /input-8/conv_3_w], perturbed=True)
  (/input-8/conv_3_relu): BoundRelu(name=/input-8/conv_3_relu, inputs=[/input-8/conv_3], perturbed=True)
  (/input-8/conv_3_w): BoundParams(name=/input-8/conv_3_w, inputs=[], perturbed=False)
  (/input-8/conv_4): BoundConv(name=/input-8/conv_4, inputs=[/input-8/add_1_2, /input-8/conv_4_w], perturbed=True)
  (/input-8/conv_4_w): BoundParams(name=/input-8/conv_4_w, inputs=[], perturbed=False)
  (/input-8/add_1_2): BoundAdd(name=/input-8/add_1_2, inputs=[/input-8/conv_1_relu, /input-8/conv_2], perturbed=True)
  (/input-8/add_3_4): BoundAdd(name=/input-8/add_3_4, inputs=[/input-8/conv_3_relu, /input-8/conv_4], perturbed=True)
  (/input-20/conv_1): BoundConv(name=/input-20/conv_1, inputs=[/73, /input-20/conv_1_w], perturbed=True)
  (/input-20/conv_1_relu): BoundRelu(name=/input-20/conv_1_relu, inputs=[/input-20/conv_1], perturbed=True)
  (/input-20/conv_1_w): BoundParams(name=/input-20/conv_1_w, inputs=[], perturbed=False)
  (/input-20/conv_2): BoundConv(name=/input-20/conv_2, inputs=[/73, /input-20/conv_2_w], perturbed=True)
  (/input-20/conv_2_w): BoundParams(name=/input-20/conv_2_w, inputs=[], perturbed=False)
  (/input-20/conv_3): BoundConv(name=/input-20/conv_3, inputs=[/input-20/add_1_2, /input-20/conv_3_w], perturbed=True)
  (/input-20/conv_3_relu): BoundRelu(name=/input-20/conv_3_relu, inputs=[/input-20/conv_3], perturbed=True)
  (/input-20/conv_3_w): BoundParams(name=/input-20/conv_3_w, inputs=[], perturbed=False)
  (/input-20/conv_4): BoundConv(name=/input-20/conv_4, inputs=[/input-20/add_1_2, /input-20/conv_4_w], perturbed=True)
  (/input-20/conv_4_w): BoundParams(name=/input-20/conv_4_w, inputs=[], perturbed=False)
  (/input-20/add_1_2): BoundAdd(name=/input-20/add_1_2, inputs=[/input-20/conv_1_relu, /input-20/conv_2], perturbed=True)
  (/input-20/add_3_4): BoundAdd(name=/input-20/add_3_4, inputs=[/input-20/conv_3_relu, /input-20/conv_4], perturbed=True)
  (/input-36/conv_1): BoundConv(name=/input-36/conv_1, inputs=[/80, /input-36/conv_1_w], perturbed=True)
  (/input-36/conv_1_relu): BoundRelu(name=/input-36/conv_1_relu, inputs=[/input-36/conv_1], perturbed=True)
  (/input-36/conv_1_w): BoundParams(name=/input-36/conv_1_w, inputs=[], perturbed=False)
  (/input-36/conv_2): BoundConv(name=/input-36/conv_2, inputs=[/80, /input-36/conv_2_w], perturbed=True)
  (/input-36/conv_2_w): BoundParams(name=/input-36/conv_2_w, inputs=[], perturbed=False)
  (/input-36/conv_3): BoundConv(name=/input-36/conv_3, inputs=[/input-36/add_1_2, /input-36/conv_3_w], perturbed=True)
  (/input-36/conv_3_relu): BoundRelu(name=/input-36/conv_3_relu, inputs=[/input-36/conv_3], perturbed=True)
  (/input-36/conv_3_w): BoundParams(name=/input-36/conv_3_w, inputs=[], perturbed=False)
  (/input-36/conv_4): BoundConv(name=/input-36/conv_4, inputs=[/input-36/add_1_2, /input-36/conv_4_w], perturbed=True)
  (/input-36/conv_4_w): BoundParams(name=/input-36/conv_4_w, inputs=[], perturbed=False)
  (/input-36/add_1_2): BoundAdd(name=/input-36/add_1_2, inputs=[/input-36/conv_1_relu, /input-36/conv_2], perturbed=True)
  (/input-36/add_3_4): BoundAdd(name=/input-36/add_3_4, inputs=[/input-36/conv_3_relu, /input-36/conv_4], perturbed=True)
  (/input-52/conv_1): BoundConv(name=/input-52/conv_1, inputs=[/87, /input-52/conv_1_w], perturbed=True)
  (/input-52/conv_1_relu): BoundRelu(name=/input-52/conv_1_relu, inputs=[/input-52/conv_1], perturbed=True)
  (/input-52/conv_1_w): BoundParams(name=/input-52/conv_1_w, inputs=[], perturbed=False)
  (/input-52/conv_2): BoundConv(name=/input-52/conv_2, inputs=[/87, /input-52/conv_2_w], perturbed=True)
  (/input-52/conv_2_w): BoundParams(name=/input-52/conv_2_w, inputs=[], perturbed=False)
  (/input-52/conv_3): BoundConv(name=/input-52/conv_3, inputs=[/input-52/add_1_2, /input-52/conv_3_w], perturbed=True)
  (/input-52/conv_3_relu): BoundRelu(name=/input-52/conv_3_relu, inputs=[/input-52/conv_3], perturbed=True)
  (/input-52/conv_3_w): BoundParams(name=/input-52/conv_3_w, inputs=[], perturbed=False)
  (/input-52/conv_4): BoundConv(name=/input-52/conv_4, inputs=[/input-52/add_1_2, /input-52/conv_4_w], perturbed=True)
  (/input-52/conv_4_w): BoundParams(name=/input-52/conv_4_w, inputs=[], perturbed=False)
  (/input-52/add_1_2): BoundAdd(name=/input-52/add_1_2, inputs=[/input-52/conv_1_relu, /input-52/conv_2], perturbed=True)
  (/input-52/add_3_4): BoundAdd(name=/input-52/add_3_4, inputs=[/input-52/conv_3_relu, /input-52/conv_4], perturbed=True)
  (/95/conv_1): BoundConv(name=/95/conv_1, inputs=[/94, /95/conv_1_w], perturbed=True)
  (/95/conv_1_relu): BoundRelu(name=/95/conv_1_relu, inputs=[/95/conv_1], perturbed=True)
  (/95/conv_1_w): BoundParams(name=/95/conv_1_w, inputs=[], perturbed=False)
  (/95/conv_2): BoundConv(name=/95/conv_2, inputs=[/94, /95/conv_2_w], perturbed=True)
  (/95/conv_2_w): BoundParams(name=/95/conv_2_w, inputs=[], perturbed=False)
  (/95/conv_3): BoundConv(name=/95/conv_3, inputs=[/95/add_1_2, /95/conv_3_w], perturbed=True)
  (/95/conv_3_relu): BoundRelu(name=/95/conv_3_relu, inputs=[/95/conv_3], perturbed=True)
  (/95/conv_3_w): BoundParams(name=/95/conv_3_w, inputs=[], perturbed=False)
  (/95/conv_4): BoundConv(name=/95/conv_4, inputs=[/95/add_1_2, /95/conv_4_w], perturbed=True)
  (/95/conv_4_w): BoundParams(name=/95/conv_4_w, inputs=[], perturbed=False)
  (/95/add_1_2): BoundAdd(name=/95/add_1_2, inputs=[/95/conv_1_relu, /95/conv_2], perturbed=True)
  (/95/add_3_4): BoundAdd(name=/95/add_3_4, inputs=[/95/conv_3_relu, /95/conv_4], perturbed=True)
)
Model prediction is: tensor([ 1.04841650e+00,  2.06702995e+00,  1.09783649e+00,  1.12288153e+00,
         1.32237637e+00,  1.78087604e+00,  2.02228904e+00, -1.33932900e+00,
        -9.34227407e-01, -5.16536057e-01, -1.10908449e+00,  3.98890108e-01,
        -1.86850846e-01, -4.28034723e-01,  6.12776399e-01,  3.99405390e-01,
        -6.88385963e-01, -7.47176349e-01, -8.81156027e-02, -6.38609469e-01,
        -1.45150617e-01,  8.04878235e-01,  1.29130936e+00, -4.18406799e-02,
         5.27139127e-01, -1.40129530e+00, -2.91995183e-02, -7.69551635e-01,
        -1.72836447e+00,  6.30796015e-01, -1.19846594e+00,  8.31612527e-01,
        -9.04494464e-01, -2.44698480e-01, -3.72476935e-01, -8.30604076e-01,
         8.32296968e-01, -1.54462528e+00, -1.87428832e-01, -1.07655621e+00,
         9.79077399e-01, -1.29397130e+00, -1.74308026e+00, -1.25649440e+00,
        -5.64032972e-01, -1.05319536e+00,  1.38925362e+00, -8.50888312e-01,
        -8.57981026e-01,  2.63409197e-01,  1.57935965e+00, -2.08044934e+00,
        -1.60624281e-01,  1.42617330e-01, -1.00066423e+00,  9.73762646e-02,
        -1.13942754e+00, -1.49697971e+00,  6.67937160e-01,  2.43449777e-01,
         3.12171727e-01, -8.48199189e-01, -1.42098188e+00,  1.30400881e-01,
         8.15625310e-01,  8.57549906e-01, -7.91928589e-01,  1.73910037e-01,
        -1.30269408e+00, -1.15134597e+00,  2.96281934e-01,  2.64549166e-01,
        -3.43469292e-01,  3.86802971e-01,  1.65325075e-01,  6.03511989e-01,
         2.17951566e-01,  1.20489371e+00,  8.82493794e-01,  1.08442569e+00,
        -1.50570601e-01, -1.32069409e+00, -3.95295560e-01, -9.65248823e-01,
        -4.79073711e-02, -3.23501110e-01, -8.13810527e-01,  3.84021431e-01,
         2.24855810e-01,  1.52900100e-01, -2.40801111e-01, -1.61370707e+00,
         4.24468964e-01,  3.85346502e-01,  8.39882851e-01, -1.58088291e+00,
         9.90889132e-01,  1.21902205e-01,  4.78408933e-01,  1.02759564e+00,
         1.85437810e+00, -8.44623804e-01, -2.03725338e+00,  1.64002359e+00,
         4.05476764e-02, -1.37157130e+00, -4.43853736e-02,  1.08433938e+00,
        -7.90048480e-01, -6.76596582e-01,  2.04628199e-01,  2.93847203e+00,
         1.33996546e-01,  5.67879438e-01,  4.04879928e-01, -1.25103474e+00,
        -1.29150796e+00,  3.41551125e-01, -1.24708724e+00, -2.03626704e+00,
        -2.12764144e+00, -2.44092917e+00, -2.09984899e+00, -2.15008354e+00,
        -1.42314446e+00, -1.67757010e+00,  6.58292294e-01,  1.06489539e+00,
         1.14384878e+00,  1.91552973e+00,  1.23588860e+00,  7.70718694e-01,
         2.42401004e+00,  5.11511683e-01,  1.03597975e+00, -1.43982440e-01,
        -1.67312384e-01,  1.00781727e+00,  4.00927484e-01, -1.64655912e+00,
        -1.67302310e+00,  4.18756455e-01, -3.82861435e-01, -1.03637993e-01,
         1.69835329e-01,  4.38501477e-01, -9.24257413e-02,  1.33708906e+00,
         8.51669192e-01,  2.43681049e+00,  1.49818376e-01,  1.15314233e+00,
        -4.80549932e-01,  1.71431828e+00,  7.82583773e-01,  4.00975347e-01,
        -1.28885642e-01,  4.22331244e-01, -5.26456296e-01, -3.58638525e-01,
         7.96238706e-02,  4.40727502e-01,  1.15307581e+00,  1.27230406e-01,
        -5.25594473e-01, -7.44795918e-01, -8.90047848e-01, -9.10658062e-01,
         2.47765407e-02,  3.31844240e-01,  2.18917921e-01,  7.19399303e-02,
        -4.21575040e-01,  4.94392127e-01,  2.67711133e-01,  1.54672965e-01,
        -4.37967151e-01, -3.37538928e-01,  1.46655393e+00, -7.20633090e-01,
        -4.13565814e-01,  6.18215799e-01,  5.72066188e-01,  1.58946961e-01,
         6.68414533e-01,  2.93851197e-01,  7.60283947e-01,  1.23892844e+00,
         1.79418460e-01,  3.22540879e-01,  9.52509701e-01,  1.26236522e+00,
         6.94087684e-01,  6.18318141e-01,  4.51832801e-01,  1.17565668e+00,
         8.24498415e-01, -4.97574866e-01, -3.89265805e-01,  1.24394143e+00,
         5.99548161e-01,  4.21266526e-01,  6.87903106e-01,  2.19907928e+00,
         1.04660010e+00, -1.54591039e-01, -9.46084917e-01,  8.48018527e-01,
         7.10782230e-01,  8.09923828e-01, -1.37656188e+00,  3.03807378e-01,
         8.86848450e-01,  1.12305403e-01, -3.31060141e-01, -1.01085722e-01,
         6.71431661e-01,  2.01852143e-01,  7.40695149e-02,  8.16995978e-01,
         4.14990902e-01, -2.25701943e-01,  5.85538387e-01,  6.35856092e-01,
         7.61703789e-01,  1.54800266e-02,  1.38550401e-01, -1.82953194e-01,
        -5.84819734e-01,  1.59754634e+00, -7.11406991e-02,  5.76573074e-01,
        -3.02324265e-01,  1.09034916e-02,  2.65473947e-02,  8.40097487e-01,
        -3.09532940e-01,  1.95858419e-01, -3.43779117e-01,  1.50322154e-01,
        -2.27521896e-01, -4.11994934e-01,  5.85869908e-01, -6.90313339e-01,
        -5.79296172e-01,  1.07357609e+00, -5.62276304e-01, -3.27504836e-02,
         7.89481640e-01,  7.20355988e-01,  6.62498951e-01, -7.16749549e-01,
         1.85845912e-01,  4.06942785e-01,  1.47081161e+00, -7.33713746e-01,
        -5.13374507e-01,  1.18795800e+00,  1.21086490e+00,  1.60867012e+00,
         1.40116274e+00,  3.32887113e-01, -8.18779945e-01,  8.42942655e-01,
         2.11468190e-01,  1.37608612e+00,  3.78790826e-01,  1.44554317e-01,
        -1.50064981e+00,  1.22280812e+00,  1.93047071e+00,  8.80283117e-01,
         1.20015132e+00,  1.34700453e+00,  2.20988214e-01, -8.41698200e-02,
         4.01401311e-01,  1.31880879e+00,  7.22870007e-02,  1.76156187e+00,
         8.43605518e-01,  2.32194519e+00,  2.71703386e+00,  3.00831747e+00,
         2.83558273e+00,  1.54919732e+00,  5.06906271e-01,  1.34696722e+00,
        -3.55551988e-01, -1.28220037e-01, -5.10631740e-01,  2.36698389e-01,
         2.48533905e-01,  2.77225345e-01,  3.42863679e-01,  8.73810649e-02,
         2.60158515e+00, -1.04291789e-01, -5.34663439e-01, -9.82418284e-02,
        -1.99863493e+00,  3.91385645e-01, -1.34294009e+00, -1.04272783e+00,
        -1.18944776e+00, -2.17410326e+00, -8.51742446e-01, -5.33351898e-01,
         3.93786728e-01, -1.16877854e+00,  1.24519837e+00,  3.83961201e-01,
        -4.91794765e-01,  1.08729410e+00,  5.48384786e-01,  2.92869955e-01,
         8.84553641e-02, -5.25284171e-01,  1.54183710e+00,  7.34130383e-01,
         3.01170442e-02, -2.35572004e+00, -1.60914850e+00, -2.02347898e+00,
        -1.32123399e+00, -1.70693207e+00, -1.76612628e+00,  6.83347695e-03,
        -1.79346001e+00, -1.58196104e+00,  1.27147567e+00,  1.90809536e+00,
         2.71118474e+00,  8.01773250e-01, -4.54504699e-01, -2.54682511e-01,
        -1.64157915e+00,  1.22681844e+00,  5.49645066e-01, -1.79095483e+00,
        -7.14995205e-01,  1.47073537e-01, -4.11438227e-01, -1.03831100e+00,
         5.33989847e-01, -9.38632727e-01, -1.04771292e+00, -2.42222279e-01,
        -1.81428754e+00, -1.19797075e+00, -1.33277452e+00, -9.00407493e-01,
        -5.55333376e-01, -5.47250450e-01, -1.38589942e+00, -8.29123139e-01,
         7.19512939e-01,  1.84106112e-01,  4.91237402e-01,  7.69636095e-01,
         6.76950872e-01,  6.15933299e-01,  1.01987958e+00, -5.84590696e-02,
        -8.62446249e-01,  2.29518697e-01,  5.04971802e-01,  3.04449666e-02,
         4.59638685e-01, -4.50593561e-01,  4.86008227e-02, -6.20909393e-01,
         8.01815391e-01,  8.24345291e-01,  4.37255174e-01, -8.81389797e-01,
         3.97642672e-01,  2.38435894e-01,  6.33178890e-01, -4.68650043e-01,
         6.56516969e-01, -1.68256968e-01,  3.69545013e-01,  3.66144674e-03,
        -2.67625242e-01, -2.07889095e-01, -6.88671231e-01, -1.35016215e+00,
        -9.81783092e-01,  1.06632793e+00,  2.15414360e-01,  1.28481269e+00,
         5.57049476e-02, -1.24558902e+00,  5.30804217e-01,  1.42353070e+00,
        -1.16923356e+00, -7.67111927e-02, -9.76107776e-01,  4.41777557e-01,
        -1.07663822e+00, -1.45843840e+00,  1.64022803e-01, -7.67997622e-01,
        -5.89535117e-01,  6.72314346e-01, -1.39469647e+00, -6.32172048e-01,
        -1.58997035e+00,  1.91664219e+00, -1.32918286e+00,  1.76874936e+00,
         5.54748416e-01,  5.89504302e-01,  1.02466035e+00, -2.27278137e+00,
         1.40740430e+00,  1.11452639e+00,  1.52110600e+00,  1.73824096e+00,
        -1.10869072e-02,  1.07768424e-01, -5.11150539e-01, -1.59498942e+00,
        -6.89404607e-01,  5.29212654e-01,  2.27858037e-01, -9.85763550e-01,
        -6.36488676e-01, -2.75342196e-01, -1.16411495e+00, -4.37912047e-01,
        -3.52207601e-01,  1.35432017e+00,  1.50891984e+00,  7.14855790e-01,
        -7.50615358e-01,  2.45649964e-01,  1.46836865e+00,  5.54058775e-02,
        -5.67734241e-03,  1.50114262e+00, -3.02489042e-01,  2.21989417e+00,
        -1.55274868e+00, -4.24734473e-01,  2.85933113e+00, -4.63555127e-01,
        -1.76030457e-01,  1.20500401e-01, -1.38093090e+00, -6.14425130e-02,
         2.16950849e-01, -5.22946656e-01, -1.82890320e+00, -2.60300249e-01,
        -2.40734532e-01,  7.08655357e-01, -3.46421003e-01,  5.25474191e-01,
        -7.88560271e-01, -5.67538366e-02,  1.87900460e+00,  7.15591758e-03,
         7.62693524e-01,  1.80764735e+00, -1.44002020e+00, -2.61006832e+00,
         3.85600835e-01, -1.96035400e-01,  4.88402128e-01, -1.33931732e+00,
         3.27844024e-02,  1.86983243e-01, -5.67984521e-01,  1.11009812e+00,
        -1.38532794e+00, -8.36417377e-01,  1.02085285e-02, -1.30918384e+00,
         2.75290155e+00,  5.72420478e-01, -3.30075204e-01, -3.50017607e-01,
        -2.14953944e-01,  4.61244673e-01, -3.88132155e-01,  1.55814266e+00,
        -8.31475496e-01,  2.00047389e-01,  1.40770659e-01, -1.43300521e+00,
         1.09113157e-01, -7.22552598e-01,  1.43721998e-01, -7.54250705e-01,
         8.42961967e-01,  4.90808904e-01, -3.17792952e-01,  2.07362199e+00,
        -2.78901267e+00,  6.69060946e-01, -1.19025218e+00, -5.20396791e-02,
        -8.35754350e-03, -3.91590565e-01, -1.87840629e+00,  5.65754652e-01,
         1.07106721e+00, -3.09532619e+00, -5.25868177e-01, -1.53705466e+00,
        -5.57726204e-01, -5.46876907e-01, -8.55973840e-01, -4.20362979e-01,
        -1.76320720e+00,  1.46180287e-01, -8.23091447e-01, -7.02823997e-01,
        -9.30623412e-01, -1.00141048e+00, -1.04329681e+00, -4.72974330e-01,
        -5.50800443e-01, -2.80057251e-01, -7.50897884e-01,  4.92082477e-01,
        -8.68337572e-01,  1.01035798e+00,  1.68683732e+00,  4.69805747e-01,
        -1.07297099e+00,  4.07973565e-02,  1.94954538e+00, -2.40225029e+00,
        -1.47549474e+00, -6.97730660e-01,  3.06994736e-01,  2.89269400e+00,
        -1.06393650e-01, -2.09698939e+00,  9.95440960e-01, -4.85253960e-01,
        -1.38592839e+00,  7.43101723e-03, -2.80966967e-01, -2.55018425e+00,
         7.08586164e-03,  3.02224755e+00, -2.13346410e+00, -1.13677955e+00,
         1.16311538e+00,  9.36392903e-01,  6.03251696e-01, -8.51636529e-01,
         3.19944382e+00,  1.75723040e+00,  3.39062750e-01,  8.17548335e-02,
        -1.16471028e+00, -7.95847535e-01,  2.36208558e+00,  5.94763756e-01,
        -1.03791130e+00,  2.03666240e-01, -7.25238442e-01, -3.18259269e-01,
         6.86454117e-01, -1.79575706e+00,  3.30526829e-02, -8.53464007e-01,
         7.82639146e-01, -7.85489798e-01,  1.17524683e+00, -6.24635577e-01,
        -1.52390206e+00,  4.09632057e-01,  5.81755519e-01, -7.02004731e-01,
         3.28680933e-01, -9.20316160e-01, -2.68573117e+00, -6.78231776e-01,
         3.91243100e-01,  1.81456432e-01, -1.15457535e+00,  8.82711172e-01,
         1.13791251e+00, -1.57490909e-01,  2.95813024e-01,  3.77371216e+00,
        -4.42217797e-01,  4.38274831e-01, -1.30766833e+00, -8.64969671e-01,
         1.34236491e+00,  8.94525945e-02,  7.49941468e-01,  4.78882730e-01,
         1.31621587e+00,  4.75348905e-02,  1.46231616e+00, -2.31004381e+00,
         5.94180763e-01,  1.68168700e+00,  3.83145571e-01, -2.98140913e-01,
         1.48487830e+00, -7.57959902e-01,  1.84373879e+00,  6.53121233e-01,
        -1.54382324e+00, -3.14526170e-01, -2.81331539e-01,  9.70178723e-01,
         1.13533044e+00,  3.43515784e-01,  1.32070339e+00,  2.62677860e+00,
         2.30786896e+00,  5.22880018e-01,  6.57614946e-01,  1.39442933e+00,
        -1.40541708e+00, -1.07891870e+00,  1.34710288e+00, -4.29136395e-01,
        -1.36749339e+00,  5.15277803e-01, -5.84046125e-01,  1.32767066e-01,
         2.54015160e+00, -2.67650276e-01, -2.74039078e+00, -6.48671389e-01,
         2.08544731e+00,  2.97090471e-01,  2.24559680e-02, -1.30440384e-01,
        -9.21661794e-01, -4.53841507e-01, -1.50388730e+00,  1.78613141e-03,
         1.32890391e+00, -2.42185593e+00,  1.55281588e-01,  7.45318592e-01,
         3.71039242e-01, -6.81815982e-01,  1.34435153e+00,  2.22543311e+00,
        -4.86287385e-01, -6.18137002e-01, -5.54648995e-01,  8.29998076e-01,
        -8.10872138e-01,  1.70605123e+00, -2.50777662e-01,  3.14876497e-01,
        -3.54706883e-01, -2.42215872e+00,  7.54794300e-01, -1.40446627e+00,
         2.61598969e+00, -1.50631690e+00, -1.18655205e+00, -3.56235147e-01,
        -5.25972426e-01,  2.47227049e+00, -1.33334112e+00, -1.36612630e+00,
         6.26171291e-01,  8.89700890e-01,  6.20562695e-02, -9.28200662e-01,
        -6.78319156e-01,  5.24207950e-01,  1.37414932e-01, -1.09349179e+00,
         1.29369068e+00,  1.47101378e+00, -3.79719064e-02,  2.85917878e-01,
        -3.77980500e-01,  2.87252933e-01, -1.17059183e+00, -2.85190415e+00,
         1.80322027e+00, -6.05828881e-01, -3.66633153e+00, -1.32589012e-01,
         1.53144503e+00,  9.48168397e-01, -6.29362345e-01,  6.06424272e-01,
         1.15528047e+00, -2.25137159e-01, -1.28718579e+00, -4.27498162e-01,
         1.79428363e+00,  1.56320095e+00,  1.72906578e-01, -6.74252152e-01,
         1.14254224e+00, -1.71023893e+00, -1.43833899e+00,  5.88367343e-01,
        -5.05833089e-01,  1.46473753e+00, -3.49838614e-01,  8.87373269e-01,
         1.25048280e+00,  1.80366054e-01,  2.39207491e-01, -7.21500993e-01,
        -3.21448475e-01, -1.73615837e+00,  3.36573154e-01, -2.03148276e-01,
        -7.06114061e-03,  1.92746317e+00,  1.83949065e+00, -1.59359694e-01,
        -1.42888975e+00,  1.11630213e+00, -1.46335864e+00,  8.55573475e-01,
         1.82782674e+00, -1.63358486e+00, -1.89241624e+00,  1.31034350e+00,
        -1.53195128e-01,  1.04757786e+00, -1.41244197e+00,  2.59592652e-01,
         3.37670118e-01,  7.07881212e-01, -4.44732100e-01, -2.47290850e+00,
        -9.42436397e-01,  2.57812500e+00, -7.23102570e-01, -6.26467943e-01,
         1.63321197e+00,  2.77062058e-01, -4.67318073e-02,  1.00447464e+00,
         1.06214333e+00,  1.30927432e+00,  1.17091608e+00, -6.50851488e-01,
         1.52833259e+00,  1.72929966e+00,  6.86529726e-02, -1.10813618e+00,
         1.71118043e-02, -1.21571076e+00, -5.14708519e-01, -1.17759451e-01,
         9.94503915e-01,  1.54129112e+00, -2.47067738e+00,  1.09869194e+00,
         1.10898995e+00, -9.61047471e-01, -8.69057834e-01,  9.61420000e-01,
        -1.20284498e+00,  1.38544047e+00, -1.05966353e+00,  7.13297784e-01,
         1.23635042e+00,  1.06939483e+00, -9.24543083e-01,  1.00538224e-01,
         5.79850256e-01,  5.51445365e-01,  1.81172505e-01, -7.66403973e-01,
        -5.63002586e-01,  4.59513515e-01,  2.81899023e+00,  6.64983690e-01,
         1.70195568e+00,  3.87714922e-01, -1.72605562e+00, -2.02689394e-01,
        -1.63234353e+00,  1.47802305e+00, -2.00984716e-01,  5.30160844e-01,
         1.21125758e+00,  8.75343204e-01,  3.61300421e+00,  2.14021876e-01,
         7.80163944e-01,  1.48970783e+00,  6.12403929e-01,  2.07826042e+00,
        -6.13948584e-01,  5.25733195e-02, -2.45627508e-01,  3.69700223e-01,
         4.37349737e-01,  1.47272974e-01, -2.14829102e-01, -4.26681280e-01,
        -1.40270615e+00, -2.70480722e-01,  3.43917489e-01,  6.44929826e-01,
         1.04456317e+00,  5.39658487e-01,  1.44627452e-01,  9.14966106e-01,
         4.92621243e-01, -1.34629047e+00,  1.70891762e+00,  1.02090490e+00,
        -1.31512010e+00, -1.56319654e+00, -1.29017591e+00, -1.03639472e+00,
         3.62201542e-01, -1.14990366e+00,  3.46797884e-01, -2.76597112e-01,
         1.37380028e+00, -1.42272305e+00, -9.71728742e-01,  6.64395690e-01,
        -9.16896403e-01, -1.17275566e-01,  6.67325616e-01, -2.06561947e+00,
        -6.06587589e-01,  6.29920140e-02,  5.13808094e-02, -2.28990018e-01,
         1.22160172e+00,  2.73767114e-01,  1.09542644e+00,  3.75983626e-01,
         2.34306335e+00,  1.89809287e+00,  1.06277561e+00, -1.17925513e+00,
        -8.40982944e-02, -6.62880123e-01,  1.40607610e-01,  3.47466850e+00,
         2.10112500e+00, -1.34189737e+00,  1.13812065e+00,  1.10648227e+00,
        -3.63545609e+00, -1.20997024e+00, -1.04253709e+00, -5.73133945e-01,
        -1.73959708e+00,  1.98713779e-01, -6.03434920e-01, -9.46853340e-01,
        -1.99606812e+00, -2.63290906e+00, -9.90055740e-01, -5.99221289e-01,
         2.21691489e+00, -5.90447597e-02, -5.72023749e-01,  2.33344406e-01,
         5.83249152e-01, -5.18830121e-01, -2.14904928e+00,  3.90971974e-02,
         5.62728584e-01,  2.39013523e-01, -1.72165775e+00,  2.29543543e+00,
         6.98503852e-03, -1.06996465e+00,  2.84058958e-01,  9.31050181e-01,
        -5.50327182e-01,  3.28833914e+00,  2.79638588e-01, -1.55958548e-01,
        -1.28267616e-01, -1.85274720e-01, -1.32364106e+00, -1.54350436e+00,
         2.83442020e+00,  1.18707657e+00,  1.26440406e+00, -6.97094202e-01,
         3.75954509e-01,  6.14008009e-01,  1.60837257e+00,  1.08660929e-01,
        -3.09056818e-01, -9.66506958e-01,  5.50431132e-01,  1.12896609e+00,
         6.63082457e+00,  4.18809175e+00,  6.50262594e-01, -3.16664755e-01,
         8.74588013e-01, -4.74742830e-01, -1.74215108e-01,  2.66379237e+00,
        -1.93805420e+00, -7.29469597e-01, -4.29370552e-01, -8.85204554e-01,
         9.66211557e-01, -5.79840899e-01, -2.95080841e-01,  8.03692997e-01,
         7.17202663e-01,  2.40803218e+00, -4.41462576e-01, -1.88410842e+00,
        -2.34742022e+00,  3.05527113e-02, -2.22861099e+00, -2.11232901e+00,
        -1.78212380e+00,  6.99273646e-01, -1.56846511e+00, -1.11022937e+00,
        -1.33467054e+00, -2.23262978e+00, -1.93704367e+00, -1.44952941e+00,
        -1.30301440e+00, -9.64474201e-01, -1.17588079e+00, -2.48749837e-01,
        -1.39149368e+00, -1.34120464e+00, -6.44617915e-01, -7.32958242e-02,
        -2.79017377e+00,  1.01956569e-01, -2.44572616e+00, -9.02442098e-01,
         1.83908808e+00,  4.50429469e-01,  3.91124368e-01,  6.84253454e-01,
        -1.00123775e+00, -1.73094705e-01,  1.60719112e-01, -9.10165191e-01,
        -1.20803332e+00, -5.03071725e-01, -4.37042117e-01, -2.63745880e+00,
        -2.74437475e+00, -4.95256901e-01, -2.43530607e+00, -1.97620308e+00,
        -1.99989450e+00, -1.69417584e+00,  4.94259000e-01, -1.08773482e+00,
         4.77777034e-01, -6.01479471e-01, -1.50586307e+00,  2.47382259e+00,
        -7.87939429e-01,  7.37075880e-02,  2.20494056e+00,  1.88721764e+00,
        -1.02795398e+00,  1.17253935e+00,  2.96779983e-02, -1.23573303e+00,
         8.85840714e-01,  6.69486046e-01, -3.14771503e-01,  6.96067736e-02,
         1.39913931e-01,  6.09131455e-02, -8.50316465e-01,  6.49076700e-02,
        -7.14467943e-01,  4.22707051e-02, -1.33177292e+00, -1.64320683e+00,
        -1.14763308e+00, -2.93333983e+00, -2.78259563e+00, -1.75456047e+00,
        -1.88460636e+00, -2.05292439e+00,  1.23471521e-01,  1.47609663e+00],
       device='cuda:0')
Clean RHS: tensor([[0.55645686]], device='cuda:0')
Split layers:
Nonlinear functions:
   BoundRelu(name=/66, inputs=[/input], perturbed=True)
   BoundRelu(name=/68, inputs=[/input-4], perturbed=True)
   BoundRelu(name=/71, inputs=[/input-12], perturbed=True)
   BoundRelu(name=/73, inputs=[/input-16], perturbed=True)
   BoundRelu(name=/76, inputs=[/input-24], perturbed=True)
   BoundRelu(name=/78, inputs=[/input-28], perturbed=True)
   BoundRelu(name=/80, inputs=[/input-32], perturbed=True)
   BoundRelu(name=/83, inputs=[/input-40], perturbed=True)
   BoundRelu(name=/85, inputs=[/input-44], perturbed=True)
   BoundRelu(name=/87, inputs=[/input-48], perturbed=True)
   BoundRelu(name=/90, inputs=[/input-56], perturbed=True)
   BoundRelu(name=/92, inputs=[/input-60], perturbed=True)
   BoundRelu(name=/94, inputs=[/input-64], perturbed=True)
   BoundRelu(name=/98, inputs=[/input-68], perturbed=True)
   BoundRelu(name=/101, inputs=[/input-72], perturbed=True)
   BoundRelu(name=/input-8/conv_1_relu, inputs=[/input-8/conv_1], perturbed=True)
   BoundRelu(name=/input-8/conv_3_relu, inputs=[/input-8/conv_3], perturbed=True)
   BoundRelu(name=/input-20/conv_1_relu, inputs=[/input-20/conv_1], perturbed=True)
   BoundRelu(name=/input-20/conv_3_relu, inputs=[/input-20/conv_3], perturbed=True)
   BoundRelu(name=/input-36/conv_1_relu, inputs=[/input-36/conv_1], perturbed=True)
   BoundRelu(name=/input-36/conv_3_relu, inputs=[/input-36/conv_3], perturbed=True)
   BoundRelu(name=/input-52/conv_1_relu, inputs=[/input-52/conv_1], perturbed=True)
   BoundRelu(name=/input-52/conv_3_relu, inputs=[/input-52/conv_3], perturbed=True)
   BoundRelu(name=/95/conv_1_relu, inputs=[/95/conv_1], perturbed=True)
   BoundRelu(name=/95/conv_3_relu, inputs=[/95/conv_3], perturbed=True)
Batched CROWN: node BoundConv(name=/input-4, inputs=[/66, /35, /36], perturbed=True), unstable size 38143
Batched CROWN: node BoundConv(name=/input-8/conv_1, inputs=[/68, /input-8/conv_1_w], perturbed=True), unstable size 48173
Batched CROWN: node BoundConv(name=/input-8/conv_3, inputs=[/input-8/add_1_2, /input-8/conv_3_w], perturbed=True), unstable size 15989
Batched CROWN: node BoundConv(name=/input-12, inputs=[/input-8/add_3_4, /37, /38], perturbed=True), unstable size 335961
Batched CROWN: node BoundConv(name=/input-16, inputs=[/71, /39, /40], perturbed=True), unstable size 1529270
Batched CROWN: node BoundConv(name=/input-20/conv_1, inputs=[/73, /input-20/conv_1_w], perturbed=True), unstable size 21614
Batched CROWN: node BoundConv(name=/input-20/conv_3, inputs=[/input-20/add_1_2, /input-20/conv_3_w], perturbed=True), unstable size 12508
Batched CROWN: node BoundConv(name=/input-24, inputs=[/input-20/add_3_4, /41, /42], perturbed=True), unstable size 445887
Batched CROWN: node BoundConv(name=/input-28, inputs=[/76, /43, /44], perturbed=True), unstable size 783947
Batched CROWN: node BoundConv(name=/input-32, inputs=[/78, /45, /46], perturbed=True), unstable size 159799
Batched CROWN: node BoundConv(name=/input-36/conv_1, inputs=[/80, /input-36/conv_1_w], perturbed=True), unstable size 28665
Batched CROWN: node BoundConv(name=/input-36/conv_3, inputs=[/input-36/add_1_2, /input-36/conv_3_w], perturbed=True), unstable size 17252
Batched CROWN: node BoundConv(name=/input-40, inputs=[/input-36/add_3_4, /47, /48], perturbed=True), unstable size 340990
Batched CROWN: node BoundConv(name=/input-44, inputs=[/83, /49, /50], perturbed=True), unstable size 226331
Batched CROWN: node BoundConv(name=/input-48, inputs=[/85, /51, /52], perturbed=True), unstable size 247462
Batched CROWN: node BoundConv(name=/input-52/conv_1, inputs=[/87, /input-52/conv_1_w], perturbed=True), unstable size 5567
Batched CROWN: node BoundConv(name=/input-52/conv_3, inputs=[/input-52/add_1_2, /input-52/conv_3_w], perturbed=True), unstable size 3996
Batched CROWN: node BoundConv(name=/input-56, inputs=[/input-52/add_3_4, /53, /54], perturbed=True), unstable size 87433
Batched CROWN: node BoundConv(name=/input-60, inputs=[/90, /55, /56], perturbed=True), unstable size 97512
Batched CROWN: node BoundConv(name=/input-64, inputs=[/92, /57, /58], perturbed=True), unstable size 96516
Batched CROWN: node BoundConv(name=/95/conv_1, inputs=[/94, /95/conv_1_w], perturbed=True), unstable size 36721
Batched CROWN: node BoundConv(name=/95/conv_3, inputs=[/95/add_1_2, /95/conv_3_w], perturbed=True), unstable size 19440
Batched CROWN: node BoundLinear(name=/input-68, inputs=[/96, /59, /60], perturbed=True), unstable size 4096
Batched CROWN: node BoundLinear(name=/input-72, inputs=[/99, /61, /62], perturbed=True), unstable size 4096
initial crown bounds: tensor([[-158271.20312500]], device='cuda:0')
Number of class (without rhs): 1 ; Worst class: (+ rhs) -158271.203125
Iteration 1
Adv attack time: 1.5583s
Batch size: 1
Current pickout batch: 1, total pickout batch: 1
Batched CROWN: node BoundConv(name=/input-4, inputs=[/66, /35, /36], perturbed=True), unstable size 38143
Batched CROWN: node BoundConv(name=/input-8/conv_1, inputs=[/68, /input-8/conv_1_w], perturbed=True), unstable size 48173
Batched CROWN: node BoundConv(name=/input-8/conv_3, inputs=[/input-8/add_1_2, /input-8/conv_3_w], perturbed=True), unstable size 15989
Batched CROWN: node BoundConv(name=/input-12, inputs=[/input-8/add_3_4, /37, /38], perturbed=True), unstable size 335961
Batched CROWN: node BoundConv(name=/input-16, inputs=[/71, /39, /40], perturbed=True), unstable size 1529270
Batched CROWN: node BoundConv(name=/input-20/conv_1, inputs=[/73, /input-20/conv_1_w], perturbed=True), unstable size 21614
Batched CROWN: node BoundConv(name=/input-20/conv_3, inputs=[/input-20/add_1_2, /input-20/conv_3_w], perturbed=True), unstable size 12509
Batched CROWN: node BoundConv(name=/input-24, inputs=[/input-20/add_3_4, /41, /42], perturbed=True), unstable size 445887
Batched CROWN: node BoundConv(name=/input-28, inputs=[/76, /43, /44], perturbed=True), unstable size 783947
Batched CROWN: node BoundConv(name=/input-32, inputs=[/78, /45, /46], perturbed=True), unstable size 159800
Batched CROWN: node BoundConv(name=/input-36/conv_1, inputs=[/80, /input-36/conv_1_w], perturbed=True), unstable size 28665
Batched CROWN: node BoundConv(name=/input-36/conv_3, inputs=[/input-36/add_1_2, /input-36/conv_3_w], perturbed=True), unstable size 17250
Batched CROWN: node BoundConv(name=/input-40, inputs=[/input-36/add_3_4, /47, /48], perturbed=True), unstable size 340990
Batched CROWN: node BoundConv(name=/input-44, inputs=[/83, /49, /50], perturbed=True), unstable size 226331
Batched CROWN: node BoundConv(name=/input-48, inputs=[/85, /51, /52], perturbed=True), unstable size 247466
Batched CROWN: node BoundConv(name=/input-52/conv_1, inputs=[/87, /input-52/conv_1_w], perturbed=True), unstable size 5567
Batched CROWN: node BoundConv(name=/input-52/conv_3, inputs=[/input-52/add_1_2, /input-52/conv_3_w], perturbed=True), unstable size 3996
Batched CROWN: node BoundConv(name=/input-56, inputs=[/input-52/add_3_4, /53, /54], perturbed=True), unstable size 87433
Batched CROWN: node BoundConv(name=/input-60, inputs=[/90, /55, /56], perturbed=True), unstable size 97513
Batched CROWN: node BoundConv(name=/input-64, inputs=[/92, /57, /58], perturbed=True), unstable size 96516
Batched CROWN: node BoundConv(name=/95/conv_1, inputs=[/94, /95/conv_1_w], perturbed=True), unstable size 36721
Batched CROWN: node BoundConv(name=/95/conv_3, inputs=[/95/add_1_2, /95/conv_3_w], perturbed=True), unstable size 19440
Batched CROWN: node BoundLinear(name=/input-68, inputs=[/96, /59, /60], perturbed=True), unstable size 4096
Batched CROWN: node BoundLinear(name=/input-72, inputs=[/99, /61, /62], perturbed=True), unstable size 4096
Worst bound: tensor([-158281.62500000], device='cuda:0')
Current (lb-rhs): -158281.625
Total time: 2769.4214  pickout: 0.0008  split: 0.0017  decision: 0.0003  bounding: 2769.3846  clipping: 0.0000  add_domain: 0.0229  rest: 0.0109
Length of domains: 2
3 branch and bound domains visited
Time out!
Result: timeout
Time: 4210.379769086838
[rank 0] === Checking instance ID 778 ===
[rank 0] >>> Running ID=778 onnx=onnx/vgg16-7.onnx
Configurations:

general:
  device: cuda
  seed: 100
  conv_mode: patches
  deterministic: false
  double_fp: false
  loss_reduction_func: max
  sparse_alpha: true
  sparse_interm: true
  save_adv_example: false
  verify_onnxruntime_output: false
  eval_adv_example: false
  show_adv_example: false
  precompile_jit: false
  prepare_only: false
  complete_verifier: bab
  enable_incomplete_verification: false
  csv_name: instances.csv
  results_file: results/vggnet16_all_p_4/result_778.rank0.txt
  root_path: ../../vnncomp2023_benchmarks/benchmarks/vggnet16
  deterministic_opt: false
  graph_optimizer: 'Customized("custom_graph_optimizer", "maxpool_to_relu")'
  buffer_has_batchdim: false
  save_output: false
  output_file: out.pkl
  return_optimized_model: false
  output_additional_stats: true
  instance_id: 778
  dataset_output_dir: dataset
  min_stable_neurons_ratio_threshold: 0.0
model:
  name: null
  path: null
  onnx_path: /projects/air/dlverifier/vggnet16_all/onnx/vgg16-7.onnx
  onnx_path_prefix: ''
  cache_onnx_conversion: true
  debug_onnx: false
  onnx_quirks: null
  input_shape: null
  onnx_loader: default_onnx_and_vnnlib_loader
  onnx_optimization_flags: []
  onnx_vnnlib_joint_optimization_flags: none
  check_optimized: false
  flatten_final_output: false
  optimize_graph: null
  with_jacobian: false
data:
  start: 0
  end: 10000
  select_instance: null
  num_outputs: 1000
  mean: 0.0
  std: 1.0
  pkl_path: null
  dataset: null
  data_filter_path: null
  data_idx_file: null
specification:
  type: lp
  robustness_type: verified-acc
  norm: .inf
  epsilon: null
  epsilon_min: 0.0
  vnnlib_path: /projects/air/dlverifier/vggnet16_all/vnnlib/n02090721_Irish_wolfhound_global_k50176_eps_0.0003.vnnlib
  vnnlib_path_prefix: ''
  rhs_offset: null
solver:
  batch_size: 1
  auto_enlarge_batch_size: false
  min_batch_size_ratio: 0.1
  use_float64_in_last_iteration: false
  early_stop_patience: 10
  start_save_best: 0.5
  bound_prop_method: forward+backward
  init_bound_prop_method: same
  prune_after_crown: false
  optimize_disjuncts_separately: false
  crown:
    batch_size: 16
    max_crown_size: 1000000000
    relu_option: adaptive
  alpha-crown:
    alpha: true
    lr_alpha: 0.1
    iteration: 100
    share_alphas: false
    lr_decay: 0.98
    full_conv_alpha: true
    max_coeff_mul: .inf
    matmul_share_alphas: false
    disable_optimization: []
    max_time: 1.0
  invprop:
    apply_output_constraints_to: []
    tighten_input_bounds: false
    best_of_oc_and_no_oc: false
    directly_optimize: []
    oc_lr: 0.1
    share_gammas: false
  beta-crown:
    lr_alpha: 0.01
    lr_beta: 0.05
    lr_decay: 0.98
    optimizer: adam
    iteration: 10
    beta: true
    beta_warmup: true
    enable_opt_interm_bounds: false
    all_node_split_LP: false
  forward:
    refine: false
    dynamic: true
    max_dim: 100
    reset_threshold: 1.0
  intermediate_refinement:
    enabled: false
    batch_size: 10
    opt_coeffs: false
    opt_bias: false
    lr: 0.05
    layers: [-1]
    max_domains: 1000
  multi_class:
    label_batch_size: 32
    skip_with_refined_bound: true
  mip:
    unstable_neuron_threshold: 0
    parallel_solvers: null
    solver_threads: 1
    refine_neuron_timeout: 15
    refine_neuron_time_percentage: 0.8
    early_stop: true
    adv_warmup: true
    mip_solver: gurobi
    skip_unsafe: false
    topk_filter: 1.0
    sliding_window: -1
    extra_constraint: false
    refine_neuron_timeout_increasement: 0
    timeout_neuron_percentage: 0.3
    remaining_timeout_threshold: 1
    remove_unstable_neurons: true
    lp_solver: false
bab:
  initial_max_domains: 1
  backing_up_max_domain: null
  max_domains: .inf
  decision_thresh: 0
  timeout: 1200.0
  timeout_scale: 1
  max_iterations: -1
  override_timeout: null
  get_upper_bound: false
  pruning_in_iteration: true
  pruning_in_iteration_ratio: 0.2
  sort_targets: false
  batched_domain_list: true
  optimized_interm: ''
  interm_transfer: true
  recompute_interm: false
  sort_domain_interval: -1
  vanilla_crown: false
  tree_traversal: depth_first
  cut:
    enabled: false
    cuts_path: /tmp/abcrown_cuts
    implication: false
    bab_cut: false
    lp_cut: false
    method: null
    lr: 0.01
    lr_decay: 1.0
    iteration: 100
    bab_iteration: -1
    early_stop_patience: -1
    lr_beta: 0.02
    number_cuts: 50
    topk_cuts_in_filter: 1000
    batch_size_primal: 100
    max_num: 1000000000
    patches_cut: false
    cplex_cuts: false
    cplex_cuts_wait: 0
    cplex_cuts_revpickup: true
    cut_reference_bounds: true
    fix_intermediate_bounds: false
    _tmp_cuts: null
    fixed_cuts: false
    add_implied_cuts: false
    add_input_cuts: false
    biccos:
      enabled: false
      constraint_strengthening: true
      recursively_strengthening: false
      drop_ratio: 0.5
      verified_bonus: 0.3
      max_infer_iter: 20
      heuristic: neuron_influence_score
      save_biccos_cuts: false
      multi_tree_branching:
        enabled: false
        restore_best_tree: false
        keep_n_best_domains: 1
        k_splits: 1
        iterations: 1
  branching:
    method: sb
    candidates: 3
    reduceop: min
    enable_intermediate_bound_opt: false
    branching_input_and_activation: false
    branching_input_and_activation_order: [input, relu]
    branching_input_iterations: 30
    branching_relu_iterations: 50
    gnn_path: ''
    neural_heuristic:
      model_path: ''
    rl:
      experiment: general
      eval: false
      extras: []
      logging:
        color: true
        debug: true
        file: rl-experiment.log
      pnet:
        gH: 64
        tH: 64
        nheads: 64
        nlayers: 64
        useDynamicGraph: true
        bidirectional: false
        GAT: true
      training:
        gamma: 0.99
        lr: 0.001
        batchSize: 8
        loop: 8
        totalEpochs: 10
        updatePolicyFrequency: 10
        updateTargetFrequency: 10
        buffer: buffer.pkl
        preparedBuffer: 'False'
        TestingPreparedBuffer: false
        scriptTraining: false
        policynet: policy-checkpoint.pt
        targetnet: target-checkpoint.pt
        datasetShuffle: true
        targetedData: all
        splitRatio: 0.8
        maxInstances: -1
        trainingMode: full
        reward:
          norm: null
          bonus: 10.0
          penalty: -1.0
      egreedy:
        epsilon: 0.1
        epsilonDecay: 0.1
        minEpsilon: 0.1
        ePath: epsilon.pt
        enabled: true
      expert:
        useExpertUntilEpisode: 0.1
        enabled: true
        learnToImitateExpertEpochs: 10
    nonlinear_split:
      method: shortcut
      branching_point_method: uniform
      num_branches: 2
      filter: false
      filter_beta: false
      filter_clamp: false
      filter_batch_size: 10000
      filter_iterations: 25
      relu_only: false
      loose_tanh_threshold: null
      dynamic_bbps: false
      dynamic_options: [uniform, three_left, three_right]
      branching_point_node: ''
      branching_point_db: []
    input_split:
      enable_clip_domains: false
      split_hint: null
      reorder_bab: false
      enable: true
      enhanced_bound_prop_method: alpha-crown
      enhanced_branching_method: naive
      enhanced_bound_patience: 100000000.0
      attack_patience: 100000000.0
      adv_check: 0
      split_partitions: 2
      sb_margin_weight: 1.0
      sb_sum: false
      sb_primary_spec: null
      bf_backup_thresh: -1
      bf_rhs_offset: 0
      bf_iters: 1000000000.0
      bf_batch_size: 100000
      bf_zero_crossing_score: false
      touch_zero_score: 0
      ibp_enhancement: false
      catch_assertion: false
      compare_with_old_bounds: false
      update_rhs_with_attack: false
      sb_coeff_thresh: 0.001
      sort_index: null
      sort_descending: true
      show_progress: false
      presplit_domains: null
      skip_getting_worst_domain: false
  attack:
    enabled: false
    beam_candidates: 8
    beam_depth: 7
    max_dive_fix_ratio: 0.8
    min_local_free_ratio: 0.2
    mip_start_iteration: 5
    mip_timeout: 30.0
    adv_pool_threshold: null
    refined_mip_attacker: false
    refined_batch_size: null
attack:
  pgd_order: input_bab
  pgd_steps: 100
  pgd_restarts: 30
  pgd_batch_size: 100000000
  pgd_early_stop: true
  pgd_lr_decay: 0.99
  pgd_alpha: auto
  pgd_alpha_scale: false
  pgd_loss_mode: null
  pgd_restart_when_stuck: false
  enable_mip_attack: false
  adv_saver: default_adv_saver
  adv_verifier: default_adv_verifier
  early_stop_condition: default_early_stop_condition
  adv_example_finalizer: default_adv_example_finalizer
  pgd_loss: default_pgd_loss
  cex_path: ./test_cex.txt
  attack_mode: PGD
  attack_tolerance: 0.0
  attack_func: attack_with_general_specs
  gama_lambda: 10.0
  gama_decay: 0.9
  check_clean: true
  input_split:
    pgd_steps: 100
    pgd_restarts: 30
    pgd_alpha: auto
  input_split_enhanced:
    pgd_steps: 200
    pgd_restarts: 500000
    pgd_alpha: auto
  input_split_check_adv:
    enabled: auto
    pgd_steps: 5
    pgd_restarts: 5
    pgd_alpha: auto
    max_num_domains: 10
debug:
  sanity_check: Full+Graph
  view_model: false
  lp_test: null
  rescale_vnnlib_ptb: null
  test_optimized_bounds: false
  test_optimized_bounds_after_n_iterations: 0
  print_verbose_decisions: false

Experiments at Thu Feb 19 10:08:20 2026 on d1026
Internal results will be saved to results/vggnet16_all_p_4/result_778.rank0.txt.

[ZRL] %%%%%%%%%%%%%%%%%%%%%%%%%%%%%%%%%%% idx: 0, vnnlib ID: 0 %%%%%%%%%%%%%%%%%%%%%%%%%%%%%%%%%%%
Using onnx /projects/air/dlverifier/vggnet16_all/onnx/vgg16-7.onnx
Using vnnlib /projects/air/dlverifier/vggnet16_all/vnnlib/n02090721_Irish_wolfhound_global_k50176_eps_0.0003.vnnlib
150528 inputs and 1000 outputs in vnnlib
Loading cached onnx model from /projects/air/dlverifier/vggnet16_all/onnx/vgg16-7.onnx.cached
Cannot read cached onnx file. Regenerating...
Loading onnx /projects/air/dlverifier/vggnet16_all/onnx/vgg16-7.onnx with quirks {}
Finished onnx model loading in 39.0306 seconds
Number of perturbed inputs: 150528
WARNING: prioritizing attack due to too many perturbed pixels on VGG
Setting arguments.Config["attack"]["pgd_order"] to "before"
Setting bound_prop_method to crown
Attack parameters: initialization=uniform, steps=100, restarts=30, alpha=7.500499486923218e-05, initialization=uniform, GAMA=False
Model output of first 5 examples:
 tensor([[ 1.04841626e+00,  2.06702948e+00,  1.09783721e+00,  1.12288201e+00,
          1.32237649e+00,  1.78087616e+00,  2.02228856e+00, -1.33932936e+00,
         -9.34227884e-01, -5.16535878e-01, -1.10908437e+00,  3.98890167e-01,
         -1.86851010e-01, -4.28034902e-01,  6.12776577e-01,  3.99405211e-01,
         -6.88385785e-01, -7.47176349e-01, -8.81155133e-02, -6.38609409e-01,
         -1.45150453e-01,  8.04878235e-01,  1.29130948e+00, -4.18406129e-02,
          5.27139425e-01, -1.40129519e+00, -2.91991606e-02, -7.69551635e-01,
         -1.72836423e+00,  6.30796134e-01, -1.19846606e+00,  8.31612587e-01,
         -9.04494464e-01, -2.44698510e-01, -3.72476667e-01, -8.30604136e-01,
          8.32296789e-01, -1.54462540e+00, -1.87428474e-01, -1.07655621e+00,
          9.79077280e-01, -1.29397106e+00, -1.74308062e+00, -1.25649440e+00,
         -5.64032674e-01, -1.05319524e+00,  1.38925374e+00, -8.50888073e-01,
         -8.57981205e-01,  2.63409257e-01,  1.57935929e+00, -2.08044982e+00,
         -1.60624072e-01,  1.42617181e-01, -1.00066388e+00,  9.73762646e-02,
         -1.13942766e+00, -1.49697948e+00,  6.67936921e-01,  2.43450195e-01,
          3.12171787e-01, -8.48199487e-01, -1.42098188e+00,  1.30401149e-01,
          8.15625548e-01,  8.57550144e-01, -7.91928589e-01,  1.73909873e-01,
         -1.30269384e+00, -1.15134585e+00,  2.96281695e-01,  2.64549524e-01,
         -3.43469083e-01,  3.86803269e-01,  1.65325120e-01,  6.03511810e-01,
          2.17951506e-01,  1.20489383e+00,  8.82493496e-01,  1.08442569e+00,
         -1.50570810e-01, -1.32069433e+00, -3.95295799e-01, -9.65249181e-01,
         -4.79075797e-02, -3.23501319e-01, -8.13810706e-01,  3.84021312e-01,
          2.24855557e-01,  1.52900100e-01, -2.40801215e-01, -1.61370683e+00,
          4.24468726e-01,  3.85346681e-01,  8.39882493e-01, -1.58088267e+00,
          9.90889013e-01,  1.21901751e-01,  4.78408873e-01,  1.02759504e+00,
          1.85437775e+00, -8.44623864e-01, -2.03725338e+00,  1.64002359e+00,
          4.05474380e-02, -1.37157083e+00, -4.43854928e-02,  1.08433914e+00,
         -7.90048540e-01, -6.76596403e-01,  2.04628348e-01,  2.93847299e+00,
          1.33996099e-01,  5.67879200e-01,  4.04879689e-01, -1.25103486e+00,
         -1.29150772e+00,  3.41551185e-01, -1.24708724e+00, -2.03626680e+00,
         -2.12764144e+00, -2.44092846e+00, -2.09984899e+00, -2.15008307e+00,
         -1.42314458e+00, -1.67757034e+00,  6.58292413e-01,  1.06489539e+00,
          1.14384890e+00,  1.91552961e+00,  1.23588824e+00,  7.70718575e-01,
          2.42401004e+00,  5.11511564e-01,  1.03597951e+00, -1.43982425e-01,
         -1.67312562e-01,  1.00781727e+00,  4.00927216e-01, -1.64655936e+00,
         -1.67302322e+00,  4.18755978e-01, -3.82861674e-01, -1.03638142e-01,
          1.69835508e-01,  4.38501358e-01, -9.24252868e-02,  1.33709037e+00,
          8.51669967e-01,  2.43681073e+00,  1.49818435e-01,  1.15314150e+00,
         -4.80549753e-01,  1.71431780e+00,  7.82583356e-01,  4.00974989e-01,
         -1.28886029e-01,  4.22330916e-01, -5.26456714e-01, -3.58639091e-01,
          7.96238855e-02,  4.40726995e-01,  1.15307498e+00,  1.27229616e-01,
         -5.25594771e-01, -7.44796276e-01, -8.90048146e-01, -9.10658121e-01,
          2.47757360e-02,  3.31844300e-01,  2.18917832e-01,  7.19394088e-02,
         -4.21575189e-01,  4.94391888e-01,  2.67710596e-01,  1.54672995e-01,
         -4.37967211e-01, -3.37538809e-01,  1.46655333e+00, -7.20633268e-01,
         -4.13566321e-01,  6.18215621e-01,  5.72065413e-01,  1.58946842e-01,
          6.68413758e-01,  2.93850392e-01,  7.60282993e-01,  1.23892784e+00,
          1.79418042e-01,  3.22540194e-01,  9.52509761e-01,  1.26236451e+00,
          6.94086850e-01,  6.18317604e-01,  4.51832503e-01,  1.17565620e+00,
          8.24497759e-01, -4.97575045e-01, -3.89265954e-01,  1.24394083e+00,
          5.99547982e-01,  4.21265662e-01,  6.87902451e-01,  2.19907856e+00,
          1.04659963e+00, -1.54591084e-01, -9.46084738e-01,  8.48017573e-01,
          7.10781395e-01,  8.09923232e-01, -1.37656200e+00,  3.03806782e-01,
          8.86848032e-01,  1.12304986e-01, -3.31060410e-01, -1.01086348e-01,
          6.71431363e-01,  2.01851934e-01,  7.40691349e-02,  8.16995263e-01,
          4.14990574e-01, -2.25701943e-01,  5.85538328e-01,  6.35855734e-01,
          7.61703730e-01,  1.54794827e-02,  1.38550028e-01, -1.82953700e-01,
         -5.84819674e-01,  1.59754622e+00, -7.11412206e-02,  5.76572597e-01,
         -3.02324176e-01,  1.09036854e-02,  2.65468135e-02,  8.40097129e-01,
         -3.09533238e-01,  1.95857555e-01, -3.43779564e-01,  1.50321960e-01,
         -2.27521986e-01, -4.11995202e-01,  5.85869372e-01, -6.90313935e-01,
         -5.79296172e-01,  1.07357538e+00, -5.62276661e-01, -3.27507965e-02,
          7.89481282e-01,  7.20355511e-01,  6.62498713e-01, -7.16749668e-01,
          1.85846016e-01,  4.06942159e-01,  1.47081137e+00, -7.33713865e-01,
         -5.13374627e-01,  1.18795764e+00,  1.21086466e+00,  1.60866928e+00,
          1.40116215e+00,  3.32886964e-01, -8.18780124e-01,  8.42941701e-01,
          2.11467624e-01,  1.37608588e+00,  3.78790557e-01,  1.44554138e-01,
         -1.50065005e+00,  1.22280824e+00,  1.93047059e+00,  8.80282760e-01,
          1.20015097e+00,  1.34700382e+00,  2.20987737e-01, -8.41701627e-02,
          4.01400685e-01,  1.31880844e+00,  7.22867027e-02,  1.76156175e+00,
          8.43605161e-01,  2.32194471e+00,  2.71703315e+00,  3.00831747e+00,
          2.83558226e+00,  1.54919708e+00,  5.06905735e-01,  1.34696674e+00,
         -3.55551928e-01, -1.28219783e-01, -5.10631740e-01,  2.36697972e-01,
          2.48533651e-01,  2.77225226e-01,  3.42863321e-01,  8.73809755e-02,
          2.60158467e+00, -1.04291588e-01, -5.34663737e-01, -9.82420519e-02,
         -1.99863458e+00,  3.91385555e-01, -1.34293985e+00, -1.04272747e+00,
         -1.18944776e+00, -2.17410374e+00, -8.51742625e-01, -5.33351541e-01,
          3.93786728e-01, -1.16877830e+00,  1.24519837e+00,  3.83961499e-01,
         -4.91794467e-01,  1.08729434e+00,  5.48384666e-01,  2.92870402e-01,
          8.84554237e-02, -5.25283813e-01,  1.54183698e+00,  7.34130502e-01,
          3.01174652e-02, -2.35572004e+00, -1.60914826e+00, -2.02347875e+00,
         -1.32123375e+00, -1.70693171e+00, -1.76612580e+00,  6.83341734e-03,
         -1.79345965e+00, -1.58196092e+00,  1.27147555e+00,  1.90809536e+00,
          2.71118498e+00,  8.01773310e-01, -4.54504788e-01, -2.54682332e-01,
         -1.64157915e+00,  1.22681844e+00,  5.49645185e-01, -1.79095495e+00,
         -7.14995503e-01,  1.47073388e-01, -4.11438346e-01, -1.03831136e+00,
          5.33989608e-01, -9.38632429e-01, -1.04771316e+00, -2.42222399e-01,
         -1.81428719e+00, -1.19797075e+00, -1.33277404e+00, -9.00407851e-01,
         -5.55333555e-01, -5.47250688e-01, -1.38589954e+00, -8.29122901e-01,
          7.19512582e-01,  1.84106380e-01,  4.91237700e-01,  7.69635856e-01,
          6.76950812e-01,  6.15933597e-01,  1.01987958e+00, -5.84591143e-02,
         -8.62446308e-01,  2.29518548e-01,  5.04971981e-01,  3.04453094e-02,
          4.59638804e-01, -4.50593114e-01,  4.86010164e-02, -6.20909572e-01,
          8.01815033e-01,  8.24344993e-01,  4.37255025e-01, -8.81389320e-01,
          3.97642702e-01,  2.38435835e-01,  6.33179009e-01, -4.68650073e-01,
          6.56517029e-01, -1.68257266e-01,  3.69544804e-01,  3.66162555e-03,
         -2.67624825e-01, -2.07889527e-01, -6.88671529e-01, -1.35016191e+00,
         -9.81783032e-01,  1.06632829e+00,  2.15414420e-01,  1.28481257e+00,
          5.57055585e-02, -1.24558878e+00,  5.30804515e-01,  1.42353094e+00,
         -1.16923344e+00, -7.67111033e-02, -9.76107359e-01,  4.41777945e-01,
         -1.07663774e+00, -1.45843792e+00,  1.64022982e-01, -7.67997086e-01,
         -5.89534879e-01,  6.72314823e-01, -1.39469647e+00, -6.32172048e-01,
         -1.58997023e+00,  1.91664267e+00, -1.32918227e+00,  1.76874912e+00,
          5.54747999e-01,  5.89504242e-01,  1.02466011e+00, -2.27278137e+00,
          1.40740478e+00,  1.11452651e+00,  1.52110624e+00,  1.73824036e+00,
         -1.10867880e-02,  1.07768528e-01, -5.11149943e-01, -1.59498918e+00,
         -6.89404249e-01,  5.29212892e-01,  2.27858186e-01, -9.85763371e-01,
         -6.36488676e-01, -2.75341958e-01, -1.16411519e+00, -4.37912256e-01,
         -3.52207392e-01,  1.35431945e+00,  1.50891972e+00,  7.14855492e-01,
         -7.50615537e-01,  2.45650560e-01,  1.46836913e+00,  5.54061159e-02,
         -5.67764044e-03,  1.50114250e+00, -3.02488476e-01,  2.21989346e+00,
         -1.55274856e+00, -4.24734503e-01,  2.85933137e+00, -4.63554859e-01,
         -1.76030487e-01,  1.20500520e-01, -1.38093042e+00, -6.14423491e-02,
          2.16950551e-01, -5.22946477e-01, -1.82890296e+00, -2.60300815e-01,
         -2.40734026e-01,  7.08655059e-01, -3.46421182e-01,  5.25474072e-01,
         -7.88560212e-01, -5.67533225e-02,  1.87900448e+00,  7.15582818e-03,
          7.62693644e-01,  1.80764747e+00, -1.44002008e+00, -2.61006784e+00,
          3.85600746e-01, -1.96035132e-01,  4.88402188e-01, -1.33931708e+00,
          3.27845663e-02,  1.86983377e-01, -5.67984581e-01,  1.11009789e+00,
         -1.38532782e+00, -8.36416960e-01,  1.02084987e-02, -1.30918384e+00,
          2.75290155e+00,  5.72420657e-01, -3.30075175e-01, -3.50017160e-01,
         -2.14953288e-01,  4.61244613e-01, -3.88132155e-01,  1.55814254e+00,
         -8.31475258e-01,  2.00047269e-01,  1.40770733e-01, -1.43300498e+00,
          1.09113157e-01, -7.22552359e-01,  1.43722028e-01, -7.54250824e-01,
          8.42961550e-01,  4.90809202e-01, -3.17792237e-01,  2.07362223e+00,
         -2.78901219e+00,  6.69061124e-01, -1.19025230e+00, -5.20393364e-02,
         -8.35775211e-03, -3.91590804e-01, -1.87840617e+00,  5.65754712e-01,
          1.07106698e+00, -3.09532571e+00, -5.25867462e-01, -1.53705442e+00,
         -5.57725906e-01, -5.46876788e-01, -8.55974197e-01, -4.20363277e-01,
         -1.76320744e+00,  1.46180674e-01, -8.23091626e-01, -7.02823639e-01,
         -9.30623412e-01, -1.00141060e+00, -1.04329658e+00, -4.72974211e-01,
         -5.50800323e-01, -2.80056834e-01, -7.50897765e-01,  4.92082775e-01,
         -8.68337333e-01,  1.01035750e+00,  1.68683755e+00,  4.69805807e-01,
         -1.07297146e+00,  4.07973714e-02,  1.94954562e+00, -2.40225005e+00,
         -1.47549450e+00, -6.97730422e-01,  3.06994796e-01,  2.89269328e+00,
         -1.06392950e-01, -2.09698939e+00,  9.95441318e-01, -4.85253930e-01,
         -1.38592815e+00,  7.43109174e-03, -2.80966848e-01, -2.55018425e+00,
          7.08571263e-03,  3.02224755e+00, -2.13346386e+00, -1.13677967e+00,
          1.16311526e+00,  9.36393142e-01,  6.03251636e-01, -8.51636469e-01,
          3.19944334e+00,  1.75723064e+00,  3.39062989e-01,  8.17548931e-02,
         -1.16471004e+00, -7.95847237e-01,  2.36208558e+00,  5.94763935e-01,
         -1.03791118e+00,  2.03666419e-01, -7.25238502e-01, -3.18259388e-01,
          6.86454296e-01, -1.79575658e+00,  3.30527872e-02, -8.53463709e-01,
          7.82638848e-01, -7.85489619e-01,  1.17524707e+00, -6.24635577e-01,
         -1.52390146e+00,  4.09631908e-01,  5.81755519e-01, -7.02004433e-01,
          3.28681141e-01, -9.20316160e-01, -2.68573070e+00, -6.78230941e-01,
          3.91243279e-01,  1.81456685e-01, -1.15457511e+00,  8.82711291e-01,
          1.13791239e+00, -1.57491073e-01,  2.95813620e-01,  3.77371216e+00,
         -4.42217469e-01,  4.38274950e-01, -1.30766809e+00, -8.64969373e-01,
          1.34236491e+00,  8.94526690e-02,  7.49941409e-01,  4.78882849e-01,
          1.31621563e+00,  4.75350171e-02,  1.46231651e+00, -2.31004381e+00,
          5.94180584e-01,  1.68168688e+00,  3.83145779e-01, -2.98140675e-01,
          1.48487842e+00, -7.57960081e-01,  1.84373808e+00,  6.53121114e-01,
         -1.54382300e+00, -3.14526230e-01, -2.81331539e-01,  9.70178843e-01,
          1.13533056e+00,  3.43515813e-01,  1.32070327e+00,  2.62677836e+00,
          2.30786824e+00,  5.22880018e-01,  6.57614470e-01,  1.39442980e+00,
         -1.40541685e+00, -1.07891834e+00,  1.34710312e+00, -4.29136246e-01,
         -1.36749268e+00,  5.15277803e-01, -5.84046304e-01,  1.32766992e-01,
          2.54015183e+00, -2.67650276e-01, -2.74039006e+00, -6.48670793e-01,
          2.08544779e+00,  2.97090441e-01,  2.24555060e-02, -1.30440786e-01,
         -9.21662033e-01, -4.53841418e-01, -1.50388706e+00,  1.78592280e-03,
          1.32890451e+00, -2.42185545e+00,  1.55281976e-01,  7.45318770e-01,
          3.71039689e-01, -6.81816041e-01,  1.34435177e+00,  2.22543287e+00,
         -4.86287713e-01, -6.18137002e-01, -5.54649234e-01,  8.29997897e-01,
         -8.10872555e-01,  1.70605171e+00, -2.50777841e-01,  3.14876646e-01,
         -3.54706585e-01, -2.42215872e+00,  7.54794359e-01, -1.40446579e+00,
          2.61598992e+00, -1.50631678e+00, -1.18655205e+00, -3.56235266e-01,
         -5.25972009e-01,  2.47226954e+00, -1.33334112e+00, -1.36612618e+00,
          6.26171291e-01,  8.89700949e-01,  6.20564483e-02, -9.28200483e-01,
         -6.78319275e-01,  5.24208486e-01,  1.37414813e-01, -1.09349203e+00,
          1.29369044e+00,  1.47101367e+00, -3.79718021e-02,  2.85918087e-01,
         -3.77980292e-01,  2.87253439e-01, -1.17059124e+00, -2.85190368e+00,
          1.80322111e+00, -6.05828524e-01, -3.66633105e+00, -1.32588789e-01,
          1.53144526e+00,  9.48167980e-01, -6.29361749e-01,  6.06424391e-01,
          1.15528023e+00, -2.25137427e-01, -1.28718519e+00, -4.27497447e-01,
          1.79428363e+00,  1.56320107e+00,  1.72906831e-01, -6.74252272e-01,
          1.14254224e+00, -1.71023881e+00, -1.43833923e+00,  5.88367879e-01,
         -5.05832970e-01,  1.46473765e+00, -3.49838763e-01,  8.87373030e-01,
          1.25048316e+00,  1.80366248e-01,  2.39207581e-01, -7.21500874e-01,
         -3.21448565e-01, -1.73615789e+00,  3.36573333e-01, -2.03148723e-01,
         -7.06064887e-03,  1.92746270e+00,  1.83949077e+00, -1.59359872e-01,
         -1.42888939e+00,  1.11630177e+00, -1.46335816e+00,  8.55573773e-01,
          1.82782638e+00, -1.63358438e+00, -1.89241648e+00,  1.31034327e+00,
         -1.53194860e-01,  1.04757798e+00, -1.41244173e+00,  2.59592474e-01,
          3.37670624e-01,  7.07880676e-01, -4.44732279e-01, -2.47290874e+00,
         -9.42436278e-01,  2.57812524e+00, -7.23102450e-01, -6.26467705e-01,
          1.63321269e+00,  2.77062297e-01, -4.67318296e-02,  1.00447488e+00,
          1.06214333e+00,  1.30927467e+00,  1.17091584e+00, -6.50851369e-01,
          1.52833283e+00,  1.72929990e+00,  6.86531216e-02, -1.10813594e+00,
          1.71117522e-02, -1.21571088e+00, -5.14708638e-01, -1.17759153e-01,
          9.94503796e-01,  1.54129088e+00, -2.47067690e+00,  1.09869206e+00,
          1.10898972e+00, -9.61047292e-01, -8.69057655e-01,  9.61420000e-01,
         -1.20284474e+00,  1.38544106e+00, -1.05966389e+00,  7.13298142e-01,
          1.23635077e+00,  1.06939459e+00, -9.24543500e-01,  1.00538313e-01,
          5.79850435e-01,  5.51445901e-01,  1.81172386e-01, -7.66403615e-01,
         -5.63002110e-01,  4.59514290e-01,  2.81899023e+00,  6.64983928e-01,
          1.70195568e+00,  3.87714505e-01, -1.72605538e+00, -2.02688873e-01,
         -1.63234341e+00,  1.47802341e+00, -2.00984746e-01,  5.30160546e-01,
          1.21125722e+00,  8.75342488e-01,  3.61300325e+00,  2.14021862e-01,
          7.80163527e-01,  1.48970759e+00,  6.12404704e-01,  2.07825994e+00,
         -6.13948345e-01,  5.25730811e-02, -2.45627418e-01,  3.69700074e-01,
          4.37349260e-01,  1.47272617e-01, -2.14829534e-01, -4.26680565e-01,
         -1.40270638e+00, -2.70480871e-01,  3.43917787e-01,  6.44929826e-01,
          1.04456377e+00,  5.39657950e-01,  1.44628197e-01,  9.14965987e-01,
          4.92621154e-01, -1.34628999e+00,  1.70891762e+00,  1.02090526e+00,
         -1.31511986e+00, -1.56319559e+00, -1.29017556e+00, -1.03639448e+00,
          3.62201452e-01, -1.14990377e+00,  3.46798211e-01, -2.76596874e-01,
          1.37380004e+00, -1.42272305e+00, -9.71728384e-01,  6.64395690e-01,
         -9.16896522e-01, -1.17274821e-01,  6.67325675e-01, -2.06561899e+00,
         -6.06588125e-01,  6.29915670e-02,  5.13806902e-02, -2.28989452e-01,
          1.22160184e+00,  2.73767114e-01,  1.09542596e+00,  3.75983506e-01,
          2.34306359e+00,  1.89809275e+00,  1.06277537e+00, -1.17925489e+00,
         -8.40982199e-02, -6.62880301e-01,  1.40607283e-01,  3.47466850e+00,
          2.10112500e+00, -1.34189701e+00,  1.13812113e+00,  1.10648227e+00,
         -3.63545561e+00, -1.20997000e+00, -1.04253685e+00, -5.73133767e-01,
         -1.73959637e+00,  1.98713392e-01, -6.03435159e-01, -9.46853459e-01,
         -1.99606812e+00, -2.63290882e+00, -9.90055561e-01, -5.99220932e-01,
          2.21691465e+00, -5.90447299e-02, -5.72024167e-01,  2.33345091e-01,
          5.83248913e-01, -5.18829823e-01, -2.14904881e+00,  3.90974656e-02,
          5.62728226e-01,  2.39013582e-01, -1.72165716e+00,  2.29543471e+00,
          6.98514283e-03, -1.06996429e+00,  2.84058630e-01,  9.31049943e-01,
         -5.50327241e-01,  3.28833985e+00,  2.79638529e-01, -1.55958042e-01,
         -1.28267616e-01, -1.85274661e-01, -1.32364047e+00, -1.54350412e+00,
          2.83442044e+00,  1.18707681e+00,  1.26440406e+00, -6.97093964e-01,
          3.75954181e-01,  6.14008307e-01,  1.60837173e+00,  1.08660482e-01,
         -3.09056699e-01, -9.66506660e-01,  5.50431311e-01,  1.12896597e+00,
          6.63082409e+00,  4.18809175e+00,  6.50262654e-01, -3.16665113e-01,
          8.74588251e-01, -4.74742919e-01, -1.74215347e-01,  2.66379261e+00,
         -1.93805420e+00, -7.29469001e-01, -4.29369926e-01, -8.85204375e-01,
          9.66211677e-01, -5.79840720e-01, -2.95080602e-01,  8.03693354e-01,
          7.17203021e-01,  2.40803170e+00, -4.41462517e-01, -1.88410866e+00,
         -2.34742022e+00,  3.05526070e-02, -2.22861052e+00, -2.11232924e+00,
         -1.78212380e+00,  6.99273527e-01, -1.56846523e+00, -1.11022985e+00,
         -1.33467090e+00, -2.23262978e+00, -1.93704355e+00, -1.44952929e+00,
         -1.30301404e+00, -9.64474320e-01, -1.17588055e+00, -2.48749897e-01,
         -1.39149308e+00, -1.34120476e+00, -6.44618034e-01, -7.32957646e-02,
         -2.79017329e+00,  1.01956554e-01, -2.44572568e+00, -9.02442455e-01,
          1.83908808e+00,  4.50429261e-01,  3.91124159e-01,  6.84253156e-01,
         -1.00123775e+00, -1.73094615e-01,  1.60719156e-01, -9.10165548e-01,
         -1.20803332e+00, -5.03071845e-01, -4.37042087e-01, -2.63745856e+00,
         -2.74437475e+00, -4.95257080e-01, -2.43530560e+00, -1.97620308e+00,
         -1.99989450e+00, -1.69417608e+00,  4.94258821e-01, -1.08773506e+00,
          4.77776855e-01, -6.01479650e-01, -1.50586271e+00,  2.47382188e+00,
         -7.87939250e-01,  7.37080202e-02,  2.20494056e+00,  1.88721752e+00,
         -1.02795351e+00,  1.17253864e+00,  2.96779312e-02, -1.23573303e+00,
          8.85840774e-01,  6.69486046e-01, -3.14771891e-01,  6.96070269e-02,
          1.39914244e-01,  6.09132797e-02, -8.50316226e-01,  6.49076998e-02,
         -7.14467883e-01,  4.22704667e-02, -1.33177245e+00, -1.64320648e+00,
         -1.14763331e+00, -2.93333983e+00, -2.78259563e+00, -1.75456023e+00,
         -1.88460636e+00, -2.05292487e+00,  1.23471834e-01,  1.47609639e+00]],
       device='cuda:0')
Adv example prediction (first 2 examples and 2 restarts):
 tensor([[[ 9.60566759e-01,  2.06319427e+00,  1.02790463e+00,  1.07790852e+00,
           1.28479970e+00,  1.55918407e+00,  1.85252690e+00, -1.43534541e+00,
          -1.09709215e+00, -5.23536086e-01, -1.06499481e+00,  4.64122981e-01,
          -1.69312686e-01, -4.00803566e-01,  7.26232827e-01,  4.32202816e-01,
          -6.13241315e-01, -7.36223102e-01,  2.47565247e-02, -5.85630596e-01,
          -8.32678005e-02,  8.08727741e-01,  1.30255640e+00, -5.00650182e-02,
           5.39285243e-01, -1.27794111e+00,  4.56150994e-02, -6.99089766e-01,
          -1.61628246e+00,  5.53368866e-01, -1.10809290e+00,  9.02873993e-01,
          -8.29415619e-01, -2.89223611e-01, -3.29578906e-01, -7.29416311e-01,
           9.11232531e-01, -1.49737668e+00, -2.01159894e-01, -1.05848897e+00,
           1.02350569e+00, -1.29590142e+00, -1.70639122e+00, -1.24066651e+00,
          -5.17127156e-01, -1.01393461e+00,  1.41478884e+00, -8.07446361e-01,
          -9.21407461e-01,  4.00321603e-01,  1.69236827e+00, -2.12966180e+00,
          -1.59790143e-01,  2.34427154e-01, -9.56417441e-01,  1.19064130e-01,
          -1.07185912e+00, -1.38668466e+00,  7.63110042e-01,  3.18750679e-01,
           3.43370467e-01, -8.41103435e-01, -1.37650323e+00,  8.69596899e-02,
           8.17875326e-01,  8.91417623e-01, -8.55445087e-01,  1.98278114e-01,
          -1.30526614e+00, -1.17786336e+00,  2.93505460e-01,  3.45955163e-01,
          -1.89695954e-01,  4.81271267e-01,  2.60137707e-01,  6.48651004e-01,
           2.37528041e-01,  1.25667572e+00,  8.06393027e-01,  1.11216390e+00,
          -1.01730667e-01, -1.39955962e+00, -4.34947968e-01, -1.04337037e+00,
          -8.78790766e-02, -3.16266596e-01, -8.63886595e-01,  3.49413425e-01,
           2.63532490e-01,  4.16231342e-02, -2.06154659e-01, -1.50694418e+00,
           5.17379940e-01,  4.54417437e-01,  8.51293206e-01, -1.46120584e+00,
           1.03044021e+00,  1.27500325e-01,  5.78186750e-01,  9.71706450e-01,
           1.92943549e+00, -8.20031643e-01, -2.09902787e+00,  1.68356085e+00,
          -1.44330323e-01, -1.44834816e+00, -2.69480944e-01,  1.01635623e+00,
          -8.17334414e-01, -7.11579025e-01,  1.17219232e-01,  2.99298024e+00,
          -1.30418902e-02,  5.35495758e-01,  3.66657734e-01, -1.30606520e+00,
          -1.30884981e+00,  2.42944241e-01, -1.16692245e+00, -1.95183313e+00,
          -2.03257012e+00, -2.31774926e+00, -2.01473427e+00, -2.11949587e+00,
          -1.39337480e+00, -1.69810176e+00,  5.88012874e-01,  1.06802392e+00,
           1.25714982e+00,  1.92251313e+00,  1.24847603e+00,  8.53706777e-01,
           2.45144582e+00,  5.61226130e-01,  1.08357167e+00, -5.02446666e-03,
          -8.08124840e-02,  1.09083748e+00,  3.51496190e-01, -1.54071784e+00,
          -1.62932813e+00,  5.28602540e-01, -2.85149634e-01, -1.98124032e-02,
           2.62976825e-01,  4.13377881e-01, -8.71115848e-02,  1.46873939e+00,
           9.37594354e-01,  2.24623346e+00,  4.39570844e-02,  8.63902450e-01,
          -6.27064824e-01,  1.46143579e+00,  5.33016980e-01,  2.40337297e-01,
          -2.82896727e-01,  2.38504037e-01, -6.89114451e-01, -4.57235336e-01,
          -1.10532828e-01,  3.12318116e-01,  9.82041001e-01, -2.19976697e-02,
          -5.55205226e-01, -7.44715810e-01, -9.63615179e-01, -1.00975657e+00,
          -9.64585766e-02,  1.81249976e-01,  6.38624281e-02, -5.68019748e-02,
          -5.35395980e-01,  3.18530709e-01,  9.22349617e-02,  1.22099258e-02,
          -5.95774829e-01, -3.48399580e-01,  1.34079921e+00, -8.88009369e-01,
          -6.04552507e-01,  4.47598398e-01,  3.63997996e-01,  7.26328120e-02,
           4.97743428e-01,  6.92919865e-02,  4.80971575e-01,  1.06067526e+00,
          -3.44330035e-02,  9.74090919e-02,  6.65694714e-01,  1.09875619e+00,
           4.42538530e-01,  3.87266099e-01,  1.95532560e-01,  1.07760417e+00,
           6.15678430e-01, -5.83161354e-01, -5.43209136e-01,  1.00353801e+00,
           4.38499272e-01,  2.01792911e-01,  4.13911551e-01,  1.95670426e+00,
           8.31523776e-01, -1.66360855e-01, -9.22614634e-01,  5.85474253e-01,
           4.85646933e-01,  6.44472420e-01, -1.43646634e+00,  1.81463763e-01,
           7.18131363e-01,  3.06009874e-03, -3.78255129e-01, -2.54587829e-01,
           4.21696484e-01,  1.20009594e-01, -8.14202949e-02,  5.67355990e-01,
           2.53293991e-01, -2.08940774e-01,  3.87511104e-01,  5.37631512e-01,
           7.12527812e-01, -1.69988066e-01, -4.43150215e-02, -3.62858802e-01,
          -7.30577409e-01,  1.43620861e+00, -2.46324271e-01,  3.94090742e-01,
          -3.37678850e-01, -1.01196229e-01, -2.91703567e-02,  6.53114319e-01,
          -3.85178089e-01,  7.89281949e-02, -4.47078049e-01,  9.53630060e-02,
          -2.57078767e-01, -4.22320515e-01,  4.50778574e-01, -8.73855054e-01,
          -6.69333816e-01,  8.41261446e-01, -7.27077425e-01, -1.76592797e-01,
           5.80674529e-01,  5.77386260e-01,  4.52080518e-01, -7.83625305e-01,
           1.17442563e-01,  2.44616091e-01,  1.27424872e+00, -8.66310596e-01,
          -5.45194447e-01,  9.65290189e-01,  9.66608882e-01,  1.33608472e+00,
           1.10785758e+00,  1.67543113e-01, -9.75319684e-01,  5.85820496e-01,
           5.62002435e-02,  1.16083109e+00,  1.86782733e-01,  3.64419073e-02,
          -1.65596616e+00,  1.07220602e+00,  1.67393410e+00,  7.28557587e-01,
           1.05740559e+00,  1.15881050e+00,  6.66447729e-02, -1.51765257e-01,
           2.38939583e-01,  1.15781045e+00, -6.09270856e-02,  1.54344785e+00,
           6.77764654e-01,  2.06608891e+00,  2.44647622e+00,  2.69825888e+00,
           2.53044558e+00,  1.27258813e+00,  2.61441678e-01,  1.07005811e+00,
          -4.13144946e-01, -2.23753512e-01, -5.86096048e-01,  7.44408295e-02,
           1.35892451e-01,  1.79723978e-01,  2.30395332e-01,  6.74086809e-02,
           2.37198901e+00, -9.95682776e-02, -6.64719701e-01, -2.33053505e-01,
          -1.93185914e+00,  4.62324530e-01, -1.22835183e+00, -9.13154423e-01,
          -1.08936083e+00, -2.10868692e+00, -8.05139005e-01, -4.07949150e-01,
           4.37596172e-01, -1.10554433e+00,  1.27273071e+00,  5.05865514e-01,
          -4.20588315e-01,  1.15817249e+00,  5.37478030e-01,  3.65730703e-01,
           1.00405797e-01, -4.58472162e-01,  1.52190530e+00,  8.67098927e-01,
           2.11526215e-01, -2.28195095e+00, -1.59477401e+00, -1.90591061e+00,
          -1.33362937e+00, -1.72008610e+00, -1.66781926e+00, -2.17983890e-02,
          -1.78633559e+00, -1.58738410e+00,  1.02516484e+00,  1.72881436e+00,
           2.38632655e+00,  5.58588088e-01, -5.60571432e-01, -3.93447191e-01,
          -1.71265960e+00,  1.23270977e+00,  3.28260362e-01, -1.83727932e+00,
          -7.07644522e-01, -5.92535920e-02, -4.82815295e-01, -1.07408381e+00,
           5.13226509e-01, -9.83433366e-01, -1.01089442e+00, -2.41315320e-01,
          -1.88385558e+00, -1.21930242e+00, -1.38293469e+00, -9.16483343e-01,
          -5.86346507e-01, -6.26465976e-01, -1.45857322e+00, -9.83274996e-01,
           5.15987396e-01,  6.68666661e-02,  3.28270048e-01,  5.43441951e-01,
           6.15175605e-01,  5.99057734e-01,  9.07654822e-01, -1.67451620e-01,
          -9.41018820e-01,  1.50872603e-01,  4.92277116e-01,  2.20240671e-02,
           3.76823694e-01, -4.33250517e-01, -8.65778141e-03, -7.70255387e-01,
           6.74810112e-01,  6.78386331e-01,  3.89232785e-01, -8.66595924e-01,
           3.12730193e-01,  1.33888096e-01,  5.38259506e-01, -4.95216042e-01,
           5.51290333e-01, -1.98126078e-01,  2.89627403e-01, -8.51214677e-03,
          -2.88491100e-01, -2.48382732e-01, -6.89734221e-01, -1.40585899e+00,
          -1.04075491e+00,  1.07469594e+00,  2.24298820e-01,  1.25909758e+00,
           4.04616557e-02, -1.19861126e+00,  5.24590194e-01,  1.46483243e+00,
          -1.13509572e+00, -1.98017344e-01, -8.84648621e-01,  4.87606466e-01,
          -1.00347769e+00, -1.35496116e+00,  2.01327950e-01, -6.40858293e-01,
          -4.59681958e-01,  7.46381581e-01, -1.26122189e+00, -5.52993774e-01,
          -1.50972605e+00,  1.98278153e+00, -1.26780605e+00,  1.67462313e+00,
           4.90504831e-01,  6.91572130e-01,  1.01559305e+00, -2.22334480e+00,
           1.42424941e+00,  1.15419626e+00,  1.64294147e+00,  1.62259424e+00,
           1.53171755e-02,  1.91123933e-01, -4.35381532e-01, -1.47553086e+00,
          -6.24895334e-01,  6.01541519e-01,  2.77140766e-01, -9.51599717e-01,
          -5.90955138e-01, -2.72617906e-01, -1.16282034e+00, -4.93856281e-01,
          -2.36268193e-01,  1.27205467e+00,  1.43374670e+00,  7.37142503e-01,
          -7.00938821e-01,  3.69993567e-01,  1.53927445e+00,  7.82341957e-02,
           6.12874925e-02,  1.52696574e+00, -2.28231952e-01,  2.08732033e+00,
          -1.45420051e+00, -4.13935304e-01,  2.89216495e+00, -3.63164216e-01,
          -1.10298894e-01,  3.33591968e-01, -1.31563866e+00, -3.48466374e-02,
           1.24765500e-01, -4.22622859e-01, -1.73196876e+00, -2.65050709e-01,
          -1.70572773e-01,  6.53847277e-01, -3.34597945e-01,  4.68907654e-01,
          -7.00736344e-01, -1.34002268e-01,  1.85598147e+00, -4.00637537e-02,
           7.76632130e-01,  1.71125627e+00, -1.35654306e+00, -2.60248327e+00,
           4.22614038e-01, -2.01655477e-01,  5.66123009e-01, -1.21373475e+00,
           1.59211889e-01,  2.85567075e-01, -6.15818381e-01,  1.16269052e+00,
          -1.30568433e+00, -7.21315324e-01, -3.72231193e-02, -1.23417687e+00,
           2.75337887e+00,  6.32364631e-01, -2.75769442e-01, -1.97649986e-01,
          -1.70973256e-01,  5.14425695e-01, -2.57283807e-01,  1.56735647e+00,
          -6.95982337e-01,  1.82828441e-01,  1.37879446e-01, -1.37129986e+00,
           1.28687382e-01, -6.14356399e-01,  2.68745214e-01, -5.87534189e-01,
           6.75636292e-01,  5.77197850e-01, -2.28041723e-01,  2.10759163e+00,
          -2.68456340e+00,  6.88188553e-01, -1.21456683e+00,  3.26869674e-02,
           3.70294861e-02, -3.05515379e-01, -1.80748749e+00,  6.59687579e-01,
           1.04821813e+00, -2.95360470e+00, -3.90737295e-01, -1.42033672e+00,
          -4.00677830e-01, -4.60731983e-01, -8.98289800e-01, -5.10292530e-01,
          -1.75464690e+00,  3.01974505e-01, -7.11352229e-01, -7.17848778e-01,
          -9.00728106e-01, -9.16499555e-01, -9.94070709e-01, -4.11390185e-01,
          -6.11164331e-01, -2.19418690e-01, -6.17286921e-01,  5.90308309e-01,
          -7.72661030e-01,  8.96910429e-01,  1.78773820e+00,  4.89553511e-01,
          -9.41198409e-01,  3.39556970e-02,  1.95557344e+00, -2.33088517e+00,
          -1.29672778e+00, -6.94820642e-01,  3.49169433e-01,  2.73889732e+00,
           5.60843423e-02, -2.05456877e+00,  1.03816569e+00, -4.94615793e-01,
          -1.30128026e+00, -1.00657623e-02, -2.31679052e-01, -2.47859001e+00,
           1.01271212e-01,  2.99714446e+00, -1.99123180e+00, -1.12001157e+00,
           1.06623828e+00,  1.01367342e+00,  6.51412845e-01, -7.65453935e-01,
           3.21127510e+00,  1.82085562e+00,  4.57176805e-01,  1.40402585e-01,
          -1.09993780e+00, -6.62301183e-01,  2.45019150e+00,  6.90064251e-01,
          -9.86670732e-01,  3.16377372e-01, -6.75686359e-01, -2.99797416e-01,
           5.51185250e-01, -1.73473155e+00,  4.79495451e-02, -7.69207299e-01,
           8.21845353e-01, -7.11481690e-01,  1.17689335e+00, -5.13158739e-01,
          -1.34531379e+00,  3.93121630e-01,  5.51283002e-01, -5.40197432e-01,
           4.33521003e-01, -8.36852133e-01, -2.59168530e+00, -5.80109060e-01,
           4.61210907e-01,  2.38428101e-01, -1.08190024e+00,  9.65636969e-01,
           1.04771745e+00, -1.36272162e-01,  3.48373383e-01,  3.73624945e+00,
          -3.43624175e-01,  5.15128970e-01, -1.21590292e+00, -8.02107096e-01,
           1.33513176e+00,  6.29692078e-02,  8.85546148e-01,  5.23430228e-01,
           1.36806667e+00, -2.75700968e-02,  1.42771006e+00, -2.25728416e+00,
           6.94258749e-01,  1.73695552e+00,  4.24273431e-01, -2.25907817e-01,
           1.42355752e+00, -6.76690102e-01,  1.73721027e+00,  6.71138644e-01,
          -1.42201972e+00, -2.65958995e-01, -2.75002152e-01,  9.23963904e-01,
           1.15479302e+00,  3.06302875e-01,  1.36387241e+00,  2.68464708e+00,
           2.28575826e+00,  5.41781187e-01,  6.92775369e-01,  1.48729265e+00,
          -1.28774571e+00, -9.82284606e-01,  1.40018308e+00, -3.60646248e-01,
          -1.26961482e+00,  5.71178019e-01, -6.08498573e-01,  1.44626141e-01,
           2.58108091e+00, -2.12111294e-01, -2.65994668e+00, -5.89261949e-01,
           2.00281858e+00,  3.38182896e-01, -1.50209293e-02, -1.56017333e-01,
          -9.70213771e-01, -4.29679513e-01, -1.38400471e+00, -7.24314600e-02,
           1.44276381e+00, -2.28651834e+00,  1.98101297e-01,  7.67907739e-01,
           5.26820719e-01, -6.77698314e-01,  1.40059471e+00,  2.24357462e+00,
          -4.70321953e-01, -6.03998601e-01, -5.09256423e-01,  8.05700362e-01,
          -7.29125261e-01,  1.75137913e+00, -3.51675034e-01,  3.46668303e-01,
          -2.29673564e-01, -2.30853081e+00,  7.70695806e-01, -1.30500114e+00,
           2.69692278e+00, -1.35715961e+00, -1.13765144e+00, -3.94274592e-01,
          -4.28153783e-01,  2.39277363e+00, -1.23086536e+00, -1.23703825e+00,
           6.37700260e-01,  8.75332415e-01, -2.01589055e-02, -8.64519715e-01,
          -8.26932251e-01,  5.75247467e-01,  7.12719262e-02, -1.06570411e+00,
           1.24751735e+00,  1.50587523e+00,  5.89364469e-02,  3.99526924e-01,
          -3.22451293e-01,  3.66606385e-01, -1.14300942e+00, -2.64354920e+00,
           1.86488199e+00, -6.41732812e-01, -3.60566926e+00, -1.46394461e-01,
           1.52050328e+00,  1.06950641e+00, -5.21185637e-01,  6.75903916e-01,
           1.22918415e+00, -2.87334144e-01, -1.12888265e+00, -3.08737874e-01,
           1.71207857e+00,  1.57181275e+00,  1.74828008e-01, -5.80874503e-01,
           1.18430603e+00, -1.61043322e+00, -1.34143734e+00,  6.59263015e-01,
          -4.63761657e-01,  1.49403131e+00, -2.92623043e-01,  9.45932448e-01,
           1.21528876e+00,  2.33698040e-01,  2.56347686e-01, -7.32711852e-01,
          -2.46995255e-01, -1.63285828e+00,  4.48773235e-01, -2.19927520e-01,
           4.29687649e-02,  1.80896223e+00,  1.83183670e+00, -1.39828965e-01,
          -1.32755947e+00,  1.10389340e+00, -1.39625502e+00,  8.94297361e-01,
           1.70114684e+00, -1.51135671e+00, -1.86174190e+00,  1.28564334e+00,
          -7.79542774e-02,  1.15522790e+00, -1.33712125e+00,  1.70685142e-01,
           4.66477960e-01,  7.11557090e-01, -4.45729852e-01, -2.45310378e+00,
          -8.77225816e-01,  2.53757501e+00, -7.27236032e-01, -5.32385051e-01,
           1.69555688e+00,  3.86661619e-01,  2.28759944e-02,  1.00078833e+00,
           1.01310980e+00,  1.28684616e+00,  1.06088567e+00, -6.03898168e-01,
           1.53750455e+00,  1.77144206e+00,  9.58431065e-02, -1.05258346e+00,
           8.04458186e-03, -1.15104389e+00, -4.28774178e-01, -5.41026704e-03,
           1.02147579e+00,  1.50450349e+00, -2.29055595e+00,  1.17609024e+00,
           1.20205212e+00, -9.04018402e-01, -8.06825936e-01,  1.00818849e+00,
          -1.19058156e+00,  1.42940605e+00, -1.01786411e+00,  8.32561553e-01,
           1.28598917e+00,  1.09768140e+00, -9.22037840e-01,  6.48746192e-02,
           6.35779560e-01,  6.21211171e-01,  1.87845811e-01, -6.53938770e-01,
          -4.58293676e-01,  5.04747987e-01,  2.83063030e+00,  7.30573297e-01,
           1.78593636e+00,  3.21641564e-01, -1.63651764e+00, -2.05686197e-01,
          -1.56624138e+00,  1.59121823e+00, -2.36166507e-01,  5.95166624e-01,
           1.17295194e+00,  7.93762445e-01,  3.63273525e+00,  3.10517311e-01,
           7.29721069e-01,  1.36907923e+00,  7.04078197e-01,  2.11431789e+00,
          -5.43155074e-01,  9.45517421e-02, -1.45503715e-01,  3.62063348e-01,
           4.71657097e-01,  1.23613983e-01, -2.80778736e-01, -3.30789655e-01,
          -1.46245325e+00, -2.37054944e-01,  3.77707809e-01,  6.12326503e-01,
           1.15034020e+00,  5.44834673e-01,  2.78007478e-01,  1.01171327e+00,
           4.38448042e-01, -1.22023940e+00,  1.73420048e+00,  1.06146908e+00,
          -1.29215729e+00, -1.37144864e+00, -1.24517989e+00, -9.88416135e-01,
           3.31462443e-01, -1.08991659e+00,  4.15499806e-01, -2.21311510e-01,
           1.36521041e+00, -1.35072207e+00, -9.06316161e-01,  6.59119964e-01,
          -8.95846665e-01, -2.29934640e-02,  6.39030039e-01, -2.03964710e+00,
          -5.83773613e-01,  5.73689416e-02,  2.30005793e-02, -1.05432883e-01,
           1.23013520e+00,  1.86270624e-01,  1.01772630e+00,  3.93982887e-01,
           2.41580200e+00,  1.90724385e+00,  1.13301373e+00, -1.10774982e+00,
          -3.85114811e-02, -6.21426702e-01,  3.31220664e-02,  3.48191953e+00,
           2.03455257e+00, -1.24668968e+00,  1.25413692e+00,  1.07469785e+00,
          -3.51145816e+00, -1.15579748e+00, -9.44458842e-01, -4.40059751e-01,
          -1.58013427e+00,  2.12600142e-01, -5.21950185e-01, -8.00134718e-01,
          -1.89812422e+00, -2.55521464e+00, -9.33038652e-01, -5.38973689e-01,
           2.28278804e+00, -6.97004050e-02, -5.37941277e-01,  3.11677545e-01,
           7.35061884e-01, -4.30134684e-01, -2.07149053e+00,  1.14542603e-01,
           5.39209485e-01,  3.05266798e-01, -1.60517490e+00,  2.24832034e+00,
           8.57490823e-02, -9.10699785e-01,  3.06377381e-01,  9.44847107e-01,
          -5.01898348e-01,  3.24969840e+00,  3.28396767e-01, -8.65342095e-02,
          -5.56175299e-02, -8.63210484e-02, -1.28021550e+00, -1.45252931e+00,
           2.92433882e+00,  1.18062234e+00,  1.35083938e+00, -6.04019761e-01,
           4.43850219e-01,  6.36180937e-01,  1.58634996e+00,  1.66082948e-01,
          -1.96058169e-01, -9.51848984e-01,  6.44012690e-01,  1.01527071e+00,
           6.53780699e+00,  4.27955627e+00,  5.50128698e-01, -2.28079915e-01,
           9.59098577e-01, -4.45222557e-01, -1.49632052e-01,  2.53103995e+00,
          -1.88247252e+00, -6.28507435e-01, -3.59957397e-01, -8.36222708e-01,
           1.03188920e+00, -5.40695965e-01, -3.26423436e-01,  8.23539972e-01,
           8.19753408e-01,  2.41841102e+00, -2.95107514e-01, -1.82438135e+00,
          -2.30719233e+00,  7.33124837e-02, -2.12600112e+00, -2.09300137e+00,
          -1.77610087e+00,  6.61210477e-01, -1.56975055e+00, -1.17578113e+00,
          -1.33892298e+00, -2.22634125e+00, -1.90828872e+00, -1.44232070e+00,
          -1.28568566e+00, -1.00670636e+00, -1.15989423e+00, -2.31134489e-01,
          -1.36496425e+00, -1.30636835e+00, -6.97362542e-01, -5.35630509e-02,
          -2.72741723e+00,  1.27364784e-01, -2.33298612e+00, -9.54610407e-01,
           1.84179723e+00,  4.76078242e-01,  4.43457931e-01,  7.47352123e-01,
          -9.80083406e-01, -1.59538716e-01,  1.80487722e-01, -9.80456054e-01,
          -1.21830535e+00, -5.29308319e-01, -4.04908121e-01, -2.58962035e+00,
          -2.62898970e+00, -5.89418173e-01, -2.36150599e+00, -2.00131869e+00,
          -2.03373027e+00, -1.73073506e+00,  6.17924452e-01, -1.06862390e+00,
           5.31725943e-01, -5.97021401e-01, -1.39793849e+00,  2.46555495e+00,
          -6.94500208e-01,  1.21385314e-01,  2.16576576e+00,  1.97208774e+00,
          -9.13078964e-01,  1.18452013e+00,  1.16561890e-01, -1.13616419e+00,
           9.47137296e-01,  6.87074542e-01, -2.88373590e-01,  2.16441378e-01,
           2.84400105e-01,  1.58878639e-01, -7.98172534e-01,  5.32579757e-02,
          -7.09808648e-01,  7.19541758e-02, -1.30330956e+00, -1.61995828e+00,
          -1.19245255e+00, -2.96896958e+00, -2.78421593e+00, -1.74197936e+00,
          -1.92157638e+00, -2.11894774e+00,  1.54961228e-01,  1.45840859e+00]]],
       device='cuda:0')
PGD attack margin (first 2 examples and 10 specs):
 tensor([[[0.41226202]]], device='cuda:0')
number of violation:  0
Attack finished in 9.1074 seconds.
PGD attack failed
verified_status unknown
verified_success False
Total VNNLIB file length: 1, max property batch size: 1, total number of batches: 1

Properties batch 0, size 1
Remaining timeout: 1147.9444465637207
Verifying property 0 with 1 instances.
torch allclose failed: norm 8.889588571037166e-06
Model: BoundedModule(
  (/input-1): BoundInput(name=/input-1, inputs=[], perturbed=True)
  (/33): BoundParams(name=/33, inputs=[], perturbed=False)
  (/34): BoundParams(name=/34, inputs=[], perturbed=False)
  (/35): BoundParams(name=/35, inputs=[], perturbed=False)
  (/36): BoundParams(name=/36, inputs=[], perturbed=False)
  (/37): BoundParams(name=/37, inputs=[], perturbed=False)
  (/38): BoundParams(name=/38, inputs=[], perturbed=False)
  (/39): BoundParams(name=/39, inputs=[], perturbed=False)
  (/40): BoundParams(name=/40, inputs=[], perturbed=False)
  (/41): BoundParams(name=/41, inputs=[], perturbed=False)
  (/42): BoundParams(name=/42, inputs=[], perturbed=False)
  (/43): BoundParams(name=/43, inputs=[], perturbed=False)
  (/44): BoundParams(name=/44, inputs=[], perturbed=False)
  (/45): BoundParams(name=/45, inputs=[], perturbed=False)
  (/46): BoundParams(name=/46, inputs=[], perturbed=False)
  (/47): BoundParams(name=/47, inputs=[], perturbed=False)
  (/48): BoundParams(name=/48, inputs=[], perturbed=False)
  (/49): BoundParams(name=/49, inputs=[], perturbed=False)
  (/50): BoundParams(name=/50, inputs=[], perturbed=False)
  (/51): BoundParams(name=/51, inputs=[], perturbed=False)
  (/52): BoundParams(name=/52, inputs=[], perturbed=False)
  (/53): BoundParams(name=/53, inputs=[], perturbed=False)
  (/54): BoundParams(name=/54, inputs=[], perturbed=False)
  (/55): BoundParams(name=/55, inputs=[], perturbed=False)
  (/56): BoundParams(name=/56, inputs=[], perturbed=False)
  (/57): BoundParams(name=/57, inputs=[], perturbed=False)
  (/58): BoundParams(name=/58, inputs=[], perturbed=False)
  (/59): BoundParams(name=/59, inputs=[], perturbed=False)
  (/60): BoundParams(name=/60, inputs=[], perturbed=False)
  (/61): BoundParams(name=/61, inputs=[], perturbed=False)
  (/62): BoundParams(name=/62, inputs=[], perturbed=False)
  (/63): BoundParams(name=/63, inputs=[], perturbed=False)
  (/64): BoundParams(name=/64, inputs=[], perturbed=False)
  (/input): BoundConv(name=/input, inputs=[/input-1, /33, /34], perturbed=True)
  (/66): BoundRelu(name=/66, inputs=[/input], perturbed=True)
  (/input-4): BoundConv(name=/input-4, inputs=[/66, /35, /36], perturbed=True)
  (/68): BoundRelu(name=/68, inputs=[/input-4], perturbed=True)
  (/input-12): BoundConv(name=/input-12, inputs=[/input-8/add_3_4, /37, /38], perturbed=True)
  (/71): BoundRelu(name=/71, inputs=[/input-12], perturbed=True)
  (/input-16): BoundConv(name=/input-16, inputs=[/71, /39, /40], perturbed=True)
  (/73): BoundRelu(name=/73, inputs=[/input-16], perturbed=True)
  (/input-24): BoundConv(name=/input-24, inputs=[/input-20/add_3_4, /41, /42], perturbed=True)
  (/76): BoundRelu(name=/76, inputs=[/input-24], perturbed=True)
  (/input-28): BoundConv(name=/input-28, inputs=[/76, /43, /44], perturbed=True)
  (/78): BoundRelu(name=/78, inputs=[/input-28], perturbed=True)
  (/input-32): BoundConv(name=/input-32, inputs=[/78, /45, /46], perturbed=True)
  (/80): BoundRelu(name=/80, inputs=[/input-32], perturbed=True)
  (/input-40): BoundConv(name=/input-40, inputs=[/input-36/add_3_4, /47, /48], perturbed=True)
  (/83): BoundRelu(name=/83, inputs=[/input-40], perturbed=True)
  (/input-44): BoundConv(name=/input-44, inputs=[/83, /49, /50], perturbed=True)
  (/85): BoundRelu(name=/85, inputs=[/input-44], perturbed=True)
  (/input-48): BoundConv(name=/input-48, inputs=[/85, /51, /52], perturbed=True)
  (/87): BoundRelu(name=/87, inputs=[/input-48], perturbed=True)
  (/input-56): BoundConv(name=/input-56, inputs=[/input-52/add_3_4, /53, /54], perturbed=True)
  (/90): BoundRelu(name=/90, inputs=[/input-56], perturbed=True)
  (/input-60): BoundConv(name=/input-60, inputs=[/90, /55, /56], perturbed=True)
  (/92): BoundRelu(name=/92, inputs=[/input-60], perturbed=True)
  (/input-64): BoundConv(name=/input-64, inputs=[/92, /57, /58], perturbed=True)
  (/94): BoundRelu(name=/94, inputs=[/input-64], perturbed=True)
  (/96): BoundFlatten(name=/96, inputs=[/95/add_3_4], perturbed=True)
  (/input-68): BoundLinear(name=/input-68, inputs=[/96, /59, /60], perturbed=True)
  (/98): BoundRelu(name=/98, inputs=[/input-68], perturbed=True)
  (/99): BoundFlatten(name=/99, inputs=[/98], perturbed=True)
  (/input-72): BoundLinear(name=/input-72, inputs=[/99, /61, /62], perturbed=True)
  (/101): BoundRelu(name=/101, inputs=[/input-72], perturbed=True)
  (/102): BoundFlatten(name=/102, inputs=[/101], perturbed=True)
  (/103): BoundLinear(name=/103, inputs=[/102, /63, /64], perturbed=True)
  (/input-8/conv_1): BoundConv(name=/input-8/conv_1, inputs=[/68, /input-8/conv_1_w], perturbed=True)
  (/input-8/conv_1_relu): BoundRelu(name=/input-8/conv_1_relu, inputs=[/input-8/conv_1], perturbed=True)
  (/input-8/conv_1_w): BoundParams(name=/input-8/conv_1_w, inputs=[], perturbed=False)
  (/input-8/conv_2): BoundConv(name=/input-8/conv_2, inputs=[/68, /input-8/conv_2_w], perturbed=True)
  (/input-8/conv_2_w): BoundParams(name=/input-8/conv_2_w, inputs=[], perturbed=False)
  (/input-8/conv_3): BoundConv(name=/input-8/conv_3, inputs=[/input-8/add_1_2, /input-8/conv_3_w], perturbed=True)
  (/input-8/conv_3_relu): BoundRelu(name=/input-8/conv_3_relu, inputs=[/input-8/conv_3], perturbed=True)
  (/input-8/conv_3_w): BoundParams(name=/input-8/conv_3_w, inputs=[], perturbed=False)
  (/input-8/conv_4): BoundConv(name=/input-8/conv_4, inputs=[/input-8/add_1_2, /input-8/conv_4_w], perturbed=True)
  (/input-8/conv_4_w): BoundParams(name=/input-8/conv_4_w, inputs=[], perturbed=False)
  (/input-8/add_1_2): BoundAdd(name=/input-8/add_1_2, inputs=[/input-8/conv_1_relu, /input-8/conv_2], perturbed=True)
  (/input-8/add_3_4): BoundAdd(name=/input-8/add_3_4, inputs=[/input-8/conv_3_relu, /input-8/conv_4], perturbed=True)
  (/input-20/conv_1): BoundConv(name=/input-20/conv_1, inputs=[/73, /input-20/conv_1_w], perturbed=True)
  (/input-20/conv_1_relu): BoundRelu(name=/input-20/conv_1_relu, inputs=[/input-20/conv_1], perturbed=True)
  (/input-20/conv_1_w): BoundParams(name=/input-20/conv_1_w, inputs=[], perturbed=False)
  (/input-20/conv_2): BoundConv(name=/input-20/conv_2, inputs=[/73, /input-20/conv_2_w], perturbed=True)
  (/input-20/conv_2_w): BoundParams(name=/input-20/conv_2_w, inputs=[], perturbed=False)
  (/input-20/conv_3): BoundConv(name=/input-20/conv_3, inputs=[/input-20/add_1_2, /input-20/conv_3_w], perturbed=True)
  (/input-20/conv_3_relu): BoundRelu(name=/input-20/conv_3_relu, inputs=[/input-20/conv_3], perturbed=True)
  (/input-20/conv_3_w): BoundParams(name=/input-20/conv_3_w, inputs=[], perturbed=False)
  (/input-20/conv_4): BoundConv(name=/input-20/conv_4, inputs=[/input-20/add_1_2, /input-20/conv_4_w], perturbed=True)
  (/input-20/conv_4_w): BoundParams(name=/input-20/conv_4_w, inputs=[], perturbed=False)
  (/input-20/add_1_2): BoundAdd(name=/input-20/add_1_2, inputs=[/input-20/conv_1_relu, /input-20/conv_2], perturbed=True)
  (/input-20/add_3_4): BoundAdd(name=/input-20/add_3_4, inputs=[/input-20/conv_3_relu, /input-20/conv_4], perturbed=True)
  (/input-36/conv_1): BoundConv(name=/input-36/conv_1, inputs=[/80, /input-36/conv_1_w], perturbed=True)
  (/input-36/conv_1_relu): BoundRelu(name=/input-36/conv_1_relu, inputs=[/input-36/conv_1], perturbed=True)
  (/input-36/conv_1_w): BoundParams(name=/input-36/conv_1_w, inputs=[], perturbed=False)
  (/input-36/conv_2): BoundConv(name=/input-36/conv_2, inputs=[/80, /input-36/conv_2_w], perturbed=True)
  (/input-36/conv_2_w): BoundParams(name=/input-36/conv_2_w, inputs=[], perturbed=False)
  (/input-36/conv_3): BoundConv(name=/input-36/conv_3, inputs=[/input-36/add_1_2, /input-36/conv_3_w], perturbed=True)
  (/input-36/conv_3_relu): BoundRelu(name=/input-36/conv_3_relu, inputs=[/input-36/conv_3], perturbed=True)
  (/input-36/conv_3_w): BoundParams(name=/input-36/conv_3_w, inputs=[], perturbed=False)
  (/input-36/conv_4): BoundConv(name=/input-36/conv_4, inputs=[/input-36/add_1_2, /input-36/conv_4_w], perturbed=True)
  (/input-36/conv_4_w): BoundParams(name=/input-36/conv_4_w, inputs=[], perturbed=False)
  (/input-36/add_1_2): BoundAdd(name=/input-36/add_1_2, inputs=[/input-36/conv_1_relu, /input-36/conv_2], perturbed=True)
  (/input-36/add_3_4): BoundAdd(name=/input-36/add_3_4, inputs=[/input-36/conv_3_relu, /input-36/conv_4], perturbed=True)
  (/input-52/conv_1): BoundConv(name=/input-52/conv_1, inputs=[/87, /input-52/conv_1_w], perturbed=True)
  (/input-52/conv_1_relu): BoundRelu(name=/input-52/conv_1_relu, inputs=[/input-52/conv_1], perturbed=True)
  (/input-52/conv_1_w): BoundParams(name=/input-52/conv_1_w, inputs=[], perturbed=False)
  (/input-52/conv_2): BoundConv(name=/input-52/conv_2, inputs=[/87, /input-52/conv_2_w], perturbed=True)
  (/input-52/conv_2_w): BoundParams(name=/input-52/conv_2_w, inputs=[], perturbed=False)
  (/input-52/conv_3): BoundConv(name=/input-52/conv_3, inputs=[/input-52/add_1_2, /input-52/conv_3_w], perturbed=True)
  (/input-52/conv_3_relu): BoundRelu(name=/input-52/conv_3_relu, inputs=[/input-52/conv_3], perturbed=True)
  (/input-52/conv_3_w): BoundParams(name=/input-52/conv_3_w, inputs=[], perturbed=False)
  (/input-52/conv_4): BoundConv(name=/input-52/conv_4, inputs=[/input-52/add_1_2, /input-52/conv_4_w], perturbed=True)
  (/input-52/conv_4_w): BoundParams(name=/input-52/conv_4_w, inputs=[], perturbed=False)
  (/input-52/add_1_2): BoundAdd(name=/input-52/add_1_2, inputs=[/input-52/conv_1_relu, /input-52/conv_2], perturbed=True)
  (/input-52/add_3_4): BoundAdd(name=/input-52/add_3_4, inputs=[/input-52/conv_3_relu, /input-52/conv_4], perturbed=True)
  (/95/conv_1): BoundConv(name=/95/conv_1, inputs=[/94, /95/conv_1_w], perturbed=True)
  (/95/conv_1_relu): BoundRelu(name=/95/conv_1_relu, inputs=[/95/conv_1], perturbed=True)
  (/95/conv_1_w): BoundParams(name=/95/conv_1_w, inputs=[], perturbed=False)
  (/95/conv_2): BoundConv(name=/95/conv_2, inputs=[/94, /95/conv_2_w], perturbed=True)
  (/95/conv_2_w): BoundParams(name=/95/conv_2_w, inputs=[], perturbed=False)
  (/95/conv_3): BoundConv(name=/95/conv_3, inputs=[/95/add_1_2, /95/conv_3_w], perturbed=True)
  (/95/conv_3_relu): BoundRelu(name=/95/conv_3_relu, inputs=[/95/conv_3], perturbed=True)
  (/95/conv_3_w): BoundParams(name=/95/conv_3_w, inputs=[], perturbed=False)
  (/95/conv_4): BoundConv(name=/95/conv_4, inputs=[/95/add_1_2, /95/conv_4_w], perturbed=True)
  (/95/conv_4_w): BoundParams(name=/95/conv_4_w, inputs=[], perturbed=False)
  (/95/add_1_2): BoundAdd(name=/95/add_1_2, inputs=[/95/conv_1_relu, /95/conv_2], perturbed=True)
  (/95/add_3_4): BoundAdd(name=/95/add_3_4, inputs=[/95/conv_3_relu, /95/conv_4], perturbed=True)
)
Model prediction is: tensor([ 1.04841650e+00,  2.06702995e+00,  1.09783649e+00,  1.12288153e+00,
         1.32237637e+00,  1.78087604e+00,  2.02228904e+00, -1.33932900e+00,
        -9.34227407e-01, -5.16536057e-01, -1.10908449e+00,  3.98890108e-01,
        -1.86850846e-01, -4.28034723e-01,  6.12776399e-01,  3.99405390e-01,
        -6.88385963e-01, -7.47176349e-01, -8.81156027e-02, -6.38609469e-01,
        -1.45150617e-01,  8.04878235e-01,  1.29130936e+00, -4.18406799e-02,
         5.27139127e-01, -1.40129530e+00, -2.91995183e-02, -7.69551635e-01,
        -1.72836447e+00,  6.30796015e-01, -1.19846594e+00,  8.31612527e-01,
        -9.04494464e-01, -2.44698480e-01, -3.72476935e-01, -8.30604076e-01,
         8.32296968e-01, -1.54462528e+00, -1.87428832e-01, -1.07655621e+00,
         9.79077399e-01, -1.29397130e+00, -1.74308026e+00, -1.25649440e+00,
        -5.64032972e-01, -1.05319536e+00,  1.38925362e+00, -8.50888312e-01,
        -8.57981026e-01,  2.63409197e-01,  1.57935965e+00, -2.08044934e+00,
        -1.60624281e-01,  1.42617330e-01, -1.00066423e+00,  9.73762646e-02,
        -1.13942754e+00, -1.49697971e+00,  6.67937160e-01,  2.43449777e-01,
         3.12171727e-01, -8.48199189e-01, -1.42098188e+00,  1.30400881e-01,
         8.15625310e-01,  8.57549906e-01, -7.91928589e-01,  1.73910037e-01,
        -1.30269408e+00, -1.15134597e+00,  2.96281934e-01,  2.64549166e-01,
        -3.43469292e-01,  3.86802971e-01,  1.65325075e-01,  6.03511989e-01,
         2.17951566e-01,  1.20489371e+00,  8.82493794e-01,  1.08442569e+00,
        -1.50570601e-01, -1.32069409e+00, -3.95295560e-01, -9.65248823e-01,
        -4.79073711e-02, -3.23501110e-01, -8.13810527e-01,  3.84021431e-01,
         2.24855810e-01,  1.52900100e-01, -2.40801111e-01, -1.61370707e+00,
         4.24468964e-01,  3.85346502e-01,  8.39882851e-01, -1.58088291e+00,
         9.90889132e-01,  1.21902205e-01,  4.78408933e-01,  1.02759564e+00,
         1.85437810e+00, -8.44623804e-01, -2.03725338e+00,  1.64002359e+00,
         4.05476764e-02, -1.37157130e+00, -4.43853736e-02,  1.08433938e+00,
        -7.90048480e-01, -6.76596582e-01,  2.04628199e-01,  2.93847203e+00,
         1.33996546e-01,  5.67879438e-01,  4.04879928e-01, -1.25103474e+00,
        -1.29150796e+00,  3.41551125e-01, -1.24708724e+00, -2.03626704e+00,
        -2.12764144e+00, -2.44092917e+00, -2.09984899e+00, -2.15008354e+00,
        -1.42314446e+00, -1.67757010e+00,  6.58292294e-01,  1.06489539e+00,
         1.14384878e+00,  1.91552973e+00,  1.23588860e+00,  7.70718694e-01,
         2.42401004e+00,  5.11511683e-01,  1.03597975e+00, -1.43982440e-01,
        -1.67312384e-01,  1.00781727e+00,  4.00927484e-01, -1.64655912e+00,
        -1.67302310e+00,  4.18756455e-01, -3.82861435e-01, -1.03637993e-01,
         1.69835329e-01,  4.38501477e-01, -9.24257413e-02,  1.33708906e+00,
         8.51669192e-01,  2.43681049e+00,  1.49818376e-01,  1.15314233e+00,
        -4.80549932e-01,  1.71431828e+00,  7.82583773e-01,  4.00975347e-01,
        -1.28885642e-01,  4.22331244e-01, -5.26456296e-01, -3.58638525e-01,
         7.96238706e-02,  4.40727502e-01,  1.15307581e+00,  1.27230406e-01,
        -5.25594473e-01, -7.44795918e-01, -8.90047848e-01, -9.10658062e-01,
         2.47765407e-02,  3.31844240e-01,  2.18917921e-01,  7.19399303e-02,
        -4.21575040e-01,  4.94392127e-01,  2.67711133e-01,  1.54672965e-01,
        -4.37967151e-01, -3.37538928e-01,  1.46655393e+00, -7.20633090e-01,
        -4.13565814e-01,  6.18215799e-01,  5.72066188e-01,  1.58946961e-01,
         6.68414533e-01,  2.93851197e-01,  7.60283947e-01,  1.23892844e+00,
         1.79418460e-01,  3.22540879e-01,  9.52509701e-01,  1.26236522e+00,
         6.94087684e-01,  6.18318141e-01,  4.51832801e-01,  1.17565668e+00,
         8.24498415e-01, -4.97574866e-01, -3.89265805e-01,  1.24394143e+00,
         5.99548161e-01,  4.21266526e-01,  6.87903106e-01,  2.19907928e+00,
         1.04660010e+00, -1.54591039e-01, -9.46084917e-01,  8.48018527e-01,
         7.10782230e-01,  8.09923828e-01, -1.37656188e+00,  3.03807378e-01,
         8.86848450e-01,  1.12305403e-01, -3.31060141e-01, -1.01085722e-01,
         6.71431661e-01,  2.01852143e-01,  7.40695149e-02,  8.16995978e-01,
         4.14990902e-01, -2.25701943e-01,  5.85538387e-01,  6.35856092e-01,
         7.61703789e-01,  1.54800266e-02,  1.38550401e-01, -1.82953194e-01,
        -5.84819734e-01,  1.59754634e+00, -7.11406991e-02,  5.76573074e-01,
        -3.02324265e-01,  1.09034916e-02,  2.65473947e-02,  8.40097487e-01,
        -3.09532940e-01,  1.95858419e-01, -3.43779117e-01,  1.50322154e-01,
        -2.27521896e-01, -4.11994934e-01,  5.85869908e-01, -6.90313339e-01,
        -5.79296172e-01,  1.07357609e+00, -5.62276304e-01, -3.27504836e-02,
         7.89481640e-01,  7.20355988e-01,  6.62498951e-01, -7.16749549e-01,
         1.85845912e-01,  4.06942785e-01,  1.47081161e+00, -7.33713746e-01,
        -5.13374507e-01,  1.18795800e+00,  1.21086490e+00,  1.60867012e+00,
         1.40116274e+00,  3.32887113e-01, -8.18779945e-01,  8.42942655e-01,
         2.11468190e-01,  1.37608612e+00,  3.78790826e-01,  1.44554317e-01,
        -1.50064981e+00,  1.22280812e+00,  1.93047071e+00,  8.80283117e-01,
         1.20015132e+00,  1.34700453e+00,  2.20988214e-01, -8.41698200e-02,
         4.01401311e-01,  1.31880879e+00,  7.22870007e-02,  1.76156187e+00,
         8.43605518e-01,  2.32194519e+00,  2.71703386e+00,  3.00831747e+00,
         2.83558273e+00,  1.54919732e+00,  5.06906271e-01,  1.34696722e+00,
        -3.55551988e-01, -1.28220037e-01, -5.10631740e-01,  2.36698389e-01,
         2.48533905e-01,  2.77225345e-01,  3.42863679e-01,  8.73810649e-02,
         2.60158515e+00, -1.04291789e-01, -5.34663439e-01, -9.82418284e-02,
        -1.99863493e+00,  3.91385645e-01, -1.34294009e+00, -1.04272783e+00,
        -1.18944776e+00, -2.17410326e+00, -8.51742446e-01, -5.33351898e-01,
         3.93786728e-01, -1.16877854e+00,  1.24519837e+00,  3.83961201e-01,
        -4.91794765e-01,  1.08729410e+00,  5.48384786e-01,  2.92869955e-01,
         8.84553641e-02, -5.25284171e-01,  1.54183710e+00,  7.34130383e-01,
         3.01170442e-02, -2.35572004e+00, -1.60914850e+00, -2.02347898e+00,
        -1.32123399e+00, -1.70693207e+00, -1.76612628e+00,  6.83347695e-03,
        -1.79346001e+00, -1.58196104e+00,  1.27147567e+00,  1.90809536e+00,
         2.71118474e+00,  8.01773250e-01, -4.54504699e-01, -2.54682511e-01,
        -1.64157915e+00,  1.22681844e+00,  5.49645066e-01, -1.79095483e+00,
        -7.14995205e-01,  1.47073537e-01, -4.11438227e-01, -1.03831100e+00,
         5.33989847e-01, -9.38632727e-01, -1.04771292e+00, -2.42222279e-01,
        -1.81428754e+00, -1.19797075e+00, -1.33277452e+00, -9.00407493e-01,
        -5.55333376e-01, -5.47250450e-01, -1.38589942e+00, -8.29123139e-01,
         7.19512939e-01,  1.84106112e-01,  4.91237402e-01,  7.69636095e-01,
         6.76950872e-01,  6.15933299e-01,  1.01987958e+00, -5.84590696e-02,
        -8.62446249e-01,  2.29518697e-01,  5.04971802e-01,  3.04449666e-02,
         4.59638685e-01, -4.50593561e-01,  4.86008227e-02, -6.20909393e-01,
         8.01815391e-01,  8.24345291e-01,  4.37255174e-01, -8.81389797e-01,
         3.97642672e-01,  2.38435894e-01,  6.33178890e-01, -4.68650043e-01,
         6.56516969e-01, -1.68256968e-01,  3.69545013e-01,  3.66144674e-03,
        -2.67625242e-01, -2.07889095e-01, -6.88671231e-01, -1.35016215e+00,
        -9.81783092e-01,  1.06632793e+00,  2.15414360e-01,  1.28481269e+00,
         5.57049476e-02, -1.24558902e+00,  5.30804217e-01,  1.42353070e+00,
        -1.16923356e+00, -7.67111927e-02, -9.76107776e-01,  4.41777557e-01,
        -1.07663822e+00, -1.45843840e+00,  1.64022803e-01, -7.67997622e-01,
        -5.89535117e-01,  6.72314346e-01, -1.39469647e+00, -6.32172048e-01,
        -1.58997035e+00,  1.91664219e+00, -1.32918286e+00,  1.76874936e+00,
         5.54748416e-01,  5.89504302e-01,  1.02466035e+00, -2.27278137e+00,
         1.40740430e+00,  1.11452639e+00,  1.52110600e+00,  1.73824096e+00,
        -1.10869072e-02,  1.07768424e-01, -5.11150539e-01, -1.59498942e+00,
        -6.89404607e-01,  5.29212654e-01,  2.27858037e-01, -9.85763550e-01,
        -6.36488676e-01, -2.75342196e-01, -1.16411495e+00, -4.37912047e-01,
        -3.52207601e-01,  1.35432017e+00,  1.50891984e+00,  7.14855790e-01,
        -7.50615358e-01,  2.45649964e-01,  1.46836865e+00,  5.54058775e-02,
        -5.67734241e-03,  1.50114262e+00, -3.02489042e-01,  2.21989417e+00,
        -1.55274868e+00, -4.24734473e-01,  2.85933113e+00, -4.63555127e-01,
        -1.76030457e-01,  1.20500401e-01, -1.38093090e+00, -6.14425130e-02,
         2.16950849e-01, -5.22946656e-01, -1.82890320e+00, -2.60300249e-01,
        -2.40734532e-01,  7.08655357e-01, -3.46421003e-01,  5.25474191e-01,
        -7.88560271e-01, -5.67538366e-02,  1.87900460e+00,  7.15591758e-03,
         7.62693524e-01,  1.80764735e+00, -1.44002020e+00, -2.61006832e+00,
         3.85600835e-01, -1.96035400e-01,  4.88402128e-01, -1.33931732e+00,
         3.27844024e-02,  1.86983243e-01, -5.67984521e-01,  1.11009812e+00,
        -1.38532794e+00, -8.36417377e-01,  1.02085285e-02, -1.30918384e+00,
         2.75290155e+00,  5.72420478e-01, -3.30075204e-01, -3.50017607e-01,
        -2.14953944e-01,  4.61244673e-01, -3.88132155e-01,  1.55814266e+00,
        -8.31475496e-01,  2.00047389e-01,  1.40770659e-01, -1.43300521e+00,
         1.09113157e-01, -7.22552598e-01,  1.43721998e-01, -7.54250705e-01,
         8.42961967e-01,  4.90808904e-01, -3.17792952e-01,  2.07362199e+00,
        -2.78901267e+00,  6.69060946e-01, -1.19025218e+00, -5.20396791e-02,
        -8.35754350e-03, -3.91590565e-01, -1.87840629e+00,  5.65754652e-01,
         1.07106721e+00, -3.09532619e+00, -5.25868177e-01, -1.53705466e+00,
        -5.57726204e-01, -5.46876907e-01, -8.55973840e-01, -4.20362979e-01,
        -1.76320720e+00,  1.46180287e-01, -8.23091447e-01, -7.02823997e-01,
        -9.30623412e-01, -1.00141048e+00, -1.04329681e+00, -4.72974330e-01,
        -5.50800443e-01, -2.80057251e-01, -7.50897884e-01,  4.92082477e-01,
        -8.68337572e-01,  1.01035798e+00,  1.68683732e+00,  4.69805747e-01,
        -1.07297099e+00,  4.07973565e-02,  1.94954538e+00, -2.40225029e+00,
        -1.47549474e+00, -6.97730660e-01,  3.06994736e-01,  2.89269400e+00,
        -1.06393650e-01, -2.09698939e+00,  9.95440960e-01, -4.85253960e-01,
        -1.38592839e+00,  7.43101723e-03, -2.80966967e-01, -2.55018425e+00,
         7.08586164e-03,  3.02224755e+00, -2.13346410e+00, -1.13677955e+00,
         1.16311538e+00,  9.36392903e-01,  6.03251696e-01, -8.51636529e-01,
         3.19944382e+00,  1.75723040e+00,  3.39062750e-01,  8.17548335e-02,
        -1.16471028e+00, -7.95847535e-01,  2.36208558e+00,  5.94763756e-01,
        -1.03791130e+00,  2.03666240e-01, -7.25238442e-01, -3.18259269e-01,
         6.86454117e-01, -1.79575706e+00,  3.30526829e-02, -8.53464007e-01,
         7.82639146e-01, -7.85489798e-01,  1.17524683e+00, -6.24635577e-01,
        -1.52390206e+00,  4.09632057e-01,  5.81755519e-01, -7.02004731e-01,
         3.28680933e-01, -9.20316160e-01, -2.68573117e+00, -6.78231776e-01,
         3.91243100e-01,  1.81456432e-01, -1.15457535e+00,  8.82711172e-01,
         1.13791251e+00, -1.57490909e-01,  2.95813024e-01,  3.77371216e+00,
        -4.42217797e-01,  4.38274831e-01, -1.30766833e+00, -8.64969671e-01,
         1.34236491e+00,  8.94525945e-02,  7.49941468e-01,  4.78882730e-01,
         1.31621587e+00,  4.75348905e-02,  1.46231616e+00, -2.31004381e+00,
         5.94180763e-01,  1.68168700e+00,  3.83145571e-01, -2.98140913e-01,
         1.48487830e+00, -7.57959902e-01,  1.84373879e+00,  6.53121233e-01,
        -1.54382324e+00, -3.14526170e-01, -2.81331539e-01,  9.70178723e-01,
         1.13533044e+00,  3.43515784e-01,  1.32070339e+00,  2.62677860e+00,
         2.30786896e+00,  5.22880018e-01,  6.57614946e-01,  1.39442933e+00,
        -1.40541708e+00, -1.07891870e+00,  1.34710288e+00, -4.29136395e-01,
        -1.36749339e+00,  5.15277803e-01, -5.84046125e-01,  1.32767066e-01,
         2.54015160e+00, -2.67650276e-01, -2.74039078e+00, -6.48671389e-01,
         2.08544731e+00,  2.97090471e-01,  2.24559680e-02, -1.30440384e-01,
        -9.21661794e-01, -4.53841507e-01, -1.50388730e+00,  1.78613141e-03,
         1.32890391e+00, -2.42185593e+00,  1.55281588e-01,  7.45318592e-01,
         3.71039242e-01, -6.81815982e-01,  1.34435153e+00,  2.22543311e+00,
        -4.86287385e-01, -6.18137002e-01, -5.54648995e-01,  8.29998076e-01,
        -8.10872138e-01,  1.70605123e+00, -2.50777662e-01,  3.14876497e-01,
        -3.54706883e-01, -2.42215872e+00,  7.54794300e-01, -1.40446627e+00,
         2.61598969e+00, -1.50631690e+00, -1.18655205e+00, -3.56235147e-01,
        -5.25972426e-01,  2.47227049e+00, -1.33334112e+00, -1.36612630e+00,
         6.26171291e-01,  8.89700890e-01,  6.20562695e-02, -9.28200662e-01,
        -6.78319156e-01,  5.24207950e-01,  1.37414932e-01, -1.09349179e+00,
         1.29369068e+00,  1.47101378e+00, -3.79719064e-02,  2.85917878e-01,
        -3.77980500e-01,  2.87252933e-01, -1.17059183e+00, -2.85190415e+00,
         1.80322027e+00, -6.05828881e-01, -3.66633153e+00, -1.32589012e-01,
         1.53144503e+00,  9.48168397e-01, -6.29362345e-01,  6.06424272e-01,
         1.15528047e+00, -2.25137159e-01, -1.28718579e+00, -4.27498162e-01,
         1.79428363e+00,  1.56320095e+00,  1.72906578e-01, -6.74252152e-01,
         1.14254224e+00, -1.71023893e+00, -1.43833899e+00,  5.88367343e-01,
        -5.05833089e-01,  1.46473753e+00, -3.49838614e-01,  8.87373269e-01,
         1.25048280e+00,  1.80366054e-01,  2.39207491e-01, -7.21500993e-01,
        -3.21448475e-01, -1.73615837e+00,  3.36573154e-01, -2.03148276e-01,
        -7.06114061e-03,  1.92746317e+00,  1.83949065e+00, -1.59359694e-01,
        -1.42888975e+00,  1.11630213e+00, -1.46335864e+00,  8.55573475e-01,
         1.82782674e+00, -1.63358486e+00, -1.89241624e+00,  1.31034350e+00,
        -1.53195128e-01,  1.04757786e+00, -1.41244197e+00,  2.59592652e-01,
         3.37670118e-01,  7.07881212e-01, -4.44732100e-01, -2.47290850e+00,
        -9.42436397e-01,  2.57812500e+00, -7.23102570e-01, -6.26467943e-01,
         1.63321197e+00,  2.77062058e-01, -4.67318073e-02,  1.00447464e+00,
         1.06214333e+00,  1.30927432e+00,  1.17091608e+00, -6.50851488e-01,
         1.52833259e+00,  1.72929966e+00,  6.86529726e-02, -1.10813618e+00,
         1.71118043e-02, -1.21571076e+00, -5.14708519e-01, -1.17759451e-01,
         9.94503915e-01,  1.54129112e+00, -2.47067738e+00,  1.09869194e+00,
         1.10898995e+00, -9.61047471e-01, -8.69057834e-01,  9.61420000e-01,
        -1.20284498e+00,  1.38544047e+00, -1.05966353e+00,  7.13297784e-01,
         1.23635042e+00,  1.06939483e+00, -9.24543083e-01,  1.00538224e-01,
         5.79850256e-01,  5.51445365e-01,  1.81172505e-01, -7.66403973e-01,
        -5.63002586e-01,  4.59513515e-01,  2.81899023e+00,  6.64983690e-01,
         1.70195568e+00,  3.87714922e-01, -1.72605562e+00, -2.02689394e-01,
        -1.63234353e+00,  1.47802305e+00, -2.00984716e-01,  5.30160844e-01,
         1.21125758e+00,  8.75343204e-01,  3.61300421e+00,  2.14021876e-01,
         7.80163944e-01,  1.48970783e+00,  6.12403929e-01,  2.07826042e+00,
        -6.13948584e-01,  5.25733195e-02, -2.45627508e-01,  3.69700223e-01,
         4.37349737e-01,  1.47272974e-01, -2.14829102e-01, -4.26681280e-01,
        -1.40270615e+00, -2.70480722e-01,  3.43917489e-01,  6.44929826e-01,
         1.04456317e+00,  5.39658487e-01,  1.44627452e-01,  9.14966106e-01,
         4.92621243e-01, -1.34629047e+00,  1.70891762e+00,  1.02090490e+00,
        -1.31512010e+00, -1.56319654e+00, -1.29017591e+00, -1.03639472e+00,
         3.62201542e-01, -1.14990366e+00,  3.46797884e-01, -2.76597112e-01,
         1.37380028e+00, -1.42272305e+00, -9.71728742e-01,  6.64395690e-01,
        -9.16896403e-01, -1.17275566e-01,  6.67325616e-01, -2.06561947e+00,
        -6.06587589e-01,  6.29920140e-02,  5.13808094e-02, -2.28990018e-01,
         1.22160172e+00,  2.73767114e-01,  1.09542644e+00,  3.75983626e-01,
         2.34306335e+00,  1.89809287e+00,  1.06277561e+00, -1.17925513e+00,
        -8.40982944e-02, -6.62880123e-01,  1.40607610e-01,  3.47466850e+00,
         2.10112500e+00, -1.34189737e+00,  1.13812065e+00,  1.10648227e+00,
        -3.63545609e+00, -1.20997024e+00, -1.04253709e+00, -5.73133945e-01,
        -1.73959708e+00,  1.98713779e-01, -6.03434920e-01, -9.46853340e-01,
        -1.99606812e+00, -2.63290906e+00, -9.90055740e-01, -5.99221289e-01,
         2.21691489e+00, -5.90447597e-02, -5.72023749e-01,  2.33344406e-01,
         5.83249152e-01, -5.18830121e-01, -2.14904928e+00,  3.90971974e-02,
         5.62728584e-01,  2.39013523e-01, -1.72165775e+00,  2.29543543e+00,
         6.98503852e-03, -1.06996465e+00,  2.84058958e-01,  9.31050181e-01,
        -5.50327182e-01,  3.28833914e+00,  2.79638588e-01, -1.55958548e-01,
        -1.28267616e-01, -1.85274720e-01, -1.32364106e+00, -1.54350436e+00,
         2.83442020e+00,  1.18707657e+00,  1.26440406e+00, -6.97094202e-01,
         3.75954509e-01,  6.14008009e-01,  1.60837257e+00,  1.08660929e-01,
        -3.09056818e-01, -9.66506958e-01,  5.50431132e-01,  1.12896609e+00,
         6.63082457e+00,  4.18809175e+00,  6.50262594e-01, -3.16664755e-01,
         8.74588013e-01, -4.74742830e-01, -1.74215108e-01,  2.66379237e+00,
        -1.93805420e+00, -7.29469597e-01, -4.29370552e-01, -8.85204554e-01,
         9.66211557e-01, -5.79840899e-01, -2.95080841e-01,  8.03692997e-01,
         7.17202663e-01,  2.40803218e+00, -4.41462576e-01, -1.88410842e+00,
        -2.34742022e+00,  3.05527113e-02, -2.22861099e+00, -2.11232901e+00,
        -1.78212380e+00,  6.99273646e-01, -1.56846511e+00, -1.11022937e+00,
        -1.33467054e+00, -2.23262978e+00, -1.93704367e+00, -1.44952941e+00,
        -1.30301440e+00, -9.64474201e-01, -1.17588079e+00, -2.48749837e-01,
        -1.39149368e+00, -1.34120464e+00, -6.44617915e-01, -7.32958242e-02,
        -2.79017377e+00,  1.01956569e-01, -2.44572616e+00, -9.02442098e-01,
         1.83908808e+00,  4.50429469e-01,  3.91124368e-01,  6.84253454e-01,
        -1.00123775e+00, -1.73094705e-01,  1.60719112e-01, -9.10165191e-01,
        -1.20803332e+00, -5.03071725e-01, -4.37042117e-01, -2.63745880e+00,
        -2.74437475e+00, -4.95256901e-01, -2.43530607e+00, -1.97620308e+00,
        -1.99989450e+00, -1.69417584e+00,  4.94259000e-01, -1.08773482e+00,
         4.77777034e-01, -6.01479471e-01, -1.50586307e+00,  2.47382259e+00,
        -7.87939429e-01,  7.37075880e-02,  2.20494056e+00,  1.88721764e+00,
        -1.02795398e+00,  1.17253935e+00,  2.96779983e-02, -1.23573303e+00,
         8.85840714e-01,  6.69486046e-01, -3.14771503e-01,  6.96067736e-02,
         1.39913931e-01,  6.09131455e-02, -8.50316465e-01,  6.49076700e-02,
        -7.14467943e-01,  4.22707051e-02, -1.33177292e+00, -1.64320683e+00,
        -1.14763308e+00, -2.93333983e+00, -2.78259563e+00, -1.75456047e+00,
        -1.88460636e+00, -2.05292439e+00,  1.23471521e-01,  1.47609663e+00],
       device='cuda:0')
Clean RHS: tensor([[0.55645686]], device='cuda:0')
Split layers:
Nonlinear functions:
   BoundRelu(name=/66, inputs=[/input], perturbed=True)
   BoundRelu(name=/68, inputs=[/input-4], perturbed=True)
   BoundRelu(name=/71, inputs=[/input-12], perturbed=True)
   BoundRelu(name=/73, inputs=[/input-16], perturbed=True)
   BoundRelu(name=/76, inputs=[/input-24], perturbed=True)
   BoundRelu(name=/78, inputs=[/input-28], perturbed=True)
   BoundRelu(name=/80, inputs=[/input-32], perturbed=True)
   BoundRelu(name=/83, inputs=[/input-40], perturbed=True)
   BoundRelu(name=/85, inputs=[/input-44], perturbed=True)
   BoundRelu(name=/87, inputs=[/input-48], perturbed=True)
   BoundRelu(name=/90, inputs=[/input-56], perturbed=True)
   BoundRelu(name=/92, inputs=[/input-60], perturbed=True)
   BoundRelu(name=/94, inputs=[/input-64], perturbed=True)
   BoundRelu(name=/98, inputs=[/input-68], perturbed=True)
   BoundRelu(name=/101, inputs=[/input-72], perturbed=True)
   BoundRelu(name=/input-8/conv_1_relu, inputs=[/input-8/conv_1], perturbed=True)
   BoundRelu(name=/input-8/conv_3_relu, inputs=[/input-8/conv_3], perturbed=True)
   BoundRelu(name=/input-20/conv_1_relu, inputs=[/input-20/conv_1], perturbed=True)
   BoundRelu(name=/input-20/conv_3_relu, inputs=[/input-20/conv_3], perturbed=True)
   BoundRelu(name=/input-36/conv_1_relu, inputs=[/input-36/conv_1], perturbed=True)
   BoundRelu(name=/input-36/conv_3_relu, inputs=[/input-36/conv_3], perturbed=True)
   BoundRelu(name=/input-52/conv_1_relu, inputs=[/input-52/conv_1], perturbed=True)
   BoundRelu(name=/input-52/conv_3_relu, inputs=[/input-52/conv_3], perturbed=True)
   BoundRelu(name=/95/conv_1_relu, inputs=[/95/conv_1], perturbed=True)
   BoundRelu(name=/95/conv_3_relu, inputs=[/95/conv_3], perturbed=True)
Batched CROWN: node BoundConv(name=/input-4, inputs=[/66, /35, /36], perturbed=True), unstable size 62206
Batched CROWN: node BoundConv(name=/input-8/conv_1, inputs=[/68, /input-8/conv_1_w], perturbed=True), unstable size 78411
Batched CROWN: node BoundConv(name=/input-8/conv_3, inputs=[/input-8/add_1_2, /input-8/conv_3_w], perturbed=True), unstable size 25047
Batched CROWN: node BoundConv(name=/input-12, inputs=[/input-8/add_3_4, /37, /38], perturbed=True), unstable size 516713
Batched CROWN: node BoundConv(name=/input-16, inputs=[/71, /39, /40], perturbed=True), unstable size 1589540
Batched CROWN: node BoundConv(name=/input-20/conv_1, inputs=[/73, /input-20/conv_1_w], perturbed=True), unstable size 20373
Batched CROWN: node BoundConv(name=/input-20/conv_3, inputs=[/input-20/add_1_2, /input-20/conv_3_w], perturbed=True), unstable size 12559
Batched CROWN: node BoundConv(name=/input-24, inputs=[/input-20/add_3_4, /41, /42], perturbed=True), unstable size 350145
Batched CROWN: node BoundConv(name=/input-28, inputs=[/76, /43, /44], perturbed=True), unstable size 799907
Batched CROWN: node BoundConv(name=/input-32, inputs=[/78, /45, /46], perturbed=True), unstable size 221628
Batched CROWN: node BoundConv(name=/input-36/conv_1, inputs=[/80, /input-36/conv_1_w], perturbed=True), unstable size 31396
Batched CROWN: node BoundConv(name=/input-36/conv_3, inputs=[/input-36/add_1_2, /input-36/conv_3_w], perturbed=True), unstable size 19873
Batched CROWN: node BoundConv(name=/input-40, inputs=[/input-36/add_3_4, /47, /48], perturbed=True), unstable size 364667
Batched CROWN: node BoundConv(name=/input-44, inputs=[/83, /49, /50], perturbed=True), unstable size 300494
Batched CROWN: node BoundConv(name=/input-48, inputs=[/85, /51, /52], perturbed=True), unstable size 352505
Batched CROWN: node BoundConv(name=/input-52/conv_1, inputs=[/87, /input-52/conv_1_w], perturbed=True), unstable size 20305
Batched CROWN: node BoundConv(name=/input-52/conv_3, inputs=[/input-52/add_1_2, /input-52/conv_3_w], perturbed=True), unstable size 12406
Batched CROWN: node BoundConv(name=/input-56, inputs=[/input-52/add_3_4, /53, /54], perturbed=True), unstable size 99586
Batched CROWN: node BoundConv(name=/input-60, inputs=[/90, /55, /56], perturbed=True), unstable size 100339
Batched CROWN: node BoundConv(name=/input-64, inputs=[/92, /57, /58], perturbed=True), unstable size 100352
Batched CROWN: node BoundConv(name=/95/conv_1, inputs=[/94, /95/conv_1_w], perturbed=True), unstable size 50176
Batched CROWN: node BoundConv(name=/95/conv_3, inputs=[/95/add_1_2, /95/conv_3_w], perturbed=True), unstable size 25088
Batched CROWN: node BoundLinear(name=/input-68, inputs=[/96, /59, /60], perturbed=True), unstable size 4096
Batched CROWN: node BoundLinear(name=/input-72, inputs=[/99, /61, /62], perturbed=True), unstable size 4096
initial crown bounds: tensor([[-16933636.]], device='cuda:0')
Number of class (without rhs): 1 ; Worst class: (+ rhs) -16933636.0
Iteration 1
Adv attack time: 1.5358s
Batch size: 1
Current pickout batch: 1, total pickout batch: 1
Batched CROWN: node BoundConv(name=/input-4, inputs=[/66, /35, /36], perturbed=True), unstable size 62206
Batched CROWN: node BoundConv(name=/input-8/conv_1, inputs=[/68, /input-8/conv_1_w], perturbed=True), unstable size 78411
Batched CROWN: node BoundConv(name=/input-8/conv_3, inputs=[/input-8/add_1_2, /input-8/conv_3_w], perturbed=True), unstable size 25047
Batched CROWN: node BoundConv(name=/input-12, inputs=[/input-8/add_3_4, /37, /38], perturbed=True), unstable size 516713
Batched CROWN: node BoundConv(name=/input-16, inputs=[/71, /39, /40], perturbed=True), unstable size 1589540
Batched CROWN: node BoundConv(name=/input-20/conv_1, inputs=[/73, /input-20/conv_1_w], perturbed=True), unstable size 20372
Batched CROWN: node BoundConv(name=/input-20/conv_3, inputs=[/input-20/add_1_2, /input-20/conv_3_w], perturbed=True), unstable size 12559
Batched CROWN: node BoundConv(name=/input-24, inputs=[/input-20/add_3_4, /41, /42], perturbed=True), unstable size 350145
Batched CROWN: node BoundConv(name=/input-28, inputs=[/76, /43, /44], perturbed=True), unstable size 799907
Batched CROWN: node BoundConv(name=/input-32, inputs=[/78, /45, /46], perturbed=True), unstable size 221626
Batched CROWN: node BoundConv(name=/input-36/conv_1, inputs=[/80, /input-36/conv_1_w], perturbed=True), unstable size 31396
Batched CROWN: node BoundConv(name=/input-36/conv_3, inputs=[/input-36/add_1_2, /input-36/conv_3_w], perturbed=True), unstable size 19873
Batched CROWN: node BoundConv(name=/input-40, inputs=[/input-36/add_3_4, /47, /48], perturbed=True), unstable size 364667
Batched CROWN: node BoundConv(name=/input-44, inputs=[/83, /49, /50], perturbed=True), unstable size 300492
Batched CROWN: node BoundConv(name=/input-48, inputs=[/85, /51, /52], perturbed=True), unstable size 352505
Batched CROWN: node BoundConv(name=/input-52/conv_1, inputs=[/87, /input-52/conv_1_w], perturbed=True), unstable size 20305
Batched CROWN: node BoundConv(name=/input-52/conv_3, inputs=[/input-52/add_1_2, /input-52/conv_3_w], perturbed=True), unstable size 12406
Batched CROWN: node BoundConv(name=/input-56, inputs=[/input-52/add_3_4, /53, /54], perturbed=True), unstable size 99586
Batched CROWN: node BoundConv(name=/input-60, inputs=[/90, /55, /56], perturbed=True), unstable size 100339
Batched CROWN: node BoundConv(name=/input-64, inputs=[/92, /57, /58], perturbed=True), unstable size 100352
Batched CROWN: node BoundConv(name=/95/conv_1, inputs=[/94, /95/conv_1_w], perturbed=True), unstable size 50176
Batched CROWN: node BoundConv(name=/95/conv_3, inputs=[/95/add_1_2, /95/conv_3_w], perturbed=True), unstable size 25088
Batched CROWN: node BoundLinear(name=/input-68, inputs=[/96, /59, /60], perturbed=True), unstable size 4096
