----- SLURM_JOB_ID=4486880
SLURM_JOB_NODELIST=d1026
SLURM_JOB_GPUS=0
SLURM_GPUS=<unset>
SLURM_STEP_GPUS=<unset>
CUDA_VISIBLE_DEVICES=0
SLURM_NTASKS=1
SLURM_CPUS_PER_TASK=4
SHELL=/bin/bash
PATH=/shared/EL9/explorer/cuda/12.8.0/bin:/shared/EL9/explorer/code-server/4.91.1/code-server-4.91.1-linux-amd64/lib/vscode/bin/remote-cli:/home/z.dehghanipour/.conda/envs/ab-crown-v1/bin:/shared/EL9/explorer/anaconda3/2024.06/condabin:/usr/share/Modules/bin:/usr/local/bin:/usr/bin:/usr/local/sbin:/usr/sbin:/home/z.dehghanipour/.local/bin:/home/z.dehghanipour/bin:/home/z.dehghanipour/.local/bin:/home/z.dehghanipour/bin
========== ENV CHECK ==========
/home/z.dehghanipour/.conda/envs/ab-crown-v1/bin/python
Python 3.11.9
PYTHON: /home/z.dehghanipour/.conda/envs/ab-crown-v1/bin/python
torch: 2.3.1
torch.version.cuda: 12.1
cuda available: True
CUDA_VISIBLE_DEVICES: 0
device[0]: NVIDIA A100-SXM4-40GB
capability[0]: (8, 0)
matmul ok: 13622.48828125
Sat Feb 21 07:40:45 2026       
+-----------------------------------------------------------------------------------------+
| NVIDIA-SMI 570.86.15              Driver Version: 570.86.15      CUDA Version: 12.8     |
|-----------------------------------------+------------------------+----------------------+
| GPU  Name                 Persistence-M | Bus-Id          Disp.A | Volatile Uncorr. ECC |
| Fan  Temp   Perf          Pwr:Usage/Cap |           Memory-Usage | GPU-Util  Compute M. |
|                                         |                        |               MIG M. |
|=========================================+========================+======================|
|   0  NVIDIA A100-SXM4-40GB          On  |   00000000:01:00.0 Off |                    0 |
| N/A   34C    P0             58W /  400W |       1MiB /  40960MiB |      0%      Default |
|                                         |                        |             Disabled |
+-----------------------------------------+------------------------+----------------------+
|   1  NVIDIA A100-SXM4-40GB          On  |   00000000:C1:00.0 Off |                    0 |
| N/A   31C    P0             48W /  400W |       1MiB /  40960MiB |      0%      Default |
|                                         |                        |             Disabled |
+-----------------------------------------+------------------------+----------------------+
                                                                                         
+-----------------------------------------------------------------------------------------+
| Processes:                                                                              |
|  GPU   GI   CI              PID   Type   Process name                        GPU Memory |
|        ID   ID                                                               Usage      |
|=========================================================================================|
|  No running processes found                                                             |
+-----------------------------------------------------------------------------------------+
================================
========== QUICK GPU CHECK ==========
Sat Feb 21 07:40:46 2026       
+-----------------------------------------------------------------------------------------+
| NVIDIA-SMI 570.86.15              Driver Version: 570.86.15      CUDA Version: 12.8     |
|-----------------------------------------+------------------------+----------------------+
| GPU  Name                 Persistence-M | Bus-Id          Disp.A | Volatile Uncorr. ECC |
| Fan  Temp   Perf          Pwr:Usage/Cap |           Memory-Usage | GPU-Util  Compute M. |
|                                         |                        |               MIG M. |
|=========================================+========================+======================|
|   0  NVIDIA A100-SXM4-40GB          On  |   00000000:01:00.0 Off |                    0 |
| N/A   34C    P0             72W /  400W |       1MiB /  40960MiB |      0%      Default |
|                                         |                        |             Disabled |
+-----------------------------------------+------------------------+----------------------+
|   1  NVIDIA A100-SXM4-40GB          On  |   00000000:C1:00.0 Off |                    0 |
| N/A   31C    P0             48W /  400W |       1MiB /  40960MiB |      0%      Default |
|                                         |                        |             Disabled |
+-----------------------------------------+------------------------+----------------------+
                                                                                         
+-----------------------------------------------------------------------------------------+
| Processes:                                                                              |
|  GPU   GI   CI              PID   Type   Process name                        GPU Memory |
|        ID   ID                                                               Usage      |
|=========================================================================================|
|  No running processes found                                                             |
+-----------------------------------------------------------------------------------------+
=====================================
[rank 0/1] host=d1026 CUDA_VISIBLE_DEVICES=0
[rank 0] === Checking instance ID 751 ===
[rank 0] >>> ID 751 already done (results.csv / parts) — skipping
[rank 0] === Checking instance ID 752 ===
[rank 0] >>> ID 752 already done (results.csv / parts) — skipping
[rank 0] === Checking instance ID 753 ===
[rank 0] >>> ID 753 already done (results.csv / parts) — skipping
[rank 0] === Checking instance ID 754 ===
[rank 0] >>> ID 754 already done (results.csv / parts) — skipping
[rank 0] === Checking instance ID 755 ===
[rank 0] >>> ID 755 already done (results.csv / parts) — skipping
[rank 0] === Checking instance ID 756 ===
[rank 0] >>> ID 756 already done (results.csv / parts) — skipping
[rank 0] === Checking instance ID 757 ===
[rank 0] >>> ID 757 already done (results.csv / parts) — skipping
[rank 0] === Checking instance ID 758 ===
[rank 0] >>> ID 758 already done (results.csv / parts) — skipping
[rank 0] === Checking instance ID 759 ===
[rank 0] >>> ID 759 already done (results.csv / parts) — skipping
[rank 0] === Checking instance ID 760 ===
[rank 0] >>> ID 760 already done (results.csv / parts) — skipping
[rank 0] === Checking instance ID 761 ===
[rank 0] >>> ID 761 already done (results.csv / parts) — skipping
[rank 0] === Checking instance ID 762 ===
[rank 0] >>> ID 762 already done (results.csv / parts) — skipping
[rank 0] === Checking instance ID 763 ===
[rank 0] >>> ID 763 already done (results.csv / parts) — skipping
[rank 0] === Checking instance ID 764 ===
[rank 0] >>> ID 764 already done (results.csv / parts) — skipping
[rank 0] === Checking instance ID 765 ===
[rank 0] >>> ID 765 already done (results.csv / parts) — skipping
[rank 0] === Checking instance ID 766 ===
[rank 0] >>> ID 766 already done (results.csv / parts) — skipping
[rank 0] === Checking instance ID 767 ===
[rank 0] >>> ID 767 already done (results.csv / parts) — skipping
[rank 0] === Checking instance ID 768 ===
[rank 0] >>> ID 768 already done (results.csv / parts) — skipping
[rank 0] === Checking instance ID 769 ===
[rank 0] >>> ID 769 already done (results.csv / parts) — skipping
[rank 0] === Checking instance ID 770 ===
[rank 0] >>> ID 770 already done (results.csv / parts) — skipping
[rank 0] === Checking instance ID 771 ===
[rank 0] >>> ID 771 already done (results.csv / parts) — skipping
[rank 0] === Checking instance ID 772 ===
[rank 0] >>> ID 772 already done (results.csv / parts) — skipping
[rank 0] === Checking instance ID 773 ===
[rank 0] >>> ID 773 already done (results.csv / parts) — skipping
[rank 0] === Checking instance ID 774 ===
[rank 0] >>> ID 774 already done (results.csv / parts) — skipping
[rank 0] === Checking instance ID 775 ===
[rank 0] >>> ID 775 already done (results.csv / parts) — skipping
[rank 0] === Checking instance ID 776 ===
[rank 0] >>> ID 776 already done (results.csv / parts) — skipping
[rank 0] === Checking instance ID 777 ===
[rank 0] >>> ID 777 already done (results.csv / parts) — skipping
[rank 0] === Checking instance ID 778 ===
[rank 0] >>> ID 778 already done (results.csv / parts) — skipping
[rank 0] === Checking instance ID 779 ===
[rank 0] >>> ID 779 already done (results.csv / parts) — skipping
[rank 0] === Checking instance ID 780 ===
[rank 0] >>> ID 780 already done (results.csv / parts) — skipping
[rank 0] === Checking instance ID 781 ===
[rank 0] >>> ID 781 already done (results.csv / parts) — skipping
[rank 0] === Checking instance ID 782 ===
[rank 0] >>> ID 782 already done (results.csv / parts) — skipping
[rank 0] === Checking instance ID 783 ===
[rank 0] >>> ID 783 already done (results.csv / parts) — skipping
[rank 0] === Checking instance ID 784 ===
[rank 0] >>> ID 784 already done (results.csv / parts) — skipping
[rank 0] === Checking instance ID 785 ===
[rank 0] >>> ID 785 already done (results.csv / parts) — skipping
[rank 0] === Checking instance ID 786 ===
[rank 0] >>> ID 786 already done (results.csv / parts) — skipping
[rank 0] === Checking instance ID 787 ===
[rank 0] >>> Running ID=787 onnx=onnx/vgg16-7.onnx
Configurations:

general:
  device: cuda
  seed: 100
  conv_mode: patches
  deterministic: false
  double_fp: false
  loss_reduction_func: max
  sparse_alpha: true
  sparse_interm: true
  save_adv_example: false
  verify_onnxruntime_output: false
  eval_adv_example: false
  show_adv_example: false
  precompile_jit: false
  prepare_only: false
  complete_verifier: bab
  enable_incomplete_verification: false
  csv_name: instances.csv
  results_file: results/vggnet16_all_p_4/result_787.rank0.txt
  root_path: ../../vnncomp2023_benchmarks/benchmarks/vggnet16
  deterministic_opt: false
  graph_optimizer: 'Customized("custom_graph_optimizer", "maxpool_to_relu")'
  buffer_has_batchdim: false
  save_output: false
  output_file: out.pkl
  return_optimized_model: false
  output_additional_stats: true
  instance_id: 787
  dataset_output_dir: dataset
  min_stable_neurons_ratio_threshold: 0.0
model:
  name: null
  path: null
  onnx_path: /projects/air/dlverifier/vggnet16_all/onnx/vgg16-7.onnx
  onnx_path_prefix: ''
  cache_onnx_conversion: true
  debug_onnx: false
  onnx_quirks: null
  input_shape: null
  onnx_loader: default_onnx_and_vnnlib_loader
  onnx_optimization_flags: []
  onnx_vnnlib_joint_optimization_flags: none
  check_optimized: false
  flatten_final_output: false
  optimize_graph: null
  with_jacobian: false
data:
  start: 0
  end: 10000
  select_instance: null
  num_outputs: 1000
  mean: 0.0
  std: 1.0
  pkl_path: null
  dataset: null
  data_filter_path: null
  data_idx_file: null
specification:
  type: lp
  robustness_type: verified-acc
  norm: .inf
  epsilon: null
  epsilon_min: 0.0
  vnnlib_path: /projects/air/dlverifier/vggnet16_all/vnnlib/n02091134_whippet_global_k50176_eps_0.0002.vnnlib
  vnnlib_path_prefix: ''
  rhs_offset: null
solver:
  batch_size: 1
  auto_enlarge_batch_size: false
  min_batch_size_ratio: 0.1
  use_float64_in_last_iteration: false
  early_stop_patience: 10
  start_save_best: 0.5
  bound_prop_method: forward+backward
  init_bound_prop_method: same
  prune_after_crown: false
  optimize_disjuncts_separately: false
  crown:
    batch_size: 16
    max_crown_size: 1000000000
    relu_option: adaptive
  alpha-crown:
    alpha: true
    lr_alpha: 0.1
    iteration: 100
    share_alphas: false
    lr_decay: 0.98
    full_conv_alpha: true
    max_coeff_mul: .inf
    matmul_share_alphas: false
    disable_optimization: []
    max_time: 1.0
  invprop:
    apply_output_constraints_to: []
    tighten_input_bounds: false
    best_of_oc_and_no_oc: false
    directly_optimize: []
    oc_lr: 0.1
    share_gammas: false
  beta-crown:
    lr_alpha: 0.01
    lr_beta: 0.05
    lr_decay: 0.98
    optimizer: adam
    iteration: 10
    beta: true
    beta_warmup: true
    enable_opt_interm_bounds: false
    all_node_split_LP: false
  forward:
    refine: false
    dynamic: true
    max_dim: 100
    reset_threshold: 1.0
  intermediate_refinement:
    enabled: false
    batch_size: 10
    opt_coeffs: false
    opt_bias: false
    lr: 0.05
    layers: [-1]
    max_domains: 1000
  multi_class:
    label_batch_size: 32
    skip_with_refined_bound: true
  mip:
    unstable_neuron_threshold: 0
    parallel_solvers: null
    solver_threads: 1
    refine_neuron_timeout: 15
    refine_neuron_time_percentage: 0.8
    early_stop: true
    adv_warmup: true
    mip_solver: gurobi
    skip_unsafe: false
    topk_filter: 1.0
    sliding_window: -1
    extra_constraint: false
    refine_neuron_timeout_increasement: 0
    timeout_neuron_percentage: 0.3
    remaining_timeout_threshold: 1
    remove_unstable_neurons: true
    lp_solver: false
bab:
  initial_max_domains: 1
  backing_up_max_domain: null
  max_domains: .inf
  decision_thresh: 0
  timeout: 1200.0
  timeout_scale: 1
  max_iterations: -1
  override_timeout: null
  get_upper_bound: false
  pruning_in_iteration: true
  pruning_in_iteration_ratio: 0.2
  sort_targets: false
  batched_domain_list: true
  optimized_interm: ''
  interm_transfer: true
  recompute_interm: false
  sort_domain_interval: -1
  vanilla_crown: false
  tree_traversal: depth_first
  cut:
    enabled: false
    cuts_path: /tmp/abcrown_cuts
    implication: false
    bab_cut: false
    lp_cut: false
    method: null
    lr: 0.01
    lr_decay: 1.0
    iteration: 100
    bab_iteration: -1
    early_stop_patience: -1
    lr_beta: 0.02
    number_cuts: 50
    topk_cuts_in_filter: 1000
    batch_size_primal: 100
    max_num: 1000000000
    patches_cut: false
    cplex_cuts: false
    cplex_cuts_wait: 0
    cplex_cuts_revpickup: true
    cut_reference_bounds: true
    fix_intermediate_bounds: false
    _tmp_cuts: null
    fixed_cuts: false
    add_implied_cuts: false
    add_input_cuts: false
    biccos:
      enabled: false
      constraint_strengthening: true
      recursively_strengthening: false
      drop_ratio: 0.5
      verified_bonus: 0.3
      max_infer_iter: 20
      heuristic: neuron_influence_score
      save_biccos_cuts: false
      multi_tree_branching:
        enabled: false
        restore_best_tree: false
        keep_n_best_domains: 1
        k_splits: 1
        iterations: 1
  branching:
    method: sb
    candidates: 3
    reduceop: min
    enable_intermediate_bound_opt: false
    branching_input_and_activation: false
    branching_input_and_activation_order: [input, relu]
    branching_input_iterations: 30
    branching_relu_iterations: 50
    gnn_path: ''
    neural_heuristic:
      model_path: ''
    rl:
      experiment: general
      eval: false
      extras: []
      logging:
        color: true
        debug: true
        file: rl-experiment.log
      pnet:
        gH: 64
        tH: 64
        nheads: 64
        nlayers: 64
        useDynamicGraph: true
        bidirectional: false
        GAT: true
      training:
        gamma: 0.99
        lr: 0.001
        batchSize: 8
        loop: 8
        totalEpochs: 10
        updatePolicyFrequency: 10
        updateTargetFrequency: 10
        buffer: buffer.pkl
        preparedBuffer: 'False'
        TestingPreparedBuffer: false
        scriptTraining: false
        policynet: policy-checkpoint.pt
        targetnet: target-checkpoint.pt
        datasetShuffle: true
        targetedData: all
        splitRatio: 0.8
        maxInstances: -1
        trainingMode: full
        reward:
          norm: null
          bonus: 10.0
          penalty: -1.0
      egreedy:
        epsilon: 0.1
        epsilonDecay: 0.1
        minEpsilon: 0.1
        ePath: epsilon.pt
        enabled: true
      expert:
        useExpertUntilEpisode: 0.1
        enabled: true
        learnToImitateExpertEpochs: 10
    nonlinear_split:
      method: shortcut
      branching_point_method: uniform
      num_branches: 2
      filter: false
      filter_beta: false
      filter_clamp: false
      filter_batch_size: 10000
      filter_iterations: 25
      relu_only: false
      loose_tanh_threshold: null
      dynamic_bbps: false
      dynamic_options: [uniform, three_left, three_right]
      branching_point_node: ''
      branching_point_db: []
    input_split:
      enable_clip_domains: false
      split_hint: null
      reorder_bab: false
      enable: true
      enhanced_bound_prop_method: alpha-crown
      enhanced_branching_method: naive
      enhanced_bound_patience: 100000000.0
      attack_patience: 100000000.0
      adv_check: 0
      split_partitions: 2
      sb_margin_weight: 1.0
      sb_sum: false
      sb_primary_spec: null
      bf_backup_thresh: -1
      bf_rhs_offset: 0
      bf_iters: 1000000000.0
      bf_batch_size: 100000
      bf_zero_crossing_score: false
      touch_zero_score: 0
      ibp_enhancement: false
      catch_assertion: false
      compare_with_old_bounds: false
      update_rhs_with_attack: false
      sb_coeff_thresh: 0.001
      sort_index: null
      sort_descending: true
      show_progress: false
      presplit_domains: null
      skip_getting_worst_domain: false
  attack:
    enabled: false
    beam_candidates: 8
    beam_depth: 7
    max_dive_fix_ratio: 0.8
    min_local_free_ratio: 0.2
    mip_start_iteration: 5
    mip_timeout: 30.0
    adv_pool_threshold: null
    refined_mip_attacker: false
    refined_batch_size: null
attack:
  pgd_order: input_bab
  pgd_steps: 100
  pgd_restarts: 30
  pgd_batch_size: 100000000
  pgd_early_stop: true
  pgd_lr_decay: 0.99
  pgd_alpha: auto
  pgd_alpha_scale: false
  pgd_loss_mode: null
  pgd_restart_when_stuck: false
  enable_mip_attack: false
  adv_saver: default_adv_saver
  adv_verifier: default_adv_verifier
  early_stop_condition: default_early_stop_condition
  adv_example_finalizer: default_adv_example_finalizer
  pgd_loss: default_pgd_loss
  cex_path: ./test_cex.txt
  attack_mode: PGD
  attack_tolerance: 0.0
  attack_func: attack_with_general_specs
  gama_lambda: 10.0
  gama_decay: 0.9
  check_clean: true
  input_split:
    pgd_steps: 100
    pgd_restarts: 30
    pgd_alpha: auto
  input_split_enhanced:
    pgd_steps: 200
    pgd_restarts: 500000
    pgd_alpha: auto
  input_split_check_adv:
    enabled: auto
    pgd_steps: 5
    pgd_restarts: 5
    pgd_alpha: auto
    max_num_domains: 10
debug:
  sanity_check: Full+Graph
  view_model: false
  lp_test: null
  rescale_vnnlib_ptb: null
  test_optimized_bounds: false
  test_optimized_bounds_after_n_iterations: 0
  print_verbose_decisions: false

Experiments at Sat Feb 21 07:41:41 2026 on d1026
Internal results will be saved to results/vggnet16_all_p_4/result_787.rank0.txt.

[ZRL] %%%%%%%%%%%%%%%%%%%%%%%%%%%%%%%%%%% idx: 0, vnnlib ID: 0 %%%%%%%%%%%%%%%%%%%%%%%%%%%%%%%%%%%
Using onnx /projects/air/dlverifier/vggnet16_all/onnx/vgg16-7.onnx
Using vnnlib /projects/air/dlverifier/vggnet16_all/vnnlib/n02091134_whippet_global_k50176_eps_0.0002.vnnlib
Precompiled vnnlib file found at /projects/air/dlverifier/vggnet16_all/vnnlib/n02091134_whippet_global_k50176_eps_0.0002.vnnlib.compiled
Loading cached onnx model from /projects/air/dlverifier/vggnet16_all/onnx/vgg16-7.onnx.cached
Cannot read cached onnx file. Regenerating...
Loading onnx /projects/air/dlverifier/vggnet16_all/onnx/vgg16-7.onnx with quirks {}
Finished onnx model loading in 52.2811 seconds
Number of perturbed inputs: 150528
WARNING: prioritizing attack due to too many perturbed pixels on VGG
Setting arguments.Config["attack"]["pgd_order"] to "before"
Setting bound_prop_method to crown
Attack parameters: initialization=uniform, steps=100, restarts=30, alpha=5.000084638595581e-05, initialization=uniform, GAMA=False
Model output of first 5 examples:
 tensor([[-3.23375165e-01,  1.25993228e+00, -6.49312496e-01, -8.51722360e-01,
         -8.44722331e-01,  5.77966981e-02, -5.85824728e-01, -1.81726182e+00,
         -1.59545231e+00, -2.06188536e+00, -9.75014389e-01, -3.10173631e-01,
         -5.79356372e-01, -1.08834934e+00, -4.07832682e-01, -5.02498984e-01,
         -1.06036663e+00, -1.47498524e+00, -1.14133728e+00, -1.00498497e+00,
         -1.48326039e+00, -2.47859642e-01, -4.27190572e-01, -1.27240229e+00,
         -5.98780632e-01, -1.53608978e+00, -4.50774491e-01, -1.05271363e+00,
         -1.16416049e+00, -2.52781868e-01, -2.29899454e+00, -4.01690722e-01,
         -1.25873196e+00, -1.86421001e+00, -1.29429781e+00, -1.77672875e+00,
         -2.55904019e-01, -2.31733847e+00, -2.15047657e-01, -1.73659658e+00,
         -4.48670864e-01, -1.99145639e+00, -1.94359100e+00, -1.32895613e+00,
         -1.03601694e+00, -1.19507635e+00, -3.96099210e-01, -1.51498699e+00,
         -2.47530484e+00, -8.66079390e-01, -6.27163500e-02, -2.27865958e+00,
         -7.48643637e-01, -4.81305659e-01, -1.32746768e+00, -1.77119589e+00,
         -9.93010819e-01, -1.95991182e+00, -7.01797843e-01, -9.38883126e-01,
         -1.05025387e+00, -1.48694563e+00, -1.67337298e+00, -1.53254822e-01,
         -8.56243372e-01, -7.93352425e-01, -1.38970912e+00, -1.04545379e+00,
         -1.87752545e+00, -1.75903821e+00, -3.97059590e-01,  2.65495032e-01,
          1.39809489e-01,  7.62598753e-01,  1.68720514e-01,  7.25448787e-01,
         -2.89523661e-01,  6.06783390e-01,  4.72842842e-01,  3.97495419e-01,
          8.34412128e-03, -2.20987797e+00, -1.43645298e+00, -1.35048568e+00,
         -1.12157798e+00, -1.23870444e+00, -1.86085093e+00, -2.22353190e-01,
         -1.49226293e-01, -1.26060939e+00, -8.92992795e-01, -1.63787913e+00,
         -6.80067301e-01, -1.10398650e+00, -6.72062039e-01, -1.76470816e+00,
         -4.28643793e-01, -1.50408900e+00, -2.22046837e-01, -5.65556347e-01,
          3.05108964e-01, -1.20561016e+00, -2.07812190e+00,  7.84084108e-03,
         -1.21075809e+00, -1.93832088e+00, -1.16309536e+00, -4.48296458e-01,
         -1.00365961e+00, -1.31975818e+00, -3.57460797e-01,  1.79291654e+00,
         -4.13406849e-01, -6.45586967e-01, -8.10935855e-01, -1.22828615e+00,
         -8.59716117e-01,  2.37150699e-01, -9.71217275e-01, -1.74893963e+00,
         -1.94706070e+00, -1.56955516e+00, -8.49206865e-01, -2.28312898e+00,
         -1.49578822e+00, -2.36651731e+00,  5.33632413e-02, -9.18723822e-01,
          1.13507301e-01, -2.17340346e-02, -4.36906993e-01, -7.55463541e-01,
          1.16399214e-01, -9.41377282e-01, -6.21637940e-01, -1.12513006e+00,
         -1.09774756e+00, -2.24915177e-01, -1.14907181e+00, -2.13922024e+00,
         -2.21819472e+00, -6.86064124e-01, -1.18282306e+00, -1.08655882e+00,
         -1.05132830e+00, -3.27309668e-01, -8.65826666e-01,  4.43165869e-01,
          5.20357907e-01, -1.00946233e-01, -9.09210742e-01,  4.27104026e-01,
         -5.50696135e-01,  6.62575483e-01, -2.61171430e-01, -4.34029609e-01,
         -4.60203111e-01,  3.65219973e-02, -6.80106640e-01, -9.07867193e-01,
         -6.92176938e-01, -4.14706618e-01, -1.46037340e-01, -5.12526095e-01,
         -7.79803753e-01, -6.18201733e-01, -8.66801679e-01, -7.88365364e-01,
         -2.00135678e-01, -2.17411906e-01, -6.25695407e-01, -4.46208179e-01,
         -1.21095264e+00, -3.73054184e-02, -4.90085542e-01, -5.42542040e-01,
         -1.62124777e+00, -4.28886473e-01, -1.26259193e-01, -1.22857940e+00,
         -1.00816512e+00, -1.31656781e-01, -2.52927184e-01,  3.02621543e-01,
          1.63451180e-01, -3.60626489e-01, -6.75302595e-02,  3.53005826e-01,
         -1.24018103e-01, -2.84414023e-01, -2.69204285e-03,  7.86883593e-01,
         -3.94713372e-01, -2.59982586e-01, -6.09116197e-01,  6.80910587e-01,
         -2.41571933e-01, -6.96557701e-01, -9.22590137e-01,  6.03986859e-01,
         -4.42951649e-01, -1.05162370e+00,  7.40643218e-03,  8.98700774e-01,
         -3.63622189e-01, -7.73654282e-01, -7.51509249e-01, -6.97418809e-01,
         -6.28836691e-01, -7.39216864e-01, -1.31428945e+00, -2.29577035e-01,
         -4.05035347e-01, -1.17379582e+00, -6.15616977e-01, -5.72186470e-01,
         -1.18706524e-01, -1.60057604e-01, -5.47597110e-01, -5.61936736e-01,
         -4.56319600e-01, -3.63766551e-01, -2.37598106e-01,  5.65796614e-01,
          2.04639792e-01, -9.11481142e-01, -4.43787724e-01, -5.61123431e-01,
         -6.28076077e-01,  9.28846955e-01, -4.70779806e-01, -8.97413120e-03,
         -8.15270305e-01,  2.15844288e-01, -2.97774374e-01, -2.15217292e-01,
         -3.72494847e-01, -6.76305145e-02, -9.12190676e-01, -1.34858593e-01,
         -5.22933543e-01, -9.07487214e-01, -1.64345145e-01, -1.49194658e+00,
         -8.33623409e-01, -9.87423509e-02, -1.00589204e+00, -3.61926526e-01,
          3.21084335e-02,  2.76747912e-01, -1.49912760e-02, -9.09071088e-01,
          2.12931618e-01,  2.05903143e-01,  2.23406613e-01, -9.67601895e-01,
         -6.84114993e-01,  5.16465425e-01,  6.51789308e-01,  6.53497994e-01,
          6.40928984e-01, -9.45010558e-02, -7.97873616e-01, -2.88805395e-01,
         -4.11579669e-01,  4.88324523e-01, -4.07394804e-02, -1.42892912e-01,
         -1.13031363e+00,  1.99559286e-01,  4.71964508e-01, -5.47411561e-01,
         -1.20226309e-01, -3.38162512e-01, -4.76443201e-01, -9.74787593e-01,
         -8.26301455e-01,  3.25386673e-02, -3.65355998e-01,  4.50294465e-01,
         -2.69317999e-02,  1.13605201e+00,  1.20890653e+00,  2.21135664e+00,
          1.81165957e+00,  9.54679310e-01, -1.10730445e+00, -1.21070504e-01,
         -1.03379536e+00, -1.08166826e+00, -1.39465261e+00, -1.15403211e+00,
         -8.16840053e-01, -5.70955813e-01, -1.02554667e+00, -7.67743647e-01,
          1.81326747e-01, -9.83224750e-01, -1.75358725e+00, -6.59106314e-01,
         -1.86714494e+00, -3.59055310e-01, -5.13643086e-01, -1.01449525e+00,
         -1.56193733e+00, -2.76970530e+00, -8.99802804e-01, -8.29905629e-01,
         -7.64528930e-01, -1.26300633e+00,  3.55434269e-01, -8.05024654e-02,
         -1.21081448e+00,  1.57958537e-01,  3.90474349e-01, -4.88149047e-01,
         -9.77444291e-01, -1.86085188e+00,  9.39647481e-02,  1.83132499e-01,
         -4.04616773e-01, -2.36953235e+00, -1.91736197e+00, -1.38545358e+00,
         -1.71594644e+00, -2.27751064e+00, -2.07614255e+00, -3.81574064e-01,
         -1.88944077e+00, -1.53201771e+00, -3.67802173e-01,  1.43221021e-03,
          1.40890539e+00, -3.61985356e-01, -1.09871840e+00, -8.43388557e-01,
         -1.99510086e+00, -1.42215006e-02, -6.22572660e-01, -1.99028981e+00,
         -1.28953111e+00, -1.12743747e+00, -1.80310082e+00, -2.01747155e+00,
         -1.40177798e+00, -2.19241357e+00, -1.92876637e+00, -1.33209813e+00,
         -2.93331814e+00, -2.04422188e+00, -1.88468468e+00, -1.41417634e+00,
         -1.54290164e+00, -1.83749652e+00, -1.65989578e+00, -1.96484661e+00,
         -4.79753733e-01, -6.11754119e-01, -6.57704100e-02,  6.01752102e-03,
         -9.51335847e-01, -2.70418525e-01, -6.14290714e-01, -1.05855548e+00,
         -1.75282347e+00, -9.19563651e-01, -9.15445626e-01, -9.49155390e-01,
         -5.23272157e-01, -1.13455951e+00, -7.50605702e-01, -1.08563507e+00,
         -9.45069075e-01, -6.76845551e-01, -7.58539319e-01, -1.36417699e+00,
         -5.83307028e-01, -9.47269320e-01, -8.03521499e-02, -1.52422237e+00,
         -6.75632179e-01, -1.36721432e+00, -8.18634629e-01, -9.14378107e-01,
         -8.78544748e-01, -8.80108595e-01, -1.34740651e+00, -2.00407195e+00,
         -1.74639356e+00, -1.49677135e-02, -1.43570018e+00, -2.35479176e-01,
         -6.81401670e-01, -1.81297493e+00, -5.38557589e-01,  3.20538700e-01,
         -1.83566272e+00, -2.06941032e+00,  8.35942179e-02,  2.79270840e+00,
          8.28639448e-01,  1.08265139e-01,  7.09286213e-01, -6.78962290e-01,
         -4.58860695e-02,  9.49847400e-01,  3.86565089e-01, -4.34163839e-01,
         -1.55281675e+00,  2.72414899e+00, -1.69457018e+00,  3.13248968e+00,
          4.95872229e-01,  1.04743040e+00,  1.66804421e+00, -1.17597747e+00,
          2.13226032e+00,  9.54378664e-01,  2.12875080e+00,  1.90693986e+00,
          7.87715733e-01,  4.01941121e-01,  5.55620372e-01,  1.07464902e-01,
         -2.46216774e-01, -1.53412744e-01,  1.20421946e+00, -3.35089415e-01,
         -4.20193344e-01, -8.85291517e-01, -1.11177933e+00,  1.45573127e+00,
          8.28796983e-01,  9.96826947e-01,  2.03862596e+00,  2.60223150e+00,
         -9.14881349e-01,  7.87933111e-01,  1.70081818e+00,  7.44066060e-01,
         -2.78241932e-02,  1.55502951e+00,  1.01304257e+00,  2.60851908e+00,
         -9.13407445e-01,  1.13435209e-01,  3.77663541e+00,  2.57384688e-01,
         -5.33541381e-01,  3.91210049e-01, -5.40301621e-01,  1.58818197e+00,
          7.29271591e-01,  7.64117658e-01, -1.14802265e+00, -4.85708326e-01,
          9.04416561e-01,  2.48683190e+00, -3.76406431e-01,  9.82609510e-01,
         -9.27068055e-01,  1.29239833e+00,  2.15752244e+00,  2.23785192e-01,
          1.13280284e+00,  2.79263663e+00, -4.05448169e-01, -1.88877976e+00,
         -2.48909116e-01, -8.71176571e-02,  1.63516784e+00, -9.76712584e-01,
         -3.52522582e-01,  1.43155003e+00,  5.62312543e-01,  1.08696260e-02,
         -9.15166378e-01,  6.66777313e-01,  4.87426639e-01, -7.19680786e-01,
          2.27321196e+00,  9.12391961e-01,  3.86559844e-01, -3.93917501e-01,
          1.29168734e-01,  7.25080550e-01,  1.17221129e+00,  2.38024640e+00,
         -2.50981271e-01, -5.36991417e-01,  1.63049591e+00, -7.41202891e-01,
          1.76044673e-01,  1.37208629e+00,  1.10279012e+00,  7.55773365e-01,
          1.35869503e+00,  7.48021424e-01,  2.60653406e-01,  3.45881224e+00,
         -2.04259372e+00,  2.11550450e+00, -9.24263597e-02,  1.35480893e+00,
          5.82576394e-01,  6.72980905e-01, -1.68438232e+00,  9.82545435e-01,
          1.10992408e+00, -2.08849072e+00, -7.73778796e-01, -5.87251127e-01,
          8.59897792e-01,  3.18108261e-01,  7.86014915e-01, -2.76211739e-01,
          3.51008475e-02,  4.62547123e-01, -1.16082661e-01, -1.56827912e-01,
          9.30559754e-01,  2.94988662e-01, -1.02029669e+00,  5.89484096e-01,
          7.47650385e-01, -6.42581999e-01,  9.09503579e-01,  2.10461211e+00,
         -2.16348976e-01,  8.55858624e-01,  1.41388428e+00,  1.32092047e+00,
          1.04950154e+00,  5.82218647e-01,  2.96921945e+00, -1.34993482e+00,
         -8.93347681e-01, -8.00956249e-01,  6.72283769e-02,  2.24145889e+00,
          3.95109743e-01, -8.68342161e-01,  1.53214931e+00,  6.09612942e-01,
         -1.11218083e+00,  9.28731859e-01,  8.40001583e-01, -2.17090750e+00,
          9.87249315e-01,  3.50718522e+00, -1.16089970e-01,  1.25096574e-01,
          1.75364792e+00,  2.00457907e+00,  4.47518766e-01, -8.33536208e-01,
          3.80121350e+00,  1.96782947e+00,  1.07141924e+00,  9.89126086e-01,
         -1.13629961e+00, -3.94321054e-01,  1.66545141e+00,  1.12058985e+00,
          6.10172033e-01,  3.46105516e-01, -4.50127542e-01,  5.54918647e-01,
          1.22927630e+00, -2.19165874e+00,  6.29046917e-01, -7.32579350e-01,
          1.07729101e+00, -1.29610026e+00, -1.85029238e-01, -1.01269078e+00,
         -7.37575412e-01,  7.53522038e-01,  2.22550225e+00,  1.05445266e+00,
         -2.03197613e-01, -5.66098988e-01, -2.29613042e+00,  1.72704190e-01,
          1.34276068e+00,  1.52056789e+00, -7.78764427e-01,  1.54374862e+00,
          2.18754554e+00,  1.44922078e+00,  1.60187566e+00,  4.75167418e+00,
          4.24494445e-01,  4.07088369e-01,  6.35927141e-01, -1.50802088e+00,
          1.66287124e+00,  3.74108166e-01,  1.75289130e+00,  7.69251764e-01,
          2.10418701e+00,  1.86847854e+00,  1.56425822e+00, -2.30258894e+00,
          1.23095405e+00,  1.80808425e+00,  1.74185610e+00, -2.22353220e-01,
          2.15046263e+00, -1.63828862e+00,  2.50857592e+00,  9.60389137e-01,
         -8.86307776e-01,  5.54042399e-01,  1.85833311e+00,  2.11627603e+00,
          6.57187104e-01,  1.89579523e+00,  1.71034956e+00,  3.07231569e+00,
          2.56687140e+00, -2.22561210e-01,  1.43874019e-01,  1.88112557e+00,
         -6.87773228e-01, -7.42626905e-01,  1.59949338e+00,  4.69916850e-01,
         -1.26071465e+00,  1.41228175e+00,  2.82327861e-01,  1.25038600e+00,
          3.32439590e+00,  1.00844599e-01, -1.72077858e+00,  4.35295314e-01,
          2.43603253e+00, -6.68519258e-01,  1.15800560e+00,  1.22871900e+00,
         -1.02946830e+00,  6.41227484e-01, -3.60792607e-01,  2.80213982e-01,
          1.77075672e+00, -1.59794235e+00,  5.22091210e-01,  1.23176908e+00,
          2.54773259e+00, -6.44139707e-01,  1.63166022e+00,  3.07160878e+00,
          6.37968719e-01,  4.00702149e-01, -6.83279872e-01,  2.49290752e+00,
         -3.67530853e-01,  1.81988966e+00, -2.67520770e-02,  1.26971975e-01,
          1.25944972e-01, -1.89254987e+00,  1.97538459e+00, -3.87631774e-01,
          3.03902388e+00, -2.14281052e-01, -8.15828204e-01,  4.54523593e-01,
         -1.38473645e-01,  2.41881609e+00, -2.17549041e-01, -1.19503880e+00,
         -1.32138371e-01,  1.82902932e+00, -9.08230692e-02, -5.89288548e-02,
         -4.93683815e-01,  4.98081058e-01,  1.16117132e+00,  2.35162914e-01,
          2.22408652e+00,  2.17947102e+00,  4.08439130e-01,  1.68009913e+00,
          4.25915681e-02, -1.60660788e-01,  2.77206838e-01, -7.11760402e-01,
          1.94103539e+00,  1.98948097e+00, -3.30599570e+00,  6.07150793e-01,
          1.81675053e+00,  6.35190547e-01, -7.29864776e-01,  5.09338200e-01,
          1.89238083e+00,  2.25198054e+00, -9.11825478e-01,  1.50909972e+00,
          1.85439754e+00,  1.23792076e+00,  6.20282769e-01, -1.21970642e+00,
          7.24999428e-01, -1.28290129e+00, -5.66245988e-02,  9.58273649e-01,
          1.25053656e+00,  2.06898618e+00, -3.13172191e-02,  1.29413450e+00,
          1.16785407e+00,  1.50585783e+00,  5.38052380e-01, -1.50918543e-01,
          3.25492531e-01, -1.54994464e+00,  6.08394563e-01, -4.96020913e-03,
          2.88232595e-01,  1.66764724e+00,  1.20853722e+00,  4.53512073e-02,
         -9.53497946e-01,  1.13007760e+00, -7.71099091e-01,  4.27860528e-01,
          1.49390149e+00,  9.11889136e-01, -2.08491564e+00,  2.09748793e+00,
         -1.30723909e-01,  1.38153529e+00, -1.38970149e+00,  1.30569649e+00,
          2.77181745e-01,  2.21960936e-02,  3.24521452e-01, -1.37550569e+00,
          1.50687560e-01,  2.82594848e+00,  3.59683007e-01,  2.12721273e-01,
          1.97129536e+00,  1.43144441e+00,  2.08242163e-01,  2.20818686e+00,
          1.71778047e+00,  1.52077830e+00,  1.85205352e+00, -1.11198866e+00,
          6.85704768e-01,  3.25529122e+00,  9.79468107e-01, -1.02144432e+00,
          8.97985637e-01, -2.07843602e-01,  7.88921416e-02,  6.62427366e-01,
          3.17034268e+00,  2.10215497e+00, -8.21978986e-01,  1.07333839e+00,
          1.15674400e+00,  8.52030516e-01,  1.15310812e+00,  6.77326381e-01,
         -1.33405244e+00,  1.72084236e+00, -4.93699133e-01,  2.13314462e+00,
          2.53123021e+00,  9.53951597e-01,  1.40912272e-02,  2.13824224e+00,
          8.00435901e-01,  1.36257982e+00,  6.69520020e-01, -8.03884804e-01,
          4.43589956e-01,  2.37720937e-01,  3.38840079e+00,  9.74449337e-01,
          1.82224298e+00,  3.17051083e-01, -3.84704024e-02,  7.74765670e-01,
         -9.89179671e-01,  3.00075030e+00,  3.80276442e-01,  1.37390643e-01,
          1.25742900e+00,  1.51115632e+00,  5.56826830e+00,  5.64191401e-01,
          1.16862416e+00,  2.38137889e+00,  1.37043059e+00,  3.21674919e+00,
         -5.59770405e-01, -1.90899163e-01, -1.21376403e-01, -5.21377027e-01,
          1.69039202e+00, -5.96932113e-01,  6.37873709e-01,  1.66036797e+00,
         -1.37005472e+00, -3.87331039e-01,  1.21947682e+00,  2.43245769e+00,
          1.82930470e+00,  1.79824924e+00, -1.82385892e-02,  7.98137665e-01,
         -1.26358420e-01, -5.20767987e-01,  2.00994062e+00,  8.31560791e-01,
         -1.26359880e+00, -5.44197381e-01, -1.92081466e-01,  1.00081182e+00,
          2.08776188e+00, -1.06898582e+00,  6.57434404e-01,  1.40853298e+00,
          1.13655448e+00, -1.63352430e+00,  5.68365514e-01,  1.89343190e+00,
         -1.07217324e+00, -4.39347357e-01,  2.82954931e+00, -1.12322700e+00,
          1.67628318e-01,  4.34078991e-01,  5.93778670e-01, -2.53545344e-01,
          1.64540279e+00,  1.14562035e+00,  2.01530004e+00,  3.95684242e-01,
          2.73724008e+00,  1.62979615e+00,  2.56612802e+00, -1.12644374e+00,
          6.18812621e-01, -3.66977453e-01, -1.56110704e-01,  3.76536870e+00,
          5.35549521e-01, -1.48008180e+00,  2.81153893e+00,  8.83923590e-01,
         -2.69686246e+00,  9.34343860e-02,  7.39541948e-02,  8.96981239e-01,
         -3.55207413e-01,  2.24090815e+00,  3.85142475e-01, -6.44236624e-01,
         -1.69291580e+00, -1.10925400e+00, -1.54529595e+00, -6.55730724e-01,
          2.08127141e+00,  1.70037770e+00, -1.28165156e-01,  8.11714172e-01,
          1.26679015e+00, -1.17551811e-01, -2.15845108e+00,  3.90187114e-01,
          2.18370056e+00,  8.74466240e-01, -1.87645584e-01,  1.39379632e+00,
          5.22197664e-01,  6.50696576e-01,  1.54553211e+00,  1.79906976e+00,
          4.33677107e-01,  3.40389872e+00,  6.90060914e-01,  1.75320458e+00,
         -2.89228946e-01,  1.10852385e+00, -1.27376115e+00,  2.54293889e-01,
          3.76501608e+00,  1.13996875e+00,  3.38581252e+00, -3.76711220e-01,
          2.02670693e+00,  2.31453538e+00,  1.43046951e+00,  1.12221932e+00,
          8.97493511e-02, -4.94188905e-01,  1.09294152e+00,  1.39458525e+00,
          5.42415380e+00,  5.78352070e+00,  3.74159741e+00, -1.29154593e-01,
          4.14864510e-01,  1.45410508e-01,  2.78087586e-01,  2.35813713e+00,
         -1.70343316e+00, -1.33134878e+00,  9.69255149e-01, -1.34347761e+00,
          1.93664944e+00,  4.54370886e-01,  3.30947995e-01,  8.45065191e-02,
          8.83351445e-01,  2.59076262e+00,  7.30099857e-01, -1.06625400e-01,
         -2.13407278e+00,  5.69228351e-01, -9.95546043e-01, -1.24914849e+00,
         -1.40897083e+00,  6.75010085e-01, -9.73551214e-01, -1.39665508e+00,
         -1.20948112e+00, -2.37212324e+00, -9.85241652e-01, -8.86305809e-01,
         -1.29663754e+00, -1.19492638e+00, -1.09923005e+00, -5.00907421e-01,
         -1.02483714e+00, -1.29641986e+00, -2.39427224e-01, -7.78617978e-01,
         -2.58858895e+00, -6.48146570e-01, -1.82027757e+00, -1.60128057e+00,
         -1.65265858e-01,  6.06948853e-01, -3.26068074e-01, -6.47286654e-01,
         -1.23729467e+00, -1.64118558e-01, -4.00914997e-01, -1.44487762e+00,
         -1.66842091e+00, -8.31101060e-01, -1.07072878e+00, -1.62347889e+00,
         -1.60102820e+00, -1.15969408e+00, -9.18113589e-01, -1.14912510e+00,
         -1.22197449e+00, -1.17995417e+00,  1.23153019e+00, -9.44851398e-01,
          3.26506868e-02, -4.70457524e-02, -1.16831446e+00,  1.43796587e+00,
         -7.77167559e-01, -7.58340657e-01,  1.77271867e+00,  4.16533321e-01,
         -9.95915055e-01,  1.98118001e-01, -2.06401885e-01, -1.39640832e+00,
          2.24849463e-01, -6.03534698e-01,  1.05732536e+00, -1.86244398e-01,
         -8.28832984e-01,  6.34267330e-02, -1.75595438e+00, -3.11288327e-01,
         -1.34978557e+00, -5.63652158e-01, -1.60669804e+00, -1.23428428e+00,
         -1.22507131e+00, -2.07165527e+00, -2.10377598e+00, -1.47980440e+00,
         -1.39289403e+00, -3.10271645e+00, -1.45663053e-01,  1.27832103e+00]],
       device='cuda:0')
Adv example prediction (first 2 examples and 2 restarts):
 tensor([[[-3.10189426e-01,  1.24128699e+00, -6.43404365e-01, -8.29397380e-01,
          -8.41943324e-01,  6.89352080e-02, -6.21185541e-01, -1.81178796e+00,
          -1.58817267e+00, -2.02513123e+00, -9.39717710e-01, -3.22474509e-01,
          -5.93901038e-01, -1.11015904e+00, -4.07560408e-01, -4.95446950e-01,
          -1.06790280e+00, -1.47945487e+00, -1.15042472e+00, -1.02266955e+00,
          -1.45719743e+00, -2.06929743e-01, -4.15650874e-01, -1.25730777e+00,
          -5.87895155e-01, -1.51868582e+00, -4.14164543e-01, -1.03415060e+00,
          -1.16051340e+00, -2.17273489e-01, -2.28973961e+00, -4.18623477e-01,
          -1.24661696e+00, -1.85536253e+00, -1.27747345e+00, -1.77183521e+00,
          -2.71753401e-01, -2.32011414e+00, -1.89456895e-01, -1.71944284e+00,
          -4.62381899e-01, -1.94314396e+00, -1.91371500e+00, -1.29867017e+00,
          -1.00939465e+00, -1.17253828e+00, -4.20211196e-01, -1.48195255e+00,
          -2.45251703e+00, -8.62742186e-01, -7.83465281e-02, -2.23626018e+00,
          -7.23436356e-01, -4.86999094e-01, -1.32235885e+00, -1.78601682e+00,
          -1.00267541e+00, -1.94596851e+00, -7.24257231e-01, -9.18835759e-01,
          -1.05335498e+00, -1.49029684e+00, -1.65149021e+00, -9.39410776e-02,
          -8.20105433e-01, -7.60888338e-01, -1.33766222e+00, -1.05278969e+00,
          -1.81697428e+00, -1.72691190e+00, -3.95627528e-01,  2.64362335e-01,
           1.47170305e-01,  8.02659333e-01,  1.68333977e-01,  7.23124027e-01,
          -2.87745059e-01,  6.06455266e-01,  4.81648564e-01,  4.01918381e-01,
           4.26058546e-02, -2.15893531e+00, -1.41336036e+00, -1.31069875e+00,
          -1.11115670e+00, -1.22610819e+00, -1.83538759e+00, -2.43739754e-01,
          -1.65361896e-01, -1.27167296e+00, -9.12919462e-01, -1.62452662e+00,
          -6.66599691e-01, -1.11236334e+00, -6.86081767e-01, -1.71104980e+00,
          -4.50890601e-01, -1.50641179e+00, -1.60401478e-01, -5.55390179e-01,
           2.97496051e-01, -1.16505563e+00, -2.06239033e+00,  3.39629352e-02,
          -1.17566860e+00, -1.91594803e+00, -1.15799546e+00, -4.82387573e-01,
          -1.03822899e+00, -1.32241130e+00, -3.53323102e-01,  1.86476254e+00,
          -4.46471453e-01, -6.41685724e-01, -8.14383328e-01, -1.22228420e+00,
          -8.15942883e-01,  2.63270557e-01, -9.78348672e-01, -1.72670448e+00,
          -1.94128036e+00, -1.53544891e+00, -8.50077331e-01, -2.25492287e+00,
          -1.50555301e+00, -2.38314319e+00,  9.36933085e-02, -8.81144166e-01,
           1.80239558e-01, -1.47530567e-02, -4.35256451e-01, -7.35309601e-01,
           1.35408998e-01, -9.20885205e-01, -6.01826549e-01, -1.08047163e+00,
          -1.10400915e+00, -2.39564732e-01, -1.10915029e+00, -2.12424755e+00,
          -2.20741677e+00, -6.88593745e-01, -1.15282261e+00, -1.06796730e+00,
          -1.03421676e+00, -3.13692272e-01, -8.03315639e-01,  5.12705266e-01,
           5.69180310e-01, -4.24498469e-02, -9.19258714e-01,  4.16165173e-01,
          -5.10179400e-01,  6.47711277e-01, -2.60352135e-01, -4.34038162e-01,
          -4.46848541e-01,  3.66553329e-02, -6.64354742e-01, -9.12191689e-01,
          -6.64416909e-01, -4.21926022e-01, -1.65497616e-01, -4.95913565e-01,
          -7.65312433e-01, -6.08315051e-01, -8.41624558e-01, -7.36996591e-01,
          -1.99828953e-01, -1.93076283e-01, -5.96080184e-01, -4.75477695e-01,
          -1.23946178e+00, -5.75134531e-03, -4.68632996e-01, -5.00067592e-01,
          -1.57217717e+00, -4.06094193e-01, -1.38936713e-01, -1.21700156e+00,
          -9.94892240e-01, -9.88372192e-02, -2.50762492e-01,  3.05352092e-01,
           1.62725255e-01, -3.65826547e-01, -5.92120029e-02,  3.37195754e-01,
          -7.99869895e-02, -2.61618167e-01,  4.31132764e-02,  7.64913917e-01,
          -4.08185244e-01, -2.58070052e-01, -5.63401163e-01,  6.70693874e-01,
          -2.44774699e-01, -6.69724762e-01, -8.94506752e-01,  6.13705277e-01,
          -4.26226407e-01, -1.06713378e+00,  7.77432695e-03,  8.62400353e-01,
          -3.82513642e-01, -7.42236793e-01, -7.17698157e-01, -6.75772309e-01,
          -6.23143375e-01, -7.38497019e-01, -1.27423704e+00, -2.41366431e-01,
          -3.72605562e-01, -1.15445828e+00, -5.96262038e-01, -5.67201257e-01,
          -9.24671441e-02, -1.65475488e-01, -5.38985550e-01, -5.60064852e-01,
          -4.34038430e-01, -3.21856260e-01, -2.00969070e-01,  5.65943062e-01,
           2.20259875e-01, -8.96245837e-01, -4.29630518e-01, -5.38120449e-01,
          -6.11904323e-01,  9.21731830e-01, -4.91654366e-01, -7.11666420e-03,
          -8.06479096e-01,  2.10948557e-01, -3.07626724e-01, -1.90972283e-01,
          -3.72118384e-01, -9.28205922e-02, -9.06378806e-01, -1.27263263e-01,
          -5.06019771e-01, -8.74474227e-01, -1.78464532e-01, -1.47478783e+00,
          -8.01612794e-01, -1.06646776e-01, -9.82800603e-01, -3.50649357e-01,
           5.18006682e-02,  2.83331513e-01,  6.02186471e-03, -9.12190974e-01,
           2.67103016e-01,  1.90069616e-01,  2.19565958e-01, -9.53355432e-01,
          -6.59963787e-01,  5.23638248e-01,  6.60270691e-01,  6.20632529e-01,
           6.56064928e-01, -8.47514495e-02, -7.53716052e-01, -3.15951228e-01,
          -4.12304521e-01,  4.68324065e-01, -4.41077836e-02, -1.45818219e-01,
          -1.11126554e+00,  2.50226885e-01,  5.14098167e-01, -5.01235485e-01,
          -6.62972331e-02, -2.99667984e-01, -4.24314201e-01, -9.10187960e-01,
          -7.77975500e-01,  5.49184456e-02, -3.31142366e-01,  4.89535451e-01,
           1.02593228e-02,  1.15086675e+00,  1.21492469e+00,  2.21480131e+00,
           1.80661619e+00,  9.71317470e-01, -1.07621980e+00, -1.10068202e-01,
          -9.85674560e-01, -1.03676093e+00, -1.35729563e+00, -1.10795271e+00,
          -7.87923157e-01, -5.35621047e-01, -9.83808517e-01, -7.56550014e-01,
           1.96033403e-01, -9.40737963e-01, -1.71140528e+00, -6.30014718e-01,
          -1.85084999e+00, -4.00066733e-01, -4.78003114e-01, -1.01539969e+00,
          -1.57828999e+00, -2.76922417e+00, -8.99415731e-01, -8.37456644e-01,
          -7.62460172e-01, -1.29103637e+00,  3.40787202e-01, -9.22659710e-02,
          -1.21954679e+00,  1.57276034e-01,  3.75616670e-01, -5.08050799e-01,
          -9.57167745e-01, -1.87224114e+00,  1.07559852e-01,  1.91129506e-01,
          -4.01527047e-01, -2.36761141e+00, -1.89578676e+00, -1.38966954e+00,
          -1.70935166e+00, -2.27844262e+00, -2.05514121e+00, -3.74089658e-01,
          -1.89121056e+00, -1.52714205e+00, -3.41642886e-01,  4.69257012e-02,
           1.42045438e+00, -4.35278386e-01, -1.06658161e+00, -7.80607283e-01,
          -1.97746444e+00,  4.34417278e-04, -6.39450848e-01, -1.95826828e+00,
          -1.27241170e+00, -1.10734046e+00, -1.76885605e+00, -1.97721565e+00,
          -1.41027749e+00, -2.15588379e+00, -1.92806387e+00, -1.31374490e+00,
          -2.91914225e+00, -2.00341034e+00, -1.82614470e+00, -1.35083461e+00,
          -1.51747942e+00, -1.76745224e+00, -1.62184155e+00, -1.90967703e+00,
          -4.65749532e-01, -5.68955958e-01, -5.52304685e-02,  2.13632733e-02,
          -9.33142662e-01, -2.21062407e-01, -5.89407146e-01, -1.04107451e+00,
          -1.71657002e+00, -8.76353800e-01, -8.63356769e-01, -9.09300625e-01,
          -4.57283854e-01, -1.06529200e+00, -7.15345800e-01, -1.02853513e+00,
          -9.01075006e-01, -6.51753962e-01, -7.16832459e-01, -1.31749499e+00,
          -5.55104971e-01, -9.10613716e-01, -8.47036168e-02, -1.47990298e+00,
          -6.46969855e-01, -1.33295095e+00, -8.04006457e-01, -8.76334667e-01,
          -8.26893926e-01, -8.61548662e-01, -1.30579042e+00, -1.95094705e+00,
          -1.72366977e+00,  1.64600722e-02, -1.40231037e+00, -2.49519140e-01,
          -6.26522064e-01, -1.85317099e+00, -5.19115806e-01,  3.50706577e-01,
          -1.84093618e+00, -2.07619238e+00,  6.89689368e-02,  2.73929286e+00,
           7.98829019e-01,  6.16039932e-02,  6.66764915e-01, -6.35027349e-01,
          -1.53433084e-02,  9.60447967e-01,  3.63665730e-01, -4.26177591e-01,
          -1.52235496e+00,  2.73963451e+00, -1.65120125e+00,  3.02122760e+00,
           4.91815299e-01,  1.07727814e+00,  1.59362996e+00, -1.21165943e+00,
           2.14478254e+00,  9.07214224e-01,  2.13457823e+00,  1.88658404e+00,
           7.60933518e-01,  3.91671479e-01,  5.23804247e-01,  7.24167004e-02,
          -2.77705133e-01, -1.63514286e-01,  1.22257411e+00, -3.16396803e-01,
          -4.17803138e-01, -8.62271726e-01, -1.08996284e+00,  1.35335636e+00,
           8.57532501e-01,  9.34194505e-01,  1.98321593e+00,  2.52373481e+00,
          -9.25122559e-01,  8.19085836e-01,  1.74045491e+00,  7.77008176e-01,
          -5.75534552e-02,  1.56190324e+00,  1.01562274e+00,  2.52314639e+00,
          -8.91504407e-01,  9.40665603e-02,  3.77204108e+00,  2.37073004e-01,
          -5.51690876e-01,  3.91571403e-01, -5.30268371e-01,  1.60270834e+00,
           6.64728045e-01,  7.52896488e-01, -1.16679025e+00, -5.57360590e-01,
           8.83265138e-01,  2.40359306e+00, -3.60812783e-01,  9.44332719e-01,
          -9.23628569e-01,  1.29921436e+00,  2.15277696e+00,  1.82877064e-01,
           1.13180995e+00,  2.81957388e+00, -4.33602333e-01, -1.88933372e+00,
          -2.53609538e-01, -6.21520169e-02,  1.62789655e+00, -9.80325103e-01,
          -3.53354931e-01,  1.45284820e+00,  4.96450007e-01, -2.82459669e-02,
          -9.56498563e-01,  6.87420547e-01,  4.59643424e-01, -7.26597250e-01,
           2.28001785e+00,  9.33827341e-01,  4.28091705e-01, -3.77142072e-01,
           1.75246164e-01,  7.31480777e-01,  1.13940907e+00,  2.35359478e+00,
          -2.65727222e-01, -5.35559535e-01,  1.61823642e+00, -7.04702199e-01,
           1.78967655e-01,  1.40221667e+00,  1.08865666e+00,  7.53212214e-01,
           1.32317328e+00,  7.35574245e-01,  2.41625324e-01,  3.48410487e+00,
          -2.02375722e+00,  2.05495071e+00, -1.22870862e-01,  1.35982251e+00,
           5.44627070e-01,  6.40416980e-01, -1.68277788e+00,  9.99834955e-01,
           1.08815205e+00, -2.12926269e+00, -7.37645745e-01, -5.76258481e-01,
           8.83739889e-01,  2.98275650e-01,  7.83774734e-01, -3.32481742e-01,
          -4.43742871e-02,  4.58516985e-01, -1.32370442e-01, -1.46392584e-01,
           8.27617288e-01,  2.75718570e-01, -1.01313484e+00,  5.49097955e-01,
           7.36017823e-01, -6.38534486e-01,  8.76343131e-01,  2.10248423e+00,
          -2.44508088e-01,  7.95409024e-01,  1.43168032e+00,  1.31933200e+00,
           1.01896799e+00,  5.41513205e-01,  2.99467778e+00, -1.34955907e+00,
          -8.84326935e-01, -7.72790432e-01,  2.70739496e-02,  2.23617411e+00,
           4.61260974e-01, -8.89791667e-01,  1.50681376e+00,  5.65561831e-01,
          -1.11238575e+00,  8.99908602e-01,  8.26864958e-01, -2.15749288e+00,
           1.01045573e+00,  3.45417571e+00, -1.11595213e-01,  1.21262088e-01,
           1.70464861e+00,  2.03722811e+00,  4.69604522e-01, -8.41181934e-01,
           3.83894277e+00,  1.93569410e+00,  1.06291115e+00,  9.75574374e-01,
          -1.16017473e+00, -3.87850553e-01,  1.64167619e+00,  1.11565411e+00,
           5.52203059e-01,  3.25520813e-01, -4.59758162e-01,  5.53852856e-01,
           1.18331277e+00, -2.16937017e+00,  6.05547071e-01, -7.11196303e-01,
           1.06632984e+00, -1.27676117e+00, -1.50276050e-01, -1.01277232e+00,
          -7.27301478e-01,  7.45445907e-01,  2.14273405e+00,  9.90090787e-01,
          -2.31941029e-01, -6.24265373e-01, -2.31391668e+00,  2.36732453e-01,
           1.32372415e+00,  1.52282286e+00, -7.48952806e-01,  1.54881549e+00,
           2.13404679e+00,  1.40512550e+00,  1.63408303e+00,  4.70266438e+00,
           4.27940279e-01,  4.01468754e-01,  6.24440193e-01, -1.49267125e+00,
           1.71222389e+00,  3.71561825e-01,  1.70968604e+00,  7.90524483e-01,
           2.07914042e+00,  1.80466104e+00,  1.58324707e+00, -2.26485538e+00,
           1.25256038e+00,  1.76901329e+00,  1.67593849e+00, -2.38939837e-01,
           2.10161161e+00, -1.63386214e+00,  2.43906236e+00,  9.38736320e-01,
          -8.91371310e-01,  5.65903306e-01,  1.76140690e+00,  2.14753366e+00,
           6.62533104e-01,  1.84521401e+00,  1.70720959e+00,  3.01024675e+00,
           2.51269865e+00, -2.14729816e-01,  8.74697566e-02,  1.94090950e+00,
          -6.95442557e-01, -7.35761881e-01,  1.60987139e+00,  4.71703738e-01,
          -1.24654973e+00,  1.39861965e+00,  2.87417591e-01,  1.25116634e+00,
           3.36274886e+00,  1.18302256e-01, -1.69449568e+00,  4.61330801e-01,
           2.41899443e+00, -6.62862599e-01,  1.07989955e+00,  1.18294811e+00,
          -1.02478290e+00,  6.31515265e-01, -4.17414725e-01,  2.40510419e-01,
           1.76757407e+00, -1.57962704e+00,  5.19237876e-01,  1.23721313e+00,
           2.53264499e+00, -6.14730597e-01,  1.60596418e+00,  3.07921433e+00,
           5.81681788e-01,  4.40882295e-01, -6.84077859e-01,  2.41712904e+00,
          -3.66839349e-01,  1.86131179e+00, -4.87000719e-02,  8.90023112e-02,
           1.46630883e-01, -1.86978447e+00,  1.98888445e+00, -3.38374555e-01,
           3.00026655e+00, -2.10128576e-01, -7.69105196e-01,  4.20609176e-01,
          -1.42741874e-01,  2.31956577e+00, -2.18621895e-01, -1.18943393e+00,
          -1.63978517e-01,  1.79950666e+00, -5.02174608e-02, -4.77565266e-03,
          -4.48578179e-01,  5.26499987e-01,  1.13054430e+00,  1.77140132e-01,
           2.21955895e+00,  2.12990999e+00,  4.56058979e-01,  1.68432474e+00,
           5.61426990e-02, -1.20671071e-01,  3.06739867e-01, -7.50866711e-01,
           1.97744715e+00,  1.93507981e+00, -3.28214288e+00,  5.98326445e-01,
           1.79204786e+00,  6.41618907e-01, -7.13193297e-01,  4.87682104e-01,
           1.85360360e+00,  2.14525199e+00, -9.09257233e-01,  1.51107526e+00,
           1.87036514e+00,  1.20101178e+00,  6.40509367e-01, -1.21874416e+00,
           7.13421881e-01, -1.25789011e+00, -7.32691213e-02,  9.68358040e-01,
           1.31223345e+00,  1.98089111e+00, -3.53114754e-02,  1.26578879e+00,
           1.16484463e+00,  1.50786948e+00,  5.48132002e-01, -1.18135430e-01,
           2.80441910e-01, -1.52871621e+00,  6.18875682e-01, -2.56758370e-02,
           2.89846599e-01,  1.57071817e+00,  1.18627357e+00,  1.93796530e-02,
          -9.14198101e-01,  1.08783889e+00, -6.93190157e-01,  4.05692637e-01,
           1.46005201e+00,  9.25066173e-01, -2.06354332e+00,  2.08005142e+00,
          -1.41603634e-01,  1.38885701e+00, -1.37767065e+00,  1.22772622e+00,
           2.51853585e-01,  5.77754667e-03,  3.46575290e-01, -1.36633646e+00,
           1.47847787e-01,  2.81700468e+00,  3.59373450e-01,  2.26410910e-01,
           2.02910709e+00,  1.40994048e+00,  2.11527795e-01,  2.18990016e+00,
           1.68742585e+00,  1.51687324e+00,  1.76310873e+00, -1.10328221e+00,
           6.55590057e-01,  3.22810435e+00,  1.00106287e+00, -1.01187515e+00,
           8.86477768e-01, -2.13905364e-01,  6.36111051e-02,  6.48327768e-01,
           3.11430407e+00,  2.09391451e+00, -8.47376168e-01,  1.08616483e+00,
           1.13444316e+00,  8.48191500e-01,  1.18110907e+00,  6.64615691e-01,
          -1.33990479e+00,  1.72207785e+00, -5.08451700e-01,  2.14268613e+00,
           2.50386357e+00,  9.35676575e-01, -3.98588441e-02,  2.05317974e+00,
           7.99832284e-01,  1.38634932e+00,  6.61137104e-01, -8.15532506e-01,
           4.78665709e-01,  2.80356288e-01,  3.39450598e+00,  9.84520018e-01,
           1.81386757e+00,  2.92414218e-01, -5.94178885e-02,  7.75659740e-01,
          -9.99682128e-01,  2.98937201e+00,  3.53672773e-01,  1.09386817e-01,
           1.26533926e+00,  1.41117740e+00,  5.41825294e+00,  5.68197310e-01,
           1.15260136e+00,  2.30454779e+00,  1.41117966e+00,  3.14265728e+00,
          -5.59441507e-01, -2.25491434e-01, -1.12714328e-01, -4.82503444e-01,
           1.69223511e+00, -5.87700963e-01,  5.96216679e-01,  1.67332721e+00,
          -1.42011809e+00, -4.42756087e-01,  1.24357331e+00,  2.42521405e+00,
           1.85628140e+00,  1.79663444e+00,  1.52727067e-02,  7.59961426e-01,
          -1.64276630e-01, -5.05563378e-01,  1.98608136e+00,  7.61792362e-01,
          -1.24009216e+00, -5.25224566e-01, -2.23238006e-01,  9.47223604e-01,
           2.02269840e+00, -1.04550898e+00,  6.74709678e-01,  1.41311026e+00,
           1.10828233e+00, -1.65146518e+00,  5.53223014e-01,  1.85608685e+00,
          -1.06115735e+00, -3.94362062e-01,  2.76517081e+00, -1.08287859e+00,
           1.19617492e-01,  3.44707787e-01,  6.03110969e-01, -2.54382998e-01,
           1.60576332e+00,  1.09470868e+00,  1.94306421e+00,  3.56531650e-01,
           2.76871157e+00,  1.59066856e+00,  2.54969001e+00, -1.09127784e+00,
           6.48733556e-01, -4.04910862e-01, -2.19030589e-01,  3.76926589e+00,
           5.47862053e-01, -1.47096157e+00,  2.70720077e+00,  9.07750010e-01,
          -2.62241626e+00,  8.28618780e-02,  5.35732843e-02,  8.48398805e-01,
          -3.24663192e-01,  2.19894075e+00,  3.77970666e-01, -6.27344787e-01,
          -1.66893649e+00, -1.12642086e+00, -1.54114830e+00, -6.37404382e-01,
           2.02592063e+00,  1.64525926e+00, -1.42803460e-01,  8.79595518e-01,
           1.23174059e+00, -1.09336115e-01, -2.12811470e+00,  3.95997018e-01,
           2.10307884e+00,  8.82508695e-01, -1.53546542e-01,  1.28326428e+00,
           4.96495664e-01,  6.70648038e-01,  1.50085819e+00,  1.77396619e+00,
           4.04668748e-01,  3.38778400e+00,  6.64334834e-01,  1.67763078e+00,
          -2.59095013e-01,  1.05765951e+00, -1.24447429e+00,  2.80217558e-01,
           3.72139335e+00,  1.14817464e+00,  3.31662798e+00, -3.51584733e-01,
           2.00276613e+00,  2.29518914e+00,  1.37564456e+00,  1.08566487e+00,
           8.81378800e-02, -4.26124245e-01,  1.09349334e+00,  1.34077477e+00,
           5.40498734e+00,  5.69499063e+00,  3.71387410e+00, -1.60988808e-01,
           4.21993524e-01,  1.18687235e-01,  2.61533856e-01,  2.33016801e+00,
          -1.68239152e+00, -1.31707597e+00,  1.04741275e+00, -1.38559425e+00,
           1.90253103e+00,  4.29573298e-01,  3.11404109e-01,  1.07375123e-01,
           8.86102617e-01,  2.59238935e+00,  6.79731846e-01, -1.46452606e-01,
          -2.14586926e+00,  5.63704729e-01, -9.74411666e-01, -1.27103961e+00,
          -1.44240761e+00,  6.03501022e-01, -9.61025655e-01, -1.41611910e+00,
          -1.21171069e+00, -2.39546776e+00, -1.01314116e+00, -8.99369776e-01,
          -1.28311276e+00, -1.21811116e+00, -1.07853854e+00, -5.08995235e-01,
          -9.94228363e-01, -1.28854012e+00, -2.52304792e-01, -7.78704047e-01,
          -2.55713677e+00, -6.57356858e-01, -1.78215718e+00, -1.64310002e+00,
          -1.78153053e-01,  6.08199000e-01, -3.74727398e-01, -6.85888350e-01,
          -1.22080612e+00, -1.71337575e-01, -4.34287965e-01, -1.45203638e+00,
          -1.64673579e+00, -8.39457512e-01, -1.09973204e+00, -1.62031817e+00,
          -1.60554385e+00, -1.20501959e+00, -9.19557929e-01, -1.18678331e+00,
          -1.24244034e+00, -1.22038734e+00,  1.18682969e+00, -9.59205747e-01,
           7.43001699e-04, -4.04974818e-02, -1.16344047e+00,  1.37487364e+00,
          -7.49098837e-01, -7.48499930e-01,  1.80962944e+00,  4.33241934e-01,
          -9.56711531e-01,  1.92747653e-01, -1.88310444e-01, -1.36708283e+00,
           2.31129721e-01, -5.98768950e-01,  9.50525582e-01, -2.22417995e-01,
          -8.35399508e-01,  5.01487032e-02, -1.74124122e+00, -3.17633510e-01,
          -1.33887243e+00, -5.64467251e-01, -1.57237089e+00, -1.21635258e+00,
          -1.25064409e+00, -2.04268909e+00, -2.05471373e+00, -1.42896724e+00,
          -1.36248434e+00, -3.07392383e+00, -1.32491827e-01,  1.21433187e+00]]],
       device='cuda:0')
PGD attack margin (first 2 examples and 10 specs):
 tensor([[[0.33271539]]], device='cuda:0')
number of violation:  0
Attack finished in 9.3413 seconds.
PGD attack failed
verified_status unknown
verified_success False
Total VNNLIB file length: 1, max property batch size: 1, total number of batches: 1

Properties batch 0, size 1
Remaining timeout: 1137.59539270401
Verifying property 0 with 1 instances.
torch allclose failed: norm 8.889588571037166e-06
Model: BoundedModule(
  (/input-1): BoundInput(name=/input-1, inputs=[], perturbed=True)
  (/33): BoundParams(name=/33, inputs=[], perturbed=False)
  (/34): BoundParams(name=/34, inputs=[], perturbed=False)
  (/35): BoundParams(name=/35, inputs=[], perturbed=False)
  (/36): BoundParams(name=/36, inputs=[], perturbed=False)
  (/37): BoundParams(name=/37, inputs=[], perturbed=False)
  (/38): BoundParams(name=/38, inputs=[], perturbed=False)
  (/39): BoundParams(name=/39, inputs=[], perturbed=False)
  (/40): BoundParams(name=/40, inputs=[], perturbed=False)
  (/41): BoundParams(name=/41, inputs=[], perturbed=False)
  (/42): BoundParams(name=/42, inputs=[], perturbed=False)
  (/43): BoundParams(name=/43, inputs=[], perturbed=False)
  (/44): BoundParams(name=/44, inputs=[], perturbed=False)
  (/45): BoundParams(name=/45, inputs=[], perturbed=False)
  (/46): BoundParams(name=/46, inputs=[], perturbed=False)
  (/47): BoundParams(name=/47, inputs=[], perturbed=False)
  (/48): BoundParams(name=/48, inputs=[], perturbed=False)
  (/49): BoundParams(name=/49, inputs=[], perturbed=False)
  (/50): BoundParams(name=/50, inputs=[], perturbed=False)
  (/51): BoundParams(name=/51, inputs=[], perturbed=False)
  (/52): BoundParams(name=/52, inputs=[], perturbed=False)
  (/53): BoundParams(name=/53, inputs=[], perturbed=False)
  (/54): BoundParams(name=/54, inputs=[], perturbed=False)
  (/55): BoundParams(name=/55, inputs=[], perturbed=False)
  (/56): BoundParams(name=/56, inputs=[], perturbed=False)
  (/57): BoundParams(name=/57, inputs=[], perturbed=False)
  (/58): BoundParams(name=/58, inputs=[], perturbed=False)
  (/59): BoundParams(name=/59, inputs=[], perturbed=False)
  (/60): BoundParams(name=/60, inputs=[], perturbed=False)
  (/61): BoundParams(name=/61, inputs=[], perturbed=False)
  (/62): BoundParams(name=/62, inputs=[], perturbed=False)
  (/63): BoundParams(name=/63, inputs=[], perturbed=False)
  (/64): BoundParams(name=/64, inputs=[], perturbed=False)
  (/input): BoundConv(name=/input, inputs=[/input-1, /33, /34], perturbed=True)
  (/66): BoundRelu(name=/66, inputs=[/input], perturbed=True)
  (/input-4): BoundConv(name=/input-4, inputs=[/66, /35, /36], perturbed=True)
  (/68): BoundRelu(name=/68, inputs=[/input-4], perturbed=True)
  (/input-12): BoundConv(name=/input-12, inputs=[/input-8/add_3_4, /37, /38], perturbed=True)
  (/71): BoundRelu(name=/71, inputs=[/input-12], perturbed=True)
  (/input-16): BoundConv(name=/input-16, inputs=[/71, /39, /40], perturbed=True)
  (/73): BoundRelu(name=/73, inputs=[/input-16], perturbed=True)
  (/input-24): BoundConv(name=/input-24, inputs=[/input-20/add_3_4, /41, /42], perturbed=True)
  (/76): BoundRelu(name=/76, inputs=[/input-24], perturbed=True)
  (/input-28): BoundConv(name=/input-28, inputs=[/76, /43, /44], perturbed=True)
  (/78): BoundRelu(name=/78, inputs=[/input-28], perturbed=True)
  (/input-32): BoundConv(name=/input-32, inputs=[/78, /45, /46], perturbed=True)
  (/80): BoundRelu(name=/80, inputs=[/input-32], perturbed=True)
  (/input-40): BoundConv(name=/input-40, inputs=[/input-36/add_3_4, /47, /48], perturbed=True)
  (/83): BoundRelu(name=/83, inputs=[/input-40], perturbed=True)
  (/input-44): BoundConv(name=/input-44, inputs=[/83, /49, /50], perturbed=True)
  (/85): BoundRelu(name=/85, inputs=[/input-44], perturbed=True)
  (/input-48): BoundConv(name=/input-48, inputs=[/85, /51, /52], perturbed=True)
  (/87): BoundRelu(name=/87, inputs=[/input-48], perturbed=True)
  (/input-56): BoundConv(name=/input-56, inputs=[/input-52/add_3_4, /53, /54], perturbed=True)
  (/90): BoundRelu(name=/90, inputs=[/input-56], perturbed=True)
  (/input-60): BoundConv(name=/input-60, inputs=[/90, /55, /56], perturbed=True)
  (/92): BoundRelu(name=/92, inputs=[/input-60], perturbed=True)
  (/input-64): BoundConv(name=/input-64, inputs=[/92, /57, /58], perturbed=True)
  (/94): BoundRelu(name=/94, inputs=[/input-64], perturbed=True)
  (/96): BoundFlatten(name=/96, inputs=[/95/add_3_4], perturbed=True)
  (/input-68): BoundLinear(name=/input-68, inputs=[/96, /59, /60], perturbed=True)
  (/98): BoundRelu(name=/98, inputs=[/input-68], perturbed=True)
  (/99): BoundFlatten(name=/99, inputs=[/98], perturbed=True)
  (/input-72): BoundLinear(name=/input-72, inputs=[/99, /61, /62], perturbed=True)
  (/101): BoundRelu(name=/101, inputs=[/input-72], perturbed=True)
  (/102): BoundFlatten(name=/102, inputs=[/101], perturbed=True)
  (/103): BoundLinear(name=/103, inputs=[/102, /63, /64], perturbed=True)
  (/input-8/conv_1): BoundConv(name=/input-8/conv_1, inputs=[/68, /input-8/conv_1_w], perturbed=True)
  (/input-8/conv_1_relu): BoundRelu(name=/input-8/conv_1_relu, inputs=[/input-8/conv_1], perturbed=True)
  (/input-8/conv_1_w): BoundParams(name=/input-8/conv_1_w, inputs=[], perturbed=False)
  (/input-8/conv_2): BoundConv(name=/input-8/conv_2, inputs=[/68, /input-8/conv_2_w], perturbed=True)
  (/input-8/conv_2_w): BoundParams(name=/input-8/conv_2_w, inputs=[], perturbed=False)
  (/input-8/conv_3): BoundConv(name=/input-8/conv_3, inputs=[/input-8/add_1_2, /input-8/conv_3_w], perturbed=True)
  (/input-8/conv_3_relu): BoundRelu(name=/input-8/conv_3_relu, inputs=[/input-8/conv_3], perturbed=True)
  (/input-8/conv_3_w): BoundParams(name=/input-8/conv_3_w, inputs=[], perturbed=False)
  (/input-8/conv_4): BoundConv(name=/input-8/conv_4, inputs=[/input-8/add_1_2, /input-8/conv_4_w], perturbed=True)
  (/input-8/conv_4_w): BoundParams(name=/input-8/conv_4_w, inputs=[], perturbed=False)
  (/input-8/add_1_2): BoundAdd(name=/input-8/add_1_2, inputs=[/input-8/conv_1_relu, /input-8/conv_2], perturbed=True)
  (/input-8/add_3_4): BoundAdd(name=/input-8/add_3_4, inputs=[/input-8/conv_3_relu, /input-8/conv_4], perturbed=True)
  (/input-20/conv_1): BoundConv(name=/input-20/conv_1, inputs=[/73, /input-20/conv_1_w], perturbed=True)
  (/input-20/conv_1_relu): BoundRelu(name=/input-20/conv_1_relu, inputs=[/input-20/conv_1], perturbed=True)
  (/input-20/conv_1_w): BoundParams(name=/input-20/conv_1_w, inputs=[], perturbed=False)
  (/input-20/conv_2): BoundConv(name=/input-20/conv_2, inputs=[/73, /input-20/conv_2_w], perturbed=True)
  (/input-20/conv_2_w): BoundParams(name=/input-20/conv_2_w, inputs=[], perturbed=False)
  (/input-20/conv_3): BoundConv(name=/input-20/conv_3, inputs=[/input-20/add_1_2, /input-20/conv_3_w], perturbed=True)
  (/input-20/conv_3_relu): BoundRelu(name=/input-20/conv_3_relu, inputs=[/input-20/conv_3], perturbed=True)
  (/input-20/conv_3_w): BoundParams(name=/input-20/conv_3_w, inputs=[], perturbed=False)
  (/input-20/conv_4): BoundConv(name=/input-20/conv_4, inputs=[/input-20/add_1_2, /input-20/conv_4_w], perturbed=True)
  (/input-20/conv_4_w): BoundParams(name=/input-20/conv_4_w, inputs=[], perturbed=False)
  (/input-20/add_1_2): BoundAdd(name=/input-20/add_1_2, inputs=[/input-20/conv_1_relu, /input-20/conv_2], perturbed=True)
  (/input-20/add_3_4): BoundAdd(name=/input-20/add_3_4, inputs=[/input-20/conv_3_relu, /input-20/conv_4], perturbed=True)
  (/input-36/conv_1): BoundConv(name=/input-36/conv_1, inputs=[/80, /input-36/conv_1_w], perturbed=True)
  (/input-36/conv_1_relu): BoundRelu(name=/input-36/conv_1_relu, inputs=[/input-36/conv_1], perturbed=True)
  (/input-36/conv_1_w): BoundParams(name=/input-36/conv_1_w, inputs=[], perturbed=False)
  (/input-36/conv_2): BoundConv(name=/input-36/conv_2, inputs=[/80, /input-36/conv_2_w], perturbed=True)
  (/input-36/conv_2_w): BoundParams(name=/input-36/conv_2_w, inputs=[], perturbed=False)
  (/input-36/conv_3): BoundConv(name=/input-36/conv_3, inputs=[/input-36/add_1_2, /input-36/conv_3_w], perturbed=True)
  (/input-36/conv_3_relu): BoundRelu(name=/input-36/conv_3_relu, inputs=[/input-36/conv_3], perturbed=True)
  (/input-36/conv_3_w): BoundParams(name=/input-36/conv_3_w, inputs=[], perturbed=False)
  (/input-36/conv_4): BoundConv(name=/input-36/conv_4, inputs=[/input-36/add_1_2, /input-36/conv_4_w], perturbed=True)
  (/input-36/conv_4_w): BoundParams(name=/input-36/conv_4_w, inputs=[], perturbed=False)
  (/input-36/add_1_2): BoundAdd(name=/input-36/add_1_2, inputs=[/input-36/conv_1_relu, /input-36/conv_2], perturbed=True)
  (/input-36/add_3_4): BoundAdd(name=/input-36/add_3_4, inputs=[/input-36/conv_3_relu, /input-36/conv_4], perturbed=True)
  (/input-52/conv_1): BoundConv(name=/input-52/conv_1, inputs=[/87, /input-52/conv_1_w], perturbed=True)
  (/input-52/conv_1_relu): BoundRelu(name=/input-52/conv_1_relu, inputs=[/input-52/conv_1], perturbed=True)
  (/input-52/conv_1_w): BoundParams(name=/input-52/conv_1_w, inputs=[], perturbed=False)
  (/input-52/conv_2): BoundConv(name=/input-52/conv_2, inputs=[/87, /input-52/conv_2_w], perturbed=True)
  (/input-52/conv_2_w): BoundParams(name=/input-52/conv_2_w, inputs=[], perturbed=False)
  (/input-52/conv_3): BoundConv(name=/input-52/conv_3, inputs=[/input-52/add_1_2, /input-52/conv_3_w], perturbed=True)
  (/input-52/conv_3_relu): BoundRelu(name=/input-52/conv_3_relu, inputs=[/input-52/conv_3], perturbed=True)
  (/input-52/conv_3_w): BoundParams(name=/input-52/conv_3_w, inputs=[], perturbed=False)
  (/input-52/conv_4): BoundConv(name=/input-52/conv_4, inputs=[/input-52/add_1_2, /input-52/conv_4_w], perturbed=True)
  (/input-52/conv_4_w): BoundParams(name=/input-52/conv_4_w, inputs=[], perturbed=False)
  (/input-52/add_1_2): BoundAdd(name=/input-52/add_1_2, inputs=[/input-52/conv_1_relu, /input-52/conv_2], perturbed=True)
  (/input-52/add_3_4): BoundAdd(name=/input-52/add_3_4, inputs=[/input-52/conv_3_relu, /input-52/conv_4], perturbed=True)
  (/95/conv_1): BoundConv(name=/95/conv_1, inputs=[/94, /95/conv_1_w], perturbed=True)
  (/95/conv_1_relu): BoundRelu(name=/95/conv_1_relu, inputs=[/95/conv_1], perturbed=True)
  (/95/conv_1_w): BoundParams(name=/95/conv_1_w, inputs=[], perturbed=False)
  (/95/conv_2): BoundConv(name=/95/conv_2, inputs=[/94, /95/conv_2_w], perturbed=True)
  (/95/conv_2_w): BoundParams(name=/95/conv_2_w, inputs=[], perturbed=False)
  (/95/conv_3): BoundConv(name=/95/conv_3, inputs=[/95/add_1_2, /95/conv_3_w], perturbed=True)
  (/95/conv_3_relu): BoundRelu(name=/95/conv_3_relu, inputs=[/95/conv_3], perturbed=True)
  (/95/conv_3_w): BoundParams(name=/95/conv_3_w, inputs=[], perturbed=False)
  (/95/conv_4): BoundConv(name=/95/conv_4, inputs=[/95/add_1_2, /95/conv_4_w], perturbed=True)
  (/95/conv_4_w): BoundParams(name=/95/conv_4_w, inputs=[], perturbed=False)
  (/95/add_1_2): BoundAdd(name=/95/add_1_2, inputs=[/95/conv_1_relu, /95/conv_2], perturbed=True)
  (/95/add_3_4): BoundAdd(name=/95/add_3_4, inputs=[/95/conv_3_relu, /95/conv_4], perturbed=True)
)
Model prediction is: tensor([-3.23374897e-01,  1.25993276e+00, -6.49312794e-01, -8.51722419e-01,
        -8.44722748e-01,  5.77966012e-02, -5.85824847e-01, -1.81726205e+00,
        -1.59545255e+00, -2.06188583e+00, -9.75014925e-01, -3.10173690e-01,
        -5.79356730e-01, -1.08834982e+00, -4.07832891e-01, -5.02499402e-01,
        -1.06036723e+00, -1.47498560e+00, -1.14133763e+00, -1.00498521e+00,
        -1.48326075e+00, -2.47860238e-01, -4.27191019e-01, -1.27240264e+00,
        -5.98780990e-01, -1.53608990e+00, -4.50774550e-01, -1.05271363e+00,
        -1.16416073e+00, -2.52782047e-01, -2.29899502e+00, -4.01690632e-01,
        -1.25873172e+00, -1.86421049e+00, -1.29429781e+00, -1.77672899e+00,
        -2.55903870e-01, -2.31733894e+00, -2.15047553e-01, -1.73659718e+00,
        -4.48670805e-01, -1.99145675e+00, -1.94359100e+00, -1.32895613e+00,
        -1.03601718e+00, -1.19507658e+00, -3.96099389e-01, -1.51498699e+00,
        -2.47530532e+00, -8.66079509e-01, -6.27164766e-02, -2.27865958e+00,
        -7.48643696e-01, -4.81305748e-01, -1.32746744e+00, -1.77119637e+00,
        -9.93010998e-01, -1.95991206e+00, -7.01797962e-01, -9.38883126e-01,
        -1.05025363e+00, -1.48694587e+00, -1.67337298e+00, -1.53254747e-01,
        -8.56243670e-01, -7.93352544e-01, -1.38970923e+00, -1.04545355e+00,
        -1.87752545e+00, -1.75903821e+00, -3.97059947e-01,  2.65494913e-01,
         1.39809012e-01,  7.62598515e-01,  1.68720141e-01,  7.25448430e-01,
        -2.89523721e-01,  6.06783032e-01,  4.72842544e-01,  3.97495478e-01,
         8.34403187e-03, -2.20987892e+00, -1.43645346e+00, -1.35048616e+00,
        -1.12157845e+00, -1.23870468e+00, -1.86085117e+00, -2.22353429e-01,
        -1.49226442e-01, -1.26060987e+00, -8.92992914e-01, -1.63787961e+00,
        -6.80067837e-01, -1.10398674e+00, -6.72062159e-01, -1.76470876e+00,
        -4.28644031e-01, -1.50408936e+00, -2.22046942e-01, -5.65556347e-01,
         3.05108994e-01, -1.20561016e+00, -2.07812214e+00,  7.84087088e-03,
        -1.21075833e+00, -1.93832123e+00, -1.16309536e+00, -4.48296279e-01,
        -1.00365961e+00, -1.31975830e+00, -3.57460558e-01,  1.79291713e+00,
        -4.13406849e-01, -6.45587146e-01, -8.10935974e-01, -1.22828615e+00,
        -8.59716237e-01,  2.37150609e-01, -9.71217215e-01, -1.74893975e+00,
        -1.94706082e+00, -1.56955516e+00, -8.49206626e-01, -2.28312922e+00,
        -1.49578834e+00, -2.36651754e+00,  5.33633903e-02, -9.18724298e-01,
         1.13507032e-01, -2.17342619e-02, -4.36906815e-01, -7.55463719e-01,
         1.16398945e-01, -9.41377521e-01, -6.21638179e-01, -1.12513018e+00,
        -1.09774780e+00, -2.24915385e-01, -1.14907205e+00, -2.13922071e+00,
        -2.21819496e+00, -6.86064363e-01, -1.18282342e+00, -1.08655918e+00,
        -1.05132830e+00, -3.27309787e-01, -8.65827203e-01,  4.43165869e-01,
         5.20357847e-01, -1.00946382e-01, -9.09211218e-01,  4.27103966e-01,
        -5.50696135e-01,  6.62575543e-01, -2.61171699e-01, -4.34029639e-01,
        -4.60203171e-01,  3.65220867e-02, -6.80106580e-01, -9.07867312e-01,
        -6.92177176e-01, -4.14706618e-01, -1.46037385e-01, -5.12526155e-01,
        -7.79803693e-01, -6.18201792e-01, -8.66801679e-01, -7.88365483e-01,
        -2.00135648e-01, -2.17411622e-01, -6.25695467e-01, -4.46208000e-01,
        -1.21095288e+00, -3.73052992e-02, -4.90085542e-01, -5.42542160e-01,
        -1.62124801e+00, -4.28886414e-01, -1.26259089e-01, -1.22857964e+00,
        -1.00816524e+00, -1.31656766e-01, -2.52927125e-01,  3.02621543e-01,
         1.63451210e-01, -3.60626549e-01, -6.75302446e-02,  3.53005737e-01,
        -1.24018088e-01, -2.84414113e-01, -2.69214716e-03,  7.86883473e-01,
        -3.94713432e-01, -2.59982616e-01, -6.09116256e-01,  6.80910826e-01,
        -2.41571993e-01, -6.96557939e-01, -9.22590315e-01,  6.03986859e-01,
        -4.42951709e-01, -1.05162370e+00,  7.40631297e-03,  8.98701012e-01,
        -3.63622248e-01, -7.73654282e-01, -7.51509368e-01, -6.97418928e-01,
        -6.28836811e-01, -7.39216924e-01, -1.31428957e+00, -2.29577035e-01,
        -4.05035138e-01, -1.17379582e+00, -6.15617275e-01, -5.72186410e-01,
        -1.18706398e-01, -1.60057604e-01, -5.47596931e-01, -5.61936855e-01,
        -4.56319362e-01, -3.63766551e-01, -2.37598017e-01,  5.65796793e-01,
         2.04640031e-01, -9.11481261e-01, -4.43787813e-01, -5.61123490e-01,
        -6.28076017e-01,  9.28847075e-01, -4.70779777e-01, -8.97396356e-03,
        -8.15270305e-01,  2.15844214e-01, -2.97774673e-01, -2.15217352e-01,
        -3.72494966e-01, -6.76306784e-02, -9.12190735e-01, -1.34858757e-01,
        -5.22933662e-01, -9.07487452e-01, -1.64345145e-01, -1.49194670e+00,
        -8.33623528e-01, -9.87423807e-02, -1.00589216e+00, -3.61926526e-01,
         3.21084186e-02,  2.76747882e-01, -1.49913728e-02, -9.09071207e-01,
         2.12931439e-01,  2.05903113e-01,  2.23406643e-01, -9.67601895e-01,
        -6.84115112e-01,  5.16465545e-01,  6.51789188e-01,  6.53497934e-01,
         6.40929103e-01, -9.45010856e-02, -7.97873795e-01, -2.88805455e-01,
        -4.11579669e-01,  4.88324344e-01, -4.07395698e-02, -1.42893061e-01,
        -1.13031375e+00,  1.99559182e-01,  4.71964449e-01, -5.47411561e-01,
        -1.20226473e-01, -3.38162512e-01, -4.76443231e-01, -9.74787712e-01,
        -8.26301634e-01,  3.25386301e-02, -3.65355968e-01,  4.50294405e-01,
        -2.69318298e-02,  1.13605201e+00,  1.20890677e+00,  2.21135712e+00,
         1.81165981e+00,  9.54679310e-01, -1.10730445e+00, -1.21070832e-01,
        -1.03379548e+00, -1.08166850e+00, -1.39465249e+00, -1.15403211e+00,
        -8.16840231e-01, -5.70955992e-01, -1.02554679e+00, -7.67743707e-01,
         1.81326523e-01, -9.83224869e-01, -1.75358748e+00, -6.59106553e-01,
        -1.86714542e+00, -3.59055609e-01, -5.13643503e-01, -1.01449537e+00,
        -1.56193769e+00, -2.76970577e+00, -8.99803102e-01, -8.29905987e-01,
        -7.64529288e-01, -1.26300633e+00,  3.55434448e-01, -8.05027783e-02,
        -1.21081483e+00,  1.57958299e-01,  3.90474170e-01, -4.88149405e-01,
        -9.77444649e-01, -1.86085188e+00,  9.39645842e-02,  1.83132261e-01,
        -4.04616922e-01, -2.36953259e+00, -1.91736221e+00, -1.38545382e+00,
        -1.71594679e+00, -2.27751088e+00, -2.07614303e+00, -3.81574154e-01,
        -1.88944101e+00, -1.53201795e+00, -3.67802411e-01,  1.43199414e-03,
         1.40890527e+00, -3.61985356e-01, -1.09871840e+00, -8.43388796e-01,
        -1.99510109e+00, -1.42214559e-02, -6.22572422e-01, -1.99028981e+00,
        -1.28953123e+00, -1.12743723e+00, -1.80310071e+00, -2.01747155e+00,
        -1.40177798e+00, -2.19241357e+00, -1.92876649e+00, -1.33209836e+00,
        -2.93331861e+00, -2.04422235e+00, -1.88468504e+00, -1.41417670e+00,
        -1.54290187e+00, -1.83749676e+00, -1.65989602e+00, -1.96484673e+00,
        -4.79753822e-01, -6.11754239e-01, -6.57703951e-02,  6.01734221e-03,
        -9.51336145e-01, -2.70418584e-01, -6.14290774e-01, -1.05855536e+00,
        -1.75282383e+00, -9.19564068e-01, -9.15446043e-01, -9.49155807e-01,
        -5.23272455e-01, -1.13455975e+00, -7.50606060e-01, -1.08563530e+00,
        -9.45069253e-01, -6.76845670e-01, -7.58539677e-01, -1.36417747e+00,
        -5.83307207e-01, -9.47269678e-01, -8.03525448e-02, -1.52422285e+00,
        -6.75632536e-01, -1.36721456e+00, -8.18634927e-01, -9.14378226e-01,
        -8.78544927e-01, -8.80108476e-01, -1.34740663e+00, -2.00407243e+00,
        -1.74639380e+00, -1.49673708e-02, -1.43570030e+00, -2.35478848e-01,
        -6.81401551e-01, -1.81297505e+00, -5.38557470e-01,  3.20538938e-01,
        -1.83566308e+00, -2.06941032e+00,  8.35942477e-02,  2.79270887e+00,
         8.28639925e-01,  1.08265400e-01,  7.09286332e-01, -6.78962409e-01,
        -4.58862484e-02,  9.49847341e-01,  3.86565536e-01, -4.34163809e-01,
        -1.55281699e+00,  2.72414899e+00, -1.69457042e+00,  3.13249016e+00,
         4.95872051e-01,  1.04743052e+00,  1.66804445e+00, -1.17597747e+00,
         2.13226032e+00,  9.54378664e-01,  2.12875080e+00,  1.90694034e+00,
         7.87715912e-01,  4.01941210e-01,  5.55620313e-01,  1.07464910e-01,
        -2.46216685e-01, -1.53412461e-01,  1.20421958e+00, -3.35089505e-01,
        -4.20193285e-01, -8.85291815e-01, -1.11177957e+00,  1.45573163e+00,
         8.28797102e-01,  9.96826947e-01,  2.03862619e+00,  2.60223174e+00,
        -9.14881527e-01,  7.87933409e-01,  1.70081866e+00,  7.44066536e-01,
        -2.78242826e-02,  1.55502987e+00,  1.01304269e+00,  2.60851955e+00,
        -9.13407564e-01,  1.13434941e-01,  3.77663612e+00,  2.57384658e-01,
        -5.33541441e-01,  3.91210318e-01, -5.40302038e-01,  1.58818209e+00,
         7.29271948e-01,  7.64117777e-01, -1.14802265e+00, -4.85708356e-01,
         9.04416859e-01,  2.48683238e+00, -3.76406193e-01,  9.82609868e-01,
        -9.27067995e-01,  1.29239869e+00,  2.15752292e+00,  2.23785341e-01,
         1.13280332e+00,  2.79263711e+00, -4.05448437e-01, -1.88877976e+00,
        -2.48908877e-01, -8.71174335e-02,  1.63516843e+00, -9.76712644e-01,
        -3.52522463e-01,  1.43155003e+00,  5.62312841e-01,  1.08695515e-02,
        -9.15166259e-01,  6.66777611e-01,  4.87426668e-01, -7.19680786e-01,
         2.27321196e+00,  9.12392139e-01,  3.86559844e-01, -3.93917114e-01,
         1.29168704e-01,  7.25080550e-01,  1.17221177e+00,  2.38024616e+00,
        -2.50981241e-01, -5.36991596e-01,  1.63049638e+00, -7.41202712e-01,
         1.76044598e-01,  1.37208641e+00,  1.10279012e+00,  7.55773246e-01,
         1.35869527e+00,  7.48021722e-01,  2.60653764e-01,  3.45881271e+00,
        -2.04259396e+00,  2.11550522e+00, -9.24262628e-02,  1.35480905e+00,
         5.82576394e-01,  6.72980845e-01, -1.68438232e+00,  9.82545316e-01,
         1.10992396e+00, -2.08849049e+00, -7.73778617e-01, -5.87251127e-01,
         8.59897614e-01,  3.18108380e-01,  7.86015153e-01, -2.76211649e-01,
         3.51010263e-02,  4.62547213e-01, -1.16082825e-01, -1.56827927e-01,
         9.30559695e-01,  2.94988662e-01, -1.02029681e+00,  5.89484155e-01,
         7.47650743e-01, -6.42581880e-01,  9.09503579e-01,  2.10461211e+00,
        -2.16349021e-01,  8.55858564e-01,  1.41388440e+00,  1.32092071e+00,
         1.04950154e+00,  5.82219183e-01,  2.96921945e+00, -1.34993482e+00,
        -8.93347621e-01, -8.00956726e-01,  6.72283173e-02,  2.24145937e+00,
         3.95109951e-01, -8.68342161e-01,  1.53214955e+00,  6.09612882e-01,
        -1.11218059e+00,  9.28731740e-01,  8.40001822e-01, -2.17090750e+00,
         9.87249196e-01,  3.50718570e+00, -1.16090372e-01,  1.25096425e-01,
         1.75364804e+00,  2.00457931e+00,  4.47518826e-01, -8.33535910e-01,
         3.80121446e+00,  1.96782982e+00,  1.07141936e+00,  9.89126086e-01,
        -1.13629985e+00, -3.94321114e-01,  1.66545188e+00,  1.12059009e+00,
         6.10172212e-01,  3.46106052e-01, -4.50127482e-01,  5.54918587e-01,
         1.22927666e+00, -2.19165897e+00,  6.29047334e-01, -7.32579350e-01,
         1.07729125e+00, -1.29610014e+00, -1.85029477e-01, -1.01269078e+00,
        -7.37575591e-01,  7.53522277e-01,  2.22550249e+00,  1.05445278e+00,
        -2.03197554e-01, -5.66099048e-01, -2.29613066e+00,  1.72704175e-01,
         1.34276080e+00,  1.52056777e+00, -7.78764427e-01,  1.54374874e+00,
         2.18754601e+00,  1.44922054e+00,  1.60187566e+00,  4.75167513e+00,
         4.24494117e-01,  4.07088488e-01,  6.35927320e-01, -1.50802100e+00,
         1.66287172e+00,  3.74108195e-01,  1.75289142e+00,  7.69252002e-01,
         2.10418725e+00,  1.86847878e+00,  1.56425846e+00, -2.30258894e+00,
         1.23095405e+00,  1.80808413e+00,  1.74185622e+00, -2.22352922e-01,
         2.15046358e+00, -1.63828909e+00,  2.50857615e+00,  9.60389495e-01,
        -8.86307836e-01,  5.54042161e-01,  1.85833359e+00,  2.11627626e+00,
         6.57187402e-01,  1.89579546e+00,  1.71034956e+00,  3.07231665e+00,
         2.56687140e+00, -2.22561121e-01,  1.43873781e-01,  1.88112569e+00,
        -6.87773108e-01, -7.42626727e-01,  1.59949362e+00,  4.69916910e-01,
        -1.26071453e+00,  1.41228187e+00,  2.82327771e-01,  1.25038600e+00,
         3.32439661e+00,  1.00844562e-01, -1.72077858e+00,  4.35295284e-01,
         2.43603325e+00, -6.68519258e-01,  1.15800560e+00,  1.22871900e+00,
        -1.02946818e+00,  6.41227543e-01, -3.60792547e-01,  2.80214131e-01,
         1.77075696e+00, -1.59794235e+00,  5.22091389e-01,  1.23176944e+00,
         2.54773259e+00, -6.44139647e-01,  1.63166022e+00,  3.07160878e+00,
         6.37968838e-01,  4.00702327e-01, -6.83280051e-01,  2.49290800e+00,
        -3.67531031e-01,  1.81988966e+00, -2.67518535e-02,  1.26971886e-01,
         1.25944912e-01, -1.89255011e+00,  1.97538459e+00, -3.87631595e-01,
         3.03902435e+00, -2.14280874e-01, -8.15828383e-01,  4.54523802e-01,
        -1.38473555e-01,  2.41881633e+00, -2.17549041e-01, -1.19503891e+00,
        -1.32138044e-01,  1.82902932e+00, -9.08230841e-02, -5.89288250e-02,
        -4.93683934e-01,  4.98080909e-01,  1.16117156e+00,  2.35162705e-01,
         2.22408676e+00,  2.17947078e+00,  4.08439189e-01,  1.68009913e+00,
         4.25918140e-02, -1.60660759e-01,  2.77206838e-01, -7.11760342e-01,
         1.94103551e+00,  1.98948097e+00, -3.30599594e+00,  6.07150793e-01,
         1.81675100e+00,  6.35190845e-01, -7.29864419e-01,  5.09338498e-01,
         1.89238107e+00,  2.25198078e+00, -9.11825180e-01,  1.50909996e+00,
         1.85439730e+00,  1.23792076e+00,  6.20282888e-01, -1.21970654e+00,
         7.24999666e-01, -1.28290153e+00, -5.66247627e-02,  9.58273649e-01,
         1.25053680e+00,  2.06898689e+00, -3.13173383e-02,  1.29413462e+00,
         1.16785443e+00,  1.50585747e+00,  5.38052380e-01, -1.50918484e-01,
         3.25492680e-01, -1.54994464e+00,  6.08394861e-01, -4.96038422e-03,
         2.88232714e-01,  1.66764748e+00,  1.20853722e+00,  4.53511849e-02,
        -9.53498244e-01,  1.13007796e+00, -7.71098912e-01,  4.27860677e-01,
         1.49390197e+00,  9.11889017e-01, -2.08491564e+00,  2.09748793e+00,
        -1.30724043e-01,  1.38153565e+00, -1.38970160e+00,  1.30569696e+00,
         2.77181655e-01,  2.21960936e-02,  3.24521393e-01, -1.37550557e+00,
         1.50687382e-01,  2.82594943e+00,  3.59682381e-01,  2.12721497e-01,
         1.97129536e+00,  1.43144441e+00,  2.08241969e-01,  2.20818686e+00,
         1.71778083e+00,  1.52077866e+00,  1.85205400e+00, -1.11198866e+00,
         6.85704827e-01,  3.25529170e+00,  9.79467869e-01, -1.02144432e+00,
         8.97985697e-01, -2.07843900e-01,  7.88922161e-02,  6.62427306e-01,
         3.17034245e+00,  2.10215497e+00, -8.21978867e-01,  1.07333863e+00,
         1.15674424e+00,  8.52030635e-01,  1.15310812e+00,  6.77326560e-01,
        -1.33405280e+00,  1.72084260e+00, -4.93699223e-01,  2.13314486e+00,
         2.53123045e+00,  9.53951657e-01,  1.40914507e-02,  2.13824272e+00,
         8.00436139e-01,  1.36258042e+00,  6.69519782e-01, -8.03884864e-01,
         4.43589956e-01,  2.37721190e-01,  3.38840103e+00,  9.74449098e-01,
         1.82224309e+00,  3.17051411e-01, -3.84706408e-02,  7.74765790e-01,
        -9.89179671e-01,  3.00075030e+00,  3.80276650e-01,  1.37390733e-01,
         1.25742936e+00,  1.51115656e+00,  5.56826878e+00,  5.64191639e-01,
         1.16862452e+00,  2.38137960e+00,  1.37043107e+00,  3.21674943e+00,
        -5.59770346e-01, -1.90899342e-01, -1.21376373e-01, -5.21377027e-01,
         1.69039190e+00, -5.96932471e-01,  6.37873650e-01,  1.66036820e+00,
        -1.37005448e+00, -3.87331009e-01,  1.21947670e+00,  2.43245816e+00,
         1.82930481e+00,  1.79824936e+00, -1.82384625e-02,  7.98137426e-01,
        -1.26358524e-01, -5.20767987e-01,  2.00994086e+00,  8.31561387e-01,
        -1.26359892e+00, -5.44197261e-01, -1.92081213e-01,  1.00081193e+00,
         2.08776236e+00, -1.06898582e+00,  6.57434344e-01,  1.40853322e+00,
         1.13655484e+00, -1.63352442e+00,  5.68365574e-01,  1.89343226e+00,
        -1.07217336e+00, -4.39347595e-01,  2.82955003e+00, -1.12322724e+00,
         1.67628229e-01,  4.34079051e-01,  5.93778491e-01, -2.53545195e-01,
         1.64540303e+00,  1.14562082e+00,  2.01530027e+00,  3.95684302e-01,
         2.73724008e+00,  1.62979639e+00,  2.56612849e+00, -1.12644386e+00,
         6.18812919e-01, -3.66977662e-01, -1.56110913e-01,  3.76536894e+00,
         5.35549641e-01, -1.48008192e+00,  2.81154037e+00,  8.83923709e-01,
        -2.69686270e+00,  9.34349224e-02,  7.39543587e-02,  8.96981061e-01,
        -3.55207086e-01,  2.24090791e+00,  3.85142893e-01, -6.44236743e-01,
        -1.69291568e+00, -1.10925388e+00, -1.54529607e+00, -6.55730486e-01,
         2.08127189e+00,  1.70037806e+00, -1.28164992e-01,  8.11714232e-01,
         1.26679039e+00, -1.17551811e-01, -2.15845156e+00,  3.90187234e-01,
         2.18370056e+00,  8.74466121e-01, -1.87645882e-01,  1.39379692e+00,
         5.22197843e-01,  6.50696754e-01,  1.54553211e+00,  1.79906976e+00,
         4.33677465e-01,  3.40389991e+00,  6.90061033e-01,  1.75320530e+00,
        -2.89228678e-01,  1.10852432e+00, -1.27376151e+00,  2.54293829e-01,
         3.76501608e+00,  1.13996911e+00,  3.38581324e+00, -3.76711696e-01,
         2.02670693e+00,  2.31453490e+00,  1.43046963e+00,  1.12221956e+00,
         8.97491723e-02, -4.94188786e-01,  1.09294176e+00,  1.39458549e+00,
         5.42415476e+00,  5.78352118e+00,  3.74159765e+00, -1.29154801e-01,
         4.14864570e-01,  1.45410344e-01,  2.78087646e-01,  2.35813761e+00,
        -1.70343304e+00, -1.33134902e+00,  9.69255209e-01, -1.34347761e+00,
         1.93664944e+00,  4.54371363e-01,  3.30947936e-01,  8.45065787e-02,
         8.83351505e-01,  2.59076357e+00,  7.30100095e-01, -1.06625266e-01,
        -2.13407278e+00,  5.69228411e-01, -9.95546043e-01, -1.24914849e+00,
        -1.40897083e+00,  6.75010324e-01, -9.73551214e-01, -1.39665520e+00,
        -1.20948124e+00, -2.37212324e+00, -9.85241652e-01, -8.86305809e-01,
        -1.29663789e+00, -1.19492698e+00, -1.09923041e+00, -5.00907481e-01,
        -1.02483702e+00, -1.29641998e+00, -2.39427015e-01, -7.78618217e-01,
        -2.58858943e+00, -6.48146749e-01, -1.82027781e+00, -1.60128081e+00,
        -1.65266067e-01,  6.06948972e-01, -3.26067895e-01, -6.47286534e-01,
        -1.23729515e+00, -1.64118633e-01, -4.00914937e-01, -1.44487786e+00,
        -1.66842127e+00, -8.31101179e-01, -1.07072878e+00, -1.62347913e+00,
        -1.60102832e+00, -1.15969419e+00, -9.18113351e-01, -1.14912498e+00,
        -1.22197437e+00, -1.17995393e+00,  1.23153019e+00, -9.44851637e-01,
         3.26505974e-02, -4.70456928e-02, -1.16831458e+00,  1.43796587e+00,
        -7.77167559e-01, -7.58340657e-01,  1.77271879e+00,  4.16533709e-01,
        -9.95915174e-01,  1.98118016e-01, -2.06401542e-01, -1.39640808e+00,
         2.24850133e-01, -6.03534579e-01,  1.05732536e+00, -1.86244443e-01,
        -8.28832865e-01,  6.34267032e-02, -1.75595438e+00, -3.11288297e-01,
        -1.34978604e+00, -5.63652396e-01, -1.60669839e+00, -1.23428416e+00,
        -1.22507131e+00, -2.07165551e+00, -2.10377598e+00, -1.47980452e+00,
        -1.39289403e+00, -3.10271692e+00, -1.45663053e-01,  1.27832091e+00],
       device='cuda:0')
Clean RHS: tensor([[0.41029513]], device='cuda:0')
Split layers:
Nonlinear functions:
   BoundRelu(name=/66, inputs=[/input], perturbed=True)
   BoundRelu(name=/68, inputs=[/input-4], perturbed=True)
   BoundRelu(name=/71, inputs=[/input-12], perturbed=True)
   BoundRelu(name=/73, inputs=[/input-16], perturbed=True)
   BoundRelu(name=/76, inputs=[/input-24], perturbed=True)
   BoundRelu(name=/78, inputs=[/input-28], perturbed=True)
   BoundRelu(name=/80, inputs=[/input-32], perturbed=True)
   BoundRelu(name=/83, inputs=[/input-40], perturbed=True)
   BoundRelu(name=/85, inputs=[/input-44], perturbed=True)
   BoundRelu(name=/87, inputs=[/input-48], perturbed=True)
   BoundRelu(name=/90, inputs=[/input-56], perturbed=True)
   BoundRelu(name=/92, inputs=[/input-60], perturbed=True)
   BoundRelu(name=/94, inputs=[/input-64], perturbed=True)
   BoundRelu(name=/98, inputs=[/input-68], perturbed=True)
   BoundRelu(name=/101, inputs=[/input-72], perturbed=True)
   BoundRelu(name=/input-8/conv_1_relu, inputs=[/input-8/conv_1], perturbed=True)
   BoundRelu(name=/input-8/conv_3_relu, inputs=[/input-8/conv_3], perturbed=True)
   BoundRelu(name=/input-20/conv_1_relu, inputs=[/input-20/conv_1], perturbed=True)
   BoundRelu(name=/input-20/conv_3_relu, inputs=[/input-20/conv_3], perturbed=True)
   BoundRelu(name=/input-36/conv_1_relu, inputs=[/input-36/conv_1], perturbed=True)
   BoundRelu(name=/input-36/conv_3_relu, inputs=[/input-36/conv_3], perturbed=True)
   BoundRelu(name=/input-52/conv_1_relu, inputs=[/input-52/conv_1], perturbed=True)
   BoundRelu(name=/input-52/conv_3_relu, inputs=[/input-52/conv_3], perturbed=True)
   BoundRelu(name=/95/conv_1_relu, inputs=[/95/conv_1], perturbed=True)
   BoundRelu(name=/95/conv_3_relu, inputs=[/95/conv_3], perturbed=True)
Batched CROWN: node BoundConv(name=/input-4, inputs=[/66, /35, /36], perturbed=True), unstable size 94224
Batched CROWN: node BoundConv(name=/input-8/conv_1, inputs=[/68, /input-8/conv_1_w], perturbed=True), unstable size 245743
Batched CROWN: node BoundConv(name=/input-8/conv_3, inputs=[/input-8/add_1_2, /input-8/conv_3_w], perturbed=True), unstable size 27171
Batched CROWN: node BoundConv(name=/input-12, inputs=[/input-8/add_3_4, /37, /38], perturbed=True), unstable size 501116
Batched CROWN: node BoundConv(name=/input-16, inputs=[/71, /39, /40], perturbed=True), unstable size 1584896
Batched CROWN: node BoundConv(name=/input-20/conv_1, inputs=[/73, /input-20/conv_1_w], perturbed=True), unstable size 45305
Batched CROWN: node BoundConv(name=/input-20/conv_3, inputs=[/input-20/add_1_2, /input-20/conv_3_w], perturbed=True), unstable size 16735
Batched CROWN: node BoundConv(name=/input-24, inputs=[/input-20/add_3_4, /41, /42], perturbed=True), unstable size 383381
Batched CROWN: node BoundConv(name=/input-28, inputs=[/76, /43, /44], perturbed=True), unstable size 797515
Batched CROWN: node BoundConv(name=/input-32, inputs=[/78, /45, /46], perturbed=True), unstable size 249695
Batched CROWN: node BoundConv(name=/input-36/conv_1, inputs=[/80, /input-36/conv_1_w], perturbed=True), unstable size 33809
Batched CROWN: node BoundConv(name=/input-36/conv_3, inputs=[/input-36/add_1_2, /input-36/conv_3_w], perturbed=True), unstable size 22005
Batched CROWN: node BoundConv(name=/input-40, inputs=[/input-36/add_3_4, /47, /48], perturbed=True), unstable size 352105
Batched CROWN: node BoundConv(name=/input-44, inputs=[/83, /49, /50], perturbed=True), unstable size 337905
Batched CROWN: node BoundConv(name=/input-48, inputs=[/85, /51, /52], perturbed=True), unstable size 321407
Batched CROWN: node BoundConv(name=/input-52/conv_1, inputs=[/87, /input-52/conv_1_w], perturbed=True), unstable size 41331
Batched CROWN: node BoundConv(name=/input-52/conv_3, inputs=[/input-52/add_1_2, /input-52/conv_3_w], perturbed=True), unstable size 24099
Batched CROWN: node BoundConv(name=/input-56, inputs=[/input-52/add_3_4, /53, /54], perturbed=True), unstable size 99873
Batched CROWN: node BoundConv(name=/input-60, inputs=[/90, /55, /56], perturbed=True), unstable size 100351
Batched CROWN: node BoundConv(name=/input-64, inputs=[/92, /57, /58], perturbed=True), unstable size 100352
Batched CROWN: node BoundConv(name=/95/conv_1, inputs=[/94, /95/conv_1_w], perturbed=True), unstable size 50176
Batched CROWN: node BoundConv(name=/95/conv_3, inputs=[/95/add_1_2, /95/conv_3_w], perturbed=True), unstable size 25088
Batched CROWN: node BoundLinear(name=/input-68, inputs=[/96, /59, /60], perturbed=True), unstable size 4096
Batched CROWN: node BoundLinear(name=/input-72, inputs=[/99, /61, /62], perturbed=True), unstable size 4096
initial crown bounds: tensor([[-6.52519488e+08]], device='cuda:0')
Number of class (without rhs): 1 ; Worst class: (+ rhs) -652519488.0
Iteration 1
Adv attack time: 1.5815s
Batch size: 1
Current pickout batch: 1, total pickout batch: 1
Batched CROWN: node BoundConv(name=/input-4, inputs=[/66, /35, /36], perturbed=True), unstable size 94224
Batched CROWN: node BoundConv(name=/input-8/conv_1, inputs=[/68, /input-8/conv_1_w], perturbed=True), unstable size 245743
Batched CROWN: node BoundConv(name=/input-8/conv_3, inputs=[/input-8/add_1_2, /input-8/conv_3_w], perturbed=True), unstable size 27171
Batched CROWN: node BoundConv(name=/input-12, inputs=[/input-8/add_3_4, /37, /38], perturbed=True), unstable size 501116
Batched CROWN: node BoundConv(name=/input-16, inputs=[/71, /39, /40], perturbed=True), unstable size 1584896
Batched CROWN: node BoundConv(name=/input-20/conv_1, inputs=[/73, /input-20/conv_1_w], perturbed=True), unstable size 45305
Batched CROWN: node BoundConv(name=/input-20/conv_3, inputs=[/input-20/add_1_2, /input-20/conv_3_w], perturbed=True), unstable size 16735
Batched CROWN: node BoundConv(name=/input-24, inputs=[/input-20/add_3_4, /41, /42], perturbed=True), unstable size 383381
Batched CROWN: node BoundConv(name=/input-28, inputs=[/76, /43, /44], perturbed=True), unstable size 797515
Batched CROWN: node BoundConv(name=/input-32, inputs=[/78, /45, /46], perturbed=True), unstable size 249698
Batched CROWN: node BoundConv(name=/input-36/conv_1, inputs=[/80, /input-36/conv_1_w], perturbed=True), unstable size 33809
Batched CROWN: node BoundConv(name=/input-36/conv_3, inputs=[/input-36/add_1_2, /input-36/conv_3_w], perturbed=True), unstable size 22006
Batched CROWN: node BoundConv(name=/input-40, inputs=[/input-36/add_3_4, /47, /48], perturbed=True), unstable size 352105
Batched CROWN: node BoundConv(name=/input-44, inputs=[/83, /49, /50], perturbed=True), unstable size 337910
Batched CROWN: node BoundConv(name=/input-48, inputs=[/85, /51, /52], perturbed=True), unstable size 321409
Batched CROWN: node BoundConv(name=/input-52/conv_1, inputs=[/87, /input-52/conv_1_w], perturbed=True), unstable size 41331
Batched CROWN: node BoundConv(name=/input-52/conv_3, inputs=[/input-52/add_1_2, /input-52/conv_3_w], perturbed=True), unstable size 24101
Batched CROWN: node BoundConv(name=/input-56, inputs=[/input-52/add_3_4, /53, /54], perturbed=True), unstable size 99873
Batched CROWN: node BoundConv(name=/input-60, inputs=[/90, /55, /56], perturbed=True), unstable size 100351
Batched CROWN: node BoundConv(name=/input-64, inputs=[/92, /57, /58], perturbed=True), unstable size 100352
Batched CROWN: node BoundConv(name=/95/conv_1, inputs=[/94, /95/conv_1_w], perturbed=True), unstable size 50176
Batched CROWN: node BoundConv(name=/95/conv_3, inputs=[/95/add_1_2, /95/conv_3_w], perturbed=True), unstable size 25088
Batched CROWN: node BoundLinear(name=/input-68, inputs=[/96, /59, /60], perturbed=True), unstable size 4096
Batched CROWN: node BoundLinear(name=/input-72, inputs=[/99, /61, /62], perturbed=True), unstable size 4096
Worst bound: tensor([-6.52523712e+08], device='cuda:0')
Current (lb-rhs): -652523712.0
Total time: 3337.4404  pickout: 0.0009  split: 0.0019  decision: 0.0003  bounding: 3337.4020  clipping: 0.0000  add_domain: 0.0244  rest: 0.0108
Length of domains: 2
3 branch and bound domains visited
Time out!
Result: timeout
Time: 5060.403302431107
[rank 0] === Checking instance ID 788 ===
[rank 0] >>> ID 788 already done (results.csv / parts) — skipping
[rank 0] === Checking instance ID 789 ===
[rank 0] >>> Running ID=789 onnx=onnx/vgg16-7.onnx
Configurations:

general:
  device: cuda
  seed: 100
  conv_mode: patches
  deterministic: false
  double_fp: false
  loss_reduction_func: max
  sparse_alpha: true
  sparse_interm: true
  save_adv_example: false
  verify_onnxruntime_output: false
  eval_adv_example: false
  show_adv_example: false
  precompile_jit: false
  prepare_only: false
  complete_verifier: bab
  enable_incomplete_verification: false
  csv_name: instances.csv
  results_file: results/vggnet16_all_p_4/result_789.rank0.txt
  root_path: ../../vnncomp2023_benchmarks/benchmarks/vggnet16
  deterministic_opt: false
  graph_optimizer: 'Customized("custom_graph_optimizer", "maxpool_to_relu")'
  buffer_has_batchdim: false
  save_output: false
  output_file: out.pkl
  return_optimized_model: false
  output_additional_stats: true
  instance_id: 789
  dataset_output_dir: dataset
  min_stable_neurons_ratio_threshold: 0.0
model:
  name: null
  path: null
  onnx_path: /projects/air/dlverifier/vggnet16_all/onnx/vgg16-7.onnx
  onnx_path_prefix: ''
  cache_onnx_conversion: true
  debug_onnx: false
  onnx_quirks: null
  input_shape: null
  onnx_loader: default_onnx_and_vnnlib_loader
  onnx_optimization_flags: []
  onnx_vnnlib_joint_optimization_flags: none
  check_optimized: false
  flatten_final_output: false
  optimize_graph: null
  with_jacobian: false
data:
  start: 0
  end: 10000
  select_instance: null
  num_outputs: 1000
  mean: 0.0
  std: 1.0
  pkl_path: null
  dataset: null
  data_filter_path: null
  data_idx_file: null
specification:
  type: lp
  robustness_type: verified-acc
  norm: .inf
  epsilon: null
  epsilon_min: 0.0
  vnnlib_path: /projects/air/dlverifier/vggnet16_all/vnnlib/n02091134_whippet_fix_nonmask_seg0_k50176_eps_0.0002.vnnlib
  vnnlib_path_prefix: ''
  rhs_offset: null
solver:
  batch_size: 1
  auto_enlarge_batch_size: false
  min_batch_size_ratio: 0.1
  use_float64_in_last_iteration: false
  early_stop_patience: 10
  start_save_best: 0.5
  bound_prop_method: forward+backward
  init_bound_prop_method: same
  prune_after_crown: false
  optimize_disjuncts_separately: false
  crown:
    batch_size: 16
    max_crown_size: 1000000000
    relu_option: adaptive
  alpha-crown:
    alpha: true
    lr_alpha: 0.1
    iteration: 100
    share_alphas: false
    lr_decay: 0.98
    full_conv_alpha: true
    max_coeff_mul: .inf
    matmul_share_alphas: false
    disable_optimization: []
    max_time: 1.0
  invprop:
    apply_output_constraints_to: []
    tighten_input_bounds: false
    best_of_oc_and_no_oc: false
    directly_optimize: []
    oc_lr: 0.1
    share_gammas: false
  beta-crown:
    lr_alpha: 0.01
    lr_beta: 0.05
    lr_decay: 0.98
    optimizer: adam
    iteration: 10
    beta: true
    beta_warmup: true
    enable_opt_interm_bounds: false
    all_node_split_LP: false
  forward:
    refine: false
    dynamic: true
    max_dim: 100
    reset_threshold: 1.0
  intermediate_refinement:
    enabled: false
    batch_size: 10
    opt_coeffs: false
    opt_bias: false
    lr: 0.05
    layers: [-1]
    max_domains: 1000
  multi_class:
    label_batch_size: 32
    skip_with_refined_bound: true
  mip:
    unstable_neuron_threshold: 0
    parallel_solvers: null
    solver_threads: 1
    refine_neuron_timeout: 15
    refine_neuron_time_percentage: 0.8
    early_stop: true
    adv_warmup: true
    mip_solver: gurobi
    skip_unsafe: false
    topk_filter: 1.0
    sliding_window: -1
    extra_constraint: false
    refine_neuron_timeout_increasement: 0
    timeout_neuron_percentage: 0.3
    remaining_timeout_threshold: 1
    remove_unstable_neurons: true
    lp_solver: false
bab:
  initial_max_domains: 1
  backing_up_max_domain: null
  max_domains: .inf
  decision_thresh: 0
  timeout: 1200.0
  timeout_scale: 1
  max_iterations: -1
  override_timeout: null
  get_upper_bound: false
  pruning_in_iteration: true
  pruning_in_iteration_ratio: 0.2
  sort_targets: false
  batched_domain_list: true
  optimized_interm: ''
  interm_transfer: true
  recompute_interm: false
  sort_domain_interval: -1
  vanilla_crown: false
  tree_traversal: depth_first
  cut:
    enabled: false
    cuts_path: /tmp/abcrown_cuts
    implication: false
    bab_cut: false
    lp_cut: false
    method: null
    lr: 0.01
    lr_decay: 1.0
    iteration: 100
    bab_iteration: -1
    early_stop_patience: -1
    lr_beta: 0.02
    number_cuts: 50
    topk_cuts_in_filter: 1000
    batch_size_primal: 100
    max_num: 1000000000
    patches_cut: false
    cplex_cuts: false
    cplex_cuts_wait: 0
    cplex_cuts_revpickup: true
    cut_reference_bounds: true
    fix_intermediate_bounds: false
    _tmp_cuts: null
    fixed_cuts: false
    add_implied_cuts: false
    add_input_cuts: false
    biccos:
      enabled: false
      constraint_strengthening: true
      recursively_strengthening: false
      drop_ratio: 0.5
      verified_bonus: 0.3
      max_infer_iter: 20
      heuristic: neuron_influence_score
      save_biccos_cuts: false
      multi_tree_branching:
        enabled: false
        restore_best_tree: false
        keep_n_best_domains: 1
        k_splits: 1
        iterations: 1
  branching:
    method: sb
    candidates: 3
    reduceop: min
    enable_intermediate_bound_opt: false
    branching_input_and_activation: false
    branching_input_and_activation_order: [input, relu]
    branching_input_iterations: 30
    branching_relu_iterations: 50
    gnn_path: ''
    neural_heuristic:
      model_path: ''
    rl:
      experiment: general
      eval: false
      extras: []
      logging:
        color: true
        debug: true
        file: rl-experiment.log
      pnet:
        gH: 64
        tH: 64
        nheads: 64
        nlayers: 64
        useDynamicGraph: true
        bidirectional: false
        GAT: true
      training:
        gamma: 0.99
        lr: 0.001
        batchSize: 8
        loop: 8
        totalEpochs: 10
        updatePolicyFrequency: 10
        updateTargetFrequency: 10
        buffer: buffer.pkl
        preparedBuffer: 'False'
        TestingPreparedBuffer: false
        scriptTraining: false
        policynet: policy-checkpoint.pt
        targetnet: target-checkpoint.pt
        datasetShuffle: true
        targetedData: all
        splitRatio: 0.8
        maxInstances: -1
        trainingMode: full
        reward:
          norm: null
          bonus: 10.0
          penalty: -1.0
      egreedy:
        epsilon: 0.1
        epsilonDecay: 0.1
        minEpsilon: 0.1
        ePath: epsilon.pt
        enabled: true
      expert:
        useExpertUntilEpisode: 0.1
        enabled: true
        learnToImitateExpertEpochs: 10
    nonlinear_split:
      method: shortcut
      branching_point_method: uniform
      num_branches: 2
      filter: false
      filter_beta: false
      filter_clamp: false
      filter_batch_size: 10000
      filter_iterations: 25
      relu_only: false
      loose_tanh_threshold: null
      dynamic_bbps: false
      dynamic_options: [uniform, three_left, three_right]
      branching_point_node: ''
      branching_point_db: []
    input_split:
      enable_clip_domains: false
      split_hint: null
      reorder_bab: false
      enable: true
      enhanced_bound_prop_method: alpha-crown
      enhanced_branching_method: naive
      enhanced_bound_patience: 100000000.0
      attack_patience: 100000000.0
      adv_check: 0
      split_partitions: 2
      sb_margin_weight: 1.0
      sb_sum: false
      sb_primary_spec: null
      bf_backup_thresh: -1
      bf_rhs_offset: 0
      bf_iters: 1000000000.0
      bf_batch_size: 100000
      bf_zero_crossing_score: false
      touch_zero_score: 0
      ibp_enhancement: false
      catch_assertion: false
      compare_with_old_bounds: false
      update_rhs_with_attack: false
      sb_coeff_thresh: 0.001
      sort_index: null
      sort_descending: true
      show_progress: false
      presplit_domains: null
      skip_getting_worst_domain: false
  attack:
    enabled: false
    beam_candidates: 8
    beam_depth: 7
    max_dive_fix_ratio: 0.8
    min_local_free_ratio: 0.2
    mip_start_iteration: 5
    mip_timeout: 30.0
    adv_pool_threshold: null
    refined_mip_attacker: false
    refined_batch_size: null
attack:
  pgd_order: input_bab
  pgd_steps: 100
  pgd_restarts: 30
  pgd_batch_size: 100000000
  pgd_early_stop: true
  pgd_lr_decay: 0.99
  pgd_alpha: auto
  pgd_alpha_scale: false
  pgd_loss_mode: null
  pgd_restart_when_stuck: false
  enable_mip_attack: false
  adv_saver: default_adv_saver
  adv_verifier: default_adv_verifier
  early_stop_condition: default_early_stop_condition
  adv_example_finalizer: default_adv_example_finalizer
  pgd_loss: default_pgd_loss
  cex_path: ./test_cex.txt
  attack_mode: PGD
  attack_tolerance: 0.0
  attack_func: attack_with_general_specs
  gama_lambda: 10.0
  gama_decay: 0.9
  check_clean: true
  input_split:
    pgd_steps: 100
    pgd_restarts: 30
    pgd_alpha: auto
  input_split_enhanced:
    pgd_steps: 200
    pgd_restarts: 500000
    pgd_alpha: auto
  input_split_check_adv:
    enabled: auto
    pgd_steps: 5
    pgd_restarts: 5
    pgd_alpha: auto
    max_num_domains: 10
debug:
  sanity_check: Full+Graph
  view_model: false
  lp_test: null
  rescale_vnnlib_ptb: null
  test_optimized_bounds: false
  test_optimized_bounds_after_n_iterations: 0
  print_verbose_decisions: false

Experiments at Sat Feb 21 09:06:36 2026 on d1026
Internal results will be saved to results/vggnet16_all_p_4/result_789.rank0.txt.

[ZRL] %%%%%%%%%%%%%%%%%%%%%%%%%%%%%%%%%%% idx: 0, vnnlib ID: 0 %%%%%%%%%%%%%%%%%%%%%%%%%%%%%%%%%%%
Using onnx /projects/air/dlverifier/vggnet16_all/onnx/vgg16-7.onnx
Using vnnlib /projects/air/dlverifier/vggnet16_all/vnnlib/n02091134_whippet_fix_nonmask_seg0_k50176_eps_0.0002.vnnlib
Precompiled vnnlib file found at /projects/air/dlverifier/vggnet16_all/vnnlib/n02091134_whippet_fix_nonmask_seg0_k50176_eps_0.0002.vnnlib.compiled
Loading cached onnx model from /projects/air/dlverifier/vggnet16_all/onnx/vgg16-7.onnx.cached
Cannot read cached onnx file. Regenerating...
Loading onnx /projects/air/dlverifier/vggnet16_all/onnx/vgg16-7.onnx with quirks {}
Finished onnx model loading in 43.3212 seconds
Number of perturbed inputs: 148050
WARNING: prioritizing attack due to too many perturbed pixels on VGG
Setting arguments.Config["attack"]["pgd_order"] to "before"
Setting bound_prop_method to crown
Attack parameters: initialization=uniform, steps=100, restarts=30, alpha=5.000084638595581e-05, initialization=uniform, GAMA=False
Model output of first 5 examples:
 tensor([[-3.23375165e-01,  1.25993228e+00, -6.49312496e-01, -8.51722360e-01,
         -8.44722331e-01,  5.77966981e-02, -5.85824728e-01, -1.81726182e+00,
         -1.59545231e+00, -2.06188536e+00, -9.75014389e-01, -3.10173631e-01,
         -5.79356372e-01, -1.08834934e+00, -4.07832682e-01, -5.02498984e-01,
         -1.06036663e+00, -1.47498524e+00, -1.14133728e+00, -1.00498497e+00,
         -1.48326039e+00, -2.47859642e-01, -4.27190572e-01, -1.27240229e+00,
         -5.98780632e-01, -1.53608978e+00, -4.50774491e-01, -1.05271363e+00,
         -1.16416049e+00, -2.52781868e-01, -2.29899454e+00, -4.01690722e-01,
         -1.25873196e+00, -1.86421001e+00, -1.29429781e+00, -1.77672875e+00,
         -2.55904019e-01, -2.31733847e+00, -2.15047657e-01, -1.73659658e+00,
         -4.48670864e-01, -1.99145639e+00, -1.94359100e+00, -1.32895613e+00,
         -1.03601694e+00, -1.19507635e+00, -3.96099210e-01, -1.51498699e+00,
         -2.47530484e+00, -8.66079390e-01, -6.27163500e-02, -2.27865958e+00,
         -7.48643637e-01, -4.81305659e-01, -1.32746768e+00, -1.77119589e+00,
         -9.93010819e-01, -1.95991182e+00, -7.01797843e-01, -9.38883126e-01,
         -1.05025387e+00, -1.48694563e+00, -1.67337298e+00, -1.53254822e-01,
         -8.56243372e-01, -7.93352425e-01, -1.38970912e+00, -1.04545379e+00,
         -1.87752545e+00, -1.75903821e+00, -3.97059590e-01,  2.65495032e-01,
          1.39809489e-01,  7.62598753e-01,  1.68720514e-01,  7.25448787e-01,
         -2.89523661e-01,  6.06783390e-01,  4.72842842e-01,  3.97495419e-01,
          8.34412128e-03, -2.20987797e+00, -1.43645298e+00, -1.35048568e+00,
         -1.12157798e+00, -1.23870444e+00, -1.86085093e+00, -2.22353190e-01,
         -1.49226293e-01, -1.26060939e+00, -8.92992795e-01, -1.63787913e+00,
         -6.80067301e-01, -1.10398650e+00, -6.72062039e-01, -1.76470816e+00,
         -4.28643793e-01, -1.50408900e+00, -2.22046837e-01, -5.65556347e-01,
          3.05108964e-01, -1.20561016e+00, -2.07812190e+00,  7.84084108e-03,
         -1.21075809e+00, -1.93832088e+00, -1.16309536e+00, -4.48296458e-01,
         -1.00365961e+00, -1.31975818e+00, -3.57460797e-01,  1.79291654e+00,
         -4.13406849e-01, -6.45586967e-01, -8.10935855e-01, -1.22828615e+00,
         -8.59716117e-01,  2.37150699e-01, -9.71217275e-01, -1.74893963e+00,
         -1.94706070e+00, -1.56955516e+00, -8.49206865e-01, -2.28312898e+00,
         -1.49578822e+00, -2.36651731e+00,  5.33632413e-02, -9.18723822e-01,
          1.13507301e-01, -2.17340346e-02, -4.36906993e-01, -7.55463541e-01,
          1.16399214e-01, -9.41377282e-01, -6.21637940e-01, -1.12513006e+00,
         -1.09774756e+00, -2.24915177e-01, -1.14907181e+00, -2.13922024e+00,
         -2.21819472e+00, -6.86064124e-01, -1.18282306e+00, -1.08655882e+00,
         -1.05132830e+00, -3.27309668e-01, -8.65826666e-01,  4.43165869e-01,
          5.20357907e-01, -1.00946233e-01, -9.09210742e-01,  4.27104026e-01,
         -5.50696135e-01,  6.62575483e-01, -2.61171430e-01, -4.34029609e-01,
         -4.60203111e-01,  3.65219973e-02, -6.80106640e-01, -9.07867193e-01,
         -6.92176938e-01, -4.14706618e-01, -1.46037340e-01, -5.12526095e-01,
         -7.79803753e-01, -6.18201733e-01, -8.66801679e-01, -7.88365364e-01,
         -2.00135678e-01, -2.17411906e-01, -6.25695407e-01, -4.46208179e-01,
         -1.21095264e+00, -3.73054184e-02, -4.90085542e-01, -5.42542040e-01,
         -1.62124777e+00, -4.28886473e-01, -1.26259193e-01, -1.22857940e+00,
         -1.00816512e+00, -1.31656781e-01, -2.52927184e-01,  3.02621543e-01,
          1.63451180e-01, -3.60626489e-01, -6.75302595e-02,  3.53005826e-01,
         -1.24018103e-01, -2.84414023e-01, -2.69204285e-03,  7.86883593e-01,
         -3.94713372e-01, -2.59982586e-01, -6.09116197e-01,  6.80910587e-01,
         -2.41571933e-01, -6.96557701e-01, -9.22590137e-01,  6.03986859e-01,
         -4.42951649e-01, -1.05162370e+00,  7.40643218e-03,  8.98700774e-01,
         -3.63622189e-01, -7.73654282e-01, -7.51509249e-01, -6.97418809e-01,
         -6.28836691e-01, -7.39216864e-01, -1.31428945e+00, -2.29577035e-01,
         -4.05035347e-01, -1.17379582e+00, -6.15616977e-01, -5.72186470e-01,
         -1.18706524e-01, -1.60057604e-01, -5.47597110e-01, -5.61936736e-01,
         -4.56319600e-01, -3.63766551e-01, -2.37598106e-01,  5.65796614e-01,
          2.04639792e-01, -9.11481142e-01, -4.43787724e-01, -5.61123431e-01,
         -6.28076077e-01,  9.28846955e-01, -4.70779806e-01, -8.97413120e-03,
         -8.15270305e-01,  2.15844288e-01, -2.97774374e-01, -2.15217292e-01,
         -3.72494847e-01, -6.76305145e-02, -9.12190676e-01, -1.34858593e-01,
         -5.22933543e-01, -9.07487214e-01, -1.64345145e-01, -1.49194658e+00,
         -8.33623409e-01, -9.87423509e-02, -1.00589204e+00, -3.61926526e-01,
          3.21084335e-02,  2.76747912e-01, -1.49912760e-02, -9.09071088e-01,
          2.12931618e-01,  2.05903143e-01,  2.23406613e-01, -9.67601895e-01,
         -6.84114993e-01,  5.16465425e-01,  6.51789308e-01,  6.53497994e-01,
          6.40928984e-01, -9.45010558e-02, -7.97873616e-01, -2.88805395e-01,
         -4.11579669e-01,  4.88324523e-01, -4.07394804e-02, -1.42892912e-01,
         -1.13031363e+00,  1.99559286e-01,  4.71964508e-01, -5.47411561e-01,
         -1.20226309e-01, -3.38162512e-01, -4.76443201e-01, -9.74787593e-01,
         -8.26301455e-01,  3.25386673e-02, -3.65355998e-01,  4.50294465e-01,
         -2.69317999e-02,  1.13605201e+00,  1.20890653e+00,  2.21135664e+00,
          1.81165957e+00,  9.54679310e-01, -1.10730445e+00, -1.21070504e-01,
         -1.03379536e+00, -1.08166826e+00, -1.39465261e+00, -1.15403211e+00,
         -8.16840053e-01, -5.70955813e-01, -1.02554667e+00, -7.67743647e-01,
          1.81326747e-01, -9.83224750e-01, -1.75358725e+00, -6.59106314e-01,
         -1.86714494e+00, -3.59055310e-01, -5.13643086e-01, -1.01449525e+00,
         -1.56193733e+00, -2.76970530e+00, -8.99802804e-01, -8.29905629e-01,
         -7.64528930e-01, -1.26300633e+00,  3.55434269e-01, -8.05024654e-02,
         -1.21081448e+00,  1.57958537e-01,  3.90474349e-01, -4.88149047e-01,
         -9.77444291e-01, -1.86085188e+00,  9.39647481e-02,  1.83132499e-01,
         -4.04616773e-01, -2.36953235e+00, -1.91736197e+00, -1.38545358e+00,
         -1.71594644e+00, -2.27751064e+00, -2.07614255e+00, -3.81574064e-01,
         -1.88944077e+00, -1.53201771e+00, -3.67802173e-01,  1.43221021e-03,
          1.40890539e+00, -3.61985356e-01, -1.09871840e+00, -8.43388557e-01,
         -1.99510086e+00, -1.42215006e-02, -6.22572660e-01, -1.99028981e+00,
         -1.28953111e+00, -1.12743747e+00, -1.80310082e+00, -2.01747155e+00,
         -1.40177798e+00, -2.19241357e+00, -1.92876637e+00, -1.33209813e+00,
         -2.93331814e+00, -2.04422188e+00, -1.88468468e+00, -1.41417634e+00,
         -1.54290164e+00, -1.83749652e+00, -1.65989578e+00, -1.96484661e+00,
         -4.79753733e-01, -6.11754119e-01, -6.57704100e-02,  6.01752102e-03,
         -9.51335847e-01, -2.70418525e-01, -6.14290714e-01, -1.05855548e+00,
         -1.75282347e+00, -9.19563651e-01, -9.15445626e-01, -9.49155390e-01,
         -5.23272157e-01, -1.13455951e+00, -7.50605702e-01, -1.08563507e+00,
         -9.45069075e-01, -6.76845551e-01, -7.58539319e-01, -1.36417699e+00,
         -5.83307028e-01, -9.47269320e-01, -8.03521499e-02, -1.52422237e+00,
         -6.75632179e-01, -1.36721432e+00, -8.18634629e-01, -9.14378107e-01,
         -8.78544748e-01, -8.80108595e-01, -1.34740651e+00, -2.00407195e+00,
         -1.74639356e+00, -1.49677135e-02, -1.43570018e+00, -2.35479176e-01,
         -6.81401670e-01, -1.81297493e+00, -5.38557589e-01,  3.20538700e-01,
         -1.83566272e+00, -2.06941032e+00,  8.35942179e-02,  2.79270840e+00,
          8.28639448e-01,  1.08265139e-01,  7.09286213e-01, -6.78962290e-01,
         -4.58860695e-02,  9.49847400e-01,  3.86565089e-01, -4.34163839e-01,
         -1.55281675e+00,  2.72414899e+00, -1.69457018e+00,  3.13248968e+00,
          4.95872229e-01,  1.04743040e+00,  1.66804421e+00, -1.17597747e+00,
          2.13226032e+00,  9.54378664e-01,  2.12875080e+00,  1.90693986e+00,
          7.87715733e-01,  4.01941121e-01,  5.55620372e-01,  1.07464902e-01,
         -2.46216774e-01, -1.53412744e-01,  1.20421946e+00, -3.35089415e-01,
         -4.20193344e-01, -8.85291517e-01, -1.11177933e+00,  1.45573127e+00,
          8.28796983e-01,  9.96826947e-01,  2.03862596e+00,  2.60223150e+00,
         -9.14881349e-01,  7.87933111e-01,  1.70081818e+00,  7.44066060e-01,
         -2.78241932e-02,  1.55502951e+00,  1.01304257e+00,  2.60851908e+00,
         -9.13407445e-01,  1.13435209e-01,  3.77663541e+00,  2.57384688e-01,
         -5.33541381e-01,  3.91210049e-01, -5.40301621e-01,  1.58818197e+00,
          7.29271591e-01,  7.64117658e-01, -1.14802265e+00, -4.85708326e-01,
          9.04416561e-01,  2.48683190e+00, -3.76406431e-01,  9.82609510e-01,
         -9.27068055e-01,  1.29239833e+00,  2.15752244e+00,  2.23785192e-01,
          1.13280284e+00,  2.79263663e+00, -4.05448169e-01, -1.88877976e+00,
         -2.48909116e-01, -8.71176571e-02,  1.63516784e+00, -9.76712584e-01,
         -3.52522582e-01,  1.43155003e+00,  5.62312543e-01,  1.08696260e-02,
         -9.15166378e-01,  6.66777313e-01,  4.87426639e-01, -7.19680786e-01,
          2.27321196e+00,  9.12391961e-01,  3.86559844e-01, -3.93917501e-01,
          1.29168734e-01,  7.25080550e-01,  1.17221129e+00,  2.38024640e+00,
         -2.50981271e-01, -5.36991417e-01,  1.63049591e+00, -7.41202891e-01,
          1.76044673e-01,  1.37208629e+00,  1.10279012e+00,  7.55773365e-01,
          1.35869503e+00,  7.48021424e-01,  2.60653406e-01,  3.45881224e+00,
         -2.04259372e+00,  2.11550450e+00, -9.24263597e-02,  1.35480893e+00,
          5.82576394e-01,  6.72980905e-01, -1.68438232e+00,  9.82545435e-01,
          1.10992408e+00, -2.08849072e+00, -7.73778796e-01, -5.87251127e-01,
          8.59897792e-01,  3.18108261e-01,  7.86014915e-01, -2.76211739e-01,
          3.51008475e-02,  4.62547123e-01, -1.16082661e-01, -1.56827912e-01,
          9.30559754e-01,  2.94988662e-01, -1.02029669e+00,  5.89484096e-01,
          7.47650385e-01, -6.42581999e-01,  9.09503579e-01,  2.10461211e+00,
         -2.16348976e-01,  8.55858624e-01,  1.41388428e+00,  1.32092047e+00,
          1.04950154e+00,  5.82218647e-01,  2.96921945e+00, -1.34993482e+00,
         -8.93347681e-01, -8.00956249e-01,  6.72283769e-02,  2.24145889e+00,
          3.95109743e-01, -8.68342161e-01,  1.53214931e+00,  6.09612942e-01,
         -1.11218083e+00,  9.28731859e-01,  8.40001583e-01, -2.17090750e+00,
          9.87249315e-01,  3.50718522e+00, -1.16089970e-01,  1.25096574e-01,
          1.75364792e+00,  2.00457907e+00,  4.47518766e-01, -8.33536208e-01,
          3.80121350e+00,  1.96782947e+00,  1.07141924e+00,  9.89126086e-01,
         -1.13629961e+00, -3.94321054e-01,  1.66545141e+00,  1.12058985e+00,
          6.10172033e-01,  3.46105516e-01, -4.50127542e-01,  5.54918647e-01,
          1.22927630e+00, -2.19165874e+00,  6.29046917e-01, -7.32579350e-01,
          1.07729101e+00, -1.29610026e+00, -1.85029238e-01, -1.01269078e+00,
         -7.37575412e-01,  7.53522038e-01,  2.22550225e+00,  1.05445266e+00,
         -2.03197613e-01, -5.66098988e-01, -2.29613042e+00,  1.72704190e-01,
          1.34276068e+00,  1.52056789e+00, -7.78764427e-01,  1.54374862e+00,
          2.18754554e+00,  1.44922078e+00,  1.60187566e+00,  4.75167418e+00,
          4.24494445e-01,  4.07088369e-01,  6.35927141e-01, -1.50802088e+00,
          1.66287124e+00,  3.74108166e-01,  1.75289130e+00,  7.69251764e-01,
          2.10418701e+00,  1.86847854e+00,  1.56425822e+00, -2.30258894e+00,
          1.23095405e+00,  1.80808425e+00,  1.74185610e+00, -2.22353220e-01,
          2.15046263e+00, -1.63828862e+00,  2.50857592e+00,  9.60389137e-01,
         -8.86307776e-01,  5.54042399e-01,  1.85833311e+00,  2.11627603e+00,
          6.57187104e-01,  1.89579523e+00,  1.71034956e+00,  3.07231569e+00,
          2.56687140e+00, -2.22561210e-01,  1.43874019e-01,  1.88112557e+00,
         -6.87773228e-01, -7.42626905e-01,  1.59949338e+00,  4.69916850e-01,
         -1.26071465e+00,  1.41228175e+00,  2.82327861e-01,  1.25038600e+00,
          3.32439590e+00,  1.00844599e-01, -1.72077858e+00,  4.35295314e-01,
          2.43603253e+00, -6.68519258e-01,  1.15800560e+00,  1.22871900e+00,
         -1.02946830e+00,  6.41227484e-01, -3.60792607e-01,  2.80213982e-01,
          1.77075672e+00, -1.59794235e+00,  5.22091210e-01,  1.23176908e+00,
          2.54773259e+00, -6.44139707e-01,  1.63166022e+00,  3.07160878e+00,
          6.37968719e-01,  4.00702149e-01, -6.83279872e-01,  2.49290752e+00,
         -3.67530853e-01,  1.81988966e+00, -2.67520770e-02,  1.26971975e-01,
          1.25944972e-01, -1.89254987e+00,  1.97538459e+00, -3.87631774e-01,
          3.03902388e+00, -2.14281052e-01, -8.15828204e-01,  4.54523593e-01,
         -1.38473645e-01,  2.41881609e+00, -2.17549041e-01, -1.19503880e+00,
         -1.32138371e-01,  1.82902932e+00, -9.08230692e-02, -5.89288548e-02,
         -4.93683815e-01,  4.98081058e-01,  1.16117132e+00,  2.35162914e-01,
          2.22408652e+00,  2.17947102e+00,  4.08439130e-01,  1.68009913e+00,
          4.25915681e-02, -1.60660788e-01,  2.77206838e-01, -7.11760402e-01,
          1.94103539e+00,  1.98948097e+00, -3.30599570e+00,  6.07150793e-01,
          1.81675053e+00,  6.35190547e-01, -7.29864776e-01,  5.09338200e-01,
          1.89238083e+00,  2.25198054e+00, -9.11825478e-01,  1.50909972e+00,
          1.85439754e+00,  1.23792076e+00,  6.20282769e-01, -1.21970642e+00,
          7.24999428e-01, -1.28290129e+00, -5.66245988e-02,  9.58273649e-01,
          1.25053656e+00,  2.06898618e+00, -3.13172191e-02,  1.29413450e+00,
          1.16785407e+00,  1.50585783e+00,  5.38052380e-01, -1.50918543e-01,
          3.25492531e-01, -1.54994464e+00,  6.08394563e-01, -4.96020913e-03,
          2.88232595e-01,  1.66764724e+00,  1.20853722e+00,  4.53512073e-02,
         -9.53497946e-01,  1.13007760e+00, -7.71099091e-01,  4.27860528e-01,
          1.49390149e+00,  9.11889136e-01, -2.08491564e+00,  2.09748793e+00,
         -1.30723909e-01,  1.38153529e+00, -1.38970149e+00,  1.30569649e+00,
          2.77181745e-01,  2.21960936e-02,  3.24521452e-01, -1.37550569e+00,
          1.50687560e-01,  2.82594848e+00,  3.59683007e-01,  2.12721273e-01,
          1.97129536e+00,  1.43144441e+00,  2.08242163e-01,  2.20818686e+00,
          1.71778047e+00,  1.52077830e+00,  1.85205352e+00, -1.11198866e+00,
          6.85704768e-01,  3.25529122e+00,  9.79468107e-01, -1.02144432e+00,
          8.97985637e-01, -2.07843602e-01,  7.88921416e-02,  6.62427366e-01,
          3.17034268e+00,  2.10215497e+00, -8.21978986e-01,  1.07333839e+00,
          1.15674400e+00,  8.52030516e-01,  1.15310812e+00,  6.77326381e-01,
         -1.33405244e+00,  1.72084236e+00, -4.93699133e-01,  2.13314462e+00,
          2.53123021e+00,  9.53951597e-01,  1.40912272e-02,  2.13824224e+00,
          8.00435901e-01,  1.36257982e+00,  6.69520020e-01, -8.03884804e-01,
          4.43589956e-01,  2.37720937e-01,  3.38840079e+00,  9.74449337e-01,
          1.82224298e+00,  3.17051083e-01, -3.84704024e-02,  7.74765670e-01,
         -9.89179671e-01,  3.00075030e+00,  3.80276442e-01,  1.37390643e-01,
          1.25742900e+00,  1.51115632e+00,  5.56826830e+00,  5.64191401e-01,
          1.16862416e+00,  2.38137889e+00,  1.37043059e+00,  3.21674919e+00,
         -5.59770405e-01, -1.90899163e-01, -1.21376403e-01, -5.21377027e-01,
          1.69039202e+00, -5.96932113e-01,  6.37873709e-01,  1.66036797e+00,
         -1.37005472e+00, -3.87331039e-01,  1.21947682e+00,  2.43245769e+00,
          1.82930470e+00,  1.79824924e+00, -1.82385892e-02,  7.98137665e-01,
         -1.26358420e-01, -5.20767987e-01,  2.00994062e+00,  8.31560791e-01,
         -1.26359880e+00, -5.44197381e-01, -1.92081466e-01,  1.00081182e+00,
          2.08776188e+00, -1.06898582e+00,  6.57434404e-01,  1.40853298e+00,
          1.13655448e+00, -1.63352430e+00,  5.68365514e-01,  1.89343190e+00,
         -1.07217324e+00, -4.39347357e-01,  2.82954931e+00, -1.12322700e+00,
          1.67628318e-01,  4.34078991e-01,  5.93778670e-01, -2.53545344e-01,
          1.64540279e+00,  1.14562035e+00,  2.01530004e+00,  3.95684242e-01,
          2.73724008e+00,  1.62979615e+00,  2.56612802e+00, -1.12644374e+00,
          6.18812621e-01, -3.66977453e-01, -1.56110704e-01,  3.76536870e+00,
          5.35549521e-01, -1.48008180e+00,  2.81153893e+00,  8.83923590e-01,
         -2.69686246e+00,  9.34343860e-02,  7.39541948e-02,  8.96981239e-01,
         -3.55207413e-01,  2.24090815e+00,  3.85142475e-01, -6.44236624e-01,
         -1.69291580e+00, -1.10925400e+00, -1.54529595e+00, -6.55730724e-01,
          2.08127141e+00,  1.70037770e+00, -1.28165156e-01,  8.11714172e-01,
          1.26679015e+00, -1.17551811e-01, -2.15845108e+00,  3.90187114e-01,
          2.18370056e+00,  8.74466240e-01, -1.87645584e-01,  1.39379632e+00,
          5.22197664e-01,  6.50696576e-01,  1.54553211e+00,  1.79906976e+00,
          4.33677107e-01,  3.40389872e+00,  6.90060914e-01,  1.75320458e+00,
         -2.89228946e-01,  1.10852385e+00, -1.27376115e+00,  2.54293889e-01,
          3.76501608e+00,  1.13996875e+00,  3.38581252e+00, -3.76711220e-01,
          2.02670693e+00,  2.31453538e+00,  1.43046951e+00,  1.12221932e+00,
          8.97493511e-02, -4.94188905e-01,  1.09294152e+00,  1.39458525e+00,
          5.42415380e+00,  5.78352070e+00,  3.74159741e+00, -1.29154593e-01,
          4.14864510e-01,  1.45410508e-01,  2.78087586e-01,  2.35813713e+00,
         -1.70343316e+00, -1.33134878e+00,  9.69255149e-01, -1.34347761e+00,
          1.93664944e+00,  4.54370886e-01,  3.30947995e-01,  8.45065191e-02,
          8.83351445e-01,  2.59076262e+00,  7.30099857e-01, -1.06625400e-01,
         -2.13407278e+00,  5.69228351e-01, -9.95546043e-01, -1.24914849e+00,
         -1.40897083e+00,  6.75010085e-01, -9.73551214e-01, -1.39665508e+00,
         -1.20948112e+00, -2.37212324e+00, -9.85241652e-01, -8.86305809e-01,
         -1.29663754e+00, -1.19492638e+00, -1.09923005e+00, -5.00907421e-01,
         -1.02483714e+00, -1.29641986e+00, -2.39427224e-01, -7.78617978e-01,
         -2.58858895e+00, -6.48146570e-01, -1.82027757e+00, -1.60128057e+00,
         -1.65265858e-01,  6.06948853e-01, -3.26068074e-01, -6.47286654e-01,
         -1.23729467e+00, -1.64118558e-01, -4.00914997e-01, -1.44487762e+00,
         -1.66842091e+00, -8.31101060e-01, -1.07072878e+00, -1.62347889e+00,
         -1.60102820e+00, -1.15969408e+00, -9.18113589e-01, -1.14912510e+00,
         -1.22197449e+00, -1.17995417e+00,  1.23153019e+00, -9.44851398e-01,
          3.26506868e-02, -4.70457524e-02, -1.16831446e+00,  1.43796587e+00,
         -7.77167559e-01, -7.58340657e-01,  1.77271867e+00,  4.16533321e-01,
         -9.95915055e-01,  1.98118001e-01, -2.06401885e-01, -1.39640832e+00,
          2.24849463e-01, -6.03534698e-01,  1.05732536e+00, -1.86244398e-01,
         -8.28832984e-01,  6.34267330e-02, -1.75595438e+00, -3.11288327e-01,
         -1.34978557e+00, -5.63652158e-01, -1.60669804e+00, -1.23428428e+00,
         -1.22507131e+00, -2.07165527e+00, -2.10377598e+00, -1.47980440e+00,
         -1.39289403e+00, -3.10271645e+00, -1.45663053e-01,  1.27832103e+00]],
       device='cuda:0')
Adv example prediction (first 2 examples and 2 restarts):
 tensor([[[-3.10272753e-01,  1.24169946e+00, -6.43072188e-01, -8.29306304e-01,
          -8.41755271e-01,  6.90122172e-02, -6.20434642e-01, -1.81182015e+00,
          -1.58838964e+00, -2.02566338e+00, -9.40412104e-01, -3.22223246e-01,
          -5.93931139e-01, -1.10979116e+00, -4.07519490e-01, -4.95610029e-01,
          -1.06782937e+00, -1.47934186e+00, -1.15022886e+00, -1.02258360e+00,
          -1.45753229e+00, -2.07758591e-01, -4.15773898e-01, -1.25747037e+00,
          -5.87945461e-01, -1.51876986e+00, -4.14440274e-01, -1.03421295e+00,
          -1.16043401e+00, -2.17574388e-01, -2.28967667e+00, -4.18229461e-01,
          -1.24663150e+00, -1.85537946e+00, -1.27748764e+00, -1.77178252e+00,
          -2.71352500e-01, -2.32007003e+00, -1.89751759e-01, -1.71971464e+00,
          -4.62042361e-01, -1.94370973e+00, -1.91411471e+00, -1.29921424e+00,
          -1.00967979e+00, -1.17285025e+00, -4.19789523e-01, -1.48245358e+00,
          -2.45274067e+00, -8.62644374e-01, -7.79109299e-02, -2.23689532e+00,
          -7.23540485e-01, -4.86683667e-01, -1.32230687e+00, -1.78571510e+00,
          -1.00256705e+00, -1.94597840e+00, -7.23711133e-01, -9.19070780e-01,
          -1.05316472e+00, -1.49036193e+00, -1.65186441e+00, -9.48083550e-02,
          -8.20655823e-01, -7.60921299e-01, -1.33845508e+00, -1.05262864e+00,
          -1.81791210e+00, -1.72719371e+00, -3.95649940e-01,  2.64430106e-01,
           1.47168636e-01,  8.02038908e-01,  1.68393970e-01,  7.23186910e-01,
          -2.87786007e-01,  6.06405854e-01,  4.81435567e-01,  4.02032971e-01,
           4.19802591e-02, -2.15972972e+00, -1.41366279e+00, -1.31151235e+00,
          -1.11127901e+00, -1.22643089e+00, -1.83568513e+00, -2.43445635e-01,
          -1.65120259e-01, -1.27160549e+00, -9.12598431e-01, -1.62480259e+00,
          -6.66896105e-01, -1.11213768e+00, -6.85787559e-01, -1.71185780e+00,
          -4.50498283e-01, -1.50623071e+00, -1.61306933e-01, -5.55413425e-01,
           2.98066080e-01, -1.16553402e+00, -2.06261826e+00,  3.38262618e-02,
          -1.17619002e+00, -1.91609538e+00, -1.15807390e+00, -4.81382161e-01,
          -1.03767776e+00, -1.32217407e+00, -3.52892876e-01,  1.86430347e+00,
          -4.46074456e-01, -6.41555071e-01, -8.14150751e-01, -1.22215211e+00,
          -8.16483855e-01,  2.62832195e-01, -9.78182077e-01, -1.72700655e+00,
          -1.94147956e+00, -1.53584802e+00, -8.50017011e-01, -2.25506997e+00,
          -1.50533676e+00, -2.38290644e+00,  9.32446346e-02, -8.81519914e-01,
           1.79351240e-01, -1.47726182e-02, -4.35015470e-01, -7.35392809e-01,
           1.35264874e-01, -9.21199918e-01, -6.01950526e-01, -1.08106625e+00,
          -1.10362911e+00, -2.39251226e-01, -1.10993993e+00, -2.12443590e+00,
          -2.20757627e+00, -6.88545942e-01, -1.15330017e+00, -1.06814063e+00,
          -1.03416264e+00, -3.13564360e-01, -8.04170012e-01,  5.12277544e-01,
           5.68765640e-01, -4.28920239e-02, -9.18777645e-01,  4.16134745e-01,
          -5.10855734e-01,  6.47729635e-01, -2.60472983e-01, -4.34122562e-01,
          -4.47126359e-01,  3.64558361e-02, -6.64797902e-01, -9.12139416e-01,
          -6.64850056e-01, -4.21851158e-01, -1.65207848e-01, -4.96216118e-01,
          -7.65614629e-01, -6.08483613e-01, -8.42004478e-01, -7.37637639e-01,
          -1.99912310e-01, -1.93484604e-01, -5.96569717e-01, -4.75146055e-01,
          -1.23894632e+00, -6.19545951e-03, -4.69014704e-01, -5.00789940e-01,
          -1.57285917e+00, -4.06465918e-01, -1.38670295e-01, -1.21706545e+00,
          -9.95015860e-01, -9.92593542e-02, -2.50944018e-01,  3.05192173e-01,
           1.62534162e-01, -3.65960777e-01, -5.95422722e-02,  3.37220669e-01,
          -8.07838887e-02, -2.62069523e-01,  4.23501879e-02,  7.65045702e-01,
          -4.08285111e-01, -2.58358836e-01, -5.64105332e-01,  6.70739889e-01,
          -2.44921744e-01, -6.70154512e-01, -8.95010591e-01,  6.13435864e-01,
          -4.26525503e-01, -1.06694221e+00,  7.57609680e-03,  8.62868905e-01,
          -3.82362515e-01, -7.42563367e-01, -7.18018234e-01, -6.76113367e-01,
          -6.23160660e-01, -7.38454401e-01, -1.27489245e+00, -2.41286695e-01,
          -3.73226613e-01, -1.15481782e+00, -5.96604526e-01, -5.67376077e-01,
          -9.29479599e-02, -1.65531993e-01, -5.39267659e-01, -5.60112238e-01,
          -4.34371561e-01, -3.22381526e-01, -2.01442689e-01,  5.65956891e-01,
           2.20170543e-01, -8.96455526e-01, -4.29916680e-01, -5.38479388e-01,
          -6.12310946e-01,  9.21833754e-01, -4.91523474e-01, -7.21880421e-03,
          -8.06447506e-01,  2.10962802e-01, -3.07532400e-01, -1.91312522e-01,
          -3.72092783e-01, -9.26424935e-02, -9.06363726e-01, -1.27362102e-01,
          -5.06137192e-01, -8.74762356e-01, -1.78163603e-01, -1.47500026e+00,
          -8.01852763e-01, -1.06529951e-01, -9.83107448e-01, -3.50760639e-01,
           5.16790673e-02,  2.83286452e-01,  5.78995794e-03, -9.12085176e-01,
           2.66230255e-01,  1.90252379e-01,  2.19565600e-01, -9.53442872e-01,
          -6.60178959e-01,  5.23479164e-01,  6.60009861e-01,  6.20852113e-01,
           6.55717492e-01, -8.50363597e-02, -7.54469693e-01, -3.15655261e-01,
          -4.12288219e-01,  4.68374044e-01, -4.41500135e-02, -1.45859316e-01,
          -1.11149788e+00,  2.49611154e-01,  5.13563156e-01, -5.01849711e-01,
          -6.71603978e-02, -3.00186723e-01, -4.25144672e-01, -9.11348939e-01,
          -7.78933465e-01,  5.45657426e-02, -3.31808627e-01,  4.88933325e-01,
           9.68258828e-03,  1.15052569e+00,  1.21481752e+00,  2.21450233e+00,
           1.80659556e+00,  9.71003413e-01, -1.07656729e+00, -1.10316008e-01,
          -9.86458957e-01, -1.03740323e+00, -1.35784686e+00, -1.10868013e+00,
          -7.88250506e-01, -5.36440969e-01, -9.84250188e-01, -7.56504238e-01,
           1.95985496e-01, -9.41141367e-01, -1.71197927e+00, -6.30537748e-01,
          -1.85099995e+00, -3.99352610e-01, -4.78438228e-01, -1.01522851e+00,
          -1.57782662e+00, -2.76918554e+00, -8.99366140e-01, -8.37171078e-01,
          -7.62401521e-01, -1.29058659e+00,  3.41243118e-01, -9.20140371e-02,
          -1.21917987e+00,  1.57527938e-01,  3.75723809e-01, -5.07640600e-01,
          -9.57433581e-01, -1.87172174e+00,  1.07523583e-01,  1.91032186e-01,
          -4.01538879e-01, -2.36740589e+00, -1.89589965e+00, -1.38950264e+00,
          -1.70927095e+00, -2.27827716e+00, -2.05517244e+00, -3.74037117e-01,
          -1.89105451e+00, -1.52676916e+00, -3.42110157e-01,  4.62363511e-02,
           1.42007136e+00, -4.34117615e-01, -1.06702042e+00, -7.81564891e-01,
          -1.97778404e+00,  2.48510391e-04, -6.39163971e-01, -1.95872390e+00,
          -1.27251887e+00, -1.10748112e+00, -1.76916075e+00, -1.97788250e+00,
          -1.41005445e+00, -2.15639949e+00, -1.92808425e+00, -1.31392503e+00,
          -2.91921425e+00, -2.00407624e+00, -1.82699788e+00, -1.35203016e+00,
          -1.51796114e+00, -1.76855242e+00, -1.62262332e+00, -1.91036916e+00,
          -4.65913981e-01, -5.69451630e-01, -5.53734824e-02,  2.10587382e-02,
          -9.33297694e-01, -2.21701384e-01, -5.89657009e-01, -1.04134333e+00,
          -1.71698225e+00, -8.76918614e-01, -8.63850176e-01, -9.09770668e-01,
          -4.58135635e-01, -1.06615806e+00, -7.15711117e-01, -1.02942038e+00,
          -9.01595592e-01, -6.52098954e-01, -7.17520118e-01, -1.31807780e+00,
          -5.55541694e-01, -9.11217570e-01, -8.46650302e-02, -1.48027790e+00,
          -6.47312462e-01, -1.33325660e+00, -8.04113686e-01, -8.76738727e-01,
          -8.27394962e-01, -8.61785173e-01, -1.30642676e+00, -1.95157790e+00,
          -1.72388005e+00,  1.61864273e-02, -1.40241456e+00, -2.49129832e-01,
          -6.27022684e-01, -1.85247922e+00, -5.18997431e-01,  3.50439906e-01,
          -1.84057033e+00, -2.07588053e+00,  6.92091435e-02,  2.74008274e+00,
           7.99261332e-01,  6.23541251e-02,  6.67123854e-01, -6.35623217e-01,
          -1.58777535e-02,  9.60068822e-01,  3.63801569e-01, -4.26204056e-01,
          -1.52268696e+00,  2.73951769e+00, -1.65191686e+00,  3.02244592e+00,
           4.91747707e-01,  1.07662630e+00,  1.59469438e+00, -1.21094155e+00,
           2.14449644e+00,  9.07751620e-01,  2.13458443e+00,  1.88671219e+00,
           7.61197567e-01,  3.91976058e-01,  5.24162352e-01,  7.29040354e-02,
          -2.77093738e-01, -1.63351759e-01,  1.22220778e+00, -3.16891700e-01,
          -4.17689592e-01, -8.62514436e-01, -1.09045756e+00,  1.35458732e+00,
           8.57117176e-01,  9.35318768e-01,  1.98392713e+00,  2.52468204e+00,
          -9.24984932e-01,  8.18592906e-01,  1.73989701e+00,  7.76721299e-01,
          -5.69810569e-02,  1.56183672e+00,  1.01546872e+00,  2.52423096e+00,
          -8.91869903e-01,  9.43655074e-02,  3.77201319e+00,  2.37367958e-01,
          -5.51531732e-01,  3.91466230e-01, -5.30245304e-01,  1.60234666e+00,
           6.65696919e-01,  7.52868116e-01, -1.16627777e+00, -5.56429327e-01,
           8.83740425e-01,  2.40470529e+00, -3.61032724e-01,  9.44933772e-01,
          -9.23689961e-01,  1.29913259e+00,  2.15277553e+00,  1.83677047e-01,
           1.13174808e+00,  2.81882524e+00, -4.33193326e-01, -1.88922465e+00,
          -2.53352553e-01, -6.24452047e-02,  1.62783539e+00, -9.80227590e-01,
          -3.53101045e-01,  1.45240200e+00,  4.97406662e-01, -2.73639075e-02,
          -9.55969453e-01,  6.87279880e-01,  4.59748715e-01, -7.26171076e-01,
           2.28028774e+00,  9.33622777e-01,  4.27644789e-01, -3.77217948e-01,
           1.74587831e-01,  7.31437504e-01,  1.13978660e+00,  2.35395217e+00,
          -2.65290678e-01, -5.35670400e-01,  1.61828935e+00, -7.05075264e-01,
           1.78553388e-01,  1.40127218e+00,  1.08869457e+00,  7.52985656e-01,
           1.32376981e+00,  7.35624194e-01,  2.41865009e-01,  3.48344660e+00,
          -2.02414012e+00,  2.05590343e+00, -1.22358136e-01,  1.35968685e+00,
           5.45172095e-01,  6.40797496e-01, -1.68255234e+00,  9.99522388e-01,
           1.08846474e+00, -2.12861490e+00, -7.38005698e-01, -5.76368272e-01,
           8.83317113e-01,  2.98598886e-01,  7.83617377e-01, -3.31638753e-01,
          -4.35035229e-02,  4.58546072e-01, -1.32069752e-01, -1.46899611e-01,
           8.28621924e-01,  2.75998175e-01, -1.01322198e+00,  5.49631655e-01,
           7.36125112e-01, -6.38550043e-01,  8.76507640e-01,  2.10231352e+00,
          -2.43846551e-01,  7.96308577e-01,  1.43154514e+00,  1.31937587e+00,
           1.01884496e+00,  5.42091608e-01,  2.99398589e+00, -1.34930289e+00,
          -8.84406686e-01, -7.73101330e-01,  2.74196267e-02,  2.23612428e+00,
           4.60328341e-01, -8.89425516e-01,  1.50718451e+00,  5.66020548e-01,
          -1.11217403e+00,  9.00010645e-01,  8.27086568e-01, -2.15759683e+00,
           1.00986660e+00,  3.45463443e+00, -1.11784369e-01,  1.21222347e-01,
           1.70543921e+00,  2.03631067e+00,  4.69611079e-01, -8.40833962e-01,
           3.83787370e+00,  1.93595862e+00,  1.06297171e+00,  9.75607038e-01,
          -1.15971792e+00, -3.87986630e-01,  1.64227545e+00,  1.11558712e+00,
           5.52602887e-01,  3.25678617e-01, -4.59489226e-01,  5.54007828e-01,
           1.18393075e+00, -2.16951346e+00,  6.06070101e-01, -7.11169004e-01,
           1.06640553e+00, -1.27696967e+00, -1.50615454e-01, -1.01274681e+00,
          -7.27099299e-01,  7.45564520e-01,  2.14384747e+00,  9.90930080e-01,
          -2.31619522e-01, -6.23271346e-01, -2.31362677e+00,  2.35831067e-01,
           1.32396638e+00,  1.52277982e+00, -7.49525845e-01,  1.54862726e+00,
           2.13418794e+00,  1.40558290e+00,  1.63370061e+00,  4.70299196e+00,
           4.27990526e-01,  4.01650786e-01,  6.24668419e-01, -1.49286211e+00,
           1.71148396e+00,  3.71758461e-01,  1.70994937e+00,  7.89967835e-01,
           2.07939196e+00,  1.80537057e+00,  1.58287561e+00, -2.26553488e+00,
           1.25227690e+00,  1.76965058e+00,  1.67691207e+00, -2.38696948e-01,
           2.10238385e+00, -1.63386679e+00,  2.43991280e+00,  9.38880682e-01,
          -8.91263068e-01,  5.65736473e-01,  1.76249433e+00,  2.14719081e+00,
           6.62552595e-01,  1.84577501e+00,  1.70709288e+00,  3.01069498e+00,
           2.51319599e+00, -2.14742482e-01,  8.83569419e-02,  1.94003260e+00,
          -6.95368409e-01, -7.35652387e-01,  1.60964596e+00,  4.71654236e-01,
          -1.24656510e+00,  1.39889812e+00,  2.87365347e-01,  1.25109863e+00,
           3.36209655e+00,  1.18228883e-01, -1.69494092e+00,  4.61087316e-01,
           2.41926098e+00, -6.62783086e-01,  1.08104539e+00,  1.18343973e+00,
          -1.02476072e+00,  6.31559849e-01, -4.16730344e-01,  2.41129711e-01,
           1.76774502e+00, -1.57964468e+00,  5.19350290e-01,  1.23716712e+00,
           2.53236508e+00, -6.15223527e-01,  1.60638964e+00,  3.07882667e+00,
           5.82363307e-01,  4.40216303e-01, -6.83944464e-01,  2.41799212e+00,
          -3.66857767e-01,  1.86075675e+00, -4.81819734e-02,  8.95529389e-02,
           1.46066353e-01, -1.87006199e+00,  1.98856127e+00, -3.39178026e-01,
           3.00092769e+00, -2.10179478e-01, -7.69659460e-01,  4.21027929e-01,
          -1.42717078e-01,  2.32072997e+00, -2.18630806e-01, -1.18943346e+00,
          -1.63470954e-01,  1.79991198e+00, -5.08588068e-02, -5.56621887e-03,
          -4.49036986e-01,  5.25972903e-01,  1.13098669e+00,  1.77947149e-01,
           2.21953344e+00,  2.13037300e+00,  4.55226600e-01,  1.68414998e+00,
           5.60137145e-02, -1.20712139e-01,  3.06335270e-01, -7.50342906e-01,
           1.97704637e+00,  1.93573475e+00, -3.28258324e+00,  5.98605275e-01,
           1.79253817e+00,  6.41649902e-01, -7.13050544e-01,  4.87968117e-01,
           1.85410261e+00,  2.14650440e+00, -9.09260631e-01,  1.51096654e+00,
           1.86985564e+00,  1.20138240e+00,  6.40155673e-01, -1.21873736e+00,
           7.13719249e-01, -1.25816751e+00, -7.32699856e-02,  9.68432903e-01,
           1.31099260e+00,  1.98219454e+00, -3.52085382e-02,  1.26611686e+00,
           1.16512859e+00,  1.50759506e+00,  5.48182249e-01, -1.18575536e-01,
           2.81109482e-01, -1.52893972e+00,  6.18779719e-01, -2.56383009e-02,
           2.89806634e-01,  1.57194984e+00,  1.18665063e+00,  1.96448117e-02,
          -9.14883077e-01,  1.08841085e+00, -6.94385827e-01,  4.05915588e-01,
           1.46050835e+00,  9.24642980e-01, -2.06376171e+00,  2.08021832e+00,
          -1.41128764e-01,  1.38859010e+00, -1.37766314e+00,  1.22879755e+00,
           2.52360523e-01,  6.05759909e-03,  3.46084386e-01, -1.36643112e+00,
           1.47847757e-01,  2.81695247e+00,  3.59133691e-01,  2.26173669e-01,
           2.02831817e+00,  1.41018200e+00,  2.11627707e-01,  2.19017553e+00,
           1.68784344e+00,  1.51717377e+00,  1.76395845e+00, -1.10345614e+00,
           6.56071305e-01,  3.22821856e+00,  1.00068450e+00, -1.01210260e+00,
           8.86502683e-01, -2.14072213e-01,  6.37095273e-02,  6.48594499e-01,
           3.11461878e+00,  2.09403014e+00, -8.47117722e-01,  1.08585906e+00,
           1.13462543e+00,  8.47907841e-01,  1.18039465e+00,  6.65019631e-01,
          -1.33979738e+00,  1.72203147e+00, -5.08160830e-01,  2.14240932e+00,
           2.50421500e+00,  9.36023891e-01, -3.90861444e-02,  2.05433440e+00,
           7.99899518e-01,  1.38596642e+00,  6.61339045e-01, -8.15162718e-01,
           4.78083491e-01,  2.79877365e-01,  3.39433575e+00,  9.84415829e-01,
           1.81397712e+00,  2.92966276e-01, -5.93234748e-02,  7.75808871e-01,
          -9.99499857e-01,  2.98899531e+00,  3.54060441e-01,  1.09691694e-01,
           1.26526904e+00,  1.41259730e+00,  5.41998529e+00,  5.68337500e-01,
           1.15291691e+00,  2.30536127e+00,  1.41051388e+00,  3.14332962e+00,
          -5.59376180e-01, -2.24781603e-01, -1.12676658e-01, -4.82933551e-01,
           1.69200957e+00, -5.87985575e-01,  5.96784174e-01,  1.67312586e+00,
          -1.41927660e+00, -4.41807806e-01,  1.24312627e+00,  2.42491865e+00,
           1.85584962e+00,  1.79638278e+00,  1.51553303e-02,  7.60641575e-01,
          -1.63696185e-01, -5.05853832e-01,  1.98645282e+00,  7.62912273e-01,
          -1.24036813e+00, -5.25241852e-01, -2.22671136e-01,  9.48000252e-01,
           2.02354741e+00, -1.04602993e+00,  6.74549937e-01,  1.41274941e+00,
           1.10874939e+00, -1.65102434e+00,  5.53174973e-01,  1.85609210e+00,
          -1.06136024e+00, -3.94850969e-01,  2.76587629e+00, -1.08341789e+00,
           1.20298281e-01,  3.45969975e-01,  6.02841198e-01, -2.54129589e-01,
           1.60631096e+00,  1.09541547e+00,  1.94420457e+00,  3.57143313e-01,
           2.76817060e+00,  1.59120977e+00,  2.54932952e+00, -1.09195626e+00,
           6.48407698e-01, -4.04521316e-01, -2.18145341e-01,  3.76907396e+00,
           5.47649264e-01, -1.47121787e+00,  2.70857549e+00,  9.07461524e-01,
          -2.62346005e+00,  8.29160884e-02,  5.35076298e-02,  8.48929286e-01,
          -3.24930340e-01,  2.19917870e+00,  3.78105730e-01, -6.27736986e-01,
          -1.66917717e+00, -1.12609184e+00, -1.54108620e+00, -6.37674868e-01,
           2.02689075e+00,  1.64578593e+00, -1.42749250e-01,  8.78512442e-01,
           1.23211718e+00, -1.09614365e-01, -2.12835813e+00,  3.95883650e-01,
           2.10391808e+00,  8.82318258e-01, -1.54129475e-01,  1.28488922e+00,
           4.96860683e-01,  6.70170486e-01,  1.50133741e+00,  1.77415574e+00,
           4.04878169e-01,  3.38798618e+00,  6.64950132e-01,  1.67866409e+00,
          -2.59410352e-01,  1.05829275e+00, -1.24486661e+00,  2.79671639e-01,
           3.72183418e+00,  1.14822030e+00,  3.31703234e+00, -3.52064580e-01,
           2.00284123e+00,  2.29533219e+00,  1.37653315e+00,  1.08610010e+00,
           8.79772455e-02, -4.27120417e-01,  1.09356642e+00,  1.34152412e+00,
           5.40505075e+00,  5.69569731e+00,  3.71410418e+00, -1.60582185e-01,
           4.21955079e-01,  1.19051427e-01,  2.61752695e-01,  2.33040166e+00,
          -1.68286169e+00, -1.31709933e+00,  1.04620481e+00, -1.38511598e+00,
           1.90305173e+00,  4.29896414e-01,  3.11543196e-01,  1.07157655e-01,
           8.86156797e-01,  2.59233618e+00,  6.80407166e-01, -1.45856142e-01,
          -2.14562511e+00,  5.63839078e-01, -9.74689305e-01, -1.27079189e+00,
          -1.44164538e+00,  6.04714096e-01, -9.61229026e-01, -1.41581273e+00,
          -1.21162903e+00, -2.39506006e+00, -1.01252532e+00, -8.99124980e-01,
          -1.28320110e+00, -1.21767867e+00, -1.07885504e+00, -5.08711040e-01,
          -9.94719744e-01, -1.28859031e+00, -2.52268016e-01, -7.78414190e-01,
          -2.55758882e+00, -6.56936169e-01, -1.78266597e+00, -1.64251471e+00,
          -1.77871376e-01,  6.08372331e-01, -3.73927236e-01, -6.85066223e-01,
          -1.22100282e+00, -1.71254680e-01, -4.33684736e-01, -1.45187759e+00,
          -1.64704561e+00, -8.39309573e-01, -1.09942436e+00, -1.62036479e+00,
          -1.60539937e+00, -1.20437288e+00, -9.19588685e-01, -1.18639672e+00,
          -1.24228287e+00, -1.21976805e+00,  1.18736887e+00, -9.58882034e-01,
           1.26474351e-03, -4.05705720e-02, -1.16341722e+00,  1.37599814e+00,
          -7.49469280e-01, -7.48349130e-01,  1.80906022e+00,  4.33158964e-01,
          -9.57298815e-01,  1.92674622e-01, -1.88611612e-01, -1.36737847e+00,
           2.31216118e-01, -5.98698199e-01,  9.51886415e-01, -2.21480563e-01,
          -8.35213721e-01,  5.03196046e-02, -1.74123621e+00, -3.17698121e-01,
          -1.33908248e+00, -5.64374804e-01, -1.57276905e+00, -1.21646869e+00,
          -1.25020123e+00, -2.04309392e+00, -2.05525017e+00, -1.42967987e+00,
          -1.36302114e+00, -3.07429695e+00, -1.32731676e-01,  1.21491981e+00]]],
       device='cuda:0')
PGD attack margin (first 2 examples and 10 specs):
 tensor([[[0.33391285]]], device='cuda:0')
number of violation:  0
Attack finished in 8.1995 seconds.
PGD attack failed
verified_status unknown
verified_success False
Total VNNLIB file length: 1, max property batch size: 1, total number of batches: 1

Properties batch 0, size 1
Remaining timeout: 1147.6404411792755
Verifying property 0 with 1 instances.
torch allclose failed: norm 8.889588571037166e-06
Model: BoundedModule(
  (/input-1): BoundInput(name=/input-1, inputs=[], perturbed=True)
  (/33): BoundParams(name=/33, inputs=[], perturbed=False)
  (/34): BoundParams(name=/34, inputs=[], perturbed=False)
  (/35): BoundParams(name=/35, inputs=[], perturbed=False)
  (/36): BoundParams(name=/36, inputs=[], perturbed=False)
  (/37): BoundParams(name=/37, inputs=[], perturbed=False)
  (/38): BoundParams(name=/38, inputs=[], perturbed=False)
  (/39): BoundParams(name=/39, inputs=[], perturbed=False)
  (/40): BoundParams(name=/40, inputs=[], perturbed=False)
  (/41): BoundParams(name=/41, inputs=[], perturbed=False)
  (/42): BoundParams(name=/42, inputs=[], perturbed=False)
  (/43): BoundParams(name=/43, inputs=[], perturbed=False)
  (/44): BoundParams(name=/44, inputs=[], perturbed=False)
  (/45): BoundParams(name=/45, inputs=[], perturbed=False)
  (/46): BoundParams(name=/46, inputs=[], perturbed=False)
  (/47): BoundParams(name=/47, inputs=[], perturbed=False)
  (/48): BoundParams(name=/48, inputs=[], perturbed=False)
  (/49): BoundParams(name=/49, inputs=[], perturbed=False)
  (/50): BoundParams(name=/50, inputs=[], perturbed=False)
  (/51): BoundParams(name=/51, inputs=[], perturbed=False)
  (/52): BoundParams(name=/52, inputs=[], perturbed=False)
  (/53): BoundParams(name=/53, inputs=[], perturbed=False)
  (/54): BoundParams(name=/54, inputs=[], perturbed=False)
  (/55): BoundParams(name=/55, inputs=[], perturbed=False)
  (/56): BoundParams(name=/56, inputs=[], perturbed=False)
  (/57): BoundParams(name=/57, inputs=[], perturbed=False)
  (/58): BoundParams(name=/58, inputs=[], perturbed=False)
  (/59): BoundParams(name=/59, inputs=[], perturbed=False)
  (/60): BoundParams(name=/60, inputs=[], perturbed=False)
  (/61): BoundParams(name=/61, inputs=[], perturbed=False)
  (/62): BoundParams(name=/62, inputs=[], perturbed=False)
  (/63): BoundParams(name=/63, inputs=[], perturbed=False)
  (/64): BoundParams(name=/64, inputs=[], perturbed=False)
  (/input): BoundConv(name=/input, inputs=[/input-1, /33, /34], perturbed=True)
  (/66): BoundRelu(name=/66, inputs=[/input], perturbed=True)
  (/input-4): BoundConv(name=/input-4, inputs=[/66, /35, /36], perturbed=True)
  (/68): BoundRelu(name=/68, inputs=[/input-4], perturbed=True)
  (/input-12): BoundConv(name=/input-12, inputs=[/input-8/add_3_4, /37, /38], perturbed=True)
  (/71): BoundRelu(name=/71, inputs=[/input-12], perturbed=True)
  (/input-16): BoundConv(name=/input-16, inputs=[/71, /39, /40], perturbed=True)
  (/73): BoundRelu(name=/73, inputs=[/input-16], perturbed=True)
  (/input-24): BoundConv(name=/input-24, inputs=[/input-20/add_3_4, /41, /42], perturbed=True)
  (/76): BoundRelu(name=/76, inputs=[/input-24], perturbed=True)
  (/input-28): BoundConv(name=/input-28, inputs=[/76, /43, /44], perturbed=True)
  (/78): BoundRelu(name=/78, inputs=[/input-28], perturbed=True)
  (/input-32): BoundConv(name=/input-32, inputs=[/78, /45, /46], perturbed=True)
  (/80): BoundRelu(name=/80, inputs=[/input-32], perturbed=True)
  (/input-40): BoundConv(name=/input-40, inputs=[/input-36/add_3_4, /47, /48], perturbed=True)
  (/83): BoundRelu(name=/83, inputs=[/input-40], perturbed=True)
  (/input-44): BoundConv(name=/input-44, inputs=[/83, /49, /50], perturbed=True)
  (/85): BoundRelu(name=/85, inputs=[/input-44], perturbed=True)
  (/input-48): BoundConv(name=/input-48, inputs=[/85, /51, /52], perturbed=True)
  (/87): BoundRelu(name=/87, inputs=[/input-48], perturbed=True)
  (/input-56): BoundConv(name=/input-56, inputs=[/input-52/add_3_4, /53, /54], perturbed=True)
  (/90): BoundRelu(name=/90, inputs=[/input-56], perturbed=True)
  (/input-60): BoundConv(name=/input-60, inputs=[/90, /55, /56], perturbed=True)
  (/92): BoundRelu(name=/92, inputs=[/input-60], perturbed=True)
  (/input-64): BoundConv(name=/input-64, inputs=[/92, /57, /58], perturbed=True)
  (/94): BoundRelu(name=/94, inputs=[/input-64], perturbed=True)
  (/96): BoundFlatten(name=/96, inputs=[/95/add_3_4], perturbed=True)
  (/input-68): BoundLinear(name=/input-68, inputs=[/96, /59, /60], perturbed=True)
  (/98): BoundRelu(name=/98, inputs=[/input-68], perturbed=True)
  (/99): BoundFlatten(name=/99, inputs=[/98], perturbed=True)
  (/input-72): BoundLinear(name=/input-72, inputs=[/99, /61, /62], perturbed=True)
  (/101): BoundRelu(name=/101, inputs=[/input-72], perturbed=True)
  (/102): BoundFlatten(name=/102, inputs=[/101], perturbed=True)
  (/103): BoundLinear(name=/103, inputs=[/102, /63, /64], perturbed=True)
  (/input-8/conv_1): BoundConv(name=/input-8/conv_1, inputs=[/68, /input-8/conv_1_w], perturbed=True)
  (/input-8/conv_1_relu): BoundRelu(name=/input-8/conv_1_relu, inputs=[/input-8/conv_1], perturbed=True)
  (/input-8/conv_1_w): BoundParams(name=/input-8/conv_1_w, inputs=[], perturbed=False)
  (/input-8/conv_2): BoundConv(name=/input-8/conv_2, inputs=[/68, /input-8/conv_2_w], perturbed=True)
  (/input-8/conv_2_w): BoundParams(name=/input-8/conv_2_w, inputs=[], perturbed=False)
  (/input-8/conv_3): BoundConv(name=/input-8/conv_3, inputs=[/input-8/add_1_2, /input-8/conv_3_w], perturbed=True)
  (/input-8/conv_3_relu): BoundRelu(name=/input-8/conv_3_relu, inputs=[/input-8/conv_3], perturbed=True)
  (/input-8/conv_3_w): BoundParams(name=/input-8/conv_3_w, inputs=[], perturbed=False)
  (/input-8/conv_4): BoundConv(name=/input-8/conv_4, inputs=[/input-8/add_1_2, /input-8/conv_4_w], perturbed=True)
  (/input-8/conv_4_w): BoundParams(name=/input-8/conv_4_w, inputs=[], perturbed=False)
  (/input-8/add_1_2): BoundAdd(name=/input-8/add_1_2, inputs=[/input-8/conv_1_relu, /input-8/conv_2], perturbed=True)
  (/input-8/add_3_4): BoundAdd(name=/input-8/add_3_4, inputs=[/input-8/conv_3_relu, /input-8/conv_4], perturbed=True)
  (/input-20/conv_1): BoundConv(name=/input-20/conv_1, inputs=[/73, /input-20/conv_1_w], perturbed=True)
  (/input-20/conv_1_relu): BoundRelu(name=/input-20/conv_1_relu, inputs=[/input-20/conv_1], perturbed=True)
  (/input-20/conv_1_w): BoundParams(name=/input-20/conv_1_w, inputs=[], perturbed=False)
  (/input-20/conv_2): BoundConv(name=/input-20/conv_2, inputs=[/73, /input-20/conv_2_w], perturbed=True)
  (/input-20/conv_2_w): BoundParams(name=/input-20/conv_2_w, inputs=[], perturbed=False)
  (/input-20/conv_3): BoundConv(name=/input-20/conv_3, inputs=[/input-20/add_1_2, /input-20/conv_3_w], perturbed=True)
  (/input-20/conv_3_relu): BoundRelu(name=/input-20/conv_3_relu, inputs=[/input-20/conv_3], perturbed=True)
  (/input-20/conv_3_w): BoundParams(name=/input-20/conv_3_w, inputs=[], perturbed=False)
  (/input-20/conv_4): BoundConv(name=/input-20/conv_4, inputs=[/input-20/add_1_2, /input-20/conv_4_w], perturbed=True)
  (/input-20/conv_4_w): BoundParams(name=/input-20/conv_4_w, inputs=[], perturbed=False)
  (/input-20/add_1_2): BoundAdd(name=/input-20/add_1_2, inputs=[/input-20/conv_1_relu, /input-20/conv_2], perturbed=True)
  (/input-20/add_3_4): BoundAdd(name=/input-20/add_3_4, inputs=[/input-20/conv_3_relu, /input-20/conv_4], perturbed=True)
  (/input-36/conv_1): BoundConv(name=/input-36/conv_1, inputs=[/80, /input-36/conv_1_w], perturbed=True)
  (/input-36/conv_1_relu): BoundRelu(name=/input-36/conv_1_relu, inputs=[/input-36/conv_1], perturbed=True)
  (/input-36/conv_1_w): BoundParams(name=/input-36/conv_1_w, inputs=[], perturbed=False)
  (/input-36/conv_2): BoundConv(name=/input-36/conv_2, inputs=[/80, /input-36/conv_2_w], perturbed=True)
  (/input-36/conv_2_w): BoundParams(name=/input-36/conv_2_w, inputs=[], perturbed=False)
  (/input-36/conv_3): BoundConv(name=/input-36/conv_3, inputs=[/input-36/add_1_2, /input-36/conv_3_w], perturbed=True)
  (/input-36/conv_3_relu): BoundRelu(name=/input-36/conv_3_relu, inputs=[/input-36/conv_3], perturbed=True)
  (/input-36/conv_3_w): BoundParams(name=/input-36/conv_3_w, inputs=[], perturbed=False)
  (/input-36/conv_4): BoundConv(name=/input-36/conv_4, inputs=[/input-36/add_1_2, /input-36/conv_4_w], perturbed=True)
  (/input-36/conv_4_w): BoundParams(name=/input-36/conv_4_w, inputs=[], perturbed=False)
  (/input-36/add_1_2): BoundAdd(name=/input-36/add_1_2, inputs=[/input-36/conv_1_relu, /input-36/conv_2], perturbed=True)
  (/input-36/add_3_4): BoundAdd(name=/input-36/add_3_4, inputs=[/input-36/conv_3_relu, /input-36/conv_4], perturbed=True)
  (/input-52/conv_1): BoundConv(name=/input-52/conv_1, inputs=[/87, /input-52/conv_1_w], perturbed=True)
  (/input-52/conv_1_relu): BoundRelu(name=/input-52/conv_1_relu, inputs=[/input-52/conv_1], perturbed=True)
  (/input-52/conv_1_w): BoundParams(name=/input-52/conv_1_w, inputs=[], perturbed=False)
  (/input-52/conv_2): BoundConv(name=/input-52/conv_2, inputs=[/87, /input-52/conv_2_w], perturbed=True)
  (/input-52/conv_2_w): BoundParams(name=/input-52/conv_2_w, inputs=[], perturbed=False)
  (/input-52/conv_3): BoundConv(name=/input-52/conv_3, inputs=[/input-52/add_1_2, /input-52/conv_3_w], perturbed=True)
  (/input-52/conv_3_relu): BoundRelu(name=/input-52/conv_3_relu, inputs=[/input-52/conv_3], perturbed=True)
  (/input-52/conv_3_w): BoundParams(name=/input-52/conv_3_w, inputs=[], perturbed=False)
  (/input-52/conv_4): BoundConv(name=/input-52/conv_4, inputs=[/input-52/add_1_2, /input-52/conv_4_w], perturbed=True)
  (/input-52/conv_4_w): BoundParams(name=/input-52/conv_4_w, inputs=[], perturbed=False)
  (/input-52/add_1_2): BoundAdd(name=/input-52/add_1_2, inputs=[/input-52/conv_1_relu, /input-52/conv_2], perturbed=True)
  (/input-52/add_3_4): BoundAdd(name=/input-52/add_3_4, inputs=[/input-52/conv_3_relu, /input-52/conv_4], perturbed=True)
  (/95/conv_1): BoundConv(name=/95/conv_1, inputs=[/94, /95/conv_1_w], perturbed=True)
  (/95/conv_1_relu): BoundRelu(name=/95/conv_1_relu, inputs=[/95/conv_1], perturbed=True)
  (/95/conv_1_w): BoundParams(name=/95/conv_1_w, inputs=[], perturbed=False)
  (/95/conv_2): BoundConv(name=/95/conv_2, inputs=[/94, /95/conv_2_w], perturbed=True)
  (/95/conv_2_w): BoundParams(name=/95/conv_2_w, inputs=[], perturbed=False)
  (/95/conv_3): BoundConv(name=/95/conv_3, inputs=[/95/add_1_2, /95/conv_3_w], perturbed=True)
  (/95/conv_3_relu): BoundRelu(name=/95/conv_3_relu, inputs=[/95/conv_3], perturbed=True)
  (/95/conv_3_w): BoundParams(name=/95/conv_3_w, inputs=[], perturbed=False)
  (/95/conv_4): BoundConv(name=/95/conv_4, inputs=[/95/add_1_2, /95/conv_4_w], perturbed=True)
  (/95/conv_4_w): BoundParams(name=/95/conv_4_w, inputs=[], perturbed=False)
  (/95/add_1_2): BoundAdd(name=/95/add_1_2, inputs=[/95/conv_1_relu, /95/conv_2], perturbed=True)
  (/95/add_3_4): BoundAdd(name=/95/add_3_4, inputs=[/95/conv_3_relu, /95/conv_4], perturbed=True)
)
Model prediction is: tensor([-3.23374897e-01,  1.25993276e+00, -6.49312794e-01, -8.51722419e-01,
        -8.44722748e-01,  5.77966012e-02, -5.85824847e-01, -1.81726205e+00,
        -1.59545255e+00, -2.06188583e+00, -9.75014925e-01, -3.10173690e-01,
        -5.79356730e-01, -1.08834982e+00, -4.07832891e-01, -5.02499402e-01,
        -1.06036723e+00, -1.47498560e+00, -1.14133763e+00, -1.00498521e+00,
        -1.48326075e+00, -2.47860238e-01, -4.27191019e-01, -1.27240264e+00,
        -5.98780990e-01, -1.53608990e+00, -4.50774550e-01, -1.05271363e+00,
        -1.16416073e+00, -2.52782047e-01, -2.29899502e+00, -4.01690632e-01,
        -1.25873172e+00, -1.86421049e+00, -1.29429781e+00, -1.77672899e+00,
        -2.55903870e-01, -2.31733894e+00, -2.15047553e-01, -1.73659718e+00,
        -4.48670805e-01, -1.99145675e+00, -1.94359100e+00, -1.32895613e+00,
        -1.03601718e+00, -1.19507658e+00, -3.96099389e-01, -1.51498699e+00,
        -2.47530532e+00, -8.66079509e-01, -6.27164766e-02, -2.27865958e+00,
        -7.48643696e-01, -4.81305748e-01, -1.32746744e+00, -1.77119637e+00,
        -9.93010998e-01, -1.95991206e+00, -7.01797962e-01, -9.38883126e-01,
        -1.05025363e+00, -1.48694587e+00, -1.67337298e+00, -1.53254747e-01,
        -8.56243670e-01, -7.93352544e-01, -1.38970923e+00, -1.04545355e+00,
        -1.87752545e+00, -1.75903821e+00, -3.97059947e-01,  2.65494913e-01,
         1.39809012e-01,  7.62598515e-01,  1.68720141e-01,  7.25448430e-01,
        -2.89523721e-01,  6.06783032e-01,  4.72842544e-01,  3.97495478e-01,
         8.34403187e-03, -2.20987892e+00, -1.43645346e+00, -1.35048616e+00,
        -1.12157845e+00, -1.23870468e+00, -1.86085117e+00, -2.22353429e-01,
        -1.49226442e-01, -1.26060987e+00, -8.92992914e-01, -1.63787961e+00,
        -6.80067837e-01, -1.10398674e+00, -6.72062159e-01, -1.76470876e+00,
        -4.28644031e-01, -1.50408936e+00, -2.22046942e-01, -5.65556347e-01,
         3.05108994e-01, -1.20561016e+00, -2.07812214e+00,  7.84087088e-03,
        -1.21075833e+00, -1.93832123e+00, -1.16309536e+00, -4.48296279e-01,
        -1.00365961e+00, -1.31975830e+00, -3.57460558e-01,  1.79291713e+00,
        -4.13406849e-01, -6.45587146e-01, -8.10935974e-01, -1.22828615e+00,
        -8.59716237e-01,  2.37150609e-01, -9.71217215e-01, -1.74893975e+00,
        -1.94706082e+00, -1.56955516e+00, -8.49206626e-01, -2.28312922e+00,
        -1.49578834e+00, -2.36651754e+00,  5.33633903e-02, -9.18724298e-01,
         1.13507032e-01, -2.17342619e-02, -4.36906815e-01, -7.55463719e-01,
         1.16398945e-01, -9.41377521e-01, -6.21638179e-01, -1.12513018e+00,
        -1.09774780e+00, -2.24915385e-01, -1.14907205e+00, -2.13922071e+00,
        -2.21819496e+00, -6.86064363e-01, -1.18282342e+00, -1.08655918e+00,
        -1.05132830e+00, -3.27309787e-01, -8.65827203e-01,  4.43165869e-01,
         5.20357847e-01, -1.00946382e-01, -9.09211218e-01,  4.27103966e-01,
        -5.50696135e-01,  6.62575543e-01, -2.61171699e-01, -4.34029639e-01,
        -4.60203171e-01,  3.65220867e-02, -6.80106580e-01, -9.07867312e-01,
        -6.92177176e-01, -4.14706618e-01, -1.46037385e-01, -5.12526155e-01,
        -7.79803693e-01, -6.18201792e-01, -8.66801679e-01, -7.88365483e-01,
        -2.00135648e-01, -2.17411622e-01, -6.25695467e-01, -4.46208000e-01,
        -1.21095288e+00, -3.73052992e-02, -4.90085542e-01, -5.42542160e-01,
        -1.62124801e+00, -4.28886414e-01, -1.26259089e-01, -1.22857964e+00,
        -1.00816524e+00, -1.31656766e-01, -2.52927125e-01,  3.02621543e-01,
         1.63451210e-01, -3.60626549e-01, -6.75302446e-02,  3.53005737e-01,
        -1.24018088e-01, -2.84414113e-01, -2.69214716e-03,  7.86883473e-01,
        -3.94713432e-01, -2.59982616e-01, -6.09116256e-01,  6.80910826e-01,
        -2.41571993e-01, -6.96557939e-01, -9.22590315e-01,  6.03986859e-01,
        -4.42951709e-01, -1.05162370e+00,  7.40631297e-03,  8.98701012e-01,
        -3.63622248e-01, -7.73654282e-01, -7.51509368e-01, -6.97418928e-01,
        -6.28836811e-01, -7.39216924e-01, -1.31428957e+00, -2.29577035e-01,
        -4.05035138e-01, -1.17379582e+00, -6.15617275e-01, -5.72186410e-01,
        -1.18706398e-01, -1.60057604e-01, -5.47596931e-01, -5.61936855e-01,
        -4.56319362e-01, -3.63766551e-01, -2.37598017e-01,  5.65796793e-01,
         2.04640031e-01, -9.11481261e-01, -4.43787813e-01, -5.61123490e-01,
        -6.28076017e-01,  9.28847075e-01, -4.70779777e-01, -8.97396356e-03,
        -8.15270305e-01,  2.15844214e-01, -2.97774673e-01, -2.15217352e-01,
        -3.72494966e-01, -6.76306784e-02, -9.12190735e-01, -1.34858757e-01,
        -5.22933662e-01, -9.07487452e-01, -1.64345145e-01, -1.49194670e+00,
        -8.33623528e-01, -9.87423807e-02, -1.00589216e+00, -3.61926526e-01,
         3.21084186e-02,  2.76747882e-01, -1.49913728e-02, -9.09071207e-01,
         2.12931439e-01,  2.05903113e-01,  2.23406643e-01, -9.67601895e-01,
        -6.84115112e-01,  5.16465545e-01,  6.51789188e-01,  6.53497934e-01,
         6.40929103e-01, -9.45010856e-02, -7.97873795e-01, -2.88805455e-01,
        -4.11579669e-01,  4.88324344e-01, -4.07395698e-02, -1.42893061e-01,
        -1.13031375e+00,  1.99559182e-01,  4.71964449e-01, -5.47411561e-01,
        -1.20226473e-01, -3.38162512e-01, -4.76443231e-01, -9.74787712e-01,
        -8.26301634e-01,  3.25386301e-02, -3.65355968e-01,  4.50294405e-01,
        -2.69318298e-02,  1.13605201e+00,  1.20890677e+00,  2.21135712e+00,
         1.81165981e+00,  9.54679310e-01, -1.10730445e+00, -1.21070832e-01,
        -1.03379548e+00, -1.08166850e+00, -1.39465249e+00, -1.15403211e+00,
        -8.16840231e-01, -5.70955992e-01, -1.02554679e+00, -7.67743707e-01,
         1.81326523e-01, -9.83224869e-01, -1.75358748e+00, -6.59106553e-01,
        -1.86714542e+00, -3.59055609e-01, -5.13643503e-01, -1.01449537e+00,
        -1.56193769e+00, -2.76970577e+00, -8.99803102e-01, -8.29905987e-01,
        -7.64529288e-01, -1.26300633e+00,  3.55434448e-01, -8.05027783e-02,
        -1.21081483e+00,  1.57958299e-01,  3.90474170e-01, -4.88149405e-01,
        -9.77444649e-01, -1.86085188e+00,  9.39645842e-02,  1.83132261e-01,
        -4.04616922e-01, -2.36953259e+00, -1.91736221e+00, -1.38545382e+00,
        -1.71594679e+00, -2.27751088e+00, -2.07614303e+00, -3.81574154e-01,
        -1.88944101e+00, -1.53201795e+00, -3.67802411e-01,  1.43199414e-03,
         1.40890527e+00, -3.61985356e-01, -1.09871840e+00, -8.43388796e-01,
        -1.99510109e+00, -1.42214559e-02, -6.22572422e-01, -1.99028981e+00,
        -1.28953123e+00, -1.12743723e+00, -1.80310071e+00, -2.01747155e+00,
        -1.40177798e+00, -2.19241357e+00, -1.92876649e+00, -1.33209836e+00,
        -2.93331861e+00, -2.04422235e+00, -1.88468504e+00, -1.41417670e+00,
        -1.54290187e+00, -1.83749676e+00, -1.65989602e+00, -1.96484673e+00,
        -4.79753822e-01, -6.11754239e-01, -6.57703951e-02,  6.01734221e-03,
        -9.51336145e-01, -2.70418584e-01, -6.14290774e-01, -1.05855536e+00,
        -1.75282383e+00, -9.19564068e-01, -9.15446043e-01, -9.49155807e-01,
        -5.23272455e-01, -1.13455975e+00, -7.50606060e-01, -1.08563530e+00,
        -9.45069253e-01, -6.76845670e-01, -7.58539677e-01, -1.36417747e+00,
        -5.83307207e-01, -9.47269678e-01, -8.03525448e-02, -1.52422285e+00,
        -6.75632536e-01, -1.36721456e+00, -8.18634927e-01, -9.14378226e-01,
        -8.78544927e-01, -8.80108476e-01, -1.34740663e+00, -2.00407243e+00,
        -1.74639380e+00, -1.49673708e-02, -1.43570030e+00, -2.35478848e-01,
        -6.81401551e-01, -1.81297505e+00, -5.38557470e-01,  3.20538938e-01,
        -1.83566308e+00, -2.06941032e+00,  8.35942477e-02,  2.79270887e+00,
         8.28639925e-01,  1.08265400e-01,  7.09286332e-01, -6.78962409e-01,
        -4.58862484e-02,  9.49847341e-01,  3.86565536e-01, -4.34163809e-01,
        -1.55281699e+00,  2.72414899e+00, -1.69457042e+00,  3.13249016e+00,
         4.95872051e-01,  1.04743052e+00,  1.66804445e+00, -1.17597747e+00,
         2.13226032e+00,  9.54378664e-01,  2.12875080e+00,  1.90694034e+00,
         7.87715912e-01,  4.01941210e-01,  5.55620313e-01,  1.07464910e-01,
        -2.46216685e-01, -1.53412461e-01,  1.20421958e+00, -3.35089505e-01,
        -4.20193285e-01, -8.85291815e-01, -1.11177957e+00,  1.45573163e+00,
         8.28797102e-01,  9.96826947e-01,  2.03862619e+00,  2.60223174e+00,
        -9.14881527e-01,  7.87933409e-01,  1.70081866e+00,  7.44066536e-01,
        -2.78242826e-02,  1.55502987e+00,  1.01304269e+00,  2.60851955e+00,
        -9.13407564e-01,  1.13434941e-01,  3.77663612e+00,  2.57384658e-01,
        -5.33541441e-01,  3.91210318e-01, -5.40302038e-01,  1.58818209e+00,
         7.29271948e-01,  7.64117777e-01, -1.14802265e+00, -4.85708356e-01,
         9.04416859e-01,  2.48683238e+00, -3.76406193e-01,  9.82609868e-01,
        -9.27067995e-01,  1.29239869e+00,  2.15752292e+00,  2.23785341e-01,
         1.13280332e+00,  2.79263711e+00, -4.05448437e-01, -1.88877976e+00,
        -2.48908877e-01, -8.71174335e-02,  1.63516843e+00, -9.76712644e-01,
        -3.52522463e-01,  1.43155003e+00,  5.62312841e-01,  1.08695515e-02,
        -9.15166259e-01,  6.66777611e-01,  4.87426668e-01, -7.19680786e-01,
         2.27321196e+00,  9.12392139e-01,  3.86559844e-01, -3.93917114e-01,
         1.29168704e-01,  7.25080550e-01,  1.17221177e+00,  2.38024616e+00,
        -2.50981241e-01, -5.36991596e-01,  1.63049638e+00, -7.41202712e-01,
         1.76044598e-01,  1.37208641e+00,  1.10279012e+00,  7.55773246e-01,
         1.35869527e+00,  7.48021722e-01,  2.60653764e-01,  3.45881271e+00,
        -2.04259396e+00,  2.11550522e+00, -9.24262628e-02,  1.35480905e+00,
         5.82576394e-01,  6.72980845e-01, -1.68438232e+00,  9.82545316e-01,
         1.10992396e+00, -2.08849049e+00, -7.73778617e-01, -5.87251127e-01,
         8.59897614e-01,  3.18108380e-01,  7.86015153e-01, -2.76211649e-01,
         3.51010263e-02,  4.62547213e-01, -1.16082825e-01, -1.56827927e-01,
         9.30559695e-01,  2.94988662e-01, -1.02029681e+00,  5.89484155e-01,
         7.47650743e-01, -6.42581880e-01,  9.09503579e-01,  2.10461211e+00,
        -2.16349021e-01,  8.55858564e-01,  1.41388440e+00,  1.32092071e+00,
         1.04950154e+00,  5.82219183e-01,  2.96921945e+00, -1.34993482e+00,
        -8.93347621e-01, -8.00956726e-01,  6.72283173e-02,  2.24145937e+00,
         3.95109951e-01, -8.68342161e-01,  1.53214955e+00,  6.09612882e-01,
        -1.11218059e+00,  9.28731740e-01,  8.40001822e-01, -2.17090750e+00,
         9.87249196e-01,  3.50718570e+00, -1.16090372e-01,  1.25096425e-01,
         1.75364804e+00,  2.00457931e+00,  4.47518826e-01, -8.33535910e-01,
         3.80121446e+00,  1.96782982e+00,  1.07141936e+00,  9.89126086e-01,
        -1.13629985e+00, -3.94321114e-01,  1.66545188e+00,  1.12059009e+00,
         6.10172212e-01,  3.46106052e-01, -4.50127482e-01,  5.54918587e-01,
         1.22927666e+00, -2.19165897e+00,  6.29047334e-01, -7.32579350e-01,
         1.07729125e+00, -1.29610014e+00, -1.85029477e-01, -1.01269078e+00,
        -7.37575591e-01,  7.53522277e-01,  2.22550249e+00,  1.05445278e+00,
        -2.03197554e-01, -5.66099048e-01, -2.29613066e+00,  1.72704175e-01,
         1.34276080e+00,  1.52056777e+00, -7.78764427e-01,  1.54374874e+00,
         2.18754601e+00,  1.44922054e+00,  1.60187566e+00,  4.75167513e+00,
         4.24494117e-01,  4.07088488e-01,  6.35927320e-01, -1.50802100e+00,
         1.66287172e+00,  3.74108195e-01,  1.75289142e+00,  7.69252002e-01,
         2.10418725e+00,  1.86847878e+00,  1.56425846e+00, -2.30258894e+00,
         1.23095405e+00,  1.80808413e+00,  1.74185622e+00, -2.22352922e-01,
         2.15046358e+00, -1.63828909e+00,  2.50857615e+00,  9.60389495e-01,
        -8.86307836e-01,  5.54042161e-01,  1.85833359e+00,  2.11627626e+00,
         6.57187402e-01,  1.89579546e+00,  1.71034956e+00,  3.07231665e+00,
         2.56687140e+00, -2.22561121e-01,  1.43873781e-01,  1.88112569e+00,
        -6.87773108e-01, -7.42626727e-01,  1.59949362e+00,  4.69916910e-01,
        -1.26071453e+00,  1.41228187e+00,  2.82327771e-01,  1.25038600e+00,
         3.32439661e+00,  1.00844562e-01, -1.72077858e+00,  4.35295284e-01,
         2.43603325e+00, -6.68519258e-01,  1.15800560e+00,  1.22871900e+00,
        -1.02946818e+00,  6.41227543e-01, -3.60792547e-01,  2.80214131e-01,
         1.77075696e+00, -1.59794235e+00,  5.22091389e-01,  1.23176944e+00,
         2.54773259e+00, -6.44139647e-01,  1.63166022e+00,  3.07160878e+00,
         6.37968838e-01,  4.00702327e-01, -6.83280051e-01,  2.49290800e+00,
        -3.67531031e-01,  1.81988966e+00, -2.67518535e-02,  1.26971886e-01,
         1.25944912e-01, -1.89255011e+00,  1.97538459e+00, -3.87631595e-01,
         3.03902435e+00, -2.14280874e-01, -8.15828383e-01,  4.54523802e-01,
        -1.38473555e-01,  2.41881633e+00, -2.17549041e-01, -1.19503891e+00,
        -1.32138044e-01,  1.82902932e+00, -9.08230841e-02, -5.89288250e-02,
        -4.93683934e-01,  4.98080909e-01,  1.16117156e+00,  2.35162705e-01,
         2.22408676e+00,  2.17947078e+00,  4.08439189e-01,  1.68009913e+00,
         4.25918140e-02, -1.60660759e-01,  2.77206838e-01, -7.11760342e-01,
         1.94103551e+00,  1.98948097e+00, -3.30599594e+00,  6.07150793e-01,
         1.81675100e+00,  6.35190845e-01, -7.29864419e-01,  5.09338498e-01,
         1.89238107e+00,  2.25198078e+00, -9.11825180e-01,  1.50909996e+00,
         1.85439730e+00,  1.23792076e+00,  6.20282888e-01, -1.21970654e+00,
         7.24999666e-01, -1.28290153e+00, -5.66247627e-02,  9.58273649e-01,
         1.25053680e+00,  2.06898689e+00, -3.13173383e-02,  1.29413462e+00,
         1.16785443e+00,  1.50585747e+00,  5.38052380e-01, -1.50918484e-01,
         3.25492680e-01, -1.54994464e+00,  6.08394861e-01, -4.96038422e-03,
         2.88232714e-01,  1.66764748e+00,  1.20853722e+00,  4.53511849e-02,
        -9.53498244e-01,  1.13007796e+00, -7.71098912e-01,  4.27860677e-01,
         1.49390197e+00,  9.11889017e-01, -2.08491564e+00,  2.09748793e+00,
        -1.30724043e-01,  1.38153565e+00, -1.38970160e+00,  1.30569696e+00,
         2.77181655e-01,  2.21960936e-02,  3.24521393e-01, -1.37550557e+00,
         1.50687382e-01,  2.82594943e+00,  3.59682381e-01,  2.12721497e-01,
         1.97129536e+00,  1.43144441e+00,  2.08241969e-01,  2.20818686e+00,
         1.71778083e+00,  1.52077866e+00,  1.85205400e+00, -1.11198866e+00,
         6.85704827e-01,  3.25529170e+00,  9.79467869e-01, -1.02144432e+00,
         8.97985697e-01, -2.07843900e-01,  7.88922161e-02,  6.62427306e-01,
         3.17034245e+00,  2.10215497e+00, -8.21978867e-01,  1.07333863e+00,
         1.15674424e+00,  8.52030635e-01,  1.15310812e+00,  6.77326560e-01,
        -1.33405280e+00,  1.72084260e+00, -4.93699223e-01,  2.13314486e+00,
         2.53123045e+00,  9.53951657e-01,  1.40914507e-02,  2.13824272e+00,
         8.00436139e-01,  1.36258042e+00,  6.69519782e-01, -8.03884864e-01,
         4.43589956e-01,  2.37721190e-01,  3.38840103e+00,  9.74449098e-01,
         1.82224309e+00,  3.17051411e-01, -3.84706408e-02,  7.74765790e-01,
        -9.89179671e-01,  3.00075030e+00,  3.80276650e-01,  1.37390733e-01,
         1.25742936e+00,  1.51115656e+00,  5.56826878e+00,  5.64191639e-01,
         1.16862452e+00,  2.38137960e+00,  1.37043107e+00,  3.21674943e+00,
        -5.59770346e-01, -1.90899342e-01, -1.21376373e-01, -5.21377027e-01,
         1.69039190e+00, -5.96932471e-01,  6.37873650e-01,  1.66036820e+00,
        -1.37005448e+00, -3.87331009e-01,  1.21947670e+00,  2.43245816e+00,
         1.82930481e+00,  1.79824936e+00, -1.82384625e-02,  7.98137426e-01,
        -1.26358524e-01, -5.20767987e-01,  2.00994086e+00,  8.31561387e-01,
        -1.26359892e+00, -5.44197261e-01, -1.92081213e-01,  1.00081193e+00,
         2.08776236e+00, -1.06898582e+00,  6.57434344e-01,  1.40853322e+00,
         1.13655484e+00, -1.63352442e+00,  5.68365574e-01,  1.89343226e+00,
        -1.07217336e+00, -4.39347595e-01,  2.82955003e+00, -1.12322724e+00,
         1.67628229e-01,  4.34079051e-01,  5.93778491e-01, -2.53545195e-01,
         1.64540303e+00,  1.14562082e+00,  2.01530027e+00,  3.95684302e-01,
         2.73724008e+00,  1.62979639e+00,  2.56612849e+00, -1.12644386e+00,
         6.18812919e-01, -3.66977662e-01, -1.56110913e-01,  3.76536894e+00,
         5.35549641e-01, -1.48008192e+00,  2.81154037e+00,  8.83923709e-01,
        -2.69686270e+00,  9.34349224e-02,  7.39543587e-02,  8.96981061e-01,
        -3.55207086e-01,  2.24090791e+00,  3.85142893e-01, -6.44236743e-01,
        -1.69291568e+00, -1.10925388e+00, -1.54529607e+00, -6.55730486e-01,
         2.08127189e+00,  1.70037806e+00, -1.28164992e-01,  8.11714232e-01,
         1.26679039e+00, -1.17551811e-01, -2.15845156e+00,  3.90187234e-01,
         2.18370056e+00,  8.74466121e-01, -1.87645882e-01,  1.39379692e+00,
         5.22197843e-01,  6.50696754e-01,  1.54553211e+00,  1.79906976e+00,
         4.33677465e-01,  3.40389991e+00,  6.90061033e-01,  1.75320530e+00,
        -2.89228678e-01,  1.10852432e+00, -1.27376151e+00,  2.54293829e-01,
         3.76501608e+00,  1.13996911e+00,  3.38581324e+00, -3.76711696e-01,
         2.02670693e+00,  2.31453490e+00,  1.43046963e+00,  1.12221956e+00,
         8.97491723e-02, -4.94188786e-01,  1.09294176e+00,  1.39458549e+00,
         5.42415476e+00,  5.78352118e+00,  3.74159765e+00, -1.29154801e-01,
         4.14864570e-01,  1.45410344e-01,  2.78087646e-01,  2.35813761e+00,
        -1.70343304e+00, -1.33134902e+00,  9.69255209e-01, -1.34347761e+00,
         1.93664944e+00,  4.54371363e-01,  3.30947936e-01,  8.45065787e-02,
         8.83351505e-01,  2.59076357e+00,  7.30100095e-01, -1.06625266e-01,
        -2.13407278e+00,  5.69228411e-01, -9.95546043e-01, -1.24914849e+00,
        -1.40897083e+00,  6.75010324e-01, -9.73551214e-01, -1.39665520e+00,
        -1.20948124e+00, -2.37212324e+00, -9.85241652e-01, -8.86305809e-01,
        -1.29663789e+00, -1.19492698e+00, -1.09923041e+00, -5.00907481e-01,
        -1.02483702e+00, -1.29641998e+00, -2.39427015e-01, -7.78618217e-01,
        -2.58858943e+00, -6.48146749e-01, -1.82027781e+00, -1.60128081e+00,
        -1.65266067e-01,  6.06948972e-01, -3.26067895e-01, -6.47286534e-01,
        -1.23729515e+00, -1.64118633e-01, -4.00914937e-01, -1.44487786e+00,
        -1.66842127e+00, -8.31101179e-01, -1.07072878e+00, -1.62347913e+00,
        -1.60102832e+00, -1.15969419e+00, -9.18113351e-01, -1.14912498e+00,
        -1.22197437e+00, -1.17995393e+00,  1.23153019e+00, -9.44851637e-01,
         3.26505974e-02, -4.70456928e-02, -1.16831458e+00,  1.43796587e+00,
        -7.77167559e-01, -7.58340657e-01,  1.77271879e+00,  4.16533709e-01,
        -9.95915174e-01,  1.98118016e-01, -2.06401542e-01, -1.39640808e+00,
         2.24850133e-01, -6.03534579e-01,  1.05732536e+00, -1.86244443e-01,
        -8.28832865e-01,  6.34267032e-02, -1.75595438e+00, -3.11288297e-01,
        -1.34978604e+00, -5.63652396e-01, -1.60669839e+00, -1.23428416e+00,
        -1.22507131e+00, -2.07165551e+00, -2.10377598e+00, -1.47980452e+00,
        -1.39289403e+00, -3.10271692e+00, -1.45663053e-01,  1.27832091e+00],
       device='cuda:0')
Clean RHS: tensor([[0.41029513]], device='cuda:0')
Split layers:
Nonlinear functions:
   BoundRelu(name=/66, inputs=[/input], perturbed=True)
   BoundRelu(name=/68, inputs=[/input-4], perturbed=True)
   BoundRelu(name=/71, inputs=[/input-12], perturbed=True)
   BoundRelu(name=/73, inputs=[/input-16], perturbed=True)
   BoundRelu(name=/76, inputs=[/input-24], perturbed=True)
   BoundRelu(name=/78, inputs=[/input-28], perturbed=True)
   BoundRelu(name=/80, inputs=[/input-32], perturbed=True)
   BoundRelu(name=/83, inputs=[/input-40], perturbed=True)
   BoundRelu(name=/85, inputs=[/input-44], perturbed=True)
   BoundRelu(name=/87, inputs=[/input-48], perturbed=True)
   BoundRelu(name=/90, inputs=[/input-56], perturbed=True)
   BoundRelu(name=/92, inputs=[/input-60], perturbed=True)
   BoundRelu(name=/94, inputs=[/input-64], perturbed=True)
   BoundRelu(name=/98, inputs=[/input-68], perturbed=True)
   BoundRelu(name=/101, inputs=[/input-72], perturbed=True)
   BoundRelu(name=/input-8/conv_1_relu, inputs=[/input-8/conv_1], perturbed=True)
   BoundRelu(name=/input-8/conv_3_relu, inputs=[/input-8/conv_3], perturbed=True)
   BoundRelu(name=/input-20/conv_1_relu, inputs=[/input-20/conv_1], perturbed=True)
   BoundRelu(name=/input-20/conv_3_relu, inputs=[/input-20/conv_3], perturbed=True)
   BoundRelu(name=/input-36/conv_1_relu, inputs=[/input-36/conv_1], perturbed=True)
   BoundRelu(name=/input-36/conv_3_relu, inputs=[/input-36/conv_3], perturbed=True)
   BoundRelu(name=/input-52/conv_1_relu, inputs=[/input-52/conv_1], perturbed=True)
   BoundRelu(name=/input-52/conv_3_relu, inputs=[/input-52/conv_3], perturbed=True)
   BoundRelu(name=/95/conv_1_relu, inputs=[/95/conv_1], perturbed=True)
   BoundRelu(name=/95/conv_3_relu, inputs=[/95/conv_3], perturbed=True)
Batched CROWN: node BoundConv(name=/input-4, inputs=[/66, /35, /36], perturbed=True), unstable size 92925
Batched CROWN: node BoundConv(name=/input-8/conv_1, inputs=[/68, /input-8/conv_1_w], perturbed=True), unstable size 242678
Batched CROWN: node BoundConv(name=/input-8/conv_3, inputs=[/input-8/add_1_2, /input-8/conv_3_w], perturbed=True), unstable size 26847
Batched CROWN: node BoundConv(name=/input-12, inputs=[/input-8/add_3_4, /37, /38], perturbed=True), unstable size 495579
Batched CROWN: node BoundConv(name=/input-16, inputs=[/71, /39, /40], perturbed=True), unstable size 1583161
Batched CROWN: node BoundConv(name=/input-20/conv_1, inputs=[/73, /input-20/conv_1_w], perturbed=True), unstable size 44928
Batched CROWN: node BoundConv(name=/input-20/conv_3, inputs=[/input-20/add_1_2, /input-20/conv_3_w], perturbed=True), unstable size 16653
Batched CROWN: node BoundConv(name=/input-24, inputs=[/input-20/add_3_4, /41, /42], perturbed=True), unstable size 385560
Batched CROWN: node BoundConv(name=/input-28, inputs=[/76, /43, /44], perturbed=True), unstable size 797197
Batched CROWN: node BoundConv(name=/input-32, inputs=[/78, /45, /46], perturbed=True), unstable size 246676
Batched CROWN: node BoundConv(name=/input-36/conv_1, inputs=[/80, /input-36/conv_1_w], perturbed=True), unstable size 33660
Batched CROWN: node BoundConv(name=/input-36/conv_3, inputs=[/input-36/add_1_2, /input-36/conv_3_w], perturbed=True), unstable size 21902
Batched CROWN: node BoundConv(name=/input-40, inputs=[/input-36/add_3_4, /47, /48], perturbed=True), unstable size 351122
Batched CROWN: node BoundConv(name=/input-44, inputs=[/83, /49, /50], perturbed=True), unstable size 336169
Batched CROWN: node BoundConv(name=/input-48, inputs=[/85, /51, /52], perturbed=True), unstable size 316441
Batched CROWN: node BoundConv(name=/input-52/conv_1, inputs=[/87, /input-52/conv_1_w], perturbed=True), unstable size 39555
Batched CROWN: node BoundConv(name=/input-52/conv_3, inputs=[/input-52/add_1_2, /input-52/conv_3_w], perturbed=True), unstable size 23116
Batched CROWN: node BoundConv(name=/input-56, inputs=[/input-52/add_3_4, /53, /54], perturbed=True), unstable size 99852
Batched CROWN: node BoundConv(name=/input-60, inputs=[/90, /55, /56], perturbed=True), unstable size 100347
Batched CROWN: node BoundConv(name=/input-64, inputs=[/92, /57, /58], perturbed=True), unstable size 100352
Batched CROWN: node BoundConv(name=/95/conv_1, inputs=[/94, /95/conv_1_w], perturbed=True), unstable size 50176
Batched CROWN: node BoundConv(name=/95/conv_3, inputs=[/95/add_1_2, /95/conv_3_w], perturbed=True), unstable size 25088
Batched CROWN: node BoundLinear(name=/input-68, inputs=[/96, /59, /60], perturbed=True), unstable size 4096
Batched CROWN: node BoundLinear(name=/input-72, inputs=[/99, /61, /62], perturbed=True), unstable size 4096
initial crown bounds: tensor([[-6.21232512e+08]], device='cuda:0')
Number of class (without rhs): 1 ; Worst class: (+ rhs) -621232512.0
Iteration 1
Adv attack time: 1.5517s
Batch size: 1
Current pickout batch: 1, total pickout batch: 1
Batched CROWN: node BoundConv(name=/input-4, inputs=[/66, /35, /36], perturbed=True), unstable size 92925
Batched CROWN: node BoundConv(name=/input-8/conv_1, inputs=[/68, /input-8/conv_1_w], perturbed=True), unstable size 242679
Batched CROWN: node BoundConv(name=/input-8/conv_3, inputs=[/input-8/add_1_2, /input-8/conv_3_w], perturbed=True), unstable size 26847
Batched CROWN: node BoundConv(name=/input-12, inputs=[/input-8/add_3_4, /37, /38], perturbed=True), unstable size 495579
Batched CROWN: node BoundConv(name=/input-16, inputs=[/71, /39, /40], perturbed=True), unstable size 1583159
Batched CROWN: node BoundConv(name=/input-20/conv_1, inputs=[/73, /input-20/conv_1_w], perturbed=True), unstable size 44929
Batched CROWN: node BoundConv(name=/input-20/conv_3, inputs=[/input-20/add_1_2, /input-20/conv_3_w], perturbed=True), unstable size 16654
Batched CROWN: node BoundConv(name=/input-24, inputs=[/input-20/add_3_4, /41, /42], perturbed=True), unstable size 385558
Batched CROWN: node BoundConv(name=/input-28, inputs=[/76, /43, /44], perturbed=True), unstable size 797197
Batched CROWN: node BoundConv(name=/input-32, inputs=[/78, /45, /46], perturbed=True), unstable size 246676
Batched CROWN: node BoundConv(name=/input-36/conv_1, inputs=[/80, /input-36/conv_1_w], perturbed=True), unstable size 33662
Batched CROWN: node BoundConv(name=/input-36/conv_3, inputs=[/input-36/add_1_2, /input-36/conv_3_w], perturbed=True), unstable size 21902
Batched CROWN: node BoundConv(name=/input-40, inputs=[/input-36/add_3_4, /47, /48], perturbed=True), unstable size 351120
Batched CROWN: node BoundConv(name=/input-44, inputs=[/83, /49, /50], perturbed=True), unstable size 336169
Batched CROWN: node BoundConv(name=/input-48, inputs=[/85, /51, /52], perturbed=True), unstable size 316441
Batched CROWN: node BoundConv(name=/input-52/conv_1, inputs=[/87, /input-52/conv_1_w], perturbed=True), unstable size 39555
Batched CROWN: node BoundConv(name=/input-52/conv_3, inputs=[/input-52/add_1_2, /input-52/conv_3_w], perturbed=True), unstable size 23116
Batched CROWN: node BoundConv(name=/input-56, inputs=[/input-52/add_3_4, /53, /54], perturbed=True), unstable size 99852
Batched CROWN: node BoundConv(name=/input-60, inputs=[/90, /55, /56], perturbed=True), unstable size 100347
Batched CROWN: node BoundConv(name=/input-64, inputs=[/92, /57, /58], perturbed=True), unstable size 100352
Batched CROWN: node BoundConv(name=/95/conv_1, inputs=[/94, /95/conv_1_w], perturbed=True), unstable size 50176
Batched CROWN: node BoundConv(name=/95/conv_3, inputs=[/95/add_1_2, /95/conv_3_w], perturbed=True), unstable size 25088
Batched CROWN: node BoundLinear(name=/input-68, inputs=[/96, /59, /60], perturbed=True), unstable size 4096
Batched CROWN: node BoundLinear(name=/input-72, inputs=[/99, /61, /62], perturbed=True), unstable size 4096
Worst bound: tensor([-6.21231488e+08], device='cuda:0')
Current (lb-rhs): -621231488.0
Total time: 3292.0125  pickout: 0.0008  split: 0.0017  decision: 0.0003  bounding: 3291.9743  clipping: 0.0000  add_domain: 0.0244  rest: 0.0108
Length of domains: 2
3 branch and bound domains visited
Time out!
Result: timeout
Time: 4996.435387372971
[rank 0] === Checking instance ID 790 ===
[rank 0] >>> Running ID=790 onnx=onnx/vgg16-7.onnx
Configurations:

general:
  device: cuda
  seed: 100
  conv_mode: patches
  deterministic: false
  double_fp: false
  loss_reduction_func: max
  sparse_alpha: true
  sparse_interm: true
  save_adv_example: false
  verify_onnxruntime_output: false
  eval_adv_example: false
  show_adv_example: false
  precompile_jit: false
  prepare_only: false
  complete_verifier: bab
  enable_incomplete_verification: false
  csv_name: instances.csv
  results_file: results/vggnet16_all_p_4/result_790.rank0.txt
  root_path: ../../vnncomp2023_benchmarks/benchmarks/vggnet16
  deterministic_opt: false
  graph_optimizer: 'Customized("custom_graph_optimizer", "maxpool_to_relu")'
  buffer_has_batchdim: false
  save_output: false
  output_file: out.pkl
  return_optimized_model: false
  output_additional_stats: true
  instance_id: 790
  dataset_output_dir: dataset
  min_stable_neurons_ratio_threshold: 0.0
model:
  name: null
  path: null
  onnx_path: /projects/air/dlverifier/vggnet16_all/onnx/vgg16-7.onnx
  onnx_path_prefix: ''
  cache_onnx_conversion: true
  debug_onnx: false
  onnx_quirks: null
  input_shape: null
  onnx_loader: default_onnx_and_vnnlib_loader
  onnx_optimization_flags: []
  onnx_vnnlib_joint_optimization_flags: none
  check_optimized: false
  flatten_final_output: false
  optimize_graph: null
  with_jacobian: false
data:
  start: 0
  end: 10000
  select_instance: null
  num_outputs: 1000
  mean: 0.0
  std: 1.0
  pkl_path: null
  dataset: null
  data_filter_path: null
  data_idx_file: null
specification:
  type: lp
  robustness_type: verified-acc
  norm: .inf
  epsilon: null
  epsilon_min: 0.0
  vnnlib_path: /projects/air/dlverifier/vggnet16_all/vnnlib/n02091134_whippet_global_k50176_eps_0.0003.vnnlib
  vnnlib_path_prefix: ''
  rhs_offset: null
solver:
  batch_size: 1
  auto_enlarge_batch_size: false
  min_batch_size_ratio: 0.1
  use_float64_in_last_iteration: false
  early_stop_patience: 10
  start_save_best: 0.5
  bound_prop_method: forward+backward
  init_bound_prop_method: same
  prune_after_crown: false
  optimize_disjuncts_separately: false
  crown:
    batch_size: 16
    max_crown_size: 1000000000
    relu_option: adaptive
  alpha-crown:
    alpha: true
    lr_alpha: 0.1
    iteration: 100
    share_alphas: false
    lr_decay: 0.98
    full_conv_alpha: true
    max_coeff_mul: .inf
    matmul_share_alphas: false
    disable_optimization: []
    max_time: 1.0
  invprop:
    apply_output_constraints_to: []
    tighten_input_bounds: false
    best_of_oc_and_no_oc: false
    directly_optimize: []
    oc_lr: 0.1
    share_gammas: false
  beta-crown:
    lr_alpha: 0.01
    lr_beta: 0.05
    lr_decay: 0.98
    optimizer: adam
    iteration: 10
    beta: true
    beta_warmup: true
    enable_opt_interm_bounds: false
    all_node_split_LP: false
  forward:
    refine: false
    dynamic: true
    max_dim: 100
    reset_threshold: 1.0
  intermediate_refinement:
    enabled: false
    batch_size: 10
    opt_coeffs: false
    opt_bias: false
    lr: 0.05
    layers: [-1]
    max_domains: 1000
  multi_class:
    label_batch_size: 32
    skip_with_refined_bound: true
  mip:
    unstable_neuron_threshold: 0
    parallel_solvers: null
    solver_threads: 1
    refine_neuron_timeout: 15
    refine_neuron_time_percentage: 0.8
    early_stop: true
    adv_warmup: true
    mip_solver: gurobi
    skip_unsafe: false
    topk_filter: 1.0
    sliding_window: -1
    extra_constraint: false
    refine_neuron_timeout_increasement: 0
    timeout_neuron_percentage: 0.3
    remaining_timeout_threshold: 1
    remove_unstable_neurons: true
    lp_solver: false
bab:
  initial_max_domains: 1
  backing_up_max_domain: null
  max_domains: .inf
  decision_thresh: 0
  timeout: 1200.0
  timeout_scale: 1
  max_iterations: -1
  override_timeout: null
  get_upper_bound: false
  pruning_in_iteration: true
  pruning_in_iteration_ratio: 0.2
  sort_targets: false
  batched_domain_list: true
  optimized_interm: ''
  interm_transfer: true
  recompute_interm: false
  sort_domain_interval: -1
  vanilla_crown: false
  tree_traversal: depth_first
  cut:
    enabled: false
    cuts_path: /tmp/abcrown_cuts
    implication: false
    bab_cut: false
    lp_cut: false
    method: null
    lr: 0.01
    lr_decay: 1.0
    iteration: 100
    bab_iteration: -1
    early_stop_patience: -1
    lr_beta: 0.02
    number_cuts: 50
    topk_cuts_in_filter: 1000
    batch_size_primal: 100
    max_num: 1000000000
    patches_cut: false
    cplex_cuts: false
    cplex_cuts_wait: 0
    cplex_cuts_revpickup: true
    cut_reference_bounds: true
    fix_intermediate_bounds: false
    _tmp_cuts: null
    fixed_cuts: false
    add_implied_cuts: false
    add_input_cuts: false
    biccos:
      enabled: false
      constraint_strengthening: true
      recursively_strengthening: false
      drop_ratio: 0.5
      verified_bonus: 0.3
      max_infer_iter: 20
      heuristic: neuron_influence_score
      save_biccos_cuts: false
      multi_tree_branching:
        enabled: false
        restore_best_tree: false
        keep_n_best_domains: 1
        k_splits: 1
        iterations: 1
  branching:
    method: sb
    candidates: 3
    reduceop: min
    enable_intermediate_bound_opt: false
    branching_input_and_activation: false
    branching_input_and_activation_order: [input, relu]
    branching_input_iterations: 30
    branching_relu_iterations: 50
    gnn_path: ''
    neural_heuristic:
      model_path: ''
    rl:
      experiment: general
      eval: false
      extras: []
      logging:
        color: true
        debug: true
        file: rl-experiment.log
      pnet:
        gH: 64
        tH: 64
        nheads: 64
        nlayers: 64
        useDynamicGraph: true
        bidirectional: false
        GAT: true
      training:
        gamma: 0.99
        lr: 0.001
        batchSize: 8
        loop: 8
        totalEpochs: 10
        updatePolicyFrequency: 10
        updateTargetFrequency: 10
        buffer: buffer.pkl
        preparedBuffer: 'False'
        TestingPreparedBuffer: false
        scriptTraining: false
        policynet: policy-checkpoint.pt
        targetnet: target-checkpoint.pt
        datasetShuffle: true
        targetedData: all
        splitRatio: 0.8
        maxInstances: -1
        trainingMode: full
        reward:
          norm: null
          bonus: 10.0
          penalty: -1.0
      egreedy:
        epsilon: 0.1
        epsilonDecay: 0.1
        minEpsilon: 0.1
        ePath: epsilon.pt
        enabled: true
      expert:
        useExpertUntilEpisode: 0.1
        enabled: true
        learnToImitateExpertEpochs: 10
    nonlinear_split:
      method: shortcut
      branching_point_method: uniform
      num_branches: 2
      filter: false
      filter_beta: false
      filter_clamp: false
      filter_batch_size: 10000
      filter_iterations: 25
      relu_only: false
      loose_tanh_threshold: null
      dynamic_bbps: false
      dynamic_options: [uniform, three_left, three_right]
      branching_point_node: ''
      branching_point_db: []
    input_split:
      enable_clip_domains: false
      split_hint: null
      reorder_bab: false
      enable: true
      enhanced_bound_prop_method: alpha-crown
      enhanced_branching_method: naive
      enhanced_bound_patience: 100000000.0
      attack_patience: 100000000.0
      adv_check: 0
      split_partitions: 2
      sb_margin_weight: 1.0
      sb_sum: false
      sb_primary_spec: null
      bf_backup_thresh: -1
      bf_rhs_offset: 0
      bf_iters: 1000000000.0
      bf_batch_size: 100000
      bf_zero_crossing_score: false
      touch_zero_score: 0
      ibp_enhancement: false
      catch_assertion: false
      compare_with_old_bounds: false
      update_rhs_with_attack: false
      sb_coeff_thresh: 0.001
      sort_index: null
      sort_descending: true
      show_progress: false
      presplit_domains: null
      skip_getting_worst_domain: false
  attack:
    enabled: false
    beam_candidates: 8
    beam_depth: 7
    max_dive_fix_ratio: 0.8
    min_local_free_ratio: 0.2
    mip_start_iteration: 5
    mip_timeout: 30.0
    adv_pool_threshold: null
    refined_mip_attacker: false
    refined_batch_size: null
attack:
  pgd_order: input_bab
  pgd_steps: 100
  pgd_restarts: 30
  pgd_batch_size: 100000000
  pgd_early_stop: true
  pgd_lr_decay: 0.99
  pgd_alpha: auto
  pgd_alpha_scale: false
  pgd_loss_mode: null
  pgd_restart_when_stuck: false
  enable_mip_attack: false
  adv_saver: default_adv_saver
  adv_verifier: default_adv_verifier
  early_stop_condition: default_early_stop_condition
  adv_example_finalizer: default_adv_example_finalizer
  pgd_loss: default_pgd_loss
  cex_path: ./test_cex.txt
  attack_mode: PGD
  attack_tolerance: 0.0
  attack_func: attack_with_general_specs
  gama_lambda: 10.0
  gama_decay: 0.9
  check_clean: true
  input_split:
    pgd_steps: 100
    pgd_restarts: 30
    pgd_alpha: auto
  input_split_enhanced:
    pgd_steps: 200
    pgd_restarts: 500000
    pgd_alpha: auto
  input_split_check_adv:
    enabled: auto
    pgd_steps: 5
    pgd_restarts: 5
    pgd_alpha: auto
    max_num_domains: 10
debug:
  sanity_check: Full+Graph
  view_model: false
  lp_test: null
  rescale_vnnlib_ptb: null
  test_optimized_bounds: false
  test_optimized_bounds_after_n_iterations: 0
  print_verbose_decisions: false

Experiments at Sat Feb 21 10:30:23 2026 on d1026
Internal results will be saved to results/vggnet16_all_p_4/result_790.rank0.txt.

[ZRL] %%%%%%%%%%%%%%%%%%%%%%%%%%%%%%%%%%% idx: 0, vnnlib ID: 0 %%%%%%%%%%%%%%%%%%%%%%%%%%%%%%%%%%%
Using onnx /projects/air/dlverifier/vggnet16_all/onnx/vgg16-7.onnx
Using vnnlib /projects/air/dlverifier/vggnet16_all/vnnlib/n02091134_whippet_global_k50176_eps_0.0003.vnnlib
Precompiled vnnlib file found at /projects/air/dlverifier/vggnet16_all/vnnlib/n02091134_whippet_global_k50176_eps_0.0003.vnnlib.compiled
Loading cached onnx model from /projects/air/dlverifier/vggnet16_all/onnx/vgg16-7.onnx.cached
Cannot read cached onnx file. Regenerating...
Loading onnx /projects/air/dlverifier/vggnet16_all/onnx/vgg16-7.onnx with quirks {}
Finished onnx model loading in 40.7418 seconds
Number of perturbed inputs: 150528
WARNING: prioritizing attack due to too many perturbed pixels on VGG
Setting arguments.Config["attack"]["pgd_order"] to "before"
Setting bound_prop_method to crown
Attack parameters: initialization=uniform, steps=100, restarts=30, alpha=7.500126957893372e-05, initialization=uniform, GAMA=False
Model output of first 5 examples:
 tensor([[-3.23375165e-01,  1.25993228e+00, -6.49312496e-01, -8.51722360e-01,
         -8.44722331e-01,  5.77966981e-02, -5.85824728e-01, -1.81726182e+00,
         -1.59545231e+00, -2.06188536e+00, -9.75014389e-01, -3.10173631e-01,
         -5.79356372e-01, -1.08834934e+00, -4.07832682e-01, -5.02498984e-01,
         -1.06036663e+00, -1.47498524e+00, -1.14133728e+00, -1.00498497e+00,
         -1.48326039e+00, -2.47859642e-01, -4.27190572e-01, -1.27240229e+00,
         -5.98780632e-01, -1.53608978e+00, -4.50774491e-01, -1.05271363e+00,
         -1.16416049e+00, -2.52781868e-01, -2.29899454e+00, -4.01690722e-01,
         -1.25873196e+00, -1.86421001e+00, -1.29429781e+00, -1.77672875e+00,
         -2.55904019e-01, -2.31733847e+00, -2.15047657e-01, -1.73659658e+00,
         -4.48670864e-01, -1.99145639e+00, -1.94359100e+00, -1.32895613e+00,
         -1.03601694e+00, -1.19507635e+00, -3.96099210e-01, -1.51498699e+00,
         -2.47530484e+00, -8.66079390e-01, -6.27163500e-02, -2.27865958e+00,
         -7.48643637e-01, -4.81305659e-01, -1.32746768e+00, -1.77119589e+00,
         -9.93010819e-01, -1.95991182e+00, -7.01797843e-01, -9.38883126e-01,
         -1.05025387e+00, -1.48694563e+00, -1.67337298e+00, -1.53254822e-01,
         -8.56243372e-01, -7.93352425e-01, -1.38970912e+00, -1.04545379e+00,
         -1.87752545e+00, -1.75903821e+00, -3.97059590e-01,  2.65495032e-01,
          1.39809489e-01,  7.62598753e-01,  1.68720514e-01,  7.25448787e-01,
         -2.89523661e-01,  6.06783390e-01,  4.72842842e-01,  3.97495419e-01,
          8.34412128e-03, -2.20987797e+00, -1.43645298e+00, -1.35048568e+00,
         -1.12157798e+00, -1.23870444e+00, -1.86085093e+00, -2.22353190e-01,
         -1.49226293e-01, -1.26060939e+00, -8.92992795e-01, -1.63787913e+00,
         -6.80067301e-01, -1.10398650e+00, -6.72062039e-01, -1.76470816e+00,
         -4.28643793e-01, -1.50408900e+00, -2.22046837e-01, -5.65556347e-01,
          3.05108964e-01, -1.20561016e+00, -2.07812190e+00,  7.84084108e-03,
         -1.21075809e+00, -1.93832088e+00, -1.16309536e+00, -4.48296458e-01,
         -1.00365961e+00, -1.31975818e+00, -3.57460797e-01,  1.79291654e+00,
         -4.13406849e-01, -6.45586967e-01, -8.10935855e-01, -1.22828615e+00,
         -8.59716117e-01,  2.37150699e-01, -9.71217275e-01, -1.74893963e+00,
         -1.94706070e+00, -1.56955516e+00, -8.49206865e-01, -2.28312898e+00,
         -1.49578822e+00, -2.36651731e+00,  5.33632413e-02, -9.18723822e-01,
          1.13507301e-01, -2.17340346e-02, -4.36906993e-01, -7.55463541e-01,
          1.16399214e-01, -9.41377282e-01, -6.21637940e-01, -1.12513006e+00,
         -1.09774756e+00, -2.24915177e-01, -1.14907181e+00, -2.13922024e+00,
         -2.21819472e+00, -6.86064124e-01, -1.18282306e+00, -1.08655882e+00,
         -1.05132830e+00, -3.27309668e-01, -8.65826666e-01,  4.43165869e-01,
          5.20357907e-01, -1.00946233e-01, -9.09210742e-01,  4.27104026e-01,
         -5.50696135e-01,  6.62575483e-01, -2.61171430e-01, -4.34029609e-01,
         -4.60203111e-01,  3.65219973e-02, -6.80106640e-01, -9.07867193e-01,
         -6.92176938e-01, -4.14706618e-01, -1.46037340e-01, -5.12526095e-01,
         -7.79803753e-01, -6.18201733e-01, -8.66801679e-01, -7.88365364e-01,
         -2.00135678e-01, -2.17411906e-01, -6.25695407e-01, -4.46208179e-01,
         -1.21095264e+00, -3.73054184e-02, -4.90085542e-01, -5.42542040e-01,
         -1.62124777e+00, -4.28886473e-01, -1.26259193e-01, -1.22857940e+00,
         -1.00816512e+00, -1.31656781e-01, -2.52927184e-01,  3.02621543e-01,
          1.63451180e-01, -3.60626489e-01, -6.75302595e-02,  3.53005826e-01,
         -1.24018103e-01, -2.84414023e-01, -2.69204285e-03,  7.86883593e-01,
         -3.94713372e-01, -2.59982586e-01, -6.09116197e-01,  6.80910587e-01,
         -2.41571933e-01, -6.96557701e-01, -9.22590137e-01,  6.03986859e-01,
         -4.42951649e-01, -1.05162370e+00,  7.40643218e-03,  8.98700774e-01,
         -3.63622189e-01, -7.73654282e-01, -7.51509249e-01, -6.97418809e-01,
         -6.28836691e-01, -7.39216864e-01, -1.31428945e+00, -2.29577035e-01,
         -4.05035347e-01, -1.17379582e+00, -6.15616977e-01, -5.72186470e-01,
         -1.18706524e-01, -1.60057604e-01, -5.47597110e-01, -5.61936736e-01,
         -4.56319600e-01, -3.63766551e-01, -2.37598106e-01,  5.65796614e-01,
          2.04639792e-01, -9.11481142e-01, -4.43787724e-01, -5.61123431e-01,
         -6.28076077e-01,  9.28846955e-01, -4.70779806e-01, -8.97413120e-03,
         -8.15270305e-01,  2.15844288e-01, -2.97774374e-01, -2.15217292e-01,
         -3.72494847e-01, -6.76305145e-02, -9.12190676e-01, -1.34858593e-01,
         -5.22933543e-01, -9.07487214e-01, -1.64345145e-01, -1.49194658e+00,
         -8.33623409e-01, -9.87423509e-02, -1.00589204e+00, -3.61926526e-01,
          3.21084335e-02,  2.76747912e-01, -1.49912760e-02, -9.09071088e-01,
          2.12931618e-01,  2.05903143e-01,  2.23406613e-01, -9.67601895e-01,
         -6.84114993e-01,  5.16465425e-01,  6.51789308e-01,  6.53497994e-01,
          6.40928984e-01, -9.45010558e-02, -7.97873616e-01, -2.88805395e-01,
         -4.11579669e-01,  4.88324523e-01, -4.07394804e-02, -1.42892912e-01,
         -1.13031363e+00,  1.99559286e-01,  4.71964508e-01, -5.47411561e-01,
         -1.20226309e-01, -3.38162512e-01, -4.76443201e-01, -9.74787593e-01,
         -8.26301455e-01,  3.25386673e-02, -3.65355998e-01,  4.50294465e-01,
         -2.69317999e-02,  1.13605201e+00,  1.20890653e+00,  2.21135664e+00,
          1.81165957e+00,  9.54679310e-01, -1.10730445e+00, -1.21070504e-01,
         -1.03379536e+00, -1.08166826e+00, -1.39465261e+00, -1.15403211e+00,
         -8.16840053e-01, -5.70955813e-01, -1.02554667e+00, -7.67743647e-01,
          1.81326747e-01, -9.83224750e-01, -1.75358725e+00, -6.59106314e-01,
         -1.86714494e+00, -3.59055310e-01, -5.13643086e-01, -1.01449525e+00,
         -1.56193733e+00, -2.76970530e+00, -8.99802804e-01, -8.29905629e-01,
         -7.64528930e-01, -1.26300633e+00,  3.55434269e-01, -8.05024654e-02,
         -1.21081448e+00,  1.57958537e-01,  3.90474349e-01, -4.88149047e-01,
         -9.77444291e-01, -1.86085188e+00,  9.39647481e-02,  1.83132499e-01,
         -4.04616773e-01, -2.36953235e+00, -1.91736197e+00, -1.38545358e+00,
         -1.71594644e+00, -2.27751064e+00, -2.07614255e+00, -3.81574064e-01,
         -1.88944077e+00, -1.53201771e+00, -3.67802173e-01,  1.43221021e-03,
          1.40890539e+00, -3.61985356e-01, -1.09871840e+00, -8.43388557e-01,
         -1.99510086e+00, -1.42215006e-02, -6.22572660e-01, -1.99028981e+00,
         -1.28953111e+00, -1.12743747e+00, -1.80310082e+00, -2.01747155e+00,
         -1.40177798e+00, -2.19241357e+00, -1.92876637e+00, -1.33209813e+00,
         -2.93331814e+00, -2.04422188e+00, -1.88468468e+00, -1.41417634e+00,
         -1.54290164e+00, -1.83749652e+00, -1.65989578e+00, -1.96484661e+00,
         -4.79753733e-01, -6.11754119e-01, -6.57704100e-02,  6.01752102e-03,
         -9.51335847e-01, -2.70418525e-01, -6.14290714e-01, -1.05855548e+00,
         -1.75282347e+00, -9.19563651e-01, -9.15445626e-01, -9.49155390e-01,
         -5.23272157e-01, -1.13455951e+00, -7.50605702e-01, -1.08563507e+00,
         -9.45069075e-01, -6.76845551e-01, -7.58539319e-01, -1.36417699e+00,
         -5.83307028e-01, -9.47269320e-01, -8.03521499e-02, -1.52422237e+00,
         -6.75632179e-01, -1.36721432e+00, -8.18634629e-01, -9.14378107e-01,
         -8.78544748e-01, -8.80108595e-01, -1.34740651e+00, -2.00407195e+00,
         -1.74639356e+00, -1.49677135e-02, -1.43570018e+00, -2.35479176e-01,
         -6.81401670e-01, -1.81297493e+00, -5.38557589e-01,  3.20538700e-01,
         -1.83566272e+00, -2.06941032e+00,  8.35942179e-02,  2.79270840e+00,
          8.28639448e-01,  1.08265139e-01,  7.09286213e-01, -6.78962290e-01,
         -4.58860695e-02,  9.49847400e-01,  3.86565089e-01, -4.34163839e-01,
         -1.55281675e+00,  2.72414899e+00, -1.69457018e+00,  3.13248968e+00,
          4.95872229e-01,  1.04743040e+00,  1.66804421e+00, -1.17597747e+00,
          2.13226032e+00,  9.54378664e-01,  2.12875080e+00,  1.90693986e+00,
          7.87715733e-01,  4.01941121e-01,  5.55620372e-01,  1.07464902e-01,
         -2.46216774e-01, -1.53412744e-01,  1.20421946e+00, -3.35089415e-01,
         -4.20193344e-01, -8.85291517e-01, -1.11177933e+00,  1.45573127e+00,
          8.28796983e-01,  9.96826947e-01,  2.03862596e+00,  2.60223150e+00,
         -9.14881349e-01,  7.87933111e-01,  1.70081818e+00,  7.44066060e-01,
         -2.78241932e-02,  1.55502951e+00,  1.01304257e+00,  2.60851908e+00,
         -9.13407445e-01,  1.13435209e-01,  3.77663541e+00,  2.57384688e-01,
         -5.33541381e-01,  3.91210049e-01, -5.40301621e-01,  1.58818197e+00,
          7.29271591e-01,  7.64117658e-01, -1.14802265e+00, -4.85708326e-01,
          9.04416561e-01,  2.48683190e+00, -3.76406431e-01,  9.82609510e-01,
         -9.27068055e-01,  1.29239833e+00,  2.15752244e+00,  2.23785192e-01,
          1.13280284e+00,  2.79263663e+00, -4.05448169e-01, -1.88877976e+00,
         -2.48909116e-01, -8.71176571e-02,  1.63516784e+00, -9.76712584e-01,
         -3.52522582e-01,  1.43155003e+00,  5.62312543e-01,  1.08696260e-02,
         -9.15166378e-01,  6.66777313e-01,  4.87426639e-01, -7.19680786e-01,
          2.27321196e+00,  9.12391961e-01,  3.86559844e-01, -3.93917501e-01,
          1.29168734e-01,  7.25080550e-01,  1.17221129e+00,  2.38024640e+00,
         -2.50981271e-01, -5.36991417e-01,  1.63049591e+00, -7.41202891e-01,
          1.76044673e-01,  1.37208629e+00,  1.10279012e+00,  7.55773365e-01,
          1.35869503e+00,  7.48021424e-01,  2.60653406e-01,  3.45881224e+00,
         -2.04259372e+00,  2.11550450e+00, -9.24263597e-02,  1.35480893e+00,
          5.82576394e-01,  6.72980905e-01, -1.68438232e+00,  9.82545435e-01,
          1.10992408e+00, -2.08849072e+00, -7.73778796e-01, -5.87251127e-01,
          8.59897792e-01,  3.18108261e-01,  7.86014915e-01, -2.76211739e-01,
          3.51008475e-02,  4.62547123e-01, -1.16082661e-01, -1.56827912e-01,
          9.30559754e-01,  2.94988662e-01, -1.02029669e+00,  5.89484096e-01,
          7.47650385e-01, -6.42581999e-01,  9.09503579e-01,  2.10461211e+00,
         -2.16348976e-01,  8.55858624e-01,  1.41388428e+00,  1.32092047e+00,
          1.04950154e+00,  5.82218647e-01,  2.96921945e+00, -1.34993482e+00,
         -8.93347681e-01, -8.00956249e-01,  6.72283769e-02,  2.24145889e+00,
          3.95109743e-01, -8.68342161e-01,  1.53214931e+00,  6.09612942e-01,
         -1.11218083e+00,  9.28731859e-01,  8.40001583e-01, -2.17090750e+00,
          9.87249315e-01,  3.50718522e+00, -1.16089970e-01,  1.25096574e-01,
          1.75364792e+00,  2.00457907e+00,  4.47518766e-01, -8.33536208e-01,
          3.80121350e+00,  1.96782947e+00,  1.07141924e+00,  9.89126086e-01,
         -1.13629961e+00, -3.94321054e-01,  1.66545141e+00,  1.12058985e+00,
          6.10172033e-01,  3.46105516e-01, -4.50127542e-01,  5.54918647e-01,
          1.22927630e+00, -2.19165874e+00,  6.29046917e-01, -7.32579350e-01,
          1.07729101e+00, -1.29610026e+00, -1.85029238e-01, -1.01269078e+00,
         -7.37575412e-01,  7.53522038e-01,  2.22550225e+00,  1.05445266e+00,
         -2.03197613e-01, -5.66098988e-01, -2.29613042e+00,  1.72704190e-01,
          1.34276068e+00,  1.52056789e+00, -7.78764427e-01,  1.54374862e+00,
          2.18754554e+00,  1.44922078e+00,  1.60187566e+00,  4.75167418e+00,
          4.24494445e-01,  4.07088369e-01,  6.35927141e-01, -1.50802088e+00,
          1.66287124e+00,  3.74108166e-01,  1.75289130e+00,  7.69251764e-01,
          2.10418701e+00,  1.86847854e+00,  1.56425822e+00, -2.30258894e+00,
          1.23095405e+00,  1.80808425e+00,  1.74185610e+00, -2.22353220e-01,
          2.15046263e+00, -1.63828862e+00,  2.50857592e+00,  9.60389137e-01,
         -8.86307776e-01,  5.54042399e-01,  1.85833311e+00,  2.11627603e+00,
          6.57187104e-01,  1.89579523e+00,  1.71034956e+00,  3.07231569e+00,
          2.56687140e+00, -2.22561210e-01,  1.43874019e-01,  1.88112557e+00,
         -6.87773228e-01, -7.42626905e-01,  1.59949338e+00,  4.69916850e-01,
         -1.26071465e+00,  1.41228175e+00,  2.82327861e-01,  1.25038600e+00,
          3.32439590e+00,  1.00844599e-01, -1.72077858e+00,  4.35295314e-01,
          2.43603253e+00, -6.68519258e-01,  1.15800560e+00,  1.22871900e+00,
         -1.02946830e+00,  6.41227484e-01, -3.60792607e-01,  2.80213982e-01,
          1.77075672e+00, -1.59794235e+00,  5.22091210e-01,  1.23176908e+00,
          2.54773259e+00, -6.44139707e-01,  1.63166022e+00,  3.07160878e+00,
          6.37968719e-01,  4.00702149e-01, -6.83279872e-01,  2.49290752e+00,
         -3.67530853e-01,  1.81988966e+00, -2.67520770e-02,  1.26971975e-01,
          1.25944972e-01, -1.89254987e+00,  1.97538459e+00, -3.87631774e-01,
          3.03902388e+00, -2.14281052e-01, -8.15828204e-01,  4.54523593e-01,
         -1.38473645e-01,  2.41881609e+00, -2.17549041e-01, -1.19503880e+00,
         -1.32138371e-01,  1.82902932e+00, -9.08230692e-02, -5.89288548e-02,
         -4.93683815e-01,  4.98081058e-01,  1.16117132e+00,  2.35162914e-01,
          2.22408652e+00,  2.17947102e+00,  4.08439130e-01,  1.68009913e+00,
          4.25915681e-02, -1.60660788e-01,  2.77206838e-01, -7.11760402e-01,
          1.94103539e+00,  1.98948097e+00, -3.30599570e+00,  6.07150793e-01,
          1.81675053e+00,  6.35190547e-01, -7.29864776e-01,  5.09338200e-01,
          1.89238083e+00,  2.25198054e+00, -9.11825478e-01,  1.50909972e+00,
          1.85439754e+00,  1.23792076e+00,  6.20282769e-01, -1.21970642e+00,
          7.24999428e-01, -1.28290129e+00, -5.66245988e-02,  9.58273649e-01,
          1.25053656e+00,  2.06898618e+00, -3.13172191e-02,  1.29413450e+00,
          1.16785407e+00,  1.50585783e+00,  5.38052380e-01, -1.50918543e-01,
          3.25492531e-01, -1.54994464e+00,  6.08394563e-01, -4.96020913e-03,
          2.88232595e-01,  1.66764724e+00,  1.20853722e+00,  4.53512073e-02,
         -9.53497946e-01,  1.13007760e+00, -7.71099091e-01,  4.27860528e-01,
          1.49390149e+00,  9.11889136e-01, -2.08491564e+00,  2.09748793e+00,
         -1.30723909e-01,  1.38153529e+00, -1.38970149e+00,  1.30569649e+00,
          2.77181745e-01,  2.21960936e-02,  3.24521452e-01, -1.37550569e+00,
          1.50687560e-01,  2.82594848e+00,  3.59683007e-01,  2.12721273e-01,
          1.97129536e+00,  1.43144441e+00,  2.08242163e-01,  2.20818686e+00,
          1.71778047e+00,  1.52077830e+00,  1.85205352e+00, -1.11198866e+00,
          6.85704768e-01,  3.25529122e+00,  9.79468107e-01, -1.02144432e+00,
          8.97985637e-01, -2.07843602e-01,  7.88921416e-02,  6.62427366e-01,
          3.17034268e+00,  2.10215497e+00, -8.21978986e-01,  1.07333839e+00,
          1.15674400e+00,  8.52030516e-01,  1.15310812e+00,  6.77326381e-01,
         -1.33405244e+00,  1.72084236e+00, -4.93699133e-01,  2.13314462e+00,
          2.53123021e+00,  9.53951597e-01,  1.40912272e-02,  2.13824224e+00,
          8.00435901e-01,  1.36257982e+00,  6.69520020e-01, -8.03884804e-01,
          4.43589956e-01,  2.37720937e-01,  3.38840079e+00,  9.74449337e-01,
          1.82224298e+00,  3.17051083e-01, -3.84704024e-02,  7.74765670e-01,
         -9.89179671e-01,  3.00075030e+00,  3.80276442e-01,  1.37390643e-01,
          1.25742900e+00,  1.51115632e+00,  5.56826830e+00,  5.64191401e-01,
          1.16862416e+00,  2.38137889e+00,  1.37043059e+00,  3.21674919e+00,
         -5.59770405e-01, -1.90899163e-01, -1.21376403e-01, -5.21377027e-01,
          1.69039202e+00, -5.96932113e-01,  6.37873709e-01,  1.66036797e+00,
         -1.37005472e+00, -3.87331039e-01,  1.21947682e+00,  2.43245769e+00,
          1.82930470e+00,  1.79824924e+00, -1.82385892e-02,  7.98137665e-01,
         -1.26358420e-01, -5.20767987e-01,  2.00994062e+00,  8.31560791e-01,
         -1.26359880e+00, -5.44197381e-01, -1.92081466e-01,  1.00081182e+00,
          2.08776188e+00, -1.06898582e+00,  6.57434404e-01,  1.40853298e+00,
          1.13655448e+00, -1.63352430e+00,  5.68365514e-01,  1.89343190e+00,
         -1.07217324e+00, -4.39347357e-01,  2.82954931e+00, -1.12322700e+00,
          1.67628318e-01,  4.34078991e-01,  5.93778670e-01, -2.53545344e-01,
          1.64540279e+00,  1.14562035e+00,  2.01530004e+00,  3.95684242e-01,
          2.73724008e+00,  1.62979615e+00,  2.56612802e+00, -1.12644374e+00,
          6.18812621e-01, -3.66977453e-01, -1.56110704e-01,  3.76536870e+00,
          5.35549521e-01, -1.48008180e+00,  2.81153893e+00,  8.83923590e-01,
         -2.69686246e+00,  9.34343860e-02,  7.39541948e-02,  8.96981239e-01,
         -3.55207413e-01,  2.24090815e+00,  3.85142475e-01, -6.44236624e-01,
         -1.69291580e+00, -1.10925400e+00, -1.54529595e+00, -6.55730724e-01,
          2.08127141e+00,  1.70037770e+00, -1.28165156e-01,  8.11714172e-01,
          1.26679015e+00, -1.17551811e-01, -2.15845108e+00,  3.90187114e-01,
          2.18370056e+00,  8.74466240e-01, -1.87645584e-01,  1.39379632e+00,
          5.22197664e-01,  6.50696576e-01,  1.54553211e+00,  1.79906976e+00,
          4.33677107e-01,  3.40389872e+00,  6.90060914e-01,  1.75320458e+00,
         -2.89228946e-01,  1.10852385e+00, -1.27376115e+00,  2.54293889e-01,
          3.76501608e+00,  1.13996875e+00,  3.38581252e+00, -3.76711220e-01,
          2.02670693e+00,  2.31453538e+00,  1.43046951e+00,  1.12221932e+00,
          8.97493511e-02, -4.94188905e-01,  1.09294152e+00,  1.39458525e+00,
          5.42415380e+00,  5.78352070e+00,  3.74159741e+00, -1.29154593e-01,
          4.14864510e-01,  1.45410508e-01,  2.78087586e-01,  2.35813713e+00,
         -1.70343316e+00, -1.33134878e+00,  9.69255149e-01, -1.34347761e+00,
          1.93664944e+00,  4.54370886e-01,  3.30947995e-01,  8.45065191e-02,
          8.83351445e-01,  2.59076262e+00,  7.30099857e-01, -1.06625400e-01,
         -2.13407278e+00,  5.69228351e-01, -9.95546043e-01, -1.24914849e+00,
         -1.40897083e+00,  6.75010085e-01, -9.73551214e-01, -1.39665508e+00,
         -1.20948112e+00, -2.37212324e+00, -9.85241652e-01, -8.86305809e-01,
         -1.29663754e+00, -1.19492638e+00, -1.09923005e+00, -5.00907421e-01,
         -1.02483714e+00, -1.29641986e+00, -2.39427224e-01, -7.78617978e-01,
         -2.58858895e+00, -6.48146570e-01, -1.82027757e+00, -1.60128057e+00,
         -1.65265858e-01,  6.06948853e-01, -3.26068074e-01, -6.47286654e-01,
         -1.23729467e+00, -1.64118558e-01, -4.00914997e-01, -1.44487762e+00,
         -1.66842091e+00, -8.31101060e-01, -1.07072878e+00, -1.62347889e+00,
         -1.60102820e+00, -1.15969408e+00, -9.18113589e-01, -1.14912510e+00,
         -1.22197449e+00, -1.17995417e+00,  1.23153019e+00, -9.44851398e-01,
          3.26506868e-02, -4.70457524e-02, -1.16831446e+00,  1.43796587e+00,
         -7.77167559e-01, -7.58340657e-01,  1.77271867e+00,  4.16533321e-01,
         -9.95915055e-01,  1.98118001e-01, -2.06401885e-01, -1.39640832e+00,
          2.24849463e-01, -6.03534698e-01,  1.05732536e+00, -1.86244398e-01,
         -8.28832984e-01,  6.34267330e-02, -1.75595438e+00, -3.11288327e-01,
         -1.34978557e+00, -5.63652158e-01, -1.60669804e+00, -1.23428428e+00,
         -1.22507131e+00, -2.07165527e+00, -2.10377598e+00, -1.47980440e+00,
         -1.39289403e+00, -3.10271645e+00, -1.45663053e-01,  1.27832103e+00]],
       device='cuda:0')
Adv example prediction (first 2 examples and 2 restarts):
 tensor([[[-3.04280341e-01,  1.22990370e+00, -6.39708638e-01, -8.15770388e-01,
          -8.40164900e-01,  7.79248103e-02, -6.37060642e-01, -1.81009507e+00,
          -1.58556700e+00, -2.00603843e+00, -9.20265079e-01, -3.28341573e-01,
          -6.00203991e-01, -1.12127626e+00, -4.06305552e-01, -4.92692679e-01,
          -1.07095957e+00, -1.48423111e+00, -1.15732133e+00, -1.03084624e+00,
          -1.44332337e+00, -1.84266254e-01, -4.11180913e-01, -1.25188172e+00,
          -5.80790222e-01, -1.51127136e+00, -3.96704733e-01, -1.02547991e+00,
          -1.15942717e+00, -2.03056961e-01, -2.28352475e+00, -4.27045971e-01,
          -1.23914742e+00, -1.84891617e+00, -1.26841807e+00, -1.76772273e+00,
          -2.79542059e-01, -2.32172441e+00, -1.76733732e-01, -1.71121931e+00,
          -4.69620198e-01, -1.91821301e+00, -1.89934123e+00, -1.28053963e+00,
          -9.96737540e-01, -1.16077578e+00, -4.33200777e-01, -1.46390402e+00,
          -2.44144726e+00, -8.61326516e-01, -8.74523744e-02, -2.21315980e+00,
          -7.11771071e-01, -4.90460634e-01, -1.31890798e+00, -1.79247797e+00,
          -1.00877237e+00, -1.93757761e+00, -7.34734893e-01, -9.05708611e-01,
          -1.05487728e+00, -1.49114418e+00, -1.63862789e+00, -6.14971407e-02,
          -8.00018489e-01, -7.42485821e-01, -1.30913997e+00, -1.05624425e+00,
          -1.78313577e+00, -1.70948756e+00, -3.94606203e-01,  2.62981057e-01,
           1.49865940e-01,  8.24123263e-01,  1.66879177e-01,  7.21136034e-01,
          -2.88512588e-01,  6.05980992e-01,  4.89524484e-01,  4.01920617e-01,
           5.95075712e-02, -2.13281131e+00, -1.40086627e+00, -1.29040933e+00,
          -1.10786939e+00, -1.22051466e+00, -1.81980646e+00, -2.53716439e-01,
          -1.74388453e-01, -1.27940309e+00, -9.23409879e-01, -1.61777508e+00,
          -6.60213232e-01, -1.11856174e+00, -6.92122161e-01, -1.68121421e+00,
          -4.63996261e-01, -1.50527120e+00, -1.27394050e-01, -5.51716864e-01,
           2.93451279e-01, -1.14393580e+00, -2.05379486e+00,  5.05160242e-02,
          -1.15812707e+00, -1.90367246e+00, -1.15304053e+00, -4.99004066e-01,
          -1.05350447e+00, -1.32111096e+00, -3.50375414e-01,  1.90395975e+00,
          -4.63718981e-01, -6.39358342e-01, -8.15633893e-01, -1.22000504e+00,
          -7.91740656e-01,  2.77949125e-01, -9.81775463e-01, -1.71423209e+00,
          -1.93711960e+00, -1.51771355e+00, -8.51256609e-01, -2.24152374e+00,
          -1.51176882e+00, -2.39175558e+00,  1.17280252e-01, -8.62930894e-01,
           2.14447975e-01, -1.12271067e-02, -4.36065108e-01, -7.25038886e-01,
           1.42530620e-01, -9.08711314e-01, -5.93232870e-01, -1.05539930e+00,
          -1.10576487e+00, -2.46099904e-01, -1.08827460e+00, -2.11587906e+00,
          -2.20149589e+00, -6.89406991e-01, -1.13604808e+00, -1.05959558e+00,
          -1.02597225e+00, -3.08550298e-01, -7.72219419e-01,  5.49641788e-01,
           5.92160404e-01, -1.02791637e-02, -9.23325241e-01,  4.10651952e-01,
          -4.88916039e-01,  6.41200185e-01, -2.59875566e-01, -4.32959348e-01,
          -4.39173490e-01,  3.64662074e-02, -6.55436814e-01, -9.14110124e-01,
          -6.48053885e-01, -4.24447626e-01, -1.74376339e-01, -4.85159039e-01,
          -7.55514979e-01, -6.02279842e-01, -8.27665389e-01, -7.10579872e-01,
          -1.99078083e-01, -1.81701690e-01, -5.79233706e-01, -4.89212751e-01,
          -1.25371444e+00,  8.56601819e-03, -4.57472444e-01, -4.74946380e-01,
          -1.54764891e+00, -3.93083841e-01, -1.44112200e-01, -1.21173108e+00,
          -9.88383651e-01, -8.07400048e-02, -2.48176843e-01,  3.06622624e-01,
           1.60953090e-01, -3.65642905e-01, -5.33498861e-02,  3.31309497e-01,
          -5.58597781e-02, -2.50439733e-01,  6.74323663e-02,  7.54435182e-01,
          -4.13341343e-01, -2.53721625e-01, -5.37341535e-01,  6.63635612e-01,
          -2.46549487e-01, -6.57143593e-01, -8.80570471e-01,  6.17154598e-01,
          -4.14935410e-01, -1.07406199e+00,  6.58686832e-03,  8.42619359e-01,
          -3.91595542e-01, -7.27878630e-01, -7.00970531e-01, -6.64479673e-01,
          -6.20919049e-01, -7.37511218e-01, -1.25135005e+00, -2.45659068e-01,
          -3.56016606e-01, -1.14453924e+00, -5.85902393e-01, -5.65564275e-01,
          -7.97731876e-02, -1.69124156e-01, -5.34643829e-01, -5.57979703e-01,
          -4.21608180e-01, -2.98692822e-01, -1.83301628e-01,  5.64764440e-01,
           2.28136510e-01, -8.87947679e-01, -4.22436774e-01, -5.26978076e-01,
          -6.00468457e-01,  9.19665694e-01, -5.01092851e-01, -6.07882440e-03,
          -8.01300406e-01,  2.07559451e-01, -3.12822282e-01, -1.78244501e-01,
          -3.72478068e-01, -1.05209030e-01, -9.04340923e-01, -1.24264300e-01,
          -4.97146308e-01, -8.56946588e-01, -1.85719222e-01, -1.46675587e+00,
          -7.83301473e-01, -1.12390041e-01, -9.70741808e-01, -3.44698906e-01,
           6.15085140e-02,  2.84926653e-01,  1.64148808e-02, -9.12351668e-01,
           2.95946389e-01,  1.81262612e-01,  2.17581183e-01, -9.45225239e-01,
          -6.45563185e-01,  5.27508914e-01,  6.62834346e-01,  6.04167163e-01,
           6.63294852e-01, -7.85532817e-02, -7.30256557e-01, -3.30371976e-01,
          -4.12088573e-01,  4.58865285e-01, -4.47022952e-02, -1.46937653e-01,
          -1.10086870e+00,  2.77015239e-01,  5.35909891e-01, -4.76268023e-01,
          -3.82758975e-02, -2.78691202e-01, -3.95571798e-01, -8.75447631e-01,
          -7.52058625e-01,  6.62153512e-02, -3.12614024e-01,  5.10207236e-01,
           2.91666016e-02,  1.15915668e+00,  1.21734619e+00,  2.21725774e+00,
           1.80389333e+00,  9.79541361e-01, -1.06119430e+00, -1.04332387e-01,
          -9.60436225e-01, -1.01282609e+00, -1.33784306e+00, -1.08349776e+00,
          -7.72107065e-01, -5.15409768e-01, -9.59556460e-01, -7.50020087e-01,
           2.04494521e-01, -9.15603220e-01, -1.68796968e+00, -6.10907853e-01,
          -1.84387887e+00, -4.19425994e-01, -4.59501624e-01, -1.01546371e+00,
          -1.58497703e+00, -2.76969481e+00, -9.01345313e-01, -8.41999650e-01,
          -7.61058331e-01, -1.30310071e+00,  3.32763046e-01, -9.96668935e-02,
          -1.22605169e+00,  1.54998779e-01,  3.67287248e-01, -5.19297719e-01,
          -9.47620571e-01, -1.87795579e+00,  1.16016500e-01,  1.95783213e-01,
          -3.98940772e-01, -2.36652565e+00, -1.88150299e+00, -1.39244974e+00,
          -1.70455551e+00, -2.27650046e+00, -2.04252815e+00, -3.72017205e-01,
          -1.88997018e+00, -1.52495003e+00, -3.26878905e-01,  7.16924220e-02,
           1.42607784e+00, -4.71178114e-01, -1.04662633e+00, -7.45974839e-01,
          -1.96648526e+00,  1.21845640e-02, -6.44778609e-01, -1.94232261e+00,
          -1.26463425e+00, -1.09775078e+00, -1.74957752e+00, -1.95632374e+00,
          -1.41241264e+00, -2.13639688e+00, -1.92728913e+00, -1.30462086e+00,
          -2.91205549e+00, -1.98021412e+00, -1.79554796e+00, -1.31801009e+00,
          -1.50423753e+00, -1.73231220e+00, -1.60326540e+00, -1.88278317e+00,
          -4.56535786e-01, -5.43795407e-01, -4.72012088e-02,  3.10554653e-02,
          -9.18631256e-01, -1.95602670e-01, -5.74536800e-01, -1.03175950e+00,
          -1.69391930e+00, -8.49602997e-01, -8.34808946e-01, -8.86549711e-01,
          -4.21949208e-01, -1.02815330e+00, -6.94179475e-01, -9.95568335e-01,
          -8.76291752e-01, -6.35304213e-01, -6.93673193e-01, -1.29230797e+00,
          -5.37243783e-01, -8.87724876e-01, -8.38642716e-02, -1.45493650e+00,
          -6.27588987e-01, -1.31396043e+00, -7.93769002e-01, -8.55721235e-01,
          -7.99362063e-01, -8.50636363e-01, -1.28452027e+00, -1.92292929e+00,
          -1.71062648e+00,  3.22567187e-02, -1.38353109e+00, -2.56337762e-01,
          -5.97869873e-01, -1.87352085e+00, -5.10486782e-01,  3.66294354e-01,
          -1.84335649e+00, -2.07888031e+00,  5.90604357e-02,  2.71101975e+00,
           7.84327388e-01,  3.70864980e-02,  6.44041061e-01, -6.12950027e-01,
          -5.44965500e-04,  9.65377748e-01,  3.49884033e-01, -4.23403412e-01,
          -1.50689304e+00,  2.74803185e+00, -1.63028693e+00,  2.96342874e+00,
           4.89253908e-01,  1.09141231e+00,  1.55490065e+00, -1.23223412e+00,
           2.14858437e+00,  8.85519385e-01,  2.13785338e+00,  1.87563598e+00,
           7.49024928e-01,  3.84031564e-01,  5.07745445e-01,  5.39676771e-02,
          -2.95203507e-01, -1.68551102e-01,  1.23473775e+00, -3.05764019e-01,
          -4.18249518e-01, -8.51056337e-01, -1.07952929e+00,  1.30113328e+00,
           8.71937633e-01,  9.04094398e-01,  1.95418227e+00,  2.48261523e+00,
          -9.30767655e-01,  8.33526909e-01,  1.75910032e+00,  7.96566367e-01,
          -7.43264556e-02,  1.56560338e+00,  1.01517153e+00,  2.48155308e+00,
          -8.80804539e-01,  8.48493874e-02,  3.77215648e+00,  2.24235862e-01,
          -5.59416950e-01,  3.89809608e-01, -5.25237024e-01,  1.60953641e+00,
           6.33538127e-01,  7.45968461e-01, -1.17619467e+00, -5.91571033e-01,
           8.71441901e-01,  2.35808253e+00, -3.53085458e-01,  9.24099088e-01,
          -9.24071908e-01,  1.30294895e+00,  2.15103340e+00,  1.62160456e-01,
           1.12980258e+00,  2.83190084e+00, -4.49599802e-01, -1.89174843e+00,
          -2.57302016e-01, -5.06464057e-02,  1.62303388e+00, -9.83519316e-01,
          -3.55801851e-01,  1.46440172e+00,  4.63871509e-01, -4.79904376e-02,
          -9.78213608e-01,  6.96695387e-01,  4.44037795e-01, -7.30897963e-01,
           2.28259921e+00,  9.44665849e-01,  4.48813975e-01, -3.69452238e-01,
           1.96727738e-01,  7.34753430e-01,  1.12340128e+00,  2.33936357e+00,
          -2.73901254e-01, -5.37593007e-01,  1.61378253e+00, -6.87113762e-01,
           1.78939879e-01,  1.41764116e+00,  1.08181286e+00,  7.49895096e-01,
           1.30536234e+00,  7.27917194e-01,  2.31297523e-01,  3.49585342e+00,
          -2.01503968e+00,  2.02517986e+00, -1.37988299e-01,  1.36322021e+00,
           5.23071706e-01,  6.23828888e-01, -1.68120635e+00,  1.00999880e+00,
           1.07556057e+00, -2.15057516e+00, -7.18313575e-01, -5.70166171e-01,
           8.96567464e-01,  2.90594310e-01,  7.80763686e-01, -3.61472189e-01,
          -8.46872330e-02,  4.53967601e-01, -1.39185712e-01, -1.42346919e-01,
           7.74269402e-01,  2.67205149e-01, -1.00917041e+00,  5.27208030e-01,
           7.31301308e-01, -6.39821589e-01,  8.57700586e-01,  2.10217619e+00,
          -2.57251471e-01,  7.63556004e-01,  1.43928325e+00,  1.31768966e+00,
           1.00198114e+00,  5.19816637e-01,  3.00610995e+00, -1.34910440e+00,
          -8.81493270e-01, -7.58249938e-01,  8.49607587e-03,  2.23420978e+00,
           4.94247437e-01, -8.97650361e-01,  1.49467611e+00,  5.40723860e-01,
          -1.11448312e+00,  8.85280192e-01,  8.20127010e-01, -2.15125036e+00,
           1.01918674e+00,  3.42665744e+00, -1.09777421e-01,  1.21377930e-01,
           1.67837071e+00,  2.05331182e+00,  4.77944940e-01, -8.44625354e-01,
           3.85458326e+00,  1.91923988e+00,  1.06014931e+00,  9.68304038e-01,
          -1.17176294e+00, -3.86933237e-01,  1.62696517e+00,  1.11165607e+00,
           5.20458698e-01,  3.13887507e-01, -4.62414682e-01,  5.53802252e-01,
           1.16090679e+00, -2.15851903e+00,  5.91434240e-01, -7.01092124e-01,
           1.05973911e+00, -1.26680911e+00, -1.31960437e-01, -1.01510227e+00,
          -7.23434567e-01,  7.43269920e-01,  2.09949923e+00,  9.53137696e-01,
          -2.50696331e-01, -6.51956081e-01, -2.32336354e+00,  2.68395871e-01,
           1.31675041e+00,  1.52559233e+00, -7.35135078e-01,  1.55152881e+00,
           2.10726070e+00,  1.38343811e+00,  1.65058184e+00,  4.67658806e+00,
           4.29154664e-01,  3.98593932e-01,  6.16956890e-01, -1.48554146e+00,
           1.73705018e+00,  3.68881285e-01,  1.68746519e+00,  7.99655855e-01,
           2.06715536e+00,  1.77350211e+00,  1.59087944e+00, -2.24556589e+00,
           1.26274538e+00,  1.74769282e+00,  1.64403641e+00, -2.47733399e-01,
           2.07281947e+00, -1.63353086e+00,  2.40552187e+00,  9.28299963e-01,
          -8.92182887e-01,  5.71731985e-01,  1.71172643e+00,  2.16192698e+00,
           6.62793040e-01,  1.81718683e+00,  1.70703983e+00,  2.97989035e+00,
           2.48509836e+00, -2.10271731e-01,  5.72875142e-02,  1.97336948e+00,
          -7.00152576e-01, -7.32648551e-01,  1.61473107e+00,  4.70595777e-01,
          -1.24048924e+00,  1.39172709e+00,  2.87744731e-01,  1.25228024e+00,
           3.38250852e+00,  1.27659887e-01, -1.68339968e+00,  4.76731837e-01,
           2.41182423e+00, -6.60075426e-01,  1.03962517e+00,  1.15939915e+00,
          -1.02135360e+00,  6.27480686e-01, -4.49110121e-01,  2.21726611e-01,
           1.76320887e+00, -1.57071698e+00,  5.15989780e-01,  1.23893833e+00,
           2.52364659e+00, -5.99170864e-01,  1.59382176e+00,  3.07952142e+00,
           5.53457558e-01,  4.62157309e-01, -6.85082555e-01,  2.37702942e+00,
          -3.66548210e-01,  1.87850869e+00, -5.92245087e-02,  6.98253661e-02,
           1.54542953e-01, -1.86016011e+00,  1.99561274e+00, -3.13794017e-01,
           2.97979903e+00, -2.07559258e-01, -7.46789753e-01,  4.04578716e-01,
          -1.45019069e-01,  2.26784706e+00, -2.19282344e-01, -1.18730319e+00,
          -1.79038733e-01,  1.78653753e+00, -3.26263122e-02,  2.24817079e-02,
          -4.26678598e-01,  5.41419029e-01,  1.11509943e+00,  1.46856084e-01,
           2.21797109e+00,  2.10362530e+00,  4.79598016e-01,  1.68756735e+00,
           6.60367310e-02, -1.00814417e-01,  3.24223459e-01, -7.72284567e-01,
           1.99391544e+00,  1.90913534e+00, -3.26970148e+00,  5.96236706e-01,
           1.77986896e+00,  6.46776378e-01, -7.05995917e-01,  4.75369424e-01,
           1.83309627e+00,  2.09122896e+00, -9.08765852e-01,  1.51217043e+00,
           1.87655210e+00,  1.18290043e+00,  6.50652528e-01, -1.22118962e+00,
           7.04999924e-01, -1.24635863e+00, -8.54580477e-02,  9.70665932e-01,
           1.34282184e+00,  1.93585551e+00, -3.60720605e-02,  1.25409031e+00,
           1.16784263e+00,  1.50657415e+00,  5.54665446e-01, -9.65850726e-02,
           2.55666912e-01, -1.51919079e+00,  6.20668650e-01, -3.57444175e-02,
           2.89751887e-01,  1.52059424e+00,  1.17395461e+00,  6.09523803e-03,
          -8.95076156e-01,  1.06600833e+00, -6.53665066e-01,  3.94668132e-01,
           1.44221425e+00,  9.32442725e-01, -2.05418968e+00,  2.07171464e+00,
          -1.48639336e-01,  1.39136302e+00, -1.37118554e+00,  1.18966961e+00,
           2.37374708e-01, -1.20612094e-03,  3.55144978e-01, -1.36074209e+00,
           1.44334212e-01,  2.81472921e+00,  3.56550634e-01,  2.31981337e-01,
           2.05608582e+00,  1.39555407e+00,  2.13308871e-01,  2.18057466e+00,
           1.67260027e+00,  1.51552629e+00,  1.71712840e+00, -1.10032022e+00,
           6.38498962e-01,  3.21414709e+00,  1.01081038e+00, -1.00626540e+00,
           8.80252957e-01, -2.19005674e-01,  5.67862578e-02,  6.37840986e-01,
           3.08382607e+00,  2.09066582e+00, -8.62758517e-01,  1.09304464e+00,
           1.12202251e+00,  8.44291568e-01,  1.19231200e+00,  6.56950355e-01,
          -1.34249175e+00,  1.72283232e+00, -5.18092036e-01,  2.14801192e+00,
           2.49073243e+00,  9.25294518e-01, -6.81415796e-02,  2.01039052e+00,
           8.00499260e-01,  1.39869928e+00,  6.55584157e-01, -8.23860705e-01,
           4.94314611e-01,  3.01700830e-01,  3.39733744e+00,  9.90615308e-01,
           1.80754805e+00,  2.78404713e-01, -7.23049790e-02,  7.78427124e-01,
          -1.00790393e+00,  2.98213840e+00,  3.40061694e-01,  9.31117386e-02,
           1.26896667e+00,  1.36138248e+00,  5.34117889e+00,  5.71048200e-01,
           1.14444327e+00,  2.26699352e+00,  1.43225873e+00,  3.10270047e+00,
          -5.58059216e-01, -2.43614435e-01, -1.09208174e-01, -4.66336638e-01,
           1.69644904e+00, -5.81866801e-01,  5.73857665e-01,  1.67885494e+00,
          -1.44328713e+00, -4.70391810e-01,  1.25563288e+00,  2.41992497e+00,
           1.86824310e+00,  1.79643011e+00,  3.25917751e-02,  7.38821089e-01,
          -1.82400942e-01, -4.96273071e-01,  1.97376847e+00,  7.24218190e-01,
          -1.22947276e+00, -5.15628874e-01, -2.36921325e-01,  9.19649303e-01,
           1.98979342e+00, -1.03478730e+00,  6.82970881e-01,  1.41225719e+00,
           1.09534240e+00, -1.66187572e+00,  5.43954253e-01,  1.83584785e+00,
          -1.05805814e+00, -3.71754885e-01,  2.72830844e+00, -1.06253242e+00,
           9.40930545e-02,  2.97975332e-01,  6.08997643e-01, -2.58748114e-01,
           1.58364165e+00,  1.07033896e+00,  1.90422916e+00,  3.32133889e-01,
           2.78366923e+00,  1.56833732e+00,  2.54190564e+00, -1.07475531e+00,
           6.61662161e-01, -4.23599511e-01, -2.50032127e-01,  3.76888537e+00,
           5.53771138e-01, -1.46540654e+00,  2.65314841e+00,  9.20769393e-01,
          -2.58203769e+00,  7.96970353e-02,  4.26219739e-02,  8.22329581e-01,
          -3.10366392e-01,  2.17833281e+00,  3.74063790e-01, -6.19140327e-01,
          -1.65906322e+00, -1.13508999e+00, -1.53951073e+00, -6.28591537e-01,
           1.99782991e+00,  1.61908519e+00, -1.52126580e-01,  9.11408126e-01,
           1.21390760e+00, -1.05742432e-01, -2.11369801e+00,  3.99439424e-01,
           2.05998373e+00,  8.85262907e-01, -1.37746051e-01,  1.22933090e+00,
           4.82185960e-01,  6.78081214e-01,  1.47661340e+00,  1.76288521e+00,
           3.90906185e-01,  3.37990952e+00,  6.50198400e-01,  1.64240921e+00,
          -2.45630428e-01,  1.02939820e+00, -1.23103738e+00,  2.93678552e-01,
           3.70082188e+00,  1.15128696e+00,  3.28116608e+00, -3.39639187e-01,
           1.98925531e+00,  2.28493190e+00,  1.34782803e+00,  1.06724834e+00,
           8.71651024e-02, -3.89099568e-01,  1.09419048e+00,  1.31476128e+00,
           5.39102459e+00,  5.64602566e+00,  3.69974732e+00, -1.78638488e-01,
           4.21656132e-01,  1.04741119e-01,  2.52994716e-01,  2.31630993e+00,
          -1.67230570e+00, -1.30995119e+00,  1.08658731e+00, -1.40869749e+00,
           1.88540244e+00,  4.19499546e-01,  3.00814807e-01,  1.20197035e-01,
           8.87070715e-01,  2.59378624e+00,  6.54866099e-01, -1.65013075e-01,
          -2.15271950e+00,  5.62385976e-01, -9.64103520e-01, -1.28261268e+00,
          -1.46089053e+00,  5.67044914e-01, -9.55493689e-01, -1.42566621e+00,
          -1.21437478e+00, -2.40861821e+00, -1.03066659e+00, -9.07455683e-01,
          -1.27516317e+00, -1.22659421e+00, -1.06939483e+00, -5.13768435e-01,
          -9.80013609e-01, -1.28436697e+00, -2.61420339e-01, -7.77954280e-01,
          -2.53798079e+00, -6.59881294e-01, -1.75865042e+00, -1.66319394e+00,
          -1.83456704e-01,  6.10573590e-01, -3.99363816e-01, -7.04129577e-01,
          -1.21138549e+00, -1.75518051e-01, -4.51328725e-01, -1.45416975e+00,
          -1.63169074e+00, -8.42625260e-01, -1.11432230e+00, -1.61759591e+00,
          -1.60948253e+00, -1.23039269e+00, -9.21260118e-01, -1.20685446e+00,
          -1.25195038e+00, -1.24151337e+00,  1.16270137e+00, -9.67932343e-01,
          -1.53352320e-02, -3.81455719e-02, -1.16138780e+00,  1.34422255e+00,
          -7.36637712e-01, -7.42323816e-01,  1.82676327e+00,  4.40415174e-01,
          -9.37110901e-01,  1.89408600e-01, -1.80691987e-01, -1.35314560e+00,
           2.34074801e-01, -5.95337391e-01,  8.93804371e-01, -2.42163643e-01,
          -8.38563442e-01,  4.46007326e-02, -1.73384523e+00, -3.21465552e-01,
          -1.33236456e+00, -5.64302146e-01, -1.55536556e+00, -1.20826876e+00,
          -1.26187980e+00, -2.02820253e+00, -2.02703190e+00, -1.40247416e+00,
          -1.34608734e+00, -3.05699396e+00, -1.25440568e-01,  1.18136203e+00]]],
       device='cuda:0')
PGD attack margin (first 2 examples and 10 specs):
 tensor([[[0.29393446]]], device='cuda:0')
number of violation:  0
Attack finished in 8.0762 seconds.
PGD attack failed
verified_status unknown
verified_success False
Total VNNLIB file length: 1, max property batch size: 1, total number of batches: 1

Properties batch 0, size 1
Remaining timeout: 1150.5824143886566
Verifying property 0 with 1 instances.
torch allclose failed: norm 8.889588571037166e-06
Model: BoundedModule(
  (/input-1): BoundInput(name=/input-1, inputs=[], perturbed=True)
  (/33): BoundParams(name=/33, inputs=[], perturbed=False)
  (/34): BoundParams(name=/34, inputs=[], perturbed=False)
  (/35): BoundParams(name=/35, inputs=[], perturbed=False)
  (/36): BoundParams(name=/36, inputs=[], perturbed=False)
  (/37): BoundParams(name=/37, inputs=[], perturbed=False)
  (/38): BoundParams(name=/38, inputs=[], perturbed=False)
  (/39): BoundParams(name=/39, inputs=[], perturbed=False)
  (/40): BoundParams(name=/40, inputs=[], perturbed=False)
  (/41): BoundParams(name=/41, inputs=[], perturbed=False)
  (/42): BoundParams(name=/42, inputs=[], perturbed=False)
  (/43): BoundParams(name=/43, inputs=[], perturbed=False)
  (/44): BoundParams(name=/44, inputs=[], perturbed=False)
  (/45): BoundParams(name=/45, inputs=[], perturbed=False)
  (/46): BoundParams(name=/46, inputs=[], perturbed=False)
  (/47): BoundParams(name=/47, inputs=[], perturbed=False)
  (/48): BoundParams(name=/48, inputs=[], perturbed=False)
  (/49): BoundParams(name=/49, inputs=[], perturbed=False)
  (/50): BoundParams(name=/50, inputs=[], perturbed=False)
  (/51): BoundParams(name=/51, inputs=[], perturbed=False)
  (/52): BoundParams(name=/52, inputs=[], perturbed=False)
  (/53): BoundParams(name=/53, inputs=[], perturbed=False)
  (/54): BoundParams(name=/54, inputs=[], perturbed=False)
  (/55): BoundParams(name=/55, inputs=[], perturbed=False)
  (/56): BoundParams(name=/56, inputs=[], perturbed=False)
  (/57): BoundParams(name=/57, inputs=[], perturbed=False)
  (/58): BoundParams(name=/58, inputs=[], perturbed=False)
  (/59): BoundParams(name=/59, inputs=[], perturbed=False)
  (/60): BoundParams(name=/60, inputs=[], perturbed=False)
  (/61): BoundParams(name=/61, inputs=[], perturbed=False)
  (/62): BoundParams(name=/62, inputs=[], perturbed=False)
  (/63): BoundParams(name=/63, inputs=[], perturbed=False)
  (/64): BoundParams(name=/64, inputs=[], perturbed=False)
  (/input): BoundConv(name=/input, inputs=[/input-1, /33, /34], perturbed=True)
  (/66): BoundRelu(name=/66, inputs=[/input], perturbed=True)
  (/input-4): BoundConv(name=/input-4, inputs=[/66, /35, /36], perturbed=True)
  (/68): BoundRelu(name=/68, inputs=[/input-4], perturbed=True)
  (/input-12): BoundConv(name=/input-12, inputs=[/input-8/add_3_4, /37, /38], perturbed=True)
  (/71): BoundRelu(name=/71, inputs=[/input-12], perturbed=True)
  (/input-16): BoundConv(name=/input-16, inputs=[/71, /39, /40], perturbed=True)
  (/73): BoundRelu(name=/73, inputs=[/input-16], perturbed=True)
  (/input-24): BoundConv(name=/input-24, inputs=[/input-20/add_3_4, /41, /42], perturbed=True)
  (/76): BoundRelu(name=/76, inputs=[/input-24], perturbed=True)
  (/input-28): BoundConv(name=/input-28, inputs=[/76, /43, /44], perturbed=True)
  (/78): BoundRelu(name=/78, inputs=[/input-28], perturbed=True)
  (/input-32): BoundConv(name=/input-32, inputs=[/78, /45, /46], perturbed=True)
  (/80): BoundRelu(name=/80, inputs=[/input-32], perturbed=True)
  (/input-40): BoundConv(name=/input-40, inputs=[/input-36/add_3_4, /47, /48], perturbed=True)
  (/83): BoundRelu(name=/83, inputs=[/input-40], perturbed=True)
  (/input-44): BoundConv(name=/input-44, inputs=[/83, /49, /50], perturbed=True)
  (/85): BoundRelu(name=/85, inputs=[/input-44], perturbed=True)
  (/input-48): BoundConv(name=/input-48, inputs=[/85, /51, /52], perturbed=True)
  (/87): BoundRelu(name=/87, inputs=[/input-48], perturbed=True)
  (/input-56): BoundConv(name=/input-56, inputs=[/input-52/add_3_4, /53, /54], perturbed=True)
  (/90): BoundRelu(name=/90, inputs=[/input-56], perturbed=True)
  (/input-60): BoundConv(name=/input-60, inputs=[/90, /55, /56], perturbed=True)
  (/92): BoundRelu(name=/92, inputs=[/input-60], perturbed=True)
  (/input-64): BoundConv(name=/input-64, inputs=[/92, /57, /58], perturbed=True)
  (/94): BoundRelu(name=/94, inputs=[/input-64], perturbed=True)
  (/96): BoundFlatten(name=/96, inputs=[/95/add_3_4], perturbed=True)
  (/input-68): BoundLinear(name=/input-68, inputs=[/96, /59, /60], perturbed=True)
  (/98): BoundRelu(name=/98, inputs=[/input-68], perturbed=True)
  (/99): BoundFlatten(name=/99, inputs=[/98], perturbed=True)
  (/input-72): BoundLinear(name=/input-72, inputs=[/99, /61, /62], perturbed=True)
  (/101): BoundRelu(name=/101, inputs=[/input-72], perturbed=True)
  (/102): BoundFlatten(name=/102, inputs=[/101], perturbed=True)
  (/103): BoundLinear(name=/103, inputs=[/102, /63, /64], perturbed=True)
  (/input-8/conv_1): BoundConv(name=/input-8/conv_1, inputs=[/68, /input-8/conv_1_w], perturbed=True)
  (/input-8/conv_1_relu): BoundRelu(name=/input-8/conv_1_relu, inputs=[/input-8/conv_1], perturbed=True)
  (/input-8/conv_1_w): BoundParams(name=/input-8/conv_1_w, inputs=[], perturbed=False)
  (/input-8/conv_2): BoundConv(name=/input-8/conv_2, inputs=[/68, /input-8/conv_2_w], perturbed=True)
  (/input-8/conv_2_w): BoundParams(name=/input-8/conv_2_w, inputs=[], perturbed=False)
  (/input-8/conv_3): BoundConv(name=/input-8/conv_3, inputs=[/input-8/add_1_2, /input-8/conv_3_w], perturbed=True)
  (/input-8/conv_3_relu): BoundRelu(name=/input-8/conv_3_relu, inputs=[/input-8/conv_3], perturbed=True)
  (/input-8/conv_3_w): BoundParams(name=/input-8/conv_3_w, inputs=[], perturbed=False)
  (/input-8/conv_4): BoundConv(name=/input-8/conv_4, inputs=[/input-8/add_1_2, /input-8/conv_4_w], perturbed=True)
  (/input-8/conv_4_w): BoundParams(name=/input-8/conv_4_w, inputs=[], perturbed=False)
  (/input-8/add_1_2): BoundAdd(name=/input-8/add_1_2, inputs=[/input-8/conv_1_relu, /input-8/conv_2], perturbed=True)
  (/input-8/add_3_4): BoundAdd(name=/input-8/add_3_4, inputs=[/input-8/conv_3_relu, /input-8/conv_4], perturbed=True)
  (/input-20/conv_1): BoundConv(name=/input-20/conv_1, inputs=[/73, /input-20/conv_1_w], perturbed=True)
  (/input-20/conv_1_relu): BoundRelu(name=/input-20/conv_1_relu, inputs=[/input-20/conv_1], perturbed=True)
  (/input-20/conv_1_w): BoundParams(name=/input-20/conv_1_w, inputs=[], perturbed=False)
  (/input-20/conv_2): BoundConv(name=/input-20/conv_2, inputs=[/73, /input-20/conv_2_w], perturbed=True)
  (/input-20/conv_2_w): BoundParams(name=/input-20/conv_2_w, inputs=[], perturbed=False)
  (/input-20/conv_3): BoundConv(name=/input-20/conv_3, inputs=[/input-20/add_1_2, /input-20/conv_3_w], perturbed=True)
  (/input-20/conv_3_relu): BoundRelu(name=/input-20/conv_3_relu, inputs=[/input-20/conv_3], perturbed=True)
  (/input-20/conv_3_w): BoundParams(name=/input-20/conv_3_w, inputs=[], perturbed=False)
  (/input-20/conv_4): BoundConv(name=/input-20/conv_4, inputs=[/input-20/add_1_2, /input-20/conv_4_w], perturbed=True)
  (/input-20/conv_4_w): BoundParams(name=/input-20/conv_4_w, inputs=[], perturbed=False)
  (/input-20/add_1_2): BoundAdd(name=/input-20/add_1_2, inputs=[/input-20/conv_1_relu, /input-20/conv_2], perturbed=True)
  (/input-20/add_3_4): BoundAdd(name=/input-20/add_3_4, inputs=[/input-20/conv_3_relu, /input-20/conv_4], perturbed=True)
  (/input-36/conv_1): BoundConv(name=/input-36/conv_1, inputs=[/80, /input-36/conv_1_w], perturbed=True)
  (/input-36/conv_1_relu): BoundRelu(name=/input-36/conv_1_relu, inputs=[/input-36/conv_1], perturbed=True)
  (/input-36/conv_1_w): BoundParams(name=/input-36/conv_1_w, inputs=[], perturbed=False)
  (/input-36/conv_2): BoundConv(name=/input-36/conv_2, inputs=[/80, /input-36/conv_2_w], perturbed=True)
  (/input-36/conv_2_w): BoundParams(name=/input-36/conv_2_w, inputs=[], perturbed=False)
  (/input-36/conv_3): BoundConv(name=/input-36/conv_3, inputs=[/input-36/add_1_2, /input-36/conv_3_w], perturbed=True)
  (/input-36/conv_3_relu): BoundRelu(name=/input-36/conv_3_relu, inputs=[/input-36/conv_3], perturbed=True)
  (/input-36/conv_3_w): BoundParams(name=/input-36/conv_3_w, inputs=[], perturbed=False)
  (/input-36/conv_4): BoundConv(name=/input-36/conv_4, inputs=[/input-36/add_1_2, /input-36/conv_4_w], perturbed=True)
  (/input-36/conv_4_w): BoundParams(name=/input-36/conv_4_w, inputs=[], perturbed=False)
  (/input-36/add_1_2): BoundAdd(name=/input-36/add_1_2, inputs=[/input-36/conv_1_relu, /input-36/conv_2], perturbed=True)
  (/input-36/add_3_4): BoundAdd(name=/input-36/add_3_4, inputs=[/input-36/conv_3_relu, /input-36/conv_4], perturbed=True)
  (/input-52/conv_1): BoundConv(name=/input-52/conv_1, inputs=[/87, /input-52/conv_1_w], perturbed=True)
  (/input-52/conv_1_relu): BoundRelu(name=/input-52/conv_1_relu, inputs=[/input-52/conv_1], perturbed=True)
  (/input-52/conv_1_w): BoundParams(name=/input-52/conv_1_w, inputs=[], perturbed=False)
  (/input-52/conv_2): BoundConv(name=/input-52/conv_2, inputs=[/87, /input-52/conv_2_w], perturbed=True)
  (/input-52/conv_2_w): BoundParams(name=/input-52/conv_2_w, inputs=[], perturbed=False)
  (/input-52/conv_3): BoundConv(name=/input-52/conv_3, inputs=[/input-52/add_1_2, /input-52/conv_3_w], perturbed=True)
  (/input-52/conv_3_relu): BoundRelu(name=/input-52/conv_3_relu, inputs=[/input-52/conv_3], perturbed=True)
  (/input-52/conv_3_w): BoundParams(name=/input-52/conv_3_w, inputs=[], perturbed=False)
  (/input-52/conv_4): BoundConv(name=/input-52/conv_4, inputs=[/input-52/add_1_2, /input-52/conv_4_w], perturbed=True)
  (/input-52/conv_4_w): BoundParams(name=/input-52/conv_4_w, inputs=[], perturbed=False)
  (/input-52/add_1_2): BoundAdd(name=/input-52/add_1_2, inputs=[/input-52/conv_1_relu, /input-52/conv_2], perturbed=True)
  (/input-52/add_3_4): BoundAdd(name=/input-52/add_3_4, inputs=[/input-52/conv_3_relu, /input-52/conv_4], perturbed=True)
  (/95/conv_1): BoundConv(name=/95/conv_1, inputs=[/94, /95/conv_1_w], perturbed=True)
  (/95/conv_1_relu): BoundRelu(name=/95/conv_1_relu, inputs=[/95/conv_1], perturbed=True)
  (/95/conv_1_w): BoundParams(name=/95/conv_1_w, inputs=[], perturbed=False)
  (/95/conv_2): BoundConv(name=/95/conv_2, inputs=[/94, /95/conv_2_w], perturbed=True)
  (/95/conv_2_w): BoundParams(name=/95/conv_2_w, inputs=[], perturbed=False)
  (/95/conv_3): BoundConv(name=/95/conv_3, inputs=[/95/add_1_2, /95/conv_3_w], perturbed=True)
  (/95/conv_3_relu): BoundRelu(name=/95/conv_3_relu, inputs=[/95/conv_3], perturbed=True)
  (/95/conv_3_w): BoundParams(name=/95/conv_3_w, inputs=[], perturbed=False)
  (/95/conv_4): BoundConv(name=/95/conv_4, inputs=[/95/add_1_2, /95/conv_4_w], perturbed=True)
  (/95/conv_4_w): BoundParams(name=/95/conv_4_w, inputs=[], perturbed=False)
  (/95/add_1_2): BoundAdd(name=/95/add_1_2, inputs=[/95/conv_1_relu, /95/conv_2], perturbed=True)
  (/95/add_3_4): BoundAdd(name=/95/add_3_4, inputs=[/95/conv_3_relu, /95/conv_4], perturbed=True)
)
Model prediction is: tensor([-3.23374897e-01,  1.25993276e+00, -6.49312794e-01, -8.51722419e-01,
        -8.44722748e-01,  5.77966012e-02, -5.85824847e-01, -1.81726205e+00,
        -1.59545255e+00, -2.06188583e+00, -9.75014925e-01, -3.10173690e-01,
        -5.79356730e-01, -1.08834982e+00, -4.07832891e-01, -5.02499402e-01,
        -1.06036723e+00, -1.47498560e+00, -1.14133763e+00, -1.00498521e+00,
        -1.48326075e+00, -2.47860238e-01, -4.27191019e-01, -1.27240264e+00,
        -5.98780990e-01, -1.53608990e+00, -4.50774550e-01, -1.05271363e+00,
        -1.16416073e+00, -2.52782047e-01, -2.29899502e+00, -4.01690632e-01,
        -1.25873172e+00, -1.86421049e+00, -1.29429781e+00, -1.77672899e+00,
        -2.55903870e-01, -2.31733894e+00, -2.15047553e-01, -1.73659718e+00,
        -4.48670805e-01, -1.99145675e+00, -1.94359100e+00, -1.32895613e+00,
        -1.03601718e+00, -1.19507658e+00, -3.96099389e-01, -1.51498699e+00,
        -2.47530532e+00, -8.66079509e-01, -6.27164766e-02, -2.27865958e+00,
        -7.48643696e-01, -4.81305748e-01, -1.32746744e+00, -1.77119637e+00,
        -9.93010998e-01, -1.95991206e+00, -7.01797962e-01, -9.38883126e-01,
        -1.05025363e+00, -1.48694587e+00, -1.67337298e+00, -1.53254747e-01,
        -8.56243670e-01, -7.93352544e-01, -1.38970923e+00, -1.04545355e+00,
        -1.87752545e+00, -1.75903821e+00, -3.97059947e-01,  2.65494913e-01,
         1.39809012e-01,  7.62598515e-01,  1.68720141e-01,  7.25448430e-01,
        -2.89523721e-01,  6.06783032e-01,  4.72842544e-01,  3.97495478e-01,
         8.34403187e-03, -2.20987892e+00, -1.43645346e+00, -1.35048616e+00,
        -1.12157845e+00, -1.23870468e+00, -1.86085117e+00, -2.22353429e-01,
        -1.49226442e-01, -1.26060987e+00, -8.92992914e-01, -1.63787961e+00,
        -6.80067837e-01, -1.10398674e+00, -6.72062159e-01, -1.76470876e+00,
        -4.28644031e-01, -1.50408936e+00, -2.22046942e-01, -5.65556347e-01,
         3.05108994e-01, -1.20561016e+00, -2.07812214e+00,  7.84087088e-03,
        -1.21075833e+00, -1.93832123e+00, -1.16309536e+00, -4.48296279e-01,
        -1.00365961e+00, -1.31975830e+00, -3.57460558e-01,  1.79291713e+00,
        -4.13406849e-01, -6.45587146e-01, -8.10935974e-01, -1.22828615e+00,
        -8.59716237e-01,  2.37150609e-01, -9.71217215e-01, -1.74893975e+00,
        -1.94706082e+00, -1.56955516e+00, -8.49206626e-01, -2.28312922e+00,
        -1.49578834e+00, -2.36651754e+00,  5.33633903e-02, -9.18724298e-01,
         1.13507032e-01, -2.17342619e-02, -4.36906815e-01, -7.55463719e-01,
         1.16398945e-01, -9.41377521e-01, -6.21638179e-01, -1.12513018e+00,
        -1.09774780e+00, -2.24915385e-01, -1.14907205e+00, -2.13922071e+00,
        -2.21819496e+00, -6.86064363e-01, -1.18282342e+00, -1.08655918e+00,
        -1.05132830e+00, -3.27309787e-01, -8.65827203e-01,  4.43165869e-01,
         5.20357847e-01, -1.00946382e-01, -9.09211218e-01,  4.27103966e-01,
        -5.50696135e-01,  6.62575543e-01, -2.61171699e-01, -4.34029639e-01,
        -4.60203171e-01,  3.65220867e-02, -6.80106580e-01, -9.07867312e-01,
        -6.92177176e-01, -4.14706618e-01, -1.46037385e-01, -5.12526155e-01,
        -7.79803693e-01, -6.18201792e-01, -8.66801679e-01, -7.88365483e-01,
        -2.00135648e-01, -2.17411622e-01, -6.25695467e-01, -4.46208000e-01,
        -1.21095288e+00, -3.73052992e-02, -4.90085542e-01, -5.42542160e-01,
        -1.62124801e+00, -4.28886414e-01, -1.26259089e-01, -1.22857964e+00,
        -1.00816524e+00, -1.31656766e-01, -2.52927125e-01,  3.02621543e-01,
         1.63451210e-01, -3.60626549e-01, -6.75302446e-02,  3.53005737e-01,
        -1.24018088e-01, -2.84414113e-01, -2.69214716e-03,  7.86883473e-01,
        -3.94713432e-01, -2.59982616e-01, -6.09116256e-01,  6.80910826e-01,
        -2.41571993e-01, -6.96557939e-01, -9.22590315e-01,  6.03986859e-01,
        -4.42951709e-01, -1.05162370e+00,  7.40631297e-03,  8.98701012e-01,
        -3.63622248e-01, -7.73654282e-01, -7.51509368e-01, -6.97418928e-01,
        -6.28836811e-01, -7.39216924e-01, -1.31428957e+00, -2.29577035e-01,
        -4.05035138e-01, -1.17379582e+00, -6.15617275e-01, -5.72186410e-01,
        -1.18706398e-01, -1.60057604e-01, -5.47596931e-01, -5.61936855e-01,
        -4.56319362e-01, -3.63766551e-01, -2.37598017e-01,  5.65796793e-01,
         2.04640031e-01, -9.11481261e-01, -4.43787813e-01, -5.61123490e-01,
        -6.28076017e-01,  9.28847075e-01, -4.70779777e-01, -8.97396356e-03,
        -8.15270305e-01,  2.15844214e-01, -2.97774673e-01, -2.15217352e-01,
        -3.72494966e-01, -6.76306784e-02, -9.12190735e-01, -1.34858757e-01,
        -5.22933662e-01, -9.07487452e-01, -1.64345145e-01, -1.49194670e+00,
        -8.33623528e-01, -9.87423807e-02, -1.00589216e+00, -3.61926526e-01,
         3.21084186e-02,  2.76747882e-01, -1.49913728e-02, -9.09071207e-01,
         2.12931439e-01,  2.05903113e-01,  2.23406643e-01, -9.67601895e-01,
        -6.84115112e-01,  5.16465545e-01,  6.51789188e-01,  6.53497934e-01,
         6.40929103e-01, -9.45010856e-02, -7.97873795e-01, -2.88805455e-01,
        -4.11579669e-01,  4.88324344e-01, -4.07395698e-02, -1.42893061e-01,
        -1.13031375e+00,  1.99559182e-01,  4.71964449e-01, -5.47411561e-01,
        -1.20226473e-01, -3.38162512e-01, -4.76443231e-01, -9.74787712e-01,
        -8.26301634e-01,  3.25386301e-02, -3.65355968e-01,  4.50294405e-01,
        -2.69318298e-02,  1.13605201e+00,  1.20890677e+00,  2.21135712e+00,
         1.81165981e+00,  9.54679310e-01, -1.10730445e+00, -1.21070832e-01,
        -1.03379548e+00, -1.08166850e+00, -1.39465249e+00, -1.15403211e+00,
        -8.16840231e-01, -5.70955992e-01, -1.02554679e+00, -7.67743707e-01,
         1.81326523e-01, -9.83224869e-01, -1.75358748e+00, -6.59106553e-01,
        -1.86714542e+00, -3.59055609e-01, -5.13643503e-01, -1.01449537e+00,
        -1.56193769e+00, -2.76970577e+00, -8.99803102e-01, -8.29905987e-01,
        -7.64529288e-01, -1.26300633e+00,  3.55434448e-01, -8.05027783e-02,
        -1.21081483e+00,  1.57958299e-01,  3.90474170e-01, -4.88149405e-01,
        -9.77444649e-01, -1.86085188e+00,  9.39645842e-02,  1.83132261e-01,
        -4.04616922e-01, -2.36953259e+00, -1.91736221e+00, -1.38545382e+00,
        -1.71594679e+00, -2.27751088e+00, -2.07614303e+00, -3.81574154e-01,
        -1.88944101e+00, -1.53201795e+00, -3.67802411e-01,  1.43199414e-03,
         1.40890527e+00, -3.61985356e-01, -1.09871840e+00, -8.43388796e-01,
        -1.99510109e+00, -1.42214559e-02, -6.22572422e-01, -1.99028981e+00,
        -1.28953123e+00, -1.12743723e+00, -1.80310071e+00, -2.01747155e+00,
        -1.40177798e+00, -2.19241357e+00, -1.92876649e+00, -1.33209836e+00,
        -2.93331861e+00, -2.04422235e+00, -1.88468504e+00, -1.41417670e+00,
        -1.54290187e+00, -1.83749676e+00, -1.65989602e+00, -1.96484673e+00,
        -4.79753822e-01, -6.11754239e-01, -6.57703951e-02,  6.01734221e-03,
        -9.51336145e-01, -2.70418584e-01, -6.14290774e-01, -1.05855536e+00,
        -1.75282383e+00, -9.19564068e-01, -9.15446043e-01, -9.49155807e-01,
        -5.23272455e-01, -1.13455975e+00, -7.50606060e-01, -1.08563530e+00,
        -9.45069253e-01, -6.76845670e-01, -7.58539677e-01, -1.36417747e+00,
        -5.83307207e-01, -9.47269678e-01, -8.03525448e-02, -1.52422285e+00,
        -6.75632536e-01, -1.36721456e+00, -8.18634927e-01, -9.14378226e-01,
        -8.78544927e-01, -8.80108476e-01, -1.34740663e+00, -2.00407243e+00,
        -1.74639380e+00, -1.49673708e-02, -1.43570030e+00, -2.35478848e-01,
        -6.81401551e-01, -1.81297505e+00, -5.38557470e-01,  3.20538938e-01,
        -1.83566308e+00, -2.06941032e+00,  8.35942477e-02,  2.79270887e+00,
         8.28639925e-01,  1.08265400e-01,  7.09286332e-01, -6.78962409e-01,
        -4.58862484e-02,  9.49847341e-01,  3.86565536e-01, -4.34163809e-01,
        -1.55281699e+00,  2.72414899e+00, -1.69457042e+00,  3.13249016e+00,
         4.95872051e-01,  1.04743052e+00,  1.66804445e+00, -1.17597747e+00,
         2.13226032e+00,  9.54378664e-01,  2.12875080e+00,  1.90694034e+00,
         7.87715912e-01,  4.01941210e-01,  5.55620313e-01,  1.07464910e-01,
        -2.46216685e-01, -1.53412461e-01,  1.20421958e+00, -3.35089505e-01,
        -4.20193285e-01, -8.85291815e-01, -1.11177957e+00,  1.45573163e+00,
         8.28797102e-01,  9.96826947e-01,  2.03862619e+00,  2.60223174e+00,
        -9.14881527e-01,  7.87933409e-01,  1.70081866e+00,  7.44066536e-01,
        -2.78242826e-02,  1.55502987e+00,  1.01304269e+00,  2.60851955e+00,
        -9.13407564e-01,  1.13434941e-01,  3.77663612e+00,  2.57384658e-01,
        -5.33541441e-01,  3.91210318e-01, -5.40302038e-01,  1.58818209e+00,
         7.29271948e-01,  7.64117777e-01, -1.14802265e+00, -4.85708356e-01,
         9.04416859e-01,  2.48683238e+00, -3.76406193e-01,  9.82609868e-01,
        -9.27067995e-01,  1.29239869e+00,  2.15752292e+00,  2.23785341e-01,
         1.13280332e+00,  2.79263711e+00, -4.05448437e-01, -1.88877976e+00,
        -2.48908877e-01, -8.71174335e-02,  1.63516843e+00, -9.76712644e-01,
        -3.52522463e-01,  1.43155003e+00,  5.62312841e-01,  1.08695515e-02,
        -9.15166259e-01,  6.66777611e-01,  4.87426668e-01, -7.19680786e-01,
         2.27321196e+00,  9.12392139e-01,  3.86559844e-01, -3.93917114e-01,
         1.29168704e-01,  7.25080550e-01,  1.17221177e+00,  2.38024616e+00,
        -2.50981241e-01, -5.36991596e-01,  1.63049638e+00, -7.41202712e-01,
         1.76044598e-01,  1.37208641e+00,  1.10279012e+00,  7.55773246e-01,
         1.35869527e+00,  7.48021722e-01,  2.60653764e-01,  3.45881271e+00,
        -2.04259396e+00,  2.11550522e+00, -9.24262628e-02,  1.35480905e+00,
         5.82576394e-01,  6.72980845e-01, -1.68438232e+00,  9.82545316e-01,
         1.10992396e+00, -2.08849049e+00, -7.73778617e-01, -5.87251127e-01,
         8.59897614e-01,  3.18108380e-01,  7.86015153e-01, -2.76211649e-01,
         3.51010263e-02,  4.62547213e-01, -1.16082825e-01, -1.56827927e-01,
         9.30559695e-01,  2.94988662e-01, -1.02029681e+00,  5.89484155e-01,
         7.47650743e-01, -6.42581880e-01,  9.09503579e-01,  2.10461211e+00,
        -2.16349021e-01,  8.55858564e-01,  1.41388440e+00,  1.32092071e+00,
         1.04950154e+00,  5.82219183e-01,  2.96921945e+00, -1.34993482e+00,
        -8.93347621e-01, -8.00956726e-01,  6.72283173e-02,  2.24145937e+00,
         3.95109951e-01, -8.68342161e-01,  1.53214955e+00,  6.09612882e-01,
        -1.11218059e+00,  9.28731740e-01,  8.40001822e-01, -2.17090750e+00,
         9.87249196e-01,  3.50718570e+00, -1.16090372e-01,  1.25096425e-01,
         1.75364804e+00,  2.00457931e+00,  4.47518826e-01, -8.33535910e-01,
         3.80121446e+00,  1.96782982e+00,  1.07141936e+00,  9.89126086e-01,
        -1.13629985e+00, -3.94321114e-01,  1.66545188e+00,  1.12059009e+00,
         6.10172212e-01,  3.46106052e-01, -4.50127482e-01,  5.54918587e-01,
         1.22927666e+00, -2.19165897e+00,  6.29047334e-01, -7.32579350e-01,
         1.07729125e+00, -1.29610014e+00, -1.85029477e-01, -1.01269078e+00,
        -7.37575591e-01,  7.53522277e-01,  2.22550249e+00,  1.05445278e+00,
        -2.03197554e-01, -5.66099048e-01, -2.29613066e+00,  1.72704175e-01,
         1.34276080e+00,  1.52056777e+00, -7.78764427e-01,  1.54374874e+00,
         2.18754601e+00,  1.44922054e+00,  1.60187566e+00,  4.75167513e+00,
         4.24494117e-01,  4.07088488e-01,  6.35927320e-01, -1.50802100e+00,
         1.66287172e+00,  3.74108195e-01,  1.75289142e+00,  7.69252002e-01,
         2.10418725e+00,  1.86847878e+00,  1.56425846e+00, -2.30258894e+00,
         1.23095405e+00,  1.80808413e+00,  1.74185622e+00, -2.22352922e-01,
         2.15046358e+00, -1.63828909e+00,  2.50857615e+00,  9.60389495e-01,
        -8.86307836e-01,  5.54042161e-01,  1.85833359e+00,  2.11627626e+00,
         6.57187402e-01,  1.89579546e+00,  1.71034956e+00,  3.07231665e+00,
         2.56687140e+00, -2.22561121e-01,  1.43873781e-01,  1.88112569e+00,
        -6.87773108e-01, -7.42626727e-01,  1.59949362e+00,  4.69916910e-01,
        -1.26071453e+00,  1.41228187e+00,  2.82327771e-01,  1.25038600e+00,
         3.32439661e+00,  1.00844562e-01, -1.72077858e+00,  4.35295284e-01,
         2.43603325e+00, -6.68519258e-01,  1.15800560e+00,  1.22871900e+00,
        -1.02946818e+00,  6.41227543e-01, -3.60792547e-01,  2.80214131e-01,
         1.77075696e+00, -1.59794235e+00,  5.22091389e-01,  1.23176944e+00,
         2.54773259e+00, -6.44139647e-01,  1.63166022e+00,  3.07160878e+00,
         6.37968838e-01,  4.00702327e-01, -6.83280051e-01,  2.49290800e+00,
        -3.67531031e-01,  1.81988966e+00, -2.67518535e-02,  1.26971886e-01,
         1.25944912e-01, -1.89255011e+00,  1.97538459e+00, -3.87631595e-01,
         3.03902435e+00, -2.14280874e-01, -8.15828383e-01,  4.54523802e-01,
        -1.38473555e-01,  2.41881633e+00, -2.17549041e-01, -1.19503891e+00,
        -1.32138044e-01,  1.82902932e+00, -9.08230841e-02, -5.89288250e-02,
        -4.93683934e-01,  4.98080909e-01,  1.16117156e+00,  2.35162705e-01,
         2.22408676e+00,  2.17947078e+00,  4.08439189e-01,  1.68009913e+00,
         4.25918140e-02, -1.60660759e-01,  2.77206838e-01, -7.11760342e-01,
         1.94103551e+00,  1.98948097e+00, -3.30599594e+00,  6.07150793e-01,
         1.81675100e+00,  6.35190845e-01, -7.29864419e-01,  5.09338498e-01,
         1.89238107e+00,  2.25198078e+00, -9.11825180e-01,  1.50909996e+00,
         1.85439730e+00,  1.23792076e+00,  6.20282888e-01, -1.21970654e+00,
         7.24999666e-01, -1.28290153e+00, -5.66247627e-02,  9.58273649e-01,
         1.25053680e+00,  2.06898689e+00, -3.13173383e-02,  1.29413462e+00,
         1.16785443e+00,  1.50585747e+00,  5.38052380e-01, -1.50918484e-01,
         3.25492680e-01, -1.54994464e+00,  6.08394861e-01, -4.96038422e-03,
         2.88232714e-01,  1.66764748e+00,  1.20853722e+00,  4.53511849e-02,
        -9.53498244e-01,  1.13007796e+00, -7.71098912e-01,  4.27860677e-01,
         1.49390197e+00,  9.11889017e-01, -2.08491564e+00,  2.09748793e+00,
        -1.30724043e-01,  1.38153565e+00, -1.38970160e+00,  1.30569696e+00,
         2.77181655e-01,  2.21960936e-02,  3.24521393e-01, -1.37550557e+00,
         1.50687382e-01,  2.82594943e+00,  3.59682381e-01,  2.12721497e-01,
         1.97129536e+00,  1.43144441e+00,  2.08241969e-01,  2.20818686e+00,
         1.71778083e+00,  1.52077866e+00,  1.85205400e+00, -1.11198866e+00,
         6.85704827e-01,  3.25529170e+00,  9.79467869e-01, -1.02144432e+00,
         8.97985697e-01, -2.07843900e-01,  7.88922161e-02,  6.62427306e-01,
         3.17034245e+00,  2.10215497e+00, -8.21978867e-01,  1.07333863e+00,
         1.15674424e+00,  8.52030635e-01,  1.15310812e+00,  6.77326560e-01,
        -1.33405280e+00,  1.72084260e+00, -4.93699223e-01,  2.13314486e+00,
         2.53123045e+00,  9.53951657e-01,  1.40914507e-02,  2.13824272e+00,
         8.00436139e-01,  1.36258042e+00,  6.69519782e-01, -8.03884864e-01,
         4.43589956e-01,  2.37721190e-01,  3.38840103e+00,  9.74449098e-01,
         1.82224309e+00,  3.17051411e-01, -3.84706408e-02,  7.74765790e-01,
        -9.89179671e-01,  3.00075030e+00,  3.80276650e-01,  1.37390733e-01,
         1.25742936e+00,  1.51115656e+00,  5.56826878e+00,  5.64191639e-01,
         1.16862452e+00,  2.38137960e+00,  1.37043107e+00,  3.21674943e+00,
        -5.59770346e-01, -1.90899342e-01, -1.21376373e-01, -5.21377027e-01,
         1.69039190e+00, -5.96932471e-01,  6.37873650e-01,  1.66036820e+00,
        -1.37005448e+00, -3.87331009e-01,  1.21947670e+00,  2.43245816e+00,
         1.82930481e+00,  1.79824936e+00, -1.82384625e-02,  7.98137426e-01,
        -1.26358524e-01, -5.20767987e-01,  2.00994086e+00,  8.31561387e-01,
        -1.26359892e+00, -5.44197261e-01, -1.92081213e-01,  1.00081193e+00,
         2.08776236e+00, -1.06898582e+00,  6.57434344e-01,  1.40853322e+00,
         1.13655484e+00, -1.63352442e+00,  5.68365574e-01,  1.89343226e+00,
        -1.07217336e+00, -4.39347595e-01,  2.82955003e+00, -1.12322724e+00,
         1.67628229e-01,  4.34079051e-01,  5.93778491e-01, -2.53545195e-01,
         1.64540303e+00,  1.14562082e+00,  2.01530027e+00,  3.95684302e-01,
         2.73724008e+00,  1.62979639e+00,  2.56612849e+00, -1.12644386e+00,
         6.18812919e-01, -3.66977662e-01, -1.56110913e-01,  3.76536894e+00,
         5.35549641e-01, -1.48008192e+00,  2.81154037e+00,  8.83923709e-01,
        -2.69686270e+00,  9.34349224e-02,  7.39543587e-02,  8.96981061e-01,
        -3.55207086e-01,  2.24090791e+00,  3.85142893e-01, -6.44236743e-01,
        -1.69291568e+00, -1.10925388e+00, -1.54529607e+00, -6.55730486e-01,
         2.08127189e+00,  1.70037806e+00, -1.28164992e-01,  8.11714232e-01,
         1.26679039e+00, -1.17551811e-01, -2.15845156e+00,  3.90187234e-01,
         2.18370056e+00,  8.74466121e-01, -1.87645882e-01,  1.39379692e+00,
         5.22197843e-01,  6.50696754e-01,  1.54553211e+00,  1.79906976e+00,
         4.33677465e-01,  3.40389991e+00,  6.90061033e-01,  1.75320530e+00,
        -2.89228678e-01,  1.10852432e+00, -1.27376151e+00,  2.54293829e-01,
         3.76501608e+00,  1.13996911e+00,  3.38581324e+00, -3.76711696e-01,
         2.02670693e+00,  2.31453490e+00,  1.43046963e+00,  1.12221956e+00,
         8.97491723e-02, -4.94188786e-01,  1.09294176e+00,  1.39458549e+00,
         5.42415476e+00,  5.78352118e+00,  3.74159765e+00, -1.29154801e-01,
         4.14864570e-01,  1.45410344e-01,  2.78087646e-01,  2.35813761e+00,
        -1.70343304e+00, -1.33134902e+00,  9.69255209e-01, -1.34347761e+00,
         1.93664944e+00,  4.54371363e-01,  3.30947936e-01,  8.45065787e-02,
         8.83351505e-01,  2.59076357e+00,  7.30100095e-01, -1.06625266e-01,
        -2.13407278e+00,  5.69228411e-01, -9.95546043e-01, -1.24914849e+00,
        -1.40897083e+00,  6.75010324e-01, -9.73551214e-01, -1.39665520e+00,
        -1.20948124e+00, -2.37212324e+00, -9.85241652e-01, -8.86305809e-01,
        -1.29663789e+00, -1.19492698e+00, -1.09923041e+00, -5.00907481e-01,
        -1.02483702e+00, -1.29641998e+00, -2.39427015e-01, -7.78618217e-01,
        -2.58858943e+00, -6.48146749e-01, -1.82027781e+00, -1.60128081e+00,
        -1.65266067e-01,  6.06948972e-01, -3.26067895e-01, -6.47286534e-01,
        -1.23729515e+00, -1.64118633e-01, -4.00914937e-01, -1.44487786e+00,
        -1.66842127e+00, -8.31101179e-01, -1.07072878e+00, -1.62347913e+00,
        -1.60102832e+00, -1.15969419e+00, -9.18113351e-01, -1.14912498e+00,
        -1.22197437e+00, -1.17995393e+00,  1.23153019e+00, -9.44851637e-01,
         3.26505974e-02, -4.70456928e-02, -1.16831458e+00,  1.43796587e+00,
        -7.77167559e-01, -7.58340657e-01,  1.77271879e+00,  4.16533709e-01,
        -9.95915174e-01,  1.98118016e-01, -2.06401542e-01, -1.39640808e+00,
         2.24850133e-01, -6.03534579e-01,  1.05732536e+00, -1.86244443e-01,
        -8.28832865e-01,  6.34267032e-02, -1.75595438e+00, -3.11288297e-01,
        -1.34978604e+00, -5.63652396e-01, -1.60669839e+00, -1.23428416e+00,
        -1.22507131e+00, -2.07165551e+00, -2.10377598e+00, -1.47980452e+00,
        -1.39289403e+00, -3.10271692e+00, -1.45663053e-01,  1.27832091e+00],
       device='cuda:0')
Clean RHS: tensor([[0.41029513]], device='cuda:0')
Split layers:
Nonlinear functions:
   BoundRelu(name=/66, inputs=[/input], perturbed=True)
   BoundRelu(name=/68, inputs=[/input-4], perturbed=True)
   BoundRelu(name=/71, inputs=[/input-12], perturbed=True)
   BoundRelu(name=/73, inputs=[/input-16], perturbed=True)
   BoundRelu(name=/76, inputs=[/input-24], perturbed=True)
   BoundRelu(name=/78, inputs=[/input-28], perturbed=True)
   BoundRelu(name=/80, inputs=[/input-32], perturbed=True)
   BoundRelu(name=/83, inputs=[/input-40], perturbed=True)
   BoundRelu(name=/85, inputs=[/input-44], perturbed=True)
   BoundRelu(name=/87, inputs=[/input-48], perturbed=True)
   BoundRelu(name=/90, inputs=[/input-56], perturbed=True)
   BoundRelu(name=/92, inputs=[/input-60], perturbed=True)
   BoundRelu(name=/94, inputs=[/input-64], perturbed=True)
   BoundRelu(name=/98, inputs=[/input-68], perturbed=True)
   BoundRelu(name=/101, inputs=[/input-72], perturbed=True)
   BoundRelu(name=/input-8/conv_1_relu, inputs=[/input-8/conv_1], perturbed=True)
   BoundRelu(name=/input-8/conv_3_relu, inputs=[/input-8/conv_3], perturbed=True)
   BoundRelu(name=/input-20/conv_1_relu, inputs=[/input-20/conv_1], perturbed=True)
   BoundRelu(name=/input-20/conv_3_relu, inputs=[/input-20/conv_3], perturbed=True)
   BoundRelu(name=/input-36/conv_1_relu, inputs=[/input-36/conv_1], perturbed=True)
   BoundRelu(name=/input-36/conv_3_relu, inputs=[/input-36/conv_3], perturbed=True)
   BoundRelu(name=/input-52/conv_1_relu, inputs=[/input-52/conv_1], perturbed=True)
   BoundRelu(name=/input-52/conv_3_relu, inputs=[/input-52/conv_3], perturbed=True)
   BoundRelu(name=/95/conv_1_relu, inputs=[/95/conv_1], perturbed=True)
   BoundRelu(name=/95/conv_3_relu, inputs=[/95/conv_3], perturbed=True)
Batched CROWN: node BoundConv(name=/input-4, inputs=[/66, /35, /36], perturbed=True), unstable size 140646
Batched CROWN: node BoundConv(name=/input-8/conv_1, inputs=[/68, /input-8/conv_1_w], perturbed=True), unstable size 330194
Batched CROWN: node BoundConv(name=/input-8/conv_3, inputs=[/input-8/add_1_2, /input-8/conv_3_w], perturbed=True), unstable size 37618
Batched CROWN: node BoundConv(name=/input-12, inputs=[/input-8/add_3_4, /37, /38], perturbed=True), unstable size 678687
Batched CROWN: node BoundConv(name=/input-16, inputs=[/71, /39, /40], perturbed=True), unstable size 1598930
Batched CROWN: node BoundConv(name=/input-20/conv_1, inputs=[/73, /input-20/conv_1_w], perturbed=True), unstable size 66196
Batched CROWN: node BoundConv(name=/input-20/conv_3, inputs=[/input-20/add_1_2, /input-20/conv_3_w], perturbed=True), unstable size 22694
Batched CROWN: node BoundConv(name=/input-24, inputs=[/input-20/add_3_4, /41, /42], perturbed=True), unstable size 430475
Batched CROWN: node BoundConv(name=/input-28, inputs=[/76, /43, /44], perturbed=True), unstable size 800203
Batched CROWN: node BoundConv(name=/input-32, inputs=[/78, /45, /46], perturbed=True), unstable size 456386
Batched CROWN: node BoundConv(name=/input-36/conv_1, inputs=[/80, /input-36/conv_1_w], perturbed=True), unstable size 46857
Batched CROWN: node BoundConv(name=/input-36/conv_3, inputs=[/input-36/add_1_2, /input-36/conv_3_w], perturbed=True), unstable size 29952
Batched CROWN: node BoundConv(name=/input-40, inputs=[/input-36/add_3_4, /47, /48], perturbed=True), unstable size 384621
Batched CROWN: node BoundConv(name=/input-44, inputs=[/83, /49, /50], perturbed=True), unstable size 389676
Batched CROWN: node BoundConv(name=/input-48, inputs=[/85, /51, /52], perturbed=True), unstable size 395151
Batched CROWN: node BoundConv(name=/input-52/conv_1, inputs=[/87, /input-52/conv_1_w], perturbed=True), unstable size 161189
Batched CROWN: node BoundConv(name=/input-52/conv_3, inputs=[/input-52/add_1_2, /input-52/conv_3_w], perturbed=True), unstable size 84924
Batched CROWN: node BoundConv(name=/input-56, inputs=[/input-52/add_3_4, /53, /54], perturbed=True), unstable size 100352
Batched CROWN: node BoundConv(name=/input-60, inputs=[/90, /55, /56], perturbed=True), unstable size 100352
Batched CROWN: node BoundConv(name=/input-64, inputs=[/92, /57, /58], perturbed=True), unstable size 100352
Batched CROWN: node BoundConv(name=/95/conv_1, inputs=[/94, /95/conv_1_w], perturbed=True), unstable size 50176
Batched CROWN: node BoundConv(name=/95/conv_3, inputs=[/95/add_1_2, /95/conv_3_w], perturbed=True), unstable size 25088
Batched CROWN: node BoundLinear(name=/input-68, inputs=[/96, /59, /60], perturbed=True), unstable size 4096
Batched CROWN: node BoundLinear(name=/input-72, inputs=[/99, /61, /62], perturbed=True), unstable size 4096
initial crown bounds: tensor([[-4.40671314e+10]], device='cuda:0')
Number of class (without rhs): 1 ; Worst class: (+ rhs) -44067131392.0
Iteration 1
Adv attack time: 1.4731s
Batch size: 1
Current pickout batch: 1, total pickout batch: 1
Batched CROWN: node BoundConv(name=/input-4, inputs=[/66, /35, /36], perturbed=True), unstable size 140646
Batched CROWN: node BoundConv(name=/input-8/conv_1, inputs=[/68, /input-8/conv_1_w], perturbed=True), unstable size 330194
Batched CROWN: node BoundConv(name=/input-8/conv_3, inputs=[/input-8/add_1_2, /input-8/conv_3_w], perturbed=True), unstable size 37618
Batched CROWN: node BoundConv(name=/input-12, inputs=[/input-8/add_3_4, /37, /38], perturbed=True), unstable size 678687
Batched CROWN: node BoundConv(name=/input-16, inputs=[/71, /39, /40], perturbed=True), unstable size 1598930
Batched CROWN: node BoundConv(name=/input-20/conv_1, inputs=[/73, /input-20/conv_1_w], perturbed=True), unstable size 66197
Batched CROWN: node BoundConv(name=/input-20/conv_3, inputs=[/input-20/add_1_2, /input-20/conv_3_w], perturbed=True), unstable size 22694
Batched CROWN: node BoundConv(name=/input-24, inputs=[/input-20/add_3_4, /41, /42], perturbed=True), unstable size 430474
Batched CROWN: node BoundConv(name=/input-28, inputs=[/76, /43, /44], perturbed=True), unstable size 800203
Batched CROWN: node BoundConv(name=/input-32, inputs=[/78, /45, /46], perturbed=True), unstable size 456387
Batched CROWN: node BoundConv(name=/input-36/conv_1, inputs=[/80, /input-36/conv_1_w], perturbed=True), unstable size 46857
Batched CROWN: node BoundConv(name=/input-36/conv_3, inputs=[/input-36/add_1_2, /input-36/conv_3_w], perturbed=True), unstable size 29952
Batched CROWN: node BoundConv(name=/input-40, inputs=[/input-36/add_3_4, /47, /48], perturbed=True), unstable size 384621
Batched CROWN: node BoundConv(name=/input-44, inputs=[/83, /49, /50], perturbed=True), unstable size 389676
Batched CROWN: node BoundConv(name=/input-48, inputs=[/85, /51, /52], perturbed=True), unstable size 395151
Batched CROWN: node BoundConv(name=/input-52/conv_1, inputs=[/87, /input-52/conv_1_w], perturbed=True), unstable size 161189
Batched CROWN: node BoundConv(name=/input-52/conv_3, inputs=[/input-52/add_1_2, /input-52/conv_3_w], perturbed=True), unstable size 84925
Batched CROWN: node BoundConv(name=/input-56, inputs=[/input-52/add_3_4, /53, /54], perturbed=True), unstable size 100352
Batched CROWN: node BoundConv(name=/input-60, inputs=[/90, /55, /56], perturbed=True), unstable size 100352
Batched CROWN: node BoundConv(name=/input-64, inputs=[/92, /57, /58], perturbed=True), unstable size 100352
Batched CROWN: node BoundConv(name=/95/conv_1, inputs=[/94, /95/conv_1_w], perturbed=True), unstable size 50176
Batched CROWN: node BoundConv(name=/95/conv_3, inputs=[/95/add_1_2, /95/conv_3_w], perturbed=True), unstable size 25088
Batched CROWN: node BoundLinear(name=/input-68, inputs=[/96, /59, /60], perturbed=True), unstable size 4096
Batched CROWN: node BoundLinear(name=/input-72, inputs=[/99, /61, /62], perturbed=True), unstable size 4096
Worst bound: tensor([-4.40671396e+10], device='cuda:0')
Current (lb-rhs): -44067139584.0
Total time: 3789.4568  pickout: 0.0007  split: 0.0010  decision: 0.0003  bounding: 3789.4517  clipping: 0.0000  add_domain: 0.0028  rest: 0.0001
Length of domains: 2
3 branch and bound domains visited
Time out!
Result: timeout
Time: 5738.696652889252
[rank 0] === Checking instance ID 791 ===
[rank 0] >>> ID 791 already done (results.csv / parts) — skipping
[rank 0] === Checking instance ID 792 ===
[rank 0] >>> Running ID=792 onnx=onnx/vgg16-7.onnx
Configurations:

general:
  device: cuda
  seed: 100
  conv_mode: patches
  deterministic: false
  double_fp: false
  loss_reduction_func: max
  sparse_alpha: true
  sparse_interm: true
  save_adv_example: false
  verify_onnxruntime_output: false
  eval_adv_example: false
  show_adv_example: false
  precompile_jit: false
  prepare_only: false
  complete_verifier: bab
  enable_incomplete_verification: false
  csv_name: instances.csv
  results_file: results/vggnet16_all_p_4/result_792.rank0.txt
  root_path: ../../vnncomp2023_benchmarks/benchmarks/vggnet16
  deterministic_opt: false
  graph_optimizer: 'Customized("custom_graph_optimizer", "maxpool_to_relu")'
  buffer_has_batchdim: false
  save_output: false
  output_file: out.pkl
  return_optimized_model: false
  output_additional_stats: true
  instance_id: 792
  dataset_output_dir: dataset
  min_stable_neurons_ratio_threshold: 0.0
model:
  name: null
  path: null
  onnx_path: /projects/air/dlverifier/vggnet16_all/onnx/vgg16-7.onnx
  onnx_path_prefix: ''
  cache_onnx_conversion: true
  debug_onnx: false
  onnx_quirks: null
  input_shape: null
  onnx_loader: default_onnx_and_vnnlib_loader
  onnx_optimization_flags: []
  onnx_vnnlib_joint_optimization_flags: none
  check_optimized: false
  flatten_final_output: false
  optimize_graph: null
  with_jacobian: false
data:
  start: 0
  end: 10000
  select_instance: null
  num_outputs: 1000
  mean: 0.0
  std: 1.0
  pkl_path: null
  dataset: null
  data_filter_path: null
  data_idx_file: null
specification:
  type: lp
  robustness_type: verified-acc
  norm: .inf
  epsilon: null
  epsilon_min: 0.0
  vnnlib_path: /projects/air/dlverifier/vggnet16_all/vnnlib/n02091134_whippet_fix_nonmask_seg0_k50176_eps_0.0003.vnnlib
  vnnlib_path_prefix: ''
  rhs_offset: null
solver:
  batch_size: 1
  auto_enlarge_batch_size: false
  min_batch_size_ratio: 0.1
  use_float64_in_last_iteration: false
  early_stop_patience: 10
  start_save_best: 0.5
  bound_prop_method: forward+backward
  init_bound_prop_method: same
  prune_after_crown: false
  optimize_disjuncts_separately: false
  crown:
    batch_size: 16
    max_crown_size: 1000000000
    relu_option: adaptive
  alpha-crown:
    alpha: true
    lr_alpha: 0.1
    iteration: 100
    share_alphas: false
    lr_decay: 0.98
    full_conv_alpha: true
    max_coeff_mul: .inf
    matmul_share_alphas: false
    disable_optimization: []
    max_time: 1.0
  invprop:
    apply_output_constraints_to: []
    tighten_input_bounds: false
    best_of_oc_and_no_oc: false
    directly_optimize: []
    oc_lr: 0.1
    share_gammas: false
  beta-crown:
    lr_alpha: 0.01
    lr_beta: 0.05
    lr_decay: 0.98
    optimizer: adam
    iteration: 10
    beta: true
    beta_warmup: true
    enable_opt_interm_bounds: false
    all_node_split_LP: false
  forward:
    refine: false
    dynamic: true
    max_dim: 100
    reset_threshold: 1.0
  intermediate_refinement:
    enabled: false
    batch_size: 10
    opt_coeffs: false
    opt_bias: false
    lr: 0.05
    layers: [-1]
    max_domains: 1000
  multi_class:
    label_batch_size: 32
    skip_with_refined_bound: true
  mip:
    unstable_neuron_threshold: 0
    parallel_solvers: null
    solver_threads: 1
    refine_neuron_timeout: 15
    refine_neuron_time_percentage: 0.8
    early_stop: true
    adv_warmup: true
    mip_solver: gurobi
    skip_unsafe: false
    topk_filter: 1.0
    sliding_window: -1
    extra_constraint: false
    refine_neuron_timeout_increasement: 0
    timeout_neuron_percentage: 0.3
    remaining_timeout_threshold: 1
    remove_unstable_neurons: true
    lp_solver: false
bab:
  initial_max_domains: 1
  backing_up_max_domain: null
  max_domains: .inf
  decision_thresh: 0
  timeout: 1200.0
  timeout_scale: 1
  max_iterations: -1
  override_timeout: null
  get_upper_bound: false
  pruning_in_iteration: true
  pruning_in_iteration_ratio: 0.2
  sort_targets: false
  batched_domain_list: true
  optimized_interm: ''
  interm_transfer: true
  recompute_interm: false
  sort_domain_interval: -1
  vanilla_crown: false
  tree_traversal: depth_first
  cut:
    enabled: false
    cuts_path: /tmp/abcrown_cuts
    implication: false
    bab_cut: false
    lp_cut: false
    method: null
    lr: 0.01
    lr_decay: 1.0
    iteration: 100
    bab_iteration: -1
    early_stop_patience: -1
    lr_beta: 0.02
    number_cuts: 50
    topk_cuts_in_filter: 1000
    batch_size_primal: 100
    max_num: 1000000000
    patches_cut: false
    cplex_cuts: false
    cplex_cuts_wait: 0
    cplex_cuts_revpickup: true
    cut_reference_bounds: true
    fix_intermediate_bounds: false
    _tmp_cuts: null
    fixed_cuts: false
    add_implied_cuts: false
    add_input_cuts: false
    biccos:
      enabled: false
      constraint_strengthening: true
      recursively_strengthening: false
      drop_ratio: 0.5
      verified_bonus: 0.3
      max_infer_iter: 20
      heuristic: neuron_influence_score
      save_biccos_cuts: false
      multi_tree_branching:
        enabled: false
        restore_best_tree: false
        keep_n_best_domains: 1
        k_splits: 1
        iterations: 1
  branching:
    method: sb
    candidates: 3
    reduceop: min
    enable_intermediate_bound_opt: false
    branching_input_and_activation: false
    branching_input_and_activation_order: [input, relu]
    branching_input_iterations: 30
    branching_relu_iterations: 50
    gnn_path: ''
    neural_heuristic:
      model_path: ''
    rl:
      experiment: general
      eval: false
      extras: []
      logging:
        color: true
        debug: true
        file: rl-experiment.log
      pnet:
        gH: 64
        tH: 64
        nheads: 64
        nlayers: 64
        useDynamicGraph: true
        bidirectional: false
        GAT: true
      training:
        gamma: 0.99
        lr: 0.001
        batchSize: 8
        loop: 8
        totalEpochs: 10
        updatePolicyFrequency: 10
        updateTargetFrequency: 10
        buffer: buffer.pkl
        preparedBuffer: 'False'
        TestingPreparedBuffer: false
        scriptTraining: false
        policynet: policy-checkpoint.pt
        targetnet: target-checkpoint.pt
        datasetShuffle: true
        targetedData: all
        splitRatio: 0.8
        maxInstances: -1
        trainingMode: full
        reward:
          norm: null
          bonus: 10.0
          penalty: -1.0
      egreedy:
        epsilon: 0.1
        epsilonDecay: 0.1
        minEpsilon: 0.1
        ePath: epsilon.pt
        enabled: true
      expert:
        useExpertUntilEpisode: 0.1
        enabled: true
        learnToImitateExpertEpochs: 10
    nonlinear_split:
      method: shortcut
      branching_point_method: uniform
      num_branches: 2
      filter: false
      filter_beta: false
      filter_clamp: false
      filter_batch_size: 10000
      filter_iterations: 25
      relu_only: false
      loose_tanh_threshold: null
      dynamic_bbps: false
      dynamic_options: [uniform, three_left, three_right]
      branching_point_node: ''
      branching_point_db: []
    input_split:
      enable_clip_domains: false
      split_hint: null
      reorder_bab: false
      enable: true
      enhanced_bound_prop_method: alpha-crown
      enhanced_branching_method: naive
      enhanced_bound_patience: 100000000.0
      attack_patience: 100000000.0
      adv_check: 0
      split_partitions: 2
      sb_margin_weight: 1.0
      sb_sum: false
      sb_primary_spec: null
      bf_backup_thresh: -1
      bf_rhs_offset: 0
      bf_iters: 1000000000.0
      bf_batch_size: 100000
      bf_zero_crossing_score: false
      touch_zero_score: 0
      ibp_enhancement: false
      catch_assertion: false
      compare_with_old_bounds: false
      update_rhs_with_attack: false
      sb_coeff_thresh: 0.001
      sort_index: null
      sort_descending: true
      show_progress: false
      presplit_domains: null
      skip_getting_worst_domain: false
  attack:
    enabled: false
    beam_candidates: 8
    beam_depth: 7
    max_dive_fix_ratio: 0.8
    min_local_free_ratio: 0.2
    mip_start_iteration: 5
    mip_timeout: 30.0
    adv_pool_threshold: null
    refined_mip_attacker: false
    refined_batch_size: null
attack:
  pgd_order: input_bab
  pgd_steps: 100
  pgd_restarts: 30
  pgd_batch_size: 100000000
  pgd_early_stop: true
  pgd_lr_decay: 0.99
  pgd_alpha: auto
  pgd_alpha_scale: false
  pgd_loss_mode: null
  pgd_restart_when_stuck: false
  enable_mip_attack: false
  adv_saver: default_adv_saver
  adv_verifier: default_adv_verifier
  early_stop_condition: default_early_stop_condition
  adv_example_finalizer: default_adv_example_finalizer
  pgd_loss: default_pgd_loss
  cex_path: ./test_cex.txt
  attack_mode: PGD
  attack_tolerance: 0.0
  attack_func: attack_with_general_specs
  gama_lambda: 10.0
  gama_decay: 0.9
  check_clean: true
  input_split:
    pgd_steps: 100
    pgd_restarts: 30
    pgd_alpha: auto
  input_split_enhanced:
    pgd_steps: 200
    pgd_restarts: 500000
    pgd_alpha: auto
  input_split_check_adv:
    enabled: auto
    pgd_steps: 5
    pgd_restarts: 5
    pgd_alpha: auto
    max_num_domains: 10
debug:
  sanity_check: Full+Graph
  view_model: false
  lp_test: null
  rescale_vnnlib_ptb: null
  test_optimized_bounds: false
  test_optimized_bounds_after_n_iterations: 0
  print_verbose_decisions: false

Experiments at Sat Feb 21 12:06:29 2026 on d1026
Internal results will be saved to results/vggnet16_all_p_4/result_792.rank0.txt.

[ZRL] %%%%%%%%%%%%%%%%%%%%%%%%%%%%%%%%%%% idx: 0, vnnlib ID: 0 %%%%%%%%%%%%%%%%%%%%%%%%%%%%%%%%%%%
Using onnx /projects/air/dlverifier/vggnet16_all/onnx/vgg16-7.onnx
Using vnnlib /projects/air/dlverifier/vggnet16_all/vnnlib/n02091134_whippet_fix_nonmask_seg0_k50176_eps_0.0003.vnnlib
Precompiled vnnlib file found at /projects/air/dlverifier/vggnet16_all/vnnlib/n02091134_whippet_fix_nonmask_seg0_k50176_eps_0.0003.vnnlib.compiled
Loading cached onnx model from /projects/air/dlverifier/vggnet16_all/onnx/vgg16-7.onnx.cached
Cannot read cached onnx file. Regenerating...
Loading onnx /projects/air/dlverifier/vggnet16_all/onnx/vgg16-7.onnx with quirks {}
Finished onnx model loading in 34.8878 seconds
Number of perturbed inputs: 148050
WARNING: prioritizing attack due to too many perturbed pixels on VGG
Setting arguments.Config["attack"]["pgd_order"] to "before"
Setting bound_prop_method to crown
Attack parameters: initialization=uniform, steps=100, restarts=30, alpha=7.500126957893372e-05, initialization=uniform, GAMA=False
Model output of first 5 examples:
 tensor([[-3.23375165e-01,  1.25993228e+00, -6.49312496e-01, -8.51722360e-01,
         -8.44722331e-01,  5.77966981e-02, -5.85824728e-01, -1.81726182e+00,
         -1.59545231e+00, -2.06188536e+00, -9.75014389e-01, -3.10173631e-01,
         -5.79356372e-01, -1.08834934e+00, -4.07832682e-01, -5.02498984e-01,
         -1.06036663e+00, -1.47498524e+00, -1.14133728e+00, -1.00498497e+00,
         -1.48326039e+00, -2.47859642e-01, -4.27190572e-01, -1.27240229e+00,
         -5.98780632e-01, -1.53608978e+00, -4.50774491e-01, -1.05271363e+00,
         -1.16416049e+00, -2.52781868e-01, -2.29899454e+00, -4.01690722e-01,
         -1.25873196e+00, -1.86421001e+00, -1.29429781e+00, -1.77672875e+00,
         -2.55904019e-01, -2.31733847e+00, -2.15047657e-01, -1.73659658e+00,
         -4.48670864e-01, -1.99145639e+00, -1.94359100e+00, -1.32895613e+00,
         -1.03601694e+00, -1.19507635e+00, -3.96099210e-01, -1.51498699e+00,
         -2.47530484e+00, -8.66079390e-01, -6.27163500e-02, -2.27865958e+00,
         -7.48643637e-01, -4.81305659e-01, -1.32746768e+00, -1.77119589e+00,
         -9.93010819e-01, -1.95991182e+00, -7.01797843e-01, -9.38883126e-01,
         -1.05025387e+00, -1.48694563e+00, -1.67337298e+00, -1.53254822e-01,
         -8.56243372e-01, -7.93352425e-01, -1.38970912e+00, -1.04545379e+00,
         -1.87752545e+00, -1.75903821e+00, -3.97059590e-01,  2.65495032e-01,
          1.39809489e-01,  7.62598753e-01,  1.68720514e-01,  7.25448787e-01,
         -2.89523661e-01,  6.06783390e-01,  4.72842842e-01,  3.97495419e-01,
          8.34412128e-03, -2.20987797e+00, -1.43645298e+00, -1.35048568e+00,
         -1.12157798e+00, -1.23870444e+00, -1.86085093e+00, -2.22353190e-01,
         -1.49226293e-01, -1.26060939e+00, -8.92992795e-01, -1.63787913e+00,
         -6.80067301e-01, -1.10398650e+00, -6.72062039e-01, -1.76470816e+00,
         -4.28643793e-01, -1.50408900e+00, -2.22046837e-01, -5.65556347e-01,
          3.05108964e-01, -1.20561016e+00, -2.07812190e+00,  7.84084108e-03,
         -1.21075809e+00, -1.93832088e+00, -1.16309536e+00, -4.48296458e-01,
         -1.00365961e+00, -1.31975818e+00, -3.57460797e-01,  1.79291654e+00,
         -4.13406849e-01, -6.45586967e-01, -8.10935855e-01, -1.22828615e+00,
         -8.59716117e-01,  2.37150699e-01, -9.71217275e-01, -1.74893963e+00,
         -1.94706070e+00, -1.56955516e+00, -8.49206865e-01, -2.28312898e+00,
         -1.49578822e+00, -2.36651731e+00,  5.33632413e-02, -9.18723822e-01,
          1.13507301e-01, -2.17340346e-02, -4.36906993e-01, -7.55463541e-01,
          1.16399214e-01, -9.41377282e-01, -6.21637940e-01, -1.12513006e+00,
         -1.09774756e+00, -2.24915177e-01, -1.14907181e+00, -2.13922024e+00,
         -2.21819472e+00, -6.86064124e-01, -1.18282306e+00, -1.08655882e+00,
         -1.05132830e+00, -3.27309668e-01, -8.65826666e-01,  4.43165869e-01,
          5.20357907e-01, -1.00946233e-01, -9.09210742e-01,  4.27104026e-01,
         -5.50696135e-01,  6.62575483e-01, -2.61171430e-01, -4.34029609e-01,
         -4.60203111e-01,  3.65219973e-02, -6.80106640e-01, -9.07867193e-01,
         -6.92176938e-01, -4.14706618e-01, -1.46037340e-01, -5.12526095e-01,
         -7.79803753e-01, -6.18201733e-01, -8.66801679e-01, -7.88365364e-01,
         -2.00135678e-01, -2.17411906e-01, -6.25695407e-01, -4.46208179e-01,
         -1.21095264e+00, -3.73054184e-02, -4.90085542e-01, -5.42542040e-01,
         -1.62124777e+00, -4.28886473e-01, -1.26259193e-01, -1.22857940e+00,
         -1.00816512e+00, -1.31656781e-01, -2.52927184e-01,  3.02621543e-01,
          1.63451180e-01, -3.60626489e-01, -6.75302595e-02,  3.53005826e-01,
         -1.24018103e-01, -2.84414023e-01, -2.69204285e-03,  7.86883593e-01,
         -3.94713372e-01, -2.59982586e-01, -6.09116197e-01,  6.80910587e-01,
         -2.41571933e-01, -6.96557701e-01, -9.22590137e-01,  6.03986859e-01,
         -4.42951649e-01, -1.05162370e+00,  7.40643218e-03,  8.98700774e-01,
         -3.63622189e-01, -7.73654282e-01, -7.51509249e-01, -6.97418809e-01,
         -6.28836691e-01, -7.39216864e-01, -1.31428945e+00, -2.29577035e-01,
         -4.05035347e-01, -1.17379582e+00, -6.15616977e-01, -5.72186470e-01,
         -1.18706524e-01, -1.60057604e-01, -5.47597110e-01, -5.61936736e-01,
         -4.56319600e-01, -3.63766551e-01, -2.37598106e-01,  5.65796614e-01,
          2.04639792e-01, -9.11481142e-01, -4.43787724e-01, -5.61123431e-01,
         -6.28076077e-01,  9.28846955e-01, -4.70779806e-01, -8.97413120e-03,
         -8.15270305e-01,  2.15844288e-01, -2.97774374e-01, -2.15217292e-01,
         -3.72494847e-01, -6.76305145e-02, -9.12190676e-01, -1.34858593e-01,
         -5.22933543e-01, -9.07487214e-01, -1.64345145e-01, -1.49194658e+00,
         -8.33623409e-01, -9.87423509e-02, -1.00589204e+00, -3.61926526e-01,
          3.21084335e-02,  2.76747912e-01, -1.49912760e-02, -9.09071088e-01,
          2.12931618e-01,  2.05903143e-01,  2.23406613e-01, -9.67601895e-01,
         -6.84114993e-01,  5.16465425e-01,  6.51789308e-01,  6.53497994e-01,
          6.40928984e-01, -9.45010558e-02, -7.97873616e-01, -2.88805395e-01,
         -4.11579669e-01,  4.88324523e-01, -4.07394804e-02, -1.42892912e-01,
         -1.13031363e+00,  1.99559286e-01,  4.71964508e-01, -5.47411561e-01,
         -1.20226309e-01, -3.38162512e-01, -4.76443201e-01, -9.74787593e-01,
         -8.26301455e-01,  3.25386673e-02, -3.65355998e-01,  4.50294465e-01,
         -2.69317999e-02,  1.13605201e+00,  1.20890653e+00,  2.21135664e+00,
          1.81165957e+00,  9.54679310e-01, -1.10730445e+00, -1.21070504e-01,
         -1.03379536e+00, -1.08166826e+00, -1.39465261e+00, -1.15403211e+00,
         -8.16840053e-01, -5.70955813e-01, -1.02554667e+00, -7.67743647e-01,
          1.81326747e-01, -9.83224750e-01, -1.75358725e+00, -6.59106314e-01,
         -1.86714494e+00, -3.59055310e-01, -5.13643086e-01, -1.01449525e+00,
         -1.56193733e+00, -2.76970530e+00, -8.99802804e-01, -8.29905629e-01,
         -7.64528930e-01, -1.26300633e+00,  3.55434269e-01, -8.05024654e-02,
         -1.21081448e+00,  1.57958537e-01,  3.90474349e-01, -4.88149047e-01,
         -9.77444291e-01, -1.86085188e+00,  9.39647481e-02,  1.83132499e-01,
         -4.04616773e-01, -2.36953235e+00, -1.91736197e+00, -1.38545358e+00,
         -1.71594644e+00, -2.27751064e+00, -2.07614255e+00, -3.81574064e-01,
         -1.88944077e+00, -1.53201771e+00, -3.67802173e-01,  1.43221021e-03,
          1.40890539e+00, -3.61985356e-01, -1.09871840e+00, -8.43388557e-01,
         -1.99510086e+00, -1.42215006e-02, -6.22572660e-01, -1.99028981e+00,
         -1.28953111e+00, -1.12743747e+00, -1.80310082e+00, -2.01747155e+00,
         -1.40177798e+00, -2.19241357e+00, -1.92876637e+00, -1.33209813e+00,
         -2.93331814e+00, -2.04422188e+00, -1.88468468e+00, -1.41417634e+00,
         -1.54290164e+00, -1.83749652e+00, -1.65989578e+00, -1.96484661e+00,
         -4.79753733e-01, -6.11754119e-01, -6.57704100e-02,  6.01752102e-03,
         -9.51335847e-01, -2.70418525e-01, -6.14290714e-01, -1.05855548e+00,
         -1.75282347e+00, -9.19563651e-01, -9.15445626e-01, -9.49155390e-01,
         -5.23272157e-01, -1.13455951e+00, -7.50605702e-01, -1.08563507e+00,
         -9.45069075e-01, -6.76845551e-01, -7.58539319e-01, -1.36417699e+00,
         -5.83307028e-01, -9.47269320e-01, -8.03521499e-02, -1.52422237e+00,
         -6.75632179e-01, -1.36721432e+00, -8.18634629e-01, -9.14378107e-01,
         -8.78544748e-01, -8.80108595e-01, -1.34740651e+00, -2.00407195e+00,
         -1.74639356e+00, -1.49677135e-02, -1.43570018e+00, -2.35479176e-01,
         -6.81401670e-01, -1.81297493e+00, -5.38557589e-01,  3.20538700e-01,
         -1.83566272e+00, -2.06941032e+00,  8.35942179e-02,  2.79270840e+00,
          8.28639448e-01,  1.08265139e-01,  7.09286213e-01, -6.78962290e-01,
         -4.58860695e-02,  9.49847400e-01,  3.86565089e-01, -4.34163839e-01,
         -1.55281675e+00,  2.72414899e+00, -1.69457018e+00,  3.13248968e+00,
          4.95872229e-01,  1.04743040e+00,  1.66804421e+00, -1.17597747e+00,
          2.13226032e+00,  9.54378664e-01,  2.12875080e+00,  1.90693986e+00,
          7.87715733e-01,  4.01941121e-01,  5.55620372e-01,  1.07464902e-01,
         -2.46216774e-01, -1.53412744e-01,  1.20421946e+00, -3.35089415e-01,
         -4.20193344e-01, -8.85291517e-01, -1.11177933e+00,  1.45573127e+00,
          8.28796983e-01,  9.96826947e-01,  2.03862596e+00,  2.60223150e+00,
         -9.14881349e-01,  7.87933111e-01,  1.70081818e+00,  7.44066060e-01,
         -2.78241932e-02,  1.55502951e+00,  1.01304257e+00,  2.60851908e+00,
         -9.13407445e-01,  1.13435209e-01,  3.77663541e+00,  2.57384688e-01,
         -5.33541381e-01,  3.91210049e-01, -5.40301621e-01,  1.58818197e+00,
          7.29271591e-01,  7.64117658e-01, -1.14802265e+00, -4.85708326e-01,
          9.04416561e-01,  2.48683190e+00, -3.76406431e-01,  9.82609510e-01,
         -9.27068055e-01,  1.29239833e+00,  2.15752244e+00,  2.23785192e-01,
          1.13280284e+00,  2.79263663e+00, -4.05448169e-01, -1.88877976e+00,
         -2.48909116e-01, -8.71176571e-02,  1.63516784e+00, -9.76712584e-01,
         -3.52522582e-01,  1.43155003e+00,  5.62312543e-01,  1.08696260e-02,
         -9.15166378e-01,  6.66777313e-01,  4.87426639e-01, -7.19680786e-01,
          2.27321196e+00,  9.12391961e-01,  3.86559844e-01, -3.93917501e-01,
          1.29168734e-01,  7.25080550e-01,  1.17221129e+00,  2.38024640e+00,
         -2.50981271e-01, -5.36991417e-01,  1.63049591e+00, -7.41202891e-01,
          1.76044673e-01,  1.37208629e+00,  1.10279012e+00,  7.55773365e-01,
          1.35869503e+00,  7.48021424e-01,  2.60653406e-01,  3.45881224e+00,
         -2.04259372e+00,  2.11550450e+00, -9.24263597e-02,  1.35480893e+00,
          5.82576394e-01,  6.72980905e-01, -1.68438232e+00,  9.82545435e-01,
          1.10992408e+00, -2.08849072e+00, -7.73778796e-01, -5.87251127e-01,
          8.59897792e-01,  3.18108261e-01,  7.86014915e-01, -2.76211739e-01,
          3.51008475e-02,  4.62547123e-01, -1.16082661e-01, -1.56827912e-01,
          9.30559754e-01,  2.94988662e-01, -1.02029669e+00,  5.89484096e-01,
          7.47650385e-01, -6.42581999e-01,  9.09503579e-01,  2.10461211e+00,
         -2.16348976e-01,  8.55858624e-01,  1.41388428e+00,  1.32092047e+00,
          1.04950154e+00,  5.82218647e-01,  2.96921945e+00, -1.34993482e+00,
         -8.93347681e-01, -8.00956249e-01,  6.72283769e-02,  2.24145889e+00,
          3.95109743e-01, -8.68342161e-01,  1.53214931e+00,  6.09612942e-01,
         -1.11218083e+00,  9.28731859e-01,  8.40001583e-01, -2.17090750e+00,
          9.87249315e-01,  3.50718522e+00, -1.16089970e-01,  1.25096574e-01,
          1.75364792e+00,  2.00457907e+00,  4.47518766e-01, -8.33536208e-01,
          3.80121350e+00,  1.96782947e+00,  1.07141924e+00,  9.89126086e-01,
         -1.13629961e+00, -3.94321054e-01,  1.66545141e+00,  1.12058985e+00,
          6.10172033e-01,  3.46105516e-01, -4.50127542e-01,  5.54918647e-01,
          1.22927630e+00, -2.19165874e+00,  6.29046917e-01, -7.32579350e-01,
          1.07729101e+00, -1.29610026e+00, -1.85029238e-01, -1.01269078e+00,
         -7.37575412e-01,  7.53522038e-01,  2.22550225e+00,  1.05445266e+00,
         -2.03197613e-01, -5.66098988e-01, -2.29613042e+00,  1.72704190e-01,
          1.34276068e+00,  1.52056789e+00, -7.78764427e-01,  1.54374862e+00,
          2.18754554e+00,  1.44922078e+00,  1.60187566e+00,  4.75167418e+00,
          4.24494445e-01,  4.07088369e-01,  6.35927141e-01, -1.50802088e+00,
          1.66287124e+00,  3.74108166e-01,  1.75289130e+00,  7.69251764e-01,
          2.10418701e+00,  1.86847854e+00,  1.56425822e+00, -2.30258894e+00,
          1.23095405e+00,  1.80808425e+00,  1.74185610e+00, -2.22353220e-01,
          2.15046263e+00, -1.63828862e+00,  2.50857592e+00,  9.60389137e-01,
         -8.86307776e-01,  5.54042399e-01,  1.85833311e+00,  2.11627603e+00,
          6.57187104e-01,  1.89579523e+00,  1.71034956e+00,  3.07231569e+00,
          2.56687140e+00, -2.22561210e-01,  1.43874019e-01,  1.88112557e+00,
         -6.87773228e-01, -7.42626905e-01,  1.59949338e+00,  4.69916850e-01,
         -1.26071465e+00,  1.41228175e+00,  2.82327861e-01,  1.25038600e+00,
          3.32439590e+00,  1.00844599e-01, -1.72077858e+00,  4.35295314e-01,
          2.43603253e+00, -6.68519258e-01,  1.15800560e+00,  1.22871900e+00,
         -1.02946830e+00,  6.41227484e-01, -3.60792607e-01,  2.80213982e-01,
          1.77075672e+00, -1.59794235e+00,  5.22091210e-01,  1.23176908e+00,
          2.54773259e+00, -6.44139707e-01,  1.63166022e+00,  3.07160878e+00,
          6.37968719e-01,  4.00702149e-01, -6.83279872e-01,  2.49290752e+00,
         -3.67530853e-01,  1.81988966e+00, -2.67520770e-02,  1.26971975e-01,
          1.25944972e-01, -1.89254987e+00,  1.97538459e+00, -3.87631774e-01,
          3.03902388e+00, -2.14281052e-01, -8.15828204e-01,  4.54523593e-01,
         -1.38473645e-01,  2.41881609e+00, -2.17549041e-01, -1.19503880e+00,
         -1.32138371e-01,  1.82902932e+00, -9.08230692e-02, -5.89288548e-02,
         -4.93683815e-01,  4.98081058e-01,  1.16117132e+00,  2.35162914e-01,
          2.22408652e+00,  2.17947102e+00,  4.08439130e-01,  1.68009913e+00,
          4.25915681e-02, -1.60660788e-01,  2.77206838e-01, -7.11760402e-01,
          1.94103539e+00,  1.98948097e+00, -3.30599570e+00,  6.07150793e-01,
          1.81675053e+00,  6.35190547e-01, -7.29864776e-01,  5.09338200e-01,
          1.89238083e+00,  2.25198054e+00, -9.11825478e-01,  1.50909972e+00,
          1.85439754e+00,  1.23792076e+00,  6.20282769e-01, -1.21970642e+00,
          7.24999428e-01, -1.28290129e+00, -5.66245988e-02,  9.58273649e-01,
          1.25053656e+00,  2.06898618e+00, -3.13172191e-02,  1.29413450e+00,
          1.16785407e+00,  1.50585783e+00,  5.38052380e-01, -1.50918543e-01,
          3.25492531e-01, -1.54994464e+00,  6.08394563e-01, -4.96020913e-03,
          2.88232595e-01,  1.66764724e+00,  1.20853722e+00,  4.53512073e-02,
         -9.53497946e-01,  1.13007760e+00, -7.71099091e-01,  4.27860528e-01,
          1.49390149e+00,  9.11889136e-01, -2.08491564e+00,  2.09748793e+00,
         -1.30723909e-01,  1.38153529e+00, -1.38970149e+00,  1.30569649e+00,
          2.77181745e-01,  2.21960936e-02,  3.24521452e-01, -1.37550569e+00,
          1.50687560e-01,  2.82594848e+00,  3.59683007e-01,  2.12721273e-01,
          1.97129536e+00,  1.43144441e+00,  2.08242163e-01,  2.20818686e+00,
          1.71778047e+00,  1.52077830e+00,  1.85205352e+00, -1.11198866e+00,
          6.85704768e-01,  3.25529122e+00,  9.79468107e-01, -1.02144432e+00,
          8.97985637e-01, -2.07843602e-01,  7.88921416e-02,  6.62427366e-01,
          3.17034268e+00,  2.10215497e+00, -8.21978986e-01,  1.07333839e+00,
          1.15674400e+00,  8.52030516e-01,  1.15310812e+00,  6.77326381e-01,
         -1.33405244e+00,  1.72084236e+00, -4.93699133e-01,  2.13314462e+00,
          2.53123021e+00,  9.53951597e-01,  1.40912272e-02,  2.13824224e+00,
          8.00435901e-01,  1.36257982e+00,  6.69520020e-01, -8.03884804e-01,
          4.43589956e-01,  2.37720937e-01,  3.38840079e+00,  9.74449337e-01,
          1.82224298e+00,  3.17051083e-01, -3.84704024e-02,  7.74765670e-01,
         -9.89179671e-01,  3.00075030e+00,  3.80276442e-01,  1.37390643e-01,
          1.25742900e+00,  1.51115632e+00,  5.56826830e+00,  5.64191401e-01,
          1.16862416e+00,  2.38137889e+00,  1.37043059e+00,  3.21674919e+00,
         -5.59770405e-01, -1.90899163e-01, -1.21376403e-01, -5.21377027e-01,
          1.69039202e+00, -5.96932113e-01,  6.37873709e-01,  1.66036797e+00,
         -1.37005472e+00, -3.87331039e-01,  1.21947682e+00,  2.43245769e+00,
          1.82930470e+00,  1.79824924e+00, -1.82385892e-02,  7.98137665e-01,
         -1.26358420e-01, -5.20767987e-01,  2.00994062e+00,  8.31560791e-01,
         -1.26359880e+00, -5.44197381e-01, -1.92081466e-01,  1.00081182e+00,
          2.08776188e+00, -1.06898582e+00,  6.57434404e-01,  1.40853298e+00,
          1.13655448e+00, -1.63352430e+00,  5.68365514e-01,  1.89343190e+00,
         -1.07217324e+00, -4.39347357e-01,  2.82954931e+00, -1.12322700e+00,
          1.67628318e-01,  4.34078991e-01,  5.93778670e-01, -2.53545344e-01,
          1.64540279e+00,  1.14562035e+00,  2.01530004e+00,  3.95684242e-01,
          2.73724008e+00,  1.62979615e+00,  2.56612802e+00, -1.12644374e+00,
          6.18812621e-01, -3.66977453e-01, -1.56110704e-01,  3.76536870e+00,
          5.35549521e-01, -1.48008180e+00,  2.81153893e+00,  8.83923590e-01,
         -2.69686246e+00,  9.34343860e-02,  7.39541948e-02,  8.96981239e-01,
         -3.55207413e-01,  2.24090815e+00,  3.85142475e-01, -6.44236624e-01,
         -1.69291580e+00, -1.10925400e+00, -1.54529595e+00, -6.55730724e-01,
          2.08127141e+00,  1.70037770e+00, -1.28165156e-01,  8.11714172e-01,
          1.26679015e+00, -1.17551811e-01, -2.15845108e+00,  3.90187114e-01,
          2.18370056e+00,  8.74466240e-01, -1.87645584e-01,  1.39379632e+00,
          5.22197664e-01,  6.50696576e-01,  1.54553211e+00,  1.79906976e+00,
          4.33677107e-01,  3.40389872e+00,  6.90060914e-01,  1.75320458e+00,
         -2.89228946e-01,  1.10852385e+00, -1.27376115e+00,  2.54293889e-01,
          3.76501608e+00,  1.13996875e+00,  3.38581252e+00, -3.76711220e-01,
          2.02670693e+00,  2.31453538e+00,  1.43046951e+00,  1.12221932e+00,
          8.97493511e-02, -4.94188905e-01,  1.09294152e+00,  1.39458525e+00,
          5.42415380e+00,  5.78352070e+00,  3.74159741e+00, -1.29154593e-01,
          4.14864510e-01,  1.45410508e-01,  2.78087586e-01,  2.35813713e+00,
         -1.70343316e+00, -1.33134878e+00,  9.69255149e-01, -1.34347761e+00,
          1.93664944e+00,  4.54370886e-01,  3.30947995e-01,  8.45065191e-02,
          8.83351445e-01,  2.59076262e+00,  7.30099857e-01, -1.06625400e-01,
         -2.13407278e+00,  5.69228351e-01, -9.95546043e-01, -1.24914849e+00,
         -1.40897083e+00,  6.75010085e-01, -9.73551214e-01, -1.39665508e+00,
         -1.20948112e+00, -2.37212324e+00, -9.85241652e-01, -8.86305809e-01,
         -1.29663754e+00, -1.19492638e+00, -1.09923005e+00, -5.00907421e-01,
         -1.02483714e+00, -1.29641986e+00, -2.39427224e-01, -7.78617978e-01,
         -2.58858895e+00, -6.48146570e-01, -1.82027757e+00, -1.60128057e+00,
         -1.65265858e-01,  6.06948853e-01, -3.26068074e-01, -6.47286654e-01,
         -1.23729467e+00, -1.64118558e-01, -4.00914997e-01, -1.44487762e+00,
         -1.66842091e+00, -8.31101060e-01, -1.07072878e+00, -1.62347889e+00,
         -1.60102820e+00, -1.15969408e+00, -9.18113589e-01, -1.14912510e+00,
         -1.22197449e+00, -1.17995417e+00,  1.23153019e+00, -9.44851398e-01,
          3.26506868e-02, -4.70457524e-02, -1.16831446e+00,  1.43796587e+00,
         -7.77167559e-01, -7.58340657e-01,  1.77271867e+00,  4.16533321e-01,
         -9.95915055e-01,  1.98118001e-01, -2.06401885e-01, -1.39640832e+00,
          2.24849463e-01, -6.03534698e-01,  1.05732536e+00, -1.86244398e-01,
         -8.28832984e-01,  6.34267330e-02, -1.75595438e+00, -3.11288327e-01,
         -1.34978557e+00, -5.63652158e-01, -1.60669804e+00, -1.23428428e+00,
         -1.22507131e+00, -2.07165527e+00, -2.10377598e+00, -1.47980440e+00,
         -1.39289403e+00, -3.10271645e+00, -1.45663053e-01,  1.27832103e+00]],
       device='cuda:0')
Adv example prediction (first 2 examples and 2 restarts):
 tensor([[[-3.04510832e-01,  1.23079252e+00, -6.39468253e-01, -8.16173792e-01,
          -8.39995623e-01,  7.79311359e-02, -6.36250257e-01, -1.81014538e+00,
          -1.58592796e+00, -2.00699687e+00, -9.21325743e-01, -3.28341514e-01,
          -6.00444496e-01, -1.12092936e+00, -4.06493872e-01, -4.92891550e-01,
          -1.07101202e+00, -1.48415124e+00, -1.15716517e+00, -1.03093445e+00,
          -1.44390702e+00, -1.85561627e-01, -4.11570191e-01, -1.25240695e+00,
          -5.81297576e-01, -1.51142979e+00, -3.97235096e-01, -1.02561045e+00,
          -1.15914810e+00, -2.03314677e-01, -2.28341413e+00, -4.26821202e-01,
          -1.23927212e+00, -1.84894288e+00, -1.26837969e+00, -1.76766336e+00,
          -2.78840393e-01, -2.32152104e+00, -1.77302748e-01, -1.71168005e+00,
          -4.69439685e-01, -1.91914558e+00, -1.90000391e+00, -1.28141272e+00,
          -9.97265518e-01, -1.16110289e+00, -4.32940632e-01, -1.46492958e+00,
          -2.44176245e+00, -8.61288249e-01, -8.67891684e-02, -2.21384168e+00,
          -7.11903989e-01, -4.89955366e-01, -1.31878364e+00, -1.79236448e+00,
          -1.00844121e+00, -1.93764758e+00, -7.34027028e-01, -9.06198919e-01,
          -1.05477667e+00, -1.49128580e+00, -1.63919270e+00, -6.28864914e-02,
          -8.00999463e-01, -7.42834687e-01, -1.31025767e+00, -1.05612075e+00,
          -1.78448117e+00, -1.71009314e+00, -3.94970328e-01,  2.63257533e-01,
           1.49772704e-01,  8.22965324e-01,  1.66833371e-01,  7.21167445e-01,
          -2.88508326e-01,  6.05684459e-01,  4.89096969e-01,  4.02168661e-01,
           5.89504316e-02, -2.13397717e+00, -1.40150535e+00, -1.29155445e+00,
          -1.10817790e+00, -1.22103930e+00, -1.82038379e+00, -2.53401160e-01,
          -1.73963442e-01, -1.27944613e+00, -9.22931135e-01, -1.61813581e+00,
          -6.60651565e-01, -1.11835170e+00, -6.91881418e-01, -1.68252099e+00,
          -4.63598490e-01, -1.50530469e+00, -1.28729627e-01, -5.51939905e-01,
           2.93976068e-01, -1.14468181e+00, -2.05409050e+00,  5.00687510e-02,
          -1.15901995e+00, -1.90412557e+00, -1.15329790e+00, -4.97750610e-01,
          -1.05260468e+00, -1.32086921e+00, -3.50042820e-01,  1.90302706e+00,
          -4.62989718e-01, -6.39147818e-01, -8.15435946e-01, -1.22001922e+00,
          -7.92901397e-01,  2.77377576e-01, -9.81413901e-01, -1.71483338e+00,
          -1.93726766e+00, -1.51816046e+00, -8.50855887e-01, -2.24180412e+00,
          -1.51129544e+00, -2.39130044e+00,  1.16504706e-01, -8.63840818e-01,
           2.13069826e-01, -1.13906208e-02, -4.35722589e-01, -7.25258827e-01,
           1.42173722e-01, -9.09294069e-01, -5.93643725e-01, -1.05633974e+00,
          -1.10527563e+00, -2.45821610e-01, -1.08961809e+00, -2.11620951e+00,
          -2.20183611e+00, -6.89557254e-01, -1.13674009e+00, -1.05989981e+00,
          -1.02624321e+00, -3.08522105e-01, -7.73683369e-01,  5.48613846e-01,
           5.91603875e-01, -1.13360137e-02, -9.22857225e-01,  4.10629481e-01,
          -4.89756644e-01,  6.41308904e-01, -2.59791613e-01, -4.33028072e-01,
          -4.39692765e-01,  3.64426039e-02, -6.56097829e-01, -9.14080918e-01,
          -6.48894787e-01, -4.24304307e-01, -1.74051821e-01, -4.85605568e-01,
          -7.56114423e-01, -6.02505803e-01, -8.28354120e-01, -7.11576045e-01,
          -1.99210078e-01, -1.82338879e-01, -5.80184817e-01, -4.88747537e-01,
          -1.25312793e+00,  7.84489140e-03, -4.58158791e-01, -4.76134121e-01,
          -1.54884386e+00, -3.93786281e-01, -1.43909559e-01, -1.21201742e+00,
          -9.88747239e-01, -8.15644786e-02, -2.48468876e-01,  3.06357324e-01,
           1.60847783e-01, -3.65717590e-01, -5.36734723e-02,  3.31595331e-01,
          -5.70310764e-02, -2.51131535e-01,  6.62249327e-02,  7.54695117e-01,
          -4.13455516e-01, -2.54086316e-01, -5.38322210e-01,  6.63785934e-01,
          -2.46741533e-01, -6.57690465e-01, -8.81312668e-01,  6.16937637e-01,
          -4.15341347e-01, -1.07368958e+00,  6.40422478e-03,  8.43469441e-01,
          -3.91214579e-01, -7.28481472e-01, -7.01569021e-01, -6.65028989e-01,
          -6.21101022e-01, -7.37650394e-01, -1.25253808e+00, -2.45588154e-01,
          -3.57150614e-01, -1.14515698e+00, -5.86384952e-01, -5.65847218e-01,
          -8.04328918e-02, -1.69346869e-01, -5.35121381e-01, -5.58234453e-01,
          -4.22098666e-01, -2.99705923e-01, -1.84142858e-01,  5.64823091e-01,
           2.27999061e-01, -8.88350725e-01, -4.22838360e-01, -5.27646303e-01,
          -6.01146519e-01,  9.19600427e-01, -5.00838757e-01, -6.18542358e-03,
          -8.01391304e-01,  2.07682788e-01, -3.12684357e-01, -1.78765252e-01,
          -3.72479737e-01, -1.04915626e-01, -9.04388368e-01, -1.24252558e-01,
          -4.97409403e-01, -8.57444525e-01, -1.85370788e-01, -1.46716499e+00,
          -7.83562064e-01, -1.12200439e-01, -9.71221924e-01, -3.44865352e-01,
           6.11483976e-02,  2.84839481e-01,  1.58910975e-02, -9.12363112e-01,
           2.94892877e-01,  1.81538537e-01,  2.17662394e-01, -9.45475578e-01,
          -6.45967662e-01,  5.27233541e-01,  6.62419140e-01,  6.04654014e-01,
           6.62913382e-01, -7.88831785e-02, -7.31188715e-01, -3.29938591e-01,
          -4.12165225e-01,  4.58984911e-01, -4.48141135e-02, -1.47156700e-01,
          -1.10118330e+00,  2.75938034e-01,  5.34898162e-01, -4.77251023e-01,
          -3.95619832e-02, -2.79570490e-01, -3.96823227e-01, -8.77138019e-01,
          -7.53353953e-01,  6.57889247e-02, -3.13546836e-01,  5.09214699e-01,
           2.83331499e-02,  1.15863907e+00,  1.21717823e+00,  2.21687317e+00,
           1.80369294e+00,  9.78911161e-01, -1.06196225e+00, -1.04764402e-01,
          -9.61605251e-01, -1.01406252e+00, -1.33866632e+00, -1.08443499e+00,
          -7.72651017e-01, -5.16566396e-01, -9.60408688e-01, -7.50143707e-01,
           2.04207748e-01, -9.16262567e-01, -1.68916821e+00, -6.11894429e-01,
          -1.84422064e+00, -4.18688804e-01, -4.60229069e-01, -1.01556826e+00,
          -1.58469737e+00, -2.76957703e+00, -9.01180744e-01, -8.41752291e-01,
          -7.61179149e-01, -1.30254638e+00,  3.33321631e-01, -9.94370580e-02,
          -1.22561264e+00,  1.55172169e-01,  3.67376745e-01, -5.19014359e-01,
          -9.48380053e-01, -1.87777722e+00,  1.15423925e-01,  1.95307016e-01,
          -3.99391264e-01, -2.36648440e+00, -1.88218737e+00, -1.39227390e+00,
          -1.70493078e+00, -2.27663279e+00, -2.04295707e+00, -3.71854037e-01,
          -1.88985240e+00, -1.52461851e+00, -3.27702492e-01,  7.06734806e-02,
           1.42569983e+00, -4.69676316e-01, -1.04753458e+00, -7.47693241e-01,
          -1.96713662e+00,  1.16326548e-02, -6.44461274e-01, -1.94297206e+00,
          -1.26480579e+00, -1.09800279e+00, -1.75006282e+00, -1.95718968e+00,
          -1.41213894e+00, -2.13730597e+00, -1.92727554e+00, -1.30496645e+00,
          -2.91247964e+00, -1.98127854e+00, -1.79696763e+00, -1.31974244e+00,
          -1.50489187e+00, -1.73389816e+00, -1.60428739e+00, -1.88404894e+00,
          -4.57201928e-01, -5.44893324e-01, -4.75573465e-02,  3.04432511e-02,
          -9.19197202e-01, -1.96568400e-01, -5.75014710e-01, -1.03219533e+00,
          -1.69494760e+00, -8.50525379e-01, -8.35541546e-01, -8.87337267e-01,
          -4.23353881e-01, -1.02976263e+00, -6.94991469e-01, -9.97030735e-01,
          -8.77307653e-01, -6.36118054e-01, -6.94895566e-01, -1.29353189e+00,
          -5.37936568e-01, -8.89046073e-01, -8.41777325e-02, -1.45587659e+00,
          -6.28494978e-01, -1.31472421e+00, -7.94279695e-01, -8.56647968e-01,
          -8.00466418e-01, -8.51145029e-01, -1.28544378e+00, -1.92391038e+00,
          -1.71117949e+00,  3.17221843e-02, -1.38396072e+00, -2.55891532e-01,
          -5.98703384e-01, -1.87254357e+00, -5.10469496e-01,  3.65803599e-01,
          -1.84293664e+00, -2.07870245e+00,  5.96876852e-02,  2.71215010e+00,
           7.85011351e-01,  3.83018591e-02,  6.44828558e-01, -6.13989472e-01,
          -1.40437507e-03,  9.64568913e-01,  3.50288838e-01, -4.23244983e-01,
          -1.50747335e+00,  2.74802089e+00, -1.63161337e+00,  2.96539640e+00,
           4.89053577e-01,  1.09074903e+00,  1.55668831e+00, -1.23105478e+00,
           2.14833879e+00,  8.86244297e-01,  2.13790226e+00,  1.87585437e+00,
           7.49420047e-01,  3.84312242e-01,  5.08656323e-01,  5.48012778e-02,
          -2.94226140e-01, -1.68458119e-01,  1.23432219e+00, -3.06712568e-01,
          -4.18142289e-01, -8.51353228e-01, -1.08016920e+00,  1.30278945e+00,
           8.71357203e-01,  9.05991971e-01,  1.95512116e+00,  2.48425674e+00,
          -9.30491149e-01,  8.32637548e-01,  1.75859487e+00,  7.96021402e-01,
          -7.34579265e-02,  1.56552315e+00,  1.01500189e+00,  2.48305511e+00,
          -8.81231666e-01,  8.53793770e-02,  3.77217698e+00,  2.24895149e-01,
          -5.59624732e-01,  3.89691055e-01, -5.25058389e-01,  1.60909641e+00,
           6.34708881e-01,  7.46212661e-01, -1.17552853e+00, -5.90147972e-01,
           8.72225642e-01,  2.35988760e+00, -3.53168249e-01,  9.25335526e-01,
          -9.24385726e-01,  1.30273020e+00,  2.15087128e+00,  1.63078636e-01,
           1.12956679e+00,  2.83102202e+00, -4.48818326e-01, -1.89164698e+00,
          -2.56946027e-01, -5.09180091e-02,  1.62318552e+00, -9.83442783e-01,
          -3.55568439e-01,  1.46377265e+00,  4.65250462e-01, -4.67286967e-02,
          -9.77300823e-01,  6.96791649e-01,  4.44224477e-01, -7.30296433e-01,
           2.28356957e+00,  9.44488585e-01,  4.48483318e-01, -3.69649351e-01,
           1.95569471e-01,  7.35161185e-01,  1.12426531e+00,  2.34048724e+00,
          -2.73293495e-01, -5.37942410e-01,  1.61367488e+00, -6.87605083e-01,
           1.78149194e-01,  1.41652477e+00,  1.08178985e+00,  7.50013292e-01,
           1.30590725e+00,  7.28111327e-01,  2.31780469e-01,  3.49509811e+00,
          -2.01565838e+00,  2.02634978e+00, -1.37234241e-01,  1.36303949e+00,
           5.24150014e-01,  6.24503851e-01, -1.68102109e+00,  1.00998211e+00,
           1.07641613e+00, -2.14959049e+00, -7.18995631e-01, -5.70351183e-01,
           8.96072328e-01,  2.91151136e-01,  7.80661047e-01, -3.60295534e-01,
          -8.34507942e-02,  4.53782469e-01, -1.38689294e-01, -1.43199697e-01,
           7.75858402e-01,  2.67924041e-01, -1.00910866e+00,  5.28093994e-01,
           7.31177747e-01, -6.40063524e-01,  8.58328223e-01,  2.10230708e+00,
          -2.56236285e-01,  7.64921367e-01,  1.43953395e+00,  1.31815732e+00,
           1.00234294e+00,  5.20512104e-01,  3.00542355e+00, -1.34867787e+00,
          -8.81640792e-01, -7.58961022e-01,  8.91835988e-03,  2.23411989e+00,
           4.92951214e-01, -8.97432566e-01,  1.49539161e+00,  5.41906774e-01,
          -1.11392760e+00,  8.85325849e-01,  8.20662200e-01, -2.15145421e+00,
           1.01889300e+00,  3.42752624e+00, -1.09719723e-01,  1.21628910e-01,
           1.67979038e+00,  2.05204368e+00,  4.77805108e-01, -8.43994796e-01,
           3.85351348e+00,  1.91960251e+00,  1.06021512e+00,  9.68423128e-01,
          -1.17096865e+00, -3.86942714e-01,  1.62775862e+00,  1.11185312e+00,
           5.21188855e-01,  3.14562470e-01, -4.61849332e-01,  5.54202497e-01,
           1.16154706e+00, -2.15874147e+00,  5.92455745e-01, -7.00798988e-01,
           1.05986106e+00, -1.26701188e+00, -1.32570639e-01, -1.01504576e+00,
          -7.23108172e-01,  7.43369997e-01,  2.10126376e+00,  9.54768240e-01,
          -2.50157565e-01, -6.50604188e-01, -2.32293558e+00,  2.67036468e-01,
           1.31709468e+00,  1.52587783e+00, -7.35907614e-01,  1.55118632e+00,
           2.10717034e+00,  1.38434148e+00,  1.65063488e+00,  4.67741537e+00,
           4.29412872e-01,  3.99211794e-01,  6.17206454e-01, -1.48587406e+00,
           1.73596203e+00,  3.68966222e-01,  1.68826318e+00,  7.98869252e-01,
           2.06755590e+00,  1.77467775e+00,  1.59056485e+00, -2.24664450e+00,
           1.26245761e+00,  1.74893463e+00,  1.64551556e+00, -2.47074261e-01,
           2.07411385e+00, -1.63343155e+00,  2.40703058e+00,  9.28709269e-01,
          -8.91974211e-01,  5.71791351e-01,  1.71324253e+00,  2.16140532e+00,
           6.62746608e-01,  1.81819904e+00,  1.70693278e+00,  2.98032331e+00,
           2.48621392e+00, -2.10418791e-01,  5.88320494e-02,  1.97185564e+00,
          -7.00037539e-01, -7.32521653e-01,  1.61455512e+00,  4.70795810e-01,
          -1.24076021e+00,  1.39244282e+00,  2.87895024e-01,  1.25257432e+00,
           3.38163161e+00,  1.27669081e-01, -1.68424356e+00,  4.76495415e-01,
           2.41206789e+00, -6.60027325e-01,  1.04156494e+00,  1.16039467e+00,
          -1.02149522e+00,  6.27858639e-01, -4.47860718e-01,  2.22503021e-01,
           1.76346326e+00, -1.57123327e+00,  5.16543746e-01,  1.23923767e+00,
           2.52362895e+00, -6.00257218e-01,  1.59460342e+00,  3.07946825e+00,
           5.54312825e-01,  4.60997522e-01, -6.84834719e-01,  2.37844801e+00,
          -3.66450101e-01,  1.87774003e+00, -5.86967990e-02,  7.07152039e-02,
           1.53937355e-01, -1.86062467e+00,  1.99537480e+00, -3.15196782e-01,
           2.98105192e+00, -2.07495421e-01, -7.47648418e-01,  4.05156314e-01,
          -1.45028949e-01,  2.26945114e+00, -2.19115928e-01, -1.18720925e+00,
          -1.78486019e-01,  1.78732228e+00, -3.36148255e-02,  2.14308556e-02,
          -4.27382976e-01,  5.40634453e-01,  1.11598814e+00,  1.47960678e-01,
           2.21825123e+00,  2.10483408e+00,  4.78221208e-01,  1.68750393e+00,
           6.60641938e-02, -1.00567572e-01,  3.23465377e-01, -7.71305919e-01,
           1.99370754e+00,  1.90995169e+00, -3.27044749e+00,  5.96808672e-01,
           1.78077888e+00,  6.46601140e-01, -7.05829740e-01,  4.75666285e-01,
           1.83387220e+00,  2.09308577e+00, -9.08690453e-01,  1.51203966e+00,
           1.87577081e+00,  1.18312097e+00,  6.50298119e-01, -1.22126901e+00,
           7.05475569e-01, -1.24671376e+00, -8.54039565e-02,  9.71063972e-01,
           1.34071505e+00,  1.93773043e+00, -3.59011292e-02,  1.25481033e+00,
           1.16820180e+00,  1.50650728e+00,  5.54771006e-01, -9.74062458e-02,
           2.56721079e-01, -1.51948261e+00,  6.20401561e-01, -3.53502147e-02,
           2.89971888e-01,  1.52236021e+00,  1.17470491e+00,  6.57840818e-03,
          -8.96205246e-01,  1.06686747e+00, -6.55201018e-01,  3.94913137e-01,
           1.44286394e+00,  9.31884825e-01, -2.05444050e+00,  2.07211900e+00,
          -1.47693545e-01,  1.39105141e+00, -1.37114787e+00,  1.19111085e+00,
           2.38085538e-01, -6.27866480e-04,  3.54339778e-01, -1.36081028e+00,
           1.44773960e-01,  2.81477904e+00,  3.56512666e-01,  2.31623590e-01,
           2.05499220e+00,  1.39641213e+00,  2.13477358e-01,  2.18105245e+00,
           1.67294943e+00,  1.51595938e+00,  1.71848333e+00, -1.10051155e+00,
           6.39196754e-01,  3.21440291e+00,  1.01051176e+00, -1.00686181e+00,
           8.80193353e-01, -2.19091892e-01,  5.68985678e-02,  6.38666987e-01,
           3.08459473e+00,  2.09119320e+00, -8.62100065e-01,  1.09269536e+00,
           1.12241936e+00,  8.44074368e-01,  1.19198108e+00,  6.57542706e-01,
          -1.34240508e+00,  1.72282505e+00, -5.17411232e-01,  2.14817953e+00,
           2.49125791e+00,  9.25627768e-01, -6.69569969e-02,  2.01222515e+00,
           8.00672114e-01,  1.39796221e+00,  6.55997872e-01, -8.23199928e-01,
           4.93242711e-01,  3.01151931e-01,  3.39750576e+00,  9.90492523e-01,
           1.80805326e+00,  2.79125184e-01, -7.19139725e-02,  7.78595805e-01,
          -1.00734472e+00,  2.98183179e+00,  3.40441555e-01,  9.34530646e-02,
           1.26878560e+00,  1.36349225e+00,  5.34389019e+00,  5.71294606e-01,
           1.14469647e+00,  2.26810360e+00,  1.43127060e+00,  3.10389972e+00,
          -5.57693422e-01, -2.42470443e-01, -1.09052740e-01, -4.66839105e-01,
           1.69600904e+00, -5.82196057e-01,  5.74776113e-01,  1.67836523e+00,
          -1.44218528e+00, -4.68847901e-01,  1.25532842e+00,  2.41963172e+00,
           1.86783850e+00,  1.79622817e+00,  3.23004425e-02,  7.39730120e-01,
          -1.81953505e-01, -4.96605128e-01,  1.97431445e+00,  7.26134360e-01,
          -1.22978306e+00, -5.15862226e-01, -2.35884890e-01,  9.20996845e-01,
           1.99097645e+00, -1.03564417e+00,  6.83015704e-01,  1.41233242e+00,
           1.09585488e+00, -1.66127312e+00,  5.43898344e-01,  1.83611107e+00,
          -1.05843174e+00, -3.72635514e-01,  2.72959733e+00, -1.06361878e+00,
           9.55523998e-02,  3.00215721e-01,  6.08918428e-01, -2.58542657e-01,
           1.58451045e+00,  1.07158303e+00,  1.90603626e+00,  3.32998008e-01,
           2.78316784e+00,  1.56942856e+00,  2.54130483e+00, -1.07589138e+00,
           6.61624551e-01, -4.22871947e-01, -2.48937666e-01,  3.76906943e+00,
           5.53535402e-01, -1.46605086e+00,  2.65545201e+00,  9.20183063e-01,
          -2.58361506e+00,  7.97709003e-02,  4.23779525e-02,  8.23350906e-01,
          -3.10680538e-01,  2.17878127e+00,  3.74404758e-01, -6.19868457e-01,
          -1.65924168e+00, -1.13456082e+00, -1.53941977e+00, -6.28817558e-01,
           1.99936795e+00,  1.61973155e+00, -1.51954338e-01,  9.09617841e-01,
           1.21470797e+00, -1.06165983e-01, -2.11411572e+00,  3.99335533e-01,
           2.06162548e+00,  8.85172427e-01, -1.38365760e-01,  1.23149455e+00,
           4.82896507e-01,  6.77733183e-01,  1.47769618e+00,  1.76305616e+00,
           3.90955836e-01,  3.38024139e+00,  6.51485562e-01,  1.64368880e+00,
          -2.46322557e-01,  1.03055191e+00, -1.23156238e+00,  2.93232888e-01,
           3.70171738e+00,  1.15110803e+00,  3.28210211e+00, -3.40472102e-01,
           1.98942876e+00,  2.28538847e+00,  1.34917772e+00,  1.06809402e+00,
           8.68676752e-02, -3.90553534e-01,  1.09448147e+00,  1.31596220e+00,
           5.39119387e+00,  5.64734173e+00,  3.70023966e+00, -1.77905232e-01,
           4.21581119e-01,  1.05519727e-01,  2.53102303e-01,  2.31648827e+00,
          -1.67308545e+00, -1.31021643e+00,  1.08465743e+00, -1.40815485e+00,
           1.88660705e+00,  4.20150429e-01,  3.01250309e-01,  1.19614311e-01,
           8.87184143e-01,  2.59388566e+00,  6.56429172e-01, -1.63973540e-01,
          -2.15238905e+00,  5.62877715e-01, -9.64171708e-01, -1.28209829e+00,
          -1.45988154e+00,  5.68782151e-01, -9.55860972e-01, -1.42526579e+00,
          -1.21420598e+00, -2.40803838e+00, -1.02971458e+00, -9.06944752e-01,
          -1.27527618e+00, -1.22612166e+00, -1.06970465e+00, -5.13462186e-01,
          -9.80560899e-01, -1.28437400e+00, -2.61186212e-01, -7.77780890e-01,
          -2.53879738e+00, -6.59375131e-01, -1.75948322e+00, -1.66263986e+00,
          -1.83166608e-01,  6.10749543e-01, -3.98037821e-01, -7.03043461e-01,
          -1.21181059e+00, -1.75512120e-01, -4.50670332e-01, -1.45422029e+00,
          -1.63243604e+00, -8.42298508e-01, -1.11394095e+00, -1.61747134e+00,
          -1.60919833e+00, -1.22930646e+00, -9.21011806e-01, -1.20621133e+00,
          -1.25155127e+00, -1.24063456e+00,  1.16390562e+00, -9.67396021e-01,
          -1.45479515e-02, -3.81992757e-02, -1.16157234e+00,  1.34578574e+00,
          -7.37339139e-01, -7.42263436e-01,  1.82615638e+00,  4.40232992e-01,
          -9.38187838e-01,  1.89330056e-01, -1.81133211e-01, -1.35361135e+00,
           2.34524742e-01, -5.95340371e-01,  8.96146536e-01, -2.40859672e-01,
          -8.38335276e-01,  4.49365899e-02, -1.73391736e+00, -3.21485162e-01,
          -1.33288884e+00, -5.64113319e-01, -1.55612016e+00, -1.20851898e+00,
          -1.26154387e+00, -2.02879429e+00, -2.02823400e+00, -1.40369773e+00,
          -1.34699249e+00, -3.05796123e+00, -1.26074404e-01,  1.18221629e+00]]],
       device='cuda:0')
PGD attack margin (first 2 examples and 10 specs):
 tensor([[[0.29571593]]], device='cuda:0')
number of violation:  0
Attack finished in 8.6496 seconds.
PGD attack failed
verified_status unknown
verified_success False
Total VNNLIB file length: 1, max property batch size: 1, total number of batches: 1

Properties batch 0, size 1
Remaining timeout: 1155.746587753296
Verifying property 0 with 1 instances.
torch allclose failed: norm 8.889588571037166e-06
Model: BoundedModule(
  (/input-1): BoundInput(name=/input-1, inputs=[], perturbed=True)
  (/33): BoundParams(name=/33, inputs=[], perturbed=False)
  (/34): BoundParams(name=/34, inputs=[], perturbed=False)
  (/35): BoundParams(name=/35, inputs=[], perturbed=False)
  (/36): BoundParams(name=/36, inputs=[], perturbed=False)
  (/37): BoundParams(name=/37, inputs=[], perturbed=False)
  (/38): BoundParams(name=/38, inputs=[], perturbed=False)
  (/39): BoundParams(name=/39, inputs=[], perturbed=False)
  (/40): BoundParams(name=/40, inputs=[], perturbed=False)
  (/41): BoundParams(name=/41, inputs=[], perturbed=False)
  (/42): BoundParams(name=/42, inputs=[], perturbed=False)
  (/43): BoundParams(name=/43, inputs=[], perturbed=False)
  (/44): BoundParams(name=/44, inputs=[], perturbed=False)
  (/45): BoundParams(name=/45, inputs=[], perturbed=False)
  (/46): BoundParams(name=/46, inputs=[], perturbed=False)
  (/47): BoundParams(name=/47, inputs=[], perturbed=False)
  (/48): BoundParams(name=/48, inputs=[], perturbed=False)
  (/49): BoundParams(name=/49, inputs=[], perturbed=False)
  (/50): BoundParams(name=/50, inputs=[], perturbed=False)
  (/51): BoundParams(name=/51, inputs=[], perturbed=False)
  (/52): BoundParams(name=/52, inputs=[], perturbed=False)
  (/53): BoundParams(name=/53, inputs=[], perturbed=False)
  (/54): BoundParams(name=/54, inputs=[], perturbed=False)
  (/55): BoundParams(name=/55, inputs=[], perturbed=False)
  (/56): BoundParams(name=/56, inputs=[], perturbed=False)
  (/57): BoundParams(name=/57, inputs=[], perturbed=False)
  (/58): BoundParams(name=/58, inputs=[], perturbed=False)
  (/59): BoundParams(name=/59, inputs=[], perturbed=False)
  (/60): BoundParams(name=/60, inputs=[], perturbed=False)
  (/61): BoundParams(name=/61, inputs=[], perturbed=False)
  (/62): BoundParams(name=/62, inputs=[], perturbed=False)
  (/63): BoundParams(name=/63, inputs=[], perturbed=False)
  (/64): BoundParams(name=/64, inputs=[], perturbed=False)
  (/input): BoundConv(name=/input, inputs=[/input-1, /33, /34], perturbed=True)
  (/66): BoundRelu(name=/66, inputs=[/input], perturbed=True)
  (/input-4): BoundConv(name=/input-4, inputs=[/66, /35, /36], perturbed=True)
  (/68): BoundRelu(name=/68, inputs=[/input-4], perturbed=True)
  (/input-12): BoundConv(name=/input-12, inputs=[/input-8/add_3_4, /37, /38], perturbed=True)
  (/71): BoundRelu(name=/71, inputs=[/input-12], perturbed=True)
  (/input-16): BoundConv(name=/input-16, inputs=[/71, /39, /40], perturbed=True)
  (/73): BoundRelu(name=/73, inputs=[/input-16], perturbed=True)
  (/input-24): BoundConv(name=/input-24, inputs=[/input-20/add_3_4, /41, /42], perturbed=True)
  (/76): BoundRelu(name=/76, inputs=[/input-24], perturbed=True)
  (/input-28): BoundConv(name=/input-28, inputs=[/76, /43, /44], perturbed=True)
  (/78): BoundRelu(name=/78, inputs=[/input-28], perturbed=True)
  (/input-32): BoundConv(name=/input-32, inputs=[/78, /45, /46], perturbed=True)
  (/80): BoundRelu(name=/80, inputs=[/input-32], perturbed=True)
  (/input-40): BoundConv(name=/input-40, inputs=[/input-36/add_3_4, /47, /48], perturbed=True)
  (/83): BoundRelu(name=/83, inputs=[/input-40], perturbed=True)
  (/input-44): BoundConv(name=/input-44, inputs=[/83, /49, /50], perturbed=True)
  (/85): BoundRelu(name=/85, inputs=[/input-44], perturbed=True)
  (/input-48): BoundConv(name=/input-48, inputs=[/85, /51, /52], perturbed=True)
  (/87): BoundRelu(name=/87, inputs=[/input-48], perturbed=True)
  (/input-56): BoundConv(name=/input-56, inputs=[/input-52/add_3_4, /53, /54], perturbed=True)
  (/90): BoundRelu(name=/90, inputs=[/input-56], perturbed=True)
  (/input-60): BoundConv(name=/input-60, inputs=[/90, /55, /56], perturbed=True)
  (/92): BoundRelu(name=/92, inputs=[/input-60], perturbed=True)
  (/input-64): BoundConv(name=/input-64, inputs=[/92, /57, /58], perturbed=True)
  (/94): BoundRelu(name=/94, inputs=[/input-64], perturbed=True)
  (/96): BoundFlatten(name=/96, inputs=[/95/add_3_4], perturbed=True)
  (/input-68): BoundLinear(name=/input-68, inputs=[/96, /59, /60], perturbed=True)
  (/98): BoundRelu(name=/98, inputs=[/input-68], perturbed=True)
  (/99): BoundFlatten(name=/99, inputs=[/98], perturbed=True)
  (/input-72): BoundLinear(name=/input-72, inputs=[/99, /61, /62], perturbed=True)
  (/101): BoundRelu(name=/101, inputs=[/input-72], perturbed=True)
  (/102): BoundFlatten(name=/102, inputs=[/101], perturbed=True)
  (/103): BoundLinear(name=/103, inputs=[/102, /63, /64], perturbed=True)
  (/input-8/conv_1): BoundConv(name=/input-8/conv_1, inputs=[/68, /input-8/conv_1_w], perturbed=True)
  (/input-8/conv_1_relu): BoundRelu(name=/input-8/conv_1_relu, inputs=[/input-8/conv_1], perturbed=True)
  (/input-8/conv_1_w): BoundParams(name=/input-8/conv_1_w, inputs=[], perturbed=False)
  (/input-8/conv_2): BoundConv(name=/input-8/conv_2, inputs=[/68, /input-8/conv_2_w], perturbed=True)
  (/input-8/conv_2_w): BoundParams(name=/input-8/conv_2_w, inputs=[], perturbed=False)
  (/input-8/conv_3): BoundConv(name=/input-8/conv_3, inputs=[/input-8/add_1_2, /input-8/conv_3_w], perturbed=True)
  (/input-8/conv_3_relu): BoundRelu(name=/input-8/conv_3_relu, inputs=[/input-8/conv_3], perturbed=True)
  (/input-8/conv_3_w): BoundParams(name=/input-8/conv_3_w, inputs=[], perturbed=False)
  (/input-8/conv_4): BoundConv(name=/input-8/conv_4, inputs=[/input-8/add_1_2, /input-8/conv_4_w], perturbed=True)
  (/input-8/conv_4_w): BoundParams(name=/input-8/conv_4_w, inputs=[], perturbed=False)
  (/input-8/add_1_2): BoundAdd(name=/input-8/add_1_2, inputs=[/input-8/conv_1_relu, /input-8/conv_2], perturbed=True)
  (/input-8/add_3_4): BoundAdd(name=/input-8/add_3_4, inputs=[/input-8/conv_3_relu, /input-8/conv_4], perturbed=True)
  (/input-20/conv_1): BoundConv(name=/input-20/conv_1, inputs=[/73, /input-20/conv_1_w], perturbed=True)
  (/input-20/conv_1_relu): BoundRelu(name=/input-20/conv_1_relu, inputs=[/input-20/conv_1], perturbed=True)
  (/input-20/conv_1_w): BoundParams(name=/input-20/conv_1_w, inputs=[], perturbed=False)
  (/input-20/conv_2): BoundConv(name=/input-20/conv_2, inputs=[/73, /input-20/conv_2_w], perturbed=True)
  (/input-20/conv_2_w): BoundParams(name=/input-20/conv_2_w, inputs=[], perturbed=False)
  (/input-20/conv_3): BoundConv(name=/input-20/conv_3, inputs=[/input-20/add_1_2, /input-20/conv_3_w], perturbed=True)
  (/input-20/conv_3_relu): BoundRelu(name=/input-20/conv_3_relu, inputs=[/input-20/conv_3], perturbed=True)
  (/input-20/conv_3_w): BoundParams(name=/input-20/conv_3_w, inputs=[], perturbed=False)
  (/input-20/conv_4): BoundConv(name=/input-20/conv_4, inputs=[/input-20/add_1_2, /input-20/conv_4_w], perturbed=True)
  (/input-20/conv_4_w): BoundParams(name=/input-20/conv_4_w, inputs=[], perturbed=False)
  (/input-20/add_1_2): BoundAdd(name=/input-20/add_1_2, inputs=[/input-20/conv_1_relu, /input-20/conv_2], perturbed=True)
  (/input-20/add_3_4): BoundAdd(name=/input-20/add_3_4, inputs=[/input-20/conv_3_relu, /input-20/conv_4], perturbed=True)
  (/input-36/conv_1): BoundConv(name=/input-36/conv_1, inputs=[/80, /input-36/conv_1_w], perturbed=True)
  (/input-36/conv_1_relu): BoundRelu(name=/input-36/conv_1_relu, inputs=[/input-36/conv_1], perturbed=True)
  (/input-36/conv_1_w): BoundParams(name=/input-36/conv_1_w, inputs=[], perturbed=False)
  (/input-36/conv_2): BoundConv(name=/input-36/conv_2, inputs=[/80, /input-36/conv_2_w], perturbed=True)
  (/input-36/conv_2_w): BoundParams(name=/input-36/conv_2_w, inputs=[], perturbed=False)
  (/input-36/conv_3): BoundConv(name=/input-36/conv_3, inputs=[/input-36/add_1_2, /input-36/conv_3_w], perturbed=True)
  (/input-36/conv_3_relu): BoundRelu(name=/input-36/conv_3_relu, inputs=[/input-36/conv_3], perturbed=True)
  (/input-36/conv_3_w): BoundParams(name=/input-36/conv_3_w, inputs=[], perturbed=False)
  (/input-36/conv_4): BoundConv(name=/input-36/conv_4, inputs=[/input-36/add_1_2, /input-36/conv_4_w], perturbed=True)
  (/input-36/conv_4_w): BoundParams(name=/input-36/conv_4_w, inputs=[], perturbed=False)
  (/input-36/add_1_2): BoundAdd(name=/input-36/add_1_2, inputs=[/input-36/conv_1_relu, /input-36/conv_2], perturbed=True)
  (/input-36/add_3_4): BoundAdd(name=/input-36/add_3_4, inputs=[/input-36/conv_3_relu, /input-36/conv_4], perturbed=True)
  (/input-52/conv_1): BoundConv(name=/input-52/conv_1, inputs=[/87, /input-52/conv_1_w], perturbed=True)
  (/input-52/conv_1_relu): BoundRelu(name=/input-52/conv_1_relu, inputs=[/input-52/conv_1], perturbed=True)
  (/input-52/conv_1_w): BoundParams(name=/input-52/conv_1_w, inputs=[], perturbed=False)
  (/input-52/conv_2): BoundConv(name=/input-52/conv_2, inputs=[/87, /input-52/conv_2_w], perturbed=True)
  (/input-52/conv_2_w): BoundParams(name=/input-52/conv_2_w, inputs=[], perturbed=False)
  (/input-52/conv_3): BoundConv(name=/input-52/conv_3, inputs=[/input-52/add_1_2, /input-52/conv_3_w], perturbed=True)
  (/input-52/conv_3_relu): BoundRelu(name=/input-52/conv_3_relu, inputs=[/input-52/conv_3], perturbed=True)
  (/input-52/conv_3_w): BoundParams(name=/input-52/conv_3_w, inputs=[], perturbed=False)
  (/input-52/conv_4): BoundConv(name=/input-52/conv_4, inputs=[/input-52/add_1_2, /input-52/conv_4_w], perturbed=True)
  (/input-52/conv_4_w): BoundParams(name=/input-52/conv_4_w, inputs=[], perturbed=False)
  (/input-52/add_1_2): BoundAdd(name=/input-52/add_1_2, inputs=[/input-52/conv_1_relu, /input-52/conv_2], perturbed=True)
  (/input-52/add_3_4): BoundAdd(name=/input-52/add_3_4, inputs=[/input-52/conv_3_relu, /input-52/conv_4], perturbed=True)
  (/95/conv_1): BoundConv(name=/95/conv_1, inputs=[/94, /95/conv_1_w], perturbed=True)
  (/95/conv_1_relu): BoundRelu(name=/95/conv_1_relu, inputs=[/95/conv_1], perturbed=True)
  (/95/conv_1_w): BoundParams(name=/95/conv_1_w, inputs=[], perturbed=False)
  (/95/conv_2): BoundConv(name=/95/conv_2, inputs=[/94, /95/conv_2_w], perturbed=True)
  (/95/conv_2_w): BoundParams(name=/95/conv_2_w, inputs=[], perturbed=False)
  (/95/conv_3): BoundConv(name=/95/conv_3, inputs=[/95/add_1_2, /95/conv_3_w], perturbed=True)
  (/95/conv_3_relu): BoundRelu(name=/95/conv_3_relu, inputs=[/95/conv_3], perturbed=True)
  (/95/conv_3_w): BoundParams(name=/95/conv_3_w, inputs=[], perturbed=False)
  (/95/conv_4): BoundConv(name=/95/conv_4, inputs=[/95/add_1_2, /95/conv_4_w], perturbed=True)
  (/95/conv_4_w): BoundParams(name=/95/conv_4_w, inputs=[], perturbed=False)
  (/95/add_1_2): BoundAdd(name=/95/add_1_2, inputs=[/95/conv_1_relu, /95/conv_2], perturbed=True)
  (/95/add_3_4): BoundAdd(name=/95/add_3_4, inputs=[/95/conv_3_relu, /95/conv_4], perturbed=True)
)
Model prediction is: tensor([-3.23374897e-01,  1.25993276e+00, -6.49312794e-01, -8.51722419e-01,
        -8.44722748e-01,  5.77966012e-02, -5.85824847e-01, -1.81726205e+00,
        -1.59545255e+00, -2.06188583e+00, -9.75014925e-01, -3.10173690e-01,
        -5.79356730e-01, -1.08834982e+00, -4.07832891e-01, -5.02499402e-01,
        -1.06036723e+00, -1.47498560e+00, -1.14133763e+00, -1.00498521e+00,
        -1.48326075e+00, -2.47860238e-01, -4.27191019e-01, -1.27240264e+00,
        -5.98780990e-01, -1.53608990e+00, -4.50774550e-01, -1.05271363e+00,
        -1.16416073e+00, -2.52782047e-01, -2.29899502e+00, -4.01690632e-01,
        -1.25873172e+00, -1.86421049e+00, -1.29429781e+00, -1.77672899e+00,
        -2.55903870e-01, -2.31733894e+00, -2.15047553e-01, -1.73659718e+00,
        -4.48670805e-01, -1.99145675e+00, -1.94359100e+00, -1.32895613e+00,
        -1.03601718e+00, -1.19507658e+00, -3.96099389e-01, -1.51498699e+00,
        -2.47530532e+00, -8.66079509e-01, -6.27164766e-02, -2.27865958e+00,
        -7.48643696e-01, -4.81305748e-01, -1.32746744e+00, -1.77119637e+00,
        -9.93010998e-01, -1.95991206e+00, -7.01797962e-01, -9.38883126e-01,
        -1.05025363e+00, -1.48694587e+00, -1.67337298e+00, -1.53254747e-01,
        -8.56243670e-01, -7.93352544e-01, -1.38970923e+00, -1.04545355e+00,
        -1.87752545e+00, -1.75903821e+00, -3.97059947e-01,  2.65494913e-01,
         1.39809012e-01,  7.62598515e-01,  1.68720141e-01,  7.25448430e-01,
        -2.89523721e-01,  6.06783032e-01,  4.72842544e-01,  3.97495478e-01,
         8.34403187e-03, -2.20987892e+00, -1.43645346e+00, -1.35048616e+00,
        -1.12157845e+00, -1.23870468e+00, -1.86085117e+00, -2.22353429e-01,
        -1.49226442e-01, -1.26060987e+00, -8.92992914e-01, -1.63787961e+00,
        -6.80067837e-01, -1.10398674e+00, -6.72062159e-01, -1.76470876e+00,
        -4.28644031e-01, -1.50408936e+00, -2.22046942e-01, -5.65556347e-01,
         3.05108994e-01, -1.20561016e+00, -2.07812214e+00,  7.84087088e-03,
        -1.21075833e+00, -1.93832123e+00, -1.16309536e+00, -4.48296279e-01,
        -1.00365961e+00, -1.31975830e+00, -3.57460558e-01,  1.79291713e+00,
        -4.13406849e-01, -6.45587146e-01, -8.10935974e-01, -1.22828615e+00,
        -8.59716237e-01,  2.37150609e-01, -9.71217215e-01, -1.74893975e+00,
        -1.94706082e+00, -1.56955516e+00, -8.49206626e-01, -2.28312922e+00,
        -1.49578834e+00, -2.36651754e+00,  5.33633903e-02, -9.18724298e-01,
         1.13507032e-01, -2.17342619e-02, -4.36906815e-01, -7.55463719e-01,
         1.16398945e-01, -9.41377521e-01, -6.21638179e-01, -1.12513018e+00,
        -1.09774780e+00, -2.24915385e-01, -1.14907205e+00, -2.13922071e+00,
        -2.21819496e+00, -6.86064363e-01, -1.18282342e+00, -1.08655918e+00,
        -1.05132830e+00, -3.27309787e-01, -8.65827203e-01,  4.43165869e-01,
         5.20357847e-01, -1.00946382e-01, -9.09211218e-01,  4.27103966e-01,
        -5.50696135e-01,  6.62575543e-01, -2.61171699e-01, -4.34029639e-01,
        -4.60203171e-01,  3.65220867e-02, -6.80106580e-01, -9.07867312e-01,
        -6.92177176e-01, -4.14706618e-01, -1.46037385e-01, -5.12526155e-01,
        -7.79803693e-01, -6.18201792e-01, -8.66801679e-01, -7.88365483e-01,
        -2.00135648e-01, -2.17411622e-01, -6.25695467e-01, -4.46208000e-01,
        -1.21095288e+00, -3.73052992e-02, -4.90085542e-01, -5.42542160e-01,
        -1.62124801e+00, -4.28886414e-01, -1.26259089e-01, -1.22857964e+00,
        -1.00816524e+00, -1.31656766e-01, -2.52927125e-01,  3.02621543e-01,
         1.63451210e-01, -3.60626549e-01, -6.75302446e-02,  3.53005737e-01,
        -1.24018088e-01, -2.84414113e-01, -2.69214716e-03,  7.86883473e-01,
        -3.94713432e-01, -2.59982616e-01, -6.09116256e-01,  6.80910826e-01,
        -2.41571993e-01, -6.96557939e-01, -9.22590315e-01,  6.03986859e-01,
        -4.42951709e-01, -1.05162370e+00,  7.40631297e-03,  8.98701012e-01,
        -3.63622248e-01, -7.73654282e-01, -7.51509368e-01, -6.97418928e-01,
        -6.28836811e-01, -7.39216924e-01, -1.31428957e+00, -2.29577035e-01,
        -4.05035138e-01, -1.17379582e+00, -6.15617275e-01, -5.72186410e-01,
        -1.18706398e-01, -1.60057604e-01, -5.47596931e-01, -5.61936855e-01,
        -4.56319362e-01, -3.63766551e-01, -2.37598017e-01,  5.65796793e-01,
         2.04640031e-01, -9.11481261e-01, -4.43787813e-01, -5.61123490e-01,
        -6.28076017e-01,  9.28847075e-01, -4.70779777e-01, -8.97396356e-03,
        -8.15270305e-01,  2.15844214e-01, -2.97774673e-01, -2.15217352e-01,
        -3.72494966e-01, -6.76306784e-02, -9.12190735e-01, -1.34858757e-01,
        -5.22933662e-01, -9.07487452e-01, -1.64345145e-01, -1.49194670e+00,
        -8.33623528e-01, -9.87423807e-02, -1.00589216e+00, -3.61926526e-01,
         3.21084186e-02,  2.76747882e-01, -1.49913728e-02, -9.09071207e-01,
         2.12931439e-01,  2.05903113e-01,  2.23406643e-01, -9.67601895e-01,
        -6.84115112e-01,  5.16465545e-01,  6.51789188e-01,  6.53497934e-01,
         6.40929103e-01, -9.45010856e-02, -7.97873795e-01, -2.88805455e-01,
        -4.11579669e-01,  4.88324344e-01, -4.07395698e-02, -1.42893061e-01,
        -1.13031375e+00,  1.99559182e-01,  4.71964449e-01, -5.47411561e-01,
        -1.20226473e-01, -3.38162512e-01, -4.76443231e-01, -9.74787712e-01,
        -8.26301634e-01,  3.25386301e-02, -3.65355968e-01,  4.50294405e-01,
        -2.69318298e-02,  1.13605201e+00,  1.20890677e+00,  2.21135712e+00,
         1.81165981e+00,  9.54679310e-01, -1.10730445e+00, -1.21070832e-01,
        -1.03379548e+00, -1.08166850e+00, -1.39465249e+00, -1.15403211e+00,
        -8.16840231e-01, -5.70955992e-01, -1.02554679e+00, -7.67743707e-01,
         1.81326523e-01, -9.83224869e-01, -1.75358748e+00, -6.59106553e-01,
        -1.86714542e+00, -3.59055609e-01, -5.13643503e-01, -1.01449537e+00,
        -1.56193769e+00, -2.76970577e+00, -8.99803102e-01, -8.29905987e-01,
        -7.64529288e-01, -1.26300633e+00,  3.55434448e-01, -8.05027783e-02,
        -1.21081483e+00,  1.57958299e-01,  3.90474170e-01, -4.88149405e-01,
        -9.77444649e-01, -1.86085188e+00,  9.39645842e-02,  1.83132261e-01,
        -4.04616922e-01, -2.36953259e+00, -1.91736221e+00, -1.38545382e+00,
        -1.71594679e+00, -2.27751088e+00, -2.07614303e+00, -3.81574154e-01,
        -1.88944101e+00, -1.53201795e+00, -3.67802411e-01,  1.43199414e-03,
         1.40890527e+00, -3.61985356e-01, -1.09871840e+00, -8.43388796e-01,
        -1.99510109e+00, -1.42214559e-02, -6.22572422e-01, -1.99028981e+00,
        -1.28953123e+00, -1.12743723e+00, -1.80310071e+00, -2.01747155e+00,
        -1.40177798e+00, -2.19241357e+00, -1.92876649e+00, -1.33209836e+00,
        -2.93331861e+00, -2.04422235e+00, -1.88468504e+00, -1.41417670e+00,
        -1.54290187e+00, -1.83749676e+00, -1.65989602e+00, -1.96484673e+00,
        -4.79753822e-01, -6.11754239e-01, -6.57703951e-02,  6.01734221e-03,
        -9.51336145e-01, -2.70418584e-01, -6.14290774e-01, -1.05855536e+00,
        -1.75282383e+00, -9.19564068e-01, -9.15446043e-01, -9.49155807e-01,
        -5.23272455e-01, -1.13455975e+00, -7.50606060e-01, -1.08563530e+00,
        -9.45069253e-01, -6.76845670e-01, -7.58539677e-01, -1.36417747e+00,
        -5.83307207e-01, -9.47269678e-01, -8.03525448e-02, -1.52422285e+00,
        -6.75632536e-01, -1.36721456e+00, -8.18634927e-01, -9.14378226e-01,
        -8.78544927e-01, -8.80108476e-01, -1.34740663e+00, -2.00407243e+00,
        -1.74639380e+00, -1.49673708e-02, -1.43570030e+00, -2.35478848e-01,
        -6.81401551e-01, -1.81297505e+00, -5.38557470e-01,  3.20538938e-01,
        -1.83566308e+00, -2.06941032e+00,  8.35942477e-02,  2.79270887e+00,
         8.28639925e-01,  1.08265400e-01,  7.09286332e-01, -6.78962409e-01,
        -4.58862484e-02,  9.49847341e-01,  3.86565536e-01, -4.34163809e-01,
        -1.55281699e+00,  2.72414899e+00, -1.69457042e+00,  3.13249016e+00,
         4.95872051e-01,  1.04743052e+00,  1.66804445e+00, -1.17597747e+00,
         2.13226032e+00,  9.54378664e-01,  2.12875080e+00,  1.90694034e+00,
         7.87715912e-01,  4.01941210e-01,  5.55620313e-01,  1.07464910e-01,
        -2.46216685e-01, -1.53412461e-01,  1.20421958e+00, -3.35089505e-01,
        -4.20193285e-01, -8.85291815e-01, -1.11177957e+00,  1.45573163e+00,
         8.28797102e-01,  9.96826947e-01,  2.03862619e+00,  2.60223174e+00,
        -9.14881527e-01,  7.87933409e-01,  1.70081866e+00,  7.44066536e-01,
        -2.78242826e-02,  1.55502987e+00,  1.01304269e+00,  2.60851955e+00,
        -9.13407564e-01,  1.13434941e-01,  3.77663612e+00,  2.57384658e-01,
        -5.33541441e-01,  3.91210318e-01, -5.40302038e-01,  1.58818209e+00,
         7.29271948e-01,  7.64117777e-01, -1.14802265e+00, -4.85708356e-01,
         9.04416859e-01,  2.48683238e+00, -3.76406193e-01,  9.82609868e-01,
        -9.27067995e-01,  1.29239869e+00,  2.15752292e+00,  2.23785341e-01,
         1.13280332e+00,  2.79263711e+00, -4.05448437e-01, -1.88877976e+00,
        -2.48908877e-01, -8.71174335e-02,  1.63516843e+00, -9.76712644e-01,
        -3.52522463e-01,  1.43155003e+00,  5.62312841e-01,  1.08695515e-02,
        -9.15166259e-01,  6.66777611e-01,  4.87426668e-01, -7.19680786e-01,
         2.27321196e+00,  9.12392139e-01,  3.86559844e-01, -3.93917114e-01,
         1.29168704e-01,  7.25080550e-01,  1.17221177e+00,  2.38024616e+00,
        -2.50981241e-01, -5.36991596e-01,  1.63049638e+00, -7.41202712e-01,
         1.76044598e-01,  1.37208641e+00,  1.10279012e+00,  7.55773246e-01,
         1.35869527e+00,  7.48021722e-01,  2.60653764e-01,  3.45881271e+00,
        -2.04259396e+00,  2.11550522e+00, -9.24262628e-02,  1.35480905e+00,
         5.82576394e-01,  6.72980845e-01, -1.68438232e+00,  9.82545316e-01,
         1.10992396e+00, -2.08849049e+00, -7.73778617e-01, -5.87251127e-01,
         8.59897614e-01,  3.18108380e-01,  7.86015153e-01, -2.76211649e-01,
         3.51010263e-02,  4.62547213e-01, -1.16082825e-01, -1.56827927e-01,
         9.30559695e-01,  2.94988662e-01, -1.02029681e+00,  5.89484155e-01,
         7.47650743e-01, -6.42581880e-01,  9.09503579e-01,  2.10461211e+00,
        -2.16349021e-01,  8.55858564e-01,  1.41388440e+00,  1.32092071e+00,
         1.04950154e+00,  5.82219183e-01,  2.96921945e+00, -1.34993482e+00,
        -8.93347621e-01, -8.00956726e-01,  6.72283173e-02,  2.24145937e+00,
         3.95109951e-01, -8.68342161e-01,  1.53214955e+00,  6.09612882e-01,
        -1.11218059e+00,  9.28731740e-01,  8.40001822e-01, -2.17090750e+00,
         9.87249196e-01,  3.50718570e+00, -1.16090372e-01,  1.25096425e-01,
         1.75364804e+00,  2.00457931e+00,  4.47518826e-01, -8.33535910e-01,
         3.80121446e+00,  1.96782982e+00,  1.07141936e+00,  9.89126086e-01,
        -1.13629985e+00, -3.94321114e-01,  1.66545188e+00,  1.12059009e+00,
         6.10172212e-01,  3.46106052e-01, -4.50127482e-01,  5.54918587e-01,
         1.22927666e+00, -2.19165897e+00,  6.29047334e-01, -7.32579350e-01,
         1.07729125e+00, -1.29610014e+00, -1.85029477e-01, -1.01269078e+00,
        -7.37575591e-01,  7.53522277e-01,  2.22550249e+00,  1.05445278e+00,
        -2.03197554e-01, -5.66099048e-01, -2.29613066e+00,  1.72704175e-01,
         1.34276080e+00,  1.52056777e+00, -7.78764427e-01,  1.54374874e+00,
         2.18754601e+00,  1.44922054e+00,  1.60187566e+00,  4.75167513e+00,
         4.24494117e-01,  4.07088488e-01,  6.35927320e-01, -1.50802100e+00,
         1.66287172e+00,  3.74108195e-01,  1.75289142e+00,  7.69252002e-01,
         2.10418725e+00,  1.86847878e+00,  1.56425846e+00, -2.30258894e+00,
         1.23095405e+00,  1.80808413e+00,  1.74185622e+00, -2.22352922e-01,
         2.15046358e+00, -1.63828909e+00,  2.50857615e+00,  9.60389495e-01,
        -8.86307836e-01,  5.54042161e-01,  1.85833359e+00,  2.11627626e+00,
         6.57187402e-01,  1.89579546e+00,  1.71034956e+00,  3.07231665e+00,
         2.56687140e+00, -2.22561121e-01,  1.43873781e-01,  1.88112569e+00,
        -6.87773108e-01, -7.42626727e-01,  1.59949362e+00,  4.69916910e-01,
        -1.26071453e+00,  1.41228187e+00,  2.82327771e-01,  1.25038600e+00,
         3.32439661e+00,  1.00844562e-01, -1.72077858e+00,  4.35295284e-01,
         2.43603325e+00, -6.68519258e-01,  1.15800560e+00,  1.22871900e+00,
        -1.02946818e+00,  6.41227543e-01, -3.60792547e-01,  2.80214131e-01,
         1.77075696e+00, -1.59794235e+00,  5.22091389e-01,  1.23176944e+00,
         2.54773259e+00, -6.44139647e-01,  1.63166022e+00,  3.07160878e+00,
         6.37968838e-01,  4.00702327e-01, -6.83280051e-01,  2.49290800e+00,
        -3.67531031e-01,  1.81988966e+00, -2.67518535e-02,  1.26971886e-01,
         1.25944912e-01, -1.89255011e+00,  1.97538459e+00, -3.87631595e-01,
         3.03902435e+00, -2.14280874e-01, -8.15828383e-01,  4.54523802e-01,
        -1.38473555e-01,  2.41881633e+00, -2.17549041e-01, -1.19503891e+00,
        -1.32138044e-01,  1.82902932e+00, -9.08230841e-02, -5.89288250e-02,
        -4.93683934e-01,  4.98080909e-01,  1.16117156e+00,  2.35162705e-01,
         2.22408676e+00,  2.17947078e+00,  4.08439189e-01,  1.68009913e+00,
         4.25918140e-02, -1.60660759e-01,  2.77206838e-01, -7.11760342e-01,
         1.94103551e+00,  1.98948097e+00, -3.30599594e+00,  6.07150793e-01,
         1.81675100e+00,  6.35190845e-01, -7.29864419e-01,  5.09338498e-01,
         1.89238107e+00,  2.25198078e+00, -9.11825180e-01,  1.50909996e+00,
         1.85439730e+00,  1.23792076e+00,  6.20282888e-01, -1.21970654e+00,
         7.24999666e-01, -1.28290153e+00, -5.66247627e-02,  9.58273649e-01,
         1.25053680e+00,  2.06898689e+00, -3.13173383e-02,  1.29413462e+00,
         1.16785443e+00,  1.50585747e+00,  5.38052380e-01, -1.50918484e-01,
         3.25492680e-01, -1.54994464e+00,  6.08394861e-01, -4.96038422e-03,
         2.88232714e-01,  1.66764748e+00,  1.20853722e+00,  4.53511849e-02,
        -9.53498244e-01,  1.13007796e+00, -7.71098912e-01,  4.27860677e-01,
         1.49390197e+00,  9.11889017e-01, -2.08491564e+00,  2.09748793e+00,
        -1.30724043e-01,  1.38153565e+00, -1.38970160e+00,  1.30569696e+00,
         2.77181655e-01,  2.21960936e-02,  3.24521393e-01, -1.37550557e+00,
         1.50687382e-01,  2.82594943e+00,  3.59682381e-01,  2.12721497e-01,
         1.97129536e+00,  1.43144441e+00,  2.08241969e-01,  2.20818686e+00,
         1.71778083e+00,  1.52077866e+00,  1.85205400e+00, -1.11198866e+00,
         6.85704827e-01,  3.25529170e+00,  9.79467869e-01, -1.02144432e+00,
         8.97985697e-01, -2.07843900e-01,  7.88922161e-02,  6.62427306e-01,
         3.17034245e+00,  2.10215497e+00, -8.21978867e-01,  1.07333863e+00,
         1.15674424e+00,  8.52030635e-01,  1.15310812e+00,  6.77326560e-01,
        -1.33405280e+00,  1.72084260e+00, -4.93699223e-01,  2.13314486e+00,
         2.53123045e+00,  9.53951657e-01,  1.40914507e-02,  2.13824272e+00,
         8.00436139e-01,  1.36258042e+00,  6.69519782e-01, -8.03884864e-01,
         4.43589956e-01,  2.37721190e-01,  3.38840103e+00,  9.74449098e-01,
         1.82224309e+00,  3.17051411e-01, -3.84706408e-02,  7.74765790e-01,
        -9.89179671e-01,  3.00075030e+00,  3.80276650e-01,  1.37390733e-01,
         1.25742936e+00,  1.51115656e+00,  5.56826878e+00,  5.64191639e-01,
         1.16862452e+00,  2.38137960e+00,  1.37043107e+00,  3.21674943e+00,
        -5.59770346e-01, -1.90899342e-01, -1.21376373e-01, -5.21377027e-01,
         1.69039190e+00, -5.96932471e-01,  6.37873650e-01,  1.66036820e+00,
        -1.37005448e+00, -3.87331009e-01,  1.21947670e+00,  2.43245816e+00,
         1.82930481e+00,  1.79824936e+00, -1.82384625e-02,  7.98137426e-01,
        -1.26358524e-01, -5.20767987e-01,  2.00994086e+00,  8.31561387e-01,
        -1.26359892e+00, -5.44197261e-01, -1.92081213e-01,  1.00081193e+00,
         2.08776236e+00, -1.06898582e+00,  6.57434344e-01,  1.40853322e+00,
         1.13655484e+00, -1.63352442e+00,  5.68365574e-01,  1.89343226e+00,
        -1.07217336e+00, -4.39347595e-01,  2.82955003e+00, -1.12322724e+00,
         1.67628229e-01,  4.34079051e-01,  5.93778491e-01, -2.53545195e-01,
         1.64540303e+00,  1.14562082e+00,  2.01530027e+00,  3.95684302e-01,
         2.73724008e+00,  1.62979639e+00,  2.56612849e+00, -1.12644386e+00,
         6.18812919e-01, -3.66977662e-01, -1.56110913e-01,  3.76536894e+00,
         5.35549641e-01, -1.48008192e+00,  2.81154037e+00,  8.83923709e-01,
        -2.69686270e+00,  9.34349224e-02,  7.39543587e-02,  8.96981061e-01,
        -3.55207086e-01,  2.24090791e+00,  3.85142893e-01, -6.44236743e-01,
        -1.69291568e+00, -1.10925388e+00, -1.54529607e+00, -6.55730486e-01,
         2.08127189e+00,  1.70037806e+00, -1.28164992e-01,  8.11714232e-01,
         1.26679039e+00, -1.17551811e-01, -2.15845156e+00,  3.90187234e-01,
         2.18370056e+00,  8.74466121e-01, -1.87645882e-01,  1.39379692e+00,
         5.22197843e-01,  6.50696754e-01,  1.54553211e+00,  1.79906976e+00,
         4.33677465e-01,  3.40389991e+00,  6.90061033e-01,  1.75320530e+00,
        -2.89228678e-01,  1.10852432e+00, -1.27376151e+00,  2.54293829e-01,
         3.76501608e+00,  1.13996911e+00,  3.38581324e+00, -3.76711696e-01,
         2.02670693e+00,  2.31453490e+00,  1.43046963e+00,  1.12221956e+00,
         8.97491723e-02, -4.94188786e-01,  1.09294176e+00,  1.39458549e+00,
         5.42415476e+00,  5.78352118e+00,  3.74159765e+00, -1.29154801e-01,
         4.14864570e-01,  1.45410344e-01,  2.78087646e-01,  2.35813761e+00,
        -1.70343304e+00, -1.33134902e+00,  9.69255209e-01, -1.34347761e+00,
         1.93664944e+00,  4.54371363e-01,  3.30947936e-01,  8.45065787e-02,
         8.83351505e-01,  2.59076357e+00,  7.30100095e-01, -1.06625266e-01,
        -2.13407278e+00,  5.69228411e-01, -9.95546043e-01, -1.24914849e+00,
        -1.40897083e+00,  6.75010324e-01, -9.73551214e-01, -1.39665520e+00,
        -1.20948124e+00, -2.37212324e+00, -9.85241652e-01, -8.86305809e-01,
        -1.29663789e+00, -1.19492698e+00, -1.09923041e+00, -5.00907481e-01,
        -1.02483702e+00, -1.29641998e+00, -2.39427015e-01, -7.78618217e-01,
        -2.58858943e+00, -6.48146749e-01, -1.82027781e+00, -1.60128081e+00,
        -1.65266067e-01,  6.06948972e-01, -3.26067895e-01, -6.47286534e-01,
        -1.23729515e+00, -1.64118633e-01, -4.00914937e-01, -1.44487786e+00,
        -1.66842127e+00, -8.31101179e-01, -1.07072878e+00, -1.62347913e+00,
        -1.60102832e+00, -1.15969419e+00, -9.18113351e-01, -1.14912498e+00,
        -1.22197437e+00, -1.17995393e+00,  1.23153019e+00, -9.44851637e-01,
         3.26505974e-02, -4.70456928e-02, -1.16831458e+00,  1.43796587e+00,
        -7.77167559e-01, -7.58340657e-01,  1.77271879e+00,  4.16533709e-01,
        -9.95915174e-01,  1.98118016e-01, -2.06401542e-01, -1.39640808e+00,
         2.24850133e-01, -6.03534579e-01,  1.05732536e+00, -1.86244443e-01,
        -8.28832865e-01,  6.34267032e-02, -1.75595438e+00, -3.11288297e-01,
        -1.34978604e+00, -5.63652396e-01, -1.60669839e+00, -1.23428416e+00,
        -1.22507131e+00, -2.07165551e+00, -2.10377598e+00, -1.47980452e+00,
        -1.39289403e+00, -3.10271692e+00, -1.45663053e-01,  1.27832091e+00],
       device='cuda:0')
Clean RHS: tensor([[0.41029513]], device='cuda:0')
Split layers:
Nonlinear functions:
   BoundRelu(name=/66, inputs=[/input], perturbed=True)
   BoundRelu(name=/68, inputs=[/input-4], perturbed=True)
   BoundRelu(name=/71, inputs=[/input-12], perturbed=True)
   BoundRelu(name=/73, inputs=[/input-16], perturbed=True)
   BoundRelu(name=/76, inputs=[/input-24], perturbed=True)
   BoundRelu(name=/78, inputs=[/input-28], perturbed=True)
   BoundRelu(name=/80, inputs=[/input-32], perturbed=True)
   BoundRelu(name=/83, inputs=[/input-40], perturbed=True)
   BoundRelu(name=/85, inputs=[/input-44], perturbed=True)
   BoundRelu(name=/87, inputs=[/input-48], perturbed=True)
   BoundRelu(name=/90, inputs=[/input-56], perturbed=True)
   BoundRelu(name=/92, inputs=[/input-60], perturbed=True)
   BoundRelu(name=/94, inputs=[/input-64], perturbed=True)
   BoundRelu(name=/98, inputs=[/input-68], perturbed=True)
   BoundRelu(name=/101, inputs=[/input-72], perturbed=True)
   BoundRelu(name=/input-8/conv_1_relu, inputs=[/input-8/conv_1], perturbed=True)
   BoundRelu(name=/input-8/conv_3_relu, inputs=[/input-8/conv_3], perturbed=True)
   BoundRelu(name=/input-20/conv_1_relu, inputs=[/input-20/conv_1], perturbed=True)
   BoundRelu(name=/input-20/conv_3_relu, inputs=[/input-20/conv_3], perturbed=True)
   BoundRelu(name=/input-36/conv_1_relu, inputs=[/input-36/conv_1], perturbed=True)
   BoundRelu(name=/input-36/conv_3_relu, inputs=[/input-36/conv_3], perturbed=True)
   BoundRelu(name=/input-52/conv_1_relu, inputs=[/input-52/conv_1], perturbed=True)
   BoundRelu(name=/input-52/conv_3_relu, inputs=[/input-52/conv_3], perturbed=True)
   BoundRelu(name=/95/conv_1_relu, inputs=[/95/conv_1], perturbed=True)
   BoundRelu(name=/95/conv_3_relu, inputs=[/95/conv_3], perturbed=True)
Batched CROWN: node BoundConv(name=/input-4, inputs=[/66, /35, /36], perturbed=True), unstable size 138862
Batched CROWN: node BoundConv(name=/input-8/conv_1, inputs=[/68, /input-8/conv_1_w], perturbed=True), unstable size 326496
Batched CROWN: node BoundConv(name=/input-8/conv_3, inputs=[/input-8/add_1_2, /input-8/conv_3_w], perturbed=True), unstable size 37192
Batched CROWN: node BoundConv(name=/input-12, inputs=[/input-8/add_3_4, /37, /38], perturbed=True), unstable size 671968
Batched CROWN: node BoundConv(name=/input-16, inputs=[/71, /39, /40], perturbed=True), unstable size 1597959
Batched CROWN: node BoundConv(name=/input-20/conv_1, inputs=[/73, /input-20/conv_1_w], perturbed=True), unstable size 65408
Batched CROWN: node BoundConv(name=/input-20/conv_3, inputs=[/input-20/add_1_2, /input-20/conv_3_w], perturbed=True), unstable size 22530
Batched CROWN: node BoundConv(name=/input-24, inputs=[/input-20/add_3_4, /41, /42], perturbed=True), unstable size 428747
Batched CROWN: node BoundConv(name=/input-28, inputs=[/76, /43, /44], perturbed=True), unstable size 800171
Batched CROWN: node BoundConv(name=/input-32, inputs=[/78, /45, /46], perturbed=True), unstable size 449469
Batched CROWN: node BoundConv(name=/input-36/conv_1, inputs=[/80, /input-36/conv_1_w], perturbed=True), unstable size 46352
Batched CROWN: node BoundConv(name=/input-36/conv_3, inputs=[/input-36/add_1_2, /input-36/conv_3_w], perturbed=True), unstable size 29662
Batched CROWN: node BoundConv(name=/input-40, inputs=[/input-36/add_3_4, /47, /48], perturbed=True), unstable size 383846
Batched CROWN: node BoundConv(name=/input-44, inputs=[/83, /49, /50], perturbed=True), unstable size 388606
Batched CROWN: node BoundConv(name=/input-48, inputs=[/85, /51, /52], perturbed=True), unstable size 394106
Batched CROWN: node BoundConv(name=/input-52/conv_1, inputs=[/87, /input-52/conv_1_w], perturbed=True), unstable size 158700
Batched CROWN: node BoundConv(name=/input-52/conv_3, inputs=[/input-52/add_1_2, /input-52/conv_3_w], perturbed=True), unstable size 83462
Batched CROWN: node BoundConv(name=/input-56, inputs=[/input-52/add_3_4, /53, /54], perturbed=True), unstable size 100352
Batched CROWN: node BoundConv(name=/input-60, inputs=[/90, /55, /56], perturbed=True), unstable size 100352
Batched CROWN: node BoundConv(name=/input-64, inputs=[/92, /57, /58], perturbed=True), unstable size 100352
Batched CROWN: node BoundConv(name=/95/conv_1, inputs=[/94, /95/conv_1_w], perturbed=True), unstable size 50176
Batched CROWN: node BoundConv(name=/95/conv_3, inputs=[/95/add_1_2, /95/conv_3_w], perturbed=True), unstable size 25088
Batched CROWN: node BoundLinear(name=/input-68, inputs=[/96, /59, /60], perturbed=True), unstable size 4096
Batched CROWN: node BoundLinear(name=/input-72, inputs=[/99, /61, /62], perturbed=True), unstable size 4096
initial crown bounds: tensor([[-4.22915850e+10]], device='cuda:0')
Number of class (without rhs): 1 ; Worst class: (+ rhs) -42291585024.0
Iteration 1
Adv attack time: 1.5373s
Batch size: 1
Current pickout batch: 1, total pickout batch: 1
Batched CROWN: node BoundConv(name=/input-4, inputs=[/66, /35, /36], perturbed=True), unstable size 138862
Batched CROWN: node BoundConv(name=/input-8/conv_1, inputs=[/68, /input-8/conv_1_w], perturbed=True), unstable size 326496
Batched CROWN: node BoundConv(name=/input-8/conv_3, inputs=[/input-8/add_1_2, /input-8/conv_3_w], perturbed=True), unstable size 37192
Batched CROWN: node BoundConv(name=/input-12, inputs=[/input-8/add_3_4, /37, /38], perturbed=True), unstable size 671968
Batched CROWN: node BoundConv(name=/input-16, inputs=[/71, /39, /40], perturbed=True), unstable size 1597959
Batched CROWN: node BoundConv(name=/input-20/conv_1, inputs=[/73, /input-20/conv_1_w], perturbed=True), unstable size 65407
Batched CROWN: node BoundConv(name=/input-20/conv_3, inputs=[/input-20/add_1_2, /input-20/conv_3_w], perturbed=True), unstable size 22530
Batched CROWN: node BoundConv(name=/input-24, inputs=[/input-20/add_3_4, /41, /42], perturbed=True), unstable size 428747
Batched CROWN: node BoundConv(name=/input-28, inputs=[/76, /43, /44], perturbed=True), unstable size 800171
Batched CROWN: node BoundConv(name=/input-32, inputs=[/78, /45, /46], perturbed=True), unstable size 449470
Batched CROWN: node BoundConv(name=/input-36/conv_1, inputs=[/80, /input-36/conv_1_w], perturbed=True), unstable size 46352
Batched CROWN: node BoundConv(name=/input-36/conv_3, inputs=[/input-36/add_1_2, /input-36/conv_3_w], perturbed=True), unstable size 29662
Batched CROWN: node BoundConv(name=/input-40, inputs=[/input-36/add_3_4, /47, /48], perturbed=True), unstable size 383846
Batched CROWN: node BoundConv(name=/input-44, inputs=[/83, /49, /50], perturbed=True), unstable size 388605
Batched CROWN: node BoundConv(name=/input-48, inputs=[/85, /51, /52], perturbed=True), unstable size 394105
Batched CROWN: node BoundConv(name=/input-52/conv_1, inputs=[/87, /input-52/conv_1_w], perturbed=True), unstable size 158700
Batched CROWN: node BoundConv(name=/input-52/conv_3, inputs=[/input-52/add_1_2, /input-52/conv_3_w], perturbed=True), unstable size 83462
Batched CROWN: node BoundConv(name=/input-56, inputs=[/input-52/add_3_4, /53, /54], perturbed=True), unstable size 100352
Batched CROWN: node BoundConv(name=/input-60, inputs=[/90, /55, /56], perturbed=True), unstable size 100352
Batched CROWN: node BoundConv(name=/input-64, inputs=[/92, /57, /58], perturbed=True), unstable size 100352
Batched CROWN: node BoundConv(name=/95/conv_1, inputs=[/94, /95/conv_1_w], perturbed=True), unstable size 50176
Batched CROWN: node BoundConv(name=/95/conv_3, inputs=[/95/add_1_2, /95/conv_3_w], perturbed=True), unstable size 25088
Batched CROWN: node BoundLinear(name=/input-68, inputs=[/96, /59, /60], perturbed=True), unstable size 4096
Batched CROWN: node BoundLinear(name=/input-72, inputs=[/99, /61, /62], perturbed=True), unstable size 4096
Worst bound: tensor([-4.22915564e+10], device='cuda:0')
Current (lb-rhs): -42291556352.0
Total time: 3755.3558  pickout: 0.0007  split: 0.0011  decision: 0.0005  bounding: 3755.3185  clipping: 0.0000  add_domain: 0.0241  rest: 0.0109
Length of domains: 2
3 branch and bound domains visited
Time out!
Result: timeout
Time: 5694.703839540482
[rank 0] === Checking instance ID 793 ===
[rank 0] >>> Running ID=793 onnx=onnx/vgg16-7.onnx
Configurations:

general:
  device: cuda
  seed: 100
  conv_mode: patches
  deterministic: false
  double_fp: false
  loss_reduction_func: max
  sparse_alpha: true
  sparse_interm: true
  save_adv_example: false
  verify_onnxruntime_output: false
  eval_adv_example: false
  show_adv_example: false
  precompile_jit: false
  prepare_only: false
  complete_verifier: bab
  enable_incomplete_verification: false
  csv_name: instances.csv
  results_file: results/vggnet16_all_p_4/result_793.rank0.txt
  root_path: ../../vnncomp2023_benchmarks/benchmarks/vggnet16
  deterministic_opt: false
  graph_optimizer: 'Customized("custom_graph_optimizer", "maxpool_to_relu")'
  buffer_has_batchdim: false
  save_output: false
  output_file: out.pkl
  return_optimized_model: false
  output_additional_stats: true
  instance_id: 793
  dataset_output_dir: dataset
  min_stable_neurons_ratio_threshold: 0.0
model:
  name: null
  path: null
  onnx_path: /projects/air/dlverifier/vggnet16_all/onnx/vgg16-7.onnx
  onnx_path_prefix: ''
  cache_onnx_conversion: true
  debug_onnx: false
  onnx_quirks: null
  input_shape: null
  onnx_loader: default_onnx_and_vnnlib_loader
  onnx_optimization_flags: []
  onnx_vnnlib_joint_optimization_flags: none
  check_optimized: false
  flatten_final_output: false
  optimize_graph: null
  with_jacobian: false
data:
  start: 0
  end: 10000
  select_instance: null
  num_outputs: 1000
  mean: 0.0
  std: 1.0
  pkl_path: null
  dataset: null
  data_filter_path: null
  data_idx_file: null
specification:
  type: lp
  robustness_type: verified-acc
  norm: .inf
  epsilon: null
  epsilon_min: 0.0
  vnnlib_path: /projects/air/dlverifier/vggnet16_all/vnnlib/n02091244_Ibizan_hound_global_k50176_eps_0.0002.vnnlib
  vnnlib_path_prefix: ''
  rhs_offset: null
solver:
  batch_size: 1
  auto_enlarge_batch_size: false
  min_batch_size_ratio: 0.1
  use_float64_in_last_iteration: false
  early_stop_patience: 10
  start_save_best: 0.5
  bound_prop_method: forward+backward
  init_bound_prop_method: same
  prune_after_crown: false
  optimize_disjuncts_separately: false
  crown:
    batch_size: 16
    max_crown_size: 1000000000
    relu_option: adaptive
  alpha-crown:
    alpha: true
    lr_alpha: 0.1
    iteration: 100
    share_alphas: false
    lr_decay: 0.98
    full_conv_alpha: true
    max_coeff_mul: .inf
    matmul_share_alphas: false
    disable_optimization: []
    max_time: 1.0
  invprop:
    apply_output_constraints_to: []
    tighten_input_bounds: false
    best_of_oc_and_no_oc: false
    directly_optimize: []
    oc_lr: 0.1
    share_gammas: false
  beta-crown:
    lr_alpha: 0.01
    lr_beta: 0.05
    lr_decay: 0.98
    optimizer: adam
    iteration: 10
    beta: true
    beta_warmup: true
    enable_opt_interm_bounds: false
    all_node_split_LP: false
  forward:
    refine: false
    dynamic: true
    max_dim: 100
    reset_threshold: 1.0
  intermediate_refinement:
    enabled: false
    batch_size: 10
    opt_coeffs: false
    opt_bias: false
    lr: 0.05
    layers: [-1]
    max_domains: 1000
  multi_class:
    label_batch_size: 32
    skip_with_refined_bound: true
  mip:
    unstable_neuron_threshold: 0
    parallel_solvers: null
    solver_threads: 1
    refine_neuron_timeout: 15
    refine_neuron_time_percentage: 0.8
    early_stop: true
    adv_warmup: true
    mip_solver: gurobi
    skip_unsafe: false
    topk_filter: 1.0
    sliding_window: -1
    extra_constraint: false
    refine_neuron_timeout_increasement: 0
    timeout_neuron_percentage: 0.3
    remaining_timeout_threshold: 1
    remove_unstable_neurons: true
    lp_solver: false
bab:
  initial_max_domains: 1
  backing_up_max_domain: null
  max_domains: .inf
  decision_thresh: 0
  timeout: 1200.0
  timeout_scale: 1
  max_iterations: -1
  override_timeout: null
  get_upper_bound: false
  pruning_in_iteration: true
  pruning_in_iteration_ratio: 0.2
  sort_targets: false
  batched_domain_list: true
  optimized_interm: ''
  interm_transfer: true
  recompute_interm: false
  sort_domain_interval: -1
  vanilla_crown: false
  tree_traversal: depth_first
  cut:
    enabled: false
    cuts_path: /tmp/abcrown_cuts
    implication: false
    bab_cut: false
    lp_cut: false
    method: null
    lr: 0.01
    lr_decay: 1.0
    iteration: 100
    bab_iteration: -1
    early_stop_patience: -1
    lr_beta: 0.02
    number_cuts: 50
    topk_cuts_in_filter: 1000
    batch_size_primal: 100
    max_num: 1000000000
    patches_cut: false
    cplex_cuts: false
    cplex_cuts_wait: 0
    cplex_cuts_revpickup: true
    cut_reference_bounds: true
    fix_intermediate_bounds: false
    _tmp_cuts: null
    fixed_cuts: false
    add_implied_cuts: false
    add_input_cuts: false
    biccos:
      enabled: false
      constraint_strengthening: true
      recursively_strengthening: false
      drop_ratio: 0.5
      verified_bonus: 0.3
      max_infer_iter: 20
      heuristic: neuron_influence_score
      save_biccos_cuts: false
      multi_tree_branching:
        enabled: false
        restore_best_tree: false
        keep_n_best_domains: 1
        k_splits: 1
        iterations: 1
  branching:
    method: sb
    candidates: 3
    reduceop: min
    enable_intermediate_bound_opt: false
    branching_input_and_activation: false
    branching_input_and_activation_order: [input, relu]
    branching_input_iterations: 30
    branching_relu_iterations: 50
    gnn_path: ''
    neural_heuristic:
      model_path: ''
    rl:
      experiment: general
      eval: false
      extras: []
      logging:
        color: true
        debug: true
        file: rl-experiment.log
      pnet:
        gH: 64
        tH: 64
        nheads: 64
        nlayers: 64
        useDynamicGraph: true
        bidirectional: false
        GAT: true
      training:
        gamma: 0.99
        lr: 0.001
        batchSize: 8
        loop: 8
        totalEpochs: 10
        updatePolicyFrequency: 10
        updateTargetFrequency: 10
        buffer: buffer.pkl
        preparedBuffer: 'False'
        TestingPreparedBuffer: false
        scriptTraining: false
        policynet: policy-checkpoint.pt
        targetnet: target-checkpoint.pt
        datasetShuffle: true
        targetedData: all
        splitRatio: 0.8
        maxInstances: -1
        trainingMode: full
        reward:
          norm: null
          bonus: 10.0
          penalty: -1.0
      egreedy:
        epsilon: 0.1
        epsilonDecay: 0.1
        minEpsilon: 0.1
        ePath: epsilon.pt
        enabled: true
      expert:
        useExpertUntilEpisode: 0.1
        enabled: true
        learnToImitateExpertEpochs: 10
    nonlinear_split:
      method: shortcut
      branching_point_method: uniform
      num_branches: 2
      filter: false
      filter_beta: false
      filter_clamp: false
      filter_batch_size: 10000
      filter_iterations: 25
      relu_only: false
      loose_tanh_threshold: null
      dynamic_bbps: false
      dynamic_options: [uniform, three_left, three_right]
      branching_point_node: ''
      branching_point_db: []
    input_split:
      enable_clip_domains: false
      split_hint: null
      reorder_bab: false
      enable: true
      enhanced_bound_prop_method: alpha-crown
      enhanced_branching_method: naive
      enhanced_bound_patience: 100000000.0
      attack_patience: 100000000.0
      adv_check: 0
      split_partitions: 2
      sb_margin_weight: 1.0
      sb_sum: false
      sb_primary_spec: null
      bf_backup_thresh: -1
      bf_rhs_offset: 0
      bf_iters: 1000000000.0
      bf_batch_size: 100000
      bf_zero_crossing_score: false
      touch_zero_score: 0
      ibp_enhancement: false
      catch_assertion: false
      compare_with_old_bounds: false
      update_rhs_with_attack: false
      sb_coeff_thresh: 0.001
      sort_index: null
      sort_descending: true
      show_progress: false
      presplit_domains: null
      skip_getting_worst_domain: false
  attack:
    enabled: false
    beam_candidates: 8
    beam_depth: 7
    max_dive_fix_ratio: 0.8
    min_local_free_ratio: 0.2
    mip_start_iteration: 5
    mip_timeout: 30.0
    adv_pool_threshold: null
    refined_mip_attacker: false
    refined_batch_size: null
attack:
  pgd_order: input_bab
  pgd_steps: 100
  pgd_restarts: 30
  pgd_batch_size: 100000000
  pgd_early_stop: true
  pgd_lr_decay: 0.99
  pgd_alpha: auto
  pgd_alpha_scale: false
  pgd_loss_mode: null
  pgd_restart_when_stuck: false
  enable_mip_attack: false
  adv_saver: default_adv_saver
  adv_verifier: default_adv_verifier
  early_stop_condition: default_early_stop_condition
  adv_example_finalizer: default_adv_example_finalizer
  pgd_loss: default_pgd_loss
  cex_path: ./test_cex.txt
  attack_mode: PGD
  attack_tolerance: 0.0
  attack_func: attack_with_general_specs
  gama_lambda: 10.0
  gama_decay: 0.9
  check_clean: true
  input_split:
    pgd_steps: 100
    pgd_restarts: 30
    pgd_alpha: auto
  input_split_enhanced:
    pgd_steps: 200
    pgd_restarts: 500000
    pgd_alpha: auto
  input_split_check_adv:
    enabled: auto
    pgd_steps: 5
    pgd_restarts: 5
    pgd_alpha: auto
    max_num_domains: 10
debug:
  sanity_check: Full+Graph
  view_model: false
  lp_test: null
  rescale_vnnlib_ptb: null
  test_optimized_bounds: false
  test_optimized_bounds_after_n_iterations: 0
  print_verbose_decisions: false

Experiments at Sat Feb 21 13:42:01 2026 on d1026
Internal results will be saved to results/vggnet16_all_p_4/result_793.rank0.txt.

[ZRL] %%%%%%%%%%%%%%%%%%%%%%%%%%%%%%%%%%% idx: 0, vnnlib ID: 0 %%%%%%%%%%%%%%%%%%%%%%%%%%%%%%%%%%%
Using onnx /projects/air/dlverifier/vggnet16_all/onnx/vgg16-7.onnx
Using vnnlib /projects/air/dlverifier/vggnet16_all/vnnlib/n02091244_Ibizan_hound_global_k50176_eps_0.0002.vnnlib
150528 inputs and 1000 outputs in vnnlib
Loading cached onnx model from /projects/air/dlverifier/vggnet16_all/onnx/vgg16-7.onnx.cached
Cannot read cached onnx file. Regenerating...
Loading onnx /projects/air/dlverifier/vggnet16_all/onnx/vgg16-7.onnx with quirks {}
Finished onnx model loading in 34.3544 seconds
Number of perturbed inputs: 150528
WARNING: prioritizing attack due to too many perturbed pixels on VGG
Setting arguments.Config["attack"]["pgd_order"] to "before"
Setting bound_prop_method to crown
Attack parameters: initialization=uniform, steps=100, restarts=30, alpha=5.000084638595581e-05, initialization=uniform, GAMA=False
Model output of first 5 examples:
 tensor([[-8.48557532e-01,  1.37382197e+00, -1.85266113e+00, -1.65080583e+00,
         -1.49354303e+00, -1.26969591e-01, -7.47900248e-01, -1.75130677e+00,
         -1.67381477e+00, -1.89052248e+00, -1.03296137e+00, -8.91276449e-02,
         -5.56907952e-02, -9.48021233e-01,  2.58035988e-01, -4.16027427e-01,
         -5.70880055e-01, -1.12999272e+00, -1.07936990e+00, -4.85150158e-01,
         -1.61249542e+00, -6.91558003e-01, -6.13877594e-01, -1.75400436e+00,
         -7.75604367e-01, -1.66327894e+00, -7.34374762e-01, -1.36820185e+00,
         -1.46291256e+00, -1.84448674e-01, -2.13757110e+00,  1.10026672e-01,
         -1.13626063e+00, -2.14663815e+00, -1.67893970e+00, -2.06285954e+00,
         -4.45398018e-02, -2.39608431e+00, -4.44693804e-01, -1.53122973e+00,
         -1.87504180e-02, -1.93230617e+00, -1.91313446e+00, -1.05078423e+00,
         -1.51420069e+00, -1.53417957e+00,  3.20179641e-01, -1.10655320e+00,
         -2.70325089e+00, -1.09697509e+00, -4.99210984e-01, -2.53992152e+00,
         -1.06184947e+00, -6.63267851e-01, -1.35479450e+00, -1.27002835e+00,
         -1.23638296e+00, -2.32354999e+00, -1.00714540e+00, -1.64688289e-01,
         -8.60673249e-01, -1.56034708e+00, -1.85484219e+00, -4.35123742e-01,
         -6.04447186e-01, -1.30583882e+00, -1.41690803e+00, -1.04496241e+00,
         -2.00110054e+00, -2.20936108e+00,  9.99745950e-02, -1.82019606e-01,
          3.50233018e-01,  1.15242982e+00,  3.72369170e-01,  6.01044059e-01,
         -2.63686091e-01,  4.63776857e-01,  4.86193538e-01,  4.11812872e-01,
         -3.25099766e-01, -2.73975301e+00, -1.53946865e+00, -1.47300446e+00,
         -9.84888315e-01, -1.10779989e+00, -1.93659198e+00,  2.24871896e-02,
          4.18734625e-02, -1.45848870e+00, -6.22336805e-01, -1.20915937e+00,
         -2.75428712e-01, -1.05209923e+00, -1.33709505e-01, -1.46301663e+00,
         -2.70598024e-01, -1.81389785e+00, -6.80799246e-01, -1.15154719e+00,
         -1.96420878e-01, -1.77546942e+00, -2.24025226e+00, -1.11817449e-01,
         -1.90939236e+00, -2.39027929e+00, -1.68094730e+00, -4.32248801e-01,
         -6.21180892e-01, -1.55792856e+00, -4.23664927e-01,  1.65228701e+00,
          4.10258695e-02, -3.83041143e-01, -9.14883673e-01, -1.26731670e+00,
         -1.46910346e+00,  2.22027674e-02, -1.45894694e+00, -2.29755282e+00,
         -2.01162219e+00, -2.11818790e+00, -1.28441191e+00, -2.88611507e+00,
         -1.91741681e+00, -1.88057053e+00, -8.66888985e-02, -1.25058794e+00,
         -4.87514287e-01, -1.73423201e-01, -5.78603864e-01, -9.10284400e-01,
          8.89126658e-02, -7.53231108e-01, -9.09491837e-01, -1.15231550e+00,
         -1.20038354e+00, -3.07392448e-01, -1.25213099e+00, -2.45785713e+00,
         -2.46934891e+00, -5.14436424e-01, -1.32839906e+00, -1.63279831e+00,
         -1.28702998e+00, -1.37898338e+00, -2.05794525e+00, -5.43741405e-01,
         -9.70214128e-01, -7.32317865e-01, -1.42710197e+00,  1.54096544e-01,
         -6.04341984e-01,  9.94318485e-01, -1.04483552e-01, -2.28101209e-01,
         -6.02138638e-01, -1.81098342e-01, -9.22449172e-01, -1.03250933e+00,
         -6.72414184e-01, -5.70116937e-01, -2.94793725e-01, -7.07608461e-01,
         -8.04733932e-01, -7.69480646e-01, -1.07912838e+00, -1.38950348e+00,
         -2.42209136e-01, -7.23407626e-01, -8.67979765e-01, -4.35394496e-01,
         -1.20728576e+00, -7.33556330e-01, -1.11951685e+00, -6.81891203e-01,
         -1.81872272e+00, -6.81299806e-01, -1.12470925e-01, -1.87709105e+00,
         -1.62232602e+00, -5.61602533e-01, -5.25710404e-01,  2.27696151e-01,
         -2.52033323e-01, -1.56038538e-01, -1.12567127e-01,  6.40222549e-01,
         -6.30521953e-01, -6.52699769e-01, -2.47436926e-01,  5.09274364e-01,
         -1.92305222e-01, -4.43872839e-01, -6.96018100e-01,  2.43379101e-01,
         -2.76161700e-01, -1.00608587e+00, -1.15033555e+00,  2.46958584e-01,
         -4.52100128e-01, -7.05550790e-01, -2.04428315e-01,  1.02524769e+00,
          1.73494369e-02, -1.10174012e+00, -1.26114321e+00, -6.39951289e-01,
         -8.39157760e-01, -1.21886849e+00, -1.71032310e+00, -4.66537476e-01,
         -4.48615164e-01, -1.37112141e+00, -8.37610602e-01, -6.61160052e-01,
         -5.45151651e-01, -3.70108068e-01, -1.09075367e+00, -4.83784199e-01,
         -5.38559735e-01, -7.42468536e-01, -5.64524233e-01,  8.21930543e-02,
         -3.04844558e-01, -1.60883021e+00, -6.56310856e-01, -1.51691198e+00,
         -4.66722190e-01,  5.54192960e-01, -8.36134195e-01, -7.49417841e-01,
         -1.08317673e+00, -7.39727095e-02, -8.46092165e-01, -1.11712432e+00,
         -8.96946430e-01, -1.46527141e-01, -1.26348281e+00, -4.56078440e-01,
         -9.90146697e-01, -1.48844779e+00, -3.71390790e-01, -1.72448683e+00,
         -1.27050185e+00, -6.21280372e-01, -1.40484786e+00, -1.04717863e+00,
         -6.40448213e-01, -4.16480511e-01, -6.96423650e-01, -8.39278281e-01,
          1.94153115e-01, -6.97752833e-02,  3.44065130e-01, -1.46237314e+00,
         -1.27702761e+00, -3.55300233e-02, -4.01866809e-03,  6.37268543e-01,
          1.78655027e-03, -6.27035618e-01, -9.76417363e-01, -7.44596541e-01,
         -9.88778234e-01,  7.03258276e-01, -1.60170257e-01, -3.63486886e-01,
         -1.57664073e+00, -5.30951440e-01, -3.86645585e-01, -1.14893425e+00,
         -7.56025374e-01, -1.04395330e+00, -1.16282725e+00, -1.56408608e+00,
         -1.10874605e+00, -4.01724458e-01, -6.85548723e-01, -2.39348948e-01,
         -6.06523275e-01,  7.98743844e-01,  1.07641506e+00,  1.99221277e+00,
          1.19949257e+00,  8.11768949e-01, -1.51165473e+00, -3.57161134e-01,
         -1.11790121e+00, -1.32696819e+00, -1.48120654e+00, -1.42143559e+00,
         -1.02115130e+00, -6.32718503e-01, -1.74103630e+00, -1.39297616e+00,
         -4.18239921e-01, -1.55484402e+00, -1.76196527e+00, -5.77371418e-01,
         -1.74527538e+00,  2.22164124e-01, -6.02059722e-01, -7.54119098e-01,
         -1.05023646e+00, -2.69852161e+00, -8.57977867e-01, -6.33798122e-01,
         -5.70758283e-01, -8.47408295e-01,  7.90479898e-01,  1.88079283e-01,
         -7.64723361e-01,  3.24309796e-01,  5.61960459e-01, -1.51424885e-01,
         -1.09803689e+00, -1.50470793e+00,  3.19093168e-01,  6.01160288e-01,
          3.36886168e-01, -2.23715162e+00, -1.36856556e+00, -9.13740039e-01,
         -1.12013435e+00, -1.61780405e+00, -1.55245829e+00, -9.97840106e-01,
         -1.69854116e+00, -2.22277808e+00, -7.71496594e-01, -2.58887708e-01,
          9.15222645e-01, -9.37567800e-02, -1.17939591e+00, -1.10945189e+00,
         -2.17496800e+00, -4.40924577e-02, -7.11671650e-01, -2.28317285e+00,
         -1.43994892e+00, -1.45975387e+00, -2.22775340e+00, -2.28247094e+00,
         -1.86356544e+00, -2.48002791e+00, -2.27424359e+00, -1.69004476e+00,
         -3.37022471e+00, -2.66358876e+00, -2.53487515e+00, -1.68192387e+00,
         -1.50296199e+00, -1.95561171e+00, -1.83973551e+00, -2.22694683e+00,
         -5.57790756e-01, -8.55794132e-01, -1.92401201e-01, -2.51560271e-01,
         -1.11644685e+00, -6.10593379e-01, -6.17037714e-01, -1.48609424e+00,
         -1.75537908e+00, -1.56158376e+00, -1.54438972e+00, -1.52682936e+00,
         -1.15377498e+00, -1.59665990e+00, -1.21319306e+00, -1.63944578e+00,
         -1.83887696e+00, -1.02144110e+00, -9.56009805e-01, -1.58309460e+00,
         -7.46858001e-01, -7.14129865e-01, -2.19350457e-02, -1.80553019e+00,
         -5.64891994e-01, -1.56260848e+00, -9.06133890e-01, -1.17392290e+00,
         -1.10313690e+00, -1.19502044e+00, -1.78313756e+00, -2.39705443e+00,
         -2.06659460e+00, -4.04009104e-01, -1.94765830e+00, -7.99818516e-01,
         -5.64077735e-01, -1.49030805e+00, -1.30729437e+00, -2.70120680e-01,
         -1.65184772e+00, -1.54539323e+00,  9.78360325e-02,  2.68406391e+00,
          7.59269893e-01,  5.97549856e-01,  1.25106251e+00, -1.29768705e+00,
         -5.49155891e-01,  6.90661192e-01,  5.78448951e-01, -4.13330734e-01,
         -1.88744271e+00,  2.94962025e+00, -1.85147417e+00,  3.29122519e+00,
          1.21119642e+00,  5.93409836e-01,  2.02998447e+00, -1.16240692e+00,
          2.17392206e+00,  1.54029822e+00,  2.44282532e+00,  2.24687004e+00,
          6.38387859e-01,  8.74643624e-01,  1.77140608e-01,  3.00083876e-01,
          8.34744051e-03, -4.02460456e-01,  1.40213656e+00, -3.24219078e-01,
         -5.69873452e-01, -8.42698753e-01, -1.10474658e+00,  1.87308216e+00,
          8.56686413e-01,  1.35732305e+00,  2.59869671e+00,  3.13759232e+00,
         -8.48544180e-01,  4.43707526e-01,  2.18716693e+00,  4.69835162e-01,
          1.50202766e-01,  1.83293509e+00,  5.04764616e-01,  2.80279088e+00,
         -1.14081156e+00,  2.23240167e-01,  4.01953840e+00,  5.87499499e-01,
          1.70914754e-01,  3.34500402e-01, -1.25183678e+00,  1.58841443e+00,
          1.04973888e+00,  1.04909754e+00, -1.14095914e+00,  1.96536444e-02,
          1.06760585e+00,  2.59323382e+00, -8.52123380e-01,  1.54341602e+00,
         -1.54694164e+00,  1.02661955e+00,  2.73795342e+00,  8.88750672e-01,
          1.23576784e+00,  2.36662102e+00, -2.57182211e-01, -1.89882743e+00,
         -3.20051283e-01, -4.65931416e-01,  2.26909351e+00, -1.06602049e+00,
         -4.46775258e-01,  1.44587481e+00,  5.13052702e-01,  3.64689201e-01,
         -2.39636004e-01,  8.24945047e-02,  1.31737137e+00, -8.53118420e-01,
          2.08225632e+00,  1.12946451e+00,  6.33515537e-01, -1.01495254e+00,
         -1.25190914e-01,  8.12526107e-01,  1.32903171e+00,  2.74991298e+00,
         -1.66153938e-01, -5.05503416e-01,  7.46901453e-01, -7.89945245e-01,
          3.05925310e-01,  1.44400692e+00,  1.89705956e+00,  7.33877122e-01,
          6.86667085e-01,  5.74115455e-01,  3.62675071e-01,  3.22216177e+00,
         -2.34830451e+00,  2.13703251e+00, -2.08033293e-01,  1.76516247e+00,
          1.33549356e+00,  1.42967319e+00, -1.54100811e+00,  1.61511135e+00,
          1.44359982e+00, -1.72602129e+00, -9.76412058e-01, -9.19518650e-01,
          5.22628903e-01,  2.38751322e-01,  6.61047816e-01, -1.23801254e-01,
          8.66292834e-01,  6.13063693e-01,  1.36467859e-01,  6.84985369e-02,
          1.89520824e+00,  6.03506148e-01, -9.39306498e-01,  6.85653746e-01,
          5.95400155e-01, -1.39034843e+00,  1.33517611e+00,  2.52656484e+00,
          4.77155656e-01,  1.52501535e+00,  2.13992500e+00,  1.86942744e+00,
          1.17669213e+00,  7.65956640e-01,  3.29549527e+00, -1.46161985e+00,
         -1.21851683e+00, -1.76198423e+00,  1.35056853e-01,  1.95385647e+00,
         -8.05933923e-02, -3.59869361e-01,  2.21838570e+00,  8.84985268e-01,
         -1.05853271e+00,  1.49958980e+00,  5.17573595e-01, -2.17909169e+00,
          5.74849844e-01,  4.03334236e+00,  4.51032668e-01,  4.31151569e-01,
          1.84747815e+00,  1.99683249e+00, -5.15004098e-01, -1.30263269e+00,
          3.76382661e+00,  2.06592822e+00,  9.85281348e-01,  1.43389380e+00,
         -1.07288218e+00, -3.17720264e-01,  1.68820822e+00,  1.34222913e+00,
          1.55918252e+00,  6.80485666e-01, -5.44072270e-01,  3.09890419e-01,
          1.18521821e+00, -2.09463930e+00,  1.21143782e+00, -8.63661587e-01,
          1.51166606e+00, -1.77034390e+00, -2.49036789e-01, -8.62824380e-01,
         -1.63851058e+00,  7.11650193e-01,  2.42946386e+00,  1.49158180e+00,
          1.68634266e-01, -3.44402254e-01, -1.84943604e+00, -7.13474154e-02,
          1.62121773e+00,  2.03798628e+00, -1.01023936e+00,  1.63048816e+00,
          2.74714160e+00,  2.23318362e+00,  1.56071889e+00,  4.89321852e+00,
          7.96400309e-01,  9.39668238e-01,  1.02625048e+00, -1.47687876e+00,
          1.39379191e+00, -1.43924460e-01,  2.24672890e+00,  8.09783518e-01,
          2.66942501e+00,  1.67734671e+00,  1.88952696e+00, -2.69464970e+00,
          1.87680435e+00,  2.46837211e+00,  2.43384004e+00, -4.17313762e-02,
          1.68407726e+00, -1.57573283e+00,  2.58725166e+00,  8.36254358e-01,
         -7.87151217e-01,  8.85985315e-01,  2.32230973e+00,  1.71029985e+00,
          9.88069713e-01,  1.94320107e+00,  1.60880041e+00,  4.41969061e+00,
          3.22528672e+00, -4.05741423e-01,  8.48877907e-01,  1.55248678e+00,
         -4.66968328e-01, -1.02780235e+00,  2.28472114e+00, -1.06608458e-02,
         -1.35482883e+00,  1.96358299e+00, -2.36835033e-01,  1.59923005e+00,
          2.93180108e+00,  8.46178681e-02, -1.73926508e+00,  3.58932167e-01,
          2.53720498e+00, -3.24392527e-01,  1.34524298e+00,  1.22931862e+00,
         -1.59604645e+00,  9.71304774e-01,  2.84488767e-01,  6.38951242e-01,
          2.09694099e+00, -1.73462558e+00,  6.19584560e-01,  1.47011292e+00,
          3.06298399e+00, -1.21290493e+00,  2.01763034e+00,  3.48975039e+00,
          3.52074265e-01,  4.16371435e-01, -8.62083077e-01,  2.52175570e+00,
         -6.23787880e-01,  1.14579654e+00, -3.68752360e-01,  7.26856947e-01,
          2.11248994e-01, -2.39454556e+00,  2.44496012e+00, -9.44677472e-01,
          3.54049158e+00, -2.62603551e-01, -8.07200849e-01,  6.54034376e-01,
         -4.47235495e-01,  3.12651443e+00, -9.08929706e-02, -9.80782449e-01,
          4.39745069e-01,  2.17885518e+00,  1.57677487e-01, -3.77135694e-01,
         -8.25280190e-01,  9.24138546e-01,  1.35184205e+00,  2.31971309e-01,
          2.56441402e+00,  2.75314116e+00, -3.97554003e-02,  1.52848136e+00,
          2.07099184e-01, -6.23212099e-01,  9.65885401e-01, -1.65440083e-01,
          2.46334553e+00,  2.05953646e+00, -3.37721729e+00,  7.74845600e-01,
          1.99463618e+00,  5.67475796e-01, -1.20004308e+00,  1.33843231e+00,
          2.40449619e+00,  2.64271259e+00, -1.02697456e+00,  1.74331617e+00,
          2.16072559e+00,  1.73659587e+00,  1.08288240e+00, -7.93618798e-01,
          9.01251435e-01, -1.27127385e+00, -5.65860510e-01,  1.14859009e+00,
          1.22248173e+00,  2.69460082e+00,  7.75787234e-01,  2.20876503e+00,
          1.37339258e+00,  2.09308052e+00,  5.89745402e-01, -5.40064394e-01,
          6.97183669e-01, -1.60142660e+00,  4.97974306e-01,  6.31002009e-01,
          9.03659701e-01,  1.73585355e+00,  1.16956341e+00,  7.38559246e-01,
         -1.21448863e+00,  1.83484340e+00, -1.47457790e+00,  3.56411606e-01,
          1.94719207e+00,  1.20678151e+00, -2.57961297e+00,  2.37239838e+00,
          4.83219713e-01,  1.73290408e+00, -1.43203235e+00,  1.65120363e+00,
          6.57108366e-01,  5.50636232e-01,  1.51205465e-01, -1.15949965e+00,
          3.41645479e-01,  2.67938113e+00,  6.32183790e-01,  6.57774687e-01,
          1.25824440e+00,  2.19196224e+00, -3.16177160e-01,  2.38703585e+00,
          2.05348110e+00,  1.87548363e+00,  2.11313295e+00, -1.30325997e+00,
          7.35059679e-01,  3.83064413e+00,  1.25402403e+00, -1.34761620e+00,
          7.41547465e-01, -3.00615609e-01,  5.28324485e-01,  1.21787810e+00,
          3.47440815e+00,  2.40878105e+00, -4.05079097e-01,  1.03414893e+00,
          1.04414380e+00,  1.06488001e+00,  7.79833853e-01,  1.53646278e+00,
         -1.57110071e+00,  2.17542505e+00, -5.66556931e-01,  2.28877950e+00,
          3.04191852e+00,  1.42218542e+00, -1.23977721e-01,  2.21295500e+00,
          8.79341781e-01,  9.28799093e-01,  1.17587733e+00, -8.69339049e-01,
          2.45485082e-01,  1.69917092e-01,  3.72345734e+00,  9.48775947e-01,
          1.98851383e+00,  1.33462995e-01,  7.21685112e-01,  1.85329571e-01,
         -1.22746015e+00,  3.76712155e+00,  7.93271720e-01,  3.23584467e-01,
          1.06861675e+00,  2.29465747e+00,  6.53519535e+00,  2.17576697e-01,
          9.77834821e-01,  2.50481939e+00,  1.54061007e+00,  3.72827101e+00,
         -1.33108385e-02, -2.16257468e-01, -7.90598273e-01, -1.21455979e+00,
          2.65452266e+00, -4.44491118e-01,  5.42964399e-01,  1.00805068e+00,
         -8.84076953e-01, -8.49608034e-02,  1.34620976e+00,  2.94652629e+00,
          1.21229398e+00,  1.99518228e+00, -5.16653717e-01,  1.15076208e+00,
         -1.33706987e-01, -2.90218025e-01,  2.90573096e+00,  1.42360830e+00,
         -2.04344463e+00, -6.65619433e-01,  7.55279213e-02,  1.25597513e+00,
          1.87097681e+00, -1.34578431e+00,  1.13367808e+00,  1.77029943e+00,
          1.32791376e+00, -1.30141449e+00,  6.39320374e-01,  2.77329588e+00,
         -1.38614380e+00, -1.12118280e+00,  2.46482062e+00, -1.47832203e+00,
          4.34843063e-01,  8.33333731e-01,  1.07696009e+00, -3.94449621e-01,
          2.41282296e+00,  1.07451832e+00,  2.18077970e+00,  1.30421734e+00,
          3.33550024e+00,  2.22043610e+00,  3.54788947e+00, -1.18116713e+00,
          8.90663445e-01,  2.31006429e-01,  1.53243095e-01,  4.10980368e+00,
          8.61508906e-01, -1.52168202e+00,  3.80827641e+00,  9.62653339e-01,
         -2.71205544e+00,  4.72824156e-01,  5.02117164e-02,  1.77899647e+00,
         -5.68578124e-01,  2.74888277e+00,  9.22901452e-01, -1.05728292e+00,
         -1.92321861e+00, -1.11068332e+00, -1.45918179e+00, -4.09030944e-01,
          2.66895103e+00,  1.65578830e+00,  1.30145438e-03,  5.18525958e-01,
          1.92212939e+00, -4.11249250e-01, -2.33597231e+00,  4.43748653e-01,
          2.67739105e+00,  9.01599824e-01,  5.12117967e-02,  2.35376620e+00,
          8.19320381e-01,  8.02512228e-01,  1.86483514e+00,  2.03931904e+00,
          5.32096744e-01,  3.48660207e+00,  5.28137743e-01,  2.03350496e+00,
         -1.34501958e+00,  1.43431091e+00, -1.05220628e+00,  1.31622583e-01,
          4.45535564e+00,  1.51325417e+00,  3.89026737e+00, -1.06177747e+00,
          2.48443055e+00,  2.50700665e+00,  2.25731564e+00,  2.12044811e+00,
          1.63047239e-01, -4.21487331e-01,  1.76656914e+00,  1.63636339e+00,
          5.01263094e+00,  6.95038891e+00,  3.04033661e+00,  4.20925051e-01,
         -4.37962562e-01, -2.29575351e-01,  1.41545638e-01,  1.80817294e+00,
         -1.71240175e+00, -1.53336382e+00,  1.51111409e-01, -8.63937497e-01,
          2.20352554e+00,  5.23561835e-01,  4.88198638e-01,  2.87549227e-01,
          7.63647377e-01,  2.66908431e+00,  1.04589009e+00,  2.11963616e-02,
         -1.96958244e+00,  5.37992358e-01, -1.24547088e+00, -1.11424983e+00,
         -1.13994002e+00,  1.11735380e+00, -9.46177244e-01, -1.34385967e+00,
         -1.52877963e+00, -2.00389361e+00, -1.18737769e+00, -1.08811247e+00,
         -8.78923118e-01, -7.67118216e-01, -1.05726039e+00, -5.28568745e-01,
         -1.20840490e+00, -1.47940111e+00, -6.66943341e-02, -4.26284790e-01,
         -2.37003994e+00, -6.00790679e-01, -1.68287170e+00, -5.89638531e-01,
          1.84074551e-01,  3.52934062e-01, -1.12565346e-02, -2.59178102e-01,
         -1.48316777e+00, -4.56706315e-01,  3.57692927e-01, -1.30762541e+00,
         -1.20018232e+00, -1.19705045e+00, -8.61498952e-01, -1.57476306e+00,
         -1.22573996e+00, -6.75386667e-01, -9.06911135e-01, -1.16679740e+00,
         -9.82387066e-01, -1.05805743e+00,  1.68620133e+00, -4.43601847e-01,
          1.26259756e+00,  6.38242424e-01, -1.69154596e+00,  1.88455725e+00,
         -1.43059695e+00, -1.29388952e+00,  1.04934335e+00,  1.64320529e-01,
         -1.53835428e+00,  7.31927678e-02,  2.73682058e-01, -1.95417869e+00,
         -4.43674862e-01, -4.16089147e-01,  1.17768776e+00, -3.49757671e-01,
         -4.79608178e-01,  2.79235810e-01, -1.43986928e+00, -2.24379450e-01,
         -1.66197073e+00, -7.46396244e-01, -1.84660017e+00, -1.40411675e+00,
         -9.32879269e-01, -2.23389626e+00, -2.21057606e+00, -1.61131406e+00,
         -1.43567693e+00, -2.87255120e+00, -4.30697873e-02,  2.07960367e+00]],
       device='cuda:0')
Adv example prediction (first 2 examples and 2 restarts):
 tensor([[[-8.51686120e-01,  1.35162687e+00, -1.86855030e+00, -1.66717911e+00,
          -1.51334000e+00, -1.22821294e-01, -7.51809955e-01, -1.74076569e+00,
          -1.66096401e+00, -1.87319183e+00, -1.02702761e+00, -9.07087475e-02,
          -5.93435764e-02, -9.44965065e-01,  2.50755876e-01, -4.15510833e-01,
          -5.69065928e-01, -1.11366820e+00, -1.06626570e+00, -4.73363072e-01,
          -1.60107589e+00, -6.76991940e-01, -6.15927398e-01, -1.75106108e+00,
          -7.71102071e-01, -1.65904057e+00, -7.46409416e-01, -1.37869763e+00,
          -1.45577157e+00, -1.92018822e-01, -2.12909985e+00,  9.33109745e-02,
          -1.14045751e+00, -2.15125084e+00, -1.68317711e+00, -2.06730461e+00,
          -4.53145429e-02, -2.38340616e+00, -4.31604356e-01, -1.52458799e+00,
          -2.97572203e-02, -1.91521573e+00, -1.90477538e+00, -1.04811966e+00,
          -1.51610470e+00, -1.52799416e+00,  3.12430203e-01, -1.09788561e+00,
          -2.69931793e+00, -1.10736704e+00, -5.15177488e-01, -2.52661395e+00,
          -1.05685806e+00, -6.54444635e-01, -1.33942747e+00, -1.28164732e+00,
          -1.22285688e+00, -2.31999850e+00, -1.00084031e+00, -1.68840140e-01,
          -8.54734123e-01, -1.56707406e+00, -1.84255195e+00, -4.15283442e-01,
          -5.94674051e-01, -1.29552412e+00, -1.38887072e+00, -1.04278481e+00,
          -1.97851324e+00, -2.18634439e+00,  1.10773273e-01, -1.92958489e-01,
           3.41875315e-01,  1.15732157e+00,  3.65030825e-01,  6.02638364e-01,
          -2.67023504e-01,  4.62631702e-01,  4.94941115e-01,  4.25177336e-01,
          -3.10862601e-01, -2.71588564e+00, -1.52532458e+00, -1.44072807e+00,
          -9.78347123e-01, -1.08596516e+00, -1.92622089e+00,  3.67713682e-02,
           4.46963683e-02, -1.45100379e+00, -6.17489994e-01, -1.20850325e+00,
          -2.70336032e-01, -1.05175698e+00, -1.34037122e-01, -1.45698774e+00,
          -2.72174448e-01, -1.80830932e+00, -6.56507611e-01, -1.17461455e+00,
          -2.14029908e-01, -1.78641737e+00, -2.21852112e+00, -1.07055962e-01,
          -1.91020274e+00, -2.40054941e+00, -1.67161083e+00, -4.60066587e-01,
          -6.32011294e-01, -1.55642056e+00, -4.19648528e-01,  1.63200891e+00,
           4.56863567e-02, -3.69873345e-01, -9.08690453e-01, -1.26666093e+00,
          -1.46800506e+00,  4.60937135e-02, -1.47344732e+00, -2.29781938e+00,
          -2.01005483e+00, -2.12781000e+00, -1.29237998e+00, -2.88899040e+00,
          -1.93074608e+00, -1.87193429e+00, -8.82112607e-02, -1.24871469e+00,
          -4.78153437e-01, -1.75429195e-01, -5.88665307e-01, -9.09831703e-01,
           7.42690712e-02, -7.59031296e-01, -9.15017545e-01, -1.14893305e+00,
          -1.19760370e+00, -3.07383984e-01, -1.24589062e+00, -2.43602562e+00,
          -2.45010352e+00, -5.04508734e-01, -1.31325805e+00, -1.62515819e+00,
          -1.28539133e+00, -1.38921642e+00, -2.05464602e+00, -5.56055784e-01,
          -9.77217972e-01, -7.39052296e-01, -1.43251789e+00,  1.71642303e-01,
          -5.80477417e-01,  1.01161790e+00, -7.72788003e-02, -2.05906391e-01,
          -5.98999441e-01, -1.60303161e-01, -8.87051105e-01, -1.03185594e+00,
          -6.77919805e-01, -5.73843598e-01, -2.84914434e-01, -7.11329103e-01,
          -7.98100829e-01, -7.65267849e-01, -1.08006275e+00, -1.38935924e+00,
          -2.38076329e-01, -7.43239582e-01, -8.58940780e-01, -4.29266989e-01,
          -1.20456445e+00, -7.55196154e-01, -1.10851586e+00, -6.71136260e-01,
          -1.80965900e+00, -6.80163562e-01, -1.17578670e-01, -1.85836852e+00,
          -1.61132514e+00, -5.53951085e-01, -5.08627117e-01,  2.23433465e-01,
          -2.49087259e-01, -1.30569592e-01, -9.18809921e-02,  6.63714528e-01,
          -6.10612750e-01, -6.43864393e-01, -2.29066715e-01,  5.03900707e-01,
          -1.65027723e-01, -4.13824707e-01, -6.67444348e-01,  2.46476442e-01,
          -2.56114453e-01, -9.94829237e-01, -1.13057959e+00,  2.60702431e-01,
          -4.31451380e-01, -6.78046346e-01, -1.86270744e-01,  1.03349042e+00,
           4.30357084e-02, -1.09411204e+00, -1.26729703e+00, -6.40659928e-01,
          -8.31924975e-01, -1.22367644e+00, -1.69308710e+00, -4.79401648e-01,
          -4.43046480e-01, -1.37651539e+00, -8.32568407e-01, -6.64171457e-01,
          -5.41996121e-01, -3.70837778e-01, -1.08692217e+00, -4.75622922e-01,
          -5.41946709e-01, -7.42418170e-01, -5.72651148e-01,  9.04751644e-02,
          -3.11473459e-01, -1.60431516e+00, -6.50435090e-01, -1.50784433e+00,
          -4.58600551e-01,  5.50584853e-01, -8.33492100e-01, -7.57237852e-01,
          -1.07405698e+00, -8.14518780e-02, -8.34575057e-01, -1.10935867e+00,
          -8.98776531e-01, -1.37845486e-01, -1.25562584e+00, -4.47103649e-01,
          -9.87679780e-01, -1.47570503e+00, -3.65247428e-01, -1.71457088e+00,
          -1.26142681e+00, -6.01400793e-01, -1.40217590e+00, -1.04889119e+00,
          -6.40677094e-01, -4.19019312e-01, -6.94559932e-01, -8.31294358e-01,
           2.22504064e-01, -6.85328692e-02,  3.67642045e-01, -1.46219850e+00,
          -1.27275455e+00, -3.49759087e-02, -4.15117666e-03,  6.49814904e-01,
           6.00161217e-03, -6.11539423e-01, -9.45527256e-01, -7.28494763e-01,
          -9.80368793e-01,  7.07826376e-01, -1.55502498e-01, -3.71574640e-01,
          -1.55662978e+00, -5.38956940e-01, -4.00596112e-01, -1.15381980e+00,
          -7.53958881e-01, -1.04137611e+00, -1.16270864e+00, -1.55113804e+00,
          -1.09915257e+00, -4.06096727e-01, -6.83786571e-01, -2.32720733e-01,
          -6.04129553e-01,  8.12129855e-01,  1.08446050e+00,  1.99603701e+00,
           1.21021104e+00,  8.16590905e-01, -1.50536835e+00, -3.46858054e-01,
          -1.11238480e+00, -1.32029307e+00, -1.46924305e+00, -1.42319155e+00,
          -1.02148843e+00, -6.16643846e-01, -1.74903941e+00, -1.40060687e+00,
          -4.30163682e-01, -1.56505096e+00, -1.75258660e+00, -5.70092022e-01,
          -1.72599030e+00,  2.25507006e-01, -5.81380010e-01, -7.53915012e-01,
          -1.04822242e+00, -2.66292286e+00, -8.51718724e-01, -6.35866046e-01,
          -5.56325555e-01, -8.36167157e-01,  7.82413006e-01,  1.72205240e-01,
          -7.63068795e-01,  3.21648240e-01,  5.65688729e-01, -1.55804589e-01,
          -1.09724820e+00, -1.50951874e+00,  3.17001075e-01,  6.03586137e-01,
           3.32225710e-01, -2.23052526e+00, -1.36380708e+00, -9.06672597e-01,
          -1.11873186e+00, -1.61577201e+00, -1.55045664e+00, -1.01069641e+00,
          -1.68638420e+00, -2.22913814e+00, -7.57516146e-01, -2.58116037e-01,
           9.25867498e-01, -9.53096300e-02, -1.15839481e+00, -1.10606360e+00,
          -2.16601300e+00, -4.07106243e-02, -6.84768021e-01, -2.28231740e+00,
          -1.42674649e+00, -1.46158624e+00, -2.22072387e+00, -2.27142429e+00,
          -1.86614072e+00, -2.48335195e+00, -2.27731323e+00, -1.69698024e+00,
          -3.36743474e+00, -2.65657353e+00, -2.53552127e+00, -1.67671359e+00,
          -1.50516903e+00, -1.93922830e+00, -1.83226728e+00, -2.21796608e+00,
          -5.45646429e-01, -8.36413443e-01, -1.80027947e-01, -2.32614115e-01,
          -1.09904969e+00, -5.78884482e-01, -6.01776898e-01, -1.47237289e+00,
          -1.75129306e+00, -1.56478202e+00, -1.54254842e+00, -1.52765322e+00,
          -1.15326166e+00, -1.58471525e+00, -1.19874203e+00, -1.62379193e+00,
          -1.84138620e+00, -1.02659428e+00, -9.55032170e-01, -1.58066475e+00,
          -7.63530612e-01, -6.96755767e-01, -3.20877433e-02, -1.81189179e+00,
          -5.65308034e-01, -1.55991066e+00, -9.03715730e-01, -1.16921747e+00,
          -1.09826458e+00, -1.19604743e+00, -1.78978395e+00, -2.38367224e+00,
          -2.06289697e+00, -4.13180441e-01, -1.95103455e+00, -8.13624263e-01,
          -5.49243450e-01, -1.49623108e+00, -1.33073318e+00, -2.91821480e-01,
          -1.65640283e+00, -1.52706611e+00,  1.16263166e-01,  2.62799048e+00,
           7.33064950e-01,  5.97337425e-01,  1.26156557e+00, -1.29686189e+00,
          -5.62106431e-01,  6.83170021e-01,  5.59111655e-01, -4.25512522e-01,
          -1.88518953e+00,  2.94467831e+00, -1.84311008e+00,  3.24905300e+00,
           1.20880544e+00,  5.86030841e-01,  2.01984835e+00, -1.16653085e+00,
           2.16290855e+00,  1.53325200e+00,  2.46376276e+00,  2.25076962e+00,
           6.37630761e-01,  8.77939105e-01,  1.85251296e-01,  2.89802521e-01,
          -2.83502415e-03, -4.00639772e-01,  1.41067302e+00, -3.32743198e-01,
          -5.79662263e-01, -8.20513248e-01, -1.10080731e+00,  1.82415783e+00,
           8.45523715e-01,  1.37065637e+00,  2.57372642e+00,  3.10083532e+00,
          -8.41538072e-01,  4.26424861e-01,  2.18049073e+00,  4.69205976e-01,
           1.38798043e-01,  1.82443774e+00,  5.01352072e-01,  2.79679918e+00,
          -1.13646662e+00,  2.22446084e-01,  4.02435637e+00,  5.78135371e-01,
           1.82579070e-01,  3.33859473e-01, -1.24285603e+00,  1.59644365e+00,
           1.01941931e+00,  1.05170965e+00, -1.15125036e+00,  3.28538977e-02,
           1.05947173e+00,  2.57272267e+00, -8.50348890e-01,  1.53197360e+00,
          -1.56334746e+00,  1.02315342e+00,  2.75522780e+00,  8.74253452e-01,
           1.24600875e+00,  2.34471202e+00, -2.70928830e-01, -1.92025054e+00,
          -3.18813175e-01, -4.64896977e-01,  2.25258732e+00, -1.07113981e+00,
          -4.54239100e-01,  1.46149087e+00,  4.78580862e-01,  3.52581412e-01,
          -2.33600944e-01,  9.63934883e-02,  1.32966292e+00, -8.50450933e-01,
           2.06159282e+00,  1.14475095e+00,  6.48854673e-01, -1.04876602e+00,
          -1.42206952e-01,  8.30734849e-01,  1.30703437e+00,  2.75100255e+00,
          -1.54936492e-01, -5.01784265e-01,  7.41141856e-01, -7.89936781e-01,
           3.27572346e-01,  1.44695091e+00,  1.90657091e+00,  7.29991555e-01,
           6.79752707e-01,  5.70032001e-01,  3.51832956e-01,  3.21165586e+00,
          -2.37133932e+00,  2.07858396e+00, -2.10724115e-01,  1.76754391e+00,
           1.33951712e+00,  1.42277598e+00, -1.51757801e+00,  1.64292860e+00,
           1.43994141e+00, -1.72813594e+00, -9.72836733e-01, -9.17030215e-01,
           5.34823775e-01,  2.25567833e-01,  6.53341711e-01, -1.32955968e-01,
           8.37584734e-01,  6.03140831e-01,  1.42768756e-01,  7.42023587e-02,
           1.87911618e+00,  5.98001540e-01, -9.15940344e-01,  6.67137742e-01,
           5.82099199e-01, -1.41597629e+00,  1.33262849e+00,  2.51327991e+00,
           4.79846090e-01,  1.51169133e+00,  2.15399170e+00,  1.87514091e+00,
           1.17944634e+00,  7.71868169e-01,  3.27625203e+00, -1.45254636e+00,
          -1.22774899e+00, -1.75689161e+00,  1.31780058e-01,  1.98397923e+00,
          -8.44261572e-02, -3.57431203e-01,  2.23274088e+00,  8.87342393e-01,
          -1.04940939e+00,  1.52500761e+00,  5.20205498e-01, -2.17561626e+00,
           5.63900590e-01,  4.04601860e+00,  4.55260068e-01,  4.43767011e-01,
           1.82787347e+00,  1.99372518e+00, -5.44653594e-01, -1.30130839e+00,
           3.78455663e+00,  2.05918288e+00,  9.79372740e-01,  1.44364822e+00,
          -1.07385588e+00, -3.13995391e-01,  1.65888536e+00,  1.36251974e+00,
           1.55363369e+00,  6.70956731e-01, -5.39443731e-01,  3.29029411e-01,
           1.13464546e+00, -2.09553742e+00,  1.20375144e+00, -8.63887250e-01,
           1.51054347e+00, -1.75488913e+00, -2.30938390e-01, -8.66101086e-01,
          -1.63084602e+00,  7.14134991e-01,  2.36957598e+00,  1.47166586e+00,
           1.58268228e-01, -3.31758648e-01, -1.84579206e+00, -6.96412772e-02,
           1.64486635e+00,  2.03473973e+00, -1.01097441e+00,  1.64635956e+00,
           2.73818278e+00,  2.22437501e+00,  1.55978787e+00,  4.88090372e+00,
           8.10516477e-01,  9.42652404e-01,  1.00970268e+00, -1.47460842e+00,
           1.40906084e+00, -1.57167122e-01,  2.21834707e+00,  8.18816721e-01,
           2.67486191e+00,  1.63401985e+00,  1.89488685e+00, -2.67499638e+00,
           1.89228773e+00,  2.45945883e+00,  2.42789960e+00, -5.11987545e-02,
           1.64471710e+00, -1.58086610e+00,  2.56713867e+00,  8.34467769e-01,
          -7.79120862e-01,  9.02655840e-01,  2.28454018e+00,  1.71173048e+00,
           1.00061178e+00,  1.89371574e+00,  1.62750947e+00,  4.40146685e+00,
           3.21279979e+00, -3.92537981e-01,  8.60901475e-01,  1.58188820e+00,
          -4.61737126e-01, -1.03356659e+00,  2.30186629e+00, -1.70944817e-02,
          -1.35754776e+00,  1.96309888e+00, -2.35612988e-01,  1.60044479e+00,
           2.92739248e+00,  1.09147027e-01, -1.73770869e+00,  3.79624277e-01,
           2.52855921e+00, -3.22330445e-01,  1.33046997e+00,  1.22366297e+00,
          -1.57765281e+00,  9.74700332e-01,  2.85240203e-01,  6.29914761e-01,
           2.09990454e+00, -1.72673976e+00,  6.05942845e-01,  1.46158051e+00,
           3.04784656e+00, -1.24352551e+00,  2.01528931e+00,  3.49067855e+00,
           3.13047498e-01,  4.10145015e-01, -8.67614865e-01,  2.48177361e+00,
          -6.36038065e-01,  1.12257922e+00, -3.58856708e-01,  7.29908705e-01,
           2.17722207e-01, -2.37896132e+00,  2.45490193e+00, -9.55216229e-01,
           3.50804067e+00, -2.66576260e-01, -7.89809167e-01,  6.37586534e-01,
          -4.47307557e-01,  3.09213543e+00, -7.71517307e-02, -9.85352814e-01,
           4.26922619e-01,  2.18526030e+00,  1.83426127e-01, -3.71529669e-01,
          -8.01719248e-01,  9.54228818e-01,  1.32509685e+00,  2.40758970e-01,
           2.55956268e+00,  2.74192262e+00, -5.69734238e-02,  1.52263618e+00,
           2.08346531e-01, -6.08200967e-01,  1.00092745e+00, -1.73655421e-01,
           2.45842290e+00,  2.00774264e+00, -3.35983682e+00,  7.69748807e-01,
           1.98421884e+00,  5.78145921e-01, -1.19673872e+00,  1.35101819e+00,
           2.41063285e+00,  2.58378172e+00, -1.03088772e+00,  1.74701381e+00,
           2.16038585e+00,  1.73588789e+00,  1.08957744e+00, -7.79959857e-01,
           9.05454576e-01, -1.27929592e+00, -5.68662941e-01,  1.14946365e+00,
           1.21319258e+00,  2.70288658e+00,  7.98654795e-01,  2.21844840e+00,
           1.37707210e+00,  2.08965969e+00,  6.14558518e-01, -5.38401127e-01,
           6.91340804e-01, -1.59554362e+00,  4.80444014e-01,  6.45172954e-01,
           9.07795787e-01,  1.73105311e+00,  1.17746794e+00,  7.67697811e-01,
          -1.22099817e+00,  1.81767702e+00, -1.43969488e+00,  3.47735912e-01,
           1.92830586e+00,  1.22981417e+00, -2.55298328e+00,  2.37929964e+00,
           4.92091060e-01,  1.74273491e+00, -1.42856169e+00,  1.62139726e+00,
           6.53122902e-01,  5.46876192e-01,  1.60010323e-01, -1.15912223e+00,
           3.44566852e-01,  2.67651606e+00,  6.28239334e-01,  6.56998336e-01,
           1.25026250e+00,  2.18446064e+00, -2.76320010e-01,  2.37632346e+00,
           2.05674267e+00,  1.90250731e+00,  2.09692526e+00, -1.28350163e+00,
           7.38053143e-01,  3.84058237e+00,  1.28319061e+00, -1.35201788e+00,
           7.22947598e-01, -3.05339813e-01,  5.49155831e-01,  1.21930468e+00,
           3.45453954e+00,  2.41746950e+00, -4.21065897e-01,  1.04120362e+00,
           1.03917432e+00,  1.06741357e+00,  7.77245998e-01,  1.55917501e+00,
          -1.55607045e+00,  2.18305326e+00, -5.62169194e-01,  2.29360080e+00,
           3.04584718e+00,  1.42283750e+00, -1.16471201e-01,  2.15927529e+00,
           8.60275567e-01,  9.36116159e-01,  1.19054770e+00, -8.69948804e-01,
           2.27198035e-01,  1.81867078e-01,  3.70645761e+00,  9.74919379e-01,
           2.01274157e+00,  1.28092408e-01,  7.15703845e-01,  1.92719012e-01,
          -1.22550964e+00,  3.77435327e+00,  8.00443053e-01,  3.10402602e-01,
           1.08356309e+00,  2.27606320e+00,  6.46156597e+00,  2.32006773e-01,
           9.82076645e-01,  2.47115612e+00,  1.54617512e+00,  3.71465826e+00,
          -5.78602776e-03, -2.18869925e-01, -7.95343816e-01, -1.19919705e+00,
           2.65581679e+00, -4.27842349e-01,  5.43967545e-01,  1.01417112e+00,
          -8.85818481e-01, -7.76183903e-02,  1.34971964e+00,  2.95378184e+00,
           1.18328822e+00,  2.01440787e+00, -5.21229923e-01,  1.13497031e+00,
          -1.18176922e-01, -2.79152751e-01,  2.90970349e+00,  1.38043284e+00,
          -2.04543662e+00, -6.77637398e-01,  7.49730319e-02,  1.25032210e+00,
           1.82459402e+00, -1.35214221e+00,  1.14640319e+00,  1.77162027e+00,
           1.35144162e+00, -1.30584574e+00,  6.23885393e-01,  2.78449464e+00,
          -1.38408303e+00, -1.12940609e+00,  2.41595292e+00, -1.46771789e+00,
           4.28033829e-01,  8.13050568e-01,  1.08731687e+00, -4.16224092e-01,
           2.41395187e+00,  1.05727971e+00,  2.14710736e+00,  1.30109310e+00,
           3.33401847e+00,  2.22282219e+00,  3.54787612e+00, -1.18287492e+00,
           9.10043359e-01,  2.43669972e-01,  1.53490663e-01,  4.09121513e+00,
           8.69822741e-01, -1.51921821e+00,  3.75749373e+00,  9.89515841e-01,
          -2.69210625e+00,  4.71052527e-01,  4.65947278e-02,  1.77517748e+00,
          -5.62671781e-01,  2.72487402e+00,  9.23464477e-01, -1.07164681e+00,
          -1.90856016e+00, -1.11638975e+00, -1.45093656e+00, -4.09732938e-01,
           2.67904639e+00,  1.59941757e+00, -7.78106973e-04,  5.00432372e-01,
           1.92228103e+00, -4.30079818e-01, -2.32120681e+00,  4.47456330e-01,
           2.65158224e+00,  8.97162855e-01,  5.61871082e-02,  2.34442306e+00,
           8.12771380e-01,  8.01845133e-01,  1.85871124e+00,  2.03589892e+00,
           5.26889741e-01,  3.45206451e+00,  5.16879797e-01,  1.97832215e+00,
          -1.35927951e+00,  1.40933466e+00, -1.04400039e+00,  1.48691446e-01,
           4.44867325e+00,  1.52104425e+00,  3.87301731e+00, -1.06778717e+00,
           2.46760416e+00,  2.49559093e+00,  2.25468230e+00,  2.11144829e+00,
           1.55278251e-01, -4.06924039e-01,  1.78875875e+00,  1.61865640e+00,
           4.99729490e+00,  6.93004704e+00,  3.03257251e+00,  4.08591419e-01,
          -4.68264610e-01, -2.28698581e-01,  1.50533840e-01,  1.79122949e+00,
          -1.69700956e+00, -1.55355024e+00,  1.44645527e-01, -8.82166922e-01,
           2.19291186e+00,  5.23810208e-01,  4.97663826e-01,  2.94936717e-01,
           7.71974921e-01,  2.66812921e+00,  1.03603005e+00,  1.81909353e-02,
          -1.97632658e+00,  5.36717355e-01, -1.24546206e+00, -1.10949671e+00,
          -1.14833593e+00,  1.09395242e+00, -9.43429410e-01, -1.34086382e+00,
          -1.52445900e+00, -2.00200868e+00, -1.20134604e+00, -1.10158777e+00,
          -8.94763231e-01, -7.80596495e-01, -1.07550311e+00, -5.25817215e-01,
          -1.19460344e+00, -1.46302009e+00, -5.24324588e-02, -4.25564051e-01,
          -2.35878944e+00, -6.02964938e-01, -1.66446292e+00, -5.88906825e-01,
           1.88551277e-01,  3.51409972e-01, -1.48830302e-02, -2.61844039e-01,
          -1.48189878e+00, -4.52588677e-01,  3.45426857e-01, -1.31236315e+00,
          -1.19724417e+00, -1.18241310e+00, -8.66510153e-01, -1.56608152e+00,
          -1.21678448e+00, -6.88013315e-01, -9.09882903e-01, -1.17265606e+00,
          -9.83923972e-01, -1.06547141e+00,  1.66393185e+00, -4.32053417e-01,
           1.26108670e+00,  6.40594602e-01, -1.70948136e+00,  1.87815928e+00,
          -1.47510660e+00, -1.30919456e+00,  1.01936913e+00,  1.42330080e-01,
          -1.55893564e+00,  7.14152828e-02,  2.79376984e-01, -1.97896814e+00,
          -4.66990620e-01, -4.12601858e-01,  1.13147855e+00, -3.77304882e-01,
          -4.90340352e-01,  2.83155471e-01, -1.44828033e+00, -2.21590370e-01,
          -1.65946817e+00, -7.37372220e-01, -1.84342849e+00, -1.42165565e+00,
          -9.29399014e-01, -2.23940229e+00, -2.21769285e+00, -1.60360992e+00,
          -1.43084741e+00, -2.86768532e+00, -4.32839021e-02,  2.06264997e+00]]],
       device='cuda:0')
PGD attack margin (first 2 examples and 10 specs):
 tensor([[[0.13185495]]], device='cuda:0')
number of violation:  0
Attack finished in 7.9795 seconds.
PGD attack failed
verified_status unknown
verified_success False
Total VNNLIB file length: 1, max property batch size: 1, total number of batches: 1

Properties batch 0, size 1
Remaining timeout: 1155.384283065796
Verifying property 0 with 1 instances.
torch allclose failed: norm 8.889588571037166e-06
Model: BoundedModule(
  (/input-1): BoundInput(name=/input-1, inputs=[], perturbed=True)
  (/33): BoundParams(name=/33, inputs=[], perturbed=False)
  (/34): BoundParams(name=/34, inputs=[], perturbed=False)
  (/35): BoundParams(name=/35, inputs=[], perturbed=False)
  (/36): BoundParams(name=/36, inputs=[], perturbed=False)
  (/37): BoundParams(name=/37, inputs=[], perturbed=False)
  (/38): BoundParams(name=/38, inputs=[], perturbed=False)
  (/39): BoundParams(name=/39, inputs=[], perturbed=False)
  (/40): BoundParams(name=/40, inputs=[], perturbed=False)
  (/41): BoundParams(name=/41, inputs=[], perturbed=False)
  (/42): BoundParams(name=/42, inputs=[], perturbed=False)
  (/43): BoundParams(name=/43, inputs=[], perturbed=False)
  (/44): BoundParams(name=/44, inputs=[], perturbed=False)
  (/45): BoundParams(name=/45, inputs=[], perturbed=False)
  (/46): BoundParams(name=/46, inputs=[], perturbed=False)
  (/47): BoundParams(name=/47, inputs=[], perturbed=False)
  (/48): BoundParams(name=/48, inputs=[], perturbed=False)
  (/49): BoundParams(name=/49, inputs=[], perturbed=False)
  (/50): BoundParams(name=/50, inputs=[], perturbed=False)
  (/51): BoundParams(name=/51, inputs=[], perturbed=False)
  (/52): BoundParams(name=/52, inputs=[], perturbed=False)
  (/53): BoundParams(name=/53, inputs=[], perturbed=False)
  (/54): BoundParams(name=/54, inputs=[], perturbed=False)
  (/55): BoundParams(name=/55, inputs=[], perturbed=False)
  (/56): BoundParams(name=/56, inputs=[], perturbed=False)
  (/57): BoundParams(name=/57, inputs=[], perturbed=False)
  (/58): BoundParams(name=/58, inputs=[], perturbed=False)
  (/59): BoundParams(name=/59, inputs=[], perturbed=False)
  (/60): BoundParams(name=/60, inputs=[], perturbed=False)
  (/61): BoundParams(name=/61, inputs=[], perturbed=False)
  (/62): BoundParams(name=/62, inputs=[], perturbed=False)
  (/63): BoundParams(name=/63, inputs=[], perturbed=False)
  (/64): BoundParams(name=/64, inputs=[], perturbed=False)
  (/input): BoundConv(name=/input, inputs=[/input-1, /33, /34], perturbed=True)
  (/66): BoundRelu(name=/66, inputs=[/input], perturbed=True)
  (/input-4): BoundConv(name=/input-4, inputs=[/66, /35, /36], perturbed=True)
  (/68): BoundRelu(name=/68, inputs=[/input-4], perturbed=True)
  (/input-12): BoundConv(name=/input-12, inputs=[/input-8/add_3_4, /37, /38], perturbed=True)
  (/71): BoundRelu(name=/71, inputs=[/input-12], perturbed=True)
  (/input-16): BoundConv(name=/input-16, inputs=[/71, /39, /40], perturbed=True)
  (/73): BoundRelu(name=/73, inputs=[/input-16], perturbed=True)
  (/input-24): BoundConv(name=/input-24, inputs=[/input-20/add_3_4, /41, /42], perturbed=True)
  (/76): BoundRelu(name=/76, inputs=[/input-24], perturbed=True)
  (/input-28): BoundConv(name=/input-28, inputs=[/76, /43, /44], perturbed=True)
  (/78): BoundRelu(name=/78, inputs=[/input-28], perturbed=True)
  (/input-32): BoundConv(name=/input-32, inputs=[/78, /45, /46], perturbed=True)
  (/80): BoundRelu(name=/80, inputs=[/input-32], perturbed=True)
  (/input-40): BoundConv(name=/input-40, inputs=[/input-36/add_3_4, /47, /48], perturbed=True)
  (/83): BoundRelu(name=/83, inputs=[/input-40], perturbed=True)
  (/input-44): BoundConv(name=/input-44, inputs=[/83, /49, /50], perturbed=True)
  (/85): BoundRelu(name=/85, inputs=[/input-44], perturbed=True)
  (/input-48): BoundConv(name=/input-48, inputs=[/85, /51, /52], perturbed=True)
  (/87): BoundRelu(name=/87, inputs=[/input-48], perturbed=True)
  (/input-56): BoundConv(name=/input-56, inputs=[/input-52/add_3_4, /53, /54], perturbed=True)
  (/90): BoundRelu(name=/90, inputs=[/input-56], perturbed=True)
  (/input-60): BoundConv(name=/input-60, inputs=[/90, /55, /56], perturbed=True)
  (/92): BoundRelu(name=/92, inputs=[/input-60], perturbed=True)
  (/input-64): BoundConv(name=/input-64, inputs=[/92, /57, /58], perturbed=True)
  (/94): BoundRelu(name=/94, inputs=[/input-64], perturbed=True)
  (/96): BoundFlatten(name=/96, inputs=[/95/add_3_4], perturbed=True)
  (/input-68): BoundLinear(name=/input-68, inputs=[/96, /59, /60], perturbed=True)
  (/98): BoundRelu(name=/98, inputs=[/input-68], perturbed=True)
  (/99): BoundFlatten(name=/99, inputs=[/98], perturbed=True)
  (/input-72): BoundLinear(name=/input-72, inputs=[/99, /61, /62], perturbed=True)
  (/101): BoundRelu(name=/101, inputs=[/input-72], perturbed=True)
  (/102): BoundFlatten(name=/102, inputs=[/101], perturbed=True)
  (/103): BoundLinear(name=/103, inputs=[/102, /63, /64], perturbed=True)
  (/input-8/conv_1): BoundConv(name=/input-8/conv_1, inputs=[/68, /input-8/conv_1_w], perturbed=True)
  (/input-8/conv_1_relu): BoundRelu(name=/input-8/conv_1_relu, inputs=[/input-8/conv_1], perturbed=True)
  (/input-8/conv_1_w): BoundParams(name=/input-8/conv_1_w, inputs=[], perturbed=False)
  (/input-8/conv_2): BoundConv(name=/input-8/conv_2, inputs=[/68, /input-8/conv_2_w], perturbed=True)
  (/input-8/conv_2_w): BoundParams(name=/input-8/conv_2_w, inputs=[], perturbed=False)
  (/input-8/conv_3): BoundConv(name=/input-8/conv_3, inputs=[/input-8/add_1_2, /input-8/conv_3_w], perturbed=True)
  (/input-8/conv_3_relu): BoundRelu(name=/input-8/conv_3_relu, inputs=[/input-8/conv_3], perturbed=True)
  (/input-8/conv_3_w): BoundParams(name=/input-8/conv_3_w, inputs=[], perturbed=False)
  (/input-8/conv_4): BoundConv(name=/input-8/conv_4, inputs=[/input-8/add_1_2, /input-8/conv_4_w], perturbed=True)
  (/input-8/conv_4_w): BoundParams(name=/input-8/conv_4_w, inputs=[], perturbed=False)
  (/input-8/add_1_2): BoundAdd(name=/input-8/add_1_2, inputs=[/input-8/conv_1_relu, /input-8/conv_2], perturbed=True)
  (/input-8/add_3_4): BoundAdd(name=/input-8/add_3_4, inputs=[/input-8/conv_3_relu, /input-8/conv_4], perturbed=True)
  (/input-20/conv_1): BoundConv(name=/input-20/conv_1, inputs=[/73, /input-20/conv_1_w], perturbed=True)
  (/input-20/conv_1_relu): BoundRelu(name=/input-20/conv_1_relu, inputs=[/input-20/conv_1], perturbed=True)
  (/input-20/conv_1_w): BoundParams(name=/input-20/conv_1_w, inputs=[], perturbed=False)
  (/input-20/conv_2): BoundConv(name=/input-20/conv_2, inputs=[/73, /input-20/conv_2_w], perturbed=True)
  (/input-20/conv_2_w): BoundParams(name=/input-20/conv_2_w, inputs=[], perturbed=False)
  (/input-20/conv_3): BoundConv(name=/input-20/conv_3, inputs=[/input-20/add_1_2, /input-20/conv_3_w], perturbed=True)
  (/input-20/conv_3_relu): BoundRelu(name=/input-20/conv_3_relu, inputs=[/input-20/conv_3], perturbed=True)
  (/input-20/conv_3_w): BoundParams(name=/input-20/conv_3_w, inputs=[], perturbed=False)
  (/input-20/conv_4): BoundConv(name=/input-20/conv_4, inputs=[/input-20/add_1_2, /input-20/conv_4_w], perturbed=True)
  (/input-20/conv_4_w): BoundParams(name=/input-20/conv_4_w, inputs=[], perturbed=False)
  (/input-20/add_1_2): BoundAdd(name=/input-20/add_1_2, inputs=[/input-20/conv_1_relu, /input-20/conv_2], perturbed=True)
  (/input-20/add_3_4): BoundAdd(name=/input-20/add_3_4, inputs=[/input-20/conv_3_relu, /input-20/conv_4], perturbed=True)
  (/input-36/conv_1): BoundConv(name=/input-36/conv_1, inputs=[/80, /input-36/conv_1_w], perturbed=True)
  (/input-36/conv_1_relu): BoundRelu(name=/input-36/conv_1_relu, inputs=[/input-36/conv_1], perturbed=True)
  (/input-36/conv_1_w): BoundParams(name=/input-36/conv_1_w, inputs=[], perturbed=False)
  (/input-36/conv_2): BoundConv(name=/input-36/conv_2, inputs=[/80, /input-36/conv_2_w], perturbed=True)
  (/input-36/conv_2_w): BoundParams(name=/input-36/conv_2_w, inputs=[], perturbed=False)
  (/input-36/conv_3): BoundConv(name=/input-36/conv_3, inputs=[/input-36/add_1_2, /input-36/conv_3_w], perturbed=True)
  (/input-36/conv_3_relu): BoundRelu(name=/input-36/conv_3_relu, inputs=[/input-36/conv_3], perturbed=True)
  (/input-36/conv_3_w): BoundParams(name=/input-36/conv_3_w, inputs=[], perturbed=False)
  (/input-36/conv_4): BoundConv(name=/input-36/conv_4, inputs=[/input-36/add_1_2, /input-36/conv_4_w], perturbed=True)
  (/input-36/conv_4_w): BoundParams(name=/input-36/conv_4_w, inputs=[], perturbed=False)
  (/input-36/add_1_2): BoundAdd(name=/input-36/add_1_2, inputs=[/input-36/conv_1_relu, /input-36/conv_2], perturbed=True)
  (/input-36/add_3_4): BoundAdd(name=/input-36/add_3_4, inputs=[/input-36/conv_3_relu, /input-36/conv_4], perturbed=True)
  (/input-52/conv_1): BoundConv(name=/input-52/conv_1, inputs=[/87, /input-52/conv_1_w], perturbed=True)
  (/input-52/conv_1_relu): BoundRelu(name=/input-52/conv_1_relu, inputs=[/input-52/conv_1], perturbed=True)
  (/input-52/conv_1_w): BoundParams(name=/input-52/conv_1_w, inputs=[], perturbed=False)
  (/input-52/conv_2): BoundConv(name=/input-52/conv_2, inputs=[/87, /input-52/conv_2_w], perturbed=True)
  (/input-52/conv_2_w): BoundParams(name=/input-52/conv_2_w, inputs=[], perturbed=False)
  (/input-52/conv_3): BoundConv(name=/input-52/conv_3, inputs=[/input-52/add_1_2, /input-52/conv_3_w], perturbed=True)
  (/input-52/conv_3_relu): BoundRelu(name=/input-52/conv_3_relu, inputs=[/input-52/conv_3], perturbed=True)
  (/input-52/conv_3_w): BoundParams(name=/input-52/conv_3_w, inputs=[], perturbed=False)
  (/input-52/conv_4): BoundConv(name=/input-52/conv_4, inputs=[/input-52/add_1_2, /input-52/conv_4_w], perturbed=True)
  (/input-52/conv_4_w): BoundParams(name=/input-52/conv_4_w, inputs=[], perturbed=False)
  (/input-52/add_1_2): BoundAdd(name=/input-52/add_1_2, inputs=[/input-52/conv_1_relu, /input-52/conv_2], perturbed=True)
  (/input-52/add_3_4): BoundAdd(name=/input-52/add_3_4, inputs=[/input-52/conv_3_relu, /input-52/conv_4], perturbed=True)
  (/95/conv_1): BoundConv(name=/95/conv_1, inputs=[/94, /95/conv_1_w], perturbed=True)
  (/95/conv_1_relu): BoundRelu(name=/95/conv_1_relu, inputs=[/95/conv_1], perturbed=True)
  (/95/conv_1_w): BoundParams(name=/95/conv_1_w, inputs=[], perturbed=False)
  (/95/conv_2): BoundConv(name=/95/conv_2, inputs=[/94, /95/conv_2_w], perturbed=True)
  (/95/conv_2_w): BoundParams(name=/95/conv_2_w, inputs=[], perturbed=False)
  (/95/conv_3): BoundConv(name=/95/conv_3, inputs=[/95/add_1_2, /95/conv_3_w], perturbed=True)
  (/95/conv_3_relu): BoundRelu(name=/95/conv_3_relu, inputs=[/95/conv_3], perturbed=True)
  (/95/conv_3_w): BoundParams(name=/95/conv_3_w, inputs=[], perturbed=False)
  (/95/conv_4): BoundConv(name=/95/conv_4, inputs=[/95/add_1_2, /95/conv_4_w], perturbed=True)
  (/95/conv_4_w): BoundParams(name=/95/conv_4_w, inputs=[], perturbed=False)
  (/95/add_1_2): BoundAdd(name=/95/add_1_2, inputs=[/95/conv_1_relu, /95/conv_2], perturbed=True)
  (/95/add_3_4): BoundAdd(name=/95/add_3_4, inputs=[/95/conv_3_relu, /95/conv_4], perturbed=True)
)
Model prediction is: tensor([-8.48557234e-01,  1.37382221e+00, -1.85266066e+00, -1.65080583e+00,
        -1.49354255e+00, -1.26969114e-01, -7.47899652e-01, -1.75130665e+00,
        -1.67381454e+00, -1.89052248e+00, -1.03296161e+00, -8.91275853e-02,
        -5.56907207e-02, -9.48021173e-01,  2.58035958e-01, -4.16027188e-01,
        -5.70880294e-01, -1.12999284e+00, -1.07936990e+00, -4.85150427e-01,
        -1.61249542e+00, -6.91558003e-01, -6.13877356e-01, -1.75400412e+00,
        -7.75604129e-01, -1.66327858e+00, -7.34374404e-01, -1.36820149e+00,
        -1.46291220e+00, -1.84448138e-01, -2.13757062e+00,  1.10026881e-01,
        -1.13626015e+00, -2.14663792e+00, -1.67893946e+00, -2.06285906e+00,
        -4.45392206e-02, -2.39608383e+00, -4.44693744e-01, -1.53122950e+00,
        -1.87502839e-02, -1.93230605e+00, -1.91313493e+00, -1.05078435e+00,
        -1.51420045e+00, -1.53417897e+00,  3.20179701e-01, -1.10655308e+00,
        -2.70325041e+00, -1.09697485e+00, -4.99210447e-01, -2.53992152e+00,
        -1.06184936e+00, -6.63267553e-01, -1.35479426e+00, -1.27002823e+00,
        -1.23638260e+00, -2.32354975e+00, -1.00714493e+00, -1.64688438e-01,
        -8.60672832e-01, -1.56034684e+00, -1.85484195e+00, -4.35123831e-01,
        -6.04447186e-01, -1.30583870e+00, -1.41690803e+00, -1.04496205e+00,
        -2.00110054e+00, -2.20936108e+00,  9.99746099e-02, -1.82019547e-01,
         3.50233465e-01,  1.15242982e+00,  3.72369617e-01,  6.01044118e-01,
        -2.63685584e-01,  4.63777393e-01,  4.86193538e-01,  4.11812931e-01,
        -3.25099885e-01, -2.73975301e+00, -1.53946865e+00, -1.47300458e+00,
        -9.84888136e-01, -1.10779977e+00, -1.93659198e+00,  2.24874653e-02,
         4.18736115e-02, -1.45848870e+00, -6.22336745e-01, -1.20915926e+00,
        -2.75429010e-01, -1.05209887e+00, -1.33709460e-01, -1.46301687e+00,
        -2.70597607e-01, -1.81389773e+00, -6.80799127e-01, -1.15154696e+00,
        -1.96420565e-01, -1.77546942e+00, -2.24025202e+00, -1.11817226e-01,
        -1.90939188e+00, -2.39027858e+00, -1.68094718e+00, -4.32248503e-01,
        -6.21180952e-01, -1.55792832e+00, -4.23664689e-01,  1.65228689e+00,
         4.10256013e-02, -3.83040994e-01, -9.14883435e-01, -1.26731622e+00,
        -1.46910346e+00,  2.22025681e-02, -1.45894647e+00, -2.29755235e+00,
        -2.01162219e+00, -2.11818743e+00, -1.28441179e+00, -2.88611507e+00,
        -1.91741669e+00, -1.88057029e+00, -8.66888538e-02, -1.25058770e+00,
        -4.87514049e-01, -1.73423082e-01, -5.78603566e-01, -9.10284281e-01,
         8.89126807e-02, -7.53231168e-01, -9.09491658e-01, -1.15231538e+00,
        -1.20038342e+00, -3.07392359e-01, -1.25213087e+00, -2.45785689e+00,
        -2.46934915e+00, -5.14436603e-01, -1.32839930e+00, -1.63279831e+00,
        -1.28702986e+00, -1.37898350e+00, -2.05794549e+00, -5.43741226e-01,
        -9.70214069e-01, -7.32317746e-01, -1.42710173e+00,  1.54096514e-01,
        -6.04341984e-01,  9.94318545e-01, -1.04483582e-01, -2.28101045e-01,
        -6.02138698e-01, -1.81098357e-01, -9.22449231e-01, -1.03250933e+00,
        -6.72414243e-01, -5.70116818e-01, -2.94793606e-01, -7.07608461e-01,
        -8.04733694e-01, -7.69480586e-01, -1.07912815e+00, -1.38950348e+00,
        -2.42209077e-01, -7.23407507e-01, -8.67979825e-01, -4.35394555e-01,
        -1.20728576e+00, -7.33556449e-01, -1.11951685e+00, -6.81891382e-01,
        -1.81872284e+00, -6.81299746e-01, -1.12470850e-01, -1.87709093e+00,
        -1.62232578e+00, -5.61602473e-01, -5.25710404e-01,  2.27696031e-01,
        -2.52033561e-01, -1.56038806e-01, -1.12567171e-01,  6.40222430e-01,
        -6.30522072e-01, -6.52699828e-01, -2.47437105e-01,  5.09274423e-01,
        -1.92305103e-01, -4.43872839e-01, -6.96018159e-01,  2.43379235e-01,
        -2.76161820e-01, -1.00608611e+00, -1.15033579e+00,  2.46958733e-01,
        -4.52100128e-01, -7.05550551e-01, -2.04428434e-01,  1.02524793e+00,
         1.73496492e-02, -1.10173988e+00, -1.26114309e+00, -6.39951348e-01,
        -8.39157701e-01, -1.21886826e+00, -1.71032298e+00, -4.66537386e-01,
        -4.48614895e-01, -1.37112141e+00, -8.37610662e-01, -6.61159933e-01,
        -5.45151532e-01, -3.70107919e-01, -1.09075367e+00, -4.83783960e-01,
        -5.38559496e-01, -7.42468417e-01, -5.64524055e-01,  8.21931586e-02,
        -3.04844528e-01, -1.60883045e+00, -6.56311095e-01, -1.51691186e+00,
        -4.66722250e-01,  5.54193079e-01, -8.36134076e-01, -7.49417782e-01,
        -1.08317661e+00, -7.39726499e-02, -8.46092045e-01, -1.11712432e+00,
        -8.96946490e-01, -1.46527201e-01, -1.26348269e+00, -4.56078261e-01,
        -9.90146458e-01, -1.48844755e+00, -3.71390581e-01, -1.72448683e+00,
        -1.27050173e+00, -6.21280253e-01, -1.40484786e+00, -1.04717827e+00,
        -6.40448332e-01, -4.16480422e-01, -6.96423769e-01, -8.39278281e-01,
         1.94153175e-01, -6.97753727e-02,  3.44065070e-01, -1.46237290e+00,
        -1.27702749e+00, -3.55298743e-02, -4.01867554e-03,  6.37268543e-01,
         1.78655027e-03, -6.27035618e-01, -9.76417780e-01, -7.44596601e-01,
        -9.88778234e-01,  7.03258514e-01, -1.60170227e-01, -3.63486886e-01,
        -1.57664096e+00, -5.30951560e-01, -3.86645526e-01, -1.14893413e+00,
        -7.56025374e-01, -1.04395342e+00, -1.16282725e+00, -1.56408608e+00,
        -1.10874593e+00, -4.01724279e-01, -6.85548604e-01, -2.39348933e-01,
        -6.06523156e-01,  7.98743963e-01,  1.07641506e+00,  1.99221277e+00,
         1.19949234e+00,  8.11768830e-01, -1.51165485e+00, -3.57160926e-01,
        -1.11790085e+00, -1.32696784e+00, -1.48120618e+00, -1.42143548e+00,
        -1.02115107e+00, -6.32718384e-01, -1.74103618e+00, -1.39297581e+00,
        -4.18240070e-01, -1.55484366e+00, -1.76196551e+00, -5.77371478e-01,
        -1.74527538e+00,  2.22164109e-01, -6.02059722e-01, -7.54119098e-01,
        -1.05023634e+00, -2.69852114e+00, -8.57977509e-01, -6.33797884e-01,
        -5.70758522e-01, -8.47408295e-01,  7.90480018e-01,  1.88079417e-01,
        -7.64723241e-01,  3.24310035e-01,  5.61960518e-01, -1.51424959e-01,
        -1.09803689e+00, -1.50470781e+00,  3.19093108e-01,  6.01159990e-01,
         3.36885989e-01, -2.23715162e+00, -1.36856556e+00, -9.13740158e-01,
        -1.12013435e+00, -1.61780405e+00, -1.55245829e+00, -9.97839987e-01,
        -1.69854081e+00, -2.22277784e+00, -7.71496534e-01, -2.58887649e-01,
         9.15222883e-01, -9.37567651e-02, -1.17939568e+00, -1.10945177e+00,
        -2.17496824e+00, -4.40920703e-02, -7.11671591e-01, -2.28317332e+00,
        -1.43994868e+00, -1.45975351e+00, -2.22775316e+00, -2.28247094e+00,
        -1.86356485e+00, -2.48002791e+00, -2.27424359e+00, -1.69004452e+00,
        -3.37022448e+00, -2.66358852e+00, -2.53487539e+00, -1.68192399e+00,
        -1.50296223e+00, -1.95561171e+00, -1.83973587e+00, -2.22694683e+00,
        -5.57790756e-01, -8.55794013e-01, -1.92401156e-01, -2.51560390e-01,
        -1.11644673e+00, -6.10592902e-01, -6.17037356e-01, -1.48609388e+00,
        -1.75537860e+00, -1.56158352e+00, -1.54438925e+00, -1.52682900e+00,
        -1.15377474e+00, -1.59665978e+00, -1.21319282e+00, -1.63944578e+00,
        -1.83887696e+00, -1.02144098e+00, -9.56009805e-01, -1.58309436e+00,
        -7.46858001e-01, -7.14129627e-01, -2.19345540e-02, -1.80552995e+00,
        -5.64891756e-01, -1.56260788e+00, -9.06133652e-01, -1.17392254e+00,
        -1.10313654e+00, -1.19502056e+00, -1.78313756e+00, -2.39705443e+00,
        -2.06659412e+00, -4.04009014e-01, -1.94765818e+00, -7.99818277e-01,
        -5.64077675e-01, -1.49030781e+00, -1.30729401e+00, -2.70120740e-01,
        -1.65184748e+00, -1.54539299e+00,  9.78357345e-02,  2.68406343e+00,
         7.59269774e-01,  5.97549915e-01,  1.25106227e+00, -1.29768693e+00,
        -5.49155891e-01,  6.90661132e-01,  5.78448892e-01, -4.13330168e-01,
        -1.88744235e+00,  2.94962049e+00, -1.85147345e+00,  3.29122496e+00,
         1.21119606e+00,  5.93409896e-01,  2.02998424e+00, -1.16240704e+00,
         2.17392159e+00,  1.54029834e+00,  2.44282484e+00,  2.24686980e+00,
         6.38388038e-01,  8.74643445e-01,  1.77140608e-01,  3.00083905e-01,
         8.34782794e-03, -4.02460575e-01,  1.40213656e+00, -3.24219495e-01,
        -5.69873035e-01, -8.42698872e-01, -1.10474670e+00,  1.87308168e+00,
         8.56686592e-01,  1.35732257e+00,  2.59869647e+00,  3.13759255e+00,
        -8.48544002e-01,  4.43707138e-01,  2.18716645e+00,  4.69835043e-01,
         1.50202572e-01,  1.83293486e+00,  5.04764557e-01,  2.80279064e+00,
        -1.14081132e+00,  2.23239645e-01,  4.01953793e+00,  5.87499261e-01,
         1.70914680e-01,  3.34500432e-01, -1.25183666e+00,  1.58841395e+00,
         1.04973865e+00,  1.04909730e+00, -1.14095914e+00,  1.96534358e-02,
         1.06760585e+00,  2.59323359e+00, -8.52123022e-01,  1.54341555e+00,
        -1.54694164e+00,  1.02661920e+00,  2.73795271e+00,  8.88750434e-01,
         1.23576748e+00,  2.36662030e+00, -2.57181972e-01, -1.89882731e+00,
        -3.20050776e-01, -4.65931416e-01,  2.26909304e+00, -1.06602049e+00,
        -4.46774989e-01,  1.44587445e+00,  5.13052285e-01,  3.64689827e-01,
        -2.39635721e-01,  8.24944377e-02,  1.31737113e+00, -8.53118181e-01,
         2.08225632e+00,  1.12946427e+00,  6.33515656e-01, -1.01495254e+00,
        -1.25191227e-01,  8.12526226e-01,  1.32903159e+00,  2.74991298e+00,
        -1.66154236e-01, -5.05503058e-01,  7.46901274e-01, -7.89945006e-01,
         3.05925012e-01,  1.44400668e+00,  1.89705944e+00,  7.33877122e-01,
         6.86666965e-01,  5.74115396e-01,  3.62675369e-01,  3.22216177e+00,
        -2.34830451e+00,  2.13703227e+00, -2.08033413e-01,  1.76516175e+00,
         1.33549321e+00,  1.42967272e+00, -1.54100859e+00,  1.61511099e+00,
         1.44359982e+00, -1.72602141e+00, -9.76412117e-01, -9.19518650e-01,
         5.22628725e-01,  2.38751054e-01,  6.61047518e-01, -1.23801313e-01,
         8.66292596e-01,  6.13063574e-01,  1.36467904e-01,  6.84984475e-02,
         1.89520800e+00,  6.03506267e-01, -9.39306557e-01,  6.85653508e-01,
         5.95399976e-01, -1.39034820e+00,  1.33517587e+00,  2.52656460e+00,
         4.77155596e-01,  1.52501523e+00,  2.13992500e+00,  1.86942756e+00,
         1.17669201e+00,  7.65956461e-01,  3.29549527e+00, -1.46161985e+00,
        -1.21851683e+00, -1.76198447e+00,  1.35056853e-01,  1.95385671e+00,
        -8.05935934e-02, -3.59869450e-01,  2.21838570e+00,  8.84985030e-01,
        -1.05853248e+00,  1.49958932e+00,  5.17573833e-01, -2.17909122e+00,
         5.74849904e-01,  4.03334236e+00,  4.51032370e-01,  4.31151181e-01,
         1.84747791e+00,  1.99683249e+00, -5.15004158e-01, -1.30263233e+00,
         3.76382685e+00,  2.06592846e+00,  9.85281110e-01,  1.43389356e+00,
        -1.07288229e+00, -3.17719966e-01,  1.68820846e+00,  1.34222889e+00,
         1.55918241e+00,  6.80486381e-01, -5.44072270e-01,  3.09890628e-01,
         1.18521821e+00, -2.09463882e+00,  1.21143770e+00, -8.63661528e-01,
         1.51166570e+00, -1.77034366e+00, -2.49036819e-01, -8.62824023e-01,
        -1.63851047e+00,  7.11650312e-01,  2.42946339e+00,  1.49158216e+00,
         1.68634802e-01, -3.44402105e-01, -1.84943616e+00, -7.13474303e-02,
         1.62121737e+00,  2.03798580e+00, -1.01023924e+00,  1.63048792e+00,
         2.74714088e+00,  2.23318338e+00,  1.56071889e+00,  4.89321852e+00,
         7.96400070e-01,  9.39667881e-01,  1.02625036e+00, -1.47687852e+00,
         1.39379179e+00, -1.43924639e-01,  2.24672866e+00,  8.09783459e-01,
         2.66942453e+00,  1.67734611e+00,  1.88952661e+00, -2.69464970e+00,
         1.87680364e+00,  2.46837187e+00,  2.43383980e+00, -4.17312570e-02,
         1.68407702e+00, -1.57573259e+00,  2.58725119e+00,  8.36254776e-01,
        -7.87151039e-01,  8.85985315e-01,  2.32230949e+00,  1.71029949e+00,
         9.88069236e-01,  1.94320083e+00,  1.60880017e+00,  4.41969061e+00,
         3.22528720e+00, -4.05741274e-01,  8.48877668e-01,  1.55248642e+00,
        -4.66968447e-01, -1.02780247e+00,  2.28472114e+00, -1.06606483e-02,
        -1.35482883e+00,  1.96358263e+00, -2.36835182e-01,  1.59922934e+00,
         2.93180108e+00,  8.46178383e-02, -1.73926485e+00,  3.58932406e-01,
         2.53720450e+00, -3.24392587e-01,  1.34524226e+00,  1.22931790e+00,
        -1.59604597e+00,  9.71304536e-01,  2.84488708e-01,  6.38951063e-01,
         2.09694076e+00, -1.73462558e+00,  6.19584799e-01,  1.47011244e+00,
         3.06298327e+00, -1.21290505e+00,  2.01763010e+00,  3.48975062e+00,
         3.52074265e-01,  4.16371018e-01, -8.62082720e-01,  2.52175522e+00,
        -6.23787522e-01,  1.14579666e+00, -3.68752360e-01,  7.26856589e-01,
         2.11249396e-01, -2.39454532e+00,  2.44495964e+00, -9.44677591e-01,
         3.54049158e+00, -2.62603313e-01, -8.07201028e-01,  6.54034376e-01,
        -4.47235465e-01,  3.12651467e+00, -9.08928216e-02, -9.80782211e-01,
         4.39745307e-01,  2.17885494e+00,  1.57677144e-01, -3.77135247e-01,
        -8.25280666e-01,  9.24138308e-01,  1.35184181e+00,  2.31970832e-01,
         2.56441331e+00,  2.75314069e+00, -3.97556126e-02,  1.52848113e+00,
         2.07099199e-01, -6.23211563e-01,  9.65884864e-01, -1.65439904e-01,
         2.46334624e+00,  2.05953598e+00, -3.37721705e+00,  7.74845481e-01,
         1.99463594e+00,  5.67475855e-01, -1.20004272e+00,  1.33843231e+00,
         2.40449548e+00,  2.64271212e+00, -1.02697444e+00,  1.74331570e+00,
         2.16072512e+00,  1.73659551e+00,  1.08288217e+00, -7.93618619e-01,
         9.01251853e-01, -1.27127373e+00, -5.65860510e-01,  1.14859068e+00,
         1.22248089e+00,  2.69460106e+00,  7.75787055e-01,  2.20876455e+00,
         1.37339270e+00,  2.09308028e+00,  5.89745283e-01, -5.40064633e-01,
         6.97183847e-01, -1.60142648e+00,  4.97974187e-01,  6.31001592e-01,
         9.03659225e-01,  1.73585343e+00,  1.16956317e+00,  7.38559127e-01,
        -1.21448874e+00,  1.83484304e+00, -1.47457814e+00,  3.56411844e-01,
         1.94719172e+00,  1.20678079e+00, -2.57961297e+00,  2.37239814e+00,
         4.83219445e-01,  1.73290396e+00, -1.43203199e+00,  1.65120339e+00,
         6.57108307e-01,  5.50635874e-01,  1.51205435e-01, -1.15949976e+00,
         3.41645360e-01,  2.67938113e+00,  6.32183790e-01,  6.57774985e-01,
         1.25824404e+00,  2.19196224e+00, -3.16176802e-01,  2.38703561e+00,
         2.05348063e+00,  1.87548327e+00,  2.11313295e+00, -1.30325973e+00,
         7.35059857e-01,  3.83064365e+00,  1.25402403e+00, -1.34761643e+00,
         7.41547465e-01, -3.00615370e-01,  5.28324604e-01,  1.21787775e+00,
         3.47440743e+00,  2.40878105e+00, -4.05079037e-01,  1.03414869e+00,
         1.04414392e+00,  1.06487966e+00,  7.79833972e-01,  1.53646278e+00,
        -1.57110047e+00,  2.17542505e+00, -5.66556931e-01,  2.28877950e+00,
         3.04191804e+00,  1.42218494e+00, -1.23977676e-01,  2.21295428e+00,
         8.79341722e-01,  9.28798854e-01,  1.17587733e+00, -8.69338751e-01,
         2.45484933e-01,  1.69917345e-01,  3.72345734e+00,  9.48775589e-01,
         1.98851383e+00,  1.33463353e-01,  7.21684813e-01,  1.85329497e-01,
        -1.22746027e+00,  3.76712155e+00,  7.93271303e-01,  3.23584378e-01,
         1.06861699e+00,  2.29465747e+00,  6.53519535e+00,  2.17576697e-01,
         9.77834582e-01,  2.50481939e+00,  1.54060996e+00,  3.72827101e+00,
        -1.33106448e-02, -2.16257453e-01, -7.90598214e-01, -1.21455932e+00,
         2.65452218e+00, -4.44490939e-01,  5.42963862e-01,  1.00805104e+00,
        -8.84077311e-01, -8.49607736e-02,  1.34620953e+00,  2.94652629e+00,
         1.21229374e+00,  1.99518228e+00, -5.16653657e-01,  1.15076256e+00,
        -1.33706793e-01, -2.90218145e-01,  2.90573096e+00,  1.42360854e+00,
        -2.04344440e+00, -6.65619373e-01,  7.55281895e-02,  1.25597513e+00,
         1.87097645e+00, -1.34578419e+00,  1.13367796e+00,  1.77029920e+00,
         1.32791376e+00, -1.30141413e+00,  6.39320254e-01,  2.77329564e+00,
        -1.38614392e+00, -1.12118304e+00,  2.46482038e+00, -1.47832191e+00,
         4.34842974e-01,  8.33333492e-01,  1.07695949e+00, -3.94449592e-01,
         2.41282272e+00,  1.07451797e+00,  2.18077922e+00,  1.30421746e+00,
         3.33549976e+00,  2.22043586e+00,  3.54788852e+00, -1.18116713e+00,
         8.90663445e-01,  2.31006071e-01,  1.53243124e-01,  4.10980415e+00,
         8.61508608e-01, -1.52168226e+00,  3.80827594e+00,  9.62652981e-01,
        -2.71205544e+00,  4.72823948e-01,  5.02113737e-02,  1.77899647e+00,
        -5.68578064e-01,  2.74888277e+00,  9.22901332e-01, -1.05728292e+00,
        -1.92321825e+00, -1.11068332e+00, -1.45918155e+00, -4.09030735e-01,
         2.66895103e+00,  1.65578794e+00,  1.30173750e-03,  5.18525660e-01,
         1.92212939e+00, -4.11249220e-01, -2.33597231e+00,  4.43748325e-01,
         2.67739129e+00,  9.01599705e-01,  5.12117073e-02,  2.35376668e+00,
         8.19320619e-01,  8.02512109e-01,  1.86483479e+00,  2.03931856e+00,
         5.32096803e-01,  3.48660135e+00,  5.28137922e-01,  2.03350496e+00,
        -1.34501946e+00,  1.43431091e+00, -1.05220604e+00,  1.31622612e-01,
         4.45535517e+00,  1.51325393e+00,  3.89026690e+00, -1.06177747e+00,
         2.48443031e+00,  2.50700641e+00,  2.25731516e+00,  2.12044740e+00,
         1.63047120e-01, -4.21487629e-01,  1.76656866e+00,  1.63636339e+00,
         5.01263189e+00,  6.95038939e+00,  3.04033637e+00,  4.20924664e-01,
        -4.37962532e-01, -2.29574993e-01,  1.41545668e-01,  1.80817246e+00,
        -1.71240151e+00, -1.53336382e+00,  1.51111260e-01, -8.63937199e-01,
         2.20352507e+00,  5.23561716e-01,  4.88198698e-01,  2.87549347e-01,
         7.63647556e-01,  2.66908431e+00,  1.04589057e+00,  2.11965628e-02,
        -1.96958244e+00,  5.37992358e-01, -1.24547040e+00, -1.11424959e+00,
        -1.13994002e+00,  1.11735368e+00, -9.46177423e-01, -1.34385955e+00,
        -1.52877975e+00, -2.00389338e+00, -1.18737769e+00, -1.08811224e+00,
        -8.78922999e-01, -7.67118096e-01, -1.05726039e+00, -5.28568506e-01,
        -1.20840490e+00, -1.47940099e+00, -6.66943640e-02, -4.26284730e-01,
        -2.37003994e+00, -6.00790679e-01, -1.68287170e+00, -5.89638412e-01,
         1.84074506e-01,  3.52934092e-01, -1.12566091e-02, -2.59178430e-01,
        -1.48316765e+00, -4.56706196e-01,  3.57692987e-01, -1.30762517e+00,
        -1.20018220e+00, -1.19705033e+00, -8.61498952e-01, -1.57476306e+00,
        -1.22573996e+00, -6.75386667e-01, -9.06910956e-01, -1.16679716e+00,
        -9.82387125e-01, -1.05805719e+00,  1.68620110e+00, -4.43601966e-01,
         1.26259732e+00,  6.38242006e-01, -1.69154608e+00,  1.88455725e+00,
        -1.43059707e+00, -1.29388905e+00,  1.04934335e+00,  1.64320827e-01,
        -1.53835452e+00,  7.31927678e-02,  2.73681819e-01, -1.95417845e+00,
        -4.43674803e-01, -4.16089058e-01,  1.17768776e+00, -3.49757433e-01,
        -4.79608059e-01,  2.79235780e-01, -1.43986893e+00, -2.24379539e-01,
        -1.66197038e+00, -7.46396124e-01, -1.84660006e+00, -1.40411651e+00,
        -9.32879269e-01, -2.23389602e+00, -2.21057606e+00, -1.61131394e+00,
        -1.43567681e+00, -2.87255073e+00, -4.30697724e-02,  2.07960343e+00],
       device='cuda:0')
Clean RHS: tensor([[0.18889278]], device='cuda:0')
Split layers:
Nonlinear functions:
   BoundRelu(name=/66, inputs=[/input], perturbed=True)
   BoundRelu(name=/68, inputs=[/input-4], perturbed=True)
   BoundRelu(name=/71, inputs=[/input-12], perturbed=True)
   BoundRelu(name=/73, inputs=[/input-16], perturbed=True)
   BoundRelu(name=/76, inputs=[/input-24], perturbed=True)
   BoundRelu(name=/78, inputs=[/input-28], perturbed=True)
   BoundRelu(name=/80, inputs=[/input-32], perturbed=True)
   BoundRelu(name=/83, inputs=[/input-40], perturbed=True)
   BoundRelu(name=/85, inputs=[/input-44], perturbed=True)
   BoundRelu(name=/87, inputs=[/input-48], perturbed=True)
   BoundRelu(name=/90, inputs=[/input-56], perturbed=True)
   BoundRelu(name=/92, inputs=[/input-60], perturbed=True)
   BoundRelu(name=/94, inputs=[/input-64], perturbed=True)
   BoundRelu(name=/98, inputs=[/input-68], perturbed=True)
   BoundRelu(name=/101, inputs=[/input-72], perturbed=True)
   BoundRelu(name=/input-8/conv_1_relu, inputs=[/input-8/conv_1], perturbed=True)
   BoundRelu(name=/input-8/conv_3_relu, inputs=[/input-8/conv_3], perturbed=True)
   BoundRelu(name=/input-20/conv_1_relu, inputs=[/input-20/conv_1], perturbed=True)
   BoundRelu(name=/input-20/conv_3_relu, inputs=[/input-20/conv_3], perturbed=True)
   BoundRelu(name=/input-36/conv_1_relu, inputs=[/input-36/conv_1], perturbed=True)
   BoundRelu(name=/input-36/conv_3_relu, inputs=[/input-36/conv_3], perturbed=True)
   BoundRelu(name=/input-52/conv_1_relu, inputs=[/input-52/conv_1], perturbed=True)
   BoundRelu(name=/input-52/conv_3_relu, inputs=[/input-52/conv_3], perturbed=True)
   BoundRelu(name=/95/conv_1_relu, inputs=[/95/conv_1], perturbed=True)
   BoundRelu(name=/95/conv_3_relu, inputs=[/95/conv_3], perturbed=True)
Batched CROWN: node BoundConv(name=/input-4, inputs=[/66, /35, /36], perturbed=True), unstable size 56505
Batched CROWN: node BoundConv(name=/input-8/conv_1, inputs=[/68, /input-8/conv_1_w], perturbed=True), unstable size 136997
Batched CROWN: node BoundConv(name=/input-8/conv_3, inputs=[/input-8/add_1_2, /input-8/conv_3_w], perturbed=True), unstable size 20379
Batched CROWN: node BoundConv(name=/input-12, inputs=[/input-8/add_3_4, /37, /38], perturbed=True), unstable size 363624
Batched CROWN: node BoundConv(name=/input-16, inputs=[/71, /39, /40], perturbed=True), unstable size 1543801
Batched CROWN: node BoundConv(name=/input-20/conv_1, inputs=[/73, /input-20/conv_1_w], perturbed=True), unstable size 39377
Batched CROWN: node BoundConv(name=/input-20/conv_3, inputs=[/input-20/add_1_2, /input-20/conv_3_w], perturbed=True), unstable size 13993
Batched CROWN: node BoundConv(name=/input-24, inputs=[/input-20/add_3_4, /41, /42], perturbed=True), unstable size 436851
Batched CROWN: node BoundConv(name=/input-28, inputs=[/76, /43, /44], perturbed=True), unstable size 783437
Batched CROWN: node BoundConv(name=/input-32, inputs=[/78, /45, /46], perturbed=True), unstable size 160592
Batched CROWN: node BoundConv(name=/input-36/conv_1, inputs=[/80, /input-36/conv_1_w], perturbed=True), unstable size 32504
Batched CROWN: node BoundConv(name=/input-36/conv_3, inputs=[/input-36/add_1_2, /input-36/conv_3_w], perturbed=True), unstable size 19644
Batched CROWN: node BoundConv(name=/input-40, inputs=[/input-36/add_3_4, /47, /48], perturbed=True), unstable size 315325
Batched CROWN: node BoundConv(name=/input-44, inputs=[/83, /49, /50], perturbed=True), unstable size 308679
Batched CROWN: node BoundConv(name=/input-48, inputs=[/85, /51, /52], perturbed=True), unstable size 147705
Batched CROWN: node BoundConv(name=/input-52/conv_1, inputs=[/87, /input-52/conv_1_w], perturbed=True), unstable size 6414
Batched CROWN: node BoundConv(name=/input-52/conv_3, inputs=[/input-52/add_1_2, /input-52/conv_3_w], perturbed=True), unstable size 4984
Batched CROWN: node BoundConv(name=/input-56, inputs=[/input-52/add_3_4, /53, /54], perturbed=True), unstable size 93187
Batched CROWN: node BoundConv(name=/input-60, inputs=[/90, /55, /56], perturbed=True), unstable size 96697
Batched CROWN: node BoundConv(name=/input-64, inputs=[/92, /57, /58], perturbed=True), unstable size 96439
Batched CROWN: node BoundConv(name=/95/conv_1, inputs=[/94, /95/conv_1_w], perturbed=True), unstable size 39067
Batched CROWN: node BoundConv(name=/95/conv_3, inputs=[/95/add_1_2, /95/conv_3_w], perturbed=True), unstable size 20992
Batched CROWN: node BoundLinear(name=/input-68, inputs=[/96, /59, /60], perturbed=True), unstable size 4096
Batched CROWN: node BoundLinear(name=/input-72, inputs=[/99, /61, /62], perturbed=True), unstable size 4096
initial crown bounds: tensor([[-857128.18750000]], device='cuda:0')
Number of class (without rhs): 1 ; Worst class: (+ rhs) -857128.1875
Iteration 1
Adv attack time: 1.4725s
Batch size: 1
Current pickout batch: 1, total pickout batch: 1
Batched CROWN: node BoundConv(name=/input-4, inputs=[/66, /35, /36], perturbed=True), unstable size 56505
Batched CROWN: node BoundConv(name=/input-8/conv_1, inputs=[/68, /input-8/conv_1_w], perturbed=True), unstable size 136997
Batched CROWN: node BoundConv(name=/input-8/conv_3, inputs=[/input-8/add_1_2, /input-8/conv_3_w], perturbed=True), unstable size 20379
Batched CROWN: node BoundConv(name=/input-12, inputs=[/input-8/add_3_4, /37, /38], perturbed=True), unstable size 363624
Batched CROWN: node BoundConv(name=/input-16, inputs=[/71, /39, /40], perturbed=True), unstable size 1543801
Batched CROWN: node BoundConv(name=/input-20/conv_1, inputs=[/73, /input-20/conv_1_w], perturbed=True), unstable size 39376
Batched CROWN: node BoundConv(name=/input-20/conv_3, inputs=[/input-20/add_1_2, /input-20/conv_3_w], perturbed=True), unstable size 13994
Batched CROWN: node BoundConv(name=/input-24, inputs=[/input-20/add_3_4, /41, /42], perturbed=True), unstable size 436851
Batched CROWN: node BoundConv(name=/input-28, inputs=[/76, /43, /44], perturbed=True), unstable size 783437
Batched CROWN: node BoundConv(name=/input-32, inputs=[/78, /45, /46], perturbed=True), unstable size 160592
Batched CROWN: node BoundConv(name=/input-36/conv_1, inputs=[/80, /input-36/conv_1_w], perturbed=True), unstable size 32504
Batched CROWN: node BoundConv(name=/input-36/conv_3, inputs=[/input-36/add_1_2, /input-36/conv_3_w], perturbed=True), unstable size 19644
Batched CROWN: node BoundConv(name=/input-40, inputs=[/input-36/add_3_4, /47, /48], perturbed=True), unstable size 315325
Batched CROWN: node BoundConv(name=/input-44, inputs=[/83, /49, /50], perturbed=True), unstable size 308679
Batched CROWN: node BoundConv(name=/input-48, inputs=[/85, /51, /52], perturbed=True), unstable size 147705
Batched CROWN: node BoundConv(name=/input-52/conv_1, inputs=[/87, /input-52/conv_1_w], perturbed=True), unstable size 6414
Batched CROWN: node BoundConv(name=/input-52/conv_3, inputs=[/input-52/add_1_2, /input-52/conv_3_w], perturbed=True), unstable size 4984
Batched CROWN: node BoundConv(name=/input-56, inputs=[/input-52/add_3_4, /53, /54], perturbed=True), unstable size 93187
Batched CROWN: node BoundConv(name=/input-60, inputs=[/90, /55, /56], perturbed=True), unstable size 96697
Batched CROWN: node BoundConv(name=/input-64, inputs=[/92, /57, /58], perturbed=True), unstable size 96436
Batched CROWN: node BoundConv(name=/95/conv_1, inputs=[/94, /95/conv_1_w], perturbed=True), unstable size 39067
