----- SLURM_JOB_ID=4438107
SLURM_JOB_NODELIST=d1026
SLURM_JOB_GPUS=2
SLURM_GPUS=<unset>
SLURM_STEP_GPUS=<unset>
CUDA_VISIBLE_DEVICES=0
SLURM_NTASKS=1
SLURM_CPUS_PER_TASK=4
SHELL=/bin/bash
PATH=/shared/EL9/explorer/cuda/12.8.0/bin:/shared/EL9/explorer/code-server/4.91.1/code-server-4.91.1-linux-amd64/lib/vscode/bin/remote-cli:/home/z.dehghanipour/.conda/envs/ab-crown-v1/bin:/shared/EL9/explorer/anaconda3/2024.06/condabin:/usr/share/Modules/bin:/usr/local/bin:/usr/bin:/usr/local/sbin:/usr/sbin:/home/z.dehghanipour/.local/bin:/home/z.dehghanipour/bin:/home/z.dehghanipour/.local/bin:/home/z.dehghanipour/bin
========== ENV CHECK ==========
/home/z.dehghanipour/.conda/envs/ab-crown-v1/bin/python
Python 3.11.9
PYTHON: /home/z.dehghanipour/.conda/envs/ab-crown-v1/bin/python
torch: 2.3.1
torch.version.cuda: 12.1
cuda available: True
CUDA_VISIBLE_DEVICES: 0
device[0]: NVIDIA A100-SXM4-40GB
capability[0]: (8, 0)
matmul ok: 26030.677734375
Fri Feb 20 02:08:10 2026       
+-----------------------------------------------------------------------------------------+
| NVIDIA-SMI 570.86.15              Driver Version: 570.86.15      CUDA Version: 12.8     |
|-----------------------------------------+------------------------+----------------------+
| GPU  Name                 Persistence-M | Bus-Id          Disp.A | Volatile Uncorr. ECC |
| Fan  Temp   Perf          Pwr:Usage/Cap |           Memory-Usage | GPU-Util  Compute M. |
|                                         |                        |               MIG M. |
|=========================================+========================+======================|
|   0  NVIDIA A100-SXM4-40GB          On  |   00000000:81:00.0 Off |                    0 |
| N/A   40C    P0             62W /  400W |       1MiB /  40960MiB |      9%      Default |
|                                         |                        |             Disabled |
+-----------------------------------------+------------------------+----------------------+
|   1  NVIDIA A100-SXM4-40GB          On  |   00000000:C1:00.0 Off |                    0 |
| N/A   31C    P0             49W /  400W |       1MiB /  40960MiB |      0%      Default |
|                                         |                        |             Disabled |
+-----------------------------------------+------------------------+----------------------+
                                                                                         
+-----------------------------------------------------------------------------------------+
| Processes:                                                                              |
|  GPU   GI   CI              PID   Type   Process name                        GPU Memory |
|        ID   ID                                                               Usage      |
|=========================================================================================|
|  No running processes found                                                             |
+-----------------------------------------------------------------------------------------+
================================
========== QUICK GPU CHECK ==========
Fri Feb 20 02:08:11 2026       
+-----------------------------------------------------------------------------------------+
| NVIDIA-SMI 570.86.15              Driver Version: 570.86.15      CUDA Version: 12.8     |
|-----------------------------------------+------------------------+----------------------+
| GPU  Name                 Persistence-M | Bus-Id          Disp.A | Volatile Uncorr. ECC |
| Fan  Temp   Perf          Pwr:Usage/Cap |           Memory-Usage | GPU-Util  Compute M. |
|                                         |                        |               MIG M. |
|=========================================+========================+======================|
|   0  NVIDIA A100-SXM4-40GB          On  |   00000000:81:00.0 Off |                    0 |
| N/A   41C    P0             77W /  400W |       1MiB /  40960MiB |      0%      Default |
|                                         |                        |             Disabled |
+-----------------------------------------+------------------------+----------------------+
|   1  NVIDIA A100-SXM4-40GB          On  |   00000000:C1:00.0 Off |                    0 |
| N/A   31C    P0             55W /  400W |       1MiB /  40960MiB |      0%      Default |
|                                         |                        |             Disabled |
+-----------------------------------------+------------------------+----------------------+
                                                                                         
+-----------------------------------------------------------------------------------------+
| Processes:                                                                              |
|  GPU   GI   CI              PID   Type   Process name                        GPU Memory |
|        ID   ID                                                               Usage      |
|=========================================================================================|
|  No running processes found                                                             |
+-----------------------------------------------------------------------------------------+
=====================================
[rank 0/1] host=d1026 CUDA_VISIBLE_DEVICES=0
[rank 0] === Checking instance ID 751 ===
[rank 0] >>> ID 751 already done (results.csv / parts) — skipping
[rank 0] === Checking instance ID 752 ===
[rank 0] >>> ID 752 already done (results.csv / parts) — skipping
[rank 0] === Checking instance ID 753 ===
[rank 0] >>> ID 753 already done (results.csv / parts) — skipping
[rank 0] === Checking instance ID 754 ===
[rank 0] >>> ID 754 already done (results.csv / parts) — skipping
[rank 0] === Checking instance ID 755 ===
[rank 0] >>> ID 755 already done (results.csv / parts) — skipping
[rank 0] === Checking instance ID 756 ===
[rank 0] >>> ID 756 already done (results.csv / parts) — skipping
[rank 0] === Checking instance ID 757 ===
[rank 0] >>> ID 757 already done (results.csv / parts) — skipping
[rank 0] === Checking instance ID 758 ===
[rank 0] >>> ID 758 already done (results.csv / parts) — skipping
[rank 0] === Checking instance ID 759 ===
[rank 0] >>> ID 759 already done (results.csv / parts) — skipping
[rank 0] === Checking instance ID 760 ===
[rank 0] >>> ID 760 already done (results.csv / parts) — skipping
[rank 0] === Checking instance ID 761 ===
[rank 0] >>> ID 761 already done (results.csv / parts) — skipping
[rank 0] === Checking instance ID 762 ===
[rank 0] >>> ID 762 already done (results.csv / parts) — skipping
[rank 0] === Checking instance ID 763 ===
[rank 0] >>> ID 763 already done (results.csv / parts) — skipping
[rank 0] === Checking instance ID 764 ===
[rank 0] >>> ID 764 already done (results.csv / parts) — skipping
[rank 0] === Checking instance ID 765 ===
[rank 0] >>> ID 765 already done (results.csv / parts) — skipping
[rank 0] === Checking instance ID 766 ===
[rank 0] >>> ID 766 already done (results.csv / parts) — skipping
[rank 0] === Checking instance ID 767 ===
[rank 0] >>> ID 767 already done (results.csv / parts) — skipping
[rank 0] === Checking instance ID 768 ===
[rank 0] >>> ID 768 already done (results.csv / parts) — skipping
[rank 0] === Checking instance ID 769 ===
[rank 0] >>> ID 769 already done (results.csv / parts) — skipping
[rank 0] === Checking instance ID 770 ===
[rank 0] >>> ID 770 already done (results.csv / parts) — skipping
[rank 0] === Checking instance ID 771 ===
[rank 0] >>> ID 771 already done (results.csv / parts) — skipping
[rank 0] === Checking instance ID 772 ===
[rank 0] >>> ID 772 already done (results.csv / parts) — skipping
[rank 0] === Checking instance ID 773 ===
[rank 0] >>> ID 773 already done (results.csv / parts) — skipping
[rank 0] === Checking instance ID 774 ===
[rank 0] >>> ID 774 already done (results.csv / parts) — skipping
[rank 0] === Checking instance ID 775 ===
[rank 0] >>> ID 775 already done (results.csv / parts) — skipping
[rank 0] === Checking instance ID 776 ===
[rank 0] >>> ID 776 already done (results.csv / parts) — skipping
[rank 0] === Checking instance ID 777 ===
[rank 0] >>> ID 777 already done (results.csv / parts) — skipping
[rank 0] === Checking instance ID 778 ===
[rank 0] >>> Running ID=778 onnx=onnx/vgg16-7.onnx
Configurations:

general:
  device: cuda
  seed: 100
  conv_mode: patches
  deterministic: false
  double_fp: false
  loss_reduction_func: max
  sparse_alpha: true
  sparse_interm: true
  save_adv_example: false
  verify_onnxruntime_output: false
  eval_adv_example: false
  show_adv_example: false
  precompile_jit: false
  prepare_only: false
  complete_verifier: bab
  enable_incomplete_verification: false
  csv_name: instances.csv
  results_file: results/vggnet16_all_p_4/result_778.rank0.txt
  root_path: ../../vnncomp2023_benchmarks/benchmarks/vggnet16
  deterministic_opt: false
  graph_optimizer: 'Customized("custom_graph_optimizer", "maxpool_to_relu")'
  buffer_has_batchdim: false
  save_output: false
  output_file: out.pkl
  return_optimized_model: false
  output_additional_stats: true
  instance_id: 778
  dataset_output_dir: dataset
  min_stable_neurons_ratio_threshold: 0.0
model:
  name: null
  path: null
  onnx_path: /projects/air/dlverifier/vggnet16_all/onnx/vgg16-7.onnx
  onnx_path_prefix: ''
  cache_onnx_conversion: true
  debug_onnx: false
  onnx_quirks: null
  input_shape: null
  onnx_loader: default_onnx_and_vnnlib_loader
  onnx_optimization_flags: []
  onnx_vnnlib_joint_optimization_flags: none
  check_optimized: false
  flatten_final_output: false
  optimize_graph: null
  with_jacobian: false
data:
  start: 0
  end: 10000
  select_instance: null
  num_outputs: 1000
  mean: 0.0
  std: 1.0
  pkl_path: null
  dataset: null
  data_filter_path: null
  data_idx_file: null
specification:
  type: lp
  robustness_type: verified-acc
  norm: .inf
  epsilon: null
  epsilon_min: 0.0
  vnnlib_path: /projects/air/dlverifier/vggnet16_all/vnnlib/n02090721_Irish_wolfhound_global_k50176_eps_0.0003.vnnlib
  vnnlib_path_prefix: ''
  rhs_offset: null
solver:
  batch_size: 1
  auto_enlarge_batch_size: false
  min_batch_size_ratio: 0.1
  use_float64_in_last_iteration: false
  early_stop_patience: 10
  start_save_best: 0.5
  bound_prop_method: forward+backward
  init_bound_prop_method: same
  prune_after_crown: false
  optimize_disjuncts_separately: false
  crown:
    batch_size: 16
    max_crown_size: 1000000000
    relu_option: adaptive
  alpha-crown:
    alpha: true
    lr_alpha: 0.1
    iteration: 100
    share_alphas: false
    lr_decay: 0.98
    full_conv_alpha: true
    max_coeff_mul: .inf
    matmul_share_alphas: false
    disable_optimization: []
    max_time: 1.0
  invprop:
    apply_output_constraints_to: []
    tighten_input_bounds: false
    best_of_oc_and_no_oc: false
    directly_optimize: []
    oc_lr: 0.1
    share_gammas: false
  beta-crown:
    lr_alpha: 0.01
    lr_beta: 0.05
    lr_decay: 0.98
    optimizer: adam
    iteration: 10
    beta: true
    beta_warmup: true
    enable_opt_interm_bounds: false
    all_node_split_LP: false
  forward:
    refine: false
    dynamic: true
    max_dim: 100
    reset_threshold: 1.0
  intermediate_refinement:
    enabled: false
    batch_size: 10
    opt_coeffs: false
    opt_bias: false
    lr: 0.05
    layers: [-1]
    max_domains: 1000
  multi_class:
    label_batch_size: 32
    skip_with_refined_bound: true
  mip:
    unstable_neuron_threshold: 0
    parallel_solvers: null
    solver_threads: 1
    refine_neuron_timeout: 15
    refine_neuron_time_percentage: 0.8
    early_stop: true
    adv_warmup: true
    mip_solver: gurobi
    skip_unsafe: false
    topk_filter: 1.0
    sliding_window: -1
    extra_constraint: false
    refine_neuron_timeout_increasement: 0
    timeout_neuron_percentage: 0.3
    remaining_timeout_threshold: 1
    remove_unstable_neurons: true
    lp_solver: false
bab:
  initial_max_domains: 1
  backing_up_max_domain: null
  max_domains: .inf
  decision_thresh: 0
  timeout: 1200.0
  timeout_scale: 1
  max_iterations: -1
  override_timeout: null
  get_upper_bound: false
  pruning_in_iteration: true
  pruning_in_iteration_ratio: 0.2
  sort_targets: false
  batched_domain_list: true
  optimized_interm: ''
  interm_transfer: true
  recompute_interm: false
  sort_domain_interval: -1
  vanilla_crown: false
  tree_traversal: depth_first
  cut:
    enabled: false
    cuts_path: /tmp/abcrown_cuts
    implication: false
    bab_cut: false
    lp_cut: false
    method: null
    lr: 0.01
    lr_decay: 1.0
    iteration: 100
    bab_iteration: -1
    early_stop_patience: -1
    lr_beta: 0.02
    number_cuts: 50
    topk_cuts_in_filter: 1000
    batch_size_primal: 100
    max_num: 1000000000
    patches_cut: false
    cplex_cuts: false
    cplex_cuts_wait: 0
    cplex_cuts_revpickup: true
    cut_reference_bounds: true
    fix_intermediate_bounds: false
    _tmp_cuts: null
    fixed_cuts: false
    add_implied_cuts: false
    add_input_cuts: false
    biccos:
      enabled: false
      constraint_strengthening: true
      recursively_strengthening: false
      drop_ratio: 0.5
      verified_bonus: 0.3
      max_infer_iter: 20
      heuristic: neuron_influence_score
      save_biccos_cuts: false
      multi_tree_branching:
        enabled: false
        restore_best_tree: false
        keep_n_best_domains: 1
        k_splits: 1
        iterations: 1
  branching:
    method: sb
    candidates: 3
    reduceop: min
    enable_intermediate_bound_opt: false
    branching_input_and_activation: false
    branching_input_and_activation_order: [input, relu]
    branching_input_iterations: 30
    branching_relu_iterations: 50
    gnn_path: ''
    neural_heuristic:
      model_path: ''
    rl:
      experiment: general
      eval: false
      extras: []
      logging:
        color: true
        debug: true
        file: rl-experiment.log
      pnet:
        gH: 64
        tH: 64
        nheads: 64
        nlayers: 64
        useDynamicGraph: true
        bidirectional: false
        GAT: true
      training:
        gamma: 0.99
        lr: 0.001
        batchSize: 8
        loop: 8
        totalEpochs: 10
        updatePolicyFrequency: 10
        updateTargetFrequency: 10
        buffer: buffer.pkl
        preparedBuffer: 'False'
        TestingPreparedBuffer: false
        scriptTraining: false
        policynet: policy-checkpoint.pt
        targetnet: target-checkpoint.pt
        datasetShuffle: true
        targetedData: all
        splitRatio: 0.8
        maxInstances: -1
        trainingMode: full
        reward:
          norm: null
          bonus: 10.0
          penalty: -1.0
      egreedy:
        epsilon: 0.1
        epsilonDecay: 0.1
        minEpsilon: 0.1
        ePath: epsilon.pt
        enabled: true
      expert:
        useExpertUntilEpisode: 0.1
        enabled: true
        learnToImitateExpertEpochs: 10
    nonlinear_split:
      method: shortcut
      branching_point_method: uniform
      num_branches: 2
      filter: false
      filter_beta: false
      filter_clamp: false
      filter_batch_size: 10000
      filter_iterations: 25
      relu_only: false
      loose_tanh_threshold: null
      dynamic_bbps: false
      dynamic_options: [uniform, three_left, three_right]
      branching_point_node: ''
      branching_point_db: []
    input_split:
      enable_clip_domains: false
      split_hint: null
      reorder_bab: false
      enable: true
      enhanced_bound_prop_method: alpha-crown
      enhanced_branching_method: naive
      enhanced_bound_patience: 100000000.0
      attack_patience: 100000000.0
      adv_check: 0
      split_partitions: 2
      sb_margin_weight: 1.0
      sb_sum: false
      sb_primary_spec: null
      bf_backup_thresh: -1
      bf_rhs_offset: 0
      bf_iters: 1000000000.0
      bf_batch_size: 100000
      bf_zero_crossing_score: false
      touch_zero_score: 0
      ibp_enhancement: false
      catch_assertion: false
      compare_with_old_bounds: false
      update_rhs_with_attack: false
      sb_coeff_thresh: 0.001
      sort_index: null
      sort_descending: true
      show_progress: false
      presplit_domains: null
      skip_getting_worst_domain: false
  attack:
    enabled: false
    beam_candidates: 8
    beam_depth: 7
    max_dive_fix_ratio: 0.8
    min_local_free_ratio: 0.2
    mip_start_iteration: 5
    mip_timeout: 30.0
    adv_pool_threshold: null
    refined_mip_attacker: false
    refined_batch_size: null
attack:
  pgd_order: input_bab
  pgd_steps: 100
  pgd_restarts: 30
  pgd_batch_size: 100000000
  pgd_early_stop: true
  pgd_lr_decay: 0.99
  pgd_alpha: auto
  pgd_alpha_scale: false
  pgd_loss_mode: null
  pgd_restart_when_stuck: false
  enable_mip_attack: false
  adv_saver: default_adv_saver
  adv_verifier: default_adv_verifier
  early_stop_condition: default_early_stop_condition
  adv_example_finalizer: default_adv_example_finalizer
  pgd_loss: default_pgd_loss
  cex_path: ./test_cex.txt
  attack_mode: PGD
  attack_tolerance: 0.0
  attack_func: attack_with_general_specs
  gama_lambda: 10.0
  gama_decay: 0.9
  check_clean: true
  input_split:
    pgd_steps: 100
    pgd_restarts: 30
    pgd_alpha: auto
  input_split_enhanced:
    pgd_steps: 200
    pgd_restarts: 500000
    pgd_alpha: auto
  input_split_check_adv:
    enabled: auto
    pgd_steps: 5
    pgd_restarts: 5
    pgd_alpha: auto
    max_num_domains: 10
debug:
  sanity_check: Full+Graph
  view_model: false
  lp_test: null
  rescale_vnnlib_ptb: null
  test_optimized_bounds: false
  test_optimized_bounds_after_n_iterations: 0
  print_verbose_decisions: false

Experiments at Fri Feb 20 02:08:50 2026 on d1026
Internal results will be saved to results/vggnet16_all_p_4/result_778.rank0.txt.

[ZRL] %%%%%%%%%%%%%%%%%%%%%%%%%%%%%%%%%%% idx: 0, vnnlib ID: 0 %%%%%%%%%%%%%%%%%%%%%%%%%%%%%%%%%%%
Using onnx /projects/air/dlverifier/vggnet16_all/onnx/vgg16-7.onnx
Using vnnlib /projects/air/dlverifier/vggnet16_all/vnnlib/n02090721_Irish_wolfhound_global_k50176_eps_0.0003.vnnlib
Precompiled vnnlib file found at /projects/air/dlverifier/vggnet16_all/vnnlib/n02090721_Irish_wolfhound_global_k50176_eps_0.0003.vnnlib.compiled
Loading cached onnx model from /projects/air/dlverifier/vggnet16_all/onnx/vgg16-7.onnx.cached
Cannot read cached onnx file. Regenerating...
Loading onnx /projects/air/dlverifier/vggnet16_all/onnx/vgg16-7.onnx with quirks {}
Finished onnx model loading in 35.8087 seconds
Number of perturbed inputs: 150528
WARNING: prioritizing attack due to too many perturbed pixels on VGG
Setting arguments.Config["attack"]["pgd_order"] to "before"
Setting bound_prop_method to crown
Attack parameters: initialization=uniform, steps=100, restarts=30, alpha=7.500499486923218e-05, initialization=uniform, GAMA=False
Model output of first 5 examples:
 tensor([[ 1.04841626e+00,  2.06702948e+00,  1.09783721e+00,  1.12288201e+00,
          1.32237649e+00,  1.78087616e+00,  2.02228856e+00, -1.33932936e+00,
         -9.34227884e-01, -5.16535878e-01, -1.10908437e+00,  3.98890167e-01,
         -1.86851010e-01, -4.28034902e-01,  6.12776577e-01,  3.99405211e-01,
         -6.88385785e-01, -7.47176349e-01, -8.81155133e-02, -6.38609409e-01,
         -1.45150453e-01,  8.04878235e-01,  1.29130948e+00, -4.18406129e-02,
          5.27139425e-01, -1.40129519e+00, -2.91991606e-02, -7.69551635e-01,
         -1.72836423e+00,  6.30796134e-01, -1.19846606e+00,  8.31612587e-01,
         -9.04494464e-01, -2.44698510e-01, -3.72476667e-01, -8.30604136e-01,
          8.32296789e-01, -1.54462540e+00, -1.87428474e-01, -1.07655621e+00,
          9.79077280e-01, -1.29397106e+00, -1.74308062e+00, -1.25649440e+00,
         -5.64032674e-01, -1.05319524e+00,  1.38925374e+00, -8.50888073e-01,
         -8.57981205e-01,  2.63409257e-01,  1.57935929e+00, -2.08044982e+00,
         -1.60624072e-01,  1.42617181e-01, -1.00066388e+00,  9.73762646e-02,
         -1.13942766e+00, -1.49697948e+00,  6.67936921e-01,  2.43450195e-01,
          3.12171787e-01, -8.48199487e-01, -1.42098188e+00,  1.30401149e-01,
          8.15625548e-01,  8.57550144e-01, -7.91928589e-01,  1.73909873e-01,
         -1.30269384e+00, -1.15134585e+00,  2.96281695e-01,  2.64549524e-01,
         -3.43469083e-01,  3.86803269e-01,  1.65325120e-01,  6.03511810e-01,
          2.17951506e-01,  1.20489383e+00,  8.82493496e-01,  1.08442569e+00,
         -1.50570810e-01, -1.32069433e+00, -3.95295799e-01, -9.65249181e-01,
         -4.79075797e-02, -3.23501319e-01, -8.13810706e-01,  3.84021312e-01,
          2.24855557e-01,  1.52900100e-01, -2.40801215e-01, -1.61370683e+00,
          4.24468726e-01,  3.85346681e-01,  8.39882493e-01, -1.58088267e+00,
          9.90889013e-01,  1.21901751e-01,  4.78408873e-01,  1.02759504e+00,
          1.85437775e+00, -8.44623864e-01, -2.03725338e+00,  1.64002359e+00,
          4.05474380e-02, -1.37157083e+00, -4.43854928e-02,  1.08433914e+00,
         -7.90048540e-01, -6.76596403e-01,  2.04628348e-01,  2.93847299e+00,
          1.33996099e-01,  5.67879200e-01,  4.04879689e-01, -1.25103486e+00,
         -1.29150772e+00,  3.41551185e-01, -1.24708724e+00, -2.03626680e+00,
         -2.12764144e+00, -2.44092846e+00, -2.09984899e+00, -2.15008307e+00,
         -1.42314458e+00, -1.67757034e+00,  6.58292413e-01,  1.06489539e+00,
          1.14384890e+00,  1.91552961e+00,  1.23588824e+00,  7.70718575e-01,
          2.42401004e+00,  5.11511564e-01,  1.03597951e+00, -1.43982425e-01,
         -1.67312562e-01,  1.00781727e+00,  4.00927216e-01, -1.64655936e+00,
         -1.67302322e+00,  4.18755978e-01, -3.82861674e-01, -1.03638142e-01,
          1.69835508e-01,  4.38501358e-01, -9.24252868e-02,  1.33709037e+00,
          8.51669967e-01,  2.43681073e+00,  1.49818435e-01,  1.15314150e+00,
         -4.80549753e-01,  1.71431780e+00,  7.82583356e-01,  4.00974989e-01,
         -1.28886029e-01,  4.22330916e-01, -5.26456714e-01, -3.58639091e-01,
          7.96238855e-02,  4.40726995e-01,  1.15307498e+00,  1.27229616e-01,
         -5.25594771e-01, -7.44796276e-01, -8.90048146e-01, -9.10658121e-01,
          2.47757360e-02,  3.31844300e-01,  2.18917832e-01,  7.19394088e-02,
         -4.21575189e-01,  4.94391888e-01,  2.67710596e-01,  1.54672995e-01,
         -4.37967211e-01, -3.37538809e-01,  1.46655333e+00, -7.20633268e-01,
         -4.13566321e-01,  6.18215621e-01,  5.72065413e-01,  1.58946842e-01,
          6.68413758e-01,  2.93850392e-01,  7.60282993e-01,  1.23892784e+00,
          1.79418042e-01,  3.22540194e-01,  9.52509761e-01,  1.26236451e+00,
          6.94086850e-01,  6.18317604e-01,  4.51832503e-01,  1.17565620e+00,
          8.24497759e-01, -4.97575045e-01, -3.89265954e-01,  1.24394083e+00,
          5.99547982e-01,  4.21265662e-01,  6.87902451e-01,  2.19907856e+00,
          1.04659963e+00, -1.54591084e-01, -9.46084738e-01,  8.48017573e-01,
          7.10781395e-01,  8.09923232e-01, -1.37656200e+00,  3.03806782e-01,
          8.86848032e-01,  1.12304986e-01, -3.31060410e-01, -1.01086348e-01,
          6.71431363e-01,  2.01851934e-01,  7.40691349e-02,  8.16995263e-01,
          4.14990574e-01, -2.25701943e-01,  5.85538328e-01,  6.35855734e-01,
          7.61703730e-01,  1.54794827e-02,  1.38550028e-01, -1.82953700e-01,
         -5.84819674e-01,  1.59754622e+00, -7.11412206e-02,  5.76572597e-01,
         -3.02324176e-01,  1.09036854e-02,  2.65468135e-02,  8.40097129e-01,
         -3.09533238e-01,  1.95857555e-01, -3.43779564e-01,  1.50321960e-01,
         -2.27521986e-01, -4.11995202e-01,  5.85869372e-01, -6.90313935e-01,
         -5.79296172e-01,  1.07357538e+00, -5.62276661e-01, -3.27507965e-02,
          7.89481282e-01,  7.20355511e-01,  6.62498713e-01, -7.16749668e-01,
          1.85846016e-01,  4.06942159e-01,  1.47081137e+00, -7.33713865e-01,
         -5.13374627e-01,  1.18795764e+00,  1.21086466e+00,  1.60866928e+00,
          1.40116215e+00,  3.32886964e-01, -8.18780124e-01,  8.42941701e-01,
          2.11467624e-01,  1.37608588e+00,  3.78790557e-01,  1.44554138e-01,
         -1.50065005e+00,  1.22280824e+00,  1.93047059e+00,  8.80282760e-01,
          1.20015097e+00,  1.34700382e+00,  2.20987737e-01, -8.41701627e-02,
          4.01400685e-01,  1.31880844e+00,  7.22867027e-02,  1.76156175e+00,
          8.43605161e-01,  2.32194471e+00,  2.71703315e+00,  3.00831747e+00,
          2.83558226e+00,  1.54919708e+00,  5.06905735e-01,  1.34696674e+00,
         -3.55551928e-01, -1.28219783e-01, -5.10631740e-01,  2.36697972e-01,
          2.48533651e-01,  2.77225226e-01,  3.42863321e-01,  8.73809755e-02,
          2.60158467e+00, -1.04291588e-01, -5.34663737e-01, -9.82420519e-02,
         -1.99863458e+00,  3.91385555e-01, -1.34293985e+00, -1.04272747e+00,
         -1.18944776e+00, -2.17410374e+00, -8.51742625e-01, -5.33351541e-01,
          3.93786728e-01, -1.16877830e+00,  1.24519837e+00,  3.83961499e-01,
         -4.91794467e-01,  1.08729434e+00,  5.48384666e-01,  2.92870402e-01,
          8.84554237e-02, -5.25283813e-01,  1.54183698e+00,  7.34130502e-01,
          3.01174652e-02, -2.35572004e+00, -1.60914826e+00, -2.02347875e+00,
         -1.32123375e+00, -1.70693171e+00, -1.76612580e+00,  6.83341734e-03,
         -1.79345965e+00, -1.58196092e+00,  1.27147555e+00,  1.90809536e+00,
          2.71118498e+00,  8.01773310e-01, -4.54504788e-01, -2.54682332e-01,
         -1.64157915e+00,  1.22681844e+00,  5.49645185e-01, -1.79095495e+00,
         -7.14995503e-01,  1.47073388e-01, -4.11438346e-01, -1.03831136e+00,
          5.33989608e-01, -9.38632429e-01, -1.04771316e+00, -2.42222399e-01,
         -1.81428719e+00, -1.19797075e+00, -1.33277404e+00, -9.00407851e-01,
         -5.55333555e-01, -5.47250688e-01, -1.38589954e+00, -8.29122901e-01,
          7.19512582e-01,  1.84106380e-01,  4.91237700e-01,  7.69635856e-01,
          6.76950812e-01,  6.15933597e-01,  1.01987958e+00, -5.84591143e-02,
         -8.62446308e-01,  2.29518548e-01,  5.04971981e-01,  3.04453094e-02,
          4.59638804e-01, -4.50593114e-01,  4.86010164e-02, -6.20909572e-01,
          8.01815033e-01,  8.24344993e-01,  4.37255025e-01, -8.81389320e-01,
          3.97642702e-01,  2.38435835e-01,  6.33179009e-01, -4.68650073e-01,
          6.56517029e-01, -1.68257266e-01,  3.69544804e-01,  3.66162555e-03,
         -2.67624825e-01, -2.07889527e-01, -6.88671529e-01, -1.35016191e+00,
         -9.81783032e-01,  1.06632829e+00,  2.15414420e-01,  1.28481257e+00,
          5.57055585e-02, -1.24558878e+00,  5.30804515e-01,  1.42353094e+00,
         -1.16923344e+00, -7.67111033e-02, -9.76107359e-01,  4.41777945e-01,
         -1.07663774e+00, -1.45843792e+00,  1.64022982e-01, -7.67997086e-01,
         -5.89534879e-01,  6.72314823e-01, -1.39469647e+00, -6.32172048e-01,
         -1.58997023e+00,  1.91664267e+00, -1.32918227e+00,  1.76874912e+00,
          5.54747999e-01,  5.89504242e-01,  1.02466011e+00, -2.27278137e+00,
          1.40740478e+00,  1.11452651e+00,  1.52110624e+00,  1.73824036e+00,
         -1.10867880e-02,  1.07768528e-01, -5.11149943e-01, -1.59498918e+00,
         -6.89404249e-01,  5.29212892e-01,  2.27858186e-01, -9.85763371e-01,
         -6.36488676e-01, -2.75341958e-01, -1.16411519e+00, -4.37912256e-01,
         -3.52207392e-01,  1.35431945e+00,  1.50891972e+00,  7.14855492e-01,
         -7.50615537e-01,  2.45650560e-01,  1.46836913e+00,  5.54061159e-02,
         -5.67764044e-03,  1.50114250e+00, -3.02488476e-01,  2.21989346e+00,
         -1.55274856e+00, -4.24734503e-01,  2.85933137e+00, -4.63554859e-01,
         -1.76030487e-01,  1.20500520e-01, -1.38093042e+00, -6.14423491e-02,
          2.16950551e-01, -5.22946477e-01, -1.82890296e+00, -2.60300815e-01,
         -2.40734026e-01,  7.08655059e-01, -3.46421182e-01,  5.25474072e-01,
         -7.88560212e-01, -5.67533225e-02,  1.87900448e+00,  7.15582818e-03,
          7.62693644e-01,  1.80764747e+00, -1.44002008e+00, -2.61006784e+00,
          3.85600746e-01, -1.96035132e-01,  4.88402188e-01, -1.33931708e+00,
          3.27845663e-02,  1.86983377e-01, -5.67984581e-01,  1.11009789e+00,
         -1.38532782e+00, -8.36416960e-01,  1.02084987e-02, -1.30918384e+00,
          2.75290155e+00,  5.72420657e-01, -3.30075175e-01, -3.50017160e-01,
         -2.14953288e-01,  4.61244613e-01, -3.88132155e-01,  1.55814254e+00,
         -8.31475258e-01,  2.00047269e-01,  1.40770733e-01, -1.43300498e+00,
          1.09113157e-01, -7.22552359e-01,  1.43722028e-01, -7.54250824e-01,
          8.42961550e-01,  4.90809202e-01, -3.17792237e-01,  2.07362223e+00,
         -2.78901219e+00,  6.69061124e-01, -1.19025230e+00, -5.20393364e-02,
         -8.35775211e-03, -3.91590804e-01, -1.87840617e+00,  5.65754712e-01,
          1.07106698e+00, -3.09532571e+00, -5.25867462e-01, -1.53705442e+00,
         -5.57725906e-01, -5.46876788e-01, -8.55974197e-01, -4.20363277e-01,
         -1.76320744e+00,  1.46180674e-01, -8.23091626e-01, -7.02823639e-01,
         -9.30623412e-01, -1.00141060e+00, -1.04329658e+00, -4.72974211e-01,
         -5.50800323e-01, -2.80056834e-01, -7.50897765e-01,  4.92082775e-01,
         -8.68337333e-01,  1.01035750e+00,  1.68683755e+00,  4.69805807e-01,
         -1.07297146e+00,  4.07973714e-02,  1.94954562e+00, -2.40225005e+00,
         -1.47549450e+00, -6.97730422e-01,  3.06994796e-01,  2.89269328e+00,
         -1.06392950e-01, -2.09698939e+00,  9.95441318e-01, -4.85253930e-01,
         -1.38592815e+00,  7.43109174e-03, -2.80966848e-01, -2.55018425e+00,
          7.08571263e-03,  3.02224755e+00, -2.13346386e+00, -1.13677967e+00,
          1.16311526e+00,  9.36393142e-01,  6.03251636e-01, -8.51636469e-01,
          3.19944334e+00,  1.75723064e+00,  3.39062989e-01,  8.17548931e-02,
         -1.16471004e+00, -7.95847237e-01,  2.36208558e+00,  5.94763935e-01,
         -1.03791118e+00,  2.03666419e-01, -7.25238502e-01, -3.18259388e-01,
          6.86454296e-01, -1.79575658e+00,  3.30527872e-02, -8.53463709e-01,
          7.82638848e-01, -7.85489619e-01,  1.17524707e+00, -6.24635577e-01,
         -1.52390146e+00,  4.09631908e-01,  5.81755519e-01, -7.02004433e-01,
          3.28681141e-01, -9.20316160e-01, -2.68573070e+00, -6.78230941e-01,
          3.91243279e-01,  1.81456685e-01, -1.15457511e+00,  8.82711291e-01,
          1.13791239e+00, -1.57491073e-01,  2.95813620e-01,  3.77371216e+00,
         -4.42217469e-01,  4.38274950e-01, -1.30766809e+00, -8.64969373e-01,
          1.34236491e+00,  8.94526690e-02,  7.49941409e-01,  4.78882849e-01,
          1.31621563e+00,  4.75350171e-02,  1.46231651e+00, -2.31004381e+00,
          5.94180584e-01,  1.68168688e+00,  3.83145779e-01, -2.98140675e-01,
          1.48487842e+00, -7.57960081e-01,  1.84373808e+00,  6.53121114e-01,
         -1.54382300e+00, -3.14526230e-01, -2.81331539e-01,  9.70178843e-01,
          1.13533056e+00,  3.43515813e-01,  1.32070327e+00,  2.62677836e+00,
          2.30786824e+00,  5.22880018e-01,  6.57614470e-01,  1.39442980e+00,
         -1.40541685e+00, -1.07891834e+00,  1.34710312e+00, -4.29136246e-01,
         -1.36749268e+00,  5.15277803e-01, -5.84046304e-01,  1.32766992e-01,
          2.54015183e+00, -2.67650276e-01, -2.74039006e+00, -6.48670793e-01,
          2.08544779e+00,  2.97090441e-01,  2.24555060e-02, -1.30440786e-01,
         -9.21662033e-01, -4.53841418e-01, -1.50388706e+00,  1.78592280e-03,
          1.32890451e+00, -2.42185545e+00,  1.55281976e-01,  7.45318770e-01,
          3.71039689e-01, -6.81816041e-01,  1.34435177e+00,  2.22543287e+00,
         -4.86287713e-01, -6.18137002e-01, -5.54649234e-01,  8.29997897e-01,
         -8.10872555e-01,  1.70605171e+00, -2.50777841e-01,  3.14876646e-01,
         -3.54706585e-01, -2.42215872e+00,  7.54794359e-01, -1.40446579e+00,
          2.61598992e+00, -1.50631678e+00, -1.18655205e+00, -3.56235266e-01,
         -5.25972009e-01,  2.47226954e+00, -1.33334112e+00, -1.36612618e+00,
          6.26171291e-01,  8.89700949e-01,  6.20564483e-02, -9.28200483e-01,
         -6.78319275e-01,  5.24208486e-01,  1.37414813e-01, -1.09349203e+00,
          1.29369044e+00,  1.47101367e+00, -3.79718021e-02,  2.85918087e-01,
         -3.77980292e-01,  2.87253439e-01, -1.17059124e+00, -2.85190368e+00,
          1.80322111e+00, -6.05828524e-01, -3.66633105e+00, -1.32588789e-01,
          1.53144526e+00,  9.48167980e-01, -6.29361749e-01,  6.06424391e-01,
          1.15528023e+00, -2.25137427e-01, -1.28718519e+00, -4.27497447e-01,
          1.79428363e+00,  1.56320107e+00,  1.72906831e-01, -6.74252272e-01,
          1.14254224e+00, -1.71023881e+00, -1.43833923e+00,  5.88367879e-01,
         -5.05832970e-01,  1.46473765e+00, -3.49838763e-01,  8.87373030e-01,
          1.25048316e+00,  1.80366248e-01,  2.39207581e-01, -7.21500874e-01,
         -3.21448565e-01, -1.73615789e+00,  3.36573333e-01, -2.03148723e-01,
         -7.06064887e-03,  1.92746270e+00,  1.83949077e+00, -1.59359872e-01,
         -1.42888939e+00,  1.11630177e+00, -1.46335816e+00,  8.55573773e-01,
          1.82782638e+00, -1.63358438e+00, -1.89241648e+00,  1.31034327e+00,
         -1.53194860e-01,  1.04757798e+00, -1.41244173e+00,  2.59592474e-01,
          3.37670624e-01,  7.07880676e-01, -4.44732279e-01, -2.47290874e+00,
         -9.42436278e-01,  2.57812524e+00, -7.23102450e-01, -6.26467705e-01,
          1.63321269e+00,  2.77062297e-01, -4.67318296e-02,  1.00447488e+00,
          1.06214333e+00,  1.30927467e+00,  1.17091584e+00, -6.50851369e-01,
          1.52833283e+00,  1.72929990e+00,  6.86531216e-02, -1.10813594e+00,
          1.71117522e-02, -1.21571088e+00, -5.14708638e-01, -1.17759153e-01,
          9.94503796e-01,  1.54129088e+00, -2.47067690e+00,  1.09869206e+00,
          1.10898972e+00, -9.61047292e-01, -8.69057655e-01,  9.61420000e-01,
         -1.20284474e+00,  1.38544106e+00, -1.05966389e+00,  7.13298142e-01,
          1.23635077e+00,  1.06939459e+00, -9.24543500e-01,  1.00538313e-01,
          5.79850435e-01,  5.51445901e-01,  1.81172386e-01, -7.66403615e-01,
         -5.63002110e-01,  4.59514290e-01,  2.81899023e+00,  6.64983928e-01,
          1.70195568e+00,  3.87714505e-01, -1.72605538e+00, -2.02688873e-01,
         -1.63234341e+00,  1.47802341e+00, -2.00984746e-01,  5.30160546e-01,
          1.21125722e+00,  8.75342488e-01,  3.61300325e+00,  2.14021862e-01,
          7.80163527e-01,  1.48970759e+00,  6.12404704e-01,  2.07825994e+00,
         -6.13948345e-01,  5.25730811e-02, -2.45627418e-01,  3.69700074e-01,
          4.37349260e-01,  1.47272617e-01, -2.14829534e-01, -4.26680565e-01,
         -1.40270638e+00, -2.70480871e-01,  3.43917787e-01,  6.44929826e-01,
          1.04456377e+00,  5.39657950e-01,  1.44628197e-01,  9.14965987e-01,
          4.92621154e-01, -1.34628999e+00,  1.70891762e+00,  1.02090526e+00,
         -1.31511986e+00, -1.56319559e+00, -1.29017556e+00, -1.03639448e+00,
          3.62201452e-01, -1.14990377e+00,  3.46798211e-01, -2.76596874e-01,
          1.37380004e+00, -1.42272305e+00, -9.71728384e-01,  6.64395690e-01,
         -9.16896522e-01, -1.17274821e-01,  6.67325675e-01, -2.06561899e+00,
         -6.06588125e-01,  6.29915670e-02,  5.13806902e-02, -2.28989452e-01,
          1.22160184e+00,  2.73767114e-01,  1.09542596e+00,  3.75983506e-01,
          2.34306359e+00,  1.89809275e+00,  1.06277537e+00, -1.17925489e+00,
         -8.40982199e-02, -6.62880301e-01,  1.40607283e-01,  3.47466850e+00,
          2.10112500e+00, -1.34189701e+00,  1.13812113e+00,  1.10648227e+00,
         -3.63545561e+00, -1.20997000e+00, -1.04253685e+00, -5.73133767e-01,
         -1.73959637e+00,  1.98713392e-01, -6.03435159e-01, -9.46853459e-01,
         -1.99606812e+00, -2.63290882e+00, -9.90055561e-01, -5.99220932e-01,
          2.21691465e+00, -5.90447299e-02, -5.72024167e-01,  2.33345091e-01,
          5.83248913e-01, -5.18829823e-01, -2.14904881e+00,  3.90974656e-02,
          5.62728226e-01,  2.39013582e-01, -1.72165716e+00,  2.29543471e+00,
          6.98514283e-03, -1.06996429e+00,  2.84058630e-01,  9.31049943e-01,
         -5.50327241e-01,  3.28833985e+00,  2.79638529e-01, -1.55958042e-01,
         -1.28267616e-01, -1.85274661e-01, -1.32364047e+00, -1.54350412e+00,
          2.83442044e+00,  1.18707681e+00,  1.26440406e+00, -6.97093964e-01,
          3.75954181e-01,  6.14008307e-01,  1.60837173e+00,  1.08660482e-01,
         -3.09056699e-01, -9.66506660e-01,  5.50431311e-01,  1.12896597e+00,
          6.63082409e+00,  4.18809175e+00,  6.50262654e-01, -3.16665113e-01,
          8.74588251e-01, -4.74742919e-01, -1.74215347e-01,  2.66379261e+00,
         -1.93805420e+00, -7.29469001e-01, -4.29369926e-01, -8.85204375e-01,
          9.66211677e-01, -5.79840720e-01, -2.95080602e-01,  8.03693354e-01,
          7.17203021e-01,  2.40803170e+00, -4.41462517e-01, -1.88410866e+00,
         -2.34742022e+00,  3.05526070e-02, -2.22861052e+00, -2.11232924e+00,
         -1.78212380e+00,  6.99273527e-01, -1.56846523e+00, -1.11022985e+00,
         -1.33467090e+00, -2.23262978e+00, -1.93704355e+00, -1.44952929e+00,
         -1.30301404e+00, -9.64474320e-01, -1.17588055e+00, -2.48749897e-01,
         -1.39149308e+00, -1.34120476e+00, -6.44618034e-01, -7.32957646e-02,
         -2.79017329e+00,  1.01956554e-01, -2.44572568e+00, -9.02442455e-01,
          1.83908808e+00,  4.50429261e-01,  3.91124159e-01,  6.84253156e-01,
         -1.00123775e+00, -1.73094615e-01,  1.60719156e-01, -9.10165548e-01,
         -1.20803332e+00, -5.03071845e-01, -4.37042087e-01, -2.63745856e+00,
         -2.74437475e+00, -4.95257080e-01, -2.43530560e+00, -1.97620308e+00,
         -1.99989450e+00, -1.69417608e+00,  4.94258821e-01, -1.08773506e+00,
          4.77776855e-01, -6.01479650e-01, -1.50586271e+00,  2.47382188e+00,
         -7.87939250e-01,  7.37080202e-02,  2.20494056e+00,  1.88721752e+00,
         -1.02795351e+00,  1.17253864e+00,  2.96779312e-02, -1.23573303e+00,
          8.85840774e-01,  6.69486046e-01, -3.14771891e-01,  6.96070269e-02,
          1.39914244e-01,  6.09132797e-02, -8.50316226e-01,  6.49076998e-02,
         -7.14467883e-01,  4.22704667e-02, -1.33177245e+00, -1.64320648e+00,
         -1.14763331e+00, -2.93333983e+00, -2.78259563e+00, -1.75456023e+00,
         -1.88460636e+00, -2.05292487e+00,  1.23471834e-01,  1.47609639e+00]],
       device='cuda:0')
Adv example prediction (first 2 examples and 2 restarts):
 tensor([[[ 9.60566759e-01,  2.06319427e+00,  1.02790463e+00,  1.07790852e+00,
           1.28479970e+00,  1.55918407e+00,  1.85252690e+00, -1.43534541e+00,
          -1.09709215e+00, -5.23536086e-01, -1.06499481e+00,  4.64122981e-01,
          -1.69312686e-01, -4.00803566e-01,  7.26232827e-01,  4.32202816e-01,
          -6.13241315e-01, -7.36223102e-01,  2.47565247e-02, -5.85630596e-01,
          -8.32678005e-02,  8.08727741e-01,  1.30255640e+00, -5.00650182e-02,
           5.39285243e-01, -1.27794111e+00,  4.56150994e-02, -6.99089766e-01,
          -1.61628246e+00,  5.53368866e-01, -1.10809290e+00,  9.02873993e-01,
          -8.29415619e-01, -2.89223611e-01, -3.29578906e-01, -7.29416311e-01,
           9.11232531e-01, -1.49737668e+00, -2.01159894e-01, -1.05848897e+00,
           1.02350569e+00, -1.29590142e+00, -1.70639122e+00, -1.24066651e+00,
          -5.17127156e-01, -1.01393461e+00,  1.41478884e+00, -8.07446361e-01,
          -9.21407461e-01,  4.00321603e-01,  1.69236827e+00, -2.12966180e+00,
          -1.59790143e-01,  2.34427154e-01, -9.56417441e-01,  1.19064130e-01,
          -1.07185912e+00, -1.38668466e+00,  7.63110042e-01,  3.18750679e-01,
           3.43370467e-01, -8.41103435e-01, -1.37650323e+00,  8.69596899e-02,
           8.17875326e-01,  8.91417623e-01, -8.55445087e-01,  1.98278114e-01,
          -1.30526614e+00, -1.17786336e+00,  2.93505460e-01,  3.45955163e-01,
          -1.89695954e-01,  4.81271267e-01,  2.60137707e-01,  6.48651004e-01,
           2.37528041e-01,  1.25667572e+00,  8.06393027e-01,  1.11216390e+00,
          -1.01730667e-01, -1.39955962e+00, -4.34947968e-01, -1.04337037e+00,
          -8.78790766e-02, -3.16266596e-01, -8.63886595e-01,  3.49413425e-01,
           2.63532490e-01,  4.16231342e-02, -2.06154659e-01, -1.50694418e+00,
           5.17379940e-01,  4.54417437e-01,  8.51293206e-01, -1.46120584e+00,
           1.03044021e+00,  1.27500325e-01,  5.78186750e-01,  9.71706450e-01,
           1.92943549e+00, -8.20031643e-01, -2.09902787e+00,  1.68356085e+00,
          -1.44330323e-01, -1.44834816e+00, -2.69480944e-01,  1.01635623e+00,
          -8.17334414e-01, -7.11579025e-01,  1.17219232e-01,  2.99298024e+00,
          -1.30418902e-02,  5.35495758e-01,  3.66657734e-01, -1.30606520e+00,
          -1.30884981e+00,  2.42944241e-01, -1.16692245e+00, -1.95183313e+00,
          -2.03257012e+00, -2.31774926e+00, -2.01473427e+00, -2.11949587e+00,
          -1.39337480e+00, -1.69810176e+00,  5.88012874e-01,  1.06802392e+00,
           1.25714982e+00,  1.92251313e+00,  1.24847603e+00,  8.53706777e-01,
           2.45144582e+00,  5.61226130e-01,  1.08357167e+00, -5.02446666e-03,
          -8.08124840e-02,  1.09083748e+00,  3.51496190e-01, -1.54071784e+00,
          -1.62932813e+00,  5.28602540e-01, -2.85149634e-01, -1.98124032e-02,
           2.62976825e-01,  4.13377881e-01, -8.71115848e-02,  1.46873939e+00,
           9.37594354e-01,  2.24623346e+00,  4.39570844e-02,  8.63902450e-01,
          -6.27064824e-01,  1.46143579e+00,  5.33016980e-01,  2.40337297e-01,
          -2.82896727e-01,  2.38504037e-01, -6.89114451e-01, -4.57235336e-01,
          -1.10532828e-01,  3.12318116e-01,  9.82041001e-01, -2.19976697e-02,
          -5.55205226e-01, -7.44715810e-01, -9.63615179e-01, -1.00975657e+00,
          -9.64585766e-02,  1.81249976e-01,  6.38624281e-02, -5.68019748e-02,
          -5.35395980e-01,  3.18530709e-01,  9.22349617e-02,  1.22099258e-02,
          -5.95774829e-01, -3.48399580e-01,  1.34079921e+00, -8.88009369e-01,
          -6.04552507e-01,  4.47598398e-01,  3.63997996e-01,  7.26328120e-02,
           4.97743428e-01,  6.92919865e-02,  4.80971575e-01,  1.06067526e+00,
          -3.44330035e-02,  9.74090919e-02,  6.65694714e-01,  1.09875619e+00,
           4.42538530e-01,  3.87266099e-01,  1.95532560e-01,  1.07760417e+00,
           6.15678430e-01, -5.83161354e-01, -5.43209136e-01,  1.00353801e+00,
           4.38499272e-01,  2.01792911e-01,  4.13911551e-01,  1.95670426e+00,
           8.31523776e-01, -1.66360855e-01, -9.22614634e-01,  5.85474253e-01,
           4.85646933e-01,  6.44472420e-01, -1.43646634e+00,  1.81463763e-01,
           7.18131363e-01,  3.06009874e-03, -3.78255129e-01, -2.54587829e-01,
           4.21696484e-01,  1.20009594e-01, -8.14202949e-02,  5.67355990e-01,
           2.53293991e-01, -2.08940774e-01,  3.87511104e-01,  5.37631512e-01,
           7.12527812e-01, -1.69988066e-01, -4.43150215e-02, -3.62858802e-01,
          -7.30577409e-01,  1.43620861e+00, -2.46324271e-01,  3.94090742e-01,
          -3.37678850e-01, -1.01196229e-01, -2.91703567e-02,  6.53114319e-01,
          -3.85178089e-01,  7.89281949e-02, -4.47078049e-01,  9.53630060e-02,
          -2.57078767e-01, -4.22320515e-01,  4.50778574e-01, -8.73855054e-01,
          -6.69333816e-01,  8.41261446e-01, -7.27077425e-01, -1.76592797e-01,
           5.80674529e-01,  5.77386260e-01,  4.52080518e-01, -7.83625305e-01,
           1.17442563e-01,  2.44616091e-01,  1.27424872e+00, -8.66310596e-01,
          -5.45194447e-01,  9.65290189e-01,  9.66608882e-01,  1.33608472e+00,
           1.10785758e+00,  1.67543113e-01, -9.75319684e-01,  5.85820496e-01,
           5.62002435e-02,  1.16083109e+00,  1.86782733e-01,  3.64419073e-02,
          -1.65596616e+00,  1.07220602e+00,  1.67393410e+00,  7.28557587e-01,
           1.05740559e+00,  1.15881050e+00,  6.66447729e-02, -1.51765257e-01,
           2.38939583e-01,  1.15781045e+00, -6.09270856e-02,  1.54344785e+00,
           6.77764654e-01,  2.06608891e+00,  2.44647622e+00,  2.69825888e+00,
           2.53044558e+00,  1.27258813e+00,  2.61441678e-01,  1.07005811e+00,
          -4.13144946e-01, -2.23753512e-01, -5.86096048e-01,  7.44408295e-02,
           1.35892451e-01,  1.79723978e-01,  2.30395332e-01,  6.74086809e-02,
           2.37198901e+00, -9.95682776e-02, -6.64719701e-01, -2.33053505e-01,
          -1.93185914e+00,  4.62324530e-01, -1.22835183e+00, -9.13154423e-01,
          -1.08936083e+00, -2.10868692e+00, -8.05139005e-01, -4.07949150e-01,
           4.37596172e-01, -1.10554433e+00,  1.27273071e+00,  5.05865514e-01,
          -4.20588315e-01,  1.15817249e+00,  5.37478030e-01,  3.65730703e-01,
           1.00405797e-01, -4.58472162e-01,  1.52190530e+00,  8.67098927e-01,
           2.11526215e-01, -2.28195095e+00, -1.59477401e+00, -1.90591061e+00,
          -1.33362937e+00, -1.72008610e+00, -1.66781926e+00, -2.17983890e-02,
          -1.78633559e+00, -1.58738410e+00,  1.02516484e+00,  1.72881436e+00,
           2.38632655e+00,  5.58588088e-01, -5.60571432e-01, -3.93447191e-01,
          -1.71265960e+00,  1.23270977e+00,  3.28260362e-01, -1.83727932e+00,
          -7.07644522e-01, -5.92535920e-02, -4.82815295e-01, -1.07408381e+00,
           5.13226509e-01, -9.83433366e-01, -1.01089442e+00, -2.41315320e-01,
          -1.88385558e+00, -1.21930242e+00, -1.38293469e+00, -9.16483343e-01,
          -5.86346507e-01, -6.26465976e-01, -1.45857322e+00, -9.83274996e-01,
           5.15987396e-01,  6.68666661e-02,  3.28270048e-01,  5.43441951e-01,
           6.15175605e-01,  5.99057734e-01,  9.07654822e-01, -1.67451620e-01,
          -9.41018820e-01,  1.50872603e-01,  4.92277116e-01,  2.20240671e-02,
           3.76823694e-01, -4.33250517e-01, -8.65778141e-03, -7.70255387e-01,
           6.74810112e-01,  6.78386331e-01,  3.89232785e-01, -8.66595924e-01,
           3.12730193e-01,  1.33888096e-01,  5.38259506e-01, -4.95216042e-01,
           5.51290333e-01, -1.98126078e-01,  2.89627403e-01, -8.51214677e-03,
          -2.88491100e-01, -2.48382732e-01, -6.89734221e-01, -1.40585899e+00,
          -1.04075491e+00,  1.07469594e+00,  2.24298820e-01,  1.25909758e+00,
           4.04616557e-02, -1.19861126e+00,  5.24590194e-01,  1.46483243e+00,
          -1.13509572e+00, -1.98017344e-01, -8.84648621e-01,  4.87606466e-01,
          -1.00347769e+00, -1.35496116e+00,  2.01327950e-01, -6.40858293e-01,
          -4.59681958e-01,  7.46381581e-01, -1.26122189e+00, -5.52993774e-01,
          -1.50972605e+00,  1.98278153e+00, -1.26780605e+00,  1.67462313e+00,
           4.90504831e-01,  6.91572130e-01,  1.01559305e+00, -2.22334480e+00,
           1.42424941e+00,  1.15419626e+00,  1.64294147e+00,  1.62259424e+00,
           1.53171755e-02,  1.91123933e-01, -4.35381532e-01, -1.47553086e+00,
          -6.24895334e-01,  6.01541519e-01,  2.77140766e-01, -9.51599717e-01,
          -5.90955138e-01, -2.72617906e-01, -1.16282034e+00, -4.93856281e-01,
          -2.36268193e-01,  1.27205467e+00,  1.43374670e+00,  7.37142503e-01,
          -7.00938821e-01,  3.69993567e-01,  1.53927445e+00,  7.82341957e-02,
           6.12874925e-02,  1.52696574e+00, -2.28231952e-01,  2.08732033e+00,
          -1.45420051e+00, -4.13935304e-01,  2.89216495e+00, -3.63164216e-01,
          -1.10298894e-01,  3.33591968e-01, -1.31563866e+00, -3.48466374e-02,
           1.24765500e-01, -4.22622859e-01, -1.73196876e+00, -2.65050709e-01,
          -1.70572773e-01,  6.53847277e-01, -3.34597945e-01,  4.68907654e-01,
          -7.00736344e-01, -1.34002268e-01,  1.85598147e+00, -4.00637537e-02,
           7.76632130e-01,  1.71125627e+00, -1.35654306e+00, -2.60248327e+00,
           4.22614038e-01, -2.01655477e-01,  5.66123009e-01, -1.21373475e+00,
           1.59211889e-01,  2.85567075e-01, -6.15818381e-01,  1.16269052e+00,
          -1.30568433e+00, -7.21315324e-01, -3.72231193e-02, -1.23417687e+00,
           2.75337887e+00,  6.32364631e-01, -2.75769442e-01, -1.97649986e-01,
          -1.70973256e-01,  5.14425695e-01, -2.57283807e-01,  1.56735647e+00,
          -6.95982337e-01,  1.82828441e-01,  1.37879446e-01, -1.37129986e+00,
           1.28687382e-01, -6.14356399e-01,  2.68745214e-01, -5.87534189e-01,
           6.75636292e-01,  5.77197850e-01, -2.28041723e-01,  2.10759163e+00,
          -2.68456340e+00,  6.88188553e-01, -1.21456683e+00,  3.26869674e-02,
           3.70294861e-02, -3.05515379e-01, -1.80748749e+00,  6.59687579e-01,
           1.04821813e+00, -2.95360470e+00, -3.90737295e-01, -1.42033672e+00,
          -4.00677830e-01, -4.60731983e-01, -8.98289800e-01, -5.10292530e-01,
          -1.75464690e+00,  3.01974505e-01, -7.11352229e-01, -7.17848778e-01,
          -9.00728106e-01, -9.16499555e-01, -9.94070709e-01, -4.11390185e-01,
          -6.11164331e-01, -2.19418690e-01, -6.17286921e-01,  5.90308309e-01,
          -7.72661030e-01,  8.96910429e-01,  1.78773820e+00,  4.89553511e-01,
          -9.41198409e-01,  3.39556970e-02,  1.95557344e+00, -2.33088517e+00,
          -1.29672778e+00, -6.94820642e-01,  3.49169433e-01,  2.73889732e+00,
           5.60843423e-02, -2.05456877e+00,  1.03816569e+00, -4.94615793e-01,
          -1.30128026e+00, -1.00657623e-02, -2.31679052e-01, -2.47859001e+00,
           1.01271212e-01,  2.99714446e+00, -1.99123180e+00, -1.12001157e+00,
           1.06623828e+00,  1.01367342e+00,  6.51412845e-01, -7.65453935e-01,
           3.21127510e+00,  1.82085562e+00,  4.57176805e-01,  1.40402585e-01,
          -1.09993780e+00, -6.62301183e-01,  2.45019150e+00,  6.90064251e-01,
          -9.86670732e-01,  3.16377372e-01, -6.75686359e-01, -2.99797416e-01,
           5.51185250e-01, -1.73473155e+00,  4.79495451e-02, -7.69207299e-01,
           8.21845353e-01, -7.11481690e-01,  1.17689335e+00, -5.13158739e-01,
          -1.34531379e+00,  3.93121630e-01,  5.51283002e-01, -5.40197432e-01,
           4.33521003e-01, -8.36852133e-01, -2.59168530e+00, -5.80109060e-01,
           4.61210907e-01,  2.38428101e-01, -1.08190024e+00,  9.65636969e-01,
           1.04771745e+00, -1.36272162e-01,  3.48373383e-01,  3.73624945e+00,
          -3.43624175e-01,  5.15128970e-01, -1.21590292e+00, -8.02107096e-01,
           1.33513176e+00,  6.29692078e-02,  8.85546148e-01,  5.23430228e-01,
           1.36806667e+00, -2.75700968e-02,  1.42771006e+00, -2.25728416e+00,
           6.94258749e-01,  1.73695552e+00,  4.24273431e-01, -2.25907817e-01,
           1.42355752e+00, -6.76690102e-01,  1.73721027e+00,  6.71138644e-01,
          -1.42201972e+00, -2.65958995e-01, -2.75002152e-01,  9.23963904e-01,
           1.15479302e+00,  3.06302875e-01,  1.36387241e+00,  2.68464708e+00,
           2.28575826e+00,  5.41781187e-01,  6.92775369e-01,  1.48729265e+00,
          -1.28774571e+00, -9.82284606e-01,  1.40018308e+00, -3.60646248e-01,
          -1.26961482e+00,  5.71178019e-01, -6.08498573e-01,  1.44626141e-01,
           2.58108091e+00, -2.12111294e-01, -2.65994668e+00, -5.89261949e-01,
           2.00281858e+00,  3.38182896e-01, -1.50209293e-02, -1.56017333e-01,
          -9.70213771e-01, -4.29679513e-01, -1.38400471e+00, -7.24314600e-02,
           1.44276381e+00, -2.28651834e+00,  1.98101297e-01,  7.67907739e-01,
           5.26820719e-01, -6.77698314e-01,  1.40059471e+00,  2.24357462e+00,
          -4.70321953e-01, -6.03998601e-01, -5.09256423e-01,  8.05700362e-01,
          -7.29125261e-01,  1.75137913e+00, -3.51675034e-01,  3.46668303e-01,
          -2.29673564e-01, -2.30853081e+00,  7.70695806e-01, -1.30500114e+00,
           2.69692278e+00, -1.35715961e+00, -1.13765144e+00, -3.94274592e-01,
          -4.28153783e-01,  2.39277363e+00, -1.23086536e+00, -1.23703825e+00,
           6.37700260e-01,  8.75332415e-01, -2.01589055e-02, -8.64519715e-01,
          -8.26932251e-01,  5.75247467e-01,  7.12719262e-02, -1.06570411e+00,
           1.24751735e+00,  1.50587523e+00,  5.89364469e-02,  3.99526924e-01,
          -3.22451293e-01,  3.66606385e-01, -1.14300942e+00, -2.64354920e+00,
           1.86488199e+00, -6.41732812e-01, -3.60566926e+00, -1.46394461e-01,
           1.52050328e+00,  1.06950641e+00, -5.21185637e-01,  6.75903916e-01,
           1.22918415e+00, -2.87334144e-01, -1.12888265e+00, -3.08737874e-01,
           1.71207857e+00,  1.57181275e+00,  1.74828008e-01, -5.80874503e-01,
           1.18430603e+00, -1.61043322e+00, -1.34143734e+00,  6.59263015e-01,
          -4.63761657e-01,  1.49403131e+00, -2.92623043e-01,  9.45932448e-01,
           1.21528876e+00,  2.33698040e-01,  2.56347686e-01, -7.32711852e-01,
          -2.46995255e-01, -1.63285828e+00,  4.48773235e-01, -2.19927520e-01,
           4.29687649e-02,  1.80896223e+00,  1.83183670e+00, -1.39828965e-01,
          -1.32755947e+00,  1.10389340e+00, -1.39625502e+00,  8.94297361e-01,
           1.70114684e+00, -1.51135671e+00, -1.86174190e+00,  1.28564334e+00,
          -7.79542774e-02,  1.15522790e+00, -1.33712125e+00,  1.70685142e-01,
           4.66477960e-01,  7.11557090e-01, -4.45729852e-01, -2.45310378e+00,
          -8.77225816e-01,  2.53757501e+00, -7.27236032e-01, -5.32385051e-01,
           1.69555688e+00,  3.86661619e-01,  2.28759944e-02,  1.00078833e+00,
           1.01310980e+00,  1.28684616e+00,  1.06088567e+00, -6.03898168e-01,
           1.53750455e+00,  1.77144206e+00,  9.58431065e-02, -1.05258346e+00,
           8.04458186e-03, -1.15104389e+00, -4.28774178e-01, -5.41026704e-03,
           1.02147579e+00,  1.50450349e+00, -2.29055595e+00,  1.17609024e+00,
           1.20205212e+00, -9.04018402e-01, -8.06825936e-01,  1.00818849e+00,
          -1.19058156e+00,  1.42940605e+00, -1.01786411e+00,  8.32561553e-01,
           1.28598917e+00,  1.09768140e+00, -9.22037840e-01,  6.48746192e-02,
           6.35779560e-01,  6.21211171e-01,  1.87845811e-01, -6.53938770e-01,
          -4.58293676e-01,  5.04747987e-01,  2.83063030e+00,  7.30573297e-01,
           1.78593636e+00,  3.21641564e-01, -1.63651764e+00, -2.05686197e-01,
          -1.56624138e+00,  1.59121823e+00, -2.36166507e-01,  5.95166624e-01,
           1.17295194e+00,  7.93762445e-01,  3.63273525e+00,  3.10517311e-01,
           7.29721069e-01,  1.36907923e+00,  7.04078197e-01,  2.11431789e+00,
          -5.43155074e-01,  9.45517421e-02, -1.45503715e-01,  3.62063348e-01,
           4.71657097e-01,  1.23613983e-01, -2.80778736e-01, -3.30789655e-01,
          -1.46245325e+00, -2.37054944e-01,  3.77707809e-01,  6.12326503e-01,
           1.15034020e+00,  5.44834673e-01,  2.78007478e-01,  1.01171327e+00,
           4.38448042e-01, -1.22023940e+00,  1.73420048e+00,  1.06146908e+00,
          -1.29215729e+00, -1.37144864e+00, -1.24517989e+00, -9.88416135e-01,
           3.31462443e-01, -1.08991659e+00,  4.15499806e-01, -2.21311510e-01,
           1.36521041e+00, -1.35072207e+00, -9.06316161e-01,  6.59119964e-01,
          -8.95846665e-01, -2.29934640e-02,  6.39030039e-01, -2.03964710e+00,
          -5.83773613e-01,  5.73689416e-02,  2.30005793e-02, -1.05432883e-01,
           1.23013520e+00,  1.86270624e-01,  1.01772630e+00,  3.93982887e-01,
           2.41580200e+00,  1.90724385e+00,  1.13301373e+00, -1.10774982e+00,
          -3.85114811e-02, -6.21426702e-01,  3.31220664e-02,  3.48191953e+00,
           2.03455257e+00, -1.24668968e+00,  1.25413692e+00,  1.07469785e+00,
          -3.51145816e+00, -1.15579748e+00, -9.44458842e-01, -4.40059751e-01,
          -1.58013427e+00,  2.12600142e-01, -5.21950185e-01, -8.00134718e-01,
          -1.89812422e+00, -2.55521464e+00, -9.33038652e-01, -5.38973689e-01,
           2.28278804e+00, -6.97004050e-02, -5.37941277e-01,  3.11677545e-01,
           7.35061884e-01, -4.30134684e-01, -2.07149053e+00,  1.14542603e-01,
           5.39209485e-01,  3.05266798e-01, -1.60517490e+00,  2.24832034e+00,
           8.57490823e-02, -9.10699785e-01,  3.06377381e-01,  9.44847107e-01,
          -5.01898348e-01,  3.24969840e+00,  3.28396767e-01, -8.65342095e-02,
          -5.56175299e-02, -8.63210484e-02, -1.28021550e+00, -1.45252931e+00,
           2.92433882e+00,  1.18062234e+00,  1.35083938e+00, -6.04019761e-01,
           4.43850219e-01,  6.36180937e-01,  1.58634996e+00,  1.66082948e-01,
          -1.96058169e-01, -9.51848984e-01,  6.44012690e-01,  1.01527071e+00,
           6.53780699e+00,  4.27955627e+00,  5.50128698e-01, -2.28079915e-01,
           9.59098577e-01, -4.45222557e-01, -1.49632052e-01,  2.53103995e+00,
          -1.88247252e+00, -6.28507435e-01, -3.59957397e-01, -8.36222708e-01,
           1.03188920e+00, -5.40695965e-01, -3.26423436e-01,  8.23539972e-01,
           8.19753408e-01,  2.41841102e+00, -2.95107514e-01, -1.82438135e+00,
          -2.30719233e+00,  7.33124837e-02, -2.12600112e+00, -2.09300137e+00,
          -1.77610087e+00,  6.61210477e-01, -1.56975055e+00, -1.17578113e+00,
          -1.33892298e+00, -2.22634125e+00, -1.90828872e+00, -1.44232070e+00,
          -1.28568566e+00, -1.00670636e+00, -1.15989423e+00, -2.31134489e-01,
          -1.36496425e+00, -1.30636835e+00, -6.97362542e-01, -5.35630509e-02,
          -2.72741723e+00,  1.27364784e-01, -2.33298612e+00, -9.54610407e-01,
           1.84179723e+00,  4.76078242e-01,  4.43457931e-01,  7.47352123e-01,
          -9.80083406e-01, -1.59538716e-01,  1.80487722e-01, -9.80456054e-01,
          -1.21830535e+00, -5.29308319e-01, -4.04908121e-01, -2.58962035e+00,
          -2.62898970e+00, -5.89418173e-01, -2.36150599e+00, -2.00131869e+00,
          -2.03373027e+00, -1.73073506e+00,  6.17924452e-01, -1.06862390e+00,
           5.31725943e-01, -5.97021401e-01, -1.39793849e+00,  2.46555495e+00,
          -6.94500208e-01,  1.21385314e-01,  2.16576576e+00,  1.97208774e+00,
          -9.13078964e-01,  1.18452013e+00,  1.16561890e-01, -1.13616419e+00,
           9.47137296e-01,  6.87074542e-01, -2.88373590e-01,  2.16441378e-01,
           2.84400105e-01,  1.58878639e-01, -7.98172534e-01,  5.32579757e-02,
          -7.09808648e-01,  7.19541758e-02, -1.30330956e+00, -1.61995828e+00,
          -1.19245255e+00, -2.96896958e+00, -2.78421593e+00, -1.74197936e+00,
          -1.92157638e+00, -2.11894774e+00,  1.54961228e-01,  1.45840859e+00]]],
       device='cuda:0')
PGD attack margin (first 2 examples and 10 specs):
 tensor([[[0.41226202]]], device='cuda:0')
number of violation:  0
Attack finished in 7.9497 seconds.
PGD attack failed
verified_status unknown
verified_success False
Total VNNLIB file length: 1, max property batch size: 1, total number of batches: 1

Properties batch 0, size 1
Remaining timeout: 1155.5679495334625
Verifying property 0 with 1 instances.
torch allclose failed: norm 8.889588571037166e-06
Model: BoundedModule(
  (/input-1): BoundInput(name=/input-1, inputs=[], perturbed=True)
  (/33): BoundParams(name=/33, inputs=[], perturbed=False)
  (/34): BoundParams(name=/34, inputs=[], perturbed=False)
  (/35): BoundParams(name=/35, inputs=[], perturbed=False)
  (/36): BoundParams(name=/36, inputs=[], perturbed=False)
  (/37): BoundParams(name=/37, inputs=[], perturbed=False)
  (/38): BoundParams(name=/38, inputs=[], perturbed=False)
  (/39): BoundParams(name=/39, inputs=[], perturbed=False)
  (/40): BoundParams(name=/40, inputs=[], perturbed=False)
  (/41): BoundParams(name=/41, inputs=[], perturbed=False)
  (/42): BoundParams(name=/42, inputs=[], perturbed=False)
  (/43): BoundParams(name=/43, inputs=[], perturbed=False)
  (/44): BoundParams(name=/44, inputs=[], perturbed=False)
  (/45): BoundParams(name=/45, inputs=[], perturbed=False)
  (/46): BoundParams(name=/46, inputs=[], perturbed=False)
  (/47): BoundParams(name=/47, inputs=[], perturbed=False)
  (/48): BoundParams(name=/48, inputs=[], perturbed=False)
  (/49): BoundParams(name=/49, inputs=[], perturbed=False)
  (/50): BoundParams(name=/50, inputs=[], perturbed=False)
  (/51): BoundParams(name=/51, inputs=[], perturbed=False)
  (/52): BoundParams(name=/52, inputs=[], perturbed=False)
  (/53): BoundParams(name=/53, inputs=[], perturbed=False)
  (/54): BoundParams(name=/54, inputs=[], perturbed=False)
  (/55): BoundParams(name=/55, inputs=[], perturbed=False)
  (/56): BoundParams(name=/56, inputs=[], perturbed=False)
  (/57): BoundParams(name=/57, inputs=[], perturbed=False)
  (/58): BoundParams(name=/58, inputs=[], perturbed=False)
  (/59): BoundParams(name=/59, inputs=[], perturbed=False)
  (/60): BoundParams(name=/60, inputs=[], perturbed=False)
  (/61): BoundParams(name=/61, inputs=[], perturbed=False)
  (/62): BoundParams(name=/62, inputs=[], perturbed=False)
  (/63): BoundParams(name=/63, inputs=[], perturbed=False)
  (/64): BoundParams(name=/64, inputs=[], perturbed=False)
  (/input): BoundConv(name=/input, inputs=[/input-1, /33, /34], perturbed=True)
  (/66): BoundRelu(name=/66, inputs=[/input], perturbed=True)
  (/input-4): BoundConv(name=/input-4, inputs=[/66, /35, /36], perturbed=True)
  (/68): BoundRelu(name=/68, inputs=[/input-4], perturbed=True)
  (/input-12): BoundConv(name=/input-12, inputs=[/input-8/add_3_4, /37, /38], perturbed=True)
  (/71): BoundRelu(name=/71, inputs=[/input-12], perturbed=True)
  (/input-16): BoundConv(name=/input-16, inputs=[/71, /39, /40], perturbed=True)
  (/73): BoundRelu(name=/73, inputs=[/input-16], perturbed=True)
  (/input-24): BoundConv(name=/input-24, inputs=[/input-20/add_3_4, /41, /42], perturbed=True)
  (/76): BoundRelu(name=/76, inputs=[/input-24], perturbed=True)
  (/input-28): BoundConv(name=/input-28, inputs=[/76, /43, /44], perturbed=True)
  (/78): BoundRelu(name=/78, inputs=[/input-28], perturbed=True)
  (/input-32): BoundConv(name=/input-32, inputs=[/78, /45, /46], perturbed=True)
  (/80): BoundRelu(name=/80, inputs=[/input-32], perturbed=True)
  (/input-40): BoundConv(name=/input-40, inputs=[/input-36/add_3_4, /47, /48], perturbed=True)
  (/83): BoundRelu(name=/83, inputs=[/input-40], perturbed=True)
  (/input-44): BoundConv(name=/input-44, inputs=[/83, /49, /50], perturbed=True)
  (/85): BoundRelu(name=/85, inputs=[/input-44], perturbed=True)
  (/input-48): BoundConv(name=/input-48, inputs=[/85, /51, /52], perturbed=True)
  (/87): BoundRelu(name=/87, inputs=[/input-48], perturbed=True)
  (/input-56): BoundConv(name=/input-56, inputs=[/input-52/add_3_4, /53, /54], perturbed=True)
  (/90): BoundRelu(name=/90, inputs=[/input-56], perturbed=True)
  (/input-60): BoundConv(name=/input-60, inputs=[/90, /55, /56], perturbed=True)
  (/92): BoundRelu(name=/92, inputs=[/input-60], perturbed=True)
  (/input-64): BoundConv(name=/input-64, inputs=[/92, /57, /58], perturbed=True)
  (/94): BoundRelu(name=/94, inputs=[/input-64], perturbed=True)
  (/96): BoundFlatten(name=/96, inputs=[/95/add_3_4], perturbed=True)
  (/input-68): BoundLinear(name=/input-68, inputs=[/96, /59, /60], perturbed=True)
  (/98): BoundRelu(name=/98, inputs=[/input-68], perturbed=True)
  (/99): BoundFlatten(name=/99, inputs=[/98], perturbed=True)
  (/input-72): BoundLinear(name=/input-72, inputs=[/99, /61, /62], perturbed=True)
  (/101): BoundRelu(name=/101, inputs=[/input-72], perturbed=True)
  (/102): BoundFlatten(name=/102, inputs=[/101], perturbed=True)
  (/103): BoundLinear(name=/103, inputs=[/102, /63, /64], perturbed=True)
  (/input-8/conv_1): BoundConv(name=/input-8/conv_1, inputs=[/68, /input-8/conv_1_w], perturbed=True)
  (/input-8/conv_1_relu): BoundRelu(name=/input-8/conv_1_relu, inputs=[/input-8/conv_1], perturbed=True)
  (/input-8/conv_1_w): BoundParams(name=/input-8/conv_1_w, inputs=[], perturbed=False)
  (/input-8/conv_2): BoundConv(name=/input-8/conv_2, inputs=[/68, /input-8/conv_2_w], perturbed=True)
  (/input-8/conv_2_w): BoundParams(name=/input-8/conv_2_w, inputs=[], perturbed=False)
  (/input-8/conv_3): BoundConv(name=/input-8/conv_3, inputs=[/input-8/add_1_2, /input-8/conv_3_w], perturbed=True)
  (/input-8/conv_3_relu): BoundRelu(name=/input-8/conv_3_relu, inputs=[/input-8/conv_3], perturbed=True)
  (/input-8/conv_3_w): BoundParams(name=/input-8/conv_3_w, inputs=[], perturbed=False)
  (/input-8/conv_4): BoundConv(name=/input-8/conv_4, inputs=[/input-8/add_1_2, /input-8/conv_4_w], perturbed=True)
  (/input-8/conv_4_w): BoundParams(name=/input-8/conv_4_w, inputs=[], perturbed=False)
  (/input-8/add_1_2): BoundAdd(name=/input-8/add_1_2, inputs=[/input-8/conv_1_relu, /input-8/conv_2], perturbed=True)
  (/input-8/add_3_4): BoundAdd(name=/input-8/add_3_4, inputs=[/input-8/conv_3_relu, /input-8/conv_4], perturbed=True)
  (/input-20/conv_1): BoundConv(name=/input-20/conv_1, inputs=[/73, /input-20/conv_1_w], perturbed=True)
  (/input-20/conv_1_relu): BoundRelu(name=/input-20/conv_1_relu, inputs=[/input-20/conv_1], perturbed=True)
  (/input-20/conv_1_w): BoundParams(name=/input-20/conv_1_w, inputs=[], perturbed=False)
  (/input-20/conv_2): BoundConv(name=/input-20/conv_2, inputs=[/73, /input-20/conv_2_w], perturbed=True)
  (/input-20/conv_2_w): BoundParams(name=/input-20/conv_2_w, inputs=[], perturbed=False)
  (/input-20/conv_3): BoundConv(name=/input-20/conv_3, inputs=[/input-20/add_1_2, /input-20/conv_3_w], perturbed=True)
  (/input-20/conv_3_relu): BoundRelu(name=/input-20/conv_3_relu, inputs=[/input-20/conv_3], perturbed=True)
  (/input-20/conv_3_w): BoundParams(name=/input-20/conv_3_w, inputs=[], perturbed=False)
  (/input-20/conv_4): BoundConv(name=/input-20/conv_4, inputs=[/input-20/add_1_2, /input-20/conv_4_w], perturbed=True)
  (/input-20/conv_4_w): BoundParams(name=/input-20/conv_4_w, inputs=[], perturbed=False)
  (/input-20/add_1_2): BoundAdd(name=/input-20/add_1_2, inputs=[/input-20/conv_1_relu, /input-20/conv_2], perturbed=True)
  (/input-20/add_3_4): BoundAdd(name=/input-20/add_3_4, inputs=[/input-20/conv_3_relu, /input-20/conv_4], perturbed=True)
  (/input-36/conv_1): BoundConv(name=/input-36/conv_1, inputs=[/80, /input-36/conv_1_w], perturbed=True)
  (/input-36/conv_1_relu): BoundRelu(name=/input-36/conv_1_relu, inputs=[/input-36/conv_1], perturbed=True)
  (/input-36/conv_1_w): BoundParams(name=/input-36/conv_1_w, inputs=[], perturbed=False)
  (/input-36/conv_2): BoundConv(name=/input-36/conv_2, inputs=[/80, /input-36/conv_2_w], perturbed=True)
  (/input-36/conv_2_w): BoundParams(name=/input-36/conv_2_w, inputs=[], perturbed=False)
  (/input-36/conv_3): BoundConv(name=/input-36/conv_3, inputs=[/input-36/add_1_2, /input-36/conv_3_w], perturbed=True)
  (/input-36/conv_3_relu): BoundRelu(name=/input-36/conv_3_relu, inputs=[/input-36/conv_3], perturbed=True)
  (/input-36/conv_3_w): BoundParams(name=/input-36/conv_3_w, inputs=[], perturbed=False)
  (/input-36/conv_4): BoundConv(name=/input-36/conv_4, inputs=[/input-36/add_1_2, /input-36/conv_4_w], perturbed=True)
  (/input-36/conv_4_w): BoundParams(name=/input-36/conv_4_w, inputs=[], perturbed=False)
  (/input-36/add_1_2): BoundAdd(name=/input-36/add_1_2, inputs=[/input-36/conv_1_relu, /input-36/conv_2], perturbed=True)
  (/input-36/add_3_4): BoundAdd(name=/input-36/add_3_4, inputs=[/input-36/conv_3_relu, /input-36/conv_4], perturbed=True)
  (/input-52/conv_1): BoundConv(name=/input-52/conv_1, inputs=[/87, /input-52/conv_1_w], perturbed=True)
  (/input-52/conv_1_relu): BoundRelu(name=/input-52/conv_1_relu, inputs=[/input-52/conv_1], perturbed=True)
  (/input-52/conv_1_w): BoundParams(name=/input-52/conv_1_w, inputs=[], perturbed=False)
  (/input-52/conv_2): BoundConv(name=/input-52/conv_2, inputs=[/87, /input-52/conv_2_w], perturbed=True)
  (/input-52/conv_2_w): BoundParams(name=/input-52/conv_2_w, inputs=[], perturbed=False)
  (/input-52/conv_3): BoundConv(name=/input-52/conv_3, inputs=[/input-52/add_1_2, /input-52/conv_3_w], perturbed=True)
  (/input-52/conv_3_relu): BoundRelu(name=/input-52/conv_3_relu, inputs=[/input-52/conv_3], perturbed=True)
  (/input-52/conv_3_w): BoundParams(name=/input-52/conv_3_w, inputs=[], perturbed=False)
  (/input-52/conv_4): BoundConv(name=/input-52/conv_4, inputs=[/input-52/add_1_2, /input-52/conv_4_w], perturbed=True)
  (/input-52/conv_4_w): BoundParams(name=/input-52/conv_4_w, inputs=[], perturbed=False)
  (/input-52/add_1_2): BoundAdd(name=/input-52/add_1_2, inputs=[/input-52/conv_1_relu, /input-52/conv_2], perturbed=True)
  (/input-52/add_3_4): BoundAdd(name=/input-52/add_3_4, inputs=[/input-52/conv_3_relu, /input-52/conv_4], perturbed=True)
  (/95/conv_1): BoundConv(name=/95/conv_1, inputs=[/94, /95/conv_1_w], perturbed=True)
  (/95/conv_1_relu): BoundRelu(name=/95/conv_1_relu, inputs=[/95/conv_1], perturbed=True)
  (/95/conv_1_w): BoundParams(name=/95/conv_1_w, inputs=[], perturbed=False)
  (/95/conv_2): BoundConv(name=/95/conv_2, inputs=[/94, /95/conv_2_w], perturbed=True)
  (/95/conv_2_w): BoundParams(name=/95/conv_2_w, inputs=[], perturbed=False)
  (/95/conv_3): BoundConv(name=/95/conv_3, inputs=[/95/add_1_2, /95/conv_3_w], perturbed=True)
  (/95/conv_3_relu): BoundRelu(name=/95/conv_3_relu, inputs=[/95/conv_3], perturbed=True)
  (/95/conv_3_w): BoundParams(name=/95/conv_3_w, inputs=[], perturbed=False)
  (/95/conv_4): BoundConv(name=/95/conv_4, inputs=[/95/add_1_2, /95/conv_4_w], perturbed=True)
  (/95/conv_4_w): BoundParams(name=/95/conv_4_w, inputs=[], perturbed=False)
  (/95/add_1_2): BoundAdd(name=/95/add_1_2, inputs=[/95/conv_1_relu, /95/conv_2], perturbed=True)
  (/95/add_3_4): BoundAdd(name=/95/add_3_4, inputs=[/95/conv_3_relu, /95/conv_4], perturbed=True)
)
Model prediction is: tensor([ 1.04841650e+00,  2.06702995e+00,  1.09783649e+00,  1.12288153e+00,
         1.32237637e+00,  1.78087604e+00,  2.02228904e+00, -1.33932900e+00,
        -9.34227407e-01, -5.16536057e-01, -1.10908449e+00,  3.98890108e-01,
        -1.86850846e-01, -4.28034723e-01,  6.12776399e-01,  3.99405390e-01,
        -6.88385963e-01, -7.47176349e-01, -8.81156027e-02, -6.38609469e-01,
        -1.45150617e-01,  8.04878235e-01,  1.29130936e+00, -4.18406799e-02,
         5.27139127e-01, -1.40129530e+00, -2.91995183e-02, -7.69551635e-01,
        -1.72836447e+00,  6.30796015e-01, -1.19846594e+00,  8.31612527e-01,
        -9.04494464e-01, -2.44698480e-01, -3.72476935e-01, -8.30604076e-01,
         8.32296968e-01, -1.54462528e+00, -1.87428832e-01, -1.07655621e+00,
         9.79077399e-01, -1.29397130e+00, -1.74308026e+00, -1.25649440e+00,
        -5.64032972e-01, -1.05319536e+00,  1.38925362e+00, -8.50888312e-01,
        -8.57981026e-01,  2.63409197e-01,  1.57935965e+00, -2.08044934e+00,
        -1.60624281e-01,  1.42617330e-01, -1.00066423e+00,  9.73762646e-02,
        -1.13942754e+00, -1.49697971e+00,  6.67937160e-01,  2.43449777e-01,
         3.12171727e-01, -8.48199189e-01, -1.42098188e+00,  1.30400881e-01,
         8.15625310e-01,  8.57549906e-01, -7.91928589e-01,  1.73910037e-01,
        -1.30269408e+00, -1.15134597e+00,  2.96281934e-01,  2.64549166e-01,
        -3.43469292e-01,  3.86802971e-01,  1.65325075e-01,  6.03511989e-01,
         2.17951566e-01,  1.20489371e+00,  8.82493794e-01,  1.08442569e+00,
        -1.50570601e-01, -1.32069409e+00, -3.95295560e-01, -9.65248823e-01,
        -4.79073711e-02, -3.23501110e-01, -8.13810527e-01,  3.84021431e-01,
         2.24855810e-01,  1.52900100e-01, -2.40801111e-01, -1.61370707e+00,
         4.24468964e-01,  3.85346502e-01,  8.39882851e-01, -1.58088291e+00,
         9.90889132e-01,  1.21902205e-01,  4.78408933e-01,  1.02759564e+00,
         1.85437810e+00, -8.44623804e-01, -2.03725338e+00,  1.64002359e+00,
         4.05476764e-02, -1.37157130e+00, -4.43853736e-02,  1.08433938e+00,
        -7.90048480e-01, -6.76596582e-01,  2.04628199e-01,  2.93847203e+00,
         1.33996546e-01,  5.67879438e-01,  4.04879928e-01, -1.25103474e+00,
        -1.29150796e+00,  3.41551125e-01, -1.24708724e+00, -2.03626704e+00,
        -2.12764144e+00, -2.44092917e+00, -2.09984899e+00, -2.15008354e+00,
        -1.42314446e+00, -1.67757010e+00,  6.58292294e-01,  1.06489539e+00,
         1.14384878e+00,  1.91552973e+00,  1.23588860e+00,  7.70718694e-01,
         2.42401004e+00,  5.11511683e-01,  1.03597975e+00, -1.43982440e-01,
        -1.67312384e-01,  1.00781727e+00,  4.00927484e-01, -1.64655912e+00,
        -1.67302310e+00,  4.18756455e-01, -3.82861435e-01, -1.03637993e-01,
         1.69835329e-01,  4.38501477e-01, -9.24257413e-02,  1.33708906e+00,
         8.51669192e-01,  2.43681049e+00,  1.49818376e-01,  1.15314233e+00,
        -4.80549932e-01,  1.71431828e+00,  7.82583773e-01,  4.00975347e-01,
        -1.28885642e-01,  4.22331244e-01, -5.26456296e-01, -3.58638525e-01,
         7.96238706e-02,  4.40727502e-01,  1.15307581e+00,  1.27230406e-01,
        -5.25594473e-01, -7.44795918e-01, -8.90047848e-01, -9.10658062e-01,
         2.47765407e-02,  3.31844240e-01,  2.18917921e-01,  7.19399303e-02,
        -4.21575040e-01,  4.94392127e-01,  2.67711133e-01,  1.54672965e-01,
        -4.37967151e-01, -3.37538928e-01,  1.46655393e+00, -7.20633090e-01,
        -4.13565814e-01,  6.18215799e-01,  5.72066188e-01,  1.58946961e-01,
         6.68414533e-01,  2.93851197e-01,  7.60283947e-01,  1.23892844e+00,
         1.79418460e-01,  3.22540879e-01,  9.52509701e-01,  1.26236522e+00,
         6.94087684e-01,  6.18318141e-01,  4.51832801e-01,  1.17565668e+00,
         8.24498415e-01, -4.97574866e-01, -3.89265805e-01,  1.24394143e+00,
         5.99548161e-01,  4.21266526e-01,  6.87903106e-01,  2.19907928e+00,
         1.04660010e+00, -1.54591039e-01, -9.46084917e-01,  8.48018527e-01,
         7.10782230e-01,  8.09923828e-01, -1.37656188e+00,  3.03807378e-01,
         8.86848450e-01,  1.12305403e-01, -3.31060141e-01, -1.01085722e-01,
         6.71431661e-01,  2.01852143e-01,  7.40695149e-02,  8.16995978e-01,
         4.14990902e-01, -2.25701943e-01,  5.85538387e-01,  6.35856092e-01,
         7.61703789e-01,  1.54800266e-02,  1.38550401e-01, -1.82953194e-01,
        -5.84819734e-01,  1.59754634e+00, -7.11406991e-02,  5.76573074e-01,
        -3.02324265e-01,  1.09034916e-02,  2.65473947e-02,  8.40097487e-01,
        -3.09532940e-01,  1.95858419e-01, -3.43779117e-01,  1.50322154e-01,
        -2.27521896e-01, -4.11994934e-01,  5.85869908e-01, -6.90313339e-01,
        -5.79296172e-01,  1.07357609e+00, -5.62276304e-01, -3.27504836e-02,
         7.89481640e-01,  7.20355988e-01,  6.62498951e-01, -7.16749549e-01,
         1.85845912e-01,  4.06942785e-01,  1.47081161e+00, -7.33713746e-01,
        -5.13374507e-01,  1.18795800e+00,  1.21086490e+00,  1.60867012e+00,
         1.40116274e+00,  3.32887113e-01, -8.18779945e-01,  8.42942655e-01,
         2.11468190e-01,  1.37608612e+00,  3.78790826e-01,  1.44554317e-01,
        -1.50064981e+00,  1.22280812e+00,  1.93047071e+00,  8.80283117e-01,
         1.20015132e+00,  1.34700453e+00,  2.20988214e-01, -8.41698200e-02,
         4.01401311e-01,  1.31880879e+00,  7.22870007e-02,  1.76156187e+00,
         8.43605518e-01,  2.32194519e+00,  2.71703386e+00,  3.00831747e+00,
         2.83558273e+00,  1.54919732e+00,  5.06906271e-01,  1.34696722e+00,
        -3.55551988e-01, -1.28220037e-01, -5.10631740e-01,  2.36698389e-01,
         2.48533905e-01,  2.77225345e-01,  3.42863679e-01,  8.73810649e-02,
         2.60158515e+00, -1.04291789e-01, -5.34663439e-01, -9.82418284e-02,
        -1.99863493e+00,  3.91385645e-01, -1.34294009e+00, -1.04272783e+00,
        -1.18944776e+00, -2.17410326e+00, -8.51742446e-01, -5.33351898e-01,
         3.93786728e-01, -1.16877854e+00,  1.24519837e+00,  3.83961201e-01,
        -4.91794765e-01,  1.08729410e+00,  5.48384786e-01,  2.92869955e-01,
         8.84553641e-02, -5.25284171e-01,  1.54183710e+00,  7.34130383e-01,
         3.01170442e-02, -2.35572004e+00, -1.60914850e+00, -2.02347898e+00,
        -1.32123399e+00, -1.70693207e+00, -1.76612628e+00,  6.83347695e-03,
        -1.79346001e+00, -1.58196104e+00,  1.27147567e+00,  1.90809536e+00,
         2.71118474e+00,  8.01773250e-01, -4.54504699e-01, -2.54682511e-01,
        -1.64157915e+00,  1.22681844e+00,  5.49645066e-01, -1.79095483e+00,
        -7.14995205e-01,  1.47073537e-01, -4.11438227e-01, -1.03831100e+00,
         5.33989847e-01, -9.38632727e-01, -1.04771292e+00, -2.42222279e-01,
        -1.81428754e+00, -1.19797075e+00, -1.33277452e+00, -9.00407493e-01,
        -5.55333376e-01, -5.47250450e-01, -1.38589942e+00, -8.29123139e-01,
         7.19512939e-01,  1.84106112e-01,  4.91237402e-01,  7.69636095e-01,
         6.76950872e-01,  6.15933299e-01,  1.01987958e+00, -5.84590696e-02,
        -8.62446249e-01,  2.29518697e-01,  5.04971802e-01,  3.04449666e-02,
         4.59638685e-01, -4.50593561e-01,  4.86008227e-02, -6.20909393e-01,
         8.01815391e-01,  8.24345291e-01,  4.37255174e-01, -8.81389797e-01,
         3.97642672e-01,  2.38435894e-01,  6.33178890e-01, -4.68650043e-01,
         6.56516969e-01, -1.68256968e-01,  3.69545013e-01,  3.66144674e-03,
        -2.67625242e-01, -2.07889095e-01, -6.88671231e-01, -1.35016215e+00,
        -9.81783092e-01,  1.06632793e+00,  2.15414360e-01,  1.28481269e+00,
         5.57049476e-02, -1.24558902e+00,  5.30804217e-01,  1.42353070e+00,
        -1.16923356e+00, -7.67111927e-02, -9.76107776e-01,  4.41777557e-01,
        -1.07663822e+00, -1.45843840e+00,  1.64022803e-01, -7.67997622e-01,
        -5.89535117e-01,  6.72314346e-01, -1.39469647e+00, -6.32172048e-01,
        -1.58997035e+00,  1.91664219e+00, -1.32918286e+00,  1.76874936e+00,
         5.54748416e-01,  5.89504302e-01,  1.02466035e+00, -2.27278137e+00,
         1.40740430e+00,  1.11452639e+00,  1.52110600e+00,  1.73824096e+00,
        -1.10869072e-02,  1.07768424e-01, -5.11150539e-01, -1.59498942e+00,
        -6.89404607e-01,  5.29212654e-01,  2.27858037e-01, -9.85763550e-01,
        -6.36488676e-01, -2.75342196e-01, -1.16411495e+00, -4.37912047e-01,
        -3.52207601e-01,  1.35432017e+00,  1.50891984e+00,  7.14855790e-01,
        -7.50615358e-01,  2.45649964e-01,  1.46836865e+00,  5.54058775e-02,
        -5.67734241e-03,  1.50114262e+00, -3.02489042e-01,  2.21989417e+00,
        -1.55274868e+00, -4.24734473e-01,  2.85933113e+00, -4.63555127e-01,
        -1.76030457e-01,  1.20500401e-01, -1.38093090e+00, -6.14425130e-02,
         2.16950849e-01, -5.22946656e-01, -1.82890320e+00, -2.60300249e-01,
        -2.40734532e-01,  7.08655357e-01, -3.46421003e-01,  5.25474191e-01,
        -7.88560271e-01, -5.67538366e-02,  1.87900460e+00,  7.15591758e-03,
         7.62693524e-01,  1.80764735e+00, -1.44002020e+00, -2.61006832e+00,
         3.85600835e-01, -1.96035400e-01,  4.88402128e-01, -1.33931732e+00,
         3.27844024e-02,  1.86983243e-01, -5.67984521e-01,  1.11009812e+00,
        -1.38532794e+00, -8.36417377e-01,  1.02085285e-02, -1.30918384e+00,
         2.75290155e+00,  5.72420478e-01, -3.30075204e-01, -3.50017607e-01,
        -2.14953944e-01,  4.61244673e-01, -3.88132155e-01,  1.55814266e+00,
        -8.31475496e-01,  2.00047389e-01,  1.40770659e-01, -1.43300521e+00,
         1.09113157e-01, -7.22552598e-01,  1.43721998e-01, -7.54250705e-01,
         8.42961967e-01,  4.90808904e-01, -3.17792952e-01,  2.07362199e+00,
        -2.78901267e+00,  6.69060946e-01, -1.19025218e+00, -5.20396791e-02,
        -8.35754350e-03, -3.91590565e-01, -1.87840629e+00,  5.65754652e-01,
         1.07106721e+00, -3.09532619e+00, -5.25868177e-01, -1.53705466e+00,
        -5.57726204e-01, -5.46876907e-01, -8.55973840e-01, -4.20362979e-01,
        -1.76320720e+00,  1.46180287e-01, -8.23091447e-01, -7.02823997e-01,
        -9.30623412e-01, -1.00141048e+00, -1.04329681e+00, -4.72974330e-01,
        -5.50800443e-01, -2.80057251e-01, -7.50897884e-01,  4.92082477e-01,
        -8.68337572e-01,  1.01035798e+00,  1.68683732e+00,  4.69805747e-01,
        -1.07297099e+00,  4.07973565e-02,  1.94954538e+00, -2.40225029e+00,
        -1.47549474e+00, -6.97730660e-01,  3.06994736e-01,  2.89269400e+00,
        -1.06393650e-01, -2.09698939e+00,  9.95440960e-01, -4.85253960e-01,
        -1.38592839e+00,  7.43101723e-03, -2.80966967e-01, -2.55018425e+00,
         7.08586164e-03,  3.02224755e+00, -2.13346410e+00, -1.13677955e+00,
         1.16311538e+00,  9.36392903e-01,  6.03251696e-01, -8.51636529e-01,
         3.19944382e+00,  1.75723040e+00,  3.39062750e-01,  8.17548335e-02,
        -1.16471028e+00, -7.95847535e-01,  2.36208558e+00,  5.94763756e-01,
        -1.03791130e+00,  2.03666240e-01, -7.25238442e-01, -3.18259269e-01,
         6.86454117e-01, -1.79575706e+00,  3.30526829e-02, -8.53464007e-01,
         7.82639146e-01, -7.85489798e-01,  1.17524683e+00, -6.24635577e-01,
        -1.52390206e+00,  4.09632057e-01,  5.81755519e-01, -7.02004731e-01,
         3.28680933e-01, -9.20316160e-01, -2.68573117e+00, -6.78231776e-01,
         3.91243100e-01,  1.81456432e-01, -1.15457535e+00,  8.82711172e-01,
         1.13791251e+00, -1.57490909e-01,  2.95813024e-01,  3.77371216e+00,
        -4.42217797e-01,  4.38274831e-01, -1.30766833e+00, -8.64969671e-01,
         1.34236491e+00,  8.94525945e-02,  7.49941468e-01,  4.78882730e-01,
         1.31621587e+00,  4.75348905e-02,  1.46231616e+00, -2.31004381e+00,
         5.94180763e-01,  1.68168700e+00,  3.83145571e-01, -2.98140913e-01,
         1.48487830e+00, -7.57959902e-01,  1.84373879e+00,  6.53121233e-01,
        -1.54382324e+00, -3.14526170e-01, -2.81331539e-01,  9.70178723e-01,
         1.13533044e+00,  3.43515784e-01,  1.32070339e+00,  2.62677860e+00,
         2.30786896e+00,  5.22880018e-01,  6.57614946e-01,  1.39442933e+00,
        -1.40541708e+00, -1.07891870e+00,  1.34710288e+00, -4.29136395e-01,
        -1.36749339e+00,  5.15277803e-01, -5.84046125e-01,  1.32767066e-01,
         2.54015160e+00, -2.67650276e-01, -2.74039078e+00, -6.48671389e-01,
         2.08544731e+00,  2.97090471e-01,  2.24559680e-02, -1.30440384e-01,
        -9.21661794e-01, -4.53841507e-01, -1.50388730e+00,  1.78613141e-03,
         1.32890391e+00, -2.42185593e+00,  1.55281588e-01,  7.45318592e-01,
         3.71039242e-01, -6.81815982e-01,  1.34435153e+00,  2.22543311e+00,
        -4.86287385e-01, -6.18137002e-01, -5.54648995e-01,  8.29998076e-01,
        -8.10872138e-01,  1.70605123e+00, -2.50777662e-01,  3.14876497e-01,
        -3.54706883e-01, -2.42215872e+00,  7.54794300e-01, -1.40446627e+00,
         2.61598969e+00, -1.50631690e+00, -1.18655205e+00, -3.56235147e-01,
        -5.25972426e-01,  2.47227049e+00, -1.33334112e+00, -1.36612630e+00,
         6.26171291e-01,  8.89700890e-01,  6.20562695e-02, -9.28200662e-01,
        -6.78319156e-01,  5.24207950e-01,  1.37414932e-01, -1.09349179e+00,
         1.29369068e+00,  1.47101378e+00, -3.79719064e-02,  2.85917878e-01,
        -3.77980500e-01,  2.87252933e-01, -1.17059183e+00, -2.85190415e+00,
         1.80322027e+00, -6.05828881e-01, -3.66633153e+00, -1.32589012e-01,
         1.53144503e+00,  9.48168397e-01, -6.29362345e-01,  6.06424272e-01,
         1.15528047e+00, -2.25137159e-01, -1.28718579e+00, -4.27498162e-01,
         1.79428363e+00,  1.56320095e+00,  1.72906578e-01, -6.74252152e-01,
         1.14254224e+00, -1.71023893e+00, -1.43833899e+00,  5.88367343e-01,
        -5.05833089e-01,  1.46473753e+00, -3.49838614e-01,  8.87373269e-01,
         1.25048280e+00,  1.80366054e-01,  2.39207491e-01, -7.21500993e-01,
        -3.21448475e-01, -1.73615837e+00,  3.36573154e-01, -2.03148276e-01,
        -7.06114061e-03,  1.92746317e+00,  1.83949065e+00, -1.59359694e-01,
        -1.42888975e+00,  1.11630213e+00, -1.46335864e+00,  8.55573475e-01,
         1.82782674e+00, -1.63358486e+00, -1.89241624e+00,  1.31034350e+00,
        -1.53195128e-01,  1.04757786e+00, -1.41244197e+00,  2.59592652e-01,
         3.37670118e-01,  7.07881212e-01, -4.44732100e-01, -2.47290850e+00,
        -9.42436397e-01,  2.57812500e+00, -7.23102570e-01, -6.26467943e-01,
         1.63321197e+00,  2.77062058e-01, -4.67318073e-02,  1.00447464e+00,
         1.06214333e+00,  1.30927432e+00,  1.17091608e+00, -6.50851488e-01,
         1.52833259e+00,  1.72929966e+00,  6.86529726e-02, -1.10813618e+00,
         1.71118043e-02, -1.21571076e+00, -5.14708519e-01, -1.17759451e-01,
         9.94503915e-01,  1.54129112e+00, -2.47067738e+00,  1.09869194e+00,
         1.10898995e+00, -9.61047471e-01, -8.69057834e-01,  9.61420000e-01,
        -1.20284498e+00,  1.38544047e+00, -1.05966353e+00,  7.13297784e-01,
         1.23635042e+00,  1.06939483e+00, -9.24543083e-01,  1.00538224e-01,
         5.79850256e-01,  5.51445365e-01,  1.81172505e-01, -7.66403973e-01,
        -5.63002586e-01,  4.59513515e-01,  2.81899023e+00,  6.64983690e-01,
         1.70195568e+00,  3.87714922e-01, -1.72605562e+00, -2.02689394e-01,
        -1.63234353e+00,  1.47802305e+00, -2.00984716e-01,  5.30160844e-01,
         1.21125758e+00,  8.75343204e-01,  3.61300421e+00,  2.14021876e-01,
         7.80163944e-01,  1.48970783e+00,  6.12403929e-01,  2.07826042e+00,
        -6.13948584e-01,  5.25733195e-02, -2.45627508e-01,  3.69700223e-01,
         4.37349737e-01,  1.47272974e-01, -2.14829102e-01, -4.26681280e-01,
        -1.40270615e+00, -2.70480722e-01,  3.43917489e-01,  6.44929826e-01,
         1.04456317e+00,  5.39658487e-01,  1.44627452e-01,  9.14966106e-01,
         4.92621243e-01, -1.34629047e+00,  1.70891762e+00,  1.02090490e+00,
        -1.31512010e+00, -1.56319654e+00, -1.29017591e+00, -1.03639472e+00,
         3.62201542e-01, -1.14990366e+00,  3.46797884e-01, -2.76597112e-01,
         1.37380028e+00, -1.42272305e+00, -9.71728742e-01,  6.64395690e-01,
        -9.16896403e-01, -1.17275566e-01,  6.67325616e-01, -2.06561947e+00,
        -6.06587589e-01,  6.29920140e-02,  5.13808094e-02, -2.28990018e-01,
         1.22160172e+00,  2.73767114e-01,  1.09542644e+00,  3.75983626e-01,
         2.34306335e+00,  1.89809287e+00,  1.06277561e+00, -1.17925513e+00,
        -8.40982944e-02, -6.62880123e-01,  1.40607610e-01,  3.47466850e+00,
         2.10112500e+00, -1.34189737e+00,  1.13812065e+00,  1.10648227e+00,
        -3.63545609e+00, -1.20997024e+00, -1.04253709e+00, -5.73133945e-01,
        -1.73959708e+00,  1.98713779e-01, -6.03434920e-01, -9.46853340e-01,
        -1.99606812e+00, -2.63290906e+00, -9.90055740e-01, -5.99221289e-01,
         2.21691489e+00, -5.90447597e-02, -5.72023749e-01,  2.33344406e-01,
         5.83249152e-01, -5.18830121e-01, -2.14904928e+00,  3.90971974e-02,
         5.62728584e-01,  2.39013523e-01, -1.72165775e+00,  2.29543543e+00,
         6.98503852e-03, -1.06996465e+00,  2.84058958e-01,  9.31050181e-01,
        -5.50327182e-01,  3.28833914e+00,  2.79638588e-01, -1.55958548e-01,
        -1.28267616e-01, -1.85274720e-01, -1.32364106e+00, -1.54350436e+00,
         2.83442020e+00,  1.18707657e+00,  1.26440406e+00, -6.97094202e-01,
         3.75954509e-01,  6.14008009e-01,  1.60837257e+00,  1.08660929e-01,
        -3.09056818e-01, -9.66506958e-01,  5.50431132e-01,  1.12896609e+00,
         6.63082457e+00,  4.18809175e+00,  6.50262594e-01, -3.16664755e-01,
         8.74588013e-01, -4.74742830e-01, -1.74215108e-01,  2.66379237e+00,
        -1.93805420e+00, -7.29469597e-01, -4.29370552e-01, -8.85204554e-01,
         9.66211557e-01, -5.79840899e-01, -2.95080841e-01,  8.03692997e-01,
         7.17202663e-01,  2.40803218e+00, -4.41462576e-01, -1.88410842e+00,
        -2.34742022e+00,  3.05527113e-02, -2.22861099e+00, -2.11232901e+00,
        -1.78212380e+00,  6.99273646e-01, -1.56846511e+00, -1.11022937e+00,
        -1.33467054e+00, -2.23262978e+00, -1.93704367e+00, -1.44952941e+00,
        -1.30301440e+00, -9.64474201e-01, -1.17588079e+00, -2.48749837e-01,
        -1.39149368e+00, -1.34120464e+00, -6.44617915e-01, -7.32958242e-02,
        -2.79017377e+00,  1.01956569e-01, -2.44572616e+00, -9.02442098e-01,
         1.83908808e+00,  4.50429469e-01,  3.91124368e-01,  6.84253454e-01,
        -1.00123775e+00, -1.73094705e-01,  1.60719112e-01, -9.10165191e-01,
        -1.20803332e+00, -5.03071725e-01, -4.37042117e-01, -2.63745880e+00,
        -2.74437475e+00, -4.95256901e-01, -2.43530607e+00, -1.97620308e+00,
        -1.99989450e+00, -1.69417584e+00,  4.94259000e-01, -1.08773482e+00,
         4.77777034e-01, -6.01479471e-01, -1.50586307e+00,  2.47382259e+00,
        -7.87939429e-01,  7.37075880e-02,  2.20494056e+00,  1.88721764e+00,
        -1.02795398e+00,  1.17253935e+00,  2.96779983e-02, -1.23573303e+00,
         8.85840714e-01,  6.69486046e-01, -3.14771503e-01,  6.96067736e-02,
         1.39913931e-01,  6.09131455e-02, -8.50316465e-01,  6.49076700e-02,
        -7.14467943e-01,  4.22707051e-02, -1.33177292e+00, -1.64320683e+00,
        -1.14763308e+00, -2.93333983e+00, -2.78259563e+00, -1.75456047e+00,
        -1.88460636e+00, -2.05292439e+00,  1.23471521e-01,  1.47609663e+00],
       device='cuda:0')
Clean RHS: tensor([[0.55645686]], device='cuda:0')
Split layers:
Nonlinear functions:
   BoundRelu(name=/66, inputs=[/input], perturbed=True)
   BoundRelu(name=/68, inputs=[/input-4], perturbed=True)
   BoundRelu(name=/71, inputs=[/input-12], perturbed=True)
   BoundRelu(name=/73, inputs=[/input-16], perturbed=True)
   BoundRelu(name=/76, inputs=[/input-24], perturbed=True)
   BoundRelu(name=/78, inputs=[/input-28], perturbed=True)
   BoundRelu(name=/80, inputs=[/input-32], perturbed=True)
   BoundRelu(name=/83, inputs=[/input-40], perturbed=True)
   BoundRelu(name=/85, inputs=[/input-44], perturbed=True)
   BoundRelu(name=/87, inputs=[/input-48], perturbed=True)
   BoundRelu(name=/90, inputs=[/input-56], perturbed=True)
   BoundRelu(name=/92, inputs=[/input-60], perturbed=True)
   BoundRelu(name=/94, inputs=[/input-64], perturbed=True)
   BoundRelu(name=/98, inputs=[/input-68], perturbed=True)
   BoundRelu(name=/101, inputs=[/input-72], perturbed=True)
   BoundRelu(name=/input-8/conv_1_relu, inputs=[/input-8/conv_1], perturbed=True)
   BoundRelu(name=/input-8/conv_3_relu, inputs=[/input-8/conv_3], perturbed=True)
   BoundRelu(name=/input-20/conv_1_relu, inputs=[/input-20/conv_1], perturbed=True)
   BoundRelu(name=/input-20/conv_3_relu, inputs=[/input-20/conv_3], perturbed=True)
   BoundRelu(name=/input-36/conv_1_relu, inputs=[/input-36/conv_1], perturbed=True)
   BoundRelu(name=/input-36/conv_3_relu, inputs=[/input-36/conv_3], perturbed=True)
   BoundRelu(name=/input-52/conv_1_relu, inputs=[/input-52/conv_1], perturbed=True)
   BoundRelu(name=/input-52/conv_3_relu, inputs=[/input-52/conv_3], perturbed=True)
   BoundRelu(name=/95/conv_1_relu, inputs=[/95/conv_1], perturbed=True)
   BoundRelu(name=/95/conv_3_relu, inputs=[/95/conv_3], perturbed=True)
Batched CROWN: node BoundConv(name=/input-4, inputs=[/66, /35, /36], perturbed=True), unstable size 62206
Batched CROWN: node BoundConv(name=/input-8/conv_1, inputs=[/68, /input-8/conv_1_w], perturbed=True), unstable size 78411
Batched CROWN: node BoundConv(name=/input-8/conv_3, inputs=[/input-8/add_1_2, /input-8/conv_3_w], perturbed=True), unstable size 25047
Batched CROWN: node BoundConv(name=/input-12, inputs=[/input-8/add_3_4, /37, /38], perturbed=True), unstable size 516713
Batched CROWN: node BoundConv(name=/input-16, inputs=[/71, /39, /40], perturbed=True), unstable size 1589540
Batched CROWN: node BoundConv(name=/input-20/conv_1, inputs=[/73, /input-20/conv_1_w], perturbed=True), unstable size 20373
Batched CROWN: node BoundConv(name=/input-20/conv_3, inputs=[/input-20/add_1_2, /input-20/conv_3_w], perturbed=True), unstable size 12559
Batched CROWN: node BoundConv(name=/input-24, inputs=[/input-20/add_3_4, /41, /42], perturbed=True), unstable size 350145
Batched CROWN: node BoundConv(name=/input-28, inputs=[/76, /43, /44], perturbed=True), unstable size 799907
Batched CROWN: node BoundConv(name=/input-32, inputs=[/78, /45, /46], perturbed=True), unstable size 221626
Batched CROWN: node BoundConv(name=/input-36/conv_1, inputs=[/80, /input-36/conv_1_w], perturbed=True), unstable size 31396
Batched CROWN: node BoundConv(name=/input-36/conv_3, inputs=[/input-36/add_1_2, /input-36/conv_3_w], perturbed=True), unstable size 19873
Batched CROWN: node BoundConv(name=/input-40, inputs=[/input-36/add_3_4, /47, /48], perturbed=True), unstable size 364667
Batched CROWN: node BoundConv(name=/input-44, inputs=[/83, /49, /50], perturbed=True), unstable size 300494
Batched CROWN: node BoundConv(name=/input-48, inputs=[/85, /51, /52], perturbed=True), unstable size 352505
Batched CROWN: node BoundConv(name=/input-52/conv_1, inputs=[/87, /input-52/conv_1_w], perturbed=True), unstable size 20305
Batched CROWN: node BoundConv(name=/input-52/conv_3, inputs=[/input-52/add_1_2, /input-52/conv_3_w], perturbed=True), unstable size 12406
Batched CROWN: node BoundConv(name=/input-56, inputs=[/input-52/add_3_4, /53, /54], perturbed=True), unstable size 99586
Batched CROWN: node BoundConv(name=/input-60, inputs=[/90, /55, /56], perturbed=True), unstable size 100339
Batched CROWN: node BoundConv(name=/input-64, inputs=[/92, /57, /58], perturbed=True), unstable size 100352
Batched CROWN: node BoundConv(name=/95/conv_1, inputs=[/94, /95/conv_1_w], perturbed=True), unstable size 50176
Batched CROWN: node BoundConv(name=/95/conv_3, inputs=[/95/add_1_2, /95/conv_3_w], perturbed=True), unstable size 25088
Batched CROWN: node BoundLinear(name=/input-68, inputs=[/96, /59, /60], perturbed=True), unstable size 4096
Batched CROWN: node BoundLinear(name=/input-72, inputs=[/99, /61, /62], perturbed=True), unstable size 4096
initial crown bounds: tensor([[-16933642.]], device='cuda:0')
Number of class (without rhs): 1 ; Worst class: (+ rhs) -16933642.0
Iteration 1
Adv attack time: 1.5354s
Batch size: 1
Current pickout batch: 1, total pickout batch: 1
Batched CROWN: node BoundConv(name=/input-4, inputs=[/66, /35, /36], perturbed=True), unstable size 62206
Batched CROWN: node BoundConv(name=/input-8/conv_1, inputs=[/68, /input-8/conv_1_w], perturbed=True), unstable size 78411
Batched CROWN: node BoundConv(name=/input-8/conv_3, inputs=[/input-8/add_1_2, /input-8/conv_3_w], perturbed=True), unstable size 25047
Batched CROWN: node BoundConv(name=/input-12, inputs=[/input-8/add_3_4, /37, /38], perturbed=True), unstable size 516713
Batched CROWN: node BoundConv(name=/input-16, inputs=[/71, /39, /40], perturbed=True), unstable size 1589540
Batched CROWN: node BoundConv(name=/input-20/conv_1, inputs=[/73, /input-20/conv_1_w], perturbed=True), unstable size 20372
Batched CROWN: node BoundConv(name=/input-20/conv_3, inputs=[/input-20/add_1_2, /input-20/conv_3_w], perturbed=True), unstable size 12560
Batched CROWN: node BoundConv(name=/input-24, inputs=[/input-20/add_3_4, /41, /42], perturbed=True), unstable size 350138
Batched CROWN: node BoundConv(name=/input-28, inputs=[/76, /43, /44], perturbed=True), unstable size 799908
Batched CROWN: node BoundConv(name=/input-32, inputs=[/78, /45, /46], perturbed=True), unstable size 221625
Batched CROWN: node BoundConv(name=/input-36/conv_1, inputs=[/80, /input-36/conv_1_w], perturbed=True), unstable size 31396
Batched CROWN: node BoundConv(name=/input-36/conv_3, inputs=[/input-36/add_1_2, /input-36/conv_3_w], perturbed=True), unstable size 19873
Batched CROWN: node BoundConv(name=/input-40, inputs=[/input-36/add_3_4, /47, /48], perturbed=True), unstable size 364667
Batched CROWN: node BoundConv(name=/input-44, inputs=[/83, /49, /50], perturbed=True), unstable size 300492
Batched CROWN: node BoundConv(name=/input-48, inputs=[/85, /51, /52], perturbed=True), unstable size 352505
Batched CROWN: node BoundConv(name=/input-52/conv_1, inputs=[/87, /input-52/conv_1_w], perturbed=True), unstable size 20305
Batched CROWN: node BoundConv(name=/input-52/conv_3, inputs=[/input-52/add_1_2, /input-52/conv_3_w], perturbed=True), unstable size 12406
Batched CROWN: node BoundConv(name=/input-56, inputs=[/input-52/add_3_4, /53, /54], perturbed=True), unstable size 99586
Batched CROWN: node BoundConv(name=/input-60, inputs=[/90, /55, /56], perturbed=True), unstable size 100339
Batched CROWN: node BoundConv(name=/input-64, inputs=[/92, /57, /58], perturbed=True), unstable size 100352
Batched CROWN: node BoundConv(name=/95/conv_1, inputs=[/94, /95/conv_1_w], perturbed=True), unstable size 50176
Batched CROWN: node BoundConv(name=/95/conv_3, inputs=[/95/add_1_2, /95/conv_3_w], perturbed=True), unstable size 25088
Batched CROWN: node BoundLinear(name=/input-68, inputs=[/96, /59, /60], perturbed=True), unstable size 4096
Batched CROWN: node BoundLinear(name=/input-72, inputs=[/99, /61, /62], perturbed=True), unstable size 4096
Worst bound: tensor([-16932982.], device='cuda:0')
Current (lb-rhs): -16932982.0
Total time: 3256.8340  pickout: 0.0004  split: 0.0010  decision: 0.0003  bounding: 3256.7975  clipping: 0.0000  add_domain: 0.0239  rest: 0.0108
Length of domains: 2
3 branch and bound domains visited
Time out!
Result: timeout
Time: 4936.282197713852
[rank 0] === Checking instance ID 779 ===
[rank 0] >>> Running ID=779 onnx=onnx/vgg16-7.onnx
Configurations:

general:
  device: cuda
  seed: 100
  conv_mode: patches
  deterministic: false
  double_fp: false
  loss_reduction_func: max
  sparse_alpha: true
  sparse_interm: true
  save_adv_example: false
  verify_onnxruntime_output: false
  eval_adv_example: false
  show_adv_example: false
  precompile_jit: false
  prepare_only: false
  complete_verifier: bab
  enable_incomplete_verification: false
  csv_name: instances.csv
  results_file: results/vggnet16_all_p_4/result_779.rank0.txt
  root_path: ../../vnncomp2023_benchmarks/benchmarks/vggnet16
  deterministic_opt: false
  graph_optimizer: 'Customized("custom_graph_optimizer", "maxpool_to_relu")'
  buffer_has_batchdim: false
  save_output: false
  output_file: out.pkl
  return_optimized_model: false
  output_additional_stats: true
  instance_id: 779
  dataset_output_dir: dataset
  min_stable_neurons_ratio_threshold: 0.0
model:
  name: null
  path: null
  onnx_path: /projects/air/dlverifier/vggnet16_all/onnx/vgg16-7.onnx
  onnx_path_prefix: ''
  cache_onnx_conversion: true
  debug_onnx: false
  onnx_quirks: null
  input_shape: null
  onnx_loader: default_onnx_and_vnnlib_loader
  onnx_optimization_flags: []
  onnx_vnnlib_joint_optimization_flags: none
  check_optimized: false
  flatten_final_output: false
  optimize_graph: null
  with_jacobian: false
data:
  start: 0
  end: 10000
  select_instance: null
  num_outputs: 1000
  mean: 0.0
  std: 1.0
  pkl_path: null
  dataset: null
  data_filter_path: null
  data_idx_file: null
specification:
  type: lp
  robustness_type: verified-acc
  norm: .inf
  epsilon: null
  epsilon_min: 0.0
  vnnlib_path: /projects/air/dlverifier/vggnet16_all/vnnlib/n02090721_Irish_wolfhound_fix_mask_seg0_k50176_eps_0.0003.vnnlib
  vnnlib_path_prefix: ''
  rhs_offset: null
solver:
  batch_size: 1
  auto_enlarge_batch_size: false
  min_batch_size_ratio: 0.1
  use_float64_in_last_iteration: false
  early_stop_patience: 10
  start_save_best: 0.5
  bound_prop_method: forward+backward
  init_bound_prop_method: same
  prune_after_crown: false
  optimize_disjuncts_separately: false
  crown:
    batch_size: 16
    max_crown_size: 1000000000
    relu_option: adaptive
  alpha-crown:
    alpha: true
    lr_alpha: 0.1
    iteration: 100
    share_alphas: false
    lr_decay: 0.98
    full_conv_alpha: true
    max_coeff_mul: .inf
    matmul_share_alphas: false
    disable_optimization: []
    max_time: 1.0
  invprop:
    apply_output_constraints_to: []
    tighten_input_bounds: false
    best_of_oc_and_no_oc: false
    directly_optimize: []
    oc_lr: 0.1
    share_gammas: false
  beta-crown:
    lr_alpha: 0.01
    lr_beta: 0.05
    lr_decay: 0.98
    optimizer: adam
    iteration: 10
    beta: true
    beta_warmup: true
    enable_opt_interm_bounds: false
    all_node_split_LP: false
  forward:
    refine: false
    dynamic: true
    max_dim: 100
    reset_threshold: 1.0
  intermediate_refinement:
    enabled: false
    batch_size: 10
    opt_coeffs: false
    opt_bias: false
    lr: 0.05
    layers: [-1]
    max_domains: 1000
  multi_class:
    label_batch_size: 32
    skip_with_refined_bound: true
  mip:
    unstable_neuron_threshold: 0
    parallel_solvers: null
    solver_threads: 1
    refine_neuron_timeout: 15
    refine_neuron_time_percentage: 0.8
    early_stop: true
    adv_warmup: true
    mip_solver: gurobi
    skip_unsafe: false
    topk_filter: 1.0
    sliding_window: -1
    extra_constraint: false
    refine_neuron_timeout_increasement: 0
    timeout_neuron_percentage: 0.3
    remaining_timeout_threshold: 1
    remove_unstable_neurons: true
    lp_solver: false
bab:
  initial_max_domains: 1
  backing_up_max_domain: null
  max_domains: .inf
  decision_thresh: 0
  timeout: 1200.0
  timeout_scale: 1
  max_iterations: -1
  override_timeout: null
  get_upper_bound: false
  pruning_in_iteration: true
  pruning_in_iteration_ratio: 0.2
  sort_targets: false
  batched_domain_list: true
  optimized_interm: ''
  interm_transfer: true
  recompute_interm: false
  sort_domain_interval: -1
  vanilla_crown: false
  tree_traversal: depth_first
  cut:
    enabled: false
    cuts_path: /tmp/abcrown_cuts
    implication: false
    bab_cut: false
    lp_cut: false
    method: null
    lr: 0.01
    lr_decay: 1.0
    iteration: 100
    bab_iteration: -1
    early_stop_patience: -1
    lr_beta: 0.02
    number_cuts: 50
    topk_cuts_in_filter: 1000
    batch_size_primal: 100
    max_num: 1000000000
    patches_cut: false
    cplex_cuts: false
    cplex_cuts_wait: 0
    cplex_cuts_revpickup: true
    cut_reference_bounds: true
    fix_intermediate_bounds: false
    _tmp_cuts: null
    fixed_cuts: false
    add_implied_cuts: false
    add_input_cuts: false
    biccos:
      enabled: false
      constraint_strengthening: true
      recursively_strengthening: false
      drop_ratio: 0.5
      verified_bonus: 0.3
      max_infer_iter: 20
      heuristic: neuron_influence_score
      save_biccos_cuts: false
      multi_tree_branching:
        enabled: false
        restore_best_tree: false
        keep_n_best_domains: 1
        k_splits: 1
        iterations: 1
  branching:
    method: sb
    candidates: 3
    reduceop: min
    enable_intermediate_bound_opt: false
    branching_input_and_activation: false
    branching_input_and_activation_order: [input, relu]
    branching_input_iterations: 30
    branching_relu_iterations: 50
    gnn_path: ''
    neural_heuristic:
      model_path: ''
    rl:
      experiment: general
      eval: false
      extras: []
      logging:
        color: true
        debug: true
        file: rl-experiment.log
      pnet:
        gH: 64
        tH: 64
        nheads: 64
        nlayers: 64
        useDynamicGraph: true
        bidirectional: false
        GAT: true
      training:
        gamma: 0.99
        lr: 0.001
        batchSize: 8
        loop: 8
        totalEpochs: 10
        updatePolicyFrequency: 10
        updateTargetFrequency: 10
        buffer: buffer.pkl
        preparedBuffer: 'False'
        TestingPreparedBuffer: false
        scriptTraining: false
        policynet: policy-checkpoint.pt
        targetnet: target-checkpoint.pt
        datasetShuffle: true
        targetedData: all
        splitRatio: 0.8
        maxInstances: -1
        trainingMode: full
        reward:
          norm: null
          bonus: 10.0
          penalty: -1.0
      egreedy:
        epsilon: 0.1
        epsilonDecay: 0.1
        minEpsilon: 0.1
        ePath: epsilon.pt
        enabled: true
      expert:
        useExpertUntilEpisode: 0.1
        enabled: true
        learnToImitateExpertEpochs: 10
    nonlinear_split:
      method: shortcut
      branching_point_method: uniform
      num_branches: 2
      filter: false
      filter_beta: false
      filter_clamp: false
      filter_batch_size: 10000
      filter_iterations: 25
      relu_only: false
      loose_tanh_threshold: null
      dynamic_bbps: false
      dynamic_options: [uniform, three_left, three_right]
      branching_point_node: ''
      branching_point_db: []
    input_split:
      enable_clip_domains: false
      split_hint: null
      reorder_bab: false
      enable: true
      enhanced_bound_prop_method: alpha-crown
      enhanced_branching_method: naive
      enhanced_bound_patience: 100000000.0
      attack_patience: 100000000.0
      adv_check: 0
      split_partitions: 2
      sb_margin_weight: 1.0
      sb_sum: false
      sb_primary_spec: null
      bf_backup_thresh: -1
      bf_rhs_offset: 0
      bf_iters: 1000000000.0
      bf_batch_size: 100000
      bf_zero_crossing_score: false
      touch_zero_score: 0
      ibp_enhancement: false
      catch_assertion: false
      compare_with_old_bounds: false
      update_rhs_with_attack: false
      sb_coeff_thresh: 0.001
      sort_index: null
      sort_descending: true
      show_progress: false
      presplit_domains: null
      skip_getting_worst_domain: false
  attack:
    enabled: false
    beam_candidates: 8
    beam_depth: 7
    max_dive_fix_ratio: 0.8
    min_local_free_ratio: 0.2
    mip_start_iteration: 5
    mip_timeout: 30.0
    adv_pool_threshold: null
    refined_mip_attacker: false
    refined_batch_size: null
attack:
  pgd_order: input_bab
  pgd_steps: 100
  pgd_restarts: 30
  pgd_batch_size: 100000000
  pgd_early_stop: true
  pgd_lr_decay: 0.99
  pgd_alpha: auto
  pgd_alpha_scale: false
  pgd_loss_mode: null
  pgd_restart_when_stuck: false
  enable_mip_attack: false
  adv_saver: default_adv_saver
  adv_verifier: default_adv_verifier
  early_stop_condition: default_early_stop_condition
  adv_example_finalizer: default_adv_example_finalizer
  pgd_loss: default_pgd_loss
  cex_path: ./test_cex.txt
  attack_mode: PGD
  attack_tolerance: 0.0
  attack_func: attack_with_general_specs
  gama_lambda: 10.0
  gama_decay: 0.9
  check_clean: true
  input_split:
    pgd_steps: 100
    pgd_restarts: 30
    pgd_alpha: auto
  input_split_enhanced:
    pgd_steps: 200
    pgd_restarts: 500000
    pgd_alpha: auto
  input_split_check_adv:
    enabled: auto
    pgd_steps: 5
    pgd_restarts: 5
    pgd_alpha: auto
    max_num_domains: 10
debug:
  sanity_check: Full+Graph
  view_model: false
  lp_test: null
  rescale_vnnlib_ptb: null
  test_optimized_bounds: false
  test_optimized_bounds_after_n_iterations: 0
  print_verbose_decisions: false

Experiments at Fri Feb 20 03:31:35 2026 on d1026
Internal results will be saved to results/vggnet16_all_p_4/result_779.rank0.txt.

[ZRL] %%%%%%%%%%%%%%%%%%%%%%%%%%%%%%%%%%% idx: 0, vnnlib ID: 0 %%%%%%%%%%%%%%%%%%%%%%%%%%%%%%%%%%%
Using onnx /projects/air/dlverifier/vggnet16_all/onnx/vgg16-7.onnx
Using vnnlib /projects/air/dlverifier/vggnet16_all/vnnlib/n02090721_Irish_wolfhound_fix_mask_seg0_k50176_eps_0.0003.vnnlib
150528 inputs and 1000 outputs in vnnlib
Loading cached onnx model from /projects/air/dlverifier/vggnet16_all/onnx/vgg16-7.onnx.cached
Cannot read cached onnx file. Regenerating...
Loading onnx /projects/air/dlverifier/vggnet16_all/onnx/vgg16-7.onnx with quirks {}
Finished onnx model loading in 35.9206 seconds
Number of perturbed inputs: 12792
WARNING: prioritizing attack due to too many perturbed pixels on VGG
Setting arguments.Config["attack"]["pgd_order"] to "before"
Setting bound_prop_method to crown
Attack parameters: initialization=uniform, steps=100, restarts=30, alpha=7.500126957893372e-05, initialization=uniform, GAMA=False
Model output of first 5 examples:
 tensor([[ 1.04841626e+00,  2.06702948e+00,  1.09783721e+00,  1.12288201e+00,
          1.32237649e+00,  1.78087616e+00,  2.02228856e+00, -1.33932936e+00,
         -9.34227884e-01, -5.16535878e-01, -1.10908437e+00,  3.98890167e-01,
         -1.86851010e-01, -4.28034902e-01,  6.12776577e-01,  3.99405211e-01,
         -6.88385785e-01, -7.47176349e-01, -8.81155133e-02, -6.38609409e-01,
         -1.45150453e-01,  8.04878235e-01,  1.29130948e+00, -4.18406129e-02,
          5.27139425e-01, -1.40129519e+00, -2.91991606e-02, -7.69551635e-01,
         -1.72836423e+00,  6.30796134e-01, -1.19846606e+00,  8.31612587e-01,
         -9.04494464e-01, -2.44698510e-01, -3.72476667e-01, -8.30604136e-01,
          8.32296789e-01, -1.54462540e+00, -1.87428474e-01, -1.07655621e+00,
          9.79077280e-01, -1.29397106e+00, -1.74308062e+00, -1.25649440e+00,
         -5.64032674e-01, -1.05319524e+00,  1.38925374e+00, -8.50888073e-01,
         -8.57981205e-01,  2.63409257e-01,  1.57935929e+00, -2.08044982e+00,
         -1.60624072e-01,  1.42617181e-01, -1.00066388e+00,  9.73762646e-02,
         -1.13942766e+00, -1.49697948e+00,  6.67936921e-01,  2.43450195e-01,
          3.12171787e-01, -8.48199487e-01, -1.42098188e+00,  1.30401149e-01,
          8.15625548e-01,  8.57550144e-01, -7.91928589e-01,  1.73909873e-01,
         -1.30269384e+00, -1.15134585e+00,  2.96281695e-01,  2.64549524e-01,
         -3.43469083e-01,  3.86803269e-01,  1.65325120e-01,  6.03511810e-01,
          2.17951506e-01,  1.20489383e+00,  8.82493496e-01,  1.08442569e+00,
         -1.50570810e-01, -1.32069433e+00, -3.95295799e-01, -9.65249181e-01,
         -4.79075797e-02, -3.23501319e-01, -8.13810706e-01,  3.84021312e-01,
          2.24855557e-01,  1.52900100e-01, -2.40801215e-01, -1.61370683e+00,
          4.24468726e-01,  3.85346681e-01,  8.39882493e-01, -1.58088267e+00,
          9.90889013e-01,  1.21901751e-01,  4.78408873e-01,  1.02759504e+00,
          1.85437775e+00, -8.44623864e-01, -2.03725338e+00,  1.64002359e+00,
          4.05474380e-02, -1.37157083e+00, -4.43854928e-02,  1.08433914e+00,
         -7.90048540e-01, -6.76596403e-01,  2.04628348e-01,  2.93847299e+00,
          1.33996099e-01,  5.67879200e-01,  4.04879689e-01, -1.25103486e+00,
         -1.29150772e+00,  3.41551185e-01, -1.24708724e+00, -2.03626680e+00,
         -2.12764144e+00, -2.44092846e+00, -2.09984899e+00, -2.15008307e+00,
         -1.42314458e+00, -1.67757034e+00,  6.58292413e-01,  1.06489539e+00,
          1.14384890e+00,  1.91552961e+00,  1.23588824e+00,  7.70718575e-01,
          2.42401004e+00,  5.11511564e-01,  1.03597951e+00, -1.43982425e-01,
         -1.67312562e-01,  1.00781727e+00,  4.00927216e-01, -1.64655936e+00,
         -1.67302322e+00,  4.18755978e-01, -3.82861674e-01, -1.03638142e-01,
          1.69835508e-01,  4.38501358e-01, -9.24252868e-02,  1.33709037e+00,
          8.51669967e-01,  2.43681073e+00,  1.49818435e-01,  1.15314150e+00,
         -4.80549753e-01,  1.71431780e+00,  7.82583356e-01,  4.00974989e-01,
         -1.28886029e-01,  4.22330916e-01, -5.26456714e-01, -3.58639091e-01,
          7.96238855e-02,  4.40726995e-01,  1.15307498e+00,  1.27229616e-01,
         -5.25594771e-01, -7.44796276e-01, -8.90048146e-01, -9.10658121e-01,
          2.47757360e-02,  3.31844300e-01,  2.18917832e-01,  7.19394088e-02,
         -4.21575189e-01,  4.94391888e-01,  2.67710596e-01,  1.54672995e-01,
         -4.37967211e-01, -3.37538809e-01,  1.46655333e+00, -7.20633268e-01,
         -4.13566321e-01,  6.18215621e-01,  5.72065413e-01,  1.58946842e-01,
          6.68413758e-01,  2.93850392e-01,  7.60282993e-01,  1.23892784e+00,
          1.79418042e-01,  3.22540194e-01,  9.52509761e-01,  1.26236451e+00,
          6.94086850e-01,  6.18317604e-01,  4.51832503e-01,  1.17565620e+00,
          8.24497759e-01, -4.97575045e-01, -3.89265954e-01,  1.24394083e+00,
          5.99547982e-01,  4.21265662e-01,  6.87902451e-01,  2.19907856e+00,
          1.04659963e+00, -1.54591084e-01, -9.46084738e-01,  8.48017573e-01,
          7.10781395e-01,  8.09923232e-01, -1.37656200e+00,  3.03806782e-01,
          8.86848032e-01,  1.12304986e-01, -3.31060410e-01, -1.01086348e-01,
          6.71431363e-01,  2.01851934e-01,  7.40691349e-02,  8.16995263e-01,
          4.14990574e-01, -2.25701943e-01,  5.85538328e-01,  6.35855734e-01,
          7.61703730e-01,  1.54794827e-02,  1.38550028e-01, -1.82953700e-01,
         -5.84819674e-01,  1.59754622e+00, -7.11412206e-02,  5.76572597e-01,
         -3.02324176e-01,  1.09036854e-02,  2.65468135e-02,  8.40097129e-01,
         -3.09533238e-01,  1.95857555e-01, -3.43779564e-01,  1.50321960e-01,
         -2.27521986e-01, -4.11995202e-01,  5.85869372e-01, -6.90313935e-01,
         -5.79296172e-01,  1.07357538e+00, -5.62276661e-01, -3.27507965e-02,
          7.89481282e-01,  7.20355511e-01,  6.62498713e-01, -7.16749668e-01,
          1.85846016e-01,  4.06942159e-01,  1.47081137e+00, -7.33713865e-01,
         -5.13374627e-01,  1.18795764e+00,  1.21086466e+00,  1.60866928e+00,
          1.40116215e+00,  3.32886964e-01, -8.18780124e-01,  8.42941701e-01,
          2.11467624e-01,  1.37608588e+00,  3.78790557e-01,  1.44554138e-01,
         -1.50065005e+00,  1.22280824e+00,  1.93047059e+00,  8.80282760e-01,
          1.20015097e+00,  1.34700382e+00,  2.20987737e-01, -8.41701627e-02,
          4.01400685e-01,  1.31880844e+00,  7.22867027e-02,  1.76156175e+00,
          8.43605161e-01,  2.32194471e+00,  2.71703315e+00,  3.00831747e+00,
          2.83558226e+00,  1.54919708e+00,  5.06905735e-01,  1.34696674e+00,
         -3.55551928e-01, -1.28219783e-01, -5.10631740e-01,  2.36697972e-01,
          2.48533651e-01,  2.77225226e-01,  3.42863321e-01,  8.73809755e-02,
          2.60158467e+00, -1.04291588e-01, -5.34663737e-01, -9.82420519e-02,
         -1.99863458e+00,  3.91385555e-01, -1.34293985e+00, -1.04272747e+00,
         -1.18944776e+00, -2.17410374e+00, -8.51742625e-01, -5.33351541e-01,
          3.93786728e-01, -1.16877830e+00,  1.24519837e+00,  3.83961499e-01,
         -4.91794467e-01,  1.08729434e+00,  5.48384666e-01,  2.92870402e-01,
          8.84554237e-02, -5.25283813e-01,  1.54183698e+00,  7.34130502e-01,
          3.01174652e-02, -2.35572004e+00, -1.60914826e+00, -2.02347875e+00,
         -1.32123375e+00, -1.70693171e+00, -1.76612580e+00,  6.83341734e-03,
         -1.79345965e+00, -1.58196092e+00,  1.27147555e+00,  1.90809536e+00,
          2.71118498e+00,  8.01773310e-01, -4.54504788e-01, -2.54682332e-01,
         -1.64157915e+00,  1.22681844e+00,  5.49645185e-01, -1.79095495e+00,
         -7.14995503e-01,  1.47073388e-01, -4.11438346e-01, -1.03831136e+00,
          5.33989608e-01, -9.38632429e-01, -1.04771316e+00, -2.42222399e-01,
         -1.81428719e+00, -1.19797075e+00, -1.33277404e+00, -9.00407851e-01,
         -5.55333555e-01, -5.47250688e-01, -1.38589954e+00, -8.29122901e-01,
          7.19512582e-01,  1.84106380e-01,  4.91237700e-01,  7.69635856e-01,
          6.76950812e-01,  6.15933597e-01,  1.01987958e+00, -5.84591143e-02,
         -8.62446308e-01,  2.29518548e-01,  5.04971981e-01,  3.04453094e-02,
          4.59638804e-01, -4.50593114e-01,  4.86010164e-02, -6.20909572e-01,
          8.01815033e-01,  8.24344993e-01,  4.37255025e-01, -8.81389320e-01,
          3.97642702e-01,  2.38435835e-01,  6.33179009e-01, -4.68650073e-01,
          6.56517029e-01, -1.68257266e-01,  3.69544804e-01,  3.66162555e-03,
         -2.67624825e-01, -2.07889527e-01, -6.88671529e-01, -1.35016191e+00,
         -9.81783032e-01,  1.06632829e+00,  2.15414420e-01,  1.28481257e+00,
          5.57055585e-02, -1.24558878e+00,  5.30804515e-01,  1.42353094e+00,
         -1.16923344e+00, -7.67111033e-02, -9.76107359e-01,  4.41777945e-01,
         -1.07663774e+00, -1.45843792e+00,  1.64022982e-01, -7.67997086e-01,
         -5.89534879e-01,  6.72314823e-01, -1.39469647e+00, -6.32172048e-01,
         -1.58997023e+00,  1.91664267e+00, -1.32918227e+00,  1.76874912e+00,
          5.54747999e-01,  5.89504242e-01,  1.02466011e+00, -2.27278137e+00,
          1.40740478e+00,  1.11452651e+00,  1.52110624e+00,  1.73824036e+00,
         -1.10867880e-02,  1.07768528e-01, -5.11149943e-01, -1.59498918e+00,
         -6.89404249e-01,  5.29212892e-01,  2.27858186e-01, -9.85763371e-01,
         -6.36488676e-01, -2.75341958e-01, -1.16411519e+00, -4.37912256e-01,
         -3.52207392e-01,  1.35431945e+00,  1.50891972e+00,  7.14855492e-01,
         -7.50615537e-01,  2.45650560e-01,  1.46836913e+00,  5.54061159e-02,
         -5.67764044e-03,  1.50114250e+00, -3.02488476e-01,  2.21989346e+00,
         -1.55274856e+00, -4.24734503e-01,  2.85933137e+00, -4.63554859e-01,
         -1.76030487e-01,  1.20500520e-01, -1.38093042e+00, -6.14423491e-02,
          2.16950551e-01, -5.22946477e-01, -1.82890296e+00, -2.60300815e-01,
         -2.40734026e-01,  7.08655059e-01, -3.46421182e-01,  5.25474072e-01,
         -7.88560212e-01, -5.67533225e-02,  1.87900448e+00,  7.15582818e-03,
          7.62693644e-01,  1.80764747e+00, -1.44002008e+00, -2.61006784e+00,
          3.85600746e-01, -1.96035132e-01,  4.88402188e-01, -1.33931708e+00,
          3.27845663e-02,  1.86983377e-01, -5.67984581e-01,  1.11009789e+00,
         -1.38532782e+00, -8.36416960e-01,  1.02084987e-02, -1.30918384e+00,
          2.75290155e+00,  5.72420657e-01, -3.30075175e-01, -3.50017160e-01,
         -2.14953288e-01,  4.61244613e-01, -3.88132155e-01,  1.55814254e+00,
         -8.31475258e-01,  2.00047269e-01,  1.40770733e-01, -1.43300498e+00,
          1.09113157e-01, -7.22552359e-01,  1.43722028e-01, -7.54250824e-01,
          8.42961550e-01,  4.90809202e-01, -3.17792237e-01,  2.07362223e+00,
         -2.78901219e+00,  6.69061124e-01, -1.19025230e+00, -5.20393364e-02,
         -8.35775211e-03, -3.91590804e-01, -1.87840617e+00,  5.65754712e-01,
          1.07106698e+00, -3.09532571e+00, -5.25867462e-01, -1.53705442e+00,
         -5.57725906e-01, -5.46876788e-01, -8.55974197e-01, -4.20363277e-01,
         -1.76320744e+00,  1.46180674e-01, -8.23091626e-01, -7.02823639e-01,
         -9.30623412e-01, -1.00141060e+00, -1.04329658e+00, -4.72974211e-01,
         -5.50800323e-01, -2.80056834e-01, -7.50897765e-01,  4.92082775e-01,
         -8.68337333e-01,  1.01035750e+00,  1.68683755e+00,  4.69805807e-01,
         -1.07297146e+00,  4.07973714e-02,  1.94954562e+00, -2.40225005e+00,
         -1.47549450e+00, -6.97730422e-01,  3.06994796e-01,  2.89269328e+00,
         -1.06392950e-01, -2.09698939e+00,  9.95441318e-01, -4.85253930e-01,
         -1.38592815e+00,  7.43109174e-03, -2.80966848e-01, -2.55018425e+00,
          7.08571263e-03,  3.02224755e+00, -2.13346386e+00, -1.13677967e+00,
          1.16311526e+00,  9.36393142e-01,  6.03251636e-01, -8.51636469e-01,
          3.19944334e+00,  1.75723064e+00,  3.39062989e-01,  8.17548931e-02,
         -1.16471004e+00, -7.95847237e-01,  2.36208558e+00,  5.94763935e-01,
         -1.03791118e+00,  2.03666419e-01, -7.25238502e-01, -3.18259388e-01,
          6.86454296e-01, -1.79575658e+00,  3.30527872e-02, -8.53463709e-01,
          7.82638848e-01, -7.85489619e-01,  1.17524707e+00, -6.24635577e-01,
         -1.52390146e+00,  4.09631908e-01,  5.81755519e-01, -7.02004433e-01,
          3.28681141e-01, -9.20316160e-01, -2.68573070e+00, -6.78230941e-01,
          3.91243279e-01,  1.81456685e-01, -1.15457511e+00,  8.82711291e-01,
          1.13791239e+00, -1.57491073e-01,  2.95813620e-01,  3.77371216e+00,
         -4.42217469e-01,  4.38274950e-01, -1.30766809e+00, -8.64969373e-01,
          1.34236491e+00,  8.94526690e-02,  7.49941409e-01,  4.78882849e-01,
          1.31621563e+00,  4.75350171e-02,  1.46231651e+00, -2.31004381e+00,
          5.94180584e-01,  1.68168688e+00,  3.83145779e-01, -2.98140675e-01,
          1.48487842e+00, -7.57960081e-01,  1.84373808e+00,  6.53121114e-01,
         -1.54382300e+00, -3.14526230e-01, -2.81331539e-01,  9.70178843e-01,
          1.13533056e+00,  3.43515813e-01,  1.32070327e+00,  2.62677836e+00,
          2.30786824e+00,  5.22880018e-01,  6.57614470e-01,  1.39442980e+00,
         -1.40541685e+00, -1.07891834e+00,  1.34710312e+00, -4.29136246e-01,
         -1.36749268e+00,  5.15277803e-01, -5.84046304e-01,  1.32766992e-01,
          2.54015183e+00, -2.67650276e-01, -2.74039006e+00, -6.48670793e-01,
          2.08544779e+00,  2.97090441e-01,  2.24555060e-02, -1.30440786e-01,
         -9.21662033e-01, -4.53841418e-01, -1.50388706e+00,  1.78592280e-03,
          1.32890451e+00, -2.42185545e+00,  1.55281976e-01,  7.45318770e-01,
          3.71039689e-01, -6.81816041e-01,  1.34435177e+00,  2.22543287e+00,
         -4.86287713e-01, -6.18137002e-01, -5.54649234e-01,  8.29997897e-01,
         -8.10872555e-01,  1.70605171e+00, -2.50777841e-01,  3.14876646e-01,
         -3.54706585e-01, -2.42215872e+00,  7.54794359e-01, -1.40446579e+00,
          2.61598992e+00, -1.50631678e+00, -1.18655205e+00, -3.56235266e-01,
         -5.25972009e-01,  2.47226954e+00, -1.33334112e+00, -1.36612618e+00,
          6.26171291e-01,  8.89700949e-01,  6.20564483e-02, -9.28200483e-01,
         -6.78319275e-01,  5.24208486e-01,  1.37414813e-01, -1.09349203e+00,
          1.29369044e+00,  1.47101367e+00, -3.79718021e-02,  2.85918087e-01,
         -3.77980292e-01,  2.87253439e-01, -1.17059124e+00, -2.85190368e+00,
          1.80322111e+00, -6.05828524e-01, -3.66633105e+00, -1.32588789e-01,
          1.53144526e+00,  9.48167980e-01, -6.29361749e-01,  6.06424391e-01,
          1.15528023e+00, -2.25137427e-01, -1.28718519e+00, -4.27497447e-01,
          1.79428363e+00,  1.56320107e+00,  1.72906831e-01, -6.74252272e-01,
          1.14254224e+00, -1.71023881e+00, -1.43833923e+00,  5.88367879e-01,
         -5.05832970e-01,  1.46473765e+00, -3.49838763e-01,  8.87373030e-01,
          1.25048316e+00,  1.80366248e-01,  2.39207581e-01, -7.21500874e-01,
         -3.21448565e-01, -1.73615789e+00,  3.36573333e-01, -2.03148723e-01,
         -7.06064887e-03,  1.92746270e+00,  1.83949077e+00, -1.59359872e-01,
         -1.42888939e+00,  1.11630177e+00, -1.46335816e+00,  8.55573773e-01,
          1.82782638e+00, -1.63358438e+00, -1.89241648e+00,  1.31034327e+00,
         -1.53194860e-01,  1.04757798e+00, -1.41244173e+00,  2.59592474e-01,
          3.37670624e-01,  7.07880676e-01, -4.44732279e-01, -2.47290874e+00,
         -9.42436278e-01,  2.57812524e+00, -7.23102450e-01, -6.26467705e-01,
          1.63321269e+00,  2.77062297e-01, -4.67318296e-02,  1.00447488e+00,
          1.06214333e+00,  1.30927467e+00,  1.17091584e+00, -6.50851369e-01,
          1.52833283e+00,  1.72929990e+00,  6.86531216e-02, -1.10813594e+00,
          1.71117522e-02, -1.21571088e+00, -5.14708638e-01, -1.17759153e-01,
          9.94503796e-01,  1.54129088e+00, -2.47067690e+00,  1.09869206e+00,
          1.10898972e+00, -9.61047292e-01, -8.69057655e-01,  9.61420000e-01,
         -1.20284474e+00,  1.38544106e+00, -1.05966389e+00,  7.13298142e-01,
          1.23635077e+00,  1.06939459e+00, -9.24543500e-01,  1.00538313e-01,
          5.79850435e-01,  5.51445901e-01,  1.81172386e-01, -7.66403615e-01,
         -5.63002110e-01,  4.59514290e-01,  2.81899023e+00,  6.64983928e-01,
          1.70195568e+00,  3.87714505e-01, -1.72605538e+00, -2.02688873e-01,
         -1.63234341e+00,  1.47802341e+00, -2.00984746e-01,  5.30160546e-01,
          1.21125722e+00,  8.75342488e-01,  3.61300325e+00,  2.14021862e-01,
          7.80163527e-01,  1.48970759e+00,  6.12404704e-01,  2.07825994e+00,
         -6.13948345e-01,  5.25730811e-02, -2.45627418e-01,  3.69700074e-01,
          4.37349260e-01,  1.47272617e-01, -2.14829534e-01, -4.26680565e-01,
         -1.40270638e+00, -2.70480871e-01,  3.43917787e-01,  6.44929826e-01,
          1.04456377e+00,  5.39657950e-01,  1.44628197e-01,  9.14965987e-01,
          4.92621154e-01, -1.34628999e+00,  1.70891762e+00,  1.02090526e+00,
         -1.31511986e+00, -1.56319559e+00, -1.29017556e+00, -1.03639448e+00,
          3.62201452e-01, -1.14990377e+00,  3.46798211e-01, -2.76596874e-01,
          1.37380004e+00, -1.42272305e+00, -9.71728384e-01,  6.64395690e-01,
         -9.16896522e-01, -1.17274821e-01,  6.67325675e-01, -2.06561899e+00,
         -6.06588125e-01,  6.29915670e-02,  5.13806902e-02, -2.28989452e-01,
          1.22160184e+00,  2.73767114e-01,  1.09542596e+00,  3.75983506e-01,
          2.34306359e+00,  1.89809275e+00,  1.06277537e+00, -1.17925489e+00,
         -8.40982199e-02, -6.62880301e-01,  1.40607283e-01,  3.47466850e+00,
          2.10112500e+00, -1.34189701e+00,  1.13812113e+00,  1.10648227e+00,
         -3.63545561e+00, -1.20997000e+00, -1.04253685e+00, -5.73133767e-01,
         -1.73959637e+00,  1.98713392e-01, -6.03435159e-01, -9.46853459e-01,
         -1.99606812e+00, -2.63290882e+00, -9.90055561e-01, -5.99220932e-01,
          2.21691465e+00, -5.90447299e-02, -5.72024167e-01,  2.33345091e-01,
          5.83248913e-01, -5.18829823e-01, -2.14904881e+00,  3.90974656e-02,
          5.62728226e-01,  2.39013582e-01, -1.72165716e+00,  2.29543471e+00,
          6.98514283e-03, -1.06996429e+00,  2.84058630e-01,  9.31049943e-01,
         -5.50327241e-01,  3.28833985e+00,  2.79638529e-01, -1.55958042e-01,
         -1.28267616e-01, -1.85274661e-01, -1.32364047e+00, -1.54350412e+00,
          2.83442044e+00,  1.18707681e+00,  1.26440406e+00, -6.97093964e-01,
          3.75954181e-01,  6.14008307e-01,  1.60837173e+00,  1.08660482e-01,
         -3.09056699e-01, -9.66506660e-01,  5.50431311e-01,  1.12896597e+00,
          6.63082409e+00,  4.18809175e+00,  6.50262654e-01, -3.16665113e-01,
          8.74588251e-01, -4.74742919e-01, -1.74215347e-01,  2.66379261e+00,
         -1.93805420e+00, -7.29469001e-01, -4.29369926e-01, -8.85204375e-01,
          9.66211677e-01, -5.79840720e-01, -2.95080602e-01,  8.03693354e-01,
          7.17203021e-01,  2.40803170e+00, -4.41462517e-01, -1.88410866e+00,
         -2.34742022e+00,  3.05526070e-02, -2.22861052e+00, -2.11232924e+00,
         -1.78212380e+00,  6.99273527e-01, -1.56846523e+00, -1.11022985e+00,
         -1.33467090e+00, -2.23262978e+00, -1.93704355e+00, -1.44952929e+00,
         -1.30301404e+00, -9.64474320e-01, -1.17588055e+00, -2.48749897e-01,
         -1.39149308e+00, -1.34120476e+00, -6.44618034e-01, -7.32957646e-02,
         -2.79017329e+00,  1.01956554e-01, -2.44572568e+00, -9.02442455e-01,
          1.83908808e+00,  4.50429261e-01,  3.91124159e-01,  6.84253156e-01,
         -1.00123775e+00, -1.73094615e-01,  1.60719156e-01, -9.10165548e-01,
         -1.20803332e+00, -5.03071845e-01, -4.37042087e-01, -2.63745856e+00,
         -2.74437475e+00, -4.95257080e-01, -2.43530560e+00, -1.97620308e+00,
         -1.99989450e+00, -1.69417608e+00,  4.94258821e-01, -1.08773506e+00,
          4.77776855e-01, -6.01479650e-01, -1.50586271e+00,  2.47382188e+00,
         -7.87939250e-01,  7.37080202e-02,  2.20494056e+00,  1.88721752e+00,
         -1.02795351e+00,  1.17253864e+00,  2.96779312e-02, -1.23573303e+00,
          8.85840774e-01,  6.69486046e-01, -3.14771891e-01,  6.96070269e-02,
          1.39914244e-01,  6.09132797e-02, -8.50316226e-01,  6.49076998e-02,
         -7.14467883e-01,  4.22704667e-02, -1.33177245e+00, -1.64320648e+00,
         -1.14763331e+00, -2.93333983e+00, -2.78259563e+00, -1.75456023e+00,
         -1.88460636e+00, -2.05292487e+00,  1.23471834e-01,  1.47609639e+00]],
       device='cuda:0')
Adv example prediction (first 2 examples and 2 restarts):
 tensor([[[ 1.04148781e+00,  2.06648135e+00,  1.09387577e+00,  1.11937797e+00,
           1.31952989e+00,  1.76576519e+00,  2.01038527e+00, -1.34479892e+00,
          -9.42513287e-01, -5.15018582e-01, -1.10463870e+00,  4.03390139e-01,
          -1.84170097e-01, -4.22957808e-01,  6.20673239e-01,  4.03075576e-01,
          -6.81545734e-01, -7.44181037e-01, -8.08300227e-02, -6.34329379e-01,
          -1.38463989e-01,  8.06404591e-01,  1.29228199e+00, -4.11375016e-02,
           5.30262232e-01, -1.39276230e+00, -2.42438540e-02, -7.66520500e-01,
          -1.72126853e+00,  6.26535535e-01, -1.19212675e+00,  8.35319519e-01,
          -8.99439096e-01, -2.46938035e-01, -3.70174587e-01, -8.23735178e-01,
           8.38973582e-01, -1.54091167e+00, -1.88282624e-01, -1.07363033e+00,
           9.80644464e-01, -1.29454756e+00, -1.74112582e+00, -1.25327682e+00,
          -5.60773432e-01, -1.04979575e+00,  1.38958108e+00, -8.50214779e-01,
          -8.59875202e-01,  2.74158269e-01,  1.58959687e+00, -2.08420467e+00,
          -1.62150338e-01,  1.46928370e-01, -9.97815847e-01,  9.87627879e-02,
          -1.13529563e+00, -1.48966026e+00,  6.74592376e-01,  2.47167081e-01,
           3.14397305e-01, -8.46667469e-01, -1.41754317e+00,  1.26679063e-01,
           8.15848827e-01,  8.58920336e-01, -7.95647919e-01,  1.77279532e-01,
          -1.30301273e+00, -1.15627229e+00,  2.93567806e-01,  2.68102527e-01,
          -3.34135890e-01,  3.92484069e-01,  1.71526954e-01,  6.06319427e-01,
           2.20789120e-01,  1.20790720e+00,  8.75129998e-01,  1.08481455e+00,
          -1.44750983e-01, -1.32463729e+00, -3.95149529e-01, -9.67933595e-01,
          -4.86270376e-02, -3.21226507e-01, -8.15873802e-01,  3.81911367e-01,
           2.27494478e-01,  1.46017164e-01, -2.37571314e-01, -1.60674477e+00,
           4.30550516e-01,  3.89285296e-01,  8.42947006e-01, -1.57350373e+00,
           9.93392050e-01,  1.22954592e-01,  4.87286806e-01,  1.02608550e+00,
           1.86105227e+00, -8.42494071e-01, -2.04129171e+00,  1.64484513e+00,
           3.16712931e-02, -1.37365842e+00, -5.68323433e-02,  1.07660651e+00,
          -7.93275118e-01, -6.81008875e-01,  1.97042882e-01,  2.93866372e+00,
           1.23960339e-01,  5.65356672e-01,  4.00837719e-01, -1.25539804e+00,
          -1.29410899e+00,  3.32651705e-01, -1.24343586e+00, -2.03199148e+00,
          -2.12237787e+00, -2.43420172e+00, -2.09491134e+00, -2.14994502e+00,
          -1.42127478e+00, -1.67937589e+00,  6.53474867e-01,  1.06528962e+00,
           1.15247524e+00,  1.91674399e+00,  1.23672700e+00,  7.77617276e-01,
           2.42747855e+00,  5.16385794e-01,  1.04091132e+00, -1.33473650e-01,
          -1.61182016e-01,  1.01620770e+00,  3.99416238e-01, -1.63797951e+00,
          -1.66918194e+00,  4.28433627e-01, -3.74506414e-01, -9.63679701e-02,
           1.74982607e-01,  4.36792850e-01, -9.23223048e-02,  1.34601331e+00,
           8.56627047e-01,  2.42278576e+00,  1.43611595e-01,  1.13608611e+00,
          -4.86951828e-01,  1.70012784e+00,  7.69573867e-01,  3.92672151e-01,
          -1.36719450e-01,  4.13123041e-01, -5.35345972e-01, -3.65280658e-01,
           7.06251189e-02,  4.33243632e-01,  1.14295340e+00,  1.19666867e-01,
          -5.24747372e-01, -7.43224204e-01, -8.93499553e-01, -9.15755153e-01,
           1.85123608e-02,  3.25406849e-01,  2.10939303e-01,  6.38539717e-02,
          -4.27593648e-01,  4.83589739e-01,  2.60938466e-01,  1.47926226e-01,
          -4.46425408e-01, -3.34917367e-01,  1.46002352e+00, -7.31318295e-01,
          -4.25163656e-01,  6.09486818e-01,  5.60411572e-01,  1.56163126e-01,
           6.59896672e-01,  2.81407088e-01,  7.44828463e-01,  1.22932100e+00,
           1.69093147e-01,  3.11922193e-01,  9.36371684e-01,  1.25562406e+00,
           6.81460619e-01,  6.05187118e-01,  4.38274413e-01,  1.17077649e+00,
           8.14334869e-01, -4.99854863e-01, -3.96724284e-01,  1.23076391e+00,
           5.92162013e-01,  4.09349263e-01,  6.72804177e-01,  2.18617368e+00,
           1.03559399e+00, -1.52966559e-01, -9.42850590e-01,  8.34254682e-01,
           6.98618710e-01,  8.03160250e-01, -1.37806308e+00,  2.96981782e-01,
           8.80815506e-01,  1.07629687e-01, -3.31370473e-01, -1.07918173e-01,
           6.58244669e-01,  1.99866474e-01,  6.65989444e-02,  8.03062856e-01,
           4.07176584e-01, -2.21495047e-01,  5.76655090e-01,  6.31820381e-01,
           7.61403620e-01,  5.97831607e-03,  1.30575433e-01, -1.91482544e-01,
          -5.92411458e-01,  1.58993304e+00, -7.96526149e-02,  5.68737924e-01,
          -3.02123874e-01,  8.14878102e-03,  2.49360874e-02,  8.32431793e-01,
          -3.12808603e-01,  1.89594418e-01, -3.49602163e-01,  1.49021864e-01,
          -2.28785038e-01, -4.11561638e-01,  5.77888429e-01, -7.00391352e-01,
          -5.81963062e-01,  1.06037533e+00, -5.70142567e-01, -3.83803658e-02,
           7.80021429e-01,  7.16744244e-01,  6.53357863e-01, -7.20695376e-01,
           1.84400409e-01,  3.97150338e-01,  1.46043658e+00, -7.39358187e-01,
          -5.12864351e-01,  1.17689490e+00,  1.19774544e+00,  1.59422386e+00,
           1.38658428e+00,  3.26025188e-01, -8.26394677e-01,  8.29174697e-01,
           2.04208955e-01,  1.36496973e+00,  3.68569881e-01,  1.40221059e-01,
          -1.50932610e+00,  1.21837091e+00,  1.91748631e+00,  8.74072313e-01,
           1.19635868e+00,  1.33828294e+00,  2.14639843e-01, -8.50563049e-02,
           3.94495368e-01,  1.31200206e+00,  6.67845383e-02,  1.75098646e+00,
           8.37422669e-01,  2.31004071e+00,  2.70315838e+00,  2.99284768e+00,
           2.81998539e+00,  1.53584170e+00,  4.95105892e-01,  1.33507001e+00,
          -3.57336074e-01, -1.30324662e-01, -5.12534320e-01,  2.29661763e-01,
           2.44909599e-01,  2.73993284e-01,  3.37680280e-01,  8.82324874e-02,
           2.58865380e+00, -1.01302087e-01, -5.41557789e-01, -1.04561120e-01,
          -1.99535930e+00,  3.92786056e-01, -1.33726275e+00, -1.03709912e+00,
          -1.18605363e+00, -2.17158437e+00, -8.48294616e-01, -5.26648223e-01,
           3.95219833e-01, -1.16541016e+00,  1.24494362e+00,  3.91544968e-01,
          -4.89475489e-01,  1.08992791e+00,  5.46411037e-01,  2.94367194e-01,
           8.77272338e-02, -5.23273647e-01,  1.53809595e+00,  7.40444005e-01,
           3.90140861e-02, -2.35162306e+00, -1.60992765e+00, -2.01752996e+00,
          -1.32313919e+00, -1.71018362e+00, -1.76187575e+00,  5.25528751e-03,
          -1.79466093e+00, -1.58253896e+00,  1.25931096e+00,  1.89959359e+00,
           2.69383574e+00,  7.86404788e-01, -4.60661739e-01, -2.60625303e-01,
          -1.64427161e+00,  1.23046148e+00,  5.34366786e-01, -1.79405367e+00,
          -7.13064969e-01,  1.35307014e-01, -4.13650393e-01, -1.03796780e+00,
           5.33716083e-01, -9.40405309e-01, -1.04395616e+00, -2.39936382e-01,
          -1.81756032e+00, -1.19717562e+00, -1.33588266e+00, -8.99337709e-01,
          -5.56124926e-01, -5.52158177e-01, -1.38804710e+00, -8.36374104e-01,
           7.08564162e-01,  1.80239201e-01,  4.81642157e-01,  7.56520033e-01,
           6.75815642e-01,  6.16738617e-01,  1.01362479e+00, -6.34823516e-02,
          -8.65669608e-01,  2.25173652e-01,  5.04653394e-01,  3.09773702e-02,
           4.56268996e-01, -4.47348237e-01,  4.58749235e-02, -6.29527986e-01,
           7.94837952e-01,  8.19238245e-01,  4.35241729e-01, -8.79142582e-01,
           3.93381506e-01,  2.32685864e-01,  6.28677964e-01, -4.70300704e-01,
           6.51150405e-01, -1.68487072e-01,  3.64932448e-01,  4.99977963e-03,
          -2.67162383e-01, -2.09890291e-01, -6.88042164e-01, -1.35365319e+00,
          -9.84590054e-01,  1.06782234e+00,  2.14712545e-01,  1.28386045e+00,
           5.26050739e-02, -1.24549305e+00,  5.31993866e-01,  1.42636120e+00,
          -1.16926968e+00, -8.49184245e-02, -9.70912874e-01,  4.43197966e-01,
          -1.07444656e+00, -1.45333302e+00,  1.63220108e-01, -7.59909093e-01,
          -5.80416799e-01,  6.76408589e-01, -1.38391995e+00, -6.25264943e-01,
          -1.58271968e+00,  1.92019236e+00, -1.32476664e+00,  1.76057351e+00,
           5.51489949e-01,  5.94935477e-01,  1.01980960e+00, -2.27068925e+00,
           1.40859342e+00,  1.11607182e+00,  1.52637279e+00,  1.72831953e+00,
          -9.70938429e-03,  1.12519272e-01, -5.07300198e-01, -1.58772898e+00,
          -6.85195684e-01,  5.32471716e-01,  2.31012642e-01, -9.83358741e-01,
          -6.32048786e-01, -2.78100610e-01, -1.16726840e+00, -4.40821081e-01,
          -3.47212017e-01,  1.34684396e+00,  1.50126588e+00,  7.18310654e-01,
          -7.47937262e-01,  2.53639370e-01,  1.47455180e+00,  5.56756034e-02,
          -2.38996744e-03,  1.50279379e+00, -2.96800345e-01,  2.20855999e+00,
          -1.54484594e+00, -4.24171865e-01,  2.85796022e+00, -4.57177103e-01,
          -1.72059387e-01,  1.35941759e-01, -1.37545455e+00, -6.27016276e-02,
           2.08048880e-01, -5.13993442e-01, -1.82268369e+00, -2.62083739e-01,
          -2.39526317e-01,  7.03866422e-01, -3.45381975e-01,  5.19408703e-01,
          -7.80913651e-01, -6.33366331e-02,  1.87714493e+00,  4.18189168e-03,
           7.59219170e-01,  1.80023241e+00, -1.43476617e+00, -2.60921264e+00,
           3.88073713e-01, -1.96793020e-01,  4.93318141e-01, -1.33094418e+00,
           4.06397879e-02,  1.90453708e-01, -5.74367940e-01,  1.11355066e+00,
          -1.37793672e+00, -8.32074344e-01,  6.12754747e-03, -1.30662608e+00,
           2.75236392e+00,  5.73986411e-01, -3.28951418e-01, -3.39407146e-01,
          -2.12493852e-01,  4.63227063e-01, -3.82004797e-01,  1.55732703e+00,
          -8.24121118e-01,  1.99195787e-01,  1.37982085e-01, -1.42867553e+00,
           1.08352810e-01, -7.14128196e-01,  1.51656449e-01, -7.40719736e-01,
           8.32432270e-01,  4.95887935e-01, -3.12188745e-01,  2.07164717e+00,
          -2.78177977e+00,  6.69034421e-01, -1.19385326e+00, -4.75889407e-02,
          -5.94891980e-03, -3.86963427e-01, -1.87820101e+00,  5.69209278e-01,
           1.06906569e+00, -3.08628345e+00, -5.16294599e-01, -1.53021312e+00,
          -5.49468338e-01, -5.42839587e-01, -8.59115899e-01, -4.27276969e-01,
          -1.76309061e+00,  1.56600937e-01, -8.18032861e-01, -7.03056812e-01,
          -9.27586257e-01, -9.94783819e-01, -1.04361141e+00, -4.69624072e-01,
          -5.56339979e-01, -2.75138170e-01, -7.40173101e-01,  4.99255061e-01,
          -8.64658773e-01,  1.00115871e+00,  1.69124532e+00,  4.69181895e-01,
          -1.06202948e+00,  3.71597447e-02,  1.95280445e+00, -2.40052533e+00,
          -1.46276474e+00, -6.93203807e-01,  3.06827217e-01,  2.88345695e+00,
          -9.50955153e-02, -2.09690332e+00,  9.94672954e-01, -4.87082958e-01,
          -1.38150775e+00,  5.89445420e-03, -2.78584629e-01, -2.54496121e+00,
           1.68380458e-02,  3.01770735e+00, -2.12507701e+00, -1.13864231e+00,
           1.15744805e+00,  9.42458510e-01,  6.06978714e-01, -8.44158113e-01,
           3.19999576e+00,  1.76235378e+00,  3.43789220e-01,  8.39324892e-02,
          -1.16305661e+00, -7.85799026e-01,  2.36958718e+00,  5.95682621e-01,
          -1.03248549e+00,  2.13378727e-01, -7.24663138e-01, -3.19133490e-01,
           6.80198967e-01, -1.79092741e+00,  3.22117656e-02, -8.48481119e-01,
           7.85979211e-01, -7.79202163e-01,  1.17222130e+00, -6.15664363e-01,
          -1.51247740e+00,  4.07073587e-01,  5.80435276e-01, -6.90905750e-01,
           3.36225033e-01, -9.17424977e-01, -2.68139100e+00, -6.71750486e-01,
           3.92568946e-01,  1.84188396e-01, -1.14775038e+00,  8.85304570e-01,
           1.13046324e+00, -1.59113333e-01,  2.97600478e-01,  3.76824260e+00,
          -4.38807517e-01,  4.39185798e-01, -1.30298316e+00, -8.60464811e-01,
           1.33956122e+00,  8.30157250e-02,  7.59409547e-01,  4.79923010e-01,
           1.31760061e+00,  4.15764973e-02,  1.46167886e+00, -2.30429125e+00,
           5.98776817e-01,  1.68221378e+00,  3.81969601e-01, -2.95180410e-01,
           1.47909081e+00, -7.51713574e-01,  1.83315849e+00,  6.55851841e-01,
          -1.53522682e+00, -3.14190656e-01, -2.81095713e-01,  9.64495659e-01,
           1.13460839e+00,  3.41319889e-01,  1.32034421e+00,  2.62895107e+00,
           2.30706501e+00,  5.23435354e-01,  6.58334553e-01,  1.39518869e+00,
          -1.39678562e+00, -1.07335901e+00,  1.34734046e+00, -4.25102293e-01,
          -1.36165595e+00,  5.17015338e-01, -5.88047802e-01,  1.32001042e-01,
           2.54165339e+00, -2.66258419e-01, -2.73391557e+00, -6.48481369e-01,
           2.07512093e+00,  2.98890918e-01,  1.89478025e-02, -1.32325053e-01,
          -9.26975906e-01, -4.54588085e-01, -1.49668396e+00, -5.72502986e-03,
           1.33215809e+00, -2.41510201e+00,  1.56634912e-01,  7.47882545e-01,
           3.83076578e-01, -6.80906355e-01,  1.34495425e+00,  2.22699094e+00,
          -4.83658910e-01, -6.15822196e-01, -5.51779151e-01,  8.27206016e-01,
          -8.05309534e-01,  1.70922709e+00, -2.59066701e-01,  3.15531373e-01,
          -3.43785882e-01, -2.41430163e+00,  7.54836679e-01, -1.39833820e+00,
           2.62243509e+00, -1.49555051e+00, -1.18643498e+00, -3.60462368e-01,
          -5.20048916e-01,  2.46786451e+00, -1.32529068e+00, -1.35581672e+00,
           6.25010192e-01,  8.86902928e-01,  5.60059138e-02, -9.23192680e-01,
          -6.88305259e-01,  5.24967790e-01,  1.32209748e-01, -1.09516025e+00,
           1.29034257e+00,  1.47251022e+00, -3.07418332e-02,  2.91299552e-01,
          -3.79716128e-01,  2.90544033e-01, -1.17137611e+00, -2.83981442e+00,
           1.80694377e+00, -6.08602762e-01, -3.66124249e+00, -1.34864926e-01,
           1.52783680e+00,  9.53185558e-01, -6.21886313e-01,  6.10206783e-01,
           1.15653443e+00, -2.27097273e-01, -1.27605844e+00, -4.21527117e-01,
           1.78737605e+00,  1.56181276e+00,  1.74309880e-01, -6.65976405e-01,
           1.14637935e+00, -1.70375955e+00, -1.42934859e+00,  5.93226314e-01,
          -5.01759887e-01,  1.46212363e+00, -3.48272115e-01,  8.90182078e-01,
           1.24490499e+00,  1.84816062e-01,  2.36588851e-01, -7.23018587e-01,
          -3.15287143e-01, -1.72928739e+00,  3.45323175e-01, -2.07784623e-01,
          -5.40103205e-03,  1.91632402e+00,  1.83821976e+00, -1.58372819e-01,
          -1.42200220e+00,  1.11487687e+00, -1.46139073e+00,  8.55736732e-01,
           1.81885958e+00, -1.62715209e+00, -1.89082825e+00,  1.30839610e+00,
          -1.51626557e-01,  1.05484140e+00, -1.40616775e+00,  2.52059102e-01,
           3.43460709e-01,  7.07240403e-01, -4.43005174e-01, -2.47294521e+00,
          -9.40066874e-01,  2.57585311e+00, -7.22707629e-01, -6.19384348e-01,
           1.63692987e+00,  2.84831017e-01, -4.32322025e-02,  1.00212204e+00,
           1.05492902e+00,  1.30286539e+00,  1.16404438e+00, -6.46839142e-01,
           1.52605999e+00,  1.73337519e+00,  6.82207495e-02, -1.10589111e+00,
           1.67981721e-02, -1.21037757e+00, -5.11338234e-01, -1.12234712e-01,
           9.98528481e-01,  1.53750455e+00, -2.45935416e+00,  1.10056162e+00,
           1.11336923e+00, -9.57632840e-01, -8.64198864e-01,  9.61113930e-01,
          -1.20484686e+00,  1.38718212e+00, -1.05757558e+00,  7.20027149e-01,
           1.23688185e+00,  1.06978464e+00, -9.26279426e-01,  9.71260369e-02,
           5.82010746e-01,  5.51748753e-01,  1.79105476e-01, -7.59924352e-01,
          -5.55543184e-01,  4.61690843e-01,  2.82005405e+00,  6.67652726e-01,
           1.70446336e+00,  3.79863709e-01, -1.72051001e+00, -2.05953524e-01,
          -1.62618184e+00,  1.48750472e+00, -2.05693483e-01,  5.36867797e-01,
           1.20789468e+00,  8.70628715e-01,  3.61671162e+00,  2.19810262e-01,
           7.75632858e-01,  1.48204672e+00,  6.15638494e-01,  2.08512330e+00,
          -6.10118568e-01,  5.50582968e-02, -2.35121951e-01,  3.72331470e-01,
           4.38303053e-01,  1.44176751e-01, -2.19612390e-01, -4.20366555e-01,
          -1.40910578e+00, -2.70914435e-01,  3.44683439e-01,  6.43671572e-01,
           1.05100453e+00,  5.37820995e-01,  1.53704405e-01,  9.20736015e-01,
           4.86971229e-01, -1.33908987e+00,  1.70975828e+00,  1.02445853e+00,
          -1.31159961e+00, -1.55140305e+00, -1.28631401e+00, -1.03592777e+00,
           3.58819336e-01, -1.14355302e+00,  3.48068118e-01, -2.72186905e-01,
           1.36973417e+00, -1.41695237e+00, -9.68319893e-01,  6.63771987e-01,
          -9.16165292e-01, -1.12137243e-01,  6.63721919e-01, -2.06537747e+00,
          -6.06358767e-01,  6.22609109e-02,  4.74762432e-02, -2.20724776e-01,
           1.22119379e+00,  2.64557391e-01,  1.08837855e+00,  3.77845526e-01,
           2.34515214e+00,  1.89753652e+00,  1.06678879e+00, -1.17199409e+00,
          -8.27649236e-02, -6.62272274e-01,  1.34090111e-01,  3.47592854e+00,
           2.09570408e+00, -1.33696365e+00,  1.14465976e+00,  1.10245383e+00,
          -3.62710619e+00, -1.20678473e+00, -1.03724205e+00, -5.66528261e-01,
          -1.73066473e+00,  1.99846059e-01, -6.00406885e-01, -9.37632501e-01,
          -1.98958480e+00, -2.62675667e+00, -9.85642612e-01, -5.94984531e-01,
           2.21704340e+00, -6.06647767e-02, -5.67400277e-01,  2.39219040e-01,
           5.92047870e-01, -5.11879325e-01, -2.14320326e+00,  4.23240960e-02,
           5.64010739e-01,  2.44289398e-01, -1.71577013e+00,  2.28978229e+00,
           1.22646391e-02, -1.05988646e+00,  2.84697086e-01,  9.32160854e-01,
          -5.48648179e-01,  3.28083372e+00,  2.82233477e-01, -1.53039381e-01,
          -1.22955814e-01, -1.80963397e-01, -1.32398617e+00, -1.53931117e+00,
           2.84024930e+00,  1.18097341e+00,  1.27314818e+00, -6.90561175e-01,
           3.80719751e-01,  6.17059112e-01,  1.60638320e+00,  1.12247862e-01,
          -3.01031590e-01, -9.67447162e-01,  5.53096533e-01,  1.12201703e+00,
           6.62773657e+00,  4.19710541e+00,  6.39447212e-01, -3.11653316e-01,
           8.80831122e-01, -4.74124908e-01, -1.75429910e-01,  2.65282011e+00,
          -1.93244779e+00, -7.23598778e-01, -4.24628705e-01, -8.83134782e-01,
           9.71100986e-01, -5.78853250e-01, -2.97195792e-01,  8.05026650e-01,
           7.21838534e-01,  2.40678239e+00, -4.32618350e-01, -1.88215470e+00,
          -2.34718752e+00,  3.19090001e-02, -2.22134733e+00, -2.11049724e+00,
          -1.78389978e+00,  6.95456028e-01, -1.57187843e+00, -1.11719787e+00,
          -1.33779156e+00, -2.23479223e+00, -1.93772757e+00, -1.45013082e+00,
          -1.30371404e+00, -9.67993319e-01, -1.17583978e+00, -2.50221401e-01,
          -1.39246011e+00, -1.34185219e+00, -6.48971081e-01, -7.43999109e-02,
          -2.78898358e+00,  9.99615043e-02, -2.43851042e+00, -9.07057345e-01,
           1.83622491e+00,  4.50632840e-01,  3.91285807e-01,  6.84703350e-01,
          -1.00242233e+00, -1.73385665e-01,  1.59543514e-01, -9.17129934e-01,
          -1.21072268e+00, -5.07358551e-01, -4.35336441e-01, -2.63573575e+00,
          -2.73899794e+00, -5.02718806e-01, -2.43091631e+00, -1.97880745e+00,
          -2.00419354e+00, -1.69700253e+00,  5.01349986e-01, -1.08967316e+00,
           4.80524391e-01, -6.01432145e-01, -1.49849343e+00,  2.47283721e+00,
          -7.80070901e-01,  7.61530325e-02,  2.20827889e+00,  1.89621079e+00,
          -1.01819587e+00,  1.17288136e+00,  3.70947458e-02, -1.22774887e+00,
           8.89442146e-01,  6.68063521e-01, -3.12047720e-01,  7.77455941e-02,
           1.48533210e-01,  6.68600723e-02, -8.48317683e-01,  6.30635917e-02,
          -7.15649009e-01,  4.47022170e-02, -1.33264744e+00, -1.64241707e+00,
          -1.15140009e+00, -2.93555617e+00, -2.78397226e+00, -1.75338411e+00,
          -1.88514864e+00, -2.05936289e+00,  1.24317743e-01,  1.47242928e+00]]],
       device='cuda:0')
PGD attack margin (first 2 examples and 10 specs):
 tensor([[[0.54585665]]], device='cuda:0')
number of violation:  0
Attack finished in 7.9648 seconds.
PGD attack failed
verified_status unknown
verified_success False
Total VNNLIB file length: 1, max property batch size: 1, total number of batches: 1

Properties batch 0, size 1
Remaining timeout: 1153.8679628372192
Verifying property 0 with 1 instances.
torch allclose failed: norm 8.889588571037166e-06
Model: BoundedModule(
  (/input-1): BoundInput(name=/input-1, inputs=[], perturbed=True)
  (/33): BoundParams(name=/33, inputs=[], perturbed=False)
  (/34): BoundParams(name=/34, inputs=[], perturbed=False)
  (/35): BoundParams(name=/35, inputs=[], perturbed=False)
  (/36): BoundParams(name=/36, inputs=[], perturbed=False)
  (/37): BoundParams(name=/37, inputs=[], perturbed=False)
  (/38): BoundParams(name=/38, inputs=[], perturbed=False)
  (/39): BoundParams(name=/39, inputs=[], perturbed=False)
  (/40): BoundParams(name=/40, inputs=[], perturbed=False)
  (/41): BoundParams(name=/41, inputs=[], perturbed=False)
  (/42): BoundParams(name=/42, inputs=[], perturbed=False)
  (/43): BoundParams(name=/43, inputs=[], perturbed=False)
  (/44): BoundParams(name=/44, inputs=[], perturbed=False)
  (/45): BoundParams(name=/45, inputs=[], perturbed=False)
  (/46): BoundParams(name=/46, inputs=[], perturbed=False)
  (/47): BoundParams(name=/47, inputs=[], perturbed=False)
  (/48): BoundParams(name=/48, inputs=[], perturbed=False)
  (/49): BoundParams(name=/49, inputs=[], perturbed=False)
  (/50): BoundParams(name=/50, inputs=[], perturbed=False)
  (/51): BoundParams(name=/51, inputs=[], perturbed=False)
  (/52): BoundParams(name=/52, inputs=[], perturbed=False)
  (/53): BoundParams(name=/53, inputs=[], perturbed=False)
  (/54): BoundParams(name=/54, inputs=[], perturbed=False)
  (/55): BoundParams(name=/55, inputs=[], perturbed=False)
  (/56): BoundParams(name=/56, inputs=[], perturbed=False)
  (/57): BoundParams(name=/57, inputs=[], perturbed=False)
  (/58): BoundParams(name=/58, inputs=[], perturbed=False)
  (/59): BoundParams(name=/59, inputs=[], perturbed=False)
  (/60): BoundParams(name=/60, inputs=[], perturbed=False)
  (/61): BoundParams(name=/61, inputs=[], perturbed=False)
  (/62): BoundParams(name=/62, inputs=[], perturbed=False)
  (/63): BoundParams(name=/63, inputs=[], perturbed=False)
  (/64): BoundParams(name=/64, inputs=[], perturbed=False)
  (/input): BoundConv(name=/input, inputs=[/input-1, /33, /34], perturbed=True)
  (/66): BoundRelu(name=/66, inputs=[/input], perturbed=True)
  (/input-4): BoundConv(name=/input-4, inputs=[/66, /35, /36], perturbed=True)
  (/68): BoundRelu(name=/68, inputs=[/input-4], perturbed=True)
  (/input-12): BoundConv(name=/input-12, inputs=[/input-8/add_3_4, /37, /38], perturbed=True)
  (/71): BoundRelu(name=/71, inputs=[/input-12], perturbed=True)
  (/input-16): BoundConv(name=/input-16, inputs=[/71, /39, /40], perturbed=True)
  (/73): BoundRelu(name=/73, inputs=[/input-16], perturbed=True)
  (/input-24): BoundConv(name=/input-24, inputs=[/input-20/add_3_4, /41, /42], perturbed=True)
  (/76): BoundRelu(name=/76, inputs=[/input-24], perturbed=True)
  (/input-28): BoundConv(name=/input-28, inputs=[/76, /43, /44], perturbed=True)
  (/78): BoundRelu(name=/78, inputs=[/input-28], perturbed=True)
  (/input-32): BoundConv(name=/input-32, inputs=[/78, /45, /46], perturbed=True)
  (/80): BoundRelu(name=/80, inputs=[/input-32], perturbed=True)
  (/input-40): BoundConv(name=/input-40, inputs=[/input-36/add_3_4, /47, /48], perturbed=True)
  (/83): BoundRelu(name=/83, inputs=[/input-40], perturbed=True)
  (/input-44): BoundConv(name=/input-44, inputs=[/83, /49, /50], perturbed=True)
  (/85): BoundRelu(name=/85, inputs=[/input-44], perturbed=True)
  (/input-48): BoundConv(name=/input-48, inputs=[/85, /51, /52], perturbed=True)
  (/87): BoundRelu(name=/87, inputs=[/input-48], perturbed=True)
  (/input-56): BoundConv(name=/input-56, inputs=[/input-52/add_3_4, /53, /54], perturbed=True)
  (/90): BoundRelu(name=/90, inputs=[/input-56], perturbed=True)
  (/input-60): BoundConv(name=/input-60, inputs=[/90, /55, /56], perturbed=True)
  (/92): BoundRelu(name=/92, inputs=[/input-60], perturbed=True)
  (/input-64): BoundConv(name=/input-64, inputs=[/92, /57, /58], perturbed=True)
  (/94): BoundRelu(name=/94, inputs=[/input-64], perturbed=True)
  (/96): BoundFlatten(name=/96, inputs=[/95/add_3_4], perturbed=True)
  (/input-68): BoundLinear(name=/input-68, inputs=[/96, /59, /60], perturbed=True)
  (/98): BoundRelu(name=/98, inputs=[/input-68], perturbed=True)
  (/99): BoundFlatten(name=/99, inputs=[/98], perturbed=True)
  (/input-72): BoundLinear(name=/input-72, inputs=[/99, /61, /62], perturbed=True)
  (/101): BoundRelu(name=/101, inputs=[/input-72], perturbed=True)
  (/102): BoundFlatten(name=/102, inputs=[/101], perturbed=True)
  (/103): BoundLinear(name=/103, inputs=[/102, /63, /64], perturbed=True)
  (/input-8/conv_1): BoundConv(name=/input-8/conv_1, inputs=[/68, /input-8/conv_1_w], perturbed=True)
  (/input-8/conv_1_relu): BoundRelu(name=/input-8/conv_1_relu, inputs=[/input-8/conv_1], perturbed=True)
  (/input-8/conv_1_w): BoundParams(name=/input-8/conv_1_w, inputs=[], perturbed=False)
  (/input-8/conv_2): BoundConv(name=/input-8/conv_2, inputs=[/68, /input-8/conv_2_w], perturbed=True)
  (/input-8/conv_2_w): BoundParams(name=/input-8/conv_2_w, inputs=[], perturbed=False)
  (/input-8/conv_3): BoundConv(name=/input-8/conv_3, inputs=[/input-8/add_1_2, /input-8/conv_3_w], perturbed=True)
  (/input-8/conv_3_relu): BoundRelu(name=/input-8/conv_3_relu, inputs=[/input-8/conv_3], perturbed=True)
  (/input-8/conv_3_w): BoundParams(name=/input-8/conv_3_w, inputs=[], perturbed=False)
  (/input-8/conv_4): BoundConv(name=/input-8/conv_4, inputs=[/input-8/add_1_2, /input-8/conv_4_w], perturbed=True)
  (/input-8/conv_4_w): BoundParams(name=/input-8/conv_4_w, inputs=[], perturbed=False)
  (/input-8/add_1_2): BoundAdd(name=/input-8/add_1_2, inputs=[/input-8/conv_1_relu, /input-8/conv_2], perturbed=True)
  (/input-8/add_3_4): BoundAdd(name=/input-8/add_3_4, inputs=[/input-8/conv_3_relu, /input-8/conv_4], perturbed=True)
  (/input-20/conv_1): BoundConv(name=/input-20/conv_1, inputs=[/73, /input-20/conv_1_w], perturbed=True)
  (/input-20/conv_1_relu): BoundRelu(name=/input-20/conv_1_relu, inputs=[/input-20/conv_1], perturbed=True)
  (/input-20/conv_1_w): BoundParams(name=/input-20/conv_1_w, inputs=[], perturbed=False)
  (/input-20/conv_2): BoundConv(name=/input-20/conv_2, inputs=[/73, /input-20/conv_2_w], perturbed=True)
  (/input-20/conv_2_w): BoundParams(name=/input-20/conv_2_w, inputs=[], perturbed=False)
  (/input-20/conv_3): BoundConv(name=/input-20/conv_3, inputs=[/input-20/add_1_2, /input-20/conv_3_w], perturbed=True)
  (/input-20/conv_3_relu): BoundRelu(name=/input-20/conv_3_relu, inputs=[/input-20/conv_3], perturbed=True)
  (/input-20/conv_3_w): BoundParams(name=/input-20/conv_3_w, inputs=[], perturbed=False)
  (/input-20/conv_4): BoundConv(name=/input-20/conv_4, inputs=[/input-20/add_1_2, /input-20/conv_4_w], perturbed=True)
  (/input-20/conv_4_w): BoundParams(name=/input-20/conv_4_w, inputs=[], perturbed=False)
  (/input-20/add_1_2): BoundAdd(name=/input-20/add_1_2, inputs=[/input-20/conv_1_relu, /input-20/conv_2], perturbed=True)
  (/input-20/add_3_4): BoundAdd(name=/input-20/add_3_4, inputs=[/input-20/conv_3_relu, /input-20/conv_4], perturbed=True)
  (/input-36/conv_1): BoundConv(name=/input-36/conv_1, inputs=[/80, /input-36/conv_1_w], perturbed=True)
  (/input-36/conv_1_relu): BoundRelu(name=/input-36/conv_1_relu, inputs=[/input-36/conv_1], perturbed=True)
  (/input-36/conv_1_w): BoundParams(name=/input-36/conv_1_w, inputs=[], perturbed=False)
  (/input-36/conv_2): BoundConv(name=/input-36/conv_2, inputs=[/80, /input-36/conv_2_w], perturbed=True)
  (/input-36/conv_2_w): BoundParams(name=/input-36/conv_2_w, inputs=[], perturbed=False)
  (/input-36/conv_3): BoundConv(name=/input-36/conv_3, inputs=[/input-36/add_1_2, /input-36/conv_3_w], perturbed=True)
  (/input-36/conv_3_relu): BoundRelu(name=/input-36/conv_3_relu, inputs=[/input-36/conv_3], perturbed=True)
  (/input-36/conv_3_w): BoundParams(name=/input-36/conv_3_w, inputs=[], perturbed=False)
  (/input-36/conv_4): BoundConv(name=/input-36/conv_4, inputs=[/input-36/add_1_2, /input-36/conv_4_w], perturbed=True)
  (/input-36/conv_4_w): BoundParams(name=/input-36/conv_4_w, inputs=[], perturbed=False)
  (/input-36/add_1_2): BoundAdd(name=/input-36/add_1_2, inputs=[/input-36/conv_1_relu, /input-36/conv_2], perturbed=True)
  (/input-36/add_3_4): BoundAdd(name=/input-36/add_3_4, inputs=[/input-36/conv_3_relu, /input-36/conv_4], perturbed=True)
  (/input-52/conv_1): BoundConv(name=/input-52/conv_1, inputs=[/87, /input-52/conv_1_w], perturbed=True)
  (/input-52/conv_1_relu): BoundRelu(name=/input-52/conv_1_relu, inputs=[/input-52/conv_1], perturbed=True)
  (/input-52/conv_1_w): BoundParams(name=/input-52/conv_1_w, inputs=[], perturbed=False)
  (/input-52/conv_2): BoundConv(name=/input-52/conv_2, inputs=[/87, /input-52/conv_2_w], perturbed=True)
  (/input-52/conv_2_w): BoundParams(name=/input-52/conv_2_w, inputs=[], perturbed=False)
  (/input-52/conv_3): BoundConv(name=/input-52/conv_3, inputs=[/input-52/add_1_2, /input-52/conv_3_w], perturbed=True)
  (/input-52/conv_3_relu): BoundRelu(name=/input-52/conv_3_relu, inputs=[/input-52/conv_3], perturbed=True)
  (/input-52/conv_3_w): BoundParams(name=/input-52/conv_3_w, inputs=[], perturbed=False)
  (/input-52/conv_4): BoundConv(name=/input-52/conv_4, inputs=[/input-52/add_1_2, /input-52/conv_4_w], perturbed=True)
  (/input-52/conv_4_w): BoundParams(name=/input-52/conv_4_w, inputs=[], perturbed=False)
  (/input-52/add_1_2): BoundAdd(name=/input-52/add_1_2, inputs=[/input-52/conv_1_relu, /input-52/conv_2], perturbed=True)
  (/input-52/add_3_4): BoundAdd(name=/input-52/add_3_4, inputs=[/input-52/conv_3_relu, /input-52/conv_4], perturbed=True)
  (/95/conv_1): BoundConv(name=/95/conv_1, inputs=[/94, /95/conv_1_w], perturbed=True)
  (/95/conv_1_relu): BoundRelu(name=/95/conv_1_relu, inputs=[/95/conv_1], perturbed=True)
  (/95/conv_1_w): BoundParams(name=/95/conv_1_w, inputs=[], perturbed=False)
  (/95/conv_2): BoundConv(name=/95/conv_2, inputs=[/94, /95/conv_2_w], perturbed=True)
  (/95/conv_2_w): BoundParams(name=/95/conv_2_w, inputs=[], perturbed=False)
  (/95/conv_3): BoundConv(name=/95/conv_3, inputs=[/95/add_1_2, /95/conv_3_w], perturbed=True)
  (/95/conv_3_relu): BoundRelu(name=/95/conv_3_relu, inputs=[/95/conv_3], perturbed=True)
  (/95/conv_3_w): BoundParams(name=/95/conv_3_w, inputs=[], perturbed=False)
  (/95/conv_4): BoundConv(name=/95/conv_4, inputs=[/95/add_1_2, /95/conv_4_w], perturbed=True)
  (/95/conv_4_w): BoundParams(name=/95/conv_4_w, inputs=[], perturbed=False)
  (/95/add_1_2): BoundAdd(name=/95/add_1_2, inputs=[/95/conv_1_relu, /95/conv_2], perturbed=True)
  (/95/add_3_4): BoundAdd(name=/95/add_3_4, inputs=[/95/conv_3_relu, /95/conv_4], perturbed=True)
)
Model prediction is: tensor([ 1.04841650e+00,  2.06702995e+00,  1.09783649e+00,  1.12288153e+00,
         1.32237637e+00,  1.78087604e+00,  2.02228904e+00, -1.33932900e+00,
        -9.34227407e-01, -5.16536057e-01, -1.10908449e+00,  3.98890108e-01,
        -1.86850846e-01, -4.28034723e-01,  6.12776399e-01,  3.99405390e-01,
        -6.88385963e-01, -7.47176349e-01, -8.81156027e-02, -6.38609469e-01,
        -1.45150617e-01,  8.04878235e-01,  1.29130936e+00, -4.18406799e-02,
         5.27139127e-01, -1.40129530e+00, -2.91995183e-02, -7.69551635e-01,
        -1.72836447e+00,  6.30796015e-01, -1.19846594e+00,  8.31612527e-01,
        -9.04494464e-01, -2.44698480e-01, -3.72476935e-01, -8.30604076e-01,
         8.32296968e-01, -1.54462528e+00, -1.87428832e-01, -1.07655621e+00,
         9.79077399e-01, -1.29397130e+00, -1.74308026e+00, -1.25649440e+00,
        -5.64032972e-01, -1.05319536e+00,  1.38925362e+00, -8.50888312e-01,
        -8.57981026e-01,  2.63409197e-01,  1.57935965e+00, -2.08044934e+00,
        -1.60624281e-01,  1.42617330e-01, -1.00066423e+00,  9.73762646e-02,
        -1.13942754e+00, -1.49697971e+00,  6.67937160e-01,  2.43449777e-01,
         3.12171727e-01, -8.48199189e-01, -1.42098188e+00,  1.30400881e-01,
         8.15625310e-01,  8.57549906e-01, -7.91928589e-01,  1.73910037e-01,
        -1.30269408e+00, -1.15134597e+00,  2.96281934e-01,  2.64549166e-01,
        -3.43469292e-01,  3.86802971e-01,  1.65325075e-01,  6.03511989e-01,
         2.17951566e-01,  1.20489371e+00,  8.82493794e-01,  1.08442569e+00,
        -1.50570601e-01, -1.32069409e+00, -3.95295560e-01, -9.65248823e-01,
        -4.79073711e-02, -3.23501110e-01, -8.13810527e-01,  3.84021431e-01,
         2.24855810e-01,  1.52900100e-01, -2.40801111e-01, -1.61370707e+00,
         4.24468964e-01,  3.85346502e-01,  8.39882851e-01, -1.58088291e+00,
         9.90889132e-01,  1.21902205e-01,  4.78408933e-01,  1.02759564e+00,
         1.85437810e+00, -8.44623804e-01, -2.03725338e+00,  1.64002359e+00,
         4.05476764e-02, -1.37157130e+00, -4.43853736e-02,  1.08433938e+00,
        -7.90048480e-01, -6.76596582e-01,  2.04628199e-01,  2.93847203e+00,
         1.33996546e-01,  5.67879438e-01,  4.04879928e-01, -1.25103474e+00,
        -1.29150796e+00,  3.41551125e-01, -1.24708724e+00, -2.03626704e+00,
        -2.12764144e+00, -2.44092917e+00, -2.09984899e+00, -2.15008354e+00,
        -1.42314446e+00, -1.67757010e+00,  6.58292294e-01,  1.06489539e+00,
         1.14384878e+00,  1.91552973e+00,  1.23588860e+00,  7.70718694e-01,
         2.42401004e+00,  5.11511683e-01,  1.03597975e+00, -1.43982440e-01,
        -1.67312384e-01,  1.00781727e+00,  4.00927484e-01, -1.64655912e+00,
        -1.67302310e+00,  4.18756455e-01, -3.82861435e-01, -1.03637993e-01,
         1.69835329e-01,  4.38501477e-01, -9.24257413e-02,  1.33708906e+00,
         8.51669192e-01,  2.43681049e+00,  1.49818376e-01,  1.15314233e+00,
        -4.80549932e-01,  1.71431828e+00,  7.82583773e-01,  4.00975347e-01,
        -1.28885642e-01,  4.22331244e-01, -5.26456296e-01, -3.58638525e-01,
         7.96238706e-02,  4.40727502e-01,  1.15307581e+00,  1.27230406e-01,
        -5.25594473e-01, -7.44795918e-01, -8.90047848e-01, -9.10658062e-01,
         2.47765407e-02,  3.31844240e-01,  2.18917921e-01,  7.19399303e-02,
        -4.21575040e-01,  4.94392127e-01,  2.67711133e-01,  1.54672965e-01,
        -4.37967151e-01, -3.37538928e-01,  1.46655393e+00, -7.20633090e-01,
        -4.13565814e-01,  6.18215799e-01,  5.72066188e-01,  1.58946961e-01,
         6.68414533e-01,  2.93851197e-01,  7.60283947e-01,  1.23892844e+00,
         1.79418460e-01,  3.22540879e-01,  9.52509701e-01,  1.26236522e+00,
         6.94087684e-01,  6.18318141e-01,  4.51832801e-01,  1.17565668e+00,
         8.24498415e-01, -4.97574866e-01, -3.89265805e-01,  1.24394143e+00,
         5.99548161e-01,  4.21266526e-01,  6.87903106e-01,  2.19907928e+00,
         1.04660010e+00, -1.54591039e-01, -9.46084917e-01,  8.48018527e-01,
         7.10782230e-01,  8.09923828e-01, -1.37656188e+00,  3.03807378e-01,
         8.86848450e-01,  1.12305403e-01, -3.31060141e-01, -1.01085722e-01,
         6.71431661e-01,  2.01852143e-01,  7.40695149e-02,  8.16995978e-01,
         4.14990902e-01, -2.25701943e-01,  5.85538387e-01,  6.35856092e-01,
         7.61703789e-01,  1.54800266e-02,  1.38550401e-01, -1.82953194e-01,
        -5.84819734e-01,  1.59754634e+00, -7.11406991e-02,  5.76573074e-01,
        -3.02324265e-01,  1.09034916e-02,  2.65473947e-02,  8.40097487e-01,
        -3.09532940e-01,  1.95858419e-01, -3.43779117e-01,  1.50322154e-01,
        -2.27521896e-01, -4.11994934e-01,  5.85869908e-01, -6.90313339e-01,
        -5.79296172e-01,  1.07357609e+00, -5.62276304e-01, -3.27504836e-02,
         7.89481640e-01,  7.20355988e-01,  6.62498951e-01, -7.16749549e-01,
         1.85845912e-01,  4.06942785e-01,  1.47081161e+00, -7.33713746e-01,
        -5.13374507e-01,  1.18795800e+00,  1.21086490e+00,  1.60867012e+00,
         1.40116274e+00,  3.32887113e-01, -8.18779945e-01,  8.42942655e-01,
         2.11468190e-01,  1.37608612e+00,  3.78790826e-01,  1.44554317e-01,
        -1.50064981e+00,  1.22280812e+00,  1.93047071e+00,  8.80283117e-01,
         1.20015132e+00,  1.34700453e+00,  2.20988214e-01, -8.41698200e-02,
         4.01401311e-01,  1.31880879e+00,  7.22870007e-02,  1.76156187e+00,
         8.43605518e-01,  2.32194519e+00,  2.71703386e+00,  3.00831747e+00,
         2.83558273e+00,  1.54919732e+00,  5.06906271e-01,  1.34696722e+00,
        -3.55551988e-01, -1.28220037e-01, -5.10631740e-01,  2.36698389e-01,
         2.48533905e-01,  2.77225345e-01,  3.42863679e-01,  8.73810649e-02,
         2.60158515e+00, -1.04291789e-01, -5.34663439e-01, -9.82418284e-02,
        -1.99863493e+00,  3.91385645e-01, -1.34294009e+00, -1.04272783e+00,
        -1.18944776e+00, -2.17410326e+00, -8.51742446e-01, -5.33351898e-01,
         3.93786728e-01, -1.16877854e+00,  1.24519837e+00,  3.83961201e-01,
        -4.91794765e-01,  1.08729410e+00,  5.48384786e-01,  2.92869955e-01,
         8.84553641e-02, -5.25284171e-01,  1.54183710e+00,  7.34130383e-01,
         3.01170442e-02, -2.35572004e+00, -1.60914850e+00, -2.02347898e+00,
        -1.32123399e+00, -1.70693207e+00, -1.76612628e+00,  6.83347695e-03,
        -1.79346001e+00, -1.58196104e+00,  1.27147567e+00,  1.90809536e+00,
         2.71118474e+00,  8.01773250e-01, -4.54504699e-01, -2.54682511e-01,
        -1.64157915e+00,  1.22681844e+00,  5.49645066e-01, -1.79095483e+00,
        -7.14995205e-01,  1.47073537e-01, -4.11438227e-01, -1.03831100e+00,
         5.33989847e-01, -9.38632727e-01, -1.04771292e+00, -2.42222279e-01,
        -1.81428754e+00, -1.19797075e+00, -1.33277452e+00, -9.00407493e-01,
        -5.55333376e-01, -5.47250450e-01, -1.38589942e+00, -8.29123139e-01,
         7.19512939e-01,  1.84106112e-01,  4.91237402e-01,  7.69636095e-01,
         6.76950872e-01,  6.15933299e-01,  1.01987958e+00, -5.84590696e-02,
        -8.62446249e-01,  2.29518697e-01,  5.04971802e-01,  3.04449666e-02,
         4.59638685e-01, -4.50593561e-01,  4.86008227e-02, -6.20909393e-01,
         8.01815391e-01,  8.24345291e-01,  4.37255174e-01, -8.81389797e-01,
         3.97642672e-01,  2.38435894e-01,  6.33178890e-01, -4.68650043e-01,
         6.56516969e-01, -1.68256968e-01,  3.69545013e-01,  3.66144674e-03,
        -2.67625242e-01, -2.07889095e-01, -6.88671231e-01, -1.35016215e+00,
        -9.81783092e-01,  1.06632793e+00,  2.15414360e-01,  1.28481269e+00,
         5.57049476e-02, -1.24558902e+00,  5.30804217e-01,  1.42353070e+00,
        -1.16923356e+00, -7.67111927e-02, -9.76107776e-01,  4.41777557e-01,
        -1.07663822e+00, -1.45843840e+00,  1.64022803e-01, -7.67997622e-01,
        -5.89535117e-01,  6.72314346e-01, -1.39469647e+00, -6.32172048e-01,
        -1.58997035e+00,  1.91664219e+00, -1.32918286e+00,  1.76874936e+00,
         5.54748416e-01,  5.89504302e-01,  1.02466035e+00, -2.27278137e+00,
         1.40740430e+00,  1.11452639e+00,  1.52110600e+00,  1.73824096e+00,
        -1.10869072e-02,  1.07768424e-01, -5.11150539e-01, -1.59498942e+00,
        -6.89404607e-01,  5.29212654e-01,  2.27858037e-01, -9.85763550e-01,
        -6.36488676e-01, -2.75342196e-01, -1.16411495e+00, -4.37912047e-01,
        -3.52207601e-01,  1.35432017e+00,  1.50891984e+00,  7.14855790e-01,
        -7.50615358e-01,  2.45649964e-01,  1.46836865e+00,  5.54058775e-02,
        -5.67734241e-03,  1.50114262e+00, -3.02489042e-01,  2.21989417e+00,
        -1.55274868e+00, -4.24734473e-01,  2.85933113e+00, -4.63555127e-01,
        -1.76030457e-01,  1.20500401e-01, -1.38093090e+00, -6.14425130e-02,
         2.16950849e-01, -5.22946656e-01, -1.82890320e+00, -2.60300249e-01,
        -2.40734532e-01,  7.08655357e-01, -3.46421003e-01,  5.25474191e-01,
        -7.88560271e-01, -5.67538366e-02,  1.87900460e+00,  7.15591758e-03,
         7.62693524e-01,  1.80764735e+00, -1.44002020e+00, -2.61006832e+00,
         3.85600835e-01, -1.96035400e-01,  4.88402128e-01, -1.33931732e+00,
         3.27844024e-02,  1.86983243e-01, -5.67984521e-01,  1.11009812e+00,
        -1.38532794e+00, -8.36417377e-01,  1.02085285e-02, -1.30918384e+00,
         2.75290155e+00,  5.72420478e-01, -3.30075204e-01, -3.50017607e-01,
        -2.14953944e-01,  4.61244673e-01, -3.88132155e-01,  1.55814266e+00,
        -8.31475496e-01,  2.00047389e-01,  1.40770659e-01, -1.43300521e+00,
         1.09113157e-01, -7.22552598e-01,  1.43721998e-01, -7.54250705e-01,
         8.42961967e-01,  4.90808904e-01, -3.17792952e-01,  2.07362199e+00,
        -2.78901267e+00,  6.69060946e-01, -1.19025218e+00, -5.20396791e-02,
        -8.35754350e-03, -3.91590565e-01, -1.87840629e+00,  5.65754652e-01,
         1.07106721e+00, -3.09532619e+00, -5.25868177e-01, -1.53705466e+00,
        -5.57726204e-01, -5.46876907e-01, -8.55973840e-01, -4.20362979e-01,
        -1.76320720e+00,  1.46180287e-01, -8.23091447e-01, -7.02823997e-01,
        -9.30623412e-01, -1.00141048e+00, -1.04329681e+00, -4.72974330e-01,
        -5.50800443e-01, -2.80057251e-01, -7.50897884e-01,  4.92082477e-01,
        -8.68337572e-01,  1.01035798e+00,  1.68683732e+00,  4.69805747e-01,
        -1.07297099e+00,  4.07973565e-02,  1.94954538e+00, -2.40225029e+00,
        -1.47549474e+00, -6.97730660e-01,  3.06994736e-01,  2.89269400e+00,
        -1.06393650e-01, -2.09698939e+00,  9.95440960e-01, -4.85253960e-01,
        -1.38592839e+00,  7.43101723e-03, -2.80966967e-01, -2.55018425e+00,
         7.08586164e-03,  3.02224755e+00, -2.13346410e+00, -1.13677955e+00,
         1.16311538e+00,  9.36392903e-01,  6.03251696e-01, -8.51636529e-01,
         3.19944382e+00,  1.75723040e+00,  3.39062750e-01,  8.17548335e-02,
        -1.16471028e+00, -7.95847535e-01,  2.36208558e+00,  5.94763756e-01,
        -1.03791130e+00,  2.03666240e-01, -7.25238442e-01, -3.18259269e-01,
         6.86454117e-01, -1.79575706e+00,  3.30526829e-02, -8.53464007e-01,
         7.82639146e-01, -7.85489798e-01,  1.17524683e+00, -6.24635577e-01,
        -1.52390206e+00,  4.09632057e-01,  5.81755519e-01, -7.02004731e-01,
         3.28680933e-01, -9.20316160e-01, -2.68573117e+00, -6.78231776e-01,
         3.91243100e-01,  1.81456432e-01, -1.15457535e+00,  8.82711172e-01,
         1.13791251e+00, -1.57490909e-01,  2.95813024e-01,  3.77371216e+00,
        -4.42217797e-01,  4.38274831e-01, -1.30766833e+00, -8.64969671e-01,
         1.34236491e+00,  8.94525945e-02,  7.49941468e-01,  4.78882730e-01,
         1.31621587e+00,  4.75348905e-02,  1.46231616e+00, -2.31004381e+00,
         5.94180763e-01,  1.68168700e+00,  3.83145571e-01, -2.98140913e-01,
         1.48487830e+00, -7.57959902e-01,  1.84373879e+00,  6.53121233e-01,
        -1.54382324e+00, -3.14526170e-01, -2.81331539e-01,  9.70178723e-01,
         1.13533044e+00,  3.43515784e-01,  1.32070339e+00,  2.62677860e+00,
         2.30786896e+00,  5.22880018e-01,  6.57614946e-01,  1.39442933e+00,
        -1.40541708e+00, -1.07891870e+00,  1.34710288e+00, -4.29136395e-01,
        -1.36749339e+00,  5.15277803e-01, -5.84046125e-01,  1.32767066e-01,
         2.54015160e+00, -2.67650276e-01, -2.74039078e+00, -6.48671389e-01,
         2.08544731e+00,  2.97090471e-01,  2.24559680e-02, -1.30440384e-01,
        -9.21661794e-01, -4.53841507e-01, -1.50388730e+00,  1.78613141e-03,
         1.32890391e+00, -2.42185593e+00,  1.55281588e-01,  7.45318592e-01,
         3.71039242e-01, -6.81815982e-01,  1.34435153e+00,  2.22543311e+00,
        -4.86287385e-01, -6.18137002e-01, -5.54648995e-01,  8.29998076e-01,
        -8.10872138e-01,  1.70605123e+00, -2.50777662e-01,  3.14876497e-01,
        -3.54706883e-01, -2.42215872e+00,  7.54794300e-01, -1.40446627e+00,
         2.61598969e+00, -1.50631690e+00, -1.18655205e+00, -3.56235147e-01,
        -5.25972426e-01,  2.47227049e+00, -1.33334112e+00, -1.36612630e+00,
         6.26171291e-01,  8.89700890e-01,  6.20562695e-02, -9.28200662e-01,
        -6.78319156e-01,  5.24207950e-01,  1.37414932e-01, -1.09349179e+00,
         1.29369068e+00,  1.47101378e+00, -3.79719064e-02,  2.85917878e-01,
        -3.77980500e-01,  2.87252933e-01, -1.17059183e+00, -2.85190415e+00,
         1.80322027e+00, -6.05828881e-01, -3.66633153e+00, -1.32589012e-01,
         1.53144503e+00,  9.48168397e-01, -6.29362345e-01,  6.06424272e-01,
         1.15528047e+00, -2.25137159e-01, -1.28718579e+00, -4.27498162e-01,
         1.79428363e+00,  1.56320095e+00,  1.72906578e-01, -6.74252152e-01,
         1.14254224e+00, -1.71023893e+00, -1.43833899e+00,  5.88367343e-01,
        -5.05833089e-01,  1.46473753e+00, -3.49838614e-01,  8.87373269e-01,
         1.25048280e+00,  1.80366054e-01,  2.39207491e-01, -7.21500993e-01,
        -3.21448475e-01, -1.73615837e+00,  3.36573154e-01, -2.03148276e-01,
        -7.06114061e-03,  1.92746317e+00,  1.83949065e+00, -1.59359694e-01,
        -1.42888975e+00,  1.11630213e+00, -1.46335864e+00,  8.55573475e-01,
         1.82782674e+00, -1.63358486e+00, -1.89241624e+00,  1.31034350e+00,
        -1.53195128e-01,  1.04757786e+00, -1.41244197e+00,  2.59592652e-01,
         3.37670118e-01,  7.07881212e-01, -4.44732100e-01, -2.47290850e+00,
        -9.42436397e-01,  2.57812500e+00, -7.23102570e-01, -6.26467943e-01,
         1.63321197e+00,  2.77062058e-01, -4.67318073e-02,  1.00447464e+00,
         1.06214333e+00,  1.30927432e+00,  1.17091608e+00, -6.50851488e-01,
         1.52833259e+00,  1.72929966e+00,  6.86529726e-02, -1.10813618e+00,
         1.71118043e-02, -1.21571076e+00, -5.14708519e-01, -1.17759451e-01,
         9.94503915e-01,  1.54129112e+00, -2.47067738e+00,  1.09869194e+00,
         1.10898995e+00, -9.61047471e-01, -8.69057834e-01,  9.61420000e-01,
        -1.20284498e+00,  1.38544047e+00, -1.05966353e+00,  7.13297784e-01,
         1.23635042e+00,  1.06939483e+00, -9.24543083e-01,  1.00538224e-01,
         5.79850256e-01,  5.51445365e-01,  1.81172505e-01, -7.66403973e-01,
        -5.63002586e-01,  4.59513515e-01,  2.81899023e+00,  6.64983690e-01,
         1.70195568e+00,  3.87714922e-01, -1.72605562e+00, -2.02689394e-01,
        -1.63234353e+00,  1.47802305e+00, -2.00984716e-01,  5.30160844e-01,
         1.21125758e+00,  8.75343204e-01,  3.61300421e+00,  2.14021876e-01,
         7.80163944e-01,  1.48970783e+00,  6.12403929e-01,  2.07826042e+00,
        -6.13948584e-01,  5.25733195e-02, -2.45627508e-01,  3.69700223e-01,
         4.37349737e-01,  1.47272974e-01, -2.14829102e-01, -4.26681280e-01,
        -1.40270615e+00, -2.70480722e-01,  3.43917489e-01,  6.44929826e-01,
         1.04456317e+00,  5.39658487e-01,  1.44627452e-01,  9.14966106e-01,
         4.92621243e-01, -1.34629047e+00,  1.70891762e+00,  1.02090490e+00,
        -1.31512010e+00, -1.56319654e+00, -1.29017591e+00, -1.03639472e+00,
         3.62201542e-01, -1.14990366e+00,  3.46797884e-01, -2.76597112e-01,
         1.37380028e+00, -1.42272305e+00, -9.71728742e-01,  6.64395690e-01,
        -9.16896403e-01, -1.17275566e-01,  6.67325616e-01, -2.06561947e+00,
        -6.06587589e-01,  6.29920140e-02,  5.13808094e-02, -2.28990018e-01,
         1.22160172e+00,  2.73767114e-01,  1.09542644e+00,  3.75983626e-01,
         2.34306335e+00,  1.89809287e+00,  1.06277561e+00, -1.17925513e+00,
        -8.40982944e-02, -6.62880123e-01,  1.40607610e-01,  3.47466850e+00,
         2.10112500e+00, -1.34189737e+00,  1.13812065e+00,  1.10648227e+00,
        -3.63545609e+00, -1.20997024e+00, -1.04253709e+00, -5.73133945e-01,
        -1.73959708e+00,  1.98713779e-01, -6.03434920e-01, -9.46853340e-01,
        -1.99606812e+00, -2.63290906e+00, -9.90055740e-01, -5.99221289e-01,
         2.21691489e+00, -5.90447597e-02, -5.72023749e-01,  2.33344406e-01,
         5.83249152e-01, -5.18830121e-01, -2.14904928e+00,  3.90971974e-02,
         5.62728584e-01,  2.39013523e-01, -1.72165775e+00,  2.29543543e+00,
         6.98503852e-03, -1.06996465e+00,  2.84058958e-01,  9.31050181e-01,
        -5.50327182e-01,  3.28833914e+00,  2.79638588e-01, -1.55958548e-01,
        -1.28267616e-01, -1.85274720e-01, -1.32364106e+00, -1.54350436e+00,
         2.83442020e+00,  1.18707657e+00,  1.26440406e+00, -6.97094202e-01,
         3.75954509e-01,  6.14008009e-01,  1.60837257e+00,  1.08660929e-01,
        -3.09056818e-01, -9.66506958e-01,  5.50431132e-01,  1.12896609e+00,
         6.63082457e+00,  4.18809175e+00,  6.50262594e-01, -3.16664755e-01,
         8.74588013e-01, -4.74742830e-01, -1.74215108e-01,  2.66379237e+00,
        -1.93805420e+00, -7.29469597e-01, -4.29370552e-01, -8.85204554e-01,
         9.66211557e-01, -5.79840899e-01, -2.95080841e-01,  8.03692997e-01,
         7.17202663e-01,  2.40803218e+00, -4.41462576e-01, -1.88410842e+00,
        -2.34742022e+00,  3.05527113e-02, -2.22861099e+00, -2.11232901e+00,
        -1.78212380e+00,  6.99273646e-01, -1.56846511e+00, -1.11022937e+00,
        -1.33467054e+00, -2.23262978e+00, -1.93704367e+00, -1.44952941e+00,
        -1.30301440e+00, -9.64474201e-01, -1.17588079e+00, -2.48749837e-01,
        -1.39149368e+00, -1.34120464e+00, -6.44617915e-01, -7.32958242e-02,
        -2.79017377e+00,  1.01956569e-01, -2.44572616e+00, -9.02442098e-01,
         1.83908808e+00,  4.50429469e-01,  3.91124368e-01,  6.84253454e-01,
        -1.00123775e+00, -1.73094705e-01,  1.60719112e-01, -9.10165191e-01,
        -1.20803332e+00, -5.03071725e-01, -4.37042117e-01, -2.63745880e+00,
        -2.74437475e+00, -4.95256901e-01, -2.43530607e+00, -1.97620308e+00,
        -1.99989450e+00, -1.69417584e+00,  4.94259000e-01, -1.08773482e+00,
         4.77777034e-01, -6.01479471e-01, -1.50586307e+00,  2.47382259e+00,
        -7.87939429e-01,  7.37075880e-02,  2.20494056e+00,  1.88721764e+00,
        -1.02795398e+00,  1.17253935e+00,  2.96779983e-02, -1.23573303e+00,
         8.85840714e-01,  6.69486046e-01, -3.14771503e-01,  6.96067736e-02,
         1.39913931e-01,  6.09131455e-02, -8.50316465e-01,  6.49076700e-02,
        -7.14467943e-01,  4.22707051e-02, -1.33177292e+00, -1.64320683e+00,
        -1.14763308e+00, -2.93333983e+00, -2.78259563e+00, -1.75456047e+00,
        -1.88460636e+00, -2.05292439e+00,  1.23471521e-01,  1.47609663e+00],
       device='cuda:0')
Clean RHS: tensor([[0.55645686]], device='cuda:0')
Split layers:
Nonlinear functions:
   BoundRelu(name=/66, inputs=[/input], perturbed=True)
   BoundRelu(name=/68, inputs=[/input-4], perturbed=True)
   BoundRelu(name=/71, inputs=[/input-12], perturbed=True)
   BoundRelu(name=/73, inputs=[/input-16], perturbed=True)
   BoundRelu(name=/76, inputs=[/input-24], perturbed=True)
   BoundRelu(name=/78, inputs=[/input-28], perturbed=True)
   BoundRelu(name=/80, inputs=[/input-32], perturbed=True)
   BoundRelu(name=/83, inputs=[/input-40], perturbed=True)
   BoundRelu(name=/85, inputs=[/input-44], perturbed=True)
   BoundRelu(name=/87, inputs=[/input-48], perturbed=True)
   BoundRelu(name=/90, inputs=[/input-56], perturbed=True)
   BoundRelu(name=/92, inputs=[/input-60], perturbed=True)
   BoundRelu(name=/94, inputs=[/input-64], perturbed=True)
   BoundRelu(name=/98, inputs=[/input-68], perturbed=True)
   BoundRelu(name=/101, inputs=[/input-72], perturbed=True)
   BoundRelu(name=/input-8/conv_1_relu, inputs=[/input-8/conv_1], perturbed=True)
   BoundRelu(name=/input-8/conv_3_relu, inputs=[/input-8/conv_3], perturbed=True)
   BoundRelu(name=/input-20/conv_1_relu, inputs=[/input-20/conv_1], perturbed=True)
   BoundRelu(name=/input-20/conv_3_relu, inputs=[/input-20/conv_3], perturbed=True)
   BoundRelu(name=/input-36/conv_1_relu, inputs=[/input-36/conv_1], perturbed=True)
   BoundRelu(name=/input-36/conv_3_relu, inputs=[/input-36/conv_3], perturbed=True)
   BoundRelu(name=/input-52/conv_1_relu, inputs=[/input-52/conv_1], perturbed=True)
   BoundRelu(name=/input-52/conv_3_relu, inputs=[/input-52/conv_3], perturbed=True)
   BoundRelu(name=/95/conv_1_relu, inputs=[/95/conv_1], perturbed=True)
   BoundRelu(name=/95/conv_3_relu, inputs=[/95/conv_3], perturbed=True)
Batched CROWN: node BoundConv(name=/input-4, inputs=[/66, /35, /36], perturbed=True), unstable size 5058
Batched CROWN: node BoundConv(name=/input-8/conv_1, inputs=[/68, /input-8/conv_1_w], perturbed=True), unstable size 7215
Batched CROWN: node BoundConv(name=/input-8/conv_3, inputs=[/input-8/add_1_2, /input-8/conv_3_w], perturbed=True), unstable size 2083
Batched CROWN: node BoundConv(name=/input-12, inputs=[/input-8/add_3_4, /37, /38], perturbed=True), unstable size 45095
Batched CROWN: node BoundConv(name=/input-16, inputs=[/71, /39, /40], perturbed=True), unstable size 455428
Batched CROWN: node BoundConv(name=/input-20/conv_1, inputs=[/73, /input-20/conv_1_w], perturbed=True), unstable size 46186
Batched CROWN: node BoundConv(name=/input-20/conv_3, inputs=[/input-20/add_1_2, /input-20/conv_3_w], perturbed=True), unstable size 19640
Batched CROWN: node BoundConv(name=/input-24, inputs=[/input-20/add_3_4, /41, /42], perturbed=True), unstable size 421951
Batched CROWN: node BoundConv(name=/input-28, inputs=[/76, /43, /44], perturbed=True), unstable size 317668
Batched CROWN: node BoundConv(name=/input-32, inputs=[/78, /45, /46], perturbed=True), unstable size 439000
Batched CROWN: node BoundConv(name=/input-36/conv_1, inputs=[/80, /input-36/conv_1_w], perturbed=True), unstable size 6416
Batched CROWN: node BoundConv(name=/input-36/conv_3, inputs=[/input-36/add_1_2, /input-36/conv_3_w], perturbed=True), unstable size 3735
Batched CROWN: node BoundConv(name=/input-40, inputs=[/input-36/add_3_4, /47, /48], perturbed=True), unstable size 147354
Batched CROWN: node BoundConv(name=/input-44, inputs=[/83, /49, /50], perturbed=True), unstable size 287624
Batched CROWN: node BoundConv(name=/input-48, inputs=[/85, /51, /52], perturbed=True), unstable size 25579
Batched CROWN: node BoundConv(name=/input-52/conv_1, inputs=[/87, /input-52/conv_1_w], perturbed=True), unstable size 2810
Batched CROWN: node BoundConv(name=/input-52/conv_3, inputs=[/input-52/add_1_2, /input-52/conv_3_w], perturbed=True), unstable size 1969
Batched CROWN: node BoundConv(name=/input-56, inputs=[/input-52/add_3_4, /53, /54], perturbed=True), unstable size 57120
Batched CROWN: node BoundConv(name=/input-60, inputs=[/90, /55, /56], perturbed=True), unstable size 61265
Batched CROWN: node BoundConv(name=/input-64, inputs=[/92, /57, /58], perturbed=True), unstable size 41133
Batched CROWN: node BoundConv(name=/95/conv_1, inputs=[/94, /95/conv_1_w], perturbed=True), unstable size 672
Batched CROWN: node BoundConv(name=/95/conv_3, inputs=[/95/add_1_2, /95/conv_3_w], perturbed=True), unstable size 410
Batched CROWN: node BoundLinear(name=/input-68, inputs=[/96, /59, /60], perturbed=True), unstable size 3003
Batched CROWN: node BoundLinear(name=/input-72, inputs=[/99, /61, /62], perturbed=True), unstable size 4096
initial crown bounds: tensor([[0.53199840]], device='cuda:0')
Number of class (without rhs): 0 ; Worst class: (+ rhs) 0.5319983959197998
Verified by initial bound!
Result: unsat
Time: 692.0434055328369
[rank 0] === Checking instance ID 780 ===
[rank 0] >>> Running ID=780 onnx=onnx/vgg16-7.onnx
Configurations:

general:
  device: cuda
  seed: 100
  conv_mode: patches
  deterministic: false
  double_fp: false
  loss_reduction_func: max
  sparse_alpha: true
  sparse_interm: true
  save_adv_example: false
  verify_onnxruntime_output: false
  eval_adv_example: false
  show_adv_example: false
  precompile_jit: false
  prepare_only: false
  complete_verifier: bab
  enable_incomplete_verification: false
  csv_name: instances.csv
  results_file: results/vggnet16_all_p_4/result_780.rank0.txt
  root_path: ../../vnncomp2023_benchmarks/benchmarks/vggnet16
  deterministic_opt: false
  graph_optimizer: 'Customized("custom_graph_optimizer", "maxpool_to_relu")'
  buffer_has_batchdim: false
  save_output: false
  output_file: out.pkl
  return_optimized_model: false
  output_additional_stats: true
  instance_id: 780
  dataset_output_dir: dataset
  min_stable_neurons_ratio_threshold: 0.0
model:
  name: null
  path: null
  onnx_path: /projects/air/dlverifier/vggnet16_all/onnx/vgg16-7.onnx
  onnx_path_prefix: ''
  cache_onnx_conversion: true
  debug_onnx: false
  onnx_quirks: null
  input_shape: null
  onnx_loader: default_onnx_and_vnnlib_loader
  onnx_optimization_flags: []
  onnx_vnnlib_joint_optimization_flags: none
  check_optimized: false
  flatten_final_output: false
  optimize_graph: null
  with_jacobian: false
data:
  start: 0
  end: 10000
  select_instance: null
  num_outputs: 1000
  mean: 0.0
  std: 1.0
  pkl_path: null
  dataset: null
  data_filter_path: null
  data_idx_file: null
specification:
  type: lp
  robustness_type: verified-acc
  norm: .inf
  epsilon: null
  epsilon_min: 0.0
  vnnlib_path: /projects/air/dlverifier/vggnet16_all/vnnlib/n02090721_Irish_wolfhound_fix_nonmask_seg0_k50176_eps_0.0003.vnnlib
  vnnlib_path_prefix: ''
  rhs_offset: null
solver:
  batch_size: 1
  auto_enlarge_batch_size: false
  min_batch_size_ratio: 0.1
  use_float64_in_last_iteration: false
  early_stop_patience: 10
  start_save_best: 0.5
  bound_prop_method: forward+backward
  init_bound_prop_method: same
  prune_after_crown: false
  optimize_disjuncts_separately: false
  crown:
    batch_size: 16
    max_crown_size: 1000000000
    relu_option: adaptive
  alpha-crown:
    alpha: true
    lr_alpha: 0.1
    iteration: 100
    share_alphas: false
    lr_decay: 0.98
    full_conv_alpha: true
    max_coeff_mul: .inf
    matmul_share_alphas: false
    disable_optimization: []
    max_time: 1.0
  invprop:
    apply_output_constraints_to: []
    tighten_input_bounds: false
    best_of_oc_and_no_oc: false
    directly_optimize: []
    oc_lr: 0.1
    share_gammas: false
  beta-crown:
    lr_alpha: 0.01
    lr_beta: 0.05
    lr_decay: 0.98
    optimizer: adam
    iteration: 10
    beta: true
    beta_warmup: true
    enable_opt_interm_bounds: false
    all_node_split_LP: false
  forward:
    refine: false
    dynamic: true
    max_dim: 100
    reset_threshold: 1.0
  intermediate_refinement:
    enabled: false
    batch_size: 10
    opt_coeffs: false
    opt_bias: false
    lr: 0.05
    layers: [-1]
    max_domains: 1000
  multi_class:
    label_batch_size: 32
    skip_with_refined_bound: true
  mip:
    unstable_neuron_threshold: 0
    parallel_solvers: null
    solver_threads: 1
    refine_neuron_timeout: 15
    refine_neuron_time_percentage: 0.8
    early_stop: true
    adv_warmup: true
    mip_solver: gurobi
    skip_unsafe: false
    topk_filter: 1.0
    sliding_window: -1
    extra_constraint: false
    refine_neuron_timeout_increasement: 0
    timeout_neuron_percentage: 0.3
    remaining_timeout_threshold: 1
    remove_unstable_neurons: true
    lp_solver: false
bab:
  initial_max_domains: 1
  backing_up_max_domain: null
  max_domains: .inf
  decision_thresh: 0
  timeout: 1200.0
  timeout_scale: 1
  max_iterations: -1
  override_timeout: null
  get_upper_bound: false
  pruning_in_iteration: true
  pruning_in_iteration_ratio: 0.2
  sort_targets: false
  batched_domain_list: true
  optimized_interm: ''
  interm_transfer: true
  recompute_interm: false
  sort_domain_interval: -1
  vanilla_crown: false
  tree_traversal: depth_first
  cut:
    enabled: false
    cuts_path: /tmp/abcrown_cuts
    implication: false
    bab_cut: false
    lp_cut: false
    method: null
    lr: 0.01
    lr_decay: 1.0
    iteration: 100
    bab_iteration: -1
    early_stop_patience: -1
    lr_beta: 0.02
    number_cuts: 50
    topk_cuts_in_filter: 1000
    batch_size_primal: 100
    max_num: 1000000000
    patches_cut: false
    cplex_cuts: false
    cplex_cuts_wait: 0
    cplex_cuts_revpickup: true
    cut_reference_bounds: true
    fix_intermediate_bounds: false
    _tmp_cuts: null
    fixed_cuts: false
    add_implied_cuts: false
    add_input_cuts: false
    biccos:
      enabled: false
      constraint_strengthening: true
      recursively_strengthening: false
      drop_ratio: 0.5
      verified_bonus: 0.3
      max_infer_iter: 20
      heuristic: neuron_influence_score
      save_biccos_cuts: false
      multi_tree_branching:
        enabled: false
        restore_best_tree: false
        keep_n_best_domains: 1
        k_splits: 1
        iterations: 1
  branching:
    method: sb
    candidates: 3
    reduceop: min
    enable_intermediate_bound_opt: false
    branching_input_and_activation: false
    branching_input_and_activation_order: [input, relu]
    branching_input_iterations: 30
    branching_relu_iterations: 50
    gnn_path: ''
    neural_heuristic:
      model_path: ''
    rl:
      experiment: general
      eval: false
      extras: []
      logging:
        color: true
        debug: true
        file: rl-experiment.log
      pnet:
        gH: 64
        tH: 64
        nheads: 64
        nlayers: 64
        useDynamicGraph: true
        bidirectional: false
        GAT: true
      training:
        gamma: 0.99
        lr: 0.001
        batchSize: 8
        loop: 8
        totalEpochs: 10
        updatePolicyFrequency: 10
        updateTargetFrequency: 10
        buffer: buffer.pkl
        preparedBuffer: 'False'
        TestingPreparedBuffer: false
        scriptTraining: false
        policynet: policy-checkpoint.pt
        targetnet: target-checkpoint.pt
        datasetShuffle: true
        targetedData: all
        splitRatio: 0.8
        maxInstances: -1
        trainingMode: full
        reward:
          norm: null
          bonus: 10.0
          penalty: -1.0
      egreedy:
        epsilon: 0.1
        epsilonDecay: 0.1
        minEpsilon: 0.1
        ePath: epsilon.pt
        enabled: true
      expert:
        useExpertUntilEpisode: 0.1
        enabled: true
        learnToImitateExpertEpochs: 10
    nonlinear_split:
      method: shortcut
      branching_point_method: uniform
      num_branches: 2
      filter: false
      filter_beta: false
      filter_clamp: false
      filter_batch_size: 10000
      filter_iterations: 25
      relu_only: false
      loose_tanh_threshold: null
      dynamic_bbps: false
      dynamic_options: [uniform, three_left, three_right]
      branching_point_node: ''
      branching_point_db: []
    input_split:
      enable_clip_domains: false
      split_hint: null
      reorder_bab: false
      enable: true
      enhanced_bound_prop_method: alpha-crown
      enhanced_branching_method: naive
      enhanced_bound_patience: 100000000.0
      attack_patience: 100000000.0
      adv_check: 0
      split_partitions: 2
      sb_margin_weight: 1.0
      sb_sum: false
      sb_primary_spec: null
      bf_backup_thresh: -1
      bf_rhs_offset: 0
      bf_iters: 1000000000.0
      bf_batch_size: 100000
      bf_zero_crossing_score: false
      touch_zero_score: 0
      ibp_enhancement: false
      catch_assertion: false
      compare_with_old_bounds: false
      update_rhs_with_attack: false
      sb_coeff_thresh: 0.001
      sort_index: null
      sort_descending: true
      show_progress: false
      presplit_domains: null
      skip_getting_worst_domain: false
  attack:
    enabled: false
    beam_candidates: 8
    beam_depth: 7
    max_dive_fix_ratio: 0.8
    min_local_free_ratio: 0.2
    mip_start_iteration: 5
    mip_timeout: 30.0
    adv_pool_threshold: null
    refined_mip_attacker: false
    refined_batch_size: null
attack:
  pgd_order: input_bab
  pgd_steps: 100
  pgd_restarts: 30
  pgd_batch_size: 100000000
  pgd_early_stop: true
  pgd_lr_decay: 0.99
  pgd_alpha: auto
  pgd_alpha_scale: false
  pgd_loss_mode: null
  pgd_restart_when_stuck: false
  enable_mip_attack: false
  adv_saver: default_adv_saver
  adv_verifier: default_adv_verifier
  early_stop_condition: default_early_stop_condition
  adv_example_finalizer: default_adv_example_finalizer
  pgd_loss: default_pgd_loss
  cex_path: ./test_cex.txt
  attack_mode: PGD
  attack_tolerance: 0.0
  attack_func: attack_with_general_specs
  gama_lambda: 10.0
  gama_decay: 0.9
  check_clean: true
  input_split:
    pgd_steps: 100
    pgd_restarts: 30
    pgd_alpha: auto
  input_split_enhanced:
    pgd_steps: 200
    pgd_restarts: 500000
    pgd_alpha: auto
  input_split_check_adv:
    enabled: auto
    pgd_steps: 5
    pgd_restarts: 5
    pgd_alpha: auto
    max_num_domains: 10
debug:
  sanity_check: Full+Graph
  view_model: false
  lp_test: null
  rescale_vnnlib_ptb: null
  test_optimized_bounds: false
  test_optimized_bounds_after_n_iterations: 0
  print_verbose_decisions: false

Experiments at Fri Feb 20 03:43:33 2026 on d1026
Internal results will be saved to results/vggnet16_all_p_4/result_780.rank0.txt.

[ZRL] %%%%%%%%%%%%%%%%%%%%%%%%%%%%%%%%%%% idx: 0, vnnlib ID: 0 %%%%%%%%%%%%%%%%%%%%%%%%%%%%%%%%%%%
Using onnx /projects/air/dlverifier/vggnet16_all/onnx/vgg16-7.onnx
Using vnnlib /projects/air/dlverifier/vggnet16_all/vnnlib/n02090721_Irish_wolfhound_fix_nonmask_seg0_k50176_eps_0.0003.vnnlib
150528 inputs and 1000 outputs in vnnlib
Loading cached onnx model from /projects/air/dlverifier/vggnet16_all/onnx/vgg16-7.onnx.cached
Cannot read cached onnx file. Regenerating...
Loading onnx /projects/air/dlverifier/vggnet16_all/onnx/vgg16-7.onnx with quirks {}
Finished onnx model loading in 38.0458 seconds
Number of perturbed inputs: 137736
WARNING: prioritizing attack due to too many perturbed pixels on VGG
Setting arguments.Config["attack"]["pgd_order"] to "before"
Setting bound_prop_method to crown
Attack parameters: initialization=uniform, steps=100, restarts=30, alpha=7.500499486923218e-05, initialization=uniform, GAMA=False
Model output of first 5 examples:
 tensor([[ 1.04841626e+00,  2.06702948e+00,  1.09783721e+00,  1.12288201e+00,
          1.32237649e+00,  1.78087616e+00,  2.02228856e+00, -1.33932936e+00,
         -9.34227884e-01, -5.16535878e-01, -1.10908437e+00,  3.98890167e-01,
         -1.86851010e-01, -4.28034902e-01,  6.12776577e-01,  3.99405211e-01,
         -6.88385785e-01, -7.47176349e-01, -8.81155133e-02, -6.38609409e-01,
         -1.45150453e-01,  8.04878235e-01,  1.29130948e+00, -4.18406129e-02,
          5.27139425e-01, -1.40129519e+00, -2.91991606e-02, -7.69551635e-01,
         -1.72836423e+00,  6.30796134e-01, -1.19846606e+00,  8.31612587e-01,
         -9.04494464e-01, -2.44698510e-01, -3.72476667e-01, -8.30604136e-01,
          8.32296789e-01, -1.54462540e+00, -1.87428474e-01, -1.07655621e+00,
          9.79077280e-01, -1.29397106e+00, -1.74308062e+00, -1.25649440e+00,
         -5.64032674e-01, -1.05319524e+00,  1.38925374e+00, -8.50888073e-01,
         -8.57981205e-01,  2.63409257e-01,  1.57935929e+00, -2.08044982e+00,
         -1.60624072e-01,  1.42617181e-01, -1.00066388e+00,  9.73762646e-02,
         -1.13942766e+00, -1.49697948e+00,  6.67936921e-01,  2.43450195e-01,
          3.12171787e-01, -8.48199487e-01, -1.42098188e+00,  1.30401149e-01,
          8.15625548e-01,  8.57550144e-01, -7.91928589e-01,  1.73909873e-01,
         -1.30269384e+00, -1.15134585e+00,  2.96281695e-01,  2.64549524e-01,
         -3.43469083e-01,  3.86803269e-01,  1.65325120e-01,  6.03511810e-01,
          2.17951506e-01,  1.20489383e+00,  8.82493496e-01,  1.08442569e+00,
         -1.50570810e-01, -1.32069433e+00, -3.95295799e-01, -9.65249181e-01,
         -4.79075797e-02, -3.23501319e-01, -8.13810706e-01,  3.84021312e-01,
          2.24855557e-01,  1.52900100e-01, -2.40801215e-01, -1.61370683e+00,
          4.24468726e-01,  3.85346681e-01,  8.39882493e-01, -1.58088267e+00,
          9.90889013e-01,  1.21901751e-01,  4.78408873e-01,  1.02759504e+00,
          1.85437775e+00, -8.44623864e-01, -2.03725338e+00,  1.64002359e+00,
          4.05474380e-02, -1.37157083e+00, -4.43854928e-02,  1.08433914e+00,
         -7.90048540e-01, -6.76596403e-01,  2.04628348e-01,  2.93847299e+00,
          1.33996099e-01,  5.67879200e-01,  4.04879689e-01, -1.25103486e+00,
         -1.29150772e+00,  3.41551185e-01, -1.24708724e+00, -2.03626680e+00,
         -2.12764144e+00, -2.44092846e+00, -2.09984899e+00, -2.15008307e+00,
         -1.42314458e+00, -1.67757034e+00,  6.58292413e-01,  1.06489539e+00,
          1.14384890e+00,  1.91552961e+00,  1.23588824e+00,  7.70718575e-01,
          2.42401004e+00,  5.11511564e-01,  1.03597951e+00, -1.43982425e-01,
         -1.67312562e-01,  1.00781727e+00,  4.00927216e-01, -1.64655936e+00,
         -1.67302322e+00,  4.18755978e-01, -3.82861674e-01, -1.03638142e-01,
          1.69835508e-01,  4.38501358e-01, -9.24252868e-02,  1.33709037e+00,
          8.51669967e-01,  2.43681073e+00,  1.49818435e-01,  1.15314150e+00,
         -4.80549753e-01,  1.71431780e+00,  7.82583356e-01,  4.00974989e-01,
         -1.28886029e-01,  4.22330916e-01, -5.26456714e-01, -3.58639091e-01,
          7.96238855e-02,  4.40726995e-01,  1.15307498e+00,  1.27229616e-01,
         -5.25594771e-01, -7.44796276e-01, -8.90048146e-01, -9.10658121e-01,
          2.47757360e-02,  3.31844300e-01,  2.18917832e-01,  7.19394088e-02,
         -4.21575189e-01,  4.94391888e-01,  2.67710596e-01,  1.54672995e-01,
         -4.37967211e-01, -3.37538809e-01,  1.46655333e+00, -7.20633268e-01,
         -4.13566321e-01,  6.18215621e-01,  5.72065413e-01,  1.58946842e-01,
          6.68413758e-01,  2.93850392e-01,  7.60282993e-01,  1.23892784e+00,
          1.79418042e-01,  3.22540194e-01,  9.52509761e-01,  1.26236451e+00,
          6.94086850e-01,  6.18317604e-01,  4.51832503e-01,  1.17565620e+00,
          8.24497759e-01, -4.97575045e-01, -3.89265954e-01,  1.24394083e+00,
          5.99547982e-01,  4.21265662e-01,  6.87902451e-01,  2.19907856e+00,
          1.04659963e+00, -1.54591084e-01, -9.46084738e-01,  8.48017573e-01,
          7.10781395e-01,  8.09923232e-01, -1.37656200e+00,  3.03806782e-01,
          8.86848032e-01,  1.12304986e-01, -3.31060410e-01, -1.01086348e-01,
          6.71431363e-01,  2.01851934e-01,  7.40691349e-02,  8.16995263e-01,
          4.14990574e-01, -2.25701943e-01,  5.85538328e-01,  6.35855734e-01,
          7.61703730e-01,  1.54794827e-02,  1.38550028e-01, -1.82953700e-01,
         -5.84819674e-01,  1.59754622e+00, -7.11412206e-02,  5.76572597e-01,
         -3.02324176e-01,  1.09036854e-02,  2.65468135e-02,  8.40097129e-01,
         -3.09533238e-01,  1.95857555e-01, -3.43779564e-01,  1.50321960e-01,
         -2.27521986e-01, -4.11995202e-01,  5.85869372e-01, -6.90313935e-01,
         -5.79296172e-01,  1.07357538e+00, -5.62276661e-01, -3.27507965e-02,
          7.89481282e-01,  7.20355511e-01,  6.62498713e-01, -7.16749668e-01,
          1.85846016e-01,  4.06942159e-01,  1.47081137e+00, -7.33713865e-01,
         -5.13374627e-01,  1.18795764e+00,  1.21086466e+00,  1.60866928e+00,
          1.40116215e+00,  3.32886964e-01, -8.18780124e-01,  8.42941701e-01,
          2.11467624e-01,  1.37608588e+00,  3.78790557e-01,  1.44554138e-01,
         -1.50065005e+00,  1.22280824e+00,  1.93047059e+00,  8.80282760e-01,
          1.20015097e+00,  1.34700382e+00,  2.20987737e-01, -8.41701627e-02,
          4.01400685e-01,  1.31880844e+00,  7.22867027e-02,  1.76156175e+00,
          8.43605161e-01,  2.32194471e+00,  2.71703315e+00,  3.00831747e+00,
          2.83558226e+00,  1.54919708e+00,  5.06905735e-01,  1.34696674e+00,
         -3.55551928e-01, -1.28219783e-01, -5.10631740e-01,  2.36697972e-01,
          2.48533651e-01,  2.77225226e-01,  3.42863321e-01,  8.73809755e-02,
          2.60158467e+00, -1.04291588e-01, -5.34663737e-01, -9.82420519e-02,
         -1.99863458e+00,  3.91385555e-01, -1.34293985e+00, -1.04272747e+00,
         -1.18944776e+00, -2.17410374e+00, -8.51742625e-01, -5.33351541e-01,
          3.93786728e-01, -1.16877830e+00,  1.24519837e+00,  3.83961499e-01,
         -4.91794467e-01,  1.08729434e+00,  5.48384666e-01,  2.92870402e-01,
          8.84554237e-02, -5.25283813e-01,  1.54183698e+00,  7.34130502e-01,
          3.01174652e-02, -2.35572004e+00, -1.60914826e+00, -2.02347875e+00,
         -1.32123375e+00, -1.70693171e+00, -1.76612580e+00,  6.83341734e-03,
         -1.79345965e+00, -1.58196092e+00,  1.27147555e+00,  1.90809536e+00,
          2.71118498e+00,  8.01773310e-01, -4.54504788e-01, -2.54682332e-01,
         -1.64157915e+00,  1.22681844e+00,  5.49645185e-01, -1.79095495e+00,
         -7.14995503e-01,  1.47073388e-01, -4.11438346e-01, -1.03831136e+00,
          5.33989608e-01, -9.38632429e-01, -1.04771316e+00, -2.42222399e-01,
         -1.81428719e+00, -1.19797075e+00, -1.33277404e+00, -9.00407851e-01,
         -5.55333555e-01, -5.47250688e-01, -1.38589954e+00, -8.29122901e-01,
          7.19512582e-01,  1.84106380e-01,  4.91237700e-01,  7.69635856e-01,
          6.76950812e-01,  6.15933597e-01,  1.01987958e+00, -5.84591143e-02,
         -8.62446308e-01,  2.29518548e-01,  5.04971981e-01,  3.04453094e-02,
          4.59638804e-01, -4.50593114e-01,  4.86010164e-02, -6.20909572e-01,
          8.01815033e-01,  8.24344993e-01,  4.37255025e-01, -8.81389320e-01,
          3.97642702e-01,  2.38435835e-01,  6.33179009e-01, -4.68650073e-01,
          6.56517029e-01, -1.68257266e-01,  3.69544804e-01,  3.66162555e-03,
         -2.67624825e-01, -2.07889527e-01, -6.88671529e-01, -1.35016191e+00,
         -9.81783032e-01,  1.06632829e+00,  2.15414420e-01,  1.28481257e+00,
          5.57055585e-02, -1.24558878e+00,  5.30804515e-01,  1.42353094e+00,
         -1.16923344e+00, -7.67111033e-02, -9.76107359e-01,  4.41777945e-01,
         -1.07663774e+00, -1.45843792e+00,  1.64022982e-01, -7.67997086e-01,
         -5.89534879e-01,  6.72314823e-01, -1.39469647e+00, -6.32172048e-01,
         -1.58997023e+00,  1.91664267e+00, -1.32918227e+00,  1.76874912e+00,
          5.54747999e-01,  5.89504242e-01,  1.02466011e+00, -2.27278137e+00,
          1.40740478e+00,  1.11452651e+00,  1.52110624e+00,  1.73824036e+00,
         -1.10867880e-02,  1.07768528e-01, -5.11149943e-01, -1.59498918e+00,
         -6.89404249e-01,  5.29212892e-01,  2.27858186e-01, -9.85763371e-01,
         -6.36488676e-01, -2.75341958e-01, -1.16411519e+00, -4.37912256e-01,
         -3.52207392e-01,  1.35431945e+00,  1.50891972e+00,  7.14855492e-01,
         -7.50615537e-01,  2.45650560e-01,  1.46836913e+00,  5.54061159e-02,
         -5.67764044e-03,  1.50114250e+00, -3.02488476e-01,  2.21989346e+00,
         -1.55274856e+00, -4.24734503e-01,  2.85933137e+00, -4.63554859e-01,
         -1.76030487e-01,  1.20500520e-01, -1.38093042e+00, -6.14423491e-02,
          2.16950551e-01, -5.22946477e-01, -1.82890296e+00, -2.60300815e-01,
         -2.40734026e-01,  7.08655059e-01, -3.46421182e-01,  5.25474072e-01,
         -7.88560212e-01, -5.67533225e-02,  1.87900448e+00,  7.15582818e-03,
          7.62693644e-01,  1.80764747e+00, -1.44002008e+00, -2.61006784e+00,
          3.85600746e-01, -1.96035132e-01,  4.88402188e-01, -1.33931708e+00,
          3.27845663e-02,  1.86983377e-01, -5.67984581e-01,  1.11009789e+00,
         -1.38532782e+00, -8.36416960e-01,  1.02084987e-02, -1.30918384e+00,
          2.75290155e+00,  5.72420657e-01, -3.30075175e-01, -3.50017160e-01,
         -2.14953288e-01,  4.61244613e-01, -3.88132155e-01,  1.55814254e+00,
         -8.31475258e-01,  2.00047269e-01,  1.40770733e-01, -1.43300498e+00,
          1.09113157e-01, -7.22552359e-01,  1.43722028e-01, -7.54250824e-01,
          8.42961550e-01,  4.90809202e-01, -3.17792237e-01,  2.07362223e+00,
         -2.78901219e+00,  6.69061124e-01, -1.19025230e+00, -5.20393364e-02,
         -8.35775211e-03, -3.91590804e-01, -1.87840617e+00,  5.65754712e-01,
          1.07106698e+00, -3.09532571e+00, -5.25867462e-01, -1.53705442e+00,
         -5.57725906e-01, -5.46876788e-01, -8.55974197e-01, -4.20363277e-01,
         -1.76320744e+00,  1.46180674e-01, -8.23091626e-01, -7.02823639e-01,
         -9.30623412e-01, -1.00141060e+00, -1.04329658e+00, -4.72974211e-01,
         -5.50800323e-01, -2.80056834e-01, -7.50897765e-01,  4.92082775e-01,
         -8.68337333e-01,  1.01035750e+00,  1.68683755e+00,  4.69805807e-01,
         -1.07297146e+00,  4.07973714e-02,  1.94954562e+00, -2.40225005e+00,
         -1.47549450e+00, -6.97730422e-01,  3.06994796e-01,  2.89269328e+00,
         -1.06392950e-01, -2.09698939e+00,  9.95441318e-01, -4.85253930e-01,
         -1.38592815e+00,  7.43109174e-03, -2.80966848e-01, -2.55018425e+00,
          7.08571263e-03,  3.02224755e+00, -2.13346386e+00, -1.13677967e+00,
          1.16311526e+00,  9.36393142e-01,  6.03251636e-01, -8.51636469e-01,
          3.19944334e+00,  1.75723064e+00,  3.39062989e-01,  8.17548931e-02,
         -1.16471004e+00, -7.95847237e-01,  2.36208558e+00,  5.94763935e-01,
         -1.03791118e+00,  2.03666419e-01, -7.25238502e-01, -3.18259388e-01,
          6.86454296e-01, -1.79575658e+00,  3.30527872e-02, -8.53463709e-01,
          7.82638848e-01, -7.85489619e-01,  1.17524707e+00, -6.24635577e-01,
         -1.52390146e+00,  4.09631908e-01,  5.81755519e-01, -7.02004433e-01,
          3.28681141e-01, -9.20316160e-01, -2.68573070e+00, -6.78230941e-01,
          3.91243279e-01,  1.81456685e-01, -1.15457511e+00,  8.82711291e-01,
          1.13791239e+00, -1.57491073e-01,  2.95813620e-01,  3.77371216e+00,
         -4.42217469e-01,  4.38274950e-01, -1.30766809e+00, -8.64969373e-01,
          1.34236491e+00,  8.94526690e-02,  7.49941409e-01,  4.78882849e-01,
          1.31621563e+00,  4.75350171e-02,  1.46231651e+00, -2.31004381e+00,
          5.94180584e-01,  1.68168688e+00,  3.83145779e-01, -2.98140675e-01,
          1.48487842e+00, -7.57960081e-01,  1.84373808e+00,  6.53121114e-01,
         -1.54382300e+00, -3.14526230e-01, -2.81331539e-01,  9.70178843e-01,
          1.13533056e+00,  3.43515813e-01,  1.32070327e+00,  2.62677836e+00,
          2.30786824e+00,  5.22880018e-01,  6.57614470e-01,  1.39442980e+00,
         -1.40541685e+00, -1.07891834e+00,  1.34710312e+00, -4.29136246e-01,
         -1.36749268e+00,  5.15277803e-01, -5.84046304e-01,  1.32766992e-01,
          2.54015183e+00, -2.67650276e-01, -2.74039006e+00, -6.48670793e-01,
          2.08544779e+00,  2.97090441e-01,  2.24555060e-02, -1.30440786e-01,
         -9.21662033e-01, -4.53841418e-01, -1.50388706e+00,  1.78592280e-03,
          1.32890451e+00, -2.42185545e+00,  1.55281976e-01,  7.45318770e-01,
          3.71039689e-01, -6.81816041e-01,  1.34435177e+00,  2.22543287e+00,
         -4.86287713e-01, -6.18137002e-01, -5.54649234e-01,  8.29997897e-01,
         -8.10872555e-01,  1.70605171e+00, -2.50777841e-01,  3.14876646e-01,
         -3.54706585e-01, -2.42215872e+00,  7.54794359e-01, -1.40446579e+00,
          2.61598992e+00, -1.50631678e+00, -1.18655205e+00, -3.56235266e-01,
         -5.25972009e-01,  2.47226954e+00, -1.33334112e+00, -1.36612618e+00,
          6.26171291e-01,  8.89700949e-01,  6.20564483e-02, -9.28200483e-01,
         -6.78319275e-01,  5.24208486e-01,  1.37414813e-01, -1.09349203e+00,
          1.29369044e+00,  1.47101367e+00, -3.79718021e-02,  2.85918087e-01,
         -3.77980292e-01,  2.87253439e-01, -1.17059124e+00, -2.85190368e+00,
          1.80322111e+00, -6.05828524e-01, -3.66633105e+00, -1.32588789e-01,
          1.53144526e+00,  9.48167980e-01, -6.29361749e-01,  6.06424391e-01,
          1.15528023e+00, -2.25137427e-01, -1.28718519e+00, -4.27497447e-01,
          1.79428363e+00,  1.56320107e+00,  1.72906831e-01, -6.74252272e-01,
          1.14254224e+00, -1.71023881e+00, -1.43833923e+00,  5.88367879e-01,
         -5.05832970e-01,  1.46473765e+00, -3.49838763e-01,  8.87373030e-01,
          1.25048316e+00,  1.80366248e-01,  2.39207581e-01, -7.21500874e-01,
         -3.21448565e-01, -1.73615789e+00,  3.36573333e-01, -2.03148723e-01,
         -7.06064887e-03,  1.92746270e+00,  1.83949077e+00, -1.59359872e-01,
         -1.42888939e+00,  1.11630177e+00, -1.46335816e+00,  8.55573773e-01,
          1.82782638e+00, -1.63358438e+00, -1.89241648e+00,  1.31034327e+00,
         -1.53194860e-01,  1.04757798e+00, -1.41244173e+00,  2.59592474e-01,
          3.37670624e-01,  7.07880676e-01, -4.44732279e-01, -2.47290874e+00,
         -9.42436278e-01,  2.57812524e+00, -7.23102450e-01, -6.26467705e-01,
          1.63321269e+00,  2.77062297e-01, -4.67318296e-02,  1.00447488e+00,
          1.06214333e+00,  1.30927467e+00,  1.17091584e+00, -6.50851369e-01,
          1.52833283e+00,  1.72929990e+00,  6.86531216e-02, -1.10813594e+00,
          1.71117522e-02, -1.21571088e+00, -5.14708638e-01, -1.17759153e-01,
          9.94503796e-01,  1.54129088e+00, -2.47067690e+00,  1.09869206e+00,
          1.10898972e+00, -9.61047292e-01, -8.69057655e-01,  9.61420000e-01,
         -1.20284474e+00,  1.38544106e+00, -1.05966389e+00,  7.13298142e-01,
          1.23635077e+00,  1.06939459e+00, -9.24543500e-01,  1.00538313e-01,
          5.79850435e-01,  5.51445901e-01,  1.81172386e-01, -7.66403615e-01,
         -5.63002110e-01,  4.59514290e-01,  2.81899023e+00,  6.64983928e-01,
          1.70195568e+00,  3.87714505e-01, -1.72605538e+00, -2.02688873e-01,
         -1.63234341e+00,  1.47802341e+00, -2.00984746e-01,  5.30160546e-01,
          1.21125722e+00,  8.75342488e-01,  3.61300325e+00,  2.14021862e-01,
          7.80163527e-01,  1.48970759e+00,  6.12404704e-01,  2.07825994e+00,
         -6.13948345e-01,  5.25730811e-02, -2.45627418e-01,  3.69700074e-01,
          4.37349260e-01,  1.47272617e-01, -2.14829534e-01, -4.26680565e-01,
         -1.40270638e+00, -2.70480871e-01,  3.43917787e-01,  6.44929826e-01,
          1.04456377e+00,  5.39657950e-01,  1.44628197e-01,  9.14965987e-01,
          4.92621154e-01, -1.34628999e+00,  1.70891762e+00,  1.02090526e+00,
         -1.31511986e+00, -1.56319559e+00, -1.29017556e+00, -1.03639448e+00,
          3.62201452e-01, -1.14990377e+00,  3.46798211e-01, -2.76596874e-01,
          1.37380004e+00, -1.42272305e+00, -9.71728384e-01,  6.64395690e-01,
         -9.16896522e-01, -1.17274821e-01,  6.67325675e-01, -2.06561899e+00,
         -6.06588125e-01,  6.29915670e-02,  5.13806902e-02, -2.28989452e-01,
          1.22160184e+00,  2.73767114e-01,  1.09542596e+00,  3.75983506e-01,
          2.34306359e+00,  1.89809275e+00,  1.06277537e+00, -1.17925489e+00,
         -8.40982199e-02, -6.62880301e-01,  1.40607283e-01,  3.47466850e+00,
          2.10112500e+00, -1.34189701e+00,  1.13812113e+00,  1.10648227e+00,
         -3.63545561e+00, -1.20997000e+00, -1.04253685e+00, -5.73133767e-01,
         -1.73959637e+00,  1.98713392e-01, -6.03435159e-01, -9.46853459e-01,
         -1.99606812e+00, -2.63290882e+00, -9.90055561e-01, -5.99220932e-01,
          2.21691465e+00, -5.90447299e-02, -5.72024167e-01,  2.33345091e-01,
          5.83248913e-01, -5.18829823e-01, -2.14904881e+00,  3.90974656e-02,
          5.62728226e-01,  2.39013582e-01, -1.72165716e+00,  2.29543471e+00,
          6.98514283e-03, -1.06996429e+00,  2.84058630e-01,  9.31049943e-01,
         -5.50327241e-01,  3.28833985e+00,  2.79638529e-01, -1.55958042e-01,
         -1.28267616e-01, -1.85274661e-01, -1.32364047e+00, -1.54350412e+00,
          2.83442044e+00,  1.18707681e+00,  1.26440406e+00, -6.97093964e-01,
          3.75954181e-01,  6.14008307e-01,  1.60837173e+00,  1.08660482e-01,
         -3.09056699e-01, -9.66506660e-01,  5.50431311e-01,  1.12896597e+00,
          6.63082409e+00,  4.18809175e+00,  6.50262654e-01, -3.16665113e-01,
          8.74588251e-01, -4.74742919e-01, -1.74215347e-01,  2.66379261e+00,
         -1.93805420e+00, -7.29469001e-01, -4.29369926e-01, -8.85204375e-01,
          9.66211677e-01, -5.79840720e-01, -2.95080602e-01,  8.03693354e-01,
          7.17203021e-01,  2.40803170e+00, -4.41462517e-01, -1.88410866e+00,
         -2.34742022e+00,  3.05526070e-02, -2.22861052e+00, -2.11232924e+00,
         -1.78212380e+00,  6.99273527e-01, -1.56846523e+00, -1.11022985e+00,
         -1.33467090e+00, -2.23262978e+00, -1.93704355e+00, -1.44952929e+00,
         -1.30301404e+00, -9.64474320e-01, -1.17588055e+00, -2.48749897e-01,
         -1.39149308e+00, -1.34120476e+00, -6.44618034e-01, -7.32957646e-02,
         -2.79017329e+00,  1.01956554e-01, -2.44572568e+00, -9.02442455e-01,
          1.83908808e+00,  4.50429261e-01,  3.91124159e-01,  6.84253156e-01,
         -1.00123775e+00, -1.73094615e-01,  1.60719156e-01, -9.10165548e-01,
         -1.20803332e+00, -5.03071845e-01, -4.37042087e-01, -2.63745856e+00,
         -2.74437475e+00, -4.95257080e-01, -2.43530560e+00, -1.97620308e+00,
         -1.99989450e+00, -1.69417608e+00,  4.94258821e-01, -1.08773506e+00,
          4.77776855e-01, -6.01479650e-01, -1.50586271e+00,  2.47382188e+00,
         -7.87939250e-01,  7.37080202e-02,  2.20494056e+00,  1.88721752e+00,
         -1.02795351e+00,  1.17253864e+00,  2.96779312e-02, -1.23573303e+00,
          8.85840774e-01,  6.69486046e-01, -3.14771891e-01,  6.96070269e-02,
          1.39914244e-01,  6.09132797e-02, -8.50316226e-01,  6.49076998e-02,
         -7.14467883e-01,  4.22704667e-02, -1.33177245e+00, -1.64320648e+00,
         -1.14763331e+00, -2.93333983e+00, -2.78259563e+00, -1.75456023e+00,
         -1.88460636e+00, -2.05292487e+00,  1.23471834e-01,  1.47609639e+00]],
       device='cuda:0')
Adv example prediction (first 2 examples and 2 restarts):
 tensor([[[ 9.66802359e-01,  2.06504464e+00,  1.03208554e+00,  1.08147132e+00,
           1.28808594e+00,  1.57397532e+00,  1.86336863e+00, -1.42886364e+00,
          -1.08908534e+00, -5.23927331e-01, -1.06853342e+00,  4.59970534e-01,
          -1.71620563e-01, -4.05876070e-01,  7.19340563e-01,  4.29229230e-01,
          -6.19322777e-01, -7.38349795e-01,  1.90394484e-02, -5.89786708e-01,
          -8.95398334e-02,  8.07969570e-01,  1.30189860e+00, -4.95323762e-02,
           5.36988139e-01, -1.28420436e+00,  4.25241441e-02, -7.00415492e-01,
          -1.62169409e+00,  5.58318138e-01, -1.11375415e+00,  8.99953008e-01,
          -8.33092868e-01, -2.86888093e-01, -3.30870241e-01, -7.34932840e-01,
           9.06305671e-01, -1.49962282e+00, -1.99628115e-01, -1.06105375e+00,
           1.02251101e+00, -1.29368424e+00, -1.70670056e+00, -1.24306536e+00,
          -5.19234180e-01, -1.01612842e+00,  1.41518724e+00, -8.07643116e-01,
          -9.19035017e-01,  3.89924526e-01,  1.68221796e+00, -2.12571955e+00,
          -1.57310039e-01,  2.31058016e-01, -9.58238840e-01,  1.18444093e-01,
          -1.07518411e+00, -1.39197230e+00,  7.56872416e-01,  3.16522449e-01,
           3.42091084e-01, -8.43088686e-01, -1.37945926e+00,  9.09262151e-02,
           8.17715526e-01,  8.90661955e-01, -8.51299345e-01,  1.94601253e-01,
          -1.30384588e+00, -1.17235756e+00,  2.95974880e-01,  3.42855513e-01,
          -1.97561264e-01,  4.75770533e-01,  2.54727870e-01,  6.46672785e-01,
           2.35398591e-01,  1.25467694e+00,  8.13918650e-01,  1.11217248e+00,
          -1.05373956e-01, -1.39454842e+00, -4.34449077e-01, -1.04041576e+00,
          -8.59178007e-02, -3.18073928e-01, -8.61212790e-01,  3.51131588e-01,
           2.62503684e-01,  4.88188751e-02, -2.07887426e-01, -1.51237488e+00,
           5.12463987e-01,  4.52307850e-01,  8.48134220e-01, -1.46707428e+00,
           1.02898788e+00,  1.26163751e-01,  5.69171548e-01,  9.72747028e-01,
           1.92295408e+00, -8.22952509e-01, -2.09610558e+00,  1.67751372e+00,
          -1.36348456e-01, -1.44629824e+00, -2.58050144e-01,  1.02428508e+00,
          -8.13591182e-01, -7.06857264e-01,  1.26350433e-01,  2.99484038e+00,
          -3.72609403e-03,  5.38745761e-01,  3.70746493e-01, -1.30043292e+00,
          -1.30570447e+00,  2.51837045e-01, -1.17048502e+00, -1.95450366e+00,
          -2.03579807e+00, -2.32320070e+00, -2.01741576e+00, -2.11824942e+00,
          -1.39458108e+00, -1.69573200e+00,  5.93667507e-01,  1.06816745e+00,
           1.25038350e+00,  1.92206538e+00,  1.24870789e+00,  8.47853303e-01,
           2.44828773e+00,  5.56268692e-01,  1.07934189e+00, -1.47950538e-02,
          -8.59890878e-02,  1.08241105e+00,  3.53159606e-01, -1.54802883e+00,
          -1.63370466e+00,  5.18481791e-01, -2.94313043e-01, -2.59859841e-02,
           2.58386433e-01,  4.15338576e-01, -8.61744285e-02,  1.46260035e+00,
           9.33719218e-01,  2.26045966e+00,  4.93182391e-02,  8.78576040e-01,
          -6.19667709e-01,  1.47487807e+00,  5.45687556e-01,  2.48299927e-01,
          -2.75443107e-01,  2.47871906e-01, -6.80802226e-01, -4.52639878e-01,
          -1.02311455e-01,  3.17941338e-01,  9.90239263e-01, -1.59011427e-02,
          -5.57343900e-01, -7.46580899e-01, -9.61549759e-01, -1.00570083e+00,
          -9.27865878e-02,  1.87012643e-01,  6.95091039e-02, -5.00923842e-02,
          -5.31030536e-01,  3.28129202e-01,  9.68196467e-02,  1.69386603e-02,
          -5.88771820e-01, -3.51709157e-01,  1.34566498e+00, -8.79156113e-01,
          -5.93968034e-01,  4.54502583e-01,  3.72812182e-01,  7.52181932e-02,
           5.03656030e-01,  7.93910027e-02,  4.93792295e-01,  1.06984496e+00,
          -2.58038007e-02,  1.05292775e-01,  6.80911303e-01,  1.10303581e+00,
           4.52621549e-01,  3.98826092e-01,  2.07310051e-01,  1.08276772e+00,
           6.24504566e-01, -5.80490172e-01, -5.36405265e-01,  1.01546848e+00,
           4.45086211e-01,  2.12495863e-01,  4.26520973e-01,  1.96777344e+00,
           8.41647863e-01, -1.68331787e-01, -9.25814688e-01,  5.95447242e-01,
           4.94530469e-01,  6.48258030e-01, -1.43639576e+00,  1.85866117e-01,
           7.23011136e-01,  7.17642531e-03, -3.77840370e-01, -2.49219328e-01,
           4.33058947e-01,  1.21298775e-01, -7.51098618e-02,  5.78809738e-01,
           2.59802431e-01, -2.13391483e-01,  3.95108610e-01,  5.40260315e-01,
           7.13030517e-01, -1.62531108e-01, -3.80615406e-02, -3.56741756e-01,
          -7.24450350e-01,  1.44253314e+00, -2.39768714e-01,  4.00797755e-01,
          -3.38000596e-01, -9.79511514e-02, -2.85899416e-02,  6.58450544e-01,
          -3.83118421e-01,  8.44521448e-02, -4.42322612e-01,  9.63130742e-02,
          -2.56826401e-01, -4.22949046e-01,  4.58088964e-01, -8.64913702e-01,
          -6.67210817e-01,  8.52617919e-01, -7.19924986e-01, -1.71599805e-01,
           5.88059783e-01,  5.78992248e-01,  4.58594382e-01, -7.80721545e-01,
           1.20139733e-01,  2.52862006e-01,  1.28392041e+00, -8.61643076e-01,
          -5.46577692e-01,  9.74818468e-01,  9.77632582e-01,  1.34808052e+00,
           1.12001193e+00,  1.74037442e-01, -9.68022585e-01,  5.96719027e-01,
           6.20809421e-02,  1.16991675e+00,  1.94961905e-01,  3.86377275e-02,
          -1.64794433e+00,  1.07538033e+00,  1.68529081e+00,  7.33764827e-01,
           1.05950284e+00,  1.16526246e+00,  7.13345185e-02, -1.51389852e-01,
           2.44819239e-01,  1.16349864e+00, -5.61612472e-02,  1.55270767e+00,
           6.83421493e-01,  2.07718301e+00,  2.45797610e+00,  2.71283531e+00,
           2.54405975e+00,  1.28430009e+00,  2.70964086e-01,  1.08009291e+00,
          -4.10755426e-01, -2.21498862e-01, -5.84567904e-01,  8.05405602e-02,
           1.38856545e-01,  1.81422085e-01,  2.33787343e-01,  6.65006638e-02,
           2.38240242e+00, -1.02004543e-01, -6.59023821e-01, -2.27822095e-01,
          -1.93362808e+00,  4.61959809e-01, -1.23206592e+00, -9.17608976e-01,
          -1.09048021e+00, -2.11009312e+00, -8.07394743e-01, -4.13485408e-01,
           4.37224567e-01, -1.10796058e+00,  1.27318585e+00,  5.00011802e-01,
          -4.22349870e-01,  1.15595913e+00,  5.39423585e-01,  3.65380794e-01,
           1.02009937e-01, -4.59370106e-01,  1.52566254e+00,  8.62452745e-01,
           2.04427958e-01, -2.28461766e+00, -1.59324861e+00, -1.91037536e+00,
          -1.33109879e+00, -1.71610856e+00, -1.67056835e+00, -2.02435721e-02,
          -1.78498077e+00, -1.58594012e+00,  1.03599370e+00,  1.73693633e+00,
           2.40348291e+00,  5.72137177e-01, -5.55190921e-01, -3.87256771e-01,
          -1.71036744e+00,  1.22858465e+00,  3.42182428e-01, -1.83377254e+00,
          -7.08883703e-01, -4.79160883e-02, -4.80321854e-01, -1.07386804e+00,
           5.12995303e-01, -9.82469678e-01, -1.01524782e+00, -2.43462116e-01,
          -1.88131022e+00, -1.22013032e+00, -1.38011253e+00, -9.17483389e-01,
          -5.85627317e-01, -6.22066498e-01, -1.45698917e+00, -9.76400316e-01,
           5.24882793e-01,  6.99689090e-02,  3.37162852e-01,  5.55215061e-01,
           6.14548445e-01,  5.99666059e-01,  9.13521230e-01, -1.62694559e-01,
          -9.38574314e-01,  1.55930862e-01,  4.93642181e-01,  2.25735027e-02,
           3.79965901e-01, -4.34942365e-01, -5.59003465e-03, -7.62195647e-01,
           6.80583596e-01,  6.83134139e-01,  3.92138451e-01, -8.67422223e-01,
           3.16577703e-01,  1.39357179e-01,  5.41550279e-01, -4.93375719e-01,
           5.56383312e-01, -1.97529435e-01,  2.93385983e-01, -8.32051784e-03,
          -2.88108557e-01, -2.47130901e-01, -6.90956593e-01, -1.40167737e+00,
          -1.03832483e+00,  1.07383001e+00,  2.26296231e-01,  1.26033640e+00,
           4.58272211e-02, -1.19786143e+00,  5.24274468e-01,  1.46250391e+00,
          -1.13410509e+00, -1.90284654e-01, -8.89554322e-01,  4.85369384e-01,
          -1.00494146e+00, -1.35963917e+00,  2.02537209e-01, -6.48412406e-01,
          -4.67751026e-01,  7.43782699e-01, -1.27106881e+00, -5.58853507e-01,
          -1.51643431e+00,  1.97961545e+00, -1.27170169e+00,  1.68107677e+00,
           4.92679626e-01,  6.86538815e-01,  1.01995540e+00, -2.22563434e+00,
           1.42388999e+00,  1.15295625e+00,  1.63824928e+00,  1.63098359e+00,
           1.41423829e-02,  1.86740279e-01, -4.37821448e-01, -1.48175406e+00,
          -6.27211332e-01,  5.98253369e-01,  2.74176955e-01, -9.54143345e-01,
          -5.95623195e-01, -2.68687069e-01, -1.15967369e+00, -4.93161231e-01,
          -2.41473868e-01,  1.27769458e+00,  1.44031632e+00,  7.32305586e-01,
          -7.03813493e-01,  3.63341182e-01,  1.53453648e+00,  7.88526833e-02,
           5.81554472e-02,  1.52474403e+00, -2.32805729e-01,  2.09631038e+00,
          -1.46080804e+00, -4.14978832e-01,  2.89320755e+00, -3.69025409e-01,
          -1.14582308e-01,  3.18420887e-01, -1.32008922e+00, -3.29705514e-02,
           1.32161424e-01, -4.30544496e-01, -1.73811698e+00, -2.63360381e-01,
          -1.70545384e-01,  6.58007085e-01, -3.34990263e-01,  4.74787414e-01,
          -7.08186328e-01, -1.27031505e-01,  1.85743260e+00, -3.80616561e-02,
           7.79279470e-01,  1.71893859e+00, -1.36132419e+00, -2.60255647e+00,
           4.20746118e-01, -2.00304404e-01,  5.61316550e-01, -1.22079706e+00,
           1.50227949e-01,  2.81980336e-01, -6.10813439e-01,  1.15825784e+00,
          -1.31193483e+00, -7.24501431e-01, -3.50458212e-02, -1.23637152e+00,
           2.75449681e+00,  6.31367862e-01, -2.76690274e-01, -2.06867620e-01,
          -1.73590824e-01,  5.12466013e-01, -2.62008131e-01,  1.56820691e+00,
          -7.03666568e-01,  1.83925524e-01,  1.39571950e-01, -1.37488258e+00,
           1.27011657e-01, -6.21988118e-01,  2.61434823e-01, -6.00252390e-01,
           6.84459031e-01,  5.73594272e-01, -2.31884837e-01,  2.10853481e+00,
          -2.69167590e+00,  6.88542783e-01, -1.21117437e+00,  2.91738547e-02,
           3.40983681e-02, -3.10221046e-01, -1.80734885e+00,  6.57037914e-01,
           1.04994845e+00, -2.96166968e+00, -3.99681568e-01, -1.42707467e+00,
          -4.08084780e-01, -4.63840008e-01, -8.94921303e-01, -5.05291045e-01,
          -1.75680280e+00,  2.92851120e-01, -7.15844870e-01, -7.18684554e-01,
          -9.04985487e-01, -9.23348248e-01, -9.93173540e-01, -4.15265113e-01,
          -6.05570018e-01, -2.24638015e-01, -6.28163338e-01,  5.84095240e-01,
          -7.77180135e-01,  9.04324710e-01,  1.78391278e+00,  4.89728302e-01,
          -9.52937245e-01,  3.60805430e-02,  1.95179224e+00, -2.33177781e+00,
          -1.30886781e+00, -6.99764967e-01,  3.49570870e-01,  2.74646187e+00,
           4.67553288e-02, -2.05483031e+00,  1.03908765e+00, -4.92982745e-01,
          -1.30476570e+00, -9.03430395e-03, -2.33482152e-01, -2.48242974e+00,
           9.20916498e-02,  3.00039363e+00, -1.99979794e+00, -1.12017322e+00,
           1.07181823e+00,  1.00741053e+00,  6.48115277e-01, -7.71148622e-01,
           3.21164846e+00,  1.81846702e+00,  4.53053951e-01,  1.37907028e-01,
          -1.10054040e+00, -6.71064973e-01,  2.44445848e+00,  6.88916981e-01,
          -9.92801189e-01,  3.07449520e-01, -6.75630271e-01, -2.98497051e-01,
           5.55950224e-01, -1.73874557e+00,  4.98529375e-02, -7.72927940e-01,
           8.18898082e-01, -7.16660380e-01,  1.18060052e+00, -5.21860301e-01,
          -1.35572672e+00,  3.94886494e-01,  5.52013814e-01, -5.51313460e-01,
           4.27462995e-01, -8.39900792e-01, -2.59560108e+00, -5.85376501e-01,
           4.59554851e-01,  2.36817390e-01, -1.08787024e+00,  9.63243961e-01,
           1.05164647e+00, -1.35968715e-01,  3.47936749e-01,  3.74124265e+00,
          -3.46875757e-01,  5.14563322e-01, -1.22027993e+00, -8.05463493e-01,
           1.33776963e+00,  6.93120137e-02,  8.76413882e-01,  5.22220075e-01,
           1.36696815e+00, -2.21604090e-02,  1.42979634e+00, -2.26295805e+00,
           6.89784825e-01,  1.73563826e+00,  4.24409002e-01, -2.27252424e-01,
           1.42990100e+00, -6.83222950e-01,  1.74624169e+00,  6.68021977e-01,
          -1.42986631e+00, -2.66451776e-01, -2.76086837e-01,  9.30185914e-01,
           1.15592575e+00,  3.08378696e-01,  1.36361909e+00,  2.68063927e+00,
           2.28552461e+00,  5.41850507e-01,  6.92895710e-01,  1.48685527e+00,
          -1.29484594e+00, -9.87496078e-01,  1.40081501e+00, -3.64030242e-01,
          -1.27530134e+00,  5.69700003e-01, -6.04577541e-01,  1.44686133e-01,
           2.58084559e+00, -2.13384539e-01, -2.66546440e+00, -5.88801742e-01,
           2.01187611e+00,  3.36452305e-01, -1.24320164e-02, -1.55106992e-01,
          -9.64954615e-01, -4.28206772e-01, -1.39076638e+00, -6.50831908e-02,
           1.44062400e+00, -2.29177189e+00,  1.97540745e-01,  7.64896274e-01,
           5.15689909e-01, -6.78436041e-01,  1.40108109e+00,  2.24171162e+00,
          -4.73050833e-01, -6.06411278e-01, -5.12590289e-01,  8.07818353e-01,
          -7.35231102e-01,  1.75028551e+00, -3.44632030e-01,  3.44833702e-01,
          -2.39400804e-01, -2.31572723e+00,  7.70124197e-01, -1.30933917e+00,
           2.69108629e+00, -1.36682677e+00, -1.13782883e+00, -3.90107691e-01,
          -4.32800770e-01,  2.39481974e+00, -1.23736596e+00, -1.24552131e+00,
           6.38050437e-01,  8.78114402e-01, -1.53274201e-02, -8.68654668e-01,
          -8.18129182e-01,  5.75165153e-01,  7.55291581e-02, -1.06661892e+00,
           1.25005019e+00,  1.50394702e+00,  5.28942347e-02,  3.94164532e-01,
          -3.20553094e-01,  3.64801496e-01, -1.14249241e+00, -2.65495944e+00,
           1.86318469e+00, -6.39287472e-01, -3.61078215e+00, -1.43173352e-01,
           1.52398920e+00,  1.06386352e+00, -5.27841151e-01,  6.72331929e-01,
           1.22705579e+00, -2.86479205e-01, -1.13809419e+00, -3.14319074e-01,
           1.71713781e+00,  1.57411945e+00,  1.74794063e-01, -5.88496983e-01,
           1.18218791e+00, -1.61613381e+00, -1.35028493e+00,  6.55353129e-01,
          -4.66993213e-01,  1.49508560e+00, -2.94703454e-01,  9.43006456e-01,
           1.22067451e+00,  2.29276180e-01,  2.59243786e-01, -7.30888307e-01,
          -2.52002120e-01, -1.63888729e+00,  4.40552115e-01, -2.15649158e-01,
           4.20382917e-02,  1.81837404e+00,  1.83276379e+00, -1.39736891e-01,
          -1.33442056e+00,  1.10444283e+00, -1.39834929e+00,  8.94747734e-01,
           1.70898688e+00, -1.51754439e+00, -1.86302888e+00,  1.28769636e+00,
          -7.86668509e-02,  1.14961886e+00, -1.34204149e+00,  1.76801205e-01,
           4.59968567e-01,  7.12192774e-01, -4.47530180e-01, -2.45332646e+00,
          -8.79099071e-01,  2.54085636e+00, -7.28509009e-01, -5.37698507e-01,
           1.69410765e+00,  3.79575372e-01,  2.01945603e-02,  1.00318444e+00,
           1.01845205e+00,  1.29350734e+00,  1.06619811e+00, -6.07186556e-01,
           1.53944051e+00,  1.76804817e+00,  9.59880352e-02, -1.05408347e+00,
           8.12451914e-03, -1.15631020e+00, -4.32708442e-01, -9.83844511e-03,
           1.01701558e+00,  1.50762093e+00, -2.30153275e+00,  1.17491949e+00,
           1.19844174e+00, -9.08222079e-01, -8.09983432e-01,  1.00810719e+00,
          -1.18854821e+00,  1.42809880e+00, -1.01904988e+00,  8.26859057e-01,
           1.28544152e+00,  1.09643674e+00, -9.20849681e-01,  6.84246272e-02,
           6.33767962e-01,  6.22225881e-01,  1.88341483e-01, -6.59117222e-01,
          -4.65503305e-01,  5.04574239e-01,  2.82985640e+00,  7.28881419e-01,
           1.78407669e+00,  3.27740073e-01, -1.64270496e+00, -2.01327682e-01,
          -1.57172704e+00,  1.58221388e+00, -2.33527452e-01,  5.88344157e-01,
           1.17517710e+00,  7.96361268e-01,  3.62849426e+00,  3.06307912e-01,
           7.33907938e-01,  1.37576270e+00,  7.01195180e-01,  2.10749722e+00,
          -5.45965850e-01,  9.19310451e-02, -1.54296085e-01,  3.60341191e-01,
           4.69881952e-01,  1.25415176e-01, -2.76916414e-01, -3.35372746e-01,
          -1.45784843e+00, -2.37800360e-01,  3.76872122e-01,  6.12646341e-01,
           1.14503932e+00,  5.45142829e-01,  2.69970477e-01,  1.00592136e+00,
           4.43588942e-01, -1.22686517e+00,  1.73356748e+00,  1.05974579e+00,
          -1.29324603e+00, -1.38132453e+00, -1.24773920e+00, -9.88964021e-01,
           3.32911730e-01, -1.09551990e+00,  4.15174723e-01, -2.24002391e-01,
           1.36780787e+00, -1.35516405e+00, -9.09026504e-01,  6.58154488e-01,
          -8.96084309e-01, -2.73591764e-02,  6.41989946e-01, -2.03877401e+00,
          -5.84346652e-01,  5.73309585e-02,  2.58521549e-02, -1.12922356e-01,
           1.23033869e+00,  1.94615185e-01,  1.02335751e+00,  3.91529739e-01,
           2.41450500e+00,  1.90793240e+00,  1.12804747e+00, -1.11373174e+00,
          -3.93900089e-02, -6.22865975e-01,  3.77406366e-02,  3.48104262e+00,
           2.03950548e+00, -1.25293756e+00,  1.24843287e+00,  1.07889366e+00,
          -3.51807952e+00, -1.15868163e+00, -9.49350357e-01, -4.47484970e-01,
          -1.58766484e+00,  2.09936023e-01, -5.23333788e-01, -8.07448626e-01,
          -1.90279841e+00, -2.56115222e+00, -9.36453044e-01, -5.41748881e-01,
           2.28146076e+00, -6.88922852e-02, -5.42415202e-01,  3.07089329e-01,
           7.26674259e-01, -4.35533315e-01, -2.07643652e+00,  1.12485602e-01,
           5.36323667e-01,  3.00916851e-01, -1.61050606e+00,  2.25230813e+00,
           8.14905912e-02, -9.20281887e-01,  3.04880798e-01,  9.43014979e-01,
          -5.03197074e-01,  3.25760436e+00,  3.25966597e-01, -8.96371827e-02,
          -6.04983158e-02, -8.97911116e-02, -1.27925229e+00, -1.45650613e+00,
           2.91793394e+00,  1.18579996e+00,  1.34243321e+00, -6.09495401e-01,
           4.38804001e-01,  6.32685840e-01,  1.58743250e+00,  1.61598206e-01,
          -2.03011051e-01, -9.51026678e-01,  6.42110348e-01,  1.02138698e+00,
           6.54159355e+00,  4.27021170e+00,  5.60293198e-01, -2.32944369e-01,
           9.53868389e-01, -4.45789874e-01, -1.50174305e-01,  2.54098225e+00,
          -1.88663971e+00, -6.34107471e-01, -3.63910913e-01, -8.38731229e-01,
           1.02741444e+00, -5.40242374e-01, -3.24670196e-01,  8.23010385e-01,
           8.16784143e-01,  2.42022681e+00, -3.03580701e-01, -1.82676303e+00,
          -2.30795383e+00,  7.16818199e-02, -2.13244128e+00, -2.09533739e+00,
          -1.77500033e+00,  6.64189875e-01, -1.56710589e+00, -1.17059994e+00,
          -1.33699679e+00, -2.22457433e+00, -1.90773416e+00, -1.44156158e+00,
          -1.28453767e+00, -1.00461769e+00, -1.15913594e+00, -2.29988918e-01,
          -1.36315584e+00, -1.30476761e+00, -6.92995787e-01, -5.29408380e-02,
          -2.72843432e+00,  1.29781544e-01, -2.33803868e+00, -9.50945139e-01,
           1.84350455e+00,  4.76466149e-01,  4.42886621e-01,  7.45738566e-01,
          -9.78836238e-01, -1.60184279e-01,  1.80726320e-01, -9.76778448e-01,
          -1.21579909e+00, -5.25207758e-01, -4.07111526e-01, -2.59226680e+00,
          -2.63397193e+00, -5.83871484e-01, -2.36493087e+00, -1.99972200e+00,
          -2.03028417e+00, -1.73000908e+00,  6.11455262e-01, -1.06729758e+00,
           5.28881729e-01, -5.98088086e-01, -1.40438092e+00,  2.46647573e+00,
          -7.01660156e-01,  1.20222621e-01,  2.16494131e+00,  1.96327031e+00,
          -9.22567189e-01,  1.18398690e+00,  1.10115319e-01, -1.14307427e+00,
           9.45720613e-01,  6.90137744e-01, -2.91784525e-01,  2.09593177e-01,
           2.77554095e-01,  1.54207915e-01, -7.99129784e-01,  5.43822683e-02,
          -7.09186137e-01,  7.04659075e-02, -1.30223143e+00, -1.61977744e+00,
          -1.18905151e+00, -2.96588659e+00, -2.78256869e+00, -1.74193478e+00,
          -1.92108560e+00, -2.11401463e+00,  1.54013485e-01,  1.45934319e+00]]],
       device='cuda:0')
PGD attack margin (first 2 examples and 10 specs):
 tensor([[[0.42121828]]], device='cuda:0')
number of violation:  0
Attack finished in 7.9753 seconds.
PGD attack failed
verified_status unknown
verified_success False
Total VNNLIB file length: 1, max property batch size: 1, total number of batches: 1

Properties batch 0, size 1
Remaining timeout: 1151.8261048793793
Verifying property 0 with 1 instances.
torch allclose failed: norm 8.889588571037166e-06
Model: BoundedModule(
  (/input-1): BoundInput(name=/input-1, inputs=[], perturbed=True)
  (/33): BoundParams(name=/33, inputs=[], perturbed=False)
  (/34): BoundParams(name=/34, inputs=[], perturbed=False)
  (/35): BoundParams(name=/35, inputs=[], perturbed=False)
  (/36): BoundParams(name=/36, inputs=[], perturbed=False)
  (/37): BoundParams(name=/37, inputs=[], perturbed=False)
  (/38): BoundParams(name=/38, inputs=[], perturbed=False)
  (/39): BoundParams(name=/39, inputs=[], perturbed=False)
  (/40): BoundParams(name=/40, inputs=[], perturbed=False)
  (/41): BoundParams(name=/41, inputs=[], perturbed=False)
  (/42): BoundParams(name=/42, inputs=[], perturbed=False)
  (/43): BoundParams(name=/43, inputs=[], perturbed=False)
  (/44): BoundParams(name=/44, inputs=[], perturbed=False)
  (/45): BoundParams(name=/45, inputs=[], perturbed=False)
  (/46): BoundParams(name=/46, inputs=[], perturbed=False)
  (/47): BoundParams(name=/47, inputs=[], perturbed=False)
  (/48): BoundParams(name=/48, inputs=[], perturbed=False)
  (/49): BoundParams(name=/49, inputs=[], perturbed=False)
  (/50): BoundParams(name=/50, inputs=[], perturbed=False)
  (/51): BoundParams(name=/51, inputs=[], perturbed=False)
  (/52): BoundParams(name=/52, inputs=[], perturbed=False)
  (/53): BoundParams(name=/53, inputs=[], perturbed=False)
  (/54): BoundParams(name=/54, inputs=[], perturbed=False)
  (/55): BoundParams(name=/55, inputs=[], perturbed=False)
  (/56): BoundParams(name=/56, inputs=[], perturbed=False)
  (/57): BoundParams(name=/57, inputs=[], perturbed=False)
  (/58): BoundParams(name=/58, inputs=[], perturbed=False)
  (/59): BoundParams(name=/59, inputs=[], perturbed=False)
  (/60): BoundParams(name=/60, inputs=[], perturbed=False)
  (/61): BoundParams(name=/61, inputs=[], perturbed=False)
  (/62): BoundParams(name=/62, inputs=[], perturbed=False)
  (/63): BoundParams(name=/63, inputs=[], perturbed=False)
  (/64): BoundParams(name=/64, inputs=[], perturbed=False)
  (/input): BoundConv(name=/input, inputs=[/input-1, /33, /34], perturbed=True)
  (/66): BoundRelu(name=/66, inputs=[/input], perturbed=True)
  (/input-4): BoundConv(name=/input-4, inputs=[/66, /35, /36], perturbed=True)
  (/68): BoundRelu(name=/68, inputs=[/input-4], perturbed=True)
  (/input-12): BoundConv(name=/input-12, inputs=[/input-8/add_3_4, /37, /38], perturbed=True)
  (/71): BoundRelu(name=/71, inputs=[/input-12], perturbed=True)
  (/input-16): BoundConv(name=/input-16, inputs=[/71, /39, /40], perturbed=True)
  (/73): BoundRelu(name=/73, inputs=[/input-16], perturbed=True)
  (/input-24): BoundConv(name=/input-24, inputs=[/input-20/add_3_4, /41, /42], perturbed=True)
  (/76): BoundRelu(name=/76, inputs=[/input-24], perturbed=True)
  (/input-28): BoundConv(name=/input-28, inputs=[/76, /43, /44], perturbed=True)
  (/78): BoundRelu(name=/78, inputs=[/input-28], perturbed=True)
  (/input-32): BoundConv(name=/input-32, inputs=[/78, /45, /46], perturbed=True)
  (/80): BoundRelu(name=/80, inputs=[/input-32], perturbed=True)
  (/input-40): BoundConv(name=/input-40, inputs=[/input-36/add_3_4, /47, /48], perturbed=True)
  (/83): BoundRelu(name=/83, inputs=[/input-40], perturbed=True)
  (/input-44): BoundConv(name=/input-44, inputs=[/83, /49, /50], perturbed=True)
  (/85): BoundRelu(name=/85, inputs=[/input-44], perturbed=True)
  (/input-48): BoundConv(name=/input-48, inputs=[/85, /51, /52], perturbed=True)
  (/87): BoundRelu(name=/87, inputs=[/input-48], perturbed=True)
  (/input-56): BoundConv(name=/input-56, inputs=[/input-52/add_3_4, /53, /54], perturbed=True)
  (/90): BoundRelu(name=/90, inputs=[/input-56], perturbed=True)
  (/input-60): BoundConv(name=/input-60, inputs=[/90, /55, /56], perturbed=True)
  (/92): BoundRelu(name=/92, inputs=[/input-60], perturbed=True)
  (/input-64): BoundConv(name=/input-64, inputs=[/92, /57, /58], perturbed=True)
  (/94): BoundRelu(name=/94, inputs=[/input-64], perturbed=True)
  (/96): BoundFlatten(name=/96, inputs=[/95/add_3_4], perturbed=True)
  (/input-68): BoundLinear(name=/input-68, inputs=[/96, /59, /60], perturbed=True)
  (/98): BoundRelu(name=/98, inputs=[/input-68], perturbed=True)
  (/99): BoundFlatten(name=/99, inputs=[/98], perturbed=True)
  (/input-72): BoundLinear(name=/input-72, inputs=[/99, /61, /62], perturbed=True)
  (/101): BoundRelu(name=/101, inputs=[/input-72], perturbed=True)
  (/102): BoundFlatten(name=/102, inputs=[/101], perturbed=True)
  (/103): BoundLinear(name=/103, inputs=[/102, /63, /64], perturbed=True)
  (/input-8/conv_1): BoundConv(name=/input-8/conv_1, inputs=[/68, /input-8/conv_1_w], perturbed=True)
  (/input-8/conv_1_relu): BoundRelu(name=/input-8/conv_1_relu, inputs=[/input-8/conv_1], perturbed=True)
  (/input-8/conv_1_w): BoundParams(name=/input-8/conv_1_w, inputs=[], perturbed=False)
  (/input-8/conv_2): BoundConv(name=/input-8/conv_2, inputs=[/68, /input-8/conv_2_w], perturbed=True)
  (/input-8/conv_2_w): BoundParams(name=/input-8/conv_2_w, inputs=[], perturbed=False)
  (/input-8/conv_3): BoundConv(name=/input-8/conv_3, inputs=[/input-8/add_1_2, /input-8/conv_3_w], perturbed=True)
  (/input-8/conv_3_relu): BoundRelu(name=/input-8/conv_3_relu, inputs=[/input-8/conv_3], perturbed=True)
  (/input-8/conv_3_w): BoundParams(name=/input-8/conv_3_w, inputs=[], perturbed=False)
  (/input-8/conv_4): BoundConv(name=/input-8/conv_4, inputs=[/input-8/add_1_2, /input-8/conv_4_w], perturbed=True)
  (/input-8/conv_4_w): BoundParams(name=/input-8/conv_4_w, inputs=[], perturbed=False)
  (/input-8/add_1_2): BoundAdd(name=/input-8/add_1_2, inputs=[/input-8/conv_1_relu, /input-8/conv_2], perturbed=True)
  (/input-8/add_3_4): BoundAdd(name=/input-8/add_3_4, inputs=[/input-8/conv_3_relu, /input-8/conv_4], perturbed=True)
  (/input-20/conv_1): BoundConv(name=/input-20/conv_1, inputs=[/73, /input-20/conv_1_w], perturbed=True)
  (/input-20/conv_1_relu): BoundRelu(name=/input-20/conv_1_relu, inputs=[/input-20/conv_1], perturbed=True)
  (/input-20/conv_1_w): BoundParams(name=/input-20/conv_1_w, inputs=[], perturbed=False)
  (/input-20/conv_2): BoundConv(name=/input-20/conv_2, inputs=[/73, /input-20/conv_2_w], perturbed=True)
  (/input-20/conv_2_w): BoundParams(name=/input-20/conv_2_w, inputs=[], perturbed=False)
  (/input-20/conv_3): BoundConv(name=/input-20/conv_3, inputs=[/input-20/add_1_2, /input-20/conv_3_w], perturbed=True)
  (/input-20/conv_3_relu): BoundRelu(name=/input-20/conv_3_relu, inputs=[/input-20/conv_3], perturbed=True)
  (/input-20/conv_3_w): BoundParams(name=/input-20/conv_3_w, inputs=[], perturbed=False)
  (/input-20/conv_4): BoundConv(name=/input-20/conv_4, inputs=[/input-20/add_1_2, /input-20/conv_4_w], perturbed=True)
  (/input-20/conv_4_w): BoundParams(name=/input-20/conv_4_w, inputs=[], perturbed=False)
  (/input-20/add_1_2): BoundAdd(name=/input-20/add_1_2, inputs=[/input-20/conv_1_relu, /input-20/conv_2], perturbed=True)
  (/input-20/add_3_4): BoundAdd(name=/input-20/add_3_4, inputs=[/input-20/conv_3_relu, /input-20/conv_4], perturbed=True)
  (/input-36/conv_1): BoundConv(name=/input-36/conv_1, inputs=[/80, /input-36/conv_1_w], perturbed=True)
  (/input-36/conv_1_relu): BoundRelu(name=/input-36/conv_1_relu, inputs=[/input-36/conv_1], perturbed=True)
  (/input-36/conv_1_w): BoundParams(name=/input-36/conv_1_w, inputs=[], perturbed=False)
  (/input-36/conv_2): BoundConv(name=/input-36/conv_2, inputs=[/80, /input-36/conv_2_w], perturbed=True)
  (/input-36/conv_2_w): BoundParams(name=/input-36/conv_2_w, inputs=[], perturbed=False)
  (/input-36/conv_3): BoundConv(name=/input-36/conv_3, inputs=[/input-36/add_1_2, /input-36/conv_3_w], perturbed=True)
  (/input-36/conv_3_relu): BoundRelu(name=/input-36/conv_3_relu, inputs=[/input-36/conv_3], perturbed=True)
  (/input-36/conv_3_w): BoundParams(name=/input-36/conv_3_w, inputs=[], perturbed=False)
  (/input-36/conv_4): BoundConv(name=/input-36/conv_4, inputs=[/input-36/add_1_2, /input-36/conv_4_w], perturbed=True)
  (/input-36/conv_4_w): BoundParams(name=/input-36/conv_4_w, inputs=[], perturbed=False)
  (/input-36/add_1_2): BoundAdd(name=/input-36/add_1_2, inputs=[/input-36/conv_1_relu, /input-36/conv_2], perturbed=True)
  (/input-36/add_3_4): BoundAdd(name=/input-36/add_3_4, inputs=[/input-36/conv_3_relu, /input-36/conv_4], perturbed=True)
  (/input-52/conv_1): BoundConv(name=/input-52/conv_1, inputs=[/87, /input-52/conv_1_w], perturbed=True)
  (/input-52/conv_1_relu): BoundRelu(name=/input-52/conv_1_relu, inputs=[/input-52/conv_1], perturbed=True)
  (/input-52/conv_1_w): BoundParams(name=/input-52/conv_1_w, inputs=[], perturbed=False)
  (/input-52/conv_2): BoundConv(name=/input-52/conv_2, inputs=[/87, /input-52/conv_2_w], perturbed=True)
  (/input-52/conv_2_w): BoundParams(name=/input-52/conv_2_w, inputs=[], perturbed=False)
  (/input-52/conv_3): BoundConv(name=/input-52/conv_3, inputs=[/input-52/add_1_2, /input-52/conv_3_w], perturbed=True)
  (/input-52/conv_3_relu): BoundRelu(name=/input-52/conv_3_relu, inputs=[/input-52/conv_3], perturbed=True)
  (/input-52/conv_3_w): BoundParams(name=/input-52/conv_3_w, inputs=[], perturbed=False)
  (/input-52/conv_4): BoundConv(name=/input-52/conv_4, inputs=[/input-52/add_1_2, /input-52/conv_4_w], perturbed=True)
  (/input-52/conv_4_w): BoundParams(name=/input-52/conv_4_w, inputs=[], perturbed=False)
  (/input-52/add_1_2): BoundAdd(name=/input-52/add_1_2, inputs=[/input-52/conv_1_relu, /input-52/conv_2], perturbed=True)
  (/input-52/add_3_4): BoundAdd(name=/input-52/add_3_4, inputs=[/input-52/conv_3_relu, /input-52/conv_4], perturbed=True)
  (/95/conv_1): BoundConv(name=/95/conv_1, inputs=[/94, /95/conv_1_w], perturbed=True)
  (/95/conv_1_relu): BoundRelu(name=/95/conv_1_relu, inputs=[/95/conv_1], perturbed=True)
  (/95/conv_1_w): BoundParams(name=/95/conv_1_w, inputs=[], perturbed=False)
  (/95/conv_2): BoundConv(name=/95/conv_2, inputs=[/94, /95/conv_2_w], perturbed=True)
  (/95/conv_2_w): BoundParams(name=/95/conv_2_w, inputs=[], perturbed=False)
  (/95/conv_3): BoundConv(name=/95/conv_3, inputs=[/95/add_1_2, /95/conv_3_w], perturbed=True)
  (/95/conv_3_relu): BoundRelu(name=/95/conv_3_relu, inputs=[/95/conv_3], perturbed=True)
  (/95/conv_3_w): BoundParams(name=/95/conv_3_w, inputs=[], perturbed=False)
  (/95/conv_4): BoundConv(name=/95/conv_4, inputs=[/95/add_1_2, /95/conv_4_w], perturbed=True)
  (/95/conv_4_w): BoundParams(name=/95/conv_4_w, inputs=[], perturbed=False)
  (/95/add_1_2): BoundAdd(name=/95/add_1_2, inputs=[/95/conv_1_relu, /95/conv_2], perturbed=True)
  (/95/add_3_4): BoundAdd(name=/95/add_3_4, inputs=[/95/conv_3_relu, /95/conv_4], perturbed=True)
)
Model prediction is: tensor([ 1.04841650e+00,  2.06702995e+00,  1.09783649e+00,  1.12288153e+00,
         1.32237637e+00,  1.78087604e+00,  2.02228904e+00, -1.33932900e+00,
        -9.34227407e-01, -5.16536057e-01, -1.10908449e+00,  3.98890108e-01,
        -1.86850846e-01, -4.28034723e-01,  6.12776399e-01,  3.99405390e-01,
        -6.88385963e-01, -7.47176349e-01, -8.81156027e-02, -6.38609469e-01,
        -1.45150617e-01,  8.04878235e-01,  1.29130936e+00, -4.18406799e-02,
         5.27139127e-01, -1.40129530e+00, -2.91995183e-02, -7.69551635e-01,
        -1.72836447e+00,  6.30796015e-01, -1.19846594e+00,  8.31612527e-01,
        -9.04494464e-01, -2.44698480e-01, -3.72476935e-01, -8.30604076e-01,
         8.32296968e-01, -1.54462528e+00, -1.87428832e-01, -1.07655621e+00,
         9.79077399e-01, -1.29397130e+00, -1.74308026e+00, -1.25649440e+00,
        -5.64032972e-01, -1.05319536e+00,  1.38925362e+00, -8.50888312e-01,
        -8.57981026e-01,  2.63409197e-01,  1.57935965e+00, -2.08044934e+00,
        -1.60624281e-01,  1.42617330e-01, -1.00066423e+00,  9.73762646e-02,
        -1.13942754e+00, -1.49697971e+00,  6.67937160e-01,  2.43449777e-01,
         3.12171727e-01, -8.48199189e-01, -1.42098188e+00,  1.30400881e-01,
         8.15625310e-01,  8.57549906e-01, -7.91928589e-01,  1.73910037e-01,
        -1.30269408e+00, -1.15134597e+00,  2.96281934e-01,  2.64549166e-01,
        -3.43469292e-01,  3.86802971e-01,  1.65325075e-01,  6.03511989e-01,
         2.17951566e-01,  1.20489371e+00,  8.82493794e-01,  1.08442569e+00,
        -1.50570601e-01, -1.32069409e+00, -3.95295560e-01, -9.65248823e-01,
        -4.79073711e-02, -3.23501110e-01, -8.13810527e-01,  3.84021431e-01,
         2.24855810e-01,  1.52900100e-01, -2.40801111e-01, -1.61370707e+00,
         4.24468964e-01,  3.85346502e-01,  8.39882851e-01, -1.58088291e+00,
         9.90889132e-01,  1.21902205e-01,  4.78408933e-01,  1.02759564e+00,
         1.85437810e+00, -8.44623804e-01, -2.03725338e+00,  1.64002359e+00,
         4.05476764e-02, -1.37157130e+00, -4.43853736e-02,  1.08433938e+00,
        -7.90048480e-01, -6.76596582e-01,  2.04628199e-01,  2.93847203e+00,
         1.33996546e-01,  5.67879438e-01,  4.04879928e-01, -1.25103474e+00,
        -1.29150796e+00,  3.41551125e-01, -1.24708724e+00, -2.03626704e+00,
        -2.12764144e+00, -2.44092917e+00, -2.09984899e+00, -2.15008354e+00,
        -1.42314446e+00, -1.67757010e+00,  6.58292294e-01,  1.06489539e+00,
         1.14384878e+00,  1.91552973e+00,  1.23588860e+00,  7.70718694e-01,
         2.42401004e+00,  5.11511683e-01,  1.03597975e+00, -1.43982440e-01,
        -1.67312384e-01,  1.00781727e+00,  4.00927484e-01, -1.64655912e+00,
        -1.67302310e+00,  4.18756455e-01, -3.82861435e-01, -1.03637993e-01,
         1.69835329e-01,  4.38501477e-01, -9.24257413e-02,  1.33708906e+00,
         8.51669192e-01,  2.43681049e+00,  1.49818376e-01,  1.15314233e+00,
        -4.80549932e-01,  1.71431828e+00,  7.82583773e-01,  4.00975347e-01,
        -1.28885642e-01,  4.22331244e-01, -5.26456296e-01, -3.58638525e-01,
         7.96238706e-02,  4.40727502e-01,  1.15307581e+00,  1.27230406e-01,
        -5.25594473e-01, -7.44795918e-01, -8.90047848e-01, -9.10658062e-01,
         2.47765407e-02,  3.31844240e-01,  2.18917921e-01,  7.19399303e-02,
        -4.21575040e-01,  4.94392127e-01,  2.67711133e-01,  1.54672965e-01,
        -4.37967151e-01, -3.37538928e-01,  1.46655393e+00, -7.20633090e-01,
        -4.13565814e-01,  6.18215799e-01,  5.72066188e-01,  1.58946961e-01,
         6.68414533e-01,  2.93851197e-01,  7.60283947e-01,  1.23892844e+00,
         1.79418460e-01,  3.22540879e-01,  9.52509701e-01,  1.26236522e+00,
         6.94087684e-01,  6.18318141e-01,  4.51832801e-01,  1.17565668e+00,
         8.24498415e-01, -4.97574866e-01, -3.89265805e-01,  1.24394143e+00,
         5.99548161e-01,  4.21266526e-01,  6.87903106e-01,  2.19907928e+00,
         1.04660010e+00, -1.54591039e-01, -9.46084917e-01,  8.48018527e-01,
         7.10782230e-01,  8.09923828e-01, -1.37656188e+00,  3.03807378e-01,
         8.86848450e-01,  1.12305403e-01, -3.31060141e-01, -1.01085722e-01,
         6.71431661e-01,  2.01852143e-01,  7.40695149e-02,  8.16995978e-01,
         4.14990902e-01, -2.25701943e-01,  5.85538387e-01,  6.35856092e-01,
         7.61703789e-01,  1.54800266e-02,  1.38550401e-01, -1.82953194e-01,
        -5.84819734e-01,  1.59754634e+00, -7.11406991e-02,  5.76573074e-01,
        -3.02324265e-01,  1.09034916e-02,  2.65473947e-02,  8.40097487e-01,
        -3.09532940e-01,  1.95858419e-01, -3.43779117e-01,  1.50322154e-01,
        -2.27521896e-01, -4.11994934e-01,  5.85869908e-01, -6.90313339e-01,
        -5.79296172e-01,  1.07357609e+00, -5.62276304e-01, -3.27504836e-02,
         7.89481640e-01,  7.20355988e-01,  6.62498951e-01, -7.16749549e-01,
         1.85845912e-01,  4.06942785e-01,  1.47081161e+00, -7.33713746e-01,
        -5.13374507e-01,  1.18795800e+00,  1.21086490e+00,  1.60867012e+00,
         1.40116274e+00,  3.32887113e-01, -8.18779945e-01,  8.42942655e-01,
         2.11468190e-01,  1.37608612e+00,  3.78790826e-01,  1.44554317e-01,
        -1.50064981e+00,  1.22280812e+00,  1.93047071e+00,  8.80283117e-01,
         1.20015132e+00,  1.34700453e+00,  2.20988214e-01, -8.41698200e-02,
         4.01401311e-01,  1.31880879e+00,  7.22870007e-02,  1.76156187e+00,
         8.43605518e-01,  2.32194519e+00,  2.71703386e+00,  3.00831747e+00,
         2.83558273e+00,  1.54919732e+00,  5.06906271e-01,  1.34696722e+00,
        -3.55551988e-01, -1.28220037e-01, -5.10631740e-01,  2.36698389e-01,
         2.48533905e-01,  2.77225345e-01,  3.42863679e-01,  8.73810649e-02,
         2.60158515e+00, -1.04291789e-01, -5.34663439e-01, -9.82418284e-02,
        -1.99863493e+00,  3.91385645e-01, -1.34294009e+00, -1.04272783e+00,
        -1.18944776e+00, -2.17410326e+00, -8.51742446e-01, -5.33351898e-01,
         3.93786728e-01, -1.16877854e+00,  1.24519837e+00,  3.83961201e-01,
        -4.91794765e-01,  1.08729410e+00,  5.48384786e-01,  2.92869955e-01,
         8.84553641e-02, -5.25284171e-01,  1.54183710e+00,  7.34130383e-01,
         3.01170442e-02, -2.35572004e+00, -1.60914850e+00, -2.02347898e+00,
        -1.32123399e+00, -1.70693207e+00, -1.76612628e+00,  6.83347695e-03,
        -1.79346001e+00, -1.58196104e+00,  1.27147567e+00,  1.90809536e+00,
         2.71118474e+00,  8.01773250e-01, -4.54504699e-01, -2.54682511e-01,
        -1.64157915e+00,  1.22681844e+00,  5.49645066e-01, -1.79095483e+00,
        -7.14995205e-01,  1.47073537e-01, -4.11438227e-01, -1.03831100e+00,
         5.33989847e-01, -9.38632727e-01, -1.04771292e+00, -2.42222279e-01,
        -1.81428754e+00, -1.19797075e+00, -1.33277452e+00, -9.00407493e-01,
        -5.55333376e-01, -5.47250450e-01, -1.38589942e+00, -8.29123139e-01,
         7.19512939e-01,  1.84106112e-01,  4.91237402e-01,  7.69636095e-01,
         6.76950872e-01,  6.15933299e-01,  1.01987958e+00, -5.84590696e-02,
        -8.62446249e-01,  2.29518697e-01,  5.04971802e-01,  3.04449666e-02,
         4.59638685e-01, -4.50593561e-01,  4.86008227e-02, -6.20909393e-01,
         8.01815391e-01,  8.24345291e-01,  4.37255174e-01, -8.81389797e-01,
         3.97642672e-01,  2.38435894e-01,  6.33178890e-01, -4.68650043e-01,
         6.56516969e-01, -1.68256968e-01,  3.69545013e-01,  3.66144674e-03,
        -2.67625242e-01, -2.07889095e-01, -6.88671231e-01, -1.35016215e+00,
        -9.81783092e-01,  1.06632793e+00,  2.15414360e-01,  1.28481269e+00,
         5.57049476e-02, -1.24558902e+00,  5.30804217e-01,  1.42353070e+00,
        -1.16923356e+00, -7.67111927e-02, -9.76107776e-01,  4.41777557e-01,
        -1.07663822e+00, -1.45843840e+00,  1.64022803e-01, -7.67997622e-01,
        -5.89535117e-01,  6.72314346e-01, -1.39469647e+00, -6.32172048e-01,
        -1.58997035e+00,  1.91664219e+00, -1.32918286e+00,  1.76874936e+00,
         5.54748416e-01,  5.89504302e-01,  1.02466035e+00, -2.27278137e+00,
         1.40740430e+00,  1.11452639e+00,  1.52110600e+00,  1.73824096e+00,
        -1.10869072e-02,  1.07768424e-01, -5.11150539e-01, -1.59498942e+00,
        -6.89404607e-01,  5.29212654e-01,  2.27858037e-01, -9.85763550e-01,
        -6.36488676e-01, -2.75342196e-01, -1.16411495e+00, -4.37912047e-01,
        -3.52207601e-01,  1.35432017e+00,  1.50891984e+00,  7.14855790e-01,
        -7.50615358e-01,  2.45649964e-01,  1.46836865e+00,  5.54058775e-02,
        -5.67734241e-03,  1.50114262e+00, -3.02489042e-01,  2.21989417e+00,
        -1.55274868e+00, -4.24734473e-01,  2.85933113e+00, -4.63555127e-01,
        -1.76030457e-01,  1.20500401e-01, -1.38093090e+00, -6.14425130e-02,
         2.16950849e-01, -5.22946656e-01, -1.82890320e+00, -2.60300249e-01,
        -2.40734532e-01,  7.08655357e-01, -3.46421003e-01,  5.25474191e-01,
        -7.88560271e-01, -5.67538366e-02,  1.87900460e+00,  7.15591758e-03,
         7.62693524e-01,  1.80764735e+00, -1.44002020e+00, -2.61006832e+00,
         3.85600835e-01, -1.96035400e-01,  4.88402128e-01, -1.33931732e+00,
         3.27844024e-02,  1.86983243e-01, -5.67984521e-01,  1.11009812e+00,
        -1.38532794e+00, -8.36417377e-01,  1.02085285e-02, -1.30918384e+00,
         2.75290155e+00,  5.72420478e-01, -3.30075204e-01, -3.50017607e-01,
        -2.14953944e-01,  4.61244673e-01, -3.88132155e-01,  1.55814266e+00,
        -8.31475496e-01,  2.00047389e-01,  1.40770659e-01, -1.43300521e+00,
         1.09113157e-01, -7.22552598e-01,  1.43721998e-01, -7.54250705e-01,
         8.42961967e-01,  4.90808904e-01, -3.17792952e-01,  2.07362199e+00,
        -2.78901267e+00,  6.69060946e-01, -1.19025218e+00, -5.20396791e-02,
        -8.35754350e-03, -3.91590565e-01, -1.87840629e+00,  5.65754652e-01,
         1.07106721e+00, -3.09532619e+00, -5.25868177e-01, -1.53705466e+00,
        -5.57726204e-01, -5.46876907e-01, -8.55973840e-01, -4.20362979e-01,
        -1.76320720e+00,  1.46180287e-01, -8.23091447e-01, -7.02823997e-01,
        -9.30623412e-01, -1.00141048e+00, -1.04329681e+00, -4.72974330e-01,
        -5.50800443e-01, -2.80057251e-01, -7.50897884e-01,  4.92082477e-01,
        -8.68337572e-01,  1.01035798e+00,  1.68683732e+00,  4.69805747e-01,
        -1.07297099e+00,  4.07973565e-02,  1.94954538e+00, -2.40225029e+00,
        -1.47549474e+00, -6.97730660e-01,  3.06994736e-01,  2.89269400e+00,
        -1.06393650e-01, -2.09698939e+00,  9.95440960e-01, -4.85253960e-01,
        -1.38592839e+00,  7.43101723e-03, -2.80966967e-01, -2.55018425e+00,
         7.08586164e-03,  3.02224755e+00, -2.13346410e+00, -1.13677955e+00,
         1.16311538e+00,  9.36392903e-01,  6.03251696e-01, -8.51636529e-01,
         3.19944382e+00,  1.75723040e+00,  3.39062750e-01,  8.17548335e-02,
        -1.16471028e+00, -7.95847535e-01,  2.36208558e+00,  5.94763756e-01,
        -1.03791130e+00,  2.03666240e-01, -7.25238442e-01, -3.18259269e-01,
         6.86454117e-01, -1.79575706e+00,  3.30526829e-02, -8.53464007e-01,
         7.82639146e-01, -7.85489798e-01,  1.17524683e+00, -6.24635577e-01,
        -1.52390206e+00,  4.09632057e-01,  5.81755519e-01, -7.02004731e-01,
         3.28680933e-01, -9.20316160e-01, -2.68573117e+00, -6.78231776e-01,
         3.91243100e-01,  1.81456432e-01, -1.15457535e+00,  8.82711172e-01,
         1.13791251e+00, -1.57490909e-01,  2.95813024e-01,  3.77371216e+00,
        -4.42217797e-01,  4.38274831e-01, -1.30766833e+00, -8.64969671e-01,
         1.34236491e+00,  8.94525945e-02,  7.49941468e-01,  4.78882730e-01,
         1.31621587e+00,  4.75348905e-02,  1.46231616e+00, -2.31004381e+00,
         5.94180763e-01,  1.68168700e+00,  3.83145571e-01, -2.98140913e-01,
         1.48487830e+00, -7.57959902e-01,  1.84373879e+00,  6.53121233e-01,
        -1.54382324e+00, -3.14526170e-01, -2.81331539e-01,  9.70178723e-01,
         1.13533044e+00,  3.43515784e-01,  1.32070339e+00,  2.62677860e+00,
         2.30786896e+00,  5.22880018e-01,  6.57614946e-01,  1.39442933e+00,
        -1.40541708e+00, -1.07891870e+00,  1.34710288e+00, -4.29136395e-01,
        -1.36749339e+00,  5.15277803e-01, -5.84046125e-01,  1.32767066e-01,
         2.54015160e+00, -2.67650276e-01, -2.74039078e+00, -6.48671389e-01,
         2.08544731e+00,  2.97090471e-01,  2.24559680e-02, -1.30440384e-01,
        -9.21661794e-01, -4.53841507e-01, -1.50388730e+00,  1.78613141e-03,
         1.32890391e+00, -2.42185593e+00,  1.55281588e-01,  7.45318592e-01,
         3.71039242e-01, -6.81815982e-01,  1.34435153e+00,  2.22543311e+00,
        -4.86287385e-01, -6.18137002e-01, -5.54648995e-01,  8.29998076e-01,
        -8.10872138e-01,  1.70605123e+00, -2.50777662e-01,  3.14876497e-01,
        -3.54706883e-01, -2.42215872e+00,  7.54794300e-01, -1.40446627e+00,
         2.61598969e+00, -1.50631690e+00, -1.18655205e+00, -3.56235147e-01,
        -5.25972426e-01,  2.47227049e+00, -1.33334112e+00, -1.36612630e+00,
         6.26171291e-01,  8.89700890e-01,  6.20562695e-02, -9.28200662e-01,
        -6.78319156e-01,  5.24207950e-01,  1.37414932e-01, -1.09349179e+00,
         1.29369068e+00,  1.47101378e+00, -3.79719064e-02,  2.85917878e-01,
        -3.77980500e-01,  2.87252933e-01, -1.17059183e+00, -2.85190415e+00,
         1.80322027e+00, -6.05828881e-01, -3.66633153e+00, -1.32589012e-01,
         1.53144503e+00,  9.48168397e-01, -6.29362345e-01,  6.06424272e-01,
         1.15528047e+00, -2.25137159e-01, -1.28718579e+00, -4.27498162e-01,
         1.79428363e+00,  1.56320095e+00,  1.72906578e-01, -6.74252152e-01,
         1.14254224e+00, -1.71023893e+00, -1.43833899e+00,  5.88367343e-01,
        -5.05833089e-01,  1.46473753e+00, -3.49838614e-01,  8.87373269e-01,
         1.25048280e+00,  1.80366054e-01,  2.39207491e-01, -7.21500993e-01,
        -3.21448475e-01, -1.73615837e+00,  3.36573154e-01, -2.03148276e-01,
        -7.06114061e-03,  1.92746317e+00,  1.83949065e+00, -1.59359694e-01,
        -1.42888975e+00,  1.11630213e+00, -1.46335864e+00,  8.55573475e-01,
         1.82782674e+00, -1.63358486e+00, -1.89241624e+00,  1.31034350e+00,
        -1.53195128e-01,  1.04757786e+00, -1.41244197e+00,  2.59592652e-01,
         3.37670118e-01,  7.07881212e-01, -4.44732100e-01, -2.47290850e+00,
        -9.42436397e-01,  2.57812500e+00, -7.23102570e-01, -6.26467943e-01,
         1.63321197e+00,  2.77062058e-01, -4.67318073e-02,  1.00447464e+00,
         1.06214333e+00,  1.30927432e+00,  1.17091608e+00, -6.50851488e-01,
         1.52833259e+00,  1.72929966e+00,  6.86529726e-02, -1.10813618e+00,
         1.71118043e-02, -1.21571076e+00, -5.14708519e-01, -1.17759451e-01,
         9.94503915e-01,  1.54129112e+00, -2.47067738e+00,  1.09869194e+00,
         1.10898995e+00, -9.61047471e-01, -8.69057834e-01,  9.61420000e-01,
        -1.20284498e+00,  1.38544047e+00, -1.05966353e+00,  7.13297784e-01,
         1.23635042e+00,  1.06939483e+00, -9.24543083e-01,  1.00538224e-01,
         5.79850256e-01,  5.51445365e-01,  1.81172505e-01, -7.66403973e-01,
        -5.63002586e-01,  4.59513515e-01,  2.81899023e+00,  6.64983690e-01,
         1.70195568e+00,  3.87714922e-01, -1.72605562e+00, -2.02689394e-01,
        -1.63234353e+00,  1.47802305e+00, -2.00984716e-01,  5.30160844e-01,
         1.21125758e+00,  8.75343204e-01,  3.61300421e+00,  2.14021876e-01,
         7.80163944e-01,  1.48970783e+00,  6.12403929e-01,  2.07826042e+00,
        -6.13948584e-01,  5.25733195e-02, -2.45627508e-01,  3.69700223e-01,
         4.37349737e-01,  1.47272974e-01, -2.14829102e-01, -4.26681280e-01,
        -1.40270615e+00, -2.70480722e-01,  3.43917489e-01,  6.44929826e-01,
         1.04456317e+00,  5.39658487e-01,  1.44627452e-01,  9.14966106e-01,
         4.92621243e-01, -1.34629047e+00,  1.70891762e+00,  1.02090490e+00,
        -1.31512010e+00, -1.56319654e+00, -1.29017591e+00, -1.03639472e+00,
         3.62201542e-01, -1.14990366e+00,  3.46797884e-01, -2.76597112e-01,
         1.37380028e+00, -1.42272305e+00, -9.71728742e-01,  6.64395690e-01,
        -9.16896403e-01, -1.17275566e-01,  6.67325616e-01, -2.06561947e+00,
        -6.06587589e-01,  6.29920140e-02,  5.13808094e-02, -2.28990018e-01,
         1.22160172e+00,  2.73767114e-01,  1.09542644e+00,  3.75983626e-01,
         2.34306335e+00,  1.89809287e+00,  1.06277561e+00, -1.17925513e+00,
        -8.40982944e-02, -6.62880123e-01,  1.40607610e-01,  3.47466850e+00,
         2.10112500e+00, -1.34189737e+00,  1.13812065e+00,  1.10648227e+00,
        -3.63545609e+00, -1.20997024e+00, -1.04253709e+00, -5.73133945e-01,
        -1.73959708e+00,  1.98713779e-01, -6.03434920e-01, -9.46853340e-01,
        -1.99606812e+00, -2.63290906e+00, -9.90055740e-01, -5.99221289e-01,
         2.21691489e+00, -5.90447597e-02, -5.72023749e-01,  2.33344406e-01,
         5.83249152e-01, -5.18830121e-01, -2.14904928e+00,  3.90971974e-02,
         5.62728584e-01,  2.39013523e-01, -1.72165775e+00,  2.29543543e+00,
         6.98503852e-03, -1.06996465e+00,  2.84058958e-01,  9.31050181e-01,
        -5.50327182e-01,  3.28833914e+00,  2.79638588e-01, -1.55958548e-01,
        -1.28267616e-01, -1.85274720e-01, -1.32364106e+00, -1.54350436e+00,
         2.83442020e+00,  1.18707657e+00,  1.26440406e+00, -6.97094202e-01,
         3.75954509e-01,  6.14008009e-01,  1.60837257e+00,  1.08660929e-01,
        -3.09056818e-01, -9.66506958e-01,  5.50431132e-01,  1.12896609e+00,
         6.63082457e+00,  4.18809175e+00,  6.50262594e-01, -3.16664755e-01,
         8.74588013e-01, -4.74742830e-01, -1.74215108e-01,  2.66379237e+00,
        -1.93805420e+00, -7.29469597e-01, -4.29370552e-01, -8.85204554e-01,
         9.66211557e-01, -5.79840899e-01, -2.95080841e-01,  8.03692997e-01,
         7.17202663e-01,  2.40803218e+00, -4.41462576e-01, -1.88410842e+00,
        -2.34742022e+00,  3.05527113e-02, -2.22861099e+00, -2.11232901e+00,
        -1.78212380e+00,  6.99273646e-01, -1.56846511e+00, -1.11022937e+00,
        -1.33467054e+00, -2.23262978e+00, -1.93704367e+00, -1.44952941e+00,
        -1.30301440e+00, -9.64474201e-01, -1.17588079e+00, -2.48749837e-01,
        -1.39149368e+00, -1.34120464e+00, -6.44617915e-01, -7.32958242e-02,
        -2.79017377e+00,  1.01956569e-01, -2.44572616e+00, -9.02442098e-01,
         1.83908808e+00,  4.50429469e-01,  3.91124368e-01,  6.84253454e-01,
        -1.00123775e+00, -1.73094705e-01,  1.60719112e-01, -9.10165191e-01,
        -1.20803332e+00, -5.03071725e-01, -4.37042117e-01, -2.63745880e+00,
        -2.74437475e+00, -4.95256901e-01, -2.43530607e+00, -1.97620308e+00,
        -1.99989450e+00, -1.69417584e+00,  4.94259000e-01, -1.08773482e+00,
         4.77777034e-01, -6.01479471e-01, -1.50586307e+00,  2.47382259e+00,
        -7.87939429e-01,  7.37075880e-02,  2.20494056e+00,  1.88721764e+00,
        -1.02795398e+00,  1.17253935e+00,  2.96779983e-02, -1.23573303e+00,
         8.85840714e-01,  6.69486046e-01, -3.14771503e-01,  6.96067736e-02,
         1.39913931e-01,  6.09131455e-02, -8.50316465e-01,  6.49076700e-02,
        -7.14467943e-01,  4.22707051e-02, -1.33177292e+00, -1.64320683e+00,
        -1.14763308e+00, -2.93333983e+00, -2.78259563e+00, -1.75456047e+00,
        -1.88460636e+00, -2.05292439e+00,  1.23471521e-01,  1.47609663e+00],
       device='cuda:0')
Clean RHS: tensor([[0.55645686]], device='cuda:0')
Split layers:
Nonlinear functions:
   BoundRelu(name=/66, inputs=[/input], perturbed=True)
   BoundRelu(name=/68, inputs=[/input-4], perturbed=True)
   BoundRelu(name=/71, inputs=[/input-12], perturbed=True)
   BoundRelu(name=/73, inputs=[/input-16], perturbed=True)
   BoundRelu(name=/76, inputs=[/input-24], perturbed=True)
   BoundRelu(name=/78, inputs=[/input-28], perturbed=True)
   BoundRelu(name=/80, inputs=[/input-32], perturbed=True)
   BoundRelu(name=/83, inputs=[/input-40], perturbed=True)
   BoundRelu(name=/85, inputs=[/input-44], perturbed=True)
   BoundRelu(name=/87, inputs=[/input-48], perturbed=True)
   BoundRelu(name=/90, inputs=[/input-56], perturbed=True)
   BoundRelu(name=/92, inputs=[/input-60], perturbed=True)
   BoundRelu(name=/94, inputs=[/input-64], perturbed=True)
   BoundRelu(name=/98, inputs=[/input-68], perturbed=True)
   BoundRelu(name=/101, inputs=[/input-72], perturbed=True)
   BoundRelu(name=/input-8/conv_1_relu, inputs=[/input-8/conv_1], perturbed=True)
   BoundRelu(name=/input-8/conv_3_relu, inputs=[/input-8/conv_3], perturbed=True)
   BoundRelu(name=/input-20/conv_1_relu, inputs=[/input-20/conv_1], perturbed=True)
   BoundRelu(name=/input-20/conv_3_relu, inputs=[/input-20/conv_3], perturbed=True)
   BoundRelu(name=/input-36/conv_1_relu, inputs=[/input-36/conv_1], perturbed=True)
   BoundRelu(name=/input-36/conv_3_relu, inputs=[/input-36/conv_3], perturbed=True)
   BoundRelu(name=/input-52/conv_1_relu, inputs=[/input-52/conv_1], perturbed=True)
   BoundRelu(name=/input-52/conv_3_relu, inputs=[/input-52/conv_3], perturbed=True)
   BoundRelu(name=/95/conv_1_relu, inputs=[/95/conv_1], perturbed=True)
   BoundRelu(name=/95/conv_3_relu, inputs=[/95/conv_3], perturbed=True)
Batched CROWN: node BoundConv(name=/input-4, inputs=[/66, /35, /36], perturbed=True), unstable size 57352
Batched CROWN: node BoundConv(name=/input-8/conv_1, inputs=[/68, /input-8/conv_1_w], perturbed=True), unstable size 71443
Batched CROWN: node BoundConv(name=/input-8/conv_3, inputs=[/input-8/add_1_2, /input-8/conv_3_w], perturbed=True), unstable size 23264
Batched CROWN: node BoundConv(name=/input-12, inputs=[/input-8/add_3_4, /37, /38], perturbed=True), unstable size 481146
Batched CROWN: node BoundConv(name=/input-16, inputs=[/71, /39, /40], perturbed=True), unstable size 1578645
Batched CROWN: node BoundConv(name=/input-20/conv_1, inputs=[/73, /input-20/conv_1_w], perturbed=True), unstable size 20274
Batched CROWN: node BoundConv(name=/input-20/conv_3, inputs=[/input-20/add_1_2, /input-20/conv_3_w], perturbed=True), unstable size 12579
Batched CROWN: node BoundConv(name=/input-24, inputs=[/input-20/add_3_4, /41, /42], perturbed=True), unstable size 367254
Batched CROWN: node BoundConv(name=/input-28, inputs=[/76, /43, /44], perturbed=True), unstable size 797070
Batched CROWN: node BoundConv(name=/input-32, inputs=[/78, /45, /46], perturbed=True), unstable size 209885
Batched CROWN: node BoundConv(name=/input-36/conv_1, inputs=[/80, /input-36/conv_1_w], perturbed=True), unstable size 30970
Batched CROWN: node BoundConv(name=/input-36/conv_3, inputs=[/input-36/add_1_2, /input-36/conv_3_w], perturbed=True), unstable size 19187
Batched CROWN: node BoundConv(name=/input-40, inputs=[/input-36/add_3_4, /47, /48], perturbed=True), unstable size 359719
Batched CROWN: node BoundConv(name=/input-44, inputs=[/83, /49, /50], perturbed=True), unstable size 287202
Batched CROWN: node BoundConv(name=/input-48, inputs=[/85, /51, /52], perturbed=True), unstable size 329171
Batched CROWN: node BoundConv(name=/input-52/conv_1, inputs=[/87, /input-52/conv_1_w], perturbed=True), unstable size 15751
Batched CROWN: node BoundConv(name=/input-52/conv_3, inputs=[/input-52/add_1_2, /input-52/conv_3_w], perturbed=True), unstable size 9874
Batched CROWN: node BoundConv(name=/input-56, inputs=[/input-52/add_3_4, /53, /54], perturbed=True), unstable size 98120
Batched CROWN: node BoundConv(name=/input-60, inputs=[/90, /55, /56], perturbed=True), unstable size 100125
Batched CROWN: node BoundConv(name=/input-64, inputs=[/92, /57, /58], perturbed=True), unstable size 100264
Batched CROWN: node BoundConv(name=/95/conv_1, inputs=[/94, /95/conv_1_w], perturbed=True), unstable size 49074
Batched CROWN: node BoundConv(name=/95/conv_3, inputs=[/95/add_1_2, /95/conv_3_w], perturbed=True), unstable size 25088
Batched CROWN: node BoundLinear(name=/input-68, inputs=[/96, /59, /60], perturbed=True), unstable size 4096
Batched CROWN: node BoundLinear(name=/input-72, inputs=[/99, /61, /62], perturbed=True), unstable size 4096
initial crown bounds: tensor([[-10216827.]], device='cuda:0')
Number of class (without rhs): 1 ; Worst class: (+ rhs) -10216827.0
Iteration 1
Adv attack time: 1.5449s
Batch size: 1
Current pickout batch: 1, total pickout batch: 1
Batched CROWN: node BoundConv(name=/input-4, inputs=[/66, /35, /36], perturbed=True), unstable size 57352
Batched CROWN: node BoundConv(name=/input-8/conv_1, inputs=[/68, /input-8/conv_1_w], perturbed=True), unstable size 71443
Batched CROWN: node BoundConv(name=/input-8/conv_3, inputs=[/input-8/add_1_2, /input-8/conv_3_w], perturbed=True), unstable size 23264
Batched CROWN: node BoundConv(name=/input-12, inputs=[/input-8/add_3_4, /37, /38], perturbed=True), unstable size 481146
Batched CROWN: node BoundConv(name=/input-16, inputs=[/71, /39, /40], perturbed=True), unstable size 1578645
Batched CROWN: node BoundConv(name=/input-20/conv_1, inputs=[/73, /input-20/conv_1_w], perturbed=True), unstable size 20274
Batched CROWN: node BoundConv(name=/input-20/conv_3, inputs=[/input-20/add_1_2, /input-20/conv_3_w], perturbed=True), unstable size 12579
Batched CROWN: node BoundConv(name=/input-24, inputs=[/input-20/add_3_4, /41, /42], perturbed=True), unstable size 367254
Batched CROWN: node BoundConv(name=/input-28, inputs=[/76, /43, /44], perturbed=True), unstable size 797070
Batched CROWN: node BoundConv(name=/input-32, inputs=[/78, /45, /46], perturbed=True), unstable size 209886
Batched CROWN: node BoundConv(name=/input-36/conv_1, inputs=[/80, /input-36/conv_1_w], perturbed=True), unstable size 30970
Batched CROWN: node BoundConv(name=/input-36/conv_3, inputs=[/input-36/add_1_2, /input-36/conv_3_w], perturbed=True), unstable size 19187
Batched CROWN: node BoundConv(name=/input-40, inputs=[/input-36/add_3_4, /47, /48], perturbed=True), unstable size 359719
Batched CROWN: node BoundConv(name=/input-44, inputs=[/83, /49, /50], perturbed=True), unstable size 287203
Batched CROWN: node BoundConv(name=/input-48, inputs=[/85, /51, /52], perturbed=True), unstable size 329172
Batched CROWN: node BoundConv(name=/input-52/conv_1, inputs=[/87, /input-52/conv_1_w], perturbed=True), unstable size 15751
Batched CROWN: node BoundConv(name=/input-52/conv_3, inputs=[/input-52/add_1_2, /input-52/conv_3_w], perturbed=True), unstable size 9875
Batched CROWN: node BoundConv(name=/input-56, inputs=[/input-52/add_3_4, /53, /54], perturbed=True), unstable size 98120
Batched CROWN: node BoundConv(name=/input-60, inputs=[/90, /55, /56], perturbed=True), unstable size 100125
Batched CROWN: node BoundConv(name=/input-64, inputs=[/92, /57, /58], perturbed=True), unstable size 100264
Batched CROWN: node BoundConv(name=/95/conv_1, inputs=[/94, /95/conv_1_w], perturbed=True), unstable size 49074
Batched CROWN: node BoundConv(name=/95/conv_3, inputs=[/95/add_1_2, /95/conv_3_w], perturbed=True), unstable size 25088
Batched CROWN: node BoundLinear(name=/input-68, inputs=[/96, /59, /60], perturbed=True), unstable size 4096
Batched CROWN: node BoundLinear(name=/input-72, inputs=[/99, /61, /62], perturbed=True), unstable size 4096
Worst bound: tensor([-10217277.], device='cuda:0')
Current (lb-rhs): -10217277.0
Total time: 3178.8277  pickout: 0.0007  split: 0.0018  decision: 0.0003  bounding: 3178.7963  clipping: 0.0000  add_domain: 0.0179  rest: 0.0105
Length of domains: 2
3 branch and bound domains visited
Time out!
Result: timeout
Time: 4827.478396654129
[rank 0] === Checking instance ID 781 ===
[rank 0] >>> Running ID=781 onnx=onnx/vgg16-7.onnx
Configurations:

general:
  device: cuda
  seed: 100
  conv_mode: patches
  deterministic: false
  double_fp: false
  loss_reduction_func: max
  sparse_alpha: true
  sparse_interm: true
  save_adv_example: false
  verify_onnxruntime_output: false
  eval_adv_example: false
  show_adv_example: false
  precompile_jit: false
  prepare_only: false
  complete_verifier: bab
  enable_incomplete_verification: false
  csv_name: instances.csv
  results_file: results/vggnet16_all_p_4/result_781.rank0.txt
  root_path: ../../vnncomp2023_benchmarks/benchmarks/vggnet16
  deterministic_opt: false
  graph_optimizer: 'Customized("custom_graph_optimizer", "maxpool_to_relu")'
  buffer_has_batchdim: false
  save_output: false
  output_file: out.pkl
  return_optimized_model: false
  output_additional_stats: true
  instance_id: 781
  dataset_output_dir: dataset
  min_stable_neurons_ratio_threshold: 0.0
model:
  name: null
  path: null
  onnx_path: /projects/air/dlverifier/vggnet16_all/onnx/vgg16-7.onnx
  onnx_path_prefix: ''
  cache_onnx_conversion: true
  debug_onnx: false
  onnx_quirks: null
  input_shape: null
  onnx_loader: default_onnx_and_vnnlib_loader
  onnx_optimization_flags: []
  onnx_vnnlib_joint_optimization_flags: none
  check_optimized: false
  flatten_final_output: false
  optimize_graph: null
  with_jacobian: false
data:
  start: 0
  end: 10000
  select_instance: null
  num_outputs: 1000
  mean: 0.0
  std: 1.0
  pkl_path: null
  dataset: null
  data_filter_path: null
  data_idx_file: null
specification:
  type: lp
  robustness_type: verified-acc
  norm: .inf
  epsilon: null
  epsilon_min: 0.0
  vnnlib_path: /projects/air/dlverifier/vggnet16_all/vnnlib/n02091032_Italian_greyhound_global_k50176_eps_0.0002.vnnlib
  vnnlib_path_prefix: ''
  rhs_offset: null
solver:
  batch_size: 1
  auto_enlarge_batch_size: false
  min_batch_size_ratio: 0.1
  use_float64_in_last_iteration: false
  early_stop_patience: 10
  start_save_best: 0.5
  bound_prop_method: forward+backward
  init_bound_prop_method: same
  prune_after_crown: false
  optimize_disjuncts_separately: false
  crown:
    batch_size: 16
    max_crown_size: 1000000000
    relu_option: adaptive
  alpha-crown:
    alpha: true
    lr_alpha: 0.1
    iteration: 100
    share_alphas: false
    lr_decay: 0.98
    full_conv_alpha: true
    max_coeff_mul: .inf
    matmul_share_alphas: false
    disable_optimization: []
    max_time: 1.0
  invprop:
    apply_output_constraints_to: []
    tighten_input_bounds: false
    best_of_oc_and_no_oc: false
    directly_optimize: []
    oc_lr: 0.1
    share_gammas: false
  beta-crown:
    lr_alpha: 0.01
    lr_beta: 0.05
    lr_decay: 0.98
    optimizer: adam
    iteration: 10
    beta: true
    beta_warmup: true
    enable_opt_interm_bounds: false
    all_node_split_LP: false
  forward:
    refine: false
    dynamic: true
    max_dim: 100
    reset_threshold: 1.0
  intermediate_refinement:
    enabled: false
    batch_size: 10
    opt_coeffs: false
    opt_bias: false
    lr: 0.05
    layers: [-1]
    max_domains: 1000
  multi_class:
    label_batch_size: 32
    skip_with_refined_bound: true
  mip:
    unstable_neuron_threshold: 0
    parallel_solvers: null
    solver_threads: 1
    refine_neuron_timeout: 15
    refine_neuron_time_percentage: 0.8
    early_stop: true
    adv_warmup: true
    mip_solver: gurobi
    skip_unsafe: false
    topk_filter: 1.0
    sliding_window: -1
    extra_constraint: false
    refine_neuron_timeout_increasement: 0
    timeout_neuron_percentage: 0.3
    remaining_timeout_threshold: 1
    remove_unstable_neurons: true
    lp_solver: false
bab:
  initial_max_domains: 1
  backing_up_max_domain: null
  max_domains: .inf
  decision_thresh: 0
  timeout: 1200.0
  timeout_scale: 1
  max_iterations: -1
  override_timeout: null
  get_upper_bound: false
  pruning_in_iteration: true
  pruning_in_iteration_ratio: 0.2
  sort_targets: false
  batched_domain_list: true
  optimized_interm: ''
  interm_transfer: true
  recompute_interm: false
  sort_domain_interval: -1
  vanilla_crown: false
  tree_traversal: depth_first
  cut:
    enabled: false
    cuts_path: /tmp/abcrown_cuts
    implication: false
    bab_cut: false
    lp_cut: false
    method: null
    lr: 0.01
    lr_decay: 1.0
    iteration: 100
    bab_iteration: -1
    early_stop_patience: -1
    lr_beta: 0.02
    number_cuts: 50
    topk_cuts_in_filter: 1000
    batch_size_primal: 100
    max_num: 1000000000
    patches_cut: false
    cplex_cuts: false
    cplex_cuts_wait: 0
    cplex_cuts_revpickup: true
    cut_reference_bounds: true
    fix_intermediate_bounds: false
    _tmp_cuts: null
    fixed_cuts: false
    add_implied_cuts: false
    add_input_cuts: false
    biccos:
      enabled: false
      constraint_strengthening: true
      recursively_strengthening: false
      drop_ratio: 0.5
      verified_bonus: 0.3
      max_infer_iter: 20
      heuristic: neuron_influence_score
      save_biccos_cuts: false
      multi_tree_branching:
        enabled: false
        restore_best_tree: false
        keep_n_best_domains: 1
        k_splits: 1
        iterations: 1
  branching:
    method: sb
    candidates: 3
    reduceop: min
    enable_intermediate_bound_opt: false
    branching_input_and_activation: false
    branching_input_and_activation_order: [input, relu]
    branching_input_iterations: 30
    branching_relu_iterations: 50
    gnn_path: ''
    neural_heuristic:
      model_path: ''
    rl:
      experiment: general
      eval: false
      extras: []
      logging:
        color: true
        debug: true
        file: rl-experiment.log
      pnet:
        gH: 64
        tH: 64
        nheads: 64
        nlayers: 64
        useDynamicGraph: true
        bidirectional: false
        GAT: true
      training:
        gamma: 0.99
        lr: 0.001
        batchSize: 8
        loop: 8
        totalEpochs: 10
        updatePolicyFrequency: 10
        updateTargetFrequency: 10
        buffer: buffer.pkl
        preparedBuffer: 'False'
        TestingPreparedBuffer: false
        scriptTraining: false
        policynet: policy-checkpoint.pt
        targetnet: target-checkpoint.pt
        datasetShuffle: true
        targetedData: all
        splitRatio: 0.8
        maxInstances: -1
        trainingMode: full
        reward:
          norm: null
          bonus: 10.0
          penalty: -1.0
      egreedy:
        epsilon: 0.1
        epsilonDecay: 0.1
        minEpsilon: 0.1
        ePath: epsilon.pt
        enabled: true
      expert:
        useExpertUntilEpisode: 0.1
        enabled: true
        learnToImitateExpertEpochs: 10
    nonlinear_split:
      method: shortcut
      branching_point_method: uniform
      num_branches: 2
      filter: false
      filter_beta: false
      filter_clamp: false
      filter_batch_size: 10000
      filter_iterations: 25
      relu_only: false
      loose_tanh_threshold: null
      dynamic_bbps: false
      dynamic_options: [uniform, three_left, three_right]
      branching_point_node: ''
      branching_point_db: []
    input_split:
      enable_clip_domains: false
      split_hint: null
      reorder_bab: false
      enable: true
      enhanced_bound_prop_method: alpha-crown
      enhanced_branching_method: naive
      enhanced_bound_patience: 100000000.0
      attack_patience: 100000000.0
      adv_check: 0
      split_partitions: 2
      sb_margin_weight: 1.0
      sb_sum: false
      sb_primary_spec: null
      bf_backup_thresh: -1
      bf_rhs_offset: 0
      bf_iters: 1000000000.0
      bf_batch_size: 100000
      bf_zero_crossing_score: false
      touch_zero_score: 0
      ibp_enhancement: false
      catch_assertion: false
      compare_with_old_bounds: false
      update_rhs_with_attack: false
      sb_coeff_thresh: 0.001
      sort_index: null
      sort_descending: true
      show_progress: false
      presplit_domains: null
      skip_getting_worst_domain: false
  attack:
    enabled: false
    beam_candidates: 8
    beam_depth: 7
    max_dive_fix_ratio: 0.8
    min_local_free_ratio: 0.2
    mip_start_iteration: 5
    mip_timeout: 30.0
    adv_pool_threshold: null
    refined_mip_attacker: false
    refined_batch_size: null
attack:
  pgd_order: input_bab
  pgd_steps: 100
  pgd_restarts: 30
  pgd_batch_size: 100000000
  pgd_early_stop: true
  pgd_lr_decay: 0.99
  pgd_alpha: auto
  pgd_alpha_scale: false
  pgd_loss_mode: null
  pgd_restart_when_stuck: false
  enable_mip_attack: false
  adv_saver: default_adv_saver
  adv_verifier: default_adv_verifier
  early_stop_condition: default_early_stop_condition
  adv_example_finalizer: default_adv_example_finalizer
  pgd_loss: default_pgd_loss
  cex_path: ./test_cex.txt
  attack_mode: PGD
  attack_tolerance: 0.0
  attack_func: attack_with_general_specs
  gama_lambda: 10.0
  gama_decay: 0.9
  check_clean: true
  input_split:
    pgd_steps: 100
    pgd_restarts: 30
    pgd_alpha: auto
  input_split_enhanced:
    pgd_steps: 200
    pgd_restarts: 500000
    pgd_alpha: auto
  input_split_check_adv:
    enabled: auto
    pgd_steps: 5
    pgd_restarts: 5
    pgd_alpha: auto
    max_num_domains: 10
debug:
  sanity_check: Full+Graph
  view_model: false
  lp_test: null
  rescale_vnnlib_ptb: null
  test_optimized_bounds: false
  test_optimized_bounds_after_n_iterations: 0
  print_verbose_decisions: false

Experiments at Fri Feb 20 05:04:29 2026 on d1026
Internal results will be saved to results/vggnet16_all_p_4/result_781.rank0.txt.

[ZRL] %%%%%%%%%%%%%%%%%%%%%%%%%%%%%%%%%%% idx: 0, vnnlib ID: 0 %%%%%%%%%%%%%%%%%%%%%%%%%%%%%%%%%%%
Using onnx /projects/air/dlverifier/vggnet16_all/onnx/vgg16-7.onnx
Using vnnlib /projects/air/dlverifier/vggnet16_all/vnnlib/n02091032_Italian_greyhound_global_k50176_eps_0.0002.vnnlib
150528 inputs and 1000 outputs in vnnlib
Loading cached onnx model from /projects/air/dlverifier/vggnet16_all/onnx/vgg16-7.onnx.cached
Cannot read cached onnx file. Regenerating...
Loading onnx /projects/air/dlverifier/vggnet16_all/onnx/vgg16-7.onnx with quirks {}
Finished onnx model loading in 36.2734 seconds
Number of perturbed inputs: 150528
WARNING: prioritizing attack due to too many perturbed pixels on VGG
Setting arguments.Config["attack"]["pgd_order"] to "before"
Setting bound_prop_method to crown
Attack parameters: initialization=uniform, steps=100, restarts=30, alpha=5.000084638595581e-05, initialization=uniform, GAMA=False
Model output of first 5 examples:
 tensor([[-8.05921912e-01,  2.71221399e+00, -7.51434684e-01, -1.10288823e+00,
         -8.53331447e-01,  1.68618575e-01, -2.91781068e-01, -1.22320068e+00,
         -1.31224442e+00, -9.51262712e-01, -4.61471945e-01,  1.04179248e-01,
          1.24486245e-01, -5.70926607e-01,  4.68059570e-01,  8.10491621e-01,
         -3.58740300e-01, -1.15562570e+00, -3.39846104e-01, -8.14034522e-01,
         -7.10520923e-01, -4.75509763e-02,  5.12174405e-02, -8.54553819e-01,
          6.81107640e-02, -8.25708151e-01,  6.89275742e-01, -1.38002768e-01,
         -8.78008306e-01,  5.73916256e-01, -1.08427727e+00,  8.71722341e-01,
         -5.40626347e-01, -1.07439005e+00, -8.79839182e-01, -7.71236956e-01,
          8.77530396e-01, -1.57952559e+00, -2.68088263e-02, -9.47219312e-01,
          7.46243238e-01, -1.24091899e+00, -9.01563108e-01, -4.69004989e-01,
         -5.16631782e-01, -4.00739700e-01,  8.24469030e-01, -7.72691667e-01,
         -1.67377460e+00,  3.64363119e-02,  6.30517960e-01, -2.15599322e+00,
         -2.59147555e-01,  5.90039641e-02, -8.30194116e-01, -5.01630902e-01,
         -3.91853631e-01, -1.54048991e+00,  3.09334770e-02,  5.94557464e-01,
         -2.03633904e-02, -1.10801005e+00, -1.12071347e+00,  2.13227481e-01,
          4.66050506e-02, -7.70721734e-01, -9.14649308e-01, -8.42926741e-01,
         -1.42442715e+00, -1.67483997e+00,  6.92034841e-01,  7.03896940e-01,
          7.08395064e-01,  1.81501114e+00,  1.39387548e+00,  1.78715777e+00,
          7.68202245e-01,  2.16853547e+00,  1.37805128e+00,  1.42454493e+00,
          8.41097236e-01, -1.91462624e+00, -4.18515325e-01, -1.00612128e+00,
         -7.46492207e-01, -6.86657786e-01, -1.06549358e+00, -4.15997833e-01,
          5.98134696e-01, -1.47471619e+00,  2.66962171e-01, -6.70603633e-01,
          6.24232769e-01,  2.12430015e-01,  8.58856142e-01, -8.07236433e-01,
          8.30119610e-01, -1.13873219e+00, -1.04253136e-01, -8.41258705e-01,
          6.27805650e-01, -1.54692042e+00, -2.09064317e+00,  4.22124177e-01,
         -9.68387485e-01, -1.78042185e+00, -1.19904506e+00, -1.21786758e-01,
         -1.17742293e-01, -1.12139428e+00, -1.54417247e-01,  2.67858243e+00,
         -1.50441706e-01,  6.93518043e-01,  2.92671323e-01, -8.44133258e-01,
         -1.05600166e+00,  2.63285078e-02, -1.02641726e+00, -1.41994357e+00,
         -1.40055931e+00, -1.26042664e+00, -1.23193216e+00, -2.33410597e+00,
         -1.35241890e+00, -1.35071325e+00,  7.13100433e-01, -1.92162424e-01,
          8.55754852e-01,  3.09703588e-01,  3.75204116e-01, -6.76471174e-01,
          4.23344612e-01, -2.48136058e-01, -3.11713934e-01,  1.01093799e-01,
         -5.79804182e-01, -4.14296873e-02, -7.84744680e-01, -1.60559869e+00,
         -2.25384140e+00,  2.32537538e-02, -6.98351145e-01, -8.29707861e-01,
         -8.92663300e-01, -8.04711819e-01, -1.85070443e+00,  6.31296217e-01,
         -3.77635151e-01, -4.04347479e-01, -1.10239637e+00,  4.36431676e-01,
         -1.04100637e-01,  4.80475098e-01,  5.49380660e-01, -1.27210006e-01,
         -6.39601886e-01,  3.35610092e-01, -9.23234046e-01, -1.10245144e+00,
         -6.77909017e-01, -4.03488159e-01, -2.37503648e-02, -6.44123077e-01,
         -8.30109358e-01, -5.65096557e-01, -1.00813258e+00, -1.13197064e+00,
         -2.70837456e-01, -6.97008371e-01, -8.05343211e-01, -8.56612563e-01,
         -1.59625304e+00, -6.97054029e-01, -9.31704998e-01, -6.61084116e-01,
         -1.80782819e+00, -4.76600081e-01, -4.59861845e-01, -1.70037043e+00,
         -1.93689525e+00, -7.00144649e-01, -6.29961491e-04, -1.15311868e-01,
          1.24587588e-01, -4.27553356e-02,  1.52010098e-01,  1.09147871e+00,
         -5.41910529e-01, -3.01801443e-01, -6.97094917e-01,  8.04753363e-01,
         -5.44287145e-01, -1.06339000e-01, -4.81443524e-01,  3.94380748e-01,
         -4.12397712e-01, -9.62637305e-01, -1.32182932e+00,  4.99881446e-01,
          3.25152993e-01, -5.27780950e-01, -5.59888482e-01,  8.67975533e-01,
          3.94855022e-01, -8.62033248e-01, -9.05479789e-01, -4.73312169e-01,
         -8.89496684e-01, -1.02307320e+00, -2.07900953e+00, -4.79674250e-01,
         -4.60821748e-01, -4.85757887e-01, -3.40718031e-01, -7.55617917e-01,
         -7.59424806e-01, -5.70532918e-01, -1.11058116e+00, -4.69857574e-01,
         -4.06293541e-01,  9.17259902e-02, -6.17115796e-01,  3.19715619e-01,
          7.06462741e-01, -1.41084433e+00, -7.35144198e-01, -1.35267055e+00,
         -8.37337554e-01,  2.91007638e-01, -3.67807239e-01,  8.05668607e-02,
         -5.90897799e-01, -1.77773908e-01, -3.97777408e-01, -4.43623751e-01,
         -8.32983673e-01, -2.96590328e-01, -1.30211806e+00,  4.56506908e-02,
         -3.57075930e-01, -6.68081462e-01, -2.90754557e-01, -1.77709079e+00,
         -1.50105983e-01, -3.72239262e-01, -1.50746322e+00, -4.93774951e-01,
         -1.67614907e-01, -1.68247864e-01, -4.37881172e-01, -1.16800213e+00,
          1.08569205e+00, -1.97596252e-01,  6.90966308e-01, -1.23613560e+00,
         -6.07371271e-01,  3.02625671e-02,  1.97015435e-01,  1.49752939e+00,
          1.10730839e+00, -1.71943232e-02, -5.38303971e-01, -6.36126518e-01,
         -5.84350348e-01,  7.98032522e-01, -1.55641794e-01, -3.74366522e-01,
         -1.94373941e+00,  9.58747506e-01,  6.17334962e-01,  5.96912384e-01,
          6.05096400e-01,  4.58856761e-01,  2.25196809e-01,  4.12635989e-02,
          5.20658195e-02,  1.08843279e+00,  1.06797643e-01,  8.72363925e-01,
          6.63894713e-01,  1.30665278e+00,  1.58960319e+00,  2.83575344e+00,
          1.45106637e+00,  7.29730487e-01, -8.02319825e-01,  1.05244488e-01,
          1.12881884e-03, -5.83084941e-01, -3.81377935e-01,  1.24655016e-01,
         -3.00210148e-01,  3.82459283e-01, -5.97152889e-01, -4.19246376e-01,
          5.84173538e-02, -1.38173610e-01, -1.00582564e+00,  3.45468819e-02,
         -1.40476084e+00,  9.64618623e-01, -1.08421884e-01, -3.41619104e-02,
         -8.03851783e-02, -2.03185463e+00, -1.16725817e-01,  6.78765535e-01,
          7.43074834e-01,  2.73952127e-01,  1.89697182e+00,  1.14354396e+00,
          1.68398336e-01,  1.26371241e+00,  1.14311242e+00,  4.88829434e-01,
         -4.34462279e-02, -4.45265621e-01,  1.37038982e+00,  8.73032451e-01,
          6.04142606e-01, -1.43218613e+00, -1.19023204e+00, -5.09929180e-01,
         -1.23763359e+00, -1.28966558e+00, -9.32871819e-01, -1.40980333e-01,
         -1.18948698e+00, -1.40273201e+00, -2.61064708e-01,  6.96553528e-01,
          1.78555048e+00,  5.03345013e-01, -5.07159948e-01, -3.66658926e-01,
         -1.54568183e+00,  4.73494142e-01, -4.31848884e-01, -1.86190009e+00,
         -1.13761663e+00, -1.11060381e+00, -1.21554637e+00, -1.73870683e+00,
         -1.17253149e+00, -1.75320113e+00, -1.72018015e+00, -4.70669180e-01,
         -2.81019425e+00, -1.67182148e+00, -2.06324267e+00, -1.38206089e+00,
         -9.49103177e-01, -1.36761022e+00, -1.58862424e+00, -1.84105301e+00,
         -2.10684299e-01, -3.65076065e-02, -4.91472473e-03, -3.28676224e-01,
         -3.20935786e-01,  3.72369021e-01,  5.42822033e-02, -1.24685872e+00,
         -1.32567930e+00, -1.97050810e-01, -3.40037972e-01, -3.37294847e-01,
          3.93555537e-02, -7.64477730e-01, -3.55799973e-01, -1.21065879e+00,
         -7.33537316e-01, -1.98572680e-01, -1.42115861e-01, -1.07401371e+00,
         -1.60841038e-04,  8.53982642e-02,  1.10827312e-01, -7.98848569e-01,
          5.43655455e-01, -4.27292168e-01, -1.56145737e-01, -6.05418622e-01,
         -1.31888449e-01, -1.14281845e+00, -1.59890020e+00, -6.65725112e-01,
         -1.51875496e+00, -2.38221720e-01, -1.34876800e+00, -4.92245942e-01,
         -1.67123675e-01, -1.46304679e+00, -1.37453330e+00, -2.59118043e-02,
         -1.15054882e+00, -1.21402133e+00, -2.22960278e-01,  9.63506639e-01,
         -3.89261872e-01,  4.58603799e-02,  7.33038306e-01, -1.24997699e+00,
         -3.83952439e-01,  5.12428045e-01, -4.00741607e-01,  1.79692656e-01,
         -1.78779519e+00,  2.99678469e+00, -1.34108841e+00,  1.01206422e+00,
          2.87796587e-01,  6.10993624e-01,  4.15247113e-01, -1.73840797e+00,
          1.03606009e+00,  1.53437078e+00,  2.51983237e+00,  1.28682494e+00,
          3.72521132e-01,  4.67655003e-01, -4.65630770e-01, -4.83460605e-01,
         -1.16739511e-01,  3.07598948e-01,  1.30996954e+00, -7.40140140e-01,
         -2.09144235e-01, -5.35477221e-01, -1.17136490e+00, -5.67998469e-01,
          3.04949045e-01,  4.08715487e-01,  5.41988790e-01,  2.06469083e+00,
         -4.34434742e-01,  4.35876161e-01,  1.96891928e+00,  2.98587918e-01,
          3.26993287e-01,  1.63713467e+00,  3.04131448e-01,  1.03384066e+00,
         -1.02361631e+00, -4.64910090e-01,  2.79701710e+00, -4.78976220e-01,
         -7.57826865e-01,  5.40818982e-02, -1.34213221e+00,  2.77965546e-01,
         -4.85866517e-01,  5.43983936e-01, -1.32061195e+00, -1.44125700e-01,
         -3.25132459e-02,  1.09629428e+00, -9.38404799e-01,  6.38897181e-01,
         -1.26558816e+00, -9.75031331e-02,  1.85731184e+00,  2.23838687e-02,
          4.07931581e-02,  6.99450850e-01, -7.63438821e-01, -2.35741520e+00,
          5.08300006e-01,  2.72339255e-01,  2.34268928e+00, -9.06306863e-01,
         -5.70029616e-01,  3.32169868e-02, -1.37374091e+00,  9.72953916e-01,
         -3.83085638e-01, -1.07269216e+00, -2.05756873e-01, -7.65678287e-01,
          2.70803976e+00,  6.81939125e-01,  2.47337788e-01, -1.06163435e-01,
         -9.98521745e-01,  9.31001008e-01,  1.11590755e+00,  2.43109798e+00,
         -2.54864424e-01,  3.08197618e-01,  1.33327425e-01, -6.85964108e-01,
         -3.43307227e-01,  1.11082768e+00,  9.39138293e-01,  8.73346150e-01,
          9.78260636e-02,  1.10181522e+00,  5.52758217e-01,  1.59585392e+00,
         -1.95432699e+00,  5.82352281e-01, -8.91439974e-01,  9.40609574e-01,
          6.70069337e-01,  2.74169505e-01, -1.40629947e+00,  1.45497060e+00,
          1.39896429e+00, -2.24206853e+00, -4.04415965e-01, -6.24849260e-01,
          2.92694986e-01,  1.29485473e-01, -7.95920253e-01, -9.25214350e-01,
         -1.21719241e+00,  8.69456291e-01, -1.86513931e-01, -8.19180965e-01,
         -2.10588858e-01,  3.46965939e-01, -1.16247547e+00, -3.96245360e-01,
         -6.89073563e-01, -1.40207517e+00,  7.23506212e-01,  1.94977546e+00,
         -2.38033995e-01, -7.92254746e-01,  2.85393643e+00,  1.32589066e+00,
          4.53584850e-01, -3.30418259e-01,  2.47867322e+00, -1.82208049e+00,
         -1.07924712e+00, -9.35810685e-01,  7.11892694e-02,  1.58682871e+00,
          5.83834708e-01, -1.44627619e+00,  1.50521350e+00, -4.00769591e-01,
         -8.23410451e-01,  4.80389655e-01,  4.85216558e-01, -2.04691362e+00,
          1.17730260e+00,  2.42567945e+00, -7.11485147e-01, -2.39573643e-01,
          2.02207232e+00,  1.42237103e+00,  9.71762240e-02,  4.59762523e-04,
          4.24584866e+00,  1.58010352e+00,  7.56929338e-01,  3.28896016e-01,
         -9.73454177e-01, -4.52027231e-01,  2.88111544e+00,  8.79909992e-01,
         -3.20613027e-01,  8.63023460e-01, -3.19312274e-01,  2.63113767e-01,
          3.08761507e-01, -1.64364123e+00,  3.80989969e-01, -7.69456804e-01,
          1.05610359e+00, -1.33615482e+00, -2.17223793e-01, -1.01332092e+00,
         -1.42789197e+00,  6.14982843e-01,  7.70664930e-01,  1.02593291e+00,
          7.84567297e-01, -4.74926561e-01, -2.25470328e+00, -3.08787346e-01,
          8.78718078e-01,  1.62856686e+00, -1.09354877e+00,  8.56525362e-01,
          6.49578273e-01,  5.63845038e-01,  1.40262127e+00,  3.84880042e+00,
          2.09976435e-02,  6.08753860e-01,  3.91466916e-01, -1.08254623e+00,
          8.97738636e-01, -7.69625306e-01,  1.87706888e+00,  1.67826426e+00,
          1.29004717e+00,  3.69153291e-01,  9.56037819e-01, -2.32900000e+00,
          1.65419960e+00,  2.19967222e+00,  7.81692266e-01,  9.90861177e-01,
          5.22359431e-01, -8.39677513e-01,  6.77852273e-01,  9.81329560e-01,
         -9.55240130e-01, -4.13735062e-02,  4.86809582e-01, -8.83625373e-02,
          8.18921030e-01,  1.80599600e-01,  9.01056170e-01,  2.92368221e+00,
          2.52483106e+00, -4.81137067e-01,  9.43275332e-01,  1.26343107e+00,
         -8.73783350e-01, -9.18426037e-01,  2.10188961e+00,  2.13006973e-01,
         -1.31066191e+00,  2.11709237e+00, -8.35844934e-01,  8.71090055e-01,
          2.98222899e+00,  4.10532147e-01, -2.42451668e+00,  5.37626088e-01,
          1.11975062e+00,  1.87320970e-02, -9.42294523e-02, -1.05345383e-01,
         -1.69621193e+00,  7.44182706e-01, -6.88811600e-01,  9.81296003e-02,
          2.43092680e+00, -1.80717301e+00,  5.19976020e-01,  1.02572203e+00,
          1.88180971e+00, -1.67426753e+00,  2.18796301e+00,  3.22965074e+00,
         -1.21659899e+00, -2.57938355e-01, -8.99430275e-01,  8.95714104e-01,
         -2.81322926e-01,  1.66482913e+00, -5.11002362e-01,  2.97444016e-01,
          3.70315984e-02, -2.33187771e+00,  1.02490056e+00, -1.03141725e+00,
          3.65784359e+00, -2.06646562e-01, -5.88695168e-01, -5.98598003e-01,
         -2.73572445e-01,  2.02987385e+00, -1.72098786e-01, -6.41073644e-01,
         -3.21490616e-02,  1.57612360e+00, -4.35363263e-01, -6.09490097e-01,
         -9.89480615e-01,  9.72998857e-01,  1.52790487e-01, -5.21569073e-01,
          1.25962150e+00,  2.23805594e+00,  1.51561603e-01,  9.78991508e-01,
         -1.13784708e-02,  8.55325878e-01, -5.77140033e-01, -9.55314338e-01,
          3.20931935e+00,  2.64337867e-01, -3.21507764e+00,  2.32796133e-01,
          1.35417664e+00,  1.44976020e-01, -4.95931715e-01,  9.64077175e-01,
          1.44249380e+00,  1.39896855e-01, -2.88702518e-01,  7.11548269e-01,
          1.22654533e+00,  8.08166981e-01, -9.93155241e-02, -8.13506603e-01,
          1.46161830e+00, -1.35402799e+00, -8.67248952e-01,  1.03349543e+00,
         -3.62447351e-01,  1.29240882e+00,  1.50429741e-01,  1.88073087e+00,
          1.18946779e+00,  9.18960631e-01,  8.31474662e-01, -1.11869609e+00,
          4.98127818e-01, -1.37618542e+00,  2.78602570e-01,  1.39692985e-02,
          6.97569489e-01,  5.48983216e-01,  1.64134455e+00,  5.36509752e-01,
         -1.43196440e+00,  1.20113707e+00, -1.49973726e+00,  2.93019921e-01,
          7.60780871e-01, -4.54584599e-01, -1.97749412e+00,  1.79882550e+00,
         -2.63083689e-02,  1.37317252e+00, -1.20520186e+00,  1.51891723e-01,
          7.96788514e-01,  6.25492036e-01,  6.49281368e-02, -2.27296352e+00,
         -5.01777053e-01,  2.05029511e+00, -3.55828643e-01, -2.44995192e-01,
          1.69380438e+00,  1.80718768e+00, -1.93453282e-02,  5.95046282e-01,
          5.05353212e-01,  1.16682434e+00,  5.94947577e-01, -1.03388047e+00,
          4.54213947e-01,  2.24034953e+00,  7.41716623e-01, -1.12397313e+00,
         -1.56668171e-01, -8.53633165e-01, -5.52951515e-01,  8.11395824e-01,
          2.20094252e+00,  2.11022687e+00, -6.92008078e-01,  6.09611452e-01,
          8.73181581e-01, -1.32734478e-01,  1.00296700e+00,  1.15288079e+00,
         -1.89218307e+00,  1.71477675e+00, -1.11340261e+00,  1.89821351e+00,
          1.72382677e+00,  7.75551677e-01, -1.12708640e+00,  6.88879669e-01,
          1.04532814e+00,  2.60632366e-01, -6.07344434e-02, -4.32117939e-01,
         -7.12997794e-01,  3.16540569e-01,  3.61357594e+00,  1.16241956e+00,
          2.03950810e+00, -5.17128229e-01, -4.18696761e-01,  1.96819752e-01,
         -1.50809598e+00,  3.19735837e+00, -6.11614466e-01,  4.82006043e-01,
          5.44005275e-01,  7.46344984e-01,  4.70529461e+00,  2.70227015e-01,
          1.37634784e-01,  3.75281036e-01,  7.51450062e-01,  2.86040163e+00,
          1.62407517e-01, -6.14173710e-01,  1.23586647e-01,  3.48810405e-01,
          7.92368829e-01, -5.98483384e-01, -5.24608672e-01,  1.54413134e-01,
         -2.14489365e+00,  5.46179414e-01,  9.32915032e-01,  1.65161324e+00,
          1.37518263e+00,  9.19161141e-01, -1.93100050e-01,  2.04339314e+00,
         -5.61564080e-02, -4.46502417e-01,  2.70458102e+00,  2.06759691e+00,
         -1.42877603e+00, -6.46362066e-01, -2.06197396e-01, -5.50381094e-02,
          6.94565177e-01, -1.46004558e+00,  1.14298260e+00,  1.79869246e+00,
          1.32201254e+00, -1.02590895e+00, -9.22930360e-01,  1.27044249e+00,
         -1.47618043e+00, -1.06528926e+00,  8.64422083e-01, -1.75098729e+00,
          3.07817906e-01,  4.61662382e-01,  2.80090243e-01,  1.40578777e-01,
          1.31189382e+00, -8.36164653e-01, -4.06676345e-02,  7.08366781e-02,
          2.78375959e+00,  2.33385229e+00,  1.74146628e+00, -1.21400607e+00,
          5.82340121e-01, -1.81241080e-01, -2.11570822e-02,  3.95003605e+00,
          1.35066056e+00, -2.09944344e+00,  2.82422376e+00,  7.70610571e-01,
         -2.74632096e+00, -2.85998166e-01, -4.35554147e-01,  5.51504910e-01,
         -7.98895121e-01,  1.58697712e+00,  9.61669981e-01, -1.47207201e+00,
         -1.15263212e+00, -1.60317814e+00, -1.35426474e+00,  2.06036959e-02,
          1.68593121e+00, -1.26984373e-01, -6.86646998e-01, -1.76734194e-01,
          1.27630877e+00, -2.55607933e-01, -2.13715076e+00,  4.31340098e-01,
          1.86796856e+00,  9.07184064e-01, -7.00579166e-01,  1.41701388e+00,
          2.14312449e-01,  2.73828030e-01,  8.00364137e-01,  1.39230478e+00,
         -5.82728311e-02,  2.83813500e+00,  8.62435102e-01,  2.25995243e-01,
         -6.16534412e-01,  1.19103277e+00, -1.51898026e+00, -7.98996389e-01,
          4.34766102e+00,  1.81988478e-01,  2.70785475e+00, -7.09370494e-01,
          1.38694060e+00,  1.71119893e+00,  1.38040483e+00,  8.97558153e-01,
          9.77430195e-02, -4.11670327e-01,  1.23338687e+00,  1.31132400e+00,
          5.92646551e+00,  4.74345160e+00,  1.52799380e+00,  3.59640270e-01,
          9.22239661e-01,  2.53003627e-01, -1.05452046e-01,  1.52152681e+00,
         -1.59674466e+00, -1.05675447e+00, -4.88810509e-01, -1.63804257e+00,
          2.08161259e+00, -3.74836773e-02,  4.10604328e-01,  3.40665042e-01,
          1.79283190e+00,  2.28389192e+00,  1.10581136e+00, -4.44848329e-01,
         -2.22192264e+00,  1.73877573e+00, -3.89508843e-01, -1.15785158e+00,
         -1.36615992e+00,  7.33212829e-01, -1.19602716e+00, -1.41432834e+00,
         -1.42395639e+00, -2.07699013e+00, -1.40796185e+00, -7.25844860e-01,
         -9.68375325e-01, -7.60325253e-01, -7.34124124e-01, -7.19579518e-01,
         -7.68354833e-01, -8.17474365e-01,  1.23472258e-01, -4.17196989e-01,
         -2.67064667e+00,  3.52644980e-01, -5.53719640e-01, -7.72326291e-01,
          1.21589792e+00,  1.53395534e+00,  1.22631061e+00,  3.14170033e-01,
         -5.58345854e-01, -6.65604472e-02,  7.71865323e-02, -1.46611249e+00,
         -1.47880876e+00, -2.65126973e-02, -6.77513599e-01, -1.47581744e+00,
         -1.22850704e+00, -1.29936433e+00, -8.65888834e-01, -1.23397493e+00,
         -1.29251981e+00, -1.76246750e+00,  2.04359055e+00, -5.74016929e-01,
          1.20174360e+00,  3.01841766e-01, -8.71372879e-01,  2.59951615e+00,
         -7.50156105e-01, -5.87334812e-01,  2.16321158e+00,  1.04852629e+00,
         -9.94924545e-01, -2.78288335e-01,  3.59799922e-01, -1.04574513e+00,
          2.31003714e+00, -5.93192339e-01,  6.82919025e-01,  2.40025386e-01,
          3.58692259e-02,  1.08548915e+00, -7.90772974e-01, -1.00058876e-02,
         -9.54073429e-01,  8.54483902e-01, -9.39085484e-01, -1.04145730e+00,
         -8.72673154e-01, -2.30465412e+00, -2.10602951e+00, -1.31244814e+00,
         -1.44909573e+00, -2.82118559e+00, -8.40824097e-03,  7.75120080e-01]],
       device='cuda:0')
Adv example prediction (first 2 examples and 2 restarts):
 tensor([[[-7.71927953e-01,  2.74373221e+00, -7.40992010e-01, -1.08949351e+00,
          -8.50021601e-01,  2.02021673e-01, -2.98417270e-01, -1.22563756e+00,
          -1.30778742e+00, -9.37331676e-01, -4.61470932e-01,  8.89052749e-02,
           9.97702777e-02, -5.88578403e-01,  4.60027486e-01,  8.04054737e-01,
          -3.76363724e-01, -1.17203975e+00, -3.58679801e-01, -8.40361059e-01,
          -7.12309062e-01, -2.99290363e-02,  5.71220182e-02, -8.54678690e-01,
           7.88502991e-02, -8.06498647e-01,  7.39440024e-01, -1.04803398e-01,
          -8.57891679e-01,  6.16997838e-01, -1.07737732e+00,  8.65144074e-01,
          -5.20409524e-01, -1.04453385e+00, -8.58747423e-01, -7.53383458e-01,
           8.86542082e-01, -1.58209527e+00,  2.88875587e-03, -9.36850071e-01,
           7.29480088e-01, -1.20287263e+00, -8.89133632e-01, -4.57414985e-01,
          -5.03990710e-01, -3.81280065e-01,  8.10326159e-01, -7.60357559e-01,
          -1.65801215e+00,  3.43399122e-02,  6.32130504e-01, -2.13879895e+00,
          -2.45283276e-01,  6.01306111e-02, -8.34954202e-01, -5.07094324e-01,
          -3.89496028e-01, -1.52393997e+00,  3.79753262e-02,  5.84000289e-01,
          -1.50509030e-02, -1.11907840e+00, -1.11067307e+00,  2.36485913e-01,
           5.38538918e-02, -7.48860061e-01, -8.92998397e-01, -8.56211841e-01,
          -1.41065753e+00, -1.66671062e+00,  6.92122996e-01,  7.00243592e-01,
           7.11122155e-01,  1.83780837e+00,  1.39681947e+00,  1.79990697e+00,
           7.85416543e-01,  2.18263459e+00,  1.39349532e+00,  1.44043005e+00,
           8.60009134e-01, -1.90808618e+00, -4.00127053e-01, -9.87329185e-01,
          -7.29925096e-01, -7.00911880e-01, -1.05017149e+00, -4.25507545e-01,
           6.03184044e-01, -1.49022889e+00,  2.79459983e-01, -6.71120644e-01,
           6.22052193e-01,  2.16198355e-01,  8.52418602e-01, -7.87495852e-01,
           8.36381078e-01, -1.13831520e+00, -8.20821077e-02, -8.44166398e-01,
           6.35811031e-01, -1.53162742e+00, -2.08369327e+00,  4.52336729e-01,
          -9.65852499e-01, -1.76903248e+00, -1.18834543e+00, -1.06908053e-01,
          -1.15795046e-01, -1.10999048e+00, -1.18570797e-01,  2.72162747e+00,
          -1.71048552e-01,  7.00099170e-01,  3.01111221e-01, -8.19794655e-01,
          -1.01221550e+00,  2.51983814e-02, -1.02675498e+00, -1.39020562e+00,
          -1.40864456e+00, -1.22839272e+00, -1.23015678e+00, -2.31392121e+00,
          -1.34550381e+00, -1.35806727e+00,  7.63722062e-01, -1.80192709e-01,
           8.74270558e-01,  3.00664842e-01,  3.77206564e-01, -6.74994469e-01,
           4.14567888e-01, -2.50330746e-01, -3.20454627e-01,  9.97792631e-02,
          -5.80718815e-01, -5.79268970e-02, -7.74149418e-01, -1.60498142e+00,
          -2.26508141e+00,  9.37989820e-03, -7.05729008e-01, -8.26020360e-01,
          -9.01069522e-01, -7.96788871e-01, -1.85212982e+00,  6.72042906e-01,
          -3.54623348e-01, -3.65180612e-01, -1.08907580e+00,  4.35303122e-01,
          -4.74747941e-02,  5.07066488e-01,  5.86462855e-01, -9.87677947e-02,
          -6.22875750e-01,  3.65032345e-01, -9.09887195e-01, -1.10120213e+00,
          -6.27079308e-01, -4.17021275e-01, -2.57862806e-02, -6.25685930e-01,
          -8.26492012e-01, -5.50791502e-01, -1.00359106e+00, -1.10112333e+00,
          -2.63224483e-01, -6.72518790e-01, -7.61738837e-01, -8.91822219e-01,
          -1.61053693e+00, -6.81193531e-01, -9.23140407e-01, -5.89750111e-01,
          -1.76808405e+00, -4.37435448e-01, -4.71392602e-01, -1.68553734e+00,
          -1.92853677e+00, -6.76054060e-01,  3.81044373e-02, -9.49668661e-02,
           1.38030797e-01, -8.50968249e-03,  1.88139185e-01,  1.12836754e+00,
          -4.83827233e-01, -2.65429318e-01, -6.44736409e-01,  8.27461123e-01,
          -5.10530651e-01, -5.02789952e-02, -4.17557985e-01,  3.89183730e-01,
          -3.83330643e-01, -9.13553536e-01, -1.28106499e+00,  5.39873481e-01,
           3.92789900e-01, -5.02027333e-01, -5.31664073e-01,  8.80437315e-01,
           4.26145434e-01, -8.21585119e-01, -8.70536089e-01, -4.42479998e-01,
          -8.73273075e-01, -1.02110767e+00, -2.05954933e+00, -4.67792273e-01,
          -4.30387855e-01, -4.62500811e-01, -2.94987023e-01, -7.43046641e-01,
          -7.25209594e-01, -5.68084717e-01, -1.09742403e+00, -4.46558952e-01,
          -3.62103403e-01,  1.33030638e-01, -5.84022939e-01,  3.26431692e-01,
           7.41416037e-01, -1.39930224e+00, -6.70559406e-01, -1.33162391e+00,
          -8.06046307e-01,  3.32081795e-01, -3.48155767e-01,  1.22014903e-01,
          -5.62456667e-01, -1.34986863e-01, -3.90471011e-01, -4.12833005e-01,
          -8.24818790e-01, -3.10359955e-01, -1.28369427e+00,  7.44695961e-02,
          -3.36494565e-01, -6.49546742e-01, -2.87200809e-01, -1.76646280e+00,
          -8.00269619e-02, -3.86261523e-01, -1.49196696e+00, -4.62863088e-01,
          -1.44810468e-01, -1.50271878e-01, -4.26832378e-01, -1.17295623e+00,
           1.16470492e+00, -2.03191578e-01,  6.98789239e-01, -1.20578182e+00,
          -5.59669435e-01,  5.82107082e-02,  2.12102592e-01,  1.52063060e+00,
           1.14779568e+00,  8.18938762e-03, -4.86924618e-01, -6.39328659e-01,
          -5.83455205e-01,  8.09141636e-01, -1.37358099e-01, -3.54138196e-01,
          -1.93356800e+00,  9.93395865e-01,  6.46243930e-01,  6.28650010e-01,
           6.34078324e-01,  4.89098281e-01,  2.48435795e-01,  6.31581545e-02,
           6.71385378e-02,  1.10105360e+00,  1.07292332e-01,  8.96957397e-01,
           6.83822274e-01,  1.31704366e+00,  1.59941578e+00,  2.85547447e+00,
           1.44085979e+00,  7.24670589e-01, -7.88022220e-01,  1.18612260e-01,
           1.89420544e-02, -5.62789440e-01, -3.63576710e-01,  1.61543757e-01,
          -2.72612363e-01,  3.87440652e-01, -5.61666787e-01, -3.95770222e-01,
           8.08707178e-02, -8.66723880e-02, -9.97567117e-01,  3.77294719e-02,
          -1.38576353e+00,  9.57690895e-01, -7.84455091e-02, -3.37582678e-02,
          -6.79434687e-02, -2.03373909e+00, -1.22874066e-01,  6.81170166e-01,
           7.39206314e-01,  2.71675974e-01,  1.89442527e+00,  1.13575840e+00,
           1.67887703e-01,  1.26574385e+00,  1.14342749e+00,  4.66345370e-01,
          -2.94300485e-02, -4.39415723e-01,  1.37609708e+00,  8.60072136e-01,
           5.83993077e-01, -1.42146742e+00, -1.17997015e+00, -5.07990122e-01,
          -1.23597252e+00, -1.28610802e+00, -9.33985233e-01, -1.21111661e-01,
          -1.17785704e+00, -1.35788894e+00, -2.47574463e-01,  7.20482647e-01,
           1.81758618e+00,  4.83655393e-01, -4.58834082e-01, -3.28475773e-01,
          -1.53978753e+00,  4.92989033e-01, -4.15078223e-01, -1.85574520e+00,
          -1.13144147e+00, -1.08796489e+00, -1.18827510e+00, -1.71781945e+00,
          -1.17468083e+00, -1.72649097e+00, -1.71985149e+00, -4.52158540e-01,
          -2.81318235e+00, -1.66813099e+00, -2.05215836e+00, -1.36514914e+00,
          -9.55251336e-01, -1.35172582e+00, -1.59351385e+00, -1.81366980e+00,
          -1.96413770e-01, -1.29325073e-02,  1.76933166e-02, -3.04905415e-01,
          -3.03963542e-01,  4.25349712e-01,  7.88978785e-02, -1.24444091e+00,
          -1.30050766e+00, -1.41490281e-01, -2.91699529e-01, -2.97232896e-01,
           8.56685713e-02, -7.16457963e-01, -3.18538249e-01, -1.16766071e+00,
          -7.02068567e-01, -1.73517674e-01, -1.13739848e-01, -1.04098189e+00,
           1.95873994e-02,  1.13855071e-01,  1.15569487e-01, -7.62248695e-01,
           5.81519008e-01, -3.93351108e-01, -1.40039623e-01, -5.97371221e-01,
          -9.52405035e-02, -1.14198589e+00, -1.58974707e+00, -6.27363205e-01,
          -1.50728393e+00, -2.08939046e-01, -1.32632804e+00, -4.74991471e-01,
          -1.08232208e-01, -1.48007965e+00, -1.34712946e+00, -1.74536905e-03,
          -1.14248741e+00, -1.20170975e+00, -2.32958660e-01,  9.27076042e-01,
          -3.99274886e-01,  1.35561097e-02,  6.86480999e-01, -1.24936163e+00,
          -3.97288144e-01,  5.09471655e-01, -4.27131295e-01,  2.05091566e-01,
          -1.76798749e+00,  3.03014374e+00, -1.34576440e+00,  9.73618209e-01,
           2.73880661e-01,  6.04607761e-01,  3.98044050e-01, -1.75002789e+00,
           1.02910578e+00,  1.51844823e+00,  2.51912618e+00,  1.28220999e+00,
           3.50541562e-01,  4.26813126e-01, -4.61439967e-01, -5.22637904e-01,
          -1.25409618e-01,  2.91080147e-01,  1.32593870e+00, -7.44531214e-01,
          -2.15046495e-01, -5.39623559e-01, -1.17018008e+00, -6.24193192e-01,
           2.89013535e-01,  3.90344530e-01,  5.19473135e-01,  2.01876855e+00,
          -4.27656442e-01,  4.15604025e-01,  1.98074996e+00,  3.36085737e-01,
           3.24744493e-01,  1.64304709e+00,  3.11657816e-01,  1.00549304e+00,
          -1.02836132e+00, -4.64929223e-01,  2.77564526e+00, -5.00979900e-01,
          -7.94545472e-01,  4.47748713e-02, -1.33238173e+00,  2.71378905e-01,
          -5.18345535e-01,  5.12618780e-01, -1.34063387e+00, -1.56602472e-01,
          -3.48350406e-02,  1.06114876e+00, -9.48355198e-01,  6.15644693e-01,
          -1.28322697e+00, -1.00705966e-01,  1.83938932e+00, -4.67658788e-03,
           3.50431576e-02,  7.04075098e-01, -7.81143904e-01, -2.37390447e+00,
           5.12751043e-01,  3.00261647e-01,  2.32189178e+00, -9.29212213e-01,
          -5.76603234e-01,  9.68919415e-03, -1.39568019e+00,  9.63831782e-01,
          -3.90382349e-01, -1.06323767e+00, -2.39342198e-01, -7.66993642e-01,
           2.72589588e+00,  6.92114472e-01,  2.68135369e-01, -1.05293997e-01,
          -1.01562262e+00,  9.32579637e-01,  1.07216847e+00,  2.43536067e+00,
          -2.47910410e-01,  3.08157444e-01,  1.28736898e-01, -6.59270883e-01,
          -3.74776095e-01,  1.09962153e+00,  9.25308347e-01,  8.70940924e-01,
           1.06062084e-01,  1.09140956e+00,  5.36293447e-01,  1.57699907e+00,
          -1.97305310e+00,  5.48323691e-01, -8.92248094e-01,  9.19051588e-01,
           6.57291591e-01,  2.45907307e-01, -1.39976287e+00,  1.46078098e+00,
           1.38256299e+00, -2.26687169e+00, -4.05279279e-01, -6.27059400e-01,
           2.82989293e-01,  1.05084389e-01, -8.19736719e-01, -9.57151353e-01,
          -1.28563285e+00,  8.42836976e-01, -1.99333206e-01, -8.45441878e-01,
          -2.88320750e-01,  3.39482993e-01, -1.15477014e+00, -4.26759034e-01,
          -7.10433543e-01, -1.40767622e+00,  6.81572080e-01,  1.91675842e+00,
          -2.46420085e-01, -8.16917896e-01,  2.87260699e+00,  1.34304941e+00,
           4.10681129e-01, -3.46665710e-01,  2.45588207e+00, -1.82562959e+00,
          -1.10311854e+00, -9.09922779e-01,  5.67965657e-02,  1.60252118e+00,
           5.95066130e-01, -1.47071123e+00,  1.48720074e+00, -4.30750608e-01,
          -8.18668485e-01,  4.36515927e-01,  4.56349581e-01, -2.03589487e+00,
           1.18974411e+00,  2.39030290e+00, -7.29000449e-01, -2.43024930e-01,
           2.02793598e+00,  1.40385377e+00,  1.12021223e-01,  2.11319346e-02,
           4.24318695e+00,  1.55227602e+00,  7.37480164e-01,  2.91603833e-01,
          -9.87130225e-01, -4.66896862e-01,  2.88451004e+00,  8.66662323e-01,
          -3.78860682e-01,  8.22839260e-01, -3.31775010e-01,  2.81902701e-01,
           3.00017625e-01, -1.63071060e+00,  3.58519793e-01, -7.57983863e-01,
           1.04442036e+00, -1.32624531e+00, -2.05346823e-01, -1.02685368e+00,
          -1.43274939e+00,  6.08912647e-01,  7.31501698e-01,  9.78484213e-01,
           7.68406153e-01, -4.94944155e-01, -2.26584268e+00, -3.09140205e-01,
           8.96467745e-01,  1.63561451e+00, -1.08280706e+00,  8.35536122e-01,
           5.98562300e-01,  5.40196478e-01,  1.43683243e+00,  3.83414936e+00,
           1.61958337e-02,  5.91339767e-01,  3.55421185e-01, -1.07253408e+00,
           8.95051956e-01, -7.88288474e-01,  1.83193934e+00,  1.68936193e+00,
           1.25082886e+00,  3.45230192e-01,  9.51435804e-01, -2.32335162e+00,
           1.65035772e+00,  2.18079090e+00,  7.24940658e-01,  9.91903067e-01,
           5.04395902e-01, -8.38437915e-01,  6.76378489e-01,  9.87129688e-01,
          -9.61777806e-01, -5.02413325e-02,  4.38402325e-01, -7.66642615e-02,
           8.29783738e-01,  1.40389204e-01,  8.78110886e-01,  2.84576035e+00,
           2.47858047e+00, -4.72254962e-01,  9.18889642e-01,  1.26775110e+00,
          -8.93784523e-01, -9.13416505e-01,  2.09616685e+00,  2.18480408e-01,
          -1.32437003e+00,  2.11305475e+00, -8.43107104e-01,  8.65057707e-01,
           2.97797132e+00,  4.20989424e-01, -2.43226576e+00,  5.70591033e-01,
           1.10857928e+00,  1.33254193e-02, -1.10922478e-01, -1.27484828e-01,
          -1.68377364e+00,  7.51792729e-01, -7.40275204e-01,  7.82040209e-02,
           2.41542387e+00, -1.80904746e+00,  5.40736735e-01,  1.01862001e+00,
           1.86084080e+00, -1.68743765e+00,  2.16137815e+00,  3.24516129e+00,
          -1.25129116e+00, -2.52377540e-01, -8.85238945e-01,  8.73429179e-01,
          -2.78143704e-01,  1.66938722e+00, -4.92114246e-01,  2.75669247e-01,
           4.04481962e-02, -2.32168388e+00,  1.01501489e+00, -1.02598369e+00,
           3.63306832e+00, -2.21724182e-01, -5.91042936e-01, -6.10649943e-01,
          -2.87485182e-01,  1.97907984e+00, -1.88975051e-01, -6.37163818e-01,
          -6.08651116e-02,  1.54255366e+00, -4.42202061e-01, -5.92316151e-01,
          -9.59900618e-01,  9.63526189e-01,  1.52150482e-01, -5.39620757e-01,
           1.26733351e+00,  2.18770337e+00,  1.32467940e-01,  9.73689377e-01,
          -3.47632915e-04,  9.03964043e-01, -5.74694932e-01, -9.94367182e-01,
           3.23939848e+00,  2.42592603e-01, -3.20617104e+00,  2.43634835e-01,
           1.36065340e+00,  1.31608143e-01, -4.88077343e-01,  9.36697423e-01,
           1.41998553e+00,  8.23689327e-02, -2.77515888e-01,  6.86268687e-01,
           1.20848811e+00,  7.80939996e-01, -1.09929942e-01, -8.43640924e-01,
           1.42995071e+00, -1.34780931e+00, -9.08610046e-01,  1.03660429e+00,
          -3.78853470e-01,  1.25457299e+00,  1.41969845e-01,  1.86096501e+00,
           1.21935856e+00,  8.91395807e-01,  8.30675423e-01, -1.10668707e+00,
           4.71496880e-01, -1.37310362e+00,  2.62209028e-01, -1.73031576e-02,
           6.91299558e-01,  5.20955741e-01,  1.62997520e+00,  5.12206078e-01,
          -1.44618177e+00,  1.16544247e+00, -1.49616361e+00,  2.70169884e-01,
           7.38217115e-01, -4.75433052e-01, -1.97135222e+00,  1.78007710e+00,
          -3.36233638e-02,  1.35802138e+00, -1.18860030e+00,  1.39110729e-01,
           7.73343742e-01,  6.23022199e-01,  7.41669759e-02, -2.27415013e+00,
          -5.03366530e-01,  2.06455588e+00, -3.86175036e-01, -2.72119105e-01,
           1.70692551e+00,  1.77116072e+00,  4.34759259e-03,  5.80655038e-01,
           4.90314960e-01,  1.17080998e+00,  5.47347367e-01, -1.03303111e+00,
           4.53584313e-01,  2.19385862e+00,  7.33740330e-01, -1.13173699e+00,
          -1.67286903e-01, -8.57693315e-01, -5.68156958e-01,  8.01898599e-01,
           2.16805410e+00,  2.10930085e+00, -7.24675477e-01,  5.94080329e-01,
           8.45134854e-01, -1.81448653e-01,  1.01736045e+00,  1.13007247e+00,
          -1.88850713e+00,  1.70392561e+00, -1.13325739e+00,  1.89557362e+00,
           1.71370947e+00,  7.47462630e-01, -1.16916037e+00,  6.49567902e-01,
           1.03196132e+00,  2.42523640e-01, -6.67340159e-02, -4.26872015e-01,
          -7.36067653e-01,  3.43875676e-01,  3.61652803e+00,  1.15982199e+00,
           2.03022766e+00, -5.38458526e-01, -4.66419369e-01,  2.09677696e-01,
          -1.52310753e+00,  3.15817809e+00, -6.38409853e-01,  4.54086661e-01,
           5.31390071e-01,  7.05429435e-01,  4.62790346e+00,  2.70030856e-01,
           1.32207334e-01,  3.39980364e-01,  7.39324570e-01,  2.80746603e+00,
           1.72066644e-01, -6.09562814e-01,  1.33910641e-01,  3.89021069e-01,
           7.65252471e-01, -5.84070563e-01, -5.50672114e-01,  1.44261748e-01,
          -2.15559316e+00,  5.40779710e-01,  9.31987941e-01,  1.62865865e+00,
           1.37367296e+00,  8.98189008e-01, -1.64745927e-01,  2.04193926e+00,
          -7.09525943e-02, -4.54305977e-01,  2.66467810e+00,  2.02962279e+00,
          -1.40293944e+00, -6.48818493e-01, -2.16370746e-01, -8.68555158e-02,
           6.81211650e-01, -1.46129143e+00,  1.16587317e+00,  1.79000819e+00,
           1.31976020e+00, -1.02039719e+00, -9.53575850e-01,  1.22045898e+00,
          -1.48934376e+00, -1.04897892e+00,  8.29699457e-01, -1.75414717e+00,
           2.85005778e-01,  4.26006436e-01,  2.93752462e-01,  1.18774638e-01,
           1.28641808e+00, -8.53055596e-01, -6.63025975e-02,  5.65595478e-02,
           2.78021646e+00,  2.31430244e+00,  1.68193185e+00, -1.21212971e+00,
           5.98049462e-01, -2.18072206e-01, -3.83949094e-02,  3.94529414e+00,
           1.37390852e+00, -2.10968733e+00,  2.75232124e+00,  7.84094870e-01,
          -2.71256518e+00, -3.09717625e-01, -4.81184989e-01,  5.00527620e-01,
          -7.86668718e-01,  1.55356848e+00,  9.42646801e-01, -1.48847818e+00,
          -1.12982416e+00, -1.59887028e+00, -1.34200919e+00,  9.96632315e-03,
           1.67837036e+00, -1.70263574e-01, -6.92846239e-01, -1.82082862e-01,
           1.23892987e+00, -2.61308789e-01, -2.11555839e+00,  4.14344400e-01,
           1.83084488e+00,  9.00079906e-01, -7.05095172e-01,  1.36812735e+00,
           2.00427622e-01,  2.59985894e-01,  7.56940424e-01,  1.36531723e+00,
          -7.92586207e-02,  2.82426405e+00,  8.70158255e-01,  1.85544074e-01,
          -6.16231561e-01,  1.14743030e+00, -1.52249718e+00, -8.04484606e-01,
           4.33916759e+00,  1.77642763e-01,  2.65464354e+00, -7.04613566e-01,
           1.35279179e+00,  1.70335817e+00,  1.35546255e+00,  8.56172919e-01,
           6.81458265e-02, -3.85644913e-01,  1.23495877e+00,  1.32396305e+00,
           5.93164206e+00,  4.64909697e+00,  1.52794707e+00,  3.44838053e-01,
           9.11684632e-01,  2.50624746e-01, -1.27037629e-01,  1.53518200e+00,
          -1.59557688e+00, -1.06472075e+00, -4.79457796e-01, -1.66760194e+00,
           2.07823658e+00, -4.12413925e-02,  3.99573803e-01,  3.35949033e-01,
           1.79698730e+00,  2.28834844e+00,  1.09013212e+00, -4.49203223e-01,
          -2.21369648e+00,  1.77356601e+00, -3.65938783e-01, -1.16085029e+00,
          -1.38958907e+00,  7.10670769e-01, -1.20800543e+00, -1.42252326e+00,
          -1.41724026e+00, -2.09887457e+00, -1.40256023e+00, -7.32058704e-01,
          -9.48831797e-01, -7.50286222e-01, -7.28462338e-01, -6.85587883e-01,
          -7.41988897e-01, -7.95854390e-01,  1.21816412e-01, -3.99184078e-01,
          -2.65749073e+00,  3.46830875e-01, -5.30385017e-01, -7.98667729e-01,
           1.21944427e+00,  1.54819894e+00,  1.20659578e+00,  3.06753397e-01,
          -5.50677657e-01, -8.20574984e-02,  3.27027291e-02, -1.46761739e+00,
          -1.47595406e+00, -3.75390500e-02, -6.96016431e-01, -1.47751021e+00,
          -1.24303806e+00, -1.32375109e+00, -8.68502259e-01, -1.24792123e+00,
          -1.30252361e+00, -1.77512467e+00,  2.02960348e+00, -5.92322350e-01,
           1.17024970e+00,  2.96408504e-01, -8.74202192e-01,  2.57830811e+00,
          -7.51594961e-01, -5.57164669e-01,  2.19271660e+00,  1.06072164e+00,
          -9.88595486e-01, -2.85799533e-01,  3.45270753e-01, -1.02312517e+00,
           2.33743215e+00, -5.89020967e-01,  6.30008698e-01,  2.40835518e-01,
           4.36850041e-02,  1.07140887e+00, -7.84419060e-01, -5.57434186e-03,
          -9.60537791e-01,  8.70204449e-01, -9.26345229e-01, -1.03182030e+00,
          -8.76872778e-01, -2.29671741e+00, -2.09366703e+00, -1.29652929e+00,
          -1.43201065e+00, -2.81627893e+00, -5.19325584e-03,  7.20166743e-01]]],
       device='cuda:0')
PGD attack margin (first 2 examples and 10 specs):
 tensor([[[0.87626183]]], device='cuda:0')
number of violation:  0
Attack finished in 7.9451 seconds.
PGD attack failed
verified_status unknown
verified_success False
Total VNNLIB file length: 1, max property batch size: 1, total number of batches: 1

Properties batch 0, size 1
Remaining timeout: 1153.4342591762543
Verifying property 0 with 1 instances.
torch allclose failed: norm 8.889588571037166e-06
Model: BoundedModule(
  (/input-1): BoundInput(name=/input-1, inputs=[], perturbed=True)
  (/33): BoundParams(name=/33, inputs=[], perturbed=False)
  (/34): BoundParams(name=/34, inputs=[], perturbed=False)
  (/35): BoundParams(name=/35, inputs=[], perturbed=False)
  (/36): BoundParams(name=/36, inputs=[], perturbed=False)
  (/37): BoundParams(name=/37, inputs=[], perturbed=False)
  (/38): BoundParams(name=/38, inputs=[], perturbed=False)
  (/39): BoundParams(name=/39, inputs=[], perturbed=False)
  (/40): BoundParams(name=/40, inputs=[], perturbed=False)
  (/41): BoundParams(name=/41, inputs=[], perturbed=False)
  (/42): BoundParams(name=/42, inputs=[], perturbed=False)
  (/43): BoundParams(name=/43, inputs=[], perturbed=False)
  (/44): BoundParams(name=/44, inputs=[], perturbed=False)
  (/45): BoundParams(name=/45, inputs=[], perturbed=False)
  (/46): BoundParams(name=/46, inputs=[], perturbed=False)
  (/47): BoundParams(name=/47, inputs=[], perturbed=False)
  (/48): BoundParams(name=/48, inputs=[], perturbed=False)
  (/49): BoundParams(name=/49, inputs=[], perturbed=False)
  (/50): BoundParams(name=/50, inputs=[], perturbed=False)
  (/51): BoundParams(name=/51, inputs=[], perturbed=False)
  (/52): BoundParams(name=/52, inputs=[], perturbed=False)
  (/53): BoundParams(name=/53, inputs=[], perturbed=False)
  (/54): BoundParams(name=/54, inputs=[], perturbed=False)
  (/55): BoundParams(name=/55, inputs=[], perturbed=False)
  (/56): BoundParams(name=/56, inputs=[], perturbed=False)
  (/57): BoundParams(name=/57, inputs=[], perturbed=False)
  (/58): BoundParams(name=/58, inputs=[], perturbed=False)
  (/59): BoundParams(name=/59, inputs=[], perturbed=False)
  (/60): BoundParams(name=/60, inputs=[], perturbed=False)
  (/61): BoundParams(name=/61, inputs=[], perturbed=False)
  (/62): BoundParams(name=/62, inputs=[], perturbed=False)
  (/63): BoundParams(name=/63, inputs=[], perturbed=False)
  (/64): BoundParams(name=/64, inputs=[], perturbed=False)
  (/input): BoundConv(name=/input, inputs=[/input-1, /33, /34], perturbed=True)
  (/66): BoundRelu(name=/66, inputs=[/input], perturbed=True)
  (/input-4): BoundConv(name=/input-4, inputs=[/66, /35, /36], perturbed=True)
  (/68): BoundRelu(name=/68, inputs=[/input-4], perturbed=True)
  (/input-12): BoundConv(name=/input-12, inputs=[/input-8/add_3_4, /37, /38], perturbed=True)
  (/71): BoundRelu(name=/71, inputs=[/input-12], perturbed=True)
  (/input-16): BoundConv(name=/input-16, inputs=[/71, /39, /40], perturbed=True)
  (/73): BoundRelu(name=/73, inputs=[/input-16], perturbed=True)
  (/input-24): BoundConv(name=/input-24, inputs=[/input-20/add_3_4, /41, /42], perturbed=True)
  (/76): BoundRelu(name=/76, inputs=[/input-24], perturbed=True)
  (/input-28): BoundConv(name=/input-28, inputs=[/76, /43, /44], perturbed=True)
  (/78): BoundRelu(name=/78, inputs=[/input-28], perturbed=True)
  (/input-32): BoundConv(name=/input-32, inputs=[/78, /45, /46], perturbed=True)
  (/80): BoundRelu(name=/80, inputs=[/input-32], perturbed=True)
  (/input-40): BoundConv(name=/input-40, inputs=[/input-36/add_3_4, /47, /48], perturbed=True)
  (/83): BoundRelu(name=/83, inputs=[/input-40], perturbed=True)
  (/input-44): BoundConv(name=/input-44, inputs=[/83, /49, /50], perturbed=True)
  (/85): BoundRelu(name=/85, inputs=[/input-44], perturbed=True)
  (/input-48): BoundConv(name=/input-48, inputs=[/85, /51, /52], perturbed=True)
  (/87): BoundRelu(name=/87, inputs=[/input-48], perturbed=True)
  (/input-56): BoundConv(name=/input-56, inputs=[/input-52/add_3_4, /53, /54], perturbed=True)
  (/90): BoundRelu(name=/90, inputs=[/input-56], perturbed=True)
  (/input-60): BoundConv(name=/input-60, inputs=[/90, /55, /56], perturbed=True)
  (/92): BoundRelu(name=/92, inputs=[/input-60], perturbed=True)
  (/input-64): BoundConv(name=/input-64, inputs=[/92, /57, /58], perturbed=True)
  (/94): BoundRelu(name=/94, inputs=[/input-64], perturbed=True)
  (/96): BoundFlatten(name=/96, inputs=[/95/add_3_4], perturbed=True)
  (/input-68): BoundLinear(name=/input-68, inputs=[/96, /59, /60], perturbed=True)
  (/98): BoundRelu(name=/98, inputs=[/input-68], perturbed=True)
  (/99): BoundFlatten(name=/99, inputs=[/98], perturbed=True)
  (/input-72): BoundLinear(name=/input-72, inputs=[/99, /61, /62], perturbed=True)
  (/101): BoundRelu(name=/101, inputs=[/input-72], perturbed=True)
  (/102): BoundFlatten(name=/102, inputs=[/101], perturbed=True)
  (/103): BoundLinear(name=/103, inputs=[/102, /63, /64], perturbed=True)
  (/input-8/conv_1): BoundConv(name=/input-8/conv_1, inputs=[/68, /input-8/conv_1_w], perturbed=True)
  (/input-8/conv_1_relu): BoundRelu(name=/input-8/conv_1_relu, inputs=[/input-8/conv_1], perturbed=True)
  (/input-8/conv_1_w): BoundParams(name=/input-8/conv_1_w, inputs=[], perturbed=False)
  (/input-8/conv_2): BoundConv(name=/input-8/conv_2, inputs=[/68, /input-8/conv_2_w], perturbed=True)
  (/input-8/conv_2_w): BoundParams(name=/input-8/conv_2_w, inputs=[], perturbed=False)
  (/input-8/conv_3): BoundConv(name=/input-8/conv_3, inputs=[/input-8/add_1_2, /input-8/conv_3_w], perturbed=True)
  (/input-8/conv_3_relu): BoundRelu(name=/input-8/conv_3_relu, inputs=[/input-8/conv_3], perturbed=True)
  (/input-8/conv_3_w): BoundParams(name=/input-8/conv_3_w, inputs=[], perturbed=False)
  (/input-8/conv_4): BoundConv(name=/input-8/conv_4, inputs=[/input-8/add_1_2, /input-8/conv_4_w], perturbed=True)
  (/input-8/conv_4_w): BoundParams(name=/input-8/conv_4_w, inputs=[], perturbed=False)
  (/input-8/add_1_2): BoundAdd(name=/input-8/add_1_2, inputs=[/input-8/conv_1_relu, /input-8/conv_2], perturbed=True)
  (/input-8/add_3_4): BoundAdd(name=/input-8/add_3_4, inputs=[/input-8/conv_3_relu, /input-8/conv_4], perturbed=True)
  (/input-20/conv_1): BoundConv(name=/input-20/conv_1, inputs=[/73, /input-20/conv_1_w], perturbed=True)
  (/input-20/conv_1_relu): BoundRelu(name=/input-20/conv_1_relu, inputs=[/input-20/conv_1], perturbed=True)
  (/input-20/conv_1_w): BoundParams(name=/input-20/conv_1_w, inputs=[], perturbed=False)
  (/input-20/conv_2): BoundConv(name=/input-20/conv_2, inputs=[/73, /input-20/conv_2_w], perturbed=True)
  (/input-20/conv_2_w): BoundParams(name=/input-20/conv_2_w, inputs=[], perturbed=False)
  (/input-20/conv_3): BoundConv(name=/input-20/conv_3, inputs=[/input-20/add_1_2, /input-20/conv_3_w], perturbed=True)
  (/input-20/conv_3_relu): BoundRelu(name=/input-20/conv_3_relu, inputs=[/input-20/conv_3], perturbed=True)
  (/input-20/conv_3_w): BoundParams(name=/input-20/conv_3_w, inputs=[], perturbed=False)
  (/input-20/conv_4): BoundConv(name=/input-20/conv_4, inputs=[/input-20/add_1_2, /input-20/conv_4_w], perturbed=True)
  (/input-20/conv_4_w): BoundParams(name=/input-20/conv_4_w, inputs=[], perturbed=False)
  (/input-20/add_1_2): BoundAdd(name=/input-20/add_1_2, inputs=[/input-20/conv_1_relu, /input-20/conv_2], perturbed=True)
  (/input-20/add_3_4): BoundAdd(name=/input-20/add_3_4, inputs=[/input-20/conv_3_relu, /input-20/conv_4], perturbed=True)
  (/input-36/conv_1): BoundConv(name=/input-36/conv_1, inputs=[/80, /input-36/conv_1_w], perturbed=True)
  (/input-36/conv_1_relu): BoundRelu(name=/input-36/conv_1_relu, inputs=[/input-36/conv_1], perturbed=True)
  (/input-36/conv_1_w): BoundParams(name=/input-36/conv_1_w, inputs=[], perturbed=False)
  (/input-36/conv_2): BoundConv(name=/input-36/conv_2, inputs=[/80, /input-36/conv_2_w], perturbed=True)
  (/input-36/conv_2_w): BoundParams(name=/input-36/conv_2_w, inputs=[], perturbed=False)
  (/input-36/conv_3): BoundConv(name=/input-36/conv_3, inputs=[/input-36/add_1_2, /input-36/conv_3_w], perturbed=True)
  (/input-36/conv_3_relu): BoundRelu(name=/input-36/conv_3_relu, inputs=[/input-36/conv_3], perturbed=True)
  (/input-36/conv_3_w): BoundParams(name=/input-36/conv_3_w, inputs=[], perturbed=False)
  (/input-36/conv_4): BoundConv(name=/input-36/conv_4, inputs=[/input-36/add_1_2, /input-36/conv_4_w], perturbed=True)
  (/input-36/conv_4_w): BoundParams(name=/input-36/conv_4_w, inputs=[], perturbed=False)
  (/input-36/add_1_2): BoundAdd(name=/input-36/add_1_2, inputs=[/input-36/conv_1_relu, /input-36/conv_2], perturbed=True)
  (/input-36/add_3_4): BoundAdd(name=/input-36/add_3_4, inputs=[/input-36/conv_3_relu, /input-36/conv_4], perturbed=True)
  (/input-52/conv_1): BoundConv(name=/input-52/conv_1, inputs=[/87, /input-52/conv_1_w], perturbed=True)
  (/input-52/conv_1_relu): BoundRelu(name=/input-52/conv_1_relu, inputs=[/input-52/conv_1], perturbed=True)
  (/input-52/conv_1_w): BoundParams(name=/input-52/conv_1_w, inputs=[], perturbed=False)
  (/input-52/conv_2): BoundConv(name=/input-52/conv_2, inputs=[/87, /input-52/conv_2_w], perturbed=True)
  (/input-52/conv_2_w): BoundParams(name=/input-52/conv_2_w, inputs=[], perturbed=False)
  (/input-52/conv_3): BoundConv(name=/input-52/conv_3, inputs=[/input-52/add_1_2, /input-52/conv_3_w], perturbed=True)
  (/input-52/conv_3_relu): BoundRelu(name=/input-52/conv_3_relu, inputs=[/input-52/conv_3], perturbed=True)
  (/input-52/conv_3_w): BoundParams(name=/input-52/conv_3_w, inputs=[], perturbed=False)
  (/input-52/conv_4): BoundConv(name=/input-52/conv_4, inputs=[/input-52/add_1_2, /input-52/conv_4_w], perturbed=True)
  (/input-52/conv_4_w): BoundParams(name=/input-52/conv_4_w, inputs=[], perturbed=False)
  (/input-52/add_1_2): BoundAdd(name=/input-52/add_1_2, inputs=[/input-52/conv_1_relu, /input-52/conv_2], perturbed=True)
  (/input-52/add_3_4): BoundAdd(name=/input-52/add_3_4, inputs=[/input-52/conv_3_relu, /input-52/conv_4], perturbed=True)
  (/95/conv_1): BoundConv(name=/95/conv_1, inputs=[/94, /95/conv_1_w], perturbed=True)
  (/95/conv_1_relu): BoundRelu(name=/95/conv_1_relu, inputs=[/95/conv_1], perturbed=True)
  (/95/conv_1_w): BoundParams(name=/95/conv_1_w, inputs=[], perturbed=False)
  (/95/conv_2): BoundConv(name=/95/conv_2, inputs=[/94, /95/conv_2_w], perturbed=True)
  (/95/conv_2_w): BoundParams(name=/95/conv_2_w, inputs=[], perturbed=False)
  (/95/conv_3): BoundConv(name=/95/conv_3, inputs=[/95/add_1_2, /95/conv_3_w], perturbed=True)
  (/95/conv_3_relu): BoundRelu(name=/95/conv_3_relu, inputs=[/95/conv_3], perturbed=True)
  (/95/conv_3_w): BoundParams(name=/95/conv_3_w, inputs=[], perturbed=False)
  (/95/conv_4): BoundConv(name=/95/conv_4, inputs=[/95/add_1_2, /95/conv_4_w], perturbed=True)
  (/95/conv_4_w): BoundParams(name=/95/conv_4_w, inputs=[], perturbed=False)
  (/95/add_1_2): BoundAdd(name=/95/add_1_2, inputs=[/95/conv_1_relu, /95/conv_2], perturbed=True)
  (/95/add_3_4): BoundAdd(name=/95/add_3_4, inputs=[/95/conv_3_relu, /95/conv_4], perturbed=True)
)
Model prediction is: tensor([-8.05922210e-01,  2.71221423e+00, -7.51435041e-01, -1.10288870e+00,
        -8.53331864e-01,  1.68618158e-01, -2.91781008e-01, -1.22320008e+00,
        -1.31224418e+00, -9.51262414e-01, -4.61472303e-01,  1.04179576e-01,
         1.24486506e-01, -5.70926547e-01,  4.68060166e-01,  8.10491502e-01,
        -3.58740032e-01, -1.15562510e+00, -3.39845717e-01, -8.14034224e-01,
        -7.10520983e-01, -4.75508869e-02,  5.12174033e-02, -8.54553640e-01,
         6.81107938e-02, -8.25708210e-01,  6.89275205e-01, -1.38002962e-01,
        -8.78008425e-01,  5.73916018e-01, -1.08427727e+00,  8.71722221e-01,
        -5.40626645e-01, -1.07439053e+00, -8.79839242e-01, -7.71236956e-01,
         8.77530694e-01, -1.57952547e+00, -2.68092435e-02, -9.47219253e-01,
         7.46243298e-01, -1.24091935e+00, -9.01563287e-01, -4.69005376e-01,
        -5.16632259e-01, -4.00739938e-01,  8.24469388e-01, -7.72691965e-01,
        -1.67377448e+00,  3.64362039e-02,  6.30518079e-01, -2.15599346e+00,
        -2.59147972e-01,  5.90037033e-02, -8.30194414e-01, -5.01630962e-01,
        -3.91853809e-01, -1.54048991e+00,  3.09330523e-02,  5.94557345e-01,
        -2.03636736e-02, -1.10801005e+00, -1.12071395e+00,  2.13227093e-01,
         4.66046855e-02, -7.70722210e-01, -9.14649904e-01, -8.42926979e-01,
        -1.42442775e+00, -1.67484033e+00,  6.92034662e-01,  7.03896701e-01,
         7.08395243e-01,  1.81501079e+00,  1.39387560e+00,  1.78715730e+00,
         7.68202007e-01,  2.16853499e+00,  1.37805092e+00,  1.42454469e+00,
         8.41097176e-01, -1.91462636e+00, -4.18515265e-01, -1.00612140e+00,
        -7.46491730e-01, -6.86657786e-01, -1.06549346e+00, -4.15997446e-01,
         5.98135352e-01, -1.47471619e+00,  2.66962498e-01, -6.70603514e-01,
         6.24232888e-01,  2.12430254e-01,  8.58856559e-01, -8.07236314e-01,
         8.30120087e-01, -1.13873184e+00, -1.04253136e-01, -8.41258585e-01,
         6.27806127e-01, -1.54692018e+00, -2.09064341e+00,  4.22123730e-01,
        -9.68387783e-01, -1.78042185e+00, -1.19904530e+00, -1.21786729e-01,
        -1.17742337e-01, -1.12139440e+00, -1.54417515e-01,  2.67858171e+00,
        -1.50441855e-01,  6.93517804e-01,  2.92671025e-01, -8.44133198e-01,
        -1.05600226e+00,  2.63280384e-02, -1.02641726e+00, -1.41994393e+00,
        -1.40055954e+00, -1.26042712e+00, -1.23193228e+00, -2.33410597e+00,
        -1.35241878e+00, -1.35071325e+00,  7.13100076e-01, -1.92161798e-01,
         8.55755091e-01,  3.09703827e-01,  3.75204623e-01, -6.76470637e-01,
         4.23345119e-01, -2.48136118e-01, -3.11713487e-01,  1.01093933e-01,
        -5.79803586e-01, -4.14295234e-02, -7.84744501e-01, -1.60559845e+00,
        -2.25384116e+00,  2.32541114e-02, -6.98351264e-01, -8.29707503e-01,
        -8.92663121e-01, -8.04711878e-01, -1.85070491e+00,  6.31295979e-01,
        -3.77635241e-01, -4.04347658e-01, -1.10239661e+00,  4.36431617e-01,
        -1.04100592e-01,  4.80475456e-01,  5.49380422e-01, -1.27209917e-01,
        -6.39602005e-01,  3.35609913e-01, -9.23233807e-01, -1.10245144e+00,
        -6.77909017e-01, -4.03488278e-01, -2.37503499e-02, -6.44123316e-01,
        -8.30109537e-01, -5.65096438e-01, -1.00813270e+00, -1.13197112e+00,
        -2.70837665e-01, -6.97008491e-01, -8.05343270e-01, -8.56612384e-01,
        -1.59625280e+00, -6.97054148e-01, -9.31705177e-01, -6.61084473e-01,
        -1.80782819e+00, -4.76600111e-01, -4.59861547e-01, -1.70037055e+00,
        -1.93689537e+00, -7.00144589e-01, -6.30028546e-04, -1.15311518e-01,
         1.24587439e-01, -4.27553654e-02,  1.52009979e-01,  1.09147882e+00,
        -5.41910589e-01, -3.01801264e-01, -6.97094858e-01,  8.04753125e-01,
        -5.44287086e-01, -1.06339134e-01, -4.81444031e-01,  3.94381046e-01,
        -4.12397623e-01, -9.62637126e-01, -1.32182920e+00,  4.99881476e-01,
         3.25153083e-01, -5.27780652e-01, -5.59888601e-01,  8.67975950e-01,
         3.94855201e-01, -8.62032950e-01, -9.05479729e-01, -4.73312408e-01,
        -8.89496446e-01, -1.02307320e+00, -2.07900953e+00, -4.79674429e-01,
        -4.60821807e-01, -4.85758096e-01, -3.40718031e-01, -7.55617857e-01,
        -7.59424984e-01, -5.70532680e-01, -1.11058116e+00, -4.69857752e-01,
        -4.06293809e-01,  9.17256624e-02, -6.17115617e-01,  3.19715798e-01,
         7.06462741e-01, -1.41084445e+00, -7.35144079e-01, -1.35267055e+00,
        -8.37337673e-01,  2.91007638e-01, -3.67807388e-01,  8.05666372e-02,
        -5.90897560e-01, -1.77773580e-01, -3.97777408e-01, -4.43623930e-01,
        -8.32983613e-01, -2.96590209e-01, -1.30211806e+00,  4.56505865e-02,
        -3.57075870e-01, -6.68081582e-01, -2.90754497e-01, -1.77709103e+00,
        -1.50106147e-01, -3.72239113e-01, -1.50746322e+00, -4.93775189e-01,
        -1.67614996e-01, -1.68247715e-01, -4.37881142e-01, -1.16800165e+00,
         1.08569217e+00, -1.97596177e-01,  6.90966606e-01, -1.23613584e+00,
        -6.07371211e-01,  3.02625075e-02,  1.97015256e-01,  1.49752891e+00,
         1.10730803e+00, -1.71945021e-02, -5.38304031e-01, -6.36126697e-01,
        -5.84350586e-01,  7.98032403e-01, -1.55641899e-01, -3.74366522e-01,
        -1.94373918e+00,  9.58747208e-01,  6.17334604e-01,  5.96911907e-01,
         6.05096042e-01,  4.58856255e-01,  2.25196302e-01,  4.12631147e-02,
         5.20654619e-02,  1.08843243e+00,  1.06797345e-01,  8.72363508e-01,
         6.63894296e-01,  1.30665255e+00,  1.58960319e+00,  2.83575296e+00,
         1.45106614e+00,  7.29730487e-01, -8.02320063e-01,  1.05244309e-01,
         1.12852082e-03, -5.83085001e-01, -3.81378025e-01,  1.24654658e-01,
        -3.00210059e-01,  3.82458925e-01, -5.97153127e-01, -4.19246316e-01,
         5.84172718e-02, -1.38173819e-01, -1.00582612e+00,  3.45465690e-02,
        -1.40476072e+00,  9.64618623e-01, -1.08422071e-01, -3.41619104e-02,
        -8.03850368e-02, -2.03185463e+00, -1.16725937e-01,  6.78765357e-01,
         7.43074596e-01,  2.73952127e-01,  1.89697146e+00,  1.14354396e+00,
         1.68398142e-01,  1.26371217e+00,  1.14311218e+00,  4.88829374e-01,
        -4.34464365e-02, -4.45265442e-01,  1.37038934e+00,  8.73032510e-01,
         6.04142368e-01, -1.43218601e+00, -1.19023180e+00, -5.09928703e-01,
        -1.23763323e+00, -1.28966522e+00, -9.32871401e-01, -1.40980601e-01,
        -1.18948734e+00, -1.40273237e+00, -2.61064768e-01,  6.96553409e-01,
         1.78555000e+00,  5.03344834e-01, -5.07160306e-01, -3.66659492e-01,
        -1.54568195e+00,  4.73493963e-01, -4.31849003e-01, -1.86189997e+00,
        -1.13761628e+00, -1.11060393e+00, -1.21554637e+00, -1.73870695e+00,
        -1.17253137e+00, -1.75320137e+00, -1.72017992e+00, -4.70669240e-01,
        -2.81019449e+00, -1.67182171e+00, -2.06324267e+00, -1.38206148e+00,
        -9.49103355e-01, -1.36761045e+00, -1.58862460e+00, -1.84105301e+00,
        -2.10684597e-01, -3.65079343e-02, -4.91491845e-03, -3.28676462e-01,
        -3.20935994e-01,  3.72368932e-01,  5.42820394e-02, -1.24685907e+00,
        -1.32567966e+00, -1.97051167e-01, -3.40037882e-01, -3.37295026e-01,
         3.93550470e-02, -7.64477968e-01, -3.55800390e-01, -1.21065927e+00,
        -7.33537614e-01, -1.98573023e-01, -1.42116144e-01, -1.07401371e+00,
        -1.61302974e-04,  8.53976235e-02,  1.10827148e-01, -7.98848808e-01,
         5.43654859e-01, -4.27292645e-01, -1.56146094e-01, -6.05418622e-01,
        -1.31888792e-01, -1.14281833e+00, -1.59890020e+00, -6.65725529e-01,
        -1.51875472e+00, -2.38222107e-01, -1.34876859e+00, -4.92245942e-01,
        -1.67123809e-01, -1.46304655e+00, -1.37453330e+00, -2.59124152e-02,
        -1.15054858e+00, -1.21402156e+00, -2.22960070e-01,  9.63506937e-01,
        -3.89261574e-01,  4.58605886e-02,  7.33038008e-01, -1.24997711e+00,
        -3.83952558e-01,  5.12427807e-01, -4.00741398e-01,  1.79692715e-01,
        -1.78779507e+00,  2.99678421e+00, -1.34108841e+00,  1.01206505e+00,
         2.87796766e-01,  6.10993385e-01,  4.15247798e-01, -1.73840761e+00,
         1.03606033e+00,  1.53437102e+00,  2.51983213e+00,  1.28682506e+00,
         3.72520834e-01,  4.67654943e-01, -4.65630919e-01, -4.83460367e-01,
        -1.16738945e-01,  3.07599247e-01,  1.30996919e+00, -7.40140080e-01,
        -2.09143996e-01, -5.35477281e-01, -1.17136514e+00, -5.67998111e-01,
         3.04949105e-01,  4.08715844e-01,  5.41989565e-01,  2.06469059e+00,
        -4.34434474e-01,  4.35876161e-01,  1.96891952e+00,  2.98588157e-01,
         3.26993525e-01,  1.63713467e+00,  3.04131597e-01,  1.03384101e+00,
        -1.02361631e+00, -4.64909852e-01,  2.79701686e+00, -4.78975981e-01,
        -7.57826388e-01,  5.40822558e-02, -1.34213197e+00,  2.77965426e-01,
        -4.85865980e-01,  5.43983996e-01, -1.32061172e+00, -1.44125417e-01,
        -3.25134397e-02,  1.09629476e+00, -9.38404560e-01,  6.38897657e-01,
        -1.26558816e+00, -9.75030959e-02,  1.85731184e+00,  2.23841816e-02,
         4.07930985e-02,  6.99450970e-01, -7.63439059e-01, -2.35741520e+00,
         5.08300126e-01,  2.72338808e-01,  2.34268951e+00, -9.06306744e-01,
        -5.70029080e-01,  3.32168229e-02, -1.37374067e+00,  9.72953796e-01,
        -3.83085728e-01, -1.07269192e+00, -2.05756485e-01, -7.65678227e-01,
         2.70803976e+00,  6.81939185e-01,  2.47337595e-01, -1.06163308e-01,
        -9.98521686e-01,  9.31000531e-01,  1.11590779e+00,  2.43109846e+00,
        -2.54864305e-01,  3.08197916e-01,  1.33327246e-01, -6.85964167e-01,
        -3.43307227e-01,  1.11082745e+00,  9.39138174e-01,  8.73346150e-01,
         9.78267789e-02,  1.10181534e+00,  5.52758336e-01,  1.59585392e+00,
        -1.95432699e+00,  5.82352638e-01, -8.91439676e-01,  9.40609813e-01,
         6.70069575e-01,  2.74169922e-01, -1.40629971e+00,  1.45497048e+00,
         1.39896405e+00, -2.24206805e+00, -4.04415846e-01, -6.24849141e-01,
         2.92694837e-01,  1.29485488e-01, -7.95920014e-01, -9.25214231e-01,
        -1.21719229e+00,  8.69456291e-01, -1.86513856e-01, -8.19180906e-01,
        -2.10588589e-01,  3.46965700e-01, -1.16247511e+00, -3.96245301e-01,
        -6.89073682e-01, -1.40207505e+00,  7.23506212e-01,  1.94977546e+00,
        -2.38033578e-01, -7.92254210e-01,  2.85393643e+00,  1.32589090e+00,
         4.53584820e-01, -3.30417871e-01,  2.47867322e+00, -1.82208061e+00,
        -1.07924736e+00, -9.35810745e-01,  7.11894035e-02,  1.58682907e+00,
         5.83834231e-01, -1.44627643e+00,  1.50521326e+00, -4.00769293e-01,
        -8.23410630e-01,  4.80389297e-01,  4.85216469e-01, -2.04691339e+00,
         1.17730212e+00,  2.42567968e+00, -7.11484909e-01, -2.39573881e-01,
         2.02207255e+00,  1.42237067e+00,  9.71762687e-02,  4.59911535e-04,
         4.24584770e+00,  1.58010387e+00,  7.56929398e-01,  3.28896165e-01,
        -9.73453760e-01, -4.52027053e-01,  2.88111544e+00,  8.79910052e-01,
        -3.20612818e-01,  8.63023937e-01, -3.19312155e-01,  2.63113171e-01,
         3.08761507e-01, -1.64364088e+00,  3.80990148e-01, -7.69456685e-01,
         1.05610394e+00, -1.33615470e+00, -2.17223883e-01, -1.01332080e+00,
        -1.42789197e+00,  6.14982545e-01,  7.70665526e-01,  1.02593303e+00,
         7.84567535e-01, -4.74926442e-01, -2.25470304e+00, -3.08787763e-01,
         8.78718138e-01,  1.62856722e+00, -1.09354854e+00,  8.56525302e-01,
         6.49578631e-01,  5.63845336e-01,  1.40262127e+00,  3.84880066e+00,
         2.09973454e-02,  6.08753979e-01,  3.91466737e-01, -1.08254611e+00,
         8.97738099e-01, -7.69625425e-01,  1.87706876e+00,  1.67826414e+00,
         1.29004705e+00,  3.69153500e-01,  9.56038117e-01, -2.32900000e+00,
         1.65419984e+00,  2.19967270e+00,  7.81692326e-01,  9.90861237e-01,
         5.22359788e-01, -8.39677274e-01,  6.77852631e-01,  9.81329799e-01,
        -9.55239773e-01, -4.13732342e-02,  4.86810237e-01, -8.83625075e-02,
         8.18920910e-01,  1.80599794e-01,  9.01055694e-01,  2.92368221e+00,
         2.52483082e+00, -4.81136560e-01,  9.43275392e-01,  1.26343048e+00,
        -8.73783231e-01, -9.18425977e-01,  2.10188985e+00,  2.13006720e-01,
        -1.31066191e+00,  2.11709285e+00, -8.35844994e-01,  8.71090114e-01,
         2.98222876e+00,  4.10531670e-01, -2.42451668e+00,  5.37626028e-01,
         1.11975098e+00,  1.87326334e-02, -9.42291021e-02, -1.05345070e-01,
        -1.69621193e+00,  7.44182408e-01, -6.88811362e-01,  9.81297940e-02,
         2.43092680e+00, -1.80717278e+00,  5.19976139e-01,  1.02572238e+00,
         1.88180971e+00, -1.67426753e+00,  2.18796277e+00,  3.22965026e+00,
        -1.21659851e+00, -2.57938176e-01, -8.99430156e-01,  8.95714521e-01,
        -2.81322777e-01,  1.66482890e+00, -5.11002243e-01,  2.97444016e-01,
         3.70318219e-02, -2.33187771e+00,  1.02490044e+00, -1.03141713e+00,
         3.65784311e+00, -2.06646353e-01, -5.88695467e-01, -5.98597765e-01,
        -2.73572147e-01,  2.02987409e+00, -1.72098726e-01, -6.41073406e-01,
        -3.21488902e-02,  1.57612348e+00, -4.35363352e-01, -6.09490037e-01,
        -9.89480674e-01,  9.72998381e-01,  1.52790427e-01, -5.21568835e-01,
         1.25962162e+00,  2.23805618e+00,  1.51561677e-01,  9.78991687e-01,
        -1.13783963e-02,  8.55325520e-01, -5.77139854e-01, -9.55314219e-01,
         3.20931888e+00,  2.64338225e-01, -3.21507764e+00,  2.32796133e-01,
         1.35417700e+00,  1.44975990e-01, -4.95931506e-01,  9.64077473e-01,
         1.44249392e+00,  1.39897436e-01, -2.88702428e-01,  7.11548269e-01,
         1.22654545e+00,  8.08167160e-01, -9.93156508e-02, -8.13506246e-01,
         1.46161878e+00, -1.35402787e+00, -8.67248714e-01,  1.03349566e+00,
        -3.62447381e-01,  1.29240954e+00,  1.50429830e-01,  1.88073111e+00,
         1.18946743e+00,  9.18960512e-01,  8.31474364e-01, -1.11869633e+00,
         4.98128384e-01, -1.37618518e+00,  2.78602421e-01,  1.39696561e-02,
         6.97569251e-01,  5.48983991e-01,  1.64134419e+00,  5.36509991e-01,
        -1.43196440e+00,  1.20113730e+00, -1.49973774e+00,  2.93019980e-01,
         7.60781407e-01, -4.54584718e-01, -1.97749412e+00,  1.79882526e+00,
        -2.63080411e-02,  1.37317252e+00, -1.20520163e+00,  1.51892304e-01,
         7.96788454e-01,  6.25492394e-01,  6.49283454e-02, -2.27296400e+00,
        -5.01776874e-01,  2.05029535e+00, -3.55828732e-01, -2.44995132e-01,
         1.69380391e+00,  1.80718756e+00, -1.93457082e-02,  5.95046759e-01,
         5.05353749e-01,  1.16682458e+00,  5.94948232e-01, -1.03388035e+00,
         4.54213679e-01,  2.24034953e+00,  7.41716266e-01, -1.12397361e+00,
        -1.56667739e-01, -8.53633285e-01, -5.52951634e-01,  8.11396003e-01,
         2.20094204e+00,  2.11022663e+00, -6.92007780e-01,  6.09611154e-01,
         8.73181343e-01, -1.32734373e-01,  1.00296617e+00,  1.15288079e+00,
        -1.89218295e+00,  1.71477687e+00, -1.11340237e+00,  1.89821339e+00,
         1.72382665e+00,  7.75551975e-01, -1.12708604e+00,  6.88880265e-01,
         1.04532802e+00,  2.60631770e-01, -6.07345551e-02, -4.32118058e-01,
        -7.12998152e-01,  3.16540718e-01,  3.61357594e+00,  1.16241920e+00,
         2.03950810e+00, -5.17127991e-01, -4.18696612e-01,  1.96819544e-01,
        -1.50809574e+00,  3.19735837e+00, -6.11614108e-01,  4.82006192e-01,
         5.44005156e-01,  7.46345401e-01,  4.70529556e+00,  2.70226955e-01,
         1.37634784e-01,  3.75281751e-01,  7.51449823e-01,  2.86040163e+00,
         1.62407920e-01, -6.14173710e-01,  1.23586588e-01,  3.48810226e-01,
         7.92368770e-01, -5.98483324e-01, -5.24608433e-01,  1.54412627e-01,
        -2.14489317e+00,  5.46179175e-01,  9.32915032e-01,  1.65161288e+00,
         1.37518227e+00,  9.19160903e-01, -1.93100050e-01,  2.04339314e+00,
        -5.61567657e-02, -4.46502209e-01,  2.70458055e+00,  2.06759739e+00,
        -1.42877591e+00, -6.46362305e-01, -2.06197545e-01, -5.50381839e-02,
         6.94565535e-01, -1.46004546e+00,  1.14298260e+00,  1.79869199e+00,
         1.32201207e+00, -1.02590883e+00, -9.22930300e-01,  1.27044296e+00,
        -1.47618020e+00, -1.06528926e+00,  8.64422202e-01, -1.75098753e+00,
         3.07817727e-01,  4.61662412e-01,  2.80090243e-01,  1.40578449e-01,
         1.31189430e+00, -8.36164296e-01, -4.06674109e-02,  7.08372444e-02,
         2.78375959e+00,  2.33385253e+00,  1.74146628e+00, -1.21400619e+00,
         5.82340002e-01, -1.81240812e-01, -2.11569332e-02,  3.95003629e+00,
         1.35066020e+00, -2.09944320e+00,  2.82422423e+00,  7.70610392e-01,
        -2.74632096e+00, -2.85997868e-01, -4.35553819e-01,  5.51504970e-01,
        -7.98895061e-01,  1.58697701e+00,  9.61669922e-01, -1.47207165e+00,
        -1.15263212e+00, -1.60317767e+00, -1.35426426e+00,  2.06037257e-02,
         1.68593156e+00, -1.26984194e-01, -6.86646819e-01, -1.76734090e-01,
         1.27630889e+00, -2.55607635e-01, -2.13715076e+00,  4.31339830e-01,
         1.86796820e+00,  9.07183707e-01, -7.00579286e-01,  1.41701448e+00,
         2.14312449e-01,  2.73828089e-01,  8.00364375e-01,  1.39230490e+00,
        -5.82729504e-02,  2.83813477e+00,  8.62435043e-01,  2.25995556e-01,
        -6.16534233e-01,  1.19103289e+00, -1.51898086e+00, -7.98996508e-01,
         4.34766150e+00,  1.81989014e-01,  2.70785475e+00, -7.09370613e-01,
         1.38694036e+00,  1.71119881e+00,  1.38040543e+00,  8.97558391e-01,
         9.77431685e-02, -4.11670536e-01,  1.23338723e+00,  1.31132424e+00,
         5.92646551e+00,  4.74345160e+00,  1.52799380e+00,  3.59640688e-01,
         9.22239184e-01,  2.53003150e-01, -1.05452433e-01,  1.52152681e+00,
        -1.59674454e+00, -1.05675447e+00, -4.88810629e-01, -1.63804209e+00,
         2.08161306e+00, -3.74834836e-02,  4.10604298e-01,  3.40665132e-01,
         1.79283190e+00,  2.28389192e+00,  1.10581160e+00, -4.44848627e-01,
        -2.22192240e+00,  1.73877525e+00, -3.89509380e-01, -1.15785158e+00,
        -1.36615968e+00,  7.33213246e-01, -1.19602776e+00, -1.41432846e+00,
        -1.42395663e+00, -2.07699013e+00, -1.40796185e+00, -7.25845277e-01,
        -9.68375206e-01, -7.60325193e-01, -7.34124541e-01, -7.19579577e-01,
        -7.68355489e-01, -8.17474544e-01,  1.23471901e-01, -4.17196870e-01,
        -2.67064643e+00,  3.52645278e-01, -5.53719521e-01, -7.72326171e-01,
         1.21589768e+00,  1.53395593e+00,  1.22631037e+00,  3.14169943e-01,
        -5.58346033e-01, -6.65606931e-02,  7.71865770e-02, -1.46611261e+00,
        -1.47880876e+00, -2.65129507e-02, -6.77513599e-01, -1.47581780e+00,
        -1.22850704e+00, -1.29936457e+00, -8.65888953e-01, -1.23397505e+00,
        -1.29252028e+00, -1.76246762e+00,  2.04359102e+00, -5.74017406e-01,
         1.20174384e+00,  3.01841766e-01, -8.71373057e-01,  2.59951615e+00,
        -7.50156224e-01, -5.87334752e-01,  2.16321111e+00,  1.04852641e+00,
        -9.94924903e-01, -2.78288454e-01,  3.59799683e-01, -1.04574513e+00,
         2.31003690e+00, -5.93192041e-01,  6.82919502e-01,  2.40025654e-01,
         3.58693451e-02,  1.08548963e+00, -7.90772855e-01, -1.00062452e-02,
        -9.54073846e-01,  8.54484141e-01, -9.39085722e-01, -1.04145730e+00,
        -8.72672677e-01, -2.30465436e+00, -2.10602903e+00, -1.31244826e+00,
        -1.44909608e+00, -2.82118583e+00, -8.40859860e-03,  7.75120437e-01],
       device='cuda:0')
Clean RHS: tensor([[0.95121580]], device='cuda:0')
Split layers:
Nonlinear functions:
   BoundRelu(name=/66, inputs=[/input], perturbed=True)
   BoundRelu(name=/68, inputs=[/input-4], perturbed=True)
   BoundRelu(name=/71, inputs=[/input-12], perturbed=True)
   BoundRelu(name=/73, inputs=[/input-16], perturbed=True)
   BoundRelu(name=/76, inputs=[/input-24], perturbed=True)
   BoundRelu(name=/78, inputs=[/input-28], perturbed=True)
   BoundRelu(name=/80, inputs=[/input-32], perturbed=True)
   BoundRelu(name=/83, inputs=[/input-40], perturbed=True)
   BoundRelu(name=/85, inputs=[/input-44], perturbed=True)
   BoundRelu(name=/87, inputs=[/input-48], perturbed=True)
   BoundRelu(name=/90, inputs=[/input-56], perturbed=True)
   BoundRelu(name=/92, inputs=[/input-60], perturbed=True)
   BoundRelu(name=/94, inputs=[/input-64], perturbed=True)
   BoundRelu(name=/98, inputs=[/input-68], perturbed=True)
   BoundRelu(name=/101, inputs=[/input-72], perturbed=True)
   BoundRelu(name=/input-8/conv_1_relu, inputs=[/input-8/conv_1], perturbed=True)
   BoundRelu(name=/input-8/conv_3_relu, inputs=[/input-8/conv_3], perturbed=True)
   BoundRelu(name=/input-20/conv_1_relu, inputs=[/input-20/conv_1], perturbed=True)
   BoundRelu(name=/input-20/conv_3_relu, inputs=[/input-20/conv_3], perturbed=True)
   BoundRelu(name=/input-36/conv_1_relu, inputs=[/input-36/conv_1], perturbed=True)
   BoundRelu(name=/input-36/conv_3_relu, inputs=[/input-36/conv_3], perturbed=True)
   BoundRelu(name=/input-52/conv_1_relu, inputs=[/input-52/conv_1], perturbed=True)
   BoundRelu(name=/input-52/conv_3_relu, inputs=[/input-52/conv_3], perturbed=True)
   BoundRelu(name=/95/conv_1_relu, inputs=[/95/conv_1], perturbed=True)
   BoundRelu(name=/95/conv_3_relu, inputs=[/95/conv_3], perturbed=True)
Batched CROWN: node BoundConv(name=/input-4, inputs=[/66, /35, /36], perturbed=True), unstable size 43048
Batched CROWN: node BoundConv(name=/input-8/conv_1, inputs=[/68, /input-8/conv_1_w], perturbed=True), unstable size 57522
Batched CROWN: node BoundConv(name=/input-8/conv_3, inputs=[/input-8/add_1_2, /input-8/conv_3_w], perturbed=True), unstable size 19230
Batched CROWN: node BoundConv(name=/input-12, inputs=[/input-8/add_3_4, /37, /38], perturbed=True), unstable size 408071
Batched CROWN: node BoundConv(name=/input-16, inputs=[/71, /39, /40], perturbed=True), unstable size 1555660
Batched CROWN: node BoundConv(name=/input-20/conv_1, inputs=[/73, /input-20/conv_1_w], perturbed=True), unstable size 24367
Batched CROWN: node BoundConv(name=/input-20/conv_3, inputs=[/input-20/add_1_2, /input-20/conv_3_w], perturbed=True), unstable size 13141
Batched CROWN: node BoundConv(name=/input-24, inputs=[/input-20/add_3_4, /41, /42], perturbed=True), unstable size 411895
Batched CROWN: node BoundConv(name=/input-28, inputs=[/76, /43, /44], perturbed=True), unstable size 794590
Batched CROWN: node BoundConv(name=/input-32, inputs=[/78, /45, /46], perturbed=True), unstable size 137454
Batched CROWN: node BoundConv(name=/input-36/conv_1, inputs=[/80, /input-36/conv_1_w], perturbed=True), unstable size 32655
Batched CROWN: node BoundConv(name=/input-36/conv_3, inputs=[/input-36/add_1_2, /input-36/conv_3_w], perturbed=True), unstable size 20552
Batched CROWN: node BoundConv(name=/input-40, inputs=[/input-36/add_3_4, /47, /48], perturbed=True), unstable size 341277
Batched CROWN: node BoundConv(name=/input-44, inputs=[/83, /49, /50], perturbed=True), unstable size 222752
Batched CROWN: node BoundConv(name=/input-48, inputs=[/85, /51, /52], perturbed=True), unstable size 277970
Batched CROWN: node BoundConv(name=/input-52/conv_1, inputs=[/87, /input-52/conv_1_w], perturbed=True), unstable size 6694
Batched CROWN: node BoundConv(name=/input-52/conv_3, inputs=[/input-52/add_1_2, /input-52/conv_3_w], perturbed=True), unstable size 4729
Batched CROWN: node BoundConv(name=/input-56, inputs=[/input-52/add_3_4, /53, /54], perturbed=True), unstable size 90697
Batched CROWN: node BoundConv(name=/input-60, inputs=[/90, /55, /56], perturbed=True), unstable size 98503
Batched CROWN: node BoundConv(name=/input-64, inputs=[/92, /57, /58], perturbed=True), unstable size 96847
Batched CROWN: node BoundConv(name=/95/conv_1, inputs=[/94, /95/conv_1_w], perturbed=True), unstable size 39591
Batched CROWN: node BoundConv(name=/95/conv_3, inputs=[/95/add_1_2, /95/conv_3_w], perturbed=True), unstable size 21448
Batched CROWN: node BoundLinear(name=/input-68, inputs=[/96, /59, /60], perturbed=True), unstable size 4096
Batched CROWN: node BoundLinear(name=/input-72, inputs=[/99, /61, /62], perturbed=True), unstable size 4096
initial crown bounds: tensor([[-984124.25000000]], device='cuda:0')
Number of class (without rhs): 1 ; Worst class: (+ rhs) -984124.25
Iteration 1
Adv attack time: 1.5870s
Batch size: 1
Current pickout batch: 1, total pickout batch: 1
Batched CROWN: node BoundConv(name=/input-4, inputs=[/66, /35, /36], perturbed=True), unstable size 43048
Batched CROWN: node BoundConv(name=/input-8/conv_1, inputs=[/68, /input-8/conv_1_w], perturbed=True), unstable size 57522
Batched CROWN: node BoundConv(name=/input-8/conv_3, inputs=[/input-8/add_1_2, /input-8/conv_3_w], perturbed=True), unstable size 19230
Batched CROWN: node BoundConv(name=/input-12, inputs=[/input-8/add_3_4, /37, /38], perturbed=True), unstable size 408071
Batched CROWN: node BoundConv(name=/input-16, inputs=[/71, /39, /40], perturbed=True), unstable size 1555659
Batched CROWN: node BoundConv(name=/input-20/conv_1, inputs=[/73, /input-20/conv_1_w], perturbed=True), unstable size 24366
Batched CROWN: node BoundConv(name=/input-20/conv_3, inputs=[/input-20/add_1_2, /input-20/conv_3_w], perturbed=True), unstable size 13141
Batched CROWN: node BoundConv(name=/input-24, inputs=[/input-20/add_3_4, /41, /42], perturbed=True), unstable size 411896
Batched CROWN: node BoundConv(name=/input-28, inputs=[/76, /43, /44], perturbed=True), unstable size 794589
Batched CROWN: node BoundConv(name=/input-32, inputs=[/78, /45, /46], perturbed=True), unstable size 137457
Batched CROWN: node BoundConv(name=/input-36/conv_1, inputs=[/80, /input-36/conv_1_w], perturbed=True), unstable size 32655
Batched CROWN: node BoundConv(name=/input-36/conv_3, inputs=[/input-36/add_1_2, /input-36/conv_3_w], perturbed=True), unstable size 20552
Batched CROWN: node BoundConv(name=/input-40, inputs=[/input-36/add_3_4, /47, /48], perturbed=True), unstable size 341268
Batched CROWN: node BoundConv(name=/input-44, inputs=[/83, /49, /50], perturbed=True), unstable size 222873
Batched CROWN: node BoundConv(name=/input-48, inputs=[/85, /51, /52], perturbed=True), unstable size 277646
Batched CROWN: node BoundConv(name=/input-52/conv_1, inputs=[/87, /input-52/conv_1_w], perturbed=True), unstable size 6703
Batched CROWN: node BoundConv(name=/input-52/conv_3, inputs=[/input-52/add_1_2, /input-52/conv_3_w], perturbed=True), unstable size 4731
Batched CROWN: node BoundConv(name=/input-56, inputs=[/input-52/add_3_4, /53, /54], perturbed=True), unstable size 90755
Batched CROWN: node BoundConv(name=/input-60, inputs=[/90, /55, /56], perturbed=True), unstable size 98376
Batched CROWN: node BoundConv(name=/input-64, inputs=[/92, /57, /58], perturbed=True), unstable size 96947
Batched CROWN: node BoundConv(name=/95/conv_1, inputs=[/94, /95/conv_1_w], perturbed=True), unstable size 39591
Batched CROWN: node BoundConv(name=/95/conv_3, inputs=[/95/add_1_2, /95/conv_3_w], perturbed=True), unstable size 21446
Batched CROWN: node BoundLinear(name=/input-68, inputs=[/96, /59, /60], perturbed=True), unstable size 4096
Batched CROWN: node BoundLinear(name=/input-72, inputs=[/99, /61, /62], perturbed=True), unstable size 4096
Worst bound: tensor([-984125.68750000], device='cuda:0')
Current (lb-rhs): -984125.6875
Total time: 2844.9935  pickout: 0.0004  split: 0.0010  decision: 0.0003  bounding: 2844.9578  clipping: 0.0000  add_domain: 0.0231  rest: 0.0109
Length of domains: 2
3 branch and bound domains visited
Time out!
Result: timeout
Time: 4329.502230167389
[rank 0] === Checking instance ID 782 ===
[rank 0] >>> Running ID=782 onnx=onnx/vgg16-7.onnx
Configurations:

general:
  device: cuda
  seed: 100
  conv_mode: patches
  deterministic: false
  double_fp: false
  loss_reduction_func: max
  sparse_alpha: true
  sparse_interm: true
  save_adv_example: false
  verify_onnxruntime_output: false
  eval_adv_example: false
  show_adv_example: false
  precompile_jit: false
  prepare_only: false
  complete_verifier: bab
  enable_incomplete_verification: false
  csv_name: instances.csv
  results_file: results/vggnet16_all_p_4/result_782.rank0.txt
  root_path: ../../vnncomp2023_benchmarks/benchmarks/vggnet16
  deterministic_opt: false
  graph_optimizer: 'Customized("custom_graph_optimizer", "maxpool_to_relu")'
  buffer_has_batchdim: false
  save_output: false
  output_file: out.pkl
  return_optimized_model: false
  output_additional_stats: true
  instance_id: 782
  dataset_output_dir: dataset
  min_stable_neurons_ratio_threshold: 0.0
model:
  name: null
  path: null
  onnx_path: /projects/air/dlverifier/vggnet16_all/onnx/vgg16-7.onnx
  onnx_path_prefix: ''
  cache_onnx_conversion: true
  debug_onnx: false
  onnx_quirks: null
  input_shape: null
  onnx_loader: default_onnx_and_vnnlib_loader
  onnx_optimization_flags: []
  onnx_vnnlib_joint_optimization_flags: none
  check_optimized: false
  flatten_final_output: false
  optimize_graph: null
  with_jacobian: false
data:
  start: 0
  end: 10000
  select_instance: null
  num_outputs: 1000
  mean: 0.0
  std: 1.0
  pkl_path: null
  dataset: null
  data_filter_path: null
  data_idx_file: null
specification:
  type: lp
  robustness_type: verified-acc
  norm: .inf
  epsilon: null
  epsilon_min: 0.0
  vnnlib_path: /projects/air/dlverifier/vggnet16_all/vnnlib/n02091032_Italian_greyhound_fix_mask_seg0_k50176_eps_0.0002.vnnlib
  vnnlib_path_prefix: ''
  rhs_offset: null
solver:
  batch_size: 1
  auto_enlarge_batch_size: false
  min_batch_size_ratio: 0.1
  use_float64_in_last_iteration: false
  early_stop_patience: 10
  start_save_best: 0.5
  bound_prop_method: forward+backward
  init_bound_prop_method: same
  prune_after_crown: false
  optimize_disjuncts_separately: false
  crown:
    batch_size: 16
    max_crown_size: 1000000000
    relu_option: adaptive
  alpha-crown:
    alpha: true
    lr_alpha: 0.1
    iteration: 100
    share_alphas: false
    lr_decay: 0.98
    full_conv_alpha: true
    max_coeff_mul: .inf
    matmul_share_alphas: false
    disable_optimization: []
    max_time: 1.0
  invprop:
    apply_output_constraints_to: []
    tighten_input_bounds: false
    best_of_oc_and_no_oc: false
    directly_optimize: []
    oc_lr: 0.1
    share_gammas: false
  beta-crown:
    lr_alpha: 0.01
    lr_beta: 0.05
    lr_decay: 0.98
    optimizer: adam
    iteration: 10
    beta: true
    beta_warmup: true
    enable_opt_interm_bounds: false
    all_node_split_LP: false
  forward:
    refine: false
    dynamic: true
    max_dim: 100
    reset_threshold: 1.0
  intermediate_refinement:
    enabled: false
    batch_size: 10
    opt_coeffs: false
    opt_bias: false
    lr: 0.05
    layers: [-1]
    max_domains: 1000
  multi_class:
    label_batch_size: 32
    skip_with_refined_bound: true
  mip:
    unstable_neuron_threshold: 0
    parallel_solvers: null
    solver_threads: 1
    refine_neuron_timeout: 15
    refine_neuron_time_percentage: 0.8
    early_stop: true
    adv_warmup: true
    mip_solver: gurobi
    skip_unsafe: false
    topk_filter: 1.0
    sliding_window: -1
    extra_constraint: false
    refine_neuron_timeout_increasement: 0
    timeout_neuron_percentage: 0.3
    remaining_timeout_threshold: 1
    remove_unstable_neurons: true
    lp_solver: false
bab:
  initial_max_domains: 1
  backing_up_max_domain: null
  max_domains: .inf
  decision_thresh: 0
  timeout: 1200.0
  timeout_scale: 1
  max_iterations: -1
  override_timeout: null
  get_upper_bound: false
  pruning_in_iteration: true
  pruning_in_iteration_ratio: 0.2
  sort_targets: false
  batched_domain_list: true
  optimized_interm: ''
  interm_transfer: true
  recompute_interm: false
  sort_domain_interval: -1
  vanilla_crown: false
  tree_traversal: depth_first
  cut:
    enabled: false
    cuts_path: /tmp/abcrown_cuts
    implication: false
    bab_cut: false
    lp_cut: false
    method: null
    lr: 0.01
    lr_decay: 1.0
    iteration: 100
    bab_iteration: -1
    early_stop_patience: -1
    lr_beta: 0.02
    number_cuts: 50
    topk_cuts_in_filter: 1000
    batch_size_primal: 100
    max_num: 1000000000
    patches_cut: false
    cplex_cuts: false
    cplex_cuts_wait: 0
    cplex_cuts_revpickup: true
    cut_reference_bounds: true
    fix_intermediate_bounds: false
    _tmp_cuts: null
    fixed_cuts: false
    add_implied_cuts: false
    add_input_cuts: false
    biccos:
      enabled: false
      constraint_strengthening: true
      recursively_strengthening: false
      drop_ratio: 0.5
      verified_bonus: 0.3
      max_infer_iter: 20
      heuristic: neuron_influence_score
      save_biccos_cuts: false
      multi_tree_branching:
        enabled: false
        restore_best_tree: false
        keep_n_best_domains: 1
        k_splits: 1
        iterations: 1
  branching:
    method: sb
    candidates: 3
    reduceop: min
    enable_intermediate_bound_opt: false
    branching_input_and_activation: false
    branching_input_and_activation_order: [input, relu]
    branching_input_iterations: 30
    branching_relu_iterations: 50
    gnn_path: ''
    neural_heuristic:
      model_path: ''
    rl:
      experiment: general
      eval: false
      extras: []
      logging:
        color: true
        debug: true
        file: rl-experiment.log
      pnet:
        gH: 64
        tH: 64
        nheads: 64
        nlayers: 64
        useDynamicGraph: true
        bidirectional: false
        GAT: true
      training:
        gamma: 0.99
        lr: 0.001
        batchSize: 8
        loop: 8
        totalEpochs: 10
        updatePolicyFrequency: 10
        updateTargetFrequency: 10
        buffer: buffer.pkl
        preparedBuffer: 'False'
        TestingPreparedBuffer: false
        scriptTraining: false
        policynet: policy-checkpoint.pt
        targetnet: target-checkpoint.pt
        datasetShuffle: true
        targetedData: all
        splitRatio: 0.8
        maxInstances: -1
        trainingMode: full
        reward:
          norm: null
          bonus: 10.0
          penalty: -1.0
      egreedy:
        epsilon: 0.1
        epsilonDecay: 0.1
        minEpsilon: 0.1
        ePath: epsilon.pt
        enabled: true
      expert:
        useExpertUntilEpisode: 0.1
        enabled: true
        learnToImitateExpertEpochs: 10
    nonlinear_split:
      method: shortcut
      branching_point_method: uniform
      num_branches: 2
      filter: false
      filter_beta: false
      filter_clamp: false
      filter_batch_size: 10000
      filter_iterations: 25
      relu_only: false
      loose_tanh_threshold: null
      dynamic_bbps: false
      dynamic_options: [uniform, three_left, three_right]
      branching_point_node: ''
      branching_point_db: []
    input_split:
      enable_clip_domains: false
      split_hint: null
      reorder_bab: false
      enable: true
      enhanced_bound_prop_method: alpha-crown
      enhanced_branching_method: naive
      enhanced_bound_patience: 100000000.0
      attack_patience: 100000000.0
      adv_check: 0
      split_partitions: 2
      sb_margin_weight: 1.0
      sb_sum: false
      sb_primary_spec: null
      bf_backup_thresh: -1
      bf_rhs_offset: 0
      bf_iters: 1000000000.0
      bf_batch_size: 100000
      bf_zero_crossing_score: false
      touch_zero_score: 0
      ibp_enhancement: false
      catch_assertion: false
      compare_with_old_bounds: false
      update_rhs_with_attack: false
      sb_coeff_thresh: 0.001
      sort_index: null
      sort_descending: true
      show_progress: false
      presplit_domains: null
      skip_getting_worst_domain: false
  attack:
    enabled: false
    beam_candidates: 8
    beam_depth: 7
    max_dive_fix_ratio: 0.8
    min_local_free_ratio: 0.2
    mip_start_iteration: 5
    mip_timeout: 30.0
    adv_pool_threshold: null
    refined_mip_attacker: false
    refined_batch_size: null
attack:
  pgd_order: input_bab
  pgd_steps: 100
  pgd_restarts: 30
  pgd_batch_size: 100000000
  pgd_early_stop: true
  pgd_lr_decay: 0.99
  pgd_alpha: auto
  pgd_alpha_scale: false
  pgd_loss_mode: null
  pgd_restart_when_stuck: false
  enable_mip_attack: false
  adv_saver: default_adv_saver
  adv_verifier: default_adv_verifier
  early_stop_condition: default_early_stop_condition
  adv_example_finalizer: default_adv_example_finalizer
  pgd_loss: default_pgd_loss
  cex_path: ./test_cex.txt
  attack_mode: PGD
  attack_tolerance: 0.0
  attack_func: attack_with_general_specs
  gama_lambda: 10.0
  gama_decay: 0.9
  check_clean: true
  input_split:
    pgd_steps: 100
    pgd_restarts: 30
    pgd_alpha: auto
  input_split_enhanced:
    pgd_steps: 200
    pgd_restarts: 500000
    pgd_alpha: auto
  input_split_check_adv:
    enabled: auto
    pgd_steps: 5
    pgd_restarts: 5
    pgd_alpha: auto
    max_num_domains: 10
debug:
  sanity_check: Full+Graph
  view_model: false
  lp_test: null
  rescale_vnnlib_ptb: null
  test_optimized_bounds: false
  test_optimized_bounds_after_n_iterations: 0
  print_verbose_decisions: false

Experiments at Fri Feb 20 06:17:05 2026 on d1026
Internal results will be saved to results/vggnet16_all_p_4/result_782.rank0.txt.

[ZRL] %%%%%%%%%%%%%%%%%%%%%%%%%%%%%%%%%%% idx: 0, vnnlib ID: 0 %%%%%%%%%%%%%%%%%%%%%%%%%%%%%%%%%%%
Using onnx /projects/air/dlverifier/vggnet16_all/onnx/vgg16-7.onnx
Using vnnlib /projects/air/dlverifier/vggnet16_all/vnnlib/n02091032_Italian_greyhound_fix_mask_seg0_k50176_eps_0.0002.vnnlib
150528 inputs and 1000 outputs in vnnlib
Loading cached onnx model from /projects/air/dlverifier/vggnet16_all/onnx/vgg16-7.onnx.cached
Cannot read cached onnx file. Regenerating...
Loading onnx /projects/air/dlverifier/vggnet16_all/onnx/vgg16-7.onnx with quirks {}
Finished onnx model loading in 35.9495 seconds
Number of perturbed inputs: 67362
WARNING: prioritizing attack due to too many perturbed pixels on VGG
Setting arguments.Config["attack"]["pgd_order"] to "before"
Setting bound_prop_method to crown
Attack parameters: initialization=uniform, steps=100, restarts=30, alpha=5.000084638595581e-05, initialization=uniform, GAMA=False
Model output of first 5 examples:
 tensor([[-8.05921912e-01,  2.71221399e+00, -7.51434684e-01, -1.10288823e+00,
         -8.53331447e-01,  1.68618575e-01, -2.91781068e-01, -1.22320068e+00,
         -1.31224442e+00, -9.51262712e-01, -4.61471945e-01,  1.04179248e-01,
          1.24486245e-01, -5.70926607e-01,  4.68059570e-01,  8.10491621e-01,
         -3.58740300e-01, -1.15562570e+00, -3.39846104e-01, -8.14034522e-01,
         -7.10520923e-01, -4.75509763e-02,  5.12174405e-02, -8.54553819e-01,
          6.81107640e-02, -8.25708151e-01,  6.89275742e-01, -1.38002768e-01,
         -8.78008306e-01,  5.73916256e-01, -1.08427727e+00,  8.71722341e-01,
         -5.40626347e-01, -1.07439005e+00, -8.79839182e-01, -7.71236956e-01,
          8.77530396e-01, -1.57952559e+00, -2.68088263e-02, -9.47219312e-01,
          7.46243238e-01, -1.24091899e+00, -9.01563108e-01, -4.69004989e-01,
         -5.16631782e-01, -4.00739700e-01,  8.24469030e-01, -7.72691667e-01,
         -1.67377460e+00,  3.64363119e-02,  6.30517960e-01, -2.15599322e+00,
         -2.59147555e-01,  5.90039641e-02, -8.30194116e-01, -5.01630902e-01,
         -3.91853631e-01, -1.54048991e+00,  3.09334770e-02,  5.94557464e-01,
         -2.03633904e-02, -1.10801005e+00, -1.12071347e+00,  2.13227481e-01,
          4.66050506e-02, -7.70721734e-01, -9.14649308e-01, -8.42926741e-01,
         -1.42442715e+00, -1.67483997e+00,  6.92034841e-01,  7.03896940e-01,
          7.08395064e-01,  1.81501114e+00,  1.39387548e+00,  1.78715777e+00,
          7.68202245e-01,  2.16853547e+00,  1.37805128e+00,  1.42454493e+00,
          8.41097236e-01, -1.91462624e+00, -4.18515325e-01, -1.00612128e+00,
         -7.46492207e-01, -6.86657786e-01, -1.06549358e+00, -4.15997833e-01,
          5.98134696e-01, -1.47471619e+00,  2.66962171e-01, -6.70603633e-01,
          6.24232769e-01,  2.12430015e-01,  8.58856142e-01, -8.07236433e-01,
          8.30119610e-01, -1.13873219e+00, -1.04253136e-01, -8.41258705e-01,
          6.27805650e-01, -1.54692042e+00, -2.09064317e+00,  4.22124177e-01,
         -9.68387485e-01, -1.78042185e+00, -1.19904506e+00, -1.21786758e-01,
         -1.17742293e-01, -1.12139428e+00, -1.54417247e-01,  2.67858243e+00,
         -1.50441706e-01,  6.93518043e-01,  2.92671323e-01, -8.44133258e-01,
         -1.05600166e+00,  2.63285078e-02, -1.02641726e+00, -1.41994357e+00,
         -1.40055931e+00, -1.26042664e+00, -1.23193216e+00, -2.33410597e+00,
         -1.35241890e+00, -1.35071325e+00,  7.13100433e-01, -1.92162424e-01,
          8.55754852e-01,  3.09703588e-01,  3.75204116e-01, -6.76471174e-01,
          4.23344612e-01, -2.48136058e-01, -3.11713934e-01,  1.01093799e-01,
         -5.79804182e-01, -4.14296873e-02, -7.84744680e-01, -1.60559869e+00,
         -2.25384140e+00,  2.32537538e-02, -6.98351145e-01, -8.29707861e-01,
         -8.92663300e-01, -8.04711819e-01, -1.85070443e+00,  6.31296217e-01,
         -3.77635151e-01, -4.04347479e-01, -1.10239637e+00,  4.36431676e-01,
         -1.04100637e-01,  4.80475098e-01,  5.49380660e-01, -1.27210006e-01,
         -6.39601886e-01,  3.35610092e-01, -9.23234046e-01, -1.10245144e+00,
         -6.77909017e-01, -4.03488159e-01, -2.37503648e-02, -6.44123077e-01,
         -8.30109358e-01, -5.65096557e-01, -1.00813258e+00, -1.13197064e+00,
         -2.70837456e-01, -6.97008371e-01, -8.05343211e-01, -8.56612563e-01,
         -1.59625304e+00, -6.97054029e-01, -9.31704998e-01, -6.61084116e-01,
         -1.80782819e+00, -4.76600081e-01, -4.59861845e-01, -1.70037043e+00,
         -1.93689525e+00, -7.00144649e-01, -6.29961491e-04, -1.15311868e-01,
          1.24587588e-01, -4.27553356e-02,  1.52010098e-01,  1.09147871e+00,
         -5.41910529e-01, -3.01801443e-01, -6.97094917e-01,  8.04753363e-01,
         -5.44287145e-01, -1.06339000e-01, -4.81443524e-01,  3.94380748e-01,
         -4.12397712e-01, -9.62637305e-01, -1.32182932e+00,  4.99881446e-01,
          3.25152993e-01, -5.27780950e-01, -5.59888482e-01,  8.67975533e-01,
          3.94855022e-01, -8.62033248e-01, -9.05479789e-01, -4.73312169e-01,
         -8.89496684e-01, -1.02307320e+00, -2.07900953e+00, -4.79674250e-01,
         -4.60821748e-01, -4.85757887e-01, -3.40718031e-01, -7.55617917e-01,
         -7.59424806e-01, -5.70532918e-01, -1.11058116e+00, -4.69857574e-01,
         -4.06293541e-01,  9.17259902e-02, -6.17115796e-01,  3.19715619e-01,
          7.06462741e-01, -1.41084433e+00, -7.35144198e-01, -1.35267055e+00,
         -8.37337554e-01,  2.91007638e-01, -3.67807239e-01,  8.05668607e-02,
         -5.90897799e-01, -1.77773908e-01, -3.97777408e-01, -4.43623751e-01,
         -8.32983673e-01, -2.96590328e-01, -1.30211806e+00,  4.56506908e-02,
         -3.57075930e-01, -6.68081462e-01, -2.90754557e-01, -1.77709079e+00,
         -1.50105983e-01, -3.72239262e-01, -1.50746322e+00, -4.93774951e-01,
         -1.67614907e-01, -1.68247864e-01, -4.37881172e-01, -1.16800213e+00,
          1.08569205e+00, -1.97596252e-01,  6.90966308e-01, -1.23613560e+00,
         -6.07371271e-01,  3.02625671e-02,  1.97015435e-01,  1.49752939e+00,
          1.10730839e+00, -1.71943232e-02, -5.38303971e-01, -6.36126518e-01,
         -5.84350348e-01,  7.98032522e-01, -1.55641794e-01, -3.74366522e-01,
         -1.94373941e+00,  9.58747506e-01,  6.17334962e-01,  5.96912384e-01,
          6.05096400e-01,  4.58856761e-01,  2.25196809e-01,  4.12635989e-02,
          5.20658195e-02,  1.08843279e+00,  1.06797643e-01,  8.72363925e-01,
          6.63894713e-01,  1.30665278e+00,  1.58960319e+00,  2.83575344e+00,
          1.45106637e+00,  7.29730487e-01, -8.02319825e-01,  1.05244488e-01,
          1.12881884e-03, -5.83084941e-01, -3.81377935e-01,  1.24655016e-01,
         -3.00210148e-01,  3.82459283e-01, -5.97152889e-01, -4.19246376e-01,
          5.84173538e-02, -1.38173610e-01, -1.00582564e+00,  3.45468819e-02,
         -1.40476084e+00,  9.64618623e-01, -1.08421884e-01, -3.41619104e-02,
         -8.03851783e-02, -2.03185463e+00, -1.16725817e-01,  6.78765535e-01,
          7.43074834e-01,  2.73952127e-01,  1.89697182e+00,  1.14354396e+00,
          1.68398336e-01,  1.26371241e+00,  1.14311242e+00,  4.88829434e-01,
         -4.34462279e-02, -4.45265621e-01,  1.37038982e+00,  8.73032451e-01,
          6.04142606e-01, -1.43218613e+00, -1.19023204e+00, -5.09929180e-01,
         -1.23763359e+00, -1.28966558e+00, -9.32871819e-01, -1.40980333e-01,
         -1.18948698e+00, -1.40273201e+00, -2.61064708e-01,  6.96553528e-01,
          1.78555048e+00,  5.03345013e-01, -5.07159948e-01, -3.66658926e-01,
         -1.54568183e+00,  4.73494142e-01, -4.31848884e-01, -1.86190009e+00,
         -1.13761663e+00, -1.11060381e+00, -1.21554637e+00, -1.73870683e+00,
         -1.17253149e+00, -1.75320113e+00, -1.72018015e+00, -4.70669180e-01,
         -2.81019425e+00, -1.67182148e+00, -2.06324267e+00, -1.38206089e+00,
         -9.49103177e-01, -1.36761022e+00, -1.58862424e+00, -1.84105301e+00,
         -2.10684299e-01, -3.65076065e-02, -4.91472473e-03, -3.28676224e-01,
         -3.20935786e-01,  3.72369021e-01,  5.42822033e-02, -1.24685872e+00,
         -1.32567930e+00, -1.97050810e-01, -3.40037972e-01, -3.37294847e-01,
          3.93555537e-02, -7.64477730e-01, -3.55799973e-01, -1.21065879e+00,
         -7.33537316e-01, -1.98572680e-01, -1.42115861e-01, -1.07401371e+00,
         -1.60841038e-04,  8.53982642e-02,  1.10827312e-01, -7.98848569e-01,
          5.43655455e-01, -4.27292168e-01, -1.56145737e-01, -6.05418622e-01,
         -1.31888449e-01, -1.14281845e+00, -1.59890020e+00, -6.65725112e-01,
         -1.51875496e+00, -2.38221720e-01, -1.34876800e+00, -4.92245942e-01,
         -1.67123675e-01, -1.46304679e+00, -1.37453330e+00, -2.59118043e-02,
         -1.15054882e+00, -1.21402133e+00, -2.22960278e-01,  9.63506639e-01,
         -3.89261872e-01,  4.58603799e-02,  7.33038306e-01, -1.24997699e+00,
         -3.83952439e-01,  5.12428045e-01, -4.00741607e-01,  1.79692656e-01,
         -1.78779519e+00,  2.99678469e+00, -1.34108841e+00,  1.01206422e+00,
          2.87796587e-01,  6.10993624e-01,  4.15247113e-01, -1.73840797e+00,
          1.03606009e+00,  1.53437078e+00,  2.51983237e+00,  1.28682494e+00,
          3.72521132e-01,  4.67655003e-01, -4.65630770e-01, -4.83460605e-01,
         -1.16739511e-01,  3.07598948e-01,  1.30996954e+00, -7.40140140e-01,
         -2.09144235e-01, -5.35477221e-01, -1.17136490e+00, -5.67998469e-01,
          3.04949045e-01,  4.08715487e-01,  5.41988790e-01,  2.06469083e+00,
         -4.34434742e-01,  4.35876161e-01,  1.96891928e+00,  2.98587918e-01,
          3.26993287e-01,  1.63713467e+00,  3.04131448e-01,  1.03384066e+00,
         -1.02361631e+00, -4.64910090e-01,  2.79701710e+00, -4.78976220e-01,
         -7.57826865e-01,  5.40818982e-02, -1.34213221e+00,  2.77965546e-01,
         -4.85866517e-01,  5.43983936e-01, -1.32061195e+00, -1.44125700e-01,
         -3.25132459e-02,  1.09629428e+00, -9.38404799e-01,  6.38897181e-01,
         -1.26558816e+00, -9.75031331e-02,  1.85731184e+00,  2.23838687e-02,
          4.07931581e-02,  6.99450850e-01, -7.63438821e-01, -2.35741520e+00,
          5.08300006e-01,  2.72339255e-01,  2.34268928e+00, -9.06306863e-01,
         -5.70029616e-01,  3.32169868e-02, -1.37374091e+00,  9.72953916e-01,
         -3.83085638e-01, -1.07269216e+00, -2.05756873e-01, -7.65678287e-01,
          2.70803976e+00,  6.81939125e-01,  2.47337788e-01, -1.06163435e-01,
         -9.98521745e-01,  9.31001008e-01,  1.11590755e+00,  2.43109798e+00,
         -2.54864424e-01,  3.08197618e-01,  1.33327425e-01, -6.85964108e-01,
         -3.43307227e-01,  1.11082768e+00,  9.39138293e-01,  8.73346150e-01,
          9.78260636e-02,  1.10181522e+00,  5.52758217e-01,  1.59585392e+00,
         -1.95432699e+00,  5.82352281e-01, -8.91439974e-01,  9.40609574e-01,
          6.70069337e-01,  2.74169505e-01, -1.40629947e+00,  1.45497060e+00,
          1.39896429e+00, -2.24206853e+00, -4.04415965e-01, -6.24849260e-01,
          2.92694986e-01,  1.29485473e-01, -7.95920253e-01, -9.25214350e-01,
         -1.21719241e+00,  8.69456291e-01, -1.86513931e-01, -8.19180965e-01,
         -2.10588858e-01,  3.46965939e-01, -1.16247547e+00, -3.96245360e-01,
         -6.89073563e-01, -1.40207517e+00,  7.23506212e-01,  1.94977546e+00,
         -2.38033995e-01, -7.92254746e-01,  2.85393643e+00,  1.32589066e+00,
          4.53584850e-01, -3.30418259e-01,  2.47867322e+00, -1.82208049e+00,
         -1.07924712e+00, -9.35810685e-01,  7.11892694e-02,  1.58682871e+00,
          5.83834708e-01, -1.44627619e+00,  1.50521350e+00, -4.00769591e-01,
         -8.23410451e-01,  4.80389655e-01,  4.85216558e-01, -2.04691362e+00,
          1.17730260e+00,  2.42567945e+00, -7.11485147e-01, -2.39573643e-01,
          2.02207232e+00,  1.42237103e+00,  9.71762240e-02,  4.59762523e-04,
          4.24584866e+00,  1.58010352e+00,  7.56929338e-01,  3.28896016e-01,
         -9.73454177e-01, -4.52027231e-01,  2.88111544e+00,  8.79909992e-01,
         -3.20613027e-01,  8.63023460e-01, -3.19312274e-01,  2.63113767e-01,
          3.08761507e-01, -1.64364123e+00,  3.80989969e-01, -7.69456804e-01,
          1.05610359e+00, -1.33615482e+00, -2.17223793e-01, -1.01332092e+00,
         -1.42789197e+00,  6.14982843e-01,  7.70664930e-01,  1.02593291e+00,
          7.84567297e-01, -4.74926561e-01, -2.25470328e+00, -3.08787346e-01,
          8.78718078e-01,  1.62856686e+00, -1.09354877e+00,  8.56525362e-01,
          6.49578273e-01,  5.63845038e-01,  1.40262127e+00,  3.84880042e+00,
          2.09976435e-02,  6.08753860e-01,  3.91466916e-01, -1.08254623e+00,
          8.97738636e-01, -7.69625306e-01,  1.87706888e+00,  1.67826426e+00,
          1.29004717e+00,  3.69153291e-01,  9.56037819e-01, -2.32900000e+00,
          1.65419960e+00,  2.19967222e+00,  7.81692266e-01,  9.90861177e-01,
          5.22359431e-01, -8.39677513e-01,  6.77852273e-01,  9.81329560e-01,
         -9.55240130e-01, -4.13735062e-02,  4.86809582e-01, -8.83625373e-02,
          8.18921030e-01,  1.80599600e-01,  9.01056170e-01,  2.92368221e+00,
          2.52483106e+00, -4.81137067e-01,  9.43275332e-01,  1.26343107e+00,
         -8.73783350e-01, -9.18426037e-01,  2.10188961e+00,  2.13006973e-01,
         -1.31066191e+00,  2.11709237e+00, -8.35844934e-01,  8.71090055e-01,
          2.98222899e+00,  4.10532147e-01, -2.42451668e+00,  5.37626088e-01,
          1.11975062e+00,  1.87320970e-02, -9.42294523e-02, -1.05345383e-01,
         -1.69621193e+00,  7.44182706e-01, -6.88811600e-01,  9.81296003e-02,
          2.43092680e+00, -1.80717301e+00,  5.19976020e-01,  1.02572203e+00,
          1.88180971e+00, -1.67426753e+00,  2.18796301e+00,  3.22965074e+00,
         -1.21659899e+00, -2.57938355e-01, -8.99430275e-01,  8.95714104e-01,
         -2.81322926e-01,  1.66482913e+00, -5.11002362e-01,  2.97444016e-01,
          3.70315984e-02, -2.33187771e+00,  1.02490056e+00, -1.03141725e+00,
          3.65784359e+00, -2.06646562e-01, -5.88695168e-01, -5.98598003e-01,
         -2.73572445e-01,  2.02987385e+00, -1.72098786e-01, -6.41073644e-01,
         -3.21490616e-02,  1.57612360e+00, -4.35363263e-01, -6.09490097e-01,
         -9.89480615e-01,  9.72998857e-01,  1.52790487e-01, -5.21569073e-01,
          1.25962150e+00,  2.23805594e+00,  1.51561603e-01,  9.78991508e-01,
         -1.13784708e-02,  8.55325878e-01, -5.77140033e-01, -9.55314338e-01,
          3.20931935e+00,  2.64337867e-01, -3.21507764e+00,  2.32796133e-01,
          1.35417664e+00,  1.44976020e-01, -4.95931715e-01,  9.64077175e-01,
          1.44249380e+00,  1.39896855e-01, -2.88702518e-01,  7.11548269e-01,
          1.22654533e+00,  8.08166981e-01, -9.93155241e-02, -8.13506603e-01,
          1.46161830e+00, -1.35402799e+00, -8.67248952e-01,  1.03349543e+00,
         -3.62447351e-01,  1.29240882e+00,  1.50429741e-01,  1.88073087e+00,
          1.18946779e+00,  9.18960631e-01,  8.31474662e-01, -1.11869609e+00,
          4.98127818e-01, -1.37618542e+00,  2.78602570e-01,  1.39692985e-02,
          6.97569489e-01,  5.48983216e-01,  1.64134455e+00,  5.36509752e-01,
         -1.43196440e+00,  1.20113707e+00, -1.49973726e+00,  2.93019921e-01,
          7.60780871e-01, -4.54584599e-01, -1.97749412e+00,  1.79882550e+00,
         -2.63083689e-02,  1.37317252e+00, -1.20520186e+00,  1.51891723e-01,
          7.96788514e-01,  6.25492036e-01,  6.49281368e-02, -2.27296352e+00,
         -5.01777053e-01,  2.05029511e+00, -3.55828643e-01, -2.44995192e-01,
          1.69380438e+00,  1.80718768e+00, -1.93453282e-02,  5.95046282e-01,
          5.05353212e-01,  1.16682434e+00,  5.94947577e-01, -1.03388047e+00,
          4.54213947e-01,  2.24034953e+00,  7.41716623e-01, -1.12397313e+00,
         -1.56668171e-01, -8.53633165e-01, -5.52951515e-01,  8.11395824e-01,
          2.20094252e+00,  2.11022687e+00, -6.92008078e-01,  6.09611452e-01,
          8.73181581e-01, -1.32734478e-01,  1.00296700e+00,  1.15288079e+00,
         -1.89218307e+00,  1.71477675e+00, -1.11340261e+00,  1.89821351e+00,
          1.72382677e+00,  7.75551677e-01, -1.12708640e+00,  6.88879669e-01,
          1.04532814e+00,  2.60632366e-01, -6.07344434e-02, -4.32117939e-01,
         -7.12997794e-01,  3.16540569e-01,  3.61357594e+00,  1.16241956e+00,
          2.03950810e+00, -5.17128229e-01, -4.18696761e-01,  1.96819752e-01,
         -1.50809598e+00,  3.19735837e+00, -6.11614466e-01,  4.82006043e-01,
          5.44005275e-01,  7.46344984e-01,  4.70529461e+00,  2.70227015e-01,
          1.37634784e-01,  3.75281036e-01,  7.51450062e-01,  2.86040163e+00,
          1.62407517e-01, -6.14173710e-01,  1.23586647e-01,  3.48810405e-01,
          7.92368829e-01, -5.98483384e-01, -5.24608672e-01,  1.54413134e-01,
         -2.14489365e+00,  5.46179414e-01,  9.32915032e-01,  1.65161324e+00,
          1.37518263e+00,  9.19161141e-01, -1.93100050e-01,  2.04339314e+00,
         -5.61564080e-02, -4.46502417e-01,  2.70458102e+00,  2.06759691e+00,
         -1.42877603e+00, -6.46362066e-01, -2.06197396e-01, -5.50381094e-02,
          6.94565177e-01, -1.46004558e+00,  1.14298260e+00,  1.79869246e+00,
          1.32201254e+00, -1.02590895e+00, -9.22930360e-01,  1.27044249e+00,
         -1.47618043e+00, -1.06528926e+00,  8.64422083e-01, -1.75098729e+00,
          3.07817906e-01,  4.61662382e-01,  2.80090243e-01,  1.40578777e-01,
          1.31189382e+00, -8.36164653e-01, -4.06676345e-02,  7.08366781e-02,
          2.78375959e+00,  2.33385229e+00,  1.74146628e+00, -1.21400607e+00,
          5.82340121e-01, -1.81241080e-01, -2.11570822e-02,  3.95003605e+00,
          1.35066056e+00, -2.09944344e+00,  2.82422376e+00,  7.70610571e-01,
         -2.74632096e+00, -2.85998166e-01, -4.35554147e-01,  5.51504910e-01,
         -7.98895121e-01,  1.58697712e+00,  9.61669981e-01, -1.47207201e+00,
         -1.15263212e+00, -1.60317814e+00, -1.35426474e+00,  2.06036959e-02,
          1.68593121e+00, -1.26984373e-01, -6.86646998e-01, -1.76734194e-01,
          1.27630877e+00, -2.55607933e-01, -2.13715076e+00,  4.31340098e-01,
          1.86796856e+00,  9.07184064e-01, -7.00579166e-01,  1.41701388e+00,
          2.14312449e-01,  2.73828030e-01,  8.00364137e-01,  1.39230478e+00,
         -5.82728311e-02,  2.83813500e+00,  8.62435102e-01,  2.25995243e-01,
         -6.16534412e-01,  1.19103277e+00, -1.51898026e+00, -7.98996389e-01,
          4.34766102e+00,  1.81988478e-01,  2.70785475e+00, -7.09370494e-01,
          1.38694060e+00,  1.71119893e+00,  1.38040483e+00,  8.97558153e-01,
          9.77430195e-02, -4.11670327e-01,  1.23338687e+00,  1.31132400e+00,
          5.92646551e+00,  4.74345160e+00,  1.52799380e+00,  3.59640270e-01,
          9.22239661e-01,  2.53003627e-01, -1.05452046e-01,  1.52152681e+00,
         -1.59674466e+00, -1.05675447e+00, -4.88810509e-01, -1.63804257e+00,
          2.08161259e+00, -3.74836773e-02,  4.10604328e-01,  3.40665042e-01,
          1.79283190e+00,  2.28389192e+00,  1.10581136e+00, -4.44848329e-01,
         -2.22192264e+00,  1.73877573e+00, -3.89508843e-01, -1.15785158e+00,
         -1.36615992e+00,  7.33212829e-01, -1.19602716e+00, -1.41432834e+00,
         -1.42395639e+00, -2.07699013e+00, -1.40796185e+00, -7.25844860e-01,
         -9.68375325e-01, -7.60325253e-01, -7.34124124e-01, -7.19579518e-01,
         -7.68354833e-01, -8.17474365e-01,  1.23472258e-01, -4.17196989e-01,
         -2.67064667e+00,  3.52644980e-01, -5.53719640e-01, -7.72326291e-01,
          1.21589792e+00,  1.53395534e+00,  1.22631061e+00,  3.14170033e-01,
         -5.58345854e-01, -6.65604472e-02,  7.71865323e-02, -1.46611249e+00,
         -1.47880876e+00, -2.65126973e-02, -6.77513599e-01, -1.47581744e+00,
         -1.22850704e+00, -1.29936433e+00, -8.65888834e-01, -1.23397493e+00,
         -1.29251981e+00, -1.76246750e+00,  2.04359055e+00, -5.74016929e-01,
          1.20174360e+00,  3.01841766e-01, -8.71372879e-01,  2.59951615e+00,
         -7.50156105e-01, -5.87334812e-01,  2.16321158e+00,  1.04852629e+00,
         -9.94924545e-01, -2.78288335e-01,  3.59799922e-01, -1.04574513e+00,
          2.31003714e+00, -5.93192339e-01,  6.82919025e-01,  2.40025386e-01,
          3.58692259e-02,  1.08548915e+00, -7.90772974e-01, -1.00058876e-02,
         -9.54073429e-01,  8.54483902e-01, -9.39085484e-01, -1.04145730e+00,
         -8.72673154e-01, -2.30465412e+00, -2.10602951e+00, -1.31244814e+00,
         -1.44909573e+00, -2.82118559e+00, -8.40824097e-03,  7.75120080e-01]],
       device='cuda:0')
Adv example prediction (first 2 examples and 2 restarts):
 tensor([[[-7.89623857e-01,  2.72791433e+00, -7.46798873e-01, -1.09678018e+00,
          -8.52332592e-01,  1.84496745e-01, -2.95431465e-01, -1.22545016e+00,
          -1.31169558e+00, -9.47449863e-01, -4.61492926e-01,  9.59615260e-02,
           1.12854391e-01, -5.81048667e-01,  4.62401181e-01,  8.07534277e-01,
          -3.68423879e-01, -1.16478455e+00, -3.50380331e-01, -8.27694356e-01,
          -7.13732779e-01, -4.07173485e-02,  5.20929061e-02, -8.56441975e-01,
           7.07862377e-02, -8.17730486e-01,  7.12202609e-01, -1.22520268e-01,
          -8.69274557e-01,  5.92707515e-01, -1.08236063e+00,  8.68166983e-01,
          -5.30853987e-01, -1.06038439e+00, -8.71213615e-01, -7.64078856e-01,
           8.80766749e-01, -1.58140421e+00, -1.11068618e-02, -9.43494320e-01,
           7.37351179e-01, -1.22416735e+00, -8.95614922e-01, -4.63790476e-01,
          -5.10617435e-01, -3.92994463e-01,  8.16116691e-01, -7.66601205e-01,
          -1.66872823e+00,  3.46233323e-02,  6.29340053e-01, -2.14720368e+00,
          -2.53203660e-01,  5.92995808e-02, -8.33274841e-01, -5.06750882e-01,
          -3.90758157e-01, -1.53358734e+00,  3.36340293e-02,  5.87961257e-01,
          -1.97103620e-02, -1.11276960e+00, -1.11600292e+00,  2.24758595e-01,
           4.77711931e-02, -7.61248708e-01, -9.04850245e-01, -8.50555778e-01,
          -1.41863930e+00, -1.67159462e+00,  6.91511214e-01,  7.02546477e-01,
           7.08098650e-01,  1.82464957e+00,  1.39376175e+00,  1.79177797e+00,
           7.74078071e-01,  2.17395568e+00,  1.38525307e+00,  1.43233049e+00,
           8.48615170e-01, -1.91265488e+00, -4.12226915e-01, -9.98296082e-01,
          -7.40459144e-01, -6.95677578e-01, -1.05927730e+00, -4.21912402e-01,
           6.00340724e-01, -1.48295760e+00,  2.70823985e-01, -6.71581089e-01,
           6.22471333e-01,  2.12820396e-01,  8.53964388e-01, -7.99156070e-01,
           8.32224131e-01, -1.13824296e+00, -9.36721936e-02, -8.43574643e-01,
           6.29488111e-01, -1.54122627e+00, -2.08859468e+00,  4.34773833e-01,
          -9.68517959e-01, -1.77697170e+00, -1.19522023e+00, -1.13829061e-01,
          -1.16118588e-01, -1.11595571e+00, -1.37039393e-01,  2.69808173e+00,
          -1.57681271e-01,  6.95847213e-01,  2.95908630e-01, -8.31244290e-01,
          -1.03508985e+00,  2.86557339e-02, -1.02492285e+00, -1.40477872e+00,
          -1.40307879e+00, -1.24501634e+00, -1.22938883e+00, -2.32435226e+00,
          -1.34906530e+00, -1.35483718e+00,  7.36770272e-01, -1.89770162e-01,
           8.62674534e-01,  3.05151969e-01,  3.74891549e-01, -6.77690744e-01,
           4.17628795e-01, -2.49848336e-01, -3.17456692e-01,  9.88503695e-02,
          -5.81413507e-01, -4.96126451e-02, -7.82003999e-01, -1.60629940e+00,
          -2.25932407e+00,  1.65496655e-02, -7.02136219e-01, -8.28884959e-01,
          -8.96869004e-01, -8.01792324e-01, -1.85184312e+00,  6.50208533e-01,
          -3.66436988e-01, -3.87862623e-01, -1.09672654e+00,  4.36323851e-01,
          -7.99928829e-02,  4.90634203e-01,  5.63511133e-01, -1.16149634e-01,
          -6.31826162e-01,  3.49015534e-01, -9.16150987e-01, -1.10230219e+00,
          -6.57122433e-01, -4.09059107e-01, -2.44078934e-02, -6.35894835e-01,
          -8.28804135e-01, -5.57976484e-01, -1.00542474e+00, -1.11680913e+00,
          -2.66547084e-01, -6.86715126e-01, -7.87823021e-01, -8.72646749e-01,
          -1.60339725e+00, -6.89316928e-01, -9.29725766e-01, -6.30607486e-01,
          -1.79128051e+00, -4.61237848e-01, -4.66958314e-01, -1.69457185e+00,
          -1.93408668e+00, -6.90249860e-01,  1.57245025e-02, -1.08003072e-01,
           1.29229710e-01, -2.87667308e-02,  1.67474106e-01,  1.10721743e+00,
          -5.16419709e-01, -2.86407441e-01, -6.74736202e-01,  8.15296352e-01,
          -5.31240821e-01, -8.14848915e-02, -4.53819841e-01,  3.91248226e-01,
          -4.00671601e-01, -9.42505479e-01, -1.30519688e+00,  5.16105056e-01,
           3.52548003e-01, -5.17098486e-01, -5.49412906e-01,  8.71735811e-01,
           4.05534685e-01, -8.46063912e-01, -8.90063703e-01, -4.60914999e-01,
          -8.83705795e-01, -1.02371001e+00, -2.07040262e+00, -4.74529922e-01,
          -4.48774517e-01, -4.75878626e-01, -3.20041209e-01, -7.50396132e-01,
          -7.44376183e-01, -5.70561528e-01, -1.10388434e+00, -4.60430682e-01,
          -3.86295468e-01,  1.09329179e-01, -6.03754342e-01,  3.22438449e-01,
           7.19973207e-01, -1.40603995e+00, -7.07661033e-01, -1.34330404e+00,
          -8.24359119e-01,  3.07155520e-01, -3.59483629e-01,  9.82432291e-02,
          -5.80428898e-01, -1.60783187e-01, -3.94149601e-01, -4.30825919e-01,
          -8.29005599e-01, -3.02204251e-01, -1.29370701e+00,  5.84613234e-02,
          -3.47657681e-01, -6.59667671e-01, -2.89381832e-01, -1.77366996e+00,
          -1.20646603e-01, -3.79126340e-01, -1.50140381e+00, -4.80764747e-01,
          -1.59221590e-01, -1.61848694e-01, -4.34200525e-01, -1.17040157e+00,
           1.11971569e+00, -1.99118137e-01,  6.92545652e-01, -1.22317469e+00,
          -5.88063538e-01,  4.08801511e-02,  2.02612147e-01,  1.50780427e+00,
           1.12549508e+00, -7.66714616e-03, -5.15664816e-01, -6.37040317e-01,
          -5.83584368e-01,  8.01286817e-01, -1.48351803e-01, -3.66485178e-01,
          -1.93837881e+00,  9.73236799e-01,  6.28687263e-01,  6.10675931e-01,
           6.16946995e-01,  4.71696764e-01,  2.35448837e-01,  4.97831590e-02,
           5.73465675e-02,  1.09427607e+00,  1.07615925e-01,  8.82375002e-01,
           6.72838688e-01,  1.31060755e+00,  1.59378588e+00,  2.84380722e+00,
           1.44608307e+00,  7.27593184e-01, -7.96717227e-01,  1.09762758e-01,
           8.55439529e-03, -5.75318396e-01, -3.74462634e-01,  1.39241248e-01,
          -2.89134651e-01,  3.83897185e-01, -5.82106233e-01, -4.10020053e-01,
           6.78906143e-02, -1.17484227e-01, -1.00359952e+00,  3.46916318e-02,
          -1.39746010e+00,  9.61970389e-01, -9.48704556e-02, -3.37691009e-02,
          -7.53277764e-02, -2.03497076e+00, -1.20657668e-01,  6.79134309e-01,
           7.40287483e-01,  2.73387879e-01,  1.89447629e+00,  1.13882732e+00,
           1.66896001e-01,  1.26268053e+00,  1.14382744e+00,  4.77826685e-01,
          -3.78769636e-02, -4.42778021e-01,  1.37304914e+00,  8.68218362e-01,
           5.96289754e-01, -1.42748666e+00, -1.18482745e+00, -5.09157419e-01,
          -1.23838592e+00, -1.28850031e+00, -9.33959365e-01, -1.31789088e-01,
          -1.18417966e+00, -1.38213539e+00, -2.56197155e-01,  7.05599964e-01,
           1.79886627e+00,  4.94368166e-01, -4.87200946e-01, -3.48375708e-01,
          -1.54424441e+00,  4.80330676e-01, -4.24684584e-01, -1.85763633e+00,
          -1.13582826e+00, -1.10092747e+00, -1.20528769e+00, -1.73140430e+00,
          -1.17321098e+00, -1.74101269e+00, -1.72053587e+00, -4.62925464e-01,
          -2.81259108e+00, -1.67015207e+00, -2.05795646e+00, -1.37421715e+00,
          -9.51567531e-01, -1.36030388e+00, -1.59049428e+00, -1.82975221e+00,
          -2.04534903e-01, -2.60402244e-02,  4.89578256e-03, -3.18511784e-01,
          -3.15053999e-01,  3.93281788e-01,  6.33014292e-02, -1.24687183e+00,
          -1.31666934e+00, -1.72476739e-01, -3.21357340e-01, -3.20789665e-01,
           5.83831444e-02, -7.44266748e-01, -3.40894341e-01, -1.19158459e+00,
          -7.22093940e-01, -1.89798355e-01, -1.31682619e-01, -1.06146097e+00,
           8.01564939e-03,  9.69361290e-02,  1.11627743e-01, -7.84162760e-01,
           5.59627950e-01, -4.14268941e-01, -1.49445504e-01, -6.03022993e-01,
          -1.15649790e-01, -1.14265394e+00, -1.59535050e+00, -6.48077011e-01,
          -1.51561475e+00, -2.23723575e-01, -1.34033239e+00, -4.84203845e-01,
          -1.39722779e-01, -1.46917343e+00, -1.36200058e+00, -1.33799054e-02,
          -1.14629829e+00, -1.20904303e+00, -2.27624908e-01,  9.50213850e-01,
          -3.91923815e-01,  3.20315957e-02,  7.13450730e-01, -1.24860954e+00,
          -3.89204860e-01,  5.11684299e-01, -4.11248654e-01,  1.89773947e-01,
          -1.77955198e+00,  3.00979900e+00, -1.34296143e+00,  9.98366296e-01,
           2.80521154e-01,  6.08478308e-01,  4.09224242e-01, -1.74195588e+00,
           1.03420210e+00,  1.52897394e+00,  2.52091312e+00,  1.28511751e+00,
           3.63993227e-01,  4.48022366e-01, -4.63388354e-01, -5.00067174e-01,
          -1.21854246e-01,  3.00127745e-01,  1.31560814e+00, -7.40997970e-01,
          -2.12505758e-01, -5.37400663e-01, -1.16953743e+00, -5.89965165e-01,
           2.98905969e-01,  4.01678801e-01,  5.33655226e-01,  2.04475069e+00,
          -4.32458639e-01,  4.26070094e-01,  1.97524226e+00,  3.16164315e-01,
           3.26072276e-01,  1.64060974e+00,  3.06908041e-01,  1.02464688e+00,
          -1.02686346e+00, -4.63722646e-01,  2.79008913e+00, -4.89816129e-01,
          -7.75409102e-01,  4.93161790e-02, -1.33719146e+00,  2.77553439e-01,
          -4.98121351e-01,  5.29693305e-01, -1.33004451e+00, -1.50348365e-01,
          -3.09974421e-02,  1.08156288e+00, -9.43599880e-01,  6.29646778e-01,
          -1.27400720e+00, -9.65761542e-02,  1.85075438e+00,  1.13669857e-02,
           4.00754288e-02,  7.03578115e-01, -7.71335959e-01, -2.36436939e+00,
           5.08891881e-01,  2.86839008e-01,  2.33432341e+00, -9.17186499e-01,
          -5.73601961e-01,  2.35973708e-02, -1.38300788e+00,  9.67301548e-01,
          -3.84189695e-01, -1.06723285e+00, -2.21099943e-01, -7.65934706e-01,
           2.71391296e+00,  6.86178207e-01,  2.55536020e-01, -1.06107511e-01,
          -1.00552928e+00,  9.30344522e-01,  1.09897959e+00,  2.43224001e+00,
          -2.51697749e-01,  3.05956870e-01,  1.33172199e-01, -6.73759937e-01,
          -3.56543958e-01,  1.10748148e+00,  9.33669448e-01,  8.72126997e-01,
           1.03148341e-01,  1.09632266e+00,  5.45128405e-01,  1.58981788e+00,
          -1.96205437e+00,  5.69192052e-01, -8.90284836e-01,  9.32761133e-01,
           6.64793849e-01,  2.62292355e-01, -1.40397143e+00,  1.45628428e+00,
           1.39010131e+00, -2.25202417e+00, -4.04736191e-01, -6.25221670e-01,
           2.89545983e-01,  1.19685531e-01, -8.04600418e-01, -9.39006805e-01,
          -1.24529326e+00,  8.57689261e-01, -1.91940382e-01, -8.31754208e-01,
          -2.43351549e-01,  3.44513506e-01, -1.15919352e+00, -4.09557521e-01,
          -6.95828915e-01, -1.40474653e+00,  7.04078078e-01,  1.93407679e+00,
          -2.44433165e-01, -8.01578879e-01,  2.85856986e+00,  1.33109963e+00,
           4.35020894e-01, -3.35049659e-01,  2.46799588e+00, -1.82265091e+00,
          -1.09015048e+00, -9.24336851e-01,  6.45339638e-02,  1.59273338e+00,
           5.90369999e-01, -1.45495486e+00,  1.49764776e+00, -4.13851470e-01,
          -8.20425928e-01,  4.60640937e-01,  4.73452508e-01, -2.04285812e+00,
           1.18256521e+00,  2.41204047e+00, -7.19142318e-01, -2.40051851e-01,
           2.02469730e+00,  1.41391706e+00,  1.04408666e-01,  8.96281190e-03,
           4.24753666e+00,  1.56850433e+00,  7.50744462e-01,  3.12450290e-01,
          -9.80164170e-01, -4.59015161e-01,  2.88198853e+00,  8.75758708e-01,
          -3.44125956e-01,  8.44661713e-01, -3.24275017e-01,  2.73298949e-01,
           3.04086655e-01, -1.63849628e+00,  3.71655315e-01, -7.65700400e-01,
           1.05205059e+00, -1.33258462e+00, -2.13066727e-01, -1.01989675e+00,
          -1.42911959e+00,  6.14047825e-01,  7.54991531e-01,  1.00487995e+00,
           7.75521576e-01, -4.83020067e-01, -2.25912213e+00, -3.09752226e-01,
           8.88865888e-01,  1.63233876e+00, -1.08922911e+00,  8.47621202e-01,
           6.30319417e-01,  5.54090559e-01,  1.41767824e+00,  3.84609365e+00,
           1.86741352e-02,  6.01143181e-01,  3.77551466e-01, -1.07875025e+00,
           8.98128450e-01, -7.75939465e-01,  1.85786653e+00,  1.68446076e+00,
           1.27256286e+00,  3.61327201e-01,  9.55134273e-01, -2.32665014e+00,
           1.65297008e+00,  2.19044518e+00,  7.57640004e-01,  9.90520537e-01,
           5.15585721e-01, -8.40973675e-01,  6.79368258e-01,  9.83500242e-01,
          -9.57628846e-01, -4.65462022e-02,  4.68126625e-01, -8.15384015e-02,
           8.23595345e-01,  1.63173065e-01,  8.93127680e-01,  2.89053679e+00,
           2.50374460e+00, -4.78003353e-01,  9.31477070e-01,  1.26803291e+00,
          -8.84221911e-01, -9.14636791e-01,  2.09926534e+00,  2.16075301e-01,
          -1.31616521e+00,  2.11595988e+00, -8.39101911e-01,  8.69863331e-01,
           2.98001122e+00,  4.15110916e-01, -2.42754316e+00,  5.51964045e-01,
           1.11777318e+00,  1.45021789e-02, -9.99007672e-02, -1.13640085e-01,
          -1.69199860e+00,  7.49029696e-01, -7.12832212e-01,  9.04017985e-02,
           2.42546511e+00, -1.80607033e+00,  5.28188586e-01,  1.02281225e+00,
           1.87203503e+00, -1.67986476e+00,  2.17628312e+00,  3.23713279e+00,
          -1.23208880e+00, -2.53941089e-01, -8.93997669e-01,  8.87486875e-01,
          -2.80339539e-01,  1.66803825e+00, -5.02188087e-01,  2.89019942e-01,
           3.71279716e-02, -2.32690573e+00,  1.01968122e+00, -1.02825773e+00,
           3.64615607e+00, -2.13799238e-01, -5.89187741e-01, -6.02433741e-01,
          -2.79589832e-01,  2.00975633e+00, -1.79626748e-01, -6.40864253e-01,
          -4.41525355e-02,  1.56059420e+00, -4.39887166e-01, -6.01161540e-01,
          -9.75400746e-01,  9.68328595e-01,  1.53373182e-01, -5.27726233e-01,
           1.26488638e+00,  2.21493888e+00,  1.42581552e-01,  9.77996588e-01,
          -5.22018597e-03,  8.74912798e-01, -5.74220121e-01, -9.72228408e-01,
           3.22126412e+00,  2.58012921e-01, -3.21038771e+00,  2.38707036e-01,
           1.35913014e+00,  1.39506459e-01, -4.92542833e-01,  9.51169610e-01,
           1.43391025e+00,  1.16785832e-01, -2.83729762e-01,  7.03630090e-01,
           1.21957445e+00,  7.97965229e-01, -1.03816748e-01, -8.29544187e-01,
           1.44507027e+00, -1.35237813e+00, -8.85786235e-01,  1.03228712e+00,
          -3.68509293e-01,  1.27759445e+00,  1.46611527e-01,  1.87170529e+00,
           1.20445311e+00,  9.05722737e-01,  8.31869900e-01, -1.11119902e+00,
           4.84419376e-01, -1.37512875e+00,  2.71127999e-01,  2.35822052e-04,
           6.95113480e-01,  5.39005160e-01,  1.63580763e+00,  5.25639832e-01,
          -1.43755937e+00,  1.18668127e+00, -1.49745464e+00,  2.82504827e-01,
           7.52119780e-01, -4.62311745e-01, -1.97490680e+00,  1.79150987e+00,
          -3.05457823e-02,  1.36630189e+00, -1.19914424e+00,  1.47978798e-01,
           7.84533918e-01,  6.23976946e-01,  6.90298304e-02, -2.27213907e+00,
          -5.02790511e-01,  2.05776191e+00, -3.70417535e-01, -2.58604437e-01,
           1.70144522e+00,  1.79075813e+00, -9.32987034e-03,  5.89098334e-01,
           5.01566589e-01,  1.16995680e+00,  5.76412201e-01, -1.03401852e+00,
           4.53894258e-01,  2.21989536e+00,  7.37650573e-01, -1.12709165e+00,
          -1.60752371e-01, -8.55042219e-01, -5.58704257e-01,  8.05937052e-01,
           2.18728471e+00,  2.10942841e+00, -7.06167459e-01,  6.04021490e-01,
           8.61642241e-01, -1.53317779e-01,  1.01167965e+00,  1.14256322e+00,
          -1.89110744e+00,  1.70916820e+00, -1.12243700e+00,  1.89615440e+00,
           1.72080386e+00,  7.62694895e-01, -1.14481807e+00,  6.74962759e-01,
           1.04038978e+00,  2.56161064e-01, -6.46564662e-02, -4.30175126e-01,
          -7.21578360e-01,  3.27426344e-01,  3.61438203e+00,  1.16101432e+00,
           2.03481960e+00, -5.26389599e-01, -4.39844042e-01,  2.04053491e-01,
          -1.51530659e+00,  3.17955852e+00, -6.22138798e-01,  4.68120128e-01,
           5.38685322e-01,  7.29638517e-01,  4.67411900e+00,  2.70199299e-01,
           1.36292160e-01,  3.61763120e-01,  7.46103287e-01,  2.83550262e+00,
           1.65512443e-01, -6.12255335e-01,  1.27586380e-01,  3.66103083e-01,
           7.80332923e-01, -5.94415009e-01, -5.35499632e-01,  1.51296824e-01,
          -2.14812994e+00,  5.44455588e-01,  9.31777358e-01,  1.64240670e+00,
           1.37607050e+00,  9.12091434e-01, -1.79962561e-01,  2.04185319e+00,
          -6.22865446e-02, -4.49238032e-01,  2.68518305e+00,  2.05028677e+00,
          -1.41817391e+00, -6.46134973e-01, -2.08972588e-01, -6.91018105e-02,
           6.90158963e-01, -1.46085274e+00,  1.15004933e+00,  1.79573727e+00,
           1.32236934e+00, -1.02542603e+00, -9.35391068e-01,  1.24991572e+00,
          -1.48063529e+00, -1.05746448e+00,  8.49224508e-01, -1.75266159e+00,
           2.97743648e-01,  4.45549130e-01,  2.87323385e-01,  1.31162718e-01,
           1.30103302e+00, -8.42634678e-01, -4.91332449e-02,  6.42010048e-02,
           2.78040195e+00,  2.32459402e+00,  1.71652102e+00, -1.21359813e+00,
           5.87469161e-01, -1.97069094e-01, -2.94828378e-02,  3.94760203e+00,
           1.35933399e+00, -2.10385227e+00,  2.79505992e+00,  7.77844250e-01,
          -2.73093247e+00, -2.94174880e-01, -4.54724193e-01,  5.29181421e-01,
          -7.92933524e-01,  1.57341433e+00,  9.55658615e-01, -1.47845113e+00,
          -1.14170837e+00, -1.60016596e+00, -1.35058784e+00,  1.71116684e-02,
           1.68415511e+00, -1.45969585e-01, -6.90333128e-01, -1.77885905e-01,
           1.25932407e+00, -2.58549988e-01, -2.12872744e+00,  4.25117344e-01,
           1.85194445e+00,  9.02647078e-01, -7.02687025e-01,  1.39661825e+00,
           2.08054036e-01,  2.67769098e-01,  7.81461775e-01,  1.38193476e+00,
          -6.73489273e-02,  2.83548713e+00,  8.65581810e-01,  2.10866466e-01,
          -6.16626024e-01,  1.17381096e+00, -1.52013290e+00, -8.00700426e-01,
           4.34159946e+00,  1.82297230e-01,  2.68398833e+00, -7.06199825e-01,
           1.37220454e+00,  1.70776641e+00,  1.36913049e+00,  8.79920423e-01,
           8.41356069e-02, -3.98563325e-01,  1.23406446e+00,  1.31672180e+00,
           5.92889357e+00,  4.70217371e+00,  1.53134894e+00,  3.52140337e-01,
           9.17873144e-01,  2.53836006e-01, -1.13407835e-01,  1.52859926e+00,
          -1.59701991e+00, -1.05988097e+00, -4.83166933e-01, -1.65080345e+00,
           2.08028173e+00, -3.76096517e-02,  4.04947817e-01,  3.37246329e-01,
           1.79480171e+00,  2.28606486e+00,  1.09984207e+00, -4.44845289e-01,
          -2.21854973e+00,  1.75611448e+00, -3.77135247e-01, -1.15796828e+00,
          -1.37622070e+00,  7.22703159e-01, -1.19840896e+00, -1.41692245e+00,
          -1.41887355e+00, -2.08543611e+00, -1.40286779e+00, -7.28072584e-01,
          -9.60184813e-01, -7.57050872e-01, -7.31782794e-01, -7.04946399e-01,
          -7.56335497e-01, -8.07452679e-01,  1.23826921e-01, -4.10186529e-01,
          -2.66625476e+00,  3.49848092e-01, -5.44107914e-01, -7.84272075e-01,
           1.21536505e+00,  1.54089797e+00,  1.21875942e+00,  3.10509235e-01,
          -5.54248869e-01, -7.27946535e-02,  5.71653172e-02, -1.46699727e+00,
          -1.47805738e+00, -3.07417363e-02, -6.85954809e-01, -1.47563314e+00,
          -1.23365617e+00, -1.31088328e+00, -8.65612268e-01, -1.23828042e+00,
          -1.29499650e+00, -1.76662803e+00,  2.03860092e+00, -5.81042409e-01,
           1.18790650e+00,  3.00246239e-01, -8.71393204e-01,  2.59041786e+00,
          -7.49536157e-01, -5.74061573e-01,  2.17572808e+00,  1.05261099e+00,
          -9.91601467e-01, -2.82584429e-01,  3.52875292e-01, -1.03607416e+00,
           2.32412982e+00, -5.92280626e-01,  6.59169197e-01,  2.39638612e-01,
           3.67686898e-02,  1.08024848e+00, -7.88830638e-01, -6.76253065e-03,
          -9.56363082e-01,  8.60741556e-01, -9.33398426e-01, -1.03698289e+00,
          -8.73727679e-01, -2.30015731e+00, -2.09985328e+00, -1.30593276e+00,
          -1.44048560e+00, -2.81872225e+00, -5.33140451e-03,  7.50293136e-01]]],
       device='cuda:0')
PGD attack margin (first 2 examples and 10 specs):
 tensor([[[0.91863376]]], device='cuda:0')
number of violation:  0
Attack finished in 7.9804 seconds.
PGD attack failed
verified_status unknown
verified_success False
Total VNNLIB file length: 1, max property batch size: 1, total number of batches: 1

Properties batch 0, size 1
Remaining timeout: 1153.8653783798218
Verifying property 0 with 1 instances.
torch allclose failed: norm 8.889588571037166e-06
Model: BoundedModule(
  (/input-1): BoundInput(name=/input-1, inputs=[], perturbed=True)
  (/33): BoundParams(name=/33, inputs=[], perturbed=False)
  (/34): BoundParams(name=/34, inputs=[], perturbed=False)
  (/35): BoundParams(name=/35, inputs=[], perturbed=False)
  (/36): BoundParams(name=/36, inputs=[], perturbed=False)
  (/37): BoundParams(name=/37, inputs=[], perturbed=False)
  (/38): BoundParams(name=/38, inputs=[], perturbed=False)
  (/39): BoundParams(name=/39, inputs=[], perturbed=False)
  (/40): BoundParams(name=/40, inputs=[], perturbed=False)
  (/41): BoundParams(name=/41, inputs=[], perturbed=False)
  (/42): BoundParams(name=/42, inputs=[], perturbed=False)
  (/43): BoundParams(name=/43, inputs=[], perturbed=False)
  (/44): BoundParams(name=/44, inputs=[], perturbed=False)
  (/45): BoundParams(name=/45, inputs=[], perturbed=False)
  (/46): BoundParams(name=/46, inputs=[], perturbed=False)
  (/47): BoundParams(name=/47, inputs=[], perturbed=False)
  (/48): BoundParams(name=/48, inputs=[], perturbed=False)
  (/49): BoundParams(name=/49, inputs=[], perturbed=False)
  (/50): BoundParams(name=/50, inputs=[], perturbed=False)
  (/51): BoundParams(name=/51, inputs=[], perturbed=False)
  (/52): BoundParams(name=/52, inputs=[], perturbed=False)
  (/53): BoundParams(name=/53, inputs=[], perturbed=False)
  (/54): BoundParams(name=/54, inputs=[], perturbed=False)
  (/55): BoundParams(name=/55, inputs=[], perturbed=False)
  (/56): BoundParams(name=/56, inputs=[], perturbed=False)
  (/57): BoundParams(name=/57, inputs=[], perturbed=False)
  (/58): BoundParams(name=/58, inputs=[], perturbed=False)
  (/59): BoundParams(name=/59, inputs=[], perturbed=False)
  (/60): BoundParams(name=/60, inputs=[], perturbed=False)
  (/61): BoundParams(name=/61, inputs=[], perturbed=False)
  (/62): BoundParams(name=/62, inputs=[], perturbed=False)
  (/63): BoundParams(name=/63, inputs=[], perturbed=False)
  (/64): BoundParams(name=/64, inputs=[], perturbed=False)
  (/input): BoundConv(name=/input, inputs=[/input-1, /33, /34], perturbed=True)
  (/66): BoundRelu(name=/66, inputs=[/input], perturbed=True)
  (/input-4): BoundConv(name=/input-4, inputs=[/66, /35, /36], perturbed=True)
  (/68): BoundRelu(name=/68, inputs=[/input-4], perturbed=True)
  (/input-12): BoundConv(name=/input-12, inputs=[/input-8/add_3_4, /37, /38], perturbed=True)
  (/71): BoundRelu(name=/71, inputs=[/input-12], perturbed=True)
  (/input-16): BoundConv(name=/input-16, inputs=[/71, /39, /40], perturbed=True)
  (/73): BoundRelu(name=/73, inputs=[/input-16], perturbed=True)
  (/input-24): BoundConv(name=/input-24, inputs=[/input-20/add_3_4, /41, /42], perturbed=True)
  (/76): BoundRelu(name=/76, inputs=[/input-24], perturbed=True)
  (/input-28): BoundConv(name=/input-28, inputs=[/76, /43, /44], perturbed=True)
  (/78): BoundRelu(name=/78, inputs=[/input-28], perturbed=True)
  (/input-32): BoundConv(name=/input-32, inputs=[/78, /45, /46], perturbed=True)
  (/80): BoundRelu(name=/80, inputs=[/input-32], perturbed=True)
  (/input-40): BoundConv(name=/input-40, inputs=[/input-36/add_3_4, /47, /48], perturbed=True)
  (/83): BoundRelu(name=/83, inputs=[/input-40], perturbed=True)
  (/input-44): BoundConv(name=/input-44, inputs=[/83, /49, /50], perturbed=True)
  (/85): BoundRelu(name=/85, inputs=[/input-44], perturbed=True)
  (/input-48): BoundConv(name=/input-48, inputs=[/85, /51, /52], perturbed=True)
  (/87): BoundRelu(name=/87, inputs=[/input-48], perturbed=True)
  (/input-56): BoundConv(name=/input-56, inputs=[/input-52/add_3_4, /53, /54], perturbed=True)
  (/90): BoundRelu(name=/90, inputs=[/input-56], perturbed=True)
  (/input-60): BoundConv(name=/input-60, inputs=[/90, /55, /56], perturbed=True)
  (/92): BoundRelu(name=/92, inputs=[/input-60], perturbed=True)
  (/input-64): BoundConv(name=/input-64, inputs=[/92, /57, /58], perturbed=True)
  (/94): BoundRelu(name=/94, inputs=[/input-64], perturbed=True)
  (/96): BoundFlatten(name=/96, inputs=[/95/add_3_4], perturbed=True)
  (/input-68): BoundLinear(name=/input-68, inputs=[/96, /59, /60], perturbed=True)
  (/98): BoundRelu(name=/98, inputs=[/input-68], perturbed=True)
  (/99): BoundFlatten(name=/99, inputs=[/98], perturbed=True)
  (/input-72): BoundLinear(name=/input-72, inputs=[/99, /61, /62], perturbed=True)
  (/101): BoundRelu(name=/101, inputs=[/input-72], perturbed=True)
  (/102): BoundFlatten(name=/102, inputs=[/101], perturbed=True)
  (/103): BoundLinear(name=/103, inputs=[/102, /63, /64], perturbed=True)
  (/input-8/conv_1): BoundConv(name=/input-8/conv_1, inputs=[/68, /input-8/conv_1_w], perturbed=True)
  (/input-8/conv_1_relu): BoundRelu(name=/input-8/conv_1_relu, inputs=[/input-8/conv_1], perturbed=True)
  (/input-8/conv_1_w): BoundParams(name=/input-8/conv_1_w, inputs=[], perturbed=False)
  (/input-8/conv_2): BoundConv(name=/input-8/conv_2, inputs=[/68, /input-8/conv_2_w], perturbed=True)
  (/input-8/conv_2_w): BoundParams(name=/input-8/conv_2_w, inputs=[], perturbed=False)
  (/input-8/conv_3): BoundConv(name=/input-8/conv_3, inputs=[/input-8/add_1_2, /input-8/conv_3_w], perturbed=True)
  (/input-8/conv_3_relu): BoundRelu(name=/input-8/conv_3_relu, inputs=[/input-8/conv_3], perturbed=True)
  (/input-8/conv_3_w): BoundParams(name=/input-8/conv_3_w, inputs=[], perturbed=False)
  (/input-8/conv_4): BoundConv(name=/input-8/conv_4, inputs=[/input-8/add_1_2, /input-8/conv_4_w], perturbed=True)
  (/input-8/conv_4_w): BoundParams(name=/input-8/conv_4_w, inputs=[], perturbed=False)
  (/input-8/add_1_2): BoundAdd(name=/input-8/add_1_2, inputs=[/input-8/conv_1_relu, /input-8/conv_2], perturbed=True)
  (/input-8/add_3_4): BoundAdd(name=/input-8/add_3_4, inputs=[/input-8/conv_3_relu, /input-8/conv_4], perturbed=True)
  (/input-20/conv_1): BoundConv(name=/input-20/conv_1, inputs=[/73, /input-20/conv_1_w], perturbed=True)
  (/input-20/conv_1_relu): BoundRelu(name=/input-20/conv_1_relu, inputs=[/input-20/conv_1], perturbed=True)
  (/input-20/conv_1_w): BoundParams(name=/input-20/conv_1_w, inputs=[], perturbed=False)
  (/input-20/conv_2): BoundConv(name=/input-20/conv_2, inputs=[/73, /input-20/conv_2_w], perturbed=True)
  (/input-20/conv_2_w): BoundParams(name=/input-20/conv_2_w, inputs=[], perturbed=False)
  (/input-20/conv_3): BoundConv(name=/input-20/conv_3, inputs=[/input-20/add_1_2, /input-20/conv_3_w], perturbed=True)
  (/input-20/conv_3_relu): BoundRelu(name=/input-20/conv_3_relu, inputs=[/input-20/conv_3], perturbed=True)
  (/input-20/conv_3_w): BoundParams(name=/input-20/conv_3_w, inputs=[], perturbed=False)
  (/input-20/conv_4): BoundConv(name=/input-20/conv_4, inputs=[/input-20/add_1_2, /input-20/conv_4_w], perturbed=True)
  (/input-20/conv_4_w): BoundParams(name=/input-20/conv_4_w, inputs=[], perturbed=False)
  (/input-20/add_1_2): BoundAdd(name=/input-20/add_1_2, inputs=[/input-20/conv_1_relu, /input-20/conv_2], perturbed=True)
  (/input-20/add_3_4): BoundAdd(name=/input-20/add_3_4, inputs=[/input-20/conv_3_relu, /input-20/conv_4], perturbed=True)
  (/input-36/conv_1): BoundConv(name=/input-36/conv_1, inputs=[/80, /input-36/conv_1_w], perturbed=True)
  (/input-36/conv_1_relu): BoundRelu(name=/input-36/conv_1_relu, inputs=[/input-36/conv_1], perturbed=True)
  (/input-36/conv_1_w): BoundParams(name=/input-36/conv_1_w, inputs=[], perturbed=False)
  (/input-36/conv_2): BoundConv(name=/input-36/conv_2, inputs=[/80, /input-36/conv_2_w], perturbed=True)
  (/input-36/conv_2_w): BoundParams(name=/input-36/conv_2_w, inputs=[], perturbed=False)
  (/input-36/conv_3): BoundConv(name=/input-36/conv_3, inputs=[/input-36/add_1_2, /input-36/conv_3_w], perturbed=True)
  (/input-36/conv_3_relu): BoundRelu(name=/input-36/conv_3_relu, inputs=[/input-36/conv_3], perturbed=True)
  (/input-36/conv_3_w): BoundParams(name=/input-36/conv_3_w, inputs=[], perturbed=False)
  (/input-36/conv_4): BoundConv(name=/input-36/conv_4, inputs=[/input-36/add_1_2, /input-36/conv_4_w], perturbed=True)
  (/input-36/conv_4_w): BoundParams(name=/input-36/conv_4_w, inputs=[], perturbed=False)
  (/input-36/add_1_2): BoundAdd(name=/input-36/add_1_2, inputs=[/input-36/conv_1_relu, /input-36/conv_2], perturbed=True)
  (/input-36/add_3_4): BoundAdd(name=/input-36/add_3_4, inputs=[/input-36/conv_3_relu, /input-36/conv_4], perturbed=True)
  (/input-52/conv_1): BoundConv(name=/input-52/conv_1, inputs=[/87, /input-52/conv_1_w], perturbed=True)
  (/input-52/conv_1_relu): BoundRelu(name=/input-52/conv_1_relu, inputs=[/input-52/conv_1], perturbed=True)
  (/input-52/conv_1_w): BoundParams(name=/input-52/conv_1_w, inputs=[], perturbed=False)
  (/input-52/conv_2): BoundConv(name=/input-52/conv_2, inputs=[/87, /input-52/conv_2_w], perturbed=True)
  (/input-52/conv_2_w): BoundParams(name=/input-52/conv_2_w, inputs=[], perturbed=False)
  (/input-52/conv_3): BoundConv(name=/input-52/conv_3, inputs=[/input-52/add_1_2, /input-52/conv_3_w], perturbed=True)
  (/input-52/conv_3_relu): BoundRelu(name=/input-52/conv_3_relu, inputs=[/input-52/conv_3], perturbed=True)
  (/input-52/conv_3_w): BoundParams(name=/input-52/conv_3_w, inputs=[], perturbed=False)
  (/input-52/conv_4): BoundConv(name=/input-52/conv_4, inputs=[/input-52/add_1_2, /input-52/conv_4_w], perturbed=True)
  (/input-52/conv_4_w): BoundParams(name=/input-52/conv_4_w, inputs=[], perturbed=False)
  (/input-52/add_1_2): BoundAdd(name=/input-52/add_1_2, inputs=[/input-52/conv_1_relu, /input-52/conv_2], perturbed=True)
  (/input-52/add_3_4): BoundAdd(name=/input-52/add_3_4, inputs=[/input-52/conv_3_relu, /input-52/conv_4], perturbed=True)
  (/95/conv_1): BoundConv(name=/95/conv_1, inputs=[/94, /95/conv_1_w], perturbed=True)
  (/95/conv_1_relu): BoundRelu(name=/95/conv_1_relu, inputs=[/95/conv_1], perturbed=True)
  (/95/conv_1_w): BoundParams(name=/95/conv_1_w, inputs=[], perturbed=False)
  (/95/conv_2): BoundConv(name=/95/conv_2, inputs=[/94, /95/conv_2_w], perturbed=True)
  (/95/conv_2_w): BoundParams(name=/95/conv_2_w, inputs=[], perturbed=False)
  (/95/conv_3): BoundConv(name=/95/conv_3, inputs=[/95/add_1_2, /95/conv_3_w], perturbed=True)
  (/95/conv_3_relu): BoundRelu(name=/95/conv_3_relu, inputs=[/95/conv_3], perturbed=True)
  (/95/conv_3_w): BoundParams(name=/95/conv_3_w, inputs=[], perturbed=False)
  (/95/conv_4): BoundConv(name=/95/conv_4, inputs=[/95/add_1_2, /95/conv_4_w], perturbed=True)
  (/95/conv_4_w): BoundParams(name=/95/conv_4_w, inputs=[], perturbed=False)
  (/95/add_1_2): BoundAdd(name=/95/add_1_2, inputs=[/95/conv_1_relu, /95/conv_2], perturbed=True)
  (/95/add_3_4): BoundAdd(name=/95/add_3_4, inputs=[/95/conv_3_relu, /95/conv_4], perturbed=True)
)
Model prediction is: tensor([-8.05922210e-01,  2.71221423e+00, -7.51435041e-01, -1.10288870e+00,
        -8.53331864e-01,  1.68618158e-01, -2.91781008e-01, -1.22320008e+00,
        -1.31224418e+00, -9.51262414e-01, -4.61472303e-01,  1.04179576e-01,
         1.24486506e-01, -5.70926547e-01,  4.68060166e-01,  8.10491502e-01,
        -3.58740032e-01, -1.15562510e+00, -3.39845717e-01, -8.14034224e-01,
        -7.10520983e-01, -4.75508869e-02,  5.12174033e-02, -8.54553640e-01,
         6.81107938e-02, -8.25708210e-01,  6.89275205e-01, -1.38002962e-01,
        -8.78008425e-01,  5.73916018e-01, -1.08427727e+00,  8.71722221e-01,
        -5.40626645e-01, -1.07439053e+00, -8.79839242e-01, -7.71236956e-01,
         8.77530694e-01, -1.57952547e+00, -2.68092435e-02, -9.47219253e-01,
         7.46243298e-01, -1.24091935e+00, -9.01563287e-01, -4.69005376e-01,
        -5.16632259e-01, -4.00739938e-01,  8.24469388e-01, -7.72691965e-01,
        -1.67377448e+00,  3.64362039e-02,  6.30518079e-01, -2.15599346e+00,
        -2.59147972e-01,  5.90037033e-02, -8.30194414e-01, -5.01630962e-01,
        -3.91853809e-01, -1.54048991e+00,  3.09330523e-02,  5.94557345e-01,
        -2.03636736e-02, -1.10801005e+00, -1.12071395e+00,  2.13227093e-01,
         4.66046855e-02, -7.70722210e-01, -9.14649904e-01, -8.42926979e-01,
        -1.42442775e+00, -1.67484033e+00,  6.92034662e-01,  7.03896701e-01,
         7.08395243e-01,  1.81501079e+00,  1.39387560e+00,  1.78715730e+00,
         7.68202007e-01,  2.16853499e+00,  1.37805092e+00,  1.42454469e+00,
         8.41097176e-01, -1.91462636e+00, -4.18515265e-01, -1.00612140e+00,
        -7.46491730e-01, -6.86657786e-01, -1.06549346e+00, -4.15997446e-01,
         5.98135352e-01, -1.47471619e+00,  2.66962498e-01, -6.70603514e-01,
         6.24232888e-01,  2.12430254e-01,  8.58856559e-01, -8.07236314e-01,
         8.30120087e-01, -1.13873184e+00, -1.04253136e-01, -8.41258585e-01,
         6.27806127e-01, -1.54692018e+00, -2.09064341e+00,  4.22123730e-01,
        -9.68387783e-01, -1.78042185e+00, -1.19904530e+00, -1.21786729e-01,
        -1.17742337e-01, -1.12139440e+00, -1.54417515e-01,  2.67858171e+00,
        -1.50441855e-01,  6.93517804e-01,  2.92671025e-01, -8.44133198e-01,
        -1.05600226e+00,  2.63280384e-02, -1.02641726e+00, -1.41994393e+00,
        -1.40055954e+00, -1.26042712e+00, -1.23193228e+00, -2.33410597e+00,
        -1.35241878e+00, -1.35071325e+00,  7.13100076e-01, -1.92161798e-01,
         8.55755091e-01,  3.09703827e-01,  3.75204623e-01, -6.76470637e-01,
         4.23345119e-01, -2.48136118e-01, -3.11713487e-01,  1.01093933e-01,
        -5.79803586e-01, -4.14295234e-02, -7.84744501e-01, -1.60559845e+00,
        -2.25384116e+00,  2.32541114e-02, -6.98351264e-01, -8.29707503e-01,
        -8.92663121e-01, -8.04711878e-01, -1.85070491e+00,  6.31295979e-01,
        -3.77635241e-01, -4.04347658e-01, -1.10239661e+00,  4.36431617e-01,
        -1.04100592e-01,  4.80475456e-01,  5.49380422e-01, -1.27209917e-01,
        -6.39602005e-01,  3.35609913e-01, -9.23233807e-01, -1.10245144e+00,
        -6.77909017e-01, -4.03488278e-01, -2.37503499e-02, -6.44123316e-01,
        -8.30109537e-01, -5.65096438e-01, -1.00813270e+00, -1.13197112e+00,
        -2.70837665e-01, -6.97008491e-01, -8.05343270e-01, -8.56612384e-01,
        -1.59625280e+00, -6.97054148e-01, -9.31705177e-01, -6.61084473e-01,
        -1.80782819e+00, -4.76600111e-01, -4.59861547e-01, -1.70037055e+00,
        -1.93689537e+00, -7.00144589e-01, -6.30028546e-04, -1.15311518e-01,
         1.24587439e-01, -4.27553654e-02,  1.52009979e-01,  1.09147882e+00,
        -5.41910589e-01, -3.01801264e-01, -6.97094858e-01,  8.04753125e-01,
        -5.44287086e-01, -1.06339134e-01, -4.81444031e-01,  3.94381046e-01,
        -4.12397623e-01, -9.62637126e-01, -1.32182920e+00,  4.99881476e-01,
         3.25153083e-01, -5.27780652e-01, -5.59888601e-01,  8.67975950e-01,
         3.94855201e-01, -8.62032950e-01, -9.05479729e-01, -4.73312408e-01,
        -8.89496446e-01, -1.02307320e+00, -2.07900953e+00, -4.79674429e-01,
        -4.60821807e-01, -4.85758096e-01, -3.40718031e-01, -7.55617857e-01,
        -7.59424984e-01, -5.70532680e-01, -1.11058116e+00, -4.69857752e-01,
        -4.06293809e-01,  9.17256624e-02, -6.17115617e-01,  3.19715798e-01,
         7.06462741e-01, -1.41084445e+00, -7.35144079e-01, -1.35267055e+00,
        -8.37337673e-01,  2.91007638e-01, -3.67807388e-01,  8.05666372e-02,
        -5.90897560e-01, -1.77773580e-01, -3.97777408e-01, -4.43623930e-01,
        -8.32983613e-01, -2.96590209e-01, -1.30211806e+00,  4.56505865e-02,
        -3.57075870e-01, -6.68081582e-01, -2.90754497e-01, -1.77709103e+00,
        -1.50106147e-01, -3.72239113e-01, -1.50746322e+00, -4.93775189e-01,
        -1.67614996e-01, -1.68247715e-01, -4.37881142e-01, -1.16800165e+00,
         1.08569217e+00, -1.97596177e-01,  6.90966606e-01, -1.23613584e+00,
        -6.07371211e-01,  3.02625075e-02,  1.97015256e-01,  1.49752891e+00,
         1.10730803e+00, -1.71945021e-02, -5.38304031e-01, -6.36126697e-01,
        -5.84350586e-01,  7.98032403e-01, -1.55641899e-01, -3.74366522e-01,
        -1.94373918e+00,  9.58747208e-01,  6.17334604e-01,  5.96911907e-01,
         6.05096042e-01,  4.58856255e-01,  2.25196302e-01,  4.12631147e-02,
         5.20654619e-02,  1.08843243e+00,  1.06797345e-01,  8.72363508e-01,
         6.63894296e-01,  1.30665255e+00,  1.58960319e+00,  2.83575296e+00,
         1.45106614e+00,  7.29730487e-01, -8.02320063e-01,  1.05244309e-01,
         1.12852082e-03, -5.83085001e-01, -3.81378025e-01,  1.24654658e-01,
        -3.00210059e-01,  3.82458925e-01, -5.97153127e-01, -4.19246316e-01,
         5.84172718e-02, -1.38173819e-01, -1.00582612e+00,  3.45465690e-02,
        -1.40476072e+00,  9.64618623e-01, -1.08422071e-01, -3.41619104e-02,
        -8.03850368e-02, -2.03185463e+00, -1.16725937e-01,  6.78765357e-01,
         7.43074596e-01,  2.73952127e-01,  1.89697146e+00,  1.14354396e+00,
         1.68398142e-01,  1.26371217e+00,  1.14311218e+00,  4.88829374e-01,
        -4.34464365e-02, -4.45265442e-01,  1.37038934e+00,  8.73032510e-01,
         6.04142368e-01, -1.43218601e+00, -1.19023180e+00, -5.09928703e-01,
        -1.23763323e+00, -1.28966522e+00, -9.32871401e-01, -1.40980601e-01,
        -1.18948734e+00, -1.40273237e+00, -2.61064768e-01,  6.96553409e-01,
         1.78555000e+00,  5.03344834e-01, -5.07160306e-01, -3.66659492e-01,
        -1.54568195e+00,  4.73493963e-01, -4.31849003e-01, -1.86189997e+00,
        -1.13761628e+00, -1.11060393e+00, -1.21554637e+00, -1.73870695e+00,
        -1.17253137e+00, -1.75320137e+00, -1.72017992e+00, -4.70669240e-01,
        -2.81019449e+00, -1.67182171e+00, -2.06324267e+00, -1.38206148e+00,
        -9.49103355e-01, -1.36761045e+00, -1.58862460e+00, -1.84105301e+00,
        -2.10684597e-01, -3.65079343e-02, -4.91491845e-03, -3.28676462e-01,
        -3.20935994e-01,  3.72368932e-01,  5.42820394e-02, -1.24685907e+00,
        -1.32567966e+00, -1.97051167e-01, -3.40037882e-01, -3.37295026e-01,
         3.93550470e-02, -7.64477968e-01, -3.55800390e-01, -1.21065927e+00,
        -7.33537614e-01, -1.98573023e-01, -1.42116144e-01, -1.07401371e+00,
        -1.61302974e-04,  8.53976235e-02,  1.10827148e-01, -7.98848808e-01,
         5.43654859e-01, -4.27292645e-01, -1.56146094e-01, -6.05418622e-01,
        -1.31888792e-01, -1.14281833e+00, -1.59890020e+00, -6.65725529e-01,
        -1.51875472e+00, -2.38222107e-01, -1.34876859e+00, -4.92245942e-01,
        -1.67123809e-01, -1.46304655e+00, -1.37453330e+00, -2.59124152e-02,
        -1.15054858e+00, -1.21402156e+00, -2.22960070e-01,  9.63506937e-01,
        -3.89261574e-01,  4.58605886e-02,  7.33038008e-01, -1.24997711e+00,
        -3.83952558e-01,  5.12427807e-01, -4.00741398e-01,  1.79692715e-01,
        -1.78779507e+00,  2.99678421e+00, -1.34108841e+00,  1.01206505e+00,
         2.87796766e-01,  6.10993385e-01,  4.15247798e-01, -1.73840761e+00,
         1.03606033e+00,  1.53437102e+00,  2.51983213e+00,  1.28682506e+00,
         3.72520834e-01,  4.67654943e-01, -4.65630919e-01, -4.83460367e-01,
        -1.16738945e-01,  3.07599247e-01,  1.30996919e+00, -7.40140080e-01,
        -2.09143996e-01, -5.35477281e-01, -1.17136514e+00, -5.67998111e-01,
         3.04949105e-01,  4.08715844e-01,  5.41989565e-01,  2.06469059e+00,
        -4.34434474e-01,  4.35876161e-01,  1.96891952e+00,  2.98588157e-01,
         3.26993525e-01,  1.63713467e+00,  3.04131597e-01,  1.03384101e+00,
        -1.02361631e+00, -4.64909852e-01,  2.79701686e+00, -4.78975981e-01,
        -7.57826388e-01,  5.40822558e-02, -1.34213197e+00,  2.77965426e-01,
        -4.85865980e-01,  5.43983996e-01, -1.32061172e+00, -1.44125417e-01,
        -3.25134397e-02,  1.09629476e+00, -9.38404560e-01,  6.38897657e-01,
        -1.26558816e+00, -9.75030959e-02,  1.85731184e+00,  2.23841816e-02,
         4.07930985e-02,  6.99450970e-01, -7.63439059e-01, -2.35741520e+00,
         5.08300126e-01,  2.72338808e-01,  2.34268951e+00, -9.06306744e-01,
        -5.70029080e-01,  3.32168229e-02, -1.37374067e+00,  9.72953796e-01,
        -3.83085728e-01, -1.07269192e+00, -2.05756485e-01, -7.65678227e-01,
         2.70803976e+00,  6.81939185e-01,  2.47337595e-01, -1.06163308e-01,
        -9.98521686e-01,  9.31000531e-01,  1.11590779e+00,  2.43109846e+00,
        -2.54864305e-01,  3.08197916e-01,  1.33327246e-01, -6.85964167e-01,
        -3.43307227e-01,  1.11082745e+00,  9.39138174e-01,  8.73346150e-01,
         9.78267789e-02,  1.10181534e+00,  5.52758336e-01,  1.59585392e+00,
        -1.95432699e+00,  5.82352638e-01, -8.91439676e-01,  9.40609813e-01,
         6.70069575e-01,  2.74169922e-01, -1.40629971e+00,  1.45497048e+00,
         1.39896405e+00, -2.24206805e+00, -4.04415846e-01, -6.24849141e-01,
         2.92694837e-01,  1.29485488e-01, -7.95920014e-01, -9.25214231e-01,
        -1.21719229e+00,  8.69456291e-01, -1.86513856e-01, -8.19180906e-01,
        -2.10588589e-01,  3.46965700e-01, -1.16247511e+00, -3.96245301e-01,
        -6.89073682e-01, -1.40207505e+00,  7.23506212e-01,  1.94977546e+00,
        -2.38033578e-01, -7.92254210e-01,  2.85393643e+00,  1.32589090e+00,
         4.53584820e-01, -3.30417871e-01,  2.47867322e+00, -1.82208061e+00,
        -1.07924736e+00, -9.35810745e-01,  7.11894035e-02,  1.58682907e+00,
         5.83834231e-01, -1.44627643e+00,  1.50521326e+00, -4.00769293e-01,
        -8.23410630e-01,  4.80389297e-01,  4.85216469e-01, -2.04691339e+00,
         1.17730212e+00,  2.42567968e+00, -7.11484909e-01, -2.39573881e-01,
         2.02207255e+00,  1.42237067e+00,  9.71762687e-02,  4.59911535e-04,
         4.24584770e+00,  1.58010387e+00,  7.56929398e-01,  3.28896165e-01,
        -9.73453760e-01, -4.52027053e-01,  2.88111544e+00,  8.79910052e-01,
        -3.20612818e-01,  8.63023937e-01, -3.19312155e-01,  2.63113171e-01,
         3.08761507e-01, -1.64364088e+00,  3.80990148e-01, -7.69456685e-01,
         1.05610394e+00, -1.33615470e+00, -2.17223883e-01, -1.01332080e+00,
        -1.42789197e+00,  6.14982545e-01,  7.70665526e-01,  1.02593303e+00,
         7.84567535e-01, -4.74926442e-01, -2.25470304e+00, -3.08787763e-01,
         8.78718138e-01,  1.62856722e+00, -1.09354854e+00,  8.56525302e-01,
         6.49578631e-01,  5.63845336e-01,  1.40262127e+00,  3.84880066e+00,
         2.09973454e-02,  6.08753979e-01,  3.91466737e-01, -1.08254611e+00,
         8.97738099e-01, -7.69625425e-01,  1.87706876e+00,  1.67826414e+00,
         1.29004705e+00,  3.69153500e-01,  9.56038117e-01, -2.32900000e+00,
         1.65419984e+00,  2.19967270e+00,  7.81692326e-01,  9.90861237e-01,
         5.22359788e-01, -8.39677274e-01,  6.77852631e-01,  9.81329799e-01,
        -9.55239773e-01, -4.13732342e-02,  4.86810237e-01, -8.83625075e-02,
         8.18920910e-01,  1.80599794e-01,  9.01055694e-01,  2.92368221e+00,
         2.52483082e+00, -4.81136560e-01,  9.43275392e-01,  1.26343048e+00,
        -8.73783231e-01, -9.18425977e-01,  2.10188985e+00,  2.13006720e-01,
        -1.31066191e+00,  2.11709285e+00, -8.35844994e-01,  8.71090114e-01,
         2.98222876e+00,  4.10531670e-01, -2.42451668e+00,  5.37626028e-01,
         1.11975098e+00,  1.87326334e-02, -9.42291021e-02, -1.05345070e-01,
        -1.69621193e+00,  7.44182408e-01, -6.88811362e-01,  9.81297940e-02,
         2.43092680e+00, -1.80717278e+00,  5.19976139e-01,  1.02572238e+00,
         1.88180971e+00, -1.67426753e+00,  2.18796277e+00,  3.22965026e+00,
        -1.21659851e+00, -2.57938176e-01, -8.99430156e-01,  8.95714521e-01,
        -2.81322777e-01,  1.66482890e+00, -5.11002243e-01,  2.97444016e-01,
         3.70318219e-02, -2.33187771e+00,  1.02490044e+00, -1.03141713e+00,
         3.65784311e+00, -2.06646353e-01, -5.88695467e-01, -5.98597765e-01,
        -2.73572147e-01,  2.02987409e+00, -1.72098726e-01, -6.41073406e-01,
        -3.21488902e-02,  1.57612348e+00, -4.35363352e-01, -6.09490037e-01,
        -9.89480674e-01,  9.72998381e-01,  1.52790427e-01, -5.21568835e-01,
         1.25962162e+00,  2.23805618e+00,  1.51561677e-01,  9.78991687e-01,
        -1.13783963e-02,  8.55325520e-01, -5.77139854e-01, -9.55314219e-01,
         3.20931888e+00,  2.64338225e-01, -3.21507764e+00,  2.32796133e-01,
         1.35417700e+00,  1.44975990e-01, -4.95931506e-01,  9.64077473e-01,
         1.44249392e+00,  1.39897436e-01, -2.88702428e-01,  7.11548269e-01,
         1.22654545e+00,  8.08167160e-01, -9.93156508e-02, -8.13506246e-01,
         1.46161878e+00, -1.35402787e+00, -8.67248714e-01,  1.03349566e+00,
        -3.62447381e-01,  1.29240954e+00,  1.50429830e-01,  1.88073111e+00,
         1.18946743e+00,  9.18960512e-01,  8.31474364e-01, -1.11869633e+00,
         4.98128384e-01, -1.37618518e+00,  2.78602421e-01,  1.39696561e-02,
         6.97569251e-01,  5.48983991e-01,  1.64134419e+00,  5.36509991e-01,
        -1.43196440e+00,  1.20113730e+00, -1.49973774e+00,  2.93019980e-01,
         7.60781407e-01, -4.54584718e-01, -1.97749412e+00,  1.79882526e+00,
        -2.63080411e-02,  1.37317252e+00, -1.20520163e+00,  1.51892304e-01,
         7.96788454e-01,  6.25492394e-01,  6.49283454e-02, -2.27296400e+00,
        -5.01776874e-01,  2.05029535e+00, -3.55828732e-01, -2.44995132e-01,
         1.69380391e+00,  1.80718756e+00, -1.93457082e-02,  5.95046759e-01,
         5.05353749e-01,  1.16682458e+00,  5.94948232e-01, -1.03388035e+00,
         4.54213679e-01,  2.24034953e+00,  7.41716266e-01, -1.12397361e+00,
        -1.56667739e-01, -8.53633285e-01, -5.52951634e-01,  8.11396003e-01,
         2.20094204e+00,  2.11022663e+00, -6.92007780e-01,  6.09611154e-01,
         8.73181343e-01, -1.32734373e-01,  1.00296617e+00,  1.15288079e+00,
        -1.89218295e+00,  1.71477687e+00, -1.11340237e+00,  1.89821339e+00,
         1.72382665e+00,  7.75551975e-01, -1.12708604e+00,  6.88880265e-01,
         1.04532802e+00,  2.60631770e-01, -6.07345551e-02, -4.32118058e-01,
        -7.12998152e-01,  3.16540718e-01,  3.61357594e+00,  1.16241920e+00,
         2.03950810e+00, -5.17127991e-01, -4.18696612e-01,  1.96819544e-01,
        -1.50809574e+00,  3.19735837e+00, -6.11614108e-01,  4.82006192e-01,
         5.44005156e-01,  7.46345401e-01,  4.70529556e+00,  2.70226955e-01,
         1.37634784e-01,  3.75281751e-01,  7.51449823e-01,  2.86040163e+00,
         1.62407920e-01, -6.14173710e-01,  1.23586588e-01,  3.48810226e-01,
         7.92368770e-01, -5.98483324e-01, -5.24608433e-01,  1.54412627e-01,
        -2.14489317e+00,  5.46179175e-01,  9.32915032e-01,  1.65161288e+00,
         1.37518227e+00,  9.19160903e-01, -1.93100050e-01,  2.04339314e+00,
        -5.61567657e-02, -4.46502209e-01,  2.70458055e+00,  2.06759739e+00,
        -1.42877591e+00, -6.46362305e-01, -2.06197545e-01, -5.50381839e-02,
         6.94565535e-01, -1.46004546e+00,  1.14298260e+00,  1.79869199e+00,
         1.32201207e+00, -1.02590883e+00, -9.22930300e-01,  1.27044296e+00,
        -1.47618020e+00, -1.06528926e+00,  8.64422202e-01, -1.75098753e+00,
         3.07817727e-01,  4.61662412e-01,  2.80090243e-01,  1.40578449e-01,
         1.31189430e+00, -8.36164296e-01, -4.06674109e-02,  7.08372444e-02,
         2.78375959e+00,  2.33385253e+00,  1.74146628e+00, -1.21400619e+00,
         5.82340002e-01, -1.81240812e-01, -2.11569332e-02,  3.95003629e+00,
         1.35066020e+00, -2.09944320e+00,  2.82422423e+00,  7.70610392e-01,
        -2.74632096e+00, -2.85997868e-01, -4.35553819e-01,  5.51504970e-01,
        -7.98895061e-01,  1.58697701e+00,  9.61669922e-01, -1.47207165e+00,
        -1.15263212e+00, -1.60317767e+00, -1.35426426e+00,  2.06037257e-02,
         1.68593156e+00, -1.26984194e-01, -6.86646819e-01, -1.76734090e-01,
         1.27630889e+00, -2.55607635e-01, -2.13715076e+00,  4.31339830e-01,
         1.86796820e+00,  9.07183707e-01, -7.00579286e-01,  1.41701448e+00,
         2.14312449e-01,  2.73828089e-01,  8.00364375e-01,  1.39230490e+00,
        -5.82729504e-02,  2.83813477e+00,  8.62435043e-01,  2.25995556e-01,
        -6.16534233e-01,  1.19103289e+00, -1.51898086e+00, -7.98996508e-01,
         4.34766150e+00,  1.81989014e-01,  2.70785475e+00, -7.09370613e-01,
         1.38694036e+00,  1.71119881e+00,  1.38040543e+00,  8.97558391e-01,
         9.77431685e-02, -4.11670536e-01,  1.23338723e+00,  1.31132424e+00,
         5.92646551e+00,  4.74345160e+00,  1.52799380e+00,  3.59640688e-01,
         9.22239184e-01,  2.53003150e-01, -1.05452433e-01,  1.52152681e+00,
        -1.59674454e+00, -1.05675447e+00, -4.88810629e-01, -1.63804209e+00,
         2.08161306e+00, -3.74834836e-02,  4.10604298e-01,  3.40665132e-01,
         1.79283190e+00,  2.28389192e+00,  1.10581160e+00, -4.44848627e-01,
        -2.22192240e+00,  1.73877525e+00, -3.89509380e-01, -1.15785158e+00,
        -1.36615968e+00,  7.33213246e-01, -1.19602776e+00, -1.41432846e+00,
        -1.42395663e+00, -2.07699013e+00, -1.40796185e+00, -7.25845277e-01,
        -9.68375206e-01, -7.60325193e-01, -7.34124541e-01, -7.19579577e-01,
        -7.68355489e-01, -8.17474544e-01,  1.23471901e-01, -4.17196870e-01,
        -2.67064643e+00,  3.52645278e-01, -5.53719521e-01, -7.72326171e-01,
         1.21589768e+00,  1.53395593e+00,  1.22631037e+00,  3.14169943e-01,
        -5.58346033e-01, -6.65606931e-02,  7.71865770e-02, -1.46611261e+00,
        -1.47880876e+00, -2.65129507e-02, -6.77513599e-01, -1.47581780e+00,
        -1.22850704e+00, -1.29936457e+00, -8.65888953e-01, -1.23397505e+00,
        -1.29252028e+00, -1.76246762e+00,  2.04359102e+00, -5.74017406e-01,
         1.20174384e+00,  3.01841766e-01, -8.71373057e-01,  2.59951615e+00,
        -7.50156224e-01, -5.87334752e-01,  2.16321111e+00,  1.04852641e+00,
        -9.94924903e-01, -2.78288454e-01,  3.59799683e-01, -1.04574513e+00,
         2.31003690e+00, -5.93192041e-01,  6.82919502e-01,  2.40025654e-01,
         3.58693451e-02,  1.08548963e+00, -7.90772855e-01, -1.00062452e-02,
        -9.54073846e-01,  8.54484141e-01, -9.39085722e-01, -1.04145730e+00,
        -8.72672677e-01, -2.30465436e+00, -2.10602903e+00, -1.31244826e+00,
        -1.44909608e+00, -2.82118583e+00, -8.40859860e-03,  7.75120437e-01],
       device='cuda:0')
Clean RHS: tensor([[0.95121580]], device='cuda:0')
Split layers:
Nonlinear functions:
   BoundRelu(name=/66, inputs=[/input], perturbed=True)
   BoundRelu(name=/68, inputs=[/input-4], perturbed=True)
   BoundRelu(name=/71, inputs=[/input-12], perturbed=True)
   BoundRelu(name=/73, inputs=[/input-16], perturbed=True)
   BoundRelu(name=/76, inputs=[/input-24], perturbed=True)
   BoundRelu(name=/78, inputs=[/input-28], perturbed=True)
   BoundRelu(name=/80, inputs=[/input-32], perturbed=True)
   BoundRelu(name=/83, inputs=[/input-40], perturbed=True)
   BoundRelu(name=/85, inputs=[/input-44], perturbed=True)
   BoundRelu(name=/87, inputs=[/input-48], perturbed=True)
   BoundRelu(name=/90, inputs=[/input-56], perturbed=True)
   BoundRelu(name=/92, inputs=[/input-60], perturbed=True)
   BoundRelu(name=/94, inputs=[/input-64], perturbed=True)
   BoundRelu(name=/98, inputs=[/input-68], perturbed=True)
   BoundRelu(name=/101, inputs=[/input-72], perturbed=True)
   BoundRelu(name=/input-8/conv_1_relu, inputs=[/input-8/conv_1], perturbed=True)
   BoundRelu(name=/input-8/conv_3_relu, inputs=[/input-8/conv_3], perturbed=True)
   BoundRelu(name=/input-20/conv_1_relu, inputs=[/input-20/conv_1], perturbed=True)
   BoundRelu(name=/input-20/conv_3_relu, inputs=[/input-20/conv_3], perturbed=True)
   BoundRelu(name=/input-36/conv_1_relu, inputs=[/input-36/conv_1], perturbed=True)
   BoundRelu(name=/input-36/conv_3_relu, inputs=[/input-36/conv_3], perturbed=True)
   BoundRelu(name=/input-52/conv_1_relu, inputs=[/input-52/conv_1], perturbed=True)
   BoundRelu(name=/input-52/conv_3_relu, inputs=[/input-52/conv_3], perturbed=True)
   BoundRelu(name=/95/conv_1_relu, inputs=[/95/conv_1], perturbed=True)
   BoundRelu(name=/95/conv_3_relu, inputs=[/95/conv_3], perturbed=True)
Batched CROWN: node BoundConv(name=/input-4, inputs=[/66, /35, /36], perturbed=True), unstable size 19132
Batched CROWN: node BoundConv(name=/input-8/conv_1, inputs=[/68, /input-8/conv_1_w], perturbed=True), unstable size 26046
Batched CROWN: node BoundConv(name=/input-8/conv_3, inputs=[/input-8/add_1_2, /input-8/conv_3_w], perturbed=True), unstable size 8792
Batched CROWN: node BoundConv(name=/input-12, inputs=[/input-8/add_3_4, /37, /38], perturbed=True), unstable size 192858
Batched CROWN: node BoundConv(name=/input-16, inputs=[/71, /39, /40], perturbed=True), unstable size 1332096
Batched CROWN: node BoundConv(name=/input-20/conv_1, inputs=[/73, /input-20/conv_1_w], perturbed=True), unstable size 37417
Batched CROWN: node BoundConv(name=/input-20/conv_3, inputs=[/input-20/add_1_2, /input-20/conv_3_w], perturbed=True), unstable size 18140
Batched CROWN: node BoundConv(name=/input-24, inputs=[/input-20/add_3_4, /41, /42], perturbed=True), unstable size 583241
Batched CROWN: node BoundConv(name=/input-28, inputs=[/76, /43, /44], perturbed=True), unstable size 728393
Batched CROWN: node BoundConv(name=/input-32, inputs=[/78, /45, /46], perturbed=True), unstable size 214782
Batched CROWN: node BoundConv(name=/input-36/conv_1, inputs=[/80, /input-36/conv_1_w], perturbed=True), unstable size 24070
Batched CROWN: node BoundConv(name=/input-36/conv_3, inputs=[/input-36/add_1_2, /input-36/conv_3_w], perturbed=True), unstable size 14272
Batched CROWN: node BoundConv(name=/input-40, inputs=[/input-36/add_3_4, /47, /48], perturbed=True), unstable size 305078
Batched CROWN: node BoundConv(name=/input-44, inputs=[/83, /49, /50], perturbed=True), unstable size 221229
Batched CROWN: node BoundConv(name=/input-48, inputs=[/85, /51, /52], perturbed=True), unstable size 165749
Batched CROWN: node BoundConv(name=/input-52/conv_1, inputs=[/87, /input-52/conv_1_w], perturbed=True), unstable size 2453
Batched CROWN: node BoundConv(name=/input-52/conv_3, inputs=[/input-52/add_1_2, /input-52/conv_3_w], perturbed=True), unstable size 2058
Batched CROWN: node BoundConv(name=/input-56, inputs=[/input-52/add_3_4, /53, /54], perturbed=True), unstable size 61668
Batched CROWN: node BoundConv(name=/input-60, inputs=[/90, /55, /56], perturbed=True), unstable size 85045
Batched CROWN: node BoundConv(name=/input-64, inputs=[/92, /57, /58], perturbed=True), unstable size 35995
Batched CROWN: node BoundConv(name=/95/conv_1, inputs=[/94, /95/conv_1_w], perturbed=True), unstable size 1744
Batched CROWN: node BoundConv(name=/95/conv_3, inputs=[/95/add_1_2, /95/conv_3_w], perturbed=True), unstable size 891
Batched CROWN: node BoundLinear(name=/input-68, inputs=[/96, /59, /60], perturbed=True), unstable size 4037
Batched CROWN: node BoundLinear(name=/input-72, inputs=[/99, /61, /62], perturbed=True), unstable size 4096
initial crown bounds: tensor([[-6.64101934]], device='cuda:0')
Number of class (without rhs): 1 ; Worst class: (+ rhs) -6.641019344329834
Iteration 1
Adv attack time: 1.5354s
Batch size: 1
Current pickout batch: 1, total pickout batch: 1
Batched CROWN: node BoundConv(name=/input-4, inputs=[/66, /35, /36], perturbed=True), unstable size 19132
Batched CROWN: node BoundConv(name=/input-8/conv_1, inputs=[/68, /input-8/conv_1_w], perturbed=True), unstable size 26046
Batched CROWN: node BoundConv(name=/input-8/conv_3, inputs=[/input-8/add_1_2, /input-8/conv_3_w], perturbed=True), unstable size 8792
Batched CROWN: node BoundConv(name=/input-12, inputs=[/input-8/add_3_4, /37, /38], perturbed=True), unstable size 192857
Batched CROWN: node BoundConv(name=/input-16, inputs=[/71, /39, /40], perturbed=True), unstable size 1332089
Batched CROWN: node BoundConv(name=/input-20/conv_1, inputs=[/73, /input-20/conv_1_w], perturbed=True), unstable size 37417
Batched CROWN: node BoundConv(name=/input-20/conv_3, inputs=[/input-20/add_1_2, /input-20/conv_3_w], perturbed=True), unstable size 18140
Batched CROWN: node BoundConv(name=/input-24, inputs=[/input-20/add_3_4, /41, /42], perturbed=True), unstable size 583231
Batched CROWN: node BoundConv(name=/input-28, inputs=[/76, /43, /44], perturbed=True), unstable size 728395
Batched CROWN: node BoundConv(name=/input-32, inputs=[/78, /45, /46], perturbed=True), unstable size 214781
Batched CROWN: node BoundConv(name=/input-36/conv_1, inputs=[/80, /input-36/conv_1_w], perturbed=True), unstable size 24071
Batched CROWN: node BoundConv(name=/input-36/conv_3, inputs=[/input-36/add_1_2, /input-36/conv_3_w], perturbed=True), unstable size 14272
Batched CROWN: node BoundConv(name=/input-40, inputs=[/input-36/add_3_4, /47, /48], perturbed=True), unstable size 305072
Batched CROWN: node BoundConv(name=/input-44, inputs=[/83, /49, /50], perturbed=True), unstable size 221225
Batched CROWN: node BoundConv(name=/input-48, inputs=[/85, /51, /52], perturbed=True), unstable size 165746
Batched CROWN: node BoundConv(name=/input-52/conv_1, inputs=[/87, /input-52/conv_1_w], perturbed=True), unstable size 2453
Batched CROWN: node BoundConv(name=/input-52/conv_3, inputs=[/input-52/add_1_2, /input-52/conv_3_w], perturbed=True), unstable size 2057
Batched CROWN: node BoundConv(name=/input-56, inputs=[/input-52/add_3_4, /53, /54], perturbed=True), unstable size 61665
Batched CROWN: node BoundConv(name=/input-60, inputs=[/90, /55, /56], perturbed=True), unstable size 85044
Batched CROWN: node BoundConv(name=/input-64, inputs=[/92, /57, /58], perturbed=True), unstable size 35991
Batched CROWN: node BoundConv(name=/95/conv_1, inputs=[/94, /95/conv_1_w], perturbed=True), unstable size 1744
Batched CROWN: node BoundConv(name=/95/conv_3, inputs=[/95/add_1_2, /95/conv_3_w], perturbed=True), unstable size 890
Batched CROWN: node BoundLinear(name=/input-68, inputs=[/96, /59, /60], perturbed=True), unstable size 4037
Batched CROWN: node BoundLinear(name=/input-72, inputs=[/99, /61, /62], perturbed=True), unstable size 4096
Worst bound: tensor([-6.63715029], device='cuda:0')
Current (lb-rhs): -6.637150287628174
Total time: 1617.8508  pickout: 0.0003  split: 0.0010  decision: 0.0003  bounding: 1617.7993  clipping: 0.0000  add_domain: 0.0287  rest: 0.0211
Length of domains: 2
3 branch and bound domains visited
Time out!
Result: timeout
Time: 2480.0927724838257
[rank 0] === Checking instance ID 783 ===
[rank 0] >>> Running ID=783 onnx=onnx/vgg16-7.onnx
Configurations:

general:
  device: cuda
  seed: 100
  conv_mode: patches
  deterministic: false
  double_fp: false
  loss_reduction_func: max
  sparse_alpha: true
  sparse_interm: true
  save_adv_example: false
  verify_onnxruntime_output: false
  eval_adv_example: false
  show_adv_example: false
  precompile_jit: false
  prepare_only: false
  complete_verifier: bab
  enable_incomplete_verification: false
  csv_name: instances.csv
  results_file: results/vggnet16_all_p_4/result_783.rank0.txt
  root_path: ../../vnncomp2023_benchmarks/benchmarks/vggnet16
  deterministic_opt: false
  graph_optimizer: 'Customized("custom_graph_optimizer", "maxpool_to_relu")'
  buffer_has_batchdim: false
  save_output: false
  output_file: out.pkl
  return_optimized_model: false
  output_additional_stats: true
  instance_id: 783
  dataset_output_dir: dataset
  min_stable_neurons_ratio_threshold: 0.0
model:
  name: null
  path: null
  onnx_path: /projects/air/dlverifier/vggnet16_all/onnx/vgg16-7.onnx
  onnx_path_prefix: ''
  cache_onnx_conversion: true
  debug_onnx: false
  onnx_quirks: null
  input_shape: null
  onnx_loader: default_onnx_and_vnnlib_loader
  onnx_optimization_flags: []
  onnx_vnnlib_joint_optimization_flags: none
  check_optimized: false
  flatten_final_output: false
  optimize_graph: null
  with_jacobian: false
data:
  start: 0
  end: 10000
  select_instance: null
  num_outputs: 1000
  mean: 0.0
  std: 1.0
  pkl_path: null
  dataset: null
  data_filter_path: null
  data_idx_file: null
specification:
  type: lp
  robustness_type: verified-acc
  norm: .inf
  epsilon: null
  epsilon_min: 0.0
  vnnlib_path: /projects/air/dlverifier/vggnet16_all/vnnlib/n02091032_Italian_greyhound_fix_nonmask_seg0_k50176_eps_0.0002.vnnlib
  vnnlib_path_prefix: ''
  rhs_offset: null
solver:
  batch_size: 1
  auto_enlarge_batch_size: false
  min_batch_size_ratio: 0.1
  use_float64_in_last_iteration: false
  early_stop_patience: 10
  start_save_best: 0.5
  bound_prop_method: forward+backward
  init_bound_prop_method: same
  prune_after_crown: false
  optimize_disjuncts_separately: false
  crown:
    batch_size: 16
    max_crown_size: 1000000000
    relu_option: adaptive
  alpha-crown:
    alpha: true
    lr_alpha: 0.1
    iteration: 100
    share_alphas: false
    lr_decay: 0.98
    full_conv_alpha: true
    max_coeff_mul: .inf
    matmul_share_alphas: false
    disable_optimization: []
    max_time: 1.0
  invprop:
    apply_output_constraints_to: []
    tighten_input_bounds: false
    best_of_oc_and_no_oc: false
    directly_optimize: []
    oc_lr: 0.1
    share_gammas: false
  beta-crown:
    lr_alpha: 0.01
    lr_beta: 0.05
    lr_decay: 0.98
    optimizer: adam
    iteration: 10
    beta: true
    beta_warmup: true
    enable_opt_interm_bounds: false
    all_node_split_LP: false
  forward:
    refine: false
    dynamic: true
    max_dim: 100
    reset_threshold: 1.0
  intermediate_refinement:
    enabled: false
    batch_size: 10
    opt_coeffs: false
    opt_bias: false
    lr: 0.05
    layers: [-1]
    max_domains: 1000
  multi_class:
    label_batch_size: 32
    skip_with_refined_bound: true
  mip:
    unstable_neuron_threshold: 0
    parallel_solvers: null
    solver_threads: 1
    refine_neuron_timeout: 15
    refine_neuron_time_percentage: 0.8
    early_stop: true
    adv_warmup: true
    mip_solver: gurobi
    skip_unsafe: false
    topk_filter: 1.0
    sliding_window: -1
    extra_constraint: false
    refine_neuron_timeout_increasement: 0
    timeout_neuron_percentage: 0.3
    remaining_timeout_threshold: 1
    remove_unstable_neurons: true
    lp_solver: false
bab:
  initial_max_domains: 1
  backing_up_max_domain: null
  max_domains: .inf
  decision_thresh: 0
  timeout: 1200.0
  timeout_scale: 1
  max_iterations: -1
  override_timeout: null
  get_upper_bound: false
  pruning_in_iteration: true
  pruning_in_iteration_ratio: 0.2
  sort_targets: false
  batched_domain_list: true
  optimized_interm: ''
  interm_transfer: true
  recompute_interm: false
  sort_domain_interval: -1
  vanilla_crown: false
  tree_traversal: depth_first
  cut:
    enabled: false
    cuts_path: /tmp/abcrown_cuts
    implication: false
    bab_cut: false
    lp_cut: false
    method: null
    lr: 0.01
    lr_decay: 1.0
    iteration: 100
    bab_iteration: -1
    early_stop_patience: -1
    lr_beta: 0.02
    number_cuts: 50
    topk_cuts_in_filter: 1000
    batch_size_primal: 100
    max_num: 1000000000
    patches_cut: false
    cplex_cuts: false
    cplex_cuts_wait: 0
    cplex_cuts_revpickup: true
    cut_reference_bounds: true
    fix_intermediate_bounds: false
    _tmp_cuts: null
    fixed_cuts: false
    add_implied_cuts: false
    add_input_cuts: false
    biccos:
      enabled: false
      constraint_strengthening: true
      recursively_strengthening: false
      drop_ratio: 0.5
      verified_bonus: 0.3
      max_infer_iter: 20
      heuristic: neuron_influence_score
      save_biccos_cuts: false
      multi_tree_branching:
        enabled: false
        restore_best_tree: false
        keep_n_best_domains: 1
        k_splits: 1
        iterations: 1
  branching:
    method: sb
    candidates: 3
    reduceop: min
    enable_intermediate_bound_opt: false
    branching_input_and_activation: false
    branching_input_and_activation_order: [input, relu]
    branching_input_iterations: 30
    branching_relu_iterations: 50
    gnn_path: ''
    neural_heuristic:
      model_path: ''
    rl:
      experiment: general
      eval: false
      extras: []
      logging:
        color: true
        debug: true
        file: rl-experiment.log
      pnet:
        gH: 64
        tH: 64
        nheads: 64
        nlayers: 64
        useDynamicGraph: true
        bidirectional: false
        GAT: true
      training:
        gamma: 0.99
        lr: 0.001
        batchSize: 8
        loop: 8
        totalEpochs: 10
        updatePolicyFrequency: 10
        updateTargetFrequency: 10
        buffer: buffer.pkl
        preparedBuffer: 'False'
        TestingPreparedBuffer: false
        scriptTraining: false
        policynet: policy-checkpoint.pt
        targetnet: target-checkpoint.pt
        datasetShuffle: true
        targetedData: all
        splitRatio: 0.8
        maxInstances: -1
        trainingMode: full
        reward:
          norm: null
          bonus: 10.0
          penalty: -1.0
      egreedy:
        epsilon: 0.1
        epsilonDecay: 0.1
        minEpsilon: 0.1
        ePath: epsilon.pt
        enabled: true
      expert:
        useExpertUntilEpisode: 0.1
        enabled: true
        learnToImitateExpertEpochs: 10
    nonlinear_split:
      method: shortcut
      branching_point_method: uniform
      num_branches: 2
      filter: false
      filter_beta: false
      filter_clamp: false
      filter_batch_size: 10000
      filter_iterations: 25
      relu_only: false
      loose_tanh_threshold: null
      dynamic_bbps: false
      dynamic_options: [uniform, three_left, three_right]
      branching_point_node: ''
      branching_point_db: []
    input_split:
      enable_clip_domains: false
      split_hint: null
      reorder_bab: false
      enable: true
      enhanced_bound_prop_method: alpha-crown
      enhanced_branching_method: naive
      enhanced_bound_patience: 100000000.0
      attack_patience: 100000000.0
      adv_check: 0
      split_partitions: 2
      sb_margin_weight: 1.0
      sb_sum: false
      sb_primary_spec: null
      bf_backup_thresh: -1
      bf_rhs_offset: 0
      bf_iters: 1000000000.0
      bf_batch_size: 100000
      bf_zero_crossing_score: false
      touch_zero_score: 0
      ibp_enhancement: false
      catch_assertion: false
      compare_with_old_bounds: false
      update_rhs_with_attack: false
      sb_coeff_thresh: 0.001
      sort_index: null
      sort_descending: true
      show_progress: false
      presplit_domains: null
      skip_getting_worst_domain: false
  attack:
    enabled: false
    beam_candidates: 8
    beam_depth: 7
    max_dive_fix_ratio: 0.8
    min_local_free_ratio: 0.2
    mip_start_iteration: 5
    mip_timeout: 30.0
    adv_pool_threshold: null
    refined_mip_attacker: false
    refined_batch_size: null
attack:
  pgd_order: input_bab
  pgd_steps: 100
  pgd_restarts: 30
  pgd_batch_size: 100000000
  pgd_early_stop: true
  pgd_lr_decay: 0.99
  pgd_alpha: auto
  pgd_alpha_scale: false
  pgd_loss_mode: null
  pgd_restart_when_stuck: false
  enable_mip_attack: false
  adv_saver: default_adv_saver
  adv_verifier: default_adv_verifier
  early_stop_condition: default_early_stop_condition
  adv_example_finalizer: default_adv_example_finalizer
  pgd_loss: default_pgd_loss
  cex_path: ./test_cex.txt
  attack_mode: PGD
  attack_tolerance: 0.0
  attack_func: attack_with_general_specs
  gama_lambda: 10.0
  gama_decay: 0.9
  check_clean: true
  input_split:
    pgd_steps: 100
    pgd_restarts: 30
    pgd_alpha: auto
  input_split_enhanced:
    pgd_steps: 200
    pgd_restarts: 500000
    pgd_alpha: auto
  input_split_check_adv:
    enabled: auto
    pgd_steps: 5
    pgd_restarts: 5
    pgd_alpha: auto
    max_num_domains: 10
debug:
  sanity_check: Full+Graph
  view_model: false
  lp_test: null
  rescale_vnnlib_ptb: null
  test_optimized_bounds: false
  test_optimized_bounds_after_n_iterations: 0
  print_verbose_decisions: false

Experiments at Fri Feb 20 06:58:51 2026 on d1026
Internal results will be saved to results/vggnet16_all_p_4/result_783.rank0.txt.

[ZRL] %%%%%%%%%%%%%%%%%%%%%%%%%%%%%%%%%%% idx: 0, vnnlib ID: 0 %%%%%%%%%%%%%%%%%%%%%%%%%%%%%%%%%%%
Using onnx /projects/air/dlverifier/vggnet16_all/onnx/vgg16-7.onnx
Using vnnlib /projects/air/dlverifier/vggnet16_all/vnnlib/n02091032_Italian_greyhound_fix_nonmask_seg0_k50176_eps_0.0002.vnnlib
150528 inputs and 1000 outputs in vnnlib
Loading cached onnx model from /projects/air/dlverifier/vggnet16_all/onnx/vgg16-7.onnx.cached
Cannot read cached onnx file. Regenerating...
Loading onnx /projects/air/dlverifier/vggnet16_all/onnx/vgg16-7.onnx with quirks {}
Finished onnx model loading in 38.7656 seconds
Number of perturbed inputs: 83166
WARNING: prioritizing attack due to too many perturbed pixels on VGG
Setting arguments.Config["attack"]["pgd_order"] to "before"
Setting bound_prop_method to crown
Attack parameters: initialization=uniform, steps=100, restarts=30, alpha=5.000084638595581e-05, initialization=uniform, GAMA=False
Model output of first 5 examples:
 tensor([[-8.05921912e-01,  2.71221399e+00, -7.51434684e-01, -1.10288823e+00,
         -8.53331447e-01,  1.68618575e-01, -2.91781068e-01, -1.22320068e+00,
         -1.31224442e+00, -9.51262712e-01, -4.61471945e-01,  1.04179248e-01,
          1.24486245e-01, -5.70926607e-01,  4.68059570e-01,  8.10491621e-01,
         -3.58740300e-01, -1.15562570e+00, -3.39846104e-01, -8.14034522e-01,
         -7.10520923e-01, -4.75509763e-02,  5.12174405e-02, -8.54553819e-01,
          6.81107640e-02, -8.25708151e-01,  6.89275742e-01, -1.38002768e-01,
         -8.78008306e-01,  5.73916256e-01, -1.08427727e+00,  8.71722341e-01,
         -5.40626347e-01, -1.07439005e+00, -8.79839182e-01, -7.71236956e-01,
          8.77530396e-01, -1.57952559e+00, -2.68088263e-02, -9.47219312e-01,
          7.46243238e-01, -1.24091899e+00, -9.01563108e-01, -4.69004989e-01,
         -5.16631782e-01, -4.00739700e-01,  8.24469030e-01, -7.72691667e-01,
         -1.67377460e+00,  3.64363119e-02,  6.30517960e-01, -2.15599322e+00,
         -2.59147555e-01,  5.90039641e-02, -8.30194116e-01, -5.01630902e-01,
         -3.91853631e-01, -1.54048991e+00,  3.09334770e-02,  5.94557464e-01,
         -2.03633904e-02, -1.10801005e+00, -1.12071347e+00,  2.13227481e-01,
          4.66050506e-02, -7.70721734e-01, -9.14649308e-01, -8.42926741e-01,
         -1.42442715e+00, -1.67483997e+00,  6.92034841e-01,  7.03896940e-01,
          7.08395064e-01,  1.81501114e+00,  1.39387548e+00,  1.78715777e+00,
          7.68202245e-01,  2.16853547e+00,  1.37805128e+00,  1.42454493e+00,
          8.41097236e-01, -1.91462624e+00, -4.18515325e-01, -1.00612128e+00,
         -7.46492207e-01, -6.86657786e-01, -1.06549358e+00, -4.15997833e-01,
          5.98134696e-01, -1.47471619e+00,  2.66962171e-01, -6.70603633e-01,
          6.24232769e-01,  2.12430015e-01,  8.58856142e-01, -8.07236433e-01,
          8.30119610e-01, -1.13873219e+00, -1.04253136e-01, -8.41258705e-01,
          6.27805650e-01, -1.54692042e+00, -2.09064317e+00,  4.22124177e-01,
         -9.68387485e-01, -1.78042185e+00, -1.19904506e+00, -1.21786758e-01,
         -1.17742293e-01, -1.12139428e+00, -1.54417247e-01,  2.67858243e+00,
         -1.50441706e-01,  6.93518043e-01,  2.92671323e-01, -8.44133258e-01,
         -1.05600166e+00,  2.63285078e-02, -1.02641726e+00, -1.41994357e+00,
         -1.40055931e+00, -1.26042664e+00, -1.23193216e+00, -2.33410597e+00,
         -1.35241890e+00, -1.35071325e+00,  7.13100433e-01, -1.92162424e-01,
          8.55754852e-01,  3.09703588e-01,  3.75204116e-01, -6.76471174e-01,
          4.23344612e-01, -2.48136058e-01, -3.11713934e-01,  1.01093799e-01,
         -5.79804182e-01, -4.14296873e-02, -7.84744680e-01, -1.60559869e+00,
         -2.25384140e+00,  2.32537538e-02, -6.98351145e-01, -8.29707861e-01,
         -8.92663300e-01, -8.04711819e-01, -1.85070443e+00,  6.31296217e-01,
         -3.77635151e-01, -4.04347479e-01, -1.10239637e+00,  4.36431676e-01,
         -1.04100637e-01,  4.80475098e-01,  5.49380660e-01, -1.27210006e-01,
         -6.39601886e-01,  3.35610092e-01, -9.23234046e-01, -1.10245144e+00,
         -6.77909017e-01, -4.03488159e-01, -2.37503648e-02, -6.44123077e-01,
         -8.30109358e-01, -5.65096557e-01, -1.00813258e+00, -1.13197064e+00,
         -2.70837456e-01, -6.97008371e-01, -8.05343211e-01, -8.56612563e-01,
         -1.59625304e+00, -6.97054029e-01, -9.31704998e-01, -6.61084116e-01,
         -1.80782819e+00, -4.76600081e-01, -4.59861845e-01, -1.70037043e+00,
         -1.93689525e+00, -7.00144649e-01, -6.29961491e-04, -1.15311868e-01,
          1.24587588e-01, -4.27553356e-02,  1.52010098e-01,  1.09147871e+00,
         -5.41910529e-01, -3.01801443e-01, -6.97094917e-01,  8.04753363e-01,
         -5.44287145e-01, -1.06339000e-01, -4.81443524e-01,  3.94380748e-01,
         -4.12397712e-01, -9.62637305e-01, -1.32182932e+00,  4.99881446e-01,
          3.25152993e-01, -5.27780950e-01, -5.59888482e-01,  8.67975533e-01,
          3.94855022e-01, -8.62033248e-01, -9.05479789e-01, -4.73312169e-01,
         -8.89496684e-01, -1.02307320e+00, -2.07900953e+00, -4.79674250e-01,
         -4.60821748e-01, -4.85757887e-01, -3.40718031e-01, -7.55617917e-01,
         -7.59424806e-01, -5.70532918e-01, -1.11058116e+00, -4.69857574e-01,
         -4.06293541e-01,  9.17259902e-02, -6.17115796e-01,  3.19715619e-01,
          7.06462741e-01, -1.41084433e+00, -7.35144198e-01, -1.35267055e+00,
         -8.37337554e-01,  2.91007638e-01, -3.67807239e-01,  8.05668607e-02,
         -5.90897799e-01, -1.77773908e-01, -3.97777408e-01, -4.43623751e-01,
         -8.32983673e-01, -2.96590328e-01, -1.30211806e+00,  4.56506908e-02,
         -3.57075930e-01, -6.68081462e-01, -2.90754557e-01, -1.77709079e+00,
         -1.50105983e-01, -3.72239262e-01, -1.50746322e+00, -4.93774951e-01,
         -1.67614907e-01, -1.68247864e-01, -4.37881172e-01, -1.16800213e+00,
          1.08569205e+00, -1.97596252e-01,  6.90966308e-01, -1.23613560e+00,
         -6.07371271e-01,  3.02625671e-02,  1.97015435e-01,  1.49752939e+00,
          1.10730839e+00, -1.71943232e-02, -5.38303971e-01, -6.36126518e-01,
         -5.84350348e-01,  7.98032522e-01, -1.55641794e-01, -3.74366522e-01,
         -1.94373941e+00,  9.58747506e-01,  6.17334962e-01,  5.96912384e-01,
          6.05096400e-01,  4.58856761e-01,  2.25196809e-01,  4.12635989e-02,
          5.20658195e-02,  1.08843279e+00,  1.06797643e-01,  8.72363925e-01,
          6.63894713e-01,  1.30665278e+00,  1.58960319e+00,  2.83575344e+00,
          1.45106637e+00,  7.29730487e-01, -8.02319825e-01,  1.05244488e-01,
          1.12881884e-03, -5.83084941e-01, -3.81377935e-01,  1.24655016e-01,
         -3.00210148e-01,  3.82459283e-01, -5.97152889e-01, -4.19246376e-01,
          5.84173538e-02, -1.38173610e-01, -1.00582564e+00,  3.45468819e-02,
         -1.40476084e+00,  9.64618623e-01, -1.08421884e-01, -3.41619104e-02,
         -8.03851783e-02, -2.03185463e+00, -1.16725817e-01,  6.78765535e-01,
          7.43074834e-01,  2.73952127e-01,  1.89697182e+00,  1.14354396e+00,
          1.68398336e-01,  1.26371241e+00,  1.14311242e+00,  4.88829434e-01,
         -4.34462279e-02, -4.45265621e-01,  1.37038982e+00,  8.73032451e-01,
          6.04142606e-01, -1.43218613e+00, -1.19023204e+00, -5.09929180e-01,
         -1.23763359e+00, -1.28966558e+00, -9.32871819e-01, -1.40980333e-01,
         -1.18948698e+00, -1.40273201e+00, -2.61064708e-01,  6.96553528e-01,
          1.78555048e+00,  5.03345013e-01, -5.07159948e-01, -3.66658926e-01,
         -1.54568183e+00,  4.73494142e-01, -4.31848884e-01, -1.86190009e+00,
         -1.13761663e+00, -1.11060381e+00, -1.21554637e+00, -1.73870683e+00,
         -1.17253149e+00, -1.75320113e+00, -1.72018015e+00, -4.70669180e-01,
         -2.81019425e+00, -1.67182148e+00, -2.06324267e+00, -1.38206089e+00,
         -9.49103177e-01, -1.36761022e+00, -1.58862424e+00, -1.84105301e+00,
         -2.10684299e-01, -3.65076065e-02, -4.91472473e-03, -3.28676224e-01,
         -3.20935786e-01,  3.72369021e-01,  5.42822033e-02, -1.24685872e+00,
         -1.32567930e+00, -1.97050810e-01, -3.40037972e-01, -3.37294847e-01,
          3.93555537e-02, -7.64477730e-01, -3.55799973e-01, -1.21065879e+00,
         -7.33537316e-01, -1.98572680e-01, -1.42115861e-01, -1.07401371e+00,
         -1.60841038e-04,  8.53982642e-02,  1.10827312e-01, -7.98848569e-01,
          5.43655455e-01, -4.27292168e-01, -1.56145737e-01, -6.05418622e-01,
         -1.31888449e-01, -1.14281845e+00, -1.59890020e+00, -6.65725112e-01,
         -1.51875496e+00, -2.38221720e-01, -1.34876800e+00, -4.92245942e-01,
         -1.67123675e-01, -1.46304679e+00, -1.37453330e+00, -2.59118043e-02,
         -1.15054882e+00, -1.21402133e+00, -2.22960278e-01,  9.63506639e-01,
         -3.89261872e-01,  4.58603799e-02,  7.33038306e-01, -1.24997699e+00,
         -3.83952439e-01,  5.12428045e-01, -4.00741607e-01,  1.79692656e-01,
         -1.78779519e+00,  2.99678469e+00, -1.34108841e+00,  1.01206422e+00,
          2.87796587e-01,  6.10993624e-01,  4.15247113e-01, -1.73840797e+00,
          1.03606009e+00,  1.53437078e+00,  2.51983237e+00,  1.28682494e+00,
          3.72521132e-01,  4.67655003e-01, -4.65630770e-01, -4.83460605e-01,
         -1.16739511e-01,  3.07598948e-01,  1.30996954e+00, -7.40140140e-01,
         -2.09144235e-01, -5.35477221e-01, -1.17136490e+00, -5.67998469e-01,
          3.04949045e-01,  4.08715487e-01,  5.41988790e-01,  2.06469083e+00,
         -4.34434742e-01,  4.35876161e-01,  1.96891928e+00,  2.98587918e-01,
          3.26993287e-01,  1.63713467e+00,  3.04131448e-01,  1.03384066e+00,
         -1.02361631e+00, -4.64910090e-01,  2.79701710e+00, -4.78976220e-01,
         -7.57826865e-01,  5.40818982e-02, -1.34213221e+00,  2.77965546e-01,
         -4.85866517e-01,  5.43983936e-01, -1.32061195e+00, -1.44125700e-01,
         -3.25132459e-02,  1.09629428e+00, -9.38404799e-01,  6.38897181e-01,
         -1.26558816e+00, -9.75031331e-02,  1.85731184e+00,  2.23838687e-02,
          4.07931581e-02,  6.99450850e-01, -7.63438821e-01, -2.35741520e+00,
          5.08300006e-01,  2.72339255e-01,  2.34268928e+00, -9.06306863e-01,
         -5.70029616e-01,  3.32169868e-02, -1.37374091e+00,  9.72953916e-01,
         -3.83085638e-01, -1.07269216e+00, -2.05756873e-01, -7.65678287e-01,
          2.70803976e+00,  6.81939125e-01,  2.47337788e-01, -1.06163435e-01,
         -9.98521745e-01,  9.31001008e-01,  1.11590755e+00,  2.43109798e+00,
         -2.54864424e-01,  3.08197618e-01,  1.33327425e-01, -6.85964108e-01,
         -3.43307227e-01,  1.11082768e+00,  9.39138293e-01,  8.73346150e-01,
          9.78260636e-02,  1.10181522e+00,  5.52758217e-01,  1.59585392e+00,
         -1.95432699e+00,  5.82352281e-01, -8.91439974e-01,  9.40609574e-01,
          6.70069337e-01,  2.74169505e-01, -1.40629947e+00,  1.45497060e+00,
          1.39896429e+00, -2.24206853e+00, -4.04415965e-01, -6.24849260e-01,
          2.92694986e-01,  1.29485473e-01, -7.95920253e-01, -9.25214350e-01,
         -1.21719241e+00,  8.69456291e-01, -1.86513931e-01, -8.19180965e-01,
         -2.10588858e-01,  3.46965939e-01, -1.16247547e+00, -3.96245360e-01,
         -6.89073563e-01, -1.40207517e+00,  7.23506212e-01,  1.94977546e+00,
         -2.38033995e-01, -7.92254746e-01,  2.85393643e+00,  1.32589066e+00,
          4.53584850e-01, -3.30418259e-01,  2.47867322e+00, -1.82208049e+00,
         -1.07924712e+00, -9.35810685e-01,  7.11892694e-02,  1.58682871e+00,
          5.83834708e-01, -1.44627619e+00,  1.50521350e+00, -4.00769591e-01,
         -8.23410451e-01,  4.80389655e-01,  4.85216558e-01, -2.04691362e+00,
          1.17730260e+00,  2.42567945e+00, -7.11485147e-01, -2.39573643e-01,
          2.02207232e+00,  1.42237103e+00,  9.71762240e-02,  4.59762523e-04,
          4.24584866e+00,  1.58010352e+00,  7.56929338e-01,  3.28896016e-01,
         -9.73454177e-01, -4.52027231e-01,  2.88111544e+00,  8.79909992e-01,
         -3.20613027e-01,  8.63023460e-01, -3.19312274e-01,  2.63113767e-01,
          3.08761507e-01, -1.64364123e+00,  3.80989969e-01, -7.69456804e-01,
          1.05610359e+00, -1.33615482e+00, -2.17223793e-01, -1.01332092e+00,
         -1.42789197e+00,  6.14982843e-01,  7.70664930e-01,  1.02593291e+00,
          7.84567297e-01, -4.74926561e-01, -2.25470328e+00, -3.08787346e-01,
          8.78718078e-01,  1.62856686e+00, -1.09354877e+00,  8.56525362e-01,
          6.49578273e-01,  5.63845038e-01,  1.40262127e+00,  3.84880042e+00,
          2.09976435e-02,  6.08753860e-01,  3.91466916e-01, -1.08254623e+00,
          8.97738636e-01, -7.69625306e-01,  1.87706888e+00,  1.67826426e+00,
          1.29004717e+00,  3.69153291e-01,  9.56037819e-01, -2.32900000e+00,
          1.65419960e+00,  2.19967222e+00,  7.81692266e-01,  9.90861177e-01,
          5.22359431e-01, -8.39677513e-01,  6.77852273e-01,  9.81329560e-01,
         -9.55240130e-01, -4.13735062e-02,  4.86809582e-01, -8.83625373e-02,
          8.18921030e-01,  1.80599600e-01,  9.01056170e-01,  2.92368221e+00,
          2.52483106e+00, -4.81137067e-01,  9.43275332e-01,  1.26343107e+00,
         -8.73783350e-01, -9.18426037e-01,  2.10188961e+00,  2.13006973e-01,
         -1.31066191e+00,  2.11709237e+00, -8.35844934e-01,  8.71090055e-01,
          2.98222899e+00,  4.10532147e-01, -2.42451668e+00,  5.37626088e-01,
          1.11975062e+00,  1.87320970e-02, -9.42294523e-02, -1.05345383e-01,
         -1.69621193e+00,  7.44182706e-01, -6.88811600e-01,  9.81296003e-02,
          2.43092680e+00, -1.80717301e+00,  5.19976020e-01,  1.02572203e+00,
          1.88180971e+00, -1.67426753e+00,  2.18796301e+00,  3.22965074e+00,
         -1.21659899e+00, -2.57938355e-01, -8.99430275e-01,  8.95714104e-01,
         -2.81322926e-01,  1.66482913e+00, -5.11002362e-01,  2.97444016e-01,
          3.70315984e-02, -2.33187771e+00,  1.02490056e+00, -1.03141725e+00,
          3.65784359e+00, -2.06646562e-01, -5.88695168e-01, -5.98598003e-01,
         -2.73572445e-01,  2.02987385e+00, -1.72098786e-01, -6.41073644e-01,
         -3.21490616e-02,  1.57612360e+00, -4.35363263e-01, -6.09490097e-01,
         -9.89480615e-01,  9.72998857e-01,  1.52790487e-01, -5.21569073e-01,
          1.25962150e+00,  2.23805594e+00,  1.51561603e-01,  9.78991508e-01,
         -1.13784708e-02,  8.55325878e-01, -5.77140033e-01, -9.55314338e-01,
          3.20931935e+00,  2.64337867e-01, -3.21507764e+00,  2.32796133e-01,
          1.35417664e+00,  1.44976020e-01, -4.95931715e-01,  9.64077175e-01,
          1.44249380e+00,  1.39896855e-01, -2.88702518e-01,  7.11548269e-01,
          1.22654533e+00,  8.08166981e-01, -9.93155241e-02, -8.13506603e-01,
          1.46161830e+00, -1.35402799e+00, -8.67248952e-01,  1.03349543e+00,
         -3.62447351e-01,  1.29240882e+00,  1.50429741e-01,  1.88073087e+00,
          1.18946779e+00,  9.18960631e-01,  8.31474662e-01, -1.11869609e+00,
          4.98127818e-01, -1.37618542e+00,  2.78602570e-01,  1.39692985e-02,
          6.97569489e-01,  5.48983216e-01,  1.64134455e+00,  5.36509752e-01,
         -1.43196440e+00,  1.20113707e+00, -1.49973726e+00,  2.93019921e-01,
          7.60780871e-01, -4.54584599e-01, -1.97749412e+00,  1.79882550e+00,
         -2.63083689e-02,  1.37317252e+00, -1.20520186e+00,  1.51891723e-01,
          7.96788514e-01,  6.25492036e-01,  6.49281368e-02, -2.27296352e+00,
         -5.01777053e-01,  2.05029511e+00, -3.55828643e-01, -2.44995192e-01,
          1.69380438e+00,  1.80718768e+00, -1.93453282e-02,  5.95046282e-01,
          5.05353212e-01,  1.16682434e+00,  5.94947577e-01, -1.03388047e+00,
          4.54213947e-01,  2.24034953e+00,  7.41716623e-01, -1.12397313e+00,
         -1.56668171e-01, -8.53633165e-01, -5.52951515e-01,  8.11395824e-01,
          2.20094252e+00,  2.11022687e+00, -6.92008078e-01,  6.09611452e-01,
          8.73181581e-01, -1.32734478e-01,  1.00296700e+00,  1.15288079e+00,
         -1.89218307e+00,  1.71477675e+00, -1.11340261e+00,  1.89821351e+00,
          1.72382677e+00,  7.75551677e-01, -1.12708640e+00,  6.88879669e-01,
          1.04532814e+00,  2.60632366e-01, -6.07344434e-02, -4.32117939e-01,
         -7.12997794e-01,  3.16540569e-01,  3.61357594e+00,  1.16241956e+00,
          2.03950810e+00, -5.17128229e-01, -4.18696761e-01,  1.96819752e-01,
         -1.50809598e+00,  3.19735837e+00, -6.11614466e-01,  4.82006043e-01,
          5.44005275e-01,  7.46344984e-01,  4.70529461e+00,  2.70227015e-01,
          1.37634784e-01,  3.75281036e-01,  7.51450062e-01,  2.86040163e+00,
          1.62407517e-01, -6.14173710e-01,  1.23586647e-01,  3.48810405e-01,
          7.92368829e-01, -5.98483384e-01, -5.24608672e-01,  1.54413134e-01,
         -2.14489365e+00,  5.46179414e-01,  9.32915032e-01,  1.65161324e+00,
          1.37518263e+00,  9.19161141e-01, -1.93100050e-01,  2.04339314e+00,
         -5.61564080e-02, -4.46502417e-01,  2.70458102e+00,  2.06759691e+00,
         -1.42877603e+00, -6.46362066e-01, -2.06197396e-01, -5.50381094e-02,
          6.94565177e-01, -1.46004558e+00,  1.14298260e+00,  1.79869246e+00,
          1.32201254e+00, -1.02590895e+00, -9.22930360e-01,  1.27044249e+00,
         -1.47618043e+00, -1.06528926e+00,  8.64422083e-01, -1.75098729e+00,
          3.07817906e-01,  4.61662382e-01,  2.80090243e-01,  1.40578777e-01,
          1.31189382e+00, -8.36164653e-01, -4.06676345e-02,  7.08366781e-02,
          2.78375959e+00,  2.33385229e+00,  1.74146628e+00, -1.21400607e+00,
          5.82340121e-01, -1.81241080e-01, -2.11570822e-02,  3.95003605e+00,
          1.35066056e+00, -2.09944344e+00,  2.82422376e+00,  7.70610571e-01,
         -2.74632096e+00, -2.85998166e-01, -4.35554147e-01,  5.51504910e-01,
         -7.98895121e-01,  1.58697712e+00,  9.61669981e-01, -1.47207201e+00,
         -1.15263212e+00, -1.60317814e+00, -1.35426474e+00,  2.06036959e-02,
          1.68593121e+00, -1.26984373e-01, -6.86646998e-01, -1.76734194e-01,
          1.27630877e+00, -2.55607933e-01, -2.13715076e+00,  4.31340098e-01,
          1.86796856e+00,  9.07184064e-01, -7.00579166e-01,  1.41701388e+00,
          2.14312449e-01,  2.73828030e-01,  8.00364137e-01,  1.39230478e+00,
         -5.82728311e-02,  2.83813500e+00,  8.62435102e-01,  2.25995243e-01,
         -6.16534412e-01,  1.19103277e+00, -1.51898026e+00, -7.98996389e-01,
          4.34766102e+00,  1.81988478e-01,  2.70785475e+00, -7.09370494e-01,
          1.38694060e+00,  1.71119893e+00,  1.38040483e+00,  8.97558153e-01,
          9.77430195e-02, -4.11670327e-01,  1.23338687e+00,  1.31132400e+00,
          5.92646551e+00,  4.74345160e+00,  1.52799380e+00,  3.59640270e-01,
          9.22239661e-01,  2.53003627e-01, -1.05452046e-01,  1.52152681e+00,
         -1.59674466e+00, -1.05675447e+00, -4.88810509e-01, -1.63804257e+00,
          2.08161259e+00, -3.74836773e-02,  4.10604328e-01,  3.40665042e-01,
          1.79283190e+00,  2.28389192e+00,  1.10581136e+00, -4.44848329e-01,
         -2.22192264e+00,  1.73877573e+00, -3.89508843e-01, -1.15785158e+00,
         -1.36615992e+00,  7.33212829e-01, -1.19602716e+00, -1.41432834e+00,
         -1.42395639e+00, -2.07699013e+00, -1.40796185e+00, -7.25844860e-01,
         -9.68375325e-01, -7.60325253e-01, -7.34124124e-01, -7.19579518e-01,
         -7.68354833e-01, -8.17474365e-01,  1.23472258e-01, -4.17196989e-01,
         -2.67064667e+00,  3.52644980e-01, -5.53719640e-01, -7.72326291e-01,
          1.21589792e+00,  1.53395534e+00,  1.22631061e+00,  3.14170033e-01,
         -5.58345854e-01, -6.65604472e-02,  7.71865323e-02, -1.46611249e+00,
         -1.47880876e+00, -2.65126973e-02, -6.77513599e-01, -1.47581744e+00,
         -1.22850704e+00, -1.29936433e+00, -8.65888834e-01, -1.23397493e+00,
         -1.29251981e+00, -1.76246750e+00,  2.04359055e+00, -5.74016929e-01,
          1.20174360e+00,  3.01841766e-01, -8.71372879e-01,  2.59951615e+00,
         -7.50156105e-01, -5.87334812e-01,  2.16321158e+00,  1.04852629e+00,
         -9.94924545e-01, -2.78288335e-01,  3.59799922e-01, -1.04574513e+00,
          2.31003714e+00, -5.93192339e-01,  6.82919025e-01,  2.40025386e-01,
          3.58692259e-02,  1.08548915e+00, -7.90772974e-01, -1.00058876e-02,
         -9.54073429e-01,  8.54483902e-01, -9.39085484e-01, -1.04145730e+00,
         -8.72673154e-01, -2.30465412e+00, -2.10602951e+00, -1.31244814e+00,
         -1.44909573e+00, -2.82118559e+00, -8.40824097e-03,  7.75120080e-01]],
       device='cuda:0')
Adv example prediction (first 2 examples and 2 restarts):
 tensor([[[-7.87450612e-01,  2.73024082e+00, -7.45387137e-01, -1.09522367e+00,
          -8.50616157e-01,  1.86630428e-01, -2.96304345e-01, -1.22386634e+00,
          -1.30918264e+00, -9.42324102e-01, -4.61465895e-01,  9.51238722e-02,
           1.10418968e-01, -5.81137478e-01,  4.64245915e-01,  8.07014644e-01,
          -3.68912041e-01, -1.16469705e+00, -3.50848466e-01, -8.29112589e-01,
          -7.10740030e-01, -3.74405906e-02,  5.47328852e-02, -8.54926646e-01,
           7.37014115e-02, -8.14428985e-01,  7.17912138e-01, -1.19497404e-01,
          -8.66231024e-01,  6.00665629e-01, -1.07980311e+00,  8.67397845e-01,
          -5.29554963e-01, -1.05666828e+00, -8.67420614e-01, -7.60228455e-01,
           8.83548439e-01, -1.58033824e+00, -1.03638452e-02, -9.40099537e-01,
           7.36879170e-01, -1.21868205e+00, -8.94921482e-01, -4.62540686e-01,
          -5.08704662e-01, -3.88834268e-01,  8.16859901e-01, -7.65292704e-01,
          -1.66375458e+00,  3.58798876e-02,  6.33191347e-01, -2.14622068e+00,
          -2.50982702e-01,  5.93785271e-02, -8.32524419e-01, -5.03745019e-01,
          -3.90654981e-01, -1.53039169e+00,  3.42989266e-02,  5.89932621e-01,
          -1.67271420e-02, -1.11346555e+00, -1.11488557e+00,  2.26166874e-01,
           5.17098531e-02, -7.57661998e-01, -9.01562870e-01, -8.49550486e-01,
          -1.41601062e+00, -1.67121243e+00,  6.90873206e-01,  7.01666653e-01,
           7.10190892e-01,  1.82787907e+00,  1.39572883e+00,  1.79326677e+00,
           7.78213620e-01,  2.17665553e+00,  1.38615859e+00,  1.43312836e+00,
           8.52041364e-01, -1.91040909e+00, -4.08054411e-01, -9.96278644e-01,
          -7.36510038e-01, -6.93808079e-01, -1.05645359e+00, -4.21189994e-01,
           6.00033820e-01, -1.48348379e+00,  2.73888230e-01, -6.70426190e-01,
           6.21870816e-01,  2.15472519e-01,  8.55880141e-01, -7.94864357e-01,
           8.33418190e-01, -1.13902426e+00, -9.15896222e-02, -8.42919111e-01,
           6.32354021e-01, -1.53718662e+00, -2.08640575e+00,  4.40516949e-01,
          -9.66853559e-01, -1.77341831e+00, -1.19277608e+00, -1.14081889e-01,
          -1.17017828e-01, -1.11591148e+00, -1.35476828e-01,  2.70387554e+00,
          -1.63166687e-01,  6.97940826e-01,  2.97890604e-01, -8.31574261e-01,
          -1.03201842e+00,  2.46824510e-02, -1.02721703e+00, -1.40412033e+00,
          -1.40504992e+00, -1.24140179e+00, -1.23033249e+00, -2.32265282e+00,
          -1.34775782e+00, -1.35496652e+00,  7.41935611e-01, -1.84378430e-01,
           8.67156804e-01,  3.05474609e-01,  3.77190441e-01, -6.74418211e-01,
           4.20277119e-01, -2.48309016e-01, -3.15153748e-01,  1.01357386e-01,
          -5.80265403e-01, -5.08383103e-02, -7.78062642e-01, -1.60477936e+00,
          -2.26030064e+00,  1.51176462e-02, -7.02394545e-01, -8.27196181e-01,
          -8.97267282e-01, -8.00786912e-01, -1.85149956e+00,  6.54690087e-01,
          -3.64455163e-01, -3.80855262e-01, -1.09543538e+00,  4.35016781e-01,
          -7.11949542e-02,  4.96590793e-01,  5.71703494e-01, -1.09921210e-01,
          -6.29491866e-01,  3.51945013e-01, -9.15783048e-01, -1.10160863e+00,
          -6.47546828e-01, -4.10899103e-01, -2.47154981e-02, -6.33731723e-01,
          -8.28051031e-01, -5.57385087e-01, -1.00481963e+00, -1.11412704e+00,
          -2.66883761e-01, -6.82034731e-01, -7.80341268e-01, -8.76811564e-01,
          -1.60553682e+00, -6.87300503e-01, -9.26684558e-01, -6.18993819e-01,
          -1.78490281e+00, -4.53446090e-01, -4.66703087e-01, -1.69217229e+00,
          -1.93179047e+00, -6.85486376e-01,  2.16693580e-02, -1.02755085e-01,
           1.34351343e-01, -2.27745492e-02,  1.72221988e-01,  1.11325026e+00,
          -5.08214951e-01, -2.79535472e-01, -6.65832102e-01,  8.18829954e-01,
          -5.24210811e-01, -7.41870329e-02, -4.44085449e-01,  3.91099900e-01,
          -3.95191818e-01, -9.33762252e-01, -1.29839134e+00,  5.23048878e-01,
           3.65129918e-01, -5.12897372e-01, -5.42747617e-01,  8.75758946e-01,
           4.14516449e-01, -8.38075638e-01, -8.85186791e-01, -4.54736382e-01,
          -8.79737973e-01, -1.02174592e+00, -2.06807995e+00, -4.72123206e-01,
          -4.41988021e-01, -4.71309185e-01, -3.14220071e-01, -7.47307718e-01,
          -7.38784850e-01, -5.68694234e-01, -1.10310996e+00, -4.55716550e-01,
          -3.79930884e-01,  1.15903288e-01, -5.97389579e-01,  3.23257178e-01,
           7.26739883e-01, -1.40531194e+00, -6.96991920e-01, -1.34136927e+00,
          -8.18877995e-01,  3.15325141e-01, -3.57299268e-01,  1.04200937e-01,
          -5.74784815e-01, -1.52184576e-01, -3.93702686e-01, -4.26296979e-01,
          -8.29232574e-01, -3.04804951e-01, -1.29133224e+00,  6.20684624e-02,
          -3.45636904e-01, -6.58019602e-01, -2.88287520e-01, -1.77028513e+00,
          -1.09447055e-01, -3.80288124e-01, -1.49775267e+00, -4.75293636e-01,
          -1.55026913e-01, -1.58354357e-01, -4.31666434e-01, -1.17066038e+00,
           1.13217509e+00, -2.01523751e-01,  6.95657372e-01, -1.21926844e+00,
          -5.79433143e-01,  4.69454899e-02,  2.05252349e-01,  1.51011837e+00,
           1.13059700e+00, -3.04066343e-03, -5.07970393e-01, -6.39492512e-01,
          -5.84311485e-01,  8.05676162e-01, -1.44052416e-01, -3.61566603e-01,
          -1.93844414e+00,  9.77700531e-01,  6.33714080e-01,  6.15707994e-01,
           6.21711314e-01,  4.75321710e-01,  2.39138573e-01,  5.41926213e-02,
           6.16234988e-02,  1.09522128e+00,  1.06678583e-01,  8.85977209e-01,
           6.74872696e-01,  1.31279290e+00,  1.59555459e+00,  2.84688377e+00,
           1.44441748e+00,  7.26572990e-01, -7.95113742e-01,  1.13462776e-01,
           1.17916428e-02, -5.71055889e-01, -3.70668977e-01,  1.46764308e-01,
          -2.83720583e-01,  3.85455132e-01, -5.76896191e-01, -4.05431211e-01,
           7.10840076e-02, -1.07288346e-01, -1.00085402e+00,  3.67019773e-02,
          -1.39509583e+00,  9.59194839e-01, -9.26122367e-02, -3.52197587e-02,
          -7.45809749e-02, -2.03342390e+00, -1.20553598e-01,  6.79277301e-01,
           7.39612877e-01,  2.71702766e-01,  1.89485633e+00,  1.13906336e+00,
           1.67523369e-01,  1.26593113e+00,  1.14218783e+00,  4.75725889e-01,
          -3.62893939e-02, -4.42799836e-01,  1.37239182e+00,  8.64230275e-01,
           5.91258228e-01, -1.42693031e+00, -1.18566608e+00, -5.09667993e-01,
          -1.23733366e+00, -1.28897405e+00, -9.34373617e-01, -1.29180476e-01,
          -1.18413758e+00, -1.37690055e+00, -2.53105432e-01,  7.11142600e-01,
           1.80440199e+00,  4.90600884e-01, -4.79578912e-01, -3.44900280e-01,
          -1.54188144e+00,  4.85697120e-01, -4.21963334e-01, -1.85823023e+00,
          -1.13361132e+00, -1.09735155e+00, -1.19935238e+00, -1.72545385e+00,
          -1.17339206e+00, -1.73734975e+00, -1.71993232e+00, -4.59679753e-01,
          -2.81238365e+00, -1.67019629e+00, -2.05772328e+00, -1.37199545e+00,
          -9.52136397e-01, -1.35780668e+00, -1.59173906e+00, -1.82463419e+00,
          -2.02584848e-01, -2.28175502e-02,  8.50357674e-03, -3.14966381e-01,
          -3.10415030e-01,  4.04026568e-01,  6.88615888e-02, -1.24521160e+00,
          -1.31037295e+00, -1.64440021e-01, -3.11281353e-01, -3.13377649e-01,
           6.69307336e-02, -7.36403406e-01, -3.34508926e-01, -1.18612194e+00,
          -7.15275526e-01, -1.84214309e-01, -1.25075743e-01, -1.05443525e+00,
           1.14696939e-02,  1.02339722e-01,  1.13315806e-01, -7.77587354e-01,
           5.65351903e-01, -4.06844169e-01, -1.48170128e-01, -6.01430535e-01,
          -1.11339852e-01, -1.14319253e+00, -1.59284854e+00, -6.42854571e-01,
          -1.51069868e+00, -2.21347317e-01, -1.33521903e+00, -4.82653350e-01,
          -1.35189340e-01, -1.47323704e+00, -1.35788476e+00, -1.18995644e-02,
          -1.14673865e+00, -1.20738792e+00, -2.28554443e-01,  9.40964460e-01,
          -3.95079464e-01,  2.72463281e-02,  7.06457615e-01, -1.25026751e+00,
          -3.91088665e-01,  5.10352731e-01, -4.15434539e-01,  1.94561869e-01,
          -1.77621341e+00,  3.01690412e+00, -1.34349108e+00,  9.87946689e-01,
           2.79634237e-01,  6.08142257e-01,  4.04038101e-01, -1.74577999e+00,
           1.03361571e+00,  1.52359354e+00,  2.51933908e+00,  1.28359556e+00,
           3.60293001e-01,  4.45078313e-01, -4.62880671e-01, -5.06092131e-01,
          -1.21613503e-01,  2.97568858e-01,  1.32035851e+00, -7.42069781e-01,
          -2.11918563e-01, -5.39059043e-01, -1.17109740e+00, -6.02236092e-01,
           2.97249496e-01,  3.97122771e-01,  5.27159929e-01,  2.03817272e+00,
          -4.29497927e-01,  4.24645901e-01,  1.97645819e+00,  3.20094705e-01,
           3.26592028e-01,  1.64073253e+00,  3.08808476e-01,  1.01485610e+00,
          -1.02547705e+00, -4.65745628e-01,  2.78311014e+00, -4.90748495e-01,
          -7.78098881e-01,  4.97870557e-02, -1.33675480e+00,  2.73586571e-01,
          -5.06562889e-01,  5.27806818e-01, -1.33169711e+00, -1.51901349e-01,
          -3.52101177e-02,  1.07545519e+00, -9.42589641e-01,  6.25458717e-01,
          -1.27563608e+00, -1.00358531e-01,  1.84515834e+00,  5.68792224e-03,
           3.73312011e-02,  7.01608181e-01, -7.72988319e-01, -2.36683297e+00,
           5.10853112e-01,  2.88170218e-01,  2.33215237e+00, -9.18696523e-01,
          -5.73095739e-01,  1.95131265e-02, -1.38671160e+00,  9.67813313e-01,
          -3.88443500e-01, -1.06756687e+00, -2.24886179e-01, -7.66992569e-01,
           2.72059464e+00,  6.88292682e-01,  2.60338306e-01, -1.05379663e-01,
          -1.00883031e+00,  9.34011996e-01,  1.09130704e+00,  2.43484211e+00,
          -2.51412839e-01,  3.08026791e-01,  1.29792318e-01, -6.71191096e-01,
          -3.61343116e-01,  1.10508049e+00,  9.30126548e-01,  8.74093831e-01,
           1.01512104e-01,  1.09618449e+00,  5.44314981e-01,  1.58525884e+00,
          -1.96526301e+00,  5.61468244e-01, -8.92984509e-01,  9.28399444e-01,
           6.63542151e-01,  2.59102166e-01, -1.40287268e+00,  1.45913029e+00,
           1.39104915e+00, -2.25673604e+00, -4.04785097e-01, -6.26328528e-01,
           2.87688643e-01,  1.16385072e-01, -8.10271502e-01, -9.44009542e-01,
          -1.25760674e+00,  8.53241444e-01, -1.94643155e-01, -8.33709598e-01,
          -2.56443292e-01,  3.43591779e-01, -1.15828383e+00, -4.12914693e-01,
          -7.02867925e-01, -1.40527105e+00,  7.01112270e-01,  1.93168724e+00,
          -2.41749689e-01, -8.07413042e-01,  2.86749768e+00,  1.33818424e+00,
           4.30830836e-01, -3.40693265e-01,  2.46688199e+00, -1.82594395e+00,
          -1.09250462e+00, -9.22824502e-01,  6.31340146e-02,  1.59538138e+00,
           5.89721978e-01, -1.46148825e+00,  1.49512315e+00, -4.17564392e-01,
          -8.20527852e-01,  4.54171836e-01,  4.69063967e-01, -2.04019213e+00,
           1.18742001e+00,  2.40284133e+00, -7.20152974e-01, -2.42177144e-01,
           2.02558374e+00,  1.41281688e+00,  1.04910254e-01,  1.21705253e-02,
           4.24307823e+00,  1.56347132e+00,  7.46117473e-01,  3.07096988e-01,
          -9.80795860e-01, -4.60545540e-01,  2.88350439e+00,  8.72574925e-01,
          -3.54498327e-01,  8.41709673e-01, -3.25495899e-01,  2.73090690e-01,
           3.04044992e-01, -1.63658559e+00,  3.68149638e-01, -7.61594534e-01,
           1.04906571e+00, -1.32990348e+00, -2.10609883e-01, -1.02042985e+00,
          -1.43032479e+00,  6.10315561e-01,  7.47098029e-01,  9.99923348e-01,
           7.76304543e-01, -4.86839205e-01, -2.26153612e+00, -3.08460414e-01,
           8.87277186e-01,  1.63293946e+00, -1.08625305e+00,  8.44102502e-01,
           6.17820799e-01,  5.50168335e-01,  1.42297876e+00,  3.83867526e+00,
           1.76138878e-02,  5.99721968e-01,  3.70369434e-01, -1.07703054e+00,
           8.96862626e-01, -7.81879425e-01,  1.85241413e+00,  1.68309867e+00,
           1.26725399e+00,  3.53446543e-01,  9.53859091e-01, -2.32596827e+00,
           1.65091646e+00,  2.18938875e+00,  7.47844934e-01,  9.92507100e-01,
           5.11020660e-01, -8.38003695e-01,  6.76094592e-01,  9.85912919e-01,
          -9.59123135e-01, -4.55597863e-02,  4.57446575e-01, -8.24386403e-02,
           8.25324714e-01,  1.57094732e-01,  8.86888266e-01,  2.87823486e+00,
           2.49901891e+00, -4.76252884e-01,  9.28990066e-01,  1.26553452e+00,
          -8.84035766e-01, -9.16395426e-01,  2.09928966e+00,  2.16543287e-01,
          -1.31885195e+00,  2.11523318e+00, -8.39718223e-01,  8.67657542e-01,
           2.98043561e+00,  4.16469961e-01, -2.42892456e+00,  5.56658447e-01,
           1.11100924e+00,  1.72536932e-02, -1.04569942e-01, -1.18350491e-01,
          -1.68940985e+00,  7.48502553e-01, -7.17031121e-01,  8.52026939e-02,
           2.42164564e+00, -1.81027246e+00,  5.33109188e-01,  1.02228761e+00,
           1.87044299e+00, -1.68229961e+00,  2.17262244e+00,  3.23986173e+00,
          -1.23648047e+00, -2.54478961e-01, -8.91464412e-01,  8.82209957e-01,
          -2.79301733e-01,  1.66840029e+00, -5.00525892e-01,  2.83792078e-01,
           4.09550220e-02, -2.32572079e+00,  1.01987612e+00, -1.02830803e+00,
           3.64499164e+00, -2.15049475e-01, -5.89744568e-01, -6.05844736e-01,
          -2.80843616e-01,  1.99791873e+00, -1.81990668e-01, -6.38020337e-01,
          -5.06647155e-02,  1.55704379e+00, -4.39736128e-01, -6.00542128e-01,
          -9.73620057e-01,  9.67722714e-01,  1.52539730e-01, -5.34098566e-01,
           1.26356399e+00,  2.20957232e+00,  1.41339019e-01,  9.76480722e-01,
          -5.30739501e-03,  8.85442913e-01, -5.77283561e-01, -9.76753712e-01,
           3.22871470e+00,  2.49841571e-01, -3.21043515e+00,  2.38802418e-01,
           1.35640228e+00,  1.36851400e-01, -4.90890771e-01,  9.48145151e-01,
           1.42890835e+00,  1.05380736e-01, -2.82244265e-01,  6.95783317e-01,
           1.21650887e+00,  7.89538503e-01, -1.04645975e-01, -8.29360843e-01,
           1.44452739e+00, -1.34932017e+00, -8.90806198e-01,  1.03659952e+00,
          -3.71320039e-01,  1.26806891e+00,  1.45765111e-01,  1.86978817e+00,
           1.20500493e+00,  9.05230463e-01,  8.30246270e-01, -1.11272681e+00,
           4.84048963e-01, -1.37304318e+00,  2.69451708e-01, -4.59468737e-03,
           6.94125116e-01,  5.31137705e-01,  1.63372195e+00,  5.21673977e-01,
          -1.44084585e+00,  1.18034816e+00, -1.49779367e+00,  2.80827075e-01,
           7.46030450e-01, -4.66910481e-01, -1.97452354e+00,  1.78839374e+00,
          -2.92134844e-02,  1.36505854e+00, -1.19477916e+00,  1.42581627e-01,
           7.84544528e-01,  6.24123037e-01,  7.14843050e-02, -2.27348733e+00,
          -5.02404511e-01,  2.05749130e+00, -3.71285170e-01, -2.59482503e-01,
           1.70240283e+00,  1.78782594e+00, -7.30443373e-03,  5.86654663e-01,
           4.94660348e-01,  1.16768098e+00,  5.66064954e-01, -1.03313231e+00,
           4.53429282e-01,  2.21334505e+00,  7.38268137e-01, -1.12972295e+00,
          -1.61892071e-01, -8.54738593e-01, -5.62862873e-01,  8.06921840e-01,
           2.18226695e+00,  2.11048245e+00, -7.09743559e-01,  6.00502551e-01,
           8.57456744e-01, -1.60824925e-01,  1.01182032e+00,  1.14001608e+00,
          -1.89018059e+00,  1.70889688e+00, -1.12436831e+00,  1.89829695e+00,
           1.71712554e+00,  7.59824097e-01, -1.15162241e+00,  6.63995087e-01,
           1.03781986e+00,  2.50319779e-01, -6.42385483e-02, -4.29172933e-01,
          -7.26932287e-01,  3.33449781e-01,  3.61655068e+00,  1.15980709e+00,
           2.03408551e+00, -5.29510736e-01, -4.44843382e-01,  2.02561274e-01,
          -1.51580513e+00,  3.17617345e+00, -6.29149556e-01,  4.66193378e-01,
           5.36628485e-01,  7.20677733e-01,  4.65918255e+00,  2.68660128e-01,
           1.33617729e-01,  3.52823853e-01,  7.45755434e-01,  2.83127832e+00,
           1.69355080e-01, -6.11105204e-01,  1.29072860e-01,  3.71905625e-01,
           7.77505517e-01, -5.89601219e-01, -5.40114403e-01,  1.47134840e-01,
          -2.15281582e+00,  5.42573571e-01,  9.33534980e-01,  1.63820410e+00,
           1.37564647e+00,  9.07044768e-01, -1.77278146e-01,  2.04205251e+00,
          -6.47503287e-02, -4.50981826e-01,  2.68248653e+00,  2.04612327e+00,
          -1.41339600e+00, -6.48444593e-01, -2.13666841e-01, -7.38770366e-02,
           6.85465455e-01, -1.46091855e+00,  1.15760732e+00,  1.79534626e+00,
           1.31883836e+00, -1.02228093e+00, -9.41791415e-01,  1.24164057e+00,
          -1.48396015e+00, -1.05576181e+00,  8.44503343e-01, -1.75281167e+00,
           2.94572234e-01,  4.41284090e-01,  2.87622243e-01,  1.28246978e-01,
           1.29594791e+00, -8.47448826e-01, -5.71791492e-02,  6.16243482e-02,
           2.78275180e+00,  2.32225561e+00,  1.70725167e+00, -1.21199560e+00,
           5.93034267e-01, -2.01899752e-01, -3.19161676e-02,  3.94831729e+00,
           1.36322165e+00, -2.10577798e+00,  2.78227401e+00,  7.77158678e-01,
          -2.72643638e+00, -3.00213456e-01, -4.62558329e-01,  5.22700012e-01,
          -7.91573524e-01,  1.56685054e+00,  9.50992525e-01, -1.48129809e+00,
          -1.13967454e+00, -1.60209095e+00, -1.34694993e+00,  1.42563973e-02,
           1.68068039e+00, -1.52645901e-01, -6.89520180e-01, -1.80259392e-01,
           1.25412881e+00, -2.58001089e-01, -2.12430263e+00,  4.22190070e-01,
           1.84721982e+00,  9.04540002e-01, -7.02184379e-01,  1.38684189e+00,
           2.07479388e-01,  2.67695636e-01,  7.75335848e-01,  1.37671590e+00,
          -7.08959922e-02,  2.82798171e+00,  8.67288649e-01,  2.02062741e-01,
          -6.16357803e-01,  1.16663551e+00, -1.52114201e+00, -8.01805913e-01,
           4.34337282e+00,  1.77098453e-01,  2.67787075e+00, -7.07397342e-01,
           1.36754358e+00,  1.70636618e+00,  1.36610281e+00,  8.73785913e-01,
           8.11274499e-02, -3.96445602e-01,  1.23463845e+00,  1.31891549e+00,
           5.92968178e+00,  4.69040489e+00,  1.52589703e+00,  3.52622151e-01,
           9.16532397e-01,  2.51373380e-01, -1.18295118e-01,  1.52813363e+00,
          -1.59567940e+00, -1.06136608e+00, -4.83991593e-01, -1.65436137e+00,
           2.07931042e+00, -4.10320759e-02,  4.04951274e-01,  3.38651896e-01,
           1.79520154e+00,  2.28592324e+00,  1.09712279e+00, -4.47783202e-01,
          -2.21687531e+00,  1.75818312e+00, -3.75492513e-01, -1.15982342e+00,
          -1.38009310e+00,  7.19759285e-01, -1.20393455e+00, -1.42037189e+00,
          -1.42098343e+00, -2.09022975e+00, -1.40592384e+00, -7.29597807e-01,
          -9.57306027e-01, -7.54027069e-01, -7.30718791e-01, -6.99143052e-01,
          -7.53070772e-01, -8.05449963e-01,  1.22720659e-01, -4.06340003e-01,
          -2.66267323e+00,  3.48970860e-01, -5.40348530e-01, -7.87789941e-01,
           1.21800411e+00,  1.54152703e+00,  1.21323121e+00,  3.08109522e-01,
          -5.55053830e-01, -7.62651935e-02,  5.08390218e-02, -1.46879029e+00,
          -1.47774041e+00, -3.37935984e-02, -6.88005626e-01, -1.47685075e+00,
          -1.23706138e+00, -1.31293702e+00, -8.67527843e-01, -1.24202490e+00,
          -1.29912138e+00, -1.77029192e+00,  2.03606987e+00, -5.84685028e-01,
           1.18400884e+00,  2.98602372e-01, -8.74345601e-01,  2.58617306e+00,
          -7.52418637e-01, -5.70471525e-01,  2.18090630e+00,  1.05677044e+00,
          -9.91335273e-01, -2.83343434e-01,  3.50747585e-01, -1.03273845e+00,
           2.32508588e+00, -5.90512872e-01,  6.52347326e-01,  2.40797639e-01,
           4.05260772e-02,  1.07706809e+00, -7.86745489e-01, -8.38550553e-03,
          -9.58798051e-01,  8.63709152e-01, -9.31615472e-01, -1.03610182e+00,
          -8.75807524e-01, -2.29943538e+00, -2.09906435e+00, -1.30397606e+00,
          -1.43959963e+00, -2.81874180e+00, -7.59453326e-03,  7.44293153e-01]]],
       device='cuda:0')
PGD attack margin (first 2 examples and 10 specs):
 tensor([[[0.90809125]]], device='cuda:0')
number of violation:  0
Attack finished in 8.0291 seconds.
PGD attack failed
verified_status unknown
verified_success False
Total VNNLIB file length: 1, max property batch size: 1, total number of batches: 1

Properties batch 0, size 1
Remaining timeout: 1151.0095868110657
Verifying property 0 with 1 instances.
torch allclose failed: norm 8.889588571037166e-06
Model: BoundedModule(
  (/input-1): BoundInput(name=/input-1, inputs=[], perturbed=True)
  (/33): BoundParams(name=/33, inputs=[], perturbed=False)
  (/34): BoundParams(name=/34, inputs=[], perturbed=False)
  (/35): BoundParams(name=/35, inputs=[], perturbed=False)
  (/36): BoundParams(name=/36, inputs=[], perturbed=False)
  (/37): BoundParams(name=/37, inputs=[], perturbed=False)
  (/38): BoundParams(name=/38, inputs=[], perturbed=False)
  (/39): BoundParams(name=/39, inputs=[], perturbed=False)
  (/40): BoundParams(name=/40, inputs=[], perturbed=False)
  (/41): BoundParams(name=/41, inputs=[], perturbed=False)
  (/42): BoundParams(name=/42, inputs=[], perturbed=False)
  (/43): BoundParams(name=/43, inputs=[], perturbed=False)
  (/44): BoundParams(name=/44, inputs=[], perturbed=False)
  (/45): BoundParams(name=/45, inputs=[], perturbed=False)
  (/46): BoundParams(name=/46, inputs=[], perturbed=False)
  (/47): BoundParams(name=/47, inputs=[], perturbed=False)
  (/48): BoundParams(name=/48, inputs=[], perturbed=False)
  (/49): BoundParams(name=/49, inputs=[], perturbed=False)
  (/50): BoundParams(name=/50, inputs=[], perturbed=False)
  (/51): BoundParams(name=/51, inputs=[], perturbed=False)
  (/52): BoundParams(name=/52, inputs=[], perturbed=False)
  (/53): BoundParams(name=/53, inputs=[], perturbed=False)
  (/54): BoundParams(name=/54, inputs=[], perturbed=False)
  (/55): BoundParams(name=/55, inputs=[], perturbed=False)
  (/56): BoundParams(name=/56, inputs=[], perturbed=False)
  (/57): BoundParams(name=/57, inputs=[], perturbed=False)
  (/58): BoundParams(name=/58, inputs=[], perturbed=False)
  (/59): BoundParams(name=/59, inputs=[], perturbed=False)
  (/60): BoundParams(name=/60, inputs=[], perturbed=False)
  (/61): BoundParams(name=/61, inputs=[], perturbed=False)
  (/62): BoundParams(name=/62, inputs=[], perturbed=False)
  (/63): BoundParams(name=/63, inputs=[], perturbed=False)
  (/64): BoundParams(name=/64, inputs=[], perturbed=False)
  (/input): BoundConv(name=/input, inputs=[/input-1, /33, /34], perturbed=True)
  (/66): BoundRelu(name=/66, inputs=[/input], perturbed=True)
  (/input-4): BoundConv(name=/input-4, inputs=[/66, /35, /36], perturbed=True)
  (/68): BoundRelu(name=/68, inputs=[/input-4], perturbed=True)
  (/input-12): BoundConv(name=/input-12, inputs=[/input-8/add_3_4, /37, /38], perturbed=True)
  (/71): BoundRelu(name=/71, inputs=[/input-12], perturbed=True)
  (/input-16): BoundConv(name=/input-16, inputs=[/71, /39, /40], perturbed=True)
  (/73): BoundRelu(name=/73, inputs=[/input-16], perturbed=True)
  (/input-24): BoundConv(name=/input-24, inputs=[/input-20/add_3_4, /41, /42], perturbed=True)
  (/76): BoundRelu(name=/76, inputs=[/input-24], perturbed=True)
  (/input-28): BoundConv(name=/input-28, inputs=[/76, /43, /44], perturbed=True)
  (/78): BoundRelu(name=/78, inputs=[/input-28], perturbed=True)
  (/input-32): BoundConv(name=/input-32, inputs=[/78, /45, /46], perturbed=True)
  (/80): BoundRelu(name=/80, inputs=[/input-32], perturbed=True)
  (/input-40): BoundConv(name=/input-40, inputs=[/input-36/add_3_4, /47, /48], perturbed=True)
  (/83): BoundRelu(name=/83, inputs=[/input-40], perturbed=True)
  (/input-44): BoundConv(name=/input-44, inputs=[/83, /49, /50], perturbed=True)
  (/85): BoundRelu(name=/85, inputs=[/input-44], perturbed=True)
  (/input-48): BoundConv(name=/input-48, inputs=[/85, /51, /52], perturbed=True)
  (/87): BoundRelu(name=/87, inputs=[/input-48], perturbed=True)
  (/input-56): BoundConv(name=/input-56, inputs=[/input-52/add_3_4, /53, /54], perturbed=True)
  (/90): BoundRelu(name=/90, inputs=[/input-56], perturbed=True)
  (/input-60): BoundConv(name=/input-60, inputs=[/90, /55, /56], perturbed=True)
  (/92): BoundRelu(name=/92, inputs=[/input-60], perturbed=True)
  (/input-64): BoundConv(name=/input-64, inputs=[/92, /57, /58], perturbed=True)
  (/94): BoundRelu(name=/94, inputs=[/input-64], perturbed=True)
  (/96): BoundFlatten(name=/96, inputs=[/95/add_3_4], perturbed=True)
  (/input-68): BoundLinear(name=/input-68, inputs=[/96, /59, /60], perturbed=True)
  (/98): BoundRelu(name=/98, inputs=[/input-68], perturbed=True)
  (/99): BoundFlatten(name=/99, inputs=[/98], perturbed=True)
  (/input-72): BoundLinear(name=/input-72, inputs=[/99, /61, /62], perturbed=True)
  (/101): BoundRelu(name=/101, inputs=[/input-72], perturbed=True)
  (/102): BoundFlatten(name=/102, inputs=[/101], perturbed=True)
  (/103): BoundLinear(name=/103, inputs=[/102, /63, /64], perturbed=True)
  (/input-8/conv_1): BoundConv(name=/input-8/conv_1, inputs=[/68, /input-8/conv_1_w], perturbed=True)
  (/input-8/conv_1_relu): BoundRelu(name=/input-8/conv_1_relu, inputs=[/input-8/conv_1], perturbed=True)
  (/input-8/conv_1_w): BoundParams(name=/input-8/conv_1_w, inputs=[], perturbed=False)
  (/input-8/conv_2): BoundConv(name=/input-8/conv_2, inputs=[/68, /input-8/conv_2_w], perturbed=True)
  (/input-8/conv_2_w): BoundParams(name=/input-8/conv_2_w, inputs=[], perturbed=False)
  (/input-8/conv_3): BoundConv(name=/input-8/conv_3, inputs=[/input-8/add_1_2, /input-8/conv_3_w], perturbed=True)
  (/input-8/conv_3_relu): BoundRelu(name=/input-8/conv_3_relu, inputs=[/input-8/conv_3], perturbed=True)
  (/input-8/conv_3_w): BoundParams(name=/input-8/conv_3_w, inputs=[], perturbed=False)
  (/input-8/conv_4): BoundConv(name=/input-8/conv_4, inputs=[/input-8/add_1_2, /input-8/conv_4_w], perturbed=True)
  (/input-8/conv_4_w): BoundParams(name=/input-8/conv_4_w, inputs=[], perturbed=False)
  (/input-8/add_1_2): BoundAdd(name=/input-8/add_1_2, inputs=[/input-8/conv_1_relu, /input-8/conv_2], perturbed=True)
  (/input-8/add_3_4): BoundAdd(name=/input-8/add_3_4, inputs=[/input-8/conv_3_relu, /input-8/conv_4], perturbed=True)
  (/input-20/conv_1): BoundConv(name=/input-20/conv_1, inputs=[/73, /input-20/conv_1_w], perturbed=True)
  (/input-20/conv_1_relu): BoundRelu(name=/input-20/conv_1_relu, inputs=[/input-20/conv_1], perturbed=True)
  (/input-20/conv_1_w): BoundParams(name=/input-20/conv_1_w, inputs=[], perturbed=False)
  (/input-20/conv_2): BoundConv(name=/input-20/conv_2, inputs=[/73, /input-20/conv_2_w], perturbed=True)
  (/input-20/conv_2_w): BoundParams(name=/input-20/conv_2_w, inputs=[], perturbed=False)
  (/input-20/conv_3): BoundConv(name=/input-20/conv_3, inputs=[/input-20/add_1_2, /input-20/conv_3_w], perturbed=True)
  (/input-20/conv_3_relu): BoundRelu(name=/input-20/conv_3_relu, inputs=[/input-20/conv_3], perturbed=True)
  (/input-20/conv_3_w): BoundParams(name=/input-20/conv_3_w, inputs=[], perturbed=False)
  (/input-20/conv_4): BoundConv(name=/input-20/conv_4, inputs=[/input-20/add_1_2, /input-20/conv_4_w], perturbed=True)
  (/input-20/conv_4_w): BoundParams(name=/input-20/conv_4_w, inputs=[], perturbed=False)
  (/input-20/add_1_2): BoundAdd(name=/input-20/add_1_2, inputs=[/input-20/conv_1_relu, /input-20/conv_2], perturbed=True)
  (/input-20/add_3_4): BoundAdd(name=/input-20/add_3_4, inputs=[/input-20/conv_3_relu, /input-20/conv_4], perturbed=True)
  (/input-36/conv_1): BoundConv(name=/input-36/conv_1, inputs=[/80, /input-36/conv_1_w], perturbed=True)
  (/input-36/conv_1_relu): BoundRelu(name=/input-36/conv_1_relu, inputs=[/input-36/conv_1], perturbed=True)
  (/input-36/conv_1_w): BoundParams(name=/input-36/conv_1_w, inputs=[], perturbed=False)
  (/input-36/conv_2): BoundConv(name=/input-36/conv_2, inputs=[/80, /input-36/conv_2_w], perturbed=True)
  (/input-36/conv_2_w): BoundParams(name=/input-36/conv_2_w, inputs=[], perturbed=False)
  (/input-36/conv_3): BoundConv(name=/input-36/conv_3, inputs=[/input-36/add_1_2, /input-36/conv_3_w], perturbed=True)
  (/input-36/conv_3_relu): BoundRelu(name=/input-36/conv_3_relu, inputs=[/input-36/conv_3], perturbed=True)
  (/input-36/conv_3_w): BoundParams(name=/input-36/conv_3_w, inputs=[], perturbed=False)
  (/input-36/conv_4): BoundConv(name=/input-36/conv_4, inputs=[/input-36/add_1_2, /input-36/conv_4_w], perturbed=True)
  (/input-36/conv_4_w): BoundParams(name=/input-36/conv_4_w, inputs=[], perturbed=False)
  (/input-36/add_1_2): BoundAdd(name=/input-36/add_1_2, inputs=[/input-36/conv_1_relu, /input-36/conv_2], perturbed=True)
  (/input-36/add_3_4): BoundAdd(name=/input-36/add_3_4, inputs=[/input-36/conv_3_relu, /input-36/conv_4], perturbed=True)
  (/input-52/conv_1): BoundConv(name=/input-52/conv_1, inputs=[/87, /input-52/conv_1_w], perturbed=True)
  (/input-52/conv_1_relu): BoundRelu(name=/input-52/conv_1_relu, inputs=[/input-52/conv_1], perturbed=True)
  (/input-52/conv_1_w): BoundParams(name=/input-52/conv_1_w, inputs=[], perturbed=False)
  (/input-52/conv_2): BoundConv(name=/input-52/conv_2, inputs=[/87, /input-52/conv_2_w], perturbed=True)
  (/input-52/conv_2_w): BoundParams(name=/input-52/conv_2_w, inputs=[], perturbed=False)
  (/input-52/conv_3): BoundConv(name=/input-52/conv_3, inputs=[/input-52/add_1_2, /input-52/conv_3_w], perturbed=True)
  (/input-52/conv_3_relu): BoundRelu(name=/input-52/conv_3_relu, inputs=[/input-52/conv_3], perturbed=True)
  (/input-52/conv_3_w): BoundParams(name=/input-52/conv_3_w, inputs=[], perturbed=False)
  (/input-52/conv_4): BoundConv(name=/input-52/conv_4, inputs=[/input-52/add_1_2, /input-52/conv_4_w], perturbed=True)
  (/input-52/conv_4_w): BoundParams(name=/input-52/conv_4_w, inputs=[], perturbed=False)
  (/input-52/add_1_2): BoundAdd(name=/input-52/add_1_2, inputs=[/input-52/conv_1_relu, /input-52/conv_2], perturbed=True)
  (/input-52/add_3_4): BoundAdd(name=/input-52/add_3_4, inputs=[/input-52/conv_3_relu, /input-52/conv_4], perturbed=True)
  (/95/conv_1): BoundConv(name=/95/conv_1, inputs=[/94, /95/conv_1_w], perturbed=True)
  (/95/conv_1_relu): BoundRelu(name=/95/conv_1_relu, inputs=[/95/conv_1], perturbed=True)
  (/95/conv_1_w): BoundParams(name=/95/conv_1_w, inputs=[], perturbed=False)
  (/95/conv_2): BoundConv(name=/95/conv_2, inputs=[/94, /95/conv_2_w], perturbed=True)
  (/95/conv_2_w): BoundParams(name=/95/conv_2_w, inputs=[], perturbed=False)
  (/95/conv_3): BoundConv(name=/95/conv_3, inputs=[/95/add_1_2, /95/conv_3_w], perturbed=True)
  (/95/conv_3_relu): BoundRelu(name=/95/conv_3_relu, inputs=[/95/conv_3], perturbed=True)
  (/95/conv_3_w): BoundParams(name=/95/conv_3_w, inputs=[], perturbed=False)
  (/95/conv_4): BoundConv(name=/95/conv_4, inputs=[/95/add_1_2, /95/conv_4_w], perturbed=True)
  (/95/conv_4_w): BoundParams(name=/95/conv_4_w, inputs=[], perturbed=False)
  (/95/add_1_2): BoundAdd(name=/95/add_1_2, inputs=[/95/conv_1_relu, /95/conv_2], perturbed=True)
  (/95/add_3_4): BoundAdd(name=/95/add_3_4, inputs=[/95/conv_3_relu, /95/conv_4], perturbed=True)
)
Model prediction is: tensor([-8.05922210e-01,  2.71221423e+00, -7.51435041e-01, -1.10288870e+00,
        -8.53331864e-01,  1.68618158e-01, -2.91781008e-01, -1.22320008e+00,
        -1.31224418e+00, -9.51262414e-01, -4.61472303e-01,  1.04179576e-01,
         1.24486506e-01, -5.70926547e-01,  4.68060166e-01,  8.10491502e-01,
        -3.58740032e-01, -1.15562510e+00, -3.39845717e-01, -8.14034224e-01,
        -7.10520983e-01, -4.75508869e-02,  5.12174033e-02, -8.54553640e-01,
         6.81107938e-02, -8.25708210e-01,  6.89275205e-01, -1.38002962e-01,
        -8.78008425e-01,  5.73916018e-01, -1.08427727e+00,  8.71722221e-01,
        -5.40626645e-01, -1.07439053e+00, -8.79839242e-01, -7.71236956e-01,
         8.77530694e-01, -1.57952547e+00, -2.68092435e-02, -9.47219253e-01,
         7.46243298e-01, -1.24091935e+00, -9.01563287e-01, -4.69005376e-01,
        -5.16632259e-01, -4.00739938e-01,  8.24469388e-01, -7.72691965e-01,
        -1.67377448e+00,  3.64362039e-02,  6.30518079e-01, -2.15599346e+00,
        -2.59147972e-01,  5.90037033e-02, -8.30194414e-01, -5.01630962e-01,
        -3.91853809e-01, -1.54048991e+00,  3.09330523e-02,  5.94557345e-01,
        -2.03636736e-02, -1.10801005e+00, -1.12071395e+00,  2.13227093e-01,
         4.66046855e-02, -7.70722210e-01, -9.14649904e-01, -8.42926979e-01,
        -1.42442775e+00, -1.67484033e+00,  6.92034662e-01,  7.03896701e-01,
         7.08395243e-01,  1.81501079e+00,  1.39387560e+00,  1.78715730e+00,
         7.68202007e-01,  2.16853499e+00,  1.37805092e+00,  1.42454469e+00,
         8.41097176e-01, -1.91462636e+00, -4.18515265e-01, -1.00612140e+00,
        -7.46491730e-01, -6.86657786e-01, -1.06549346e+00, -4.15997446e-01,
         5.98135352e-01, -1.47471619e+00,  2.66962498e-01, -6.70603514e-01,
         6.24232888e-01,  2.12430254e-01,  8.58856559e-01, -8.07236314e-01,
         8.30120087e-01, -1.13873184e+00, -1.04253136e-01, -8.41258585e-01,
         6.27806127e-01, -1.54692018e+00, -2.09064341e+00,  4.22123730e-01,
        -9.68387783e-01, -1.78042185e+00, -1.19904530e+00, -1.21786729e-01,
        -1.17742337e-01, -1.12139440e+00, -1.54417515e-01,  2.67858171e+00,
        -1.50441855e-01,  6.93517804e-01,  2.92671025e-01, -8.44133198e-01,
        -1.05600226e+00,  2.63280384e-02, -1.02641726e+00, -1.41994393e+00,
        -1.40055954e+00, -1.26042712e+00, -1.23193228e+00, -2.33410597e+00,
        -1.35241878e+00, -1.35071325e+00,  7.13100076e-01, -1.92161798e-01,
         8.55755091e-01,  3.09703827e-01,  3.75204623e-01, -6.76470637e-01,
         4.23345119e-01, -2.48136118e-01, -3.11713487e-01,  1.01093933e-01,
        -5.79803586e-01, -4.14295234e-02, -7.84744501e-01, -1.60559845e+00,
        -2.25384116e+00,  2.32541114e-02, -6.98351264e-01, -8.29707503e-01,
        -8.92663121e-01, -8.04711878e-01, -1.85070491e+00,  6.31295979e-01,
        -3.77635241e-01, -4.04347658e-01, -1.10239661e+00,  4.36431617e-01,
        -1.04100592e-01,  4.80475456e-01,  5.49380422e-01, -1.27209917e-01,
        -6.39602005e-01,  3.35609913e-01, -9.23233807e-01, -1.10245144e+00,
        -6.77909017e-01, -4.03488278e-01, -2.37503499e-02, -6.44123316e-01,
        -8.30109537e-01, -5.65096438e-01, -1.00813270e+00, -1.13197112e+00,
        -2.70837665e-01, -6.97008491e-01, -8.05343270e-01, -8.56612384e-01,
        -1.59625280e+00, -6.97054148e-01, -9.31705177e-01, -6.61084473e-01,
        -1.80782819e+00, -4.76600111e-01, -4.59861547e-01, -1.70037055e+00,
        -1.93689537e+00, -7.00144589e-01, -6.30028546e-04, -1.15311518e-01,
         1.24587439e-01, -4.27553654e-02,  1.52009979e-01,  1.09147882e+00,
        -5.41910589e-01, -3.01801264e-01, -6.97094858e-01,  8.04753125e-01,
        -5.44287086e-01, -1.06339134e-01, -4.81444031e-01,  3.94381046e-01,
        -4.12397623e-01, -9.62637126e-01, -1.32182920e+00,  4.99881476e-01,
         3.25153083e-01, -5.27780652e-01, -5.59888601e-01,  8.67975950e-01,
         3.94855201e-01, -8.62032950e-01, -9.05479729e-01, -4.73312408e-01,
        -8.89496446e-01, -1.02307320e+00, -2.07900953e+00, -4.79674429e-01,
        -4.60821807e-01, -4.85758096e-01, -3.40718031e-01, -7.55617857e-01,
        -7.59424984e-01, -5.70532680e-01, -1.11058116e+00, -4.69857752e-01,
        -4.06293809e-01,  9.17256624e-02, -6.17115617e-01,  3.19715798e-01,
         7.06462741e-01, -1.41084445e+00, -7.35144079e-01, -1.35267055e+00,
        -8.37337673e-01,  2.91007638e-01, -3.67807388e-01,  8.05666372e-02,
        -5.90897560e-01, -1.77773580e-01, -3.97777408e-01, -4.43623930e-01,
        -8.32983613e-01, -2.96590209e-01, -1.30211806e+00,  4.56505865e-02,
        -3.57075870e-01, -6.68081582e-01, -2.90754497e-01, -1.77709103e+00,
        -1.50106147e-01, -3.72239113e-01, -1.50746322e+00, -4.93775189e-01,
        -1.67614996e-01, -1.68247715e-01, -4.37881142e-01, -1.16800165e+00,
         1.08569217e+00, -1.97596177e-01,  6.90966606e-01, -1.23613584e+00,
        -6.07371211e-01,  3.02625075e-02,  1.97015256e-01,  1.49752891e+00,
         1.10730803e+00, -1.71945021e-02, -5.38304031e-01, -6.36126697e-01,
        -5.84350586e-01,  7.98032403e-01, -1.55641899e-01, -3.74366522e-01,
        -1.94373918e+00,  9.58747208e-01,  6.17334604e-01,  5.96911907e-01,
         6.05096042e-01,  4.58856255e-01,  2.25196302e-01,  4.12631147e-02,
         5.20654619e-02,  1.08843243e+00,  1.06797345e-01,  8.72363508e-01,
         6.63894296e-01,  1.30665255e+00,  1.58960319e+00,  2.83575296e+00,
         1.45106614e+00,  7.29730487e-01, -8.02320063e-01,  1.05244309e-01,
         1.12852082e-03, -5.83085001e-01, -3.81378025e-01,  1.24654658e-01,
        -3.00210059e-01,  3.82458925e-01, -5.97153127e-01, -4.19246316e-01,
         5.84172718e-02, -1.38173819e-01, -1.00582612e+00,  3.45465690e-02,
        -1.40476072e+00,  9.64618623e-01, -1.08422071e-01, -3.41619104e-02,
        -8.03850368e-02, -2.03185463e+00, -1.16725937e-01,  6.78765357e-01,
         7.43074596e-01,  2.73952127e-01,  1.89697146e+00,  1.14354396e+00,
         1.68398142e-01,  1.26371217e+00,  1.14311218e+00,  4.88829374e-01,
        -4.34464365e-02, -4.45265442e-01,  1.37038934e+00,  8.73032510e-01,
         6.04142368e-01, -1.43218601e+00, -1.19023180e+00, -5.09928703e-01,
        -1.23763323e+00, -1.28966522e+00, -9.32871401e-01, -1.40980601e-01,
        -1.18948734e+00, -1.40273237e+00, -2.61064768e-01,  6.96553409e-01,
         1.78555000e+00,  5.03344834e-01, -5.07160306e-01, -3.66659492e-01,
        -1.54568195e+00,  4.73493963e-01, -4.31849003e-01, -1.86189997e+00,
        -1.13761628e+00, -1.11060393e+00, -1.21554637e+00, -1.73870695e+00,
        -1.17253137e+00, -1.75320137e+00, -1.72017992e+00, -4.70669240e-01,
        -2.81019449e+00, -1.67182171e+00, -2.06324267e+00, -1.38206148e+00,
        -9.49103355e-01, -1.36761045e+00, -1.58862460e+00, -1.84105301e+00,
        -2.10684597e-01, -3.65079343e-02, -4.91491845e-03, -3.28676462e-01,
        -3.20935994e-01,  3.72368932e-01,  5.42820394e-02, -1.24685907e+00,
        -1.32567966e+00, -1.97051167e-01, -3.40037882e-01, -3.37295026e-01,
         3.93550470e-02, -7.64477968e-01, -3.55800390e-01, -1.21065927e+00,
        -7.33537614e-01, -1.98573023e-01, -1.42116144e-01, -1.07401371e+00,
        -1.61302974e-04,  8.53976235e-02,  1.10827148e-01, -7.98848808e-01,
         5.43654859e-01, -4.27292645e-01, -1.56146094e-01, -6.05418622e-01,
        -1.31888792e-01, -1.14281833e+00, -1.59890020e+00, -6.65725529e-01,
        -1.51875472e+00, -2.38222107e-01, -1.34876859e+00, -4.92245942e-01,
        -1.67123809e-01, -1.46304655e+00, -1.37453330e+00, -2.59124152e-02,
        -1.15054858e+00, -1.21402156e+00, -2.22960070e-01,  9.63506937e-01,
        -3.89261574e-01,  4.58605886e-02,  7.33038008e-01, -1.24997711e+00,
        -3.83952558e-01,  5.12427807e-01, -4.00741398e-01,  1.79692715e-01,
        -1.78779507e+00,  2.99678421e+00, -1.34108841e+00,  1.01206505e+00,
         2.87796766e-01,  6.10993385e-01,  4.15247798e-01, -1.73840761e+00,
         1.03606033e+00,  1.53437102e+00,  2.51983213e+00,  1.28682506e+00,
         3.72520834e-01,  4.67654943e-01, -4.65630919e-01, -4.83460367e-01,
        -1.16738945e-01,  3.07599247e-01,  1.30996919e+00, -7.40140080e-01,
        -2.09143996e-01, -5.35477281e-01, -1.17136514e+00, -5.67998111e-01,
         3.04949105e-01,  4.08715844e-01,  5.41989565e-01,  2.06469059e+00,
        -4.34434474e-01,  4.35876161e-01,  1.96891952e+00,  2.98588157e-01,
         3.26993525e-01,  1.63713467e+00,  3.04131597e-01,  1.03384101e+00,
        -1.02361631e+00, -4.64909852e-01,  2.79701686e+00, -4.78975981e-01,
        -7.57826388e-01,  5.40822558e-02, -1.34213197e+00,  2.77965426e-01,
        -4.85865980e-01,  5.43983996e-01, -1.32061172e+00, -1.44125417e-01,
        -3.25134397e-02,  1.09629476e+00, -9.38404560e-01,  6.38897657e-01,
        -1.26558816e+00, -9.75030959e-02,  1.85731184e+00,  2.23841816e-02,
         4.07930985e-02,  6.99450970e-01, -7.63439059e-01, -2.35741520e+00,
         5.08300126e-01,  2.72338808e-01,  2.34268951e+00, -9.06306744e-01,
        -5.70029080e-01,  3.32168229e-02, -1.37374067e+00,  9.72953796e-01,
        -3.83085728e-01, -1.07269192e+00, -2.05756485e-01, -7.65678227e-01,
         2.70803976e+00,  6.81939185e-01,  2.47337595e-01, -1.06163308e-01,
        -9.98521686e-01,  9.31000531e-01,  1.11590779e+00,  2.43109846e+00,
        -2.54864305e-01,  3.08197916e-01,  1.33327246e-01, -6.85964167e-01,
        -3.43307227e-01,  1.11082745e+00,  9.39138174e-01,  8.73346150e-01,
         9.78267789e-02,  1.10181534e+00,  5.52758336e-01,  1.59585392e+00,
        -1.95432699e+00,  5.82352638e-01, -8.91439676e-01,  9.40609813e-01,
         6.70069575e-01,  2.74169922e-01, -1.40629971e+00,  1.45497048e+00,
         1.39896405e+00, -2.24206805e+00, -4.04415846e-01, -6.24849141e-01,
         2.92694837e-01,  1.29485488e-01, -7.95920014e-01, -9.25214231e-01,
        -1.21719229e+00,  8.69456291e-01, -1.86513856e-01, -8.19180906e-01,
        -2.10588589e-01,  3.46965700e-01, -1.16247511e+00, -3.96245301e-01,
        -6.89073682e-01, -1.40207505e+00,  7.23506212e-01,  1.94977546e+00,
        -2.38033578e-01, -7.92254210e-01,  2.85393643e+00,  1.32589090e+00,
         4.53584820e-01, -3.30417871e-01,  2.47867322e+00, -1.82208061e+00,
        -1.07924736e+00, -9.35810745e-01,  7.11894035e-02,  1.58682907e+00,
         5.83834231e-01, -1.44627643e+00,  1.50521326e+00, -4.00769293e-01,
        -8.23410630e-01,  4.80389297e-01,  4.85216469e-01, -2.04691339e+00,
         1.17730212e+00,  2.42567968e+00, -7.11484909e-01, -2.39573881e-01,
         2.02207255e+00,  1.42237067e+00,  9.71762687e-02,  4.59911535e-04,
         4.24584770e+00,  1.58010387e+00,  7.56929398e-01,  3.28896165e-01,
        -9.73453760e-01, -4.52027053e-01,  2.88111544e+00,  8.79910052e-01,
        -3.20612818e-01,  8.63023937e-01, -3.19312155e-01,  2.63113171e-01,
         3.08761507e-01, -1.64364088e+00,  3.80990148e-01, -7.69456685e-01,
         1.05610394e+00, -1.33615470e+00, -2.17223883e-01, -1.01332080e+00,
        -1.42789197e+00,  6.14982545e-01,  7.70665526e-01,  1.02593303e+00,
         7.84567535e-01, -4.74926442e-01, -2.25470304e+00, -3.08787763e-01,
         8.78718138e-01,  1.62856722e+00, -1.09354854e+00,  8.56525302e-01,
         6.49578631e-01,  5.63845336e-01,  1.40262127e+00,  3.84880066e+00,
         2.09973454e-02,  6.08753979e-01,  3.91466737e-01, -1.08254611e+00,
         8.97738099e-01, -7.69625425e-01,  1.87706876e+00,  1.67826414e+00,
         1.29004705e+00,  3.69153500e-01,  9.56038117e-01, -2.32900000e+00,
         1.65419984e+00,  2.19967270e+00,  7.81692326e-01,  9.90861237e-01,
         5.22359788e-01, -8.39677274e-01,  6.77852631e-01,  9.81329799e-01,
        -9.55239773e-01, -4.13732342e-02,  4.86810237e-01, -8.83625075e-02,
         8.18920910e-01,  1.80599794e-01,  9.01055694e-01,  2.92368221e+00,
         2.52483082e+00, -4.81136560e-01,  9.43275392e-01,  1.26343048e+00,
        -8.73783231e-01, -9.18425977e-01,  2.10188985e+00,  2.13006720e-01,
        -1.31066191e+00,  2.11709285e+00, -8.35844994e-01,  8.71090114e-01,
         2.98222876e+00,  4.10531670e-01, -2.42451668e+00,  5.37626028e-01,
         1.11975098e+00,  1.87326334e-02, -9.42291021e-02, -1.05345070e-01,
        -1.69621193e+00,  7.44182408e-01, -6.88811362e-01,  9.81297940e-02,
         2.43092680e+00, -1.80717278e+00,  5.19976139e-01,  1.02572238e+00,
         1.88180971e+00, -1.67426753e+00,  2.18796277e+00,  3.22965026e+00,
        -1.21659851e+00, -2.57938176e-01, -8.99430156e-01,  8.95714521e-01,
        -2.81322777e-01,  1.66482890e+00, -5.11002243e-01,  2.97444016e-01,
         3.70318219e-02, -2.33187771e+00,  1.02490044e+00, -1.03141713e+00,
         3.65784311e+00, -2.06646353e-01, -5.88695467e-01, -5.98597765e-01,
        -2.73572147e-01,  2.02987409e+00, -1.72098726e-01, -6.41073406e-01,
        -3.21488902e-02,  1.57612348e+00, -4.35363352e-01, -6.09490037e-01,
        -9.89480674e-01,  9.72998381e-01,  1.52790427e-01, -5.21568835e-01,
         1.25962162e+00,  2.23805618e+00,  1.51561677e-01,  9.78991687e-01,
        -1.13783963e-02,  8.55325520e-01, -5.77139854e-01, -9.55314219e-01,
         3.20931888e+00,  2.64338225e-01, -3.21507764e+00,  2.32796133e-01,
         1.35417700e+00,  1.44975990e-01, -4.95931506e-01,  9.64077473e-01,
         1.44249392e+00,  1.39897436e-01, -2.88702428e-01,  7.11548269e-01,
         1.22654545e+00,  8.08167160e-01, -9.93156508e-02, -8.13506246e-01,
         1.46161878e+00, -1.35402787e+00, -8.67248714e-01,  1.03349566e+00,
        -3.62447381e-01,  1.29240954e+00,  1.50429830e-01,  1.88073111e+00,
         1.18946743e+00,  9.18960512e-01,  8.31474364e-01, -1.11869633e+00,
         4.98128384e-01, -1.37618518e+00,  2.78602421e-01,  1.39696561e-02,
         6.97569251e-01,  5.48983991e-01,  1.64134419e+00,  5.36509991e-01,
        -1.43196440e+00,  1.20113730e+00, -1.49973774e+00,  2.93019980e-01,
         7.60781407e-01, -4.54584718e-01, -1.97749412e+00,  1.79882526e+00,
        -2.63080411e-02,  1.37317252e+00, -1.20520163e+00,  1.51892304e-01,
         7.96788454e-01,  6.25492394e-01,  6.49283454e-02, -2.27296400e+00,
        -5.01776874e-01,  2.05029535e+00, -3.55828732e-01, -2.44995132e-01,
         1.69380391e+00,  1.80718756e+00, -1.93457082e-02,  5.95046759e-01,
         5.05353749e-01,  1.16682458e+00,  5.94948232e-01, -1.03388035e+00,
         4.54213679e-01,  2.24034953e+00,  7.41716266e-01, -1.12397361e+00,
        -1.56667739e-01, -8.53633285e-01, -5.52951634e-01,  8.11396003e-01,
         2.20094204e+00,  2.11022663e+00, -6.92007780e-01,  6.09611154e-01,
         8.73181343e-01, -1.32734373e-01,  1.00296617e+00,  1.15288079e+00,
        -1.89218295e+00,  1.71477687e+00, -1.11340237e+00,  1.89821339e+00,
         1.72382665e+00,  7.75551975e-01, -1.12708604e+00,  6.88880265e-01,
         1.04532802e+00,  2.60631770e-01, -6.07345551e-02, -4.32118058e-01,
        -7.12998152e-01,  3.16540718e-01,  3.61357594e+00,  1.16241920e+00,
         2.03950810e+00, -5.17127991e-01, -4.18696612e-01,  1.96819544e-01,
        -1.50809574e+00,  3.19735837e+00, -6.11614108e-01,  4.82006192e-01,
         5.44005156e-01,  7.46345401e-01,  4.70529556e+00,  2.70226955e-01,
         1.37634784e-01,  3.75281751e-01,  7.51449823e-01,  2.86040163e+00,
         1.62407920e-01, -6.14173710e-01,  1.23586588e-01,  3.48810226e-01,
         7.92368770e-01, -5.98483324e-01, -5.24608433e-01,  1.54412627e-01,
        -2.14489317e+00,  5.46179175e-01,  9.32915032e-01,  1.65161288e+00,
         1.37518227e+00,  9.19160903e-01, -1.93100050e-01,  2.04339314e+00,
        -5.61567657e-02, -4.46502209e-01,  2.70458055e+00,  2.06759739e+00,
        -1.42877591e+00, -6.46362305e-01, -2.06197545e-01, -5.50381839e-02,
         6.94565535e-01, -1.46004546e+00,  1.14298260e+00,  1.79869199e+00,
         1.32201207e+00, -1.02590883e+00, -9.22930300e-01,  1.27044296e+00,
        -1.47618020e+00, -1.06528926e+00,  8.64422202e-01, -1.75098753e+00,
         3.07817727e-01,  4.61662412e-01,  2.80090243e-01,  1.40578449e-01,
         1.31189430e+00, -8.36164296e-01, -4.06674109e-02,  7.08372444e-02,
         2.78375959e+00,  2.33385253e+00,  1.74146628e+00, -1.21400619e+00,
         5.82340002e-01, -1.81240812e-01, -2.11569332e-02,  3.95003629e+00,
         1.35066020e+00, -2.09944320e+00,  2.82422423e+00,  7.70610392e-01,
        -2.74632096e+00, -2.85997868e-01, -4.35553819e-01,  5.51504970e-01,
        -7.98895061e-01,  1.58697701e+00,  9.61669922e-01, -1.47207165e+00,
        -1.15263212e+00, -1.60317767e+00, -1.35426426e+00,  2.06037257e-02,
         1.68593156e+00, -1.26984194e-01, -6.86646819e-01, -1.76734090e-01,
         1.27630889e+00, -2.55607635e-01, -2.13715076e+00,  4.31339830e-01,
         1.86796820e+00,  9.07183707e-01, -7.00579286e-01,  1.41701448e+00,
         2.14312449e-01,  2.73828089e-01,  8.00364375e-01,  1.39230490e+00,
        -5.82729504e-02,  2.83813477e+00,  8.62435043e-01,  2.25995556e-01,
        -6.16534233e-01,  1.19103289e+00, -1.51898086e+00, -7.98996508e-01,
         4.34766150e+00,  1.81989014e-01,  2.70785475e+00, -7.09370613e-01,
         1.38694036e+00,  1.71119881e+00,  1.38040543e+00,  8.97558391e-01,
         9.77431685e-02, -4.11670536e-01,  1.23338723e+00,  1.31132424e+00,
         5.92646551e+00,  4.74345160e+00,  1.52799380e+00,  3.59640688e-01,
         9.22239184e-01,  2.53003150e-01, -1.05452433e-01,  1.52152681e+00,
        -1.59674454e+00, -1.05675447e+00, -4.88810629e-01, -1.63804209e+00,
         2.08161306e+00, -3.74834836e-02,  4.10604298e-01,  3.40665132e-01,
         1.79283190e+00,  2.28389192e+00,  1.10581160e+00, -4.44848627e-01,
        -2.22192240e+00,  1.73877525e+00, -3.89509380e-01, -1.15785158e+00,
        -1.36615968e+00,  7.33213246e-01, -1.19602776e+00, -1.41432846e+00,
        -1.42395663e+00, -2.07699013e+00, -1.40796185e+00, -7.25845277e-01,
        -9.68375206e-01, -7.60325193e-01, -7.34124541e-01, -7.19579577e-01,
        -7.68355489e-01, -8.17474544e-01,  1.23471901e-01, -4.17196870e-01,
        -2.67064643e+00,  3.52645278e-01, -5.53719521e-01, -7.72326171e-01,
         1.21589768e+00,  1.53395593e+00,  1.22631037e+00,  3.14169943e-01,
        -5.58346033e-01, -6.65606931e-02,  7.71865770e-02, -1.46611261e+00,
        -1.47880876e+00, -2.65129507e-02, -6.77513599e-01, -1.47581780e+00,
        -1.22850704e+00, -1.29936457e+00, -8.65888953e-01, -1.23397505e+00,
        -1.29252028e+00, -1.76246762e+00,  2.04359102e+00, -5.74017406e-01,
         1.20174384e+00,  3.01841766e-01, -8.71373057e-01,  2.59951615e+00,
        -7.50156224e-01, -5.87334752e-01,  2.16321111e+00,  1.04852641e+00,
        -9.94924903e-01, -2.78288454e-01,  3.59799683e-01, -1.04574513e+00,
         2.31003690e+00, -5.93192041e-01,  6.82919502e-01,  2.40025654e-01,
         3.58693451e-02,  1.08548963e+00, -7.90772855e-01, -1.00062452e-02,
        -9.54073846e-01,  8.54484141e-01, -9.39085722e-01, -1.04145730e+00,
        -8.72672677e-01, -2.30465436e+00, -2.10602903e+00, -1.31244826e+00,
        -1.44909608e+00, -2.82118583e+00, -8.40859860e-03,  7.75120437e-01],
       device='cuda:0')
Clean RHS: tensor([[0.95121580]], device='cuda:0')
Split layers:
Nonlinear functions:
   BoundRelu(name=/66, inputs=[/input], perturbed=True)
   BoundRelu(name=/68, inputs=[/input-4], perturbed=True)
   BoundRelu(name=/71, inputs=[/input-12], perturbed=True)
   BoundRelu(name=/73, inputs=[/input-16], perturbed=True)
   BoundRelu(name=/76, inputs=[/input-24], perturbed=True)
   BoundRelu(name=/78, inputs=[/input-28], perturbed=True)
   BoundRelu(name=/80, inputs=[/input-32], perturbed=True)
   BoundRelu(name=/83, inputs=[/input-40], perturbed=True)
   BoundRelu(name=/85, inputs=[/input-44], perturbed=True)
   BoundRelu(name=/87, inputs=[/input-48], perturbed=True)
   BoundRelu(name=/90, inputs=[/input-56], perturbed=True)
   BoundRelu(name=/92, inputs=[/input-60], perturbed=True)
   BoundRelu(name=/94, inputs=[/input-64], perturbed=True)
   BoundRelu(name=/98, inputs=[/input-68], perturbed=True)
   BoundRelu(name=/101, inputs=[/input-72], perturbed=True)
   BoundRelu(name=/input-8/conv_1_relu, inputs=[/input-8/conv_1], perturbed=True)
   BoundRelu(name=/input-8/conv_3_relu, inputs=[/input-8/conv_3], perturbed=True)
   BoundRelu(name=/input-20/conv_1_relu, inputs=[/input-20/conv_1], perturbed=True)
   BoundRelu(name=/input-20/conv_3_relu, inputs=[/input-20/conv_3], perturbed=True)
   BoundRelu(name=/input-36/conv_1_relu, inputs=[/input-36/conv_1], perturbed=True)
   BoundRelu(name=/input-36/conv_3_relu, inputs=[/input-36/conv_3], perturbed=True)
   BoundRelu(name=/input-52/conv_1_relu, inputs=[/input-52/conv_1], perturbed=True)
   BoundRelu(name=/input-52/conv_3_relu, inputs=[/input-52/conv_3], perturbed=True)
   BoundRelu(name=/95/conv_1_relu, inputs=[/95/conv_1], perturbed=True)
   BoundRelu(name=/95/conv_3_relu, inputs=[/95/conv_3], perturbed=True)
Batched CROWN: node BoundConv(name=/input-4, inputs=[/66, /35, /36], perturbed=True), unstable size 23865
Batched CROWN: node BoundConv(name=/input-8/conv_1, inputs=[/68, /input-8/conv_1_w], perturbed=True), unstable size 32087
Batched CROWN: node BoundConv(name=/input-8/conv_3, inputs=[/input-8/add_1_2, /input-8/conv_3_w], perturbed=True), unstable size 10856
Batched CROWN: node BoundConv(name=/input-12, inputs=[/input-8/add_3_4, /37, /38], perturbed=True), unstable size 237177
Batched CROWN: node BoundConv(name=/input-16, inputs=[/71, /39, /40], perturbed=True), unstable size 1415300
Batched CROWN: node BoundConv(name=/input-20/conv_1, inputs=[/73, /input-20/conv_1_w], perturbed=True), unstable size 31467
Batched CROWN: node BoundConv(name=/input-20/conv_3, inputs=[/input-20/add_1_2, /input-20/conv_3_w], perturbed=True), unstable size 15760
Batched CROWN: node BoundConv(name=/input-24, inputs=[/input-20/add_3_4, /41, /42], perturbed=True), unstable size 540062
Batched CROWN: node BoundConv(name=/input-28, inputs=[/76, /43, /44], perturbed=True), unstable size 747911
Batched CROWN: node BoundConv(name=/input-32, inputs=[/78, /45, /46], perturbed=True), unstable size 188273
Batched CROWN: node BoundConv(name=/input-36/conv_1, inputs=[/80, /input-36/conv_1_w], perturbed=True), unstable size 26060
Batched CROWN: node BoundConv(name=/input-36/conv_3, inputs=[/input-36/add_1_2, /input-36/conv_3_w], perturbed=True), unstable size 15593
Batched CROWN: node BoundConv(name=/input-40, inputs=[/input-36/add_3_4, /47, /48], perturbed=True), unstable size 314530
Batched CROWN: node BoundConv(name=/input-44, inputs=[/83, /49, /50], perturbed=True), unstable size 209297
Batched CROWN: node BoundConv(name=/input-48, inputs=[/85, /51, /52], perturbed=True), unstable size 200810
Batched CROWN: node BoundConv(name=/input-52/conv_1, inputs=[/87, /input-52/conv_1_w], perturbed=True), unstable size 2537
Batched CROWN: node BoundConv(name=/input-52/conv_3, inputs=[/input-52/add_1_2, /input-52/conv_3_w], perturbed=True), unstable size 2452
Batched CROWN: node BoundConv(name=/input-56, inputs=[/input-52/add_3_4, /53, /54], perturbed=True), unstable size 65589
Batched CROWN: node BoundConv(name=/input-60, inputs=[/90, /55, /56], perturbed=True), unstable size 90845
Batched CROWN: node BoundConv(name=/input-64, inputs=[/92, /57, /58], perturbed=True), unstable size 59218
Batched CROWN: node BoundConv(name=/95/conv_1, inputs=[/94, /95/conv_1_w], perturbed=True), unstable size 6452
Batched CROWN: node BoundConv(name=/95/conv_3, inputs=[/95/add_1_2, /95/conv_3_w], perturbed=True), unstable size 3495
Batched CROWN: node BoundLinear(name=/input-68, inputs=[/96, /59, /60], perturbed=True), unstable size 4096
Batched CROWN: node BoundLinear(name=/input-72, inputs=[/99, /61, /62], perturbed=True), unstable size 4096
initial crown bounds: tensor([[-1678.76525879]], device='cuda:0')
Number of class (without rhs): 1 ; Worst class: (+ rhs) -1678.7652587890625
Iteration 1
Adv attack time: 1.5374s
Batch size: 1
Current pickout batch: 1, total pickout batch: 1
Batched CROWN: node BoundConv(name=/input-4, inputs=[/66, /35, /36], perturbed=True), unstable size 23865
Batched CROWN: node BoundConv(name=/input-8/conv_1, inputs=[/68, /input-8/conv_1_w], perturbed=True), unstable size 32087
Batched CROWN: node BoundConv(name=/input-8/conv_3, inputs=[/input-8/add_1_2, /input-8/conv_3_w], perturbed=True), unstable size 10856
Batched CROWN: node BoundConv(name=/input-12, inputs=[/input-8/add_3_4, /37, /38], perturbed=True), unstable size 237177
Batched CROWN: node BoundConv(name=/input-16, inputs=[/71, /39, /40], perturbed=True), unstable size 1415298
Batched CROWN: node BoundConv(name=/input-20/conv_1, inputs=[/73, /input-20/conv_1_w], perturbed=True), unstable size 31467
Batched CROWN: node BoundConv(name=/input-20/conv_3, inputs=[/input-20/add_1_2, /input-20/conv_3_w], perturbed=True), unstable size 15760
Batched CROWN: node BoundConv(name=/input-24, inputs=[/input-20/add_3_4, /41, /42], perturbed=True), unstable size 540062
Batched CROWN: node BoundConv(name=/input-28, inputs=[/76, /43, /44], perturbed=True), unstable size 747910
Batched CROWN: node BoundConv(name=/input-32, inputs=[/78, /45, /46], perturbed=True), unstable size 188303
Batched CROWN: node BoundConv(name=/input-36/conv_1, inputs=[/80, /input-36/conv_1_w], perturbed=True), unstable size 26057
Batched CROWN: node BoundConv(name=/input-36/conv_3, inputs=[/input-36/add_1_2, /input-36/conv_3_w], perturbed=True), unstable size 15594
Batched CROWN: node BoundConv(name=/input-40, inputs=[/input-36/add_3_4, /47, /48], perturbed=True), unstable size 314539
Batched CROWN: node BoundConv(name=/input-44, inputs=[/83, /49, /50], perturbed=True), unstable size 209287
Batched CROWN: node BoundConv(name=/input-48, inputs=[/85, /51, /52], perturbed=True), unstable size 200836
Batched CROWN: node BoundConv(name=/input-52/conv_1, inputs=[/87, /input-52/conv_1_w], perturbed=True), unstable size 2538
Batched CROWN: node BoundConv(name=/input-52/conv_3, inputs=[/input-52/add_1_2, /input-52/conv_3_w], perturbed=True), unstable size 2453
Batched CROWN: node BoundConv(name=/input-56, inputs=[/input-52/add_3_4, /53, /54], perturbed=True), unstable size 65573
Batched CROWN: node BoundConv(name=/input-60, inputs=[/90, /55, /56], perturbed=True), unstable size 90877
Batched CROWN: node BoundConv(name=/input-64, inputs=[/92, /57, /58], perturbed=True), unstable size 59170
Batched CROWN: node BoundConv(name=/95/conv_1, inputs=[/94, /95/conv_1_w], perturbed=True), unstable size 6453
Batched CROWN: node BoundConv(name=/95/conv_3, inputs=[/95/add_1_2, /95/conv_3_w], perturbed=True), unstable size 3495
Batched CROWN: node BoundLinear(name=/input-68, inputs=[/96, /59, /60], perturbed=True), unstable size 4096
Batched CROWN: node BoundLinear(name=/input-72, inputs=[/99, /61, /62], perturbed=True), unstable size 4096
Worst bound: tensor([-1678.78710938], device='cuda:0')
Current (lb-rhs): -1678.787109375
Total time: 1953.0303  pickout: 0.0005  split: 0.0012  decision: 0.0003  bounding: 1952.9996  clipping: 0.0000  add_domain: 0.0180  rest: 0.0106
Length of domains: 2
3 branch and bound domains visited
Time out!
Result: timeout
Time: 2969.4990191459656
[rank 0] === Checking instance ID 784 ===
[rank 0] >>> Running ID=784 onnx=onnx/vgg16-7.onnx
Configurations:

general:
  device: cuda
  seed: 100
  conv_mode: patches
  deterministic: false
  double_fp: false
  loss_reduction_func: max
  sparse_alpha: true
  sparse_interm: true
  save_adv_example: false
  verify_onnxruntime_output: false
  eval_adv_example: false
  show_adv_example: false
  precompile_jit: false
  prepare_only: false
  complete_verifier: bab
  enable_incomplete_verification: false
  csv_name: instances.csv
  results_file: results/vggnet16_all_p_4/result_784.rank0.txt
  root_path: ../../vnncomp2023_benchmarks/benchmarks/vggnet16
  deterministic_opt: false
  graph_optimizer: 'Customized("custom_graph_optimizer", "maxpool_to_relu")'
  buffer_has_batchdim: false
  save_output: false
  output_file: out.pkl
  return_optimized_model: false
  output_additional_stats: true
  instance_id: 784
  dataset_output_dir: dataset
  min_stable_neurons_ratio_threshold: 0.0
model:
  name: null
  path: null
  onnx_path: /projects/air/dlverifier/vggnet16_all/onnx/vgg16-7.onnx
  onnx_path_prefix: ''
  cache_onnx_conversion: true
  debug_onnx: false
  onnx_quirks: null
  input_shape: null
  onnx_loader: default_onnx_and_vnnlib_loader
  onnx_optimization_flags: []
  onnx_vnnlib_joint_optimization_flags: none
  check_optimized: false
  flatten_final_output: false
  optimize_graph: null
  with_jacobian: false
data:
  start: 0
  end: 10000
  select_instance: null
  num_outputs: 1000
  mean: 0.0
  std: 1.0
  pkl_path: null
  dataset: null
  data_filter_path: null
  data_idx_file: null
specification:
  type: lp
  robustness_type: verified-acc
  norm: .inf
  epsilon: null
  epsilon_min: 0.0
  vnnlib_path: /projects/air/dlverifier/vggnet16_all/vnnlib/n02091032_Italian_greyhound_global_k50176_eps_0.0003.vnnlib
  vnnlib_path_prefix: ''
  rhs_offset: null
solver:
  batch_size: 1
  auto_enlarge_batch_size: false
  min_batch_size_ratio: 0.1
  use_float64_in_last_iteration: false
  early_stop_patience: 10
  start_save_best: 0.5
  bound_prop_method: forward+backward
  init_bound_prop_method: same
  prune_after_crown: false
  optimize_disjuncts_separately: false
  crown:
    batch_size: 16
    max_crown_size: 1000000000
    relu_option: adaptive
  alpha-crown:
    alpha: true
    lr_alpha: 0.1
    iteration: 100
    share_alphas: false
    lr_decay: 0.98
    full_conv_alpha: true
    max_coeff_mul: .inf
    matmul_share_alphas: false
    disable_optimization: []
    max_time: 1.0
  invprop:
    apply_output_constraints_to: []
    tighten_input_bounds: false
    best_of_oc_and_no_oc: false
    directly_optimize: []
    oc_lr: 0.1
    share_gammas: false
  beta-crown:
    lr_alpha: 0.01
    lr_beta: 0.05
    lr_decay: 0.98
    optimizer: adam
    iteration: 10
    beta: true
    beta_warmup: true
    enable_opt_interm_bounds: false
    all_node_split_LP: false
  forward:
    refine: false
    dynamic: true
    max_dim: 100
    reset_threshold: 1.0
  intermediate_refinement:
    enabled: false
    batch_size: 10
    opt_coeffs: false
    opt_bias: false
    lr: 0.05
    layers: [-1]
    max_domains: 1000
  multi_class:
    label_batch_size: 32
    skip_with_refined_bound: true
  mip:
    unstable_neuron_threshold: 0
    parallel_solvers: null
    solver_threads: 1
    refine_neuron_timeout: 15
    refine_neuron_time_percentage: 0.8
    early_stop: true
    adv_warmup: true
    mip_solver: gurobi
    skip_unsafe: false
    topk_filter: 1.0
    sliding_window: -1
    extra_constraint: false
    refine_neuron_timeout_increasement: 0
    timeout_neuron_percentage: 0.3
    remaining_timeout_threshold: 1
    remove_unstable_neurons: true
    lp_solver: false
bab:
  initial_max_domains: 1
  backing_up_max_domain: null
  max_domains: .inf
  decision_thresh: 0
  timeout: 1200.0
  timeout_scale: 1
  max_iterations: -1
  override_timeout: null
  get_upper_bound: false
  pruning_in_iteration: true
  pruning_in_iteration_ratio: 0.2
  sort_targets: false
  batched_domain_list: true
  optimized_interm: ''
  interm_transfer: true
  recompute_interm: false
  sort_domain_interval: -1
  vanilla_crown: false
  tree_traversal: depth_first
  cut:
    enabled: false
    cuts_path: /tmp/abcrown_cuts
    implication: false
    bab_cut: false
    lp_cut: false
    method: null
    lr: 0.01
    lr_decay: 1.0
    iteration: 100
    bab_iteration: -1
    early_stop_patience: -1
    lr_beta: 0.02
    number_cuts: 50
    topk_cuts_in_filter: 1000
    batch_size_primal: 100
    max_num: 1000000000
    patches_cut: false
    cplex_cuts: false
    cplex_cuts_wait: 0
    cplex_cuts_revpickup: true
    cut_reference_bounds: true
    fix_intermediate_bounds: false
    _tmp_cuts: null
    fixed_cuts: false
    add_implied_cuts: false
    add_input_cuts: false
    biccos:
      enabled: false
      constraint_strengthening: true
      recursively_strengthening: false
      drop_ratio: 0.5
      verified_bonus: 0.3
      max_infer_iter: 20
      heuristic: neuron_influence_score
      save_biccos_cuts: false
      multi_tree_branching:
        enabled: false
        restore_best_tree: false
        keep_n_best_domains: 1
        k_splits: 1
        iterations: 1
  branching:
    method: sb
    candidates: 3
    reduceop: min
    enable_intermediate_bound_opt: false
    branching_input_and_activation: false
    branching_input_and_activation_order: [input, relu]
    branching_input_iterations: 30
    branching_relu_iterations: 50
    gnn_path: ''
    neural_heuristic:
      model_path: ''
    rl:
      experiment: general
      eval: false
      extras: []
      logging:
        color: true
        debug: true
        file: rl-experiment.log
      pnet:
        gH: 64
        tH: 64
        nheads: 64
        nlayers: 64
        useDynamicGraph: true
        bidirectional: false
        GAT: true
      training:
        gamma: 0.99
        lr: 0.001
        batchSize: 8
        loop: 8
        totalEpochs: 10
        updatePolicyFrequency: 10
        updateTargetFrequency: 10
        buffer: buffer.pkl
        preparedBuffer: 'False'
        TestingPreparedBuffer: false
        scriptTraining: false
        policynet: policy-checkpoint.pt
        targetnet: target-checkpoint.pt
        datasetShuffle: true
        targetedData: all
        splitRatio: 0.8
        maxInstances: -1
        trainingMode: full
        reward:
          norm: null
          bonus: 10.0
          penalty: -1.0
      egreedy:
        epsilon: 0.1
        epsilonDecay: 0.1
        minEpsilon: 0.1
        ePath: epsilon.pt
        enabled: true
      expert:
        useExpertUntilEpisode: 0.1
        enabled: true
        learnToImitateExpertEpochs: 10
    nonlinear_split:
      method: shortcut
      branching_point_method: uniform
      num_branches: 2
      filter: false
      filter_beta: false
      filter_clamp: false
      filter_batch_size: 10000
      filter_iterations: 25
      relu_only: false
      loose_tanh_threshold: null
      dynamic_bbps: false
      dynamic_options: [uniform, three_left, three_right]
      branching_point_node: ''
      branching_point_db: []
    input_split:
      enable_clip_domains: false
      split_hint: null
      reorder_bab: false
      enable: true
      enhanced_bound_prop_method: alpha-crown
      enhanced_branching_method: naive
      enhanced_bound_patience: 100000000.0
      attack_patience: 100000000.0
      adv_check: 0
      split_partitions: 2
      sb_margin_weight: 1.0
      sb_sum: false
      sb_primary_spec: null
      bf_backup_thresh: -1
      bf_rhs_offset: 0
      bf_iters: 1000000000.0
      bf_batch_size: 100000
      bf_zero_crossing_score: false
      touch_zero_score: 0
      ibp_enhancement: false
      catch_assertion: false
      compare_with_old_bounds: false
      update_rhs_with_attack: false
      sb_coeff_thresh: 0.001
      sort_index: null
      sort_descending: true
      show_progress: false
      presplit_domains: null
      skip_getting_worst_domain: false
  attack:
    enabled: false
    beam_candidates: 8
    beam_depth: 7
    max_dive_fix_ratio: 0.8
    min_local_free_ratio: 0.2
    mip_start_iteration: 5
    mip_timeout: 30.0
    adv_pool_threshold: null
    refined_mip_attacker: false
    refined_batch_size: null
attack:
  pgd_order: input_bab
  pgd_steps: 100
  pgd_restarts: 30
  pgd_batch_size: 100000000
  pgd_early_stop: true
  pgd_lr_decay: 0.99
  pgd_alpha: auto
  pgd_alpha_scale: false
  pgd_loss_mode: null
  pgd_restart_when_stuck: false
  enable_mip_attack: false
  adv_saver: default_adv_saver
  adv_verifier: default_adv_verifier
  early_stop_condition: default_early_stop_condition
  adv_example_finalizer: default_adv_example_finalizer
  pgd_loss: default_pgd_loss
  cex_path: ./test_cex.txt
  attack_mode: PGD
  attack_tolerance: 0.0
  attack_func: attack_with_general_specs
  gama_lambda: 10.0
  gama_decay: 0.9
  check_clean: true
  input_split:
    pgd_steps: 100
    pgd_restarts: 30
    pgd_alpha: auto
  input_split_enhanced:
    pgd_steps: 200
    pgd_restarts: 500000
    pgd_alpha: auto
  input_split_check_adv:
    enabled: auto
    pgd_steps: 5
    pgd_restarts: 5
    pgd_alpha: auto
    max_num_domains: 10
debug:
  sanity_check: Full+Graph
  view_model: false
  lp_test: null
  rescale_vnnlib_ptb: null
  test_optimized_bounds: false
  test_optimized_bounds_after_n_iterations: 0
  print_verbose_decisions: false

Experiments at Fri Feb 20 07:48:46 2026 on d1026
Internal results will be saved to results/vggnet16_all_p_4/result_784.rank0.txt.

[ZRL] %%%%%%%%%%%%%%%%%%%%%%%%%%%%%%%%%%% idx: 0, vnnlib ID: 0 %%%%%%%%%%%%%%%%%%%%%%%%%%%%%%%%%%%
Using onnx /projects/air/dlverifier/vggnet16_all/onnx/vgg16-7.onnx
Using vnnlib /projects/air/dlverifier/vggnet16_all/vnnlib/n02091032_Italian_greyhound_global_k50176_eps_0.0003.vnnlib
150528 inputs and 1000 outputs in vnnlib
Loading cached onnx model from /projects/air/dlverifier/vggnet16_all/onnx/vgg16-7.onnx.cached
Cannot read cached onnx file. Regenerating...
Loading onnx /projects/air/dlverifier/vggnet16_all/onnx/vgg16-7.onnx with quirks {}
Finished onnx model loading in 36.2636 seconds
Number of perturbed inputs: 150528
WARNING: prioritizing attack due to too many perturbed pixels on VGG
Setting arguments.Config["attack"]["pgd_order"] to "before"
Setting bound_prop_method to crown
Attack parameters: initialization=uniform, steps=100, restarts=30, alpha=7.500499486923218e-05, initialization=uniform, GAMA=False
Model output of first 5 examples:
 tensor([[-8.05921912e-01,  2.71221399e+00, -7.51434684e-01, -1.10288823e+00,
         -8.53331447e-01,  1.68618575e-01, -2.91781068e-01, -1.22320068e+00,
         -1.31224442e+00, -9.51262712e-01, -4.61471945e-01,  1.04179248e-01,
          1.24486245e-01, -5.70926607e-01,  4.68059570e-01,  8.10491621e-01,
         -3.58740300e-01, -1.15562570e+00, -3.39846104e-01, -8.14034522e-01,
         -7.10520923e-01, -4.75509763e-02,  5.12174405e-02, -8.54553819e-01,
          6.81107640e-02, -8.25708151e-01,  6.89275742e-01, -1.38002768e-01,
         -8.78008306e-01,  5.73916256e-01, -1.08427727e+00,  8.71722341e-01,
         -5.40626347e-01, -1.07439005e+00, -8.79839182e-01, -7.71236956e-01,
          8.77530396e-01, -1.57952559e+00, -2.68088263e-02, -9.47219312e-01,
          7.46243238e-01, -1.24091899e+00, -9.01563108e-01, -4.69004989e-01,
         -5.16631782e-01, -4.00739700e-01,  8.24469030e-01, -7.72691667e-01,
         -1.67377460e+00,  3.64363119e-02,  6.30517960e-01, -2.15599322e+00,
         -2.59147555e-01,  5.90039641e-02, -8.30194116e-01, -5.01630902e-01,
         -3.91853631e-01, -1.54048991e+00,  3.09334770e-02,  5.94557464e-01,
         -2.03633904e-02, -1.10801005e+00, -1.12071347e+00,  2.13227481e-01,
          4.66050506e-02, -7.70721734e-01, -9.14649308e-01, -8.42926741e-01,
         -1.42442715e+00, -1.67483997e+00,  6.92034841e-01,  7.03896940e-01,
          7.08395064e-01,  1.81501114e+00,  1.39387548e+00,  1.78715777e+00,
          7.68202245e-01,  2.16853547e+00,  1.37805128e+00,  1.42454493e+00,
          8.41097236e-01, -1.91462624e+00, -4.18515325e-01, -1.00612128e+00,
         -7.46492207e-01, -6.86657786e-01, -1.06549358e+00, -4.15997833e-01,
          5.98134696e-01, -1.47471619e+00,  2.66962171e-01, -6.70603633e-01,
          6.24232769e-01,  2.12430015e-01,  8.58856142e-01, -8.07236433e-01,
          8.30119610e-01, -1.13873219e+00, -1.04253136e-01, -8.41258705e-01,
          6.27805650e-01, -1.54692042e+00, -2.09064317e+00,  4.22124177e-01,
         -9.68387485e-01, -1.78042185e+00, -1.19904506e+00, -1.21786758e-01,
         -1.17742293e-01, -1.12139428e+00, -1.54417247e-01,  2.67858243e+00,
         -1.50441706e-01,  6.93518043e-01,  2.92671323e-01, -8.44133258e-01,
         -1.05600166e+00,  2.63285078e-02, -1.02641726e+00, -1.41994357e+00,
         -1.40055931e+00, -1.26042664e+00, -1.23193216e+00, -2.33410597e+00,
         -1.35241890e+00, -1.35071325e+00,  7.13100433e-01, -1.92162424e-01,
          8.55754852e-01,  3.09703588e-01,  3.75204116e-01, -6.76471174e-01,
          4.23344612e-01, -2.48136058e-01, -3.11713934e-01,  1.01093799e-01,
         -5.79804182e-01, -4.14296873e-02, -7.84744680e-01, -1.60559869e+00,
         -2.25384140e+00,  2.32537538e-02, -6.98351145e-01, -8.29707861e-01,
         -8.92663300e-01, -8.04711819e-01, -1.85070443e+00,  6.31296217e-01,
         -3.77635151e-01, -4.04347479e-01, -1.10239637e+00,  4.36431676e-01,
         -1.04100637e-01,  4.80475098e-01,  5.49380660e-01, -1.27210006e-01,
         -6.39601886e-01,  3.35610092e-01, -9.23234046e-01, -1.10245144e+00,
         -6.77909017e-01, -4.03488159e-01, -2.37503648e-02, -6.44123077e-01,
         -8.30109358e-01, -5.65096557e-01, -1.00813258e+00, -1.13197064e+00,
         -2.70837456e-01, -6.97008371e-01, -8.05343211e-01, -8.56612563e-01,
         -1.59625304e+00, -6.97054029e-01, -9.31704998e-01, -6.61084116e-01,
         -1.80782819e+00, -4.76600081e-01, -4.59861845e-01, -1.70037043e+00,
         -1.93689525e+00, -7.00144649e-01, -6.29961491e-04, -1.15311868e-01,
          1.24587588e-01, -4.27553356e-02,  1.52010098e-01,  1.09147871e+00,
         -5.41910529e-01, -3.01801443e-01, -6.97094917e-01,  8.04753363e-01,
         -5.44287145e-01, -1.06339000e-01, -4.81443524e-01,  3.94380748e-01,
         -4.12397712e-01, -9.62637305e-01, -1.32182932e+00,  4.99881446e-01,
          3.25152993e-01, -5.27780950e-01, -5.59888482e-01,  8.67975533e-01,
          3.94855022e-01, -8.62033248e-01, -9.05479789e-01, -4.73312169e-01,
         -8.89496684e-01, -1.02307320e+00, -2.07900953e+00, -4.79674250e-01,
         -4.60821748e-01, -4.85757887e-01, -3.40718031e-01, -7.55617917e-01,
         -7.59424806e-01, -5.70532918e-01, -1.11058116e+00, -4.69857574e-01,
         -4.06293541e-01,  9.17259902e-02, -6.17115796e-01,  3.19715619e-01,
          7.06462741e-01, -1.41084433e+00, -7.35144198e-01, -1.35267055e+00,
         -8.37337554e-01,  2.91007638e-01, -3.67807239e-01,  8.05668607e-02,
         -5.90897799e-01, -1.77773908e-01, -3.97777408e-01, -4.43623751e-01,
         -8.32983673e-01, -2.96590328e-01, -1.30211806e+00,  4.56506908e-02,
         -3.57075930e-01, -6.68081462e-01, -2.90754557e-01, -1.77709079e+00,
         -1.50105983e-01, -3.72239262e-01, -1.50746322e+00, -4.93774951e-01,
         -1.67614907e-01, -1.68247864e-01, -4.37881172e-01, -1.16800213e+00,
          1.08569205e+00, -1.97596252e-01,  6.90966308e-01, -1.23613560e+00,
         -6.07371271e-01,  3.02625671e-02,  1.97015435e-01,  1.49752939e+00,
          1.10730839e+00, -1.71943232e-02, -5.38303971e-01, -6.36126518e-01,
         -5.84350348e-01,  7.98032522e-01, -1.55641794e-01, -3.74366522e-01,
         -1.94373941e+00,  9.58747506e-01,  6.17334962e-01,  5.96912384e-01,
          6.05096400e-01,  4.58856761e-01,  2.25196809e-01,  4.12635989e-02,
          5.20658195e-02,  1.08843279e+00,  1.06797643e-01,  8.72363925e-01,
          6.63894713e-01,  1.30665278e+00,  1.58960319e+00,  2.83575344e+00,
          1.45106637e+00,  7.29730487e-01, -8.02319825e-01,  1.05244488e-01,
          1.12881884e-03, -5.83084941e-01, -3.81377935e-01,  1.24655016e-01,
         -3.00210148e-01,  3.82459283e-01, -5.97152889e-01, -4.19246376e-01,
          5.84173538e-02, -1.38173610e-01, -1.00582564e+00,  3.45468819e-02,
         -1.40476084e+00,  9.64618623e-01, -1.08421884e-01, -3.41619104e-02,
         -8.03851783e-02, -2.03185463e+00, -1.16725817e-01,  6.78765535e-01,
          7.43074834e-01,  2.73952127e-01,  1.89697182e+00,  1.14354396e+00,
          1.68398336e-01,  1.26371241e+00,  1.14311242e+00,  4.88829434e-01,
         -4.34462279e-02, -4.45265621e-01,  1.37038982e+00,  8.73032451e-01,
          6.04142606e-01, -1.43218613e+00, -1.19023204e+00, -5.09929180e-01,
         -1.23763359e+00, -1.28966558e+00, -9.32871819e-01, -1.40980333e-01,
         -1.18948698e+00, -1.40273201e+00, -2.61064708e-01,  6.96553528e-01,
          1.78555048e+00,  5.03345013e-01, -5.07159948e-01, -3.66658926e-01,
         -1.54568183e+00,  4.73494142e-01, -4.31848884e-01, -1.86190009e+00,
         -1.13761663e+00, -1.11060381e+00, -1.21554637e+00, -1.73870683e+00,
         -1.17253149e+00, -1.75320113e+00, -1.72018015e+00, -4.70669180e-01,
         -2.81019425e+00, -1.67182148e+00, -2.06324267e+00, -1.38206089e+00,
         -9.49103177e-01, -1.36761022e+00, -1.58862424e+00, -1.84105301e+00,
         -2.10684299e-01, -3.65076065e-02, -4.91472473e-03, -3.28676224e-01,
         -3.20935786e-01,  3.72369021e-01,  5.42822033e-02, -1.24685872e+00,
         -1.32567930e+00, -1.97050810e-01, -3.40037972e-01, -3.37294847e-01,
          3.93555537e-02, -7.64477730e-01, -3.55799973e-01, -1.21065879e+00,
         -7.33537316e-01, -1.98572680e-01, -1.42115861e-01, -1.07401371e+00,
         -1.60841038e-04,  8.53982642e-02,  1.10827312e-01, -7.98848569e-01,
          5.43655455e-01, -4.27292168e-01, -1.56145737e-01, -6.05418622e-01,
         -1.31888449e-01, -1.14281845e+00, -1.59890020e+00, -6.65725112e-01,
         -1.51875496e+00, -2.38221720e-01, -1.34876800e+00, -4.92245942e-01,
         -1.67123675e-01, -1.46304679e+00, -1.37453330e+00, -2.59118043e-02,
         -1.15054882e+00, -1.21402133e+00, -2.22960278e-01,  9.63506639e-01,
         -3.89261872e-01,  4.58603799e-02,  7.33038306e-01, -1.24997699e+00,
         -3.83952439e-01,  5.12428045e-01, -4.00741607e-01,  1.79692656e-01,
         -1.78779519e+00,  2.99678469e+00, -1.34108841e+00,  1.01206422e+00,
          2.87796587e-01,  6.10993624e-01,  4.15247113e-01, -1.73840797e+00,
          1.03606009e+00,  1.53437078e+00,  2.51983237e+00,  1.28682494e+00,
          3.72521132e-01,  4.67655003e-01, -4.65630770e-01, -4.83460605e-01,
         -1.16739511e-01,  3.07598948e-01,  1.30996954e+00, -7.40140140e-01,
         -2.09144235e-01, -5.35477221e-01, -1.17136490e+00, -5.67998469e-01,
          3.04949045e-01,  4.08715487e-01,  5.41988790e-01,  2.06469083e+00,
         -4.34434742e-01,  4.35876161e-01,  1.96891928e+00,  2.98587918e-01,
          3.26993287e-01,  1.63713467e+00,  3.04131448e-01,  1.03384066e+00,
         -1.02361631e+00, -4.64910090e-01,  2.79701710e+00, -4.78976220e-01,
         -7.57826865e-01,  5.40818982e-02, -1.34213221e+00,  2.77965546e-01,
         -4.85866517e-01,  5.43983936e-01, -1.32061195e+00, -1.44125700e-01,
         -3.25132459e-02,  1.09629428e+00, -9.38404799e-01,  6.38897181e-01,
         -1.26558816e+00, -9.75031331e-02,  1.85731184e+00,  2.23838687e-02,
          4.07931581e-02,  6.99450850e-01, -7.63438821e-01, -2.35741520e+00,
          5.08300006e-01,  2.72339255e-01,  2.34268928e+00, -9.06306863e-01,
         -5.70029616e-01,  3.32169868e-02, -1.37374091e+00,  9.72953916e-01,
         -3.83085638e-01, -1.07269216e+00, -2.05756873e-01, -7.65678287e-01,
          2.70803976e+00,  6.81939125e-01,  2.47337788e-01, -1.06163435e-01,
         -9.98521745e-01,  9.31001008e-01,  1.11590755e+00,  2.43109798e+00,
         -2.54864424e-01,  3.08197618e-01,  1.33327425e-01, -6.85964108e-01,
         -3.43307227e-01,  1.11082768e+00,  9.39138293e-01,  8.73346150e-01,
          9.78260636e-02,  1.10181522e+00,  5.52758217e-01,  1.59585392e+00,
         -1.95432699e+00,  5.82352281e-01, -8.91439974e-01,  9.40609574e-01,
          6.70069337e-01,  2.74169505e-01, -1.40629947e+00,  1.45497060e+00,
          1.39896429e+00, -2.24206853e+00, -4.04415965e-01, -6.24849260e-01,
          2.92694986e-01,  1.29485473e-01, -7.95920253e-01, -9.25214350e-01,
         -1.21719241e+00,  8.69456291e-01, -1.86513931e-01, -8.19180965e-01,
         -2.10588858e-01,  3.46965939e-01, -1.16247547e+00, -3.96245360e-01,
         -6.89073563e-01, -1.40207517e+00,  7.23506212e-01,  1.94977546e+00,
         -2.38033995e-01, -7.92254746e-01,  2.85393643e+00,  1.32589066e+00,
          4.53584850e-01, -3.30418259e-01,  2.47867322e+00, -1.82208049e+00,
         -1.07924712e+00, -9.35810685e-01,  7.11892694e-02,  1.58682871e+00,
          5.83834708e-01, -1.44627619e+00,  1.50521350e+00, -4.00769591e-01,
         -8.23410451e-01,  4.80389655e-01,  4.85216558e-01, -2.04691362e+00,
          1.17730260e+00,  2.42567945e+00, -7.11485147e-01, -2.39573643e-01,
          2.02207232e+00,  1.42237103e+00,  9.71762240e-02,  4.59762523e-04,
          4.24584866e+00,  1.58010352e+00,  7.56929338e-01,  3.28896016e-01,
         -9.73454177e-01, -4.52027231e-01,  2.88111544e+00,  8.79909992e-01,
         -3.20613027e-01,  8.63023460e-01, -3.19312274e-01,  2.63113767e-01,
          3.08761507e-01, -1.64364123e+00,  3.80989969e-01, -7.69456804e-01,
          1.05610359e+00, -1.33615482e+00, -2.17223793e-01, -1.01332092e+00,
         -1.42789197e+00,  6.14982843e-01,  7.70664930e-01,  1.02593291e+00,
          7.84567297e-01, -4.74926561e-01, -2.25470328e+00, -3.08787346e-01,
          8.78718078e-01,  1.62856686e+00, -1.09354877e+00,  8.56525362e-01,
          6.49578273e-01,  5.63845038e-01,  1.40262127e+00,  3.84880042e+00,
          2.09976435e-02,  6.08753860e-01,  3.91466916e-01, -1.08254623e+00,
          8.97738636e-01, -7.69625306e-01,  1.87706888e+00,  1.67826426e+00,
          1.29004717e+00,  3.69153291e-01,  9.56037819e-01, -2.32900000e+00,
          1.65419960e+00,  2.19967222e+00,  7.81692266e-01,  9.90861177e-01,
          5.22359431e-01, -8.39677513e-01,  6.77852273e-01,  9.81329560e-01,
         -9.55240130e-01, -4.13735062e-02,  4.86809582e-01, -8.83625373e-02,
          8.18921030e-01,  1.80599600e-01,  9.01056170e-01,  2.92368221e+00,
          2.52483106e+00, -4.81137067e-01,  9.43275332e-01,  1.26343107e+00,
         -8.73783350e-01, -9.18426037e-01,  2.10188961e+00,  2.13006973e-01,
         -1.31066191e+00,  2.11709237e+00, -8.35844934e-01,  8.71090055e-01,
          2.98222899e+00,  4.10532147e-01, -2.42451668e+00,  5.37626088e-01,
          1.11975062e+00,  1.87320970e-02, -9.42294523e-02, -1.05345383e-01,
         -1.69621193e+00,  7.44182706e-01, -6.88811600e-01,  9.81296003e-02,
          2.43092680e+00, -1.80717301e+00,  5.19976020e-01,  1.02572203e+00,
          1.88180971e+00, -1.67426753e+00,  2.18796301e+00,  3.22965074e+00,
         -1.21659899e+00, -2.57938355e-01, -8.99430275e-01,  8.95714104e-01,
         -2.81322926e-01,  1.66482913e+00, -5.11002362e-01,  2.97444016e-01,
          3.70315984e-02, -2.33187771e+00,  1.02490056e+00, -1.03141725e+00,
          3.65784359e+00, -2.06646562e-01, -5.88695168e-01, -5.98598003e-01,
         -2.73572445e-01,  2.02987385e+00, -1.72098786e-01, -6.41073644e-01,
         -3.21490616e-02,  1.57612360e+00, -4.35363263e-01, -6.09490097e-01,
         -9.89480615e-01,  9.72998857e-01,  1.52790487e-01, -5.21569073e-01,
          1.25962150e+00,  2.23805594e+00,  1.51561603e-01,  9.78991508e-01,
         -1.13784708e-02,  8.55325878e-01, -5.77140033e-01, -9.55314338e-01,
          3.20931935e+00,  2.64337867e-01, -3.21507764e+00,  2.32796133e-01,
          1.35417664e+00,  1.44976020e-01, -4.95931715e-01,  9.64077175e-01,
          1.44249380e+00,  1.39896855e-01, -2.88702518e-01,  7.11548269e-01,
          1.22654533e+00,  8.08166981e-01, -9.93155241e-02, -8.13506603e-01,
          1.46161830e+00, -1.35402799e+00, -8.67248952e-01,  1.03349543e+00,
         -3.62447351e-01,  1.29240882e+00,  1.50429741e-01,  1.88073087e+00,
          1.18946779e+00,  9.18960631e-01,  8.31474662e-01, -1.11869609e+00,
          4.98127818e-01, -1.37618542e+00,  2.78602570e-01,  1.39692985e-02,
          6.97569489e-01,  5.48983216e-01,  1.64134455e+00,  5.36509752e-01,
         -1.43196440e+00,  1.20113707e+00, -1.49973726e+00,  2.93019921e-01,
          7.60780871e-01, -4.54584599e-01, -1.97749412e+00,  1.79882550e+00,
         -2.63083689e-02,  1.37317252e+00, -1.20520186e+00,  1.51891723e-01,
          7.96788514e-01,  6.25492036e-01,  6.49281368e-02, -2.27296352e+00,
         -5.01777053e-01,  2.05029511e+00, -3.55828643e-01, -2.44995192e-01,
          1.69380438e+00,  1.80718768e+00, -1.93453282e-02,  5.95046282e-01,
          5.05353212e-01,  1.16682434e+00,  5.94947577e-01, -1.03388047e+00,
          4.54213947e-01,  2.24034953e+00,  7.41716623e-01, -1.12397313e+00,
         -1.56668171e-01, -8.53633165e-01, -5.52951515e-01,  8.11395824e-01,
          2.20094252e+00,  2.11022687e+00, -6.92008078e-01,  6.09611452e-01,
          8.73181581e-01, -1.32734478e-01,  1.00296700e+00,  1.15288079e+00,
         -1.89218307e+00,  1.71477675e+00, -1.11340261e+00,  1.89821351e+00,
          1.72382677e+00,  7.75551677e-01, -1.12708640e+00,  6.88879669e-01,
          1.04532814e+00,  2.60632366e-01, -6.07344434e-02, -4.32117939e-01,
         -7.12997794e-01,  3.16540569e-01,  3.61357594e+00,  1.16241956e+00,
          2.03950810e+00, -5.17128229e-01, -4.18696761e-01,  1.96819752e-01,
         -1.50809598e+00,  3.19735837e+00, -6.11614466e-01,  4.82006043e-01,
          5.44005275e-01,  7.46344984e-01,  4.70529461e+00,  2.70227015e-01,
          1.37634784e-01,  3.75281036e-01,  7.51450062e-01,  2.86040163e+00,
          1.62407517e-01, -6.14173710e-01,  1.23586647e-01,  3.48810405e-01,
          7.92368829e-01, -5.98483384e-01, -5.24608672e-01,  1.54413134e-01,
         -2.14489365e+00,  5.46179414e-01,  9.32915032e-01,  1.65161324e+00,
          1.37518263e+00,  9.19161141e-01, -1.93100050e-01,  2.04339314e+00,
         -5.61564080e-02, -4.46502417e-01,  2.70458102e+00,  2.06759691e+00,
         -1.42877603e+00, -6.46362066e-01, -2.06197396e-01, -5.50381094e-02,
          6.94565177e-01, -1.46004558e+00,  1.14298260e+00,  1.79869246e+00,
          1.32201254e+00, -1.02590895e+00, -9.22930360e-01,  1.27044249e+00,
         -1.47618043e+00, -1.06528926e+00,  8.64422083e-01, -1.75098729e+00,
          3.07817906e-01,  4.61662382e-01,  2.80090243e-01,  1.40578777e-01,
          1.31189382e+00, -8.36164653e-01, -4.06676345e-02,  7.08366781e-02,
          2.78375959e+00,  2.33385229e+00,  1.74146628e+00, -1.21400607e+00,
          5.82340121e-01, -1.81241080e-01, -2.11570822e-02,  3.95003605e+00,
          1.35066056e+00, -2.09944344e+00,  2.82422376e+00,  7.70610571e-01,
         -2.74632096e+00, -2.85998166e-01, -4.35554147e-01,  5.51504910e-01,
         -7.98895121e-01,  1.58697712e+00,  9.61669981e-01, -1.47207201e+00,
         -1.15263212e+00, -1.60317814e+00, -1.35426474e+00,  2.06036959e-02,
          1.68593121e+00, -1.26984373e-01, -6.86646998e-01, -1.76734194e-01,
          1.27630877e+00, -2.55607933e-01, -2.13715076e+00,  4.31340098e-01,
          1.86796856e+00,  9.07184064e-01, -7.00579166e-01,  1.41701388e+00,
          2.14312449e-01,  2.73828030e-01,  8.00364137e-01,  1.39230478e+00,
         -5.82728311e-02,  2.83813500e+00,  8.62435102e-01,  2.25995243e-01,
         -6.16534412e-01,  1.19103277e+00, -1.51898026e+00, -7.98996389e-01,
          4.34766102e+00,  1.81988478e-01,  2.70785475e+00, -7.09370494e-01,
          1.38694060e+00,  1.71119893e+00,  1.38040483e+00,  8.97558153e-01,
          9.77430195e-02, -4.11670327e-01,  1.23338687e+00,  1.31132400e+00,
          5.92646551e+00,  4.74345160e+00,  1.52799380e+00,  3.59640270e-01,
          9.22239661e-01,  2.53003627e-01, -1.05452046e-01,  1.52152681e+00,
         -1.59674466e+00, -1.05675447e+00, -4.88810509e-01, -1.63804257e+00,
          2.08161259e+00, -3.74836773e-02,  4.10604328e-01,  3.40665042e-01,
          1.79283190e+00,  2.28389192e+00,  1.10581136e+00, -4.44848329e-01,
         -2.22192264e+00,  1.73877573e+00, -3.89508843e-01, -1.15785158e+00,
         -1.36615992e+00,  7.33212829e-01, -1.19602716e+00, -1.41432834e+00,
         -1.42395639e+00, -2.07699013e+00, -1.40796185e+00, -7.25844860e-01,
         -9.68375325e-01, -7.60325253e-01, -7.34124124e-01, -7.19579518e-01,
         -7.68354833e-01, -8.17474365e-01,  1.23472258e-01, -4.17196989e-01,
         -2.67064667e+00,  3.52644980e-01, -5.53719640e-01, -7.72326291e-01,
          1.21589792e+00,  1.53395534e+00,  1.22631061e+00,  3.14170033e-01,
         -5.58345854e-01, -6.65604472e-02,  7.71865323e-02, -1.46611249e+00,
         -1.47880876e+00, -2.65126973e-02, -6.77513599e-01, -1.47581744e+00,
         -1.22850704e+00, -1.29936433e+00, -8.65888834e-01, -1.23397493e+00,
         -1.29251981e+00, -1.76246750e+00,  2.04359055e+00, -5.74016929e-01,
          1.20174360e+00,  3.01841766e-01, -8.71372879e-01,  2.59951615e+00,
         -7.50156105e-01, -5.87334812e-01,  2.16321158e+00,  1.04852629e+00,
         -9.94924545e-01, -2.78288335e-01,  3.59799922e-01, -1.04574513e+00,
          2.31003714e+00, -5.93192339e-01,  6.82919025e-01,  2.40025386e-01,
          3.58692259e-02,  1.08548915e+00, -7.90772974e-01, -1.00058876e-02,
         -9.54073429e-01,  8.54483902e-01, -9.39085484e-01, -1.04145730e+00,
         -8.72673154e-01, -2.30465412e+00, -2.10602951e+00, -1.31244814e+00,
         -1.44909573e+00, -2.82118559e+00, -8.40824097e-03,  7.75120080e-01]],
       device='cuda:0')
Adv example prediction (first 2 examples and 2 restarts):
 tensor([[[-7.55840659e-01,  2.75959229e+00, -7.37205386e-01, -1.08525026e+00,
          -8.49580288e-01,  2.15655774e-01, -3.00691098e-01, -1.22689331e+00,
          -1.30549622e+00, -9.31912303e-01, -4.66025382e-01,  8.01790953e-02,
           8.69263858e-02, -5.98564684e-01,  4.55204070e-01,  7.98930705e-01,
          -3.87673557e-01, -1.18103731e+00, -3.68349701e-01, -8.53075922e-01,
          -7.15533555e-01, -2.35872958e-02,  6.07964955e-02, -8.55757535e-01,
           8.24075937e-02, -8.00132275e-01,  7.60248780e-01, -9.03579146e-02,
          -8.50672841e-01,  6.36336029e-01, -1.07685006e+00,  8.60170007e-01,
          -5.13396502e-01, -1.03066063e+00, -8.48839045e-01, -7.44931579e-01,
           8.92188072e-01, -1.58306694e+00,  1.38712246e-02, -9.34089184e-01,
           7.19533503e-01, -1.18900418e+00, -8.88041317e-01, -4.55611438e-01,
          -5.01784742e-01, -3.74502301e-01,  8.02331746e-01, -7.58002937e-01,
          -1.65154779e+00,  3.37101817e-02,  6.33044183e-01, -2.13326526e+00,
          -2.40607128e-01,  5.95183223e-02, -8.38941336e-01, -5.12587726e-01,
          -3.90497267e-01, -1.51839876e+00,  4.15605903e-02,  5.74570298e-01,
          -1.38783082e-02, -1.12708569e+00, -1.10870624e+00,  2.45165229e-01,
           5.26341572e-02, -7.39510715e-01, -8.86706173e-01, -8.63263965e-01,
          -1.40783036e+00, -1.66386914e+00,  6.90484226e-01,  6.97670221e-01,
           7.09834218e-01,  1.84507680e+00,  1.39640248e+00,  1.80263746e+00,
           7.92773545e-01,  2.18710017e+00,  1.39878845e+00,  1.44860244e+00,
           8.65966678e-01, -1.90911651e+00, -3.94842863e-01, -9.80505586e-01,
          -7.20952332e-01, -7.09157228e-01, -1.04562402e+00, -4.28965360e-01,
           6.06968343e-01, -1.49758816e+00,  2.84362704e-01, -6.72888279e-01,
           6.18447065e-01,  2.17327043e-01,  8.47748041e-01, -7.83459067e-01,
           8.39049101e-01, -1.13884437e+00, -7.40132555e-02, -8.45131874e-01,
           6.40546679e-01, -1.52426636e+00, -2.08098507e+00,  4.65465844e-01,
          -9.66529667e-01, -1.76623714e+00, -1.18344212e+00, -9.72501785e-02,
          -1.12413138e-01, -1.10414863e+00, -1.00509010e-01,  2.73856068e+00,
          -1.78617388e-01,  7.01384962e-01,  3.02800298e-01, -8.08642685e-01,
          -9.92922544e-01,  2.40915753e-02, -1.02663612e+00, -1.37825549e+00,
          -1.41567087e+00, -1.21483672e+00, -1.22977173e+00, -2.30534315e+00,
          -1.34260631e+00, -1.36185598e+00,  7.86392450e-01, -1.74546629e-01,
           8.80525291e-01,  2.95411527e-01,  3.80623788e-01, -6.73736632e-01,
           4.10498470e-01, -2.52189904e-01, -3.24972302e-01,  9.67687070e-02,
          -5.81651568e-01, -6.56123310e-02, -7.70555377e-01, -1.60671079e+00,
          -2.27212286e+00,  1.78035814e-03, -7.10267246e-01, -8.24546814e-01,
          -9.04501021e-01, -7.94453323e-01, -1.85591197e+00,  6.88982069e-01,
          -3.44500333e-01, -3.47821355e-01, -1.08200455e+00,  4.34719712e-01,
          -2.15448216e-02,  5.21969974e-01,  6.03781462e-01, -8.40686634e-02,
          -6.13644063e-01,  3.80162507e-01, -9.04523730e-01, -1.09940755e+00,
          -6.01328850e-01, -4.21589434e-01, -2.55188346e-02, -6.15628242e-01,
          -8.25802505e-01, -5.43654323e-01, -1.00270486e+00, -1.08863711e+00,
          -2.58619338e-01, -6.58613801e-01, -7.39459693e-01, -9.08072829e-01,
          -1.61526239e+00, -6.73446000e-01, -9.19807136e-01, -5.55284202e-01,
          -1.74756658e+00, -4.16797191e-01, -4.74807709e-01, -1.67784131e+00,
          -1.92386830e+00, -6.65151179e-01,  5.70177659e-02, -8.40858221e-02,
           1.45882517e-01,  9.19373147e-03,  2.06206977e-01,  1.14663887e+00,
          -4.56748396e-01, -2.48001978e-01, -6.19667649e-01,  8.39832902e-01,
          -4.92587477e-01, -2.17620116e-02, -3.87125850e-01,  3.87698442e-01,
          -3.67857724e-01, -8.88958037e-01, -1.26145196e+00,  5.59701562e-01,
           4.25554007e-01, -4.87411618e-01, -5.15661061e-01,  8.90317380e-01,
           4.42550421e-01, -8.01499844e-01, -8.53965700e-01, -4.25360113e-01,
          -8.64487767e-01, -1.01866269e+00, -2.05110574e+00, -4.60308999e-01,
          -4.14241374e-01, -4.49370265e-01, -2.72962540e-01, -7.35931933e-01,
          -7.08302379e-01, -5.65135479e-01, -1.08871984e+00, -4.33475822e-01,
          -3.41770381e-01,  1.52186200e-01, -5.67153633e-01,  3.30575824e-01,
           7.59538352e-01, -1.39277434e+00, -6.36447549e-01, -1.32092881e+00,
          -7.89587796e-01,  3.55267346e-01, -3.36208820e-01,  1.43862545e-01,
          -5.45705140e-01, -1.10951260e-01, -3.86929929e-01, -3.97852838e-01,
          -8.19940746e-01, -3.15404654e-01, -1.27374911e+00,  9.02625322e-02,
          -3.26248407e-01, -6.40762031e-01, -2.84520447e-01, -1.75992870e+00,
          -4.61363867e-02, -3.91781688e-01, -1.48529434e+00, -4.47016299e-01,
          -1.33554399e-01, -1.40477523e-01, -4.20936167e-01, -1.17430735e+00,
           1.20103753e+00, -2.04908967e-01,  7.04186022e-01, -1.19068015e+00,
          -5.36674857e-01,  7.37246051e-02,  2.21959338e-01,  1.53253233e+00,
           1.16728032e+00,  2.08744183e-02, -4.63270545e-01, -6.37844622e-01,
          -5.82558036e-01,  8.15025091e-01, -1.29092634e-01, -3.43727648e-01,
          -1.92971885e+00,  1.00772607e+00,  6.59755230e-01,  6.42347813e-01,
           6.45661831e-01,  5.02804399e-01,  2.57396549e-01,  7.02812523e-02,
           7.38454163e-02,  1.10605741e+00,  1.05368085e-01,  9.07882690e-01,
           6.91866875e-01,  1.32096219e+00,  1.60359454e+00,  2.86491203e+00,
           1.43649447e+00,  7.21638203e-01, -7.81572461e-01,  1.23164028e-01,
           2.47448049e-02, -5.55225432e-01, -3.57355386e-01,  1.77420825e-01,
          -2.58834422e-01,  3.87728751e-01, -5.43027997e-01, -3.84442806e-01,
           9.38152522e-02, -6.19974323e-02, -9.95796382e-01,  3.64760160e-02,
          -1.37832022e+00,  9.53576744e-01, -6.69103637e-02, -3.61431688e-02,
          -6.38090670e-02, -2.03629255e+00, -1.28332004e-01,  6.79847956e-01,
           7.34373987e-01,  2.69080907e-01,  1.89215386e+00,  1.13098550e+00,
           1.66297421e-01,  1.26488912e+00,  1.14395070e+00,  4.53744054e-01,
          -2.47127879e-02, -4.37473506e-01,  1.37580323e+00,  8.50903392e-01,
           5.70365846e-01, -1.41889644e+00, -1.17746150e+00, -5.09235024e-01,
          -1.23727918e+00, -1.28520250e+00, -9.37930644e-01, -1.11789823e-01,
          -1.17051482e+00, -1.33649766e+00, -2.41918340e-01,  7.30515659e-01,
           1.83243394e+00,  4.78384525e-01, -4.36109513e-01, -3.13640952e-01,
          -1.53809893e+00,  5.02897978e-01, -4.05175865e-01, -1.85206318e+00,
          -1.12742579e+00, -1.07618892e+00, -1.17478979e+00, -1.70624208e+00,
          -1.17332709e+00, -1.71308517e+00, -1.71733320e+00, -4.43418115e-01,
          -2.81310749e+00, -1.66737318e+00, -2.04802966e+00, -1.35825717e+00,
          -9.58500385e-01, -1.34658587e+00, -1.59588683e+00, -1.80013144e+00,
          -1.89800024e-01, -3.67444567e-03,  2.81103905e-02, -2.92661071e-01,
          -2.96382368e-01,  4.50327665e-01,  9.02298689e-02, -1.24286163e+00,
          -1.29174173e+00, -1.17837310e-01, -2.71408677e-01, -2.80068636e-01,
           1.04384921e-01, -6.96347535e-01, -3.04225862e-01, -1.14960361e+00,
          -6.88729882e-01, -1.63212031e-01, -1.01856545e-01, -1.02694130e+00,
           2.60981489e-02,  1.22834973e-01,  1.17529258e-01, -7.47190654e-01,
           5.96150279e-01, -3.80140096e-01, -1.33252099e-01, -5.95553398e-01,
          -8.14754665e-02, -1.13979888e+00, -1.58432889e+00, -6.11611307e-01,
          -1.50168169e+00, -1.97066396e-01, -1.31721306e+00, -4.65659499e-01,
          -8.04999098e-02, -1.48620486e+00, -1.33352876e+00,  8.38254020e-03,
          -1.13750470e+00, -1.19627142e+00, -2.37589583e-01,  9.11087990e-01,
          -4.03524548e-01, -1.38847157e-04,  6.65978193e-01, -1.25136292e+00,
          -4.05059904e-01,  5.08021176e-01, -4.39226449e-01,  2.18518883e-01,
          -1.75846374e+00,  3.04503369e+00, -1.34878170e+00,  9.58993077e-01,
           2.70105302e-01,  5.99275053e-01,  3.92220378e-01, -1.75363231e+00,
           1.02511001e+00,  1.51303375e+00,  2.51761961e+00,  1.28011239e+00,
           3.40747327e-01,  4.08564180e-01, -4.58466440e-01, -5.40072143e-01,
          -1.26676500e-01,  2.86271304e-01,  1.33307898e+00, -7.46856093e-01,
          -2.17325673e-01, -5.43329597e-01, -1.16994679e+00, -6.46560371e-01,
           2.79874742e-01,  3.83368790e-01,  5.12565017e-01,  1.99933422e+00,
          -4.23937231e-01,  4.06334698e-01,  1.98625743e+00,  3.52348506e-01,
           3.22873384e-01,  1.64589095e+00,  3.14743221e-01,  9.93390739e-01,
          -1.03062093e+00, -4.64365125e-01,  2.76768112e+00, -5.10687113e-01,
          -8.09429705e-01,  4.30911891e-02, -1.32851243e+00,  2.66511768e-01,
          -5.32105684e-01,  4.97039735e-01, -1.34976339e+00, -1.61105648e-01,
          -3.58948559e-02,  1.04554570e+00, -9.53348935e-01,  6.04772568e-01,
          -1.29074883e+00, -1.01919651e-01,  1.83306468e+00, -1.40588135e-02,
           3.25225070e-02,  7.05287576e-01, -7.91033864e-01, -2.38043714e+00,
           5.15357971e-01,  3.09803635e-01,  2.31084466e+00, -9.40579474e-01,
          -5.77078044e-01, -1.94268953e-03, -1.40469790e+00,  9.59969759e-01,
          -3.90422940e-01, -1.05819106e+00, -2.53400832e-01, -7.66315699e-01,
           2.73401856e+00,  6.96675599e-01,  2.76027709e-01, -1.06164321e-01,
          -1.02286899e+00,  9.31419909e-01,  1.05236304e+00,  2.43679810e+00,
          -2.45752394e-01,  3.10544878e-01,  1.25883698e-01, -6.50031328e-01,
          -3.89407814e-01,  1.09424794e+00,  9.19084907e-01,  8.69879425e-01,
           1.10202804e-01,  1.08747149e+00,  5.31089604e-01,  1.56662178e+00,
          -1.98111832e+00,  5.33651352e-01, -8.91046405e-01,  9.07758594e-01,
           6.52709961e-01,  2.34426618e-01, -1.39728129e+00,  1.46431005e+00,
           1.37436390e+00, -2.27708125e+00, -4.07580674e-01, -6.28374517e-01,
           2.75873989e-01,  9.27058160e-02, -8.29218864e-01, -9.71307874e-01,
          -1.31593108e+00,  8.29881012e-01, -2.05588743e-01, -8.56692672e-01,
          -3.21910679e-01,  3.34602773e-01, -1.15055799e+00, -4.40305889e-01,
          -7.20891953e-01, -1.40865898e+00,  6.61841989e-01,  1.90126967e+00,
          -2.48034686e-01, -8.26241493e-01,  2.88012242e+00,  1.35070848e+00,
           3.90486181e-01, -3.52711171e-01,  2.44381928e+00, -1.82718563e+00,
          -1.11452222e+00, -8.96914542e-01,  5.21243364e-02,  1.61231589e+00,
           5.97855449e-01, -1.48305511e+00,  1.47889352e+00, -4.44178462e-01,
          -8.17415416e-01,  4.17585075e-01,  4.42789644e-01, -2.02974749e+00,
           1.19378769e+00,  2.37678123e+00, -7.38431692e-01, -2.44875655e-01,
           2.03109145e+00,  1.39458764e+00,  1.18722469e-01,  3.28750350e-02,
           4.24199581e+00,  1.54095638e+00,  7.27570772e-01,  2.76354820e-01,
          -9.93879497e-01, -4.72017139e-01,  2.88777590e+00,  8.59959900e-01,
          -4.04059201e-01,  8.06559563e-01, -3.38937283e-01,  2.89059311e-01,
           2.96894670e-01, -1.62356341e+00,  3.47687602e-01, -7.52523720e-01,
           1.03900969e+00, -1.32057381e+00, -2.01480597e-01, -1.03161836e+00,
          -1.43574536e+00,  6.05646670e-01,  7.15527773e-01,  9.57208991e-01,
           7.64323533e-01, -5.02059400e-01, -2.26941776e+00, -3.11310470e-01,
           9.04636204e-01,  1.63866580e+00, -1.07852638e+00,  8.24746907e-01,
           5.77097416e-01,  5.31788528e-01,  1.45093811e+00,  3.82951093e+00,
           1.29365614e-02,  5.81292987e-01,  3.39882731e-01, -1.06569970e+00,
           8.90564680e-01, -7.97605634e-01,  1.81190300e+00,  1.69572365e+00,
           1.23407543e+00,  3.35642248e-01,  9.48626637e-01, -2.32070923e+00,
           1.64568806e+00,  2.17370892e+00,  6.99208975e-01,  9.93044138e-01,
           4.97102827e-01, -8.35991502e-01,  6.77407146e-01,  9.91612792e-01,
          -9.63884413e-01, -5.50303608e-02,  4.18357342e-01, -7.09248707e-02,
           8.33229959e-01,  1.22378603e-01,  8.66051197e-01,  2.81122351e+00,
           2.45802283e+00, -4.67010796e-01,  9.05856729e-01,  1.26549196e+00,
          -9.03304160e-01, -9.08830822e-01,  2.09370565e+00,  2.20814958e-01,
          -1.33182847e+00,  2.11102009e+00, -8.48236263e-01,  8.61633778e-01,
           2.97523999e+00,  4.22794342e-01, -2.43503356e+00,  5.84470570e-01,
           1.10385561e+00,  1.26000158e-02, -1.16632529e-01, -1.36219680e-01,
          -1.67525899e+00,  7.53353357e-01, -7.63703704e-01,  7.05010593e-02,
           2.40684938e+00, -1.81075335e+00,  5.54019570e-01,  1.01674807e+00,
           1.85126066e+00, -1.69437563e+00,  2.14825988e+00,  3.25257850e+00,
          -1.26822853e+00, -2.50347495e-01, -8.76132011e-01,  8.65022480e-01,
          -2.75793254e-01,  1.67029560e+00, -4.84824717e-01,  2.66004801e-01,
           4.32033539e-02, -2.31561041e+00,  1.01022291e+00, -1.02488601e+00,
           3.62140346e+00, -2.28633076e-01, -5.95653057e-01, -6.14785373e-01,
          -2.93818176e-01,  1.95948064e+00, -1.97273895e-01, -6.35301530e-01,
          -7.23712519e-02,  1.52701426e+00, -4.45227385e-01, -5.83316743e-01,
          -9.46715057e-01,  9.56632793e-01,  1.51831120e-01, -5.48822165e-01,
           1.27130067e+00,  2.16439128e+00,  1.21366128e-01,  9.69343364e-01,
           3.94145772e-03,  9.23903525e-01, -5.73953986e-01, -1.01136112e+00,
           3.25367904e+00,  2.33271942e-01, -3.20169735e+00,  2.47290075e-01,
           1.36523426e+00,  1.25735924e-01, -4.81599063e-01,  9.26262856e-01,
           1.41090965e+00,  5.89308068e-02, -2.72289485e-01,  6.74745023e-01,
           1.20073223e+00,  7.70165503e-01, -1.15057223e-01, -8.56463253e-01,
           1.41518939e+00, -1.34447515e+00, -9.27067578e-01,  1.03955245e+00,
          -3.88539732e-01,  1.24097097e+00,  1.40157670e-01,  1.85214412e+00,
           1.23397708e+00,  8.76414180e-01,  8.27995241e-01, -1.10358512e+00,
           4.60585475e-01, -1.37066293e+00,  2.54713774e-01, -3.23160030e-02,
           6.88060760e-01,  5.12114167e-01,  1.62389553e+00,  5.00201762e-01,
          -1.45398176e+00,  1.15049863e+00, -1.49683571e+00,  2.61423260e-01,
           7.29556501e-01, -4.83743489e-01, -1.96748793e+00,  1.77077937e+00,
          -3.73389833e-02,  1.35154593e+00, -1.18059242e+00,  1.36299387e-01,
           7.61425078e-01,  6.22176468e-01,  7.90318027e-02, -2.27436256e+00,
          -5.03999412e-01,  2.07429099e+00, -4.01940644e-01, -2.84594029e-01,
           1.71147263e+00,  1.75449145e+00,  1.60996765e-02,  5.73405623e-01,
           4.84473050e-01,  1.17359710e+00,  5.29396415e-01, -1.03167343e+00,
           4.53347683e-01,  2.17472076e+00,  7.28080571e-01, -1.13534248e+00,
          -1.70179337e-01, -8.56872082e-01, -5.75698972e-01,  7.96169341e-01,
           2.15446115e+00,  2.10743856e+00, -7.38907278e-01,  5.85236967e-01,
           8.30763578e-01, -2.03843549e-01,  1.02341366e+00,  1.11964774e+00,
          -1.88908505e+00,  1.69797993e+00, -1.14257121e+00,  1.89449275e+00,
           1.71028221e+00,  7.34603763e-01, -1.18900287e+00,  6.34402812e-01,
           1.02517819e+00,  2.31390521e-01, -6.96110576e-02, -4.23420936e-01,
          -7.46258974e-01,  3.56359065e-01,  3.61748886e+00,  1.15718818e+00,
           2.02494597e+00, -5.47944427e-01, -4.88812298e-01,  2.15537280e-01,
          -1.52997994e+00,  3.14076781e+00, -6.48860931e-01,  4.44012046e-01,
           5.25902867e-01,  6.89812720e-01,  4.59807587e+00,  2.69700944e-01,
           1.30140558e-01,  3.27734828e-01,  7.32093811e-01,  2.78640723e+00,
           1.77486658e-01, -6.06379211e-01,  1.38906434e-01,  4.07261401e-01,
           7.54071116e-01, -5.76338232e-01, -5.63560128e-01,  1.40963465e-01,
          -2.15916705e+00,  5.37505507e-01,  9.29326355e-01,  1.62131298e+00,
           1.37286353e+00,  8.87501001e-01, -1.52070373e-01,  2.04216456e+00,
          -7.75295198e-02, -4.58544225e-01,  2.64464879e+00,  2.01408148e+00,
          -1.39078486e+00, -6.50681198e-01, -2.20999464e-01, -1.01929322e-01,
           6.77095056e-01, -1.46136248e+00,  1.17492712e+00,  1.78783965e+00,
           1.31804967e+00, -1.01650941e+00, -9.64238942e-01,  1.19791543e+00,
          -1.49735343e+00, -1.04212260e+00,  8.14586401e-01, -1.75502229e+00,
           2.73541063e-01,  4.10790712e-01,  2.99926370e-01,  1.08616181e-01,
           1.27769148e+00, -8.59442055e-01, -7.47048259e-02,  5.28416783e-02,
           2.77921081e+00,  2.30476356e+00,  1.65465987e+00, -1.21228051e+00,
           6.03692710e-01, -2.36476675e-01, -4.58449535e-02,  3.94373775e+00,
           1.38497663e+00, -2.11278462e+00,  2.72265363e+00,  7.88016617e-01,
          -2.69788671e+00, -3.19853246e-01, -5.00266969e-01,  4.78807360e-01,
          -7.81331718e-01,  1.53805387e+00,  9.32844341e-01, -1.49493957e+00,
          -1.11933243e+00, -1.59556377e+00, -1.33328927e+00,  6.72287680e-03,
           1.67922723e+00, -1.89311072e-01, -6.93803787e-01, -1.84524953e-01,
           1.22152579e+00, -2.64784873e-01, -2.10528946e+00,  4.05341834e-01,
           1.81462121e+00,  8.97046566e-01, -7.09929049e-01,  1.34881914e+00,
           1.95712939e-01,  2.53342927e-01,  7.37876177e-01,  1.35206544e+00,
          -8.81009325e-02,  2.81904459e+00,  8.75508368e-01,  1.67781949e-01,
          -6.16225958e-01,  1.12768841e+00, -1.52451801e+00, -8.08242798e-01,
           4.33626270e+00,  1.77728742e-01,  2.63272142e+00, -7.03925848e-01,
           1.33813465e+00,  1.69975865e+00,  1.34495807e+00,  8.38253558e-01,
           5.42560369e-02, -3.76760334e-01,  1.23555529e+00,  1.33190191e+00,
           5.93579912e+00,  4.60991621e+00,  1.52627671e+00,  3.36854607e-01,
           9.06751513e-01,  2.46732950e-01, -1.38406917e-01,  1.54244316e+00,
          -1.59477520e+00, -1.06811011e+00, -4.75834072e-01, -1.67594242e+00,
           2.07730222e+00, -4.13236469e-02,  3.95067930e-01,  3.33345443e-01,
           1.79859924e+00,  2.29247212e+00,  1.08449697e+00, -4.52055663e-01,
          -2.21073937e+00,  1.78755569e+00, -3.58673632e-01, -1.16216457e+00,
          -1.40019011e+00,  7.02733338e-01, -1.21450400e+00, -1.42497432e+00,
          -1.41404438e+00, -2.10976076e+00, -1.39963317e+00, -7.35864639e-01,
          -9.38388407e-01, -7.46742666e-01, -7.27014959e-01, -6.71704471e-01,
          -7.32375860e-01, -7.87613213e-01,  1.20556816e-01, -3.91977668e-01,
          -2.65230346e+00,  3.42786640e-01, -5.22281289e-01, -8.10276210e-01,
           1.21834326e+00,  1.55306041e+00,  1.19764292e+00,  3.04120660e-01,
          -5.50487459e-01, -9.16186124e-02,  1.16040334e-02, -1.46943581e+00,
          -1.47751784e+00, -4.50485945e-02, -7.02263355e-01, -1.47964895e+00,
          -1.25084460e+00, -1.33409774e+00, -8.70397806e-01, -1.25433946e+00,
          -1.30804825e+00, -1.78157270e+00,  2.02359104e+00, -6.02517724e-01,
           1.15598011e+00,  2.91584134e-01, -8.75190318e-01,  2.56804919e+00,
          -7.52958298e-01, -5.40119469e-01,  2.20586538e+00,  1.06703007e+00,
          -9.86383080e-01, -2.85856307e-01,  3.39164972e-01, -1.01210582e+00,
           2.35038018e+00, -5.87609649e-01,  6.07096016e-01,  2.41752565e-01,
           4.85218912e-02,  1.06340551e+00, -7.83889949e-01, -3.84547934e-03,
          -9.66328919e-01,  8.74679863e-01, -9.21821773e-01, -1.02706671e+00,
          -8.78316998e-01, -2.29510045e+00, -2.09046745e+00, -1.28960192e+00,
          -1.42513454e+00, -2.81558752e+00, -4.20718640e-03,  6.96846128e-01]]],
       device='cuda:0')
PGD attack margin (first 2 examples and 10 specs):
 tensor([[[0.83949375]]], device='cuda:0')
number of violation:  0
Attack finished in 7.9147 seconds.
PGD attack failed
verified_status unknown
verified_success False
Total VNNLIB file length: 1, max property batch size: 1, total number of batches: 1

Properties batch 0, size 1
Remaining timeout: 1153.6040179729462
Verifying property 0 with 1 instances.
torch allclose failed: norm 8.889588571037166e-06
Model: BoundedModule(
  (/input-1): BoundInput(name=/input-1, inputs=[], perturbed=True)
  (/33): BoundParams(name=/33, inputs=[], perturbed=False)
  (/34): BoundParams(name=/34, inputs=[], perturbed=False)
  (/35): BoundParams(name=/35, inputs=[], perturbed=False)
  (/36): BoundParams(name=/36, inputs=[], perturbed=False)
  (/37): BoundParams(name=/37, inputs=[], perturbed=False)
  (/38): BoundParams(name=/38, inputs=[], perturbed=False)
  (/39): BoundParams(name=/39, inputs=[], perturbed=False)
  (/40): BoundParams(name=/40, inputs=[], perturbed=False)
  (/41): BoundParams(name=/41, inputs=[], perturbed=False)
  (/42): BoundParams(name=/42, inputs=[], perturbed=False)
  (/43): BoundParams(name=/43, inputs=[], perturbed=False)
  (/44): BoundParams(name=/44, inputs=[], perturbed=False)
  (/45): BoundParams(name=/45, inputs=[], perturbed=False)
  (/46): BoundParams(name=/46, inputs=[], perturbed=False)
  (/47): BoundParams(name=/47, inputs=[], perturbed=False)
  (/48): BoundParams(name=/48, inputs=[], perturbed=False)
  (/49): BoundParams(name=/49, inputs=[], perturbed=False)
  (/50): BoundParams(name=/50, inputs=[], perturbed=False)
  (/51): BoundParams(name=/51, inputs=[], perturbed=False)
  (/52): BoundParams(name=/52, inputs=[], perturbed=False)
  (/53): BoundParams(name=/53, inputs=[], perturbed=False)
  (/54): BoundParams(name=/54, inputs=[], perturbed=False)
  (/55): BoundParams(name=/55, inputs=[], perturbed=False)
  (/56): BoundParams(name=/56, inputs=[], perturbed=False)
  (/57): BoundParams(name=/57, inputs=[], perturbed=False)
  (/58): BoundParams(name=/58, inputs=[], perturbed=False)
  (/59): BoundParams(name=/59, inputs=[], perturbed=False)
  (/60): BoundParams(name=/60, inputs=[], perturbed=False)
  (/61): BoundParams(name=/61, inputs=[], perturbed=False)
  (/62): BoundParams(name=/62, inputs=[], perturbed=False)
  (/63): BoundParams(name=/63, inputs=[], perturbed=False)
  (/64): BoundParams(name=/64, inputs=[], perturbed=False)
  (/input): BoundConv(name=/input, inputs=[/input-1, /33, /34], perturbed=True)
  (/66): BoundRelu(name=/66, inputs=[/input], perturbed=True)
  (/input-4): BoundConv(name=/input-4, inputs=[/66, /35, /36], perturbed=True)
  (/68): BoundRelu(name=/68, inputs=[/input-4], perturbed=True)
  (/input-12): BoundConv(name=/input-12, inputs=[/input-8/add_3_4, /37, /38], perturbed=True)
  (/71): BoundRelu(name=/71, inputs=[/input-12], perturbed=True)
  (/input-16): BoundConv(name=/input-16, inputs=[/71, /39, /40], perturbed=True)
  (/73): BoundRelu(name=/73, inputs=[/input-16], perturbed=True)
  (/input-24): BoundConv(name=/input-24, inputs=[/input-20/add_3_4, /41, /42], perturbed=True)
  (/76): BoundRelu(name=/76, inputs=[/input-24], perturbed=True)
  (/input-28): BoundConv(name=/input-28, inputs=[/76, /43, /44], perturbed=True)
  (/78): BoundRelu(name=/78, inputs=[/input-28], perturbed=True)
  (/input-32): BoundConv(name=/input-32, inputs=[/78, /45, /46], perturbed=True)
  (/80): BoundRelu(name=/80, inputs=[/input-32], perturbed=True)
  (/input-40): BoundConv(name=/input-40, inputs=[/input-36/add_3_4, /47, /48], perturbed=True)
  (/83): BoundRelu(name=/83, inputs=[/input-40], perturbed=True)
  (/input-44): BoundConv(name=/input-44, inputs=[/83, /49, /50], perturbed=True)
  (/85): BoundRelu(name=/85, inputs=[/input-44], perturbed=True)
  (/input-48): BoundConv(name=/input-48, inputs=[/85, /51, /52], perturbed=True)
  (/87): BoundRelu(name=/87, inputs=[/input-48], perturbed=True)
  (/input-56): BoundConv(name=/input-56, inputs=[/input-52/add_3_4, /53, /54], perturbed=True)
  (/90): BoundRelu(name=/90, inputs=[/input-56], perturbed=True)
  (/input-60): BoundConv(name=/input-60, inputs=[/90, /55, /56], perturbed=True)
  (/92): BoundRelu(name=/92, inputs=[/input-60], perturbed=True)
  (/input-64): BoundConv(name=/input-64, inputs=[/92, /57, /58], perturbed=True)
  (/94): BoundRelu(name=/94, inputs=[/input-64], perturbed=True)
  (/96): BoundFlatten(name=/96, inputs=[/95/add_3_4], perturbed=True)
  (/input-68): BoundLinear(name=/input-68, inputs=[/96, /59, /60], perturbed=True)
  (/98): BoundRelu(name=/98, inputs=[/input-68], perturbed=True)
  (/99): BoundFlatten(name=/99, inputs=[/98], perturbed=True)
  (/input-72): BoundLinear(name=/input-72, inputs=[/99, /61, /62], perturbed=True)
  (/101): BoundRelu(name=/101, inputs=[/input-72], perturbed=True)
  (/102): BoundFlatten(name=/102, inputs=[/101], perturbed=True)
  (/103): BoundLinear(name=/103, inputs=[/102, /63, /64], perturbed=True)
  (/input-8/conv_1): BoundConv(name=/input-8/conv_1, inputs=[/68, /input-8/conv_1_w], perturbed=True)
  (/input-8/conv_1_relu): BoundRelu(name=/input-8/conv_1_relu, inputs=[/input-8/conv_1], perturbed=True)
  (/input-8/conv_1_w): BoundParams(name=/input-8/conv_1_w, inputs=[], perturbed=False)
  (/input-8/conv_2): BoundConv(name=/input-8/conv_2, inputs=[/68, /input-8/conv_2_w], perturbed=True)
  (/input-8/conv_2_w): BoundParams(name=/input-8/conv_2_w, inputs=[], perturbed=False)
  (/input-8/conv_3): BoundConv(name=/input-8/conv_3, inputs=[/input-8/add_1_2, /input-8/conv_3_w], perturbed=True)
  (/input-8/conv_3_relu): BoundRelu(name=/input-8/conv_3_relu, inputs=[/input-8/conv_3], perturbed=True)
  (/input-8/conv_3_w): BoundParams(name=/input-8/conv_3_w, inputs=[], perturbed=False)
  (/input-8/conv_4): BoundConv(name=/input-8/conv_4, inputs=[/input-8/add_1_2, /input-8/conv_4_w], perturbed=True)
  (/input-8/conv_4_w): BoundParams(name=/input-8/conv_4_w, inputs=[], perturbed=False)
  (/input-8/add_1_2): BoundAdd(name=/input-8/add_1_2, inputs=[/input-8/conv_1_relu, /input-8/conv_2], perturbed=True)
  (/input-8/add_3_4): BoundAdd(name=/input-8/add_3_4, inputs=[/input-8/conv_3_relu, /input-8/conv_4], perturbed=True)
  (/input-20/conv_1): BoundConv(name=/input-20/conv_1, inputs=[/73, /input-20/conv_1_w], perturbed=True)
  (/input-20/conv_1_relu): BoundRelu(name=/input-20/conv_1_relu, inputs=[/input-20/conv_1], perturbed=True)
  (/input-20/conv_1_w): BoundParams(name=/input-20/conv_1_w, inputs=[], perturbed=False)
  (/input-20/conv_2): BoundConv(name=/input-20/conv_2, inputs=[/73, /input-20/conv_2_w], perturbed=True)
  (/input-20/conv_2_w): BoundParams(name=/input-20/conv_2_w, inputs=[], perturbed=False)
  (/input-20/conv_3): BoundConv(name=/input-20/conv_3, inputs=[/input-20/add_1_2, /input-20/conv_3_w], perturbed=True)
  (/input-20/conv_3_relu): BoundRelu(name=/input-20/conv_3_relu, inputs=[/input-20/conv_3], perturbed=True)
  (/input-20/conv_3_w): BoundParams(name=/input-20/conv_3_w, inputs=[], perturbed=False)
  (/input-20/conv_4): BoundConv(name=/input-20/conv_4, inputs=[/input-20/add_1_2, /input-20/conv_4_w], perturbed=True)
  (/input-20/conv_4_w): BoundParams(name=/input-20/conv_4_w, inputs=[], perturbed=False)
  (/input-20/add_1_2): BoundAdd(name=/input-20/add_1_2, inputs=[/input-20/conv_1_relu, /input-20/conv_2], perturbed=True)
  (/input-20/add_3_4): BoundAdd(name=/input-20/add_3_4, inputs=[/input-20/conv_3_relu, /input-20/conv_4], perturbed=True)
  (/input-36/conv_1): BoundConv(name=/input-36/conv_1, inputs=[/80, /input-36/conv_1_w], perturbed=True)
  (/input-36/conv_1_relu): BoundRelu(name=/input-36/conv_1_relu, inputs=[/input-36/conv_1], perturbed=True)
  (/input-36/conv_1_w): BoundParams(name=/input-36/conv_1_w, inputs=[], perturbed=False)
  (/input-36/conv_2): BoundConv(name=/input-36/conv_2, inputs=[/80, /input-36/conv_2_w], perturbed=True)
  (/input-36/conv_2_w): BoundParams(name=/input-36/conv_2_w, inputs=[], perturbed=False)
  (/input-36/conv_3): BoundConv(name=/input-36/conv_3, inputs=[/input-36/add_1_2, /input-36/conv_3_w], perturbed=True)
  (/input-36/conv_3_relu): BoundRelu(name=/input-36/conv_3_relu, inputs=[/input-36/conv_3], perturbed=True)
  (/input-36/conv_3_w): BoundParams(name=/input-36/conv_3_w, inputs=[], perturbed=False)
  (/input-36/conv_4): BoundConv(name=/input-36/conv_4, inputs=[/input-36/add_1_2, /input-36/conv_4_w], perturbed=True)
  (/input-36/conv_4_w): BoundParams(name=/input-36/conv_4_w, inputs=[], perturbed=False)
  (/input-36/add_1_2): BoundAdd(name=/input-36/add_1_2, inputs=[/input-36/conv_1_relu, /input-36/conv_2], perturbed=True)
  (/input-36/add_3_4): BoundAdd(name=/input-36/add_3_4, inputs=[/input-36/conv_3_relu, /input-36/conv_4], perturbed=True)
  (/input-52/conv_1): BoundConv(name=/input-52/conv_1, inputs=[/87, /input-52/conv_1_w], perturbed=True)
  (/input-52/conv_1_relu): BoundRelu(name=/input-52/conv_1_relu, inputs=[/input-52/conv_1], perturbed=True)
  (/input-52/conv_1_w): BoundParams(name=/input-52/conv_1_w, inputs=[], perturbed=False)
  (/input-52/conv_2): BoundConv(name=/input-52/conv_2, inputs=[/87, /input-52/conv_2_w], perturbed=True)
  (/input-52/conv_2_w): BoundParams(name=/input-52/conv_2_w, inputs=[], perturbed=False)
  (/input-52/conv_3): BoundConv(name=/input-52/conv_3, inputs=[/input-52/add_1_2, /input-52/conv_3_w], perturbed=True)
  (/input-52/conv_3_relu): BoundRelu(name=/input-52/conv_3_relu, inputs=[/input-52/conv_3], perturbed=True)
  (/input-52/conv_3_w): BoundParams(name=/input-52/conv_3_w, inputs=[], perturbed=False)
  (/input-52/conv_4): BoundConv(name=/input-52/conv_4, inputs=[/input-52/add_1_2, /input-52/conv_4_w], perturbed=True)
  (/input-52/conv_4_w): BoundParams(name=/input-52/conv_4_w, inputs=[], perturbed=False)
  (/input-52/add_1_2): BoundAdd(name=/input-52/add_1_2, inputs=[/input-52/conv_1_relu, /input-52/conv_2], perturbed=True)
  (/input-52/add_3_4): BoundAdd(name=/input-52/add_3_4, inputs=[/input-52/conv_3_relu, /input-52/conv_4], perturbed=True)
  (/95/conv_1): BoundConv(name=/95/conv_1, inputs=[/94, /95/conv_1_w], perturbed=True)
  (/95/conv_1_relu): BoundRelu(name=/95/conv_1_relu, inputs=[/95/conv_1], perturbed=True)
  (/95/conv_1_w): BoundParams(name=/95/conv_1_w, inputs=[], perturbed=False)
  (/95/conv_2): BoundConv(name=/95/conv_2, inputs=[/94, /95/conv_2_w], perturbed=True)
  (/95/conv_2_w): BoundParams(name=/95/conv_2_w, inputs=[], perturbed=False)
  (/95/conv_3): BoundConv(name=/95/conv_3, inputs=[/95/add_1_2, /95/conv_3_w], perturbed=True)
  (/95/conv_3_relu): BoundRelu(name=/95/conv_3_relu, inputs=[/95/conv_3], perturbed=True)
  (/95/conv_3_w): BoundParams(name=/95/conv_3_w, inputs=[], perturbed=False)
  (/95/conv_4): BoundConv(name=/95/conv_4, inputs=[/95/add_1_2, /95/conv_4_w], perturbed=True)
  (/95/conv_4_w): BoundParams(name=/95/conv_4_w, inputs=[], perturbed=False)
  (/95/add_1_2): BoundAdd(name=/95/add_1_2, inputs=[/95/conv_1_relu, /95/conv_2], perturbed=True)
  (/95/add_3_4): BoundAdd(name=/95/add_3_4, inputs=[/95/conv_3_relu, /95/conv_4], perturbed=True)
)
Model prediction is: tensor([-8.05922210e-01,  2.71221423e+00, -7.51435041e-01, -1.10288870e+00,
        -8.53331864e-01,  1.68618158e-01, -2.91781008e-01, -1.22320008e+00,
        -1.31224418e+00, -9.51262414e-01, -4.61472303e-01,  1.04179576e-01,
         1.24486506e-01, -5.70926547e-01,  4.68060166e-01,  8.10491502e-01,
        -3.58740032e-01, -1.15562510e+00, -3.39845717e-01, -8.14034224e-01,
        -7.10520983e-01, -4.75508869e-02,  5.12174033e-02, -8.54553640e-01,
         6.81107938e-02, -8.25708210e-01,  6.89275205e-01, -1.38002962e-01,
        -8.78008425e-01,  5.73916018e-01, -1.08427727e+00,  8.71722221e-01,
        -5.40626645e-01, -1.07439053e+00, -8.79839242e-01, -7.71236956e-01,
         8.77530694e-01, -1.57952547e+00, -2.68092435e-02, -9.47219253e-01,
         7.46243298e-01, -1.24091935e+00, -9.01563287e-01, -4.69005376e-01,
        -5.16632259e-01, -4.00739938e-01,  8.24469388e-01, -7.72691965e-01,
        -1.67377448e+00,  3.64362039e-02,  6.30518079e-01, -2.15599346e+00,
        -2.59147972e-01,  5.90037033e-02, -8.30194414e-01, -5.01630962e-01,
        -3.91853809e-01, -1.54048991e+00,  3.09330523e-02,  5.94557345e-01,
        -2.03636736e-02, -1.10801005e+00, -1.12071395e+00,  2.13227093e-01,
         4.66046855e-02, -7.70722210e-01, -9.14649904e-01, -8.42926979e-01,
        -1.42442775e+00, -1.67484033e+00,  6.92034662e-01,  7.03896701e-01,
         7.08395243e-01,  1.81501079e+00,  1.39387560e+00,  1.78715730e+00,
         7.68202007e-01,  2.16853499e+00,  1.37805092e+00,  1.42454469e+00,
         8.41097176e-01, -1.91462636e+00, -4.18515265e-01, -1.00612140e+00,
        -7.46491730e-01, -6.86657786e-01, -1.06549346e+00, -4.15997446e-01,
         5.98135352e-01, -1.47471619e+00,  2.66962498e-01, -6.70603514e-01,
         6.24232888e-01,  2.12430254e-01,  8.58856559e-01, -8.07236314e-01,
         8.30120087e-01, -1.13873184e+00, -1.04253136e-01, -8.41258585e-01,
         6.27806127e-01, -1.54692018e+00, -2.09064341e+00,  4.22123730e-01,
        -9.68387783e-01, -1.78042185e+00, -1.19904530e+00, -1.21786729e-01,
        -1.17742337e-01, -1.12139440e+00, -1.54417515e-01,  2.67858171e+00,
        -1.50441855e-01,  6.93517804e-01,  2.92671025e-01, -8.44133198e-01,
        -1.05600226e+00,  2.63280384e-02, -1.02641726e+00, -1.41994393e+00,
        -1.40055954e+00, -1.26042712e+00, -1.23193228e+00, -2.33410597e+00,
        -1.35241878e+00, -1.35071325e+00,  7.13100076e-01, -1.92161798e-01,
         8.55755091e-01,  3.09703827e-01,  3.75204623e-01, -6.76470637e-01,
         4.23345119e-01, -2.48136118e-01, -3.11713487e-01,  1.01093933e-01,
        -5.79803586e-01, -4.14295234e-02, -7.84744501e-01, -1.60559845e+00,
        -2.25384116e+00,  2.32541114e-02, -6.98351264e-01, -8.29707503e-01,
        -8.92663121e-01, -8.04711878e-01, -1.85070491e+00,  6.31295979e-01,
        -3.77635241e-01, -4.04347658e-01, -1.10239661e+00,  4.36431617e-01,
        -1.04100592e-01,  4.80475456e-01,  5.49380422e-01, -1.27209917e-01,
        -6.39602005e-01,  3.35609913e-01, -9.23233807e-01, -1.10245144e+00,
        -6.77909017e-01, -4.03488278e-01, -2.37503499e-02, -6.44123316e-01,
        -8.30109537e-01, -5.65096438e-01, -1.00813270e+00, -1.13197112e+00,
        -2.70837665e-01, -6.97008491e-01, -8.05343270e-01, -8.56612384e-01,
        -1.59625280e+00, -6.97054148e-01, -9.31705177e-01, -6.61084473e-01,
        -1.80782819e+00, -4.76600111e-01, -4.59861547e-01, -1.70037055e+00,
        -1.93689537e+00, -7.00144589e-01, -6.30028546e-04, -1.15311518e-01,
         1.24587439e-01, -4.27553654e-02,  1.52009979e-01,  1.09147882e+00,
        -5.41910589e-01, -3.01801264e-01, -6.97094858e-01,  8.04753125e-01,
        -5.44287086e-01, -1.06339134e-01, -4.81444031e-01,  3.94381046e-01,
        -4.12397623e-01, -9.62637126e-01, -1.32182920e+00,  4.99881476e-01,
         3.25153083e-01, -5.27780652e-01, -5.59888601e-01,  8.67975950e-01,
         3.94855201e-01, -8.62032950e-01, -9.05479729e-01, -4.73312408e-01,
        -8.89496446e-01, -1.02307320e+00, -2.07900953e+00, -4.79674429e-01,
        -4.60821807e-01, -4.85758096e-01, -3.40718031e-01, -7.55617857e-01,
        -7.59424984e-01, -5.70532680e-01, -1.11058116e+00, -4.69857752e-01,
        -4.06293809e-01,  9.17256624e-02, -6.17115617e-01,  3.19715798e-01,
         7.06462741e-01, -1.41084445e+00, -7.35144079e-01, -1.35267055e+00,
        -8.37337673e-01,  2.91007638e-01, -3.67807388e-01,  8.05666372e-02,
        -5.90897560e-01, -1.77773580e-01, -3.97777408e-01, -4.43623930e-01,
        -8.32983613e-01, -2.96590209e-01, -1.30211806e+00,  4.56505865e-02,
        -3.57075870e-01, -6.68081582e-01, -2.90754497e-01, -1.77709103e+00,
        -1.50106147e-01, -3.72239113e-01, -1.50746322e+00, -4.93775189e-01,
        -1.67614996e-01, -1.68247715e-01, -4.37881142e-01, -1.16800165e+00,
         1.08569217e+00, -1.97596177e-01,  6.90966606e-01, -1.23613584e+00,
        -6.07371211e-01,  3.02625075e-02,  1.97015256e-01,  1.49752891e+00,
         1.10730803e+00, -1.71945021e-02, -5.38304031e-01, -6.36126697e-01,
        -5.84350586e-01,  7.98032403e-01, -1.55641899e-01, -3.74366522e-01,
        -1.94373918e+00,  9.58747208e-01,  6.17334604e-01,  5.96911907e-01,
         6.05096042e-01,  4.58856255e-01,  2.25196302e-01,  4.12631147e-02,
         5.20654619e-02,  1.08843243e+00,  1.06797345e-01,  8.72363508e-01,
         6.63894296e-01,  1.30665255e+00,  1.58960319e+00,  2.83575296e+00,
         1.45106614e+00,  7.29730487e-01, -8.02320063e-01,  1.05244309e-01,
         1.12852082e-03, -5.83085001e-01, -3.81378025e-01,  1.24654658e-01,
        -3.00210059e-01,  3.82458925e-01, -5.97153127e-01, -4.19246316e-01,
         5.84172718e-02, -1.38173819e-01, -1.00582612e+00,  3.45465690e-02,
        -1.40476072e+00,  9.64618623e-01, -1.08422071e-01, -3.41619104e-02,
        -8.03850368e-02, -2.03185463e+00, -1.16725937e-01,  6.78765357e-01,
         7.43074596e-01,  2.73952127e-01,  1.89697146e+00,  1.14354396e+00,
         1.68398142e-01,  1.26371217e+00,  1.14311218e+00,  4.88829374e-01,
        -4.34464365e-02, -4.45265442e-01,  1.37038934e+00,  8.73032510e-01,
         6.04142368e-01, -1.43218601e+00, -1.19023180e+00, -5.09928703e-01,
        -1.23763323e+00, -1.28966522e+00, -9.32871401e-01, -1.40980601e-01,
        -1.18948734e+00, -1.40273237e+00, -2.61064768e-01,  6.96553409e-01,
         1.78555000e+00,  5.03344834e-01, -5.07160306e-01, -3.66659492e-01,
        -1.54568195e+00,  4.73493963e-01, -4.31849003e-01, -1.86189997e+00,
        -1.13761628e+00, -1.11060393e+00, -1.21554637e+00, -1.73870695e+00,
        -1.17253137e+00, -1.75320137e+00, -1.72017992e+00, -4.70669240e-01,
        -2.81019449e+00, -1.67182171e+00, -2.06324267e+00, -1.38206148e+00,
        -9.49103355e-01, -1.36761045e+00, -1.58862460e+00, -1.84105301e+00,
        -2.10684597e-01, -3.65079343e-02, -4.91491845e-03, -3.28676462e-01,
        -3.20935994e-01,  3.72368932e-01,  5.42820394e-02, -1.24685907e+00,
        -1.32567966e+00, -1.97051167e-01, -3.40037882e-01, -3.37295026e-01,
         3.93550470e-02, -7.64477968e-01, -3.55800390e-01, -1.21065927e+00,
        -7.33537614e-01, -1.98573023e-01, -1.42116144e-01, -1.07401371e+00,
        -1.61302974e-04,  8.53976235e-02,  1.10827148e-01, -7.98848808e-01,
         5.43654859e-01, -4.27292645e-01, -1.56146094e-01, -6.05418622e-01,
        -1.31888792e-01, -1.14281833e+00, -1.59890020e+00, -6.65725529e-01,
        -1.51875472e+00, -2.38222107e-01, -1.34876859e+00, -4.92245942e-01,
        -1.67123809e-01, -1.46304655e+00, -1.37453330e+00, -2.59124152e-02,
        -1.15054858e+00, -1.21402156e+00, -2.22960070e-01,  9.63506937e-01,
        -3.89261574e-01,  4.58605886e-02,  7.33038008e-01, -1.24997711e+00,
        -3.83952558e-01,  5.12427807e-01, -4.00741398e-01,  1.79692715e-01,
        -1.78779507e+00,  2.99678421e+00, -1.34108841e+00,  1.01206505e+00,
         2.87796766e-01,  6.10993385e-01,  4.15247798e-01, -1.73840761e+00,
         1.03606033e+00,  1.53437102e+00,  2.51983213e+00,  1.28682506e+00,
         3.72520834e-01,  4.67654943e-01, -4.65630919e-01, -4.83460367e-01,
        -1.16738945e-01,  3.07599247e-01,  1.30996919e+00, -7.40140080e-01,
        -2.09143996e-01, -5.35477281e-01, -1.17136514e+00, -5.67998111e-01,
         3.04949105e-01,  4.08715844e-01,  5.41989565e-01,  2.06469059e+00,
        -4.34434474e-01,  4.35876161e-01,  1.96891952e+00,  2.98588157e-01,
         3.26993525e-01,  1.63713467e+00,  3.04131597e-01,  1.03384101e+00,
        -1.02361631e+00, -4.64909852e-01,  2.79701686e+00, -4.78975981e-01,
        -7.57826388e-01,  5.40822558e-02, -1.34213197e+00,  2.77965426e-01,
        -4.85865980e-01,  5.43983996e-01, -1.32061172e+00, -1.44125417e-01,
        -3.25134397e-02,  1.09629476e+00, -9.38404560e-01,  6.38897657e-01,
        -1.26558816e+00, -9.75030959e-02,  1.85731184e+00,  2.23841816e-02,
         4.07930985e-02,  6.99450970e-01, -7.63439059e-01, -2.35741520e+00,
         5.08300126e-01,  2.72338808e-01,  2.34268951e+00, -9.06306744e-01,
        -5.70029080e-01,  3.32168229e-02, -1.37374067e+00,  9.72953796e-01,
        -3.83085728e-01, -1.07269192e+00, -2.05756485e-01, -7.65678227e-01,
         2.70803976e+00,  6.81939185e-01,  2.47337595e-01, -1.06163308e-01,
        -9.98521686e-01,  9.31000531e-01,  1.11590779e+00,  2.43109846e+00,
        -2.54864305e-01,  3.08197916e-01,  1.33327246e-01, -6.85964167e-01,
        -3.43307227e-01,  1.11082745e+00,  9.39138174e-01,  8.73346150e-01,
         9.78267789e-02,  1.10181534e+00,  5.52758336e-01,  1.59585392e+00,
        -1.95432699e+00,  5.82352638e-01, -8.91439676e-01,  9.40609813e-01,
         6.70069575e-01,  2.74169922e-01, -1.40629971e+00,  1.45497048e+00,
         1.39896405e+00, -2.24206805e+00, -4.04415846e-01, -6.24849141e-01,
         2.92694837e-01,  1.29485488e-01, -7.95920014e-01, -9.25214231e-01,
        -1.21719229e+00,  8.69456291e-01, -1.86513856e-01, -8.19180906e-01,
        -2.10588589e-01,  3.46965700e-01, -1.16247511e+00, -3.96245301e-01,
        -6.89073682e-01, -1.40207505e+00,  7.23506212e-01,  1.94977546e+00,
        -2.38033578e-01, -7.92254210e-01,  2.85393643e+00,  1.32589090e+00,
         4.53584820e-01, -3.30417871e-01,  2.47867322e+00, -1.82208061e+00,
        -1.07924736e+00, -9.35810745e-01,  7.11894035e-02,  1.58682907e+00,
         5.83834231e-01, -1.44627643e+00,  1.50521326e+00, -4.00769293e-01,
        -8.23410630e-01,  4.80389297e-01,  4.85216469e-01, -2.04691339e+00,
         1.17730212e+00,  2.42567968e+00, -7.11484909e-01, -2.39573881e-01,
         2.02207255e+00,  1.42237067e+00,  9.71762687e-02,  4.59911535e-04,
         4.24584770e+00,  1.58010387e+00,  7.56929398e-01,  3.28896165e-01,
        -9.73453760e-01, -4.52027053e-01,  2.88111544e+00,  8.79910052e-01,
        -3.20612818e-01,  8.63023937e-01, -3.19312155e-01,  2.63113171e-01,
         3.08761507e-01, -1.64364088e+00,  3.80990148e-01, -7.69456685e-01,
         1.05610394e+00, -1.33615470e+00, -2.17223883e-01, -1.01332080e+00,
        -1.42789197e+00,  6.14982545e-01,  7.70665526e-01,  1.02593303e+00,
         7.84567535e-01, -4.74926442e-01, -2.25470304e+00, -3.08787763e-01,
         8.78718138e-01,  1.62856722e+00, -1.09354854e+00,  8.56525302e-01,
         6.49578631e-01,  5.63845336e-01,  1.40262127e+00,  3.84880066e+00,
         2.09973454e-02,  6.08753979e-01,  3.91466737e-01, -1.08254611e+00,
         8.97738099e-01, -7.69625425e-01,  1.87706876e+00,  1.67826414e+00,
         1.29004705e+00,  3.69153500e-01,  9.56038117e-01, -2.32900000e+00,
         1.65419984e+00,  2.19967270e+00,  7.81692326e-01,  9.90861237e-01,
         5.22359788e-01, -8.39677274e-01,  6.77852631e-01,  9.81329799e-01,
        -9.55239773e-01, -4.13732342e-02,  4.86810237e-01, -8.83625075e-02,
         8.18920910e-01,  1.80599794e-01,  9.01055694e-01,  2.92368221e+00,
         2.52483082e+00, -4.81136560e-01,  9.43275392e-01,  1.26343048e+00,
        -8.73783231e-01, -9.18425977e-01,  2.10188985e+00,  2.13006720e-01,
        -1.31066191e+00,  2.11709285e+00, -8.35844994e-01,  8.71090114e-01,
         2.98222876e+00,  4.10531670e-01, -2.42451668e+00,  5.37626028e-01,
         1.11975098e+00,  1.87326334e-02, -9.42291021e-02, -1.05345070e-01,
        -1.69621193e+00,  7.44182408e-01, -6.88811362e-01,  9.81297940e-02,
         2.43092680e+00, -1.80717278e+00,  5.19976139e-01,  1.02572238e+00,
         1.88180971e+00, -1.67426753e+00,  2.18796277e+00,  3.22965026e+00,
        -1.21659851e+00, -2.57938176e-01, -8.99430156e-01,  8.95714521e-01,
        -2.81322777e-01,  1.66482890e+00, -5.11002243e-01,  2.97444016e-01,
         3.70318219e-02, -2.33187771e+00,  1.02490044e+00, -1.03141713e+00,
         3.65784311e+00, -2.06646353e-01, -5.88695467e-01, -5.98597765e-01,
        -2.73572147e-01,  2.02987409e+00, -1.72098726e-01, -6.41073406e-01,
        -3.21488902e-02,  1.57612348e+00, -4.35363352e-01, -6.09490037e-01,
        -9.89480674e-01,  9.72998381e-01,  1.52790427e-01, -5.21568835e-01,
         1.25962162e+00,  2.23805618e+00,  1.51561677e-01,  9.78991687e-01,
        -1.13783963e-02,  8.55325520e-01, -5.77139854e-01, -9.55314219e-01,
         3.20931888e+00,  2.64338225e-01, -3.21507764e+00,  2.32796133e-01,
         1.35417700e+00,  1.44975990e-01, -4.95931506e-01,  9.64077473e-01,
         1.44249392e+00,  1.39897436e-01, -2.88702428e-01,  7.11548269e-01,
         1.22654545e+00,  8.08167160e-01, -9.93156508e-02, -8.13506246e-01,
         1.46161878e+00, -1.35402787e+00, -8.67248714e-01,  1.03349566e+00,
        -3.62447381e-01,  1.29240954e+00,  1.50429830e-01,  1.88073111e+00,
         1.18946743e+00,  9.18960512e-01,  8.31474364e-01, -1.11869633e+00,
         4.98128384e-01, -1.37618518e+00,  2.78602421e-01,  1.39696561e-02,
         6.97569251e-01,  5.48983991e-01,  1.64134419e+00,  5.36509991e-01,
        -1.43196440e+00,  1.20113730e+00, -1.49973774e+00,  2.93019980e-01,
         7.60781407e-01, -4.54584718e-01, -1.97749412e+00,  1.79882526e+00,
        -2.63080411e-02,  1.37317252e+00, -1.20520163e+00,  1.51892304e-01,
         7.96788454e-01,  6.25492394e-01,  6.49283454e-02, -2.27296400e+00,
        -5.01776874e-01,  2.05029535e+00, -3.55828732e-01, -2.44995132e-01,
         1.69380391e+00,  1.80718756e+00, -1.93457082e-02,  5.95046759e-01,
         5.05353749e-01,  1.16682458e+00,  5.94948232e-01, -1.03388035e+00,
         4.54213679e-01,  2.24034953e+00,  7.41716266e-01, -1.12397361e+00,
        -1.56667739e-01, -8.53633285e-01, -5.52951634e-01,  8.11396003e-01,
         2.20094204e+00,  2.11022663e+00, -6.92007780e-01,  6.09611154e-01,
         8.73181343e-01, -1.32734373e-01,  1.00296617e+00,  1.15288079e+00,
        -1.89218295e+00,  1.71477687e+00, -1.11340237e+00,  1.89821339e+00,
         1.72382665e+00,  7.75551975e-01, -1.12708604e+00,  6.88880265e-01,
         1.04532802e+00,  2.60631770e-01, -6.07345551e-02, -4.32118058e-01,
        -7.12998152e-01,  3.16540718e-01,  3.61357594e+00,  1.16241920e+00,
         2.03950810e+00, -5.17127991e-01, -4.18696612e-01,  1.96819544e-01,
        -1.50809574e+00,  3.19735837e+00, -6.11614108e-01,  4.82006192e-01,
         5.44005156e-01,  7.46345401e-01,  4.70529556e+00,  2.70226955e-01,
         1.37634784e-01,  3.75281751e-01,  7.51449823e-01,  2.86040163e+00,
         1.62407920e-01, -6.14173710e-01,  1.23586588e-01,  3.48810226e-01,
         7.92368770e-01, -5.98483324e-01, -5.24608433e-01,  1.54412627e-01,
        -2.14489317e+00,  5.46179175e-01,  9.32915032e-01,  1.65161288e+00,
         1.37518227e+00,  9.19160903e-01, -1.93100050e-01,  2.04339314e+00,
        -5.61567657e-02, -4.46502209e-01,  2.70458055e+00,  2.06759739e+00,
        -1.42877591e+00, -6.46362305e-01, -2.06197545e-01, -5.50381839e-02,
         6.94565535e-01, -1.46004546e+00,  1.14298260e+00,  1.79869199e+00,
         1.32201207e+00, -1.02590883e+00, -9.22930300e-01,  1.27044296e+00,
        -1.47618020e+00, -1.06528926e+00,  8.64422202e-01, -1.75098753e+00,
         3.07817727e-01,  4.61662412e-01,  2.80090243e-01,  1.40578449e-01,
         1.31189430e+00, -8.36164296e-01, -4.06674109e-02,  7.08372444e-02,
         2.78375959e+00,  2.33385253e+00,  1.74146628e+00, -1.21400619e+00,
         5.82340002e-01, -1.81240812e-01, -2.11569332e-02,  3.95003629e+00,
         1.35066020e+00, -2.09944320e+00,  2.82422423e+00,  7.70610392e-01,
        -2.74632096e+00, -2.85997868e-01, -4.35553819e-01,  5.51504970e-01,
        -7.98895061e-01,  1.58697701e+00,  9.61669922e-01, -1.47207165e+00,
        -1.15263212e+00, -1.60317767e+00, -1.35426426e+00,  2.06037257e-02,
         1.68593156e+00, -1.26984194e-01, -6.86646819e-01, -1.76734090e-01,
         1.27630889e+00, -2.55607635e-01, -2.13715076e+00,  4.31339830e-01,
         1.86796820e+00,  9.07183707e-01, -7.00579286e-01,  1.41701448e+00,
         2.14312449e-01,  2.73828089e-01,  8.00364375e-01,  1.39230490e+00,
        -5.82729504e-02,  2.83813477e+00,  8.62435043e-01,  2.25995556e-01,
        -6.16534233e-01,  1.19103289e+00, -1.51898086e+00, -7.98996508e-01,
         4.34766150e+00,  1.81989014e-01,  2.70785475e+00, -7.09370613e-01,
         1.38694036e+00,  1.71119881e+00,  1.38040543e+00,  8.97558391e-01,
         9.77431685e-02, -4.11670536e-01,  1.23338723e+00,  1.31132424e+00,
         5.92646551e+00,  4.74345160e+00,  1.52799380e+00,  3.59640688e-01,
         9.22239184e-01,  2.53003150e-01, -1.05452433e-01,  1.52152681e+00,
        -1.59674454e+00, -1.05675447e+00, -4.88810629e-01, -1.63804209e+00,
         2.08161306e+00, -3.74834836e-02,  4.10604298e-01,  3.40665132e-01,
         1.79283190e+00,  2.28389192e+00,  1.10581160e+00, -4.44848627e-01,
        -2.22192240e+00,  1.73877525e+00, -3.89509380e-01, -1.15785158e+00,
        -1.36615968e+00,  7.33213246e-01, -1.19602776e+00, -1.41432846e+00,
        -1.42395663e+00, -2.07699013e+00, -1.40796185e+00, -7.25845277e-01,
        -9.68375206e-01, -7.60325193e-01, -7.34124541e-01, -7.19579577e-01,
        -7.68355489e-01, -8.17474544e-01,  1.23471901e-01, -4.17196870e-01,
        -2.67064643e+00,  3.52645278e-01, -5.53719521e-01, -7.72326171e-01,
         1.21589768e+00,  1.53395593e+00,  1.22631037e+00,  3.14169943e-01,
        -5.58346033e-01, -6.65606931e-02,  7.71865770e-02, -1.46611261e+00,
        -1.47880876e+00, -2.65129507e-02, -6.77513599e-01, -1.47581780e+00,
        -1.22850704e+00, -1.29936457e+00, -8.65888953e-01, -1.23397505e+00,
        -1.29252028e+00, -1.76246762e+00,  2.04359102e+00, -5.74017406e-01,
         1.20174384e+00,  3.01841766e-01, -8.71373057e-01,  2.59951615e+00,
        -7.50156224e-01, -5.87334752e-01,  2.16321111e+00,  1.04852641e+00,
        -9.94924903e-01, -2.78288454e-01,  3.59799683e-01, -1.04574513e+00,
         2.31003690e+00, -5.93192041e-01,  6.82919502e-01,  2.40025654e-01,
         3.58693451e-02,  1.08548963e+00, -7.90772855e-01, -1.00062452e-02,
        -9.54073846e-01,  8.54484141e-01, -9.39085722e-01, -1.04145730e+00,
        -8.72672677e-01, -2.30465436e+00, -2.10602903e+00, -1.31244826e+00,
        -1.44909608e+00, -2.82118583e+00, -8.40859860e-03,  7.75120437e-01],
       device='cuda:0')
Clean RHS: tensor([[0.95121580]], device='cuda:0')
Split layers:
Nonlinear functions:
   BoundRelu(name=/66, inputs=[/input], perturbed=True)
   BoundRelu(name=/68, inputs=[/input-4], perturbed=True)
   BoundRelu(name=/71, inputs=[/input-12], perturbed=True)
   BoundRelu(name=/73, inputs=[/input-16], perturbed=True)
   BoundRelu(name=/76, inputs=[/input-24], perturbed=True)
   BoundRelu(name=/78, inputs=[/input-28], perturbed=True)
   BoundRelu(name=/80, inputs=[/input-32], perturbed=True)
   BoundRelu(name=/83, inputs=[/input-40], perturbed=True)
   BoundRelu(name=/85, inputs=[/input-44], perturbed=True)
   BoundRelu(name=/87, inputs=[/input-48], perturbed=True)
   BoundRelu(name=/90, inputs=[/input-56], perturbed=True)
   BoundRelu(name=/92, inputs=[/input-60], perturbed=True)
   BoundRelu(name=/94, inputs=[/input-64], perturbed=True)
   BoundRelu(name=/98, inputs=[/input-68], perturbed=True)
   BoundRelu(name=/101, inputs=[/input-72], perturbed=True)
   BoundRelu(name=/input-8/conv_1_relu, inputs=[/input-8/conv_1], perturbed=True)
   BoundRelu(name=/input-8/conv_3_relu, inputs=[/input-8/conv_3], perturbed=True)
   BoundRelu(name=/input-20/conv_1_relu, inputs=[/input-20/conv_1], perturbed=True)
   BoundRelu(name=/input-20/conv_3_relu, inputs=[/input-20/conv_3], perturbed=True)
   BoundRelu(name=/input-36/conv_1_relu, inputs=[/input-36/conv_1], perturbed=True)
   BoundRelu(name=/input-36/conv_3_relu, inputs=[/input-36/conv_3], perturbed=True)
   BoundRelu(name=/input-52/conv_1_relu, inputs=[/input-52/conv_1], perturbed=True)
   BoundRelu(name=/input-52/conv_3_relu, inputs=[/input-52/conv_3], perturbed=True)
   BoundRelu(name=/95/conv_1_relu, inputs=[/95/conv_1], perturbed=True)
   BoundRelu(name=/95/conv_3_relu, inputs=[/95/conv_3], perturbed=True)
Batched CROWN: node BoundConv(name=/input-4, inputs=[/66, /35, /36], perturbed=True), unstable size 64871
Batched CROWN: node BoundConv(name=/input-8/conv_1, inputs=[/68, /input-8/conv_1_w], perturbed=True), unstable size 85316
Batched CROWN: node BoundConv(name=/input-8/conv_3, inputs=[/input-8/add_1_2, /input-8/conv_3_w], perturbed=True), unstable size 28007
Batched CROWN: node BoundConv(name=/input-12, inputs=[/input-8/add_3_4, /37, /38], perturbed=True), unstable size 575296
Batched CROWN: node BoundConv(name=/input-16, inputs=[/71, /39, /40], perturbed=True), unstable size 1588780
Batched CROWN: node BoundConv(name=/input-20/conv_1, inputs=[/73, /input-20/conv_1_w], perturbed=True), unstable size 27810
Batched CROWN: node BoundConv(name=/input-20/conv_3, inputs=[/input-20/add_1_2, /input-20/conv_3_w], perturbed=True), unstable size 14493
Batched CROWN: node BoundConv(name=/input-24, inputs=[/input-20/add_3_4, /41, /42], perturbed=True), unstable size 370445
Batched CROWN: node BoundConv(name=/input-28, inputs=[/76, /43, /44], perturbed=True), unstable size 799052
Batched CROWN: node BoundConv(name=/input-32, inputs=[/78, /45, /46], perturbed=True), unstable size 221415
Batched CROWN: node BoundConv(name=/input-36/conv_1, inputs=[/80, /input-36/conv_1_w], perturbed=True), unstable size 34884
Batched CROWN: node BoundConv(name=/input-36/conv_3, inputs=[/input-36/add_1_2, /input-36/conv_3_w], perturbed=True), unstable size 22929
Batched CROWN: node BoundConv(name=/input-40, inputs=[/input-36/add_3_4, /47, /48], perturbed=True), unstable size 362157
Batched CROWN: node BoundConv(name=/input-44, inputs=[/83, /49, /50], perturbed=True), unstable size 292697
Batched CROWN: node BoundConv(name=/input-48, inputs=[/85, /51, /52], perturbed=True), unstable size 351345
Batched CROWN: node BoundConv(name=/input-52/conv_1, inputs=[/87, /input-52/conv_1_w], perturbed=True), unstable size 38148
Batched CROWN: node BoundConv(name=/input-52/conv_3, inputs=[/input-52/add_1_2, /input-52/conv_3_w], perturbed=True), unstable size 22993
Batched CROWN: node BoundConv(name=/input-56, inputs=[/input-52/add_3_4, /53, /54], perturbed=True), unstable size 99403
Batched CROWN: node BoundConv(name=/input-60, inputs=[/90, /55, /56], perturbed=True), unstable size 100343
Batched CROWN: node BoundConv(name=/input-64, inputs=[/92, /57, /58], perturbed=True), unstable size 100352
Batched CROWN: node BoundConv(name=/95/conv_1, inputs=[/94, /95/conv_1_w], perturbed=True), unstable size 50044
Batched CROWN: node BoundConv(name=/95/conv_3, inputs=[/95/add_1_2, /95/conv_3_w], perturbed=True), unstable size 25088
Batched CROWN: node BoundLinear(name=/input-68, inputs=[/96, /59, /60], perturbed=True), unstable size 4096
Batched CROWN: node BoundLinear(name=/input-72, inputs=[/99, /61, /62], perturbed=True), unstable size 4096
initial crown bounds: tensor([[-1.11609784e+08]], device='cuda:0')
Number of class (without rhs): 1 ; Worst class: (+ rhs) -111609784.0
Iteration 1
Adv attack time: 1.5368s
Batch size: 1
Current pickout batch: 1, total pickout batch: 1
Batched CROWN: node BoundConv(name=/input-4, inputs=[/66, /35, /36], perturbed=True), unstable size 64870
Batched CROWN: node BoundConv(name=/input-8/conv_1, inputs=[/68, /input-8/conv_1_w], perturbed=True), unstable size 85316
Batched CROWN: node BoundConv(name=/input-8/conv_3, inputs=[/input-8/add_1_2, /input-8/conv_3_w], perturbed=True), unstable size 28007
Batched CROWN: node BoundConv(name=/input-12, inputs=[/input-8/add_3_4, /37, /38], perturbed=True), unstable size 575296
Batched CROWN: node BoundConv(name=/input-16, inputs=[/71, /39, /40], perturbed=True), unstable size 1588780
Batched CROWN: node BoundConv(name=/input-20/conv_1, inputs=[/73, /input-20/conv_1_w], perturbed=True), unstable size 27810
Batched CROWN: node BoundConv(name=/input-20/conv_3, inputs=[/input-20/add_1_2, /input-20/conv_3_w], perturbed=True), unstable size 14493
Batched CROWN: node BoundConv(name=/input-24, inputs=[/input-20/add_3_4, /41, /42], perturbed=True), unstable size 370445
Batched CROWN: node BoundConv(name=/input-28, inputs=[/76, /43, /44], perturbed=True), unstable size 799052
Batched CROWN: node BoundConv(name=/input-32, inputs=[/78, /45, /46], perturbed=True), unstable size 221412
Batched CROWN: node BoundConv(name=/input-36/conv_1, inputs=[/80, /input-36/conv_1_w], perturbed=True), unstable size 34884
Batched CROWN: node BoundConv(name=/input-36/conv_3, inputs=[/input-36/add_1_2, /input-36/conv_3_w], perturbed=True), unstable size 22929
Batched CROWN: node BoundConv(name=/input-40, inputs=[/input-36/add_3_4, /47, /48], perturbed=True), unstable size 362157
Batched CROWN: node BoundConv(name=/input-44, inputs=[/83, /49, /50], perturbed=True), unstable size 292697
Batched CROWN: node BoundConv(name=/input-48, inputs=[/85, /51, /52], perturbed=True), unstable size 351345
Batched CROWN: node BoundConv(name=/input-52/conv_1, inputs=[/87, /input-52/conv_1_w], perturbed=True), unstable size 38148
Batched CROWN: node BoundConv(name=/input-52/conv_3, inputs=[/input-52/add_1_2, /input-52/conv_3_w], perturbed=True), unstable size 22993
Batched CROWN: node BoundConv(name=/input-56, inputs=[/input-52/add_3_4, /53, /54], perturbed=True), unstable size 99403
Batched CROWN: node BoundConv(name=/input-60, inputs=[/90, /55, /56], perturbed=True), unstable size 100343
Batched CROWN: node BoundConv(name=/input-64, inputs=[/92, /57, /58], perturbed=True), unstable size 100352
Batched CROWN: node BoundConv(name=/95/conv_1, inputs=[/94, /95/conv_1_w], perturbed=True), unstable size 50044
Batched CROWN: node BoundConv(name=/95/conv_3, inputs=[/95/add_1_2, /95/conv_3_w], perturbed=True), unstable size 25088
Batched CROWN: node BoundLinear(name=/input-68, inputs=[/96, /59, /60], perturbed=True), unstable size 4096
Batched CROWN: node BoundLinear(name=/input-72, inputs=[/99, /61, /62], perturbed=True), unstable size 4096
Worst bound: tensor([-1.11609880e+08], device='cuda:0')
Current (lb-rhs): -111609880.0
Total time: 3299.8984  pickout: 0.0005  split: 0.0013  decision: 0.0003  bounding: 3299.8619  clipping: 0.0000  add_domain: 0.0234  rest: 0.0109
Length of domains: 2
3 branch and bound domains visited
Time out!
Result: timeout
Time: 5001.74733877182
[rank 0] === Checking instance ID 785 ===
[rank 0] >>> Running ID=785 onnx=onnx/vgg16-7.onnx
Configurations:

general:
  device: cuda
  seed: 100
  conv_mode: patches
  deterministic: false
  double_fp: false
  loss_reduction_func: max
  sparse_alpha: true
  sparse_interm: true
  save_adv_example: false
  verify_onnxruntime_output: false
  eval_adv_example: false
  show_adv_example: false
  precompile_jit: false
  prepare_only: false
  complete_verifier: bab
  enable_incomplete_verification: false
  csv_name: instances.csv
  results_file: results/vggnet16_all_p_4/result_785.rank0.txt
  root_path: ../../vnncomp2023_benchmarks/benchmarks/vggnet16
  deterministic_opt: false
  graph_optimizer: 'Customized("custom_graph_optimizer", "maxpool_to_relu")'
  buffer_has_batchdim: false
  save_output: false
  output_file: out.pkl
  return_optimized_model: false
  output_additional_stats: true
  instance_id: 785
  dataset_output_dir: dataset
  min_stable_neurons_ratio_threshold: 0.0
model:
  name: null
  path: null
  onnx_path: /projects/air/dlverifier/vggnet16_all/onnx/vgg16-7.onnx
  onnx_path_prefix: ''
  cache_onnx_conversion: true
  debug_onnx: false
  onnx_quirks: null
  input_shape: null
  onnx_loader: default_onnx_and_vnnlib_loader
  onnx_optimization_flags: []
  onnx_vnnlib_joint_optimization_flags: none
  check_optimized: false
  flatten_final_output: false
  optimize_graph: null
  with_jacobian: false
data:
  start: 0
  end: 10000
  select_instance: null
  num_outputs: 1000
  mean: 0.0
  std: 1.0
  pkl_path: null
  dataset: null
  data_filter_path: null
  data_idx_file: null
specification:
  type: lp
  robustness_type: verified-acc
  norm: .inf
  epsilon: null
  epsilon_min: 0.0
  vnnlib_path: /projects/air/dlverifier/vggnet16_all/vnnlib/n02091032_Italian_greyhound_fix_mask_seg0_k50176_eps_0.0003.vnnlib
  vnnlib_path_prefix: ''
  rhs_offset: null
solver:
  batch_size: 1
  auto_enlarge_batch_size: false
  min_batch_size_ratio: 0.1
  use_float64_in_last_iteration: false
  early_stop_patience: 10
  start_save_best: 0.5
  bound_prop_method: forward+backward
  init_bound_prop_method: same
  prune_after_crown: false
  optimize_disjuncts_separately: false
  crown:
    batch_size: 16
    max_crown_size: 1000000000
    relu_option: adaptive
  alpha-crown:
    alpha: true
    lr_alpha: 0.1
    iteration: 100
    share_alphas: false
    lr_decay: 0.98
    full_conv_alpha: true
    max_coeff_mul: .inf
    matmul_share_alphas: false
    disable_optimization: []
    max_time: 1.0
  invprop:
    apply_output_constraints_to: []
    tighten_input_bounds: false
    best_of_oc_and_no_oc: false
    directly_optimize: []
    oc_lr: 0.1
    share_gammas: false
  beta-crown:
    lr_alpha: 0.01
    lr_beta: 0.05
    lr_decay: 0.98
    optimizer: adam
    iteration: 10
    beta: true
    beta_warmup: true
    enable_opt_interm_bounds: false
    all_node_split_LP: false
  forward:
    refine: false
    dynamic: true
    max_dim: 100
    reset_threshold: 1.0
  intermediate_refinement:
    enabled: false
    batch_size: 10
    opt_coeffs: false
    opt_bias: false
    lr: 0.05
    layers: [-1]
    max_domains: 1000
  multi_class:
    label_batch_size: 32
    skip_with_refined_bound: true
  mip:
    unstable_neuron_threshold: 0
    parallel_solvers: null
    solver_threads: 1
    refine_neuron_timeout: 15
    refine_neuron_time_percentage: 0.8
    early_stop: true
    adv_warmup: true
    mip_solver: gurobi
    skip_unsafe: false
    topk_filter: 1.0
    sliding_window: -1
    extra_constraint: false
    refine_neuron_timeout_increasement: 0
    timeout_neuron_percentage: 0.3
    remaining_timeout_threshold: 1
    remove_unstable_neurons: true
    lp_solver: false
bab:
  initial_max_domains: 1
  backing_up_max_domain: null
  max_domains: .inf
  decision_thresh: 0
  timeout: 1200.0
  timeout_scale: 1
  max_iterations: -1
  override_timeout: null
  get_upper_bound: false
  pruning_in_iteration: true
  pruning_in_iteration_ratio: 0.2
  sort_targets: false
  batched_domain_list: true
  optimized_interm: ''
  interm_transfer: true
  recompute_interm: false
  sort_domain_interval: -1
  vanilla_crown: false
  tree_traversal: depth_first
  cut:
    enabled: false
    cuts_path: /tmp/abcrown_cuts
    implication: false
    bab_cut: false
    lp_cut: false
    method: null
    lr: 0.01
    lr_decay: 1.0
    iteration: 100
    bab_iteration: -1
    early_stop_patience: -1
    lr_beta: 0.02
    number_cuts: 50
    topk_cuts_in_filter: 1000
    batch_size_primal: 100
    max_num: 1000000000
    patches_cut: false
    cplex_cuts: false
    cplex_cuts_wait: 0
    cplex_cuts_revpickup: true
    cut_reference_bounds: true
    fix_intermediate_bounds: false
    _tmp_cuts: null
    fixed_cuts: false
    add_implied_cuts: false
    add_input_cuts: false
    biccos:
      enabled: false
      constraint_strengthening: true
      recursively_strengthening: false
      drop_ratio: 0.5
      verified_bonus: 0.3
      max_infer_iter: 20
      heuristic: neuron_influence_score
      save_biccos_cuts: false
      multi_tree_branching:
        enabled: false
        restore_best_tree: false
        keep_n_best_domains: 1
        k_splits: 1
        iterations: 1
  branching:
    method: sb
    candidates: 3
    reduceop: min
    enable_intermediate_bound_opt: false
    branching_input_and_activation: false
    branching_input_and_activation_order: [input, relu]
    branching_input_iterations: 30
    branching_relu_iterations: 50
    gnn_path: ''
    neural_heuristic:
      model_path: ''
    rl:
      experiment: general
      eval: false
      extras: []
      logging:
        color: true
        debug: true
        file: rl-experiment.log
      pnet:
        gH: 64
        tH: 64
        nheads: 64
        nlayers: 64
        useDynamicGraph: true
        bidirectional: false
        GAT: true
      training:
        gamma: 0.99
        lr: 0.001
        batchSize: 8
        loop: 8
        totalEpochs: 10
        updatePolicyFrequency: 10
        updateTargetFrequency: 10
        buffer: buffer.pkl
        preparedBuffer: 'False'
        TestingPreparedBuffer: false
        scriptTraining: false
        policynet: policy-checkpoint.pt
        targetnet: target-checkpoint.pt
        datasetShuffle: true
        targetedData: all
        splitRatio: 0.8
        maxInstances: -1
        trainingMode: full
        reward:
          norm: null
          bonus: 10.0
          penalty: -1.0
      egreedy:
        epsilon: 0.1
        epsilonDecay: 0.1
        minEpsilon: 0.1
        ePath: epsilon.pt
        enabled: true
      expert:
        useExpertUntilEpisode: 0.1
        enabled: true
        learnToImitateExpertEpochs: 10
    nonlinear_split:
      method: shortcut
      branching_point_method: uniform
      num_branches: 2
      filter: false
      filter_beta: false
      filter_clamp: false
      filter_batch_size: 10000
      filter_iterations: 25
      relu_only: false
      loose_tanh_threshold: null
      dynamic_bbps: false
      dynamic_options: [uniform, three_left, three_right]
      branching_point_node: ''
      branching_point_db: []
    input_split:
      enable_clip_domains: false
      split_hint: null
      reorder_bab: false
      enable: true
      enhanced_bound_prop_method: alpha-crown
      enhanced_branching_method: naive
      enhanced_bound_patience: 100000000.0
      attack_patience: 100000000.0
      adv_check: 0
      split_partitions: 2
      sb_margin_weight: 1.0
      sb_sum: false
      sb_primary_spec: null
      bf_backup_thresh: -1
      bf_rhs_offset: 0
      bf_iters: 1000000000.0
      bf_batch_size: 100000
      bf_zero_crossing_score: false
      touch_zero_score: 0
      ibp_enhancement: false
      catch_assertion: false
      compare_with_old_bounds: false
      update_rhs_with_attack: false
      sb_coeff_thresh: 0.001
      sort_index: null
      sort_descending: true
      show_progress: false
      presplit_domains: null
      skip_getting_worst_domain: false
  attack:
    enabled: false
    beam_candidates: 8
    beam_depth: 7
    max_dive_fix_ratio: 0.8
    min_local_free_ratio: 0.2
    mip_start_iteration: 5
    mip_timeout: 30.0
    adv_pool_threshold: null
    refined_mip_attacker: false
    refined_batch_size: null
attack:
  pgd_order: input_bab
  pgd_steps: 100
  pgd_restarts: 30
  pgd_batch_size: 100000000
  pgd_early_stop: true
  pgd_lr_decay: 0.99
  pgd_alpha: auto
  pgd_alpha_scale: false
  pgd_loss_mode: null
  pgd_restart_when_stuck: false
  enable_mip_attack: false
  adv_saver: default_adv_saver
  adv_verifier: default_adv_verifier
  early_stop_condition: default_early_stop_condition
  adv_example_finalizer: default_adv_example_finalizer
  pgd_loss: default_pgd_loss
  cex_path: ./test_cex.txt
  attack_mode: PGD
  attack_tolerance: 0.0
  attack_func: attack_with_general_specs
  gama_lambda: 10.0
  gama_decay: 0.9
  check_clean: true
  input_split:
    pgd_steps: 100
    pgd_restarts: 30
    pgd_alpha: auto
  input_split_enhanced:
    pgd_steps: 200
    pgd_restarts: 500000
    pgd_alpha: auto
  input_split_check_adv:
    enabled: auto
    pgd_steps: 5
    pgd_restarts: 5
    pgd_alpha: auto
    max_num_domains: 10
debug:
  sanity_check: Full+Graph
  view_model: false
  lp_test: null
  rescale_vnnlib_ptb: null
  test_optimized_bounds: false
  test_optimized_bounds_after_n_iterations: 0
  print_verbose_decisions: false

Experiments at Fri Feb 20 09:12:42 2026 on d1026
Internal results will be saved to results/vggnet16_all_p_4/result_785.rank0.txt.

[ZRL] %%%%%%%%%%%%%%%%%%%%%%%%%%%%%%%%%%% idx: 0, vnnlib ID: 0 %%%%%%%%%%%%%%%%%%%%%%%%%%%%%%%%%%%
Using onnx /projects/air/dlverifier/vggnet16_all/onnx/vgg16-7.onnx
Using vnnlib /projects/air/dlverifier/vggnet16_all/vnnlib/n02091032_Italian_greyhound_fix_mask_seg0_k50176_eps_0.0003.vnnlib
150528 inputs and 1000 outputs in vnnlib
Loading cached onnx model from /projects/air/dlverifier/vggnet16_all/onnx/vgg16-7.onnx.cached
Cannot read cached onnx file. Regenerating...
Loading onnx /projects/air/dlverifier/vggnet16_all/onnx/vgg16-7.onnx with quirks {}
Finished onnx model loading in 37.9892 seconds
Number of perturbed inputs: 67362
WARNING: prioritizing attack due to too many perturbed pixels on VGG
Setting arguments.Config["attack"]["pgd_order"] to "before"
Setting bound_prop_method to crown
Attack parameters: initialization=uniform, steps=100, restarts=30, alpha=7.500499486923218e-05, initialization=uniform, GAMA=False
Model output of first 5 examples:
 tensor([[-8.05921912e-01,  2.71221399e+00, -7.51434684e-01, -1.10288823e+00,
         -8.53331447e-01,  1.68618575e-01, -2.91781068e-01, -1.22320068e+00,
         -1.31224442e+00, -9.51262712e-01, -4.61471945e-01,  1.04179248e-01,
          1.24486245e-01, -5.70926607e-01,  4.68059570e-01,  8.10491621e-01,
         -3.58740300e-01, -1.15562570e+00, -3.39846104e-01, -8.14034522e-01,
         -7.10520923e-01, -4.75509763e-02,  5.12174405e-02, -8.54553819e-01,
          6.81107640e-02, -8.25708151e-01,  6.89275742e-01, -1.38002768e-01,
         -8.78008306e-01,  5.73916256e-01, -1.08427727e+00,  8.71722341e-01,
         -5.40626347e-01, -1.07439005e+00, -8.79839182e-01, -7.71236956e-01,
          8.77530396e-01, -1.57952559e+00, -2.68088263e-02, -9.47219312e-01,
          7.46243238e-01, -1.24091899e+00, -9.01563108e-01, -4.69004989e-01,
         -5.16631782e-01, -4.00739700e-01,  8.24469030e-01, -7.72691667e-01,
         -1.67377460e+00,  3.64363119e-02,  6.30517960e-01, -2.15599322e+00,
         -2.59147555e-01,  5.90039641e-02, -8.30194116e-01, -5.01630902e-01,
         -3.91853631e-01, -1.54048991e+00,  3.09334770e-02,  5.94557464e-01,
         -2.03633904e-02, -1.10801005e+00, -1.12071347e+00,  2.13227481e-01,
          4.66050506e-02, -7.70721734e-01, -9.14649308e-01, -8.42926741e-01,
         -1.42442715e+00, -1.67483997e+00,  6.92034841e-01,  7.03896940e-01,
          7.08395064e-01,  1.81501114e+00,  1.39387548e+00,  1.78715777e+00,
          7.68202245e-01,  2.16853547e+00,  1.37805128e+00,  1.42454493e+00,
          8.41097236e-01, -1.91462624e+00, -4.18515325e-01, -1.00612128e+00,
         -7.46492207e-01, -6.86657786e-01, -1.06549358e+00, -4.15997833e-01,
          5.98134696e-01, -1.47471619e+00,  2.66962171e-01, -6.70603633e-01,
          6.24232769e-01,  2.12430015e-01,  8.58856142e-01, -8.07236433e-01,
          8.30119610e-01, -1.13873219e+00, -1.04253136e-01, -8.41258705e-01,
          6.27805650e-01, -1.54692042e+00, -2.09064317e+00,  4.22124177e-01,
         -9.68387485e-01, -1.78042185e+00, -1.19904506e+00, -1.21786758e-01,
         -1.17742293e-01, -1.12139428e+00, -1.54417247e-01,  2.67858243e+00,
         -1.50441706e-01,  6.93518043e-01,  2.92671323e-01, -8.44133258e-01,
         -1.05600166e+00,  2.63285078e-02, -1.02641726e+00, -1.41994357e+00,
         -1.40055931e+00, -1.26042664e+00, -1.23193216e+00, -2.33410597e+00,
         -1.35241890e+00, -1.35071325e+00,  7.13100433e-01, -1.92162424e-01,
          8.55754852e-01,  3.09703588e-01,  3.75204116e-01, -6.76471174e-01,
          4.23344612e-01, -2.48136058e-01, -3.11713934e-01,  1.01093799e-01,
         -5.79804182e-01, -4.14296873e-02, -7.84744680e-01, -1.60559869e+00,
         -2.25384140e+00,  2.32537538e-02, -6.98351145e-01, -8.29707861e-01,
         -8.92663300e-01, -8.04711819e-01, -1.85070443e+00,  6.31296217e-01,
         -3.77635151e-01, -4.04347479e-01, -1.10239637e+00,  4.36431676e-01,
         -1.04100637e-01,  4.80475098e-01,  5.49380660e-01, -1.27210006e-01,
         -6.39601886e-01,  3.35610092e-01, -9.23234046e-01, -1.10245144e+00,
         -6.77909017e-01, -4.03488159e-01, -2.37503648e-02, -6.44123077e-01,
         -8.30109358e-01, -5.65096557e-01, -1.00813258e+00, -1.13197064e+00,
         -2.70837456e-01, -6.97008371e-01, -8.05343211e-01, -8.56612563e-01,
         -1.59625304e+00, -6.97054029e-01, -9.31704998e-01, -6.61084116e-01,
         -1.80782819e+00, -4.76600081e-01, -4.59861845e-01, -1.70037043e+00,
         -1.93689525e+00, -7.00144649e-01, -6.29961491e-04, -1.15311868e-01,
          1.24587588e-01, -4.27553356e-02,  1.52010098e-01,  1.09147871e+00,
         -5.41910529e-01, -3.01801443e-01, -6.97094917e-01,  8.04753363e-01,
         -5.44287145e-01, -1.06339000e-01, -4.81443524e-01,  3.94380748e-01,
         -4.12397712e-01, -9.62637305e-01, -1.32182932e+00,  4.99881446e-01,
          3.25152993e-01, -5.27780950e-01, -5.59888482e-01,  8.67975533e-01,
          3.94855022e-01, -8.62033248e-01, -9.05479789e-01, -4.73312169e-01,
         -8.89496684e-01, -1.02307320e+00, -2.07900953e+00, -4.79674250e-01,
         -4.60821748e-01, -4.85757887e-01, -3.40718031e-01, -7.55617917e-01,
         -7.59424806e-01, -5.70532918e-01, -1.11058116e+00, -4.69857574e-01,
         -4.06293541e-01,  9.17259902e-02, -6.17115796e-01,  3.19715619e-01,
          7.06462741e-01, -1.41084433e+00, -7.35144198e-01, -1.35267055e+00,
         -8.37337554e-01,  2.91007638e-01, -3.67807239e-01,  8.05668607e-02,
         -5.90897799e-01, -1.77773908e-01, -3.97777408e-01, -4.43623751e-01,
         -8.32983673e-01, -2.96590328e-01, -1.30211806e+00,  4.56506908e-02,
         -3.57075930e-01, -6.68081462e-01, -2.90754557e-01, -1.77709079e+00,
         -1.50105983e-01, -3.72239262e-01, -1.50746322e+00, -4.93774951e-01,
         -1.67614907e-01, -1.68247864e-01, -4.37881172e-01, -1.16800213e+00,
          1.08569205e+00, -1.97596252e-01,  6.90966308e-01, -1.23613560e+00,
         -6.07371271e-01,  3.02625671e-02,  1.97015435e-01,  1.49752939e+00,
          1.10730839e+00, -1.71943232e-02, -5.38303971e-01, -6.36126518e-01,
         -5.84350348e-01,  7.98032522e-01, -1.55641794e-01, -3.74366522e-01,
         -1.94373941e+00,  9.58747506e-01,  6.17334962e-01,  5.96912384e-01,
          6.05096400e-01,  4.58856761e-01,  2.25196809e-01,  4.12635989e-02,
          5.20658195e-02,  1.08843279e+00,  1.06797643e-01,  8.72363925e-01,
          6.63894713e-01,  1.30665278e+00,  1.58960319e+00,  2.83575344e+00,
          1.45106637e+00,  7.29730487e-01, -8.02319825e-01,  1.05244488e-01,
          1.12881884e-03, -5.83084941e-01, -3.81377935e-01,  1.24655016e-01,
         -3.00210148e-01,  3.82459283e-01, -5.97152889e-01, -4.19246376e-01,
          5.84173538e-02, -1.38173610e-01, -1.00582564e+00,  3.45468819e-02,
         -1.40476084e+00,  9.64618623e-01, -1.08421884e-01, -3.41619104e-02,
         -8.03851783e-02, -2.03185463e+00, -1.16725817e-01,  6.78765535e-01,
          7.43074834e-01,  2.73952127e-01,  1.89697182e+00,  1.14354396e+00,
          1.68398336e-01,  1.26371241e+00,  1.14311242e+00,  4.88829434e-01,
         -4.34462279e-02, -4.45265621e-01,  1.37038982e+00,  8.73032451e-01,
          6.04142606e-01, -1.43218613e+00, -1.19023204e+00, -5.09929180e-01,
         -1.23763359e+00, -1.28966558e+00, -9.32871819e-01, -1.40980333e-01,
         -1.18948698e+00, -1.40273201e+00, -2.61064708e-01,  6.96553528e-01,
          1.78555048e+00,  5.03345013e-01, -5.07159948e-01, -3.66658926e-01,
         -1.54568183e+00,  4.73494142e-01, -4.31848884e-01, -1.86190009e+00,
         -1.13761663e+00, -1.11060381e+00, -1.21554637e+00, -1.73870683e+00,
         -1.17253149e+00, -1.75320113e+00, -1.72018015e+00, -4.70669180e-01,
         -2.81019425e+00, -1.67182148e+00, -2.06324267e+00, -1.38206089e+00,
         -9.49103177e-01, -1.36761022e+00, -1.58862424e+00, -1.84105301e+00,
         -2.10684299e-01, -3.65076065e-02, -4.91472473e-03, -3.28676224e-01,
         -3.20935786e-01,  3.72369021e-01,  5.42822033e-02, -1.24685872e+00,
         -1.32567930e+00, -1.97050810e-01, -3.40037972e-01, -3.37294847e-01,
          3.93555537e-02, -7.64477730e-01, -3.55799973e-01, -1.21065879e+00,
         -7.33537316e-01, -1.98572680e-01, -1.42115861e-01, -1.07401371e+00,
         -1.60841038e-04,  8.53982642e-02,  1.10827312e-01, -7.98848569e-01,
          5.43655455e-01, -4.27292168e-01, -1.56145737e-01, -6.05418622e-01,
         -1.31888449e-01, -1.14281845e+00, -1.59890020e+00, -6.65725112e-01,
         -1.51875496e+00, -2.38221720e-01, -1.34876800e+00, -4.92245942e-01,
         -1.67123675e-01, -1.46304679e+00, -1.37453330e+00, -2.59118043e-02,
         -1.15054882e+00, -1.21402133e+00, -2.22960278e-01,  9.63506639e-01,
         -3.89261872e-01,  4.58603799e-02,  7.33038306e-01, -1.24997699e+00,
         -3.83952439e-01,  5.12428045e-01, -4.00741607e-01,  1.79692656e-01,
         -1.78779519e+00,  2.99678469e+00, -1.34108841e+00,  1.01206422e+00,
          2.87796587e-01,  6.10993624e-01,  4.15247113e-01, -1.73840797e+00,
          1.03606009e+00,  1.53437078e+00,  2.51983237e+00,  1.28682494e+00,
          3.72521132e-01,  4.67655003e-01, -4.65630770e-01, -4.83460605e-01,
         -1.16739511e-01,  3.07598948e-01,  1.30996954e+00, -7.40140140e-01,
         -2.09144235e-01, -5.35477221e-01, -1.17136490e+00, -5.67998469e-01,
          3.04949045e-01,  4.08715487e-01,  5.41988790e-01,  2.06469083e+00,
         -4.34434742e-01,  4.35876161e-01,  1.96891928e+00,  2.98587918e-01,
          3.26993287e-01,  1.63713467e+00,  3.04131448e-01,  1.03384066e+00,
         -1.02361631e+00, -4.64910090e-01,  2.79701710e+00, -4.78976220e-01,
         -7.57826865e-01,  5.40818982e-02, -1.34213221e+00,  2.77965546e-01,
         -4.85866517e-01,  5.43983936e-01, -1.32061195e+00, -1.44125700e-01,
         -3.25132459e-02,  1.09629428e+00, -9.38404799e-01,  6.38897181e-01,
         -1.26558816e+00, -9.75031331e-02,  1.85731184e+00,  2.23838687e-02,
          4.07931581e-02,  6.99450850e-01, -7.63438821e-01, -2.35741520e+00,
          5.08300006e-01,  2.72339255e-01,  2.34268928e+00, -9.06306863e-01,
         -5.70029616e-01,  3.32169868e-02, -1.37374091e+00,  9.72953916e-01,
         -3.83085638e-01, -1.07269216e+00, -2.05756873e-01, -7.65678287e-01,
          2.70803976e+00,  6.81939125e-01,  2.47337788e-01, -1.06163435e-01,
         -9.98521745e-01,  9.31001008e-01,  1.11590755e+00,  2.43109798e+00,
         -2.54864424e-01,  3.08197618e-01,  1.33327425e-01, -6.85964108e-01,
         -3.43307227e-01,  1.11082768e+00,  9.39138293e-01,  8.73346150e-01,
          9.78260636e-02,  1.10181522e+00,  5.52758217e-01,  1.59585392e+00,
         -1.95432699e+00,  5.82352281e-01, -8.91439974e-01,  9.40609574e-01,
          6.70069337e-01,  2.74169505e-01, -1.40629947e+00,  1.45497060e+00,
          1.39896429e+00, -2.24206853e+00, -4.04415965e-01, -6.24849260e-01,
          2.92694986e-01,  1.29485473e-01, -7.95920253e-01, -9.25214350e-01,
         -1.21719241e+00,  8.69456291e-01, -1.86513931e-01, -8.19180965e-01,
         -2.10588858e-01,  3.46965939e-01, -1.16247547e+00, -3.96245360e-01,
         -6.89073563e-01, -1.40207517e+00,  7.23506212e-01,  1.94977546e+00,
         -2.38033995e-01, -7.92254746e-01,  2.85393643e+00,  1.32589066e+00,
          4.53584850e-01, -3.30418259e-01,  2.47867322e+00, -1.82208049e+00,
         -1.07924712e+00, -9.35810685e-01,  7.11892694e-02,  1.58682871e+00,
          5.83834708e-01, -1.44627619e+00,  1.50521350e+00, -4.00769591e-01,
         -8.23410451e-01,  4.80389655e-01,  4.85216558e-01, -2.04691362e+00,
          1.17730260e+00,  2.42567945e+00, -7.11485147e-01, -2.39573643e-01,
          2.02207232e+00,  1.42237103e+00,  9.71762240e-02,  4.59762523e-04,
          4.24584866e+00,  1.58010352e+00,  7.56929338e-01,  3.28896016e-01,
         -9.73454177e-01, -4.52027231e-01,  2.88111544e+00,  8.79909992e-01,
         -3.20613027e-01,  8.63023460e-01, -3.19312274e-01,  2.63113767e-01,
          3.08761507e-01, -1.64364123e+00,  3.80989969e-01, -7.69456804e-01,
          1.05610359e+00, -1.33615482e+00, -2.17223793e-01, -1.01332092e+00,
         -1.42789197e+00,  6.14982843e-01,  7.70664930e-01,  1.02593291e+00,
          7.84567297e-01, -4.74926561e-01, -2.25470328e+00, -3.08787346e-01,
          8.78718078e-01,  1.62856686e+00, -1.09354877e+00,  8.56525362e-01,
          6.49578273e-01,  5.63845038e-01,  1.40262127e+00,  3.84880042e+00,
          2.09976435e-02,  6.08753860e-01,  3.91466916e-01, -1.08254623e+00,
          8.97738636e-01, -7.69625306e-01,  1.87706888e+00,  1.67826426e+00,
          1.29004717e+00,  3.69153291e-01,  9.56037819e-01, -2.32900000e+00,
          1.65419960e+00,  2.19967222e+00,  7.81692266e-01,  9.90861177e-01,
          5.22359431e-01, -8.39677513e-01,  6.77852273e-01,  9.81329560e-01,
         -9.55240130e-01, -4.13735062e-02,  4.86809582e-01, -8.83625373e-02,
          8.18921030e-01,  1.80599600e-01,  9.01056170e-01,  2.92368221e+00,
          2.52483106e+00, -4.81137067e-01,  9.43275332e-01,  1.26343107e+00,
         -8.73783350e-01, -9.18426037e-01,  2.10188961e+00,  2.13006973e-01,
         -1.31066191e+00,  2.11709237e+00, -8.35844934e-01,  8.71090055e-01,
          2.98222899e+00,  4.10532147e-01, -2.42451668e+00,  5.37626088e-01,
          1.11975062e+00,  1.87320970e-02, -9.42294523e-02, -1.05345383e-01,
         -1.69621193e+00,  7.44182706e-01, -6.88811600e-01,  9.81296003e-02,
          2.43092680e+00, -1.80717301e+00,  5.19976020e-01,  1.02572203e+00,
          1.88180971e+00, -1.67426753e+00,  2.18796301e+00,  3.22965074e+00,
         -1.21659899e+00, -2.57938355e-01, -8.99430275e-01,  8.95714104e-01,
         -2.81322926e-01,  1.66482913e+00, -5.11002362e-01,  2.97444016e-01,
          3.70315984e-02, -2.33187771e+00,  1.02490056e+00, -1.03141725e+00,
          3.65784359e+00, -2.06646562e-01, -5.88695168e-01, -5.98598003e-01,
         -2.73572445e-01,  2.02987385e+00, -1.72098786e-01, -6.41073644e-01,
         -3.21490616e-02,  1.57612360e+00, -4.35363263e-01, -6.09490097e-01,
         -9.89480615e-01,  9.72998857e-01,  1.52790487e-01, -5.21569073e-01,
          1.25962150e+00,  2.23805594e+00,  1.51561603e-01,  9.78991508e-01,
         -1.13784708e-02,  8.55325878e-01, -5.77140033e-01, -9.55314338e-01,
          3.20931935e+00,  2.64337867e-01, -3.21507764e+00,  2.32796133e-01,
          1.35417664e+00,  1.44976020e-01, -4.95931715e-01,  9.64077175e-01,
          1.44249380e+00,  1.39896855e-01, -2.88702518e-01,  7.11548269e-01,
          1.22654533e+00,  8.08166981e-01, -9.93155241e-02, -8.13506603e-01,
          1.46161830e+00, -1.35402799e+00, -8.67248952e-01,  1.03349543e+00,
         -3.62447351e-01,  1.29240882e+00,  1.50429741e-01,  1.88073087e+00,
          1.18946779e+00,  9.18960631e-01,  8.31474662e-01, -1.11869609e+00,
          4.98127818e-01, -1.37618542e+00,  2.78602570e-01,  1.39692985e-02,
          6.97569489e-01,  5.48983216e-01,  1.64134455e+00,  5.36509752e-01,
         -1.43196440e+00,  1.20113707e+00, -1.49973726e+00,  2.93019921e-01,
          7.60780871e-01, -4.54584599e-01, -1.97749412e+00,  1.79882550e+00,
         -2.63083689e-02,  1.37317252e+00, -1.20520186e+00,  1.51891723e-01,
          7.96788514e-01,  6.25492036e-01,  6.49281368e-02, -2.27296352e+00,
         -5.01777053e-01,  2.05029511e+00, -3.55828643e-01, -2.44995192e-01,
          1.69380438e+00,  1.80718768e+00, -1.93453282e-02,  5.95046282e-01,
          5.05353212e-01,  1.16682434e+00,  5.94947577e-01, -1.03388047e+00,
          4.54213947e-01,  2.24034953e+00,  7.41716623e-01, -1.12397313e+00,
         -1.56668171e-01, -8.53633165e-01, -5.52951515e-01,  8.11395824e-01,
          2.20094252e+00,  2.11022687e+00, -6.92008078e-01,  6.09611452e-01,
          8.73181581e-01, -1.32734478e-01,  1.00296700e+00,  1.15288079e+00,
         -1.89218307e+00,  1.71477675e+00, -1.11340261e+00,  1.89821351e+00,
          1.72382677e+00,  7.75551677e-01, -1.12708640e+00,  6.88879669e-01,
          1.04532814e+00,  2.60632366e-01, -6.07344434e-02, -4.32117939e-01,
         -7.12997794e-01,  3.16540569e-01,  3.61357594e+00,  1.16241956e+00,
          2.03950810e+00, -5.17128229e-01, -4.18696761e-01,  1.96819752e-01,
         -1.50809598e+00,  3.19735837e+00, -6.11614466e-01,  4.82006043e-01,
          5.44005275e-01,  7.46344984e-01,  4.70529461e+00,  2.70227015e-01,
          1.37634784e-01,  3.75281036e-01,  7.51450062e-01,  2.86040163e+00,
          1.62407517e-01, -6.14173710e-01,  1.23586647e-01,  3.48810405e-01,
          7.92368829e-01, -5.98483384e-01, -5.24608672e-01,  1.54413134e-01,
         -2.14489365e+00,  5.46179414e-01,  9.32915032e-01,  1.65161324e+00,
          1.37518263e+00,  9.19161141e-01, -1.93100050e-01,  2.04339314e+00,
         -5.61564080e-02, -4.46502417e-01,  2.70458102e+00,  2.06759691e+00,
         -1.42877603e+00, -6.46362066e-01, -2.06197396e-01, -5.50381094e-02,
          6.94565177e-01, -1.46004558e+00,  1.14298260e+00,  1.79869246e+00,
          1.32201254e+00, -1.02590895e+00, -9.22930360e-01,  1.27044249e+00,
         -1.47618043e+00, -1.06528926e+00,  8.64422083e-01, -1.75098729e+00,
          3.07817906e-01,  4.61662382e-01,  2.80090243e-01,  1.40578777e-01,
          1.31189382e+00, -8.36164653e-01, -4.06676345e-02,  7.08366781e-02,
          2.78375959e+00,  2.33385229e+00,  1.74146628e+00, -1.21400607e+00,
          5.82340121e-01, -1.81241080e-01, -2.11570822e-02,  3.95003605e+00,
          1.35066056e+00, -2.09944344e+00,  2.82422376e+00,  7.70610571e-01,
         -2.74632096e+00, -2.85998166e-01, -4.35554147e-01,  5.51504910e-01,
         -7.98895121e-01,  1.58697712e+00,  9.61669981e-01, -1.47207201e+00,
         -1.15263212e+00, -1.60317814e+00, -1.35426474e+00,  2.06036959e-02,
          1.68593121e+00, -1.26984373e-01, -6.86646998e-01, -1.76734194e-01,
          1.27630877e+00, -2.55607933e-01, -2.13715076e+00,  4.31340098e-01,
          1.86796856e+00,  9.07184064e-01, -7.00579166e-01,  1.41701388e+00,
          2.14312449e-01,  2.73828030e-01,  8.00364137e-01,  1.39230478e+00,
         -5.82728311e-02,  2.83813500e+00,  8.62435102e-01,  2.25995243e-01,
         -6.16534412e-01,  1.19103277e+00, -1.51898026e+00, -7.98996389e-01,
          4.34766102e+00,  1.81988478e-01,  2.70785475e+00, -7.09370494e-01,
          1.38694060e+00,  1.71119893e+00,  1.38040483e+00,  8.97558153e-01,
          9.77430195e-02, -4.11670327e-01,  1.23338687e+00,  1.31132400e+00,
          5.92646551e+00,  4.74345160e+00,  1.52799380e+00,  3.59640270e-01,
          9.22239661e-01,  2.53003627e-01, -1.05452046e-01,  1.52152681e+00,
         -1.59674466e+00, -1.05675447e+00, -4.88810509e-01, -1.63804257e+00,
          2.08161259e+00, -3.74836773e-02,  4.10604328e-01,  3.40665042e-01,
          1.79283190e+00,  2.28389192e+00,  1.10581136e+00, -4.44848329e-01,
         -2.22192264e+00,  1.73877573e+00, -3.89508843e-01, -1.15785158e+00,
         -1.36615992e+00,  7.33212829e-01, -1.19602716e+00, -1.41432834e+00,
         -1.42395639e+00, -2.07699013e+00, -1.40796185e+00, -7.25844860e-01,
         -9.68375325e-01, -7.60325253e-01, -7.34124124e-01, -7.19579518e-01,
         -7.68354833e-01, -8.17474365e-01,  1.23472258e-01, -4.17196989e-01,
         -2.67064667e+00,  3.52644980e-01, -5.53719640e-01, -7.72326291e-01,
          1.21589792e+00,  1.53395534e+00,  1.22631061e+00,  3.14170033e-01,
         -5.58345854e-01, -6.65604472e-02,  7.71865323e-02, -1.46611249e+00,
         -1.47880876e+00, -2.65126973e-02, -6.77513599e-01, -1.47581744e+00,
         -1.22850704e+00, -1.29936433e+00, -8.65888834e-01, -1.23397493e+00,
         -1.29251981e+00, -1.76246750e+00,  2.04359055e+00, -5.74016929e-01,
          1.20174360e+00,  3.01841766e-01, -8.71372879e-01,  2.59951615e+00,
         -7.50156105e-01, -5.87334812e-01,  2.16321158e+00,  1.04852629e+00,
         -9.94924545e-01, -2.78288335e-01,  3.59799922e-01, -1.04574513e+00,
          2.31003714e+00, -5.93192339e-01,  6.82919025e-01,  2.40025386e-01,
          3.58692259e-02,  1.08548915e+00, -7.90772974e-01, -1.00058876e-02,
         -9.54073429e-01,  8.54483902e-01, -9.39085484e-01, -1.04145730e+00,
         -8.72673154e-01, -2.30465412e+00, -2.10602951e+00, -1.31244814e+00,
         -1.44909573e+00, -2.82118559e+00, -8.40824097e-03,  7.75120080e-01]],
       device='cuda:0')
Adv example prediction (first 2 examples and 2 restarts):
 tensor([[[-7.81723976e-01,  2.73395395e+00, -7.44646430e-01, -1.09352624e+00,
          -8.51847291e-01,  1.91747651e-01, -2.96478450e-01, -1.22593987e+00,
          -1.31081724e+00, -9.44390774e-01, -4.60939556e-01,  9.36972797e-02,
           1.08289711e-01, -5.84384978e-01,  4.61330980e-01,  8.06329966e-01,
          -3.71638954e-01, -1.16740525e+00, -3.53573114e-01, -8.32837641e-01,
          -7.13461936e-01, -3.65229622e-02,  5.38890250e-02, -8.55962574e-01,
           7.34872520e-02, -8.13709915e-01,  7.22727895e-01, -1.15293324e-01,
          -8.65058303e-01,  6.00647211e-01, -1.08036995e+00,  8.67302537e-01,
          -5.26054204e-01, -1.05474412e+00, -8.66981208e-01, -7.60486662e-01,
           8.82520080e-01, -1.58179760e+00, -4.60076146e-03, -9.41746712e-01,
           7.34177291e-01, -1.21601915e+00, -8.92562389e-01, -4.61318552e-01,
          -5.07806897e-01, -3.89695436e-01,  8.13468158e-01, -7.63904572e-01,
          -1.66573942e+00,  3.46410125e-02,  6.29880548e-01, -2.14378023e+00,
          -2.50080109e-01,  5.99263087e-02, -8.34320009e-01, -5.08011878e-01,
          -3.90480876e-01, -1.52991199e+00,  3.60340625e-02,  5.85587144e-01,
          -1.87501758e-02, -1.11471009e+00, -1.11360669e+00,  2.30053976e-01,
           4.91147265e-02, -7.56396830e-01, -9.00636077e-01, -8.53323698e-01,
          -1.41588604e+00, -1.66954780e+00,  6.91481829e-01,  7.01644838e-01,
           7.08846331e-01,  1.82934356e+00,  1.39419305e+00,  1.79421425e+00,
           7.76713133e-01,  2.17649865e+00,  1.38867569e+00,  1.43561304e+00,
           8.52074265e-01, -1.91087019e+00, -4.07960892e-01, -9.94118154e-01,
          -7.36369312e-01, -6.98542774e-01, -1.05548012e+00, -4.24038321e-01,
           6.01847470e-01, -1.48602080e+00,  2.73510516e-01, -6.71453238e-01,
           6.22979164e-01,  2.13546753e-01,  8.52522373e-01, -7.94940710e-01,
           8.33607376e-01, -1.13656151e+00, -8.78465474e-02, -8.43073070e-01,
           6.32089257e-01, -1.53792989e+00, -2.08706927e+00,  4.41520989e-01,
          -9.67768908e-01, -1.77476859e+00, -1.19327545e+00, -1.10626362e-01,
          -1.16148807e-01, -1.11317647e+00, -1.28871739e-01,  2.70692468e+00,
          -1.61745489e-01,  6.97066426e-01,  2.97645152e-01, -8.25990081e-01,
          -1.02531767e+00,  2.85836793e-02, -1.02451766e+00, -1.39797282e+00,
          -1.40435946e+00, -1.23861492e+00, -1.22930980e+00, -2.32015896e+00,
          -1.34766269e+00, -1.35652947e+00,  7.47074366e-01, -1.86681777e-01,
           8.67345929e-01,  3.04136217e-01,  3.75685722e-01, -6.76227808e-01,
           4.16420728e-01, -2.49433085e-01, -3.18198204e-01,  9.91083980e-02,
          -5.80467343e-01, -5.20877428e-02, -7.79172719e-01, -1.60543156e+00,
          -2.26047301e+00,  1.48099968e-02, -7.02530861e-01, -8.27554047e-01,
          -8.97458494e-01, -7.99694240e-01, -1.85128295e+00,  6.59628093e-01,
          -3.61005872e-01, -3.79879415e-01, -1.09354508e+00,  4.35779542e-01,
          -6.92487881e-02,  4.94609177e-01,  5.69436371e-01, -1.11743122e-01,
          -6.28624141e-01,  3.54520828e-01, -9.13461864e-01, -1.10178530e+00,
          -6.47316694e-01, -4.12316769e-01, -2.53119469e-02, -6.32159173e-01,
          -8.27913165e-01, -5.54842651e-01, -1.00448000e+00, -1.11027658e+00,
          -2.64814109e-01, -6.81878567e-01, -7.79016674e-01, -8.79906774e-01,
          -1.60571945e+00, -6.85930669e-01, -9.28085744e-01, -6.16755784e-01,
          -1.78268886e+00, -4.53563005e-01, -4.69108671e-01, -1.69148886e+00,
          -1.93225801e+00, -6.85634077e-01,  2.29634494e-02, -1.04293771e-01,
           1.30640537e-01, -2.25565750e-02,  1.74228147e-01,  1.11344051e+00,
          -5.04966259e-01, -2.79983938e-01, -6.64744496e-01,  8.18912804e-01,
          -5.25531232e-01, -7.08584562e-02, -4.41689491e-01,  3.89975369e-01,
          -3.95707220e-01, -9.33084667e-01, -1.29717803e+00,  5.23257434e-01,
           3.65197331e-01, -5.12553394e-01, -5.44700682e-01,  8.72712135e-01,
           4.10021901e-01, -8.37747872e-01, -8.82372320e-01, -4.55171913e-01,
          -8.80710900e-01, -1.02346468e+00, -2.06583953e+00, -4.72423971e-01,
          -4.43029821e-01, -4.71420288e-01, -3.10849816e-01, -7.48197258e-01,
          -7.37779975e-01, -5.70194662e-01, -1.10085750e+00, -4.56569850e-01,
          -3.77637893e-01,  1.17816612e-01, -5.97208142e-01,  3.23619753e-01,
           7.26825833e-01, -1.40306091e+00, -6.95389390e-01, -1.33833659e+00,
          -8.18490148e-01,  3.14493477e-01, -3.55888993e-01,  1.06476568e-01,
          -5.74487329e-01, -1.53076962e-01, -3.92661422e-01, -4.24465209e-01,
          -8.27073395e-01, -3.05270135e-01, -1.29009330e+00,  6.39686435e-02,
          -3.43088984e-01, -6.55697286e-01, -2.88911104e-01, -1.77190650e+00,
          -1.06962569e-01, -3.82377625e-01, -1.49842000e+00, -4.75052536e-01,
          -1.54290706e-01, -1.58307582e-01, -4.32079047e-01, -1.17152607e+00,
           1.13443673e+00, -1.99970677e-01,  6.93227589e-01, -1.21664226e+00,
          -5.78546584e-01,  4.58452478e-02,  2.05133617e-01,  1.51133394e+00,
           1.13282895e+00, -3.06787295e-03, -5.05892575e-01, -6.37711287e-01,
          -5.83441913e-01,  8.02034497e-01, -1.45607576e-01, -3.62892687e-01,
          -1.93615937e+00,  9.80835080e-01,  6.34724379e-01,  6.17009878e-01,
           6.23174548e-01,  4.78248328e-01,  2.40294039e-01,  5.41629530e-02,
           5.97361326e-02,  1.09671342e+00,  1.07761510e-01,  8.87395322e-01,
           6.76766515e-01,  1.31186521e+00,  1.59517205e+00,  2.84630036e+00,
           1.44364750e+00,  7.26100564e-01, -7.93417454e-01,  1.11843675e-01,
           1.22626089e-02, -5.71032047e-01, -3.70693117e-01,  1.46346182e-01,
          -2.83283114e-01,  3.85053694e-01, -5.74618042e-01, -4.05004919e-01,
           7.28179216e-02, -1.07390270e-01, -1.00184727e+00,  3.48029584e-02,
          -1.39279616e+00,  9.61005986e-01, -8.75608474e-02, -3.32042873e-02,
          -7.18964487e-02, -2.03474569e+00, -1.21664330e-01,  6.80283189e-01,
           7.39914119e-01,  2.73086965e-01,  1.89378309e+00,  1.13731337e+00,
           1.67041495e-01,  1.26266348e+00,  1.14390516e+00,  4.73208129e-01,
          -3.45213562e-02, -4.40594405e-01,  1.37479341e+00,  8.66607308e-01,
           5.93415737e-01, -1.42509568e+00, -1.18203223e+00, -5.08478999e-01,
          -1.23781347e+00, -1.28730226e+00, -9.33325768e-01, -1.27887174e-01,
          -1.18159258e+00, -1.37301183e+00, -2.53728718e-01,  7.10400641e-01,
           1.80397880e+00,  4.89641964e-01, -4.77625221e-01, -3.40505868e-01,
          -1.54311311e+00,  4.84579295e-01, -4.21661258e-01, -1.85573781e+00,
          -1.13444269e+00, -1.09617865e+00, -1.19961298e+00, -1.72732115e+00,
          -1.17300701e+00, -1.73527813e+00, -1.71981668e+00, -4.58980232e-01,
          -2.81256485e+00, -1.66866887e+00, -2.05500627e+00, -1.37039125e+00,
          -9.52543676e-01, -1.35680556e+00, -1.59142792e+00, -1.82402587e+00,
          -2.01588124e-01, -2.11429875e-02,  9.24705528e-03, -3.14258635e-01,
          -3.11206520e-01,  4.03389841e-01,  6.79115206e-02, -1.24642682e+00,
          -1.31182015e+00, -1.61324292e-01, -3.11534703e-01, -3.12847495e-01,
           6.74035251e-02, -7.34204292e-01, -3.32972497e-01, -1.18270969e+00,
          -7.15359151e-01, -1.84545115e-01, -1.26148283e-01, -1.05454671e+00,
           1.22981984e-02,  1.02166303e-01,  1.12474188e-01, -7.76628792e-01,
           5.67122757e-01, -4.07591343e-01, -1.45829201e-01, -6.01120293e-01,
          -1.07944801e-01, -1.14185429e+00, -1.59350669e+00, -6.40814662e-01,
          -1.51393318e+00, -2.17070013e-01, -1.33546758e+00, -4.80079621e-01,
          -1.27077147e-01, -1.47249722e+00, -1.35594022e+00, -7.75634870e-03,
          -1.14460874e+00, -1.20629585e+00, -2.29460970e-01,  9.43440735e-01,
          -3.93846601e-01,  2.54395921e-02,  7.03297496e-01, -1.24769711e+00,
          -3.92086029e-01,  5.11759043e-01, -4.17242229e-01,  1.93991870e-01,
          -1.77522171e+00,  3.01548195e+00, -1.34310412e+00,  9.91159260e-01,
           2.77156442e-01,  6.06956601e-01,  4.06165987e-01, -1.74352121e+00,
           1.03245068e+00,  1.52596986e+00,  2.52102709e+00,  1.28406286e+00,
           3.59014899e-01,  4.39344406e-01, -4.62710232e-01, -5.07520139e-01,
          -1.23583332e-01,  2.97309458e-01,  1.31806672e+00, -7.41858840e-01,
          -2.13956177e-01, -5.37303150e-01, -1.16904557e+00, -6.01096988e-01,
           2.95194775e-01,  3.98531735e-01,  5.29588580e-01,  2.03450990e+00,
          -4.31462944e-01,  4.22143757e-01,  1.97756493e+00,  3.24225903e-01,
           3.25680584e-01,  1.64177573e+00,  3.08518350e-01,  1.01982903e+00,
          -1.02822590e+00, -4.63063121e-01,  2.78619409e+00, -4.94187593e-01,
          -7.82562435e-01,  4.77782898e-02, -1.33504164e+00,  2.76550680e-01,
          -5.04105926e-01,  5.22578120e-01, -1.33424675e+00, -1.52741730e-01,
          -3.11364401e-02,  1.07414651e+00, -9.45934653e-01,  6.24404550e-01,
          -1.27739418e+00, -9.68670547e-02,  1.84785640e+00,  5.87423891e-03,
           3.94756421e-02,  7.05177367e-01, -7.75554061e-01, -2.36746764e+00,
           5.09488702e-01,  2.91784286e-01,  2.32870817e+00, -9.22149658e-01,
          -5.74518561e-01,  1.96686797e-02, -1.38696074e+00,  9.64901328e-01,
          -3.85362118e-01, -1.06457210e+00, -2.28314131e-01, -7.65949845e-01,
           2.71597123e+00,  6.88109815e-01,  2.59326100e-01, -1.05502792e-01,
          -1.00817442e+00,  9.29428756e-01,  1.09005225e+00,  2.43216753e+00,
          -2.49628782e-01,  3.05490762e-01,  1.33027181e-01, -6.67947888e-01,
          -3.62716734e-01,  1.10501647e+00,  9.31124687e-01,  8.70795131e-01,
           1.05085284e-01,  1.09374714e+00,  5.40881872e-01,  1.58645141e+00,
          -1.96583664e+00,  5.63138068e-01, -8.89574409e-01,  9.28729713e-01,
           6.61399364e-01,  2.56032050e-01, -1.40275955e+00,  1.45721912e+00,
           1.38560891e+00, -2.25633502e+00, -4.04451340e-01, -6.25171840e-01,
           2.88101345e-01,  1.14363343e-01, -8.08840096e-01, -9.45581555e-01,
          -1.25932717e+00,  8.52619767e-01, -1.94197223e-01, -8.37411642e-01,
          -2.59443790e-01,  3.42352957e-01, -1.15703475e+00, -4.16241497e-01,
          -6.99177861e-01, -1.40547991e+00,  6.94386363e-01,  1.92632687e+00,
          -2.46490225e-01, -8.06180894e-01,  2.86066318e+00,  1.33342052e+00,
           4.25164402e-01, -3.37798625e-01,  2.46248627e+00, -1.82263350e+00,
          -1.09451437e+00, -9.18084562e-01,  6.14735633e-02,  1.59570980e+00,
           5.93189895e-01, -1.45961416e+00,  1.49323559e+00, -4.20313239e-01,
          -8.19800556e-01,  4.51147020e-01,  4.67179805e-01, -2.04067016e+00,
           1.18364847e+00,  2.40542722e+00, -7.22865701e-01, -2.40933016e-01,
           2.02481937e+00,  1.41000080e+00,  1.08114675e-01,  1.28945578e-02,
           4.24608469e+00,  1.56296170e+00,  7.46572912e-01,  3.04691821e-01,
          -9.82822478e-01, -4.62211937e-01,  2.88239837e+00,  8.73162806e-01,
          -3.56446207e-01,  8.35585475e-01, -3.27102840e-01,  2.76822776e-01,
           3.02028418e-01, -1.63606083e+00,  3.66767615e-01, -7.63463318e-01,
           1.04984748e+00, -1.33069932e+00, -2.09923953e-01, -1.02274358e+00,
          -1.42955494e+00,  6.12622559e-01,  7.47715354e-01,  9.94221449e-01,
           7.71476448e-01, -4.86658216e-01, -2.26105547e+00, -3.09784442e-01,
           8.92835021e-01,  1.63362610e+00, -1.08735538e+00,  8.44062924e-01,
           6.20518863e-01,  5.49084246e-01,  1.42407405e+00,  3.84356046e+00,
           1.79770291e-02,  5.97518325e-01,  3.70322943e-01, -1.07657421e+00,
           8.97790074e-01, -7.78607488e-01,  1.84730935e+00,  1.68698967e+00,
           1.26431847e+00,  3.57060909e-01,  9.54144716e-01, -2.32528996e+00,
           1.65285611e+00,  2.18573165e+00,  7.46338904e-01,  9.89290357e-01,
           5.12586594e-01, -8.41228902e-01,  6.79232359e-01,  9.84051347e-01,
          -9.58803058e-01, -4.90589999e-02,  4.58689421e-01, -7.82031342e-02,
           8.25682700e-01,  1.54832080e-01,  8.88664842e-01,  2.87447357e+00,
           2.49296689e+00, -4.75601166e-01,  9.26392019e-01,  1.26959801e+00,
          -8.88663352e-01, -9.13212836e-01,  2.09746146e+00,  2.16701493e-01,
          -1.31846809e+00,  2.11473560e+00, -8.40221405e-01,  8.68699312e-01,
           2.97840238e+00,  4.16898638e-01, -2.42882872e+00,  5.58419108e-01,
           1.11649740e+00,  1.29940026e-02, -1.02870472e-01, -1.17802992e-01,
          -1.68940604e+00,  7.50158429e-01, -7.24155247e-01,  8.64927024e-02,
           2.42202425e+00, -1.80527520e+00,  5.31406045e-01,  1.02106786e+00,
           1.86723828e+00, -1.68198550e+00,  2.17024255e+00,  3.23921609e+00,
          -1.23887122e+00, -2.52738148e-01, -8.91130209e-01,  8.83095980e-01,
          -2.79893160e-01,  1.66824591e+00, -4.98177648e-01,  2.84502387e-01,
           3.72826830e-02, -2.32438183e+00,  1.01728415e+00, -1.02672648e+00,
           3.63964939e+00, -2.16935664e-01, -5.89779139e-01, -6.04727328e-01,
          -2.82475621e-01,  1.99946010e+00, -1.82881489e-01, -6.40481293e-01,
          -4.95630279e-02,  1.55298185e+00, -4.41664189e-01, -5.97264230e-01,
          -9.68870342e-01,  9.66372252e-01,  1.53088510e-01, -5.30657470e-01,
           1.26650083e+00,  2.20358372e+00,  1.38573259e-01,  9.76701260e-01,
          -2.71441415e-03,  8.83558154e-01, -5.72601140e-01, -9.80708003e-01,
           3.22560358e+00,  2.54601389e-01, -3.20845246e+00,  2.40508378e-01,
           1.36109376e+00,  1.37796432e-01, -4.91067261e-01,  9.46022570e-01,
           1.42973840e+00,  1.05474971e-01, -2.81450659e-01,  6.99006319e-01,
           1.21564293e+00,  7.93532908e-01, -1.06354579e-01, -8.35623145e-01,
           1.43790579e+00, -1.35115123e+00, -8.94399583e-01,  1.03246689e+00,
          -3.71194392e-01,  1.27059877e+00,  1.44891515e-01,  1.86748183e+00,
           1.21094859e+00,  8.98814201e-01,  8.31924379e-01, -1.10771573e+00,
           4.78459537e-01, -1.37465310e+00,  2.68080115e-01, -5.86507097e-03,
           6.93548560e-01,  5.33782303e-01,  1.63330758e+00,  5.20331383e-01,
          -1.43968511e+00,  1.17939508e+00, -1.49574351e+00,  2.77541429e-01,
           7.48302460e-01, -4.66251850e-01, -1.97379732e+00,  1.78727746e+00,
          -3.25438045e-02,  1.36319113e+00, -1.19638419e+00,  1.45869523e-01,
           7.79000819e-01,  6.23963475e-01,  7.03534409e-02, -2.27230549e+00,
          -5.03203928e-01,  2.06127572e+00, -3.77781928e-01, -2.64629722e-01,
           1.70340312e+00,  1.78190637e+00, -3.92538682e-03,  5.86437821e-01,
           4.99599904e-01,  1.17098260e+00,  5.66435218e-01, -1.03412271e+00,
           4.53999192e-01,  2.21050310e+00,  7.35427976e-01, -1.12818670e+00,
          -1.62880078e-01, -8.56420159e-01, -5.61027527e-01,  8.03451598e-01,
           2.17962718e+00,  2.10837483e+00, -7.13332951e-01,  6.01267636e-01,
           8.55626822e-01, -1.63264468e-01,  1.01390910e+00,  1.13783288e+00,
          -1.88969851e+00,  1.70684683e+00, -1.12628305e+00,  1.89477897e+00,
           1.71936941e+00,  7.57178307e-01, -1.15294766e+00,  6.67786598e-01,
           1.03746784e+00,  2.52766609e-01, -6.58725649e-02, -4.29283798e-01,
          -7.25317717e-01,  3.32850248e-01,  3.61344171e+00,  1.16112113e+00,
           2.03289247e+00, -5.30884862e-01, -4.50168967e-01,  2.06757054e-01,
          -1.51818144e+00,  3.17040992e+00, -6.26706541e-01,  4.62299436e-01,
           5.36281407e-01,  7.21535444e-01,  4.65805721e+00,  2.70928741e-01,
           1.35801420e-01,  3.54974568e-01,  7.43757784e-01,  2.82355404e+00,
           1.66648924e-01, -6.11296594e-01,  1.29899725e-01,  3.73737782e-01,
           7.74716854e-01, -5.91646552e-01, -5.40621877e-01,  1.50065243e-01,
          -2.14943266e+00,  5.42882144e-01,  9.31132734e-01,  1.63697493e+00,
           1.37502754e+00,  9.07813728e-01, -1.73487574e-01,  2.04146099e+00,
          -6.54007345e-02, -4.50620979e-01,  2.67571187e+00,  2.04173303e+00,
          -1.41313159e+00, -6.46156490e-01, -2.11203203e-01, -7.58997649e-02,
           6.87993824e-01, -1.46066606e+00,  1.15390575e+00,  1.79187477e+00,
           1.32250130e+00, -1.02490759e+00, -9.41382289e-01,  1.23913407e+00,
          -1.48272550e+00, -1.05360937e+00,  8.41920435e-01, -1.75270760e+00,
           2.92679876e-01,  4.37730730e-01,  2.90230155e-01,  1.26797274e-01,
           1.29615092e+00, -8.45457613e-01, -5.37413396e-02,  6.16150945e-02,
           2.77901196e+00,  2.31999922e+00,  1.70410419e+00, -1.21337962e+00,
           5.89874685e-01, -2.04873905e-01, -3.34337763e-02,  3.94519401e+00,
           1.36405671e+00, -2.10488558e+00,  2.78005958e+00,  7.81480134e-01,
          -2.72376728e+00, -2.98519075e-01, -4.63341296e-01,  5.18199801e-01,
          -7.89762199e-01,  1.56634665e+00,  9.51066911e-01, -1.48117137e+00,
          -1.13712335e+00, -1.59893072e+00, -1.34847820e+00,  1.48156974e-02,
           1.68260574e+00, -1.54442176e-01, -6.91860914e-01, -1.78044915e-01,
           1.25162673e+00, -2.59911925e-01, -2.12443972e+00,  4.21327919e-01,
           1.84314120e+00,  9.00078833e-01, -7.03459978e-01,  1.38695121e+00,
           2.04542205e-01,  2.64319986e-01,  7.72052288e-01,  1.37635338e+00,
          -7.19955713e-02,  2.83352470e+00,  8.66519392e-01,  2.03227773e-01,
          -6.16287589e-01,  1.16450393e+00, -1.52069354e+00, -8.01666021e-01,
           4.33850479e+00,  1.82707787e-01,  2.67226458e+00, -7.04844594e-01,
           1.36482763e+00,  1.70548058e+00,  1.36425638e+00,  8.71579945e-01,
           7.83436149e-02, -3.92728508e-01,  1.23426533e+00,  1.31875527e+00,
           5.92928743e+00,  4.68218803e+00,  1.53211939e+00,  3.48579973e-01,
           9.14950013e-01,  2.52639979e-01, -1.17796525e-01,  1.53206301e+00,
          -1.59677672e+00, -1.06151247e+00, -4.80198890e-01, -1.65693891e+00,
           2.07952285e+00, -3.82207483e-02,  4.01939750e-01,  3.36127132e-01,
           1.79479706e+00,  2.28700566e+00,  1.09622073e+00, -4.45961684e-01,
          -2.21685171e+00,  1.76249933e+00, -3.72798026e-01, -1.15877545e+00,
          -1.38088202e+00,  7.18121171e-01, -1.20016432e+00, -1.41801178e+00,
          -1.41707635e+00, -2.08963013e+00, -1.40118492e+00, -7.29777455e-01,
          -9.56366599e-01, -7.55456626e-01, -7.31362581e-01, -6.97841704e-01,
          -7.50991344e-01, -8.02892387e-01,  1.22932181e-01, -4.06185150e-01,
          -2.66333127e+00,  3.49107951e-01, -5.39146185e-01, -7.89134562e-01,
           1.21629035e+00,  1.54414344e+00,  1.21501684e+00,  3.09810996e-01,
          -5.51940382e-01, -7.57655948e-02,  4.82221842e-02, -1.46625745e+00,
          -1.47694468e+00, -3.26718986e-02, -6.89928532e-01, -1.47623563e+00,
          -1.23644292e+00, -1.31604135e+00, -8.66263747e-01, -1.24142277e+00,
          -1.29700589e+00, -1.76901340e+00,  2.03531837e+00, -5.84602714e-01,
           1.18094385e+00,  2.98902214e-01, -8.71517479e-01,  2.58640623e+00,
          -7.49174416e-01, -5.67933619e-01,  2.18121004e+00,  1.05524302e+00,
          -9.90093350e-01, -2.83630937e-01,  3.50149512e-01, -1.03142655e+00,
           2.32882571e+00, -5.90726018e-01,  6.47709310e-01,  2.39602610e-01,
           3.83581668e-02,  1.07734668e+00, -7.87225187e-01, -5.76579198e-03,
          -9.57156837e-01,  8.63525093e-01, -9.30639684e-01, -1.03499496e+00,
          -8.73932600e-01, -2.29844451e+00, -2.09650922e+00, -1.30222368e+00,
          -1.43682456e+00, -2.81671166e+00, -4.06279415e-03,  7.38555670e-01]]],
       device='cuda:0')
PGD attack margin (first 2 examples and 10 specs):
 tensor([[[0.90278208]]], device='cuda:0')
number of violation:  0
Attack finished in 8.5439 seconds.
PGD attack failed
verified_status unknown
verified_success False
Total VNNLIB file length: 1, max property batch size: 1, total number of batches: 1

Properties batch 0, size 1
Remaining timeout: 1151.3293704986572
Verifying property 0 with 1 instances.
torch allclose failed: norm 8.889588571037166e-06
Model: BoundedModule(
  (/input-1): BoundInput(name=/input-1, inputs=[], perturbed=True)
  (/33): BoundParams(name=/33, inputs=[], perturbed=False)
  (/34): BoundParams(name=/34, inputs=[], perturbed=False)
  (/35): BoundParams(name=/35, inputs=[], perturbed=False)
  (/36): BoundParams(name=/36, inputs=[], perturbed=False)
  (/37): BoundParams(name=/37, inputs=[], perturbed=False)
  (/38): BoundParams(name=/38, inputs=[], perturbed=False)
  (/39): BoundParams(name=/39, inputs=[], perturbed=False)
  (/40): BoundParams(name=/40, inputs=[], perturbed=False)
  (/41): BoundParams(name=/41, inputs=[], perturbed=False)
  (/42): BoundParams(name=/42, inputs=[], perturbed=False)
  (/43): BoundParams(name=/43, inputs=[], perturbed=False)
  (/44): BoundParams(name=/44, inputs=[], perturbed=False)
  (/45): BoundParams(name=/45, inputs=[], perturbed=False)
  (/46): BoundParams(name=/46, inputs=[], perturbed=False)
  (/47): BoundParams(name=/47, inputs=[], perturbed=False)
  (/48): BoundParams(name=/48, inputs=[], perturbed=False)
  (/49): BoundParams(name=/49, inputs=[], perturbed=False)
  (/50): BoundParams(name=/50, inputs=[], perturbed=False)
  (/51): BoundParams(name=/51, inputs=[], perturbed=False)
  (/52): BoundParams(name=/52, inputs=[], perturbed=False)
  (/53): BoundParams(name=/53, inputs=[], perturbed=False)
  (/54): BoundParams(name=/54, inputs=[], perturbed=False)
  (/55): BoundParams(name=/55, inputs=[], perturbed=False)
  (/56): BoundParams(name=/56, inputs=[], perturbed=False)
  (/57): BoundParams(name=/57, inputs=[], perturbed=False)
  (/58): BoundParams(name=/58, inputs=[], perturbed=False)
  (/59): BoundParams(name=/59, inputs=[], perturbed=False)
  (/60): BoundParams(name=/60, inputs=[], perturbed=False)
  (/61): BoundParams(name=/61, inputs=[], perturbed=False)
  (/62): BoundParams(name=/62, inputs=[], perturbed=False)
  (/63): BoundParams(name=/63, inputs=[], perturbed=False)
  (/64): BoundParams(name=/64, inputs=[], perturbed=False)
  (/input): BoundConv(name=/input, inputs=[/input-1, /33, /34], perturbed=True)
  (/66): BoundRelu(name=/66, inputs=[/input], perturbed=True)
  (/input-4): BoundConv(name=/input-4, inputs=[/66, /35, /36], perturbed=True)
  (/68): BoundRelu(name=/68, inputs=[/input-4], perturbed=True)
  (/input-12): BoundConv(name=/input-12, inputs=[/input-8/add_3_4, /37, /38], perturbed=True)
  (/71): BoundRelu(name=/71, inputs=[/input-12], perturbed=True)
  (/input-16): BoundConv(name=/input-16, inputs=[/71, /39, /40], perturbed=True)
  (/73): BoundRelu(name=/73, inputs=[/input-16], perturbed=True)
  (/input-24): BoundConv(name=/input-24, inputs=[/input-20/add_3_4, /41, /42], perturbed=True)
  (/76): BoundRelu(name=/76, inputs=[/input-24], perturbed=True)
  (/input-28): BoundConv(name=/input-28, inputs=[/76, /43, /44], perturbed=True)
  (/78): BoundRelu(name=/78, inputs=[/input-28], perturbed=True)
  (/input-32): BoundConv(name=/input-32, inputs=[/78, /45, /46], perturbed=True)
  (/80): BoundRelu(name=/80, inputs=[/input-32], perturbed=True)
  (/input-40): BoundConv(name=/input-40, inputs=[/input-36/add_3_4, /47, /48], perturbed=True)
  (/83): BoundRelu(name=/83, inputs=[/input-40], perturbed=True)
  (/input-44): BoundConv(name=/input-44, inputs=[/83, /49, /50], perturbed=True)
  (/85): BoundRelu(name=/85, inputs=[/input-44], perturbed=True)
  (/input-48): BoundConv(name=/input-48, inputs=[/85, /51, /52], perturbed=True)
  (/87): BoundRelu(name=/87, inputs=[/input-48], perturbed=True)
  (/input-56): BoundConv(name=/input-56, inputs=[/input-52/add_3_4, /53, /54], perturbed=True)
  (/90): BoundRelu(name=/90, inputs=[/input-56], perturbed=True)
  (/input-60): BoundConv(name=/input-60, inputs=[/90, /55, /56], perturbed=True)
  (/92): BoundRelu(name=/92, inputs=[/input-60], perturbed=True)
  (/input-64): BoundConv(name=/input-64, inputs=[/92, /57, /58], perturbed=True)
  (/94): BoundRelu(name=/94, inputs=[/input-64], perturbed=True)
  (/96): BoundFlatten(name=/96, inputs=[/95/add_3_4], perturbed=True)
  (/input-68): BoundLinear(name=/input-68, inputs=[/96, /59, /60], perturbed=True)
  (/98): BoundRelu(name=/98, inputs=[/input-68], perturbed=True)
  (/99): BoundFlatten(name=/99, inputs=[/98], perturbed=True)
  (/input-72): BoundLinear(name=/input-72, inputs=[/99, /61, /62], perturbed=True)
  (/101): BoundRelu(name=/101, inputs=[/input-72], perturbed=True)
  (/102): BoundFlatten(name=/102, inputs=[/101], perturbed=True)
  (/103): BoundLinear(name=/103, inputs=[/102, /63, /64], perturbed=True)
  (/input-8/conv_1): BoundConv(name=/input-8/conv_1, inputs=[/68, /input-8/conv_1_w], perturbed=True)
  (/input-8/conv_1_relu): BoundRelu(name=/input-8/conv_1_relu, inputs=[/input-8/conv_1], perturbed=True)
  (/input-8/conv_1_w): BoundParams(name=/input-8/conv_1_w, inputs=[], perturbed=False)
  (/input-8/conv_2): BoundConv(name=/input-8/conv_2, inputs=[/68, /input-8/conv_2_w], perturbed=True)
  (/input-8/conv_2_w): BoundParams(name=/input-8/conv_2_w, inputs=[], perturbed=False)
  (/input-8/conv_3): BoundConv(name=/input-8/conv_3, inputs=[/input-8/add_1_2, /input-8/conv_3_w], perturbed=True)
  (/input-8/conv_3_relu): BoundRelu(name=/input-8/conv_3_relu, inputs=[/input-8/conv_3], perturbed=True)
  (/input-8/conv_3_w): BoundParams(name=/input-8/conv_3_w, inputs=[], perturbed=False)
  (/input-8/conv_4): BoundConv(name=/input-8/conv_4, inputs=[/input-8/add_1_2, /input-8/conv_4_w], perturbed=True)
  (/input-8/conv_4_w): BoundParams(name=/input-8/conv_4_w, inputs=[], perturbed=False)
  (/input-8/add_1_2): BoundAdd(name=/input-8/add_1_2, inputs=[/input-8/conv_1_relu, /input-8/conv_2], perturbed=True)
  (/input-8/add_3_4): BoundAdd(name=/input-8/add_3_4, inputs=[/input-8/conv_3_relu, /input-8/conv_4], perturbed=True)
  (/input-20/conv_1): BoundConv(name=/input-20/conv_1, inputs=[/73, /input-20/conv_1_w], perturbed=True)
  (/input-20/conv_1_relu): BoundRelu(name=/input-20/conv_1_relu, inputs=[/input-20/conv_1], perturbed=True)
  (/input-20/conv_1_w): BoundParams(name=/input-20/conv_1_w, inputs=[], perturbed=False)
  (/input-20/conv_2): BoundConv(name=/input-20/conv_2, inputs=[/73, /input-20/conv_2_w], perturbed=True)
  (/input-20/conv_2_w): BoundParams(name=/input-20/conv_2_w, inputs=[], perturbed=False)
  (/input-20/conv_3): BoundConv(name=/input-20/conv_3, inputs=[/input-20/add_1_2, /input-20/conv_3_w], perturbed=True)
  (/input-20/conv_3_relu): BoundRelu(name=/input-20/conv_3_relu, inputs=[/input-20/conv_3], perturbed=True)
  (/input-20/conv_3_w): BoundParams(name=/input-20/conv_3_w, inputs=[], perturbed=False)
  (/input-20/conv_4): BoundConv(name=/input-20/conv_4, inputs=[/input-20/add_1_2, /input-20/conv_4_w], perturbed=True)
  (/input-20/conv_4_w): BoundParams(name=/input-20/conv_4_w, inputs=[], perturbed=False)
  (/input-20/add_1_2): BoundAdd(name=/input-20/add_1_2, inputs=[/input-20/conv_1_relu, /input-20/conv_2], perturbed=True)
  (/input-20/add_3_4): BoundAdd(name=/input-20/add_3_4, inputs=[/input-20/conv_3_relu, /input-20/conv_4], perturbed=True)
  (/input-36/conv_1): BoundConv(name=/input-36/conv_1, inputs=[/80, /input-36/conv_1_w], perturbed=True)
  (/input-36/conv_1_relu): BoundRelu(name=/input-36/conv_1_relu, inputs=[/input-36/conv_1], perturbed=True)
  (/input-36/conv_1_w): BoundParams(name=/input-36/conv_1_w, inputs=[], perturbed=False)
  (/input-36/conv_2): BoundConv(name=/input-36/conv_2, inputs=[/80, /input-36/conv_2_w], perturbed=True)
  (/input-36/conv_2_w): BoundParams(name=/input-36/conv_2_w, inputs=[], perturbed=False)
  (/input-36/conv_3): BoundConv(name=/input-36/conv_3, inputs=[/input-36/add_1_2, /input-36/conv_3_w], perturbed=True)
  (/input-36/conv_3_relu): BoundRelu(name=/input-36/conv_3_relu, inputs=[/input-36/conv_3], perturbed=True)
  (/input-36/conv_3_w): BoundParams(name=/input-36/conv_3_w, inputs=[], perturbed=False)
  (/input-36/conv_4): BoundConv(name=/input-36/conv_4, inputs=[/input-36/add_1_2, /input-36/conv_4_w], perturbed=True)
  (/input-36/conv_4_w): BoundParams(name=/input-36/conv_4_w, inputs=[], perturbed=False)
  (/input-36/add_1_2): BoundAdd(name=/input-36/add_1_2, inputs=[/input-36/conv_1_relu, /input-36/conv_2], perturbed=True)
  (/input-36/add_3_4): BoundAdd(name=/input-36/add_3_4, inputs=[/input-36/conv_3_relu, /input-36/conv_4], perturbed=True)
  (/input-52/conv_1): BoundConv(name=/input-52/conv_1, inputs=[/87, /input-52/conv_1_w], perturbed=True)
  (/input-52/conv_1_relu): BoundRelu(name=/input-52/conv_1_relu, inputs=[/input-52/conv_1], perturbed=True)
  (/input-52/conv_1_w): BoundParams(name=/input-52/conv_1_w, inputs=[], perturbed=False)
  (/input-52/conv_2): BoundConv(name=/input-52/conv_2, inputs=[/87, /input-52/conv_2_w], perturbed=True)
  (/input-52/conv_2_w): BoundParams(name=/input-52/conv_2_w, inputs=[], perturbed=False)
  (/input-52/conv_3): BoundConv(name=/input-52/conv_3, inputs=[/input-52/add_1_2, /input-52/conv_3_w], perturbed=True)
  (/input-52/conv_3_relu): BoundRelu(name=/input-52/conv_3_relu, inputs=[/input-52/conv_3], perturbed=True)
  (/input-52/conv_3_w): BoundParams(name=/input-52/conv_3_w, inputs=[], perturbed=False)
  (/input-52/conv_4): BoundConv(name=/input-52/conv_4, inputs=[/input-52/add_1_2, /input-52/conv_4_w], perturbed=True)
  (/input-52/conv_4_w): BoundParams(name=/input-52/conv_4_w, inputs=[], perturbed=False)
  (/input-52/add_1_2): BoundAdd(name=/input-52/add_1_2, inputs=[/input-52/conv_1_relu, /input-52/conv_2], perturbed=True)
  (/input-52/add_3_4): BoundAdd(name=/input-52/add_3_4, inputs=[/input-52/conv_3_relu, /input-52/conv_4], perturbed=True)
  (/95/conv_1): BoundConv(name=/95/conv_1, inputs=[/94, /95/conv_1_w], perturbed=True)
  (/95/conv_1_relu): BoundRelu(name=/95/conv_1_relu, inputs=[/95/conv_1], perturbed=True)
  (/95/conv_1_w): BoundParams(name=/95/conv_1_w, inputs=[], perturbed=False)
  (/95/conv_2): BoundConv(name=/95/conv_2, inputs=[/94, /95/conv_2_w], perturbed=True)
  (/95/conv_2_w): BoundParams(name=/95/conv_2_w, inputs=[], perturbed=False)
  (/95/conv_3): BoundConv(name=/95/conv_3, inputs=[/95/add_1_2, /95/conv_3_w], perturbed=True)
  (/95/conv_3_relu): BoundRelu(name=/95/conv_3_relu, inputs=[/95/conv_3], perturbed=True)
  (/95/conv_3_w): BoundParams(name=/95/conv_3_w, inputs=[], perturbed=False)
  (/95/conv_4): BoundConv(name=/95/conv_4, inputs=[/95/add_1_2, /95/conv_4_w], perturbed=True)
  (/95/conv_4_w): BoundParams(name=/95/conv_4_w, inputs=[], perturbed=False)
  (/95/add_1_2): BoundAdd(name=/95/add_1_2, inputs=[/95/conv_1_relu, /95/conv_2], perturbed=True)
  (/95/add_3_4): BoundAdd(name=/95/add_3_4, inputs=[/95/conv_3_relu, /95/conv_4], perturbed=True)
)
Model prediction is: tensor([-8.05922210e-01,  2.71221423e+00, -7.51435041e-01, -1.10288870e+00,
        -8.53331864e-01,  1.68618158e-01, -2.91781008e-01, -1.22320008e+00,
        -1.31224418e+00, -9.51262414e-01, -4.61472303e-01,  1.04179576e-01,
         1.24486506e-01, -5.70926547e-01,  4.68060166e-01,  8.10491502e-01,
        -3.58740032e-01, -1.15562510e+00, -3.39845717e-01, -8.14034224e-01,
        -7.10520983e-01, -4.75508869e-02,  5.12174033e-02, -8.54553640e-01,
         6.81107938e-02, -8.25708210e-01,  6.89275205e-01, -1.38002962e-01,
        -8.78008425e-01,  5.73916018e-01, -1.08427727e+00,  8.71722221e-01,
        -5.40626645e-01, -1.07439053e+00, -8.79839242e-01, -7.71236956e-01,
         8.77530694e-01, -1.57952547e+00, -2.68092435e-02, -9.47219253e-01,
         7.46243298e-01, -1.24091935e+00, -9.01563287e-01, -4.69005376e-01,
        -5.16632259e-01, -4.00739938e-01,  8.24469388e-01, -7.72691965e-01,
        -1.67377448e+00,  3.64362039e-02,  6.30518079e-01, -2.15599346e+00,
        -2.59147972e-01,  5.90037033e-02, -8.30194414e-01, -5.01630962e-01,
        -3.91853809e-01, -1.54048991e+00,  3.09330523e-02,  5.94557345e-01,
        -2.03636736e-02, -1.10801005e+00, -1.12071395e+00,  2.13227093e-01,
         4.66046855e-02, -7.70722210e-01, -9.14649904e-01, -8.42926979e-01,
        -1.42442775e+00, -1.67484033e+00,  6.92034662e-01,  7.03896701e-01,
         7.08395243e-01,  1.81501079e+00,  1.39387560e+00,  1.78715730e+00,
         7.68202007e-01,  2.16853499e+00,  1.37805092e+00,  1.42454469e+00,
         8.41097176e-01, -1.91462636e+00, -4.18515265e-01, -1.00612140e+00,
        -7.46491730e-01, -6.86657786e-01, -1.06549346e+00, -4.15997446e-01,
         5.98135352e-01, -1.47471619e+00,  2.66962498e-01, -6.70603514e-01,
         6.24232888e-01,  2.12430254e-01,  8.58856559e-01, -8.07236314e-01,
         8.30120087e-01, -1.13873184e+00, -1.04253136e-01, -8.41258585e-01,
         6.27806127e-01, -1.54692018e+00, -2.09064341e+00,  4.22123730e-01,
        -9.68387783e-01, -1.78042185e+00, -1.19904530e+00, -1.21786729e-01,
        -1.17742337e-01, -1.12139440e+00, -1.54417515e-01,  2.67858171e+00,
        -1.50441855e-01,  6.93517804e-01,  2.92671025e-01, -8.44133198e-01,
        -1.05600226e+00,  2.63280384e-02, -1.02641726e+00, -1.41994393e+00,
        -1.40055954e+00, -1.26042712e+00, -1.23193228e+00, -2.33410597e+00,
        -1.35241878e+00, -1.35071325e+00,  7.13100076e-01, -1.92161798e-01,
         8.55755091e-01,  3.09703827e-01,  3.75204623e-01, -6.76470637e-01,
         4.23345119e-01, -2.48136118e-01, -3.11713487e-01,  1.01093933e-01,
        -5.79803586e-01, -4.14295234e-02, -7.84744501e-01, -1.60559845e+00,
        -2.25384116e+00,  2.32541114e-02, -6.98351264e-01, -8.29707503e-01,
        -8.92663121e-01, -8.04711878e-01, -1.85070491e+00,  6.31295979e-01,
        -3.77635241e-01, -4.04347658e-01, -1.10239661e+00,  4.36431617e-01,
        -1.04100592e-01,  4.80475456e-01,  5.49380422e-01, -1.27209917e-01,
        -6.39602005e-01,  3.35609913e-01, -9.23233807e-01, -1.10245144e+00,
        -6.77909017e-01, -4.03488278e-01, -2.37503499e-02, -6.44123316e-01,
        -8.30109537e-01, -5.65096438e-01, -1.00813270e+00, -1.13197112e+00,
        -2.70837665e-01, -6.97008491e-01, -8.05343270e-01, -8.56612384e-01,
        -1.59625280e+00, -6.97054148e-01, -9.31705177e-01, -6.61084473e-01,
        -1.80782819e+00, -4.76600111e-01, -4.59861547e-01, -1.70037055e+00,
        -1.93689537e+00, -7.00144589e-01, -6.30028546e-04, -1.15311518e-01,
         1.24587439e-01, -4.27553654e-02,  1.52009979e-01,  1.09147882e+00,
        -5.41910589e-01, -3.01801264e-01, -6.97094858e-01,  8.04753125e-01,
        -5.44287086e-01, -1.06339134e-01, -4.81444031e-01,  3.94381046e-01,
        -4.12397623e-01, -9.62637126e-01, -1.32182920e+00,  4.99881476e-01,
         3.25153083e-01, -5.27780652e-01, -5.59888601e-01,  8.67975950e-01,
         3.94855201e-01, -8.62032950e-01, -9.05479729e-01, -4.73312408e-01,
        -8.89496446e-01, -1.02307320e+00, -2.07900953e+00, -4.79674429e-01,
        -4.60821807e-01, -4.85758096e-01, -3.40718031e-01, -7.55617857e-01,
        -7.59424984e-01, -5.70532680e-01, -1.11058116e+00, -4.69857752e-01,
        -4.06293809e-01,  9.17256624e-02, -6.17115617e-01,  3.19715798e-01,
         7.06462741e-01, -1.41084445e+00, -7.35144079e-01, -1.35267055e+00,
        -8.37337673e-01,  2.91007638e-01, -3.67807388e-01,  8.05666372e-02,
        -5.90897560e-01, -1.77773580e-01, -3.97777408e-01, -4.43623930e-01,
        -8.32983613e-01, -2.96590209e-01, -1.30211806e+00,  4.56505865e-02,
        -3.57075870e-01, -6.68081582e-01, -2.90754497e-01, -1.77709103e+00,
        -1.50106147e-01, -3.72239113e-01, -1.50746322e+00, -4.93775189e-01,
        -1.67614996e-01, -1.68247715e-01, -4.37881142e-01, -1.16800165e+00,
         1.08569217e+00, -1.97596177e-01,  6.90966606e-01, -1.23613584e+00,
        -6.07371211e-01,  3.02625075e-02,  1.97015256e-01,  1.49752891e+00,
         1.10730803e+00, -1.71945021e-02, -5.38304031e-01, -6.36126697e-01,
        -5.84350586e-01,  7.98032403e-01, -1.55641899e-01, -3.74366522e-01,
        -1.94373918e+00,  9.58747208e-01,  6.17334604e-01,  5.96911907e-01,
         6.05096042e-01,  4.58856255e-01,  2.25196302e-01,  4.12631147e-02,
         5.20654619e-02,  1.08843243e+00,  1.06797345e-01,  8.72363508e-01,
         6.63894296e-01,  1.30665255e+00,  1.58960319e+00,  2.83575296e+00,
         1.45106614e+00,  7.29730487e-01, -8.02320063e-01,  1.05244309e-01,
         1.12852082e-03, -5.83085001e-01, -3.81378025e-01,  1.24654658e-01,
        -3.00210059e-01,  3.82458925e-01, -5.97153127e-01, -4.19246316e-01,
         5.84172718e-02, -1.38173819e-01, -1.00582612e+00,  3.45465690e-02,
        -1.40476072e+00,  9.64618623e-01, -1.08422071e-01, -3.41619104e-02,
        -8.03850368e-02, -2.03185463e+00, -1.16725937e-01,  6.78765357e-01,
         7.43074596e-01,  2.73952127e-01,  1.89697146e+00,  1.14354396e+00,
         1.68398142e-01,  1.26371217e+00,  1.14311218e+00,  4.88829374e-01,
        -4.34464365e-02, -4.45265442e-01,  1.37038934e+00,  8.73032510e-01,
         6.04142368e-01, -1.43218601e+00, -1.19023180e+00, -5.09928703e-01,
        -1.23763323e+00, -1.28966522e+00, -9.32871401e-01, -1.40980601e-01,
        -1.18948734e+00, -1.40273237e+00, -2.61064768e-01,  6.96553409e-01,
         1.78555000e+00,  5.03344834e-01, -5.07160306e-01, -3.66659492e-01,
        -1.54568195e+00,  4.73493963e-01, -4.31849003e-01, -1.86189997e+00,
        -1.13761628e+00, -1.11060393e+00, -1.21554637e+00, -1.73870695e+00,
        -1.17253137e+00, -1.75320137e+00, -1.72017992e+00, -4.70669240e-01,
        -2.81019449e+00, -1.67182171e+00, -2.06324267e+00, -1.38206148e+00,
        -9.49103355e-01, -1.36761045e+00, -1.58862460e+00, -1.84105301e+00,
        -2.10684597e-01, -3.65079343e-02, -4.91491845e-03, -3.28676462e-01,
        -3.20935994e-01,  3.72368932e-01,  5.42820394e-02, -1.24685907e+00,
        -1.32567966e+00, -1.97051167e-01, -3.40037882e-01, -3.37295026e-01,
         3.93550470e-02, -7.64477968e-01, -3.55800390e-01, -1.21065927e+00,
        -7.33537614e-01, -1.98573023e-01, -1.42116144e-01, -1.07401371e+00,
        -1.61302974e-04,  8.53976235e-02,  1.10827148e-01, -7.98848808e-01,
         5.43654859e-01, -4.27292645e-01, -1.56146094e-01, -6.05418622e-01,
        -1.31888792e-01, -1.14281833e+00, -1.59890020e+00, -6.65725529e-01,
        -1.51875472e+00, -2.38222107e-01, -1.34876859e+00, -4.92245942e-01,
        -1.67123809e-01, -1.46304655e+00, -1.37453330e+00, -2.59124152e-02,
        -1.15054858e+00, -1.21402156e+00, -2.22960070e-01,  9.63506937e-01,
        -3.89261574e-01,  4.58605886e-02,  7.33038008e-01, -1.24997711e+00,
        -3.83952558e-01,  5.12427807e-01, -4.00741398e-01,  1.79692715e-01,
        -1.78779507e+00,  2.99678421e+00, -1.34108841e+00,  1.01206505e+00,
         2.87796766e-01,  6.10993385e-01,  4.15247798e-01, -1.73840761e+00,
         1.03606033e+00,  1.53437102e+00,  2.51983213e+00,  1.28682506e+00,
         3.72520834e-01,  4.67654943e-01, -4.65630919e-01, -4.83460367e-01,
        -1.16738945e-01,  3.07599247e-01,  1.30996919e+00, -7.40140080e-01,
        -2.09143996e-01, -5.35477281e-01, -1.17136514e+00, -5.67998111e-01,
         3.04949105e-01,  4.08715844e-01,  5.41989565e-01,  2.06469059e+00,
        -4.34434474e-01,  4.35876161e-01,  1.96891952e+00,  2.98588157e-01,
         3.26993525e-01,  1.63713467e+00,  3.04131597e-01,  1.03384101e+00,
        -1.02361631e+00, -4.64909852e-01,  2.79701686e+00, -4.78975981e-01,
        -7.57826388e-01,  5.40822558e-02, -1.34213197e+00,  2.77965426e-01,
        -4.85865980e-01,  5.43983996e-01, -1.32061172e+00, -1.44125417e-01,
        -3.25134397e-02,  1.09629476e+00, -9.38404560e-01,  6.38897657e-01,
        -1.26558816e+00, -9.75030959e-02,  1.85731184e+00,  2.23841816e-02,
         4.07930985e-02,  6.99450970e-01, -7.63439059e-01, -2.35741520e+00,
         5.08300126e-01,  2.72338808e-01,  2.34268951e+00, -9.06306744e-01,
        -5.70029080e-01,  3.32168229e-02, -1.37374067e+00,  9.72953796e-01,
        -3.83085728e-01, -1.07269192e+00, -2.05756485e-01, -7.65678227e-01,
         2.70803976e+00,  6.81939185e-01,  2.47337595e-01, -1.06163308e-01,
        -9.98521686e-01,  9.31000531e-01,  1.11590779e+00,  2.43109846e+00,
        -2.54864305e-01,  3.08197916e-01,  1.33327246e-01, -6.85964167e-01,
        -3.43307227e-01,  1.11082745e+00,  9.39138174e-01,  8.73346150e-01,
         9.78267789e-02,  1.10181534e+00,  5.52758336e-01,  1.59585392e+00,
        -1.95432699e+00,  5.82352638e-01, -8.91439676e-01,  9.40609813e-01,
         6.70069575e-01,  2.74169922e-01, -1.40629971e+00,  1.45497048e+00,
         1.39896405e+00, -2.24206805e+00, -4.04415846e-01, -6.24849141e-01,
         2.92694837e-01,  1.29485488e-01, -7.95920014e-01, -9.25214231e-01,
        -1.21719229e+00,  8.69456291e-01, -1.86513856e-01, -8.19180906e-01,
        -2.10588589e-01,  3.46965700e-01, -1.16247511e+00, -3.96245301e-01,
        -6.89073682e-01, -1.40207505e+00,  7.23506212e-01,  1.94977546e+00,
        -2.38033578e-01, -7.92254210e-01,  2.85393643e+00,  1.32589090e+00,
         4.53584820e-01, -3.30417871e-01,  2.47867322e+00, -1.82208061e+00,
        -1.07924736e+00, -9.35810745e-01,  7.11894035e-02,  1.58682907e+00,
         5.83834231e-01, -1.44627643e+00,  1.50521326e+00, -4.00769293e-01,
        -8.23410630e-01,  4.80389297e-01,  4.85216469e-01, -2.04691339e+00,
         1.17730212e+00,  2.42567968e+00, -7.11484909e-01, -2.39573881e-01,
         2.02207255e+00,  1.42237067e+00,  9.71762687e-02,  4.59911535e-04,
         4.24584770e+00,  1.58010387e+00,  7.56929398e-01,  3.28896165e-01,
        -9.73453760e-01, -4.52027053e-01,  2.88111544e+00,  8.79910052e-01,
        -3.20612818e-01,  8.63023937e-01, -3.19312155e-01,  2.63113171e-01,
         3.08761507e-01, -1.64364088e+00,  3.80990148e-01, -7.69456685e-01,
         1.05610394e+00, -1.33615470e+00, -2.17223883e-01, -1.01332080e+00,
        -1.42789197e+00,  6.14982545e-01,  7.70665526e-01,  1.02593303e+00,
         7.84567535e-01, -4.74926442e-01, -2.25470304e+00, -3.08787763e-01,
         8.78718138e-01,  1.62856722e+00, -1.09354854e+00,  8.56525302e-01,
         6.49578631e-01,  5.63845336e-01,  1.40262127e+00,  3.84880066e+00,
         2.09973454e-02,  6.08753979e-01,  3.91466737e-01, -1.08254611e+00,
         8.97738099e-01, -7.69625425e-01,  1.87706876e+00,  1.67826414e+00,
         1.29004705e+00,  3.69153500e-01,  9.56038117e-01, -2.32900000e+00,
         1.65419984e+00,  2.19967270e+00,  7.81692326e-01,  9.90861237e-01,
         5.22359788e-01, -8.39677274e-01,  6.77852631e-01,  9.81329799e-01,
        -9.55239773e-01, -4.13732342e-02,  4.86810237e-01, -8.83625075e-02,
         8.18920910e-01,  1.80599794e-01,  9.01055694e-01,  2.92368221e+00,
         2.52483082e+00, -4.81136560e-01,  9.43275392e-01,  1.26343048e+00,
        -8.73783231e-01, -9.18425977e-01,  2.10188985e+00,  2.13006720e-01,
        -1.31066191e+00,  2.11709285e+00, -8.35844994e-01,  8.71090114e-01,
         2.98222876e+00,  4.10531670e-01, -2.42451668e+00,  5.37626028e-01,
         1.11975098e+00,  1.87326334e-02, -9.42291021e-02, -1.05345070e-01,
        -1.69621193e+00,  7.44182408e-01, -6.88811362e-01,  9.81297940e-02,
         2.43092680e+00, -1.80717278e+00,  5.19976139e-01,  1.02572238e+00,
         1.88180971e+00, -1.67426753e+00,  2.18796277e+00,  3.22965026e+00,
        -1.21659851e+00, -2.57938176e-01, -8.99430156e-01,  8.95714521e-01,
        -2.81322777e-01,  1.66482890e+00, -5.11002243e-01,  2.97444016e-01,
         3.70318219e-02, -2.33187771e+00,  1.02490044e+00, -1.03141713e+00,
         3.65784311e+00, -2.06646353e-01, -5.88695467e-01, -5.98597765e-01,
        -2.73572147e-01,  2.02987409e+00, -1.72098726e-01, -6.41073406e-01,
        -3.21488902e-02,  1.57612348e+00, -4.35363352e-01, -6.09490037e-01,
        -9.89480674e-01,  9.72998381e-01,  1.52790427e-01, -5.21568835e-01,
         1.25962162e+00,  2.23805618e+00,  1.51561677e-01,  9.78991687e-01,
        -1.13783963e-02,  8.55325520e-01, -5.77139854e-01, -9.55314219e-01,
         3.20931888e+00,  2.64338225e-01, -3.21507764e+00,  2.32796133e-01,
         1.35417700e+00,  1.44975990e-01, -4.95931506e-01,  9.64077473e-01,
         1.44249392e+00,  1.39897436e-01, -2.88702428e-01,  7.11548269e-01,
         1.22654545e+00,  8.08167160e-01, -9.93156508e-02, -8.13506246e-01,
         1.46161878e+00, -1.35402787e+00, -8.67248714e-01,  1.03349566e+00,
        -3.62447381e-01,  1.29240954e+00,  1.50429830e-01,  1.88073111e+00,
         1.18946743e+00,  9.18960512e-01,  8.31474364e-01, -1.11869633e+00,
         4.98128384e-01, -1.37618518e+00,  2.78602421e-01,  1.39696561e-02,
         6.97569251e-01,  5.48983991e-01,  1.64134419e+00,  5.36509991e-01,
        -1.43196440e+00,  1.20113730e+00, -1.49973774e+00,  2.93019980e-01,
         7.60781407e-01, -4.54584718e-01, -1.97749412e+00,  1.79882526e+00,
        -2.63080411e-02,  1.37317252e+00, -1.20520163e+00,  1.51892304e-01,
         7.96788454e-01,  6.25492394e-01,  6.49283454e-02, -2.27296400e+00,
        -5.01776874e-01,  2.05029535e+00, -3.55828732e-01, -2.44995132e-01,
         1.69380391e+00,  1.80718756e+00, -1.93457082e-02,  5.95046759e-01,
         5.05353749e-01,  1.16682458e+00,  5.94948232e-01, -1.03388035e+00,
         4.54213679e-01,  2.24034953e+00,  7.41716266e-01, -1.12397361e+00,
        -1.56667739e-01, -8.53633285e-01, -5.52951634e-01,  8.11396003e-01,
         2.20094204e+00,  2.11022663e+00, -6.92007780e-01,  6.09611154e-01,
         8.73181343e-01, -1.32734373e-01,  1.00296617e+00,  1.15288079e+00,
        -1.89218295e+00,  1.71477687e+00, -1.11340237e+00,  1.89821339e+00,
         1.72382665e+00,  7.75551975e-01, -1.12708604e+00,  6.88880265e-01,
         1.04532802e+00,  2.60631770e-01, -6.07345551e-02, -4.32118058e-01,
        -7.12998152e-01,  3.16540718e-01,  3.61357594e+00,  1.16241920e+00,
         2.03950810e+00, -5.17127991e-01, -4.18696612e-01,  1.96819544e-01,
        -1.50809574e+00,  3.19735837e+00, -6.11614108e-01,  4.82006192e-01,
         5.44005156e-01,  7.46345401e-01,  4.70529556e+00,  2.70226955e-01,
         1.37634784e-01,  3.75281751e-01,  7.51449823e-01,  2.86040163e+00,
         1.62407920e-01, -6.14173710e-01,  1.23586588e-01,  3.48810226e-01,
         7.92368770e-01, -5.98483324e-01, -5.24608433e-01,  1.54412627e-01,
        -2.14489317e+00,  5.46179175e-01,  9.32915032e-01,  1.65161288e+00,
         1.37518227e+00,  9.19160903e-01, -1.93100050e-01,  2.04339314e+00,
        -5.61567657e-02, -4.46502209e-01,  2.70458055e+00,  2.06759739e+00,
        -1.42877591e+00, -6.46362305e-01, -2.06197545e-01, -5.50381839e-02,
         6.94565535e-01, -1.46004546e+00,  1.14298260e+00,  1.79869199e+00,
         1.32201207e+00, -1.02590883e+00, -9.22930300e-01,  1.27044296e+00,
        -1.47618020e+00, -1.06528926e+00,  8.64422202e-01, -1.75098753e+00,
         3.07817727e-01,  4.61662412e-01,  2.80090243e-01,  1.40578449e-01,
         1.31189430e+00, -8.36164296e-01, -4.06674109e-02,  7.08372444e-02,
         2.78375959e+00,  2.33385253e+00,  1.74146628e+00, -1.21400619e+00,
         5.82340002e-01, -1.81240812e-01, -2.11569332e-02,  3.95003629e+00,
         1.35066020e+00, -2.09944320e+00,  2.82422423e+00,  7.70610392e-01,
        -2.74632096e+00, -2.85997868e-01, -4.35553819e-01,  5.51504970e-01,
        -7.98895061e-01,  1.58697701e+00,  9.61669922e-01, -1.47207165e+00,
        -1.15263212e+00, -1.60317767e+00, -1.35426426e+00,  2.06037257e-02,
         1.68593156e+00, -1.26984194e-01, -6.86646819e-01, -1.76734090e-01,
         1.27630889e+00, -2.55607635e-01, -2.13715076e+00,  4.31339830e-01,
         1.86796820e+00,  9.07183707e-01, -7.00579286e-01,  1.41701448e+00,
         2.14312449e-01,  2.73828089e-01,  8.00364375e-01,  1.39230490e+00,
        -5.82729504e-02,  2.83813477e+00,  8.62435043e-01,  2.25995556e-01,
        -6.16534233e-01,  1.19103289e+00, -1.51898086e+00, -7.98996508e-01,
         4.34766150e+00,  1.81989014e-01,  2.70785475e+00, -7.09370613e-01,
         1.38694036e+00,  1.71119881e+00,  1.38040543e+00,  8.97558391e-01,
         9.77431685e-02, -4.11670536e-01,  1.23338723e+00,  1.31132424e+00,
         5.92646551e+00,  4.74345160e+00,  1.52799380e+00,  3.59640688e-01,
         9.22239184e-01,  2.53003150e-01, -1.05452433e-01,  1.52152681e+00,
        -1.59674454e+00, -1.05675447e+00, -4.88810629e-01, -1.63804209e+00,
         2.08161306e+00, -3.74834836e-02,  4.10604298e-01,  3.40665132e-01,
         1.79283190e+00,  2.28389192e+00,  1.10581160e+00, -4.44848627e-01,
        -2.22192240e+00,  1.73877525e+00, -3.89509380e-01, -1.15785158e+00,
        -1.36615968e+00,  7.33213246e-01, -1.19602776e+00, -1.41432846e+00,
        -1.42395663e+00, -2.07699013e+00, -1.40796185e+00, -7.25845277e-01,
        -9.68375206e-01, -7.60325193e-01, -7.34124541e-01, -7.19579577e-01,
        -7.68355489e-01, -8.17474544e-01,  1.23471901e-01, -4.17196870e-01,
        -2.67064643e+00,  3.52645278e-01, -5.53719521e-01, -7.72326171e-01,
         1.21589768e+00,  1.53395593e+00,  1.22631037e+00,  3.14169943e-01,
        -5.58346033e-01, -6.65606931e-02,  7.71865770e-02, -1.46611261e+00,
        -1.47880876e+00, -2.65129507e-02, -6.77513599e-01, -1.47581780e+00,
        -1.22850704e+00, -1.29936457e+00, -8.65888953e-01, -1.23397505e+00,
        -1.29252028e+00, -1.76246762e+00,  2.04359102e+00, -5.74017406e-01,
         1.20174384e+00,  3.01841766e-01, -8.71373057e-01,  2.59951615e+00,
        -7.50156224e-01, -5.87334752e-01,  2.16321111e+00,  1.04852641e+00,
        -9.94924903e-01, -2.78288454e-01,  3.59799683e-01, -1.04574513e+00,
         2.31003690e+00, -5.93192041e-01,  6.82919502e-01,  2.40025654e-01,
         3.58693451e-02,  1.08548963e+00, -7.90772855e-01, -1.00062452e-02,
        -9.54073846e-01,  8.54484141e-01, -9.39085722e-01, -1.04145730e+00,
        -8.72672677e-01, -2.30465436e+00, -2.10602903e+00, -1.31244826e+00,
        -1.44909608e+00, -2.82118583e+00, -8.40859860e-03,  7.75120437e-01],
       device='cuda:0')
Clean RHS: tensor([[0.95121580]], device='cuda:0')
Split layers:
Nonlinear functions:
   BoundRelu(name=/66, inputs=[/input], perturbed=True)
   BoundRelu(name=/68, inputs=[/input-4], perturbed=True)
   BoundRelu(name=/71, inputs=[/input-12], perturbed=True)
   BoundRelu(name=/73, inputs=[/input-16], perturbed=True)
   BoundRelu(name=/76, inputs=[/input-24], perturbed=True)
   BoundRelu(name=/78, inputs=[/input-28], perturbed=True)
   BoundRelu(name=/80, inputs=[/input-32], perturbed=True)
   BoundRelu(name=/83, inputs=[/input-40], perturbed=True)
   BoundRelu(name=/85, inputs=[/input-44], perturbed=True)
   BoundRelu(name=/87, inputs=[/input-48], perturbed=True)
   BoundRelu(name=/90, inputs=[/input-56], perturbed=True)
   BoundRelu(name=/92, inputs=[/input-60], perturbed=True)
   BoundRelu(name=/94, inputs=[/input-64], perturbed=True)
   BoundRelu(name=/98, inputs=[/input-68], perturbed=True)
   BoundRelu(name=/101, inputs=[/input-72], perturbed=True)
   BoundRelu(name=/input-8/conv_1_relu, inputs=[/input-8/conv_1], perturbed=True)
   BoundRelu(name=/input-8/conv_3_relu, inputs=[/input-8/conv_3], perturbed=True)
   BoundRelu(name=/input-20/conv_1_relu, inputs=[/input-20/conv_1], perturbed=True)
   BoundRelu(name=/input-20/conv_3_relu, inputs=[/input-20/conv_3], perturbed=True)
   BoundRelu(name=/input-36/conv_1_relu, inputs=[/input-36/conv_1], perturbed=True)
   BoundRelu(name=/input-36/conv_3_relu, inputs=[/input-36/conv_3], perturbed=True)
   BoundRelu(name=/input-52/conv_1_relu, inputs=[/input-52/conv_1], perturbed=True)
   BoundRelu(name=/input-52/conv_3_relu, inputs=[/input-52/conv_3], perturbed=True)
   BoundRelu(name=/95/conv_1_relu, inputs=[/95/conv_1], perturbed=True)
   BoundRelu(name=/95/conv_3_relu, inputs=[/95/conv_3], perturbed=True)
Batched CROWN: node BoundConv(name=/input-4, inputs=[/66, /35, /36], perturbed=True), unstable size 28782
Batched CROWN: node BoundConv(name=/input-8/conv_1, inputs=[/68, /input-8/conv_1_w], perturbed=True), unstable size 38677
Batched CROWN: node BoundConv(name=/input-8/conv_3, inputs=[/input-8/add_1_2, /input-8/conv_3_w], perturbed=True), unstable size 13025
Batched CROWN: node BoundConv(name=/input-12, inputs=[/input-8/add_3_4, /37, /38], perturbed=True), unstable size 282253
Batched CROWN: node BoundConv(name=/input-16, inputs=[/71, /39, /40], perturbed=True), unstable size 1469218
Batched CROWN: node BoundConv(name=/input-20/conv_1, inputs=[/73, /input-20/conv_1_w], perturbed=True), unstable size 27910
Batched CROWN: node BoundConv(name=/input-20/conv_3, inputs=[/input-20/add_1_2, /input-20/conv_3_w], perturbed=True), unstable size 14411
Batched CROWN: node BoundConv(name=/input-24, inputs=[/input-20/add_3_4, /41, /42], perturbed=True), unstable size 499197
Batched CROWN: node BoundConv(name=/input-28, inputs=[/76, /43, /44], perturbed=True), unstable size 765116
Batched CROWN: node BoundConv(name=/input-32, inputs=[/78, /45, /46], perturbed=True), unstable size 154571
Batched CROWN: node BoundConv(name=/input-36/conv_1, inputs=[/80, /input-36/conv_1_w], perturbed=True), unstable size 28559
Batched CROWN: node BoundConv(name=/input-36/conv_3, inputs=[/input-36/add_1_2, /input-36/conv_3_w], perturbed=True), unstable size 17273
Batched CROWN: node BoundConv(name=/input-40, inputs=[/input-36/add_3_4, /47, /48], perturbed=True), unstable size 322176
Batched CROWN: node BoundConv(name=/input-44, inputs=[/83, /49, /50], perturbed=True), unstable size 213992
Batched CROWN: node BoundConv(name=/input-48, inputs=[/85, /51, /52], perturbed=True), unstable size 212132
Batched CROWN: node BoundConv(name=/input-52/conv_1, inputs=[/87, /input-52/conv_1_w], perturbed=True), unstable size 3550
Batched CROWN: node BoundConv(name=/input-52/conv_3, inputs=[/input-52/add_1_2, /input-52/conv_3_w], perturbed=True), unstable size 2686
Batched CROWN: node BoundConv(name=/input-56, inputs=[/input-52/add_3_4, /53, /54], perturbed=True), unstable size 71741
Batched CROWN: node BoundConv(name=/input-60, inputs=[/90, /55, /56], perturbed=True), unstable size 93211
Batched CROWN: node BoundConv(name=/input-64, inputs=[/92, /57, /58], perturbed=True), unstable size 75430
Batched CROWN: node BoundConv(name=/95/conv_1, inputs=[/94, /95/conv_1_w], perturbed=True), unstable size 12120
Batched CROWN: node BoundConv(name=/95/conv_3, inputs=[/95/add_1_2, /95/conv_3_w], perturbed=True), unstable size 7305
Batched CROWN: node BoundLinear(name=/input-68, inputs=[/96, /59, /60], perturbed=True), unstable size 4096
Batched CROWN: node BoundLinear(name=/input-72, inputs=[/99, /61, /62], perturbed=True), unstable size 4096
initial crown bounds: tensor([[-22306.79687500]], device='cuda:0')
Number of class (without rhs): 1 ; Worst class: (+ rhs) -22306.796875
Iteration 1
Adv attack time: 1.4890s
Batch size: 1
Current pickout batch: 1, total pickout batch: 1
Batched CROWN: node BoundConv(name=/input-4, inputs=[/66, /35, /36], perturbed=True), unstable size 28782
Batched CROWN: node BoundConv(name=/input-8/conv_1, inputs=[/68, /input-8/conv_1_w], perturbed=True), unstable size 38677
Batched CROWN: node BoundConv(name=/input-8/conv_3, inputs=[/input-8/add_1_2, /input-8/conv_3_w], perturbed=True), unstable size 13025
Batched CROWN: node BoundConv(name=/input-12, inputs=[/input-8/add_3_4, /37, /38], perturbed=True), unstable size 282253
Batched CROWN: node BoundConv(name=/input-16, inputs=[/71, /39, /40], perturbed=True), unstable size 1469218
Batched CROWN: node BoundConv(name=/input-20/conv_1, inputs=[/73, /input-20/conv_1_w], perturbed=True), unstable size 27910
Batched CROWN: node BoundConv(name=/input-20/conv_3, inputs=[/input-20/add_1_2, /input-20/conv_3_w], perturbed=True), unstable size 14411
Batched CROWN: node BoundConv(name=/input-24, inputs=[/input-20/add_3_4, /41, /42], perturbed=True), unstable size 499197
Batched CROWN: node BoundConv(name=/input-28, inputs=[/76, /43, /44], perturbed=True), unstable size 765116
Batched CROWN: node BoundConv(name=/input-32, inputs=[/78, /45, /46], perturbed=True), unstable size 154571
Batched CROWN: node BoundConv(name=/input-36/conv_1, inputs=[/80, /input-36/conv_1_w], perturbed=True), unstable size 28559
Batched CROWN: node BoundConv(name=/input-36/conv_3, inputs=[/input-36/add_1_2, /input-36/conv_3_w], perturbed=True), unstable size 17273
Batched CROWN: node BoundConv(name=/input-40, inputs=[/input-36/add_3_4, /47, /48], perturbed=True), unstable size 322176
Batched CROWN: node BoundConv(name=/input-44, inputs=[/83, /49, /50], perturbed=True), unstable size 213993
Batched CROWN: node BoundConv(name=/input-48, inputs=[/85, /51, /52], perturbed=True), unstable size 212132
Batched CROWN: node BoundConv(name=/input-52/conv_1, inputs=[/87, /input-52/conv_1_w], perturbed=True), unstable size 3550
Batched CROWN: node BoundConv(name=/input-52/conv_3, inputs=[/input-52/add_1_2, /input-52/conv_3_w], perturbed=True), unstable size 2686
Batched CROWN: node BoundConv(name=/input-56, inputs=[/input-52/add_3_4, /53, /54], perturbed=True), unstable size 71741
Batched CROWN: node BoundConv(name=/input-60, inputs=[/90, /55, /56], perturbed=True), unstable size 93211
Batched CROWN: node BoundConv(name=/input-64, inputs=[/92, /57, /58], perturbed=True), unstable size 75430
Batched CROWN: node BoundConv(name=/95/conv_1, inputs=[/94, /95/conv_1_w], perturbed=True), unstable size 12120
Batched CROWN: node BoundConv(name=/95/conv_3, inputs=[/95/add_1_2, /95/conv_3_w], perturbed=True), unstable size 7305
Batched CROWN: node BoundLinear(name=/input-68, inputs=[/96, /59, /60], perturbed=True), unstable size 4096
Batched CROWN: node BoundLinear(name=/input-72, inputs=[/99, /61, /62], perturbed=True), unstable size 4096
