image,model,tag,is_global,segment_index,eps,k,score,bbox,num_changed,num_fixed,total,percent_changed,pattern
n01871265_tusker,vgg16-7,global,True,-1,0.0001,50176,,,150528,0,150528,100.0,random
n01871265_tusker,vgg16-7,global,True,-1,0.0001,25088,,,75264,75264,150528,50.0,random
n01871265_tusker,vgg16-7,global,True,-1,0.0001,12544,,,37632,112896,150528,25.0,random
n01871265_tusker,vgg16-7,global,True,-1,0.0001,6272,,,18816,131712,150528,12.5,random
n01871265_tusker,vgg16-7,global,True,-1,0.0001,3136,,,9408,141120,150528,6.25,random
n01871265_tusker,vgg16-7,global,True,-1,0.0001,1568,,,4704,145824,150528,3.125,random
n01871265_tusker,vgg16-7,fix_mask,False,0,0.0001,50176,0.7893670201301575,"[0, 0, 223, 220]",57981,92547,150528,38.51841517857143,random
n01871265_tusker,vgg16-7,fix_mask,False,0,0.0001,25088,0.7893670201301575,"[0, 0, 223, 220]",57981,92547,150528,38.51841517857143,random
n01871265_tusker,vgg16-7,fix_mask,False,0,0.0001,12544,0.7893670201301575,"[0, 0, 223, 220]",37632,112896,150528,25.0,random
n01871265_tusker,vgg16-7,fix_mask,False,0,0.0001,6272,0.7893670201301575,"[0, 0, 223, 220]",18816,131712,150528,12.5,random
n01871265_tusker,vgg16-7,fix_mask,False,0,0.0001,3136,0.7893670201301575,"[0, 0, 223, 220]",9408,141120,150528,6.25,random
n01871265_tusker,vgg16-7,fix_mask,False,0,0.0001,1568,0.7893670201301575,"[0, 0, 223, 220]",4704,145824,150528,3.125,random
n01871265_tusker,vgg16-7,fix_nonmask,False,0,0.0001,50176,0.7893670201301575,"[0, 0, 223, 220]",92547,57981,150528,61.48158482142857,random
n01871265_tusker,vgg16-7,fix_nonmask,False,0,0.0001,25088,0.7893670201301575,"[0, 0, 223, 220]",75264,75264,150528,50.0,random
n01871265_tusker,vgg16-7,fix_nonmask,False,0,0.0001,12544,0.7893670201301575,"[0, 0, 223, 220]",37632,112896,150528,25.0,random
n01871265_tusker,vgg16-7,fix_nonmask,False,0,0.0001,6272,0.7893670201301575,"[0, 0, 223, 220]",18816,131712,150528,12.5,random
n01871265_tusker,vgg16-7,fix_nonmask,False,0,0.0001,3136,0.7893670201301575,"[0, 0, 223, 220]",9408,141120,150528,6.25,random
n01871265_tusker,vgg16-7,fix_nonmask,False,0,0.0001,1568,0.7893670201301575,"[0, 0, 223, 220]",4704,145824,150528,3.125,random
n01872401_echidna,vgg16-7,global,True,-1,0.0001,50176,,,150528,0,150528,100.0,random
n01872401_echidna,vgg16-7,global,True,-1,0.0001,25088,,,75264,75264,150528,50.0,random
n01872401_echidna,vgg16-7,global,True,-1,0.0001,12544,,,37632,112896,150528,25.0,random
n01872401_echidna,vgg16-7,global,True,-1,0.0001,6272,,,18816,131712,150528,12.5,random
n01872401_echidna,vgg16-7,global,True,-1,0.0001,3136,,,9408,141120,150528,6.25,random
n01872401_echidna,vgg16-7,global,True,-1,0.0001,1568,,,4704,145824,150528,3.125,random
n01872401_echidna,vgg16-7,fix_mask,False,0,0.0001,50176,0.8836685419082642,"[0, 0, 223, 223]",54531,95997,150528,36.226482780612244,random
n01872401_echidna,vgg16-7,fix_mask,False,0,0.0001,25088,0.8836685419082642,"[0, 0, 223, 223]",54531,95997,150528,36.226482780612244,random
n01872401_echidna,vgg16-7,fix_mask,False,0,0.0001,12544,0.8836685419082642,"[0, 0, 223, 223]",37632,112896,150528,25.0,random
n01872401_echidna,vgg16-7,fix_mask,False,0,0.0001,6272,0.8836685419082642,"[0, 0, 223, 223]",18816,131712,150528,12.5,random
n01872401_echidna,vgg16-7,fix_mask,False,0,0.0001,3136,0.8836685419082642,"[0, 0, 223, 223]",9408,141120,150528,6.25,random
n01872401_echidna,vgg16-7,fix_mask,False,0,0.0001,1568,0.8836685419082642,"[0, 0, 223, 223]",4704,145824,150528,3.125,random
n01872401_echidna,vgg16-7,fix_nonmask,False,0,0.0001,50176,0.8836685419082642,"[0, 0, 223, 223]",95997,54531,150528,63.773517219387756,random
n01872401_echidna,vgg16-7,fix_nonmask,False,0,0.0001,25088,0.8836685419082642,"[0, 0, 223, 223]",75264,75264,150528,50.0,random
n01872401_echidna,vgg16-7,fix_nonmask,False,0,0.0001,12544,0.8836685419082642,"[0, 0, 223, 223]",37632,112896,150528,25.0,random
n01872401_echidna,vgg16-7,fix_nonmask,False,0,0.0001,6272,0.8836685419082642,"[0, 0, 223, 223]",18816,131712,150528,12.5,random
n01872401_echidna,vgg16-7,fix_nonmask,False,0,0.0001,3136,0.8836685419082642,"[0, 0, 223, 223]",9408,141120,150528,6.25,random
n01872401_echidna,vgg16-7,fix_nonmask,False,0,0.0001,1568,0.8836685419082642,"[0, 0, 223, 223]",4704,145824,150528,3.125,random
n01873310_platypus,vgg16-7,global,True,-1,0.0001,50176,,,150528,0,150528,100.0,random
n01873310_platypus,vgg16-7,global,True,-1,0.0001,25088,,,75264,75264,150528,50.0,random
n01873310_platypus,vgg16-7,global,True,-1,0.0001,12544,,,37632,112896,150528,25.0,random
n01873310_platypus,vgg16-7,global,True,-1,0.0001,6272,,,18816,131712,150528,12.5,random
n01873310_platypus,vgg16-7,global,True,-1,0.0001,3136,,,9408,141120,150528,6.25,random
n01873310_platypus,vgg16-7,global,True,-1,0.0001,1568,,,4704,145824,150528,3.125,random
n01873310_platypus,vgg16-7,fix_mask,False,0,0.0001,50176,0.7479422688484192,"[0, 0, 223, 223]",73233,77295,150528,48.650749362244895,random
n01873310_platypus,vgg16-7,fix_mask,False,0,0.0001,25088,0.7479422688484192,"[0, 0, 223, 223]",73233,77295,150528,48.650749362244895,random
n01873310_platypus,vgg16-7,fix_mask,False,0,0.0001,12544,0.7479422688484192,"[0, 0, 223, 223]",37632,112896,150528,25.0,random
n01873310_platypus,vgg16-7,fix_mask,False,0,0.0001,6272,0.7479422688484192,"[0, 0, 223, 223]",18816,131712,150528,12.5,random
n01873310_platypus,vgg16-7,fix_mask,False,0,0.0001,3136,0.7479422688484192,"[0, 0, 223, 223]",9408,141120,150528,6.25,random
n01873310_platypus,vgg16-7,fix_mask,False,0,0.0001,1568,0.7479422688484192,"[0, 0, 223, 223]",4704,145824,150528,3.125,random
n01873310_platypus,vgg16-7,fix_nonmask,False,0,0.0001,50176,0.7479422688484192,"[0, 0, 223, 223]",77295,73233,150528,51.349250637755105,random
n01873310_platypus,vgg16-7,fix_nonmask,False,0,0.0001,25088,0.7479422688484192,"[0, 0, 223, 223]",75264,75264,150528,50.0,random
n01873310_platypus,vgg16-7,fix_nonmask,False,0,0.0001,12544,0.7479422688484192,"[0, 0, 223, 223]",37632,112896,150528,25.0,random
n01873310_platypus,vgg16-7,fix_nonmask,False,0,0.0001,6272,0.7479422688484192,"[0, 0, 223, 223]",18816,131712,150528,12.5,random
n01873310_platypus,vgg16-7,fix_nonmask,False,0,0.0001,3136,0.7479422688484192,"[0, 0, 223, 223]",9408,141120,150528,6.25,random
n01873310_platypus,vgg16-7,fix_nonmask,False,0,0.0001,1568,0.7479422688484192,"[0, 0, 223, 223]",4704,145824,150528,3.125,random
n01877812_wallaby,vgg16-7,global,True,-1,0.0001,50176,,,150528,0,150528,100.0,random
n01877812_wallaby,vgg16-7,global,True,-1,0.0001,25088,,,75264,75264,150528,50.0,random
n01877812_wallaby,vgg16-7,global,True,-1,0.0001,12544,,,37632,112896,150528,25.0,random
n01877812_wallaby,vgg16-7,global,True,-1,0.0001,6272,,,18816,131712,150528,12.5,random
n01877812_wallaby,vgg16-7,global,True,-1,0.0001,3136,,,9408,141120,150528,6.25,random
n01877812_wallaby,vgg16-7,global,True,-1,0.0001,1568,,,4704,145824,150528,3.125,random
n01877812_wallaby,vgg16-7,fix_mask,False,0,0.0001,50176,0.7631836533546448,"[0, 0, 223, 223]",10011,140517,150528,6.650589923469388,random
n01877812_wallaby,vgg16-7,fix_mask,False,0,0.0001,25088,0.7631836533546448,"[0, 0, 223, 223]",10011,140517,150528,6.650589923469388,random
n01877812_wallaby,vgg16-7,fix_mask,False,0,0.0001,12544,0.7631836533546448,"[0, 0, 223, 223]",10011,140517,150528,6.650589923469388,random
n01877812_wallaby,vgg16-7,fix_mask,False,0,0.0001,6272,0.7631836533546448,"[0, 0, 223, 223]",10011,140517,150528,6.650589923469388,random
n01877812_wallaby,vgg16-7,fix_mask,False,0,0.0001,3136,0.7631836533546448,"[0, 0, 223, 223]",9408,141120,150528,6.25,random
n01877812_wallaby,vgg16-7,fix_mask,False,0,0.0001,1568,0.7631836533546448,"[0, 0, 223, 223]",4704,145824,150528,3.125,random
n01877812_wallaby,vgg16-7,fix_nonmask,False,0,0.0001,50176,0.7631836533546448,"[0, 0, 223, 223]",140517,10011,150528,93.34941007653062,random
n01877812_wallaby,vgg16-7,fix_nonmask,False,0,0.0001,25088,0.7631836533546448,"[0, 0, 223, 223]",75264,75264,150528,50.0,random
n01877812_wallaby,vgg16-7,fix_nonmask,False,0,0.0001,12544,0.7631836533546448,"[0, 0, 223, 223]",37632,112896,150528,25.0,random
n01877812_wallaby,vgg16-7,fix_nonmask,False,0,0.0001,6272,0.7631836533546448,"[0, 0, 223, 223]",18816,131712,150528,12.5,random
n01877812_wallaby,vgg16-7,fix_nonmask,False,0,0.0001,3136,0.7631836533546448,"[0, 0, 223, 223]",9408,141120,150528,6.25,random
n01877812_wallaby,vgg16-7,fix_nonmask,False,0,0.0001,1568,0.7631836533546448,"[0, 0, 223, 223]",4704,145824,150528,3.125,random
n01882714_koala,vgg16-7,global,True,-1,0.0001,50176,,,150528,0,150528,100.0,random
n01882714_koala,vgg16-7,global,True,-1,0.0001,25088,,,75264,75264,150528,50.0,random
n01882714_koala,vgg16-7,global,True,-1,0.0001,12544,,,37632,112896,150528,25.0,random
n01882714_koala,vgg16-7,global,True,-1,0.0001,6272,,,18816,131712,150528,12.5,random
n01882714_koala,vgg16-7,global,True,-1,0.0001,3136,,,9408,141120,150528,6.25,random
n01882714_koala,vgg16-7,global,True,-1,0.0001,1568,,,4704,145824,150528,3.125,random
n01882714_koala,vgg16-7,fix_mask,False,0,0.0001,50176,0.9428346157073975,"[0, 7, 223, 219]",41184,109344,150528,27.35969387755102,random
n01882714_koala,vgg16-7,fix_mask,False,0,0.0001,25088,0.9428346157073975,"[0, 7, 223, 219]",41184,109344,150528,27.35969387755102,random
n01882714_koala,vgg16-7,fix_mask,False,0,0.0001,12544,0.9428346157073975,"[0, 7, 223, 219]",37632,112896,150528,25.0,random
n01882714_koala,vgg16-7,fix_mask,False,0,0.0001,6272,0.9428346157073975,"[0, 7, 223, 219]",18816,131712,150528,12.5,random
n01882714_koala,vgg16-7,fix_mask,False,0,0.0001,3136,0.9428346157073975,"[0, 7, 223, 219]",9408,141120,150528,6.25,random
n01882714_koala,vgg16-7,fix_mask,False,0,0.0001,1568,0.9428346157073975,"[0, 7, 223, 219]",4704,145824,150528,3.125,random
n01882714_koala,vgg16-7,fix_nonmask,False,0,0.0001,50176,0.9428346157073975,"[0, 7, 223, 219]",109344,41184,150528,72.64030612244898,random
n01882714_koala,vgg16-7,fix_nonmask,False,0,0.0001,25088,0.9428346157073975,"[0, 7, 223, 219]",75264,75264,150528,50.0,random
n01882714_koala,vgg16-7,fix_nonmask,False,0,0.0001,12544,0.9428346157073975,"[0, 7, 223, 219]",37632,112896,150528,25.0,random
n01882714_koala,vgg16-7,fix_nonmask,False,0,0.0001,6272,0.9428346157073975,"[0, 7, 223, 219]",18816,131712,150528,12.5,random
n01882714_koala,vgg16-7,fix_nonmask,False,0,0.0001,3136,0.9428346157073975,"[0, 7, 223, 219]",9408,141120,150528,6.25,random
n01882714_koala,vgg16-7,fix_nonmask,False,0,0.0001,1568,0.9428346157073975,"[0, 7, 223, 219]",4704,145824,150528,3.125,random
n01883070_wombat,vgg16-7,global,True,-1,0.0001,50176,,,150528,0,150528,100.0,random
n01883070_wombat,vgg16-7,global,True,-1,0.0001,25088,,,75264,75264,150528,50.0,random
n01883070_wombat,vgg16-7,global,True,-1,0.0001,12544,,,37632,112896,150528,25.0,random
n01883070_wombat,vgg16-7,global,True,-1,0.0001,6272,,,18816,131712,150528,12.5,random
n01883070_wombat,vgg16-7,global,True,-1,0.0001,3136,,,9408,141120,150528,6.25,random
n01883070_wombat,vgg16-7,global,True,-1,0.0001,1568,,,4704,145824,150528,3.125,random
n01883070_wombat,vgg16-7,fix_mask,False,0,0.0001,50176,0.9007347822189331,"[0, 0, 223, 223]",40401,110127,150528,26.83952487244898,random
n01883070_wombat,vgg16-7,fix_mask,False,0,0.0001,25088,0.9007347822189331,"[0, 0, 223, 223]",40401,110127,150528,26.83952487244898,random
n01883070_wombat,vgg16-7,fix_mask,False,0,0.0001,12544,0.9007347822189331,"[0, 0, 223, 223]",37632,112896,150528,25.0,random
n01883070_wombat,vgg16-7,fix_mask,False,0,0.0001,6272,0.9007347822189331,"[0, 0, 223, 223]",18816,131712,150528,12.5,random
n01883070_wombat,vgg16-7,fix_mask,False,0,0.0001,3136,0.9007347822189331,"[0, 0, 223, 223]",9408,141120,150528,6.25,random
n01883070_wombat,vgg16-7,fix_mask,False,0,0.0001,1568,0.9007347822189331,"[0, 0, 223, 223]",4704,145824,150528,3.125,random
n01883070_wombat,vgg16-7,fix_nonmask,False,0,0.0001,50176,0.9007347822189331,"[0, 0, 223, 223]",110127,40401,150528,73.16047512755102,random
n01883070_wombat,vgg16-7,fix_nonmask,False,0,0.0001,25088,0.9007347822189331,"[0, 0, 223, 223]",75264,75264,150528,50.0,random
n01883070_wombat,vgg16-7,fix_nonmask,False,0,0.0001,12544,0.9007347822189331,"[0, 0, 223, 223]",37632,112896,150528,25.0,random
n01883070_wombat,vgg16-7,fix_nonmask,False,0,0.0001,6272,0.9007347822189331,"[0, 0, 223, 223]",18816,131712,150528,12.5,random
n01883070_wombat,vgg16-7,fix_nonmask,False,0,0.0001,3136,0.9007347822189331,"[0, 0, 223, 223]",9408,141120,150528,6.25,random
n01883070_wombat,vgg16-7,fix_nonmask,False,0,0.0001,1568,0.9007347822189331,"[0, 0, 223, 223]",4704,145824,150528,3.125,random
n01914609_sea_anemone,vgg16-7,global,True,-1,0.0001,50176,,,150528,0,150528,100.0,random
n01914609_sea_anemone,vgg16-7,global,True,-1,0.0001,25088,,,75264,75264,150528,50.0,random
n01914609_sea_anemone,vgg16-7,global,True,-1,0.0001,12544,,,37632,112896,150528,25.0,random
n01914609_sea_anemone,vgg16-7,global,True,-1,0.0001,6272,,,18816,131712,150528,12.5,random
n01914609_sea_anemone,vgg16-7,global,True,-1,0.0001,3136,,,9408,141120,150528,6.25,random
n01914609_sea_anemone,vgg16-7,global,True,-1,0.0001,1568,,,4704,145824,150528,3.125,random
n01914609_sea_anemone,vgg16-7,fix_mask,False,0,0.0001,50176,0.8834232091903687,"[0, 0, 223, 223]",52116,98412,150528,34.62213010204081,random
n01914609_sea_anemone,vgg16-7,fix_mask,False,0,0.0001,25088,0.8834232091903687,"[0, 0, 223, 223]",52116,98412,150528,34.62213010204081,random
n01914609_sea_anemone,vgg16-7,fix_mask,False,0,0.0001,12544,0.8834232091903687,"[0, 0, 223, 223]",37632,112896,150528,25.0,random
n01914609_sea_anemone,vgg16-7,fix_mask,False,0,0.0001,6272,0.8834232091903687,"[0, 0, 223, 223]",18816,131712,150528,12.5,random
n01914609_sea_anemone,vgg16-7,fix_mask,False,0,0.0001,3136,0.8834232091903687,"[0, 0, 223, 223]",9408,141120,150528,6.25,random
n01914609_sea_anemone,vgg16-7,fix_mask,False,0,0.0001,1568,0.8834232091903687,"[0, 0, 223, 223]",4704,145824,150528,3.125,random
n01914609_sea_anemone,vgg16-7,fix_nonmask,False,0,0.0001,50176,0.8834232091903687,"[0, 0, 223, 223]",98412,52116,150528,65.37786989795919,random
n01914609_sea_anemone,vgg16-7,fix_nonmask,False,0,0.0001,25088,0.8834232091903687,"[0, 0, 223, 223]",75264,75264,150528,50.0,random
n01914609_sea_anemone,vgg16-7,fix_nonmask,False,0,0.0001,12544,0.8834232091903687,"[0, 0, 223, 223]",37632,112896,150528,25.0,random
n01914609_sea_anemone,vgg16-7,fix_nonmask,False,0,0.0001,6272,0.8834232091903687,"[0, 0, 223, 223]",18816,131712,150528,12.5,random
n01914609_sea_anemone,vgg16-7,fix_nonmask,False,0,0.0001,3136,0.8834232091903687,"[0, 0, 223, 223]",9408,141120,150528,6.25,random
n01914609_sea_anemone,vgg16-7,fix_nonmask,False,0,0.0001,1568,0.8834232091903687,"[0, 0, 223, 223]",4704,145824,150528,3.125,random
n01917289_brain_coral,vgg16-7,global,True,-1,0.0001,50176,,,150528,0,150528,100.0,random
n01917289_brain_coral,vgg16-7,global,True,-1,0.0001,25088,,,75264,75264,150528,50.0,random
n01917289_brain_coral,vgg16-7,global,True,-1,0.0001,12544,,,37632,112896,150528,25.0,random
n01917289_brain_coral,vgg16-7,global,True,-1,0.0001,6272,,,18816,131712,150528,12.5,random
n01917289_brain_coral,vgg16-7,global,True,-1,0.0001,3136,,,9408,141120,150528,6.25,random
n01917289_brain_coral,vgg16-7,global,True,-1,0.0001,1568,,,4704,145824,150528,3.125,random
n01917289_brain_coral,vgg16-7,fix_mask,False,0,0.0001,50176,0.8643918037414551,"[0, 0, 223, 223]",19266,131262,150528,12.798947704081632,random
n01917289_brain_coral,vgg16-7,fix_mask,False,0,0.0001,25088,0.8643918037414551,"[0, 0, 223, 223]",19266,131262,150528,12.798947704081632,random
n01917289_brain_coral,vgg16-7,fix_mask,False,0,0.0001,12544,0.8643918037414551,"[0, 0, 223, 223]",19266,131262,150528,12.798947704081632,random
n01917289_brain_coral,vgg16-7,fix_mask,False,0,0.0001,6272,0.8643918037414551,"[0, 0, 223, 223]",18816,131712,150528,12.5,random
n01917289_brain_coral,vgg16-7,fix_mask,False,0,0.0001,3136,0.8643918037414551,"[0, 0, 223, 223]",9408,141120,150528,6.25,random
n01917289_brain_coral,vgg16-7,fix_mask,False,0,0.0001,1568,0.8643918037414551,"[0, 0, 223, 223]",4704,145824,150528,3.125,random
n01917289_brain_coral,vgg16-7,fix_nonmask,False,0,0.0001,50176,0.8643918037414551,"[0, 0, 223, 223]",131262,19266,150528,87.20105229591837,random
n01917289_brain_coral,vgg16-7,fix_nonmask,False,0,0.0001,25088,0.8643918037414551,"[0, 0, 223, 223]",75264,75264,150528,50.0,random
n01917289_brain_coral,vgg16-7,fix_nonmask,False,0,0.0001,12544,0.8643918037414551,"[0, 0, 223, 223]",37632,112896,150528,25.0,random
n01917289_brain_coral,vgg16-7,fix_nonmask,False,0,0.0001,6272,0.8643918037414551,"[0, 0, 223, 223]",18816,131712,150528,12.5,random
n01917289_brain_coral,vgg16-7,fix_nonmask,False,0,0.0001,3136,0.8643918037414551,"[0, 0, 223, 223]",9408,141120,150528,6.25,random
n01917289_brain_coral,vgg16-7,fix_nonmask,False,0,0.0001,1568,0.8643918037414551,"[0, 0, 223, 223]",4704,145824,150528,3.125,random
n01924916_flatworm,vgg16-7,global,True,-1,0.0001,50176,,,150528,0,150528,100.0,random
n01924916_flatworm,vgg16-7,global,True,-1,0.0001,25088,,,75264,75264,150528,50.0,random
n01924916_flatworm,vgg16-7,global,True,-1,0.0001,12544,,,37632,112896,150528,25.0,random
n01924916_flatworm,vgg16-7,global,True,-1,0.0001,6272,,,18816,131712,150528,12.5,random
n01924916_flatworm,vgg16-7,global,True,-1,0.0001,3136,,,9408,141120,150528,6.25,random
n01924916_flatworm,vgg16-7,global,True,-1,0.0001,1568,,,4704,145824,150528,3.125,random
n01924916_flatworm,vgg16-7,fix_mask,False,0,0.0001,50176,0.7600458264350891,"[0, 0, 223, 223]",28578,121950,150528,18.985172193877553,random
n01924916_flatworm,vgg16-7,fix_mask,False,0,0.0001,25088,0.7600458264350891,"[0, 0, 223, 223]",28578,121950,150528,18.985172193877553,random
n01924916_flatworm,vgg16-7,fix_mask,False,0,0.0001,12544,0.7600458264350891,"[0, 0, 223, 223]",28578,121950,150528,18.985172193877553,random
n01924916_flatworm,vgg16-7,fix_mask,False,0,0.0001,6272,0.7600458264350891,"[0, 0, 223, 223]",18816,131712,150528,12.5,random
n01924916_flatworm,vgg16-7,fix_mask,False,0,0.0001,3136,0.7600458264350891,"[0, 0, 223, 223]",9408,141120,150528,6.25,random
n01924916_flatworm,vgg16-7,fix_mask,False,0,0.0001,1568,0.7600458264350891,"[0, 0, 223, 223]",4704,145824,150528,3.125,random
n01924916_flatworm,vgg16-7,fix_nonmask,False,0,0.0001,50176,0.7600458264350891,"[0, 0, 223, 223]",121950,28578,150528,81.01482780612245,random
n01924916_flatworm,vgg16-7,fix_nonmask,False,0,0.0001,25088,0.7600458264350891,"[0, 0, 223, 223]",75264,75264,150528,50.0,random
n01924916_flatworm,vgg16-7,fix_nonmask,False,0,0.0001,12544,0.7600458264350891,"[0, 0, 223, 223]",37632,112896,150528,25.0,random
n01924916_flatworm,vgg16-7,fix_nonmask,False,0,0.0001,6272,0.7600458264350891,"[0, 0, 223, 223]",18816,131712,150528,12.5,random
n01924916_flatworm,vgg16-7,fix_nonmask,False,0,0.0001,3136,0.7600458264350891,"[0, 0, 223, 223]",9408,141120,150528,6.25,random
n01924916_flatworm,vgg16-7,fix_nonmask,False,0,0.0001,1568,0.7600458264350891,"[0, 0, 223, 223]",4704,145824,150528,3.125,random
n01930112_nematode,vgg16-7,global,True,-1,0.0001,50176,,,150528,0,150528,100.0,random
n01930112_nematode,vgg16-7,global,True,-1,0.0001,25088,,,75264,75264,150528,50.0,random
n01930112_nematode,vgg16-7,global,True,-1,0.0001,12544,,,37632,112896,150528,25.0,random
n01930112_nematode,vgg16-7,global,True,-1,0.0001,6272,,,18816,131712,150528,12.5,random
n01930112_nematode,vgg16-7,global,True,-1,0.0001,3136,,,9408,141120,150528,6.25,random
n01930112_nematode,vgg16-7,global,True,-1,0.0001,1568,,,4704,145824,150528,3.125,random
n01930112_nematode,vgg16-7,fix_mask,False,0,0.0001,50176,0.9182868003845215,"[0, 0, 223, 223]",2076,148452,150528,1.3791454081632653,random
n01930112_nematode,vgg16-7,fix_mask,False,0,0.0001,25088,0.9182868003845215,"[0, 0, 223, 223]",2076,148452,150528,1.3791454081632653,random
n01930112_nematode,vgg16-7,fix_mask,False,0,0.0001,12544,0.9182868003845215,"[0, 0, 223, 223]",2076,148452,150528,1.3791454081632653,random
n01930112_nematode,vgg16-7,fix_mask,False,0,0.0001,6272,0.9182868003845215,"[0, 0, 223, 223]",2076,148452,150528,1.3791454081632653,random
n01930112_nematode,vgg16-7,fix_mask,False,0,0.0001,3136,0.9182868003845215,"[0, 0, 223, 223]",2076,148452,150528,1.3791454081632653,random
n01930112_nematode,vgg16-7,fix_mask,False,0,0.0001,1568,0.9182868003845215,"[0, 0, 223, 223]",2076,148452,150528,1.3791454081632653,random
n01930112_nematode,vgg16-7,fix_nonmask,False,0,0.0001,50176,0.9182868003845215,"[0, 0, 223, 223]",148452,2076,150528,98.62085459183673,random
n01930112_nematode,vgg16-7,fix_nonmask,False,0,0.0001,25088,0.9182868003845215,"[0, 0, 223, 223]",75264,75264,150528,50.0,random
n01930112_nematode,vgg16-7,fix_nonmask,False,0,0.0001,12544,0.9182868003845215,"[0, 0, 223, 223]",37632,112896,150528,25.0,random
n01930112_nematode,vgg16-7,fix_nonmask,False,0,0.0001,6272,0.9182868003845215,"[0, 0, 223, 223]",18816,131712,150528,12.5,random
n01930112_nematode,vgg16-7,fix_nonmask,False,0,0.0001,3136,0.9182868003845215,"[0, 0, 223, 223]",9408,141120,150528,6.25,random
n01930112_nematode,vgg16-7,fix_nonmask,False,0,0.0001,1568,0.9182868003845215,"[0, 0, 223, 223]",4704,145824,150528,3.125,random
n01943899_conch,vgg16-7,global,True,-1,0.0001,50176,,,150528,0,150528,100.0,random
n01943899_conch,vgg16-7,global,True,-1,0.0001,25088,,,75264,75264,150528,50.0,random
n01943899_conch,vgg16-7,global,True,-1,0.0001,12544,,,37632,112896,150528,25.0,random
n01943899_conch,vgg16-7,global,True,-1,0.0001,6272,,,18816,131712,150528,12.5,random
n01943899_conch,vgg16-7,global,True,-1,0.0001,3136,,,9408,141120,150528,6.25,random
n01943899_conch,vgg16-7,global,True,-1,0.0001,1568,,,4704,145824,150528,3.125,random
n01943899_conch,vgg16-7,fix_mask,False,0,0.0001,50176,0.8917143940925598,"[0, 1, 223, 223]",22017,128511,150528,14.626514668367347,random
n01943899_conch,vgg16-7,fix_mask,False,0,0.0001,25088,0.8917143940925598,"[0, 1, 223, 223]",22017,128511,150528,14.626514668367347,random
n01943899_conch,vgg16-7,fix_mask,False,0,0.0001,12544,0.8917143940925598,"[0, 1, 223, 223]",22017,128511,150528,14.626514668367347,random
n01943899_conch,vgg16-7,fix_mask,False,0,0.0001,6272,0.8917143940925598,"[0, 1, 223, 223]",18816,131712,150528,12.5,random
n01943899_conch,vgg16-7,fix_mask,False,0,0.0001,3136,0.8917143940925598,"[0, 1, 223, 223]",9408,141120,150528,6.25,random
n01943899_conch,vgg16-7,fix_mask,False,0,0.0001,1568,0.8917143940925598,"[0, 1, 223, 223]",4704,145824,150528,3.125,random
n01943899_conch,vgg16-7,fix_nonmask,False,0,0.0001,50176,0.8917143940925598,"[0, 1, 223, 223]",128511,22017,150528,85.37348533163265,random
n01943899_conch,vgg16-7,fix_nonmask,False,0,0.0001,25088,0.8917143940925598,"[0, 1, 223, 223]",75264,75264,150528,50.0,random
n01943899_conch,vgg16-7,fix_nonmask,False,0,0.0001,12544,0.8917143940925598,"[0, 1, 223, 223]",37632,112896,150528,25.0,random
n01943899_conch,vgg16-7,fix_nonmask,False,0,0.0001,6272,0.8917143940925598,"[0, 1, 223, 223]",18816,131712,150528,12.5,random
n01943899_conch,vgg16-7,fix_nonmask,False,0,0.0001,3136,0.8917143940925598,"[0, 1, 223, 223]",9408,141120,150528,6.25,random
n01943899_conch,vgg16-7,fix_nonmask,False,0,0.0001,1568,0.8917143940925598,"[0, 1, 223, 223]",4704,145824,150528,3.125,random
n01944390_snail,vgg16-7,global,True,-1,0.0001,50176,,,150528,0,150528,100.0,random
n01944390_snail,vgg16-7,global,True,-1,0.0001,25088,,,75264,75264,150528,50.0,random
n01944390_snail,vgg16-7,global,True,-1,0.0001,12544,,,37632,112896,150528,25.0,random
n01944390_snail,vgg16-7,global,True,-1,0.0001,6272,,,18816,131712,150528,12.5,random
n01944390_snail,vgg16-7,global,True,-1,0.0001,3136,,,9408,141120,150528,6.25,random
n01944390_snail,vgg16-7,global,True,-1,0.0001,1568,,,4704,145824,150528,3.125,random
n01944390_snail,vgg16-7,fix_mask,False,0,0.0001,50176,0.9279466271400452,"[0, 0, 221, 223]",18249,132279,150528,12.123325892857142,random
n01944390_snail,vgg16-7,fix_mask,False,0,0.0001,25088,0.9279466271400452,"[0, 0, 221, 223]",18249,132279,150528,12.123325892857142,random
n01944390_snail,vgg16-7,fix_mask,False,0,0.0001,12544,0.9279466271400452,"[0, 0, 221, 223]",18249,132279,150528,12.123325892857142,random
n01944390_snail,vgg16-7,fix_mask,False,0,0.0001,6272,0.9279466271400452,"[0, 0, 221, 223]",18249,132279,150528,12.123325892857142,random
n01944390_snail,vgg16-7,fix_mask,False,0,0.0001,3136,0.9279466271400452,"[0, 0, 221, 223]",9408,141120,150528,6.25,random
n01944390_snail,vgg16-7,fix_mask,False,0,0.0001,1568,0.9279466271400452,"[0, 0, 221, 223]",4704,145824,150528,3.125,random
n01944390_snail,vgg16-7,fix_nonmask,False,0,0.0001,50176,0.9279466271400452,"[0, 0, 221, 223]",132279,18249,150528,87.87667410714286,random
n01944390_snail,vgg16-7,fix_nonmask,False,0,0.0001,25088,0.9279466271400452,"[0, 0, 221, 223]",75264,75264,150528,50.0,random
n01944390_snail,vgg16-7,fix_nonmask,False,0,0.0001,12544,0.9279466271400452,"[0, 0, 221, 223]",37632,112896,150528,25.0,random
n01944390_snail,vgg16-7,fix_nonmask,False,0,0.0001,6272,0.9279466271400452,"[0, 0, 221, 223]",18816,131712,150528,12.5,random
n01944390_snail,vgg16-7,fix_nonmask,False,0,0.0001,3136,0.9279466271400452,"[0, 0, 221, 223]",9408,141120,150528,6.25,random
n01944390_snail,vgg16-7,fix_nonmask,False,0,0.0001,1568,0.9279466271400452,"[0, 0, 221, 223]",4704,145824,150528,3.125,random
n01945685_slug,vgg16-7,global,True,-1,0.0001,50176,,,150528,0,150528,100.0,random
n01945685_slug,vgg16-7,global,True,-1,0.0001,25088,,,75264,75264,150528,50.0,random
n01945685_slug,vgg16-7,global,True,-1,0.0001,12544,,,37632,112896,150528,25.0,random
n01945685_slug,vgg16-7,global,True,-1,0.0001,6272,,,18816,131712,150528,12.5,random
n01945685_slug,vgg16-7,global,True,-1,0.0001,3136,,,9408,141120,150528,6.25,random
n01945685_slug,vgg16-7,global,True,-1,0.0001,1568,,,4704,145824,150528,3.125,random
n01945685_slug,vgg16-7,fix_mask,False,0,0.0001,50176,0.871023416519165,"[0, 1, 223, 223]",71208,79320,150528,47.30548469387755,random
n01945685_slug,vgg16-7,fix_mask,False,0,0.0001,25088,0.871023416519165,"[0, 1, 223, 223]",71208,79320,150528,47.30548469387755,random
n01945685_slug,vgg16-7,fix_mask,False,0,0.0001,12544,0.871023416519165,"[0, 1, 223, 223]",37632,112896,150528,25.0,random
n01945685_slug,vgg16-7,fix_mask,False,0,0.0001,6272,0.871023416519165,"[0, 1, 223, 223]",18816,131712,150528,12.5,random
n01945685_slug,vgg16-7,fix_mask,False,0,0.0001,3136,0.871023416519165,"[0, 1, 223, 223]",9408,141120,150528,6.25,random
n01945685_slug,vgg16-7,fix_mask,False,0,0.0001,1568,0.871023416519165,"[0, 1, 223, 223]",4704,145824,150528,3.125,random
n01945685_slug,vgg16-7,fix_nonmask,False,0,0.0001,50176,0.871023416519165,"[0, 1, 223, 223]",79320,71208,150528,52.69451530612245,random
n01945685_slug,vgg16-7,fix_nonmask,False,0,0.0001,25088,0.871023416519165,"[0, 1, 223, 223]",75264,75264,150528,50.0,random
n01945685_slug,vgg16-7,fix_nonmask,False,0,0.0001,12544,0.871023416519165,"[0, 1, 223, 223]",37632,112896,150528,25.0,random
n01945685_slug,vgg16-7,fix_nonmask,False,0,0.0001,6272,0.871023416519165,"[0, 1, 223, 223]",18816,131712,150528,12.5,random
n01945685_slug,vgg16-7,fix_nonmask,False,0,0.0001,3136,0.871023416519165,"[0, 1, 223, 223]",9408,141120,150528,6.25,random
n01945685_slug,vgg16-7,fix_nonmask,False,0,0.0001,1568,0.871023416519165,"[0, 1, 223, 223]",4704,145824,150528,3.125,random
n01950731_sea_slug,vgg16-7,global,True,-1,0.0001,50176,,,150528,0,150528,100.0,random
n01950731_sea_slug,vgg16-7,global,True,-1,0.0001,25088,,,75264,75264,150528,50.0,random
n01950731_sea_slug,vgg16-7,global,True,-1,0.0001,12544,,,37632,112896,150528,25.0,random
n01950731_sea_slug,vgg16-7,global,True,-1,0.0001,6272,,,18816,131712,150528,12.5,random
n01950731_sea_slug,vgg16-7,global,True,-1,0.0001,3136,,,9408,141120,150528,6.25,random
n01950731_sea_slug,vgg16-7,global,True,-1,0.0001,1568,,,4704,145824,150528,3.125,random
n01950731_sea_slug,vgg16-7,fix_mask,False,0,0.0001,50176,0.9223342537879944,"[0, 0, 223, 223]",15321,135207,150528,10.178172831632653,random
n01950731_sea_slug,vgg16-7,fix_mask,False,0,0.0001,25088,0.9223342537879944,"[0, 0, 223, 223]",15321,135207,150528,10.178172831632653,random
n01950731_sea_slug,vgg16-7,fix_mask,False,0,0.0001,12544,0.9223342537879944,"[0, 0, 223, 223]",15321,135207,150528,10.178172831632653,random
n01950731_sea_slug,vgg16-7,fix_mask,False,0,0.0001,6272,0.9223342537879944,"[0, 0, 223, 223]",15321,135207,150528,10.178172831632653,random
n01950731_sea_slug,vgg16-7,fix_mask,False,0,0.0001,3136,0.9223342537879944,"[0, 0, 223, 223]",9408,141120,150528,6.25,random
n01950731_sea_slug,vgg16-7,fix_mask,False,0,0.0001,1568,0.9223342537879944,"[0, 0, 223, 223]",4704,145824,150528,3.125,random
n01950731_sea_slug,vgg16-7,fix_nonmask,False,0,0.0001,50176,0.9223342537879944,"[0, 0, 223, 223]",135207,15321,150528,89.82182716836735,random
n01950731_sea_slug,vgg16-7,fix_nonmask,False,0,0.0001,25088,0.9223342537879944,"[0, 0, 223, 223]",75264,75264,150528,50.0,random
n01950731_sea_slug,vgg16-7,fix_nonmask,False,0,0.0001,12544,0.9223342537879944,"[0, 0, 223, 223]",37632,112896,150528,25.0,random
n01950731_sea_slug,vgg16-7,fix_nonmask,False,0,0.0001,6272,0.9223342537879944,"[0, 0, 223, 223]",18816,131712,150528,12.5,random
n01950731_sea_slug,vgg16-7,fix_nonmask,False,0,0.0001,3136,0.9223342537879944,"[0, 0, 223, 223]",9408,141120,150528,6.25,random
n01950731_sea_slug,vgg16-7,fix_nonmask,False,0,0.0001,1568,0.9223342537879944,"[0, 0, 223, 223]",4704,145824,150528,3.125,random
n01955084_chiton,vgg16-7,global,True,-1,0.0001,50176,,,150528,0,150528,100.0,random
n01955084_chiton,vgg16-7,global,True,-1,0.0001,25088,,,75264,75264,150528,50.0,random
n01955084_chiton,vgg16-7,global,True,-1,0.0001,12544,,,37632,112896,150528,25.0,random
n01955084_chiton,vgg16-7,global,True,-1,0.0001,6272,,,18816,131712,150528,12.5,random
n01955084_chiton,vgg16-7,global,True,-1,0.0001,3136,,,9408,141120,150528,6.25,random
n01955084_chiton,vgg16-7,global,True,-1,0.0001,1568,,,4704,145824,150528,3.125,random
n01955084_chiton,vgg16-7,fix_mask,False,0,0.0001,50176,0.8921786546707153,"[0, 0, 223, 222]",23868,126660,150528,15.856186224489797,random
n01955084_chiton,vgg16-7,fix_mask,False,0,0.0001,25088,0.8921786546707153,"[0, 0, 223, 222]",23868,126660,150528,15.856186224489797,random
n01955084_chiton,vgg16-7,fix_mask,False,0,0.0001,12544,0.8921786546707153,"[0, 0, 223, 222]",23868,126660,150528,15.856186224489797,random
n01955084_chiton,vgg16-7,fix_mask,False,0,0.0001,6272,0.8921786546707153,"[0, 0, 223, 222]",18816,131712,150528,12.5,random
n01955084_chiton,vgg16-7,fix_mask,False,0,0.0001,3136,0.8921786546707153,"[0, 0, 223, 222]",9408,141120,150528,6.25,random
n01955084_chiton,vgg16-7,fix_mask,False,0,0.0001,1568,0.8921786546707153,"[0, 0, 223, 222]",4704,145824,150528,3.125,random
n01955084_chiton,vgg16-7,fix_nonmask,False,0,0.0001,50176,0.8921786546707153,"[0, 0, 223, 222]",126660,23868,150528,84.14381377551021,random
n01955084_chiton,vgg16-7,fix_nonmask,False,0,0.0001,25088,0.8921786546707153,"[0, 0, 223, 222]",75264,75264,150528,50.0,random
n01955084_chiton,vgg16-7,fix_nonmask,False,0,0.0001,12544,0.8921786546707153,"[0, 0, 223, 222]",37632,112896,150528,25.0,random
n01955084_chiton,vgg16-7,fix_nonmask,False,0,0.0001,6272,0.8921786546707153,"[0, 0, 223, 222]",18816,131712,150528,12.5,random
n01955084_chiton,vgg16-7,fix_nonmask,False,0,0.0001,3136,0.8921786546707153,"[0, 0, 223, 222]",9408,141120,150528,6.25,random
n01955084_chiton,vgg16-7,fix_nonmask,False,0,0.0001,1568,0.8921786546707153,"[0, 0, 223, 222]",4704,145824,150528,3.125,random
n01968897_chambered_nautilus,vgg16-7,global,True,-1,0.0001,50176,,,150528,0,150528,100.0,random
n01968897_chambered_nautilus,vgg16-7,global,True,-1,0.0001,25088,,,75264,75264,150528,50.0,random
n01968897_chambered_nautilus,vgg16-7,global,True,-1,0.0001,12544,,,37632,112896,150528,25.0,random
n01968897_chambered_nautilus,vgg16-7,global,True,-1,0.0001,6272,,,18816,131712,150528,12.5,random
n01968897_chambered_nautilus,vgg16-7,global,True,-1,0.0001,3136,,,9408,141120,150528,6.25,random
n01968897_chambered_nautilus,vgg16-7,global,True,-1,0.0001,1568,,,4704,145824,150528,3.125,random
n01968897_chambered_nautilus,vgg16-7,fix_mask,False,0,0.0001,50176,0.9123754501342773,"[0, 0, 223, 223]",37461,113067,150528,24.88639987244898,random
n01968897_chambered_nautilus,vgg16-7,fix_mask,False,0,0.0001,25088,0.9123754501342773,"[0, 0, 223, 223]",37461,113067,150528,24.88639987244898,random
n01968897_chambered_nautilus,vgg16-7,fix_mask,False,0,0.0001,12544,0.9123754501342773,"[0, 0, 223, 223]",37461,113067,150528,24.88639987244898,random
n01968897_chambered_nautilus,vgg16-7,fix_mask,False,0,0.0001,6272,0.9123754501342773,"[0, 0, 223, 223]",18816,131712,150528,12.5,random
n01968897_chambered_nautilus,vgg16-7,fix_mask,False,0,0.0001,3136,0.9123754501342773,"[0, 0, 223, 223]",9408,141120,150528,6.25,random
n01968897_chambered_nautilus,vgg16-7,fix_mask,False,0,0.0001,1568,0.9123754501342773,"[0, 0, 223, 223]",4704,145824,150528,3.125,random
n01968897_chambered_nautilus,vgg16-7,fix_nonmask,False,0,0.0001,50176,0.9123754501342773,"[0, 0, 223, 223]",113067,37461,150528,75.11360012755102,random
n01968897_chambered_nautilus,vgg16-7,fix_nonmask,False,0,0.0001,25088,0.9123754501342773,"[0, 0, 223, 223]",75264,75264,150528,50.0,random
n01968897_chambered_nautilus,vgg16-7,fix_nonmask,False,0,0.0001,12544,0.9123754501342773,"[0, 0, 223, 223]",37632,112896,150528,25.0,random
n01968897_chambered_nautilus,vgg16-7,fix_nonmask,False,0,0.0001,6272,0.9123754501342773,"[0, 0, 223, 223]",18816,131712,150528,12.5,random
n01968897_chambered_nautilus,vgg16-7,fix_nonmask,False,0,0.0001,3136,0.9123754501342773,"[0, 0, 223, 223]",9408,141120,150528,6.25,random
n01968897_chambered_nautilus,vgg16-7,fix_nonmask,False,0,0.0001,1568,0.9123754501342773,"[0, 0, 223, 223]",4704,145824,150528,3.125,random
n01978455_rock_crab,vgg16-7,global,True,-1,0.0001,50176,,,150528,0,150528,100.0,random
n01978455_rock_crab,vgg16-7,global,True,-1,0.0001,25088,,,75264,75264,150528,50.0,random
n01978455_rock_crab,vgg16-7,global,True,-1,0.0001,12544,,,37632,112896,150528,25.0,random
n01978455_rock_crab,vgg16-7,global,True,-1,0.0001,6272,,,18816,131712,150528,12.5,random
n01978455_rock_crab,vgg16-7,global,True,-1,0.0001,3136,,,9408,141120,150528,6.25,random
n01978455_rock_crab,vgg16-7,global,True,-1,0.0001,1568,,,4704,145824,150528,3.125,random
n01978455_rock_crab,vgg16-7,fix_mask,False,0,0.0001,50176,0.9351264834403992,"[0, 0, 223, 222]",3846,146682,150528,2.5550063775510203,random
n01978455_rock_crab,vgg16-7,fix_mask,False,0,0.0001,25088,0.9351264834403992,"[0, 0, 223, 222]",3846,146682,150528,2.5550063775510203,random
n01978455_rock_crab,vgg16-7,fix_mask,False,0,0.0001,12544,0.9351264834403992,"[0, 0, 223, 222]",3846,146682,150528,2.5550063775510203,random
n01978455_rock_crab,vgg16-7,fix_mask,False,0,0.0001,6272,0.9351264834403992,"[0, 0, 223, 222]",3846,146682,150528,2.5550063775510203,random
n01978455_rock_crab,vgg16-7,fix_mask,False,0,0.0001,3136,0.9351264834403992,"[0, 0, 223, 222]",3846,146682,150528,2.5550063775510203,random
n01978455_rock_crab,vgg16-7,fix_mask,False,0,0.0001,1568,0.9351264834403992,"[0, 0, 223, 222]",3846,146682,150528,2.5550063775510203,random
n01978455_rock_crab,vgg16-7,fix_nonmask,False,0,0.0001,50176,0.9351264834403992,"[0, 0, 223, 222]",146682,3846,150528,97.44499362244898,random
n01978455_rock_crab,vgg16-7,fix_nonmask,False,0,0.0001,25088,0.9351264834403992,"[0, 0, 223, 222]",75264,75264,150528,50.0,random
n01978455_rock_crab,vgg16-7,fix_nonmask,False,0,0.0001,12544,0.9351264834403992,"[0, 0, 223, 222]",37632,112896,150528,25.0,random
n01978455_rock_crab,vgg16-7,fix_nonmask,False,0,0.0001,6272,0.9351264834403992,"[0, 0, 223, 222]",18816,131712,150528,12.5,random
n01978455_rock_crab,vgg16-7,fix_nonmask,False,0,0.0001,3136,0.9351264834403992,"[0, 0, 223, 222]",9408,141120,150528,6.25,random
n01978455_rock_crab,vgg16-7,fix_nonmask,False,0,0.0001,1568,0.9351264834403992,"[0, 0, 223, 222]",4704,145824,150528,3.125,random
n01980166_fiddler_crab,vgg16-7,global,True,-1,0.0001,50176,,,150528,0,150528,100.0,random
n01980166_fiddler_crab,vgg16-7,global,True,-1,0.0001,25088,,,75264,75264,150528,50.0,random
n01980166_fiddler_crab,vgg16-7,global,True,-1,0.0001,12544,,,37632,112896,150528,25.0,random
n01980166_fiddler_crab,vgg16-7,global,True,-1,0.0001,6272,,,18816,131712,150528,12.5,random
n01980166_fiddler_crab,vgg16-7,global,True,-1,0.0001,3136,,,9408,141120,150528,6.25,random
n01980166_fiddler_crab,vgg16-7,global,True,-1,0.0001,1568,,,4704,145824,150528,3.125,random
n01980166_fiddler_crab,vgg16-7,fix_mask,False,0,0.0001,50176,0.869621753692627,"[0, 0, 223, 223]",26799,123729,150528,17.803332270408163,random
n01980166_fiddler_crab,vgg16-7,fix_mask,False,0,0.0001,25088,0.869621753692627,"[0, 0, 223, 223]",26799,123729,150528,17.803332270408163,random
n01980166_fiddler_crab,vgg16-7,fix_mask,False,0,0.0001,12544,0.869621753692627,"[0, 0, 223, 223]",26799,123729,150528,17.803332270408163,random
n01980166_fiddler_crab,vgg16-7,fix_mask,False,0,0.0001,6272,0.869621753692627,"[0, 0, 223, 223]",18816,131712,150528,12.5,random
n01980166_fiddler_crab,vgg16-7,fix_mask,False,0,0.0001,3136,0.869621753692627,"[0, 0, 223, 223]",9408,141120,150528,6.25,random
n01980166_fiddler_crab,vgg16-7,fix_mask,False,0,0.0001,1568,0.869621753692627,"[0, 0, 223, 223]",4704,145824,150528,3.125,random
n01980166_fiddler_crab,vgg16-7,fix_nonmask,False,0,0.0001,50176,0.869621753692627,"[0, 0, 223, 223]",123729,26799,150528,82.19666772959184,random
n01980166_fiddler_crab,vgg16-7,fix_nonmask,False,0,0.0001,25088,0.869621753692627,"[0, 0, 223, 223]",75264,75264,150528,50.0,random
n01980166_fiddler_crab,vgg16-7,fix_nonmask,False,0,0.0001,12544,0.869621753692627,"[0, 0, 223, 223]",37632,112896,150528,25.0,random
n01980166_fiddler_crab,vgg16-7,fix_nonmask,False,0,0.0001,6272,0.869621753692627,"[0, 0, 223, 223]",18816,131712,150528,12.5,random
n01980166_fiddler_crab,vgg16-7,fix_nonmask,False,0,0.0001,3136,0.869621753692627,"[0, 0, 223, 223]",9408,141120,150528,6.25,random
n01980166_fiddler_crab,vgg16-7,fix_nonmask,False,0,0.0001,1568,0.869621753692627,"[0, 0, 223, 223]",4704,145824,150528,3.125,random
n01981276_king_crab,vgg16-7,global,True,-1,0.0001,50176,,,150528,0,150528,100.0,random
n01981276_king_crab,vgg16-7,global,True,-1,0.0001,25088,,,75264,75264,150528,50.0,random
n01981276_king_crab,vgg16-7,global,True,-1,0.0001,12544,,,37632,112896,150528,25.0,random
n01981276_king_crab,vgg16-7,global,True,-1,0.0001,6272,,,18816,131712,150528,12.5,random
n01981276_king_crab,vgg16-7,global,True,-1,0.0001,3136,,,9408,141120,150528,6.25,random
n01981276_king_crab,vgg16-7,global,True,-1,0.0001,1568,,,4704,145824,150528,3.125,random
n01981276_king_crab,vgg16-7,fix_mask,False,0,0.0001,50176,0.7664732336997986,"[0, 0, 223, 223]",75882,74646,150528,50.41055484693877,random
n01981276_king_crab,vgg16-7,fix_mask,False,0,0.0001,25088,0.7664732336997986,"[0, 0, 223, 223]",75264,75264,150528,50.0,random
n01981276_king_crab,vgg16-7,fix_mask,False,0,0.0001,12544,0.7664732336997986,"[0, 0, 223, 223]",37632,112896,150528,25.0,random
n01981276_king_crab,vgg16-7,fix_mask,False,0,0.0001,6272,0.7664732336997986,"[0, 0, 223, 223]",18816,131712,150528,12.5,random
n01981276_king_crab,vgg16-7,fix_mask,False,0,0.0001,3136,0.7664732336997986,"[0, 0, 223, 223]",9408,141120,150528,6.25,random
n01981276_king_crab,vgg16-7,fix_mask,False,0,0.0001,1568,0.7664732336997986,"[0, 0, 223, 223]",4704,145824,150528,3.125,random
n01981276_king_crab,vgg16-7,fix_nonmask,False,0,0.0001,50176,0.7664732336997986,"[0, 0, 223, 223]",74646,75882,150528,49.58944515306123,random
n01981276_king_crab,vgg16-7,fix_nonmask,False,0,0.0001,25088,0.7664732336997986,"[0, 0, 223, 223]",74646,75882,150528,49.58944515306123,random
n01981276_king_crab,vgg16-7,fix_nonmask,False,0,0.0001,12544,0.7664732336997986,"[0, 0, 223, 223]",37632,112896,150528,25.0,random
n01981276_king_crab,vgg16-7,fix_nonmask,False,0,0.0001,6272,0.7664732336997986,"[0, 0, 223, 223]",18816,131712,150528,12.5,random
n01981276_king_crab,vgg16-7,fix_nonmask,False,0,0.0001,3136,0.7664732336997986,"[0, 0, 223, 223]",9408,141120,150528,6.25,random
n01981276_king_crab,vgg16-7,fix_nonmask,False,0,0.0001,1568,0.7664732336997986,"[0, 0, 223, 223]",4704,145824,150528,3.125,random
n01983481_American_lobster,vgg16-7,global,True,-1,0.0001,50176,,,150528,0,150528,100.0,random
n01983481_American_lobster,vgg16-7,global,True,-1,0.0001,25088,,,75264,75264,150528,50.0,random
n01983481_American_lobster,vgg16-7,global,True,-1,0.0001,12544,,,37632,112896,150528,25.0,random
n01983481_American_lobster,vgg16-7,global,True,-1,0.0001,6272,,,18816,131712,150528,12.5,random
n01983481_American_lobster,vgg16-7,global,True,-1,0.0001,3136,,,9408,141120,150528,6.25,random
n01983481_American_lobster,vgg16-7,global,True,-1,0.0001,1568,,,4704,145824,150528,3.125,random
n01983481_American_lobster,vgg16-7,fix_mask,False,0,0.0001,50176,0.8423335552215576,"[0, 0, 223, 223]",75834,74694,150528,50.37866709183673,random
n01983481_American_lobster,vgg16-7,fix_mask,False,0,0.0001,25088,0.8423335552215576,"[0, 0, 223, 223]",75264,75264,150528,50.0,random
n01983481_American_lobster,vgg16-7,fix_mask,False,0,0.0001,12544,0.8423335552215576,"[0, 0, 223, 223]",37632,112896,150528,25.0,random
n01983481_American_lobster,vgg16-7,fix_mask,False,0,0.0001,6272,0.8423335552215576,"[0, 0, 223, 223]",18816,131712,150528,12.5,random
n01983481_American_lobster,vgg16-7,fix_mask,False,0,0.0001,3136,0.8423335552215576,"[0, 0, 223, 223]",9408,141120,150528,6.25,random
n01983481_American_lobster,vgg16-7,fix_mask,False,0,0.0001,1568,0.8423335552215576,"[0, 0, 223, 223]",4704,145824,150528,3.125,random
n01983481_American_lobster,vgg16-7,fix_nonmask,False,0,0.0001,50176,0.8423335552215576,"[0, 0, 223, 223]",74694,75834,150528,49.62133290816327,random
n01983481_American_lobster,vgg16-7,fix_nonmask,False,0,0.0001,25088,0.8423335552215576,"[0, 0, 223, 223]",74694,75834,150528,49.62133290816327,random
n01983481_American_lobster,vgg16-7,fix_nonmask,False,0,0.0001,12544,0.8423335552215576,"[0, 0, 223, 223]",37632,112896,150528,25.0,random
n01983481_American_lobster,vgg16-7,fix_nonmask,False,0,0.0001,6272,0.8423335552215576,"[0, 0, 223, 223]",18816,131712,150528,12.5,random
n01983481_American_lobster,vgg16-7,fix_nonmask,False,0,0.0001,3136,0.8423335552215576,"[0, 0, 223, 223]",9408,141120,150528,6.25,random
n01983481_American_lobster,vgg16-7,fix_nonmask,False,0,0.0001,1568,0.8423335552215576,"[0, 0, 223, 223]",4704,145824,150528,3.125,random
n01984695_spiny_lobster,vgg16-7,global,True,-1,0.0001,50176,,,150528,0,150528,100.0,random
n01984695_spiny_lobster,vgg16-7,global,True,-1,0.0001,25088,,,75264,75264,150528,50.0,random
n01984695_spiny_lobster,vgg16-7,global,True,-1,0.0001,12544,,,37632,112896,150528,25.0,random
n01984695_spiny_lobster,vgg16-7,global,True,-1,0.0001,6272,,,18816,131712,150528,12.5,random
n01984695_spiny_lobster,vgg16-7,global,True,-1,0.0001,3136,,,9408,141120,150528,6.25,random
n01984695_spiny_lobster,vgg16-7,global,True,-1,0.0001,1568,,,4704,145824,150528,3.125,random
n01984695_spiny_lobster,vgg16-7,fix_mask,False,0,0.0001,50176,0.5260071754455566,"[0, 0, 223, 223]",89757,60771,150528,59.62810905612245,random
n01984695_spiny_lobster,vgg16-7,fix_mask,False,0,0.0001,25088,0.5260071754455566,"[0, 0, 223, 223]",75264,75264,150528,50.0,random
n01984695_spiny_lobster,vgg16-7,fix_mask,False,0,0.0001,12544,0.5260071754455566,"[0, 0, 223, 223]",37632,112896,150528,25.0,random
n01984695_spiny_lobster,vgg16-7,fix_mask,False,0,0.0001,6272,0.5260071754455566,"[0, 0, 223, 223]",18816,131712,150528,12.5,random
n01984695_spiny_lobster,vgg16-7,fix_mask,False,0,0.0001,3136,0.5260071754455566,"[0, 0, 223, 223]",9408,141120,150528,6.25,random
n01984695_spiny_lobster,vgg16-7,fix_mask,False,0,0.0001,1568,0.5260071754455566,"[0, 0, 223, 223]",4704,145824,150528,3.125,random
n01984695_spiny_lobster,vgg16-7,fix_nonmask,False,0,0.0001,50176,0.5260071754455566,"[0, 0, 223, 223]",60771,89757,150528,40.37189094387755,random
n01984695_spiny_lobster,vgg16-7,fix_nonmask,False,0,0.0001,25088,0.5260071754455566,"[0, 0, 223, 223]",60771,89757,150528,40.37189094387755,random
n01984695_spiny_lobster,vgg16-7,fix_nonmask,False,0,0.0001,12544,0.5260071754455566,"[0, 0, 223, 223]",37632,112896,150528,25.0,random
n01984695_spiny_lobster,vgg16-7,fix_nonmask,False,0,0.0001,6272,0.5260071754455566,"[0, 0, 223, 223]",18816,131712,150528,12.5,random
n01984695_spiny_lobster,vgg16-7,fix_nonmask,False,0,0.0001,3136,0.5260071754455566,"[0, 0, 223, 223]",9408,141120,150528,6.25,random
n01984695_spiny_lobster,vgg16-7,fix_nonmask,False,0,0.0001,1568,0.5260071754455566,"[0, 0, 223, 223]",4704,145824,150528,3.125,random
n01986214_hermit_crab,vgg16-7,global,True,-1,0.0001,50176,,,150528,0,150528,100.0,random
n01986214_hermit_crab,vgg16-7,global,True,-1,0.0001,25088,,,75264,75264,150528,50.0,random
n01986214_hermit_crab,vgg16-7,global,True,-1,0.0001,12544,,,37632,112896,150528,25.0,random
n01986214_hermit_crab,vgg16-7,global,True,-1,0.0001,6272,,,18816,131712,150528,12.5,random
n01986214_hermit_crab,vgg16-7,global,True,-1,0.0001,3136,,,9408,141120,150528,6.25,random
n01986214_hermit_crab,vgg16-7,global,True,-1,0.0001,1568,,,4704,145824,150528,3.125,random
n01986214_hermit_crab,vgg16-7,fix_mask,False,0,0.0001,50176,0.9180201888084412,"[0, 0, 223, 223]",40617,109911,150528,26.983019770408163,random
n01986214_hermit_crab,vgg16-7,fix_mask,False,0,0.0001,25088,0.9180201888084412,"[0, 0, 223, 223]",40617,109911,150528,26.983019770408163,random
n01986214_hermit_crab,vgg16-7,fix_mask,False,0,0.0001,12544,0.9180201888084412,"[0, 0, 223, 223]",37632,112896,150528,25.0,random
n01986214_hermit_crab,vgg16-7,fix_mask,False,0,0.0001,6272,0.9180201888084412,"[0, 0, 223, 223]",18816,131712,150528,12.5,random
n01986214_hermit_crab,vgg16-7,fix_mask,False,0,0.0001,3136,0.9180201888084412,"[0, 0, 223, 223]",9408,141120,150528,6.25,random
n01986214_hermit_crab,vgg16-7,fix_mask,False,0,0.0001,1568,0.9180201888084412,"[0, 0, 223, 223]",4704,145824,150528,3.125,random
n01986214_hermit_crab,vgg16-7,fix_nonmask,False,0,0.0001,50176,0.9180201888084412,"[0, 0, 223, 223]",109911,40617,150528,73.01698022959184,random
n01986214_hermit_crab,vgg16-7,fix_nonmask,False,0,0.0001,25088,0.9180201888084412,"[0, 0, 223, 223]",75264,75264,150528,50.0,random
n01986214_hermit_crab,vgg16-7,fix_nonmask,False,0,0.0001,12544,0.9180201888084412,"[0, 0, 223, 223]",37632,112896,150528,25.0,random
n01986214_hermit_crab,vgg16-7,fix_nonmask,False,0,0.0001,6272,0.9180201888084412,"[0, 0, 223, 223]",18816,131712,150528,12.5,random
n01986214_hermit_crab,vgg16-7,fix_nonmask,False,0,0.0001,3136,0.9180201888084412,"[0, 0, 223, 223]",9408,141120,150528,6.25,random
n01986214_hermit_crab,vgg16-7,fix_nonmask,False,0,0.0001,1568,0.9180201888084412,"[0, 0, 223, 223]",4704,145824,150528,3.125,random
n01990800_isopod,vgg16-7,global,True,-1,0.0001,50176,,,150528,0,150528,100.0,random
n01990800_isopod,vgg16-7,global,True,-1,0.0001,25088,,,75264,75264,150528,50.0,random
n01990800_isopod,vgg16-7,global,True,-1,0.0001,12544,,,37632,112896,150528,25.0,random
n01990800_isopod,vgg16-7,global,True,-1,0.0001,6272,,,18816,131712,150528,12.5,random
n01990800_isopod,vgg16-7,global,True,-1,0.0001,3136,,,9408,141120,150528,6.25,random
n01990800_isopod,vgg16-7,global,True,-1,0.0001,1568,,,4704,145824,150528,3.125,random
n01990800_isopod,vgg16-7,fix_mask,False,0,0.0001,50176,0.7841231226921082,"[0, 0, 223, 223]",4170,146358,150528,2.7702487244897958,random
n01990800_isopod,vgg16-7,fix_mask,False,0,0.0001,25088,0.7841231226921082,"[0, 0, 223, 223]",4170,146358,150528,2.7702487244897958,random
n01990800_isopod,vgg16-7,fix_mask,False,0,0.0001,12544,0.7841231226921082,"[0, 0, 223, 223]",4170,146358,150528,2.7702487244897958,random
n01990800_isopod,vgg16-7,fix_mask,False,0,0.0001,6272,0.7841231226921082,"[0, 0, 223, 223]",4170,146358,150528,2.7702487244897958,random
n01990800_isopod,vgg16-7,fix_mask,False,0,0.0001,3136,0.7841231226921082,"[0, 0, 223, 223]",4170,146358,150528,2.7702487244897958,random
n01990800_isopod,vgg16-7,fix_mask,False,0,0.0001,1568,0.7841231226921082,"[0, 0, 223, 223]",4170,146358,150528,2.7702487244897958,random
n01990800_isopod,vgg16-7,fix_nonmask,False,0,0.0001,50176,0.7841231226921082,"[0, 0, 223, 223]",146358,4170,150528,97.22975127551021,random
n01990800_isopod,vgg16-7,fix_nonmask,False,0,0.0001,25088,0.7841231226921082,"[0, 0, 223, 223]",75264,75264,150528,50.0,random
n01990800_isopod,vgg16-7,fix_nonmask,False,0,0.0001,12544,0.7841231226921082,"[0, 0, 223, 223]",37632,112896,150528,25.0,random
n01990800_isopod,vgg16-7,fix_nonmask,False,0,0.0001,6272,0.7841231226921082,"[0, 0, 223, 223]",18816,131712,150528,12.5,random
n01990800_isopod,vgg16-7,fix_nonmask,False,0,0.0001,3136,0.7841231226921082,"[0, 0, 223, 223]",9408,141120,150528,6.25,random
n01990800_isopod,vgg16-7,fix_nonmask,False,0,0.0001,1568,0.7841231226921082,"[0, 0, 223, 223]",4704,145824,150528,3.125,random
n02002556_white_stork,vgg16-7,global,True,-1,0.0001,50176,,,150528,0,150528,100.0,random
n02002556_white_stork,vgg16-7,global,True,-1,0.0001,25088,,,75264,75264,150528,50.0,random
n02002556_white_stork,vgg16-7,global,True,-1,0.0001,12544,,,37632,112896,150528,25.0,random
n02002556_white_stork,vgg16-7,global,True,-1,0.0001,6272,,,18816,131712,150528,12.5,random
n02002556_white_stork,vgg16-7,global,True,-1,0.0001,3136,,,9408,141120,150528,6.25,random
n02002556_white_stork,vgg16-7,global,True,-1,0.0001,1568,,,4704,145824,150528,3.125,random
n02002556_white_stork,vgg16-7,fix_mask,False,0,0.0001,50176,0.9273495078086853,"[0, 0, 223, 223]",47751,102777,150528,31.72233737244898,random
n02002556_white_stork,vgg16-7,fix_mask,False,0,0.0001,25088,0.9273495078086853,"[0, 0, 223, 223]",47751,102777,150528,31.72233737244898,random
n02002556_white_stork,vgg16-7,fix_mask,False,0,0.0001,12544,0.9273495078086853,"[0, 0, 223, 223]",37632,112896,150528,25.0,random
n02002556_white_stork,vgg16-7,fix_mask,False,0,0.0001,6272,0.9273495078086853,"[0, 0, 223, 223]",18816,131712,150528,12.5,random
n02002556_white_stork,vgg16-7,fix_mask,False,0,0.0001,3136,0.9273495078086853,"[0, 0, 223, 223]",9408,141120,150528,6.25,random
n02002556_white_stork,vgg16-7,fix_mask,False,0,0.0001,1568,0.9273495078086853,"[0, 0, 223, 223]",4704,145824,150528,3.125,random
n02002556_white_stork,vgg16-7,fix_nonmask,False,0,0.0001,50176,0.9273495078086853,"[0, 0, 223, 223]",102777,47751,150528,68.27766262755102,random
n02002556_white_stork,vgg16-7,fix_nonmask,False,0,0.0001,25088,0.9273495078086853,"[0, 0, 223, 223]",75264,75264,150528,50.0,random
n02002556_white_stork,vgg16-7,fix_nonmask,False,0,0.0001,12544,0.9273495078086853,"[0, 0, 223, 223]",37632,112896,150528,25.0,random
n02002556_white_stork,vgg16-7,fix_nonmask,False,0,0.0001,6272,0.9273495078086853,"[0, 0, 223, 223]",18816,131712,150528,12.5,random
n02002556_white_stork,vgg16-7,fix_nonmask,False,0,0.0001,3136,0.9273495078086853,"[0, 0, 223, 223]",9408,141120,150528,6.25,random
n02002556_white_stork,vgg16-7,fix_nonmask,False,0,0.0001,1568,0.9273495078086853,"[0, 0, 223, 223]",4704,145824,150528,3.125,random
n02002724_black_stork,vgg16-7,global,True,-1,0.0001,50176,,,150528,0,150528,100.0,random
n02002724_black_stork,vgg16-7,global,True,-1,0.0001,25088,,,75264,75264,150528,50.0,random
n02002724_black_stork,vgg16-7,global,True,-1,0.0001,12544,,,37632,112896,150528,25.0,random
n02002724_black_stork,vgg16-7,global,True,-1,0.0001,6272,,,18816,131712,150528,12.5,random
n02002724_black_stork,vgg16-7,global,True,-1,0.0001,3136,,,9408,141120,150528,6.25,random
n02002724_black_stork,vgg16-7,global,True,-1,0.0001,1568,,,4704,145824,150528,3.125,random
n02002724_black_stork,vgg16-7,fix_mask,False,0,0.0001,50176,0.8055413365364075,"[2, 0, 221, 223]",31548,118980,150528,20.958227040816325,random
n02002724_black_stork,vgg16-7,fix_mask,False,0,0.0001,25088,0.8055413365364075,"[2, 0, 221, 223]",31548,118980,150528,20.958227040816325,random
n02002724_black_stork,vgg16-7,fix_mask,False,0,0.0001,12544,0.8055413365364075,"[2, 0, 221, 223]",31548,118980,150528,20.958227040816325,random
n02002724_black_stork,vgg16-7,fix_mask,False,0,0.0001,6272,0.8055413365364075,"[2, 0, 221, 223]",18816,131712,150528,12.5,random
n02002724_black_stork,vgg16-7,fix_mask,False,0,0.0001,3136,0.8055413365364075,"[2, 0, 221, 223]",9408,141120,150528,6.25,random
n02002724_black_stork,vgg16-7,fix_mask,False,0,0.0001,1568,0.8055413365364075,"[2, 0, 221, 223]",4704,145824,150528,3.125,random
n02002724_black_stork,vgg16-7,fix_nonmask,False,0,0.0001,50176,0.8055413365364075,"[2, 0, 221, 223]",118980,31548,150528,79.04177295918367,random
n02002724_black_stork,vgg16-7,fix_nonmask,False,0,0.0001,25088,0.8055413365364075,"[2, 0, 221, 223]",75264,75264,150528,50.0,random
n02002724_black_stork,vgg16-7,fix_nonmask,False,0,0.0001,12544,0.8055413365364075,"[2, 0, 221, 223]",37632,112896,150528,25.0,random
n02002724_black_stork,vgg16-7,fix_nonmask,False,0,0.0001,6272,0.8055413365364075,"[2, 0, 221, 223]",18816,131712,150528,12.5,random
n02002724_black_stork,vgg16-7,fix_nonmask,False,0,0.0001,3136,0.8055413365364075,"[2, 0, 221, 223]",9408,141120,150528,6.25,random
n02002724_black_stork,vgg16-7,fix_nonmask,False,0,0.0001,1568,0.8055413365364075,"[2, 0, 221, 223]",4704,145824,150528,3.125,random
n02006656_spoonbill,vgg16-7,global,True,-1,0.0001,50176,,,150528,0,150528,100.0,random
n02006656_spoonbill,vgg16-7,global,True,-1,0.0001,25088,,,75264,75264,150528,50.0,random
n02006656_spoonbill,vgg16-7,global,True,-1,0.0001,12544,,,37632,112896,150528,25.0,random
n02006656_spoonbill,vgg16-7,global,True,-1,0.0001,6272,,,18816,131712,150528,12.5,random
n02006656_spoonbill,vgg16-7,global,True,-1,0.0001,3136,,,9408,141120,150528,6.25,random
n02006656_spoonbill,vgg16-7,global,True,-1,0.0001,1568,,,4704,145824,150528,3.125,random
n02006656_spoonbill,vgg16-7,fix_mask,False,0,0.0001,50176,0.9342787861824036,"[0, 0, 223, 223]",2397,148131,150528,1.5923947704081634,random
n02006656_spoonbill,vgg16-7,fix_mask,False,0,0.0001,25088,0.9342787861824036,"[0, 0, 223, 223]",2397,148131,150528,1.5923947704081634,random
n02006656_spoonbill,vgg16-7,fix_mask,False,0,0.0001,12544,0.9342787861824036,"[0, 0, 223, 223]",2397,148131,150528,1.5923947704081634,random
n02006656_spoonbill,vgg16-7,fix_mask,False,0,0.0001,6272,0.9342787861824036,"[0, 0, 223, 223]",2397,148131,150528,1.5923947704081634,random
n02006656_spoonbill,vgg16-7,fix_mask,False,0,0.0001,3136,0.9342787861824036,"[0, 0, 223, 223]",2397,148131,150528,1.5923947704081634,random
n02006656_spoonbill,vgg16-7,fix_mask,False,0,0.0001,1568,0.9342787861824036,"[0, 0, 223, 223]",2397,148131,150528,1.5923947704081634,random
n02006656_spoonbill,vgg16-7,fix_nonmask,False,0,0.0001,50176,0.9342787861824036,"[0, 0, 223, 223]",148131,2397,150528,98.40760522959184,random
n02006656_spoonbill,vgg16-7,fix_nonmask,False,0,0.0001,25088,0.9342787861824036,"[0, 0, 223, 223]",75264,75264,150528,50.0,random
n02006656_spoonbill,vgg16-7,fix_nonmask,False,0,0.0001,12544,0.9342787861824036,"[0, 0, 223, 223]",37632,112896,150528,25.0,random
n02006656_spoonbill,vgg16-7,fix_nonmask,False,0,0.0001,6272,0.9342787861824036,"[0, 0, 223, 223]",18816,131712,150528,12.5,random
n02006656_spoonbill,vgg16-7,fix_nonmask,False,0,0.0001,3136,0.9342787861824036,"[0, 0, 223, 223]",9408,141120,150528,6.25,random
n02006656_spoonbill,vgg16-7,fix_nonmask,False,0,0.0001,1568,0.9342787861824036,"[0, 0, 223, 223]",4704,145824,150528,3.125,random
n02007558_flamingo,vgg16-7,global,True,-1,0.0001,50176,,,150528,0,150528,100.0,random
n02007558_flamingo,vgg16-7,global,True,-1,0.0001,25088,,,75264,75264,150528,50.0,random
n02007558_flamingo,vgg16-7,global,True,-1,0.0001,12544,,,37632,112896,150528,25.0,random
n02007558_flamingo,vgg16-7,global,True,-1,0.0001,6272,,,18816,131712,150528,12.5,random
n02007558_flamingo,vgg16-7,global,True,-1,0.0001,3136,,,9408,141120,150528,6.25,random
n02007558_flamingo,vgg16-7,global,True,-1,0.0001,1568,,,4704,145824,150528,3.125,random
n02007558_flamingo,vgg16-7,fix_mask,False,0,0.0001,50176,0.7151637077331543,"[0, 0, 223, 223]",53253,97275,150528,35.37747130102041,random
n02007558_flamingo,vgg16-7,fix_mask,False,0,0.0001,25088,0.7151637077331543,"[0, 0, 223, 223]",53253,97275,150528,35.37747130102041,random
n02007558_flamingo,vgg16-7,fix_mask,False,0,0.0001,12544,0.7151637077331543,"[0, 0, 223, 223]",37632,112896,150528,25.0,random
n02007558_flamingo,vgg16-7,fix_mask,False,0,0.0001,6272,0.7151637077331543,"[0, 0, 223, 223]",18816,131712,150528,12.5,random
n02007558_flamingo,vgg16-7,fix_mask,False,0,0.0001,3136,0.7151637077331543,"[0, 0, 223, 223]",9408,141120,150528,6.25,random
n02007558_flamingo,vgg16-7,fix_mask,False,0,0.0001,1568,0.7151637077331543,"[0, 0, 223, 223]",4704,145824,150528,3.125,random
n02007558_flamingo,vgg16-7,fix_nonmask,False,0,0.0001,50176,0.7151637077331543,"[0, 0, 223, 223]",97275,53253,150528,64.6225286989796,random
n02007558_flamingo,vgg16-7,fix_nonmask,False,0,0.0001,25088,0.7151637077331543,"[0, 0, 223, 223]",75264,75264,150528,50.0,random
n02007558_flamingo,vgg16-7,fix_nonmask,False,0,0.0001,12544,0.7151637077331543,"[0, 0, 223, 223]",37632,112896,150528,25.0,random
n02007558_flamingo,vgg16-7,fix_nonmask,False,0,0.0001,6272,0.7151637077331543,"[0, 0, 223, 223]",18816,131712,150528,12.5,random
n02007558_flamingo,vgg16-7,fix_nonmask,False,0,0.0001,3136,0.7151637077331543,"[0, 0, 223, 223]",9408,141120,150528,6.25,random
n02007558_flamingo,vgg16-7,fix_nonmask,False,0,0.0001,1568,0.7151637077331543,"[0, 0, 223, 223]",4704,145824,150528,3.125,random
n02009229_little_blue_heron,vgg16-7,global,True,-1,0.0001,50176,,,150528,0,150528,100.0,random
n02009229_little_blue_heron,vgg16-7,global,True,-1,0.0001,25088,,,75264,75264,150528,50.0,random
n02009229_little_blue_heron,vgg16-7,global,True,-1,0.0001,12544,,,37632,112896,150528,25.0,random
n02009229_little_blue_heron,vgg16-7,global,True,-1,0.0001,6272,,,18816,131712,150528,12.5,random
n02009229_little_blue_heron,vgg16-7,global,True,-1,0.0001,3136,,,9408,141120,150528,6.25,random
n02009229_little_blue_heron,vgg16-7,global,True,-1,0.0001,1568,,,4704,145824,150528,3.125,random
n02009229_little_blue_heron,vgg16-7,fix_mask,False,0,0.0001,50176,0.8741950392723083,"[0, 0, 223, 223]",23310,127218,150528,15.485491071428571,random
n02009229_little_blue_heron,vgg16-7,fix_mask,False,0,0.0001,25088,0.8741950392723083,"[0, 0, 223, 223]",23310,127218,150528,15.485491071428571,random
n02009229_little_blue_heron,vgg16-7,fix_mask,False,0,0.0001,12544,0.8741950392723083,"[0, 0, 223, 223]",23310,127218,150528,15.485491071428571,random
n02009229_little_blue_heron,vgg16-7,fix_mask,False,0,0.0001,6272,0.8741950392723083,"[0, 0, 223, 223]",18816,131712,150528,12.5,random
n02009229_little_blue_heron,vgg16-7,fix_mask,False,0,0.0001,3136,0.8741950392723083,"[0, 0, 223, 223]",9408,141120,150528,6.25,random
n02009229_little_blue_heron,vgg16-7,fix_mask,False,0,0.0001,1568,0.8741950392723083,"[0, 0, 223, 223]",4704,145824,150528,3.125,random
n02009229_little_blue_heron,vgg16-7,fix_nonmask,False,0,0.0001,50176,0.8741950392723083,"[0, 0, 223, 223]",127218,23310,150528,84.51450892857143,random
n02009229_little_blue_heron,vgg16-7,fix_nonmask,False,0,0.0001,25088,0.8741950392723083,"[0, 0, 223, 223]",75264,75264,150528,50.0,random
n02009229_little_blue_heron,vgg16-7,fix_nonmask,False,0,0.0001,12544,0.8741950392723083,"[0, 0, 223, 223]",37632,112896,150528,25.0,random
n02009229_little_blue_heron,vgg16-7,fix_nonmask,False,0,0.0001,6272,0.8741950392723083,"[0, 0, 223, 223]",18816,131712,150528,12.5,random
n02009229_little_blue_heron,vgg16-7,fix_nonmask,False,0,0.0001,3136,0.8741950392723083,"[0, 0, 223, 223]",9408,141120,150528,6.25,random
n02009229_little_blue_heron,vgg16-7,fix_nonmask,False,0,0.0001,1568,0.8741950392723083,"[0, 0, 223, 223]",4704,145824,150528,3.125,random
n02009912_American_egret,vgg16-7,global,True,-1,0.0001,50176,,,150528,0,150528,100.0,random
n02009912_American_egret,vgg16-7,global,True,-1,0.0001,25088,,,75264,75264,150528,50.0,random
n02009912_American_egret,vgg16-7,global,True,-1,0.0001,12544,,,37632,112896,150528,25.0,random
n02009912_American_egret,vgg16-7,global,True,-1,0.0001,6272,,,18816,131712,150528,12.5,random
n02009912_American_egret,vgg16-7,global,True,-1,0.0001,3136,,,9408,141120,150528,6.25,random
n02009912_American_egret,vgg16-7,global,True,-1,0.0001,1568,,,4704,145824,150528,3.125,random
n02009912_American_egret,vgg16-7,fix_mask,False,0,0.0001,50176,0.9150630235671997,"[0, 0, 223, 223]",4029,146499,150528,2.676578443877551,random
n02009912_American_egret,vgg16-7,fix_mask,False,0,0.0001,25088,0.9150630235671997,"[0, 0, 223, 223]",4029,146499,150528,2.676578443877551,random
n02009912_American_egret,vgg16-7,fix_mask,False,0,0.0001,12544,0.9150630235671997,"[0, 0, 223, 223]",4029,146499,150528,2.676578443877551,random
n02009912_American_egret,vgg16-7,fix_mask,False,0,0.0001,6272,0.9150630235671997,"[0, 0, 223, 223]",4029,146499,150528,2.676578443877551,random
n02009912_American_egret,vgg16-7,fix_mask,False,0,0.0001,3136,0.9150630235671997,"[0, 0, 223, 223]",4029,146499,150528,2.676578443877551,random
n02009912_American_egret,vgg16-7,fix_mask,False,0,0.0001,1568,0.9150630235671997,"[0, 0, 223, 223]",4029,146499,150528,2.676578443877551,random
n02009912_American_egret,vgg16-7,fix_nonmask,False,0,0.0001,50176,0.9150630235671997,"[0, 0, 223, 223]",146499,4029,150528,97.32342155612245,random
n02009912_American_egret,vgg16-7,fix_nonmask,False,0,0.0001,25088,0.9150630235671997,"[0, 0, 223, 223]",75264,75264,150528,50.0,random
n02009912_American_egret,vgg16-7,fix_nonmask,False,0,0.0001,12544,0.9150630235671997,"[0, 0, 223, 223]",37632,112896,150528,25.0,random
n02009912_American_egret,vgg16-7,fix_nonmask,False,0,0.0001,6272,0.9150630235671997,"[0, 0, 223, 223]",18816,131712,150528,12.5,random
n02009912_American_egret,vgg16-7,fix_nonmask,False,0,0.0001,3136,0.9150630235671997,"[0, 0, 223, 223]",9408,141120,150528,6.25,random
n02009912_American_egret,vgg16-7,fix_nonmask,False,0,0.0001,1568,0.9150630235671997,"[0, 0, 223, 223]",4704,145824,150528,3.125,random
n02011460_bittern,vgg16-7,global,True,-1,0.0001,50176,,,150528,0,150528,100.0,random
n02011460_bittern,vgg16-7,global,True,-1,0.0001,25088,,,75264,75264,150528,50.0,random
n02011460_bittern,vgg16-7,global,True,-1,0.0001,12544,,,37632,112896,150528,25.0,random
n02011460_bittern,vgg16-7,global,True,-1,0.0001,6272,,,18816,131712,150528,12.5,random
n02011460_bittern,vgg16-7,global,True,-1,0.0001,3136,,,9408,141120,150528,6.25,random
n02011460_bittern,vgg16-7,global,True,-1,0.0001,1568,,,4704,145824,150528,3.125,random
n02011460_bittern,vgg16-7,fix_mask,False,0,0.0001,50176,0.7406380772590637,"[0, 0, 223, 223]",10722,139806,150528,7.122927295918367,random
n02011460_bittern,vgg16-7,fix_mask,False,0,0.0001,25088,0.7406380772590637,"[0, 0, 223, 223]",10722,139806,150528,7.122927295918367,random
n02011460_bittern,vgg16-7,fix_mask,False,0,0.0001,12544,0.7406380772590637,"[0, 0, 223, 223]",10722,139806,150528,7.122927295918367,random
n02011460_bittern,vgg16-7,fix_mask,False,0,0.0001,6272,0.7406380772590637,"[0, 0, 223, 223]",10722,139806,150528,7.122927295918367,random
n02011460_bittern,vgg16-7,fix_mask,False,0,0.0001,3136,0.7406380772590637,"[0, 0, 223, 223]",9408,141120,150528,6.25,random
n02011460_bittern,vgg16-7,fix_mask,False,0,0.0001,1568,0.7406380772590637,"[0, 0, 223, 223]",4704,145824,150528,3.125,random
n02011460_bittern,vgg16-7,fix_nonmask,False,0,0.0001,50176,0.7406380772590637,"[0, 0, 223, 223]",139806,10722,150528,92.87707270408163,random
n02011460_bittern,vgg16-7,fix_nonmask,False,0,0.0001,25088,0.7406380772590637,"[0, 0, 223, 223]",75264,75264,150528,50.0,random
n02011460_bittern,vgg16-7,fix_nonmask,False,0,0.0001,12544,0.7406380772590637,"[0, 0, 223, 223]",37632,112896,150528,25.0,random
n02011460_bittern,vgg16-7,fix_nonmask,False,0,0.0001,6272,0.7406380772590637,"[0, 0, 223, 223]",18816,131712,150528,12.5,random
n02011460_bittern,vgg16-7,fix_nonmask,False,0,0.0001,3136,0.7406380772590637,"[0, 0, 223, 223]",9408,141120,150528,6.25,random
n02011460_bittern,vgg16-7,fix_nonmask,False,0,0.0001,1568,0.7406380772590637,"[0, 0, 223, 223]",4704,145824,150528,3.125,random
n02012849_crane,vgg16-7,global,True,-1,0.0001,50176,,,150528,0,150528,100.0,random
n02012849_crane,vgg16-7,global,True,-1,0.0001,25088,,,75264,75264,150528,50.0,random
n02012849_crane,vgg16-7,global,True,-1,0.0001,12544,,,37632,112896,150528,25.0,random
n02012849_crane,vgg16-7,global,True,-1,0.0001,6272,,,18816,131712,150528,12.5,random
n02012849_crane,vgg16-7,global,True,-1,0.0001,3136,,,9408,141120,150528,6.25,random
n02012849_crane,vgg16-7,global,True,-1,0.0001,1568,,,4704,145824,150528,3.125,random
n02012849_crane,vgg16-7,fix_mask,False,0,0.0001,50176,0.8162031769752502,"[0, 0, 223, 223]",26298,124230,150528,17.470503826530614,random
n02012849_crane,vgg16-7,fix_mask,False,0,0.0001,25088,0.8162031769752502,"[0, 0, 223, 223]",26298,124230,150528,17.470503826530614,random
n02012849_crane,vgg16-7,fix_mask,False,0,0.0001,12544,0.8162031769752502,"[0, 0, 223, 223]",26298,124230,150528,17.470503826530614,random
n02012849_crane,vgg16-7,fix_mask,False,0,0.0001,6272,0.8162031769752502,"[0, 0, 223, 223]",18816,131712,150528,12.5,random
n02012849_crane,vgg16-7,fix_mask,False,0,0.0001,3136,0.8162031769752502,"[0, 0, 223, 223]",9408,141120,150528,6.25,random
n02012849_crane,vgg16-7,fix_mask,False,0,0.0001,1568,0.8162031769752502,"[0, 0, 223, 223]",4704,145824,150528,3.125,random
n02012849_crane,vgg16-7,fix_nonmask,False,0,0.0001,50176,0.8162031769752502,"[0, 0, 223, 223]",124230,26298,150528,82.52949617346938,random
n02012849_crane,vgg16-7,fix_nonmask,False,0,0.0001,25088,0.8162031769752502,"[0, 0, 223, 223]",75264,75264,150528,50.0,random
n02012849_crane,vgg16-7,fix_nonmask,False,0,0.0001,12544,0.8162031769752502,"[0, 0, 223, 223]",37632,112896,150528,25.0,random
n02012849_crane,vgg16-7,fix_nonmask,False,0,0.0001,6272,0.8162031769752502,"[0, 0, 223, 223]",18816,131712,150528,12.5,random
n02012849_crane,vgg16-7,fix_nonmask,False,0,0.0001,3136,0.8162031769752502,"[0, 0, 223, 223]",9408,141120,150528,6.25,random
n02012849_crane,vgg16-7,fix_nonmask,False,0,0.0001,1568,0.8162031769752502,"[0, 0, 223, 223]",4704,145824,150528,3.125,random
n02013706_limpkin,vgg16-7,global,True,-1,0.0001,50176,,,150528,0,150528,100.0,random
n02013706_limpkin,vgg16-7,global,True,-1,0.0001,25088,,,75264,75264,150528,50.0,random
n02013706_limpkin,vgg16-7,global,True,-1,0.0001,12544,,,37632,112896,150528,25.0,random
n02013706_limpkin,vgg16-7,global,True,-1,0.0001,6272,,,18816,131712,150528,12.5,random
n02013706_limpkin,vgg16-7,global,True,-1,0.0001,3136,,,9408,141120,150528,6.25,random
n02013706_limpkin,vgg16-7,global,True,-1,0.0001,1568,,,4704,145824,150528,3.125,random
n02013706_limpkin,vgg16-7,fix_mask,False,0,0.0001,50176,0.7479360699653625,"[1, 0, 223, 223]",92961,57567,150528,61.756616709183675,random
n02013706_limpkin,vgg16-7,fix_mask,False,0,0.0001,25088,0.7479360699653625,"[1, 0, 223, 223]",75264,75264,150528,50.0,random
n02013706_limpkin,vgg16-7,fix_mask,False,0,0.0001,12544,0.7479360699653625,"[1, 0, 223, 223]",37632,112896,150528,25.0,random
n02013706_limpkin,vgg16-7,fix_mask,False,0,0.0001,6272,0.7479360699653625,"[1, 0, 223, 223]",18816,131712,150528,12.5,random
n02013706_limpkin,vgg16-7,fix_mask,False,0,0.0001,3136,0.7479360699653625,"[1, 0, 223, 223]",9408,141120,150528,6.25,random
n02013706_limpkin,vgg16-7,fix_mask,False,0,0.0001,1568,0.7479360699653625,"[1, 0, 223, 223]",4704,145824,150528,3.125,random
n02013706_limpkin,vgg16-7,fix_nonmask,False,0,0.0001,50176,0.7479360699653625,"[1, 0, 223, 223]",57567,92961,150528,38.243383290816325,random
n02013706_limpkin,vgg16-7,fix_nonmask,False,0,0.0001,25088,0.7479360699653625,"[1, 0, 223, 223]",57567,92961,150528,38.243383290816325,random
n02013706_limpkin,vgg16-7,fix_nonmask,False,0,0.0001,12544,0.7479360699653625,"[1, 0, 223, 223]",37632,112896,150528,25.0,random
n02013706_limpkin,vgg16-7,fix_nonmask,False,0,0.0001,6272,0.7479360699653625,"[1, 0, 223, 223]",18816,131712,150528,12.5,random
n02013706_limpkin,vgg16-7,fix_nonmask,False,0,0.0001,3136,0.7479360699653625,"[1, 0, 223, 223]",9408,141120,150528,6.25,random
n02013706_limpkin,vgg16-7,fix_nonmask,False,0,0.0001,1568,0.7479360699653625,"[1, 0, 223, 223]",4704,145824,150528,3.125,random
n02017213_European_gallinule,vgg16-7,global,True,-1,0.0001,50176,,,150528,0,150528,100.0,random
n02017213_European_gallinule,vgg16-7,global,True,-1,0.0001,25088,,,75264,75264,150528,50.0,random
n02017213_European_gallinule,vgg16-7,global,True,-1,0.0001,12544,,,37632,112896,150528,25.0,random
n02017213_European_gallinule,vgg16-7,global,True,-1,0.0001,6272,,,18816,131712,150528,12.5,random
n02017213_European_gallinule,vgg16-7,global,True,-1,0.0001,3136,,,9408,141120,150528,6.25,random
n02017213_European_gallinule,vgg16-7,global,True,-1,0.0001,1568,,,4704,145824,150528,3.125,random
n02017213_European_gallinule,vgg16-7,fix_mask,False,0,0.0001,50176,0.6338061094284058,"[0, 12, 223, 223]",91668,58860,150528,60.89764030612245,random
n02017213_European_gallinule,vgg16-7,fix_mask,False,0,0.0001,25088,0.6338061094284058,"[0, 12, 223, 223]",75264,75264,150528,50.0,random
n02017213_European_gallinule,vgg16-7,fix_mask,False,0,0.0001,12544,0.6338061094284058,"[0, 12, 223, 223]",37632,112896,150528,25.0,random
n02017213_European_gallinule,vgg16-7,fix_mask,False,0,0.0001,6272,0.6338061094284058,"[0, 12, 223, 223]",18816,131712,150528,12.5,random
n02017213_European_gallinule,vgg16-7,fix_mask,False,0,0.0001,3136,0.6338061094284058,"[0, 12, 223, 223]",9408,141120,150528,6.25,random
n02017213_European_gallinule,vgg16-7,fix_mask,False,0,0.0001,1568,0.6338061094284058,"[0, 12, 223, 223]",4704,145824,150528,3.125,random
n02017213_European_gallinule,vgg16-7,fix_nonmask,False,0,0.0001,50176,0.6338061094284058,"[0, 12, 223, 223]",58860,91668,150528,39.10235969387755,random
n02017213_European_gallinule,vgg16-7,fix_nonmask,False,0,0.0001,25088,0.6338061094284058,"[0, 12, 223, 223]",58860,91668,150528,39.10235969387755,random
n02017213_European_gallinule,vgg16-7,fix_nonmask,False,0,0.0001,12544,0.6338061094284058,"[0, 12, 223, 223]",37632,112896,150528,25.0,random
n02017213_European_gallinule,vgg16-7,fix_nonmask,False,0,0.0001,6272,0.6338061094284058,"[0, 12, 223, 223]",18816,131712,150528,12.5,random
n02017213_European_gallinule,vgg16-7,fix_nonmask,False,0,0.0001,3136,0.6338061094284058,"[0, 12, 223, 223]",9408,141120,150528,6.25,random
n02017213_European_gallinule,vgg16-7,fix_nonmask,False,0,0.0001,1568,0.6338061094284058,"[0, 12, 223, 223]",4704,145824,150528,3.125,random
n02018207_American_coot,vgg16-7,global,True,-1,0.0001,50176,,,150528,0,150528,100.0,random
n02018207_American_coot,vgg16-7,global,True,-1,0.0001,25088,,,75264,75264,150528,50.0,random
n02018207_American_coot,vgg16-7,global,True,-1,0.0001,12544,,,37632,112896,150528,25.0,random
n02018207_American_coot,vgg16-7,global,True,-1,0.0001,6272,,,18816,131712,150528,12.5,random
n02018207_American_coot,vgg16-7,global,True,-1,0.0001,3136,,,9408,141120,150528,6.25,random
n02018207_American_coot,vgg16-7,global,True,-1,0.0001,1568,,,4704,145824,150528,3.125,random
n02018207_American_coot,vgg16-7,fix_mask,False,0,0.0001,50176,0.8024420738220215,"[0, 0, 223, 223]",4584,145944,150528,3.045280612244898,random
n02018207_American_coot,vgg16-7,fix_mask,False,0,0.0001,25088,0.8024420738220215,"[0, 0, 223, 223]",4584,145944,150528,3.045280612244898,random
n02018207_American_coot,vgg16-7,fix_mask,False,0,0.0001,12544,0.8024420738220215,"[0, 0, 223, 223]",4584,145944,150528,3.045280612244898,random
n02018207_American_coot,vgg16-7,fix_mask,False,0,0.0001,6272,0.8024420738220215,"[0, 0, 223, 223]",4584,145944,150528,3.045280612244898,random
n02018207_American_coot,vgg16-7,fix_mask,False,0,0.0001,3136,0.8024420738220215,"[0, 0, 223, 223]",4584,145944,150528,3.045280612244898,random
n02018207_American_coot,vgg16-7,fix_mask,False,0,0.0001,1568,0.8024420738220215,"[0, 0, 223, 223]",4584,145944,150528,3.045280612244898,random
n02018207_American_coot,vgg16-7,fix_nonmask,False,0,0.0001,50176,0.8024420738220215,"[0, 0, 223, 223]",145944,4584,150528,96.9547193877551,random
n02018207_American_coot,vgg16-7,fix_nonmask,False,0,0.0001,25088,0.8024420738220215,"[0, 0, 223, 223]",75264,75264,150528,50.0,random
n02018207_American_coot,vgg16-7,fix_nonmask,False,0,0.0001,12544,0.8024420738220215,"[0, 0, 223, 223]",37632,112896,150528,25.0,random
n02018207_American_coot,vgg16-7,fix_nonmask,False,0,0.0001,6272,0.8024420738220215,"[0, 0, 223, 223]",18816,131712,150528,12.5,random
n02018207_American_coot,vgg16-7,fix_nonmask,False,0,0.0001,3136,0.8024420738220215,"[0, 0, 223, 223]",9408,141120,150528,6.25,random
n02018207_American_coot,vgg16-7,fix_nonmask,False,0,0.0001,1568,0.8024420738220215,"[0, 0, 223, 223]",4704,145824,150528,3.125,random
n02018795_bustard,vgg16-7,global,True,-1,0.0001,50176,,,150528,0,150528,100.0,random
n02018795_bustard,vgg16-7,global,True,-1,0.0001,25088,,,75264,75264,150528,50.0,random
n02018795_bustard,vgg16-7,global,True,-1,0.0001,12544,,,37632,112896,150528,25.0,random
n02018795_bustard,vgg16-7,global,True,-1,0.0001,6272,,,18816,131712,150528,12.5,random
n02018795_bustard,vgg16-7,global,True,-1,0.0001,3136,,,9408,141120,150528,6.25,random
n02018795_bustard,vgg16-7,global,True,-1,0.0001,1568,,,4704,145824,150528,3.125,random
n02018795_bustard,vgg16-7,fix_mask,False,0,0.0001,50176,0.7597489356994629,"[0, 1, 223, 223]",61650,88878,150528,40.955835459183675,random
n02018795_bustard,vgg16-7,fix_mask,False,0,0.0001,25088,0.7597489356994629,"[0, 1, 223, 223]",61650,88878,150528,40.955835459183675,random
n02018795_bustard,vgg16-7,fix_mask,False,0,0.0001,12544,0.7597489356994629,"[0, 1, 223, 223]",37632,112896,150528,25.0,random
n02018795_bustard,vgg16-7,fix_mask,False,0,0.0001,6272,0.7597489356994629,"[0, 1, 223, 223]",18816,131712,150528,12.5,random
n02018795_bustard,vgg16-7,fix_mask,False,0,0.0001,3136,0.7597489356994629,"[0, 1, 223, 223]",9408,141120,150528,6.25,random
n02018795_bustard,vgg16-7,fix_mask,False,0,0.0001,1568,0.7597489356994629,"[0, 1, 223, 223]",4704,145824,150528,3.125,random
n02018795_bustard,vgg16-7,fix_nonmask,False,0,0.0001,50176,0.7597489356994629,"[0, 1, 223, 223]",88878,61650,150528,59.044164540816325,random
n02018795_bustard,vgg16-7,fix_nonmask,False,0,0.0001,25088,0.7597489356994629,"[0, 1, 223, 223]",75264,75264,150528,50.0,random
n02018795_bustard,vgg16-7,fix_nonmask,False,0,0.0001,12544,0.7597489356994629,"[0, 1, 223, 223]",37632,112896,150528,25.0,random
n02018795_bustard,vgg16-7,fix_nonmask,False,0,0.0001,6272,0.7597489356994629,"[0, 1, 223, 223]",18816,131712,150528,12.5,random
n02018795_bustard,vgg16-7,fix_nonmask,False,0,0.0001,3136,0.7597489356994629,"[0, 1, 223, 223]",9408,141120,150528,6.25,random
n02018795_bustard,vgg16-7,fix_nonmask,False,0,0.0001,1568,0.7597489356994629,"[0, 1, 223, 223]",4704,145824,150528,3.125,random
n02025239_ruddy_turnstone,vgg16-7,global,True,-1,0.0001,50176,,,150528,0,150528,100.0,random
n02025239_ruddy_turnstone,vgg16-7,global,True,-1,0.0001,25088,,,75264,75264,150528,50.0,random
n02025239_ruddy_turnstone,vgg16-7,global,True,-1,0.0001,12544,,,37632,112896,150528,25.0,random
n02025239_ruddy_turnstone,vgg16-7,global,True,-1,0.0001,6272,,,18816,131712,150528,12.5,random
n02025239_ruddy_turnstone,vgg16-7,global,True,-1,0.0001,3136,,,9408,141120,150528,6.25,random
n02025239_ruddy_turnstone,vgg16-7,global,True,-1,0.0001,1568,,,4704,145824,150528,3.125,random
n02025239_ruddy_turnstone,vgg16-7,fix_mask,False,0,0.0001,50176,0.8655214309692383,"[0, 0, 223, 223]",37827,112701,150528,25.12954400510204,random
n02025239_ruddy_turnstone,vgg16-7,fix_mask,False,0,0.0001,25088,0.8655214309692383,"[0, 0, 223, 223]",37827,112701,150528,25.12954400510204,random
n02025239_ruddy_turnstone,vgg16-7,fix_mask,False,0,0.0001,12544,0.8655214309692383,"[0, 0, 223, 223]",37632,112896,150528,25.0,random
n02025239_ruddy_turnstone,vgg16-7,fix_mask,False,0,0.0001,6272,0.8655214309692383,"[0, 0, 223, 223]",18816,131712,150528,12.5,random
n02025239_ruddy_turnstone,vgg16-7,fix_mask,False,0,0.0001,3136,0.8655214309692383,"[0, 0, 223, 223]",9408,141120,150528,6.25,random
n02025239_ruddy_turnstone,vgg16-7,fix_mask,False,0,0.0001,1568,0.8655214309692383,"[0, 0, 223, 223]",4704,145824,150528,3.125,random
n02025239_ruddy_turnstone,vgg16-7,fix_nonmask,False,0,0.0001,50176,0.8655214309692383,"[0, 0, 223, 223]",112701,37827,150528,74.87045599489795,random
n02025239_ruddy_turnstone,vgg16-7,fix_nonmask,False,0,0.0001,25088,0.8655214309692383,"[0, 0, 223, 223]",75264,75264,150528,50.0,random
n02025239_ruddy_turnstone,vgg16-7,fix_nonmask,False,0,0.0001,12544,0.8655214309692383,"[0, 0, 223, 223]",37632,112896,150528,25.0,random
n02025239_ruddy_turnstone,vgg16-7,fix_nonmask,False,0,0.0001,6272,0.8655214309692383,"[0, 0, 223, 223]",18816,131712,150528,12.5,random
n02025239_ruddy_turnstone,vgg16-7,fix_nonmask,False,0,0.0001,3136,0.8655214309692383,"[0, 0, 223, 223]",9408,141120,150528,6.25,random
n02025239_ruddy_turnstone,vgg16-7,fix_nonmask,False,0,0.0001,1568,0.8655214309692383,"[0, 0, 223, 223]",4704,145824,150528,3.125,random
n02027492_red-backed_sandpiper,vgg16-7,global,True,-1,0.0001,50176,,,150528,0,150528,100.0,random
n02027492_red-backed_sandpiper,vgg16-7,global,True,-1,0.0001,25088,,,75264,75264,150528,50.0,random
n02027492_red-backed_sandpiper,vgg16-7,global,True,-1,0.0001,12544,,,37632,112896,150528,25.0,random
n02027492_red-backed_sandpiper,vgg16-7,global,True,-1,0.0001,6272,,,18816,131712,150528,12.5,random
n02027492_red-backed_sandpiper,vgg16-7,global,True,-1,0.0001,3136,,,9408,141120,150528,6.25,random
n02027492_red-backed_sandpiper,vgg16-7,global,True,-1,0.0001,1568,,,4704,145824,150528,3.125,random
n02027492_red-backed_sandpiper,vgg16-7,fix_mask,False,0,0.0001,50176,0.9147173166275024,"[0, 0, 223, 223]",3423,147105,150528,2.2739955357142856,random
n02027492_red-backed_sandpiper,vgg16-7,fix_mask,False,0,0.0001,25088,0.9147173166275024,"[0, 0, 223, 223]",3423,147105,150528,2.2739955357142856,random
n02027492_red-backed_sandpiper,vgg16-7,fix_mask,False,0,0.0001,12544,0.9147173166275024,"[0, 0, 223, 223]",3423,147105,150528,2.2739955357142856,random
n02027492_red-backed_sandpiper,vgg16-7,fix_mask,False,0,0.0001,6272,0.9147173166275024,"[0, 0, 223, 223]",3423,147105,150528,2.2739955357142856,random
n02027492_red-backed_sandpiper,vgg16-7,fix_mask,False,0,0.0001,3136,0.9147173166275024,"[0, 0, 223, 223]",3423,147105,150528,2.2739955357142856,random
n02027492_red-backed_sandpiper,vgg16-7,fix_mask,False,0,0.0001,1568,0.9147173166275024,"[0, 0, 223, 223]",3423,147105,150528,2.2739955357142856,random
n02027492_red-backed_sandpiper,vgg16-7,fix_nonmask,False,0,0.0001,50176,0.9147173166275024,"[0, 0, 223, 223]",147105,3423,150528,97.72600446428571,random
n02027492_red-backed_sandpiper,vgg16-7,fix_nonmask,False,0,0.0001,25088,0.9147173166275024,"[0, 0, 223, 223]",75264,75264,150528,50.0,random
n02027492_red-backed_sandpiper,vgg16-7,fix_nonmask,False,0,0.0001,12544,0.9147173166275024,"[0, 0, 223, 223]",37632,112896,150528,25.0,random
n02027492_red-backed_sandpiper,vgg16-7,fix_nonmask,False,0,0.0001,6272,0.9147173166275024,"[0, 0, 223, 223]",18816,131712,150528,12.5,random
n02027492_red-backed_sandpiper,vgg16-7,fix_nonmask,False,0,0.0001,3136,0.9147173166275024,"[0, 0, 223, 223]",9408,141120,150528,6.25,random
n02027492_red-backed_sandpiper,vgg16-7,fix_nonmask,False,0,0.0001,1568,0.9147173166275024,"[0, 0, 223, 223]",4704,145824,150528,3.125,random
n02028035_redshank,vgg16-7,global,True,-1,0.0001,50176,,,150528,0,150528,100.0,random
n02028035_redshank,vgg16-7,global,True,-1,0.0001,25088,,,75264,75264,150528,50.0,random
n02028035_redshank,vgg16-7,global,True,-1,0.0001,12544,,,37632,112896,150528,25.0,random
n02028035_redshank,vgg16-7,global,True,-1,0.0001,6272,,,18816,131712,150528,12.5,random
n02028035_redshank,vgg16-7,global,True,-1,0.0001,3136,,,9408,141120,150528,6.25,random
n02028035_redshank,vgg16-7,global,True,-1,0.0001,1568,,,4704,145824,150528,3.125,random
n02028035_redshank,vgg16-7,fix_mask,False,0,0.0001,50176,0.9201093912124634,"[0, 0, 223, 222]",3393,147135,150528,2.25406568877551,random
n02028035_redshank,vgg16-7,fix_mask,False,0,0.0001,25088,0.9201093912124634,"[0, 0, 223, 222]",3393,147135,150528,2.25406568877551,random
n02028035_redshank,vgg16-7,fix_mask,False,0,0.0001,12544,0.9201093912124634,"[0, 0, 223, 222]",3393,147135,150528,2.25406568877551,random
n02028035_redshank,vgg16-7,fix_mask,False,0,0.0001,6272,0.9201093912124634,"[0, 0, 223, 222]",3393,147135,150528,2.25406568877551,random
n02028035_redshank,vgg16-7,fix_mask,False,0,0.0001,3136,0.9201093912124634,"[0, 0, 223, 222]",3393,147135,150528,2.25406568877551,random
n02028035_redshank,vgg16-7,fix_mask,False,0,0.0001,1568,0.9201093912124634,"[0, 0, 223, 222]",3393,147135,150528,2.25406568877551,random
n02028035_redshank,vgg16-7,fix_nonmask,False,0,0.0001,50176,0.9201093912124634,"[0, 0, 223, 222]",147135,3393,150528,97.74593431122449,random
n02028035_redshank,vgg16-7,fix_nonmask,False,0,0.0001,25088,0.9201093912124634,"[0, 0, 223, 222]",75264,75264,150528,50.0,random
n02028035_redshank,vgg16-7,fix_nonmask,False,0,0.0001,12544,0.9201093912124634,"[0, 0, 223, 222]",37632,112896,150528,25.0,random
n02028035_redshank,vgg16-7,fix_nonmask,False,0,0.0001,6272,0.9201093912124634,"[0, 0, 223, 222]",18816,131712,150528,12.5,random
n02028035_redshank,vgg16-7,fix_nonmask,False,0,0.0001,3136,0.9201093912124634,"[0, 0, 223, 222]",9408,141120,150528,6.25,random
n02028035_redshank,vgg16-7,fix_nonmask,False,0,0.0001,1568,0.9201093912124634,"[0, 0, 223, 222]",4704,145824,150528,3.125,random
n02033041_dowitcher,vgg16-7,global,True,-1,0.0001,50176,,,150528,0,150528,100.0,random
n02033041_dowitcher,vgg16-7,global,True,-1,0.0001,25088,,,75264,75264,150528,50.0,random
n02033041_dowitcher,vgg16-7,global,True,-1,0.0001,12544,,,37632,112896,150528,25.0,random
n02033041_dowitcher,vgg16-7,global,True,-1,0.0001,6272,,,18816,131712,150528,12.5,random
n02033041_dowitcher,vgg16-7,global,True,-1,0.0001,3136,,,9408,141120,150528,6.25,random
n02033041_dowitcher,vgg16-7,global,True,-1,0.0001,1568,,,4704,145824,150528,3.125,random
n02033041_dowitcher,vgg16-7,fix_mask,False,0,0.0001,50176,0.8100311160087585,"[0, 0, 223, 223]",18504,132024,150528,12.292729591836734,random
n02033041_dowitcher,vgg16-7,fix_mask,False,0,0.0001,25088,0.8100311160087585,"[0, 0, 223, 223]",18504,132024,150528,12.292729591836734,random
n02033041_dowitcher,vgg16-7,fix_mask,False,0,0.0001,12544,0.8100311160087585,"[0, 0, 223, 223]",18504,132024,150528,12.292729591836734,random
n02033041_dowitcher,vgg16-7,fix_mask,False,0,0.0001,6272,0.8100311160087585,"[0, 0, 223, 223]",18504,132024,150528,12.292729591836734,random
n02033041_dowitcher,vgg16-7,fix_mask,False,0,0.0001,3136,0.8100311160087585,"[0, 0, 223, 223]",9408,141120,150528,6.25,random
n02033041_dowitcher,vgg16-7,fix_mask,False,0,0.0001,1568,0.8100311160087585,"[0, 0, 223, 223]",4704,145824,150528,3.125,random
n02033041_dowitcher,vgg16-7,fix_nonmask,False,0,0.0001,50176,0.8100311160087585,"[0, 0, 223, 223]",132024,18504,150528,87.70727040816327,random
n02033041_dowitcher,vgg16-7,fix_nonmask,False,0,0.0001,25088,0.8100311160087585,"[0, 0, 223, 223]",75264,75264,150528,50.0,random
n02033041_dowitcher,vgg16-7,fix_nonmask,False,0,0.0001,12544,0.8100311160087585,"[0, 0, 223, 223]",37632,112896,150528,25.0,random
n02033041_dowitcher,vgg16-7,fix_nonmask,False,0,0.0001,6272,0.8100311160087585,"[0, 0, 223, 223]",18816,131712,150528,12.5,random
n02033041_dowitcher,vgg16-7,fix_nonmask,False,0,0.0001,3136,0.8100311160087585,"[0, 0, 223, 223]",9408,141120,150528,6.25,random
n02033041_dowitcher,vgg16-7,fix_nonmask,False,0,0.0001,1568,0.8100311160087585,"[0, 0, 223, 223]",4704,145824,150528,3.125,random
n02037110_oystercatcher,vgg16-7,global,True,-1,0.0001,50176,,,150528,0,150528,100.0,random
n02037110_oystercatcher,vgg16-7,global,True,-1,0.0001,25088,,,75264,75264,150528,50.0,random
n02037110_oystercatcher,vgg16-7,global,True,-1,0.0001,12544,,,37632,112896,150528,25.0,random
n02037110_oystercatcher,vgg16-7,global,True,-1,0.0001,6272,,,18816,131712,150528,12.5,random
n02037110_oystercatcher,vgg16-7,global,True,-1,0.0001,3136,,,9408,141120,150528,6.25,random
n02037110_oystercatcher,vgg16-7,global,True,-1,0.0001,1568,,,4704,145824,150528,3.125,random
n02037110_oystercatcher,vgg16-7,fix_mask,False,0,0.0001,50176,0.8058772683143616,"[0, 0, 223, 223]",369,150159,150528,0.24513711734693877,random
n02037110_oystercatcher,vgg16-7,fix_mask,False,0,0.0001,25088,0.8058772683143616,"[0, 0, 223, 223]",369,150159,150528,0.24513711734693877,random
n02037110_oystercatcher,vgg16-7,fix_mask,False,0,0.0001,12544,0.8058772683143616,"[0, 0, 223, 223]",369,150159,150528,0.24513711734693877,random
n02037110_oystercatcher,vgg16-7,fix_mask,False,0,0.0001,6272,0.8058772683143616,"[0, 0, 223, 223]",369,150159,150528,0.24513711734693877,random
n02037110_oystercatcher,vgg16-7,fix_mask,False,0,0.0001,3136,0.8058772683143616,"[0, 0, 223, 223]",369,150159,150528,0.24513711734693877,random
n02037110_oystercatcher,vgg16-7,fix_mask,False,0,0.0001,1568,0.8058772683143616,"[0, 0, 223, 223]",369,150159,150528,0.24513711734693877,random
n02037110_oystercatcher,vgg16-7,fix_nonmask,False,0,0.0001,50176,0.8058772683143616,"[0, 0, 223, 223]",150159,369,150528,99.75486288265306,random
n02037110_oystercatcher,vgg16-7,fix_nonmask,False,0,0.0001,25088,0.8058772683143616,"[0, 0, 223, 223]",75264,75264,150528,50.0,random
n02037110_oystercatcher,vgg16-7,fix_nonmask,False,0,0.0001,12544,0.8058772683143616,"[0, 0, 223, 223]",37632,112896,150528,25.0,random
n02037110_oystercatcher,vgg16-7,fix_nonmask,False,0,0.0001,6272,0.8058772683143616,"[0, 0, 223, 223]",18816,131712,150528,12.5,random
n02037110_oystercatcher,vgg16-7,fix_nonmask,False,0,0.0001,3136,0.8058772683143616,"[0, 0, 223, 223]",9408,141120,150528,6.25,random
n02037110_oystercatcher,vgg16-7,fix_nonmask,False,0,0.0001,1568,0.8058772683143616,"[0, 0, 223, 223]",4704,145824,150528,3.125,random
n02051845_pelican,vgg16-7,global,True,-1,0.0001,50176,,,150528,0,150528,100.0,random
n02051845_pelican,vgg16-7,global,True,-1,0.0001,25088,,,75264,75264,150528,50.0,random
n02051845_pelican,vgg16-7,global,True,-1,0.0001,12544,,,37632,112896,150528,25.0,random
n02051845_pelican,vgg16-7,global,True,-1,0.0001,6272,,,18816,131712,150528,12.5,random
n02051845_pelican,vgg16-7,global,True,-1,0.0001,3136,,,9408,141120,150528,6.25,random
n02051845_pelican,vgg16-7,global,True,-1,0.0001,1568,,,4704,145824,150528,3.125,random
n02051845_pelican,vgg16-7,fix_mask,False,0,0.0001,50176,0.8604023456573486,"[0, 0, 223, 223]",81240,69288,150528,53.97002551020408,random
n02051845_pelican,vgg16-7,fix_mask,False,0,0.0001,25088,0.8604023456573486,"[0, 0, 223, 223]",75264,75264,150528,50.0,random
n02051845_pelican,vgg16-7,fix_mask,False,0,0.0001,12544,0.8604023456573486,"[0, 0, 223, 223]",37632,112896,150528,25.0,random
n02051845_pelican,vgg16-7,fix_mask,False,0,0.0001,6272,0.8604023456573486,"[0, 0, 223, 223]",18816,131712,150528,12.5,random
n02051845_pelican,vgg16-7,fix_mask,False,0,0.0001,3136,0.8604023456573486,"[0, 0, 223, 223]",9408,141120,150528,6.25,random
n02051845_pelican,vgg16-7,fix_mask,False,0,0.0001,1568,0.8604023456573486,"[0, 0, 223, 223]",4704,145824,150528,3.125,random
n02051845_pelican,vgg16-7,fix_nonmask,False,0,0.0001,50176,0.8604023456573486,"[0, 0, 223, 223]",69288,81240,150528,46.02997448979592,random
n02051845_pelican,vgg16-7,fix_nonmask,False,0,0.0001,25088,0.8604023456573486,"[0, 0, 223, 223]",69288,81240,150528,46.02997448979592,random
n02051845_pelican,vgg16-7,fix_nonmask,False,0,0.0001,12544,0.8604023456573486,"[0, 0, 223, 223]",37632,112896,150528,25.0,random
n02051845_pelican,vgg16-7,fix_nonmask,False,0,0.0001,6272,0.8604023456573486,"[0, 0, 223, 223]",18816,131712,150528,12.5,random
n02051845_pelican,vgg16-7,fix_nonmask,False,0,0.0001,3136,0.8604023456573486,"[0, 0, 223, 223]",9408,141120,150528,6.25,random
n02051845_pelican,vgg16-7,fix_nonmask,False,0,0.0001,1568,0.8604023456573486,"[0, 0, 223, 223]",4704,145824,150528,3.125,random
n02056570_king_penguin,vgg16-7,global,True,-1,0.0001,50176,,,150528,0,150528,100.0,random
n02056570_king_penguin,vgg16-7,global,True,-1,0.0001,25088,,,75264,75264,150528,50.0,random
n02056570_king_penguin,vgg16-7,global,True,-1,0.0001,12544,,,37632,112896,150528,25.0,random
n02056570_king_penguin,vgg16-7,global,True,-1,0.0001,6272,,,18816,131712,150528,12.5,random
n02056570_king_penguin,vgg16-7,global,True,-1,0.0001,3136,,,9408,141120,150528,6.25,random
n02056570_king_penguin,vgg16-7,global,True,-1,0.0001,1568,,,4704,145824,150528,3.125,random
n02056570_king_penguin,vgg16-7,fix_mask,False,0,0.0001,50176,0.7625464200973511,"[0, 0, 223, 223]",58506,92022,150528,38.8671875,random
n02056570_king_penguin,vgg16-7,fix_mask,False,0,0.0001,25088,0.7625464200973511,"[0, 0, 223, 223]",58506,92022,150528,38.8671875,random
n02056570_king_penguin,vgg16-7,fix_mask,False,0,0.0001,12544,0.7625464200973511,"[0, 0, 223, 223]",37632,112896,150528,25.0,random
n02056570_king_penguin,vgg16-7,fix_mask,False,0,0.0001,6272,0.7625464200973511,"[0, 0, 223, 223]",18816,131712,150528,12.5,random
n02056570_king_penguin,vgg16-7,fix_mask,False,0,0.0001,3136,0.7625464200973511,"[0, 0, 223, 223]",9408,141120,150528,6.25,random
n02056570_king_penguin,vgg16-7,fix_mask,False,0,0.0001,1568,0.7625464200973511,"[0, 0, 223, 223]",4704,145824,150528,3.125,random
n02056570_king_penguin,vgg16-7,fix_nonmask,False,0,0.0001,50176,0.7625464200973511,"[0, 0, 223, 223]",92022,58506,150528,61.1328125,random
n02056570_king_penguin,vgg16-7,fix_nonmask,False,0,0.0001,25088,0.7625464200973511,"[0, 0, 223, 223]",75264,75264,150528,50.0,random
n02056570_king_penguin,vgg16-7,fix_nonmask,False,0,0.0001,12544,0.7625464200973511,"[0, 0, 223, 223]",37632,112896,150528,25.0,random
n02056570_king_penguin,vgg16-7,fix_nonmask,False,0,0.0001,6272,0.7625464200973511,"[0, 0, 223, 223]",18816,131712,150528,12.5,random
n02056570_king_penguin,vgg16-7,fix_nonmask,False,0,0.0001,3136,0.7625464200973511,"[0, 0, 223, 223]",9408,141120,150528,6.25,random
n02056570_king_penguin,vgg16-7,fix_nonmask,False,0,0.0001,1568,0.7625464200973511,"[0, 0, 223, 223]",4704,145824,150528,3.125,random
n02058221_albatross,vgg16-7,global,True,-1,0.0001,50176,,,150528,0,150528,100.0,random
n02058221_albatross,vgg16-7,global,True,-1,0.0001,25088,,,75264,75264,150528,50.0,random
n02058221_albatross,vgg16-7,global,True,-1,0.0001,12544,,,37632,112896,150528,25.0,random
n02058221_albatross,vgg16-7,global,True,-1,0.0001,6272,,,18816,131712,150528,12.5,random
n02058221_albatross,vgg16-7,global,True,-1,0.0001,3136,,,9408,141120,150528,6.25,random
n02058221_albatross,vgg16-7,global,True,-1,0.0001,1568,,,4704,145824,150528,3.125,random
n02058221_albatross,vgg16-7,fix_mask,False,0,0.0001,50176,0.9089992642402649,"[0, 0, 223, 223]",35178,115350,150528,23.369738520408163,random
n02058221_albatross,vgg16-7,fix_mask,False,0,0.0001,25088,0.9089992642402649,"[0, 0, 223, 223]",35178,115350,150528,23.369738520408163,random
n02058221_albatross,vgg16-7,fix_mask,False,0,0.0001,12544,0.9089992642402649,"[0, 0, 223, 223]",35178,115350,150528,23.369738520408163,random
n02058221_albatross,vgg16-7,fix_mask,False,0,0.0001,6272,0.9089992642402649,"[0, 0, 223, 223]",18816,131712,150528,12.5,random
n02058221_albatross,vgg16-7,fix_mask,False,0,0.0001,3136,0.9089992642402649,"[0, 0, 223, 223]",9408,141120,150528,6.25,random
n02058221_albatross,vgg16-7,fix_mask,False,0,0.0001,1568,0.9089992642402649,"[0, 0, 223, 223]",4704,145824,150528,3.125,random
n02058221_albatross,vgg16-7,fix_nonmask,False,0,0.0001,50176,0.9089992642402649,"[0, 0, 223, 223]",115350,35178,150528,76.63026147959184,random
n02058221_albatross,vgg16-7,fix_nonmask,False,0,0.0001,25088,0.9089992642402649,"[0, 0, 223, 223]",75264,75264,150528,50.0,random
n02058221_albatross,vgg16-7,fix_nonmask,False,0,0.0001,12544,0.9089992642402649,"[0, 0, 223, 223]",37632,112896,150528,25.0,random
n02058221_albatross,vgg16-7,fix_nonmask,False,0,0.0001,6272,0.9089992642402649,"[0, 0, 223, 223]",18816,131712,150528,12.5,random
n02058221_albatross,vgg16-7,fix_nonmask,False,0,0.0001,3136,0.9089992642402649,"[0, 0, 223, 223]",9408,141120,150528,6.25,random
n02058221_albatross,vgg16-7,fix_nonmask,False,0,0.0001,1568,0.9089992642402649,"[0, 0, 223, 223]",4704,145824,150528,3.125,random
n02066245_grey_whale,vgg16-7,global,True,-1,0.0001,50176,,,150528,0,150528,100.0,random
n02066245_grey_whale,vgg16-7,global,True,-1,0.0001,25088,,,75264,75264,150528,50.0,random
n02066245_grey_whale,vgg16-7,global,True,-1,0.0001,12544,,,37632,112896,150528,25.0,random
n02066245_grey_whale,vgg16-7,global,True,-1,0.0001,6272,,,18816,131712,150528,12.5,random
n02066245_grey_whale,vgg16-7,global,True,-1,0.0001,3136,,,9408,141120,150528,6.25,random
n02066245_grey_whale,vgg16-7,global,True,-1,0.0001,1568,,,4704,145824,150528,3.125,random
n02066245_grey_whale,vgg16-7,fix_mask,False,0,0.0001,50176,0.9071089625358582,"[0, 1, 223, 223]",32517,118011,150528,21.601961096938776,random
n02066245_grey_whale,vgg16-7,fix_mask,False,0,0.0001,25088,0.9071089625358582,"[0, 1, 223, 223]",32517,118011,150528,21.601961096938776,random
n02066245_grey_whale,vgg16-7,fix_mask,False,0,0.0001,12544,0.9071089625358582,"[0, 1, 223, 223]",32517,118011,150528,21.601961096938776,random
n02066245_grey_whale,vgg16-7,fix_mask,False,0,0.0001,6272,0.9071089625358582,"[0, 1, 223, 223]",18816,131712,150528,12.5,random
n02066245_grey_whale,vgg16-7,fix_mask,False,0,0.0001,3136,0.9071089625358582,"[0, 1, 223, 223]",9408,141120,150528,6.25,random
n02066245_grey_whale,vgg16-7,fix_mask,False,0,0.0001,1568,0.9071089625358582,"[0, 1, 223, 223]",4704,145824,150528,3.125,random
n02066245_grey_whale,vgg16-7,fix_nonmask,False,0,0.0001,50176,0.9071089625358582,"[0, 1, 223, 223]",118011,32517,150528,78.39803890306122,random
n02066245_grey_whale,vgg16-7,fix_nonmask,False,0,0.0001,25088,0.9071089625358582,"[0, 1, 223, 223]",75264,75264,150528,50.0,random
n02066245_grey_whale,vgg16-7,fix_nonmask,False,0,0.0001,12544,0.9071089625358582,"[0, 1, 223, 223]",37632,112896,150528,25.0,random
n02066245_grey_whale,vgg16-7,fix_nonmask,False,0,0.0001,6272,0.9071089625358582,"[0, 1, 223, 223]",18816,131712,150528,12.5,random
n02066245_grey_whale,vgg16-7,fix_nonmask,False,0,0.0001,3136,0.9071089625358582,"[0, 1, 223, 223]",9408,141120,150528,6.25,random
n02066245_grey_whale,vgg16-7,fix_nonmask,False,0,0.0001,1568,0.9071089625358582,"[0, 1, 223, 223]",4704,145824,150528,3.125,random
n02071294_killer_whale,vgg16-7,global,True,-1,0.0001,50176,,,150528,0,150528,100.0,random
n02071294_killer_whale,vgg16-7,global,True,-1,0.0001,25088,,,75264,75264,150528,50.0,random
n02071294_killer_whale,vgg16-7,global,True,-1,0.0001,12544,,,37632,112896,150528,25.0,random
n02071294_killer_whale,vgg16-7,global,True,-1,0.0001,6272,,,18816,131712,150528,12.5,random
n02071294_killer_whale,vgg16-7,global,True,-1,0.0001,3136,,,9408,141120,150528,6.25,random
n02071294_killer_whale,vgg16-7,global,True,-1,0.0001,1568,,,4704,145824,150528,3.125,random
n02071294_killer_whale,vgg16-7,fix_mask,False,0,0.0001,50176,0.886272668838501,"[0, 0, 223, 223]",46530,103998,150528,30.911192602040817,random
n02071294_killer_whale,vgg16-7,fix_mask,False,0,0.0001,25088,0.886272668838501,"[0, 0, 223, 223]",46530,103998,150528,30.911192602040817,random
n02071294_killer_whale,vgg16-7,fix_mask,False,0,0.0001,12544,0.886272668838501,"[0, 0, 223, 223]",37632,112896,150528,25.0,random
n02071294_killer_whale,vgg16-7,fix_mask,False,0,0.0001,6272,0.886272668838501,"[0, 0, 223, 223]",18816,131712,150528,12.5,random
n02071294_killer_whale,vgg16-7,fix_mask,False,0,0.0001,3136,0.886272668838501,"[0, 0, 223, 223]",9408,141120,150528,6.25,random
n02071294_killer_whale,vgg16-7,fix_mask,False,0,0.0001,1568,0.886272668838501,"[0, 0, 223, 223]",4704,145824,150528,3.125,random
n02071294_killer_whale,vgg16-7,fix_nonmask,False,0,0.0001,50176,0.886272668838501,"[0, 0, 223, 223]",103998,46530,150528,69.08880739795919,random
n02071294_killer_whale,vgg16-7,fix_nonmask,False,0,0.0001,25088,0.886272668838501,"[0, 0, 223, 223]",75264,75264,150528,50.0,random
n02071294_killer_whale,vgg16-7,fix_nonmask,False,0,0.0001,12544,0.886272668838501,"[0, 0, 223, 223]",37632,112896,150528,25.0,random
n02071294_killer_whale,vgg16-7,fix_nonmask,False,0,0.0001,6272,0.886272668838501,"[0, 0, 223, 223]",18816,131712,150528,12.5,random
n02071294_killer_whale,vgg16-7,fix_nonmask,False,0,0.0001,3136,0.886272668838501,"[0, 0, 223, 223]",9408,141120,150528,6.25,random
n02071294_killer_whale,vgg16-7,fix_nonmask,False,0,0.0001,1568,0.886272668838501,"[0, 0, 223, 223]",4704,145824,150528,3.125,random
n02074367_dugong,vgg16-7,global,True,-1,0.0001,50176,,,150528,0,150528,100.0,random
n02074367_dugong,vgg16-7,global,True,-1,0.0001,25088,,,75264,75264,150528,50.0,random
n02074367_dugong,vgg16-7,global,True,-1,0.0001,12544,,,37632,112896,150528,25.0,random
n02074367_dugong,vgg16-7,global,True,-1,0.0001,6272,,,18816,131712,150528,12.5,random
n02074367_dugong,vgg16-7,global,True,-1,0.0001,3136,,,9408,141120,150528,6.25,random
n02074367_dugong,vgg16-7,global,True,-1,0.0001,1568,,,4704,145824,150528,3.125,random
n02074367_dugong,vgg16-7,fix_mask,False,0,0.0001,50176,0.8628674745559692,"[0, 1, 223, 222]",8664,141864,150528,5.755739795918367,random
n02074367_dugong,vgg16-7,fix_mask,False,0,0.0001,25088,0.8628674745559692,"[0, 1, 223, 222]",8664,141864,150528,5.755739795918367,random
n02074367_dugong,vgg16-7,fix_mask,False,0,0.0001,12544,0.8628674745559692,"[0, 1, 223, 222]",8664,141864,150528,5.755739795918367,random
n02074367_dugong,vgg16-7,fix_mask,False,0,0.0001,6272,0.8628674745559692,"[0, 1, 223, 222]",8664,141864,150528,5.755739795918367,random
n02074367_dugong,vgg16-7,fix_mask,False,0,0.0001,3136,0.8628674745559692,"[0, 1, 223, 222]",8664,141864,150528,5.755739795918367,random
n02074367_dugong,vgg16-7,fix_mask,False,0,0.0001,1568,0.8628674745559692,"[0, 1, 223, 222]",4704,145824,150528,3.125,random
n02074367_dugong,vgg16-7,fix_nonmask,False,0,0.0001,50176,0.8628674745559692,"[0, 1, 223, 222]",141864,8664,150528,94.24426020408163,random
n02074367_dugong,vgg16-7,fix_nonmask,False,0,0.0001,25088,0.8628674745559692,"[0, 1, 223, 222]",75264,75264,150528,50.0,random
n02074367_dugong,vgg16-7,fix_nonmask,False,0,0.0001,12544,0.8628674745559692,"[0, 1, 223, 222]",37632,112896,150528,25.0,random
n02074367_dugong,vgg16-7,fix_nonmask,False,0,0.0001,6272,0.8628674745559692,"[0, 1, 223, 222]",18816,131712,150528,12.5,random
n02074367_dugong,vgg16-7,fix_nonmask,False,0,0.0001,3136,0.8628674745559692,"[0, 1, 223, 222]",9408,141120,150528,6.25,random
n02074367_dugong,vgg16-7,fix_nonmask,False,0,0.0001,1568,0.8628674745559692,"[0, 1, 223, 222]",4704,145824,150528,3.125,random
n02077923_sea_lion,vgg16-7,global,True,-1,0.0001,50176,,,150528,0,150528,100.0,random
n02077923_sea_lion,vgg16-7,global,True,-1,0.0001,25088,,,75264,75264,150528,50.0,random
n02077923_sea_lion,vgg16-7,global,True,-1,0.0001,12544,,,37632,112896,150528,25.0,random
n02077923_sea_lion,vgg16-7,global,True,-1,0.0001,6272,,,18816,131712,150528,12.5,random
n02077923_sea_lion,vgg16-7,global,True,-1,0.0001,3136,,,9408,141120,150528,6.25,random
n02077923_sea_lion,vgg16-7,global,True,-1,0.0001,1568,,,4704,145824,150528,3.125,random
n02077923_sea_lion,vgg16-7,fix_mask,False,0,0.0001,50176,0.8655948638916016,"[0, 0, 223, 223]",27741,122787,150528,18.429129464285715,random
n02077923_sea_lion,vgg16-7,fix_mask,False,0,0.0001,25088,0.8655948638916016,"[0, 0, 223, 223]",27741,122787,150528,18.429129464285715,random
n02077923_sea_lion,vgg16-7,fix_mask,False,0,0.0001,12544,0.8655948638916016,"[0, 0, 223, 223]",27741,122787,150528,18.429129464285715,random
n02077923_sea_lion,vgg16-7,fix_mask,False,0,0.0001,6272,0.8655948638916016,"[0, 0, 223, 223]",18816,131712,150528,12.5,random
n02077923_sea_lion,vgg16-7,fix_mask,False,0,0.0001,3136,0.8655948638916016,"[0, 0, 223, 223]",9408,141120,150528,6.25,random
n02077923_sea_lion,vgg16-7,fix_mask,False,0,0.0001,1568,0.8655948638916016,"[0, 0, 223, 223]",4704,145824,150528,3.125,random
n02077923_sea_lion,vgg16-7,fix_nonmask,False,0,0.0001,50176,0.8655948638916016,"[0, 0, 223, 223]",122787,27741,150528,81.57087053571429,random
n02077923_sea_lion,vgg16-7,fix_nonmask,False,0,0.0001,25088,0.8655948638916016,"[0, 0, 223, 223]",75264,75264,150528,50.0,random
n02077923_sea_lion,vgg16-7,fix_nonmask,False,0,0.0001,12544,0.8655948638916016,"[0, 0, 223, 223]",37632,112896,150528,25.0,random
n02077923_sea_lion,vgg16-7,fix_nonmask,False,0,0.0001,6272,0.8655948638916016,"[0, 0, 223, 223]",18816,131712,150528,12.5,random
n02077923_sea_lion,vgg16-7,fix_nonmask,False,0,0.0001,3136,0.8655948638916016,"[0, 0, 223, 223]",9408,141120,150528,6.25,random
n02077923_sea_lion,vgg16-7,fix_nonmask,False,0,0.0001,1568,0.8655948638916016,"[0, 0, 223, 223]",4704,145824,150528,3.125,random
