instance_id,onnx,vnnlib,timeout,result,lb_minus_rhs,domains_visited,bab_time,all_time,init_unstable
1,onnx/CIFAR100_resnet_large.onnx,vnnlib/resnet_large__label_10__idx_7516_global_k1024_eps_0.0039.vnnlib,100,timeout False,[[inf], [inf], [inf], [inf], [inf], [inf], [inf], [inf], [inf], [inf], [inf], [inf], [inf], [inf], [inf], [inf], [inf], [inf], [inf], [inf], [inf], [inf], [inf], [inf], [inf], [inf], [inf], [inf], [inf], [inf], [inf], [inf], [inf], [inf], [inf], [inf], [inf], [inf], [inf], [inf], [inf], [inf], [inf], [inf], [inf], [inf], [inf], [inf], [inf], [inf], [inf], [inf], [inf], [inf], [inf], [inf], [inf], [inf], [inf], [inf], [inf], [inf], [inf], [inf], [inf], [inf], [inf], [inf], [inf], [inf], [inf], [inf], [inf], [inf], [inf], [inf], [inf], [0.2395639419555664], [inf], [inf], [inf], [inf], [inf], [inf], [inf], [inf], [inf], [inf], [inf], [inf], [inf], [inf], [inf], [inf], [inf], [inf], [inf], [inf]],0,0.2453780174255371,108.03500580787659,3717
2,onnx/CIFAR100_resnet_large.onnx,vnnlib/resnet_large__label_10__idx_7516_fix_mask_seg0_k1024_eps_0.0039.vnnlib,100,unsat True,,,,2.9234390258789062,0
3,onnx/CIFAR100_resnet_large.onnx,vnnlib/resnet_large__label_10__idx_7516_fix_nonmask_seg0_k1024_eps_0.0039.vnnlib,100,timeout False,[[inf], [inf], [inf], [inf], [inf], [inf], [inf], [inf], [inf], [inf], [inf], [inf], [inf], [inf], [inf], [inf], [inf], [inf], [inf], [inf], [inf], [inf], [inf], [inf], [inf], [inf], [inf], [inf], [inf], [inf], [inf], [inf], [inf], [inf], [inf], [inf], [inf], [inf], [inf], [inf], [inf], [inf], [inf], [inf], [inf], [inf], [inf], [inf], [inf], [inf], [inf], [inf], [inf], [inf], [inf], [inf], [inf], [inf], [inf], [inf], [inf], [inf], [inf], [inf], [inf], [inf], [inf], [inf], [inf], [inf], [inf], [inf], [inf], [inf], [inf], [inf], [inf], [inf], [inf], [inf], [inf], [inf], [inf], [inf], [inf], [inf], [inf], [inf], [inf], [inf], [inf], [inf], [inf], [inf], [inf], [inf], [inf], [inf]],0,0.1471235752105713,100.61731362342834,3352
4,onnx/CIFAR100_resnet_large.onnx,vnnlib/resnet_large__label_10__idx_8477_global_k1024_eps_0.0039.vnnlib,100,timeout False,[[inf], [inf], [inf], [inf], [inf], [inf], [inf], [inf], [inf], [inf], [inf], [inf], [inf], [inf], [inf], [inf], [inf], [inf], [inf], [inf], [inf], [inf], [inf], [inf], [inf], [inf], [inf], [inf], [inf], [inf], [inf], [inf], [inf], [inf], [inf], [inf], [inf], [inf], [inf], [inf], [inf], [inf], [inf], [inf], [inf], [inf], [inf], [inf], [inf], [inf], [inf], [inf], [inf], [inf], [inf], [inf], [inf], [inf], [inf], [inf], [inf], [inf], [inf], [inf], [inf], [inf], [inf], [inf], [inf], [inf], [inf], [inf], [inf], [inf], [inf], [inf], [inf], [inf], [inf], [inf], [inf], [inf], [inf], [inf], [inf], [inf], [inf], [inf], [inf], [inf], [inf], [inf], [inf], [inf], [inf], [inf], [inf], [inf]],0,0.19665288925170898,106.39695477485657,3738
5,onnx/CIFAR100_resnet_large.onnx,vnnlib/resnet_large__label_10__idx_8477_fix_mask_seg0_k1024_eps_0.0039.vnnlib,100,unsat True,,,,4.082979440689087,0
6,onnx/CIFAR100_resnet_large.onnx,vnnlib/resnet_large__label_10__idx_8477_fix_nonmask_seg0_k1024_eps_0.0039.vnnlib,100,timeout False,[[inf], [inf], [inf], [inf], [inf], [inf], [inf], [inf], [inf], [inf], [inf], [inf], [inf], [inf], [inf], [inf], [inf], [inf], [inf], [inf], [inf], [inf], [inf], [inf], [inf], [inf], [inf], [inf], [inf], [inf], [inf], [inf], [inf], [inf], [inf], [inf], [inf], [inf], [inf], [inf], [inf], [inf], [inf], [inf], [inf], [inf], [inf], [inf], [inf], [inf], [inf], [inf], [inf], [inf], [inf], [inf], [inf], [inf], [inf], [inf], [inf], [inf], [inf], [inf], [inf], [inf], [inf], [inf], [inf], [inf], [inf], [inf], [inf], [inf], [inf], [inf], [inf], [inf], [inf], [inf], [inf], [inf], [inf], [inf], [inf], [inf], [inf], [inf], [inf], [inf], [inf], [inf], [inf], [inf], [inf], [inf], [inf], [inf]],0,0.2308189868927002,105.04923796653748,3370
7,onnx/CIFAR100_resnet_large.onnx,vnnlib/resnet_large__label_11__idx_3469_global_k1024_eps_0.0039.vnnlib,100,sat True,,,,5.034047842025757,0
8,onnx/CIFAR100_resnet_large.onnx,vnnlib/resnet_large__label_11__idx_3469_fix_mask_seg0_k1024_eps_0.0039.vnnlib,100,unsat True,,,,3.9527692794799805,0
9,onnx/CIFAR100_resnet_large.onnx,vnnlib/resnet_large__label_11__idx_3469_fix_nonmask_seg0_k1024_eps_0.0039.vnnlib,100,timeout False,[[inf], [inf], [inf], [inf], [inf], [inf], [inf], [inf], [inf], [inf], [inf], [inf], [inf], [inf], [inf], [inf], [inf], [inf], [inf], [inf], [inf], [inf], [inf], [inf], [inf], [inf], [inf], [inf], [inf], [inf], [inf], [inf], [inf], [inf], [inf], [inf], [inf], [inf], [inf], [inf], [inf], [inf], [inf], [inf], [inf], [inf], [inf], [inf], [inf], [inf], [inf], [inf], [inf], [inf], [inf], [inf], [inf], [inf], [inf], [inf], [inf], [inf], [inf], [inf], [inf], [inf], [inf], [inf], [inf], [inf], [inf], [inf], [inf], [inf], [inf], [inf], [inf], [inf], [inf], [inf], [inf], [inf], [inf], [inf], [inf], [inf], [inf], [inf], [inf], [inf], [inf], [inf], [inf], [inf], [inf]],0,0.23813772201538086,102.55173468589783,3108
10,onnx/CIFAR100_resnet_large.onnx,vnnlib/resnet_large__label_12__idx_6868_global_k1024_eps_0.0039.vnnlib,100,sat True,,,,3.942408800125122,0
11,onnx/CIFAR100_resnet_large.onnx,vnnlib/resnet_large__label_12__idx_6868_fix_mask_seg0_k1024_eps_0.0039.vnnlib,100,unsat True,,,,2.5404415130615234,0
12,onnx/CIFAR100_resnet_large.onnx,vnnlib/resnet_large__label_12__idx_6868_fix_nonmask_seg0_k1024_eps_0.0039.vnnlib,100,sat True,,,,5.655559539794922,0
13,onnx/CIFAR100_resnet_large.onnx,vnnlib/resnet_large__label_12__idx_8525_global_k1024_eps_0.0039.vnnlib,100,timeout False,[[inf], [inf], [inf], [inf], [inf], [inf], [inf], [inf], [inf], [inf], [inf], [inf], [inf], [inf], [inf], [inf], [inf], [inf], [inf], [inf], [inf], [inf], [inf], [inf], [inf], [inf], [inf], [inf], [inf], [inf], [inf], [inf], [inf], [inf], [inf], [inf], [inf], [inf], [inf], [inf], [inf], [inf], [inf], [inf], [inf], [inf], [inf], [inf], [inf], [inf], [inf], [inf], [inf], [inf], [inf], [inf], [inf], [inf], [inf], [inf], [inf], [inf], [inf], [inf], [inf], [inf], [inf], [inf], [inf], [inf], [inf], [inf], [inf], [inf], [inf], [inf], [inf], [inf], [inf], [inf], [inf], [inf], [inf], [inf], [inf], [inf], [inf], [inf], [inf], [inf], [inf], [inf], [inf], [inf], [inf], [inf], [inf]],0,0.36097002029418945,103.12631726264954,2278
14,onnx/CIFAR100_resnet_large.onnx,vnnlib/resnet_large__label_12__idx_8525_fix_mask_seg0_k1024_eps_0.0039.vnnlib,100,unsat True,,,,4.28510308265686,0
15,onnx/CIFAR100_resnet_large.onnx,vnnlib/resnet_large__label_12__idx_8525_fix_nonmask_seg0_k1024_eps_0.0039.vnnlib,100,timeout False,[[inf], [inf], [inf], [inf], [inf], [inf], [inf], [inf], [inf], [inf], [inf], [inf], [inf], [inf], [inf], [inf], [inf], [inf], [inf], [inf], [inf], [inf], [inf], [inf], [inf], [inf], [inf], [inf], [inf], [inf], [inf], [inf], [inf], [inf], [inf], [inf], [inf], [inf], [inf], [inf], [inf], [inf], [inf], [inf], [inf], [inf], [inf], [inf], [inf], [inf], [inf], [inf], [inf], [inf], [inf], [inf], [inf], [inf], [inf], [inf], [inf], [inf], [inf], [inf], [inf], [inf], [inf], [inf], [inf], [inf], [inf], [inf], [inf], [inf], [inf], [inf], [inf], [inf], [inf], [inf], [inf], [inf], [inf], [inf], [inf], [inf], [inf], [inf], [inf], [inf], [inf], [inf], [inf], [inf], [inf], [inf], [inf]],0,0.23571109771728516,107.16206884384155,2238
16,onnx/CIFAR100_resnet_large.onnx,vnnlib/resnet_large__label_13__idx_803_global_k1024_eps_0.0039.vnnlib,100,unsat False,[[inf], [inf], [inf], [inf], [inf], [inf], [inf], [inf], [inf], [inf], [inf], [inf], [inf], [inf], [inf], [inf], [inf], [inf], [inf], [inf], [inf], [inf], [inf], [inf], [inf], [inf], [inf], [inf], [inf], [inf], [inf], [inf], [inf], [inf], [inf], [inf], [inf], [inf], [inf], [inf], [inf], [inf], [inf], [inf], [inf], [inf], [inf], [inf], [inf], [inf], [inf], [inf], [inf], [inf], [inf], [inf], [inf], [inf], [inf], [inf], [inf], [inf], [inf], [inf], [inf], [inf], [inf], [inf], [inf], [inf], [inf], [inf], [inf], [inf], [inf], [inf], [inf], [inf], [inf], [inf], [inf], [inf], [inf], [inf], [inf], [inf], [inf], [inf], [inf], [inf], [inf], [inf], [inf], [inf], [inf], [inf], [inf], [inf]],0,0.22907590866088867,34.52498435974121,2965
17,onnx/CIFAR100_resnet_large.onnx,vnnlib/resnet_large__label_13__idx_803_fix_mask_seg0_k1024_eps_0.0039.vnnlib,100,unsat True,,,,2.7138216495513916,0
18,onnx/CIFAR100_resnet_large.onnx,vnnlib/resnet_large__label_13__idx_803_fix_nonmask_seg0_k1024_eps_0.0039.vnnlib,100,unsat False,[[inf], [inf], [inf], [inf], [inf], [inf], [inf], [inf], [inf], [inf], [inf], [inf], [inf], [inf], [inf], [inf], [inf], [inf], [inf], [inf], [inf], [inf], [inf], [inf], [inf], [inf], [inf], [inf], [inf], [inf], [inf], [inf], [inf], [inf], [inf], [inf], [inf], [inf], [inf], [inf], [inf], [inf], [inf], [inf], [inf], [inf], [inf], [inf], [inf], [inf], [inf], [inf], [inf], [inf], [inf], [inf], [inf], [inf], [inf], [inf], [inf], [inf], [inf], [inf], [inf], [inf], [inf], [inf], [inf], [inf], [inf], [inf], [inf], [inf], [inf], [inf], [inf], [inf], [inf], [inf], [inf], [inf], [inf], [inf], [inf], [inf], [inf], [inf], [inf], [inf], [inf], [inf], [inf], [inf], [inf], [inf], [inf], [inf]],0,0.1541144847869873,33.177770376205444,2866
19,onnx/CIFAR100_resnet_large.onnx,vnnlib/resnet_large__label_17__idx_8201_global_k1024_eps_0.0039.vnnlib,100,unsat False,[[inf], [inf], [inf], [inf], [inf], [inf], [inf], [inf], [inf], [inf], [inf], [inf], [inf], [inf], [inf], [inf], [inf], [inf], [inf], [inf], [inf], [inf], [inf], [inf], [inf], [inf], [inf], [inf], [inf], [inf], [inf], [inf], [inf], [inf], [inf], [inf], [inf], [inf], [inf], [inf], [inf], [inf], [inf], [inf], [inf], [inf], [inf], [inf], [inf], [inf], [inf], [inf], [inf], [inf], [inf], [inf], [inf], [inf], [inf], [inf], [inf], [inf], [inf], [inf], [inf], [inf], [inf], [inf], [inf], [inf], [inf], [inf], [inf], [inf], [inf], [inf], [inf], [inf], [inf], [inf], [inf], [inf], [inf], [inf], [inf], [inf], [inf], [inf], [inf], [inf], [inf], [inf], [inf], [inf], [inf], [inf], [inf], [inf]],0,0.22832059860229492,35.04520869255066,2526
20,onnx/CIFAR100_resnet_large.onnx,vnnlib/resnet_large__label_17__idx_8201_fix_mask_seg0_k1024_eps_0.0039.vnnlib,100,unsat True,,,,2.6788930892944336,0
21,onnx/CIFAR100_resnet_large.onnx,vnnlib/resnet_large__label_17__idx_8201_fix_nonmask_seg0_k1024_eps_0.0039.vnnlib,100,unsat False,[[inf], [inf], [inf], [inf], [inf], [inf], [inf], [inf], [inf], [inf], [inf], [inf], [inf], [inf], [inf], [inf], [inf], [inf], [inf], [inf], [inf], [inf], [inf], [inf], [inf], [inf], [inf], [inf], [inf], [inf], [inf], [inf], [inf], [inf], [inf], [inf], [inf], [inf], [inf], [inf], [inf], [inf], [inf], [inf], [inf], [inf], [inf], [inf], [inf], [inf], [inf], [inf], [inf], [inf], [inf], [inf], [inf], [inf], [inf], [inf], [inf], [inf], [inf], [inf], [inf], [inf], [inf], [inf], [inf], [inf], [inf], [inf], [inf], [inf], [inf], [inf], [inf], [inf], [inf], [inf], [inf], [inf], [inf], [inf], [inf], [inf], [inf], [inf], [inf], [inf], [inf], [inf], [inf], [inf], [inf], [inf], [inf], [inf]],0,0.1875605583190918,33.709675788879395,2483
22,onnx/CIFAR100_resnet_large.onnx,vnnlib/resnet_large__label_18__idx_1992_global_k1024_eps_0.0039.vnnlib,100,timeout False,[[inf], [inf], [inf], [inf], [inf], [inf], [inf], [inf], [inf], [inf], [inf], [inf], [inf], [inf], [inf], [inf], [inf], [inf], [inf], [inf], [inf], [inf], [inf], [inf], [inf], [inf], [inf], [inf], [inf], [inf], [inf], [inf], [inf], [inf], [inf], [inf], [inf], [inf], [inf], [inf], [inf], [inf], [inf], [inf], [inf], [inf], [inf], [inf], [inf], [inf], [inf], [inf], [inf], [inf], [inf], [inf], [inf], [inf], [inf], [inf], [inf], [inf], [inf], [inf], [inf], [inf], [inf], [inf], [inf], [inf], [inf], [inf], [inf], [inf], [inf], [inf], [inf], [inf], [inf], [inf], [inf], [inf], [inf], [inf], [inf], [inf], [inf], [inf], [inf], [inf], [inf], [inf], [inf], [inf], [inf], [inf], [inf], [inf]],0,0.23523569107055664,106.75966119766235,4076
23,onnx/CIFAR100_resnet_large.onnx,vnnlib/resnet_large__label_18__idx_1992_fix_mask_seg0_k1024_eps_0.0039.vnnlib,100,unsat True,,,,3.955517530441284,0
24,onnx/CIFAR100_resnet_large.onnx,vnnlib/resnet_large__label_18__idx_1992_fix_nonmask_seg0_k1024_eps_0.0039.vnnlib,100,timeout False,[[inf], [inf], [inf], [inf], [inf], [inf], [inf], [inf], [inf], [inf], [inf], [inf], [inf], [inf], [inf], [inf], [inf], [inf], [inf], [inf], [inf], [inf], [inf], [inf], [inf], [inf], [inf], [inf], [inf], [inf], [inf], [inf], [inf], [inf], [inf], [inf], [inf], [inf], [inf], [inf], [inf], [inf], [inf], [inf], [inf], [inf], [inf], [inf], [inf], [inf], [inf], [inf], [inf], [inf], [inf], [inf], [inf], [inf], [inf], [inf], [inf], [inf], [inf], [inf], [inf], [inf], [inf], [inf], [inf], [inf], [inf], [inf], [inf], [inf], [inf], [inf], [inf], [inf], [inf], [inf], [inf], [inf], [inf], [inf], [inf], [inf], [inf], [inf], [inf], [inf], [inf], [inf], [inf], [inf], [inf], [inf], [inf], [inf]],0,0.1526939868927002,103.29493403434753,4076
25,onnx/CIFAR100_resnet_large.onnx,vnnlib/resnet_large__label_18__idx_5863_global_k1024_eps_0.0039.vnnlib,100,timeout False,[[inf], [inf], [inf], [inf], [inf], [inf], [inf], [inf], [inf], [inf], [inf], [inf], [inf], [inf], [inf], [inf], [inf], [inf], [inf], [inf], [inf], [inf], [inf], [inf], [inf], [inf], [inf], [inf], [inf], [inf], [inf], [inf], [inf], [inf], [inf], [inf], [inf], [inf], [inf], [inf], [inf], [inf], [inf], [inf], [inf], [inf], [inf], [inf], [inf], [inf], [inf], [inf], [inf], [inf], [inf], [inf], [inf], [inf], [inf], [inf], [inf], [inf], [inf], [inf], [inf], [inf], [inf], [inf], [inf], [inf], [inf], [inf], [inf], [inf], [inf], [inf], [inf], [inf], [inf], [inf], [inf], [inf], [inf], [inf], [inf], [inf], [inf], [inf], [inf], [inf], [inf], [inf], [inf], [inf], [inf], [inf], [inf], [inf]],0,0.24229764938354492,102.03333306312561,2692
26,onnx/CIFAR100_resnet_large.onnx,vnnlib/resnet_large__label_18__idx_5863_fix_mask_seg0_k1024_eps_0.0039.vnnlib,100,unsat True,,,,4.435623407363892,0
27,onnx/CIFAR100_resnet_large.onnx,vnnlib/resnet_large__label_18__idx_5863_fix_nonmask_seg0_k1024_eps_0.0039.vnnlib,100,timeout False,[[inf], [inf], [inf], [inf], [inf], [inf], [inf], [inf], [inf], [inf], [inf], [inf], [inf], [inf], [inf], [inf], [inf], [inf], [inf], [inf], [inf], [inf], [inf], [inf], [inf], [inf], [inf], [inf], [inf], [inf], [inf], [inf], [inf], [inf], [inf], [inf], [inf], [inf], [inf], [inf], [inf], [inf], [inf], [inf], [inf], [inf], [inf], [inf], [inf], [inf], [inf], [inf], [inf], [inf], [inf], [inf], [inf], [inf], [inf], [inf], [inf], [inf], [inf], [inf], [inf], [inf], [inf], [inf], [inf], [inf], [inf], [inf], [inf], [inf], [inf], [inf], [inf], [inf], [inf], [inf], [inf], [inf], [inf], [inf], [inf], [inf], [inf], [inf], [inf], [inf], [inf], [inf], [inf], [inf], [inf], [inf], [inf], [inf]],0,0.3169686794281006,102.73782396316528,2678
28,onnx/CIFAR100_resnet_large.onnx,vnnlib/resnet_large__label_18__idx_75_global_k1024_eps_0.0039.vnnlib,100,timeout False,[[inf], [inf], [inf], [inf], [inf], [inf], [inf], [inf], [inf], [inf], [inf], [inf], [inf], [inf], [inf], [inf], [inf], [inf], [inf], [inf], [inf], [inf], [inf], [inf], [inf], [inf], [inf], [inf], [inf], [inf], [inf], [inf], [inf], [inf], [inf], [inf], [inf], [inf], [inf], [inf], [inf], [inf], [inf], [inf], [inf], [inf], [inf], [inf], [inf], [inf], [inf], [inf], [inf], [inf], [inf], [inf], [inf], [inf], [inf], [inf], [inf], [inf], [inf], [inf], [inf], [inf], [inf], [inf], [inf], [inf], [inf], [inf], [inf], [inf], [inf], [inf], [inf], [inf], [inf], [inf], [inf], [inf], [inf], [inf], [inf], [inf], [inf], [inf], [inf], [0.09730076789855957], [inf], [inf], [inf], [inf], [inf], [inf], [inf], [inf]],0,0.23832392692565918,108.3972897529602,3174
29,onnx/CIFAR100_resnet_large.onnx,vnnlib/resnet_large__label_18__idx_75_fix_mask_seg0_k1024_eps_0.0039.vnnlib,100,unsat True,,,,4.273745536804199,0
30,onnx/CIFAR100_resnet_large.onnx,vnnlib/resnet_large__label_18__idx_75_fix_nonmask_seg0_k1024_eps_0.0039.vnnlib,100,timeout False,[[inf], [inf], [inf], [inf], [inf], [inf], [inf], [inf], [inf], [inf], [inf], [inf], [inf], [inf], [inf], [inf], [inf], [inf], [inf], [inf], [inf], [inf], [inf], [inf], [inf], [inf], [inf], [inf], [inf], [inf], [inf], [inf], [inf], [inf], [inf], [inf], [inf], [inf], [inf], [inf], [inf], [inf], [inf], [inf], [inf], [inf], [inf], [inf], [inf], [inf], [inf], [inf], [inf], [inf], [inf], [inf], [inf], [inf], [inf], [inf], [inf], [inf], [inf], [inf], [inf], [inf], [inf], [inf], [inf], [inf], [inf], [inf], [inf], [inf], [inf], [inf], [inf], [inf], [inf], [inf], [inf], [inf], [inf], [inf], [inf], [inf], [inf], [inf], [inf], [0.09875017404556274], [inf], [inf], [inf], [inf], [inf], [inf], [inf], [inf]],0,0.1523604393005371,106.55428791046143,3172
31,onnx/CIFAR100_resnet_large.onnx,vnnlib/resnet_large__label_18__idx_917_global_k1024_eps_0.0039.vnnlib,100,timeout False,[[inf], [inf], [inf], [inf], [inf], [inf], [inf], [inf], [inf], [inf], [inf], [inf], [inf], [inf], [inf], [inf], [inf], [inf], [inf], [inf], [inf], [inf], [inf], [inf], [inf], [inf], [inf], [inf], [inf], [inf], [inf], [inf], [inf], [inf], [inf], [inf], [inf], [inf], [inf], [inf], [inf], [inf], [inf], [inf], [inf], [inf], [inf], [inf], [inf], [inf], [inf], [inf], [inf], [inf], [inf], [inf], [inf], [inf], [inf], [inf], [inf], [inf], [inf], [inf], [inf], [inf], [inf], [inf], [inf], [inf], [inf], [inf], [inf], [inf], [inf], [inf], [inf], [inf], [inf], [inf], [inf], [inf], [inf], [inf], [inf], [inf], [inf], [inf], [inf], [inf], [inf], [inf], [inf], [inf], [inf], [inf], [inf], [inf]],0,0.2224292755126953,102.03023195266724,3112
32,onnx/CIFAR100_resnet_large.onnx,vnnlib/resnet_large__label_18__idx_917_fix_mask_seg0_k1024_eps_0.0039.vnnlib,100,unsat True,,,,2.8044958114624023,0
33,onnx/CIFAR100_resnet_large.onnx,vnnlib/resnet_large__label_18__idx_917_fix_nonmask_seg0_k1024_eps_0.0039.vnnlib,100,timeout False,[[inf], [inf], [inf], [inf], [inf], [inf], [inf], [inf], [inf], [inf], [inf], [inf], [inf], [inf], [inf], [inf], [inf], [inf], [inf], [inf], [inf], [inf], [inf], [inf], [inf], [inf], [inf], [inf], [inf], [inf], [inf], [inf], [inf], [inf], [inf], [inf], [inf], [inf], [inf], [inf], [inf], [inf], [inf], [inf], [inf], [inf], [inf], [inf], [inf], [inf], [inf], [inf], [inf], [inf], [inf], [inf], [inf], [inf], [inf], [inf], [inf], [inf], [inf], [inf], [inf], [inf], [inf], [inf], [inf], [inf], [inf], [inf], [inf], [inf], [inf], [inf], [inf], [inf], [inf], [inf], [inf], [inf], [inf], [inf], [inf], [inf], [inf], [inf], [inf], [inf], [inf], [inf], [inf], [inf], [inf], [inf], [inf], [inf]],0,0.23226475715637207,108.25121855735779,3112
34,onnx/CIFAR100_resnet_large.onnx,vnnlib/resnet_large__label_19__idx_1885_global_k1024_eps_0.0039.vnnlib,100,timeout False,[[inf], [inf], [inf], [inf], [inf], [inf], [inf], [inf], [inf], [inf], [inf], [inf], [inf], [inf], [0.032478779554367065], [inf], [inf], [inf], [inf], [inf], [inf], [inf], [inf], [inf], [inf], [inf], [inf], [inf], [inf], [inf], [inf], [inf], [inf], [inf], [inf], [inf], [inf], [inf], [inf], [inf], [inf], [inf], [inf], [inf], [inf], [inf], [inf], [inf], [inf], [inf], [inf], [inf], [inf], [inf], [inf], [inf], [inf], [inf], [inf], [inf], [0.036063313484191895], [inf], [inf], [inf], [inf], [inf], [inf], [inf], [inf], [inf], [inf], [inf], [inf], [inf], [inf], [inf], [inf], [inf], [inf], [inf], [inf], [inf], [inf], [inf], [inf], [inf], [inf], [inf], [inf], [inf], [inf], [inf], [inf], [inf], [inf], [inf], [inf], [inf]],0,0.15242362022399902,102.94929218292236,2718
35,onnx/CIFAR100_resnet_large.onnx,vnnlib/resnet_large__label_19__idx_1885_fix_mask_seg0_k1024_eps_0.0039.vnnlib,100,unsat True,,,,4.1639862060546875,0
36,onnx/CIFAR100_resnet_large.onnx,vnnlib/resnet_large__label_19__idx_1885_fix_nonmask_seg0_k1024_eps_0.0039.vnnlib,100,timeout False,[[inf], [inf], [inf], [inf], [inf], [inf], [inf], [inf], [inf], [inf], [inf], [inf], [inf], [inf], [inf], [inf], [inf], [inf], [inf], [inf], [inf], [inf], [inf], [inf], [inf], [inf], [inf], [inf], [inf], [inf], [inf], [inf], [inf], [inf], [inf], [inf], [inf], [inf], [inf], [inf], [inf], [inf], [inf], [inf], [inf], [inf], [inf], [inf], [inf], [inf], [inf], [inf], [inf], [inf], [inf], [inf], [inf], [inf], [inf], [inf], [0.08843743801116943], [inf], [inf], [inf], [inf], [inf], [inf], [inf], [inf], [inf], [inf], [inf], [inf], [inf], [inf], [inf], [inf], [inf], [inf], [inf], [inf], [inf], [inf], [inf], [inf], [inf], [inf], [inf], [inf], [inf], [inf], [inf], [inf], [inf], [inf], [inf], [inf], [inf]],0,0.15049171447753906,101.33321571350098,2570
37,onnx/CIFAR100_resnet_large.onnx,vnnlib/resnet_large__label_19__idx_9413_global_k1024_eps_0.0039.vnnlib,100,unsat False,[[inf], [inf], [inf], [inf], [inf], [inf], [inf], [inf], [inf], [inf], [inf], [inf], [inf], [inf], [inf], [inf], [inf], [inf], [inf], [inf], [inf], [inf], [inf], [inf], [inf], [inf], [inf], [inf], [inf], [inf], [inf], [inf], [inf], [inf], [inf], [inf], [inf], [inf], [inf], [inf], [inf], [inf], [inf], [inf], [inf], [inf], [inf], [inf], [inf], [inf], [inf], [inf], [inf], [inf], [inf], [inf], [inf], [inf], [inf], [inf], [inf], [inf], [inf], [inf], [inf], [inf], [inf], [inf], [inf], [inf], [inf], [inf], [inf], [inf], [inf], [inf], [inf], [inf], [inf], [inf], [inf], [inf], [inf], [inf], [inf], [inf], [inf], [inf], [inf], [inf], [inf], [inf], [inf], [inf], [inf], [inf], [inf], [inf]],0,0.14848661422729492,32.835541009902954,3683
38,onnx/CIFAR100_resnet_large.onnx,vnnlib/resnet_large__label_19__idx_9413_fix_mask_seg0_k1024_eps_0.0039.vnnlib,100,unsat True,,,,4.217551231384277,0
39,onnx/CIFAR100_resnet_large.onnx,vnnlib/resnet_large__label_19__idx_9413_fix_nonmask_seg0_k1024_eps_0.0039.vnnlib,100,unsat False,[[inf], [inf], [inf], [inf], [inf], [inf], [inf], [inf], [inf], [inf], [inf], [inf], [inf], [inf], [inf], [inf], [inf], [inf], [inf], [inf], [inf], [inf], [inf], [inf], [inf], [inf], [inf], [inf], [inf], [inf], [inf], [inf], [inf], [inf], [inf], [inf], [inf], [inf], [inf], [inf], [inf], [inf], [inf], [inf], [inf], [inf], [inf], [inf], [inf], [inf], [inf], [inf], [inf], [inf], [inf], [inf], [inf], [inf], [inf], [inf], [inf], [inf], [inf], [inf], [inf], [inf], [inf], [inf], [inf], [inf], [inf], [inf], [inf], [inf], [inf], [inf], [inf], [inf], [inf], [inf], [inf], [inf], [inf], [inf], [inf], [inf], [inf], [inf], [inf], [inf], [inf], [inf], [inf], [inf], [inf], [inf], [inf], [inf]],0,0.23378682136535645,34.162797689437866,3677
40,onnx/CIFAR100_resnet_large.onnx,vnnlib/resnet_large__label_1__idx_8126_global_k1024_eps_0.0039.vnnlib,100,timeout False,[[inf], [inf], [inf], [inf], [inf], [inf], [inf], [inf], [inf], [inf], [inf], [inf], [inf], [inf], [inf], [inf], [inf], [inf], [inf], [inf], [inf], [inf], [inf], [inf], [inf], [inf], [inf], [inf], [inf], [inf], [inf], [inf], [inf], [inf], [inf], [inf], [inf], [inf], [inf], [inf], [inf], [inf], [inf], [inf], [inf], [inf], [inf], [inf], [inf], [inf], [inf], [inf], [inf], [inf], [inf], [inf], [inf], [inf], [inf], [inf], [inf], [inf], [inf], [inf], [inf], [inf], [inf], [inf], [inf], [inf], [inf], [inf], [inf], [inf], [inf], [inf], [inf], [inf], [inf], [inf], [inf], [inf], [inf], [inf], [inf], [inf], [inf], [inf], [inf], [inf], [inf], [inf], [inf], [inf], [inf], [inf], [inf]],0,0.15669703483581543,107.19887709617615,2268
41,onnx/CIFAR100_resnet_large.onnx,vnnlib/resnet_large__label_1__idx_8126_fix_mask_seg0_k1024_eps_0.0039.vnnlib,100,unsat True,,,,3.874541759490967,0
42,onnx/CIFAR100_resnet_large.onnx,vnnlib/resnet_large__label_1__idx_8126_fix_nonmask_seg0_k1024_eps_0.0039.vnnlib,100,timeout False,[[inf], [inf], [inf], [inf], [inf], [inf], [inf], [inf], [inf], [inf], [inf], [inf], [inf], [inf], [inf], [inf], [inf], [inf], [inf], [inf], [inf], [inf], [inf], [inf], [inf], [inf], [inf], [inf], [inf], [inf], [inf], [inf], [inf], [inf], [inf], [inf], [inf], [inf], [inf], [inf], [inf], [inf], [inf], [inf], [inf], [inf], [inf], [inf], [inf], [inf], [inf], [inf], [inf], [inf], [inf], [inf], [inf], [inf], [inf], [inf], [inf], [inf], [inf], [inf], [inf], [inf], [inf], [inf], [inf], [inf], [inf], [inf], [inf], [inf], [inf], [inf], [inf], [inf], [inf], [inf], [inf], [inf], [inf], [inf], [inf], [inf], [inf], [inf], [inf], [inf], [inf], [inf], [inf], [inf], [inf], [inf], [inf]],0,0.14830422401428223,104.8662736415863,2268
43,onnx/CIFAR100_resnet_large.onnx,vnnlib/resnet_large__label_21__idx_2858_global_k1024_eps_0.0039.vnnlib,100,unsat False,[[inf], [inf], [inf], [inf], [inf], [inf], [inf], [inf], [inf], [inf], [inf], [inf], [inf], [inf], [inf], [inf], [inf], [inf], [inf], [inf], [inf], [inf], [inf], [inf], [inf], [inf], [inf], [inf], [inf], [inf], [inf], [inf], [inf], [inf], [inf], [inf], [inf], [inf], [inf], [inf], [inf], [inf], [inf], [inf], [inf], [inf], [inf], [inf], [inf], [inf], [inf], [inf], [inf], [inf], [inf], [inf], [inf], [inf], [inf], [inf], [inf], [inf], [inf], [inf], [inf], [inf], [inf], [inf], [inf], [inf], [inf], [inf], [inf], [inf], [inf], [inf], [inf], [inf], [inf], [inf], [inf], [inf], [inf], [inf], [inf], [inf], [inf], [inf], [inf], [inf], [inf], [inf], [inf], [inf], [inf], [inf], [inf]],0,0.14933347702026367,33.42195701599121,4199
44,onnx/CIFAR100_resnet_large.onnx,vnnlib/resnet_large__label_21__idx_2858_fix_mask_seg0_k1024_eps_0.0039.vnnlib,100,unsat True,,,,4.591250896453857,0
45,onnx/CIFAR100_resnet_large.onnx,vnnlib/resnet_large__label_21__idx_2858_fix_nonmask_seg0_k1024_eps_0.0039.vnnlib,100,unsat False,[[inf], [inf], [inf], [inf], [inf], [inf], [inf], [inf], [inf], [inf], [inf], [inf], [inf], [inf], [inf], [inf], [inf], [inf], [inf], [inf], [inf], [inf], [inf], [inf], [inf], [inf], [inf], [inf], [inf], [inf], [inf], [inf], [inf], [0.05133771896362305], [inf], [inf], [inf], [inf], [inf], [inf], [inf], [inf], [inf], [inf], [inf], [inf], [inf], [inf], [inf], [inf], [inf], [inf], [inf], [inf], [inf], [inf], [inf], [inf], [inf], [inf], [inf], [inf], [inf], [inf], [inf], [inf], [inf], [inf], [inf], [inf], [inf], [inf], [inf], [inf], [inf], [inf], [inf], [inf], [inf], [inf], [inf], [inf], [inf], [inf], [inf], [inf], [inf], [inf], [inf], [inf], [inf], [inf], [inf], [inf], [inf], [inf], [inf], [inf]],0,0.1642289161682129,33.061962842941284,4046
46,onnx/CIFAR100_resnet_large.onnx,vnnlib/resnet_large__label_21__idx_9995_global_k1024_eps_0.0039.vnnlib,100,sat True,,,,5.634280443191528,0
47,onnx/CIFAR100_resnet_large.onnx,vnnlib/resnet_large__label_21__idx_9995_fix_mask_seg0_k1024_eps_0.0039.vnnlib,100,unsat True,,,,3.0203359127044678,0
48,onnx/CIFAR100_resnet_large.onnx,vnnlib/resnet_large__label_21__idx_9995_fix_nonmask_seg0_k1024_eps_0.0039.vnnlib,100,sat True,,,,5.69823956489563,0
49,onnx/CIFAR100_resnet_large.onnx,vnnlib/resnet_large__label_22__idx_700_global_k1024_eps_0.0039.vnnlib,100,unsat False,[[inf], [inf], [inf], [inf], [inf], [inf], [inf], [inf], [inf], [inf], [inf], [inf], [inf], [inf], [inf], [inf], [inf], [inf], [inf], [inf], [inf], [inf], [inf], [inf], [inf], [inf], [inf], [inf], [inf], [inf], [inf], [inf], [inf], [inf], [inf], [inf], [inf], [inf], [inf], [inf], [inf], [inf], [inf], [inf], [inf], [inf], [inf], [inf], [inf], [inf], [inf], [inf], [inf], [inf], [inf], [inf], [inf], [inf], [inf], [inf], [inf], [inf], [inf], [inf], [inf], [inf], [inf], [inf], [inf], [inf], [inf], [inf], [inf], [inf], [inf], [inf], [inf], [inf], [inf], [inf], [inf], [inf], [inf], [inf], [inf], [inf], [inf], [inf], [inf], [inf], [inf], [inf], [inf], [inf], [inf], [inf], [inf], [inf]],0,0.1511242389678955,32.14654040336609,2836
50,onnx/CIFAR100_resnet_large.onnx,vnnlib/resnet_large__label_22__idx_700_fix_mask_seg0_k1024_eps_0.0039.vnnlib,100,unsat True,,,,2.918123245239258,0
51,onnx/CIFAR100_resnet_large.onnx,vnnlib/resnet_large__label_22__idx_700_fix_nonmask_seg0_k1024_eps_0.0039.vnnlib,100,unsat False,[[inf], [inf], [inf], [inf], [inf], [inf], [inf], [inf], [inf], [inf], [inf], [inf], [inf], [inf], [inf], [inf], [inf], [inf], [inf], [inf], [inf], [inf], [inf], [inf], [inf], [inf], [inf], [inf], [inf], [inf], [inf], [inf], [inf], [inf], [inf], [inf], [inf], [inf], [inf], [inf], [inf], [inf], [inf], [inf], [inf], [inf], [inf], [inf], [inf], [inf], [inf], [inf], [inf], [inf], [inf], [inf], [inf], [inf], [inf], [inf], [inf], [inf], [inf], [inf], [inf], [inf], [inf], [inf], [inf], [inf], [inf], [inf], [inf], [inf], [inf], [inf], [inf], [inf], [inf], [inf], [inf], [inf], [inf], [inf], [inf], [inf], [inf], [inf], [inf], [inf], [inf], [inf], [inf], [inf], [inf], [inf], [inf], [inf]],0,0.14803767204284668,35.23363423347473,2643
52,onnx/CIFAR100_resnet_large.onnx,vnnlib/resnet_large__label_25__idx_2209_global_k1024_eps_0.0039.vnnlib,100,unsat False,[[0.17536067962646484], [inf], [inf], [inf], [inf], [inf], [inf], [inf], [inf], [inf], [inf], [inf], [inf], [inf], [inf], [inf], [inf], [inf], [inf], [inf], [inf], [inf], [inf], [inf], [inf], [inf], [inf], [inf], [inf], [inf], [inf], [inf], [inf], [inf], [inf], [inf], [inf], [inf], [inf], [inf], [inf], [inf], [inf], [inf], [inf], [inf], [inf], [inf], [inf], [inf], [inf], [inf], [inf], [inf], [inf], [inf], [inf], [inf], [inf], [inf], [inf], [inf], [inf], [inf], [inf], [inf], [inf], [inf], [inf], [inf], [inf], [inf], [inf], [inf], [inf], [inf], [inf], [inf], [inf], [inf], [inf], [inf], [inf], [inf], [inf], [inf], [inf], [inf], [inf], [inf], [inf], [inf], [inf], [inf], [inf], [inf], [inf], [inf]],0,0.15252017974853516,33.323286056518555,4033
53,onnx/CIFAR100_resnet_large.onnx,vnnlib/resnet_large__label_25__idx_2209_fix_mask_seg0_k1024_eps_0.0039.vnnlib,100,unsat True,,,,2.666482925415039,0
54,onnx/CIFAR100_resnet_large.onnx,vnnlib/resnet_large__label_25__idx_2209_fix_nonmask_seg0_k1024_eps_0.0039.vnnlib,100,unsat False,[[inf], [inf], [inf], [inf], [inf], [inf], [inf], [inf], [inf], [inf], [inf], [inf], [inf], [inf], [inf], [inf], [inf], [inf], [inf], [inf], [inf], [inf], [inf], [inf], [inf], [inf], [inf], [inf], [inf], [inf], [inf], [inf], [inf], [inf], [inf], [inf], [inf], [inf], [inf], [inf], [inf], [inf], [inf], [inf], [inf], [inf], [inf], [inf], [inf], [inf], [inf], [inf], [inf], [inf], [inf], [inf], [inf], [inf], [inf], [inf], [inf], [inf], [inf], [inf], [inf], [inf], [inf], [inf], [inf], [inf], [inf], [inf], [inf], [inf], [inf], [inf], [inf], [inf], [inf], [inf], [inf], [inf], [inf], [inf], [inf], [inf], [inf], [inf], [inf], [inf], [inf], [inf], [inf], [inf], [inf], [inf], [inf], [inf]],0,0.2438976764678955,33.76686382293701,3993
55,onnx/CIFAR100_resnet_large.onnx,vnnlib/resnet_large__label_25__idx_2893_global_k1024_eps_0.0039.vnnlib,100,timeout False,[[inf], [inf], [inf], [inf], [inf], [inf], [inf], [inf], [inf], [inf], [inf], [inf], [inf], [inf], [inf], [inf], [inf], [inf], [inf], [inf], [inf], [inf], [inf], [inf], [inf], [inf], [inf], [inf], [inf], [inf], [inf], [inf], [inf], [inf], [inf], [inf], [inf], [inf], [inf], [inf], [inf], [inf], [inf], [inf], [inf], [inf], [inf], [inf], [inf], [inf], [inf], [inf], [inf], [inf], [inf], [inf], [inf], [inf], [inf], [inf], [inf], [inf], [inf], [inf], [inf], [inf], [inf], [inf], [inf], [inf], [inf], [inf], [inf], [inf], [inf], [inf], [inf], [inf], [inf], [inf], [inf], [inf], [inf], [inf], [inf], [inf], [inf], [inf], [inf], [inf], [inf], [inf], [inf], [inf], [inf], [inf], [inf], [inf]],0,0.23933959007263184,105.40323638916016,3139
56,onnx/CIFAR100_resnet_large.onnx,vnnlib/resnet_large__label_25__idx_2893_fix_mask_seg0_k1024_eps_0.0039.vnnlib,100,unsat True,,,,4.091722726821899,0
57,onnx/CIFAR100_resnet_large.onnx,vnnlib/resnet_large__label_25__idx_2893_fix_nonmask_seg0_k1024_eps_0.0039.vnnlib,100,timeout False,[[inf], [inf], [inf], [inf], [inf], [inf], [inf], [inf], [inf], [inf], [inf], [inf], [inf], [inf], [inf], [inf], [inf], [inf], [inf], [inf], [inf], [inf], [inf], [inf], [inf], [inf], [inf], [inf], [inf], [inf], [inf], [inf], [inf], [inf], [inf], [inf], [inf], [inf], [inf], [inf], [inf], [inf], [inf], [inf], [inf], [inf], [inf], [inf], [inf], [inf], [inf], [inf], [inf], [inf], [inf], [inf], [inf], [inf], [inf], [inf], [inf], [inf], [inf], [inf], [inf], [inf], [inf], [inf], [inf], [inf], [inf], [inf], [inf], [inf], [inf], [inf], [inf], [inf], [inf], [inf], [inf], [inf], [inf], [inf], [inf], [inf], [inf], [inf], [inf], [inf], [inf], [inf], [inf], [inf], [inf], [inf], [inf], [inf]],0,0.14777231216430664,101.19998908042908,2981
58,onnx/CIFAR100_resnet_large.onnx,vnnlib/resnet_large__label_26__idx_212_global_k1024_eps_0.0039.vnnlib,100,unsat False,[[inf], [inf], [inf], [inf], [inf], [inf], [inf], [inf], [inf], [inf], [inf], [inf], [inf], [inf], [inf], [inf], [inf], [inf], [inf], [inf], [inf], [inf], [inf], [inf], [inf], [inf], [inf], [inf], [inf], [inf], [inf], [inf], [inf], [inf], [inf], [inf], [inf], [inf], [inf], [inf], [inf], [0.07980561256408691], [inf], [inf], [inf], [inf], [inf], [inf], [inf], [inf], [inf], [inf], [inf], [inf], [inf], [inf], [inf], [inf], [inf], [inf], [inf], [inf], [0.09521055221557617], [inf], [inf], [inf], [inf], [inf], [inf], [inf], [inf], [inf], [inf], [inf], [inf], [inf], [inf], [0.06215786933898926], [inf], [inf], [inf], [inf], [inf], [inf], [inf], [inf], [inf], [inf], [inf], [inf], [inf], [inf], [inf], [inf], [inf], [inf], [inf], [inf]],0,0.22869229316711426,37.86701560020447,4082
59,onnx/CIFAR100_resnet_large.onnx,vnnlib/resnet_large__label_26__idx_212_fix_mask_seg0_k1024_eps_0.0039.vnnlib,100,unsat True,,,,2.669466733932495,0
60,onnx/CIFAR100_resnet_large.onnx,vnnlib/resnet_large__label_26__idx_212_fix_nonmask_seg0_k1024_eps_0.0039.vnnlib,100,unsat False,[[inf], [inf], [inf], [inf], [inf], [inf], [inf], [inf], [inf], [inf], [inf], [inf], [inf], [inf], [inf], [inf], [inf], [inf], [inf], [inf], [inf], [inf], [inf], [inf], [inf], [inf], [inf], [inf], [inf], [inf], [inf], [inf], [inf], [inf], [inf], [inf], [inf], [inf], [inf], [inf], [inf], [0.1397380828857422], [inf], [inf], [inf], [inf], [inf], [inf], [inf], [inf], [inf], [inf], [inf], [inf], [inf], [inf], [inf], [inf], [inf], [inf], [inf], [inf], [0.17014312744140625], [inf], [inf], [inf], [inf], [inf], [inf], [inf], [inf], [inf], [inf], [inf], [inf], [inf], [inf], [0.11801433563232422], [inf], [inf], [inf], [inf], [inf], [inf], [inf], [inf], [inf], [inf], [inf], [inf], [inf], [inf], [inf], [inf], [inf], [inf], [inf], [inf]],0,0.15053129196166992,33.52320623397827,3917
61,onnx/CIFAR100_resnet_large.onnx,vnnlib/resnet_large__label_26__idx_8903_global_k1024_eps_0.0039.vnnlib,100,timeout False,[[inf], [inf], [inf], [inf], [inf], [inf], [inf], [inf], [inf], [inf], [inf], [inf], [inf], [inf], [inf], [inf], [inf], [inf], [inf], [inf], [inf], [inf], [inf], [inf], [inf], [inf], [inf], [inf], [inf], [inf], [inf], [inf], [inf], [inf], [inf], [inf], [inf], [inf], [inf], [inf], [inf], [inf], [inf], [inf], [inf], [inf], [inf], [inf], [inf], [inf], [inf], [inf], [inf], [inf], [inf], [inf], [inf], [inf], [inf], [inf], [inf], [inf], [inf], [inf], [inf], [inf], [inf], [inf], [inf], [inf], [inf], [inf], [inf], [inf], [inf], [inf], [inf], [inf], [inf], [inf], [inf], [inf], [inf], [inf], [inf], [inf], [inf], [inf], [inf], [inf], [inf], [inf], [inf], [inf], [inf], [inf]],0,0.23415088653564453,111.5097975730896,4233
62,onnx/CIFAR100_resnet_large.onnx,vnnlib/resnet_large__label_26__idx_8903_fix_mask_seg0_k1024_eps_0.0039.vnnlib,100,unsat True,,,,3.1138975620269775,0
63,onnx/CIFAR100_resnet_large.onnx,vnnlib/resnet_large__label_26__idx_8903_fix_nonmask_seg0_k1024_eps_0.0039.vnnlib,100,timeout False,[[inf], [inf], [inf], [inf], [inf], [inf], [inf], [inf], [inf], [inf], [inf], [inf], [inf], [inf], [inf], [inf], [inf], [inf], [inf], [inf], [inf], [inf], [inf], [inf], [inf], [inf], [inf], [inf], [inf], [inf], [inf], [inf], [inf], [inf], [inf], [inf], [inf], [inf], [inf], [inf], [inf], [inf], [inf], [inf], [inf], [inf], [inf], [inf], [inf], [inf], [inf], [inf], [inf], [inf], [inf], [inf], [inf], [inf], [inf], [inf], [inf], [inf], [inf], [inf], [inf], [inf], [inf], [inf], [inf], [inf], [inf], [inf], [inf], [inf], [inf], [inf], [inf], [inf], [inf], [inf], [inf], [inf], [inf], [inf], [inf], [inf], [inf], [inf], [inf], [inf], [inf], [inf], [inf], [inf], [inf], [inf]],0,0.1510605812072754,107.61695981025696,4118
64,onnx/CIFAR100_resnet_large.onnx,vnnlib/resnet_large__label_27__idx_7106_global_k1024_eps_0.0039.vnnlib,100,unsat False,[[inf], [inf], [inf], [inf], [inf], [inf], [inf], [inf], [inf], [inf], [inf], [inf], [inf], [inf], [inf], [inf], [inf], [inf], [inf], [inf], [inf], [inf], [inf], [inf], [inf], [inf], [inf], [inf], [inf], [inf], [inf], [inf], [inf], [inf], [inf], [inf], [inf], [inf], [inf], [inf], [inf], [inf], [inf], [inf], [inf], [inf], [inf], [inf], [inf], [inf], [inf], [inf], [inf], [inf], [inf], [inf], [inf], [inf], [inf], [inf], [inf], [inf], [inf], [inf], [inf], [inf], [inf], [inf], [inf], [inf], [inf], [inf], [inf], [inf], [inf], [inf], [inf], [inf], [inf], [inf], [inf], [inf], [inf], [inf], [inf], [inf], [inf], [inf], [inf], [inf], [inf], [inf], [inf], [inf], [inf], [inf], [inf]],0,0.1547832489013672,84.05862760543823,4205
65,onnx/CIFAR100_resnet_large.onnx,vnnlib/resnet_large__label_27__idx_7106_fix_mask_seg0_k1024_eps_0.0039.vnnlib,100,unsat True,,,,4.054489612579346,0
66,onnx/CIFAR100_resnet_large.onnx,vnnlib/resnet_large__label_27__idx_7106_fix_nonmask_seg0_k1024_eps_0.0039.vnnlib,100,unsat False,[[inf], [inf], [inf], [inf], [inf], [inf], [inf], [inf], [inf], [inf], [inf], [inf], [inf], [inf], [inf], [inf], [inf], [inf], [inf], [inf], [inf], [inf], [inf], [inf], [inf], [inf], [inf], [inf], [inf], [inf], [inf], [inf], [inf], [inf], [inf], [inf], [inf], [inf], [inf], [inf], [inf], [inf], [inf], [inf], [inf], [inf], [inf], [inf], [inf], [inf], [inf], [inf], [inf], [inf], [inf], [inf], [inf], [inf], [inf], [inf], [inf], [inf], [inf], [inf], [inf], [inf], [inf], [inf], [inf], [inf], [inf], [inf], [inf], [inf], [inf], [inf], [inf], [inf], [inf], [inf], [inf], [inf], [inf], [inf], [inf], [inf], [inf], [inf], [inf], [inf], [inf], [inf], [inf], [inf], [inf], [inf], [inf]],0,0.15468096733093262,87.0153329372406,4205
67,onnx/CIFAR100_resnet_large.onnx,vnnlib/resnet_large__label_29__idx_242_global_k1024_eps_0.0039.vnnlib,100,unsat False,[[inf], [inf], [inf], [inf], [inf], [inf], [inf], [inf], [inf], [inf], [inf], [inf], [inf], [inf], [inf], [0.17625951766967773], [inf], [inf], [inf], [inf], [inf], [inf], [inf], [inf], [inf], [inf], [inf], [inf], [inf], [inf], [inf], [inf], [inf], [inf], [inf], [inf], [inf], [inf], [inf], [inf], [inf], [inf], [inf], [inf], [inf], [inf], [inf], [inf], [inf], [inf], [inf], [inf], [inf], [inf], [inf], [inf], [inf], [inf], [inf], [inf], [inf], [inf], [inf], [inf], [inf], [inf], [inf], [inf], [inf], [inf], [inf], [inf], [inf], [inf], [inf], [inf], [inf], [inf], [inf], [inf], [inf], [inf], [inf], [inf], [0.15061378479003906], [inf], [inf], [inf], [inf], [inf], [inf], [inf], [inf], [inf], [inf], [inf]],0,0.23791289329528809,38.845733642578125,4136
68,onnx/CIFAR100_resnet_large.onnx,vnnlib/resnet_large__label_29__idx_242_fix_mask_seg0_k1024_eps_0.0039.vnnlib,100,unsat True,,,,4.152482986450195,0
69,onnx/CIFAR100_resnet_large.onnx,vnnlib/resnet_large__label_29__idx_242_fix_nonmask_seg0_k1024_eps_0.0039.vnnlib,100,unsat False,[[inf], [inf], [inf], [inf], [inf], [inf], [inf], [inf], [inf], [inf], [inf], [inf], [inf], [inf], [inf], [inf], [inf], [inf], [inf], [inf], [inf], [inf], [inf], [inf], [inf], [inf], [inf], [inf], [inf], [inf], [inf], [inf], [inf], [inf], [inf], [inf], [inf], [inf], [inf], [inf], [inf], [inf], [inf], [inf], [inf], [inf], [inf], [inf], [inf], [inf], [inf], [inf], [inf], [inf], [inf], [inf], [inf], [inf], [inf], [inf], [inf], [inf], [inf], [inf], [inf], [inf], [inf], [inf], [inf], [inf], [inf], [inf], [inf], [inf], [inf], [inf], [inf], [inf], [inf], [inf], [inf], [inf], [inf], [inf], [inf], [inf], [inf], [inf], [inf], [inf], [inf], [inf], [inf], [inf], [inf], [inf]],0,0.2388443946838379,36.985997438430786,3815
70,onnx/CIFAR100_resnet_large.onnx,vnnlib/resnet_large__label_2__idx_3801_global_k1024_eps_0.0039.vnnlib,100,sat True,,,,4.88400673866272,0
71,onnx/CIFAR100_resnet_large.onnx,vnnlib/resnet_large__label_2__idx_3801_fix_mask_seg0_k1024_eps_0.0039.vnnlib,100,unsat True,,,,3.4046192169189453,0
72,onnx/CIFAR100_resnet_large.onnx,vnnlib/resnet_large__label_2__idx_3801_fix_nonmask_seg0_k1024_eps_0.0039.vnnlib,100,sat True,,,,4.06646203994751,0
73,onnx/CIFAR100_resnet_large.onnx,vnnlib/resnet_large__label_2__idx_972_global_k1024_eps_0.0039.vnnlib,100,unsat False,[[inf], [inf], [0.13842034339904785], [inf], [inf], [inf], [inf], [inf], [inf], [inf], [inf], [inf], [inf], [inf], [inf], [inf], [inf], [inf], [inf], [inf], [inf], [inf], [inf], [inf], [inf], [inf], [inf], [inf], [inf], [inf], [inf], [inf], [inf], [inf], [inf], [inf], [inf], [inf], [inf], [inf], [inf], [inf], [inf], [inf], [inf], [inf], [inf], [inf], [inf], [inf], [inf], [inf], [inf], [inf], [inf], [inf], [inf], [inf], [inf], [inf], [inf], [inf], [inf], [inf], [inf], [inf], [inf], [inf], [inf], [inf], [inf], [inf], [inf], [inf], [inf], [inf], [inf], [inf], [inf], [inf], [inf], [inf], [inf], [inf], [inf], [inf], [inf], [inf], [inf], [inf], [inf], [inf], [inf], [inf], [inf], [inf], [inf]],0,0.23537111282348633,43.189581871032715,4325
74,onnx/CIFAR100_resnet_large.onnx,vnnlib/resnet_large__label_2__idx_972_fix_mask_seg0_k1024_eps_0.0039.vnnlib,100,unsat True,,,,4.14359450340271,0
75,onnx/CIFAR100_resnet_large.onnx,vnnlib/resnet_large__label_2__idx_972_fix_nonmask_seg0_k1024_eps_0.0039.vnnlib,100,unsat False,[[inf], [inf], [inf], [inf], [inf], [inf], [inf], [inf], [inf], [inf], [inf], [inf], [inf], [inf], [inf], [inf], [inf], [inf], [inf], [inf], [inf], [inf], [inf], [inf], [inf], [inf], [inf], [inf], [inf], [inf], [0.17560017108917236], [inf], [inf], [inf], [inf], [inf], [inf], [inf], [inf], [inf], [inf], [inf], [inf], [inf], [inf], [inf], [inf], [inf], [inf], [inf], [inf], [inf], [inf], [inf], [inf], [inf], [inf], [inf], [inf], [inf], [inf], [inf], [inf], [inf], [inf], [inf], [inf], [inf], [inf], [inf], [inf], [inf], [inf], [inf], [inf], [inf], [inf], [inf], [inf], [inf], [inf], [inf], [inf], [inf], [inf], [inf], [inf], [inf], [inf], [inf], [inf], [inf], [inf], [inf], [inf], [inf], [inf], [inf]],0,0.15127325057983398,33.551756143569946,3930
76,onnx/CIFAR100_resnet_large.onnx,vnnlib/resnet_large__label_31__idx_3906_global_k1024_eps_0.0039.vnnlib,100,timeout False,[[inf], [inf], [inf], [inf], [inf], [inf], [inf], [inf], [inf], [inf], [inf], [inf], [inf], [inf], [inf], [inf], [inf], [inf], [inf], [inf], [inf], [inf], [inf], [inf], [inf], [inf], [inf], [inf], [inf], [inf], [inf], [inf], [inf], [inf], [inf], [inf], [inf], [inf], [inf], [inf], [inf], [inf], [inf], [inf], [inf], [inf], [inf], [inf], [inf], [inf], [inf], [inf], [inf], [inf], [inf], [inf], [inf], [inf], [inf], [inf], [inf], [inf], [inf], [inf], [inf], [inf], [inf], [inf], [inf], [inf], [inf], [inf], [inf], [inf], [inf], [inf], [inf], [inf], [inf], [inf], [inf], [inf], [inf], [inf], [inf], [inf], [inf], [inf], [inf], [inf], [inf], [inf], [inf], [inf], [inf], [inf], [inf], [inf]],0,0.15374302864074707,101.15383172035217,3638
77,onnx/CIFAR100_resnet_large.onnx,vnnlib/resnet_large__label_31__idx_3906_fix_mask_seg0_k1024_eps_0.0039.vnnlib,100,unsat True,,,,3.6369094848632812,0
78,onnx/CIFAR100_resnet_large.onnx,vnnlib/resnet_large__label_31__idx_3906_fix_nonmask_seg0_k1024_eps_0.0039.vnnlib,100,timeout False,[[inf], [inf], [inf], [inf], [inf], [inf], [inf], [inf], [inf], [inf], [inf], [inf], [inf], [inf], [inf], [inf], [inf], [inf], [inf], [inf], [inf], [inf], [inf], [inf], [inf], [inf], [inf], [inf], [inf], [inf], [inf], [inf], [inf], [inf], [inf], [inf], [inf], [inf], [inf], [inf], [inf], [inf], [inf], [inf], [inf], [inf], [inf], [inf], [inf], [inf], [inf], [inf], [inf], [inf], [inf], [inf], [inf], [inf], [inf], [inf], [inf], [inf], [inf], [inf], [inf], [inf], [inf], [inf], [inf], [inf], [inf], [inf], [inf], [inf], [inf], [inf], [inf], [inf], [inf], [inf], [inf], [inf], [inf], [inf], [inf], [inf], [inf], [inf], [inf], [inf], [inf], [inf], [inf], [inf], [inf], [inf], [inf], [inf]],0,0.146683931350708,104.87092852592468,3448
79,onnx/CIFAR100_resnet_large.onnx,vnnlib/resnet_large__label_31__idx_476_global_k1024_eps_0.0039.vnnlib,100,unsat False,[[inf], [inf], [inf], [inf], [inf], [inf], [inf], [inf], [inf], [inf], [inf], [inf], [inf], [inf], [inf], [inf], [inf], [inf], [inf], [inf], [inf], [inf], [inf], [inf], [inf], [inf], [inf], [inf], [inf], [inf], [inf], [inf], [inf], [inf], [inf], [inf], [inf], [inf], [inf], [inf], [inf], [inf], [inf], [inf], [inf], [inf], [inf], [inf], [inf], [inf], [inf], [inf], [inf], [inf], [inf], [inf], [inf], [inf], [inf], [inf], [inf], [inf], [inf], [inf], [inf], [inf], [inf], [inf], [inf], [inf], [inf], [inf], [inf], [inf], [inf], [inf], [inf], [inf], [inf], [inf], [inf], [inf], [inf], [inf], [inf], [inf], [inf], [inf], [inf], [inf], [inf], [inf], [inf], [inf], [inf], [inf], [inf], [inf]],0,0.15330123901367188,76.86317038536072,3423
80,onnx/CIFAR100_resnet_large.onnx,vnnlib/resnet_large__label_31__idx_476_fix_mask_seg0_k1024_eps_0.0039.vnnlib,100,unsat True,,,,2.5526487827301025,0
81,onnx/CIFAR100_resnet_large.onnx,vnnlib/resnet_large__label_31__idx_476_fix_nonmask_seg0_k1024_eps_0.0039.vnnlib,100,unsat False,[[inf], [inf], [inf], [inf], [inf], [inf], [inf], [inf], [inf], [inf], [inf], [inf], [inf], [inf], [inf], [inf], [inf], [inf], [inf], [inf], [inf], [inf], [inf], [inf], [inf], [inf], [inf], [inf], [inf], [inf], [inf], [inf], [inf], [inf], [inf], [inf], [inf], [inf], [inf], [inf], [inf], [inf], [inf], [inf], [inf], [inf], [inf], [inf], [inf], [inf], [inf], [inf], [inf], [inf], [inf], [inf], [inf], [inf], [inf], [inf], [inf], [inf], [inf], [inf], [inf], [inf], [inf], [inf], [inf], [inf], [inf], [inf], [inf], [inf], [inf], [inf], [inf], [inf], [inf], [inf], [inf], [inf], [inf], [inf], [inf], [inf], [inf], [inf], [inf], [inf], [inf], [inf], [inf], [inf], [inf], [inf], [inf], [inf]],0,0.8479726314544678,75.77733898162842,3423
82,onnx/CIFAR100_resnet_large.onnx,vnnlib/resnet_large__label_31__idx_4804_global_k1024_eps_0.0039.vnnlib,100,timeout False,[[inf], [inf], [inf], [inf], [inf], [inf], [inf], [inf], [inf], [inf], [inf], [inf], [inf], [inf], [inf], [inf], [inf], [inf], [inf], [inf], [inf], [inf], [inf], [inf], [inf], [inf], [inf], [inf], [inf], [inf], [inf], [inf], [inf], [inf], [inf], [inf], [inf], [inf], [inf], [inf], [inf], [inf], [inf], [inf], [inf], [inf], [inf], [inf], [inf], [inf], [inf], [inf], [inf], [inf], [inf], [inf], [inf], [inf], [inf], [inf], [inf], [inf], [inf], [inf], [inf], [inf], [inf], [inf], [inf], [inf], [inf], [inf], [inf], [inf], [inf], [inf], [inf], [inf], [inf], [inf], [inf], [inf], [inf], [inf], [inf], [inf], [inf], [inf], [inf], [inf], [inf], [inf], [inf], [inf], [inf], [inf], [inf], [inf]],0,0.1610560417175293,102.60519886016846,3695
83,onnx/CIFAR100_resnet_large.onnx,vnnlib/resnet_large__label_31__idx_4804_fix_mask_seg0_k1024_eps_0.0039.vnnlib,100,unsat True,,,,3.616302967071533,0
84,onnx/CIFAR100_resnet_large.onnx,vnnlib/resnet_large__label_31__idx_4804_fix_nonmask_seg0_k1024_eps_0.0039.vnnlib,100,timeout False,[[inf], [inf], [inf], [inf], [inf], [inf], [inf], [inf], [inf], [inf], [inf], [inf], [inf], [inf], [inf], [inf], [inf], [inf], [inf], [inf], [inf], [inf], [inf], [inf], [inf], [inf], [inf], [inf], [inf], [inf], [inf], [inf], [inf], [inf], [inf], [inf], [inf], [inf], [inf], [inf], [inf], [inf], [inf], [inf], [inf], [inf], [inf], [inf], [inf], [inf], [inf], [inf], [inf], [inf], [inf], [inf], [inf], [inf], [inf], [inf], [inf], [inf], [inf], [inf], [inf], [inf], [inf], [inf], [inf], [inf], [inf], [inf], [inf], [inf], [inf], [inf], [inf], [inf], [inf], [inf], [inf], [inf], [inf], [inf], [inf], [inf], [inf], [inf], [inf], [inf], [inf], [inf], [inf], [inf], [inf], [inf], [inf], [inf]],0,0.2293095588684082,103.78566813468933,3595
85,onnx/CIFAR100_resnet_large.onnx,vnnlib/resnet_large__label_32__idx_4987_global_k1024_eps_0.0039.vnnlib,100,unsat False,[[inf], [inf], [inf], [inf], [inf], [inf], [inf], [inf], [inf], [inf], [inf], [inf], [inf], [inf], [inf], [inf], [inf], [inf], [inf], [inf], [inf], [inf], [inf], [inf], [inf], [inf], [inf], [inf], [inf], [inf], [inf], [inf], [inf], [inf], [inf], [inf], [inf], [inf], [inf], [inf], [inf], [inf], [inf], [inf], [inf], [inf], [inf], [inf], [inf], [inf], [inf], [inf], [inf], [inf], [inf], [inf], [inf], [inf], [inf], [inf], [inf], [inf], [inf], [inf], [inf], [inf], [inf], [inf], [inf], [inf], [inf], [inf], [inf], [inf], [inf], [inf], [inf], [inf], [inf], [inf], [inf], [inf], [inf], [inf], [inf], [inf], [inf], [inf], [inf], [inf], [inf], [inf], [inf], [inf], [inf], [inf], [inf], [inf]],0,0.1435070037841797,34.983644247055054,2562
86,onnx/CIFAR100_resnet_large.onnx,vnnlib/resnet_large__label_32__idx_4987_fix_mask_seg0_k1024_eps_0.0039.vnnlib,100,unsat True,,,,2.728374481201172,0
87,onnx/CIFAR100_resnet_large.onnx,vnnlib/resnet_large__label_32__idx_4987_fix_nonmask_seg0_k1024_eps_0.0039.vnnlib,100,unsat False,[[inf], [inf], [inf], [inf], [inf], [inf], [inf], [inf], [inf], [inf], [inf], [inf], [inf], [inf], [inf], [inf], [inf], [inf], [inf], [inf], [inf], [inf], [inf], [inf], [inf], [inf], [inf], [inf], [inf], [inf], [inf], [inf], [inf], [inf], [inf], [inf], [inf], [inf], [inf], [inf], [inf], [inf], [inf], [inf], [inf], [inf], [inf], [inf], [inf], [inf], [inf], [inf], [inf], [inf], [inf], [inf], [inf], [inf], [inf], [inf], [inf], [inf], [inf], [inf], [inf], [inf], [inf], [inf], [inf], [inf], [inf], [inf], [inf], [inf], [inf], [inf], [inf], [inf], [inf], [inf], [inf], [inf], [inf], [inf], [inf], [inf], [inf], [inf], [inf], [inf], [inf], [inf], [inf], [inf], [inf], [inf], [inf], [inf]],0,0.14919734001159668,35.6765341758728,2562
88,onnx/CIFAR100_resnet_large.onnx,vnnlib/resnet_large__label_33__idx_313_global_k1024_eps_0.0039.vnnlib,100,unsat False,[[inf], [inf], [inf], [inf], [inf], [inf], [inf], [inf], [inf], [inf], [inf], [inf], [inf], [inf], [inf], [inf], [inf], [inf], [inf], [inf], [inf], [inf], [inf], [inf], [inf], [inf], [inf], [inf], [inf], [inf], [inf], [inf], [inf], [inf], [inf], [inf], [inf], [inf], [inf], [inf], [inf], [inf], [inf], [inf], [inf], [inf], [inf], [inf], [inf], [inf], [inf], [inf], [inf], [inf], [inf], [inf], [inf], [inf], [inf], [inf], [inf], [inf], [inf], [inf], [inf], [inf], [inf], [inf], [inf], [inf], [inf], [inf], [inf], [inf], [inf], [inf], [inf], [inf], [inf], [inf], [inf], [inf], [inf], [inf], [inf], [inf], [inf], [inf], [inf], [inf], [inf], [inf], [inf], [inf], [inf], [inf], [inf], [inf]],0,0.1505582332611084,31.930570363998413,3100
89,onnx/CIFAR100_resnet_large.onnx,vnnlib/resnet_large__label_33__idx_313_fix_mask_seg0_k1024_eps_0.0039.vnnlib,100,unsat True,,,,2.6037802696228027,0
90,onnx/CIFAR100_resnet_large.onnx,vnnlib/resnet_large__label_33__idx_313_fix_nonmask_seg0_k1024_eps_0.0039.vnnlib,100,unsat False,[[inf], [inf], [inf], [inf], [inf], [inf], [inf], [inf], [inf], [inf], [inf], [inf], [inf], [inf], [inf], [inf], [inf], [inf], [inf], [inf], [inf], [inf], [inf], [inf], [inf], [inf], [inf], [inf], [inf], [inf], [inf], [inf], [inf], [inf], [inf], [inf], [inf], [inf], [inf], [inf], [inf], [inf], [inf], [inf], [inf], [inf], [inf], [inf], [inf], [inf], [inf], [inf], [inf], [inf], [inf], [inf], [inf], [inf], [inf], [inf], [inf], [inf], [inf], [inf], [inf], [inf], [inf], [inf], [inf], [inf], [inf], [inf], [inf], [inf], [inf], [inf], [inf], [inf], [inf], [inf], [inf], [inf], [inf], [inf], [inf], [inf], [inf], [inf], [inf], [inf], [inf], [inf], [inf], [inf], [inf], [inf], [inf], [inf]],0,0.14446687698364258,31.58229351043701,3099
91,onnx/CIFAR100_resnet_large.onnx,vnnlib/resnet_large__label_33__idx_4318_global_k1024_eps_0.0039.vnnlib,100,timeout False,[[inf], [inf], [inf], [inf], [inf], [inf], [inf], [inf], [inf], [inf], [inf], [inf], [inf], [inf], [inf], [inf], [inf], [inf], [inf], [inf], [inf], [inf], [inf], [inf], [inf], [inf], [inf], [inf], [inf], [inf], [inf], [inf], [inf], [inf], [inf], [inf], [inf], [inf], [inf], [inf], [inf], [inf], [inf], [inf], [inf], [inf], [inf], [inf], [inf], [inf], [inf], [inf], [inf], [inf], [inf], [inf], [inf], [inf], [inf], [inf], [inf], [inf], [inf], [inf], [inf], [inf], [inf], [inf], [inf], [inf], [inf], [inf], [inf], [inf], [inf], [inf], [inf], [inf], [inf], [inf], [inf], [inf], [inf], [0.20743632316589355], [inf], [inf], [inf], [inf], [inf], [inf], [inf], [inf], [inf], [inf]],0,0.23619437217712402,101.3396213054657,3918
92,onnx/CIFAR100_resnet_large.onnx,vnnlib/resnet_large__label_33__idx_4318_fix_mask_seg0_k1024_eps_0.0039.vnnlib,100,unsat True,,,,3.317444086074829,0
93,onnx/CIFAR100_resnet_large.onnx,vnnlib/resnet_large__label_33__idx_4318_fix_nonmask_seg0_k1024_eps_0.0039.vnnlib,100,timeout False,[[inf], [inf], [inf], [inf], [inf], [inf], [inf], [inf], [inf], [inf], [inf], [inf], [inf], [inf], [inf], [inf], [inf], [inf], [inf], [inf], [inf], [inf], [inf], [inf], [inf], [inf], [inf], [inf], [inf], [inf], [inf], [inf], [inf], [inf], [inf], [inf], [inf], [inf], [inf], [inf], [inf], [inf], [inf], [inf], [inf], [inf], [inf], [inf], [inf], [inf], [inf], [inf], [inf], [inf], [inf], [inf], [inf], [inf], [inf], [inf], [inf], [inf], [inf], [inf], [inf], [inf], [inf], [inf], [inf], [inf], [inf], [inf], [inf], [inf], [inf], [inf], [inf], [inf], [inf], [inf], [inf], [inf], [inf], [inf], [inf], [inf], [inf], [inf], [inf], [inf], [inf], [inf], [inf], [inf]],0,0.15160107612609863,105.84861946105957,3731
94,onnx/CIFAR100_resnet_large.onnx,vnnlib/resnet_large__label_34__idx_4347_global_k1024_eps_0.0039.vnnlib,100,unsat False,[[inf], [inf], [inf], [inf], [inf], [inf], [inf], [inf], [inf], [inf], [inf], [inf], [inf], [inf], [inf], [inf], [inf], [inf], [inf], [inf], [inf], [inf], [inf], [inf], [inf], [inf], [0.1490330696105957], [inf], [inf], [inf], [inf], [inf], [inf], [inf], [inf], [inf], [0.02544260025024414], [inf], [inf], [inf], [0.1719045639038086], [inf], [inf], [inf], [inf], [inf], [inf], [inf], [inf], [inf], [inf], [inf], [inf], [inf], [inf], [inf], [inf], [inf], [inf], [inf], [inf], [0.002955913543701172], [inf], [inf], [inf], [inf], [inf], [inf], [inf], [inf], [inf], [inf], [inf], [inf], [inf], [inf], [inf], [inf], [inf], [inf], [inf], [inf], [inf], [inf], [inf], [inf], [inf], [inf], [inf], [inf], [inf], [inf], [inf]],0,0.22472810745239258,36.4601686000824,3901
95,onnx/CIFAR100_resnet_large.onnx,vnnlib/resnet_large__label_34__idx_4347_fix_mask_seg0_k1024_eps_0.0039.vnnlib,100,unsat True,,,,2.7941384315490723,0
96,onnx/CIFAR100_resnet_large.onnx,vnnlib/resnet_large__label_34__idx_4347_fix_nonmask_seg0_k1024_eps_0.0039.vnnlib,100,unsat False,[[inf], [inf], [inf], [inf], [inf], [inf], [inf], [inf], [inf], [inf], [inf], [inf], [inf], [inf], [inf], [inf], [inf], [inf], [inf], [inf], [inf], [inf], [inf], [inf], [inf], [inf], [0.23693180084228516], [inf], [inf], [inf], [inf], [inf], [inf], [inf], [inf], [inf], [0.10145807266235352], [inf], [inf], [inf], [inf], [inf], [inf], [inf], [inf], [inf], [inf], [inf], [inf], [inf], [inf], [inf], [0.05292791128158569], [inf], [inf], [inf], [inf], [inf], [inf], [inf], [inf], [inf], [0.07438826560974121], [inf], [inf], [inf], [inf], [inf], [inf], [inf], [inf], [inf], [inf], [inf], [inf], [inf], [inf], [inf], [inf], [inf], [inf], [inf], [inf], [0.004360198974609375], [inf], [inf], [inf], [inf], [inf], [inf], [inf], [inf], [inf], [inf], [inf]],0,0.22407126426696777,35.47248077392578,3736
97,onnx/CIFAR100_resnet_large.onnx,vnnlib/resnet_large__label_34__idx_589_global_k1024_eps_0.0039.vnnlib,100,unsat True,,,,26.295621395111084,0
98,onnx/CIFAR100_resnet_large.onnx,vnnlib/resnet_large__label_34__idx_589_fix_mask_seg0_k1024_eps_0.0039.vnnlib,100,unsat True,,,,2.830561876296997,0
99,onnx/CIFAR100_resnet_large.onnx,vnnlib/resnet_large__label_34__idx_589_fix_nonmask_seg0_k1024_eps_0.0039.vnnlib,100,unsat True,,,,2.6785242557525635,0
100,onnx/CIFAR100_resnet_large.onnx,vnnlib/resnet_large__label_34__idx_6873_global_k1024_eps_0.0039.vnnlib,100,unsat False,[[inf], [inf], [inf], [inf], [inf], [inf], [inf], [inf], [inf], [inf], [inf], [inf], [inf], [inf], [inf], [inf], [inf], [inf], [inf], [inf], [inf], [inf], [inf], [inf], [inf], [inf], [inf], [inf], [inf], [inf], [inf], [inf], [inf], [inf], [inf], [inf], [inf], [inf], [inf], [inf], [inf], [inf], [inf], [inf], [inf], [inf], [inf], [inf], [inf], [inf], [inf], [inf], [inf], [inf], [inf], [inf], [inf], [inf], [inf], [inf], [inf], [inf], [inf], [inf], [inf], [inf], [inf], [inf], [inf], [inf], [inf], [inf], [inf], [inf], [inf], [inf], [inf], [inf], [inf], [inf], [inf], [inf], [inf], [inf], [inf], [inf], [inf], [inf], [inf], [inf], [inf], [inf], [inf], [inf], [inf], [inf], [inf], [inf]],0,0.15128016471862793,32.571298122406006,2964
101,onnx/CIFAR100_resnet_large.onnx,vnnlib/resnet_large__label_34__idx_6873_fix_mask_seg0_k1024_eps_0.0039.vnnlib,100,unsat True,,,,2.5730507373809814,0
102,onnx/CIFAR100_resnet_large.onnx,vnnlib/resnet_large__label_34__idx_6873_fix_nonmask_seg0_k1024_eps_0.0039.vnnlib,100,unsat False,[[inf], [inf], [inf], [inf], [inf], [inf], [inf], [inf], [inf], [inf], [inf], [inf], [inf], [inf], [inf], [inf], [inf], [inf], [inf], [inf], [inf], [inf], [inf], [inf], [inf], [inf], [inf], [inf], [inf], [inf], [inf], [inf], [inf], [inf], [inf], [inf], [inf], [inf], [inf], [inf], [inf], [inf], [inf], [inf], [inf], [inf], [inf], [inf], [inf], [inf], [inf], [inf], [inf], [inf], [inf], [inf], [inf], [inf], [inf], [inf], [inf], [inf], [inf], [inf], [inf], [inf], [inf], [inf], [inf], [inf], [inf], [inf], [inf], [inf], [inf], [inf], [inf], [inf], [inf], [inf], [inf], [inf], [inf], [inf], [inf], [inf], [inf], [inf], [inf], [inf], [inf], [inf], [inf], [inf], [inf], [inf], [inf], [inf]],0,0.14883780479431152,36.80392241477966,2962
103,onnx/CIFAR100_resnet_large.onnx,vnnlib/resnet_large__label_36__idx_2400_global_k1024_eps_0.0039.vnnlib,100,sat True,,,,4.004565954208374,0
104,onnx/CIFAR100_resnet_large.onnx,vnnlib/resnet_large__label_36__idx_2400_fix_mask_seg0_k1024_eps_0.0039.vnnlib,100,unsat True,,,,3.125368595123291,0
105,onnx/CIFAR100_resnet_large.onnx,vnnlib/resnet_large__label_36__idx_2400_fix_nonmask_seg0_k1024_eps_0.0039.vnnlib,100,sat True,,,,4.46578574180603,0
106,onnx/CIFAR100_resnet_large.onnx,vnnlib/resnet_large__label_37__idx_2903_global_k1024_eps_0.0039.vnnlib,100,unsat False,[[inf], [inf], [inf], [inf], [inf], [inf], [inf], [inf], [inf], [inf], [inf], [inf], [inf], [inf], [inf], [inf], [inf], [inf], [0.07610476016998291], [inf], [inf], [inf], [inf], [inf], [inf], [inf], [inf], [inf], [inf], [inf], [inf], [inf], [inf], [inf], [inf], [inf], [inf], [inf], [inf], [inf], [inf], [inf], [inf], [inf], [inf], [inf], [inf], [inf], [inf], [inf], [inf], [inf], [inf], [inf], [inf], [inf], [inf], [inf], [inf], [inf], [inf], [inf], [inf], [inf], [inf], [inf], [inf], [inf], [inf], [inf], [inf], [inf], [inf], [inf], [inf], [inf], [inf], [inf], [inf], [inf], [inf], [inf], [inf], [inf], [inf], [inf], [inf], [inf], [inf], [inf], [inf], [inf], [inf], [inf], [inf], [inf], [inf], [inf]],0,0.14733433723449707,35.735501527786255,3517
107,onnx/CIFAR100_resnet_large.onnx,vnnlib/resnet_large__label_37__idx_2903_fix_mask_seg0_k1024_eps_0.0039.vnnlib,100,unsat True,,,,2.6233673095703125,0
108,onnx/CIFAR100_resnet_large.onnx,vnnlib/resnet_large__label_37__idx_2903_fix_nonmask_seg0_k1024_eps_0.0039.vnnlib,100,unsat False,[[inf], [inf], [inf], [inf], [inf], [inf], [inf], [inf], [inf], [inf], [inf], [inf], [inf], [inf], [inf], [inf], [inf], [inf], [0.17722654342651367], [inf], [inf], [inf], [inf], [inf], [inf], [inf], [inf], [inf], [inf], [inf], [inf], [inf], [inf], [inf], [inf], [inf], [inf], [inf], [inf], [inf], [inf], [inf], [inf], [inf], [inf], [inf], [inf], [inf], [inf], [inf], [inf], [inf], [inf], [inf], [inf], [inf], [inf], [inf], [inf], [inf], [inf], [inf], [inf], [inf], [inf], [inf], [inf], [inf], [inf], [inf], [inf], [inf], [inf], [inf], [inf], [inf], [inf], [inf], [inf], [inf], [inf], [inf], [inf], [inf], [inf], [inf], [inf], [inf], [inf], [inf], [inf], [inf], [inf], [inf], [inf], [inf], [inf], [inf]],0,0.14605975151062012,33.36751985549927,3301
109,onnx/CIFAR100_resnet_large.onnx,vnnlib/resnet_large__label_37__idx_7273_global_k1024_eps_0.0039.vnnlib,100,timeout False,[[inf], [inf], [inf], [inf], [inf], [inf], [inf], [inf], [inf], [inf], [inf], [inf], [inf], [inf], [inf], [inf], [inf], [inf], [inf], [inf], [inf], [inf], [inf], [inf], [inf], [inf], [inf], [inf], [inf], [inf], [inf], [inf], [inf], [inf], [inf], [inf], [inf], [inf], [inf], [inf], [inf], [inf], [inf], [inf], [inf], [inf], [inf], [inf], [inf], [inf], [inf], [inf], [inf], [inf], [inf], [inf], [inf], [inf], [inf], [inf], [inf], [inf], [inf], [inf], [inf], [inf], [inf], [inf], [inf], [inf], [inf], [inf], [inf], [inf], [inf], [inf], [inf], [inf], [inf], [inf], [inf], [inf], [inf], [inf], [inf], [inf], [inf], [inf], [inf], [inf], [inf], [inf], [inf], [inf], [inf], [inf], [inf], [inf]],0,0.17098593711853027,103.26123237609863,3015
110,onnx/CIFAR100_resnet_large.onnx,vnnlib/resnet_large__label_37__idx_7273_fix_mask_seg0_k1024_eps_0.0039.vnnlib,100,unsat True,,,,4.236057758331299,0
111,onnx/CIFAR100_resnet_large.onnx,vnnlib/resnet_large__label_37__idx_7273_fix_nonmask_seg0_k1024_eps_0.0039.vnnlib,100,unsat False,[[inf], [inf], [inf], [inf], [inf], [inf], [inf], [inf], [inf], [inf], [inf], [inf], [inf], [inf], [inf], [inf], [inf], [inf], [inf], [inf], [inf], [inf], [inf], [inf], [inf], [inf], [inf], [inf], [inf], [inf], [inf], [inf], [inf], [inf], [inf], [inf], [inf], [inf], [inf], [inf], [inf], [inf], [inf], [inf], [inf], [inf], [inf], [inf], [inf], [inf], [inf], [inf], [inf], [inf], [inf], [inf], [inf], [inf], [inf], [inf], [inf], [inf], [inf], [inf], [inf], [inf], [inf], [inf], [inf], [inf], [inf], [inf], [inf], [inf], [inf], [inf], [inf], [inf], [inf], [inf], [inf], [inf], [inf], [inf], [inf], [inf], [inf], [inf], [inf], [inf], [inf], [inf], [inf], [inf], [inf], [inf], [inf], [inf]],0,0.17474627494812012,34.40474534034729,2646
112,onnx/CIFAR100_resnet_large.onnx,vnnlib/resnet_large__label_40__idx_3718_global_k1024_eps_0.0039.vnnlib,100,sat True,,,,3.9437477588653564,0
113,onnx/CIFAR100_resnet_large.onnx,vnnlib/resnet_large__label_40__idx_3718_fix_mask_seg0_k1024_eps_0.0039.vnnlib,100,unsat True,,,,3.36173677444458,0
114,onnx/CIFAR100_resnet_large.onnx,vnnlib/resnet_large__label_40__idx_3718_fix_nonmask_seg0_k1024_eps_0.0039.vnnlib,100,sat True,,,,4.1143012046813965,0
115,onnx/CIFAR100_resnet_large.onnx,vnnlib/resnet_large__label_40__idx_4421_global_k1024_eps_0.0039.vnnlib,100,sat True,,,,3.930608034133911,0
116,onnx/CIFAR100_resnet_large.onnx,vnnlib/resnet_large__label_40__idx_4421_fix_mask_seg0_k1024_eps_0.0039.vnnlib,100,unsat True,,,,2.5858166217803955,0
117,onnx/CIFAR100_resnet_large.onnx,vnnlib/resnet_large__label_40__idx_4421_fix_nonmask_seg0_k1024_eps_0.0039.vnnlib,100,sat True,,,,4.7343714237213135,0
118,onnx/CIFAR100_resnet_large.onnx,vnnlib/resnet_large__label_41__idx_3593_global_k1024_eps_0.0039.vnnlib,100,unsat False,[[inf], [inf], [inf], [inf], [inf], [inf], [inf], [inf], [inf], [inf], [inf], [inf], [inf], [inf], [inf], [inf], [inf], [inf], [inf], [inf], [inf], [inf], [inf], [inf], [inf], [inf], [inf], [inf], [inf], [inf], [inf], [inf], [inf], [inf], [inf], [inf], [inf], [inf], [inf], [inf], [inf], [inf], [inf], [inf], [inf], [inf], [inf], [inf], [inf], [inf], [inf], [inf], [inf], [inf], [inf], [inf], [inf], [inf], [inf], [inf], [inf], [inf], [inf], [inf], [inf], [inf], [inf], [inf], [inf], [inf], [inf], [inf], [inf], [inf], [inf], [inf], [inf], [inf], [inf], [inf], [inf], [inf], [inf], [inf], [inf], [inf], [inf], [inf], [inf], [inf], [inf], [inf], [inf], [inf], [inf], [inf], [inf], [inf]],0,0.15172600746154785,32.56067991256714,2237
119,onnx/CIFAR100_resnet_large.onnx,vnnlib/resnet_large__label_41__idx_3593_fix_mask_seg0_k1024_eps_0.0039.vnnlib,100,unsat True,,,,2.6470224857330322,0
120,onnx/CIFAR100_resnet_large.onnx,vnnlib/resnet_large__label_41__idx_3593_fix_nonmask_seg0_k1024_eps_0.0039.vnnlib,100,unsat False,[[inf], [inf], [inf], [inf], [inf], [inf], [inf], [inf], [inf], [inf], [inf], [inf], [inf], [inf], [inf], [inf], [inf], [inf], [inf], [inf], [inf], [inf], [inf], [inf], [inf], [inf], [inf], [inf], [inf], [inf], [inf], [inf], [inf], [inf], [inf], [inf], [inf], [inf], [inf], [inf], [inf], [inf], [inf], [inf], [inf], [inf], [inf], [inf], [inf], [inf], [inf], [inf], [inf], [inf], [inf], [inf], [inf], [inf], [inf], [inf], [inf], [inf], [inf], [inf], [inf], [inf], [inf], [inf], [inf], [inf], [inf], [inf], [inf], [inf], [inf], [inf], [inf], [inf], [inf], [inf], [inf], [inf], [inf], [inf], [inf], [inf], [inf], [inf], [inf], [inf], [inf], [inf], [inf], [inf], [inf], [inf], [inf], [inf]],0,0.2338249683380127,33.609193086624146,2026
121,onnx/CIFAR100_resnet_large.onnx,vnnlib/resnet_large__label_42__idx_1753_global_k1024_eps_0.0039.vnnlib,100,sat True,,,,5.473410367965698,0
122,onnx/CIFAR100_resnet_large.onnx,vnnlib/resnet_large__label_42__idx_1753_fix_mask_seg0_k1024_eps_0.0039.vnnlib,100,unsat True,,,,3.213836193084717,0
123,onnx/CIFAR100_resnet_large.onnx,vnnlib/resnet_large__label_42__idx_1753_fix_nonmask_seg0_k1024_eps_0.0039.vnnlib,100,sat True,,,,4.99300217628479,0
124,onnx/CIFAR100_resnet_large.onnx,vnnlib/resnet_large__label_43__idx_6556_global_k1024_eps_0.0039.vnnlib,100,unsat False,[[inf], [inf], [inf], [inf], [inf], [inf], [inf], [inf], [inf], [inf], [inf], [inf], [inf], [inf], [inf], [inf], [inf], [inf], [inf], [inf], [inf], [inf], [inf], [inf], [inf], [inf], [inf], [inf], [inf], [inf], [inf], [inf], [inf], [inf], [inf], [inf], [inf], [inf], [inf], [inf], [inf], [inf], [inf], [inf], [inf], [inf], [inf], [inf], [inf], [inf], [inf], [inf], [inf], [inf], [inf], [inf], [inf], [inf], [inf], [inf], [inf], [inf], [inf], [inf], [inf], [inf], [inf], [inf], [inf], [inf], [inf], [inf], [inf], [inf], [inf], [inf], [inf], [inf], [inf], [inf], [inf], [inf], [inf], [inf], [inf], [inf], [inf], [inf], [inf], [inf], [inf], [inf], [inf], [inf], [inf], [inf], [inf], [inf]],0,0.26453351974487305,35.18751764297485,3475
125,onnx/CIFAR100_resnet_large.onnx,vnnlib/resnet_large__label_43__idx_6556_fix_mask_seg0_k1024_eps_0.0039.vnnlib,100,unsat True,,,,3.933377742767334,0
126,onnx/CIFAR100_resnet_large.onnx,vnnlib/resnet_large__label_43__idx_6556_fix_nonmask_seg0_k1024_eps_0.0039.vnnlib,100,unsat False,[[inf], [inf], [inf], [inf], [inf], [inf], [inf], [inf], [inf], [inf], [inf], [inf], [inf], [inf], [inf], [inf], [inf], [inf], [inf], [inf], [inf], [inf], [inf], [inf], [inf], [inf], [inf], [inf], [inf], [inf], [inf], [inf], [inf], [inf], [inf], [inf], [inf], [inf], [inf], [inf], [inf], [inf], [inf], [inf], [inf], [inf], [inf], [inf], [inf], [inf], [inf], [inf], [inf], [inf], [inf], [inf], [inf], [inf], [inf], [inf], [inf], [inf], [inf], [inf], [inf], [inf], [inf], [inf], [inf], [inf], [inf], [inf], [inf], [inf], [inf], [inf], [inf], [inf], [inf], [inf], [inf], [inf], [inf], [inf], [inf], [inf], [inf], [inf], [inf], [inf], [inf], [inf], [inf], [inf], [inf], [inf], [inf], [inf]],0,0.15112686157226562,31.97752332687378,3475
127,onnx/CIFAR100_resnet_large.onnx,vnnlib/resnet_large__label_44__idx_2912_global_k1024_eps_0.0039.vnnlib,100,unsat True,,,,27.16653871536255,0
128,onnx/CIFAR100_resnet_large.onnx,vnnlib/resnet_large__label_44__idx_2912_fix_mask_seg0_k1024_eps_0.0039.vnnlib,100,unsat True,,,,4.139117002487183,0
129,onnx/CIFAR100_resnet_large.onnx,vnnlib/resnet_large__label_44__idx_2912_fix_nonmask_seg0_k1024_eps_0.0039.vnnlib,100,unsat True,,,,25.872699737548828,0
130,onnx/CIFAR100_resnet_large.onnx,vnnlib/resnet_large__label_47__idx_6926_global_k1024_eps_0.0039.vnnlib,100,timeout False,[[inf], [inf], [inf], [inf], [inf], [inf], [inf], [inf], [inf], [inf], [inf], [inf], [inf], [inf], [inf], [inf], [inf], [inf], [inf], [inf], [inf], [inf], [inf], [inf], [inf], [0.009564638137817383], [inf], [inf], [inf], [inf], [inf], [inf], [inf], [inf], [inf], [inf], [inf], [inf], [inf], [inf], [inf], [inf], [inf], [inf], [inf], [inf], [inf], [inf], [inf], [inf], [inf], [inf], [inf], [inf], [inf], [inf], [inf], [inf], [inf], [inf], [inf], [inf], [inf], [inf], [inf], [inf], [inf], [inf], [inf], [inf], [inf], [inf], [inf], [inf], [inf], [inf], [inf], [inf], [inf], [inf], [inf], [inf], [inf], [0.12622547149658203], [inf], [inf], [inf], [inf], [inf], [inf], [inf], [inf], [inf], [inf], [inf], [inf], [inf], [inf]],0,0.16492724418640137,104.79178023338318,3396
131,onnx/CIFAR100_resnet_large.onnx,vnnlib/resnet_large__label_47__idx_6926_fix_mask_seg0_k1024_eps_0.0039.vnnlib,100,unsat True,,,,2.867121458053589,0
132,onnx/CIFAR100_resnet_large.onnx,vnnlib/resnet_large__label_47__idx_6926_fix_nonmask_seg0_k1024_eps_0.0039.vnnlib,100,unsat True,,,,26.413464784622192,0
133,onnx/CIFAR100_resnet_large.onnx,vnnlib/resnet_large__label_48__idx_5797_global_k1024_eps_0.0039.vnnlib,100,timeout False,[[inf], [inf], [inf], [inf], [inf], [inf], [inf], [inf], [inf], [inf], [inf], [inf], [inf], [inf], [inf], [inf], [inf], [inf], [inf], [inf], [inf], [inf], [inf], [inf], [inf], [inf], [inf], [inf], [inf], [inf], [inf], [inf], [inf], [inf], [inf], [inf], [inf], [inf], [inf], [inf], [inf], [inf], [inf], [inf], [inf], [inf], [inf], [inf], [inf], [inf], [inf], [inf], [inf], [inf], [inf], [inf], [inf], [inf], [inf], [inf], [inf], [inf], [inf], [inf], [inf], [inf], [inf], [inf], [inf], [inf], [inf], [inf], [inf], [inf], [inf], [inf], [inf], [inf], [inf], [inf], [inf], [inf], [inf], [inf], [inf], [inf], [inf], [inf], [inf], [inf], [inf], [inf], [inf], [inf], [inf], [inf], [inf], [inf]],0,0.30988478660583496,100.8888611793518,2718
134,onnx/CIFAR100_resnet_large.onnx,vnnlib/resnet_large__label_48__idx_5797_fix_mask_seg0_k1024_eps_0.0039.vnnlib,100,unsat True,,,,2.8878769874572754,0
135,onnx/CIFAR100_resnet_large.onnx,vnnlib/resnet_large__label_48__idx_5797_fix_nonmask_seg0_k1024_eps_0.0039.vnnlib,100,timeout False,[[inf], [inf], [inf], [inf], [inf], [inf], [inf], [inf], [inf], [inf], [inf], [inf], [inf], [inf], [inf], [inf], [inf], [inf], [inf], [inf], [inf], [inf], [inf], [inf], [inf], [inf], [inf], [inf], [inf], [inf], [inf], [inf], [inf], [inf], [inf], [inf], [inf], [inf], [inf], [inf], [inf], [inf], [inf], [inf], [inf], [inf], [inf], [inf], [inf], [inf], [inf], [inf], [inf], [inf], [inf], [inf], [inf], [inf], [inf], [inf], [inf], [inf], [inf], [inf], [inf], [inf], [inf], [inf], [inf], [inf], [inf], [inf], [inf], [inf], [inf], [inf], [inf], [inf], [inf], [inf], [inf], [inf], [inf], [inf], [inf], [inf], [inf], [inf], [inf], [inf], [inf], [inf], [inf], [inf], [inf], [inf], [inf], [inf]],0,0.23467230796813965,105.50814414024353,2697
136,onnx/CIFAR100_resnet_large.onnx,vnnlib/resnet_large__label_48__idx_6431_global_k1024_eps_0.0039.vnnlib,100,timeout False,[[inf], [inf], [inf], [inf], [inf], [inf], [inf], [inf], [inf], [inf], [inf], [inf], [inf], [inf], [inf], [inf], [inf], [inf], [inf], [inf], [inf], [inf], [inf], [inf], [inf], [inf], [inf], [inf], [inf], [inf], [inf], [inf], [inf], [inf], [inf], [inf], [inf], [inf], [inf], [inf], [inf], [inf], [inf], [inf], [inf], [inf], [inf], [inf], [inf], [inf], [inf], [inf], [inf], [inf], [inf], [inf], [inf], [inf], [inf], [inf], [inf], [inf], [inf], [inf], [inf], [inf], [inf], [inf], [inf], [inf], [inf], [inf], [inf], [inf], [inf], [inf], [inf], [inf], [inf], [inf], [inf], [inf], [inf], [inf], [inf], [inf], [inf], [inf], [inf], [inf], [inf], [inf], [inf], [inf], [inf], [inf], [inf], [inf]],0,0.14435458183288574,102.30624890327454,1780
137,onnx/CIFAR100_resnet_large.onnx,vnnlib/resnet_large__label_48__idx_6431_fix_mask_seg0_k1024_eps_0.0039.vnnlib,100,unsat True,,,,3.482029676437378,0
138,onnx/CIFAR100_resnet_large.onnx,vnnlib/resnet_large__label_48__idx_6431_fix_nonmask_seg0_k1024_eps_0.0039.vnnlib,100,timeout False,[[inf], [inf], [inf], [inf], [inf], [inf], [inf], [inf], [inf], [inf], [inf], [inf], [inf], [inf], [inf], [inf], [inf], [inf], [inf], [inf], [inf], [inf], [inf], [inf], [inf], [inf], [inf], [inf], [inf], [inf], [inf], [inf], [inf], [inf], [inf], [inf], [inf], [inf], [inf], [inf], [inf], [inf], [inf], [inf], [inf], [inf], [inf], [inf], [inf], [inf], [inf], [inf], [inf], [inf], [inf], [inf], [inf], [inf], [inf], [inf], [inf], [inf], [inf], [inf], [inf], [inf], [inf], [inf], [inf], [inf], [inf], [inf], [inf], [inf], [inf], [inf], [inf], [inf], [inf], [inf], [inf], [inf], [inf], [inf], [inf], [inf], [inf], [inf], [inf], [inf], [inf], [inf], [inf], [inf], [inf], [inf], [inf], [inf]],0,0.15381813049316406,101.73977375030518,1775
139,onnx/CIFAR100_resnet_large.onnx,vnnlib/resnet_large__label_48__idx_8860_global_k1024_eps_0.0039.vnnlib,100,sat True,,,,3.989149570465088,0
140,onnx/CIFAR100_resnet_large.onnx,vnnlib/resnet_large__label_48__idx_8860_fix_mask_seg0_k1024_eps_0.0039.vnnlib,100,unsat True,,,,2.7697811126708984,0
141,onnx/CIFAR100_resnet_large.onnx,vnnlib/resnet_large__label_48__idx_8860_fix_nonmask_seg0_k1024_eps_0.0039.vnnlib,100,sat True,,,,4.198914051055908,0
142,onnx/CIFAR100_resnet_large.onnx,vnnlib/resnet_large__label_49__idx_6596_global_k1024_eps_0.0039.vnnlib,100,timeout False,[[inf], [inf], [inf], [inf], [inf], [inf], [inf], [inf], [inf], [inf], [inf], [inf], [inf], [inf], [inf], [inf], [inf], [inf], [inf], [inf], [inf], [inf], [inf], [inf], [inf], [inf], [inf], [inf], [inf], [inf], [inf], [inf], [inf], [inf], [inf], [inf], [inf], [inf], [inf], [inf], [inf], [inf], [inf], [inf], [inf], [inf], [inf], [inf], [inf], [inf], [inf], [inf], [inf], [inf], [inf], [inf], [inf], [inf], [inf], [inf], [inf], [inf], [inf], [inf], [inf], [inf], [inf], [inf], [inf], [inf], [inf], [0.05591702461242676], [inf], [inf], [inf], [inf], [inf], [inf], [inf], [inf], [inf], [inf], [inf], [inf], [inf], [inf], [inf], [inf], [inf], [inf], [inf], [inf], [inf], [inf], [inf], [inf], [inf], [inf]],0,0.2356722354888916,101.23094320297241,2996
143,onnx/CIFAR100_resnet_large.onnx,vnnlib/resnet_large__label_49__idx_6596_fix_mask_seg0_k1024_eps_0.0039.vnnlib,100,unsat True,,,,3.197960138320923,0
144,onnx/CIFAR100_resnet_large.onnx,vnnlib/resnet_large__label_49__idx_6596_fix_nonmask_seg0_k1024_eps_0.0039.vnnlib,100,timeout False,[[inf], [inf], [inf], [inf], [inf], [inf], [inf], [inf], [inf], [inf], [inf], [inf], [inf], [inf], [inf], [inf], [inf], [inf], [inf], [inf], [inf], [inf], [inf], [inf], [inf], [inf], [inf], [inf], [inf], [inf], [inf], [inf], [inf], [inf], [inf], [inf], [inf], [inf], [inf], [inf], [inf], [inf], [inf], [inf], [inf], [inf], [inf], [inf], [inf], [inf], [inf], [inf], [inf], [inf], [inf], [inf], [inf], [inf], [inf], [inf], [inf], [inf], [inf], [inf], [inf], [inf], [inf], [inf], [inf], [inf], [inf], [0.05591893196105957], [inf], [inf], [inf], [inf], [inf], [inf], [inf], [inf], [inf], [inf], [inf], [inf], [inf], [inf], [inf], [inf], [inf], [inf], [inf], [inf], [inf], [inf], [inf], [inf], [inf], [inf]],0,0.23627018928527832,103.30991172790527,2996
145,onnx/CIFAR100_resnet_large.onnx,vnnlib/resnet_large__label_4__idx_3855_global_k1024_eps_0.0039.vnnlib,100,timeout False,[[inf], [inf], [inf], [inf], [inf], [inf], [inf], [inf], [inf], [inf], [inf], [inf], [inf], [inf], [inf], [inf], [inf], [inf], [inf], [inf], [inf], [inf], [inf], [inf], [inf], [inf], [inf], [inf], [inf], [inf], [inf], [inf], [inf], [inf], [inf], [inf], [inf], [inf], [inf], [inf], [inf], [inf], [inf], [inf], [inf], [inf], [inf], [inf], [inf], [inf], [inf], [inf], [inf], [inf], [inf], [inf], [inf], [inf], [inf], [inf], [inf], [inf], [inf], [inf], [inf], [inf], [inf], [inf], [inf], [inf], [inf], [inf], [inf], [inf], [inf], [inf], [inf], [inf], [inf], [inf], [inf], [inf], [inf], [inf], [inf], [inf], [0.12743449211120605], [inf], [inf], [inf], [inf], [inf], [inf], [inf], [inf], [inf], [inf], [inf]],0,0.24263215065002441,104.69527649879456,3464
146,onnx/CIFAR100_resnet_large.onnx,vnnlib/resnet_large__label_4__idx_3855_fix_mask_seg0_k1024_eps_0.0039.vnnlib,100,unsat True,,,,3.3537800312042236,0
147,onnx/CIFAR100_resnet_large.onnx,vnnlib/resnet_large__label_4__idx_3855_fix_nonmask_seg0_k1024_eps_0.0039.vnnlib,100,unsat False,[[inf], [inf], [inf], [inf], [inf], [inf], [inf], [inf], [inf], [inf], [inf], [inf], [inf], [inf], [inf], [inf], [inf], [inf], [inf], [inf], [inf], [inf], [inf], [inf], [inf], [inf], [inf], [inf], [inf], [inf], [inf], [inf], [inf], [inf], [inf], [inf], [inf], [inf], [inf], [inf], [inf], [inf], [inf], [inf], [inf], [inf], [inf], [inf], [inf], [inf], [inf], [inf], [inf], [inf], [inf], [inf], [inf], [inf], [inf], [inf], [inf], [inf], [inf], [inf], [inf], [inf], [inf], [inf], [inf], [inf], [inf], [inf], [inf], [inf], [inf], [inf], [inf], [inf], [inf], [inf], [inf], [inf], [inf], [inf], [inf], [inf], [inf], [inf], [inf], [inf], [inf], [inf], [inf], [inf], [inf], [inf], [inf], [inf]],0,0.15208697319030762,41.795003175735474,3141
148,onnx/CIFAR100_resnet_large.onnx,vnnlib/resnet_large__label_50__idx_2762_global_k1024_eps_0.0039.vnnlib,100,unsat False,[[inf], [inf], [inf], [inf], [inf], [inf], [inf], [inf], [inf], [inf], [inf], [inf], [inf], [inf], [inf], [inf], [inf], [inf], [inf], [inf], [inf], [inf], [inf], [inf], [inf], [inf], [inf], [inf], [inf], [inf], [inf], [inf], [inf], [inf], [inf], [inf], [inf], [inf], [inf], [inf], [inf], [inf], [inf], [inf], [inf], [inf], [inf], [inf], [inf], [inf], [inf], [inf], [inf], [inf], [inf], [inf], [inf], [inf], [inf], [inf], [inf], [inf], [inf], [inf], [inf], [inf], [inf], [inf], [inf], [inf], [inf], [inf], [inf], [inf], [inf], [inf], [inf], [inf], [inf], [inf], [inf], [inf], [inf], [inf], [inf], [inf], [inf], [inf], [inf], [inf], [inf], [inf], [inf], [inf], [inf], [inf], [inf], [inf]],0,0.1808300018310547,32.6525604724884,4169
149,onnx/CIFAR100_resnet_large.onnx,vnnlib/resnet_large__label_50__idx_2762_fix_mask_seg0_k1024_eps_0.0039.vnnlib,100,unsat True,,,,2.9026036262512207,0
150,onnx/CIFAR100_resnet_large.onnx,vnnlib/resnet_large__label_50__idx_2762_fix_nonmask_seg0_k1024_eps_0.0039.vnnlib,100,unsat True,,,,27.414405822753906,0
151,onnx/CIFAR100_resnet_large.onnx,vnnlib/resnet_large__label_51__idx_2582_global_k1024_eps_0.0039.vnnlib,100,timeout False,[[inf], [inf], [inf], [inf], [inf], [inf], [inf], [inf], [inf], [inf], [inf], [inf], [inf], [inf], [inf], [inf], [inf], [inf], [inf], [inf], [inf], [inf], [inf], [inf], [inf], [inf], [inf], [inf], [inf], [inf], [inf], [inf], [inf], [inf], [inf], [inf], [inf], [inf], [inf], [inf], [inf], [inf], [inf], [inf], [inf], [inf], [inf], [inf], [inf], [inf], [inf], [inf], [inf], [inf], [inf], [inf], [inf], [inf], [inf], [inf], [inf], [inf], [inf], [inf], [inf], [inf], [inf], [inf], [inf], [inf], [inf], [inf], [inf], [inf], [inf], [inf], [inf], [inf], [inf], [inf], [inf], [inf], [inf], [inf], [inf], [inf], [inf], [inf], [inf], [inf], [inf], [inf], [inf], [inf], [inf], [inf], [inf], [inf]],0,0.146132230758667,101.2831404209137,3625
152,onnx/CIFAR100_resnet_large.onnx,vnnlib/resnet_large__label_51__idx_2582_fix_mask_seg0_k1024_eps_0.0039.vnnlib,100,unsat True,,,,3.408228635787964,0
153,onnx/CIFAR100_resnet_large.onnx,vnnlib/resnet_large__label_51__idx_2582_fix_nonmask_seg0_k1024_eps_0.0039.vnnlib,100,timeout False,[[inf], [inf], [inf], [inf], [inf], [inf], [inf], [inf], [inf], [inf], [inf], [inf], [inf], [inf], [inf], [inf], [inf], [inf], [inf], [inf], [inf], [inf], [inf], [inf], [inf], [inf], [inf], [inf], [inf], [inf], [inf], [inf], [inf], [inf], [inf], [inf], [inf], [inf], [inf], [inf], [inf], [inf], [inf], [inf], [inf], [inf], [inf], [inf], [inf], [inf], [inf], [inf], [inf], [inf], [inf], [inf], [inf], [inf], [inf], [inf], [inf], [inf], [inf], [inf], [inf], [inf], [inf], [inf], [inf], [inf], [inf], [inf], [inf], [inf], [inf], [inf], [inf], [inf], [inf], [inf], [inf], [inf], [inf], [inf], [inf], [inf], [inf], [inf], [inf], [inf], [inf], [inf], [inf], [inf], [inf], [inf], [inf], [inf]],0,0.16871404647827148,102.49480056762695,3077
154,onnx/CIFAR100_resnet_large.onnx,vnnlib/resnet_large__label_51__idx_3515_global_k1024_eps_0.0039.vnnlib,100,unsat False,[[inf], [inf], [inf], [inf], [inf], [inf], [inf], [inf], [inf], [inf], [inf], [inf], [inf], [inf], [inf], [inf], [inf], [inf], [inf], [inf], [inf], [inf], [inf], [inf], [inf], [inf], [inf], [inf], [inf], [inf], [inf], [inf], [inf], [inf], [inf], [inf], [inf], [inf], [inf], [inf], [inf], [inf], [inf], [inf], [inf], [inf], [inf], [inf], [inf], [inf], [inf], [inf], [inf], [inf], [inf], [inf], [inf], [inf], [inf], [inf], [inf], [inf], [inf], [inf], [inf], [inf], [inf], [inf], [inf], [inf], [inf], [inf], [inf], [inf], [inf], [inf], [inf], [inf], [inf], [inf], [inf], [inf], [inf], [inf], [inf], [inf], [inf], [inf], [inf], [inf], [inf], [inf], [inf], [inf], [inf], [inf], [inf]],0,0.15227699279785156,33.867653131484985,4299
155,onnx/CIFAR100_resnet_large.onnx,vnnlib/resnet_large__label_51__idx_3515_fix_mask_seg0_k1024_eps_0.0039.vnnlib,100,unsat True,,,,2.872070789337158,0
156,onnx/CIFAR100_resnet_large.onnx,vnnlib/resnet_large__label_51__idx_3515_fix_nonmask_seg0_k1024_eps_0.0039.vnnlib,100,unsat False,[[inf], [inf], [inf], [inf], [inf], [inf], [inf], [inf], [inf], [inf], [inf], [inf], [inf], [inf], [inf], [inf], [inf], [inf], [inf], [inf], [inf], [inf], [inf], [inf], [inf], [inf], [inf], [inf], [inf], [inf], [inf], [inf], [inf], [inf], [inf], [inf], [inf], [inf], [inf], [inf], [inf], [inf], [inf], [inf], [inf], [inf], [inf], [inf], [inf], [inf], [inf], [inf], [inf], [inf], [inf], [inf], [inf], [inf], [inf], [inf], [inf], [inf], [inf], [inf], [inf], [inf], [inf], [inf], [inf], [inf], [inf], [inf], [inf], [inf], [inf], [inf], [inf], [inf], [inf], [inf], [inf], [inf], [inf], [inf], [inf], [inf], [inf], [inf], [inf], [inf], [inf], [inf], [inf], [inf], [inf], [inf], [inf]],0,0.15176630020141602,35.76892375946045,4178
157,onnx/CIFAR100_resnet_large.onnx,vnnlib/resnet_large__label_52__idx_161_global_k1024_eps_0.0039.vnnlib,100,unsat False,[[inf], [inf], [inf], [inf], [inf], [inf], [inf], [inf], [inf], [inf], [inf], [inf], [inf], [inf], [inf], [inf], [inf], [inf], [inf], [inf], [inf], [inf], [inf], [inf], [inf], [inf], [inf], [inf], [inf], [inf], [inf], [inf], [inf], [inf], [inf], [inf], [inf], [inf], [inf], [inf], [inf], [inf], [inf], [inf], [inf], [inf], [inf], [inf], [inf], [inf], [inf], [inf], [inf], [inf], [inf], [inf], [inf], [inf], [inf], [inf], [inf], [inf], [inf], [inf], [inf], [inf], [inf], [inf], [inf], [inf], [inf], [inf], [inf], [inf], [inf], [inf], [inf], [inf], [inf], [inf], [inf], [inf], [inf], [inf], [inf], [inf], [inf], [inf], [inf], [inf], [inf], [inf], [inf], [inf], [inf], [inf], [inf], [inf]],0,0.14937782287597656,33.80903744697571,3082
158,onnx/CIFAR100_resnet_large.onnx,vnnlib/resnet_large__label_52__idx_161_fix_mask_seg0_k1024_eps_0.0039.vnnlib,100,unsat True,,,,3.1153995990753174,0
159,onnx/CIFAR100_resnet_large.onnx,vnnlib/resnet_large__label_52__idx_161_fix_nonmask_seg0_k1024_eps_0.0039.vnnlib,100,unsat False,[[inf], [inf], [inf], [inf], [inf], [inf], [inf], [inf], [inf], [inf], [inf], [inf], [inf], [inf], [inf], [inf], [inf], [inf], [inf], [inf], [inf], [inf], [inf], [inf], [inf], [inf], [inf], [inf], [inf], [inf], [inf], [inf], [inf], [inf], [inf], [inf], [inf], [inf], [inf], [inf], [inf], [inf], [inf], [inf], [inf], [inf], [inf], [inf], [inf], [inf], [inf], [inf], [inf], [inf], [inf], [inf], [inf], [inf], [inf], [inf], [inf], [inf], [inf], [inf], [inf], [inf], [inf], [inf], [inf], [inf], [inf], [inf], [inf], [inf], [inf], [inf], [inf], [inf], [inf], [inf], [inf], [inf], [inf], [inf], [inf], [inf], [inf], [inf], [inf], [inf], [inf], [inf], [inf], [inf], [inf], [inf], [inf], [inf]],0,0.1666877269744873,32.10931754112244,2966
160,onnx/CIFAR100_resnet_large.onnx,vnnlib/resnet_large__label_52__idx_2381_global_k1024_eps_0.0039.vnnlib,100,unsat False,[[inf], [inf], [inf], [inf], [inf], [inf], [inf], [inf], [inf], [inf], [inf], [inf], [inf], [inf], [inf], [inf], [inf], [inf], [inf], [inf], [inf], [inf], [inf], [inf], [inf], [inf], [inf], [inf], [inf], [inf], [inf], [inf], [inf], [inf], [inf], [inf], [inf], [inf], [inf], [inf], [inf], [inf], [inf], [inf], [inf], [inf], [inf], [inf], [inf], [inf], [inf], [inf], [inf], [inf], [inf], [inf], [inf], [inf], [inf], [inf], [inf], [inf], [inf], [inf], [inf], [inf], [inf], [inf], [inf], [inf], [inf], [inf], [inf], [inf], [inf], [inf], [inf], [inf], [inf], [inf], [inf], [inf], [inf], [inf], [inf], [inf], [inf], [inf], [inf], [inf], [inf], [inf], [inf], [inf], [inf], [inf], [inf], [inf]],0,0.16807913780212402,33.9605610370636,3536
161,onnx/CIFAR100_resnet_large.onnx,vnnlib/resnet_large__label_52__idx_2381_fix_mask_seg0_k1024_eps_0.0039.vnnlib,100,unsat True,,,,2.6855549812316895,0
162,onnx/CIFAR100_resnet_large.onnx,vnnlib/resnet_large__label_52__idx_2381_fix_nonmask_seg0_k1024_eps_0.0039.vnnlib,100,unsat True,,,,28.383665084838867,0
163,onnx/CIFAR100_resnet_large.onnx,vnnlib/resnet_large__label_53__idx_7605_global_k1024_eps_0.0039.vnnlib,100,timeout False,[[inf], [inf], [inf], [inf], [inf], [inf], [inf], [inf], [inf], [inf], [inf], [inf], [inf], [inf], [inf], [inf], [inf], [inf], [inf], [inf], [inf], [inf], [inf], [inf], [inf], [inf], [inf], [inf], [inf], [inf], [inf], [inf], [inf], [inf], [inf], [inf], [inf], [inf], [inf], [inf], [inf], [inf], [inf], [inf], [inf], [inf], [inf], [inf], [inf], [inf], [inf], [inf], [inf], [inf], [inf], [inf], [inf], [inf], [inf], [inf], [inf], [inf], [inf], [inf], [inf], [inf], [inf], [inf], [inf], [inf], [inf], [inf], [inf], [inf], [inf], [inf], [inf], [inf], [inf], [inf], [inf], [inf], [inf], [inf], [inf], [inf], [inf], [inf], [inf], [inf], [inf], [inf], [inf], [inf], [inf], [inf], [inf]],0,0.22443532943725586,102.02879071235657,2650
164,onnx/CIFAR100_resnet_large.onnx,vnnlib/resnet_large__label_53__idx_7605_fix_mask_seg0_k1024_eps_0.0039.vnnlib,100,unsat True,,,,2.649986505508423,0
165,onnx/CIFAR100_resnet_large.onnx,vnnlib/resnet_large__label_53__idx_7605_fix_nonmask_seg0_k1024_eps_0.0039.vnnlib,100,unsat True,,,,26.03977084159851,0
166,onnx/CIFAR100_resnet_large.onnx,vnnlib/resnet_large__label_55__idx_1524_global_k1024_eps_0.0039.vnnlib,100,timeout False,[[inf], [inf], [inf], [inf], [inf], [inf], [inf], [inf], [inf], [inf], [inf], [inf], [inf], [inf], [inf], [inf], [inf], [inf], [inf], [inf], [inf], [inf], [inf], [inf], [inf], [inf], [inf], [inf], [inf], [inf], [inf], [inf], [inf], [inf], [inf], [inf], [inf], [inf], [inf], [inf], [inf], [inf], [inf], [inf], [inf], [inf], [inf], [inf], [inf], [inf], [inf], [inf], [inf], [inf], [inf], [inf], [inf], [inf], [inf], [inf], [inf], [inf], [inf], [inf], [inf], [inf], [inf], [inf], [inf], [inf], [inf], [inf], [inf], [0.019221782684326172], [inf], [inf], [0.07887911796569824], [inf], [inf], [inf], [inf], [inf], [inf], [inf], [inf], [inf], [inf], [inf], [inf], [inf], [inf], [inf], [inf], [inf], [inf], [inf]],0,0.23572731018066406,108.72424244880676,3324
167,onnx/CIFAR100_resnet_large.onnx,vnnlib/resnet_large__label_55__idx_1524_fix_mask_seg0_k1024_eps_0.0039.vnnlib,100,unsat True,,,,2.8733692169189453,0
168,onnx/CIFAR100_resnet_large.onnx,vnnlib/resnet_large__label_55__idx_1524_fix_nonmask_seg0_k1024_eps_0.0039.vnnlib,100,timeout False,[[inf], [inf], [inf], [inf], [inf], [inf], [inf], [inf], [inf], [inf], [inf], [inf], [inf], [inf], [inf], [inf], [inf], [inf], [inf], [inf], [inf], [inf], [inf], [inf], [inf], [inf], [inf], [inf], [inf], [inf], [inf], [inf], [inf], [inf], [inf], [inf], [inf], [inf], [inf], [inf], [inf], [inf], [inf], [inf], [inf], [inf], [inf], [inf], [inf], [inf], [inf], [inf], [inf], [inf], [inf], [inf], [inf], [inf], [inf], [inf], [inf], [inf], [inf], [inf], [inf], [inf], [inf], [inf], [inf], [inf], [inf], [inf], [inf], [inf], [inf], [inf], [inf], [inf], [inf], [inf], [inf], [inf], [inf], [inf], [inf], [inf], [inf], [inf], [inf], [inf], [inf], [inf], [inf], [inf], [inf], [inf], [inf]],0,0.28900718688964844,103.13218212127686,3072
169,onnx/CIFAR100_resnet_large.onnx,vnnlib/resnet_large__label_58__idx_7923_global_k1024_eps_0.0039.vnnlib,100,timeout False,[[inf], [inf], [inf], [inf], [inf], [inf], [inf], [inf], [inf], [inf], [inf], [inf], [inf], [inf], [inf], [inf], [inf], [inf], [inf], [inf], [inf], [inf], [inf], [inf], [inf], [inf], [inf], [inf], [inf], [inf], [inf], [inf], [inf], [inf], [inf], [inf], [inf], [inf], [inf], [inf], [inf], [inf], [inf], [inf], [inf], [inf], [inf], [inf], [inf], [inf], [inf], [inf], [inf], [inf], [inf], [inf], [inf], [inf], [inf], [inf], [inf], [inf], [inf], [inf], [inf], [inf], [inf], [inf], [inf], [inf], [inf], [inf], [inf], [inf], [inf], [inf], [inf], [inf], [inf], [inf], [inf], [inf], [inf], [inf], [inf], [inf], [inf], [inf], [inf], [inf], [inf], [inf], [inf], [inf], [inf], [inf], [inf], [inf]],0,0.1522681713104248,106.98988151550293,2696
170,onnx/CIFAR100_resnet_large.onnx,vnnlib/resnet_large__label_58__idx_7923_fix_mask_seg0_k1024_eps_0.0039.vnnlib,100,unsat True,,,,3.4567229747772217,0
171,onnx/CIFAR100_resnet_large.onnx,vnnlib/resnet_large__label_58__idx_7923_fix_nonmask_seg0_k1024_eps_0.0039.vnnlib,100,timeout False,[[inf], [inf], [inf], [inf], [inf], [inf], [inf], [inf], [inf], [inf], [inf], [inf], [inf], [inf], [inf], [inf], [inf], [inf], [inf], [inf], [inf], [inf], [inf], [inf], [inf], [inf], [inf], [inf], [inf], [inf], [inf], [inf], [inf], [inf], [inf], [inf], [inf], [inf], [inf], [inf], [inf], [inf], [inf], [inf], [inf], [inf], [inf], [inf], [inf], [inf], [inf], [inf], [inf], [inf], [inf], [inf], [inf], [inf], [inf], [inf], [inf], [inf], [inf], [inf], [inf], [inf], [inf], [inf], [inf], [inf], [inf], [inf], [inf], [inf], [inf], [inf], [inf], [inf], [inf], [inf], [inf], [inf], [inf], [inf], [inf], [inf], [inf], [inf], [inf], [inf], [inf], [inf], [inf], [inf], [inf], [inf], [inf], [inf]],0,0.15189266204833984,104.49057245254517,2446
172,onnx/CIFAR100_resnet_large.onnx,vnnlib/resnet_large__label_58__idx_9116_global_k1024_eps_0.0039.vnnlib,100,unsat False,[[inf], [inf], [inf], [inf], [inf], [inf], [inf], [inf], [inf], [inf], [inf], [inf], [inf], [inf], [inf], [inf], [inf], [inf], [inf], [inf], [inf], [inf], [inf], [inf], [inf], [inf], [inf], [inf], [inf], [inf], [inf], [inf], [inf], [inf], [inf], [inf], [inf], [inf], [inf], [inf], [inf], [inf], [inf], [inf], [inf], [inf], [inf], [inf], [inf], [inf], [inf], [inf], [inf], [inf], [inf], [inf], [inf], [inf], [inf], [inf], [inf], [inf], [inf], [inf], [inf], [inf], [inf], [inf], [inf], [inf], [inf], [inf], [inf], [inf], [inf], [inf], [inf], [inf], [inf], [inf], [inf], [inf], [inf], [inf], [inf], [inf], [inf], [inf], [inf], [inf], [inf], [inf], [inf], [inf], [inf], [inf], [inf], [inf]],0,0.15263676643371582,33.59837079048157,3040
173,onnx/CIFAR100_resnet_large.onnx,vnnlib/resnet_large__label_58__idx_9116_fix_mask_seg0_k1024_eps_0.0039.vnnlib,100,unsat True,,,,2.7561891078948975,0
174,onnx/CIFAR100_resnet_large.onnx,vnnlib/resnet_large__label_58__idx_9116_fix_nonmask_seg0_k1024_eps_0.0039.vnnlib,100,unsat True,,,,25.84588122367859,0
175,onnx/CIFAR100_resnet_large.onnx,vnnlib/resnet_large__label_59__idx_5602_global_k1024_eps_0.0039.vnnlib,100,unsat False,[[inf], [inf], [inf], [inf], [inf], [inf], [inf], [inf], [inf], [inf], [inf], [inf], [inf], [inf], [inf], [inf], [inf], [inf], [inf], [inf], [inf], [inf], [inf], [inf], [inf], [inf], [inf], [inf], [inf], [inf], [inf], [inf], [inf], [inf], [inf], [inf], [inf], [inf], [inf], [inf], [inf], [inf], [inf], [inf], [inf], [inf], [inf], [inf], [inf], [inf], [inf], [inf], [inf], [inf], [inf], [inf], [inf], [inf], [inf], [inf], [inf], [inf], [inf], [inf], [inf], [inf], [inf], [inf], [inf], [inf], [inf], [inf], [inf], [inf], [inf], [inf], [inf], [inf], [inf], [inf], [inf], [inf], [inf], [inf], [inf], [inf], [inf], [inf], [inf], [inf], [inf], [inf], [inf], [inf], [inf], [inf], [inf], [inf]],0,0.2311561107635498,35.69313287734985,3582
176,onnx/CIFAR100_resnet_large.onnx,vnnlib/resnet_large__label_59__idx_5602_fix_mask_seg0_k1024_eps_0.0039.vnnlib,100,unsat True,,,,3.2083611488342285,0
177,onnx/CIFAR100_resnet_large.onnx,vnnlib/resnet_large__label_59__idx_5602_fix_nonmask_seg0_k1024_eps_0.0039.vnnlib,100,unsat False,[[inf], [inf], [inf], [inf], [inf], [inf], [inf], [inf], [inf], [inf], [inf], [inf], [inf], [inf], [inf], [inf], [inf], [inf], [inf], [inf], [inf], [inf], [inf], [inf], [inf], [inf], [inf], [inf], [inf], [inf], [inf], [inf], [inf], [inf], [inf], [inf], [inf], [inf], [inf], [inf], [inf], [inf], [inf], [inf], [inf], [inf], [inf], [inf], [inf], [inf], [inf], [inf], [inf], [inf], [inf], [inf], [inf], [inf], [inf], [inf], [inf], [inf], [inf], [inf], [inf], [inf], [inf], [inf], [inf], [inf], [inf], [inf], [inf], [inf], [inf], [inf], [inf], [inf], [inf], [inf], [inf], [inf], [inf], [inf], [inf], [inf], [inf], [inf], [inf], [inf], [inf], [inf], [inf], [inf], [inf], [inf], [inf], [inf]],0,0.15346574783325195,34.36617112159729,3582
178,onnx/CIFAR100_resnet_large.onnx,vnnlib/resnet_large__label_5__idx_3142_global_k1024_eps_0.0039.vnnlib,100,unsat False,[[inf], [inf], [inf], [inf], [inf], [inf], [inf], [inf], [inf], [inf], [inf], [inf], [inf], [inf], [inf], [inf], [inf], [inf], [inf], [inf], [inf], [inf], [inf], [inf], [inf], [inf], [inf], [inf], [inf], [inf], [inf], [inf], [inf], [inf], [inf], [inf], [inf], [inf], [inf], [inf], [inf], [inf], [inf], [inf], [inf], [inf], [inf], [inf], [inf], [inf], [inf], [inf], [inf], [inf], [inf], [inf], [inf], [inf], [inf], [inf], [inf], [inf], [inf], [inf], [inf], [inf], [inf], [inf], [inf], [inf], [inf], [inf], [inf], [inf], [inf], [inf], [inf], [inf], [inf], [inf], [inf], [inf], [inf], [inf], [inf], [inf], [inf], [inf], [inf], [inf], [inf], [inf], [inf], [inf], [inf], [inf], [inf], [inf]],0,0.15470528602600098,43.40772867202759,3393
179,onnx/CIFAR100_resnet_large.onnx,vnnlib/resnet_large__label_5__idx_3142_fix_mask_seg0_k1024_eps_0.0039.vnnlib,100,unsat True,,,,2.9904472827911377,0
180,onnx/CIFAR100_resnet_large.onnx,vnnlib/resnet_large__label_5__idx_3142_fix_nonmask_seg0_k1024_eps_0.0039.vnnlib,100,unsat False,[[inf], [inf], [inf], [inf], [inf], [inf], [inf], [inf], [inf], [inf], [inf], [inf], [inf], [inf], [inf], [inf], [inf], [inf], [inf], [inf], [inf], [inf], [inf], [inf], [inf], [inf], [inf], [inf], [inf], [inf], [inf], [inf], [inf], [inf], [inf], [inf], [inf], [inf], [inf], [inf], [inf], [inf], [inf], [inf], [inf], [inf], [inf], [inf], [inf], [inf], [inf], [inf], [inf], [inf], [inf], [inf], [inf], [inf], [inf], [inf], [inf], [inf], [inf], [inf], [inf], [inf], [inf], [inf], [inf], [inf], [inf], [inf], [inf], [inf], [inf], [inf], [inf], [inf], [inf], [inf], [inf], [inf], [inf], [inf], [inf], [inf], [inf], [inf], [inf], [inf], [inf], [inf], [inf], [inf], [inf], [inf], [inf], [inf]],0,0.15311169624328613,43.811601638793945,3379
181,onnx/CIFAR100_resnet_large.onnx,vnnlib/resnet_large__label_60__idx_3105_global_k1024_eps_0.0039.vnnlib,100,unsat False,[[inf], [inf], [inf], [inf], [inf], [inf], [inf], [inf], [inf], [inf], [inf], [inf], [inf], [inf], [inf], [inf], [inf], [inf], [inf], [inf], [inf], [inf], [inf], [inf], [inf], [inf], [inf], [inf], [inf], [inf], [inf], [inf], [inf], [inf], [inf], [inf], [inf], [inf], [inf], [inf], [inf], [inf], [inf], [inf], [inf], [inf], [inf], [inf], [inf], [inf], [inf], [inf], [inf], [inf], [inf], [inf], [inf], [inf], [inf], [inf], [inf], [inf], [inf], [inf], [inf], [inf], [inf], [inf], [inf], [inf], [inf], [inf], [inf], [inf], [inf], [inf], [inf], [inf], [inf], [inf], [inf], [inf], [inf], [inf], [inf], [inf], [inf], [inf], [inf], [inf], [inf], [inf], [inf], [inf], [inf], [inf], [inf], [inf]],0,0.24391865730285645,34.22555613517761,2559
182,onnx/CIFAR100_resnet_large.onnx,vnnlib/resnet_large__label_60__idx_3105_fix_mask_seg0_k1024_eps_0.0039.vnnlib,100,unsat True,,,,2.6676337718963623,0
183,onnx/CIFAR100_resnet_large.onnx,vnnlib/resnet_large__label_60__idx_3105_fix_nonmask_seg0_k1024_eps_0.0039.vnnlib,100,unsat False,[[inf], [inf], [inf], [inf], [inf], [inf], [inf], [inf], [inf], [inf], [inf], [inf], [inf], [inf], [inf], [inf], [inf], [inf], [inf], [inf], [inf], [inf], [inf], [inf], [inf], [inf], [inf], [inf], [inf], [inf], [inf], [inf], [inf], [inf], [inf], [inf], [inf], [inf], [inf], [inf], [inf], [inf], [inf], [inf], [inf], [inf], [inf], [inf], [inf], [inf], [inf], [inf], [inf], [inf], [inf], [inf], [inf], [inf], [inf], [inf], [inf], [inf], [inf], [inf], [inf], [inf], [inf], [inf], [inf], [inf], [inf], [inf], [inf], [inf], [inf], [inf], [inf], [inf], [inf], [inf], [inf], [inf], [inf], [inf], [inf], [inf], [inf], [inf], [inf], [inf], [inf], [inf], [inf], [inf], [inf], [inf], [inf], [inf]],0,0.27599215507507324,35.85149669647217,2559
184,onnx/CIFAR100_resnet_large.onnx,vnnlib/resnet_large__label_62__idx_7064_global_k1024_eps_0.0039.vnnlib,100,unsat False,[[inf], [inf], [inf], [inf], [inf], [inf], [inf], [inf], [inf], [inf], [inf], [inf], [inf], [inf], [inf], [inf], [inf], [inf], [inf], [inf], [inf], [inf], [inf], [inf], [inf], [inf], [inf], [inf], [inf], [inf], [inf], [inf], [inf], [inf], [inf], [inf], [inf], [inf], [inf], [inf], [inf], [inf], [inf], [inf], [inf], [inf], [inf], [inf], [inf], [inf], [inf], [inf], [inf], [inf], [inf], [inf], [inf], [inf], [inf], [inf], [inf], [inf], [inf], [inf], [inf], [inf], [inf], [inf], [inf], [inf], [inf], [inf], [inf], [inf], [inf], [inf], [inf], [inf], [inf], [inf], [inf], [inf], [inf], [inf], [inf], [inf], [inf], [inf], [inf], [inf], [inf], [inf], [inf], [inf], [inf], [inf]],0,0.2332603931427002,35.13592028617859,2618
185,onnx/CIFAR100_resnet_large.onnx,vnnlib/resnet_large__label_62__idx_7064_fix_mask_seg0_k1024_eps_0.0039.vnnlib,100,unsat True,,,,2.782954454421997,0
186,onnx/CIFAR100_resnet_large.onnx,vnnlib/resnet_large__label_62__idx_7064_fix_nonmask_seg0_k1024_eps_0.0039.vnnlib,100,unsat False,[[inf], [inf], [inf], [inf], [inf], [inf], [inf], [inf], [inf], [inf], [inf], [inf], [inf], [inf], [inf], [inf], [inf], [inf], [inf], [inf], [inf], [inf], [inf], [inf], [inf], [inf], [inf], [inf], [inf], [inf], [inf], [inf], [inf], [inf], [inf], [inf], [inf], [inf], [inf], [inf], [inf], [inf], [inf], [inf], [inf], [inf], [inf], [inf], [inf], [inf], [inf], [inf], [inf], [inf], [inf], [inf], [inf], [inf], [inf], [inf], [inf], [inf], [inf], [inf], [inf], [inf], [inf], [inf], [inf], [inf], [inf], [inf], [inf], [inf], [inf], [inf], [inf], [inf], [inf], [inf], [inf], [inf], [inf], [inf], [inf], [inf], [inf], [inf], [inf], [inf], [inf], [inf], [inf], [inf], [inf], [inf]],0,0.2214798927307129,33.71091341972351,2617
187,onnx/CIFAR100_resnet_large.onnx,vnnlib/resnet_large__label_63__idx_2652_global_k1024_eps_0.0039.vnnlib,100,unsat True,,,,27.546480417251587,0
188,onnx/CIFAR100_resnet_large.onnx,vnnlib/resnet_large__label_63__idx_2652_fix_mask_seg0_k1024_eps_0.0039.vnnlib,100,unsat True,,,,2.6571712493896484,0
189,onnx/CIFAR100_resnet_large.onnx,vnnlib/resnet_large__label_63__idx_2652_fix_nonmask_seg0_k1024_eps_0.0039.vnnlib,100,unsat True,,,,2.6870696544647217,0
190,onnx/CIFAR100_resnet_large.onnx,vnnlib/resnet_large__label_63__idx_6947_global_k1024_eps_0.0039.vnnlib,100,timeout False,[[inf], [inf], [inf], [inf], [inf], [inf], [inf], [inf], [inf], [inf], [inf], [inf], [inf], [inf], [inf], [inf], [inf], [inf], [inf], [inf], [inf], [inf], [inf], [inf], [inf], [inf], [inf], [inf], [inf], [inf], [inf], [inf], [inf], [inf], [inf], [inf], [inf], [inf], [inf], [inf], [inf], [inf], [inf], [inf], [inf], [inf], [inf], [inf], [inf], [inf], [inf], [inf], [inf], [inf], [inf], [inf], [inf], [inf], [inf], [inf], [inf], [inf], [inf], [inf], [inf], [inf], [inf], [inf], [inf], [inf], [inf], [inf], [inf], [inf], [inf], [inf], [inf], [inf], [inf], [inf], [inf], [inf], [inf], [inf], [inf], [inf], [inf], [inf], [inf], [inf], [inf], [inf], [inf], [inf], [inf], [inf], [inf]],0,0.23178315162658691,105.83167576789856,3762
191,onnx/CIFAR100_resnet_large.onnx,vnnlib/resnet_large__label_63__idx_6947_fix_mask_seg0_k1024_eps_0.0039.vnnlib,100,unsat True,,,,6.234835147857666,0
192,onnx/CIFAR100_resnet_large.onnx,vnnlib/resnet_large__label_63__idx_6947_fix_nonmask_seg0_k1024_eps_0.0039.vnnlib,100,timeout False,[[inf], [inf], [inf], [inf], [inf], [inf], [inf], [inf], [inf], [inf], [inf], [inf], [inf], [inf], [inf], [inf], [inf], [inf], [inf], [inf], [inf], [inf], [inf], [inf], [inf], [inf], [inf], [inf], [inf], [inf], [inf], [inf], [inf], [inf], [inf], [inf], [inf], [inf], [inf], [inf], [inf], [inf], [inf], [inf], [inf], [inf], [inf], [inf], [inf], [inf], [inf], [inf], [inf], [inf], [inf], [inf], [inf], [inf], [inf], [inf], [inf], [inf], [inf], [inf], [inf], [inf], [inf], [inf], [inf], [inf], [inf], [inf], [inf], [inf], [inf], [inf], [inf], [inf], [inf], [inf], [inf], [inf], [inf], [inf], [inf], [inf], [inf], [inf], [inf], [inf], [inf], [inf], [inf], [inf], [inf], [inf], [inf]],0,0.22790002822875977,105.46269273757935,3603
193,onnx/CIFAR100_resnet_large.onnx,vnnlib/resnet_large__label_64__idx_2767_global_k1024_eps_0.0039.vnnlib,100,timeout False,[[inf], [inf], [inf], [inf], [inf], [inf], [inf], [inf], [inf], [inf], [inf], [inf], [inf], [inf], [inf], [inf], [inf], [inf], [inf], [inf], [inf], [inf], [inf], [inf], [inf], [inf], [inf], [inf], [inf], [inf], [inf], [inf], [inf], [inf], [inf], [inf], [inf], [inf], [inf], [inf], [inf], [inf], [inf], [inf], [inf], [inf], [inf], [inf], [inf], [inf], [inf], [inf], [inf], [inf], [inf], [inf], [inf], [inf], [inf], [inf], [inf], [inf], [inf], [inf], [inf], [inf], [inf], [inf], [inf], [inf], [inf], [inf], [inf], [inf], [inf], [inf], [inf], [inf], [inf], [inf], [inf], [inf], [inf], [inf], [inf], [inf], [inf], [inf], [inf], [inf], [inf], [inf], [inf], [inf], [inf], [inf]],0,0.23968720436096191,100.52693629264832,2530
194,onnx/CIFAR100_resnet_large.onnx,vnnlib/resnet_large__label_64__idx_2767_fix_mask_seg0_k1024_eps_0.0039.vnnlib,100,unsat True,,,,4.312325716018677,0
195,onnx/CIFAR100_resnet_large.onnx,vnnlib/resnet_large__label_64__idx_2767_fix_nonmask_seg0_k1024_eps_0.0039.vnnlib,100,timeout False,[[inf], [inf], [inf], [inf], [inf], [inf], [inf], [inf], [inf], [inf], [inf], [inf], [inf], [inf], [inf], [inf], [inf], [inf], [inf], [inf], [inf], [inf], [inf], [inf], [inf], [inf], [inf], [inf], [inf], [inf], [inf], [inf], [inf], [inf], [inf], [inf], [inf], [inf], [inf], [inf], [inf], [inf], [inf], [inf], [inf], [inf], [inf], [inf], [inf], [inf], [inf], [inf], [inf], [inf], [inf], [inf], [inf], [inf], [inf], [inf], [inf], [inf], [inf], [inf], [inf], [inf], [inf], [inf], [inf], [inf], [inf], [inf], [inf], [inf], [inf], [inf], [inf], [inf], [inf], [inf], [inf], [inf], [inf], [inf], [inf], [inf], [inf], [inf], [inf], [inf], [inf], [inf], [inf], [inf], [inf], [inf]],0,0.25030517578125,101.21797680854797,2495
196,onnx/CIFAR100_resnet_large.onnx,vnnlib/resnet_large__label_66__idx_5883_global_k1024_eps_0.0039.vnnlib,100,timeout False,[[inf], [inf], [inf], [0.31356120109558105], [inf], [inf], [inf], [inf], [inf], [inf], [inf], [inf], [inf], [inf], [inf], [inf], [inf], [inf], [inf], [inf], [inf], [inf], [inf], [inf], [inf], [inf], [inf], [inf], [inf], [inf], [inf], [inf], [inf], [inf], [inf], [inf], [inf], [inf], [inf], [inf], [inf], [inf], [inf], [inf], [inf], [inf], [inf], [inf], [inf], [inf], [inf], [inf], [inf], [inf], [inf], [inf], [inf], [inf], [inf], [inf], [inf], [inf], [inf], [inf], [inf], [inf], [inf], [inf], [inf], [0.3181581497192383], [inf], [inf], [inf], [inf], [inf], [inf], [inf], [inf], [inf], [inf], [inf], [inf], [inf], [inf], [inf], [inf], [inf], [inf], [inf], [inf]],0,0.22881340980529785,104.55656957626343,4596
197,onnx/CIFAR100_resnet_large.onnx,vnnlib/resnet_large__label_66__idx_5883_fix_mask_seg0_k1024_eps_0.0039.vnnlib,100,unsat True,,,,3.0923314094543457,0
198,onnx/CIFAR100_resnet_large.onnx,vnnlib/resnet_large__label_66__idx_5883_fix_nonmask_seg0_k1024_eps_0.0039.vnnlib,100,timeout False,[[inf], [inf], [inf], [inf], [inf], [inf], [inf], [inf], [inf], [inf], [inf], [inf], [inf], [inf], [inf], [inf], [inf], [inf], [inf], [inf], [inf], [inf], [inf], [inf], [inf], [inf], [inf], [inf], [inf], [inf], [inf], [inf], [inf], [inf], [inf], [inf], [0.017957687377929688], [inf], [inf], [inf], [inf], [inf], [inf], [inf], [inf], [inf], [inf], [inf], [inf], [inf], [inf], [inf], [inf], [inf], [inf], [inf], [inf], [inf], [inf], [0.10870695114135742], [inf], [0.06617355346679688], [inf], [inf], [inf], [inf], [inf], [inf], [inf], [inf], [inf], [inf], [inf], [inf], [inf], [inf], [inf], [inf], [inf], [inf], [inf], [inf], [0.05348396301269531], [inf], [inf], [inf], [inf], [inf], [inf], [inf], [inf], [inf], [inf], [inf]],0,0.14617085456848145,101.50547504425049,4270
199,onnx/CIFAR100_resnet_large.onnx,vnnlib/resnet_large__label_66__idx_9469_global_k1024_eps_0.0039.vnnlib,100,unsat False,[[inf], [inf], [inf], [inf], [inf], [inf], [inf], [inf], [inf], [inf], [inf], [inf], [inf], [inf], [inf], [inf], [inf], [inf], [inf], [inf], [inf], [inf], [inf], [inf], [inf], [inf], [inf], [inf], [inf], [inf], [inf], [inf], [inf], [inf], [inf], [inf], [inf], [inf], [inf], [inf], [inf], [inf], [inf], [inf], [inf], [inf], [inf], [inf], [inf], [inf], [inf], [inf], [inf], [inf], [inf], [inf], [inf], [inf], [inf], [inf], [inf], [inf], [inf], [inf], [inf], [inf], [inf], [inf], [inf], [inf], [inf], [inf], [inf], [inf], [inf], [inf], [inf], [inf], [inf], [inf], [inf], [inf], [inf], [inf], [inf], [inf], [inf], [inf], [inf], [inf], [inf], [inf], [inf], [inf], [inf], [inf], [inf], [inf]],0,0.22829222679138184,36.22084856033325,3271
200,onnx/CIFAR100_resnet_large.onnx,vnnlib/resnet_large__label_66__idx_9469_fix_mask_seg0_k1024_eps_0.0039.vnnlib,100,unsat True,,,,4.60259485244751,0
201,onnx/CIFAR100_resnet_large.onnx,vnnlib/resnet_large__label_66__idx_9469_fix_nonmask_seg0_k1024_eps_0.0039.vnnlib,100,unsat False,[[inf], [inf], [inf], [inf], [inf], [inf], [inf], [inf], [inf], [inf], [inf], [inf], [inf], [inf], [inf], [inf], [inf], [inf], [inf], [inf], [inf], [inf], [inf], [inf], [inf], [inf], [inf], [inf], [inf], [inf], [inf], [inf], [inf], [inf], [inf], [inf], [inf], [inf], [inf], [inf], [inf], [inf], [inf], [inf], [inf], [inf], [inf], [inf], [inf], [inf], [inf], [inf], [inf], [inf], [inf], [inf], [inf], [inf], [inf], [inf], [inf], [inf], [inf], [inf], [inf], [inf], [inf], [inf], [inf], [inf], [inf], [inf], [inf], [inf], [inf], [inf], [inf], [inf], [inf], [inf], [inf], [inf], [inf], [inf], [inf], [inf], [inf], [inf], [inf], [inf], [inf], [inf], [inf], [inf], [inf], [inf], [inf], [inf]],0,0.2310330867767334,36.79395818710327,3220
202,onnx/CIFAR100_resnet_large.onnx,vnnlib/resnet_large__label_68__idx_2485_global_k1024_eps_0.0039.vnnlib,100,unsat True,,,,27.319854021072388,0
203,onnx/CIFAR100_resnet_large.onnx,vnnlib/resnet_large__label_68__idx_2485_fix_mask_seg0_k1024_eps_0.0039.vnnlib,100,unsat True,,,,4.2472004890441895,0
204,onnx/CIFAR100_resnet_large.onnx,vnnlib/resnet_large__label_68__idx_2485_fix_nonmask_seg0_k1024_eps_0.0039.vnnlib,100,unsat True,,,,27.196715354919434,0
205,onnx/CIFAR100_resnet_large.onnx,vnnlib/resnet_large__label_68__idx_918_global_k1024_eps_0.0039.vnnlib,100,unsat False,[[inf], [inf], [inf], [inf], [inf], [inf], [inf], [inf], [inf], [inf], [inf], [inf], [inf], [inf], [inf], [inf], [inf], [inf], [inf], [inf], [inf], [inf], [inf], [inf], [inf], [inf], [inf], [inf], [inf], [inf], [inf], [inf], [inf], [inf], [inf], [inf], [inf], [inf], [inf], [inf], [inf], [inf], [inf], [inf], [inf], [inf], [inf], [inf], [inf], [inf], [inf], [inf], [inf], [inf], [inf], [inf], [inf], [inf], [inf], [inf], [inf], [inf], [inf], [inf], [inf], [inf], [inf], [inf], [inf], [inf], [inf], [inf], [inf], [inf], [inf], [inf], [inf], [inf], [inf], [inf], [inf], [inf], [inf], [inf], [inf], [inf], [inf], [inf], [inf], [inf], [inf], [inf], [inf], [inf], [inf], [inf]],0,0.23644256591796875,39.7933931350708,3730
206,onnx/CIFAR100_resnet_large.onnx,vnnlib/resnet_large__label_68__idx_918_fix_mask_seg0_k1024_eps_0.0039.vnnlib,100,unsat True,,,,2.9339022636413574,0
207,onnx/CIFAR100_resnet_large.onnx,vnnlib/resnet_large__label_68__idx_918_fix_nonmask_seg0_k1024_eps_0.0039.vnnlib,100,unsat False,[[inf], [inf], [inf], [inf], [inf], [inf], [inf], [inf], [inf], [inf], [inf], [inf], [inf], [inf], [inf], [inf], [inf], [inf], [inf], [inf], [inf], [inf], [inf], [inf], [inf], [inf], [inf], [inf], [inf], [inf], [inf], [inf], [inf], [inf], [inf], [inf], [inf], [inf], [inf], [inf], [inf], [inf], [inf], [inf], [inf], [inf], [inf], [inf], [inf], [inf], [inf], [inf], [inf], [inf], [inf], [inf], [inf], [inf], [inf], [inf], [inf], [inf], [inf], [inf], [inf], [inf], [inf], [inf], [inf], [inf], [inf], [inf], [inf], [inf], [inf], [inf], [inf], [inf], [inf], [inf], [inf], [inf], [inf], [inf], [inf], [inf], [inf], [inf], [inf], [inf], [inf], [inf], [inf], [inf], [inf], [inf]],0,0.147935152053833,35.35224008560181,3730
208,onnx/CIFAR100_resnet_large.onnx,vnnlib/resnet_large__label_71__idx_4338_global_k1024_eps_0.0039.vnnlib,100,timeout False,[[inf], [inf], [inf], [inf], [inf], [inf], [inf], [inf], [inf], [inf], [inf], [inf], [inf], [inf], [inf], [inf], [inf], [inf], [inf], [inf], [inf], [inf], [inf], [inf], [inf], [inf], [inf], [inf], [inf], [inf], [inf], [inf], [inf], [inf], [inf], [inf], [inf], [inf], [inf], [inf], [inf], [inf], [inf], [inf], [inf], [inf], [inf], [inf], [inf], [inf], [inf], [inf], [inf], [inf], [inf], [inf], [inf], [inf], [inf], [inf], [inf], [inf], [inf], [inf], [inf], [inf], [inf], [inf], [inf], [inf], [inf], [inf], [inf], [inf], [inf], [inf], [inf], [inf], [inf], [inf], [inf], [inf], [inf], [inf], [inf], [inf], [inf], [inf], [inf], [inf], [inf], [inf], [inf], [inf], [inf], [inf], [inf], [inf]],0,0.22392654418945312,103.09863471984863,2343
209,onnx/CIFAR100_resnet_large.onnx,vnnlib/resnet_large__label_71__idx_4338_fix_mask_seg0_k1024_eps_0.0039.vnnlib,100,unsat True,,,,4.058207273483276,0
210,onnx/CIFAR100_resnet_large.onnx,vnnlib/resnet_large__label_71__idx_4338_fix_nonmask_seg0_k1024_eps_0.0039.vnnlib,100,timeout False,[[inf], [inf], [inf], [inf], [inf], [inf], [inf], [inf], [inf], [inf], [inf], [inf], [inf], [inf], [inf], [inf], [inf], [inf], [inf], [inf], [inf], [inf], [inf], [inf], [inf], [inf], [inf], [inf], [inf], [inf], [inf], [inf], [inf], [inf], [inf], [inf], [inf], [inf], [inf], [inf], [inf], [inf], [inf], [inf], [inf], [inf], [inf], [inf], [inf], [inf], [inf], [inf], [inf], [inf], [inf], [inf], [inf], [inf], [inf], [inf], [inf], [inf], [inf], [inf], [inf], [inf], [inf], [inf], [inf], [inf], [inf], [inf], [inf], [inf], [inf], [inf], [inf], [inf], [inf], [inf], [inf], [inf], [inf], [inf], [inf], [inf], [inf], [inf], [inf], [inf], [inf], [inf], [inf], [inf], [inf], [inf], [inf], [inf]],0,0.1560230255126953,100.37666416168213,2343
211,onnx/CIFAR100_resnet_large.onnx,vnnlib/resnet_large__label_76__idx_33_global_k1024_eps_0.0039.vnnlib,100,unsat False,[[inf], [inf], [inf], [inf], [inf], [inf], [inf], [inf], [inf], [inf], [inf], [inf], [inf], [inf], [inf], [inf], [inf], [inf], [inf], [inf], [inf], [inf], [inf], [inf], [inf], [inf], [inf], [inf], [inf], [inf], [inf], [inf], [inf], [inf], [inf], [inf], [inf], [inf], [inf], [inf], [inf], [inf], [inf], [inf], [inf], [inf], [inf], [inf], [inf], [inf], [inf], [inf], [inf], [inf], [inf], [inf], [inf], [inf], [inf], [inf], [inf], [inf], [inf], [inf], [inf], [inf], [inf], [inf], [inf], [inf], [inf], [inf], [inf], [inf], [inf], [inf], [inf], [inf], [inf], [inf], [inf], [inf], [inf], [inf], [inf], [inf], [inf], [inf], [inf], [inf], [inf], [inf], [inf], [inf], [inf], [inf], [inf], [inf]],0,0.18112921714782715,35.06934189796448,2633
212,onnx/CIFAR100_resnet_large.onnx,vnnlib/resnet_large__label_76__idx_33_fix_mask_seg0_k1024_eps_0.0039.vnnlib,100,unsat True,,,,2.8106460571289062,0
213,onnx/CIFAR100_resnet_large.onnx,vnnlib/resnet_large__label_76__idx_33_fix_nonmask_seg0_k1024_eps_0.0039.vnnlib,100,unsat False,[[inf], [inf], [inf], [inf], [inf], [inf], [inf], [inf], [inf], [inf], [inf], [inf], [inf], [inf], [inf], [inf], [inf], [inf], [inf], [inf], [inf], [inf], [inf], [inf], [inf], [inf], [inf], [inf], [inf], [inf], [inf], [inf], [inf], [inf], [inf], [inf], [inf], [inf], [inf], [inf], [inf], [inf], [inf], [inf], [inf], [inf], [inf], [inf], [inf], [inf], [inf], [inf], [inf], [inf], [inf], [inf], [inf], [inf], [inf], [inf], [inf], [inf], [inf], [inf], [inf], [inf], [inf], [inf], [inf], [inf], [inf], [inf], [inf], [inf], [inf], [inf], [inf], [inf], [inf], [inf], [inf], [inf], [inf], [inf], [inf], [inf], [inf], [inf], [inf], [inf], [inf], [inf], [inf], [inf], [inf], [inf], [inf], [inf]],0,0.14716315269470215,32.6786413192749,2539
214,onnx/CIFAR100_resnet_large.onnx,vnnlib/resnet_large__label_76__idx_3657_global_k1024_eps_0.0039.vnnlib,100,unsat True,,,,26.610588550567627,0
215,onnx/CIFAR100_resnet_large.onnx,vnnlib/resnet_large__label_76__idx_3657_fix_mask_seg0_k1024_eps_0.0039.vnnlib,100,unsat True,,,,4.239075183868408,0
216,onnx/CIFAR100_resnet_large.onnx,vnnlib/resnet_large__label_76__idx_3657_fix_nonmask_seg0_k1024_eps_0.0039.vnnlib,100,unsat True,,,,2.791926145553589,0
217,onnx/CIFAR100_resnet_large.onnx,vnnlib/resnet_large__label_77__idx_8915_global_k1024_eps_0.0039.vnnlib,100,unsat False,[[inf], [inf], [inf], [inf], [0.2819480895996094], [inf], [inf], [inf], [inf], [inf], [inf], [inf], [inf], [inf], [inf], [inf], [inf], [inf], [inf], [inf], [inf], [inf], [inf], [inf], [inf], [inf], [inf], [inf], [inf], [inf], [inf], [inf], [inf], [inf], [inf], [inf], [inf], [inf], [inf], [inf], [inf], [inf], [inf], [inf], [inf], [inf], [inf], [inf], [inf], [inf], [inf], [inf], [inf], [inf], [inf], [inf], [inf], [inf], [inf], [inf], [inf], [inf], [inf], [inf], [inf], [inf], [inf], [inf], [inf], [inf], [inf], [inf], [0.19933080673217773], [inf], [inf], [inf], [inf], [inf], [inf], [inf], [inf], [inf], [inf], [inf], [inf], [inf], [inf], [inf], [inf], [inf], [inf], [inf], [inf], [inf], [inf], [inf]],0,0.1503901481628418,35.632938623428345,4359
218,onnx/CIFAR100_resnet_large.onnx,vnnlib/resnet_large__label_77__idx_8915_fix_mask_seg0_k1024_eps_0.0039.vnnlib,100,unsat True,,,,2.6303892135620117,0
219,onnx/CIFAR100_resnet_large.onnx,vnnlib/resnet_large__label_77__idx_8915_fix_nonmask_seg0_k1024_eps_0.0039.vnnlib,100,unsat False,[[inf], [inf], [inf], [inf], [0.2819483280181885], [inf], [inf], [inf], [inf], [inf], [inf], [inf], [inf], [inf], [inf], [inf], [inf], [inf], [inf], [inf], [inf], [inf], [inf], [inf], [inf], [inf], [inf], [inf], [inf], [inf], [inf], [inf], [inf], [inf], [inf], [inf], [inf], [inf], [inf], [inf], [inf], [inf], [inf], [inf], [inf], [inf], [inf], [inf], [inf], [inf], [inf], [inf], [inf], [inf], [inf], [inf], [inf], [inf], [inf], [inf], [inf], [inf], [inf], [inf], [inf], [inf], [inf], [inf], [inf], [inf], [inf], [inf], [0.19933414459228516], [inf], [inf], [inf], [inf], [inf], [inf], [inf], [inf], [inf], [inf], [inf], [inf], [inf], [inf], [inf], [inf], [inf], [inf], [inf], [inf], [inf], [inf], [inf]],0,0.15279483795166016,36.18831014633179,4359
220,onnx/CIFAR100_resnet_large.onnx,vnnlib/resnet_large__label_78__idx_5742_global_k1024_eps_0.0039.vnnlib,100,timeout False,[[inf], [inf], [inf], [inf], [inf], [inf], [inf], [inf], [inf], [inf], [inf], [inf], [inf], [inf], [inf], [inf], [inf], [inf], [inf], [inf], [inf], [inf], [inf], [inf], [inf], [inf], [inf], [inf], [inf], [inf], [inf], [inf], [inf], [inf], [inf], [inf], [inf], [inf], [inf], [inf], [inf], [inf], [inf], [inf], [inf], [inf], [inf], [inf], [inf], [inf], [inf], [inf], [inf], [inf], [inf], [inf], [inf], [inf], [inf], [inf], [inf], [inf], [inf], [inf], [inf], [inf], [inf], [inf], [inf], [inf], [inf], [inf], [inf], [inf], [inf], [inf], [inf], [inf], [inf], [inf], [inf], [inf], [inf], [inf], [inf], [inf], [inf], [inf], [inf], [inf], [inf], [inf], [inf], [inf], [inf], [inf], [inf], [inf]],0,0.1546015739440918,106.88405466079712,3982
221,onnx/CIFAR100_resnet_large.onnx,vnnlib/resnet_large__label_78__idx_5742_fix_mask_seg0_k1024_eps_0.0039.vnnlib,100,unsat True,,,,3.4543678760528564,0
222,onnx/CIFAR100_resnet_large.onnx,vnnlib/resnet_large__label_78__idx_5742_fix_nonmask_seg0_k1024_eps_0.0039.vnnlib,100,timeout False,[[inf], [inf], [inf], [inf], [inf], [inf], [inf], [inf], [inf], [inf], [inf], [inf], [inf], [inf], [inf], [inf], [inf], [inf], [inf], [inf], [inf], [inf], [inf], [inf], [inf], [inf], [inf], [inf], [inf], [inf], [inf], [inf], [inf], [inf], [inf], [inf], [inf], [inf], [inf], [inf], [inf], [inf], [inf], [inf], [inf], [inf], [inf], [inf], [inf], [inf], [inf], [inf], [inf], [inf], [inf], [inf], [inf], [inf], [inf], [inf], [inf], [inf], [inf], [inf], [inf], [inf], [inf], [inf], [inf], [inf], [inf], [inf], [inf], [inf], [inf], [inf], [inf], [inf], [inf], [inf], [inf], [inf], [inf], [inf], [inf], [inf], [inf], [inf], [inf], [inf], [inf], [inf], [inf], [inf], [inf], [inf], [inf], [inf]],0,0.15372896194458008,105.42841124534607,3758
223,onnx/CIFAR100_resnet_large.onnx,vnnlib/resnet_large__label_78__idx_7980_global_k1024_eps_0.0039.vnnlib,100,unsat False,[[inf], [inf], [inf], [inf], [inf], [inf], [inf], [inf], [inf], [inf], [inf], [inf], [inf], [inf], [inf], [inf], [inf], [inf], [inf], [inf], [inf], [inf], [inf], [inf], [inf], [inf], [inf], [inf], [inf], [inf], [inf], [inf], [inf], [inf], [inf], [inf], [inf], [inf], [inf], [inf], [inf], [inf], [inf], [inf], [inf], [inf], [inf], [inf], [inf], [inf], [inf], [inf], [inf], [inf], [inf], [inf], [inf], [inf], [inf], [inf], [inf], [inf], [inf], [inf], [inf], [inf], [inf], [inf], [inf], [inf], [inf], [inf], [inf], [inf], [inf], [inf], [inf], [inf], [inf], [inf], [inf], [inf], [inf], [inf], [inf], [inf], [inf], [inf], [inf], [inf], [inf], [inf], [inf], [inf], [inf], [inf], [inf], [inf]],0,0.1530158519744873,90.73878860473633,4469
224,onnx/CIFAR100_resnet_large.onnx,vnnlib/resnet_large__label_78__idx_7980_fix_mask_seg0_k1024_eps_0.0039.vnnlib,100,unsat True,,,,2.881232738494873,0
225,onnx/CIFAR100_resnet_large.onnx,vnnlib/resnet_large__label_78__idx_7980_fix_nonmask_seg0_k1024_eps_0.0039.vnnlib,100,unsat False,[[inf], [inf], [inf], [inf], [inf], [inf], [inf], [inf], [inf], [inf], [inf], [inf], [inf], [inf], [inf], [inf], [inf], [inf], [inf], [inf], [inf], [inf], [inf], [inf], [inf], [inf], [inf], [inf], [inf], [inf], [inf], [inf], [inf], [inf], [inf], [inf], [inf], [inf], [inf], [inf], [inf], [inf], [inf], [inf], [inf], [inf], [inf], [inf], [inf], [inf], [inf], [inf], [inf], [inf], [inf], [inf], [inf], [inf], [inf], [inf], [inf], [inf], [inf], [inf], [inf], [inf], [inf], [inf], [inf], [inf], [inf], [inf], [inf], [inf], [inf], [inf], [inf], [inf], [inf], [inf], [inf], [inf], [inf], [inf], [inf], [inf], [inf], [inf], [inf], [inf], [inf], [inf], [inf], [inf], [inf], [inf], [inf], [inf]],0,0.1533973217010498,38.89142560958862,4142
226,onnx/CIFAR100_resnet_large.onnx,vnnlib/resnet_large__label_80__idx_3620_global_k1024_eps_0.0039.vnnlib,100,timeout False,[[inf], [inf], [inf], [inf], [inf], [inf], [inf], [inf], [inf], [inf], [inf], [inf], [inf], [inf], [inf], [inf], [inf], [inf], [inf], [inf], [inf], [inf], [inf], [inf], [inf], [inf], [inf], [inf], [inf], [inf], [inf], [inf], [inf], [inf], [inf], [inf], [inf], [inf], [inf], [inf], [inf], [inf], [inf], [inf], [inf], [inf], [inf], [inf], [inf], [inf], [inf], [inf], [inf], [inf], [inf], [inf], [inf], [inf], [inf], [inf], [inf], [inf], [inf], [inf], [inf], [inf], [inf], [inf], [inf], [inf], [inf], [inf], [inf], [inf], [inf], [inf], [inf], [inf], [inf], [inf], [inf], [inf], [inf], [inf], [inf], [inf], [inf], [inf], [inf], [inf], [inf], [inf], [inf]],0,0.14779353141784668,104.99457883834839,3293
227,onnx/CIFAR100_resnet_large.onnx,vnnlib/resnet_large__label_80__idx_3620_fix_mask_seg0_k1024_eps_0.0039.vnnlib,100,unsat True,,,,2.6856064796447754,0
228,onnx/CIFAR100_resnet_large.onnx,vnnlib/resnet_large__label_80__idx_3620_fix_nonmask_seg0_k1024_eps_0.0039.vnnlib,100,timeout False,[[inf], [inf], [inf], [inf], [inf], [inf], [inf], [inf], [inf], [inf], [inf], [inf], [inf], [inf], [inf], [inf], [inf], [inf], [inf], [inf], [inf], [inf], [inf], [inf], [inf], [inf], [inf], [inf], [inf], [inf], [inf], [inf], [inf], [inf], [inf], [inf], [inf], [inf], [inf], [inf], [inf], [inf], [inf], [inf], [inf], [inf], [inf], [inf], [inf], [inf], [inf], [inf], [inf], [inf], [inf], [inf], [inf], [inf], [inf], [inf], [inf], [inf], [inf], [inf], [inf], [inf], [inf], [inf], [inf], [inf], [inf], [inf], [inf], [inf], [inf], [inf], [inf], [inf], [inf], [inf], [inf], [inf], [inf], [inf], [inf], [inf], [inf], [inf], [inf], [inf], [inf], [inf], [inf]],0,0.2366342544555664,100.85042119026184,3206
229,onnx/CIFAR100_resnet_large.onnx,vnnlib/resnet_large__label_81__idx_134_global_k1024_eps_0.0039.vnnlib,100,unsat False,[[inf], [inf], [inf], [inf], [inf], [inf], [inf], [inf], [inf], [inf], [inf], [inf], [inf], [inf], [inf], [inf], [inf], [inf], [inf], [inf], [inf], [inf], [inf], [inf], [inf], [inf], [inf], [inf], [inf], [inf], [inf], [inf], [inf], [inf], [inf], [inf], [inf], [inf], [inf], [inf], [0.18394851684570312], [inf], [inf], [inf], [inf], [inf], [inf], [inf], [inf], [inf], [inf], [inf], [inf], [inf], [inf], [inf], [inf], [inf], [inf], [inf], [inf], [inf], [inf], [inf], [inf], [inf], [inf], [inf], [inf], [inf], [inf], [inf], [inf], [inf], [inf], [inf], [inf], [inf], [inf], [inf], [inf], [inf], [inf], [inf], [inf], [0.20771360397338867], [inf], [inf], [inf], [inf], [inf], [inf], [inf], [inf], [inf], [inf], [inf]],0,0.24059700965881348,41.11625123023987,3634
230,onnx/CIFAR100_resnet_large.onnx,vnnlib/resnet_large__label_81__idx_134_fix_mask_seg0_k1024_eps_0.0039.vnnlib,100,unsat True,,,,3.2997660636901855,0
231,onnx/CIFAR100_resnet_large.onnx,vnnlib/resnet_large__label_81__idx_134_fix_nonmask_seg0_k1024_eps_0.0039.vnnlib,100,unsat False,[[inf], [inf], [inf], [inf], [inf], [inf], [inf], [inf], [inf], [inf], [inf], [inf], [inf], [inf], [inf], [inf], [inf], [inf], [inf], [inf], [inf], [inf], [inf], [inf], [inf], [inf], [inf], [inf], [inf], [inf], [inf], [inf], [inf], [inf], [inf], [inf], [inf], [inf], [inf], [inf], [inf], [inf], [inf], [inf], [inf], [inf], [inf], [inf], [inf], [inf], [inf], [inf], [inf], [inf], [inf], [inf], [inf], [inf], [inf], [inf], [inf], [inf], [inf], [inf], [inf], [inf], [inf], [inf], [inf], [inf], [inf], [inf], [inf], [inf], [inf], [inf], [inf], [inf], [inf], [inf], [inf], [inf], [inf], [inf], [inf], [inf], [inf], [inf], [inf], [inf], [inf], [inf], [inf], [inf], [inf], [inf], [inf]],0,0.15115904808044434,33.555259227752686,3180
232,onnx/CIFAR100_resnet_large.onnx,vnnlib/resnet_large__label_81__idx_3388_global_k1024_eps_0.0039.vnnlib,100,timeout False,[[inf], [inf], [inf], [inf], [inf], [inf], [inf], [inf], [inf], [inf], [inf], [inf], [inf], [inf], [inf], [inf], [inf], [inf], [inf], [inf], [inf], [inf], [inf], [inf], [inf], [inf], [inf], [inf], [inf], [inf], [inf], [inf], [inf], [inf], [inf], [inf], [inf], [inf], [inf], [inf], [inf], [inf], [inf], [inf], [inf], [inf], [inf], [inf], [0.12308216094970703], [inf], [inf], [inf], [inf], [inf], [inf], [inf], [inf], [inf], [inf], [inf], [inf], [inf], [inf], [inf], [inf], [inf], [inf], [inf], [inf], [inf], [inf], [inf], [inf], [inf], [inf], [inf], [inf], [inf], [inf], [inf], [inf], [inf], [inf], [inf], [inf], [inf], [inf], [inf], [inf], [inf], [inf], [inf], [inf], [inf], [inf], [inf], [inf], [inf]],0,0.15108466148376465,107.05632495880127,3782
233,onnx/CIFAR100_resnet_large.onnx,vnnlib/resnet_large__label_81__idx_3388_fix_mask_seg0_k1024_eps_0.0039.vnnlib,100,unsat True,,,,3.043858766555786,0
234,onnx/CIFAR100_resnet_large.onnx,vnnlib/resnet_large__label_81__idx_3388_fix_nonmask_seg0_k1024_eps_0.0039.vnnlib,100,timeout False,[[inf], [inf], [inf], [inf], [inf], [inf], [inf], [inf], [inf], [inf], [inf], [inf], [inf], [inf], [inf], [inf], [inf], [inf], [inf], [inf], [inf], [inf], [inf], [inf], [inf], [inf], [inf], [inf], [inf], [inf], [inf], [inf], [inf], [inf], [inf], [inf], [inf], [inf], [inf], [inf], [inf], [inf], [inf], [inf], [inf], [inf], [inf], [inf], [inf], [inf], [inf], [inf], [inf], [inf], [inf], [inf], [inf], [inf], [inf], [inf], [inf], [inf], [inf], [inf], [inf], [inf], [inf], [inf], [inf], [inf], [inf], [inf], [inf], [inf], [inf], [inf], [inf], [inf], [inf], [inf], [inf], [inf], [inf], [inf], [inf], [inf], [inf], [inf], [inf], [inf], [inf], [inf], [inf], [inf], [inf], [inf], [inf], [inf]],0,0.2354447841644287,104.78482031822205,3612
235,onnx/CIFAR100_resnet_large.onnx,vnnlib/resnet_large__label_81__idx_5803_global_k1024_eps_0.0039.vnnlib,100,unsat False,[[inf], [inf], [inf], [inf], [inf], [inf], [inf], [inf], [inf], [inf], [inf], [inf], [inf], [inf], [inf], [inf], [inf], [inf], [inf], [inf], [inf], [inf], [inf], [inf], [inf], [inf], [inf], [inf], [inf], [inf], [inf], [inf], [inf], [inf], [inf], [inf], [inf], [inf], [inf], [inf], [inf], [inf], [inf], [inf], [inf], [inf], [inf], [inf], [inf], [inf], [inf], [inf], [inf], [inf], [inf], [inf], [inf], [inf], [inf], [inf], [inf], [inf], [inf], [inf], [inf], [inf], [inf], [inf], [inf], [inf], [inf], [inf], [inf], [inf], [inf], [inf], [inf], [inf], [inf], [inf], [inf], [inf], [inf], [inf], [inf], [inf], [inf], [inf], [inf], [inf], [inf], [inf], [inf], [inf], [inf], [inf], [inf]],0,0.23227787017822266,35.03003692626953,2655
236,onnx/CIFAR100_resnet_large.onnx,vnnlib/resnet_large__label_81__idx_5803_fix_mask_seg0_k1024_eps_0.0039.vnnlib,100,unsat True,,,,3.634209394454956,0
237,onnx/CIFAR100_resnet_large.onnx,vnnlib/resnet_large__label_81__idx_5803_fix_nonmask_seg0_k1024_eps_0.0039.vnnlib,100,unsat False,[[inf], [inf], [inf], [inf], [inf], [inf], [inf], [inf], [inf], [inf], [inf], [inf], [inf], [inf], [inf], [inf], [inf], [inf], [inf], [inf], [inf], [inf], [inf], [inf], [inf], [inf], [inf], [inf], [inf], [inf], [inf], [inf], [inf], [inf], [inf], [inf], [inf], [inf], [inf], [inf], [inf], [inf], [inf], [inf], [inf], [inf], [inf], [inf], [inf], [inf], [inf], [inf], [inf], [inf], [inf], [inf], [inf], [inf], [inf], [inf], [inf], [inf], [inf], [inf], [inf], [inf], [inf], [inf], [inf], [inf], [inf], [inf], [inf], [inf], [inf], [inf], [inf], [inf], [inf], [inf], [inf], [inf], [inf], [inf], [inf], [inf], [inf], [inf], [inf], [inf], [inf], [inf], [inf], [inf], [inf], [inf], [inf]],0,0.23641443252563477,33.4458794593811,2462
238,onnx/CIFAR100_resnet_large.onnx,vnnlib/resnet_large__label_81__idx_9853_global_k1024_eps_0.0039.vnnlib,100,timeout False,[[inf], [inf], [inf], [inf], [inf], [inf], [inf], [inf], [inf], [inf], [inf], [inf], [inf], [inf], [inf], [inf], [inf], [inf], [inf], [inf], [inf], [inf], [inf], [inf], [inf], [inf], [inf], [inf], [inf], [inf], [inf], [inf], [inf], [inf], [inf], [inf], [inf], [inf], [inf], [inf], [inf], [inf], [inf], [inf], [inf], [inf], [inf], [inf], [inf], [inf], [inf], [inf], [inf], [inf], [inf], [inf], [inf], [inf], [inf], [inf], [inf], [inf], [inf], [inf], [inf], [inf], [inf], [inf], [inf], [inf], [inf], [inf], [inf], [inf], [inf], [inf], [inf], [inf], [inf], [inf], [inf], [inf], [inf], [inf], [inf], [inf], [inf], [inf], [inf], [inf], [inf], [inf], [inf], [inf], [inf], [inf]],0,0.20652031898498535,104.512460231781,3629
239,onnx/CIFAR100_resnet_large.onnx,vnnlib/resnet_large__label_81__idx_9853_fix_mask_seg0_k1024_eps_0.0039.vnnlib,100,unsat True,,,,3.470156192779541,0
240,onnx/CIFAR100_resnet_large.onnx,vnnlib/resnet_large__label_81__idx_9853_fix_nonmask_seg0_k1024_eps_0.0039.vnnlib,100,timeout False,[[inf], [inf], [inf], [inf], [inf], [inf], [inf], [inf], [inf], [inf], [inf], [inf], [inf], [inf], [inf], [inf], [inf], [inf], [inf], [inf], [inf], [inf], [inf], [inf], [inf], [inf], [inf], [inf], [inf], [inf], [inf], [inf], [inf], [inf], [inf], [inf], [inf], [inf], [inf], [inf], [inf], [inf], [inf], [inf], [inf], [inf], [inf], [inf], [inf], [inf], [inf], [inf], [inf], [inf], [inf], [inf], [inf], [inf], [inf], [inf], [inf], [inf], [inf], [inf], [inf], [inf], [inf], [inf], [inf], [inf], [inf], [inf], [inf], [inf], [inf], [inf], [inf], [inf], [inf], [inf], [inf], [inf], [inf], [inf], [inf], [inf], [inf], [inf], [inf], [inf], [inf], [inf], [inf], [inf], [inf], [inf]],0,0.15253162384033203,101.73273992538452,3581
241,onnx/CIFAR100_resnet_large.onnx,vnnlib/resnet_large__label_82__idx_8354_global_k1024_eps_0.0039.vnnlib,100,unsat True,,,,2.7405104637145996,0
242,onnx/CIFAR100_resnet_large.onnx,vnnlib/resnet_large__label_82__idx_8354_fix_mask_seg0_k1024_eps_0.0039.vnnlib,100,unsat True,,,,3.101255178451538,0
243,onnx/CIFAR100_resnet_large.onnx,vnnlib/resnet_large__label_82__idx_8354_fix_nonmask_seg0_k1024_eps_0.0039.vnnlib,100,unsat True,,,,3.2128050327301025,0
244,onnx/CIFAR100_resnet_large.onnx,vnnlib/resnet_large__label_83__idx_7948_global_k1024_eps_0.0039.vnnlib,100,timeout False,[[inf], [inf], [inf], [inf], [inf], [inf], [inf], [inf], [inf], [inf], [inf], [inf], [inf], [inf], [inf], [inf], [inf], [inf], [inf], [inf], [inf], [inf], [inf], [inf], [inf], [inf], [inf], [inf], [inf], [inf], [inf], [inf], [inf], [inf], [inf], [inf], [inf], [inf], [inf], [inf], [inf], [inf], [inf], [inf], [inf], [inf], [inf], [inf], [inf], [inf], [inf], [inf], [inf], [inf], [inf], [inf], [inf], [inf], [inf], [inf], [inf], [inf], [inf], [inf], [inf], [inf], [inf], [inf], [inf], [inf], [inf], [inf], [inf], [inf], [inf], [inf], [inf], [inf], [inf], [inf], [inf], [inf], [inf], [inf], [inf], [inf], [inf], [inf], [inf], [inf], [inf], [inf], [inf], [inf], [inf], [inf], [inf], [inf]],0,0.14994096755981445,107.12123513221741,2629
245,onnx/CIFAR100_resnet_large.onnx,vnnlib/resnet_large__label_83__idx_7948_fix_mask_seg0_k1024_eps_0.0039.vnnlib,100,unsat True,,,,4.140961408615112,0
246,onnx/CIFAR100_resnet_large.onnx,vnnlib/resnet_large__label_83__idx_7948_fix_nonmask_seg0_k1024_eps_0.0039.vnnlib,100,unsat False,[[inf], [inf], [inf], [inf], [inf], [inf], [inf], [inf], [inf], [inf], [inf], [inf], [inf], [inf], [inf], [inf], [inf], [inf], [inf], [inf], [inf], [inf], [inf], [inf], [inf], [inf], [inf], [inf], [inf], [inf], [inf], [inf], [inf], [inf], [inf], [inf], [inf], [inf], [inf], [inf], [inf], [inf], [inf], [inf], [inf], [inf], [inf], [inf], [inf], [inf], [inf], [inf], [inf], [inf], [inf], [inf], [inf], [inf], [inf], [inf], [inf], [inf], [inf], [inf], [inf], [inf], [inf], [inf], [inf], [inf], [inf], [inf], [inf], [inf], [inf], [inf], [inf], [inf], [inf], [inf], [inf], [inf], [inf], [inf], [inf], [inf], [inf], [inf], [inf], [inf], [inf], [inf], [inf], [inf], [inf], [inf], [inf], [inf]],0,0.22712993621826172,35.38456153869629,2082
247,onnx/CIFAR100_resnet_large.onnx,vnnlib/resnet_large__label_84__idx_1886_global_k1024_eps_0.0039.vnnlib,100,unsat False,[[inf], [inf], [inf], [inf], [inf], [inf], [inf], [inf], [inf], [inf], [inf], [inf], [inf], [inf], [inf], [inf], [inf], [inf], [inf], [inf], [inf], [inf], [inf], [inf], [inf], [inf], [inf], [inf], [inf], [inf], [inf], [inf], [inf], [inf], [inf], [0.08751940727233887], [inf], [inf], [inf], [inf], [inf], [inf], [inf], [inf], [inf], [inf], [inf], [inf], [inf], [inf], [inf], [inf], [inf], [inf], [inf], [inf], [inf], [inf], [inf], [inf], [inf], [inf], [inf], [inf], [inf], [inf], [inf], [inf], [inf], [inf], [inf], [inf], [inf], [inf], [inf], [inf], [inf], [inf], [inf], [inf], [inf], [inf], [inf], [inf], [inf], [inf], [0.09521842002868652], [inf], [inf], [inf], [inf], [inf], [inf], [inf], [inf], [inf], [inf]],0,0.2386765480041504,37.763975381851196,4014
248,onnx/CIFAR100_resnet_large.onnx,vnnlib/resnet_large__label_84__idx_1886_fix_mask_seg0_k1024_eps_0.0039.vnnlib,100,unsat True,,,,2.862579584121704,0
249,onnx/CIFAR100_resnet_large.onnx,vnnlib/resnet_large__label_84__idx_1886_fix_nonmask_seg0_k1024_eps_0.0039.vnnlib,100,unsat False,[[inf], [inf], [inf], [inf], [inf], [inf], [inf], [inf], [inf], [inf], [inf], [inf], [inf], [inf], [inf], [inf], [inf], [inf], [inf], [inf], [inf], [inf], [inf], [inf], [inf], [inf], [inf], [inf], [inf], [inf], [inf], [inf], [inf], [inf], [inf], [0.08846020698547363], [inf], [inf], [inf], [inf], [inf], [inf], [inf], [inf], [inf], [inf], [inf], [inf], [inf], [inf], [inf], [inf], [inf], [inf], [inf], [inf], [inf], [inf], [inf], [inf], [inf], [inf], [inf], [inf], [inf], [inf], [inf], [inf], [inf], [inf], [inf], [inf], [inf], [inf], [inf], [inf], [inf], [inf], [inf], [inf], [inf], [inf], [inf], [inf], [inf], [inf], [0.09618139266967773], [inf], [inf], [inf], [inf], [inf], [inf], [inf], [inf], [inf], [inf]],0,0.14943742752075195,35.222418785095215,4013
250,onnx/CIFAR100_resnet_large.onnx,vnnlib/resnet_large__label_85__idx_1650_global_k1024_eps_0.0039.vnnlib,100,unsat False,[[inf], [inf], [inf], [inf], [inf], [inf], [inf], [inf], [inf], [inf], [inf], [inf], [inf], [inf], [inf], [inf], [inf], [inf], [inf], [inf], [inf], [inf], [inf], [inf], [inf], [inf], [inf], [inf], [inf], [inf], [inf], [inf], [inf], [inf], [inf], [inf], [inf], [inf], [inf], [inf], [inf], [inf], [inf], [inf], [inf], [inf], [inf], [inf], [inf], [inf], [inf], [inf], [inf], [inf], [inf], [inf], [inf], [inf], [inf], [inf], [inf], [inf], [inf], [inf], [inf], [inf], [inf], [inf], [inf], [inf], [inf], [inf], [inf], [inf], [inf], [inf], [inf], [inf], [inf], [inf], [inf], [inf], [inf], [inf], [inf], [inf], [inf], [inf], [inf], [inf], [inf], [inf], [inf], [inf], [inf], [inf], [inf], [inf]],0,0.15361499786376953,32.43008470535278,2342
251,onnx/CIFAR100_resnet_large.onnx,vnnlib/resnet_large__label_85__idx_1650_fix_mask_seg0_k1024_eps_0.0039.vnnlib,100,unsat True,,,,2.562600612640381,0
252,onnx/CIFAR100_resnet_large.onnx,vnnlib/resnet_large__label_85__idx_1650_fix_nonmask_seg0_k1024_eps_0.0039.vnnlib,100,unsat False,[[inf], [inf], [inf], [inf], [inf], [inf], [inf], [inf], [inf], [inf], [inf], [inf], [inf], [inf], [inf], [inf], [inf], [inf], [inf], [inf], [inf], [inf], [inf], [inf], [inf], [inf], [inf], [inf], [inf], [inf], [inf], [inf], [inf], [inf], [inf], [inf], [inf], [inf], [inf], [inf], [inf], [inf], [inf], [inf], [inf], [inf], [inf], [inf], [inf], [inf], [inf], [inf], [inf], [inf], [inf], [inf], [inf], [inf], [inf], [inf], [inf], [inf], [inf], [inf], [inf], [inf], [inf], [inf], [inf], [inf], [inf], [inf], [inf], [inf], [inf], [inf], [inf], [inf], [inf], [inf], [inf], [inf], [inf], [inf], [inf], [inf], [inf], [inf], [inf], [inf], [inf], [inf], [inf], [inf], [inf], [inf], [inf], [inf]],0,0.18930625915527344,31.8712956905365,2313
253,onnx/CIFAR100_resnet_large.onnx,vnnlib/resnet_large__label_85__idx_4482_global_k1024_eps_0.0039.vnnlib,100,sat True,,,,4.69274377822876,0
254,onnx/CIFAR100_resnet_large.onnx,vnnlib/resnet_large__label_85__idx_4482_fix_mask_seg0_k1024_eps_0.0039.vnnlib,100,unsat True,,,,3.612586498260498,0
255,onnx/CIFAR100_resnet_large.onnx,vnnlib/resnet_large__label_85__idx_4482_fix_nonmask_seg0_k1024_eps_0.0039.vnnlib,100,sat True,,,,4.122901678085327,0
256,onnx/CIFAR100_resnet_large.onnx,vnnlib/resnet_large__label_86__idx_5679_global_k1024_eps_0.0039.vnnlib,100,sat True,,,,5.175484895706177,0
257,onnx/CIFAR100_resnet_large.onnx,vnnlib/resnet_large__label_86__idx_5679_fix_mask_seg0_k1024_eps_0.0039.vnnlib,100,unsat True,,,,3.1630361080169678,0
258,onnx/CIFAR100_resnet_large.onnx,vnnlib/resnet_large__label_86__idx_5679_fix_nonmask_seg0_k1024_eps_0.0039.vnnlib,100,sat True,,,,4.355697870254517,0
259,onnx/CIFAR100_resnet_large.onnx,vnnlib/resnet_large__label_86__idx_6459_global_k1024_eps_0.0039.vnnlib,100,unsat False,[[inf], [inf], [inf], [inf], [inf], [inf], [inf], [inf], [inf], [inf], [inf], [inf], [inf], [inf], [inf], [inf], [inf], [inf], [inf], [inf], [inf], [inf], [inf], [inf], [inf], [inf], [inf], [inf], [inf], [inf], [inf], [inf], [inf], [inf], [inf], [inf], [inf], [inf], [inf], [inf], [inf], [inf], [inf], [inf], [inf], [inf], [inf], [inf], [inf], [inf], [inf], [inf], [inf], [inf], [inf], [inf], [inf], [inf], [inf], [inf], [inf], [inf], [inf], [inf], [inf], [inf], [inf], [inf], [inf], [inf], [inf], [inf], [inf], [inf], [inf], [inf], [inf], [inf], [inf], [inf], [inf], [inf], [inf], [inf], [inf], [inf], [inf], [inf], [inf], [inf], [inf], [inf], [inf], [inf], [inf], [inf], [inf], [inf]],0,0.15480899810791016,31.98497986793518,2160
260,onnx/CIFAR100_resnet_large.onnx,vnnlib/resnet_large__label_86__idx_6459_fix_mask_seg0_k1024_eps_0.0039.vnnlib,100,unsat True,,,,3.963435649871826,0
261,onnx/CIFAR100_resnet_large.onnx,vnnlib/resnet_large__label_86__idx_6459_fix_nonmask_seg0_k1024_eps_0.0039.vnnlib,100,unsat False,[[inf], [inf], [inf], [inf], [inf], [inf], [inf], [inf], [inf], [inf], [inf], [inf], [inf], [inf], [inf], [inf], [inf], [inf], [inf], [inf], [inf], [inf], [inf], [inf], [inf], [inf], [inf], [inf], [inf], [inf], [inf], [inf], [inf], [inf], [inf], [inf], [inf], [inf], [inf], [inf], [inf], [inf], [inf], [inf], [inf], [inf], [inf], [inf], [inf], [inf], [inf], [inf], [inf], [inf], [inf], [inf], [inf], [inf], [inf], [inf], [inf], [inf], [inf], [inf], [inf], [inf], [inf], [inf], [inf], [inf], [inf], [inf], [inf], [inf], [inf], [inf], [inf], [inf], [inf], [inf], [inf], [inf], [inf], [inf], [inf], [inf], [inf], [inf], [inf], [inf], [inf], [inf], [inf], [inf], [inf], [inf], [inf], [inf]],0,0.14896273612976074,31.172963857650757,2080
262,onnx/CIFAR100_resnet_large.onnx,vnnlib/resnet_large__label_88__idx_4474_global_k1024_eps_0.0039.vnnlib,100,unsat False,[[inf], [inf], [inf], [inf], [inf], [inf], [inf], [inf], [inf], [inf], [inf], [inf], [inf], [inf], [inf], [inf], [inf], [inf], [inf], [inf], [inf], [inf], [inf], [inf], [inf], [inf], [inf], [inf], [inf], [inf], [inf], [inf], [inf], [inf], [inf], [inf], [inf], [inf], [inf], [inf], [inf], [inf], [inf], [inf], [inf], [inf], [inf], [inf], [inf], [inf], [inf], [inf], [inf], [inf], [inf], [inf], [inf], [inf], [inf], [inf], [inf], [inf], [inf], [inf], [inf], [inf], [inf], [inf], [inf], [inf], [inf], [inf], [inf], [inf], [inf], [inf], [inf], [inf], [inf], [inf], [inf], [inf], [inf], [inf], [inf], [inf], [inf], [inf], [inf], [inf], [inf], [inf], [inf], [inf], [inf], [inf], [inf], [inf]],0,0.24617695808410645,34.29750728607178,3938
263,onnx/CIFAR100_resnet_large.onnx,vnnlib/resnet_large__label_88__idx_4474_fix_mask_seg0_k1024_eps_0.0039.vnnlib,100,unsat True,,,,2.7463526725769043,0
264,onnx/CIFAR100_resnet_large.onnx,vnnlib/resnet_large__label_88__idx_4474_fix_nonmask_seg0_k1024_eps_0.0039.vnnlib,100,unsat True,,,,27.72504210472107,0
265,onnx/CIFAR100_resnet_large.onnx,vnnlib/resnet_large__label_88__idx_5910_global_k1024_eps_0.0039.vnnlib,100,unsat False,[[inf], [inf], [inf], [inf], [inf], [inf], [inf], [inf], [inf], [inf], [inf], [inf], [inf], [inf], [inf], [inf], [inf], [inf], [inf], [inf], [inf], [inf], [inf], [inf], [inf], [inf], [inf], [inf], [inf], [inf], [inf], [inf], [inf], [inf], [inf], [inf], [inf], [inf], [inf], [inf], [inf], [inf], [inf], [inf], [inf], [inf], [inf], [inf], [inf], [inf], [inf], [inf], [inf], [inf], [inf], [inf], [inf], [inf], [inf], [inf], [inf], [inf], [inf], [inf], [inf], [inf], [inf], [inf], [inf], [inf], [inf], [inf], [inf], [inf], [inf], [inf], [inf], [inf], [inf], [inf], [inf], [inf], [inf], [0.06507110595703125], [inf], [inf], [inf], [inf], [inf], [inf], [inf], [inf], [inf], [inf], [inf], [inf], [inf], [inf]],0,0.15154242515563965,32.558807373046875,3243
266,onnx/CIFAR100_resnet_large.onnx,vnnlib/resnet_large__label_88__idx_5910_fix_mask_seg0_k1024_eps_0.0039.vnnlib,100,unsat True,,,,2.8425345420837402,0
267,onnx/CIFAR100_resnet_large.onnx,vnnlib/resnet_large__label_88__idx_5910_fix_nonmask_seg0_k1024_eps_0.0039.vnnlib,100,unsat False,[[inf], [inf], [inf], [inf], [inf], [inf], [inf], [inf], [inf], [inf], [inf], [inf], [inf], [inf], [inf], [inf], [inf], [inf], [inf], [inf], [inf], [inf], [inf], [inf], [inf], [inf], [inf], [inf], [inf], [inf], [inf], [inf], [inf], [inf], [inf], [inf], [inf], [inf], [inf], [inf], [inf], [inf], [inf], [inf], [inf], [inf], [inf], [inf], [inf], [inf], [inf], [inf], [inf], [inf], [inf], [inf], [inf], [inf], [inf], [inf], [inf], [inf], [inf], [inf], [inf], [inf], [inf], [inf], [inf], [inf], [inf], [inf], [inf], [inf], [inf], [inf], [inf], [inf], [inf], [inf], [inf], [inf], [inf], [0.1091454029083252], [inf], [inf], [inf], [inf], [inf], [inf], [inf], [inf], [inf], [inf], [inf], [inf], [inf], [inf]],0,0.24361395835876465,34.90465331077576,3170
268,onnx/CIFAR100_resnet_large.onnx,vnnlib/resnet_large__label_89__idx_5310_global_k1024_eps_0.0039.vnnlib,100,unsat False,[[inf], [inf], [inf], [inf], [inf], [inf], [inf], [inf], [inf], [inf], [inf], [inf], [inf], [inf], [inf], [inf], [inf], [inf], [inf], [inf], [inf], [inf], [inf], [inf], [inf], [inf], [inf], [inf], [inf], [inf], [inf], [inf], [inf], [inf], [inf], [inf], [0.0332111120223999], [inf], [inf], [inf], [inf], [inf], [inf], [inf], [inf], [inf], [inf], [inf], [inf], [inf], [inf], [inf], [inf], [inf], [inf], [inf], [inf], [inf], [inf], [inf], [inf], [inf], [inf], [inf], [inf], [inf], [inf], [inf], [inf], [inf], [inf], [inf], [inf], [inf], [inf], [inf], [inf], [inf], [inf], [inf], [inf], [inf], [inf], [inf], [inf], [inf], [inf], [inf], [inf], [inf], [inf], [inf], [inf], [inf], [inf], [inf], [inf]],0,0.24464893341064453,35.21359729766846,2753
269,onnx/CIFAR100_resnet_large.onnx,vnnlib/resnet_large__label_89__idx_5310_fix_mask_seg0_k1024_eps_0.0039.vnnlib,100,unsat True,,,,2.8428003787994385,0
270,onnx/CIFAR100_resnet_large.onnx,vnnlib/resnet_large__label_89__idx_5310_fix_nonmask_seg0_k1024_eps_0.0039.vnnlib,100,unsat False,[[inf], [inf], [inf], [inf], [inf], [inf], [inf], [inf], [inf], [inf], [inf], [inf], [inf], [inf], [inf], [inf], [inf], [inf], [inf], [inf], [inf], [inf], [inf], [inf], [inf], [inf], [inf], [inf], [inf], [inf], [inf], [inf], [inf], [inf], [inf], [inf], [inf], [inf], [inf], [inf], [inf], [inf], [inf], [inf], [inf], [inf], [inf], [inf], [inf], [inf], [inf], [inf], [inf], [inf], [inf], [inf], [inf], [inf], [inf], [inf], [inf], [inf], [inf], [inf], [inf], [inf], [inf], [inf], [inf], [inf], [inf], [inf], [inf], [inf], [inf], [inf], [inf], [inf], [inf], [inf], [inf], [inf], [inf], [inf], [inf], [inf], [inf], [inf], [inf], [inf], [inf], [inf], [inf], [inf], [inf], [inf], [inf]],0,0.15133261680603027,32.79468274116516,2503
271,onnx/CIFAR100_resnet_large.onnx,vnnlib/resnet_large__label_89__idx_9025_global_k1024_eps_0.0039.vnnlib,100,timeout False,[[inf], [inf], [inf], [inf], [inf], [inf], [inf], [inf], [inf], [inf], [inf], [inf], [inf], [inf], [inf], [inf], [inf], [inf], [inf], [inf], [inf], [inf], [inf], [inf], [inf], [inf], [inf], [inf], [inf], [inf], [inf], [inf], [inf], [inf], [inf], [inf], [inf], [inf], [inf], [inf], [inf], [inf], [inf], [inf], [inf], [inf], [inf], [inf], [inf], [inf], [inf], [inf], [inf], [inf], [inf], [inf], [inf], [inf], [inf], [inf], [inf], [inf], [inf], [inf], [inf], [inf], [inf], [inf], [inf], [inf], [inf], [inf], [inf], [inf], [inf], [inf], [inf], [inf], [inf], [inf], [inf], [inf], [inf], [inf], [inf], [inf], [inf], [inf], [inf], [inf], [inf], [inf], [inf], [inf], [inf], [inf], [inf], [inf]],0,0.19905424118041992,105.77594232559204,3349
272,onnx/CIFAR100_resnet_large.onnx,vnnlib/resnet_large__label_89__idx_9025_fix_mask_seg0_k1024_eps_0.0039.vnnlib,100,unsat True,,,,3.908557176589966,0
273,onnx/CIFAR100_resnet_large.onnx,vnnlib/resnet_large__label_89__idx_9025_fix_nonmask_seg0_k1024_eps_0.0039.vnnlib,100,timeout False,[[inf], [inf], [inf], [inf], [inf], [inf], [inf], [inf], [inf], [inf], [inf], [inf], [inf], [inf], [inf], [inf], [inf], [inf], [inf], [inf], [inf], [inf], [inf], [inf], [inf], [inf], [inf], [inf], [inf], [inf], [inf], [inf], [inf], [inf], [inf], [inf], [inf], [inf], [inf], [inf], [inf], [inf], [inf], [inf], [inf], [inf], [inf], [inf], [inf], [inf], [inf], [inf], [inf], [inf], [inf], [inf], [inf], [inf], [inf], [inf], [inf], [inf], [inf], [inf], [inf], [inf], [inf], [inf], [inf], [inf], [inf], [inf], [inf], [inf], [inf], [inf], [inf], [inf], [inf], [inf], [inf], [inf], [inf], [inf], [inf], [inf], [inf], [inf], [inf], [inf], [inf], [inf], [inf], [inf], [inf], [inf], [inf], [inf]],0,0.15550446510314941,103.78195452690125,3109
274,onnx/CIFAR100_resnet_large.onnx,vnnlib/resnet_large__label_90__idx_4217_global_k1024_eps_0.0039.vnnlib,100,unsat False,[[inf], [inf], [inf], [inf], [inf], [inf], [inf], [inf], [inf], [inf], [inf], [inf], [inf], [inf], [inf], [inf], [inf], [inf], [0.07071495056152344], [inf], [inf], [inf], [inf], [inf], [inf], [inf], [inf], [inf], [inf], [inf], [inf], [inf], [inf], [inf], [inf], [inf], [inf], [inf], [inf], [inf], [inf], [inf], [inf], [inf], [inf], [inf], [inf], [inf], [inf], [inf], [inf], [inf], [inf], [inf], [inf], [inf], [inf], [inf], [inf], [inf], [inf], [inf], [inf], [inf], [inf], [inf], [inf], [inf], [inf], [inf], [inf], [inf], [inf], [inf], [inf], [inf], [inf], [inf], [inf], [inf], [inf], [inf], [inf], [inf], [inf], [inf], [inf], [0.14487338066101074], [inf], [inf], [inf], [inf], [inf], [inf], [inf], [inf], [inf]],0,0.23004770278930664,40.733747482299805,3434
275,onnx/CIFAR100_resnet_large.onnx,vnnlib/resnet_large__label_90__idx_4217_fix_mask_seg0_k1024_eps_0.0039.vnnlib,100,unsat True,,,,3.154513359069824,0
276,onnx/CIFAR100_resnet_large.onnx,vnnlib/resnet_large__label_90__idx_4217_fix_nonmask_seg0_k1024_eps_0.0039.vnnlib,100,unsat False,[[inf], [inf], [inf], [inf], [inf], [inf], [inf], [inf], [inf], [inf], [inf], [inf], [inf], [inf], [inf], [inf], [inf], [inf], [inf], [inf], [inf], [inf], [inf], [inf], [inf], [inf], [inf], [inf], [inf], [inf], [inf], [inf], [inf], [inf], [inf], [inf], [inf], [inf], [inf], [inf], [inf], [inf], [inf], [inf], [inf], [inf], [inf], [inf], [inf], [inf], [inf], [inf], [inf], [inf], [inf], [inf], [inf], [inf], [inf], [inf], [inf], [inf], [inf], [inf], [inf], [inf], [inf], [inf], [inf], [inf], [inf], [inf], [inf], [inf], [inf], [inf], [inf], [inf], [0.0071277618408203125], [inf], [inf], [inf], [inf], [inf], [inf], [inf], [inf], [inf], [inf], [inf], [inf], [inf], [inf], [inf], [inf], [inf], [inf], [inf]],0,0.23733186721801758,35.1301634311676,3207
277,onnx/CIFAR100_resnet_large.onnx,vnnlib/resnet_large__label_91__idx_1194_global_k1024_eps_0.0039.vnnlib,100,unsat True,,,,26.10843563079834,0
278,onnx/CIFAR100_resnet_large.onnx,vnnlib/resnet_large__label_91__idx_1194_fix_mask_seg0_k1024_eps_0.0039.vnnlib,100,unsat True,,,,3.0109832286834717,0
279,onnx/CIFAR100_resnet_large.onnx,vnnlib/resnet_large__label_91__idx_1194_fix_nonmask_seg0_k1024_eps_0.0039.vnnlib,100,unsat True,,,,25.50474786758423,0
280,onnx/CIFAR100_resnet_large.onnx,vnnlib/resnet_large__label_91__idx_200_global_k1024_eps_0.0039.vnnlib,100,sat True,,,,3.98115873336792,0
281,onnx/CIFAR100_resnet_large.onnx,vnnlib/resnet_large__label_91__idx_200_fix_mask_seg0_k1024_eps_0.0039.vnnlib,100,unsat True,,,,2.8610377311706543,0
282,onnx/CIFAR100_resnet_large.onnx,vnnlib/resnet_large__label_91__idx_200_fix_nonmask_seg0_k1024_eps_0.0039.vnnlib,100,sat True,,,,3.784759759902954,0
283,onnx/CIFAR100_resnet_large.onnx,vnnlib/resnet_large__label_93__idx_7162_global_k1024_eps_0.0039.vnnlib,100,unsat False,[[inf], [inf], [inf], [inf], [inf], [inf], [inf], [inf], [inf], [inf], [inf], [inf], [inf], [inf], [inf], [inf], [inf], [inf], [inf], [inf], [inf], [inf], [inf], [inf], [inf], [inf], [inf], [inf], [inf], [inf], [inf], [inf], [inf], [inf], [inf], [inf], [inf], [inf], [inf], [inf], [inf], [inf], [inf], [inf], [inf], [inf], [inf], [inf], [inf], [inf], [inf], [inf], [inf], [inf], [inf], [inf], [inf], [inf], [inf], [inf], [inf], [inf], [inf], [inf], [inf], [inf], [inf], [inf], [inf], [inf], [inf], [inf], [inf], [inf], [inf], [inf], [inf], [inf], [inf], [inf], [inf], [inf], [inf], [inf], [inf], [inf], [inf], [inf], [inf], [inf], [inf], [inf], [inf], [inf], [inf], [inf], [inf], [inf]],0,0.1536083221435547,32.005945920944214,3492
284,onnx/CIFAR100_resnet_large.onnx,vnnlib/resnet_large__label_93__idx_7162_fix_mask_seg0_k1024_eps_0.0039.vnnlib,100,unsat True,,,,2.967369794845581,0
285,onnx/CIFAR100_resnet_large.onnx,vnnlib/resnet_large__label_93__idx_7162_fix_nonmask_seg0_k1024_eps_0.0039.vnnlib,100,unsat False,[[inf], [inf], [inf], [inf], [inf], [inf], [inf], [inf], [inf], [inf], [inf], [inf], [inf], [inf], [inf], [inf], [inf], [inf], [inf], [inf], [inf], [inf], [inf], [inf], [inf], [inf], [inf], [inf], [inf], [inf], [inf], [inf], [inf], [inf], [inf], [inf], [inf], [inf], [inf], [inf], [inf], [inf], [inf], [inf], [inf], [inf], [inf], [inf], [inf], [inf], [inf], [inf], [inf], [inf], [inf], [inf], [inf], [inf], [inf], [inf], [inf], [inf], [inf], [inf], [inf], [inf], [inf], [inf], [inf], [inf], [inf], [inf], [inf], [inf], [inf], [inf], [inf], [inf], [inf], [inf], [inf], [inf], [inf], [inf], [inf], [inf], [inf], [inf], [inf], [inf], [inf], [inf], [inf], [inf], [inf], [inf], [inf], [inf]],0,0.15115046501159668,35.14341068267822,3024
286,onnx/CIFAR100_resnet_large.onnx,vnnlib/resnet_large__label_93__idx_8828_global_k1024_eps_0.0039.vnnlib,100,unsat False,[[inf], [inf], [inf], [inf], [inf], [inf], [inf], [inf], [inf], [inf], [inf], [inf], [inf], [inf], [inf], [inf], [inf], [inf], [inf], [inf], [inf], [inf], [inf], [inf], [inf], [inf], [inf], [inf], [inf], [inf], [inf], [inf], [inf], [inf], [inf], [inf], [inf], [inf], [inf], [inf], [inf], [inf], [inf], [inf], [inf], [inf], [inf], [inf], [inf], [inf], [inf], [inf], [inf], [inf], [inf], [inf], [inf], [inf], [inf], [inf], [inf], [inf], [inf], [inf], [inf], [inf], [inf], [inf], [inf], [inf], [inf], [inf], [inf], [inf], [inf], [inf], [inf], [inf], [inf], [inf], [inf], [inf], [inf], [inf], [inf], [inf], [inf], [inf], [inf], [inf], [inf], [inf], [inf], [inf], [inf], [inf], [inf], [inf]],0,0.1517934799194336,32.86754631996155,2379
287,onnx/CIFAR100_resnet_large.onnx,vnnlib/resnet_large__label_93__idx_8828_fix_mask_seg0_k1024_eps_0.0039.vnnlib,100,unsat True,,,,2.7293426990509033,0
288,onnx/CIFAR100_resnet_large.onnx,vnnlib/resnet_large__label_93__idx_8828_fix_nonmask_seg0_k1024_eps_0.0039.vnnlib,100,unsat False,[[inf], [inf], [inf], [inf], [inf], [inf], [inf], [inf], [inf], [inf], [inf], [inf], [inf], [inf], [inf], [inf], [inf], [inf], [inf], [inf], [inf], [inf], [inf], [inf], [inf], [inf], [inf], [inf], [inf], [inf], [inf], [inf], [inf], [inf], [inf], [inf], [inf], [inf], [inf], [inf], [inf], [inf], [inf], [inf], [inf], [inf], [inf], [inf], [inf], [inf], [inf], [inf], [inf], [inf], [inf], [inf], [inf], [inf], [inf], [inf], [inf], [inf], [inf], [inf], [inf], [inf], [inf], [inf], [inf], [inf], [inf], [inf], [inf], [inf], [inf], [inf], [inf], [inf], [inf], [inf], [inf], [inf], [inf], [inf], [inf], [inf], [inf], [inf], [inf], [inf], [inf], [inf], [inf], [inf], [inf], [inf], [inf], [inf]],0,0.1511085033416748,33.06998157501221,2296
289,onnx/CIFAR100_resnet_large.onnx,vnnlib/resnet_large__label_94__idx_3842_global_k1024_eps_0.0039.vnnlib,100,timeout False,[[inf], [inf], [inf], [inf], [0.3421792984008789], [inf], [inf], [inf], [inf], [inf], [inf], [inf], [inf], [inf], [inf], [inf], [inf], [inf], [inf], [inf], [inf], [inf], [inf], [inf], [inf], [inf], [inf], [inf], [inf], [inf], [inf], [inf], [inf], [inf], [inf], [0.35243988037109375], [inf], [inf], [inf], [inf], [inf], [inf], [inf], [inf], [inf], [inf], [inf], [inf], [inf], [inf], [inf], [inf], [inf], [inf], [inf], [inf], [inf], [inf], [inf], [inf], [inf], [inf], [0.43656253814697266], [inf], [inf], [inf], [inf], [inf], [inf], [inf], [inf], [inf], [inf], [inf], [inf], [inf], [inf], [inf], [inf], [inf], [inf], [inf], [inf], [inf], [inf], [inf], [inf], [inf], [inf], [inf], [inf], [inf], [inf], [inf], [0.18879783153533936], [inf], [inf], [inf]],0,0.15273714065551758,102.31717467308044,4211
290,onnx/CIFAR100_resnet_large.onnx,vnnlib/resnet_large__label_94__idx_3842_fix_mask_seg0_k1024_eps_0.0039.vnnlib,100,unsat True,,,,3.187656879425049,0
291,onnx/CIFAR100_resnet_large.onnx,vnnlib/resnet_large__label_94__idx_3842_fix_nonmask_seg0_k1024_eps_0.0039.vnnlib,100,timeout False,[[inf], [inf], [inf], [inf], [0.4948396682739258], [inf], [inf], [inf], [inf], [inf], [inf], [inf], [inf], [inf], [inf], [inf], [inf], [inf], [inf], [inf], [inf], [inf], [inf], [inf], [inf], [inf], [inf], [inf], [inf], [inf], [inf], [inf], [inf], [inf], [inf], [inf], [inf], [inf], [inf], [inf], [inf], [inf], [inf], [inf], [inf], [inf], [inf], [inf], [inf], [inf], [inf], [inf], [inf], [inf], [inf], [inf], [inf], [inf], [inf], [inf], [inf], [inf], [inf], [inf], [inf], [inf], [inf], [inf], [inf], [inf], [inf], [inf], [inf], [inf], [inf], [inf], [inf], [inf], [inf], [inf], [inf], [inf], [inf], [inf], [inf], [inf], [inf], [inf], [inf], [inf], [inf], [inf], [inf], [inf], [0.34886956214904785], [inf], [inf], [inf]],0,0.15191006660461426,105.1748685836792,4025
292,onnx/CIFAR100_resnet_large.onnx,vnnlib/resnet_large__label_94__idx_7371_global_k1024_eps_0.0039.vnnlib,100,unsat True,,,,2.997774839401245,0
293,onnx/CIFAR100_resnet_large.onnx,vnnlib/resnet_large__label_94__idx_7371_fix_mask_seg0_k1024_eps_0.0039.vnnlib,100,unsat True,,,,3.0222084522247314,0
294,onnx/CIFAR100_resnet_large.onnx,vnnlib/resnet_large__label_94__idx_7371_fix_nonmask_seg0_k1024_eps_0.0039.vnnlib,100,unsat True,,,,2.7508039474487305,0
295,onnx/CIFAR100_resnet_large.onnx,vnnlib/resnet_large__label_94__idx_9000_global_k1024_eps_0.0039.vnnlib,100,timeout False,[[inf], [inf], [inf], [inf], [inf], [inf], [inf], [inf], [inf], [inf], [inf], [inf], [inf], [inf], [inf], [inf], [inf], [inf], [inf], [inf], [inf], [inf], [inf], [inf], [inf], [inf], [inf], [inf], [inf], [inf], [inf], [inf], [inf], [inf], [inf], [inf], [inf], [inf], [inf], [inf], [inf], [inf], [inf], [inf], [inf], [inf], [inf], [inf], [inf], [inf], [inf], [inf], [inf], [inf], [inf], [inf], [inf], [inf], [inf], [inf], [inf], [inf], [inf], [inf], [inf], [inf], [inf], [inf], [inf], [inf], [inf], [inf], [inf], [inf], [inf], [inf], [inf], [inf], [inf], [inf], [inf], [inf], [inf], [inf], [inf], [inf], [inf], [inf], [inf], [inf], [inf], [inf], [inf], [inf], [inf]],0,0.14778637886047363,107.86638069152832,3169
296,onnx/CIFAR100_resnet_large.onnx,vnnlib/resnet_large__label_94__idx_9000_fix_mask_seg0_k1024_eps_0.0039.vnnlib,100,unsat True,,,,4.317021369934082,0
297,onnx/CIFAR100_resnet_large.onnx,vnnlib/resnet_large__label_94__idx_9000_fix_nonmask_seg0_k1024_eps_0.0039.vnnlib,100,timeout False,[[inf], [inf], [inf], [inf], [inf], [inf], [inf], [inf], [inf], [inf], [inf], [inf], [inf], [inf], [inf], [inf], [inf], [inf], [inf], [inf], [inf], [inf], [inf], [inf], [inf], [inf], [inf], [inf], [inf], [inf], [inf], [inf], [inf], [inf], [inf], [inf], [0.0024976134300231934], [inf], [inf], [inf], [inf], [inf], [inf], [inf], [inf], [inf], [inf], [inf], [inf], [inf], [inf], [inf], [inf], [inf], [inf], [inf], [inf], [inf], [inf], [inf], [inf], [inf], [inf], [inf], [inf], [inf], [inf], [inf], [inf], [inf], [inf], [inf], [inf], [inf], [inf], [inf], [inf], [inf], [inf], [inf], [inf], [inf], [inf], [inf], [inf], [inf], [inf], [inf], [inf], [inf], [inf], [inf], [inf], [inf], [inf], [inf]],0,0.16086506843566895,107.29960751533508,3141
298,onnx/CIFAR100_resnet_large.onnx,vnnlib/resnet_large__label_95__idx_1371_global_k1024_eps_0.0039.vnnlib,100,timeout False,[[inf], [inf], [inf], [inf], [inf], [inf], [inf], [inf], [inf], [inf], [inf], [inf], [inf], [inf], [inf], [inf], [inf], [inf], [inf], [inf], [inf], [inf], [inf], [inf], [inf], [inf], [inf], [inf], [inf], [inf], [inf], [inf], [inf], [inf], [inf], [inf], [inf], [inf], [inf], [inf], [inf], [inf], [inf], [inf], [inf], [inf], [inf], [inf], [inf], [inf], [inf], [inf], [inf], [inf], [inf], [inf], [inf], [inf], [inf], [inf], [inf], [inf], [inf], [inf], [inf], [inf], [inf], [inf], [inf], [inf], [inf], [inf], [inf], [inf], [inf], [inf], [inf], [inf], [inf], [inf], [inf], [inf], [inf], [inf], [inf], [inf], [inf], [inf], [inf], [inf], [inf], [inf], [inf], [inf], [inf], [inf], [inf]],0,0.14930272102355957,102.6887583732605,1734
299,onnx/CIFAR100_resnet_large.onnx,vnnlib/resnet_large__label_95__idx_1371_fix_mask_seg0_k1024_eps_0.0039.vnnlib,100,unsat True,,,,3.0073094367980957,0
300,onnx/CIFAR100_resnet_large.onnx,vnnlib/resnet_large__label_95__idx_1371_fix_nonmask_seg0_k1024_eps_0.0039.vnnlib,100,timeout False,[[inf], [inf], [inf], [inf], [inf], [inf], [inf], [inf], [inf], [inf], [inf], [inf], [inf], [inf], [inf], [inf], [inf], [inf], [inf], [inf], [inf], [inf], [inf], [inf], [inf], [inf], [inf], [inf], [inf], [inf], [inf], [inf], [inf], [inf], [inf], [inf], [inf], [inf], [inf], [inf], [inf], [inf], [inf], [inf], [inf], [inf], [inf], [inf], [inf], [inf], [inf], [inf], [inf], [inf], [inf], [inf], [inf], [inf], [inf], [inf], [inf], [inf], [inf], [inf], [inf], [inf], [inf], [inf], [inf], [inf], [inf], [inf], [inf], [inf], [inf], [inf], [inf], [inf], [inf], [inf], [inf], [inf], [inf], [inf], [inf], [inf], [inf], [inf], [inf], [inf], [inf], [inf], [inf], [inf], [inf], [inf], [inf]],0,0.23485422134399414,102.37887406349182,1676
301,onnx/CIFAR100_resnet_medium.onnx,vnnlib/resnet_medium__label_0__idx_2404_global_k1024_eps_0.0039.vnnlib,100,unsat True,,,,15.428400993347168,0
302,onnx/CIFAR100_resnet_medium.onnx,vnnlib/resnet_medium__label_0__idx_2404_fix_mask_seg0_k1024_eps_0.0039.vnnlib,100,unsat True,,,,3.3411378860473633,0
303,onnx/CIFAR100_resnet_medium.onnx,vnnlib/resnet_medium__label_0__idx_2404_fix_nonmask_seg0_k1024_eps_0.0039.vnnlib,100,unsat True,,,,11.452562808990479,0
304,onnx/CIFAR100_resnet_medium.onnx,vnnlib/resnet_medium__label_0__idx_5369_global_k1024_eps_0.0039.vnnlib,100,timeout False,[[inf], [inf], [inf], [inf], [inf], [inf], [inf], [inf], [inf], [inf], [inf], [inf], [inf], [inf], [inf], [inf], [inf], [inf], [inf], [inf], [inf], [inf], [inf], [inf], [inf], [inf], [inf], [inf], [inf], [inf], [inf], [inf], [inf], [inf], [inf], [inf], [inf], [inf], [inf], [inf], [inf], [inf], [inf], [inf], [inf], [inf], [inf], [inf], [inf], [inf], [inf], [inf], [inf], [inf], [inf], [inf], [inf], [inf], [inf], [inf], [inf], [inf], [inf], [inf], [inf], [inf], [inf], [inf], [inf], [inf], [inf], [inf], [inf], [inf], [inf], [inf], [inf], [inf], [inf], [inf], [inf], [inf], [inf], [inf], [inf], [inf], [inf], [inf], [inf], [inf], [inf], [inf], [inf], [inf], [inf], [inf], [inf], [inf]],0,0.15261268615722656,106.18653392791748,1127
305,onnx/CIFAR100_resnet_medium.onnx,vnnlib/resnet_medium__label_0__idx_5369_fix_mask_seg0_k1024_eps_0.0039.vnnlib,100,unsat True,,,,3.2463455200195312,0
306,onnx/CIFAR100_resnet_medium.onnx,vnnlib/resnet_medium__label_0__idx_5369_fix_nonmask_seg0_k1024_eps_0.0039.vnnlib,100,timeout False,[[inf], [inf], [inf], [inf], [inf], [inf], [inf], [inf], [inf], [inf], [inf], [inf], [inf], [inf], [inf], [inf], [inf], [inf], [inf], [inf], [inf], [inf], [inf], [inf], [inf], [inf], [inf], [inf], [inf], [inf], [inf], [inf], [inf], [inf], [inf], [inf], [inf], [inf], [inf], [inf], [inf], [inf], [inf], [inf], [inf], [inf], [inf], [inf], [inf], [inf], [inf], [inf], [inf], [inf], [inf], [inf], [inf], [inf], [inf], [inf], [inf], [inf], [inf], [inf], [inf], [inf], [inf], [inf], [inf], [inf], [inf], [inf], [inf], [inf], [inf], [inf], [inf], [inf], [inf], [inf], [inf], [inf], [inf], [inf], [inf], [inf], [inf], [inf], [inf], [inf], [inf], [inf], [inf], [inf], [inf], [inf], [inf], [inf]],0,0.2288496494293213,104.24696016311646,1127
307,onnx/CIFAR100_resnet_medium.onnx,vnnlib/resnet_medium__label_11__idx_7329_global_k1024_eps_0.0039.vnnlib,100,sat True,,,,3.5281009674072266,0
308,onnx/CIFAR100_resnet_medium.onnx,vnnlib/resnet_medium__label_11__idx_7329_fix_mask_seg0_k1024_eps_0.0039.vnnlib,100,unsat True,,,,2.959951877593994,0
309,onnx/CIFAR100_resnet_medium.onnx,vnnlib/resnet_medium__label_11__idx_7329_fix_nonmask_seg0_k1024_eps_0.0039.vnnlib,100,sat True,,,,3.0859923362731934,0
310,onnx/CIFAR100_resnet_medium.onnx,vnnlib/resnet_medium__label_12__idx_6868_global_k1024_eps_0.0039.vnnlib,100,unsat False,[[inf], [inf], [inf], [inf], [inf], [inf], [inf], [inf], [inf], [inf], [inf], [inf], [inf], [inf], [inf], [inf], [inf], [inf], [inf], [inf], [inf], [inf], [inf], [inf], [inf], [inf], [inf], [inf], [inf], [inf], [inf], [inf], [inf], [inf], [inf], [inf], [inf], [inf], [inf], [inf], [inf], [inf], [inf], [inf], [inf], [inf], [inf], [inf], [inf], [inf], [inf], [inf], [inf], [inf], [inf], [inf], [inf], [inf], [inf], [inf], [inf], [inf], [inf], [inf], [inf], [inf], [inf], [inf], [inf], [inf], [inf], [inf], [inf], [inf], [inf], [inf], [inf], [inf], [inf], [inf], [inf], [inf], [inf], [inf], [inf], [inf], [inf], [inf], [inf], [inf], [inf], [inf], [inf], [inf], [inf], [inf], [inf], [inf]],0,0.22255492210388184,17.409677028656006,1000
311,onnx/CIFAR100_resnet_medium.onnx,vnnlib/resnet_medium__label_12__idx_6868_fix_mask_seg0_k1024_eps_0.0039.vnnlib,100,unsat True,,,,2.1960806846618652,0
312,onnx/CIFAR100_resnet_medium.onnx,vnnlib/resnet_medium__label_12__idx_6868_fix_nonmask_seg0_k1024_eps_0.0039.vnnlib,100,unsat False,[[inf], [inf], [inf], [inf], [inf], [inf], [inf], [inf], [inf], [inf], [inf], [inf], [inf], [inf], [inf], [inf], [inf], [inf], [inf], [inf], [inf], [inf], [inf], [inf], [inf], [inf], [inf], [inf], [inf], [inf], [inf], [inf], [inf], [inf], [inf], [inf], [inf], [inf], [inf], [inf], [inf], [inf], [inf], [inf], [inf], [inf], [inf], [inf], [inf], [inf], [inf], [inf], [inf], [inf], [inf], [inf], [inf], [inf], [inf], [inf], [inf], [inf], [inf], [inf], [inf], [inf], [inf], [inf], [inf], [inf], [inf], [inf], [inf], [inf], [inf], [inf], [inf], [inf], [inf], [inf], [inf], [inf], [inf], [inf], [inf], [inf], [inf], [inf], [inf], [inf], [inf], [inf], [inf], [inf], [inf], [inf], [inf], [inf]],0,0.2218179702758789,18.008445739746094,1000
313,onnx/CIFAR100_resnet_medium.onnx,vnnlib/resnet_medium__label_14__idx_1406_global_k1024_eps_0.0039.vnnlib,100,unsat False,[[inf], [inf], [inf], [inf], [inf], [inf], [inf], [inf], [inf], [inf], [inf], [inf], [inf], [inf], [inf], [inf], [inf], [inf], [inf], [inf], [inf], [inf], [inf], [inf], [inf], [inf], [inf], [inf], [inf], [inf], [inf], [inf], [inf], [inf], [inf], [inf], [inf], [inf], [inf], [inf], [inf], [inf], [inf], [inf], [inf], [inf], [inf], [inf], [inf], [inf], [inf], [inf], [inf], [inf], [inf], [inf], [inf], [inf], [inf], [inf], [inf], [inf], [inf], [inf], [inf], [inf], [inf], [inf], [inf], [inf], [inf], [inf], [inf], [inf], [inf], [inf], [inf], [inf], [inf], [inf], [inf], [inf], [inf], [inf], [inf], [inf], [inf], [inf], [inf], [inf], [inf], [inf], [inf], [inf], [inf], [inf], [inf], [inf]],0,0.15435194969177246,17.366122007369995,705
314,onnx/CIFAR100_resnet_medium.onnx,vnnlib/resnet_medium__label_14__idx_1406_fix_mask_seg0_k1024_eps_0.0039.vnnlib,100,unsat True,,,,2.279223918914795,0
315,onnx/CIFAR100_resnet_medium.onnx,vnnlib/resnet_medium__label_14__idx_1406_fix_nonmask_seg0_k1024_eps_0.0039.vnnlib,100,unsat False,[[inf], [inf], [inf], [inf], [inf], [inf], [inf], [inf], [inf], [inf], [inf], [inf], [inf], [inf], [inf], [inf], [inf], [inf], [inf], [inf], [inf], [inf], [inf], [inf], [inf], [inf], [inf], [inf], [inf], [inf], [inf], [inf], [inf], [inf], [inf], [inf], [inf], [inf], [inf], [inf], [inf], [inf], [inf], [inf], [inf], [inf], [inf], [inf], [inf], [inf], [inf], [inf], [inf], [inf], [inf], [inf], [inf], [inf], [inf], [inf], [inf], [inf], [inf], [inf], [inf], [inf], [inf], [inf], [inf], [inf], [inf], [inf], [inf], [inf], [inf], [inf], [inf], [inf], [inf], [inf], [inf], [inf], [inf], [inf], [inf], [inf], [inf], [inf], [inf], [inf], [inf], [inf], [inf], [inf], [inf], [inf], [inf], [inf]],0,0.14874267578125,16.597007513046265,705
316,onnx/CIFAR100_resnet_medium.onnx,vnnlib/resnet_medium__label_15__idx_4836_global_k1024_eps_0.0039.vnnlib,100,sat True,,,,4.430393218994141,0
317,onnx/CIFAR100_resnet_medium.onnx,vnnlib/resnet_medium__label_15__idx_4836_fix_mask_seg0_k1024_eps_0.0039.vnnlib,100,unsat True,,,,2.9358551502227783,0
318,onnx/CIFAR100_resnet_medium.onnx,vnnlib/resnet_medium__label_15__idx_4836_fix_nonmask_seg0_k1024_eps_0.0039.vnnlib,100,sat True,,,,4.164200782775879,0
319,onnx/CIFAR100_resnet_medium.onnx,vnnlib/resnet_medium__label_15__idx_6893_global_k1024_eps_0.0039.vnnlib,100,timeout False,[[inf], [inf], [inf], [inf], [inf], [inf], [inf], [inf], [inf], [inf], [inf], [inf], [inf], [inf], [inf], [inf], [inf], [inf], [inf], [inf], [inf], [inf], [inf], [inf], [inf], [inf], [inf], [inf], [inf], [inf], [inf], [inf], [inf], [inf], [inf], [inf], [inf], [inf], [inf], [inf], [inf], [inf], [inf], [inf], [inf], [inf], [inf], [inf], [inf], [inf], [inf], [inf], [inf], [inf], [inf], [inf], [inf], [inf], [inf], [inf], [inf], [inf], [inf], [inf], [inf], [inf], [inf], [inf], [inf], [inf], [inf], [inf], [inf], [inf], [inf], [inf], [inf], [inf], [inf], [inf], [inf], [inf], [inf], [inf], [inf], [inf], [inf], [inf], [inf], [inf], [inf], [inf], [inf], [inf], [inf], [inf], [inf], [inf]],0,0.23967361450195312,104.9869225025177,933
320,onnx/CIFAR100_resnet_medium.onnx,vnnlib/resnet_medium__label_15__idx_6893_fix_mask_seg0_k1024_eps_0.0039.vnnlib,100,unsat True,,,,2.4981441497802734,0
321,onnx/CIFAR100_resnet_medium.onnx,vnnlib/resnet_medium__label_15__idx_6893_fix_nonmask_seg0_k1024_eps_0.0039.vnnlib,100,timeout False,[[inf], [inf], [inf], [inf], [inf], [inf], [inf], [inf], [inf], [inf], [inf], [inf], [inf], [inf], [inf], [inf], [inf], [inf], [inf], [inf], [inf], [inf], [inf], [inf], [inf], [inf], [inf], [inf], [inf], [inf], [inf], [inf], [inf], [inf], [inf], [inf], [inf], [inf], [inf], [inf], [inf], [inf], [inf], [inf], [inf], [inf], [inf], [inf], [inf], [inf], [inf], [inf], [inf], [inf], [inf], [inf], [inf], [inf], [inf], [inf], [inf], [inf], [inf], [inf], [inf], [inf], [inf], [inf], [inf], [inf], [inf], [inf], [inf], [inf], [inf], [inf], [inf], [inf], [inf], [inf], [inf], [inf], [inf], [inf], [inf], [inf], [inf], [inf], [inf], [inf], [inf], [inf], [inf], [inf], [inf], [inf], [inf], [inf]],0,0.15086698532104492,108.58654141426086,836
322,onnx/CIFAR100_resnet_medium.onnx,vnnlib/resnet_medium__label_16__idx_9074_global_k1024_eps_0.0039.vnnlib,100,unsat False,[[inf], [inf], [inf], [inf], [inf], [inf], [inf], [inf], [inf], [inf], [inf], [inf], [inf], [inf], [inf], [inf], [inf], [inf], [inf], [inf], [inf], [inf], [inf], [inf], [inf], [inf], [inf], [inf], [inf], [inf], [inf], [inf], [inf], [inf], [inf], [inf], [inf], [inf], [inf], [inf], [inf], [inf], [inf], [inf], [inf], [inf], [inf], [inf], [inf], [inf], [inf], [inf], [inf], [inf], [inf], [inf], [inf], [inf], [inf], [inf], [inf], [inf], [inf], [inf], [inf], [inf], [inf], [inf], [inf], [inf], [inf], [inf], [inf], [inf], [inf], [inf], [inf], [inf], [inf], [inf], [inf], [inf], [inf], [inf], [inf], [inf], [inf], [inf], [inf], [inf], [inf], [inf], [inf], [inf]],0,0.15441131591796875,22.537373542785645,1159
323,onnx/CIFAR100_resnet_medium.onnx,vnnlib/resnet_medium__label_16__idx_9074_fix_mask_seg0_k1024_eps_0.0039.vnnlib,100,unsat True,,,,3.272033214569092,0
324,onnx/CIFAR100_resnet_medium.onnx,vnnlib/resnet_medium__label_16__idx_9074_fix_nonmask_seg0_k1024_eps_0.0039.vnnlib,100,unsat False,[[inf], [inf], [inf], [inf], [inf], [inf], [inf], [inf], [inf], [inf], [inf], [inf], [inf], [inf], [inf], [inf], [inf], [inf], [inf], [inf], [inf], [inf], [inf], [inf], [inf], [inf], [inf], [inf], [inf], [inf], [inf], [inf], [inf], [inf], [inf], [inf], [inf], [inf], [inf], [inf], [inf], [inf], [inf], [inf], [inf], [inf], [inf], [inf], [inf], [inf], [inf], [inf], [inf], [inf], [inf], [inf], [inf], [inf], [inf], [inf], [inf], [inf], [inf], [inf], [inf], [inf], [inf], [inf], [inf], [inf], [inf], [inf], [inf], [inf], [inf], [inf], [inf], [inf], [inf], [inf], [inf], [inf], [inf], [inf], [inf], [inf], [inf], [inf], [inf], [inf], [inf], [inf], [inf], [inf]],0,0.1965620517730713,22.676676034927368,1153
325,onnx/CIFAR100_resnet_medium.onnx,vnnlib/resnet_medium__label_17__idx_388_global_k1024_eps_0.0039.vnnlib,100,unsat False,[[inf], [inf], [inf], [inf], [inf], [inf], [inf], [inf], [inf], [inf], [inf], [inf], [inf], [inf], [inf], [inf], [inf], [inf], [inf], [inf], [inf], [inf], [inf], [inf], [inf], [inf], [inf], [inf], [inf], [inf], [inf], [inf], [inf], [inf], [inf], [inf], [inf], [inf], [inf], [inf], [inf], [inf], [inf], [inf], [inf], [inf], [inf], [inf], [inf], [inf], [inf], [inf], [inf], [inf], [inf], [inf], [inf], [inf], [inf], [inf], [inf], [inf], [inf], [inf], [inf], [inf], [inf], [inf], [inf], [inf], [inf], [inf], [inf], [inf], [inf], [inf], [inf], [inf], [inf], [inf], [inf], [inf], [inf], [inf], [inf], [inf], [inf], [inf], [inf], [inf], [inf], [inf], [inf], [inf], [inf], [inf]],0,0.23001909255981445,34.71129083633423,1083
326,onnx/CIFAR100_resnet_medium.onnx,vnnlib/resnet_medium__label_17__idx_388_fix_mask_seg0_k1024_eps_0.0039.vnnlib,100,unsat True,,,,2.982804298400879,0
327,onnx/CIFAR100_resnet_medium.onnx,vnnlib/resnet_medium__label_17__idx_388_fix_nonmask_seg0_k1024_eps_0.0039.vnnlib,100,unsat False,[[inf], [inf], [inf], [inf], [inf], [inf], [inf], [inf], [inf], [inf], [inf], [inf], [inf], [inf], [inf], [inf], [inf], [inf], [0.020107746124267578], [inf], [inf], [inf], [inf], [inf], [inf], [inf], [inf], [inf], [inf], [inf], [inf], [inf], [inf], [inf], [inf], [inf], [inf], [inf], [inf], [inf], [inf], [inf], [inf], [inf], [inf], [inf], [inf], [inf], [inf], [inf], [inf], [inf], [inf], [inf], [inf], [inf], [inf], [inf], [inf], [inf], [inf], [inf], [inf], [inf], [inf], [inf], [inf], [inf], [inf], [inf], [inf], [inf], [inf], [inf], [inf], [inf], [inf], [inf], [inf], [inf], [inf], [inf], [inf], [inf], [inf], [inf], [inf], [inf], [inf], [inf], [inf], [inf], [inf], [inf], [inf], [inf], [inf]],0,0.14969325065612793,27.03789448738098,1048
328,onnx/CIFAR100_resnet_medium.onnx,vnnlib/resnet_medium__label_17__idx_9758_global_k1024_eps_0.0039.vnnlib,100,timeout False,[[inf], [inf], [inf], [inf], [inf], [inf], [inf], [inf], [inf], [inf], [inf], [inf], [inf], [inf], [inf], [inf], [inf], [inf], [inf], [inf], [inf], [inf], [inf], [inf], [inf], [inf], [inf], [inf], [inf], [inf], [inf], [inf], [inf], [inf], [inf], [inf], [inf], [inf], [inf], [inf], [inf], [inf], [inf], [inf], [inf], [inf], [inf], [inf], [inf], [inf], [inf], [inf], [inf], [inf], [inf], [inf], [inf], [inf], [inf], [inf], [inf], [inf], [inf], [inf], [inf], [inf], [inf], [inf], [inf], [inf], [inf], [inf], [inf], [inf], [inf], [inf], [inf], [inf], [inf], [inf], [inf], [inf], [inf], [inf], [inf], [inf], [inf], [inf], [inf], [inf], [inf], [inf], [inf], [inf], [inf], [inf], [inf], [inf]],0,0.14943981170654297,106.71663427352905,1047
329,onnx/CIFAR100_resnet_medium.onnx,vnnlib/resnet_medium__label_17__idx_9758_fix_mask_seg0_k1024_eps_0.0039.vnnlib,100,unsat True,,,,6.470615386962891,0
330,onnx/CIFAR100_resnet_medium.onnx,vnnlib/resnet_medium__label_17__idx_9758_fix_nonmask_seg0_k1024_eps_0.0039.vnnlib,100,unsat False,[[inf], [inf], [inf], [inf], [inf], [inf], [inf], [inf], [inf], [inf], [inf], [inf], [inf], [inf], [inf], [inf], [inf], [inf], [inf], [inf], [inf], [inf], [inf], [inf], [inf], [inf], [inf], [inf], [inf], [inf], [inf], [inf], [inf], [inf], [inf], [inf], [inf], [inf], [inf], [inf], [inf], [inf], [inf], [inf], [inf], [inf], [inf], [inf], [inf], [inf], [inf], [inf], [inf], [inf], [inf], [inf], [inf], [inf], [inf], [inf], [inf], [inf], [inf], [inf], [inf], [inf], [inf], [inf], [inf], [inf], [inf], [inf], [inf], [inf], [inf], [inf], [inf], [inf], [inf], [inf], [inf], [inf], [inf], [inf], [inf], [inf], [inf], [inf], [inf], [inf], [inf], [inf], [inf], [inf], [inf], [inf], [inf], [inf]],0,0.22590327262878418,29.89220428466797,999
331,onnx/CIFAR100_resnet_medium.onnx,vnnlib/resnet_medium__label_17__idx_9941_global_k1024_eps_0.0039.vnnlib,100,unsat True,,,,11.363369464874268,0
332,onnx/CIFAR100_resnet_medium.onnx,vnnlib/resnet_medium__label_17__idx_9941_fix_mask_seg0_k1024_eps_0.0039.vnnlib,100,unsat True,,,,2.249403953552246,0
333,onnx/CIFAR100_resnet_medium.onnx,vnnlib/resnet_medium__label_17__idx_9941_fix_nonmask_seg0_k1024_eps_0.0039.vnnlib,100,unsat True,,,,11.183785915374756,0
334,onnx/CIFAR100_resnet_medium.onnx,vnnlib/resnet_medium__label_18__idx_4586_global_k1024_eps_0.0039.vnnlib,100,timeout False,[[inf], [inf], [inf], [inf], [inf], [inf], [inf], [inf], [inf], [inf], [inf], [inf], [inf], [inf], [inf], [inf], [inf], [inf], [inf], [inf], [inf], [inf], [inf], [inf], [inf], [inf], [inf], [inf], [inf], [inf], [inf], [inf], [inf], [inf], [inf], [inf], [inf], [inf], [inf], [inf], [inf], [inf], [inf], [inf], [inf], [inf], [inf], [inf], [inf], [inf], [inf], [inf], [inf], [inf], [inf], [inf], [inf], [inf], [inf], [inf], [inf], [inf], [inf], [inf], [inf], [inf], [inf], [inf], [inf], [inf], [inf], [inf], [inf], [inf], [inf], [inf], [inf], [inf], [inf], [inf], [inf], [inf], [inf], [inf], [inf], [inf], [inf], [inf], [inf], [inf], [inf], [inf], [inf], [inf], [inf], [inf], [inf], [inf]],0,0.2299354076385498,104.24579334259033,1174
335,onnx/CIFAR100_resnet_medium.onnx,vnnlib/resnet_medium__label_18__idx_4586_fix_mask_seg0_k1024_eps_0.0039.vnnlib,100,unsat True,,,,2.3318028450012207,0
336,onnx/CIFAR100_resnet_medium.onnx,vnnlib/resnet_medium__label_18__idx_4586_fix_nonmask_seg0_k1024_eps_0.0039.vnnlib,100,timeout False,[[inf], [inf], [inf], [inf], [inf], [inf], [inf], [inf], [inf], [inf], [inf], [inf], [inf], [inf], [inf], [inf], [inf], [inf], [inf], [inf], [inf], [inf], [inf], [inf], [inf], [inf], [inf], [inf], [inf], [inf], [inf], [inf], [inf], [inf], [inf], [inf], [inf], [inf], [inf], [inf], [inf], [inf], [inf], [inf], [inf], [inf], [inf], [inf], [inf], [inf], [inf], [inf], [inf], [inf], [inf], [inf], [inf], [inf], [inf], [inf], [inf], [inf], [inf], [inf], [inf], [inf], [inf], [inf], [inf], [inf], [inf], [inf], [inf], [inf], [inf], [inf], [inf], [inf], [inf], [inf], [inf], [inf], [inf], [inf], [inf], [inf], [inf], [inf], [inf], [inf], [inf], [inf], [inf], [inf], [inf], [inf], [inf], [inf]],0,0.2413311004638672,105.08842301368713,1174
337,onnx/CIFAR100_resnet_medium.onnx,vnnlib/resnet_medium__label_18__idx_9124_global_k1024_eps_0.0039.vnnlib,100,timeout False,[[inf], [inf], [inf], [inf], [inf], [inf], [inf], [inf], [inf], [inf], [inf], [inf], [inf], [inf], [inf], [inf], [inf], [inf], [inf], [inf], [inf], [inf], [inf], [inf], [inf], [inf], [inf], [inf], [inf], [inf], [inf], [inf], [inf], [inf], [inf], [inf], [inf], [inf], [inf], [inf], [inf], [inf], [inf], [inf], [inf], [inf], [inf], [inf], [inf], [inf], [inf], [inf], [inf], [inf], [inf], [inf], [inf], [inf], [inf], [inf], [inf], [inf], [inf], [inf], [inf], [inf], [inf], [inf], [inf], [inf], [inf], [inf], [inf], [inf], [inf], [inf], [inf], [inf], [inf], [inf], [inf], [inf], [inf], [inf], [inf], [inf], [inf], [inf], [inf], [inf], [inf], [inf], [inf], [inf], [inf], [inf], [inf], [inf]],0,0.1521139144897461,102.53531265258789,1062
338,onnx/CIFAR100_resnet_medium.onnx,vnnlib/resnet_medium__label_18__idx_9124_fix_mask_seg0_k1024_eps_0.0039.vnnlib,100,unsat True,,,,2.979522943496704,0
339,onnx/CIFAR100_resnet_medium.onnx,vnnlib/resnet_medium__label_18__idx_9124_fix_nonmask_seg0_k1024_eps_0.0039.vnnlib,100,timeout False,[[inf], [inf], [inf], [inf], [inf], [inf], [inf], [inf], [inf], [inf], [inf], [inf], [inf], [inf], [inf], [inf], [inf], [inf], [inf], [inf], [inf], [inf], [inf], [inf], [inf], [inf], [inf], [inf], [inf], [inf], [inf], [inf], [inf], [inf], [inf], [inf], [inf], [inf], [inf], [inf], [inf], [inf], [inf], [inf], [inf], [inf], [inf], [inf], [inf], [inf], [inf], [inf], [inf], [inf], [inf], [inf], [inf], [inf], [inf], [inf], [inf], [inf], [inf], [inf], [inf], [inf], [inf], [inf], [inf], [inf], [inf], [inf], [inf], [inf], [inf], [inf], [inf], [inf], [inf], [inf], [inf], [inf], [inf], [inf], [inf], [inf], [inf], [inf], [inf], [inf], [inf], [inf], [inf], [inf], [inf], [inf], [inf], [inf]],0,0.23145842552185059,104.5129714012146,1062
340,onnx/CIFAR100_resnet_medium.onnx,vnnlib/resnet_medium__label_20__idx_3539_global_k1024_eps_0.0039.vnnlib,100,unsat False,[[inf], [inf], [inf], [inf], [inf], [inf], [inf], [inf], [inf], [inf], [inf], [inf], [inf], [inf], [inf], [inf], [inf], [inf], [inf], [inf], [inf], [inf], [inf], [inf], [inf], [inf], [inf], [inf], [inf], [inf], [inf], [inf], [inf], [inf], [inf], [inf], [inf], [inf], [inf], [inf], [inf], [inf], [inf], [inf], [inf], [inf], [inf], [inf], [inf], [inf], [inf], [inf], [inf], [inf], [inf], [inf], [inf], [inf], [inf], [inf], [inf], [inf], [inf], [inf], [inf], [inf], [inf], [inf], [inf], [inf], [inf], [inf], [inf], [inf], [inf], [inf], [inf], [inf], [inf], [inf], [inf], [inf], [inf], [inf], [inf], [inf], [inf], [inf], [inf], [inf], [inf], [inf], [inf], [inf], [inf], [inf]],0,0.15348100662231445,16.037041187286377,1072
341,onnx/CIFAR100_resnet_medium.onnx,vnnlib/resnet_medium__label_20__idx_3539_fix_mask_seg0_k1024_eps_0.0039.vnnlib,100,unsat True,,,,2.168344259262085,0
342,onnx/CIFAR100_resnet_medium.onnx,vnnlib/resnet_medium__label_20__idx_3539_fix_nonmask_seg0_k1024_eps_0.0039.vnnlib,100,unsat False,[[inf], [inf], [inf], [inf], [inf], [inf], [inf], [inf], [inf], [inf], [inf], [inf], [inf], [inf], [inf], [inf], [inf], [inf], [inf], [inf], [inf], [inf], [inf], [inf], [inf], [inf], [inf], [inf], [inf], [inf], [inf], [inf], [inf], [inf], [inf], [inf], [inf], [inf], [inf], [inf], [inf], [inf], [inf], [inf], [inf], [inf], [inf], [inf], [inf], [inf], [inf], [inf], [inf], [inf], [inf], [inf], [inf], [inf], [inf], [inf], [inf], [inf], [inf], [inf], [inf], [inf], [inf], [inf], [inf], [inf], [inf], [inf], [inf], [inf], [inf], [inf], [inf], [inf], [inf], [inf], [inf], [inf], [inf], [inf], [inf], [inf], [inf], [inf], [inf], [inf], [inf], [inf], [inf], [inf], [inf], [inf]],0,0.14939475059509277,16.472058534622192,1072
343,onnx/CIFAR100_resnet_medium.onnx,vnnlib/resnet_medium__label_20__idx_5266_global_k1024_eps_0.0039.vnnlib,100,timeout False,[[inf], [inf], [inf], [inf], [inf], [inf], [inf], [inf], [inf], [inf], [inf], [inf], [inf], [inf], [inf], [inf], [inf], [inf], [inf], [inf], [inf], [inf], [inf], [inf], [inf], [inf], [inf], [inf], [inf], [inf], [inf], [inf], [inf], [inf], [inf], [inf], [inf], [inf], [inf], [inf], [inf], [inf], [inf], [inf], [inf], [inf], [inf], [inf], [inf], [inf], [inf], [inf], [inf], [inf], [inf], [inf], [inf], [inf], [inf], [inf], [inf], [inf], [inf], [inf], [inf], [inf], [inf], [inf], [inf], [inf], [inf], [inf], [inf], [inf], [inf], [inf], [inf], [inf], [inf], [inf], [inf], [inf], [inf], [inf], [inf], [inf], [inf], [inf], [inf], [inf], [inf], [inf], [inf], [inf], [inf], [inf], [inf], [inf]],0,0.22425603866577148,107.52110981941223,680
344,onnx/CIFAR100_resnet_medium.onnx,vnnlib/resnet_medium__label_20__idx_5266_fix_mask_seg0_k1024_eps_0.0039.vnnlib,100,unsat True,,,,2.485635280609131,0
345,onnx/CIFAR100_resnet_medium.onnx,vnnlib/resnet_medium__label_20__idx_5266_fix_nonmask_seg0_k1024_eps_0.0039.vnnlib,100,timeout False,[[inf], [inf], [inf], [inf], [inf], [inf], [inf], [inf], [inf], [inf], [inf], [inf], [inf], [inf], [inf], [inf], [inf], [inf], [inf], [inf], [inf], [inf], [inf], [inf], [inf], [inf], [inf], [inf], [inf], [inf], [inf], [inf], [inf], [inf], [inf], [inf], [inf], [inf], [inf], [inf], [inf], [inf], [inf], [inf], [inf], [inf], [inf], [inf], [inf], [inf], [inf], [inf], [inf], [inf], [inf], [inf], [inf], [inf], [inf], [inf], [inf], [inf], [inf], [inf], [inf], [inf], [inf], [inf], [inf], [inf], [inf], [inf], [inf], [inf], [inf], [inf], [inf], [inf], [inf], [inf], [inf], [inf], [inf], [inf], [inf], [inf], [inf], [inf], [inf], [inf], [inf], [inf], [inf], [inf], [inf], [inf], [inf], [inf]],0,0.23566699028015137,109.34600639343262,669
346,onnx/CIFAR100_resnet_medium.onnx,vnnlib/resnet_medium__label_20__idx_9332_global_k1024_eps_0.0039.vnnlib,100,unsat False,[[inf], [inf], [inf], [inf], [inf], [inf], [inf], [inf], [inf], [inf], [inf], [inf], [inf], [inf], [inf], [inf], [inf], [inf], [inf], [inf], [inf], [inf], [inf], [inf], [inf], [inf], [inf], [inf], [inf], [inf], [inf], [inf], [inf], [inf], [inf], [inf], [inf], [inf], [inf], [inf], [inf], [inf], [inf], [inf], [inf], [inf], [inf], [inf], [inf], [inf], [inf], [inf], [inf], [inf], [inf], [inf], [inf], [inf], [inf], [inf], [inf], [inf], [inf], [inf], [inf], [inf], [inf], [inf], [inf], [inf], [inf], [inf], [inf], [inf], [inf], [inf], [inf], [inf], [inf], [inf], [inf], [inf], [inf], [inf], [inf], [inf], [inf], [inf], [inf], [inf], [inf], [inf], [inf], [inf], [inf], [inf], [inf], [inf]],0,0.1522977352142334,14.305110216140747,1100
347,onnx/CIFAR100_resnet_medium.onnx,vnnlib/resnet_medium__label_20__idx_9332_fix_mask_seg0_k1024_eps_0.0039.vnnlib,100,unsat True,,,,2.616138458251953,0
348,onnx/CIFAR100_resnet_medium.onnx,vnnlib/resnet_medium__label_20__idx_9332_fix_nonmask_seg0_k1024_eps_0.0039.vnnlib,100,unsat False,[[inf], [inf], [inf], [inf], [inf], [inf], [inf], [inf], [inf], [inf], [inf], [inf], [inf], [inf], [inf], [inf], [inf], [inf], [inf], [inf], [inf], [inf], [inf], [inf], [inf], [inf], [inf], [inf], [inf], [inf], [inf], [inf], [inf], [inf], [inf], [inf], [inf], [inf], [inf], [inf], [inf], [inf], [inf], [inf], [inf], [inf], [inf], [inf], [inf], [inf], [inf], [inf], [inf], [inf], [inf], [inf], [inf], [inf], [inf], [inf], [inf], [inf], [inf], [inf], [inf], [inf], [inf], [inf], [inf], [inf], [inf], [inf], [inf], [inf], [inf], [inf], [inf], [inf], [inf], [inf], [inf], [inf], [inf], [inf], [inf], [inf], [inf], [inf], [inf], [inf], [inf], [inf], [inf], [inf], [inf], [inf], [inf], [inf]],0,0.23989415168762207,14.796576976776123,1096
349,onnx/CIFAR100_resnet_medium.onnx,vnnlib/resnet_medium__label_21__idx_4555_global_k1024_eps_0.0039.vnnlib,100,timeout False,[[inf], [inf], [inf], [inf], [inf], [inf], [inf], [inf], [inf], [inf], [inf], [inf], [inf], [inf], [inf], [inf], [inf], [inf], [inf], [inf], [inf], [inf], [inf], [inf], [inf], [inf], [inf], [inf], [inf], [inf], [inf], [inf], [inf], [inf], [inf], [inf], [inf], [inf], [inf], [inf], [inf], [inf], [inf], [inf], [inf], [inf], [inf], [inf], [inf], [inf], [inf], [inf], [inf], [inf], [inf], [inf], [inf], [inf], [inf], [inf], [inf], [inf], [inf], [inf], [inf], [inf], [inf], [inf], [inf], [inf], [inf], [inf], [inf], [inf], [inf], [inf], [inf], [inf], [inf], [inf], [inf], [inf], [inf], [inf], [inf], [inf], [inf], [inf], [inf], [inf], [inf], [inf], [inf], [inf], [inf], [inf], [inf]],0,0.543323278427124,105.70462989807129,1024
350,onnx/CIFAR100_resnet_medium.onnx,vnnlib/resnet_medium__label_21__idx_4555_fix_mask_seg0_k1024_eps_0.0039.vnnlib,100,unsat True,,,,2.597308397293091,0
351,onnx/CIFAR100_resnet_medium.onnx,vnnlib/resnet_medium__label_21__idx_4555_fix_nonmask_seg0_k1024_eps_0.0039.vnnlib,100,timeout False,[[inf], [inf], [inf], [inf], [inf], [inf], [inf], [inf], [inf], [inf], [inf], [inf], [inf], [inf], [inf], [inf], [inf], [inf], [inf], [inf], [inf], [inf], [inf], [inf], [inf], [inf], [inf], [inf], [inf], [inf], [inf], [inf], [inf], [inf], [inf], [inf], [inf], [inf], [inf], [inf], [inf], [inf], [inf], [inf], [inf], [inf], [inf], [inf], [inf], [inf], [inf], [inf], [inf], [inf], [inf], [inf], [inf], [inf], [inf], [inf], [inf], [inf], [inf], [inf], [inf], [inf], [inf], [inf], [inf], [inf], [inf], [inf], [inf], [inf], [inf], [inf], [inf], [inf], [inf], [inf], [inf], [inf], [inf], [inf], [inf], [inf], [inf], [inf], [inf], [inf], [inf], [inf], [inf], [inf], [inf], [inf], [inf]],0,0.1524031162261963,102.64128875732422,1019
352,onnx/CIFAR100_resnet_medium.onnx,vnnlib/resnet_medium__label_25__idx_1061_global_k1024_eps_0.0039.vnnlib,100,unsat False,[[inf], [inf], [inf], [inf], [inf], [inf], [inf], [inf], [inf], [inf], [inf], [inf], [inf], [inf], [inf], [inf], [inf], [inf], [inf], [inf], [inf], [inf], [inf], [inf], [inf], [inf], [inf], [inf], [inf], [inf], [inf], [inf], [inf], [inf], [inf], [inf], [inf], [inf], [inf], [inf], [inf], [inf], [inf], [inf], [inf], [inf], [inf], [inf], [inf], [inf], [inf], [inf], [inf], [inf], [inf], [inf], [inf], [inf], [inf], [inf], [inf], [inf], [inf], [inf], [inf], [inf], [inf], [inf], [inf], [inf], [inf], [inf], [inf], [inf], [inf], [inf], [inf], [inf], [inf], [inf], [inf], [inf], [inf], [inf], [inf], [inf], [inf], [inf], [inf], [inf], [inf], [inf], [inf], [inf], [inf], [inf], [inf], [inf]],0,0.15030527114868164,17.260987520217896,867
353,onnx/CIFAR100_resnet_medium.onnx,vnnlib/resnet_medium__label_25__idx_1061_fix_mask_seg0_k1024_eps_0.0039.vnnlib,100,unsat True,,,,2.5634212493896484,0
354,onnx/CIFAR100_resnet_medium.onnx,vnnlib/resnet_medium__label_25__idx_1061_fix_nonmask_seg0_k1024_eps_0.0039.vnnlib,100,unsat False,[[inf], [inf], [inf], [inf], [inf], [inf], [inf], [inf], [inf], [inf], [inf], [inf], [inf], [inf], [inf], [inf], [inf], [inf], [inf], [inf], [inf], [inf], [inf], [inf], [inf], [inf], [inf], [inf], [inf], [inf], [inf], [inf], [inf], [inf], [inf], [inf], [inf], [inf], [inf], [inf], [inf], [inf], [inf], [inf], [inf], [inf], [inf], [inf], [inf], [inf], [inf], [inf], [inf], [inf], [inf], [inf], [inf], [inf], [inf], [inf], [inf], [inf], [inf], [inf], [inf], [inf], [inf], [inf], [inf], [inf], [inf], [inf], [inf], [inf], [inf], [inf], [inf], [inf], [inf], [inf], [inf], [inf], [inf], [inf], [inf], [inf], [inf], [inf], [inf], [inf], [inf], [inf], [inf], [inf], [inf], [inf], [inf], [inf]],0,0.14726901054382324,15.497445344924927,859
355,onnx/CIFAR100_resnet_medium.onnx,vnnlib/resnet_medium__label_25__idx_2893_global_k1024_eps_0.0039.vnnlib,100,unsat False,[[inf], [inf], [inf], [inf], [inf], [inf], [inf], [inf], [inf], [inf], [inf], [inf], [inf], [inf], [inf], [inf], [inf], [inf], [inf], [inf], [inf], [inf], [inf], [inf], [inf], [inf], [inf], [inf], [inf], [inf], [inf], [inf], [inf], [inf], [inf], [inf], [inf], [inf], [inf], [inf], [inf], [inf], [inf], [inf], [inf], [inf], [inf], [inf], [inf], [inf], [inf], [inf], [inf], [inf], [inf], [inf], [inf], [inf], [inf], [inf], [inf], [inf], [inf], [inf], [inf], [inf], [inf], [inf], [inf], [inf], [inf], [inf], [inf], [inf], [inf], [inf], [inf], [inf], [inf], [inf], [inf], [inf], [inf], [inf], [inf], [inf], [inf], [inf], [inf], [inf], [inf], [inf], [inf], [inf]],0,0.2557411193847656,52.06937789916992,946
356,onnx/CIFAR100_resnet_medium.onnx,vnnlib/resnet_medium__label_25__idx_2893_fix_mask_seg0_k1024_eps_0.0039.vnnlib,100,unsat True,,,,2.453277349472046,0
357,onnx/CIFAR100_resnet_medium.onnx,vnnlib/resnet_medium__label_25__idx_2893_fix_nonmask_seg0_k1024_eps_0.0039.vnnlib,100,unsat False,[[inf], [inf], [inf], [inf], [inf], [inf], [inf], [inf], [inf], [inf], [inf], [inf], [inf], [inf], [inf], [inf], [inf], [inf], [inf], [inf], [inf], [inf], [inf], [inf], [inf], [inf], [inf], [inf], [inf], [inf], [inf], [inf], [inf], [inf], [inf], [inf], [inf], [inf], [inf], [inf], [inf], [inf], [inf], [inf], [inf], [inf], [inf], [inf], [inf], [inf], [inf], [inf], [inf], [inf], [inf], [inf], [inf], [inf], [inf], [inf], [inf], [inf], [inf], [inf], [inf], [inf], [inf], [inf], [0.019884109497070312], [inf], [inf], [inf], [inf], [inf], [inf], [inf], [inf], [inf], [inf], [inf], [inf], [inf], [inf], [inf], [inf], [inf], [inf], [inf], [inf], [inf], [inf], [inf], [inf], [inf], [inf]],0,0.1520824432373047,36.71255111694336,926
358,onnx/CIFAR100_resnet_medium.onnx,vnnlib/resnet_medium__label_25__idx_2906_global_k1024_eps_0.0039.vnnlib,100,sat True,,,,3.5134289264678955,0
359,onnx/CIFAR100_resnet_medium.onnx,vnnlib/resnet_medium__label_25__idx_2906_fix_mask_seg0_k1024_eps_0.0039.vnnlib,100,unsat True,,,,3.2552998065948486,0
360,onnx/CIFAR100_resnet_medium.onnx,vnnlib/resnet_medium__label_25__idx_2906_fix_nonmask_seg0_k1024_eps_0.0039.vnnlib,100,timeout False,[[inf], [inf], [inf], [inf], [inf], [inf], [inf], [inf], [inf], [inf], [inf], [inf], [inf], [inf], [inf], [inf], [inf], [inf], [inf], [inf], [inf], [inf], [inf], [inf], [inf], [inf], [inf], [inf], [inf], [inf], [inf], [inf], [inf], [inf], [inf], [inf], [inf], [inf], [inf], [inf], [inf], [inf], [inf], [inf], [inf], [inf], [inf], [inf], [inf], [inf], [inf], [inf], [inf], [inf], [inf], [inf], [inf], [inf], [inf], [inf], [inf], [inf], [inf], [inf], [inf], [inf], [inf], [inf], [inf], [inf], [inf], [inf], [inf], [inf], [inf], [inf], [inf], [inf], [inf], [inf], [inf], [inf], [inf], [inf], [inf], [inf], [inf], [inf], [inf], [inf], [inf], [inf], [inf], [inf], [inf], [inf], [inf], [inf]],0,0.16401386260986328,102.06795978546143,817
361,onnx/CIFAR100_resnet_medium.onnx,vnnlib/resnet_medium__label_26__idx_9099_global_k1024_eps_0.0039.vnnlib,100,timeout False,[[inf], [inf], [inf], [inf], [inf], [inf], [inf], [inf], [inf], [inf], [inf], [inf], [inf], [inf], [inf], [inf], [inf], [inf], [inf], [inf], [inf], [inf], [inf], [inf], [inf], [inf], [inf], [inf], [inf], [inf], [inf], [inf], [inf], [inf], [inf], [inf], [inf], [inf], [inf], [inf], [inf], [inf], [inf], [inf], [inf], [inf], [inf], [inf], [inf], [inf], [inf], [inf], [inf], [inf], [inf], [inf], [inf], [inf], [inf], [inf], [inf], [inf], [inf], [inf], [inf], [inf], [inf], [inf], [inf], [inf], [inf], [inf], [inf], [inf], [inf], [inf], [inf], [inf], [inf], [inf], [inf], [inf], [inf], [inf], [inf], [inf], [inf], [inf], [inf], [inf], [inf], [inf], [inf], [inf], [inf]],0,0.23015141487121582,103.99403142929077,1014
362,onnx/CIFAR100_resnet_medium.onnx,vnnlib/resnet_medium__label_26__idx_9099_fix_mask_seg0_k1024_eps_0.0039.vnnlib,100,unsat True,,,,3.031834125518799,0
363,onnx/CIFAR100_resnet_medium.onnx,vnnlib/resnet_medium__label_26__idx_9099_fix_nonmask_seg0_k1024_eps_0.0039.vnnlib,100,timeout False,[[inf], [inf], [inf], [inf], [inf], [inf], [inf], [inf], [inf], [inf], [inf], [inf], [inf], [inf], [inf], [inf], [inf], [inf], [inf], [inf], [inf], [inf], [inf], [inf], [inf], [inf], [inf], [inf], [inf], [inf], [inf], [inf], [inf], [inf], [inf], [inf], [inf], [inf], [inf], [inf], [inf], [inf], [inf], [inf], [inf], [inf], [inf], [inf], [inf], [inf], [inf], [inf], [inf], [inf], [inf], [inf], [inf], [inf], [inf], [inf], [inf], [inf], [inf], [inf], [inf], [inf], [inf], [inf], [inf], [inf], [inf], [inf], [inf], [inf], [inf], [inf], [inf], [inf], [inf], [inf], [inf], [inf], [inf], [inf], [inf], [inf], [inf], [inf], [inf], [inf], [inf], [inf], [inf], [inf], [inf]],0,0.2296895980834961,105.03595900535583,1012
364,onnx/CIFAR100_resnet_medium.onnx,vnnlib/resnet_medium__label_27__idx_1968_global_k1024_eps_0.0039.vnnlib,100,unsat False,[[inf], [inf], [inf], [inf], [inf], [inf], [inf], [inf], [inf], [inf], [inf], [inf], [inf], [inf], [inf], [inf], [inf], [inf], [0.13752460479736328], [inf], [inf], [inf], [inf], [inf], [inf], [inf], [inf], [inf], [inf], [inf], [inf], [inf], [inf], [inf], [inf], [inf], [inf], [inf], [inf], [inf], [inf], [inf], [inf], [inf], [inf], [inf], [inf], [inf], [inf], [inf], [inf], [inf], [inf], [inf], [inf], [inf], [inf], [inf], [inf], [inf], [0.0222550630569458], [inf], [inf], [inf], [inf], [inf], [inf], [inf], [inf], [inf], [inf], [inf], [inf], [inf], [inf], [inf], [inf], [0.0243416428565979], [inf], [inf], [inf], [inf], [inf], [inf], [inf], [inf], [inf], [inf], [inf], [inf], [inf], [inf], [inf], [inf], [inf], [inf]],0,0.20798420906066895,40.52834749221802,1180
365,onnx/CIFAR100_resnet_medium.onnx,vnnlib/resnet_medium__label_27__idx_1968_fix_mask_seg0_k1024_eps_0.0039.vnnlib,100,unsat True,,,,2.9718692302703857,0
366,onnx/CIFAR100_resnet_medium.onnx,vnnlib/resnet_medium__label_27__idx_1968_fix_nonmask_seg0_k1024_eps_0.0039.vnnlib,100,unsat False,[[inf], [inf], [inf], [inf], [inf], [inf], [inf], [inf], [inf], [inf], [inf], [inf], [inf], [inf], [inf], [inf], [inf], [inf], [inf], [inf], [inf], [inf], [inf], [inf], [inf], [inf], [inf], [inf], [inf], [inf], [inf], [inf], [inf], [inf], [inf], [inf], [inf], [inf], [inf], [inf], [inf], [inf], [inf], [inf], [inf], [inf], [inf], [inf], [inf], [inf], [inf], [inf], [inf], [inf], [inf], [inf], [inf], [inf], [inf], [inf], [0.1533604860305786], [inf], [inf], [inf], [inf], [inf], [inf], [inf], [inf], [inf], [inf], [inf], [inf], [inf], [inf], [inf], [inf], [0.10090672969818115], [inf], [inf], [inf], [inf], [inf], [inf], [inf], [inf], [inf], [inf], [inf], [inf], [inf], [inf], [inf], [inf], [inf], [inf]],0,0.2310492992401123,24.748079538345337,1128
367,onnx/CIFAR100_resnet_medium.onnx,vnnlib/resnet_medium__label_27__idx_3020_global_k1024_eps_0.0039.vnnlib,100,sat True,,,,4.173709392547607,0
368,onnx/CIFAR100_resnet_medium.onnx,vnnlib/resnet_medium__label_27__idx_3020_fix_mask_seg0_k1024_eps_0.0039.vnnlib,100,unsat True,,,,3.129995346069336,0
369,onnx/CIFAR100_resnet_medium.onnx,vnnlib/resnet_medium__label_27__idx_3020_fix_nonmask_seg0_k1024_eps_0.0039.vnnlib,100,timeout False,[[inf], [inf], [inf], [inf], [inf], [inf], [inf], [inf], [inf], [inf], [inf], [inf], [inf], [inf], [inf], [inf], [inf], [inf], [inf], [inf], [inf], [inf], [inf], [inf], [inf], [inf], [inf], [inf], [inf], [inf], [inf], [inf], [inf], [inf], [inf], [inf], [inf], [inf], [inf], [inf], [inf], [inf], [inf], [inf], [inf], [inf], [inf], [inf], [inf], [inf], [inf], [0.04096698760986328], [inf], [inf], [inf], [inf], [inf], [inf], [inf], [inf], [inf], [inf], [inf], [inf], [inf], [inf], [inf], [inf], [inf], [inf], [inf], [inf], [inf], [0.1256704330444336], [inf], [inf], [inf], [inf], [inf], [inf], [inf], [inf], [inf], [inf], [inf], [inf], [inf], [inf], [inf], [inf], [inf], [inf], [inf]],0,0.15252161026000977,108.30650424957275,1121
370,onnx/CIFAR100_resnet_medium.onnx,vnnlib/resnet_medium__label_29__idx_5525_global_k1024_eps_0.0039.vnnlib,100,sat True,,,,4.826451301574707,0
371,onnx/CIFAR100_resnet_medium.onnx,vnnlib/resnet_medium__label_29__idx_5525_fix_mask_seg0_k1024_eps_0.0039.vnnlib,100,unsat True,,,,2.8000152111053467,0
372,onnx/CIFAR100_resnet_medium.onnx,vnnlib/resnet_medium__label_29__idx_5525_fix_nonmask_seg0_k1024_eps_0.0039.vnnlib,100,sat True,,,,4.381588935852051,0
373,onnx/CIFAR100_resnet_medium.onnx,vnnlib/resnet_medium__label_2__idx_8228_global_k1024_eps_0.0039.vnnlib,100,unsat False,[[inf], [inf], [inf], [inf], [inf], [inf], [inf], [inf], [inf], [inf], [inf], [inf], [inf], [inf], [inf], [inf], [inf], [inf], [inf], [inf], [inf], [inf], [inf], [inf], [inf], [inf], [inf], [inf], [inf], [inf], [inf], [inf], [inf], [inf], [inf], [inf], [inf], [inf], [inf], [inf], [inf], [inf], [inf], [inf], [inf], [inf], [inf], [inf], [inf], [inf], [inf], [inf], [inf], [inf], [inf], [inf], [inf], [inf], [inf], [inf], [inf], [inf], [inf], [inf], [inf], [inf], [inf], [inf], [inf], [inf], [inf], [inf], [inf], [inf], [inf], [inf], [inf], [inf], [inf], [inf], [inf], [inf], [inf], [inf], [inf], [inf], [inf], [inf], [inf], [inf], [inf], [inf], [inf], [inf], [inf], [inf], [inf], [inf]],0,0.22616314888000488,20.36651301383972,1141
374,onnx/CIFAR100_resnet_medium.onnx,vnnlib/resnet_medium__label_2__idx_8228_fix_mask_seg0_k1024_eps_0.0039.vnnlib,100,unsat True,,,,2.51991868019104,0
375,onnx/CIFAR100_resnet_medium.onnx,vnnlib/resnet_medium__label_2__idx_8228_fix_nonmask_seg0_k1024_eps_0.0039.vnnlib,100,unsat False,[[inf], [inf], [inf], [inf], [inf], [inf], [inf], [inf], [inf], [inf], [inf], [inf], [inf], [inf], [inf], [inf], [inf], [inf], [inf], [inf], [inf], [inf], [inf], [inf], [inf], [inf], [inf], [inf], [inf], [inf], [inf], [inf], [inf], [inf], [inf], [inf], [inf], [inf], [inf], [inf], [inf], [inf], [inf], [inf], [inf], [inf], [inf], [inf], [inf], [inf], [inf], [inf], [inf], [inf], [inf], [inf], [inf], [inf], [inf], [inf], [inf], [inf], [inf], [inf], [inf], [inf], [inf], [inf], [inf], [inf], [inf], [inf], [inf], [inf], [inf], [inf], [inf], [inf], [inf], [inf], [inf], [inf], [inf], [inf], [inf], [inf], [inf], [inf], [inf], [inf], [inf], [inf], [inf], [inf], [inf], [inf], [inf], [inf]],0,0.22631001472473145,16.107908725738525,984
376,onnx/CIFAR100_resnet_medium.onnx,vnnlib/resnet_medium__label_2__idx_8815_global_k1024_eps_0.0039.vnnlib,100,unsat False,[[inf], [inf], [inf], [inf], [inf], [inf], [inf], [inf], [inf], [inf], [inf], [inf], [inf], [inf], [inf], [inf], [inf], [inf], [inf], [inf], [inf], [inf], [inf], [inf], [inf], [inf], [inf], [inf], [inf], [inf], [inf], [inf], [inf], [inf], [inf], [inf], [inf], [inf], [inf], [inf], [inf], [inf], [inf], [inf], [inf], [inf], [inf], [inf], [inf], [inf], [inf], [inf], [inf], [inf], [inf], [inf], [inf], [inf], [inf], [inf], [inf], [inf], [inf], [inf], [inf], [inf], [inf], [inf], [inf], [inf], [inf], [inf], [inf], [inf], [inf], [inf], [inf], [inf], [inf], [inf], [inf], [inf], [inf], [inf], [inf], [inf], [inf], [inf], [inf], [inf], [inf], [inf], [inf], [inf], [inf], [inf], [inf]],0,0.1494457721710205,33.73872685432434,1036
377,onnx/CIFAR100_resnet_medium.onnx,vnnlib/resnet_medium__label_2__idx_8815_fix_mask_seg0_k1024_eps_0.0039.vnnlib,100,unsat True,,,,3.205998182296753,0
378,onnx/CIFAR100_resnet_medium.onnx,vnnlib/resnet_medium__label_2__idx_8815_fix_nonmask_seg0_k1024_eps_0.0039.vnnlib,100,unsat False,[[inf], [inf], [inf], [inf], [inf], [inf], [inf], [inf], [inf], [inf], [inf], [inf], [inf], [inf], [inf], [inf], [inf], [inf], [inf], [inf], [inf], [inf], [inf], [inf], [inf], [inf], [inf], [inf], [inf], [inf], [inf], [inf], [inf], [inf], [inf], [inf], [inf], [inf], [inf], [inf], [inf], [inf], [inf], [inf], [inf], [inf], [inf], [inf], [inf], [inf], [inf], [inf], [inf], [inf], [inf], [inf], [inf], [inf], [inf], [inf], [inf], [inf], [inf], [inf], [inf], [inf], [inf], [inf], [inf], [inf], [inf], [inf], [inf], [inf], [inf], [inf], [inf], [inf], [inf], [inf], [inf], [inf], [inf], [inf], [inf], [inf], [inf], [inf], [inf], [inf], [inf], [inf], [inf], [inf], [inf], [inf], [inf], [inf]],0,0.22883343696594238,19.427290678024292,929
379,onnx/CIFAR100_resnet_medium.onnx,vnnlib/resnet_medium__label_30__idx_282_global_k1024_eps_0.0039.vnnlib,100,timeout False,[[inf], [inf], [inf], [inf], [inf], [inf], [inf], [inf], [inf], [inf], [inf], [inf], [inf], [inf], [inf], [inf], [inf], [inf], [inf], [inf], [inf], [inf], [inf], [inf], [inf], [inf], [inf], [inf], [inf], [inf], [inf], [inf], [inf], [inf], [inf], [inf], [inf], [inf], [inf], [inf], [inf], [inf], [inf], [inf], [inf], [inf], [inf], [inf], [inf], [inf], [inf], [inf], [inf], [inf], [inf], [inf], [inf], [inf], [inf], [inf], [inf], [inf], [inf], [inf], [inf], [inf], [inf], [inf], [inf], [inf], [inf], [inf], [inf], [inf], [inf], [inf], [inf], [inf], [inf], [inf], [inf], [inf], [inf], [inf], [inf], [inf], [inf], [inf], [inf], [inf], [inf], [inf], [inf], [inf], [inf], [inf], [inf], [inf]],0,0.37423038482666016,109.6886579990387,949
380,onnx/CIFAR100_resnet_medium.onnx,vnnlib/resnet_medium__label_30__idx_282_fix_mask_seg0_k1024_eps_0.0039.vnnlib,100,unsat True,,,,3.151275396347046,0
381,onnx/CIFAR100_resnet_medium.onnx,vnnlib/resnet_medium__label_30__idx_282_fix_nonmask_seg0_k1024_eps_0.0039.vnnlib,100,timeout False,[[inf], [inf], [inf], [inf], [inf], [inf], [inf], [inf], [inf], [inf], [inf], [inf], [inf], [inf], [inf], [inf], [inf], [inf], [inf], [inf], [inf], [inf], [inf], [inf], [inf], [inf], [inf], [inf], [inf], [inf], [inf], [inf], [inf], [inf], [inf], [inf], [inf], [inf], [inf], [inf], [inf], [inf], [inf], [inf], [inf], [inf], [inf], [inf], [inf], [inf], [inf], [inf], [inf], [inf], [inf], [inf], [inf], [inf], [inf], [inf], [inf], [inf], [inf], [inf], [inf], [inf], [inf], [inf], [inf], [inf], [inf], [inf], [inf], [inf], [inf], [inf], [inf], [inf], [inf], [inf], [inf], [inf], [inf], [inf], [inf], [inf], [inf], [inf], [inf], [inf], [inf], [inf], [inf], [inf], [inf], [inf], [inf], [inf]],0,0.15051698684692383,108.61388659477234,949
382,onnx/CIFAR100_resnet_medium.onnx,vnnlib/resnet_medium__label_31__idx_2848_global_k1024_eps_0.0039.vnnlib,100,unsat False,[[inf], [inf], [inf], [inf], [0.0483623743057251], [inf], [inf], [inf], [inf], [inf], [inf], [inf], [inf], [inf], [inf], [inf], [inf], [inf], [inf], [inf], [inf], [inf], [inf], [inf], [inf], [inf], [inf], [inf], [inf], [inf], [inf], [inf], [inf], [inf], [inf], [inf], [inf], [inf], [inf], [inf], [inf], [inf], [inf], [inf], [inf], [inf], [inf], [inf], [inf], [inf], [inf], [inf], [inf], [inf], [inf], [inf], [inf], [inf], [inf], [inf], [inf], [inf], [inf], [inf], [inf], [inf], [inf], [inf], [inf], [inf], [inf], [inf], [inf], [inf], [inf], [inf], [inf], [inf], [inf], [inf], [inf], [inf], [inf], [inf], [inf], [inf], [inf], [inf], [inf], [inf], [inf], [inf], [inf], [inf], [inf], [inf], [inf], [inf]],0,0.15372252464294434,19.123318910598755,1072
383,onnx/CIFAR100_resnet_medium.onnx,vnnlib/resnet_medium__label_31__idx_2848_fix_mask_seg0_k1024_eps_0.0039.vnnlib,100,unsat True,,,,2.7306036949157715,0
384,onnx/CIFAR100_resnet_medium.onnx,vnnlib/resnet_medium__label_31__idx_2848_fix_nonmask_seg0_k1024_eps_0.0039.vnnlib,100,unsat False,[[inf], [inf], [inf], [inf], [inf], [inf], [inf], [inf], [inf], [inf], [inf], [inf], [inf], [inf], [inf], [inf], [inf], [inf], [inf], [inf], [inf], [inf], [inf], [inf], [inf], [inf], [inf], [inf], [inf], [inf], [inf], [inf], [inf], [inf], [inf], [inf], [inf], [inf], [inf], [inf], [inf], [inf], [inf], [inf], [inf], [inf], [inf], [inf], [inf], [inf], [inf], [inf], [inf], [inf], [inf], [inf], [inf], [inf], [inf], [inf], [inf], [inf], [inf], [inf], [inf], [inf], [inf], [inf], [inf], [inf], [inf], [inf], [inf], [inf], [inf], [inf], [inf], [inf], [inf], [inf], [inf], [inf], [inf], [inf], [inf], [inf], [inf], [inf], [inf], [inf], [inf], [inf], [inf], [inf], [inf], [inf], [inf], [inf]],0,0.14842462539672852,15.49544382095337,1047
385,onnx/CIFAR100_resnet_medium.onnx,vnnlib/resnet_medium__label_31__idx_4651_global_k1024_eps_0.0039.vnnlib,100,unsat False,[[inf], [inf], [inf], [inf], [inf], [inf], [inf], [inf], [inf], [inf], [inf], [inf], [inf], [inf], [inf], [inf], [inf], [inf], [inf], [inf], [inf], [inf], [inf], [inf], [inf], [inf], [inf], [inf], [inf], [inf], [inf], [inf], [inf], [inf], [inf], [inf], [0.04369795322418213], [inf], [inf], [inf], [inf], [inf], [inf], [inf], [inf], [inf], [inf], [inf], [inf], [inf], [inf], [inf], [inf], [inf], [inf], [inf], [inf], [inf], [inf], [inf], [inf], [inf], [inf], [inf], [inf], [inf], [inf], [inf], [inf], [inf], [inf], [inf], [inf], [inf], [inf], [inf], [inf], [inf], [inf], [inf], [inf], [inf], [inf], [inf], [inf], [inf], [inf], [inf], [inf], [inf], [inf], [inf], [inf], [inf], [inf], [inf], [inf], [inf]],0,0.15033388137817383,19.283501863479614,1099
386,onnx/CIFAR100_resnet_medium.onnx,vnnlib/resnet_medium__label_31__idx_4651_fix_mask_seg0_k1024_eps_0.0039.vnnlib,100,unsat True,,,,2.721550226211548,0
387,onnx/CIFAR100_resnet_medium.onnx,vnnlib/resnet_medium__label_31__idx_4651_fix_nonmask_seg0_k1024_eps_0.0039.vnnlib,100,unsat True,,,,11.369040727615356,0
388,onnx/CIFAR100_resnet_medium.onnx,vnnlib/resnet_medium__label_33__idx_1208_global_k1024_eps_0.0039.vnnlib,100,unsat False,[[inf], [inf], [inf], [inf], [inf], [inf], [inf], [inf], [inf], [inf], [inf], [inf], [inf], [inf], [inf], [inf], [inf], [inf], [inf], [inf], [inf], [inf], [inf], [inf], [inf], [inf], [inf], [inf], [inf], [inf], [inf], [inf], [inf], [inf], [inf], [inf], [inf], [inf], [inf], [inf], [inf], [inf], [inf], [inf], [inf], [inf], [inf], [inf], [inf], [inf], [inf], [inf], [inf], [inf], [inf], [inf], [inf], [inf], [inf], [inf], [inf], [inf], [inf], [inf], [inf], [inf], [inf], [inf], [inf], [inf], [inf], [inf], [inf], [inf], [inf], [inf], [inf], [inf], [inf], [inf], [inf], [inf], [inf], [inf], [inf], [inf], [inf], [inf], [inf], [inf], [inf], [inf], [inf], [inf], [inf], [inf], [inf], [inf]],0,0.15177464485168457,15.518338441848755,1255
389,onnx/CIFAR100_resnet_medium.onnx,vnnlib/resnet_medium__label_33__idx_1208_fix_mask_seg0_k1024_eps_0.0039.vnnlib,100,unsat True,,,,2.8781206607818604,0
390,onnx/CIFAR100_resnet_medium.onnx,vnnlib/resnet_medium__label_33__idx_1208_fix_nonmask_seg0_k1024_eps_0.0039.vnnlib,100,unsat False,[[inf], [inf], [inf], [inf], [inf], [inf], [inf], [inf], [inf], [inf], [inf], [inf], [inf], [inf], [inf], [inf], [inf], [inf], [inf], [inf], [inf], [inf], [inf], [inf], [inf], [inf], [inf], [inf], [inf], [inf], [inf], [inf], [inf], [inf], [inf], [inf], [inf], [inf], [inf], [inf], [inf], [inf], [inf], [inf], [inf], [inf], [inf], [inf], [inf], [inf], [inf], [inf], [inf], [inf], [inf], [inf], [inf], [inf], [inf], [inf], [inf], [inf], [inf], [inf], [inf], [inf], [inf], [inf], [inf], [inf], [inf], [inf], [inf], [inf], [inf], [inf], [inf], [inf], [inf], [inf], [inf], [inf], [inf], [inf], [inf], [inf], [inf], [inf], [inf], [inf], [inf], [inf], [inf], [inf], [inf], [inf], [inf], [inf]],0,0.15601634979248047,17.1202335357666,1209
391,onnx/CIFAR100_resnet_medium.onnx,vnnlib/resnet_medium__label_33__idx_2330_global_k1024_eps_0.0039.vnnlib,100,unsat False,[[inf], [inf], [inf], [inf], [inf], [inf], [inf], [inf], [inf], [inf], [0.1045370101928711], [inf], [inf], [inf], [inf], [inf], [inf], [inf], [inf], [inf], [inf], [inf], [0.17632198333740234], [inf], [inf], [inf], [inf], [inf], [inf], [inf], [inf], [inf], [inf], [inf], [inf], [inf], [inf], [inf], [inf], [inf], [inf], [inf], [inf], [inf], [inf], [inf], [inf], [inf], [inf], [inf], [inf], [inf], [inf], [inf], [inf], [inf], [inf], [inf], [inf], [inf], [inf], [inf], [inf], [inf], [inf], [inf], [inf], [inf], [inf], [inf], [inf], [inf], [inf], [inf], [inf], [inf], [inf], [inf], [inf], [inf], [inf], [inf], [inf], [inf], [inf], [inf], [inf], [inf], [inf], [inf], [inf], [inf], [inf], [inf], [inf], [inf], [inf]],0,0.22907733917236328,17.63527822494507,1247
392,onnx/CIFAR100_resnet_medium.onnx,vnnlib/resnet_medium__label_33__idx_2330_fix_mask_seg0_k1024_eps_0.0039.vnnlib,100,unsat True,,,,2.5315358638763428,0
393,onnx/CIFAR100_resnet_medium.onnx,vnnlib/resnet_medium__label_33__idx_2330_fix_nonmask_seg0_k1024_eps_0.0039.vnnlib,100,unsat False,[[inf], [inf], [inf], [inf], [inf], [inf], [inf], [inf], [inf], [inf], [inf], [inf], [inf], [inf], [inf], [inf], [inf], [inf], [inf], [inf], [inf], [inf], [inf], [inf], [inf], [inf], [inf], [inf], [inf], [inf], [inf], [inf], [inf], [inf], [inf], [inf], [inf], [inf], [inf], [inf], [inf], [inf], [inf], [inf], [inf], [inf], [inf], [inf], [inf], [inf], [inf], [inf], [inf], [inf], [inf], [inf], [inf], [inf], [inf], [inf], [inf], [inf], [inf], [inf], [inf], [inf], [inf], [inf], [inf], [inf], [inf], [inf], [inf], [inf], [inf], [inf], [inf], [inf], [inf], [inf], [inf], [inf], [inf], [inf], [inf], [inf], [inf], [inf], [inf], [inf], [inf], [inf], [inf], [inf], [inf], [inf], [inf]],0,0.1442275047302246,15.152332305908203,1142
394,onnx/CIFAR100_resnet_medium.onnx,vnnlib/resnet_medium__label_33__idx_3933_global_k1024_eps_0.0039.vnnlib,100,unsat False,[[inf], [inf], [inf], [inf], [inf], [inf], [inf], [inf], [inf], [inf], [inf], [inf], [inf], [inf], [inf], [inf], [inf], [inf], [inf], [inf], [inf], [inf], [inf], [inf], [inf], [inf], [inf], [inf], [inf], [inf], [inf], [inf], [inf], [inf], [inf], [inf], [inf], [inf], [inf], [inf], [inf], [inf], [inf], [inf], [inf], [inf], [inf], [inf], [inf], [inf], [inf], [inf], [inf], [inf], [inf], [inf], [inf], [inf], [inf], [inf], [inf], [inf], [inf], [inf], [inf], [inf], [inf], [inf], [inf], [inf], [inf], [inf], [inf], [inf], [inf], [inf], [inf], [inf], [inf], [inf], [inf], [inf], [inf], [inf], [inf], [inf], [inf], [inf], [inf], [inf], [inf], [inf], [inf], [inf], [inf], [inf], [inf], [inf]],0,0.1706867218017578,24.59947180747986,1086
395,onnx/CIFAR100_resnet_medium.onnx,vnnlib/resnet_medium__label_33__idx_3933_fix_mask_seg0_k1024_eps_0.0039.vnnlib,100,unsat True,,,,2.864170789718628,0
396,onnx/CIFAR100_resnet_medium.onnx,vnnlib/resnet_medium__label_33__idx_3933_fix_nonmask_seg0_k1024_eps_0.0039.vnnlib,100,unsat False,[[inf], [inf], [inf], [inf], [inf], [inf], [inf], [inf], [inf], [inf], [inf], [inf], [inf], [inf], [inf], [inf], [inf], [inf], [inf], [inf], [inf], [inf], [inf], [inf], [inf], [inf], [inf], [inf], [inf], [inf], [inf], [inf], [inf], [inf], [inf], [inf], [inf], [inf], [inf], [inf], [inf], [inf], [inf], [inf], [inf], [inf], [inf], [inf], [inf], [inf], [inf], [inf], [inf], [inf], [inf], [inf], [inf], [inf], [inf], [inf], [inf], [inf], [inf], [inf], [inf], [inf], [inf], [inf], [inf], [inf], [inf], [inf], [inf], [inf], [inf], [inf], [inf], [inf], [inf], [inf], [inf], [inf], [inf], [inf], [inf], [inf], [inf], [inf], [inf], [inf], [inf], [inf], [inf], [inf], [inf], [inf], [inf], [inf]],0,0.15251779556274414,24.230139017105103,1086
397,onnx/CIFAR100_resnet_medium.onnx,vnnlib/resnet_medium__label_33__idx_5659_global_k1024_eps_0.0039.vnnlib,100,unsat False,[[inf], [inf], [inf], [inf], [inf], [inf], [inf], [inf], [inf], [inf], [inf], [inf], [inf], [inf], [inf], [inf], [inf], [inf], [inf], [inf], [inf], [inf], [inf], [inf], [inf], [inf], [inf], [inf], [inf], [inf], [inf], [inf], [inf], [inf], [inf], [inf], [inf], [inf], [inf], [inf], [inf], [inf], [inf], [inf], [inf], [inf], [inf], [inf], [inf], [inf], [inf], [inf], [inf], [inf], [inf], [inf], [inf], [inf], [inf], [inf], [inf], [inf], [inf], [inf], [inf], [inf], [inf], [inf], [inf], [inf], [inf], [inf], [inf], [inf], [inf], [inf], [inf], [inf], [inf], [inf], [inf], [inf], [inf], [inf], [inf], [inf], [inf], [inf], [inf], [inf], [inf], [inf], [inf], [inf], [inf], [inf], [inf], [inf]],0,0.15209221839904785,29.005605936050415,1218
398,onnx/CIFAR100_resnet_medium.onnx,vnnlib/resnet_medium__label_33__idx_5659_fix_mask_seg0_k1024_eps_0.0039.vnnlib,100,unsat True,,,,2.4817044734954834,0
399,onnx/CIFAR100_resnet_medium.onnx,vnnlib/resnet_medium__label_33__idx_5659_fix_nonmask_seg0_k1024_eps_0.0039.vnnlib,100,unsat False,[[inf], [inf], [inf], [inf], [inf], [inf], [inf], [inf], [inf], [inf], [inf], [inf], [inf], [inf], [inf], [inf], [inf], [inf], [inf], [inf], [inf], [inf], [inf], [inf], [inf], [inf], [inf], [inf], [inf], [inf], [inf], [inf], [inf], [inf], [inf], [inf], [inf], [inf], [inf], [inf], [inf], [inf], [inf], [inf], [inf], [inf], [inf], [inf], [inf], [inf], [inf], [inf], [inf], [inf], [inf], [inf], [inf], [inf], [inf], [inf], [inf], [inf], [inf], [inf], [inf], [inf], [inf], [inf], [inf], [inf], [inf], [inf], [inf], [inf], [inf], [inf], [inf], [inf], [inf], [inf], [inf], [inf], [inf], [inf], [inf], [inf], [inf], [inf], [inf], [inf], [inf], [inf], [inf], [inf], [inf], [inf], [inf], [inf]],0,0.2332468032836914,32.50960326194763,1216
400,onnx/CIFAR100_resnet_medium.onnx,vnnlib/resnet_medium__label_34__idx_3617_global_k1024_eps_0.0039.vnnlib,100,unsat False,[[inf], [inf], [inf], [inf], [inf], [inf], [inf], [inf], [inf], [inf], [inf], [inf], [inf], [inf], [inf], [inf], [inf], [inf], [inf], [inf], [inf], [inf], [inf], [inf], [inf], [inf], [inf], [inf], [inf], [inf], [inf], [inf], [inf], [inf], [inf], [inf], [inf], [inf], [inf], [inf], [inf], [inf], [inf], [inf], [inf], [inf], [inf], [inf], [inf], [inf], [inf], [inf], [inf], [inf], [inf], [inf], [inf], [inf], [inf], [inf], [inf], [inf], [inf], [inf], [inf], [inf], [inf], [inf], [inf], [inf], [inf], [inf], [inf], [inf], [inf], [inf], [inf], [inf], [inf], [inf], [inf], [inf], [inf], [inf], [inf], [inf], [inf], [inf], [inf], [inf], [inf], [inf], [inf], [inf], [inf], [inf], [inf], [inf]],0,0.23679089546203613,17.28315496444702,1195
401,onnx/CIFAR100_resnet_medium.onnx,vnnlib/resnet_medium__label_34__idx_3617_fix_mask_seg0_k1024_eps_0.0039.vnnlib,100,unsat True,,,,2.640315055847168,0
402,onnx/CIFAR100_resnet_medium.onnx,vnnlib/resnet_medium__label_34__idx_3617_fix_nonmask_seg0_k1024_eps_0.0039.vnnlib,100,unsat False,[[inf], [inf], [inf], [inf], [inf], [inf], [inf], [inf], [inf], [inf], [inf], [inf], [inf], [inf], [inf], [inf], [inf], [inf], [inf], [inf], [inf], [inf], [inf], [inf], [inf], [inf], [inf], [inf], [inf], [inf], [inf], [inf], [inf], [inf], [inf], [inf], [inf], [inf], [inf], [inf], [inf], [inf], [inf], [inf], [inf], [inf], [inf], [inf], [inf], [inf], [inf], [inf], [inf], [inf], [inf], [inf], [inf], [inf], [inf], [inf], [inf], [inf], [inf], [inf], [inf], [inf], [inf], [inf], [inf], [inf], [inf], [inf], [inf], [inf], [inf], [inf], [inf], [inf], [inf], [inf], [inf], [inf], [inf], [inf], [inf], [inf], [inf], [inf], [inf], [inf], [inf], [inf], [inf], [inf], [inf], [inf], [inf], [inf]],0,0.23644661903381348,16.6207754611969,1160
403,onnx/CIFAR100_resnet_medium.onnx,vnnlib/resnet_medium__label_37__idx_6343_global_k1024_eps_0.0039.vnnlib,100,timeout False,[[inf], [inf], [inf], [inf], [inf], [inf], [inf], [inf], [inf], [inf], [inf], [inf], [inf], [inf], [inf], [inf], [inf], [inf], [inf], [inf], [inf], [inf], [inf], [inf], [inf], [inf], [inf], [inf], [inf], [inf], [inf], [inf], [inf], [inf], [inf], [inf], [inf], [inf], [inf], [inf], [inf], [inf], [inf], [inf], [inf], [inf], [inf], [inf], [inf], [inf], [inf], [inf], [inf], [inf], [inf], [inf], [inf], [inf], [inf], [inf], [inf], [inf], [inf], [inf], [inf], [inf], [inf], [inf], [inf], [inf], [inf], [inf], [inf], [inf], [inf], [inf], [inf], [inf], [inf], [0.08690416812896729], [inf], [inf], [inf], [inf], [inf], [inf], [inf], [inf], [inf], [inf], [inf], [inf], [inf], [inf], [inf], [inf], [inf], [inf]],0,0.2304840087890625,107.29807567596436,1048
404,onnx/CIFAR100_resnet_medium.onnx,vnnlib/resnet_medium__label_37__idx_6343_fix_mask_seg0_k1024_eps_0.0039.vnnlib,100,unsat True,,,,2.788834571838379,0
405,onnx/CIFAR100_resnet_medium.onnx,vnnlib/resnet_medium__label_37__idx_6343_fix_nonmask_seg0_k1024_eps_0.0039.vnnlib,100,unsat False,[[inf], [inf], [inf], [inf], [inf], [inf], [inf], [inf], [inf], [inf], [inf], [inf], [inf], [inf], [inf], [inf], [inf], [inf], [inf], [inf], [inf], [inf], [inf], [inf], [inf], [inf], [inf], [inf], [inf], [inf], [inf], [inf], [inf], [inf], [inf], [inf], [inf], [inf], [inf], [inf], [inf], [inf], [inf], [inf], [inf], [inf], [inf], [inf], [inf], [inf], [inf], [inf], [inf], [inf], [inf], [inf], [inf], [inf], [inf], [inf], [inf], [inf], [inf], [inf], [inf], [inf], [inf], [inf], [inf], [inf], [inf], [inf], [inf], [inf], [inf], [inf], [inf], [inf], [inf], [inf], [inf], [inf], [inf], [inf], [inf], [inf], [inf], [inf], [inf], [inf], [inf], [inf], [inf], [inf], [inf], [inf], [inf], [inf]],0,0.222794771194458,32.75653100013733,989
406,onnx/CIFAR100_resnet_medium.onnx,vnnlib/resnet_medium__label_37__idx_7644_global_k1024_eps_0.0039.vnnlib,100,timeout False,[[inf], [inf], [inf], [inf], [inf], [inf], [inf], [inf], [inf], [inf], [inf], [inf], [inf], [inf], [inf], [inf], [inf], [inf], [inf], [inf], [inf], [inf], [inf], [inf], [inf], [inf], [inf], [inf], [inf], [inf], [inf], [inf], [inf], [inf], [inf], [inf], [inf], [inf], [inf], [inf], [inf], [inf], [inf], [inf], [inf], [inf], [inf], [inf], [inf], [inf], [inf], [inf], [inf], [inf], [inf], [inf], [inf], [inf], [inf], [inf], [inf], [inf], [inf], [inf], [inf], [inf], [inf], [inf], [inf], [inf], [inf], [inf], [inf], [inf], [inf], [inf], [inf], [inf], [inf], [inf], [inf], [inf], [inf], [inf], [inf], [inf], [inf], [inf], [inf], [inf], [inf], [inf], [inf], [inf], [inf], [inf], [inf], [inf]],0,0.17333412170410156,107.34220123291016,838
407,onnx/CIFAR100_resnet_medium.onnx,vnnlib/resnet_medium__label_37__idx_7644_fix_mask_seg0_k1024_eps_0.0039.vnnlib,100,unsat True,,,,3.0252091884613037,0
408,onnx/CIFAR100_resnet_medium.onnx,vnnlib/resnet_medium__label_37__idx_7644_fix_nonmask_seg0_k1024_eps_0.0039.vnnlib,100,timeout False,[[inf], [inf], [inf], [inf], [inf], [inf], [inf], [inf], [inf], [inf], [inf], [inf], [inf], [inf], [inf], [inf], [inf], [inf], [inf], [inf], [inf], [inf], [inf], [inf], [inf], [inf], [inf], [inf], [inf], [inf], [inf], [inf], [inf], [inf], [inf], [inf], [inf], [inf], [inf], [inf], [inf], [inf], [inf], [inf], [inf], [inf], [inf], [inf], [inf], [inf], [inf], [inf], [inf], [inf], [inf], [inf], [inf], [inf], [inf], [inf], [inf], [inf], [inf], [inf], [inf], [inf], [inf], [inf], [inf], [inf], [inf], [inf], [inf], [inf], [inf], [inf], [inf], [inf], [inf], [inf], [inf], [inf], [inf], [inf], [inf], [inf], [inf], [inf], [inf], [inf], [inf], [inf], [inf], [inf], [inf], [inf], [inf], [inf]],0,0.15106773376464844,103.64710354804993,833
409,onnx/CIFAR100_resnet_medium.onnx,vnnlib/resnet_medium__label_42__idx_2704_global_k1024_eps_0.0039.vnnlib,100,sat True,,,,3.393627166748047,0
410,onnx/CIFAR100_resnet_medium.onnx,vnnlib/resnet_medium__label_42__idx_2704_fix_mask_seg0_k1024_eps_0.0039.vnnlib,100,unsat True,,,,3.1663856506347656,0
411,onnx/CIFAR100_resnet_medium.onnx,vnnlib/resnet_medium__label_42__idx_2704_fix_nonmask_seg0_k1024_eps_0.0039.vnnlib,100,sat True,,,,3.4490280151367188,0
412,onnx/CIFAR100_resnet_medium.onnx,vnnlib/resnet_medium__label_42__idx_6462_global_k1024_eps_0.0039.vnnlib,100,timeout False,[[inf], [inf], [inf], [inf], [inf], [inf], [inf], [inf], [inf], [inf], [inf], [inf], [inf], [inf], [inf], [inf], [inf], [inf], [inf], [inf], [inf], [inf], [inf], [inf], [inf], [inf], [inf], [inf], [inf], [inf], [inf], [inf], [inf], [inf], [inf], [inf], [inf], [inf], [0.1898479461669922], [inf], [inf], [inf], [inf], [inf], [inf], [inf], [inf], [inf], [inf], [inf], [inf], [inf], [inf], [inf], [inf], [inf], [inf], [inf], [inf], [inf], [inf], [inf], [inf], [inf], [inf], [inf], [inf], [inf], [inf], [inf], [inf], [inf], [inf], [inf], [inf], [inf], [0.17297124862670898], [inf], [inf], [inf], [inf], [inf], [inf], [inf], [inf]],0,0.29535675048828125,103.86940884590149,1316
413,onnx/CIFAR100_resnet_medium.onnx,vnnlib/resnet_medium__label_42__idx_6462_fix_mask_seg0_k1024_eps_0.0039.vnnlib,100,unsat True,,,,2.835792303085327,0
414,onnx/CIFAR100_resnet_medium.onnx,vnnlib/resnet_medium__label_42__idx_6462_fix_nonmask_seg0_k1024_eps_0.0039.vnnlib,100,timeout False,[[inf], [inf], [inf], [inf], [inf], [inf], [inf], [inf], [inf], [inf], [inf], [inf], [inf], [inf], [inf], [inf], [inf], [inf], [inf], [inf], [inf], [inf], [inf], [inf], [inf], [inf], [inf], [inf], [inf], [inf], [inf], [inf], [inf], [inf], [inf], [inf], [inf], [inf], [0.11229133605957031], [inf], [inf], [inf], [inf], [inf], [inf], [inf], [inf], [inf], [inf], [inf], [inf], [inf], [inf], [inf], [inf], [0.11708605289459229], [inf], [inf], [inf], [inf], [inf], [inf], [inf], [inf], [inf], [inf], [inf], [inf], [inf], [0.030708789825439453], [inf], [inf], [inf], [inf], [inf], [inf], [inf], [0.014141559600830078], [inf], [inf], [inf], [inf], [inf], [inf], [inf], [inf], [inf], [inf], [inf]],0,0.24194693565368652,109.1074435710907,1251
415,onnx/CIFAR100_resnet_medium.onnx,vnnlib/resnet_medium__label_43__idx_5506_global_k1024_eps_0.0039.vnnlib,100,unsat False,[[inf], [inf], [inf], [inf], [inf], [inf], [inf], [inf], [inf], [inf], [inf], [inf], [inf], [inf], [inf], [inf], [inf], [inf], [inf], [inf], [inf], [inf], [inf], [inf], [inf], [inf], [inf], [inf], [inf], [inf], [inf], [inf], [inf], [inf], [inf], [inf], [inf], [inf], [inf], [inf], [inf], [inf], [0.17485570907592773], [inf], [inf], [inf], [inf], [inf], [inf], [inf], [inf], [inf], [inf], [inf], [inf], [inf], [inf], [inf], [inf], [inf], [inf], [inf], [inf], [inf], [inf], [inf], [inf], [inf], [inf], [inf], [inf], [inf], [inf], [inf], [inf], [inf], [inf], [inf], [inf], [inf], [inf], [inf], [inf], [inf], [inf], [inf], [inf], [inf], [inf], [inf], [inf], [inf], [inf], [inf], [inf], [inf], [inf]],0,0.23603010177612305,16.67298460006714,1427
416,onnx/CIFAR100_resnet_medium.onnx,vnnlib/resnet_medium__label_43__idx_5506_fix_mask_seg0_k1024_eps_0.0039.vnnlib,100,unsat True,,,,2.2488183975219727,0
417,onnx/CIFAR100_resnet_medium.onnx,vnnlib/resnet_medium__label_43__idx_5506_fix_nonmask_seg0_k1024_eps_0.0039.vnnlib,100,unsat False,[[inf], [inf], [inf], [inf], [inf], [inf], [inf], [inf], [inf], [inf], [inf], [inf], [inf], [inf], [inf], [inf], [inf], [inf], [inf], [inf], [inf], [inf], [inf], [inf], [inf], [inf], [inf], [inf], [inf], [inf], [inf], [inf], [inf], [inf], [inf], [inf], [inf], [inf], [inf], [inf], [inf], [inf], [0.17485618591308594], [inf], [inf], [inf], [inf], [inf], [inf], [inf], [inf], [inf], [inf], [inf], [inf], [inf], [inf], [inf], [inf], [inf], [inf], [inf], [inf], [inf], [inf], [inf], [inf], [inf], [inf], [inf], [inf], [inf], [inf], [inf], [inf], [inf], [inf], [inf], [inf], [inf], [inf], [inf], [inf], [inf], [inf], [inf], [inf], [inf], [inf], [inf], [inf], [inf], [inf], [inf], [inf], [inf], [inf]],0,0.15326356887817383,16.375510215759277,1427
418,onnx/CIFAR100_resnet_medium.onnx,vnnlib/resnet_medium__label_43__idx_7494_global_k1024_eps_0.0039.vnnlib,100,unsat False,[[inf], [inf], [inf], [inf], [inf], [inf], [inf], [inf], [inf], [inf], [inf], [inf], [inf], [inf], [inf], [inf], [inf], [inf], [inf], [inf], [inf], [inf], [inf], [inf], [inf], [inf], [inf], [inf], [inf], [inf], [inf], [inf], [inf], [inf], [inf], [inf], [inf], [inf], [inf], [inf], [inf], [inf], [inf], [inf], [inf], [inf], [inf], [inf], [inf], [inf], [inf], [inf], [inf], [inf], [inf], [inf], [inf], [inf], [inf], [inf], [inf], [inf], [inf], [inf], [inf], [inf], [inf], [inf], [inf], [inf], [inf], [inf], [inf], [inf], [inf], [inf], [inf], [inf], [inf], [inf], [inf], [inf], [inf], [inf], [inf], [inf], [inf], [inf], [inf], [inf], [inf], [inf], [inf], [inf], [inf], [inf], [inf], [inf]],0,0.15176987648010254,14.918742895126343,1236
419,onnx/CIFAR100_resnet_medium.onnx,vnnlib/resnet_medium__label_43__idx_7494_fix_mask_seg0_k1024_eps_0.0039.vnnlib,100,unsat True,,,,2.5800163745880127,0
420,onnx/CIFAR100_resnet_medium.onnx,vnnlib/resnet_medium__label_43__idx_7494_fix_nonmask_seg0_k1024_eps_0.0039.vnnlib,100,unsat True,,,,11.60252070426941,0
421,onnx/CIFAR100_resnet_medium.onnx,vnnlib/resnet_medium__label_43__idx_8824_global_k1024_eps_0.0039.vnnlib,100,unsat False,[[inf], [inf], [inf], [inf], [inf], [inf], [inf], [inf], [inf], [inf], [inf], [inf], [inf], [inf], [inf], [inf], [inf], [inf], [inf], [inf], [inf], [inf], [inf], [inf], [inf], [inf], [inf], [inf], [inf], [inf], [inf], [inf], [inf], [inf], [inf], [inf], [inf], [inf], [0.3097982406616211], [inf], [inf], [inf], [inf], [inf], [inf], [inf], [inf], [inf], [inf], [inf], [inf], [inf], [inf], [inf], [inf], [inf], [inf], [inf], [inf], [inf], [inf], [inf], [0.3741931915283203], [inf], [inf], [inf], [inf], [inf], [inf], [inf], [inf], [inf], [inf], [inf], [inf], [inf], [inf], [0.12831568717956543], [inf], [inf], [inf], [inf], [inf], [inf], [inf], [inf], [inf], [inf], [inf], [inf], [inf], [inf], [inf], [0.45917415618896484], [inf], [inf], [inf]],0,0.23265504837036133,30.504801511764526,1344
422,onnx/CIFAR100_resnet_medium.onnx,vnnlib/resnet_medium__label_43__idx_8824_fix_mask_seg0_k1024_eps_0.0039.vnnlib,100,unsat True,,,,2.850778102874756,0
423,onnx/CIFAR100_resnet_medium.onnx,vnnlib/resnet_medium__label_43__idx_8824_fix_nonmask_seg0_k1024_eps_0.0039.vnnlib,100,unsat False,[[inf], [inf], [inf], [inf], [inf], [inf], [inf], [inf], [inf], [inf], [inf], [inf], [inf], [inf], [inf], [inf], [inf], [inf], [inf], [inf], [inf], [inf], [inf], [inf], [inf], [inf], [inf], [inf], [inf], [inf], [inf], [inf], [inf], [inf], [inf], [inf], [inf], [inf], [inf], [inf], [inf], [inf], [inf], [inf], [inf], [inf], [inf], [inf], [inf], [inf], [inf], [inf], [inf], [inf], [inf], [inf], [inf], [inf], [inf], [inf], [inf], [inf], [inf], [inf], [inf], [inf], [inf], [inf], [inf], [inf], [inf], [inf], [inf], [inf], [inf], [inf], [inf], [inf], [inf], [inf], [inf], [inf], [inf], [inf], [inf], [inf], [inf], [inf], [inf], [inf], [inf], [inf], [inf], [inf], [inf], [inf], [inf], [inf]],0,0.23489832878112793,18.085745334625244,1201
424,onnx/CIFAR100_resnet_medium.onnx,vnnlib/resnet_medium__label_44__idx_7654_global_k1024_eps_0.0039.vnnlib,100,timeout False,[[inf], [inf], [inf], [inf], [inf], [inf], [inf], [inf], [inf], [inf], [inf], [inf], [inf], [inf], [inf], [inf], [inf], [inf], [inf], [inf], [inf], [inf], [inf], [inf], [inf], [inf], [inf], [inf], [inf], [inf], [inf], [inf], [inf], [inf], [inf], [inf], [inf], [inf], [inf], [inf], [inf], [inf], [inf], [inf], [inf], [inf], [inf], [inf], [inf], [inf], [inf], [inf], [inf], [inf], [inf], [inf], [inf], [inf], [inf], [inf], [inf], [inf], [inf], [inf], [inf], [inf], [inf], [inf], [inf], [inf], [inf], [inf], [inf], [inf], [inf], [inf], [inf], [inf], [inf], [inf], [inf], [inf], [inf], [inf], [inf], [inf], [inf], [inf], [inf], [inf], [inf], [inf], [inf], [inf], [inf], [inf], [inf], [inf]],0,0.23837566375732422,101.17425465583801,1106
425,onnx/CIFAR100_resnet_medium.onnx,vnnlib/resnet_medium__label_44__idx_7654_fix_mask_seg0_k1024_eps_0.0039.vnnlib,100,unsat True,,,,2.2187130451202393,0
426,onnx/CIFAR100_resnet_medium.onnx,vnnlib/resnet_medium__label_44__idx_7654_fix_nonmask_seg0_k1024_eps_0.0039.vnnlib,100,timeout False,[[inf], [inf], [inf], [inf], [inf], [inf], [inf], [inf], [inf], [inf], [inf], [inf], [inf], [inf], [inf], [inf], [inf], [inf], [inf], [inf], [inf], [inf], [inf], [inf], [inf], [inf], [inf], [inf], [inf], [inf], [inf], [inf], [inf], [inf], [inf], [inf], [inf], [inf], [inf], [inf], [inf], [inf], [inf], [inf], [inf], [inf], [inf], [inf], [inf], [inf], [inf], [inf], [inf], [inf], [inf], [inf], [inf], [inf], [inf], [inf], [inf], [inf], [inf], [inf], [inf], [inf], [inf], [inf], [inf], [inf], [inf], [inf], [inf], [inf], [inf], [inf], [inf], [inf], [inf], [inf], [inf], [inf], [inf], [inf], [inf], [inf], [inf], [inf], [inf], [inf], [inf], [inf], [inf], [inf], [inf], [inf], [inf], [inf]],0,0.14929699897766113,102.56849479675293,1106
427,onnx/CIFAR100_resnet_medium.onnx,vnnlib/resnet_medium__label_45__idx_1537_global_k1024_eps_0.0039.vnnlib,100,timeout False,[[inf], [inf], [inf], [inf], [inf], [inf], [inf], [inf], [inf], [inf], [inf], [inf], [inf], [inf], [inf], [inf], [inf], [inf], [inf], [inf], [inf], [inf], [inf], [0.07104158401489258], [inf], [0.16978514194488525], [inf], [inf], [inf], [inf], [inf], [inf], [inf], [inf], [inf], [inf], [inf], [inf], [inf], [inf], [inf], [inf], [inf], [inf], [inf], [inf], [inf], [inf], [inf], [inf], [inf], [inf], [inf], [inf], [inf], [inf], [inf], [inf], [inf], [inf], [inf], [inf], [inf], [inf], [inf], [inf], [inf], [inf], [inf], [inf], [inf], [inf], [inf], [inf], [inf], [inf], [inf], [inf], [inf], [inf], [inf], [inf], [inf], [inf], [inf], [inf], [inf], [inf], [0.09950733184814453]],0,0.23856401443481445,111.12029457092285,1368
428,onnx/CIFAR100_resnet_medium.onnx,vnnlib/resnet_medium__label_45__idx_1537_fix_mask_seg0_k1024_eps_0.0039.vnnlib,100,unsat True,,,,2.933807134628296,0
429,onnx/CIFAR100_resnet_medium.onnx,vnnlib/resnet_medium__label_45__idx_1537_fix_nonmask_seg0_k1024_eps_0.0039.vnnlib,100,timeout False,[[inf], [inf], [inf], [inf], [inf], [inf], [inf], [inf], [inf], [inf], [inf], [inf], [inf], [inf], [inf], [inf], [inf], [inf], [inf], [inf], [inf], [inf], [inf], [0.07196283340454102], [inf], [0.17058813571929932], [inf], [inf], [inf], [inf], [inf], [inf], [inf], [inf], [inf], [inf], [inf], [inf], [inf], [inf], [inf], [inf], [inf], [inf], [inf], [inf], [inf], [inf], [inf], [inf], [inf], [inf], [inf], [inf], [inf], [inf], [inf], [inf], [inf], [inf], [inf], [inf], [inf], [inf], [inf], [inf], [inf], [inf], [inf], [inf], [inf], [inf], [inf], [inf], [inf], [inf], [inf], [inf], [inf], [inf], [inf], [inf], [inf], [inf], [inf], [inf], [inf], [inf], [0.10062861442565918]],0,0.1477193832397461,104.69783353805542,1367
430,onnx/CIFAR100_resnet_medium.onnx,vnnlib/resnet_medium__label_46__idx_993_global_k1024_eps_0.0039.vnnlib,100,unsat False,[[inf], [inf], [inf], [inf], [inf], [inf], [inf], [inf], [inf], [inf], [inf], [inf], [inf], [inf], [inf], [inf], [inf], [inf], [inf], [inf], [inf], [inf], [inf], [inf], [inf], [inf], [inf], [inf], [inf], [inf], [inf], [inf], [inf], [inf], [inf], [inf], [inf], [inf], [inf], [inf], [inf], [inf], [inf], [inf], [inf], [inf], [inf], [inf], [inf], [0.006224274635314941], [inf], [inf], [inf], [inf], [inf], [inf], [inf], [inf], [inf], [inf], [inf], [inf], [inf], [inf], [inf], [inf], [inf], [inf], [inf], [inf], [inf], [inf], [inf], [inf], [inf], [inf], [inf], [inf], [inf], [inf], [inf], [inf], [inf], [inf], [inf], [inf], [inf], [inf], [inf], [inf], [inf], [inf], [inf], [inf], [inf], [inf], [inf], [inf]],0,0.23735570907592773,16.66965413093567,897
431,onnx/CIFAR100_resnet_medium.onnx,vnnlib/resnet_medium__label_46__idx_993_fix_mask_seg0_k1024_eps_0.0039.vnnlib,100,unsat True,,,,2.3177735805511475,0
432,onnx/CIFAR100_resnet_medium.onnx,vnnlib/resnet_medium__label_46__idx_993_fix_nonmask_seg0_k1024_eps_0.0039.vnnlib,100,unsat False,[[inf], [inf], [inf], [inf], [inf], [inf], [inf], [inf], [inf], [inf], [inf], [inf], [inf], [inf], [inf], [inf], [inf], [inf], [inf], [inf], [inf], [inf], [inf], [inf], [inf], [inf], [inf], [inf], [inf], [inf], [inf], [inf], [inf], [inf], [inf], [inf], [inf], [inf], [inf], [inf], [inf], [inf], [inf], [inf], [inf], [inf], [inf], [inf], [inf], [0.006221890449523926], [inf], [inf], [inf], [inf], [inf], [inf], [inf], [inf], [inf], [inf], [inf], [inf], [inf], [inf], [inf], [inf], [inf], [inf], [inf], [inf], [inf], [inf], [inf], [inf], [inf], [inf], [inf], [inf], [inf], [inf], [inf], [inf], [inf], [inf], [inf], [inf], [inf], [inf], [inf], [inf], [inf], [inf], [inf], [inf], [inf], [inf], [inf], [inf]],0,0.14964890480041504,16.129369735717773,897
433,onnx/CIFAR100_resnet_medium.onnx,vnnlib/resnet_medium__label_48__idx_8860_global_k1024_eps_0.0039.vnnlib,100,unsat False,[[inf], [inf], [inf], [inf], [inf], [inf], [inf], [inf], [inf], [inf], [inf], [inf], [inf], [inf], [inf], [inf], [inf], [inf], [inf], [inf], [inf], [inf], [inf], [inf], [inf], [inf], [inf], [inf], [inf], [inf], [inf], [inf], [inf], [inf], [inf], [inf], [inf], [inf], [inf], [inf], [inf], [inf], [inf], [inf], [inf], [inf], [inf], [inf], [inf], [inf], [inf], [inf], [inf], [inf], [inf], [inf], [inf], [0.1664869785308838], [inf], [inf], [inf], [inf], [inf], [inf], [inf], [inf], [inf], [inf], [inf], [inf], [inf], [inf], [inf], [inf], [inf], [inf], [inf], [inf], [inf], [inf], [inf], [inf], [inf], [inf], [inf], [inf], [inf], [inf], [inf], [inf], [inf], [inf], [inf], [inf], [inf], [inf], [inf], [inf]],0,0.24080276489257812,35.88748121261597,1160
434,onnx/CIFAR100_resnet_medium.onnx,vnnlib/resnet_medium__label_48__idx_8860_fix_mask_seg0_k1024_eps_0.0039.vnnlib,100,unsat True,,,,2.735086679458618,0
435,onnx/CIFAR100_resnet_medium.onnx,vnnlib/resnet_medium__label_48__idx_8860_fix_nonmask_seg0_k1024_eps_0.0039.vnnlib,100,unsat False,[[inf], [inf], [inf], [inf], [inf], [inf], [inf], [inf], [inf], [inf], [inf], [inf], [inf], [inf], [inf], [inf], [inf], [inf], [inf], [inf], [inf], [inf], [inf], [inf], [inf], [inf], [inf], [inf], [inf], [inf], [inf], [inf], [inf], [inf], [inf], [inf], [inf], [inf], [inf], [inf], [inf], [inf], [inf], [inf], [inf], [inf], [inf], [inf], [inf], [inf], [inf], [inf], [inf], [inf], [inf], [inf], [inf], [inf], [inf], [inf], [inf], [inf], [inf], [inf], [inf], [inf], [inf], [inf], [inf], [inf], [inf], [inf], [inf], [inf], [inf], [inf], [inf], [inf], [inf], [inf], [inf], [inf], [inf], [inf], [inf], [inf], [inf], [inf], [inf], [inf], [inf], [inf], [inf], [inf], [inf], [inf], [inf], [inf]],0,0.14658594131469727,17.373990535736084,1019
436,onnx/CIFAR100_resnet_medium.onnx,vnnlib/resnet_medium__label_49__idx_3864_global_k1024_eps_0.0039.vnnlib,100,timeout False,[[inf], [inf], [inf], [inf], [inf], [inf], [inf], [inf], [inf], [inf], [inf], [inf], [inf], [inf], [inf], [inf], [inf], [inf], [inf], [inf], [inf], [inf], [inf], [inf], [inf], [inf], [inf], [inf], [inf], [inf], [inf], [inf], [inf], [inf], [inf], [inf], [inf], [inf], [inf], [inf], [inf], [inf], [inf], [inf], [inf], [inf], [inf], [inf], [inf], [inf], [inf], [inf], [inf], [inf], [inf], [inf], [inf], [inf], [inf], [inf], [inf], [inf], [inf], [inf], [inf], [inf], [inf], [inf], [inf], [inf], [inf], [inf], [inf], [inf], [inf], [inf], [inf], [inf], [inf], [inf], [inf], [inf], [inf], [inf], [inf], [inf], [inf], [inf], [inf], [inf], [inf], [inf], [inf], [inf], [inf]],0,0.14620137214660645,106.72567343711853,1117
437,onnx/CIFAR100_resnet_medium.onnx,vnnlib/resnet_medium__label_49__idx_3864_fix_mask_seg0_k1024_eps_0.0039.vnnlib,100,unsat True,,,,3.0229744911193848,0
438,onnx/CIFAR100_resnet_medium.onnx,vnnlib/resnet_medium__label_49__idx_3864_fix_nonmask_seg0_k1024_eps_0.0039.vnnlib,100,timeout False,[[inf], [inf], [inf], [inf], [inf], [inf], [inf], [inf], [inf], [inf], [inf], [inf], [inf], [inf], [inf], [inf], [inf], [inf], [inf], [inf], [inf], [inf], [inf], [inf], [inf], [inf], [inf], [inf], [inf], [inf], [inf], [inf], [inf], [inf], [inf], [inf], [inf], [inf], [inf], [inf], [inf], [inf], [inf], [inf], [inf], [inf], [inf], [inf], [inf], [inf], [inf], [inf], [inf], [inf], [inf], [inf], [inf], [inf], [inf], [inf], [inf], [inf], [inf], [inf], [inf], [inf], [inf], [inf], [inf], [inf], [inf], [inf], [inf], [inf], [inf], [inf], [inf], [inf], [inf], [inf], [inf], [inf], [inf], [inf], [inf], [inf], [inf], [inf], [inf], [inf], [inf], [inf], [inf], [inf], [inf]],0,0.23247504234313965,107.59462475776672,1064
439,onnx/CIFAR100_resnet_medium.onnx,vnnlib/resnet_medium__label_4__idx_6593_global_k1024_eps_0.0039.vnnlib,100,timeout False,[[inf], [inf], [inf], [inf], [inf], [inf], [inf], [inf], [inf], [inf], [inf], [inf], [inf], [inf], [inf], [inf], [inf], [inf], [inf], [inf], [inf], [inf], [inf], [inf], [inf], [inf], [inf], [inf], [inf], [inf], [inf], [inf], [inf], [inf], [inf], [inf], [inf], [inf], [inf], [inf], [inf], [inf], [inf], [inf], [inf], [inf], [inf], [inf], [inf], [inf], [inf], [inf], [inf], [inf], [inf], [inf], [inf], [inf], [inf], [inf], [inf], [inf], [inf], [inf], [inf], [inf], [inf], [inf], [inf], [inf], [0.17361557483673096], [inf], [inf], [inf], [inf], [inf], [inf], [inf], [inf], [inf], [inf], [inf], [inf], [inf], [inf], [inf], [inf], [inf], [inf], [inf]],0,0.2311558723449707,105.17019748687744,1303
440,onnx/CIFAR100_resnet_medium.onnx,vnnlib/resnet_medium__label_4__idx_6593_fix_mask_seg0_k1024_eps_0.0039.vnnlib,100,unsat True,,,,2.4818644523620605,0
441,onnx/CIFAR100_resnet_medium.onnx,vnnlib/resnet_medium__label_4__idx_6593_fix_nonmask_seg0_k1024_eps_0.0039.vnnlib,100,timeout False,[[inf], [inf], [inf], [inf], [inf], [inf], [inf], [inf], [inf], [inf], [inf], [inf], [inf], [inf], [inf], [inf], [inf], [inf], [inf], [inf], [inf], [inf], [inf], [inf], [inf], [inf], [inf], [inf], [inf], [inf], [inf], [inf], [inf], [inf], [inf], [inf], [inf], [inf], [inf], [inf], [inf], [inf], [inf], [inf], [inf], [inf], [inf], [inf], [inf], [inf], [inf], [inf], [inf], [inf], [inf], [inf], [inf], [inf], [inf], [inf], [inf], [inf], [inf], [inf], [inf], [inf], [inf], [inf], [inf], [inf], [0.17361098527908325], [inf], [inf], [inf], [inf], [inf], [inf], [inf], [inf], [inf], [inf], [inf], [inf], [inf], [inf], [inf], [inf], [inf], [inf], [inf]],0,0.14666247367858887,105.65298891067505,1303
442,onnx/CIFAR100_resnet_medium.onnx,vnnlib/resnet_medium__label_4__idx_9441_global_k1024_eps_0.0039.vnnlib,100,sat True,,,,3.2366394996643066,0
443,onnx/CIFAR100_resnet_medium.onnx,vnnlib/resnet_medium__label_4__idx_9441_fix_mask_seg0_k1024_eps_0.0039.vnnlib,100,unsat True,,,,2.9170126914978027,0
444,onnx/CIFAR100_resnet_medium.onnx,vnnlib/resnet_medium__label_4__idx_9441_fix_nonmask_seg0_k1024_eps_0.0039.vnnlib,100,sat True,,,,3.6335320472717285,0
445,onnx/CIFAR100_resnet_medium.onnx,vnnlib/resnet_medium__label_50__idx_4337_global_k1024_eps_0.0039.vnnlib,100,unsat False,[[inf], [inf], [inf], [inf], [inf], [inf], [inf], [inf], [inf], [inf], [inf], [inf], [inf], [inf], [inf], [inf], [inf], [inf], [inf], [inf], [inf], [inf], [inf], [inf], [inf], [inf], [inf], [inf], [inf], [inf], [inf], [inf], [inf], [inf], [inf], [inf], [inf], [inf], [inf], [inf], [inf], [inf], [inf], [inf], [inf], [inf], [inf], [inf], [inf], [inf], [inf], [inf], [inf], [inf], [inf], [inf], [inf], [inf], [inf], [inf], [inf], [inf], [inf], [inf], [inf], [inf], [inf], [inf], [inf], [inf], [inf], [inf], [inf], [inf], [inf], [inf], [inf], [inf], [inf], [inf], [inf], [inf], [inf], [inf], [inf], [inf], [inf], [inf], [inf], [inf], [inf], [inf], [inf], [inf], [inf], [inf], [inf]],0,0.24644064903259277,28.97946524620056,817
446,onnx/CIFAR100_resnet_medium.onnx,vnnlib/resnet_medium__label_50__idx_4337_fix_mask_seg0_k1024_eps_0.0039.vnnlib,100,unsat True,,,,3.149803400039673,0
447,onnx/CIFAR100_resnet_medium.onnx,vnnlib/resnet_medium__label_50__idx_4337_fix_nonmask_seg0_k1024_eps_0.0039.vnnlib,100,unsat False,[[inf], [inf], [inf], [inf], [inf], [inf], [inf], [inf], [inf], [inf], [inf], [inf], [inf], [inf], [inf], [inf], [inf], [inf], [inf], [inf], [inf], [inf], [inf], [inf], [inf], [inf], [inf], [inf], [inf], [inf], [inf], [inf], [inf], [inf], [inf], [inf], [inf], [inf], [inf], [inf], [inf], [inf], [inf], [inf], [inf], [inf], [inf], [inf], [inf], [inf], [inf], [inf], [inf], [inf], [inf], [inf], [inf], [inf], [inf], [inf], [inf], [inf], [inf], [inf], [inf], [inf], [inf], [inf], [inf], [inf], [inf], [inf], [inf], [inf], [inf], [inf], [inf], [inf], [inf], [inf], [inf], [inf], [inf], [inf], [inf], [inf], [inf], [inf], [inf], [inf], [inf], [inf], [inf], [inf], [inf], [inf], [inf]],0,0.1962294578552246,28.924927949905396,813
448,onnx/CIFAR100_resnet_medium.onnx,vnnlib/resnet_medium__label_51__idx_1154_global_k1024_eps_0.0039.vnnlib,100,sat True,,,,4.090007066726685,0
449,onnx/CIFAR100_resnet_medium.onnx,vnnlib/resnet_medium__label_51__idx_1154_fix_mask_seg0_k1024_eps_0.0039.vnnlib,100,unsat True,,,,2.5267865657806396,0
450,onnx/CIFAR100_resnet_medium.onnx,vnnlib/resnet_medium__label_51__idx_1154_fix_nonmask_seg0_k1024_eps_0.0039.vnnlib,100,sat True,,,,3.9829201698303223,0
451,onnx/CIFAR100_resnet_medium.onnx,vnnlib/resnet_medium__label_52__idx_9095_global_k1024_eps_0.0039.vnnlib,100,unsat False,[[inf], [inf], [inf], [inf], [inf], [inf], [inf], [inf], [inf], [inf], [inf], [inf], [inf], [inf], [inf], [inf], [inf], [inf], [inf], [inf], [inf], [inf], [inf], [inf], [inf], [inf], [inf], [inf], [inf], [inf], [inf], [inf], [inf], [inf], [inf], [inf], [inf], [inf], [inf], [inf], [inf], [inf], [inf], [inf], [inf], [inf], [inf], [inf], [inf], [inf], [inf], [inf], [inf], [inf], [inf], [inf], [inf], [inf], [inf], [inf], [inf], [inf], [inf], [inf], [inf], [inf], [inf], [inf], [inf], [inf], [inf], [inf], [inf], [inf], [inf], [inf], [inf], [inf], [inf], [inf], [inf], [inf], [inf], [inf], [inf], [inf], [inf], [inf], [inf], [inf], [inf], [inf], [inf], [inf], [inf], [inf], [inf], [inf]],0,0.2305896282196045,54.085978746414185,850
452,onnx/CIFAR100_resnet_medium.onnx,vnnlib/resnet_medium__label_52__idx_9095_fix_mask_seg0_k1024_eps_0.0039.vnnlib,100,unsat True,,,,3.1340880393981934,0
453,onnx/CIFAR100_resnet_medium.onnx,vnnlib/resnet_medium__label_52__idx_9095_fix_nonmask_seg0_k1024_eps_0.0039.vnnlib,100,unsat False,[[inf], [inf], [inf], [inf], [inf], [inf], [inf], [inf], [inf], [inf], [inf], [inf], [inf], [inf], [inf], [inf], [inf], [inf], [inf], [inf], [inf], [inf], [inf], [inf], [inf], [inf], [inf], [inf], [inf], [inf], [inf], [inf], [inf], [inf], [inf], [inf], [inf], [inf], [inf], [inf], [inf], [inf], [inf], [inf], [inf], [inf], [inf], [inf], [inf], [inf], [inf], [inf], [inf], [inf], [inf], [inf], [inf], [inf], [inf], [inf], [inf], [inf], [inf], [inf], [inf], [inf], [inf], [inf], [inf], [inf], [inf], [inf], [inf], [inf], [inf], [inf], [inf], [inf], [inf], [inf], [inf], [inf], [inf], [inf], [inf], [inf], [inf], [inf], [inf], [inf], [inf], [inf], [inf], [inf], [inf], [inf], [inf], [inf]],0,0.1487419605255127,43.207661628723145,849
454,onnx/CIFAR100_resnet_medium.onnx,vnnlib/resnet_medium__label_54__idx_9735_global_k1024_eps_0.0039.vnnlib,100,unsat True,,,,10.803883075714111,0
455,onnx/CIFAR100_resnet_medium.onnx,vnnlib/resnet_medium__label_54__idx_9735_fix_mask_seg0_k1024_eps_0.0039.vnnlib,100,unsat True,,,,2.3133504390716553,0
456,onnx/CIFAR100_resnet_medium.onnx,vnnlib/resnet_medium__label_54__idx_9735_fix_nonmask_seg0_k1024_eps_0.0039.vnnlib,100,unsat True,,,,10.880271434783936,0
457,onnx/CIFAR100_resnet_medium.onnx,vnnlib/resnet_medium__label_57__idx_7197_global_k1024_eps_0.0039.vnnlib,100,unsat False,[[inf], [inf], [inf], [inf], [inf], [inf], [inf], [inf], [inf], [inf], [inf], [inf], [inf], [inf], [inf], [inf], [inf], [inf], [inf], [inf], [inf], [inf], [inf], [inf], [inf], [inf], [inf], [inf], [inf], [inf], [inf], [inf], [inf], [inf], [inf], [inf], [inf], [inf], [inf], [inf], [inf], [inf], [inf], [inf], [inf], [inf], [inf], [inf], [inf], [inf], [inf], [inf], [inf], [inf], [inf], [inf], [inf], [inf], [inf], [inf], [inf], [inf], [inf], [inf], [inf], [inf], [inf], [inf], [inf], [inf], [inf], [inf], [inf], [inf], [inf], [inf], [inf], [inf], [inf], [inf], [inf], [inf], [inf], [inf], [inf], [inf], [inf], [inf], [inf], [inf], [inf], [inf], [inf], [inf], [inf], [inf], [inf], [inf]],0,0.20712542533874512,15.00916838645935,997
458,onnx/CIFAR100_resnet_medium.onnx,vnnlib/resnet_medium__label_57__idx_7197_fix_mask_seg0_k1024_eps_0.0039.vnnlib,100,unsat True,,,,2.2557647228240967,0
459,onnx/CIFAR100_resnet_medium.onnx,vnnlib/resnet_medium__label_57__idx_7197_fix_nonmask_seg0_k1024_eps_0.0039.vnnlib,100,unsat False,[[inf], [inf], [inf], [inf], [inf], [inf], [inf], [inf], [inf], [inf], [inf], [inf], [inf], [inf], [inf], [inf], [inf], [inf], [inf], [inf], [inf], [inf], [inf], [inf], [inf], [inf], [inf], [inf], [inf], [inf], [inf], [inf], [inf], [inf], [inf], [inf], [inf], [inf], [inf], [inf], [inf], [inf], [inf], [inf], [inf], [inf], [inf], [inf], [inf], [inf], [inf], [inf], [inf], [inf], [inf], [inf], [inf], [inf], [inf], [inf], [inf], [inf], [inf], [inf], [inf], [inf], [inf], [inf], [inf], [inf], [inf], [inf], [inf], [inf], [inf], [inf], [inf], [inf], [inf], [inf], [inf], [inf], [inf], [inf], [inf], [inf], [inf], [inf], [inf], [inf], [inf], [inf], [inf], [inf], [inf], [inf], [inf], [inf]],0,0.17716574668884277,14.850743532180786,997
460,onnx/CIFAR100_resnet_medium.onnx,vnnlib/resnet_medium__label_59__idx_1660_global_k1024_eps_0.0039.vnnlib,100,timeout False,[[inf], [inf], [inf], [inf], [inf], [inf], [inf], [inf], [0.3334770202636719], [inf], [inf], [inf], [inf], [inf], [inf], [inf], [inf], [inf], [inf], [inf], [inf], [inf], [inf], [inf], [inf], [inf], [inf], [inf], [inf], [inf], [inf], [inf], [inf], [inf], [inf], [inf], [inf], [inf], [inf], [inf], [inf], [inf], [inf], [inf], [inf], [inf], [inf], [inf], [inf], [0.1339869499206543], [inf], [inf], [inf], [inf], [inf], [inf], [inf], [inf], [inf], [inf], [inf], [inf], [inf], [inf], [inf], [inf], [inf], [inf], [inf], [inf], [inf], [inf], [inf], [inf], [0.3119354248046875], [inf], [inf], [inf], [inf], [inf], [inf], [inf], [inf], [inf], [inf], [inf], [inf], [inf], [inf], [inf], [inf], [inf], [inf], [inf]],0,0.1647200584411621,104.40422916412354,1549
461,onnx/CIFAR100_resnet_medium.onnx,vnnlib/resnet_medium__label_59__idx_1660_fix_mask_seg0_k1024_eps_0.0039.vnnlib,100,unsat True,,,,2.8034982681274414,0
462,onnx/CIFAR100_resnet_medium.onnx,vnnlib/resnet_medium__label_59__idx_1660_fix_nonmask_seg0_k1024_eps_0.0039.vnnlib,100,timeout False,[[inf], [inf], [inf], [inf], [inf], [inf], [inf], [inf], [0.40342235565185547], [inf], [inf], [inf], [inf], [inf], [inf], [inf], [inf], [inf], [inf], [inf], [inf], [inf], [inf], [inf], [inf], [inf], [inf], [inf], [inf], [inf], [inf], [inf], [inf], [inf], [inf], [inf], [inf], [inf], [inf], [inf], [inf], [inf], [inf], [inf], [inf], [inf], [inf], [inf], [inf], [0.19648170471191406], [inf], [inf], [inf], [inf], [inf], [inf], [inf], [inf], [inf], [inf], [inf], [inf], [inf], [inf], [inf], [inf], [inf], [inf], [inf], [inf], [inf], [inf], [inf], [inf], [0.38332080841064453], [inf], [inf], [inf], [inf], [inf], [inf], [inf], [inf], [inf], [inf], [inf], [inf], [inf], [inf], [inf], [inf], [inf], [inf], [inf]],0,0.1462557315826416,104.26038122177124,1518
463,onnx/CIFAR100_resnet_medium.onnx,vnnlib/resnet_medium__label_5__idx_4543_global_k1024_eps_0.0039.vnnlib,100,timeout False,[[inf], [inf], [inf], [inf], [inf], [inf], [inf], [inf], [inf], [inf], [inf], [inf], [inf], [inf], [inf], [inf], [inf], [inf], [inf], [inf], [inf], [inf], [inf], [inf], [inf], [inf], [inf], [inf], [inf], [inf], [inf], [inf], [inf], [inf], [inf], [inf], [inf], [inf], [inf], [inf], [inf], [inf], [inf], [inf], [inf], [inf], [inf], [inf], [inf], [inf], [inf], [inf], [inf], [inf], [inf], [inf], [inf], [inf], [inf], [inf], [inf], [inf], [inf], [inf], [inf], [inf], [inf], [inf], [inf], [inf], [inf], [inf], [inf], [inf], [inf], [inf], [inf], [inf], [inf], [inf], [inf], [inf], [inf], [inf], [inf], [0.18558931350708008], [inf], [inf], [inf], [inf], [inf], [inf], [inf], [inf], [inf], [inf]],0,0.1965498924255371,106.06090879440308,1178
464,onnx/CIFAR100_resnet_medium.onnx,vnnlib/resnet_medium__label_5__idx_4543_fix_mask_seg0_k1024_eps_0.0039.vnnlib,100,unsat True,,,,3.295381546020508,0
465,onnx/CIFAR100_resnet_medium.onnx,vnnlib/resnet_medium__label_5__idx_4543_fix_nonmask_seg0_k1024_eps_0.0039.vnnlib,100,timeout False,[[inf], [inf], [inf], [inf], [inf], [inf], [inf], [inf], [inf], [inf], [inf], [inf], [inf], [inf], [inf], [inf], [inf], [inf], [inf], [inf], [inf], [inf], [inf], [inf], [inf], [inf], [inf], [inf], [inf], [inf], [inf], [inf], [inf], [inf], [inf], [inf], [inf], [inf], [inf], [inf], [inf], [inf], [inf], [inf], [inf], [inf], [inf], [inf], [inf], [inf], [inf], [inf], [inf], [inf], [inf], [inf], [inf], [inf], [inf], [inf], [inf], [inf], [inf], [inf], [inf], [inf], [inf], [inf], [inf], [inf], [inf], [inf], [inf], [inf], [inf], [inf], [inf], [inf], [inf], [inf], [inf], [inf], [inf], [inf], [inf], [inf], [inf], [inf], [inf], [inf], [inf], [inf], [inf], [inf], [inf], [inf]],0,0.15605616569519043,101.0992922782898,1067
466,onnx/CIFAR100_resnet_medium.onnx,vnnlib/resnet_medium__label_5__idx_928_global_k1024_eps_0.0039.vnnlib,100,unsat False,[[inf], [inf], [inf], [inf], [inf], [inf], [inf], [inf], [inf], [inf], [inf], [inf], [inf], [inf], [inf], [inf], [inf], [inf], [inf], [inf], [inf], [inf], [inf], [inf], [inf], [inf], [inf], [inf], [inf], [inf], [inf], [inf], [inf], [inf], [inf], [inf], [inf], [inf], [inf], [inf], [inf], [inf], [inf], [inf], [inf], [inf], [inf], [inf], [inf], [inf], [inf], [inf], [inf], [inf], [inf], [inf], [inf], [inf], [inf], [inf], [inf], [inf], [inf], [inf], [inf], [inf], [inf], [inf], [inf], [inf], [inf], [inf], [inf], [inf], [inf], [inf], [inf], [inf], [inf], [inf], [inf], [inf], [inf], [inf], [inf], [inf], [inf], [inf], [inf], [inf], [inf], [inf], [inf], [inf], [inf], [inf], [inf]],0,0.15192103385925293,21.118316411972046,1053
467,onnx/CIFAR100_resnet_medium.onnx,vnnlib/resnet_medium__label_5__idx_928_fix_mask_seg0_k1024_eps_0.0039.vnnlib,100,unsat True,,,,2.488628387451172,0
468,onnx/CIFAR100_resnet_medium.onnx,vnnlib/resnet_medium__label_5__idx_928_fix_nonmask_seg0_k1024_eps_0.0039.vnnlib,100,unsat False,[[inf], [inf], [inf], [inf], [inf], [inf], [inf], [inf], [inf], [inf], [inf], [inf], [inf], [inf], [inf], [inf], [inf], [inf], [inf], [inf], [inf], [inf], [inf], [inf], [inf], [inf], [inf], [inf], [inf], [inf], [inf], [inf], [inf], [inf], [inf], [inf], [inf], [inf], [inf], [inf], [inf], [inf], [inf], [inf], [inf], [inf], [inf], [inf], [inf], [inf], [inf], [inf], [inf], [inf], [inf], [inf], [inf], [inf], [inf], [inf], [inf], [inf], [inf], [inf], [inf], [inf], [inf], [inf], [inf], [inf], [inf], [inf], [inf], [inf], [inf], [inf], [inf], [inf], [inf], [inf], [inf], [inf], [inf], [inf], [inf], [inf], [inf], [inf], [inf], [inf], [inf], [inf], [inf], [inf], [inf], [inf], [inf]],0,0.15440678596496582,15.9406578540802,965
469,onnx/CIFAR100_resnet_medium.onnx,vnnlib/resnet_medium__label_60__idx_4583_global_k1024_eps_0.0039.vnnlib,100,unsat False,[[inf], [inf], [inf], [inf], [inf], [inf], [inf], [inf], [inf], [inf], [inf], [inf], [inf], [inf], [inf], [inf], [inf], [inf], [inf], [inf], [inf], [inf], [inf], [inf], [inf], [inf], [inf], [inf], [inf], [inf], [inf], [inf], [inf], [inf], [inf], [inf], [inf], [inf], [inf], [inf], [inf], [inf], [inf], [inf], [inf], [inf], [inf], [inf], [inf], [inf], [inf], [inf], [inf], [inf], [inf], [inf], [inf], [inf], [inf], [inf], [inf], [inf], [inf], [inf], [inf], [inf], [inf], [inf], [inf], [inf], [inf], [inf], [inf], [inf], [inf], [inf], [inf], [inf], [inf], [inf], [inf], [inf], [inf], [inf], [inf], [inf], [inf], [inf], [inf], [inf], [inf], [inf], [inf], [inf], [inf], [inf], [inf], [inf]],0,0.18222427368164062,14.87133264541626,1225
470,onnx/CIFAR100_resnet_medium.onnx,vnnlib/resnet_medium__label_60__idx_4583_fix_mask_seg0_k1024_eps_0.0039.vnnlib,100,unsat True,,,,2.2556843757629395,0
471,onnx/CIFAR100_resnet_medium.onnx,vnnlib/resnet_medium__label_60__idx_4583_fix_nonmask_seg0_k1024_eps_0.0039.vnnlib,100,unsat False,[[inf], [inf], [inf], [inf], [inf], [inf], [inf], [inf], [inf], [inf], [inf], [inf], [inf], [inf], [inf], [inf], [inf], [inf], [inf], [inf], [inf], [inf], [inf], [inf], [inf], [inf], [inf], [inf], [inf], [inf], [inf], [inf], [inf], [inf], [inf], [inf], [inf], [inf], [inf], [inf], [inf], [inf], [inf], [inf], [inf], [inf], [inf], [inf], [inf], [inf], [inf], [inf], [inf], [inf], [inf], [inf], [inf], [inf], [inf], [inf], [inf], [inf], [inf], [inf], [inf], [inf], [inf], [inf], [inf], [inf], [inf], [inf], [inf], [inf], [inf], [inf], [inf], [inf], [inf], [inf], [inf], [inf], [inf], [inf], [inf], [inf], [inf], [inf], [inf], [inf], [inf], [inf], [inf], [inf], [inf], [inf], [inf], [inf]],0,0.15393853187561035,14.5101900100708,1225
472,onnx/CIFAR100_resnet_medium.onnx,vnnlib/resnet_medium__label_63__idx_3374_global_k1024_eps_0.0039.vnnlib,100,unsat False,[[inf], [inf], [inf], [inf], [inf], [inf], [inf], [inf], [inf], [inf], [inf], [inf], [inf], [inf], [inf], [inf], [inf], [inf], [inf], [inf], [inf], [inf], [inf], [inf], [inf], [inf], [inf], [inf], [inf], [inf], [inf], [inf], [inf], [inf], [inf], [inf], [inf], [inf], [inf], [inf], [inf], [inf], [inf], [inf], [inf], [inf], [inf], [inf], [inf], [inf], [inf], [inf], [inf], [inf], [inf], [inf], [inf], [inf], [inf], [inf], [inf], [inf], [inf], [inf], [inf], [inf], [inf], [inf], [inf], [inf], [inf], [inf], [inf], [inf], [inf], [inf], [inf], [inf], [inf], [inf], [inf], [inf], [inf], [inf], [inf], [inf], [inf], [inf], [inf], [inf], [inf], [inf], [inf], [inf], [inf], [inf], [inf], [inf]],0,0.14854931831359863,14.752622604370117,1208
473,onnx/CIFAR100_resnet_medium.onnx,vnnlib/resnet_medium__label_63__idx_3374_fix_mask_seg0_k1024_eps_0.0039.vnnlib,100,unsat True,,,,2.743035316467285,0
474,onnx/CIFAR100_resnet_medium.onnx,vnnlib/resnet_medium__label_63__idx_3374_fix_nonmask_seg0_k1024_eps_0.0039.vnnlib,100,unsat True,,,,11.105265617370605,0
475,onnx/CIFAR100_resnet_medium.onnx,vnnlib/resnet_medium__label_66__idx_1902_global_k1024_eps_0.0039.vnnlib,100,unsat False,[[inf], [inf], [inf], [inf], [inf], [inf], [inf], [inf], [inf], [inf], [inf], [inf], [inf], [inf], [inf], [inf], [inf], [inf], [inf], [inf], [inf], [inf], [inf], [inf], [inf], [inf], [inf], [inf], [inf], [inf], [inf], [inf], [inf], [inf], [inf], [inf], [inf], [inf], [inf], [inf], [inf], [inf], [inf], [inf], [inf], [inf], [inf], [inf], [inf], [inf], [inf], [inf], [inf], [inf], [inf], [inf], [inf], [inf], [inf], [inf], [inf], [inf], [inf], [inf], [0.0750422477722168], [inf], [inf], [inf], [inf], [inf], [inf], [inf], [inf], [inf], [inf], [inf], [inf], [inf], [inf], [inf], [inf], [inf], [inf], [inf], [inf], [inf], [inf], [inf], [inf], [inf], [inf], [inf], [inf], [inf], [inf], [inf], [inf], [inf]],0,0.1373271942138672,14.846966743469238,838
476,onnx/CIFAR100_resnet_medium.onnx,vnnlib/resnet_medium__label_66__idx_1902_fix_mask_seg0_k1024_eps_0.0039.vnnlib,100,unsat True,,,,3.243985652923584,0
477,onnx/CIFAR100_resnet_medium.onnx,vnnlib/resnet_medium__label_66__idx_1902_fix_nonmask_seg0_k1024_eps_0.0039.vnnlib,100,unsat False,[[inf], [inf], [inf], [inf], [inf], [inf], [inf], [inf], [inf], [inf], [inf], [inf], [inf], [inf], [inf], [inf], [inf], [inf], [inf], [inf], [inf], [inf], [inf], [inf], [inf], [inf], [inf], [inf], [inf], [inf], [inf], [inf], [inf], [inf], [inf], [inf], [inf], [inf], [inf], [inf], [inf], [inf], [inf], [inf], [inf], [inf], [inf], [inf], [inf], [inf], [inf], [inf], [inf], [inf], [inf], [inf], [inf], [inf], [inf], [inf], [inf], [inf], [inf], [inf], [0.08539724349975586], [inf], [inf], [inf], [inf], [inf], [inf], [inf], [inf], [inf], [inf], [inf], [inf], [inf], [inf], [inf], [inf], [inf], [inf], [inf], [inf], [inf], [inf], [inf], [inf], [inf], [inf], [inf], [inf], [inf], [inf], [inf], [inf], [inf]],0,0.14720606803894043,14.872161626815796,827
478,onnx/CIFAR100_resnet_medium.onnx,vnnlib/resnet_medium__label_68__idx_1522_global_k1024_eps_0.0039.vnnlib,100,unsat False,[[inf], [inf], [inf], [inf], [inf], [inf], [inf], [inf], [inf], [inf], [inf], [inf], [inf], [inf], [inf], [inf], [inf], [inf], [inf], [inf], [inf], [inf], [inf], [inf], [inf], [inf], [inf], [inf], [inf], [inf], [inf], [inf], [inf], [inf], [inf], [inf], [inf], [inf], [inf], [inf], [inf], [inf], [inf], [inf], [inf], [inf], [inf], [inf], [inf], [inf], [inf], [inf], [inf], [inf], [inf], [inf], [inf], [inf], [inf], [inf], [inf], [inf], [inf], [inf], [inf], [inf], [inf], [inf], [inf], [0.09286308288574219], [inf], [inf], [inf], [inf], [inf], [inf], [inf], [inf], [inf], [inf], [inf], [inf], [inf], [inf], [inf], [inf], [inf], [inf], [inf], [inf], [inf], [inf], [inf], [inf], [inf], [inf], [inf], [inf]],0,0.15030908584594727,13.751001834869385,862
479,onnx/CIFAR100_resnet_medium.onnx,vnnlib/resnet_medium__label_68__idx_1522_fix_mask_seg0_k1024_eps_0.0039.vnnlib,100,unsat True,,,,2.9650790691375732,0
480,onnx/CIFAR100_resnet_medium.onnx,vnnlib/resnet_medium__label_68__idx_1522_fix_nonmask_seg0_k1024_eps_0.0039.vnnlib,100,unsat False,[[inf], [inf], [inf], [inf], [inf], [inf], [inf], [inf], [inf], [inf], [inf], [inf], [inf], [inf], [inf], [inf], [inf], [inf], [inf], [inf], [inf], [inf], [inf], [inf], [inf], [inf], [inf], [inf], [inf], [inf], [inf], [inf], [inf], [inf], [inf], [inf], [inf], [inf], [inf], [inf], [inf], [inf], [inf], [inf], [inf], [inf], [inf], [inf], [inf], [inf], [inf], [inf], [inf], [inf], [inf], [inf], [inf], [inf], [inf], [inf], [inf], [inf], [inf], [inf], [inf], [inf], [inf], [inf], [inf], [0.092864990234375], [inf], [inf], [inf], [inf], [inf], [inf], [inf], [inf], [inf], [inf], [inf], [inf], [inf], [inf], [inf], [inf], [inf], [inf], [inf], [inf], [inf], [inf], [inf], [inf], [inf], [inf], [inf], [inf]],0,0.149125337600708,14.072738885879517,862
481,onnx/CIFAR100_resnet_medium.onnx,vnnlib/resnet_medium__label_6__idx_4129_global_k1024_eps_0.0039.vnnlib,100,unsat False,[[inf], [inf], [inf], [inf], [inf], [inf], [inf], [inf], [inf], [inf], [inf], [inf], [inf], [inf], [inf], [inf], [inf], [inf], [inf], [inf], [inf], [inf], [inf], [inf], [inf], [inf], [inf], [inf], [inf], [inf], [inf], [inf], [inf], [inf], [inf], [inf], [inf], [inf], [inf], [inf], [inf], [inf], [inf], [inf], [inf], [inf], [inf], [inf], [inf], [inf], [inf], [inf], [inf], [inf], [inf], [inf], [inf], [inf], [inf], [inf], [inf], [inf], [inf], [inf], [inf], [inf], [inf], [inf], [inf], [inf], [inf], [inf], [inf], [inf], [inf], [inf], [inf], [inf], [inf], [inf], [inf], [inf], [inf], [inf], [inf], [inf], [inf], [inf], [inf], [inf], [inf], [inf], [inf], [inf], [inf], [inf], [inf], [inf]],0,0.24444293975830078,18.885549068450928,1230
482,onnx/CIFAR100_resnet_medium.onnx,vnnlib/resnet_medium__label_6__idx_4129_fix_mask_seg0_k1024_eps_0.0039.vnnlib,100,unsat True,,,,3.1170928478240967,0
483,onnx/CIFAR100_resnet_medium.onnx,vnnlib/resnet_medium__label_6__idx_4129_fix_nonmask_seg0_k1024_eps_0.0039.vnnlib,100,unsat False,[[inf], [inf], [inf], [inf], [inf], [inf], [inf], [inf], [inf], [inf], [inf], [inf], [inf], [inf], [inf], [inf], [inf], [inf], [inf], [inf], [inf], [inf], [inf], [inf], [inf], [inf], [inf], [inf], [inf], [inf], [inf], [inf], [inf], [inf], [inf], [inf], [inf], [inf], [inf], [inf], [inf], [inf], [inf], [inf], [inf], [inf], [inf], [inf], [inf], [inf], [inf], [inf], [inf], [inf], [inf], [inf], [inf], [inf], [inf], [inf], [inf], [inf], [inf], [inf], [inf], [inf], [inf], [inf], [inf], [inf], [inf], [inf], [inf], [inf], [inf], [inf], [inf], [inf], [inf], [inf], [inf], [inf], [inf], [inf], [inf], [inf], [inf], [inf], [inf], [inf], [inf], [inf], [inf], [inf], [inf], [inf], [inf], [inf]],0,0.2813847064971924,19.11478900909424,1230
484,onnx/CIFAR100_resnet_medium.onnx,vnnlib/resnet_medium__label_6__idx_4225_global_k1024_eps_0.0039.vnnlib,100,unsat False,[[inf], [inf], [inf], [inf], [inf], [inf], [inf], [inf], [inf], [inf], [inf], [inf], [inf], [inf], [inf], [inf], [inf], [inf], [inf], [inf], [inf], [inf], [inf], [inf], [inf], [inf], [inf], [inf], [inf], [inf], [inf], [inf], [inf], [inf], [inf], [inf], [inf], [inf], [inf], [inf], [inf], [inf], [inf], [inf], [inf], [inf], [inf], [inf], [inf], [inf], [inf], [inf], [inf], [inf], [inf], [inf], [inf], [inf], [inf], [inf], [inf], [inf], [inf], [inf], [inf], [inf], [inf], [inf], [inf], [inf], [inf], [inf], [inf], [inf], [inf], [inf], [inf], [inf], [inf], [inf], [inf], [inf], [inf], [inf], [inf], [inf], [inf], [inf], [inf], [inf], [inf], [inf], [inf], [inf], [inf], [0.13513755798339844], [inf], [inf]],0,0.24813055992126465,14.908425569534302,955
485,onnx/CIFAR100_resnet_medium.onnx,vnnlib/resnet_medium__label_6__idx_4225_fix_mask_seg0_k1024_eps_0.0039.vnnlib,100,unsat True,,,,3.0902674198150635,0
486,onnx/CIFAR100_resnet_medium.onnx,vnnlib/resnet_medium__label_6__idx_4225_fix_nonmask_seg0_k1024_eps_0.0039.vnnlib,100,unsat False,[[inf], [inf], [inf], [inf], [inf], [inf], [inf], [inf], [inf], [inf], [inf], [inf], [inf], [inf], [inf], [inf], [inf], [inf], [inf], [inf], [inf], [inf], [inf], [inf], [inf], [inf], [inf], [inf], [inf], [inf], [inf], [inf], [inf], [inf], [inf], [inf], [inf], [inf], [inf], [inf], [inf], [inf], [inf], [inf], [inf], [inf], [inf], [inf], [inf], [inf], [inf], [inf], [inf], [inf], [inf], [inf], [inf], [inf], [inf], [inf], [inf], [inf], [inf], [inf], [inf], [inf], [inf], [inf], [inf], [inf], [inf], [inf], [inf], [inf], [inf], [inf], [inf], [inf], [inf], [inf], [inf], [inf], [inf], [inf], [inf], [inf], [inf], [inf], [inf], [inf], [inf], [inf], [inf], [inf], [inf], [0.14015769958496094], [inf], [inf]],0,0.22694611549377441,15.615538835525513,954
487,onnx/CIFAR100_resnet_medium.onnx,vnnlib/resnet_medium__label_70__idx_3285_global_k1024_eps_0.0039.vnnlib,100,timeout False,[[inf], [inf], [inf], [inf], [inf], [inf], [inf], [inf], [inf], [inf], [inf], [inf], [inf], [inf], [inf], [inf], [inf], [inf], [inf], [inf], [inf], [inf], [inf], [inf], [inf], [inf], [inf], [inf], [inf], [inf], [inf], [inf], [inf], [inf], [inf], [inf], [inf], [inf], [inf], [inf], [inf], [inf], [inf], [inf], [inf], [inf], [inf], [inf], [inf], [inf], [inf], [inf], [inf], [inf], [inf], [inf], [inf], [inf], [inf], [inf], [inf], [inf], [inf], [inf], [inf], [inf], [inf], [inf], [inf], [inf], [inf], [inf], [inf], [inf], [inf], [inf], [inf], [inf], [inf], [inf], [inf], [inf], [inf], [inf], [inf], [inf], [inf], [inf], [inf], [inf], [inf], [inf], [inf], [inf], [inf], [inf], [inf]],0,0.26091480255126953,110.24148368835449,1101
488,onnx/CIFAR100_resnet_medium.onnx,vnnlib/resnet_medium__label_70__idx_3285_fix_mask_seg0_k1024_eps_0.0039.vnnlib,100,unsat True,,,,2.4790408611297607,0
489,onnx/CIFAR100_resnet_medium.onnx,vnnlib/resnet_medium__label_70__idx_3285_fix_nonmask_seg0_k1024_eps_0.0039.vnnlib,100,timeout False,[[inf], [inf], [inf], [inf], [inf], [inf], [inf], [inf], [inf], [inf], [inf], [inf], [inf], [inf], [inf], [inf], [inf], [inf], [inf], [inf], [inf], [inf], [inf], [inf], [inf], [inf], [inf], [inf], [inf], [inf], [inf], [inf], [inf], [inf], [inf], [inf], [inf], [inf], [inf], [inf], [inf], [inf], [inf], [inf], [inf], [inf], [inf], [inf], [inf], [inf], [inf], [inf], [inf], [inf], [inf], [inf], [inf], [inf], [inf], [inf], [inf], [inf], [inf], [inf], [inf], [inf], [inf], [inf], [inf], [inf], [inf], [inf], [inf], [inf], [inf], [inf], [inf], [inf], [inf], [inf], [inf], [inf], [inf], [inf], [inf], [inf], [inf], [inf], [inf], [inf], [inf], [inf], [inf], [inf], [inf], [inf], [inf]],0,0.22539639472961426,102.73276948928833,1100
490,onnx/CIFAR100_resnet_medium.onnx,vnnlib/resnet_medium__label_71__idx_752_global_k1024_eps_0.0039.vnnlib,100,timeout False,[[inf], [inf], [inf], [inf], [inf], [inf], [inf], [inf], [inf], [inf], [inf], [inf], [inf], [inf], [inf], [inf], [inf], [inf], [inf], [inf], [inf], [inf], [inf], [inf], [inf], [inf], [inf], [inf], [inf], [inf], [inf], [inf], [inf], [inf], [inf], [inf], [inf], [inf], [inf], [inf], [inf], [inf], [inf], [inf], [inf], [inf], [inf], [inf], [inf], [inf], [inf], [inf], [inf], [inf], [inf], [inf], [inf], [inf], [inf], [inf], [inf], [inf], [inf], [inf], [inf], [inf], [inf], [inf], [inf], [inf], [inf], [inf], [inf], [inf], [inf], [inf], [inf], [inf], [inf], [inf], [inf], [inf], [inf], [inf], [inf], [inf], [inf], [inf], [inf], [inf], [inf], [inf], [inf], [inf], [inf], [inf], [inf], [inf]],0,0.14619135856628418,101.86319303512573,716
491,onnx/CIFAR100_resnet_medium.onnx,vnnlib/resnet_medium__label_71__idx_752_fix_mask_seg0_k1024_eps_0.0039.vnnlib,100,unsat True,,,,2.6416759490966797,0
492,onnx/CIFAR100_resnet_medium.onnx,vnnlib/resnet_medium__label_71__idx_752_fix_nonmask_seg0_k1024_eps_0.0039.vnnlib,100,timeout False,[[inf], [inf], [inf], [inf], [inf], [inf], [inf], [inf], [inf], [inf], [inf], [inf], [inf], [inf], [inf], [inf], [inf], [inf], [inf], [inf], [inf], [inf], [inf], [inf], [inf], [inf], [inf], [inf], [inf], [inf], [inf], [inf], [inf], [inf], [inf], [inf], [inf], [inf], [inf], [inf], [inf], [inf], [inf], [inf], [inf], [inf], [inf], [inf], [inf], [inf], [inf], [inf], [inf], [inf], [inf], [inf], [inf], [inf], [inf], [inf], [inf], [inf], [inf], [inf], [inf], [inf], [inf], [inf], [inf], [inf], [inf], [inf], [inf], [inf], [inf], [inf], [inf], [inf], [inf], [inf], [inf], [inf], [inf], [inf], [inf], [inf], [inf], [inf], [inf], [inf], [inf], [inf], [inf], [inf], [inf], [inf], [inf], [inf]],0,0.15611958503723145,101.58557391166687,716
493,onnx/CIFAR100_resnet_medium.onnx,vnnlib/resnet_medium__label_72__idx_792_global_k1024_eps_0.0039.vnnlib,100,unsat False,[[inf], [inf], [inf], [inf], [inf], [inf], [inf], [inf], [inf], [inf], [inf], [inf], [inf], [inf], [inf], [inf], [inf], [inf], [inf], [inf], [inf], [inf], [inf], [inf], [inf], [inf], [inf], [inf], [inf], [inf], [inf], [inf], [inf], [inf], [inf], [inf], [inf], [inf], [inf], [inf], [inf], [inf], [inf], [inf], [inf], [inf], [inf], [inf], [inf], [inf], [inf], [inf], [inf], [inf], [inf], [inf], [inf], [inf], [inf], [inf], [inf], [inf], [inf], [inf], [inf], [inf], [inf], [inf], [inf], [inf], [inf], [inf], [inf], [inf], [inf], [inf], [inf], [inf], [inf], [inf], [inf], [inf], [inf], [inf], [inf], [inf], [inf], [inf], [inf], [inf], [inf], [inf], [inf], [inf], [inf], [inf], [inf], [inf]],0,0.23328280448913574,15.062473773956299,951
494,onnx/CIFAR100_resnet_medium.onnx,vnnlib/resnet_medium__label_72__idx_792_fix_mask_seg0_k1024_eps_0.0039.vnnlib,100,unsat True,,,,2.945992946624756,0
495,onnx/CIFAR100_resnet_medium.onnx,vnnlib/resnet_medium__label_72__idx_792_fix_nonmask_seg0_k1024_eps_0.0039.vnnlib,100,unsat False,[[inf], [inf], [inf], [inf], [inf], [inf], [inf], [inf], [inf], [inf], [inf], [inf], [inf], [inf], [inf], [inf], [inf], [inf], [inf], [inf], [inf], [inf], [inf], [inf], [inf], [inf], [inf], [inf], [inf], [inf], [inf], [inf], [inf], [inf], [inf], [inf], [inf], [inf], [inf], [inf], [inf], [inf], [inf], [inf], [inf], [inf], [inf], [inf], [inf], [inf], [inf], [inf], [inf], [inf], [inf], [inf], [inf], [inf], [inf], [inf], [inf], [inf], [inf], [inf], [inf], [inf], [inf], [inf], [inf], [inf], [inf], [inf], [inf], [inf], [inf], [inf], [inf], [inf], [inf], [inf], [inf], [inf], [inf], [inf], [inf], [inf], [inf], [inf], [inf], [inf], [inf], [inf], [inf], [inf], [inf], [inf], [inf], [inf]],0,0.14795351028442383,14.122596740722656,924
496,onnx/CIFAR100_resnet_medium.onnx,vnnlib/resnet_medium__label_73__idx_1800_global_k1024_eps_0.0039.vnnlib,100,timeout False,[[inf], [inf], [inf], [inf], [inf], [inf], [inf], [inf], [inf], [inf], [inf], [inf], [inf], [inf], [inf], [inf], [inf], [inf], [inf], [inf], [inf], [inf], [inf], [inf], [inf], [inf], [inf], [inf], [inf], [inf], [inf], [inf], [inf], [inf], [inf], [inf], [inf], [inf], [inf], [inf], [inf], [inf], [inf], [inf], [inf], [inf], [inf], [inf], [inf], [inf], [inf], [inf], [inf], [inf], [inf], [inf], [inf], [inf], [inf], [inf], [inf], [inf], [inf], [inf], [inf], [inf], [inf], [inf], [inf], [inf], [inf], [inf], [inf], [inf], [inf], [inf], [inf], [inf], [inf], [inf], [inf], [inf], [inf], [inf], [inf], [inf], [inf], [inf], [inf], [inf], [inf], [inf], [inf], [inf], [inf], [inf], [inf], [inf]],0,0.22711801528930664,105.21583223342896,799
497,onnx/CIFAR100_resnet_medium.onnx,vnnlib/resnet_medium__label_73__idx_1800_fix_mask_seg0_k1024_eps_0.0039.vnnlib,100,unsat True,,,,3.035520315170288,0
498,onnx/CIFAR100_resnet_medium.onnx,vnnlib/resnet_medium__label_73__idx_1800_fix_nonmask_seg0_k1024_eps_0.0039.vnnlib,100,timeout False,[[inf], [inf], [inf], [inf], [inf], [inf], [inf], [inf], [inf], [inf], [inf], [inf], [inf], [inf], [inf], [inf], [inf], [inf], [inf], [inf], [inf], [inf], [inf], [inf], [inf], [inf], [inf], [inf], [inf], [inf], [inf], [inf], [inf], [inf], [inf], [inf], [inf], [inf], [inf], [inf], [inf], [inf], [inf], [inf], [inf], [inf], [inf], [inf], [inf], [inf], [inf], [inf], [inf], [inf], [inf], [inf], [inf], [inf], [inf], [inf], [inf], [inf], [inf], [inf], [inf], [inf], [inf], [inf], [inf], [inf], [inf], [inf], [inf], [inf], [inf], [inf], [inf], [inf], [inf], [inf], [inf], [inf], [inf], [inf], [inf], [inf], [inf], [inf], [inf], [inf], [inf], [inf], [inf], [inf], [inf], [inf], [inf], [inf]],0,0.1505882740020752,111.83310055732727,799
499,onnx/CIFAR100_resnet_medium.onnx,vnnlib/resnet_medium__label_74__idx_9092_global_k1024_eps_0.0039.vnnlib,100,timeout False,[[inf], [inf], [inf], [inf], [inf], [inf], [inf], [inf], [inf], [inf], [inf], [inf], [inf], [inf], [inf], [inf], [inf], [inf], [inf], [inf], [inf], [inf], [inf], [inf], [inf], [inf], [inf], [inf], [inf], [inf], [inf], [inf], [inf], [inf], [inf], [inf], [inf], [inf], [inf], [inf], [inf], [inf], [inf], [inf], [inf], [inf], [inf], [inf], [inf], [inf], [inf], [inf], [inf], [inf], [inf], [inf], [inf], [inf], [inf], [inf], [inf], [inf], [inf], [inf], [inf], [inf], [inf], [inf], [inf], [inf], [inf], [inf], [inf], [inf], [inf], [inf], [inf], [inf], [inf], [inf], [inf], [inf], [inf], [inf], [inf], [inf], [inf], [inf], [inf], [inf], [inf], [inf], [inf], [inf], [inf], [inf]],0,0.23886513710021973,108.93642091751099,1298
500,onnx/CIFAR100_resnet_medium.onnx,vnnlib/resnet_medium__label_74__idx_9092_fix_mask_seg0_k1024_eps_0.0039.vnnlib,100,unsat True,,,,3.3715145587921143,0
501,onnx/CIFAR100_resnet_medium.onnx,vnnlib/resnet_medium__label_74__idx_9092_fix_nonmask_seg0_k1024_eps_0.0039.vnnlib,100,timeout False,[[inf], [inf], [inf], [inf], [inf], [inf], [inf], [inf], [inf], [inf], [inf], [inf], [inf], [inf], [inf], [inf], [inf], [inf], [inf], [inf], [inf], [inf], [inf], [inf], [inf], [inf], [inf], [inf], [inf], [inf], [inf], [inf], [inf], [inf], [inf], [inf], [inf], [inf], [inf], [inf], [inf], [inf], [inf], [inf], [inf], [inf], [inf], [inf], [inf], [inf], [inf], [inf], [inf], [inf], [inf], [inf], [inf], [inf], [inf], [inf], [inf], [inf], [inf], [inf], [inf], [inf], [inf], [inf], [inf], [inf], [inf], [inf], [inf], [inf], [inf], [inf], [inf], [inf], [inf], [inf], [inf], [inf], [inf], [inf], [inf], [inf], [inf], [inf], [inf], [inf], [inf], [inf], [inf], [inf], [inf], [inf]],0,0.14714741706848145,107.39575672149658,1291
502,onnx/CIFAR100_resnet_medium.onnx,vnnlib/resnet_medium__label_75__idx_4400_global_k1024_eps_0.0039.vnnlib,100,timeout False,[[inf], [inf], [inf], [inf], [inf], [inf], [inf], [inf], [inf], [inf], [inf], [inf], [inf], [inf], [inf], [inf], [inf], [inf], [inf], [inf], [inf], [inf], [inf], [inf], [inf], [inf], [inf], [inf], [inf], [inf], [inf], [inf], [inf], [inf], [inf], [inf], [inf], [inf], [inf], [inf], [inf], [inf], [inf], [inf], [inf], [inf], [inf], [inf], [inf], [inf], [inf], [inf], [inf], [inf], [inf], [inf], [inf], [inf], [inf], [inf], [inf], [inf], [inf], [inf], [inf], [inf], [inf], [inf], [inf], [inf], [inf], [inf], [inf], [inf], [inf], [inf], [inf], [inf], [inf], [inf], [inf], [inf], [inf], [inf], [inf], [inf], [inf], [inf], [inf], [inf], [inf], [inf], [inf], [inf], [inf], [inf], [inf], [inf]],0,0.22977828979492188,106.49216747283936,1115
503,onnx/CIFAR100_resnet_medium.onnx,vnnlib/resnet_medium__label_75__idx_4400_fix_mask_seg0_k1024_eps_0.0039.vnnlib,100,unsat True,,,,2.725253105163574,0
504,onnx/CIFAR100_resnet_medium.onnx,vnnlib/resnet_medium__label_75__idx_4400_fix_nonmask_seg0_k1024_eps_0.0039.vnnlib,100,timeout False,[[inf], [inf], [inf], [inf], [inf], [inf], [inf], [inf], [inf], [inf], [inf], [inf], [inf], [inf], [inf], [inf], [inf], [inf], [inf], [inf], [inf], [inf], [inf], [inf], [inf], [inf], [inf], [inf], [inf], [inf], [inf], [inf], [inf], [inf], [inf], [inf], [inf], [inf], [inf], [inf], [inf], [inf], [inf], [inf], [inf], [inf], [inf], [inf], [inf], [inf], [inf], [inf], [inf], [inf], [inf], [inf], [inf], [inf], [inf], [inf], [inf], [inf], [inf], [inf], [inf], [inf], [inf], [inf], [inf], [inf], [inf], [inf], [inf], [inf], [inf], [inf], [inf], [inf], [inf], [inf], [inf], [inf], [inf], [inf], [inf], [inf], [inf], [inf], [inf], [inf], [inf], [inf], [inf], [inf], [inf], [inf], [inf], [inf]],0,0.2364661693572998,108.5995705127716,1111
505,onnx/CIFAR100_resnet_medium.onnx,vnnlib/resnet_medium__label_76__idx_1471_global_k1024_eps_0.0039.vnnlib,100,unsat True,,,,10.695400953292847,0
506,onnx/CIFAR100_resnet_medium.onnx,vnnlib/resnet_medium__label_76__idx_1471_fix_mask_seg0_k1024_eps_0.0039.vnnlib,100,unsat True,,,,2.22704815864563,0
507,onnx/CIFAR100_resnet_medium.onnx,vnnlib/resnet_medium__label_76__idx_1471_fix_nonmask_seg0_k1024_eps_0.0039.vnnlib,100,unsat True,,,,11.283007860183716,0
508,onnx/CIFAR100_resnet_medium.onnx,vnnlib/resnet_medium__label_79__idx_3741_global_k1024_eps_0.0039.vnnlib,100,sat True,,,,3.0501785278320312,0
509,onnx/CIFAR100_resnet_medium.onnx,vnnlib/resnet_medium__label_79__idx_3741_fix_mask_seg0_k1024_eps_0.0039.vnnlib,100,unsat True,,,,3.2167158126831055,0
510,onnx/CIFAR100_resnet_medium.onnx,vnnlib/resnet_medium__label_79__idx_3741_fix_nonmask_seg0_k1024_eps_0.0039.vnnlib,100,sat True,,,,3.244112968444824,0
511,onnx/CIFAR100_resnet_medium.onnx,vnnlib/resnet_medium__label_79__idx_5430_global_k1024_eps_0.0039.vnnlib,100,timeout False,[[inf], [inf], [inf], [inf], [inf], [inf], [inf], [inf], [inf], [inf], [inf], [inf], [inf], [inf], [inf], [inf], [inf], [inf], [inf], [inf], [inf], [inf], [inf], [inf], [inf], [inf], [inf], [inf], [inf], [inf], [inf], [inf], [inf], [inf], [inf], [inf], [inf], [inf], [inf], [inf], [inf], [inf], [inf], [inf], [inf], [inf], [inf], [inf], [inf], [inf], [inf], [inf], [inf], [inf], [inf], [inf], [inf], [inf], [inf], [inf], [inf], [inf], [inf], [inf], [inf], [inf], [inf], [inf], [inf], [inf], [inf], [inf], [inf], [inf], [inf], [inf], [inf], [inf], [inf], [inf], [inf], [inf], [inf], [inf], [inf], [inf], [inf], [inf], [inf], [inf], [inf], [inf], [inf], [inf], [inf], [inf], [inf]],0,0.1456904411315918,102.99505996704102,1133
512,onnx/CIFAR100_resnet_medium.onnx,vnnlib/resnet_medium__label_79__idx_5430_fix_mask_seg0_k1024_eps_0.0039.vnnlib,100,unsat True,,,,3.4741015434265137,0
513,onnx/CIFAR100_resnet_medium.onnx,vnnlib/resnet_medium__label_79__idx_5430_fix_nonmask_seg0_k1024_eps_0.0039.vnnlib,100,timeout False,[[inf], [inf], [inf], [inf], [inf], [inf], [inf], [inf], [inf], [inf], [inf], [inf], [inf], [inf], [inf], [inf], [inf], [inf], [inf], [inf], [inf], [inf], [inf], [inf], [inf], [inf], [inf], [inf], [inf], [inf], [inf], [inf], [inf], [inf], [inf], [inf], [inf], [inf], [inf], [inf], [inf], [inf], [inf], [inf], [inf], [inf], [inf], [inf], [inf], [inf], [inf], [inf], [inf], [inf], [inf], [inf], [inf], [inf], [inf], [inf], [inf], [inf], [inf], [inf], [inf], [inf], [inf], [inf], [inf], [inf], [inf], [inf], [inf], [inf], [inf], [inf], [inf], [inf], [inf], [inf], [inf], [inf], [inf], [inf], [inf], [inf], [inf], [inf], [inf], [inf], [inf], [inf], [inf], [inf], [inf], [inf], [inf]],0,0.23277497291564941,103.92611980438232,1125
514,onnx/CIFAR100_resnet_medium.onnx,vnnlib/resnet_medium__label_7__idx_1605_global_k1024_eps_0.0039.vnnlib,100,timeout False,[[inf], [inf], [inf], [inf], [inf], [inf], [inf], [inf], [inf], [inf], [inf], [inf], [inf], [inf], [inf], [inf], [inf], [inf], [inf], [inf], [inf], [inf], [inf], [inf], [inf], [inf], [inf], [inf], [inf], [inf], [inf], [inf], [inf], [inf], [inf], [inf], [inf], [inf], [inf], [inf], [inf], [inf], [inf], [inf], [inf], [inf], [inf], [inf], [inf], [inf], [inf], [inf], [inf], [inf], [inf], [inf], [inf], [inf], [inf], [inf], [inf], [inf], [inf], [inf], [inf], [0.24938201904296875], [inf], [inf], [inf], [inf], [inf], [inf], [inf], [inf], [inf], [inf], [inf], [inf], [inf], [inf], [inf], [inf], [inf], [inf], [inf], [inf], [inf], [inf], [inf], [inf], [inf], [inf], [inf], [inf], [inf], [inf], [inf]],0,0.18904662132263184,106.9873206615448,1303
515,onnx/CIFAR100_resnet_medium.onnx,vnnlib/resnet_medium__label_7__idx_1605_fix_mask_seg0_k1024_eps_0.0039.vnnlib,100,unsat True,,,,2.6012637615203857,0
516,onnx/CIFAR100_resnet_medium.onnx,vnnlib/resnet_medium__label_7__idx_1605_fix_nonmask_seg0_k1024_eps_0.0039.vnnlib,100,timeout False,[[inf], [inf], [inf], [inf], [inf], [inf], [inf], [inf], [inf], [inf], [inf], [inf], [inf], [inf], [inf], [inf], [inf], [inf], [inf], [inf], [inf], [inf], [inf], [inf], [inf], [inf], [inf], [inf], [inf], [inf], [inf], [inf], [inf], [inf], [inf], [inf], [inf], [inf], [inf], [inf], [inf], [inf], [inf], [inf], [inf], [inf], [inf], [inf], [inf], [inf], [inf], [inf], [inf], [inf], [inf], [inf], [inf], [inf], [inf], [inf], [inf], [inf], [inf], [inf], [inf], [0.24938106536865234], [inf], [inf], [inf], [inf], [inf], [inf], [inf], [inf], [inf], [inf], [inf], [inf], [inf], [inf], [inf], [inf], [inf], [inf], [inf], [inf], [inf], [inf], [inf], [inf], [inf], [inf], [inf], [inf], [inf], [inf], [inf]],0,0.14620399475097656,102.12690353393555,1303
517,onnx/CIFAR100_resnet_medium.onnx,vnnlib/resnet_medium__label_80__idx_1690_global_k1024_eps_0.0039.vnnlib,100,timeout False,[[inf], [inf], [inf], [0.11459827423095703], [inf], [inf], [inf], [inf], [inf], [inf], [inf], [inf], [inf], [inf], [inf], [inf], [inf], [inf], [inf], [inf], [inf], [inf], [inf], [inf], [inf], [inf], [inf], [inf], [inf], [inf], [inf], [0.1109318733215332], [0.4159207344055176], [inf], [inf], [inf], [inf], [inf], [inf], [inf], [inf], [inf], [inf], [inf], [inf], [inf], [inf], [inf], [inf], [inf], [inf], [inf], [0.0028972625732421875], [inf], [inf], [inf], [inf], [inf], [inf], [inf], [inf], [inf], [inf], [inf], [inf], [inf], [inf], [inf], [inf], [inf], [inf], [inf], [0.09651732444763184], [inf], [0.09639644622802734], [inf], [inf], [inf], [inf], [inf], [inf], [inf], [inf], [inf], [inf], [inf], [inf], [inf], [inf], [inf], [inf], [inf]],0,0.16634750366210938,107.54107189178467,1467
518,onnx/CIFAR100_resnet_medium.onnx,vnnlib/resnet_medium__label_80__idx_1690_fix_mask_seg0_k1024_eps_0.0039.vnnlib,100,unsat True,,,,3.025836944580078,0
519,onnx/CIFAR100_resnet_medium.onnx,vnnlib/resnet_medium__label_80__idx_1690_fix_nonmask_seg0_k1024_eps_0.0039.vnnlib,100,timeout False,[[inf], [inf], [inf], [0.11459732055664062], [inf], [inf], [inf], [inf], [inf], [inf], [inf], [inf], [inf], [inf], [inf], [inf], [inf], [inf], [inf], [inf], [inf], [inf], [inf], [inf], [inf], [inf], [inf], [inf], [inf], [inf], [inf], [0.11093103885650635], [0.41591978073120117], [inf], [inf], [inf], [inf], [inf], [inf], [inf], [inf], [inf], [inf], [inf], [inf], [inf], [inf], [inf], [inf], [inf], [inf], [inf], [0.0028963088989257812], [inf], [inf], [inf], [inf], [inf], [inf], [inf], [inf], [inf], [inf], [inf], [inf], [inf], [inf], [inf], [inf], [inf], [inf], [inf], [0.09651756286621094], [inf], [0.09639716148376465], [inf], [inf], [inf], [inf], [inf], [inf], [inf], [inf], [inf], [inf], [inf], [inf], [inf], [inf], [inf], [inf], [inf]],0,0.23621726036071777,103.67345881462097,1467
520,onnx/CIFAR100_resnet_medium.onnx,vnnlib/resnet_medium__label_80__idx_3620_global_k1024_eps_0.0039.vnnlib,100,timeout False,[[inf], [inf], [inf], [inf], [inf], [inf], [inf], [inf], [inf], [inf], [inf], [inf], [inf], [inf], [inf], [inf], [inf], [inf], [inf], [inf], [inf], [inf], [inf], [inf], [inf], [inf], [inf], [inf], [inf], [inf], [inf], [inf], [inf], [inf], [inf], [inf], [inf], [inf], [inf], [inf], [inf], [inf], [inf], [inf], [inf], [inf], [inf], [inf], [inf], [inf], [inf], [inf], [inf], [inf], [inf], [inf], [inf], [inf], [inf], [inf], [inf], [inf], [inf], [inf], [inf], [inf], [inf], [inf], [inf], [inf], [inf], [inf], [inf], [inf], [inf], [inf], [inf], [inf], [inf], [inf], [inf], [inf], [inf], [inf], [inf], [inf], [inf], [inf], [inf], [inf], [inf], [inf], [inf], [inf], [inf], [inf], [inf], [inf]],0,0.1692028045654297,103.46154999732971,1057
521,onnx/CIFAR100_resnet_medium.onnx,vnnlib/resnet_medium__label_80__idx_3620_fix_mask_seg0_k1024_eps_0.0039.vnnlib,100,unsat True,,,,2.7632651329040527,0
522,onnx/CIFAR100_resnet_medium.onnx,vnnlib/resnet_medium__label_80__idx_3620_fix_nonmask_seg0_k1024_eps_0.0039.vnnlib,100,timeout False,[[inf], [inf], [inf], [inf], [inf], [inf], [inf], [inf], [inf], [inf], [inf], [inf], [inf], [inf], [inf], [inf], [inf], [inf], [inf], [inf], [inf], [inf], [inf], [inf], [inf], [inf], [inf], [inf], [inf], [inf], [inf], [inf], [inf], [inf], [inf], [inf], [inf], [inf], [inf], [inf], [inf], [inf], [inf], [inf], [inf], [inf], [inf], [inf], [inf], [inf], [inf], [inf], [inf], [inf], [inf], [inf], [inf], [inf], [inf], [inf], [inf], [inf], [inf], [inf], [inf], [inf], [inf], [inf], [inf], [inf], [inf], [inf], [inf], [inf], [inf], [inf], [inf], [inf], [inf], [inf], [inf], [inf], [inf], [inf], [inf], [inf], [inf], [inf], [inf], [inf], [inf], [inf], [inf], [inf], [inf], [inf], [inf], [inf]],0,0.14871478080749512,105.23709082603455,1030
523,onnx/CIFAR100_resnet_medium.onnx,vnnlib/resnet_medium__label_80__idx_9109_global_k1024_eps_0.0039.vnnlib,100,timeout False,[[inf], [inf], [inf], [inf], [inf], [inf], [inf], [inf], [0.4110887050628662], [inf], [inf], [inf], [inf], [inf], [inf], [inf], [inf], [inf], [inf], [inf], [inf], [inf], [inf], [inf], [inf], [inf], [inf], [0.25514650344848633], [inf], [inf], [inf], [inf], [inf], [inf], [inf], [inf], [inf], [inf], [inf], [inf], [inf], [inf], [inf], [inf], [inf], [inf], [inf], [inf], [inf], [inf], [inf], [inf], [inf], [inf], [inf], [inf], [inf], [inf], [inf], [inf], [inf], [inf], [inf], [inf], [inf], [inf], [inf], [inf], [inf], [inf], [inf], [inf], [inf], [inf], [inf], [inf], [inf], [inf], [inf], [inf], [inf], [inf], [inf], [inf], [0.16047430038452148], [inf], [inf], [inf], [inf], [inf], [inf], [inf], [inf], [inf], [inf]],0,0.23037958145141602,101.2659912109375,1495
524,onnx/CIFAR100_resnet_medium.onnx,vnnlib/resnet_medium__label_80__idx_9109_fix_mask_seg0_k1024_eps_0.0039.vnnlib,100,unsat True,,,,3.0731911659240723,0
525,onnx/CIFAR100_resnet_medium.onnx,vnnlib/resnet_medium__label_80__idx_9109_fix_nonmask_seg0_k1024_eps_0.0039.vnnlib,100,timeout False,[[inf], [inf], [inf], [inf], [inf], [inf], [inf], [inf], [inf], [inf], [inf], [inf], [inf], [inf], [inf], [inf], [inf], [inf], [inf], [inf], [inf], [inf], [inf], [inf], [inf], [inf], [inf], [inf], [inf], [inf], [inf], [inf], [inf], [inf], [inf], [inf], [inf], [inf], [inf], [inf], [inf], [inf], [inf], [inf], [inf], [inf], [inf], [inf], [inf], [inf], [inf], [inf], [inf], [inf], [inf], [inf], [inf], [inf], [inf], [inf], [inf], [inf], [inf], [inf], [inf], [inf], [inf], [inf], [inf], [inf], [inf], [inf], [inf], [inf], [inf], [inf], [inf], [inf], [inf], [inf], [inf], [inf], [inf], [inf], [inf], [inf], [inf], [inf], [inf], [inf], [inf], [inf], [inf], [inf], [inf]],0,0.22861361503601074,105.64160108566284,1362
526,onnx/CIFAR100_resnet_medium.onnx,vnnlib/resnet_medium__label_81__idx_6695_global_k1024_eps_0.0039.vnnlib,100,timeout False,[[inf], [inf], [inf], [inf], [inf], [inf], [inf], [inf], [inf], [inf], [inf], [inf], [inf], [inf], [inf], [inf], [inf], [inf], [inf], [inf], [inf], [inf], [inf], [inf], [inf], [inf], [inf], [inf], [inf], [inf], [inf], [inf], [inf], [inf], [inf], [inf], [inf], [0.07969307899475098], [inf], [inf], [inf], [inf], [inf], [inf], [inf], [inf], [inf], [inf], [inf], [inf], [inf], [inf], [inf], [inf], [inf], [inf], [inf], [inf], [inf], [inf], [inf], [inf], [inf], [inf], [inf], [inf], [inf], [inf], [inf], [inf], [inf], [inf], [inf], [inf], [inf], [inf], [inf], [inf], [inf], [inf], [inf], [inf], [inf], [inf], [inf], [inf], [inf], [inf], [inf], [inf], [inf], [inf], [inf], [inf], [inf], [inf], [inf]],0,0.14902853965759277,104.59404921531677,856
527,onnx/CIFAR100_resnet_medium.onnx,vnnlib/resnet_medium__label_81__idx_6695_fix_mask_seg0_k1024_eps_0.0039.vnnlib,100,unsat True,,,,3.124521017074585,0
528,onnx/CIFAR100_resnet_medium.onnx,vnnlib/resnet_medium__label_81__idx_6695_fix_nonmask_seg0_k1024_eps_0.0039.vnnlib,100,timeout False,[[inf], [inf], [inf], [inf], [inf], [inf], [inf], [inf], [inf], [inf], [inf], [inf], [inf], [inf], [inf], [inf], [inf], [inf], [inf], [inf], [inf], [inf], [inf], [inf], [inf], [inf], [inf], [inf], [inf], [inf], [inf], [inf], [inf], [inf], [inf], [inf], [inf], [inf], [inf], [inf], [inf], [inf], [inf], [inf], [inf], [inf], [inf], [inf], [inf], [inf], [inf], [inf], [inf], [inf], [inf], [inf], [inf], [inf], [inf], [inf], [inf], [inf], [inf], [inf], [inf], [inf], [inf], [inf], [inf], [inf], [inf], [inf], [inf], [inf], [inf], [inf], [inf], [inf], [inf], [inf], [inf], [inf], [inf], [inf], [inf], [inf], [inf], [inf], [inf], [inf], [inf], [inf], [inf], [inf], [inf], [inf], [inf]],0,0.23470401763916016,100.99694180488586,812
529,onnx/CIFAR100_resnet_medium.onnx,vnnlib/resnet_medium__label_83__idx_5815_global_k1024_eps_0.0039.vnnlib,100,timeout False,[[inf], [inf], [inf], [inf], [inf], [inf], [inf], [inf], [inf], [inf], [inf], [inf], [inf], [inf], [inf], [inf], [inf], [inf], [inf], [inf], [inf], [inf], [inf], [inf], [inf], [inf], [inf], [inf], [inf], [inf], [inf], [inf], [inf], [inf], [inf], [inf], [inf], [inf], [inf], [inf], [inf], [inf], [inf], [inf], [inf], [inf], [inf], [inf], [inf], [inf], [inf], [inf], [inf], [inf], [inf], [inf], [inf], [inf], [inf], [inf], [inf], [inf], [inf], [inf], [inf], [inf], [inf], [inf], [inf], [inf], [inf], [inf], [inf], [inf], [inf], [inf], [inf], [inf], [inf], [inf], [inf], [inf], [inf], [inf], [inf], [inf], [inf], [inf], [inf], [inf], [inf], [inf], [inf], [inf], [inf], [inf], [inf], [inf]],0,0.1472790241241455,107.30289220809937,976
530,onnx/CIFAR100_resnet_medium.onnx,vnnlib/resnet_medium__label_83__idx_5815_fix_mask_seg0_k1024_eps_0.0039.vnnlib,100,unsat True,,,,2.843266487121582,0
531,onnx/CIFAR100_resnet_medium.onnx,vnnlib/resnet_medium__label_83__idx_5815_fix_nonmask_seg0_k1024_eps_0.0039.vnnlib,100,timeout False,[[inf], [inf], [inf], [inf], [inf], [inf], [inf], [inf], [inf], [inf], [inf], [inf], [inf], [inf], [inf], [inf], [inf], [inf], [inf], [inf], [inf], [inf], [inf], [inf], [inf], [inf], [inf], [inf], [inf], [inf], [inf], [inf], [inf], [inf], [inf], [inf], [inf], [inf], [inf], [inf], [inf], [inf], [inf], [inf], [inf], [inf], [inf], [inf], [inf], [inf], [inf], [inf], [inf], [inf], [inf], [inf], [inf], [inf], [inf], [inf], [inf], [inf], [inf], [inf], [inf], [inf], [inf], [inf], [inf], [inf], [inf], [inf], [inf], [inf], [inf], [inf], [inf], [inf], [inf], [inf], [inf], [inf], [inf], [inf], [inf], [inf], [inf], [inf], [inf], [inf], [inf], [inf], [inf], [inf], [inf], [inf], [inf], [inf]],0,0.14973974227905273,106.31404399871826,929
532,onnx/CIFAR100_resnet_medium.onnx,vnnlib/resnet_medium__label_84__idx_8846_global_k1024_eps_0.0039.vnnlib,100,unsat False,[[inf], [inf], [inf], [inf], [inf], [inf], [inf], [inf], [inf], [inf], [inf], [inf], [inf], [inf], [inf], [inf], [inf], [inf], [inf], [inf], [inf], [inf], [inf], [inf], [inf], [inf], [inf], [inf], [inf], [inf], [inf], [inf], [inf], [inf], [inf], [inf], [inf], [inf], [inf], [inf], [inf], [inf], [inf], [inf], [inf], [inf], [inf], [inf], [inf], [inf], [inf], [inf], [inf], [inf], [inf], [inf], [inf], [inf], [inf], [inf], [inf], [inf], [inf], [inf], [inf], [inf], [inf], [inf], [inf], [inf], [inf], [inf], [inf], [inf], [inf], [inf], [inf], [inf], [inf], [inf], [inf], [inf], [inf], [inf], [inf], [inf], [inf], [inf], [inf], [inf], [inf], [inf], [inf], [inf], [inf], [inf], [inf], [inf]],0,0.22597193717956543,25.315309762954712,988
533,onnx/CIFAR100_resnet_medium.onnx,vnnlib/resnet_medium__label_84__idx_8846_fix_mask_seg0_k1024_eps_0.0039.vnnlib,100,unsat True,,,,2.454932689666748,0
534,onnx/CIFAR100_resnet_medium.onnx,vnnlib/resnet_medium__label_84__idx_8846_fix_nonmask_seg0_k1024_eps_0.0039.vnnlib,100,unsat False,[[inf], [inf], [inf], [inf], [inf], [inf], [inf], [inf], [inf], [inf], [inf], [inf], [inf], [inf], [inf], [inf], [inf], [inf], [inf], [inf], [inf], [inf], [inf], [inf], [inf], [inf], [inf], [inf], [inf], [inf], [inf], [inf], [inf], [inf], [inf], [inf], [inf], [inf], [inf], [inf], [inf], [inf], [inf], [inf], [inf], [inf], [inf], [inf], [inf], [inf], [inf], [inf], [inf], [inf], [inf], [inf], [inf], [inf], [inf], [inf], [inf], [inf], [inf], [inf], [inf], [inf], [inf], [inf], [inf], [inf], [inf], [inf], [inf], [inf], [inf], [inf], [inf], [inf], [inf], [inf], [inf], [inf], [inf], [inf], [inf], [inf], [inf], [inf], [inf], [inf], [inf], [inf], [inf], [inf], [inf], [inf], [inf], [inf]],0,1.3415226936340332,23.452537775039673,969
535,onnx/CIFAR100_resnet_medium.onnx,vnnlib/resnet_medium__label_85__idx_2810_global_k1024_eps_0.0039.vnnlib,100,unsat False,[[inf], [inf], [inf], [inf], [inf], [inf], [inf], [inf], [inf], [inf], [inf], [inf], [inf], [inf], [inf], [inf], [inf], [inf], [inf], [inf], [inf], [inf], [inf], [inf], [inf], [inf], [inf], [inf], [inf], [inf], [inf], [inf], [inf], [inf], [inf], [inf], [inf], [inf], [inf], [inf], [inf], [inf], [inf], [inf], [inf], [inf], [inf], [inf], [inf], [inf], [inf], [inf], [inf], [inf], [inf], [inf], [inf], [inf], [inf], [inf], [inf], [inf], [inf], [inf], [inf], [inf], [inf], [inf], [inf], [inf], [inf], [inf], [inf], [inf], [inf], [inf], [inf], [inf], [inf], [inf], [inf], [inf], [inf], [inf], [inf], [inf], [inf], [inf], [inf], [inf], [inf], [inf], [inf], [inf], [inf], [inf], [inf], [inf]],0,0.15807056427001953,15.05097222328186,1099
536,onnx/CIFAR100_resnet_medium.onnx,vnnlib/resnet_medium__label_85__idx_2810_fix_mask_seg0_k1024_eps_0.0039.vnnlib,100,unsat True,,,,2.8019115924835205,0
537,onnx/CIFAR100_resnet_medium.onnx,vnnlib/resnet_medium__label_85__idx_2810_fix_nonmask_seg0_k1024_eps_0.0039.vnnlib,100,unsat True,,,,11.319837808609009,0
538,onnx/CIFAR100_resnet_medium.onnx,vnnlib/resnet_medium__label_85__idx_9936_global_k1024_eps_0.0039.vnnlib,100,unsat False,[[inf], [inf], [inf], [inf], [inf], [inf], [inf], [inf], [inf], [inf], [inf], [inf], [inf], [inf], [inf], [inf], [inf], [inf], [inf], [inf], [inf], [inf], [inf], [inf], [inf], [inf], [inf], [inf], [inf], [inf], [inf], [inf], [inf], [inf], [inf], [inf], [inf], [inf], [inf], [inf], [inf], [inf], [inf], [inf], [inf], [inf], [inf], [inf], [inf], [inf], [inf], [inf], [inf], [inf], [inf], [inf], [inf], [inf], [inf], [inf], [inf], [inf], [inf], [inf], [inf], [inf], [inf], [inf], [inf], [inf], [inf], [inf], [inf], [inf], [inf], [inf], [inf], [inf], [inf], [inf], [inf], [inf], [inf], [inf], [inf], [inf], [inf], [inf], [inf], [inf], [inf], [inf], [inf], [inf], [inf], [inf], [inf]],0,0.15339899063110352,21.727872848510742,1193
539,onnx/CIFAR100_resnet_medium.onnx,vnnlib/resnet_medium__label_85__idx_9936_fix_mask_seg0_k1024_eps_0.0039.vnnlib,100,unsat True,,,,2.7402613162994385,0
540,onnx/CIFAR100_resnet_medium.onnx,vnnlib/resnet_medium__label_85__idx_9936_fix_nonmask_seg0_k1024_eps_0.0039.vnnlib,100,unsat False,[[inf], [inf], [inf], [inf], [inf], [inf], [inf], [inf], [inf], [inf], [inf], [inf], [inf], [inf], [inf], [inf], [inf], [inf], [inf], [inf], [inf], [inf], [inf], [inf], [inf], [inf], [inf], [inf], [inf], [inf], [inf], [inf], [inf], [inf], [inf], [inf], [inf], [inf], [inf], [inf], [inf], [inf], [inf], [inf], [inf], [inf], [inf], [inf], [inf], [inf], [inf], [inf], [inf], [inf], [inf], [inf], [inf], [inf], [inf], [inf], [inf], [inf], [inf], [inf], [inf], [inf], [inf], [inf], [inf], [inf], [inf], [inf], [inf], [inf], [inf], [inf], [inf], [inf], [inf], [inf], [inf], [inf], [inf], [inf], [inf], [inf], [inf], [inf], [inf], [inf], [inf], [inf], [inf], [inf], [inf], [inf], [inf]],0,0.1607046127319336,18.580171823501587,1172
541,onnx/CIFAR100_resnet_medium.onnx,vnnlib/resnet_medium__label_88__idx_4719_global_k1024_eps_0.0039.vnnlib,100,sat True,,,,4.269714593887329,0
542,onnx/CIFAR100_resnet_medium.onnx,vnnlib/resnet_medium__label_88__idx_4719_fix_mask_seg0_k1024_eps_0.0039.vnnlib,100,unsat True,,,,2.9546918869018555,0
543,onnx/CIFAR100_resnet_medium.onnx,vnnlib/resnet_medium__label_88__idx_4719_fix_nonmask_seg0_k1024_eps_0.0039.vnnlib,100,sat True,,,,4.228195905685425,0
544,onnx/CIFAR100_resnet_medium.onnx,vnnlib/resnet_medium__label_88__idx_533_global_k1024_eps_0.0039.vnnlib,100,timeout False,[[inf], [inf], [inf], [inf], [inf], [inf], [inf], [inf], [inf], [inf], [inf], [inf], [inf], [inf], [inf], [inf], [inf], [inf], [inf], [inf], [inf], [inf], [inf], [inf], [inf], [inf], [inf], [inf], [inf], [inf], [inf], [inf], [inf], [inf], [inf], [inf], [inf], [inf], [inf], [inf], [inf], [inf], [inf], [inf], [inf], [inf], [inf], [inf], [inf], [inf], [inf], [inf], [inf], [inf], [inf], [inf], [inf], [0.3190176486968994], [inf], [inf], [inf], [inf], [inf], [inf], [inf], [inf], [inf], [inf], [0.2604184150695801], [inf], [inf], [inf], [inf], [inf], [inf], [inf], [inf], [inf], [inf], [inf], [inf], [inf], [inf], [inf], [inf], [inf], [inf], [inf], [inf], [inf], [inf]],0,0.14541339874267578,106.11981678009033,1435
545,onnx/CIFAR100_resnet_medium.onnx,vnnlib/resnet_medium__label_88__idx_533_fix_mask_seg0_k1024_eps_0.0039.vnnlib,100,unsat True,,,,3.3188846111297607,0
546,onnx/CIFAR100_resnet_medium.onnx,vnnlib/resnet_medium__label_88__idx_533_fix_nonmask_seg0_k1024_eps_0.0039.vnnlib,100,timeout False,[[inf], [inf], [inf], [0.0741657018661499], [inf], [inf], [inf], [inf], [inf], [inf], [inf], [inf], [inf], [inf], [inf], [inf], [inf], [inf], [inf], [inf], [inf], [inf], [inf], [inf], [inf], [inf], [inf], [inf], [inf], [inf], [inf], [inf], [inf], [inf], [inf], [inf], [inf], [inf], [inf], [inf], [0.07744693756103516], [inf], [inf], [inf], [inf], [inf], [inf], [inf], [inf], [inf], [inf], [inf], [inf], [inf], [inf], [inf], [inf], [inf], [inf], [inf], [inf], [inf], [inf], [inf], [inf], [inf], [inf], [inf], [inf], [inf], [inf], [inf], [inf], [inf], [inf], [inf], [inf], [inf], [inf], [inf], [inf], [inf], [inf], [inf], [inf], [inf], [inf], [inf], [inf], [inf], [inf], [inf], [inf], [inf]],0,0.2434847354888916,106.00143432617188,1180
547,onnx/CIFAR100_resnet_medium.onnx,vnnlib/resnet_medium__label_88__idx_6654_global_k1024_eps_0.0039.vnnlib,100,unsat False,[[inf], [inf], [inf], [inf], [inf], [inf], [inf], [inf], [inf], [inf], [inf], [inf], [inf], [inf], [inf], [inf], [inf], [inf], [inf], [inf], [inf], [inf], [inf], [inf], [inf], [inf], [inf], [inf], [inf], [inf], [inf], [inf], [inf], [inf], [inf], [inf], [inf], [inf], [inf], [inf], [inf], [inf], [inf], [inf], [inf], [inf], [inf], [inf], [inf], [inf], [inf], [inf], [inf], [inf], [inf], [inf], [inf], [inf], [inf], [inf], [inf], [inf], [inf], [inf], [inf], [inf], [inf], [inf], [inf], [inf], [inf], [inf], [inf], [inf], [inf], [inf], [inf], [inf], [inf], [inf], [inf], [inf], [inf], [inf], [inf], [inf], [inf], [inf], [inf], [inf], [inf], [inf], [inf], [inf], [inf], [inf], [inf], [inf]],0,0.14949369430541992,14.867770910263062,1053
548,onnx/CIFAR100_resnet_medium.onnx,vnnlib/resnet_medium__label_88__idx_6654_fix_mask_seg0_k1024_eps_0.0039.vnnlib,100,unsat True,,,,2.5289511680603027,0
549,onnx/CIFAR100_resnet_medium.onnx,vnnlib/resnet_medium__label_88__idx_6654_fix_nonmask_seg0_k1024_eps_0.0039.vnnlib,100,unsat False,[[inf], [inf], [inf], [inf], [inf], [inf], [inf], [inf], [inf], [inf], [inf], [inf], [inf], [inf], [inf], [inf], [inf], [inf], [inf], [inf], [inf], [inf], [inf], [inf], [inf], [inf], [inf], [inf], [inf], [inf], [inf], [inf], [inf], [inf], [inf], [inf], [inf], [inf], [inf], [inf], [inf], [inf], [inf], [inf], [inf], [inf], [inf], [inf], [inf], [inf], [inf], [inf], [inf], [inf], [inf], [inf], [inf], [inf], [inf], [inf], [inf], [inf], [inf], [inf], [inf], [inf], [inf], [inf], [inf], [inf], [inf], [inf], [inf], [inf], [inf], [inf], [inf], [inf], [inf], [inf], [inf], [inf], [inf], [inf], [inf], [inf], [inf], [inf], [inf], [inf], [inf], [inf], [inf], [inf], [inf], [inf], [inf], [inf]],0,0.2312157154083252,14.781341314315796,957
550,onnx/CIFAR100_resnet_medium.onnx,vnnlib/resnet_medium__label_89__idx_3301_global_k1024_eps_0.0039.vnnlib,100,unsat False,[[inf], [inf], [inf], [inf], [inf], [inf], [inf], [inf], [inf], [inf], [inf], [inf], [inf], [inf], [inf], [inf], [inf], [inf], [inf], [inf], [inf], [inf], [inf], [inf], [inf], [inf], [inf], [inf], [inf], [inf], [inf], [inf], [inf], [inf], [inf], [inf], [inf], [inf], [inf], [inf], [inf], [inf], [inf], [inf], [inf], [inf], [inf], [inf], [inf], [inf], [inf], [inf], [inf], [inf], [inf], [inf], [inf], [inf], [inf], [inf], [inf], [inf], [inf], [inf], [inf], [inf], [inf], [inf], [inf], [inf], [inf], [inf], [inf], [inf], [inf], [inf], [inf], [inf], [inf], [inf], [inf], [inf], [inf], [inf], [inf], [inf], [inf], [inf], [inf], [inf], [inf], [inf], [inf], [inf], [inf], [inf], [inf]],0,0.2185966968536377,32.36639332771301,1142
551,onnx/CIFAR100_resnet_medium.onnx,vnnlib/resnet_medium__label_89__idx_3301_fix_mask_seg0_k1024_eps_0.0039.vnnlib,100,unsat True,,,,2.9974679946899414,0
552,onnx/CIFAR100_resnet_medium.onnx,vnnlib/resnet_medium__label_89__idx_3301_fix_nonmask_seg0_k1024_eps_0.0039.vnnlib,100,unsat False,[[inf], [inf], [inf], [inf], [inf], [inf], [inf], [inf], [inf], [inf], [inf], [inf], [inf], [inf], [inf], [inf], [inf], [inf], [inf], [inf], [inf], [inf], [inf], [inf], [inf], [inf], [inf], [inf], [inf], [inf], [inf], [inf], [inf], [inf], [inf], [inf], [inf], [inf], [inf], [inf], [inf], [inf], [inf], [inf], [inf], [inf], [inf], [inf], [inf], [inf], [inf], [inf], [inf], [inf], [inf], [inf], [inf], [inf], [inf], [inf], [inf], [inf], [inf], [inf], [inf], [inf], [inf], [inf], [inf], [inf], [inf], [inf], [inf], [inf], [inf], [inf], [inf], [inf], [inf], [inf], [inf], [inf], [inf], [inf], [inf], [inf], [inf], [inf], [inf], [inf], [inf], [inf], [inf], [inf], [inf], [inf], [inf]],0,0.14455890655517578,28.208218574523926,1123
553,onnx/CIFAR100_resnet_medium.onnx,vnnlib/resnet_medium__label_89__idx_7265_global_k1024_eps_0.0039.vnnlib,100,unsat False,[[inf], [inf], [inf], [inf], [inf], [inf], [inf], [inf], [inf], [inf], [inf], [inf], [inf], [inf], [inf], [inf], [inf], [inf], [inf], [inf], [inf], [inf], [inf], [inf], [inf], [inf], [inf], [inf], [inf], [inf], [inf], [inf], [inf], [inf], [inf], [inf], [inf], [inf], [inf], [inf], [inf], [inf], [inf], [inf], [inf], [inf], [inf], [inf], [inf], [inf], [inf], [inf], [inf], [inf], [inf], [inf], [inf], [inf], [inf], [inf], [inf], [inf], [inf], [inf], [inf], [inf], [inf], [inf], [inf], [inf], [inf], [inf], [inf], [inf], [inf], [inf], [inf], [inf], [inf], [inf], [inf], [inf], [inf], [inf], [inf], [inf], [inf], [inf], [inf], [inf], [inf], [inf], [inf], [inf], [inf], [inf], [inf]],0,0.22919559478759766,26.963637828826904,1379
554,onnx/CIFAR100_resnet_medium.onnx,vnnlib/resnet_medium__label_89__idx_7265_fix_mask_seg0_k1024_eps_0.0039.vnnlib,100,unsat True,,,,2.683922052383423,0
555,onnx/CIFAR100_resnet_medium.onnx,vnnlib/resnet_medium__label_89__idx_7265_fix_nonmask_seg0_k1024_eps_0.0039.vnnlib,100,unsat False,[[inf], [inf], [inf], [inf], [inf], [inf], [inf], [inf], [inf], [inf], [inf], [inf], [inf], [inf], [inf], [inf], [inf], [inf], [inf], [inf], [inf], [inf], [inf], [inf], [inf], [inf], [inf], [inf], [inf], [inf], [inf], [inf], [inf], [inf], [inf], [inf], [inf], [inf], [inf], [inf], [inf], [inf], [inf], [inf], [inf], [inf], [inf], [inf], [inf], [inf], [inf], [inf], [inf], [inf], [inf], [inf], [inf], [inf], [inf], [inf], [inf], [inf], [inf], [inf], [inf], [inf], [inf], [inf], [inf], [inf], [inf], [inf], [inf], [inf], [inf], [inf], [inf], [inf], [inf], [inf], [inf], [inf], [inf], [inf], [inf], [inf], [inf], [inf], [inf], [inf], [inf], [inf], [inf], [inf], [inf], [inf], [inf]],0,0.22433018684387207,22.54243493080139,1361
556,onnx/CIFAR100_resnet_medium.onnx,vnnlib/resnet_medium__label_8__idx_1540_global_k1024_eps_0.0039.vnnlib,100,unsat False,[[inf], [inf], [inf], [inf], [inf], [inf], [inf], [inf], [inf], [inf], [inf], [inf], [inf], [inf], [inf], [inf], [inf], [inf], [inf], [inf], [inf], [inf], [inf], [inf], [inf], [inf], [inf], [inf], [inf], [inf], [inf], [inf], [inf], [inf], [inf], [inf], [inf], [inf], [inf], [inf], [inf], [inf], [inf], [inf], [inf], [inf], [inf], [inf], [inf], [inf], [inf], [inf], [inf], [inf], [inf], [inf], [inf], [inf], [inf], [inf], [inf], [inf], [inf], [inf], [inf], [inf], [inf], [inf], [inf], [inf], [inf], [inf], [inf], [inf], [inf], [inf], [inf], [inf], [inf], [inf], [inf], [inf], [inf], [inf], [inf], [inf], [inf], [inf], [inf], [inf], [inf], [inf], [inf], [inf], [inf], [inf], [inf]],0,0.591815710067749,16.694742918014526,1192
557,onnx/CIFAR100_resnet_medium.onnx,vnnlib/resnet_medium__label_8__idx_1540_fix_mask_seg0_k1024_eps_0.0039.vnnlib,100,unsat True,,,,2.7681593894958496,0
558,onnx/CIFAR100_resnet_medium.onnx,vnnlib/resnet_medium__label_8__idx_1540_fix_nonmask_seg0_k1024_eps_0.0039.vnnlib,100,unsat False,[[inf], [inf], [inf], [inf], [inf], [inf], [inf], [inf], [inf], [inf], [inf], [inf], [inf], [inf], [inf], [inf], [inf], [inf], [inf], [inf], [inf], [inf], [inf], [inf], [inf], [inf], [inf], [inf], [inf], [inf], [inf], [inf], [inf], [inf], [inf], [inf], [inf], [inf], [inf], [inf], [0.08990788459777832], [inf], [inf], [inf], [inf], [inf], [inf], [inf], [inf], [inf], [inf], [inf], [inf], [inf], [inf], [inf], [inf], [inf], [inf], [inf], [inf], [inf], [inf], [inf], [inf], [inf], [inf], [inf], [inf], [inf], [inf], [inf], [inf], [inf], [inf], [inf], [inf], [inf], [inf], [inf], [inf], [inf], [inf], [inf], [inf], [inf], [inf], [inf], [inf], [inf], [inf], [inf], [inf], [inf], [inf], [inf], [inf], [inf]],0,0.1531212329864502,14.062189102172852,1059
559,onnx/CIFAR100_resnet_medium.onnx,vnnlib/resnet_medium__label_90__idx_2721_global_k1024_eps_0.0039.vnnlib,100,unsat False,[[inf], [inf], [inf], [inf], [inf], [inf], [inf], [inf], [inf], [inf], [inf], [inf], [inf], [inf], [inf], [inf], [inf], [inf], [inf], [inf], [inf], [inf], [inf], [inf], [inf], [inf], [inf], [inf], [inf], [inf], [inf], [inf], [inf], [inf], [inf], [inf], [inf], [inf], [inf], [inf], [inf], [inf], [inf], [inf], [inf], [inf], [inf], [inf], [inf], [inf], [inf], [inf], [inf], [inf], [inf], [inf], [inf], [inf], [inf], [inf], [inf], [inf], [inf], [inf], [inf], [inf], [inf], [inf], [inf], [inf], [inf], [inf], [inf], [inf], [inf], [inf], [inf], [inf], [inf], [inf], [inf], [inf], [inf], [inf], [inf], [inf], [inf], [inf], [inf], [inf], [inf], [inf], [inf], [inf], [inf], [inf], [inf], [inf]],0,0.22211694717407227,15.277355432510376,680
560,onnx/CIFAR100_resnet_medium.onnx,vnnlib/resnet_medium__label_90__idx_2721_fix_mask_seg0_k1024_eps_0.0039.vnnlib,100,unsat True,,,,2.62107253074646,0
561,onnx/CIFAR100_resnet_medium.onnx,vnnlib/resnet_medium__label_90__idx_2721_fix_nonmask_seg0_k1024_eps_0.0039.vnnlib,100,unsat True,,,,11.546064615249634,0
562,onnx/CIFAR100_resnet_medium.onnx,vnnlib/resnet_medium__label_91__idx_200_global_k1024_eps_0.0039.vnnlib,100,sat True,,,,4.6989641189575195,0
563,onnx/CIFAR100_resnet_medium.onnx,vnnlib/resnet_medium__label_91__idx_200_fix_mask_seg0_k1024_eps_0.0039.vnnlib,100,unsat True,,,,3.095517873764038,0
564,onnx/CIFAR100_resnet_medium.onnx,vnnlib/resnet_medium__label_91__idx_200_fix_nonmask_seg0_k1024_eps_0.0039.vnnlib,100,sat True,,,,3.619361400604248,0
565,onnx/CIFAR100_resnet_medium.onnx,vnnlib/resnet_medium__label_92__idx_1041_global_k1024_eps_0.0039.vnnlib,100,timeout False,[[inf], [inf], [inf], [inf], [inf], [inf], [inf], [inf], [inf], [inf], [inf], [inf], [inf], [inf], [inf], [inf], [inf], [inf], [inf], [inf], [inf], [inf], [inf], [inf], [inf], [inf], [inf], [inf], [inf], [inf], [inf], [inf], [inf], [inf], [inf], [inf], [inf], [inf], [inf], [inf], [inf], [inf], [inf], [inf], [inf], [inf], [inf], [inf], [inf], [inf], [inf], [inf], [inf], [inf], [inf], [inf], [inf], [inf], [inf], [inf], [inf], [inf], [inf], [inf], [inf], [inf], [inf], [inf], [inf], [inf], [inf], [inf], [inf], [inf], [inf], [inf], [inf], [inf], [inf], [inf], [inf], [inf], [inf], [inf], [inf], [inf], [inf], [inf], [inf], [inf], [inf], [inf], [inf], [inf], [inf], [inf], [inf], [inf]],0,0.23879027366638184,111.26729893684387,1103
566,onnx/CIFAR100_resnet_medium.onnx,vnnlib/resnet_medium__label_92__idx_1041_fix_mask_seg0_k1024_eps_0.0039.vnnlib,100,unsat True,,,,2.9576194286346436,0
567,onnx/CIFAR100_resnet_medium.onnx,vnnlib/resnet_medium__label_92__idx_1041_fix_nonmask_seg0_k1024_eps_0.0039.vnnlib,100,timeout False,[[inf], [inf], [inf], [inf], [inf], [inf], [inf], [inf], [inf], [inf], [inf], [inf], [inf], [inf], [inf], [inf], [inf], [inf], [inf], [inf], [inf], [inf], [inf], [inf], [inf], [inf], [inf], [inf], [inf], [inf], [inf], [inf], [inf], [inf], [inf], [inf], [inf], [inf], [inf], [inf], [inf], [inf], [inf], [inf], [inf], [inf], [inf], [inf], [inf], [inf], [inf], [inf], [inf], [inf], [inf], [inf], [inf], [inf], [inf], [inf], [inf], [inf], [inf], [inf], [inf], [inf], [inf], [inf], [inf], [inf], [inf], [inf], [inf], [inf], [inf], [inf], [inf], [inf], [inf], [inf], [inf], [inf], [inf], [inf], [inf], [inf], [inf], [inf], [inf], [inf], [inf], [inf], [inf], [inf], [inf], [inf], [inf], [inf]],0,0.19743037223815918,107.32988047599792,1048
568,onnx/CIFAR100_resnet_medium.onnx,vnnlib/resnet_medium__label_92__idx_6225_global_k1024_eps_0.0039.vnnlib,100,unsat False,[[inf], [inf], [inf], [inf], [inf], [inf], [inf], [inf], [inf], [inf], [inf], [inf], [inf], [inf], [inf], [inf], [inf], [inf], [inf], [inf], [inf], [inf], [inf], [inf], [inf], [inf], [inf], [inf], [inf], [inf], [inf], [inf], [inf], [inf], [inf], [inf], [inf], [inf], [inf], [inf], [inf], [inf], [inf], [inf], [inf], [inf], [inf], [inf], [inf], [inf], [inf], [inf], [inf], [inf], [inf], [inf], [inf], [inf], [inf], [inf], [inf], [inf], [inf], [inf], [inf], [inf], [inf], [inf], [inf], [inf], [inf], [inf], [inf], [inf], [inf], [inf], [inf], [inf], [inf], [inf], [inf], [inf], [inf], [inf], [inf], [inf], [inf], [inf], [inf], [inf], [inf], [inf], [inf], [inf], [inf], [inf], [inf], [inf]],0,0.15092134475708008,15.72904086112976,1130
569,onnx/CIFAR100_resnet_medium.onnx,vnnlib/resnet_medium__label_92__idx_6225_fix_mask_seg0_k1024_eps_0.0039.vnnlib,100,unsat True,,,,2.7112200260162354,0
570,onnx/CIFAR100_resnet_medium.onnx,vnnlib/resnet_medium__label_92__idx_6225_fix_nonmask_seg0_k1024_eps_0.0039.vnnlib,100,unsat True,,,,2.8355040550231934,0
571,onnx/CIFAR100_resnet_medium.onnx,vnnlib/resnet_medium__label_92__idx_7841_global_k1024_eps_0.0039.vnnlib,100,sat True,,,,4.473546504974365,0
572,onnx/CIFAR100_resnet_medium.onnx,vnnlib/resnet_medium__label_92__idx_7841_fix_mask_seg0_k1024_eps_0.0039.vnnlib,100,unsat True,,,,2.875014066696167,0
573,onnx/CIFAR100_resnet_medium.onnx,vnnlib/resnet_medium__label_92__idx_7841_fix_nonmask_seg0_k1024_eps_0.0039.vnnlib,100,timeout False,[[inf], [inf], [inf], [inf], [inf], [inf], [inf], [inf], [inf], [inf], [inf], [inf], [inf], [inf], [inf], [inf], [inf], [inf], [inf], [inf], [inf], [inf], [inf], [inf], [inf], [inf], [inf], [inf], [inf], [inf], [inf], [inf], [inf], [inf], [inf], [inf], [inf], [inf], [inf], [inf], [inf], [inf], [inf], [inf], [inf], [inf], [inf], [inf], [inf], [inf], [inf], [inf], [inf], [inf], [inf], [inf], [inf], [inf], [inf], [inf], [inf], [inf], [inf], [inf], [inf], [inf], [inf], [inf], [inf], [inf], [inf], [inf], [inf], [inf], [inf], [inf], [inf], [inf], [inf], [inf], [inf], [inf], [inf], [inf], [inf], [inf], [inf], [inf], [inf], [inf], [inf], [inf], [inf], [inf], [inf], [inf], [inf], [inf]],0,0.23960280418395996,109.16248297691345,953
574,onnx/CIFAR100_resnet_medium.onnx,vnnlib/resnet_medium__label_93__idx_6196_global_k1024_eps_0.0039.vnnlib,100,timeout False,[[inf], [inf], [inf], [inf], [inf], [inf], [inf], [inf], [inf], [inf], [inf], [inf], [inf], [inf], [inf], [inf], [inf], [inf], [inf], [inf], [inf], [inf], [inf], [inf], [inf], [inf], [inf], [inf], [inf], [inf], [0.12840569019317627], [inf], [inf], [inf], [inf], [inf], [inf], [inf], [inf], [inf], [inf], [inf], [inf], [inf], [inf], [inf], [inf], [inf], [0.006174564361572266], [inf], [inf], [inf], [inf], [inf], [inf], [inf], [inf], [inf], [inf], [inf], [inf], [inf], [inf], [inf], [inf], [inf], [inf], [inf], [inf], [inf], [inf], [inf], [inf], [inf], [inf], [inf], [inf], [inf], [inf], [inf], [inf], [inf], [inf], [inf], [inf], [inf], [inf], [inf], [inf], [inf], [inf], [inf], [inf], [inf], [inf]],0,0.23957562446594238,106.64800429344177,1282
575,onnx/CIFAR100_resnet_medium.onnx,vnnlib/resnet_medium__label_93__idx_6196_fix_mask_seg0_k1024_eps_0.0039.vnnlib,100,unsat True,,,,3.1697800159454346,0
576,onnx/CIFAR100_resnet_medium.onnx,vnnlib/resnet_medium__label_93__idx_6196_fix_nonmask_seg0_k1024_eps_0.0039.vnnlib,100,unsat False,[[inf], [inf], [inf], [inf], [inf], [inf], [inf], [inf], [inf], [inf], [inf], [inf], [inf], [inf], [inf], [inf], [inf], [inf], [inf], [inf], [inf], [inf], [inf], [inf], [inf], [inf], [inf], [inf], [inf], [inf], [inf], [inf], [inf], [inf], [inf], [inf], [inf], [inf], [inf], [inf], [inf], [inf], [inf], [inf], [inf], [inf], [inf], [inf], [0.13260102272033691], [inf], [inf], [inf], [inf], [inf], [inf], [inf], [inf], [inf], [inf], [inf], [inf], [inf], [inf], [inf], [inf], [inf], [inf], [inf], [inf], [inf], [inf], [inf], [inf], [inf], [inf], [inf], [inf], [inf], [inf], [inf], [inf], [inf], [inf], [inf], [inf], [inf], [inf], [inf], [inf], [inf], [inf], [inf], [inf], [inf], [inf]],0,0.14920425415039062,57.5055193901062,1229
577,onnx/CIFAR100_resnet_medium.onnx,vnnlib/resnet_medium__label_96__idx_3701_global_k1024_eps_0.0039.vnnlib,100,unsat True,,,,12.295493125915527,0
578,onnx/CIFAR100_resnet_medium.onnx,vnnlib/resnet_medium__label_96__idx_3701_fix_mask_seg0_k1024_eps_0.0039.vnnlib,100,unsat True,,,,3.0029900074005127,0
579,onnx/CIFAR100_resnet_medium.onnx,vnnlib/resnet_medium__label_96__idx_3701_fix_nonmask_seg0_k1024_eps_0.0039.vnnlib,100,unsat True,,,,12.324115991592407,0
580,onnx/CIFAR100_resnet_medium.onnx,vnnlib/resnet_medium__label_96__idx_5577_global_k1024_eps_0.0039.vnnlib,100,sat True,,,,4.07686448097229,0
581,onnx/CIFAR100_resnet_medium.onnx,vnnlib/resnet_medium__label_96__idx_5577_fix_mask_seg0_k1024_eps_0.0039.vnnlib,100,unsat True,,,,3.2916791439056396,0
582,onnx/CIFAR100_resnet_medium.onnx,vnnlib/resnet_medium__label_96__idx_5577_fix_nonmask_seg0_k1024_eps_0.0039.vnnlib,100,sat True,,,,4.265069484710693,0
583,onnx/CIFAR100_resnet_medium.onnx,vnnlib/resnet_medium__label_96__idx_9183_global_k1024_eps_0.0039.vnnlib,100,timeout False,[[inf], [inf], [inf], [inf], [inf], [inf], [inf], [inf], [inf], [inf], [inf], [inf], [inf], [inf], [inf], [inf], [inf], [inf], [inf], [inf], [inf], [inf], [inf], [inf], [inf], [inf], [inf], [inf], [inf], [inf], [inf], [inf], [inf], [0.13680541515350342], [inf], [inf], [inf], [inf], [inf], [inf], [inf], [inf], [inf], [inf], [inf], [inf], [0.08727312088012695], [inf], [inf], [inf], [inf], [inf], [inf], [inf], [inf], [inf], [inf], [inf], [inf], [inf], [inf], [inf], [inf], [inf], [inf], [inf], [inf], [inf], [inf], [inf], [inf], [inf], [inf], [inf], [inf], [inf], [inf], [inf], [inf], [inf], [inf], [inf], [inf], [inf], [inf], [inf], [inf], [inf], [inf], [inf], [inf], [inf], [inf], [inf], [inf], [inf], [inf], [inf]],0,0.15319609642028809,103.13566732406616,1451
584,onnx/CIFAR100_resnet_medium.onnx,vnnlib/resnet_medium__label_96__idx_9183_fix_mask_seg0_k1024_eps_0.0039.vnnlib,100,unsat True,,,,6.692656993865967,0
585,onnx/CIFAR100_resnet_medium.onnx,vnnlib/resnet_medium__label_96__idx_9183_fix_nonmask_seg0_k1024_eps_0.0039.vnnlib,100,timeout False,[[inf], [inf], [inf], [inf], [inf], [inf], [inf], [inf], [inf], [inf], [inf], [inf], [inf], [inf], [inf], [inf], [inf], [inf], [inf], [inf], [inf], [inf], [inf], [inf], [inf], [inf], [inf], [inf], [inf], [inf], [inf], [inf], [inf], [inf], [inf], [inf], [inf], [inf], [inf], [inf], [inf], [inf], [inf], [inf], [inf], [inf], [inf], [inf], [inf], [inf], [inf], [inf], [inf], [inf], [inf], [inf], [inf], [inf], [inf], [inf], [inf], [inf], [inf], [inf], [inf], [inf], [inf], [inf], [inf], [inf], [inf], [inf], [inf], [inf], [inf], [inf], [inf], [inf], [inf], [inf], [inf], [inf], [inf], [inf], [inf], [inf], [inf], [inf], [inf], [inf], [inf], [inf], [inf], [inf], [inf], [inf], [inf], [inf]],0,0.2297821044921875,109.81759762763977,1370
586,onnx/CIFAR100_resnet_medium.onnx,vnnlib/resnet_medium__label_98__idx_40_global_k1024_eps_0.0039.vnnlib,100,unsat False,[[inf], [inf], [inf], [inf], [inf], [inf], [inf], [inf], [inf], [inf], [inf], [inf], [inf], [inf], [inf], [inf], [inf], [inf], [inf], [inf], [inf], [inf], [inf], [inf], [inf], [inf], [inf], [inf], [inf], [inf], [inf], [inf], [inf], [inf], [inf], [inf], [inf], [inf], [inf], [inf], [inf], [inf], [inf], [inf], [inf], [inf], [inf], [inf], [inf], [inf], [inf], [inf], [inf], [inf], [inf], [inf], [inf], [inf], [inf], [inf], [inf], [inf], [inf], [inf], [inf], [inf], [inf], [inf], [inf], [inf], [inf], [inf], [inf], [inf], [inf], [inf], [inf], [inf], [inf], [inf], [inf], [inf], [inf], [inf], [inf], [inf], [inf], [inf], [inf], [inf], [inf], [inf], [inf], [inf], [inf], [inf], [inf], [inf]],0,0.2311687469482422,16.24756121635437,719
587,onnx/CIFAR100_resnet_medium.onnx,vnnlib/resnet_medium__label_98__idx_40_fix_mask_seg0_k1024_eps_0.0039.vnnlib,100,unsat True,,,,3.0135014057159424,0
588,onnx/CIFAR100_resnet_medium.onnx,vnnlib/resnet_medium__label_98__idx_40_fix_nonmask_seg0_k1024_eps_0.0039.vnnlib,100,unsat False,[[inf], [inf], [inf], [inf], [inf], [inf], [inf], [inf], [inf], [inf], [inf], [inf], [inf], [inf], [inf], [inf], [inf], [inf], [inf], [inf], [inf], [inf], [inf], [inf], [inf], [inf], [inf], [inf], [inf], [inf], [inf], [inf], [inf], [inf], [inf], [inf], [inf], [inf], [inf], [inf], [inf], [inf], [inf], [inf], [inf], [inf], [inf], [inf], [inf], [inf], [inf], [inf], [inf], [inf], [inf], [inf], [inf], [inf], [inf], [inf], [inf], [inf], [inf], [inf], [inf], [inf], [inf], [inf], [inf], [inf], [inf], [inf], [inf], [inf], [inf], [inf], [inf], [inf], [inf], [inf], [inf], [inf], [inf], [inf], [inf], [inf], [inf], [inf], [inf], [inf], [inf], [inf], [inf], [inf], [inf], [inf], [inf], [inf]],0,0.13724136352539062,15.21763300895691,719
589,onnx/CIFAR100_resnet_medium.onnx,vnnlib/resnet_medium__label_99__idx_3584_global_k1024_eps_0.0039.vnnlib,100,timeout False,[[inf], [inf], [inf], [inf], [inf], [inf], [inf], [inf], [inf], [inf], [inf], [inf], [inf], [inf], [inf], [inf], [inf], [inf], [inf], [inf], [inf], [inf], [inf], [inf], [inf], [inf], [inf], [inf], [inf], [inf], [inf], [inf], [inf], [inf], [inf], [inf], [inf], [inf], [inf], [inf], [inf], [inf], [inf], [inf], [inf], [inf], [inf], [inf], [inf], [inf], [inf], [inf], [inf], [inf], [inf], [inf], [inf], [inf], [inf], [inf], [inf], [inf], [inf], [inf], [inf], [inf], [inf], [inf], [inf], [inf], [inf], [inf], [inf], [inf], [inf], [inf], [inf], [inf], [inf], [inf], [inf], [inf], [inf], [inf], [inf], [inf], [inf], [inf], [inf], [inf], [inf], [inf], [inf], [inf], [inf], [inf], [inf], [inf]],0,0.14934468269348145,106.06801676750183,480
590,onnx/CIFAR100_resnet_medium.onnx,vnnlib/resnet_medium__label_99__idx_3584_fix_mask_seg0_k1024_eps_0.0039.vnnlib,100,unsat True,,,,3.0426390171051025,0
591,onnx/CIFAR100_resnet_medium.onnx,vnnlib/resnet_medium__label_99__idx_3584_fix_nonmask_seg0_k1024_eps_0.0039.vnnlib,100,timeout False,[[inf], [inf], [inf], [inf], [inf], [inf], [inf], [inf], [inf], [inf], [inf], [inf], [inf], [inf], [inf], [inf], [inf], [inf], [inf], [inf], [inf], [inf], [inf], [inf], [inf], [inf], [inf], [inf], [inf], [inf], [inf], [inf], [inf], [inf], [inf], [inf], [inf], [inf], [inf], [inf], [inf], [inf], [inf], [inf], [inf], [inf], [inf], [inf], [inf], [inf], [inf], [inf], [inf], [inf], [inf], [inf], [inf], [inf], [inf], [inf], [inf], [inf], [inf], [inf], [inf], [inf], [inf], [inf], [inf], [inf], [inf], [inf], [inf], [inf], [inf], [inf], [inf], [inf], [inf], [inf], [inf], [inf], [inf], [inf], [inf], [inf], [inf], [inf], [inf], [inf], [inf], [inf], [inf], [inf], [inf], [inf], [inf], [inf]],0,0.1452951431274414,101.65652775764465,480
592,onnx/CIFAR100_resnet_medium.onnx,vnnlib/resnet_medium__label_9__idx_4461_global_k1024_eps_0.0039.vnnlib,100,unsat False,[[inf], [inf], [inf], [inf], [inf], [inf], [inf], [inf], [inf], [inf], [inf], [inf], [inf], [inf], [inf], [inf], [inf], [inf], [inf], [inf], [inf], [inf], [inf], [inf], [inf], [inf], [inf], [inf], [inf], [inf], [inf], [inf], [inf], [inf], [inf], [inf], [inf], [inf], [inf], [inf], [inf], [inf], [inf], [inf], [inf], [inf], [inf], [inf], [inf], [inf], [inf], [inf], [inf], [inf], [inf], [inf], [inf], [inf], [inf], [inf], [inf], [inf], [inf], [inf], [inf], [inf], [inf], [inf], [inf], [inf], [inf], [inf], [inf], [inf], [inf], [inf], [inf], [inf], [inf], [inf], [inf], [inf], [inf], [inf], [inf], [inf], [inf], [inf], [inf], [inf], [inf], [inf], [inf], [inf], [inf], [inf], [inf], [inf]],0,0.14983749389648438,14.153318881988525,865
593,onnx/CIFAR100_resnet_medium.onnx,vnnlib/resnet_medium__label_9__idx_4461_fix_mask_seg0_k1024_eps_0.0039.vnnlib,100,unsat True,,,,2.81862211227417,0
594,onnx/CIFAR100_resnet_medium.onnx,vnnlib/resnet_medium__label_9__idx_4461_fix_nonmask_seg0_k1024_eps_0.0039.vnnlib,100,unsat False,[[inf], [inf], [inf], [inf], [inf], [inf], [inf], [inf], [inf], [inf], [inf], [inf], [inf], [inf], [inf], [inf], [inf], [inf], [inf], [inf], [inf], [inf], [inf], [inf], [inf], [inf], [inf], [inf], [inf], [inf], [inf], [inf], [inf], [inf], [inf], [inf], [inf], [inf], [inf], [inf], [inf], [inf], [inf], [inf], [inf], [inf], [inf], [inf], [inf], [inf], [inf], [inf], [inf], [inf], [inf], [inf], [inf], [inf], [inf], [inf], [inf], [inf], [inf], [inf], [inf], [inf], [inf], [inf], [inf], [inf], [inf], [inf], [inf], [inf], [inf], [inf], [inf], [inf], [inf], [inf], [inf], [inf], [inf], [inf], [inf], [inf], [inf], [inf], [inf], [inf], [inf], [inf], [inf], [inf], [inf], [inf], [inf], [inf]],0,0.19134306907653809,14.298200368881226,855
595,onnx/CIFAR100_resnet_medium.onnx,vnnlib/resnet_medium__label_9__idx_6416_global_k1024_eps_0.0039.vnnlib,100,unsat False,[[inf], [inf], [inf], [inf], [inf], [inf], [inf], [inf], [0.010565757751464844], [inf], [inf], [inf], [inf], [inf], [inf], [inf], [inf], [inf], [inf], [inf], [inf], [inf], [inf], [inf], [inf], [inf], [inf], [inf], [inf], [inf], [inf], [inf], [inf], [inf], [inf], [inf], [inf], [inf], [inf], [inf], [inf], [inf], [inf], [inf], [inf], [inf], [inf], [inf], [inf], [inf], [inf], [inf], [inf], [inf], [inf], [inf], [inf], [inf], [inf], [inf], [inf], [inf], [inf], [inf], [inf], [inf], [inf], [inf], [inf], [inf], [inf], [inf], [inf], [inf], [inf], [inf], [0.2094411849975586], [inf], [inf], [inf], [inf], [inf], [inf], [inf], [inf], [inf], [inf], [inf], [inf], [inf], [inf], [inf], [inf], [inf]],0,0.1418466567993164,55.32814955711365,1293
596,onnx/CIFAR100_resnet_medium.onnx,vnnlib/resnet_medium__label_9__idx_6416_fix_mask_seg0_k1024_eps_0.0039.vnnlib,100,unsat True,,,,2.9557971954345703,0
597,onnx/CIFAR100_resnet_medium.onnx,vnnlib/resnet_medium__label_9__idx_6416_fix_nonmask_seg0_k1024_eps_0.0039.vnnlib,100,unsat False,[[inf], [inf], [inf], [inf], [inf], [inf], [inf], [inf], [0.010566473007202148], [inf], [inf], [inf], [inf], [inf], [inf], [inf], [inf], [inf], [inf], [inf], [inf], [inf], [inf], [inf], [inf], [inf], [inf], [inf], [inf], [inf], [inf], [inf], [inf], [inf], [inf], [inf], [inf], [inf], [inf], [inf], [inf], [inf], [inf], [inf], [inf], [inf], [inf], [inf], [inf], [inf], [inf], [inf], [inf], [inf], [inf], [inf], [inf], [inf], [inf], [inf], [inf], [inf], [inf], [inf], [inf], [inf], [inf], [inf], [inf], [inf], [inf], [inf], [inf], [inf], [inf], [inf], [0.2094402313232422], [inf], [inf], [inf], [inf], [inf], [inf], [inf], [inf], [inf], [inf], [inf], [inf], [inf], [inf], [inf], [inf], [inf]],0,0.1555173397064209,55.86626648902893,1293
598,onnx/CIFAR100_resnet_medium.onnx,vnnlib/resnet_medium__label_9__idx_7593_global_k1024_eps_0.0039.vnnlib,100,unsat False,[[inf], [inf], [inf], [inf], [inf], [inf], [inf], [inf], [inf], [inf], [inf], [inf], [inf], [inf], [inf], [inf], [inf], [inf], [inf], [inf], [inf], [inf], [inf], [inf], [inf], [inf], [inf], [inf], [inf], [inf], [inf], [inf], [inf], [inf], [inf], [inf], [inf], [inf], [inf], [inf], [inf], [inf], [inf], [inf], [inf], [inf], [inf], [inf], [inf], [inf], [inf], [inf], [inf], [inf], [inf], [inf], [inf], [inf], [inf], [inf], [inf], [inf], [inf], [inf], [inf], [inf], [inf], [inf], [inf], [inf], [inf], [inf], [inf], [inf], [inf], [inf], [inf], [inf], [inf], [inf], [inf], [inf], [inf], [inf], [inf], [inf], [inf], [inf], [inf], [inf], [inf], [inf], [inf], [inf], [inf], [inf], [inf], [inf]],0,1.3541193008422852,20.346213817596436,915
599,onnx/CIFAR100_resnet_medium.onnx,vnnlib/resnet_medium__label_9__idx_7593_fix_mask_seg0_k1024_eps_0.0039.vnnlib,100,unsat True,,,,2.390298843383789,0
600,onnx/CIFAR100_resnet_medium.onnx,vnnlib/resnet_medium__label_9__idx_7593_fix_nonmask_seg0_k1024_eps_0.0039.vnnlib,100,unsat False,[[inf], [inf], [inf], [inf], [inf], [inf], [inf], [inf], [inf], [inf], [inf], [inf], [inf], [inf], [inf], [inf], [inf], [inf], [inf], [inf], [inf], [inf], [inf], [inf], [inf], [inf], [inf], [inf], [inf], [inf], [inf], [inf], [inf], [inf], [inf], [inf], [inf], [inf], [inf], [inf], [inf], [inf], [inf], [inf], [inf], [inf], [inf], [inf], [inf], [inf], [inf], [inf], [inf], [inf], [inf], [inf], [inf], [inf], [inf], [inf], [inf], [inf], [inf], [inf], [inf], [inf], [inf], [inf], [inf], [inf], [inf], [inf], [inf], [inf], [inf], [inf], [inf], [inf], [inf], [inf], [inf], [inf], [inf], [inf], [inf], [inf], [inf], [inf], [inf], [inf], [inf], [inf], [inf], [inf], [inf], [inf], [inf], [inf]],0,0.14822936058044434,16.635034322738647,915
