instance_id,onnx,vnnlib,timeout,result,lb_minus_rhs,domains_visited,bab_time,all_time,init_unstable
1,onnx/CIFAR100_resnet_large.onnx,vnnlib/resnet_large__label_10__idx_7516_global_k1024_eps_0.0039.vnnlib,100,timeout False,"[[inf], [inf], [inf], [inf], [inf], [inf], [inf], [inf], [inf], [inf], [inf], [inf], [inf], [inf], [inf], [inf], [inf], [inf], [inf], [inf], [inf], [inf], [inf], [inf], [inf], [inf], [inf], [inf], [inf], [inf], [inf], [inf], [inf], [inf], [inf], [inf], [inf], [inf], [inf], [inf], [inf], [inf], [inf], [inf], [inf], [inf], [inf], [inf], [inf], [inf], [inf], [inf], [inf], [inf], [inf], [inf], [inf], [inf], [inf], [inf], [inf], [inf], [inf], [inf], [inf], [inf], [inf], [inf], [inf], [inf], [inf], [inf], [inf], [inf], [inf], [inf], [inf], [0.2395637035369873], [inf], [inf], [inf], [inf], [inf], [inf], [inf], [inf], [inf], [inf], [inf], [inf], [inf], [inf], [inf], [inf], [inf], [inf], [inf], [inf]]",0,0.14553117752075195,101.13347125053406,3717
2,onnx/CIFAR100_resnet_large.onnx,vnnlib/resnet_large__label_10__idx_7516_fix_mask_seg0_k1024_eps_0.0039.vnnlib,100,unsat True,,,,4.7337281703948975,0
3,onnx/CIFAR100_resnet_large.onnx,vnnlib/resnet_large__label_10__idx_7516_fix_nonmask_seg0_k1024_eps_0.0039.vnnlib,100,timeout False,"[[inf], [inf], [inf], [inf], [inf], [inf], [inf], [inf], [inf], [inf], [inf], [inf], [inf], [inf], [inf], [inf], [inf], [inf], [inf], [inf], [inf], [inf], [inf], [inf], [inf], [inf], [inf], [inf], [inf], [inf], [inf], [inf], [inf], [inf], [inf], [inf], [inf], [inf], [inf], [inf], [inf], [inf], [inf], [inf], [inf], [inf], [inf], [inf], [inf], [inf], [inf], [inf], [inf], [inf], [inf], [inf], [inf], [inf], [inf], [inf], [inf], [inf], [inf], [inf], [inf], [inf], [inf], [inf], [inf], [inf], [inf], [inf], [inf], [inf], [inf], [inf], [inf], [inf], [inf], [inf], [inf], [inf], [inf], [inf], [inf], [inf], [inf], [inf], [inf], [inf], [inf], [inf], [inf], [inf], [inf], [inf], [inf], [inf]]",0,0.15023517608642578,101.58235239982605,3503
4,onnx/CIFAR100_resnet_large.onnx,vnnlib/resnet_large__label_10__idx_8477_global_k1024_eps_0.0039.vnnlib,100,timeout False,"[[inf], [inf], [inf], [inf], [inf], [inf], [inf], [inf], [inf], [inf], [inf], [inf], [inf], [inf], [inf], [inf], [inf], [inf], [inf], [inf], [inf], [inf], [inf], [inf], [inf], [inf], [inf], [inf], [inf], [inf], [inf], [inf], [inf], [inf], [inf], [inf], [inf], [inf], [inf], [inf], [inf], [inf], [inf], [inf], [inf], [inf], [inf], [inf], [inf], [inf], [inf], [inf], [inf], [inf], [inf], [inf], [inf], [inf], [inf], [inf], [inf], [inf], [inf], [inf], [inf], [inf], [inf], [inf], [inf], [inf], [inf], [inf], [inf], [inf], [inf], [inf], [inf], [inf], [inf], [inf], [inf], [inf], [inf], [inf], [inf], [inf], [inf], [inf], [inf], [inf], [inf], [inf], [inf], [inf], [inf], [inf], [inf], [inf]]",0,0.15011048316955566,100.77350306510925,3738
5,onnx/CIFAR100_resnet_large.onnx,vnnlib/resnet_large__label_10__idx_8477_fix_mask_seg0_k1024_eps_0.0039.vnnlib,100,unsat True,,,,4.114388465881348,0
6,onnx/CIFAR100_resnet_large.onnx,vnnlib/resnet_large__label_10__idx_8477_fix_nonmask_seg0_k1024_eps_0.0039.vnnlib,100,timeout False,"[[inf], [inf], [inf], [inf], [inf], [inf], [inf], [inf], [inf], [inf], [inf], [inf], [inf], [inf], [inf], [inf], [inf], [inf], [inf], [inf], [inf], [inf], [inf], [inf], [inf], [inf], [inf], [inf], [inf], [inf], [inf], [inf], [inf], [inf], [inf], [inf], [inf], [inf], [inf], [inf], [inf], [inf], [inf], [inf], [inf], [inf], [inf], [inf], [inf], [inf], [inf], [inf], [inf], [inf], [inf], [inf], [inf], [inf], [inf], [inf], [inf], [inf], [inf], [inf], [inf], [inf], [inf], [inf], [inf], [inf], [inf], [inf], [inf], [inf], [inf], [inf], [inf], [inf], [inf], [inf], [inf], [inf], [inf], [inf], [inf], [inf], [inf], [inf], [inf], [inf], [inf], [inf], [inf], [inf], [inf], [inf], [inf], [inf]]",0,0.15497040748596191,104.13165307044983,3526
7,onnx/CIFAR100_resnet_large.onnx,vnnlib/resnet_large__label_11__idx_3469_global_k1024_eps_0.0039.vnnlib,100,sat True,,,,5.274614334106445,0
8,onnx/CIFAR100_resnet_large.onnx,vnnlib/resnet_large__label_11__idx_3469_fix_mask_seg0_k1024_eps_0.0039.vnnlib,100,unsat True,,,,3.729898452758789,0
9,onnx/CIFAR100_resnet_large.onnx,vnnlib/resnet_large__label_11__idx_3469_fix_nonmask_seg0_k1024_eps_0.0039.vnnlib,100,sat True,,,,5.860029935836792,0
10,onnx/CIFAR100_resnet_large.onnx,vnnlib/resnet_large__label_12__idx_6868_global_k1024_eps_0.0039.vnnlib,100,sat True,,,,5.807868480682373,0
11,onnx/CIFAR100_resnet_large.onnx,vnnlib/resnet_large__label_12__idx_6868_fix_mask_seg0_k1024_eps_0.0039.vnnlib,100,unsat True,,,,4.394625663757324,0
12,onnx/CIFAR100_resnet_large.onnx,vnnlib/resnet_large__label_12__idx_6868_fix_nonmask_seg0_k1024_eps_0.0039.vnnlib,100,sat True,,,,5.707377195358276,0
13,onnx/CIFAR100_resnet_large.onnx,vnnlib/resnet_large__label_12__idx_8525_global_k1024_eps_0.0039.vnnlib,100,timeout False,"[[inf], [inf], [inf], [inf], [inf], [inf], [inf], [inf], [inf], [inf], [inf], [inf], [inf], [inf], [inf], [inf], [inf], [inf], [inf], [inf], [inf], [inf], [inf], [inf], [inf], [inf], [inf], [inf], [inf], [inf], [inf], [inf], [inf], [inf], [inf], [inf], [inf], [inf], [inf], [inf], [inf], [inf], [inf], [inf], [inf], [inf], [inf], [inf], [inf], [inf], [inf], [inf], [inf], [inf], [inf], [inf], [inf], [inf], [inf], [inf], [inf], [inf], [inf], [inf], [inf], [inf], [inf], [inf], [inf], [inf], [inf], [inf], [inf], [inf], [inf], [inf], [inf], [inf], [inf], [inf], [inf], [inf], [inf], [inf], [inf], [inf], [inf], [inf], [inf], [inf], [inf], [inf], [inf], [inf], [inf], [inf], [inf]]",0,0.14850783348083496,101.98317742347717,2278
14,onnx/CIFAR100_resnet_large.onnx,vnnlib/resnet_large__label_12__idx_8525_fix_mask_seg0_k1024_eps_0.0039.vnnlib,100,unsat True,,,,3.1680562496185303,0
15,onnx/CIFAR100_resnet_large.onnx,vnnlib/resnet_large__label_12__idx_8525_fix_nonmask_seg0_k1024_eps_0.0039.vnnlib,100,timeout False,"[[inf], [inf], [inf], [inf], [inf], [inf], [inf], [inf], [inf], [inf], [inf], [inf], [inf], [inf], [inf], [inf], [inf], [inf], [inf], [inf], [inf], [inf], [inf], [inf], [inf], [inf], [inf], [inf], [inf], [inf], [inf], [inf], [inf], [inf], [inf], [inf], [inf], [inf], [inf], [inf], [inf], [inf], [inf], [inf], [inf], [inf], [inf], [inf], [inf], [inf], [inf], [inf], [inf], [inf], [inf], [inf], [inf], [inf], [inf], [inf], [inf], [inf], [inf], [inf], [inf], [inf], [inf], [inf], [inf], [inf], [inf], [inf], [inf], [inf], [inf], [inf], [inf], [inf], [inf], [inf], [inf], [inf], [inf], [inf], [inf], [inf], [inf], [inf], [inf], [inf], [inf], [inf], [inf], [inf], [inf], [inf], [inf]]",0,0.14863228797912598,101.34093379974365,2269
16,onnx/CIFAR100_resnet_large.onnx,vnnlib/resnet_large__label_13__idx_803_global_k1024_eps_0.0039.vnnlib,100,unsat False,"[[inf], [inf], [inf], [inf], [inf], [inf], [inf], [inf], [inf], [inf], [inf], [inf], [inf], [inf], [inf], [inf], [inf], [inf], [inf], [inf], [inf], [inf], [inf], [inf], [inf], [inf], [inf], [inf], [inf], [inf], [inf], [inf], [inf], [inf], [inf], [inf], [inf], [inf], [inf], [inf], [inf], [inf], [inf], [inf], [inf], [inf], [inf], [inf], [inf], [inf], [inf], [inf], [inf], [inf], [inf], [inf], [inf], [inf], [inf], [inf], [inf], [inf], [inf], [inf], [inf], [inf], [inf], [inf], [inf], [inf], [inf], [inf], [inf], [inf], [inf], [inf], [inf], [inf], [inf], [inf], [inf], [inf], [inf], [inf], [inf], [inf], [inf], [inf], [inf], [inf], [inf], [inf], [inf], [inf], [inf], [inf], [inf], [inf]]",0,0.15052247047424316,33.39165449142456,2965
17,onnx/CIFAR100_resnet_large.onnx,vnnlib/resnet_large__label_13__idx_803_fix_mask_seg0_k1024_eps_0.0039.vnnlib,100,unsat True,,,,2.725219249725342,0
18,onnx/CIFAR100_resnet_large.onnx,vnnlib/resnet_large__label_13__idx_803_fix_nonmask_seg0_k1024_eps_0.0039.vnnlib,100,unsat False,"[[inf], [inf], [inf], [inf], [inf], [inf], [inf], [inf], [inf], [inf], [inf], [inf], [inf], [inf], [inf], [inf], [inf], [inf], [inf], [inf], [inf], [inf], [inf], [inf], [inf], [inf], [inf], [inf], [inf], [inf], [inf], [inf], [inf], [inf], [inf], [inf], [inf], [inf], [inf], [inf], [inf], [inf], [inf], [inf], [inf], [inf], [inf], [inf], [inf], [inf], [inf], [inf], [inf], [inf], [inf], [inf], [inf], [inf], [inf], [inf], [inf], [inf], [inf], [inf], [inf], [inf], [inf], [inf], [inf], [inf], [inf], [inf], [inf], [inf], [inf], [inf], [inf], [inf], [inf], [inf], [inf], [inf], [inf], [inf], [inf], [inf], [inf], [inf], [inf], [inf], [inf], [inf], [inf], [inf], [inf], [inf], [inf], [inf]]",0,0.15480542182922363,34.05574584007263,2934
19,onnx/CIFAR100_resnet_large.onnx,vnnlib/resnet_large__label_17__idx_8201_global_k1024_eps_0.0039.vnnlib,100,unsat False,"[[inf], [inf], [inf], [inf], [inf], [inf], [inf], [inf], [inf], [inf], [inf], [inf], [inf], [inf], [inf], [inf], [inf], [inf], [inf], [inf], [inf], [inf], [inf], [inf], [inf], [inf], [inf], [inf], [inf], [inf], [inf], [inf], [inf], [inf], [inf], [inf], [inf], [inf], [inf], [inf], [inf], [inf], [inf], [inf], [inf], [inf], [inf], [inf], [inf], [inf], [inf], [inf], [inf], [inf], [inf], [inf], [inf], [inf], [inf], [inf], [inf], [inf], [inf], [inf], [inf], [inf], [inf], [inf], [inf], [inf], [inf], [inf], [inf], [inf], [inf], [inf], [inf], [inf], [inf], [inf], [inf], [inf], [inf], [inf], [inf], [inf], [inf], [inf], [inf], [inf], [inf], [inf], [inf], [inf], [inf], [inf], [inf], [inf]]",0,0.30015134811401367,36.7296667098999,2526
20,onnx/CIFAR100_resnet_large.onnx,vnnlib/resnet_large__label_17__idx_8201_fix_mask_seg0_k1024_eps_0.0039.vnnlib,100,unsat True,,,,4.455414295196533,0
21,onnx/CIFAR100_resnet_large.onnx,vnnlib/resnet_large__label_17__idx_8201_fix_nonmask_seg0_k1024_eps_0.0039.vnnlib,100,unsat False,"[[inf], [inf], [inf], [inf], [inf], [inf], [inf], [inf], [inf], [inf], [inf], [inf], [inf], [inf], [inf], [inf], [inf], [inf], [inf], [inf], [inf], [inf], [inf], [inf], [inf], [inf], [inf], [inf], [inf], [inf], [inf], [inf], [inf], [inf], [inf], [inf], [inf], [inf], [inf], [inf], [inf], [inf], [inf], [inf], [inf], [inf], [inf], [inf], [inf], [inf], [inf], [inf], [inf], [inf], [inf], [inf], [inf], [inf], [inf], [inf], [inf], [inf], [inf], [inf], [inf], [inf], [inf], [inf], [inf], [inf], [inf], [inf], [inf], [inf], [inf], [inf], [inf], [inf], [inf], [inf], [inf], [inf], [inf], [inf], [inf], [inf], [inf], [inf], [inf], [inf], [inf], [inf], [inf], [inf], [inf], [inf], [inf], [inf]]",0,0.23629379272460938,34.05384588241577,2524
22,onnx/CIFAR100_resnet_large.onnx,vnnlib/resnet_large__label_18__idx_1992_global_k1024_eps_0.0039.vnnlib,100,timeout False,"[[inf], [inf], [inf], [inf], [inf], [inf], [inf], [inf], [inf], [inf], [inf], [inf], [inf], [inf], [inf], [inf], [inf], [inf], [inf], [inf], [inf], [inf], [inf], [inf], [inf], [inf], [inf], [inf], [inf], [inf], [inf], [inf], [inf], [inf], [inf], [inf], [inf], [inf], [inf], [inf], [inf], [inf], [inf], [inf], [inf], [inf], [inf], [inf], [inf], [inf], [inf], [inf], [inf], [inf], [inf], [inf], [inf], [inf], [inf], [inf], [inf], [inf], [inf], [inf], [inf], [inf], [inf], [inf], [inf], [inf], [inf], [inf], [inf], [inf], [inf], [inf], [inf], [inf], [inf], [inf], [inf], [inf], [inf], [inf], [inf], [inf], [inf], [inf], [inf], [inf], [inf], [inf], [inf], [inf], [inf], [inf], [inf], [inf]]",0,0.26581358909606934,103.08854985237122,4076
23,onnx/CIFAR100_resnet_large.onnx,vnnlib/resnet_large__label_18__idx_1992_fix_mask_seg0_k1024_eps_0.0039.vnnlib,100,unsat True,,,,2.879448652267456,0
24,onnx/CIFAR100_resnet_large.onnx,vnnlib/resnet_large__label_18__idx_1992_fix_nonmask_seg0_k1024_eps_0.0039.vnnlib,100,timeout False,"[[inf], [inf], [inf], [inf], [inf], [inf], [inf], [inf], [inf], [inf], [inf], [inf], [inf], [inf], [inf], [inf], [inf], [inf], [inf], [inf], [inf], [inf], [inf], [inf], [inf], [inf], [inf], [inf], [inf], [inf], [inf], [inf], [inf], [inf], [inf], [inf], [inf], [inf], [inf], [inf], [inf], [inf], [inf], [inf], [inf], [inf], [inf], [inf], [inf], [inf], [inf], [inf], [inf], [inf], [inf], [inf], [inf], [inf], [inf], [inf], [inf], [inf], [inf], [inf], [inf], [inf], [inf], [inf], [inf], [inf], [inf], [inf], [inf], [inf], [inf], [inf], [inf], [inf], [inf], [inf], [inf], [inf], [inf], [inf], [inf], [inf], [inf], [inf], [inf], [inf], [inf], [inf], [inf], [inf], [inf], [inf], [inf], [inf]]",0,0.1513197422027588,105.95386528968811,4076
25,onnx/CIFAR100_resnet_large.onnx,vnnlib/resnet_large__label_18__idx_5863_global_k1024_eps_0.0039.vnnlib,100,timeout False,"[[inf], [inf], [inf], [inf], [inf], [inf], [inf], [inf], [inf], [inf], [inf], [inf], [inf], [inf], [inf], [inf], [inf], [inf], [inf], [inf], [inf], [inf], [inf], [inf], [inf], [inf], [inf], [inf], [inf], [inf], [inf], [inf], [inf], [inf], [inf], [inf], [inf], [inf], [inf], [inf], [inf], [inf], [inf], [inf], [inf], [inf], [inf], [inf], [inf], [inf], [inf], [inf], [inf], [inf], [inf], [inf], [inf], [inf], [inf], [inf], [inf], [inf], [inf], [inf], [inf], [inf], [inf], [inf], [inf], [inf], [inf], [inf], [inf], [inf], [inf], [inf], [inf], [inf], [inf], [inf], [inf], [inf], [inf], [inf], [inf], [inf], [inf], [inf], [inf], [inf], [inf], [inf], [inf], [inf], [inf], [inf], [inf], [inf]]",0,0.23532986640930176,103.81407165527344,2692
26,onnx/CIFAR100_resnet_large.onnx,vnnlib/resnet_large__label_18__idx_5863_fix_mask_seg0_k1024_eps_0.0039.vnnlib,100,unsat True,,,,4.260561943054199,0
27,onnx/CIFAR100_resnet_large.onnx,vnnlib/resnet_large__label_18__idx_5863_fix_nonmask_seg0_k1024_eps_0.0039.vnnlib,100,timeout False,"[[inf], [inf], [inf], [inf], [inf], [inf], [inf], [inf], [inf], [inf], [inf], [inf], [inf], [inf], [inf], [inf], [inf], [inf], [inf], [inf], [inf], [inf], [inf], [inf], [inf], [inf], [inf], [inf], [inf], [inf], [inf], [inf], [inf], [inf], [inf], [inf], [inf], [inf], [inf], [inf], [inf], [inf], [inf], [inf], [inf], [inf], [inf], [inf], [inf], [inf], [inf], [inf], [inf], [inf], [inf], [inf], [inf], [inf], [inf], [inf], [inf], [inf], [inf], [inf], [inf], [inf], [inf], [inf], [inf], [inf], [inf], [inf], [inf], [inf], [inf], [inf], [inf], [inf], [inf], [inf], [inf], [inf], [inf], [inf], [inf], [inf], [inf], [inf], [inf], [inf], [inf], [inf], [inf], [inf], [inf], [inf], [inf], [inf]]",0,0.15195393562316895,104.5774245262146,2690
28,onnx/CIFAR100_resnet_large.onnx,vnnlib/resnet_large__label_18__idx_75_global_k1024_eps_0.0039.vnnlib,100,timeout False,"[[inf], [inf], [inf], [inf], [inf], [inf], [inf], [inf], [inf], [inf], [inf], [inf], [inf], [inf], [inf], [inf], [inf], [inf], [inf], [inf], [inf], [inf], [inf], [inf], [inf], [inf], [inf], [inf], [inf], [inf], [inf], [inf], [inf], [inf], [inf], [inf], [inf], [inf], [inf], [inf], [inf], [inf], [inf], [inf], [inf], [inf], [inf], [inf], [inf], [inf], [inf], [inf], [inf], [inf], [inf], [inf], [inf], [inf], [inf], [inf], [inf], [inf], [inf], [inf], [inf], [inf], [inf], [inf], [inf], [inf], [inf], [inf], [inf], [inf], [inf], [inf], [inf], [inf], [inf], [inf], [inf], [inf], [inf], [inf], [inf], [inf], [inf], [inf], [inf], [0.09729823470115662], [inf], [inf], [inf], [inf], [inf], [inf], [inf], [inf]]",0,0.23593783378601074,102.37167096138,3174
29,onnx/CIFAR100_resnet_large.onnx,vnnlib/resnet_large__label_18__idx_75_fix_mask_seg0_k1024_eps_0.0039.vnnlib,100,unsat True,,,,2.7243294715881348,0
30,onnx/CIFAR100_resnet_large.onnx,vnnlib/resnet_large__label_18__idx_75_fix_nonmask_seg0_k1024_eps_0.0039.vnnlib,100,timeout False,"[[inf], [inf], [inf], [inf], [inf], [inf], [inf], [inf], [inf], [inf], [inf], [inf], [inf], [inf], [inf], [inf], [inf], [inf], [inf], [inf], [inf], [inf], [inf], [inf], [inf], [inf], [inf], [inf], [inf], [inf], [inf], [inf], [inf], [inf], [inf], [inf], [inf], [inf], [inf], [inf], [inf], [inf], [inf], [inf], [inf], [inf], [inf], [inf], [inf], [inf], [inf], [inf], [inf], [inf], [inf], [inf], [inf], [inf], [inf], [inf], [inf], [inf], [inf], [inf], [inf], [inf], [inf], [inf], [inf], [inf], [inf], [inf], [inf], [inf], [inf], [inf], [inf], [inf], [inf], [inf], [inf], [inf], [inf], [inf], [inf], [inf], [inf], [inf], [inf], [0.09729969501495361], [inf], [inf], [inf], [inf], [inf], [inf], [inf], [inf]]",0,0.23624467849731445,101.4050612449646,3174
31,onnx/CIFAR100_resnet_large.onnx,vnnlib/resnet_large__label_18__idx_917_global_k1024_eps_0.0039.vnnlib,100,timeout False,"[[inf], [inf], [inf], [inf], [inf], [inf], [inf], [inf], [inf], [inf], [inf], [inf], [inf], [inf], [inf], [inf], [inf], [inf], [inf], [inf], [inf], [inf], [inf], [inf], [inf], [inf], [inf], [inf], [inf], [inf], [inf], [inf], [inf], [inf], [inf], [inf], [inf], [inf], [inf], [inf], [inf], [inf], [inf], [inf], [inf], [inf], [inf], [inf], [inf], [inf], [inf], [inf], [inf], [inf], [inf], [inf], [inf], [inf], [inf], [inf], [inf], [inf], [inf], [inf], [inf], [inf], [inf], [inf], [inf], [inf], [inf], [inf], [inf], [inf], [inf], [inf], [inf], [inf], [inf], [inf], [inf], [inf], [inf], [inf], [inf], [inf], [inf], [inf], [inf], [inf], [inf], [inf], [inf], [inf], [inf], [inf], [inf], [inf]]",0,0.23859262466430664,101.19185638427734,3112
32,onnx/CIFAR100_resnet_large.onnx,vnnlib/resnet_large__label_18__idx_917_fix_mask_seg0_k1024_eps_0.0039.vnnlib,100,unsat True,,,,3.2568931579589844,0
33,onnx/CIFAR100_resnet_large.onnx,vnnlib/resnet_large__label_18__idx_917_fix_nonmask_seg0_k1024_eps_0.0039.vnnlib,100,timeout False,"[[inf], [inf], [inf], [inf], [inf], [inf], [inf], [inf], [inf], [inf], [inf], [inf], [inf], [inf], [inf], [inf], [inf], [inf], [inf], [inf], [inf], [inf], [inf], [inf], [inf], [inf], [inf], [inf], [inf], [inf], [inf], [inf], [inf], [inf], [inf], [inf], [inf], [inf], [inf], [inf], [inf], [inf], [inf], [inf], [inf], [inf], [inf], [inf], [inf], [inf], [inf], [inf], [inf], [inf], [inf], [inf], [inf], [inf], [inf], [inf], [inf], [inf], [inf], [inf], [inf], [inf], [inf], [inf], [inf], [inf], [inf], [inf], [inf], [inf], [inf], [inf], [inf], [inf], [inf], [inf], [inf], [inf], [inf], [inf], [inf], [inf], [inf], [inf], [inf], [inf], [inf], [inf], [inf], [inf], [inf], [inf], [inf], [inf]]",0,0.2389211654663086,101.21981906890869,3112
34,onnx/CIFAR100_resnet_large.onnx,vnnlib/resnet_large__label_19__idx_1885_global_k1024_eps_0.0039.vnnlib,100,timeout False,"[[inf], [inf], [inf], [inf], [inf], [inf], [inf], [inf], [inf], [inf], [inf], [inf], [inf], [inf], [0.03248128294944763], [inf], [inf], [inf], [inf], [inf], [inf], [inf], [inf], [inf], [inf], [inf], [inf], [inf], [inf], [inf], [inf], [inf], [inf], [inf], [inf], [inf], [inf], [inf], [inf], [inf], [inf], [inf], [inf], [inf], [inf], [inf], [inf], [inf], [inf], [inf], [inf], [inf], [inf], [inf], [inf], [inf], [inf], [inf], [inf], [inf], [0.036063432693481445], [inf], [inf], [inf], [inf], [inf], [inf], [inf], [inf], [inf], [inf], [inf], [inf], [inf], [inf], [inf], [inf], [inf], [inf], [inf], [inf], [inf], [inf], [inf], [inf], [inf], [inf], [inf], [inf], [inf], [inf], [inf], [inf], [inf], [inf], [inf], [inf], [inf]]",0,0.15130257606506348,101.84125804901123,2718
35,onnx/CIFAR100_resnet_large.onnx,vnnlib/resnet_large__label_19__idx_1885_fix_mask_seg0_k1024_eps_0.0039.vnnlib,100,unsat True,,,,4.326887845993042,0
36,onnx/CIFAR100_resnet_large.onnx,vnnlib/resnet_large__label_19__idx_1885_fix_nonmask_seg0_k1024_eps_0.0039.vnnlib,100,timeout False,"[[inf], [inf], [inf], [inf], [inf], [inf], [inf], [inf], [inf], [inf], [inf], [inf], [inf], [inf], [0.05737507343292236], [inf], [inf], [inf], [inf], [inf], [inf], [inf], [inf], [inf], [inf], [inf], [inf], [inf], [inf], [inf], [inf], [inf], [inf], [inf], [inf], [inf], [inf], [inf], [inf], [inf], [inf], [inf], [inf], [inf], [inf], [inf], [inf], [inf], [inf], [inf], [inf], [inf], [inf], [inf], [inf], [inf], [inf], [inf], [inf], [inf], [0.058570146560668945], [inf], [inf], [inf], [inf], [inf], [inf], [inf], [inf], [inf], [inf], [inf], [inf], [inf], [inf], [inf], [inf], [inf], [inf], [inf], [inf], [inf], [inf], [inf], [inf], [inf], [inf], [inf], [inf], [inf], [inf], [inf], [inf], [inf], [inf], [inf], [inf], [inf]]",0,0.24303579330444336,104.15499591827393,2651
37,onnx/CIFAR100_resnet_large.onnx,vnnlib/resnet_large__label_19__idx_9413_global_k1024_eps_0.0039.vnnlib,100,unsat False,"[[inf], [inf], [inf], [inf], [inf], [inf], [inf], [inf], [inf], [inf], [inf], [inf], [inf], [inf], [inf], [inf], [inf], [inf], [inf], [inf], [inf], [inf], [inf], [inf], [inf], [inf], [inf], [inf], [inf], [inf], [inf], [inf], [inf], [inf], [inf], [inf], [inf], [inf], [inf], [inf], [inf], [inf], [inf], [inf], [inf], [inf], [inf], [inf], [inf], [inf], [inf], [inf], [inf], [inf], [inf], [inf], [inf], [inf], [inf], [inf], [inf], [inf], [inf], [inf], [inf], [inf], [inf], [inf], [inf], [inf], [inf], [inf], [inf], [inf], [inf], [inf], [inf], [inf], [inf], [inf], [inf], [inf], [inf], [inf], [inf], [inf], [inf], [inf], [inf], [inf], [inf], [inf], [inf], [inf], [inf], [inf], [inf], [inf]]",0,0.2356266975402832,35.23770308494568,3683
38,onnx/CIFAR100_resnet_large.onnx,vnnlib/resnet_large__label_19__idx_9413_fix_mask_seg0_k1024_eps_0.0039.vnnlib,100,unsat True,,,,2.793285369873047,0
39,onnx/CIFAR100_resnet_large.onnx,vnnlib/resnet_large__label_19__idx_9413_fix_nonmask_seg0_k1024_eps_0.0039.vnnlib,100,unsat False,"[[inf], [inf], [inf], [inf], [inf], [inf], [inf], [inf], [inf], [inf], [inf], [inf], [inf], [inf], [inf], [inf], [inf], [inf], [inf], [inf], [inf], [inf], [inf], [inf], [inf], [inf], [inf], [inf], [inf], [inf], [inf], [inf], [inf], [inf], [inf], [inf], [inf], [inf], [inf], [inf], [inf], [inf], [inf], [inf], [inf], [inf], [inf], [inf], [inf], [inf], [inf], [inf], [inf], [inf], [inf], [inf], [inf], [inf], [inf], [inf], [inf], [inf], [inf], [inf], [inf], [inf], [inf], [inf], [inf], [inf], [inf], [inf], [inf], [inf], [inf], [inf], [inf], [inf], [inf], [inf], [inf], [inf], [inf], [inf], [inf], [inf], [inf], [inf], [inf], [inf], [inf], [inf], [inf], [inf], [inf], [inf], [inf], [inf]]",0,0.23962163925170898,34.81698417663574,3683
40,onnx/CIFAR100_resnet_large.onnx,vnnlib/resnet_large__label_1__idx_8126_global_k1024_eps_0.0039.vnnlib,100,timeout False,"[[inf], [inf], [inf], [inf], [inf], [inf], [inf], [inf], [inf], [inf], [inf], [inf], [inf], [inf], [inf], [inf], [inf], [inf], [inf], [inf], [inf], [inf], [inf], [inf], [inf], [inf], [inf], [inf], [inf], [inf], [inf], [inf], [inf], [inf], [inf], [inf], [inf], [inf], [inf], [inf], [inf], [inf], [inf], [inf], [inf], [inf], [inf], [inf], [inf], [inf], [inf], [inf], [inf], [inf], [inf], [inf], [inf], [inf], [inf], [inf], [inf], [inf], [inf], [inf], [inf], [inf], [inf], [inf], [inf], [inf], [inf], [inf], [inf], [inf], [inf], [inf], [inf], [inf], [inf], [inf], [inf], [inf], [inf], [inf], [inf], [inf], [inf], [inf], [inf], [inf], [inf], [inf], [inf], [inf], [inf], [inf], [inf]]",0,0.22898101806640625,103.24493622779846,2268
41,onnx/CIFAR100_resnet_large.onnx,vnnlib/resnet_large__label_1__idx_8126_fix_mask_seg0_k1024_eps_0.0039.vnnlib,100,unsat True,,,,2.86814546585083,0
42,onnx/CIFAR100_resnet_large.onnx,vnnlib/resnet_large__label_1__idx_8126_fix_nonmask_seg0_k1024_eps_0.0039.vnnlib,100,timeout False,"[[inf], [inf], [inf], [inf], [inf], [inf], [inf], [inf], [inf], [inf], [inf], [inf], [inf], [inf], [inf], [inf], [inf], [inf], [inf], [inf], [inf], [inf], [inf], [inf], [inf], [inf], [inf], [inf], [inf], [inf], [inf], [inf], [inf], [inf], [inf], [inf], [inf], [inf], [inf], [inf], [inf], [inf], [inf], [inf], [inf], [inf], [inf], [inf], [inf], [inf], [inf], [inf], [inf], [inf], [inf], [inf], [inf], [inf], [inf], [inf], [inf], [inf], [inf], [inf], [inf], [inf], [inf], [inf], [inf], [inf], [inf], [inf], [inf], [inf], [inf], [inf], [inf], [inf], [inf], [inf], [inf], [inf], [inf], [inf], [inf], [inf], [inf], [inf], [inf], [inf], [inf], [inf], [inf], [inf], [inf], [inf], [inf]]",0,0.23273134231567383,102.65304851531982,2268
43,onnx/CIFAR100_resnet_large.onnx,vnnlib/resnet_large__label_21__idx_2858_global_k1024_eps_0.0039.vnnlib,100,unsat False,"[[inf], [inf], [inf], [inf], [inf], [inf], [inf], [inf], [inf], [inf], [inf], [inf], [inf], [inf], [inf], [inf], [inf], [inf], [inf], [inf], [inf], [inf], [inf], [inf], [inf], [inf], [inf], [inf], [inf], [inf], [inf], [inf], [inf], [inf], [inf], [inf], [inf], [inf], [inf], [inf], [inf], [inf], [inf], [inf], [inf], [inf], [inf], [inf], [inf], [inf], [inf], [inf], [inf], [inf], [inf], [inf], [inf], [inf], [inf], [inf], [inf], [inf], [inf], [inf], [inf], [inf], [inf], [inf], [inf], [inf], [inf], [inf], [inf], [inf], [inf], [inf], [inf], [inf], [inf], [inf], [inf], [inf], [inf], [inf], [inf], [inf], [inf], [inf], [inf], [inf], [inf], [inf], [inf], [inf], [inf], [inf], [inf]]",0,0.2369246482849121,36.31761384010315,4199
44,onnx/CIFAR100_resnet_large.onnx,vnnlib/resnet_large__label_21__idx_2858_fix_mask_seg0_k1024_eps_0.0039.vnnlib,100,unsat True,,,,4.2706358432769775,0
45,onnx/CIFAR100_resnet_large.onnx,vnnlib/resnet_large__label_21__idx_2858_fix_nonmask_seg0_k1024_eps_0.0039.vnnlib,100,unsat False,"[[inf], [inf], [inf], [inf], [inf], [inf], [inf], [inf], [inf], [inf], [inf], [inf], [inf], [inf], [inf], [inf], [inf], [inf], [inf], [inf], [inf], [inf], [inf], [inf], [inf], [inf], [inf], [inf], [inf], [inf], [inf], [inf], [inf], [0.015241146087646484], [inf], [inf], [inf], [inf], [inf], [inf], [inf], [inf], [inf], [inf], [inf], [inf], [inf], [inf], [inf], [inf], [inf], [inf], [inf], [inf], [inf], [inf], [inf], [inf], [inf], [inf], [inf], [inf], [inf], [inf], [inf], [inf], [inf], [inf], [inf], [inf], [inf], [inf], [inf], [inf], [inf], [inf], [inf], [inf], [inf], [inf], [inf], [inf], [inf], [inf], [inf], [inf], [inf], [inf], [inf], [inf], [inf], [inf], [inf], [inf], [inf], [inf], [inf], [inf]]",0,0.15195441246032715,34.77539944648743,4133
46,onnx/CIFAR100_resnet_large.onnx,vnnlib/resnet_large__label_21__idx_9995_global_k1024_eps_0.0039.vnnlib,100,sat True,,,,5.6875879764556885,0
47,onnx/CIFAR100_resnet_large.onnx,vnnlib/resnet_large__label_21__idx_9995_fix_mask_seg0_k1024_eps_0.0039.vnnlib,100,unsat True,,,,4.20028281211853,0
48,onnx/CIFAR100_resnet_large.onnx,vnnlib/resnet_large__label_21__idx_9995_fix_nonmask_seg0_k1024_eps_0.0039.vnnlib,100,sat True,,,,4.410207033157349,0
49,onnx/CIFAR100_resnet_large.onnx,vnnlib/resnet_large__label_22__idx_700_global_k1024_eps_0.0039.vnnlib,100,unsat False,"[[inf], [inf], [inf], [inf], [inf], [inf], [inf], [inf], [inf], [inf], [inf], [inf], [inf], [inf], [inf], [inf], [inf], [inf], [inf], [inf], [inf], [inf], [inf], [inf], [inf], [inf], [inf], [inf], [inf], [inf], [inf], [inf], [inf], [inf], [inf], [inf], [inf], [inf], [inf], [inf], [inf], [inf], [inf], [inf], [inf], [inf], [inf], [inf], [inf], [inf], [inf], [inf], [inf], [inf], [inf], [inf], [inf], [inf], [inf], [inf], [inf], [inf], [inf], [inf], [inf], [inf], [inf], [inf], [inf], [inf], [inf], [inf], [inf], [inf], [inf], [inf], [inf], [inf], [inf], [inf], [inf], [inf], [inf], [inf], [inf], [inf], [inf], [inf], [inf], [inf], [inf], [inf], [inf], [inf], [inf], [inf], [inf], [inf]]",0,0.2509169578552246,36.01484751701355,2836
50,onnx/CIFAR100_resnet_large.onnx,vnnlib/resnet_large__label_22__idx_700_fix_mask_seg0_k1024_eps_0.0039.vnnlib,100,unsat True,,,,4.217280626296997,0
51,onnx/CIFAR100_resnet_large.onnx,vnnlib/resnet_large__label_22__idx_700_fix_nonmask_seg0_k1024_eps_0.0039.vnnlib,100,unsat False,"[[inf], [inf], [inf], [inf], [inf], [inf], [inf], [inf], [inf], [inf], [inf], [inf], [inf], [inf], [inf], [inf], [inf], [inf], [inf], [inf], [inf], [inf], [inf], [inf], [inf], [inf], [inf], [inf], [inf], [inf], [inf], [inf], [inf], [inf], [inf], [inf], [inf], [inf], [inf], [inf], [inf], [inf], [inf], [inf], [inf], [inf], [inf], [inf], [inf], [inf], [inf], [inf], [inf], [inf], [inf], [inf], [inf], [inf], [inf], [inf], [inf], [inf], [inf], [inf], [inf], [inf], [inf], [inf], [inf], [inf], [inf], [inf], [inf], [inf], [inf], [inf], [inf], [inf], [inf], [inf], [inf], [inf], [inf], [inf], [inf], [inf], [inf], [inf], [inf], [inf], [inf], [inf], [inf], [inf], [inf], [inf], [inf], [inf]]",0,0.15200376510620117,33.23085856437683,2742
52,onnx/CIFAR100_resnet_large.onnx,vnnlib/resnet_large__label_25__idx_2209_global_k1024_eps_0.0039.vnnlib,100,unsat False,"[[0.17535114288330078], [inf], [inf], [inf], [inf], [inf], [inf], [inf], [inf], [inf], [inf], [inf], [inf], [inf], [inf], [inf], [inf], [inf], [inf], [inf], [inf], [inf], [inf], [inf], [inf], [inf], [inf], [inf], [inf], [inf], [inf], [inf], [inf], [inf], [inf], [inf], [inf], [inf], [inf], [inf], [inf], [inf], [inf], [inf], [inf], [inf], [inf], [inf], [inf], [inf], [inf], [inf], [inf], [inf], [inf], [inf], [inf], [inf], [inf], [inf], [inf], [inf], [inf], [inf], [inf], [inf], [inf], [inf], [inf], [inf], [inf], [inf], [inf], [inf], [inf], [inf], [inf], [inf], [inf], [inf], [inf], [inf], [inf], [inf], [inf], [inf], [inf], [inf], [inf], [inf], [inf], [inf], [inf], [inf], [inf], [inf], [inf], [inf]]",0,0.23519301414489746,39.95594263076782,4033
53,onnx/CIFAR100_resnet_large.onnx,vnnlib/resnet_large__label_25__idx_2209_fix_mask_seg0_k1024_eps_0.0039.vnnlib,100,unsat True,,,,2.661189079284668,0
54,onnx/CIFAR100_resnet_large.onnx,vnnlib/resnet_large__label_25__idx_2209_fix_nonmask_seg0_k1024_eps_0.0039.vnnlib,100,unsat False,"[[0.18784809112548828], [inf], [inf], [inf], [inf], [inf], [inf], [inf], [inf], [inf], [inf], [inf], [inf], [inf], [inf], [inf], [inf], [inf], [inf], [inf], [inf], [inf], [inf], [inf], [inf], [inf], [inf], [inf], [inf], [inf], [inf], [inf], [inf], [inf], [inf], [inf], [inf], [inf], [inf], [inf], [inf], [inf], [inf], [inf], [inf], [inf], [inf], [inf], [inf], [inf], [inf], [inf], [inf], [inf], [inf], [inf], [inf], [inf], [inf], [inf], [inf], [inf], [inf], [inf], [inf], [inf], [inf], [inf], [inf], [inf], [inf], [inf], [inf], [inf], [inf], [inf], [inf], [inf], [inf], [inf], [inf], [inf], [inf], [inf], [inf], [inf], [inf], [inf], [inf], [inf], [inf], [inf], [inf], [inf], [inf], [inf], [inf], [inf]]",0,0.22609782218933105,34.21104192733765,4009
55,onnx/CIFAR100_resnet_large.onnx,vnnlib/resnet_large__label_25__idx_2893_global_k1024_eps_0.0039.vnnlib,100,timeout False,"[[inf], [inf], [inf], [inf], [inf], [inf], [inf], [inf], [inf], [inf], [inf], [inf], [inf], [inf], [inf], [inf], [inf], [inf], [inf], [inf], [inf], [inf], [inf], [inf], [inf], [inf], [inf], [inf], [inf], [inf], [inf], [inf], [inf], [inf], [inf], [inf], [inf], [inf], [inf], [inf], [inf], [inf], [inf], [inf], [inf], [inf], [inf], [inf], [inf], [inf], [inf], [inf], [inf], [inf], [inf], [inf], [inf], [inf], [inf], [inf], [inf], [inf], [inf], [inf], [inf], [inf], [inf], [inf], [inf], [inf], [inf], [inf], [inf], [inf], [inf], [inf], [inf], [inf], [inf], [inf], [inf], [inf], [inf], [inf], [inf], [inf], [inf], [inf], [inf], [inf], [inf], [inf], [inf], [inf], [inf], [inf], [inf], [inf]]",0,0.14901041984558105,102.60389542579651,3139
56,onnx/CIFAR100_resnet_large.onnx,vnnlib/resnet_large__label_25__idx_2893_fix_mask_seg0_k1024_eps_0.0039.vnnlib,100,unsat True,,,,3.0694239139556885,0
57,onnx/CIFAR100_resnet_large.onnx,vnnlib/resnet_large__label_25__idx_2893_fix_nonmask_seg0_k1024_eps_0.0039.vnnlib,100,timeout False,"[[inf], [inf], [inf], [inf], [inf], [inf], [inf], [inf], [inf], [inf], [inf], [inf], [inf], [inf], [inf], [inf], [inf], [inf], [inf], [inf], [inf], [inf], [inf], [inf], [inf], [inf], [inf], [inf], [inf], [inf], [inf], [inf], [inf], [inf], [inf], [inf], [inf], [inf], [inf], [inf], [inf], [inf], [inf], [inf], [inf], [inf], [inf], [inf], [inf], [inf], [inf], [inf], [inf], [inf], [inf], [inf], [inf], [inf], [inf], [inf], [inf], [inf], [inf], [inf], [inf], [inf], [inf], [inf], [inf], [inf], [inf], [inf], [inf], [inf], [inf], [inf], [inf], [inf], [inf], [inf], [inf], [inf], [inf], [inf], [inf], [inf], [inf], [inf], [inf], [inf], [inf], [inf], [inf], [inf], [inf], [inf], [inf], [inf]]",0,0.23461556434631348,103.70264792442322,3053
58,onnx/CIFAR100_resnet_large.onnx,vnnlib/resnet_large__label_26__idx_212_global_k1024_eps_0.0039.vnnlib,100,unsat False,"[[inf], [inf], [inf], [inf], [inf], [inf], [inf], [inf], [inf], [inf], [inf], [inf], [inf], [inf], [inf], [inf], [inf], [inf], [inf], [inf], [inf], [inf], [inf], [inf], [inf], [inf], [inf], [inf], [inf], [inf], [inf], [inf], [inf], [inf], [inf], [inf], [inf], [inf], [inf], [inf], [inf], [0.0798039436340332], [inf], [inf], [inf], [inf], [inf], [inf], [inf], [inf], [inf], [inf], [inf], [inf], [inf], [inf], [inf], [inf], [inf], [inf], [inf], [inf], [0.09520816802978516], [inf], [inf], [inf], [inf], [inf], [inf], [inf], [inf], [inf], [inf], [inf], [inf], [inf], [inf], [0.06216168403625488], [inf], [inf], [inf], [inf], [inf], [inf], [inf], [inf], [inf], [inf], [inf], [inf], [inf], [inf], [inf], [inf], [inf], [inf], [inf], [inf]]",0,0.24018430709838867,41.54321217536926,4082
59,onnx/CIFAR100_resnet_large.onnx,vnnlib/resnet_large__label_26__idx_212_fix_mask_seg0_k1024_eps_0.0039.vnnlib,100,unsat True,,,,2.7270755767822266,0
60,onnx/CIFAR100_resnet_large.onnx,vnnlib/resnet_large__label_26__idx_212_fix_nonmask_seg0_k1024_eps_0.0039.vnnlib,100,unsat False,"[[inf], [inf], [inf], [inf], [inf], [inf], [inf], [inf], [inf], [inf], [inf], [inf], [inf], [inf], [inf], [inf], [inf], [inf], [inf], [inf], [inf], [inf], [inf], [inf], [inf], [inf], [inf], [inf], [inf], [inf], [inf], [inf], [inf], [inf], [inf], [inf], [inf], [inf], [inf], [inf], [inf], [0.10519051551818848], [inf], [inf], [inf], [inf], [inf], [inf], [inf], [inf], [inf], [inf], [inf], [inf], [inf], [inf], [inf], [inf], [inf], [inf], [inf], [inf], [0.1305379867553711], [inf], [inf], [inf], [inf], [inf], [inf], [inf], [inf], [inf], [inf], [inf], [inf], [inf], [inf], [0.08701300621032715], [inf], [inf], [inf], [inf], [inf], [inf], [inf], [inf], [inf], [inf], [inf], [inf], [inf], [inf], [inf], [inf], [inf], [inf], [inf], [inf]]",0,0.24405694007873535,38.2318058013916,3999
61,onnx/CIFAR100_resnet_large.onnx,vnnlib/resnet_large__label_26__idx_8903_global_k1024_eps_0.0039.vnnlib,100,timeout False,"[[inf], [inf], [inf], [inf], [inf], [inf], [inf], [inf], [inf], [inf], [inf], [inf], [inf], [inf], [inf], [inf], [inf], [inf], [inf], [inf], [inf], [inf], [inf], [inf], [inf], [inf], [inf], [inf], [inf], [inf], [inf], [inf], [inf], [inf], [inf], [inf], [inf], [inf], [inf], [inf], [inf], [inf], [inf], [inf], [inf], [inf], [inf], [inf], [inf], [inf], [inf], [inf], [inf], [inf], [inf], [inf], [inf], [inf], [inf], [inf], [inf], [inf], [inf], [inf], [inf], [inf], [inf], [inf], [inf], [inf], [inf], [inf], [inf], [inf], [inf], [inf], [inf], [inf], [inf], [inf], [inf], [inf], [inf], [inf], [inf], [inf], [inf], [inf], [inf], [inf], [inf], [inf], [inf], [inf], [inf], [inf]]",0,0.25066661834716797,105.05048203468323,4233
62,onnx/CIFAR100_resnet_large.onnx,vnnlib/resnet_large__label_26__idx_8903_fix_mask_seg0_k1024_eps_0.0039.vnnlib,100,unsat True,,,,4.906453371047974,0
63,onnx/CIFAR100_resnet_large.onnx,vnnlib/resnet_large__label_26__idx_8903_fix_nonmask_seg0_k1024_eps_0.0039.vnnlib,100,timeout False,"[[inf], [inf], [inf], [inf], [inf], [inf], [inf], [inf], [inf], [inf], [inf], [inf], [inf], [inf], [inf], [inf], [inf], [inf], [inf], [inf], [inf], [inf], [inf], [inf], [inf], [inf], [inf], [inf], [inf], [inf], [inf], [inf], [inf], [inf], [inf], [inf], [inf], [inf], [inf], [inf], [inf], [inf], [inf], [inf], [inf], [inf], [inf], [inf], [inf], [inf], [inf], [inf], [inf], [inf], [inf], [inf], [inf], [inf], [inf], [inf], [inf], [inf], [inf], [inf], [inf], [inf], [inf], [inf], [inf], [inf], [inf], [inf], [inf], [inf], [inf], [inf], [inf], [inf], [inf], [inf], [inf], [inf], [inf], [inf], [inf], [inf], [inf], [inf], [inf], [inf], [inf], [inf], [inf], [inf], [inf], [inf]]",0,0.1514267921447754,102.0647611618042,4183
64,onnx/CIFAR100_resnet_large.onnx,vnnlib/resnet_large__label_27__idx_7106_global_k1024_eps_0.0039.vnnlib,100,unsat False,"[[inf], [inf], [inf], [inf], [inf], [inf], [inf], [inf], [inf], [inf], [inf], [inf], [inf], [inf], [inf], [inf], [inf], [inf], [inf], [inf], [inf], [inf], [inf], [inf], [inf], [inf], [inf], [inf], [inf], [inf], [inf], [inf], [inf], [inf], [inf], [inf], [inf], [inf], [inf], [inf], [inf], [inf], [inf], [inf], [inf], [inf], [inf], [inf], [inf], [inf], [inf], [inf], [inf], [inf], [inf], [inf], [inf], [inf], [inf], [inf], [inf], [inf], [inf], [inf], [inf], [inf], [inf], [inf], [inf], [inf], [inf], [inf], [inf], [inf], [inf], [inf], [inf], [inf], [inf], [inf], [inf], [inf], [inf], [inf], [inf], [inf], [inf], [inf], [inf], [inf], [inf], [inf], [inf], [inf], [inf], [inf], [inf]]",0,0.15097475051879883,86.44614553451538,4204
65,onnx/CIFAR100_resnet_large.onnx,vnnlib/resnet_large__label_27__idx_7106_fix_mask_seg0_k1024_eps_0.0039.vnnlib,100,unsat True,,,,3.0316460132598877,0
66,onnx/CIFAR100_resnet_large.onnx,vnnlib/resnet_large__label_27__idx_7106_fix_nonmask_seg0_k1024_eps_0.0039.vnnlib,100,unsat False,"[[inf], [inf], [inf], [inf], [inf], [inf], [inf], [inf], [inf], [inf], [inf], [inf], [inf], [inf], [inf], [inf], [inf], [inf], [inf], [inf], [inf], [inf], [inf], [inf], [inf], [inf], [inf], [inf], [inf], [inf], [inf], [inf], [inf], [inf], [inf], [inf], [inf], [inf], [inf], [inf], [inf], [inf], [inf], [inf], [inf], [inf], [inf], [inf], [inf], [inf], [inf], [inf], [inf], [inf], [inf], [inf], [inf], [inf], [inf], [inf], [inf], [inf], [inf], [inf], [inf], [inf], [inf], [inf], [inf], [inf], [inf], [inf], [inf], [inf], [inf], [inf], [inf], [inf], [inf], [inf], [inf], [inf], [inf], [inf], [inf], [inf], [inf], [inf], [inf], [inf], [inf], [inf], [inf], [inf], [inf], [inf], [inf]]",0,0.14958548545837402,86.43085074424744,4205
67,onnx/CIFAR100_resnet_large.onnx,vnnlib/resnet_large__label_29__idx_242_global_k1024_eps_0.0039.vnnlib,100,unsat False,"[[inf], [inf], [inf], [inf], [inf], [inf], [inf], [inf], [inf], [inf], [inf], [inf], [inf], [inf], [inf], [0.17626023292541504], [inf], [inf], [inf], [inf], [inf], [inf], [inf], [inf], [inf], [inf], [inf], [inf], [inf], [inf], [inf], [inf], [inf], [inf], [inf], [inf], [inf], [inf], [inf], [inf], [inf], [inf], [inf], [inf], [inf], [inf], [inf], [inf], [inf], [inf], [inf], [inf], [inf], [inf], [inf], [inf], [inf], [inf], [inf], [inf], [inf], [inf], [inf], [inf], [inf], [inf], [inf], [inf], [inf], [inf], [inf], [inf], [inf], [inf], [inf], [inf], [inf], [inf], [inf], [inf], [inf], [inf], [inf], [inf], [0.15061140060424805], [inf], [inf], [inf], [inf], [inf], [inf], [inf], [inf], [inf], [inf], [inf]]",0,0.23897385597229004,39.20975661277771,4136
68,onnx/CIFAR100_resnet_large.onnx,vnnlib/resnet_large__label_29__idx_242_fix_mask_seg0_k1024_eps_0.0039.vnnlib,100,unsat True,,,,3.698610544204712,0
69,onnx/CIFAR100_resnet_large.onnx,vnnlib/resnet_large__label_29__idx_242_fix_nonmask_seg0_k1024_eps_0.0039.vnnlib,100,unsat False,"[[inf], [inf], [inf], [inf], [inf], [inf], [inf], [inf], [inf], [inf], [inf], [inf], [inf], [inf], [inf], [inf], [inf], [inf], [inf], [inf], [inf], [inf], [inf], [inf], [inf], [inf], [inf], [inf], [inf], [inf], [inf], [inf], [inf], [inf], [inf], [inf], [inf], [inf], [inf], [inf], [inf], [inf], [inf], [inf], [inf], [inf], [inf], [inf], [inf], [inf], [inf], [inf], [inf], [inf], [inf], [inf], [inf], [inf], [inf], [inf], [inf], [inf], [inf], [inf], [inf], [inf], [inf], [inf], [inf], [inf], [inf], [inf], [inf], [inf], [inf], [inf], [inf], [inf], [inf], [inf], [inf], [inf], [inf], [inf], [0.1885385513305664], [inf], [inf], [inf], [inf], [inf], [inf], [inf], [inf], [inf], [inf], [inf]]",0,0.15343642234802246,37.2956657409668,4057
70,onnx/CIFAR100_resnet_large.onnx,vnnlib/resnet_large__label_2__idx_3801_global_k1024_eps_0.0039.vnnlib,100,sat True,,,,4.248825788497925,0
71,onnx/CIFAR100_resnet_large.onnx,vnnlib/resnet_large__label_2__idx_3801_fix_mask_seg0_k1024_eps_0.0039.vnnlib,100,unsat True,,,,4.385576963424683,0
72,onnx/CIFAR100_resnet_large.onnx,vnnlib/resnet_large__label_2__idx_3801_fix_nonmask_seg0_k1024_eps_0.0039.vnnlib,100,sat True,,,,5.873211145401001,0
73,onnx/CIFAR100_resnet_large.onnx,vnnlib/resnet_large__label_2__idx_972_global_k1024_eps_0.0039.vnnlib,100,unsat False,"[[inf], [inf], [0.13841962814331055], [inf], [inf], [inf], [inf], [inf], [inf], [inf], [inf], [inf], [inf], [inf], [inf], [inf], [inf], [inf], [inf], [inf], [inf], [inf], [inf], [inf], [inf], [inf], [inf], [inf], [inf], [inf], [inf], [inf], [inf], [inf], [inf], [inf], [inf], [inf], [inf], [inf], [inf], [inf], [inf], [inf], [inf], [inf], [inf], [inf], [inf], [inf], [inf], [inf], [inf], [inf], [inf], [inf], [inf], [inf], [inf], [inf], [inf], [inf], [inf], [inf], [inf], [inf], [inf], [inf], [inf], [inf], [inf], [inf], [inf], [inf], [inf], [inf], [inf], [inf], [inf], [inf], [inf], [inf], [inf], [inf], [inf], [inf], [inf], [inf], [inf], [inf], [inf], [inf], [inf], [inf], [inf], [inf], [inf]]",0,0.26050424575805664,42.803635597229004,4325
74,onnx/CIFAR100_resnet_large.onnx,vnnlib/resnet_large__label_2__idx_972_fix_mask_seg0_k1024_eps_0.0039.vnnlib,100,unsat True,,,,2.8919546604156494,0
75,onnx/CIFAR100_resnet_large.onnx,vnnlib/resnet_large__label_2__idx_972_fix_nonmask_seg0_k1024_eps_0.0039.vnnlib,100,unsat False,"[[inf], [inf], [inf], [inf], [inf], [inf], [inf], [inf], [inf], [inf], [inf], [inf], [inf], [inf], [inf], [inf], [inf], [inf], [inf], [inf], [inf], [inf], [inf], [inf], [inf], [inf], [inf], [inf], [inf], [inf], [0.07893884181976318], [inf], [inf], [inf], [inf], [inf], [inf], [inf], [inf], [inf], [inf], [inf], [inf], [inf], [inf], [inf], [inf], [inf], [inf], [inf], [inf], [inf], [inf], [inf], [inf], [inf], [inf], [inf], [inf], [inf], [inf], [inf], [inf], [inf], [inf], [inf], [inf], [inf], [inf], [inf], [inf], [inf], [inf], [inf], [inf], [inf], [inf], [inf], [inf], [inf], [inf], [inf], [inf], [inf], [inf], [inf], [inf], [inf], [inf], [inf], [inf], [inf], [inf], [inf], [inf], [inf], [inf], [inf]]",0,0.23787522315979004,37.69688367843628,4071
76,onnx/CIFAR100_resnet_large.onnx,vnnlib/resnet_large__label_31__idx_3906_global_k1024_eps_0.0039.vnnlib,100,timeout False,"[[inf], [inf], [inf], [inf], [inf], [inf], [inf], [inf], [inf], [inf], [inf], [inf], [inf], [inf], [inf], [inf], [inf], [inf], [inf], [inf], [inf], [inf], [inf], [inf], [inf], [inf], [inf], [inf], [inf], [inf], [inf], [inf], [inf], [inf], [inf], [inf], [inf], [inf], [inf], [inf], [inf], [inf], [inf], [inf], [inf], [inf], [inf], [inf], [inf], [inf], [inf], [inf], [inf], [inf], [inf], [inf], [inf], [inf], [inf], [inf], [inf], [inf], [inf], [inf], [inf], [inf], [inf], [inf], [inf], [inf], [inf], [inf], [inf], [inf], [inf], [inf], [inf], [inf], [inf], [inf], [inf], [inf], [inf], [inf], [inf], [inf], [inf], [inf], [inf], [inf], [inf], [inf], [inf], [inf], [inf], [inf], [inf], [inf]]",0,0.23828792572021484,102.03340220451355,3638
77,onnx/CIFAR100_resnet_large.onnx,vnnlib/resnet_large__label_31__idx_3906_fix_mask_seg0_k1024_eps_0.0039.vnnlib,100,unsat True,,,,4.166609048843384,0
78,onnx/CIFAR100_resnet_large.onnx,vnnlib/resnet_large__label_31__idx_3906_fix_nonmask_seg0_k1024_eps_0.0039.vnnlib,100,timeout False,"[[inf], [inf], [inf], [inf], [inf], [inf], [inf], [inf], [inf], [inf], [inf], [inf], [inf], [inf], [inf], [inf], [inf], [inf], [inf], [inf], [inf], [inf], [inf], [inf], [inf], [inf], [inf], [inf], [inf], [inf], [inf], [inf], [inf], [inf], [inf], [inf], [inf], [inf], [inf], [inf], [inf], [inf], [inf], [inf], [inf], [inf], [inf], [inf], [inf], [inf], [inf], [inf], [inf], [inf], [inf], [inf], [inf], [inf], [inf], [inf], [inf], [inf], [inf], [inf], [inf], [inf], [inf], [inf], [inf], [inf], [inf], [inf], [inf], [inf], [inf], [inf], [inf], [inf], [inf], [inf], [inf], [inf], [inf], [inf], [inf], [inf], [inf], [inf], [inf], [inf], [inf], [inf], [inf], [inf], [inf], [inf], [inf], [inf]]",0,0.20180177688598633,103.13501763343811,3562
79,onnx/CIFAR100_resnet_large.onnx,vnnlib/resnet_large__label_31__idx_476_global_k1024_eps_0.0039.vnnlib,100,unsat False,"[[inf], [inf], [inf], [inf], [inf], [inf], [inf], [inf], [inf], [inf], [inf], [inf], [inf], [inf], [inf], [inf], [inf], [inf], [inf], [inf], [inf], [inf], [inf], [inf], [inf], [inf], [inf], [inf], [inf], [inf], [inf], [inf], [inf], [inf], [inf], [inf], [inf], [inf], [inf], [inf], [inf], [inf], [inf], [inf], [inf], [inf], [inf], [inf], [inf], [inf], [inf], [inf], [inf], [inf], [inf], [inf], [inf], [inf], [inf], [inf], [inf], [inf], [inf], [inf], [inf], [inf], [inf], [inf], [inf], [inf], [inf], [inf], [inf], [inf], [inf], [inf], [inf], [inf], [inf], [inf], [inf], [inf], [inf], [inf], [inf], [inf], [inf], [inf], [inf], [inf], [inf], [inf], [inf], [inf], [inf], [inf], [inf], [inf]]",0,0.23811030387878418,82.99716806411743,3423
80,onnx/CIFAR100_resnet_large.onnx,vnnlib/resnet_large__label_31__idx_476_fix_mask_seg0_k1024_eps_0.0039.vnnlib,100,unsat True,,,,4.399063348770142,0
81,onnx/CIFAR100_resnet_large.onnx,vnnlib/resnet_large__label_31__idx_476_fix_nonmask_seg0_k1024_eps_0.0039.vnnlib,100,unsat False,"[[inf], [inf], [inf], [inf], [inf], [inf], [inf], [inf], [inf], [inf], [inf], [inf], [inf], [inf], [inf], [inf], [inf], [inf], [inf], [inf], [inf], [inf], [inf], [inf], [inf], [inf], [inf], [inf], [inf], [inf], [inf], [inf], [inf], [inf], [inf], [inf], [inf], [inf], [inf], [inf], [inf], [inf], [inf], [inf], [inf], [inf], [inf], [inf], [inf], [inf], [inf], [inf], [inf], [inf], [inf], [inf], [inf], [inf], [inf], [inf], [inf], [inf], [inf], [inf], [inf], [inf], [inf], [inf], [inf], [inf], [inf], [inf], [inf], [inf], [inf], [inf], [inf], [inf], [inf], [inf], [inf], [inf], [inf], [inf], [inf], [inf], [inf], [inf], [inf], [inf], [inf], [inf], [inf], [inf], [inf], [inf], [inf], [inf]]",0,0.15110325813293457,77.88473844528198,3423
82,onnx/CIFAR100_resnet_large.onnx,vnnlib/resnet_large__label_31__idx_4804_global_k1024_eps_0.0039.vnnlib,100,timeout False,"[[inf], [inf], [inf], [inf], [inf], [inf], [inf], [inf], [inf], [inf], [inf], [inf], [inf], [inf], [inf], [inf], [inf], [inf], [inf], [inf], [inf], [inf], [inf], [inf], [inf], [inf], [inf], [inf], [inf], [inf], [inf], [inf], [inf], [inf], [inf], [inf], [inf], [inf], [inf], [inf], [inf], [inf], [inf], [inf], [inf], [inf], [inf], [inf], [inf], [inf], [inf], [inf], [inf], [inf], [inf], [inf], [inf], [inf], [inf], [inf], [inf], [inf], [inf], [inf], [inf], [inf], [inf], [inf], [inf], [inf], [inf], [inf], [inf], [inf], [inf], [inf], [inf], [inf], [inf], [inf], [inf], [inf], [inf], [inf], [inf], [inf], [inf], [inf], [inf], [inf], [inf], [inf], [inf], [inf], [inf], [inf], [inf], [inf]]",0,0.7515010833740234,102.25396037101746,3695
83,onnx/CIFAR100_resnet_large.onnx,vnnlib/resnet_large__label_31__idx_4804_fix_mask_seg0_k1024_eps_0.0039.vnnlib,100,unsat True,,,,4.261646032333374,0
84,onnx/CIFAR100_resnet_large.onnx,vnnlib/resnet_large__label_31__idx_4804_fix_nonmask_seg0_k1024_eps_0.0039.vnnlib,100,timeout False,"[[inf], [inf], [inf], [inf], [inf], [inf], [inf], [inf], [inf], [inf], [inf], [inf], [inf], [inf], [inf], [inf], [inf], [inf], [inf], [inf], [inf], [inf], [inf], [inf], [inf], [inf], [inf], [inf], [inf], [inf], [inf], [inf], [inf], [inf], [inf], [inf], [inf], [inf], [inf], [inf], [inf], [inf], [inf], [inf], [inf], [inf], [inf], [inf], [inf], [inf], [inf], [inf], [inf], [inf], [inf], [inf], [inf], [inf], [inf], [inf], [inf], [inf], [inf], [inf], [inf], [inf], [inf], [inf], [inf], [inf], [inf], [inf], [inf], [inf], [inf], [inf], [inf], [inf], [inf], [inf], [inf], [inf], [inf], [inf], [inf], [inf], [inf], [inf], [inf], [inf], [inf], [inf], [inf], [inf], [inf], [inf], [inf], [inf]]",0,0.1563129425048828,101.0449731349945,3684
85,onnx/CIFAR100_resnet_large.onnx,vnnlib/resnet_large__label_32__idx_4987_global_k1024_eps_0.0039.vnnlib,100,unsat False,"[[inf], [inf], [inf], [inf], [inf], [inf], [inf], [inf], [inf], [inf], [inf], [inf], [inf], [inf], [inf], [inf], [inf], [inf], [inf], [inf], [inf], [inf], [inf], [inf], [inf], [inf], [inf], [inf], [inf], [inf], [inf], [inf], [inf], [inf], [inf], [inf], [inf], [inf], [inf], [inf], [inf], [inf], [inf], [inf], [inf], [inf], [inf], [inf], [inf], [inf], [inf], [inf], [inf], [inf], [inf], [inf], [inf], [inf], [inf], [inf], [inf], [inf], [inf], [inf], [inf], [inf], [inf], [inf], [inf], [inf], [inf], [inf], [inf], [inf], [inf], [inf], [inf], [inf], [inf], [inf], [inf], [inf], [inf], [inf], [inf], [inf], [inf], [inf], [inf], [inf], [inf], [inf], [inf], [inf], [inf], [inf], [inf], [inf]]",0,0.23380446434020996,38.65620398521423,2562
86,onnx/CIFAR100_resnet_large.onnx,vnnlib/resnet_large__label_32__idx_4987_fix_mask_seg0_k1024_eps_0.0039.vnnlib,100,unsat True,,,,4.3618385791778564,0
87,onnx/CIFAR100_resnet_large.onnx,vnnlib/resnet_large__label_32__idx_4987_fix_nonmask_seg0_k1024_eps_0.0039.vnnlib,100,unsat False,"[[inf], [inf], [inf], [inf], [inf], [inf], [inf], [inf], [inf], [inf], [inf], [inf], [inf], [inf], [inf], [inf], [inf], [inf], [inf], [inf], [inf], [inf], [inf], [inf], [inf], [inf], [inf], [inf], [inf], [inf], [inf], [inf], [inf], [inf], [inf], [inf], [inf], [inf], [inf], [inf], [inf], [inf], [inf], [inf], [inf], [inf], [inf], [inf], [inf], [inf], [inf], [inf], [inf], [inf], [inf], [inf], [inf], [inf], [inf], [inf], [inf], [inf], [inf], [inf], [inf], [inf], [inf], [inf], [inf], [inf], [inf], [inf], [inf], [inf], [inf], [inf], [inf], [inf], [inf], [inf], [inf], [inf], [inf], [inf], [inf], [inf], [inf], [inf], [inf], [inf], [inf], [inf], [inf], [inf], [inf], [inf], [inf], [inf]]",0,0.23259687423706055,37.86691451072693,2562
88,onnx/CIFAR100_resnet_large.onnx,vnnlib/resnet_large__label_33__idx_313_global_k1024_eps_0.0039.vnnlib,100,unsat False,"[[inf], [inf], [inf], [inf], [inf], [inf], [inf], [inf], [inf], [inf], [inf], [inf], [inf], [inf], [inf], [inf], [inf], [inf], [inf], [inf], [inf], [inf], [inf], [inf], [inf], [inf], [inf], [inf], [inf], [inf], [inf], [inf], [inf], [inf], [inf], [inf], [inf], [inf], [inf], [inf], [inf], [inf], [inf], [inf], [inf], [inf], [inf], [inf], [inf], [inf], [inf], [inf], [inf], [inf], [inf], [inf], [inf], [inf], [inf], [inf], [inf], [inf], [inf], [inf], [inf], [inf], [inf], [inf], [inf], [inf], [inf], [inf], [inf], [inf], [inf], [inf], [inf], [inf], [inf], [inf], [inf], [inf], [inf], [inf], [inf], [inf], [inf], [inf], [inf], [inf], [inf], [inf], [inf], [inf], [inf], [inf], [inf], [inf]]",0,0.23612380027770996,37.24985909461975,3100
89,onnx/CIFAR100_resnet_large.onnx,vnnlib/resnet_large__label_33__idx_313_fix_mask_seg0_k1024_eps_0.0039.vnnlib,100,unsat True,,,,2.7640738487243652,0
90,onnx/CIFAR100_resnet_large.onnx,vnnlib/resnet_large__label_33__idx_313_fix_nonmask_seg0_k1024_eps_0.0039.vnnlib,100,unsat False,"[[inf], [inf], [inf], [inf], [inf], [inf], [inf], [inf], [inf], [inf], [inf], [inf], [inf], [inf], [inf], [inf], [inf], [inf], [inf], [inf], [inf], [inf], [inf], [inf], [inf], [inf], [inf], [inf], [inf], [inf], [inf], [inf], [inf], [inf], [inf], [inf], [inf], [inf], [inf], [inf], [inf], [inf], [inf], [inf], [inf], [inf], [inf], [inf], [inf], [inf], [inf], [inf], [inf], [inf], [inf], [inf], [inf], [inf], [inf], [inf], [inf], [inf], [inf], [inf], [inf], [inf], [inf], [inf], [inf], [inf], [inf], [inf], [inf], [inf], [inf], [inf], [inf], [inf], [inf], [inf], [inf], [inf], [inf], [inf], [inf], [inf], [inf], [inf], [inf], [inf], [inf], [inf], [inf], [inf], [inf], [inf], [inf], [inf]]",0,0.14937257766723633,31.54254460334778,3100
91,onnx/CIFAR100_resnet_large.onnx,vnnlib/resnet_large__label_33__idx_4318_global_k1024_eps_0.0039.vnnlib,100,timeout False,"[[inf], [inf], [inf], [inf], [inf], [inf], [inf], [inf], [inf], [inf], [inf], [inf], [inf], [inf], [inf], [inf], [inf], [inf], [inf], [inf], [inf], [inf], [inf], [inf], [inf], [inf], [inf], [inf], [inf], [inf], [inf], [inf], [inf], [inf], [inf], [inf], [inf], [inf], [inf], [inf], [inf], [inf], [inf], [inf], [inf], [inf], [inf], [inf], [inf], [inf], [inf], [inf], [inf], [inf], [inf], [inf], [inf], [inf], [inf], [inf], [inf], [inf], [inf], [inf], [inf], [inf], [inf], [inf], [inf], [inf], [inf], [inf], [inf], [inf], [inf], [inf], [inf], [inf], [inf], [inf], [inf], [inf], [inf], [0.20743441581726074], [inf], [inf], [inf], [inf], [inf], [inf], [inf], [inf], [inf], [inf]]",0,0.15224814414978027,104.83076500892639,3918
92,onnx/CIFAR100_resnet_large.onnx,vnnlib/resnet_large__label_33__idx_4318_fix_mask_seg0_k1024_eps_0.0039.vnnlib,100,unsat True,,,,4.192380428314209,0
93,onnx/CIFAR100_resnet_large.onnx,vnnlib/resnet_large__label_33__idx_4318_fix_nonmask_seg0_k1024_eps_0.0039.vnnlib,100,timeout False,"[[inf], [inf], [inf], [inf], [inf], [inf], [inf], [inf], [inf], [inf], [inf], [inf], [inf], [inf], [inf], [inf], [inf], [inf], [inf], [inf], [inf], [inf], [inf], [inf], [inf], [inf], [inf], [inf], [inf], [inf], [inf], [inf], [inf], [inf], [inf], [inf], [inf], [inf], [inf], [inf], [inf], [inf], [inf], [inf], [inf], [inf], [inf], [inf], [inf], [inf], [inf], [inf], [inf], [inf], [inf], [inf], [inf], [inf], [inf], [inf], [inf], [inf], [inf], [inf], [inf], [inf], [inf], [inf], [inf], [inf], [inf], [inf], [inf], [inf], [inf], [inf], [inf], [inf], [inf], [inf], [inf], [inf], [inf], [inf], [inf], [inf], [inf], [inf], [inf], [inf], [inf], [inf], [inf], [inf]]",0,0.24284982681274414,104.9632260799408,3791
94,onnx/CIFAR100_resnet_large.onnx,vnnlib/resnet_large__label_34__idx_4347_global_k1024_eps_0.0039.vnnlib,100,unsat False,"[[inf], [inf], [inf], [inf], [inf], [inf], [inf], [inf], [inf], [inf], [inf], [inf], [inf], [inf], [inf], [inf], [inf], [inf], [inf], [inf], [inf], [inf], [inf], [inf], [inf], [inf], [0.1490335464477539], [inf], [inf], [inf], [inf], [inf], [inf], [inf], [inf], [inf], [0.02544403076171875], [inf], [inf], [inf], [0.1719069480895996], [inf], [inf], [inf], [inf], [inf], [inf], [inf], [inf], [inf], [inf], [inf], [inf], [inf], [inf], [inf], [inf], [inf], [inf], [inf], [inf], [0.0029592514038085938], [inf], [inf], [inf], [inf], [inf], [inf], [inf], [inf], [inf], [inf], [inf], [inf], [inf], [inf], [inf], [inf], [inf], [inf], [inf], [inf], [inf], [inf], [inf], [inf], [inf], [inf], [inf], [inf], [inf], [inf], [inf]]",0,0.1542186737060547,37.76761078834534,3901
95,onnx/CIFAR100_resnet_large.onnx,vnnlib/resnet_large__label_34__idx_4347_fix_mask_seg0_k1024_eps_0.0039.vnnlib,100,unsat True,,,,2.835468292236328,0
96,onnx/CIFAR100_resnet_large.onnx,vnnlib/resnet_large__label_34__idx_4347_fix_nonmask_seg0_k1024_eps_0.0039.vnnlib,100,unsat False,"[[inf], [inf], [inf], [inf], [inf], [inf], [inf], [inf], [inf], [inf], [inf], [inf], [inf], [inf], [inf], [inf], [inf], [inf], [inf], [inf], [inf], [inf], [inf], [inf], [inf], [inf], [0.17099857330322266], [inf], [inf], [inf], [inf], [inf], [inf], [inf], [inf], [inf], [0.04808235168457031], [inf], [inf], [inf], [0.18808698654174805], [inf], [inf], [inf], [inf], [inf], [inf], [inf], [inf], [inf], [inf], [inf], [inf], [inf], [inf], [inf], [inf], [inf], [inf], [inf], [inf], [0.020403385162353516], [inf], [inf], [inf], [inf], [inf], [inf], [inf], [inf], [inf], [inf], [inf], [inf], [inf], [inf], [inf], [inf], [inf], [inf], [inf], [inf], [inf], [inf], [inf], [inf], [inf], [inf], [inf], [inf], [inf], [inf], [inf]]",0,0.22082757949829102,37.380908250808716,3865
97,onnx/CIFAR100_resnet_large.onnx,vnnlib/resnet_large__label_34__idx_589_global_k1024_eps_0.0039.vnnlib,100,unsat True,,,,27.580710411071777,0
98,onnx/CIFAR100_resnet_large.onnx,vnnlib/resnet_large__label_34__idx_589_fix_mask_seg0_k1024_eps_0.0039.vnnlib,100,unsat True,,,,4.088061809539795,0
99,onnx/CIFAR100_resnet_large.onnx,vnnlib/resnet_large__label_34__idx_589_fix_nonmask_seg0_k1024_eps_0.0039.vnnlib,100,unsat True,,,,27.58558678627014,0
100,onnx/CIFAR100_resnet_large.onnx,vnnlib/resnet_large__label_34__idx_6873_global_k1024_eps_0.0039.vnnlib,100,unsat False,"[[inf], [inf], [inf], [inf], [inf], [inf], [inf], [inf], [inf], [inf], [inf], [inf], [inf], [inf], [inf], [inf], [inf], [inf], [inf], [inf], [inf], [inf], [inf], [inf], [inf], [inf], [inf], [inf], [inf], [inf], [inf], [inf], [inf], [inf], [inf], [inf], [inf], [inf], [inf], [inf], [inf], [inf], [inf], [inf], [inf], [inf], [inf], [inf], [inf], [inf], [inf], [inf], [inf], [inf], [inf], [inf], [inf], [inf], [inf], [inf], [inf], [inf], [inf], [inf], [inf], [inf], [inf], [inf], [inf], [inf], [inf], [inf], [inf], [inf], [inf], [inf], [inf], [inf], [inf], [inf], [inf], [inf], [inf], [inf], [inf], [inf], [inf], [inf], [inf], [inf], [inf], [inf], [inf], [inf], [inf], [inf], [inf], [inf]]",0,0.149855375289917,33.29286503791809,2964
101,onnx/CIFAR100_resnet_large.onnx,vnnlib/resnet_large__label_34__idx_6873_fix_mask_seg0_k1024_eps_0.0039.vnnlib,100,unsat True,,,,4.123022079467773,0
102,onnx/CIFAR100_resnet_large.onnx,vnnlib/resnet_large__label_34__idx_6873_fix_nonmask_seg0_k1024_eps_0.0039.vnnlib,100,unsat False,"[[inf], [inf], [inf], [inf], [inf], [inf], [inf], [inf], [inf], [inf], [inf], [inf], [inf], [inf], [inf], [inf], [inf], [inf], [inf], [inf], [inf], [inf], [inf], [inf], [inf], [inf], [inf], [inf], [inf], [inf], [inf], [inf], [inf], [inf], [inf], [inf], [inf], [inf], [inf], [inf], [inf], [inf], [inf], [inf], [inf], [inf], [inf], [inf], [inf], [inf], [inf], [inf], [inf], [inf], [inf], [inf], [inf], [inf], [inf], [inf], [inf], [inf], [inf], [inf], [inf], [inf], [inf], [inf], [inf], [inf], [inf], [inf], [inf], [inf], [inf], [inf], [inf], [inf], [inf], [inf], [inf], [inf], [inf], [inf], [inf], [inf], [inf], [inf], [inf], [inf], [inf], [inf], [inf], [inf], [inf], [inf], [inf], [inf]]",0,0.2376551628112793,34.94950318336487,2964
103,onnx/CIFAR100_resnet_large.onnx,vnnlib/resnet_large__label_36__idx_2400_global_k1024_eps_0.0039.vnnlib,100,sat True,,,,5.961243152618408,0
104,onnx/CIFAR100_resnet_large.onnx,vnnlib/resnet_large__label_36__idx_2400_fix_mask_seg0_k1024_eps_0.0039.vnnlib,100,unsat True,,,,4.82725715637207,0
105,onnx/CIFAR100_resnet_large.onnx,vnnlib/resnet_large__label_36__idx_2400_fix_nonmask_seg0_k1024_eps_0.0039.vnnlib,100,sat True,,,,5.457551956176758,0
106,onnx/CIFAR100_resnet_large.onnx,vnnlib/resnet_large__label_37__idx_2903_global_k1024_eps_0.0039.vnnlib,100,unsat False,"[[inf], [inf], [inf], [inf], [inf], [inf], [inf], [inf], [inf], [inf], [inf], [inf], [inf], [inf], [inf], [inf], [inf], [inf], [0.07610446214675903], [inf], [inf], [inf], [inf], [inf], [inf], [inf], [inf], [inf], [inf], [inf], [inf], [inf], [inf], [inf], [inf], [inf], [inf], [inf], [inf], [inf], [inf], [inf], [inf], [inf], [inf], [inf], [inf], [inf], [inf], [inf], [inf], [inf], [inf], [inf], [inf], [inf], [inf], [inf], [inf], [inf], [inf], [inf], [inf], [inf], [inf], [inf], [inf], [inf], [inf], [inf], [inf], [inf], [inf], [inf], [inf], [inf], [inf], [inf], [inf], [inf], [inf], [inf], [inf], [inf], [inf], [inf], [inf], [inf], [inf], [inf], [inf], [inf], [inf], [inf], [inf], [inf], [inf], [inf]]",0,0.1510469913482666,36.55108094215393,3517
107,onnx/CIFAR100_resnet_large.onnx,vnnlib/resnet_large__label_37__idx_2903_fix_mask_seg0_k1024_eps_0.0039.vnnlib,100,unsat True,,,,4.520141363143921,0
108,onnx/CIFAR100_resnet_large.onnx,vnnlib/resnet_large__label_37__idx_2903_fix_nonmask_seg0_k1024_eps_0.0039.vnnlib,100,unsat False,"[[inf], [inf], [inf], [inf], [inf], [inf], [inf], [inf], [inf], [inf], [inf], [inf], [inf], [inf], [inf], [inf], [inf], [inf], [0.11537712812423706], [inf], [inf], [inf], [inf], [inf], [inf], [inf], [inf], [inf], [inf], [inf], [inf], [inf], [inf], [inf], [inf], [inf], [inf], [inf], [inf], [inf], [inf], [inf], [inf], [inf], [inf], [inf], [inf], [inf], [inf], [inf], [inf], [inf], [inf], [inf], [inf], [inf], [inf], [inf], [inf], [inf], [inf], [inf], [inf], [inf], [inf], [inf], [inf], [inf], [inf], [inf], [inf], [inf], [inf], [inf], [inf], [inf], [inf], [inf], [inf], [inf], [inf], [inf], [inf], [inf], [inf], [inf], [inf], [inf], [inf], [inf], [inf], [inf], [inf], [inf], [inf], [inf], [inf], [inf]]",0,0.23644542694091797,36.57603144645691,3423
109,onnx/CIFAR100_resnet_large.onnx,vnnlib/resnet_large__label_37__idx_7273_global_k1024_eps_0.0039.vnnlib,100,timeout False,"[[inf], [inf], [inf], [inf], [inf], [inf], [inf], [inf], [inf], [inf], [inf], [inf], [inf], [inf], [inf], [inf], [inf], [inf], [inf], [inf], [inf], [inf], [inf], [inf], [inf], [inf], [inf], [inf], [inf], [inf], [inf], [inf], [inf], [inf], [inf], [inf], [inf], [inf], [inf], [inf], [inf], [inf], [inf], [inf], [inf], [inf], [inf], [inf], [inf], [inf], [inf], [inf], [inf], [inf], [inf], [inf], [inf], [inf], [inf], [inf], [inf], [inf], [inf], [inf], [inf], [inf], [inf], [inf], [inf], [inf], [inf], [inf], [inf], [inf], [inf], [inf], [inf], [inf], [inf], [inf], [inf], [inf], [inf], [inf], [inf], [inf], [inf], [inf], [inf], [inf], [inf], [inf], [inf], [inf], [inf], [inf], [inf], [inf]]",0,0.2370450496673584,103.49813222885132,3015
110,onnx/CIFAR100_resnet_large.onnx,vnnlib/resnet_large__label_37__idx_7273_fix_mask_seg0_k1024_eps_0.0039.vnnlib,100,unsat True,,,,4.47991943359375,0
111,onnx/CIFAR100_resnet_large.onnx,vnnlib/resnet_large__label_37__idx_7273_fix_nonmask_seg0_k1024_eps_0.0039.vnnlib,100,unsat False,"[[inf], [inf], [inf], [inf], [inf], [inf], [inf], [inf], [inf], [inf], [inf], [inf], [inf], [inf], [inf], [inf], [inf], [inf], [inf], [inf], [inf], [inf], [inf], [inf], [inf], [inf], [inf], [inf], [inf], [inf], [inf], [inf], [inf], [inf], [inf], [inf], [inf], [inf], [inf], [inf], [inf], [inf], [inf], [inf], [inf], [inf], [inf], [inf], [inf], [inf], [inf], [inf], [inf], [inf], [inf], [inf], [inf], [inf], [inf], [inf], [inf], [inf], [inf], [inf], [inf], [inf], [inf], [inf], [inf], [inf], [inf], [inf], [inf], [inf], [inf], [inf], [inf], [inf], [inf], [inf], [inf], [inf], [inf], [inf], [inf], [inf], [inf], [inf], [inf], [inf], [inf], [inf], [inf], [inf], [inf], [inf], [inf], [inf]]",0,0.22823452949523926,52.42906069755554,2861
112,onnx/CIFAR100_resnet_large.onnx,vnnlib/resnet_large__label_40__idx_3718_global_k1024_eps_0.0039.vnnlib,100,sat True,,,,5.462929725646973,0
113,onnx/CIFAR100_resnet_large.onnx,vnnlib/resnet_large__label_40__idx_3718_fix_mask_seg0_k1024_eps_0.0039.vnnlib,100,unsat True,,,,3.2597270011901855,0
114,onnx/CIFAR100_resnet_large.onnx,vnnlib/resnet_large__label_40__idx_3718_fix_nonmask_seg0_k1024_eps_0.0039.vnnlib,100,sat True,,,,5.475853681564331,0
115,onnx/CIFAR100_resnet_large.onnx,vnnlib/resnet_large__label_40__idx_4421_global_k1024_eps_0.0039.vnnlib,100,sat True,,,,5.607935905456543,0
116,onnx/CIFAR100_resnet_large.onnx,vnnlib/resnet_large__label_40__idx_4421_fix_mask_seg0_k1024_eps_0.0039.vnnlib,100,unsat True,,,,4.1312549114227295,0
117,onnx/CIFAR100_resnet_large.onnx,vnnlib/resnet_large__label_40__idx_4421_fix_nonmask_seg0_k1024_eps_0.0039.vnnlib,100,sat True,,,,4.4082982540130615,0
118,onnx/CIFAR100_resnet_large.onnx,vnnlib/resnet_large__label_41__idx_3593_global_k1024_eps_0.0039.vnnlib,100,unsat False,"[[inf], [inf], [inf], [inf], [inf], [inf], [inf], [inf], [inf], [inf], [inf], [inf], [inf], [inf], [inf], [inf], [inf], [inf], [inf], [inf], [inf], [inf], [inf], [inf], [inf], [inf], [inf], [inf], [inf], [inf], [inf], [inf], [inf], [inf], [inf], [inf], [inf], [inf], [inf], [inf], [inf], [inf], [inf], [inf], [inf], [inf], [inf], [inf], [inf], [inf], [inf], [inf], [inf], [inf], [inf], [inf], [inf], [inf], [inf], [inf], [inf], [inf], [inf], [inf], [inf], [inf], [inf], [inf], [inf], [inf], [inf], [inf], [inf], [inf], [inf], [inf], [inf], [inf], [inf], [inf], [inf], [inf], [inf], [inf], [inf], [inf], [inf], [inf], [inf], [inf], [inf], [inf], [inf], [inf], [inf], [inf], [inf], [inf]]",0,0.2525038719177246,35.384496212005615,2237
119,onnx/CIFAR100_resnet_large.onnx,vnnlib/resnet_large__label_41__idx_3593_fix_mask_seg0_k1024_eps_0.0039.vnnlib,100,unsat True,,,,4.498756170272827,0
120,onnx/CIFAR100_resnet_large.onnx,vnnlib/resnet_large__label_41__idx_3593_fix_nonmask_seg0_k1024_eps_0.0039.vnnlib,100,unsat False,"[[inf], [inf], [inf], [inf], [inf], [inf], [inf], [inf], [inf], [inf], [inf], [inf], [inf], [inf], [inf], [inf], [inf], [inf], [inf], [inf], [inf], [inf], [inf], [inf], [inf], [inf], [inf], [inf], [inf], [inf], [inf], [inf], [inf], [inf], [inf], [inf], [inf], [inf], [inf], [inf], [inf], [inf], [inf], [inf], [inf], [inf], [inf], [inf], [inf], [inf], [inf], [inf], [inf], [inf], [inf], [inf], [inf], [inf], [inf], [inf], [inf], [inf], [inf], [inf], [inf], [inf], [inf], [inf], [inf], [inf], [inf], [inf], [inf], [inf], [inf], [inf], [inf], [inf], [inf], [inf], [inf], [inf], [inf], [inf], [inf], [inf], [inf], [inf], [inf], [inf], [inf], [inf], [inf], [inf], [inf], [inf], [inf], [inf]]",0,0.23596405982971191,34.89200186729431,2088
121,onnx/CIFAR100_resnet_large.onnx,vnnlib/resnet_large__label_42__idx_1753_global_k1024_eps_0.0039.vnnlib,100,sat True,,,,5.554763555526733,0
122,onnx/CIFAR100_resnet_large.onnx,vnnlib/resnet_large__label_42__idx_1753_fix_mask_seg0_k1024_eps_0.0039.vnnlib,100,unsat True,,,,4.375475645065308,0
123,onnx/CIFAR100_resnet_large.onnx,vnnlib/resnet_large__label_42__idx_1753_fix_nonmask_seg0_k1024_eps_0.0039.vnnlib,100,sat True,,,,5.5654990673065186,0
124,onnx/CIFAR100_resnet_large.onnx,vnnlib/resnet_large__label_43__idx_6556_global_k1024_eps_0.0039.vnnlib,100,unsat False,"[[inf], [inf], [inf], [inf], [inf], [inf], [inf], [inf], [inf], [inf], [inf], [inf], [inf], [inf], [inf], [inf], [inf], [inf], [inf], [inf], [inf], [inf], [inf], [inf], [inf], [inf], [inf], [inf], [inf], [inf], [inf], [inf], [inf], [inf], [inf], [inf], [inf], [inf], [inf], [inf], [inf], [inf], [inf], [inf], [inf], [inf], [inf], [inf], [inf], [inf], [inf], [inf], [inf], [inf], [inf], [inf], [inf], [inf], [inf], [inf], [inf], [inf], [inf], [inf], [inf], [inf], [inf], [inf], [inf], [inf], [inf], [inf], [inf], [inf], [inf], [inf], [inf], [inf], [inf], [inf], [inf], [inf], [inf], [inf], [inf], [inf], [inf], [inf], [inf], [inf], [inf], [inf], [inf], [inf], [inf], [inf], [inf], [inf]]",0,0.2259364128112793,35.04611563682556,3475
125,onnx/CIFAR100_resnet_large.onnx,vnnlib/resnet_large__label_43__idx_6556_fix_mask_seg0_k1024_eps_0.0039.vnnlib,100,unsat True,,,,4.428735017776489,0
126,onnx/CIFAR100_resnet_large.onnx,vnnlib/resnet_large__label_43__idx_6556_fix_nonmask_seg0_k1024_eps_0.0039.vnnlib,100,unsat False,"[[inf], [inf], [inf], [inf], [inf], [inf], [inf], [inf], [inf], [inf], [inf], [inf], [inf], [inf], [inf], [inf], [inf], [inf], [inf], [inf], [inf], [inf], [inf], [inf], [inf], [inf], [inf], [inf], [inf], [inf], [inf], [inf], [inf], [inf], [inf], [inf], [inf], [inf], [inf], [inf], [inf], [inf], [inf], [inf], [inf], [inf], [inf], [inf], [inf], [inf], [inf], [inf], [inf], [inf], [inf], [inf], [inf], [inf], [inf], [inf], [inf], [inf], [inf], [inf], [inf], [inf], [inf], [inf], [inf], [inf], [inf], [inf], [inf], [inf], [inf], [inf], [inf], [inf], [inf], [inf], [inf], [inf], [inf], [inf], [inf], [inf], [inf], [inf], [inf], [inf], [inf], [inf], [inf], [inf], [inf], [inf], [inf], [inf]]",0,0.22611355781555176,34.00331521034241,3475
127,onnx/CIFAR100_resnet_large.onnx,vnnlib/resnet_large__label_44__idx_2912_global_k1024_eps_0.0039.vnnlib,100,unsat True,,,,29.57951521873474,0
128,onnx/CIFAR100_resnet_large.onnx,vnnlib/resnet_large__label_44__idx_2912_fix_mask_seg0_k1024_eps_0.0039.vnnlib,100,unsat True,,,,4.044280052185059,0
129,onnx/CIFAR100_resnet_large.onnx,vnnlib/resnet_large__label_44__idx_2912_fix_nonmask_seg0_k1024_eps_0.0039.vnnlib,100,unsat True,,,,27.987757921218872,0
130,onnx/CIFAR100_resnet_large.onnx,vnnlib/resnet_large__label_47__idx_6926_global_k1024_eps_0.0039.vnnlib,100,timeout False,"[[inf], [inf], [inf], [inf], [inf], [inf], [inf], [inf], [inf], [inf], [inf], [inf], [inf], [inf], [inf], [inf], [inf], [inf], [inf], [inf], [inf], [inf], [inf], [inf], [inf], [0.00956416130065918], [inf], [inf], [inf], [inf], [inf], [inf], [inf], [inf], [inf], [inf], [inf], [inf], [inf], [inf], [inf], [inf], [inf], [inf], [inf], [inf], [inf], [inf], [inf], [inf], [inf], [inf], [inf], [inf], [inf], [inf], [inf], [inf], [inf], [inf], [inf], [inf], [inf], [inf], [inf], [inf], [inf], [inf], [inf], [inf], [inf], [inf], [inf], [inf], [inf], [inf], [inf], [inf], [inf], [inf], [inf], [inf], [inf], [0.12622833251953125], [inf], [inf], [inf], [inf], [inf], [inf], [inf], [inf], [inf], [inf], [inf], [inf], [inf], [inf]]",0,0.24039435386657715,102.35935616493225,3396
131,onnx/CIFAR100_resnet_large.onnx,vnnlib/resnet_large__label_47__idx_6926_fix_mask_seg0_k1024_eps_0.0039.vnnlib,100,unsat True,,,,4.333192348480225,0
132,onnx/CIFAR100_resnet_large.onnx,vnnlib/resnet_large__label_47__idx_6926_fix_nonmask_seg0_k1024_eps_0.0039.vnnlib,100,unsat False,"[[inf], [inf], [inf], [inf], [inf], [inf], [inf], [inf], [inf], [inf], [inf], [inf], [inf], [inf], [inf], [inf], [inf], [inf], [inf], [inf], [inf], [inf], [inf], [inf], [inf], [inf], [inf], [inf], [inf], [inf], [inf], [inf], [inf], [inf], [inf], [inf], [inf], [inf], [inf], [inf], [inf], [inf], [inf], [inf], [inf], [inf], [inf], [inf], [inf], [inf], [inf], [inf], [inf], [inf], [inf], [inf], [inf], [inf], [inf], [inf], [inf], [inf], [inf], [inf], [inf], [inf], [inf], [inf], [inf], [inf], [inf], [inf], [inf], [inf], [inf], [inf], [inf], [inf], [inf], [inf], [inf], [inf], [inf], [inf], [inf], [inf], [inf], [inf], [inf], [inf], [inf], [inf], [inf], [inf], [inf], [inf], [inf], [inf]]",0,0.23003745079040527,34.43362283706665,2889
133,onnx/CIFAR100_resnet_large.onnx,vnnlib/resnet_large__label_48__idx_5797_global_k1024_eps_0.0039.vnnlib,100,timeout False,"[[inf], [inf], [inf], [inf], [inf], [inf], [inf], [inf], [inf], [inf], [inf], [inf], [inf], [inf], [inf], [inf], [inf], [inf], [inf], [inf], [inf], [inf], [inf], [inf], [inf], [inf], [inf], [inf], [inf], [inf], [inf], [inf], [inf], [inf], [inf], [inf], [inf], [inf], [inf], [inf], [inf], [inf], [inf], [inf], [inf], [inf], [inf], [inf], [inf], [inf], [inf], [inf], [inf], [inf], [inf], [inf], [inf], [inf], [inf], [inf], [inf], [inf], [inf], [inf], [inf], [inf], [inf], [inf], [inf], [inf], [inf], [inf], [inf], [inf], [inf], [inf], [inf], [inf], [inf], [inf], [inf], [inf], [inf], [inf], [inf], [inf], [inf], [inf], [inf], [inf], [inf], [inf], [inf], [inf], [inf], [inf], [inf], [inf]]",0,0.232102632522583,101.64438366889954,2718
134,onnx/CIFAR100_resnet_large.onnx,vnnlib/resnet_large__label_48__idx_5797_fix_mask_seg0_k1024_eps_0.0039.vnnlib,100,unsat True,,,,4.126866817474365,0
135,onnx/CIFAR100_resnet_large.onnx,vnnlib/resnet_large__label_48__idx_5797_fix_nonmask_seg0_k1024_eps_0.0039.vnnlib,100,timeout False,"[[inf], [inf], [inf], [inf], [inf], [inf], [inf], [inf], [inf], [inf], [inf], [inf], [inf], [inf], [inf], [inf], [inf], [inf], [inf], [inf], [inf], [inf], [inf], [inf], [inf], [inf], [inf], [inf], [inf], [inf], [inf], [inf], [inf], [inf], [inf], [inf], [inf], [inf], [inf], [inf], [inf], [inf], [inf], [inf], [inf], [inf], [inf], [inf], [inf], [inf], [inf], [inf], [inf], [inf], [inf], [inf], [inf], [inf], [inf], [inf], [inf], [inf], [inf], [inf], [inf], [inf], [inf], [inf], [inf], [inf], [inf], [inf], [inf], [inf], [inf], [inf], [inf], [inf], [inf], [inf], [inf], [inf], [inf], [inf], [inf], [inf], [inf], [inf], [inf], [inf], [inf], [inf], [inf], [inf], [inf], [inf], [inf], [inf]]",0,0.23651647567749023,104.90390539169312,2714
136,onnx/CIFAR100_resnet_large.onnx,vnnlib/resnet_large__label_48__idx_6431_global_k1024_eps_0.0039.vnnlib,100,timeout False,"[[inf], [inf], [inf], [inf], [inf], [inf], [inf], [inf], [inf], [inf], [inf], [inf], [inf], [inf], [inf], [inf], [inf], [inf], [inf], [inf], [inf], [inf], [inf], [inf], [inf], [inf], [inf], [inf], [inf], [inf], [inf], [inf], [inf], [inf], [inf], [inf], [inf], [inf], [inf], [inf], [inf], [inf], [inf], [inf], [inf], [inf], [inf], [inf], [inf], [inf], [inf], [inf], [inf], [inf], [inf], [inf], [inf], [inf], [inf], [inf], [inf], [inf], [inf], [inf], [inf], [inf], [inf], [inf], [inf], [inf], [inf], [inf], [inf], [inf], [inf], [inf], [inf], [inf], [inf], [inf], [inf], [inf], [inf], [inf], [inf], [inf], [inf], [inf], [inf], [inf], [inf], [inf], [inf], [inf], [inf], [inf], [inf], [inf]]",0,0.2373192310333252,102.24337124824524,1780
137,onnx/CIFAR100_resnet_large.onnx,vnnlib/resnet_large__label_48__idx_6431_fix_mask_seg0_k1024_eps_0.0039.vnnlib,100,unsat True,,,,3.4442083835601807,0
138,onnx/CIFAR100_resnet_large.onnx,vnnlib/resnet_large__label_48__idx_6431_fix_nonmask_seg0_k1024_eps_0.0039.vnnlib,100,timeout False,"[[inf], [inf], [inf], [inf], [inf], [inf], [inf], [inf], [inf], [inf], [inf], [inf], [inf], [inf], [inf], [inf], [inf], [inf], [inf], [inf], [inf], [inf], [inf], [inf], [inf], [inf], [inf], [inf], [inf], [inf], [inf], [inf], [inf], [inf], [inf], [inf], [inf], [inf], [inf], [inf], [inf], [inf], [inf], [inf], [inf], [inf], [inf], [inf], [inf], [inf], [inf], [inf], [inf], [inf], [inf], [inf], [inf], [inf], [inf], [inf], [inf], [inf], [inf], [inf], [inf], [inf], [inf], [inf], [inf], [inf], [inf], [inf], [inf], [inf], [inf], [inf], [inf], [inf], [inf], [inf], [inf], [inf], [inf], [inf], [inf], [inf], [inf], [inf], [inf], [inf], [inf], [inf], [inf], [inf], [inf], [inf], [inf], [inf]]",0,0.15153098106384277,103.7139675617218,1780
139,onnx/CIFAR100_resnet_large.onnx,vnnlib/resnet_large__label_48__idx_8860_global_k1024_eps_0.0039.vnnlib,100,sat True,,,,5.561368703842163,0
140,onnx/CIFAR100_resnet_large.onnx,vnnlib/resnet_large__label_48__idx_8860_fix_mask_seg0_k1024_eps_0.0039.vnnlib,100,unsat True,,,,4.286721467971802,0
141,onnx/CIFAR100_resnet_large.onnx,vnnlib/resnet_large__label_48__idx_8860_fix_nonmask_seg0_k1024_eps_0.0039.vnnlib,100,sat True,,,,3.9373438358306885,0
142,onnx/CIFAR100_resnet_large.onnx,vnnlib/resnet_large__label_49__idx_6596_global_k1024_eps_0.0039.vnnlib,100,timeout False,"[[inf], [inf], [inf], [inf], [inf], [inf], [inf], [inf], [inf], [inf], [inf], [inf], [inf], [inf], [inf], [inf], [inf], [inf], [inf], [inf], [inf], [inf], [inf], [inf], [inf], [inf], [inf], [inf], [inf], [inf], [inf], [inf], [inf], [inf], [inf], [inf], [inf], [inf], [inf], [inf], [inf], [inf], [inf], [inf], [inf], [inf], [inf], [inf], [inf], [inf], [inf], [inf], [inf], [inf], [inf], [inf], [inf], [inf], [inf], [inf], [inf], [inf], [inf], [inf], [inf], [inf], [inf], [inf], [inf], [inf], [inf], [0.05592012405395508], [inf], [inf], [inf], [inf], [inf], [inf], [inf], [inf], [inf], [inf], [inf], [inf], [inf], [inf], [inf], [inf], [inf], [inf], [inf], [inf], [inf], [inf], [inf], [inf], [inf], [inf]]",0,0.23764777183532715,104.24314165115356,2996
143,onnx/CIFAR100_resnet_large.onnx,vnnlib/resnet_large__label_49__idx_6596_fix_mask_seg0_k1024_eps_0.0039.vnnlib,100,unsat True,,,,4.0887370109558105,0
144,onnx/CIFAR100_resnet_large.onnx,vnnlib/resnet_large__label_49__idx_6596_fix_nonmask_seg0_k1024_eps_0.0039.vnnlib,100,timeout False,"[[inf], [inf], [inf], [inf], [inf], [inf], [inf], [inf], [inf], [inf], [inf], [inf], [inf], [inf], [inf], [inf], [inf], [inf], [inf], [inf], [inf], [inf], [inf], [inf], [inf], [inf], [inf], [inf], [inf], [inf], [inf], [inf], [inf], [inf], [inf], [inf], [inf], [inf], [inf], [inf], [inf], [inf], [inf], [inf], [inf], [inf], [inf], [inf], [inf], [inf], [inf], [inf], [inf], [inf], [inf], [inf], [inf], [inf], [inf], [inf], [inf], [inf], [inf], [inf], [inf], [inf], [inf], [inf], [inf], [inf], [inf], [0.05591702461242676], [inf], [inf], [inf], [inf], [inf], [inf], [inf], [inf], [inf], [inf], [inf], [inf], [inf], [inf], [inf], [inf], [inf], [inf], [inf], [inf], [inf], [inf], [inf], [inf], [inf], [inf]]",0,0.15131282806396484,105.15546369552612,2996
145,onnx/CIFAR100_resnet_large.onnx,vnnlib/resnet_large__label_4__idx_3855_global_k1024_eps_0.0039.vnnlib,100,timeout False,"[[inf], [inf], [inf], [inf], [inf], [inf], [inf], [inf], [inf], [inf], [inf], [inf], [inf], [inf], [inf], [inf], [inf], [inf], [inf], [inf], [inf], [inf], [inf], [inf], [inf], [inf], [inf], [inf], [inf], [inf], [inf], [inf], [inf], [inf], [inf], [inf], [inf], [inf], [inf], [inf], [inf], [inf], [inf], [inf], [inf], [inf], [inf], [inf], [inf], [inf], [inf], [inf], [inf], [inf], [inf], [inf], [inf], [inf], [inf], [inf], [inf], [inf], [inf], [inf], [inf], [inf], [inf], [inf], [inf], [inf], [inf], [inf], [inf], [inf], [inf], [inf], [inf], [inf], [inf], [inf], [inf], [inf], [inf], [inf], [inf], [inf], [0.12743353843688965], [inf], [inf], [inf], [inf], [inf], [inf], [inf], [inf], [inf], [inf], [inf]]",0,0.23158717155456543,101.31514596939087,3464
146,onnx/CIFAR100_resnet_large.onnx,vnnlib/resnet_large__label_4__idx_3855_fix_mask_seg0_k1024_eps_0.0039.vnnlib,100,unsat True,,,,4.238662958145142,0
147,onnx/CIFAR100_resnet_large.onnx,vnnlib/resnet_large__label_4__idx_3855_fix_nonmask_seg0_k1024_eps_0.0039.vnnlib,100,timeout False,"[[inf], [inf], [inf], [inf], [inf], [inf], [inf], [inf], [inf], [inf], [inf], [inf], [inf], [inf], [inf], [inf], [inf], [inf], [inf], [inf], [inf], [inf], [inf], [inf], [inf], [inf], [inf], [inf], [inf], [inf], [inf], [inf], [inf], [inf], [inf], [inf], [inf], [inf], [inf], [inf], [inf], [inf], [inf], [inf], [inf], [inf], [inf], [inf], [inf], [inf], [inf], [inf], [inf], [inf], [inf], [inf], [inf], [inf], [inf], [inf], [inf], [inf], [inf], [inf], [inf], [inf], [inf], [inf], [inf], [inf], [inf], [inf], [inf], [inf], [inf], [inf], [inf], [inf], [inf], [inf], [inf], [inf], [inf], [inf], [inf], [inf], [inf], [inf], [inf], [inf], [inf], [inf], [inf], [inf], [inf], [inf], [inf], [inf]]",0,0.2367556095123291,102.84547424316406,3335
148,onnx/CIFAR100_resnet_large.onnx,vnnlib/resnet_large__label_50__idx_2762_global_k1024_eps_0.0039.vnnlib,100,unsat False,"[[inf], [inf], [inf], [inf], [inf], [inf], [inf], [inf], [inf], [inf], [inf], [inf], [inf], [inf], [inf], [inf], [inf], [inf], [inf], [inf], [inf], [inf], [inf], [inf], [inf], [inf], [inf], [inf], [inf], [inf], [inf], [inf], [inf], [inf], [inf], [inf], [inf], [inf], [inf], [inf], [inf], [inf], [inf], [inf], [inf], [inf], [inf], [inf], [inf], [inf], [inf], [inf], [inf], [inf], [inf], [inf], [inf], [inf], [inf], [inf], [inf], [inf], [inf], [inf], [inf], [inf], [inf], [inf], [inf], [inf], [inf], [inf], [inf], [inf], [inf], [inf], [inf], [inf], [inf], [inf], [inf], [inf], [inf], [inf], [inf], [inf], [inf], [inf], [inf], [inf], [inf], [inf], [inf], [inf], [inf], [inf], [inf], [inf]]",0,0.15075469017028809,33.47563052177429,4169
149,onnx/CIFAR100_resnet_large.onnx,vnnlib/resnet_large__label_50__idx_2762_fix_mask_seg0_k1024_eps_0.0039.vnnlib,100,unsat True,,,,4.200122356414795,0
150,onnx/CIFAR100_resnet_large.onnx,vnnlib/resnet_large__label_50__idx_2762_fix_nonmask_seg0_k1024_eps_0.0039.vnnlib,100,unsat False,"[[inf], [inf], [inf], [inf], [inf], [inf], [inf], [inf], [inf], [inf], [inf], [inf], [inf], [inf], [inf], [inf], [inf], [inf], [inf], [inf], [inf], [inf], [inf], [inf], [inf], [inf], [inf], [inf], [inf], [inf], [inf], [inf], [inf], [inf], [inf], [inf], [inf], [inf], [inf], [inf], [inf], [inf], [inf], [inf], [inf], [inf], [inf], [inf], [inf], [inf], [inf], [inf], [inf], [inf], [inf], [inf], [inf], [inf], [inf], [inf], [inf], [inf], [inf], [inf], [inf], [inf], [inf], [inf], [inf], [inf], [inf], [inf], [inf], [inf], [inf], [inf], [inf], [inf], [inf], [inf], [inf], [inf], [inf], [inf], [inf], [inf], [inf], [inf], [inf], [inf], [inf], [inf], [inf], [inf], [inf], [inf], [inf], [inf]]",0,0.2390000820159912,34.13310360908508,4039
151,onnx/CIFAR100_resnet_large.onnx,vnnlib/resnet_large__label_51__idx_2582_global_k1024_eps_0.0039.vnnlib,100,timeout False,"[[inf], [inf], [inf], [inf], [inf], [inf], [inf], [inf], [inf], [inf], [inf], [inf], [inf], [inf], [inf], [inf], [inf], [inf], [inf], [inf], [inf], [inf], [inf], [inf], [inf], [inf], [inf], [inf], [inf], [inf], [inf], [inf], [inf], [inf], [inf], [inf], [inf], [inf], [inf], [inf], [inf], [inf], [inf], [inf], [inf], [inf], [inf], [inf], [inf], [inf], [inf], [inf], [inf], [inf], [inf], [inf], [inf], [inf], [inf], [inf], [inf], [inf], [inf], [inf], [inf], [inf], [inf], [inf], [inf], [inf], [inf], [inf], [inf], [inf], [inf], [inf], [inf], [inf], [inf], [inf], [inf], [inf], [inf], [inf], [inf], [inf], [inf], [inf], [inf], [inf], [inf], [inf], [inf], [inf], [inf], [inf], [inf], [inf]]",0,0.23786163330078125,104.47728180885315,3625
152,onnx/CIFAR100_resnet_large.onnx,vnnlib/resnet_large__label_51__idx_2582_fix_mask_seg0_k1024_eps_0.0039.vnnlib,100,unsat True,,,,3.137282133102417,0
153,onnx/CIFAR100_resnet_large.onnx,vnnlib/resnet_large__label_51__idx_2582_fix_nonmask_seg0_k1024_eps_0.0039.vnnlib,100,timeout False,"[[inf], [inf], [inf], [inf], [inf], [inf], [inf], [inf], [inf], [inf], [inf], [inf], [inf], [inf], [inf], [inf], [inf], [inf], [inf], [inf], [inf], [inf], [inf], [inf], [inf], [inf], [inf], [inf], [inf], [inf], [inf], [inf], [inf], [inf], [inf], [inf], [inf], [inf], [inf], [inf], [inf], [inf], [inf], [inf], [inf], [inf], [inf], [inf], [inf], [inf], [inf], [inf], [inf], [inf], [inf], [inf], [inf], [inf], [inf], [inf], [inf], [inf], [inf], [inf], [inf], [inf], [inf], [inf], [inf], [inf], [inf], [inf], [inf], [inf], [inf], [inf], [inf], [inf], [inf], [inf], [inf], [inf], [inf], [inf], [inf], [inf], [inf], [inf], [inf], [inf], [inf], [inf], [inf], [inf], [inf], [inf], [inf], [inf]]",0,0.23498082160949707,104.23952531814575,3369
154,onnx/CIFAR100_resnet_large.onnx,vnnlib/resnet_large__label_51__idx_3515_global_k1024_eps_0.0039.vnnlib,100,unsat False,"[[inf], [inf], [inf], [inf], [inf], [inf], [inf], [inf], [inf], [inf], [inf], [inf], [inf], [inf], [inf], [inf], [inf], [inf], [inf], [inf], [inf], [inf], [inf], [inf], [inf], [inf], [inf], [inf], [inf], [inf], [inf], [inf], [inf], [inf], [inf], [inf], [inf], [inf], [inf], [inf], [inf], [inf], [inf], [inf], [inf], [inf], [inf], [inf], [inf], [inf], [inf], [inf], [inf], [inf], [inf], [inf], [inf], [inf], [inf], [inf], [inf], [inf], [inf], [inf], [inf], [inf], [inf], [inf], [inf], [inf], [inf], [inf], [inf], [inf], [inf], [inf], [inf], [inf], [inf], [inf], [inf], [inf], [inf], [inf], [inf], [inf], [inf], [inf], [inf], [inf], [inf], [inf], [inf], [inf], [inf], [inf], [inf]]",0,0.23919963836669922,35.42763543128967,4299
155,onnx/CIFAR100_resnet_large.onnx,vnnlib/resnet_large__label_51__idx_3515_fix_mask_seg0_k1024_eps_0.0039.vnnlib,100,unsat True,,,,4.398594379425049,0
156,onnx/CIFAR100_resnet_large.onnx,vnnlib/resnet_large__label_51__idx_3515_fix_nonmask_seg0_k1024_eps_0.0039.vnnlib,100,unsat False,"[[inf], [inf], [inf], [inf], [inf], [inf], [inf], [inf], [inf], [inf], [inf], [inf], [inf], [inf], [inf], [inf], [inf], [inf], [inf], [inf], [inf], [inf], [inf], [inf], [inf], [inf], [inf], [inf], [inf], [inf], [inf], [inf], [inf], [inf], [inf], [inf], [inf], [inf], [inf], [inf], [inf], [inf], [inf], [inf], [inf], [inf], [inf], [inf], [inf], [inf], [inf], [inf], [inf], [inf], [inf], [inf], [inf], [inf], [inf], [inf], [inf], [inf], [inf], [inf], [inf], [inf], [inf], [inf], [inf], [inf], [inf], [inf], [inf], [inf], [inf], [inf], [inf], [inf], [inf], [inf], [inf], [inf], [inf], [inf], [inf], [inf], [inf], [inf], [inf], [inf], [inf], [inf], [inf], [inf], [inf], [inf], [inf]]",0,0.3661019802093506,37.01161193847656,4273
157,onnx/CIFAR100_resnet_large.onnx,vnnlib/resnet_large__label_52__idx_161_global_k1024_eps_0.0039.vnnlib,100,unsat False,"[[inf], [inf], [inf], [inf], [inf], [inf], [inf], [inf], [inf], [inf], [inf], [inf], [inf], [inf], [inf], [inf], [inf], [inf], [inf], [inf], [inf], [inf], [inf], [inf], [inf], [inf], [inf], [inf], [inf], [inf], [inf], [inf], [inf], [inf], [inf], [inf], [inf], [inf], [inf], [inf], [inf], [inf], [inf], [inf], [inf], [inf], [inf], [inf], [inf], [inf], [inf], [inf], [inf], [inf], [inf], [inf], [inf], [inf], [inf], [inf], [inf], [inf], [inf], [inf], [inf], [inf], [inf], [inf], [inf], [inf], [inf], [inf], [inf], [inf], [inf], [inf], [inf], [inf], [inf], [inf], [inf], [inf], [inf], [inf], [inf], [inf], [inf], [inf], [inf], [inf], [inf], [inf], [inf], [inf], [inf], [inf], [inf], [inf]]",0,0.23287153244018555,38.582666873931885,3082
158,onnx/CIFAR100_resnet_large.onnx,vnnlib/resnet_large__label_52__idx_161_fix_mask_seg0_k1024_eps_0.0039.vnnlib,100,unsat True,,,,2.8556292057037354,0
159,onnx/CIFAR100_resnet_large.onnx,vnnlib/resnet_large__label_52__idx_161_fix_nonmask_seg0_k1024_eps_0.0039.vnnlib,100,unsat False,"[[inf], [inf], [inf], [inf], [inf], [inf], [inf], [inf], [inf], [inf], [inf], [inf], [inf], [inf], [inf], [inf], [inf], [inf], [inf], [inf], [inf], [inf], [inf], [inf], [inf], [inf], [inf], [inf], [inf], [inf], [inf], [inf], [inf], [inf], [inf], [inf], [inf], [inf], [inf], [inf], [inf], [inf], [inf], [inf], [inf], [inf], [inf], [inf], [inf], [inf], [inf], [inf], [inf], [inf], [inf], [inf], [inf], [inf], [inf], [inf], [inf], [inf], [inf], [inf], [inf], [inf], [inf], [inf], [inf], [inf], [inf], [inf], [inf], [inf], [inf], [inf], [inf], [inf], [inf], [inf], [inf], [inf], [inf], [inf], [inf], [inf], [inf], [inf], [inf], [inf], [inf], [inf], [inf], [inf], [inf], [inf], [inf], [inf]]",0,0.3322887420654297,36.63164281845093,3027
160,onnx/CIFAR100_resnet_large.onnx,vnnlib/resnet_large__label_52__idx_2381_global_k1024_eps_0.0039.vnnlib,100,unsat False,"[[inf], [inf], [inf], [inf], [inf], [inf], [inf], [inf], [inf], [inf], [inf], [inf], [inf], [inf], [inf], [inf], [inf], [inf], [inf], [inf], [inf], [inf], [inf], [inf], [inf], [inf], [inf], [inf], [inf], [inf], [inf], [inf], [inf], [inf], [inf], [inf], [inf], [inf], [inf], [inf], [inf], [inf], [inf], [inf], [inf], [inf], [inf], [inf], [inf], [inf], [inf], [inf], [inf], [inf], [inf], [inf], [inf], [inf], [inf], [inf], [inf], [inf], [inf], [inf], [inf], [inf], [inf], [inf], [inf], [inf], [inf], [inf], [inf], [inf], [inf], [inf], [inf], [inf], [inf], [inf], [inf], [inf], [inf], [inf], [inf], [inf], [inf], [inf], [inf], [inf], [inf], [inf], [inf], [inf], [inf], [inf], [inf], [inf]]",0,0.15233969688415527,33.306822538375854,3536
161,onnx/CIFAR100_resnet_large.onnx,vnnlib/resnet_large__label_52__idx_2381_fix_mask_seg0_k1024_eps_0.0039.vnnlib,100,unsat True,,,,4.278542757034302,0
162,onnx/CIFAR100_resnet_large.onnx,vnnlib/resnet_large__label_52__idx_2381_fix_nonmask_seg0_k1024_eps_0.0039.vnnlib,100,unsat False,"[[inf], [inf], [inf], [inf], [inf], [inf], [inf], [inf], [inf], [inf], [inf], [inf], [inf], [inf], [inf], [inf], [inf], [inf], [inf], [inf], [inf], [inf], [inf], [inf], [inf], [inf], [inf], [inf], [inf], [inf], [inf], [inf], [inf], [inf], [inf], [inf], [inf], [inf], [inf], [inf], [inf], [inf], [inf], [inf], [inf], [inf], [inf], [inf], [inf], [inf], [inf], [inf], [inf], [inf], [inf], [inf], [inf], [inf], [inf], [inf], [inf], [inf], [inf], [inf], [inf], [inf], [inf], [inf], [inf], [inf], [inf], [inf], [inf], [inf], [inf], [inf], [inf], [inf], [inf], [inf], [inf], [inf], [inf], [inf], [inf], [inf], [inf], [inf], [inf], [inf], [inf], [inf], [inf], [inf], [inf], [inf], [inf], [inf]]",0,0.14963197708129883,34.995205879211426,3407
163,onnx/CIFAR100_resnet_large.onnx,vnnlib/resnet_large__label_53__idx_7605_global_k1024_eps_0.0039.vnnlib,100,timeout False,"[[inf], [inf], [inf], [inf], [inf], [inf], [inf], [inf], [inf], [inf], [inf], [inf], [inf], [inf], [inf], [inf], [inf], [inf], [inf], [inf], [inf], [inf], [inf], [inf], [inf], [inf], [inf], [inf], [inf], [inf], [inf], [inf], [inf], [inf], [inf], [inf], [inf], [inf], [inf], [inf], [inf], [inf], [inf], [inf], [inf], [inf], [inf], [inf], [inf], [inf], [inf], [inf], [inf], [inf], [inf], [inf], [inf], [inf], [inf], [inf], [inf], [inf], [inf], [inf], [inf], [inf], [inf], [inf], [inf], [inf], [inf], [inf], [inf], [inf], [inf], [inf], [inf], [inf], [inf], [inf], [inf], [inf], [inf], [inf], [inf], [inf], [inf], [inf], [inf], [inf], [inf], [inf], [inf], [inf], [inf], [inf], [inf]]",0,0.1469883918762207,102.8395848274231,2650
164,onnx/CIFAR100_resnet_large.onnx,vnnlib/resnet_large__label_53__idx_7605_fix_mask_seg0_k1024_eps_0.0039.vnnlib,100,unsat True,,,,4.401303768157959,0
165,onnx/CIFAR100_resnet_large.onnx,vnnlib/resnet_large__label_53__idx_7605_fix_nonmask_seg0_k1024_eps_0.0039.vnnlib,100,unsat False,"[[inf], [inf], [inf], [inf], [inf], [inf], [inf], [inf], [inf], [inf], [inf], [inf], [inf], [inf], [inf], [inf], [inf], [inf], [inf], [inf], [inf], [inf], [inf], [inf], [inf], [inf], [inf], [inf], [inf], [inf], [inf], [inf], [inf], [inf], [inf], [inf], [inf], [inf], [inf], [inf], [inf], [inf], [inf], [inf], [inf], [inf], [inf], [inf], [inf], [inf], [inf], [inf], [inf], [inf], [inf], [inf], [inf], [inf], [inf], [inf], [inf], [inf], [inf], [inf], [inf], [inf], [inf], [inf], [inf], [inf], [inf], [inf], [inf], [inf], [inf], [inf], [inf], [inf], [inf], [inf], [inf], [inf], [inf], [inf], [inf], [inf], [inf], [inf], [inf], [inf], [inf], [inf], [inf], [inf], [inf], [inf], [inf]]",0,0.3237745761871338,35.421170234680176,2177
166,onnx/CIFAR100_resnet_large.onnx,vnnlib/resnet_large__label_55__idx_1524_global_k1024_eps_0.0039.vnnlib,100,timeout False,"[[inf], [inf], [inf], [inf], [inf], [inf], [inf], [inf], [inf], [inf], [inf], [inf], [inf], [inf], [inf], [inf], [inf], [inf], [inf], [inf], [inf], [inf], [inf], [inf], [inf], [inf], [inf], [inf], [inf], [inf], [inf], [inf], [inf], [inf], [inf], [inf], [inf], [inf], [inf], [inf], [inf], [inf], [inf], [inf], [inf], [inf], [inf], [inf], [inf], [inf], [inf], [inf], [inf], [inf], [inf], [inf], [inf], [inf], [inf], [inf], [inf], [inf], [inf], [inf], [inf], [inf], [inf], [inf], [inf], [inf], [inf], [inf], [inf], [0.019222736358642578], [inf], [inf], [0.07887816429138184], [inf], [inf], [inf], [inf], [inf], [inf], [inf], [inf], [inf], [inf], [inf], [inf], [inf], [inf], [inf], [inf], [inf], [inf], [inf]]",0,0.2263658046722412,102.80186080932617,3324
167,onnx/CIFAR100_resnet_large.onnx,vnnlib/resnet_large__label_55__idx_1524_fix_mask_seg0_k1024_eps_0.0039.vnnlib,100,unsat True,,,,3.462038278579712,0
168,onnx/CIFAR100_resnet_large.onnx,vnnlib/resnet_large__label_55__idx_1524_fix_nonmask_seg0_k1024_eps_0.0039.vnnlib,100,timeout False,"[[inf], [inf], [inf], [inf], [inf], [inf], [inf], [inf], [inf], [inf], [inf], [inf], [inf], [inf], [inf], [inf], [inf], [inf], [inf], [inf], [inf], [inf], [inf], [inf], [inf], [inf], [inf], [inf], [inf], [inf], [inf], [inf], [inf], [inf], [inf], [inf], [inf], [0.08901333808898926], [inf], [inf], [inf], [inf], [inf], [inf], [inf], [inf], [inf], [inf], [inf], [inf], [inf], [inf], [inf], [inf], [inf], [inf], [inf], [inf], [inf], [inf], [inf], [inf], [inf], [inf], [inf], [inf], [inf], [inf], [inf], [inf], [inf], [inf], [inf], [inf], [inf], [inf], [inf], [inf], [inf], [inf], [inf], [inf], [inf], [inf], [inf], [inf], [inf], [inf], [inf], [inf], [inf], [inf], [inf], [inf], [inf], [inf], [inf]]",0,0.23603081703186035,104.74789881706238,3211
169,onnx/CIFAR100_resnet_large.onnx,vnnlib/resnet_large__label_58__idx_7923_global_k1024_eps_0.0039.vnnlib,100,timeout False,"[[inf], [inf], [inf], [inf], [inf], [inf], [inf], [inf], [inf], [inf], [inf], [inf], [inf], [inf], [inf], [inf], [inf], [inf], [inf], [inf], [inf], [inf], [inf], [inf], [inf], [inf], [inf], [inf], [inf], [inf], [inf], [inf], [inf], [inf], [inf], [inf], [inf], [inf], [inf], [inf], [inf], [inf], [inf], [inf], [inf], [inf], [inf], [inf], [inf], [inf], [inf], [inf], [inf], [inf], [inf], [inf], [inf], [inf], [inf], [inf], [inf], [inf], [inf], [inf], [inf], [inf], [inf], [inf], [inf], [inf], [inf], [inf], [inf], [inf], [inf], [inf], [inf], [inf], [inf], [inf], [inf], [inf], [inf], [inf], [inf], [inf], [inf], [inf], [inf], [inf], [inf], [inf], [inf], [inf], [inf], [inf], [inf], [inf]]",0,0.2590019702911377,107.75972104072571,2696
170,onnx/CIFAR100_resnet_large.onnx,vnnlib/resnet_large__label_58__idx_7923_fix_mask_seg0_k1024_eps_0.0039.vnnlib,100,unsat True,,,,3.461756467819214,0
171,onnx/CIFAR100_resnet_large.onnx,vnnlib/resnet_large__label_58__idx_7923_fix_nonmask_seg0_k1024_eps_0.0039.vnnlib,100,timeout False,"[[inf], [inf], [inf], [inf], [inf], [inf], [inf], [inf], [inf], [inf], [inf], [inf], [inf], [inf], [inf], [inf], [inf], [inf], [inf], [inf], [inf], [inf], [inf], [inf], [inf], [inf], [inf], [inf], [inf], [inf], [inf], [inf], [inf], [inf], [inf], [inf], [inf], [inf], [inf], [inf], [inf], [inf], [inf], [inf], [inf], [inf], [inf], [inf], [inf], [inf], [inf], [inf], [inf], [inf], [inf], [inf], [inf], [inf], [inf], [inf], [inf], [inf], [inf], [inf], [inf], [inf], [inf], [inf], [inf], [inf], [inf], [inf], [inf], [inf], [inf], [inf], [inf], [inf], [inf], [inf], [inf], [inf], [inf], [inf], [inf], [inf], [inf], [inf], [inf], [inf], [inf], [inf], [inf], [inf], [inf], [inf], [inf], [inf]]",0,0.2347276210784912,106.16761374473572,2546
172,onnx/CIFAR100_resnet_large.onnx,vnnlib/resnet_large__label_58__idx_9116_global_k1024_eps_0.0039.vnnlib,100,unsat False,"[[inf], [inf], [inf], [inf], [inf], [inf], [inf], [inf], [inf], [inf], [inf], [inf], [inf], [inf], [inf], [inf], [inf], [inf], [inf], [inf], [inf], [inf], [inf], [inf], [inf], [inf], [inf], [inf], [inf], [inf], [inf], [inf], [inf], [inf], [inf], [inf], [inf], [inf], [inf], [inf], [inf], [inf], [inf], [inf], [inf], [inf], [inf], [inf], [inf], [inf], [inf], [inf], [inf], [inf], [inf], [inf], [inf], [inf], [inf], [inf], [inf], [inf], [inf], [inf], [inf], [inf], [inf], [inf], [inf], [inf], [inf], [inf], [inf], [inf], [inf], [inf], [inf], [inf], [inf], [inf], [inf], [inf], [inf], [inf], [inf], [inf], [inf], [inf], [inf], [inf], [inf], [inf], [inf], [inf], [inf], [inf], [inf], [inf]]",0,0.3507499694824219,35.46386170387268,3040
173,onnx/CIFAR100_resnet_large.onnx,vnnlib/resnet_large__label_58__idx_9116_fix_mask_seg0_k1024_eps_0.0039.vnnlib,100,unsat True,,,,4.575608730316162,0
174,onnx/CIFAR100_resnet_large.onnx,vnnlib/resnet_large__label_58__idx_9116_fix_nonmask_seg0_k1024_eps_0.0039.vnnlib,100,unsat False,"[[inf], [inf], [inf], [inf], [inf], [inf], [inf], [inf], [inf], [inf], [inf], [inf], [inf], [inf], [inf], [inf], [inf], [inf], [inf], [inf], [inf], [inf], [inf], [inf], [inf], [inf], [inf], [inf], [inf], [inf], [inf], [inf], [inf], [inf], [inf], [inf], [inf], [inf], [inf], [inf], [inf], [inf], [inf], [inf], [inf], [inf], [inf], [inf], [inf], [inf], [inf], [inf], [inf], [inf], [inf], [inf], [inf], [inf], [inf], [inf], [inf], [inf], [inf], [inf], [inf], [inf], [inf], [inf], [inf], [inf], [inf], [inf], [inf], [inf], [inf], [inf], [inf], [inf], [inf], [inf], [inf], [inf], [inf], [inf], [inf], [inf], [inf], [inf], [inf], [inf], [inf], [inf], [inf], [inf], [inf], [inf], [inf], [inf]]",0,0.22815895080566406,34.37299919128418,2919
175,onnx/CIFAR100_resnet_large.onnx,vnnlib/resnet_large__label_59__idx_5602_global_k1024_eps_0.0039.vnnlib,100,unsat False,"[[inf], [inf], [inf], [inf], [inf], [inf], [inf], [inf], [inf], [inf], [inf], [inf], [inf], [inf], [inf], [inf], [inf], [inf], [inf], [inf], [inf], [inf], [inf], [inf], [inf], [inf], [inf], [inf], [inf], [inf], [inf], [inf], [inf], [inf], [inf], [inf], [inf], [inf], [inf], [inf], [inf], [inf], [inf], [inf], [inf], [inf], [inf], [inf], [inf], [inf], [inf], [inf], [inf], [inf], [inf], [inf], [inf], [inf], [inf], [inf], [inf], [inf], [inf], [inf], [inf], [inf], [inf], [inf], [inf], [inf], [inf], [inf], [inf], [inf], [inf], [inf], [inf], [inf], [inf], [inf], [inf], [inf], [inf], [inf], [inf], [inf], [inf], [inf], [inf], [inf], [inf], [inf], [inf], [inf], [inf], [inf], [inf], [inf]]",0,0.23518967628479004,37.02539014816284,3582
176,onnx/CIFAR100_resnet_large.onnx,vnnlib/resnet_large__label_59__idx_5602_fix_mask_seg0_k1024_eps_0.0039.vnnlib,100,unsat True,,,,4.781514406204224,0
177,onnx/CIFAR100_resnet_large.onnx,vnnlib/resnet_large__label_59__idx_5602_fix_nonmask_seg0_k1024_eps_0.0039.vnnlib,100,unsat False,"[[inf], [inf], [inf], [inf], [inf], [inf], [inf], [inf], [inf], [inf], [inf], [inf], [inf], [inf], [inf], [inf], [inf], [inf], [inf], [inf], [inf], [inf], [inf], [inf], [inf], [inf], [inf], [inf], [inf], [inf], [inf], [inf], [inf], [inf], [inf], [inf], [inf], [inf], [inf], [inf], [inf], [inf], [inf], [inf], [inf], [inf], [inf], [inf], [inf], [inf], [inf], [inf], [inf], [inf], [inf], [inf], [inf], [inf], [inf], [inf], [inf], [inf], [inf], [inf], [inf], [inf], [inf], [inf], [inf], [inf], [inf], [inf], [inf], [inf], [inf], [inf], [inf], [inf], [inf], [inf], [inf], [inf], [inf], [inf], [inf], [inf], [inf], [inf], [inf], [inf], [inf], [inf], [inf], [inf], [inf], [inf], [inf], [inf]]",0,0.23940277099609375,38.18514060974121,3582
178,onnx/CIFAR100_resnet_large.onnx,vnnlib/resnet_large__label_5__idx_3142_global_k1024_eps_0.0039.vnnlib,100,unsat False,"[[inf], [inf], [inf], [inf], [inf], [inf], [inf], [inf], [inf], [inf], [inf], [inf], [inf], [inf], [inf], [inf], [inf], [inf], [inf], [inf], [inf], [inf], [inf], [inf], [inf], [inf], [inf], [inf], [inf], [inf], [inf], [inf], [inf], [inf], [inf], [inf], [inf], [inf], [inf], [inf], [inf], [inf], [inf], [inf], [inf], [inf], [inf], [inf], [inf], [inf], [inf], [inf], [inf], [inf], [inf], [inf], [inf], [inf], [inf], [inf], [inf], [inf], [inf], [inf], [inf], [inf], [inf], [inf], [inf], [inf], [inf], [inf], [inf], [inf], [inf], [inf], [inf], [inf], [inf], [inf], [inf], [inf], [inf], [inf], [inf], [inf], [inf], [inf], [inf], [inf], [inf], [inf], [inf], [inf], [inf], [inf], [inf], [inf]]",0,0.1549544334411621,47.072673082351685,3393
179,onnx/CIFAR100_resnet_large.onnx,vnnlib/resnet_large__label_5__idx_3142_fix_mask_seg0_k1024_eps_0.0039.vnnlib,100,unsat True,,,,4.571111679077148,0
180,onnx/CIFAR100_resnet_large.onnx,vnnlib/resnet_large__label_5__idx_3142_fix_nonmask_seg0_k1024_eps_0.0039.vnnlib,100,unsat False,"[[inf], [inf], [inf], [inf], [inf], [inf], [inf], [inf], [inf], [inf], [inf], [inf], [inf], [inf], [inf], [inf], [inf], [inf], [inf], [inf], [inf], [inf], [inf], [inf], [inf], [inf], [inf], [inf], [inf], [inf], [inf], [inf], [inf], [inf], [inf], [inf], [inf], [inf], [inf], [inf], [inf], [inf], [inf], [inf], [inf], [inf], [inf], [inf], [inf], [inf], [inf], [inf], [inf], [inf], [inf], [inf], [inf], [inf], [inf], [inf], [inf], [inf], [inf], [inf], [inf], [inf], [inf], [inf], [inf], [inf], [inf], [inf], [inf], [inf], [inf], [inf], [inf], [inf], [inf], [inf], [inf], [inf], [inf], [inf], [inf], [inf], [inf], [inf], [inf], [inf], [inf], [inf], [inf], [inf], [inf], [inf], [inf], [inf]]",0,0.23314452171325684,51.95576524734497,3393
181,onnx/CIFAR100_resnet_large.onnx,vnnlib/resnet_large__label_60__idx_3105_global_k1024_eps_0.0039.vnnlib,100,unsat False,"[[inf], [inf], [inf], [inf], [inf], [inf], [inf], [inf], [inf], [inf], [inf], [inf], [inf], [inf], [inf], [inf], [inf], [inf], [inf], [inf], [inf], [inf], [inf], [inf], [inf], [inf], [inf], [inf], [inf], [inf], [inf], [inf], [inf], [inf], [inf], [inf], [inf], [inf], [inf], [inf], [inf], [inf], [inf], [inf], [inf], [inf], [inf], [inf], [inf], [inf], [inf], [inf], [inf], [inf], [inf], [inf], [inf], [inf], [inf], [inf], [inf], [inf], [inf], [inf], [inf], [inf], [inf], [inf], [inf], [inf], [inf], [inf], [inf], [inf], [inf], [inf], [inf], [inf], [inf], [inf], [inf], [inf], [inf], [inf], [inf], [inf], [inf], [inf], [inf], [inf], [inf], [inf], [inf], [inf], [inf], [inf], [inf], [inf]]",0,0.24126791954040527,37.05163216590881,2559
182,onnx/CIFAR100_resnet_large.onnx,vnnlib/resnet_large__label_60__idx_3105_fix_mask_seg0_k1024_eps_0.0039.vnnlib,100,unsat True,,,,5.8358354568481445,0
183,onnx/CIFAR100_resnet_large.onnx,vnnlib/resnet_large__label_60__idx_3105_fix_nonmask_seg0_k1024_eps_0.0039.vnnlib,100,unsat False,"[[inf], [inf], [inf], [inf], [inf], [inf], [inf], [inf], [inf], [inf], [inf], [inf], [inf], [inf], [inf], [inf], [inf], [inf], [inf], [inf], [inf], [inf], [inf], [inf], [inf], [inf], [inf], [inf], [inf], [inf], [inf], [inf], [inf], [inf], [inf], [inf], [inf], [inf], [inf], [inf], [inf], [inf], [inf], [inf], [inf], [inf], [inf], [inf], [inf], [inf], [inf], [inf], [inf], [inf], [inf], [inf], [inf], [inf], [inf], [inf], [inf], [inf], [inf], [inf], [inf], [inf], [inf], [inf], [inf], [inf], [inf], [inf], [inf], [inf], [inf], [inf], [inf], [inf], [inf], [inf], [inf], [inf], [inf], [inf], [inf], [inf], [inf], [inf], [inf], [inf], [inf], [inf], [inf], [inf], [inf], [inf], [inf], [inf]]",0,0.15023016929626465,33.42876434326172,2559
184,onnx/CIFAR100_resnet_large.onnx,vnnlib/resnet_large__label_62__idx_7064_global_k1024_eps_0.0039.vnnlib,100,unsat False,"[[inf], [inf], [inf], [inf], [inf], [inf], [inf], [inf], [inf], [inf], [inf], [inf], [inf], [inf], [inf], [inf], [inf], [inf], [inf], [inf], [inf], [inf], [inf], [inf], [inf], [inf], [inf], [inf], [inf], [inf], [inf], [inf], [inf], [inf], [inf], [inf], [inf], [inf], [inf], [inf], [inf], [inf], [inf], [inf], [inf], [inf], [inf], [inf], [inf], [inf], [inf], [inf], [inf], [inf], [inf], [inf], [inf], [inf], [inf], [inf], [inf], [inf], [inf], [inf], [inf], [inf], [inf], [inf], [inf], [inf], [inf], [inf], [inf], [inf], [inf], [inf], [inf], [inf], [inf], [inf], [inf], [inf], [inf], [inf], [inf], [inf], [inf], [inf], [inf], [inf], [inf], [inf], [inf], [inf], [inf], [inf]]",0,0.2344200611114502,36.060474157333374,2618
185,onnx/CIFAR100_resnet_large.onnx,vnnlib/resnet_large__label_62__idx_7064_fix_mask_seg0_k1024_eps_0.0039.vnnlib,100,unsat True,,,,4.17553973197937,0
186,onnx/CIFAR100_resnet_large.onnx,vnnlib/resnet_large__label_62__idx_7064_fix_nonmask_seg0_k1024_eps_0.0039.vnnlib,100,unsat False,"[[inf], [inf], [inf], [inf], [inf], [inf], [inf], [inf], [inf], [inf], [inf], [inf], [inf], [inf], [inf], [inf], [inf], [inf], [inf], [inf], [inf], [inf], [inf], [inf], [inf], [inf], [inf], [inf], [inf], [inf], [inf], [inf], [inf], [inf], [inf], [inf], [inf], [inf], [inf], [inf], [inf], [inf], [inf], [inf], [inf], [inf], [inf], [inf], [inf], [inf], [inf], [inf], [inf], [inf], [inf], [inf], [inf], [inf], [inf], [inf], [inf], [inf], [inf], [inf], [inf], [inf], [inf], [inf], [inf], [inf], [inf], [inf], [inf], [inf], [inf], [inf], [inf], [inf], [inf], [inf], [inf], [inf], [inf], [inf], [inf], [inf], [inf], [inf], [inf], [inf], [inf], [inf], [inf], [inf], [inf], [inf]]",0,0.23723626136779785,34.27063536643982,2618
187,onnx/CIFAR100_resnet_large.onnx,vnnlib/resnet_large__label_63__idx_2652_global_k1024_eps_0.0039.vnnlib,100,unsat True,,,,27.644383907318115,0
188,onnx/CIFAR100_resnet_large.onnx,vnnlib/resnet_large__label_63__idx_2652_fix_mask_seg0_k1024_eps_0.0039.vnnlib,100,unsat True,,,,4.726052284240723,0
189,onnx/CIFAR100_resnet_large.onnx,vnnlib/resnet_large__label_63__idx_2652_fix_nonmask_seg0_k1024_eps_0.0039.vnnlib,100,unsat True,,,,5.058171510696411,0
190,onnx/CIFAR100_resnet_large.onnx,vnnlib/resnet_large__label_63__idx_6947_global_k1024_eps_0.0039.vnnlib,100,timeout False,"[[inf], [inf], [inf], [inf], [inf], [inf], [inf], [inf], [inf], [inf], [inf], [inf], [inf], [inf], [inf], [inf], [inf], [inf], [inf], [inf], [inf], [inf], [inf], [inf], [inf], [inf], [inf], [inf], [inf], [inf], [inf], [inf], [inf], [inf], [inf], [inf], [inf], [inf], [inf], [inf], [inf], [inf], [inf], [inf], [inf], [inf], [inf], [inf], [inf], [inf], [inf], [inf], [inf], [inf], [inf], [inf], [inf], [inf], [inf], [inf], [inf], [inf], [inf], [inf], [inf], [inf], [inf], [inf], [inf], [inf], [inf], [inf], [inf], [inf], [inf], [inf], [inf], [inf], [inf], [inf], [inf], [inf], [inf], [inf], [inf], [inf], [inf], [inf], [inf], [inf], [inf], [inf], [inf], [inf], [inf], [inf], [inf]]",0,0.23955965042114258,103.39475727081299,3762
191,onnx/CIFAR100_resnet_large.onnx,vnnlib/resnet_large__label_63__idx_6947_fix_mask_seg0_k1024_eps_0.0039.vnnlib,100,unsat True,,,,4.138261795043945,0
192,onnx/CIFAR100_resnet_large.onnx,vnnlib/resnet_large__label_63__idx_6947_fix_nonmask_seg0_k1024_eps_0.0039.vnnlib,100,timeout False,"[[inf], [inf], [inf], [inf], [inf], [inf], [inf], [inf], [inf], [inf], [inf], [inf], [inf], [inf], [inf], [inf], [inf], [inf], [inf], [inf], [inf], [inf], [inf], [inf], [inf], [inf], [inf], [inf], [inf], [inf], [inf], [inf], [inf], [inf], [inf], [inf], [inf], [inf], [inf], [inf], [inf], [inf], [inf], [inf], [inf], [inf], [inf], [inf], [inf], [inf], [inf], [inf], [inf], [inf], [inf], [inf], [inf], [inf], [inf], [inf], [inf], [inf], [inf], [inf], [inf], [inf], [inf], [inf], [inf], [inf], [inf], [inf], [inf], [inf], [inf], [inf], [inf], [inf], [inf], [inf], [inf], [inf], [inf], [inf], [inf], [inf], [inf], [inf], [inf], [inf], [inf], [inf], [inf], [inf], [inf], [inf], [inf]]",0,0.15137624740600586,100.80112600326538,3717
193,onnx/CIFAR100_resnet_large.onnx,vnnlib/resnet_large__label_64__idx_2767_global_k1024_eps_0.0039.vnnlib,100,timeout False,"[[inf], [inf], [inf], [inf], [inf], [inf], [inf], [inf], [inf], [inf], [inf], [inf], [inf], [inf], [inf], [inf], [inf], [inf], [inf], [inf], [inf], [inf], [inf], [inf], [inf], [inf], [inf], [inf], [inf], [inf], [inf], [inf], [inf], [inf], [inf], [inf], [inf], [inf], [inf], [inf], [inf], [inf], [inf], [inf], [inf], [inf], [inf], [inf], [inf], [inf], [inf], [inf], [inf], [inf], [inf], [inf], [inf], [inf], [inf], [inf], [inf], [inf], [inf], [inf], [inf], [inf], [inf], [inf], [inf], [inf], [inf], [inf], [inf], [inf], [inf], [inf], [inf], [inf], [inf], [inf], [inf], [inf], [inf], [inf], [inf], [inf], [inf], [inf], [inf], [inf], [inf], [inf], [inf], [inf], [inf], [inf]]",0,0.26592326164245605,104.72985649108887,2530
194,onnx/CIFAR100_resnet_large.onnx,vnnlib/resnet_large__label_64__idx_2767_fix_mask_seg0_k1024_eps_0.0039.vnnlib,100,unsat True,,,,4.490506887435913,0
195,onnx/CIFAR100_resnet_large.onnx,vnnlib/resnet_large__label_64__idx_2767_fix_nonmask_seg0_k1024_eps_0.0039.vnnlib,100,timeout False,"[[inf], [inf], [inf], [inf], [inf], [inf], [inf], [inf], [inf], [inf], [inf], [inf], [inf], [inf], [inf], [inf], [inf], [inf], [inf], [inf], [inf], [inf], [inf], [inf], [inf], [inf], [inf], [inf], [inf], [inf], [inf], [inf], [inf], [inf], [inf], [inf], [inf], [inf], [inf], [inf], [inf], [inf], [inf], [inf], [inf], [inf], [inf], [inf], [inf], [inf], [inf], [inf], [inf], [inf], [inf], [inf], [inf], [inf], [inf], [inf], [inf], [inf], [inf], [inf], [inf], [inf], [inf], [inf], [inf], [inf], [inf], [inf], [inf], [inf], [inf], [inf], [inf], [inf], [inf], [inf], [inf], [inf], [inf], [inf], [inf], [inf], [inf], [inf], [inf], [inf], [inf], [inf], [inf], [inf], [inf], [inf]]",0,0.15261387825012207,102.63010168075562,2518
196,onnx/CIFAR100_resnet_large.onnx,vnnlib/resnet_large__label_66__idx_5883_global_k1024_eps_0.0039.vnnlib,100,timeout False,"[[inf], [inf], [inf], [0.31356382369995117], [inf], [inf], [inf], [inf], [inf], [inf], [inf], [inf], [inf], [inf], [inf], [inf], [inf], [inf], [inf], [inf], [inf], [inf], [inf], [inf], [inf], [inf], [inf], [inf], [inf], [inf], [inf], [inf], [inf], [inf], [inf], [inf], [inf], [inf], [inf], [inf], [inf], [inf], [inf], [inf], [inf], [inf], [inf], [inf], [inf], [inf], [inf], [inf], [inf], [inf], [inf], [inf], [inf], [inf], [inf], [inf], [inf], [inf], [inf], [inf], [inf], [inf], [inf], [inf], [inf], [0.3181591033935547], [inf], [inf], [inf], [inf], [inf], [inf], [inf], [inf], [inf], [inf], [inf], [inf], [inf], [inf], [inf], [inf], [inf], [inf], [inf], [inf]]",0,0.23746514320373535,102.39993667602539,4596
197,onnx/CIFAR100_resnet_large.onnx,vnnlib/resnet_large__label_66__idx_5883_fix_mask_seg0_k1024_eps_0.0039.vnnlib,100,unsat True,,,,4.424551010131836,0
198,onnx/CIFAR100_resnet_large.onnx,vnnlib/resnet_large__label_66__idx_5883_fix_nonmask_seg0_k1024_eps_0.0039.vnnlib,100,timeout False,"[[inf], [inf], [inf], [inf], [inf], [inf], [inf], [inf], [inf], [inf], [inf], [inf], [inf], [inf], [inf], [inf], [inf], [inf], [inf], [inf], [inf], [inf], [inf], [inf], [inf], [inf], [inf], [inf], [inf], [inf], [inf], [inf], [inf], [inf], [inf], [inf], [inf], [inf], [inf], [inf], [inf], [inf], [inf], [inf], [inf], [inf], [inf], [inf], [inf], [inf], [inf], [inf], [inf], [inf], [inf], [inf], [inf], [inf], [0.014133930206298828], [inf], [inf], [inf], [inf], [inf], [inf], [inf], [inf], [inf], [inf], [inf], [0.37139129638671875], [inf], [inf], [inf], [inf], [inf], [inf], [inf], [inf], [inf], [inf], [inf], [inf], [inf], [inf], [inf], [inf], [inf], [inf], [inf], [inf]]",0,0.23472142219543457,103.60987949371338,4474
199,onnx/CIFAR100_resnet_large.onnx,vnnlib/resnet_large__label_66__idx_9469_global_k1024_eps_0.0039.vnnlib,100,unsat False,"[[inf], [inf], [inf], [inf], [inf], [inf], [inf], [inf], [inf], [inf], [inf], [inf], [inf], [inf], [inf], [inf], [inf], [inf], [inf], [inf], [inf], [inf], [inf], [inf], [inf], [inf], [inf], [inf], [inf], [inf], [inf], [inf], [inf], [inf], [inf], [inf], [inf], [inf], [inf], [inf], [inf], [inf], [inf], [inf], [inf], [inf], [inf], [inf], [inf], [inf], [inf], [inf], [inf], [inf], [inf], [inf], [inf], [inf], [inf], [inf], [inf], [inf], [inf], [inf], [inf], [inf], [inf], [inf], [inf], [inf], [inf], [inf], [inf], [inf], [inf], [inf], [inf], [inf], [inf], [inf], [inf], [inf], [inf], [inf], [inf], [inf], [inf], [inf], [inf], [inf], [inf], [inf], [inf], [inf], [inf], [inf], [inf], [inf]]",0,0.23689889907836914,37.39898991584778,3271
200,onnx/CIFAR100_resnet_large.onnx,vnnlib/resnet_large__label_66__idx_9469_fix_mask_seg0_k1024_eps_0.0039.vnnlib,100,unsat True,,,,4.524099826812744,0
201,onnx/CIFAR100_resnet_large.onnx,vnnlib/resnet_large__label_66__idx_9469_fix_nonmask_seg0_k1024_eps_0.0039.vnnlib,100,unsat False,"[[inf], [inf], [inf], [inf], [inf], [inf], [inf], [inf], [inf], [inf], [inf], [inf], [inf], [inf], [inf], [inf], [inf], [inf], [inf], [inf], [inf], [inf], [inf], [inf], [inf], [inf], [inf], [inf], [inf], [inf], [inf], [inf], [inf], [inf], [inf], [inf], [inf], [inf], [inf], [inf], [inf], [inf], [inf], [inf], [inf], [inf], [inf], [inf], [inf], [inf], [inf], [inf], [inf], [inf], [inf], [inf], [inf], [inf], [inf], [inf], [inf], [inf], [inf], [inf], [inf], [inf], [inf], [inf], [inf], [inf], [inf], [inf], [inf], [inf], [inf], [inf], [inf], [inf], [inf], [inf], [inf], [inf], [inf], [inf], [inf], [inf], [inf], [inf], [inf], [inf], [inf], [inf], [inf], [inf], [inf], [inf], [inf], [inf]]",0,0.23687267303466797,36.6680862903595,3268
202,onnx/CIFAR100_resnet_large.onnx,vnnlib/resnet_large__label_68__idx_2485_global_k1024_eps_0.0039.vnnlib,100,unsat True,,,,28.0686137676239,0
203,onnx/CIFAR100_resnet_large.onnx,vnnlib/resnet_large__label_68__idx_2485_fix_mask_seg0_k1024_eps_0.0039.vnnlib,100,unsat True,,,,4.359339237213135,0
204,onnx/CIFAR100_resnet_large.onnx,vnnlib/resnet_large__label_68__idx_2485_fix_nonmask_seg0_k1024_eps_0.0039.vnnlib,100,unsat True,,,,28.818096160888672,0
205,onnx/CIFAR100_resnet_large.onnx,vnnlib/resnet_large__label_68__idx_918_global_k1024_eps_0.0039.vnnlib,100,unsat False,"[[inf], [inf], [inf], [inf], [inf], [inf], [inf], [inf], [inf], [inf], [inf], [inf], [inf], [inf], [inf], [inf], [inf], [inf], [inf], [inf], [inf], [inf], [inf], [inf], [inf], [inf], [inf], [inf], [inf], [inf], [inf], [inf], [inf], [inf], [inf], [inf], [inf], [inf], [inf], [inf], [inf], [inf], [inf], [inf], [inf], [inf], [inf], [inf], [inf], [inf], [inf], [inf], [inf], [inf], [inf], [inf], [inf], [inf], [inf], [inf], [inf], [inf], [inf], [inf], [inf], [inf], [inf], [inf], [inf], [inf], [inf], [inf], [inf], [inf], [inf], [inf], [inf], [inf], [inf], [inf], [inf], [inf], [inf], [inf], [inf], [inf], [inf], [inf], [inf], [inf], [inf], [inf], [inf], [inf], [inf], [inf]]",0,0.2500734329223633,39.36132311820984,3730
206,onnx/CIFAR100_resnet_large.onnx,vnnlib/resnet_large__label_68__idx_918_fix_mask_seg0_k1024_eps_0.0039.vnnlib,100,unsat True,,,,4.11459755897522,0
207,onnx/CIFAR100_resnet_large.onnx,vnnlib/resnet_large__label_68__idx_918_fix_nonmask_seg0_k1024_eps_0.0039.vnnlib,100,unsat False,"[[inf], [inf], [inf], [inf], [inf], [inf], [inf], [inf], [inf], [inf], [inf], [inf], [inf], [inf], [inf], [inf], [inf], [inf], [inf], [inf], [inf], [inf], [inf], [inf], [inf], [inf], [inf], [inf], [inf], [inf], [inf], [inf], [inf], [inf], [inf], [inf], [inf], [inf], [inf], [inf], [inf], [inf], [inf], [inf], [inf], [inf], [inf], [inf], [inf], [inf], [inf], [inf], [inf], [inf], [inf], [inf], [inf], [inf], [inf], [inf], [inf], [inf], [inf], [inf], [inf], [inf], [inf], [inf], [inf], [inf], [inf], [inf], [inf], [inf], [inf], [inf], [inf], [inf], [inf], [inf], [inf], [inf], [inf], [inf], [inf], [inf], [inf], [inf], [inf], [inf], [inf], [inf], [inf], [inf], [inf], [inf]]",0,0.23616600036621094,40.366655588150024,3730
208,onnx/CIFAR100_resnet_large.onnx,vnnlib/resnet_large__label_71__idx_4338_global_k1024_eps_0.0039.vnnlib,100,timeout False,"[[inf], [inf], [inf], [inf], [inf], [inf], [inf], [inf], [inf], [inf], [inf], [inf], [inf], [inf], [inf], [inf], [inf], [inf], [inf], [inf], [inf], [inf], [inf], [inf], [inf], [inf], [inf], [inf], [inf], [inf], [inf], [inf], [inf], [inf], [inf], [inf], [inf], [inf], [inf], [inf], [inf], [inf], [inf], [inf], [inf], [inf], [inf], [inf], [inf], [inf], [inf], [inf], [inf], [inf], [inf], [inf], [inf], [inf], [inf], [inf], [inf], [inf], [inf], [inf], [inf], [inf], [inf], [inf], [inf], [inf], [inf], [inf], [inf], [inf], [inf], [inf], [inf], [inf], [inf], [inf], [inf], [inf], [inf], [inf], [inf], [inf], [inf], [inf], [inf], [inf], [inf], [inf], [inf], [inf], [inf], [inf], [inf], [inf]]",0,0.23561620712280273,104.91884088516235,2343
209,onnx/CIFAR100_resnet_large.onnx,vnnlib/resnet_large__label_71__idx_4338_fix_mask_seg0_k1024_eps_0.0039.vnnlib,100,unsat True,,,,4.314604043960571,0
210,onnx/CIFAR100_resnet_large.onnx,vnnlib/resnet_large__label_71__idx_4338_fix_nonmask_seg0_k1024_eps_0.0039.vnnlib,100,timeout False,"[[inf], [inf], [inf], [inf], [inf], [inf], [inf], [inf], [inf], [inf], [inf], [inf], [inf], [inf], [inf], [inf], [inf], [inf], [inf], [inf], [inf], [inf], [inf], [inf], [inf], [inf], [inf], [inf], [inf], [inf], [inf], [inf], [inf], [inf], [inf], [inf], [inf], [inf], [inf], [inf], [inf], [inf], [inf], [inf], [inf], [inf], [inf], [inf], [inf], [inf], [inf], [inf], [inf], [inf], [inf], [inf], [inf], [inf], [inf], [inf], [inf], [inf], [inf], [inf], [inf], [inf], [inf], [inf], [inf], [inf], [inf], [inf], [inf], [inf], [inf], [inf], [inf], [inf], [inf], [inf], [inf], [inf], [inf], [inf], [inf], [inf], [inf], [inf], [inf], [inf], [inf], [inf], [inf], [inf], [inf], [inf], [inf], [inf]]",0,0.23059391975402832,103.75126957893372,2343
211,onnx/CIFAR100_resnet_large.onnx,vnnlib/resnet_large__label_76__idx_33_global_k1024_eps_0.0039.vnnlib,100,unsat False,"[[inf], [inf], [inf], [inf], [inf], [inf], [inf], [inf], [inf], [inf], [inf], [inf], [inf], [inf], [inf], [inf], [inf], [inf], [inf], [inf], [inf], [inf], [inf], [inf], [inf], [inf], [inf], [inf], [inf], [inf], [inf], [inf], [inf], [inf], [inf], [inf], [inf], [inf], [inf], [inf], [inf], [inf], [inf], [inf], [inf], [inf], [inf], [inf], [inf], [inf], [inf], [inf], [inf], [inf], [inf], [inf], [inf], [inf], [inf], [inf], [inf], [inf], [inf], [inf], [inf], [inf], [inf], [inf], [inf], [inf], [inf], [inf], [inf], [inf], [inf], [inf], [inf], [inf], [inf], [inf], [inf], [inf], [inf], [inf], [inf], [inf], [inf], [inf], [inf], [inf], [inf], [inf], [inf], [inf], [inf], [inf], [inf], [inf]]",0,0.23828411102294922,36.30258631706238,2633
212,onnx/CIFAR100_resnet_large.onnx,vnnlib/resnet_large__label_76__idx_33_fix_mask_seg0_k1024_eps_0.0039.vnnlib,100,unsat True,,,,4.4111104011535645,0
213,onnx/CIFAR100_resnet_large.onnx,vnnlib/resnet_large__label_76__idx_33_fix_nonmask_seg0_k1024_eps_0.0039.vnnlib,100,unsat False,"[[inf], [inf], [inf], [inf], [inf], [inf], [inf], [inf], [inf], [inf], [inf], [inf], [inf], [inf], [inf], [inf], [inf], [inf], [inf], [inf], [inf], [inf], [inf], [inf], [inf], [inf], [inf], [inf], [inf], [inf], [inf], [inf], [inf], [inf], [inf], [inf], [inf], [inf], [inf], [inf], [inf], [inf], [inf], [inf], [inf], [inf], [inf], [inf], [inf], [inf], [inf], [inf], [inf], [inf], [inf], [inf], [inf], [inf], [inf], [inf], [inf], [inf], [inf], [inf], [inf], [inf], [inf], [inf], [inf], [inf], [inf], [inf], [inf], [inf], [inf], [inf], [inf], [inf], [inf], [inf], [inf], [inf], [inf], [inf], [inf], [inf], [inf], [inf], [inf], [inf], [inf], [inf], [inf], [inf], [inf], [inf], [inf], [inf]]",0,0.23997807502746582,35.76321315765381,2587
214,onnx/CIFAR100_resnet_large.onnx,vnnlib/resnet_large__label_76__idx_3657_global_k1024_eps_0.0039.vnnlib,100,unsat True,,,,28.256080389022827,0
215,onnx/CIFAR100_resnet_large.onnx,vnnlib/resnet_large__label_76__idx_3657_fix_mask_seg0_k1024_eps_0.0039.vnnlib,100,unsat True,,,,4.35895299911499,0
216,onnx/CIFAR100_resnet_large.onnx,vnnlib/resnet_large__label_76__idx_3657_fix_nonmask_seg0_k1024_eps_0.0039.vnnlib,100,unsat True,,,,26.5359046459198,0
217,onnx/CIFAR100_resnet_large.onnx,vnnlib/resnet_large__label_77__idx_8915_global_k1024_eps_0.0039.vnnlib,100,unsat False,"[[inf], [inf], [inf], [inf], [0.2819490432739258], [inf], [inf], [inf], [inf], [inf], [inf], [inf], [inf], [inf], [inf], [inf], [inf], [inf], [inf], [inf], [inf], [inf], [inf], [inf], [inf], [inf], [inf], [inf], [inf], [inf], [inf], [inf], [inf], [inf], [inf], [inf], [inf], [inf], [inf], [inf], [inf], [inf], [inf], [inf], [inf], [inf], [inf], [inf], [inf], [inf], [inf], [inf], [inf], [inf], [inf], [inf], [inf], [inf], [inf], [inf], [inf], [inf], [inf], [inf], [inf], [inf], [inf], [inf], [inf], [inf], [inf], [inf], [0.19933319091796875], [inf], [inf], [inf], [inf], [inf], [inf], [inf], [inf], [inf], [inf], [inf], [inf], [inf], [inf], [inf], [inf], [inf], [inf], [inf], [inf], [inf], [inf], [inf]]",0,0.23955965042114258,40.630693435668945,4359
218,onnx/CIFAR100_resnet_large.onnx,vnnlib/resnet_large__label_77__idx_8915_fix_mask_seg0_k1024_eps_0.0039.vnnlib,100,unsat True,,,,4.095843315124512,0
219,onnx/CIFAR100_resnet_large.onnx,vnnlib/resnet_large__label_77__idx_8915_fix_nonmask_seg0_k1024_eps_0.0039.vnnlib,100,unsat False,"[[inf], [inf], [inf], [inf], [0.2819483280181885], [inf], [inf], [inf], [inf], [inf], [inf], [inf], [inf], [inf], [inf], [inf], [inf], [inf], [inf], [inf], [inf], [inf], [inf], [inf], [inf], [inf], [inf], [inf], [inf], [inf], [inf], [inf], [inf], [inf], [inf], [inf], [inf], [inf], [inf], [inf], [inf], [inf], [inf], [inf], [inf], [inf], [inf], [inf], [inf], [inf], [inf], [inf], [inf], [inf], [inf], [inf], [inf], [inf], [inf], [inf], [inf], [inf], [inf], [inf], [inf], [inf], [inf], [inf], [inf], [inf], [inf], [inf], [0.19932937622070312], [inf], [inf], [inf], [inf], [inf], [inf], [inf], [inf], [inf], [inf], [inf], [inf], [inf], [inf], [inf], [inf], [inf], [inf], [inf], [inf], [inf], [inf], [inf]]",0,0.2990572452545166,39.03109622001648,4359
220,onnx/CIFAR100_resnet_large.onnx,vnnlib/resnet_large__label_78__idx_5742_global_k1024_eps_0.0039.vnnlib,100,timeout False,"[[inf], [inf], [inf], [inf], [inf], [inf], [inf], [inf], [inf], [inf], [inf], [inf], [inf], [inf], [inf], [inf], [inf], [inf], [inf], [inf], [inf], [inf], [inf], [inf], [inf], [inf], [inf], [inf], [inf], [inf], [inf], [inf], [inf], [inf], [inf], [inf], [inf], [inf], [inf], [inf], [inf], [inf], [inf], [inf], [inf], [inf], [inf], [inf], [inf], [inf], [inf], [inf], [inf], [inf], [inf], [inf], [inf], [inf], [inf], [inf], [inf], [inf], [inf], [inf], [inf], [inf], [inf], [inf], [inf], [inf], [inf], [inf], [inf], [inf], [inf], [inf], [inf], [inf], [inf], [inf], [inf], [inf], [inf], [inf], [inf], [inf], [inf], [inf], [inf], [inf], [inf], [inf], [inf], [inf], [inf], [inf], [inf], [inf]]",0,0.23866677284240723,105.18470168113708,3982
221,onnx/CIFAR100_resnet_large.onnx,vnnlib/resnet_large__label_78__idx_5742_fix_mask_seg0_k1024_eps_0.0039.vnnlib,100,unsat True,,,,5.725851774215698,0
222,onnx/CIFAR100_resnet_large.onnx,vnnlib/resnet_large__label_78__idx_5742_fix_nonmask_seg0_k1024_eps_0.0039.vnnlib,100,timeout False,"[[inf], [inf], [inf], [inf], [inf], [inf], [inf], [inf], [inf], [inf], [inf], [inf], [inf], [inf], [inf], [inf], [inf], [inf], [inf], [inf], [inf], [inf], [inf], [inf], [inf], [inf], [inf], [inf], [inf], [inf], [inf], [inf], [inf], [inf], [inf], [inf], [inf], [inf], [inf], [inf], [inf], [inf], [inf], [inf], [inf], [inf], [inf], [inf], [inf], [inf], [inf], [inf], [inf], [inf], [inf], [inf], [inf], [inf], [inf], [inf], [inf], [inf], [inf], [inf], [inf], [inf], [inf], [inf], [inf], [inf], [inf], [inf], [inf], [inf], [inf], [inf], [inf], [inf], [inf], [inf], [inf], [inf], [inf], [inf], [inf], [inf], [inf], [inf], [inf], [inf], [inf], [inf], [inf], [inf], [inf], [inf], [inf], [inf]]",0,0.32679033279418945,102.57019329071045,3905
223,onnx/CIFAR100_resnet_large.onnx,vnnlib/resnet_large__label_78__idx_7980_global_k1024_eps_0.0039.vnnlib,100,timeout False,"[[inf], [inf], [inf], [inf], [inf], [inf], [inf], [inf], [inf], [inf], [inf], [inf], [inf], [inf], [inf], [inf], [inf], [inf], [inf], [inf], [inf], [inf], [inf], [inf], [inf], [inf], [inf], [inf], [inf], [inf], [inf], [inf], [inf], [inf], [inf], [inf], [inf], [inf], [inf], [inf], [inf], [inf], [inf], [inf], [inf], [inf], [inf], [inf], [inf], [inf], [inf], [inf], [inf], [inf], [inf], [inf], [inf], [inf], [inf], [inf], [inf], [inf], [inf], [inf], [inf], [inf], [inf], [inf], [inf], [inf], [inf], [inf], [inf], [inf], [inf], [inf], [inf], [inf], [inf], [inf], [inf], [inf], [inf], [inf], [inf], [inf], [inf], [inf], [inf], [inf], [inf], [inf], [inf], [inf], [inf], [inf], [inf], [inf]]",0,0.22716379165649414,101.41240406036377,4469
224,onnx/CIFAR100_resnet_large.onnx,vnnlib/resnet_large__label_78__idx_7980_fix_mask_seg0_k1024_eps_0.0039.vnnlib,100,unsat True,,,,4.209350109100342,0
225,onnx/CIFAR100_resnet_large.onnx,vnnlib/resnet_large__label_78__idx_7980_fix_nonmask_seg0_k1024_eps_0.0039.vnnlib,100,unsat False,"[[inf], [inf], [inf], [inf], [inf], [inf], [inf], [inf], [inf], [inf], [inf], [inf], [inf], [inf], [inf], [inf], [inf], [inf], [inf], [inf], [inf], [inf], [inf], [inf], [inf], [inf], [inf], [inf], [inf], [inf], [inf], [inf], [inf], [inf], [inf], [inf], [inf], [inf], [inf], [inf], [inf], [inf], [inf], [inf], [inf], [inf], [inf], [inf], [inf], [inf], [inf], [inf], [inf], [inf], [inf], [inf], [inf], [inf], [inf], [inf], [inf], [inf], [inf], [inf], [inf], [inf], [inf], [inf], [inf], [inf], [inf], [inf], [inf], [inf], [inf], [inf], [inf], [inf], [inf], [inf], [inf], [inf], [inf], [inf], [inf], [inf], [inf], [inf], [inf], [inf], [inf], [inf], [inf], [inf], [inf], [inf], [inf], [inf]]",0,0.25225162506103516,50.475016593933105,4292
226,onnx/CIFAR100_resnet_large.onnx,vnnlib/resnet_large__label_80__idx_3620_global_k1024_eps_0.0039.vnnlib,100,timeout False,"[[inf], [inf], [inf], [inf], [inf], [inf], [inf], [inf], [inf], [inf], [inf], [inf], [inf], [inf], [inf], [inf], [inf], [inf], [inf], [inf], [inf], [inf], [inf], [inf], [inf], [inf], [inf], [inf], [inf], [inf], [inf], [inf], [inf], [inf], [inf], [inf], [inf], [inf], [inf], [inf], [inf], [inf], [inf], [inf], [inf], [inf], [inf], [inf], [inf], [inf], [inf], [inf], [inf], [inf], [inf], [inf], [inf], [inf], [inf], [inf], [inf], [inf], [inf], [inf], [inf], [inf], [inf], [inf], [inf], [inf], [inf], [inf], [inf], [inf], [inf], [inf], [inf], [inf], [inf], [inf], [inf], [inf], [inf], [inf], [inf], [inf], [inf], [inf], [inf], [inf], [inf], [inf], [inf]]",0,0.23302054405212402,102.53540587425232,3293
227,onnx/CIFAR100_resnet_large.onnx,vnnlib/resnet_large__label_80__idx_3620_fix_mask_seg0_k1024_eps_0.0039.vnnlib,100,unsat True,,,,4.206221580505371,0
228,onnx/CIFAR100_resnet_large.onnx,vnnlib/resnet_large__label_80__idx_3620_fix_nonmask_seg0_k1024_eps_0.0039.vnnlib,100,timeout False,"[[inf], [inf], [inf], [inf], [inf], [inf], [inf], [inf], [inf], [inf], [inf], [inf], [inf], [inf], [inf], [inf], [inf], [inf], [inf], [inf], [inf], [inf], [inf], [inf], [inf], [inf], [inf], [inf], [inf], [inf], [inf], [inf], [inf], [inf], [inf], [inf], [inf], [inf], [inf], [inf], [inf], [inf], [inf], [inf], [inf], [inf], [inf], [inf], [inf], [inf], [inf], [inf], [inf], [inf], [inf], [inf], [inf], [inf], [inf], [inf], [inf], [inf], [inf], [inf], [inf], [inf], [inf], [inf], [inf], [inf], [inf], [inf], [inf], [inf], [inf], [inf], [inf], [inf], [inf], [inf], [inf], [inf], [inf], [inf], [inf], [inf], [inf], [inf], [inf], [inf], [inf], [inf], [inf]]",0,0.14979076385498047,105.06071925163269,3244
229,onnx/CIFAR100_resnet_large.onnx,vnnlib/resnet_large__label_81__idx_134_global_k1024_eps_0.0039.vnnlib,100,unsat False,"[[inf], [inf], [inf], [inf], [inf], [inf], [inf], [inf], [inf], [inf], [inf], [inf], [inf], [inf], [inf], [inf], [inf], [inf], [inf], [inf], [inf], [inf], [inf], [inf], [inf], [inf], [inf], [inf], [inf], [inf], [inf], [inf], [inf], [inf], [inf], [inf], [inf], [inf], [inf], [inf], [0.1839427947998047], [inf], [inf], [inf], [inf], [inf], [inf], [inf], [inf], [inf], [inf], [inf], [inf], [inf], [inf], [inf], [inf], [inf], [inf], [inf], [inf], [inf], [inf], [inf], [inf], [inf], [inf], [inf], [inf], [inf], [inf], [inf], [inf], [inf], [inf], [inf], [inf], [inf], [inf], [inf], [inf], [inf], [inf], [inf], [inf], [0.20771121978759766], [inf], [inf], [inf], [inf], [inf], [inf], [inf], [inf], [inf], [inf], [inf]]",0,0.23654508590698242,42.73857402801514,3634
230,onnx/CIFAR100_resnet_large.onnx,vnnlib/resnet_large__label_81__idx_134_fix_mask_seg0_k1024_eps_0.0039.vnnlib,100,unsat True,,,,4.315956115722656,0
231,onnx/CIFAR100_resnet_large.onnx,vnnlib/resnet_large__label_81__idx_134_fix_nonmask_seg0_k1024_eps_0.0039.vnnlib,100,unsat False,"[[inf], [inf], [inf], [inf], [inf], [inf], [inf], [inf], [inf], [inf], [inf], [inf], [inf], [inf], [inf], [inf], [inf], [inf], [inf], [inf], [inf], [inf], [inf], [inf], [inf], [inf], [inf], [inf], [inf], [inf], [inf], [inf], [inf], [inf], [inf], [inf], [inf], [inf], [inf], [inf], [inf], [inf], [inf], [inf], [inf], [inf], [inf], [inf], [inf], [inf], [inf], [inf], [inf], [inf], [inf], [inf], [inf], [inf], [inf], [inf], [inf], [inf], [inf], [inf], [inf], [inf], [inf], [inf], [inf], [inf], [inf], [inf], [inf], [inf], [inf], [inf], [inf], [inf], [inf], [inf], [inf], [inf], [inf], [inf], [inf], [inf], [inf], [inf], [inf], [inf], [inf], [inf], [inf], [inf], [inf], [inf], [inf]]",0,0.2198619842529297,37.44320201873779,3328
232,onnx/CIFAR100_resnet_large.onnx,vnnlib/resnet_large__label_81__idx_3388_global_k1024_eps_0.0039.vnnlib,100,timeout False,"[[inf], [inf], [inf], [inf], [inf], [inf], [inf], [inf], [inf], [inf], [inf], [inf], [inf], [inf], [inf], [inf], [inf], [inf], [inf], [inf], [inf], [inf], [inf], [inf], [inf], [inf], [inf], [inf], [inf], [inf], [inf], [inf], [inf], [inf], [inf], [inf], [inf], [inf], [inf], [inf], [inf], [inf], [inf], [inf], [inf], [inf], [inf], [inf], [0.12307751178741455], [inf], [inf], [inf], [inf], [inf], [inf], [inf], [inf], [inf], [inf], [inf], [inf], [inf], [inf], [inf], [inf], [inf], [inf], [inf], [inf], [inf], [inf], [inf], [inf], [inf], [inf], [inf], [inf], [inf], [inf], [inf], [inf], [inf], [inf], [inf], [inf], [inf], [inf], [inf], [inf], [inf], [inf], [inf], [inf], [inf], [inf], [inf], [inf], [inf]]",0,0.23714852333068848,102.57938408851624,3782
233,onnx/CIFAR100_resnet_large.onnx,vnnlib/resnet_large__label_81__idx_3388_fix_mask_seg0_k1024_eps_0.0039.vnnlib,100,unsat True,,,,4.188417673110962,0
234,onnx/CIFAR100_resnet_large.onnx,vnnlib/resnet_large__label_81__idx_3388_fix_nonmask_seg0_k1024_eps_0.0039.vnnlib,100,timeout False,"[[inf], [inf], [inf], [inf], [inf], [inf], [inf], [inf], [inf], [inf], [inf], [inf], [inf], [inf], [inf], [inf], [inf], [inf], [inf], [inf], [inf], [inf], [inf], [inf], [inf], [inf], [inf], [inf], [inf], [inf], [inf], [inf], [inf], [inf], [inf], [inf], [inf], [inf], [inf], [inf], [inf], [inf], [inf], [inf], [inf], [inf], [inf], [inf], [0.18627548217773438], [inf], [inf], [inf], [inf], [inf], [inf], [inf], [inf], [inf], [inf], [inf], [inf], [inf], [inf], [inf], [inf], [inf], [inf], [inf], [inf], [inf], [inf], [inf], [inf], [inf], [inf], [inf], [inf], [inf], [inf], [inf], [inf], [inf], [inf], [inf], [inf], [inf], [inf], [inf], [inf], [inf], [inf], [inf], [inf], [inf], [inf], [inf], [inf], [inf]]",0,0.2321186065673828,103.37485074996948,3686
235,onnx/CIFAR100_resnet_large.onnx,vnnlib/resnet_large__label_81__idx_5803_global_k1024_eps_0.0039.vnnlib,100,unsat False,"[[inf], [inf], [inf], [inf], [inf], [inf], [inf], [inf], [inf], [inf], [inf], [inf], [inf], [inf], [inf], [inf], [inf], [inf], [inf], [inf], [inf], [inf], [inf], [inf], [inf], [inf], [inf], [inf], [inf], [inf], [inf], [inf], [inf], [inf], [inf], [inf], [inf], [inf], [inf], [inf], [inf], [inf], [inf], [inf], [inf], [inf], [inf], [inf], [inf], [inf], [inf], [inf], [inf], [inf], [inf], [inf], [inf], [inf], [inf], [inf], [inf], [inf], [inf], [inf], [inf], [inf], [inf], [inf], [inf], [inf], [inf], [inf], [inf], [inf], [inf], [inf], [inf], [inf], [inf], [inf], [inf], [inf], [inf], [inf], [inf], [inf], [inf], [inf], [inf], [inf], [inf], [inf], [inf], [inf], [inf], [inf], [inf]]",0,0.23430919647216797,36.834941148757935,2655
236,onnx/CIFAR100_resnet_large.onnx,vnnlib/resnet_large__label_81__idx_5803_fix_mask_seg0_k1024_eps_0.0039.vnnlib,100,unsat True,,,,4.125981092453003,0
237,onnx/CIFAR100_resnet_large.onnx,vnnlib/resnet_large__label_81__idx_5803_fix_nonmask_seg0_k1024_eps_0.0039.vnnlib,100,unsat False,"[[inf], [inf], [inf], [inf], [inf], [inf], [inf], [inf], [inf], [inf], [inf], [inf], [inf], [inf], [inf], [inf], [inf], [inf], [inf], [inf], [inf], [inf], [inf], [inf], [inf], [inf], [inf], [inf], [inf], [inf], [inf], [inf], [inf], [inf], [inf], [inf], [inf], [inf], [inf], [inf], [inf], [inf], [inf], [inf], [inf], [inf], [inf], [inf], [inf], [inf], [inf], [inf], [inf], [inf], [inf], [inf], [inf], [inf], [inf], [inf], [inf], [inf], [inf], [inf], [inf], [inf], [inf], [inf], [inf], [inf], [inf], [inf], [inf], [inf], [inf], [inf], [inf], [inf], [inf], [inf], [inf], [inf], [inf], [inf], [inf], [inf], [inf], [inf], [inf], [inf], [inf], [inf], [inf], [inf], [inf], [inf], [inf]]",0,0.24594879150390625,35.924309730529785,2548
238,onnx/CIFAR100_resnet_large.onnx,vnnlib/resnet_large__label_81__idx_9853_global_k1024_eps_0.0039.vnnlib,100,timeout False,"[[inf], [inf], [inf], [inf], [inf], [inf], [inf], [inf], [inf], [inf], [inf], [inf], [inf], [inf], [inf], [inf], [inf], [inf], [inf], [inf], [inf], [inf], [inf], [inf], [inf], [inf], [inf], [inf], [inf], [inf], [inf], [inf], [inf], [inf], [inf], [inf], [inf], [inf], [inf], [inf], [inf], [inf], [inf], [inf], [inf], [inf], [inf], [inf], [inf], [inf], [inf], [inf], [inf], [inf], [inf], [inf], [inf], [inf], [inf], [inf], [inf], [inf], [inf], [inf], [inf], [inf], [inf], [inf], [inf], [inf], [inf], [inf], [inf], [inf], [inf], [inf], [inf], [inf], [inf], [inf], [inf], [inf], [inf], [inf], [inf], [inf], [inf], [inf], [inf], [inf], [inf], [inf], [inf], [inf], [inf], [inf]]",0,0.23870038986206055,105.26058530807495,3629
239,onnx/CIFAR100_resnet_large.onnx,vnnlib/resnet_large__label_81__idx_9853_fix_mask_seg0_k1024_eps_0.0039.vnnlib,100,unsat True,,,,6.886902570724487,0
240,onnx/CIFAR100_resnet_large.onnx,vnnlib/resnet_large__label_81__idx_9853_fix_nonmask_seg0_k1024_eps_0.0039.vnnlib,100,timeout False,"[[inf], [inf], [inf], [inf], [inf], [inf], [inf], [inf], [inf], [inf], [inf], [inf], [inf], [inf], [inf], [inf], [inf], [inf], [inf], [inf], [inf], [inf], [inf], [inf], [inf], [inf], [inf], [inf], [inf], [inf], [inf], [inf], [inf], [inf], [inf], [inf], [inf], [inf], [inf], [inf], [inf], [inf], [inf], [inf], [inf], [inf], [inf], [inf], [inf], [inf], [inf], [inf], [inf], [inf], [inf], [inf], [inf], [inf], [inf], [inf], [inf], [inf], [inf], [inf], [inf], [inf], [inf], [inf], [inf], [inf], [inf], [inf], [inf], [inf], [inf], [inf], [inf], [inf], [inf], [inf], [inf], [inf], [inf], [inf], [inf], [inf], [inf], [inf], [inf], [inf], [inf], [inf], [inf], [inf], [inf], [inf]]",0,0.24109554290771484,102.68331789970398,3624
241,onnx/CIFAR100_resnet_large.onnx,vnnlib/resnet_large__label_82__idx_8354_global_k1024_eps_0.0039.vnnlib,100,unsat True,,,,4.311155796051025,0
242,onnx/CIFAR100_resnet_large.onnx,vnnlib/resnet_large__label_82__idx_8354_fix_mask_seg0_k1024_eps_0.0039.vnnlib,100,unsat True,,,,5.969346523284912,0
243,onnx/CIFAR100_resnet_large.onnx,vnnlib/resnet_large__label_82__idx_8354_fix_nonmask_seg0_k1024_eps_0.0039.vnnlib,100,unsat True,,,,4.214460134506226,0
244,onnx/CIFAR100_resnet_large.onnx,vnnlib/resnet_large__label_83__idx_7948_global_k1024_eps_0.0039.vnnlib,100,timeout False,"[[inf], [inf], [inf], [inf], [inf], [inf], [inf], [inf], [inf], [inf], [inf], [inf], [inf], [inf], [inf], [inf], [inf], [inf], [inf], [inf], [inf], [inf], [inf], [inf], [inf], [inf], [inf], [inf], [inf], [inf], [inf], [inf], [inf], [inf], [inf], [inf], [inf], [inf], [inf], [inf], [inf], [inf], [inf], [inf], [inf], [inf], [inf], [inf], [inf], [inf], [inf], [inf], [inf], [inf], [inf], [inf], [inf], [inf], [inf], [inf], [inf], [inf], [inf], [inf], [inf], [inf], [inf], [inf], [inf], [inf], [inf], [inf], [inf], [inf], [inf], [inf], [inf], [inf], [inf], [inf], [inf], [inf], [inf], [inf], [inf], [inf], [inf], [inf], [inf], [inf], [inf], [inf], [inf], [inf], [inf], [inf], [inf], [inf]]",0,0.14856338500976562,104.19092798233032,2629
245,onnx/CIFAR100_resnet_large.onnx,vnnlib/resnet_large__label_83__idx_7948_fix_mask_seg0_k1024_eps_0.0039.vnnlib,100,unsat True,,,,4.6483399868011475,0
246,onnx/CIFAR100_resnet_large.onnx,vnnlib/resnet_large__label_83__idx_7948_fix_nonmask_seg0_k1024_eps_0.0039.vnnlib,100,unsat False,"[[inf], [inf], [inf], [inf], [inf], [inf], [inf], [inf], [inf], [inf], [inf], [inf], [inf], [inf], [inf], [inf], [inf], [inf], [inf], [inf], [inf], [inf], [inf], [inf], [inf], [inf], [inf], [inf], [inf], [inf], [inf], [inf], [inf], [inf], [inf], [inf], [inf], [inf], [inf], [inf], [inf], [inf], [inf], [inf], [inf], [inf], [inf], [inf], [inf], [inf], [inf], [inf], [inf], [inf], [inf], [inf], [inf], [inf], [inf], [inf], [inf], [inf], [inf], [inf], [inf], [inf], [inf], [inf], [inf], [inf], [inf], [inf], [inf], [inf], [inf], [inf], [inf], [inf], [inf], [inf], [inf], [inf], [inf], [inf], [inf], [inf], [inf], [inf], [inf], [inf], [inf], [inf], [inf], [inf], [inf], [inf], [inf], [inf]]",0,0.4614903926849365,51.21340799331665,2213
247,onnx/CIFAR100_resnet_large.onnx,vnnlib/resnet_large__label_84__idx_1886_global_k1024_eps_0.0039.vnnlib,100,unsat False,"[[inf], [inf], [inf], [inf], [inf], [inf], [inf], [inf], [inf], [inf], [inf], [inf], [inf], [inf], [inf], [inf], [inf], [inf], [inf], [inf], [inf], [inf], [inf], [inf], [inf], [inf], [inf], [inf], [inf], [inf], [inf], [inf], [inf], [inf], [inf], [0.08751606941223145], [inf], [inf], [inf], [inf], [inf], [inf], [inf], [inf], [inf], [inf], [inf], [inf], [inf], [inf], [inf], [inf], [inf], [inf], [inf], [inf], [inf], [inf], [inf], [inf], [inf], [inf], [inf], [inf], [inf], [inf], [inf], [inf], [inf], [inf], [inf], [inf], [inf], [inf], [inf], [inf], [inf], [inf], [inf], [inf], [inf], [inf], [inf], [inf], [inf], [inf], [0.09522318840026855], [inf], [inf], [inf], [inf], [inf], [inf], [inf], [inf], [inf], [inf]]",0,0.1880660057067871,37.19824719429016,4014
248,onnx/CIFAR100_resnet_large.onnx,vnnlib/resnet_large__label_84__idx_1886_fix_mask_seg0_k1024_eps_0.0039.vnnlib,100,unsat True,,,,5.5467023849487305,0
249,onnx/CIFAR100_resnet_large.onnx,vnnlib/resnet_large__label_84__idx_1886_fix_nonmask_seg0_k1024_eps_0.0039.vnnlib,100,unsat False,"[[inf], [inf], [inf], [inf], [inf], [inf], [inf], [inf], [inf], [inf], [inf], [inf], [inf], [inf], [inf], [inf], [inf], [inf], [inf], [inf], [inf], [inf], [inf], [inf], [inf], [inf], [inf], [inf], [inf], [inf], [inf], [inf], [inf], [inf], [inf], [0.08750796318054199], [inf], [inf], [inf], [inf], [inf], [inf], [inf], [inf], [inf], [inf], [inf], [inf], [inf], [inf], [inf], [inf], [inf], [inf], [inf], [inf], [inf], [inf], [inf], [inf], [inf], [inf], [inf], [inf], [inf], [inf], [inf], [inf], [inf], [inf], [inf], [inf], [inf], [inf], [inf], [inf], [inf], [inf], [inf], [inf], [inf], [inf], [inf], [inf], [inf], [inf], [0.09522294998168945], [inf], [inf], [inf], [inf], [inf], [inf], [inf], [inf], [inf], [inf]]",0,0.24140214920043945,38.12629842758179,4014
250,onnx/CIFAR100_resnet_large.onnx,vnnlib/resnet_large__label_85__idx_1650_global_k1024_eps_0.0039.vnnlib,100,unsat False,"[[inf], [inf], [inf], [inf], [inf], [inf], [inf], [inf], [inf], [inf], [inf], [inf], [inf], [inf], [inf], [inf], [inf], [inf], [inf], [inf], [inf], [inf], [inf], [inf], [inf], [inf], [inf], [inf], [inf], [inf], [inf], [inf], [inf], [inf], [inf], [inf], [inf], [inf], [inf], [inf], [inf], [inf], [inf], [inf], [inf], [inf], [inf], [inf], [inf], [inf], [inf], [inf], [inf], [inf], [inf], [inf], [inf], [inf], [inf], [inf], [inf], [inf], [inf], [inf], [inf], [inf], [inf], [inf], [inf], [inf], [inf], [inf], [inf], [inf], [inf], [inf], [inf], [inf], [inf], [inf], [inf], [inf], [inf], [inf], [inf], [inf], [inf], [inf], [inf], [inf], [inf], [inf], [inf], [inf], [inf], [inf], [inf], [inf]]",0,0.23698949813842773,33.41176915168762,2342
251,onnx/CIFAR100_resnet_large.onnx,vnnlib/resnet_large__label_85__idx_1650_fix_mask_seg0_k1024_eps_0.0039.vnnlib,100,unsat True,,,,4.347828388214111,0
252,onnx/CIFAR100_resnet_large.onnx,vnnlib/resnet_large__label_85__idx_1650_fix_nonmask_seg0_k1024_eps_0.0039.vnnlib,100,unsat False,"[[inf], [inf], [inf], [inf], [inf], [inf], [inf], [inf], [inf], [inf], [inf], [inf], [inf], [inf], [inf], [inf], [inf], [inf], [inf], [inf], [inf], [inf], [inf], [inf], [inf], [inf], [inf], [inf], [inf], [inf], [inf], [inf], [inf], [inf], [inf], [inf], [inf], [inf], [inf], [inf], [inf], [inf], [inf], [inf], [inf], [inf], [inf], [inf], [inf], [inf], [inf], [inf], [inf], [inf], [inf], [inf], [inf], [inf], [inf], [inf], [inf], [inf], [inf], [inf], [inf], [inf], [inf], [inf], [inf], [inf], [inf], [inf], [inf], [inf], [inf], [inf], [inf], [inf], [inf], [inf], [inf], [inf], [inf], [inf], [inf], [inf], [inf], [inf], [inf], [inf], [inf], [inf], [inf], [inf], [inf], [inf], [inf], [inf]]",0,0.23598909378051758,33.63906764984131,2329
253,onnx/CIFAR100_resnet_large.onnx,vnnlib/resnet_large__label_85__idx_4482_global_k1024_eps_0.0039.vnnlib,100,sat True,,,,5.636539697647095,0
254,onnx/CIFAR100_resnet_large.onnx,vnnlib/resnet_large__label_85__idx_4482_fix_mask_seg0_k1024_eps_0.0039.vnnlib,100,unsat True,,,,4.692921161651611,0
255,onnx/CIFAR100_resnet_large.onnx,vnnlib/resnet_large__label_85__idx_4482_fix_nonmask_seg0_k1024_eps_0.0039.vnnlib,100,sat True,,,,5.469205141067505,0
256,onnx/CIFAR100_resnet_large.onnx,vnnlib/resnet_large__label_86__idx_5679_global_k1024_eps_0.0039.vnnlib,100,sat True,,,,5.809962511062622,0
257,onnx/CIFAR100_resnet_large.onnx,vnnlib/resnet_large__label_86__idx_5679_fix_mask_seg0_k1024_eps_0.0039.vnnlib,100,unsat True,,,,4.363981246948242,0
258,onnx/CIFAR100_resnet_large.onnx,vnnlib/resnet_large__label_86__idx_5679_fix_nonmask_seg0_k1024_eps_0.0039.vnnlib,100,sat True,,,,5.8881425857543945,0
259,onnx/CIFAR100_resnet_large.onnx,vnnlib/resnet_large__label_86__idx_6459_global_k1024_eps_0.0039.vnnlib,100,unsat False,"[[inf], [inf], [inf], [inf], [inf], [inf], [inf], [inf], [inf], [inf], [inf], [inf], [inf], [inf], [inf], [inf], [inf], [inf], [inf], [inf], [inf], [inf], [inf], [inf], [inf], [inf], [inf], [inf], [inf], [inf], [inf], [inf], [inf], [inf], [inf], [inf], [inf], [inf], [inf], [inf], [inf], [inf], [inf], [inf], [inf], [inf], [inf], [inf], [inf], [inf], [inf], [inf], [inf], [inf], [inf], [inf], [inf], [inf], [inf], [inf], [inf], [inf], [inf], [inf], [inf], [inf], [inf], [inf], [inf], [inf], [inf], [inf], [inf], [inf], [inf], [inf], [inf], [inf], [inf], [inf], [inf], [inf], [inf], [inf], [inf], [inf], [inf], [inf], [inf], [inf], [inf], [inf], [inf], [inf], [inf], [inf], [inf], [inf]]",0,0.2302556037902832,35.03716850280762,2160
260,onnx/CIFAR100_resnet_large.onnx,vnnlib/resnet_large__label_86__idx_6459_fix_mask_seg0_k1024_eps_0.0039.vnnlib,100,unsat True,,,,4.196917772293091,0
261,onnx/CIFAR100_resnet_large.onnx,vnnlib/resnet_large__label_86__idx_6459_fix_nonmask_seg0_k1024_eps_0.0039.vnnlib,100,unsat False,"[[inf], [inf], [inf], [inf], [inf], [inf], [inf], [inf], [inf], [inf], [inf], [inf], [inf], [inf], [inf], [inf], [inf], [inf], [inf], [inf], [inf], [inf], [inf], [inf], [inf], [inf], [inf], [inf], [inf], [inf], [inf], [inf], [inf], [inf], [inf], [inf], [inf], [inf], [inf], [inf], [inf], [inf], [inf], [inf], [inf], [inf], [inf], [inf], [inf], [inf], [inf], [inf], [inf], [inf], [inf], [inf], [inf], [inf], [inf], [inf], [inf], [inf], [inf], [inf], [inf], [inf], [inf], [inf], [inf], [inf], [inf], [inf], [inf], [inf], [inf], [inf], [inf], [inf], [inf], [inf], [inf], [inf], [inf], [inf], [inf], [inf], [inf], [inf], [inf], [inf], [inf], [inf], [inf], [inf], [inf], [inf], [inf], [inf]]",0,0.23440790176391602,32.58444571495056,2110
262,onnx/CIFAR100_resnet_large.onnx,vnnlib/resnet_large__label_88__idx_4474_global_k1024_eps_0.0039.vnnlib,100,unsat False,"[[inf], [inf], [inf], [inf], [inf], [inf], [inf], [inf], [inf], [inf], [inf], [inf], [inf], [inf], [inf], [inf], [inf], [inf], [inf], [inf], [inf], [inf], [inf], [inf], [inf], [inf], [inf], [inf], [inf], [inf], [inf], [inf], [inf], [inf], [inf], [inf], [inf], [inf], [inf], [inf], [inf], [inf], [inf], [inf], [inf], [inf], [inf], [inf], [inf], [inf], [inf], [inf], [inf], [inf], [inf], [inf], [inf], [inf], [inf], [inf], [inf], [inf], [inf], [inf], [inf], [inf], [inf], [inf], [inf], [inf], [inf], [inf], [inf], [inf], [inf], [inf], [inf], [inf], [inf], [inf], [inf], [inf], [inf], [inf], [inf], [inf], [inf], [inf], [inf], [inf], [inf], [inf], [inf], [inf], [inf], [inf], [inf], [inf]]",0,0.25817036628723145,35.41853404045105,3938
263,onnx/CIFAR100_resnet_large.onnx,vnnlib/resnet_large__label_88__idx_4474_fix_mask_seg0_k1024_eps_0.0039.vnnlib,100,unsat True,,,,3.4215919971466064,0
264,onnx/CIFAR100_resnet_large.onnx,vnnlib/resnet_large__label_88__idx_4474_fix_nonmask_seg0_k1024_eps_0.0039.vnnlib,100,unsat False,"[[inf], [inf], [inf], [inf], [inf], [inf], [inf], [inf], [inf], [inf], [inf], [inf], [inf], [inf], [inf], [inf], [inf], [inf], [inf], [inf], [inf], [inf], [inf], [inf], [inf], [inf], [inf], [inf], [inf], [inf], [inf], [inf], [inf], [inf], [inf], [inf], [inf], [inf], [inf], [inf], [inf], [inf], [inf], [inf], [inf], [inf], [inf], [inf], [inf], [inf], [inf], [inf], [inf], [inf], [inf], [inf], [inf], [inf], [inf], [inf], [inf], [inf], [inf], [inf], [inf], [inf], [inf], [inf], [inf], [inf], [inf], [inf], [inf], [inf], [inf], [inf], [inf], [inf], [inf], [inf], [inf], [inf], [inf], [inf], [inf], [inf], [inf], [inf], [inf], [inf], [inf], [inf], [inf], [inf], [inf], [inf], [inf], [inf]]",0,0.23606157302856445,35.97818613052368,3894
265,onnx/CIFAR100_resnet_large.onnx,vnnlib/resnet_large__label_88__idx_5910_global_k1024_eps_0.0039.vnnlib,100,unsat False,"[[inf], [inf], [inf], [inf], [inf], [inf], [inf], [inf], [inf], [inf], [inf], [inf], [inf], [inf], [inf], [inf], [inf], [inf], [inf], [inf], [inf], [inf], [inf], [inf], [inf], [inf], [inf], [inf], [inf], [inf], [inf], [inf], [inf], [inf], [inf], [inf], [inf], [inf], [inf], [inf], [inf], [inf], [inf], [inf], [inf], [inf], [inf], [inf], [inf], [inf], [inf], [inf], [inf], [inf], [inf], [inf], [inf], [inf], [inf], [inf], [inf], [inf], [inf], [inf], [inf], [inf], [inf], [inf], [inf], [inf], [inf], [inf], [inf], [inf], [inf], [inf], [inf], [inf], [inf], [inf], [inf], [inf], [inf], [0.06507110595703125], [inf], [inf], [inf], [inf], [inf], [inf], [inf], [inf], [inf], [inf], [inf], [inf], [inf], [inf]]",0,0.23827719688415527,34.8647403717041,3243
266,onnx/CIFAR100_resnet_large.onnx,vnnlib/resnet_large__label_88__idx_5910_fix_mask_seg0_k1024_eps_0.0039.vnnlib,100,unsat True,,,,4.473071813583374,0
267,onnx/CIFAR100_resnet_large.onnx,vnnlib/resnet_large__label_88__idx_5910_fix_nonmask_seg0_k1024_eps_0.0039.vnnlib,100,unsat False,"[[inf], [inf], [inf], [inf], [inf], [inf], [inf], [inf], [inf], [inf], [inf], [inf], [inf], [inf], [inf], [inf], [inf], [inf], [inf], [inf], [inf], [inf], [inf], [inf], [inf], [inf], [inf], [inf], [inf], [inf], [inf], [inf], [inf], [inf], [inf], [inf], [inf], [inf], [inf], [inf], [inf], [inf], [inf], [inf], [inf], [inf], [inf], [inf], [inf], [inf], [inf], [inf], [inf], [inf], [inf], [inf], [inf], [inf], [inf], [inf], [inf], [inf], [inf], [inf], [inf], [inf], [inf], [inf], [inf], [inf], [inf], [inf], [inf], [inf], [inf], [inf], [inf], [inf], [inf], [inf], [inf], [inf], [inf], [0.07803177833557129], [inf], [inf], [inf], [inf], [inf], [inf], [inf], [inf], [inf], [inf], [inf], [inf], [inf], [inf]]",0,0.23563432693481445,34.92748737335205,3222
268,onnx/CIFAR100_resnet_large.onnx,vnnlib/resnet_large__label_89__idx_5310_global_k1024_eps_0.0039.vnnlib,100,unsat False,"[[inf], [inf], [inf], [inf], [inf], [inf], [inf], [inf], [inf], [inf], [inf], [inf], [inf], [inf], [inf], [inf], [inf], [inf], [inf], [inf], [inf], [inf], [inf], [inf], [inf], [inf], [inf], [inf], [inf], [inf], [inf], [inf], [inf], [inf], [inf], [inf], [0.033211708068847656], [inf], [inf], [inf], [inf], [inf], [inf], [inf], [inf], [inf], [inf], [inf], [inf], [inf], [inf], [inf], [inf], [inf], [inf], [inf], [inf], [inf], [inf], [inf], [inf], [inf], [inf], [inf], [inf], [inf], [inf], [inf], [inf], [inf], [inf], [inf], [inf], [inf], [inf], [inf], [inf], [inf], [inf], [inf], [inf], [inf], [inf], [inf], [inf], [inf], [inf], [inf], [inf], [inf], [inf], [inf], [inf], [inf], [inf], [inf], [inf]]",0,0.2363121509552002,37.22921109199524,2753
269,onnx/CIFAR100_resnet_large.onnx,vnnlib/resnet_large__label_89__idx_5310_fix_mask_seg0_k1024_eps_0.0039.vnnlib,100,unsat True,,,,2.8712141513824463,0
270,onnx/CIFAR100_resnet_large.onnx,vnnlib/resnet_large__label_89__idx_5310_fix_nonmask_seg0_k1024_eps_0.0039.vnnlib,100,unsat False,"[[inf], [inf], [inf], [inf], [inf], [inf], [inf], [inf], [inf], [inf], [inf], [inf], [inf], [inf], [inf], [inf], [inf], [inf], [inf], [inf], [inf], [inf], [inf], [inf], [inf], [inf], [inf], [inf], [inf], [inf], [inf], [inf], [inf], [inf], [inf], [inf], [inf], [inf], [inf], [inf], [inf], [inf], [inf], [inf], [inf], [inf], [inf], [inf], [inf], [inf], [inf], [inf], [inf], [inf], [inf], [inf], [inf], [inf], [inf], [inf], [inf], [inf], [inf], [inf], [inf], [inf], [inf], [inf], [inf], [inf], [inf], [inf], [inf], [inf], [inf], [inf], [inf], [inf], [inf], [inf], [inf], [inf], [inf], [inf], [inf], [inf], [inf], [inf], [inf], [inf], [inf], [inf], [inf], [inf], [inf], [inf], [inf]]",0,0.23704218864440918,35.495574951171875,2639
271,onnx/CIFAR100_resnet_large.onnx,vnnlib/resnet_large__label_89__idx_9025_global_k1024_eps_0.0039.vnnlib,100,timeout False,"[[inf], [inf], [inf], [inf], [inf], [inf], [inf], [inf], [inf], [inf], [inf], [inf], [inf], [inf], [inf], [inf], [inf], [inf], [inf], [inf], [inf], [inf], [inf], [inf], [inf], [inf], [inf], [inf], [inf], [inf], [inf], [inf], [inf], [inf], [inf], [inf], [inf], [inf], [inf], [inf], [inf], [inf], [inf], [inf], [inf], [inf], [inf], [inf], [inf], [inf], [inf], [inf], [inf], [inf], [inf], [inf], [inf], [inf], [inf], [inf], [inf], [inf], [inf], [inf], [inf], [inf], [inf], [inf], [inf], [inf], [inf], [inf], [inf], [inf], [inf], [inf], [inf], [inf], [inf], [inf], [inf], [inf], [inf], [inf], [inf], [inf], [inf], [inf], [inf], [inf], [inf], [inf], [inf], [inf], [inf], [inf], [inf], [inf]]",0,0.14809417724609375,104.15835165977478,3349
272,onnx/CIFAR100_resnet_large.onnx,vnnlib/resnet_large__label_89__idx_9025_fix_mask_seg0_k1024_eps_0.0039.vnnlib,100,unsat True,,,,5.867650985717773,0
273,onnx/CIFAR100_resnet_large.onnx,vnnlib/resnet_large__label_89__idx_9025_fix_nonmask_seg0_k1024_eps_0.0039.vnnlib,100,timeout False,"[[inf], [inf], [inf], [inf], [inf], [inf], [inf], [inf], [inf], [inf], [inf], [inf], [inf], [inf], [inf], [inf], [inf], [inf], [inf], [inf], [inf], [inf], [inf], [inf], [inf], [inf], [inf], [inf], [inf], [inf], [inf], [inf], [inf], [inf], [inf], [inf], [inf], [inf], [inf], [inf], [inf], [inf], [inf], [inf], [inf], [inf], [inf], [inf], [inf], [inf], [inf], [inf], [inf], [inf], [inf], [inf], [inf], [inf], [inf], [inf], [inf], [inf], [inf], [inf], [inf], [inf], [inf], [inf], [inf], [inf], [inf], [inf], [inf], [inf], [inf], [inf], [inf], [inf], [inf], [inf], [inf], [inf], [inf], [inf], [inf], [inf], [inf], [inf], [inf], [inf], [inf], [inf], [inf], [inf], [inf], [inf], [inf], [inf]]",0,0.2278914451599121,106.4388780593872,3284
274,onnx/CIFAR100_resnet_large.onnx,vnnlib/resnet_large__label_90__idx_4217_global_k1024_eps_0.0039.vnnlib,100,unsat False,"[[inf], [inf], [inf], [inf], [inf], [inf], [inf], [inf], [inf], [inf], [inf], [inf], [inf], [inf], [inf], [inf], [inf], [inf], [0.07071137428283691], [inf], [inf], [inf], [inf], [inf], [inf], [inf], [inf], [inf], [inf], [inf], [inf], [inf], [inf], [inf], [inf], [inf], [inf], [inf], [inf], [inf], [inf], [inf], [inf], [inf], [inf], [inf], [inf], [inf], [inf], [inf], [inf], [inf], [inf], [inf], [inf], [inf], [inf], [inf], [inf], [inf], [inf], [inf], [inf], [inf], [inf], [inf], [inf], [inf], [inf], [inf], [inf], [inf], [inf], [inf], [inf], [inf], [inf], [inf], [inf], [inf], [inf], [inf], [inf], [inf], [inf], [inf], [inf], [0.1448683738708496], [inf], [inf], [inf], [inf], [inf], [inf], [inf], [inf], [inf]]",0,0.15558075904846191,38.02978539466858,3434
275,onnx/CIFAR100_resnet_large.onnx,vnnlib/resnet_large__label_90__idx_4217_fix_mask_seg0_k1024_eps_0.0039.vnnlib,100,unsat True,,,,3.104698896408081,0
276,onnx/CIFAR100_resnet_large.onnx,vnnlib/resnet_large__label_90__idx_4217_fix_nonmask_seg0_k1024_eps_0.0039.vnnlib,100,unsat False,"[[inf], [inf], [inf], [inf], [inf], [inf], [inf], [inf], [inf], [inf], [inf], [inf], [inf], [inf], [inf], [inf], [inf], [inf], [0.10612988471984863], [inf], [inf], [inf], [inf], [inf], [inf], [inf], [inf], [inf], [inf], [inf], [inf], [inf], [inf], [inf], [inf], [inf], [inf], [inf], [inf], [inf], [inf], [inf], [inf], [inf], [inf], [inf], [inf], [inf], [inf], [inf], [inf], [inf], [inf], [inf], [inf], [inf], [inf], [inf], [inf], [inf], [inf], [inf], [inf], [inf], [inf], [inf], [inf], [inf], [inf], [inf], [inf], [inf], [inf], [inf], [inf], [inf], [inf], [inf], [inf], [inf], [inf], [inf], [inf], [inf], [inf], [inf], [inf], [inf], [inf], [inf], [inf], [inf], [inf], [inf], [inf], [inf], [inf]]",0,0.1533985137939453,37.34994554519653,3405
277,onnx/CIFAR100_resnet_large.onnx,vnnlib/resnet_large__label_91__idx_1194_global_k1024_eps_0.0039.vnnlib,100,unsat True,,,,26.70089840888977,0
278,onnx/CIFAR100_resnet_large.onnx,vnnlib/resnet_large__label_91__idx_1194_fix_mask_seg0_k1024_eps_0.0039.vnnlib,100,unsat True,,,,2.6695470809936523,0
279,onnx/CIFAR100_resnet_large.onnx,vnnlib/resnet_large__label_91__idx_1194_fix_nonmask_seg0_k1024_eps_0.0039.vnnlib,100,unsat True,,,,26.36055278778076,0
280,onnx/CIFAR100_resnet_large.onnx,vnnlib/resnet_large__label_91__idx_200_global_k1024_eps_0.0039.vnnlib,100,sat True,,,,5.243840456008911,0
281,onnx/CIFAR100_resnet_large.onnx,vnnlib/resnet_large__label_91__idx_200_fix_mask_seg0_k1024_eps_0.0039.vnnlib,100,unsat True,,,,4.2367517948150635,0
282,onnx/CIFAR100_resnet_large.onnx,vnnlib/resnet_large__label_91__idx_200_fix_nonmask_seg0_k1024_eps_0.0039.vnnlib,100,sat True,,,,4.036830425262451,0
283,onnx/CIFAR100_resnet_large.onnx,vnnlib/resnet_large__label_93__idx_7162_global_k1024_eps_0.0039.vnnlib,100,unsat False,"[[inf], [inf], [inf], [inf], [inf], [inf], [inf], [inf], [inf], [inf], [inf], [inf], [inf], [inf], [inf], [inf], [inf], [inf], [inf], [inf], [inf], [inf], [inf], [inf], [inf], [inf], [inf], [inf], [inf], [inf], [inf], [inf], [inf], [inf], [inf], [inf], [inf], [inf], [inf], [inf], [inf], [inf], [inf], [inf], [inf], [inf], [inf], [inf], [inf], [inf], [inf], [inf], [inf], [inf], [inf], [inf], [inf], [inf], [inf], [inf], [inf], [inf], [inf], [inf], [inf], [inf], [inf], [inf], [inf], [inf], [inf], [inf], [inf], [inf], [inf], [inf], [inf], [inf], [inf], [inf], [inf], [inf], [inf], [inf], [inf], [inf], [inf], [inf], [inf], [inf], [inf], [inf], [inf], [inf], [inf], [inf], [inf], [inf]]",0,0.14944911003112793,32.88517141342163,3492
284,onnx/CIFAR100_resnet_large.onnx,vnnlib/resnet_large__label_93__idx_7162_fix_mask_seg0_k1024_eps_0.0039.vnnlib,100,unsat True,,,,3.2277705669403076,0
285,onnx/CIFAR100_resnet_large.onnx,vnnlib/resnet_large__label_93__idx_7162_fix_nonmask_seg0_k1024_eps_0.0039.vnnlib,100,unsat False,"[[inf], [inf], [inf], [inf], [inf], [inf], [inf], [inf], [inf], [inf], [inf], [inf], [inf], [inf], [inf], [inf], [inf], [inf], [inf], [inf], [inf], [inf], [inf], [inf], [inf], [inf], [inf], [inf], [inf], [inf], [inf], [inf], [inf], [inf], [inf], [inf], [inf], [inf], [inf], [inf], [inf], [inf], [inf], [inf], [inf], [inf], [inf], [inf], [inf], [inf], [inf], [inf], [inf], [inf], [inf], [inf], [inf], [inf], [inf], [inf], [inf], [inf], [inf], [inf], [inf], [inf], [inf], [inf], [inf], [inf], [inf], [inf], [inf], [inf], [inf], [inf], [inf], [inf], [inf], [inf], [inf], [inf], [inf], [inf], [inf], [inf], [inf], [inf], [inf], [inf], [inf], [inf], [inf], [inf], [inf], [inf], [inf], [inf]]",0,0.15211081504821777,32.41127061843872,3222
286,onnx/CIFAR100_resnet_large.onnx,vnnlib/resnet_large__label_93__idx_8828_global_k1024_eps_0.0039.vnnlib,100,unsat False,"[[inf], [inf], [inf], [inf], [inf], [inf], [inf], [inf], [inf], [inf], [inf], [inf], [inf], [inf], [inf], [inf], [inf], [inf], [inf], [inf], [inf], [inf], [inf], [inf], [inf], [inf], [inf], [inf], [inf], [inf], [inf], [inf], [inf], [inf], [inf], [inf], [inf], [inf], [inf], [inf], [inf], [inf], [inf], [inf], [inf], [inf], [inf], [inf], [inf], [inf], [inf], [inf], [inf], [inf], [inf], [inf], [inf], [inf], [inf], [inf], [inf], [inf], [inf], [inf], [inf], [inf], [inf], [inf], [inf], [inf], [inf], [inf], [inf], [inf], [inf], [inf], [inf], [inf], [inf], [inf], [inf], [inf], [inf], [inf], [inf], [inf], [inf], [inf], [inf], [inf], [inf], [inf], [inf], [inf], [inf], [inf], [inf], [inf]]",0,0.2397627830505371,35.45825433731079,2379
287,onnx/CIFAR100_resnet_large.onnx,vnnlib/resnet_large__label_93__idx_8828_fix_mask_seg0_k1024_eps_0.0039.vnnlib,100,unsat True,,,,3.081852912902832,0
288,onnx/CIFAR100_resnet_large.onnx,vnnlib/resnet_large__label_93__idx_8828_fix_nonmask_seg0_k1024_eps_0.0039.vnnlib,100,unsat False,"[[inf], [inf], [inf], [inf], [inf], [inf], [inf], [inf], [inf], [inf], [inf], [inf], [inf], [inf], [inf], [inf], [inf], [inf], [inf], [inf], [inf], [inf], [inf], [inf], [inf], [inf], [inf], [inf], [inf], [inf], [inf], [inf], [inf], [inf], [inf], [inf], [inf], [inf], [inf], [inf], [inf], [inf], [inf], [inf], [inf], [inf], [inf], [inf], [inf], [inf], [inf], [inf], [inf], [inf], [inf], [inf], [inf], [inf], [inf], [inf], [inf], [inf], [inf], [inf], [inf], [inf], [inf], [inf], [inf], [inf], [inf], [inf], [inf], [inf], [inf], [inf], [inf], [inf], [inf], [inf], [inf], [inf], [inf], [inf], [inf], [inf], [inf], [inf], [inf], [inf], [inf], [inf], [inf], [inf], [inf], [inf], [inf], [inf]]",0,0.1502833366394043,34.66778540611267,2333
289,onnx/CIFAR100_resnet_large.onnx,vnnlib/resnet_large__label_94__idx_3842_global_k1024_eps_0.0039.vnnlib,100,timeout False,"[[inf], [inf], [inf], [inf], [0.34218454360961914], [inf], [inf], [inf], [inf], [inf], [inf], [inf], [inf], [inf], [inf], [inf], [inf], [inf], [inf], [inf], [inf], [inf], [inf], [inf], [inf], [inf], [inf], [inf], [inf], [inf], [inf], [inf], [inf], [inf], [inf], [0.35243892669677734], [inf], [inf], [inf], [inf], [inf], [inf], [inf], [inf], [inf], [inf], [inf], [inf], [inf], [inf], [inf], [inf], [inf], [inf], [inf], [inf], [inf], [inf], [inf], [inf], [inf], [inf], [0.4365653991699219], [inf], [inf], [inf], [inf], [inf], [inf], [inf], [inf], [inf], [inf], [inf], [inf], [inf], [inf], [inf], [inf], [inf], [inf], [inf], [inf], [inf], [inf], [inf], [inf], [inf], [inf], [inf], [inf], [inf], [inf], [inf], [0.18879854679107666], [inf], [inf], [inf]]",0,0.2401599884033203,103.46514177322388,4211
290,onnx/CIFAR100_resnet_large.onnx,vnnlib/resnet_large__label_94__idx_3842_fix_mask_seg0_k1024_eps_0.0039.vnnlib,100,unsat True,,,,2.982701063156128,0
291,onnx/CIFAR100_resnet_large.onnx,vnnlib/resnet_large__label_94__idx_3842_fix_nonmask_seg0_k1024_eps_0.0039.vnnlib,100,timeout False,"[[inf], [inf], [inf], [inf], [0.4038887023925781], [inf], [inf], [inf], [inf], [inf], [inf], [inf], [inf], [inf], [inf], [inf], [inf], [inf], [inf], [inf], [inf], [inf], [inf], [inf], [inf], [inf], [inf], [inf], [inf], [inf], [inf], [inf], [inf], [inf], [inf], [inf], [inf], [inf], [inf], [inf], [inf], [inf], [inf], [inf], [inf], [inf], [inf], [inf], [inf], [inf], [inf], [inf], [inf], [inf], [inf], [inf], [inf], [inf], [inf], [inf], [inf], [inf], [inf], [inf], [inf], [inf], [inf], [inf], [inf], [inf], [inf], [inf], [inf], [inf], [inf], [inf], [inf], [inf], [inf], [inf], [inf], [inf], [inf], [inf], [inf], [inf], [inf], [inf], [inf], [inf], [inf], [inf], [inf], [inf], [0.2613339424133301], [inf], [inf], [inf]]",0,0.21255135536193848,102.13748526573181,4142
292,onnx/CIFAR100_resnet_large.onnx,vnnlib/resnet_large__label_94__idx_7371_global_k1024_eps_0.0039.vnnlib,100,unsat True,,,,5.1872358322143555,0
293,onnx/CIFAR100_resnet_large.onnx,vnnlib/resnet_large__label_94__idx_7371_fix_mask_seg0_k1024_eps_0.0039.vnnlib,100,unsat True,,,,3.3447344303131104,0
294,onnx/CIFAR100_resnet_large.onnx,vnnlib/resnet_large__label_94__idx_7371_fix_nonmask_seg0_k1024_eps_0.0039.vnnlib,100,unsat True,,,,4.357489109039307,0
295,onnx/CIFAR100_resnet_large.onnx,vnnlib/resnet_large__label_94__idx_9000_global_k1024_eps_0.0039.vnnlib,100,timeout False,"[[inf], [inf], [inf], [inf], [inf], [inf], [inf], [inf], [inf], [inf], [inf], [inf], [inf], [inf], [inf], [inf], [inf], [inf], [inf], [inf], [inf], [inf], [inf], [inf], [inf], [inf], [inf], [inf], [inf], [inf], [inf], [inf], [inf], [inf], [inf], [inf], [inf], [inf], [inf], [inf], [inf], [inf], [inf], [inf], [inf], [inf], [inf], [inf], [inf], [inf], [inf], [inf], [inf], [inf], [inf], [inf], [inf], [inf], [inf], [inf], [inf], [inf], [inf], [inf], [inf], [inf], [inf], [inf], [inf], [inf], [inf], [inf], [inf], [inf], [inf], [inf], [inf], [inf], [inf], [inf], [inf], [inf], [inf], [inf], [inf], [inf], [inf], [inf], [inf], [inf], [inf], [inf], [inf], [inf], [inf]]",0,0.2329387664794922,103.54296231269836,3169
296,onnx/CIFAR100_resnet_large.onnx,vnnlib/resnet_large__label_94__idx_9000_fix_mask_seg0_k1024_eps_0.0039.vnnlib,100,unsat True,,,,4.659475326538086,0
297,onnx/CIFAR100_resnet_large.onnx,vnnlib/resnet_large__label_94__idx_9000_fix_nonmask_seg0_k1024_eps_0.0039.vnnlib,100,timeout False,"[[inf], [inf], [inf], [inf], [inf], [inf], [inf], [inf], [inf], [inf], [inf], [inf], [inf], [inf], [inf], [inf], [inf], [inf], [inf], [inf], [inf], [inf], [inf], [inf], [inf], [inf], [inf], [inf], [inf], [inf], [inf], [inf], [inf], [inf], [inf], [inf], [inf], [inf], [inf], [inf], [inf], [inf], [inf], [inf], [inf], [inf], [inf], [inf], [inf], [inf], [inf], [inf], [inf], [inf], [inf], [inf], [inf], [inf], [inf], [inf], [inf], [inf], [inf], [inf], [inf], [inf], [inf], [inf], [inf], [inf], [inf], [inf], [inf], [inf], [inf], [inf], [inf], [inf], [inf], [inf], [inf], [inf], [inf], [inf], [inf], [inf], [inf], [inf], [inf], [inf], [inf], [inf], [inf], [inf], [inf]]",0,0.2284231185913086,101.85049152374268,3169
298,onnx/CIFAR100_resnet_large.onnx,vnnlib/resnet_large__label_95__idx_1371_global_k1024_eps_0.0039.vnnlib,100,timeout False,"[[inf], [inf], [inf], [inf], [inf], [inf], [inf], [inf], [inf], [inf], [inf], [inf], [inf], [inf], [inf], [inf], [inf], [inf], [inf], [inf], [inf], [inf], [inf], [inf], [inf], [inf], [inf], [inf], [inf], [inf], [inf], [inf], [inf], [inf], [inf], [inf], [inf], [inf], [inf], [inf], [inf], [inf], [inf], [inf], [inf], [inf], [inf], [inf], [inf], [inf], [inf], [inf], [inf], [inf], [inf], [inf], [inf], [inf], [inf], [inf], [inf], [inf], [inf], [inf], [inf], [inf], [inf], [inf], [inf], [inf], [inf], [inf], [inf], [inf], [inf], [inf], [inf], [inf], [inf], [inf], [inf], [inf], [inf], [inf], [inf], [inf], [inf], [inf], [inf], [inf], [inf], [inf], [inf], [inf], [inf], [inf], [inf]]",0,0.22413134574890137,103.6112790107727,1734
299,onnx/CIFAR100_resnet_large.onnx,vnnlib/resnet_large__label_95__idx_1371_fix_mask_seg0_k1024_eps_0.0039.vnnlib,100,unsat True,,,,2.9626128673553467,0
300,onnx/CIFAR100_resnet_large.onnx,vnnlib/resnet_large__label_95__idx_1371_fix_nonmask_seg0_k1024_eps_0.0039.vnnlib,100,timeout False,"[[inf], [inf], [inf], [inf], [inf], [inf], [inf], [inf], [inf], [inf], [inf], [inf], [inf], [inf], [inf], [inf], [inf], [inf], [inf], [inf], [inf], [inf], [inf], [inf], [inf], [inf], [inf], [inf], [inf], [inf], [inf], [inf], [inf], [inf], [inf], [inf], [inf], [inf], [inf], [inf], [inf], [inf], [inf], [inf], [inf], [inf], [inf], [inf], [inf], [inf], [inf], [inf], [inf], [inf], [inf], [inf], [inf], [inf], [inf], [inf], [inf], [inf], [inf], [inf], [inf], [inf], [inf], [inf], [inf], [inf], [inf], [inf], [inf], [inf], [inf], [inf], [inf], [inf], [inf], [inf], [inf], [inf], [inf], [inf], [inf], [inf], [inf], [inf], [inf], [inf], [inf], [inf], [inf], [inf], [inf], [inf], [inf]]",0,0.15039682388305664,100.55104613304138,1720
301,onnx/CIFAR100_resnet_medium.onnx,vnnlib/resnet_medium__label_0__idx_2404_global_k1024_eps_0.0039.vnnlib,100,unsat True,,,,15.1298189163208,0
302,onnx/CIFAR100_resnet_medium.onnx,vnnlib/resnet_medium__label_0__idx_2404_fix_mask_seg0_k1024_eps_0.0039.vnnlib,100,unsat True,,,,3.33538818359375,0
303,onnx/CIFAR100_resnet_medium.onnx,vnnlib/resnet_medium__label_0__idx_2404_fix_nonmask_seg0_k1024_eps_0.0039.vnnlib,100,unsat True,,,,12.400933980941772,0
304,onnx/CIFAR100_resnet_medium.onnx,vnnlib/resnet_medium__label_0__idx_5369_global_k1024_eps_0.0039.vnnlib,100,timeout False,"[[inf], [inf], [inf], [inf], [inf], [inf], [inf], [inf], [inf], [inf], [inf], [inf], [inf], [inf], [inf], [inf], [inf], [inf], [inf], [inf], [inf], [inf], [inf], [inf], [inf], [inf], [inf], [inf], [inf], [inf], [inf], [inf], [inf], [inf], [inf], [inf], [inf], [inf], [inf], [inf], [inf], [inf], [inf], [inf], [inf], [inf], [inf], [inf], [inf], [inf], [inf], [inf], [inf], [inf], [inf], [inf], [inf], [inf], [inf], [inf], [inf], [inf], [inf], [inf], [inf], [inf], [inf], [inf], [inf], [inf], [inf], [inf], [inf], [inf], [inf], [inf], [inf], [inf], [inf], [inf], [inf], [inf], [inf], [inf], [inf], [inf], [inf], [inf], [inf], [inf], [inf], [inf], [inf], [inf], [inf], [inf], [inf], [inf]]",0,0.1234745979309082,103.73578214645386,1127
305,onnx/CIFAR100_resnet_medium.onnx,vnnlib/resnet_medium__label_0__idx_5369_fix_mask_seg0_k1024_eps_0.0039.vnnlib,100,unsat True,,,,2.9947152137756348,0
306,onnx/CIFAR100_resnet_medium.onnx,vnnlib/resnet_medium__label_0__idx_5369_fix_nonmask_seg0_k1024_eps_0.0039.vnnlib,100,timeout False,"[[inf], [inf], [inf], [inf], [inf], [inf], [inf], [inf], [inf], [inf], [inf], [inf], [inf], [inf], [inf], [inf], [inf], [inf], [inf], [inf], [inf], [inf], [inf], [inf], [inf], [inf], [inf], [inf], [inf], [inf], [inf], [inf], [inf], [inf], [inf], [inf], [inf], [inf], [inf], [inf], [inf], [inf], [inf], [inf], [inf], [inf], [inf], [inf], [inf], [inf], [inf], [inf], [inf], [inf], [inf], [inf], [inf], [inf], [inf], [inf], [inf], [inf], [inf], [inf], [inf], [inf], [inf], [inf], [inf], [inf], [inf], [inf], [inf], [inf], [inf], [inf], [inf], [inf], [inf], [inf], [inf], [inf], [inf], [inf], [inf], [inf], [inf], [inf], [inf], [inf], [inf], [inf], [inf], [inf], [inf], [inf], [inf], [inf]]",0,0.31352806091308594,103.58017611503601,1127
307,onnx/CIFAR100_resnet_medium.onnx,vnnlib/resnet_medium__label_11__idx_7329_global_k1024_eps_0.0039.vnnlib,100,sat True,,,,3.528160572052002,0
308,onnx/CIFAR100_resnet_medium.onnx,vnnlib/resnet_medium__label_11__idx_7329_fix_mask_seg0_k1024_eps_0.0039.vnnlib,100,unsat True,,,,3.5626394748687744,0
309,onnx/CIFAR100_resnet_medium.onnx,vnnlib/resnet_medium__label_11__idx_7329_fix_nonmask_seg0_k1024_eps_0.0039.vnnlib,100,sat True,,,,3.765692710876465,0
310,onnx/CIFAR100_resnet_medium.onnx,vnnlib/resnet_medium__label_12__idx_6868_global_k1024_eps_0.0039.vnnlib,100,unsat False,"[[inf], [inf], [inf], [inf], [inf], [inf], [inf], [inf], [inf], [inf], [inf], [inf], [inf], [inf], [inf], [inf], [inf], [inf], [inf], [inf], [inf], [inf], [inf], [inf], [inf], [inf], [inf], [inf], [inf], [inf], [inf], [inf], [inf], [inf], [inf], [inf], [inf], [inf], [inf], [inf], [inf], [inf], [inf], [inf], [inf], [inf], [inf], [inf], [inf], [inf], [inf], [inf], [inf], [inf], [inf], [inf], [inf], [inf], [inf], [inf], [inf], [inf], [inf], [inf], [inf], [inf], [inf], [inf], [inf], [inf], [inf], [inf], [inf], [inf], [inf], [inf], [inf], [inf], [inf], [inf], [inf], [inf], [inf], [inf], [inf], [inf], [inf], [inf], [inf], [inf], [inf], [inf], [inf], [inf], [inf], [inf], [inf], [inf]]",0,0.2321937084197998,19.46018409729004,1000
311,onnx/CIFAR100_resnet_medium.onnx,vnnlib/resnet_medium__label_12__idx_6868_fix_mask_seg0_k1024_eps_0.0039.vnnlib,100,unsat True,,,,3.436004161834717,0
312,onnx/CIFAR100_resnet_medium.onnx,vnnlib/resnet_medium__label_12__idx_6868_fix_nonmask_seg0_k1024_eps_0.0039.vnnlib,100,unsat False,"[[inf], [inf], [inf], [inf], [inf], [inf], [inf], [inf], [inf], [inf], [inf], [inf], [inf], [inf], [inf], [inf], [inf], [inf], [inf], [inf], [inf], [inf], [inf], [inf], [inf], [inf], [inf], [inf], [inf], [inf], [inf], [inf], [inf], [inf], [inf], [inf], [inf], [inf], [inf], [inf], [inf], [inf], [inf], [inf], [inf], [inf], [inf], [inf], [inf], [inf], [inf], [inf], [inf], [inf], [inf], [inf], [inf], [inf], [inf], [inf], [inf], [inf], [inf], [inf], [inf], [inf], [inf], [inf], [inf], [inf], [inf], [inf], [inf], [inf], [inf], [inf], [inf], [inf], [inf], [inf], [inf], [inf], [inf], [inf], [inf], [inf], [inf], [inf], [inf], [inf], [inf], [inf], [inf], [inf], [inf], [inf], [inf], [inf]]",0,0.16854619979858398,18.28925061225891,1000
313,onnx/CIFAR100_resnet_medium.onnx,vnnlib/resnet_medium__label_14__idx_1406_global_k1024_eps_0.0039.vnnlib,100,unsat False,"[[inf], [inf], [inf], [inf], [inf], [inf], [inf], [inf], [inf], [inf], [inf], [inf], [inf], [inf], [inf], [inf], [inf], [inf], [inf], [inf], [inf], [inf], [inf], [inf], [inf], [inf], [inf], [inf], [inf], [inf], [inf], [inf], [inf], [inf], [inf], [inf], [inf], [inf], [inf], [inf], [inf], [inf], [inf], [inf], [inf], [inf], [inf], [inf], [inf], [inf], [inf], [inf], [inf], [inf], [inf], [inf], [inf], [inf], [inf], [inf], [inf], [inf], [inf], [inf], [inf], [inf], [inf], [inf], [inf], [inf], [inf], [inf], [inf], [inf], [inf], [inf], [inf], [inf], [inf], [inf], [inf], [inf], [inf], [inf], [inf], [inf], [inf], [inf], [inf], [inf], [inf], [inf], [inf], [inf], [inf], [inf], [inf], [inf]]",0,0.2240917682647705,20.0098819732666,705
314,onnx/CIFAR100_resnet_medium.onnx,vnnlib/resnet_medium__label_14__idx_1406_fix_mask_seg0_k1024_eps_0.0039.vnnlib,100,unsat True,,,,3.0806186199188232,0
315,onnx/CIFAR100_resnet_medium.onnx,vnnlib/resnet_medium__label_14__idx_1406_fix_nonmask_seg0_k1024_eps_0.0039.vnnlib,100,unsat False,"[[inf], [inf], [inf], [inf], [inf], [inf], [inf], [inf], [inf], [inf], [inf], [inf], [inf], [inf], [inf], [inf], [inf], [inf], [inf], [inf], [inf], [inf], [inf], [inf], [inf], [inf], [inf], [inf], [inf], [inf], [inf], [inf], [inf], [inf], [inf], [inf], [inf], [inf], [inf], [inf], [inf], [inf], [inf], [inf], [inf], [inf], [inf], [inf], [inf], [inf], [inf], [inf], [inf], [inf], [inf], [inf], [inf], [inf], [inf], [inf], [inf], [inf], [inf], [inf], [inf], [inf], [inf], [inf], [inf], [inf], [inf], [inf], [inf], [inf], [inf], [inf], [inf], [inf], [inf], [inf], [inf], [inf], [inf], [inf], [inf], [inf], [inf], [inf], [inf], [inf], [inf], [inf], [inf], [inf], [inf], [inf], [inf], [inf]]",0,0.1400768756866455,16.415935039520264,705
316,onnx/CIFAR100_resnet_medium.onnx,vnnlib/resnet_medium__label_15__idx_4836_global_k1024_eps_0.0039.vnnlib,100,sat True,,,,4.78804612159729,0
317,onnx/CIFAR100_resnet_medium.onnx,vnnlib/resnet_medium__label_15__idx_4836_fix_mask_seg0_k1024_eps_0.0039.vnnlib,100,unsat True,,,,3.371657371520996,0
318,onnx/CIFAR100_resnet_medium.onnx,vnnlib/resnet_medium__label_15__idx_4836_fix_nonmask_seg0_k1024_eps_0.0039.vnnlib,100,sat True,,,,5.136232852935791,0
319,onnx/CIFAR100_resnet_medium.onnx,vnnlib/resnet_medium__label_15__idx_6893_global_k1024_eps_0.0039.vnnlib,100,timeout False,"[[inf], [inf], [inf], [inf], [inf], [inf], [inf], [inf], [inf], [inf], [inf], [inf], [inf], [inf], [inf], [inf], [inf], [inf], [inf], [inf], [inf], [inf], [inf], [inf], [inf], [inf], [inf], [inf], [inf], [inf], [inf], [inf], [inf], [inf], [inf], [inf], [inf], [inf], [inf], [inf], [inf], [inf], [inf], [inf], [inf], [inf], [inf], [inf], [inf], [inf], [inf], [inf], [inf], [inf], [inf], [inf], [inf], [inf], [inf], [inf], [inf], [inf], [inf], [inf], [inf], [inf], [inf], [inf], [inf], [inf], [inf], [inf], [inf], [inf], [inf], [inf], [inf], [inf], [inf], [inf], [inf], [inf], [inf], [inf], [inf], [inf], [inf], [inf], [inf], [inf], [inf], [inf], [inf], [inf], [inf], [inf], [inf], [inf]]",0,0.15471577644348145,100.85253047943115,933
320,onnx/CIFAR100_resnet_medium.onnx,vnnlib/resnet_medium__label_15__idx_6893_fix_mask_seg0_k1024_eps_0.0039.vnnlib,100,unsat True,,,,3.5262670516967773,0
321,onnx/CIFAR100_resnet_medium.onnx,vnnlib/resnet_medium__label_15__idx_6893_fix_nonmask_seg0_k1024_eps_0.0039.vnnlib,100,timeout False,"[[inf], [inf], [inf], [inf], [inf], [inf], [inf], [inf], [inf], [inf], [inf], [inf], [inf], [inf], [inf], [inf], [inf], [inf], [inf], [inf], [inf], [inf], [inf], [inf], [inf], [inf], [inf], [inf], [inf], [inf], [inf], [inf], [inf], [inf], [inf], [inf], [inf], [inf], [inf], [inf], [inf], [inf], [inf], [inf], [inf], [inf], [inf], [inf], [inf], [inf], [inf], [inf], [inf], [inf], [inf], [inf], [inf], [inf], [inf], [inf], [inf], [inf], [inf], [inf], [inf], [inf], [inf], [inf], [inf], [inf], [inf], [inf], [inf], [inf], [inf], [inf], [inf], [inf], [inf], [inf], [inf], [inf], [inf], [inf], [inf], [inf], [inf], [inf], [inf], [inf], [inf], [inf], [inf], [inf], [inf], [inf], [inf], [inf]]",0,0.2261981964111328,105.57600903511047,872
322,onnx/CIFAR100_resnet_medium.onnx,vnnlib/resnet_medium__label_16__idx_9074_global_k1024_eps_0.0039.vnnlib,100,unsat False,"[[inf], [inf], [inf], [inf], [inf], [inf], [inf], [inf], [inf], [inf], [inf], [inf], [inf], [inf], [inf], [inf], [inf], [inf], [inf], [inf], [inf], [inf], [inf], [inf], [inf], [inf], [inf], [inf], [inf], [inf], [inf], [inf], [inf], [inf], [inf], [inf], [inf], [inf], [inf], [inf], [inf], [inf], [inf], [inf], [inf], [inf], [inf], [inf], [inf], [inf], [inf], [inf], [inf], [inf], [inf], [inf], [inf], [inf], [inf], [inf], [inf], [inf], [inf], [inf], [inf], [inf], [inf], [inf], [inf], [inf], [inf], [inf], [inf], [inf], [inf], [inf], [inf], [inf], [inf], [inf], [inf], [inf], [inf], [inf], [inf], [inf], [inf], [inf], [inf], [inf], [inf], [inf], [inf], [inf]]",0,0.1442859172821045,23.1247718334198,1159
323,onnx/CIFAR100_resnet_medium.onnx,vnnlib/resnet_medium__label_16__idx_9074_fix_mask_seg0_k1024_eps_0.0039.vnnlib,100,unsat True,,,,3.7385294437408447,0
324,onnx/CIFAR100_resnet_medium.onnx,vnnlib/resnet_medium__label_16__idx_9074_fix_nonmask_seg0_k1024_eps_0.0039.vnnlib,100,unsat False,"[[inf], [inf], [inf], [inf], [inf], [inf], [inf], [inf], [inf], [inf], [inf], [inf], [inf], [inf], [inf], [inf], [inf], [inf], [inf], [inf], [inf], [inf], [inf], [inf], [inf], [inf], [inf], [inf], [inf], [inf], [inf], [inf], [inf], [inf], [inf], [inf], [inf], [inf], [inf], [inf], [inf], [inf], [inf], [inf], [inf], [inf], [inf], [inf], [inf], [inf], [inf], [inf], [inf], [inf], [inf], [inf], [inf], [inf], [inf], [inf], [inf], [inf], [inf], [inf], [inf], [inf], [inf], [inf], [inf], [inf], [inf], [inf], [inf], [inf], [inf], [inf], [inf], [inf], [inf], [inf], [inf], [inf], [inf], [inf], [inf], [inf], [inf], [inf], [inf], [inf], [inf], [inf], [inf], [inf]]",0,0.14806652069091797,23.658982038497925,1159
325,onnx/CIFAR100_resnet_medium.onnx,vnnlib/resnet_medium__label_17__idx_388_global_k1024_eps_0.0039.vnnlib,100,unsat False,"[[inf], [inf], [inf], [inf], [inf], [inf], [inf], [inf], [inf], [inf], [inf], [inf], [inf], [inf], [inf], [inf], [inf], [inf], [inf], [inf], [inf], [inf], [inf], [inf], [inf], [inf], [inf], [inf], [inf], [inf], [inf], [inf], [inf], [inf], [inf], [inf], [inf], [inf], [inf], [inf], [inf], [inf], [inf], [inf], [inf], [inf], [inf], [inf], [inf], [inf], [inf], [inf], [inf], [inf], [inf], [inf], [inf], [inf], [inf], [inf], [inf], [inf], [inf], [inf], [inf], [inf], [inf], [inf], [inf], [inf], [inf], [inf], [inf], [inf], [inf], [inf], [inf], [inf], [inf], [inf], [inf], [inf], [inf], [inf], [inf], [inf], [inf], [inf], [inf], [inf], [inf], [inf], [inf], [inf], [inf], [inf]]",0,0.22427845001220703,37.34590530395508,1083
326,onnx/CIFAR100_resnet_medium.onnx,vnnlib/resnet_medium__label_17__idx_388_fix_mask_seg0_k1024_eps_0.0039.vnnlib,100,unsat True,,,,2.821796417236328,0
327,onnx/CIFAR100_resnet_medium.onnx,vnnlib/resnet_medium__label_17__idx_388_fix_nonmask_seg0_k1024_eps_0.0039.vnnlib,100,unsat False,"[[inf], [inf], [inf], [inf], [inf], [inf], [inf], [inf], [inf], [inf], [inf], [inf], [inf], [inf], [inf], [inf], [inf], [inf], [inf], [inf], [inf], [inf], [inf], [inf], [inf], [inf], [inf], [inf], [inf], [inf], [inf], [inf], [inf], [inf], [inf], [inf], [inf], [inf], [inf], [inf], [inf], [inf], [inf], [inf], [inf], [inf], [inf], [inf], [inf], [inf], [inf], [inf], [inf], [inf], [inf], [inf], [inf], [inf], [inf], [inf], [inf], [inf], [inf], [inf], [inf], [inf], [inf], [inf], [inf], [inf], [inf], [inf], [inf], [inf], [inf], [inf], [inf], [inf], [inf], [inf], [inf], [inf], [inf], [inf], [inf], [inf], [inf], [inf], [inf], [inf], [inf], [inf], [inf], [inf], [inf], [inf]]",0,0.22854208946228027,34.72111105918884,1073
328,onnx/CIFAR100_resnet_medium.onnx,vnnlib/resnet_medium__label_17__idx_9758_global_k1024_eps_0.0039.vnnlib,100,timeout False,"[[inf], [inf], [inf], [inf], [inf], [inf], [inf], [inf], [inf], [inf], [inf], [inf], [inf], [inf], [inf], [inf], [inf], [inf], [inf], [inf], [inf], [inf], [inf], [inf], [inf], [inf], [inf], [inf], [inf], [inf], [inf], [inf], [inf], [inf], [inf], [inf], [inf], [inf], [inf], [inf], [inf], [inf], [inf], [inf], [inf], [inf], [inf], [inf], [inf], [inf], [inf], [inf], [inf], [inf], [inf], [inf], [inf], [inf], [inf], [inf], [inf], [inf], [inf], [inf], [inf], [inf], [inf], [inf], [inf], [inf], [inf], [inf], [inf], [inf], [inf], [inf], [inf], [inf], [inf], [inf], [inf], [inf], [inf], [inf], [inf], [inf], [inf], [inf], [inf], [inf], [inf], [inf], [inf], [inf], [inf], [inf], [inf], [inf]]",0,0.2224581241607666,103.99408888816833,1047
329,onnx/CIFAR100_resnet_medium.onnx,vnnlib/resnet_medium__label_17__idx_9758_fix_mask_seg0_k1024_eps_0.0039.vnnlib,100,unsat True,,,,3.6826748847961426,0
330,onnx/CIFAR100_resnet_medium.onnx,vnnlib/resnet_medium__label_17__idx_9758_fix_nonmask_seg0_k1024_eps_0.0039.vnnlib,100,unsat False,"[[inf], [inf], [inf], [inf], [inf], [inf], [inf], [inf], [inf], [inf], [inf], [inf], [inf], [inf], [inf], [inf], [inf], [inf], [inf], [inf], [inf], [inf], [inf], [inf], [inf], [inf], [inf], [inf], [inf], [inf], [inf], [inf], [inf], [inf], [inf], [inf], [inf], [inf], [inf], [inf], [inf], [inf], [inf], [inf], [inf], [inf], [inf], [inf], [inf], [inf], [inf], [inf], [inf], [inf], [inf], [inf], [inf], [inf], [inf], [inf], [inf], [inf], [inf], [inf], [inf], [inf], [inf], [inf], [inf], [inf], [inf], [inf], [inf], [inf], [inf], [inf], [inf], [inf], [inf], [inf], [inf], [inf], [inf], [inf], [inf], [inf], [inf], [inf], [inf], [inf], [inf], [inf], [inf], [inf], [inf], [inf], [inf], [inf]]",0,0.23206520080566406,51.31032180786133,1018
331,onnx/CIFAR100_resnet_medium.onnx,vnnlib/resnet_medium__label_17__idx_9941_global_k1024_eps_0.0039.vnnlib,100,unsat True,,,,11.541914463043213,0
332,onnx/CIFAR100_resnet_medium.onnx,vnnlib/resnet_medium__label_17__idx_9941_fix_mask_seg0_k1024_eps_0.0039.vnnlib,100,unsat True,,,,3.585454225540161,0
333,onnx/CIFAR100_resnet_medium.onnx,vnnlib/resnet_medium__label_17__idx_9941_fix_nonmask_seg0_k1024_eps_0.0039.vnnlib,100,unsat True,,,,12.143097162246704,0
334,onnx/CIFAR100_resnet_medium.onnx,vnnlib/resnet_medium__label_18__idx_4586_global_k1024_eps_0.0039.vnnlib,100,timeout False,"[[inf], [inf], [inf], [inf], [inf], [inf], [inf], [inf], [inf], [inf], [inf], [inf], [inf], [inf], [inf], [inf], [inf], [inf], [inf], [inf], [inf], [inf], [inf], [inf], [inf], [inf], [inf], [inf], [inf], [inf], [inf], [inf], [inf], [inf], [inf], [inf], [inf], [inf], [inf], [inf], [inf], [inf], [inf], [inf], [inf], [inf], [inf], [inf], [inf], [inf], [inf], [inf], [inf], [inf], [inf], [inf], [inf], [inf], [inf], [inf], [inf], [inf], [inf], [inf], [inf], [inf], [inf], [inf], [inf], [inf], [inf], [inf], [inf], [inf], [inf], [inf], [inf], [inf], [inf], [inf], [inf], [inf], [inf], [inf], [inf], [inf], [inf], [inf], [inf], [inf], [inf], [inf], [inf], [inf], [inf], [inf], [inf], [inf]]",0,0.23376798629760742,104.58060240745544,1174
335,onnx/CIFAR100_resnet_medium.onnx,vnnlib/resnet_medium__label_18__idx_4586_fix_mask_seg0_k1024_eps_0.0039.vnnlib,100,unsat True,,,,3.1460442543029785,0
336,onnx/CIFAR100_resnet_medium.onnx,vnnlib/resnet_medium__label_18__idx_4586_fix_nonmask_seg0_k1024_eps_0.0039.vnnlib,100,timeout False,"[[inf], [inf], [inf], [inf], [inf], [inf], [inf], [inf], [inf], [inf], [inf], [inf], [inf], [inf], [inf], [inf], [inf], [inf], [inf], [inf], [inf], [inf], [inf], [inf], [inf], [inf], [inf], [inf], [inf], [inf], [inf], [inf], [inf], [inf], [inf], [inf], [inf], [inf], [inf], [inf], [inf], [inf], [inf], [inf], [inf], [inf], [inf], [inf], [inf], [inf], [inf], [inf], [inf], [inf], [inf], [inf], [inf], [inf], [inf], [inf], [inf], [inf], [inf], [inf], [inf], [inf], [inf], [inf], [inf], [inf], [inf], [inf], [inf], [inf], [inf], [inf], [inf], [inf], [inf], [inf], [inf], [inf], [inf], [inf], [inf], [inf], [inf], [inf], [inf], [inf], [inf], [inf], [inf], [inf], [inf], [inf], [inf], [inf]]",0,0.23546576499938965,103.95480275154114,1174
337,onnx/CIFAR100_resnet_medium.onnx,vnnlib/resnet_medium__label_18__idx_9124_global_k1024_eps_0.0039.vnnlib,100,timeout False,"[[inf], [inf], [inf], [inf], [inf], [inf], [inf], [inf], [inf], [inf], [inf], [inf], [inf], [inf], [inf], [inf], [inf], [inf], [inf], [inf], [inf], [inf], [inf], [inf], [inf], [inf], [inf], [inf], [inf], [inf], [inf], [inf], [inf], [inf], [inf], [inf], [inf], [inf], [inf], [inf], [inf], [inf], [inf], [inf], [inf], [inf], [inf], [inf], [inf], [inf], [inf], [inf], [inf], [inf], [inf], [inf], [inf], [inf], [inf], [inf], [inf], [inf], [inf], [inf], [inf], [inf], [inf], [inf], [inf], [inf], [inf], [inf], [inf], [inf], [inf], [inf], [inf], [inf], [inf], [inf], [inf], [inf], [inf], [inf], [inf], [inf], [inf], [inf], [inf], [inf], [inf], [inf], [inf], [inf], [inf], [inf], [inf], [inf]]",0,0.23525214195251465,104.44351887702942,1062
338,onnx/CIFAR100_resnet_medium.onnx,vnnlib/resnet_medium__label_18__idx_9124_fix_mask_seg0_k1024_eps_0.0039.vnnlib,100,unsat True,,,,2.39859938621521,0
339,onnx/CIFAR100_resnet_medium.onnx,vnnlib/resnet_medium__label_18__idx_9124_fix_nonmask_seg0_k1024_eps_0.0039.vnnlib,100,timeout False,"[[inf], [inf], [inf], [inf], [inf], [inf], [inf], [inf], [inf], [inf], [inf], [inf], [inf], [inf], [inf], [inf], [inf], [inf], [inf], [inf], [inf], [inf], [inf], [inf], [inf], [inf], [inf], [inf], [inf], [inf], [inf], [inf], [inf], [inf], [inf], [inf], [inf], [inf], [inf], [inf], [inf], [inf], [inf], [inf], [inf], [inf], [inf], [inf], [inf], [inf], [inf], [inf], [inf], [inf], [inf], [inf], [inf], [inf], [inf], [inf], [inf], [inf], [inf], [inf], [inf], [inf], [inf], [inf], [inf], [inf], [inf], [inf], [inf], [inf], [inf], [inf], [inf], [inf], [inf], [inf], [inf], [inf], [inf], [inf], [inf], [inf], [inf], [inf], [inf], [inf], [inf], [inf], [inf], [inf], [inf], [inf], [inf], [inf]]",0,0.3159313201904297,105.27052474021912,1062
340,onnx/CIFAR100_resnet_medium.onnx,vnnlib/resnet_medium__label_20__idx_3539_global_k1024_eps_0.0039.vnnlib,100,unsat False,"[[inf], [inf], [inf], [inf], [inf], [inf], [inf], [inf], [inf], [inf], [inf], [inf], [inf], [inf], [inf], [inf], [inf], [inf], [inf], [inf], [inf], [inf], [inf], [inf], [inf], [inf], [inf], [inf], [inf], [inf], [inf], [inf], [inf], [inf], [inf], [inf], [inf], [inf], [inf], [inf], [inf], [inf], [inf], [inf], [inf], [inf], [inf], [inf], [inf], [inf], [inf], [inf], [inf], [inf], [inf], [inf], [inf], [inf], [inf], [inf], [inf], [inf], [inf], [inf], [inf], [inf], [inf], [inf], [inf], [inf], [inf], [inf], [inf], [inf], [inf], [inf], [inf], [inf], [inf], [inf], [inf], [inf], [inf], [inf], [inf], [inf], [inf], [inf], [inf], [inf], [inf], [inf], [inf], [inf], [inf], [inf]]",0,0.33118462562561035,19.28654432296753,1072
341,onnx/CIFAR100_resnet_medium.onnx,vnnlib/resnet_medium__label_20__idx_3539_fix_mask_seg0_k1024_eps_0.0039.vnnlib,100,unsat True,,,,3.1691653728485107,0
342,onnx/CIFAR100_resnet_medium.onnx,vnnlib/resnet_medium__label_20__idx_3539_fix_nonmask_seg0_k1024_eps_0.0039.vnnlib,100,unsat False,"[[inf], [inf], [inf], [inf], [inf], [inf], [inf], [inf], [inf], [inf], [inf], [inf], [inf], [inf], [inf], [inf], [inf], [inf], [inf], [inf], [inf], [inf], [inf], [inf], [inf], [inf], [inf], [inf], [inf], [inf], [inf], [inf], [inf], [inf], [inf], [inf], [inf], [inf], [inf], [inf], [inf], [inf], [inf], [inf], [inf], [inf], [inf], [inf], [inf], [inf], [inf], [inf], [inf], [inf], [inf], [inf], [inf], [inf], [inf], [inf], [inf], [inf], [inf], [inf], [inf], [inf], [inf], [inf], [inf], [inf], [inf], [inf], [inf], [inf], [inf], [inf], [inf], [inf], [inf], [inf], [inf], [inf], [inf], [inf], [inf], [inf], [inf], [inf], [inf], [inf], [inf], [inf], [inf], [inf], [inf], [inf]]",0,0.23647785186767578,18.36149787902832,1072
343,onnx/CIFAR100_resnet_medium.onnx,vnnlib/resnet_medium__label_20__idx_5266_global_k1024_eps_0.0039.vnnlib,100,timeout False,"[[inf], [inf], [inf], [inf], [inf], [inf], [inf], [inf], [inf], [inf], [inf], [inf], [inf], [inf], [inf], [inf], [inf], [inf], [inf], [inf], [inf], [inf], [inf], [inf], [inf], [inf], [inf], [inf], [inf], [inf], [inf], [inf], [inf], [inf], [inf], [inf], [inf], [inf], [inf], [inf], [inf], [inf], [inf], [inf], [inf], [inf], [inf], [inf], [inf], [inf], [inf], [inf], [inf], [inf], [inf], [inf], [inf], [inf], [inf], [inf], [inf], [inf], [inf], [inf], [inf], [inf], [inf], [inf], [inf], [inf], [inf], [inf], [inf], [inf], [inf], [inf], [inf], [inf], [inf], [inf], [inf], [inf], [inf], [inf], [inf], [inf], [inf], [inf], [inf], [inf], [inf], [inf], [inf], [inf], [inf], [inf], [inf], [inf]]",0,0.23467779159545898,101.94224667549133,680
344,onnx/CIFAR100_resnet_medium.onnx,vnnlib/resnet_medium__label_20__idx_5266_fix_mask_seg0_k1024_eps_0.0039.vnnlib,100,unsat True,,,,3.315133571624756,0
345,onnx/CIFAR100_resnet_medium.onnx,vnnlib/resnet_medium__label_20__idx_5266_fix_nonmask_seg0_k1024_eps_0.0039.vnnlib,100,timeout False,"[[inf], [inf], [inf], [inf], [inf], [inf], [inf], [inf], [inf], [inf], [inf], [inf], [inf], [inf], [inf], [inf], [inf], [inf], [inf], [inf], [inf], [inf], [inf], [inf], [inf], [inf], [inf], [inf], [inf], [inf], [inf], [inf], [inf], [inf], [inf], [inf], [inf], [inf], [inf], [inf], [inf], [inf], [inf], [inf], [inf], [inf], [inf], [inf], [inf], [inf], [inf], [inf], [inf], [inf], [inf], [inf], [inf], [inf], [inf], [inf], [inf], [inf], [inf], [inf], [inf], [inf], [inf], [inf], [inf], [inf], [inf], [inf], [inf], [inf], [inf], [inf], [inf], [inf], [inf], [inf], [inf], [inf], [inf], [inf], [inf], [inf], [inf], [inf], [inf], [inf], [inf], [inf], [inf], [inf], [inf], [inf], [inf], [inf]]",0,0.2311420440673828,105.16375827789307,676
346,onnx/CIFAR100_resnet_medium.onnx,vnnlib/resnet_medium__label_20__idx_9332_global_k1024_eps_0.0039.vnnlib,100,unsat False,"[[inf], [inf], [inf], [inf], [inf], [inf], [inf], [inf], [inf], [inf], [inf], [inf], [inf], [inf], [inf], [inf], [inf], [inf], [inf], [inf], [inf], [inf], [inf], [inf], [inf], [inf], [inf], [inf], [inf], [inf], [inf], [inf], [inf], [inf], [inf], [inf], [inf], [inf], [inf], [inf], [inf], [inf], [inf], [inf], [inf], [inf], [inf], [inf], [inf], [inf], [inf], [inf], [inf], [inf], [inf], [inf], [inf], [inf], [inf], [inf], [inf], [inf], [inf], [inf], [inf], [inf], [inf], [inf], [inf], [inf], [inf], [inf], [inf], [inf], [inf], [inf], [inf], [inf], [inf], [inf], [inf], [inf], [inf], [inf], [inf], [inf], [inf], [inf], [inf], [inf], [inf], [inf], [inf], [inf], [inf], [inf], [inf], [inf]]",0,0.1474902629852295,14.441431760787964,1100
347,onnx/CIFAR100_resnet_medium.onnx,vnnlib/resnet_medium__label_20__idx_9332_fix_mask_seg0_k1024_eps_0.0039.vnnlib,100,unsat True,,,,3.693876028060913,0
348,onnx/CIFAR100_resnet_medium.onnx,vnnlib/resnet_medium__label_20__idx_9332_fix_nonmask_seg0_k1024_eps_0.0039.vnnlib,100,unsat False,"[[inf], [inf], [inf], [inf], [inf], [inf], [inf], [inf], [inf], [inf], [inf], [inf], [inf], [inf], [inf], [inf], [inf], [inf], [inf], [inf], [inf], [inf], [inf], [inf], [inf], [inf], [inf], [inf], [inf], [inf], [inf], [inf], [inf], [inf], [inf], [inf], [inf], [inf], [inf], [inf], [inf], [inf], [inf], [inf], [inf], [inf], [inf], [inf], [inf], [inf], [inf], [inf], [inf], [inf], [inf], [inf], [inf], [inf], [inf], [inf], [inf], [inf], [inf], [inf], [inf], [inf], [inf], [inf], [inf], [inf], [inf], [inf], [inf], [inf], [inf], [inf], [inf], [inf], [inf], [inf], [inf], [inf], [inf], [inf], [inf], [inf], [inf], [inf], [inf], [inf], [inf], [inf], [inf], [inf], [inf], [inf], [inf], [inf]]",0,0.1916496753692627,15.728619575500488,1100
349,onnx/CIFAR100_resnet_medium.onnx,vnnlib/resnet_medium__label_21__idx_4555_global_k1024_eps_0.0039.vnnlib,100,timeout False,"[[inf], [inf], [inf], [inf], [inf], [inf], [inf], [inf], [inf], [inf], [inf], [inf], [inf], [inf], [inf], [inf], [inf], [inf], [inf], [inf], [inf], [inf], [inf], [inf], [inf], [inf], [inf], [inf], [inf], [inf], [inf], [inf], [inf], [inf], [inf], [inf], [inf], [inf], [inf], [inf], [inf], [inf], [inf], [inf], [inf], [inf], [inf], [inf], [inf], [inf], [inf], [inf], [inf], [inf], [inf], [inf], [inf], [inf], [inf], [inf], [inf], [inf], [inf], [inf], [inf], [inf], [inf], [inf], [inf], [inf], [inf], [inf], [inf], [inf], [inf], [inf], [inf], [inf], [inf], [inf], [inf], [inf], [inf], [inf], [inf], [inf], [inf], [inf], [inf], [inf], [inf], [inf], [inf], [inf], [inf], [inf], [inf]]",0,0.22821736335754395,105.3890688419342,1024
350,onnx/CIFAR100_resnet_medium.onnx,vnnlib/resnet_medium__label_21__idx_4555_fix_mask_seg0_k1024_eps_0.0039.vnnlib,100,unsat True,,,,2.4739789962768555,0
351,onnx/CIFAR100_resnet_medium.onnx,vnnlib/resnet_medium__label_21__idx_4555_fix_nonmask_seg0_k1024_eps_0.0039.vnnlib,100,timeout False,"[[inf], [inf], [inf], [inf], [inf], [inf], [inf], [inf], [inf], [inf], [inf], [inf], [inf], [inf], [inf], [inf], [inf], [inf], [inf], [inf], [inf], [inf], [inf], [inf], [inf], [inf], [inf], [inf], [inf], [inf], [inf], [inf], [inf], [inf], [inf], [inf], [inf], [inf], [inf], [inf], [inf], [inf], [inf], [inf], [inf], [inf], [inf], [inf], [inf], [inf], [inf], [inf], [inf], [inf], [inf], [inf], [inf], [inf], [inf], [inf], [inf], [inf], [inf], [inf], [inf], [inf], [inf], [inf], [inf], [inf], [inf], [inf], [inf], [inf], [inf], [inf], [inf], [inf], [inf], [inf], [inf], [inf], [inf], [inf], [inf], [inf], [inf], [inf], [inf], [inf], [inf], [inf], [inf], [inf], [inf], [inf], [inf]]",0,0.23636221885681152,103.74531745910645,1024
352,onnx/CIFAR100_resnet_medium.onnx,vnnlib/resnet_medium__label_25__idx_1061_global_k1024_eps_0.0039.vnnlib,100,unsat False,"[[inf], [inf], [inf], [inf], [inf], [inf], [inf], [inf], [inf], [inf], [inf], [inf], [inf], [inf], [inf], [inf], [inf], [inf], [inf], [inf], [inf], [inf], [inf], [inf], [inf], [inf], [inf], [inf], [inf], [inf], [inf], [inf], [inf], [inf], [inf], [inf], [inf], [inf], [inf], [inf], [inf], [inf], [inf], [inf], [inf], [inf], [inf], [inf], [inf], [inf], [inf], [inf], [inf], [inf], [inf], [inf], [inf], [inf], [inf], [inf], [inf], [inf], [inf], [inf], [inf], [inf], [inf], [inf], [inf], [inf], [inf], [inf], [inf], [inf], [inf], [inf], [inf], [inf], [inf], [inf], [inf], [inf], [inf], [inf], [inf], [inf], [inf], [inf], [inf], [inf], [inf], [inf], [inf], [inf], [inf], [inf], [inf], [inf]]",0,0.35527634620666504,18.204850912094116,867
353,onnx/CIFAR100_resnet_medium.onnx,vnnlib/resnet_medium__label_25__idx_1061_fix_mask_seg0_k1024_eps_0.0039.vnnlib,100,unsat True,,,,3.2960169315338135,0
354,onnx/CIFAR100_resnet_medium.onnx,vnnlib/resnet_medium__label_25__idx_1061_fix_nonmask_seg0_k1024_eps_0.0039.vnnlib,100,unsat False,"[[inf], [inf], [inf], [inf], [inf], [inf], [inf], [inf], [inf], [inf], [inf], [inf], [inf], [inf], [inf], [inf], [inf], [inf], [inf], [inf], [inf], [inf], [inf], [inf], [inf], [inf], [inf], [inf], [inf], [inf], [inf], [inf], [inf], [inf], [inf], [inf], [inf], [inf], [inf], [inf], [inf], [inf], [inf], [inf], [inf], [inf], [inf], [inf], [inf], [inf], [inf], [inf], [inf], [inf], [inf], [inf], [inf], [inf], [inf], [inf], [inf], [inf], [inf], [inf], [inf], [inf], [inf], [inf], [inf], [inf], [inf], [inf], [inf], [inf], [inf], [inf], [inf], [inf], [inf], [inf], [inf], [inf], [inf], [inf], [inf], [inf], [inf], [inf], [inf], [inf], [inf], [inf], [inf], [inf], [inf], [inf], [inf], [inf]]",0,0.2351536750793457,17.49913191795349,863
355,onnx/CIFAR100_resnet_medium.onnx,vnnlib/resnet_medium__label_25__idx_2893_global_k1024_eps_0.0039.vnnlib,100,unsat False,"[[inf], [inf], [inf], [inf], [inf], [inf], [inf], [inf], [inf], [inf], [inf], [inf], [inf], [inf], [inf], [inf], [inf], [inf], [inf], [inf], [inf], [inf], [inf], [inf], [inf], [inf], [inf], [inf], [inf], [inf], [inf], [inf], [inf], [inf], [inf], [inf], [inf], [inf], [inf], [inf], [inf], [inf], [inf], [inf], [inf], [inf], [inf], [inf], [inf], [inf], [inf], [inf], [inf], [inf], [inf], [inf], [inf], [inf], [inf], [inf], [inf], [inf], [inf], [inf], [inf], [inf], [inf], [inf], [inf], [inf], [inf], [inf], [inf], [inf], [inf], [inf], [inf], [inf], [inf], [inf], [inf], [inf], [inf], [inf], [inf], [inf], [inf], [inf], [inf], [inf], [inf], [inf], [inf], [inf]]",0,1.6895766258239746,60.91324162483215,946
356,onnx/CIFAR100_resnet_medium.onnx,vnnlib/resnet_medium__label_25__idx_2893_fix_mask_seg0_k1024_eps_0.0039.vnnlib,100,unsat True,,,,3.6413958072662354,0
357,onnx/CIFAR100_resnet_medium.onnx,vnnlib/resnet_medium__label_25__idx_2893_fix_nonmask_seg0_k1024_eps_0.0039.vnnlib,100,unsat False,"[[inf], [inf], [inf], [inf], [inf], [inf], [inf], [inf], [inf], [inf], [inf], [inf], [inf], [inf], [inf], [inf], [inf], [inf], [inf], [inf], [inf], [inf], [inf], [inf], [inf], [inf], [inf], [inf], [inf], [inf], [inf], [inf], [inf], [inf], [inf], [inf], [inf], [inf], [inf], [inf], [inf], [inf], [inf], [inf], [inf], [inf], [inf], [inf], [inf], [inf], [inf], [inf], [inf], [inf], [inf], [inf], [inf], [inf], [inf], [inf], [inf], [inf], [inf], [inf], [inf], [inf], [inf], [inf], [inf], [inf], [inf], [inf], [inf], [inf], [inf], [inf], [inf], [inf], [inf], [inf], [inf], [inf], [inf], [inf], [inf], [inf], [inf], [inf], [inf], [inf], [inf], [inf], [inf], [inf]]",0,0.27277517318725586,52.217477560043335,939
358,onnx/CIFAR100_resnet_medium.onnx,vnnlib/resnet_medium__label_25__idx_2906_global_k1024_eps_0.0039.vnnlib,100,sat True,,,,3.5782816410064697,0
359,onnx/CIFAR100_resnet_medium.onnx,vnnlib/resnet_medium__label_25__idx_2906_fix_mask_seg0_k1024_eps_0.0039.vnnlib,100,unsat True,,,,4.03245210647583,0
360,onnx/CIFAR100_resnet_medium.onnx,vnnlib/resnet_medium__label_25__idx_2906_fix_nonmask_seg0_k1024_eps_0.0039.vnnlib,100,sat True,,,,3.5665018558502197,0
361,onnx/CIFAR100_resnet_medium.onnx,vnnlib/resnet_medium__label_26__idx_9099_global_k1024_eps_0.0039.vnnlib,100,timeout False,"[[inf], [inf], [inf], [inf], [inf], [inf], [inf], [inf], [inf], [inf], [inf], [inf], [inf], [inf], [inf], [inf], [inf], [inf], [inf], [inf], [inf], [inf], [inf], [inf], [inf], [inf], [inf], [inf], [inf], [inf], [inf], [inf], [inf], [inf], [inf], [inf], [inf], [inf], [inf], [inf], [inf], [inf], [inf], [inf], [inf], [inf], [inf], [inf], [inf], [inf], [inf], [inf], [inf], [inf], [inf], [inf], [inf], [inf], [inf], [inf], [inf], [inf], [inf], [inf], [inf], [inf], [inf], [inf], [inf], [inf], [inf], [inf], [inf], [inf], [inf], [inf], [inf], [inf], [inf], [inf], [inf], [inf], [inf], [inf], [inf], [inf], [inf], [inf], [inf], [inf], [inf], [inf], [inf], [inf], [inf]]",0,0.23311114311218262,102.33938312530518,1014
362,onnx/CIFAR100_resnet_medium.onnx,vnnlib/resnet_medium__label_26__idx_9099_fix_mask_seg0_k1024_eps_0.0039.vnnlib,100,unsat True,,,,3.0068719387054443,0
363,onnx/CIFAR100_resnet_medium.onnx,vnnlib/resnet_medium__label_26__idx_9099_fix_nonmask_seg0_k1024_eps_0.0039.vnnlib,100,timeout False,"[[inf], [inf], [inf], [inf], [inf], [inf], [inf], [inf], [inf], [inf], [inf], [inf], [inf], [inf], [inf], [inf], [inf], [inf], [inf], [inf], [inf], [inf], [inf], [inf], [inf], [inf], [inf], [inf], [inf], [inf], [inf], [inf], [inf], [inf], [inf], [inf], [inf], [inf], [inf], [inf], [inf], [inf], [inf], [inf], [inf], [inf], [inf], [inf], [inf], [inf], [inf], [inf], [inf], [inf], [inf], [inf], [inf], [inf], [inf], [inf], [inf], [inf], [inf], [inf], [inf], [inf], [inf], [inf], [inf], [inf], [inf], [inf], [inf], [inf], [inf], [inf], [inf], [inf], [inf], [inf], [inf], [inf], [inf], [inf], [inf], [inf], [inf], [inf], [inf], [inf], [inf], [inf], [inf], [inf], [inf]]",0,0.14660310745239258,102.17398929595947,1014
364,onnx/CIFAR100_resnet_medium.onnx,vnnlib/resnet_medium__label_27__idx_1968_global_k1024_eps_0.0039.vnnlib,100,unsat False,"[[inf], [inf], [inf], [inf], [inf], [inf], [inf], [inf], [inf], [inf], [inf], [inf], [inf], [inf], [inf], [inf], [inf], [inf], [0.13752365112304688], [inf], [inf], [inf], [inf], [inf], [inf], [inf], [inf], [inf], [inf], [inf], [inf], [inf], [inf], [inf], [inf], [inf], [inf], [inf], [inf], [inf], [inf], [inf], [inf], [inf], [inf], [inf], [inf], [inf], [inf], [inf], [inf], [inf], [inf], [inf], [inf], [inf], [inf], [inf], [inf], [inf], [0.02225351333618164], [inf], [inf], [inf], [inf], [inf], [inf], [inf], [inf], [inf], [inf], [inf], [inf], [inf], [inf], [inf], [inf], [0.024343490600585938], [inf], [inf], [inf], [inf], [inf], [inf], [inf], [inf], [inf], [inf], [inf], [inf], [inf], [inf], [inf], [inf], [inf], [inf]]",0,0.39227843284606934,40.48192548751831,1180
365,onnx/CIFAR100_resnet_medium.onnx,vnnlib/resnet_medium__label_27__idx_1968_fix_mask_seg0_k1024_eps_0.0039.vnnlib,100,unsat True,,,,3.3954474925994873,0
366,onnx/CIFAR100_resnet_medium.onnx,vnnlib/resnet_medium__label_27__idx_1968_fix_nonmask_seg0_k1024_eps_0.0039.vnnlib,100,unsat False,"[[inf], [inf], [inf], [inf], [inf], [inf], [inf], [inf], [inf], [inf], [inf], [inf], [inf], [inf], [inf], [inf], [inf], [inf], [inf], [inf], [inf], [inf], [inf], [inf], [inf], [inf], [inf], [inf], [inf], [inf], [inf], [inf], [inf], [inf], [inf], [inf], [inf], [inf], [inf], [inf], [inf], [inf], [inf], [inf], [inf], [inf], [inf], [inf], [inf], [inf], [inf], [inf], [inf], [inf], [inf], [inf], [inf], [inf], [inf], [inf], [0.07055830955505371], [inf], [inf], [inf], [inf], [inf], [inf], [inf], [inf], [inf], [inf], [inf], [inf], [inf], [inf], [inf], [inf], [0.04774951934814453], [inf], [inf], [inf], [inf], [inf], [inf], [inf], [inf], [inf], [inf], [inf], [inf], [inf], [inf], [inf], [inf], [inf], [inf]]",0,0.22664213180541992,34.57308053970337,1160
367,onnx/CIFAR100_resnet_medium.onnx,vnnlib/resnet_medium__label_27__idx_3020_global_k1024_eps_0.0039.vnnlib,100,sat True,,,,5.244687557220459,0
368,onnx/CIFAR100_resnet_medium.onnx,vnnlib/resnet_medium__label_27__idx_3020_fix_mask_seg0_k1024_eps_0.0039.vnnlib,100,unsat True,,,,2.806129217147827,0
369,onnx/CIFAR100_resnet_medium.onnx,vnnlib/resnet_medium__label_27__idx_3020_fix_nonmask_seg0_k1024_eps_0.0039.vnnlib,100,sat True,,,,4.172626972198486,0
370,onnx/CIFAR100_resnet_medium.onnx,vnnlib/resnet_medium__label_29__idx_5525_global_k1024_eps_0.0039.vnnlib,100,sat True,,,,5.087868690490723,0
371,onnx/CIFAR100_resnet_medium.onnx,vnnlib/resnet_medium__label_29__idx_5525_fix_mask_seg0_k1024_eps_0.0039.vnnlib,100,unsat True,,,,3.8431477546691895,0
372,onnx/CIFAR100_resnet_medium.onnx,vnnlib/resnet_medium__label_29__idx_5525_fix_nonmask_seg0_k1024_eps_0.0039.vnnlib,100,sat True,,,,6.033281564712524,0
373,onnx/CIFAR100_resnet_medium.onnx,vnnlib/resnet_medium__label_2__idx_8228_global_k1024_eps_0.0039.vnnlib,100,unsat False,"[[inf], [inf], [inf], [inf], [inf], [inf], [inf], [inf], [inf], [inf], [inf], [inf], [inf], [inf], [inf], [inf], [inf], [inf], [inf], [inf], [inf], [inf], [inf], [inf], [inf], [inf], [inf], [inf], [inf], [inf], [inf], [inf], [inf], [inf], [inf], [inf], [inf], [inf], [inf], [inf], [inf], [inf], [inf], [inf], [inf], [inf], [inf], [inf], [inf], [inf], [inf], [inf], [inf], [inf], [inf], [inf], [inf], [inf], [inf], [inf], [inf], [inf], [inf], [inf], [inf], [inf], [inf], [inf], [inf], [inf], [inf], [inf], [inf], [inf], [inf], [inf], [inf], [inf], [inf], [inf], [inf], [inf], [inf], [inf], [inf], [inf], [inf], [inf], [inf], [inf], [inf], [inf], [inf], [inf], [inf], [inf], [inf], [inf]]",0,0.2353055477142334,21.911584615707397,1141
374,onnx/CIFAR100_resnet_medium.onnx,vnnlib/resnet_medium__label_2__idx_8228_fix_mask_seg0_k1024_eps_0.0039.vnnlib,100,unsat True,,,,3.3969342708587646,0
375,onnx/CIFAR100_resnet_medium.onnx,vnnlib/resnet_medium__label_2__idx_8228_fix_nonmask_seg0_k1024_eps_0.0039.vnnlib,100,unsat False,"[[inf], [inf], [inf], [inf], [inf], [inf], [inf], [inf], [inf], [inf], [inf], [inf], [inf], [inf], [inf], [inf], [inf], [inf], [inf], [inf], [inf], [inf], [inf], [inf], [inf], [inf], [inf], [inf], [inf], [inf], [inf], [inf], [inf], [inf], [inf], [inf], [inf], [inf], [inf], [inf], [inf], [inf], [inf], [inf], [inf], [inf], [inf], [inf], [inf], [inf], [inf], [inf], [inf], [inf], [inf], [inf], [inf], [inf], [inf], [inf], [inf], [inf], [inf], [inf], [inf], [inf], [inf], [inf], [inf], [inf], [inf], [inf], [inf], [inf], [inf], [inf], [inf], [inf], [inf], [inf], [inf], [inf], [inf], [inf], [inf], [inf], [inf], [inf], [inf], [inf], [inf], [inf], [inf], [inf], [inf], [inf], [inf], [inf]]",0,0.2571251392364502,17.61776638031006,1047
376,onnx/CIFAR100_resnet_medium.onnx,vnnlib/resnet_medium__label_2__idx_8815_global_k1024_eps_0.0039.vnnlib,100,unsat False,"[[inf], [inf], [inf], [inf], [inf], [inf], [inf], [inf], [inf], [inf], [inf], [inf], [inf], [inf], [inf], [inf], [inf], [inf], [inf], [inf], [inf], [inf], [inf], [inf], [inf], [inf], [inf], [inf], [inf], [inf], [inf], [inf], [inf], [inf], [inf], [inf], [inf], [inf], [inf], [inf], [inf], [inf], [inf], [inf], [inf], [inf], [inf], [inf], [inf], [inf], [inf], [inf], [inf], [inf], [inf], [inf], [inf], [inf], [inf], [inf], [inf], [inf], [inf], [inf], [inf], [inf], [inf], [inf], [inf], [inf], [inf], [inf], [inf], [inf], [inf], [inf], [inf], [inf], [inf], [inf], [inf], [inf], [inf], [inf], [inf], [inf], [inf], [inf], [inf], [inf], [inf], [inf], [inf], [inf], [inf], [inf], [inf]]",0,0.2186892032623291,37.21582889556885,1036
377,onnx/CIFAR100_resnet_medium.onnx,vnnlib/resnet_medium__label_2__idx_8815_fix_mask_seg0_k1024_eps_0.0039.vnnlib,100,unsat True,,,,4.603110313415527,0
378,onnx/CIFAR100_resnet_medium.onnx,vnnlib/resnet_medium__label_2__idx_8815_fix_nonmask_seg0_k1024_eps_0.0039.vnnlib,100,unsat False,"[[inf], [inf], [inf], [inf], [inf], [inf], [inf], [inf], [inf], [inf], [inf], [inf], [inf], [inf], [inf], [inf], [inf], [inf], [inf], [inf], [inf], [inf], [inf], [inf], [inf], [inf], [inf], [inf], [inf], [inf], [inf], [inf], [inf], [inf], [inf], [inf], [inf], [inf], [inf], [inf], [inf], [inf], [inf], [inf], [0.024824202060699463], [inf], [inf], [inf], [inf], [inf], [inf], [inf], [inf], [inf], [inf], [inf], [inf], [inf], [inf], [inf], [inf], [inf], [inf], [inf], [inf], [inf], [inf], [inf], [inf], [inf], [inf], [inf], [inf], [inf], [inf], [inf], [inf], [inf], [inf], [inf], [inf], [inf], [inf], [inf], [inf], [inf], [inf], [inf], [inf], [inf], [inf], [inf], [inf], [inf], [inf], [inf], [inf], [inf]]",0,0.24416518211364746,30.039644718170166,976
379,onnx/CIFAR100_resnet_medium.onnx,vnnlib/resnet_medium__label_30__idx_282_global_k1024_eps_0.0039.vnnlib,100,timeout False,"[[inf], [inf], [inf], [inf], [inf], [inf], [inf], [inf], [inf], [inf], [inf], [inf], [inf], [inf], [inf], [inf], [inf], [inf], [inf], [inf], [inf], [inf], [inf], [inf], [inf], [inf], [inf], [inf], [inf], [inf], [inf], [inf], [inf], [inf], [inf], [inf], [inf], [inf], [inf], [inf], [inf], [inf], [inf], [inf], [inf], [inf], [inf], [inf], [inf], [inf], [inf], [inf], [inf], [inf], [inf], [inf], [inf], [inf], [inf], [inf], [inf], [inf], [inf], [inf], [inf], [inf], [inf], [inf], [inf], [inf], [inf], [inf], [inf], [inf], [inf], [inf], [inf], [inf], [inf], [inf], [inf], [inf], [inf], [inf], [inf], [inf], [inf], [inf], [inf], [inf], [inf], [inf], [inf], [inf], [inf], [inf], [inf], [inf]]",0,0.2325282096862793,104.2717673778534,949
380,onnx/CIFAR100_resnet_medium.onnx,vnnlib/resnet_medium__label_30__idx_282_fix_mask_seg0_k1024_eps_0.0039.vnnlib,100,unsat True,,,,3.0172884464263916,0
381,onnx/CIFAR100_resnet_medium.onnx,vnnlib/resnet_medium__label_30__idx_282_fix_nonmask_seg0_k1024_eps_0.0039.vnnlib,100,timeout False,"[[inf], [inf], [inf], [inf], [inf], [inf], [inf], [inf], [inf], [inf], [inf], [inf], [inf], [inf], [inf], [inf], [inf], [inf], [inf], [inf], [inf], [inf], [inf], [inf], [inf], [inf], [inf], [inf], [inf], [inf], [inf], [inf], [inf], [inf], [inf], [inf], [inf], [inf], [inf], [inf], [inf], [inf], [inf], [inf], [inf], [inf], [inf], [inf], [inf], [inf], [inf], [inf], [inf], [inf], [inf], [inf], [inf], [inf], [inf], [inf], [inf], [inf], [inf], [inf], [inf], [inf], [inf], [inf], [inf], [inf], [inf], [inf], [inf], [inf], [inf], [inf], [inf], [inf], [inf], [inf], [inf], [inf], [inf], [inf], [inf], [inf], [inf], [inf], [inf], [inf], [inf], [inf], [inf], [inf], [inf], [inf], [inf], [inf]]",0,0.1230316162109375,103.14398956298828,949
382,onnx/CIFAR100_resnet_medium.onnx,vnnlib/resnet_medium__label_31__idx_2848_global_k1024_eps_0.0039.vnnlib,100,unsat False,"[[inf], [inf], [inf], [inf], [0.04836153984069824], [inf], [inf], [inf], [inf], [inf], [inf], [inf], [inf], [inf], [inf], [inf], [inf], [inf], [inf], [inf], [inf], [inf], [inf], [inf], [inf], [inf], [inf], [inf], [inf], [inf], [inf], [inf], [inf], [inf], [inf], [inf], [inf], [inf], [inf], [inf], [inf], [inf], [inf], [inf], [inf], [inf], [inf], [inf], [inf], [inf], [inf], [inf], [inf], [inf], [inf], [inf], [inf], [inf], [inf], [inf], [inf], [inf], [inf], [inf], [inf], [inf], [inf], [inf], [inf], [inf], [inf], [inf], [inf], [inf], [inf], [inf], [inf], [inf], [inf], [inf], [inf], [inf], [inf], [inf], [inf], [inf], [inf], [inf], [inf], [inf], [inf], [inf], [inf], [inf], [inf], [inf], [inf], [inf]]",0,0.23479437828063965,21.0912823677063,1072
383,onnx/CIFAR100_resnet_medium.onnx,vnnlib/resnet_medium__label_31__idx_2848_fix_mask_seg0_k1024_eps_0.0039.vnnlib,100,unsat True,,,,3.0326497554779053,0
384,onnx/CIFAR100_resnet_medium.onnx,vnnlib/resnet_medium__label_31__idx_2848_fix_nonmask_seg0_k1024_eps_0.0039.vnnlib,100,unsat False,"[[inf], [inf], [inf], [inf], [0.09607493877410889], [inf], [inf], [inf], [inf], [inf], [inf], [inf], [inf], [inf], [inf], [inf], [inf], [inf], [inf], [inf], [inf], [inf], [inf], [inf], [inf], [inf], [inf], [inf], [inf], [inf], [inf], [inf], [inf], [inf], [inf], [inf], [inf], [inf], [inf], [inf], [inf], [inf], [inf], [inf], [inf], [inf], [inf], [inf], [inf], [inf], [inf], [inf], [inf], [inf], [inf], [inf], [inf], [inf], [inf], [inf], [inf], [inf], [inf], [inf], [inf], [inf], [inf], [inf], [inf], [inf], [inf], [inf], [inf], [inf], [inf], [inf], [inf], [inf], [inf], [inf], [inf], [inf], [inf], [inf], [inf], [inf], [inf], [inf], [inf], [inf], [inf], [inf], [inf], [inf], [inf], [inf], [inf], [inf]]",0,0.2309114933013916,18.4431095123291,1064
385,onnx/CIFAR100_resnet_medium.onnx,vnnlib/resnet_medium__label_31__idx_4651_global_k1024_eps_0.0039.vnnlib,100,unsat False,"[[inf], [inf], [inf], [inf], [inf], [inf], [inf], [inf], [inf], [inf], [inf], [inf], [inf], [inf], [inf], [inf], [inf], [inf], [inf], [inf], [inf], [inf], [inf], [inf], [inf], [inf], [inf], [inf], [inf], [inf], [inf], [inf], [inf], [inf], [inf], [inf], [0.04369914531707764], [inf], [inf], [inf], [inf], [inf], [inf], [inf], [inf], [inf], [inf], [inf], [inf], [inf], [inf], [inf], [inf], [inf], [inf], [inf], [inf], [inf], [inf], [inf], [inf], [inf], [inf], [inf], [inf], [inf], [inf], [inf], [inf], [inf], [inf], [inf], [inf], [inf], [inf], [inf], [inf], [inf], [inf], [inf], [inf], [inf], [inf], [inf], [inf], [inf], [inf], [inf], [inf], [inf], [inf], [inf], [inf], [inf], [inf], [inf], [inf], [inf]]",0,0.2337632179260254,21.427360773086548,1099
386,onnx/CIFAR100_resnet_medium.onnx,vnnlib/resnet_medium__label_31__idx_4651_fix_mask_seg0_k1024_eps_0.0039.vnnlib,100,unsat True,,,,3.3597586154937744,0
387,onnx/CIFAR100_resnet_medium.onnx,vnnlib/resnet_medium__label_31__idx_4651_fix_nonmask_seg0_k1024_eps_0.0039.vnnlib,100,unsat False,"[[inf], [inf], [inf], [inf], [inf], [inf], [inf], [inf], [inf], [inf], [inf], [inf], [inf], [inf], [inf], [inf], [inf], [inf], [inf], [inf], [inf], [inf], [inf], [inf], [inf], [inf], [inf], [inf], [inf], [inf], [inf], [inf], [inf], [inf], [inf], [inf], [inf], [inf], [inf], [inf], [inf], [inf], [inf], [inf], [inf], [inf], [inf], [inf], [inf], [inf], [inf], [inf], [inf], [inf], [inf], [inf], [inf], [inf], [inf], [inf], [inf], [inf], [inf], [inf], [inf], [inf], [inf], [inf], [inf], [inf], [inf], [inf], [inf], [inf], [inf], [inf], [inf], [inf], [inf], [inf], [inf], [inf], [inf], [inf], [inf], [inf], [inf], [inf], [inf], [inf], [inf], [inf], [inf], [inf], [inf], [inf], [inf], [inf]]",0,0.23557329177856445,16.22304677963257,986
388,onnx/CIFAR100_resnet_medium.onnx,vnnlib/resnet_medium__label_33__idx_1208_global_k1024_eps_0.0039.vnnlib,100,unsat False,"[[inf], [inf], [inf], [inf], [inf], [inf], [inf], [inf], [inf], [inf], [inf], [inf], [inf], [inf], [inf], [inf], [inf], [inf], [inf], [inf], [inf], [inf], [inf], [inf], [inf], [inf], [inf], [inf], [inf], [inf], [inf], [inf], [inf], [inf], [inf], [inf], [inf], [inf], [inf], [inf], [inf], [inf], [inf], [inf], [inf], [inf], [inf], [inf], [inf], [inf], [inf], [inf], [inf], [inf], [inf], [inf], [inf], [inf], [inf], [inf], [inf], [inf], [inf], [inf], [inf], [inf], [inf], [inf], [inf], [inf], [inf], [inf], [inf], [inf], [inf], [inf], [inf], [inf], [inf], [inf], [inf], [inf], [inf], [inf], [inf], [inf], [inf], [inf], [inf], [inf], [inf], [inf], [inf], [inf], [inf], [inf], [inf], [inf]]",0,0.2314450740814209,17.169691801071167,1255
389,onnx/CIFAR100_resnet_medium.onnx,vnnlib/resnet_medium__label_33__idx_1208_fix_mask_seg0_k1024_eps_0.0039.vnnlib,100,unsat True,,,,3.265021562576294,0
390,onnx/CIFAR100_resnet_medium.onnx,vnnlib/resnet_medium__label_33__idx_1208_fix_nonmask_seg0_k1024_eps_0.0039.vnnlib,100,unsat False,"[[inf], [inf], [inf], [inf], [inf], [inf], [inf], [inf], [inf], [inf], [inf], [inf], [inf], [inf], [inf], [inf], [inf], [inf], [inf], [inf], [inf], [inf], [inf], [inf], [inf], [inf], [inf], [inf], [inf], [inf], [inf], [inf], [inf], [inf], [inf], [inf], [inf], [inf], [inf], [inf], [inf], [inf], [inf], [inf], [inf], [inf], [inf], [inf], [inf], [inf], [inf], [inf], [inf], [inf], [inf], [inf], [inf], [inf], [inf], [inf], [inf], [inf], [inf], [inf], [inf], [inf], [inf], [inf], [inf], [inf], [inf], [inf], [inf], [inf], [inf], [inf], [inf], [inf], [inf], [inf], [inf], [inf], [inf], [inf], [inf], [inf], [inf], [inf], [inf], [inf], [inf], [inf], [inf], [inf], [inf], [inf], [inf], [inf]]",0,0.2322075366973877,16.252729177474976,1231
391,onnx/CIFAR100_resnet_medium.onnx,vnnlib/resnet_medium__label_33__idx_2330_global_k1024_eps_0.0039.vnnlib,100,unsat False,"[[inf], [inf], [inf], [inf], [inf], [inf], [inf], [inf], [inf], [inf], [0.10453605651855469], [inf], [inf], [inf], [inf], [inf], [inf], [inf], [inf], [inf], [inf], [inf], [0.17632102966308594], [inf], [inf], [inf], [inf], [inf], [inf], [inf], [inf], [inf], [inf], [inf], [inf], [inf], [inf], [inf], [inf], [inf], [inf], [inf], [inf], [inf], [inf], [inf], [inf], [inf], [inf], [inf], [inf], [inf], [inf], [inf], [inf], [inf], [inf], [inf], [inf], [inf], [inf], [inf], [inf], [inf], [inf], [inf], [inf], [inf], [inf], [inf], [inf], [inf], [inf], [inf], [inf], [inf], [inf], [inf], [inf], [inf], [inf], [inf], [inf], [inf], [inf], [inf], [inf], [inf], [inf], [inf], [inf], [inf], [inf], [inf], [inf], [inf], [inf]]",0,0.22902607917785645,21.850587368011475,1247
392,onnx/CIFAR100_resnet_medium.onnx,vnnlib/resnet_medium__label_33__idx_2330_fix_mask_seg0_k1024_eps_0.0039.vnnlib,100,unsat True,,,,3.517571210861206,0
393,onnx/CIFAR100_resnet_medium.onnx,vnnlib/resnet_medium__label_33__idx_2330_fix_nonmask_seg0_k1024_eps_0.0039.vnnlib,100,unsat False,"[[inf], [inf], [inf], [inf], [inf], [inf], [inf], [inf], [inf], [inf], [inf], [inf], [inf], [inf], [inf], [inf], [inf], [inf], [inf], [inf], [inf], [inf], [inf], [inf], [inf], [inf], [inf], [inf], [inf], [inf], [inf], [inf], [inf], [inf], [inf], [inf], [inf], [inf], [inf], [inf], [inf], [inf], [inf], [inf], [inf], [inf], [inf], [inf], [inf], [inf], [inf], [inf], [inf], [inf], [inf], [inf], [inf], [inf], [inf], [inf], [inf], [inf], [inf], [inf], [inf], [inf], [inf], [inf], [inf], [inf], [inf], [inf], [inf], [inf], [inf], [inf], [inf], [inf], [inf], [inf], [inf], [inf], [inf], [inf], [inf], [inf], [inf], [inf], [inf], [inf], [inf], [inf], [inf], [inf], [inf], [inf], [inf]]",0,0.22926807403564453,18.198405265808105,1188
394,onnx/CIFAR100_resnet_medium.onnx,vnnlib/resnet_medium__label_33__idx_3933_global_k1024_eps_0.0039.vnnlib,100,unsat False,"[[inf], [inf], [inf], [inf], [inf], [inf], [inf], [inf], [inf], [inf], [inf], [inf], [inf], [inf], [inf], [inf], [inf], [inf], [inf], [inf], [inf], [inf], [inf], [inf], [inf], [inf], [inf], [inf], [inf], [inf], [inf], [inf], [inf], [inf], [inf], [inf], [inf], [inf], [inf], [inf], [inf], [inf], [inf], [inf], [inf], [inf], [inf], [inf], [inf], [inf], [inf], [inf], [inf], [inf], [inf], [inf], [inf], [inf], [inf], [inf], [inf], [inf], [inf], [inf], [inf], [inf], [inf], [inf], [inf], [inf], [inf], [inf], [inf], [inf], [inf], [inf], [inf], [inf], [inf], [inf], [inf], [inf], [inf], [inf], [inf], [inf], [inf], [inf], [inf], [inf], [inf], [inf], [inf], [inf], [inf], [inf], [inf], [inf]]",0,0.3185708522796631,27.25825524330139,1086
395,onnx/CIFAR100_resnet_medium.onnx,vnnlib/resnet_medium__label_33__idx_3933_fix_mask_seg0_k1024_eps_0.0039.vnnlib,100,unsat True,,,,3.7136828899383545,0
396,onnx/CIFAR100_resnet_medium.onnx,vnnlib/resnet_medium__label_33__idx_3933_fix_nonmask_seg0_k1024_eps_0.0039.vnnlib,100,unsat False,"[[inf], [inf], [inf], [inf], [inf], [inf], [inf], [inf], [inf], [inf], [inf], [inf], [inf], [inf], [inf], [inf], [inf], [inf], [inf], [inf], [inf], [inf], [inf], [inf], [inf], [inf], [inf], [inf], [inf], [inf], [inf], [inf], [inf], [inf], [inf], [inf], [inf], [inf], [inf], [inf], [inf], [inf], [inf], [inf], [inf], [inf], [inf], [inf], [inf], [inf], [inf], [inf], [inf], [inf], [inf], [inf], [inf], [inf], [inf], [inf], [inf], [inf], [inf], [inf], [inf], [inf], [inf], [inf], [inf], [inf], [inf], [inf], [inf], [inf], [inf], [inf], [inf], [inf], [inf], [inf], [inf], [inf], [inf], [inf], [inf], [inf], [inf], [inf], [inf], [inf], [inf], [inf], [inf], [inf], [inf], [inf], [inf], [inf]]",0,0.14672589302062988,26.75382947921753,1086
397,onnx/CIFAR100_resnet_medium.onnx,vnnlib/resnet_medium__label_33__idx_5659_global_k1024_eps_0.0039.vnnlib,100,unsat False,"[[inf], [inf], [inf], [inf], [inf], [inf], [inf], [inf], [inf], [inf], [inf], [inf], [inf], [inf], [inf], [inf], [inf], [inf], [inf], [inf], [inf], [inf], [inf], [inf], [inf], [inf], [inf], [inf], [inf], [inf], [inf], [inf], [inf], [inf], [inf], [inf], [inf], [inf], [inf], [inf], [inf], [inf], [inf], [inf], [inf], [inf], [inf], [inf], [inf], [inf], [inf], [inf], [inf], [inf], [inf], [inf], [inf], [inf], [inf], [inf], [inf], [inf], [inf], [inf], [inf], [inf], [inf], [inf], [inf], [inf], [inf], [inf], [inf], [inf], [inf], [inf], [inf], [inf], [inf], [inf], [inf], [inf], [inf], [inf], [inf], [inf], [inf], [inf], [inf], [inf], [inf], [inf], [inf], [inf], [inf], [inf], [inf], [inf]]",0,0.23588895797729492,33.32208704948425,1218
398,onnx/CIFAR100_resnet_medium.onnx,vnnlib/resnet_medium__label_33__idx_5659_fix_mask_seg0_k1024_eps_0.0039.vnnlib,100,unsat True,,,,3.518085479736328,0
399,onnx/CIFAR100_resnet_medium.onnx,vnnlib/resnet_medium__label_33__idx_5659_fix_nonmask_seg0_k1024_eps_0.0039.vnnlib,100,unsat False,"[[inf], [inf], [inf], [inf], [inf], [inf], [inf], [inf], [inf], [inf], [inf], [inf], [inf], [inf], [inf], [inf], [inf], [inf], [inf], [inf], [inf], [inf], [inf], [inf], [inf], [inf], [inf], [inf], [inf], [inf], [inf], [inf], [inf], [inf], [inf], [inf], [inf], [inf], [inf], [inf], [inf], [inf], [inf], [inf], [inf], [inf], [inf], [inf], [inf], [inf], [inf], [inf], [inf], [inf], [inf], [inf], [inf], [inf], [inf], [inf], [inf], [inf], [inf], [inf], [inf], [inf], [inf], [inf], [inf], [inf], [inf], [inf], [inf], [inf], [inf], [inf], [inf], [inf], [inf], [inf], [inf], [inf], [inf], [inf], [inf], [inf], [inf], [inf], [inf], [inf], [inf], [inf], [inf], [inf], [inf], [inf], [inf], [inf]]",0,0.23723649978637695,34.618765354156494,1218
400,onnx/CIFAR100_resnet_medium.onnx,vnnlib/resnet_medium__label_34__idx_3617_global_k1024_eps_0.0039.vnnlib,100,unsat False,"[[inf], [inf], [inf], [inf], [inf], [inf], [inf], [inf], [inf], [inf], [inf], [inf], [inf], [inf], [inf], [inf], [inf], [inf], [inf], [inf], [inf], [inf], [inf], [inf], [inf], [inf], [inf], [inf], [inf], [inf], [inf], [inf], [inf], [inf], [inf], [inf], [inf], [inf], [inf], [inf], [inf], [inf], [inf], [inf], [inf], [inf], [inf], [inf], [inf], [inf], [inf], [inf], [inf], [inf], [inf], [inf], [inf], [inf], [inf], [inf], [inf], [inf], [inf], [inf], [inf], [inf], [inf], [inf], [inf], [inf], [inf], [inf], [inf], [inf], [inf], [inf], [inf], [inf], [inf], [inf], [inf], [inf], [inf], [inf], [inf], [inf], [inf], [inf], [inf], [inf], [inf], [inf], [inf], [inf], [inf], [inf], [inf], [inf]]",0,0.23254013061523438,17.245365381240845,1195
401,onnx/CIFAR100_resnet_medium.onnx,vnnlib/resnet_medium__label_34__idx_3617_fix_mask_seg0_k1024_eps_0.0039.vnnlib,100,unsat True,,,,3.3675355911254883,0
402,onnx/CIFAR100_resnet_medium.onnx,vnnlib/resnet_medium__label_34__idx_3617_fix_nonmask_seg0_k1024_eps_0.0039.vnnlib,100,unsat False,"[[inf], [inf], [inf], [inf], [inf], [inf], [inf], [inf], [inf], [inf], [inf], [inf], [inf], [inf], [inf], [inf], [inf], [inf], [inf], [inf], [inf], [inf], [inf], [inf], [inf], [inf], [inf], [inf], [inf], [inf], [inf], [inf], [inf], [inf], [inf], [inf], [inf], [inf], [inf], [inf], [inf], [inf], [inf], [inf], [inf], [inf], [inf], [inf], [inf], [inf], [inf], [inf], [inf], [inf], [inf], [inf], [inf], [inf], [inf], [inf], [inf], [inf], [inf], [inf], [inf], [inf], [inf], [inf], [inf], [inf], [inf], [inf], [inf], [inf], [inf], [inf], [inf], [inf], [inf], [inf], [inf], [inf], [inf], [inf], [inf], [inf], [inf], [inf], [inf], [inf], [inf], [inf], [inf], [inf], [inf], [inf], [inf], [inf]]",0,0.2921881675720215,18.431243896484375,1183
403,onnx/CIFAR100_resnet_medium.onnx,vnnlib/resnet_medium__label_37__idx_6343_global_k1024_eps_0.0039.vnnlib,100,timeout False,"[[inf], [inf], [inf], [inf], [inf], [inf], [inf], [inf], [inf], [inf], [inf], [inf], [inf], [inf], [inf], [inf], [inf], [inf], [inf], [inf], [inf], [inf], [inf], [inf], [inf], [inf], [inf], [inf], [inf], [inf], [inf], [inf], [inf], [inf], [inf], [inf], [inf], [inf], [inf], [inf], [inf], [inf], [inf], [inf], [inf], [inf], [inf], [inf], [inf], [inf], [inf], [inf], [inf], [inf], [inf], [inf], [inf], [inf], [inf], [inf], [inf], [inf], [inf], [inf], [inf], [inf], [inf], [inf], [inf], [inf], [inf], [inf], [inf], [inf], [inf], [inf], [inf], [inf], [inf], [0.08690512180328369], [inf], [inf], [inf], [inf], [inf], [inf], [inf], [inf], [inf], [inf], [inf], [inf], [inf], [inf], [inf], [inf], [inf], [inf]]",0,0.23672890663146973,102.14985418319702,1048
404,onnx/CIFAR100_resnet_medium.onnx,vnnlib/resnet_medium__label_37__idx_6343_fix_mask_seg0_k1024_eps_0.0039.vnnlib,100,unsat True,,,,3.2954587936401367,0
405,onnx/CIFAR100_resnet_medium.onnx,vnnlib/resnet_medium__label_37__idx_6343_fix_nonmask_seg0_k1024_eps_0.0039.vnnlib,100,timeout False,"[[inf], [inf], [inf], [inf], [inf], [inf], [inf], [inf], [inf], [inf], [inf], [inf], [inf], [inf], [inf], [inf], [inf], [inf], [inf], [inf], [inf], [inf], [inf], [inf], [inf], [inf], [inf], [inf], [inf], [inf], [inf], [inf], [inf], [inf], [inf], [inf], [inf], [inf], [inf], [inf], [inf], [inf], [inf], [inf], [inf], [inf], [inf], [inf], [inf], [inf], [inf], [inf], [inf], [inf], [inf], [inf], [inf], [inf], [inf], [inf], [inf], [inf], [inf], [inf], [inf], [inf], [inf], [inf], [inf], [inf], [inf], [inf], [inf], [inf], [inf], [inf], [inf], [inf], [inf], [inf], [inf], [inf], [inf], [inf], [inf], [inf], [inf], [inf], [inf], [inf], [inf], [inf], [inf], [inf], [inf], [inf], [inf], [inf]]",0,0.23558807373046875,101.26491904258728,1039
406,onnx/CIFAR100_resnet_medium.onnx,vnnlib/resnet_medium__label_37__idx_7644_global_k1024_eps_0.0039.vnnlib,100,timeout False,"[[inf], [inf], [inf], [inf], [inf], [inf], [inf], [inf], [inf], [inf], [inf], [inf], [inf], [inf], [inf], [inf], [inf], [inf], [inf], [inf], [inf], [inf], [inf], [inf], [inf], [inf], [inf], [inf], [inf], [inf], [inf], [inf], [inf], [inf], [inf], [inf], [inf], [inf], [inf], [inf], [inf], [inf], [inf], [inf], [inf], [inf], [inf], [inf], [inf], [inf], [inf], [inf], [inf], [inf], [inf], [inf], [inf], [inf], [inf], [inf], [inf], [inf], [inf], [inf], [inf], [inf], [inf], [inf], [inf], [inf], [inf], [inf], [inf], [inf], [inf], [inf], [inf], [inf], [inf], [inf], [inf], [inf], [inf], [inf], [inf], [inf], [inf], [inf], [inf], [inf], [inf], [inf], [inf], [inf], [inf], [inf], [inf], [inf]]",0,0.23650264739990234,103.17310833930969,838
407,onnx/CIFAR100_resnet_medium.onnx,vnnlib/resnet_medium__label_37__idx_7644_fix_mask_seg0_k1024_eps_0.0039.vnnlib,100,unsat True,,,,4.728797674179077,0
408,onnx/CIFAR100_resnet_medium.onnx,vnnlib/resnet_medium__label_37__idx_7644_fix_nonmask_seg0_k1024_eps_0.0039.vnnlib,100,timeout False,"[[inf], [inf], [inf], [inf], [inf], [inf], [inf], [inf], [inf], [inf], [inf], [inf], [inf], [inf], [inf], [inf], [inf], [inf], [inf], [inf], [inf], [inf], [inf], [inf], [inf], [inf], [inf], [inf], [inf], [inf], [inf], [inf], [inf], [inf], [inf], [inf], [inf], [inf], [inf], [inf], [inf], [inf], [inf], [inf], [inf], [inf], [inf], [inf], [inf], [inf], [inf], [inf], [inf], [inf], [inf], [inf], [inf], [inf], [inf], [inf], [inf], [inf], [inf], [inf], [inf], [inf], [inf], [inf], [inf], [inf], [inf], [inf], [inf], [inf], [inf], [inf], [inf], [inf], [inf], [inf], [inf], [inf], [inf], [inf], [inf], [inf], [inf], [inf], [inf], [inf], [inf], [inf], [inf], [inf], [inf], [inf], [inf], [inf]]",0,0.221510648727417,102.1905689239502,838
409,onnx/CIFAR100_resnet_medium.onnx,vnnlib/resnet_medium__label_42__idx_2704_global_k1024_eps_0.0039.vnnlib,100,sat True,,,,5.526638746261597,0
410,onnx/CIFAR100_resnet_medium.onnx,vnnlib/resnet_medium__label_42__idx_2704_fix_mask_seg0_k1024_eps_0.0039.vnnlib,100,unsat True,,,,3.466984748840332,0
411,onnx/CIFAR100_resnet_medium.onnx,vnnlib/resnet_medium__label_42__idx_2704_fix_nonmask_seg0_k1024_eps_0.0039.vnnlib,100,sat True,,,,5.147526264190674,0
412,onnx/CIFAR100_resnet_medium.onnx,vnnlib/resnet_medium__label_42__idx_6462_global_k1024_eps_0.0039.vnnlib,100,timeout False,"[[inf], [inf], [inf], [inf], [inf], [inf], [inf], [inf], [inf], [inf], [inf], [inf], [inf], [inf], [inf], [inf], [inf], [inf], [inf], [inf], [inf], [inf], [inf], [inf], [inf], [inf], [inf], [inf], [inf], [inf], [inf], [inf], [inf], [inf], [inf], [inf], [inf], [inf], [0.1898493766784668], [inf], [inf], [inf], [inf], [inf], [inf], [inf], [inf], [inf], [inf], [inf], [inf], [inf], [inf], [inf], [inf], [inf], [inf], [inf], [inf], [inf], [inf], [inf], [inf], [inf], [inf], [inf], [inf], [inf], [inf], [inf], [inf], [inf], [inf], [inf], [inf], [inf], [0.17297565937042236], [inf], [inf], [inf], [inf], [inf], [inf], [inf], [inf]]",0,0.14900684356689453,101.91723155975342,1316
413,onnx/CIFAR100_resnet_medium.onnx,vnnlib/resnet_medium__label_42__idx_6462_fix_mask_seg0_k1024_eps_0.0039.vnnlib,100,unsat True,,,,3.3022003173828125,0
414,onnx/CIFAR100_resnet_medium.onnx,vnnlib/resnet_medium__label_42__idx_6462_fix_nonmask_seg0_k1024_eps_0.0039.vnnlib,100,timeout False,"[[inf], [inf], [inf], [inf], [inf], [inf], [inf], [inf], [inf], [inf], [inf], [inf], [inf], [inf], [inf], [inf], [inf], [inf], [inf], [inf], [inf], [inf], [inf], [inf], [inf], [inf], [inf], [inf], [inf], [inf], [inf], [inf], [inf], [inf], [inf], [inf], [inf], [inf], [0.008154630661010742], [0.24959754943847656], [inf], [inf], [inf], [inf], [inf], [inf], [inf], [inf], [inf], [inf], [inf], [inf], [inf], [inf], [inf], [0.0075037479400634766], [inf], [inf], [inf], [inf], [inf], [inf], [inf], [inf], [inf], [inf], [inf], [inf], [inf], [inf], [inf], [inf], [inf], [inf], [inf], [inf], [inf], [inf], [0.2330493927001953], [inf], [inf], [inf], [inf], [inf], [inf], [inf], [inf]]",0,0.19713616371154785,102.83917737007141,1301
415,onnx/CIFAR100_resnet_medium.onnx,vnnlib/resnet_medium__label_43__idx_5506_global_k1024_eps_0.0039.vnnlib,100,unsat False,"[[inf], [inf], [inf], [inf], [inf], [inf], [inf], [inf], [inf], [inf], [inf], [inf], [inf], [inf], [inf], [inf], [inf], [inf], [inf], [inf], [inf], [inf], [inf], [inf], [inf], [inf], [inf], [inf], [inf], [inf], [inf], [inf], [inf], [inf], [inf], [inf], [inf], [inf], [inf], [inf], [inf], [inf], [0.17485809326171875], [inf], [inf], [inf], [inf], [inf], [inf], [inf], [inf], [inf], [inf], [inf], [inf], [inf], [inf], [inf], [inf], [inf], [inf], [inf], [inf], [inf], [inf], [inf], [inf], [inf], [inf], [inf], [inf], [inf], [inf], [inf], [inf], [inf], [inf], [inf], [inf], [inf], [inf], [inf], [inf], [inf], [inf], [inf], [inf], [inf], [inf], [inf], [inf], [inf], [inf], [inf], [inf], [inf], [inf]]",0,0.18935823440551758,17.44186019897461,1427
416,onnx/CIFAR100_resnet_medium.onnx,vnnlib/resnet_medium__label_43__idx_5506_fix_mask_seg0_k1024_eps_0.0039.vnnlib,100,unsat True,,,,3.321136713027954,0
417,onnx/CIFAR100_resnet_medium.onnx,vnnlib/resnet_medium__label_43__idx_5506_fix_nonmask_seg0_k1024_eps_0.0039.vnnlib,100,unsat False,"[[inf], [inf], [inf], [inf], [inf], [inf], [inf], [inf], [inf], [inf], [inf], [inf], [inf], [inf], [inf], [inf], [inf], [inf], [inf], [inf], [inf], [inf], [inf], [inf], [inf], [inf], [inf], [inf], [inf], [inf], [inf], [inf], [inf], [inf], [inf], [inf], [inf], [inf], [inf], [inf], [inf], [inf], [0.17485570907592773], [inf], [inf], [inf], [inf], [inf], [inf], [inf], [inf], [inf], [inf], [inf], [inf], [inf], [inf], [inf], [inf], [inf], [inf], [inf], [inf], [inf], [inf], [inf], [inf], [inf], [inf], [inf], [inf], [inf], [inf], [inf], [inf], [inf], [inf], [inf], [inf], [inf], [inf], [inf], [inf], [inf], [inf], [inf], [inf], [inf], [inf], [inf], [inf], [inf], [inf], [inf], [inf], [inf], [inf]]",0,0.32027482986450195,19.572486400604248,1427
418,onnx/CIFAR100_resnet_medium.onnx,vnnlib/resnet_medium__label_43__idx_7494_global_k1024_eps_0.0039.vnnlib,100,unsat False,"[[inf], [inf], [inf], [inf], [inf], [inf], [inf], [inf], [inf], [inf], [inf], [inf], [inf], [inf], [inf], [inf], [inf], [inf], [inf], [inf], [inf], [inf], [inf], [inf], [inf], [inf], [inf], [inf], [inf], [inf], [inf], [inf], [inf], [inf], [inf], [inf], [inf], [inf], [inf], [inf], [inf], [inf], [inf], [inf], [inf], [inf], [inf], [inf], [inf], [inf], [inf], [inf], [inf], [inf], [inf], [inf], [inf], [inf], [inf], [inf], [inf], [inf], [inf], [inf], [inf], [inf], [inf], [inf], [inf], [inf], [inf], [inf], [inf], [inf], [inf], [inf], [inf], [inf], [inf], [inf], [inf], [inf], [inf], [inf], [inf], [inf], [inf], [inf], [inf], [inf], [inf], [inf], [inf], [inf], [inf], [inf], [inf], [inf]]",0,0.2448892593383789,17.312684535980225,1236
419,onnx/CIFAR100_resnet_medium.onnx,vnnlib/resnet_medium__label_43__idx_7494_fix_mask_seg0_k1024_eps_0.0039.vnnlib,100,unsat True,,,,2.5955264568328857,0
420,onnx/CIFAR100_resnet_medium.onnx,vnnlib/resnet_medium__label_43__idx_7494_fix_nonmask_seg0_k1024_eps_0.0039.vnnlib,100,unsat True,,,,12.270658731460571,0
421,onnx/CIFAR100_resnet_medium.onnx,vnnlib/resnet_medium__label_43__idx_8824_global_k1024_eps_0.0039.vnnlib,100,unsat False,"[[inf], [inf], [inf], [inf], [inf], [inf], [inf], [inf], [inf], [inf], [inf], [inf], [inf], [inf], [inf], [inf], [inf], [inf], [inf], [inf], [inf], [inf], [inf], [inf], [inf], [inf], [inf], [inf], [inf], [inf], [inf], [inf], [inf], [inf], [inf], [inf], [inf], [inf], [0.3097963333129883], [inf], [inf], [inf], [inf], [inf], [inf], [inf], [inf], [inf], [inf], [inf], [inf], [inf], [inf], [inf], [inf], [inf], [inf], [inf], [inf], [inf], [inf], [inf], [0.3741941452026367], [inf], [inf], [inf], [inf], [inf], [inf], [inf], [inf], [inf], [inf], [inf], [inf], [inf], [inf], [0.12831592559814453], [inf], [inf], [inf], [inf], [inf], [inf], [inf], [inf], [inf], [inf], [inf], [inf], [inf], [inf], [inf], [0.45917320251464844], [inf], [inf], [inf]]",0,0.11502790451049805,30.645560264587402,1344
422,onnx/CIFAR100_resnet_medium.onnx,vnnlib/resnet_medium__label_43__idx_8824_fix_mask_seg0_k1024_eps_0.0039.vnnlib,100,unsat True,,,,3.4156646728515625,0
423,onnx/CIFAR100_resnet_medium.onnx,vnnlib/resnet_medium__label_43__idx_8824_fix_nonmask_seg0_k1024_eps_0.0039.vnnlib,100,unsat False,"[[inf], [inf], [inf], [inf], [inf], [inf], [inf], [inf], [inf], [inf], [inf], [inf], [inf], [inf], [inf], [inf], [inf], [inf], [inf], [inf], [inf], [inf], [inf], [inf], [inf], [inf], [inf], [inf], [inf], [inf], [inf], [inf], [inf], [inf], [inf], [inf], [inf], [inf], [inf], [inf], [inf], [inf], [0.10355877876281738], [inf], [inf], [inf], [inf], [inf], [inf], [inf], [inf], [inf], [inf], [inf], [inf], [inf], [inf], [inf], [inf], [inf], [inf], [inf], [inf], [inf], [inf], [inf], [inf], [inf], [inf], [inf], [inf], [inf], [inf], [inf], [inf], [inf], [inf], [inf], [inf], [inf], [inf], [inf], [inf], [inf], [inf], [inf], [inf], [inf], [inf], [inf], [inf], [inf], [inf], [inf], [inf], [inf], [inf], [inf]]",0,0.2261343002319336,22.43790555000305,1255
424,onnx/CIFAR100_resnet_medium.onnx,vnnlib/resnet_medium__label_44__idx_7654_global_k1024_eps_0.0039.vnnlib,100,timeout False,"[[inf], [inf], [inf], [inf], [inf], [inf], [inf], [inf], [inf], [inf], [inf], [inf], [inf], [inf], [inf], [inf], [inf], [inf], [inf], [inf], [inf], [inf], [inf], [inf], [inf], [inf], [inf], [inf], [inf], [inf], [inf], [inf], [inf], [inf], [inf], [inf], [inf], [inf], [inf], [inf], [inf], [inf], [inf], [inf], [inf], [inf], [inf], [inf], [inf], [inf], [inf], [inf], [inf], [inf], [inf], [inf], [inf], [inf], [inf], [inf], [inf], [inf], [inf], [inf], [inf], [inf], [inf], [inf], [inf], [inf], [inf], [inf], [inf], [inf], [inf], [inf], [inf], [inf], [inf], [inf], [inf], [inf], [inf], [inf], [inf], [inf], [inf], [inf], [inf], [inf], [inf], [inf], [inf], [inf], [inf], [inf], [inf], [inf]]",0,0.22942090034484863,103.5237205028534,1106
425,onnx/CIFAR100_resnet_medium.onnx,vnnlib/resnet_medium__label_44__idx_7654_fix_mask_seg0_k1024_eps_0.0039.vnnlib,100,unsat True,,,,2.7374730110168457,0
426,onnx/CIFAR100_resnet_medium.onnx,vnnlib/resnet_medium__label_44__idx_7654_fix_nonmask_seg0_k1024_eps_0.0039.vnnlib,100,timeout False,"[[inf], [inf], [inf], [inf], [inf], [inf], [inf], [inf], [inf], [inf], [inf], [inf], [inf], [inf], [inf], [inf], [inf], [inf], [inf], [inf], [inf], [inf], [inf], [inf], [inf], [inf], [inf], [inf], [inf], [inf], [inf], [inf], [inf], [inf], [inf], [inf], [inf], [inf], [inf], [inf], [inf], [inf], [inf], [inf], [inf], [inf], [inf], [inf], [inf], [inf], [inf], [inf], [inf], [inf], [inf], [inf], [inf], [inf], [inf], [inf], [inf], [inf], [inf], [inf], [inf], [inf], [inf], [inf], [inf], [inf], [inf], [inf], [inf], [inf], [inf], [inf], [inf], [inf], [inf], [inf], [inf], [inf], [inf], [inf], [inf], [inf], [inf], [inf], [inf], [inf], [inf], [inf], [inf], [inf], [inf], [inf], [inf], [inf]]",0,0.22791314125061035,104.32979154586792,1106
427,onnx/CIFAR100_resnet_medium.onnx,vnnlib/resnet_medium__label_45__idx_1537_global_k1024_eps_0.0039.vnnlib,100,timeout False,"[[inf], [inf], [inf], [inf], [inf], [inf], [inf], [inf], [inf], [inf], [inf], [inf], [inf], [inf], [inf], [inf], [inf], [inf], [inf], [inf], [inf], [inf], [inf], [0.07104301452636719], [inf], [0.1697850227355957], [inf], [inf], [inf], [inf], [inf], [inf], [inf], [inf], [inf], [inf], [inf], [inf], [inf], [inf], [inf], [inf], [inf], [inf], [inf], [inf], [inf], [inf], [inf], [inf], [inf], [inf], [inf], [inf], [inf], [inf], [inf], [inf], [inf], [inf], [inf], [inf], [inf], [inf], [inf], [inf], [inf], [inf], [inf], [inf], [inf], [inf], [inf], [inf], [inf], [inf], [inf], [inf], [inf], [inf], [inf], [inf], [inf], [inf], [inf], [inf], [inf], [inf], [0.09950613975524902]]",0,0.23386526107788086,102.39921116828918,1368
428,onnx/CIFAR100_resnet_medium.onnx,vnnlib/resnet_medium__label_45__idx_1537_fix_mask_seg0_k1024_eps_0.0039.vnnlib,100,unsat True,,,,2.6500134468078613,0
429,onnx/CIFAR100_resnet_medium.onnx,vnnlib/resnet_medium__label_45__idx_1537_fix_nonmask_seg0_k1024_eps_0.0039.vnnlib,100,timeout False,"[[inf], [inf], [inf], [inf], [inf], [inf], [inf], [inf], [inf], [inf], [inf], [inf], [inf], [inf], [inf], [inf], [inf], [inf], [inf], [inf], [inf], [inf], [inf], [0.07104063034057617], [inf], [0.16978371143341064], [inf], [inf], [inf], [inf], [inf], [inf], [inf], [inf], [inf], [inf], [inf], [inf], [inf], [inf], [inf], [inf], [inf], [inf], [inf], [inf], [inf], [inf], [inf], [inf], [inf], [inf], [inf], [inf], [inf], [inf], [inf], [inf], [inf], [inf], [inf], [inf], [inf], [inf], [inf], [inf], [inf], [inf], [inf], [inf], [inf], [inf], [inf], [inf], [inf], [inf], [inf], [inf], [inf], [inf], [inf], [inf], [inf], [inf], [inf], [inf], [inf], [inf], [0.09950661659240723]]",0,0.23348546028137207,106.49818229675293,1368
430,onnx/CIFAR100_resnet_medium.onnx,vnnlib/resnet_medium__label_46__idx_993_global_k1024_eps_0.0039.vnnlib,100,unsat False,"[[inf], [inf], [inf], [inf], [inf], [inf], [inf], [inf], [inf], [inf], [inf], [inf], [inf], [inf], [inf], [inf], [inf], [inf], [inf], [inf], [inf], [inf], [inf], [inf], [inf], [inf], [inf], [inf], [inf], [inf], [inf], [inf], [inf], [inf], [inf], [inf], [inf], [inf], [inf], [inf], [inf], [inf], [inf], [inf], [inf], [inf], [inf], [inf], [inf], [0.006223320960998535], [inf], [inf], [inf], [inf], [inf], [inf], [inf], [inf], [inf], [inf], [inf], [inf], [inf], [inf], [inf], [inf], [inf], [inf], [inf], [inf], [inf], [inf], [inf], [inf], [inf], [inf], [inf], [inf], [inf], [inf], [inf], [inf], [inf], [inf], [inf], [inf], [inf], [inf], [inf], [inf], [inf], [inf], [inf], [inf], [inf], [inf], [inf], [inf]]",0,0.22228264808654785,18.72320294380188,897
431,onnx/CIFAR100_resnet_medium.onnx,vnnlib/resnet_medium__label_46__idx_993_fix_mask_seg0_k1024_eps_0.0039.vnnlib,100,unsat True,,,,3.360736846923828,0
432,onnx/CIFAR100_resnet_medium.onnx,vnnlib/resnet_medium__label_46__idx_993_fix_nonmask_seg0_k1024_eps_0.0039.vnnlib,100,unsat False,"[[inf], [inf], [inf], [inf], [inf], [inf], [inf], [inf], [inf], [inf], [inf], [inf], [inf], [inf], [inf], [inf], [inf], [inf], [inf], [inf], [inf], [inf], [inf], [inf], [inf], [inf], [inf], [inf], [inf], [inf], [inf], [inf], [inf], [inf], [inf], [inf], [inf], [inf], [inf], [inf], [inf], [inf], [inf], [inf], [inf], [inf], [inf], [inf], [inf], [0.006220459938049316], [inf], [inf], [inf], [inf], [inf], [inf], [inf], [inf], [inf], [inf], [inf], [inf], [inf], [inf], [inf], [inf], [inf], [inf], [inf], [inf], [inf], [inf], [inf], [inf], [inf], [inf], [inf], [inf], [inf], [inf], [inf], [inf], [inf], [inf], [inf], [inf], [inf], [inf], [inf], [inf], [inf], [inf], [inf], [inf], [inf], [inf], [inf], [inf]]",0,0.23525190353393555,17.07128643989563,897
433,onnx/CIFAR100_resnet_medium.onnx,vnnlib/resnet_medium__label_48__idx_8860_global_k1024_eps_0.0039.vnnlib,100,unsat False,"[[inf], [inf], [inf], [inf], [inf], [inf], [inf], [inf], [inf], [inf], [inf], [inf], [inf], [inf], [inf], [inf], [inf], [inf], [inf], [inf], [inf], [inf], [inf], [inf], [inf], [inf], [inf], [inf], [inf], [inf], [inf], [inf], [inf], [inf], [inf], [inf], [inf], [inf], [inf], [inf], [inf], [inf], [inf], [inf], [inf], [inf], [inf], [inf], [inf], [inf], [inf], [inf], [inf], [inf], [inf], [inf], [inf], [0.1664869785308838], [inf], [inf], [inf], [inf], [inf], [inf], [inf], [inf], [inf], [inf], [inf], [inf], [inf], [inf], [inf], [inf], [inf], [inf], [inf], [inf], [inf], [inf], [inf], [inf], [inf], [inf], [inf], [inf], [inf], [inf], [inf], [inf], [inf], [inf], [inf], [inf], [inf], [inf], [inf], [inf]]",0,0.2310779094696045,43.80521631240845,1160
434,onnx/CIFAR100_resnet_medium.onnx,vnnlib/resnet_medium__label_48__idx_8860_fix_mask_seg0_k1024_eps_0.0039.vnnlib,100,unsat True,,,,4.21013617515564,0
435,onnx/CIFAR100_resnet_medium.onnx,vnnlib/resnet_medium__label_48__idx_8860_fix_nonmask_seg0_k1024_eps_0.0039.vnnlib,100,unsat False,"[[inf], [inf], [inf], [inf], [inf], [inf], [inf], [inf], [inf], [inf], [inf], [inf], [inf], [inf], [inf], [inf], [inf], [inf], [inf], [inf], [inf], [inf], [inf], [inf], [inf], [inf], [inf], [inf], [inf], [inf], [inf], [inf], [inf], [inf], [inf], [inf], [inf], [inf], [inf], [inf], [inf], [inf], [inf], [inf], [inf], [inf], [inf], [inf], [inf], [inf], [inf], [inf], [inf], [inf], [inf], [inf], [inf], [inf], [inf], [inf], [inf], [inf], [inf], [inf], [inf], [inf], [inf], [inf], [inf], [inf], [inf], [inf], [inf], [inf], [inf], [inf], [inf], [inf], [inf], [inf], [inf], [inf], [inf], [inf], [inf], [inf], [inf], [inf], [inf], [inf], [inf], [inf], [inf], [inf], [inf], [inf], [inf], [inf]]",0,0.36514830589294434,27.790295124053955,1080
436,onnx/CIFAR100_resnet_medium.onnx,vnnlib/resnet_medium__label_49__idx_3864_global_k1024_eps_0.0039.vnnlib,100,timeout False,"[[inf], [inf], [inf], [inf], [inf], [inf], [inf], [inf], [inf], [inf], [inf], [inf], [inf], [inf], [inf], [inf], [inf], [inf], [inf], [inf], [inf], [inf], [inf], [inf], [inf], [inf], [inf], [inf], [inf], [inf], [inf], [inf], [inf], [inf], [inf], [inf], [inf], [inf], [inf], [inf], [inf], [inf], [inf], [inf], [inf], [inf], [inf], [inf], [inf], [inf], [inf], [inf], [inf], [inf], [inf], [inf], [inf], [inf], [inf], [inf], [inf], [inf], [inf], [inf], [inf], [inf], [inf], [inf], [inf], [inf], [inf], [inf], [inf], [inf], [inf], [inf], [inf], [inf], [inf], [inf], [inf], [inf], [inf], [inf], [inf], [inf], [inf], [inf], [inf], [inf], [inf], [inf], [inf], [inf], [inf]]",0,0.21047544479370117,105.66876554489136,1117
437,onnx/CIFAR100_resnet_medium.onnx,vnnlib/resnet_medium__label_49__idx_3864_fix_mask_seg0_k1024_eps_0.0039.vnnlib,100,unsat True,,,,4.330640077590942,0
438,onnx/CIFAR100_resnet_medium.onnx,vnnlib/resnet_medium__label_49__idx_3864_fix_nonmask_seg0_k1024_eps_0.0039.vnnlib,100,timeout False,"[[inf], [inf], [inf], [inf], [inf], [inf], [inf], [inf], [inf], [inf], [inf], [inf], [inf], [inf], [inf], [inf], [inf], [inf], [inf], [inf], [inf], [inf], [inf], [inf], [inf], [inf], [inf], [inf], [inf], [inf], [inf], [inf], [inf], [inf], [inf], [inf], [inf], [inf], [inf], [inf], [inf], [inf], [inf], [inf], [inf], [inf], [inf], [inf], [inf], [inf], [inf], [inf], [inf], [inf], [inf], [inf], [inf], [inf], [inf], [inf], [inf], [inf], [inf], [inf], [inf], [inf], [inf], [inf], [inf], [inf], [inf], [inf], [inf], [inf], [inf], [inf], [inf], [inf], [inf], [inf], [inf], [inf], [inf], [inf], [inf], [inf], [inf], [inf], [inf], [inf], [inf], [inf], [inf], [inf], [inf]]",0,0.33747243881225586,103.37352585792542,1104
439,onnx/CIFAR100_resnet_medium.onnx,vnnlib/resnet_medium__label_4__idx_6593_global_k1024_eps_0.0039.vnnlib,100,timeout False,"[[inf], [inf], [inf], [inf], [inf], [inf], [inf], [inf], [inf], [inf], [inf], [inf], [inf], [inf], [inf], [inf], [inf], [inf], [inf], [inf], [inf], [inf], [inf], [inf], [inf], [inf], [inf], [inf], [inf], [inf], [inf], [inf], [inf], [inf], [inf], [inf], [inf], [inf], [inf], [inf], [inf], [inf], [inf], [inf], [inf], [inf], [inf], [inf], [inf], [inf], [inf], [inf], [inf], [inf], [inf], [inf], [inf], [inf], [inf], [inf], [inf], [inf], [inf], [inf], [inf], [inf], [inf], [inf], [inf], [inf], [0.17361068725585938], [inf], [inf], [inf], [inf], [inf], [inf], [inf], [inf], [inf], [inf], [inf], [inf], [inf], [inf], [inf], [inf], [inf], [inf], [inf]]",0,0.23322701454162598,102.33665251731873,1303
440,onnx/CIFAR100_resnet_medium.onnx,vnnlib/resnet_medium__label_4__idx_6593_fix_mask_seg0_k1024_eps_0.0039.vnnlib,100,unsat True,,,,2.8929286003112793,0
441,onnx/CIFAR100_resnet_medium.onnx,vnnlib/resnet_medium__label_4__idx_6593_fix_nonmask_seg0_k1024_eps_0.0039.vnnlib,100,timeout False,"[[inf], [inf], [inf], [inf], [inf], [inf], [inf], [inf], [inf], [inf], [inf], [inf], [inf], [inf], [inf], [inf], [inf], [inf], [inf], [inf], [inf], [inf], [inf], [inf], [inf], [inf], [inf], [inf], [inf], [inf], [inf], [inf], [inf], [inf], [inf], [inf], [inf], [inf], [inf], [inf], [inf], [inf], [inf], [inf], [inf], [inf], [inf], [inf], [inf], [inf], [inf], [inf], [inf], [inf], [inf], [inf], [inf], [inf], [inf], [inf], [inf], [inf], [inf], [inf], [inf], [inf], [inf], [inf], [inf], [inf], [0.17360937595367432], [inf], [inf], [inf], [inf], [inf], [inf], [inf], [inf], [inf], [inf], [inf], [inf], [inf], [inf], [inf], [inf], [inf], [inf], [inf]]",0,0.2425847053527832,101.50724911689758,1303
442,onnx/CIFAR100_resnet_medium.onnx,vnnlib/resnet_medium__label_4__idx_9441_global_k1024_eps_0.0039.vnnlib,100,sat True,,,,3.268049478530884,0
443,onnx/CIFAR100_resnet_medium.onnx,vnnlib/resnet_medium__label_4__idx_9441_fix_mask_seg0_k1024_eps_0.0039.vnnlib,100,unsat True,,,,3.3841049671173096,0
444,onnx/CIFAR100_resnet_medium.onnx,vnnlib/resnet_medium__label_4__idx_9441_fix_nonmask_seg0_k1024_eps_0.0039.vnnlib,100,sat True,,,,4.069040536880493,0
445,onnx/CIFAR100_resnet_medium.onnx,vnnlib/resnet_medium__label_50__idx_4337_global_k1024_eps_0.0039.vnnlib,100,unsat False,"[[inf], [inf], [inf], [inf], [inf], [inf], [inf], [inf], [inf], [inf], [inf], [inf], [inf], [inf], [inf], [inf], [inf], [inf], [inf], [inf], [inf], [inf], [inf], [inf], [inf], [inf], [inf], [inf], [inf], [inf], [inf], [inf], [inf], [inf], [inf], [inf], [inf], [inf], [inf], [inf], [inf], [inf], [inf], [inf], [inf], [inf], [inf], [inf], [inf], [inf], [inf], [inf], [inf], [inf], [inf], [inf], [inf], [inf], [inf], [inf], [inf], [inf], [inf], [inf], [inf], [inf], [inf], [inf], [inf], [inf], [inf], [inf], [inf], [inf], [inf], [inf], [inf], [inf], [inf], [inf], [inf], [inf], [inf], [inf], [inf], [inf], [inf], [inf], [inf], [inf], [inf], [inf], [inf], [inf], [inf], [inf], [inf]]",0,0.2707557678222656,32.530017137527466,817
446,onnx/CIFAR100_resnet_medium.onnx,vnnlib/resnet_medium__label_50__idx_4337_fix_mask_seg0_k1024_eps_0.0039.vnnlib,100,unsat True,,,,4.132282018661499,0
447,onnx/CIFAR100_resnet_medium.onnx,vnnlib/resnet_medium__label_50__idx_4337_fix_nonmask_seg0_k1024_eps_0.0039.vnnlib,100,unsat False,"[[inf], [inf], [inf], [inf], [inf], [inf], [inf], [inf], [inf], [inf], [inf], [inf], [inf], [inf], [inf], [inf], [inf], [inf], [inf], [inf], [inf], [inf], [inf], [inf], [inf], [inf], [inf], [inf], [inf], [inf], [inf], [inf], [inf], [inf], [inf], [inf], [inf], [inf], [inf], [inf], [inf], [inf], [inf], [inf], [inf], [inf], [inf], [inf], [inf], [inf], [inf], [inf], [inf], [inf], [inf], [inf], [inf], [inf], [inf], [inf], [inf], [inf], [inf], [inf], [inf], [inf], [inf], [inf], [inf], [inf], [inf], [inf], [inf], [inf], [inf], [inf], [inf], [inf], [inf], [inf], [inf], [inf], [inf], [inf], [inf], [inf], [inf], [inf], [inf], [inf], [inf], [inf], [inf], [inf], [inf], [inf], [inf]]",0,0.2154386043548584,35.297274112701416,816
448,onnx/CIFAR100_resnet_medium.onnx,vnnlib/resnet_medium__label_51__idx_1154_global_k1024_eps_0.0039.vnnlib,100,sat True,,,,4.3926239013671875,0
449,onnx/CIFAR100_resnet_medium.onnx,vnnlib/resnet_medium__label_51__idx_1154_fix_mask_seg0_k1024_eps_0.0039.vnnlib,100,unsat True,,,,3.367454767227173,0
450,onnx/CIFAR100_resnet_medium.onnx,vnnlib/resnet_medium__label_51__idx_1154_fix_nonmask_seg0_k1024_eps_0.0039.vnnlib,100,sat True,,,,5.389891147613525,0
451,onnx/CIFAR100_resnet_medium.onnx,vnnlib/resnet_medium__label_52__idx_9095_global_k1024_eps_0.0039.vnnlib,100,unsat False,"[[inf], [inf], [inf], [inf], [inf], [inf], [inf], [inf], [inf], [inf], [inf], [inf], [inf], [inf], [inf], [inf], [inf], [inf], [inf], [inf], [inf], [inf], [inf], [inf], [inf], [inf], [inf], [inf], [inf], [inf], [inf], [inf], [inf], [inf], [inf], [inf], [inf], [inf], [inf], [inf], [inf], [inf], [inf], [inf], [inf], [inf], [inf], [inf], [inf], [inf], [inf], [inf], [inf], [inf], [inf], [inf], [inf], [inf], [inf], [inf], [inf], [inf], [inf], [inf], [inf], [inf], [inf], [inf], [inf], [inf], [inf], [inf], [inf], [inf], [inf], [inf], [inf], [inf], [inf], [inf], [inf], [inf], [inf], [inf], [inf], [inf], [inf], [inf], [inf], [inf], [inf], [inf], [inf], [inf], [inf], [inf], [inf], [inf]]",0,0.23653292655944824,54.077821016311646,850
452,onnx/CIFAR100_resnet_medium.onnx,vnnlib/resnet_medium__label_52__idx_9095_fix_mask_seg0_k1024_eps_0.0039.vnnlib,100,unsat True,,,,3.4959869384765625,0
453,onnx/CIFAR100_resnet_medium.onnx,vnnlib/resnet_medium__label_52__idx_9095_fix_nonmask_seg0_k1024_eps_0.0039.vnnlib,100,unsat False,"[[inf], [inf], [inf], [inf], [inf], [inf], [inf], [inf], [inf], [inf], [inf], [inf], [inf], [inf], [inf], [inf], [inf], [inf], [inf], [inf], [inf], [inf], [inf], [inf], [inf], [inf], [inf], [inf], [inf], [inf], [inf], [inf], [inf], [inf], [inf], [inf], [inf], [inf], [inf], [inf], [inf], [inf], [inf], [inf], [inf], [inf], [inf], [inf], [inf], [inf], [inf], [inf], [inf], [inf], [inf], [inf], [inf], [inf], [inf], [inf], [inf], [inf], [inf], [inf], [inf], [inf], [inf], [inf], [inf], [inf], [inf], [inf], [inf], [inf], [inf], [inf], [inf], [inf], [inf], [inf], [inf], [inf], [inf], [inf], [inf], [inf], [inf], [inf], [inf], [inf], [inf], [inf], [inf], [inf], [inf], [inf], [inf], [inf]]",0,0.2131481170654297,55.309290170669556,850
454,onnx/CIFAR100_resnet_medium.onnx,vnnlib/resnet_medium__label_54__idx_9735_global_k1024_eps_0.0039.vnnlib,100,unsat True,,,,11.209924697875977,0
455,onnx/CIFAR100_resnet_medium.onnx,vnnlib/resnet_medium__label_54__idx_9735_fix_mask_seg0_k1024_eps_0.0039.vnnlib,100,unsat True,,,,4.189477205276489,0
456,onnx/CIFAR100_resnet_medium.onnx,vnnlib/resnet_medium__label_54__idx_9735_fix_nonmask_seg0_k1024_eps_0.0039.vnnlib,100,unsat True,,,,12.730414390563965,0
457,onnx/CIFAR100_resnet_medium.onnx,vnnlib/resnet_medium__label_57__idx_7197_global_k1024_eps_0.0039.vnnlib,100,unsat False,"[[inf], [inf], [inf], [inf], [inf], [inf], [inf], [inf], [inf], [inf], [inf], [inf], [inf], [inf], [inf], [inf], [inf], [inf], [inf], [inf], [inf], [inf], [inf], [inf], [inf], [inf], [inf], [inf], [inf], [inf], [inf], [inf], [inf], [inf], [inf], [inf], [inf], [inf], [inf], [inf], [inf], [inf], [inf], [inf], [inf], [inf], [inf], [inf], [inf], [inf], [inf], [inf], [inf], [inf], [inf], [inf], [inf], [inf], [inf], [inf], [inf], [inf], [inf], [inf], [inf], [inf], [inf], [inf], [inf], [inf], [inf], [inf], [inf], [inf], [inf], [inf], [inf], [inf], [inf], [inf], [inf], [inf], [inf], [inf], [inf], [inf], [inf], [inf], [inf], [inf], [inf], [inf], [inf], [inf], [inf], [inf], [inf], [inf]]",0,0.23074626922607422,16.08610701560974,997
458,onnx/CIFAR100_resnet_medium.onnx,vnnlib/resnet_medium__label_57__idx_7197_fix_mask_seg0_k1024_eps_0.0039.vnnlib,100,unsat True,,,,3.060055732727051,0
459,onnx/CIFAR100_resnet_medium.onnx,vnnlib/resnet_medium__label_57__idx_7197_fix_nonmask_seg0_k1024_eps_0.0039.vnnlib,100,unsat False,"[[inf], [inf], [inf], [inf], [inf], [inf], [inf], [inf], [inf], [inf], [inf], [inf], [inf], [inf], [inf], [inf], [inf], [inf], [inf], [inf], [inf], [inf], [inf], [inf], [inf], [inf], [inf], [inf], [inf], [inf], [inf], [inf], [inf], [inf], [inf], [inf], [inf], [inf], [inf], [inf], [inf], [inf], [inf], [inf], [inf], [inf], [inf], [inf], [inf], [inf], [inf], [inf], [inf], [inf], [inf], [inf], [inf], [inf], [inf], [inf], [inf], [inf], [inf], [inf], [inf], [inf], [inf], [inf], [inf], [inf], [inf], [inf], [inf], [inf], [inf], [inf], [inf], [inf], [inf], [inf], [inf], [inf], [inf], [inf], [inf], [inf], [inf], [inf], [inf], [inf], [inf], [inf], [inf], [inf], [inf], [inf], [inf], [inf]]",0,0.15084004402160645,14.67753005027771,997
460,onnx/CIFAR100_resnet_medium.onnx,vnnlib/resnet_medium__label_59__idx_1660_global_k1024_eps_0.0039.vnnlib,100,timeout False,"[[inf], [inf], [inf], [inf], [inf], [inf], [inf], [inf], [0.33348560333251953], [inf], [inf], [inf], [inf], [inf], [inf], [inf], [inf], [inf], [inf], [inf], [inf], [inf], [inf], [inf], [inf], [inf], [inf], [inf], [inf], [inf], [inf], [inf], [inf], [inf], [inf], [inf], [inf], [inf], [inf], [inf], [inf], [inf], [inf], [inf], [inf], [inf], [inf], [inf], [inf], [0.1339888572692871], [inf], [inf], [inf], [inf], [inf], [inf], [inf], [inf], [inf], [inf], [inf], [inf], [inf], [inf], [inf], [inf], [inf], [inf], [inf], [inf], [inf], [inf], [inf], [inf], [0.3119354248046875], [inf], [inf], [inf], [inf], [inf], [inf], [inf], [inf], [inf], [inf], [inf], [inf], [inf], [inf], [inf], [inf], [inf], [inf], [inf]]",0,0.2445847988128662,104.39172697067261,1549
461,onnx/CIFAR100_resnet_medium.onnx,vnnlib/resnet_medium__label_59__idx_1660_fix_mask_seg0_k1024_eps_0.0039.vnnlib,100,unsat True,,,,2.6105797290802,0
462,onnx/CIFAR100_resnet_medium.onnx,vnnlib/resnet_medium__label_59__idx_1660_fix_nonmask_seg0_k1024_eps_0.0039.vnnlib,100,timeout False,"[[inf], [inf], [inf], [inf], [inf], [inf], [inf], [inf], [0.35135793685913086], [inf], [inf], [inf], [inf], [inf], [inf], [inf], [inf], [inf], [inf], [inf], [inf], [inf], [inf], [inf], [inf], [inf], [inf], [inf], [inf], [inf], [inf], [inf], [inf], [inf], [inf], [inf], [inf], [inf], [inf], [inf], [inf], [inf], [inf], [inf], [inf], [inf], [inf], [inf], [inf], [0.15041446685791016], [inf], [inf], [inf], [inf], [inf], [inf], [inf], [inf], [inf], [inf], [inf], [inf], [inf], [inf], [inf], [inf], [inf], [inf], [inf], [inf], [inf], [inf], [inf], [inf], [0.33073902130126953], [inf], [inf], [inf], [inf], [inf], [inf], [inf], [inf], [inf], [inf], [inf], [inf], [inf], [inf], [inf], [inf], [inf], [inf], [inf]]",0,0.14573144912719727,102.86144590377808,1546
463,onnx/CIFAR100_resnet_medium.onnx,vnnlib/resnet_medium__label_5__idx_4543_global_k1024_eps_0.0039.vnnlib,100,timeout False,"[[inf], [inf], [inf], [inf], [inf], [inf], [inf], [inf], [inf], [inf], [inf], [inf], [inf], [inf], [inf], [inf], [inf], [inf], [inf], [inf], [inf], [inf], [inf], [inf], [inf], [inf], [inf], [inf], [inf], [inf], [inf], [inf], [inf], [inf], [inf], [inf], [inf], [inf], [inf], [inf], [inf], [inf], [inf], [inf], [inf], [inf], [inf], [inf], [inf], [inf], [inf], [inf], [inf], [inf], [inf], [inf], [inf], [inf], [inf], [inf], [inf], [inf], [inf], [inf], [inf], [inf], [inf], [inf], [inf], [inf], [inf], [inf], [inf], [inf], [inf], [inf], [inf], [inf], [inf], [inf], [inf], [inf], [inf], [inf], [inf], [0.18558883666992188], [inf], [inf], [inf], [inf], [inf], [inf], [inf], [inf], [inf], [inf]]",0,0.24816465377807617,102.65907216072083,1178
464,onnx/CIFAR100_resnet_medium.onnx,vnnlib/resnet_medium__label_5__idx_4543_fix_mask_seg0_k1024_eps_0.0039.vnnlib,100,unsat True,,,,2.743293046951294,0
465,onnx/CIFAR100_resnet_medium.onnx,vnnlib/resnet_medium__label_5__idx_4543_fix_nonmask_seg0_k1024_eps_0.0039.vnnlib,100,timeout False,"[[inf], [inf], [inf], [inf], [inf], [inf], [inf], [inf], [inf], [inf], [inf], [inf], [inf], [inf], [inf], [inf], [inf], [inf], [inf], [inf], [inf], [inf], [inf], [inf], [inf], [inf], [inf], [inf], [inf], [inf], [inf], [inf], [inf], [inf], [inf], [inf], [inf], [inf], [inf], [inf], [inf], [inf], [inf], [inf], [inf], [inf], [inf], [inf], [inf], [inf], [inf], [inf], [inf], [inf], [inf], [inf], [inf], [inf], [inf], [inf], [inf], [inf], [inf], [inf], [inf], [inf], [inf], [inf], [inf], [inf], [inf], [inf], [inf], [inf], [inf], [inf], [inf], [inf], [inf], [inf], [inf], [inf], [inf], [inf], [inf], [inf], [inf], [inf], [inf], [inf], [inf], [inf], [inf], [inf], [inf], [inf]]",0,0.23511362075805664,102.37551379203796,1112
466,onnx/CIFAR100_resnet_medium.onnx,vnnlib/resnet_medium__label_5__idx_928_global_k1024_eps_0.0039.vnnlib,100,unsat False,"[[inf], [inf], [inf], [inf], [inf], [inf], [inf], [inf], [inf], [inf], [inf], [inf], [inf], [inf], [inf], [inf], [inf], [inf], [inf], [inf], [inf], [inf], [inf], [inf], [inf], [inf], [inf], [inf], [inf], [inf], [inf], [inf], [inf], [inf], [inf], [inf], [inf], [inf], [inf], [inf], [inf], [inf], [inf], [inf], [inf], [inf], [inf], [inf], [inf], [inf], [inf], [inf], [inf], [inf], [inf], [inf], [inf], [inf], [inf], [inf], [inf], [inf], [inf], [inf], [inf], [inf], [inf], [inf], [inf], [inf], [inf], [inf], [inf], [inf], [inf], [inf], [inf], [inf], [inf], [inf], [inf], [inf], [inf], [inf], [inf], [inf], [inf], [inf], [inf], [inf], [inf], [inf], [inf], [inf], [inf], [inf], [inf]]",0,0.22686481475830078,21.45177674293518,1053
467,onnx/CIFAR100_resnet_medium.onnx,vnnlib/resnet_medium__label_5__idx_928_fix_mask_seg0_k1024_eps_0.0039.vnnlib,100,unsat True,,,,4.965517282485962,0
468,onnx/CIFAR100_resnet_medium.onnx,vnnlib/resnet_medium__label_5__idx_928_fix_nonmask_seg0_k1024_eps_0.0039.vnnlib,100,unsat False,"[[inf], [inf], [inf], [inf], [inf], [inf], [inf], [inf], [inf], [inf], [inf], [inf], [inf], [inf], [inf], [inf], [inf], [inf], [inf], [inf], [inf], [inf], [inf], [inf], [inf], [inf], [inf], [inf], [inf], [inf], [inf], [inf], [inf], [inf], [inf], [inf], [inf], [inf], [inf], [inf], [inf], [inf], [inf], [inf], [inf], [inf], [inf], [inf], [inf], [inf], [inf], [inf], [inf], [inf], [inf], [inf], [inf], [inf], [inf], [inf], [inf], [inf], [inf], [inf], [inf], [inf], [inf], [inf], [inf], [inf], [inf], [inf], [inf], [inf], [inf], [inf], [inf], [inf], [inf], [inf], [inf], [inf], [inf], [inf], [inf], [inf], [inf], [inf], [inf], [inf], [inf], [inf], [inf], [inf], [inf], [inf], [inf]]",0,0.23237133026123047,17.877692699432373,1015
469,onnx/CIFAR100_resnet_medium.onnx,vnnlib/resnet_medium__label_60__idx_4583_global_k1024_eps_0.0039.vnnlib,100,unsat False,"[[inf], [inf], [inf], [inf], [inf], [inf], [inf], [inf], [inf], [inf], [inf], [inf], [inf], [inf], [inf], [inf], [inf], [inf], [inf], [inf], [inf], [inf], [inf], [inf], [inf], [inf], [inf], [inf], [inf], [inf], [inf], [inf], [inf], [inf], [inf], [inf], [inf], [inf], [inf], [inf], [inf], [inf], [inf], [inf], [inf], [inf], [inf], [inf], [inf], [inf], [inf], [inf], [inf], [inf], [inf], [inf], [inf], [inf], [inf], [inf], [inf], [inf], [inf], [inf], [inf], [inf], [inf], [inf], [inf], [inf], [inf], [inf], [inf], [inf], [inf], [inf], [inf], [inf], [inf], [inf], [inf], [inf], [inf], [inf], [inf], [inf], [inf], [inf], [inf], [inf], [inf], [inf], [inf], [inf], [inf], [inf], [inf], [inf]]",0,0.22248315811157227,15.797458171844482,1225
470,onnx/CIFAR100_resnet_medium.onnx,vnnlib/resnet_medium__label_60__idx_4583_fix_mask_seg0_k1024_eps_0.0039.vnnlib,100,unsat True,,,,3.0771164894104004,0
471,onnx/CIFAR100_resnet_medium.onnx,vnnlib/resnet_medium__label_60__idx_4583_fix_nonmask_seg0_k1024_eps_0.0039.vnnlib,100,unsat False,"[[inf], [inf], [inf], [inf], [inf], [inf], [inf], [inf], [inf], [inf], [inf], [inf], [inf], [inf], [inf], [inf], [inf], [inf], [inf], [inf], [inf], [inf], [inf], [inf], [inf], [inf], [inf], [inf], [inf], [inf], [inf], [inf], [inf], [inf], [inf], [inf], [inf], [inf], [inf], [inf], [inf], [inf], [inf], [inf], [inf], [inf], [inf], [inf], [inf], [inf], [inf], [inf], [inf], [inf], [inf], [inf], [inf], [inf], [inf], [inf], [inf], [inf], [inf], [inf], [inf], [inf], [inf], [inf], [inf], [inf], [inf], [inf], [inf], [inf], [inf], [inf], [inf], [inf], [inf], [inf], [inf], [inf], [inf], [inf], [inf], [inf], [inf], [inf], [inf], [inf], [inf], [inf], [inf], [inf], [inf], [inf], [inf], [inf]]",0,0.2323741912841797,15.291913032531738,1225
472,onnx/CIFAR100_resnet_medium.onnx,vnnlib/resnet_medium__label_63__idx_3374_global_k1024_eps_0.0039.vnnlib,100,unsat False,"[[inf], [inf], [inf], [inf], [inf], [inf], [inf], [inf], [inf], [inf], [inf], [inf], [inf], [inf], [inf], [inf], [inf], [inf], [inf], [inf], [inf], [inf], [inf], [inf], [inf], [inf], [inf], [inf], [inf], [inf], [inf], [inf], [inf], [inf], [inf], [inf], [inf], [inf], [inf], [inf], [inf], [inf], [inf], [inf], [inf], [inf], [inf], [inf], [inf], [inf], [inf], [inf], [inf], [inf], [inf], [inf], [inf], [inf], [inf], [inf], [inf], [inf], [inf], [inf], [inf], [inf], [inf], [inf], [inf], [inf], [inf], [inf], [inf], [inf], [inf], [inf], [inf], [inf], [inf], [inf], [inf], [inf], [inf], [inf], [inf], [inf], [inf], [inf], [inf], [inf], [inf], [inf], [inf], [inf], [inf], [inf], [inf], [inf]]",0,0.22570252418518066,16.018721342086792,1208
473,onnx/CIFAR100_resnet_medium.onnx,vnnlib/resnet_medium__label_63__idx_3374_fix_mask_seg0_k1024_eps_0.0039.vnnlib,100,unsat True,,,,3.299954414367676,0
474,onnx/CIFAR100_resnet_medium.onnx,vnnlib/resnet_medium__label_63__idx_3374_fix_nonmask_seg0_k1024_eps_0.0039.vnnlib,100,unsat False,"[[inf], [inf], [inf], [inf], [inf], [inf], [inf], [inf], [inf], [inf], [inf], [inf], [inf], [inf], [inf], [inf], [inf], [inf], [inf], [inf], [inf], [inf], [inf], [inf], [inf], [inf], [inf], [inf], [inf], [inf], [inf], [inf], [inf], [inf], [inf], [inf], [inf], [inf], [inf], [inf], [inf], [inf], [inf], [inf], [inf], [inf], [inf], [inf], [inf], [inf], [inf], [inf], [inf], [inf], [inf], [inf], [inf], [inf], [inf], [inf], [inf], [inf], [inf], [inf], [inf], [inf], [inf], [inf], [inf], [inf], [inf], [inf], [inf], [inf], [inf], [inf], [inf], [inf], [inf], [inf], [inf], [inf], [inf], [inf], [inf], [inf], [inf], [inf], [inf], [inf], [inf], [inf], [inf], [inf], [inf], [inf], [inf], [inf]]",0,0.23483800888061523,16.348031759262085,1194
475,onnx/CIFAR100_resnet_medium.onnx,vnnlib/resnet_medium__label_66__idx_1902_global_k1024_eps_0.0039.vnnlib,100,unsat False,"[[inf], [inf], [inf], [inf], [inf], [inf], [inf], [inf], [inf], [inf], [inf], [inf], [inf], [inf], [inf], [inf], [inf], [inf], [inf], [inf], [inf], [inf], [inf], [inf], [inf], [inf], [inf], [inf], [inf], [inf], [inf], [inf], [inf], [inf], [inf], [inf], [inf], [inf], [inf], [inf], [inf], [inf], [inf], [inf], [inf], [inf], [inf], [inf], [inf], [inf], [inf], [inf], [inf], [inf], [inf], [inf], [inf], [inf], [inf], [inf], [inf], [inf], [inf], [inf], [0.0750436782836914], [inf], [inf], [inf], [inf], [inf], [inf], [inf], [inf], [inf], [inf], [inf], [inf], [inf], [inf], [inf], [inf], [inf], [inf], [inf], [inf], [inf], [inf], [inf], [inf], [inf], [inf], [inf], [inf], [inf], [inf], [inf], [inf], [inf]]",0,0.21403217315673828,16.011050701141357,838
476,onnx/CIFAR100_resnet_medium.onnx,vnnlib/resnet_medium__label_66__idx_1902_fix_mask_seg0_k1024_eps_0.0039.vnnlib,100,unsat True,,,,3.3072831630706787,0
477,onnx/CIFAR100_resnet_medium.onnx,vnnlib/resnet_medium__label_66__idx_1902_fix_nonmask_seg0_k1024_eps_0.0039.vnnlib,100,unsat False,"[[inf], [inf], [inf], [inf], [inf], [inf], [inf], [inf], [inf], [inf], [inf], [inf], [inf], [inf], [inf], [inf], [inf], [inf], [inf], [inf], [inf], [inf], [inf], [inf], [inf], [inf], [inf], [inf], [inf], [inf], [inf], [inf], [inf], [inf], [inf], [inf], [inf], [inf], [inf], [inf], [inf], [inf], [inf], [inf], [inf], [inf], [inf], [inf], [inf], [inf], [inf], [inf], [inf], [inf], [inf], [inf], [inf], [inf], [inf], [inf], [inf], [inf], [inf], [inf], [0.08047294616699219], [inf], [inf], [inf], [inf], [inf], [inf], [inf], [inf], [inf], [inf], [inf], [inf], [inf], [inf], [inf], [inf], [inf], [inf], [inf], [inf], [inf], [inf], [inf], [inf], [inf], [inf], [inf], [inf], [inf], [inf], [inf], [inf], [inf]]",0,0.14725947380065918,16.595393419265747,831
478,onnx/CIFAR100_resnet_medium.onnx,vnnlib/resnet_medium__label_68__idx_1522_global_k1024_eps_0.0039.vnnlib,100,unsat False,"[[inf], [inf], [inf], [inf], [inf], [inf], [inf], [inf], [inf], [inf], [inf], [inf], [inf], [inf], [inf], [inf], [inf], [inf], [inf], [inf], [inf], [inf], [inf], [inf], [inf], [inf], [inf], [inf], [inf], [inf], [inf], [inf], [inf], [inf], [inf], [inf], [inf], [inf], [inf], [inf], [inf], [inf], [inf], [inf], [inf], [inf], [inf], [inf], [inf], [inf], [inf], [inf], [inf], [inf], [inf], [inf], [inf], [inf], [inf], [inf], [inf], [inf], [inf], [inf], [inf], [inf], [inf], [inf], [inf], [0.09286260604858398], [inf], [inf], [inf], [inf], [inf], [inf], [inf], [inf], [inf], [inf], [inf], [inf], [inf], [inf], [inf], [inf], [inf], [inf], [inf], [inf], [inf], [inf], [inf], [inf], [inf], [inf], [inf], [inf]]",0,0.14792203903198242,14.934911489486694,862
479,onnx/CIFAR100_resnet_medium.onnx,vnnlib/resnet_medium__label_68__idx_1522_fix_mask_seg0_k1024_eps_0.0039.vnnlib,100,unsat True,,,,2.3886306285858154,0
480,onnx/CIFAR100_resnet_medium.onnx,vnnlib/resnet_medium__label_68__idx_1522_fix_nonmask_seg0_k1024_eps_0.0039.vnnlib,100,unsat False,"[[inf], [inf], [inf], [inf], [inf], [inf], [inf], [inf], [inf], [inf], [inf], [inf], [inf], [inf], [inf], [inf], [inf], [inf], [inf], [inf], [inf], [inf], [inf], [inf], [inf], [inf], [inf], [inf], [inf], [inf], [inf], [inf], [inf], [inf], [inf], [inf], [inf], [inf], [inf], [inf], [inf], [inf], [inf], [inf], [inf], [inf], [inf], [inf], [inf], [inf], [inf], [inf], [inf], [inf], [inf], [inf], [inf], [inf], [inf], [inf], [inf], [inf], [inf], [inf], [inf], [inf], [inf], [inf], [inf], [0.0928642749786377], [inf], [inf], [inf], [inf], [inf], [inf], [inf], [inf], [inf], [inf], [inf], [inf], [inf], [inf], [inf], [inf], [inf], [inf], [inf], [inf], [inf], [inf], [inf], [inf], [inf], [inf], [inf], [inf]]",0,0.22784829139709473,15.653395414352417,862
481,onnx/CIFAR100_resnet_medium.onnx,vnnlib/resnet_medium__label_6__idx_4129_global_k1024_eps_0.0039.vnnlib,100,unsat False,"[[inf], [inf], [inf], [inf], [inf], [inf], [inf], [inf], [inf], [inf], [inf], [inf], [inf], [inf], [inf], [inf], [inf], [inf], [inf], [inf], [inf], [inf], [inf], [inf], [inf], [inf], [inf], [inf], [inf], [inf], [inf], [inf], [inf], [inf], [inf], [inf], [inf], [inf], [inf], [inf], [inf], [inf], [inf], [inf], [inf], [inf], [inf], [inf], [inf], [inf], [inf], [inf], [inf], [inf], [inf], [inf], [inf], [inf], [inf], [inf], [inf], [inf], [inf], [inf], [inf], [inf], [inf], [inf], [inf], [inf], [inf], [inf], [inf], [inf], [inf], [inf], [inf], [inf], [inf], [inf], [inf], [inf], [inf], [inf], [inf], [inf], [inf], [inf], [inf], [inf], [inf], [inf], [inf], [inf], [inf], [inf], [inf], [inf]]",0,0.2353825569152832,19.48113989830017,1230
482,onnx/CIFAR100_resnet_medium.onnx,vnnlib/resnet_medium__label_6__idx_4129_fix_mask_seg0_k1024_eps_0.0039.vnnlib,100,unsat True,,,,3.21742582321167,0
483,onnx/CIFAR100_resnet_medium.onnx,vnnlib/resnet_medium__label_6__idx_4129_fix_nonmask_seg0_k1024_eps_0.0039.vnnlib,100,unsat False,"[[inf], [inf], [inf], [inf], [inf], [inf], [inf], [inf], [inf], [inf], [inf], [inf], [inf], [inf], [inf], [inf], [inf], [inf], [inf], [inf], [inf], [inf], [inf], [inf], [inf], [inf], [inf], [inf], [inf], [inf], [inf], [inf], [inf], [inf], [inf], [inf], [inf], [inf], [inf], [inf], [inf], [inf], [inf], [inf], [inf], [inf], [inf], [inf], [inf], [inf], [inf], [inf], [inf], [inf], [inf], [inf], [inf], [inf], [inf], [inf], [inf], [inf], [inf], [inf], [inf], [inf], [inf], [inf], [inf], [inf], [inf], [inf], [inf], [inf], [inf], [inf], [inf], [inf], [inf], [inf], [inf], [inf], [inf], [inf], [inf], [inf], [inf], [inf], [inf], [inf], [inf], [inf], [inf], [inf], [inf], [inf], [inf], [inf]]",0,0.31973743438720703,21.07365584373474,1230
484,onnx/CIFAR100_resnet_medium.onnx,vnnlib/resnet_medium__label_6__idx_4225_global_k1024_eps_0.0039.vnnlib,100,unsat False,"[[inf], [inf], [inf], [inf], [inf], [inf], [inf], [inf], [inf], [inf], [inf], [inf], [inf], [inf], [inf], [inf], [inf], [inf], [inf], [inf], [inf], [inf], [inf], [inf], [inf], [inf], [inf], [inf], [inf], [inf], [inf], [inf], [inf], [inf], [inf], [inf], [inf], [inf], [inf], [inf], [inf], [inf], [inf], [inf], [inf], [inf], [inf], [inf], [inf], [inf], [inf], [inf], [inf], [inf], [inf], [inf], [inf], [inf], [inf], [inf], [inf], [inf], [inf], [inf], [inf], [inf], [inf], [inf], [inf], [inf], [inf], [inf], [inf], [inf], [inf], [inf], [inf], [inf], [inf], [inf], [inf], [inf], [inf], [inf], [inf], [inf], [inf], [inf], [inf], [inf], [inf], [inf], [inf], [inf], [inf], [0.13513565063476562], [inf], [inf]]",0,0.2282853126525879,16.390589237213135,955
485,onnx/CIFAR100_resnet_medium.onnx,vnnlib/resnet_medium__label_6__idx_4225_fix_mask_seg0_k1024_eps_0.0039.vnnlib,100,unsat True,,,,3.3437845706939697,0
486,onnx/CIFAR100_resnet_medium.onnx,vnnlib/resnet_medium__label_6__idx_4225_fix_nonmask_seg0_k1024_eps_0.0039.vnnlib,100,unsat False,"[[inf], [inf], [inf], [inf], [inf], [inf], [inf], [inf], [inf], [inf], [inf], [inf], [inf], [inf], [inf], [inf], [inf], [inf], [inf], [inf], [inf], [inf], [inf], [inf], [inf], [inf], [inf], [inf], [inf], [inf], [inf], [inf], [inf], [inf], [inf], [inf], [inf], [inf], [inf], [inf], [inf], [inf], [inf], [inf], [inf], [inf], [inf], [inf], [inf], [inf], [inf], [inf], [inf], [inf], [inf], [inf], [inf], [inf], [inf], [inf], [inf], [inf], [inf], [inf], [inf], [inf], [inf], [inf], [inf], [inf], [inf], [inf], [inf], [inf], [inf], [inf], [inf], [inf], [inf], [inf], [inf], [inf], [inf], [inf], [inf], [inf], [inf], [inf], [inf], [inf], [inf], [inf], [inf], [inf], [inf], [0.13513851165771484], [inf], [inf]]",0,0.23259663581848145,16.618648529052734,955
487,onnx/CIFAR100_resnet_medium.onnx,vnnlib/resnet_medium__label_70__idx_3285_global_k1024_eps_0.0039.vnnlib,100,timeout False,"[[inf], [inf], [inf], [inf], [inf], [inf], [inf], [inf], [inf], [inf], [inf], [inf], [inf], [inf], [inf], [inf], [inf], [inf], [inf], [inf], [inf], [inf], [inf], [inf], [inf], [inf], [inf], [inf], [inf], [inf], [inf], [inf], [inf], [inf], [inf], [inf], [inf], [inf], [inf], [inf], [inf], [inf], [inf], [inf], [inf], [inf], [inf], [inf], [inf], [inf], [inf], [inf], [inf], [inf], [inf], [inf], [inf], [inf], [inf], [inf], [inf], [inf], [inf], [inf], [inf], [inf], [inf], [inf], [inf], [inf], [inf], [inf], [inf], [inf], [inf], [inf], [inf], [inf], [inf], [inf], [inf], [inf], [inf], [inf], [inf], [inf], [inf], [inf], [inf], [inf], [inf], [inf], [inf], [inf], [inf], [inf], [inf]]",0,0.10611915588378906,103.40236496925354,1101
488,onnx/CIFAR100_resnet_medium.onnx,vnnlib/resnet_medium__label_70__idx_3285_fix_mask_seg0_k1024_eps_0.0039.vnnlib,100,unsat True,,,,3.451852798461914,0
489,onnx/CIFAR100_resnet_medium.onnx,vnnlib/resnet_medium__label_70__idx_3285_fix_nonmask_seg0_k1024_eps_0.0039.vnnlib,100,timeout False,"[[inf], [inf], [inf], [inf], [inf], [inf], [inf], [inf], [inf], [inf], [inf], [inf], [inf], [inf], [inf], [inf], [inf], [inf], [inf], [inf], [inf], [inf], [inf], [inf], [inf], [inf], [inf], [inf], [inf], [inf], [inf], [inf], [inf], [inf], [inf], [inf], [inf], [inf], [inf], [inf], [inf], [inf], [inf], [inf], [inf], [inf], [inf], [inf], [inf], [inf], [inf], [inf], [inf], [inf], [inf], [inf], [inf], [inf], [inf], [inf], [inf], [inf], [inf], [inf], [inf], [inf], [inf], [inf], [inf], [inf], [inf], [inf], [inf], [inf], [inf], [inf], [inf], [inf], [inf], [inf], [inf], [inf], [inf], [inf], [inf], [inf], [inf], [inf], [inf], [inf], [inf], [inf], [inf], [inf], [inf], [inf], [inf]]",0,0.2339344024658203,101.28443002700806,1101
490,onnx/CIFAR100_resnet_medium.onnx,vnnlib/resnet_medium__label_71__idx_752_global_k1024_eps_0.0039.vnnlib,100,timeout False,"[[inf], [inf], [inf], [inf], [inf], [inf], [inf], [inf], [inf], [inf], [inf], [inf], [inf], [inf], [inf], [inf], [inf], [inf], [inf], [inf], [inf], [inf], [inf], [inf], [inf], [inf], [inf], [inf], [inf], [inf], [inf], [inf], [inf], [inf], [inf], [inf], [inf], [inf], [inf], [inf], [inf], [inf], [inf], [inf], [inf], [inf], [inf], [inf], [inf], [inf], [inf], [inf], [inf], [inf], [inf], [inf], [inf], [inf], [inf], [inf], [inf], [inf], [inf], [inf], [inf], [inf], [inf], [inf], [inf], [inf], [inf], [inf], [inf], [inf], [inf], [inf], [inf], [inf], [inf], [inf], [inf], [inf], [inf], [inf], [inf], [inf], [inf], [inf], [inf], [inf], [inf], [inf], [inf], [inf], [inf], [inf], [inf], [inf]]",0,0.19567489624023438,105.51158285140991,716
491,onnx/CIFAR100_resnet_medium.onnx,vnnlib/resnet_medium__label_71__idx_752_fix_mask_seg0_k1024_eps_0.0039.vnnlib,100,unsat True,,,,3.1941120624542236,0
492,onnx/CIFAR100_resnet_medium.onnx,vnnlib/resnet_medium__label_71__idx_752_fix_nonmask_seg0_k1024_eps_0.0039.vnnlib,100,timeout False,"[[inf], [inf], [inf], [inf], [inf], [inf], [inf], [inf], [inf], [inf], [inf], [inf], [inf], [inf], [inf], [inf], [inf], [inf], [inf], [inf], [inf], [inf], [inf], [inf], [inf], [inf], [inf], [inf], [inf], [inf], [inf], [inf], [inf], [inf], [inf], [inf], [inf], [inf], [inf], [inf], [inf], [inf], [inf], [inf], [inf], [inf], [inf], [inf], [inf], [inf], [inf], [inf], [inf], [inf], [inf], [inf], [inf], [inf], [inf], [inf], [inf], [inf], [inf], [inf], [inf], [inf], [inf], [inf], [inf], [inf], [inf], [inf], [inf], [inf], [inf], [inf], [inf], [inf], [inf], [inf], [inf], [inf], [inf], [inf], [inf], [inf], [inf], [inf], [inf], [inf], [inf], [inf], [inf], [inf], [inf], [inf], [inf], [inf]]",0,0.23245716094970703,102.8415174484253,716
493,onnx/CIFAR100_resnet_medium.onnx,vnnlib/resnet_medium__label_72__idx_792_global_k1024_eps_0.0039.vnnlib,100,unsat False,"[[inf], [inf], [inf], [inf], [inf], [inf], [inf], [inf], [inf], [inf], [inf], [inf], [inf], [inf], [inf], [inf], [inf], [inf], [inf], [inf], [inf], [inf], [inf], [inf], [inf], [inf], [inf], [inf], [inf], [inf], [inf], [inf], [inf], [inf], [inf], [inf], [inf], [inf], [inf], [inf], [inf], [inf], [inf], [inf], [inf], [inf], [inf], [inf], [inf], [inf], [inf], [inf], [inf], [inf], [inf], [inf], [inf], [inf], [inf], [inf], [inf], [inf], [inf], [inf], [inf], [inf], [inf], [inf], [inf], [inf], [inf], [inf], [inf], [inf], [inf], [inf], [inf], [inf], [inf], [inf], [inf], [inf], [inf], [inf], [inf], [inf], [inf], [inf], [inf], [inf], [inf], [inf], [inf], [inf], [inf], [inf], [inf], [inf]]",0,0.22939682006835938,15.932565212249756,951
494,onnx/CIFAR100_resnet_medium.onnx,vnnlib/resnet_medium__label_72__idx_792_fix_mask_seg0_k1024_eps_0.0039.vnnlib,100,unsat True,,,,3.7027764320373535,0
495,onnx/CIFAR100_resnet_medium.onnx,vnnlib/resnet_medium__label_72__idx_792_fix_nonmask_seg0_k1024_eps_0.0039.vnnlib,100,unsat False,"[[inf], [inf], [inf], [inf], [inf], [inf], [inf], [inf], [inf], [inf], [inf], [inf], [inf], [inf], [inf], [inf], [inf], [inf], [inf], [inf], [inf], [inf], [inf], [inf], [inf], [inf], [inf], [inf], [inf], [inf], [inf], [inf], [inf], [inf], [inf], [inf], [inf], [inf], [inf], [inf], [inf], [inf], [inf], [inf], [inf], [inf], [inf], [inf], [inf], [inf], [inf], [inf], [inf], [inf], [inf], [inf], [inf], [inf], [inf], [inf], [inf], [inf], [inf], [inf], [inf], [inf], [inf], [inf], [inf], [inf], [inf], [inf], [inf], [inf], [inf], [inf], [inf], [inf], [inf], [inf], [inf], [inf], [inf], [inf], [inf], [inf], [inf], [inf], [inf], [inf], [inf], [inf], [inf], [inf], [inf], [inf], [inf], [inf]]",0,0.2149977684020996,15.531200170516968,946
496,onnx/CIFAR100_resnet_medium.onnx,vnnlib/resnet_medium__label_73__idx_1800_global_k1024_eps_0.0039.vnnlib,100,timeout False,"[[inf], [inf], [inf], [inf], [inf], [inf], [inf], [inf], [inf], [inf], [inf], [inf], [inf], [inf], [inf], [inf], [inf], [inf], [inf], [inf], [inf], [inf], [inf], [inf], [inf], [inf], [inf], [inf], [inf], [inf], [inf], [inf], [inf], [inf], [inf], [inf], [inf], [inf], [inf], [inf], [inf], [inf], [inf], [inf], [inf], [inf], [inf], [inf], [inf], [inf], [inf], [inf], [inf], [inf], [inf], [inf], [inf], [inf], [inf], [inf], [inf], [inf], [inf], [inf], [inf], [inf], [inf], [inf], [inf], [inf], [inf], [inf], [inf], [inf], [inf], [inf], [inf], [inf], [inf], [inf], [inf], [inf], [inf], [inf], [inf], [inf], [inf], [inf], [inf], [inf], [inf], [inf], [inf], [inf], [inf], [inf], [inf], [inf]]",0,0.19602417945861816,101.48204493522644,799
497,onnx/CIFAR100_resnet_medium.onnx,vnnlib/resnet_medium__label_73__idx_1800_fix_mask_seg0_k1024_eps_0.0039.vnnlib,100,unsat True,,,,3.8063321113586426,0
498,onnx/CIFAR100_resnet_medium.onnx,vnnlib/resnet_medium__label_73__idx_1800_fix_nonmask_seg0_k1024_eps_0.0039.vnnlib,100,timeout False,"[[inf], [inf], [inf], [inf], [inf], [inf], [inf], [inf], [inf], [inf], [inf], [inf], [inf], [inf], [inf], [inf], [inf], [inf], [inf], [inf], [inf], [inf], [inf], [inf], [inf], [inf], [inf], [inf], [inf], [inf], [inf], [inf], [inf], [inf], [inf], [inf], [inf], [inf], [inf], [inf], [inf], [inf], [inf], [inf], [inf], [inf], [inf], [inf], [inf], [inf], [inf], [inf], [inf], [inf], [inf], [inf], [inf], [inf], [inf], [inf], [inf], [inf], [inf], [inf], [inf], [inf], [inf], [inf], [inf], [inf], [inf], [inf], [inf], [inf], [inf], [inf], [inf], [inf], [inf], [inf], [inf], [inf], [inf], [inf], [inf], [inf], [inf], [inf], [inf], [inf], [inf], [inf], [inf], [inf], [inf], [inf], [inf], [inf]]",0,0.23406624794006348,100.95016741752625,799
499,onnx/CIFAR100_resnet_medium.onnx,vnnlib/resnet_medium__label_74__idx_9092_global_k1024_eps_0.0039.vnnlib,100,timeout False,"[[inf], [inf], [inf], [inf], [inf], [inf], [inf], [inf], [inf], [inf], [inf], [inf], [inf], [inf], [inf], [inf], [inf], [inf], [inf], [inf], [inf], [inf], [inf], [inf], [inf], [inf], [inf], [inf], [inf], [inf], [inf], [inf], [inf], [inf], [inf], [inf], [inf], [inf], [inf], [inf], [inf], [inf], [inf], [inf], [inf], [inf], [inf], [inf], [inf], [inf], [inf], [inf], [inf], [inf], [inf], [inf], [inf], [inf], [inf], [inf], [inf], [inf], [inf], [inf], [inf], [inf], [inf], [inf], [inf], [inf], [inf], [inf], [inf], [inf], [inf], [inf], [inf], [inf], [inf], [inf], [inf], [inf], [inf], [inf], [inf], [inf], [inf], [inf], [inf], [inf], [inf], [inf], [inf], [inf], [inf], [inf]]",0,0.23418021202087402,102.0708167552948,1298
500,onnx/CIFAR100_resnet_medium.onnx,vnnlib/resnet_medium__label_74__idx_9092_fix_mask_seg0_k1024_eps_0.0039.vnnlib,100,unsat True,,,,3.1015641689300537,0
501,onnx/CIFAR100_resnet_medium.onnx,vnnlib/resnet_medium__label_74__idx_9092_fix_nonmask_seg0_k1024_eps_0.0039.vnnlib,100,timeout False,"[[inf], [inf], [inf], [inf], [inf], [inf], [inf], [inf], [inf], [inf], [inf], [inf], [inf], [inf], [inf], [inf], [inf], [inf], [inf], [inf], [inf], [inf], [inf], [inf], [inf], [inf], [inf], [inf], [inf], [inf], [inf], [inf], [inf], [inf], [inf], [inf], [inf], [inf], [inf], [inf], [inf], [inf], [inf], [inf], [inf], [inf], [inf], [inf], [inf], [inf], [inf], [inf], [inf], [inf], [inf], [inf], [inf], [inf], [inf], [inf], [inf], [inf], [inf], [inf], [inf], [inf], [inf], [inf], [inf], [inf], [inf], [inf], [inf], [inf], [inf], [inf], [inf], [inf], [inf], [inf], [inf], [inf], [inf], [inf], [inf], [inf], [inf], [inf], [inf], [inf], [inf], [inf], [inf], [inf], [inf], [inf]]",0,0.2286374568939209,103.02047920227051,1298
502,onnx/CIFAR100_resnet_medium.onnx,vnnlib/resnet_medium__label_75__idx_4400_global_k1024_eps_0.0039.vnnlib,100,timeout False,"[[inf], [inf], [inf], [inf], [inf], [inf], [inf], [inf], [inf], [inf], [inf], [inf], [inf], [inf], [inf], [inf], [inf], [inf], [inf], [inf], [inf], [inf], [inf], [inf], [inf], [inf], [inf], [inf], [inf], [inf], [inf], [inf], [inf], [inf], [inf], [inf], [inf], [inf], [inf], [inf], [inf], [inf], [inf], [inf], [inf], [inf], [inf], [inf], [inf], [inf], [inf], [inf], [inf], [inf], [inf], [inf], [inf], [inf], [inf], [inf], [inf], [inf], [inf], [inf], [inf], [inf], [inf], [inf], [inf], [inf], [inf], [inf], [inf], [inf], [inf], [inf], [inf], [inf], [inf], [inf], [inf], [inf], [inf], [inf], [inf], [inf], [inf], [inf], [inf], [inf], [inf], [inf], [inf], [inf], [inf], [inf], [inf], [inf]]",0,0.14644098281860352,104.58332061767578,1115
503,onnx/CIFAR100_resnet_medium.onnx,vnnlib/resnet_medium__label_75__idx_4400_fix_mask_seg0_k1024_eps_0.0039.vnnlib,100,unsat True,,,,2.911318778991699,0
504,onnx/CIFAR100_resnet_medium.onnx,vnnlib/resnet_medium__label_75__idx_4400_fix_nonmask_seg0_k1024_eps_0.0039.vnnlib,100,timeout False,"[[inf], [inf], [inf], [inf], [inf], [inf], [inf], [inf], [inf], [inf], [inf], [inf], [inf], [inf], [inf], [inf], [inf], [inf], [inf], [inf], [inf], [inf], [inf], [inf], [inf], [inf], [inf], [inf], [inf], [inf], [inf], [inf], [inf], [inf], [inf], [inf], [inf], [inf], [inf], [inf], [inf], [inf], [inf], [inf], [inf], [inf], [inf], [inf], [inf], [inf], [inf], [inf], [inf], [inf], [inf], [inf], [inf], [inf], [inf], [inf], [inf], [inf], [inf], [inf], [inf], [inf], [inf], [inf], [inf], [inf], [inf], [inf], [inf], [inf], [inf], [inf], [inf], [inf], [inf], [inf], [inf], [inf], [inf], [inf], [inf], [inf], [inf], [inf], [inf], [inf], [inf], [inf], [inf], [inf], [inf], [inf], [inf], [inf]]",0,0.23601460456848145,103.0917239189148,1115
505,onnx/CIFAR100_resnet_medium.onnx,vnnlib/resnet_medium__label_76__idx_1471_global_k1024_eps_0.0039.vnnlib,100,unsat True,,,,12.629879474639893,0
506,onnx/CIFAR100_resnet_medium.onnx,vnnlib/resnet_medium__label_76__idx_1471_fix_mask_seg0_k1024_eps_0.0039.vnnlib,100,unsat True,,,,2.8756630420684814,0
507,onnx/CIFAR100_resnet_medium.onnx,vnnlib/resnet_medium__label_76__idx_1471_fix_nonmask_seg0_k1024_eps_0.0039.vnnlib,100,unsat True,,,,11.328197717666626,0
508,onnx/CIFAR100_resnet_medium.onnx,vnnlib/resnet_medium__label_79__idx_3741_global_k1024_eps_0.0039.vnnlib,100,sat True,,,,3.3037190437316895,0
509,onnx/CIFAR100_resnet_medium.onnx,vnnlib/resnet_medium__label_79__idx_3741_fix_mask_seg0_k1024_eps_0.0039.vnnlib,100,unsat True,,,,2.718635082244873,0
510,onnx/CIFAR100_resnet_medium.onnx,vnnlib/resnet_medium__label_79__idx_3741_fix_nonmask_seg0_k1024_eps_0.0039.vnnlib,100,sat True,,,,3.5891358852386475,0
511,onnx/CIFAR100_resnet_medium.onnx,vnnlib/resnet_medium__label_79__idx_5430_global_k1024_eps_0.0039.vnnlib,100,timeout False,"[[inf], [inf], [inf], [inf], [inf], [inf], [inf], [inf], [inf], [inf], [inf], [inf], [inf], [inf], [inf], [inf], [inf], [inf], [inf], [inf], [inf], [inf], [inf], [inf], [inf], [inf], [inf], [inf], [inf], [inf], [inf], [inf], [inf], [inf], [inf], [inf], [inf], [inf], [inf], [inf], [inf], [inf], [inf], [inf], [inf], [inf], [inf], [inf], [inf], [inf], [inf], [inf], [inf], [inf], [inf], [inf], [inf], [inf], [inf], [inf], [inf], [inf], [inf], [inf], [inf], [inf], [inf], [inf], [inf], [inf], [inf], [inf], [inf], [inf], [inf], [inf], [inf], [inf], [inf], [inf], [inf], [inf], [inf], [inf], [inf], [inf], [inf], [inf], [inf], [inf], [inf], [inf], [inf], [inf], [inf], [inf], [inf]]",0,0.23336338996887207,105.07466959953308,1133
512,onnx/CIFAR100_resnet_medium.onnx,vnnlib/resnet_medium__label_79__idx_5430_fix_mask_seg0_k1024_eps_0.0039.vnnlib,100,unsat True,,,,3.941406011581421,0
513,onnx/CIFAR100_resnet_medium.onnx,vnnlib/resnet_medium__label_79__idx_5430_fix_nonmask_seg0_k1024_eps_0.0039.vnnlib,100,timeout False,"[[inf], [inf], [inf], [inf], [inf], [inf], [inf], [inf], [inf], [inf], [inf], [inf], [inf], [inf], [inf], [inf], [inf], [inf], [inf], [inf], [inf], [inf], [inf], [inf], [inf], [inf], [inf], [inf], [inf], [inf], [inf], [inf], [inf], [inf], [inf], [inf], [inf], [inf], [inf], [inf], [inf], [inf], [inf], [inf], [inf], [inf], [inf], [inf], [inf], [inf], [inf], [inf], [inf], [inf], [inf], [inf], [inf], [inf], [inf], [inf], [inf], [inf], [inf], [inf], [inf], [inf], [inf], [inf], [inf], [inf], [inf], [inf], [inf], [inf], [inf], [inf], [inf], [inf], [inf], [inf], [inf], [inf], [inf], [inf], [inf], [inf], [inf], [inf], [inf], [inf], [inf], [inf], [inf], [inf], [inf], [inf], [inf]]",0,0.23438239097595215,102.00816750526428,1133
514,onnx/CIFAR100_resnet_medium.onnx,vnnlib/resnet_medium__label_7__idx_1605_global_k1024_eps_0.0039.vnnlib,100,timeout False,"[[inf], [inf], [inf], [inf], [inf], [inf], [inf], [inf], [inf], [inf], [inf], [inf], [inf], [inf], [inf], [inf], [inf], [inf], [inf], [inf], [inf], [inf], [inf], [inf], [inf], [inf], [inf], [inf], [inf], [inf], [inf], [inf], [inf], [inf], [inf], [inf], [inf], [inf], [inf], [inf], [inf], [inf], [inf], [inf], [inf], [inf], [inf], [inf], [inf], [inf], [inf], [inf], [inf], [inf], [inf], [inf], [inf], [inf], [inf], [inf], [inf], [inf], [inf], [inf], [inf], [0.24938297271728516], [inf], [inf], [inf], [inf], [inf], [inf], [inf], [inf], [inf], [inf], [inf], [inf], [inf], [inf], [inf], [inf], [inf], [inf], [inf], [inf], [inf], [inf], [inf], [inf], [inf], [inf], [inf], [inf], [inf], [inf], [inf]]",0,0.23015546798706055,105.77050709724426,1303
515,onnx/CIFAR100_resnet_medium.onnx,vnnlib/resnet_medium__label_7__idx_1605_fix_mask_seg0_k1024_eps_0.0039.vnnlib,100,unsat True,,,,2.4464340209960938,0
516,onnx/CIFAR100_resnet_medium.onnx,vnnlib/resnet_medium__label_7__idx_1605_fix_nonmask_seg0_k1024_eps_0.0039.vnnlib,100,timeout False,"[[inf], [inf], [inf], [inf], [inf], [inf], [inf], [inf], [inf], [inf], [inf], [inf], [inf], [inf], [inf], [inf], [inf], [inf], [inf], [inf], [inf], [inf], [inf], [inf], [inf], [inf], [inf], [inf], [inf], [inf], [inf], [inf], [inf], [inf], [inf], [inf], [inf], [inf], [inf], [inf], [inf], [inf], [inf], [inf], [inf], [inf], [inf], [inf], [inf], [inf], [inf], [inf], [inf], [inf], [inf], [inf], [inf], [inf], [inf], [inf], [inf], [inf], [inf], [inf], [inf], [0.24938011169433594], [inf], [inf], [inf], [inf], [inf], [inf], [inf], [inf], [inf], [inf], [inf], [inf], [inf], [inf], [inf], [inf], [inf], [inf], [inf], [inf], [inf], [inf], [inf], [inf], [inf], [inf], [inf], [inf], [inf], [inf], [inf]]",0,0.1689760684967041,102.81508350372314,1303
517,onnx/CIFAR100_resnet_medium.onnx,vnnlib/resnet_medium__label_80__idx_1690_global_k1024_eps_0.0039.vnnlib,100,timeout False,"[[inf], [inf], [inf], [0.11459732055664062], [inf], [inf], [inf], [inf], [inf], [inf], [inf], [inf], [inf], [inf], [inf], [inf], [inf], [inf], [inf], [inf], [inf], [inf], [inf], [inf], [inf], [inf], [inf], [inf], [inf], [inf], [inf], [0.1109306812286377], [0.41591978073120117], [inf], [inf], [inf], [inf], [inf], [inf], [inf], [inf], [inf], [inf], [inf], [inf], [inf], [inf], [inf], [inf], [inf], [inf], [inf], [0.002899169921875], [inf], [inf], [inf], [inf], [inf], [inf], [inf], [inf], [inf], [inf], [inf], [inf], [inf], [inf], [inf], [inf], [inf], [inf], [inf], [0.09651839733123779], [inf], [0.09639596939086914], [inf], [inf], [inf], [inf], [inf], [inf], [inf], [inf], [inf], [inf], [inf], [inf], [inf], [inf], [inf], [inf], [inf]]",0,0.23108363151550293,103.84521913528442,1467
518,onnx/CIFAR100_resnet_medium.onnx,vnnlib/resnet_medium__label_80__idx_1690_fix_mask_seg0_k1024_eps_0.0039.vnnlib,100,unsat True,,,,3.182098865509033,0
519,onnx/CIFAR100_resnet_medium.onnx,vnnlib/resnet_medium__label_80__idx_1690_fix_nonmask_seg0_k1024_eps_0.0039.vnnlib,100,timeout False,"[[inf], [inf], [inf], [0.11459827423095703], [inf], [inf], [inf], [inf], [inf], [inf], [inf], [inf], [inf], [inf], [inf], [inf], [inf], [inf], [inf], [inf], [inf], [inf], [inf], [inf], [inf], [inf], [inf], [inf], [inf], [inf], [inf], [0.11093056201934814], [0.4159221649169922], [inf], [inf], [inf], [inf], [inf], [inf], [inf], [inf], [inf], [inf], [inf], [inf], [inf], [inf], [inf], [inf], [inf], [inf], [inf], [0.0028963088989257812], [inf], [inf], [inf], [inf], [inf], [inf], [inf], [inf], [inf], [inf], [inf], [inf], [inf], [inf], [inf], [inf], [inf], [inf], [inf], [0.09651815891265869], [inf], [0.09639859199523926], [inf], [inf], [inf], [inf], [inf], [inf], [inf], [inf], [inf], [inf], [inf], [inf], [inf], [inf], [inf], [inf], [inf]]",0,0.23480558395385742,106.20301604270935,1467
520,onnx/CIFAR100_resnet_medium.onnx,vnnlib/resnet_medium__label_80__idx_3620_global_k1024_eps_0.0039.vnnlib,100,timeout False,"[[inf], [inf], [inf], [inf], [inf], [inf], [inf], [inf], [inf], [inf], [inf], [inf], [inf], [inf], [inf], [inf], [inf], [inf], [inf], [inf], [inf], [inf], [inf], [inf], [inf], [inf], [inf], [inf], [inf], [inf], [inf], [inf], [inf], [inf], [inf], [inf], [inf], [inf], [inf], [inf], [inf], [inf], [inf], [inf], [inf], [inf], [inf], [inf], [inf], [inf], [inf], [inf], [inf], [inf], [inf], [inf], [inf], [inf], [inf], [inf], [inf], [inf], [inf], [inf], [inf], [inf], [inf], [inf], [inf], [inf], [inf], [inf], [inf], [inf], [inf], [inf], [inf], [inf], [inf], [inf], [inf], [inf], [inf], [inf], [inf], [inf], [inf], [inf], [inf], [inf], [inf], [inf], [inf], [inf], [inf], [inf], [inf], [inf]]",0,0.22113800048828125,102.48887729644775,1057
521,onnx/CIFAR100_resnet_medium.onnx,vnnlib/resnet_medium__label_80__idx_3620_fix_mask_seg0_k1024_eps_0.0039.vnnlib,100,unsat True,,,,2.907308340072632,0
522,onnx/CIFAR100_resnet_medium.onnx,vnnlib/resnet_medium__label_80__idx_3620_fix_nonmask_seg0_k1024_eps_0.0039.vnnlib,100,timeout False,"[[inf], [inf], [inf], [inf], [inf], [inf], [inf], [inf], [inf], [inf], [inf], [inf], [inf], [inf], [inf], [inf], [inf], [inf], [inf], [inf], [inf], [inf], [inf], [inf], [inf], [inf], [inf], [inf], [inf], [inf], [inf], [inf], [inf], [inf], [inf], [inf], [inf], [inf], [inf], [inf], [inf], [inf], [inf], [inf], [inf], [inf], [inf], [inf], [inf], [inf], [inf], [inf], [inf], [inf], [inf], [inf], [inf], [inf], [inf], [inf], [inf], [inf], [inf], [inf], [inf], [inf], [inf], [inf], [inf], [inf], [inf], [inf], [inf], [inf], [inf], [inf], [inf], [inf], [inf], [inf], [inf], [inf], [inf], [inf], [inf], [inf], [inf], [inf], [inf], [inf], [inf], [inf], [inf], [inf], [inf], [inf], [inf], [inf]]",0,0.22964978218078613,101.82966113090515,1036
523,onnx/CIFAR100_resnet_medium.onnx,vnnlib/resnet_medium__label_80__idx_9109_global_k1024_eps_0.0039.vnnlib,100,timeout False,"[[inf], [inf], [inf], [inf], [inf], [inf], [inf], [inf], [0.4110887050628662], [inf], [inf], [inf], [inf], [inf], [inf], [inf], [inf], [inf], [inf], [inf], [inf], [inf], [inf], [inf], [inf], [inf], [inf], [0.255145788192749], [inf], [inf], [inf], [inf], [inf], [inf], [inf], [inf], [inf], [inf], [inf], [inf], [inf], [inf], [inf], [inf], [inf], [inf], [inf], [inf], [inf], [inf], [inf], [inf], [inf], [inf], [inf], [inf], [inf], [inf], [inf], [inf], [inf], [inf], [inf], [inf], [inf], [inf], [inf], [inf], [inf], [inf], [inf], [inf], [inf], [inf], [inf], [inf], [inf], [inf], [inf], [inf], [inf], [inf], [inf], [inf], [0.16047406196594238], [inf], [inf], [inf], [inf], [inf], [inf], [inf], [inf], [inf], [inf]]",0,0.2323741912841797,105.37623810768127,1495
524,onnx/CIFAR100_resnet_medium.onnx,vnnlib/resnet_medium__label_80__idx_9109_fix_mask_seg0_k1024_eps_0.0039.vnnlib,100,unsat True,,,,3.547741174697876,0
525,onnx/CIFAR100_resnet_medium.onnx,vnnlib/resnet_medium__label_80__idx_9109_fix_nonmask_seg0_k1024_eps_0.0039.vnnlib,100,timeout False,"[[inf], [inf], [inf], [inf], [inf], [inf], [inf], [inf], [inf], [inf], [inf], [inf], [inf], [inf], [inf], [inf], [inf], [inf], [inf], [inf], [inf], [inf], [inf], [inf], [inf], [inf], [inf], [inf], [inf], [inf], [inf], [inf], [inf], [inf], [inf], [inf], [inf], [inf], [inf], [inf], [inf], [inf], [inf], [inf], [inf], [inf], [inf], [inf], [inf], [inf], [inf], [inf], [inf], [inf], [inf], [inf], [inf], [inf], [inf], [inf], [inf], [inf], [inf], [inf], [inf], [inf], [inf], [inf], [inf], [inf], [inf], [inf], [inf], [inf], [inf], [inf], [inf], [inf], [inf], [inf], [inf], [inf], [inf], [inf], [inf], [inf], [inf], [inf], [inf], [inf], [inf], [inf], [inf], [inf], [inf]]",0,0.23343920707702637,105.99456548690796,1397
526,onnx/CIFAR100_resnet_medium.onnx,vnnlib/resnet_medium__label_81__idx_6695_global_k1024_eps_0.0039.vnnlib,100,timeout False,"[[inf], [inf], [inf], [inf], [inf], [inf], [inf], [inf], [inf], [inf], [inf], [inf], [inf], [inf], [inf], [inf], [inf], [inf], [inf], [inf], [inf], [inf], [inf], [inf], [inf], [inf], [inf], [inf], [inf], [inf], [inf], [inf], [inf], [inf], [inf], [inf], [inf], [0.07969331741333008], [inf], [inf], [inf], [inf], [inf], [inf], [inf], [inf], [inf], [inf], [inf], [inf], [inf], [inf], [inf], [inf], [inf], [inf], [inf], [inf], [inf], [inf], [inf], [inf], [inf], [inf], [inf], [inf], [inf], [inf], [inf], [inf], [inf], [inf], [inf], [inf], [inf], [inf], [inf], [inf], [inf], [inf], [inf], [inf], [inf], [inf], [inf], [inf], [inf], [inf], [inf], [inf], [inf], [inf], [inf], [inf], [inf], [inf], [inf]]",0,0.22336363792419434,102.39601445198059,856
527,onnx/CIFAR100_resnet_medium.onnx,vnnlib/resnet_medium__label_81__idx_6695_fix_mask_seg0_k1024_eps_0.0039.vnnlib,100,unsat True,,,,3.4587323665618896,0
528,onnx/CIFAR100_resnet_medium.onnx,vnnlib/resnet_medium__label_81__idx_6695_fix_nonmask_seg0_k1024_eps_0.0039.vnnlib,100,timeout False,"[[inf], [inf], [inf], [inf], [inf], [inf], [inf], [inf], [inf], [inf], [inf], [inf], [inf], [inf], [inf], [inf], [inf], [inf], [inf], [inf], [inf], [inf], [inf], [inf], [inf], [inf], [inf], [inf], [inf], [inf], [inf], [inf], [inf], [inf], [inf], [inf], [inf], [inf], [inf], [inf], [inf], [inf], [inf], [inf], [inf], [inf], [inf], [inf], [inf], [inf], [inf], [inf], [inf], [inf], [inf], [inf], [inf], [inf], [inf], [inf], [inf], [inf], [inf], [inf], [inf], [inf], [inf], [inf], [inf], [inf], [inf], [inf], [inf], [inf], [inf], [inf], [inf], [inf], [inf], [inf], [inf], [inf], [inf], [inf], [inf], [inf], [inf], [inf], [inf], [inf], [inf], [inf], [inf], [inf], [inf], [inf], [inf]]",0,0.22683286666870117,103.544593334198,840
529,onnx/CIFAR100_resnet_medium.onnx,vnnlib/resnet_medium__label_83__idx_5815_global_k1024_eps_0.0039.vnnlib,100,timeout False,"[[inf], [inf], [inf], [inf], [inf], [inf], [inf], [inf], [inf], [inf], [inf], [inf], [inf], [inf], [inf], [inf], [inf], [inf], [inf], [inf], [inf], [inf], [inf], [inf], [inf], [inf], [inf], [inf], [inf], [inf], [inf], [inf], [inf], [inf], [inf], [inf], [inf], [inf], [inf], [inf], [inf], [inf], [inf], [inf], [inf], [inf], [inf], [inf], [inf], [inf], [inf], [inf], [inf], [inf], [inf], [inf], [inf], [inf], [inf], [inf], [inf], [inf], [inf], [inf], [inf], [inf], [inf], [inf], [inf], [inf], [inf], [inf], [inf], [inf], [inf], [inf], [inf], [inf], [inf], [inf], [inf], [inf], [inf], [inf], [inf], [inf], [inf], [inf], [inf], [inf], [inf], [inf], [inf], [inf], [inf], [inf], [inf], [inf]]",0,0.23409771919250488,103.62176203727722,976
530,onnx/CIFAR100_resnet_medium.onnx,vnnlib/resnet_medium__label_83__idx_5815_fix_mask_seg0_k1024_eps_0.0039.vnnlib,100,unsat True,,,,2.5930824279785156,0
531,onnx/CIFAR100_resnet_medium.onnx,vnnlib/resnet_medium__label_83__idx_5815_fix_nonmask_seg0_k1024_eps_0.0039.vnnlib,100,timeout False,"[[inf], [inf], [inf], [inf], [inf], [inf], [inf], [inf], [inf], [inf], [inf], [inf], [inf], [inf], [inf], [inf], [inf], [inf], [inf], [inf], [inf], [inf], [inf], [inf], [inf], [inf], [inf], [inf], [inf], [inf], [inf], [inf], [inf], [inf], [inf], [inf], [inf], [inf], [inf], [inf], [inf], [inf], [inf], [inf], [inf], [inf], [inf], [inf], [inf], [inf], [inf], [inf], [inf], [inf], [inf], [inf], [inf], [inf], [inf], [inf], [inf], [inf], [inf], [inf], [inf], [inf], [inf], [inf], [inf], [inf], [inf], [inf], [inf], [inf], [inf], [inf], [inf], [inf], [inf], [inf], [inf], [inf], [inf], [inf], [inf], [inf], [inf], [inf], [inf], [inf], [inf], [inf], [inf], [inf], [inf], [inf], [inf], [inf]]",0,0.2721421718597412,104.71947932243347,962
532,onnx/CIFAR100_resnet_medium.onnx,vnnlib/resnet_medium__label_84__idx_8846_global_k1024_eps_0.0039.vnnlib,100,unsat False,"[[inf], [inf], [inf], [inf], [inf], [inf], [inf], [inf], [inf], [inf], [inf], [inf], [inf], [inf], [inf], [inf], [inf], [inf], [inf], [inf], [inf], [inf], [inf], [inf], [inf], [inf], [inf], [inf], [inf], [inf], [inf], [inf], [inf], [inf], [inf], [inf], [inf], [inf], [inf], [inf], [inf], [inf], [inf], [inf], [inf], [inf], [inf], [inf], [inf], [inf], [inf], [inf], [inf], [inf], [inf], [inf], [inf], [inf], [inf], [inf], [inf], [inf], [inf], [inf], [inf], [inf], [inf], [inf], [inf], [inf], [inf], [inf], [inf], [inf], [inf], [inf], [inf], [inf], [inf], [inf], [inf], [inf], [inf], [inf], [inf], [inf], [inf], [inf], [inf], [inf], [inf], [inf], [inf], [inf], [inf], [inf], [inf], [inf]]",0,0.23406434059143066,27.3200523853302,988
533,onnx/CIFAR100_resnet_medium.onnx,vnnlib/resnet_medium__label_84__idx_8846_fix_mask_seg0_k1024_eps_0.0039.vnnlib,100,unsat True,,,,6.904873847961426,0
534,onnx/CIFAR100_resnet_medium.onnx,vnnlib/resnet_medium__label_84__idx_8846_fix_nonmask_seg0_k1024_eps_0.0039.vnnlib,100,unsat False,"[[inf], [inf], [inf], [inf], [inf], [inf], [inf], [inf], [inf], [inf], [inf], [inf], [inf], [inf], [inf], [inf], [inf], [inf], [inf], [inf], [inf], [inf], [inf], [inf], [inf], [inf], [inf], [inf], [inf], [inf], [inf], [inf], [inf], [inf], [inf], [inf], [inf], [inf], [inf], [inf], [inf], [inf], [inf], [inf], [inf], [inf], [inf], [inf], [inf], [inf], [inf], [inf], [inf], [inf], [inf], [inf], [inf], [inf], [inf], [inf], [inf], [inf], [inf], [inf], [inf], [inf], [inf], [inf], [inf], [inf], [inf], [inf], [inf], [inf], [inf], [inf], [inf], [inf], [inf], [inf], [inf], [inf], [inf], [inf], [inf], [inf], [inf], [inf], [inf], [inf], [inf], [inf], [inf], [inf], [inf], [inf], [inf], [inf]]",0,0.323009729385376,26.942166090011597,986
535,onnx/CIFAR100_resnet_medium.onnx,vnnlib/resnet_medium__label_85__idx_2810_global_k1024_eps_0.0039.vnnlib,100,unsat False,"[[inf], [inf], [inf], [inf], [inf], [inf], [inf], [inf], [inf], [inf], [inf], [inf], [inf], [inf], [inf], [inf], [inf], [inf], [inf], [inf], [inf], [inf], [inf], [inf], [inf], [inf], [inf], [inf], [inf], [inf], [inf], [inf], [inf], [inf], [inf], [inf], [inf], [inf], [inf], [inf], [inf], [inf], [inf], [inf], [inf], [inf], [inf], [inf], [inf], [inf], [inf], [inf], [inf], [inf], [inf], [inf], [inf], [inf], [inf], [inf], [inf], [inf], [inf], [inf], [inf], [inf], [inf], [inf], [inf], [inf], [inf], [inf], [inf], [inf], [inf], [inf], [inf], [inf], [inf], [inf], [inf], [inf], [inf], [inf], [inf], [inf], [inf], [inf], [inf], [inf], [inf], [inf], [inf], [inf], [inf], [inf], [inf], [inf]]",0,0.2405238151550293,15.643098592758179,1099
536,onnx/CIFAR100_resnet_medium.onnx,vnnlib/resnet_medium__label_85__idx_2810_fix_mask_seg0_k1024_eps_0.0039.vnnlib,100,unsat True,,,,3.861018657684326,0
537,onnx/CIFAR100_resnet_medium.onnx,vnnlib/resnet_medium__label_85__idx_2810_fix_nonmask_seg0_k1024_eps_0.0039.vnnlib,100,unsat False,"[[inf], [inf], [inf], [inf], [inf], [inf], [inf], [inf], [inf], [inf], [inf], [inf], [inf], [inf], [inf], [inf], [inf], [inf], [inf], [inf], [inf], [inf], [inf], [inf], [inf], [inf], [inf], [inf], [inf], [inf], [inf], [inf], [inf], [inf], [inf], [inf], [inf], [inf], [inf], [inf], [inf], [inf], [inf], [inf], [inf], [inf], [inf], [inf], [inf], [inf], [inf], [inf], [inf], [inf], [inf], [inf], [inf], [inf], [inf], [inf], [inf], [inf], [inf], [inf], [inf], [inf], [inf], [inf], [inf], [inf], [inf], [inf], [inf], [inf], [inf], [inf], [inf], [inf], [inf], [inf], [inf], [inf], [inf], [inf], [inf], [inf], [inf], [inf], [inf], [inf], [inf], [inf], [inf], [inf], [inf], [inf], [inf], [inf]]",0,0.26229047775268555,15.920692205429077,1068
538,onnx/CIFAR100_resnet_medium.onnx,vnnlib/resnet_medium__label_85__idx_9936_global_k1024_eps_0.0039.vnnlib,100,unsat False,"[[inf], [inf], [inf], [inf], [inf], [inf], [inf], [inf], [inf], [inf], [inf], [inf], [inf], [inf], [inf], [inf], [inf], [inf], [inf], [inf], [inf], [inf], [inf], [inf], [inf], [inf], [inf], [inf], [inf], [inf], [inf], [inf], [inf], [inf], [inf], [inf], [inf], [inf], [inf], [inf], [inf], [inf], [inf], [inf], [inf], [inf], [inf], [inf], [inf], [inf], [inf], [inf], [inf], [inf], [inf], [inf], [inf], [inf], [inf], [inf], [inf], [inf], [inf], [inf], [inf], [inf], [inf], [inf], [inf], [inf], [inf], [inf], [inf], [inf], [inf], [inf], [inf], [inf], [inf], [inf], [inf], [inf], [inf], [inf], [inf], [inf], [inf], [inf], [inf], [inf], [inf], [inf], [inf], [inf], [inf], [inf], [inf]]",0,0.14486289024353027,19.94244146347046,1193
539,onnx/CIFAR100_resnet_medium.onnx,vnnlib/resnet_medium__label_85__idx_9936_fix_mask_seg0_k1024_eps_0.0039.vnnlib,100,unsat True,,,,3.801874876022339,0
540,onnx/CIFAR100_resnet_medium.onnx,vnnlib/resnet_medium__label_85__idx_9936_fix_nonmask_seg0_k1024_eps_0.0039.vnnlib,100,unsat False,"[[inf], [inf], [inf], [inf], [inf], [inf], [inf], [inf], [inf], [inf], [inf], [inf], [inf], [inf], [inf], [inf], [inf], [inf], [inf], [inf], [inf], [inf], [inf], [inf], [inf], [inf], [inf], [inf], [inf], [inf], [inf], [inf], [inf], [inf], [inf], [inf], [inf], [inf], [inf], [inf], [inf], [inf], [inf], [inf], [inf], [inf], [inf], [inf], [inf], [inf], [inf], [inf], [inf], [inf], [inf], [inf], [inf], [inf], [inf], [inf], [inf], [inf], [inf], [inf], [inf], [inf], [inf], [inf], [inf], [inf], [inf], [inf], [inf], [inf], [inf], [inf], [inf], [inf], [inf], [inf], [inf], [inf], [inf], [inf], [inf], [inf], [inf], [inf], [inf], [inf], [inf], [inf], [inf], [inf], [inf], [inf], [inf]]",0,0.27730679512023926,23.496613025665283,1186
541,onnx/CIFAR100_resnet_medium.onnx,vnnlib/resnet_medium__label_88__idx_4719_global_k1024_eps_0.0039.vnnlib,100,sat True,,,,4.753775119781494,0
542,onnx/CIFAR100_resnet_medium.onnx,vnnlib/resnet_medium__label_88__idx_4719_fix_mask_seg0_k1024_eps_0.0039.vnnlib,100,unsat True,,,,3.1540393829345703,0
543,onnx/CIFAR100_resnet_medium.onnx,vnnlib/resnet_medium__label_88__idx_4719_fix_nonmask_seg0_k1024_eps_0.0039.vnnlib,100,sat True,,,,4.5036396980285645,0
544,onnx/CIFAR100_resnet_medium.onnx,vnnlib/resnet_medium__label_88__idx_533_global_k1024_eps_0.0039.vnnlib,100,timeout False,"[[inf], [inf], [inf], [inf], [inf], [inf], [inf], [inf], [inf], [inf], [inf], [inf], [inf], [inf], [inf], [inf], [inf], [inf], [inf], [inf], [inf], [inf], [inf], [inf], [inf], [inf], [inf], [inf], [inf], [inf], [inf], [inf], [inf], [inf], [inf], [inf], [inf], [inf], [inf], [inf], [inf], [inf], [inf], [inf], [inf], [inf], [inf], [inf], [inf], [inf], [inf], [inf], [inf], [inf], [inf], [inf], [inf], [0.3190176486968994], [inf], [inf], [inf], [inf], [inf], [inf], [inf], [inf], [inf], [inf], [0.2604184150695801], [inf], [inf], [inf], [inf], [inf], [inf], [inf], [inf], [inf], [inf], [inf], [inf], [inf], [inf], [inf], [inf], [inf], [inf], [inf], [inf], [inf], [inf]]",0,0.22885799407958984,106.01461267471313,1435
545,onnx/CIFAR100_resnet_medium.onnx,vnnlib/resnet_medium__label_88__idx_533_fix_mask_seg0_k1024_eps_0.0039.vnnlib,100,unsat True,,,,3.9373722076416016,0
546,onnx/CIFAR100_resnet_medium.onnx,vnnlib/resnet_medium__label_88__idx_533_fix_nonmask_seg0_k1024_eps_0.0039.vnnlib,100,timeout False,"[[inf], [inf], [inf], [inf], [inf], [inf], [inf], [inf], [inf], [inf], [inf], [inf], [inf], [inf], [inf], [inf], [inf], [inf], [inf], [inf], [inf], [inf], [inf], [inf], [inf], [inf], [inf], [inf], [inf], [inf], [inf], [inf], [inf], [inf], [inf], [inf], [inf], [inf], [inf], [inf], [inf], [inf], [inf], [inf], [inf], [inf], [0.2823374271392822], [inf], [inf], [inf], [inf], [inf], [inf], [inf], [inf], [inf], [inf], [inf], [inf], [inf], [inf], [inf], [inf], [inf], [inf], [inf], [inf], [inf], [inf], [inf], [inf], [inf], [inf], [inf], [inf], [inf], [inf], [inf], [inf], [inf], [inf], [inf], [inf], [inf], [inf], [inf], [inf], [inf], [inf], [inf], [inf], [inf]]",0,0.23096823692321777,105.42584657669067,1274
547,onnx/CIFAR100_resnet_medium.onnx,vnnlib/resnet_medium__label_88__idx_6654_global_k1024_eps_0.0039.vnnlib,100,unsat False,"[[inf], [inf], [inf], [inf], [inf], [inf], [inf], [inf], [inf], [inf], [inf], [inf], [inf], [inf], [inf], [inf], [inf], [inf], [inf], [inf], [inf], [inf], [inf], [inf], [inf], [inf], [inf], [inf], [inf], [inf], [inf], [inf], [inf], [inf], [inf], [inf], [inf], [inf], [inf], [inf], [inf], [inf], [inf], [inf], [inf], [inf], [inf], [inf], [inf], [inf], [inf], [inf], [inf], [inf], [inf], [inf], [inf], [inf], [inf], [inf], [inf], [inf], [inf], [inf], [inf], [inf], [inf], [inf], [inf], [inf], [inf], [inf], [inf], [inf], [inf], [inf], [inf], [inf], [inf], [inf], [inf], [inf], [inf], [inf], [inf], [inf], [inf], [inf], [inf], [inf], [inf], [inf], [inf], [inf], [inf], [inf], [inf], [inf]]",0,0.22167730331420898,16.699665307998657,1053
548,onnx/CIFAR100_resnet_medium.onnx,vnnlib/resnet_medium__label_88__idx_6654_fix_mask_seg0_k1024_eps_0.0039.vnnlib,100,unsat True,,,,3.2444567680358887,0
549,onnx/CIFAR100_resnet_medium.onnx,vnnlib/resnet_medium__label_88__idx_6654_fix_nonmask_seg0_k1024_eps_0.0039.vnnlib,100,unsat False,"[[inf], [inf], [inf], [inf], [inf], [inf], [inf], [inf], [inf], [inf], [inf], [inf], [inf], [inf], [inf], [inf], [inf], [inf], [inf], [inf], [inf], [inf], [inf], [inf], [inf], [inf], [inf], [inf], [inf], [inf], [inf], [inf], [inf], [inf], [inf], [inf], [inf], [inf], [inf], [inf], [inf], [inf], [inf], [inf], [inf], [inf], [inf], [inf], [inf], [inf], [inf], [inf], [inf], [inf], [inf], [inf], [inf], [inf], [inf], [inf], [inf], [inf], [inf], [inf], [inf], [inf], [inf], [inf], [inf], [inf], [inf], [inf], [inf], [inf], [inf], [inf], [inf], [inf], [inf], [inf], [inf], [inf], [inf], [inf], [inf], [inf], [inf], [inf], [inf], [inf], [inf], [inf], [inf], [inf], [inf], [inf], [inf], [inf]]",0,0.23270678520202637,15.737348079681396,1012
550,onnx/CIFAR100_resnet_medium.onnx,vnnlib/resnet_medium__label_89__idx_3301_global_k1024_eps_0.0039.vnnlib,100,unsat False,"[[inf], [inf], [inf], [inf], [inf], [inf], [inf], [inf], [inf], [inf], [inf], [inf], [inf], [inf], [inf], [inf], [inf], [inf], [inf], [inf], [inf], [inf], [inf], [inf], [inf], [inf], [inf], [inf], [inf], [inf], [inf], [inf], [inf], [inf], [inf], [inf], [inf], [inf], [inf], [inf], [inf], [inf], [inf], [inf], [inf], [inf], [inf], [inf], [inf], [inf], [inf], [inf], [inf], [inf], [inf], [inf], [inf], [inf], [inf], [inf], [inf], [inf], [inf], [inf], [inf], [inf], [inf], [inf], [inf], [inf], [inf], [inf], [inf], [inf], [inf], [inf], [inf], [inf], [inf], [inf], [inf], [inf], [inf], [inf], [inf], [inf], [inf], [inf], [inf], [inf], [inf], [inf], [inf], [inf], [inf], [inf], [inf]]",0,0.22681975364685059,35.39682650566101,1142
551,onnx/CIFAR100_resnet_medium.onnx,vnnlib/resnet_medium__label_89__idx_3301_fix_mask_seg0_k1024_eps_0.0039.vnnlib,100,unsat True,,,,3.362370252609253,0
552,onnx/CIFAR100_resnet_medium.onnx,vnnlib/resnet_medium__label_89__idx_3301_fix_nonmask_seg0_k1024_eps_0.0039.vnnlib,100,unsat False,"[[inf], [inf], [inf], [inf], [inf], [inf], [inf], [inf], [inf], [inf], [inf], [inf], [inf], [inf], [inf], [inf], [inf], [inf], [inf], [inf], [inf], [inf], [inf], [inf], [inf], [inf], [inf], [inf], [inf], [inf], [inf], [inf], [inf], [inf], [inf], [inf], [inf], [inf], [inf], [inf], [inf], [inf], [inf], [inf], [inf], [inf], [inf], [inf], [inf], [inf], [inf], [inf], [inf], [inf], [inf], [inf], [inf], [inf], [inf], [inf], [inf], [inf], [inf], [inf], [inf], [inf], [inf], [inf], [inf], [inf], [inf], [inf], [inf], [inf], [inf], [inf], [inf], [inf], [inf], [inf], [inf], [inf], [inf], [inf], [inf], [inf], [inf], [inf], [inf], [inf], [inf], [inf], [inf], [inf], [inf], [inf], [inf]]",0,0.23311328887939453,41.524269580841064,1139
553,onnx/CIFAR100_resnet_medium.onnx,vnnlib/resnet_medium__label_89__idx_7265_global_k1024_eps_0.0039.vnnlib,100,unsat False,"[[inf], [inf], [inf], [inf], [inf], [inf], [inf], [inf], [inf], [inf], [inf], [inf], [inf], [inf], [inf], [inf], [inf], [inf], [inf], [inf], [inf], [inf], [inf], [inf], [inf], [inf], [inf], [inf], [inf], [inf], [inf], [inf], [inf], [inf], [inf], [inf], [inf], [inf], [inf], [inf], [inf], [inf], [inf], [inf], [inf], [inf], [inf], [inf], [inf], [inf], [inf], [inf], [inf], [inf], [inf], [inf], [inf], [inf], [inf], [inf], [inf], [inf], [inf], [inf], [inf], [inf], [inf], [inf], [inf], [inf], [inf], [inf], [inf], [inf], [inf], [inf], [inf], [inf], [inf], [inf], [inf], [inf], [inf], [inf], [inf], [inf], [inf], [inf], [inf], [inf], [inf], [inf], [inf], [inf], [inf], [inf], [inf]]",0,0.17455029487609863,26.859732151031494,1379
554,onnx/CIFAR100_resnet_medium.onnx,vnnlib/resnet_medium__label_89__idx_7265_fix_mask_seg0_k1024_eps_0.0039.vnnlib,100,unsat True,,,,3.395268201828003,0
555,onnx/CIFAR100_resnet_medium.onnx,vnnlib/resnet_medium__label_89__idx_7265_fix_nonmask_seg0_k1024_eps_0.0039.vnnlib,100,unsat False,"[[inf], [inf], [inf], [inf], [inf], [inf], [inf], [inf], [inf], [inf], [inf], [inf], [inf], [inf], [inf], [inf], [inf], [inf], [inf], [inf], [inf], [inf], [inf], [inf], [inf], [inf], [inf], [inf], [inf], [inf], [inf], [inf], [inf], [inf], [inf], [inf], [inf], [inf], [inf], [inf], [inf], [inf], [inf], [inf], [inf], [inf], [inf], [inf], [inf], [inf], [inf], [inf], [inf], [inf], [inf], [inf], [inf], [inf], [inf], [inf], [inf], [inf], [inf], [inf], [inf], [inf], [inf], [inf], [inf], [inf], [inf], [inf], [inf], [inf], [inf], [inf], [inf], [inf], [inf], [inf], [inf], [inf], [inf], [inf], [inf], [inf], [inf], [inf], [inf], [inf], [inf], [inf], [inf], [inf], [inf], [inf], [inf]]",0,0.22094440460205078,26.89360499382019,1369
556,onnx/CIFAR100_resnet_medium.onnx,vnnlib/resnet_medium__label_8__idx_1540_global_k1024_eps_0.0039.vnnlib,100,unsat False,"[[inf], [inf], [inf], [inf], [inf], [inf], [inf], [inf], [inf], [inf], [inf], [inf], [inf], [inf], [inf], [inf], [inf], [inf], [inf], [inf], [inf], [inf], [inf], [inf], [inf], [inf], [inf], [inf], [inf], [inf], [inf], [inf], [inf], [inf], [inf], [inf], [inf], [inf], [inf], [inf], [inf], [inf], [inf], [inf], [inf], [inf], [inf], [inf], [inf], [inf], [inf], [inf], [inf], [inf], [inf], [inf], [inf], [inf], [inf], [inf], [inf], [inf], [inf], [inf], [inf], [inf], [inf], [inf], [inf], [inf], [inf], [inf], [inf], [inf], [inf], [inf], [inf], [inf], [inf], [inf], [inf], [inf], [inf], [inf], [inf], [inf], [inf], [inf], [inf], [inf], [inf], [inf], [inf], [inf], [inf], [inf], [inf]]",0,0.14479899406433105,16.083854913711548,1192
557,onnx/CIFAR100_resnet_medium.onnx,vnnlib/resnet_medium__label_8__idx_1540_fix_mask_seg0_k1024_eps_0.0039.vnnlib,100,unsat True,,,,4.256693601608276,0
558,onnx/CIFAR100_resnet_medium.onnx,vnnlib/resnet_medium__label_8__idx_1540_fix_nonmask_seg0_k1024_eps_0.0039.vnnlib,100,unsat False,"[[inf], [inf], [inf], [inf], [inf], [inf], [inf], [inf], [inf], [inf], [inf], [inf], [inf], [inf], [inf], [inf], [inf], [inf], [inf], [inf], [inf], [inf], [inf], [inf], [inf], [inf], [inf], [inf], [inf], [inf], [inf], [inf], [inf], [inf], [inf], [inf], [inf], [inf], [inf], [inf], [inf], [inf], [inf], [inf], [inf], [inf], [inf], [inf], [inf], [inf], [inf], [inf], [inf], [inf], [inf], [inf], [inf], [inf], [inf], [inf], [inf], [inf], [inf], [inf], [inf], [inf], [inf], [inf], [inf], [inf], [inf], [inf], [inf], [inf], [inf], [inf], [inf], [inf], [inf], [inf], [inf], [inf], [inf], [inf], [inf], [inf], [inf], [inf], [inf], [inf], [inf], [inf], [inf], [inf], [inf], [inf], [inf]]",0,0.24851751327514648,18.03923797607422,1140
559,onnx/CIFAR100_resnet_medium.onnx,vnnlib/resnet_medium__label_90__idx_2721_global_k1024_eps_0.0039.vnnlib,100,unsat False,"[[inf], [inf], [inf], [inf], [inf], [inf], [inf], [inf], [inf], [inf], [inf], [inf], [inf], [inf], [inf], [inf], [inf], [inf], [inf], [inf], [inf], [inf], [inf], [inf], [inf], [inf], [inf], [inf], [inf], [inf], [inf], [inf], [inf], [inf], [inf], [inf], [inf], [inf], [inf], [inf], [inf], [inf], [inf], [inf], [inf], [inf], [inf], [inf], [inf], [inf], [inf], [inf], [inf], [inf], [inf], [inf], [inf], [inf], [inf], [inf], [inf], [inf], [inf], [inf], [inf], [inf], [inf], [inf], [inf], [inf], [inf], [inf], [inf], [inf], [inf], [inf], [inf], [inf], [inf], [inf], [inf], [inf], [inf], [inf], [inf], [inf], [inf], [inf], [inf], [inf], [inf], [inf], [inf], [inf], [inf], [inf], [inf], [inf]]",0,0.2314000129699707,15.820845603942871,680
560,onnx/CIFAR100_resnet_medium.onnx,vnnlib/resnet_medium__label_90__idx_2721_fix_mask_seg0_k1024_eps_0.0039.vnnlib,100,unsat True,,,,3.746985912322998,0
561,onnx/CIFAR100_resnet_medium.onnx,vnnlib/resnet_medium__label_90__idx_2721_fix_nonmask_seg0_k1024_eps_0.0039.vnnlib,100,unsat True,,,,11.646960258483887,0
562,onnx/CIFAR100_resnet_medium.onnx,vnnlib/resnet_medium__label_91__idx_200_global_k1024_eps_0.0039.vnnlib,100,sat True,,,,4.66678261756897,0
563,onnx/CIFAR100_resnet_medium.onnx,vnnlib/resnet_medium__label_91__idx_200_fix_mask_seg0_k1024_eps_0.0039.vnnlib,100,unsat True,,,,3.325300455093384,0
564,onnx/CIFAR100_resnet_medium.onnx,vnnlib/resnet_medium__label_91__idx_200_fix_nonmask_seg0_k1024_eps_0.0039.vnnlib,100,sat True,,,,4.66142201423645,0
565,onnx/CIFAR100_resnet_medium.onnx,vnnlib/resnet_medium__label_92__idx_1041_global_k1024_eps_0.0039.vnnlib,100,timeout False,"[[inf], [inf], [inf], [inf], [inf], [inf], [inf], [inf], [inf], [inf], [inf], [inf], [inf], [inf], [inf], [inf], [inf], [inf], [inf], [inf], [inf], [inf], [inf], [inf], [inf], [inf], [inf], [inf], [inf], [inf], [inf], [inf], [inf], [inf], [inf], [inf], [inf], [inf], [inf], [inf], [inf], [inf], [inf], [inf], [inf], [inf], [inf], [inf], [inf], [inf], [inf], [inf], [inf], [inf], [inf], [inf], [inf], [inf], [inf], [inf], [inf], [inf], [inf], [inf], [inf], [inf], [inf], [inf], [inf], [inf], [inf], [inf], [inf], [inf], [inf], [inf], [inf], [inf], [inf], [inf], [inf], [inf], [inf], [inf], [inf], [inf], [inf], [inf], [inf], [inf], [inf], [inf], [inf], [inf], [inf], [inf], [inf], [inf]]",0,0.3462185859680176,101.2945237159729,1103
566,onnx/CIFAR100_resnet_medium.onnx,vnnlib/resnet_medium__label_92__idx_1041_fix_mask_seg0_k1024_eps_0.0039.vnnlib,100,unsat True,,,,4.303759813308716,0
567,onnx/CIFAR100_resnet_medium.onnx,vnnlib/resnet_medium__label_92__idx_1041_fix_nonmask_seg0_k1024_eps_0.0039.vnnlib,100,timeout False,"[[inf], [inf], [inf], [inf], [inf], [inf], [inf], [inf], [inf], [inf], [inf], [inf], [inf], [inf], [inf], [inf], [inf], [inf], [inf], [inf], [inf], [inf], [inf], [inf], [inf], [inf], [inf], [inf], [inf], [inf], [inf], [inf], [inf], [inf], [inf], [inf], [inf], [inf], [inf], [inf], [inf], [inf], [inf], [inf], [inf], [inf], [inf], [inf], [inf], [inf], [inf], [inf], [inf], [inf], [inf], [inf], [inf], [inf], [inf], [inf], [inf], [inf], [inf], [inf], [inf], [inf], [inf], [inf], [inf], [inf], [inf], [inf], [inf], [inf], [inf], [inf], [inf], [inf], [inf], [inf], [inf], [inf], [inf], [inf], [inf], [inf], [inf], [inf], [inf], [inf], [inf], [inf], [inf], [inf], [inf], [inf], [inf], [inf]]",0,0.23440861701965332,103.84163975715637,1086
568,onnx/CIFAR100_resnet_medium.onnx,vnnlib/resnet_medium__label_92__idx_6225_global_k1024_eps_0.0039.vnnlib,100,unsat False,"[[inf], [inf], [inf], [inf], [inf], [inf], [inf], [inf], [inf], [inf], [inf], [inf], [inf], [inf], [inf], [inf], [inf], [inf], [inf], [inf], [inf], [inf], [inf], [inf], [inf], [inf], [inf], [inf], [inf], [inf], [inf], [inf], [inf], [inf], [inf], [inf], [inf], [inf], [inf], [inf], [inf], [inf], [inf], [inf], [inf], [inf], [inf], [inf], [inf], [inf], [inf], [inf], [inf], [inf], [inf], [inf], [inf], [inf], [inf], [inf], [inf], [inf], [inf], [inf], [inf], [inf], [inf], [inf], [inf], [inf], [inf], [inf], [inf], [inf], [inf], [inf], [inf], [inf], [inf], [inf], [inf], [inf], [inf], [inf], [inf], [inf], [inf], [inf], [inf], [inf], [inf], [inf], [inf], [inf], [inf], [inf], [inf], [inf]]",0,0.26750802993774414,17.462573289871216,1130
569,onnx/CIFAR100_resnet_medium.onnx,vnnlib/resnet_medium__label_92__idx_6225_fix_mask_seg0_k1024_eps_0.0039.vnnlib,100,unsat True,,,,2.7578883171081543,0
570,onnx/CIFAR100_resnet_medium.onnx,vnnlib/resnet_medium__label_92__idx_6225_fix_nonmask_seg0_k1024_eps_0.0039.vnnlib,100,unsat False,"[[inf], [inf], [inf], [inf], [inf], [inf], [inf], [inf], [inf], [inf], [inf], [inf], [inf], [inf], [inf], [inf], [inf], [inf], [inf], [inf], [inf], [inf], [inf], [inf], [inf], [inf], [inf], [inf], [inf], [inf], [inf], [inf], [inf], [inf], [inf], [inf], [inf], [inf], [inf], [inf], [inf], [inf], [inf], [inf], [inf], [inf], [inf], [inf], [inf], [inf], [inf], [inf], [inf], [inf], [inf], [inf], [inf], [inf], [inf], [inf], [inf], [inf], [inf], [inf], [inf], [inf], [inf], [inf], [inf], [inf], [inf], [inf], [inf], [inf], [inf], [inf], [inf], [inf], [inf], [inf], [inf], [inf], [inf], [inf], [inf], [inf], [inf], [inf], [inf], [inf], [inf], [inf], [inf], [inf], [inf], [inf], [inf], [inf]]",0,0.2360668182373047,16.52554202079773,1067
571,onnx/CIFAR100_resnet_medium.onnx,vnnlib/resnet_medium__label_92__idx_7841_global_k1024_eps_0.0039.vnnlib,100,sat True,,,,4.597998142242432,0
572,onnx/CIFAR100_resnet_medium.onnx,vnnlib/resnet_medium__label_92__idx_7841_fix_mask_seg0_k1024_eps_0.0039.vnnlib,100,unsat True,,,,3.755077362060547,0
573,onnx/CIFAR100_resnet_medium.onnx,vnnlib/resnet_medium__label_92__idx_7841_fix_nonmask_seg0_k1024_eps_0.0039.vnnlib,100,timeout False,"[[inf], [inf], [inf], [inf], [inf], [inf], [inf], [inf], [inf], [inf], [inf], [inf], [inf], [inf], [inf], [inf], [inf], [inf], [inf], [inf], [inf], [inf], [inf], [inf], [inf], [inf], [inf], [inf], [inf], [inf], [inf], [inf], [inf], [inf], [inf], [inf], [inf], [inf], [inf], [inf], [inf], [inf], [inf], [inf], [inf], [inf], [inf], [inf], [inf], [inf], [inf], [inf], [inf], [inf], [inf], [inf], [inf], [inf], [inf], [inf], [inf], [inf], [inf], [inf], [inf], [inf], [inf], [inf], [inf], [inf], [inf], [inf], [inf], [inf], [inf], [inf], [inf], [inf], [inf], [inf], [inf], [inf], [inf], [inf], [inf], [inf], [inf], [inf], [inf], [inf], [inf], [inf], [inf], [inf], [inf], [inf], [inf], [inf]]",0,0.23237156867980957,106.37523055076599,980
574,onnx/CIFAR100_resnet_medium.onnx,vnnlib/resnet_medium__label_93__idx_6196_global_k1024_eps_0.0039.vnnlib,100,timeout False,"[[inf], [inf], [inf], [inf], [inf], [inf], [inf], [inf], [inf], [inf], [inf], [inf], [inf], [inf], [inf], [inf], [inf], [inf], [inf], [inf], [inf], [inf], [inf], [inf], [inf], [inf], [inf], [inf], [inf], [inf], [0.12840545177459717], [inf], [inf], [inf], [inf], [inf], [inf], [inf], [inf], [inf], [inf], [inf], [inf], [inf], [inf], [inf], [inf], [inf], [0.006173610687255859], [inf], [inf], [inf], [inf], [inf], [inf], [inf], [inf], [inf], [inf], [inf], [inf], [inf], [inf], [inf], [inf], [inf], [inf], [inf], [inf], [inf], [inf], [inf], [inf], [inf], [inf], [inf], [inf], [inf], [inf], [inf], [inf], [inf], [inf], [inf], [inf], [inf], [inf], [inf], [inf], [inf], [inf], [inf], [inf], [inf], [inf]]",0,0.2390577793121338,106.28616070747375,1282
575,onnx/CIFAR100_resnet_medium.onnx,vnnlib/resnet_medium__label_93__idx_6196_fix_mask_seg0_k1024_eps_0.0039.vnnlib,100,unsat True,,,,3.792140245437622,0
576,onnx/CIFAR100_resnet_medium.onnx,vnnlib/resnet_medium__label_93__idx_6196_fix_nonmask_seg0_k1024_eps_0.0039.vnnlib,100,timeout False,"[[inf], [inf], [inf], [inf], [inf], [inf], [inf], [inf], [inf], [inf], [inf], [inf], [inf], [inf], [inf], [inf], [inf], [inf], [inf], [inf], [inf], [inf], [inf], [inf], [inf], [inf], [inf], [inf], [inf], [inf], [0.1674637794494629], [inf], [inf], [inf], [inf], [inf], [inf], [inf], [inf], [inf], [inf], [inf], [inf], [inf], [inf], [inf], [inf], [inf], [0.05023527145385742], [inf], [inf], [inf], [inf], [inf], [inf], [inf], [inf], [inf], [inf], [inf], [inf], [inf], [inf], [inf], [inf], [inf], [inf], [inf], [inf], [inf], [inf], [inf], [inf], [inf], [inf], [inf], [inf], [inf], [inf], [inf], [inf], [inf], [inf], [inf], [inf], [inf], [inf], [inf], [inf], [inf], [inf], [inf], [inf], [inf], [inf]]",0,0.23217320442199707,101.85989785194397,1269
577,onnx/CIFAR100_resnet_medium.onnx,vnnlib/resnet_medium__label_96__idx_3701_global_k1024_eps_0.0039.vnnlib,100,unsat True,,,,12.336982488632202,0
578,onnx/CIFAR100_resnet_medium.onnx,vnnlib/resnet_medium__label_96__idx_3701_fix_mask_seg0_k1024_eps_0.0039.vnnlib,100,unsat True,,,,3.1384661197662354,0
579,onnx/CIFAR100_resnet_medium.onnx,vnnlib/resnet_medium__label_96__idx_3701_fix_nonmask_seg0_k1024_eps_0.0039.vnnlib,100,unsat True,,,,12.699765682220459,0
580,onnx/CIFAR100_resnet_medium.onnx,vnnlib/resnet_medium__label_96__idx_5577_global_k1024_eps_0.0039.vnnlib,100,sat True,,,,4.024343013763428,0
581,onnx/CIFAR100_resnet_medium.onnx,vnnlib/resnet_medium__label_96__idx_5577_fix_mask_seg0_k1024_eps_0.0039.vnnlib,100,unsat True,,,,3.6481339931488037,0
582,onnx/CIFAR100_resnet_medium.onnx,vnnlib/resnet_medium__label_96__idx_5577_fix_nonmask_seg0_k1024_eps_0.0039.vnnlib,100,sat True,,,,4.91937255859375,0
583,onnx/CIFAR100_resnet_medium.onnx,vnnlib/resnet_medium__label_96__idx_9183_global_k1024_eps_0.0039.vnnlib,100,timeout False,"[[inf], [inf], [inf], [inf], [inf], [inf], [inf], [inf], [inf], [inf], [inf], [inf], [inf], [inf], [inf], [inf], [inf], [inf], [inf], [inf], [inf], [inf], [inf], [inf], [inf], [inf], [inf], [inf], [inf], [inf], [inf], [inf], [inf], [0.13680577278137207], [inf], [inf], [inf], [inf], [inf], [inf], [inf], [inf], [inf], [inf], [inf], [inf], [0.08727335929870605], [inf], [inf], [inf], [inf], [inf], [inf], [inf], [inf], [inf], [inf], [inf], [inf], [inf], [inf], [inf], [inf], [inf], [inf], [inf], [inf], [inf], [inf], [inf], [inf], [inf], [inf], [inf], [inf], [inf], [inf], [inf], [inf], [inf], [inf], [inf], [inf], [inf], [inf], [inf], [inf], [inf], [inf], [inf], [inf], [inf], [inf], [inf], [inf], [inf], [inf], [inf]]",0,0.23214507102966309,104.5765151977539,1451
584,onnx/CIFAR100_resnet_medium.onnx,vnnlib/resnet_medium__label_96__idx_9183_fix_mask_seg0_k1024_eps_0.0039.vnnlib,100,unsat True,,,,3.4811277389526367,0
585,onnx/CIFAR100_resnet_medium.onnx,vnnlib/resnet_medium__label_96__idx_9183_fix_nonmask_seg0_k1024_eps_0.0039.vnnlib,100,timeout False,"[[inf], [inf], [inf], [inf], [inf], [inf], [inf], [inf], [inf], [inf], [inf], [inf], [inf], [inf], [inf], [inf], [inf], [inf], [inf], [inf], [inf], [inf], [inf], [inf], [inf], [inf], [inf], [inf], [inf], [inf], [inf], [inf], [inf], [0.19016993045806885], [inf], [inf], [inf], [inf], [inf], [inf], [inf], [inf], [inf], [inf], [inf], [inf], [0.10737943649291992], [inf], [inf], [inf], [inf], [inf], [inf], [inf], [inf], [inf], [inf], [inf], [inf], [inf], [inf], [inf], [inf], [inf], [inf], [inf], [inf], [inf], [inf], [inf], [inf], [inf], [inf], [inf], [inf], [inf], [inf], [inf], [inf], [inf], [inf], [inf], [inf], [inf], [inf], [inf], [inf], [inf], [inf], [inf], [inf], [inf], [inf], [inf], [inf], [inf], [inf], [inf]]",0,0.23614931106567383,103.71952033042908,1433
586,onnx/CIFAR100_resnet_medium.onnx,vnnlib/resnet_medium__label_98__idx_40_global_k1024_eps_0.0039.vnnlib,100,unsat False,"[[inf], [inf], [inf], [inf], [inf], [inf], [inf], [inf], [inf], [inf], [inf], [inf], [inf], [inf], [inf], [inf], [inf], [inf], [inf], [inf], [inf], [inf], [inf], [inf], [inf], [inf], [inf], [inf], [inf], [inf], [inf], [inf], [inf], [inf], [inf], [inf], [inf], [inf], [inf], [inf], [inf], [inf], [inf], [inf], [inf], [inf], [inf], [inf], [inf], [inf], [inf], [inf], [inf], [inf], [inf], [inf], [inf], [inf], [inf], [inf], [inf], [inf], [inf], [inf], [inf], [inf], [inf], [inf], [inf], [inf], [inf], [inf], [inf], [inf], [inf], [inf], [inf], [inf], [inf], [inf], [inf], [inf], [inf], [inf], [inf], [inf], [inf], [inf], [inf], [inf], [inf], [inf], [inf], [inf], [inf], [inf], [inf], [inf]]",0,0.19408845901489258,17.58856225013733,719
587,onnx/CIFAR100_resnet_medium.onnx,vnnlib/resnet_medium__label_98__idx_40_fix_mask_seg0_k1024_eps_0.0039.vnnlib,100,unsat True,,,,3.1341781616210938,0
588,onnx/CIFAR100_resnet_medium.onnx,vnnlib/resnet_medium__label_98__idx_40_fix_nonmask_seg0_k1024_eps_0.0039.vnnlib,100,unsat False,"[[inf], [inf], [inf], [inf], [inf], [inf], [inf], [inf], [inf], [inf], [inf], [inf], [inf], [inf], [inf], [inf], [inf], [inf], [inf], [inf], [inf], [inf], [inf], [inf], [inf], [inf], [inf], [inf], [inf], [inf], [inf], [inf], [inf], [inf], [inf], [inf], [inf], [inf], [inf], [inf], [inf], [inf], [inf], [inf], [inf], [inf], [inf], [inf], [inf], [inf], [inf], [inf], [inf], [inf], [inf], [inf], [inf], [inf], [inf], [inf], [inf], [inf], [inf], [inf], [inf], [inf], [inf], [inf], [inf], [inf], [inf], [inf], [inf], [inf], [inf], [inf], [inf], [inf], [inf], [inf], [inf], [inf], [inf], [inf], [inf], [inf], [inf], [inf], [inf], [inf], [inf], [inf], [inf], [inf], [inf], [inf], [inf], [inf]]",0,0.12856078147888184,15.798866748809814,719
589,onnx/CIFAR100_resnet_medium.onnx,vnnlib/resnet_medium__label_99__idx_3584_global_k1024_eps_0.0039.vnnlib,100,timeout False,"[[inf], [inf], [inf], [inf], [inf], [inf], [inf], [inf], [inf], [inf], [inf], [inf], [inf], [inf], [inf], [inf], [inf], [inf], [inf], [inf], [inf], [inf], [inf], [inf], [inf], [inf], [inf], [inf], [inf], [inf], [inf], [inf], [inf], [inf], [inf], [inf], [inf], [inf], [inf], [inf], [inf], [inf], [inf], [inf], [inf], [inf], [inf], [inf], [inf], [inf], [inf], [inf], [inf], [inf], [inf], [inf], [inf], [inf], [inf], [inf], [inf], [inf], [inf], [inf], [inf], [inf], [inf], [inf], [inf], [inf], [inf], [inf], [inf], [inf], [inf], [inf], [inf], [inf], [inf], [inf], [inf], [inf], [inf], [inf], [inf], [inf], [inf], [inf], [inf], [inf], [inf], [inf], [inf], [inf], [inf], [inf], [inf], [inf]]",0,0.22681975364685059,101.83210682868958,480
590,onnx/CIFAR100_resnet_medium.onnx,vnnlib/resnet_medium__label_99__idx_3584_fix_mask_seg0_k1024_eps_0.0039.vnnlib,100,unsat True,,,,2.367602825164795,0
591,onnx/CIFAR100_resnet_medium.onnx,vnnlib/resnet_medium__label_99__idx_3584_fix_nonmask_seg0_k1024_eps_0.0039.vnnlib,100,timeout False,"[[inf], [inf], [inf], [inf], [inf], [inf], [inf], [inf], [inf], [inf], [inf], [inf], [inf], [inf], [inf], [inf], [inf], [inf], [inf], [inf], [inf], [inf], [inf], [inf], [inf], [inf], [inf], [inf], [inf], [inf], [inf], [inf], [inf], [inf], [inf], [inf], [inf], [inf], [inf], [inf], [inf], [inf], [inf], [inf], [inf], [inf], [inf], [inf], [inf], [inf], [inf], [inf], [inf], [inf], [inf], [inf], [inf], [inf], [inf], [inf], [inf], [inf], [inf], [inf], [inf], [inf], [inf], [inf], [inf], [inf], [inf], [inf], [inf], [inf], [inf], [inf], [inf], [inf], [inf], [inf], [inf], [inf], [inf], [inf], [inf], [inf], [inf], [inf], [inf], [inf], [inf], [inf], [inf], [inf], [inf], [inf], [inf], [inf]]",0,0.14379334449768066,100.828537940979,480
592,onnx/CIFAR100_resnet_medium.onnx,vnnlib/resnet_medium__label_9__idx_4461_global_k1024_eps_0.0039.vnnlib,100,unsat False,"[[inf], [inf], [inf], [inf], [inf], [inf], [inf], [inf], [inf], [inf], [inf], [inf], [inf], [inf], [inf], [inf], [inf], [inf], [inf], [inf], [inf], [inf], [inf], [inf], [inf], [inf], [inf], [inf], [inf], [inf], [inf], [inf], [inf], [inf], [inf], [inf], [inf], [inf], [inf], [inf], [inf], [inf], [inf], [inf], [inf], [inf], [inf], [inf], [inf], [inf], [inf], [inf], [inf], [inf], [inf], [inf], [inf], [inf], [inf], [inf], [inf], [inf], [inf], [inf], [inf], [inf], [inf], [inf], [inf], [inf], [inf], [inf], [inf], [inf], [inf], [inf], [inf], [inf], [inf], [inf], [inf], [inf], [inf], [inf], [inf], [inf], [inf], [inf], [inf], [inf], [inf], [inf], [inf], [inf], [inf], [inf], [inf], [inf]]",0,0.151353120803833,14.691843271255493,865
593,onnx/CIFAR100_resnet_medium.onnx,vnnlib/resnet_medium__label_9__idx_4461_fix_mask_seg0_k1024_eps_0.0039.vnnlib,100,unsat True,,,,2.7635304927825928,0
594,onnx/CIFAR100_resnet_medium.onnx,vnnlib/resnet_medium__label_9__idx_4461_fix_nonmask_seg0_k1024_eps_0.0039.vnnlib,100,unsat False,"[[inf], [inf], [inf], [inf], [inf], [inf], [inf], [inf], [inf], [inf], [inf], [inf], [inf], [inf], [inf], [inf], [inf], [inf], [inf], [inf], [inf], [inf], [inf], [inf], [inf], [inf], [inf], [inf], [inf], [inf], [inf], [inf], [inf], [inf], [inf], [inf], [inf], [inf], [inf], [inf], [inf], [inf], [inf], [inf], [inf], [inf], [inf], [inf], [inf], [inf], [inf], [inf], [inf], [inf], [inf], [inf], [inf], [inf], [inf], [inf], [inf], [inf], [inf], [inf], [inf], [inf], [inf], [inf], [inf], [inf], [inf], [inf], [inf], [inf], [inf], [inf], [inf], [inf], [inf], [inf], [inf], [inf], [inf], [inf], [inf], [inf], [inf], [inf], [inf], [inf], [inf], [inf], [inf], [inf], [inf], [inf], [inf], [inf]]",0,0.15240716934204102,14.949934720993042,859
595,onnx/CIFAR100_resnet_medium.onnx,vnnlib/resnet_medium__label_9__idx_6416_global_k1024_eps_0.0039.vnnlib,100,unsat False,"[[inf], [inf], [inf], [inf], [inf], [inf], [inf], [inf], [0.010564088821411133], [inf], [inf], [inf], [inf], [inf], [inf], [inf], [inf], [inf], [inf], [inf], [inf], [inf], [inf], [inf], [inf], [inf], [inf], [inf], [inf], [inf], [inf], [inf], [inf], [inf], [inf], [inf], [inf], [inf], [inf], [inf], [inf], [inf], [inf], [inf], [inf], [inf], [inf], [inf], [inf], [inf], [inf], [inf], [inf], [inf], [inf], [inf], [inf], [inf], [inf], [inf], [inf], [inf], [inf], [inf], [inf], [inf], [inf], [inf], [inf], [inf], [inf], [inf], [inf], [inf], [inf], [inf], [0.2094402313232422], [inf], [inf], [inf], [inf], [inf], [inf], [inf], [inf], [inf], [inf], [inf], [inf], [inf], [inf], [inf], [inf], [inf]]",0,0.1753842830657959,61.25411939620972,1293
596,onnx/CIFAR100_resnet_medium.onnx,vnnlib/resnet_medium__label_9__idx_6416_fix_mask_seg0_k1024_eps_0.0039.vnnlib,100,unsat True,,,,2.36716628074646,0
597,onnx/CIFAR100_resnet_medium.onnx,vnnlib/resnet_medium__label_9__idx_6416_fix_nonmask_seg0_k1024_eps_0.0039.vnnlib,100,unsat False,"[[inf], [inf], [inf], [inf], [inf], [inf], [inf], [inf], [0.01056528091430664], [inf], [inf], [inf], [inf], [inf], [inf], [inf], [inf], [inf], [inf], [inf], [inf], [inf], [inf], [inf], [inf], [inf], [inf], [inf], [inf], [inf], [inf], [inf], [inf], [inf], [inf], [inf], [inf], [inf], [inf], [inf], [inf], [inf], [inf], [inf], [inf], [inf], [inf], [inf], [inf], [inf], [inf], [inf], [inf], [inf], [inf], [inf], [inf], [inf], [inf], [inf], [inf], [inf], [inf], [inf], [inf], [inf], [inf], [inf], [inf], [inf], [inf], [inf], [inf], [inf], [inf], [inf], [0.20943737030029297], [inf], [inf], [inf], [inf], [inf], [inf], [inf], [inf], [inf], [inf], [inf], [inf], [inf], [inf], [inf], [inf], [inf]]",0,0.2003917694091797,56.774776458740234,1293
598,onnx/CIFAR100_resnet_medium.onnx,vnnlib/resnet_medium__label_9__idx_7593_global_k1024_eps_0.0039.vnnlib,100,unsat False,"[[inf], [inf], [inf], [inf], [inf], [inf], [inf], [inf], [inf], [inf], [inf], [inf], [inf], [inf], [inf], [inf], [inf], [inf], [inf], [inf], [inf], [inf], [inf], [inf], [inf], [inf], [inf], [inf], [inf], [inf], [inf], [inf], [inf], [inf], [inf], [inf], [inf], [inf], [inf], [inf], [inf], [inf], [inf], [inf], [inf], [inf], [inf], [inf], [inf], [inf], [inf], [inf], [inf], [inf], [inf], [inf], [inf], [inf], [inf], [inf], [inf], [inf], [inf], [inf], [inf], [inf], [inf], [inf], [inf], [inf], [inf], [inf], [inf], [inf], [inf], [inf], [inf], [inf], [inf], [inf], [inf], [inf], [inf], [inf], [inf], [inf], [inf], [inf], [inf], [inf], [inf], [inf], [inf], [inf], [inf], [inf], [inf], [inf]]",0,0.14850926399230957,16.93855619430542,915
599,onnx/CIFAR100_resnet_medium.onnx,vnnlib/resnet_medium__label_9__idx_7593_fix_mask_seg0_k1024_eps_0.0039.vnnlib,100,unsat True,,,,4.056778430938721,0
600,onnx/CIFAR100_resnet_medium.onnx,vnnlib/resnet_medium__label_9__idx_7593_fix_nonmask_seg0_k1024_eps_0.0039.vnnlib,100,unsat False,"[[inf], [inf], [inf], [inf], [inf], [inf], [inf], [inf], [inf], [inf], [inf], [inf], [inf], [inf], [inf], [inf], [inf], [inf], [inf], [inf], [inf], [inf], [inf], [inf], [inf], [inf], [inf], [inf], [inf], [inf], [inf], [inf], [inf], [inf], [inf], [inf], [inf], [inf], [inf], [inf], [inf], [inf], [inf], [inf], [inf], [inf], [inf], [inf], [inf], [inf], [inf], [inf], [inf], [inf], [inf], [inf], [inf], [inf], [inf], [inf], [inf], [inf], [inf], [inf], [inf], [inf], [inf], [inf], [inf], [inf], [inf], [inf], [inf], [inf], [inf], [inf], [inf], [inf], [inf], [inf], [inf], [inf], [inf], [inf], [inf], [inf], [inf], [inf], [inf], [inf], [inf], [inf], [inf], [inf], [inf], [inf], [inf], [inf]]",0,0.14910221099853516,17.17073702812195,915
