instance_id,onnx,vnnlib,timeout,result,lb_minus_rhs,domains_visited,bab_time,all_time,init_unstable
1,onnx/CIFAR100_resnet_large.onnx,vnnlib/resnet_large__label_10__idx_7516_global_k1024_eps_0.0039.vnnlib,100,timeout False,[[inf], [inf], [inf], [inf], [inf], [inf], [inf], [inf], [inf], [inf], [inf], [inf], [inf], [inf], [inf], [inf], [inf], [inf], [inf], [inf], [inf], [inf], [inf], [inf], [inf], [inf], [inf], [inf], [inf], [inf], [inf], [inf], [inf], [inf], [inf], [inf], [inf], [inf], [inf], [inf], [inf], [inf], [inf], [inf], [inf], [inf], [inf], [inf], [inf], [inf], [inf], [inf], [inf], [inf], [inf], [inf], [inf], [inf], [inf], [inf], [inf], [inf], [inf], [inf], [inf], [inf], [inf], [inf], [inf], [inf], [inf], [inf], [inf], [inf], [inf], [inf], [inf], [0.23956477642059326], [inf], [inf], [inf], [inf], [inf], [inf], [inf], [inf], [inf], [inf], [inf], [inf], [inf], [inf], [inf], [inf], [inf], [inf], [inf], [inf]],0,0.2583932876586914,105.5026650428772,3717
2,onnx/CIFAR100_resnet_large.onnx,vnnlib/resnet_large__label_10__idx_7516_fix_mask_seg0_k1024_eps_0.0039.vnnlib,100,unsat True,,,,4.6806416511535645,0
3,onnx/CIFAR100_resnet_large.onnx,vnnlib/resnet_large__label_10__idx_7516_fix_nonmask_seg0_k1024_eps_0.0039.vnnlib,100,timeout False,[[inf], [inf], [inf], [inf], [inf], [inf], [inf], [inf], [inf], [inf], [inf], [inf], [inf], [inf], [inf], [inf], [inf], [inf], [inf], [inf], [inf], [inf], [inf], [inf], [inf], [inf], [inf], [inf], [inf], [inf], [inf], [inf], [inf], [inf], [inf], [inf], [inf], [inf], [inf], [inf], [inf], [inf], [inf], [inf], [inf], [inf], [inf], [inf], [inf], [inf], [inf], [inf], [inf], [inf], [inf], [inf], [inf], [inf], [inf], [inf], [inf], [inf], [inf], [inf], [inf], [inf], [inf], [inf], [inf], [inf], [inf], [inf], [inf], [inf], [inf], [inf], [inf], [inf], [inf], [inf], [inf], [inf], [inf], [inf], [inf], [inf], [inf], [inf], [inf], [inf], [inf], [inf], [inf], [inf], [inf], [inf], [inf], [inf]],0,0.17470288276672363,103.72677755355835,2860
4,onnx/CIFAR100_resnet_large.onnx,vnnlib/resnet_large__label_10__idx_8477_global_k1024_eps_0.0039.vnnlib,100,timeout False,[[inf], [inf], [inf], [inf], [inf], [inf], [inf], [inf], [inf], [inf], [inf], [inf], [inf], [inf], [inf], [inf], [inf], [inf], [inf], [inf], [inf], [inf], [inf], [inf], [inf], [inf], [inf], [inf], [inf], [inf], [inf], [inf], [inf], [inf], [inf], [inf], [inf], [inf], [inf], [inf], [inf], [inf], [inf], [inf], [inf], [inf], [inf], [inf], [inf], [inf], [inf], [inf], [inf], [inf], [inf], [inf], [inf], [inf], [inf], [inf], [inf], [inf], [inf], [inf], [inf], [inf], [inf], [inf], [inf], [inf], [inf], [inf], [inf], [inf], [inf], [inf], [inf], [inf], [inf], [inf], [inf], [inf], [inf], [inf], [inf], [inf], [inf], [inf], [inf], [inf], [inf], [inf], [inf], [inf], [inf], [inf], [inf], [inf]],0,0.2430729866027832,102.36460518836975,3738
5,onnx/CIFAR100_resnet_large.onnx,vnnlib/resnet_large__label_10__idx_8477_fix_mask_seg0_k1024_eps_0.0039.vnnlib,100,unsat True,,,,2.760976791381836,0
6,onnx/CIFAR100_resnet_large.onnx,vnnlib/resnet_large__label_10__idx_8477_fix_nonmask_seg0_k1024_eps_0.0039.vnnlib,100,unsat False,[[inf], [inf], [inf], [inf], [inf], [inf], [inf], [inf], [inf], [inf], [inf], [inf], [inf], [inf], [inf], [inf], [inf], [inf], [inf], [inf], [inf], [inf], [inf], [inf], [inf], [inf], [inf], [inf], [inf], [inf], [inf], [inf], [inf], [inf], [inf], [inf], [inf], [inf], [inf], [inf], [inf], [inf], [inf], [inf], [inf], [inf], [inf], [inf], [inf], [inf], [inf], [inf], [inf], [inf], [inf], [inf], [inf], [inf], [inf], [inf], [inf], [inf], [inf], [inf], [inf], [inf], [inf], [inf], [inf], [inf], [inf], [inf], [inf], [inf], [inf], [inf], [inf], [inf], [inf], [inf], [inf], [inf], [inf], [inf], [inf], [inf], [inf], [inf], [inf], [inf], [inf], [inf], [inf], [inf], [inf], [inf], [inf], [inf]],0,0.3258180618286133,36.84162187576294,2871
7,onnx/CIFAR100_resnet_large.onnx,vnnlib/resnet_large__label_11__idx_3469_global_k1024_eps_0.0039.vnnlib,100,sat True,,,,4.205247402191162,0
8,onnx/CIFAR100_resnet_large.onnx,vnnlib/resnet_large__label_11__idx_3469_fix_mask_seg0_k1024_eps_0.0039.vnnlib,100,unsat True,,,,2.6547365188598633,0
9,onnx/CIFAR100_resnet_large.onnx,vnnlib/resnet_large__label_11__idx_3469_fix_nonmask_seg0_k1024_eps_0.0039.vnnlib,100,unsat False,[[inf], [inf], [inf], [inf], [inf], [inf], [inf], [inf], [inf], [inf], [inf], [inf], [inf], [inf], [inf], [inf], [inf], [inf], [inf], [inf], [inf], [inf], [inf], [inf], [inf], [inf], [inf], [inf], [inf], [inf], [inf], [inf], [inf], [inf], [inf], [inf], [inf], [inf], [inf], [inf], [inf], [inf], [inf], [inf], [inf], [inf], [inf], [inf], [inf], [inf], [inf], [inf], [inf], [inf], [inf], [inf], [inf], [inf], [inf], [inf], [inf], [inf], [inf], [inf], [inf], [inf], [inf], [inf], [inf], [inf], [inf], [inf], [inf], [inf], [inf], [inf], [inf], [inf], [inf], [inf], [inf], [inf], [inf], [inf], [inf], [inf], [inf], [inf], [inf], [inf], [inf], [inf], [inf], [inf], [inf], [inf]],0,0.2514615058898926,20.66419243812561,2155
10,onnx/CIFAR100_resnet_large.onnx,vnnlib/resnet_large__label_12__idx_6868_global_k1024_eps_0.0039.vnnlib,100,sat True,,,,4.041456937789917,0
11,onnx/CIFAR100_resnet_large.onnx,vnnlib/resnet_large__label_12__idx_6868_fix_mask_seg0_k1024_eps_0.0039.vnnlib,100,unsat True,,,,2.878450393676758,0
12,onnx/CIFAR100_resnet_large.onnx,vnnlib/resnet_large__label_12__idx_6868_fix_nonmask_seg0_k1024_eps_0.0039.vnnlib,100,sat True,,,,4.76019287109375,0
13,onnx/CIFAR100_resnet_large.onnx,vnnlib/resnet_large__label_12__idx_8525_global_k1024_eps_0.0039.vnnlib,100,timeout False,[[inf], [inf], [inf], [inf], [inf], [inf], [inf], [inf], [inf], [inf], [inf], [inf], [inf], [inf], [inf], [inf], [inf], [inf], [inf], [inf], [inf], [inf], [inf], [inf], [inf], [inf], [inf], [inf], [inf], [inf], [inf], [inf], [inf], [inf], [inf], [inf], [inf], [inf], [inf], [inf], [inf], [inf], [inf], [inf], [inf], [inf], [inf], [inf], [inf], [inf], [inf], [inf], [inf], [inf], [inf], [inf], [inf], [inf], [inf], [inf], [inf], [inf], [inf], [inf], [inf], [inf], [inf], [inf], [inf], [inf], [inf], [inf], [inf], [inf], [inf], [inf], [inf], [inf], [inf], [inf], [inf], [inf], [inf], [inf], [inf], [inf], [inf], [inf], [inf], [inf], [inf], [inf], [inf], [inf], [inf], [inf], [inf]],0,0.17150020599365234,102.47451972961426,2278
14,onnx/CIFAR100_resnet_large.onnx,vnnlib/resnet_large__label_12__idx_8525_fix_mask_seg0_k1024_eps_0.0039.vnnlib,100,unsat True,,,,2.697829484939575,0
15,onnx/CIFAR100_resnet_large.onnx,vnnlib/resnet_large__label_12__idx_8525_fix_nonmask_seg0_k1024_eps_0.0039.vnnlib,100,unsat False,[[inf], [inf], [inf], [inf], [inf], [inf], [inf], [inf], [inf], [inf], [inf], [inf], [inf], [inf], [inf], [inf], [inf], [inf], [inf], [inf], [inf], [inf], [inf], [inf], [inf], [inf], [inf], [inf], [inf], [inf], [inf], [inf], [inf], [inf], [inf], [inf], [inf], [inf], [inf], [inf], [inf], [inf], [inf], [inf], [inf], [inf], [inf], [inf], [inf], [inf], [inf], [inf], [inf], [inf], [inf], [inf], [inf], [inf], [inf], [inf], [inf], [inf], [inf], [inf], [inf], [inf], [inf], [inf], [inf], [inf], [inf], [inf], [inf], [inf], [inf], [inf], [inf], [inf], [inf], [inf], [inf], [inf], [inf], [inf], [inf], [inf], [inf], [inf], [inf], [inf], [inf], [inf], [inf], [inf], [inf], [inf], [inf], [inf]],0,0.1522057056427002,14.957812786102295,1941
16,onnx/CIFAR100_resnet_large.onnx,vnnlib/resnet_large__label_13__idx_803_global_k1024_eps_0.0039.vnnlib,100,unsat False,[[inf], [inf], [inf], [inf], [inf], [inf], [inf], [inf], [inf], [inf], [inf], [inf], [inf], [inf], [inf], [inf], [inf], [inf], [inf], [inf], [inf], [inf], [inf], [inf], [inf], [inf], [inf], [inf], [inf], [inf], [inf], [inf], [inf], [inf], [inf], [inf], [inf], [inf], [inf], [inf], [inf], [inf], [inf], [inf], [inf], [inf], [inf], [inf], [inf], [inf], [inf], [inf], [inf], [inf], [inf], [inf], [inf], [inf], [inf], [inf], [inf], [inf], [inf], [inf], [inf], [inf], [inf], [inf], [inf], [inf], [inf], [inf], [inf], [inf], [inf], [inf], [inf], [inf], [inf], [inf], [inf], [inf], [inf], [inf], [inf], [inf], [inf], [inf], [inf], [inf], [inf], [inf], [inf], [inf], [inf], [inf], [inf], [inf]],0,0.15823125839233398,12.7965989112854,2965
17,onnx/CIFAR100_resnet_large.onnx,vnnlib/resnet_large__label_13__idx_803_fix_mask_seg0_k1024_eps_0.0039.vnnlib,100,unsat True,,,,3.5518195629119873,0
18,onnx/CIFAR100_resnet_large.onnx,vnnlib/resnet_large__label_13__idx_803_fix_nonmask_seg0_k1024_eps_0.0039.vnnlib,100,unsat True,,,,2.939840078353882,0
19,onnx/CIFAR100_resnet_large.onnx,vnnlib/resnet_large__label_17__idx_8201_global_k1024_eps_0.0039.vnnlib,100,unsat False,[[inf], [inf], [inf], [inf], [inf], [inf], [inf], [inf], [inf], [inf], [inf], [inf], [inf], [inf], [inf], [inf], [inf], [inf], [inf], [inf], [inf], [inf], [inf], [inf], [inf], [inf], [inf], [inf], [inf], [inf], [inf], [inf], [inf], [inf], [inf], [inf], [inf], [inf], [inf], [inf], [inf], [inf], [inf], [inf], [inf], [inf], [inf], [inf], [inf], [inf], [inf], [inf], [inf], [inf], [inf], [inf], [inf], [inf], [inf], [inf], [inf], [inf], [inf], [inf], [inf], [inf], [inf], [inf], [inf], [inf], [inf], [inf], [inf], [inf], [inf], [inf], [inf], [inf], [inf], [inf], [inf], [inf], [inf], [inf], [inf], [inf], [inf], [inf], [inf], [inf], [inf], [inf], [inf], [inf], [inf], [inf], [inf], [inf]],0,0.16062092781066895,12.501759052276611,2526
20,onnx/CIFAR100_resnet_large.onnx,vnnlib/resnet_large__label_17__idx_8201_fix_mask_seg0_k1024_eps_0.0039.vnnlib,100,unsat True,,,,2.8044257164001465,0
21,onnx/CIFAR100_resnet_large.onnx,vnnlib/resnet_large__label_17__idx_8201_fix_nonmask_seg0_k1024_eps_0.0039.vnnlib,100,unsat True,,,,2.7124440670013428,0
22,onnx/CIFAR100_resnet_large.onnx,vnnlib/resnet_large__label_18__idx_1992_global_k1024_eps_0.0039.vnnlib,100,timeout False,[[inf], [inf], [inf], [inf], [inf], [inf], [inf], [inf], [inf], [inf], [inf], [inf], [inf], [inf], [inf], [inf], [inf], [inf], [inf], [inf], [inf], [inf], [inf], [inf], [inf], [inf], [inf], [inf], [inf], [inf], [inf], [inf], [inf], [inf], [inf], [inf], [inf], [inf], [inf], [inf], [inf], [inf], [inf], [inf], [inf], [inf], [inf], [inf], [inf], [inf], [inf], [inf], [inf], [inf], [inf], [inf], [inf], [inf], [inf], [inf], [inf], [inf], [inf], [inf], [inf], [inf], [inf], [inf], [inf], [inf], [inf], [inf], [inf], [inf], [inf], [inf], [inf], [inf], [inf], [inf], [inf], [inf], [inf], [inf], [inf], [inf], [inf], [inf], [inf], [inf], [inf], [inf], [inf], [inf], [inf], [inf], [inf], [inf]],0,0.25084900856018066,102.39633822441101,4076
23,onnx/CIFAR100_resnet_large.onnx,vnnlib/resnet_large__label_18__idx_1992_fix_mask_seg0_k1024_eps_0.0039.vnnlib,100,unsat True,,,,3.264799118041992,0
24,onnx/CIFAR100_resnet_large.onnx,vnnlib/resnet_large__label_18__idx_1992_fix_nonmask_seg0_k1024_eps_0.0039.vnnlib,100,timeout False,[[inf], [inf], [inf], [inf], [inf], [inf], [inf], [inf], [inf], [inf], [inf], [inf], [inf], [inf], [inf], [inf], [inf], [inf], [inf], [inf], [inf], [inf], [inf], [inf], [inf], [inf], [inf], [inf], [inf], [inf], [inf], [inf], [inf], [inf], [inf], [inf], [inf], [inf], [inf], [inf], [inf], [inf], [inf], [inf], [inf], [inf], [inf], [inf], [inf], [inf], [inf], [inf], [inf], [inf], [inf], [inf], [inf], [inf], [inf], [inf], [inf], [inf], [inf], [inf], [inf], [inf], [inf], [inf], [inf], [inf], [inf], [inf], [inf], [inf], [inf], [inf], [inf], [inf], [inf], [inf], [inf], [inf], [inf], [inf], [inf], [inf], [inf], [inf], [inf], [inf], [inf], [inf], [inf], [inf], [inf], [inf], [inf], [inf]],0,0.1676955223083496,105.65124154090881,4039
25,onnx/CIFAR100_resnet_large.onnx,vnnlib/resnet_large__label_18__idx_5863_global_k1024_eps_0.0039.vnnlib,100,timeout False,[[inf], [inf], [inf], [inf], [inf], [inf], [inf], [inf], [inf], [inf], [inf], [inf], [inf], [inf], [inf], [inf], [inf], [inf], [inf], [inf], [inf], [inf], [inf], [inf], [inf], [inf], [inf], [inf], [inf], [inf], [inf], [inf], [inf], [inf], [inf], [inf], [inf], [inf], [inf], [inf], [inf], [inf], [inf], [inf], [inf], [inf], [inf], [inf], [inf], [inf], [inf], [inf], [inf], [inf], [inf], [inf], [inf], [inf], [inf], [inf], [inf], [inf], [inf], [inf], [inf], [inf], [inf], [inf], [inf], [inf], [inf], [inf], [inf], [inf], [inf], [inf], [inf], [inf], [inf], [inf], [inf], [inf], [inf], [inf], [inf], [inf], [inf], [inf], [inf], [inf], [inf], [inf], [inf], [inf], [inf], [inf], [inf], [inf]],0,0.15264558792114258,102.5907666683197,2692
26,onnx/CIFAR100_resnet_large.onnx,vnnlib/resnet_large__label_18__idx_5863_fix_mask_seg0_k1024_eps_0.0039.vnnlib,100,unsat True,,,,2.7986087799072266,0
27,onnx/CIFAR100_resnet_large.onnx,vnnlib/resnet_large__label_18__idx_5863_fix_nonmask_seg0_k1024_eps_0.0039.vnnlib,100,timeout False,[[inf], [inf], [inf], [inf], [inf], [inf], [inf], [inf], [inf], [inf], [inf], [inf], [inf], [inf], [inf], [inf], [inf], [inf], [inf], [inf], [inf], [inf], [inf], [inf], [inf], [inf], [inf], [inf], [inf], [inf], [inf], [inf], [inf], [inf], [inf], [inf], [inf], [inf], [inf], [inf], [inf], [inf], [inf], [inf], [inf], [inf], [inf], [inf], [inf], [inf], [inf], [inf], [inf], [inf], [inf], [inf], [inf], [inf], [inf], [inf], [inf], [inf], [inf], [inf], [inf], [inf], [inf], [inf], [inf], [inf], [inf], [inf], [inf], [inf], [inf], [inf], [inf], [inf], [inf], [inf], [inf], [inf], [inf], [inf], [inf], [inf], [inf], [inf], [inf], [inf], [inf], [inf], [inf], [inf], [inf], [inf], [inf], [inf]],0,0.1523597240447998,101.06558656692505,2472
28,onnx/CIFAR100_resnet_large.onnx,vnnlib/resnet_large__label_18__idx_75_global_k1024_eps_0.0039.vnnlib,100,timeout False,[[inf], [inf], [inf], [inf], [inf], [inf], [inf], [inf], [inf], [inf], [inf], [inf], [inf], [inf], [inf], [inf], [inf], [inf], [inf], [inf], [inf], [inf], [inf], [inf], [inf], [inf], [inf], [inf], [inf], [inf], [inf], [inf], [inf], [inf], [inf], [inf], [inf], [inf], [inf], [inf], [inf], [inf], [inf], [inf], [inf], [inf], [inf], [inf], [inf], [inf], [inf], [inf], [inf], [inf], [inf], [inf], [inf], [inf], [inf], [inf], [inf], [inf], [inf], [inf], [inf], [inf], [inf], [inf], [inf], [inf], [inf], [inf], [inf], [inf], [inf], [inf], [inf], [inf], [inf], [inf], [inf], [inf], [inf], [inf], [inf], [inf], [inf], [inf], [inf], [0.09729978442192078], [inf], [inf], [inf], [inf], [inf], [inf], [inf], [inf]],0,0.17869830131530762,100.81069874763489,3174
29,onnx/CIFAR100_resnet_large.onnx,vnnlib/resnet_large__label_18__idx_75_fix_mask_seg0_k1024_eps_0.0039.vnnlib,100,unsat True,,,,2.863456964492798,0
30,onnx/CIFAR100_resnet_large.onnx,vnnlib/resnet_large__label_18__idx_75_fix_nonmask_seg0_k1024_eps_0.0039.vnnlib,100,timeout False,[[inf], [inf], [inf], [inf], [inf], [inf], [inf], [inf], [inf], [inf], [inf], [inf], [inf], [inf], [inf], [inf], [inf], [inf], [inf], [inf], [inf], [inf], [inf], [inf], [inf], [inf], [inf], [inf], [inf], [inf], [inf], [inf], [inf], [inf], [inf], [inf], [inf], [inf], [inf], [inf], [inf], [inf], [inf], [inf], [inf], [inf], [inf], [inf], [inf], [inf], [inf], [inf], [inf], [inf], [inf], [inf], [inf], [inf], [inf], [inf], [inf], [inf], [inf], [inf], [inf], [inf], [inf], [inf], [inf], [inf], [inf], [inf], [inf], [inf], [inf], [inf], [inf], [inf], [inf], [inf], [inf], [inf], [inf], [inf], [inf], [inf], [inf], [inf], [inf], [inf], [inf], [inf], [inf], [inf], [inf], [inf], [inf], [inf]],0,0.3102226257324219,107.18111157417297,3147
31,onnx/CIFAR100_resnet_large.onnx,vnnlib/resnet_large__label_18__idx_917_global_k1024_eps_0.0039.vnnlib,100,timeout False,[[inf], [inf], [inf], [inf], [inf], [inf], [inf], [inf], [inf], [inf], [inf], [inf], [inf], [inf], [inf], [inf], [inf], [inf], [inf], [inf], [inf], [inf], [inf], [inf], [inf], [inf], [inf], [inf], [inf], [inf], [inf], [inf], [inf], [inf], [inf], [inf], [inf], [inf], [inf], [inf], [inf], [inf], [inf], [inf], [inf], [inf], [inf], [inf], [inf], [inf], [inf], [inf], [inf], [inf], [inf], [inf], [inf], [inf], [inf], [inf], [inf], [inf], [inf], [inf], [inf], [inf], [inf], [inf], [inf], [inf], [inf], [inf], [inf], [inf], [inf], [inf], [inf], [inf], [inf], [inf], [inf], [inf], [inf], [inf], [inf], [inf], [inf], [inf], [inf], [inf], [inf], [inf], [inf], [inf], [inf], [inf], [inf], [inf]],0,0.15407705307006836,103.60157918930054,3112
32,onnx/CIFAR100_resnet_large.onnx,vnnlib/resnet_large__label_18__idx_917_fix_mask_seg0_k1024_eps_0.0039.vnnlib,100,unsat True,,,,2.607814073562622,0
33,onnx/CIFAR100_resnet_large.onnx,vnnlib/resnet_large__label_18__idx_917_fix_nonmask_seg0_k1024_eps_0.0039.vnnlib,100,timeout False,[[inf], [inf], [inf], [inf], [inf], [inf], [inf], [inf], [inf], [inf], [inf], [inf], [inf], [inf], [inf], [inf], [inf], [inf], [inf], [inf], [inf], [inf], [inf], [inf], [inf], [inf], [inf], [inf], [inf], [inf], [inf], [inf], [inf], [inf], [inf], [inf], [inf], [inf], [inf], [inf], [inf], [inf], [inf], [inf], [inf], [inf], [inf], [inf], [inf], [inf], [inf], [inf], [inf], [inf], [inf], [inf], [inf], [inf], [inf], [inf], [inf], [inf], [inf], [inf], [inf], [inf], [inf], [inf], [inf], [inf], [inf], [inf], [inf], [inf], [inf], [inf], [inf], [inf], [inf], [inf], [inf], [inf], [inf], [inf], [inf], [inf], [inf], [inf], [inf], [inf], [inf], [inf], [inf], [inf], [inf], [inf], [inf], [inf]],0,0.22898101806640625,105.3259789943695,3009
34,onnx/CIFAR100_resnet_large.onnx,vnnlib/resnet_large__label_19__idx_1885_global_k1024_eps_0.0039.vnnlib,100,timeout False,[[inf], [inf], [inf], [inf], [inf], [inf], [inf], [inf], [inf], [inf], [inf], [inf], [inf], [inf], [0.032478511333465576], [inf], [inf], [inf], [inf], [inf], [inf], [inf], [inf], [inf], [inf], [inf], [inf], [inf], [inf], [inf], [inf], [inf], [inf], [inf], [inf], [inf], [inf], [inf], [inf], [inf], [inf], [inf], [inf], [inf], [inf], [inf], [inf], [inf], [inf], [inf], [inf], [inf], [inf], [inf], [inf], [inf], [inf], [inf], [inf], [inf], [0.036063313484191895], [inf], [inf], [inf], [inf], [inf], [inf], [inf], [inf], [inf], [inf], [inf], [inf], [inf], [inf], [inf], [inf], [inf], [inf], [inf], [inf], [inf], [inf], [inf], [inf], [inf], [inf], [inf], [inf], [inf], [inf], [inf], [inf], [inf], [inf], [inf], [inf], [inf]],0,0.15330171585083008,103.88826370239258,2718
35,onnx/CIFAR100_resnet_large.onnx,vnnlib/resnet_large__label_19__idx_1885_fix_mask_seg0_k1024_eps_0.0039.vnnlib,100,unsat True,,,,4.663069486618042,0
36,onnx/CIFAR100_resnet_large.onnx,vnnlib/resnet_large__label_19__idx_1885_fix_nonmask_seg0_k1024_eps_0.0039.vnnlib,100,unsat True,,,,2.977653980255127,0
37,onnx/CIFAR100_resnet_large.onnx,vnnlib/resnet_large__label_19__idx_9413_global_k1024_eps_0.0039.vnnlib,100,unsat False,[[inf], [inf], [inf], [inf], [inf], [inf], [inf], [inf], [inf], [inf], [inf], [inf], [inf], [inf], [inf], [inf], [inf], [inf], [inf], [inf], [inf], [inf], [inf], [inf], [inf], [inf], [inf], [inf], [inf], [inf], [inf], [inf], [inf], [inf], [inf], [inf], [inf], [inf], [inf], [inf], [inf], [inf], [inf], [inf], [inf], [inf], [inf], [inf], [inf], [inf], [inf], [inf], [inf], [inf], [inf], [inf], [inf], [inf], [inf], [inf], [inf], [inf], [inf], [inf], [inf], [inf], [inf], [inf], [inf], [inf], [inf], [inf], [inf], [inf], [inf], [inf], [inf], [inf], [inf], [inf], [inf], [inf], [inf], [inf], [inf], [inf], [inf], [inf], [inf], [inf], [inf], [inf], [inf], [inf], [inf], [inf], [inf], [inf]],0,0.15496468544006348,12.114891529083252,3683
38,onnx/CIFAR100_resnet_large.onnx,vnnlib/resnet_large__label_19__idx_9413_fix_mask_seg0_k1024_eps_0.0039.vnnlib,100,unsat True,,,,3.8098561763763428,0
39,onnx/CIFAR100_resnet_large.onnx,vnnlib/resnet_large__label_19__idx_9413_fix_nonmask_seg0_k1024_eps_0.0039.vnnlib,100,unsat True,,,,5.514868974685669,0
40,onnx/CIFAR100_resnet_large.onnx,vnnlib/resnet_large__label_1__idx_8126_global_k1024_eps_0.0039.vnnlib,100,timeout False,[[inf], [inf], [inf], [inf], [inf], [inf], [inf], [inf], [inf], [inf], [inf], [inf], [inf], [inf], [inf], [inf], [inf], [inf], [inf], [inf], [inf], [inf], [inf], [inf], [inf], [inf], [inf], [inf], [inf], [inf], [inf], [inf], [inf], [inf], [inf], [inf], [inf], [inf], [inf], [inf], [inf], [inf], [inf], [inf], [inf], [inf], [inf], [inf], [inf], [inf], [inf], [inf], [inf], [inf], [inf], [inf], [inf], [inf], [inf], [inf], [inf], [inf], [inf], [inf], [inf], [inf], [inf], [inf], [inf], [inf], [inf], [inf], [inf], [inf], [inf], [inf], [inf], [inf], [inf], [inf], [inf], [inf], [inf], [inf], [inf], [inf], [inf], [inf], [inf], [inf], [inf], [inf], [inf], [inf], [inf], [inf], [inf]],0,0.24891972541809082,103.14391613006592,2268
41,onnx/CIFAR100_resnet_large.onnx,vnnlib/resnet_large__label_1__idx_8126_fix_mask_seg0_k1024_eps_0.0039.vnnlib,100,unsat True,,,,3.334803581237793,0
42,onnx/CIFAR100_resnet_large.onnx,vnnlib/resnet_large__label_1__idx_8126_fix_nonmask_seg0_k1024_eps_0.0039.vnnlib,100,timeout False,[[inf], [inf], [inf], [inf], [inf], [inf], [inf], [inf], [inf], [inf], [inf], [inf], [inf], [inf], [inf], [inf], [inf], [inf], [inf], [inf], [inf], [inf], [inf], [inf], [inf], [inf], [inf], [inf], [inf], [inf], [inf], [inf], [inf], [inf], [inf], [inf], [inf], [inf], [inf], [inf], [inf], [inf], [inf], [inf], [inf], [inf], [inf], [inf], [inf], [inf], [inf], [inf], [inf], [inf], [inf], [inf], [inf], [inf], [inf], [inf], [inf], [inf], [inf], [inf], [inf], [inf], [inf], [inf], [inf], [inf], [inf], [inf], [inf], [inf], [inf], [inf], [inf], [inf], [inf], [inf], [inf], [inf], [inf], [inf], [inf], [inf], [inf], [inf], [inf], [inf], [0.00441431999206543], [inf], [inf], [inf], [inf], [inf], [inf], [inf]],0,0.15340423583984375,104.21570920944214,2259
43,onnx/CIFAR100_resnet_large.onnx,vnnlib/resnet_large__label_21__idx_2858_global_k1024_eps_0.0039.vnnlib,100,unsat False,[[inf], [inf], [inf], [inf], [inf], [inf], [inf], [inf], [inf], [inf], [inf], [inf], [inf], [inf], [inf], [inf], [inf], [inf], [inf], [inf], [inf], [inf], [inf], [inf], [inf], [inf], [inf], [inf], [inf], [inf], [inf], [inf], [inf], [inf], [inf], [inf], [inf], [inf], [inf], [inf], [inf], [inf], [inf], [inf], [inf], [inf], [inf], [inf], [inf], [inf], [inf], [inf], [inf], [inf], [inf], [inf], [inf], [inf], [inf], [inf], [inf], [inf], [inf], [inf], [inf], [inf], [inf], [inf], [inf], [inf], [inf], [inf], [inf], [inf], [inf], [inf], [inf], [inf], [inf], [inf], [inf], [inf], [inf], [inf], [inf], [inf], [inf], [inf], [inf], [inf], [inf], [inf], [inf], [inf], [inf], [inf], [inf]],0,0.23958778381347656,16.175317525863647,4199
44,onnx/CIFAR100_resnet_large.onnx,vnnlib/resnet_large__label_21__idx_2858_fix_mask_seg0_k1024_eps_0.0039.vnnlib,100,unsat True,,,,3.040592670440674,0
45,onnx/CIFAR100_resnet_large.onnx,vnnlib/resnet_large__label_21__idx_2858_fix_nonmask_seg0_k1024_eps_0.0039.vnnlib,100,unsat False,[[inf], [inf], [inf], [inf], [inf], [inf], [inf], [inf], [inf], [inf], [inf], [inf], [inf], [inf], [inf], [inf], [inf], [inf], [inf], [inf], [inf], [inf], [inf], [inf], [inf], [inf], [inf], [inf], [inf], [inf], [inf], [inf], [inf], [inf], [inf], [inf], [inf], [inf], [inf], [inf], [inf], [inf], [inf], [inf], [inf], [inf], [inf], [inf], [inf], [inf], [inf], [inf], [inf], [inf], [inf], [inf], [inf], [inf], [inf], [inf], [inf], [inf], [inf], [inf], [inf], [inf], [inf], [inf], [inf], [inf], [inf], [inf], [inf], [inf], [inf], [inf], [inf], [inf], [inf], [inf], [inf], [inf], [inf], [inf], [inf], [inf], [inf], [inf], [inf], [inf], [inf], [inf], [inf], [inf], [inf], [inf], [inf], [inf]],0,0.15500450134277344,12.852480173110962,3699
46,onnx/CIFAR100_resnet_large.onnx,vnnlib/resnet_large__label_21__idx_9995_global_k1024_eps_0.0039.vnnlib,100,sat True,,,,4.019610404968262,0
47,onnx/CIFAR100_resnet_large.onnx,vnnlib/resnet_large__label_21__idx_9995_fix_mask_seg0_k1024_eps_0.0039.vnnlib,100,unsat True,,,,2.8174664974212646,0
48,onnx/CIFAR100_resnet_large.onnx,vnnlib/resnet_large__label_21__idx_9995_fix_nonmask_seg0_k1024_eps_0.0039.vnnlib,100,timeout False,[[inf], [inf], [inf], [inf], [inf], [inf], [inf], [inf], [inf], [inf], [inf], [inf], [inf], [inf], [inf], [inf], [inf], [inf], [inf], [inf], [inf], [inf], [inf], [inf], [inf], [inf], [inf], [inf], [inf], [inf], [inf], [inf], [inf], [inf], [inf], [inf], [inf], [inf], [inf], [inf], [inf], [inf], [inf], [inf], [inf], [inf], [inf], [inf], [inf], [inf], [inf], [inf], [inf], [inf], [inf], [inf], [inf], [inf], [inf], [inf], [inf], [inf], [inf], [inf], [inf], [inf], [inf], [inf], [inf], [inf], [inf], [inf], [inf], [inf], [inf], [inf], [inf], [inf], [inf], [inf], [inf], [inf], [inf], [inf], [inf], [inf], [inf], [inf], [inf], [inf], [inf], [inf], [inf], [inf], [inf], [inf], [inf], [inf]],0,0.24405407905578613,101.69669890403748,1873
49,onnx/CIFAR100_resnet_large.onnx,vnnlib/resnet_large__label_22__idx_700_global_k1024_eps_0.0039.vnnlib,100,unsat False,[[inf], [inf], [inf], [inf], [inf], [inf], [inf], [inf], [inf], [inf], [inf], [inf], [inf], [inf], [inf], [inf], [inf], [inf], [inf], [inf], [inf], [inf], [inf], [inf], [inf], [inf], [inf], [inf], [inf], [inf], [inf], [inf], [inf], [inf], [inf], [inf], [inf], [inf], [inf], [inf], [inf], [inf], [inf], [inf], [inf], [inf], [inf], [inf], [inf], [inf], [inf], [inf], [inf], [inf], [inf], [inf], [inf], [inf], [inf], [inf], [inf], [inf], [inf], [inf], [inf], [inf], [inf], [inf], [inf], [inf], [inf], [inf], [inf], [inf], [inf], [inf], [inf], [inf], [inf], [inf], [inf], [inf], [inf], [inf], [inf], [inf], [inf], [inf], [inf], [inf], [inf], [inf], [inf], [inf], [inf], [inf], [inf], [inf]],0,0.1670057773590088,14.111825466156006,2836
50,onnx/CIFAR100_resnet_large.onnx,vnnlib/resnet_large__label_22__idx_700_fix_mask_seg0_k1024_eps_0.0039.vnnlib,100,unsat True,,,,2.7019243240356445,0
51,onnx/CIFAR100_resnet_large.onnx,vnnlib/resnet_large__label_22__idx_700_fix_nonmask_seg0_k1024_eps_0.0039.vnnlib,100,unsat True,,,,3.6408073902130127,0
52,onnx/CIFAR100_resnet_large.onnx,vnnlib/resnet_large__label_25__idx_2209_global_k1024_eps_0.0039.vnnlib,100,unsat False,[[0.1753520965576172], [inf], [inf], [inf], [inf], [inf], [inf], [inf], [inf], [inf], [inf], [inf], [inf], [inf], [inf], [inf], [inf], [inf], [inf], [inf], [inf], [inf], [inf], [inf], [inf], [inf], [inf], [inf], [inf], [inf], [inf], [inf], [inf], [inf], [inf], [inf], [inf], [inf], [inf], [inf], [inf], [inf], [inf], [inf], [inf], [inf], [inf], [inf], [inf], [inf], [inf], [inf], [inf], [inf], [inf], [inf], [inf], [inf], [inf], [inf], [inf], [inf], [inf], [inf], [inf], [inf], [inf], [inf], [inf], [inf], [inf], [inf], [inf], [inf], [inf], [inf], [inf], [inf], [inf], [inf], [inf], [inf], [inf], [inf], [inf], [inf], [inf], [inf], [inf], [inf], [inf], [inf], [inf], [inf], [inf], [inf], [inf], [inf]],0,0.16204452514648438,12.346719026565552,4033
53,onnx/CIFAR100_resnet_large.onnx,vnnlib/resnet_large__label_25__idx_2209_fix_mask_seg0_k1024_eps_0.0039.vnnlib,100,unsat True,,,,2.739933967590332,0
54,onnx/CIFAR100_resnet_large.onnx,vnnlib/resnet_large__label_25__idx_2209_fix_nonmask_seg0_k1024_eps_0.0039.vnnlib,100,unsat True,,,,7.534985065460205,0
55,onnx/CIFAR100_resnet_large.onnx,vnnlib/resnet_large__label_25__idx_2893_global_k1024_eps_0.0039.vnnlib,100,timeout False,[[inf], [inf], [inf], [inf], [inf], [inf], [inf], [inf], [inf], [inf], [inf], [inf], [inf], [inf], [inf], [inf], [inf], [inf], [inf], [inf], [inf], [inf], [inf], [inf], [inf], [inf], [inf], [inf], [inf], [inf], [inf], [inf], [inf], [inf], [inf], [inf], [inf], [inf], [inf], [inf], [inf], [inf], [inf], [inf], [inf], [inf], [inf], [inf], [inf], [inf], [inf], [inf], [inf], [inf], [inf], [inf], [inf], [inf], [inf], [inf], [inf], [inf], [inf], [inf], [inf], [inf], [inf], [inf], [inf], [inf], [inf], [inf], [inf], [inf], [inf], [inf], [inf], [inf], [inf], [inf], [inf], [inf], [inf], [inf], [inf], [inf], [inf], [inf], [inf], [inf], [inf], [inf], [inf], [inf], [inf], [inf], [inf], [inf]],0,0.23576068878173828,103.95577621459961,3139
56,onnx/CIFAR100_resnet_large.onnx,vnnlib/resnet_large__label_25__idx_2893_fix_mask_seg0_k1024_eps_0.0039.vnnlib,100,unsat True,,,,3.7979776859283447,0
57,onnx/CIFAR100_resnet_large.onnx,vnnlib/resnet_large__label_25__idx_2893_fix_nonmask_seg0_k1024_eps_0.0039.vnnlib,100,unsat False,[[inf], [inf], [inf], [inf], [inf], [inf], [inf], [inf], [inf], [inf], [inf], [inf], [inf], [inf], [inf], [inf], [inf], [inf], [inf], [inf], [inf], [inf], [inf], [inf], [inf], [inf], [inf], [inf], [inf], [inf], [inf], [inf], [inf], [inf], [inf], [inf], [inf], [inf], [inf], [inf], [inf], [inf], [inf], [inf], [inf], [inf], [inf], [inf], [inf], [inf], [inf], [inf], [inf], [inf], [inf], [inf], [inf], [inf], [inf], [inf], [inf], [inf], [inf], [inf], [inf], [inf], [inf], [inf], [inf], [inf], [inf], [inf], [inf], [inf], [inf], [inf], [inf], [inf], [inf], [inf], [inf], [inf], [inf], [inf], [inf], [inf], [inf], [inf], [inf], [inf], [inf], [inf], [inf], [inf], [inf], [inf], [inf], [inf]],0,0.15797114372253418,51.446908950805664,2391
58,onnx/CIFAR100_resnet_large.onnx,vnnlib/resnet_large__label_26__idx_212_global_k1024_eps_0.0039.vnnlib,100,unsat False,[[inf], [inf], [inf], [inf], [inf], [inf], [inf], [inf], [inf], [inf], [inf], [inf], [inf], [inf], [inf], [inf], [inf], [inf], [inf], [inf], [inf], [inf], [inf], [inf], [inf], [inf], [inf], [inf], [inf], [inf], [inf], [inf], [inf], [inf], [inf], [inf], [inf], [inf], [inf], [inf], [inf], [0.07980537414550781], [inf], [inf], [inf], [inf], [inf], [inf], [inf], [inf], [inf], [inf], [inf], [inf], [inf], [inf], [inf], [inf], [inf], [inf], [inf], [inf], [0.09520816802978516], [inf], [inf], [inf], [inf], [inf], [inf], [inf], [inf], [inf], [inf], [inf], [inf], [inf], [inf], [0.06215810775756836], [inf], [inf], [inf], [inf], [inf], [inf], [inf], [inf], [inf], [inf], [inf], [inf], [inf], [inf], [inf], [inf], [inf], [inf], [inf], [inf]],0,0.15530681610107422,15.983865976333618,4082
59,onnx/CIFAR100_resnet_large.onnx,vnnlib/resnet_large__label_26__idx_212_fix_mask_seg0_k1024_eps_0.0039.vnnlib,100,unsat True,,,,3.2915401458740234,0
60,onnx/CIFAR100_resnet_large.onnx,vnnlib/resnet_large__label_26__idx_212_fix_nonmask_seg0_k1024_eps_0.0039.vnnlib,100,unsat False,[[inf], [inf], [inf], [inf], [inf], [inf], [inf], [inf], [inf], [inf], [inf], [inf], [inf], [inf], [inf], [inf], [inf], [inf], [inf], [inf], [inf], [inf], [inf], [inf], [inf], [inf], [inf], [inf], [inf], [inf], [inf], [inf], [inf], [inf], [inf], [inf], [inf], [inf], [inf], [inf], [inf], [inf], [inf], [inf], [inf], [inf], [inf], [inf], [inf], [inf], [inf], [inf], [inf], [inf], [inf], [inf], [inf], [inf], [inf], [inf], [inf], [inf], [inf], [inf], [inf], [inf], [inf], [inf], [inf], [inf], [inf], [inf], [inf], [inf], [inf], [inf], [inf], [inf], [inf], [inf], [inf], [inf], [inf], [inf], [inf], [inf], [inf], [inf], [inf], [inf], [inf], [inf], [inf], [inf], [inf], [inf], [inf], [inf]],0,0.15993237495422363,11.8235445022583,3327
61,onnx/CIFAR100_resnet_large.onnx,vnnlib/resnet_large__label_26__idx_8903_global_k1024_eps_0.0039.vnnlib,100,timeout False,[[inf], [inf], [inf], [inf], [inf], [inf], [inf], [inf], [inf], [inf], [inf], [inf], [inf], [inf], [inf], [inf], [inf], [inf], [inf], [inf], [inf], [inf], [inf], [inf], [inf], [inf], [inf], [inf], [inf], [inf], [inf], [inf], [inf], [inf], [inf], [inf], [inf], [inf], [inf], [inf], [inf], [inf], [inf], [inf], [inf], [inf], [inf], [inf], [inf], [inf], [inf], [inf], [inf], [inf], [inf], [inf], [inf], [inf], [inf], [inf], [inf], [inf], [inf], [inf], [inf], [inf], [inf], [inf], [inf], [inf], [inf], [inf], [inf], [inf], [inf], [inf], [inf], [inf], [inf], [inf], [inf], [inf], [inf], [inf], [inf], [inf], [inf], [inf], [inf], [inf], [inf], [inf], [inf], [inf], [inf], [inf]],0,0.1629626750946045,103.50991892814636,4233
62,onnx/CIFAR100_resnet_large.onnx,vnnlib/resnet_large__label_26__idx_8903_fix_mask_seg0_k1024_eps_0.0039.vnnlib,100,unsat True,,,,3.987581491470337,0
63,onnx/CIFAR100_resnet_large.onnx,vnnlib/resnet_large__label_26__idx_8903_fix_nonmask_seg0_k1024_eps_0.0039.vnnlib,100,timeout False,[[inf], [inf], [inf], [inf], [inf], [inf], [inf], [inf], [inf], [inf], [inf], [inf], [inf], [inf], [inf], [inf], [inf], [inf], [inf], [inf], [inf], [inf], [inf], [inf], [inf], [inf], [inf], [inf], [inf], [inf], [inf], [inf], [inf], [inf], [inf], [inf], [inf], [inf], [inf], [inf], [inf], [inf], [inf], [inf], [inf], [inf], [inf], [inf], [inf], [inf], [inf], [inf], [inf], [inf], [inf], [inf], [inf], [inf], [inf], [inf], [inf], [inf], [inf], [inf], [inf], [inf], [inf], [inf], [inf], [inf], [inf], [inf], [inf], [inf], [inf], [inf], [inf], [inf], [inf], [inf], [inf], [inf], [inf], [inf], [inf], [inf], [inf], [inf], [inf], [inf], [inf], [inf], [inf], [inf], [inf], [inf], [inf]],0,0.16207361221313477,102.08165836334229,3688
64,onnx/CIFAR100_resnet_large.onnx,vnnlib/resnet_large__label_27__idx_7106_global_k1024_eps_0.0039.vnnlib,100,unsat False,[[inf], [inf], [inf], [inf], [inf], [inf], [inf], [inf], [inf], [inf], [inf], [inf], [inf], [inf], [inf], [inf], [inf], [inf], [inf], [inf], [inf], [inf], [inf], [inf], [inf], [inf], [inf], [inf], [inf], [inf], [inf], [inf], [inf], [inf], [inf], [inf], [inf], [inf], [inf], [inf], [inf], [inf], [inf], [inf], [inf], [inf], [inf], [inf], [inf], [inf], [inf], [inf], [inf], [inf], [inf], [inf], [inf], [inf], [inf], [inf], [inf], [inf], [inf], [inf], [inf], [inf], [inf], [inf], [inf], [inf], [inf], [inf], [inf], [inf], [inf], [inf], [inf], [inf], [inf], [inf], [inf], [inf], [inf], [inf], [inf], [inf], [inf], [inf], [inf], [inf], [inf], [inf], [inf], [inf], [inf], [inf], [inf]],0,0.16639280319213867,79.99995112419128,4204
65,onnx/CIFAR100_resnet_large.onnx,vnnlib/resnet_large__label_27__idx_7106_fix_mask_seg0_k1024_eps_0.0039.vnnlib,100,unsat True,,,,4.146964073181152,0
66,onnx/CIFAR100_resnet_large.onnx,vnnlib/resnet_large__label_27__idx_7106_fix_nonmask_seg0_k1024_eps_0.0039.vnnlib,100,unsat False,[[inf], [inf], [inf], [inf], [inf], [inf], [inf], [inf], [inf], [inf], [inf], [inf], [inf], [inf], [inf], [inf], [inf], [inf], [inf], [inf], [inf], [inf], [inf], [inf], [inf], [inf], [inf], [inf], [inf], [inf], [inf], [inf], [inf], [inf], [inf], [inf], [inf], [inf], [inf], [inf], [inf], [inf], [inf], [inf], [inf], [inf], [inf], [inf], [inf], [inf], [inf], [inf], [inf], [inf], [inf], [inf], [inf], [inf], [inf], [inf], [inf], [inf], [inf], [inf], [inf], [inf], [inf], [inf], [inf], [inf], [inf], [inf], [inf], [inf], [inf], [inf], [inf], [inf], [inf], [inf], [inf], [inf], [inf], [inf], [inf], [inf], [inf], [inf], [inf], [inf], [inf], [inf], [inf], [inf], [inf], [inf], [inf]],0,0.2762320041656494,51.501303911209106,4192
67,onnx/CIFAR100_resnet_large.onnx,vnnlib/resnet_large__label_29__idx_242_global_k1024_eps_0.0039.vnnlib,100,unsat False,[[inf], [inf], [inf], [inf], [inf], [inf], [inf], [inf], [inf], [inf], [inf], [inf], [inf], [inf], [inf], [0.17625856399536133], [inf], [inf], [inf], [inf], [inf], [inf], [inf], [inf], [inf], [inf], [inf], [inf], [inf], [inf], [inf], [inf], [inf], [inf], [inf], [inf], [inf], [inf], [inf], [inf], [inf], [inf], [inf], [inf], [inf], [inf], [inf], [inf], [inf], [inf], [inf], [inf], [inf], [inf], [inf], [inf], [inf], [inf], [inf], [inf], [inf], [inf], [inf], [inf], [inf], [inf], [inf], [inf], [inf], [inf], [inf], [inf], [inf], [inf], [inf], [inf], [inf], [inf], [inf], [inf], [inf], [inf], [inf], [inf], [0.15061235427856445], [inf], [inf], [inf], [inf], [inf], [inf], [inf], [inf], [inf], [inf], [inf]],0,0.2534046173095703,17.892003536224365,4136
68,onnx/CIFAR100_resnet_large.onnx,vnnlib/resnet_large__label_29__idx_242_fix_mask_seg0_k1024_eps_0.0039.vnnlib,100,unsat True,,,,4.536348342895508,0
69,onnx/CIFAR100_resnet_large.onnx,vnnlib/resnet_large__label_29__idx_242_fix_nonmask_seg0_k1024_eps_0.0039.vnnlib,100,unsat True,,,,4.441359043121338,0
70,onnx/CIFAR100_resnet_large.onnx,vnnlib/resnet_large__label_2__idx_3801_global_k1024_eps_0.0039.vnnlib,100,sat True,,,,4.997709035873413,0
71,onnx/CIFAR100_resnet_large.onnx,vnnlib/resnet_large__label_2__idx_3801_fix_mask_seg0_k1024_eps_0.0039.vnnlib,100,unsat True,,,,2.9994966983795166,0
72,onnx/CIFAR100_resnet_large.onnx,vnnlib/resnet_large__label_2__idx_3801_fix_nonmask_seg0_k1024_eps_0.0039.vnnlib,100,sat True,,,,5.617494106292725,0
73,onnx/CIFAR100_resnet_large.onnx,vnnlib/resnet_large__label_2__idx_972_global_k1024_eps_0.0039.vnnlib,100,unsat False,[[inf], [inf], [0.13842296600341797], [inf], [inf], [inf], [inf], [inf], [inf], [inf], [inf], [inf], [inf], [inf], [inf], [inf], [inf], [inf], [inf], [inf], [inf], [inf], [inf], [inf], [inf], [inf], [inf], [inf], [inf], [inf], [inf], [inf], [inf], [inf], [inf], [inf], [inf], [inf], [inf], [inf], [inf], [inf], [inf], [inf], [inf], [inf], [inf], [inf], [inf], [inf], [inf], [inf], [inf], [inf], [inf], [inf], [inf], [inf], [inf], [inf], [inf], [inf], [inf], [inf], [inf], [inf], [inf], [inf], [inf], [inf], [inf], [inf], [inf], [inf], [inf], [inf], [inf], [inf], [inf], [inf], [inf], [inf], [inf], [inf], [inf], [inf], [inf], [inf], [inf], [inf], [inf], [inf], [inf], [inf], [inf], [inf], [inf]],0,0.1696021556854248,20.66637420654297,4325
74,onnx/CIFAR100_resnet_large.onnx,vnnlib/resnet_large__label_2__idx_972_fix_mask_seg0_k1024_eps_0.0039.vnnlib,100,unsat True,,,,4.203768014907837,0
75,onnx/CIFAR100_resnet_large.onnx,vnnlib/resnet_large__label_2__idx_972_fix_nonmask_seg0_k1024_eps_0.0039.vnnlib,100,unsat False,[[inf], [inf], [inf], [inf], [inf], [inf], [inf], [inf], [inf], [inf], [inf], [inf], [inf], [inf], [inf], [inf], [inf], [inf], [inf], [inf], [inf], [inf], [inf], [inf], [inf], [inf], [inf], [inf], [inf], [inf], [inf], [inf], [inf], [inf], [inf], [inf], [inf], [inf], [inf], [inf], [inf], [inf], [inf], [inf], [inf], [inf], [inf], [inf], [inf], [inf], [inf], [inf], [inf], [inf], [inf], [inf], [inf], [inf], [inf], [inf], [inf], [inf], [inf], [inf], [inf], [inf], [inf], [inf], [inf], [inf], [inf], [inf], [inf], [inf], [inf], [inf], [inf], [inf], [inf], [inf], [inf], [inf], [inf], [inf], [inf], [inf], [inf], [inf], [inf], [inf], [inf], [inf], [inf], [inf], [inf], [inf], [inf], [inf]],0,0.23831725120544434,14.582796335220337,3433
76,onnx/CIFAR100_resnet_large.onnx,vnnlib/resnet_large__label_31__idx_3906_global_k1024_eps_0.0039.vnnlib,100,timeout False,[[inf], [inf], [inf], [inf], [inf], [inf], [inf], [inf], [inf], [inf], [inf], [inf], [inf], [inf], [inf], [inf], [inf], [inf], [inf], [inf], [inf], [inf], [inf], [inf], [inf], [inf], [inf], [inf], [inf], [inf], [inf], [inf], [inf], [inf], [inf], [inf], [inf], [inf], [inf], [inf], [inf], [inf], [inf], [inf], [inf], [inf], [inf], [inf], [inf], [inf], [inf], [inf], [inf], [inf], [inf], [inf], [inf], [inf], [inf], [inf], [inf], [inf], [inf], [inf], [inf], [inf], [inf], [inf], [inf], [inf], [inf], [inf], [inf], [inf], [inf], [inf], [inf], [inf], [inf], [inf], [inf], [inf], [inf], [inf], [inf], [inf], [inf], [inf], [inf], [inf], [inf], [inf], [inf], [inf], [inf], [inf], [inf], [inf]],0,0.2667257785797119,104.19676899909973,3638
77,onnx/CIFAR100_resnet_large.onnx,vnnlib/resnet_large__label_31__idx_3906_fix_mask_seg0_k1024_eps_0.0039.vnnlib,100,unsat True,,,,3.9103074073791504,0
78,onnx/CIFAR100_resnet_large.onnx,vnnlib/resnet_large__label_31__idx_3906_fix_nonmask_seg0_k1024_eps_0.0039.vnnlib,100,timeout False,[[inf], [inf], [inf], [inf], [inf], [inf], [inf], [inf], [inf], [inf], [inf], [inf], [inf], [inf], [inf], [inf], [inf], [inf], [inf], [inf], [inf], [inf], [inf], [inf], [inf], [inf], [inf], [inf], [inf], [inf], [inf], [inf], [inf], [inf], [inf], [inf], [inf], [inf], [inf], [inf], [inf], [inf], [inf], [inf], [inf], [inf], [inf], [inf], [inf], [inf], [inf], [inf], [inf], [inf], [inf], [inf], [inf], [inf], [inf], [inf], [inf], [inf], [inf], [inf], [inf], [inf], [inf], [inf], [inf], [inf], [inf], [inf], [inf], [inf], [inf], [inf], [inf], [inf], [inf], [inf], [inf], [inf], [inf], [inf], [inf], [inf], [inf], [inf], [inf], [inf], [inf], [inf], [inf], [inf], [inf], [inf], [inf], [inf]],0,0.3298530578613281,103.46459817886353,2774
79,onnx/CIFAR100_resnet_large.onnx,vnnlib/resnet_large__label_31__idx_476_global_k1024_eps_0.0039.vnnlib,100,unsat False,[[inf], [inf], [inf], [inf], [inf], [inf], [inf], [inf], [inf], [inf], [inf], [inf], [inf], [inf], [inf], [inf], [inf], [inf], [inf], [inf], [inf], [inf], [inf], [inf], [inf], [inf], [inf], [inf], [inf], [inf], [inf], [inf], [inf], [inf], [inf], [inf], [inf], [inf], [inf], [inf], [inf], [inf], [inf], [inf], [inf], [inf], [inf], [inf], [inf], [inf], [inf], [inf], [inf], [inf], [inf], [inf], [inf], [inf], [inf], [inf], [inf], [inf], [inf], [inf], [inf], [inf], [inf], [inf], [inf], [inf], [inf], [inf], [inf], [inf], [inf], [inf], [inf], [inf], [inf], [inf], [inf], [inf], [inf], [inf], [inf], [inf], [inf], [inf], [inf], [inf], [inf], [inf], [inf], [inf], [inf], [inf], [inf], [inf]],0,0.1728196144104004,57.796403884887695,3423
80,onnx/CIFAR100_resnet_large.onnx,vnnlib/resnet_large__label_31__idx_476_fix_mask_seg0_k1024_eps_0.0039.vnnlib,100,unsat True,,,,2.623981237411499,0
81,onnx/CIFAR100_resnet_large.onnx,vnnlib/resnet_large__label_31__idx_476_fix_nonmask_seg0_k1024_eps_0.0039.vnnlib,100,unsat False,[[inf], [inf], [inf], [inf], [inf], [inf], [inf], [inf], [inf], [inf], [inf], [inf], [inf], [inf], [inf], [inf], [inf], [inf], [inf], [inf], [inf], [inf], [inf], [inf], [inf], [inf], [inf], [inf], [inf], [inf], [inf], [inf], [inf], [inf], [inf], [inf], [inf], [inf], [inf], [inf], [inf], [inf], [inf], [inf], [inf], [inf], [inf], [inf], [inf], [inf], [inf], [inf], [inf], [inf], [inf], [inf], [inf], [inf], [inf], [inf], [inf], [inf], [inf], [inf], [inf], [inf], [inf], [inf], [inf], [inf], [inf], [inf], [inf], [inf], [inf], [inf], [inf], [inf], [inf], [inf], [inf], [inf], [inf], [inf], [inf], [inf], [inf], [inf], [inf], [inf], [inf], [inf], [inf], [inf], [inf], [inf], [inf], [inf]],0,0.155287504196167,15.081834554672241,3233
82,onnx/CIFAR100_resnet_large.onnx,vnnlib/resnet_large__label_31__idx_4804_global_k1024_eps_0.0039.vnnlib,100,timeout False,[[inf], [inf], [inf], [inf], [inf], [inf], [inf], [inf], [inf], [inf], [inf], [inf], [inf], [inf], [inf], [inf], [inf], [inf], [inf], [inf], [inf], [inf], [inf], [inf], [inf], [inf], [inf], [inf], [inf], [inf], [inf], [inf], [inf], [inf], [inf], [inf], [inf], [inf], [inf], [inf], [inf], [inf], [inf], [inf], [inf], [inf], [inf], [inf], [inf], [inf], [inf], [inf], [inf], [inf], [inf], [inf], [inf], [inf], [inf], [inf], [inf], [inf], [inf], [inf], [inf], [inf], [inf], [inf], [inf], [inf], [inf], [inf], [inf], [inf], [inf], [inf], [inf], [inf], [inf], [inf], [inf], [inf], [inf], [inf], [inf], [inf], [inf], [inf], [inf], [inf], [inf], [inf], [inf], [inf], [inf], [inf], [inf], [inf]],0,0.17430448532104492,104.33116245269775,3695
83,onnx/CIFAR100_resnet_large.onnx,vnnlib/resnet_large__label_31__idx_4804_fix_mask_seg0_k1024_eps_0.0039.vnnlib,100,unsat True,,,,3.0124123096466064,0
84,onnx/CIFAR100_resnet_large.onnx,vnnlib/resnet_large__label_31__idx_4804_fix_nonmask_seg0_k1024_eps_0.0039.vnnlib,100,unsat True,,,,7.936649799346924,0
85,onnx/CIFAR100_resnet_large.onnx,vnnlib/resnet_large__label_32__idx_4987_global_k1024_eps_0.0039.vnnlib,100,unsat False,[[inf], [inf], [inf], [inf], [inf], [inf], [inf], [inf], [inf], [inf], [inf], [inf], [inf], [inf], [inf], [inf], [inf], [inf], [inf], [inf], [inf], [inf], [inf], [inf], [inf], [inf], [inf], [inf], [inf], [inf], [inf], [inf], [inf], [inf], [inf], [inf], [inf], [inf], [inf], [inf], [inf], [inf], [inf], [inf], [inf], [inf], [inf], [inf], [inf], [inf], [inf], [inf], [inf], [inf], [inf], [inf], [inf], [inf], [inf], [inf], [inf], [inf], [inf], [inf], [inf], [inf], [inf], [inf], [inf], [inf], [inf], [inf], [inf], [inf], [inf], [inf], [inf], [inf], [inf], [inf], [inf], [inf], [inf], [inf], [inf], [inf], [inf], [inf], [inf], [inf], [inf], [inf], [inf], [inf], [inf], [inf], [inf], [inf]],0,0.23401546478271484,18.138295888900757,2562
86,onnx/CIFAR100_resnet_large.onnx,vnnlib/resnet_large__label_32__idx_4987_fix_mask_seg0_k1024_eps_0.0039.vnnlib,100,unsat True,,,,6.8492937088012695,0
87,onnx/CIFAR100_resnet_large.onnx,vnnlib/resnet_large__label_32__idx_4987_fix_nonmask_seg0_k1024_eps_0.0039.vnnlib,100,unsat False,[[inf], [inf], [inf], [inf], [inf], [inf], [inf], [inf], [inf], [inf], [inf], [inf], [inf], [inf], [inf], [inf], [inf], [inf], [inf], [inf], [inf], [inf], [inf], [inf], [inf], [inf], [inf], [inf], [inf], [inf], [inf], [inf], [inf], [inf], [inf], [inf], [inf], [inf], [inf], [inf], [inf], [inf], [inf], [inf], [inf], [inf], [inf], [inf], [inf], [inf], [inf], [inf], [inf], [inf], [inf], [inf], [inf], [inf], [inf], [inf], [inf], [inf], [inf], [inf], [inf], [inf], [inf], [inf], [inf], [inf], [inf], [inf], [inf], [inf], [inf], [inf], [inf], [inf], [inf], [inf], [inf], [inf], [inf], [inf], [inf], [inf], [inf], [inf], [inf], [inf], [inf], [inf], [inf], [inf], [inf], [inf], [inf], [inf]],0,0.23697614669799805,15.102634191513062,2480
88,onnx/CIFAR100_resnet_large.onnx,vnnlib/resnet_large__label_33__idx_313_global_k1024_eps_0.0039.vnnlib,100,unsat False,[[inf], [inf], [inf], [inf], [inf], [inf], [inf], [inf], [inf], [inf], [inf], [inf], [inf], [inf], [inf], [inf], [inf], [inf], [inf], [inf], [inf], [inf], [inf], [inf], [inf], [inf], [inf], [inf], [inf], [inf], [inf], [inf], [inf], [inf], [inf], [inf], [inf], [inf], [inf], [inf], [inf], [inf], [inf], [inf], [inf], [inf], [inf], [inf], [inf], [inf], [inf], [inf], [inf], [inf], [inf], [inf], [inf], [inf], [inf], [inf], [inf], [inf], [inf], [inf], [inf], [inf], [inf], [inf], [inf], [inf], [inf], [inf], [inf], [inf], [inf], [inf], [inf], [inf], [inf], [inf], [inf], [inf], [inf], [inf], [inf], [inf], [inf], [inf], [inf], [inf], [inf], [inf], [inf], [inf], [inf], [inf], [inf], [inf]],0,0.15982460975646973,13.59066915512085,3100
89,onnx/CIFAR100_resnet_large.onnx,vnnlib/resnet_large__label_33__idx_313_fix_mask_seg0_k1024_eps_0.0039.vnnlib,100,unsat True,,,,4.22992205619812,0
90,onnx/CIFAR100_resnet_large.onnx,vnnlib/resnet_large__label_33__idx_313_fix_nonmask_seg0_k1024_eps_0.0039.vnnlib,100,unsat True,,,,5.793411493301392,0
91,onnx/CIFAR100_resnet_large.onnx,vnnlib/resnet_large__label_33__idx_4318_global_k1024_eps_0.0039.vnnlib,100,timeout False,[[inf], [inf], [inf], [inf], [inf], [inf], [inf], [inf], [inf], [inf], [inf], [inf], [inf], [inf], [inf], [inf], [inf], [inf], [inf], [inf], [inf], [inf], [inf], [inf], [inf], [inf], [inf], [inf], [inf], [inf], [inf], [inf], [inf], [inf], [inf], [inf], [inf], [inf], [inf], [inf], [inf], [inf], [inf], [inf], [inf], [inf], [inf], [inf], [inf], [inf], [inf], [inf], [inf], [inf], [inf], [inf], [inf], [inf], [inf], [inf], [inf], [inf], [inf], [inf], [inf], [inf], [inf], [inf], [inf], [inf], [inf], [inf], [inf], [inf], [inf], [inf], [inf], [inf], [inf], [inf], [inf], [inf], [inf], [0.20743680000305176], [inf], [inf], [inf], [inf], [inf], [inf], [inf], [inf], [inf], [inf]],0,0.23999261856079102,103.09831380844116,3918
92,onnx/CIFAR100_resnet_large.onnx,vnnlib/resnet_large__label_33__idx_4318_fix_mask_seg0_k1024_eps_0.0039.vnnlib,100,unsat True,,,,3.6073801517486572,0
93,onnx/CIFAR100_resnet_large.onnx,vnnlib/resnet_large__label_33__idx_4318_fix_nonmask_seg0_k1024_eps_0.0039.vnnlib,100,unsat False,[[inf], [inf], [inf], [inf], [inf], [inf], [inf], [inf], [0.1745283603668213], [inf], [inf], [inf], [inf], [inf], [inf], [inf], [inf], [inf], [inf], [inf], [inf], [inf], [inf], [inf], [inf], [inf], [inf], [inf], [inf], [inf], [inf], [inf], [inf], [inf], [inf], [inf], [inf], [inf], [inf], [inf], [inf], [inf], [inf], [inf], [inf], [inf], [inf], [inf], [inf], [inf], [inf], [inf], [inf], [inf], [inf], [inf], [inf], [inf], [inf], [inf], [inf], [inf], [inf], [inf], [inf], [inf], [inf], [inf], [inf], [inf], [inf], [inf], [inf], [inf], [inf], [inf], [inf], [inf], [inf], [inf], [inf], [inf], [inf], [inf], [inf], [inf], [inf], [inf], [inf], [inf], [inf], [inf], [inf], [inf], [inf], [inf]],0,1.4261183738708496,85.93046832084656,3138
94,onnx/CIFAR100_resnet_large.onnx,vnnlib/resnet_large__label_34__idx_4347_global_k1024_eps_0.0039.vnnlib,100,unsat False,[[inf], [inf], [inf], [inf], [inf], [inf], [inf], [inf], [inf], [inf], [inf], [inf], [inf], [inf], [inf], [inf], [inf], [inf], [inf], [inf], [inf], [inf], [inf], [inf], [inf], [inf], [0.1490345001220703], [inf], [inf], [inf], [inf], [inf], [inf], [inf], [inf], [inf], [0.02544403076171875], [inf], [inf], [inf], [0.17190265655517578], [inf], [inf], [inf], [inf], [inf], [inf], [inf], [inf], [inf], [inf], [inf], [inf], [inf], [inf], [inf], [inf], [inf], [inf], [inf], [inf], [0.0029540061950683594], [inf], [inf], [inf], [inf], [inf], [inf], [inf], [inf], [inf], [inf], [inf], [inf], [inf], [inf], [inf], [inf], [inf], [inf], [inf], [inf], [inf], [inf], [inf], [inf], [inf], [inf], [inf], [inf], [inf], [inf], [inf]],0,0.23639845848083496,17.028283834457397,3901
95,onnx/CIFAR100_resnet_large.onnx,vnnlib/resnet_large__label_34__idx_4347_fix_mask_seg0_k1024_eps_0.0039.vnnlib,100,unsat True,,,,3.157181978225708,0
96,onnx/CIFAR100_resnet_large.onnx,vnnlib/resnet_large__label_34__idx_4347_fix_nonmask_seg0_k1024_eps_0.0039.vnnlib,100,unsat True,,,,4.410463094711304,0
97,onnx/CIFAR100_resnet_large.onnx,vnnlib/resnet_large__label_34__idx_589_global_k1024_eps_0.0039.vnnlib,100,unsat True,,,,8.27150273323059,0
98,onnx/CIFAR100_resnet_large.onnx,vnnlib/resnet_large__label_34__idx_589_fix_mask_seg0_k1024_eps_0.0039.vnnlib,100,unsat True,,,,4.137574195861816,0
99,onnx/CIFAR100_resnet_large.onnx,vnnlib/resnet_large__label_34__idx_589_fix_nonmask_seg0_k1024_eps_0.0039.vnnlib,100,unsat True,,,,5.1057446002960205,0
100,onnx/CIFAR100_resnet_large.onnx,vnnlib/resnet_large__label_34__idx_6873_global_k1024_eps_0.0039.vnnlib,100,unsat False,[[inf], [inf], [inf], [inf], [inf], [inf], [inf], [inf], [inf], [inf], [inf], [inf], [inf], [inf], [inf], [inf], [inf], [inf], [inf], [inf], [inf], [inf], [inf], [inf], [inf], [inf], [inf], [inf], [inf], [inf], [inf], [inf], [inf], [inf], [inf], [inf], [inf], [inf], [inf], [inf], [inf], [inf], [inf], [inf], [inf], [inf], [inf], [inf], [inf], [inf], [inf], [inf], [inf], [inf], [inf], [inf], [inf], [inf], [inf], [inf], [inf], [inf], [inf], [inf], [inf], [inf], [inf], [inf], [inf], [inf], [inf], [inf], [inf], [inf], [inf], [inf], [inf], [inf], [inf], [inf], [inf], [inf], [inf], [inf], [inf], [inf], [inf], [inf], [inf], [inf], [inf], [inf], [inf], [inf], [inf], [inf], [inf], [inf]],0,0.2402019500732422,15.336047410964966,2964
101,onnx/CIFAR100_resnet_large.onnx,vnnlib/resnet_large__label_34__idx_6873_fix_mask_seg0_k1024_eps_0.0039.vnnlib,100,unsat True,,,,4.737825155258179,0
102,onnx/CIFAR100_resnet_large.onnx,vnnlib/resnet_large__label_34__idx_6873_fix_nonmask_seg0_k1024_eps_0.0039.vnnlib,100,unsat True,,,,7.0057454109191895,0
103,onnx/CIFAR100_resnet_large.onnx,vnnlib/resnet_large__label_36__idx_2400_global_k1024_eps_0.0039.vnnlib,100,sat True,,,,6.3379011154174805,0
104,onnx/CIFAR100_resnet_large.onnx,vnnlib/resnet_large__label_36__idx_2400_fix_mask_seg0_k1024_eps_0.0039.vnnlib,100,unsat True,,,,4.4919610023498535,0
105,onnx/CIFAR100_resnet_large.onnx,vnnlib/resnet_large__label_36__idx_2400_fix_nonmask_seg0_k1024_eps_0.0039.vnnlib,100,sat True,,,,5.1764538288116455,0
106,onnx/CIFAR100_resnet_large.onnx,vnnlib/resnet_large__label_37__idx_2903_global_k1024_eps_0.0039.vnnlib,100,unsat False,[[inf], [inf], [inf], [inf], [inf], [inf], [inf], [inf], [inf], [inf], [inf], [inf], [inf], [inf], [inf], [inf], [inf], [inf], [0.07610702514648438], [inf], [inf], [inf], [inf], [inf], [inf], [inf], [inf], [inf], [inf], [inf], [inf], [inf], [inf], [inf], [inf], [inf], [inf], [inf], [inf], [inf], [inf], [inf], [inf], [inf], [inf], [inf], [inf], [inf], [inf], [inf], [inf], [inf], [inf], [inf], [inf], [inf], [inf], [inf], [inf], [inf], [inf], [inf], [inf], [inf], [inf], [inf], [inf], [inf], [inf], [inf], [inf], [inf], [inf], [inf], [inf], [inf], [inf], [inf], [inf], [inf], [inf], [inf], [inf], [inf], [inf], [inf], [inf], [inf], [inf], [inf], [inf], [inf], [inf], [inf], [inf], [inf], [inf], [inf]],0,0.150742769241333,14.427106618881226,3517
107,onnx/CIFAR100_resnet_large.onnx,vnnlib/resnet_large__label_37__idx_2903_fix_mask_seg0_k1024_eps_0.0039.vnnlib,100,unsat True,,,,2.8376049995422363,0
108,onnx/CIFAR100_resnet_large.onnx,vnnlib/resnet_large__label_37__idx_2903_fix_nonmask_seg0_k1024_eps_0.0039.vnnlib,100,unsat True,,,,7.098283290863037,0
109,onnx/CIFAR100_resnet_large.onnx,vnnlib/resnet_large__label_37__idx_7273_global_k1024_eps_0.0039.vnnlib,100,timeout False,[[inf], [inf], [inf], [inf], [inf], [inf], [inf], [inf], [inf], [inf], [inf], [inf], [inf], [inf], [inf], [inf], [inf], [inf], [inf], [inf], [inf], [inf], [inf], [inf], [inf], [inf], [inf], [inf], [inf], [inf], [inf], [inf], [inf], [inf], [inf], [inf], [inf], [inf], [inf], [inf], [inf], [inf], [inf], [inf], [inf], [inf], [inf], [inf], [inf], [inf], [inf], [inf], [inf], [inf], [inf], [inf], [inf], [inf], [inf], [inf], [inf], [inf], [inf], [inf], [inf], [inf], [inf], [inf], [inf], [inf], [inf], [inf], [inf], [inf], [inf], [inf], [inf], [inf], [inf], [inf], [inf], [inf], [inf], [inf], [inf], [inf], [inf], [inf], [inf], [inf], [inf], [inf], [inf], [inf], [inf], [inf], [inf], [inf]],0,0.2337479591369629,104.26704597473145,3015
110,onnx/CIFAR100_resnet_large.onnx,vnnlib/resnet_large__label_37__idx_7273_fix_mask_seg0_k1024_eps_0.0039.vnnlib,100,unsat True,,,,4.1944191455841064,0
111,onnx/CIFAR100_resnet_large.onnx,vnnlib/resnet_large__label_37__idx_7273_fix_nonmask_seg0_k1024_eps_0.0039.vnnlib,100,unsat True,,,,5.080315828323364,0
112,onnx/CIFAR100_resnet_large.onnx,vnnlib/resnet_large__label_40__idx_3718_global_k1024_eps_0.0039.vnnlib,100,sat True,,,,5.819242715835571,0
113,onnx/CIFAR100_resnet_large.onnx,vnnlib/resnet_large__label_40__idx_3718_fix_mask_seg0_k1024_eps_0.0039.vnnlib,100,unsat True,,,,4.862083911895752,0
114,onnx/CIFAR100_resnet_large.onnx,vnnlib/resnet_large__label_40__idx_3718_fix_nonmask_seg0_k1024_eps_0.0039.vnnlib,100,sat True,,,,6.175099849700928,0
115,onnx/CIFAR100_resnet_large.onnx,vnnlib/resnet_large__label_40__idx_4421_global_k1024_eps_0.0039.vnnlib,100,sat True,,,,5.236268520355225,0
116,onnx/CIFAR100_resnet_large.onnx,vnnlib/resnet_large__label_40__idx_4421_fix_mask_seg0_k1024_eps_0.0039.vnnlib,100,unsat True,,,,4.6573638916015625,0
117,onnx/CIFAR100_resnet_large.onnx,vnnlib/resnet_large__label_40__idx_4421_fix_nonmask_seg0_k1024_eps_0.0039.vnnlib,100,sat True,,,,5.438366413116455,0
118,onnx/CIFAR100_resnet_large.onnx,vnnlib/resnet_large__label_41__idx_3593_global_k1024_eps_0.0039.vnnlib,100,unsat False,[[inf], [inf], [inf], [inf], [inf], [inf], [inf], [inf], [inf], [inf], [inf], [inf], [inf], [inf], [inf], [inf], [inf], [inf], [inf], [inf], [inf], [inf], [inf], [inf], [inf], [inf], [inf], [inf], [inf], [inf], [inf], [inf], [inf], [inf], [inf], [inf], [inf], [inf], [inf], [inf], [inf], [inf], [inf], [inf], [inf], [inf], [inf], [inf], [inf], [inf], [inf], [inf], [inf], [inf], [inf], [inf], [inf], [inf], [inf], [inf], [inf], [inf], [inf], [inf], [inf], [inf], [inf], [inf], [inf], [inf], [inf], [inf], [inf], [inf], [inf], [inf], [inf], [inf], [inf], [inf], [inf], [inf], [inf], [inf], [inf], [inf], [inf], [inf], [inf], [inf], [inf], [inf], [inf], [inf], [inf], [inf], [inf], [inf]],0,0.23879599571228027,14.890822410583496,2237
119,onnx/CIFAR100_resnet_large.onnx,vnnlib/resnet_large__label_41__idx_3593_fix_mask_seg0_k1024_eps_0.0039.vnnlib,100,unsat True,,,,4.25398063659668,0
120,onnx/CIFAR100_resnet_large.onnx,vnnlib/resnet_large__label_41__idx_3593_fix_nonmask_seg0_k1024_eps_0.0039.vnnlib,100,unsat True,,,,7.915723562240601,0
121,onnx/CIFAR100_resnet_large.onnx,vnnlib/resnet_large__label_42__idx_1753_global_k1024_eps_0.0039.vnnlib,100,sat True,,,,7.118555545806885,0
122,onnx/CIFAR100_resnet_large.onnx,vnnlib/resnet_large__label_42__idx_1753_fix_mask_seg0_k1024_eps_0.0039.vnnlib,100,unsat True,,,,3.6562395095825195,0
123,onnx/CIFAR100_resnet_large.onnx,vnnlib/resnet_large__label_42__idx_1753_fix_nonmask_seg0_k1024_eps_0.0039.vnnlib,100,sat True,,,,6.117844581604004,0
124,onnx/CIFAR100_resnet_large.onnx,vnnlib/resnet_large__label_43__idx_6556_global_k1024_eps_0.0039.vnnlib,100,unsat False,[[inf], [inf], [inf], [inf], [inf], [inf], [inf], [inf], [inf], [inf], [inf], [inf], [inf], [inf], [inf], [inf], [inf], [inf], [inf], [inf], [inf], [inf], [inf], [inf], [inf], [inf], [inf], [inf], [inf], [inf], [inf], [inf], [inf], [inf], [inf], [inf], [inf], [inf], [inf], [inf], [inf], [inf], [inf], [inf], [inf], [inf], [inf], [inf], [inf], [inf], [inf], [inf], [inf], [inf], [inf], [inf], [inf], [inf], [inf], [inf], [inf], [inf], [inf], [inf], [inf], [inf], [inf], [inf], [inf], [inf], [inf], [inf], [inf], [inf], [inf], [inf], [inf], [inf], [inf], [inf], [inf], [inf], [inf], [inf], [inf], [inf], [inf], [inf], [inf], [inf], [inf], [inf], [inf], [inf], [inf], [inf], [inf], [inf]],0,0.3594851493835449,13.733791589736938,3475
125,onnx/CIFAR100_resnet_large.onnx,vnnlib/resnet_large__label_43__idx_6556_fix_mask_seg0_k1024_eps_0.0039.vnnlib,100,unsat True,,,,4.876762390136719,0
126,onnx/CIFAR100_resnet_large.onnx,vnnlib/resnet_large__label_43__idx_6556_fix_nonmask_seg0_k1024_eps_0.0039.vnnlib,100,unsat True,,,,6.966653347015381,0
127,onnx/CIFAR100_resnet_large.onnx,vnnlib/resnet_large__label_44__idx_2912_global_k1024_eps_0.0039.vnnlib,100,unsat True,,,,8.005250692367554,0
128,onnx/CIFAR100_resnet_large.onnx,vnnlib/resnet_large__label_44__idx_2912_fix_mask_seg0_k1024_eps_0.0039.vnnlib,100,unsat True,,,,3.313645601272583,0
129,onnx/CIFAR100_resnet_large.onnx,vnnlib/resnet_large__label_44__idx_2912_fix_nonmask_seg0_k1024_eps_0.0039.vnnlib,100,unsat True,,,,4.4681456089019775,0
130,onnx/CIFAR100_resnet_large.onnx,vnnlib/resnet_large__label_47__idx_6926_global_k1024_eps_0.0039.vnnlib,100,timeout False,[[inf], [inf], [inf], [inf], [inf], [inf], [inf], [inf], [inf], [inf], [inf], [inf], [inf], [inf], [inf], [inf], [inf], [inf], [inf], [inf], [inf], [inf], [inf], [inf], [inf], [0.009565591812133789], [inf], [inf], [inf], [inf], [inf], [inf], [inf], [inf], [inf], [inf], [inf], [inf], [inf], [inf], [inf], [inf], [inf], [inf], [inf], [inf], [inf], [inf], [inf], [inf], [inf], [inf], [inf], [inf], [inf], [inf], [inf], [inf], [inf], [inf], [inf], [inf], [inf], [inf], [inf], [inf], [inf], [inf], [inf], [inf], [inf], [inf], [inf], [inf], [inf], [inf], [inf], [inf], [inf], [inf], [inf], [inf], [inf], [0.12622451782226562], [inf], [inf], [inf], [inf], [inf], [inf], [inf], [inf], [inf], [inf], [inf], [inf], [inf], [inf]],0,0.15007710456848145,102.77369403839111,3396
131,onnx/CIFAR100_resnet_large.onnx,vnnlib/resnet_large__label_47__idx_6926_fix_mask_seg0_k1024_eps_0.0039.vnnlib,100,unsat True,,,,4.217231273651123,0
132,onnx/CIFAR100_resnet_large.onnx,vnnlib/resnet_large__label_47__idx_6926_fix_nonmask_seg0_k1024_eps_0.0039.vnnlib,100,unsat True,,,,4.388471364974976,0
133,onnx/CIFAR100_resnet_large.onnx,vnnlib/resnet_large__label_48__idx_5797_global_k1024_eps_0.0039.vnnlib,100,timeout False,[[inf], [inf], [inf], [inf], [inf], [inf], [inf], [inf], [inf], [inf], [inf], [inf], [inf], [inf], [inf], [inf], [inf], [inf], [inf], [inf], [inf], [inf], [inf], [inf], [inf], [inf], [inf], [inf], [inf], [inf], [inf], [inf], [inf], [inf], [inf], [inf], [inf], [inf], [inf], [inf], [inf], [inf], [inf], [inf], [inf], [inf], [inf], [inf], [inf], [inf], [inf], [inf], [inf], [inf], [inf], [inf], [inf], [inf], [inf], [inf], [inf], [inf], [inf], [inf], [inf], [inf], [inf], [inf], [inf], [inf], [inf], [inf], [inf], [inf], [inf], [inf], [inf], [inf], [inf], [inf], [inf], [inf], [inf], [inf], [inf], [inf], [inf], [inf], [inf], [inf], [inf], [inf], [inf], [inf], [inf], [inf], [inf], [inf]],0,0.2274777889251709,102.78747296333313,2718
134,onnx/CIFAR100_resnet_large.onnx,vnnlib/resnet_large__label_48__idx_5797_fix_mask_seg0_k1024_eps_0.0039.vnnlib,100,unsat True,,,,6.667392730712891,0
135,onnx/CIFAR100_resnet_large.onnx,vnnlib/resnet_large__label_48__idx_5797_fix_nonmask_seg0_k1024_eps_0.0039.vnnlib,100,unsat False,[[inf], [inf], [inf], [inf], [inf], [inf], [inf], [inf], [inf], [inf], [inf], [inf], [inf], [inf], [inf], [inf], [inf], [inf], [inf], [inf], [inf], [inf], [inf], [inf], [inf], [inf], [inf], [inf], [inf], [inf], [inf], [inf], [inf], [inf], [inf], [inf], [inf], [inf], [inf], [inf], [inf], [inf], [inf], [inf], [inf], [inf], [inf], [inf], [inf], [inf], [inf], [inf], [inf], [inf], [inf], [inf], [inf], [inf], [inf], [inf], [inf], [inf], [inf], [inf], [inf], [inf], [inf], [inf], [inf], [inf], [inf], [inf], [inf], [inf], [inf], [inf], [inf], [inf], [inf], [inf], [inf], [inf], [inf], [inf], [inf], [inf], [inf], [inf], [inf], [inf], [inf], [inf], [inf], [inf], [inf], [inf], [inf], [inf]],0,0.23074555397033691,13.542687177658081,2330
136,onnx/CIFAR100_resnet_large.onnx,vnnlib/resnet_large__label_48__idx_6431_global_k1024_eps_0.0039.vnnlib,100,timeout False,[[inf], [inf], [inf], [inf], [inf], [inf], [inf], [inf], [inf], [inf], [inf], [inf], [inf], [inf], [inf], [inf], [inf], [inf], [inf], [inf], [inf], [inf], [inf], [inf], [inf], [inf], [inf], [inf], [inf], [inf], [inf], [inf], [inf], [inf], [inf], [inf], [inf], [inf], [inf], [inf], [inf], [inf], [inf], [inf], [inf], [inf], [inf], [inf], [inf], [inf], [inf], [inf], [inf], [inf], [inf], [inf], [inf], [inf], [inf], [inf], [inf], [inf], [inf], [inf], [inf], [inf], [inf], [inf], [inf], [inf], [inf], [inf], [inf], [inf], [inf], [inf], [inf], [inf], [inf], [inf], [inf], [inf], [inf], [inf], [inf], [inf], [inf], [inf], [inf], [inf], [inf], [inf], [inf], [inf], [inf], [inf], [inf], [inf]],0,0.23404455184936523,102.60540127754211,1780
137,onnx/CIFAR100_resnet_large.onnx,vnnlib/resnet_large__label_48__idx_6431_fix_mask_seg0_k1024_eps_0.0039.vnnlib,100,unsat True,,,,5.1843202114105225,0
138,onnx/CIFAR100_resnet_large.onnx,vnnlib/resnet_large__label_48__idx_6431_fix_nonmask_seg0_k1024_eps_0.0039.vnnlib,100,unsat False,[[inf], [inf], [inf], [inf], [inf], [inf], [inf], [inf], [inf], [inf], [inf], [inf], [inf], [inf], [inf], [inf], [inf], [inf], [inf], [inf], [inf], [inf], [inf], [inf], [inf], [inf], [inf], [inf], [inf], [inf], [inf], [inf], [inf], [inf], [inf], [inf], [inf], [inf], [inf], [inf], [inf], [inf], [inf], [inf], [inf], [inf], [inf], [inf], [inf], [inf], [inf], [inf], [inf], [inf], [inf], [inf], [inf], [inf], [inf], [inf], [inf], [inf], [inf], [inf], [inf], [inf], [inf], [inf], [inf], [inf], [inf], [inf], [inf], [inf], [inf], [inf], [inf], [inf], [inf], [inf], [inf], [inf], [inf], [inf], [inf], [inf], [inf], [inf], [inf], [inf], [inf], [inf], [inf], [inf], [inf], [inf], [inf], [inf]],0,0.23839449882507324,24.526805877685547,1607
139,onnx/CIFAR100_resnet_large.onnx,vnnlib/resnet_large__label_48__idx_8860_global_k1024_eps_0.0039.vnnlib,100,sat True,,,,6.07953667640686,0
140,onnx/CIFAR100_resnet_large.onnx,vnnlib/resnet_large__label_48__idx_8860_fix_mask_seg0_k1024_eps_0.0039.vnnlib,100,unsat True,,,,4.936116695404053,0
141,onnx/CIFAR100_resnet_large.onnx,vnnlib/resnet_large__label_48__idx_8860_fix_nonmask_seg0_k1024_eps_0.0039.vnnlib,100,sat True,,,,7.066282033920288,0
142,onnx/CIFAR100_resnet_large.onnx,vnnlib/resnet_large__label_49__idx_6596_global_k1024_eps_0.0039.vnnlib,100,timeout False,[[inf], [inf], [inf], [inf], [inf], [inf], [inf], [inf], [inf], [inf], [inf], [inf], [inf], [inf], [inf], [inf], [inf], [inf], [inf], [inf], [inf], [inf], [inf], [inf], [inf], [inf], [inf], [inf], [inf], [inf], [inf], [inf], [inf], [inf], [inf], [inf], [inf], [inf], [inf], [inf], [inf], [inf], [inf], [inf], [inf], [inf], [inf], [inf], [inf], [inf], [inf], [inf], [inf], [inf], [inf], [inf], [inf], [inf], [inf], [inf], [inf], [inf], [inf], [inf], [inf], [inf], [inf], [inf], [inf], [inf], [inf], [0.05591893196105957], [inf], [inf], [inf], [inf], [inf], [inf], [inf], [inf], [inf], [inf], [inf], [inf], [inf], [inf], [inf], [inf], [inf], [inf], [inf], [inf], [inf], [inf], [inf], [inf], [inf], [inf]],0,0.23728203773498535,103.38448095321655,2996
143,onnx/CIFAR100_resnet_large.onnx,vnnlib/resnet_large__label_49__idx_6596_fix_mask_seg0_k1024_eps_0.0039.vnnlib,100,unsat True,,,,3.931983470916748,0
144,onnx/CIFAR100_resnet_large.onnx,vnnlib/resnet_large__label_49__idx_6596_fix_nonmask_seg0_k1024_eps_0.0039.vnnlib,100,timeout False,[[inf], [inf], [inf], [inf], [inf], [inf], [inf], [inf], [inf], [inf], [inf], [inf], [inf], [inf], [inf], [inf], [inf], [inf], [inf], [inf], [inf], [inf], [inf], [inf], [inf], [inf], [inf], [inf], [inf], [inf], [inf], [inf], [inf], [inf], [inf], [inf], [inf], [inf], [inf], [inf], [inf], [inf], [inf], [inf], [inf], [inf], [inf], [inf], [inf], [inf], [inf], [inf], [inf], [inf], [inf], [inf], [inf], [inf], [inf], [inf], [inf], [inf], [inf], [inf], [inf], [inf], [inf], [inf], [inf], [inf], [inf], [0.06037545204162598], [inf], [inf], [inf], [inf], [inf], [inf], [inf], [inf], [inf], [inf], [inf], [inf], [inf], [inf], [inf], [inf], [inf], [inf], [inf], [inf], [inf], [inf], [inf], [inf], [inf], [inf]],0,0.24483704566955566,102.4068534374237,2988
145,onnx/CIFAR100_resnet_large.onnx,vnnlib/resnet_large__label_4__idx_3855_global_k1024_eps_0.0039.vnnlib,100,timeout False,[[inf], [inf], [inf], [inf], [inf], [inf], [inf], [inf], [inf], [inf], [inf], [inf], [inf], [inf], [inf], [inf], [inf], [inf], [inf], [inf], [inf], [inf], [inf], [inf], [inf], [inf], [inf], [inf], [inf], [inf], [inf], [inf], [inf], [inf], [inf], [inf], [inf], [inf], [inf], [inf], [inf], [inf], [inf], [inf], [inf], [inf], [inf], [inf], [inf], [inf], [inf], [inf], [inf], [inf], [inf], [inf], [inf], [inf], [inf], [inf], [inf], [inf], [inf], [inf], [inf], [inf], [inf], [inf], [inf], [inf], [inf], [inf], [inf], [inf], [inf], [inf], [inf], [inf], [inf], [inf], [inf], [inf], [inf], [inf], [inf], [inf], [0.12743639945983887], [inf], [inf], [inf], [inf], [inf], [inf], [inf], [inf], [inf], [inf], [inf]],0,0.40233874320983887,102.93848061561584,3464
146,onnx/CIFAR100_resnet_large.onnx,vnnlib/resnet_large__label_4__idx_3855_fix_mask_seg0_k1024_eps_0.0039.vnnlib,100,unsat True,,,,2.784944772720337,0
147,onnx/CIFAR100_resnet_large.onnx,vnnlib/resnet_large__label_4__idx_3855_fix_nonmask_seg0_k1024_eps_0.0039.vnnlib,100,unsat True,,,,5.736374378204346,0
148,onnx/CIFAR100_resnet_large.onnx,vnnlib/resnet_large__label_50__idx_2762_global_k1024_eps_0.0039.vnnlib,100,unsat False,[[inf], [inf], [inf], [inf], [inf], [inf], [inf], [inf], [inf], [inf], [inf], [inf], [inf], [inf], [inf], [inf], [inf], [inf], [inf], [inf], [inf], [inf], [inf], [inf], [inf], [inf], [inf], [inf], [inf], [inf], [inf], [inf], [inf], [inf], [inf], [inf], [inf], [inf], [inf], [inf], [inf], [inf], [inf], [inf], [inf], [inf], [inf], [inf], [inf], [inf], [inf], [inf], [inf], [inf], [inf], [inf], [inf], [inf], [inf], [inf], [inf], [inf], [inf], [inf], [inf], [inf], [inf], [inf], [inf], [inf], [inf], [inf], [inf], [inf], [inf], [inf], [inf], [inf], [inf], [inf], [inf], [inf], [inf], [inf], [inf], [inf], [inf], [inf], [inf], [inf], [inf], [inf], [inf], [inf], [inf], [inf], [inf], [inf]],0,0.1553194522857666,13.107073545455933,4169
149,onnx/CIFAR100_resnet_large.onnx,vnnlib/resnet_large__label_50__idx_2762_fix_mask_seg0_k1024_eps_0.0039.vnnlib,100,unsat True,,,,4.918806791305542,0
150,onnx/CIFAR100_resnet_large.onnx,vnnlib/resnet_large__label_50__idx_2762_fix_nonmask_seg0_k1024_eps_0.0039.vnnlib,100,unsat True,,,,7.070870399475098,0
151,onnx/CIFAR100_resnet_large.onnx,vnnlib/resnet_large__label_51__idx_2582_global_k1024_eps_0.0039.vnnlib,100,timeout False,[[inf], [inf], [inf], [inf], [inf], [inf], [inf], [inf], [inf], [inf], [inf], [inf], [inf], [inf], [inf], [inf], [inf], [inf], [inf], [inf], [inf], [inf], [inf], [inf], [inf], [inf], [inf], [inf], [inf], [inf], [inf], [inf], [inf], [inf], [inf], [inf], [inf], [inf], [inf], [inf], [inf], [inf], [inf], [inf], [inf], [inf], [inf], [inf], [inf], [inf], [inf], [inf], [inf], [inf], [inf], [inf], [inf], [inf], [inf], [inf], [inf], [inf], [inf], [inf], [inf], [inf], [inf], [inf], [inf], [inf], [inf], [inf], [inf], [inf], [inf], [inf], [inf], [inf], [inf], [inf], [inf], [inf], [inf], [inf], [inf], [inf], [inf], [inf], [inf], [inf], [inf], [inf], [inf], [inf], [inf], [inf], [inf], [inf]],0,0.25048065185546875,103.13050866127014,3625
152,onnx/CIFAR100_resnet_large.onnx,vnnlib/resnet_large__label_51__idx_2582_fix_mask_seg0_k1024_eps_0.0039.vnnlib,100,unsat True,,,,5.343416929244995,0
153,onnx/CIFAR100_resnet_large.onnx,vnnlib/resnet_large__label_51__idx_2582_fix_nonmask_seg0_k1024_eps_0.0039.vnnlib,100,unsat True,,,,4.112319231033325,0
154,onnx/CIFAR100_resnet_large.onnx,vnnlib/resnet_large__label_51__idx_3515_global_k1024_eps_0.0039.vnnlib,100,unsat False,[[inf], [inf], [inf], [inf], [inf], [inf], [inf], [inf], [inf], [inf], [inf], [inf], [inf], [inf], [inf], [inf], [inf], [inf], [inf], [inf], [inf], [inf], [inf], [inf], [inf], [inf], [inf], [inf], [inf], [inf], [inf], [inf], [inf], [inf], [inf], [inf], [inf], [inf], [inf], [inf], [inf], [inf], [inf], [inf], [inf], [inf], [inf], [inf], [inf], [inf], [inf], [inf], [inf], [inf], [inf], [inf], [inf], [inf], [inf], [inf], [inf], [inf], [inf], [inf], [inf], [inf], [inf], [inf], [inf], [inf], [inf], [inf], [inf], [inf], [inf], [inf], [inf], [inf], [inf], [inf], [inf], [inf], [inf], [inf], [inf], [inf], [inf], [inf], [inf], [inf], [inf], [inf], [inf], [inf], [inf], [inf], [inf]],0,0.23817777633666992,16.26262354850769,4299
155,onnx/CIFAR100_resnet_large.onnx,vnnlib/resnet_large__label_51__idx_3515_fix_mask_seg0_k1024_eps_0.0039.vnnlib,100,unsat True,,,,4.396878719329834,0
156,onnx/CIFAR100_resnet_large.onnx,vnnlib/resnet_large__label_51__idx_3515_fix_nonmask_seg0_k1024_eps_0.0039.vnnlib,100,unsat True,,,,2.9765570163726807,0
157,onnx/CIFAR100_resnet_large.onnx,vnnlib/resnet_large__label_52__idx_161_global_k1024_eps_0.0039.vnnlib,100,unsat False,[[inf], [inf], [inf], [inf], [inf], [inf], [inf], [inf], [inf], [inf], [inf], [inf], [inf], [inf], [inf], [inf], [inf], [inf], [inf], [inf], [inf], [inf], [inf], [inf], [inf], [inf], [inf], [inf], [inf], [inf], [inf], [inf], [inf], [inf], [inf], [inf], [inf], [inf], [inf], [inf], [inf], [inf], [inf], [inf], [inf], [inf], [inf], [inf], [inf], [inf], [inf], [inf], [inf], [inf], [inf], [inf], [inf], [inf], [inf], [inf], [inf], [inf], [inf], [inf], [inf], [inf], [inf], [inf], [inf], [inf], [inf], [inf], [inf], [inf], [inf], [inf], [inf], [inf], [inf], [inf], [inf], [inf], [inf], [inf], [inf], [inf], [inf], [inf], [inf], [inf], [inf], [inf], [inf], [inf], [inf], [inf], [inf], [inf]],0,0.23125100135803223,13.846781253814697,3082
158,onnx/CIFAR100_resnet_large.onnx,vnnlib/resnet_large__label_52__idx_161_fix_mask_seg0_k1024_eps_0.0039.vnnlib,100,unsat True,,,,3.913957357406616,0
159,onnx/CIFAR100_resnet_large.onnx,vnnlib/resnet_large__label_52__idx_161_fix_nonmask_seg0_k1024_eps_0.0039.vnnlib,100,unsat True,,,,2.8689377307891846,0
160,onnx/CIFAR100_resnet_large.onnx,vnnlib/resnet_large__label_52__idx_2381_global_k1024_eps_0.0039.vnnlib,100,unsat False,[[inf], [inf], [inf], [inf], [inf], [inf], [inf], [inf], [inf], [inf], [inf], [inf], [inf], [inf], [inf], [inf], [inf], [inf], [inf], [inf], [inf], [inf], [inf], [inf], [inf], [inf], [inf], [inf], [inf], [inf], [inf], [inf], [inf], [inf], [inf], [inf], [inf], [inf], [inf], [inf], [inf], [inf], [inf], [inf], [inf], [inf], [inf], [inf], [inf], [inf], [inf], [inf], [inf], [inf], [inf], [inf], [inf], [inf], [inf], [inf], [inf], [inf], [inf], [inf], [inf], [inf], [inf], [inf], [inf], [inf], [inf], [inf], [inf], [inf], [inf], [inf], [inf], [inf], [inf], [inf], [inf], [inf], [inf], [inf], [inf], [inf], [inf], [inf], [inf], [inf], [inf], [inf], [inf], [inf], [inf], [inf], [inf], [inf]],0,0.16076207160949707,13.879154205322266,3536
161,onnx/CIFAR100_resnet_large.onnx,vnnlib/resnet_large__label_52__idx_2381_fix_mask_seg0_k1024_eps_0.0039.vnnlib,100,unsat True,,,,3.2141499519348145,0
162,onnx/CIFAR100_resnet_large.onnx,vnnlib/resnet_large__label_52__idx_2381_fix_nonmask_seg0_k1024_eps_0.0039.vnnlib,100,unsat True,,,,3.0802340507507324,0
163,onnx/CIFAR100_resnet_large.onnx,vnnlib/resnet_large__label_53__idx_7605_global_k1024_eps_0.0039.vnnlib,100,timeout False,[[inf], [inf], [inf], [inf], [inf], [inf], [inf], [inf], [inf], [inf], [inf], [inf], [inf], [inf], [inf], [inf], [inf], [inf], [inf], [inf], [inf], [inf], [inf], [inf], [inf], [inf], [inf], [inf], [inf], [inf], [inf], [inf], [inf], [inf], [inf], [inf], [inf], [inf], [inf], [inf], [inf], [inf], [inf], [inf], [inf], [inf], [inf], [inf], [inf], [inf], [inf], [inf], [inf], [inf], [inf], [inf], [inf], [inf], [inf], [inf], [inf], [inf], [inf], [inf], [inf], [inf], [inf], [inf], [inf], [inf], [inf], [inf], [inf], [inf], [inf], [inf], [inf], [inf], [inf], [inf], [inf], [inf], [inf], [inf], [inf], [inf], [inf], [inf], [inf], [inf], [inf], [inf], [inf], [inf], [inf], [inf], [inf]],0,0.16451311111450195,102.71507024765015,2650
164,onnx/CIFAR100_resnet_large.onnx,vnnlib/resnet_large__label_53__idx_7605_fix_mask_seg0_k1024_eps_0.0039.vnnlib,100,unsat True,,,,2.9527828693389893,0
165,onnx/CIFAR100_resnet_large.onnx,vnnlib/resnet_large__label_53__idx_7605_fix_nonmask_seg0_k1024_eps_0.0039.vnnlib,100,unsat True,,,,3.3310179710388184,0
166,onnx/CIFAR100_resnet_large.onnx,vnnlib/resnet_large__label_55__idx_1524_global_k1024_eps_0.0039.vnnlib,100,timeout False,[[inf], [inf], [inf], [inf], [inf], [inf], [inf], [inf], [inf], [inf], [inf], [inf], [inf], [inf], [inf], [inf], [inf], [inf], [inf], [inf], [inf], [inf], [inf], [inf], [inf], [inf], [inf], [inf], [inf], [inf], [inf], [inf], [inf], [inf], [inf], [inf], [inf], [inf], [inf], [inf], [inf], [inf], [inf], [inf], [inf], [inf], [inf], [inf], [inf], [inf], [inf], [inf], [inf], [inf], [inf], [inf], [inf], [inf], [inf], [inf], [inf], [inf], [inf], [inf], [inf], [inf], [inf], [inf], [inf], [inf], [inf], [inf], [inf], [0.019220829010009766], [inf], [inf], [0.07887792587280273], [inf], [inf], [inf], [inf], [inf], [inf], [inf], [inf], [inf], [inf], [inf], [inf], [inf], [inf], [inf], [inf], [inf], [inf], [inf]],0,0.16498565673828125,103.59736728668213,3324
167,onnx/CIFAR100_resnet_large.onnx,vnnlib/resnet_large__label_55__idx_1524_fix_mask_seg0_k1024_eps_0.0039.vnnlib,100,unsat True,,,,2.837473154067993,0
168,onnx/CIFAR100_resnet_large.onnx,vnnlib/resnet_large__label_55__idx_1524_fix_nonmask_seg0_k1024_eps_0.0039.vnnlib,100,unsat False,[[inf], [inf], [inf], [inf], [inf], [inf], [inf], [inf], [inf], [inf], [inf], [inf], [inf], [inf], [inf], [inf], [inf], [inf], [inf], [inf], [inf], [inf], [inf], [inf], [inf], [inf], [inf], [inf], [inf], [inf], [inf], [inf], [inf], [inf], [inf], [inf], [inf], [inf], [inf], [inf], [inf], [inf], [inf], [inf], [inf], [inf], [inf], [inf], [inf], [inf], [inf], [inf], [inf], [inf], [inf], [inf], [inf], [inf], [inf], [inf], [inf], [inf], [inf], [inf], [inf], [inf], [inf], [inf], [inf], [inf], [inf], [inf], [inf], [inf], [inf], [inf], [inf], [inf], [inf], [inf], [inf], [inf], [inf], [inf], [inf], [inf], [inf], [inf], [inf], [inf], [inf], [inf], [inf], [inf], [inf], [inf], [inf], [inf]],0,0.15500330924987793,11.863782167434692,2612
169,onnx/CIFAR100_resnet_large.onnx,vnnlib/resnet_large__label_58__idx_7923_global_k1024_eps_0.0039.vnnlib,100,timeout False,[[inf], [inf], [inf], [inf], [inf], [inf], [inf], [inf], [inf], [inf], [inf], [inf], [inf], [inf], [inf], [inf], [inf], [inf], [inf], [inf], [inf], [inf], [inf], [inf], [inf], [inf], [inf], [inf], [inf], [inf], [inf], [inf], [inf], [inf], [inf], [inf], [inf], [inf], [inf], [inf], [inf], [inf], [inf], [inf], [inf], [inf], [inf], [inf], [inf], [inf], [inf], [inf], [inf], [inf], [inf], [inf], [inf], [inf], [inf], [inf], [inf], [inf], [inf], [inf], [inf], [inf], [inf], [inf], [inf], [inf], [inf], [inf], [inf], [inf], [inf], [inf], [inf], [inf], [inf], [inf], [inf], [inf], [inf], [inf], [inf], [inf], [inf], [inf], [inf], [inf], [inf], [inf], [inf], [inf], [inf], [inf], [inf], [inf]],0,0.17396879196166992,103.92172765731812,2696
170,onnx/CIFAR100_resnet_large.onnx,vnnlib/resnet_large__label_58__idx_7923_fix_mask_seg0_k1024_eps_0.0039.vnnlib,100,unsat True,,,,3.945896625518799,0
171,onnx/CIFAR100_resnet_large.onnx,vnnlib/resnet_large__label_58__idx_7923_fix_nonmask_seg0_k1024_eps_0.0039.vnnlib,100,unsat False,[[inf], [inf], [inf], [inf], [inf], [inf], [inf], [inf], [inf], [inf], [inf], [inf], [inf], [inf], [inf], [inf], [inf], [inf], [inf], [inf], [inf], [inf], [inf], [inf], [inf], [inf], [inf], [inf], [inf], [inf], [inf], [inf], [inf], [inf], [inf], [inf], [inf], [inf], [inf], [inf], [inf], [inf], [inf], [inf], [inf], [inf], [inf], [inf], [inf], [inf], [inf], [inf], [inf], [inf], [inf], [inf], [inf], [inf], [inf], [inf], [inf], [inf], [inf], [inf], [inf], [inf], [inf], [inf], [inf], [inf], [inf], [inf], [inf], [inf], [inf], [inf], [inf], [inf], [inf], [inf], [inf], [inf], [inf], [inf], [inf], [inf], [inf], [inf], [inf], [inf], [inf], [inf], [inf], [inf], [inf], [inf], [inf], [inf]],0,0.15440702438354492,12.592041492462158,1797
172,onnx/CIFAR100_resnet_large.onnx,vnnlib/resnet_large__label_58__idx_9116_global_k1024_eps_0.0039.vnnlib,100,unsat False,[[inf], [inf], [inf], [inf], [inf], [inf], [inf], [inf], [inf], [inf], [inf], [inf], [inf], [inf], [inf], [inf], [inf], [inf], [inf], [inf], [inf], [inf], [inf], [inf], [inf], [inf], [inf], [inf], [inf], [inf], [inf], [inf], [inf], [inf], [inf], [inf], [inf], [inf], [inf], [inf], [inf], [inf], [inf], [inf], [inf], [inf], [inf], [inf], [inf], [inf], [inf], [inf], [inf], [inf], [inf], [inf], [inf], [inf], [inf], [inf], [inf], [inf], [inf], [inf], [inf], [inf], [inf], [inf], [inf], [inf], [inf], [inf], [inf], [inf], [inf], [inf], [inf], [inf], [inf], [inf], [inf], [inf], [inf], [inf], [inf], [inf], [inf], [inf], [inf], [inf], [inf], [inf], [inf], [inf], [inf], [inf], [inf], [inf]],0,0.15857481956481934,12.49096941947937,3040
173,onnx/CIFAR100_resnet_large.onnx,vnnlib/resnet_large__label_58__idx_9116_fix_mask_seg0_k1024_eps_0.0039.vnnlib,100,unsat True,,,,2.7265501022338867,0
174,onnx/CIFAR100_resnet_large.onnx,vnnlib/resnet_large__label_58__idx_9116_fix_nonmask_seg0_k1024_eps_0.0039.vnnlib,100,unsat True,,,,4.01598048210144,0
175,onnx/CIFAR100_resnet_large.onnx,vnnlib/resnet_large__label_59__idx_5602_global_k1024_eps_0.0039.vnnlib,100,unsat False,[[inf], [inf], [inf], [inf], [inf], [inf], [inf], [inf], [inf], [inf], [inf], [inf], [inf], [inf], [inf], [inf], [inf], [inf], [inf], [inf], [inf], [inf], [inf], [inf], [inf], [inf], [inf], [inf], [inf], [inf], [inf], [inf], [inf], [inf], [inf], [inf], [inf], [inf], [inf], [inf], [inf], [inf], [inf], [inf], [inf], [inf], [inf], [inf], [inf], [inf], [inf], [inf], [inf], [inf], [inf], [inf], [inf], [inf], [inf], [inf], [inf], [inf], [inf], [inf], [inf], [inf], [inf], [inf], [inf], [inf], [inf], [inf], [inf], [inf], [inf], [inf], [inf], [inf], [inf], [inf], [inf], [inf], [inf], [inf], [inf], [inf], [inf], [inf], [inf], [inf], [inf], [inf], [inf], [inf], [inf], [inf], [inf], [inf]],0,0.28757286071777344,13.98094892501831,3582
176,onnx/CIFAR100_resnet_large.onnx,vnnlib/resnet_large__label_59__idx_5602_fix_mask_seg0_k1024_eps_0.0039.vnnlib,100,unsat True,,,,3.882622718811035,0
177,onnx/CIFAR100_resnet_large.onnx,vnnlib/resnet_large__label_59__idx_5602_fix_nonmask_seg0_k1024_eps_0.0039.vnnlib,100,unsat False,[[inf], [inf], [inf], [inf], [inf], [inf], [inf], [inf], [inf], [inf], [inf], [inf], [inf], [inf], [inf], [inf], [inf], [inf], [inf], [inf], [inf], [inf], [inf], [inf], [inf], [inf], [inf], [inf], [inf], [inf], [inf], [inf], [inf], [inf], [inf], [inf], [inf], [inf], [inf], [inf], [inf], [inf], [inf], [inf], [inf], [inf], [inf], [inf], [inf], [inf], [inf], [inf], [inf], [inf], [inf], [inf], [inf], [inf], [inf], [inf], [inf], [inf], [inf], [inf], [inf], [inf], [inf], [inf], [inf], [inf], [inf], [inf], [inf], [inf], [inf], [inf], [inf], [inf], [inf], [inf], [inf], [inf], [inf], [inf], [inf], [inf], [inf], [inf], [inf], [inf], [inf], [inf], [inf], [inf], [inf], [inf], [inf], [inf]],0,0.15236687660217285,12.203224420547485,3109
178,onnx/CIFAR100_resnet_large.onnx,vnnlib/resnet_large__label_5__idx_3142_global_k1024_eps_0.0039.vnnlib,100,unsat False,[[inf], [inf], [inf], [inf], [inf], [inf], [inf], [inf], [inf], [inf], [inf], [inf], [inf], [inf], [inf], [inf], [inf], [inf], [inf], [inf], [inf], [inf], [inf], [inf], [inf], [inf], [inf], [inf], [inf], [inf], [inf], [inf], [inf], [inf], [inf], [inf], [inf], [inf], [inf], [inf], [inf], [inf], [inf], [inf], [inf], [inf], [inf], [inf], [inf], [inf], [inf], [inf], [inf], [inf], [inf], [inf], [inf], [inf], [inf], [inf], [inf], [inf], [inf], [inf], [inf], [inf], [inf], [inf], [inf], [inf], [inf], [inf], [inf], [inf], [inf], [inf], [inf], [inf], [inf], [inf], [inf], [inf], [inf], [inf], [inf], [inf], [inf], [inf], [inf], [inf], [inf], [inf], [inf], [inf], [inf], [inf], [inf], [inf]],0,0.15776276588439941,24.19978904724121,3393
179,onnx/CIFAR100_resnet_large.onnx,vnnlib/resnet_large__label_5__idx_3142_fix_mask_seg0_k1024_eps_0.0039.vnnlib,100,unsat True,,,,2.7143607139587402,0
180,onnx/CIFAR100_resnet_large.onnx,vnnlib/resnet_large__label_5__idx_3142_fix_nonmask_seg0_k1024_eps_0.0039.vnnlib,100,unsat False,[[inf], [inf], [inf], [inf], [inf], [inf], [inf], [inf], [inf], [inf], [inf], [inf], [inf], [inf], [inf], [inf], [inf], [inf], [inf], [inf], [inf], [inf], [inf], [inf], [inf], [inf], [inf], [inf], [inf], [inf], [inf], [inf], [inf], [inf], [inf], [inf], [inf], [inf], [inf], [inf], [inf], [inf], [inf], [inf], [inf], [inf], [inf], [inf], [inf], [inf], [inf], [inf], [inf], [inf], [inf], [inf], [inf], [inf], [inf], [inf], [inf], [inf], [inf], [inf], [inf], [inf], [inf], [inf], [inf], [inf], [inf], [inf], [inf], [inf], [inf], [inf], [inf], [inf], [inf], [inf], [inf], [inf], [inf], [inf], [inf], [inf], [inf], [inf], [inf], [inf], [inf], [inf], [inf], [inf], [inf], [inf], [inf], [inf]],0,0.15343976020812988,12.532098293304443,2755
181,onnx/CIFAR100_resnet_large.onnx,vnnlib/resnet_large__label_60__idx_3105_global_k1024_eps_0.0039.vnnlib,100,unsat False,[[inf], [inf], [inf], [inf], [inf], [inf], [inf], [inf], [inf], [inf], [inf], [inf], [inf], [inf], [inf], [inf], [inf], [inf], [inf], [inf], [inf], [inf], [inf], [inf], [inf], [inf], [inf], [inf], [inf], [inf], [inf], [inf], [inf], [inf], [inf], [inf], [inf], [inf], [inf], [inf], [inf], [inf], [inf], [inf], [inf], [inf], [inf], [inf], [inf], [inf], [inf], [inf], [inf], [inf], [inf], [inf], [inf], [inf], [inf], [inf], [inf], [inf], [inf], [inf], [inf], [inf], [inf], [inf], [inf], [inf], [inf], [inf], [inf], [inf], [inf], [inf], [inf], [inf], [inf], [inf], [inf], [inf], [inf], [inf], [inf], [inf], [inf], [inf], [inf], [inf], [inf], [inf], [inf], [inf], [inf], [inf], [inf], [inf]],0,0.15880513191223145,13.85892391204834,2559
182,onnx/CIFAR100_resnet_large.onnx,vnnlib/resnet_large__label_60__idx_3105_fix_mask_seg0_k1024_eps_0.0039.vnnlib,100,unsat True,,,,2.4786276817321777,0
183,onnx/CIFAR100_resnet_large.onnx,vnnlib/resnet_large__label_60__idx_3105_fix_nonmask_seg0_k1024_eps_0.0039.vnnlib,100,unsat False,[[inf], [inf], [inf], [inf], [inf], [inf], [inf], [inf], [inf], [inf], [inf], [inf], [inf], [inf], [inf], [inf], [inf], [inf], [inf], [inf], [inf], [inf], [inf], [inf], [inf], [inf], [inf], [inf], [inf], [inf], [inf], [inf], [inf], [inf], [inf], [inf], [inf], [inf], [inf], [inf], [inf], [inf], [inf], [inf], [inf], [inf], [inf], [inf], [inf], [inf], [inf], [inf], [inf], [inf], [inf], [inf], [inf], [inf], [inf], [inf], [inf], [inf], [inf], [inf], [inf], [inf], [inf], [inf], [inf], [inf], [inf], [inf], [inf], [inf], [inf], [inf], [inf], [inf], [inf], [inf], [inf], [inf], [inf], [inf], [inf], [inf], [inf], [inf], [inf], [inf], [inf], [inf], [inf], [inf], [inf], [inf], [inf], [inf]],0,0.25155186653137207,15.921287298202515,2559
184,onnx/CIFAR100_resnet_large.onnx,vnnlib/resnet_large__label_62__idx_7064_global_k1024_eps_0.0039.vnnlib,100,unsat False,[[inf], [inf], [inf], [inf], [inf], [inf], [inf], [inf], [inf], [inf], [inf], [inf], [inf], [inf], [inf], [inf], [inf], [inf], [inf], [inf], [inf], [inf], [inf], [inf], [inf], [inf], [inf], [inf], [inf], [inf], [inf], [inf], [inf], [inf], [inf], [inf], [inf], [inf], [inf], [inf], [inf], [inf], [inf], [inf], [inf], [inf], [inf], [inf], [inf], [inf], [inf], [inf], [inf], [inf], [inf], [inf], [inf], [inf], [inf], [inf], [inf], [inf], [inf], [inf], [inf], [inf], [inf], [inf], [inf], [inf], [inf], [inf], [inf], [inf], [inf], [inf], [inf], [inf], [inf], [inf], [inf], [inf], [inf], [inf], [inf], [inf], [inf], [inf], [inf], [inf], [inf], [inf], [inf], [inf], [inf], [inf]],0,0.32915568351745605,12.87851095199585,2618
185,onnx/CIFAR100_resnet_large.onnx,vnnlib/resnet_large__label_62__idx_7064_fix_mask_seg0_k1024_eps_0.0039.vnnlib,100,unsat True,,,,2.5978362560272217,0
186,onnx/CIFAR100_resnet_large.onnx,vnnlib/resnet_large__label_62__idx_7064_fix_nonmask_seg0_k1024_eps_0.0039.vnnlib,100,unsat False,[[inf], [inf], [inf], [inf], [inf], [inf], [inf], [inf], [inf], [inf], [inf], [inf], [inf], [inf], [inf], [inf], [inf], [inf], [inf], [inf], [inf], [inf], [inf], [inf], [inf], [inf], [inf], [inf], [inf], [inf], [inf], [inf], [inf], [inf], [inf], [inf], [inf], [inf], [inf], [inf], [inf], [inf], [inf], [inf], [inf], [inf], [inf], [inf], [inf], [inf], [inf], [inf], [inf], [0.023263931274414062], [inf], [inf], [inf], [inf], [inf], [inf], [inf], [inf], [inf], [inf], [inf], [inf], [inf], [inf], [inf], [inf], [inf], [inf], [inf], [inf], [inf], [inf], [inf], [inf], [inf], [inf], [inf], [inf], [inf], [inf], [inf], [inf], [inf], [inf], [inf], [inf], [inf], [inf], [inf], [inf], [inf], [inf], [inf], [inf]],0,0.15516972541809082,11.611445665359497,2348
187,onnx/CIFAR100_resnet_large.onnx,vnnlib/resnet_large__label_63__idx_2652_global_k1024_eps_0.0039.vnnlib,100,unsat True,,,,5.603644132614136,0
188,onnx/CIFAR100_resnet_large.onnx,vnnlib/resnet_large__label_63__idx_2652_fix_mask_seg0_k1024_eps_0.0039.vnnlib,100,unsat True,,,,2.8308019638061523,0
189,onnx/CIFAR100_resnet_large.onnx,vnnlib/resnet_large__label_63__idx_2652_fix_nonmask_seg0_k1024_eps_0.0039.vnnlib,100,unsat True,,,,2.811373472213745,0
190,onnx/CIFAR100_resnet_large.onnx,vnnlib/resnet_large__label_63__idx_6947_global_k1024_eps_0.0039.vnnlib,100,timeout False,[[inf], [inf], [inf], [inf], [inf], [inf], [inf], [inf], [inf], [inf], [inf], [inf], [inf], [inf], [inf], [inf], [inf], [inf], [inf], [inf], [inf], [inf], [inf], [inf], [inf], [inf], [inf], [inf], [inf], [inf], [inf], [inf], [inf], [inf], [inf], [inf], [inf], [inf], [inf], [inf], [inf], [inf], [inf], [inf], [inf], [inf], [inf], [inf], [inf], [inf], [inf], [inf], [inf], [inf], [inf], [inf], [inf], [inf], [inf], [inf], [inf], [inf], [inf], [inf], [inf], [inf], [inf], [inf], [inf], [inf], [inf], [inf], [inf], [inf], [inf], [inf], [inf], [inf], [inf], [inf], [inf], [inf], [inf], [inf], [inf], [inf], [inf], [inf], [inf], [inf], [inf], [inf], [inf], [inf], [inf], [inf], [inf]],0,0.1548628807067871,102.79834461212158,3762
191,onnx/CIFAR100_resnet_large.onnx,vnnlib/resnet_large__label_63__idx_6947_fix_mask_seg0_k1024_eps_0.0039.vnnlib,100,unsat True,,,,3.004108190536499,0
192,onnx/CIFAR100_resnet_large.onnx,vnnlib/resnet_large__label_63__idx_6947_fix_nonmask_seg0_k1024_eps_0.0039.vnnlib,100,unsat False,[[inf], [inf], [inf], [inf], [inf], [inf], [inf], [inf], [inf], [inf], [inf], [inf], [inf], [inf], [inf], [inf], [inf], [inf], [inf], [inf], [inf], [inf], [inf], [inf], [inf], [inf], [inf], [inf], [inf], [inf], [inf], [inf], [inf], [inf], [inf], [inf], [inf], [inf], [inf], [inf], [inf], [inf], [inf], [inf], [inf], [inf], [inf], [inf], [inf], [inf], [inf], [inf], [inf], [inf], [inf], [inf], [inf], [inf], [inf], [inf], [inf], [inf], [inf], [inf], [inf], [inf], [inf], [inf], [inf], [inf], [inf], [inf], [inf], [inf], [inf], [inf], [inf], [inf], [inf], [inf], [inf], [inf], [inf], [inf], [inf], [inf], [inf], [inf], [inf], [inf], [inf], [inf], [inf], [inf], [inf], [inf], [inf]],0,0.19535279273986816,13.033292770385742,2936
193,onnx/CIFAR100_resnet_large.onnx,vnnlib/resnet_large__label_64__idx_2767_global_k1024_eps_0.0039.vnnlib,100,timeout False,[[inf], [inf], [inf], [inf], [inf], [inf], [inf], [inf], [inf], [inf], [inf], [inf], [inf], [inf], [inf], [inf], [inf], [inf], [inf], [inf], [inf], [inf], [inf], [inf], [inf], [inf], [inf], [inf], [inf], [inf], [inf], [inf], [inf], [inf], [inf], [inf], [inf], [inf], [inf], [inf], [inf], [inf], [inf], [inf], [inf], [inf], [inf], [inf], [inf], [inf], [inf], [inf], [inf], [inf], [inf], [inf], [inf], [inf], [inf], [inf], [inf], [inf], [inf], [inf], [inf], [inf], [inf], [inf], [inf], [inf], [inf], [inf], [inf], [inf], [inf], [inf], [inf], [inf], [inf], [inf], [inf], [inf], [inf], [inf], [inf], [inf], [inf], [inf], [inf], [inf], [inf], [inf], [inf], [inf], [inf], [inf]],0,0.15455865859985352,101.61420726776123,2530
194,onnx/CIFAR100_resnet_large.onnx,vnnlib/resnet_large__label_64__idx_2767_fix_mask_seg0_k1024_eps_0.0039.vnnlib,100,unsat True,,,,2.762723207473755,0
195,onnx/CIFAR100_resnet_large.onnx,vnnlib/resnet_large__label_64__idx_2767_fix_nonmask_seg0_k1024_eps_0.0039.vnnlib,100,unsat False,[[inf], [inf], [inf], [inf], [inf], [inf], [inf], [inf], [inf], [inf], [inf], [inf], [inf], [inf], [inf], [inf], [inf], [inf], [inf], [inf], [inf], [inf], [0.1955699920654297], [inf], [inf], [inf], [inf], [inf], [inf], [inf], [inf], [inf], [inf], [inf], [inf], [inf], [inf], [inf], [inf], [inf], [inf], [inf], [0.03660917282104492], [inf], [inf], [inf], [inf], [inf], [inf], [inf], [inf], [inf], [inf], [inf], [inf], [inf], [inf], [inf], [inf], [inf], [inf], [inf], [inf], [inf], [inf], [inf], [inf], [inf], [inf], [inf], [inf], [inf], [inf], [inf], [inf], [inf], [inf], [inf], [inf], [inf], [inf], [inf], [inf], [inf], [inf], [inf], [inf], [inf], [inf], [inf], [inf], [inf], [inf], [inf], [inf], [inf], [inf], [inf]],0,0.29029011726379395,58.291539669036865,2193
196,onnx/CIFAR100_resnet_large.onnx,vnnlib/resnet_large__label_66__idx_5883_global_k1024_eps_0.0039.vnnlib,100,timeout False,[[inf], [inf], [inf], [0.31355929374694824], [inf], [inf], [inf], [inf], [inf], [inf], [inf], [inf], [inf], [inf], [inf], [inf], [inf], [inf], [inf], [inf], [inf], [inf], [inf], [inf], [inf], [inf], [inf], [inf], [inf], [inf], [inf], [inf], [inf], [inf], [inf], [inf], [inf], [inf], [inf], [inf], [inf], [inf], [inf], [inf], [inf], [inf], [inf], [inf], [inf], [inf], [inf], [inf], [inf], [inf], [inf], [inf], [inf], [inf], [inf], [inf], [inf], [inf], [inf], [inf], [inf], [inf], [inf], [inf], [inf], [0.3181571960449219], [inf], [inf], [inf], [inf], [inf], [inf], [inf], [inf], [inf], [inf], [inf], [inf], [inf], [inf], [inf], [inf], [inf], [inf], [inf], [inf]],0,0.24989986419677734,101.76750159263611,4596
197,onnx/CIFAR100_resnet_large.onnx,vnnlib/resnet_large__label_66__idx_5883_fix_mask_seg0_k1024_eps_0.0039.vnnlib,100,unsat True,,,,3.5682168006896973,0
198,onnx/CIFAR100_resnet_large.onnx,vnnlib/resnet_large__label_66__idx_5883_fix_nonmask_seg0_k1024_eps_0.0039.vnnlib,100,unsat False,[[inf], [inf], [inf], [inf], [inf], [inf], [inf], [inf], [inf], [inf], [inf], [inf], [inf], [inf], [inf], [inf], [inf], [inf], [inf], [inf], [inf], [inf], [inf], [inf], [inf], [inf], [inf], [inf], [inf], [inf], [inf], [inf], [inf], [inf], [inf], [inf], [inf], [inf], [inf], [inf], [inf], [inf], [inf], [inf], [inf], [inf], [inf], [inf], [inf], [inf], [inf], [inf], [inf], [inf], [inf], [inf], [inf], [inf], [inf], [inf], [inf], [inf], [inf], [inf], [inf], [inf], [inf], [inf], [inf], [inf], [inf], [inf], [inf], [inf], [inf], [inf], [inf], [inf], [inf], [inf], [inf], [inf], [inf], [inf], [inf], [inf], [inf], [inf], [inf], [inf], [inf], [inf], [inf], [inf]],0,0.1571037769317627,55.831191539764404,3572
199,onnx/CIFAR100_resnet_large.onnx,vnnlib/resnet_large__label_66__idx_9469_global_k1024_eps_0.0039.vnnlib,100,unsat False,[[inf], [inf], [inf], [inf], [inf], [inf], [inf], [inf], [inf], [inf], [inf], [inf], [inf], [inf], [inf], [inf], [inf], [inf], [inf], [inf], [inf], [inf], [inf], [inf], [inf], [inf], [inf], [inf], [inf], [inf], [inf], [inf], [inf], [inf], [inf], [inf], [inf], [inf], [inf], [inf], [inf], [inf], [inf], [inf], [inf], [inf], [inf], [inf], [inf], [inf], [inf], [inf], [inf], [inf], [inf], [inf], [inf], [inf], [inf], [inf], [inf], [inf], [inf], [inf], [inf], [inf], [inf], [inf], [inf], [inf], [inf], [inf], [inf], [inf], [inf], [inf], [inf], [inf], [inf], [inf], [inf], [inf], [inf], [inf], [inf], [inf], [inf], [inf], [inf], [inf], [inf], [inf], [inf], [inf], [inf], [inf], [inf], [inf]],0,0.15404248237609863,16.744330406188965,3271
200,onnx/CIFAR100_resnet_large.onnx,vnnlib/resnet_large__label_66__idx_9469_fix_mask_seg0_k1024_eps_0.0039.vnnlib,100,unsat True,,,,2.6779873371124268,0
201,onnx/CIFAR100_resnet_large.onnx,vnnlib/resnet_large__label_66__idx_9469_fix_nonmask_seg0_k1024_eps_0.0039.vnnlib,100,unsat False,[[inf], [inf], [inf], [inf], [inf], [inf], [inf], [inf], [inf], [inf], [inf], [inf], [inf], [inf], [inf], [inf], [inf], [inf], [inf], [inf], [inf], [inf], [inf], [inf], [inf], [inf], [inf], [inf], [inf], [inf], [inf], [inf], [inf], [inf], [inf], [inf], [inf], [inf], [inf], [inf], [inf], [inf], [inf], [inf], [inf], [inf], [inf], [inf], [inf], [inf], [inf], [inf], [inf], [inf], [inf], [inf], [inf], [inf], [inf], [inf], [inf], [inf], [inf], [inf], [inf], [inf], [inf], [inf], [inf], [inf], [inf], [inf], [inf], [inf], [inf], [inf], [inf], [inf], [inf], [inf], [inf], [inf], [inf], [inf], [inf], [inf], [inf], [inf], [inf], [inf], [inf], [inf], [inf], [inf], [inf], [inf], [inf], [inf]],0,0.2874107360839844,11.91306471824646,2784
202,onnx/CIFAR100_resnet_large.onnx,vnnlib/resnet_large__label_68__idx_2485_global_k1024_eps_0.0039.vnnlib,100,unsat True,,,,6.80201530456543,0
203,onnx/CIFAR100_resnet_large.onnx,vnnlib/resnet_large__label_68__idx_2485_fix_mask_seg0_k1024_eps_0.0039.vnnlib,100,unsat True,,,,4.142620801925659,0
204,onnx/CIFAR100_resnet_large.onnx,vnnlib/resnet_large__label_68__idx_2485_fix_nonmask_seg0_k1024_eps_0.0039.vnnlib,100,unsat True,,,,3.707141637802124,0
205,onnx/CIFAR100_resnet_large.onnx,vnnlib/resnet_large__label_68__idx_918_global_k1024_eps_0.0039.vnnlib,100,unsat False,[[inf], [inf], [inf], [inf], [inf], [inf], [inf], [inf], [inf], [inf], [inf], [inf], [inf], [inf], [inf], [inf], [inf], [inf], [inf], [inf], [inf], [inf], [inf], [inf], [inf], [inf], [inf], [inf], [inf], [inf], [inf], [inf], [inf], [inf], [inf], [inf], [inf], [inf], [inf], [inf], [inf], [inf], [inf], [inf], [inf], [inf], [inf], [inf], [inf], [inf], [inf], [inf], [inf], [inf], [inf], [inf], [inf], [inf], [inf], [inf], [inf], [inf], [inf], [inf], [inf], [inf], [inf], [inf], [inf], [inf], [inf], [inf], [inf], [inf], [inf], [inf], [inf], [inf], [inf], [inf], [inf], [inf], [inf], [inf], [inf], [inf], [inf], [inf], [inf], [inf], [inf], [inf], [inf], [inf], [inf], [inf]],0,0.16200470924377441,16.87891960144043,3730
206,onnx/CIFAR100_resnet_large.onnx,vnnlib/resnet_large__label_68__idx_918_fix_mask_seg0_k1024_eps_0.0039.vnnlib,100,unsat True,,,,2.8544347286224365,0
207,onnx/CIFAR100_resnet_large.onnx,vnnlib/resnet_large__label_68__idx_918_fix_nonmask_seg0_k1024_eps_0.0039.vnnlib,100,unsat False,[[inf], [inf], [inf], [inf], [inf], [inf], [inf], [inf], [inf], [inf], [inf], [inf], [inf], [inf], [inf], [inf], [inf], [inf], [inf], [inf], [inf], [inf], [inf], [inf], [inf], [inf], [inf], [inf], [inf], [inf], [inf], [inf], [inf], [inf], [inf], [inf], [inf], [inf], [inf], [inf], [inf], [inf], [inf], [inf], [inf], [inf], [inf], [inf], [inf], [inf], [inf], [inf], [inf], [inf], [inf], [inf], [inf], [inf], [inf], [inf], [inf], [inf], [inf], [inf], [inf], [inf], [0.0069675445556640625], [inf], [inf], [inf], [inf], [inf], [inf], [inf], [inf], [inf], [inf], [inf], [inf], [inf], [inf], [inf], [inf], [inf], [inf], [inf], [inf], [inf], [inf], [inf], [inf], [inf], [inf], [inf], [inf], [inf], [inf]],0,0.23145222663879395,13.87500262260437,3490
208,onnx/CIFAR100_resnet_large.onnx,vnnlib/resnet_large__label_71__idx_4338_global_k1024_eps_0.0039.vnnlib,100,timeout False,[[inf], [inf], [inf], [inf], [inf], [inf], [inf], [inf], [inf], [inf], [inf], [inf], [inf], [inf], [inf], [inf], [inf], [inf], [inf], [inf], [inf], [inf], [inf], [inf], [inf], [inf], [inf], [inf], [inf], [inf], [inf], [inf], [inf], [inf], [inf], [inf], [inf], [inf], [inf], [inf], [inf], [inf], [inf], [inf], [inf], [inf], [inf], [inf], [inf], [inf], [inf], [inf], [inf], [inf], [inf], [inf], [inf], [inf], [inf], [inf], [inf], [inf], [inf], [inf], [inf], [inf], [inf], [inf], [inf], [inf], [inf], [inf], [inf], [inf], [inf], [inf], [inf], [inf], [inf], [inf], [inf], [inf], [inf], [inf], [inf], [inf], [inf], [inf], [inf], [inf], [inf], [inf], [inf], [inf], [inf], [inf], [inf], [inf]],0,0.15334010124206543,103.90387225151062,2343
209,onnx/CIFAR100_resnet_large.onnx,vnnlib/resnet_large__label_71__idx_4338_fix_mask_seg0_k1024_eps_0.0039.vnnlib,100,unsat True,,,,3.569410562515259,0
210,onnx/CIFAR100_resnet_large.onnx,vnnlib/resnet_large__label_71__idx_4338_fix_nonmask_seg0_k1024_eps_0.0039.vnnlib,100,timeout False,[[inf], [inf], [inf], [inf], [inf], [inf], [inf], [inf], [inf], [inf], [inf], [inf], [inf], [inf], [inf], [inf], [inf], [inf], [inf], [inf], [inf], [inf], [inf], [inf], [inf], [inf], [inf], [inf], [inf], [inf], [inf], [inf], [inf], [inf], [inf], [inf], [inf], [inf], [inf], [inf], [inf], [inf], [inf], [inf], [inf], [inf], [inf], [inf], [inf], [inf], [inf], [inf], [inf], [inf], [inf], [inf], [inf], [inf], [inf], [inf], [inf], [inf], [inf], [inf], [inf], [inf], [inf], [inf], [inf], [inf], [inf], [inf], [inf], [inf], [inf], [inf], [inf], [inf], [inf], [inf], [inf], [inf], [inf], [inf], [inf], [inf], [inf], [inf], [inf], [inf], [inf], [inf], [inf], [inf], [inf], [inf], [inf], [inf]],0,0.15592122077941895,104.95618748664856,2343
211,onnx/CIFAR100_resnet_large.onnx,vnnlib/resnet_large__label_76__idx_33_global_k1024_eps_0.0039.vnnlib,100,unsat False,[[inf], [inf], [inf], [inf], [inf], [inf], [inf], [inf], [inf], [inf], [inf], [inf], [inf], [inf], [inf], [inf], [inf], [inf], [inf], [inf], [inf], [inf], [inf], [inf], [inf], [inf], [inf], [inf], [inf], [inf], [inf], [inf], [inf], [inf], [inf], [inf], [inf], [inf], [inf], [inf], [inf], [inf], [inf], [inf], [inf], [inf], [inf], [inf], [inf], [inf], [inf], [inf], [inf], [inf], [inf], [inf], [inf], [inf], [inf], [inf], [inf], [inf], [inf], [inf], [inf], [inf], [inf], [inf], [inf], [inf], [inf], [inf], [inf], [inf], [inf], [inf], [inf], [inf], [inf], [inf], [inf], [inf], [inf], [inf], [inf], [inf], [inf], [inf], [inf], [inf], [inf], [inf], [inf], [inf], [inf], [inf], [inf], [inf]],0,0.2084205150604248,17.51922369003296,2633
212,onnx/CIFAR100_resnet_large.onnx,vnnlib/resnet_large__label_76__idx_33_fix_mask_seg0_k1024_eps_0.0039.vnnlib,100,unsat True,,,,4.076122283935547,0
213,onnx/CIFAR100_resnet_large.onnx,vnnlib/resnet_large__label_76__idx_33_fix_nonmask_seg0_k1024_eps_0.0039.vnnlib,100,unsat True,,,,7.6547980308532715,0
214,onnx/CIFAR100_resnet_large.onnx,vnnlib/resnet_large__label_76__idx_3657_global_k1024_eps_0.0039.vnnlib,100,unsat True,,,,6.893697261810303,0
215,onnx/CIFAR100_resnet_large.onnx,vnnlib/resnet_large__label_76__idx_3657_fix_mask_seg0_k1024_eps_0.0039.vnnlib,100,unsat True,,,,2.6610684394836426,0
216,onnx/CIFAR100_resnet_large.onnx,vnnlib/resnet_large__label_76__idx_3657_fix_nonmask_seg0_k1024_eps_0.0039.vnnlib,100,unsat True,,,,4.701460123062134,0
217,onnx/CIFAR100_resnet_large.onnx,vnnlib/resnet_large__label_77__idx_8915_global_k1024_eps_0.0039.vnnlib,100,unsat False,[[inf], [inf], [inf], [inf], [0.2819511890411377], [inf], [inf], [inf], [inf], [inf], [inf], [inf], [inf], [inf], [inf], [inf], [inf], [inf], [inf], [inf], [inf], [inf], [inf], [inf], [inf], [inf], [inf], [inf], [inf], [inf], [inf], [inf], [inf], [inf], [inf], [inf], [inf], [inf], [inf], [inf], [inf], [inf], [inf], [inf], [inf], [inf], [inf], [inf], [inf], [inf], [inf], [inf], [inf], [inf], [inf], [inf], [inf], [inf], [inf], [inf], [inf], [inf], [inf], [inf], [inf], [inf], [inf], [inf], [inf], [inf], [inf], [inf], [0.19933271408081055], [inf], [inf], [inf], [inf], [inf], [inf], [inf], [inf], [inf], [inf], [inf], [inf], [inf], [inf], [inf], [inf], [inf], [inf], [inf], [inf], [inf], [inf], [inf]],0,0.22221636772155762,16.844674825668335,4359
218,onnx/CIFAR100_resnet_large.onnx,vnnlib/resnet_large__label_77__idx_8915_fix_mask_seg0_k1024_eps_0.0039.vnnlib,100,unsat True,,,,4.179360628128052,0
219,onnx/CIFAR100_resnet_large.onnx,vnnlib/resnet_large__label_77__idx_8915_fix_nonmask_seg0_k1024_eps_0.0039.vnnlib,100,unsat False,[[inf], [inf], [inf], [inf], [inf], [inf], [inf], [inf], [inf], [inf], [inf], [inf], [inf], [inf], [inf], [inf], [inf], [inf], [inf], [inf], [inf], [inf], [inf], [inf], [inf], [inf], [inf], [inf], [inf], [inf], [inf], [inf], [inf], [inf], [inf], [inf], [inf], [inf], [inf], [inf], [inf], [inf], [inf], [inf], [inf], [inf], [inf], [inf], [inf], [inf], [inf], [inf], [inf], [inf], [inf], [inf], [inf], [inf], [inf], [inf], [inf], [inf], [inf], [inf], [inf], [inf], [inf], [inf], [inf], [inf], [inf], [inf], [0.2410140037536621], [inf], [inf], [inf], [inf], [inf], [inf], [inf], [inf], [inf], [inf], [inf], [inf], [inf], [inf], [inf], [inf], [inf], [inf], [inf], [inf], [inf], [inf], [inf]],0,0.16026043891906738,15.141802310943604,4239
220,onnx/CIFAR100_resnet_large.onnx,vnnlib/resnet_large__label_78__idx_5742_global_k1024_eps_0.0039.vnnlib,100,timeout False,[[inf], [inf], [inf], [inf], [inf], [inf], [inf], [inf], [inf], [inf], [inf], [inf], [inf], [inf], [inf], [inf], [inf], [inf], [inf], [inf], [inf], [inf], [inf], [inf], [inf], [inf], [inf], [inf], [inf], [inf], [inf], [inf], [inf], [inf], [inf], [inf], [inf], [inf], [inf], [inf], [inf], [inf], [inf], [inf], [inf], [inf], [inf], [inf], [inf], [inf], [inf], [inf], [inf], [inf], [inf], [inf], [inf], [inf], [inf], [inf], [inf], [inf], [inf], [inf], [inf], [inf], [inf], [inf], [inf], [inf], [inf], [inf], [inf], [inf], [inf], [inf], [inf], [inf], [inf], [inf], [inf], [inf], [inf], [inf], [inf], [inf], [inf], [inf], [inf], [inf], [inf], [inf], [inf], [inf], [inf], [inf], [inf], [inf]],0,0.15316534042358398,101.84617280960083,3982
221,onnx/CIFAR100_resnet_large.onnx,vnnlib/resnet_large__label_78__idx_5742_fix_mask_seg0_k1024_eps_0.0039.vnnlib,100,unsat True,,,,3.2412211894989014,0
222,onnx/CIFAR100_resnet_large.onnx,vnnlib/resnet_large__label_78__idx_5742_fix_nonmask_seg0_k1024_eps_0.0039.vnnlib,100,unsat False,[[inf], [inf], [inf], [inf], [inf], [inf], [inf], [inf], [inf], [inf], [inf], [inf], [inf], [inf], [inf], [inf], [inf], [inf], [inf], [inf], [inf], [inf], [inf], [inf], [inf], [inf], [inf], [inf], [inf], [inf], [inf], [inf], [inf], [inf], [inf], [inf], [inf], [inf], [inf], [inf], [inf], [inf], [inf], [inf], [inf], [inf], [inf], [inf], [inf], [inf], [inf], [inf], [inf], [inf], [inf], [inf], [inf], [inf], [inf], [inf], [inf], [inf], [inf], [inf], [inf], [inf], [inf], [inf], [inf], [inf], [inf], [inf], [inf], [inf], [inf], [inf], [inf], [inf], [inf], [inf], [inf], [inf], [inf], [inf], [inf], [inf], [inf], [inf], [inf], [inf], [inf], [inf], [inf], [inf], [inf], [inf], [inf], [inf]],0,0.15754318237304688,12.410340070724487,2744
223,onnx/CIFAR100_resnet_large.onnx,vnnlib/resnet_large__label_78__idx_7980_global_k1024_eps_0.0039.vnnlib,100,unsat False,[[inf], [inf], [inf], [inf], [inf], [inf], [inf], [inf], [inf], [inf], [inf], [inf], [inf], [inf], [inf], [inf], [inf], [inf], [inf], [inf], [inf], [inf], [inf], [inf], [inf], [inf], [inf], [inf], [inf], [inf], [inf], [inf], [inf], [inf], [inf], [inf], [inf], [inf], [inf], [inf], [inf], [inf], [inf], [inf], [inf], [inf], [inf], [inf], [inf], [inf], [inf], [inf], [inf], [inf], [inf], [inf], [inf], [inf], [inf], [inf], [inf], [inf], [inf], [inf], [inf], [inf], [inf], [inf], [inf], [inf], [inf], [inf], [inf], [inf], [inf], [inf], [inf], [inf], [inf], [inf], [inf], [inf], [inf], [inf], [inf], [inf], [inf], [inf], [inf], [inf], [inf], [inf], [inf], [inf], [inf], [inf], [inf], [inf]],0,0.23431754112243652,77.4475998878479,4469
224,onnx/CIFAR100_resnet_large.onnx,vnnlib/resnet_large__label_78__idx_7980_fix_mask_seg0_k1024_eps_0.0039.vnnlib,100,unsat True,,,,2.679169178009033,0
225,onnx/CIFAR100_resnet_large.onnx,vnnlib/resnet_large__label_78__idx_7980_fix_nonmask_seg0_k1024_eps_0.0039.vnnlib,100,unsat False,[[inf], [inf], [inf], [inf], [inf], [inf], [inf], [inf], [inf], [inf], [inf], [inf], [inf], [inf], [inf], [inf], [inf], [inf], [inf], [inf], [inf], [inf], [inf], [inf], [inf], [inf], [inf], [inf], [inf], [inf], [inf], [inf], [inf], [inf], [inf], [inf], [inf], [inf], [inf], [inf], [inf], [inf], [inf], [inf], [inf], [inf], [inf], [inf], [inf], [inf], [inf], [inf], [inf], [inf], [inf], [inf], [inf], [inf], [inf], [inf], [inf], [inf], [inf], [inf], [inf], [inf], [inf], [inf], [inf], [inf], [inf], [inf], [inf], [inf], [inf], [inf], [inf], [inf], [inf], [inf], [inf], [inf], [inf], [inf], [inf], [inf], [inf], [inf], [inf], [inf], [inf], [inf], [inf], [inf], [inf], [inf], [inf], [inf]],0,0.1581740379333496,12.20064115524292,3516
226,onnx/CIFAR100_resnet_large.onnx,vnnlib/resnet_large__label_80__idx_3620_global_k1024_eps_0.0039.vnnlib,100,timeout False,[[inf], [inf], [inf], [inf], [inf], [inf], [inf], [inf], [inf], [inf], [inf], [inf], [inf], [inf], [inf], [inf], [inf], [inf], [inf], [inf], [inf], [inf], [inf], [inf], [inf], [inf], [inf], [inf], [inf], [inf], [inf], [inf], [inf], [inf], [inf], [inf], [inf], [inf], [inf], [inf], [inf], [inf], [inf], [inf], [inf], [inf], [inf], [inf], [inf], [inf], [inf], [inf], [inf], [inf], [inf], [inf], [inf], [inf], [inf], [inf], [inf], [inf], [inf], [inf], [inf], [inf], [inf], [inf], [inf], [inf], [inf], [inf], [inf], [inf], [inf], [inf], [inf], [inf], [inf], [inf], [inf], [inf], [inf], [inf], [inf], [inf], [inf], [inf], [inf], [inf], [inf], [inf], [inf]],0,0.25374507904052734,102.17911219596863,3293
227,onnx/CIFAR100_resnet_large.onnx,vnnlib/resnet_large__label_80__idx_3620_fix_mask_seg0_k1024_eps_0.0039.vnnlib,100,unsat True,,,,2.6868889331817627,0
228,onnx/CIFAR100_resnet_large.onnx,vnnlib/resnet_large__label_80__idx_3620_fix_nonmask_seg0_k1024_eps_0.0039.vnnlib,100,unsat False,[[inf], [inf], [inf], [inf], [inf], [inf], [inf], [inf], [0.018936634063720703], [inf], [inf], [inf], [inf], [inf], [inf], [inf], [inf], [inf], [inf], [inf], [inf], [inf], [inf], [inf], [inf], [inf], [inf], [inf], [inf], [inf], [inf], [inf], [inf], [inf], [0.04708719253540039], [inf], [inf], [inf], [inf], [inf], [inf], [0.057700157165527344], [inf], [inf], [inf], [inf], [inf], [inf], [inf], [inf], [inf], [inf], [inf], [inf], [inf], [inf], [inf], [inf], [inf], [inf], [inf], [inf], [0.0235559344291687], [inf], [inf], [inf], [inf], [inf], [inf], [inf], [inf], [inf], [inf], [inf], [inf], [inf], [inf], [inf], [inf], [inf], [inf], [inf], [inf], [inf], [inf], [inf], [inf], [inf], [inf], [inf], [inf], [inf], [inf], [inf], [inf], [inf], [inf]],0,0.15426325798034668,66.76251602172852,2896
229,onnx/CIFAR100_resnet_large.onnx,vnnlib/resnet_large__label_81__idx_134_global_k1024_eps_0.0039.vnnlib,100,unsat False,[[inf], [inf], [inf], [inf], [inf], [inf], [inf], [inf], [inf], [inf], [inf], [inf], [inf], [inf], [inf], [inf], [inf], [inf], [inf], [inf], [inf], [inf], [inf], [inf], [inf], [inf], [inf], [inf], [inf], [inf], [inf], [inf], [inf], [inf], [inf], [inf], [inf], [inf], [inf], [inf], [0.18394851684570312], [inf], [inf], [inf], [inf], [inf], [inf], [inf], [inf], [inf], [inf], [inf], [inf], [inf], [inf], [inf], [inf], [inf], [inf], [inf], [inf], [inf], [inf], [inf], [inf], [inf], [inf], [inf], [inf], [inf], [inf], [inf], [inf], [inf], [inf], [inf], [inf], [inf], [inf], [inf], [inf], [inf], [inf], [inf], [inf], [0.20771455764770508], [inf], [inf], [inf], [inf], [inf], [inf], [inf], [inf], [inf], [inf], [inf]],0,0.16407012939453125,20.396321058273315,3634
230,onnx/CIFAR100_resnet_large.onnx,vnnlib/resnet_large__label_81__idx_134_fix_mask_seg0_k1024_eps_0.0039.vnnlib,100,unsat True,,,,2.9983341693878174,0
231,onnx/CIFAR100_resnet_large.onnx,vnnlib/resnet_large__label_81__idx_134_fix_nonmask_seg0_k1024_eps_0.0039.vnnlib,100,unsat False,[[inf], [inf], [inf], [inf], [inf], [inf], [inf], [inf], [inf], [inf], [inf], [inf], [inf], [inf], [inf], [inf], [inf], [inf], [inf], [inf], [inf], [inf], [inf], [inf], [inf], [inf], [inf], [inf], [inf], [inf], [inf], [inf], [inf], [inf], [inf], [inf], [inf], [inf], [inf], [inf], [inf], [inf], [inf], [inf], [inf], [inf], [inf], [inf], [inf], [inf], [inf], [inf], [inf], [inf], [inf], [inf], [inf], [inf], [inf], [inf], [inf], [inf], [inf], [inf], [inf], [inf], [inf], [inf], [inf], [inf], [inf], [inf], [inf], [inf], [inf], [inf], [inf], [inf], [inf], [inf], [inf], [inf], [inf], [inf], [inf], [inf], [inf], [inf], [inf], [inf], [inf], [inf], [inf], [inf], [inf], [inf], [inf], [inf]],0,0.15481925010681152,11.942280530929565,2686
232,onnx/CIFAR100_resnet_large.onnx,vnnlib/resnet_large__label_81__idx_3388_global_k1024_eps_0.0039.vnnlib,100,timeout False,[[inf], [inf], [inf], [inf], [inf], [inf], [inf], [inf], [inf], [inf], [inf], [inf], [inf], [inf], [inf], [inf], [inf], [inf], [inf], [inf], [inf], [inf], [inf], [inf], [inf], [inf], [inf], [inf], [inf], [inf], [inf], [inf], [inf], [inf], [inf], [inf], [inf], [inf], [inf], [inf], [inf], [inf], [inf], [inf], [inf], [inf], [inf], [inf], [0.12307882308959961], [inf], [inf], [inf], [inf], [inf], [inf], [inf], [inf], [inf], [inf], [inf], [inf], [inf], [inf], [inf], [inf], [inf], [inf], [inf], [inf], [inf], [inf], [inf], [inf], [inf], [inf], [inf], [inf], [inf], [inf], [inf], [inf], [inf], [inf], [inf], [inf], [inf], [inf], [inf], [inf], [inf], [inf], [inf], [inf], [inf], [inf], [inf], [inf], [inf]],0,0.1661064624786377,103.35443043708801,3782
233,onnx/CIFAR100_resnet_large.onnx,vnnlib/resnet_large__label_81__idx_3388_fix_mask_seg0_k1024_eps_0.0039.vnnlib,100,unsat True,,,,2.822704553604126,0
234,onnx/CIFAR100_resnet_large.onnx,vnnlib/resnet_large__label_81__idx_3388_fix_nonmask_seg0_k1024_eps_0.0039.vnnlib,100,timeout False,[[inf], [inf], [inf], [inf], [inf], [inf], [inf], [inf], [inf], [inf], [inf], [inf], [inf], [inf], [inf], [inf], [inf], [inf], [inf], [inf], [inf], [inf], [inf], [inf], [inf], [inf], [inf], [inf], [inf], [inf], [inf], [inf], [inf], [inf], [inf], [inf], [inf], [inf], [inf], [inf], [inf], [inf], [inf], [inf], [inf], [inf], [inf], [inf], [inf], [inf], [inf], [inf], [inf], [inf], [inf], [inf], [inf], [inf], [inf], [inf], [inf], [inf], [inf], [inf], [inf], [inf], [inf], [inf], [inf], [inf], [inf], [inf], [inf], [inf], [inf], [inf], [inf], [inf], [inf], [inf], [inf], [inf], [inf], [inf], [inf], [inf], [inf], [inf], [inf], [inf], [inf], [inf], [inf], [inf], [inf], [inf], [inf], [inf]],0,0.1552269458770752,103.81062436103821,2805
235,onnx/CIFAR100_resnet_large.onnx,vnnlib/resnet_large__label_81__idx_5803_global_k1024_eps_0.0039.vnnlib,100,unsat False,[[inf], [inf], [inf], [inf], [inf], [inf], [inf], [inf], [inf], [inf], [inf], [inf], [inf], [inf], [inf], [inf], [inf], [inf], [inf], [inf], [inf], [inf], [inf], [inf], [inf], [inf], [inf], [inf], [inf], [inf], [inf], [inf], [inf], [inf], [inf], [inf], [inf], [inf], [inf], [inf], [inf], [inf], [inf], [inf], [inf], [inf], [inf], [inf], [inf], [inf], [inf], [inf], [inf], [inf], [inf], [inf], [inf], [inf], [inf], [inf], [inf], [inf], [inf], [inf], [inf], [inf], [inf], [inf], [inf], [inf], [inf], [inf], [inf], [inf], [inf], [inf], [inf], [inf], [inf], [inf], [inf], [inf], [inf], [inf], [inf], [inf], [inf], [inf], [inf], [inf], [inf], [inf], [inf], [inf], [inf], [inf], [inf]],0,0.15322208404541016,14.195585489273071,2655
236,onnx/CIFAR100_resnet_large.onnx,vnnlib/resnet_large__label_81__idx_5803_fix_mask_seg0_k1024_eps_0.0039.vnnlib,100,unsat True,,,,3.0467147827148438,0
237,onnx/CIFAR100_resnet_large.onnx,vnnlib/resnet_large__label_81__idx_5803_fix_nonmask_seg0_k1024_eps_0.0039.vnnlib,100,unsat True,,,,6.140233278274536,0
238,onnx/CIFAR100_resnet_large.onnx,vnnlib/resnet_large__label_81__idx_9853_global_k1024_eps_0.0039.vnnlib,100,timeout False,[[inf], [inf], [inf], [inf], [inf], [inf], [inf], [inf], [inf], [inf], [inf], [inf], [inf], [inf], [inf], [inf], [inf], [inf], [inf], [inf], [inf], [inf], [inf], [inf], [inf], [inf], [inf], [inf], [inf], [inf], [inf], [inf], [inf], [inf], [inf], [inf], [inf], [inf], [inf], [inf], [inf], [inf], [inf], [inf], [inf], [inf], [inf], [inf], [inf], [inf], [inf], [inf], [inf], [inf], [inf], [inf], [inf], [inf], [inf], [inf], [inf], [inf], [inf], [inf], [inf], [inf], [inf], [inf], [inf], [inf], [inf], [inf], [inf], [inf], [inf], [inf], [inf], [inf], [inf], [inf], [inf], [inf], [inf], [inf], [inf], [inf], [inf], [inf], [inf], [inf], [inf], [inf], [inf], [inf], [inf], [inf]],0,0.16072988510131836,101.51435613632202,3629
239,onnx/CIFAR100_resnet_large.onnx,vnnlib/resnet_large__label_81__idx_9853_fix_mask_seg0_k1024_eps_0.0039.vnnlib,100,unsat True,,,,3.5082461833953857,0
240,onnx/CIFAR100_resnet_large.onnx,vnnlib/resnet_large__label_81__idx_9853_fix_nonmask_seg0_k1024_eps_0.0039.vnnlib,100,timeout False,[[inf], [inf], [inf], [inf], [inf], [inf], [inf], [inf], [inf], [inf], [inf], [inf], [inf], [inf], [inf], [inf], [inf], [inf], [inf], [inf], [inf], [inf], [inf], [inf], [inf], [inf], [inf], [inf], [inf], [inf], [inf], [inf], [inf], [inf], [inf], [inf], [inf], [inf], [inf], [inf], [inf], [inf], [inf], [inf], [inf], [inf], [inf], [inf], [inf], [inf], [inf], [inf], [inf], [inf], [inf], [inf], [inf], [inf], [inf], [inf], [inf], [inf], [inf], [inf], [inf], [inf], [inf], [inf], [inf], [inf], [inf], [inf], [inf], [inf], [inf], [inf], [inf], [inf], [inf], [inf], [inf], [inf], [inf], [inf], [inf], [inf], [inf], [inf], [inf], [inf], [inf], [inf], [inf], [inf], [inf], [inf]],0,0.15430760383605957,101.62481021881104,3216
241,onnx/CIFAR100_resnet_large.onnx,vnnlib/resnet_large__label_82__idx_8354_global_k1024_eps_0.0039.vnnlib,100,unsat True,,,,2.86135196685791,0
242,onnx/CIFAR100_resnet_large.onnx,vnnlib/resnet_large__label_82__idx_8354_fix_mask_seg0_k1024_eps_0.0039.vnnlib,100,unsat True,,,,2.790903329849243,0
243,onnx/CIFAR100_resnet_large.onnx,vnnlib/resnet_large__label_82__idx_8354_fix_nonmask_seg0_k1024_eps_0.0039.vnnlib,100,unsat True,,,,3.8257079124450684,0
244,onnx/CIFAR100_resnet_large.onnx,vnnlib/resnet_large__label_83__idx_7948_global_k1024_eps_0.0039.vnnlib,100,timeout False,[[inf], [inf], [inf], [inf], [inf], [inf], [inf], [inf], [inf], [inf], [inf], [inf], [inf], [inf], [inf], [inf], [inf], [inf], [inf], [inf], [inf], [inf], [inf], [inf], [inf], [inf], [inf], [inf], [inf], [inf], [inf], [inf], [inf], [inf], [inf], [inf], [inf], [inf], [inf], [inf], [inf], [inf], [inf], [inf], [inf], [inf], [inf], [inf], [inf], [inf], [inf], [inf], [inf], [inf], [inf], [inf], [inf], [inf], [inf], [inf], [inf], [inf], [inf], [inf], [inf], [inf], [inf], [inf], [inf], [inf], [inf], [inf], [inf], [inf], [inf], [inf], [inf], [inf], [inf], [inf], [inf], [inf], [inf], [inf], [inf], [inf], [inf], [inf], [inf], [inf], [inf], [inf], [inf], [inf], [inf], [inf], [inf], [inf]],0,0.15769505500793457,101.82052540779114,2629
245,onnx/CIFAR100_resnet_large.onnx,vnnlib/resnet_large__label_83__idx_7948_fix_mask_seg0_k1024_eps_0.0039.vnnlib,100,unsat True,,,,3.8803627490997314,0
246,onnx/CIFAR100_resnet_large.onnx,vnnlib/resnet_large__label_83__idx_7948_fix_nonmask_seg0_k1024_eps_0.0039.vnnlib,100,unsat True,,,,3.157250165939331,0
247,onnx/CIFAR100_resnet_large.onnx,vnnlib/resnet_large__label_84__idx_1886_global_k1024_eps_0.0039.vnnlib,100,unsat False,[[inf], [inf], [inf], [inf], [inf], [inf], [inf], [inf], [inf], [inf], [inf], [inf], [inf], [inf], [inf], [inf], [inf], [inf], [inf], [inf], [inf], [inf], [inf], [inf], [inf], [inf], [inf], [inf], [inf], [inf], [inf], [inf], [inf], [inf], [inf], [0.08751726150512695], [inf], [inf], [inf], [inf], [inf], [inf], [inf], [inf], [inf], [inf], [inf], [inf], [inf], [inf], [inf], [inf], [inf], [inf], [inf], [inf], [inf], [inf], [inf], [inf], [inf], [inf], [inf], [inf], [inf], [inf], [inf], [inf], [inf], [inf], [inf], [inf], [inf], [inf], [inf], [inf], [inf], [inf], [inf], [inf], [inf], [inf], [inf], [inf], [inf], [inf], [0.09522151947021484], [inf], [inf], [inf], [inf], [inf], [inf], [inf], [inf], [inf], [inf]],0,0.15767693519592285,14.993261098861694,4014
248,onnx/CIFAR100_resnet_large.onnx,vnnlib/resnet_large__label_84__idx_1886_fix_mask_seg0_k1024_eps_0.0039.vnnlib,100,unsat True,,,,3.567770004272461,0
249,onnx/CIFAR100_resnet_large.onnx,vnnlib/resnet_large__label_84__idx_1886_fix_nonmask_seg0_k1024_eps_0.0039.vnnlib,100,unsat False,[[inf], [inf], [inf], [inf], [inf], [inf], [inf], [inf], [inf], [inf], [inf], [inf], [inf], [inf], [inf], [inf], [inf], [inf], [inf], [inf], [inf], [inf], [inf], [inf], [inf], [inf], [inf], [inf], [inf], [inf], [inf], [inf], [inf], [inf], [inf], [0.1627568006515503], [inf], [inf], [inf], [inf], [inf], [inf], [inf], [inf], [inf], [inf], [inf], [inf], [inf], [inf], [inf], [inf], [inf], [inf], [inf], [inf], [inf], [inf], [inf], [inf], [inf], [inf], [inf], [inf], [inf], [inf], [inf], [inf], [inf], [inf], [inf], [inf], [inf], [inf], [inf], [inf], [inf], [inf], [inf], [inf], [inf], [inf], [inf], [inf], [inf], [inf], [0.17935824394226074], [inf], [inf], [inf], [inf], [inf], [inf], [inf], [inf], [inf], [inf]],0,0.1561288833618164,14.068994522094727,3829
250,onnx/CIFAR100_resnet_large.onnx,vnnlib/resnet_large__label_85__idx_1650_global_k1024_eps_0.0039.vnnlib,100,unsat False,[[inf], [inf], [inf], [inf], [inf], [inf], [inf], [inf], [inf], [inf], [inf], [inf], [inf], [inf], [inf], [inf], [inf], [inf], [inf], [inf], [inf], [inf], [inf], [inf], [inf], [inf], [inf], [inf], [inf], [inf], [inf], [inf], [inf], [inf], [inf], [inf], [inf], [inf], [inf], [inf], [inf], [inf], [inf], [inf], [inf], [inf], [inf], [inf], [inf], [inf], [inf], [inf], [inf], [inf], [inf], [inf], [inf], [inf], [inf], [inf], [inf], [inf], [inf], [inf], [inf], [inf], [inf], [inf], [inf], [inf], [inf], [inf], [inf], [inf], [inf], [inf], [inf], [inf], [inf], [inf], [inf], [inf], [inf], [inf], [inf], [inf], [inf], [inf], [inf], [inf], [inf], [inf], [inf], [inf], [inf], [inf], [inf], [inf]],0,0.15314769744873047,12.468665599822998,2342
251,onnx/CIFAR100_resnet_large.onnx,vnnlib/resnet_large__label_85__idx_1650_fix_mask_seg0_k1024_eps_0.0039.vnnlib,100,unsat True,,,,3.623873233795166,0
252,onnx/CIFAR100_resnet_large.onnx,vnnlib/resnet_large__label_85__idx_1650_fix_nonmask_seg0_k1024_eps_0.0039.vnnlib,100,unsat True,,,,2.7307119369506836,0
253,onnx/CIFAR100_resnet_large.onnx,vnnlib/resnet_large__label_85__idx_4482_global_k1024_eps_0.0039.vnnlib,100,sat True,,,,5.020795583724976,0
254,onnx/CIFAR100_resnet_large.onnx,vnnlib/resnet_large__label_85__idx_4482_fix_mask_seg0_k1024_eps_0.0039.vnnlib,100,unsat True,,,,3.579331159591675,0
255,onnx/CIFAR100_resnet_large.onnx,vnnlib/resnet_large__label_85__idx_4482_fix_nonmask_seg0_k1024_eps_0.0039.vnnlib,100,sat True,,,,4.726130247116089,0
256,onnx/CIFAR100_resnet_large.onnx,vnnlib/resnet_large__label_86__idx_5679_global_k1024_eps_0.0039.vnnlib,100,sat True,,,,4.51629638671875,0
257,onnx/CIFAR100_resnet_large.onnx,vnnlib/resnet_large__label_86__idx_5679_fix_mask_seg0_k1024_eps_0.0039.vnnlib,100,unsat True,,,,3.2369155883789062,0
258,onnx/CIFAR100_resnet_large.onnx,vnnlib/resnet_large__label_86__idx_5679_fix_nonmask_seg0_k1024_eps_0.0039.vnnlib,100,sat True,,,,5.04312539100647,0
259,onnx/CIFAR100_resnet_large.onnx,vnnlib/resnet_large__label_86__idx_6459_global_k1024_eps_0.0039.vnnlib,100,unsat False,[[inf], [inf], [inf], [inf], [inf], [inf], [inf], [inf], [inf], [inf], [inf], [inf], [inf], [inf], [inf], [inf], [inf], [inf], [inf], [inf], [inf], [inf], [inf], [inf], [inf], [inf], [inf], [inf], [inf], [inf], [inf], [inf], [inf], [inf], [inf], [inf], [inf], [inf], [inf], [inf], [inf], [inf], [inf], [inf], [inf], [inf], [inf], [inf], [inf], [inf], [inf], [inf], [inf], [inf], [inf], [inf], [inf], [inf], [inf], [inf], [inf], [inf], [inf], [inf], [inf], [inf], [inf], [inf], [inf], [inf], [inf], [inf], [inf], [inf], [inf], [inf], [inf], [inf], [inf], [inf], [inf], [inf], [inf], [inf], [inf], [inf], [inf], [inf], [inf], [inf], [inf], [inf], [inf], [inf], [inf], [inf], [inf], [inf]],0,0.15212225914001465,13.38098955154419,2160
260,onnx/CIFAR100_resnet_large.onnx,vnnlib/resnet_large__label_86__idx_6459_fix_mask_seg0_k1024_eps_0.0039.vnnlib,100,unsat True,,,,2.6330559253692627,0
261,onnx/CIFAR100_resnet_large.onnx,vnnlib/resnet_large__label_86__idx_6459_fix_nonmask_seg0_k1024_eps_0.0039.vnnlib,100,unsat True,,,,2.9883337020874023,0
262,onnx/CIFAR100_resnet_large.onnx,vnnlib/resnet_large__label_88__idx_4474_global_k1024_eps_0.0039.vnnlib,100,unsat False,[[inf], [inf], [inf], [inf], [inf], [inf], [inf], [inf], [inf], [inf], [inf], [inf], [inf], [inf], [inf], [inf], [inf], [inf], [inf], [inf], [inf], [inf], [inf], [inf], [inf], [inf], [inf], [inf], [inf], [inf], [inf], [inf], [inf], [inf], [inf], [inf], [inf], [inf], [inf], [inf], [inf], [inf], [inf], [inf], [inf], [inf], [inf], [inf], [inf], [inf], [inf], [inf], [inf], [inf], [inf], [inf], [inf], [inf], [inf], [inf], [inf], [inf], [inf], [inf], [inf], [inf], [inf], [inf], [inf], [inf], [inf], [inf], [inf], [inf], [inf], [inf], [inf], [inf], [inf], [inf], [inf], [inf], [inf], [inf], [inf], [inf], [inf], [inf], [inf], [inf], [inf], [inf], [inf], [inf], [inf], [inf], [inf], [inf]],0,0.2472841739654541,14.612813949584961,3938
263,onnx/CIFAR100_resnet_large.onnx,vnnlib/resnet_large__label_88__idx_4474_fix_mask_seg0_k1024_eps_0.0039.vnnlib,100,unsat True,,,,2.717456102371216,0
264,onnx/CIFAR100_resnet_large.onnx,vnnlib/resnet_large__label_88__idx_4474_fix_nonmask_seg0_k1024_eps_0.0039.vnnlib,100,unsat True,,,,2.9473822116851807,0
265,onnx/CIFAR100_resnet_large.onnx,vnnlib/resnet_large__label_88__idx_5910_global_k1024_eps_0.0039.vnnlib,100,unsat False,[[inf], [inf], [inf], [inf], [inf], [inf], [inf], [inf], [inf], [inf], [inf], [inf], [inf], [inf], [inf], [inf], [inf], [inf], [inf], [inf], [inf], [inf], [inf], [inf], [inf], [inf], [inf], [inf], [inf], [inf], [inf], [inf], [inf], [inf], [inf], [inf], [inf], [inf], [inf], [inf], [inf], [inf], [inf], [inf], [inf], [inf], [inf], [inf], [inf], [inf], [inf], [inf], [inf], [inf], [inf], [inf], [inf], [inf], [inf], [inf], [inf], [inf], [inf], [inf], [inf], [inf], [inf], [inf], [inf], [inf], [inf], [inf], [inf], [inf], [inf], [inf], [inf], [inf], [inf], [inf], [inf], [inf], [inf], [0.06507110595703125], [inf], [inf], [inf], [inf], [inf], [inf], [inf], [inf], [inf], [inf], [inf], [inf], [inf], [inf]],0,0.15577960014343262,13.86587905883789,3243
266,onnx/CIFAR100_resnet_large.onnx,vnnlib/resnet_large__label_88__idx_5910_fix_mask_seg0_k1024_eps_0.0039.vnnlib,100,unsat True,,,,6.468053102493286,0
267,onnx/CIFAR100_resnet_large.onnx,vnnlib/resnet_large__label_88__idx_5910_fix_nonmask_seg0_k1024_eps_0.0039.vnnlib,100,unsat True,,,,6.350449323654175,0
268,onnx/CIFAR100_resnet_large.onnx,vnnlib/resnet_large__label_89__idx_5310_global_k1024_eps_0.0039.vnnlib,100,unsat False,[[inf], [inf], [inf], [inf], [inf], [inf], [inf], [inf], [inf], [inf], [inf], [inf], [inf], [inf], [inf], [inf], [inf], [inf], [inf], [inf], [inf], [inf], [inf], [inf], [inf], [inf], [inf], [inf], [inf], [inf], [inf], [inf], [inf], [inf], [inf], [inf], [0.033214688301086426], [inf], [inf], [inf], [inf], [inf], [inf], [inf], [inf], [inf], [inf], [inf], [inf], [inf], [inf], [inf], [inf], [inf], [inf], [inf], [inf], [inf], [inf], [inf], [inf], [inf], [inf], [inf], [inf], [inf], [inf], [inf], [inf], [inf], [inf], [inf], [inf], [inf], [inf], [inf], [inf], [inf], [inf], [inf], [inf], [inf], [inf], [inf], [inf], [inf], [inf], [inf], [inf], [inf], [inf], [inf], [inf], [inf], [inf], [inf], [inf]],0,0.26596689224243164,14.742571115493774,2753
269,onnx/CIFAR100_resnet_large.onnx,vnnlib/resnet_large__label_89__idx_5310_fix_mask_seg0_k1024_eps_0.0039.vnnlib,100,unsat True,,,,2.878180742263794,0
270,onnx/CIFAR100_resnet_large.onnx,vnnlib/resnet_large__label_89__idx_5310_fix_nonmask_seg0_k1024_eps_0.0039.vnnlib,100,unsat True,,,,3.0927188396453857,0
271,onnx/CIFAR100_resnet_large.onnx,vnnlib/resnet_large__label_89__idx_9025_global_k1024_eps_0.0039.vnnlib,100,timeout False,[[inf], [inf], [inf], [inf], [inf], [inf], [inf], [inf], [inf], [inf], [inf], [inf], [inf], [inf], [inf], [inf], [inf], [inf], [inf], [inf], [inf], [inf], [inf], [inf], [inf], [inf], [inf], [inf], [inf], [inf], [inf], [inf], [inf], [inf], [inf], [inf], [inf], [inf], [inf], [inf], [inf], [inf], [inf], [inf], [inf], [inf], [inf], [inf], [inf], [inf], [inf], [inf], [inf], [inf], [inf], [inf], [inf], [inf], [inf], [inf], [inf], [inf], [inf], [inf], [inf], [inf], [inf], [inf], [inf], [inf], [inf], [inf], [inf], [inf], [inf], [inf], [inf], [inf], [inf], [inf], [inf], [inf], [inf], [inf], [inf], [inf], [inf], [inf], [inf], [inf], [inf], [inf], [inf], [inf], [inf], [inf], [inf], [inf]],0,0.29720044136047363,107.1902904510498,3349
272,onnx/CIFAR100_resnet_large.onnx,vnnlib/resnet_large__label_89__idx_9025_fix_mask_seg0_k1024_eps_0.0039.vnnlib,100,unsat True,,,,3.6165056228637695,0
273,onnx/CIFAR100_resnet_large.onnx,vnnlib/resnet_large__label_89__idx_9025_fix_nonmask_seg0_k1024_eps_0.0039.vnnlib,100,unsat False,[[inf], [inf], [inf], [inf], [inf], [inf], [inf], [inf], [inf], [inf], [inf], [inf], [inf], [inf], [inf], [inf], [inf], [inf], [inf], [inf], [inf], [inf], [inf], [inf], [inf], [inf], [inf], [inf], [inf], [inf], [inf], [inf], [inf], [inf], [inf], [inf], [inf], [inf], [inf], [inf], [inf], [inf], [inf], [inf], [inf], [inf], [inf], [inf], [inf], [inf], [inf], [inf], [inf], [inf], [inf], [inf], [inf], [inf], [inf], [inf], [inf], [inf], [inf], [inf], [inf], [inf], [inf], [inf], [inf], [inf], [inf], [inf], [inf], [inf], [inf], [inf], [inf], [inf], [inf], [inf], [inf], [inf], [inf], [inf], [inf], [inf], [inf], [inf], [inf], [inf], [inf], [inf], [inf], [inf], [inf], [inf], [inf], [inf]],0,0.2857625484466553,12.062147617340088,2307
274,onnx/CIFAR100_resnet_large.onnx,vnnlib/resnet_large__label_90__idx_4217_global_k1024_eps_0.0039.vnnlib,100,unsat False,[[inf], [inf], [inf], [inf], [inf], [inf], [inf], [inf], [inf], [inf], [inf], [inf], [inf], [inf], [inf], [inf], [inf], [inf], [0.07071542739868164], [inf], [inf], [inf], [inf], [inf], [inf], [inf], [inf], [inf], [inf], [inf], [inf], [inf], [inf], [inf], [inf], [inf], [inf], [inf], [inf], [inf], [inf], [inf], [inf], [inf], [inf], [inf], [inf], [inf], [inf], [inf], [inf], [inf], [inf], [inf], [inf], [inf], [inf], [inf], [inf], [inf], [inf], [inf], [inf], [inf], [inf], [inf], [inf], [inf], [inf], [inf], [inf], [inf], [inf], [inf], [inf], [inf], [inf], [inf], [inf], [inf], [inf], [inf], [inf], [inf], [inf], [inf], [inf], [0.14487290382385254], [inf], [inf], [inf], [inf], [inf], [inf], [inf], [inf], [inf]],0,0.15682768821716309,16.534327507019043,3434
275,onnx/CIFAR100_resnet_large.onnx,vnnlib/resnet_large__label_90__idx_4217_fix_mask_seg0_k1024_eps_0.0039.vnnlib,100,unsat True,,,,2.8730273246765137,0
276,onnx/CIFAR100_resnet_large.onnx,vnnlib/resnet_large__label_90__idx_4217_fix_nonmask_seg0_k1024_eps_0.0039.vnnlib,100,unsat True,,,,4.35186243057251,0
277,onnx/CIFAR100_resnet_large.onnx,vnnlib/resnet_large__label_91__idx_1194_global_k1024_eps_0.0039.vnnlib,100,unsat True,,,,7.987766742706299,0
278,onnx/CIFAR100_resnet_large.onnx,vnnlib/resnet_large__label_91__idx_1194_fix_mask_seg0_k1024_eps_0.0039.vnnlib,100,unsat True,,,,3.700166940689087,0
279,onnx/CIFAR100_resnet_large.onnx,vnnlib/resnet_large__label_91__idx_1194_fix_nonmask_seg0_k1024_eps_0.0039.vnnlib,100,unsat True,,,,4.508435010910034,0
280,onnx/CIFAR100_resnet_large.onnx,vnnlib/resnet_large__label_91__idx_200_global_k1024_eps_0.0039.vnnlib,100,sat True,,,,5.570351839065552,0
281,onnx/CIFAR100_resnet_large.onnx,vnnlib/resnet_large__label_91__idx_200_fix_mask_seg0_k1024_eps_0.0039.vnnlib,100,unsat True,,,,5.407503604888916,0
282,onnx/CIFAR100_resnet_large.onnx,vnnlib/resnet_large__label_91__idx_200_fix_nonmask_seg0_k1024_eps_0.0039.vnnlib,100,sat True,,,,3.9786810874938965,0
283,onnx/CIFAR100_resnet_large.onnx,vnnlib/resnet_large__label_93__idx_7162_global_k1024_eps_0.0039.vnnlib,100,unsat False,[[inf], [inf], [inf], [inf], [inf], [inf], [inf], [inf], [inf], [inf], [inf], [inf], [inf], [inf], [inf], [inf], [inf], [inf], [inf], [inf], [inf], [inf], [inf], [inf], [inf], [inf], [inf], [inf], [inf], [inf], [inf], [inf], [inf], [inf], [inf], [inf], [inf], [inf], [inf], [inf], [inf], [inf], [inf], [inf], [inf], [inf], [inf], [inf], [inf], [inf], [inf], [inf], [inf], [inf], [inf], [inf], [inf], [inf], [inf], [inf], [inf], [inf], [inf], [inf], [inf], [inf], [inf], [inf], [inf], [inf], [inf], [inf], [inf], [inf], [inf], [inf], [inf], [inf], [inf], [inf], [inf], [inf], [inf], [inf], [inf], [inf], [inf], [inf], [inf], [inf], [inf], [inf], [inf], [inf], [inf], [inf], [inf], [inf]],0,0.2375798225402832,15.22254729270935,3492
284,onnx/CIFAR100_resnet_large.onnx,vnnlib/resnet_large__label_93__idx_7162_fix_mask_seg0_k1024_eps_0.0039.vnnlib,100,unsat True,,,,4.09445595741272,0
285,onnx/CIFAR100_resnet_large.onnx,vnnlib/resnet_large__label_93__idx_7162_fix_nonmask_seg0_k1024_eps_0.0039.vnnlib,100,unsat True,,,,3.1990153789520264,0
286,onnx/CIFAR100_resnet_large.onnx,vnnlib/resnet_large__label_93__idx_8828_global_k1024_eps_0.0039.vnnlib,100,unsat False,[[inf], [inf], [inf], [inf], [inf], [inf], [inf], [inf], [inf], [inf], [inf], [inf], [inf], [inf], [inf], [inf], [inf], [inf], [inf], [inf], [inf], [inf], [inf], [inf], [inf], [inf], [inf], [inf], [inf], [inf], [inf], [inf], [inf], [inf], [inf], [inf], [inf], [inf], [inf], [inf], [inf], [inf], [inf], [inf], [inf], [inf], [inf], [inf], [inf], [inf], [inf], [inf], [inf], [inf], [inf], [inf], [inf], [inf], [inf], [inf], [inf], [inf], [inf], [inf], [inf], [inf], [inf], [inf], [inf], [inf], [inf], [inf], [inf], [inf], [inf], [inf], [inf], [inf], [inf], [inf], [inf], [inf], [inf], [inf], [inf], [inf], [inf], [inf], [inf], [inf], [inf], [inf], [inf], [inf], [inf], [inf], [inf], [inf]],0,0.23712944984436035,15.804161787033081,2379
287,onnx/CIFAR100_resnet_large.onnx,vnnlib/resnet_large__label_93__idx_8828_fix_mask_seg0_k1024_eps_0.0039.vnnlib,100,unsat True,,,,3.555269956588745,0
288,onnx/CIFAR100_resnet_large.onnx,vnnlib/resnet_large__label_93__idx_8828_fix_nonmask_seg0_k1024_eps_0.0039.vnnlib,100,unsat False,[[inf], [inf], [inf], [inf], [inf], [inf], [inf], [inf], [inf], [inf], [inf], [inf], [inf], [inf], [inf], [inf], [inf], [inf], [inf], [inf], [inf], [inf], [inf], [inf], [inf], [inf], [inf], [inf], [inf], [inf], [inf], [inf], [inf], [inf], [inf], [inf], [inf], [inf], [inf], [inf], [inf], [inf], [inf], [inf], [inf], [inf], [inf], [inf], [inf], [inf], [inf], [inf], [inf], [inf], [inf], [inf], [inf], [inf], [inf], [inf], [inf], [inf], [inf], [inf], [inf], [inf], [inf], [inf], [inf], [inf], [inf], [inf], [inf], [inf], [inf], [inf], [inf], [inf], [inf], [inf], [inf], [inf], [inf], [inf], [inf], [inf], [inf], [inf], [inf], [inf], [inf], [inf], [inf], [inf], [inf], [inf], [inf], [inf]],0,0.23401856422424316,16.146997928619385,2014
289,onnx/CIFAR100_resnet_large.onnx,vnnlib/resnet_large__label_94__idx_3842_global_k1024_eps_0.0039.vnnlib,100,timeout False,[[inf], [inf], [inf], [inf], [0.34218692779541016], [inf], [inf], [inf], [inf], [inf], [inf], [inf], [inf], [inf], [inf], [inf], [inf], [inf], [inf], [inf], [inf], [inf], [inf], [inf], [inf], [inf], [inf], [inf], [inf], [inf], [inf], [inf], [inf], [inf], [inf], [0.3524465560913086], [inf], [inf], [inf], [inf], [inf], [inf], [inf], [inf], [inf], [inf], [inf], [inf], [inf], [inf], [inf], [inf], [inf], [inf], [inf], [inf], [inf], [inf], [inf], [inf], [inf], [inf], [0.4365682601928711], [inf], [inf], [inf], [inf], [inf], [inf], [inf], [inf], [inf], [inf], [inf], [inf], [inf], [inf], [inf], [inf], [inf], [inf], [inf], [inf], [inf], [inf], [inf], [inf], [inf], [inf], [inf], [inf], [inf], [inf], [inf], [0.18879520893096924], [inf], [inf], [inf]],0,0.15342330932617188,100.76763367652893,4211
290,onnx/CIFAR100_resnet_large.onnx,vnnlib/resnet_large__label_94__idx_3842_fix_mask_seg0_k1024_eps_0.0039.vnnlib,100,unsat True,,,,2.8559811115264893,0
291,onnx/CIFAR100_resnet_large.onnx,vnnlib/resnet_large__label_94__idx_3842_fix_nonmask_seg0_k1024_eps_0.0039.vnnlib,100,unsat False,[[inf], [inf], [inf], [inf], [inf], [inf], [inf], [inf], [inf], [inf], [inf], [inf], [inf], [inf], [inf], [inf], [inf], [inf], [inf], [inf], [inf], [inf], [inf], [inf], [inf], [inf], [inf], [inf], [inf], [inf], [inf], [inf], [inf], [inf], [inf], [inf], [inf], [inf], [inf], [inf], [inf], [inf], [inf], [inf], [inf], [inf], [inf], [inf], [inf], [inf], [inf], [inf], [inf], [inf], [inf], [inf], [inf], [inf], [inf], [inf], [inf], [inf], [inf], [inf], [inf], [inf], [inf], [inf], [inf], [inf], [inf], [inf], [inf], [inf], [inf], [inf], [inf], [inf], [inf], [inf], [inf], [inf], [inf], [inf], [inf], [inf], [inf], [inf], [inf], [inf], [inf], [inf], [inf], [inf], [inf], [inf], [inf], [inf]],0,0.2659621238708496,21.77152371406555,3484
292,onnx/CIFAR100_resnet_large.onnx,vnnlib/resnet_large__label_94__idx_7371_global_k1024_eps_0.0039.vnnlib,100,unsat True,,,,4.346604347229004,0
293,onnx/CIFAR100_resnet_large.onnx,vnnlib/resnet_large__label_94__idx_7371_fix_mask_seg0_k1024_eps_0.0039.vnnlib,100,unsat True,,,,4.31134557723999,0
294,onnx/CIFAR100_resnet_large.onnx,vnnlib/resnet_large__label_94__idx_7371_fix_nonmask_seg0_k1024_eps_0.0039.vnnlib,100,unsat True,,,,4.45436429977417,0
295,onnx/CIFAR100_resnet_large.onnx,vnnlib/resnet_large__label_94__idx_9000_global_k1024_eps_0.0039.vnnlib,100,timeout False,[[inf], [inf], [inf], [inf], [inf], [inf], [inf], [inf], [inf], [inf], [inf], [inf], [inf], [inf], [inf], [inf], [inf], [inf], [inf], [inf], [inf], [inf], [inf], [inf], [inf], [inf], [inf], [inf], [inf], [inf], [inf], [inf], [inf], [inf], [inf], [inf], [inf], [inf], [inf], [inf], [inf], [inf], [inf], [inf], [inf], [inf], [inf], [inf], [inf], [inf], [inf], [inf], [inf], [inf], [inf], [inf], [inf], [inf], [inf], [inf], [inf], [inf], [inf], [inf], [inf], [inf], [inf], [inf], [inf], [inf], [inf], [inf], [inf], [inf], [inf], [inf], [inf], [inf], [inf], [inf], [inf], [inf], [inf], [inf], [inf], [inf], [inf], [inf], [inf], [inf], [inf], [inf], [inf], [inf], [inf]],0,0.36504244804382324,102.49662160873413,3169
296,onnx/CIFAR100_resnet_large.onnx,vnnlib/resnet_large__label_94__idx_9000_fix_mask_seg0_k1024_eps_0.0039.vnnlib,100,unsat True,,,,5.040184497833252,0
297,onnx/CIFAR100_resnet_large.onnx,vnnlib/resnet_large__label_94__idx_9000_fix_nonmask_seg0_k1024_eps_0.0039.vnnlib,100,unsat False,[[inf], [inf], [inf], [inf], [inf], [inf], [inf], [inf], [inf], [inf], [inf], [inf], [inf], [inf], [inf], [inf], [inf], [inf], [inf], [inf], [inf], [inf], [inf], [inf], [inf], [inf], [inf], [inf], [inf], [inf], [inf], [inf], [inf], [inf], [inf], [inf], [inf], [inf], [inf], [inf], [inf], [inf], [inf], [inf], [inf], [inf], [inf], [inf], [inf], [inf], [inf], [inf], [inf], [inf], [inf], [inf], [inf], [inf], [inf], [inf], [inf], [inf], [inf], [inf], [inf], [inf], [inf], [inf], [inf], [inf], [inf], [inf], [inf], [inf], [inf], [inf], [inf], [inf], [inf], [inf], [inf], [inf], [inf], [inf], [inf], [inf], [inf], [inf], [inf], [inf], [inf], [inf], [inf], [inf], [inf], [inf], [inf]],0,0.2313995361328125,21.565792560577393,2799
298,onnx/CIFAR100_resnet_large.onnx,vnnlib/resnet_large__label_95__idx_1371_global_k1024_eps_0.0039.vnnlib,100,timeout False,[[inf], [inf], [inf], [inf], [inf], [inf], [inf], [inf], [inf], [inf], [inf], [inf], [inf], [inf], [inf], [inf], [inf], [inf], [inf], [inf], [inf], [inf], [inf], [inf], [inf], [inf], [inf], [inf], [inf], [inf], [inf], [inf], [inf], [inf], [inf], [inf], [inf], [inf], [inf], [inf], [inf], [inf], [inf], [inf], [inf], [inf], [inf], [inf], [inf], [inf], [inf], [inf], [inf], [inf], [inf], [inf], [inf], [inf], [inf], [inf], [inf], [inf], [inf], [inf], [inf], [inf], [inf], [inf], [inf], [inf], [inf], [inf], [inf], [inf], [inf], [inf], [inf], [inf], [inf], [inf], [inf], [inf], [inf], [inf], [inf], [inf], [inf], [inf], [inf], [inf], [inf], [inf], [inf], [inf], [inf], [inf], [inf]],0,0.1488785743713379,100.53831768035889,1734
299,onnx/CIFAR100_resnet_large.onnx,vnnlib/resnet_large__label_95__idx_1371_fix_mask_seg0_k1024_eps_0.0039.vnnlib,100,unsat True,,,,4.114208221435547,0
300,onnx/CIFAR100_resnet_large.onnx,vnnlib/resnet_large__label_95__idx_1371_fix_nonmask_seg0_k1024_eps_0.0039.vnnlib,100,unsat False,[[inf], [inf], [inf], [inf], [inf], [inf], [inf], [inf], [inf], [inf], [inf], [inf], [inf], [inf], [inf], [inf], [inf], [inf], [inf], [inf], [inf], [inf], [inf], [inf], [inf], [inf], [inf], [inf], [inf], [inf], [inf], [inf], [inf], [inf], [inf], [inf], [inf], [inf], [inf], [inf], [inf], [inf], [inf], [inf], [inf], [inf], [inf], [inf], [inf], [inf], [inf], [inf], [inf], [inf], [inf], [inf], [inf], [inf], [inf], [inf], [inf], [inf], [inf], [inf], [inf], [inf], [inf], [inf], [inf], [inf], [inf], [inf], [inf], [inf], [inf], [inf], [inf], [inf], [inf], [inf], [inf], [inf], [inf], [inf], [inf], [inf], [inf], [inf], [inf], [inf], [inf], [inf], [inf], [inf], [inf], [inf], [inf]],0,0.15450334548950195,12.107817888259888,1392
301,onnx/CIFAR100_resnet_medium.onnx,vnnlib/resnet_medium__label_0__idx_2404_global_k1024_eps_0.0039.vnnlib,100,unsat True,,,,10.359806776046753,0
302,onnx/CIFAR100_resnet_medium.onnx,vnnlib/resnet_medium__label_0__idx_2404_fix_mask_seg0_k1024_eps_0.0039.vnnlib,100,unsat True,,,,3.3960013389587402,0
303,onnx/CIFAR100_resnet_medium.onnx,vnnlib/resnet_medium__label_0__idx_2404_fix_nonmask_seg0_k1024_eps_0.0039.vnnlib,100,unsat True,,,,3.19291090965271,0
304,onnx/CIFAR100_resnet_medium.onnx,vnnlib/resnet_medium__label_0__idx_5369_global_k1024_eps_0.0039.vnnlib,100,timeout False,[[inf], [inf], [inf], [inf], [inf], [inf], [inf], [inf], [inf], [inf], [inf], [inf], [inf], [inf], [inf], [inf], [inf], [inf], [inf], [inf], [inf], [inf], [inf], [inf], [inf], [inf], [inf], [inf], [inf], [inf], [inf], [inf], [inf], [inf], [inf], [inf], [inf], [inf], [inf], [inf], [inf], [inf], [inf], [inf], [inf], [inf], [inf], [inf], [inf], [inf], [inf], [inf], [inf], [inf], [inf], [inf], [inf], [inf], [inf], [inf], [inf], [inf], [inf], [inf], [inf], [inf], [inf], [inf], [inf], [inf], [inf], [inf], [inf], [inf], [inf], [inf], [inf], [inf], [inf], [inf], [inf], [inf], [inf], [inf], [inf], [inf], [inf], [inf], [inf], [inf], [inf], [inf], [inf], [inf], [inf], [inf], [inf], [inf]],0,0.234605073928833,105.16595363616943,1127
305,onnx/CIFAR100_resnet_medium.onnx,vnnlib/resnet_medium__label_0__idx_5369_fix_mask_seg0_k1024_eps_0.0039.vnnlib,100,unsat True,,,,3.2352213859558105,0
306,onnx/CIFAR100_resnet_medium.onnx,vnnlib/resnet_medium__label_0__idx_5369_fix_nonmask_seg0_k1024_eps_0.0039.vnnlib,100,timeout False,[[inf], [inf], [inf], [inf], [inf], [inf], [inf], [inf], [inf], [inf], [inf], [inf], [inf], [inf], [inf], [inf], [inf], [inf], [inf], [inf], [inf], [inf], [inf], [inf], [inf], [inf], [inf], [inf], [inf], [inf], [inf], [inf], [inf], [inf], [inf], [inf], [inf], [inf], [inf], [inf], [inf], [inf], [inf], [inf], [inf], [inf], [inf], [inf], [inf], [inf], [inf], [inf], [inf], [inf], [inf], [inf], [inf], [inf], [inf], [inf], [inf], [inf], [inf], [inf], [inf], [inf], [inf], [inf], [inf], [inf], [inf], [inf], [inf], [inf], [inf], [inf], [inf], [inf], [inf], [inf], [inf], [inf], [inf], [inf], [inf], [inf], [inf], [inf], [inf], [inf], [inf], [inf], [inf], [inf], [inf], [inf], [inf], [inf]],0,0.15045499801635742,103.75054931640625,1029
307,onnx/CIFAR100_resnet_medium.onnx,vnnlib/resnet_medium__label_11__idx_7329_global_k1024_eps_0.0039.vnnlib,100,sat True,,,,2.871594190597534,0
308,onnx/CIFAR100_resnet_medium.onnx,vnnlib/resnet_medium__label_11__idx_7329_fix_mask_seg0_k1024_eps_0.0039.vnnlib,100,unsat True,,,,2.8689324855804443,0
309,onnx/CIFAR100_resnet_medium.onnx,vnnlib/resnet_medium__label_11__idx_7329_fix_nonmask_seg0_k1024_eps_0.0039.vnnlib,100,sat True,,,,2.8881607055664062,0
310,onnx/CIFAR100_resnet_medium.onnx,vnnlib/resnet_medium__label_12__idx_6868_global_k1024_eps_0.0039.vnnlib,100,unsat False,[[inf], [inf], [inf], [inf], [inf], [inf], [inf], [inf], [inf], [inf], [inf], [inf], [inf], [inf], [inf], [inf], [inf], [inf], [inf], [inf], [inf], [inf], [inf], [inf], [inf], [inf], [inf], [inf], [inf], [inf], [inf], [inf], [inf], [inf], [inf], [inf], [inf], [inf], [inf], [inf], [inf], [inf], [inf], [inf], [inf], [inf], [inf], [inf], [inf], [inf], [inf], [inf], [inf], [inf], [inf], [inf], [inf], [inf], [inf], [inf], [inf], [inf], [inf], [inf], [inf], [inf], [inf], [inf], [inf], [inf], [inf], [inf], [inf], [inf], [inf], [inf], [inf], [inf], [inf], [inf], [inf], [inf], [inf], [inf], [inf], [inf], [inf], [inf], [inf], [inf], [inf], [inf], [inf], [inf], [inf], [inf], [inf], [inf]],0,0.152207612991333,13.171957731246948,1000
311,onnx/CIFAR100_resnet_medium.onnx,vnnlib/resnet_medium__label_12__idx_6868_fix_mask_seg0_k1024_eps_0.0039.vnnlib,100,unsat True,,,,2.634798288345337,0
312,onnx/CIFAR100_resnet_medium.onnx,vnnlib/resnet_medium__label_12__idx_6868_fix_nonmask_seg0_k1024_eps_0.0039.vnnlib,100,unsat False,[[inf], [inf], [inf], [inf], [inf], [inf], [inf], [inf], [inf], [inf], [inf], [inf], [inf], [inf], [inf], [inf], [inf], [inf], [inf], [inf], [inf], [inf], [inf], [inf], [inf], [inf], [inf], [inf], [inf], [inf], [inf], [inf], [inf], [inf], [inf], [inf], [inf], [inf], [inf], [inf], [inf], [inf], [inf], [inf], [inf], [inf], [inf], [inf], [inf], [inf], [inf], [inf], [inf], [inf], [inf], [inf], [inf], [inf], [inf], [inf], [inf], [inf], [inf], [inf], [inf], [inf], [inf], [inf], [inf], [inf], [inf], [inf], [inf], [inf], [inf], [inf], [inf], [inf], [inf], [inf], [inf], [inf], [inf], [inf], [inf], [inf], [inf], [inf], [inf], [inf], [inf], [inf], [inf], [inf], [inf], [inf], [inf], [inf]],0,0.1540677547454834,11.66112995147705,946
313,onnx/CIFAR100_resnet_medium.onnx,vnnlib/resnet_medium__label_14__idx_1406_global_k1024_eps_0.0039.vnnlib,100,unsat False,[[inf], [inf], [inf], [inf], [inf], [inf], [inf], [inf], [inf], [inf], [inf], [inf], [inf], [inf], [inf], [inf], [inf], [inf], [inf], [inf], [inf], [inf], [inf], [inf], [inf], [inf], [inf], [inf], [inf], [inf], [inf], [inf], [inf], [inf], [inf], [inf], [inf], [inf], [inf], [inf], [inf], [inf], [inf], [inf], [inf], [inf], [inf], [inf], [inf], [inf], [inf], [inf], [inf], [inf], [inf], [inf], [inf], [inf], [inf], [inf], [inf], [inf], [inf], [inf], [inf], [inf], [inf], [inf], [inf], [inf], [inf], [inf], [inf], [inf], [inf], [inf], [inf], [inf], [inf], [inf], [inf], [inf], [inf], [inf], [inf], [inf], [inf], [inf], [inf], [inf], [inf], [inf], [inf], [inf], [inf], [inf], [inf], [inf]],0,0.1503159999847412,12.375327348709106,705
314,onnx/CIFAR100_resnet_medium.onnx,vnnlib/resnet_medium__label_14__idx_1406_fix_mask_seg0_k1024_eps_0.0039.vnnlib,100,unsat True,,,,2.9267406463623047,0
315,onnx/CIFAR100_resnet_medium.onnx,vnnlib/resnet_medium__label_14__idx_1406_fix_nonmask_seg0_k1024_eps_0.0039.vnnlib,100,unsat False,[[inf], [inf], [inf], [inf], [inf], [inf], [inf], [inf], [inf], [inf], [inf], [inf], [inf], [inf], [inf], [inf], [inf], [inf], [inf], [inf], [inf], [inf], [inf], [inf], [inf], [inf], [inf], [inf], [inf], [inf], [inf], [inf], [inf], [inf], [inf], [inf], [inf], [inf], [inf], [inf], [inf], [inf], [inf], [inf], [inf], [inf], [inf], [inf], [inf], [inf], [inf], [inf], [inf], [inf], [inf], [inf], [inf], [inf], [inf], [inf], [inf], [inf], [inf], [inf], [inf], [inf], [inf], [inf], [inf], [inf], [inf], [inf], [inf], [inf], [inf], [inf], [inf], [inf], [inf], [inf], [inf], [inf], [inf], [inf], [inf], [inf], [inf], [inf], [inf], [inf], [inf], [inf], [inf], [inf], [inf], [inf], [inf], [inf]],0,0.16084957122802734,12.35390019416809,705
316,onnx/CIFAR100_resnet_medium.onnx,vnnlib/resnet_medium__label_15__idx_4836_global_k1024_eps_0.0039.vnnlib,100,sat True,,,,5.17954421043396,0
317,onnx/CIFAR100_resnet_medium.onnx,vnnlib/resnet_medium__label_15__idx_4836_fix_mask_seg0_k1024_eps_0.0039.vnnlib,100,unsat True,,,,4.211686372756958,0
318,onnx/CIFAR100_resnet_medium.onnx,vnnlib/resnet_medium__label_15__idx_4836_fix_nonmask_seg0_k1024_eps_0.0039.vnnlib,100,sat True,,,,4.552342414855957,0
319,onnx/CIFAR100_resnet_medium.onnx,vnnlib/resnet_medium__label_15__idx_6893_global_k1024_eps_0.0039.vnnlib,100,timeout False,[[inf], [inf], [inf], [inf], [inf], [inf], [inf], [inf], [inf], [inf], [inf], [inf], [inf], [inf], [inf], [inf], [inf], [inf], [inf], [inf], [inf], [inf], [inf], [inf], [inf], [inf], [inf], [inf], [inf], [inf], [inf], [inf], [inf], [inf], [inf], [inf], [inf], [inf], [inf], [inf], [inf], [inf], [inf], [inf], [inf], [inf], [inf], [inf], [inf], [inf], [inf], [inf], [inf], [inf], [inf], [inf], [inf], [inf], [inf], [inf], [inf], [inf], [inf], [inf], [inf], [inf], [inf], [inf], [inf], [inf], [inf], [inf], [inf], [inf], [inf], [inf], [inf], [inf], [inf], [inf], [inf], [inf], [inf], [inf], [inf], [inf], [inf], [inf], [inf], [inf], [inf], [inf], [inf], [inf], [inf], [inf], [inf], [inf]],0,0.15268516540527344,100.74814486503601,933
320,onnx/CIFAR100_resnet_medium.onnx,vnnlib/resnet_medium__label_15__idx_6893_fix_mask_seg0_k1024_eps_0.0039.vnnlib,100,unsat True,,,,2.7855114936828613,0
321,onnx/CIFAR100_resnet_medium.onnx,vnnlib/resnet_medium__label_15__idx_6893_fix_nonmask_seg0_k1024_eps_0.0039.vnnlib,100,unsat False,[[inf], [inf], [inf], [inf], [inf], [inf], [inf], [inf], [inf], [inf], [inf], [inf], [inf], [inf], [inf], [inf], [inf], [inf], [inf], [inf], [inf], [inf], [inf], [inf], [inf], [inf], [inf], [inf], [inf], [inf], [inf], [inf], [inf], [inf], [inf], [inf], [inf], [inf], [inf], [inf], [inf], [inf], [inf], [inf], [inf], [inf], [inf], [inf], [inf], [inf], [inf], [inf], [inf], [inf], [inf], [inf], [inf], [inf], [inf], [inf], [inf], [inf], [inf], [inf], [inf], [inf], [inf], [inf], [inf], [inf], [inf], [inf], [inf], [inf], [inf], [inf], [inf], [inf], [inf], [inf], [inf], [inf], [inf], [inf], [inf], [inf], [inf], [inf], [inf], [inf], [inf], [inf], [inf], [inf], [inf], [inf], [inf], [inf]],0,0.15057921409606934,11.126094341278076,619
322,onnx/CIFAR100_resnet_medium.onnx,vnnlib/resnet_medium__label_16__idx_9074_global_k1024_eps_0.0039.vnnlib,100,unsat False,[[inf], [inf], [inf], [inf], [inf], [inf], [inf], [inf], [inf], [inf], [inf], [inf], [inf], [inf], [inf], [inf], [inf], [inf], [inf], [inf], [inf], [inf], [inf], [inf], [inf], [inf], [inf], [inf], [inf], [inf], [inf], [inf], [inf], [inf], [inf], [inf], [inf], [inf], [inf], [inf], [inf], [inf], [inf], [inf], [inf], [inf], [inf], [inf], [inf], [inf], [inf], [inf], [inf], [inf], [inf], [inf], [inf], [inf], [inf], [inf], [inf], [inf], [inf], [inf], [inf], [inf], [inf], [inf], [inf], [inf], [inf], [inf], [inf], [inf], [inf], [inf], [inf], [inf], [inf], [inf], [inf], [inf], [inf], [inf], [inf], [inf], [inf], [inf], [inf], [inf], [inf], [inf], [inf], [inf]],0,0.24714088439941406,19.467185735702515,1159
323,onnx/CIFAR100_resnet_medium.onnx,vnnlib/resnet_medium__label_16__idx_9074_fix_mask_seg0_k1024_eps_0.0039.vnnlib,100,unsat True,,,,2.8455092906951904,0
324,onnx/CIFAR100_resnet_medium.onnx,vnnlib/resnet_medium__label_16__idx_9074_fix_nonmask_seg0_k1024_eps_0.0039.vnnlib,100,unsat False,[[inf], [inf], [inf], [inf], [inf], [inf], [inf], [inf], [inf], [inf], [inf], [0.023298263549804688], [inf], [inf], [inf], [inf], [inf], [inf], [inf], [inf], [inf], [inf], [inf], [inf], [inf], [inf], [inf], [inf], [inf], [inf], [inf], [inf], [inf], [inf], [inf], [inf], [inf], [inf], [inf], [inf], [inf], [inf], [inf], [inf], [inf], [inf], [inf], [inf], [inf], [inf], [inf], [inf], [inf], [inf], [inf], [inf], [inf], [inf], [inf], [inf], [inf], [inf], [inf], [inf], [inf], [inf], [inf], [inf], [inf], [inf], [inf], [inf], [inf], [inf], [inf], [inf], [inf], [inf], [inf], [inf], [inf], [inf], [inf], [inf], [inf], [inf], [inf], [inf], [inf], [inf], [inf], [inf], [inf], [inf], [inf], [inf], [inf], [inf]],0,0.1536252498626709,10.381392478942871,1047
325,onnx/CIFAR100_resnet_medium.onnx,vnnlib/resnet_medium__label_17__idx_388_global_k1024_eps_0.0039.vnnlib,100,unsat False,[[inf], [inf], [inf], [inf], [inf], [inf], [inf], [inf], [inf], [inf], [inf], [inf], [inf], [inf], [inf], [inf], [inf], [inf], [inf], [inf], [inf], [inf], [inf], [inf], [inf], [inf], [inf], [inf], [inf], [inf], [inf], [inf], [inf], [inf], [inf], [inf], [inf], [inf], [inf], [inf], [inf], [inf], [inf], [inf], [inf], [inf], [inf], [inf], [inf], [inf], [inf], [inf], [inf], [inf], [inf], [inf], [inf], [inf], [inf], [inf], [inf], [inf], [inf], [inf], [inf], [inf], [inf], [inf], [inf], [inf], [inf], [inf], [inf], [inf], [inf], [inf], [inf], [inf], [inf], [inf], [inf], [inf], [inf], [inf], [inf], [inf], [inf], [inf], [inf], [inf], [inf], [inf], [inf], [inf], [inf], [inf]],0,0.2572324275970459,30.0636465549469,1083
326,onnx/CIFAR100_resnet_medium.onnx,vnnlib/resnet_medium__label_17__idx_388_fix_mask_seg0_k1024_eps_0.0039.vnnlib,100,unsat True,,,,2.6256184577941895,0
327,onnx/CIFAR100_resnet_medium.onnx,vnnlib/resnet_medium__label_17__idx_388_fix_nonmask_seg0_k1024_eps_0.0039.vnnlib,100,unsat True,,,,6.482198715209961,0
328,onnx/CIFAR100_resnet_medium.onnx,vnnlib/resnet_medium__label_17__idx_9758_global_k1024_eps_0.0039.vnnlib,100,timeout False,[[inf], [inf], [inf], [inf], [inf], [inf], [inf], [inf], [inf], [inf], [inf], [inf], [inf], [inf], [inf], [inf], [inf], [inf], [inf], [inf], [inf], [inf], [inf], [inf], [inf], [inf], [inf], [inf], [inf], [inf], [inf], [inf], [inf], [inf], [inf], [inf], [inf], [inf], [inf], [inf], [inf], [inf], [inf], [inf], [inf], [inf], [inf], [inf], [inf], [inf], [inf], [inf], [inf], [inf], [inf], [inf], [inf], [inf], [inf], [inf], [inf], [inf], [inf], [inf], [inf], [inf], [inf], [inf], [inf], [inf], [inf], [inf], [inf], [inf], [inf], [inf], [inf], [inf], [inf], [inf], [inf], [inf], [inf], [inf], [inf], [inf], [inf], [inf], [inf], [inf], [inf], [inf], [inf], [inf], [inf], [inf], [inf], [inf]],0,0.15740299224853516,102.82965874671936,1047
329,onnx/CIFAR100_resnet_medium.onnx,vnnlib/resnet_medium__label_17__idx_9758_fix_mask_seg0_k1024_eps_0.0039.vnnlib,100,unsat True,,,,2.987278938293457,0
330,onnx/CIFAR100_resnet_medium.onnx,vnnlib/resnet_medium__label_17__idx_9758_fix_nonmask_seg0_k1024_eps_0.0039.vnnlib,100,unsat False,[[inf], [inf], [inf], [inf], [inf], [inf], [inf], [inf], [inf], [inf], [inf], [inf], [inf], [inf], [inf], [inf], [inf], [inf], [inf], [inf], [inf], [inf], [inf], [inf], [inf], [inf], [inf], [inf], [inf], [inf], [inf], [inf], [inf], [inf], [inf], [inf], [inf], [inf], [inf], [inf], [inf], [inf], [inf], [inf], [inf], [inf], [inf], [inf], [inf], [inf], [inf], [inf], [inf], [inf], [inf], [inf], [inf], [inf], [inf], [inf], [inf], [inf], [inf], [inf], [inf], [inf], [inf], [inf], [inf], [inf], [inf], [inf], [inf], [inf], [inf], [inf], [inf], [inf], [inf], [inf], [inf], [inf], [inf], [inf], [inf], [inf], [inf], [inf], [inf], [inf], [inf], [inf], [inf], [inf], [inf], [inf], [inf], [inf]],0,0.1575336456298828,9.41356110572815,858
331,onnx/CIFAR100_resnet_medium.onnx,vnnlib/resnet_medium__label_17__idx_9941_global_k1024_eps_0.0039.vnnlib,100,unsat True,,,,6.7900779247283936,0
332,onnx/CIFAR100_resnet_medium.onnx,vnnlib/resnet_medium__label_17__idx_9941_fix_mask_seg0_k1024_eps_0.0039.vnnlib,100,unsat True,,,,3.353682279586792,0
333,onnx/CIFAR100_resnet_medium.onnx,vnnlib/resnet_medium__label_17__idx_9941_fix_nonmask_seg0_k1024_eps_0.0039.vnnlib,100,unsat True,,,,3.4641950130462646,0
334,onnx/CIFAR100_resnet_medium.onnx,vnnlib/resnet_medium__label_18__idx_4586_global_k1024_eps_0.0039.vnnlib,100,timeout False,[[inf], [inf], [inf], [inf], [inf], [inf], [inf], [inf], [inf], [inf], [inf], [inf], [inf], [inf], [inf], [inf], [inf], [inf], [inf], [inf], [inf], [inf], [inf], [inf], [inf], [inf], [inf], [inf], [inf], [inf], [inf], [inf], [inf], [inf], [inf], [inf], [inf], [inf], [inf], [inf], [inf], [inf], [inf], [inf], [inf], [inf], [inf], [inf], [inf], [inf], [inf], [inf], [inf], [inf], [inf], [inf], [inf], [inf], [inf], [inf], [inf], [inf], [inf], [inf], [inf], [inf], [inf], [inf], [inf], [inf], [inf], [inf], [inf], [inf], [inf], [inf], [inf], [inf], [inf], [inf], [inf], [inf], [inf], [inf], [inf], [inf], [inf], [inf], [inf], [inf], [inf], [inf], [inf], [inf], [inf], [inf], [inf], [inf]],0,0.22927141189575195,105.18355083465576,1174
335,onnx/CIFAR100_resnet_medium.onnx,vnnlib/resnet_medium__label_18__idx_4586_fix_mask_seg0_k1024_eps_0.0039.vnnlib,100,unsat True,,,,3.6653225421905518,0
336,onnx/CIFAR100_resnet_medium.onnx,vnnlib/resnet_medium__label_18__idx_4586_fix_nonmask_seg0_k1024_eps_0.0039.vnnlib,100,unsat False,[[inf], [inf], [inf], [inf], [inf], [inf], [inf], [inf], [inf], [inf], [inf], [inf], [inf], [inf], [inf], [inf], [inf], [inf], [inf], [inf], [inf], [inf], [inf], [inf], [inf], [inf], [inf], [inf], [inf], [inf], [inf], [inf], [inf], [inf], [inf], [inf], [inf], [inf], [inf], [inf], [inf], [inf], [inf], [inf], [inf], [inf], [inf], [inf], [inf], [inf], [inf], [inf], [inf], [inf], [inf], [inf], [inf], [inf], [inf], [inf], [inf], [inf], [inf], [inf], [inf], [inf], [inf], [inf], [inf], [inf], [inf], [inf], [inf], [inf], [inf], [inf], [inf], [inf], [inf], [inf], [inf], [inf], [inf], [inf], [inf], [inf], [inf], [inf], [inf], [inf], [inf], [inf], [inf], [inf], [inf], [inf], [inf], [inf]],0,0.19229435920715332,41.77868032455444,1083
337,onnx/CIFAR100_resnet_medium.onnx,vnnlib/resnet_medium__label_18__idx_9124_global_k1024_eps_0.0039.vnnlib,100,timeout False,[[inf], [inf], [inf], [inf], [inf], [inf], [inf], [inf], [inf], [inf], [inf], [inf], [inf], [inf], [inf], [inf], [inf], [inf], [inf], [inf], [inf], [inf], [inf], [inf], [inf], [inf], [inf], [inf], [inf], [inf], [inf], [inf], [inf], [inf], [inf], [inf], [inf], [inf], [inf], [inf], [inf], [inf], [inf], [inf], [inf], [inf], [inf], [inf], [inf], [inf], [inf], [inf], [inf], [inf], [inf], [inf], [inf], [inf], [inf], [inf], [inf], [inf], [inf], [inf], [inf], [inf], [inf], [inf], [inf], [inf], [inf], [inf], [inf], [inf], [inf], [inf], [inf], [inf], [inf], [inf], [inf], [inf], [inf], [inf], [inf], [inf], [inf], [inf], [inf], [inf], [inf], [inf], [inf], [inf], [inf], [inf], [inf], [inf]],0,0.2398357391357422,105.51689791679382,1062
338,onnx/CIFAR100_resnet_medium.onnx,vnnlib/resnet_medium__label_18__idx_9124_fix_mask_seg0_k1024_eps_0.0039.vnnlib,100,unsat True,,,,3.2480106353759766,0
339,onnx/CIFAR100_resnet_medium.onnx,vnnlib/resnet_medium__label_18__idx_9124_fix_nonmask_seg0_k1024_eps_0.0039.vnnlib,100,timeout False,[[inf], [inf], [inf], [inf], [inf], [inf], [inf], [inf], [inf], [inf], [inf], [inf], [inf], [inf], [inf], [inf], [inf], [inf], [inf], [inf], [inf], [inf], [inf], [inf], [inf], [inf], [inf], [inf], [inf], [inf], [inf], [inf], [inf], [inf], [inf], [inf], [inf], [inf], [inf], [inf], [inf], [inf], [inf], [inf], [inf], [inf], [inf], [inf], [inf], [inf], [inf], [inf], [inf], [inf], [inf], [inf], [inf], [inf], [inf], [inf], [inf], [inf], [inf], [inf], [inf], [inf], [inf], [inf], [inf], [inf], [inf], [inf], [inf], [inf], [inf], [inf], [inf], [inf], [inf], [inf], [inf], [inf], [inf], [inf], [inf], [inf], [inf], [inf], [inf], [inf], [inf], [inf], [inf], [inf], [inf], [inf], [inf], [inf]],0,0.23709821701049805,104.57114934921265,1040
340,onnx/CIFAR100_resnet_medium.onnx,vnnlib/resnet_medium__label_20__idx_3539_global_k1024_eps_0.0039.vnnlib,100,unsat False,[[inf], [inf], [inf], [inf], [inf], [inf], [inf], [inf], [inf], [inf], [inf], [inf], [inf], [inf], [inf], [inf], [inf], [inf], [inf], [inf], [inf], [inf], [inf], [inf], [inf], [inf], [inf], [inf], [inf], [inf], [inf], [inf], [inf], [inf], [inf], [inf], [inf], [inf], [inf], [inf], [inf], [inf], [inf], [inf], [inf], [inf], [inf], [inf], [inf], [inf], [inf], [inf], [inf], [inf], [inf], [inf], [inf], [inf], [inf], [inf], [inf], [inf], [inf], [inf], [inf], [inf], [inf], [inf], [inf], [inf], [inf], [inf], [inf], [inf], [inf], [inf], [inf], [inf], [inf], [inf], [inf], [inf], [inf], [inf], [inf], [inf], [inf], [inf], [inf], [inf], [inf], [inf], [inf], [inf], [inf], [inf]],0,0.28315138816833496,11.62315034866333,1072
341,onnx/CIFAR100_resnet_medium.onnx,vnnlib/resnet_medium__label_20__idx_3539_fix_mask_seg0_k1024_eps_0.0039.vnnlib,100,unsat True,,,,4.108856439590454,0
342,onnx/CIFAR100_resnet_medium.onnx,vnnlib/resnet_medium__label_20__idx_3539_fix_nonmask_seg0_k1024_eps_0.0039.vnnlib,100,unsat False,[[inf], [inf], [inf], [inf], [inf], [inf], [inf], [inf], [inf], [inf], [inf], [inf], [inf], [inf], [inf], [inf], [inf], [inf], [inf], [inf], [inf], [inf], [inf], [inf], [inf], [inf], [inf], [inf], [inf], [inf], [inf], [inf], [inf], [inf], [inf], [inf], [inf], [inf], [inf], [inf], [inf], [inf], [inf], [inf], [inf], [inf], [inf], [inf], [inf], [inf], [inf], [inf], [inf], [inf], [inf], [inf], [inf], [inf], [inf], [inf], [inf], [inf], [inf], [inf], [inf], [inf], [inf], [inf], [inf], [inf], [inf], [inf], [inf], [inf], [inf], [inf], [inf], [inf], [inf], [inf], [inf], [inf], [inf], [inf], [inf], [inf], [inf], [inf], [inf], [inf], [inf], [inf], [inf], [inf], [inf], [inf], [inf], [inf]],0,0.35828471183776855,10.54604458808899,964
343,onnx/CIFAR100_resnet_medium.onnx,vnnlib/resnet_medium__label_20__idx_5266_global_k1024_eps_0.0039.vnnlib,100,timeout False,[[inf], [inf], [inf], [inf], [inf], [inf], [inf], [inf], [inf], [inf], [inf], [inf], [inf], [inf], [inf], [inf], [inf], [inf], [inf], [inf], [inf], [inf], [inf], [inf], [inf], [inf], [inf], [inf], [inf], [inf], [inf], [inf], [inf], [inf], [inf], [inf], [inf], [inf], [inf], [inf], [inf], [inf], [inf], [inf], [inf], [inf], [inf], [inf], [inf], [inf], [inf], [inf], [inf], [inf], [inf], [inf], [inf], [inf], [inf], [inf], [inf], [inf], [inf], [inf], [inf], [inf], [inf], [inf], [inf], [inf], [inf], [inf], [inf], [inf], [inf], [inf], [inf], [inf], [inf], [inf], [inf], [inf], [inf], [inf], [inf], [inf], [inf], [inf], [inf], [inf], [inf], [inf], [inf], [inf], [inf], [inf], [inf], [inf]],0,0.23200416564941406,101.61970925331116,680
344,onnx/CIFAR100_resnet_medium.onnx,vnnlib/resnet_medium__label_20__idx_5266_fix_mask_seg0_k1024_eps_0.0039.vnnlib,100,unsat True,,,,4.558956623077393,0
345,onnx/CIFAR100_resnet_medium.onnx,vnnlib/resnet_medium__label_20__idx_5266_fix_nonmask_seg0_k1024_eps_0.0039.vnnlib,100,unsat False,[[inf], [inf], [inf], [inf], [inf], [inf], [inf], [inf], [inf], [inf], [inf], [inf], [inf], [inf], [inf], [inf], [inf], [inf], [inf], [inf], [inf], [inf], [inf], [inf], [inf], [inf], [inf], [inf], [inf], [inf], [inf], [inf], [inf], [inf], [inf], [inf], [inf], [inf], [inf], [inf], [inf], [inf], [inf], [inf], [inf], [inf], [inf], [inf], [inf], [inf], [inf], [inf], [inf], [inf], [inf], [inf], [inf], [inf], [inf], [inf], [inf], [inf], [inf], [inf], [inf], [inf], [inf], [inf], [inf], [inf], [inf], [inf], [inf], [inf], [inf], [inf], [inf], [inf], [inf], [inf], [inf], [inf], [inf], [inf], [inf], [inf], [inf], [inf], [inf], [inf], [inf], [inf], [inf], [inf], [inf], [inf], [inf], [inf]],0,0.21813297271728516,10.2149498462677,593
346,onnx/CIFAR100_resnet_medium.onnx,vnnlib/resnet_medium__label_20__idx_9332_global_k1024_eps_0.0039.vnnlib,100,unsat False,[[inf], [inf], [inf], [inf], [inf], [inf], [inf], [inf], [inf], [inf], [inf], [inf], [inf], [inf], [inf], [inf], [inf], [inf], [inf], [inf], [inf], [inf], [inf], [inf], [inf], [inf], [inf], [inf], [inf], [inf], [inf], [inf], [inf], [inf], [inf], [inf], [inf], [inf], [inf], [inf], [inf], [inf], [inf], [inf], [inf], [inf], [inf], [inf], [inf], [inf], [inf], [inf], [inf], [inf], [inf], [inf], [inf], [inf], [inf], [inf], [inf], [inf], [inf], [inf], [inf], [inf], [inf], [inf], [inf], [inf], [inf], [inf], [inf], [inf], [inf], [inf], [inf], [inf], [inf], [inf], [inf], [inf], [inf], [inf], [inf], [inf], [inf], [inf], [inf], [inf], [inf], [inf], [inf], [inf], [inf], [inf], [inf], [inf]],0,0.23639440536499023,10.982735395431519,1100
347,onnx/CIFAR100_resnet_medium.onnx,vnnlib/resnet_medium__label_20__idx_9332_fix_mask_seg0_k1024_eps_0.0039.vnnlib,100,unsat True,,,,3.6358277797698975,0
348,onnx/CIFAR100_resnet_medium.onnx,vnnlib/resnet_medium__label_20__idx_9332_fix_nonmask_seg0_k1024_eps_0.0039.vnnlib,100,unsat True,,,,3.8579041957855225,0
349,onnx/CIFAR100_resnet_medium.onnx,vnnlib/resnet_medium__label_21__idx_4555_global_k1024_eps_0.0039.vnnlib,100,timeout False,[[inf], [inf], [inf], [inf], [inf], [inf], [inf], [inf], [inf], [inf], [inf], [inf], [inf], [inf], [inf], [inf], [inf], [inf], [inf], [inf], [inf], [inf], [inf], [inf], [inf], [inf], [inf], [inf], [inf], [inf], [inf], [inf], [inf], [inf], [inf], [inf], [inf], [inf], [inf], [inf], [inf], [inf], [inf], [inf], [inf], [inf], [inf], [inf], [inf], [inf], [inf], [inf], [inf], [inf], [inf], [inf], [inf], [inf], [inf], [inf], [inf], [inf], [inf], [inf], [inf], [inf], [inf], [inf], [inf], [inf], [inf], [inf], [inf], [inf], [inf], [inf], [inf], [inf], [inf], [inf], [inf], [inf], [inf], [inf], [inf], [inf], [inf], [inf], [inf], [inf], [inf], [inf], [inf], [inf], [inf], [inf], [inf]],0,0.18587470054626465,104.57691478729248,1024
350,onnx/CIFAR100_resnet_medium.onnx,vnnlib/resnet_medium__label_21__idx_4555_fix_mask_seg0_k1024_eps_0.0039.vnnlib,100,unsat True,,,,3.0712764263153076,0
351,onnx/CIFAR100_resnet_medium.onnx,vnnlib/resnet_medium__label_21__idx_4555_fix_nonmask_seg0_k1024_eps_0.0039.vnnlib,100,unsat False,[[inf], [inf], [inf], [inf], [inf], [inf], [inf], [inf], [inf], [inf], [inf], [inf], [inf], [inf], [inf], [inf], [inf], [inf], [inf], [inf], [inf], [inf], [inf], [inf], [inf], [inf], [inf], [inf], [inf], [inf], [inf], [inf], [inf], [inf], [inf], [inf], [inf], [inf], [inf], [inf], [inf], [inf], [inf], [inf], [inf], [inf], [inf], [inf], [inf], [inf], [inf], [inf], [inf], [inf], [inf], [inf], [inf], [inf], [inf], [inf], [inf], [inf], [inf], [inf], [inf], [inf], [inf], [inf], [inf], [inf], [inf], [inf], [inf], [inf], [inf], [inf], [inf], [inf], [inf], [inf], [inf], [inf], [inf], [inf], [inf], [inf], [inf], [inf], [inf], [inf], [inf], [inf], [inf], [inf], [inf], [inf], [inf], [inf]],0,0.1466360092163086,70.14085364341736,884
352,onnx/CIFAR100_resnet_medium.onnx,vnnlib/resnet_medium__label_25__idx_1061_global_k1024_eps_0.0039.vnnlib,100,unsat False,[[inf], [inf], [inf], [inf], [inf], [inf], [inf], [inf], [inf], [inf], [inf], [inf], [inf], [inf], [inf], [inf], [inf], [inf], [inf], [inf], [inf], [inf], [inf], [inf], [inf], [inf], [inf], [inf], [inf], [inf], [inf], [inf], [inf], [inf], [inf], [inf], [inf], [inf], [inf], [inf], [inf], [inf], [inf], [inf], [inf], [inf], [inf], [inf], [inf], [inf], [inf], [inf], [inf], [inf], [inf], [inf], [inf], [inf], [inf], [inf], [inf], [inf], [inf], [inf], [inf], [inf], [inf], [inf], [inf], [inf], [inf], [inf], [inf], [inf], [inf], [inf], [inf], [inf], [inf], [inf], [inf], [inf], [inf], [inf], [inf], [inf], [inf], [inf], [inf], [inf], [inf], [inf], [inf], [inf], [inf], [inf], [inf], [inf]],0,0.21945834159851074,11.842316389083862,867
353,onnx/CIFAR100_resnet_medium.onnx,vnnlib/resnet_medium__label_25__idx_1061_fix_mask_seg0_k1024_eps_0.0039.vnnlib,100,unsat True,,,,2.6568663120269775,0
354,onnx/CIFAR100_resnet_medium.onnx,vnnlib/resnet_medium__label_25__idx_1061_fix_nonmask_seg0_k1024_eps_0.0039.vnnlib,100,unsat False,[[inf], [inf], [inf], [inf], [inf], [inf], [inf], [inf], [inf], [inf], [inf], [inf], [inf], [inf], [inf], [inf], [inf], [inf], [inf], [inf], [inf], [inf], [inf], [inf], [inf], [inf], [inf], [inf], [inf], [inf], [inf], [inf], [inf], [inf], [inf], [inf], [inf], [inf], [inf], [inf], [inf], [inf], [inf], [inf], [inf], [inf], [inf], [inf], [inf], [inf], [inf], [inf], [inf], [inf], [inf], [inf], [inf], [inf], [inf], [inf], [inf], [inf], [inf], [inf], [inf], [inf], [inf], [inf], [inf], [inf], [inf], [inf], [inf], [inf], [inf], [inf], [inf], [inf], [inf], [inf], [inf], [inf], [inf], [inf], [inf], [inf], [inf], [inf], [inf], [inf], [inf], [inf], [inf], [inf], [inf], [inf], [inf], [inf]],0,0.20833897590637207,10.46340012550354,821
355,onnx/CIFAR100_resnet_medium.onnx,vnnlib/resnet_medium__label_25__idx_2893_global_k1024_eps_0.0039.vnnlib,100,unsat False,[[inf], [inf], [inf], [inf], [inf], [inf], [inf], [inf], [inf], [inf], [inf], [inf], [inf], [inf], [inf], [inf], [inf], [inf], [inf], [inf], [inf], [inf], [inf], [inf], [inf], [inf], [inf], [inf], [inf], [inf], [inf], [inf], [inf], [inf], [inf], [inf], [inf], [inf], [inf], [inf], [inf], [inf], [inf], [inf], [inf], [inf], [inf], [inf], [inf], [inf], [inf], [inf], [inf], [inf], [inf], [inf], [inf], [inf], [inf], [inf], [inf], [inf], [inf], [inf], [inf], [inf], [inf], [inf], [inf], [inf], [inf], [inf], [inf], [inf], [inf], [inf], [inf], [inf], [inf], [inf], [inf], [inf], [inf], [inf], [inf], [inf], [inf], [inf], [inf], [inf], [inf], [inf], [inf], [inf]],0,0.15324091911315918,44.732415437698364,946
356,onnx/CIFAR100_resnet_medium.onnx,vnnlib/resnet_medium__label_25__idx_2893_fix_mask_seg0_k1024_eps_0.0039.vnnlib,100,unsat True,,,,2.6140973567962646,0
357,onnx/CIFAR100_resnet_medium.onnx,vnnlib/resnet_medium__label_25__idx_2893_fix_nonmask_seg0_k1024_eps_0.0039.vnnlib,100,unsat False,[[inf], [inf], [inf], [inf], [inf], [0.06372261047363281], [inf], [inf], [inf], [inf], [inf], [inf], [inf], [inf], [inf], [inf], [inf], [inf], [inf], [inf], [inf], [inf], [inf], [inf], [inf], [inf], [inf], [inf], [inf], [inf], [inf], [inf], [inf], [inf], [inf], [inf], [inf], [inf], [inf], [inf], [inf], [inf], [inf], [inf], [inf], [inf], [inf], [inf], [inf], [inf], [inf], [inf], [inf], [inf], [inf], [inf], [inf], [inf], [inf], [inf], [inf], [inf], [inf], [inf], [inf], [inf], [inf], [inf], [inf], [inf], [inf], [inf], [inf], [inf], [inf], [inf], [inf], [inf], [inf], [inf], [inf], [inf], [inf], [inf], [inf], [inf], [inf], [inf], [inf], [inf], [inf], [inf], [inf], [inf], [inf], [inf], [inf], [inf]],0,0.30573201179504395,9.260675191879272,782
358,onnx/CIFAR100_resnet_medium.onnx,vnnlib/resnet_medium__label_25__idx_2906_global_k1024_eps_0.0039.vnnlib,100,sat True,,,,2.723264455795288,0
359,onnx/CIFAR100_resnet_medium.onnx,vnnlib/resnet_medium__label_25__idx_2906_fix_mask_seg0_k1024_eps_0.0039.vnnlib,100,unsat True,,,,2.756852865219116,0
360,onnx/CIFAR100_resnet_medium.onnx,vnnlib/resnet_medium__label_25__idx_2906_fix_nonmask_seg0_k1024_eps_0.0039.vnnlib,100,unsat False,[[inf], [inf], [inf], [inf], [inf], [inf], [inf], [inf], [inf], [inf], [inf], [inf], [inf], [inf], [inf], [inf], [inf], [inf], [inf], [inf], [inf], [inf], [inf], [inf], [inf], [inf], [inf], [inf], [inf], [inf], [inf], [inf], [inf], [inf], [inf], [inf], [inf], [inf], [inf], [inf], [inf], [inf], [inf], [inf], [inf], [inf], [inf], [inf], [inf], [inf], [inf], [inf], [inf], [inf], [inf], [inf], [inf], [inf], [inf], [inf], [inf], [inf], [inf], [inf], [inf], [inf], [inf], [inf], [inf], [inf], [inf], [inf], [inf], [inf], [inf], [inf], [inf], [inf], [inf], [inf], [inf], [inf], [inf], [inf], [inf], [inf], [inf], [inf], [inf], [inf], [inf], [inf], [inf], [inf], [inf], [inf], [inf], [inf]],0,0.23607301712036133,37.06217551231384,694
361,onnx/CIFAR100_resnet_medium.onnx,vnnlib/resnet_medium__label_26__idx_9099_global_k1024_eps_0.0039.vnnlib,100,timeout False,[[inf], [inf], [inf], [inf], [inf], [inf], [inf], [inf], [inf], [inf], [inf], [inf], [inf], [inf], [inf], [inf], [inf], [inf], [inf], [inf], [inf], [inf], [inf], [inf], [inf], [inf], [inf], [inf], [inf], [inf], [inf], [inf], [inf], [inf], [inf], [inf], [inf], [inf], [inf], [inf], [inf], [inf], [inf], [inf], [inf], [inf], [inf], [inf], [inf], [inf], [inf], [inf], [inf], [inf], [inf], [inf], [inf], [inf], [inf], [inf], [inf], [inf], [inf], [inf], [inf], [inf], [inf], [inf], [inf], [inf], [inf], [inf], [inf], [inf], [inf], [inf], [inf], [inf], [inf], [inf], [inf], [inf], [inf], [inf], [inf], [inf], [inf], [inf], [inf], [inf], [inf], [inf], [inf], [inf], [inf]],0,0.15270018577575684,104.38014554977417,1014
362,onnx/CIFAR100_resnet_medium.onnx,vnnlib/resnet_medium__label_26__idx_9099_fix_mask_seg0_k1024_eps_0.0039.vnnlib,100,unsat True,,,,2.6211025714874268,0
363,onnx/CIFAR100_resnet_medium.onnx,vnnlib/resnet_medium__label_26__idx_9099_fix_nonmask_seg0_k1024_eps_0.0039.vnnlib,100,timeout False,[[inf], [inf], [inf], [inf], [inf], [inf], [inf], [inf], [inf], [inf], [inf], [inf], [inf], [inf], [inf], [inf], [inf], [inf], [inf], [inf], [inf], [inf], [inf], [inf], [inf], [inf], [inf], [inf], [inf], [inf], [inf], [inf], [inf], [inf], [inf], [inf], [inf], [inf], [inf], [inf], [inf], [inf], [inf], [inf], [inf], [inf], [inf], [inf], [inf], [inf], [inf], [inf], [inf], [inf], [inf], [inf], [inf], [inf], [inf], [inf], [inf], [inf], [inf], [inf], [inf], [inf], [inf], [inf], [inf], [inf], [inf], [inf], [inf], [inf], [inf], [inf], [inf], [inf], [inf], [inf], [inf], [inf], [inf], [inf], [inf], [inf], [inf], [inf], [inf], [inf], [inf], [inf], [inf], [inf], [inf]],0,0.15041613578796387,102.02715539932251,979
364,onnx/CIFAR100_resnet_medium.onnx,vnnlib/resnet_medium__label_27__idx_1968_global_k1024_eps_0.0039.vnnlib,100,unsat False,[[inf], [inf], [inf], [inf], [inf], [inf], [inf], [inf], [inf], [inf], [inf], [inf], [inf], [inf], [inf], [inf], [inf], [inf], [0.13752508163452148], [inf], [inf], [inf], [inf], [inf], [inf], [inf], [inf], [inf], [inf], [inf], [inf], [inf], [inf], [inf], [inf], [inf], [inf], [inf], [inf], [inf], [inf], [inf], [inf], [inf], [inf], [inf], [inf], [inf], [inf], [inf], [inf], [inf], [inf], [inf], [inf], [inf], [inf], [inf], [inf], [inf], [0.02225518226623535], [inf], [inf], [inf], [inf], [inf], [inf], [inf], [inf], [inf], [inf], [inf], [inf], [inf], [inf], [inf], [inf], [0.024343550205230713], [inf], [inf], [inf], [inf], [inf], [inf], [inf], [inf], [inf], [inf], [inf], [inf], [inf], [inf], [inf], [inf], [inf], [inf]],0,0.25519657135009766,30.2400381565094,1180
365,onnx/CIFAR100_resnet_medium.onnx,vnnlib/resnet_medium__label_27__idx_1968_fix_mask_seg0_k1024_eps_0.0039.vnnlib,100,unsat True,,,,2.926502227783203,0
366,onnx/CIFAR100_resnet_medium.onnx,vnnlib/resnet_medium__label_27__idx_1968_fix_nonmask_seg0_k1024_eps_0.0039.vnnlib,100,unsat False,[[inf], [inf], [inf], [inf], [inf], [inf], [inf], [inf], [inf], [inf], [inf], [inf], [inf], [inf], [inf], [inf], [inf], [inf], [inf], [inf], [inf], [inf], [inf], [inf], [inf], [inf], [inf], [inf], [inf], [inf], [inf], [inf], [inf], [inf], [inf], [inf], [inf], [inf], [inf], [inf], [inf], [inf], [inf], [0.009514808654785156], [inf], [inf], [inf], [inf], [inf], [inf], [inf], [inf], [inf], [inf], [inf], [inf], [inf], [inf], [inf], [inf], [inf], [inf], [inf], [inf], [inf], [inf], [inf], [inf], [inf], [inf], [inf], [inf], [inf], [inf], [inf], [inf], [inf], [inf], [inf], [inf], [inf], [inf], [inf], [inf], [inf], [inf], [inf], [inf], [inf], [inf], [inf], [inf], [inf], [inf], [inf], [inf], [inf], [inf]],0,0.14938974380493164,9.41853141784668,921
367,onnx/CIFAR100_resnet_medium.onnx,vnnlib/resnet_medium__label_27__idx_3020_global_k1024_eps_0.0039.vnnlib,100,sat True,,,,4.241715669631958,0
368,onnx/CIFAR100_resnet_medium.onnx,vnnlib/resnet_medium__label_27__idx_3020_fix_mask_seg0_k1024_eps_0.0039.vnnlib,100,unsat True,,,,2.9136083126068115,0
369,onnx/CIFAR100_resnet_medium.onnx,vnnlib/resnet_medium__label_27__idx_3020_fix_nonmask_seg0_k1024_eps_0.0039.vnnlib,100,timeout False,[[inf], [inf], [inf], [inf], [inf], [inf], [inf], [inf], [inf], [inf], [inf], [inf], [inf], [inf], [inf], [inf], [inf], [inf], [inf], [inf], [inf], [inf], [inf], [inf], [inf], [inf], [inf], [inf], [inf], [inf], [inf], [inf], [inf], [inf], [inf], [inf], [0.061528801918029785], [inf], [inf], [inf], [inf], [inf], [inf], [inf], [inf], [inf], [inf], [inf], [inf], [inf], [inf], [inf], [inf], [inf], [inf], [inf], [inf], [inf], [inf], [inf], [inf], [inf], [inf], [inf], [inf], [inf], [inf], [inf], [inf], [inf], [inf], [inf], [inf], [inf], [inf], [inf], [inf], [inf], [inf], [inf], [inf], [inf], [inf], [inf], [inf], [inf], [inf], [inf], [inf], [inf], [inf], [inf], [inf], [inf], [inf], [inf], [inf]],0,0.15777111053466797,101.61869525909424,981
370,onnx/CIFAR100_resnet_medium.onnx,vnnlib/resnet_medium__label_29__idx_5525_global_k1024_eps_0.0039.vnnlib,100,sat True,,,,4.1082847118377686,0
371,onnx/CIFAR100_resnet_medium.onnx,vnnlib/resnet_medium__label_29__idx_5525_fix_mask_seg0_k1024_eps_0.0039.vnnlib,100,unsat False,[[inf], [inf], [inf], [inf], [inf], [inf], [inf], [inf], [inf], [inf], [inf], [inf], [inf], [inf], [inf], [inf], [inf], [inf], [inf], [inf], [inf], [inf], [inf], [inf], [inf], [inf], [inf], [inf], [inf], [inf], [inf], [inf], [inf], [inf], [inf], [inf], [inf], [inf], [inf], [inf], [inf], [inf], [inf], [inf], [inf], [inf], [inf], [inf], [inf], [inf], [inf], [inf], [inf], [inf], [inf], [inf], [inf], [inf], [inf], [inf], [inf], [inf], [inf], [inf], [inf], [inf], [inf], [inf], [inf], [inf], [inf], [inf], [inf], [inf], [inf], [inf], [inf], [inf], [inf], [inf], [inf], [inf], [inf], [inf], [inf], [inf], [inf], [inf], [inf], [inf], [inf], [inf], [inf], [inf], [inf], [inf], [inf], [inf]],0,0.1515195369720459,9.297399282455444,375
372,onnx/CIFAR100_resnet_medium.onnx,vnnlib/resnet_medium__label_29__idx_5525_fix_nonmask_seg0_k1024_eps_0.0039.vnnlib,100,sat True,,,,3.478748321533203,0
373,onnx/CIFAR100_resnet_medium.onnx,vnnlib/resnet_medium__label_2__idx_8228_global_k1024_eps_0.0039.vnnlib,100,unsat False,[[inf], [inf], [inf], [inf], [inf], [inf], [inf], [inf], [inf], [inf], [inf], [inf], [inf], [inf], [inf], [inf], [inf], [inf], [inf], [inf], [inf], [inf], [inf], [inf], [inf], [inf], [inf], [inf], [inf], [inf], [inf], [inf], [inf], [inf], [inf], [inf], [inf], [inf], [inf], [inf], [inf], [inf], [inf], [inf], [inf], [inf], [inf], [inf], [inf], [inf], [inf], [inf], [inf], [inf], [inf], [inf], [inf], [inf], [inf], [inf], [inf], [inf], [inf], [inf], [inf], [inf], [inf], [inf], [inf], [inf], [inf], [inf], [inf], [inf], [inf], [inf], [inf], [inf], [inf], [inf], [inf], [inf], [inf], [inf], [inf], [inf], [inf], [inf], [inf], [inf], [inf], [inf], [inf], [inf], [inf], [inf], [inf], [inf]],0,0.2336742877960205,15.385545492172241,1141
374,onnx/CIFAR100_resnet_medium.onnx,vnnlib/resnet_medium__label_2__idx_8228_fix_mask_seg0_k1024_eps_0.0039.vnnlib,100,unsat True,,,,2.847315788269043,0
375,onnx/CIFAR100_resnet_medium.onnx,vnnlib/resnet_medium__label_2__idx_8228_fix_nonmask_seg0_k1024_eps_0.0039.vnnlib,100,unsat True,,,,6.704602003097534,0
376,onnx/CIFAR100_resnet_medium.onnx,vnnlib/resnet_medium__label_2__idx_8815_global_k1024_eps_0.0039.vnnlib,100,unsat False,[[inf], [inf], [inf], [inf], [inf], [inf], [inf], [inf], [inf], [inf], [inf], [inf], [inf], [inf], [inf], [inf], [inf], [inf], [inf], [inf], [inf], [inf], [inf], [inf], [inf], [inf], [inf], [inf], [inf], [inf], [inf], [inf], [inf], [inf], [inf], [inf], [inf], [inf], [inf], [inf], [inf], [inf], [inf], [inf], [inf], [inf], [inf], [inf], [inf], [inf], [inf], [inf], [inf], [inf], [inf], [inf], [inf], [inf], [inf], [inf], [inf], [inf], [inf], [inf], [inf], [inf], [inf], [inf], [inf], [inf], [inf], [inf], [inf], [inf], [inf], [inf], [inf], [inf], [inf], [inf], [inf], [inf], [inf], [inf], [inf], [inf], [inf], [inf], [inf], [inf], [inf], [inf], [inf], [inf], [inf], [inf], [inf]],0,0.23543238639831543,32.644083976745605,1036
377,onnx/CIFAR100_resnet_medium.onnx,vnnlib/resnet_medium__label_2__idx_8815_fix_mask_seg0_k1024_eps_0.0039.vnnlib,100,unsat True,,,,3.515288829803467,0
378,onnx/CIFAR100_resnet_medium.onnx,vnnlib/resnet_medium__label_2__idx_8815_fix_nonmask_seg0_k1024_eps_0.0039.vnnlib,100,unsat False,[[inf], [inf], [inf], [inf], [inf], [inf], [inf], [inf], [inf], [inf], [inf], [inf], [inf], [inf], [inf], [inf], [inf], [inf], [inf], [inf], [inf], [inf], [inf], [inf], [inf], [inf], [inf], [inf], [inf], [inf], [inf], [inf], [inf], [inf], [inf], [inf], [inf], [inf], [inf], [inf], [inf], [inf], [inf], [inf], [inf], [inf], [inf], [inf], [inf], [inf], [inf], [inf], [inf], [inf], [inf], [inf], [inf], [inf], [inf], [inf], [inf], [inf], [inf], [inf], [inf], [inf], [inf], [inf], [inf], [inf], [inf], [inf], [inf], [inf], [inf], [inf], [inf], [inf], [inf], [inf], [inf], [inf], [inf], [inf], [inf], [inf], [inf], [inf], [inf], [inf], [inf], [inf], [inf], [inf], [inf], [inf], [inf], [inf]],0,0.23374319076538086,10.40181827545166,753
379,onnx/CIFAR100_resnet_medium.onnx,vnnlib/resnet_medium__label_30__idx_282_global_k1024_eps_0.0039.vnnlib,100,timeout False,[[inf], [inf], [inf], [inf], [inf], [inf], [inf], [inf], [inf], [inf], [inf], [inf], [inf], [inf], [inf], [inf], [inf], [inf], [inf], [inf], [inf], [inf], [inf], [inf], [inf], [inf], [inf], [inf], [inf], [inf], [inf], [inf], [inf], [inf], [inf], [inf], [inf], [inf], [inf], [inf], [inf], [inf], [inf], [inf], [inf], [inf], [inf], [inf], [inf], [inf], [inf], [inf], [inf], [inf], [inf], [inf], [inf], [inf], [inf], [inf], [inf], [inf], [inf], [inf], [inf], [inf], [inf], [inf], [inf], [inf], [inf], [inf], [inf], [inf], [inf], [inf], [inf], [inf], [inf], [inf], [inf], [inf], [inf], [inf], [inf], [inf], [inf], [inf], [inf], [inf], [inf], [inf], [inf], [inf], [inf], [inf], [inf], [inf]],0,0.23863816261291504,104.58488655090332,949
380,onnx/CIFAR100_resnet_medium.onnx,vnnlib/resnet_medium__label_30__idx_282_fix_mask_seg0_k1024_eps_0.0039.vnnlib,100,unsat True,,,,3.2794229984283447,0
381,onnx/CIFAR100_resnet_medium.onnx,vnnlib/resnet_medium__label_30__idx_282_fix_nonmask_seg0_k1024_eps_0.0039.vnnlib,100,timeout False,[[inf], [inf], [inf], [inf], [inf], [inf], [inf], [inf], [inf], [inf], [inf], [inf], [inf], [inf], [inf], [inf], [inf], [inf], [inf], [inf], [inf], [inf], [inf], [inf], [inf], [inf], [inf], [inf], [inf], [inf], [inf], [inf], [inf], [inf], [inf], [inf], [inf], [inf], [inf], [inf], [inf], [inf], [inf], [inf], [inf], [inf], [inf], [inf], [inf], [inf], [inf], [inf], [inf], [inf], [inf], [inf], [inf], [inf], [inf], [inf], [inf], [inf], [inf], [inf], [inf], [inf], [inf], [inf], [inf], [inf], [inf], [inf], [inf], [inf], [inf], [inf], [inf], [inf], [inf], [inf], [inf], [inf], [inf], [inf], [inf], [inf], [inf], [inf], [inf], [inf], [inf], [inf], [inf], [inf], [inf], [inf], [inf], [inf]],0,0.17033624649047852,101.23815393447876,949
382,onnx/CIFAR100_resnet_medium.onnx,vnnlib/resnet_medium__label_31__idx_2848_global_k1024_eps_0.0039.vnnlib,100,unsat False,[[inf], [inf], [inf], [inf], [0.04836249351501465], [inf], [inf], [inf], [inf], [inf], [inf], [inf], [inf], [inf], [inf], [inf], [inf], [inf], [inf], [inf], [inf], [inf], [inf], [inf], [inf], [inf], [inf], [inf], [inf], [inf], [inf], [inf], [inf], [inf], [inf], [inf], [inf], [inf], [inf], [inf], [inf], [inf], [inf], [inf], [inf], [inf], [inf], [inf], [inf], [inf], [inf], [inf], [inf], [inf], [inf], [inf], [inf], [inf], [inf], [inf], [inf], [inf], [inf], [inf], [inf], [inf], [inf], [inf], [inf], [inf], [inf], [inf], [inf], [inf], [inf], [inf], [inf], [inf], [inf], [inf], [inf], [inf], [inf], [inf], [inf], [inf], [inf], [inf], [inf], [inf], [inf], [inf], [inf], [inf], [inf], [inf], [inf], [inf]],0,0.22971892356872559,15.180664777755737,1072
383,onnx/CIFAR100_resnet_medium.onnx,vnnlib/resnet_medium__label_31__idx_2848_fix_mask_seg0_k1024_eps_0.0039.vnnlib,100,unsat True,,,,4.458008766174316,0
384,onnx/CIFAR100_resnet_medium.onnx,vnnlib/resnet_medium__label_31__idx_2848_fix_nonmask_seg0_k1024_eps_0.0039.vnnlib,100,unsat False,[[inf], [inf], [inf], [inf], [inf], [inf], [inf], [inf], [inf], [inf], [inf], [inf], [inf], [inf], [inf], [inf], [inf], [inf], [inf], [inf], [inf], [inf], [inf], [inf], [inf], [inf], [inf], [inf], [inf], [inf], [inf], [inf], [inf], [inf], [inf], [inf], [inf], [inf], [inf], [inf], [inf], [inf], [inf], [inf], [inf], [inf], [inf], [inf], [inf], [inf], [inf], [inf], [inf], [inf], [inf], [inf], [inf], [inf], [inf], [inf], [inf], [inf], [inf], [inf], [inf], [inf], [inf], [inf], [inf], [inf], [inf], [inf], [inf], [inf], [inf], [inf], [inf], [inf], [inf], [inf], [inf], [inf], [inf], [inf], [inf], [inf], [inf], [inf], [inf], [inf], [inf], [inf], [inf], [inf], [inf], [inf], [inf], [inf]],0,0.15240812301635742,9.316386938095093,932
385,onnx/CIFAR100_resnet_medium.onnx,vnnlib/resnet_medium__label_31__idx_4651_global_k1024_eps_0.0039.vnnlib,100,unsat False,[[inf], [inf], [inf], [inf], [inf], [inf], [inf], [inf], [inf], [inf], [inf], [inf], [inf], [inf], [inf], [inf], [inf], [inf], [inf], [inf], [inf], [inf], [inf], [inf], [inf], [inf], [inf], [inf], [inf], [inf], [inf], [inf], [inf], [inf], [inf], [inf], [0.04370009899139404], [inf], [inf], [inf], [inf], [inf], [inf], [inf], [inf], [inf], [inf], [inf], [inf], [inf], [inf], [inf], [inf], [inf], [inf], [inf], [inf], [inf], [inf], [inf], [inf], [inf], [inf], [inf], [inf], [inf], [inf], [inf], [inf], [inf], [inf], [inf], [inf], [inf], [inf], [inf], [inf], [inf], [inf], [inf], [inf], [inf], [inf], [inf], [inf], [inf], [inf], [inf], [inf], [inf], [inf], [inf], [inf], [inf], [inf], [inf], [inf], [inf]],0,0.16765451431274414,13.621092796325684,1099
386,onnx/CIFAR100_resnet_medium.onnx,vnnlib/resnet_medium__label_31__idx_4651_fix_mask_seg0_k1024_eps_0.0039.vnnlib,100,unsat True,,,,3.2292282581329346,0
387,onnx/CIFAR100_resnet_medium.onnx,vnnlib/resnet_medium__label_31__idx_4651_fix_nonmask_seg0_k1024_eps_0.0039.vnnlib,100,unsat True,,,,3.549232244491577,0
388,onnx/CIFAR100_resnet_medium.onnx,vnnlib/resnet_medium__label_33__idx_1208_global_k1024_eps_0.0039.vnnlib,100,unsat False,[[inf], [inf], [inf], [inf], [inf], [inf], [inf], [inf], [inf], [inf], [inf], [inf], [inf], [inf], [inf], [inf], [inf], [inf], [inf], [inf], [inf], [inf], [inf], [inf], [inf], [inf], [inf], [inf], [inf], [inf], [inf], [inf], [inf], [inf], [inf], [inf], [inf], [inf], [inf], [inf], [inf], [inf], [inf], [inf], [inf], [inf], [inf], [inf], [inf], [inf], [inf], [inf], [inf], [inf], [inf], [inf], [inf], [inf], [inf], [inf], [inf], [inf], [inf], [inf], [inf], [inf], [inf], [inf], [inf], [inf], [inf], [inf], [inf], [inf], [inf], [inf], [inf], [inf], [inf], [inf], [inf], [inf], [inf], [inf], [inf], [inf], [inf], [inf], [inf], [inf], [inf], [inf], [inf], [inf], [inf], [inf], [inf], [inf]],0,0.23593735694885254,11.726907014846802,1255
389,onnx/CIFAR100_resnet_medium.onnx,vnnlib/resnet_medium__label_33__idx_1208_fix_mask_seg0_k1024_eps_0.0039.vnnlib,100,unsat True,,,,3.2547216415405273,0
390,onnx/CIFAR100_resnet_medium.onnx,vnnlib/resnet_medium__label_33__idx_1208_fix_nonmask_seg0_k1024_eps_0.0039.vnnlib,100,unsat True,,,,4.1043150424957275,0
391,onnx/CIFAR100_resnet_medium.onnx,vnnlib/resnet_medium__label_33__idx_2330_global_k1024_eps_0.0039.vnnlib,100,unsat False,[[inf], [inf], [inf], [inf], [inf], [inf], [inf], [inf], [inf], [inf], [0.1045370101928711], [inf], [inf], [inf], [inf], [inf], [inf], [inf], [inf], [inf], [inf], [inf], [0.17632198333740234], [inf], [inf], [inf], [inf], [inf], [inf], [inf], [inf], [inf], [inf], [inf], [inf], [inf], [inf], [inf], [inf], [inf], [inf], [inf], [inf], [inf], [inf], [inf], [inf], [inf], [inf], [inf], [inf], [inf], [inf], [inf], [inf], [inf], [inf], [inf], [inf], [inf], [inf], [inf], [inf], [inf], [inf], [inf], [inf], [inf], [inf], [inf], [inf], [inf], [inf], [inf], [inf], [inf], [inf], [inf], [inf], [inf], [inf], [inf], [inf], [inf], [inf], [inf], [inf], [inf], [inf], [inf], [inf], [inf], [inf], [inf], [inf], [inf], [inf]],0,0.2239391803741455,12.842177867889404,1247
392,onnx/CIFAR100_resnet_medium.onnx,vnnlib/resnet_medium__label_33__idx_2330_fix_mask_seg0_k1024_eps_0.0039.vnnlib,100,unsat True,,,,3.672736167907715,0
393,onnx/CIFAR100_resnet_medium.onnx,vnnlib/resnet_medium__label_33__idx_2330_fix_nonmask_seg0_k1024_eps_0.0039.vnnlib,100,unsat True,,,,5.650444984436035,0
394,onnx/CIFAR100_resnet_medium.onnx,vnnlib/resnet_medium__label_33__idx_3933_global_k1024_eps_0.0039.vnnlib,100,unsat False,[[inf], [inf], [inf], [inf], [inf], [inf], [inf], [inf], [inf], [inf], [inf], [inf], [inf], [inf], [inf], [inf], [inf], [inf], [inf], [inf], [inf], [inf], [inf], [inf], [inf], [inf], [inf], [inf], [inf], [inf], [inf], [inf], [inf], [inf], [inf], [inf], [inf], [inf], [inf], [inf], [inf], [inf], [inf], [inf], [inf], [inf], [inf], [inf], [inf], [inf], [inf], [inf], [inf], [inf], [inf], [inf], [inf], [inf], [inf], [inf], [inf], [inf], [inf], [inf], [inf], [inf], [inf], [inf], [inf], [inf], [inf], [inf], [inf], [inf], [inf], [inf], [inf], [inf], [inf], [inf], [inf], [inf], [inf], [inf], [inf], [inf], [inf], [inf], [inf], [inf], [inf], [inf], [inf], [inf], [inf], [inf], [inf], [inf]],0,0.15299153327941895,19.228611707687378,1086
395,onnx/CIFAR100_resnet_medium.onnx,vnnlib/resnet_medium__label_33__idx_3933_fix_mask_seg0_k1024_eps_0.0039.vnnlib,100,unsat True,,,,3.522270917892456,0
396,onnx/CIFAR100_resnet_medium.onnx,vnnlib/resnet_medium__label_33__idx_3933_fix_nonmask_seg0_k1024_eps_0.0039.vnnlib,100,unsat False,[[inf], [inf], [inf], [inf], [inf], [inf], [inf], [inf], [inf], [inf], [inf], [inf], [inf], [inf], [inf], [inf], [inf], [inf], [inf], [inf], [inf], [inf], [inf], [inf], [inf], [inf], [inf], [inf], [inf], [inf], [inf], [inf], [inf], [inf], [inf], [inf], [inf], [inf], [inf], [inf], [inf], [inf], [inf], [inf], [inf], [inf], [inf], [inf], [inf], [inf], [inf], [inf], [inf], [inf], [inf], [inf], [inf], [inf], [inf], [inf], [inf], [inf], [inf], [inf], [inf], [inf], [inf], [inf], [inf], [inf], [inf], [inf], [inf], [inf], [inf], [inf], [inf], [inf], [inf], [inf], [inf], [inf], [inf], [inf], [inf], [inf], [inf], [inf], [inf], [inf], [inf], [inf], [inf], [inf], [inf], [inf], [inf], [inf]],0,0.2304520606994629,24.255406379699707,1086
397,onnx/CIFAR100_resnet_medium.onnx,vnnlib/resnet_medium__label_33__idx_5659_global_k1024_eps_0.0039.vnnlib,100,unsat False,[[inf], [inf], [inf], [inf], [inf], [inf], [inf], [inf], [inf], [inf], [inf], [inf], [inf], [inf], [inf], [inf], [inf], [inf], [inf], [inf], [inf], [inf], [inf], [inf], [inf], [inf], [inf], [inf], [inf], [inf], [inf], [inf], [inf], [inf], [inf], [inf], [inf], [inf], [inf], [inf], [inf], [inf], [inf], [inf], [inf], [inf], [inf], [inf], [inf], [inf], [inf], [inf], [inf], [inf], [inf], [inf], [inf], [inf], [inf], [inf], [inf], [inf], [inf], [inf], [inf], [inf], [inf], [inf], [inf], [inf], [inf], [inf], [inf], [inf], [inf], [inf], [inf], [inf], [inf], [inf], [inf], [inf], [inf], [inf], [inf], [inf], [inf], [inf], [inf], [inf], [inf], [inf], [inf], [inf], [inf], [inf], [inf], [inf]],0,0.23587441444396973,28.79395818710327,1218
398,onnx/CIFAR100_resnet_medium.onnx,vnnlib/resnet_medium__label_33__idx_5659_fix_mask_seg0_k1024_eps_0.0039.vnnlib,100,unsat True,,,,4.249106168746948,0
399,onnx/CIFAR100_resnet_medium.onnx,vnnlib/resnet_medium__label_33__idx_5659_fix_nonmask_seg0_k1024_eps_0.0039.vnnlib,100,unsat False,[[inf], [inf], [inf], [inf], [inf], [inf], [inf], [inf], [inf], [inf], [inf], [inf], [inf], [inf], [inf], [inf], [inf], [inf], [inf], [inf], [inf], [inf], [inf], [inf], [inf], [inf], [inf], [inf], [inf], [inf], [inf], [inf], [inf], [inf], [inf], [inf], [inf], [inf], [inf], [inf], [inf], [inf], [inf], [inf], [inf], [inf], [inf], [inf], [inf], [inf], [inf], [inf], [inf], [inf], [inf], [inf], [inf], [inf], [inf], [inf], [inf], [inf], [inf], [inf], [inf], [inf], [inf], [inf], [inf], [inf], [inf], [inf], [inf], [inf], [inf], [inf], [inf], [inf], [inf], [inf], [inf], [inf], [inf], [inf], [inf], [inf], [inf], [inf], [inf], [inf], [inf], [inf], [inf], [inf], [inf], [inf], [inf], [inf]],0,0.2770047187805176,12.704710721969604,1088
400,onnx/CIFAR100_resnet_medium.onnx,vnnlib/resnet_medium__label_34__idx_3617_global_k1024_eps_0.0039.vnnlib,100,unsat False,[[inf], [inf], [inf], [inf], [inf], [inf], [inf], [inf], [inf], [inf], [inf], [inf], [inf], [inf], [inf], [inf], [inf], [inf], [inf], [inf], [inf], [inf], [inf], [inf], [inf], [inf], [inf], [inf], [inf], [inf], [inf], [inf], [inf], [inf], [inf], [inf], [inf], [inf], [inf], [inf], [inf], [inf], [inf], [inf], [inf], [inf], [inf], [inf], [inf], [inf], [inf], [inf], [inf], [inf], [inf], [inf], [inf], [inf], [inf], [inf], [inf], [inf], [inf], [inf], [inf], [inf], [inf], [inf], [inf], [inf], [inf], [inf], [inf], [inf], [inf], [inf], [inf], [inf], [inf], [inf], [inf], [inf], [inf], [inf], [inf], [inf], [inf], [inf], [inf], [inf], [inf], [inf], [inf], [inf], [inf], [inf], [inf], [inf]],0,0.14330220222473145,11.29853343963623,1195
401,onnx/CIFAR100_resnet_medium.onnx,vnnlib/resnet_medium__label_34__idx_3617_fix_mask_seg0_k1024_eps_0.0039.vnnlib,100,unsat True,,,,3.2684285640716553,0
402,onnx/CIFAR100_resnet_medium.onnx,vnnlib/resnet_medium__label_34__idx_3617_fix_nonmask_seg0_k1024_eps_0.0039.vnnlib,100,unsat True,,,,6.399487495422363,0
403,onnx/CIFAR100_resnet_medium.onnx,vnnlib/resnet_medium__label_37__idx_6343_global_k1024_eps_0.0039.vnnlib,100,timeout False,[[inf], [inf], [inf], [inf], [inf], [inf], [inf], [inf], [inf], [inf], [inf], [inf], [inf], [inf], [inf], [inf], [inf], [inf], [inf], [inf], [inf], [inf], [inf], [inf], [inf], [inf], [inf], [inf], [inf], [inf], [inf], [inf], [inf], [inf], [inf], [inf], [inf], [inf], [inf], [inf], [inf], [inf], [inf], [inf], [inf], [inf], [inf], [inf], [inf], [inf], [inf], [inf], [inf], [inf], [inf], [inf], [inf], [inf], [inf], [inf], [inf], [inf], [inf], [inf], [inf], [inf], [inf], [inf], [inf], [inf], [inf], [inf], [inf], [inf], [inf], [inf], [inf], [inf], [inf], [0.08690428733825684], [inf], [inf], [inf], [inf], [inf], [inf], [inf], [inf], [inf], [inf], [inf], [inf], [inf], [inf], [inf], [inf], [inf], [inf]],0,0.23192858695983887,103.45710182189941,1048
404,onnx/CIFAR100_resnet_medium.onnx,vnnlib/resnet_medium__label_37__idx_6343_fix_mask_seg0_k1024_eps_0.0039.vnnlib,100,unsat True,,,,3.2920050621032715,0
405,onnx/CIFAR100_resnet_medium.onnx,vnnlib/resnet_medium__label_37__idx_6343_fix_nonmask_seg0_k1024_eps_0.0039.vnnlib,100,unsat False,[[inf], [inf], [inf], [inf], [inf], [inf], [inf], [inf], [inf], [inf], [inf], [inf], [inf], [inf], [inf], [inf], [inf], [inf], [inf], [inf], [inf], [inf], [inf], [inf], [inf], [inf], [inf], [inf], [inf], [inf], [inf], [inf], [inf], [inf], [inf], [inf], [inf], [inf], [inf], [inf], [inf], [inf], [inf], [inf], [inf], [inf], [inf], [inf], [inf], [inf], [inf], [inf], [inf], [inf], [inf], [inf], [inf], [inf], [inf], [inf], [inf], [inf], [inf], [inf], [inf], [inf], [inf], [inf], [inf], [inf], [inf], [inf], [inf], [inf], [inf], [inf], [inf], [inf], [inf], [inf], [inf], [inf], [inf], [inf], [inf], [inf], [inf], [inf], [inf], [inf], [inf], [inf], [inf], [inf], [inf], [inf], [inf], [inf]],0,0.28916144371032715,10.560147047042847,831
406,onnx/CIFAR100_resnet_medium.onnx,vnnlib/resnet_medium__label_37__idx_7644_global_k1024_eps_0.0039.vnnlib,100,timeout False,[[inf], [inf], [inf], [inf], [inf], [inf], [inf], [inf], [inf], [inf], [inf], [inf], [inf], [inf], [inf], [inf], [inf], [inf], [inf], [inf], [inf], [inf], [inf], [inf], [inf], [inf], [inf], [inf], [inf], [inf], [inf], [inf], [inf], [inf], [inf], [inf], [inf], [inf], [inf], [inf], [inf], [inf], [inf], [inf], [inf], [inf], [inf], [inf], [inf], [inf], [inf], [inf], [inf], [inf], [inf], [inf], [inf], [inf], [inf], [inf], [inf], [inf], [inf], [inf], [inf], [inf], [inf], [inf], [inf], [inf], [inf], [inf], [inf], [inf], [inf], [inf], [inf], [inf], [inf], [inf], [inf], [inf], [inf], [inf], [inf], [inf], [inf], [inf], [inf], [inf], [inf], [inf], [inf], [inf], [inf], [inf], [inf], [inf]],0,0.21003413200378418,101.5881597995758,838
407,onnx/CIFAR100_resnet_medium.onnx,vnnlib/resnet_medium__label_37__idx_7644_fix_mask_seg0_k1024_eps_0.0039.vnnlib,100,unsat True,,,,2.472268581390381,0
408,onnx/CIFAR100_resnet_medium.onnx,vnnlib/resnet_medium__label_37__idx_7644_fix_nonmask_seg0_k1024_eps_0.0039.vnnlib,100,unsat False,[[inf], [inf], [inf], [inf], [inf], [inf], [inf], [inf], [inf], [inf], [inf], [inf], [inf], [inf], [inf], [inf], [inf], [inf], [inf], [inf], [inf], [inf], [inf], [inf], [inf], [inf], [inf], [inf], [inf], [inf], [inf], [inf], [inf], [inf], [inf], [inf], [inf], [inf], [inf], [inf], [inf], [inf], [inf], [inf], [inf], [inf], [inf], [inf], [inf], [inf], [inf], [inf], [inf], [inf], [inf], [inf], [inf], [inf], [inf], [inf], [inf], [inf], [inf], [inf], [inf], [inf], [inf], [inf], [inf], [inf], [inf], [inf], [inf], [inf], [inf], [inf], [inf], [inf], [inf], [inf], [inf], [inf], [inf], [inf], [inf], [inf], [inf], [inf], [inf], [inf], [inf], [inf], [inf], [inf], [inf], [inf], [inf], [inf]],0,0.23617959022521973,11.167560577392578,739
409,onnx/CIFAR100_resnet_medium.onnx,vnnlib/resnet_medium__label_42__idx_2704_global_k1024_eps_0.0039.vnnlib,100,sat True,,,,4.548355340957642,0
410,onnx/CIFAR100_resnet_medium.onnx,vnnlib/resnet_medium__label_42__idx_2704_fix_mask_seg0_k1024_eps_0.0039.vnnlib,100,unsat True,,,,3.145357370376587,0
411,onnx/CIFAR100_resnet_medium.onnx,vnnlib/resnet_medium__label_42__idx_2704_fix_nonmask_seg0_k1024_eps_0.0039.vnnlib,100,timeout False,[[inf], [inf], [inf], [inf], [inf], [inf], [inf], [inf], [inf], [inf], [inf], [inf], [inf], [inf], [inf], [inf], [inf], [inf], [inf], [inf], [inf], [inf], [inf], [inf], [inf], [inf], [inf], [inf], [inf], [inf], [inf], [inf], [inf], [inf], [inf], [inf], [inf], [inf], [inf], [inf], [inf], [inf], [inf], [inf], [inf], [inf], [inf], [inf], [inf], [inf], [inf], [inf], [inf], [inf], [inf], [inf], [inf], [inf], [inf], [inf], [inf], [inf], [inf], [inf], [inf], [inf], [inf], [inf], [inf], [inf], [inf], [inf], [inf], [inf], [inf], [inf], [inf], [inf], [inf], [inf], [inf], [inf], [inf], [inf], [inf], [inf], [inf], [inf], [inf], [inf], [inf], [inf], [inf], [inf], [inf], [inf], [inf]],0,0.299422025680542,101.7067551612854,1270
412,onnx/CIFAR100_resnet_medium.onnx,vnnlib/resnet_medium__label_42__idx_6462_global_k1024_eps_0.0039.vnnlib,100,timeout False,[[inf], [inf], [inf], [inf], [inf], [inf], [inf], [inf], [inf], [inf], [inf], [inf], [inf], [inf], [inf], [inf], [inf], [inf], [inf], [inf], [inf], [inf], [inf], [inf], [inf], [inf], [inf], [inf], [inf], [inf], [inf], [inf], [inf], [inf], [inf], [inf], [inf], [inf], [0.18984746932983398], [inf], [inf], [inf], [inf], [inf], [inf], [inf], [inf], [inf], [inf], [inf], [inf], [inf], [inf], [inf], [inf], [inf], [inf], [inf], [inf], [inf], [inf], [inf], [inf], [inf], [inf], [inf], [inf], [inf], [inf], [inf], [inf], [inf], [inf], [inf], [inf], [inf], [0.17297208309173584], [inf], [inf], [inf], [inf], [inf], [inf], [inf], [inf]],0,0.14712071418762207,104.65142798423767,1316
413,onnx/CIFAR100_resnet_medium.onnx,vnnlib/resnet_medium__label_42__idx_6462_fix_mask_seg0_k1024_eps_0.0039.vnnlib,100,unsat True,,,,3.4685442447662354,0
414,onnx/CIFAR100_resnet_medium.onnx,vnnlib/resnet_medium__label_42__idx_6462_fix_nonmask_seg0_k1024_eps_0.0039.vnnlib,100,unsat False,[[inf], [inf], [inf], [inf], [inf], [inf], [inf], [inf], [inf], [inf], [inf], [inf], [inf], [inf], [inf], [inf], [inf], [inf], [inf], [inf], [inf], [inf], [inf], [inf], [inf], [inf], [inf], [inf], [inf], [inf], [inf], [0.12365221977233887], [inf], [inf], [inf], [inf], [inf], [inf], [inf], [inf], [inf], [inf], [inf], [inf], [inf], [inf], [inf], [inf], [inf], [inf], [inf], [inf], [inf], [inf], [inf], [inf], [inf], [0.016509532928466797], [inf], [inf], [inf], [inf], [inf], [inf], [inf], [inf], [inf], [inf], [inf], [inf], [inf], [inf], [inf], [inf], [inf], [inf], [inf], [inf], [inf], [inf], [inf], [inf], [inf], [inf], [inf], [inf], [inf], [inf], [inf], [inf], [inf], [inf], [inf]],0,0.2426445484161377,22.181360483169556,966
415,onnx/CIFAR100_resnet_medium.onnx,vnnlib/resnet_medium__label_43__idx_5506_global_k1024_eps_0.0039.vnnlib,100,unsat False,[[inf], [inf], [inf], [inf], [inf], [inf], [inf], [inf], [inf], [inf], [inf], [inf], [inf], [inf], [inf], [inf], [inf], [inf], [inf], [inf], [inf], [inf], [inf], [inf], [inf], [inf], [inf], [inf], [inf], [inf], [inf], [inf], [inf], [inf], [inf], [inf], [inf], [inf], [inf], [inf], [inf], [inf], [0.17485618591308594], [inf], [inf], [inf], [inf], [inf], [inf], [inf], [inf], [inf], [inf], [inf], [inf], [inf], [inf], [inf], [inf], [inf], [inf], [inf], [inf], [inf], [inf], [inf], [inf], [inf], [inf], [inf], [inf], [inf], [inf], [inf], [inf], [inf], [inf], [inf], [inf], [inf], [inf], [inf], [inf], [inf], [inf], [inf], [inf], [inf], [inf], [inf], [inf], [inf], [inf], [inf], [inf], [inf], [inf]],0,0.23819899559020996,12.155458688735962,1427
416,onnx/CIFAR100_resnet_medium.onnx,vnnlib/resnet_medium__label_43__idx_5506_fix_mask_seg0_k1024_eps_0.0039.vnnlib,100,unsat True,,,,3.1144285202026367,0
417,onnx/CIFAR100_resnet_medium.onnx,vnnlib/resnet_medium__label_43__idx_5506_fix_nonmask_seg0_k1024_eps_0.0039.vnnlib,100,unsat False,[[inf], [inf], [inf], [inf], [inf], [inf], [inf], [inf], [inf], [inf], [inf], [inf], [inf], [inf], [inf], [inf], [inf], [inf], [inf], [inf], [inf], [inf], [inf], [inf], [inf], [inf], [inf], [inf], [inf], [inf], [inf], [inf], [inf], [inf], [inf], [inf], [inf], [inf], [inf], [inf], [inf], [inf], [inf], [inf], [inf], [inf], [inf], [inf], [inf], [inf], [inf], [inf], [inf], [inf], [inf], [inf], [inf], [inf], [inf], [inf], [inf], [inf], [inf], [inf], [inf], [inf], [inf], [inf], [inf], [inf], [inf], [inf], [inf], [inf], [inf], [inf], [inf], [inf], [inf], [inf], [inf], [inf], [inf], [inf], [inf], [inf], [inf], [inf], [inf], [inf], [inf], [inf], [inf], [inf], [inf], [inf], [inf]],0,0.23033833503723145,11.734989404678345,1393
418,onnx/CIFAR100_resnet_medium.onnx,vnnlib/resnet_medium__label_43__idx_7494_global_k1024_eps_0.0039.vnnlib,100,unsat False,[[inf], [inf], [inf], [inf], [inf], [inf], [inf], [inf], [inf], [inf], [inf], [inf], [inf], [inf], [inf], [inf], [inf], [inf], [inf], [inf], [inf], [inf], [inf], [inf], [inf], [inf], [inf], [inf], [inf], [inf], [inf], [inf], [inf], [inf], [inf], [inf], [inf], [inf], [inf], [inf], [inf], [inf], [inf], [inf], [inf], [inf], [inf], [inf], [inf], [inf], [inf], [inf], [inf], [inf], [inf], [inf], [inf], [inf], [inf], [inf], [inf], [inf], [inf], [inf], [inf], [inf], [inf], [inf], [inf], [inf], [inf], [inf], [inf], [inf], [inf], [inf], [inf], [inf], [inf], [inf], [inf], [inf], [inf], [inf], [inf], [inf], [inf], [inf], [inf], [inf], [inf], [inf], [inf], [inf], [inf], [inf], [inf], [inf]],0,0.23497724533081055,10.726118326187134,1236
419,onnx/CIFAR100_resnet_medium.onnx,vnnlib/resnet_medium__label_43__idx_7494_fix_mask_seg0_k1024_eps_0.0039.vnnlib,100,unsat True,,,,2.8356642723083496,0
420,onnx/CIFAR100_resnet_medium.onnx,vnnlib/resnet_medium__label_43__idx_7494_fix_nonmask_seg0_k1024_eps_0.0039.vnnlib,100,unsat True,,,,3.9175808429718018,0
421,onnx/CIFAR100_resnet_medium.onnx,vnnlib/resnet_medium__label_43__idx_8824_global_k1024_eps_0.0039.vnnlib,100,unsat False,[[inf], [inf], [inf], [inf], [inf], [inf], [inf], [inf], [inf], [inf], [inf], [inf], [inf], [inf], [inf], [inf], [inf], [inf], [inf], [inf], [inf], [inf], [inf], [inf], [inf], [inf], [inf], [inf], [inf], [inf], [inf], [inf], [inf], [inf], [inf], [inf], [inf], [inf], [0.3097991943359375], [inf], [inf], [inf], [inf], [inf], [inf], [inf], [inf], [inf], [inf], [inf], [inf], [inf], [inf], [inf], [inf], [inf], [inf], [inf], [inf], [inf], [inf], [inf], [0.3741941452026367], [inf], [inf], [inf], [inf], [inf], [inf], [inf], [inf], [inf], [inf], [inf], [inf], [inf], [inf], [0.12831783294677734], [inf], [inf], [inf], [inf], [inf], [inf], [inf], [inf], [inf], [inf], [inf], [inf], [inf], [inf], [inf], [0.45917320251464844], [inf], [inf], [inf]],0,0.14911699295043945,23.88204264640808,1344
422,onnx/CIFAR100_resnet_medium.onnx,vnnlib/resnet_medium__label_43__idx_8824_fix_mask_seg0_k1024_eps_0.0039.vnnlib,100,unsat True,,,,3.510836362838745,0
423,onnx/CIFAR100_resnet_medium.onnx,vnnlib/resnet_medium__label_43__idx_8824_fix_nonmask_seg0_k1024_eps_0.0039.vnnlib,100,unsat True,,,,6.811906337738037,0
424,onnx/CIFAR100_resnet_medium.onnx,vnnlib/resnet_medium__label_44__idx_7654_global_k1024_eps_0.0039.vnnlib,100,timeout False,[[inf], [inf], [inf], [inf], [inf], [inf], [inf], [inf], [inf], [inf], [inf], [inf], [inf], [inf], [inf], [inf], [inf], [inf], [inf], [inf], [inf], [inf], [inf], [inf], [inf], [inf], [inf], [inf], [inf], [inf], [inf], [inf], [inf], [inf], [inf], [inf], [inf], [inf], [inf], [inf], [inf], [inf], [inf], [inf], [inf], [inf], [inf], [inf], [inf], [inf], [inf], [inf], [inf], [inf], [inf], [inf], [inf], [inf], [inf], [inf], [inf], [inf], [inf], [inf], [inf], [inf], [inf], [inf], [inf], [inf], [inf], [inf], [inf], [inf], [inf], [inf], [inf], [inf], [inf], [inf], [inf], [inf], [inf], [inf], [inf], [inf], [inf], [inf], [inf], [inf], [inf], [inf], [inf], [inf], [inf], [inf], [inf], [inf]],0,0.24308371543884277,104.4403440952301,1106
425,onnx/CIFAR100_resnet_medium.onnx,vnnlib/resnet_medium__label_44__idx_7654_fix_mask_seg0_k1024_eps_0.0039.vnnlib,100,unsat True,,,,3.132194757461548,0
426,onnx/CIFAR100_resnet_medium.onnx,vnnlib/resnet_medium__label_44__idx_7654_fix_nonmask_seg0_k1024_eps_0.0039.vnnlib,100,timeout False,[[inf], [inf], [inf], [inf], [inf], [inf], [inf], [inf], [inf], [inf], [inf], [inf], [inf], [inf], [inf], [inf], [inf], [inf], [inf], [inf], [inf], [inf], [inf], [inf], [inf], [inf], [inf], [inf], [inf], [inf], [inf], [inf], [inf], [inf], [inf], [inf], [inf], [inf], [inf], [inf], [inf], [inf], [inf], [inf], [inf], [inf], [inf], [inf], [inf], [inf], [inf], [inf], [inf], [inf], [inf], [inf], [inf], [inf], [inf], [inf], [inf], [inf], [inf], [inf], [inf], [inf], [inf], [inf], [inf], [inf], [inf], [inf], [inf], [inf], [inf], [inf], [inf], [inf], [inf], [inf], [inf], [inf], [inf], [inf], [inf], [inf], [inf], [inf], [inf], [inf], [inf], [inf], [inf], [inf], [inf], [inf], [inf], [inf]],0,0.3046295642852783,104.0625512599945,1104
427,onnx/CIFAR100_resnet_medium.onnx,vnnlib/resnet_medium__label_45__idx_1537_global_k1024_eps_0.0039.vnnlib,100,timeout False,[[inf], [inf], [inf], [inf], [inf], [inf], [inf], [inf], [inf], [inf], [inf], [inf], [inf], [inf], [inf], [inf], [inf], [inf], [inf], [inf], [inf], [inf], [inf], [0.07104253768920898], [inf], [0.1697828769683838], [inf], [inf], [inf], [inf], [inf], [inf], [inf], [inf], [inf], [inf], [inf], [inf], [inf], [inf], [inf], [inf], [inf], [inf], [inf], [inf], [inf], [inf], [inf], [inf], [inf], [inf], [inf], [inf], [inf], [inf], [inf], [inf], [inf], [inf], [inf], [inf], [inf], [inf], [inf], [inf], [inf], [inf], [inf], [inf], [inf], [inf], [inf], [inf], [inf], [inf], [inf], [inf], [inf], [inf], [inf], [inf], [inf], [inf], [inf], [inf], [inf], [inf], [0.09950613975524902]],0,0.23211026191711426,103.43427538871765,1368
428,onnx/CIFAR100_resnet_medium.onnx,vnnlib/resnet_medium__label_45__idx_1537_fix_mask_seg0_k1024_eps_0.0039.vnnlib,100,unsat True,,,,3.160975694656372,0
429,onnx/CIFAR100_resnet_medium.onnx,vnnlib/resnet_medium__label_45__idx_1537_fix_nonmask_seg0_k1024_eps_0.0039.vnnlib,100,timeout False,[[inf], [inf], [inf], [inf], [inf], [inf], [inf], [inf], [inf], [inf], [inf], [inf], [inf], [inf], [inf], [inf], [inf], [inf], [inf], [inf], [inf], [inf], [inf], [inf], [inf], [inf], [inf], [inf], [inf], [inf], [inf], [inf], [inf], [inf], [inf], [inf], [inf], [inf], [inf], [inf], [inf], [inf], [inf], [inf], [inf], [inf], [inf], [inf], [inf], [inf], [inf], [inf], [inf], [inf], [inf], [inf], [inf], [inf], [inf], [inf], [inf], [inf], [inf], [inf], [inf], [inf], [inf], [inf], [inf], [inf], [inf], [inf], [inf], [inf], [inf], [inf], [inf], [inf], [inf], [inf], [inf], [inf], [inf], [inf], [inf], [0.033385515213012695], [inf], [inf], [inf], [inf], [inf], [inf]],0,0.36507129669189453,103.16356778144836,1254
430,onnx/CIFAR100_resnet_medium.onnx,vnnlib/resnet_medium__label_46__idx_993_global_k1024_eps_0.0039.vnnlib,100,unsat False,[[inf], [inf], [inf], [inf], [inf], [inf], [inf], [inf], [inf], [inf], [inf], [inf], [inf], [inf], [inf], [inf], [inf], [inf], [inf], [inf], [inf], [inf], [inf], [inf], [inf], [inf], [inf], [inf], [inf], [inf], [inf], [inf], [inf], [inf], [inf], [inf], [inf], [inf], [inf], [inf], [inf], [inf], [inf], [inf], [inf], [inf], [inf], [inf], [inf], [0.006223201751708984], [inf], [inf], [inf], [inf], [inf], [inf], [inf], [inf], [inf], [inf], [inf], [inf], [inf], [inf], [inf], [inf], [inf], [inf], [inf], [inf], [inf], [inf], [inf], [inf], [inf], [inf], [inf], [inf], [inf], [inf], [inf], [inf], [inf], [inf], [inf], [inf], [inf], [inf], [inf], [inf], [inf], [inf], [inf], [inf], [inf], [inf], [inf], [inf]],0,0.2247333526611328,11.34362530708313,897
431,onnx/CIFAR100_resnet_medium.onnx,vnnlib/resnet_medium__label_46__idx_993_fix_mask_seg0_k1024_eps_0.0039.vnnlib,100,unsat True,,,,3.4171528816223145,0
432,onnx/CIFAR100_resnet_medium.onnx,vnnlib/resnet_medium__label_46__idx_993_fix_nonmask_seg0_k1024_eps_0.0039.vnnlib,100,unsat False,[[inf], [inf], [inf], [inf], [inf], [inf], [inf], [inf], [inf], [inf], [inf], [inf], [inf], [inf], [inf], [inf], [inf], [inf], [inf], [inf], [inf], [inf], [inf], [inf], [inf], [inf], [inf], [inf], [inf], [inf], [inf], [inf], [inf], [inf], [inf], [inf], [inf], [inf], [inf], [inf], [inf], [inf], [inf], [inf], [inf], [inf], [inf], [inf], [inf], [inf], [inf], [inf], [inf], [inf], [inf], [inf], [inf], [inf], [inf], [inf], [inf], [inf], [inf], [inf], [inf], [inf], [inf], [inf], [inf], [inf], [inf], [inf], [inf], [inf], [inf], [inf], [inf], [inf], [inf], [inf], [inf], [inf], [inf], [inf], [inf], [inf], [inf], [inf], [inf], [inf], [inf], [inf], [inf], [inf], [inf], [inf], [inf], [inf]],0,0.23609304428100586,10.041709184646606,769
433,onnx/CIFAR100_resnet_medium.onnx,vnnlib/resnet_medium__label_48__idx_8860_global_k1024_eps_0.0039.vnnlib,100,unsat False,[[inf], [inf], [inf], [inf], [inf], [inf], [inf], [inf], [inf], [inf], [inf], [inf], [inf], [inf], [inf], [inf], [inf], [inf], [inf], [inf], [inf], [inf], [inf], [inf], [inf], [inf], [inf], [inf], [inf], [inf], [inf], [inf], [inf], [inf], [inf], [inf], [inf], [inf], [inf], [inf], [inf], [inf], [inf], [inf], [inf], [inf], [inf], [inf], [inf], [inf], [inf], [inf], [inf], [inf], [inf], [inf], [inf], [0.16649103164672852], [inf], [inf], [inf], [inf], [inf], [inf], [inf], [inf], [inf], [inf], [inf], [inf], [inf], [inf], [inf], [inf], [inf], [inf], [inf], [inf], [inf], [inf], [inf], [inf], [inf], [inf], [inf], [inf], [inf], [inf], [inf], [inf], [inf], [inf], [inf], [inf], [inf], [inf], [inf], [inf]],0,0.2361009120941162,30.60936665534973,1160
434,onnx/CIFAR100_resnet_medium.onnx,vnnlib/resnet_medium__label_48__idx_8860_fix_mask_seg0_k1024_eps_0.0039.vnnlib,100,unsat True,,,,3.4132158756256104,0
435,onnx/CIFAR100_resnet_medium.onnx,vnnlib/resnet_medium__label_48__idx_8860_fix_nonmask_seg0_k1024_eps_0.0039.vnnlib,100,unsat False,[[inf], [inf], [inf], [inf], [inf], [inf], [inf], [inf], [inf], [inf], [inf], [inf], [inf], [inf], [inf], [inf], [inf], [inf], [inf], [inf], [inf], [inf], [inf], [inf], [inf], [inf], [inf], [inf], [inf], [inf], [inf], [inf], [inf], [inf], [inf], [inf], [inf], [inf], [inf], [inf], [inf], [inf], [inf], [inf], [inf], [inf], [inf], [inf], [inf], [inf], [inf], [inf], [inf], [inf], [inf], [inf], [inf], [inf], [inf], [inf], [inf], [inf], [inf], [inf], [inf], [inf], [inf], [inf], [inf], [inf], [inf], [inf], [inf], [inf], [inf], [inf], [inf], [inf], [inf], [inf], [inf], [inf], [inf], [inf], [inf], [inf], [inf], [inf], [inf], [inf], [inf], [inf], [inf], [inf], [inf], [inf], [inf], [inf]],0,0.23226332664489746,9.749819278717041,837
436,onnx/CIFAR100_resnet_medium.onnx,vnnlib/resnet_medium__label_49__idx_3864_global_k1024_eps_0.0039.vnnlib,100,timeout False,[[inf], [inf], [inf], [inf], [inf], [inf], [inf], [inf], [inf], [inf], [inf], [inf], [inf], [inf], [inf], [inf], [inf], [inf], [inf], [inf], [inf], [inf], [inf], [inf], [inf], [inf], [inf], [inf], [inf], [inf], [inf], [inf], [inf], [inf], [inf], [inf], [inf], [inf], [inf], [inf], [inf], [inf], [inf], [inf], [inf], [inf], [inf], [inf], [inf], [inf], [inf], [inf], [inf], [inf], [inf], [inf], [inf], [inf], [inf], [inf], [inf], [inf], [inf], [inf], [inf], [inf], [inf], [inf], [inf], [inf], [inf], [inf], [inf], [inf], [inf], [inf], [inf], [inf], [inf], [inf], [inf], [inf], [inf], [inf], [inf], [inf], [inf], [inf], [inf], [inf], [inf], [inf], [inf], [inf], [inf]],0,0.3544471263885498,103.33086729049683,1117
437,onnx/CIFAR100_resnet_medium.onnx,vnnlib/resnet_medium__label_49__idx_3864_fix_mask_seg0_k1024_eps_0.0039.vnnlib,100,unsat True,,,,3.4290902614593506,0
438,onnx/CIFAR100_resnet_medium.onnx,vnnlib/resnet_medium__label_49__idx_3864_fix_nonmask_seg0_k1024_eps_0.0039.vnnlib,100,unsat False,[[inf], [inf], [inf], [inf], [inf], [inf], [inf], [inf], [0.17603719234466553], [inf], [inf], [inf], [inf], [inf], [inf], [inf], [inf], [inf], [inf], [inf], [inf], [inf], [inf], [inf], [inf], [inf], [inf], [inf], [inf], [inf], [inf], [inf], [inf], [inf], [inf], [inf], [inf], [inf], [inf], [inf], [inf], [inf], [inf], [inf], [inf], [inf], [inf], [0.02088022232055664], [inf], [inf], [inf], [inf], [inf], [inf], [inf], [inf], [inf], [inf], [inf], [inf], [inf], [inf], [inf], [inf], [inf], [inf], [inf], [inf], [inf], [inf], [inf], [inf], [inf], [inf], [inf], [inf], [inf], [inf], [inf], [inf], [inf], [inf], [inf], [inf], [inf], [inf], [inf], [inf], [inf], [inf], [inf], [inf], [inf], [inf], [inf], [inf], [inf]],0,0.14565277099609375,77.55642127990723,913
439,onnx/CIFAR100_resnet_medium.onnx,vnnlib/resnet_medium__label_4__idx_6593_global_k1024_eps_0.0039.vnnlib,100,timeout False,[[inf], [inf], [inf], [inf], [inf], [inf], [inf], [inf], [inf], [inf], [inf], [inf], [inf], [inf], [inf], [inf], [inf], [inf], [inf], [inf], [inf], [inf], [inf], [inf], [inf], [inf], [inf], [inf], [inf], [inf], [inf], [inf], [inf], [inf], [inf], [inf], [inf], [inf], [inf], [inf], [inf], [inf], [inf], [inf], [inf], [inf], [inf], [inf], [inf], [inf], [inf], [inf], [inf], [inf], [inf], [inf], [inf], [inf], [inf], [inf], [inf], [inf], [inf], [inf], [inf], [inf], [inf], [inf], [inf], [inf], [0.1736149787902832], [inf], [inf], [inf], [inf], [inf], [inf], [inf], [inf], [inf], [inf], [inf], [inf], [inf], [inf], [inf], [inf], [inf], [inf], [inf]],0,0.2358851432800293,102.1523015499115,1303
440,onnx/CIFAR100_resnet_medium.onnx,vnnlib/resnet_medium__label_4__idx_6593_fix_mask_seg0_k1024_eps_0.0039.vnnlib,100,unsat True,,,,4.190662860870361,0
441,onnx/CIFAR100_resnet_medium.onnx,vnnlib/resnet_medium__label_4__idx_6593_fix_nonmask_seg0_k1024_eps_0.0039.vnnlib,100,timeout False,[[inf], [inf], [inf], [inf], [inf], [inf], [inf], [inf], [inf], [inf], [inf], [inf], [inf], [inf], [inf], [inf], [inf], [inf], [inf], [inf], [inf], [inf], [inf], [inf], [inf], [inf], [inf], [inf], [inf], [inf], [inf], [inf], [inf], [inf], [inf], [inf], [inf], [inf], [inf], [inf], [inf], [inf], [inf], [inf], [inf], [inf], [inf], [inf], [inf], [inf], [inf], [inf], [inf], [inf], [inf], [inf], [inf], [inf], [inf], [inf], [inf], [inf], [inf], [inf], [inf], [inf], [inf], [inf], [inf], [inf], [inf], [inf], [inf], [inf], [inf], [inf], [inf], [inf], [inf], [inf], [inf], [inf], [inf], [inf], [inf], [inf], [inf], [inf], [inf], [inf]],0,0.23467540740966797,106.73217678070068,1234
442,onnx/CIFAR100_resnet_medium.onnx,vnnlib/resnet_medium__label_4__idx_9441_global_k1024_eps_0.0039.vnnlib,100,sat True,,,,2.686166286468506,0
443,onnx/CIFAR100_resnet_medium.onnx,vnnlib/resnet_medium__label_4__idx_9441_fix_mask_seg0_k1024_eps_0.0039.vnnlib,100,unsat True,,,,3.4594104290008545,0
444,onnx/CIFAR100_resnet_medium.onnx,vnnlib/resnet_medium__label_4__idx_9441_fix_nonmask_seg0_k1024_eps_0.0039.vnnlib,100,sat True,,,,3.6875593662261963,0
445,onnx/CIFAR100_resnet_medium.onnx,vnnlib/resnet_medium__label_50__idx_4337_global_k1024_eps_0.0039.vnnlib,100,unsat False,[[inf], [inf], [inf], [inf], [inf], [inf], [inf], [inf], [inf], [inf], [inf], [inf], [inf], [inf], [inf], [inf], [inf], [inf], [inf], [inf], [inf], [inf], [inf], [inf], [inf], [inf], [inf], [inf], [inf], [inf], [inf], [inf], [inf], [inf], [inf], [inf], [inf], [inf], [inf], [inf], [inf], [inf], [inf], [inf], [inf], [inf], [inf], [inf], [inf], [inf], [inf], [inf], [inf], [inf], [inf], [inf], [inf], [inf], [inf], [inf], [inf], [inf], [inf], [inf], [inf], [inf], [inf], [inf], [inf], [inf], [inf], [inf], [inf], [inf], [inf], [inf], [inf], [inf], [inf], [inf], [inf], [inf], [inf], [inf], [inf], [inf], [inf], [inf], [inf], [inf], [inf], [inf], [inf], [inf], [inf], [inf], [inf]],0,0.15088796615600586,24.28361701965332,817
446,onnx/CIFAR100_resnet_medium.onnx,vnnlib/resnet_medium__label_50__idx_4337_fix_mask_seg0_k1024_eps_0.0039.vnnlib,100,unsat True,,,,3.517716407775879,0
447,onnx/CIFAR100_resnet_medium.onnx,vnnlib/resnet_medium__label_50__idx_4337_fix_nonmask_seg0_k1024_eps_0.0039.vnnlib,100,unsat False,[[inf], [inf], [inf], [inf], [inf], [inf], [inf], [inf], [inf], [inf], [inf], [inf], [inf], [inf], [inf], [inf], [inf], [inf], [inf], [inf], [inf], [inf], [inf], [inf], [inf], [inf], [inf], [inf], [inf], [inf], [inf], [inf], [inf], [inf], [inf], [inf], [inf], [inf], [inf], [inf], [inf], [inf], [inf], [inf], [inf], [inf], [inf], [inf], [inf], [inf], [inf], [inf], [inf], [inf], [inf], [inf], [inf], [inf], [inf], [inf], [inf], [inf], [inf], [inf], [inf], [inf], [inf], [inf], [inf], [inf], [inf], [inf], [inf], [inf], [inf], [inf], [inf], [inf], [inf], [inf], [inf], [inf], [inf], [inf], [inf], [inf], [inf], [inf], [inf], [inf], [inf], [inf], [inf], [inf], [inf], [inf], [inf]],0,0.23136067390441895,14.73684811592102,757
448,onnx/CIFAR100_resnet_medium.onnx,vnnlib/resnet_medium__label_51__idx_1154_global_k1024_eps_0.0039.vnnlib,100,sat True,,,,4.595094442367554,0
449,onnx/CIFAR100_resnet_medium.onnx,vnnlib/resnet_medium__label_51__idx_1154_fix_mask_seg0_k1024_eps_0.0039.vnnlib,100,unsat True,,,,4.088301658630371,0
450,onnx/CIFAR100_resnet_medium.onnx,vnnlib/resnet_medium__label_51__idx_1154_fix_nonmask_seg0_k1024_eps_0.0039.vnnlib,100,sat True,,,,3.8247334957122803,0
451,onnx/CIFAR100_resnet_medium.onnx,vnnlib/resnet_medium__label_52__idx_9095_global_k1024_eps_0.0039.vnnlib,100,unsat False,[[inf], [inf], [inf], [inf], [inf], [inf], [inf], [inf], [inf], [inf], [inf], [inf], [inf], [inf], [inf], [inf], [inf], [inf], [inf], [inf], [inf], [inf], [inf], [inf], [inf], [inf], [inf], [inf], [inf], [inf], [inf], [inf], [inf], [inf], [inf], [inf], [inf], [inf], [inf], [inf], [inf], [inf], [inf], [inf], [inf], [inf], [inf], [inf], [inf], [inf], [inf], [inf], [inf], [inf], [inf], [inf], [inf], [inf], [inf], [inf], [inf], [inf], [inf], [inf], [inf], [inf], [inf], [inf], [inf], [inf], [inf], [inf], [inf], [inf], [inf], [inf], [inf], [inf], [inf], [inf], [inf], [inf], [inf], [inf], [inf], [inf], [inf], [inf], [inf], [inf], [inf], [inf], [inf], [inf], [inf], [inf], [inf], [inf]],0,0.24874258041381836,46.40855407714844,850
452,onnx/CIFAR100_resnet_medium.onnx,vnnlib/resnet_medium__label_52__idx_9095_fix_mask_seg0_k1024_eps_0.0039.vnnlib,100,unsat True,,,,3.6901981830596924,0
453,onnx/CIFAR100_resnet_medium.onnx,vnnlib/resnet_medium__label_52__idx_9095_fix_nonmask_seg0_k1024_eps_0.0039.vnnlib,100,unsat False,[[inf], [inf], [inf], [inf], [inf], [inf], [inf], [inf], [inf], [inf], [inf], [inf], [inf], [inf], [inf], [inf], [inf], [inf], [inf], [inf], [inf], [inf], [inf], [inf], [inf], [inf], [inf], [inf], [inf], [inf], [inf], [inf], [inf], [inf], [inf], [inf], [inf], [inf], [inf], [inf], [inf], [inf], [inf], [inf], [inf], [inf], [inf], [inf], [inf], [inf], [inf], [inf], [inf], [inf], [inf], [inf], [inf], [inf], [inf], [inf], [inf], [inf], [inf], [inf], [inf], [inf], [inf], [inf], [inf], [inf], [inf], [inf], [inf], [inf], [inf], [inf], [inf], [inf], [inf], [inf], [inf], [inf], [inf], [inf], [inf], [inf], [inf], [inf], [inf], [inf], [inf], [inf], [inf], [inf], [inf], [inf], [inf], [inf]],0,0.23969745635986328,11.655524492263794,731
454,onnx/CIFAR100_resnet_medium.onnx,vnnlib/resnet_medium__label_54__idx_9735_global_k1024_eps_0.0039.vnnlib,100,unsat True,,,,7.819947719573975,0
455,onnx/CIFAR100_resnet_medium.onnx,vnnlib/resnet_medium__label_54__idx_9735_fix_mask_seg0_k1024_eps_0.0039.vnnlib,100,unsat True,,,,3.4017958641052246,0
456,onnx/CIFAR100_resnet_medium.onnx,vnnlib/resnet_medium__label_54__idx_9735_fix_nonmask_seg0_k1024_eps_0.0039.vnnlib,100,unsat True,,,,3.1633353233337402,0
457,onnx/CIFAR100_resnet_medium.onnx,vnnlib/resnet_medium__label_57__idx_7197_global_k1024_eps_0.0039.vnnlib,100,unsat False,[[inf], [inf], [inf], [inf], [inf], [inf], [inf], [inf], [inf], [inf], [inf], [inf], [inf], [inf], [inf], [inf], [inf], [inf], [inf], [inf], [inf], [inf], [inf], [inf], [inf], [inf], [inf], [inf], [inf], [inf], [inf], [inf], [inf], [inf], [inf], [inf], [inf], [inf], [inf], [inf], [inf], [inf], [inf], [inf], [inf], [inf], [inf], [inf], [inf], [inf], [inf], [inf], [inf], [inf], [inf], [inf], [inf], [inf], [inf], [inf], [inf], [inf], [inf], [inf], [inf], [inf], [inf], [inf], [inf], [inf], [inf], [inf], [inf], [inf], [inf], [inf], [inf], [inf], [inf], [inf], [inf], [inf], [inf], [inf], [inf], [inf], [inf], [inf], [inf], [inf], [inf], [inf], [inf], [inf], [inf], [inf], [inf], [inf]],0,0.14742040634155273,9.563523292541504,997
458,onnx/CIFAR100_resnet_medium.onnx,vnnlib/resnet_medium__label_57__idx_7197_fix_mask_seg0_k1024_eps_0.0039.vnnlib,100,unsat True,,,,3.919208288192749,0
459,onnx/CIFAR100_resnet_medium.onnx,vnnlib/resnet_medium__label_57__idx_7197_fix_nonmask_seg0_k1024_eps_0.0039.vnnlib,100,unsat False,[[inf], [inf], [inf], [inf], [inf], [inf], [inf], [inf], [inf], [inf], [inf], [inf], [inf], [inf], [inf], [inf], [inf], [inf], [inf], [inf], [inf], [inf], [inf], [inf], [inf], [inf], [inf], [inf], [inf], [inf], [inf], [inf], [inf], [inf], [inf], [inf], [inf], [inf], [inf], [inf], [inf], [inf], [inf], [inf], [inf], [inf], [inf], [inf], [inf], [inf], [inf], [inf], [inf], [inf], [inf], [inf], [inf], [inf], [inf], [inf], [inf], [inf], [inf], [inf], [inf], [inf], [inf], [inf], [inf], [inf], [inf], [inf], [inf], [inf], [inf], [inf], [inf], [inf], [inf], [inf], [inf], [inf], [inf], [inf], [inf], [inf], [inf], [inf], [inf], [inf], [inf], [inf], [inf], [inf], [inf], [inf], [inf], [inf]],0,0.21034646034240723,10.38432765007019,980
460,onnx/CIFAR100_resnet_medium.onnx,vnnlib/resnet_medium__label_59__idx_1660_global_k1024_eps_0.0039.vnnlib,100,timeout False,[[inf], [inf], [inf], [inf], [inf], [inf], [inf], [inf], [0.3334815502166748], [inf], [inf], [inf], [inf], [inf], [inf], [inf], [inf], [inf], [inf], [inf], [inf], [inf], [inf], [inf], [inf], [inf], [inf], [inf], [inf], [inf], [inf], [inf], [inf], [inf], [inf], [inf], [inf], [inf], [inf], [inf], [inf], [inf], [inf], [inf], [inf], [inf], [inf], [inf], [inf], [0.1339859962463379], [inf], [inf], [inf], [inf], [inf], [inf], [inf], [inf], [inf], [inf], [inf], [inf], [inf], [inf], [inf], [inf], [inf], [inf], [inf], [inf], [inf], [inf], [inf], [inf], [0.3119363784790039], [inf], [inf], [inf], [inf], [inf], [inf], [inf], [inf], [inf], [inf], [inf], [inf], [inf], [inf], [inf], [inf], [inf], [inf], [inf]],0,0.23801183700561523,101.77414226531982,1549
461,onnx/CIFAR100_resnet_medium.onnx,vnnlib/resnet_medium__label_59__idx_1660_fix_mask_seg0_k1024_eps_0.0039.vnnlib,100,unsat True,,,,3.8343634605407715,0
462,onnx/CIFAR100_resnet_medium.onnx,vnnlib/resnet_medium__label_59__idx_1660_fix_nonmask_seg0_k1024_eps_0.0039.vnnlib,100,timeout False,[[inf], [inf], [inf], [inf], [inf], [inf], [inf], [inf], [inf], [inf], [inf], [inf], [inf], [inf], [inf], [inf], [inf], [inf], [inf], [inf], [inf], [inf], [inf], [inf], [inf], [inf], [inf], [inf], [inf], [inf], [inf], [inf], [inf], [inf], [inf], [inf], [inf], [inf], [inf], [inf], [inf], [inf], [inf], [inf], [inf], [inf], [inf], [inf], [inf], [inf], [inf], [inf], [inf], [inf], [inf], [inf], [inf], [inf], [inf], [inf], [inf], [inf], [inf], [inf], [inf], [inf], [inf], [inf], [inf], [inf], [inf], [inf], [inf], [inf], [inf], [inf], [inf], [inf], [inf], [inf], [inf], [inf], [inf], [inf], [0.13165807723999023], [inf], [inf], [inf], [inf], [inf], [inf], [inf], [inf], [inf], [inf]],0,0.14602375030517578,104.96286845207214,1316
463,onnx/CIFAR100_resnet_medium.onnx,vnnlib/resnet_medium__label_5__idx_4543_global_k1024_eps_0.0039.vnnlib,100,timeout False,[[inf], [inf], [inf], [inf], [inf], [inf], [inf], [inf], [inf], [inf], [inf], [inf], [inf], [inf], [inf], [inf], [inf], [inf], [inf], [inf], [inf], [inf], [inf], [inf], [inf], [inf], [inf], [inf], [inf], [inf], [inf], [inf], [inf], [inf], [inf], [inf], [inf], [inf], [inf], [inf], [inf], [inf], [inf], [inf], [inf], [inf], [inf], [inf], [inf], [inf], [inf], [inf], [inf], [inf], [inf], [inf], [inf], [inf], [inf], [inf], [inf], [inf], [inf], [inf], [inf], [inf], [inf], [inf], [inf], [inf], [inf], [inf], [inf], [inf], [inf], [inf], [inf], [inf], [inf], [inf], [inf], [inf], [inf], [inf], [inf], [0.18558788299560547], [inf], [inf], [inf], [inf], [inf], [inf], [inf], [inf], [inf], [inf]],0,0.225128173828125,103.39389848709106,1178
464,onnx/CIFAR100_resnet_medium.onnx,vnnlib/resnet_medium__label_5__idx_4543_fix_mask_seg0_k1024_eps_0.0039.vnnlib,100,unsat True,,,,4.87855863571167,0
465,onnx/CIFAR100_resnet_medium.onnx,vnnlib/resnet_medium__label_5__idx_4543_fix_nonmask_seg0_k1024_eps_0.0039.vnnlib,100,unsat False,[[inf], [inf], [inf], [inf], [inf], [inf], [inf], [inf], [inf], [inf], [inf], [inf], [inf], [inf], [inf], [inf], [inf], [inf], [inf], [inf], [inf], [inf], [inf], [inf], [inf], [inf], [inf], [inf], [inf], [inf], [inf], [inf], [inf], [inf], [inf], [inf], [inf], [inf], [inf], [inf], [inf], [inf], [inf], [inf], [inf], [inf], [inf], [inf], [inf], [inf], [inf], [inf], [inf], [inf], [inf], [inf], [inf], [inf], [inf], [inf], [inf], [inf], [inf], [inf], [inf], [inf], [inf], [inf], [inf], [inf], [inf], [inf], [inf], [inf], [inf], [inf], [inf], [inf], [inf], [inf], [inf], [inf], [inf], [inf], [inf], [inf], [inf], [inf], [inf], [inf], [inf], [inf], [inf], [inf], [inf], [inf], [inf], [inf]],0,0.24563860893249512,10.696866750717163,880
466,onnx/CIFAR100_resnet_medium.onnx,vnnlib/resnet_medium__label_5__idx_928_global_k1024_eps_0.0039.vnnlib,100,unsat False,[[inf], [inf], [inf], [inf], [inf], [inf], [inf], [inf], [inf], [inf], [inf], [inf], [inf], [inf], [inf], [inf], [inf], [inf], [inf], [inf], [inf], [inf], [inf], [inf], [inf], [inf], [inf], [inf], [inf], [inf], [inf], [inf], [inf], [inf], [inf], [inf], [inf], [inf], [inf], [inf], [inf], [inf], [inf], [inf], [inf], [inf], [inf], [inf], [inf], [inf], [inf], [inf], [inf], [inf], [inf], [inf], [inf], [inf], [inf], [inf], [inf], [inf], [inf], [inf], [inf], [inf], [inf], [inf], [inf], [inf], [inf], [inf], [inf], [inf], [inf], [inf], [inf], [inf], [inf], [inf], [inf], [inf], [inf], [inf], [inf], [inf], [inf], [inf], [inf], [inf], [inf], [inf], [inf], [inf], [inf], [inf], [inf]],0,0.14958763122558594,14.381759405136108,1053
467,onnx/CIFAR100_resnet_medium.onnx,vnnlib/resnet_medium__label_5__idx_928_fix_mask_seg0_k1024_eps_0.0039.vnnlib,100,unsat True,,,,2.511958360671997,0
468,onnx/CIFAR100_resnet_medium.onnx,vnnlib/resnet_medium__label_5__idx_928_fix_nonmask_seg0_k1024_eps_0.0039.vnnlib,100,unsat True,,,,3.6115922927856445,0
469,onnx/CIFAR100_resnet_medium.onnx,vnnlib/resnet_medium__label_60__idx_4583_global_k1024_eps_0.0039.vnnlib,100,unsat False,[[inf], [inf], [inf], [inf], [inf], [inf], [inf], [inf], [inf], [inf], [inf], [inf], [inf], [inf], [inf], [inf], [inf], [inf], [inf], [inf], [inf], [inf], [inf], [inf], [inf], [inf], [inf], [inf], [inf], [inf], [inf], [inf], [inf], [inf], [inf], [inf], [inf], [inf], [inf], [inf], [inf], [inf], [inf], [inf], [inf], [inf], [inf], [inf], [inf], [inf], [inf], [inf], [inf], [inf], [inf], [inf], [inf], [inf], [inf], [inf], [inf], [inf], [inf], [inf], [inf], [inf], [inf], [inf], [inf], [inf], [inf], [inf], [inf], [inf], [inf], [inf], [inf], [inf], [inf], [inf], [inf], [inf], [inf], [inf], [inf], [inf], [inf], [inf], [inf], [inf], [inf], [inf], [inf], [inf], [inf], [inf], [inf], [inf]],0,0.16211199760437012,10.113750457763672,1225
470,onnx/CIFAR100_resnet_medium.onnx,vnnlib/resnet_medium__label_60__idx_4583_fix_mask_seg0_k1024_eps_0.0039.vnnlib,100,unsat True,,,,2.212132692337036,0
471,onnx/CIFAR100_resnet_medium.onnx,vnnlib/resnet_medium__label_60__idx_4583_fix_nonmask_seg0_k1024_eps_0.0039.vnnlib,100,unsat False,[[inf], [inf], [inf], [inf], [inf], [inf], [inf], [inf], [inf], [inf], [inf], [inf], [inf], [inf], [inf], [inf], [inf], [inf], [inf], [inf], [inf], [inf], [inf], [inf], [inf], [inf], [inf], [inf], [inf], [inf], [inf], [inf], [inf], [inf], [inf], [inf], [inf], [inf], [inf], [inf], [inf], [inf], [inf], [inf], [inf], [inf], [inf], [inf], [inf], [inf], [inf], [inf], [inf], [inf], [inf], [inf], [inf], [inf], [inf], [inf], [inf], [inf], [inf], [inf], [inf], [inf], [inf], [inf], [inf], [inf], [inf], [inf], [inf], [inf], [inf], [inf], [inf], [inf], [inf], [inf], [inf], [inf], [inf], [inf], [inf], [inf], [inf], [inf], [inf], [inf], [inf], [inf], [inf], [inf], [inf], [inf], [inf], [inf]],0,0.23294472694396973,11.008241891860962,1225
472,onnx/CIFAR100_resnet_medium.onnx,vnnlib/resnet_medium__label_63__idx_3374_global_k1024_eps_0.0039.vnnlib,100,unsat False,[[inf], [inf], [inf], [inf], [inf], [inf], [inf], [inf], [inf], [inf], [inf], [inf], [inf], [inf], [inf], [inf], [inf], [inf], [inf], [inf], [inf], [inf], [inf], [inf], [inf], [inf], [inf], [inf], [inf], [inf], [inf], [inf], [inf], [inf], [inf], [inf], [inf], [inf], [inf], [inf], [inf], [inf], [inf], [inf], [inf], [inf], [inf], [inf], [inf], [inf], [inf], [inf], [inf], [inf], [inf], [inf], [inf], [inf], [inf], [inf], [inf], [inf], [inf], [inf], [inf], [inf], [inf], [inf], [inf], [inf], [inf], [inf], [inf], [inf], [inf], [inf], [inf], [inf], [inf], [inf], [inf], [inf], [inf], [inf], [inf], [inf], [inf], [inf], [inf], [inf], [inf], [inf], [inf], [inf], [inf], [inf], [inf], [inf]],0,0.2605581283569336,10.816879034042358,1208
473,onnx/CIFAR100_resnet_medium.onnx,vnnlib/resnet_medium__label_63__idx_3374_fix_mask_seg0_k1024_eps_0.0039.vnnlib,100,unsat True,,,,4.230451822280884,0
474,onnx/CIFAR100_resnet_medium.onnx,vnnlib/resnet_medium__label_63__idx_3374_fix_nonmask_seg0_k1024_eps_0.0039.vnnlib,100,unsat True,,,,3.5341906547546387,0
475,onnx/CIFAR100_resnet_medium.onnx,vnnlib/resnet_medium__label_66__idx_1902_global_k1024_eps_0.0039.vnnlib,100,unsat False,[[inf], [inf], [inf], [inf], [inf], [inf], [inf], [inf], [inf], [inf], [inf], [inf], [inf], [inf], [inf], [inf], [inf], [inf], [inf], [inf], [inf], [inf], [inf], [inf], [inf], [inf], [inf], [inf], [inf], [inf], [inf], [inf], [inf], [inf], [inf], [inf], [inf], [inf], [inf], [inf], [inf], [inf], [inf], [inf], [inf], [inf], [inf], [inf], [inf], [inf], [inf], [inf], [inf], [inf], [inf], [inf], [inf], [inf], [inf], [inf], [inf], [inf], [inf], [inf], [0.07504558563232422], [inf], [inf], [inf], [inf], [inf], [inf], [inf], [inf], [inf], [inf], [inf], [inf], [inf], [inf], [inf], [inf], [inf], [inf], [inf], [inf], [inf], [inf], [inf], [inf], [inf], [inf], [inf], [inf], [inf], [inf], [inf], [inf], [inf]],0,0.25566816329956055,10.817472219467163,838
476,onnx/CIFAR100_resnet_medium.onnx,vnnlib/resnet_medium__label_66__idx_1902_fix_mask_seg0_k1024_eps_0.0039.vnnlib,100,unsat True,,,,3.7808406352996826,0
477,onnx/CIFAR100_resnet_medium.onnx,vnnlib/resnet_medium__label_66__idx_1902_fix_nonmask_seg0_k1024_eps_0.0039.vnnlib,100,unsat True,,,,6.5782012939453125,0
478,onnx/CIFAR100_resnet_medium.onnx,vnnlib/resnet_medium__label_68__idx_1522_global_k1024_eps_0.0039.vnnlib,100,unsat False,[[inf], [inf], [inf], [inf], [inf], [inf], [inf], [inf], [inf], [inf], [inf], [inf], [inf], [inf], [inf], [inf], [inf], [inf], [inf], [inf], [inf], [inf], [inf], [inf], [inf], [inf], [inf], [inf], [inf], [inf], [inf], [inf], [inf], [inf], [inf], [inf], [inf], [inf], [inf], [inf], [inf], [inf], [inf], [inf], [inf], [inf], [inf], [inf], [inf], [inf], [inf], [inf], [inf], [inf], [inf], [inf], [inf], [inf], [inf], [inf], [inf], [inf], [inf], [inf], [inf], [inf], [inf], [inf], [inf], [0.09286069869995117], [inf], [inf], [inf], [inf], [inf], [inf], [inf], [inf], [inf], [inf], [inf], [inf], [inf], [inf], [inf], [inf], [inf], [inf], [inf], [inf], [inf], [inf], [inf], [inf], [inf], [inf], [inf], [inf]],0,0.22867417335510254,10.180200338363647,862
479,onnx/CIFAR100_resnet_medium.onnx,vnnlib/resnet_medium__label_68__idx_1522_fix_mask_seg0_k1024_eps_0.0039.vnnlib,100,unsat True,,,,3.3850386142730713,0
480,onnx/CIFAR100_resnet_medium.onnx,vnnlib/resnet_medium__label_68__idx_1522_fix_nonmask_seg0_k1024_eps_0.0039.vnnlib,100,unsat True,,,,4.4210898876190186,0
481,onnx/CIFAR100_resnet_medium.onnx,vnnlib/resnet_medium__label_6__idx_4129_global_k1024_eps_0.0039.vnnlib,100,unsat False,[[inf], [inf], [inf], [inf], [inf], [inf], [inf], [inf], [inf], [inf], [inf], [inf], [inf], [inf], [inf], [inf], [inf], [inf], [inf], [inf], [inf], [inf], [inf], [inf], [inf], [inf], [inf], [inf], [inf], [inf], [inf], [inf], [inf], [inf], [inf], [inf], [inf], [inf], [inf], [inf], [inf], [inf], [inf], [inf], [inf], [inf], [inf], [inf], [inf], [inf], [inf], [inf], [inf], [inf], [inf], [inf], [inf], [inf], [inf], [inf], [inf], [inf], [inf], [inf], [inf], [inf], [inf], [inf], [inf], [inf], [inf], [inf], [inf], [inf], [inf], [inf], [inf], [inf], [inf], [inf], [inf], [inf], [inf], [inf], [inf], [inf], [inf], [inf], [inf], [inf], [inf], [inf], [inf], [inf], [inf], [inf], [inf], [inf]],0,0.23367762565612793,13.979991912841797,1230
482,onnx/CIFAR100_resnet_medium.onnx,vnnlib/resnet_medium__label_6__idx_4129_fix_mask_seg0_k1024_eps_0.0039.vnnlib,100,unsat True,,,,3.5980751514434814,0
483,onnx/CIFAR100_resnet_medium.onnx,vnnlib/resnet_medium__label_6__idx_4129_fix_nonmask_seg0_k1024_eps_0.0039.vnnlib,100,unsat False,[[inf], [inf], [inf], [inf], [inf], [inf], [inf], [inf], [inf], [inf], [inf], [inf], [inf], [inf], [inf], [inf], [inf], [inf], [inf], [inf], [inf], [inf], [inf], [inf], [inf], [inf], [inf], [inf], [inf], [inf], [inf], [inf], [inf], [inf], [inf], [inf], [inf], [inf], [inf], [inf], [inf], [inf], [inf], [inf], [inf], [inf], [inf], [inf], [inf], [inf], [inf], [inf], [inf], [inf], [inf], [inf], [inf], [inf], [inf], [inf], [inf], [inf], [inf], [inf], [inf], [inf], [inf], [inf], [inf], [inf], [inf], [inf], [inf], [inf], [inf], [inf], [inf], [inf], [inf], [inf], [inf], [inf], [inf], [inf], [inf], [inf], [inf], [inf], [inf], [inf], [inf], [inf], [inf], [inf], [inf], [inf], [inf], [inf]],0,0.24102544784545898,12.513208627700806,1209
484,onnx/CIFAR100_resnet_medium.onnx,vnnlib/resnet_medium__label_6__idx_4225_global_k1024_eps_0.0039.vnnlib,100,unsat False,[[inf], [inf], [inf], [inf], [inf], [inf], [inf], [inf], [inf], [inf], [inf], [inf], [inf], [inf], [inf], [inf], [inf], [inf], [inf], [inf], [inf], [inf], [inf], [inf], [inf], [inf], [inf], [inf], [inf], [inf], [inf], [inf], [inf], [inf], [inf], [inf], [inf], [inf], [inf], [inf], [inf], [inf], [inf], [inf], [inf], [inf], [inf], [inf], [inf], [inf], [inf], [inf], [inf], [inf], [inf], [inf], [inf], [inf], [inf], [inf], [inf], [inf], [inf], [inf], [inf], [inf], [inf], [inf], [inf], [inf], [inf], [inf], [inf], [inf], [inf], [inf], [inf], [inf], [inf], [inf], [inf], [inf], [inf], [inf], [inf], [inf], [inf], [inf], [inf], [inf], [inf], [inf], [inf], [inf], [inf], [0.13513755798339844], [inf], [inf]],0,0.30492639541625977,9.556475162506104,955
485,onnx/CIFAR100_resnet_medium.onnx,vnnlib/resnet_medium__label_6__idx_4225_fix_mask_seg0_k1024_eps_0.0039.vnnlib,100,unsat True,,,,3.4380054473876953,0
486,onnx/CIFAR100_resnet_medium.onnx,vnnlib/resnet_medium__label_6__idx_4225_fix_nonmask_seg0_k1024_eps_0.0039.vnnlib,100,unsat True,,,,6.709493637084961,0
487,onnx/CIFAR100_resnet_medium.onnx,vnnlib/resnet_medium__label_70__idx_3285_global_k1024_eps_0.0039.vnnlib,100,timeout False,[[inf], [inf], [inf], [inf], [inf], [inf], [inf], [inf], [inf], [inf], [inf], [inf], [inf], [inf], [inf], [inf], [inf], [inf], [inf], [inf], [inf], [inf], [inf], [inf], [inf], [inf], [inf], [inf], [inf], [inf], [inf], [inf], [inf], [inf], [inf], [inf], [inf], [inf], [inf], [inf], [inf], [inf], [inf], [inf], [inf], [inf], [inf], [inf], [inf], [inf], [inf], [inf], [inf], [inf], [inf], [inf], [inf], [inf], [inf], [inf], [inf], [inf], [inf], [inf], [inf], [inf], [inf], [inf], [inf], [inf], [inf], [inf], [inf], [inf], [inf], [inf], [inf], [inf], [inf], [inf], [inf], [inf], [inf], [inf], [inf], [inf], [inf], [inf], [inf], [inf], [inf], [inf], [inf], [inf], [inf], [inf], [inf]],0,0.23144149780273438,103.82725811004639,1101
488,onnx/CIFAR100_resnet_medium.onnx,vnnlib/resnet_medium__label_70__idx_3285_fix_mask_seg0_k1024_eps_0.0039.vnnlib,100,unsat True,,,,2.3898370265960693,0
489,onnx/CIFAR100_resnet_medium.onnx,vnnlib/resnet_medium__label_70__idx_3285_fix_nonmask_seg0_k1024_eps_0.0039.vnnlib,100,unsat False,[[inf], [inf], [inf], [inf], [inf], [inf], [inf], [inf], [inf], [inf], [inf], [inf], [inf], [inf], [inf], [inf], [inf], [inf], [inf], [inf], [inf], [inf], [inf], [inf], [inf], [inf], [inf], [inf], [inf], [inf], [inf], [inf], [inf], [inf], [inf], [inf], [inf], [inf], [inf], [inf], [inf], [inf], [inf], [inf], [inf], [inf], [inf], [inf], [inf], [inf], [inf], [inf], [inf], [inf], [inf], [inf], [inf], [inf], [inf], [inf], [inf], [inf], [inf], [inf], [inf], [inf], [inf], [inf], [inf], [inf], [inf], [inf], [inf], [inf], [inf], [inf], [inf], [inf], [inf], [inf], [inf], [inf], [inf], [inf], [inf], [inf], [inf], [inf], [inf], [inf], [inf], [inf], [inf], [inf], [inf], [inf], [inf], [inf]],0,0.2383100986480713,20.146008491516113,961
490,onnx/CIFAR100_resnet_medium.onnx,vnnlib/resnet_medium__label_71__idx_752_global_k1024_eps_0.0039.vnnlib,100,timeout False,[[inf], [inf], [inf], [inf], [inf], [inf], [inf], [inf], [inf], [inf], [inf], [inf], [inf], [inf], [inf], [inf], [inf], [inf], [inf], [inf], [inf], [inf], [inf], [inf], [inf], [inf], [inf], [inf], [inf], [inf], [inf], [inf], [inf], [inf], [inf], [inf], [inf], [inf], [inf], [inf], [inf], [inf], [inf], [inf], [inf], [inf], [inf], [inf], [inf], [inf], [inf], [inf], [inf], [inf], [inf], [inf], [inf], [inf], [inf], [inf], [inf], [inf], [inf], [inf], [inf], [inf], [inf], [inf], [inf], [inf], [inf], [inf], [inf], [inf], [inf], [inf], [inf], [inf], [inf], [inf], [inf], [inf], [inf], [inf], [inf], [inf], [inf], [inf], [inf], [inf], [inf], [inf], [inf], [inf], [inf], [inf], [inf], [inf]],0,0.15328574180603027,104.28471374511719,716
491,onnx/CIFAR100_resnet_medium.onnx,vnnlib/resnet_medium__label_71__idx_752_fix_mask_seg0_k1024_eps_0.0039.vnnlib,100,unsat True,,,,3.0330379009246826,0
492,onnx/CIFAR100_resnet_medium.onnx,vnnlib/resnet_medium__label_71__idx_752_fix_nonmask_seg0_k1024_eps_0.0039.vnnlib,100,timeout False,[[inf], [inf], [inf], [inf], [inf], [inf], [inf], [inf], [inf], [inf], [inf], [inf], [inf], [inf], [inf], [inf], [inf], [inf], [inf], [inf], [inf], [inf], [inf], [inf], [inf], [inf], [inf], [inf], [inf], [inf], [inf], [inf], [inf], [inf], [inf], [inf], [inf], [inf], [inf], [inf], [inf], [inf], [inf], [inf], [inf], [inf], [inf], [inf], [inf], [inf], [inf], [inf], [inf], [inf], [inf], [inf], [inf], [inf], [inf], [inf], [inf], [inf], [inf], [inf], [inf], [inf], [inf], [inf], [inf], [inf], [inf], [inf], [inf], [inf], [inf], [inf], [inf], [inf], [inf], [inf], [inf], [inf], [inf], [inf], [inf], [inf], [inf], [inf], [inf], [inf], [inf], [inf], [inf], [inf], [inf], [inf], [inf], [inf]],0,0.3847932815551758,103.25158190727234,716
493,onnx/CIFAR100_resnet_medium.onnx,vnnlib/resnet_medium__label_72__idx_792_global_k1024_eps_0.0039.vnnlib,100,unsat False,[[inf], [inf], [inf], [inf], [inf], [inf], [inf], [inf], [inf], [inf], [inf], [inf], [inf], [inf], [inf], [inf], [inf], [inf], [inf], [inf], [inf], [inf], [inf], [inf], [inf], [inf], [inf], [inf], [inf], [inf], [inf], [inf], [inf], [inf], [inf], [inf], [inf], [inf], [inf], [inf], [inf], [inf], [inf], [inf], [inf], [inf], [inf], [inf], [inf], [inf], [inf], [inf], [inf], [inf], [inf], [inf], [inf], [inf], [inf], [inf], [inf], [inf], [inf], [inf], [inf], [inf], [inf], [inf], [inf], [inf], [inf], [inf], [inf], [inf], [inf], [inf], [inf], [inf], [inf], [inf], [inf], [inf], [inf], [inf], [inf], [inf], [inf], [inf], [inf], [inf], [inf], [inf], [inf], [inf], [inf], [inf], [inf], [inf]],0,0.23640871047973633,10.453721284866333,951
494,onnx/CIFAR100_resnet_medium.onnx,vnnlib/resnet_medium__label_72__idx_792_fix_mask_seg0_k1024_eps_0.0039.vnnlib,100,unsat True,,,,3.3980391025543213,0
495,onnx/CIFAR100_resnet_medium.onnx,vnnlib/resnet_medium__label_72__idx_792_fix_nonmask_seg0_k1024_eps_0.0039.vnnlib,100,unsat True,,,,3.5259602069854736,0
496,onnx/CIFAR100_resnet_medium.onnx,vnnlib/resnet_medium__label_73__idx_1800_global_k1024_eps_0.0039.vnnlib,100,timeout False,[[inf], [inf], [inf], [inf], [inf], [inf], [inf], [inf], [inf], [inf], [inf], [inf], [inf], [inf], [inf], [inf], [inf], [inf], [inf], [inf], [inf], [inf], [inf], [inf], [inf], [inf], [inf], [inf], [inf], [inf], [inf], [inf], [inf], [inf], [inf], [inf], [inf], [inf], [inf], [inf], [inf], [inf], [inf], [inf], [inf], [inf], [inf], [inf], [inf], [inf], [inf], [inf], [inf], [inf], [inf], [inf], [inf], [inf], [inf], [inf], [inf], [inf], [inf], [inf], [inf], [inf], [inf], [inf], [inf], [inf], [inf], [inf], [inf], [inf], [inf], [inf], [inf], [inf], [inf], [inf], [inf], [inf], [inf], [inf], [inf], [inf], [inf], [inf], [inf], [inf], [inf], [inf], [inf], [inf], [inf], [inf], [inf], [inf]],0,0.23201966285705566,104.9257652759552,799
497,onnx/CIFAR100_resnet_medium.onnx,vnnlib/resnet_medium__label_73__idx_1800_fix_mask_seg0_k1024_eps_0.0039.vnnlib,100,unsat True,,,,2.928446054458618,0
498,onnx/CIFAR100_resnet_medium.onnx,vnnlib/resnet_medium__label_73__idx_1800_fix_nonmask_seg0_k1024_eps_0.0039.vnnlib,100,timeout False,[[inf], [inf], [inf], [inf], [inf], [inf], [inf], [inf], [inf], [inf], [inf], [inf], [inf], [inf], [inf], [inf], [inf], [inf], [inf], [inf], [inf], [inf], [inf], [inf], [inf], [inf], [inf], [inf], [inf], [inf], [inf], [inf], [inf], [inf], [inf], [inf], [inf], [inf], [inf], [inf], [inf], [inf], [inf], [inf], [inf], [inf], [inf], [inf], [inf], [inf], [inf], [inf], [inf], [inf], [inf], [inf], [inf], [inf], [inf], [inf], [inf], [inf], [inf], [inf], [inf], [inf], [inf], [inf], [inf], [inf], [inf], [inf], [inf], [inf], [inf], [inf], [inf], [inf], [inf], [inf], [inf], [inf], [inf], [inf], [inf], [inf], [inf], [inf], [inf], [inf], [inf], [inf], [inf], [inf], [inf], [inf], [inf], [inf]],0,0.14498233795166016,101.24245142936707,796
499,onnx/CIFAR100_resnet_medium.onnx,vnnlib/resnet_medium__label_74__idx_9092_global_k1024_eps_0.0039.vnnlib,100,timeout False,[[inf], [inf], [inf], [inf], [inf], [inf], [inf], [inf], [inf], [inf], [inf], [inf], [inf], [inf], [inf], [inf], [inf], [inf], [inf], [inf], [inf], [inf], [inf], [inf], [inf], [inf], [inf], [inf], [inf], [inf], [inf], [inf], [inf], [inf], [inf], [inf], [inf], [inf], [inf], [inf], [inf], [inf], [inf], [inf], [inf], [inf], [inf], [inf], [inf], [inf], [inf], [inf], [inf], [inf], [inf], [inf], [inf], [inf], [inf], [inf], [inf], [inf], [inf], [inf], [inf], [inf], [inf], [inf], [inf], [inf], [inf], [inf], [inf], [inf], [inf], [inf], [inf], [inf], [inf], [inf], [inf], [inf], [inf], [inf], [inf], [inf], [inf], [inf], [inf], [inf], [inf], [inf], [inf], [inf], [inf], [inf]],0,0.22199201583862305,101.77901601791382,1298
500,onnx/CIFAR100_resnet_medium.onnx,vnnlib/resnet_medium__label_74__idx_9092_fix_mask_seg0_k1024_eps_0.0039.vnnlib,100,unsat True,,,,3.371515989303589,0
501,onnx/CIFAR100_resnet_medium.onnx,vnnlib/resnet_medium__label_74__idx_9092_fix_nonmask_seg0_k1024_eps_0.0039.vnnlib,100,timeout False,[[inf], [inf], [inf], [inf], [inf], [inf], [inf], [inf], [inf], [inf], [inf], [inf], [inf], [inf], [inf], [inf], [inf], [inf], [inf], [inf], [inf], [inf], [inf], [inf], [inf], [inf], [inf], [inf], [inf], [inf], [inf], [inf], [inf], [inf], [inf], [inf], [inf], [inf], [inf], [inf], [inf], [inf], [inf], [inf], [inf], [inf], [inf], [inf], [inf], [inf], [inf], [inf], [inf], [inf], [inf], [inf], [inf], [inf], [inf], [inf], [inf], [inf], [inf], [0.010552406311035156], [inf], [inf], [inf], [inf], [inf], [inf], [inf], [inf], [inf], [inf], [inf], [inf], [inf], [inf], [inf], [inf], [inf], [inf], [inf], [inf], [inf], [inf], [inf], [inf], [inf], [inf], [inf], [inf], [inf], [inf], [inf], [inf], [inf]],0,0.14563226699829102,100.52095603942871,1206
502,onnx/CIFAR100_resnet_medium.onnx,vnnlib/resnet_medium__label_75__idx_4400_global_k1024_eps_0.0039.vnnlib,100,timeout False,[[inf], [inf], [inf], [inf], [inf], [inf], [inf], [inf], [inf], [inf], [inf], [inf], [inf], [inf], [inf], [inf], [inf], [inf], [inf], [inf], [inf], [inf], [inf], [inf], [inf], [inf], [inf], [inf], [inf], [inf], [inf], [inf], [inf], [inf], [inf], [inf], [inf], [inf], [inf], [inf], [inf], [inf], [inf], [inf], [inf], [inf], [inf], [inf], [inf], [inf], [inf], [inf], [inf], [inf], [inf], [inf], [inf], [inf], [inf], [inf], [inf], [inf], [inf], [inf], [inf], [inf], [inf], [inf], [inf], [inf], [inf], [inf], [inf], [inf], [inf], [inf], [inf], [inf], [inf], [inf], [inf], [inf], [inf], [inf], [inf], [inf], [inf], [inf], [inf], [inf], [inf], [inf], [inf], [inf], [inf], [inf], [inf], [inf]],0,0.1434783935546875,104.4296658039093,1115
503,onnx/CIFAR100_resnet_medium.onnx,vnnlib/resnet_medium__label_75__idx_4400_fix_mask_seg0_k1024_eps_0.0039.vnnlib,100,unsat True,,,,3.6622538566589355,0
504,onnx/CIFAR100_resnet_medium.onnx,vnnlib/resnet_medium__label_75__idx_4400_fix_nonmask_seg0_k1024_eps_0.0039.vnnlib,100,unsat False,[[inf], [inf], [inf], [inf], [inf], [inf], [inf], [inf], [inf], [inf], [inf], [inf], [inf], [inf], [inf], [inf], [inf], [inf], [inf], [inf], [inf], [inf], [inf], [inf], [inf], [inf], [inf], [inf], [inf], [inf], [inf], [inf], [inf], [inf], [inf], [inf], [inf], [inf], [inf], [inf], [inf], [inf], [inf], [inf], [inf], [inf], [inf], [inf], [inf], [inf], [inf], [inf], [inf], [inf], [inf], [inf], [inf], [inf], [inf], [inf], [inf], [inf], [inf], [inf], [inf], [inf], [inf], [inf], [inf], [inf], [inf], [inf], [inf], [inf], [inf], [inf], [inf], [inf], [inf], [inf], [inf], [inf], [inf], [inf], [inf], [inf], [inf], [inf], [inf], [inf], [inf], [inf], [inf], [inf], [inf], [inf], [inf], [inf]],0,0.14778375625610352,16.42280340194702,988
505,onnx/CIFAR100_resnet_medium.onnx,vnnlib/resnet_medium__label_76__idx_1471_global_k1024_eps_0.0039.vnnlib,100,unsat True,,,,7.084581136703491,0
506,onnx/CIFAR100_resnet_medium.onnx,vnnlib/resnet_medium__label_76__idx_1471_fix_mask_seg0_k1024_eps_0.0039.vnnlib,100,unsat True,,,,2.829653739929199,0
507,onnx/CIFAR100_resnet_medium.onnx,vnnlib/resnet_medium__label_76__idx_1471_fix_nonmask_seg0_k1024_eps_0.0039.vnnlib,100,unsat True,,,,3.4244868755340576,0
508,onnx/CIFAR100_resnet_medium.onnx,vnnlib/resnet_medium__label_79__idx_3741_global_k1024_eps_0.0039.vnnlib,100,sat True,,,,4.03281569480896,0
509,onnx/CIFAR100_resnet_medium.onnx,vnnlib/resnet_medium__label_79__idx_3741_fix_mask_seg0_k1024_eps_0.0039.vnnlib,100,unsat True,,,,3.5351295471191406,0
510,onnx/CIFAR100_resnet_medium.onnx,vnnlib/resnet_medium__label_79__idx_3741_fix_nonmask_seg0_k1024_eps_0.0039.vnnlib,100,timeout False,[[inf], [inf], [inf], [inf], [inf], [inf], [inf], [inf], [inf], [inf], [inf], [inf], [inf], [inf], [inf], [inf], [inf], [inf], [inf], [inf], [inf], [inf], [inf], [inf], [inf], [inf], [inf], [inf], [inf], [inf], [inf], [inf], [inf], [inf], [inf], [inf], [inf], [inf], [inf], [inf], [inf], [inf], [inf], [inf], [inf], [inf], [inf], [inf], [inf], [inf], [inf], [inf], [inf], [inf], [inf], [inf], [inf], [inf], [inf], [inf], [inf], [inf], [inf], [inf], [inf], [inf], [inf], [inf], [inf], [inf], [inf], [inf], [inf], [inf], [inf], [inf], [inf], [inf], [inf], [inf], [inf], [inf], [inf], [inf], [inf], [inf], [inf], [inf], [inf], [inf], [inf], [inf], [inf], [inf], [inf], [inf], [inf], [inf]],0,0.3505227565765381,103.97601413726807,710
511,onnx/CIFAR100_resnet_medium.onnx,vnnlib/resnet_medium__label_79__idx_5430_global_k1024_eps_0.0039.vnnlib,100,timeout False,[[inf], [inf], [inf], [inf], [inf], [inf], [inf], [inf], [inf], [inf], [inf], [inf], [inf], [inf], [inf], [inf], [inf], [inf], [inf], [inf], [inf], [inf], [inf], [inf], [inf], [inf], [inf], [inf], [inf], [inf], [inf], [inf], [inf], [inf], [inf], [inf], [inf], [inf], [inf], [inf], [inf], [inf], [inf], [inf], [inf], [inf], [inf], [inf], [inf], [inf], [inf], [inf], [inf], [inf], [inf], [inf], [inf], [inf], [inf], [inf], [inf], [inf], [inf], [inf], [inf], [inf], [inf], [inf], [inf], [inf], [inf], [inf], [inf], [inf], [inf], [inf], [inf], [inf], [inf], [inf], [inf], [inf], [inf], [inf], [inf], [inf], [inf], [inf], [inf], [inf], [inf], [inf], [inf], [inf], [inf], [inf], [inf]],0,0.2479565143585205,101.50193810462952,1133
512,onnx/CIFAR100_resnet_medium.onnx,vnnlib/resnet_medium__label_79__idx_5430_fix_mask_seg0_k1024_eps_0.0039.vnnlib,100,unsat True,,,,3.003483295440674,0
513,onnx/CIFAR100_resnet_medium.onnx,vnnlib/resnet_medium__label_79__idx_5430_fix_nonmask_seg0_k1024_eps_0.0039.vnnlib,100,unsat False,[[inf], [inf], [inf], [inf], [inf], [inf], [inf], [inf], [inf], [inf], [inf], [inf], [inf], [inf], [inf], [inf], [inf], [inf], [inf], [inf], [inf], [inf], [inf], [inf], [inf], [inf], [inf], [inf], [inf], [inf], [inf], [inf], [inf], [inf], [inf], [inf], [inf], [inf], [inf], [inf], [inf], [inf], [inf], [inf], [inf], [inf], [inf], [inf], [inf], [inf], [inf], [inf], [inf], [inf], [inf], [inf], [inf], [inf], [inf], [inf], [inf], [inf], [inf], [inf], [inf], [inf], [inf], [inf], [inf], [inf], [inf], [inf], [inf], [inf], [inf], [inf], [inf], [inf], [inf], [inf], [inf], [inf], [inf], [inf], [inf], [inf], [inf], [inf], [inf], [inf], [inf], [inf], [inf], [inf], [inf], [inf], [inf], [inf]],0,0.2330937385559082,34.44753861427307,1034
514,onnx/CIFAR100_resnet_medium.onnx,vnnlib/resnet_medium__label_7__idx_1605_global_k1024_eps_0.0039.vnnlib,100,timeout False,[[inf], [inf], [inf], [inf], [inf], [inf], [inf], [inf], [inf], [inf], [inf], [inf], [inf], [inf], [inf], [inf], [inf], [inf], [inf], [inf], [inf], [inf], [inf], [inf], [inf], [inf], [inf], [inf], [inf], [inf], [inf], [inf], [inf], [inf], [inf], [inf], [inf], [inf], [inf], [inf], [inf], [inf], [inf], [inf], [inf], [inf], [inf], [inf], [inf], [inf], [inf], [inf], [inf], [inf], [inf], [inf], [inf], [inf], [inf], [inf], [inf], [inf], [inf], [inf], [inf], [0.24938297271728516], [inf], [inf], [inf], [inf], [inf], [inf], [inf], [inf], [inf], [inf], [inf], [inf], [inf], [inf], [inf], [inf], [inf], [inf], [inf], [inf], [inf], [inf], [inf], [inf], [inf], [inf], [inf], [inf], [inf], [inf], [inf]],0,0.22576022148132324,103.31779527664185,1303
515,onnx/CIFAR100_resnet_medium.onnx,vnnlib/resnet_medium__label_7__idx_1605_fix_mask_seg0_k1024_eps_0.0039.vnnlib,100,unsat True,,,,3.6352994441986084,0
516,onnx/CIFAR100_resnet_medium.onnx,vnnlib/resnet_medium__label_7__idx_1605_fix_nonmask_seg0_k1024_eps_0.0039.vnnlib,100,unsat False,[[inf], [inf], [inf], [inf], [inf], [inf], [inf], [inf], [inf], [inf], [inf], [inf], [inf], [inf], [inf], [inf], [inf], [inf], [inf], [inf], [inf], [inf], [inf], [inf], [inf], [inf], [inf], [inf], [inf], [inf], [inf], [inf], [inf], [inf], [inf], [inf], [inf], [inf], [inf], [inf], [inf], [inf], [inf], [inf], [inf], [inf], [inf], [inf], [inf], [inf], [inf], [inf], [inf], [inf], [inf], [inf], [inf], [inf], [inf], [inf], [inf], [inf], [inf], [inf], [inf], [inf], [inf], [inf], [inf], [inf], [inf], [inf], [inf], [inf], [inf], [inf], [inf], [inf], [inf], [inf], [inf], [inf], [inf], [inf], [inf], [inf], [inf], [inf], [inf], [inf], [inf], [inf], [inf], [inf], [inf], [inf], [inf], [inf]],0,0.1490800380706787,14.680126667022705,1198
517,onnx/CIFAR100_resnet_medium.onnx,vnnlib/resnet_medium__label_80__idx_1690_global_k1024_eps_0.0039.vnnlib,100,timeout False,[[inf], [inf], [inf], [0.11459779739379883], [inf], [inf], [inf], [inf], [inf], [inf], [inf], [inf], [inf], [inf], [inf], [inf], [inf], [inf], [inf], [inf], [inf], [inf], [inf], [inf], [inf], [inf], [inf], [inf], [inf], [inf], [inf], [0.1109323501586914], [0.4159207344055176], [inf], [inf], [inf], [inf], [inf], [inf], [inf], [inf], [inf], [inf], [inf], [inf], [inf], [inf], [inf], [inf], [inf], [inf], [inf], [0.0028934478759765625], [inf], [inf], [inf], [inf], [inf], [inf], [inf], [inf], [inf], [inf], [inf], [inf], [inf], [inf], [inf], [inf], [inf], [inf], [inf], [0.09651613235473633], [inf], [0.09639620780944824], [inf], [inf], [inf], [inf], [inf], [inf], [inf], [inf], [inf], [inf], [inf], [inf], [inf], [inf], [inf], [inf], [inf]],0,0.2336893081665039,103.31593775749207,1467
518,onnx/CIFAR100_resnet_medium.onnx,vnnlib/resnet_medium__label_80__idx_1690_fix_mask_seg0_k1024_eps_0.0039.vnnlib,100,unsat True,,,,3.646756887435913,0
519,onnx/CIFAR100_resnet_medium.onnx,vnnlib/resnet_medium__label_80__idx_1690_fix_nonmask_seg0_k1024_eps_0.0039.vnnlib,100,timeout False,[[inf], [inf], [inf], [0.13219451904296875], [inf], [inf], [inf], [inf], [inf], [inf], [inf], [inf], [inf], [inf], [inf], [inf], [inf], [inf], [inf], [inf], [inf], [inf], [inf], [inf], [inf], [inf], [inf], [inf], [inf], [inf], [inf], [0.12585699558258057], [0.4302067756652832], [inf], [inf], [inf], [inf], [inf], [inf], [inf], [inf], [inf], [inf], [inf], [inf], [inf], [inf], [inf], [inf], [inf], [inf], [inf], [0.019031524658203125], [inf], [inf], [inf], [inf], [inf], [inf], [inf], [inf], [inf], [inf], [inf], [inf], [inf], [inf], [inf], [inf], [inf], [inf], [inf], [0.11261880397796631], [inf], [0.11423921585083008], [inf], [inf], [inf], [inf], [inf], [inf], [inf], [inf], [inf], [inf], [inf], [inf], [inf], [inf], [inf], [inf], [inf]],0,0.24707722663879395,102.20281505584717,1459
520,onnx/CIFAR100_resnet_medium.onnx,vnnlib/resnet_medium__label_80__idx_3620_global_k1024_eps_0.0039.vnnlib,100,timeout False,[[inf], [inf], [inf], [inf], [inf], [inf], [inf], [inf], [inf], [inf], [inf], [inf], [inf], [inf], [inf], [inf], [inf], [inf], [inf], [inf], [inf], [inf], [inf], [inf], [inf], [inf], [inf], [inf], [inf], [inf], [inf], [inf], [inf], [inf], [inf], [inf], [inf], [inf], [inf], [inf], [inf], [inf], [inf], [inf], [inf], [inf], [inf], [inf], [inf], [inf], [inf], [inf], [inf], [inf], [inf], [inf], [inf], [inf], [inf], [inf], [inf], [inf], [inf], [inf], [inf], [inf], [inf], [inf], [inf], [inf], [inf], [inf], [inf], [inf], [inf], [inf], [inf], [inf], [inf], [inf], [inf], [inf], [inf], [inf], [inf], [inf], [inf], [inf], [inf], [inf], [inf], [inf], [inf], [inf], [inf], [inf], [inf], [inf]],0,0.2775120735168457,102.250972032547,1057
521,onnx/CIFAR100_resnet_medium.onnx,vnnlib/resnet_medium__label_80__idx_3620_fix_mask_seg0_k1024_eps_0.0039.vnnlib,100,unsat True,,,,3.5023112297058105,0
522,onnx/CIFAR100_resnet_medium.onnx,vnnlib/resnet_medium__label_80__idx_3620_fix_nonmask_seg0_k1024_eps_0.0039.vnnlib,100,unsat False,[[inf], [inf], [inf], [inf], [inf], [inf], [inf], [inf], [inf], [inf], [inf], [inf], [inf], [inf], [inf], [inf], [inf], [inf], [inf], [inf], [inf], [inf], [inf], [inf], [inf], [inf], [inf], [inf], [inf], [inf], [inf], [inf], [inf], [inf], [inf], [inf], [inf], [inf], [inf], [inf], [inf], [inf], [inf], [inf], [inf], [inf], [inf], [inf], [inf], [inf], [inf], [inf], [inf], [inf], [inf], [inf], [inf], [inf], [inf], [inf], [inf], [inf], [inf], [inf], [inf], [inf], [inf], [inf], [inf], [inf], [inf], [inf], [inf], [inf], [inf], [inf], [inf], [inf], [inf], [inf], [inf], [inf], [inf], [inf], [inf], [inf], [inf], [inf], [inf], [inf], [inf], [inf], [inf], [inf], [inf], [inf], [inf], [inf]],0,0.32806825637817383,26.701070547103882,950
523,onnx/CIFAR100_resnet_medium.onnx,vnnlib/resnet_medium__label_80__idx_9109_global_k1024_eps_0.0039.vnnlib,100,timeout False,[[inf], [inf], [inf], [inf], [inf], [inf], [inf], [inf], [0.4110898971557617], [inf], [inf], [inf], [inf], [inf], [inf], [inf], [inf], [inf], [inf], [inf], [inf], [inf], [inf], [inf], [inf], [inf], [inf], [0.2551453113555908], [inf], [inf], [inf], [inf], [inf], [inf], [inf], [inf], [inf], [inf], [inf], [inf], [inf], [inf], [inf], [inf], [inf], [inf], [inf], [inf], [inf], [inf], [inf], [inf], [inf], [inf], [inf], [inf], [inf], [inf], [inf], [inf], [inf], [inf], [inf], [inf], [inf], [inf], [inf], [inf], [inf], [inf], [inf], [inf], [inf], [inf], [inf], [inf], [inf], [inf], [inf], [inf], [inf], [inf], [inf], [inf], [0.1604752540588379], [inf], [inf], [inf], [inf], [inf], [inf], [inf], [inf], [inf], [inf]],0,0.23128938674926758,102.03027892112732,1495
524,onnx/CIFAR100_resnet_medium.onnx,vnnlib/resnet_medium__label_80__idx_9109_fix_mask_seg0_k1024_eps_0.0039.vnnlib,100,unsat True,,,,2.426821231842041,0
525,onnx/CIFAR100_resnet_medium.onnx,vnnlib/resnet_medium__label_80__idx_9109_fix_nonmask_seg0_k1024_eps_0.0039.vnnlib,100,unsat False,[[inf], [inf], [inf], [inf], [inf], [inf], [inf], [inf], [inf], [inf], [inf], [inf], [inf], [inf], [inf], [inf], [inf], [inf], [inf], [inf], [inf], [inf], [inf], [inf], [inf], [inf], [inf], [inf], [inf], [inf], [inf], [inf], [inf], [inf], [inf], [inf], [inf], [inf], [inf], [inf], [inf], [inf], [inf], [inf], [inf], [inf], [inf], [inf], [inf], [inf], [inf], [inf], [inf], [inf], [inf], [inf], [inf], [inf], [inf], [inf], [inf], [inf], [inf], [inf], [inf], [inf], [inf], [inf], [inf], [inf], [inf], [inf], [inf], [inf], [inf], [inf], [inf], [inf], [inf], [inf], [inf], [inf], [inf], [inf], [inf], [inf], [inf], [inf], [inf], [inf], [inf], [inf], [inf], [inf], [inf], [inf]],0,0.23640847206115723,37.25961637496948,1176
526,onnx/CIFAR100_resnet_medium.onnx,vnnlib/resnet_medium__label_81__idx_6695_global_k1024_eps_0.0039.vnnlib,100,timeout False,[[inf], [inf], [inf], [inf], [inf], [inf], [inf], [inf], [inf], [inf], [inf], [inf], [inf], [inf], [inf], [inf], [inf], [inf], [inf], [inf], [inf], [inf], [inf], [inf], [inf], [inf], [inf], [inf], [inf], [inf], [inf], [inf], [inf], [inf], [inf], [inf], [inf], [0.07969331741333008], [inf], [inf], [inf], [inf], [inf], [inf], [inf], [inf], [inf], [inf], [inf], [inf], [inf], [inf], [inf], [inf], [inf], [inf], [inf], [inf], [inf], [inf], [inf], [inf], [inf], [inf], [inf], [inf], [inf], [inf], [inf], [inf], [inf], [inf], [inf], [inf], [inf], [inf], [inf], [inf], [inf], [inf], [inf], [inf], [inf], [inf], [inf], [inf], [inf], [inf], [inf], [inf], [inf], [inf], [inf], [inf], [inf], [inf], [inf]],0,0.2379014492034912,104.3267195224762,856
527,onnx/CIFAR100_resnet_medium.onnx,vnnlib/resnet_medium__label_81__idx_6695_fix_mask_seg0_k1024_eps_0.0039.vnnlib,100,unsat True,,,,3.6206772327423096,0
528,onnx/CIFAR100_resnet_medium.onnx,vnnlib/resnet_medium__label_81__idx_6695_fix_nonmask_seg0_k1024_eps_0.0039.vnnlib,100,unsat False,[[inf], [inf], [inf], [inf], [inf], [inf], [inf], [inf], [inf], [inf], [inf], [inf], [inf], [inf], [inf], [inf], [inf], [inf], [inf], [inf], [inf], [inf], [inf], [inf], [inf], [inf], [inf], [inf], [inf], [inf], [inf], [inf], [inf], [inf], [inf], [inf], [inf], [inf], [inf], [inf], [inf], [inf], [inf], [inf], [inf], [inf], [inf], [inf], [inf], [inf], [inf], [inf], [inf], [inf], [inf], [inf], [inf], [inf], [inf], [inf], [inf], [inf], [inf], [inf], [inf], [inf], [inf], [inf], [inf], [inf], [inf], [inf], [inf], [inf], [inf], [inf], [inf], [inf], [inf], [inf], [inf], [inf], [inf], [inf], [inf], [inf], [inf], [inf], [inf], [inf], [inf], [inf], [inf], [inf], [inf], [inf], [inf]],0,0.23344159126281738,12.36189889907837,686
529,onnx/CIFAR100_resnet_medium.onnx,vnnlib/resnet_medium__label_83__idx_5815_global_k1024_eps_0.0039.vnnlib,100,timeout False,[[inf], [inf], [inf], [inf], [inf], [inf], [inf], [inf], [inf], [inf], [inf], [inf], [inf], [inf], [inf], [inf], [inf], [inf], [inf], [inf], [inf], [inf], [inf], [inf], [inf], [inf], [inf], [inf], [inf], [inf], [inf], [inf], [inf], [inf], [inf], [inf], [inf], [inf], [inf], [inf], [inf], [inf], [inf], [inf], [inf], [inf], [inf], [inf], [inf], [inf], [inf], [inf], [inf], [inf], [inf], [inf], [inf], [inf], [inf], [inf], [inf], [inf], [inf], [inf], [inf], [inf], [inf], [inf], [inf], [inf], [inf], [inf], [inf], [inf], [inf], [inf], [inf], [inf], [inf], [inf], [inf], [inf], [inf], [inf], [inf], [inf], [inf], [inf], [inf], [inf], [inf], [inf], [inf], [inf], [inf], [inf], [inf], [inf]],0,0.23409724235534668,104.31511116027832,976
530,onnx/CIFAR100_resnet_medium.onnx,vnnlib/resnet_medium__label_83__idx_5815_fix_mask_seg0_k1024_eps_0.0039.vnnlib,100,unsat True,,,,3.375033140182495,0
531,onnx/CIFAR100_resnet_medium.onnx,vnnlib/resnet_medium__label_83__idx_5815_fix_nonmask_seg0_k1024_eps_0.0039.vnnlib,100,unsat False,[[inf], [inf], [inf], [inf], [inf], [inf], [inf], [inf], [inf], [inf], [inf], [inf], [inf], [inf], [inf], [inf], [inf], [inf], [inf], [inf], [inf], [inf], [inf], [inf], [inf], [inf], [inf], [inf], [inf], [inf], [inf], [inf], [inf], [inf], [inf], [inf], [inf], [inf], [inf], [inf], [inf], [inf], [inf], [inf], [inf], [inf], [inf], [inf], [inf], [inf], [inf], [inf], [inf], [inf], [inf], [inf], [inf], [inf], [inf], [inf], [inf], [inf], [inf], [inf], [inf], [inf], [inf], [inf], [inf], [inf], [inf], [inf], [inf], [inf], [inf], [inf], [inf], [inf], [inf], [inf], [inf], [inf], [inf], [inf], [inf], [inf], [inf], [inf], [inf], [inf], [inf], [inf], [inf], [inf], [inf], [inf], [inf], [inf]],0,0.14871835708618164,9.754871606826782,663
532,onnx/CIFAR100_resnet_medium.onnx,vnnlib/resnet_medium__label_84__idx_8846_global_k1024_eps_0.0039.vnnlib,100,unsat False,[[inf], [inf], [inf], [inf], [inf], [inf], [inf], [inf], [inf], [inf], [inf], [inf], [inf], [inf], [inf], [inf], [inf], [inf], [inf], [inf], [inf], [inf], [inf], [inf], [inf], [inf], [inf], [inf], [inf], [inf], [inf], [inf], [inf], [inf], [inf], [inf], [inf], [inf], [inf], [inf], [inf], [inf], [inf], [inf], [inf], [inf], [inf], [inf], [inf], [inf], [inf], [inf], [inf], [inf], [inf], [inf], [inf], [inf], [inf], [inf], [inf], [inf], [inf], [inf], [inf], [inf], [inf], [inf], [inf], [inf], [inf], [inf], [inf], [inf], [inf], [inf], [inf], [inf], [inf], [inf], [inf], [inf], [inf], [inf], [inf], [inf], [inf], [inf], [inf], [inf], [inf], [inf], [inf], [inf], [inf], [inf], [inf], [inf]],0,0.2314918041229248,20.95290231704712,988
533,onnx/CIFAR100_resnet_medium.onnx,vnnlib/resnet_medium__label_84__idx_8846_fix_mask_seg0_k1024_eps_0.0039.vnnlib,100,unsat True,,,,3.240338087081909,0
534,onnx/CIFAR100_resnet_medium.onnx,vnnlib/resnet_medium__label_84__idx_8846_fix_nonmask_seg0_k1024_eps_0.0039.vnnlib,100,unsat False,[[inf], [inf], [inf], [inf], [inf], [inf], [inf], [inf], [inf], [inf], [inf], [inf], [inf], [inf], [inf], [inf], [inf], [inf], [inf], [inf], [inf], [inf], [inf], [inf], [inf], [inf], [inf], [inf], [inf], [inf], [inf], [inf], [inf], [inf], [inf], [inf], [inf], [inf], [inf], [inf], [inf], [inf], [inf], [inf], [inf], [inf], [inf], [inf], [inf], [inf], [inf], [inf], [inf], [inf], [inf], [inf], [inf], [inf], [inf], [inf], [inf], [inf], [inf], [inf], [inf], [inf], [inf], [inf], [inf], [inf], [inf], [inf], [inf], [inf], [inf], [inf], [inf], [inf], [inf], [inf], [inf], [inf], [inf], [inf], [inf], [inf], [inf], [inf], [inf], [inf], [inf], [inf], [inf], [inf], [inf], [inf], [inf], [inf]],0,0.368030309677124,12.090935945510864,872
535,onnx/CIFAR100_resnet_medium.onnx,vnnlib/resnet_medium__label_85__idx_2810_global_k1024_eps_0.0039.vnnlib,100,unsat False,[[inf], [inf], [inf], [inf], [inf], [inf], [inf], [inf], [inf], [inf], [inf], [inf], [inf], [inf], [inf], [inf], [inf], [inf], [inf], [inf], [inf], [inf], [inf], [inf], [inf], [inf], [inf], [inf], [inf], [inf], [inf], [inf], [inf], [inf], [inf], [inf], [inf], [inf], [inf], [inf], [inf], [inf], [inf], [inf], [inf], [inf], [inf], [inf], [inf], [inf], [inf], [inf], [inf], [inf], [inf], [inf], [inf], [inf], [inf], [inf], [inf], [inf], [inf], [inf], [inf], [inf], [inf], [inf], [inf], [inf], [inf], [inf], [inf], [inf], [inf], [inf], [inf], [inf], [inf], [inf], [inf], [inf], [inf], [inf], [inf], [inf], [inf], [inf], [inf], [inf], [inf], [inf], [inf], [inf], [inf], [inf], [inf], [inf]],0,0.23488926887512207,11.265521049499512,1099
536,onnx/CIFAR100_resnet_medium.onnx,vnnlib/resnet_medium__label_85__idx_2810_fix_mask_seg0_k1024_eps_0.0039.vnnlib,100,unsat True,,,,4.204637765884399,0
537,onnx/CIFAR100_resnet_medium.onnx,vnnlib/resnet_medium__label_85__idx_2810_fix_nonmask_seg0_k1024_eps_0.0039.vnnlib,100,unsat True,,,,3.417288303375244,0
538,onnx/CIFAR100_resnet_medium.onnx,vnnlib/resnet_medium__label_85__idx_9936_global_k1024_eps_0.0039.vnnlib,100,unsat False,[[inf], [inf], [inf], [inf], [inf], [inf], [inf], [inf], [inf], [inf], [inf], [inf], [inf], [inf], [inf], [inf], [inf], [inf], [inf], [inf], [inf], [inf], [inf], [inf], [inf], [inf], [inf], [inf], [inf], [inf], [inf], [inf], [inf], [inf], [inf], [inf], [inf], [inf], [inf], [inf], [inf], [inf], [inf], [inf], [inf], [inf], [inf], [inf], [inf], [inf], [inf], [inf], [inf], [inf], [inf], [inf], [inf], [inf], [inf], [inf], [inf], [inf], [inf], [inf], [inf], [inf], [inf], [inf], [inf], [inf], [inf], [inf], [inf], [inf], [inf], [inf], [inf], [inf], [inf], [inf], [inf], [inf], [inf], [inf], [inf], [inf], [inf], [inf], [inf], [inf], [inf], [inf], [inf], [inf], [inf], [inf], [inf]],0,0.3577606678009033,18.180321216583252,1193
539,onnx/CIFAR100_resnet_medium.onnx,vnnlib/resnet_medium__label_85__idx_9936_fix_mask_seg0_k1024_eps_0.0039.vnnlib,100,unsat True,,,,3.476066827774048,0
540,onnx/CIFAR100_resnet_medium.onnx,vnnlib/resnet_medium__label_85__idx_9936_fix_nonmask_seg0_k1024_eps_0.0039.vnnlib,100,unsat False,[[inf], [inf], [inf], [inf], [inf], [inf], [inf], [inf], [inf], [inf], [inf], [inf], [inf], [inf], [inf], [inf], [inf], [inf], [inf], [inf], [inf], [inf], [inf], [inf], [inf], [0.015773773193359375], [inf], [inf], [inf], [inf], [inf], [inf], [inf], [inf], [inf], [inf], [inf], [inf], [inf], [inf], [inf], [inf], [inf], [inf], [inf], [inf], [inf], [inf], [inf], [inf], [inf], [inf], [inf], [inf], [inf], [inf], [inf], [inf], [inf], [inf], [inf], [inf], [inf], [inf], [inf], [inf], [inf], [inf], [inf], [inf], [inf], [inf], [inf], [inf], [inf], [inf], [inf], [inf], [inf], [inf], [inf], [inf], [inf], [inf], [inf], [inf], [inf], [inf], [inf], [inf], [inf], [inf], [inf], [inf], [inf], [inf], [inf], [inf]],0,0.2522702217102051,10.587302207946777,1067
541,onnx/CIFAR100_resnet_medium.onnx,vnnlib/resnet_medium__label_88__idx_4719_global_k1024_eps_0.0039.vnnlib,100,sat True,,,,4.453898191452026,0
542,onnx/CIFAR100_resnet_medium.onnx,vnnlib/resnet_medium__label_88__idx_4719_fix_mask_seg0_k1024_eps_0.0039.vnnlib,100,unsat True,,,,4.125505447387695,0
543,onnx/CIFAR100_resnet_medium.onnx,vnnlib/resnet_medium__label_88__idx_4719_fix_nonmask_seg0_k1024_eps_0.0039.vnnlib,100,sat True,,,,4.352196216583252,0
544,onnx/CIFAR100_resnet_medium.onnx,vnnlib/resnet_medium__label_88__idx_533_global_k1024_eps_0.0039.vnnlib,100,timeout False,[[inf], [inf], [inf], [inf], [inf], [inf], [inf], [inf], [inf], [inf], [inf], [inf], [inf], [inf], [inf], [inf], [inf], [inf], [inf], [inf], [inf], [inf], [inf], [inf], [inf], [inf], [inf], [inf], [inf], [inf], [inf], [inf], [inf], [inf], [inf], [inf], [inf], [inf], [inf], [inf], [inf], [inf], [inf], [inf], [inf], [inf], [inf], [inf], [inf], [inf], [inf], [inf], [inf], [inf], [inf], [inf], [inf], [0.3190169334411621], [inf], [inf], [inf], [inf], [inf], [inf], [inf], [inf], [inf], [inf], [0.260420560836792], [inf], [inf], [inf], [inf], [inf], [inf], [inf], [inf], [inf], [inf], [inf], [inf], [inf], [inf], [inf], [inf], [inf], [inf], [inf], [inf], [inf], [inf]],0,0.2240467071533203,106.27768731117249,1435
545,onnx/CIFAR100_resnet_medium.onnx,vnnlib/resnet_medium__label_88__idx_533_fix_mask_seg0_k1024_eps_0.0039.vnnlib,100,unsat True,,,,3.313810110092163,0
546,onnx/CIFAR100_resnet_medium.onnx,vnnlib/resnet_medium__label_88__idx_533_fix_nonmask_seg0_k1024_eps_0.0039.vnnlib,100,timeout False,[[inf], [inf], [inf], [inf], [inf], [inf], [inf], [inf], [inf], [inf], [inf], [inf], [inf], [inf], [inf], [inf], [inf], [inf], [inf], [inf], [0.07278299331665039], [inf], [inf], [inf], [inf], [inf], [inf], [inf], [inf], [inf], [inf], [inf], [inf], [inf], [inf], [inf], [inf], [inf], [inf], [inf], [inf], [inf], [inf], [inf], [inf], [inf], [inf], [inf], [inf], [inf], [inf], [inf], [inf], [inf], [inf], [inf], [inf], [inf], [inf], [inf], [inf], [inf], [inf], [inf], [inf], [inf], [inf], [inf], [inf], [inf], [inf], [inf], [inf], [inf], [inf], [inf], [inf], [0.1191244125366211], [inf], [inf], [inf], [inf], [inf], [inf], [inf], [inf], [inf], [inf], [inf], [inf], [inf], [inf], [inf], [inf], [inf], [inf]],0,0.24141216278076172,103.8629641532898,1024
547,onnx/CIFAR100_resnet_medium.onnx,vnnlib/resnet_medium__label_88__idx_6654_global_k1024_eps_0.0039.vnnlib,100,unsat False,[[inf], [inf], [inf], [inf], [inf], [inf], [inf], [inf], [inf], [inf], [inf], [inf], [inf], [inf], [inf], [inf], [inf], [inf], [inf], [inf], [inf], [inf], [inf], [inf], [inf], [inf], [inf], [inf], [inf], [inf], [inf], [inf], [inf], [inf], [inf], [inf], [inf], [inf], [inf], [inf], [inf], [inf], [inf], [inf], [inf], [inf], [inf], [inf], [inf], [inf], [inf], [inf], [inf], [inf], [inf], [inf], [inf], [inf], [inf], [inf], [inf], [inf], [inf], [inf], [inf], [inf], [inf], [inf], [inf], [inf], [inf], [inf], [inf], [inf], [inf], [inf], [inf], [inf], [inf], [inf], [inf], [inf], [inf], [inf], [inf], [inf], [inf], [inf], [inf], [inf], [inf], [inf], [inf], [inf], [inf], [inf], [inf], [inf]],0,0.23816156387329102,11.124696016311646,1053
548,onnx/CIFAR100_resnet_medium.onnx,vnnlib/resnet_medium__label_88__idx_6654_fix_mask_seg0_k1024_eps_0.0039.vnnlib,100,unsat True,,,,3.2627885341644287,0
549,onnx/CIFAR100_resnet_medium.onnx,vnnlib/resnet_medium__label_88__idx_6654_fix_nonmask_seg0_k1024_eps_0.0039.vnnlib,100,unsat True,,,,3.0360474586486816,0
550,onnx/CIFAR100_resnet_medium.onnx,vnnlib/resnet_medium__label_89__idx_3301_global_k1024_eps_0.0039.vnnlib,100,unsat False,[[inf], [inf], [inf], [inf], [inf], [inf], [inf], [inf], [inf], [inf], [inf], [inf], [inf], [inf], [inf], [inf], [inf], [inf], [inf], [inf], [inf], [inf], [inf], [inf], [inf], [inf], [inf], [inf], [inf], [inf], [inf], [inf], [inf], [inf], [inf], [inf], [inf], [inf], [inf], [inf], [inf], [inf], [inf], [inf], [inf], [inf], [inf], [inf], [inf], [inf], [inf], [inf], [inf], [inf], [inf], [inf], [inf], [inf], [inf], [inf], [inf], [inf], [inf], [inf], [inf], [inf], [inf], [inf], [inf], [inf], [inf], [inf], [inf], [inf], [inf], [inf], [inf], [inf], [inf], [inf], [inf], [inf], [inf], [inf], [inf], [inf], [inf], [inf], [inf], [inf], [inf], [inf], [inf], [inf], [inf], [inf], [inf]],0,0.22020459175109863,28.280991792678833,1142
551,onnx/CIFAR100_resnet_medium.onnx,vnnlib/resnet_medium__label_89__idx_3301_fix_mask_seg0_k1024_eps_0.0039.vnnlib,100,unsat True,,,,3.613556385040283,0
552,onnx/CIFAR100_resnet_medium.onnx,vnnlib/resnet_medium__label_89__idx_3301_fix_nonmask_seg0_k1024_eps_0.0039.vnnlib,100,unsat True,,,,6.817682504653931,0
553,onnx/CIFAR100_resnet_medium.onnx,vnnlib/resnet_medium__label_89__idx_7265_global_k1024_eps_0.0039.vnnlib,100,unsat False,[[inf], [inf], [inf], [inf], [inf], [inf], [inf], [inf], [inf], [inf], [inf], [inf], [inf], [inf], [inf], [inf], [inf], [inf], [inf], [inf], [inf], [inf], [inf], [inf], [inf], [inf], [inf], [inf], [inf], [inf], [inf], [inf], [inf], [inf], [inf], [inf], [inf], [inf], [inf], [inf], [inf], [inf], [inf], [inf], [inf], [inf], [inf], [inf], [inf], [inf], [inf], [inf], [inf], [inf], [inf], [inf], [inf], [inf], [inf], [inf], [inf], [inf], [inf], [inf], [inf], [inf], [inf], [inf], [inf], [inf], [inf], [inf], [inf], [inf], [inf], [inf], [inf], [inf], [inf], [inf], [inf], [inf], [inf], [inf], [inf], [inf], [inf], [inf], [inf], [inf], [inf], [inf], [inf], [inf], [inf], [inf], [inf]],0,0.23288393020629883,23.67955493927002,1379
554,onnx/CIFAR100_resnet_medium.onnx,vnnlib/resnet_medium__label_89__idx_7265_fix_mask_seg0_k1024_eps_0.0039.vnnlib,100,unsat True,,,,3.8887851238250732,0
555,onnx/CIFAR100_resnet_medium.onnx,vnnlib/resnet_medium__label_89__idx_7265_fix_nonmask_seg0_k1024_eps_0.0039.vnnlib,100,unsat False,[[inf], [inf], [inf], [inf], [inf], [inf], [inf], [inf], [inf], [inf], [inf], [inf], [inf], [inf], [inf], [inf], [inf], [inf], [inf], [inf], [inf], [inf], [inf], [inf], [inf], [inf], [inf], [inf], [inf], [inf], [inf], [inf], [inf], [inf], [inf], [inf], [inf], [inf], [inf], [inf], [inf], [inf], [inf], [inf], [inf], [inf], [inf], [inf], [inf], [inf], [inf], [inf], [inf], [inf], [inf], [inf], [inf], [inf], [inf], [inf], [inf], [inf], [inf], [inf], [inf], [inf], [inf], [inf], [inf], [inf], [inf], [inf], [inf], [inf], [inf], [inf], [inf], [inf], [inf], [inf], [inf], [inf], [inf], [inf], [inf], [inf], [inf], [inf], [inf], [inf], [inf], [inf], [inf], [inf], [inf], [inf], [inf], [inf]],0,0.23153376579284668,10.91398310661316,1197
556,onnx/CIFAR100_resnet_medium.onnx,vnnlib/resnet_medium__label_8__idx_1540_global_k1024_eps_0.0039.vnnlib,100,unsat False,[[inf], [inf], [inf], [inf], [inf], [inf], [inf], [inf], [inf], [inf], [inf], [inf], [inf], [inf], [inf], [inf], [inf], [inf], [inf], [inf], [inf], [inf], [inf], [inf], [inf], [inf], [inf], [inf], [inf], [inf], [inf], [inf], [inf], [inf], [inf], [inf], [inf], [inf], [inf], [inf], [inf], [inf], [inf], [inf], [inf], [inf], [inf], [inf], [inf], [inf], [inf], [inf], [inf], [inf], [inf], [inf], [inf], [inf], [inf], [inf], [inf], [inf], [inf], [inf], [inf], [inf], [inf], [inf], [inf], [inf], [inf], [inf], [inf], [inf], [inf], [inf], [inf], [inf], [inf], [inf], [inf], [inf], [inf], [inf], [inf], [inf], [inf], [inf], [inf], [inf], [inf], [inf], [inf], [inf], [inf], [inf], [inf]],0,0.25217747688293457,13.027002096176147,1192
557,onnx/CIFAR100_resnet_medium.onnx,vnnlib/resnet_medium__label_8__idx_1540_fix_mask_seg0_k1024_eps_0.0039.vnnlib,100,unsat True,,,,4.036062479019165,0
558,onnx/CIFAR100_resnet_medium.onnx,vnnlib/resnet_medium__label_8__idx_1540_fix_nonmask_seg0_k1024_eps_0.0039.vnnlib,100,unsat True,,,,3.4764511585235596,0
559,onnx/CIFAR100_resnet_medium.onnx,vnnlib/resnet_medium__label_90__idx_2721_global_k1024_eps_0.0039.vnnlib,100,unsat False,[[inf], [inf], [inf], [inf], [inf], [inf], [inf], [inf], [inf], [inf], [inf], [inf], [inf], [inf], [inf], [inf], [inf], [inf], [inf], [inf], [inf], [inf], [inf], [inf], [inf], [inf], [inf], [inf], [inf], [inf], [inf], [inf], [inf], [inf], [inf], [inf], [inf], [inf], [inf], [inf], [inf], [inf], [inf], [inf], [inf], [inf], [inf], [inf], [inf], [inf], [inf], [inf], [inf], [inf], [inf], [inf], [inf], [inf], [inf], [inf], [inf], [inf], [inf], [inf], [inf], [inf], [inf], [inf], [inf], [inf], [inf], [inf], [inf], [inf], [inf], [inf], [inf], [inf], [inf], [inf], [inf], [inf], [inf], [inf], [inf], [inf], [inf], [inf], [inf], [inf], [inf], [inf], [inf], [inf], [inf], [inf], [inf], [inf]],0,0.2475450038909912,11.127331972122192,680
560,onnx/CIFAR100_resnet_medium.onnx,vnnlib/resnet_medium__label_90__idx_2721_fix_mask_seg0_k1024_eps_0.0039.vnnlib,100,unsat True,,,,3.6166086196899414,0
561,onnx/CIFAR100_resnet_medium.onnx,vnnlib/resnet_medium__label_90__idx_2721_fix_nonmask_seg0_k1024_eps_0.0039.vnnlib,100,unsat True,,,,3.559784173965454,0
562,onnx/CIFAR100_resnet_medium.onnx,vnnlib/resnet_medium__label_91__idx_200_global_k1024_eps_0.0039.vnnlib,100,sat True,,,,5.004256248474121,0
563,onnx/CIFAR100_resnet_medium.onnx,vnnlib/resnet_medium__label_91__idx_200_fix_mask_seg0_k1024_eps_0.0039.vnnlib,100,unsat True,,,,3.249582290649414,0
564,onnx/CIFAR100_resnet_medium.onnx,vnnlib/resnet_medium__label_91__idx_200_fix_nonmask_seg0_k1024_eps_0.0039.vnnlib,100,sat True,,,,4.1465301513671875,0
565,onnx/CIFAR100_resnet_medium.onnx,vnnlib/resnet_medium__label_92__idx_1041_global_k1024_eps_0.0039.vnnlib,100,timeout False,[[inf], [inf], [inf], [inf], [inf], [inf], [inf], [inf], [inf], [inf], [inf], [inf], [inf], [inf], [inf], [inf], [inf], [inf], [inf], [inf], [inf], [inf], [inf], [inf], [inf], [inf], [inf], [inf], [inf], [inf], [inf], [inf], [inf], [inf], [inf], [inf], [inf], [inf], [inf], [inf], [inf], [inf], [inf], [inf], [inf], [inf], [inf], [inf], [inf], [inf], [inf], [inf], [inf], [inf], [inf], [inf], [inf], [inf], [inf], [inf], [inf], [inf], [inf], [inf], [inf], [inf], [inf], [inf], [inf], [inf], [inf], [inf], [inf], [inf], [inf], [inf], [inf], [inf], [inf], [inf], [inf], [inf], [inf], [inf], [inf], [inf], [inf], [inf], [inf], [inf], [inf], [inf], [inf], [inf], [inf], [inf], [inf], [inf]],0,0.3489995002746582,106.18466639518738,1103
566,onnx/CIFAR100_resnet_medium.onnx,vnnlib/resnet_medium__label_92__idx_1041_fix_mask_seg0_k1024_eps_0.0039.vnnlib,100,unsat True,,,,3.245713472366333,0
567,onnx/CIFAR100_resnet_medium.onnx,vnnlib/resnet_medium__label_92__idx_1041_fix_nonmask_seg0_k1024_eps_0.0039.vnnlib,100,unsat False,[[inf], [inf], [inf], [inf], [inf], [inf], [inf], [inf], [inf], [inf], [inf], [inf], [inf], [inf], [inf], [inf], [inf], [inf], [inf], [inf], [inf], [inf], [inf], [inf], [inf], [inf], [inf], [inf], [inf], [inf], [inf], [inf], [inf], [inf], [inf], [inf], [inf], [inf], [inf], [inf], [inf], [inf], [inf], [inf], [inf], [inf], [inf], [inf], [inf], [inf], [inf], [inf], [inf], [inf], [inf], [inf], [inf], [inf], [inf], [inf], [inf], [inf], [inf], [inf], [inf], [inf], [inf], [inf], [inf], [inf], [inf], [inf], [inf], [inf], [inf], [inf], [inf], [inf], [inf], [inf], [inf], [inf], [inf], [inf], [inf], [inf], [inf], [inf], [inf], [inf], [inf], [inf], [inf], [inf], [inf], [inf], [inf], [inf]],0,0.23831701278686523,14.576039552688599,818
568,onnx/CIFAR100_resnet_medium.onnx,vnnlib/resnet_medium__label_92__idx_6225_global_k1024_eps_0.0039.vnnlib,100,unsat False,[[inf], [inf], [inf], [inf], [inf], [inf], [inf], [inf], [inf], [inf], [inf], [inf], [inf], [inf], [inf], [inf], [inf], [inf], [inf], [inf], [inf], [inf], [inf], [inf], [inf], [inf], [inf], [inf], [inf], [inf], [inf], [inf], [inf], [inf], [inf], [inf], [inf], [inf], [inf], [inf], [inf], [inf], [inf], [inf], [inf], [inf], [inf], [inf], [inf], [inf], [inf], [inf], [inf], [inf], [inf], [inf], [inf], [inf], [inf], [inf], [inf], [inf], [inf], [inf], [inf], [inf], [inf], [inf], [inf], [inf], [inf], [inf], [inf], [inf], [inf], [inf], [inf], [inf], [inf], [inf], [inf], [inf], [inf], [inf], [inf], [inf], [inf], [inf], [inf], [inf], [inf], [inf], [inf], [inf], [inf], [inf], [inf], [inf]],0,0.15010333061218262,10.650249481201172,1130
569,onnx/CIFAR100_resnet_medium.onnx,vnnlib/resnet_medium__label_92__idx_6225_fix_mask_seg0_k1024_eps_0.0039.vnnlib,100,unsat True,,,,3.663072347640991,0
570,onnx/CIFAR100_resnet_medium.onnx,vnnlib/resnet_medium__label_92__idx_6225_fix_nonmask_seg0_k1024_eps_0.0039.vnnlib,100,unsat True,,,,4.2271153926849365,0
571,onnx/CIFAR100_resnet_medium.onnx,vnnlib/resnet_medium__label_92__idx_7841_global_k1024_eps_0.0039.vnnlib,100,sat True,,,,4.548471927642822,0
572,onnx/CIFAR100_resnet_medium.onnx,vnnlib/resnet_medium__label_92__idx_7841_fix_mask_seg0_k1024_eps_0.0039.vnnlib,100,unsat True,,,,4.528207778930664,0
573,onnx/CIFAR100_resnet_medium.onnx,vnnlib/resnet_medium__label_92__idx_7841_fix_nonmask_seg0_k1024_eps_0.0039.vnnlib,100,unsat True,,,,3.9218034744262695,0
574,onnx/CIFAR100_resnet_medium.onnx,vnnlib/resnet_medium__label_93__idx_6196_global_k1024_eps_0.0039.vnnlib,100,timeout False,[[inf], [inf], [inf], [inf], [inf], [inf], [inf], [inf], [inf], [inf], [inf], [inf], [inf], [inf], [inf], [inf], [inf], [inf], [inf], [inf], [inf], [inf], [inf], [inf], [inf], [inf], [inf], [inf], [inf], [inf], [0.12840521335601807], [inf], [inf], [inf], [inf], [inf], [inf], [inf], [inf], [inf], [inf], [inf], [inf], [inf], [inf], [inf], [inf], [inf], [0.006172657012939453], [inf], [inf], [inf], [inf], [inf], [inf], [inf], [inf], [inf], [inf], [inf], [inf], [inf], [inf], [inf], [inf], [inf], [inf], [inf], [inf], [inf], [inf], [inf], [inf], [inf], [inf], [inf], [inf], [inf], [inf], [inf], [inf], [inf], [inf], [inf], [inf], [inf], [inf], [inf], [inf], [inf], [inf], [inf], [inf], [inf], [inf]],0,0.24192285537719727,104.01670026779175,1282
575,onnx/CIFAR100_resnet_medium.onnx,vnnlib/resnet_medium__label_93__idx_6196_fix_mask_seg0_k1024_eps_0.0039.vnnlib,100,unsat True,,,,3.6716418266296387,0
576,onnx/CIFAR100_resnet_medium.onnx,vnnlib/resnet_medium__label_93__idx_6196_fix_nonmask_seg0_k1024_eps_0.0039.vnnlib,100,unsat False,[[inf], [inf], [inf], [inf], [inf], [inf], [inf], [inf], [inf], [inf], [inf], [inf], [inf], [inf], [inf], [inf], [inf], [inf], [inf], [inf], [inf], [inf], [inf], [inf], [inf], [inf], [inf], [inf], [inf], [inf], [inf], [inf], [inf], [inf], [inf], [inf], [inf], [inf], [inf], [inf], [inf], [inf], [inf], [inf], [inf], [inf], [inf], [inf], [inf], [inf], [inf], [inf], [inf], [inf], [inf], [inf], [inf], [inf], [inf], [inf], [inf], [inf], [inf], [inf], [inf], [inf], [inf], [inf], [inf], [inf], [inf], [inf], [inf], [inf], [inf], [inf], [inf], [inf], [inf], [inf], [inf], [inf], [inf], [inf], [inf], [inf], [inf], [inf], [inf], [inf], [inf], [inf], [inf], [inf], [inf], [inf], [inf]],0,0.23639178276062012,13.239323616027832,1010
577,onnx/CIFAR100_resnet_medium.onnx,vnnlib/resnet_medium__label_96__idx_3701_global_k1024_eps_0.0039.vnnlib,100,unsat True,,,,6.694729566574097,0
578,onnx/CIFAR100_resnet_medium.onnx,vnnlib/resnet_medium__label_96__idx_3701_fix_mask_seg0_k1024_eps_0.0039.vnnlib,100,unsat True,,,,3.1078975200653076,0
579,onnx/CIFAR100_resnet_medium.onnx,vnnlib/resnet_medium__label_96__idx_3701_fix_nonmask_seg0_k1024_eps_0.0039.vnnlib,100,unsat True,,,,7.912274599075317,0
580,onnx/CIFAR100_resnet_medium.onnx,vnnlib/resnet_medium__label_96__idx_5577_global_k1024_eps_0.0039.vnnlib,100,sat True,,,,4.221042156219482,0
581,onnx/CIFAR100_resnet_medium.onnx,vnnlib/resnet_medium__label_96__idx_5577_fix_mask_seg0_k1024_eps_0.0039.vnnlib,100,unsat True,,,,2.7012836933135986,0
582,onnx/CIFAR100_resnet_medium.onnx,vnnlib/resnet_medium__label_96__idx_5577_fix_nonmask_seg0_k1024_eps_0.0039.vnnlib,100,sat True,,,,5.225527048110962,0
583,onnx/CIFAR100_resnet_medium.onnx,vnnlib/resnet_medium__label_96__idx_9183_global_k1024_eps_0.0039.vnnlib,100,timeout False,[[inf], [inf], [inf], [inf], [inf], [inf], [inf], [inf], [inf], [inf], [inf], [inf], [inf], [inf], [inf], [inf], [inf], [inf], [inf], [inf], [inf], [inf], [inf], [inf], [inf], [inf], [inf], [inf], [inf], [inf], [inf], [inf], [inf], [0.1368112564086914], [inf], [inf], [inf], [inf], [inf], [inf], [inf], [inf], [inf], [inf], [inf], [inf], [0.08727383613586426], [inf], [inf], [inf], [inf], [inf], [inf], [inf], [inf], [inf], [inf], [inf], [inf], [inf], [inf], [inf], [inf], [inf], [inf], [inf], [inf], [inf], [inf], [inf], [inf], [inf], [inf], [inf], [inf], [inf], [inf], [inf], [inf], [inf], [inf], [inf], [inf], [inf], [inf], [inf], [inf], [inf], [inf], [inf], [inf], [inf], [inf], [inf], [inf], [inf], [inf], [inf]],0,0.23788142204284668,104.5121955871582,1451
584,onnx/CIFAR100_resnet_medium.onnx,vnnlib/resnet_medium__label_96__idx_9183_fix_mask_seg0_k1024_eps_0.0039.vnnlib,100,unsat True,,,,3.4534969329833984,0
585,onnx/CIFAR100_resnet_medium.onnx,vnnlib/resnet_medium__label_96__idx_9183_fix_nonmask_seg0_k1024_eps_0.0039.vnnlib,100,timeout False,[[inf], [inf], [inf], [inf], [inf], [inf], [inf], [inf], [inf], [inf], [inf], [inf], [inf], [inf], [inf], [inf], [inf], [inf], [inf], [inf], [inf], [inf], [inf], [inf], [inf], [inf], [inf], [inf], [inf], [inf], [inf], [inf], [inf], [inf], [inf], [inf], [inf], [inf], [inf], [inf], [inf], [inf], [inf], [inf], [inf], [inf], [inf], [inf], [inf], [inf], [inf], [inf], [inf], [inf], [inf], [inf], [inf], [inf], [inf], [inf], [inf], [inf], [inf], [inf], [inf], [inf], [inf], [inf], [inf], [inf], [inf], [inf], [inf], [inf], [inf], [inf], [inf], [inf], [inf], [inf], [inf], [inf], [inf], [inf], [inf], [inf], [inf], [inf], [inf], [inf], [inf], [inf], [inf], [inf], [inf], [inf], [inf], [inf]],0,0.3719441890716553,103.63004803657532,1207
586,onnx/CIFAR100_resnet_medium.onnx,vnnlib/resnet_medium__label_98__idx_40_global_k1024_eps_0.0039.vnnlib,100,unsat False,[[inf], [inf], [inf], [inf], [inf], [inf], [inf], [inf], [inf], [inf], [inf], [inf], [inf], [inf], [inf], [inf], [inf], [inf], [inf], [inf], [inf], [inf], [inf], [inf], [inf], [inf], [inf], [inf], [inf], [inf], [inf], [inf], [inf], [inf], [inf], [inf], [inf], [inf], [inf], [inf], [inf], [inf], [inf], [inf], [inf], [inf], [inf], [inf], [inf], [inf], [inf], [inf], [inf], [inf], [inf], [inf], [inf], [inf], [inf], [inf], [inf], [inf], [inf], [inf], [inf], [inf], [inf], [inf], [inf], [inf], [inf], [inf], [inf], [inf], [inf], [inf], [inf], [inf], [inf], [inf], [inf], [inf], [inf], [inf], [inf], [inf], [inf], [inf], [inf], [inf], [inf], [inf], [inf], [inf], [inf], [inf], [inf], [inf]],0,0.22530317306518555,12.11314082145691,719
587,onnx/CIFAR100_resnet_medium.onnx,vnnlib/resnet_medium__label_98__idx_40_fix_mask_seg0_k1024_eps_0.0039.vnnlib,100,unsat True,,,,3.6959879398345947,0
588,onnx/CIFAR100_resnet_medium.onnx,vnnlib/resnet_medium__label_98__idx_40_fix_nonmask_seg0_k1024_eps_0.0039.vnnlib,100,unsat False,[[inf], [inf], [inf], [inf], [inf], [inf], [inf], [inf], [inf], [inf], [inf], [inf], [inf], [inf], [inf], [inf], [inf], [inf], [inf], [inf], [inf], [inf], [inf], [inf], [inf], [inf], [inf], [inf], [inf], [inf], [inf], [inf], [inf], [inf], [inf], [inf], [inf], [inf], [inf], [inf], [inf], [inf], [inf], [inf], [inf], [inf], [inf], [inf], [inf], [inf], [inf], [inf], [inf], [inf], [inf], [inf], [inf], [inf], [inf], [inf], [inf], [inf], [inf], [inf], [inf], [inf], [inf], [inf], [inf], [inf], [inf], [inf], [inf], [inf], [inf], [inf], [inf], [inf], [inf], [inf], [inf], [inf], [inf], [inf], [inf], [inf], [inf], [inf], [inf], [inf], [inf], [inf], [inf], [inf], [inf], [inf], [inf], [inf]],0,0.2561216354370117,12.03649377822876,707
589,onnx/CIFAR100_resnet_medium.onnx,vnnlib/resnet_medium__label_99__idx_3584_global_k1024_eps_0.0039.vnnlib,100,timeout False,[[inf], [inf], [inf], [inf], [inf], [inf], [inf], [inf], [inf], [inf], [inf], [inf], [inf], [inf], [inf], [inf], [inf], [inf], [inf], [inf], [inf], [inf], [inf], [inf], [inf], [inf], [inf], [inf], [inf], [inf], [inf], [inf], [inf], [inf], [inf], [inf], [inf], [inf], [inf], [inf], [inf], [inf], [inf], [inf], [inf], [inf], [inf], [inf], [inf], [inf], [inf], [inf], [inf], [inf], [inf], [inf], [inf], [inf], [inf], [inf], [inf], [inf], [inf], [inf], [inf], [inf], [inf], [inf], [inf], [inf], [inf], [inf], [inf], [inf], [inf], [inf], [inf], [inf], [inf], [inf], [inf], [inf], [inf], [inf], [inf], [inf], [inf], [inf], [inf], [inf], [inf], [inf], [inf], [inf], [inf], [inf], [inf], [inf]],0,0.3643934726715088,102.26636147499084,480
590,onnx/CIFAR100_resnet_medium.onnx,vnnlib/resnet_medium__label_99__idx_3584_fix_mask_seg0_k1024_eps_0.0039.vnnlib,100,unsat True,,,,3.244776725769043,0
591,onnx/CIFAR100_resnet_medium.onnx,vnnlib/resnet_medium__label_99__idx_3584_fix_nonmask_seg0_k1024_eps_0.0039.vnnlib,100,timeout False,[[inf], [inf], [inf], [inf], [inf], [inf], [inf], [inf], [inf], [inf], [inf], [inf], [inf], [inf], [inf], [inf], [inf], [inf], [inf], [inf], [inf], [inf], [inf], [inf], [inf], [inf], [inf], [inf], [inf], [inf], [inf], [inf], [inf], [inf], [inf], [inf], [inf], [inf], [inf], [inf], [inf], [inf], [inf], [inf], [inf], [inf], [inf], [inf], [inf], [inf], [inf], [inf], [inf], [inf], [inf], [inf], [inf], [inf], [inf], [inf], [inf], [inf], [inf], [inf], [inf], [inf], [inf], [inf], [inf], [inf], [inf], [inf], [inf], [inf], [inf], [inf], [inf], [inf], [inf], [inf], [inf], [inf], [inf], [inf], [inf], [inf], [inf], [inf], [inf], [inf], [inf], [inf], [inf], [inf], [inf], [inf], [inf], [inf]],0,0.23543310165405273,102.19342875480652,480
592,onnx/CIFAR100_resnet_medium.onnx,vnnlib/resnet_medium__label_9__idx_4461_global_k1024_eps_0.0039.vnnlib,100,unsat False,[[inf], [inf], [inf], [inf], [inf], [inf], [inf], [inf], [inf], [inf], [inf], [inf], [inf], [inf], [inf], [inf], [inf], [inf], [inf], [inf], [inf], [inf], [inf], [inf], [inf], [inf], [inf], [inf], [inf], [inf], [inf], [inf], [inf], [inf], [inf], [inf], [inf], [inf], [inf], [inf], [inf], [inf], [inf], [inf], [inf], [inf], [inf], [inf], [inf], [inf], [inf], [inf], [inf], [inf], [inf], [inf], [inf], [inf], [inf], [inf], [inf], [inf], [inf], [inf], [inf], [inf], [inf], [inf], [inf], [inf], [inf], [inf], [inf], [inf], [inf], [inf], [inf], [inf], [inf], [inf], [inf], [inf], [inf], [inf], [inf], [inf], [inf], [inf], [inf], [inf], [inf], [inf], [inf], [inf], [inf], [inf], [inf], [inf]],0,0.23548007011413574,10.535166025161743,865
593,onnx/CIFAR100_resnet_medium.onnx,vnnlib/resnet_medium__label_9__idx_4461_fix_mask_seg0_k1024_eps_0.0039.vnnlib,100,unsat True,,,,3.65500545501709,0
594,onnx/CIFAR100_resnet_medium.onnx,vnnlib/resnet_medium__label_9__idx_4461_fix_nonmask_seg0_k1024_eps_0.0039.vnnlib,100,unsat True,,,,6.831267833709717,0
595,onnx/CIFAR100_resnet_medium.onnx,vnnlib/resnet_medium__label_9__idx_6416_global_k1024_eps_0.0039.vnnlib,100,unsat False,[[inf], [inf], [inf], [inf], [inf], [inf], [inf], [inf], [0.01056528091430664], [inf], [inf], [inf], [inf], [inf], [inf], [inf], [inf], [inf], [inf], [inf], [inf], [inf], [inf], [inf], [inf], [inf], [inf], [inf], [inf], [inf], [inf], [inf], [inf], [inf], [inf], [inf], [inf], [inf], [inf], [inf], [inf], [inf], [inf], [inf], [inf], [inf], [inf], [inf], [inf], [inf], [inf], [inf], [inf], [inf], [inf], [inf], [inf], [inf], [inf], [inf], [inf], [inf], [inf], [inf], [inf], [inf], [inf], [inf], [inf], [inf], [inf], [inf], [inf], [inf], [inf], [inf], [0.2094430923461914], [inf], [inf], [inf], [inf], [inf], [inf], [inf], [inf], [inf], [inf], [inf], [inf], [inf], [inf], [inf], [inf], [inf]],0,0.2383263111114502,62.228641986846924,1293
596,onnx/CIFAR100_resnet_medium.onnx,vnnlib/resnet_medium__label_9__idx_6416_fix_mask_seg0_k1024_eps_0.0039.vnnlib,100,unsat True,,,,3.553236246109009,0
597,onnx/CIFAR100_resnet_medium.onnx,vnnlib/resnet_medium__label_9__idx_6416_fix_nonmask_seg0_k1024_eps_0.0039.vnnlib,100,unsat False,[[inf], [inf], [inf], [inf], [inf], [inf], [inf], [inf], [0.1495819091796875], [inf], [inf], [inf], [inf], [inf], [inf], [inf], [inf], [inf], [inf], [inf], [inf], [inf], [inf], [inf], [inf], [inf], [inf], [inf], [inf], [inf], [inf], [inf], [inf], [inf], [inf], [inf], [inf], [inf], [inf], [inf], [inf], [inf], [inf], [inf], [inf], [inf], [inf], [inf], [inf], [inf], [inf], [inf], [inf], [inf], [0.02654266357421875], [inf], [inf], [inf], [inf], [inf], [inf], [inf], [inf], [inf], [inf], [inf], [inf], [inf], [inf], [inf], [inf], [inf], [inf], [inf], [inf], [inf], [inf], [inf], [inf], [inf], [inf], [inf], [inf], [inf], [inf], [inf], [inf], [inf], [inf], [inf], [inf], [inf], [inf], [inf], [inf]],0,0.22734308242797852,27.830090045928955,1238
598,onnx/CIFAR100_resnet_medium.onnx,vnnlib/resnet_medium__label_9__idx_7593_global_k1024_eps_0.0039.vnnlib,100,unsat False,[[inf], [inf], [inf], [inf], [inf], [inf], [inf], [inf], [inf], [inf], [inf], [inf], [inf], [inf], [inf], [inf], [inf], [inf], [inf], [inf], [inf], [inf], [inf], [inf], [inf], [inf], [inf], [inf], [inf], [inf], [inf], [inf], [inf], [inf], [inf], [inf], [inf], [inf], [inf], [inf], [inf], [inf], [inf], [inf], [inf], [inf], [inf], [inf], [inf], [inf], [inf], [inf], [inf], [inf], [inf], [inf], [inf], [inf], [inf], [inf], [inf], [inf], [inf], [inf], [inf], [inf], [inf], [inf], [inf], [inf], [inf], [inf], [inf], [inf], [inf], [inf], [inf], [inf], [inf], [inf], [inf], [inf], [inf], [inf], [inf], [inf], [inf], [inf], [inf], [inf], [inf], [inf], [inf], [inf], [inf], [inf], [inf], [inf]],0,0.23328328132629395,13.175424814224243,915
599,onnx/CIFAR100_resnet_medium.onnx,vnnlib/resnet_medium__label_9__idx_7593_fix_mask_seg0_k1024_eps_0.0039.vnnlib,100,unsat True,,,,3.208329916000366,0
600,onnx/CIFAR100_resnet_medium.onnx,vnnlib/resnet_medium__label_9__idx_7593_fix_nonmask_seg0_k1024_eps_0.0039.vnnlib,100,unsat False,[[inf], [inf], [inf], [inf], [inf], [inf], [inf], [inf], [inf], [inf], [inf], [inf], [inf], [inf], [inf], [inf], [inf], [inf], [inf], [inf], [inf], [inf], [inf], [inf], [inf], [inf], [inf], [inf], [inf], [inf], [inf], [inf], [inf], [inf], [inf], [inf], [inf], [inf], [inf], [inf], [inf], [inf], [inf], [inf], [inf], [inf], [inf], [inf], [inf], [inf], [inf], [inf], [inf], [inf], [inf], [inf], [inf], [inf], [inf], [inf], [inf], [inf], [inf], [inf], [inf], [inf], [inf], [inf], [inf], [inf], [inf], [inf], [inf], [inf], [inf], [inf], [inf], [inf], [inf], [inf], [inf], [inf], [inf], [inf], [inf], [inf], [inf], [inf], [inf], [inf], [inf], [inf], [inf], [inf], [inf], [inf], [inf], [inf]],0,0.1478712558746338,11.385464906692505,911
