instance_id,onnx,vnnlib,timeout,result,lb_minus_rhs,domains_visited,bab_time,all_time,init_unstable,image,segment_index,pattern,k,eps_res,tag,is_global,eps,score,bbox,num_changed,num_fixed,total,percent_changed
4,onnx/vgg16-7.onnx,vnnlib/n01440764_tench_global_k50176_eps_0.0003.vnnlib,1200,sat True,,,,1860.1121091842651,0.0,n01440764_tench,-1.0,global,50176.0,0.0003,n01440764_tench_global,True,0.0003,,,150528.0,0.0,150528.0,100.0
8,onnx/vgg16-7.onnx,vnnlib/n01440764_tench_seg0_fixmask_k50176_eps_0.0003.vnnlib,1200,sat False,-inf,,2.829251289367676,1855.16898727417,0.0,n01440764_tench,0.0,fix_mask,50176.0,0.0003,n01440764_tench_seg0_fixmask,False,0.0003,0.9453021287918092,"[0, 0, 223, 223]",4446.0,146082.0,150528.0,2.9536033163265305
12,onnx/vgg16-7.onnx,vnnlib/n01440764_tench_seg0_fixnonmask_k50176_eps_0.0003.vnnlib,1200,sat True,,,,1858.9519126415253,0.0,n01440764_tench,0.0,fix_nonmask,50176.0,0.0003,n01440764_tench_seg0_fixnonmask,False,0.0003,0.9453021287918092,"[0, 0, 223, 223]",146082.0,4446.0,150528.0,97.04639668367346
64,onnx/vgg16-7.onnx,vnnlib/n01514668_cock_global_k50176_eps_0.0003.vnnlib,1200,sat True,,,,2241.881782770157,0.0,n01514668_cock,-1.0,global,50176.0,0.0003,n01514668_cock_global,True,0.0003,,,150528.0,0.0,150528.0,100.0
68,onnx/vgg16-7.onnx,vnnlib/n01514668_cock_seg0_fixmask_k50176_eps_0.0003.vnnlib,1200,sat False,-inf,,2.467255115509033,1858.3316040039065,0.0,n01514668_cock,0.0,fix_mask,50176.0,0.0003,n01514668_cock_seg0_fixmask,False,0.0003,0.9203562140464784,"[0, 0, 223, 223]",8307.0,142221.0,150528.0,5.518574617346939
72,onnx/vgg16-7.onnx,vnnlib/n01514668_cock_seg0_fixnonmask_k50176_eps_0.0003.vnnlib,1200,sat True,,,,2250.028940677643,0.0,n01514668_cock,0.0,fix_nonmask,50176.0,0.0003,n01514668_cock_seg0_fixnonmask,False,0.0003,0.9203562140464784,"[0, 0, 223, 223]",142221.0,8307.0,150528.0,94.48142538265306
76,onnx/vgg16-7.onnx,vnnlib/n01514859_hen_global_k50176_eps_0.0003.vnnlib,1200,sat True,,,,1856.8045678138733,0.0,n01514859_hen,-1.0,global,50176.0,0.0003,n01514859_hen_global,True,0.0003,,,150528.0,0.0,150528.0,100.0
80,onnx/vgg16-7.onnx,vnnlib/n01514859_hen_seg0_fixmask_k50176_eps_0.0003.vnnlib,1200,sat True,,,,1858.9302048683169,0.0,n01514859_hen,0.0,fix_mask,50176.0,0.0003,n01514859_hen_seg0_fixmask,False,0.0003,0.7729081511497498,"[0, 0, 223, 223]",54453.0,96075.0,150528.0,36.17466517857143
84,onnx/vgg16-7.onnx,vnnlib/n01514859_hen_seg0_fixnonmask_k50176_eps_0.0003.vnnlib,1200,sat True,,,,2249.822365999222,0.0,n01514859_hen,0.0,fix_nonmask,50176.0,0.0003,n01514859_hen_seg0_fixnonmask,False,0.0003,0.7729081511497498,"[0, 0, 223, 223]",96075.0,54453.0,150528.0,63.82533482142857
88,onnx/vgg16-7.onnx,vnnlib/n01518878_ostrich_global_k50176_eps_0.0003.vnnlib,1200,sat True,,,,1857.5673387050629,0.0,n01518878_ostrich,-1.0,global,50176.0,0.0003,n01518878_ostrich_global,True,0.0003,,,150528.0,0.0,150528.0,100.0
92,onnx/vgg16-7.onnx,vnnlib/n01518878_ostrich_seg0_fixmask_k50176_eps_0.0003.vnnlib,1200,sat True,,,,1945.0164065361023,0.0,n01518878_ostrich,0.0,fix_mask,50176.0,0.0003,n01518878_ostrich_seg0_fixmask,False,0.0003,0.9037345051765442,"[0, 0, 223, 222]",25761.0,124767.0,150528.0,17.113759566326532
96,onnx/vgg16-7.onnx,vnnlib/n01518878_ostrich_seg0_fixnonmask_k50176_eps_0.0003.vnnlib,1200,sat True,,,,2247.4820053577423,0.0,n01518878_ostrich,0.0,fix_nonmask,50176.0,0.0003,n01518878_ostrich_seg0_fixnonmask,False,0.0003,0.9037345051765442,"[0, 0, 223, 222]",124767.0,25761.0,150528.0,82.88624043367346
100,onnx/vgg16-7.onnx,vnnlib/n01530575_brambling_global_k50176_eps_0.0003.vnnlib,1200,sat True,,,,1858.969045877457,0.0,n01530575_brambling,-1.0,global,50176.0,0.0003,n01530575_brambling_global,True,0.0003,,,150528.0,0.0,150528.0,100.0
104,onnx/vgg16-7.onnx,vnnlib/n01530575_brambling_seg0_fixmask_k50176_eps_0.0003.vnnlib,1200,sat True,,,,2247.5233829021454,0.0,n01530575_brambling,0.0,fix_mask,50176.0,0.0003,n01530575_brambling_seg0_fixmask,False,0.0003,0.8117584586143494,"[0, 0, 223, 223]",16950.0,133578.0,150528.0,11.260363520408164
108,onnx/vgg16-7.onnx,vnnlib/n01530575_brambling_seg0_fixnonmask_k50176_eps_0.0003.vnnlib,1200,sat True,,,,2171.1199867725372,0.0,n01530575_brambling,0.0,fix_nonmask,50176.0,0.0003,n01530575_brambling_seg0_fixnonmask,False,0.0003,0.8117584586143494,"[0, 0, 223, 223]",133578.0,16950.0,150528.0,88.73963647959184
112,onnx/vgg16-7.onnx,vnnlib/n01531178_goldfinch_global_k50176_eps_0.0003.vnnlib,1200,sat True,,,,1894.1187360286713,0.0,n01531178_goldfinch,-1.0,global,50176.0,0.0003,n01531178_goldfinch_global,True,0.0003,,,150528.0,0.0,150528.0,100.0
116,onnx/vgg16-7.onnx,vnnlib/n01531178_goldfinch_seg0_fixmask_k50176_eps_0.0003.vnnlib,1200,sat True,,,,1848.953935623169,0.0,n01531178_goldfinch,0.0,fix_mask,50176.0,0.0003,n01531178_goldfinch_seg0_fixmask,False,0.0003,0.8897489309310913,"[0, 0, 223, 223]",33867.0,116661.0,150528.0,22.498804209183675
120,onnx/vgg16-7.onnx,vnnlib/n01531178_goldfinch_seg0_fixnonmask_k50176_eps_0.0003.vnnlib,1200,sat True,,,,1855.648885011673,0.0,n01531178_goldfinch,0.0,fix_nonmask,50176.0,0.0003,n01531178_goldfinch_seg0_fixnonmask,False,0.0003,0.8897489309310913,"[0, 0, 223, 223]",116661.0,33867.0,150528.0,77.50119579081633
184,onnx/vgg16-7.onnx,vnnlib/n01580077_jay_global_k50176_eps_0.0003.vnnlib,1200,sat True,,,,2250.827980995178,0.0,n01580077_jay,-1.0,global,50176.0,0.0003,n01580077_jay_global,True,0.0003,,,150528.0,0.0,150528.0,100.0
188,onnx/vgg16-7.onnx,vnnlib/n01580077_jay_seg0_fixmask_k50176_eps_0.0003.vnnlib,1200,sat True,,,,2249.74800992012,0.0,n01580077_jay,0.0,fix_mask,50176.0,0.0003,n01580077_jay_seg0_fixmask,False,0.0003,0.8828009963035583,"[0, 0, 223, 222]",33411.0,117117.0,150528.0,22.195870535714285
192,onnx/vgg16-7.onnx,vnnlib/n01580077_jay_seg0_fixnonmask_k50176_eps_0.0003.vnnlib,1200,sat True,,,,2248.926527738571,0.0,n01580077_jay,0.0,fix_nonmask,50176.0,0.0003,n01580077_jay_seg0_fixnonmask,False,0.0003,0.8828009963035583,"[0, 0, 223, 222]",117117.0,33411.0,150528.0,77.80412946428571
268,onnx/vgg16-7.onnx,vnnlib/n01631663_eft_global_k50176_eps_0.0003.vnnlib,1200,sat True,,,,1855.104201078415,0.0,n01631663_eft,-1.0,global,50176.0,0.0003,n01631663_eft_global,True,0.0003,,,150528.0,0.0,150528.0,100.0
272,onnx/vgg16-7.onnx,vnnlib/n01631663_eft_seg0_fixmask_k50176_eps_0.0003.vnnlib,1200,sat True,,,,2196.331806898117,0.0,n01631663_eft,0.0,fix_mask,50176.0,0.0003,n01631663_eft_seg0_fixmask,False,0.0003,0.8432222008705139,"[0, 0, 223, 223]",43314.0,107214.0,150528.0,28.77471301020408
276,onnx/vgg16-7.onnx,vnnlib/n01631663_eft_seg0_fixnonmask_k50176_eps_0.0003.vnnlib,1200,sat True,,,,2156.809280872345,0.0,n01631663_eft,0.0,fix_nonmask,50176.0,0.0003,n01631663_eft_seg0_fixnonmask,False,0.0003,0.8432222008705139,"[0, 0, 223, 223]",107214.0,43314.0,150528.0,71.22528698979592
292,onnx/vgg16-7.onnx,vnnlib/n01641577_bullfrog_global_k50176_eps_0.0003.vnnlib,1200,sat True,,,,2362.1960854530334,0.0,n01641577_bullfrog,-1.0,global,50176.0,0.0003,n01641577_bullfrog_global,True,0.0003,,,150528.0,0.0,150528.0,100.0
296,onnx/vgg16-7.onnx,vnnlib/n01641577_bullfrog_seg0_fixmask_k50176_eps_0.0003.vnnlib,1200,sat True,,,,2367.2166423797607,0.0,n01641577_bullfrog,0.0,fix_mask,50176.0,0.0003,n01641577_bullfrog_seg0_fixmask,False,0.0003,0.7734455466270447,"[0, 0, 223, 223]",21801.0,128727.0,150528.0,14.483019770408164
300,onnx/vgg16-7.onnx,vnnlib/n01641577_bullfrog_seg0_fixnonmask_k50176_eps_0.0003.vnnlib,1200,sat True,,,,1853.8891439437864,0.0,n01641577_bullfrog,0.0,fix_nonmask,50176.0,0.0003,n01641577_bullfrog_seg0_fixnonmask,False,0.0003,0.7734455466270447,"[0, 0, 223, 223]",128727.0,21801.0,150528.0,85.51698022959184
412,onnx/vgg16-7.onnx,vnnlib/n01685808_whiptail_global_k50176_eps_0.0003.vnnlib,1200,sat True,,,,1858.8076186180117,0.0,n01685808_whiptail,-1.0,global,50176.0,0.0003,n01685808_whiptail_global,True,0.0003,,,150528.0,0.0,150528.0,100.0
416,onnx/vgg16-7.onnx,vnnlib/n01685808_whiptail_seg0_fixmask_k50176_eps_0.0003.vnnlib,1200,sat True,,,,2249.7106420993805,0.0,n01685808_whiptail,0.0,fix_mask,50176.0,0.0003,n01685808_whiptail_seg0_fixmask,False,0.0003,0.5920038819313049,"[0, 0, 223, 223]",91572.0,58956.0,150528.0,60.833864795918366
420,onnx/vgg16-7.onnx,vnnlib/n01685808_whiptail_seg0_fixnonmask_k50176_eps_0.0003.vnnlib,1200,sat True,,,,1901.120220661163,0.0,n01685808_whiptail,0.0,fix_nonmask,50176.0,0.0003,n01685808_whiptail_seg0_fixnonmask,False,0.0003,0.5920038819313049,"[0, 0, 223, 223]",58956.0,91572.0,150528.0,39.166135204081634
424,onnx/vgg16-7.onnx,vnnlib/n01687978_agama_global_k50176_eps_0.0003.vnnlib,1200,sat True,,,,1942.121773004532,0.0,n01687978_agama,-1.0,global,50176.0,0.0003,n01687978_agama_global,True,0.0003,,,150528.0,0.0,150528.0,100.0
428,onnx/vgg16-7.onnx,vnnlib/n01687978_agama_seg0_fixmask_k50176_eps_0.0003.vnnlib,1200,sat False,-inf,,2.622433662414551,1855.10608959198,0.0,n01687978_agama,0.0,fix_mask,50176.0,0.0003,n01687978_agama_seg0_fixmask,False,0.0003,0.9029330015182496,"[0, 0, 223, 223]",7917.0,142611.0,150528.0,5.259486607142857
432,onnx/vgg16-7.onnx,vnnlib/n01687978_agama_seg0_fixnonmask_k50176_eps_0.0003.vnnlib,1200,sat True,,,,1853.81098818779,0.0,n01687978_agama,0.0,fix_nonmask,50176.0,0.0003,n01687978_agama_seg0_fixnonmask,False,0.0003,0.9029330015182496,"[0, 0, 223, 223]",142611.0,7917.0,150528.0,94.74051339285714
496,onnx/vgg16-7.onnx,vnnlib/n01704323_triceratops_global_k50176_eps_0.0003.vnnlib,1200,sat True,,,,2226.08442735672,0.0,n01704323_triceratops,-1.0,global,50176.0,0.0003,n01704323_triceratops_global,True,0.0003,,,150528.0,0.0,150528.0,100.0
500,onnx/vgg16-7.onnx,vnnlib/n01704323_triceratops_seg0_fixmask_k50176_eps_0.0003.vnnlib,1200,sat False,-inf,,2.348482370376587,1990.788426399231,0.0,n01704323_triceratops,0.0,fix_mask,50176.0,0.0003,n01704323_triceratops_seg0_fixmask,False,0.0003,0.8741543292999268,"[0, 0, 223, 223]",3783.0,146745.0,150528.0,2.513153698979592
504,onnx/vgg16-7.onnx,vnnlib/n01704323_triceratops_seg0_fixnonmask_k50176_eps_0.0003.vnnlib,1200,sat True,,,,2143.3859951496124,0.0,n01704323_triceratops,0.0,fix_nonmask,50176.0,0.0003,n01704323_triceratops_seg0_fixnonmask,False,0.0003,0.8741543292999268,"[0, 0, 223, 223]",146745.0,3783.0,150528.0,97.4868463010204
604,onnx/vgg16-7.onnx,vnnlib/n01756291_sidewinder_global_k50176_eps_0.0003.vnnlib,1200,sat True,,,,1992.8765995502472,0.0,n01756291_sidewinder,-1.0,global,50176.0,0.0003,n01756291_sidewinder_global,True,0.0003,,,150528.0,0.0,150528.0,100.0
608,onnx/vgg16-7.onnx,vnnlib/n01756291_sidewinder_seg0_fixmask_k50176_eps_0.0003.vnnlib,1200,sat True,,,,2217.957830429077,0.0,n01756291_sidewinder,0.0,fix_mask,50176.0,0.0003,n01756291_sidewinder_seg0_fixmask,False,0.0003,0.9148173332214355,"[0, 0, 223, 223]",32373.0,118155.0,150528.0,21.506297831632654
612,onnx/vgg16-7.onnx,vnnlib/n01756291_sidewinder_seg0_fixnonmask_k50176_eps_0.0003.vnnlib,1200,sat True,,,,1993.0023663043976,0.0,n01756291_sidewinder,0.0,fix_nonmask,50176.0,0.0003,n01756291_sidewinder_seg0_fixnonmask,False,0.0003,0.9148173332214355,"[0, 0, 223, 223]",118155.0,32373.0,150528.0,78.49370216836735
616,onnx/vgg16-7.onnx,vnnlib/n01768244_trilobite_global_k50176_eps_0.0003.vnnlib,1200,sat True,,,,2217.781542301178,0.0,n01768244_trilobite,-1.0,global,50176.0,0.0003,n01768244_trilobite_global,True,0.0003,,,150528.0,0.0,150528.0,100.0
620,onnx/vgg16-7.onnx,vnnlib/n01768244_trilobite_seg0_fixmask_k50176_eps_0.0003.vnnlib,1200,sat False,-inf,,1.4496557712554932,2217.523629426956,0.0,n01768244_trilobite,0.0,fix_mask,50176.0,0.0003,n01768244_trilobite_seg0_fixmask,False,0.0003,0.8933569192886353,"[0, 0, 223, 223]",6378.0,144150.0,150528.0,4.237085459183674
624,onnx/vgg16-7.onnx,vnnlib/n01768244_trilobite_seg0_fixnonmask_k50176_eps_0.0003.vnnlib,1200,sat True,,,,1983.4707114696505,0.0,n01768244_trilobite,0.0,fix_nonmask,50176.0,0.0003,n01768244_trilobite_seg0_fixnonmask,False,0.0003,0.8933569192886353,"[0, 0, 223, 223]",144150.0,6378.0,150528.0,95.76291454081633
640,onnx/vgg16-7.onnx,vnnlib/n01770393_scorpion_global_k50176_eps_0.0003.vnnlib,1200,sat True,,,,1983.5581665039065,0.0,n01770393_scorpion,-1.0,global,50176.0,0.0003,n01770393_scorpion_global,True,0.0003,,,150528.0,0.0,150528.0,100.0
644,onnx/vgg16-7.onnx,vnnlib/n01770393_scorpion_seg0_fixmask_k50176_eps_0.0003.vnnlib,1200,sat True,,,,2218.6436047554016,0.0,n01770393_scorpion,0.0,fix_mask,50176.0,0.0003,n01770393_scorpion_seg0_fixmask,False,0.0003,0.8547699451446533,"[0, 0, 223, 223]",22296.0,128232.0,150528.0,14.81186224489796
648,onnx/vgg16-7.onnx,vnnlib/n01770393_scorpion_seg0_fixnonmask_k50176_eps_0.0003.vnnlib,1200,sat True,,,,1981.92963886261,0.0,n01770393_scorpion,0.0,fix_nonmask,50176.0,0.0003,n01770393_scorpion_seg0_fixnonmask,False,0.0003,0.8547699451446533,"[0, 0, 223, 223]",128232.0,22296.0,150528.0,85.18813775510205
688,onnx/vgg16-7.onnx,vnnlib/n01774750_tarantula_global_k50176_eps_0.0003.vnnlib,1200,sat True,,,,1972.3918845653536,0.0,n01774750_tarantula,-1.0,global,50176.0,0.0003,n01774750_tarantula_global,True,0.0003,,,150528.0,0.0,150528.0,100.0
692,onnx/vgg16-7.onnx,vnnlib/n01774750_tarantula_seg0_fixmask_k50176_eps_0.0003.vnnlib,1200,sat True,,,,1975.880723953247,0.0,n01774750_tarantula,0.0,fix_mask,50176.0,0.0003,n01774750_tarantula_seg0_fixmask,False,0.0003,0.6544652581214905,"[0, 0, 223, 223]",77733.0,72795.0,150528.0,51.64022640306123
696,onnx/vgg16-7.onnx,vnnlib/n01774750_tarantula_seg0_fixnonmask_k50176_eps_0.0003.vnnlib,1200,sat True,,,,1976.6567344665527,0.0,n01774750_tarantula,0.0,fix_nonmask,50176.0,0.0003,n01774750_tarantula_seg0_fixnonmask,False,0.0003,0.6544652581214905,"[0, 0, 223, 223]",72795.0,77733.0,150528.0,48.35977359693877
748,onnx/vgg16-7.onnx,vnnlib/n01796340_ptarmigan_global_k50176_eps_0.0003.vnnlib,1200,sat True,,,,2205.9916036129,0.0,n01796340_ptarmigan,-1.0,global,50176.0,0.0003,n01796340_ptarmigan_global,True,0.0003,,,150528.0,0.0,150528.0,100.0
752,onnx/vgg16-7.onnx,vnnlib/n01796340_ptarmigan_seg0_fixmask_k50176_eps_0.0003.vnnlib,1200,sat True,,,,2206.8702545166016,0.0,n01796340_ptarmigan,0.0,fix_mask,50176.0,0.0003,n01796340_ptarmigan_seg0_fixmask,False,0.0003,0.8835960030555725,"[0, 0, 223, 223]",18756.0,131772.0,150528.0,12.46014030612245
756,onnx/vgg16-7.onnx,vnnlib/n01796340_ptarmigan_seg0_fixnonmask_k50176_eps_0.0003.vnnlib,1200,sat True,,,,2199.337094783783,0.0,n01796340_ptarmigan,0.0,fix_nonmask,50176.0,0.0003,n01796340_ptarmigan_seg0_fixnonmask,False,0.0003,0.8835960030555725,"[0, 0, 223, 223]",131772.0,18756.0,150528.0,87.53985969387755
796,onnx/vgg16-7.onnx,vnnlib/n01807496_partridge_global_k50176_eps_0.0003.vnnlib,1200,sat True,,,,2197.87806391716,0.0,n01807496_partridge,-1.0,global,50176.0,0.0003,n01807496_partridge_global,True,0.0003,,,150528.0,0.0,150528.0,100.0
800,onnx/vgg16-7.onnx,vnnlib/n01807496_partridge_seg0_fixmask_k50176_eps_0.0003.vnnlib,1200,sat True,,,,1970.402311563492,0.0,n01807496_partridge,0.0,fix_mask,50176.0,0.0003,n01807496_partridge_seg0_fixmask,False,0.0003,0.8426869511604309,"[0, 0, 223, 223]",19206.0,131322.0,150528.0,12.75908801020408
804,onnx/vgg16-7.onnx,vnnlib/n01807496_partridge_seg0_fixnonmask_k50176_eps_0.0003.vnnlib,1200,sat True,,,,1974.339677333832,0.0,n01807496_partridge,0.0,fix_nonmask,50176.0,0.0003,n01807496_partridge_seg0_fixnonmask,False,0.0003,0.8426869511604309,"[0, 0, 223, 223]",131322.0,19206.0,150528.0,87.24091198979592
820,onnx/vgg16-7.onnx,vnnlib/n01818515_macaw_global_k50176_eps_0.0003.vnnlib,1200,sat True,,,,2196.54738330841,0.0,n01818515_macaw,-1.0,global,50176.0,0.0003,n01818515_macaw_global,True,0.0003,,,150528.0,0.0,150528.0,100.0
824,onnx/vgg16-7.onnx,vnnlib/n01818515_macaw_seg0_fixmask_k50176_eps_0.0003.vnnlib,1200,sat True,,,,2198.525912761688,0.0,n01818515_macaw,0.0,fix_mask,50176.0,0.0003,n01818515_macaw_seg0_fixmask,False,0.0003,0.6218721866607666,"[0, 0, 223, 223]",92436.0,58092.0,150528.0,61.407844387755105
828,onnx/vgg16-7.onnx,vnnlib/n01818515_macaw_seg0_fixnonmask_k50176_eps_0.0003.vnnlib,1200,sat True,,,,1963.3752682209015,0.0,n01818515_macaw,0.0,fix_nonmask,50176.0,0.0003,n01818515_macaw_seg0_fixnonmask,False,0.0003,0.6218721866607666,"[0, 0, 223, 223]",58092.0,92436.0,150528.0,38.592155612244895
844,onnx/vgg16-7.onnx,vnnlib/n01820546_lorikeet_global_k50176_eps_0.0003.vnnlib,1200,sat True,,,,1969.2734060287476,0.0,n01820546_lorikeet,-1.0,global,50176.0,0.0003,n01820546_lorikeet_global,True,0.0003,,,150528.0,0.0,150528.0,100.0
848,onnx/vgg16-7.onnx,vnnlib/n01820546_lorikeet_seg0_fixmask_k50176_eps_0.0003.vnnlib,1200,sat True,,,,2195.5528502464294,0.0,n01820546_lorikeet,0.0,fix_mask,50176.0,0.0003,n01820546_lorikeet_seg0_fixmask,False,0.0003,0.890245795249939,"[0, 0, 223, 222]",46434.0,104094.0,150528.0,30.847417091836736
852,onnx/vgg16-7.onnx,vnnlib/n01820546_lorikeet_seg0_fixnonmask_k50176_eps_0.0003.vnnlib,1200,sat True,,,,2195.6536917686462,0.0,n01820546_lorikeet,0.0,fix_nonmask,50176.0,0.0003,n01820546_lorikeet_seg0_fixnonmask,False,0.0003,0.890245795249939,"[0, 0, 223, 222]",104094.0,46434.0,150528.0,69.15258290816327
856,onnx/vgg16-7.onnx,vnnlib/n01824575_coucal_global_k50176_eps_0.0003.vnnlib,1200,sat True,,,,1966.0135300159457,0.0,n01824575_coucal,-1.0,global,50176.0,0.0003,n01824575_coucal_global,True,0.0003,,,150528.0,0.0,150528.0,100.0
860,onnx/vgg16-7.onnx,vnnlib/n01824575_coucal_seg0_fixmask_k50176_eps_0.0003.vnnlib,1200,sat True,,,,1964.9703478813171,0.0,n01824575_coucal,0.0,fix_mask,50176.0,0.0003,n01824575_coucal_seg0_fixmask,False,0.0003,0.4630907773971557,"[0, 0, 223, 223]",115185.0,35343.0,150528.0,76.52064732142857
864,onnx/vgg16-7.onnx,vnnlib/n01824575_coucal_seg0_fixnonmask_k50176_eps_0.0003.vnnlib,1200,sat True,,,,2195.2934913635254,0.0,n01824575_coucal,0.0,fix_nonmask,50176.0,0.0003,n01824575_coucal_seg0_fixnonmask,False,0.0003,0.4630907773971557,"[0, 0, 223, 223]",35343.0,115185.0,150528.0,23.479352678571427
880,onnx/vgg16-7.onnx,vnnlib/n01829413_hornbill_global_k50176_eps_0.0003.vnnlib,1200,sat True,,,,2198.7199137210846,0.0,n01829413_hornbill,-1.0,global,50176.0,0.0003,n01829413_hornbill_global,True,0.0003,,,150528.0,0.0,150528.0,100.0
884,onnx/vgg16-7.onnx,vnnlib/n01829413_hornbill_seg0_fixmask_k50176_eps_0.0003.vnnlib,1200,sat True,,,,1975.3010928630829,0.0,n01829413_hornbill,0.0,fix_mask,50176.0,0.0003,n01829413_hornbill_seg0_fixmask,False,0.0003,0.8663651347160339,"[0, 0, 223, 223]",37092.0,113436.0,150528.0,24.64126275510204
888,onnx/vgg16-7.onnx,vnnlib/n01829413_hornbill_seg0_fixnonmask_k50176_eps_0.0003.vnnlib,1200,sat True,,,,1964.2055826187136,0.0,n01829413_hornbill,0.0,fix_nonmask,50176.0,0.0003,n01829413_hornbill_seg0_fixnonmask,False,0.0003,0.8663651347160339,"[0, 0, 223, 223]",113436.0,37092.0,150528.0,75.35873724489795
904,onnx/vgg16-7.onnx,vnnlib/n01843065_jacamar_global_k50176_eps_0.0003.vnnlib,1200,sat True,,,,1964.1351926326752,0.0,n01843065_jacamar,-1.0,global,50176.0,0.0003,n01843065_jacamar_global,True,0.0003,,,150528.0,0.0,150528.0,100.0
908,onnx/vgg16-7.onnx,vnnlib/n01843065_jacamar_seg0_fixmask_k50176_eps_0.0003.vnnlib,1200,sat True,,,,1972.337245464325,0.0,n01843065_jacamar,0.0,fix_mask,50176.0,0.0003,n01843065_jacamar_seg0_fixmask,False,0.0003,0.6688520908355713,"[0, 0, 223, 223]",44499.0,106029.0,150528.0,29.561941964285715
912,onnx/vgg16-7.onnx,vnnlib/n01843065_jacamar_seg0_fixnonmask_k50176_eps_0.0003.vnnlib,1200,sat True,,,,1967.978089094162,0.0,n01843065_jacamar,0.0,fix_nonmask,50176.0,0.0003,n01843065_jacamar_seg0_fixnonmask,False,0.0003,0.6688520908355713,"[0, 0, 223, 223]",106029.0,44499.0,150528.0,70.43805803571429
928,onnx/vgg16-7.onnx,vnnlib/n01847000_drake_global_k50176_eps_0.0003.vnnlib,1200,sat True,,,,2197.212093114853,0.0,n01847000_drake,-1.0,global,50176.0,0.0003,n01847000_drake_global,True,0.0003,,,150528.0,0.0,150528.0,100.0
932,onnx/vgg16-7.onnx,vnnlib/n01847000_drake_seg0_fixmask_k50176_eps_0.0003.vnnlib,1200,sat True,,,,1963.8372602462769,0.0,n01847000_drake,0.0,fix_mask,50176.0,0.0003,n01847000_drake_seg0_fixmask,False,0.0003,0.892393171787262,"[0, 0, 223, 223]",17922.0,132606.0,150528.0,11.90609056122449
936,onnx/vgg16-7.onnx,vnnlib/n01847000_drake_seg0_fixnonmask_k50176_eps_0.0003.vnnlib,1200,sat True,,,,1963.2386541366575,0.0,n01847000_drake,0.0,fix_nonmask,50176.0,0.0003,n01847000_drake_seg0_fixnonmask,False,0.0003,0.892393171787262,"[0, 0, 223, 223]",132606.0,17922.0,150528.0,88.09390943877551
976,onnx/vgg16-7.onnx,vnnlib/n01871265_tusker_global_k50176_eps_0.0003.vnnlib,1200,sat True,,,,28.579962491989136,0.0,n01871265_tusker,-1.0,global,50176.0,0.0003,n01871265_tusker_global,True,0.0003,,,150528.0,0.0,150528.0,100.0
980,onnx/vgg16-7.onnx,vnnlib/n01871265_tusker_seg0_fixmask_k50176_eps_0.0003.vnnlib,1200,sat True,,,,27.811847686767575,0.0,n01871265_tusker,0.0,fix_mask,50176.0,0.0003,n01871265_tusker_seg0_fixmask,False,0.0003,0.7893674373626709,"[0, 0, 223, 220]",57981.0,92547.0,150528.0,38.51841517857143
984,onnx/vgg16-7.onnx,vnnlib/n01871265_tusker_seg0_fixnonmask_k50176_eps_0.0003.vnnlib,1200,sat True,,,,27.449759244918823,0.0,n01871265_tusker,0.0,fix_nonmask,50176.0,0.0003,n01871265_tusker_seg0_fixnonmask,False,0.0003,0.7893674373626709,"[0, 0, 223, 220]",92547.0,57981.0,150528.0,61.48158482142857
988,onnx/vgg16-7.onnx,vnnlib/n01872401_echidna_global_k50176_eps_0.0003.vnnlib,1200,sat True,,,,22.067752361297607,0.0,n01872401_echidna,-1.0,global,50176.0,0.0003,n01872401_echidna_global,True,0.0003,,,150528.0,0.0,150528.0,100.0
992,onnx/vgg16-7.onnx,vnnlib/n01872401_echidna_seg0_fixmask_k50176_eps_0.0003.vnnlib,1200,sat True,,,,22.979626178741455,0.0,n01872401_echidna,0.0,fix_mask,50176.0,0.0003,n01872401_echidna_seg0_fixmask,False,0.0003,0.8836685419082642,"[0, 0, 223, 223]",54531.0,95997.0,150528.0,36.22648278061224
996,onnx/vgg16-7.onnx,vnnlib/n01872401_echidna_seg0_fixnonmask_k50176_eps_0.0003.vnnlib,1200,sat True,,,,23.179847955703735,0.0,n01872401_echidna,0.0,fix_nonmask,50176.0,0.0003,n01872401_echidna_seg0_fixnonmask,False,0.0003,0.8836685419082642,"[0, 0, 223, 223]",95997.0,54531.0,150528.0,63.77351721938776
1000,onnx/vgg16-7.onnx,vnnlib/n01873310_platypus_global_k50176_eps_0.0003.vnnlib,1200,sat True,,,,10.2469003200531,0.0,n01873310_platypus,-1.0,global,50176.0,0.0003,n01873310_platypus_global,True,0.0003,,,150528.0,0.0,150528.0,100.0
1004,onnx/vgg16-7.onnx,vnnlib/n01873310_platypus_seg0_fixmask_k50176_eps_0.0003.vnnlib,1200,sat True,,,,25.360118865966797,0.0,n01873310_platypus,0.0,fix_mask,50176.0,0.0003,n01873310_platypus_seg0_fixmask,False,0.0003,0.747942328453064,"[0, 0, 223, 223]",73233.0,77295.0,150528.0,48.650749362244895
1008,onnx/vgg16-7.onnx,vnnlib/n01873310_platypus_seg0_fixnonmask_k50176_eps_0.0003.vnnlib,1200,sat True,,,,28.42375087738037,0.0,n01873310_platypus,0.0,fix_nonmask,50176.0,0.0003,n01873310_platypus_seg0_fixnonmask,False,0.0003,0.747942328453064,"[0, 0, 223, 223]",77295.0,73233.0,150528.0,51.349250637755105
1012,onnx/vgg16-7.onnx,vnnlib/n01877812_wallaby_global_k50176_eps_0.0003.vnnlib,1200,sat True,,,,29.185099363327023,0.0,n01877812_wallaby,-1.0,global,50176.0,0.0003,n01877812_wallaby_global,True,0.0003,,,150528.0,0.0,150528.0,100.0
1016,onnx/vgg16-7.onnx,vnnlib/n01877812_wallaby_seg0_fixmask_k50176_eps_0.0003.vnnlib,1200,sat True,,,,29.752359867095947,0.0,n01877812_wallaby,0.0,fix_mask,50176.0,0.0003,n01877812_wallaby_seg0_fixmask,False,0.0003,0.763184130191803,"[0, 0, 223, 223]",10011.0,140517.0,150528.0,6.650589923469388
1020,onnx/vgg16-7.onnx,vnnlib/n01877812_wallaby_seg0_fixnonmask_k50176_eps_0.0003.vnnlib,1200,sat True,,,,18.054128408432007,0.0,n01877812_wallaby,0.0,fix_nonmask,50176.0,0.0003,n01877812_wallaby_seg0_fixnonmask,False,0.0003,0.763184130191803,"[0, 0, 223, 223]",140517.0,10011.0,150528.0,93.34941007653062
1024,onnx/vgg16-7.onnx,vnnlib/n01882714_koala_global_k50176_eps_0.0003.vnnlib,1200,sat True,,,,28.92386293411255,0.0,n01882714_koala,-1.0,global,50176.0,0.0003,n01882714_koala_global,True,0.0003,,,150528.0,0.0,150528.0,100.0
1028,onnx/vgg16-7.onnx,vnnlib/n01882714_koala_seg0_fixmask_k50176_eps_0.0003.vnnlib,1200,sat True,,,,29.211344718933105,0.0,n01882714_koala,0.0,fix_mask,50176.0,0.0003,n01882714_koala_seg0_fixmask,False,0.0003,0.9428346157073976,"[0, 7, 223, 219]",41184.0,109344.0,150528.0,27.35969387755102
1032,onnx/vgg16-7.onnx,vnnlib/n01882714_koala_seg0_fixnonmask_k50176_eps_0.0003.vnnlib,1200,sat True,,,,26.94369387626648,0.0,n01882714_koala,0.0,fix_nonmask,50176.0,0.0003,n01882714_koala_seg0_fixnonmask,False,0.0003,0.9428346157073976,"[0, 7, 223, 219]",109344.0,41184.0,150528.0,72.64030612244898
1036,onnx/vgg16-7.onnx,vnnlib/n01883070_wombat_global_k50176_eps_0.0003.vnnlib,1200,sat True,,,,26.071894884109497,0.0,n01883070_wombat,-1.0,global,50176.0,0.0003,n01883070_wombat_global,True,0.0003,,,150528.0,0.0,150528.0,100.0
1040,onnx/vgg16-7.onnx,vnnlib/n01883070_wombat_seg0_fixmask_k50176_eps_0.0003.vnnlib,1200,sat True,,,,27.76489567756653,0.0,n01883070_wombat,0.0,fix_mask,50176.0,0.0003,n01883070_wombat_seg0_fixmask,False,0.0003,0.9007347822189332,"[0, 0, 223, 223]",40401.0,110127.0,150528.0,26.83952487244898
1044,onnx/vgg16-7.onnx,vnnlib/n01883070_wombat_seg0_fixnonmask_k50176_eps_0.0003.vnnlib,1200,sat True,,,,23.011025428771973,0.0,n01883070_wombat,0.0,fix_nonmask,50176.0,0.0003,n01883070_wombat_seg0_fixnonmask,False,0.0003,0.9007347822189332,"[0, 0, 223, 223]",110127.0,40401.0,150528.0,73.16047512755102
1120,onnx/vgg16-7.onnx,vnnlib/n01945685_slug_global_k50176_eps_0.0003.vnnlib,1200,sat True,,,,27.33890914916992,0.0,n01945685_slug,-1.0,global,50176.0,0.0003,n01945685_slug_global,True,0.0003,,,150528.0,0.0,150528.0,100.0
1124,onnx/vgg16-7.onnx,vnnlib/n01945685_slug_seg0_fixmask_k50176_eps_0.0003.vnnlib,1200,sat True,,,,23.351535081863403,0.0,n01945685_slug,0.0,fix_mask,50176.0,0.0003,n01945685_slug_seg0_fixmask,False,0.0003,0.8710233569145203,"[0, 1, 223, 223]",71208.0,79320.0,150528.0,47.30548469387755
1128,onnx/vgg16-7.onnx,vnnlib/n01945685_slug_seg0_fixnonmask_k50176_eps_0.0003.vnnlib,1200,sat True,,,,22.460379362106323,0.0,n01945685_slug,0.0,fix_nonmask,50176.0,0.0003,n01945685_slug_seg0_fixnonmask,False,0.0003,0.8710233569145203,"[0, 1, 223, 223]",79320.0,71208.0,150528.0,52.69451530612245
1240,onnx/vgg16-7.onnx,vnnlib/n01990800_isopod_global_k50176_eps_0.0003.vnnlib,1200,sat True,,,,28.063019275665283,0.0,n01990800_isopod,-1.0,global,50176.0,0.0003,n01990800_isopod_global,True,0.0003,,,150528.0,0.0,150528.0,100.0
1244,onnx/vgg16-7.onnx,vnnlib/n01990800_isopod_seg0_fixmask_k50176_eps_0.0003.vnnlib,1200,sat False,-inf,,1.488187313079834,26.325087070465088,0.0,n01990800_isopod,0.0,fix_mask,50176.0,0.0003,n01990800_isopod_seg0_fixmask,False,0.0003,0.784122884273529,"[0, 0, 223, 223]",4170.0,146358.0,150528.0,2.770248724489796
1248,onnx/vgg16-7.onnx,vnnlib/n01990800_isopod_seg0_fixnonmask_k50176_eps_0.0003.vnnlib,1200,sat True,,,,25.481415033340458,0.0,n01990800_isopod,0.0,fix_nonmask,50176.0,0.0003,n01990800_isopod_seg0_fixnonmask,False,0.0003,0.784122884273529,"[0, 0, 223, 223]",146358.0,4170.0,150528.0,97.2297512755102
1288,onnx/vgg16-7.onnx,vnnlib/n02007558_flamingo_global_k50176_eps_0.0003.vnnlib,1200,sat True,,,,14.64593744277954,0.0,n02007558_flamingo,-1.0,global,50176.0,0.0003,n02007558_flamingo_global,True,0.0003,,,150528.0,0.0,150528.0,100.0
1292,onnx/vgg16-7.onnx,vnnlib/n02007558_flamingo_seg0_fixmask_k50176_eps_0.0003.vnnlib,1200,sat True,,,,14.74585509300232,0.0,n02007558_flamingo,0.0,fix_mask,50176.0,0.0003,n02007558_flamingo_seg0_fixmask,False,0.0003,0.7151638269424438,"[0, 0, 223, 223]",53253.0,97275.0,150528.0,35.37747130102041
1296,onnx/vgg16-7.onnx,vnnlib/n02007558_flamingo_seg0_fixnonmask_k50176_eps_0.0003.vnnlib,1200,sat True,,,,14.812488555908203,0.0,n02007558_flamingo,0.0,fix_nonmask,50176.0,0.0003,n02007558_flamingo_seg0_fixnonmask,False,0.0003,0.7151638269424438,"[0, 0, 223, 223]",97275.0,53253.0,150528.0,64.6225286989796
1456,onnx/vgg16-7.onnx,vnnlib/n02051845_pelican_global_k50176_eps_0.0003.vnnlib,1200,sat True,,,,8.434269428253174,0.0,n02051845_pelican,-1.0,global,50176.0,0.0003,n02051845_pelican_global,True,0.0003,,,150528.0,0.0,150528.0,100.0
1460,onnx/vgg16-7.onnx,vnnlib/n02051845_pelican_seg0_fixmask_k50176_eps_0.0003.vnnlib,1200,sat True,,,,8.442049980163574,0.0,n02051845_pelican,0.0,fix_mask,50176.0,0.0003,n02051845_pelican_seg0_fixmask,False,0.0003,0.8604021668434143,"[0, 0, 223, 223]",81240.0,69288.0,150528.0,53.97002551020408
1464,onnx/vgg16-7.onnx,vnnlib/n02051845_pelican_seg0_fixnonmask_k50176_eps_0.0003.vnnlib,1200,sat True,,,,8.275350570678711,0.0,n02051845_pelican,0.0,fix_nonmask,50176.0,0.0003,n02051845_pelican_seg0_fixnonmask,False,0.0003,0.8604021668434143,"[0, 0, 223, 223]",69288.0,81240.0,150528.0,46.02997448979592
1480,onnx/vgg16-7.onnx,vnnlib/n02058221_albatross_global_k50176_eps_0.0003.vnnlib,1200,sat True,,,,7.852916479110718,0.0,n02058221_albatross,-1.0,global,50176.0,0.0003,n02058221_albatross_global,True,0.0003,,,150528.0,0.0,150528.0,100.0
1484,onnx/vgg16-7.onnx,vnnlib/n02058221_albatross_seg0_fixmask_k50176_eps_0.0003.vnnlib,1200,sat True,,,,7.884030818939209,0.0,n02058221_albatross,0.0,fix_mask,50176.0,0.0003,n02058221_albatross_seg0_fixmask,False,0.0003,0.90899920463562,"[0, 0, 223, 223]",35178.0,115350.0,150528.0,23.369738520408163
1488,onnx/vgg16-7.onnx,vnnlib/n02058221_albatross_seg0_fixnonmask_k50176_eps_0.0003.vnnlib,1200,sat True,,,,8.070212602615356,0.0,n02058221_albatross,0.0,fix_nonmask,50176.0,0.0003,n02058221_albatross_seg0_fixnonmask,False,0.0003,0.90899920463562,"[0, 0, 223, 223]",115350.0,35178.0,150528.0,76.63026147959184
1516,onnx/vgg16-7.onnx,vnnlib/n02074367_dugong_global_k50176_eps_0.0003.vnnlib,1200,sat True,,,,10.005322694778442,0.0,n02074367_dugong,-1.0,global,50176.0,0.0003,n02074367_dugong_global,True,0.0003,,,150528.0,0.0,150528.0,100.0
1520,onnx/vgg16-7.onnx,vnnlib/n02074367_dugong_seg0_fixmask_k50176_eps_0.0003.vnnlib,1200,sat False,-inf,,1.5692763328552246,11.085748434066772,0.0,n02074367_dugong,0.0,fix_mask,50176.0,0.0003,n02074367_dugong_seg0_fixmask,False,0.0003,0.8628674149513245,"[0, 1, 223, 222]",8664.0,141864.0,150528.0,5.755739795918367
1524,onnx/vgg16-7.onnx,vnnlib/n02074367_dugong_seg0_fixnonmask_k50176_eps_0.0003.vnnlib,1200,sat True,,,,9.87173056602478,0.0,n02074367_dugong,0.0,fix_nonmask,50176.0,0.0003,n02074367_dugong_seg0_fixnonmask,False,0.0003,0.8628674149513245,"[0, 1, 223, 222]",141864.0,8664.0,150528.0,94.24426020408164
1588,onnx/vgg16-7.onnx,vnnlib/n02086240_Shih-Tzu_global_k50176_eps_0.0003.vnnlib,1200,sat True,,,,12.049585580825806,0.0,n02086240_Shih-Tzu,-1.0,global,50176.0,0.0003,n02086240_Shih-Tzu_global,True,0.0003,,,150528.0,0.0,150528.0,100.0
1592,onnx/vgg16-7.onnx,vnnlib/n02086240_Shih-Tzu_seg0_fixmask_k50176_eps_0.0003.vnnlib,1200,sat True,,,,8.411677598953247,0.0,n02086240_Shih-Tzu,0.0,fix_mask,50176.0,0.0003,n02086240_Shih-Tzu_seg0_fixmask,False,0.0003,0.8884432315826416,"[0, 0, 223, 223]",13680.0,136848.0,150528.0,9.088010204081632
1596,onnx/vgg16-7.onnx,vnnlib/n02086240_Shih-Tzu_seg0_fixnonmask_k50176_eps_0.0003.vnnlib,1200,sat True,,,,12.027405500411987,0.0,n02086240_Shih-Tzu,0.0,fix_nonmask,50176.0,0.0003,n02086240_Shih-Tzu_seg0_fixnonmask,False,0.0003,0.8884432315826416,"[0, 0, 223, 223]",136848.0,13680.0,150528.0,90.91198979591836
1612,onnx/vgg16-7.onnx,vnnlib/n02086910_papillon_global_k50176_eps_0.0003.vnnlib,1200,sat True,,,,8.133885145187378,0.0,n02086910_papillon,-1.0,global,50176.0,0.0003,n02086910_papillon_global,True,0.0003,,,150528.0,0.0,150528.0,100.0
1616,onnx/vgg16-7.onnx,vnnlib/n02086910_papillon_seg0_fixmask_k50176_eps_0.0003.vnnlib,1200,sat True,,,,7.970775604248047,0.0,n02086910_papillon,0.0,fix_mask,50176.0,0.0003,n02086910_papillon_seg0_fixmask,False,0.0003,0.9371724128723145,"[0, 0, 223, 223]",36717.0,113811.0,150528.0,24.392139668367346
1620,onnx/vgg16-7.onnx,vnnlib/n02086910_papillon_seg0_fixnonmask_k50176_eps_0.0003.vnnlib,1200,sat True,,,,11.332864999771118,0.0,n02086910_papillon,0.0,fix_nonmask,50176.0,0.0003,n02086910_papillon_seg0_fixnonmask,False,0.0003,0.9371724128723145,"[0, 0, 223, 223]",113811.0,36717.0,150528.0,75.60786033163265
1792,onnx/vgg16-7.onnx,vnnlib/n02091831_Saluki_global_k50176_eps_0.0003.vnnlib,1200,sat True,,,,9.983693361282349,0.0,n02091831_Saluki,-1.0,global,50176.0,0.0003,n02091831_Saluki_global,True,0.0003,,,150528.0,0.0,150528.0,100.0
1796,onnx/vgg16-7.onnx,vnnlib/n02091831_Saluki_seg0_fixmask_k50176_eps_0.0003.vnnlib,1200,sat True,,,,11.206255435943604,0.0,n02091831_Saluki,0.0,fix_mask,50176.0,0.0003,n02091831_Saluki_seg0_fixmask,False,0.0003,0.9069421291351318,"[0, 1, 223, 223]",35439.0,115089.0,150528.0,23.543128188775512
1800,onnx/vgg16-7.onnx,vnnlib/n02091831_Saluki_seg0_fixnonmask_k50176_eps_0.0003.vnnlib,1200,sat True,,,,10.713069915771484,0.0,n02091831_Saluki,0.0,fix_nonmask,50176.0,0.0003,n02091831_Saluki_seg0_fixnonmask,False,0.0003,0.9069421291351318,"[0, 1, 223, 223]",115089.0,35439.0,150528.0,76.45687181122449
1960,onnx/vgg16-7.onnx,vnnlib/n02096051_Airedale_global_k50176_eps_0.0003.vnnlib,1200,error,,,,,,n02096051_Airedale,-1.0,global,50176.0,0.0003,n02096051_Airedale_global,True,0.0003,,,150528.0,0.0,150528.0,100.0
1964,onnx/vgg16-7.onnx,vnnlib/n02096051_Airedale_seg0_fixmask_k50176_eps_0.0003.vnnlib,1200,timeout False,-0.6048394441604614,3.0,2350.5661129951477,2364.8520364761353,0.0,n02096051_Airedale,0.0,fix_mask,50176.0,0.0003,n02096051_Airedale_seg0_fixmask,False,0.0003,0.7541897892951965,"[0, 0, 223, 223]",62973.0,87555.0,150528.0,41.834741709183675
1968,onnx/vgg16-7.onnx,vnnlib/n02096051_Airedale_seg0_fixnonmask_k50176_eps_0.0003.vnnlib,1200,timeout False,-75.29986572265625,3.0,2560.8684606552124,2575.5020225048065,0.0,n02096051_Airedale,0.0,fix_nonmask,50176.0,0.0003,n02096051_Airedale_seg0_fixnonmask,False,0.0003,0.7541897892951965,"[0, 0, 223, 223]",87555.0,62973.0,150528.0,58.165258290816325
2212,onnx/vgg16-7.onnx,vnnlib/n02101556_clumber_global_k50176_eps_0.0003.vnnlib,1200,sat True,,,,10.39764666557312,0.0,n02101556_clumber,-1.0,global,50176.0,0.0003,n02101556_clumber_global,True,0.0003,,,150528.0,0.0,150528.0,100.0
2216,onnx/vgg16-7.onnx,vnnlib/n02101556_clumber_seg0_fixmask_k50176_eps_0.0003.vnnlib,1200,sat True,,,,10.173058032989502,0.0,n02101556_clumber,0.0,fix_mask,50176.0,0.0003,n02101556_clumber_seg0_fixmask,False,0.0003,0.9387112259864808,"[0, 1, 223, 223]",34707.0,115821.0,150528.0,23.056839923469383
2220,onnx/vgg16-7.onnx,vnnlib/n02101556_clumber_seg0_fixnonmask_k50176_eps_0.0003.vnnlib,1200,sat True,,,,10.174108982086182,0.0,n02101556_clumber,0.0,fix_nonmask,50176.0,0.0003,n02101556_clumber_seg0_fixnonmask,False,0.0003,0.9387112259864808,"[0, 1, 223, 223]",115821.0,34707.0,150528.0,76.94316007653062
2284,onnx/vgg16-7.onnx,vnnlib/n02104029_kuvasz_global_k50176_eps_0.0003.vnnlib,1200,sat True,,,,9.893404245376589,0.0,n02104029_kuvasz,-1.0,global,50176.0,0.0003,n02104029_kuvasz_global,True,0.0003,,,150528.0,0.0,150528.0,100.0
2288,onnx/vgg16-7.onnx,vnnlib/n02104029_kuvasz_seg0_fixmask_k50176_eps_0.0003.vnnlib,1200,sat True,,,,10.053383350372314,0.0,n02104029_kuvasz,0.0,fix_mask,50176.0,0.0003,n02104029_kuvasz_seg0_fixmask,False,0.0003,0.9134284257888794,"[0, 0, 223, 223]",17304.0,133224.0,150528.0,11.495535714285714
2292,onnx/vgg16-7.onnx,vnnlib/n02104029_kuvasz_seg0_fixnonmask_k50176_eps_0.0003.vnnlib,1200,sat True,,,,9.99757719039917,0.0,n02104029_kuvasz,0.0,fix_nonmask,50176.0,0.0003,n02104029_kuvasz_seg0_fixnonmask,False,0.0003,0.9134284257888794,"[0, 0, 223, 223]",133224.0,17304.0,150528.0,88.50446428571429
2320,onnx/vgg16-7.onnx,vnnlib/n02105162_malinois_global_k50176_eps_0.0003.vnnlib,1200,sat True,,,,9.918465852737429,0.0,n02105162_malinois,-1.0,global,50176.0,0.0003,n02105162_malinois_global,True,0.0003,,,150528.0,0.0,150528.0,100.0
2324,onnx/vgg16-7.onnx,vnnlib/n02105162_malinois_seg0_fixmask_k50176_eps_0.0003.vnnlib,1200,sat True,,,,10.21266484260559,0.0,n02105162_malinois,0.0,fix_mask,50176.0,0.0003,n02105162_malinois_seg0_fixmask,False,0.0003,0.9064364433288574,"[0, 0, 223, 223]",27381.0,123147.0,150528.0,18.189971301020407
2328,onnx/vgg16-7.onnx,vnnlib/n02105162_malinois_seg0_fixnonmask_k50176_eps_0.0003.vnnlib,1200,sat True,,,,10.32312297821045,0.0,n02105162_malinois,0.0,fix_nonmask,50176.0,0.0003,n02105162_malinois_seg0_fixnonmask,False,0.0003,0.9064364433288574,"[0, 0, 223, 223]",123147.0,27381.0,150528.0,81.8100286989796
2332,onnx/vgg16-7.onnx,vnnlib/n02105251_briard_global_k50176_eps_0.0003.vnnlib,1200,sat True,,,,10.454251527786257,0.0,n02105251_briard,-1.0,global,50176.0,0.0003,n02105251_briard_global,True,0.0003,,,150528.0,0.0,150528.0,100.0
2336,onnx/vgg16-7.onnx,vnnlib/n02105251_briard_seg0_fixmask_k50176_eps_0.0003.vnnlib,1200,sat True,,,,7.8110010623931885,0.0,n02105251_briard,0.0,fix_mask,50176.0,0.0003,n02105251_briard_seg0_fixmask,False,0.0003,0.783096432685852,"[0, 0, 223, 223]",35370.0,115158.0,150528.0,23.497289540816325
2340,onnx/vgg16-7.onnx,vnnlib/n02105251_briard_seg0_fixnonmask_k50176_eps_0.0003.vnnlib,1200,sat True,,,,9.878536939620972,0.0,n02105251_briard,0.0,fix_nonmask,50176.0,0.0003,n02105251_briard_seg0_fixnonmask,False,0.0003,0.783096432685852,"[0, 0, 223, 223]",115158.0,35370.0,150528.0,76.50271045918367
2344,onnx/vgg16-7.onnx,vnnlib/n02105412_kelpie_global_k50176_eps_0.0003.vnnlib,1200,sat True,,,,9.861913442611694,0.0,n02105412_kelpie,-1.0,global,50176.0,0.0003,n02105412_kelpie_global,True,0.0003,,,150528.0,0.0,150528.0,100.0
2348,onnx/vgg16-7.onnx,vnnlib/n02105412_kelpie_seg0_fixmask_k50176_eps_0.0003.vnnlib,1200,sat True,,,,8.07241415977478,0.0,n02105412_kelpie,0.0,fix_mask,50176.0,0.0003,n02105412_kelpie_seg0_fixmask,False,0.0003,0.902455985546112,"[0, 0, 223, 223]",47409.0,103119.0,150528.0,31.49513711734694
2352,onnx/vgg16-7.onnx,vnnlib/n02105412_kelpie_seg0_fixnonmask_k50176_eps_0.0003.vnnlib,1200,sat True,,,,10.140864372253418,0.0,n02105412_kelpie,0.0,fix_nonmask,50176.0,0.0003,n02105412_kelpie_seg0_fixnonmask,False,0.0003,0.902455985546112,"[0, 0, 223, 223]",103119.0,47409.0,150528.0,68.50486288265306
2356,onnx/vgg16-7.onnx,vnnlib/n02105505_komondor_global_k50176_eps_0.0003.vnnlib,1200,sat True,,,,9.967395067214966,0.0,n02105505_komondor,-1.0,global,50176.0,0.0003,n02105505_komondor_global,True,0.0003,,,150528.0,0.0,150528.0,100.0
2360,onnx/vgg16-7.onnx,vnnlib/n02105505_komondor_seg0_fixmask_k50176_eps_0.0003.vnnlib,1200,sat False,-inf,,2.442892551422119,10.864049911499023,0.0,n02105505_komondor,0.0,fix_mask,50176.0,0.0003,n02105505_komondor_seg0_fixmask,False,0.0003,0.958928108215332,"[0, 0, 223, 223]",8181.0,142347.0,150528.0,5.434869260204081
2364,onnx/vgg16-7.onnx,vnnlib/n02105505_komondor_seg0_fixnonmask_k50176_eps_0.0003.vnnlib,1200,sat True,,,,9.78514838218689,0.0,n02105505_komondor,0.0,fix_nonmask,50176.0,0.0003,n02105505_komondor_seg0_fixnonmask,False,0.0003,0.958928108215332,"[0, 0, 223, 223]",142347.0,8181.0,150528.0,94.56513073979592
2440,onnx/vgg16-7.onnx,vnnlib/n02107142_Doberman_global_k50176_eps_0.0003.vnnlib,1200,sat True,,,,10.10742688179016,0.0,n02107142_Doberman,-1.0,global,50176.0,0.0003,n02107142_Doberman_global,True,0.0003,,,150528.0,0.0,150528.0,100.0
2444,onnx/vgg16-7.onnx,vnnlib/n02107142_Doberman_seg0_fixmask_k50176_eps_0.0003.vnnlib,1200,sat True,,,,9.860775709152222,0.0,n02107142_Doberman,0.0,fix_mask,50176.0,0.0003,n02107142_Doberman_seg0_fixmask,False,0.0003,0.9167232513427734,"[0, 0, 223, 223]",43539.0,106989.0,150528.0,28.9241868622449
2448,onnx/vgg16-7.onnx,vnnlib/n02107142_Doberman_seg0_fixnonmask_k50176_eps_0.0003.vnnlib,1200,sat True,,,,9.869350671768188,0.0,n02107142_Doberman,0.0,fix_nonmask,50176.0,0.0003,n02107142_Doberman_seg0_fixnonmask,False,0.0003,0.9167232513427734,"[0, 0, 223, 223]",106989.0,43539.0,150528.0,71.0758131377551
2560,onnx/vgg16-7.onnx,vnnlib/n02110063_malamute_global_k50176_eps_0.0003.vnnlib,1200,sat True,,,,11.291893005371094,0.0,n02110063_malamute,-1.0,global,50176.0,0.0003,n02110063_malamute_global,True,0.0003,,,150528.0,0.0,150528.0,100.0
2564,onnx/vgg16-7.onnx,vnnlib/n02110063_malamute_seg0_fixmask_k50176_eps_0.0003.vnnlib,1200,unsat False,0.0326597690582275,0.0,659.2045125961304,676.3729410171509,0.0,n02110063_malamute,0.0,fix_mask,50176.0,0.0003,n02110063_malamute_seg0_fixmask,False,0.0003,0.9159966707229614,"[0, 0, 223, 223]",11220.0,139308.0,150528.0,7.453762755102041
2568,onnx/vgg16-7.onnx,vnnlib/n02110063_malamute_seg0_fixnonmask_k50176_eps_0.0003.vnnlib,1200,sat True,,,,8.156704425811768,0.0,n02110063_malamute,0.0,fix_nonmask,50176.0,0.0003,n02110063_malamute_seg0_fixnonmask,False,0.0003,0.9159966707229614,"[0, 0, 223, 223]",139308.0,11220.0,150528.0,92.54623724489797
2596,onnx/vgg16-7.onnx,vnnlib/n02110806_basenji_global_k50176_eps_0.0003.vnnlib,1200,sat True,,,,9.971463441848757,0.0,n02110806_basenji,-1.0,global,50176.0,0.0003,n02110806_basenji_global,True,0.0003,,,150528.0,0.0,150528.0,100.0
2600,onnx/vgg16-7.onnx,vnnlib/n02110806_basenji_seg0_fixmask_k50176_eps_0.0003.vnnlib,1200,sat True,,,,9.931222200393677,0.0,n02110806_basenji,0.0,fix_mask,50176.0,0.0003,n02110806_basenji_seg0_fixmask,False,0.0003,0.8429379463195801,"[0, 0, 223, 223]",73809.0,76719.0,150528.0,49.03340242346939
2604,onnx/vgg16-7.onnx,vnnlib/n02110806_basenji_seg0_fixnonmask_k50176_eps_0.0003.vnnlib,1200,sat True,,,,9.901796340942385,0.0,n02110806_basenji,0.0,fix_nonmask,50176.0,0.0003,n02110806_basenji_seg0_fixnonmask,False,0.0003,0.8429379463195801,"[0, 0, 223, 223]",76719.0,73809.0,150528.0,50.96659757653061
2620,onnx/vgg16-7.onnx,vnnlib/n02111129_Leonberg_global_k50176_eps_0.0003.vnnlib,1200,sat True,,,,9.92181634902954,0.0,n02111129_Leonberg,-1.0,global,50176.0,0.0003,n02111129_Leonberg_global,True,0.0003,,,150528.0,0.0,150528.0,100.0
2624,onnx/vgg16-7.onnx,vnnlib/n02111129_Leonberg_seg0_fixmask_k50176_eps_0.0003.vnnlib,1200,sat True,,,,9.835931301116943,0.0,n02111129_Leonberg,0.0,fix_mask,50176.0,0.0003,n02111129_Leonberg_seg0_fixmask,False,0.0003,0.7671524286270142,"[0, 0, 223, 222]",86499.0,64029.0,150528.0,57.46372767857143
2628,onnx/vgg16-7.onnx,vnnlib/n02111129_Leonberg_seg0_fixnonmask_k50176_eps_0.0003.vnnlib,1200,sat True,,,,10.1647047996521,0.0,n02111129_Leonberg,0.0,fix_nonmask,50176.0,0.0003,n02111129_Leonberg_seg0_fixnonmask,False,0.0003,0.7671524286270142,"[0, 0, 223, 222]",64029.0,86499.0,150528.0,42.53627232142857
2632,onnx/vgg16-7.onnx,vnnlib/n02111277_Newfoundland_global_k50176_eps_0.0003.vnnlib,1200,sat True,,,,10.196603536605837,0.0,n02111277_Newfoundland,-1.0,global,50176.0,0.0003,n02111277_Newfoundland_global,True,0.0003,,,150528.0,0.0,150528.0,100.0
2636,onnx/vgg16-7.onnx,vnnlib/n02111277_Newfoundland_seg0_fixmask_k50176_eps_0.0003.vnnlib,1200,sat True,,,,8.132163047790527,0.0,n02111277_Newfoundland,0.0,fix_mask,50176.0,0.0003,n02111277_Newfoundland_seg0_fixmask,False,0.0003,0.9384971857070924,"[0, 6, 223, 223]",28041.0,122487.0,150528.0,18.628427933673468
2640,onnx/vgg16-7.onnx,vnnlib/n02111277_Newfoundland_seg0_fixnonmask_k50176_eps_0.0003.vnnlib,1200,sat True,,,,7.997288465499878,0.0,n02111277_Newfoundland,0.0,fix_nonmask,50176.0,0.0003,n02111277_Newfoundland_seg0_fixnonmask,False,0.0003,0.9384971857070924,"[0, 6, 223, 223]",122487.0,28041.0,150528.0,81.37157206632654
2692,onnx/vgg16-7.onnx,vnnlib/n02112350_keeshond_global_k50176_eps_0.0003.vnnlib,1200,sat True,,,,10.33069372177124,0.0,n02112350_keeshond,-1.0,global,50176.0,0.0003,n02112350_keeshond_global,True,0.0003,,,150528.0,0.0,150528.0,100.0
2696,onnx/vgg16-7.onnx,vnnlib/n02112350_keeshond_seg0_fixmask_k50176_eps_0.0003.vnnlib,1200,sat True,,,,10.266984224319458,0.0,n02112350_keeshond,0.0,fix_mask,50176.0,0.0003,n02112350_keeshond_seg0_fixmask,False,0.0003,0.9593664407730104,"[7, 0, 223, 223]",27780.0,122748.0,150528.0,18.45503826530612
2700,onnx/vgg16-7.onnx,vnnlib/n02112350_keeshond_seg0_fixnonmask_k50176_eps_0.0003.vnnlib,1200,sat True,,,,10.063527345657349,0.0,n02112350_keeshond,0.0,fix_nonmask,50176.0,0.0003,n02112350_keeshond_seg0_fixnonmask,False,0.0003,0.9593664407730104,"[7, 0, 223, 223]",122748.0,27780.0,150528.0,81.54496173469387
2716,onnx/vgg16-7.onnx,vnnlib/n02113023_Pembroke_global_k50176_eps_0.0003.vnnlib,1200,sat True,,,,7.956619024276733,0.0,n02113023_Pembroke,-1.0,global,50176.0,0.0003,n02113023_Pembroke_global,True,0.0003,,,150528.0,0.0,150528.0,100.0
2720,onnx/vgg16-7.onnx,vnnlib/n02113023_Pembroke_seg0_fixmask_k50176_eps_0.0003.vnnlib,1200,sat True,,,,9.806017875671388,0.0,n02113023_Pembroke,0.0,fix_mask,50176.0,0.0003,n02113023_Pembroke_seg0_fixmask,False,0.0003,0.7968304753303528,"[0, 1, 223, 223]",61860.0,88668.0,150528.0,41.095344387755105
2724,onnx/vgg16-7.onnx,vnnlib/n02113023_Pembroke_seg0_fixnonmask_k50176_eps_0.0003.vnnlib,1200,sat True,,,,12.306459426879885,0.0,n02113023_Pembroke,0.0,fix_nonmask,50176.0,0.0003,n02113023_Pembroke_seg0_fixnonmask,False,0.0003,0.7968304753303528,"[0, 1, 223, 223]",88668.0,61860.0,150528.0,58.904655612244895
2836,onnx/vgg16-7.onnx,vnnlib/n02115913_dhole_global_k50176_eps_0.0003.vnnlib,1200,sat True,,,,8.251873970031738,0.0,n02115913_dhole,-1.0,global,50176.0,0.0003,n02115913_dhole_global,True,0.0003,,,150528.0,0.0,150528.0,100.0
2840,onnx/vgg16-7.onnx,vnnlib/n02115913_dhole_seg0_fixmask_k50176_eps_0.0003.vnnlib,1200,sat True,,,,9.765992403030396,0.0,n02115913_dhole,0.0,fix_mask,50176.0,0.0003,n02115913_dhole_seg0_fixmask,False,0.0003,0.8044253587722778,"[0, 0, 223, 223]",33348.0,117180.0,150528.0,22.154017857142858
2844,onnx/vgg16-7.onnx,vnnlib/n02115913_dhole_seg0_fixnonmask_k50176_eps_0.0003.vnnlib,1200,sat True,,,,8.09627079963684,0.0,n02115913_dhole,0.0,fix_nonmask,50176.0,0.0003,n02115913_dhole_seg0_fixnonmask,False,0.0003,0.8044253587722778,"[0, 0, 223, 223]",117180.0,33348.0,150528.0,77.84598214285714
2860,onnx/vgg16-7.onnx,vnnlib/n02117135_hyena_global_k50176_eps_0.0003.vnnlib,1200,sat True,,,,9.730618715286257,0.0,n02117135_hyena,-1.0,global,50176.0,0.0003,n02117135_hyena_global,True,0.0003,,,150528.0,0.0,150528.0,100.0
2864,onnx/vgg16-7.onnx,vnnlib/n02117135_hyena_seg0_fixmask_k50176_eps_0.0003.vnnlib,1200,sat True,,,,9.77504587173462,0.0,n02117135_hyena,0.0,fix_mask,50176.0,0.0003,n02117135_hyena_seg0_fixmask,False,0.0003,0.875552237033844,"[0, 0, 223, 223]",34818.0,115710.0,150528.0,23.130580357142858
2868,onnx/vgg16-7.onnx,vnnlib/n02117135_hyena_seg0_fixnonmask_k50176_eps_0.0003.vnnlib,1200,sat True,,,,9.652403831481934,0.0,n02117135_hyena,0.0,fix_nonmask,50176.0,0.0003,n02117135_hyena_seg0_fixnonmask,False,0.0003,0.875552237033844,"[0, 0, 223, 223]",115710.0,34818.0,150528.0,76.86941964285714
2920,onnx/vgg16-7.onnx,vnnlib/n02123045_tabby_global_k50176_eps_0.0003.vnnlib,1200,sat True,,,,10.054907083511353,0.0,n02123045_tabby,-1.0,global,50176.0,0.0003,n02123045_tabby_global,True,0.0003,,,150528.0,0.0,150528.0,100.0
2924,onnx/vgg16-7.onnx,vnnlib/n02123045_tabby_seg0_fixmask_k50176_eps_0.0003.vnnlib,1200,sat True,,,,9.91706132888794,0.0,n02123045_tabby,0.0,fix_mask,50176.0,0.0003,n02123045_tabby_seg0_fixmask,False,0.0003,0.9522085785865784,"[0, 0, 223, 223]",12477.0,138051.0,150528.0,8.288823341836734
2928,onnx/vgg16-7.onnx,vnnlib/n02123045_tabby_seg0_fixnonmask_k50176_eps_0.0003.vnnlib,1200,sat True,,,,9.862083435058594,0.0,n02123045_tabby,0.0,fix_nonmask,50176.0,0.0003,n02123045_tabby_seg0_fixnonmask,False,0.0003,0.9522085785865784,"[0, 0, 223, 223]",138051.0,12477.0,150528.0,91.71117665816328
2968,onnx/vgg16-7.onnx,vnnlib/n02125311_cougar_global_k50176_eps_0.0003.vnnlib,1200,sat True,,,,9.588094234466553,0.0,n02125311_cougar,-1.0,global,50176.0,0.0003,n02125311_cougar_global,True,0.0003,,,150528.0,0.0,150528.0,100.0
2972,onnx/vgg16-7.onnx,vnnlib/n02125311_cougar_seg0_fixmask_k50176_eps_0.0003.vnnlib,1200,sat True,,,,11.662877321243286,0.0,n02125311_cougar,0.0,fix_mask,50176.0,0.0003,n02125311_cougar_seg0_fixmask,False,0.0003,0.6610202193260193,"[0, 0, 223, 223]",63933.0,86595.0,150528.0,42.47249681122449
2976,onnx/vgg16-7.onnx,vnnlib/n02125311_cougar_seg0_fixnonmask_k50176_eps_0.0003.vnnlib,1200,sat True,,,,10.619291543960571,0.0,n02125311_cougar,0.0,fix_nonmask,50176.0,0.0003,n02125311_cougar_seg0_fixnonmask,False,0.0003,0.6610202193260193,"[0, 0, 223, 223]",86595.0,63933.0,150528.0,57.52750318877551
2980,onnx/vgg16-7.onnx,vnnlib/n02127052_lynx_global_k50176_eps_0.0003.vnnlib,1200,sat True,,,,10.950995683670044,0.0,n02127052_lynx,-1.0,global,50176.0,0.0003,n02127052_lynx_global,True,0.0003,,,150528.0,0.0,150528.0,100.0
2984,onnx/vgg16-7.onnx,vnnlib/n02127052_lynx_seg0_fixmask_k50176_eps_0.0003.vnnlib,1200,sat True,,,,11.686695575714111,0.0,n02127052_lynx,0.0,fix_mask,50176.0,0.0003,n02127052_lynx_seg0_fixmask,False,0.0003,0.8662172555923462,"[0, 0, 223, 223]",30927.0,119601.0,150528.0,20.545679209183675
2988,onnx/vgg16-7.onnx,vnnlib/n02127052_lynx_seg0_fixnonmask_k50176_eps_0.0003.vnnlib,1200,sat True,,,,11.527308702468872,0.0,n02127052_lynx,0.0,fix_nonmask,50176.0,0.0003,n02127052_lynx_seg0_fixnonmask,False,0.0003,0.8662172555923462,"[0, 0, 223, 223]",119601.0,30927.0,150528.0,79.45432079081633
3028,onnx/vgg16-7.onnx,vnnlib/n02129604_tiger_global_k50176_eps_0.0003.vnnlib,1200,sat True,,,,13.855334997177124,0.0,n02129604_tiger,-1.0,global,50176.0,0.0003,n02129604_tiger_global,True,0.0003,,,150528.0,0.0,150528.0,100.0
3032,onnx/vgg16-7.onnx,vnnlib/n02129604_tiger_seg0_fixmask_k50176_eps_0.0003.vnnlib,1200,sat True,,,,8.078588008880615,0.0,n02129604_tiger,0.0,fix_mask,50176.0,0.0003,n02129604_tiger_seg0_fixmask,False,0.0003,0.8968974351882935,"[0, 0, 223, 223]",24534.0,125994.0,150528.0,16.298628826530614
3036,onnx/vgg16-7.onnx,vnnlib/n02129604_tiger_seg0_fixnonmask_k50176_eps_0.0003.vnnlib,1200,sat True,,,,12.723719358444214,0.0,n02129604_tiger,0.0,fix_nonmask,50176.0,0.0003,n02129604_tiger_seg0_fixnonmask,False,0.0003,0.8968974351882935,"[0, 0, 223, 223]",125994.0,24534.0,150528.0,83.70137117346938
3100,onnx/vgg16-7.onnx,vnnlib/n02137549_mongoose_global_k50176_eps_0.0003.vnnlib,1200,sat True,,,,8.037347078323364,0.0,n02137549_mongoose,-1.0,global,50176.0,0.0003,n02137549_mongoose_global,True,0.0003,,,150528.0,0.0,150528.0,100.0
3104,onnx/vgg16-7.onnx,vnnlib/n02137549_mongoose_seg0_fixmask_k50176_eps_0.0003.vnnlib,1200,sat True,,,,8.027125120162964,0.0,n02137549_mongoose,0.0,fix_mask,50176.0,0.0003,n02137549_mongoose_seg0_fixmask,False,0.0003,0.7669277191162109,"[0, 0, 223, 223]",80046.0,70482.0,150528.0,53.17681760204081
3108,onnx/vgg16-7.onnx,vnnlib/n02137549_mongoose_seg0_fixnonmask_k50176_eps_0.0003.vnnlib,1200,sat True,,,,8.108233213424683,0.0,n02137549_mongoose,0.0,fix_nonmask,50176.0,0.0003,n02137549_mongoose_seg0_fixnonmask,False,0.0003,0.7669277191162109,"[0, 0, 223, 223]",70482.0,80046.0,150528.0,46.82318239795919
3208,onnx/vgg16-7.onnx,vnnlib/n02190166_fly_global_k50176_eps_0.0003.vnnlib,1200,sat True,,,,8.249659538269043,0.0,n02190166_fly,-1.0,global,50176.0,0.0003,n02190166_fly_global,True,0.0003,,,150528.0,0.0,150528.0,100.0
3212,onnx/vgg16-7.onnx,vnnlib/n02190166_fly_seg0_fixmask_k50176_eps_0.0003.vnnlib,1200,sat True,,,,7.940919399261475,0.0,n02190166_fly,0.0,fix_mask,50176.0,0.0003,n02190166_fly_seg0_fixmask,False,0.0003,0.7917088866233826,"[0, 0, 223, 223]",55632.0,94896.0,150528.0,36.95790816326531
3216,onnx/vgg16-7.onnx,vnnlib/n02190166_fly_seg0_fixnonmask_k50176_eps_0.0003.vnnlib,1200,sat True,,,,7.901421070098877,0.0,n02190166_fly,0.0,fix_nonmask,50176.0,0.0003,n02190166_fly_seg0_fixnonmask,False,0.0003,0.7917088866233826,"[0, 0, 223, 223]",94896.0,55632.0,150528.0,63.04209183673469
3220,onnx/vgg16-7.onnx,vnnlib/n02206856_bee_global_k50176_eps_0.0003.vnnlib,1200,sat True,,,,11.163687944412231,0.0,n02206856_bee,-1.0,global,50176.0,0.0003,n02206856_bee_global,True,0.0003,,,150528.0,0.0,150528.0,100.0
3224,onnx/vgg16-7.onnx,vnnlib/n02206856_bee_seg0_fixmask_k50176_eps_0.0003.vnnlib,1200,sat True,,,,10.060263395309448,0.0,n02206856_bee,0.0,fix_mask,50176.0,0.0003,n02206856_bee_seg0_fixmask,False,0.0003,0.6757987141609192,"[0, 0, 223, 223]",57417.0,93111.0,150528.0,38.14373405612245
3228,onnx/vgg16-7.onnx,vnnlib/n02206856_bee_seg0_fixnonmask_k50176_eps_0.0003.vnnlib,1200,sat True,,,,10.1299147605896,0.0,n02206856_bee,0.0,fix_nonmask,50176.0,0.0003,n02206856_bee_seg0_fixnonmask,False,0.0003,0.6757987141609192,"[0, 0, 223, 223]",93111.0,57417.0,150528.0,61.85626594387755
3304,onnx/vgg16-7.onnx,vnnlib/n02259212_leafhopper_global_k50176_eps_0.0003.vnnlib,1200,sat True,,,,9.660424709320068,0.0,n02259212_leafhopper,-1.0,global,50176.0,0.0003,n02259212_leafhopper_global,True,0.0003,,,150528.0,0.0,150528.0,100.0
3308,onnx/vgg16-7.onnx,vnnlib/n02259212_leafhopper_seg0_fixmask_k50176_eps_0.0003.vnnlib,1200,sat False,-inf,,2.156794548034668,10.941189289093018,0.0,n02259212_leafhopper,0.0,fix_mask,50176.0,0.0003,n02259212_leafhopper_seg0_fixmask,False,0.0003,0.9504467844963074,"[0, 0, 223, 223]",2469.0,148059.0,150528.0,1.6402264030612246
3312,onnx/vgg16-7.onnx,vnnlib/n02259212_leafhopper_seg0_fixnonmask_k50176_eps_0.0003.vnnlib,1200,sat True,,,,7.949989318847656,0.0,n02259212_leafhopper,0.0,fix_nonmask,50176.0,0.0003,n02259212_leafhopper_seg0_fixnonmask,False,0.0003,0.9504467844963074,"[0, 0, 223, 223]",148059.0,2469.0,150528.0,98.35977359693878
3328,onnx/vgg16-7.onnx,vnnlib/n02268853_damselfly_global_k50176_eps_0.0003.vnnlib,1200,sat True,,,,8.222914457321167,0.0,n02268853_damselfly,-1.0,global,50176.0,0.0003,n02268853_damselfly_global,True,0.0003,,,150528.0,0.0,150528.0,100.0
3332,onnx/vgg16-7.onnx,vnnlib/n02268853_damselfly_seg0_fixmask_k50176_eps_0.0003.vnnlib,1200,sat True,,,,7.811787366867065,0.0,n02268853_damselfly,0.0,fix_mask,50176.0,0.0003,n02268853_damselfly_seg0_fixmask,False,0.0003,0.7611114382743835,"[0, 2, 223, 220]",41553.0,108975.0,150528.0,27.60483099489796
3336,onnx/vgg16-7.onnx,vnnlib/n02268853_damselfly_seg0_fixnonmask_k50176_eps_0.0003.vnnlib,1200,sat True,,,,7.843424320220947,0.0,n02268853_damselfly,0.0,fix_nonmask,50176.0,0.0003,n02268853_damselfly_seg0_fixnonmask,False,0.0003,0.7611114382743835,"[0, 2, 223, 220]",108975.0,41553.0,150528.0,72.39516900510205
3340,onnx/vgg16-7.onnx,vnnlib/n02276258_admiral_global_k50176_eps_0.0003.vnnlib,1200,sat True,,,,8.200314998626709,0.0,n02276258_admiral,-1.0,global,50176.0,0.0003,n02276258_admiral_global,True,0.0003,,,150528.0,0.0,150528.0,100.0
3344,onnx/vgg16-7.onnx,vnnlib/n02276258_admiral_seg0_fixmask_k50176_eps_0.0003.vnnlib,1200,sat True,,,,8.150212049484253,0.0,n02276258_admiral,0.0,fix_mask,50176.0,0.0003,n02276258_admiral_seg0_fixmask,False,0.0003,0.6688092947006226,"[0, 0, 223, 223]",100332.0,50196.0,150528.0,66.65338010204081
3348,onnx/vgg16-7.onnx,vnnlib/n02276258_admiral_seg0_fixnonmask_k50176_eps_0.0003.vnnlib,1200,sat True,,,,11.920734405517578,0.0,n02276258_admiral,0.0,fix_nonmask,50176.0,0.0003,n02276258_admiral_seg0_fixnonmask,False,0.0003,0.6688092947006226,"[0, 0, 223, 223]",50196.0,100332.0,150528.0,33.34661989795919
3400,onnx/vgg16-7.onnx,vnnlib/n02317335_starfish_global_k50176_eps_0.0003.vnnlib,1200,sat True,,,,8.343661546707153,0.0,n02317335_starfish,-1.0,global,50176.0,0.0003,n02317335_starfish_global,True,0.0003,,,150528.0,0.0,150528.0,100.0
3404,onnx/vgg16-7.onnx,vnnlib/n02317335_starfish_seg0_fixmask_k50176_eps_0.0003.vnnlib,1200,sat False,-inf,,2.391826868057251,12.634920120239258,0.0,n02317335_starfish,0.0,fix_mask,50176.0,0.0003,n02317335_starfish_seg0_fixmask,False,0.0003,0.9252442717552184,"[0, 0, 223, 223]",2310.0,148218.0,150528.0,1.5345982142857142
3408,onnx/vgg16-7.onnx,vnnlib/n02317335_starfish_seg0_fixnonmask_k50176_eps_0.0003.vnnlib,1200,sat True,,,,8.055989980697632,0.0,n02317335_starfish,0.0,fix_nonmask,50176.0,0.0003,n02317335_starfish_seg0_fixnonmask,False,0.0003,0.9252442717552184,"[0, 0, 223, 223]",148218.0,2310.0,150528.0,98.46540178571428
3472,onnx/vgg16-7.onnx,vnnlib/n02342885_hamster_global_k50176_eps_0.0003.vnnlib,1200,sat True,,,,7.958849668502808,0.0,n02342885_hamster,-1.0,global,50176.0,0.0003,n02342885_hamster_global,True,0.0003,,,150528.0,0.0,150528.0,100.0
3476,onnx/vgg16-7.onnx,vnnlib/n02342885_hamster_seg0_fixmask_k50176_eps_0.0003.vnnlib,1200,sat True,,,,8.019936561584473,0.0,n02342885_hamster,0.0,fix_mask,50176.0,0.0003,n02342885_hamster_seg0_fixmask,False,0.0003,0.9001334309577942,"[0, 0, 223, 223]",52212.0,98316.0,150528.0,34.685905612244895
3480,onnx/vgg16-7.onnx,vnnlib/n02342885_hamster_seg0_fixnonmask_k50176_eps_0.0003.vnnlib,1200,sat True,,,,7.766953706741333,0.0,n02342885_hamster,0.0,fix_nonmask,50176.0,0.0003,n02342885_hamster_seg0_fixnonmask,False,0.0003,0.9001334309577942,"[0, 0, 223, 223]",98316.0,52212.0,150528.0,65.3140943877551
3484,onnx/vgg16-7.onnx,vnnlib/n02346627_porcupine_global_k50176_eps_0.0003.vnnlib,1200,sat True,,,,12.806390523910522,0.0,n02346627_porcupine,-1.0,global,50176.0,0.0003,n02346627_porcupine_global,True,0.0003,,,150528.0,0.0,150528.0,100.0
3488,onnx/vgg16-7.onnx,vnnlib/n02346627_porcupine_seg0_fixmask_k50176_eps_0.0003.vnnlib,1200,sat False,-inf,,1.6218373775482178,9.00496792793274,0.0,n02346627_porcupine,0.0,fix_mask,50176.0,0.0003,n02346627_porcupine_seg0_fixmask,False,0.0003,0.9669326543807985,"[0, 0, 223, 223]",5319.0,145209.0,150528.0,3.533561862244898
3492,onnx/vgg16-7.onnx,vnnlib/n02346627_porcupine_seg0_fixnonmask_k50176_eps_0.0003.vnnlib,1200,sat True,,,,11.866125345230104,0.0,n02346627_porcupine,0.0,fix_nonmask,50176.0,0.0003,n02346627_porcupine_seg0_fixnonmask,False,0.0003,0.9669326543807985,"[0, 0, 223, 223]",145209.0,5319.0,150528.0,96.4664381377551
3508,onnx/vgg16-7.onnx,vnnlib/n02361337_marmot_global_k50176_eps_0.0003.vnnlib,1200,sat True,,,,7.824706315994263,0.0,n02361337_marmot,-1.0,global,50176.0,0.0003,n02361337_marmot_global,True,0.0003,,,150528.0,0.0,150528.0,100.0
3512,onnx/vgg16-7.onnx,vnnlib/n02361337_marmot_seg0_fixmask_k50176_eps_0.0003.vnnlib,1200,sat True,,,,8.156851530075073,0.0,n02361337_marmot,0.0,fix_mask,50176.0,0.0003,n02361337_marmot_seg0_fixmask,False,0.0003,0.8905766010284424,"[0, 0, 223, 223]",18339.0,132189.0,150528.0,12.18311543367347
3516,onnx/vgg16-7.onnx,vnnlib/n02361337_marmot_seg0_fixnonmask_k50176_eps_0.0003.vnnlib,1200,sat True,,,,7.809455633163452,0.0,n02361337_marmot,0.0,fix_nonmask,50176.0,0.0003,n02361337_marmot_seg0_fixnonmask,False,0.0003,0.8905766010284424,"[0, 0, 223, 223]",132189.0,18339.0,150528.0,87.81688456632654
3544,onnx/vgg16-7.onnx,vnnlib/n02389026_sorrel_global_k50176_eps_0.0003.vnnlib,1200,sat True,,,,7.951091289520264,0.0,n02389026_sorrel,-1.0,global,50176.0,0.0003,n02389026_sorrel_global,True,0.0003,,,150528.0,0.0,150528.0,100.0
3548,onnx/vgg16-7.onnx,vnnlib/n02389026_sorrel_seg0_fixmask_k50176_eps_0.0003.vnnlib,1200,sat True,,,,11.825108051300049,0.0,n02389026_sorrel,0.0,fix_mask,50176.0,0.0003,n02389026_sorrel_seg0_fixmask,False,0.0003,0.8508479595184326,"[0, 0, 223, 223]",24006.0,126522.0,150528.0,15.947863520408164
3552,onnx/vgg16-7.onnx,vnnlib/n02389026_sorrel_seg0_fixnonmask_k50176_eps_0.0003.vnnlib,1200,sat True,,,,8.111021280288696,0.0,n02389026_sorrel,0.0,fix_nonmask,50176.0,0.0003,n02389026_sorrel_seg0_fixnonmask,False,0.0003,0.8508479595184326,"[0, 0, 223, 223]",126522.0,24006.0,150528.0,84.05213647959184
3556,onnx/vgg16-7.onnx,vnnlib/n02391049_zebra_global_k50176_eps_0.0003.vnnlib,1200,sat True,,,,7.8254780769348145,0.0,n02391049_zebra,-1.0,global,50176.0,0.0003,n02391049_zebra_global,True,0.0003,,,150528.0,0.0,150528.0,100.0
3560,onnx/vgg16-7.onnx,vnnlib/n02391049_zebra_seg0_fixmask_k50176_eps_0.0003.vnnlib,1200,sat True,,,,7.795454978942871,0.0,n02391049_zebra,0.0,fix_mask,50176.0,0.0003,n02391049_zebra_seg0_fixmask,False,0.0003,0.902414619922638,"[0, 0, 223, 223]",45279.0,105249.0,150528.0,30.08011798469388
3564,onnx/vgg16-7.onnx,vnnlib/n02391049_zebra_seg0_fixnonmask_k50176_eps_0.0003.vnnlib,1200,sat True,,,,7.76491904258728,0.0,n02391049_zebra,0.0,fix_nonmask,50176.0,0.0003,n02391049_zebra_seg0_fixnonmask,False,0.0003,0.902414619922638,"[0, 0, 223, 223]",105249.0,45279.0,150528.0,69.91988201530613
3568,onnx/vgg16-7.onnx,vnnlib/n02395406_hog_global_k50176_eps_0.0003.vnnlib,1200,sat True,,,,8.017247200012207,0.0,n02395406_hog,-1.0,global,50176.0,0.0003,n02395406_hog_global,True,0.0003,,,150528.0,0.0,150528.0,100.0
3572,onnx/vgg16-7.onnx,vnnlib/n02395406_hog_seg0_fixmask_k50176_eps_0.0003.vnnlib,1200,sat True,,,,8.151896476745605,0.0,n02395406_hog,0.0,fix_mask,50176.0,0.0003,n02395406_hog_seg0_fixmask,False,0.0003,0.7711448669433594,"[0, 0, 223, 223]",27657.0,122871.0,150528.0,18.373325892857142
3576,onnx/vgg16-7.onnx,vnnlib/n02395406_hog_seg0_fixnonmask_k50176_eps_0.0003.vnnlib,1200,sat True,,,,7.789735555648804,0.0,n02395406_hog,0.0,fix_nonmask,50176.0,0.0003,n02395406_hog_seg0_fixnonmask,False,0.0003,0.7711448669433594,"[0, 0, 223, 223]",122871.0,27657.0,150528.0,81.62667410714286
3580,onnx/vgg16-7.onnx,vnnlib/n02397096_warthog_global_k50176_eps_0.0003.vnnlib,1200,sat True,,,,7.7346696853637695,0.0,n02397096_warthog,-1.0,global,50176.0,0.0003,n02397096_warthog_global,True,0.0003,,,150528.0,0.0,150528.0,100.0
3584,onnx/vgg16-7.onnx,vnnlib/n02397096_warthog_seg0_fixmask_k50176_eps_0.0003.vnnlib,1200,sat True,,,,7.71009373664856,0.0,n02397096_warthog,0.0,fix_mask,50176.0,0.0003,n02397096_warthog_seg0_fixmask,False,0.0003,0.8510900139808655,"[0, 0, 223, 223]",11739.0,138789.0,150528.0,7.798549107142857
3588,onnx/vgg16-7.onnx,vnnlib/n02397096_warthog_seg0_fixnonmask_k50176_eps_0.0003.vnnlib,1200,sat True,,,,7.881134986877441,0.0,n02397096_warthog,0.0,fix_nonmask,50176.0,0.0003,n02397096_warthog_seg0_fixnonmask,False,0.0003,0.8510900139808655,"[0, 0, 223, 223]",138789.0,11739.0,150528.0,92.20145089285714
3592,onnx/vgg16-7.onnx,vnnlib/n02398521_hippopotamus_global_k50176_eps_0.0003.vnnlib,1200,sat True,,,,8.095138311386108,0.0,n02398521_hippopotamus,-1.0,global,50176.0,0.0003,n02398521_hippopotamus_global,True,0.0003,,,150528.0,0.0,150528.0,100.0
3596,onnx/vgg16-7.onnx,vnnlib/n02398521_hippopotamus_seg0_fixmask_k50176_eps_0.0003.vnnlib,1200,sat True,,,,7.861483573913574,0.0,n02398521_hippopotamus,0.0,fix_mask,50176.0,0.0003,n02398521_hippopotamus_seg0_fixmask,False,0.0003,0.7696739435195923,"[0, 0, 223, 223]",63402.0,87126.0,150528.0,42.11973852040816
3600,onnx/vgg16-7.onnx,vnnlib/n02398521_hippopotamus_seg0_fixnonmask_k50176_eps_0.0003.vnnlib,1200,sat True,,,,7.923071146011352,0.0,n02398521_hippopotamus,0.0,fix_nonmask,50176.0,0.0003,n02398521_hippopotamus_seg0_fixnonmask,False,0.0003,0.7696739435195923,"[0, 0, 223, 223]",87126.0,63402.0,150528.0,57.88026147959184
3640,onnx/vgg16-7.onnx,vnnlib/n02412080_ram_global_k50176_eps_0.0003.vnnlib,1200,sat True,,,,7.833941698074341,0.0,n02412080_ram,-1.0,global,50176.0,0.0003,n02412080_ram_global,True,0.0003,,,150528.0,0.0,150528.0,100.0
3644,onnx/vgg16-7.onnx,vnnlib/n02412080_ram_seg0_fixmask_k50176_eps_0.0003.vnnlib,1200,sat False,-inf,,1.4440443515777588,8.941478967666626,0.0,n02412080_ram,0.0,fix_mask,50176.0,0.0003,n02412080_ram_seg0_fixmask,False,0.0003,0.9125200510025024,"[0, 0, 223, 223]",5193.0,145335.0,150528.0,3.4498565051020407
3648,onnx/vgg16-7.onnx,vnnlib/n02412080_ram_seg0_fixnonmask_k50176_eps_0.0003.vnnlib,1200,sat True,,,,8.156412124633789,0.0,n02412080_ram,0.0,fix_nonmask,50176.0,0.0003,n02412080_ram_seg0_fixnonmask,False,0.0003,0.9125200510025024,"[0, 0, 223, 223]",145335.0,5193.0,150528.0,96.55014349489797
3664,onnx/vgg16-7.onnx,vnnlib/n02417914_ibex_global_k50176_eps_0.0003.vnnlib,1200,sat True,,,,8.190666675567627,0.0,n02417914_ibex,-1.0,global,50176.0,0.0003,n02417914_ibex_global,True,0.0003,,,150528.0,0.0,150528.0,100.0
3668,onnx/vgg16-7.onnx,vnnlib/n02417914_ibex_seg0_fixmask_k50176_eps_0.0003.vnnlib,1200,sat True,,,,8.101469278335571,0.0,n02417914_ibex,0.0,fix_mask,50176.0,0.0003,n02417914_ibex_seg0_fixmask,False,0.0003,0.7805819511413574,"[0, 0, 223, 223]",78129.0,72399.0,150528.0,51.903300382653065
3672,onnx/vgg16-7.onnx,vnnlib/n02417914_ibex_seg0_fixnonmask_k50176_eps_0.0003.vnnlib,1200,sat True,,,,7.87229323387146,0.0,n02417914_ibex,0.0,fix_nonmask,50176.0,0.0003,n02417914_ibex_seg0_fixnonmask,False,0.0003,0.7805819511413574,"[0, 0, 223, 223]",72399.0,78129.0,150528.0,48.096699617346935
3676,onnx/vgg16-7.onnx,vnnlib/n02422106_hartebeest_global_k50176_eps_0.0003.vnnlib,1200,sat True,,,,8.275502920150757,0.0,n02422106_hartebeest,-1.0,global,50176.0,0.0003,n02422106_hartebeest_global,True,0.0003,,,150528.0,0.0,150528.0,100.0
3680,onnx/vgg16-7.onnx,vnnlib/n02422106_hartebeest_seg0_fixmask_k50176_eps_0.0003.vnnlib,1200,sat True,,,,8.07102370262146,0.0,n02422106_hartebeest,0.0,fix_mask,50176.0,0.0003,n02422106_hartebeest_seg0_fixmask,False,0.0003,0.8118162155151367,"[0, 0, 223, 223]",24996.0,125532.0,150528.0,16.605548469387756
3684,onnx/vgg16-7.onnx,vnnlib/n02422106_hartebeest_seg0_fixnonmask_k50176_eps_0.0003.vnnlib,1200,sat True,,,,8.168988943099976,0.0,n02422106_hartebeest,0.0,fix_nonmask,50176.0,0.0003,n02422106_hartebeest_seg0_fixnonmask,False,0.0003,0.8118162155151367,"[0, 0, 223, 223]",125532.0,24996.0,150528.0,83.39445153061224
3688,onnx/vgg16-7.onnx,vnnlib/n02422699_impala_global_k50176_eps_0.0003.vnnlib,1200,sat True,,,,7.918520450592041,0.0,n02422699_impala,-1.0,global,50176.0,0.0003,n02422699_impala_global,True,0.0003,,,150528.0,0.0,150528.0,100.0
3692,onnx/vgg16-7.onnx,vnnlib/n02422699_impala_seg0_fixmask_k50176_eps_0.0003.vnnlib,1200,sat True,,,,7.825389862060547,0.0,n02422699_impala,0.0,fix_mask,50176.0,0.0003,n02422699_impala_seg0_fixmask,False,0.0003,0.7208534479141235,"[0, 0, 223, 223]",39129.0,111399.0,150528.0,25.9944993622449
3696,onnx/vgg16-7.onnx,vnnlib/n02422699_impala_seg0_fixnonmask_k50176_eps_0.0003.vnnlib,1200,sat True,,,,7.745180606842041,0.0,n02422699_impala,0.0,fix_nonmask,50176.0,0.0003,n02422699_impala_seg0_fixnonmask,False,0.0003,0.7208534479141235,"[0, 0, 223, 223]",111399.0,39129.0,150528.0,74.0055006377551
3700,onnx/vgg16-7.onnx,vnnlib/n02423022_gazelle_global_k50176_eps_0.0003.vnnlib,1200,sat True,,,,7.947019100189209,0.0,n02423022_gazelle,-1.0,global,50176.0,0.0003,n02423022_gazelle_global,True,0.0003,,,150528.0,0.0,150528.0,100.0
3704,onnx/vgg16-7.onnx,vnnlib/n02423022_gazelle_seg0_fixmask_k50176_eps_0.0003.vnnlib,1200,sat True,,,,7.835301876068115,0.0,n02423022_gazelle,0.0,fix_mask,50176.0,0.0003,n02423022_gazelle_seg0_fixmask,False,0.0003,0.806706428527832,"[0, 0, 223, 223]",64101.0,86427.0,150528.0,42.584103954081634
3708,onnx/vgg16-7.onnx,vnnlib/n02423022_gazelle_seg0_fixnonmask_k50176_eps_0.0003.vnnlib,1200,sat True,,,,7.919011354446411,0.0,n02423022_gazelle,0.0,fix_nonmask,50176.0,0.0003,n02423022_gazelle_seg0_fixnonmask,False,0.0003,0.806706428527832,"[0, 0, 223, 223]",86427.0,64101.0,150528.0,57.415896045918366
3724,onnx/vgg16-7.onnx,vnnlib/n02437616_llama_global_k50176_eps_0.0003.vnnlib,1200,sat True,,,,7.852653741836548,0.0,n02437616_llama,-1.0,global,50176.0,0.0003,n02437616_llama_global,True,0.0003,,,150528.0,0.0,150528.0,100.0
3728,onnx/vgg16-7.onnx,vnnlib/n02437616_llama_seg0_fixmask_k50176_eps_0.0003.vnnlib,1200,sat True,,,,8.142980575561523,0.0,n02437616_llama,0.0,fix_mask,50176.0,0.0003,n02437616_llama_seg0_fixmask,False,0.0003,0.9365341067314148,"[0, 0, 223, 222]",61734.0,88794.0,150528.0,41.01163903061224
3732,onnx/vgg16-7.onnx,vnnlib/n02437616_llama_seg0_fixnonmask_k50176_eps_0.0003.vnnlib,1200,sat True,,,,7.951347351074219,0.0,n02437616_llama,0.0,fix_nonmask,50176.0,0.0003,n02437616_llama_seg0_fixnonmask,False,0.0003,0.9365341067314148,"[0, 0, 223, 222]",88794.0,61734.0,150528.0,58.98836096938776
3736,onnx/vgg16-7.onnx,vnnlib/n02442845_mink_global_k50176_eps_0.0003.vnnlib,1200,sat True,,,,7.904189348220825,0.0,n02442845_mink,-1.0,global,50176.0,0.0003,n02442845_mink_global,True,0.0003,,,150528.0,0.0,150528.0,100.0
3740,onnx/vgg16-7.onnx,vnnlib/n02442845_mink_seg0_fixmask_k50176_eps_0.0003.vnnlib,1200,sat True,,,,7.940515995025635,0.0,n02442845_mink,0.0,fix_mask,50176.0,0.0003,n02442845_mink_seg0_fixmask,False,0.0003,0.8544522523880005,"[0, 0, 223, 223]",20310.0,130218.0,150528.0,13.49250637755102
3744,onnx/vgg16-7.onnx,vnnlib/n02442845_mink_seg0_fixnonmask_k50176_eps_0.0003.vnnlib,1200,sat True,,,,7.944730043411255,0.0,n02442845_mink,0.0,fix_nonmask,50176.0,0.0003,n02442845_mink_seg0_fixnonmask,False,0.0003,0.8544522523880005,"[0, 0, 223, 223]",130218.0,20310.0,150528.0,86.50749362244898
3796,onnx/vgg16-7.onnx,vnnlib/n02447366_badger_global_k50176_eps_0.0003.vnnlib,1200,sat True,,,,7.756231784820557,0.0,n02447366_badger,-1.0,global,50176.0,0.0003,n02447366_badger_global,True,0.0003,,,150528.0,0.0,150528.0,100.0
3800,onnx/vgg16-7.onnx,vnnlib/n02447366_badger_seg0_fixmask_k50176_eps_0.0003.vnnlib,1200,sat False,-inf,,1.4704041481018066,8.989442825317383,0.0,n02447366_badger,0.0,fix_mask,50176.0,0.0003,n02447366_badger_seg0_fixmask,False,0.0003,0.9056475162506104,"[0, 0, 223, 223]",6147.0,144381.0,150528.0,4.083625637755102
3804,onnx/vgg16-7.onnx,vnnlib/n02447366_badger_seg0_fixnonmask_k50176_eps_0.0003.vnnlib,1200,sat True,,,,7.95242977142334,0.0,n02447366_badger,0.0,fix_nonmask,50176.0,0.0003,n02447366_badger_seg0_fixnonmask,False,0.0003,0.9056475162506104,"[0, 0, 223, 223]",144381.0,6147.0,150528.0,95.9163743622449
3844,onnx/vgg16-7.onnx,vnnlib/n02481823_chimpanzee_global_k50176_eps_0.0003.vnnlib,1200,sat True,,,,7.831723213195801,0.0,n02481823_chimpanzee,-1.0,global,50176.0,0.0003,n02481823_chimpanzee_global,True,0.0003,,,150528.0,0.0,150528.0,100.0
3848,onnx/vgg16-7.onnx,vnnlib/n02481823_chimpanzee_seg0_fixmask_k50176_eps_0.0003.vnnlib,1200,sat True,,,,7.842660427093506,0.0,n02481823_chimpanzee,0.0,fix_mask,50176.0,0.0003,n02481823_chimpanzee_seg0_fixmask,False,0.0003,0.8598992824554443,"[0, 0, 223, 223]",30336.0,120192.0,150528.0,20.153061224489797
3852,onnx/vgg16-7.onnx,vnnlib/n02481823_chimpanzee_seg0_fixnonmask_k50176_eps_0.0003.vnnlib,1200,sat True,,,,8.393690347671509,0.0,n02481823_chimpanzee,0.0,fix_nonmask,50176.0,0.0003,n02481823_chimpanzee_seg0_fixnonmask,False,0.0003,0.8598992824554443,"[0, 0, 223, 223]",120192.0,30336.0,150528.0,79.84693877551021
3868,onnx/vgg16-7.onnx,vnnlib/n02483708_siamang_global_k50176_eps_0.0003.vnnlib,1200,sat True,,,,7.786105155944824,0.0,n02483708_siamang,-1.0,global,50176.0,0.0003,n02483708_siamang_global,True,0.0003,,,150528.0,0.0,150528.0,100.0
3872,onnx/vgg16-7.onnx,vnnlib/n02483708_siamang_seg0_fixmask_k50176_eps_0.0003.vnnlib,1200,sat True,,,,10.963427782058716,0.0,n02483708_siamang,0.0,fix_mask,50176.0,0.0003,n02483708_siamang_seg0_fixmask,False,0.0003,0.752046525478363,"[0, 1, 223, 223]",111114.0,39414.0,150528.0,73.81616709183673
3876,onnx/vgg16-7.onnx,vnnlib/n02483708_siamang_seg0_fixnonmask_k50176_eps_0.0003.vnnlib,1200,sat True,,,,10.282432794570925,0.0,n02483708_siamang,0.0,fix_nonmask,50176.0,0.0003,n02483708_siamang_seg0_fixnonmask,False,0.0003,0.752046525478363,"[0, 1, 223, 223]",39414.0,111114.0,150528.0,26.183832908163264
3892,onnx/vgg16-7.onnx,vnnlib/n02486261_patas_global_k50176_eps_0.0003.vnnlib,1200,sat True,,,,8.830525398254395,0.0,n02486261_patas,-1.0,global,50176.0,0.0003,n02486261_patas_global,True,0.0003,,,150528.0,0.0,150528.0,100.0
3896,onnx/vgg16-7.onnx,vnnlib/n02486261_patas_seg0_fixmask_k50176_eps_0.0003.vnnlib,1200,sat True,,,,8.339783430099487,0.0,n02486261_patas,0.0,fix_mask,50176.0,0.0003,n02486261_patas_seg0_fixmask,False,0.0003,0.9173611402511596,"[0, 0, 223, 223]",26040.0,124488.0,150528.0,17.299107142857142
3900,onnx/vgg16-7.onnx,vnnlib/n02486261_patas_seg0_fixnonmask_k50176_eps_0.0003.vnnlib,1200,sat True,,,,8.483949422836304,0.0,n02486261_patas,0.0,fix_nonmask,50176.0,0.0003,n02486261_patas_seg0_fixnonmask,False,0.0003,0.9173611402511596,"[0, 0, 223, 223]",124488.0,26040.0,150528.0,82.70089285714286
3904,onnx/vgg16-7.onnx,vnnlib/n02486410_baboon_global_k50176_eps_0.0003.vnnlib,1200,sat True,,,,8.698060989379883,0.0,n02486410_baboon,-1.0,global,50176.0,0.0003,n02486410_baboon_global,True,0.0003,,,150528.0,0.0,150528.0,100.0
3908,onnx/vgg16-7.onnx,vnnlib/n02486410_baboon_seg0_fixmask_k50176_eps_0.0003.vnnlib,1200,sat True,,,,7.733657121658325,0.0,n02486410_baboon,0.0,fix_mask,50176.0,0.0003,n02486410_baboon_seg0_fixmask,False,0.0003,0.867965042591095,"[0, 0, 223, 223]",16863.0,133665.0,150528.0,11.202566964285714
3912,onnx/vgg16-7.onnx,vnnlib/n02486410_baboon_seg0_fixnonmask_k50176_eps_0.0003.vnnlib,1200,sat True,,,,8.543854713439941,0.0,n02486410_baboon,0.0,fix_nonmask,50176.0,0.0003,n02486410_baboon_seg0_fixnonmask,False,0.0003,0.867965042591095,"[0, 0, 223, 223]",133665.0,16863.0,150528.0,88.79743303571429
3916,onnx/vgg16-7.onnx,vnnlib/n02487347_macaque_global_k50176_eps_0.0003.vnnlib,1200,sat True,,,,8.16646933555603,0.0,n02487347_macaque,-1.0,global,50176.0,0.0003,n02487347_macaque_global,True,0.0003,,,150528.0,0.0,150528.0,100.0
3920,onnx/vgg16-7.onnx,vnnlib/n02487347_macaque_seg0_fixmask_k50176_eps_0.0003.vnnlib,1200,sat True,,,,9.157901525497437,0.0,n02487347_macaque,0.0,fix_mask,50176.0,0.0003,n02487347_macaque_seg0_fixmask,False,0.0003,0.8190317749977112,"[0, 0, 223, 223]",73749.0,76779.0,150528.0,48.99354272959184
3924,onnx/vgg16-7.onnx,vnnlib/n02487347_macaque_seg0_fixnonmask_k50176_eps_0.0003.vnnlib,1200,sat True,,,,8.499613285064697,0.0,n02487347_macaque,0.0,fix_nonmask,50176.0,0.0003,n02487347_macaque_seg0_fixnonmask,False,0.0003,0.8190317749977112,"[0, 0, 223, 223]",76779.0,73749.0,150528.0,51.00645727040816
3952,onnx/vgg16-7.onnx,vnnlib/n02490219_marmoset_global_k50176_eps_0.0003.vnnlib,1200,sat True,,,,8.227000713348389,0.0,n02490219_marmoset,-1.0,global,50176.0,0.0003,n02490219_marmoset_global,True,0.0003,,,150528.0,0.0,150528.0,100.0
3956,onnx/vgg16-7.onnx,vnnlib/n02490219_marmoset_seg0_fixmask_k50176_eps_0.0003.vnnlib,1200,sat True,,,,8.482846736907959,0.0,n02490219_marmoset,0.0,fix_mask,50176.0,0.0003,n02490219_marmoset_seg0_fixmask,False,0.0003,0.8289861679077148,"[0, 0, 223, 223]",84891.0,65637.0,150528.0,56.395487882653065
3960,onnx/vgg16-7.onnx,vnnlib/n02490219_marmoset_seg0_fixnonmask_k50176_eps_0.0003.vnnlib,1200,sat True,,,,8.12056827545166,0.0,n02490219_marmoset,0.0,fix_nonmask,50176.0,0.0003,n02490219_marmoset_seg0_fixnonmask,False,0.0003,0.8289861679077148,"[0, 0, 223, 223]",65637.0,84891.0,150528.0,43.604512117346935
3964,onnx/vgg16-7.onnx,vnnlib/n02492035_capuchin_global_k50176_eps_0.0003.vnnlib,1200,sat True,,,,8.697848320007324,0.0,n02492035_capuchin,-1.0,global,50176.0,0.0003,n02492035_capuchin_global,True,0.0003,,,150528.0,0.0,150528.0,100.0
3968,onnx/vgg16-7.onnx,vnnlib/n02492035_capuchin_seg0_fixmask_k50176_eps_0.0003.vnnlib,1200,timeout False,-0.2095484584569931,3.0,2099.5594210624695,2114.2306060791016,0.0,n02492035_capuchin,0.0,fix_mask,50176.0,0.0003,n02492035_capuchin_seg0_fixmask,False,0.0003,0.8885961771011353,"[0, 6, 223, 216]",25854.0,124674.0,150528.0,17.175542091836736
3972,onnx/vgg16-7.onnx,vnnlib/n02492035_capuchin_seg0_fixnonmask_k50176_eps_0.0003.vnnlib,1200,sat True,,,,8.84091830253601,0.0,n02492035_capuchin,0.0,fix_nonmask,50176.0,0.0003,n02492035_capuchin_seg0_fixnonmask,False,0.0003,0.8885961771011353,"[0, 6, 223, 216]",124674.0,25854.0,150528.0,82.82445790816327
3988,onnx/vgg16-7.onnx,vnnlib/n02493509_titi_global_k50176_eps_0.0003.vnnlib,1200,sat True,,,,8.279184341430664,0.0,n02493509_titi,-1.0,global,50176.0,0.0003,n02493509_titi_global,True,0.0003,,,150528.0,0.0,150528.0,100.0
3992,onnx/vgg16-7.onnx,vnnlib/n02493509_titi_seg0_fixmask_k50176_eps_0.0003.vnnlib,1200,sat True,,,,8.517799377441406,0.0,n02493509_titi,0.0,fix_mask,50176.0,0.0003,n02493509_titi_seg0_fixmask,False,0.0003,0.6653541326522827,"[0, 0, 223, 222]",82455.0,68073.0,150528.0,54.77718431122449
3996,onnx/vgg16-7.onnx,vnnlib/n02493509_titi_seg0_fixnonmask_k50176_eps_0.0003.vnnlib,1200,sat True,,,,7.966675281524658,0.0,n02493509_titi,0.0,fix_nonmask,50176.0,0.0003,n02493509_titi_seg0_fixnonmask,False,0.0003,0.6653541326522827,"[0, 0, 223, 222]",68073.0,82455.0,150528.0,45.22281568877551
4096,onnx/vgg16-7.onnx,vnnlib/n02514041_barracouta_global_k50176_eps_0.0003.vnnlib,1200,sat True,,,,8.091588735580444,0.0,n02514041_barracouta,-1.0,global,50176.0,0.0003,n02514041_barracouta_global,True,0.0003,,,150528.0,0.0,150528.0,100.0
4100,onnx/vgg16-7.onnx,vnnlib/n02514041_barracouta_seg0_fixmask_k50176_eps_0.0003.vnnlib,1200,sat True,,,,8.074078559875488,0.0,n02514041_barracouta,0.0,fix_mask,50176.0,0.0003,n02514041_barracouta_seg0_fixmask,False,0.0003,0.852721095085144,"[7, 0, 222, 223]",65193.0,85335.0,150528.0,43.309550382653065
4104,onnx/vgg16-7.onnx,vnnlib/n02514041_barracouta_seg0_fixnonmask_k50176_eps_0.0003.vnnlib,1200,sat True,,,,7.940110206604004,0.0,n02514041_barracouta,0.0,fix_nonmask,50176.0,0.0003,n02514041_barracouta_seg0_fixnonmask,False,0.0003,0.852721095085144,"[7, 0, 222, 223]",85335.0,65193.0,150528.0,56.690449617346935
4108,onnx/vgg16-7.onnx,vnnlib/n02526121_eel_global_k50176_eps_0.0003.vnnlib,1200,sat True,,,,8.16444706916809,0.0,n02526121_eel,-1.0,global,50176.0,0.0003,n02526121_eel_global,True,0.0003,,,150528.0,0.0,150528.0,100.0
4112,onnx/vgg16-7.onnx,vnnlib/n02526121_eel_seg0_fixmask_k50176_eps_0.0003.vnnlib,1200,sat False,-inf,,1.4923553466796875,9.07089138031006,0.0,n02526121_eel,0.0,fix_mask,50176.0,0.0003,n02526121_eel_seg0_fixmask,False,0.0003,0.9281582832336426,"[0, 0, 223, 222]",4641.0,145887.0,150528.0,3.0831473214285716
4116,onnx/vgg16-7.onnx,vnnlib/n02526121_eel_seg0_fixnonmask_k50176_eps_0.0003.vnnlib,1200,sat True,,,,7.817160129547119,0.0,n02526121_eel,0.0,fix_nonmask,50176.0,0.0003,n02526121_eel_seg0_fixnonmask,False,0.0003,0.9281582832336426,"[0, 0, 223, 222]",145887.0,4641.0,150528.0,96.91685267857144
4120,onnx/vgg16-7.onnx,vnnlib/n02536864_coho_global_k50176_eps_0.0003.vnnlib,1200,sat True,,,,7.999172925949097,0.0,n02536864_coho,-1.0,global,50176.0,0.0003,n02536864_coho_global,True,0.0003,,,150528.0,0.0,150528.0,100.0
4124,onnx/vgg16-7.onnx,vnnlib/n02536864_coho_seg0_fixmask_k50176_eps_0.0003.vnnlib,1200,sat True,,,,7.861311912536621,0.0,n02536864_coho,0.0,fix_mask,50176.0,0.0003,n02536864_coho_seg0_fixmask,False,0.0003,0.8724111318588257,"[0, 0, 223, 223]",83379.0,67149.0,150528.0,55.39102359693877
4128,onnx/vgg16-7.onnx,vnnlib/n02536864_coho_seg0_fixnonmask_k50176_eps_0.0003.vnnlib,1200,sat True,,,,7.878046274185181,0.0,n02536864_coho,0.0,fix_nonmask,50176.0,0.0003,n02536864_coho_seg0_fixnonmask,False,0.0003,0.8724111318588257,"[0, 0, 223, 223]",67149.0,83379.0,150528.0,44.60897640306123
4156,onnx/vgg16-7.onnx,vnnlib/n02640242_sturgeon_global_k50176_eps_0.0003.vnnlib,1200,sat True,,,,8.233917713165283,0.0,n02640242_sturgeon,-1.0,global,50176.0,0.0003,n02640242_sturgeon_global,True,0.0003,,,150528.0,0.0,150528.0,100.0
4160,onnx/vgg16-7.onnx,vnnlib/n02640242_sturgeon_seg0_fixmask_k50176_eps_0.0003.vnnlib,1200,sat True,,,,8.240691184997559,0.0,n02640242_sturgeon,0.0,fix_mask,50176.0,0.0003,n02640242_sturgeon_seg0_fixmask,False,0.0003,0.8682677149772644,"[0, 0, 223, 223]",21471.0,129057.0,150528.0,14.263791454081632
4164,onnx/vgg16-7.onnx,vnnlib/n02640242_sturgeon_seg0_fixnonmask_k50176_eps_0.0003.vnnlib,1200,sat True,,,,7.870703458786011,0.0,n02640242_sturgeon,0.0,fix_nonmask,50176.0,0.0003,n02640242_sturgeon_seg0_fixnonmask,False,0.0003,0.8682677149772644,"[0, 0, 223, 223]",129057.0,21471.0,150528.0,85.73620854591837
4180,onnx/vgg16-7.onnx,vnnlib/n02643566_lionfish_global_k50176_eps_0.0003.vnnlib,1200,sat True,,,,8.05290699005127,0.0,n02643566_lionfish,-1.0,global,50176.0,0.0003,n02643566_lionfish_global,True,0.0003,,,150528.0,0.0,150528.0,100.0
4184,onnx/vgg16-7.onnx,vnnlib/n02643566_lionfish_seg0_fixmask_k50176_eps_0.0003.vnnlib,1200,sat True,,,,8.219574689865112,0.0,n02643566_lionfish,0.0,fix_mask,50176.0,0.0003,n02643566_lionfish_seg0_fixmask,False,0.0003,0.6930274367332458,"[0, 0, 223, 223]",30621.0,119907.0,150528.0,20.342394770408163
4188,onnx/vgg16-7.onnx,vnnlib/n02643566_lionfish_seg0_fixnonmask_k50176_eps_0.0003.vnnlib,1200,sat True,,,,8.142897129058838,0.0,n02643566_lionfish,0.0,fix_nonmask,50176.0,0.0003,n02643566_lionfish_seg0_fixnonmask,False,0.0003,0.6930274367332458,"[0, 0, 223, 223]",119907.0,30621.0,150528.0,79.65760522959184
4192,onnx/vgg16-7.onnx,vnnlib/n02655020_puffer_global_k50176_eps_0.0003.vnnlib,1200,sat True,,,,8.074827432632446,0.0,n02655020_puffer,-1.0,global,50176.0,0.0003,n02655020_puffer_global,True,0.0003,,,150528.0,0.0,150528.0,100.0
4196,onnx/vgg16-7.onnx,vnnlib/n02655020_puffer_seg0_fixmask_k50176_eps_0.0003.vnnlib,1200,sat True,,,,7.773314476013184,0.0,n02655020_puffer,0.0,fix_mask,50176.0,0.0003,n02655020_puffer_seg0_fixmask,False,0.0003,0.8611143231391907,"[0, 0, 223, 223]",37260.0,113268.0,150528.0,24.752869897959183
4200,onnx/vgg16-7.onnx,vnnlib/n02655020_puffer_seg0_fixnonmask_k50176_eps_0.0003.vnnlib,1200,sat True,,,,8.281944990158081,0.0,n02655020_puffer,0.0,fix_nonmask,50176.0,0.0003,n02655020_puffer_seg0_fixnonmask,False,0.0003,0.8611143231391907,"[0, 0, 223, 223]",113268.0,37260.0,150528.0,75.24713010204081
4276,onnx/vgg16-7.onnx,vnnlib/n02690373_airliner_global_k50176_eps_0.0003.vnnlib,1200,sat True,,,,12.481130123138428,0.0,n02690373_airliner,-1.0,global,50176.0,0.0003,n02690373_airliner_global,True,0.0003,,,150528.0,0.0,150528.0,100.0
4280,onnx/vgg16-7.onnx,vnnlib/n02690373_airliner_seg0_fixmask_k50176_eps_0.0003.vnnlib,1200,sat True,,,,8.634796619415283,0.0,n02690373_airliner,0.0,fix_mask,50176.0,0.0003,n02690373_airliner_seg0_fixmask,False,0.0003,0.817592203617096,"[0, 0, 223, 223]",51300.0,99228.0,150528.0,34.08003826530612
4284,onnx/vgg16-7.onnx,vnnlib/n02690373_airliner_seg0_fixnonmask_k50176_eps_0.0003.vnnlib,1200,sat True,,,,8.159960985183716,0.0,n02690373_airliner,0.0,fix_nonmask,50176.0,0.0003,n02690373_airliner_seg0_fixnonmask,False,0.0003,0.817592203617096,"[0, 0, 223, 223]",99228.0,51300.0,150528.0,65.91996173469387
4300,onnx/vgg16-7.onnx,vnnlib/n02699494_altar_global_k50176_eps_0.0003.vnnlib,1200,sat True,,,,11.567895889282228,0.0,n02699494_altar,-1.0,global,50176.0,0.0003,n02699494_altar_global,True,0.0003,,,150528.0,0.0,150528.0,100.0
4304,onnx/vgg16-7.onnx,vnnlib/n02699494_altar_seg0_fixmask_k50176_eps_0.0003.vnnlib,1200,sat True,,,,8.110332012176514,0.0,n02699494_altar,0.0,fix_mask,50176.0,0.0003,n02699494_altar_seg0_fixmask,False,0.0003,0.8367141485214233,"[0, 2, 223, 223]",21291.0,129237.0,150528.0,14.14421237244898
4308,onnx/vgg16-7.onnx,vnnlib/n02699494_altar_seg0_fixnonmask_k50176_eps_0.0003.vnnlib,1200,sat True,,,,7.894322633743286,0.0,n02699494_altar,0.0,fix_nonmask,50176.0,0.0003,n02699494_altar_seg0_fixnonmask,False,0.0003,0.8367141485214233,"[0, 2, 223, 223]",129237.0,21291.0,150528.0,85.85578762755102
4324,onnx/vgg16-7.onnx,vnnlib/n02704792_amphibian_global_k50176_eps_0.0003.vnnlib,1200,sat True,,,,7.948945760726929,0.0,n02704792_amphibian,-1.0,global,50176.0,0.0003,n02704792_amphibian_global,True,0.0003,,,150528.0,0.0,150528.0,100.0
4328,onnx/vgg16-7.onnx,vnnlib/n02704792_amphibian_seg0_fixmask_k50176_eps_0.0003.vnnlib,1200,sat True,,,,7.996439456939697,0.0,n02704792_amphibian,0.0,fix_mask,50176.0,0.0003,n02704792_amphibian_seg0_fixmask,False,0.0003,0.8598470687866211,"[0, 0, 223, 223]",40533.0,109995.0,150528.0,26.927216198979593
4332,onnx/vgg16-7.onnx,vnnlib/n02704792_amphibian_seg0_fixnonmask_k50176_eps_0.0003.vnnlib,1200,sat True,,,,8.075628757476807,0.0,n02704792_amphibian,0.0,fix_nonmask,50176.0,0.0003,n02704792_amphibian_seg0_fixnonmask,False,0.0003,0.8598470687866211,"[0, 0, 223, 223]",109995.0,40533.0,150528.0,73.0727838010204
4372,onnx/vgg16-7.onnx,vnnlib/n02769748_backpack_global_k50176_eps_0.0003.vnnlib,1200,sat True,,,,8.19569206237793,0.0,n02769748_backpack,-1.0,global,50176.0,0.0003,n02769748_backpack_global,True,0.0003,,,150528.0,0.0,150528.0,100.0
4376,onnx/vgg16-7.onnx,vnnlib/n02769748_backpack_seg0_fixmask_k50176_eps_0.0003.vnnlib,1200,sat True,,,,8.305120468139648,0.0,n02769748_backpack,0.0,fix_mask,50176.0,0.0003,n02769748_backpack_seg0_fixmask,False,0.0003,0.9347648620605468,"[0, 5, 223, 223]",46077.0,104451.0,150528.0,30.610251913265305
4380,onnx/vgg16-7.onnx,vnnlib/n02769748_backpack_seg0_fixnonmask_k50176_eps_0.0003.vnnlib,1200,sat True,,,,8.11820387840271,0.0,n02769748_backpack,0.0,fix_nonmask,50176.0,0.0003,n02769748_backpack_seg0_fixnonmask,False,0.0003,0.9347648620605468,"[0, 5, 223, 223]",104451.0,46077.0,150528.0,69.3897480867347
4384,onnx/vgg16-7.onnx,vnnlib/n02776631_bakery_global_k50176_eps_0.0003.vnnlib,1200,sat True,,,,12.014598846435549,0.0,n02776631_bakery,-1.0,global,50176.0,0.0003,n02776631_bakery_global,True,0.0003,,,150528.0,0.0,150528.0,100.0
4388,onnx/vgg16-7.onnx,vnnlib/n02776631_bakery_seg0_fixmask_k50176_eps_0.0003.vnnlib,1200,sat True,,,,8.049108743667603,0.0,n02776631_bakery,0.0,fix_mask,50176.0,0.0003,n02776631_bakery_seg0_fixmask,False,0.0003,0.633283257484436,"[0, 0, 223, 223]",72531.0,77997.0,150528.0,48.18439094387755
4392,onnx/vgg16-7.onnx,vnnlib/n02776631_bakery_seg0_fixnonmask_k50176_eps_0.0003.vnnlib,1200,sat True,,,,8.415668725967407,0.0,n02776631_bakery,0.0,fix_nonmask,50176.0,0.0003,n02776631_bakery_seg0_fixnonmask,False,0.0003,0.633283257484436,"[0, 0, 223, 223]",77997.0,72531.0,150528.0,51.81560905612245
4456,onnx/vgg16-7.onnx,vnnlib/n02790996_barbell_global_k50176_eps_0.0003.vnnlib,1200,sat True,,,,12.123812198638916,0.0,n02790996_barbell,-1.0,global,50176.0,0.0003,n02790996_barbell_global,True,0.0003,,,150528.0,0.0,150528.0,100.0
4460,onnx/vgg16-7.onnx,vnnlib/n02790996_barbell_seg0_fixmask_k50176_eps_0.0003.vnnlib,1200,sat True,,,,12.021610975265505,0.0,n02790996_barbell,0.0,fix_mask,50176.0,0.0003,n02790996_barbell_seg0_fixmask,False,0.0003,0.7398841977119446,"[0, 0, 223, 223]",66021.0,84507.0,150528.0,43.85961415816327
4464,onnx/vgg16-7.onnx,vnnlib/n02790996_barbell_seg0_fixnonmask_k50176_eps_0.0003.vnnlib,1200,sat True,,,,7.963343858718872,0.0,n02790996_barbell,0.0,fix_nonmask,50176.0,0.0003,n02790996_barbell_seg0_fixnonmask,False,0.0003,0.7398841977119446,"[0, 0, 223, 223]",84507.0,66021.0,150528.0,56.14038584183673
4480,onnx/vgg16-7.onnx,vnnlib/n02793495_barn_global_k50176_eps_0.0003.vnnlib,1200,sat True,,,,12.060673475265505,0.0,n02793495_barn,-1.0,global,50176.0,0.0003,n02793495_barn_global,True,0.0003,,,150528.0,0.0,150528.0,100.0
4484,onnx/vgg16-7.onnx,vnnlib/n02793495_barn_seg0_fixmask_k50176_eps_0.0003.vnnlib,1200,sat True,,,,7.880478858947754,0.0,n02793495_barn,0.0,fix_mask,50176.0,0.0003,n02793495_barn_seg0_fixmask,False,0.0003,0.8916295766830444,"[0, 0, 223, 223]",35646.0,114882.0,150528.0,23.68064413265306
4488,onnx/vgg16-7.onnx,vnnlib/n02793495_barn_seg0_fixnonmask_k50176_eps_0.0003.vnnlib,1200,sat True,,,,8.202473878860474,0.0,n02793495_barn,0.0,fix_nonmask,50176.0,0.0003,n02793495_barn_seg0_fixnonmask,False,0.0003,0.8916295766830444,"[0, 0, 223, 223]",114882.0,35646.0,150528.0,76.31935586734694
4492,onnx/vgg16-7.onnx,vnnlib/n02794156_barometer_global_k50176_eps_0.0003.vnnlib,1200,sat True,,,,8.160762786865234,0.0,n02794156_barometer,-1.0,global,50176.0,0.0003,n02794156_barometer_global,True,0.0003,,,150528.0,0.0,150528.0,100.0
4496,onnx/vgg16-7.onnx,vnnlib/n02794156_barometer_seg0_fixmask_k50176_eps_0.0003.vnnlib,1200,sat True,,,,7.8921058177948,0.0,n02794156_barometer,0.0,fix_mask,50176.0,0.0003,n02794156_barometer_seg0_fixmask,False,0.0003,0.9240958094596864,"[0, 0, 223, 223]",18381.0,132147.0,150528.0,12.211017219387756
4500,onnx/vgg16-7.onnx,vnnlib/n02794156_barometer_seg0_fixnonmask_k50176_eps_0.0003.vnnlib,1200,sat True,,,,12.020230770111084,0.0,n02794156_barometer,0.0,fix_nonmask,50176.0,0.0003,n02794156_barometer_seg0_fixnonmask,False,0.0003,0.9240958094596864,"[0, 0, 223, 223]",132147.0,18381.0,150528.0,87.78898278061224
4504,onnx/vgg16-7.onnx,vnnlib/n02797295_barrow_global_k50176_eps_0.0003.vnnlib,1200,sat True,,,,8.022058725357056,0.0,n02797295_barrow,-1.0,global,50176.0,0.0003,n02797295_barrow_global,True,0.0003,,,150528.0,0.0,150528.0,100.0
4508,onnx/vgg16-7.onnx,vnnlib/n02797295_barrow_seg0_fixmask_k50176_eps_0.0003.vnnlib,1200,sat True,,,,8.135915040969849,0.0,n02797295_barrow,0.0,fix_mask,50176.0,0.0003,n02797295_barrow_seg0_fixmask,False,0.0003,0.7688919305801392,"[0, 0, 223, 223]",41622.0,108906.0,150528.0,27.650669642857142
4512,onnx/vgg16-7.onnx,vnnlib/n02797295_barrow_seg0_fixnonmask_k50176_eps_0.0003.vnnlib,1200,sat True,,,,8.028522968292236,0.0,n02797295_barrow,0.0,fix_nonmask,50176.0,0.0003,n02797295_barrow_seg0_fixnonmask,False,0.0003,0.7688919305801392,"[0, 0, 223, 223]",108906.0,41622.0,150528.0,72.34933035714286
4552,onnx/vgg16-7.onnx,vnnlib/n02804610_bassoon_global_k50176_eps_0.0003.vnnlib,1200,sat True,,,,10.870803356170654,0.0,n02804610_bassoon,-1.0,global,50176.0,0.0003,n02804610_bassoon_global,True,0.0003,,,150528.0,0.0,150528.0,100.0
4556,onnx/vgg16-7.onnx,vnnlib/n02804610_bassoon_seg0_fixmask_k50176_eps_0.0003.vnnlib,1200,sat True,,,,8.458146572113037,0.0,n02804610_bassoon,0.0,fix_mask,50176.0,0.0003,n02804610_bassoon_seg0_fixmask,False,0.0003,0.7363224029541016,"[0, 0, 223, 223]",87885.0,62643.0,150528.0,58.384486607142854
4560,onnx/vgg16-7.onnx,vnnlib/n02804610_bassoon_seg0_fixnonmask_k50176_eps_0.0003.vnnlib,1200,sat True,,,,7.830370426177979,0.0,n02804610_bassoon,0.0,fix_nonmask,50176.0,0.0003,n02804610_bassoon_seg0_fixnonmask,False,0.0003,0.7363224029541016,"[0, 0, 223, 223]",62643.0,87885.0,150528.0,41.615513392857146
4612,onnx/vgg16-7.onnx,vnnlib/n02814860_beacon_global_k50176_eps_0.0003.vnnlib,1200,sat True,,,,8.447609424591064,0.0,n02814860_beacon,-1.0,global,50176.0,0.0003,n02814860_beacon_global,True,0.0003,,,150528.0,0.0,150528.0,100.0
4616,onnx/vgg16-7.onnx,vnnlib/n02814860_beacon_seg0_fixmask_k50176_eps_0.0003.vnnlib,1200,sat False,-inf,,2.3585660457611084,11.009900331497192,0.0,n02814860_beacon,0.0,fix_mask,50176.0,0.0003,n02814860_beacon_seg0_fixmask,False,0.0003,0.91860431432724,"[0, 0, 223, 223]",5034.0,145494.0,150528.0,3.3442283163265305
4620,onnx/vgg16-7.onnx,vnnlib/n02814860_beacon_seg0_fixnonmask_k50176_eps_0.0003.vnnlib,1200,sat True,,,,9.919312953948976,0.0,n02814860_beacon,0.0,fix_nonmask,50176.0,0.0003,n02814860_beacon_seg0_fixnonmask,False,0.0003,0.91860431432724,"[0, 0, 223, 223]",145494.0,5034.0,150528.0,96.65577168367346
4684,onnx/vgg16-7.onnx,vnnlib/n02834397_bib_global_k50176_eps_0.0003.vnnlib,1200,sat True,,,,10.19820785522461,0.0,n02834397_bib,-1.0,global,50176.0,0.0003,n02834397_bib_global,True,0.0003,,,150528.0,0.0,150528.0,100.0
4688,onnx/vgg16-7.onnx,vnnlib/n02834397_bib_seg0_fixmask_k50176_eps_0.0003.vnnlib,1200,sat True,,,,7.798582077026367,0.0,n02834397_bib,0.0,fix_mask,50176.0,0.0003,n02834397_bib_seg0_fixmask,False,0.0003,0.9117618799209596,"[0, 0, 218, 223]",41541.0,108987.0,150528.0,27.596859056122447
4692,onnx/vgg16-7.onnx,vnnlib/n02834397_bib_seg0_fixnonmask_k50176_eps_0.0003.vnnlib,1200,sat True,,,,11.62617826461792,0.0,n02834397_bib,0.0,fix_nonmask,50176.0,0.0003,n02834397_bib_seg0_fixnonmask,False,0.0003,0.9117618799209596,"[0, 0, 218, 223]",108987.0,41541.0,150528.0,72.40314094387755
4696,onnx/vgg16-7.onnx,vnnlib/n02835271_bicycle-built-for-two_global_k50176_eps_0.0003.vnnlib,1200,sat True,,,,11.533429384231567,0.0,n02835271_bicycle-built-for-two,-1.0,global,50176.0,0.0003,n02835271_bicycle-built-for-two_global,True,0.0003,,,150528.0,0.0,150528.0,100.0
4700,onnx/vgg16-7.onnx,vnnlib/n02835271_bicycle-built-for-two_seg0_fixmask_k50176_eps_0.0003.vnnlib,1200,sat True,,,,10.502309560775757,0.0,n02835271_bicycle-built-for-two,0.0,fix_mask,50176.0,0.0003,n02835271_bicycle-built-for-two_seg0_fixmask,False,0.0003,0.5530232191085815,"[0, 0, 223, 222]",90468.0,60060.0,150528.0,60.10044642857143
4704,onnx/vgg16-7.onnx,vnnlib/n02835271_bicycle-built-for-two_seg0_fixnonmask_k50176_eps_0.0003.vnnlib,1200,sat True,,,,7.950390815734863,0.0,n02835271_bicycle-built-for-two,0.0,fix_nonmask,50176.0,0.0003,n02835271_bicycle-built-for-two_seg0_fixnonmask,False,0.0003,0.5530232191085815,"[0, 0, 223, 222]",60060.0,90468.0,150528.0,39.89955357142857
4708,onnx/vgg16-7.onnx,vnnlib/n02837789_bikini_global_k50176_eps_0.0003.vnnlib,1200,sat True,,,,7.870130062103272,0.0,n02837789_bikini,-1.0,global,50176.0,0.0003,n02837789_bikini_global,True,0.0003,,,150528.0,0.0,150528.0,100.0
4712,onnx/vgg16-7.onnx,vnnlib/n02837789_bikini_seg0_fixmask_k50176_eps_0.0003.vnnlib,1200,sat True,,,,7.903093099594116,0.0,n02837789_bikini,0.0,fix_mask,50176.0,0.0003,n02837789_bikini_seg0_fixmask,False,0.0003,0.6236981749534607,"[0, 1, 223, 223]",57648.0,92880.0,150528.0,38.297193877551024
4716,onnx/vgg16-7.onnx,vnnlib/n02837789_bikini_seg0_fixnonmask_k50176_eps_0.0003.vnnlib,1200,sat True,,,,9.599173545837402,0.0,n02837789_bikini,0.0,fix_nonmask,50176.0,0.0003,n02837789_bikini_seg0_fixnonmask,False,0.0003,0.6236981749534607,"[0, 1, 223, 223]",92880.0,57648.0,150528.0,61.702806122448976
4720,onnx/vgg16-7.onnx,vnnlib/n02841315_binoculars_global_k50176_eps_0.0003.vnnlib,1200,sat True,,,,11.626575708389282,0.0,n02841315_binoculars,-1.0,global,50176.0,0.0003,n02841315_binoculars_global,True,0.0003,,,150528.0,0.0,150528.0,100.0
4724,onnx/vgg16-7.onnx,vnnlib/n02841315_binoculars_seg0_fixmask_k50176_eps_0.0003.vnnlib,1200,sat True,,,,8.075972318649292,0.0,n02841315_binoculars,0.0,fix_mask,50176.0,0.0003,n02841315_binoculars_seg0_fixmask,False,0.0003,0.8732808828353882,"[0, 0, 223, 222]",54591.0,95937.0,150528.0,36.2663424744898
4728,onnx/vgg16-7.onnx,vnnlib/n02841315_binoculars_seg0_fixnonmask_k50176_eps_0.0003.vnnlib,1200,sat True,,,,7.719381809234619,0.0,n02841315_binoculars,0.0,fix_nonmask,50176.0,0.0003,n02841315_binoculars_seg0_fixnonmask,False,0.0003,0.8732808828353882,"[0, 0, 223, 222]",95937.0,54591.0,150528.0,63.7336575255102
4756,onnx/vgg16-7.onnx,vnnlib/n02860847_bobsled_global_k50176_eps_0.0003.vnnlib,1200,sat True,,,,9.16718053817749,0.0,n02860847_bobsled,-1.0,global,50176.0,0.0003,n02860847_bobsled_global,True,0.0003,,,150528.0,0.0,150528.0,100.0
4760,onnx/vgg16-7.onnx,vnnlib/n02860847_bobsled_seg0_fixmask_k50176_eps_0.0003.vnnlib,1200,sat True,,,,11.26992893218994,0.0,n02860847_bobsled,0.0,fix_mask,50176.0,0.0003,n02860847_bobsled_seg0_fixmask,False,0.0003,0.8115084171295166,"[0, 0, 223, 223]",78687.0,71841.0,150528.0,52.273995535714285
4764,onnx/vgg16-7.onnx,vnnlib/n02860847_bobsled_seg0_fixnonmask_k50176_eps_0.0003.vnnlib,1200,sat True,,,,8.289550065994263,0.0,n02860847_bobsled,0.0,fix_nonmask,50176.0,0.0003,n02860847_bobsled_seg0_fixnonmask,False,0.0003,0.8115084171295166,"[0, 0, 223, 223]",71841.0,78687.0,150528.0,47.726004464285715
4780,onnx/vgg16-7.onnx,vnnlib/n02869837_bonnet_global_k50176_eps_0.0003.vnnlib,1200,sat True,,,,8.42917537689209,0.0,n02869837_bonnet,-1.0,global,50176.0,0.0003,n02869837_bonnet_global,True,0.0003,,,150528.0,0.0,150528.0,100.0
4784,onnx/vgg16-7.onnx,vnnlib/n02869837_bonnet_seg0_fixmask_k50176_eps_0.0003.vnnlib,1200,timeout False,-0.0066099464893341,3.0,1890.326157331467,1905.4082181453705,0.0,n02869837_bonnet,0.0,fix_mask,50176.0,0.0003,n02869837_bonnet_seg0_fixmask,False,0.0003,0.923326015472412,"[0, 0, 223, 223]",18141.0,132387.0,150528.0,12.05157844387755
4788,onnx/vgg16-7.onnx,vnnlib/n02869837_bonnet_seg0_fixnonmask_k50176_eps_0.0003.vnnlib,1200,sat True,,,,8.455339908599854,0.0,n02869837_bonnet,0.0,fix_nonmask,50176.0,0.0003,n02869837_bonnet_seg0_fixnonmask,False,0.0003,0.923326015472412,"[0, 0, 223, 223]",132387.0,18141.0,150528.0,87.94842155612245
4804,onnx/vgg16-7.onnx,vnnlib/n02871525_bookshop_global_k50176_eps_0.0003.vnnlib,1200,sat True,,,,8.464435338973999,0.0,n02871525_bookshop,-1.0,global,50176.0,0.0003,n02871525_bookshop_global,True,0.0003,,,150528.0,0.0,150528.0,100.0
4808,onnx/vgg16-7.onnx,vnnlib/n02871525_bookshop_seg0_fixmask_k50176_eps_0.0003.vnnlib,1200,sat True,,,,8.307682514190674,0.0,n02871525_bookshop,0.0,fix_mask,50176.0,0.0003,n02871525_bookshop_seg0_fixmask,False,0.0003,0.8552067875862122,"[0, 0, 223, 222]",29586.0,120942.0,150528.0,19.654815051020407
4812,onnx/vgg16-7.onnx,vnnlib/n02871525_bookshop_seg0_fixnonmask_k50176_eps_0.0003.vnnlib,1200,sat True,,,,8.166368246078491,0.0,n02871525_bookshop,0.0,fix_nonmask,50176.0,0.0003,n02871525_bookshop_seg0_fixnonmask,False,0.0003,0.8552067875862122,"[0, 0, 223, 222]",120942.0,29586.0,150528.0,80.3451849489796
4816,onnx/vgg16-7.onnx,vnnlib/n02877765_bottlecap_global_k50176_eps_0.0003.vnnlib,1200,sat True,,,,11.014567375183104,0.0,n02877765_bottlecap,-1.0,global,50176.0,0.0003,n02877765_bottlecap_global,True,0.0003,,,150528.0,0.0,150528.0,100.0
4820,onnx/vgg16-7.onnx,vnnlib/n02877765_bottlecap_seg0_fixmask_k50176_eps_0.0003.vnnlib,1200,sat True,,,,8.281599044799805,0.0,n02877765_bottlecap,0.0,fix_mask,50176.0,0.0003,n02877765_bottlecap_seg0_fixmask,False,0.0003,0.9337839484214784,"[0, 0, 223, 217]",48285.0,102243.0,150528.0,32.07708864795919
4824,onnx/vgg16-7.onnx,vnnlib/n02877765_bottlecap_seg0_fixnonmask_k50176_eps_0.0003.vnnlib,1200,sat True,,,,8.11832332611084,0.0,n02877765_bottlecap,0.0,fix_nonmask,50176.0,0.0003,n02877765_bottlecap_seg0_fixnonmask,False,0.0003,0.9337839484214784,"[0, 0, 223, 217]",102243.0,48285.0,150528.0,67.92291135204081
4864,onnx/vgg16-7.onnx,vnnlib/n02894605_breakwater_global_k50176_eps_0.0003.vnnlib,1200,sat True,,,,9.925196170806885,0.0,n02894605_breakwater,-1.0,global,50176.0,0.0003,n02894605_breakwater_global,True,0.0003,,,150528.0,0.0,150528.0,100.0
4868,onnx/vgg16-7.onnx,vnnlib/n02894605_breakwater_seg0_fixmask_k50176_eps_0.0003.vnnlib,1200,sat True,,,,8.947590351104736,0.0,n02894605_breakwater,0.0,fix_mask,50176.0,0.0003,n02894605_breakwater_seg0_fixmask,False,0.0003,0.8366570472717285,"[0, 0, 223, 222]",27045.0,123483.0,150528.0,17.966757015306122
4872,onnx/vgg16-7.onnx,vnnlib/n02894605_breakwater_seg0_fixnonmask_k50176_eps_0.0003.vnnlib,1200,sat True,,,,11.374408721923828,0.0,n02894605_breakwater,0.0,fix_nonmask,50176.0,0.0003,n02894605_breakwater_seg0_fixnonmask,False,0.0003,0.8366570472717285,"[0, 0, 223, 222]",123483.0,27045.0,150528.0,82.03324298469387
4900,onnx/vgg16-7.onnx,vnnlib/n02909870_bucket_global_k50176_eps_0.0003.vnnlib,1200,sat True,,,,8.32732629776001,0.0,n02909870_bucket,-1.0,global,50176.0,0.0003,n02909870_bucket_global,True,0.0003,,,150528.0,0.0,150528.0,100.0
4904,onnx/vgg16-7.onnx,vnnlib/n02909870_bucket_seg0_fixmask_k50176_eps_0.0003.vnnlib,1200,sat True,,,,8.385839700698853,0.0,n02909870_bucket,0.0,fix_mask,50176.0,0.0003,n02909870_bucket_seg0_fixmask,False,0.0003,0.8907179832458496,"[0, 0, 223, 223]",14832.0,135696.0,150528.0,9.853316326530612
4908,onnx/vgg16-7.onnx,vnnlib/n02909870_bucket_seg0_fixnonmask_k50176_eps_0.0003.vnnlib,1200,sat True,,,,8.236543893814087,0.0,n02909870_bucket,0.0,fix_nonmask,50176.0,0.0003,n02909870_bucket_seg0_fixnonmask,False,0.0003,0.8907179832458496,"[0, 0, 223, 223]",135696.0,14832.0,150528.0,90.14668367346938
4972,onnx/vgg16-7.onnx,vnnlib/n02939185_caldron_global_k50176_eps_0.0003.vnnlib,1200,sat True,,,,8.105484247207642,0.0,n02939185_caldron,-1.0,global,50176.0,0.0003,n02939185_caldron_global,True,0.0003,,,150528.0,0.0,150528.0,100.0
4976,onnx/vgg16-7.onnx,vnnlib/n02939185_caldron_seg0_fixmask_k50176_eps_0.0003.vnnlib,1200,sat True,,,,10.863149642944336,0.0,n02939185_caldron,0.0,fix_mask,50176.0,0.0003,n02939185_caldron_seg0_fixmask,False,0.0003,0.8180888891220093,"[0, 0, 223, 223]",52782.0,97746.0,150528.0,35.064572704081634
4980,onnx/vgg16-7.onnx,vnnlib/n02939185_caldron_seg0_fixnonmask_k50176_eps_0.0003.vnnlib,1200,sat True,,,,11.758960723876951,0.0,n02939185_caldron,0.0,fix_nonmask,50176.0,0.0003,n02939185_caldron_seg0_fixnonmask,False,0.0003,0.8180888891220093,"[0, 0, 223, 223]",97746.0,52782.0,150528.0,64.93542729591837
5008,onnx/vgg16-7.onnx,vnnlib/n02951358_canoe_global_k50176_eps_0.0003.vnnlib,1200,sat True,,,,9.143505334854126,0.0,n02951358_canoe,-1.0,global,50176.0,0.0003,n02951358_canoe_global,True,0.0003,,,150528.0,0.0,150528.0,100.0
5012,onnx/vgg16-7.onnx,vnnlib/n02951358_canoe_seg0_fixmask_k50176_eps_0.0003.vnnlib,1200,sat True,,,,7.877495050430298,0.0,n02951358_canoe,0.0,fix_mask,50176.0,0.0003,n02951358_canoe_seg0_fixmask,False,0.0003,0.826528012752533,"[0, 1, 223, 223]",47985.0,102543.0,150528.0,31.877790178571427
5016,onnx/vgg16-7.onnx,vnnlib/n02951358_canoe_seg0_fixnonmask_k50176_eps_0.0003.vnnlib,1200,sat True,,,,8.287657022476196,0.0,n02951358_canoe,0.0,fix_nonmask,50176.0,0.0003,n02951358_canoe_seg0_fixnonmask,False,0.0003,0.826528012752533,"[0, 1, 223, 223]",102543.0,47985.0,150528.0,68.12220982142857
5032,onnx/vgg16-7.onnx,vnnlib/n02963159_cardigan_global_k50176_eps_0.0003.vnnlib,1200,sat True,,,,7.981473684310913,0.0,n02963159_cardigan,-1.0,global,50176.0,0.0003,n02963159_cardigan_global,True,0.0003,,,150528.0,0.0,150528.0,100.0
5036,onnx/vgg16-7.onnx,vnnlib/n02963159_cardigan_seg0_fixmask_k50176_eps_0.0003.vnnlib,1200,sat True,,,,7.917582035064697,0.0,n02963159_cardigan,0.0,fix_mask,50176.0,0.0003,n02963159_cardigan_seg0_fixmask,False,0.0003,0.9393629431724548,"[0, 0, 223, 218]",45084.0,105444.0,150528.0,29.950573979591837
5040,onnx/vgg16-7.onnx,vnnlib/n02963159_cardigan_seg0_fixnonmask_k50176_eps_0.0003.vnnlib,1200,sat True,,,,8.25648546218872,0.0,n02963159_cardigan,0.0,fix_nonmask,50176.0,0.0003,n02963159_cardigan_seg0_fixnonmask,False,0.0003,0.9393629431724548,"[0, 0, 223, 218]",105444.0,45084.0,150528.0,70.04942602040816
5104,onnx/vgg16-7.onnx,vnnlib/n02978881_cassette_global_k50176_eps_0.0003.vnnlib,1200,sat True,,,,11.18035888671875,0.0,n02978881_cassette,-1.0,global,50176.0,0.0003,n02978881_cassette_global,True,0.0003,,,150528.0,0.0,150528.0,100.0
5108,onnx/vgg16-7.onnx,vnnlib/n02978881_cassette_seg0_fixmask_k50176_eps_0.0003.vnnlib,1200,sat True,,,,8.508777856826782,0.0,n02978881_cassette,0.0,fix_mask,50176.0,0.0003,n02978881_cassette_seg0_fixmask,False,0.0003,0.8664279580116272,"[0, 0, 223, 223]",18171.0,132357.0,150528.0,12.071508290816327
5112,onnx/vgg16-7.onnx,vnnlib/n02978881_cassette_seg0_fixnonmask_k50176_eps_0.0003.vnnlib,1200,sat True,,,,11.120925426483154,0.0,n02978881_cassette,0.0,fix_nonmask,50176.0,0.0003,n02978881_cassette_seg0_fixnonmask,False,0.0003,0.8664279580116272,"[0, 0, 223, 223]",132357.0,18171.0,150528.0,87.92849170918367
5128,onnx/vgg16-7.onnx,vnnlib/n02981792_catamaran_global_k50176_eps_0.0003.vnnlib,1200,sat True,,,,8.064443588256836,0.0,n02981792_catamaran,-1.0,global,50176.0,0.0003,n02981792_catamaran_global,True,0.0003,,,150528.0,0.0,150528.0,100.0
5132,onnx/vgg16-7.onnx,vnnlib/n02981792_catamaran_seg0_fixmask_k50176_eps_0.0003.vnnlib,1200,sat True,,,,10.315304517745972,0.0,n02981792_catamaran,0.0,fix_mask,50176.0,0.0003,n02981792_catamaran_seg0_fixmask,False,0.0003,0.8480837941169739,"[0, 0, 223, 222]",51993.0,98535.0,150528.0,34.54041772959184
5136,onnx/vgg16-7.onnx,vnnlib/n02981792_catamaran_seg0_fixnonmask_k50176_eps_0.0003.vnnlib,1200,sat True,,,,8.098163843154907,0.0,n02981792_catamaran,0.0,fix_nonmask,50176.0,0.0003,n02981792_catamaran_seg0_fixnonmask,False,0.0003,0.8480837941169739,"[0, 0, 223, 222]",98535.0,51993.0,150528.0,65.45958227040816
5164,onnx/vgg16-7.onnx,vnnlib/n02999410_chain_global_k50176_eps_0.0003.vnnlib,1200,sat True,,,,8.41335391998291,0.0,n02999410_chain,-1.0,global,50176.0,0.0003,n02999410_chain_global,True,0.0003,,,150528.0,0.0,150528.0,100.0
5168,onnx/vgg16-7.onnx,vnnlib/n02999410_chain_seg0_fixmask_k50176_eps_0.0003.vnnlib,1200,sat True,,,,7.713834285736084,0.0,n02999410_chain,0.0,fix_mask,50176.0,0.0003,n02999410_chain_seg0_fixmask,False,0.0003,0.7857593297958374,"[0, 0, 222, 223]",40743.0,109785.0,150528.0,27.06672512755102
5172,onnx/vgg16-7.onnx,vnnlib/n02999410_chain_seg0_fixnonmask_k50176_eps_0.0003.vnnlib,1200,sat True,,,,7.94420862197876,0.0,n02999410_chain,0.0,fix_nonmask,50176.0,0.0003,n02999410_chain_seg0_fixnonmask,False,0.0003,0.7857593297958374,"[0, 0, 222, 223]",109785.0,40743.0,150528.0,72.93327487244898
5200,onnx/vgg16-7.onnx,vnnlib/n03014705_chest_global_k50176_eps_0.0003.vnnlib,1200,sat True,,,,8.19645881652832,0.0,n03014705_chest,-1.0,global,50176.0,0.0003,n03014705_chest_global,True,0.0003,,,150528.0,0.0,150528.0,100.0
5204,onnx/vgg16-7.onnx,vnnlib/n03014705_chest_seg0_fixmask_k50176_eps_0.0003.vnnlib,1200,timeout False,-0.5911350846290588,3.0,2187.1862592697144,2202.9915931224823,0.0,n03014705_chest,0.0,fix_mask,50176.0,0.0003,n03014705_chest_seg0_fixmask,False,0.0003,0.9087029099464417,"[0, 0, 223, 223]",44370.0,106158.0,150528.0,29.47624362244898
5208,onnx/vgg16-7.onnx,vnnlib/n03014705_chest_seg0_fixnonmask_k50176_eps_0.0003.vnnlib,1200,sat True,,,,8.802179336547852,0.0,n03014705_chest,0.0,fix_nonmask,50176.0,0.0003,n03014705_chest_seg0_fixnonmask,False,0.0003,0.9087029099464417,"[0, 0, 223, 223]",106158.0,44370.0,150528.0,70.52375637755102
5296,onnx/vgg16-7.onnx,vnnlib/n03047690_clog_global_k50176_eps_0.0003.vnnlib,1200,sat True,,,,7.954274892807007,0.0,n03047690_clog,-1.0,global,50176.0,0.0003,n03047690_clog_global,True,0.0003,,,150528.0,0.0,150528.0,100.0
5300,onnx/vgg16-7.onnx,vnnlib/n03047690_clog_seg0_fixmask_k50176_eps_0.0003.vnnlib,1200,sat True,,,,7.794305801391602,0.0,n03047690_clog,0.0,fix_mask,50176.0,0.0003,n03047690_clog_seg0_fixmask,False,0.0003,0.9226118922233582,"[0, 1, 223, 223]",58170.0,92358.0,150528.0,38.643973214285715
5304,onnx/vgg16-7.onnx,vnnlib/n03047690_clog_seg0_fixnonmask_k50176_eps_0.0003.vnnlib,1200,sat True,,,,9.02382755279541,0.0,n03047690_clog,0.0,fix_nonmask,50176.0,0.0003,n03047690_clog_seg0_fixnonmask,False,0.0003,0.9226118922233582,"[0, 1, 223, 223]",92358.0,58170.0,150528.0,61.356026785714285
5332,onnx/vgg16-7.onnx,vnnlib/n03065424_coil_global_k50176_eps_0.0003.vnnlib,1200,sat True,,,,8.072656869888306,0.0,n03065424_coil,-1.0,global,50176.0,0.0003,n03065424_coil_global,True,0.0003,,,150528.0,0.0,150528.0,100.0
5336,onnx/vgg16-7.onnx,vnnlib/n03065424_coil_seg0_fixmask_k50176_eps_0.0003.vnnlib,1200,sat True,,,,8.239058256149292,0.0,n03065424_coil,0.0,fix_mask,50176.0,0.0003,n03065424_coil_seg0_fixmask,False,0.0003,0.8346132040023804,"[0, 0, 222, 222]",71673.0,78855.0,150528.0,47.61439732142857
5340,onnx/vgg16-7.onnx,vnnlib/n03065424_coil_seg0_fixnonmask_k50176_eps_0.0003.vnnlib,1200,sat True,,,,8.120298862457275,0.0,n03065424_coil,0.0,fix_nonmask,50176.0,0.0003,n03065424_coil_seg0_fixnonmask,False,0.0003,0.8346132040023804,"[0, 0, 222, 222]",78855.0,71673.0,150528.0,52.38560267857143
5380,onnx/vgg16-7.onnx,vnnlib/n03100240_convertible_global_k50176_eps_0.0003.vnnlib,1200,sat True,,,,7.914133310317993,0.0,n03100240_convertible,-1.0,global,50176.0,0.0003,n03100240_convertible_global,True,0.0003,,,150528.0,0.0,150528.0,100.0
5384,onnx/vgg16-7.onnx,vnnlib/n03100240_convertible_seg0_fixmask_k50176_eps_0.0003.vnnlib,1200,sat True,,,,8.344795942306519,0.0,n03100240_convertible,0.0,fix_mask,50176.0,0.0003,n03100240_convertible_seg0_fixmask,False,0.0003,0.8905168175697327,"[0, 0, 223, 219]",44007.0,106521.0,150528.0,29.235092474489797
5388,onnx/vgg16-7.onnx,vnnlib/n03100240_convertible_seg0_fixnonmask_k50176_eps_0.0003.vnnlib,1200,sat True,,,,9.818049430847168,0.0,n03100240_convertible,0.0,fix_nonmask,50176.0,0.0003,n03100240_convertible_seg0_fixnonmask,False,0.0003,0.8905168175697327,"[0, 0, 223, 219]",106521.0,44007.0,150528.0,70.76490752551021
5392,onnx/vgg16-7.onnx,vnnlib/n03109150_corkscrew_global_k50176_eps_0.0003.vnnlib,1200,sat True,,,,7.790359020233154,0.0,n03109150_corkscrew,-1.0,global,50176.0,0.0003,n03109150_corkscrew_global,True,0.0003,,,150528.0,0.0,150528.0,100.0
5396,onnx/vgg16-7.onnx,vnnlib/n03109150_corkscrew_seg0_fixmask_k50176_eps_0.0003.vnnlib,1200,sat False,-inf,,1.4801959991455078,8.778113603591919,0.0,n03109150_corkscrew,0.0,fix_mask,50176.0,0.0003,n03109150_corkscrew_seg0_fixmask,False,0.0003,0.9276344776153564,"[0, 0, 223, 223]",2418.0,148110.0,150528.0,1.606345663265306
5400,onnx/vgg16-7.onnx,vnnlib/n03109150_corkscrew_seg0_fixnonmask_k50176_eps_0.0003.vnnlib,1200,sat True,,,,7.9223473072052,0.0,n03109150_corkscrew,0.0,fix_nonmask,50176.0,0.0003,n03109150_corkscrew_seg0_fixnonmask,False,0.0003,0.9276344776153564,"[0, 0, 223, 223]",148110.0,2418.0,150528.0,98.3936543367347
5404,onnx/vgg16-7.onnx,vnnlib/n03110669_cornet_global_k50176_eps_0.0003.vnnlib,1200,sat True,,,,8.051591873168945,0.0,n03110669_cornet,-1.0,global,50176.0,0.0003,n03110669_cornet_global,True,0.0003,,,150528.0,0.0,150528.0,100.0
5408,onnx/vgg16-7.onnx,vnnlib/n03110669_cornet_seg0_fixmask_k50176_eps_0.0003.vnnlib,1200,sat True,,,,8.383893251419067,0.0,n03110669_cornet,0.0,fix_mask,50176.0,0.0003,n03110669_cornet_seg0_fixmask,False,0.0003,0.7736886739730835,"[0, 0, 222, 223]",15468.0,135060.0,150528.0,10.275829081632653
5412,onnx/vgg16-7.onnx,vnnlib/n03110669_cornet_seg0_fixnonmask_k50176_eps_0.0003.vnnlib,1200,sat True,,,,7.80333399772644,0.0,n03110669_cornet,0.0,fix_nonmask,50176.0,0.0003,n03110669_cornet_seg0_fixnonmask,False,0.0003,0.7736886739730835,"[0, 0, 222, 223]",135060.0,15468.0,150528.0,89.72417091836735
5440,onnx/vgg16-7.onnx,vnnlib/n03125729_cradle_global_k50176_eps_0.0003.vnnlib,1200,sat True,,,,8.04749321937561,0.0,n03125729_cradle,-1.0,global,50176.0,0.0003,n03125729_cradle_global,True,0.0003,,,150528.0,0.0,150528.0,100.0
5444,onnx/vgg16-7.onnx,vnnlib/n03125729_cradle_seg0_fixmask_k50176_eps_0.0003.vnnlib,1200,sat True,,,,7.741690158843994,0.0,n03125729_cradle,0.0,fix_mask,50176.0,0.0003,n03125729_cradle_seg0_fixmask,False,0.0003,0.5905932188034058,"[1, 0, 223, 223]",34356.0,116172.0,150528.0,22.823660714285715
5448,onnx/vgg16-7.onnx,vnnlib/n03125729_cradle_seg0_fixnonmask_k50176_eps_0.0003.vnnlib,1200,sat True,,,,11.858787775039673,0.0,n03125729_cradle,0.0,fix_nonmask,50176.0,0.0003,n03125729_cradle_seg0_fixnonmask,False,0.0003,0.5905932188034058,"[1, 0, 223, 223]",116172.0,34356.0,150528.0,77.17633928571429
5512,onnx/vgg16-7.onnx,vnnlib/n03141823_crutch_global_k50176_eps_0.0003.vnnlib,1200,sat True,,,,8.0274076461792,0.0,n03141823_crutch,-1.0,global,50176.0,0.0003,n03141823_crutch_global,True,0.0003,,,150528.0,0.0,150528.0,100.0
5516,onnx/vgg16-7.onnx,vnnlib/n03141823_crutch_seg0_fixmask_k50176_eps_0.0003.vnnlib,1200,sat True,,,,8.01225996017456,0.0,n03141823_crutch,0.0,fix_mask,50176.0,0.0003,n03141823_crutch_seg0_fixmask,False,0.0003,0.6051544547080994,"[0, 0, 223, 223]",88758.0,61770.0,150528.0,58.96444515306123
5520,onnx/vgg16-7.onnx,vnnlib/n03141823_crutch_seg0_fixnonmask_k50176_eps_0.0003.vnnlib,1200,sat True,,,,8.000807523727417,0.0,n03141823_crutch,0.0,fix_nonmask,50176.0,0.0003,n03141823_crutch_seg0_fixnonmask,False,0.0003,0.6051544547080994,"[0, 0, 223, 223]",61770.0,88758.0,150528.0,41.03555484693877
5524,onnx/vgg16-7.onnx,vnnlib/n03146219_cuirass_global_k50176_eps_0.0003.vnnlib,1200,sat True,,,,8.09010648727417,0.0,n03146219_cuirass,-1.0,global,50176.0,0.0003,n03146219_cuirass_global,True,0.0003,,,150528.0,0.0,150528.0,100.0
5528,onnx/vgg16-7.onnx,vnnlib/n03146219_cuirass_seg0_fixmask_k50176_eps_0.0003.vnnlib,1200,sat True,,,,8.25742769241333,0.0,n03146219_cuirass,0.0,fix_mask,50176.0,0.0003,n03146219_cuirass_seg0_fixmask,False,0.0003,0.6995499134063721,"[0, 0, 223, 223]",51303.0,99225.0,150528.0,34.08203125
5532,onnx/vgg16-7.onnx,vnnlib/n03146219_cuirass_seg0_fixnonmask_k50176_eps_0.0003.vnnlib,1200,sat True,,,,8.1481192111969,0.0,n03146219_cuirass,0.0,fix_nonmask,50176.0,0.0003,n03146219_cuirass_seg0_fixnonmask,False,0.0003,0.6995499134063721,"[0, 0, 223, 223]",99225.0,51303.0,150528.0,65.91796875
5536,onnx/vgg16-7.onnx,vnnlib/n03160309_dam_global_k50176_eps_0.0003.vnnlib,1200,sat True,,,,7.997583627700806,0.0,n03160309_dam,-1.0,global,50176.0,0.0003,n03160309_dam_global,True,0.0003,,,150528.0,0.0,150528.0,100.0
5540,onnx/vgg16-7.onnx,vnnlib/n03160309_dam_seg0_fixmask_k50176_eps_0.0003.vnnlib,1200,sat True,,,,8.05929160118103,0.0,n03160309_dam,0.0,fix_mask,50176.0,0.0003,n03160309_dam_seg0_fixmask,False,0.0003,0.8578673005104065,"[0, 0, 223, 223]",17124.0,133404.0,150528.0,11.37595663265306
5544,onnx/vgg16-7.onnx,vnnlib/n03160309_dam_seg0_fixnonmask_k50176_eps_0.0003.vnnlib,1200,sat True,,,,7.937060356140137,0.0,n03160309_dam,0.0,fix_nonmask,50176.0,0.0003,n03160309_dam_seg0_fixnonmask,False,0.0003,0.8578673005104065,"[0, 0, 223, 223]",133404.0,17124.0,150528.0,88.62404336734694
5548,onnx/vgg16-7.onnx,vnnlib/n03179701_desk_global_k50176_eps_0.0003.vnnlib,1200,sat True,,,,7.849422454833984,0.0,n03179701_desk,-1.0,global,50176.0,0.0003,n03179701_desk_global,True,0.0003,,,150528.0,0.0,150528.0,100.0
5552,onnx/vgg16-7.onnx,vnnlib/n03179701_desk_seg0_fixmask_k50176_eps_0.0003.vnnlib,1200,sat True,,,,8.176841020584106,0.0,n03179701_desk,0.0,fix_mask,50176.0,0.0003,n03179701_desk_seg0_fixmask,False,0.0003,0.7261659502983093,"[0, 0, 223, 223]",68094.0,82434.0,150528.0,45.23676658163265
5556,onnx/vgg16-7.onnx,vnnlib/n03179701_desk_seg0_fixnonmask_k50176_eps_0.0003.vnnlib,1200,sat True,,,,7.892204761505127,0.0,n03179701_desk,0.0,fix_nonmask,50176.0,0.0003,n03179701_desk_seg0_fixnonmask,False,0.0003,0.7261659502983093,"[0, 0, 223, 223]",82434.0,68094.0,150528.0,54.76323341836735
5632,onnx/vgg16-7.onnx,vnnlib/n03216828_dock_global_k50176_eps_0.0003.vnnlib,1200,sat True,,,,8.052415370941162,0.0,n03216828_dock,-1.0,global,50176.0,0.0003,n03216828_dock_global,True,0.0003,,,150528.0,0.0,150528.0,100.0
5636,onnx/vgg16-7.onnx,vnnlib/n03216828_dock_seg0_fixmask_k50176_eps_0.0003.vnnlib,1200,sat True,,,,7.938110589981079,0.0,n03216828_dock,0.0,fix_mask,50176.0,0.0003,n03216828_dock_seg0_fixmask,False,0.0003,0.8087610602378845,"[0, 0, 223, 223]",38952.0,111576.0,150528.0,25.87691326530612
5640,onnx/vgg16-7.onnx,vnnlib/n03216828_dock_seg0_fixnonmask_k50176_eps_0.0003.vnnlib,1200,sat True,,,,8.099921703338623,0.0,n03216828_dock,0.0,fix_nonmask,50176.0,0.0003,n03216828_dock_seg0_fixnonmask,False,0.0003,0.8087610602378845,"[0, 0, 223, 223]",111576.0,38952.0,150528.0,74.12308673469387
5644,onnx/vgg16-7.onnx,vnnlib/n03218198_dogsled_global_k50176_eps_0.0003.vnnlib,1200,sat True,,,,7.860968351364136,0.0,n03218198_dogsled,-1.0,global,50176.0,0.0003,n03218198_dogsled_global,True,0.0003,,,150528.0,0.0,150528.0,100.0
5648,onnx/vgg16-7.onnx,vnnlib/n03218198_dogsled_seg0_fixmask_k50176_eps_0.0003.vnnlib,1200,sat True,,,,8.195644617080688,0.0,n03218198_dogsled,0.0,fix_mask,50176.0,0.0003,n03218198_dogsled_seg0_fixmask,False,0.0003,0.7254850268363953,"[0, 0, 223, 222]",107661.0,42867.0,150528.0,71.52224170918367
5652,onnx/vgg16-7.onnx,vnnlib/n03218198_dogsled_seg0_fixnonmask_k50176_eps_0.0003.vnnlib,1200,sat True,,,,7.936483860015869,0.0,n03218198_dogsled,0.0,fix_nonmask,50176.0,0.0003,n03218198_dogsled_seg0_fixnonmask,False,0.0003,0.7254850268363953,"[0, 0, 223, 222]",42867.0,107661.0,150528.0,28.477758290816325
5692,onnx/vgg16-7.onnx,vnnlib/n03249569_drum_global_k50176_eps_0.0003.vnnlib,1200,sat True,,,,7.754935026168823,0.0,n03249569_drum,-1.0,global,50176.0,0.0003,n03249569_drum_global,True,0.0003,,,150528.0,0.0,150528.0,100.0
5696,onnx/vgg16-7.onnx,vnnlib/n03249569_drum_seg0_fixmask_k50176_eps_0.0003.vnnlib,1200,sat True,,,,7.94618821144104,0.0,n03249569_drum,0.0,fix_mask,50176.0,0.0003,n03249569_drum_seg0_fixmask,False,0.0003,0.8808003067970276,"[0, 0, 223, 223]",70968.0,79560.0,150528.0,47.14604591836735
5700,onnx/vgg16-7.onnx,vnnlib/n03249569_drum_seg0_fixnonmask_k50176_eps_0.0003.vnnlib,1200,sat True,,,,7.8252997398376465,0.0,n03249569_drum,0.0,fix_nonmask,50176.0,0.0003,n03249569_drum_seg0_fixnonmask,False,0.0003,0.8808003067970276,"[0, 0, 223, 223]",79560.0,70968.0,150528.0,52.85395408163265
5704,onnx/vgg16-7.onnx,vnnlib/n03255030_dumbbell_global_k50176_eps_0.0003.vnnlib,1200,sat True,,,,58.59097409248352,0.0,n03255030_dumbbell,-1.0,global,50176.0,0.0003,n03255030_dumbbell_global,True,0.0003,,,150528.0,0.0,150528.0,100.0
5708,onnx/vgg16-7.onnx,vnnlib/n03255030_dumbbell_seg0_fixmask_k50176_eps_0.0003.vnnlib,1200,sat True,,,,58.287946701049805,0.0,n03255030_dumbbell,0.0,fix_mask,50176.0,0.0003,n03255030_dumbbell_seg0_fixmask,False,0.0003,0.8464468121528625,"[0, 0, 223, 222]",48231.0,102297.0,150528.0,32.04121492346939
5712,onnx/vgg16-7.onnx,vnnlib/n03255030_dumbbell_seg0_fixnonmask_k50176_eps_0.0003.vnnlib,1200,sat True,,,,58.350178241729736,0.0,n03255030_dumbbell,0.0,fix_nonmask,50176.0,0.0003,n03255030_dumbbell_seg0_fixnonmask,False,0.0003,0.8464468121528625,"[0, 0, 223, 222]",102297.0,48231.0,150528.0,67.95878507653062
5776,onnx/vgg16-7.onnx,vnnlib/n03291819_envelope_global_k50176_eps_0.0003.vnnlib,1200,timeout False,-40113588.0,3.0,4334.993020534515,4346.989277601242,0.0,n03291819_envelope,-1.0,global,50176.0,0.0003,n03291819_envelope_global,True,0.0003,,,150528.0,0.0,150528.0,100.0
5780,onnx/vgg16-7.onnx,vnnlib/n03291819_envelope_seg0_fixmask_k50176_eps_0.0003.vnnlib,1200,unsat False,3.3975558280944824,0.0,710.5061366558075,722.9592702388763,0.0,n03291819_envelope,0.0,fix_mask,50176.0,0.0003,n03291819_envelope_seg0_fixmask,False,0.0003,0.9581008553504944,"[0, 0, 222, 222]",46161.0,104367.0,150528.0,30.66605548469388
5784,onnx/vgg16-7.onnx,vnnlib/n03291819_envelope_seg0_fixnonmask_k50176_eps_0.0003.vnnlib,1200,timeout False,-23546590.0,3.0,3780.3163697719574,3793.2258927822113,0.0,n03291819_envelope,0.0,fix_nonmask,50176.0,0.0003,n03291819_envelope_seg0_fixnonmask,False,0.0003,0.9581008553504944,"[0, 0, 222, 222]",104367.0,46161.0,150528.0,69.33394451530613
6712,onnx/vgg16-7.onnx,vnnlib/n03721384_marimba_global_k50176_eps_0.0003.vnnlib,1200,sat True,,,,8.165331363677979,0.0,n03721384_marimba,-1.0,global,50176.0,0.0003,n03721384_marimba_global,True,0.0003,,,150528.0,0.0,150528.0,100.0
6716,onnx/vgg16-7.onnx,vnnlib/n03721384_marimba_seg0_fixmask_k50176_eps_0.0003.vnnlib,1200,sat True,,,,8.142375946044922,0.0,n03721384_marimba,0.0,fix_mask,50176.0,0.0003,n03721384_marimba_seg0_fixmask,False,0.0003,0.7228519916534424,"[0, 0, 223, 222]",80628.0,69900.0,150528.0,53.563456632653065
6720,onnx/vgg16-7.onnx,vnnlib/n03721384_marimba_seg0_fixnonmask_k50176_eps_0.0003.vnnlib,1200,sat True,,,,8.17295789718628,0.0,n03721384_marimba,0.0,fix_nonmask,50176.0,0.0003,n03721384_marimba_seg0_fixnonmask,False,0.0003,0.7228519916534424,"[0, 0, 223, 222]",69900.0,80628.0,150528.0,46.436543367346935
6724,onnx/vgg16-7.onnx,vnnlib/n03724870_mask_global_k50176_eps_0.0003.vnnlib,1200,sat True,,,,8.149940013885498,0.0,n03724870_mask,-1.0,global,50176.0,0.0003,n03724870_mask_global,True,0.0003,,,150528.0,0.0,150528.0,100.0
6728,onnx/vgg16-7.onnx,vnnlib/n03724870_mask_seg0_fixmask_k50176_eps_0.0003.vnnlib,1200,sat True,,,,8.160639762878418,0.0,n03724870_mask,0.0,fix_mask,50176.0,0.0003,n03724870_mask_seg0_fixmask,False,0.0003,0.7636054754257202,"[0, 0, 223, 223]",32538.0,117990.0,150528.0,21.61591198979592
6732,onnx/vgg16-7.onnx,vnnlib/n03724870_mask_seg0_fixnonmask_k50176_eps_0.0003.vnnlib,1200,sat True,,,,8.136080980300903,0.0,n03724870_mask,0.0,fix_nonmask,50176.0,0.0003,n03724870_mask_seg0_fixnonmask,False,0.0003,0.7636054754257202,"[0, 0, 223, 223]",117990.0,32538.0,150528.0,78.38408801020408
6736,onnx/vgg16-7.onnx,vnnlib/n03733131_maypole_global_k50176_eps_0.0003.vnnlib,1200,sat True,,,,8.161181449890137,0.0,n03733131_maypole,-1.0,global,50176.0,0.0003,n03733131_maypole_global,True,0.0003,,,150528.0,0.0,150528.0,100.0
6740,onnx/vgg16-7.onnx,vnnlib/n03733131_maypole_seg0_fixmask_k50176_eps_0.0003.vnnlib,1200,sat True,,,,8.129926681518555,0.0,n03733131_maypole,0.0,fix_mask,50176.0,0.0003,n03733131_maypole_seg0_fixmask,False,0.0003,0.619395911693573,"[0, 0, 223, 223]",96714.0,53814.0,150528.0,64.24984056122449
6744,onnx/vgg16-7.onnx,vnnlib/n03733131_maypole_seg0_fixnonmask_k50176_eps_0.0003.vnnlib,1200,sat True,,,,8.112198114395142,0.0,n03733131_maypole,0.0,fix_nonmask,50176.0,0.0003,n03733131_maypole_seg0_fixnonmask,False,0.0003,0.619395911693573,"[0, 0, 223, 223]",53814.0,96714.0,150528.0,35.75015943877551
6772,onnx/vgg16-7.onnx,vnnlib/n03743016_megalith_global_k50176_eps_0.0003.vnnlib,1200,timeout False,-14425715.0,3.0,6864.185879945755,6881.724304437637,0.0,n03743016_megalith,-1.0,global,50176.0,0.0003,n03743016_megalith_global,True,0.0003,,,150528.0,0.0,150528.0,100.0
6776,onnx/vgg16-7.onnx,vnnlib/n03743016_megalith_seg0_fixmask_k50176_eps_0.0003.vnnlib,1200,timeout False,-10.88487434387207,3.0,3543.00994849205,3560.50763297081,0.0,n03743016_megalith,0.0,fix_mask,50176.0,0.0003,n03743016_megalith_seg0_fixmask,False,0.0003,0.7351173162460327,"[0, 0, 223, 222]",47646.0,102882.0,150528.0,31.652582908163264
6780,onnx/vgg16-7.onnx,vnnlib/n03743016_megalith_seg0_fixnonmask_k50176_eps_0.0003.vnnlib,1200,timeout False,-632604.875,3.0,6183.063755273819,6200.566393136978,0.0,n03743016_megalith,0.0,fix_nonmask,50176.0,0.0003,n03743016_megalith_seg0_fixnonmask,False,0.0003,0.7351173162460327,"[0, 0, 223, 222]",102882.0,47646.0,150528.0,68.34741709183673
7708,onnx/vgg16-7.onnx,vnnlib/n04009552_projector_global_k50176_eps_0.0003.vnnlib,1200,error,,,,,,n04009552_projector,-1.0,global,50176.0,0.0003,n04009552_projector_global,True,0.0003,,,150528.0,0.0,150528.0,100.0
7712,onnx/vgg16-7.onnx,vnnlib/n04009552_projector_seg0_fixmask_k50176_eps_0.0003.vnnlib,1200,unsat False,1.887211799621582,0.0,975.2482862472534,992.8318767547609,0.0,n04009552_projector,0.0,fix_mask,50176.0,0.0003,n04009552_projector_seg0_fixmask,False,0.0003,0.9409666061401368,"[0, 0, 223, 222]",14277.0,136251.0,150528.0,9.484614158163266
7716,onnx/vgg16-7.onnx,vnnlib/n04009552_projector_seg0_fixnonmask_k50176_eps_0.0003.vnnlib,1200,timeout False,-3839390208.0,3.0,7730.099951267242,7745.717127799988,0.0,n04009552_projector,0.0,fix_nonmask,50176.0,0.0003,n04009552_projector_seg0_fixnonmask,False,0.0003,0.9409666061401368,"[0, 0, 223, 222]",136251.0,14277.0,150528.0,90.51538584183672
7720,onnx/vgg16-7.onnx,vnnlib/n04019541_puck_global_k50176_eps_0.0003.vnnlib,1200,sat True,,,,8.1686692237854,0.0,n04019541_puck,-1.0,global,50176.0,0.0003,n04019541_puck_global,True,0.0003,,,150528.0,0.0,150528.0,100.0
7724,onnx/vgg16-7.onnx,vnnlib/n04019541_puck_seg0_fixmask_k50176_eps_0.0003.vnnlib,1200,sat True,,,,8.153801679611206,0.0,n04019541_puck,0.0,fix_mask,50176.0,0.0003,n04019541_puck_seg0_fixmask,False,0.0003,0.6446295380592346,"[0, 0, 223, 223]",62790.0,87738.0,150528.0,41.713169642857146
7728,onnx/vgg16-7.onnx,vnnlib/n04019541_puck_seg0_fixnonmask_k50176_eps_0.0003.vnnlib,1200,sat True,,,,8.133641719818115,0.0,n04019541_puck,0.0,fix_nonmask,50176.0,0.0003,n04019541_puck_seg0_fixnonmask,False,0.0003,0.6446295380592346,"[0, 0, 223, 223]",87738.0,62790.0,150528.0,58.286830357142854
7744,onnx/vgg16-7.onnx,vnnlib/n04026417_purse_global_k50176_eps_0.0003.vnnlib,1200,timeout False,-3102572800.0,3.0,8216.043061494827,8233.715284347534,0.0,n04026417_purse,-1.0,global,50176.0,0.0003,n04026417_purse_global,True,0.0003,,,150528.0,0.0,150528.0,100.0
7748,onnx/vgg16-7.onnx,vnnlib/n04026417_purse_seg0_fixmask_k50176_eps_0.0003.vnnlib,1200,timeout False,-46.43756866455078,3.0,4809.41868019104,4882.527584552765,0.0,n04026417_purse,0.0,fix_mask,50176.0,0.0003,n04026417_purse_seg0_fixmask,False,0.0003,0.933651864528656,"[0, 2, 223, 219]",47238.0,103290.0,150528.0,31.38153698979592
7752,onnx/vgg16-7.onnx,vnnlib/n04026417_purse_seg0_fixnonmask_k50176_eps_0.0003.vnnlib,1200,timeout False,-73592432.0,3.0,9285.172571659088,9357.918453931808,0.0,n04026417_purse,0.0,fix_nonmask,50176.0,0.0003,n04026417_purse_seg0_fixnonmask,False,0.0003,0.933651864528656,"[0, 2, 223, 219]",103290.0,47238.0,150528.0,68.61846301020408
7756,onnx/vgg16-7.onnx,vnnlib/n04033901_quill_global_k50176_eps_0.0003.vnnlib,1200,sat True,,,,55.86404252052307,0.0,n04033901_quill,-1.0,global,50176.0,0.0003,n04033901_quill_global,True,0.0003,,,150528.0,0.0,150528.0,100.0
7760,onnx/vgg16-7.onnx,vnnlib/n04033901_quill_seg0_fixmask_k50176_eps_0.0003.vnnlib,1200,unsat False,0.070206880569458,0.0,990.4958746433258,1039.1388368606567,0.0,n04033901_quill,0.0,fix_mask,50176.0,0.0003,n04033901_quill_seg0_fixmask,False,0.0003,0.8938736319541931,"[0, 0, 223, 223]",3054.0,147474.0,150528.0,2.028858418367347
7764,onnx/vgg16-7.onnx,vnnlib/n04033901_quill_seg0_fixnonmask_k50176_eps_0.0003.vnnlib,1200,sat True,,,,56.328737020492554,0.0,n04033901_quill,0.0,fix_nonmask,50176.0,0.0003,n04033901_quill_seg0_fixnonmask,False,0.0003,0.8938736319541931,"[0, 0, 223, 223]",147474.0,3054.0,150528.0,97.97114158163264
7768,onnx/vgg16-7.onnx,vnnlib/n04033995_quilt_global_k50176_eps_0.0003.vnnlib,1200,sat True,,,,54.232816219329834,0.0,n04033995_quilt,-1.0,global,50176.0,0.0003,n04033995_quilt_global,True,0.0003,,,150528.0,0.0,150528.0,100.0
7772,onnx/vgg16-7.onnx,vnnlib/n04033995_quilt_seg0_fixmask_k50176_eps_0.0003.vnnlib,1200,sat True,,,,54.04632258415222,0.0,n04033995_quilt,0.0,fix_mask,50176.0,0.0003,n04033995_quilt_seg0_fixmask,False,0.0003,0.7666217088699341,"[0, 0, 223, 223]",18588.0,131940.0,150528.0,12.348533163265309
7776,onnx/vgg16-7.onnx,vnnlib/n04033995_quilt_seg0_fixnonmask_k50176_eps_0.0003.vnnlib,1200,sat True,,,,54.588576793670654,0.0,n04033995_quilt,0.0,fix_nonmask,50176.0,0.0003,n04033995_quilt_seg0_fixnonmask,False,0.0003,0.7666217088699341,"[0, 0, 223, 223]",131940.0,18588.0,150528.0,87.6514668367347
8716,onnx/vgg16-7.onnx,vnnlib/n04371774_swing_global_k50176_eps_0.0003.vnnlib,1200,sat True,,,,9.70873498916626,0.0,n04371774_swing,-1.0,global,50176.0,0.0003,n04371774_swing_global,True,0.0003,,,150528.0,0.0,150528.0,100.0
8720,onnx/vgg16-7.onnx,vnnlib/n04371774_swing_seg0_fixmask_k50176_eps_0.0003.vnnlib,1200,sat True,,,,9.876034021377563,0.0,n04371774_swing,0.0,fix_mask,50176.0,0.0003,n04371774_swing_seg0_fixmask,False,0.0003,0.6904228925704956,"[0, 0, 223, 222]",39030.0,111498.0,150528.0,25.92873086734694
8724,onnx/vgg16-7.onnx,vnnlib/n04371774_swing_seg0_fixnonmask_k50176_eps_0.0003.vnnlib,1200,sat True,,,,9.83463430404663,0.0,n04371774_swing,0.0,fix_nonmask,50176.0,0.0003,n04371774_swing_seg0_fixnonmask,False,0.0003,0.6904228925704956,"[0, 0, 223, 222]",111498.0,39030.0,150528.0,74.07126913265306
8728,onnx/vgg16-7.onnx,vnnlib/n04372370_switch_global_k50176_eps_0.0003.vnnlib,1200,sat True,,,,15.209489822387695,0.0,n04372370_switch,-1.0,global,50176.0,0.0003,n04372370_switch_global,True,0.0003,,,150528.0,0.0,150528.0,100.0
8732,onnx/vgg16-7.onnx,vnnlib/n04372370_switch_seg0_fixmask_k50176_eps_0.0003.vnnlib,1200,unsat False,0.020025610923767,0.0,880.6100947856903,903.1843888759612,0.0,n04372370_switch,0.0,fix_mask,50176.0,0.0003,n04372370_switch_seg0_fixmask,False,0.0003,0.80860435962677,"[0, 0, 223, 223]",22341.0,128187.0,150528.0,14.841757015306122
8736,onnx/vgg16-7.onnx,vnnlib/n04372370_switch_seg0_fixnonmask_k50176_eps_0.0003.vnnlib,1200,sat True,,,,11.23104214668274,0.0,n04372370_switch,0.0,fix_nonmask,50176.0,0.0003,n04372370_switch_seg0_fixnonmask,False,0.0003,0.80860435962677,"[0, 0, 223, 223]",128187.0,22341.0,150528.0,85.15824298469387
8740,onnx/vgg16-7.onnx,vnnlib/n04376876_syringe_global_k50176_eps_0.0003.vnnlib,1200,timeout False,-1210996.625,3.0,6001.044659376144,6023.337825059891,0.0,n04376876_syringe,-1.0,global,50176.0,0.0003,n04376876_syringe_global,True,0.0003,,,150528.0,0.0,150528.0,100.0
8744,onnx/vgg16-7.onnx,vnnlib/n04376876_syringe_seg0_fixmask_k50176_eps_0.0003.vnnlib,1200,timeout False,-3.8620376586914062,3.0,3246.83140540123,3267.53324508667,0.0,n04376876_syringe,0.0,fix_mask,50176.0,0.0003,n04376876_syringe_seg0_fixmask,False,0.0003,0.7617819905281067,"[0, 0, 223, 223]",62664.0,87864.0,150528.0,41.629464285714285
8748,onnx/vgg16-7.onnx,vnnlib/n04376876_syringe_seg0_fixnonmask_k50176_eps_0.0003.vnnlib,1200,timeout False,-537.6840209960938,3.0,3920.622591733933,3938.164430141449,0.0,n04376876_syringe,0.0,fix_nonmask,50176.0,0.0003,n04376876_syringe_seg0_fixnonmask,False,0.0003,0.7617819905281067,"[0, 0, 223, 223]",87864.0,62664.0,150528.0,58.370535714285715
8764,onnx/vgg16-7.onnx,vnnlib/n04389033_tank_global_k50176_eps_0.0003.vnnlib,1200,error,,,,,,n04389033_tank,-1.0,global,50176.0,0.0003,n04389033_tank_global,True,0.0003,,,150528.0,0.0,150528.0,100.0
8768,onnx/vgg16-7.onnx,vnnlib/n04389033_tank_seg0_fixmask_k50176_eps_0.0003.vnnlib,1200,timeout False,-226587.078125,3.0,5835.16647362709,5852.656934976578,0.0,n04389033_tank,0.0,fix_mask,50176.0,0.0003,n04389033_tank_seg0_fixmask,False,0.0003,0.8738492727279663,"[0, 0, 223, 205]",85872.0,64656.0,150528.0,57.047193877551024
8772,onnx/vgg16-7.onnx,vnnlib/n04389033_tank_seg0_fixnonmask_k50176_eps_0.0003.vnnlib,1200,timeout False,-406888.0625,3.0,6832.051949262619,6891.606475114822,0.0,n04389033_tank,0.0,fix_nonmask,50176.0,0.0003,n04389033_tank_seg0_fixnonmask,False,0.0003,0.8738492727279663,"[0, 0, 223, 205]",64656.0,85872.0,150528.0,42.952806122448976
8788,onnx/vgg16-7.onnx,vnnlib/n04398044_teapot_global_k50176_eps_0.0003.vnnlib,1200,sat True,,,,54.41516160964966,0.0,n04398044_teapot,-1.0,global,50176.0,0.0003,n04398044_teapot_global,True,0.0003,,,150528.0,0.0,150528.0,100.0
8792,onnx/vgg16-7.onnx,vnnlib/n04398044_teapot_seg0_fixmask_k50176_eps_0.0003.vnnlib,1200,sat False,-inf,,7.449871063232422,56.025437116622925,0.0,n04398044_teapot,0.0,fix_mask,50176.0,0.0003,n04398044_teapot_seg0_fixmask,False,0.0003,0.8429878950119019,"[0, 0, 223, 223]",7524.0,143004.0,150528.0,4.998405612244898
8796,onnx/vgg16-7.onnx,vnnlib/n04398044_teapot_seg0_fixnonmask_k50176_eps_0.0003.vnnlib,1200,sat True,,,,54.21407914161682,0.0,n04398044_teapot,0.0,fix_nonmask,50176.0,0.0003,n04398044_teapot_seg0_fixnonmask,False,0.0003,0.8429878950119019,"[0, 0, 223, 223]",143004.0,7524.0,150528.0,95.0015943877551
8800,onnx/vgg16-7.onnx,vnnlib/n04399382_teddy_global_k50176_eps_0.0003.vnnlib,1200,sat True,,,,54.41017770767212,0.0,n04399382_teddy,-1.0,global,50176.0,0.0003,n04399382_teddy_global,True,0.0003,,,150528.0,0.0,150528.0,100.0
8804,onnx/vgg16-7.onnx,vnnlib/n04399382_teddy_seg0_fixmask_k50176_eps_0.0003.vnnlib,1200,sat True,,,,53.76880693435669,0.0,n04399382_teddy,0.0,fix_mask,50176.0,0.0003,n04399382_teddy_seg0_fixmask,False,0.0003,0.8993602991104126,"[0, 0, 223, 223]",63753.0,86775.0,150528.0,42.35291772959184
8808,onnx/vgg16-7.onnx,vnnlib/n04399382_teddy_seg0_fixnonmask_k50176_eps_0.0003.vnnlib,1200,sat True,,,,53.98549461364746,0.0,n04399382_teddy,0.0,fix_nonmask,50176.0,0.0003,n04399382_teddy_seg0_fixnonmask,False,0.0003,0.8993602991104126,"[0, 0, 223, 223]",86775.0,63753.0,150528.0,57.64708227040816
8824,onnx/vgg16-7.onnx,vnnlib/n04417672_thatch_global_k50176_eps_0.0003.vnnlib,1200,sat True,,,,54.50699996948242,0.0,n04417672_thatch,-1.0,global,50176.0,0.0003,n04417672_thatch_global,True,0.0003,,,150528.0,0.0,150528.0,100.0
8828,onnx/vgg16-7.onnx,vnnlib/n04417672_thatch_seg0_fixmask_k50176_eps_0.0003.vnnlib,1200,sat True,,,,54.703075647354126,0.0,n04417672_thatch,0.0,fix_mask,50176.0,0.0003,n04417672_thatch_seg0_fixmask,False,0.0003,0.7929847240447998,"[0, 0, 223, 223]",71946.0,78582.0,150528.0,47.79575892857143
8832,onnx/vgg16-7.onnx,vnnlib/n04417672_thatch_seg0_fixnonmask_k50176_eps_0.0003.vnnlib,1200,sat True,,,,54.73793292045593,0.0,n04417672_thatch,0.0,fix_nonmask,50176.0,0.0003,n04417672_thatch_seg0_fixnonmask,False,0.0003,0.7929847240447998,"[0, 0, 223, 223]",78582.0,71946.0,150528.0,52.20424107142857
9748,onnx/vgg16-7.onnx,vnnlib/n07718472_cucumber_global_k50176_eps_0.0003.vnnlib,1200,sat True,,,,54.53237581253052,0.0,n07718472_cucumber,-1.0,global,50176.0,0.0003,n07718472_cucumber_global,True,0.0003,,,150528.0,0.0,150528.0,100.0
9752,onnx/vgg16-7.onnx,vnnlib/n07718472_cucumber_seg0_fixmask_k50176_eps_0.0003.vnnlib,1200,sat True,,,,54.83840298652649,0.0,n07718472_cucumber,0.0,fix_mask,50176.0,0.0003,n07718472_cucumber_seg0_fixmask,False,0.0003,0.4546294510364532,"[0, 0, 223, 223]",106320.0,44208.0,150528.0,70.6313775510204
9756,onnx/vgg16-7.onnx,vnnlib/n07718472_cucumber_seg0_fixnonmask_k50176_eps_0.0003.vnnlib,1200,sat True,,,,54.45156502723694,0.0,n07718472_cucumber,0.0,fix_nonmask,50176.0,0.0003,n07718472_cucumber_seg0_fixnonmask,False,0.0003,0.4546294510364532,"[0, 0, 223, 223]",44208.0,106320.0,150528.0,29.368622448979593
9760,onnx/vgg16-7.onnx,vnnlib/n07718747_artichoke_global_k50176_eps_0.0003.vnnlib,1200,sat True,,,,54.01300525665283,0.0,n07718747_artichoke,-1.0,global,50176.0,0.0003,n07718747_artichoke_global,True,0.0003,,,150528.0,0.0,150528.0,100.0
9764,onnx/vgg16-7.onnx,vnnlib/n07718747_artichoke_seg0_fixmask_k50176_eps_0.0003.vnnlib,1200,sat True,,,,54.63449192047119,0.0,n07718747_artichoke,0.0,fix_mask,50176.0,0.0003,n07718747_artichoke_seg0_fixmask,False,0.0003,0.7821097373962402,"[0, 0, 223, 223]",34308.0,116220.0,150528.0,22.791772959183675
9768,onnx/vgg16-7.onnx,vnnlib/n07718747_artichoke_seg0_fixnonmask_k50176_eps_0.0003.vnnlib,1200,sat True,,,,54.83830547332764,0.0,n07718747_artichoke,0.0,fix_nonmask,50176.0,0.0003,n07718747_artichoke_seg0_fixnonmask,False,0.0003,0.7821097373962402,"[0, 0, 223, 223]",116220.0,34308.0,150528.0,77.20822704081633
