instance_id,onnx,vnnlib,timeout,result,lb_minus_rhs,domains_visited,bab_time,all_time,init_unstable,image,segment_index,pattern,k,eps_res,tag,is_global,eps,score,bbox,num_changed,num_fixed,total,percent_changed
2,onnx/vgg16-7.onnx,vnnlib/n01440764_tench_global_k50176_eps_0.0001.vnnlib,1200,sat True,,,,2242.709431409836,0.0,n01440764_tench,-1.0,global,50176.0,0.0001,n01440764_tench_global,True,0.0001,,,150528.0,0.0,150528.0,100.0
6,onnx/vgg16-7.onnx,vnnlib/n01440764_tench_seg0_fixmask_k50176_eps_0.0001.vnnlib,1200,sat False,-inf,,1.4369990825653076,2214.6450679302216,0.0,n01440764_tench,0.0,fix_mask,50176.0,0.0001,n01440764_tench_seg0_fixmask,False,0.0001,0.9453021287918092,"[0, 0, 223, 223]",4446.0,146082.0,150528.0,2.9536033163265305
10,onnx/vgg16-7.onnx,vnnlib/n01440764_tench_seg0_fixnonmask_k50176_eps_0.0001.vnnlib,1200,sat True,,,,1851.6905987262728,0.0,n01440764_tench,0.0,fix_nonmask,50176.0,0.0001,n01440764_tench_seg0_fixnonmask,False,0.0001,0.9453021287918092,"[0, 0, 223, 223]",146082.0,4446.0,150528.0,97.04639668367346
62,onnx/vgg16-7.onnx,vnnlib/n01514668_cock_global_k50176_eps_0.0001.vnnlib,1200,sat True,,,,2248.5474939346313,0.0,n01514668_cock,-1.0,global,50176.0,0.0001,n01514668_cock_global,True,0.0001,,,150528.0,0.0,150528.0,100.0
66,onnx/vgg16-7.onnx,vnnlib/n01514668_cock_seg0_fixmask_k50176_eps_0.0001.vnnlib,1200,sat False,-inf,,1.4252326488494873,2243.350472688675,0.0,n01514668_cock,0.0,fix_mask,50176.0,0.0001,n01514668_cock_seg0_fixmask,False,0.0001,0.9203562140464784,"[0, 0, 223, 223]",8307.0,142221.0,150528.0,5.518574617346939
70,onnx/vgg16-7.onnx,vnnlib/n01514668_cock_seg0_fixnonmask_k50176_eps_0.0001.vnnlib,1200,sat True,,,,1857.4261202812197,0.0,n01514668_cock,0.0,fix_nonmask,50176.0,0.0001,n01514668_cock_seg0_fixnonmask,False,0.0001,0.9203562140464784,"[0, 0, 223, 223]",142221.0,8307.0,150528.0,94.48142538265306
74,onnx/vgg16-7.onnx,vnnlib/n01514859_hen_global_k50176_eps_0.0001.vnnlib,1200,sat True,,,,1857.4410338401792,0.0,n01514859_hen,-1.0,global,50176.0,0.0001,n01514859_hen_global,True,0.0001,,,150528.0,0.0,150528.0,100.0
78,onnx/vgg16-7.onnx,vnnlib/n01514859_hen_seg0_fixmask_k50176_eps_0.0001.vnnlib,1200,sat True,,,,1858.6581757068632,0.0,n01514859_hen,0.0,fix_mask,50176.0,0.0001,n01514859_hen_seg0_fixmask,False,0.0001,0.7729081511497498,"[0, 0, 223, 223]",54453.0,96075.0,150528.0,36.17466517857143
82,onnx/vgg16-7.onnx,vnnlib/n01514859_hen_seg0_fixnonmask_k50176_eps_0.0001.vnnlib,1200,sat True,,,,1855.046860218048,0.0,n01514859_hen,0.0,fix_nonmask,50176.0,0.0001,n01514859_hen_seg0_fixnonmask,False,0.0001,0.7729081511497498,"[0, 0, 223, 223]",96075.0,54453.0,150528.0,63.82533482142857
86,onnx/vgg16-7.onnx,vnnlib/n01518878_ostrich_global_k50176_eps_0.0001.vnnlib,1200,sat True,,,,2241.9156682491302,0.0,n01518878_ostrich,-1.0,global,50176.0,0.0001,n01518878_ostrich_global,True,0.0001,,,150528.0,0.0,150528.0,100.0
90,onnx/vgg16-7.onnx,vnnlib/n01518878_ostrich_seg0_fixmask_k50176_eps_0.0001.vnnlib,1200,sat True,,,,1860.1701900959015,0.0,n01518878_ostrich,0.0,fix_mask,50176.0,0.0001,n01518878_ostrich_seg0_fixmask,False,0.0001,0.9037345051765442,"[0, 0, 223, 222]",25761.0,124767.0,150528.0,17.113759566326532
94,onnx/vgg16-7.onnx,vnnlib/n01518878_ostrich_seg0_fixnonmask_k50176_eps_0.0001.vnnlib,1200,sat True,,,,1859.4047112464905,0.0,n01518878_ostrich,0.0,fix_nonmask,50176.0,0.0001,n01518878_ostrich_seg0_fixnonmask,False,0.0001,0.9037345051765442,"[0, 0, 223, 222]",124767.0,25761.0,150528.0,82.88624043367346
98,onnx/vgg16-7.onnx,vnnlib/n01530575_brambling_global_k50176_eps_0.0001.vnnlib,1200,sat True,,,,1850.9161529541016,0.0,n01530575_brambling,-1.0,global,50176.0,0.0001,n01530575_brambling_global,True,0.0001,,,150528.0,0.0,150528.0,100.0
102,onnx/vgg16-7.onnx,vnnlib/n01530575_brambling_seg0_fixmask_k50176_eps_0.0001.vnnlib,1200,sat True,,,,1859.1324572563171,0.0,n01530575_brambling,0.0,fix_mask,50176.0,0.0001,n01530575_brambling_seg0_fixmask,False,0.0001,0.8117584586143494,"[0, 0, 223, 223]",16950.0,133578.0,150528.0,11.260363520408164
106,onnx/vgg16-7.onnx,vnnlib/n01530575_brambling_seg0_fixnonmask_k50176_eps_0.0001.vnnlib,1200,sat True,,,,1850.3865594863892,0.0,n01530575_brambling,0.0,fix_nonmask,50176.0,0.0001,n01530575_brambling_seg0_fixnonmask,False,0.0001,0.8117584586143494,"[0, 0, 223, 223]",133578.0,16950.0,150528.0,88.73963647959184
110,onnx/vgg16-7.onnx,vnnlib/n01531178_goldfinch_global_k50176_eps_0.0001.vnnlib,1200,sat True,,,,1864.4326751232147,0.0,n01531178_goldfinch,-1.0,global,50176.0,0.0001,n01531178_goldfinch_global,True,0.0001,,,150528.0,0.0,150528.0,100.0
114,onnx/vgg16-7.onnx,vnnlib/n01531178_goldfinch_seg0_fixmask_k50176_eps_0.0001.vnnlib,1200,sat True,,,,1953.3637125492096,0.0,n01531178_goldfinch,0.0,fix_mask,50176.0,0.0001,n01531178_goldfinch_seg0_fixmask,False,0.0001,0.8897489309310913,"[0, 0, 223, 223]",33867.0,116661.0,150528.0,22.498804209183675
118,onnx/vgg16-7.onnx,vnnlib/n01531178_goldfinch_seg0_fixnonmask_k50176_eps_0.0001.vnnlib,1200,sat True,,,,2250.35368847847,0.0,n01531178_goldfinch,0.0,fix_nonmask,50176.0,0.0001,n01531178_goldfinch_seg0_fixnonmask,False,0.0001,0.8897489309310913,"[0, 0, 223, 223]",116661.0,33867.0,150528.0,77.50119579081633
182,onnx/vgg16-7.onnx,vnnlib/n01580077_jay_global_k50176_eps_0.0001.vnnlib,1200,sat True,,,,1857.925681591034,0.0,n01580077_jay,-1.0,global,50176.0,0.0001,n01580077_jay_global,True,0.0001,,,150528.0,0.0,150528.0,100.0
186,onnx/vgg16-7.onnx,vnnlib/n01580077_jay_seg0_fixmask_k50176_eps_0.0001.vnnlib,1200,sat True,,,,1858.1797778606417,0.0,n01580077_jay,0.0,fix_mask,50176.0,0.0001,n01580077_jay_seg0_fixmask,False,0.0001,0.8828009963035583,"[0, 0, 223, 222]",33411.0,117117.0,150528.0,22.195870535714285
190,onnx/vgg16-7.onnx,vnnlib/n01580077_jay_seg0_fixnonmask_k50176_eps_0.0001.vnnlib,1200,sat True,,,,1856.7467064857483,0.0,n01580077_jay,0.0,fix_nonmask,50176.0,0.0001,n01580077_jay_seg0_fixnonmask,False,0.0001,0.8828009963035583,"[0, 0, 223, 222]",117117.0,33411.0,150528.0,77.80412946428571
266,onnx/vgg16-7.onnx,vnnlib/n01631663_eft_global_k50176_eps_0.0001.vnnlib,1200,sat True,,,,2248.211633682251,0.0,n01631663_eft,-1.0,global,50176.0,0.0001,n01631663_eft_global,True,0.0001,,,150528.0,0.0,150528.0,100.0
270,onnx/vgg16-7.onnx,vnnlib/n01631663_eft_seg0_fixmask_k50176_eps_0.0001.vnnlib,1200,sat True,,,,1857.510089635849,0.0,n01631663_eft,0.0,fix_mask,50176.0,0.0001,n01631663_eft_seg0_fixmask,False,0.0001,0.8432222008705139,"[0, 0, 223, 223]",43314.0,107214.0,150528.0,28.77471301020408
274,onnx/vgg16-7.onnx,vnnlib/n01631663_eft_seg0_fixnonmask_k50176_eps_0.0001.vnnlib,1200,sat True,,,,1857.1880283355713,0.0,n01631663_eft,0.0,fix_nonmask,50176.0,0.0001,n01631663_eft_seg0_fixnonmask,False,0.0001,0.8432222008705139,"[0, 0, 223, 223]",107214.0,43314.0,150528.0,71.22528698979592
290,onnx/vgg16-7.onnx,vnnlib/n01641577_bullfrog_global_k50176_eps_0.0001.vnnlib,1200,sat True,,,,1854.7802011966703,0.0,n01641577_bullfrog,-1.0,global,50176.0,0.0001,n01641577_bullfrog_global,True,0.0001,,,150528.0,0.0,150528.0,100.0
294,onnx/vgg16-7.onnx,vnnlib/n01641577_bullfrog_seg0_fixmask_k50176_eps_0.0001.vnnlib,1200,sat True,,,,2358.857588529587,0.0,n01641577_bullfrog,0.0,fix_mask,50176.0,0.0001,n01641577_bullfrog_seg0_fixmask,False,0.0001,0.7734455466270447,"[0, 0, 223, 223]",21801.0,128727.0,150528.0,14.483019770408164
298,onnx/vgg16-7.onnx,vnnlib/n01641577_bullfrog_seg0_fixnonmask_k50176_eps_0.0001.vnnlib,1200,sat True,,,,2214.4809482097626,0.0,n01641577_bullfrog,0.0,fix_nonmask,50176.0,0.0001,n01641577_bullfrog_seg0_fixnonmask,False,0.0001,0.7734455466270447,"[0, 0, 223, 223]",128727.0,21801.0,150528.0,85.51698022959184
410,onnx/vgg16-7.onnx,vnnlib/n01685808_whiptail_global_k50176_eps_0.0001.vnnlib,1200,sat True,,,,2249.6751506328583,0.0,n01685808_whiptail,-1.0,global,50176.0,0.0001,n01685808_whiptail_global,True,0.0001,,,150528.0,0.0,150528.0,100.0
414,onnx/vgg16-7.onnx,vnnlib/n01685808_whiptail_seg0_fixmask_k50176_eps_0.0001.vnnlib,1200,sat True,,,,1945.1176052093504,0.0,n01685808_whiptail,0.0,fix_mask,50176.0,0.0001,n01685808_whiptail_seg0_fixmask,False,0.0001,0.5920038819313049,"[0, 0, 223, 223]",91572.0,58956.0,150528.0,60.833864795918366
418,onnx/vgg16-7.onnx,vnnlib/n01685808_whiptail_seg0_fixnonmask_k50176_eps_0.0001.vnnlib,1200,sat True,,,,2241.8753621578217,0.0,n01685808_whiptail,0.0,fix_nonmask,50176.0,0.0001,n01685808_whiptail_seg0_fixnonmask,False,0.0001,0.5920038819313049,"[0, 0, 223, 223]",58956.0,91572.0,150528.0,39.166135204081634
422,onnx/vgg16-7.onnx,vnnlib/n01687978_agama_global_k50176_eps_0.0001.vnnlib,1200,sat True,,,,1854.717806100845,0.0,n01687978_agama,-1.0,global,50176.0,0.0001,n01687978_agama_global,True,0.0001,,,150528.0,0.0,150528.0,100.0
426,onnx/vgg16-7.onnx,vnnlib/n01687978_agama_seg0_fixmask_k50176_eps_0.0001.vnnlib,1200,sat False,-inf,,1.3961000442504885,2359.5903425216675,0.0,n01687978_agama,0.0,fix_mask,50176.0,0.0001,n01687978_agama_seg0_fixmask,False,0.0001,0.9029330015182496,"[0, 0, 223, 223]",7917.0,142611.0,150528.0,5.259486607142857
430,onnx/vgg16-7.onnx,vnnlib/n01687978_agama_seg0_fixnonmask_k50176_eps_0.0001.vnnlib,1200,sat True,,,,1856.8676102161407,0.0,n01687978_agama,0.0,fix_nonmask,50176.0,0.0001,n01687978_agama_seg0_fixnonmask,False,0.0001,0.9029330015182496,"[0, 0, 223, 223]",142611.0,7917.0,150528.0,94.74051339285714
494,onnx/vgg16-7.onnx,vnnlib/n01704323_triceratops_global_k50176_eps_0.0001.vnnlib,1200,sat True,,,,1993.695768117905,0.0,n01704323_triceratops,-1.0,global,50176.0,0.0001,n01704323_triceratops_global,True,0.0001,,,150528.0,0.0,150528.0,100.0
498,onnx/vgg16-7.onnx,vnnlib/n01704323_triceratops_seg0_fixmask_k50176_eps_0.0001.vnnlib,1200,sat False,-inf,,1.4581959247589111,2227.183198928833,0.0,n01704323_triceratops,0.0,fix_mask,50176.0,0.0001,n01704323_triceratops_seg0_fixmask,False,0.0001,0.8741543292999268,"[0, 0, 223, 223]",3783.0,146745.0,150528.0,2.513153698979592
502,onnx/vgg16-7.onnx,vnnlib/n01704323_triceratops_seg0_fixnonmask_k50176_eps_0.0001.vnnlib,1200,sat True,,,,2226.465080499649,0.0,n01704323_triceratops,0.0,fix_nonmask,50176.0,0.0001,n01704323_triceratops_seg0_fixnonmask,False,0.0001,0.8741543292999268,"[0, 0, 223, 223]",146745.0,3783.0,150528.0,97.4868463010204
602,onnx/vgg16-7.onnx,vnnlib/n01756291_sidewinder_global_k50176_eps_0.0001.vnnlib,1200,sat True,,,,1986.0101313591003,0.0,n01756291_sidewinder,-1.0,global,50176.0,0.0001,n01756291_sidewinder_global,True,0.0001,,,150528.0,0.0,150528.0,100.0
606,onnx/vgg16-7.onnx,vnnlib/n01756291_sidewinder_seg0_fixmask_k50176_eps_0.0001.vnnlib,1200,sat True,,,,2217.920795440674,0.0,n01756291_sidewinder,0.0,fix_mask,50176.0,0.0001,n01756291_sidewinder_seg0_fixmask,False,0.0001,0.9148173332214355,"[0, 0, 223, 223]",32373.0,118155.0,150528.0,21.506297831632654
610,onnx/vgg16-7.onnx,vnnlib/n01756291_sidewinder_seg0_fixnonmask_k50176_eps_0.0001.vnnlib,1200,sat True,,,,1988.0068066120148,0.0,n01756291_sidewinder,0.0,fix_nonmask,50176.0,0.0001,n01756291_sidewinder_seg0_fixnonmask,False,0.0001,0.9148173332214355,"[0, 0, 223, 223]",118155.0,32373.0,150528.0,78.49370216836735
614,onnx/vgg16-7.onnx,vnnlib/n01768244_trilobite_global_k50176_eps_0.0001.vnnlib,1200,sat True,,,,1987.063660621643,0.0,n01768244_trilobite,-1.0,global,50176.0,0.0001,n01768244_trilobite_global,True,0.0001,,,150528.0,0.0,150528.0,100.0
618,onnx/vgg16-7.onnx,vnnlib/n01768244_trilobite_seg0_fixmask_k50176_eps_0.0001.vnnlib,1200,sat False,-inf,,1.5140628814697266,1992.594370126724,0.0,n01768244_trilobite,0.0,fix_mask,50176.0,0.0001,n01768244_trilobite_seg0_fixmask,False,0.0001,0.8933569192886353,"[0, 0, 223, 223]",6378.0,144150.0,150528.0,4.237085459183674
622,onnx/vgg16-7.onnx,vnnlib/n01768244_trilobite_seg0_fixnonmask_k50176_eps_0.0001.vnnlib,1200,sat True,,,,1983.236960411072,0.0,n01768244_trilobite,0.0,fix_nonmask,50176.0,0.0001,n01768244_trilobite_seg0_fixnonmask,False,0.0001,0.8933569192886353,"[0, 0, 223, 223]",144150.0,6378.0,150528.0,95.76291454081633
638,onnx/vgg16-7.onnx,vnnlib/n01770393_scorpion_global_k50176_eps_0.0001.vnnlib,1200,sat True,,,,2216.6851646900177,0.0,n01770393_scorpion,-1.0,global,50176.0,0.0001,n01770393_scorpion_global,True,0.0001,,,150528.0,0.0,150528.0,100.0
642,onnx/vgg16-7.onnx,vnnlib/n01770393_scorpion_seg0_fixmask_k50176_eps_0.0001.vnnlib,1200,sat True,,,,1983.41073179245,0.0,n01770393_scorpion,0.0,fix_mask,50176.0,0.0001,n01770393_scorpion_seg0_fixmask,False,0.0001,0.8547699451446533,"[0, 0, 223, 223]",22296.0,128232.0,150528.0,14.81186224489796
646,onnx/vgg16-7.onnx,vnnlib/n01770393_scorpion_seg0_fixnonmask_k50176_eps_0.0001.vnnlib,1200,sat True,,,,2130.741762638092,0.0,n01770393_scorpion,0.0,fix_nonmask,50176.0,0.0001,n01770393_scorpion_seg0_fixnonmask,False,0.0001,0.8547699451446533,"[0, 0, 223, 223]",128232.0,22296.0,150528.0,85.18813775510205
686,onnx/vgg16-7.onnx,vnnlib/n01774750_tarantula_global_k50176_eps_0.0001.vnnlib,1200,sat True,,,,2205.1097133159637,0.0,n01774750_tarantula,-1.0,global,50176.0,0.0001,n01774750_tarantula_global,True,0.0001,,,150528.0,0.0,150528.0,100.0
690,onnx/vgg16-7.onnx,vnnlib/n01774750_tarantula_seg0_fixmask_k50176_eps_0.0001.vnnlib,1200,sat True,,,,2205.277939796448,0.0,n01774750_tarantula,0.0,fix_mask,50176.0,0.0001,n01774750_tarantula_seg0_fixmask,False,0.0001,0.6544652581214905,"[0, 0, 223, 223]",77733.0,72795.0,150528.0,51.64022640306123
694,onnx/vgg16-7.onnx,vnnlib/n01774750_tarantula_seg0_fixnonmask_k50176_eps_0.0001.vnnlib,1200,sat True,,,,2212.213510274887,0.0,n01774750_tarantula,0.0,fix_nonmask,50176.0,0.0001,n01774750_tarantula_seg0_fixnonmask,False,0.0001,0.6544652581214905,"[0, 0, 223, 223]",72795.0,77733.0,150528.0,48.35977359693877
746,onnx/vgg16-7.onnx,vnnlib/n01796340_ptarmigan_global_k50176_eps_0.0001.vnnlib,1200,sat True,,,,2206.327857732773,0.0,n01796340_ptarmigan,-1.0,global,50176.0,0.0001,n01796340_ptarmigan_global,True,0.0001,,,150528.0,0.0,150528.0,100.0
750,onnx/vgg16-7.onnx,vnnlib/n01796340_ptarmigan_seg0_fixmask_k50176_eps_0.0001.vnnlib,1200,sat True,,,,2206.598954439163,0.0,n01796340_ptarmigan,0.0,fix_mask,50176.0,0.0001,n01796340_ptarmigan_seg0_fixmask,False,0.0001,0.8835960030555725,"[0, 0, 223, 223]",18756.0,131772.0,150528.0,12.46014030612245
754,onnx/vgg16-7.onnx,vnnlib/n01796340_ptarmigan_seg0_fixnonmask_k50176_eps_0.0001.vnnlib,1200,sat True,,,,1972.8351876735687,0.0,n01796340_ptarmigan,0.0,fix_nonmask,50176.0,0.0001,n01796340_ptarmigan_seg0_fixnonmask,False,0.0001,0.8835960030555725,"[0, 0, 223, 223]",131772.0,18756.0,150528.0,87.53985969387755
794,onnx/vgg16-7.onnx,vnnlib/n01807496_partridge_global_k50176_eps_0.0001.vnnlib,1200,sat True,,,,2167.664276123047,0.0,n01807496_partridge,-1.0,global,50176.0,0.0001,n01807496_partridge_global,True,0.0001,,,150528.0,0.0,150528.0,100.0
798,onnx/vgg16-7.onnx,vnnlib/n01807496_partridge_seg0_fixmask_k50176_eps_0.0001.vnnlib,1200,sat True,,,,1969.4171721935272,0.0,n01807496_partridge,0.0,fix_mask,50176.0,0.0001,n01807496_partridge_seg0_fixmask,False,0.0001,0.8426869511604309,"[0, 0, 223, 223]",19206.0,131322.0,150528.0,12.75908801020408
802,onnx/vgg16-7.onnx,vnnlib/n01807496_partridge_seg0_fixnonmask_k50176_eps_0.0001.vnnlib,1200,sat True,,,,2203.6518981456757,0.0,n01807496_partridge,0.0,fix_nonmask,50176.0,0.0001,n01807496_partridge_seg0_fixnonmask,False,0.0001,0.8426869511604309,"[0, 0, 223, 223]",131322.0,19206.0,150528.0,87.24091198979592
818,onnx/vgg16-7.onnx,vnnlib/n01818515_macaw_global_k50176_eps_0.0001.vnnlib,1200,sat True,,,,1966.141376018524,0.0,n01818515_macaw,-1.0,global,50176.0,0.0001,n01818515_macaw_global,True,0.0001,,,150528.0,0.0,150528.0,100.0
822,onnx/vgg16-7.onnx,vnnlib/n01818515_macaw_seg0_fixmask_k50176_eps_0.0001.vnnlib,1200,sat True,,,,2198.999153614044,0.0,n01818515_macaw,0.0,fix_mask,50176.0,0.0001,n01818515_macaw_seg0_fixmask,False,0.0001,0.6218721866607666,"[0, 0, 223, 223]",92436.0,58092.0,150528.0,61.407844387755105
826,onnx/vgg16-7.onnx,vnnlib/n01818515_macaw_seg0_fixnonmask_k50176_eps_0.0001.vnnlib,1200,sat True,,,,1962.9470777511597,0.0,n01818515_macaw,0.0,fix_nonmask,50176.0,0.0001,n01818515_macaw_seg0_fixnonmask,False,0.0001,0.6218721866607666,"[0, 0, 223, 223]",58092.0,92436.0,150528.0,38.592155612244895
842,onnx/vgg16-7.onnx,vnnlib/n01820546_lorikeet_global_k50176_eps_0.0001.vnnlib,1200,sat True,,,,1968.797210931778,0.0,n01820546_lorikeet,-1.0,global,50176.0,0.0001,n01820546_lorikeet_global,True,0.0001,,,150528.0,0.0,150528.0,100.0
846,onnx/vgg16-7.onnx,vnnlib/n01820546_lorikeet_seg0_fixmask_k50176_eps_0.0001.vnnlib,1200,sat True,,,,2196.091741323471,0.0,n01820546_lorikeet,0.0,fix_mask,50176.0,0.0001,n01820546_lorikeet_seg0_fixmask,False,0.0001,0.890245795249939,"[0, 0, 223, 222]",46434.0,104094.0,150528.0,30.847417091836736
850,onnx/vgg16-7.onnx,vnnlib/n01820546_lorikeet_seg0_fixnonmask_k50176_eps_0.0001.vnnlib,1200,sat True,,,,1966.8759219646456,0.0,n01820546_lorikeet,0.0,fix_nonmask,50176.0,0.0001,n01820546_lorikeet_seg0_fixnonmask,False,0.0001,0.890245795249939,"[0, 0, 223, 222]",104094.0,46434.0,150528.0,69.15258290816327
854,onnx/vgg16-7.onnx,vnnlib/n01824575_coucal_global_k50176_eps_0.0001.vnnlib,1200,sat True,,,,2205.5131409168243,0.0,n01824575_coucal,-1.0,global,50176.0,0.0001,n01824575_coucal_global,True,0.0001,,,150528.0,0.0,150528.0,100.0
858,onnx/vgg16-7.onnx,vnnlib/n01824575_coucal_seg0_fixmask_k50176_eps_0.0001.vnnlib,1200,sat True,,,,1966.8044817447665,0.0,n01824575_coucal,0.0,fix_mask,50176.0,0.0001,n01824575_coucal_seg0_fixmask,False,0.0001,0.4630907773971557,"[0, 0, 223, 223]",115185.0,35343.0,150528.0,76.52064732142857
862,onnx/vgg16-7.onnx,vnnlib/n01824575_coucal_seg0_fixnonmask_k50176_eps_0.0001.vnnlib,1200,sat True,,,,2195.6697080135345,0.0,n01824575_coucal,0.0,fix_nonmask,50176.0,0.0001,n01824575_coucal_seg0_fixnonmask,False,0.0001,0.4630907773971557,"[0, 0, 223, 223]",35343.0,115185.0,150528.0,23.479352678571427
878,onnx/vgg16-7.onnx,vnnlib/n01829413_hornbill_global_k50176_eps_0.0001.vnnlib,1200,sat True,,,,1968.4959771633148,0.0,n01829413_hornbill,-1.0,global,50176.0,0.0001,n01829413_hornbill_global,True,0.0001,,,150528.0,0.0,150528.0,100.0
882,onnx/vgg16-7.onnx,vnnlib/n01829413_hornbill_seg0_fixmask_k50176_eps_0.0001.vnnlib,1200,sat True,,,,1970.1469194889069,0.0,n01829413_hornbill,0.0,fix_mask,50176.0,0.0001,n01829413_hornbill_seg0_fixmask,False,0.0001,0.8663651347160339,"[0, 0, 223, 223]",37092.0,113436.0,150528.0,24.64126275510204
886,onnx/vgg16-7.onnx,vnnlib/n01829413_hornbill_seg0_fixnonmask_k50176_eps_0.0001.vnnlib,1200,sat True,,,,1969.4677112102509,0.0,n01829413_hornbill,0.0,fix_nonmask,50176.0,0.0001,n01829413_hornbill_seg0_fixnonmask,False,0.0001,0.8663651347160339,"[0, 0, 223, 223]",113436.0,37092.0,150528.0,75.35873724489795
902,onnx/vgg16-7.onnx,vnnlib/n01843065_jacamar_global_k50176_eps_0.0001.vnnlib,1200,sat True,,,,2122.9405975341797,0.0,n01843065_jacamar,-1.0,global,50176.0,0.0001,n01843065_jacamar_global,True,0.0001,,,150528.0,0.0,150528.0,100.0
906,onnx/vgg16-7.onnx,vnnlib/n01843065_jacamar_seg0_fixmask_k50176_eps_0.0001.vnnlib,1200,sat True,,,,1962.3997223377228,0.0,n01843065_jacamar,0.0,fix_mask,50176.0,0.0001,n01843065_jacamar_seg0_fixmask,False,0.0001,0.6688520908355713,"[0, 0, 223, 223]",44499.0,106029.0,150528.0,29.561941964285715
910,onnx/vgg16-7.onnx,vnnlib/n01843065_jacamar_seg0_fixnonmask_k50176_eps_0.0001.vnnlib,1200,sat True,,,,1965.6071875095367,0.0,n01843065_jacamar,0.0,fix_nonmask,50176.0,0.0001,n01843065_jacamar_seg0_fixnonmask,False,0.0001,0.6688520908355713,"[0, 0, 223, 223]",106029.0,44499.0,150528.0,70.43805803571429
926,onnx/vgg16-7.onnx,vnnlib/n01847000_drake_global_k50176_eps_0.0001.vnnlib,1200,sat True,,,,2199.340079307556,0.0,n01847000_drake,-1.0,global,50176.0,0.0001,n01847000_drake_global,True,0.0001,,,150528.0,0.0,150528.0,100.0
930,onnx/vgg16-7.onnx,vnnlib/n01847000_drake_seg0_fixmask_k50176_eps_0.0001.vnnlib,1200,sat True,,,,2201.834456920624,0.0,n01847000_drake,0.0,fix_mask,50176.0,0.0001,n01847000_drake_seg0_fixmask,False,0.0001,0.892393171787262,"[0, 0, 223, 223]",17922.0,132606.0,150528.0,11.90609056122449
934,onnx/vgg16-7.onnx,vnnlib/n01847000_drake_seg0_fixnonmask_k50176_eps_0.0001.vnnlib,1200,sat True,,,,2195.4697227478027,0.0,n01847000_drake,0.0,fix_nonmask,50176.0,0.0001,n01847000_drake_seg0_fixnonmask,False,0.0001,0.892393171787262,"[0, 0, 223, 223]",132606.0,17922.0,150528.0,88.09390943877551
974,onnx/vgg16-7.onnx,vnnlib/n01871265_tusker_global_k50176_eps_0.0001.vnnlib,1200,sat True,,,,27.290665864944454,0.0,n01871265_tusker,-1.0,global,50176.0,0.0001,n01871265_tusker_global,True,0.0001,,,150528.0,0.0,150528.0,100.0
978,onnx/vgg16-7.onnx,vnnlib/n01871265_tusker_seg0_fixmask_k50176_eps_0.0001.vnnlib,1200,sat True,,,,27.80942678451538,0.0,n01871265_tusker,0.0,fix_mask,50176.0,0.0001,n01871265_tusker_seg0_fixmask,False,0.0001,0.7893674373626709,"[0, 0, 223, 220]",57981.0,92547.0,150528.0,38.51841517857143
982,onnx/vgg16-7.onnx,vnnlib/n01871265_tusker_seg0_fixnonmask_k50176_eps_0.0001.vnnlib,1200,sat True,,,,28.129997730255127,0.0,n01871265_tusker,0.0,fix_nonmask,50176.0,0.0001,n01871265_tusker_seg0_fixnonmask,False,0.0001,0.7893674373626709,"[0, 0, 223, 220]",92547.0,57981.0,150528.0,61.48158482142857
986,onnx/vgg16-7.onnx,vnnlib/n01872401_echidna_global_k50176_eps_0.0001.vnnlib,1200,sat True,,,,27.33955478668213,0.0,n01872401_echidna,-1.0,global,50176.0,0.0001,n01872401_echidna_global,True,0.0001,,,150528.0,0.0,150528.0,100.0
990,onnx/vgg16-7.onnx,vnnlib/n01872401_echidna_seg0_fixmask_k50176_eps_0.0001.vnnlib,1200,sat True,,,,25.267563343048096,0.0,n01872401_echidna,0.0,fix_mask,50176.0,0.0001,n01872401_echidna_seg0_fixmask,False,0.0001,0.8836685419082642,"[0, 0, 223, 223]",54531.0,95997.0,150528.0,36.22648278061224
994,onnx/vgg16-7.onnx,vnnlib/n01872401_echidna_seg0_fixnonmask_k50176_eps_0.0001.vnnlib,1200,sat True,,,,27.722350120544434,0.0,n01872401_echidna,0.0,fix_nonmask,50176.0,0.0001,n01872401_echidna_seg0_fixnonmask,False,0.0001,0.8836685419082642,"[0, 0, 223, 223]",95997.0,54531.0,150528.0,63.77351721938776
998,onnx/vgg16-7.onnx,vnnlib/n01873310_platypus_global_k50176_eps_0.0001.vnnlib,1200,sat True,,,,29.54763436317444,0.0,n01873310_platypus,-1.0,global,50176.0,0.0001,n01873310_platypus_global,True,0.0001,,,150528.0,0.0,150528.0,100.0
1002,onnx/vgg16-7.onnx,vnnlib/n01873310_platypus_seg0_fixmask_k50176_eps_0.0001.vnnlib,1200,sat True,,,,18.38090944290161,0.0,n01873310_platypus,0.0,fix_mask,50176.0,0.0001,n01873310_platypus_seg0_fixmask,False,0.0001,0.747942328453064,"[0, 0, 223, 223]",73233.0,77295.0,150528.0,48.650749362244895
1006,onnx/vgg16-7.onnx,vnnlib/n01873310_platypus_seg0_fixnonmask_k50176_eps_0.0001.vnnlib,1200,sat True,,,,28.39191770553589,0.0,n01873310_platypus,0.0,fix_nonmask,50176.0,0.0001,n01873310_platypus_seg0_fixnonmask,False,0.0001,0.747942328453064,"[0, 0, 223, 223]",77295.0,73233.0,150528.0,51.349250637755105
1010,onnx/vgg16-7.onnx,vnnlib/n01877812_wallaby_global_k50176_eps_0.0001.vnnlib,1200,sat True,,,,28.427291870117188,0.0,n01877812_wallaby,-1.0,global,50176.0,0.0001,n01877812_wallaby_global,True,0.0001,,,150528.0,0.0,150528.0,100.0
1014,onnx/vgg16-7.onnx,vnnlib/n01877812_wallaby_seg0_fixmask_k50176_eps_0.0001.vnnlib,1200,sat True,,,,29.175440311431885,0.0,n01877812_wallaby,0.0,fix_mask,50176.0,0.0001,n01877812_wallaby_seg0_fixmask,False,0.0001,0.763184130191803,"[0, 0, 223, 223]",10011.0,140517.0,150528.0,6.650589923469388
1018,onnx/vgg16-7.onnx,vnnlib/n01877812_wallaby_seg0_fixnonmask_k50176_eps_0.0001.vnnlib,1200,sat True,,,,17.328868865966797,0.0,n01877812_wallaby,0.0,fix_nonmask,50176.0,0.0001,n01877812_wallaby_seg0_fixnonmask,False,0.0001,0.763184130191803,"[0, 0, 223, 223]",140517.0,10011.0,150528.0,93.34941007653062
1022,onnx/vgg16-7.onnx,vnnlib/n01882714_koala_global_k50176_eps_0.0001.vnnlib,1200,sat True,,,,18.0571506023407,0.0,n01882714_koala,-1.0,global,50176.0,0.0001,n01882714_koala_global,True,0.0001,,,150528.0,0.0,150528.0,100.0
1026,onnx/vgg16-7.onnx,vnnlib/n01882714_koala_seg0_fixmask_k50176_eps_0.0001.vnnlib,1200,sat True,,,,8.553772449493408,0.0,n01882714_koala,0.0,fix_mask,50176.0,0.0001,n01882714_koala_seg0_fixmask,False,0.0001,0.9428346157073976,"[0, 7, 223, 219]",41184.0,109344.0,150528.0,27.35969387755102
1030,onnx/vgg16-7.onnx,vnnlib/n01882714_koala_seg0_fixnonmask_k50176_eps_0.0001.vnnlib,1200,sat True,,,,25.844600915908813,0.0,n01882714_koala,0.0,fix_nonmask,50176.0,0.0001,n01882714_koala_seg0_fixnonmask,False,0.0001,0.9428346157073976,"[0, 7, 223, 219]",109344.0,41184.0,150528.0,72.64030612244898
1034,onnx/vgg16-7.onnx,vnnlib/n01883070_wombat_global_k50176_eps_0.0001.vnnlib,1200,sat True,,,,23.053301572799683,0.0,n01883070_wombat,-1.0,global,50176.0,0.0001,n01883070_wombat_global,True,0.0001,,,150528.0,0.0,150528.0,100.0
1038,onnx/vgg16-7.onnx,vnnlib/n01883070_wombat_seg0_fixmask_k50176_eps_0.0001.vnnlib,1200,sat True,,,,28.781336784362793,0.0,n01883070_wombat,0.0,fix_mask,50176.0,0.0001,n01883070_wombat_seg0_fixmask,False,0.0001,0.9007347822189332,"[0, 0, 223, 223]",40401.0,110127.0,150528.0,26.83952487244898
1042,onnx/vgg16-7.onnx,vnnlib/n01883070_wombat_seg0_fixnonmask_k50176_eps_0.0001.vnnlib,1200,sat True,,,,23.804757356643677,0.0,n01883070_wombat,0.0,fix_nonmask,50176.0,0.0001,n01883070_wombat_seg0_fixnonmask,False,0.0001,0.9007347822189332,"[0, 0, 223, 223]",110127.0,40401.0,150528.0,73.16047512755102
1118,onnx/vgg16-7.onnx,vnnlib/n01945685_slug_global_k50176_eps_0.0001.vnnlib,1200,sat True,,,,27.3353750705719,0.0,n01945685_slug,-1.0,global,50176.0,0.0001,n01945685_slug_global,True,0.0001,,,150528.0,0.0,150528.0,100.0
1122,onnx/vgg16-7.onnx,vnnlib/n01945685_slug_seg0_fixmask_k50176_eps_0.0001.vnnlib,1200,sat True,,,,27.87380290031433,0.0,n01945685_slug,0.0,fix_mask,50176.0,0.0001,n01945685_slug_seg0_fixmask,False,0.0001,0.8710233569145203,"[0, 1, 223, 223]",71208.0,79320.0,150528.0,47.30548469387755
1126,onnx/vgg16-7.onnx,vnnlib/n01945685_slug_seg0_fixnonmask_k50176_eps_0.0001.vnnlib,1200,sat True,,,,26.994580030441284,0.0,n01945685_slug,0.0,fix_nonmask,50176.0,0.0001,n01945685_slug_seg0_fixnonmask,False,0.0001,0.8710233569145203,"[0, 1, 223, 223]",79320.0,71208.0,150528.0,52.69451530612245
1238,onnx/vgg16-7.onnx,vnnlib/n01990800_isopod_global_k50176_eps_0.0001.vnnlib,1200,sat True,,,,29.52978467941284,0.0,n01990800_isopod,-1.0,global,50176.0,0.0001,n01990800_isopod_global,True,0.0001,,,150528.0,0.0,150528.0,100.0
1242,onnx/vgg16-7.onnx,vnnlib/n01990800_isopod_seg0_fixmask_k50176_eps_0.0001.vnnlib,1200,sat False,-inf,,1.513871192932129,25.429383039474487,0.0,n01990800_isopod,0.0,fix_mask,50176.0,0.0001,n01990800_isopod_seg0_fixmask,False,0.0001,0.784122884273529,"[0, 0, 223, 223]",4170.0,146358.0,150528.0,2.770248724489796
1246,onnx/vgg16-7.onnx,vnnlib/n01990800_isopod_seg0_fixnonmask_k50176_eps_0.0001.vnnlib,1200,sat True,,,,25.48537254333496,0.0,n01990800_isopod,0.0,fix_nonmask,50176.0,0.0001,n01990800_isopod_seg0_fixnonmask,False,0.0001,0.784122884273529,"[0, 0, 223, 223]",146358.0,4170.0,150528.0,97.2297512755102
1286,onnx/vgg16-7.onnx,vnnlib/n02007558_flamingo_global_k50176_eps_0.0001.vnnlib,1200,sat True,,,,14.94641375541687,0.0,n02007558_flamingo,-1.0,global,50176.0,0.0001,n02007558_flamingo_global,True,0.0001,,,150528.0,0.0,150528.0,100.0
1290,onnx/vgg16-7.onnx,vnnlib/n02007558_flamingo_seg0_fixmask_k50176_eps_0.0001.vnnlib,1200,sat True,,,,14.63683032989502,0.0,n02007558_flamingo,0.0,fix_mask,50176.0,0.0001,n02007558_flamingo_seg0_fixmask,False,0.0001,0.7151638269424438,"[0, 0, 223, 223]",53253.0,97275.0,150528.0,35.37747130102041
1294,onnx/vgg16-7.onnx,vnnlib/n02007558_flamingo_seg0_fixnonmask_k50176_eps_0.0001.vnnlib,1200,sat True,,,,14.812498569488524,0.0,n02007558_flamingo,0.0,fix_nonmask,50176.0,0.0001,n02007558_flamingo_seg0_fixnonmask,False,0.0001,0.7151638269424438,"[0, 0, 223, 223]",97275.0,53253.0,150528.0,64.6225286989796
1454,onnx/vgg16-7.onnx,vnnlib/n02051845_pelican_global_k50176_eps_0.0001.vnnlib,1200,sat True,,,,8.20735478401184,0.0,n02051845_pelican,-1.0,global,50176.0,0.0001,n02051845_pelican_global,True,0.0001,,,150528.0,0.0,150528.0,100.0
1458,onnx/vgg16-7.onnx,vnnlib/n02051845_pelican_seg0_fixmask_k50176_eps_0.0001.vnnlib,1200,sat True,,,,8.29487419128418,0.0,n02051845_pelican,0.0,fix_mask,50176.0,0.0001,n02051845_pelican_seg0_fixmask,False,0.0001,0.8604021668434143,"[0, 0, 223, 223]",81240.0,69288.0,150528.0,53.97002551020408
1462,onnx/vgg16-7.onnx,vnnlib/n02051845_pelican_seg0_fixnonmask_k50176_eps_0.0001.vnnlib,1200,sat True,,,,8.309977769851685,0.0,n02051845_pelican,0.0,fix_nonmask,50176.0,0.0001,n02051845_pelican_seg0_fixnonmask,False,0.0001,0.8604021668434143,"[0, 0, 223, 223]",69288.0,81240.0,150528.0,46.02997448979592
1478,onnx/vgg16-7.onnx,vnnlib/n02058221_albatross_global_k50176_eps_0.0001.vnnlib,1200,sat True,,,,8.375938177108765,0.0,n02058221_albatross,-1.0,global,50176.0,0.0001,n02058221_albatross_global,True,0.0001,,,150528.0,0.0,150528.0,100.0
1482,onnx/vgg16-7.onnx,vnnlib/n02058221_albatross_seg0_fixmask_k50176_eps_0.0001.vnnlib,1200,sat True,,,,8.137431144714355,0.0,n02058221_albatross,0.0,fix_mask,50176.0,0.0001,n02058221_albatross_seg0_fixmask,False,0.0001,0.90899920463562,"[0, 0, 223, 223]",35178.0,115350.0,150528.0,23.369738520408163
1486,onnx/vgg16-7.onnx,vnnlib/n02058221_albatross_seg0_fixnonmask_k50176_eps_0.0001.vnnlib,1200,sat True,,,,7.904551267623901,0.0,n02058221_albatross,0.0,fix_nonmask,50176.0,0.0001,n02058221_albatross_seg0_fixnonmask,False,0.0001,0.90899920463562,"[0, 0, 223, 223]",115350.0,35178.0,150528.0,76.63026147959184
1514,onnx/vgg16-7.onnx,vnnlib/n02074367_dugong_global_k50176_eps_0.0001.vnnlib,1200,sat True,,,,10.0047926902771,0.0,n02074367_dugong,-1.0,global,50176.0,0.0001,n02074367_dugong_global,True,0.0001,,,150528.0,0.0,150528.0,100.0
1518,onnx/vgg16-7.onnx,vnnlib/n02074367_dugong_seg0_fixmask_k50176_eps_0.0001.vnnlib,1200,sat False,-inf,,2.47139835357666,11.00426697731018,0.0,n02074367_dugong,0.0,fix_mask,50176.0,0.0001,n02074367_dugong_seg0_fixmask,False,0.0001,0.8628674149513245,"[0, 1, 223, 222]",8664.0,141864.0,150528.0,5.755739795918367
1522,onnx/vgg16-7.onnx,vnnlib/n02074367_dugong_seg0_fixnonmask_k50176_eps_0.0001.vnnlib,1200,sat True,,,,8.084814548492432,0.0,n02074367_dugong,0.0,fix_nonmask,50176.0,0.0001,n02074367_dugong_seg0_fixnonmask,False,0.0001,0.8628674149513245,"[0, 1, 223, 222]",141864.0,8664.0,150528.0,94.24426020408164
1586,onnx/vgg16-7.onnx,vnnlib/n02086240_Shih-Tzu_global_k50176_eps_0.0001.vnnlib,1200,sat True,,,,11.914926052093506,0.0,n02086240_Shih-Tzu,-1.0,global,50176.0,0.0001,n02086240_Shih-Tzu_global,True,0.0001,,,150528.0,0.0,150528.0,100.0
1590,onnx/vgg16-7.onnx,vnnlib/n02086240_Shih-Tzu_seg0_fixmask_k50176_eps_0.0001.vnnlib,1200,sat True,,,,8.355866432189941,0.0,n02086240_Shih-Tzu,0.0,fix_mask,50176.0,0.0001,n02086240_Shih-Tzu_seg0_fixmask,False,0.0001,0.8884432315826416,"[0, 0, 223, 223]",13680.0,136848.0,150528.0,9.088010204081632
1594,onnx/vgg16-7.onnx,vnnlib/n02086240_Shih-Tzu_seg0_fixnonmask_k50176_eps_0.0001.vnnlib,1200,sat True,,,,12.00421977043152,0.0,n02086240_Shih-Tzu,0.0,fix_nonmask,50176.0,0.0001,n02086240_Shih-Tzu_seg0_fixnonmask,False,0.0001,0.8884432315826416,"[0, 0, 223, 223]",136848.0,13680.0,150528.0,90.91198979591836
1610,onnx/vgg16-7.onnx,vnnlib/n02086910_papillon_global_k50176_eps_0.0001.vnnlib,1200,sat True,,,,8.225064992904663,0.0,n02086910_papillon,-1.0,global,50176.0,0.0001,n02086910_papillon_global,True,0.0001,,,150528.0,0.0,150528.0,100.0
1614,onnx/vgg16-7.onnx,vnnlib/n02086910_papillon_seg0_fixmask_k50176_eps_0.0001.vnnlib,1200,sat True,,,,10.542941331863403,0.0,n02086910_papillon,0.0,fix_mask,50176.0,0.0001,n02086910_papillon_seg0_fixmask,False,0.0001,0.9371724128723145,"[0, 0, 223, 223]",36717.0,113811.0,150528.0,24.392139668367346
1618,onnx/vgg16-7.onnx,vnnlib/n02086910_papillon_seg0_fixnonmask_k50176_eps_0.0001.vnnlib,1200,sat True,,,,11.332984924316406,0.0,n02086910_papillon,0.0,fix_nonmask,50176.0,0.0001,n02086910_papillon_seg0_fixnonmask,False,0.0001,0.9371724128723145,"[0, 0, 223, 223]",113811.0,36717.0,150528.0,75.60786033163265
1790,onnx/vgg16-7.onnx,vnnlib/n02091831_Saluki_global_k50176_eps_0.0001.vnnlib,1200,sat True,,,,10.260618209838867,0.0,n02091831_Saluki,-1.0,global,50176.0,0.0001,n02091831_Saluki_global,True,0.0001,,,150528.0,0.0,150528.0,100.0
1794,onnx/vgg16-7.onnx,vnnlib/n02091831_Saluki_seg0_fixmask_k50176_eps_0.0001.vnnlib,1200,sat True,,,,9.966477632522585,0.0,n02091831_Saluki,0.0,fix_mask,50176.0,0.0001,n02091831_Saluki_seg0_fixmask,False,0.0001,0.9069421291351318,"[0, 1, 223, 223]",35439.0,115089.0,150528.0,23.543128188775512
1798,onnx/vgg16-7.onnx,vnnlib/n02091831_Saluki_seg0_fixnonmask_k50176_eps_0.0001.vnnlib,1200,sat True,,,,10.723793029785156,0.0,n02091831_Saluki,0.0,fix_nonmask,50176.0,0.0001,n02091831_Saluki_seg0_fixnonmask,False,0.0001,0.9069421291351318,"[0, 1, 223, 223]",115089.0,35439.0,150528.0,76.45687181122449
1958,onnx/vgg16-7.onnx,vnnlib/n02096051_Airedale_global_k50176_eps_0.0001.vnnlib,1200,unsat False,0.6080179810523987,0.0,745.8341624736786,763.5474758148193,0.0,n02096051_Airedale,-1.0,global,50176.0,0.0001,n02096051_Airedale_global,True,0.0001,,,150528.0,0.0,150528.0,100.0
1962,onnx/vgg16-7.onnx,vnnlib/n02096051_Airedale_seg0_fixmask_k50176_eps_0.0001.vnnlib,1200,unsat False,0.7029501795768738,0.0,668.7104239463806,682.960248708725,0.0,n02096051_Airedale,0.0,fix_mask,50176.0,0.0001,n02096051_Airedale_seg0_fixmask,False,0.0001,0.7541897892951965,"[0, 0, 223, 223]",62973.0,87555.0,150528.0,41.834741709183675
1966,onnx/vgg16-7.onnx,vnnlib/n02096051_Airedale_seg0_fixnonmask_k50176_eps_0.0001.vnnlib,1200,unsat False,0.6962660551071167,0.0,691.2113707065582,705.6325097084045,0.0,n02096051_Airedale,0.0,fix_nonmask,50176.0,0.0001,n02096051_Airedale_seg0_fixnonmask,False,0.0001,0.7541897892951965,"[0, 0, 223, 223]",87555.0,62973.0,150528.0,58.165258290816325
2210,onnx/vgg16-7.onnx,vnnlib/n02101556_clumber_global_k50176_eps_0.0001.vnnlib,1200,sat True,,,,10.313547611236572,0.0,n02101556_clumber,-1.0,global,50176.0,0.0001,n02101556_clumber_global,True,0.0001,,,150528.0,0.0,150528.0,100.0
2214,onnx/vgg16-7.onnx,vnnlib/n02101556_clumber_seg0_fixmask_k50176_eps_0.0001.vnnlib,1200,sat True,,,,10.173842668533323,0.0,n02101556_clumber,0.0,fix_mask,50176.0,0.0001,n02101556_clumber_seg0_fixmask,False,0.0001,0.9387112259864808,"[0, 1, 223, 223]",34707.0,115821.0,150528.0,23.056839923469383
2218,onnx/vgg16-7.onnx,vnnlib/n02101556_clumber_seg0_fixnonmask_k50176_eps_0.0001.vnnlib,1200,sat True,,,,10.07421875,0.0,n02101556_clumber,0.0,fix_nonmask,50176.0,0.0001,n02101556_clumber_seg0_fixnonmask,False,0.0001,0.9387112259864808,"[0, 1, 223, 223]",115821.0,34707.0,150528.0,76.94316007653062
2282,onnx/vgg16-7.onnx,vnnlib/n02104029_kuvasz_global_k50176_eps_0.0001.vnnlib,1200,sat True,,,,10.338785648345947,0.0,n02104029_kuvasz,-1.0,global,50176.0,0.0001,n02104029_kuvasz_global,True,0.0001,,,150528.0,0.0,150528.0,100.0
2286,onnx/vgg16-7.onnx,vnnlib/n02104029_kuvasz_seg0_fixmask_k50176_eps_0.0001.vnnlib,1200,sat True,,,,9.893078088760376,0.0,n02104029_kuvasz,0.0,fix_mask,50176.0,0.0001,n02104029_kuvasz_seg0_fixmask,False,0.0001,0.9134284257888794,"[0, 0, 223, 223]",17304.0,133224.0,150528.0,11.495535714285714
2290,onnx/vgg16-7.onnx,vnnlib/n02104029_kuvasz_seg0_fixnonmask_k50176_eps_0.0001.vnnlib,1200,sat True,,,,10.0015389919281,0.0,n02104029_kuvasz,0.0,fix_nonmask,50176.0,0.0001,n02104029_kuvasz_seg0_fixnonmask,False,0.0001,0.9134284257888794,"[0, 0, 223, 223]",133224.0,17304.0,150528.0,88.50446428571429
2318,onnx/vgg16-7.onnx,vnnlib/n02105162_malinois_global_k50176_eps_0.0001.vnnlib,1200,sat True,,,,10.266279458999634,0.0,n02105162_malinois,-1.0,global,50176.0,0.0001,n02105162_malinois_global,True,0.0001,,,150528.0,0.0,150528.0,100.0
2322,onnx/vgg16-7.onnx,vnnlib/n02105162_malinois_seg0_fixmask_k50176_eps_0.0001.vnnlib,1200,sat True,,,,9.91596531867981,0.0,n02105162_malinois,0.0,fix_mask,50176.0,0.0001,n02105162_malinois_seg0_fixmask,False,0.0001,0.9064364433288574,"[0, 0, 223, 223]",27381.0,123147.0,150528.0,18.189971301020407
2326,onnx/vgg16-7.onnx,vnnlib/n02105162_malinois_seg0_fixnonmask_k50176_eps_0.0001.vnnlib,1200,sat True,,,,10.212604999542236,0.0,n02105162_malinois,0.0,fix_nonmask,50176.0,0.0001,n02105162_malinois_seg0_fixnonmask,False,0.0001,0.9064364433288574,"[0, 0, 223, 223]",123147.0,27381.0,150528.0,81.8100286989796
2330,onnx/vgg16-7.onnx,vnnlib/n02105251_briard_global_k50176_eps_0.0001.vnnlib,1200,sat True,,,,10.491216897964478,0.0,n02105251_briard,-1.0,global,50176.0,0.0001,n02105251_briard_global,True,0.0001,,,150528.0,0.0,150528.0,100.0
2334,onnx/vgg16-7.onnx,vnnlib/n02105251_briard_seg0_fixmask_k50176_eps_0.0001.vnnlib,1200,sat True,,,,10.210139989852903,0.0,n02105251_briard,0.0,fix_mask,50176.0,0.0001,n02105251_briard_seg0_fixmask,False,0.0001,0.783096432685852,"[0, 0, 223, 223]",35370.0,115158.0,150528.0,23.497289540816325
2338,onnx/vgg16-7.onnx,vnnlib/n02105251_briard_seg0_fixnonmask_k50176_eps_0.0001.vnnlib,1200,sat True,,,,7.78970193862915,0.0,n02105251_briard,0.0,fix_nonmask,50176.0,0.0001,n02105251_briard_seg0_fixnonmask,False,0.0001,0.783096432685852,"[0, 0, 223, 223]",115158.0,35370.0,150528.0,76.50271045918367
2342,onnx/vgg16-7.onnx,vnnlib/n02105412_kelpie_global_k50176_eps_0.0001.vnnlib,1200,sat True,,,,9.870618104934692,0.0,n02105412_kelpie,-1.0,global,50176.0,0.0001,n02105412_kelpie_global,True,0.0001,,,150528.0,0.0,150528.0,100.0
2346,onnx/vgg16-7.onnx,vnnlib/n02105412_kelpie_seg0_fixmask_k50176_eps_0.0001.vnnlib,1200,sat True,,,,9.87028741836548,0.0,n02105412_kelpie,0.0,fix_mask,50176.0,0.0001,n02105412_kelpie_seg0_fixmask,False,0.0001,0.902455985546112,"[0, 0, 223, 223]",47409.0,103119.0,150528.0,31.49513711734694
2350,onnx/vgg16-7.onnx,vnnlib/n02105412_kelpie_seg0_fixnonmask_k50176_eps_0.0001.vnnlib,1200,sat True,,,,10.13180136680603,0.0,n02105412_kelpie,0.0,fix_nonmask,50176.0,0.0001,n02105412_kelpie_seg0_fixnonmask,False,0.0001,0.902455985546112,"[0, 0, 223, 223]",103119.0,47409.0,150528.0,68.50486288265306
2354,onnx/vgg16-7.onnx,vnnlib/n02105505_komondor_global_k50176_eps_0.0001.vnnlib,1200,sat True,,,,10.15457034111023,0.0,n02105505_komondor,-1.0,global,50176.0,0.0001,n02105505_komondor_global,True,0.0001,,,150528.0,0.0,150528.0,100.0
2358,onnx/vgg16-7.onnx,vnnlib/n02105505_komondor_seg0_fixmask_k50176_eps_0.0001.vnnlib,1200,sat False,-inf,,2.4428911209106445,10.863900423049929,0.0,n02105505_komondor,0.0,fix_mask,50176.0,0.0001,n02105505_komondor_seg0_fixmask,False,0.0001,0.958928108215332,"[0, 0, 223, 223]",8181.0,142347.0,150528.0,5.434869260204081
2362,onnx/vgg16-7.onnx,vnnlib/n02105505_komondor_seg0_fixnonmask_k50176_eps_0.0001.vnnlib,1200,sat True,,,,9.808477878570557,0.0,n02105505_komondor,0.0,fix_nonmask,50176.0,0.0001,n02105505_komondor_seg0_fixnonmask,False,0.0001,0.958928108215332,"[0, 0, 223, 223]",142347.0,8181.0,150528.0,94.56513073979592
2438,onnx/vgg16-7.onnx,vnnlib/n02107142_Doberman_global_k50176_eps_0.0001.vnnlib,1200,sat True,,,,9.922776699066162,0.0,n02107142_Doberman,-1.0,global,50176.0,0.0001,n02107142_Doberman_global,True,0.0001,,,150528.0,0.0,150528.0,100.0
2442,onnx/vgg16-7.onnx,vnnlib/n02107142_Doberman_seg0_fixmask_k50176_eps_0.0001.vnnlib,1200,sat True,,,,10.10717797279358,0.0,n02107142_Doberman,0.0,fix_mask,50176.0,0.0001,n02107142_Doberman_seg0_fixmask,False,0.0001,0.9167232513427734,"[0, 0, 223, 223]",43539.0,106989.0,150528.0,28.9241868622449
2446,onnx/vgg16-7.onnx,vnnlib/n02107142_Doberman_seg0_fixnonmask_k50176_eps_0.0001.vnnlib,1200,sat True,,,,9.870018720626833,0.0,n02107142_Doberman,0.0,fix_nonmask,50176.0,0.0001,n02107142_Doberman_seg0_fixnonmask,False,0.0001,0.9167232513427734,"[0, 0, 223, 223]",106989.0,43539.0,150528.0,71.0758131377551
2558,onnx/vgg16-7.onnx,vnnlib/n02110063_malamute_global_k50176_eps_0.0001.vnnlib,1200,timeout False,-914.8093872070312,3.0,2813.3972342014313,2830.5245106220245,0.0,n02110063_malamute,-1.0,global,50176.0,0.0001,n02110063_malamute_global,True,0.0001,,,150528.0,0.0,150528.0,100.0
2562,onnx/vgg16-7.onnx,vnnlib/n02110063_malamute_seg0_fixmask_k50176_eps_0.0001.vnnlib,1200,unsat False,0.0392239391803741,0.0,626.2006001472473,643.3355996608734,0.0,n02110063_malamute,0.0,fix_mask,50176.0,0.0001,n02110063_malamute_seg0_fixmask,False,0.0001,0.9159966707229614,"[0, 0, 223, 223]",11220.0,139308.0,150528.0,7.453762755102041
2566,onnx/vgg16-7.onnx,vnnlib/n02110063_malamute_seg0_fixnonmask_k50176_eps_0.0001.vnnlib,1200,timeout False,-318.3642272949219,3.0,2674.816054582596,2692.0610518455505,0.0,n02110063_malamute,0.0,fix_nonmask,50176.0,0.0001,n02110063_malamute_seg0_fixnonmask,False,0.0001,0.9159966707229614,"[0, 0, 223, 223]",139308.0,11220.0,150528.0,92.54623724489797
2594,onnx/vgg16-7.onnx,vnnlib/n02110806_basenji_global_k50176_eps_0.0001.vnnlib,1200,sat True,,,,10.096077919006348,0.0,n02110806_basenji,-1.0,global,50176.0,0.0001,n02110806_basenji_global,True,0.0001,,,150528.0,0.0,150528.0,100.0
2598,onnx/vgg16-7.onnx,vnnlib/n02110806_basenji_seg0_fixmask_k50176_eps_0.0001.vnnlib,1200,sat True,,,,9.89404296875,0.0,n02110806_basenji,0.0,fix_mask,50176.0,0.0001,n02110806_basenji_seg0_fixmask,False,0.0001,0.8429379463195801,"[0, 0, 223, 223]",73809.0,76719.0,150528.0,49.03340242346939
2602,onnx/vgg16-7.onnx,vnnlib/n02110806_basenji_seg0_fixnonmask_k50176_eps_0.0001.vnnlib,1200,sat True,,,,9.917566299438477,0.0,n02110806_basenji,0.0,fix_nonmask,50176.0,0.0001,n02110806_basenji_seg0_fixnonmask,False,0.0001,0.8429379463195801,"[0, 0, 223, 223]",76719.0,73809.0,150528.0,50.96659757653061
2618,onnx/vgg16-7.onnx,vnnlib/n02111129_Leonberg_global_k50176_eps_0.0001.vnnlib,1200,sat True,,,,7.942698240280151,0.0,n02111129_Leonberg,-1.0,global,50176.0,0.0001,n02111129_Leonberg_global,True,0.0001,,,150528.0,0.0,150528.0,100.0
2622,onnx/vgg16-7.onnx,vnnlib/n02111129_Leonberg_seg0_fixmask_k50176_eps_0.0001.vnnlib,1200,sat True,,,,9.832393169403076,0.0,n02111129_Leonberg,0.0,fix_mask,50176.0,0.0001,n02111129_Leonberg_seg0_fixmask,False,0.0001,0.7671524286270142,"[0, 0, 223, 222]",86499.0,64029.0,150528.0,57.46372767857143
2626,onnx/vgg16-7.onnx,vnnlib/n02111129_Leonberg_seg0_fixnonmask_k50176_eps_0.0001.vnnlib,1200,sat True,,,,8.058497428894043,0.0,n02111129_Leonberg,0.0,fix_nonmask,50176.0,0.0001,n02111129_Leonberg_seg0_fixnonmask,False,0.0001,0.7671524286270142,"[0, 0, 223, 222]",64029.0,86499.0,150528.0,42.53627232142857
2630,onnx/vgg16-7.onnx,vnnlib/n02111277_Newfoundland_global_k50176_eps_0.0001.vnnlib,1200,sat True,,,,10.078034162521362,0.0,n02111277_Newfoundland,-1.0,global,50176.0,0.0001,n02111277_Newfoundland_global,True,0.0001,,,150528.0,0.0,150528.0,100.0
2634,onnx/vgg16-7.onnx,vnnlib/n02111277_Newfoundland_seg0_fixmask_k50176_eps_0.0001.vnnlib,1200,sat True,,,,7.77616548538208,0.0,n02111277_Newfoundland,0.0,fix_mask,50176.0,0.0001,n02111277_Newfoundland_seg0_fixmask,False,0.0001,0.9384971857070924,"[0, 6, 223, 223]",28041.0,122487.0,150528.0,18.628427933673468
2638,onnx/vgg16-7.onnx,vnnlib/n02111277_Newfoundland_seg0_fixnonmask_k50176_eps_0.0001.vnnlib,1200,sat True,,,,10.203607559204102,0.0,n02111277_Newfoundland,0.0,fix_nonmask,50176.0,0.0001,n02111277_Newfoundland_seg0_fixnonmask,False,0.0001,0.9384971857070924,"[0, 6, 223, 223]",122487.0,28041.0,150528.0,81.37157206632654
2690,onnx/vgg16-7.onnx,vnnlib/n02112350_keeshond_global_k50176_eps_0.0001.vnnlib,1200,sat True,,,,10.028961896896362,0.0,n02112350_keeshond,-1.0,global,50176.0,0.0001,n02112350_keeshond_global,True,0.0001,,,150528.0,0.0,150528.0,100.0
2694,onnx/vgg16-7.onnx,vnnlib/n02112350_keeshond_seg0_fixmask_k50176_eps_0.0001.vnnlib,1200,sat True,,,,10.330543756484984,0.0,n02112350_keeshond,0.0,fix_mask,50176.0,0.0001,n02112350_keeshond_seg0_fixmask,False,0.0001,0.9593664407730104,"[7, 0, 223, 223]",27780.0,122748.0,150528.0,18.45503826530612
2698,onnx/vgg16-7.onnx,vnnlib/n02112350_keeshond_seg0_fixnonmask_k50176_eps_0.0001.vnnlib,1200,sat True,,,,10.14706540107727,0.0,n02112350_keeshond,0.0,fix_nonmask,50176.0,0.0001,n02112350_keeshond_seg0_fixnonmask,False,0.0001,0.9593664407730104,"[7, 0, 223, 223]",122748.0,27780.0,150528.0,81.54496173469387
2714,onnx/vgg16-7.onnx,vnnlib/n02113023_Pembroke_global_k50176_eps_0.0001.vnnlib,1200,sat True,,,,9.981477737426758,0.0,n02113023_Pembroke,-1.0,global,50176.0,0.0001,n02113023_Pembroke_global,True,0.0001,,,150528.0,0.0,150528.0,100.0
2718,onnx/vgg16-7.onnx,vnnlib/n02113023_Pembroke_seg0_fixmask_k50176_eps_0.0001.vnnlib,1200,sat True,,,,8.104971885681152,0.0,n02113023_Pembroke,0.0,fix_mask,50176.0,0.0001,n02113023_Pembroke_seg0_fixmask,False,0.0001,0.7968304753303528,"[0, 1, 223, 223]",61860.0,88668.0,150528.0,41.095344387755105
2722,onnx/vgg16-7.onnx,vnnlib/n02113023_Pembroke_seg0_fixnonmask_k50176_eps_0.0001.vnnlib,1200,sat True,,,,7.774149179458618,0.0,n02113023_Pembroke,0.0,fix_nonmask,50176.0,0.0001,n02113023_Pembroke_seg0_fixnonmask,False,0.0001,0.7968304753303528,"[0, 1, 223, 223]",88668.0,61860.0,150528.0,58.904655612244895
2834,onnx/vgg16-7.onnx,vnnlib/n02115913_dhole_global_k50176_eps_0.0001.vnnlib,1200,sat True,,,,9.87221360206604,0.0,n02115913_dhole,-1.0,global,50176.0,0.0001,n02115913_dhole_global,True,0.0001,,,150528.0,0.0,150528.0,100.0
2838,onnx/vgg16-7.onnx,vnnlib/n02115913_dhole_seg0_fixmask_k50176_eps_0.0001.vnnlib,1200,sat True,,,,9.928894519805908,0.0,n02115913_dhole,0.0,fix_mask,50176.0,0.0001,n02115913_dhole_seg0_fixmask,False,0.0001,0.8044253587722778,"[0, 0, 223, 223]",33348.0,117180.0,150528.0,22.154017857142858
2842,onnx/vgg16-7.onnx,vnnlib/n02115913_dhole_seg0_fixnonmask_k50176_eps_0.0001.vnnlib,1200,sat True,,,,8.408427953720093,0.0,n02115913_dhole,0.0,fix_nonmask,50176.0,0.0001,n02115913_dhole_seg0_fixnonmask,False,0.0001,0.8044253587722778,"[0, 0, 223, 223]",117180.0,33348.0,150528.0,77.84598214285714
2858,onnx/vgg16-7.onnx,vnnlib/n02117135_hyena_global_k50176_eps_0.0001.vnnlib,1200,sat True,,,,10.047830820083618,0.0,n02117135_hyena,-1.0,global,50176.0,0.0001,n02117135_hyena_global,True,0.0001,,,150528.0,0.0,150528.0,100.0
2862,onnx/vgg16-7.onnx,vnnlib/n02117135_hyena_seg0_fixmask_k50176_eps_0.0001.vnnlib,1200,sat True,,,,10.570355415344238,0.0,n02117135_hyena,0.0,fix_mask,50176.0,0.0001,n02117135_hyena_seg0_fixmask,False,0.0001,0.875552237033844,"[0, 0, 223, 223]",34818.0,115710.0,150528.0,23.130580357142858
2866,onnx/vgg16-7.onnx,vnnlib/n02117135_hyena_seg0_fixnonmask_k50176_eps_0.0001.vnnlib,1200,sat True,,,,10.291674375534058,0.0,n02117135_hyena,0.0,fix_nonmask,50176.0,0.0001,n02117135_hyena_seg0_fixnonmask,False,0.0001,0.875552237033844,"[0, 0, 223, 223]",115710.0,34818.0,150528.0,76.86941964285714
2918,onnx/vgg16-7.onnx,vnnlib/n02123045_tabby_global_k50176_eps_0.0001.vnnlib,1200,sat True,,,,10.038676500320436,0.0,n02123045_tabby,-1.0,global,50176.0,0.0001,n02123045_tabby_global,True,0.0001,,,150528.0,0.0,150528.0,100.0
2922,onnx/vgg16-7.onnx,vnnlib/n02123045_tabby_seg0_fixmask_k50176_eps_0.0001.vnnlib,1200,sat True,,,,9.5877947807312,0.0,n02123045_tabby,0.0,fix_mask,50176.0,0.0001,n02123045_tabby_seg0_fixmask,False,0.0001,0.9522085785865784,"[0, 0, 223, 223]",12477.0,138051.0,150528.0,8.288823341836734
2926,onnx/vgg16-7.onnx,vnnlib/n02123045_tabby_seg0_fixnonmask_k50176_eps_0.0001.vnnlib,1200,sat True,,,,9.862839221954346,0.0,n02123045_tabby,0.0,fix_nonmask,50176.0,0.0001,n02123045_tabby_seg0_fixnonmask,False,0.0001,0.9522085785865784,"[0, 0, 223, 223]",138051.0,12477.0,150528.0,91.71117665816328
2966,onnx/vgg16-7.onnx,vnnlib/n02125311_cougar_global_k50176_eps_0.0001.vnnlib,1200,sat True,,,,9.218036651611328,0.0,n02125311_cougar,-1.0,global,50176.0,0.0001,n02125311_cougar_global,True,0.0001,,,150528.0,0.0,150528.0,100.0
2970,onnx/vgg16-7.onnx,vnnlib/n02125311_cougar_seg0_fixmask_k50176_eps_0.0001.vnnlib,1200,sat True,,,,9.009307146072388,0.0,n02125311_cougar,0.0,fix_mask,50176.0,0.0001,n02125311_cougar_seg0_fixmask,False,0.0001,0.6610202193260193,"[0, 0, 223, 223]",63933.0,86595.0,150528.0,42.47249681122449
2974,onnx/vgg16-7.onnx,vnnlib/n02125311_cougar_seg0_fixnonmask_k50176_eps_0.0001.vnnlib,1200,sat True,,,,10.553719282150269,0.0,n02125311_cougar,0.0,fix_nonmask,50176.0,0.0001,n02125311_cougar_seg0_fixnonmask,False,0.0001,0.6610202193260193,"[0, 0, 223, 223]",86595.0,63933.0,150528.0,57.52750318877551
2978,onnx/vgg16-7.onnx,vnnlib/n02127052_lynx_global_k50176_eps_0.0001.vnnlib,1200,sat True,,,,10.49427843093872,0.0,n02127052_lynx,-1.0,global,50176.0,0.0001,n02127052_lynx_global,True,0.0001,,,150528.0,0.0,150528.0,100.0
2982,onnx/vgg16-7.onnx,vnnlib/n02127052_lynx_seg0_fixmask_k50176_eps_0.0001.vnnlib,1200,sat True,,,,11.849798679351808,0.0,n02127052_lynx,0.0,fix_mask,50176.0,0.0001,n02127052_lynx_seg0_fixmask,False,0.0001,0.8662172555923462,"[0, 0, 223, 223]",30927.0,119601.0,150528.0,20.545679209183675
2986,onnx/vgg16-7.onnx,vnnlib/n02127052_lynx_seg0_fixnonmask_k50176_eps_0.0001.vnnlib,1200,sat True,,,,11.957534313201904,0.0,n02127052_lynx,0.0,fix_nonmask,50176.0,0.0001,n02127052_lynx_seg0_fixnonmask,False,0.0001,0.8662172555923462,"[0, 0, 223, 223]",119601.0,30927.0,150528.0,79.45432079081633
3026,onnx/vgg16-7.onnx,vnnlib/n02129604_tiger_global_k50176_eps_0.0001.vnnlib,1200,sat True,,,,8.217684745788574,0.0,n02129604_tiger,-1.0,global,50176.0,0.0001,n02129604_tiger_global,True,0.0001,,,150528.0,0.0,150528.0,100.0
3030,onnx/vgg16-7.onnx,vnnlib/n02129604_tiger_seg0_fixmask_k50176_eps_0.0001.vnnlib,1200,sat True,,,,8.17307734489441,0.0,n02129604_tiger,0.0,fix_mask,50176.0,0.0001,n02129604_tiger_seg0_fixmask,False,0.0001,0.8968974351882935,"[0, 0, 223, 223]",24534.0,125994.0,150528.0,16.298628826530614
3034,onnx/vgg16-7.onnx,vnnlib/n02129604_tiger_seg0_fixnonmask_k50176_eps_0.0001.vnnlib,1200,sat True,,,,8.014851331710815,0.0,n02129604_tiger,0.0,fix_nonmask,50176.0,0.0001,n02129604_tiger_seg0_fixnonmask,False,0.0001,0.8968974351882935,"[0, 0, 223, 223]",125994.0,24534.0,150528.0,83.70137117346938
3098,onnx/vgg16-7.onnx,vnnlib/n02137549_mongoose_global_k50176_eps_0.0001.vnnlib,1200,sat True,,,,8.195527791976929,0.0,n02137549_mongoose,-1.0,global,50176.0,0.0001,n02137549_mongoose_global,True,0.0001,,,150528.0,0.0,150528.0,100.0
3102,onnx/vgg16-7.onnx,vnnlib/n02137549_mongoose_seg0_fixmask_k50176_eps_0.0001.vnnlib,1200,sat True,,,,8.842633485794067,0.0,n02137549_mongoose,0.0,fix_mask,50176.0,0.0001,n02137549_mongoose_seg0_fixmask,False,0.0001,0.7669277191162109,"[0, 0, 223, 223]",80046.0,70482.0,150528.0,53.17681760204081
3106,onnx/vgg16-7.onnx,vnnlib/n02137549_mongoose_seg0_fixnonmask_k50176_eps_0.0001.vnnlib,1200,sat True,,,,10.061867713928224,0.0,n02137549_mongoose,0.0,fix_nonmask,50176.0,0.0001,n02137549_mongoose_seg0_fixnonmask,False,0.0001,0.7669277191162109,"[0, 0, 223, 223]",70482.0,80046.0,150528.0,46.82318239795919
3206,onnx/vgg16-7.onnx,vnnlib/n02190166_fly_global_k50176_eps_0.0001.vnnlib,1200,sat True,,,,8.037654876708984,0.0,n02190166_fly,-1.0,global,50176.0,0.0001,n02190166_fly_global,True,0.0001,,,150528.0,0.0,150528.0,100.0
3210,onnx/vgg16-7.onnx,vnnlib/n02190166_fly_seg0_fixmask_k50176_eps_0.0001.vnnlib,1200,sat True,,,,8.179928064346313,0.0,n02190166_fly,0.0,fix_mask,50176.0,0.0001,n02190166_fly_seg0_fixmask,False,0.0001,0.7917088866233826,"[0, 0, 223, 223]",55632.0,94896.0,150528.0,36.95790816326531
3214,onnx/vgg16-7.onnx,vnnlib/n02190166_fly_seg0_fixnonmask_k50176_eps_0.0001.vnnlib,1200,sat True,,,,8.496529340744019,0.0,n02190166_fly,0.0,fix_nonmask,50176.0,0.0001,n02190166_fly_seg0_fixnonmask,False,0.0001,0.7917088866233826,"[0, 0, 223, 223]",94896.0,55632.0,150528.0,63.04209183673469
3218,onnx/vgg16-7.onnx,vnnlib/n02206856_bee_global_k50176_eps_0.0001.vnnlib,1200,sat True,,,,10.485531568527222,0.0,n02206856_bee,-1.0,global,50176.0,0.0001,n02206856_bee_global,True,0.0001,,,150528.0,0.0,150528.0,100.0
3222,onnx/vgg16-7.onnx,vnnlib/n02206856_bee_seg0_fixmask_k50176_eps_0.0001.vnnlib,1200,sat True,,,,9.95310926437378,0.0,n02206856_bee,0.0,fix_mask,50176.0,0.0001,n02206856_bee_seg0_fixmask,False,0.0001,0.6757987141609192,"[0, 0, 223, 223]",57417.0,93111.0,150528.0,38.14373405612245
3226,onnx/vgg16-7.onnx,vnnlib/n02206856_bee_seg0_fixnonmask_k50176_eps_0.0001.vnnlib,1200,sat True,,,,7.964954614639282,0.0,n02206856_bee,0.0,fix_nonmask,50176.0,0.0001,n02206856_bee_seg0_fixnonmask,False,0.0001,0.6757987141609192,"[0, 0, 223, 223]",93111.0,57417.0,150528.0,61.85626594387755
3302,onnx/vgg16-7.onnx,vnnlib/n02259212_leafhopper_global_k50176_eps_0.0001.vnnlib,1200,sat True,,,,9.662564754486084,0.0,n02259212_leafhopper,-1.0,global,50176.0,0.0001,n02259212_leafhopper_global,True,0.0001,,,150528.0,0.0,150528.0,100.0
3306,onnx/vgg16-7.onnx,vnnlib/n02259212_leafhopper_seg0_fixmask_k50176_eps_0.0001.vnnlib,1200,sat False,-inf,,1.4879868030548096,9.076812744140623,0.0,n02259212_leafhopper,0.0,fix_mask,50176.0,0.0001,n02259212_leafhopper_seg0_fixmask,False,0.0001,0.9504467844963074,"[0, 0, 223, 223]",2469.0,148059.0,150528.0,1.6402264030612246
3310,onnx/vgg16-7.onnx,vnnlib/n02259212_leafhopper_seg0_fixnonmask_k50176_eps_0.0001.vnnlib,1200,sat True,,,,10.18626856803894,0.0,n02259212_leafhopper,0.0,fix_nonmask,50176.0,0.0001,n02259212_leafhopper_seg0_fixnonmask,False,0.0001,0.9504467844963074,"[0, 0, 223, 223]",148059.0,2469.0,150528.0,98.35977359693878
3326,onnx/vgg16-7.onnx,vnnlib/n02268853_damselfly_global_k50176_eps_0.0001.vnnlib,1200,sat True,,,,11.7190101146698,0.0,n02268853_damselfly,-1.0,global,50176.0,0.0001,n02268853_damselfly_global,True,0.0001,,,150528.0,0.0,150528.0,100.0
3330,onnx/vgg16-7.onnx,vnnlib/n02268853_damselfly_seg0_fixmask_k50176_eps_0.0001.vnnlib,1200,sat True,,,,11.656904697418211,0.0,n02268853_damselfly,0.0,fix_mask,50176.0,0.0001,n02268853_damselfly_seg0_fixmask,False,0.0001,0.7611114382743835,"[0, 2, 223, 220]",41553.0,108975.0,150528.0,27.60483099489796
3334,onnx/vgg16-7.onnx,vnnlib/n02268853_damselfly_seg0_fixnonmask_k50176_eps_0.0001.vnnlib,1200,sat True,,,,7.895864009857178,0.0,n02268853_damselfly,0.0,fix_nonmask,50176.0,0.0001,n02268853_damselfly_seg0_fixnonmask,False,0.0001,0.7611114382743835,"[0, 2, 223, 220]",108975.0,41553.0,150528.0,72.39516900510205
3338,onnx/vgg16-7.onnx,vnnlib/n02276258_admiral_global_k50176_eps_0.0001.vnnlib,1200,sat True,,,,7.807101488113403,0.0,n02276258_admiral,-1.0,global,50176.0,0.0001,n02276258_admiral_global,True,0.0001,,,150528.0,0.0,150528.0,100.0
3342,onnx/vgg16-7.onnx,vnnlib/n02276258_admiral_seg0_fixmask_k50176_eps_0.0001.vnnlib,1200,sat True,,,,8.142174482345581,0.0,n02276258_admiral,0.0,fix_mask,50176.0,0.0001,n02276258_admiral_seg0_fixmask,False,0.0001,0.6688092947006226,"[0, 0, 223, 223]",100332.0,50196.0,150528.0,66.65338010204081
3346,onnx/vgg16-7.onnx,vnnlib/n02276258_admiral_seg0_fixnonmask_k50176_eps_0.0001.vnnlib,1200,sat True,,,,11.920721769332886,0.0,n02276258_admiral,0.0,fix_nonmask,50176.0,0.0001,n02276258_admiral_seg0_fixnonmask,False,0.0001,0.6688092947006226,"[0, 0, 223, 223]",50196.0,100332.0,150528.0,33.34661989795919
3398,onnx/vgg16-7.onnx,vnnlib/n02317335_starfish_global_k50176_eps_0.0001.vnnlib,1200,sat True,,,,8.287977457046509,0.0,n02317335_starfish,-1.0,global,50176.0,0.0001,n02317335_starfish_global,True,0.0001,,,150528.0,0.0,150528.0,100.0
3402,onnx/vgg16-7.onnx,vnnlib/n02317335_starfish_seg0_fixmask_k50176_eps_0.0001.vnnlib,1200,sat False,-inf,,2.4131243228912354,12.666882276535034,0.0,n02317335_starfish,0.0,fix_mask,50176.0,0.0001,n02317335_starfish_seg0_fixmask,False,0.0001,0.9252442717552184,"[0, 0, 223, 223]",2310.0,148218.0,150528.0,1.5345982142857142
3406,onnx/vgg16-7.onnx,vnnlib/n02317335_starfish_seg0_fixnonmask_k50176_eps_0.0001.vnnlib,1200,sat True,,,,11.76798939704895,0.0,n02317335_starfish,0.0,fix_nonmask,50176.0,0.0001,n02317335_starfish_seg0_fixnonmask,False,0.0001,0.9252442717552184,"[0, 0, 223, 223]",148218.0,2310.0,150528.0,98.46540178571428
3470,onnx/vgg16-7.onnx,vnnlib/n02342885_hamster_global_k50176_eps_0.0001.vnnlib,1200,sat True,,,,7.9000372886657715,0.0,n02342885_hamster,-1.0,global,50176.0,0.0001,n02342885_hamster_global,True,0.0001,,,150528.0,0.0,150528.0,100.0
3474,onnx/vgg16-7.onnx,vnnlib/n02342885_hamster_seg0_fixmask_k50176_eps_0.0001.vnnlib,1200,sat True,,,,12.048080444335938,0.0,n02342885_hamster,0.0,fix_mask,50176.0,0.0001,n02342885_hamster_seg0_fixmask,False,0.0001,0.9001334309577942,"[0, 0, 223, 223]",52212.0,98316.0,150528.0,34.685905612244895
3478,onnx/vgg16-7.onnx,vnnlib/n02342885_hamster_seg0_fixnonmask_k50176_eps_0.0001.vnnlib,1200,sat True,,,,7.896056175231934,0.0,n02342885_hamster,0.0,fix_nonmask,50176.0,0.0001,n02342885_hamster_seg0_fixnonmask,False,0.0001,0.9001334309577942,"[0, 0, 223, 223]",98316.0,52212.0,150528.0,65.3140943877551
3482,onnx/vgg16-7.onnx,vnnlib/n02346627_porcupine_global_k50176_eps_0.0001.vnnlib,1200,sat True,,,,12.869658470153809,0.0,n02346627_porcupine,-1.0,global,50176.0,0.0001,n02346627_porcupine_global,True,0.0001,,,150528.0,0.0,150528.0,100.0
3486,onnx/vgg16-7.onnx,vnnlib/n02346627_porcupine_seg0_fixmask_k50176_eps_0.0001.vnnlib,1200,sat False,-inf,,2.761671304702759,13.386032819747925,0.0,n02346627_porcupine,0.0,fix_mask,50176.0,0.0001,n02346627_porcupine_seg0_fixmask,False,0.0001,0.9669326543807985,"[0, 0, 223, 223]",5319.0,145209.0,150528.0,3.533561862244898
3490,onnx/vgg16-7.onnx,vnnlib/n02346627_porcupine_seg0_fixnonmask_k50176_eps_0.0001.vnnlib,1200,sat True,,,,8.187065124511719,0.0,n02346627_porcupine,0.0,fix_nonmask,50176.0,0.0001,n02346627_porcupine_seg0_fixnonmask,False,0.0001,0.9669326543807985,"[0, 0, 223, 223]",145209.0,5319.0,150528.0,96.4664381377551
3506,onnx/vgg16-7.onnx,vnnlib/n02361337_marmot_global_k50176_eps_0.0001.vnnlib,1200,sat True,,,,7.916951894760132,0.0,n02361337_marmot,-1.0,global,50176.0,0.0001,n02361337_marmot_global,True,0.0001,,,150528.0,0.0,150528.0,100.0
3510,onnx/vgg16-7.onnx,vnnlib/n02361337_marmot_seg0_fixmask_k50176_eps_0.0001.vnnlib,1200,sat True,,,,7.874032020568848,0.0,n02361337_marmot,0.0,fix_mask,50176.0,0.0001,n02361337_marmot_seg0_fixmask,False,0.0001,0.8905766010284424,"[0, 0, 223, 223]",18339.0,132189.0,150528.0,12.18311543367347
3514,onnx/vgg16-7.onnx,vnnlib/n02361337_marmot_seg0_fixnonmask_k50176_eps_0.0001.vnnlib,1200,sat True,,,,8.063838481903076,0.0,n02361337_marmot,0.0,fix_nonmask,50176.0,0.0001,n02361337_marmot_seg0_fixnonmask,False,0.0001,0.8905766010284424,"[0, 0, 223, 223]",132189.0,18339.0,150528.0,87.81688456632654
3542,onnx/vgg16-7.onnx,vnnlib/n02389026_sorrel_global_k50176_eps_0.0001.vnnlib,1200,sat True,,,,8.026839971542358,0.0,n02389026_sorrel,-1.0,global,50176.0,0.0001,n02389026_sorrel_global,True,0.0001,,,150528.0,0.0,150528.0,100.0
3546,onnx/vgg16-7.onnx,vnnlib/n02389026_sorrel_seg0_fixmask_k50176_eps_0.0001.vnnlib,1200,sat True,,,,11.825052499771118,0.0,n02389026_sorrel,0.0,fix_mask,50176.0,0.0001,n02389026_sorrel_seg0_fixmask,False,0.0001,0.8508479595184326,"[0, 0, 223, 223]",24006.0,126522.0,150528.0,15.947863520408164
3550,onnx/vgg16-7.onnx,vnnlib/n02389026_sorrel_seg0_fixnonmask_k50176_eps_0.0001.vnnlib,1200,sat True,,,,11.701205968856812,0.0,n02389026_sorrel,0.0,fix_nonmask,50176.0,0.0001,n02389026_sorrel_seg0_fixnonmask,False,0.0001,0.8508479595184326,"[0, 0, 223, 223]",126522.0,24006.0,150528.0,84.05213647959184
3554,onnx/vgg16-7.onnx,vnnlib/n02391049_zebra_global_k50176_eps_0.0001.vnnlib,1200,sat True,,,,8.011867046356201,0.0,n02391049_zebra,-1.0,global,50176.0,0.0001,n02391049_zebra_global,True,0.0001,,,150528.0,0.0,150528.0,100.0
3558,onnx/vgg16-7.onnx,vnnlib/n02391049_zebra_seg0_fixmask_k50176_eps_0.0001.vnnlib,1200,sat True,,,,7.899876356124878,0.0,n02391049_zebra,0.0,fix_mask,50176.0,0.0001,n02391049_zebra_seg0_fixmask,False,0.0001,0.902414619922638,"[0, 0, 223, 223]",45279.0,105249.0,150528.0,30.08011798469388
3562,onnx/vgg16-7.onnx,vnnlib/n02391049_zebra_seg0_fixnonmask_k50176_eps_0.0001.vnnlib,1200,sat True,,,,7.856458902359009,0.0,n02391049_zebra,0.0,fix_nonmask,50176.0,0.0001,n02391049_zebra_seg0_fixnonmask,False,0.0001,0.902414619922638,"[0, 0, 223, 223]",105249.0,45279.0,150528.0,69.91988201530613
3566,onnx/vgg16-7.onnx,vnnlib/n02395406_hog_global_k50176_eps_0.0001.vnnlib,1200,sat True,,,,7.861340522766113,0.0,n02395406_hog,-1.0,global,50176.0,0.0001,n02395406_hog_global,True,0.0001,,,150528.0,0.0,150528.0,100.0
3570,onnx/vgg16-7.onnx,vnnlib/n02395406_hog_seg0_fixmask_k50176_eps_0.0001.vnnlib,1200,sat True,,,,8.007678031921387,0.0,n02395406_hog,0.0,fix_mask,50176.0,0.0001,n02395406_hog_seg0_fixmask,False,0.0001,0.7711448669433594,"[0, 0, 223, 223]",27657.0,122871.0,150528.0,18.373325892857142
3574,onnx/vgg16-7.onnx,vnnlib/n02395406_hog_seg0_fixnonmask_k50176_eps_0.0001.vnnlib,1200,sat True,,,,7.810819387435913,0.0,n02395406_hog,0.0,fix_nonmask,50176.0,0.0001,n02395406_hog_seg0_fixnonmask,False,0.0001,0.7711448669433594,"[0, 0, 223, 223]",122871.0,27657.0,150528.0,81.62667410714286
3578,onnx/vgg16-7.onnx,vnnlib/n02397096_warthog_global_k50176_eps_0.0001.vnnlib,1200,sat True,,,,7.923108100891113,0.0,n02397096_warthog,-1.0,global,50176.0,0.0001,n02397096_warthog_global,True,0.0001,,,150528.0,0.0,150528.0,100.0
3582,onnx/vgg16-7.onnx,vnnlib/n02397096_warthog_seg0_fixmask_k50176_eps_0.0001.vnnlib,1200,sat True,,,,7.845119476318359,0.0,n02397096_warthog,0.0,fix_mask,50176.0,0.0001,n02397096_warthog_seg0_fixmask,False,0.0001,0.8510900139808655,"[0, 0, 223, 223]",11739.0,138789.0,150528.0,7.798549107142857
3586,onnx/vgg16-7.onnx,vnnlib/n02397096_warthog_seg0_fixnonmask_k50176_eps_0.0001.vnnlib,1200,sat True,,,,7.837248802185059,0.0,n02397096_warthog,0.0,fix_nonmask,50176.0,0.0001,n02397096_warthog_seg0_fixnonmask,False,0.0001,0.8510900139808655,"[0, 0, 223, 223]",138789.0,11739.0,150528.0,92.20145089285714
3590,onnx/vgg16-7.onnx,vnnlib/n02398521_hippopotamus_global_k50176_eps_0.0001.vnnlib,1200,sat True,,,,7.843714714050293,0.0,n02398521_hippopotamus,-1.0,global,50176.0,0.0001,n02398521_hippopotamus_global,True,0.0001,,,150528.0,0.0,150528.0,100.0
3594,onnx/vgg16-7.onnx,vnnlib/n02398521_hippopotamus_seg0_fixmask_k50176_eps_0.0001.vnnlib,1200,sat True,,,,7.813481330871582,0.0,n02398521_hippopotamus,0.0,fix_mask,50176.0,0.0001,n02398521_hippopotamus_seg0_fixmask,False,0.0001,0.7696739435195923,"[0, 0, 223, 223]",63402.0,87126.0,150528.0,42.11973852040816
3598,onnx/vgg16-7.onnx,vnnlib/n02398521_hippopotamus_seg0_fixnonmask_k50176_eps_0.0001.vnnlib,1200,sat True,,,,7.980643272399902,0.0,n02398521_hippopotamus,0.0,fix_nonmask,50176.0,0.0001,n02398521_hippopotamus_seg0_fixnonmask,False,0.0001,0.7696739435195923,"[0, 0, 223, 223]",87126.0,63402.0,150528.0,57.88026147959184
3638,onnx/vgg16-7.onnx,vnnlib/n02412080_ram_global_k50176_eps_0.0001.vnnlib,1200,sat True,,,,7.822321653366089,0.0,n02412080_ram,-1.0,global,50176.0,0.0001,n02412080_ram_global,True,0.0001,,,150528.0,0.0,150528.0,100.0
3642,onnx/vgg16-7.onnx,vnnlib/n02412080_ram_seg0_fixmask_k50176_eps_0.0001.vnnlib,1200,sat False,-inf,,1.474822759628296,9.02157735824585,0.0,n02412080_ram,0.0,fix_mask,50176.0,0.0001,n02412080_ram_seg0_fixmask,False,0.0001,0.9125200510025024,"[0, 0, 223, 223]",5193.0,145335.0,150528.0,3.4498565051020407
3646,onnx/vgg16-7.onnx,vnnlib/n02412080_ram_seg0_fixnonmask_k50176_eps_0.0001.vnnlib,1200,sat True,,,,7.867170572280884,0.0,n02412080_ram,0.0,fix_nonmask,50176.0,0.0001,n02412080_ram_seg0_fixnonmask,False,0.0001,0.9125200510025024,"[0, 0, 223, 223]",145335.0,5193.0,150528.0,96.55014349489797
3662,onnx/vgg16-7.onnx,vnnlib/n02417914_ibex_global_k50176_eps_0.0001.vnnlib,1200,sat True,,,,7.855466365814209,0.0,n02417914_ibex,-1.0,global,50176.0,0.0001,n02417914_ibex_global,True,0.0001,,,150528.0,0.0,150528.0,100.0
3666,onnx/vgg16-7.onnx,vnnlib/n02417914_ibex_seg0_fixmask_k50176_eps_0.0001.vnnlib,1200,sat True,,,,8.156842708587646,0.0,n02417914_ibex,0.0,fix_mask,50176.0,0.0001,n02417914_ibex_seg0_fixmask,False,0.0001,0.7805819511413574,"[0, 0, 223, 223]",78129.0,72399.0,150528.0,51.903300382653065
3670,onnx/vgg16-7.onnx,vnnlib/n02417914_ibex_seg0_fixnonmask_k50176_eps_0.0001.vnnlib,1200,sat True,,,,7.845348119735718,0.0,n02417914_ibex,0.0,fix_nonmask,50176.0,0.0001,n02417914_ibex_seg0_fixnonmask,False,0.0001,0.7805819511413574,"[0, 0, 223, 223]",72399.0,78129.0,150528.0,48.096699617346935
3674,onnx/vgg16-7.onnx,vnnlib/n02422106_hartebeest_global_k50176_eps_0.0001.vnnlib,1200,sat True,,,,8.589469909667969,0.0,n02422106_hartebeest,-1.0,global,50176.0,0.0001,n02422106_hartebeest_global,True,0.0001,,,150528.0,0.0,150528.0,100.0
3678,onnx/vgg16-7.onnx,vnnlib/n02422106_hartebeest_seg0_fixmask_k50176_eps_0.0001.vnnlib,1200,sat True,,,,7.78520131111145,0.0,n02422106_hartebeest,0.0,fix_mask,50176.0,0.0001,n02422106_hartebeest_seg0_fixmask,False,0.0001,0.8118162155151367,"[0, 0, 223, 223]",24996.0,125532.0,150528.0,16.605548469387756
3682,onnx/vgg16-7.onnx,vnnlib/n02422106_hartebeest_seg0_fixnonmask_k50176_eps_0.0001.vnnlib,1200,sat True,,,,7.820276021957397,0.0,n02422106_hartebeest,0.0,fix_nonmask,50176.0,0.0001,n02422106_hartebeest_seg0_fixnonmask,False,0.0001,0.8118162155151367,"[0, 0, 223, 223]",125532.0,24996.0,150528.0,83.39445153061224
3686,onnx/vgg16-7.onnx,vnnlib/n02422699_impala_global_k50176_eps_0.0001.vnnlib,1200,sat True,,,,7.847667932510376,0.0,n02422699_impala,-1.0,global,50176.0,0.0001,n02422699_impala_global,True,0.0001,,,150528.0,0.0,150528.0,100.0
3690,onnx/vgg16-7.onnx,vnnlib/n02422699_impala_seg0_fixmask_k50176_eps_0.0001.vnnlib,1200,sat True,,,,11.403687715530396,0.0,n02422699_impala,0.0,fix_mask,50176.0,0.0001,n02422699_impala_seg0_fixmask,False,0.0001,0.7208534479141235,"[0, 0, 223, 223]",39129.0,111399.0,150528.0,25.9944993622449
3694,onnx/vgg16-7.onnx,vnnlib/n02422699_impala_seg0_fixnonmask_k50176_eps_0.0001.vnnlib,1200,sat True,,,,7.984057903289795,0.0,n02422699_impala,0.0,fix_nonmask,50176.0,0.0001,n02422699_impala_seg0_fixnonmask,False,0.0001,0.7208534479141235,"[0, 0, 223, 223]",111399.0,39129.0,150528.0,74.0055006377551
3698,onnx/vgg16-7.onnx,vnnlib/n02423022_gazelle_global_k50176_eps_0.0001.vnnlib,1200,sat True,,,,7.962569713592529,0.0,n02423022_gazelle,-1.0,global,50176.0,0.0001,n02423022_gazelle_global,True,0.0001,,,150528.0,0.0,150528.0,100.0
3702,onnx/vgg16-7.onnx,vnnlib/n02423022_gazelle_seg0_fixmask_k50176_eps_0.0001.vnnlib,1200,sat True,,,,8.158730030059814,0.0,n02423022_gazelle,0.0,fix_mask,50176.0,0.0001,n02423022_gazelle_seg0_fixmask,False,0.0001,0.806706428527832,"[0, 0, 223, 223]",64101.0,86427.0,150528.0,42.584103954081634
3706,onnx/vgg16-7.onnx,vnnlib/n02423022_gazelle_seg0_fixnonmask_k50176_eps_0.0001.vnnlib,1200,sat True,,,,8.093250751495361,0.0,n02423022_gazelle,0.0,fix_nonmask,50176.0,0.0001,n02423022_gazelle_seg0_fixnonmask,False,0.0001,0.806706428527832,"[0, 0, 223, 223]",86427.0,64101.0,150528.0,57.415896045918366
3722,onnx/vgg16-7.onnx,vnnlib/n02437616_llama_global_k50176_eps_0.0001.vnnlib,1200,sat True,,,,7.894285678863525,0.0,n02437616_llama,-1.0,global,50176.0,0.0001,n02437616_llama_global,True,0.0001,,,150528.0,0.0,150528.0,100.0
3726,onnx/vgg16-7.onnx,vnnlib/n02437616_llama_seg0_fixmask_k50176_eps_0.0001.vnnlib,1200,sat True,,,,12.08602738380432,0.0,n02437616_llama,0.0,fix_mask,50176.0,0.0001,n02437616_llama_seg0_fixmask,False,0.0001,0.9365341067314148,"[0, 0, 223, 222]",61734.0,88794.0,150528.0,41.01163903061224
3730,onnx/vgg16-7.onnx,vnnlib/n02437616_llama_seg0_fixnonmask_k50176_eps_0.0001.vnnlib,1200,sat True,,,,7.9186155796051025,0.0,n02437616_llama,0.0,fix_nonmask,50176.0,0.0001,n02437616_llama_seg0_fixnonmask,False,0.0001,0.9365341067314148,"[0, 0, 223, 222]",88794.0,61734.0,150528.0,58.98836096938776
3734,onnx/vgg16-7.onnx,vnnlib/n02442845_mink_global_k50176_eps_0.0001.vnnlib,1200,sat True,,,,7.831713914871216,0.0,n02442845_mink,-1.0,global,50176.0,0.0001,n02442845_mink_global,True,0.0001,,,150528.0,0.0,150528.0,100.0
3738,onnx/vgg16-7.onnx,vnnlib/n02442845_mink_seg0_fixmask_k50176_eps_0.0001.vnnlib,1200,sat True,,,,8.137320280075073,0.0,n02442845_mink,0.0,fix_mask,50176.0,0.0001,n02442845_mink_seg0_fixmask,False,0.0001,0.8544522523880005,"[0, 0, 223, 223]",20310.0,130218.0,150528.0,13.49250637755102
3742,onnx/vgg16-7.onnx,vnnlib/n02442845_mink_seg0_fixnonmask_k50176_eps_0.0001.vnnlib,1200,sat True,,,,7.8449437618255615,0.0,n02442845_mink,0.0,fix_nonmask,50176.0,0.0001,n02442845_mink_seg0_fixnonmask,False,0.0001,0.8544522523880005,"[0, 0, 223, 223]",130218.0,20310.0,150528.0,86.50749362244898
3794,onnx/vgg16-7.onnx,vnnlib/n02447366_badger_global_k50176_eps_0.0001.vnnlib,1200,sat True,,,,8.00528860092163,0.0,n02447366_badger,-1.0,global,50176.0,0.0001,n02447366_badger_global,True,0.0001,,,150528.0,0.0,150528.0,100.0
3798,onnx/vgg16-7.onnx,vnnlib/n02447366_badger_seg0_fixmask_k50176_eps_0.0001.vnnlib,1200,sat False,-inf,,1.4451661109924316,8.932602167129517,0.0,n02447366_badger,0.0,fix_mask,50176.0,0.0001,n02447366_badger_seg0_fixmask,False,0.0001,0.9056475162506104,"[0, 0, 223, 223]",6147.0,144381.0,150528.0,4.083625637755102
3802,onnx/vgg16-7.onnx,vnnlib/n02447366_badger_seg0_fixnonmask_k50176_eps_0.0001.vnnlib,1200,sat True,,,,8.154404401779175,0.0,n02447366_badger,0.0,fix_nonmask,50176.0,0.0001,n02447366_badger_seg0_fixnonmask,False,0.0001,0.9056475162506104,"[0, 0, 223, 223]",144381.0,6147.0,150528.0,95.9163743622449
3842,onnx/vgg16-7.onnx,vnnlib/n02481823_chimpanzee_global_k50176_eps_0.0001.vnnlib,1200,sat True,,,,8.110994100570679,0.0,n02481823_chimpanzee,-1.0,global,50176.0,0.0001,n02481823_chimpanzee_global,True,0.0001,,,150528.0,0.0,150528.0,100.0
3846,onnx/vgg16-7.onnx,vnnlib/n02481823_chimpanzee_seg0_fixmask_k50176_eps_0.0001.vnnlib,1200,sat True,,,,8.092254400253296,0.0,n02481823_chimpanzee,0.0,fix_mask,50176.0,0.0001,n02481823_chimpanzee_seg0_fixmask,False,0.0001,0.8598992824554443,"[0, 0, 223, 223]",30336.0,120192.0,150528.0,20.153061224489797
3850,onnx/vgg16-7.onnx,vnnlib/n02481823_chimpanzee_seg0_fixnonmask_k50176_eps_0.0001.vnnlib,1200,sat True,,,,10.447500705718994,0.0,n02481823_chimpanzee,0.0,fix_nonmask,50176.0,0.0001,n02481823_chimpanzee_seg0_fixnonmask,False,0.0001,0.8598992824554443,"[0, 0, 223, 223]",120192.0,30336.0,150528.0,79.84693877551021
3866,onnx/vgg16-7.onnx,vnnlib/n02483708_siamang_global_k50176_eps_0.0001.vnnlib,1200,sat True,,,,8.283714532852173,0.0,n02483708_siamang,-1.0,global,50176.0,0.0001,n02483708_siamang_global,True,0.0001,,,150528.0,0.0,150528.0,100.0
3870,onnx/vgg16-7.onnx,vnnlib/n02483708_siamang_seg0_fixmask_k50176_eps_0.0001.vnnlib,1200,sat True,,,,8.250369787216187,0.0,n02483708_siamang,0.0,fix_mask,50176.0,0.0001,n02483708_siamang_seg0_fixmask,False,0.0001,0.752046525478363,"[0, 1, 223, 223]",111114.0,39414.0,150528.0,73.81616709183673
3874,onnx/vgg16-7.onnx,vnnlib/n02483708_siamang_seg0_fixnonmask_k50176_eps_0.0001.vnnlib,1200,sat True,,,,11.08206272125244,0.0,n02483708_siamang,0.0,fix_nonmask,50176.0,0.0001,n02483708_siamang_seg0_fixnonmask,False,0.0001,0.752046525478363,"[0, 1, 223, 223]",39414.0,111114.0,150528.0,26.183832908163264
3890,onnx/vgg16-7.onnx,vnnlib/n02486261_patas_global_k50176_eps_0.0001.vnnlib,1200,sat True,,,,8.683534383773804,0.0,n02486261_patas,-1.0,global,50176.0,0.0001,n02486261_patas_global,True,0.0001,,,150528.0,0.0,150528.0,100.0
3894,onnx/vgg16-7.onnx,vnnlib/n02486261_patas_seg0_fixmask_k50176_eps_0.0001.vnnlib,1200,sat True,,,,8.501206874847412,0.0,n02486261_patas,0.0,fix_mask,50176.0,0.0001,n02486261_patas_seg0_fixmask,False,0.0001,0.9173611402511596,"[0, 0, 223, 223]",26040.0,124488.0,150528.0,17.299107142857142
3898,onnx/vgg16-7.onnx,vnnlib/n02486261_patas_seg0_fixnonmask_k50176_eps_0.0001.vnnlib,1200,sat True,,,,8.184349298477173,0.0,n02486261_patas,0.0,fix_nonmask,50176.0,0.0001,n02486261_patas_seg0_fixnonmask,False,0.0001,0.9173611402511596,"[0, 0, 223, 223]",124488.0,26040.0,150528.0,82.70089285714286
3902,onnx/vgg16-7.onnx,vnnlib/n02486410_baboon_global_k50176_eps_0.0001.vnnlib,1200,sat True,,,,7.899997234344482,0.0,n02486410_baboon,-1.0,global,50176.0,0.0001,n02486410_baboon_global,True,0.0001,,,150528.0,0.0,150528.0,100.0
3906,onnx/vgg16-7.onnx,vnnlib/n02486410_baboon_seg0_fixmask_k50176_eps_0.0001.vnnlib,1200,sat True,,,,8.052501678466797,0.0,n02486410_baboon,0.0,fix_mask,50176.0,0.0001,n02486410_baboon_seg0_fixmask,False,0.0001,0.867965042591095,"[0, 0, 223, 223]",16863.0,133665.0,150528.0,11.202566964285714
3910,onnx/vgg16-7.onnx,vnnlib/n02486410_baboon_seg0_fixnonmask_k50176_eps_0.0001.vnnlib,1200,sat True,,,,7.784900903701782,0.0,n02486410_baboon,0.0,fix_nonmask,50176.0,0.0001,n02486410_baboon_seg0_fixnonmask,False,0.0001,0.867965042591095,"[0, 0, 223, 223]",133665.0,16863.0,150528.0,88.79743303571429
3914,onnx/vgg16-7.onnx,vnnlib/n02487347_macaque_global_k50176_eps_0.0001.vnnlib,1200,sat True,,,,8.484604120254517,0.0,n02487347_macaque,-1.0,global,50176.0,0.0001,n02487347_macaque_global,True,0.0001,,,150528.0,0.0,150528.0,100.0
3918,onnx/vgg16-7.onnx,vnnlib/n02487347_macaque_seg0_fixmask_k50176_eps_0.0001.vnnlib,1200,sat True,,,,8.37115740776062,0.0,n02487347_macaque,0.0,fix_mask,50176.0,0.0001,n02487347_macaque_seg0_fixmask,False,0.0001,0.8190317749977112,"[0, 0, 223, 223]",73749.0,76779.0,150528.0,48.99354272959184
3922,onnx/vgg16-7.onnx,vnnlib/n02487347_macaque_seg0_fixnonmask_k50176_eps_0.0001.vnnlib,1200,sat True,,,,8.166137456893921,0.0,n02487347_macaque,0.0,fix_nonmask,50176.0,0.0001,n02487347_macaque_seg0_fixnonmask,False,0.0001,0.8190317749977112,"[0, 0, 223, 223]",76779.0,73749.0,150528.0,51.00645727040816
3950,onnx/vgg16-7.onnx,vnnlib/n02490219_marmoset_global_k50176_eps_0.0001.vnnlib,1200,sat True,,,,8.072808504104614,0.0,n02490219_marmoset,-1.0,global,50176.0,0.0001,n02490219_marmoset_global,True,0.0001,,,150528.0,0.0,150528.0,100.0
3954,onnx/vgg16-7.onnx,vnnlib/n02490219_marmoset_seg0_fixmask_k50176_eps_0.0001.vnnlib,1200,sat True,,,,8.194319248199463,0.0,n02490219_marmoset,0.0,fix_mask,50176.0,0.0001,n02490219_marmoset_seg0_fixmask,False,0.0001,0.8289861679077148,"[0, 0, 223, 223]",84891.0,65637.0,150528.0,56.395487882653065
3958,onnx/vgg16-7.onnx,vnnlib/n02490219_marmoset_seg0_fixnonmask_k50176_eps_0.0001.vnnlib,1200,sat True,,,,8.147001266479492,0.0,n02490219_marmoset,0.0,fix_nonmask,50176.0,0.0001,n02490219_marmoset_seg0_fixnonmask,False,0.0001,0.8289861679077148,"[0, 0, 223, 223]",65637.0,84891.0,150528.0,43.604512117346935
3962,onnx/vgg16-7.onnx,vnnlib/n02492035_capuchin_global_k50176_eps_0.0001.vnnlib,1200,sat True,,,,8.462563037872314,0.0,n02492035_capuchin,-1.0,global,50176.0,0.0001,n02492035_capuchin_global,True,0.0001,,,150528.0,0.0,150528.0,100.0
3966,onnx/vgg16-7.onnx,vnnlib/n02492035_capuchin_seg0_fixmask_k50176_eps_0.0001.vnnlib,1200,unsat False,0.0264367014169693,0.0,648.4218666553497,663.1613137722015,0.0,n02492035_capuchin,0.0,fix_mask,50176.0,0.0001,n02492035_capuchin_seg0_fixmask,False,0.0001,0.8885961771011353,"[0, 6, 223, 216]",25854.0,124674.0,150528.0,17.175542091836736
3970,onnx/vgg16-7.onnx,vnnlib/n02492035_capuchin_seg0_fixnonmask_k50176_eps_0.0001.vnnlib,1200,sat True,,,,8.389353275299072,0.0,n02492035_capuchin,0.0,fix_nonmask,50176.0,0.0001,n02492035_capuchin_seg0_fixnonmask,False,0.0001,0.8885961771011353,"[0, 6, 223, 216]",124674.0,25854.0,150528.0,82.82445790816327
3986,onnx/vgg16-7.onnx,vnnlib/n02493509_titi_global_k50176_eps_0.0001.vnnlib,1200,sat True,,,,8.393420934677124,0.0,n02493509_titi,-1.0,global,50176.0,0.0001,n02493509_titi_global,True,0.0001,,,150528.0,0.0,150528.0,100.0
3990,onnx/vgg16-7.onnx,vnnlib/n02493509_titi_seg0_fixmask_k50176_eps_0.0001.vnnlib,1200,sat True,,,,7.860225200653076,0.0,n02493509_titi,0.0,fix_mask,50176.0,0.0001,n02493509_titi_seg0_fixmask,False,0.0001,0.6653541326522827,"[0, 0, 223, 222]",82455.0,68073.0,150528.0,54.77718431122449
3994,onnx/vgg16-7.onnx,vnnlib/n02493509_titi_seg0_fixnonmask_k50176_eps_0.0001.vnnlib,1200,sat True,,,,7.857826471328735,0.0,n02493509_titi,0.0,fix_nonmask,50176.0,0.0001,n02493509_titi_seg0_fixnonmask,False,0.0001,0.6653541326522827,"[0, 0, 223, 222]",68073.0,82455.0,150528.0,45.22281568877551
4094,onnx/vgg16-7.onnx,vnnlib/n02514041_barracouta_global_k50176_eps_0.0001.vnnlib,1200,sat True,,,,8.071561336517334,0.0,n02514041_barracouta,-1.0,global,50176.0,0.0001,n02514041_barracouta_global,True,0.0001,,,150528.0,0.0,150528.0,100.0
4098,onnx/vgg16-7.onnx,vnnlib/n02514041_barracouta_seg0_fixmask_k50176_eps_0.0001.vnnlib,1200,sat True,,,,7.8448240756988525,0.0,n02514041_barracouta,0.0,fix_mask,50176.0,0.0001,n02514041_barracouta_seg0_fixmask,False,0.0001,0.852721095085144,"[7, 0, 222, 223]",65193.0,85335.0,150528.0,43.309550382653065
4102,onnx/vgg16-7.onnx,vnnlib/n02514041_barracouta_seg0_fixnonmask_k50176_eps_0.0001.vnnlib,1200,sat True,,,,10.400631427764893,0.0,n02514041_barracouta,0.0,fix_nonmask,50176.0,0.0001,n02514041_barracouta_seg0_fixnonmask,False,0.0001,0.852721095085144,"[7, 0, 222, 223]",85335.0,65193.0,150528.0,56.690449617346935
4106,onnx/vgg16-7.onnx,vnnlib/n02526121_eel_global_k50176_eps_0.0001.vnnlib,1200,sat True,,,,7.835193157196045,0.0,n02526121_eel,-1.0,global,50176.0,0.0001,n02526121_eel_global,True,0.0001,,,150528.0,0.0,150528.0,100.0
4110,onnx/vgg16-7.onnx,vnnlib/n02526121_eel_seg0_fixmask_k50176_eps_0.0001.vnnlib,1200,sat False,-inf,,1.4927051067352295,9.143515825271606,0.0,n02526121_eel,0.0,fix_mask,50176.0,0.0001,n02526121_eel_seg0_fixmask,False,0.0001,0.9281582832336426,"[0, 0, 223, 222]",4641.0,145887.0,150528.0,3.0831473214285716
4114,onnx/vgg16-7.onnx,vnnlib/n02526121_eel_seg0_fixnonmask_k50176_eps_0.0001.vnnlib,1200,sat True,,,,7.7678186893463135,0.0,n02526121_eel,0.0,fix_nonmask,50176.0,0.0001,n02526121_eel_seg0_fixnonmask,False,0.0001,0.9281582832336426,"[0, 0, 223, 222]",145887.0,4641.0,150528.0,96.91685267857144
4118,onnx/vgg16-7.onnx,vnnlib/n02536864_coho_global_k50176_eps_0.0001.vnnlib,1200,sat True,,,,7.984057188034058,0.0,n02536864_coho,-1.0,global,50176.0,0.0001,n02536864_coho_global,True,0.0001,,,150528.0,0.0,150528.0,100.0
4122,onnx/vgg16-7.onnx,vnnlib/n02536864_coho_seg0_fixmask_k50176_eps_0.0001.vnnlib,1200,sat True,,,,7.8387322425842285,0.0,n02536864_coho,0.0,fix_mask,50176.0,0.0001,n02536864_coho_seg0_fixmask,False,0.0001,0.8724111318588257,"[0, 0, 223, 223]",83379.0,67149.0,150528.0,55.39102359693877
4126,onnx/vgg16-7.onnx,vnnlib/n02536864_coho_seg0_fixnonmask_k50176_eps_0.0001.vnnlib,1200,sat True,,,,7.921855211257935,0.0,n02536864_coho,0.0,fix_nonmask,50176.0,0.0001,n02536864_coho_seg0_fixnonmask,False,0.0001,0.8724111318588257,"[0, 0, 223, 223]",67149.0,83379.0,150528.0,44.60897640306123
4154,onnx/vgg16-7.onnx,vnnlib/n02640242_sturgeon_global_k50176_eps_0.0001.vnnlib,1200,sat True,,,,8.096361875534058,0.0,n02640242_sturgeon,-1.0,global,50176.0,0.0001,n02640242_sturgeon_global,True,0.0001,,,150528.0,0.0,150528.0,100.0
4158,onnx/vgg16-7.onnx,vnnlib/n02640242_sturgeon_seg0_fixmask_k50176_eps_0.0001.vnnlib,1200,sat True,,,,11.984679698944092,0.0,n02640242_sturgeon,0.0,fix_mask,50176.0,0.0001,n02640242_sturgeon_seg0_fixmask,False,0.0001,0.8682677149772644,"[0, 0, 223, 223]",21471.0,129057.0,150528.0,14.263791454081632
4162,onnx/vgg16-7.onnx,vnnlib/n02640242_sturgeon_seg0_fixnonmask_k50176_eps_0.0001.vnnlib,1200,sat True,,,,7.769999742507935,0.0,n02640242_sturgeon,0.0,fix_nonmask,50176.0,0.0001,n02640242_sturgeon_seg0_fixnonmask,False,0.0001,0.8682677149772644,"[0, 0, 223, 223]",129057.0,21471.0,150528.0,85.73620854591837
4178,onnx/vgg16-7.onnx,vnnlib/n02643566_lionfish_global_k50176_eps_0.0001.vnnlib,1200,sat True,,,,8.357594966888428,0.0,n02643566_lionfish,-1.0,global,50176.0,0.0001,n02643566_lionfish_global,True,0.0001,,,150528.0,0.0,150528.0,100.0
4182,onnx/vgg16-7.onnx,vnnlib/n02643566_lionfish_seg0_fixmask_k50176_eps_0.0001.vnnlib,1200,sat True,,,,7.798024177551269,0.0,n02643566_lionfish,0.0,fix_mask,50176.0,0.0001,n02643566_lionfish_seg0_fixmask,False,0.0001,0.6930274367332458,"[0, 0, 223, 223]",30621.0,119907.0,150528.0,20.342394770408163
4186,onnx/vgg16-7.onnx,vnnlib/n02643566_lionfish_seg0_fixnonmask_k50176_eps_0.0001.vnnlib,1200,sat True,,,,7.814482450485229,0.0,n02643566_lionfish,0.0,fix_nonmask,50176.0,0.0001,n02643566_lionfish_seg0_fixnonmask,False,0.0001,0.6930274367332458,"[0, 0, 223, 223]",119907.0,30621.0,150528.0,79.65760522959184
4190,onnx/vgg16-7.onnx,vnnlib/n02655020_puffer_global_k50176_eps_0.0001.vnnlib,1200,sat True,,,,9.454582214355469,0.0,n02655020_puffer,-1.0,global,50176.0,0.0001,n02655020_puffer_global,True,0.0001,,,150528.0,0.0,150528.0,100.0
4194,onnx/vgg16-7.onnx,vnnlib/n02655020_puffer_seg0_fixmask_k50176_eps_0.0001.vnnlib,1200,sat True,,,,8.15151071548462,0.0,n02655020_puffer,0.0,fix_mask,50176.0,0.0001,n02655020_puffer_seg0_fixmask,False,0.0001,0.8611143231391907,"[0, 0, 223, 223]",37260.0,113268.0,150528.0,24.752869897959183
4198,onnx/vgg16-7.onnx,vnnlib/n02655020_puffer_seg0_fixnonmask_k50176_eps_0.0001.vnnlib,1200,sat True,,,,8.02319622039795,0.0,n02655020_puffer,0.0,fix_nonmask,50176.0,0.0001,n02655020_puffer_seg0_fixnonmask,False,0.0001,0.8611143231391907,"[0, 0, 223, 223]",113268.0,37260.0,150528.0,75.24713010204081
4274,onnx/vgg16-7.onnx,vnnlib/n02690373_airliner_global_k50176_eps_0.0001.vnnlib,1200,sat True,,,,12.480749368667604,0.0,n02690373_airliner,-1.0,global,50176.0,0.0001,n02690373_airliner_global,True,0.0001,,,150528.0,0.0,150528.0,100.0
4278,onnx/vgg16-7.onnx,vnnlib/n02690373_airliner_seg0_fixmask_k50176_eps_0.0001.vnnlib,1200,sat True,,,,12.411049842834473,0.0,n02690373_airliner,0.0,fix_mask,50176.0,0.0001,n02690373_airliner_seg0_fixmask,False,0.0001,0.817592203617096,"[0, 0, 223, 223]",51300.0,99228.0,150528.0,34.08003826530612
4282,onnx/vgg16-7.onnx,vnnlib/n02690373_airliner_seg0_fixnonmask_k50176_eps_0.0001.vnnlib,1200,sat True,,,,8.206398248672485,0.0,n02690373_airliner,0.0,fix_nonmask,50176.0,0.0001,n02690373_airliner_seg0_fixnonmask,False,0.0001,0.817592203617096,"[0, 0, 223, 223]",99228.0,51300.0,150528.0,65.91996173469387
4298,onnx/vgg16-7.onnx,vnnlib/n02699494_altar_global_k50176_eps_0.0001.vnnlib,1200,sat True,,,,8.017734050750732,0.0,n02699494_altar,-1.0,global,50176.0,0.0001,n02699494_altar_global,True,0.0001,,,150528.0,0.0,150528.0,100.0
4302,onnx/vgg16-7.onnx,vnnlib/n02699494_altar_seg0_fixmask_k50176_eps_0.0001.vnnlib,1200,sat True,,,,8.11215853691101,0.0,n02699494_altar,0.0,fix_mask,50176.0,0.0001,n02699494_altar_seg0_fixmask,False,0.0001,0.8367141485214233,"[0, 2, 223, 223]",21291.0,129237.0,150528.0,14.14421237244898
4306,onnx/vgg16-7.onnx,vnnlib/n02699494_altar_seg0_fixnonmask_k50176_eps_0.0001.vnnlib,1200,sat True,,,,8.118234872817993,0.0,n02699494_altar,0.0,fix_nonmask,50176.0,0.0001,n02699494_altar_seg0_fixnonmask,False,0.0001,0.8367141485214233,"[0, 2, 223, 223]",129237.0,21291.0,150528.0,85.85578762755102
4322,onnx/vgg16-7.onnx,vnnlib/n02704792_amphibian_global_k50176_eps_0.0001.vnnlib,1200,sat True,,,,8.005341291427612,0.0,n02704792_amphibian,-1.0,global,50176.0,0.0001,n02704792_amphibian_global,True,0.0001,,,150528.0,0.0,150528.0,100.0
4326,onnx/vgg16-7.onnx,vnnlib/n02704792_amphibian_seg0_fixmask_k50176_eps_0.0001.vnnlib,1200,sat True,,,,8.039924144744873,0.0,n02704792_amphibian,0.0,fix_mask,50176.0,0.0001,n02704792_amphibian_seg0_fixmask,False,0.0001,0.8598470687866211,"[0, 0, 223, 223]",40533.0,109995.0,150528.0,26.927216198979593
4330,onnx/vgg16-7.onnx,vnnlib/n02704792_amphibian_seg0_fixnonmask_k50176_eps_0.0001.vnnlib,1200,sat True,,,,7.8916285037994385,0.0,n02704792_amphibian,0.0,fix_nonmask,50176.0,0.0001,n02704792_amphibian_seg0_fixnonmask,False,0.0001,0.8598470687866211,"[0, 0, 223, 223]",109995.0,40533.0,150528.0,73.0727838010204
4370,onnx/vgg16-7.onnx,vnnlib/n02769748_backpack_global_k50176_eps_0.0001.vnnlib,1200,sat True,,,,8.13325047492981,0.0,n02769748_backpack,-1.0,global,50176.0,0.0001,n02769748_backpack_global,True,0.0001,,,150528.0,0.0,150528.0,100.0
4374,onnx/vgg16-7.onnx,vnnlib/n02769748_backpack_seg0_fixmask_k50176_eps_0.0001.vnnlib,1200,sat True,,,,7.652934551239014,0.0,n02769748_backpack,0.0,fix_mask,50176.0,0.0001,n02769748_backpack_seg0_fixmask,False,0.0001,0.9347648620605468,"[0, 5, 223, 223]",46077.0,104451.0,150528.0,30.610251913265305
4378,onnx/vgg16-7.onnx,vnnlib/n02769748_backpack_seg0_fixnonmask_k50176_eps_0.0001.vnnlib,1200,sat True,,,,8.049962043762207,0.0,n02769748_backpack,0.0,fix_nonmask,50176.0,0.0001,n02769748_backpack_seg0_fixnonmask,False,0.0001,0.9347648620605468,"[0, 5, 223, 223]",104451.0,46077.0,150528.0,69.3897480867347
4382,onnx/vgg16-7.onnx,vnnlib/n02776631_bakery_global_k50176_eps_0.0001.vnnlib,1200,sat True,,,,8.083312511444092,0.0,n02776631_bakery,-1.0,global,50176.0,0.0001,n02776631_bakery_global,True,0.0001,,,150528.0,0.0,150528.0,100.0
4386,onnx/vgg16-7.onnx,vnnlib/n02776631_bakery_seg0_fixmask_k50176_eps_0.0001.vnnlib,1200,sat True,,,,7.960421800613403,0.0,n02776631_bakery,0.0,fix_mask,50176.0,0.0001,n02776631_bakery_seg0_fixmask,False,0.0001,0.633283257484436,"[0, 0, 223, 223]",72531.0,77997.0,150528.0,48.18439094387755
4390,onnx/vgg16-7.onnx,vnnlib/n02776631_bakery_seg0_fixnonmask_k50176_eps_0.0001.vnnlib,1200,sat True,,,,8.16808271408081,0.0,n02776631_bakery,0.0,fix_nonmask,50176.0,0.0001,n02776631_bakery_seg0_fixnonmask,False,0.0001,0.633283257484436,"[0, 0, 223, 223]",77997.0,72531.0,150528.0,51.81560905612245
4454,onnx/vgg16-7.onnx,vnnlib/n02790996_barbell_global_k50176_eps_0.0001.vnnlib,1200,sat True,,,,8.017480611801147,0.0,n02790996_barbell,-1.0,global,50176.0,0.0001,n02790996_barbell_global,True,0.0001,,,150528.0,0.0,150528.0,100.0
4458,onnx/vgg16-7.onnx,vnnlib/n02790996_barbell_seg0_fixmask_k50176_eps_0.0001.vnnlib,1200,sat True,,,,12.021766901016235,0.0,n02790996_barbell,0.0,fix_mask,50176.0,0.0001,n02790996_barbell_seg0_fixmask,False,0.0001,0.7398841977119446,"[0, 0, 223, 223]",66021.0,84507.0,150528.0,43.85961415816327
4462,onnx/vgg16-7.onnx,vnnlib/n02790996_barbell_seg0_fixnonmask_k50176_eps_0.0001.vnnlib,1200,sat True,,,,7.966619491577148,0.0,n02790996_barbell,0.0,fix_nonmask,50176.0,0.0001,n02790996_barbell_seg0_fixnonmask,False,0.0001,0.7398841977119446,"[0, 0, 223, 223]",84507.0,66021.0,150528.0,56.14038584183673
4478,onnx/vgg16-7.onnx,vnnlib/n02793495_barn_global_k50176_eps_0.0001.vnnlib,1200,sat True,,,,12.019654273986816,0.0,n02793495_barn,-1.0,global,50176.0,0.0001,n02793495_barn_global,True,0.0001,,,150528.0,0.0,150528.0,100.0
4482,onnx/vgg16-7.onnx,vnnlib/n02793495_barn_seg0_fixmask_k50176_eps_0.0001.vnnlib,1200,sat True,,,,8.080665349960327,0.0,n02793495_barn,0.0,fix_mask,50176.0,0.0001,n02793495_barn_seg0_fixmask,False,0.0001,0.8916295766830444,"[0, 0, 223, 223]",35646.0,114882.0,150528.0,23.68064413265306
4486,onnx/vgg16-7.onnx,vnnlib/n02793495_barn_seg0_fixnonmask_k50176_eps_0.0001.vnnlib,1200,sat True,,,,8.175978899002075,0.0,n02793495_barn,0.0,fix_nonmask,50176.0,0.0001,n02793495_barn_seg0_fixnonmask,False,0.0001,0.8916295766830444,"[0, 0, 223, 223]",114882.0,35646.0,150528.0,76.31935586734694
4490,onnx/vgg16-7.onnx,vnnlib/n02794156_barometer_global_k50176_eps_0.0001.vnnlib,1200,sat True,,,,8.027016639709473,0.0,n02794156_barometer,-1.0,global,50176.0,0.0001,n02794156_barometer_global,True,0.0001,,,150528.0,0.0,150528.0,100.0
4494,onnx/vgg16-7.onnx,vnnlib/n02794156_barometer_seg0_fixmask_k50176_eps_0.0001.vnnlib,1200,sat True,,,,7.789511680603027,0.0,n02794156_barometer,0.0,fix_mask,50176.0,0.0001,n02794156_barometer_seg0_fixmask,False,0.0001,0.9240958094596864,"[0, 0, 223, 223]",18381.0,132147.0,150528.0,12.211017219387756
4498,onnx/vgg16-7.onnx,vnnlib/n02794156_barometer_seg0_fixnonmask_k50176_eps_0.0001.vnnlib,1200,sat True,,,,11.893348693847656,0.0,n02794156_barometer,0.0,fix_nonmask,50176.0,0.0001,n02794156_barometer_seg0_fixnonmask,False,0.0001,0.9240958094596864,"[0, 0, 223, 223]",132147.0,18381.0,150528.0,87.78898278061224
4502,onnx/vgg16-7.onnx,vnnlib/n02797295_barrow_global_k50176_eps_0.0001.vnnlib,1200,sat True,,,,7.906796932220459,0.0,n02797295_barrow,-1.0,global,50176.0,0.0001,n02797295_barrow_global,True,0.0001,,,150528.0,0.0,150528.0,100.0
4506,onnx/vgg16-7.onnx,vnnlib/n02797295_barrow_seg0_fixmask_k50176_eps_0.0001.vnnlib,1200,sat True,,,,8.176962614059448,0.0,n02797295_barrow,0.0,fix_mask,50176.0,0.0001,n02797295_barrow_seg0_fixmask,False,0.0001,0.7688919305801392,"[0, 0, 223, 223]",41622.0,108906.0,150528.0,27.650669642857142
4510,onnx/vgg16-7.onnx,vnnlib/n02797295_barrow_seg0_fixnonmask_k50176_eps_0.0001.vnnlib,1200,sat True,,,,8.103834867477417,0.0,n02797295_barrow,0.0,fix_nonmask,50176.0,0.0001,n02797295_barrow_seg0_fixnonmask,False,0.0001,0.7688919305801392,"[0, 0, 223, 223]",108906.0,41622.0,150528.0,72.34933035714286
4550,onnx/vgg16-7.onnx,vnnlib/n02804610_bassoon_global_k50176_eps_0.0001.vnnlib,1200,sat True,,,,8.327654123306274,0.0,n02804610_bassoon,-1.0,global,50176.0,0.0001,n02804610_bassoon_global,True,0.0001,,,150528.0,0.0,150528.0,100.0
4554,onnx/vgg16-7.onnx,vnnlib/n02804610_bassoon_seg0_fixmask_k50176_eps_0.0001.vnnlib,1200,sat True,,,,8.443572521209717,0.0,n02804610_bassoon,0.0,fix_mask,50176.0,0.0001,n02804610_bassoon_seg0_fixmask,False,0.0001,0.7363224029541016,"[0, 0, 223, 223]",87885.0,62643.0,150528.0,58.384486607142854
4558,onnx/vgg16-7.onnx,vnnlib/n02804610_bassoon_seg0_fixnonmask_k50176_eps_0.0001.vnnlib,1200,sat True,,,,9.307830810546877,0.0,n02804610_bassoon,0.0,fix_nonmask,50176.0,0.0001,n02804610_bassoon_seg0_fixnonmask,False,0.0001,0.7363224029541016,"[0, 0, 223, 223]",62643.0,87885.0,150528.0,41.615513392857146
4610,onnx/vgg16-7.onnx,vnnlib/n02814860_beacon_global_k50176_eps_0.0001.vnnlib,1200,sat True,,,,10.87841296195984,0.0,n02814860_beacon,-1.0,global,50176.0,0.0001,n02814860_beacon_global,True,0.0001,,,150528.0,0.0,150528.0,100.0
4614,onnx/vgg16-7.onnx,vnnlib/n02814860_beacon_seg0_fixmask_k50176_eps_0.0001.vnnlib,1200,sat False,-inf,,1.4990956783294678,9.292731761932371,0.0,n02814860_beacon,0.0,fix_mask,50176.0,0.0001,n02814860_beacon_seg0_fixmask,False,0.0001,0.91860431432724,"[0, 0, 223, 223]",5034.0,145494.0,150528.0,3.3442283163265305
4618,onnx/vgg16-7.onnx,vnnlib/n02814860_beacon_seg0_fixnonmask_k50176_eps_0.0001.vnnlib,1200,sat True,,,,10.37195348739624,0.0,n02814860_beacon,0.0,fix_nonmask,50176.0,0.0001,n02814860_beacon_seg0_fixnonmask,False,0.0001,0.91860431432724,"[0, 0, 223, 223]",145494.0,5034.0,150528.0,96.65577168367346
4682,onnx/vgg16-7.onnx,vnnlib/n02834397_bib_global_k50176_eps_0.0001.vnnlib,1200,sat True,,,,8.032124280929565,0.0,n02834397_bib,-1.0,global,50176.0,0.0001,n02834397_bib_global,True,0.0001,,,150528.0,0.0,150528.0,100.0
4686,onnx/vgg16-7.onnx,vnnlib/n02834397_bib_seg0_fixmask_k50176_eps_0.0001.vnnlib,1200,sat True,,,,7.885492324829102,0.0,n02834397_bib,0.0,fix_mask,50176.0,0.0001,n02834397_bib_seg0_fixmask,False,0.0001,0.9117618799209596,"[0, 0, 218, 223]",41541.0,108987.0,150528.0,27.596859056122447
4690,onnx/vgg16-7.onnx,vnnlib/n02834397_bib_seg0_fixnonmask_k50176_eps_0.0001.vnnlib,1200,sat True,,,,7.813157081604004,0.0,n02834397_bib,0.0,fix_nonmask,50176.0,0.0001,n02834397_bib_seg0_fixnonmask,False,0.0001,0.9117618799209596,"[0, 0, 218, 223]",108987.0,41541.0,150528.0,72.40314094387755
4694,onnx/vgg16-7.onnx,vnnlib/n02835271_bicycle-built-for-two_global_k50176_eps_0.0001.vnnlib,1200,sat True,,,,11.576344966888428,0.0,n02835271_bicycle-built-for-two,-1.0,global,50176.0,0.0001,n02835271_bicycle-built-for-two_global,True,0.0001,,,150528.0,0.0,150528.0,100.0
4698,onnx/vgg16-7.onnx,vnnlib/n02835271_bicycle-built-for-two_seg0_fixmask_k50176_eps_0.0001.vnnlib,1200,sat True,,,,11.69529914855957,0.0,n02835271_bicycle-built-for-two,0.0,fix_mask,50176.0,0.0001,n02835271_bicycle-built-for-two_seg0_fixmask,False,0.0001,0.5530232191085815,"[0, 0, 223, 222]",90468.0,60060.0,150528.0,60.10044642857143
4702,onnx/vgg16-7.onnx,vnnlib/n02835271_bicycle-built-for-two_seg0_fixnonmask_k50176_eps_0.0001.vnnlib,1200,sat True,,,,9.807282209396362,0.0,n02835271_bicycle-built-for-two,0.0,fix_nonmask,50176.0,0.0001,n02835271_bicycle-built-for-two_seg0_fixnonmask,False,0.0001,0.5530232191085815,"[0, 0, 223, 222]",60060.0,90468.0,150528.0,39.89955357142857
4706,onnx/vgg16-7.onnx,vnnlib/n02837789_bikini_global_k50176_eps_0.0001.vnnlib,1200,sat True,,,,7.788396596908569,0.0,n02837789_bikini,-1.0,global,50176.0,0.0001,n02837789_bikini_global,True,0.0001,,,150528.0,0.0,150528.0,100.0
4710,onnx/vgg16-7.onnx,vnnlib/n02837789_bikini_seg0_fixmask_k50176_eps_0.0001.vnnlib,1200,sat True,,,,8.217030763626099,0.0,n02837789_bikini,0.0,fix_mask,50176.0,0.0001,n02837789_bikini_seg0_fixmask,False,0.0001,0.6236981749534607,"[0, 1, 223, 223]",57648.0,92880.0,150528.0,38.297193877551024
4714,onnx/vgg16-7.onnx,vnnlib/n02837789_bikini_seg0_fixnonmask_k50176_eps_0.0001.vnnlib,1200,sat True,,,,7.8303022384643555,0.0,n02837789_bikini,0.0,fix_nonmask,50176.0,0.0001,n02837789_bikini_seg0_fixnonmask,False,0.0001,0.6236981749534607,"[0, 1, 223, 223]",92880.0,57648.0,150528.0,61.702806122448976
4718,onnx/vgg16-7.onnx,vnnlib/n02841315_binoculars_global_k50176_eps_0.0001.vnnlib,1200,sat True,,,,11.630292892456056,0.0,n02841315_binoculars,-1.0,global,50176.0,0.0001,n02841315_binoculars_global,True,0.0001,,,150528.0,0.0,150528.0,100.0
4722,onnx/vgg16-7.onnx,vnnlib/n02841315_binoculars_seg0_fixmask_k50176_eps_0.0001.vnnlib,1200,sat True,,,,10.36125111579895,0.0,n02841315_binoculars,0.0,fix_mask,50176.0,0.0001,n02841315_binoculars_seg0_fixmask,False,0.0001,0.8732808828353882,"[0, 0, 223, 222]",54591.0,95937.0,150528.0,36.2663424744898
4726,onnx/vgg16-7.onnx,vnnlib/n02841315_binoculars_seg0_fixnonmask_k50176_eps_0.0001.vnnlib,1200,sat True,,,,7.974536418914795,0.0,n02841315_binoculars,0.0,fix_nonmask,50176.0,0.0001,n02841315_binoculars_seg0_fixnonmask,False,0.0001,0.8732808828353882,"[0, 0, 223, 222]",95937.0,54591.0,150528.0,63.7336575255102
4754,onnx/vgg16-7.onnx,vnnlib/n02860847_bobsled_global_k50176_eps_0.0001.vnnlib,1200,sat True,,,,7.841670274734497,0.0,n02860847_bobsled,-1.0,global,50176.0,0.0001,n02860847_bobsled_global,True,0.0001,,,150528.0,0.0,150528.0,100.0
4758,onnx/vgg16-7.onnx,vnnlib/n02860847_bobsled_seg0_fixmask_k50176_eps_0.0001.vnnlib,1200,sat True,,,,8.111124992370605,0.0,n02860847_bobsled,0.0,fix_mask,50176.0,0.0001,n02860847_bobsled_seg0_fixmask,False,0.0001,0.8115084171295166,"[0, 0, 223, 223]",78687.0,71841.0,150528.0,52.273995535714285
4762,onnx/vgg16-7.onnx,vnnlib/n02860847_bobsled_seg0_fixnonmask_k50176_eps_0.0001.vnnlib,1200,sat True,,,,8.028374433517456,0.0,n02860847_bobsled,0.0,fix_nonmask,50176.0,0.0001,n02860847_bobsled_seg0_fixnonmask,False,0.0001,0.8115084171295166,"[0, 0, 223, 223]",71841.0,78687.0,150528.0,47.726004464285715
4778,onnx/vgg16-7.onnx,vnnlib/n02869837_bonnet_global_k50176_eps_0.0001.vnnlib,1200,sat True,,,,8.807482481002808,0.0,n02869837_bonnet,-1.0,global,50176.0,0.0001,n02869837_bonnet_global,True,0.0001,,,150528.0,0.0,150528.0,100.0
4782,onnx/vgg16-7.onnx,vnnlib/n02869837_bonnet_seg0_fixmask_k50176_eps_0.0001.vnnlib,1200,unsat False,0.0058963745832443,0.0,603.4256854057312,618.4447989463806,0.0,n02869837_bonnet,0.0,fix_mask,50176.0,0.0001,n02869837_bonnet_seg0_fixmask,False,0.0001,0.923326015472412,"[0, 0, 223, 223]",18141.0,132387.0,150528.0,12.05157844387755
4786,onnx/vgg16-7.onnx,vnnlib/n02869837_bonnet_seg0_fixnonmask_k50176_eps_0.0001.vnnlib,1200,sat True,,,,8.427175521850586,0.0,n02869837_bonnet,0.0,fix_nonmask,50176.0,0.0001,n02869837_bonnet_seg0_fixnonmask,False,0.0001,0.923326015472412,"[0, 0, 223, 223]",132387.0,18141.0,150528.0,87.94842155612245
4802,onnx/vgg16-7.onnx,vnnlib/n02871525_bookshop_global_k50176_eps_0.0001.vnnlib,1200,sat True,,,,8.138040781021118,0.0,n02871525_bookshop,-1.0,global,50176.0,0.0001,n02871525_bookshop_global,True,0.0001,,,150528.0,0.0,150528.0,100.0
4806,onnx/vgg16-7.onnx,vnnlib/n02871525_bookshop_seg0_fixmask_k50176_eps_0.0001.vnnlib,1200,sat True,,,,8.46278190612793,0.0,n02871525_bookshop,0.0,fix_mask,50176.0,0.0001,n02871525_bookshop_seg0_fixmask,False,0.0001,0.8552067875862122,"[0, 0, 223, 222]",29586.0,120942.0,150528.0,19.654815051020407
4810,onnx/vgg16-7.onnx,vnnlib/n02871525_bookshop_seg0_fixnonmask_k50176_eps_0.0001.vnnlib,1200,sat True,,,,8.688373804092407,0.0,n02871525_bookshop,0.0,fix_nonmask,50176.0,0.0001,n02871525_bookshop_seg0_fixnonmask,False,0.0001,0.8552067875862122,"[0, 0, 223, 222]",120942.0,29586.0,150528.0,80.3451849489796
4814,onnx/vgg16-7.onnx,vnnlib/n02877765_bottlecap_global_k50176_eps_0.0001.vnnlib,1200,sat True,,,,8.108226776123047,0.0,n02877765_bottlecap,-1.0,global,50176.0,0.0001,n02877765_bottlecap_global,True,0.0001,,,150528.0,0.0,150528.0,100.0
4818,onnx/vgg16-7.onnx,vnnlib/n02877765_bottlecap_seg0_fixmask_k50176_eps_0.0001.vnnlib,1200,sat True,,,,11.070101022720335,0.0,n02877765_bottlecap,0.0,fix_mask,50176.0,0.0001,n02877765_bottlecap_seg0_fixmask,False,0.0001,0.9337839484214784,"[0, 0, 223, 217]",48285.0,102243.0,150528.0,32.07708864795919
4822,onnx/vgg16-7.onnx,vnnlib/n02877765_bottlecap_seg0_fixnonmask_k50176_eps_0.0001.vnnlib,1200,sat True,,,,8.407992839813232,0.0,n02877765_bottlecap,0.0,fix_nonmask,50176.0,0.0001,n02877765_bottlecap_seg0_fixnonmask,False,0.0001,0.9337839484214784,"[0, 0, 223, 217]",102243.0,48285.0,150528.0,67.92291135204081
4862,onnx/vgg16-7.onnx,vnnlib/n02894605_breakwater_global_k50176_eps_0.0001.vnnlib,1200,sat True,,,,9.910191297531128,0.0,n02894605_breakwater,-1.0,global,50176.0,0.0001,n02894605_breakwater_global,True,0.0001,,,150528.0,0.0,150528.0,100.0
4866,onnx/vgg16-7.onnx,vnnlib/n02894605_breakwater_seg0_fixmask_k50176_eps_0.0001.vnnlib,1200,sat True,,,,9.427215576171877,0.0,n02894605_breakwater,0.0,fix_mask,50176.0,0.0001,n02894605_breakwater_seg0_fixmask,False,0.0001,0.8366570472717285,"[0, 0, 223, 222]",27045.0,123483.0,150528.0,17.966757015306122
4870,onnx/vgg16-7.onnx,vnnlib/n02894605_breakwater_seg0_fixnonmask_k50176_eps_0.0001.vnnlib,1200,sat True,,,,7.893649816513061,0.0,n02894605_breakwater,0.0,fix_nonmask,50176.0,0.0001,n02894605_breakwater_seg0_fixnonmask,False,0.0001,0.8366570472717285,"[0, 0, 223, 222]",123483.0,27045.0,150528.0,82.03324298469387
4898,onnx/vgg16-7.onnx,vnnlib/n02909870_bucket_global_k50176_eps_0.0001.vnnlib,1200,sat True,,,,8.333101749420166,0.0,n02909870_bucket,-1.0,global,50176.0,0.0001,n02909870_bucket_global,True,0.0001,,,150528.0,0.0,150528.0,100.0
4902,onnx/vgg16-7.onnx,vnnlib/n02909870_bucket_seg0_fixmask_k50176_eps_0.0001.vnnlib,1200,sat True,,,,8.106319904327393,0.0,n02909870_bucket,0.0,fix_mask,50176.0,0.0001,n02909870_bucket_seg0_fixmask,False,0.0001,0.8907179832458496,"[0, 0, 223, 223]",14832.0,135696.0,150528.0,9.853316326530612
4906,onnx/vgg16-7.onnx,vnnlib/n02909870_bucket_seg0_fixnonmask_k50176_eps_0.0001.vnnlib,1200,sat True,,,,8.18978476524353,0.0,n02909870_bucket,0.0,fix_nonmask,50176.0,0.0001,n02909870_bucket_seg0_fixnonmask,False,0.0001,0.8907179832458496,"[0, 0, 223, 223]",135696.0,14832.0,150528.0,90.14668367346938
4970,onnx/vgg16-7.onnx,vnnlib/n02939185_caldron_global_k50176_eps_0.0001.vnnlib,1200,sat True,,,,8.076279401779175,0.0,n02939185_caldron,-1.0,global,50176.0,0.0001,n02939185_caldron_global,True,0.0001,,,150528.0,0.0,150528.0,100.0
4974,onnx/vgg16-7.onnx,vnnlib/n02939185_caldron_seg0_fixmask_k50176_eps_0.0001.vnnlib,1200,sat True,,,,8.074472904205322,0.0,n02939185_caldron,0.0,fix_mask,50176.0,0.0001,n02939185_caldron_seg0_fixmask,False,0.0001,0.8180888891220093,"[0, 0, 223, 223]",52782.0,97746.0,150528.0,35.064572704081634
4978,onnx/vgg16-7.onnx,vnnlib/n02939185_caldron_seg0_fixnonmask_k50176_eps_0.0001.vnnlib,1200,sat True,,,,10.909037590026855,0.0,n02939185_caldron,0.0,fix_nonmask,50176.0,0.0001,n02939185_caldron_seg0_fixnonmask,False,0.0001,0.8180888891220093,"[0, 0, 223, 223]",97746.0,52782.0,150528.0,64.93542729591837
5006,onnx/vgg16-7.onnx,vnnlib/n02951358_canoe_global_k50176_eps_0.0001.vnnlib,1200,sat True,,,,7.612298011779785,0.0,n02951358_canoe,-1.0,global,50176.0,0.0001,n02951358_canoe_global,True,0.0001,,,150528.0,0.0,150528.0,100.0
5010,onnx/vgg16-7.onnx,vnnlib/n02951358_canoe_seg0_fixmask_k50176_eps_0.0001.vnnlib,1200,sat True,,,,10.375848770141602,0.0,n02951358_canoe,0.0,fix_mask,50176.0,0.0001,n02951358_canoe_seg0_fixmask,False,0.0001,0.826528012752533,"[0, 1, 223, 223]",47985.0,102543.0,150528.0,31.877790178571427
5014,onnx/vgg16-7.onnx,vnnlib/n02951358_canoe_seg0_fixnonmask_k50176_eps_0.0001.vnnlib,1200,sat True,,,,7.932407379150391,0.0,n02951358_canoe,0.0,fix_nonmask,50176.0,0.0001,n02951358_canoe_seg0_fixnonmask,False,0.0001,0.826528012752533,"[0, 1, 223, 223]",102543.0,47985.0,150528.0,68.12220982142857
5030,onnx/vgg16-7.onnx,vnnlib/n02963159_cardigan_global_k50176_eps_0.0001.vnnlib,1200,sat True,,,,8.393569707870483,0.0,n02963159_cardigan,-1.0,global,50176.0,0.0001,n02963159_cardigan_global,True,0.0001,,,150528.0,0.0,150528.0,100.0
5034,onnx/vgg16-7.onnx,vnnlib/n02963159_cardigan_seg0_fixmask_k50176_eps_0.0001.vnnlib,1200,sat True,,,,8.465554475784302,0.0,n02963159_cardigan,0.0,fix_mask,50176.0,0.0001,n02963159_cardigan_seg0_fixmask,False,0.0001,0.9393629431724548,"[0, 0, 223, 218]",45084.0,105444.0,150528.0,29.950573979591837
5038,onnx/vgg16-7.onnx,vnnlib/n02963159_cardigan_seg0_fixnonmask_k50176_eps_0.0001.vnnlib,1200,sat True,,,,8.435325145721436,0.0,n02963159_cardigan,0.0,fix_nonmask,50176.0,0.0001,n02963159_cardigan_seg0_fixnonmask,False,0.0001,0.9393629431724548,"[0, 0, 223, 218]",105444.0,45084.0,150528.0,70.04942602040816
5102,onnx/vgg16-7.onnx,vnnlib/n02978881_cassette_global_k50176_eps_0.0001.vnnlib,1200,sat True,,,,8.241530179977417,0.0,n02978881_cassette,-1.0,global,50176.0,0.0001,n02978881_cassette_global,True,0.0001,,,150528.0,0.0,150528.0,100.0
5106,onnx/vgg16-7.onnx,vnnlib/n02978881_cassette_seg0_fixmask_k50176_eps_0.0001.vnnlib,1200,sat True,,,,11.139305591583252,0.0,n02978881_cassette,0.0,fix_mask,50176.0,0.0001,n02978881_cassette_seg0_fixmask,False,0.0001,0.8664279580116272,"[0, 0, 223, 223]",18171.0,132357.0,150528.0,12.071508290816327
5110,onnx/vgg16-7.onnx,vnnlib/n02978881_cassette_seg0_fixnonmask_k50176_eps_0.0001.vnnlib,1200,sat True,,,,8.238120079040527,0.0,n02978881_cassette,0.0,fix_nonmask,50176.0,0.0001,n02978881_cassette_seg0_fixnonmask,False,0.0001,0.8664279580116272,"[0, 0, 223, 223]",132357.0,18171.0,150528.0,87.92849170918367
5126,onnx/vgg16-7.onnx,vnnlib/n02981792_catamaran_global_k50176_eps_0.0001.vnnlib,1200,sat True,,,,8.140991449356079,0.0,n02981792_catamaran,-1.0,global,50176.0,0.0001,n02981792_catamaran_global,True,0.0001,,,150528.0,0.0,150528.0,100.0
5130,onnx/vgg16-7.onnx,vnnlib/n02981792_catamaran_seg0_fixmask_k50176_eps_0.0001.vnnlib,1200,sat True,,,,8.214019536972046,0.0,n02981792_catamaran,0.0,fix_mask,50176.0,0.0001,n02981792_catamaran_seg0_fixmask,False,0.0001,0.8480837941169739,"[0, 0, 223, 222]",51993.0,98535.0,150528.0,34.54041772959184
5134,onnx/vgg16-7.onnx,vnnlib/n02981792_catamaran_seg0_fixnonmask_k50176_eps_0.0001.vnnlib,1200,sat True,,,,7.85879373550415,0.0,n02981792_catamaran,0.0,fix_nonmask,50176.0,0.0001,n02981792_catamaran_seg0_fixnonmask,False,0.0001,0.8480837941169739,"[0, 0, 223, 222]",98535.0,51993.0,150528.0,65.45958227040816
5162,onnx/vgg16-7.onnx,vnnlib/n02999410_chain_global_k50176_eps_0.0001.vnnlib,1200,sat True,,,,8.032323122024536,0.0,n02999410_chain,-1.0,global,50176.0,0.0001,n02999410_chain_global,True,0.0001,,,150528.0,0.0,150528.0,100.0
5166,onnx/vgg16-7.onnx,vnnlib/n02999410_chain_seg0_fixmask_k50176_eps_0.0001.vnnlib,1200,sat True,,,,8.3687162399292,0.0,n02999410_chain,0.0,fix_mask,50176.0,0.0001,n02999410_chain_seg0_fixmask,False,0.0001,0.7857593297958374,"[0, 0, 222, 223]",40743.0,109785.0,150528.0,27.06672512755102
5170,onnx/vgg16-7.onnx,vnnlib/n02999410_chain_seg0_fixnonmask_k50176_eps_0.0001.vnnlib,1200,sat True,,,,7.895132303237915,0.0,n02999410_chain,0.0,fix_nonmask,50176.0,0.0001,n02999410_chain_seg0_fixnonmask,False,0.0001,0.7857593297958374,"[0, 0, 222, 223]",109785.0,40743.0,150528.0,72.93327487244898
5198,onnx/vgg16-7.onnx,vnnlib/n03014705_chest_global_k50176_eps_0.0001.vnnlib,1200,timeout False,-13.8977689743042,3.0,2435.498818397522,2449.889689207077,0.0,n03014705_chest,-1.0,global,50176.0,0.0001,n03014705_chest_global,True,0.0001,,,150528.0,0.0,150528.0,100.0
5202,onnx/vgg16-7.onnx,vnnlib/n03014705_chest_seg0_fixmask_k50176_eps_0.0001.vnnlib,1200,unsat False,0.0940866470336914,0.0,644.0086393356323,658.4808950424194,0.0,n03014705_chest,0.0,fix_mask,50176.0,0.0001,n03014705_chest_seg0_fixmask,False,0.0001,0.9087029099464417,"[0, 0, 223, 223]",44370.0,106158.0,150528.0,29.47624362244898
5206,onnx/vgg16-7.onnx,vnnlib/n03014705_chest_seg0_fixnonmask_k50176_eps_0.0001.vnnlib,1200,timeout False,-0.4548566341400146,3.0,2234.081878423691,2249.087601661682,0.0,n03014705_chest,0.0,fix_nonmask,50176.0,0.0001,n03014705_chest_seg0_fixnonmask,False,0.0001,0.9087029099464417,"[0, 0, 223, 223]",106158.0,44370.0,150528.0,70.52375637755102
5294,onnx/vgg16-7.onnx,vnnlib/n03047690_clog_global_k50176_eps_0.0001.vnnlib,1200,sat True,,,,8.513115882873535,0.0,n03047690_clog,-1.0,global,50176.0,0.0001,n03047690_clog_global,True,0.0001,,,150528.0,0.0,150528.0,100.0
5298,onnx/vgg16-7.onnx,vnnlib/n03047690_clog_seg0_fixmask_k50176_eps_0.0001.vnnlib,1200,sat True,,,,7.787808179855347,0.0,n03047690_clog,0.0,fix_mask,50176.0,0.0001,n03047690_clog_seg0_fixmask,False,0.0001,0.9226118922233582,"[0, 1, 223, 223]",58170.0,92358.0,150528.0,38.643973214285715
5302,onnx/vgg16-7.onnx,vnnlib/n03047690_clog_seg0_fixnonmask_k50176_eps_0.0001.vnnlib,1200,sat True,,,,8.084689378738403,0.0,n03047690_clog,0.0,fix_nonmask,50176.0,0.0001,n03047690_clog_seg0_fixnonmask,False,0.0001,0.9226118922233582,"[0, 1, 223, 223]",92358.0,58170.0,150528.0,61.356026785714285
5330,onnx/vgg16-7.onnx,vnnlib/n03065424_coil_global_k50176_eps_0.0001.vnnlib,1200,sat True,,,,8.094007015228271,0.0,n03065424_coil,-1.0,global,50176.0,0.0001,n03065424_coil_global,True,0.0001,,,150528.0,0.0,150528.0,100.0
5334,onnx/vgg16-7.onnx,vnnlib/n03065424_coil_seg0_fixmask_k50176_eps_0.0001.vnnlib,1200,sat True,,,,8.082625150680542,0.0,n03065424_coil,0.0,fix_mask,50176.0,0.0001,n03065424_coil_seg0_fixmask,False,0.0001,0.8346132040023804,"[0, 0, 222, 222]",71673.0,78855.0,150528.0,47.61439732142857
5338,onnx/vgg16-7.onnx,vnnlib/n03065424_coil_seg0_fixnonmask_k50176_eps_0.0001.vnnlib,1200,sat True,,,,7.69670557975769,0.0,n03065424_coil,0.0,fix_nonmask,50176.0,0.0001,n03065424_coil_seg0_fixnonmask,False,0.0001,0.8346132040023804,"[0, 0, 222, 222]",78855.0,71673.0,150528.0,52.38560267857143
5378,onnx/vgg16-7.onnx,vnnlib/n03100240_convertible_global_k50176_eps_0.0001.vnnlib,1200,sat True,,,,7.947819232940674,0.0,n03100240_convertible,-1.0,global,50176.0,0.0001,n03100240_convertible_global,True,0.0001,,,150528.0,0.0,150528.0,100.0
5382,onnx/vgg16-7.onnx,vnnlib/n03100240_convertible_seg0_fixmask_k50176_eps_0.0001.vnnlib,1200,sat True,,,,8.414771795272827,0.0,n03100240_convertible,0.0,fix_mask,50176.0,0.0001,n03100240_convertible_seg0_fixmask,False,0.0001,0.8905168175697327,"[0, 0, 223, 219]",44007.0,106521.0,150528.0,29.235092474489797
5386,onnx/vgg16-7.onnx,vnnlib/n03100240_convertible_seg0_fixnonmask_k50176_eps_0.0001.vnnlib,1200,sat True,,,,9.596975803375244,0.0,n03100240_convertible,0.0,fix_nonmask,50176.0,0.0001,n03100240_convertible_seg0_fixnonmask,False,0.0001,0.8905168175697327,"[0, 0, 223, 219]",106521.0,44007.0,150528.0,70.76490752551021
5390,onnx/vgg16-7.onnx,vnnlib/n03109150_corkscrew_global_k50176_eps_0.0001.vnnlib,1200,sat True,,,,9.100457906723022,0.0,n03109150_corkscrew,-1.0,global,50176.0,0.0001,n03109150_corkscrew_global,True,0.0001,,,150528.0,0.0,150528.0,100.0
5394,onnx/vgg16-7.onnx,vnnlib/n03109150_corkscrew_seg0_fixmask_k50176_eps_0.0001.vnnlib,1200,sat False,-inf,,1.369922161102295,8.641629695892334,0.0,n03109150_corkscrew,0.0,fix_mask,50176.0,0.0001,n03109150_corkscrew_seg0_fixmask,False,0.0001,0.9276344776153564,"[0, 0, 223, 223]",2418.0,148110.0,150528.0,1.606345663265306
5398,onnx/vgg16-7.onnx,vnnlib/n03109150_corkscrew_seg0_fixnonmask_k50176_eps_0.0001.vnnlib,1200,sat True,,,,7.904320001602173,0.0,n03109150_corkscrew,0.0,fix_nonmask,50176.0,0.0001,n03109150_corkscrew_seg0_fixnonmask,False,0.0001,0.9276344776153564,"[0, 0, 223, 223]",148110.0,2418.0,150528.0,98.3936543367347
5402,onnx/vgg16-7.onnx,vnnlib/n03110669_cornet_global_k50176_eps_0.0001.vnnlib,1200,sat True,,,,8.381093740463257,0.0,n03110669_cornet,-1.0,global,50176.0,0.0001,n03110669_cornet_global,True,0.0001,,,150528.0,0.0,150528.0,100.0
5406,onnx/vgg16-7.onnx,vnnlib/n03110669_cornet_seg0_fixmask_k50176_eps_0.0001.vnnlib,1200,sat True,,,,8.23928713798523,0.0,n03110669_cornet,0.0,fix_mask,50176.0,0.0001,n03110669_cornet_seg0_fixmask,False,0.0001,0.7736886739730835,"[0, 0, 222, 223]",15468.0,135060.0,150528.0,10.275829081632653
5410,onnx/vgg16-7.onnx,vnnlib/n03110669_cornet_seg0_fixnonmask_k50176_eps_0.0001.vnnlib,1200,sat True,,,,8.359408378601074,0.0,n03110669_cornet,0.0,fix_nonmask,50176.0,0.0001,n03110669_cornet_seg0_fixnonmask,False,0.0001,0.7736886739730835,"[0, 0, 222, 223]",135060.0,15468.0,150528.0,89.72417091836735
5438,onnx/vgg16-7.onnx,vnnlib/n03125729_cradle_global_k50176_eps_0.0001.vnnlib,1200,sat True,,,,7.857097864151001,0.0,n03125729_cradle,-1.0,global,50176.0,0.0001,n03125729_cradle_global,True,0.0001,,,150528.0,0.0,150528.0,100.0
5442,onnx/vgg16-7.onnx,vnnlib/n03125729_cradle_seg0_fixmask_k50176_eps_0.0001.vnnlib,1200,sat True,,,,7.853350162506104,0.0,n03125729_cradle,0.0,fix_mask,50176.0,0.0001,n03125729_cradle_seg0_fixmask,False,0.0001,0.5905932188034058,"[1, 0, 223, 223]",34356.0,116172.0,150528.0,22.823660714285715
5446,onnx/vgg16-7.onnx,vnnlib/n03125729_cradle_seg0_fixnonmask_k50176_eps_0.0001.vnnlib,1200,sat True,,,,8.259201526641846,0.0,n03125729_cradle,0.0,fix_nonmask,50176.0,0.0001,n03125729_cradle_seg0_fixnonmask,False,0.0001,0.5905932188034058,"[1, 0, 223, 223]",116172.0,34356.0,150528.0,77.17633928571429
5510,onnx/vgg16-7.onnx,vnnlib/n03141823_crutch_global_k50176_eps_0.0001.vnnlib,1200,sat True,,,,9.959816455841064,0.0,n03141823_crutch,-1.0,global,50176.0,0.0001,n03141823_crutch_global,True,0.0001,,,150528.0,0.0,150528.0,100.0
5514,onnx/vgg16-7.onnx,vnnlib/n03141823_crutch_seg0_fixmask_k50176_eps_0.0001.vnnlib,1200,sat True,,,,7.919222116470337,0.0,n03141823_crutch,0.0,fix_mask,50176.0,0.0001,n03141823_crutch_seg0_fixmask,False,0.0001,0.6051544547080994,"[0, 0, 223, 223]",88758.0,61770.0,150528.0,58.96444515306123
5518,onnx/vgg16-7.onnx,vnnlib/n03141823_crutch_seg0_fixnonmask_k50176_eps_0.0001.vnnlib,1200,sat True,,,,8.034417390823364,0.0,n03141823_crutch,0.0,fix_nonmask,50176.0,0.0001,n03141823_crutch_seg0_fixnonmask,False,0.0001,0.6051544547080994,"[0, 0, 223, 223]",61770.0,88758.0,150528.0,41.03555484693877
5522,onnx/vgg16-7.onnx,vnnlib/n03146219_cuirass_global_k50176_eps_0.0001.vnnlib,1200,sat True,,,,7.877301216125488,0.0,n03146219_cuirass,-1.0,global,50176.0,0.0001,n03146219_cuirass_global,True,0.0001,,,150528.0,0.0,150528.0,100.0
5526,onnx/vgg16-7.onnx,vnnlib/n03146219_cuirass_seg0_fixmask_k50176_eps_0.0001.vnnlib,1200,sat True,,,,8.047163248062134,0.0,n03146219_cuirass,0.0,fix_mask,50176.0,0.0001,n03146219_cuirass_seg0_fixmask,False,0.0001,0.6995499134063721,"[0, 0, 223, 223]",51303.0,99225.0,150528.0,34.08203125
5530,onnx/vgg16-7.onnx,vnnlib/n03146219_cuirass_seg0_fixnonmask_k50176_eps_0.0001.vnnlib,1200,sat True,,,,7.890892744064331,0.0,n03146219_cuirass,0.0,fix_nonmask,50176.0,0.0001,n03146219_cuirass_seg0_fixnonmask,False,0.0001,0.6995499134063721,"[0, 0, 223, 223]",99225.0,51303.0,150528.0,65.91796875
5534,onnx/vgg16-7.onnx,vnnlib/n03160309_dam_global_k50176_eps_0.0001.vnnlib,1200,sat True,,,,7.854170083999634,0.0,n03160309_dam,-1.0,global,50176.0,0.0001,n03160309_dam_global,True,0.0001,,,150528.0,0.0,150528.0,100.0
5538,onnx/vgg16-7.onnx,vnnlib/n03160309_dam_seg0_fixmask_k50176_eps_0.0001.vnnlib,1200,sat True,,,,8.001439809799194,0.0,n03160309_dam,0.0,fix_mask,50176.0,0.0001,n03160309_dam_seg0_fixmask,False,0.0001,0.8578673005104065,"[0, 0, 223, 223]",17124.0,133404.0,150528.0,11.37595663265306
5542,onnx/vgg16-7.onnx,vnnlib/n03160309_dam_seg0_fixnonmask_k50176_eps_0.0001.vnnlib,1200,sat True,,,,8.096593141555786,0.0,n03160309_dam,0.0,fix_nonmask,50176.0,0.0001,n03160309_dam_seg0_fixnonmask,False,0.0001,0.8578673005104065,"[0, 0, 223, 223]",133404.0,17124.0,150528.0,88.62404336734694
5546,onnx/vgg16-7.onnx,vnnlib/n03179701_desk_global_k50176_eps_0.0001.vnnlib,1200,sat True,,,,8.188708782196045,0.0,n03179701_desk,-1.0,global,50176.0,0.0001,n03179701_desk_global,True,0.0001,,,150528.0,0.0,150528.0,100.0
5550,onnx/vgg16-7.onnx,vnnlib/n03179701_desk_seg0_fixmask_k50176_eps_0.0001.vnnlib,1200,sat True,,,,7.855267524719238,0.0,n03179701_desk,0.0,fix_mask,50176.0,0.0001,n03179701_desk_seg0_fixmask,False,0.0001,0.7261659502983093,"[0, 0, 223, 223]",68094.0,82434.0,150528.0,45.23676658163265
5554,onnx/vgg16-7.onnx,vnnlib/n03179701_desk_seg0_fixnonmask_k50176_eps_0.0001.vnnlib,1200,sat True,,,,7.887220144271851,0.0,n03179701_desk,0.0,fix_nonmask,50176.0,0.0001,n03179701_desk_seg0_fixnonmask,False,0.0001,0.7261659502983093,"[0, 0, 223, 223]",82434.0,68094.0,150528.0,54.76323341836735
5630,onnx/vgg16-7.onnx,vnnlib/n03216828_dock_global_k50176_eps_0.0001.vnnlib,1200,sat True,,,,8.228607177734375,0.0,n03216828_dock,-1.0,global,50176.0,0.0001,n03216828_dock_global,True,0.0001,,,150528.0,0.0,150528.0,100.0
5634,onnx/vgg16-7.onnx,vnnlib/n03216828_dock_seg0_fixmask_k50176_eps_0.0001.vnnlib,1200,sat True,,,,7.912340879440308,0.0,n03216828_dock,0.0,fix_mask,50176.0,0.0001,n03216828_dock_seg0_fixmask,False,0.0001,0.8087610602378845,"[0, 0, 223, 223]",38952.0,111576.0,150528.0,25.87691326530612
5638,onnx/vgg16-7.onnx,vnnlib/n03216828_dock_seg0_fixnonmask_k50176_eps_0.0001.vnnlib,1200,sat True,,,,7.943822383880615,0.0,n03216828_dock,0.0,fix_nonmask,50176.0,0.0001,n03216828_dock_seg0_fixnonmask,False,0.0001,0.8087610602378845,"[0, 0, 223, 223]",111576.0,38952.0,150528.0,74.12308673469387
5642,onnx/vgg16-7.onnx,vnnlib/n03218198_dogsled_global_k50176_eps_0.0001.vnnlib,1200,sat True,,,,7.826126337051392,0.0,n03218198_dogsled,-1.0,global,50176.0,0.0001,n03218198_dogsled_global,True,0.0001,,,150528.0,0.0,150528.0,100.0
5646,onnx/vgg16-7.onnx,vnnlib/n03218198_dogsled_seg0_fixmask_k50176_eps_0.0001.vnnlib,1200,sat True,,,,8.091123580932617,0.0,n03218198_dogsled,0.0,fix_mask,50176.0,0.0001,n03218198_dogsled_seg0_fixmask,False,0.0001,0.7254850268363953,"[0, 0, 223, 222]",107661.0,42867.0,150528.0,71.52224170918367
5650,onnx/vgg16-7.onnx,vnnlib/n03218198_dogsled_seg0_fixnonmask_k50176_eps_0.0001.vnnlib,1200,sat True,,,,7.898924589157104,0.0,n03218198_dogsled,0.0,fix_nonmask,50176.0,0.0001,n03218198_dogsled_seg0_fixnonmask,False,0.0001,0.7254850268363953,"[0, 0, 223, 222]",42867.0,107661.0,150528.0,28.477758290816325
5690,onnx/vgg16-7.onnx,vnnlib/n03249569_drum_global_k50176_eps_0.0001.vnnlib,1200,sat True,,,,8.199341058731079,0.0,n03249569_drum,-1.0,global,50176.0,0.0001,n03249569_drum_global,True,0.0001,,,150528.0,0.0,150528.0,100.0
5694,onnx/vgg16-7.onnx,vnnlib/n03249569_drum_seg0_fixmask_k50176_eps_0.0001.vnnlib,1200,sat True,,,,8.091447114944458,0.0,n03249569_drum,0.0,fix_mask,50176.0,0.0001,n03249569_drum_seg0_fixmask,False,0.0001,0.8808003067970276,"[0, 0, 223, 223]",70968.0,79560.0,150528.0,47.14604591836735
5698,onnx/vgg16-7.onnx,vnnlib/n03249569_drum_seg0_fixnonmask_k50176_eps_0.0001.vnnlib,1200,sat True,,,,8.032930374145508,0.0,n03249569_drum,0.0,fix_nonmask,50176.0,0.0001,n03249569_drum_seg0_fixnonmask,False,0.0001,0.8808003067970276,"[0, 0, 223, 223]",79560.0,70968.0,150528.0,52.85395408163265
5702,onnx/vgg16-7.onnx,vnnlib/n03255030_dumbbell_global_k50176_eps_0.0001.vnnlib,1200,sat True,,,,59.43107008934021,0.0,n03255030_dumbbell,-1.0,global,50176.0,0.0001,n03255030_dumbbell_global,True,0.0001,,,150528.0,0.0,150528.0,100.0
5706,onnx/vgg16-7.onnx,vnnlib/n03255030_dumbbell_seg0_fixmask_k50176_eps_0.0001.vnnlib,1200,sat True,,,,58.93128848075867,0.0,n03255030_dumbbell,0.0,fix_mask,50176.0,0.0001,n03255030_dumbbell_seg0_fixmask,False,0.0001,0.8464468121528625,"[0, 0, 223, 222]",48231.0,102297.0,150528.0,32.04121492346939
5710,onnx/vgg16-7.onnx,vnnlib/n03255030_dumbbell_seg0_fixnonmask_k50176_eps_0.0001.vnnlib,1200,sat True,,,,58.12949085235596,0.0,n03255030_dumbbell,0.0,fix_nonmask,50176.0,0.0001,n03255030_dumbbell_seg0_fixnonmask,False,0.0001,0.8464468121528625,"[0, 0, 223, 222]",102297.0,48231.0,150528.0,67.95878507653062
5774,onnx/vgg16-7.onnx,vnnlib/n03291819_envelope_global_k50176_eps_0.0001.vnnlib,1200,timeout False,-21.147554397583008,3.0,2370.078975915909,2383.2153606414795,0.0,n03291819_envelope,-1.0,global,50176.0,0.0001,n03291819_envelope_global,True,0.0001,,,150528.0,0.0,150528.0,100.0
5778,onnx/vgg16-7.onnx,vnnlib/n03291819_envelope_seg0_fixmask_k50176_eps_0.0001.vnnlib,1200,unsat False,3.7180562019348145,0.0,633.8790435791016,646.5133619308472,0.0,n03291819_envelope,0.0,fix_mask,50176.0,0.0001,n03291819_envelope_seg0_fixmask,False,0.0001,0.9581008553504944,"[0, 0, 222, 222]",46161.0,104367.0,150528.0,30.66605548469388
5782,onnx/vgg16-7.onnx,vnnlib/n03291819_envelope_seg0_fixnonmask_k50176_eps_0.0001.vnnlib,1200,timeout False,-0.1854794025421142,3.0,2247.34082198143,2260.313115119934,0.0,n03291819_envelope,0.0,fix_nonmask,50176.0,0.0001,n03291819_envelope_seg0_fixnonmask,False,0.0001,0.9581008553504944,"[0, 0, 222, 222]",104367.0,46161.0,150528.0,69.33394451530613
6710,onnx/vgg16-7.onnx,vnnlib/n03721384_marimba_global_k50176_eps_0.0001.vnnlib,1200,sat True,,,,8.133661031723022,0.0,n03721384_marimba,-1.0,global,50176.0,0.0001,n03721384_marimba_global,True,0.0001,,,150528.0,0.0,150528.0,100.0
6714,onnx/vgg16-7.onnx,vnnlib/n03721384_marimba_seg0_fixmask_k50176_eps_0.0001.vnnlib,1200,sat True,,,,8.195165872573853,0.0,n03721384_marimba,0.0,fix_mask,50176.0,0.0001,n03721384_marimba_seg0_fixmask,False,0.0001,0.7228519916534424,"[0, 0, 223, 222]",80628.0,69900.0,150528.0,53.563456632653065
6718,onnx/vgg16-7.onnx,vnnlib/n03721384_marimba_seg0_fixnonmask_k50176_eps_0.0001.vnnlib,1200,sat True,,,,8.250074625015259,0.0,n03721384_marimba,0.0,fix_nonmask,50176.0,0.0001,n03721384_marimba_seg0_fixnonmask,False,0.0001,0.7228519916534424,"[0, 0, 223, 222]",69900.0,80628.0,150528.0,46.436543367346935
6722,onnx/vgg16-7.onnx,vnnlib/n03724870_mask_global_k50176_eps_0.0001.vnnlib,1200,sat True,,,,8.15300965309143,0.0,n03724870_mask,-1.0,global,50176.0,0.0001,n03724870_mask_global,True,0.0001,,,150528.0,0.0,150528.0,100.0
6726,onnx/vgg16-7.onnx,vnnlib/n03724870_mask_seg0_fixmask_k50176_eps_0.0001.vnnlib,1200,sat True,,,,8.19223928451538,0.0,n03724870_mask,0.0,fix_mask,50176.0,0.0001,n03724870_mask_seg0_fixmask,False,0.0001,0.7636054754257202,"[0, 0, 223, 223]",32538.0,117990.0,150528.0,21.61591198979592
6730,onnx/vgg16-7.onnx,vnnlib/n03724870_mask_seg0_fixnonmask_k50176_eps_0.0001.vnnlib,1200,sat True,,,,8.157503366470337,0.0,n03724870_mask,0.0,fix_nonmask,50176.0,0.0001,n03724870_mask_seg0_fixnonmask,False,0.0001,0.7636054754257202,"[0, 0, 223, 223]",117990.0,32538.0,150528.0,78.38408801020408
6734,onnx/vgg16-7.onnx,vnnlib/n03733131_maypole_global_k50176_eps_0.0001.vnnlib,1200,sat True,,,,8.078553915023804,0.0,n03733131_maypole,-1.0,global,50176.0,0.0001,n03733131_maypole_global,True,0.0001,,,150528.0,0.0,150528.0,100.0
6738,onnx/vgg16-7.onnx,vnnlib/n03733131_maypole_seg0_fixmask_k50176_eps_0.0001.vnnlib,1200,sat True,,,,8.20529317855835,0.0,n03733131_maypole,0.0,fix_mask,50176.0,0.0001,n03733131_maypole_seg0_fixmask,False,0.0001,0.619395911693573,"[0, 0, 223, 223]",96714.0,53814.0,150528.0,64.24984056122449
6742,onnx/vgg16-7.onnx,vnnlib/n03733131_maypole_seg0_fixnonmask_k50176_eps_0.0001.vnnlib,1200,sat True,,,,8.124081134796143,0.0,n03733131_maypole,0.0,fix_nonmask,50176.0,0.0001,n03733131_maypole_seg0_fixnonmask,False,0.0001,0.619395911693573,"[0, 0, 223, 223]",53814.0,96714.0,150528.0,35.75015943877551
6770,onnx/vgg16-7.onnx,vnnlib/n03743016_megalith_global_k50176_eps_0.0001.vnnlib,1200,timeout False,-5.7148356437683105,3.0,3621.2383708953857,3636.9077644348145,0.0,n03743016_megalith,-1.0,global,50176.0,0.0001,n03743016_megalith_global,True,0.0001,,,150528.0,0.0,150528.0,100.0
6774,onnx/vgg16-7.onnx,vnnlib/n03743016_megalith_seg0_fixmask_k50176_eps_0.0001.vnnlib,1200,unsat False,0.9188733100891112,0.0,954.1851949691772,971.7023959159852,0.0,n03743016_megalith,0.0,fix_mask,50176.0,0.0001,n03743016_megalith_seg0_fixmask,False,0.0001,0.7351173162460327,"[0, 0, 223, 222]",47646.0,102882.0,150528.0,31.652582908163264
6778,onnx/vgg16-7.onnx,vnnlib/n03743016_megalith_seg0_fixnonmask_k50176_eps_0.0001.vnnlib,1200,unsat False,0.6733875870704651,0.0,1113.660665512085,1131.2008402347565,0.0,n03743016_megalith,0.0,fix_nonmask,50176.0,0.0001,n03743016_megalith_seg0_fixnonmask,False,0.0001,0.7351173162460327,"[0, 0, 223, 222]",102882.0,47646.0,150528.0,68.34741709183673
7706,onnx/vgg16-7.onnx,vnnlib/n04009552_projector_global_k50176_eps_0.0001.vnnlib,1200,timeout False,-4989.67822265625,3.0,4726.446636676788,4744.009972810745,0.0,n04009552_projector,-1.0,global,50176.0,0.0001,n04009552_projector_global,True,0.0001,,,150528.0,0.0,150528.0,100.0
7710,onnx/vgg16-7.onnx,vnnlib/n04009552_projector_seg0_fixmask_k50176_eps_0.0001.vnnlib,1200,unsat False,1.9487965106964111,0.0,894.0626711845398,911.6626682281494,0.0,n04009552_projector,0.0,fix_mask,50176.0,0.0001,n04009552_projector_seg0_fixmask,False,0.0001,0.9409666061401368,"[0, 0, 223, 222]",14277.0,136251.0,150528.0,9.484614158163266
7714,onnx/vgg16-7.onnx,vnnlib/n04009552_projector_seg0_fixnonmask_k50176_eps_0.0001.vnnlib,1200,timeout False,-423.15435791015625,3.0,4280.560220718384,4298.151295661926,0.0,n04009552_projector,0.0,fix_nonmask,50176.0,0.0001,n04009552_projector_seg0_fixnonmask,False,0.0001,0.9409666061401368,"[0, 0, 223, 222]",136251.0,14277.0,150528.0,90.51538584183672
7718,onnx/vgg16-7.onnx,vnnlib/n04019541_puck_global_k50176_eps_0.0001.vnnlib,1200,sat True,,,,8.184601545333862,0.0,n04019541_puck,-1.0,global,50176.0,0.0001,n04019541_puck_global,True,0.0001,,,150528.0,0.0,150528.0,100.0
7722,onnx/vgg16-7.onnx,vnnlib/n04019541_puck_seg0_fixmask_k50176_eps_0.0001.vnnlib,1200,sat True,,,,8.115950107574463,0.0,n04019541_puck,0.0,fix_mask,50176.0,0.0001,n04019541_puck_seg0_fixmask,False,0.0001,0.6446295380592346,"[0, 0, 223, 223]",62790.0,87738.0,150528.0,41.713169642857146
7726,onnx/vgg16-7.onnx,vnnlib/n04019541_puck_seg0_fixnonmask_k50176_eps_0.0001.vnnlib,1200,sat True,,,,8.203581809997559,0.0,n04019541_puck,0.0,fix_nonmask,50176.0,0.0001,n04019541_puck_seg0_fixnonmask,False,0.0001,0.6446295380592346,"[0, 0, 223, 223]",87738.0,62790.0,150528.0,58.286830357142854
7742,onnx/vgg16-7.onnx,vnnlib/n04026417_purse_global_k50176_eps_0.0001.vnnlib,1200,timeout False,-680.5715942382812,3.0,4265.993766069412,4287.1190049648285,0.0,n04026417_purse,-1.0,global,50176.0,0.0001,n04026417_purse_global,True,0.0001,,,150528.0,0.0,150528.0,100.0
7746,onnx/vgg16-7.onnx,vnnlib/n04026417_purse_seg0_fixmask_k50176_eps_0.0001.vnnlib,1200,unsat False,0.1613581180572509,0.0,1203.7685978412628,1276.8817942142489,0.0,n04026417_purse,0.0,fix_mask,50176.0,0.0001,n04026417_purse_seg0_fixmask,False,0.0001,0.933651864528656,"[0, 2, 223, 219]",47238.0,103290.0,150528.0,31.38153698979592
7750,onnx/vgg16-7.onnx,vnnlib/n04026417_purse_seg0_fixnonmask_k50176_eps_0.0001.vnnlib,1200,timeout False,-1.2490613460540771,3.0,4356.368121147156,4429.57328414917,0.0,n04026417_purse,0.0,fix_nonmask,50176.0,0.0001,n04026417_purse_seg0_fixnonmask,False,0.0001,0.933651864528656,"[0, 2, 223, 219]",103290.0,47238.0,150528.0,68.61846301020408
7754,onnx/vgg16-7.onnx,vnnlib/n04033901_quill_global_k50176_eps_0.0001.vnnlib,1200,timeout False,-218.00762939453125,3.0,4615.375225305557,4668.938257694244,0.0,n04033901_quill,-1.0,global,50176.0,0.0001,n04033901_quill_global,True,0.0001,,,150528.0,0.0,150528.0,100.0
7758,onnx/vgg16-7.onnx,vnnlib/n04033901_quill_seg0_fixmask_k50176_eps_0.0001.vnnlib,1200,unsat False,0.0725980401039123,0.0,939.4589018821716,988.3690299987792,0.0,n04033901_quill,0.0,fix_mask,50176.0,0.0001,n04033901_quill_seg0_fixmask,False,0.0001,0.8938736319541931,"[0, 0, 223, 223]",3054.0,147474.0,150528.0,2.028858418367347
7762,onnx/vgg16-7.onnx,vnnlib/n04033901_quill_seg0_fixnonmask_k50176_eps_0.0001.vnnlib,1200,timeout False,-167.0196990966797,3.0,4555.105952501297,4621.413775205612,0.0,n04033901_quill,0.0,fix_nonmask,50176.0,0.0001,n04033901_quill_seg0_fixnonmask,False,0.0001,0.8938736319541931,"[0, 0, 223, 223]",147474.0,3054.0,150528.0,97.97114158163264
7766,onnx/vgg16-7.onnx,vnnlib/n04033995_quilt_global_k50176_eps_0.0001.vnnlib,1200,sat True,,,,54.16257691383362,0.0,n04033995_quilt,-1.0,global,50176.0,0.0001,n04033995_quilt_global,True,0.0001,,,150528.0,0.0,150528.0,100.0
7770,onnx/vgg16-7.onnx,vnnlib/n04033995_quilt_seg0_fixmask_k50176_eps_0.0001.vnnlib,1200,sat True,,,,54.55886912345886,0.0,n04033995_quilt,0.0,fix_mask,50176.0,0.0001,n04033995_quilt_seg0_fixmask,False,0.0001,0.7666217088699341,"[0, 0, 223, 223]",18588.0,131940.0,150528.0,12.348533163265309
7774,onnx/vgg16-7.onnx,vnnlib/n04033995_quilt_seg0_fixnonmask_k50176_eps_0.0001.vnnlib,1200,sat True,,,,54.20229697227478,0.0,n04033995_quilt,0.0,fix_nonmask,50176.0,0.0001,n04033995_quilt_seg0_fixnonmask,False,0.0001,0.7666217088699341,"[0, 0, 223, 223]",131940.0,18588.0,150528.0,87.6514668367347
8714,onnx/vgg16-7.onnx,vnnlib/n04371774_swing_global_k50176_eps_0.0001.vnnlib,1200,sat True,,,,9.726908206939695,0.0,n04371774_swing,-1.0,global,50176.0,0.0001,n04371774_swing_global,True,0.0001,,,150528.0,0.0,150528.0,100.0
8718,onnx/vgg16-7.onnx,vnnlib/n04371774_swing_seg0_fixmask_k50176_eps_0.0001.vnnlib,1200,sat True,,,,9.982632160186768,0.0,n04371774_swing,0.0,fix_mask,50176.0,0.0001,n04371774_swing_seg0_fixmask,False,0.0001,0.6904228925704956,"[0, 0, 223, 222]",39030.0,111498.0,150528.0,25.92873086734694
8722,onnx/vgg16-7.onnx,vnnlib/n04371774_swing_seg0_fixnonmask_k50176_eps_0.0001.vnnlib,1200,sat True,,,,9.793676614761353,0.0,n04371774_swing,0.0,fix_nonmask,50176.0,0.0001,n04371774_swing_seg0_fixnonmask,False,0.0001,0.6904228925704956,"[0, 0, 223, 222]",111498.0,39030.0,150528.0,74.07126913265306
8726,onnx/vgg16-7.onnx,vnnlib/n04372370_switch_global_k50176_eps_0.0001.vnnlib,1200,timeout False,-30.831701278686523,3.0,3537.6341745853424,3556.61749458313,0.0,n04372370_switch,-1.0,global,50176.0,0.0001,n04372370_switch_global,True,0.0001,,,150528.0,0.0,150528.0,100.0
8730,onnx/vgg16-7.onnx,vnnlib/n04372370_switch_seg0_fixmask_k50176_eps_0.0001.vnnlib,1200,unsat False,0.0536820888519287,0.0,800.8532648086548,822.5922381877899,0.0,n04372370_switch,0.0,fix_mask,50176.0,0.0001,n04372370_switch_seg0_fixmask,False,0.0001,0.80860435962677,"[0, 0, 223, 223]",22341.0,128187.0,150528.0,14.841757015306122
8734,onnx/vgg16-7.onnx,vnnlib/n04372370_switch_seg0_fixnonmask_k50176_eps_0.0001.vnnlib,1200,timeout False,-3.154294490814209,3.0,3282.335648059845,3305.209329366684,0.0,n04372370_switch,0.0,fix_nonmask,50176.0,0.0001,n04372370_switch_seg0_fixnonmask,False,0.0001,0.80860435962677,"[0, 0, 223, 223]",128187.0,22341.0,150528.0,85.15824298469387
8738,onnx/vgg16-7.onnx,vnnlib/n04376876_syringe_global_k50176_eps_0.0001.vnnlib,1200,unsat False,1.482917547225952,0.0,979.8961267471312,1002.3211469650269,0.0,n04376876_syringe,-1.0,global,50176.0,0.0001,n04376876_syringe_global,True,0.0001,,,150528.0,0.0,150528.0,100.0
8742,onnx/vgg16-7.onnx,vnnlib/n04376876_syringe_seg0_fixmask_k50176_eps_0.0001.vnnlib,1200,unsat False,1.739445686340332,0.0,907.5458288192748,926.677755832672,0.0,n04376876_syringe,0.0,fix_mask,50176.0,0.0001,n04376876_syringe_seg0_fixmask,False,0.0001,0.7617819905281067,"[0, 0, 223, 223]",62664.0,87864.0,150528.0,41.629464285714285
8746,onnx/vgg16-7.onnx,vnnlib/n04376876_syringe_seg0_fixnonmask_k50176_eps_0.0001.vnnlib,1200,unsat False,1.7224280834197998,0.0,915.4695961475372,934.3301491737366,0.0,n04376876_syringe,0.0,fix_nonmask,50176.0,0.0001,n04376876_syringe_seg0_fixnonmask,False,0.0001,0.7617819905281067,"[0, 0, 223, 223]",87864.0,62664.0,150528.0,58.370535714285715
8762,onnx/vgg16-7.onnx,vnnlib/n04389033_tank_global_k50176_eps_0.0001.vnnlib,1200,timeout False,-626.4382934570312,3.0,4137.953460931778,4155.4524121284485,0.0,n04389033_tank,-1.0,global,50176.0,0.0001,n04389033_tank_global,True,0.0001,,,150528.0,0.0,150528.0,100.0
8766,onnx/vgg16-7.onnx,vnnlib/n04389033_tank_seg0_fixmask_k50176_eps_0.0001.vnnlib,1200,unsat False,0.4413527846336365,0.0,1041.5579063892365,1059.0989935398102,0.0,n04389033_tank,0.0,fix_mask,50176.0,0.0001,n04389033_tank_seg0_fixmask,False,0.0001,0.8738492727279663,"[0, 0, 223, 205]",85872.0,64656.0,150528.0,57.047193877551024
8770,onnx/vgg16-7.onnx,vnnlib/n04389033_tank_seg0_fixnonmask_k50176_eps_0.0001.vnnlib,1200,unsat False,0.3901703357696533,0.0,1110.4065992832184,1127.965653181076,0.0,n04389033_tank,0.0,fix_nonmask,50176.0,0.0001,n04389033_tank_seg0_fixnonmask,False,0.0001,0.8738492727279663,"[0, 0, 223, 205]",64656.0,85872.0,150528.0,42.952806122448976
8786,onnx/vgg16-7.onnx,vnnlib/n04398044_teapot_global_k50176_eps_0.0001.vnnlib,1200,sat True,,,,54.45862698554993,0.0,n04398044_teapot,-1.0,global,50176.0,0.0001,n04398044_teapot_global,True,0.0001,,,150528.0,0.0,150528.0,100.0
8790,onnx/vgg16-7.onnx,vnnlib/n04398044_teapot_seg0_fixmask_k50176_eps_0.0001.vnnlib,1200,sat False,-inf,,7.346865653991699,55.82576012611389,0.0,n04398044_teapot,0.0,fix_mask,50176.0,0.0001,n04398044_teapot_seg0_fixmask,False,0.0001,0.8429878950119019,"[0, 0, 223, 223]",7524.0,143004.0,150528.0,4.998405612244898
8794,onnx/vgg16-7.onnx,vnnlib/n04398044_teapot_seg0_fixnonmask_k50176_eps_0.0001.vnnlib,1200,sat True,,,,54.311712980270386,0.0,n04398044_teapot,0.0,fix_nonmask,50176.0,0.0001,n04398044_teapot_seg0_fixnonmask,False,0.0001,0.8429878950119019,"[0, 0, 223, 223]",143004.0,7524.0,150528.0,95.0015943877551
8798,onnx/vgg16-7.onnx,vnnlib/n04399382_teddy_global_k50176_eps_0.0001.vnnlib,1200,sat True,,,,54.3829071521759,0.0,n04399382_teddy,-1.0,global,50176.0,0.0001,n04399382_teddy_global,True,0.0001,,,150528.0,0.0,150528.0,100.0
8802,onnx/vgg16-7.onnx,vnnlib/n04399382_teddy_seg0_fixmask_k50176_eps_0.0001.vnnlib,1200,sat True,,,,54.50824856758118,0.0,n04399382_teddy,0.0,fix_mask,50176.0,0.0001,n04399382_teddy_seg0_fixmask,False,0.0001,0.8993602991104126,"[0, 0, 223, 223]",63753.0,86775.0,150528.0,42.35291772959184
8806,onnx/vgg16-7.onnx,vnnlib/n04399382_teddy_seg0_fixnonmask_k50176_eps_0.0001.vnnlib,1200,sat True,,,,54.45251226425171,0.0,n04399382_teddy,0.0,fix_nonmask,50176.0,0.0001,n04399382_teddy_seg0_fixnonmask,False,0.0001,0.8993602991104126,"[0, 0, 223, 223]",86775.0,63753.0,150528.0,57.64708227040816
8822,onnx/vgg16-7.onnx,vnnlib/n04417672_thatch_global_k50176_eps_0.0001.vnnlib,1200,sat True,,,,54.73965096473694,0.0,n04417672_thatch,-1.0,global,50176.0,0.0001,n04417672_thatch_global,True,0.0001,,,150528.0,0.0,150528.0,100.0
8826,onnx/vgg16-7.onnx,vnnlib/n04417672_thatch_seg0_fixmask_k50176_eps_0.0001.vnnlib,1200,sat True,,,,54.808932065963745,0.0,n04417672_thatch,0.0,fix_mask,50176.0,0.0001,n04417672_thatch_seg0_fixmask,False,0.0001,0.7929847240447998,"[0, 0, 223, 223]",71946.0,78582.0,150528.0,47.79575892857143
8830,onnx/vgg16-7.onnx,vnnlib/n04417672_thatch_seg0_fixnonmask_k50176_eps_0.0001.vnnlib,1200,sat True,,,,54.29529285430908,0.0,n04417672_thatch,0.0,fix_nonmask,50176.0,0.0001,n04417672_thatch_seg0_fixnonmask,False,0.0001,0.7929847240447998,"[0, 0, 223, 223]",78582.0,71946.0,150528.0,52.20424107142857
9746,onnx/vgg16-7.onnx,vnnlib/n07718472_cucumber_global_k50176_eps_0.0001.vnnlib,1200,sat True,,,,54.18534708023071,0.0,n07718472_cucumber,-1.0,global,50176.0,0.0001,n07718472_cucumber_global,True,0.0001,,,150528.0,0.0,150528.0,100.0
9750,onnx/vgg16-7.onnx,vnnlib/n07718472_cucumber_seg0_fixmask_k50176_eps_0.0001.vnnlib,1200,sat True,,,,54.45547652244568,0.0,n07718472_cucumber,0.0,fix_mask,50176.0,0.0001,n07718472_cucumber_seg0_fixmask,False,0.0001,0.4546294510364532,"[0, 0, 223, 223]",106320.0,44208.0,150528.0,70.6313775510204
9754,onnx/vgg16-7.onnx,vnnlib/n07718472_cucumber_seg0_fixnonmask_k50176_eps_0.0001.vnnlib,1200,sat True,,,,54.70854711532593,0.0,n07718472_cucumber,0.0,fix_nonmask,50176.0,0.0001,n07718472_cucumber_seg0_fixnonmask,False,0.0001,0.4546294510364532,"[0, 0, 223, 223]",44208.0,106320.0,150528.0,29.368622448979593
9758,onnx/vgg16-7.onnx,vnnlib/n07718747_artichoke_global_k50176_eps_0.0001.vnnlib,1200,sat True,,,,54.81725740432739,0.0,n07718747_artichoke,-1.0,global,50176.0,0.0001,n07718747_artichoke_global,True,0.0001,,,150528.0,0.0,150528.0,100.0
9762,onnx/vgg16-7.onnx,vnnlib/n07718747_artichoke_seg0_fixmask_k50176_eps_0.0001.vnnlib,1200,sat True,,,,54.64683532714844,0.0,n07718747_artichoke,0.0,fix_mask,50176.0,0.0001,n07718747_artichoke_seg0_fixmask,False,0.0001,0.7821097373962402,"[0, 0, 223, 223]",34308.0,116220.0,150528.0,22.791772959183675
9766,onnx/vgg16-7.onnx,vnnlib/n07718747_artichoke_seg0_fixnonmask_k50176_eps_0.0001.vnnlib,1200,sat True,,,,54.85271453857422,0.0,n07718747_artichoke,0.0,fix_nonmask,50176.0,0.0001,n07718747_artichoke_seg0_fixnonmask,False,0.0001,0.7821097373962402,"[0, 0, 223, 223]",116220.0,34308.0,150528.0,77.20822704081633
